{
  "clr_ridge_balanced": {
    "alpha": 0.1,
    "n_params": 39,
    "phase_weights": {
      "phase_0": {
        "dolma3_arxiv": 0.016110969626968782,
        "dolma3_cc/art_and_design_high": 0.012043136604736496,
        "dolma3_cc/art_and_design_low": 0.07678779328545689,
        "dolma3_cc/crime_and_law_high": 0.0014699332076483804,
        "dolma3_cc/crime_and_law_low": 0.012073193453134231,
        "dolma3_cc/education_and_jobs_high": 0.04265549732293594,
        "dolma3_cc/education_and_jobs_low": 0.012272858368699074,
        "dolma3_cc/electronics_and_hardware_high": 0.10605436717605848,
        "dolma3_cc/electronics_and_hardware_low": 0.015107506098217992,
        "dolma3_cc/entertainment_high": 0.004942928804690667,
        "dolma3_cc/entertainment_low": 0.017816501989143394,
        "dolma3_cc/finance_and_business_high": 0.028202778399787166,
        "dolma3_cc/finance_and_business_low": 0.13945952097171901,
        "dolma3_cc/food_and_dining_high": 0.04247130897790281,
        "dolma3_cc/food_and_dining_low": 0.009535360461726813,
        "dolma3_cc/games_high": 0.042458165622503756,
        "dolma3_cc/games_low": 0.03010858096024623,
        "dolma3_cc/health_high": 0.005716595831557208,
        "dolma3_cc/health_low": 0.033337840768742105,
        "dolma3_cc/history_and_geography_high": 0.004632402510003959,
        "dolma3_cc/history_and_geography_low": 0.016725899939816616,
        "dolma3_cc/industrial_high": 0.023776416847682568,
        "dolma3_cc/industrial_low": 0.008224100861508238,
        "dolma3_cc/literature_high": 0.0026454274415448928,
        "dolma3_cc/literature_low": 0.01570878162005215,
        "dolma3_cc/science_math_and_technology_high": 0.00022261448216462801,
        "dolma3_cc/science_math_and_technology_low": 0.05494400198856809,
        "dolma3_finemath_3plus": 2.639349976336984e-05,
        "dolma3_stack_edu": 0.014666786143313158,
        "dolma3_wikipedia": 0.00019723398420686217,
        "dolmino_common_crawl_hq": 0.012939003789429014,
        "dolmino_olmocr_pdfs_hq": 0.01931491569169261,
        "dolmino_stack_edu_fim": 0.0925871299761266,
        "dolmino_stem_heavy_crawl": 0.0019218920648949884,
        "dolmino_synth_code": 0.003452546938979953,
        "dolmino_synth_instruction": 0.025476715453833856,
        "dolmino_synth_math": 0.018946212290077234,
        "dolmino_synth_qa": 0.0031311117145756562,
        "dolmino_synth_thinking": 0.03183557482988999
      },
      "phase_1": {
        "dolma3_arxiv": 0.002551397847488471,
        "dolma3_cc/art_and_design_high": 0.00605376486727556,
        "dolma3_cc/art_and_design_low": 0.005849389259579582,
        "dolma3_cc/crime_and_law_high": 0.016063342105865647,
        "dolma3_cc/crime_and_law_low": 0.024845515446574814,
        "dolma3_cc/education_and_jobs_high": 0.062659216960253,
        "dolma3_cc/education_and_jobs_low": 0.007258795578053441,
        "dolma3_cc/electronics_and_hardware_high": 0.029476834301231863,
        "dolma3_cc/electronics_and_hardware_low": 0.007373447650567422,
        "dolma3_cc/entertainment_high": 0.008152968214944283,
        "dolma3_cc/entertainment_low": 0.01851314090043461,
        "dolma3_cc/finance_and_business_high": 0.03064765500218002,
        "dolma3_cc/finance_and_business_low": 0.10255435229011531,
        "dolma3_cc/food_and_dining_high": 0.028732855710603106,
        "dolma3_cc/food_and_dining_low": 0.026577914720986317,
        "dolma3_cc/games_high": 0.0019944628891418008,
        "dolma3_cc/games_low": 0.11064467780247451,
        "dolma3_cc/health_high": 0.0009334380200021566,
        "dolma3_cc/health_low": 0.01254876696322752,
        "dolma3_cc/history_and_geography_high": 0.0005618301787600988,
        "dolma3_cc/history_and_geography_low": 0.0774985234835298,
        "dolma3_cc/industrial_high": 0.06601479753549891,
        "dolma3_cc/industrial_low": 0.0077002952671631104,
        "dolma3_cc/literature_high": 0.0019326706011435271,
        "dolma3_cc/literature_low": 8.938068530458215e-05,
        "dolma3_cc/science_math_and_technology_high": 0.052195498010118364,
        "dolma3_cc/science_math_and_technology_low": 0.015077680505932011,
        "dolma3_finemath_3plus": 0.028826306643209038,
        "dolma3_stack_edu": 0.006691441924113333,
        "dolma3_wikipedia": 0.0052684554805069285,
        "dolmino_common_crawl_hq": 0.005224048750996295,
        "dolmino_olmocr_pdfs_hq": 0.01739379154053612,
        "dolmino_stack_edu_fim": 0.020967344749037196,
        "dolmino_stem_heavy_crawl": 0.0007604736974548894,
        "dolmino_synth_code": 0.004792470368940656,
        "dolmino_synth_instruction": 0.051144169655805795,
        "dolmino_synth_math": 0.0021601769168695605,
        "dolmino_synth_qa": 0.12116778983781851,
        "dolmino_synth_thinking": 0.01110091763626214
      }
    },
    "predicted_bpb": 2.159002632830922
  },
  "dsre_ceq_st_lite": {
    "n_params": 84,
    "phase_weights": {
      "phase_0": {
        "dolma3_arxiv": 0.04950921846863256,
        "dolma3_cc/art_and_design_high": 0.07818867664517824,
        "dolma3_cc/art_and_design_low": 0.027967218855361083,
        "dolma3_cc/crime_and_law_high": 0.0025954336510747903,
        "dolma3_cc/crime_and_law_low": 0.0390833853947253,
        "dolma3_cc/education_and_jobs_high": 0.01588233699001266,
        "dolma3_cc/education_and_jobs_low": 0.05700394663067241,
        "dolma3_cc/electronics_and_hardware_high": 0.0021870428700739688,
        "dolma3_cc/electronics_and_hardware_low": 0.0015196132062912664,
        "dolma3_cc/entertainment_high": 0.00026696642550826224,
        "dolma3_cc/entertainment_low": 0.09003360647689454,
        "dolma3_cc/finance_and_business_high": 0.018604224758069637,
        "dolma3_cc/finance_and_business_low": 0.010972758592046503,
        "dolma3_cc/food_and_dining_high": 0.04626708584372461,
        "dolma3_cc/food_and_dining_low": 0.03071678505810646,
        "dolma3_cc/games_high": 0.019191510256023423,
        "dolma3_cc/games_low": 0.02403149890112393,
        "dolma3_cc/health_high": 0.0126308048600008,
        "dolma3_cc/health_low": 0.00012735673926649288,
        "dolma3_cc/history_and_geography_high": 0.045109448776638875,
        "dolma3_cc/history_and_geography_low": 0.013155159451797335,
        "dolma3_cc/industrial_high": 0.013496413044218685,
        "dolma3_cc/industrial_low": 0.016192971447220348,
        "dolma3_cc/literature_high": 0.019521721311564686,
        "dolma3_cc/literature_low": 0.013140853343014737,
        "dolma3_cc/science_math_and_technology_high": 0.12256247046186614,
        "dolma3_cc/science_math_and_technology_low": 0.009624778949799602,
        "dolma3_finemath_3plus": 0.0041121647910665315,
        "dolma3_stack_edu": 0.019088498306011108,
        "dolma3_wikipedia": 0.02086184786958541,
        "dolmino_common_crawl_hq": 0.005619886874609427,
        "dolmino_olmocr_pdfs_hq": 0.04335525198842022,
        "dolmino_stack_edu_fim": 0.005225816661759449,
        "dolmino_stem_heavy_crawl": 0.05642925797414623,
        "dolmino_synth_code": 0.05523864596383082,
        "dolmino_synth_instruction": 0.004387505298737568,
        "dolmino_synth_math": 0.0003786961907536121,
        "dolmino_synth_qa": 0.00017626155068722196,
        "dolmino_synth_thinking": 0.0055428791214854395
      },
      "phase_1": {
        "dolma3_arxiv": 0.014310790079416033,
        "dolma3_cc/art_and_design_high": 0.013909492797116148,
        "dolma3_cc/art_and_design_low": 0.04488603360057751,
        "dolma3_cc/crime_and_law_high": 0.011974409496579796,
        "dolma3_cc/crime_and_law_low": 0.04195801909713806,
        "dolma3_cc/education_and_jobs_high": 0.002140461372791925,
        "dolma3_cc/education_and_jobs_low": 0.003691626503391554,
        "dolma3_cc/electronics_and_hardware_high": 0.0716831111605106,
        "dolma3_cc/electronics_and_hardware_low": 0.021500277466233064,
        "dolma3_cc/entertainment_high": 0.03778416192040764,