{
  "lambda": 1.0,
  "mean_candidate": {
    "objective": 2.1690644225664526,
    "phase_weights": {
      "phase_0": {
        "dolma3_arxiv": 0.004013641750414313,
        "dolma3_cc/art_and_design_high": 0.017533963132702803,
        "dolma3_cc/art_and_design_low": 0.006085431802501305,
        "dolma3_cc/crime_and_law_high": 0.04273700405353143,
        "dolma3_cc/crime_and_law_low": 0.006244303215766056,
        "dolma3_cc/education_and_jobs_high": 0.0046700028787273196,
        "dolma3_cc/education_and_jobs_low": 0.09735118979370629,
        "dolma3_cc/electronics_and_hardware_high": 0.014596893213362619,
        "dolma3_cc/electronics_and_hardware_low": 0.006390195483684013,
        "dolma3_cc/entertainment_high": 0.003641754307245753,
        "dolma3_cc/entertainment_low": 0.036413326003657154,
        "dolma3_cc/finance_and_business_high": 0.11183280029026228,
        "dolma3_cc/finance_and_business_low": 0.06760820937254988,
        "dolma3_cc/food_and_dining_high": 0.004903084840926336,
        "dolma3_cc/food_and_dining_low": 0.03131621874941019,
        "dolma3_cc/games_high": 0.04067922517963312,
        "dolma3_cc/games_low": 0.02107036430990453,
        "dolma3_cc/health_high": 0.0014205339173084307,
        "dolma3_cc/health_low": 0.006057144006296581,
        "dolma3_cc/history_and_geography_high": 0.018394245879459443,
        "dolma3_cc/history_and_geography_low": 0.02797297346505727,
        "dolma3_cc/industrial_high": 0.012044737067267525,
        "dolma3_cc/industrial_low": 0.004077193697491932,
        "dolma3_cc/literature_high": 0.03713359108513515,
        "dolma3_cc/literature_low": 0.019988509575909388,
        "dolma3_cc/science_math_and_technology_high": 0.01844101230129599,
        "dolma3_cc/science_math_and_technology_low": 0.061361600330161525,
        "dolma3_finemath_3plus": 0.04174440490881157,
        "dolma3_stack_edu": 0.04058442687040866,
        "dolma3_wikipedia": 0.027972386817775204,
        "dolmino_common_crawl_hq": 0.06150456527509199,
        "dolmino_olmocr_pdfs_hq": 0.0025438159867866702,
        "dolmino_stack_edu_fim": 0.03470468158659551,
        "dolmino_stem_heavy_crawl": 0.002773100122068279,
        "dolmino_synth_code": 0.015030247520684702,
        "dolmino_synth_instruction": 0.016233279056883942,
        "dolmino_synth_math": 0.005194024666955564,
        "dolmino_synth_qa": 0.0033529209839692274,
        "dolmino_synth_thinking": 0.024382996500599826
      },
      "phase_1": {
        "dolma3_arxiv": 0.010648652645678429,
        "dolma3_cc/art_and_design_high": 0.024635925102769258,
        "dolma3_cc/art_and_design_low": 0.016422859515668662,
        "dolma3_cc/crime_and_law_high": 0.022660099117076036,
        "dolma3_cc/crime_and_law_low": 0.050289019235673846,
        "dolma3_cc/education_and_jobs_high": 0.018874534921743433,
        "dolma3_cc/education_and_jobs_low": 0.012718948826070574,
        "dolma3_cc/electronics_and_hardware_high": 0.04774773526165035,
        "dolma3_cc/electronics_and_hardware_low": 0.005349156991691474,
        "dolma3_cc/entertainment_high": 0.019266702977726216,
        "dolma3_cc/entertainment_low": 0.010458806671226895,
        "dolma3_cc/finance_and_business_high": 0.0583603393037077,
        "dolma3_cc/finance_and_business_low": 0.004102262913314872,
        "dolma3_cc/food_and_dining_high": 0.03897937515065846,
        "dolma3_cc/food_and_dining_low": 0.007610538520660935,
        "dolma3_cc/games_high": 0.004077422042175033,
        "dolma3_cc/games_low": 0.010772312501731421,
        "dolma3_cc/health_high": 0.01221567398280182,
        "dolma3_cc/health_low": 0.06448634041969685,
        "dolma3_cc/history_and_geography_high": 0.0006873512031539332,
        "dolma3_cc/history_and_geography_low": 0.023205690668973843,
        "dolma3_cc/industrial_high": 0.05829587781185945,
        "dolma3_cc/industrial_low": 0.04182688835942211,
        "dolma3_cc/literature_high": 0.028253886453307665,
        "dolma3_cc/literature_low": 0.00871565187940575,
        "dolma3_cc/science_math_and_technology_high": 0.03511193235738545,
        "dolma3_cc/science_math_and_technology_low": 0.034716906705518136,
        "dolma3_finemath_3plus": 0.001231215379649482,
        "dolma3_stack_edu": 0.010659633241825336,
        "dolma3_wikipedia": 0.04903353521522787,
        "dolmino_common_crawl_hq": 0.024425828799045333,
        "dolmino_olmocr_pdfs_hq": 0.04547057080826008,
        "dolmino_stack_edu_fim": 0.030512964515140704,
        "dolmino_stem_heavy_crawl": 0.006670687510438433,
        "dolmino_synth_code": 0.013939504738533486,
        "dolmino_synth_instruction": 0.017450933511536156,
        "dolmino_synth_math": 0.004413173385618474,
        "dolmino_synth_qa": 0.11552762617404454,
        "dolmino_synth_thinking": 0.010173435179931458
      }
    },
    "predicted_bpb_mean": 2.152294733659482,
    "predicted_bpb_std": 0.016769688906970757
  },
  "n_candidates": 65536,
  "n_seeds": 8,
  "robust_candidate": {
    "objective": 2.1690644225664526,
    "phase_weights": {
      "phase_0": {
        "dolma3_arxiv": 0.004013641750414313,
        "dolma3_cc/art_and_design_high": 0.017533963132702803,
        "dolma3_cc/art_and_design_low": 0.006085431802501305,
        "dolma3_cc/crime_and_law_high": 0.04273700405353143,
        "dolma3_cc/crime_and_law_low": 0.006244303215766056,
        "dolma3_cc/education_and_jobs_high": 0.0046700028787273196,
        "dolma3_cc/education_and_jobs_low": 0.09735118979370629,
        "dolma3_cc/electronics_and_hardware_high": 0.014596893213362619,
        "dolma3_cc/electronics_and_hardware_low": 0.006390195483684013,
        "dolma3_cc/entertainment_high": 0.003641754307245753,
        "dolma3_cc/entertainment_low": 0.036413326003657154,
        "dolma3_cc/finance_and_business_high": 0.11183280029026228,
        "dolma3_cc/finance_and_business_low": 0.06760820937254988,
        "dolma3_cc/food_and_dining_high": 0.004903084840926336,
        "dolma3_cc/food_and_dining_low": 0.03131621874941019,
        "dolma3_cc/games_high": 0.04067922517963312,
        "dolma3_cc/games_low": 0.02107036430990453,
        "dolma3_cc/health_high": 0.0014205339173084307,
        "dolma3_cc/health_low": 0.006057144006296581,
        "dolma3_cc/history_and_geography_high": 0.018394245879459443,
        "dolma3_cc/history_and_geography_low": 0.02797297346505727,
        "dolma3_cc/industrial_high": 0.012044737067267525,
        "dolma3_cc/industrial_low": 0.004077193697491932,
        "dolma3_cc/literature_high": 0.03713359108513515,
        "dolma3_cc/literature_low": 0.019988509575909388,
        "dolma3_cc/science_math_and_technology_high": 0.01844101230129599,
        "dolma3_cc/science_math_and_technology_low": 0.061361600330161525,
        "dolma3_finemath_3plus": 0.04174440490881157,
        "dolma3_stack_edu": 0.04058442687040866,
        "dolma3_wikipedia": 0.027972386817775204,
        "dolmino_common_crawl_hq": 0.06150456527509199,
        "dolmino_olmocr_pdfs_hq": 0.0025438159867866702,
        "dolmino_stack_edu_fim": 0.03470468158659551,
        "dolmino_stem_heavy_crawl": 0.002773100122068279,
        "dolmino_synth_code": 0.015030247520684702,
        "dolmino_synth_instruction": 0.016233279056883942,
        "dolmino_synth_math": 0.005194024666955564,
        "dolmino_synth_qa": 0.0033529209839692274,
        "dolmino_synth_thinking": 0.024382996500599826
      },
      "phase_1": {
        "dolma3_arxiv": 0.010648652645678429,
        "dolma3_cc/art_and_design_high": 0.024635925102769258,
        "dolma3_cc/art_and_design_low": 0.016422859515668662,
        "dolma3_cc/crime_and_law_high": 0.022660099117076036,
        "dolma3_cc/crime_and_law_low": 0.050289019235673846,
        "dolma3_cc/education_and_jobs_high": 0.018874534921743433,
        "dolma3_cc/education_and_jobs_low": 0.012718948826070574,
        "dolma3_cc/electronics_and_hardware_high": 0.04774773526165035,