{"150m4k-209Mx16-dclm-cos-lr0.0030-wd0.80": {"1": {"arc_easy": {"acc": 0.4128787878787879, "acc_stderr": 0.010102837421104665}, "piqa": {"acc": 0.6017410228509249, "acc_stderr": 0.011421759697788993}, "sciq": {"acc": 0.639, "acc_stderr": 0.01519572011817511}}}, "300m4k-209Mx16-dclm-cos-lr0.0030-wd1.60": {"1": {"arc_easy": {"acc": 0.44276094276094274, "acc_stderr": 0.010192333348394454}, "piqa": {"acc": 0.6180631120783461, "acc_stderr": 0.011335942557505224}, "sciq": {"acc": 0.691, "acc_stderr": 0.01461960097720649}}}, "600m4k-209Mx8-dclm-cos-lr0.0010-wd3.20": {"1": {"arc_easy": {"acc": 0.47095959595959597, "acc_stderr": 0.010242463826395614}, "piqa": {"acc": 0.6305767138193689, "acc_stderr": 0.011260988628572331}, "sciq": {"acc": 0.697, "acc_stderr": 0.014539683710535248}}}, "1_4b4k-209Mx8-dclm-cos-lr0.0010-wd3.20": {"1": {"arc_easy": {"acc": 0.45664983164983164, "acc_stderr": 0.010221149650118189}, "piqa": {"acc": 0.6381936887921654, "acc_stderr": 0.011211397313020371}, "sciq": {"acc": 0.727, "acc_stderr": 0.014095022868717595}}}, "150m4k-209Mx32-dclm-cos-lr0.0030-wd0.40": {"1": {"arc_easy": {"acc": 0.42845117845117847, "acc_stderr": 0.010154195733990967}, "piqa": {"acc": 0.6088139281828074, "acc_stderr": 0.011386215606728705}, "sciq": {"acc": 0.649, "acc_stderr": 0.015100563798316407}}, "2": {"arc_easy": {"acc": 0.44612794612794615, "acc_stderr": 0.010200057828765008}, "piqa": {"acc": 0.6202393906420022, "acc_stderr": 0.01132348350471584}, "sciq": {"acc": 0.658, "acc_stderr": 0.015008706182121734}}, "3": {"arc_easy": {"acc": 0.44907407407407407, "acc_stderr": 0.010206428316323367}, "piqa": {"acc": 0.6207834602829162, "acc_stderr": 0.011320331012905076}, "sciq": {"acc": 0.683, "acc_stderr": 0.014721675438880217}}, "4": {"arc_easy": {"acc": 0.4583333333333333, "acc_stderr": 0.010224097209176589}, "piqa": {"acc": 0.6218715995647442, "acc_stderr": 0.011313980666854535}, "sciq": {"acc": 0.692, "acc_stderr": 0.01460648312734276}}, "5": {"arc_easy": {"acc": 0.45496632996632996, "acc_stderr": 0.010218084454602601}, "piqa": {"acc": 0.6229597388465724, "acc_stderr": 0.011307569752543899}, "sciq": {"acc": 0.704, "acc_stderr": 0.014442734941575023}}}, "300m4k-209Mx32-dclm-cos-lr0.0030-wd0.80": {"1": {"arc_easy": {"acc": 0.4436026936026936, "acc_stderr": 0.010194308914521126}, "piqa": {"acc": 0.6294885745375408, "acc_stderr": 0.011267826475447664}, "sciq": {"acc": 0.681, "acc_stderr": 0.014746404865473477}}, "2": {"arc_easy": {"acc": 0.4671717171717172, "acc_stderr": 0.010237645778853867}, "piqa": {"acc": 0.6387377584330794, "acc_stderr": 0.011207738849429646}, "sciq": {"acc": 0.707, "acc_stderr": 0.014399942998441275}}, "3": {"arc_easy": {"acc": 0.47769360269360267, "acc_stderr": 0.010249568404555662}, "piqa": {"acc": 0.6474428726877041, "acc_stderr": 0.011147074365010461}, "sciq": {"acc": 0.729, "acc_stderr": 0.014062601350986182}}, "4": {"arc_easy": {"acc": 0.48358585858585856, "acc_stderr": 0.010254253565929305}, "piqa": {"acc": 0.6588683351468988, "acc_stderr": 0.011061289443962714}, "sciq": {"acc": 0.731, "acc_stderr": 0.014029819522568196}}, "5": {"arc_easy": {"acc": 0.49326599326599324, "acc_stderr": 0.010258852980991825}, "piqa": {"acc": 0.6566920565832427, "acc_stderr": 0.011078175207348833}, "sciq": {"acc": 0.74, "acc_stderr": 0.013877773329774164}}}, "600m4k-209Mx16-dclm-cos-lr0.0010-wd1.60": {"1": {"arc_easy": {"acc": 0.4591750841750842, "acc_stderr": 0.010225526906982613}, "piqa": {"acc": 0.6284004352557128, "acc_stderr": 0.011274603006724752}, "sciq": {"acc": 0.685, "acc_stderr": 0.014696631960792508}}, "2": {"arc_easy": {"acc": 0.47558922558922556, "acc_stderr": 0.010247548905242262}, "piqa": {"acc": 0.6403699673558215, "acc_stderr": 0.0111966699367526}, "sciq": {"acc": 0.718, "acc_stderr": 0.014236526215291352}}, "3": {"arc_easy": {"acc": 0.48442760942760943, "acc_stderr": 0.010254806331961897}, "piqa": {"acc": 0.6425462459194777, "acc_stderr": 0.011181692590867652}, "sciq": {"acc": 0.733, "acc_stderr": 0.013996674851796266}}, "4": {"arc_easy": {"acc": 0.4903198653198653, "acc_stderr": 0.010257860554461122}, "piqa": {"acc": 0.6479869423286181, "acc_stderr": 0.011143148953066092}, "sciq": {"acc": 0.737, "acc_stderr": 0.01392928659425973}}, "5": {"arc_easy": {"acc": 0.5033670033670034, "acc_stderr": 0.010259550893798932}, "piqa": {"acc": 0.6479869423286181, "acc_stderr": 0.011143148953066093}, "sciq": {"acc": 0.753, "acc_stderr": 0.013644675781314126}}}, "1_4b4k-209Mx16-dclm-cos-lr0.0010-wd1.60": {"1": {"arc_easy": {"acc": 0.4356060606060606, "acc_stderr": 0.010174341733665222}, "piqa": {"acc": 0.6420021762785637, "acc_stderr": 0.011185460416617304}, "sciq": {"acc": 0.688, "acc_stderr": 0.014658474370509008}}, "2": {"arc_easy": {"acc": 0.47264309764309764, "acc_stderr": 0.010244415164390534}, "piqa": {"acc": 0.6512513601741022, "acc_stderr": 0.011119263056159597}, "sciq": {"acc": 0.753, "acc_stderr": 0.013644675781314133}}, "3": {"arc_easy": {"acc": 0.49326599326599324, "acc_stderr": 0.010258852980991825}, "piqa": {"acc": 0.6539717083786725, "acc_stderr": 0.011098919626957377}, "sciq": {"acc": 0.765, "acc_stderr": 0.013414729030247126}}, "4": {"arc_easy": {"acc": 0.48863636363636365, "acc_stderr": 0.010257133441117106}, "piqa": {"acc": 0.6637649619151251, "acc_stderr": 0.011022346708970236}, "sciq": {"acc": 0.778, "acc_stderr": 0.013148721948877364}}, "5": {"arc_easy": {"acc": 0.4970538720538721, "acc_stderr": 0.010259605416237575}, "piqa": {"acc": 0.6637649619151251, "acc_stderr": 0.011022346708970232}, "sciq": {"acc": 0.771, "acc_stderr": 0.013294199326613604}}}}