{"distill-8ens": {"arc_easy": {"acc": 0.48442760942760943, "acc_stderr": 0.010254806331961897}, "piqa": {"acc": 0.6284004352557128, "acc_stderr": 0.01127460300672475}, "sciq": {"acc": 0.753, "acc_stderr": 0.013644675781314133}}, "self-distill": {"arc_easy": {"acc": 0.46675084175084175, "acc_stderr": 0.010237073872130744}, "piqa": {"acc": 0.6235038084874864, "acc_stderr": 0.011304341550126726}, "sciq": {"acc": 0.726, "acc_stderr": 0.014111099288259587}}}
