{"300m4k-209Mx1-dclm-cos-lr0.0030-wd0.10": {"1": {"arc_easy": {"acc": 0.26641414141414144, "acc_stderr": 0.009071357971078687}, "piqa": {"acc": 0.5408052230685527, "acc_stderr": 0.011626910523588566}, "sciq": {"acc": 0.233, "acc_stderr": 0.013374972519220065}}}, "300m4k-209Mx2-dclm-cos-lr0.0030-wd0.10": {"1": {"arc_easy": {"acc": 0.30134680134680136, "acc_stderr": 0.00941525987935162}, "piqa": {"acc": 0.545157780195865, "acc_stderr": 0.011618148261187403}, "sciq": {"acc": 0.31, "acc_stderr": 0.014632638658632905}}}, "300m4k-209Mx4-dclm-cos-lr0.0030-wd0.10": {"1": {"arc_easy": {"acc": 0.36069023569023567, "acc_stderr": 0.009853512108416737}, "piqa": {"acc": 0.5821545157780196, "acc_stderr": 0.01150727292533563}, "sciq": {"acc": 0.507, "acc_stderr": 0.015817749561843567}}}, "300m4k-209Mx8-dclm-cos-lr0.0030-wd0.10": {"1": {"arc_easy": {"acc": 0.4095117845117845, "acc_stderr": 0.01009036816099006}, "piqa": {"acc": 0.6066376496191512, "acc_stderr": 0.011397418546689127}, "sciq": {"acc": 0.6, "acc_stderr": 0.015499685165842597}}}, "300m4k-209Mx16-dclm-cos-lr0.0030-wd0.10": {"1": {"arc_easy": {"acc": 0.4305555555555556, "acc_stderr": 0.010160345396860075}, "piqa": {"acc": 0.6126224156692056, "acc_stderr": 0.011366038083435908}, "sciq": {"acc": 0.62, "acc_stderr": 0.015356947477797584}}}, "300m4k-209Mx32-dclm-cos-lr0.0030-wd0.10": {"1": {"arc_easy": {"acc": 0.4048821548821549, "acc_stderr": 0.010072423960395701}, "piqa": {"acc": 0.5897714907508161, "acc_stderr": 0.01147625603635911}, "sciq": {"acc": 0.627, "acc_stderr": 0.015300493622922809}}}, "300m4k-209Mx64-dclm-cos-lr0.0030-wd0.10": {"1": {"arc_easy": {"acc": 0.4116161616161616, "acc_stderr": 0.01009821864671491}, "piqa": {"acc": 0.602829162132753, "acc_stderr": 0.011416453840790269}, "sciq": {"acc": 0.586, "acc_stderr": 0.015583544104177536}}}, "300m4k-209Mx128-dclm-cos-lr0.0030-wd0.10": {"1": {"arc_easy": {"acc": 0.39814814814814814, "acc_stderr": 0.010044662374653398}, "piqa": {"acc": 0.6039173014145811, "acc_stderr": 0.011411089031912477}, "sciq": {"acc": 0.599, "acc_stderr": 0.015506109745498337}}}, "300m4k-209Mx1-dclm-cos-lr0.0030-wd1.60": {"1": {"arc_easy": {"acc": 0.30176767676767674, "acc_stderr": 0.009418994158522527}, "piqa": {"acc": 0.5511425462459195, "acc_stderr": 0.011604638382510175}, "sciq": {"acc": 0.279, "acc_stderr": 0.014190150117612035}}}, "300m4k-209Mx2-dclm-cos-lr0.0030-wd1.60": {"1": {"arc_easy": {"acc": 0.36069023569023567, "acc_stderr": 0.009853512108416743}, "piqa": {"acc": 0.5750816104461371, "acc_stderr": 0.011533547946654775}, "sciq": {"acc": 0.501, "acc_stderr": 0.015819268290576827}}}, "300m4k-209Mx4-dclm-cos-lr0.0030-wd1.60": {"1": {"arc_easy": {"acc": 0.406986531986532, "acc_stderr": 0.01008069535546661}, "piqa": {"acc": 0.5984766050054406, "acc_stderr": 0.011437324373397848}, "sciq": {"acc": 0.628, "acc_stderr": 0.015292149942040577}}}, "300m4k-209Mx8-dclm-cos-lr0.0030-wd1.60": {"1": {"arc_easy": {"acc": 0.42845117845117847, "acc_stderr": 0.010154195733990963}, "piqa": {"acc": 0.6131664853101197, "acc_stderr": 0.01136309593190285}, "sciq": {"acc": 0.664, "acc_stderr": 0.014944140233795021}}}, "300m4k-209Mx16-dclm-cos-lr0.0030-wd1.60": {"1": {"arc_easy": {"acc": 0.4414983164983165, "acc_stderr": 0.010189314382749929}, "piqa": {"acc": 0.6267682263329706, "acc_stderr": 0.011284653078254898}, "sciq": {"acc": 0.666, "acc_stderr": 0.01492201952373296}}}, "300m4k-209Mx32-dclm-cos-lr0.0030-wd1.60": {"1": {"arc_easy": {"acc": 0.4494949494949495, "acc_stderr": 0.01020730883391604}, "piqa": {"acc": 0.6180631120783461, "acc_stderr": 0.011335942557505226}, "sciq": {"acc": 0.692, "acc_stderr": 0.014606483127342758}}}, "300m4k-209Mx64-dclm-cos-lr0.0030-wd1.60": {"1": {"arc_easy": {"acc": 0.43476430976430974, "acc_stderr": 0.010172083670402789}, "piqa": {"acc": 0.6224156692056583, "acc_stderr": 0.011310782787145776}, "sciq": {"acc": 0.659, "acc_stderr": 0.014998131348402716}}}, "300m4k-209Mx128-dclm-cos-lr0.0030-wd1.60": {"1": {"arc_easy": {"acc": 0.4372895622895623, "acc_stderr": 0.010178768429321602}, "piqa": {"acc": 0.6120783460282916, "acc_stderr": 0.011368965300027387}, "sciq": {"acc": 0.651, "acc_stderr": 0.015080663991563093}}}}