{
  "variant": "dsp_saturation_only_penalty_nnls",
  "params": {
    "rho": [
      0.06308374505954686,
      1.072209802432842,
      0.9255172427752684,
      0.658220394639834,
      0.9806152487896668,
      1.017067089663869,
      1.0,
      0.9948777677089906,
      1.3548821505374302,
      0.9691427092469356,
      0.5295679809270729,
      1.9591751748532564,
      1.0181898139710306,
      1.0103401998291752,
      1.0,
      1.113478664083982,
      1.0,
      0.3727512415916133,
      0.9997528877655374,
      0.8744800586916078,
      0.5708356259072971,
      0.7123186181021429,
      0.6705349554649487,
      0.1501167486220996,
      1.2628654003628241,
      0.08122239825161177,
      0.15995807760207512,
      0.5348762902732533,
      0.2004354751491023,
      0.02235336503409111,
      1.179906746337079,
      0.06808741571289557,
      0.4251085915211715,
      0.08661872892213189,
      0.22365914638251086,
      0.29121184827937757,
      0.12843940420893782,
      0.27282180260429933,
      0.6181572215750749
    ],
    "tau": [
      3.6533625353266146,
      1.6831998082400235,
      2.3832602697828777,
      1.0879697297080362,
      2.142318962800147,
      1.2254157846639298,
      1.6449416754092945,
      1.5672914346793032,
      2.021373603172376,
      0.9941345568777529,
      1.3685030018098985,
      0.9132221964714875,
      1.167587551914468,
      1.4147299117699614,
      1.9636192126984462,
      1.2900229289324119,
      1.4283761784694697,
      0.8584390211430738,
      1.4254636228862476,
      1.7428237418826074,
      2.726355586658863,
      2.00463210826751,
      2.0065543242405597,
      1.2834371171492582,
      2.004575174686165,
      0.5592141943072971,
      2.0814026556725445,
      2.7514693989295087,
      1.7100815116770007,
      2.749228005869439,
      0.721606782804138,
      1.2254590777024104,
      1.5047700076921353,
      2.3113788960597113,
      4.21325113645625,
      4.200057218550937,
      3.435660344517618,
      0.639002661499229,
      2.4824186317162042
    ],
    "gamma_saturation": 8.932156987913777
  },
  "intercept": 1.1724973565757324,
  "benefit_coef": [
    0.010457476175222205,
    0.0,
    0.0,
    0.002678105705752618,
    0.00670707928861771,
    0.0,
    0.0,
    0.0,
    0.006211015733895126,
    0.002485920700676723,
    0.0028908001608867733,
    0.006804922306616295,
    0.0022622808010892732,
    0.0,
    0.0,
    0.0029627236342110483,
    0.0,
    0.006049850276835659,
    0.0,
    0.003285195062908031,
    0.0,
    0.006824690248421678,
    0.0,
    0.02328067815844892,
    0.0,
    0.03398002725096048,
    0.015883933146647742,
    0.0,
    0.04608378600108763,
    0.0,
    0.01163671916582504,
    0.04105376544127339,
    0.04148284275271482,
    0.004160472374734741,
    0.029968221271248714,
    0.004165551979520074,
    0.0050003481843376415,
    0.03036757214038846,
    0.0
  ],
  "penalty_coef": [
    0.04694492383121063,
    0.0030443343288223466,
    0.007816994113690483,
    0.005267776143381883,
    0.013622313430108177,
    0.006589665354333772,
    0.018642041472216653,
    0.004725735826390081,
    0.005109957173445606,
    0.0008193895018795712,
    0.007166199670108923,
    0.02807188647802985,
    0.014579504367736537,
    0.0031263659340672392,
    0.011210992323239835,
    0.007507221347307367,
    0.00667289137735111,
    0.011114490175298494,
    0.013467357953504533,
    0.006005334558470309,
    0.014599814515801193,
    0.010277677876745276,
    0.006728967086952117,
    0.021824721866512225,
    0.011412541865475979,
    0.006939604372196877,
    0.03620597145109107,
    0.013137961805600102,
    0.0016898689030922045,
    0.003639340637758792,
    0.051274989123527015,
    0.0035423431450978724,
    0.009225269224156958,
    0.004066539740128431,
    0.12961805769309376,
    0.11684084568247353,
    0.0161208480996991,
    0.017617187899737628,
    0.006924967013041809
  ],
  "metrics": {
    "variant": "dsp_saturation_only_penalty_nnls",
    "description": "Tests whether phase effects are mainly faster saturation, without a benefit premium or penalty premium.",
    "phase_mode": "saturation_only",
    "retention_mode": "none",
    "penalty_mode": "log_softplus_squared",
    "linear_mode": "nnls",
    "m_dependent_params_per_domain": 4,
    "total_param_count": 158,
    "fitted_gamma": NaN,
    "fitted_gamma_benefit": 0.0,
    "fitted_gamma_saturation": 8.932156987913777,
    "fitted_gamma_penalty": 1.0,
    "fitted_lam": NaN,
    "train_rmse": 0.006440056478623301,
    "train_spearman": 0.923447560817107,
    "train_pearson": 0.9425559382602968,
    "cv_rmse": 0.009282021956193398,
    "cv_mae": 0.007210419506985172,
    "oof_spearman": 0.8566561715059138,
    "oof_pearson": 0.8780844596308472,
    "cv_foldmean_regret_at_1": 0.003605747222900435,
    "cv_regret_at_1": 0.0,
    "lower_tail_optimism": 0.006450917893654904,
    "raw_predicted_optimum_value": 0.9670163706973879,
    "raw_nearest_observed_tv": 0.6894344164879069,
    "raw_nearest_observed_run_name": "run_00213",
    "raw_nearest_observed_value": 1.0797784328460691,
    "raw_phase0_support_gt_1e3": 3,
    "raw_phase1_support_gt_1e3": 21,
    "phase0_max_weight": 0.5330687114898829,
    "phase1_max_weight": 0.16542574438188354,
    "optimum_success": true,
    "optimum_message": "CONVERGENCE: NORM OF PROJECTED GRADIENT <= PGTOL"
  }
}
