{
  "result": {
    "Baseline": 3.3017358779907227,
    "beta1=0.8": 3.3309249877929688,
    "beta1=0.9": 3.3136558532714844,
    "beta1=0.95": 3.3064918518066406,
    "decay=0.0": 3.583726167678833,
    "decay=0.2": 3.3398165702819824,
    "decay=0.4": 3.317232370376587,
    "decay=0.6": 3.3069581985473633,
    "decay=0.8": 3.3032424449920654,
    "learning_rate=0.016": 3.309824228286743,
    "learning_rate=0.032": 3.3607470989227295,
    "learning_rate=0.064": 5.152366638183594,
    "learning_rate=0.128": 5.893826007843018,
    "max_grad_norm=0": 3.3030524253845215,
    "max_grad_norm=1.0": 3.302919864654541,
    "momentum=0.8": 3.306694746017456,
    "momentum=0.95": 3.301938533782959,
    "momentum=0.98": 3.3030736446380615,
    "scion_epsilon=1e-20": 3.3017358779907227,
    "scion_epsilon=1e-10": 3.3027734756469727,
    "scion_epsilon=1e-05": 3.3015458583831787,
    "scion_to_signum_lr=0.1": 3.3019213676452637,
    "scion_to_signum_lr=0.3": 3.3055453300476074,
    "scion_to_signum_lr=0.4": 3.3066797256469727,
    "scion_to_signum_lr=0.5": 3.3060734272003174,
    "scion_to_signum_lr=0.6": 3.306894063949585,
    "train_batch_size=256": 3.322725534439087,
    "train_batch_size=512": 3.3652751445770264,
    "train_batch_size=1024": 3.4468791484832764,
    "weight_decay=0": 3.3747947216033936,
    "weight_decay=0.2": 3.309053659439087
  },
  "name": {
    "Baseline": "sweep-130m-10B-scion9698d1lr0.008-wd0.1-minlr0-warmup0-b10.98-gn-7282fc",
    "beta1=0.8": "sweep-130m-10B-scion40e7b5lr0.008-wd0.1-minlr0-warmup0-b10.8-gn2-eda693",
    "beta1=0.9": "sweep-130m-10B-scion51153elr0.008-wd0.1-minlr0-warmup0-b10.9-gn2-da2cf1",
    "beta1=0.95": "sweep-130m-10B-sciond34ea1lr0.008-wd0.1-minlr0-warmup0-b10.95-gn-2dd73c",
    "decay=0.0": "sweep-130m-10B-scion1be043lr0.008-wd0.1-minlr0-warmup0-b10.98-gn-629a0b",
    "decay=0.2": "sweep-130m-10B-scionff2a74lr0.008-wd0.1-minlr0-warmup0-b10.98-gn-70dbae",
    "decay=0.4": "sweep-130m-10B-scion93c728lr0.008-wd0.1-minlr0-warmup0-b10.98-gn-0b64cb",
    "decay=0.6": "sweep-130m-10B-scion232c0flr0.008-wd0.1-minlr0-warmup0-b10.98-gn-beec93",
    "decay=0.8": "sweep-130m-10B-scion2554c3lr0.008-wd0.1-minlr0-warmup0-b10.98-gn-0ecfe4",
    "learning_rate=0.016": "sweep-130m-10B-scion7f272clr0.016-wd0.1-minlr0-warmup0-b10.98-gn-dfad11",
    "learning_rate=0.032": "sweep-130m-10B-scion2cfd93lr0.032-wd0.1-minlr0-warmup0-b10.98-gn-1524ed",
    "learning_rate=0.064": "sweep-130m-10B-scion39d76blr0.064-wd0.1-minlr0-warmup0-b10.98-gn-b75bde",
    "learning_rate=0.128": "sweep-130m-10B-scionadd481lr0.128-wd0.1-minlr0-warmup0-b10.98-gn-7dc1e1",
    "max_grad_norm=0": "sweep-130m-10B-scion6f1ab7lr0.008-wd0.1-minlr0-warmup0-b10.98-gn-f7db0a",
    "max_grad_norm=1.0": "sweep-130m-10B-scion9a40b3lr0.008-wd0.1-minlr0-warmup0-b10.98-gn-ddc1ee",
    "momentum=0.8": "sweep-130m-10B-scionb9d13elr0.008-wd0.1-minlr0-warmup0-b10.98-gn-60ca44",
    "momentum=0.95": "sweep-130m-10B-scion79d871lr0.008-wd0.1-minlr0-warmup0-b10.98-gn-d7d690",
    "momentum=0.98": "sweep-130m-10B-scion7c7f25lr0.008-wd0.1-minlr0-warmup0-b10.98-gn-78ad4e",
    "scion_epsilon=1e-20": "sweep-130m-10B-scion31bca7lr0.008-wd0.1-minlr0-warmup0-b10.98-gn-c73231",
    "scion_epsilon=1e-10": "sweep-130m-10B-scion95d589lr0.008-wd0.1-minlr0-warmup0-b10.98-gn-16884a",
    "scion_epsilon=1e-05": "sweep-130m-10B-scion8d67e8lr0.008-wd0.1-minlr0-warmup0-b10.98-gn-f7a59e",
    "scion_to_signum_lr=0.1": "sweep-130m-10B-scion9d476clr0.008-wd0.1-minlr0-warmup0-b10.98-gn-6116a3",
    "scion_to_signum_lr=0.3": "sweep-130m-10B-sciona8b5aalr0.008-wd0.1-minlr0-warmup0-b10.98-gn-e47df7",
    "scion_to_signum_lr=0.4": "sweep-130m-10B-scionb02b9dlr0.008-wd0.1-minlr0-warmup0-b10.98-gn-c39e4a",
    "scion_to_signum_lr=0.5": "sweep-130m-10B-scion38a308lr0.008-wd0.1-minlr0-warmup0-b10.98-gn-1b6e87",
    "scion_to_signum_lr=0.6": "sweep-130m-10B-scion0eab92lr0.008-wd0.1-minlr0-warmup0-b10.98-gn-3e5a9b",
    "train_batch_size=256": "sweep-130m-10B-scion7ca424lr0.008-wd0.1-minlr0-warmup0-b10.98-gn-d5e3b1",
    "train_batch_size=512": "sweep-130m-10B-scion2cfaa6lr0.008-wd0.1-minlr0-warmup0-b10.98-gn-e446fe",
    "train_batch_size=1024": "sweep-130m-10B-scionafb44flr0.008-wd0.1-minlr0-warmup0-b10.98-gn-6aaf5e",
    "weight_decay=0": "sweep-130m-10B-scion0b9b71lr0.008-wd0-minlr0-warmup0-b10.98-gn2--f9d527",
    "weight_decay=0.2": "sweep-130m-10B-sciona5af5alr0.008-wd0.2-minlr0-warmup0-b10.98-gn-d9175f"
  },
  "num_left": 0,
  "best_config": {
    "beta1": 0.98,
    "decay": 1,
    "learning_rate": 0.008,
    "lr_schedule": "linear",
    "max_grad_norm": 2,
    "min_lr_ratio": 0,
    "momentum": 0.9,
    "scion_epsilon": 1e-15,
    "scion_to_signum_lr": 0.2,
    "train_batch_size": 128,
    "warmup": 0,
    "weight_decay": 0.1
  },
  "min_loss": 3.3015458583831787,
  "approximate_best_config_list": [
    {
      "max_grad_norm": 2,
      "train_batch_size": 128,
      "scion_to_signum_lr": 0.2,
      "decay": 1,
      "momentum": 0.9,
      "scion_epsilon": 1e-15,
      "learning_rate": 0.008,
      "weight_decay": 0.1,
      "warmup": 0,
      "beta1": 0.95
    },
    {
      "max_grad_norm": 2,
      "train_batch_size": 128,
      "scion_to_signum_lr": 0.2,
      "decay": 1,
      "momentum": 0.9,
      "scion_epsilon": 1e-15,
      "learning_rate": 0.008,
      "weight_decay": 0.1,
      "warmup": 0,
      "beta1": 0.98
    },
    {
      "max_grad_norm": 2,
      "train_batch_size": 128,
      "scion_to_signum_lr": 0.2,
      "decay": 0.8,
      "momentum": 0.9,
      "scion_epsilon": 1e-15,
      "learning_rate": 0.008,
      "weight_decay": 0.1,
      "warmup": 0,
      "beta1": 0.98
    },
    {
      "max_grad_norm": 2,
      "train_batch_size": 128,
      "scion_to_signum_lr": 0.1,
      "decay": 1,
      "momentum": 0.9,
      "scion_epsilon": 1e-15,
      "learning_rate": 0.008,
      "weight_decay": 0.1,
      "warmup": 0,
      "beta1": 0.98
    },
    {
      "max_grad_norm": 1,
      "train_batch_size": 128,
      "scion_to_signum_lr": 0.2,
      "decay": 1,
      "momentum": 0.9,
      "scion_epsilon": 1e-15,
      "learning_rate": 0.008,
      "weight_decay": 0.1,
      "warmup": 0,
      "beta1": 0.98
    },
    {
      "max_grad_norm": 2,
      "train_batch_size": 128,
      "scion_to_signum_lr": 0.2,
      "decay": 1,
      "momentum": 0.98,
      "scion_epsilon": 1e-15,
      "learning_rate": 0.008,
      "weight_decay": 0.1,
      "warmup": 0,
      "beta1": 0.98
    },
    {
      "max_grad_norm": 2,
      "train_batch_size": 128,
      "scion_to_signum_lr": 0.2,
      "decay": 1,
      "momentum": 0.9,
      "scion_epsilon": 1e-20,
      "learning_rate": 0.008,
      "weight_decay": 0.1,
      "warmup": 0,
      "beta1": 0.98
    },
    {
      "max_grad_norm": 2,
      "train_batch_size": 128,
      "scion_to_signum_lr": 0.2,
      "decay": 1,
      "momentum": 0.9,
      "scion_epsilon": 1e-05,
      "learning_rate": 0.008,
      "weight_decay": 0.1,
      "warmup": 0,
      "beta1": 0.98
    },
    {
      "max_grad_norm": 0,
      "train_batch_size": 128,
      "scion_to_signum_lr": 0.2,
      "decay": 1,
      "momentum": 0.9,
      "scion_epsilon": 1e-15,
      "learning_rate": 0.008,
      "weight_decay": 0.1,
      "warmup": 0,
      "beta1": 0.98
    },
    {
      "max_grad_norm": 2,
      "train_batch_size": 128,
      "scion_to_signum_lr": 0.2,
      "decay": 1,
      "momentum": 0.95,
      "scion_epsilon": 1e-15,
      "learning_rate": 0.008,
      "weight_decay": 0.1,
      "warmup": 0,
      "beta1": 0.98
    },
    {
      "max_grad_norm": 2,
      "train_batch_size": 128,
      "scion_to_signum_lr": 0.5,
      "decay": 1,
      "momentum": 0.9,
      "scion_epsilon": 1e-15,
      "learning_rate": 0.008,
      "weight_decay": 0.1,
      "warmup": 0,
      "beta1": 0.98
    },
    {
      "max_grad_norm": 2,
      "train_batch_size": 128,
      "scion_to_signum_lr": 0.2,
      "decay": 1,
      "momentum": 0.9,
      "scion_epsilon": 1e-10,