{
  "beta1": 0.9739493003296076,
  "beta2": 0.98,
  "epsilon": 9.999999998901484e-11,
  "learning_rate": 0.004806796112886147,
  "max_grad_norm": 1.0,
  "min_lr_ratio": 0.0,
  "train_batch_size": 148.89744760855683,
  "warmup": 4548.031946393661,
  "weight_decay": 0.1
}