{
  "result": {
    "Baseline": 3.017448663711548,
    "learning_rate=0.004": 3.0193629264831543,
    "train_batch_size=128": 12953.49609375
  },
  "name": {
    "Baseline": "sweep-520m-21B-cautiousc38916lr0.008-wd0.1-minlr0-warmup2000-b10-e8000b",
    "learning_rate=0.004": "sweep-520m-21B-cautious1579b5lr0.004-wd0.1-minlr0-warmup2000-b10-ef172f",
    "train_batch_size=128": null
  },
  "num_left": 0,
  "best_config": {
    "beta1": 0.98,
    "beta2": 0.98,
    "epsilon": 9.999999999999999e-26,
    "learning_rate": 0.008,
    "max_grad_norm": 1,
    "min_lr_ratio": 0,
    "train_batch_size": 256,
    "warmup": 2000,
    "weight_decay": 0.1
  },
  "min_loss": 3.017448663711548,
  "baseline": {
    "loss": 3.017448663711548,
    "wandb_id": "sweep-520m-21B-cautiousc38916lr0.008-wd0.1-minlr0-warmup2000-b10-e8000b"
  },
  "ablations": [
    {
      "param": "learning_rate",
      "value": 0.004,
      "loss": 3.0193629264831543,
      "wandb_id": "sweep-520m-21B-cautious1579b5lr0.004-wd0.1-minlr0-warmup2000-b10-ef172f"
    },
    {
      "param": "train_batch_size",
      "value": 128,
      "loss": 12953.49609375,
      "wandb_id": null
    }
  ]
}