{
  "objective_metric": "eval/uncheatable_eval/bpb",
  "current_tuned_generic_params": {
    "alpha": 12.94088092035213,
    "eta": 13.229384772843037,
    "lam": 0.035627177458741076,
    "tau": 3.2740751832677875,
    "reg": 0.0010114720923828182,
    "beta": 0.6634021668256815
  },
  "current_broad_beta_start_params": {
    "alpha": 11.533461482593735,
    "eta": 10.859113730214359,
    "lam": 0.3422735488822989,
    "tau": 2.843180828656475,
    "reg": 0.0001896587113845684,
    "beta": 0.9324427249160729
  },
  "validated_global_bpb": 1.04381,
  "validated_pair_bpb": 1.04794,
  "best_observed": {
    "run_name": "run_00125",
    "actual_bpb": 1.0571987628936768,
    "phase_weights": [
      [
        0.0266637493114688,
        0.0140589870906988,
        0.0207779097639041,
        0.0273226391738694,
        0.0082576309894795,
        0.0097254592435621,
        0.0436858351178174,
        0.0530168051157221,
        0.011842564213298,
        0.0103339189027815,
        0.0237645741305147,
        0.0672180051178906,
        0.0121500982821995,
        0.028159053919306,
        0.0085249250552141,
        0.0150451628988111,
        0.0025989799589625,
        0.0173336780895019,
        0.0171315976989894,
        0.0112346838734057,
        0.0405389558488854,
        0.0073175781705089,
        0.0162082459488342,
        0.0246466099978649,
        0.0331809286235797,
        0.0047431414559099,
        0.0381500547826971,
        0.0273540852830058,
        0.0668265333267713,
        0.0044963548302525,
        0.0714397605072526,
        0.0262326803941054,
        0.0180403861157742,
        0.0043938706142098,
        0.0182458449731813,
        0.0089395501316634,
        0.030636773738144,
        0.1237906636012571,
        0.0059717237087034
      ],
      [
        0.0516725042038204,
        0.0202124646758809,
        0.02315563459632,
        0.0081994583630812,
        0.0281152154700554,
        0.0413851381794769,
        0.0040919748586834,
        0.0026469846293164,
        0.0659460566829332,
        0.0124105974472149,
        0.0578681731761622,
        0.0047024664254599,
        0.0145018525272292,
        0.0002425126246219,
        0.0105356116790872,
        0.002766427153408,
        0.0098490669434163,
        0.0553602771806304,
        0.0386129445164142,
        0.0563384242486622,
        0.0030143018121669,
        0.0314330654263058,
        0.0060563756091195,
        0.0243943164112183,
        0.057583354457956,
        0.0954325883672167,
        0.0009845072700652,
        0.0126834978760034,
        0.0062925198596037,
        0.0029912824672824,
        0.0565756604270518,
        0.0286260218659792,
        0.0728586465171124,
        0.0111468969314181,
        0.0312058691204297,
        0.0006324181121382,
        0.0137578863987785,
        0.0204073162563695,
        0.0153096892319084
      ]
    ]
  },
  "baseline_proportional": {
    "run_name": "baseline_proportional",
    "actual_bpb": 1.0918354988098145,
    "phase_weights": [
      [
        0.0040417726214116,
        0.0163417000243851,
        0.0066329102360266,
        0.021996163099922,
        0.0098808079720213,
        0.0359641216118575,
        0.0176160649879605,
        0.0189756893623004,
        0.0089192571342428,
        0.0606049913397553,
        0.022054911737166,
        0.0778600460936579,
        0.0370996616466542,
        0.0244530271563001,
        0.012036210703071,
        0.0323401875928955,
        0.0121249705566055,
        0.0623305910391983,
        0.0265653574462228,
        0.0193391600820501,
        0.0053220543675932,
        0.0116901604313954,
        0.0061895911544051,
        0.0369774877910664,
        0.0098593275782407,
        0.0347870492656606,
        0.0158797880980409,
        0.0048668414974546,
        0.0191902049354434,
        0.0005251805879418,
        0.1885921649496403,
        0.0294717527825882,
        0.0191632974893215,
        0.0007462684143601,
        0.0026996340748741,
        0.0025736223490378,
        0.0031233246969685,
        0.0754538759902185,
        0.0057107711020423
      ],
      [
        0.0040417726214116,
        0.0163417000243851,
        0.0066329102360266,
        0.021996163099922,
        0.0098808079720213,
        0.0359641216118575,
        0.0176160649879605,
        0.0189756893623004,
        0.0089192571342428,
        0.0606049913397553,
        0.022054911737166,
        0.0778600460936579,
        0.0370996616466542,
        0.0244530271563001,
        0.012036210703071,
        0.0323401875928955,
        0.0121249705566055,
        0.0623305910391983,
        0.0265653574462228,
        0.0193391600820501,
        0.0053220543675932,
        0.0116901604313954,
        0.0061895911544051,
        0.0369774877910664,
        0.0098593275782407,
        0.0347870492656606,
        0.0158797880980409,
        0.0048668414974546,
        0.0191902049354434,
        0.0005251805879418,
        0.1885921649496403,
        0.0294717527825882,
        0.0191632974893215,
        0.0007462684143601,
        0.0026996340748741,
        0.0025736223490378,
        0.0031233246969685,
        0.0754538759902185,
        0.0057107711020423
      ]
    ]
  },
  "validated_global": {
    "run_name": "baseline_ccglobalpremium_retainedtotal_uncheatable_bpb",
    "actual_bpb": 1.04381,
    "phase_weights": [
      [
        2.1868197243866914e-08,
        2.8706693958104705e-05,
        4.7032867182666863e-07,
        0.00019749472137284806,
        1.7605787100339181e-06,
        0.021607123041744954,
        3.794440231004212e-08,
        8.01821177596263e-05,
        1.593417801814749e-06,
        0.05479531599066442,
        0.00021592448930606893,
        0.10135772814310431,
        0.070596604809116,
        0.000983447957178703,
        2.978237425777999e-08,
        0.02377737959018824,
        4.6532019072352845e-08,
        0.01895564634539776,
        1.5550753072652793e-07,
        6.358324374257632e-05,
        4.858907162766384e-07,
        3.172892466133405e-06,
        7.270042601706354e-07,
        0.08140959565362955,
        6.339356653642655e-07,
        0.08095266297694115,
        5.3957477974583316e-06,
        2.676262872374823e-07,
        0.09706301364935217,
        1.8826020543406794e-09,
        0.15229442196820794,
        0.06702326145380018,
        0.09173530679491772,
        8.96144751768035e-09,
        7.410919597153066e-09,
        8.252562810367401e-09,
        3.3959054742813256e-08,
        0.1368469072029798,
        8.3363315114239e-07
      ],
      [
        0.04599196681508922,
        0.020058048723970393,
        0.0041501696459580574,
        0.040865386623176,
        0.023510190216122506,
        0.00026349283964458936,
        5.197469710443765e-08,
        0.021871899057471507,
        0.006004924504027618,
        1.3221653040618338e-06,
        0.012986872918875387,
        2.148103899234032e-06,
        5.207230841386322e-05,
        0.011762004671356628,
        5.0281184530141806e-08,
        0.0005246551635247666,
        9.254988995413321e-08,
        7.47906550264365e-06,
        1.9845747496874704e-07,
        0.023638218949864745,
        0.007500456358831126,
        0.026770117643990163,
        0.010253277793808972,
        0.02649760070984944,
        0.04551128898868879,
        0.03324017252624457,
        0.053906830949298726,
        0.02075478266555439,
        0.21447302076283434,
        0.011861920720365703,
        4.148425677278659e-07,
        0.03608841754864192,
        0.21178264730529453,
        0.006101930325369157,
        0.04493981620108209,
        4.16466913951991e-08,
        0.029884545517155945,
        2.1785599311070635e-06,
        0.008739293898352266
      ]
    ]
  },
  "validated_pair": {
    "run_name": "baseline_ccpairtotal_retainedtotal_uncheatable_bpb",
    "actual_bpb": 1.04794,