{
  "result": {
    "Baseline": 3.04297399520874,
    "learning_rate=0.004": 3.042271375656128,
    "train_batch_size=128": 3.057081937789917,
    "weight_decay=0.2": 3.058756113052368
  },
  "name": {
    "Baseline": "sweep-300m-48B-adamw07fc6elr0.008-wd0.1-minlr0-warmup2000-b10.9--b38246",
    "learning_rate=0.004": "sweep-300m-48B-adamw2537edlr0.004-wd0.1-minlr0-warmup2000-b10.9--a59fd5",
    "train_batch_size=128": "sweep-300m-48B-adamw6a50aflr0.008-wd0.1-minlr0-warmup2000-b10.9--22e2a7",
    "weight_decay=0.2": "sweep-300m-48B-adamw7d9e60lr0.008-wd0.2-minlr0-warmup2000-b10.9--dfe5c9"
  },
  "num_left": 0,
  "best_config": {
    "beta1": 0.9,
    "beta2": 0.98,
    "epsilon": 1e-10,
    "learning_rate": 0.008,
    "max_grad_norm": 2,
    "min_lr_ratio": 0,
    "nesterov": false,
    "train_batch_size": 256,
    "warmup": 2000,
    "weight_decay": 0.1
  },
  "min_loss": 3.042271375656128,
  "approximate_best_config_list": [
    {
      "warmup": 2000,
      "learning_rate": 0.008,
      "weight_decay": 0.1,
      "train_batch_size": 256
    },
    {
      "warmup": 2000,
      "learning_rate": 0.004,
      "weight_decay": 0.1,
      "train_batch_size": 256
    }
  ],
  "baseline": {
    "loss": 3.04297399520874,
    "wandb_id": "sweep-300m-48B-adamw07fc6elr0.008-wd0.1-minlr0-warmup2000-b10.9--b38246"
  },
  "ablations": [
    {
      "param": "learning_rate",
      "value": 0.004,
      "loss": 3.042271375656128,
      "wandb_id": "sweep-300m-48B-adamw2537edlr0.004-wd0.1-minlr0-warmup2000-b10.9--a59fd5"
    },
    {
      "param": "train_batch_size",
      "value": 128,
      "loss": 3.057081937789917,
      "wandb_id": "sweep-300m-48B-adamw6a50aflr0.008-wd0.1-minlr0-warmup2000-b10.9--22e2a7"
    },
    {
      "param": "weight_decay",
      "value": 0.2,
      "loss": 3.058756113052368,
      "wandb_id": "sweep-300m-48B-adamw7d9e60lr0.008-wd0.2-minlr0-warmup2000-b10.9--dfe5c9"
    }
  ]
}