{
  "beta1": 0.9,
  "beta2": 0.98,
  "epsilon": 1.0386762652490598e-10,
  "learning_rate": 0.003060494442182815,
  "max_grad_norm": 1.8701216049572054,
  "min_lr_ratio": 0.0,
  "train_batch_size": 322.71251059191434,
  "warmup": 761.282067705295,
  "weight_decay": 0.15418294264418364
}