{
  "variant": "dsp_effective_exposure_no_penalty_nnls",
  "params": {
    "rho": [
      0.06629788159432519,
      0.174523752139754,
      0.23521756362925575,
      0.2610428022986188,
      0.15042939711592623,
      0.16680257175067023,
      0.7510139051543417,
      1.6043836951268593,
      0.16524086797784804,
      0.10804166909015199,
      0.5381127733227743,
      2.0,
      0.22781738654757192,
      0.153015808660918,
      0.12069897428695772,
      0.710179958723401,
      0.5988335729156852,
      0.2295698183210779,
      0.30379018371695743,
      0.17647646730138622,
      1.1879131554009996,
      0.20650694475831619,
      0.31635410689738536,
      0.12589867148009543,
      0.9204364136081996,
      0.15766772726768602,
      0.3902857798934714,
      0.14450996150896855,
      0.4344787740664195,
      0.014647774435722016,
      0.2249005759583655,
      0.060745263455780116,
      0.508404931615822,
      0.02610212864272288,
      0.24354797868479003,
      0.08623380403590562,
      0.021849860990972417,
      0.3114445785514527,
      0.5714616044215513
    ],
    "gamma": 4.836393115240477
  },
  "intercept": 1.3355095887042125,
  "benefit_coef": [
    0.017372882263433174,
    0.011233099805860163,
    0.0024425328948740237,
    0.0142457877029532,
    0.011208877884111528,
    0.020760250108962142,
    0.0,
    0.0025323565007412097,
    0.006850205033577609,
    0.07679292917705043,
    0.005301552522967642,
    0.009917472121992009,
    0.016695676367971483,
    0.013798129594944508,
    0.007514587856035728,
    0.012430352794157218,
    0.0010206502410015775,
    0.026127314891929324,
    0.011130382472523744,
    0.017760056490571954,
    0.01655403186925043,
    0.01202672047797391,
    0.003533580629594804,
    0.06121753630869553,
    0.0006351393479053836,
    0.03504477572156984,
    0.01359586790160395,
    0.004885123888682048,
    0.05208976972839917,
    0.0,
    0.08702814032526082,
    0.08879996367156787,
    0.05061588387043646,
    0.0,
    0.01892382975859418,
    0.0,
    0.019573549188250168,
    0.04155092433560523,
    0.006909642689867759
  ],
  "penalty_coef": [
    0.0,
    0.0,
    0.0,
    0.0,
    0.0,
    0.0,
    0.0,
    0.0,
    0.0,
    0.0,
    0.0,
    0.0,
    0.0,
    0.0,
    0.0,
    0.0,
    0.0,
    0.0,
    0.0,
    0.0,
    0.0,
    0.0,
    0.0,
    0.0,
    0.0,
    0.0,
    0.0,
    0.0,
    0.0,
    0.0,
    0.0,
    0.0,
    0.0,
    0.0,
    0.0,
    0.0,
    0.0,
    0.0,
    0.0
  ],
  "metrics": {
    "variant": "dsp_effective_exposure_no_penalty_nnls",
    "description": "Tests whether the empirical phase multiplier can replace explicit penalties.",
    "phase_mode": "effective_exposure",
    "retention_mode": "none",
    "penalty_mode": "none",
    "linear_mode": "nnls",
    "m_dependent_params_per_domain": 2,
    "total_param_count": 80,
    "fitted_gamma": 4.836393115240477,
    "fitted_gamma_benefit": 0.0,
    "fitted_gamma_saturation": 4.836393115240477,
    "fitted_gamma_penalty": 4.836393115240477,
    "fitted_lam": NaN,
    "train_rmse": 0.009034812005851375,
    "train_spearman": 0.8689988869795234,
    "train_pearson": 0.8833895686909696,
    "cv_rmse": 0.010709751241265796,
    "cv_mae": 0.008451095816998874,
    "oof_spearman": 0.8171107106100192,
    "oof_pearson": 0.8321837817966389,
    "cv_foldmean_regret_at_1": 0.010384702682495162,
    "cv_regret_at_1": 0.0,
    "lower_tail_optimism": 0.005995747077151622,
    "raw_predicted_optimum_value": 1.0133714521179342,
    "raw_nearest_observed_tv": 0.5943596175112598,
    "raw_nearest_observed_run_name": "baseline_unimax",
    "raw_nearest_observed_value": 1.0834295749664309,
    "raw_phase0_support_gt_1e3": 23,
    "raw_phase1_support_gt_1e3": 26,
    "phase0_max_weight": 0.37076716979511376,
    "phase1_max_weight": 0.23394912068297097,
    "optimum_success": true,
    "optimum_message": "CONVERGENCE: NORM OF PROJECTED GRADIENT <= PGTOL"
  }
}
