{
  "variant": "dsp_effective_exposure_exp_retention_penalty_nnls",
  "params": {
    "rho": [
      0.1613648214106514,
      0.9617407032595172,
      0.7896562218872999,
      0.955260877685213,
      2.0,
      1.0,
      1.0,
      1.0844518820173459,
      1.4193073837204517,
      1.1643768593820185,
      1.0149302794651087,
      1.0,
      1.0,
      1.0,
      1.0,
      1.01293506341285,
      1.0,
      0.9998632431289058,
      1.1663933303774063,
      0.5728661273094503,
      0.4951410344569146,
      0.8618763495677618,
      0.6728044677525801,
      0.9977165700172157,
      1.0,
      1.002159101887446,
      0.5167907783600005,
      0.5609545223852858,
      0.3691620009365592,
      0.01775526018712237,
      1.0,
      1.8589935963989126,
      0.40720874210537467,
      0.004967545252518842,
      0.13496808466360508,
      0.22679317978389946,
      0.3844214522838863,
      0.5254671949822686,
      1.0081887564340997
    ],
    "tau": [
      3.1582285784668485,
      -0.45810548121282,
      0.08826965717961899,
      1.8846273781168539,
      0.40527612258508133,
      -0.7234866047049086,
      0.34992419403640856,
      1.9781829097654209,
      2.6050675856205316,
      0.9355117844730649,
      -0.5875344815831789,
      0.6006596914971932,
      -1.7283270893666072,
      1.3888114363707138,
      -0.7840401833233771,
      -0.7266883395178544,
      1.3232808129311222,
      -0.7948262809945233,
      1.1179296697490786,
      2.0599300980809883,
      2.1073364599262487,
      2.605247904145057,
      -0.3882403047887699,
      1.0769194945916418,
      1.941388294667152,
      1.2393994637638917,
      1.9250572025389945,
      3.3482437465998136,
      1.6479727971279012,
      1.7925646709737262,
      -0.1311880693189696,
      1.2901284609612313,
      3.1425192492635,
      4.526331731495102,
      3.44914143879935,
      6.234672566171972,
      3.252267564212323,
      1.093358878462781,
      0.48680100695274425
    ],
    "gamma": 10.055360782204279,
    "lam": 0.332848649757087
  },
  "intercept": 0.9319614367668206,
  "benefit_coef": [
    0.0074610230293886024,
    0.00146136679693519,
    0.0014087451668793596,
    0.0008322626209716907,
    0.010494340954222444,
    0.0,
    0.0,
    0.0028819939861290094,
    0.0022218848621219345,
    0.0014858960838645614,
    0.0014935658359217627,
    0.0,
    0.0,
    0.0,
    0.0,
    0.000819439173447653,
    0.0,
    0.00036108607764664193,
    0.0004450858467271835,
    0.0016507404456846118,
    0.0006658831195830246,
    0.004710601288979881,
    0.0,
    0.0,
    0.0,
    0.0,
    0.0035721428836032044,
    0.0,
    0.027849774982325364,
    0.021288364387198735,
    0.0,
    0.003340526260183093,
    0.02860254428338416,
    0.013056092547396203,
    0.02173256722956174,
    0.0,
    0.0004217232615531518,
    0.025979665829004486,
    0.0035838682291434365
  ],
  "penalty_coef": [
    0.0026395549749811836,
    0.001338153844840912,
    0.0012736728906862483,
    0.011302157591712622,
    0.00144912307652389,
    0.001720748273412842,
    0.002778084650219385,
    0.017573771564701652,
    0.014327047649277579,
    0.009161365230184914,
    0.001751894000281474,
    0.008381037524440136,
    0.0014993822511973802,
    0.009111659278061401,
    0.0014087281019316013,
    0.0016784247329280741,
    0.005214638424723191,
    0.0030989900600896436,
    0.008031750763254356,
    0.011789467169780727,
    0.002782661915022817,
    0.019902880471054214,
    0.001103223020884901,
    0.0007208097247385009,
    0.004523810859675376,
    0.002198761893264181,
    0.003204836039287789,
    0.012549516392258101,
    0.0,
    0.002716201391149821,
    0.010816694544235827,
    0.0,
    0.011886118878581795,
    0.016238834121029284,
    0.003685039967146643,
    0.6614924524405846,
    0.0015141764640634915,
    0.039370831204073455,
    0.001650114309055685
  ],
  "metrics": {
    "variant": "dsp_effective_exposure_exp_retention_penalty_nnls",
    "description": "Original GRP-style interpolation: retained phase-0 exposure plus phase-1 multiplier.",
    "phase_mode": "effective_exposure",
    "retention_mode": "exp_phase0",
    "penalty_mode": "log_softplus_squared",
    "linear_mode": "nnls",
    "m_dependent_params_per_domain": 4,
    "total_param_count": 159,
    "fitted_gamma": 10.055360782204279,
    "fitted_gamma_benefit": 0.0,
    "fitted_gamma_saturation": 10.055360782204279,
    "fitted_gamma_penalty": 10.055360782204279,
    "fitted_lam": 0.332848649757087,
    "train_rmse": 0.005170906744883575,
    "train_spearman": 0.9573995540297565,
    "train_pearson": 0.9603389707388084,
    "cv_rmse": 0.007320289644573889,
    "cv_mae": 0.005846472748871158,
    "oof_spearman": 0.9177888952816653,
    "oof_pearson": 0.9199415481221014,
    "cv_foldmean_regret_at_1": 0.0010215401649475097,
    "cv_regret_at_1": 0.0006219148635864258,
    "lower_tail_optimism": 0.003895865278596242,
    "raw_predicted_optimum_value": 0.8607366165303059,
    "raw_nearest_observed_tv": 0.4999999999999999,
    "raw_nearest_observed_run_name": "baseline_stratified",
    "raw_nearest_observed_value": 0.9688005447387696,
    "raw_phase0_support_gt_1e3": 17,
    "raw_phase1_support_gt_1e3": 3,
    "phase0_max_weight": 0.2313093845645966,
    "phase1_max_weight": 0.8808603790284459,
    "optimum_success": true,
    "optimum_message": "CONVERGENCE: NORM OF PROJECTED GRADIENT <= PGTOL"
  }
}
