request_kind,case_id,backend_rank,golden_rank,token_id,run_count,golden_probability,actual_probability_mean,actual_probability_std,actual_probability_min,actual_probability_max,actual_logprob_min,actual_logprob_max,actual_probability_range,actual_logprob_range
representative,code-humaneval-01,0,0,1432,5,0.6480666224488568,0.6766064726724061,0.0039032096110153043,0.6696673886784075,0.6790920296217826,-0.4009741246700287,-0.38699862360954285,0.00942464094337514,0.01397550106048584
representative,code-humaneval-01,0,1,720,5,0.06705000983329779,0.06063338140703275,0.000822374359021996,0.059396374435729614,0.061713573583691624,-2.8235220909118652,-2.7852513790130615,0.0023171991479620097,0.03827071189880371
representative,code-humaneval-01,0,2,220,5,0.03953231520451681,0.034243690947098115,0.00024041074375072953,0.03407517541813157,0.03466892469272365,-3.3791861534118652,-3.3619115352630615,0.0005937492745920828,0.01727461814880371
representative,code-humaneval-01,0,3,1084,5,0.035023690147662816,0.027559322843834694,0.00029387875954736003,0.02716709845686893,0.027770353472768516,-3.6057486534118652,-3.5837862491607666,0.0006032550158995877,0.021962404251098633
representative,code-humaneval-01,0,4,702,5,0.026748902484510007,0.025376165159020254,0.0007352198745079096,0.024929930895003474,0.02668562400755242,-3.6916861534118652,-3.6236302852630615,0.001755693112548945,0.06805586814880371
representative,code-humaneval-01,0,5,2355,5,0.017958367859100065,0.013526940278171182,0.00021964310338189137,0.01313715040746308,0.013640336079929481,-4.332311153411865,-4.294723987579346,0.0005031856724664,0.03758716583251953
representative,code-humaneval-01,0,6,4815,5,0.010557179843140009,0.009819371366491383,0.00015098416729169596,0.009748308584061265,0.010089229869125995,-4.630661487579346,-4.596286773681641,0.00034092128506472974,0.03437471389770508
representative,code-humaneval-01,0,7,1038,5,0.008286425402950739,0.00841130868226897,1.1683025567467663e-05,0.008403567275902914,0.008429867087654952,-4.779098987579346,-4.775974273681641,2.6299811752037577e-05,0.003124713897705078
representative,code-humaneval-01,0,8,5996,5,0.008031478895548888,0.00609683370161092,7.93422138024974e-05,0.005967819546335703,0.006148181157955127,-5.121373653411865,-5.091598987579346,0.00018036161161942392,0.02977466583251953
representative,code-humaneval-01,0,9,1875,5,0.007784376267561344,0.007956956444301925,0.00034351461015344,0.007772029221901345,0.008562618177975835,-4.857223987579346,-4.760349273681641,0.0007905889560744896,0.09687471389770508
representative,code-humaneval-01,0,10,7275,5,0.006869687944675919,0.006656060680166484,0.0001922164419830429,0.006544704775066422,0.006988605278056564,-5.029098987579346,-4.963474273681641,0.00044390050299014227,0.06562471389770508
representative,code-humaneval-01,0,11,4343,5,0.005434370455461999,0.006212392435469975,9.599619987906831e-05,0.006148181157955127,0.0063631975172656965,-5.091598987579346,-5.057224273681641,0.0002150163593105693,0.03437471389770508
representative,code-humaneval-01,0,12,3270,5,0.003677078982746919,0.003607055834064761,7.931122900197563e-05,0.0035582942664503163,0.0037407308444879117,-5.638473987579346,-5.588474273681641,0.00018243657803759545,0.04999971389770508
representative,code-humaneval-01,0,13,674,5,0.003454296029389343,0.002409880285341824,3.347242866919741e-06,0.0024076623352835055,0.002415197357506984,-6.029098987579346,-6.025974273681641,7.53502222347862e-06,0.003124713897705078
representative,code-humaneval-01,0,14,12885,5,0.00309641094874741,0.002907511175643707,6.865059650396465e-05,0.0028591697669211862,0.0030057616756409803,-5.857223987579346,-5.807224273681641,0.00014659190871979403,0.04999971389770508
representative,code-humaneval-01,0,15,27,5,0.0030011443991224177,0.002962782517807642,8.048029703995261e-05,0.0028189983464830424,0.0030057616756409803,-5.871373653411865,-5.807224273681641,0.00018676332915793783,0.06414937973022461
representative,code-humaneval-01,0,16,5456,5,0.0027756048358188283,0.0033995831463431306,9.817455218861556e-05,0.0033427081152377215,0.0035694303074069165,-5.700973987579346,-5.635349273681641,0.000226722192169195,0.06562471389770508
representative,code-humaneval-01,0,17,37945,5,0.0027756048358188283,0.0024255853424657,6.0778820478890144e-05,0.002373834607716315,0.0025311050987616678,-6.043248653411865,-5.979099273681641,0.00015727049104535297,0.06414937973022461
representative,code-humaneval-01,0,18,3089,5,0.0026485006364346405,0.0026337141999304703,0.00015227904452457173,0.0025232084632714666,0.0028236517818012587,-5.982223987579346,-5.869724273681641,0.000300443318529792,0.11249971389770508
representative,code-humaneval-01,0,19,1827,5,0.002567014838364202,0.002167021386392275,1.7964435103855766e-05,0.0021582145688817914,0.0021990622187877877,-6.138473987579346,-6.119724273681641,4.084764990599631e-05,0.018749713897705078
representative,code-humaneval-01,0,20,14963,5,0.0025272169621095714,0.0026805362858519375,5.8939100750135766e-05,0.0026442997657207122,0.002779875118527312,-5.935348987579346,-5.885349273681641,0.00013557535280659967,0.04999971389770508
representative,code-humaneval-01,0,21,19124,5,0.0022302611412209476,0.001853743346842115,3.3698313350677486e-05,0.0018200821284094404,0.0019105783653416046,-6.308873653411865,-6.260349273681641,9.049623693216423e-05,0.04852437973022461
representative,code-humaneval-01,0,22,262,5,0.0020951364495482485,0.00196697298671752,2.07763146841346e-05,0.0019406655966710306,0.0019989691557719285,-6.244724273681641,-6.215123653411865,5.830355910089796e-05,0.02960062026977539
representative,code-humaneval-01,0,23,15425,5,0.0020306758776649325,0.002061951408499449,5.9545875905953345e-05,0.0020274549583619086,0.002164968919149785,-6.200973987579346,-6.135349273681641,0.00013751396078787647,0.06562471389770508
representative,code-humaneval-01,0,24,256,5,0.0019376844588907104,0.0017853149049828169,1.2113532880384196e-05,0.0017640840883308706,0.0017948222739307207,-6.340123653411865,-6.322849273681641,3.073818559985015e-05,0.01727437973022461
representative,code-humaneval-02,1,0,1432,5,0.8965094008383914,0.8981534545225174,0.0015438518201293045,0.8954167574389955,0.8989573594325321,-0.11046601831912994,-0.1065196767449379,0.003540601993536563,0.003946341574192047
representative,code-humaneval-02,1,1,220,5,0.03422251588296513,0.032831347366347026,0.0010764096132811194,0.03223686198357045,0.03471907596630077,-3.4346446990966797,-3.3604660034179688,0.0024822139827303177,0.07417869567871094
representative,code-humaneval-02,1,2,720,5,0.014834359059288071,0.01486217634561548,0.00015319670362975288,0.01475911089490561,0.015101060542279417,-4.21589469909668,-4.192990303039551,0.0003419496473738067,0.022904396057128906
representative,code-humaneval-02,1,3,1084,5,0.014834359059288071,0.01500183609883575,0.0001072457365421797,0.014866940298877047,0.015167640978470214,-4.208615303039551,-4.188591003417969,0.00030070067959316743,0.02002429962158203
representative,code-humaneval-02,1,4,1038,5,0.0063801783287301544,0.006372003622106182,3.458954303583129e-05,0.006347814496511256,0.00642238327573436,-5.05964469909668,-5.047966003417969,7.456877922310413e-05,0.011678695678710938
representative,code-humaneval-02,1,5,674,5,0.004385028162110738,0.004563142812690007,0.00015823216558254972,0.004326526283039196,0.004772709989591333,-5.442990303039551,-5.344841003417969,0.0004461837065521373,0.09814929962158203
representative,code-humaneval-02,1,6,2355,5,0.003635316030430887,0.0035412470209600865,4.9136166875949364e-05,0.0035055961088786805,0.0036026305089520813,-5.65339469909668,-5.626091003417969,9.70344000734008e-05,0.027303695678710938
representative,code-humaneval-02,1,7,1827,5,0.002239653235219423,0.0022022441140508546,3.0242952183743202e-05,0.002175514038033349,0.002254468565015862,-6.130490303039551,-6.094841003417969,7.895452698251319e-05,0.03564929962158203
representative,code-humaneval-02,1,8,5996,5,0.001856737746623839,0.0018489884790003305,4.5231171231935316e-05,0.0018186793028291274,0.0019198844000937363,-6.30964469909668,-6.255490303039551,0.00010120509726460896,0.054154396057128906
representative,code-humaneval-02,1,9,4815,5,0.0016905789566664217,0.0016730516247663526,4.203411508040321e-05,0.001649404437134513,0.0017480746389372378,-6.407341003417969,-6.349240303039551,9.867020180272484e-05,0.05810070037841797
representative,code-humaneval-02,1,10,262,5,0.0013584183542851703,0.0013444097897640625,3.7426631996198454e-05,0.0013195159647024623,0.001410810378143135,-6.630490303039551,-6.563591003417969,9.129441344067277e-05,0.06689929962158203
representative,code-humaneval-02,1,11,14963,5,0.0013584183542851703,0.0013191950061533875,2.2629187711104374e-05,0.001278918726411741,0.0013305742019915719,-6.661740303039551,-6.62214469909668,5.1655475579830785e-05,0.039595603942871094
representative,code-humaneval-02,1,12,702,5,0.0012761159467810732,0.0012016364792112413,4.331190020648806e-05,0.001128641814715797,0.0012450357888455184,-6.786740303039551,-6.688591003417969,0.00011639397412972134,0.09814929962158203
representative,code-humaneval-02,1,13,15152,5,0.0008770608087168224,0.0008955200026584554,2.2499240484468242e-05,0.0008828625752261805,0.0009356769283953639,-7.032341003417969,-6.974240303039551,5.2814353169183446e-05,0.05810070037841797
representative,code-humaneval-02,1,14,15073,5,0.000774003447070936,0.0007424121581168491,1.8652525498567465e-05,0.0007319187822142377,0.0007757034188493542,-7.219841003417969,-7.161740303039551,4.378463663511642e-05,0.05810070037841797
representative,code-humaneval-02,1,15,2,5,0.0006416713951938084,0.0006636066898496731,2.3919103010249276e-05,0.0006232952075332365,0.0006875740649305864,-7.380490303039551,-7.282341003417969,6.427885739734992e-05,0.09814929962158203
representative,code-humaneval-02,1,16,256,5,0.0006416713951938084,0.0006193510091467887,1.6058719817566407e-05,0.0006091812599843843,0.0006459160582475539,-7.40339469909668,-7.344841003417969,3.6734798263169614e-05,0.05855369567871094
representative,code-humaneval-02,1,17,9586,5,0.0004997341850514588,0.0005069713633119153,5.522748883207447e-06,0.0005030399319615901,0.0005167298762673487,-7.594841003417969,-7.567990303039551,1.3689944305758585e-05,0.02685070037841797
representative,code-humaneval-02,1,18,271,5,0.0004843589805558253,0.00045021903550314813,6.246962589244647e-06,0.00044568653066598304,0.0004580230702389352,-7.71589469909668,-7.688591003417969,1.233653957295218e-05,0.027303695678710938
representative,code-humaneval-02,1,19,198,5,0.0004274453000795481,0.0004073629346350421,4.437653396473251e-06,0.0004042039407981469,0.00041520412008036993,-7.813591003417969,-7.786740303039551,1.1000179282223015e-05,0.02685070037841797
representative,code-humaneval-02,1,20,11187,5,0.0004015476985329535,0.0004048080370736484,1.4989034263581824e-06,0.0004024296322734013,0.00040580220409889786,-7.817990303039551,-7.80964469909668,3.3725718254965344e-06,0.008345603942871094
representative,code-humaneval-02,1,21,5244,5,0.00038919337464562645,0.0003875426127913068,7.928812113059002e-06,0.0003780476534208567,0.00039331698283640433,-7.880490303039551,-7.84089469909668,1.526932941554762e-05,0.039595603942871094
representative,code-humaneval-02,1,22,3707,5,0.0003127258111772362,0.00032128411053970534,6.573216114307377e-06,0.00031341251274566244,0.00032607123144623993,-8.06799030303955,-8.02839469909668,1.2658718700577485e-05,0.039595603942871094
representative,code-humaneval-02,1,23,1875,5,0.00029377871209883613,0.00027828199084859237,6.612555246212799e-06,0.0002680759282966804,0.00028662351338552616,-8.22424030303955,-8.157341003417969,1.854758508884575e-05,0.06689929962158203
representative,code-humaneval-02,1,24,19124,5,0.00029377871209883613,0.00028886357544555014,3.1467674589535147e-06,0.00028662351338552616,0.0002944238085224703,-8.157341003417969,-8.13049030303955,7.800295136944154e-06,0.02685070037841797
representative,code-humaneval-03,2,0,220,5,0.22110697106421703,0.2285983802199547,0.0016555719260124599,0.22746385957969084,0.2311095268223557,-1.4807639122009277,-1.4648635387420654,0.0036456672426648518,0.015900373458862305
representative,code-humaneval-03,2,1,720,5,0.19975350199385877,0.20207040015324518,0.0032965231506760784,0.19629387962378675,0.20389728594610623,-1.6281423568725586,-1.5901389122009277,0.007603406322319484,0.03800344467163086
representative,code-humaneval-03,2,2,1084,5,0.1818776332873557,0.17529637072563214,0.003447541175837641,0.1692159013065679,0.17714903196110732,-1.7765798568725586,-1.7307639122009277,0.007933130654539405,0.04581594467163086
representative,code-humaneval-03,2,3,1432,5,0.06943864872699994,0.06735596553473344,0.004981723233698004,0.06361521541000482,0.07612275975639239,-2.7549026012420654,-2.5754079818725586,0.012507544346387567,0.17949461936950684
representative,code-humaneval-03,2,4,674,5,0.05612340829083985,0.05640394860887784,0.00024420423262530344,0.056167649472058934,0.05681877565205476,-2.8794143199920654,-2.8678884506225586,0.0006511261799958257,0.011525869369506836
representative,code-humaneval-03,2,5,2355,5,0.045605734004883575,0.04616456894554955,0.0011784743941507234,0.0440564733908452,0.04670123671714596,-3.1222829818725586,-3.0639846324920654,0.0026447633263007586,0.058298349380493164
representative,code-humaneval-03,2,6,5996,5,0.02811060017367609,0.027073019056855753,0.0005778528966808584,0.026051664750052227,0.027379754865791774,-3.6476736068725586,-3.5979514122009277,0.001328090115739547,0.04972219467163086
representative,code-humaneval-03,2,7,1827,5,0.01872569669873468,0.018676561156651637,9.829597053992795e-05,0.018545699366797896,0.018822994614703402,-3.9875173568725586,-3.9726760387420654,0.00027729524790550547,0.014841318130493164
representative,code-humaneval-03,2,8,4815,5,0.01492942705783685,0.015148706212479976,0.00013568083190518602,0.01500699614181545,0.01537492479209527,-4.1992387771606445,-4.175017356872559,0.0003679286502798196,0.024221420288085938
representative,code-humaneval-03,2,9,1602,5,0.012571838031577456,0.01293822085575288,0.0002177834452828961,0.012548647892315603,0.013038304197287659,-4.378142356872559,-4.3398637771606445,0.0004896563049720561,0.03827857971191406
representative,code-humaneval-03,2,10,702,5,0.007333088190667661,0.006480906835124869,0.0005298597170677982,0.006157164522484684,0.007376969534582996,-5.090138912200928,-4.909392356872559,0.001219805012098312,0.18074655532836914
representative,code-humaneval-03,2,11,198,5,0.007107472785741099,0.007501757553158411,0.00022774268871318172,0.007094362269738015,0.00760517549584322,-4.948454856872559,-4.8789262771606445,0.0005108132261052055,0.06952857971191406
representative,code-humaneval-03,2,12,11187,5,0.0068887988370764375,0.006817963278874047,0.00011476381097832655,0.006612672753324199,0.006870703493701012,-5.018767356872559,-4.9804887771606445,0.00025803074037681305,0.03827857971191406
representative,code-humaneval-03,2,13,2,5,0.0062723227186208255,0.006384471290344605,7.026215741565144e-05,0.006352613904960933,0.006510152764730418,-5.058888912200928,-5.034392356872559,0.00015753885976948524,0.02449655532836914
representative,code-humaneval-03,2,14,7275,5,0.00580095022242551,0.0052875526686018744,0.0006355053460519295,0.00494742068373387,0.0064092222012380054,-5.308888912200928,-5.050017356872559,0.0014618015175041355,0.25887155532836914
representative,code-humaneval-03,2,15,1034,5,0.004588929330740086,0.004632475997721642,0.00024215967910609282,0.004203270539368662,0.004796524061921455,-5.471892356872559,-5.3398637771606445,0.0005932535225527929,0.13202857971191406
representative,code-humaneval-03,2,16,3456,5,0.004517784575783227,0.0046273568941784336,4.6143359830438376e-05,0.004544819087512901,0.004648950530779744,-5.393767356872559,-5.3711137771606445,0.00010413144326684286,0.022653579711914062
representative,code-humaneval-03,2,17,15152,5,0.004378786957053716,0.004306290757820778,1.7005135637859997e-05,0.004298393579694196,0.004336696668928814,-5.449513912200928,-5.440642356872559,3.8303089234618774e-05,0.00887155532836914
representative,code-humaneval-03,2,18,37945,5,0.004378786957053716,0.004280507063695272,0.00010836725180917928,0.004231753164055859,0.004474358198490623,-5.465138912200928,-5.409392356872559,0.00024260503443476397,0.05574655532836914
representative,code-humaneval-03,2,19,1038,5,0.004310900157625137,0.0044446794011165705,0.00013994768705654644,0.004366083429178101,0.004689087131817523,-5.433888912200928,-5.362517356872559,0.000323003702639422,0.07137155532836914
representative,code-humaneval-03,2,20,7071,5,0.004178267703279594,0.004293147227087876,5.843111288007031e-05,0.004203270539368662,0.004367284856988133,-5.471892356872559,-5.4336137771606445,0.00016401431761947118,0.03827857971191406
representative,code-humaneval-03,2,21,262,5,0.003986930894673158,0.0036868187337769213,0.00018267165588175502,0.0035644740157663854,0.004010788767537483,-5.6367387771606445,-5.518767356872559,0.00044631475177109737,0.11797142028808594
representative,code-humaneval-03,2,22,16052,5,0.003986930894673158,0.004109181848617175,3.461435799687343e-05,0.004073949500251415,0.00416729232272437,-5.503142356872559,-5.4804887771606445,9.334282247295492e-05,0.022653579711914062
representative,code-humaneval-03,2,23,9586,5,0.0038642659266777298,0.0036725133912077343,7.842536007250076e-05,0.0036196102951935798,0.003794362838740008,-5.621388912200928,-5.5742387771606445,0.00017475254354642816,0.0471501350402832
representative,code-humaneval-03,2,24,256,5,0.003410202711056288,0.003281978610404178,8.308805410520144e-05,0.0032445976988884715,0.003430609431130282,-5.730763912200928,-5.675017356872559,0.0001860117322418104,0.05574655532836914
representative,code-humaneval-04,3,0,1432,5,0.3683359440662648,0.33706769757956795,0.005673264765101512,0.3329245307975075,0.34328244775265865,-1.099839448928833,-1.0692017078399658,0.010357916955151147,0.030637741088867188
representative,code-humaneval-04,3,1,720,5,0.1892331378010462,0.203135663099895,0.0004482298756804817,0.20264465187217914,0.20346300391837227,-1.5963013172149658,-1.592271089553833,0.0008183520461931271,0.0040302276611328125
representative,code-humaneval-04,3,2,1084,5,0.17095789330887728,0.18952925164632203,0.00425258465149109,0.1848707785636782,0.1926349003680846,-1.6880981922149658,-1.646958589553833,0.0077641218044063876,0.04113960266113281
representative,code-humaneval-04,3,3,5996,5,0.038746576651937446,0.040981774691813244,0.0003924620500577339,0.040695160934771456,0.04141169532737593,-3.201646089553833,-3.184191942214966,0.0007165343926044745,0.017454147338867188
representative,code-humaneval-04,3,4,2355,5,0.0341937338810914,0.035276691212065725,0.0006412125848235501,0.034808415749580324,0.035979104405793834,-3.357896089553833,-3.324816942214966,0.0011706886562135102,0.03307914733886719
representative,code-humaneval-04,3,5,220,5,0.02501667011944878,0.01830334238979596,0.00044948844671815883,0.01781095246658497,0.018631602338603285,-4.027941703796387,-3.982896089553833,0.0008206498720183149,0.04504561424255371
representative,code-humaneval-04,3,6,4815,5,0.023500986698305738,0.023350711346387602,0.00022361813548158366,0.02318740375029359,0.023595672740528623,-3.764146089553833,-3.746691942214966,0.0004082689902350327,0.017454147338867188
representative,code-humaneval-04,3,7,1827,5,0.019483002278865725,0.02181364464477009,0.0009042320087797998,0.02082310810791628,0.022474002336005966,-3.871691942214966,-3.795396089553833,0.001650894228089686,0.07629585266113281
representative,code-humaneval-04,3,8,1038,5,0.011633832028846443,0.010201172723595211,9.769155167638362e-05,0.010129828901554096,0.010308188456656885,-4.592270851135254,-4.574816703796387,0.00017835955510278959,0.017454147338867188
representative,code-humaneval-04,3,9,15152,5,0.011633832028846443,0.011030097652523507,0.00010562975297190153,0.010952956587928294,0.011145809249416324,-4.514145851135254,-4.496691703796387,0.00019285266148802958,0.017454147338867188
representative,code-humaneval-04,3,10,9586,5,0.01092897377847615,0.010365997260252939,0.00034228864201209735,0.009991038839437267,0.010615969540796721,-4.606066703796387,-4.545395851135254,0.0006249307013594541,0.06067085266113281
representative,code-humaneval-04,3,11,11187,5,0.00979666877949349,0.010205287368726845,0.00033698194848832996,0.00983614213940864,0.010451384188272314,-4.621691703796387,-4.561020851135254,0.0006152420488636737,0.06067085266113281
representative,code-humaneval-04,3,12,37945,5,0.008645529853550214,0.0081718453316976,0.00013128917883233778,0.008028025242091999,0.00826772539143467,-4.824816703796387,-4.795395851135254,0.00023970014934267085,0.029420852661132812
representative,code-humaneval-04,3,13,35033,5,0.005941979977812347,0.005887030066740432,0.00015778180886439572,0.0057718025255684355,0.006059871378498429,-5.154770851135254,-5.106066703796387,0.0002880688529299938,0.04870414733886719
representative,code-humaneval-04,3,14,1602,5,0.005410234336910846,0.006795446031505646,6.50766029689328e-05,0.00674792080028979,0.006866733878329431,-4.998520851135254,-4.981066703796387,0.00011881307803964045,0.017454147338867188
representative,code-humaneval-04,3,15,19124,5,0.00383643061673858,0.003637340150247416,3.4832995468314274e-05,0.003611901727096121,0.0036754977849743574,-5.623520851135254,-5.606066703796387,6.359605787823646e-05,0.017454147338867188
representative,code-humaneval-04,3,16,12586,5,0.0034931098272560717,0.003777108738779543,9.275768581452613e-05,0.0036754977849743574,0.003844849374649667,-5.606066703796387,-5.561020851135254,0.00016935158967530976,0.04504585266113281
representative,code-humaneval-04,3,17,7071,5,0.003385638136252506,0.003481589368757203,2.6271272577654017e-05,0.003452810631546907,0.003500775193564067,-5.668566703796387,-5.654770851135254,4.7964562017159974e-05,0.013795852661132812
representative,code-humaneval-04,3,18,79772,5,0.002987815168515119,0.0027633917855220524,6.786297264682946e-05,0.0026890516236460034,0.0028129518934394185,-5.918566703796387,-5.873520851135254,0.00012390026979341518,0.04504585266113281
representative,code-humaneval-04,3,19,14963,5,0.0028958897597973917,0.002531980080991968,6.786111038307122e-05,0.00248242133307976,0.0026063182028602805,-5.998520851135254,-5.949816703796387,0.00012389686978052069,0.04870414733886719
representative,code-humaneval-04,3,20,3456,5,0.002053493332329483,0.002247883045565103,1.696200842714757e-05,0.00222930209629282,0.002260270345079958,-6.106066703796387,-6.092270851135254,3.096824878713817e-05,0.013795852661132812
representative,code-humaneval-04,3,21,256,5,0.0019903139844693113,0.0017085770909373431,7.08249410060793e-05,0.0016309922552913384,0.001760300314701346,-6.418566703796387,-6.342270851135254,0.00012930805941000758,0.07629585266113281
representative,code-humaneval-04,3,22,16052,5,0.0019290784607906904,0.0021787229549776,1.6440142291059335e-05,0.0021607136814147843,0.0021907291373528103,-6.137316703796387,-6.123520851135254,3.001545593802604e-05,0.013795852661132812
representative,code-humaneval-04,3,23,19548,5,0.001812201505258888,0.0020217406191906998,4.964961141519895e-05,0.001967352194903759,0.002057999568715327,-6.231066703796387,-6.186020851135254,9.06473738115682e-05,0.04504585266113281
representative,code-humaneval-04,3,24,674,5,0.0017564459264649715,0.0018912818344403557,0.00014158593070481688,0.0017361822182955726,0.0019946815785368776,-6.356066703796387,-6.217270851135254,0.00025849936024130503,0.1387958526611328
representative,code-humaneval-05,4,0,1432,5,0.5734365767718187,0.582386708061137,0.003213927919200776,0.5772248081830387,0.58525275380966,-0.5495234727859497,-0.5357114672660828,0.008027945626621347,0.013812005519866943
representative,code-humaneval-05,4,1,220,5,0.14218315224893388,0.13520474113105924,0.0009404875600288104,0.13446993293655082,0.13651040154238459,-2.0064146518707275,-1.9913544654846191,0.0020404686058337618,0.015060186386108398
representative,code-humaneval-05,4,2,720,5,0.08424072979636303,0.08567578301850143,0.0009474103582094287,0.08410161864779218,0.0863853294107113,-2.475729465484619,-2.44893741607666,0.002283710762919111,0.026792049407958984
representative,code-humaneval-05,4,3,1084,5,0.053129962310919515,0.0527078059905288,0.001122895209124023,0.05141028827878993,0.05448254433338978,-2.967916965484619,-2.90987491607666,0.003072256054599855,0.058042049407958984
representative,code-humaneval-05,4,4,1038,5,0.024707727058512267,0.024738184674961868,0.00014918967744845718,0.024557206695286476,0.024892964375259206,-3.70674991607666,-3.6931700706481934,0.00033575767997272993,0.013579845428466797
representative,code-humaneval-05,4,5,2355,5,0.024707727058512267,0.024663744316906214,0.00043445988870831895,0.023908004364059376,0.024943926430026856,-3.733541965484619,-3.69112491607666,0.0010359220659674796,0.042417049407958984
representative,code-humaneval-05,4,6,4815,5,0.014078038516079779,0.013534682913275763,0.00014714975559804923,0.013411174984767812,0.013775344487668453,-4.311666965484619,-4.28487491607666,0.0003641695029006405,0.026792049407958984
representative,code-humaneval-05,4,7,674,5,0.01167110385669533,0.01101233989091217,0.0001319353411232781,0.010782272664060134,0.011118254571385103,-4.529851913452148,-4.499166965484619,0.00033598190732496945,0.030684947967529297
representative,code-humaneval-05,4,8,5996,5,0.011136645099277387,0.011116590881284683,0.00018115851102125266,0.010945882011247729,0.011420161693243017,-4.514791965484619,-4.47237491607666,0.0004742796819952877,0.042417049407958984
representative,code-humaneval-05,4,9,1827,5,0.00719035849769885,0.0074079111444794715,0.000255749268170098,0.007244265630127829,0.00784895469382528,-4.927545070648193,-4.84737491607666,0.0006046890636974512,0.0801701545715332
representative,code-humaneval-05,4,10,15152,5,0.003190702241872499,0.003126421049777961,8.708356927242455e-05,0.0030395616577669937,0.003271931106033115,-5.796041965484619,-5.72237491607666,0.00023236944826612134,0.07366704940795898
representative,code-humaneval-05,4,11,14963,5,0.003092534654141005,0.003048429544406671,3.1660380190397e-05,0.0030198592016626893,0.0030891728393077295,-5.802545070648193,-5.779851913452148,6.931363764504017e-05,0.022693157196044922
representative,code-humaneval-05,4,12,19124,5,0.00272915225341496,0.002674169636123145,7.44865240624207e-05,0.002599874861033801,0.0027986309828172315,-5.952291965484619,-5.87862491607666,0.00019875612178343058,0.07366704940795898
representative,code-humaneval-05,4,13,7275,5,0.0024084684103204707,0.002177969367685015,0.00012314420970167646,0.001994519891580103,0.0022795093178459057,-6.217351913452148,-6.083795070648193,0.00028498942626580285,0.13355684280395508
representative,code-humaneval-05,4,14,198,5,0.0021254659120806597,0.0020310283582496446,4.6804396393916126e-05,0.001994519891580103,0.0021125174971838635,-6.217351913452148,-6.15987491607666,0.00011799760560376061,0.05747699737548828
representative,code-humaneval-05,4,15,35033,5,0.0018180073362494013,0.0017923762352167875,4.130473484497261e-05,0.0017601576264628038,0.0018642901479205213,-6.342351913452148,-6.28487491607666,0.00010413252145771755,0.05747699737548828
representative,code-humaneval-05,4,16,27,5,0.0016553145167199957,0.001523481353751419,3.112520341757253e-05,0.0014979992177602572,0.0015769038146331226,-6.50362491607666,-6.452291965484619,7.890459687286545e-05,0.051332950592041016
representative,code-humaneval-05,4,17,702,5,0.0016553145167199957,0.0015522723726469582,2.8508120191604115e-05,0.0015055426011194829,0.0015769038146331226,-6.498601913452148,-6.452291965484619,7.136121351363975e-05,0.0463099479675293
representative,code-humaneval-05,4,18,5244,5,0.0016043858431161676,0.0016015467871214894,2.9413065067879542e-05,0.0015533336534140777,0.0016269601150079112,-6.467351913452148,-6.421041965484619,7.36264615938335e-05,0.0463099479675293
representative,code-humaneval-05,4,19,11187,5,0.0015550240800715396,0.0016020731395218345,5.530965814742784e-05,0.0015666823150596136,0.0016974554963003511,-6.458795070648193,-6.37862491607666,0.00013077318124073752,0.0801701545715332
representative,code-humaneval-05,4,20,2,5,0.0014608099338087126,0.001361699990175124,4.254432568995479e-05,0.0012877588289298123,0.0013916127320875637,-6.654851913452148,-6.577291965484619,0.00010385390315775138,0.0775599479675293
representative,code-humaneval-05,4,21,262,5,0.0014608099338087126,0.0014220629286381217,1.1257877050211944e-05,0.001407240033248354,0.0014357872621231587,-6.56612491607666,-6.546041965484619,2.8547228874804603e-05,0.020082950592041016
representative,code-humaneval-05,4,22,1602,5,0.0014158655371005926,0.0013700945047889395,3.7398650455069774e-05,0.0013400543975614157,0.0014143263861138206,-6.615045070648193,-6.561101913452148,7.427198855240497e-05,0.05394315719604492
representative,code-humaneval-05,4,23,9586,5,0.0014158655371005926,0.0013699717211306977,3.108225288413432e-05,0.0013286366821970987,0.001407240033248354,-6.623601913452148,-6.56612491607666,7.860335105125535e-05,0.05747699737548828
representative,code-humaneval-05,4,24,256,5,0.0012494969509675474,0.0012013390576878326,1.9329922570514477e-05,0.0011825938551428153,0.0012280939256645613,-6.740045070648193,-6.702291965484619,4.550007052174596e-05,0.03775310516357422
representative,code-humaneval-06,5,0,1432,5,0.48453063210444586,0.46998008106095623,0.006359641582481284,0.4666514316824232,0.481334211731992,-0.7621726989746094,-0.7311934232711792,0.0146827800495688,0.030979275703430176
representative,code-humaneval-06,5,1,220,5,0.12203092095789814,0.11102737857562184,0.001972840093095356,0.10782051931392429,0.11235804007580313,-2.2272872924804688,-2.1860647201538086,0.004537520761878841,0.041222572326660156
representative,code-humaneval-06,5,2,720,5,0.07756757276345015,0.08380071970950756,0.000862685756320759,0.08266885976015328,0.08468770822950568,-2.4929122924804688,-2.468784809112549,0.002018848469352394,0.024127483367919922
representative,code-humaneval-06,5,3,1084,5,0.05087005617373784,0.05961849757724309,0.0013166730280670337,0.05862099955097496,0.06193288693780144,-2.8366622924804688,-2.7817039489746094,0.00331188738682648,0.054958343505859375
representative,code-humaneval-06,5,4,59,5,0.023290008831533256,0.024011323023407288,0.00042442200983005353,0.02331782259711092,0.024299130281672725,-3.7585372924804688,-3.7173147201538086,0.0009813076845618038,0.041222572326660156
representative,code-humaneval-06,5,5,4815,5,0.02153973702763846,0.021657971990420126,0.0003413340423857322,0.021231119079490993,0.022092108644981803,-3.8522872924804688,-3.812534809112549,0.0008609895654908099,0.03975248336791992
representative,code-humaneval-06,5,6,2355,5,0.018138277115738035,0.01953442207508865,0.0001664544093265323,0.01933115390556988,0.019794939614443646,-3.9460372924804688,-3.9223289489746094,0.0004637857088737665,0.023708343505859375
representative,code-humaneval-06,5,7,27,5,0.017580220996715027,0.016347062315869246,0.0001264772034190185,0.01615615885152251,0.016441613980873154,-4.125453948974609,-4.107939720153809,0.0002854551293506452,0.01751422882080078
representative,code-humaneval-06,5,8,1038,5,0.010334878770757476,0.010039889517983267,0.00010297747150056022,0.009957693513903281,0.010186802260979693,-4.609409809112549,-4.586662292480469,0.0002291087470764116,0.022747516632080078
representative,code-humaneval-06,5,9,11414,5,0.008567915433822411,0.009551056959278562,0.00016971226685198322,0.009275189007951568,0.009665526236539702,-4.680412292480469,-4.639189720153809,0.0003903372285881338,0.041222572326660156
representative,code-humaneval-06,5,10,34794,5,0.008567915433822411,0.009493983446199514,0.0002906046555310796,0.008989821442556332,0.009665526236539702,-4.711662292480469,-4.639189720153809,0.0006757047939833696,0.07247257232666016
representative,code-humaneval-06,5,11,45832,5,0.00804881167961396,0.008644370298535181,0.00026459854992632405,0.008185325570403945,0.008800561786559965,-4.805412292480469,-4.732939720153809,0.0006152362161560201,0.07247257232666016
representative,code-humaneval-06,5,12,1270,5,0.007328526431085147,0.007773103539364128,0.00024393798913212991,0.00745282374312173,0.008013002692628033,-4.899162292480469,-4.826689720153809,0.0005601789495063032,0.07247257232666016
representative,code-humaneval-06,5,13,15029,5,0.007328526431085147,0.008221027530191601,0.0001687884278424207,0.007933489577844541,0.008381704795388469,-4.836662292480469,-4.781703948974609,0.0004482152175439274,0.054958343505859375
representative,code-humaneval-06,5,14,674,5,0.006884513460535208,0.007209516033716168,0.00012810553996320348,0.007001279979134977,0.007295921977403937,-4.961662292480469,-4.920439720153809,0.0002946419982689597,0.041222572326660156
representative,code-humaneval-06,5,15,7275,5,0.006884513460535208,0.0071641761620916955,9.406385221228742e-05,0.007071450056646262,0.007285204203032245,-4.951689720153809,-4.921909809112549,0.00021375414638598236,0.029779911041259766
representative,code-humaneval-06,5,16,19124,5,0.0064674018759419815,0.006482585445358562,0.00010028689551417407,0.006374737963924986,0.006633253911630233,-5.055412292480469,-5.015659809112549,0.0002585159477052467,0.03975248336791992
representative,code-humaneval-06,5,17,5996,5,0.005888636419253844,0.006857227078059058,5.843099317239674e-05,0.006785873239651465,0.006948677335369334,-4.992912292480469,-4.969203948974609,0.0001628040957178693,0.023708343505859375
representative,code-humaneval-06,5,18,3961,5,0.005361664474130448,0.005376209002740995,0.0001810650615096695,0.005122245855366367,0.005507250841566439,-5.274162292480469,-5.201689720153809,0.0003850049862000717,0.07247257232666016
representative,code-humaneval-06,5,19,15152,5,0.004881851057939005,0.005509936750132333,4.695062201709213e-05,0.0054526023302524694,0.005583419096250812,-5.211662292480469,-5.187953948974609,0.00013081676599834263,0.023708343505859375
representative,code-humaneval-06,5,20,15425,5,0.004586074654537687,0.0046835117680689865,3.623632547301108e-05,0.004628817009796418,0.004710601273643724,-5.375453948974609,-5.357939720153809,8.178426384730566e-05,0.01751422882080078
representative,code-humaneval-06,5,21,1827,5,0.0044449759709675445,0.005144587570913029,0.00010562509915008526,0.004964650918179792,0.005245136834180225,-5.305412292480469,-5.250453948974609,0.0002804859160004331,0.054958343505859375
representative,code-humaneval-06,5,22,1602,5,0.004175668491018925,0.004656548027177773,0.00016629639480105,0.004520366101637601,0.004927350058273023,-5.399162292480469,-5.312953948974609,0.00040698395663542244,0.08620834350585938
representative,code-humaneval-06,5,23,5779,5,0.004175668491018925,0.004627203958941723,0.00015071904794257152,0.004418699711406397,0.004775751434377164,-5.421909809112549,-5.344203948974609,0.0003570517229707672,0.07770586013793945
representative,code-humaneval-06,5,24,2612,5,0.0036850145095442925,0.0027208827233007023,0.00011199752479769919,0.0025756269662089827,0.0028529269573968922,-5.961662292480469,-5.859409809112549,0.0002772999911879095,0.10225248336791992
representative,instruction-ifeval-01,6,0,3234,5,0.08445959383101355,0.08461196250919169,0.00251839430022403,0.0818531997753414,0.08645113766509187,-2.5028278827667236,-2.4481759071350098,0.004597937889750464,0.05465197563171387
representative,instruction-ifeval-01,6,1,578,5,0.07996473623919131,0.07654996495362541,0.0018209170726967807,0.07522015514554235,0.07854467966575002,-2.5873360633850098,-2.5440876483917236,0.003324524520207664,0.04324841499328613
representative,instruction-ifeval-01,6,2,4718,5,0.07022489852452028,0.07085871888132914,0.0005042179448886586,0.07049049015824324,0.07141106196595796,-2.6522774696350098,-2.6393024921417236,0.0009205718077147235,0.012974977493286133
representative,instruction-ifeval-01,6,3,7557,5,0.042510444683006285,0.040013231764585946,0.0003276495619960563,0.03977395035650337,0.040372153876709796,-3.2245430946350098,-3.2096149921417236,0.0005982035202064251,0.014928102493286133
representative,instruction-ifeval-01,6,4,7429,5,0.040881895121714466,0.04598697336689463,0.0007718729498136159,0.045423277065373344,0.04683251781917658,-3.0917305946350098,-3.0611774921417236,0.0014092407538032342,0.030553102493286133
representative,instruction-ifeval-01,6,5,5560,5,0.04009116769156675,0.03976286687224397,1.51766858615646e-05,0.03974624164585488,0.03977395035650337,-3.2252399921417236,-3.2245430946350098,2.770871064849273e-05,0.0006968975067138672
representative,instruction-ifeval-01,6,6,9842,5,0.03208856714489618,0.0317032741091219,0.0003505326423143614,0.031319284838446974,0.031959266956238526,-3.4635212421417236,-3.4432930946350098,0.0006399821177915516,0.020228147506713867
representative,instruction-ifeval-01,6,7,220,5,0.029446124425543035,0.03273668614837317,0.0005013475754654882,0.032187487395907224,0.03310281865001713,-3.4361774921417236,-3.4081368446350098,0.0009153312541099051,0.028040647506713867
representative,instruction-ifeval-01,6,8,1472,5,0.027446805967377426,0.024652497349125103,0.0003250798869726527,0.0242963901749528,0.024889902131906637,-3.7174274921417236,-3.6932930946350098,0.000593511956953837,0.024134397506713867
representative,instruction-ifeval-01,6,9,5321,5,0.02422172125205097,0.022064790956875285,0.00037034868868244945,0.02179432651563017,0.022470487618742957,-3.8261055946350098,-3.7955524921417236,0.0006761611031127872,0.030553102493286133
representative,instruction-ifeval-01,6,10,4815,5,0.023476497233709762,0.024845849282215993,0.00032762952012603796,0.024486949124860744,0.025085116053786157,-3.7096149921417236,-3.6854805946350098,0.000598166928925413,0.024134397506713867
representative,instruction-ifeval-01,6,11,720,5,0.017720985602976795,0.01830668387206601,0.0008606845800066342,0.017363851153333023,0.018935239017888003,-4.0533647537231445,-3.9667305946350098,0.0015713878645549802,0.08663415908813477
representative,instruction-ifeval-01,6,12,2893,5,0.016909482589904476,0.0175073550105181,6.679919067531581e-06,0.017500037525806908,0.017512233333658894,-4.0455522537231445,-4.04485559463501,1.2195807851986262e-05,0.0006966590881347656
representative,instruction-ifeval-01,6,13,57094,5,0.015276444464777168,0.016981295574987964,0.0007270164676382568,0.016184888936981567,0.017512233333658894,-4.1236772537231445,-4.04485559463501,0.0013273443966773275,0.07882165908813477
representative,instruction-ifeval-01,6,14,8442,5,0.013587150970390408,0.012395522141249773,0.00010150273248792969,0.012321395026273704,0.012506712813713875,-4.39641809463501,-4.3814897537231445,0.00018531778744017117,0.014928340911865234
representative,instruction-ifeval-01,6,15,30834,5,0.013169118282349892,0.013637155579260507,0.0002876372209815702,0.013427095053514235,0.013952246367879916,-4.31048059463501,-4.2721147537231445,0.0005251513143656808,0.038365840911865234
representative,instruction-ifeval-01,6,16,1442,5,0.012664617283566073,0.011698985162643106,4.562914812570753e-05,0.011665662344365512,0.011748969390059495,-4.45110559463501,-4.4439897537231445,8.33070456939828e-05,0.007115840911865234
representative,instruction-ifeval-01,6,17,15392,5,0.011712856264543518,0.011996419926632135,0.00020135668485156286,0.011849369795435254,0.012216995123427454,-4.43548059463501,-4.4049272537231445,0.00036762532799219927,0.030553340911865234
representative,instruction-ifeval-01,6,18,763,5,0.009121981630829303,0.008680860599060581,0.0001083677155203407,0.008601720009332858,0.008799571483652168,-4.75579309463501,-4.7330522537231445,0.00019785147431931015,0.022740840911865234
representative,instruction-ifeval-01,6,19,1115,5,0.009121981630829303,0.008492552473226191,3.312320935354011e-05,0.008468362701306326,0.008528837131105993,-4.77141809463501,-4.7643022537231445,6.0474429799667676e-05,0.007115840911865234
representative,instruction-ifeval-01,6,20,3494,5,0.008704255678985808,0.008413778596465742,0.00010503359142659198,0.008337072906705574,0.008528837131105993,-4.78704309463501,-4.7643022537231445,0.0001917642244004189,0.022740840911865234
representative,instruction-ifeval-01,6,21,13969,5,0.008176891486907648,0.007732557021436083,3.015902531855823e-05,0.007710531983463625,0.007765594578394771,-4.86516809463501,-4.8580522537231445,5.5062594931145833e-05,0.007115840911865234
representative,instruction-ifeval-01,6,22,40665,5,0.0072160814099663465,0.007494651252659261,2.923112965816006e-05,0.00747330385386575,0.0075266723508495255,-4.89641809463501,-4.8893022537231445,5.336849698377513e-05,0.007115840911865234
representative,instruction-ifeval-01,6,23,30379,5,0.006994065925226299,0.007378457454841163,2.8777942998102e-05,0.0073574410167896185,0.0074099821119184795,-4.91204309463501,-4.9049272537231445,5.2541095128861084e-05,0.007115840911865234
representative,instruction-ifeval-01,6,24,9442,5,0.006673784328078893,0.006955512727510303,0.00020675449562268476,0.0068045205926861065,0.007182000929746598,-4.99016809463501,-4.9361772537231445,0.00037748033706049185,0.053990840911865234
representative,instruction-ifeval-02,7,0,578,5,0.1751454295461925,0.1776975250763652,0.0019301100448704629,0.17656158148831713,0.18111315023000119,-1.7340855598449707,-1.708633303642273,0.004551568741684053,0.025452256202697754
representative,instruction-ifeval-02,7,1,5560,5,0.04667024871461941,0.04672431740748771,0.0006124558061780459,0.046160155216137755,0.04737106629661913,-3.0756382942199707,-3.04974365234375,0.0012109110804813736,0.025894641876220703
representative,instruction-ifeval-02,7,2,220,5,0.046002815093015924,0.044276336737308755,0.0014943341198366167,0.042691836547017956,0.045639083590212785,-3.15374755859375,-3.0869908332824707,0.0029472470431948297,0.0667567253112793
representative,instruction-ifeval-02,7,3,1472,5,0.03967627387076854,0.0396074881193124,0.0011606645877077124,0.03770474386989868,0.040547669752766524,-3.2779693603515625,-3.2052769660949707,0.0028429258828678444,0.0726923942565918
representative,instruction-ifeval-02,7,4,2435,5,0.031896352284072976,0.0323725157670432,0.00014641367116021366,0.032217115356170466,0.032535278116343005,-3.4352574348449707,-3.4254302978515625,0.0003181627601725398,0.009827136993408203
representative,instruction-ifeval-02,7,5,1102,5,0.02717603190281025,0.027877527749330826,0.0004999553012131462,0.027376138680009786,0.02837602842328427,-3.59808349609375,-3.5622105598449707,0.000999889743274484,0.0358729362487793
representative,instruction-ifeval-02,7,6,9842,5,0.025931550796252867,0.02625157186428607,0.0005707190402852434,0.025635605349512317,0.02674197111052372,-3.6637730598449707,-3.62152099609375,0.0011063657610114012,0.0422520637512207
representative,instruction-ifeval-02,7,7,5810,5,0.02324489190282619,0.02335350670750074,0.0007350539155536929,0.022317516337737053,0.024065169180752893,-3.8023834228515625,-3.72698974609375,0.00174765284301584,0.0753936767578125
representative,instruction-ifeval-02,7,8,9934,5,0.021414197888861293,0.019907271753231287,0.0003324407552225527,0.019564844013298735,0.02032032986577778,-3.93402099609375,-3.8961334228515625,0.0007554858524790459,0.0378875732421875
representative,instruction-ifeval-02,7,9,7557,5,0.020433570371934766,0.019673736064612944,0.00016972415431639628,0.0194885679151161,0.019809660428343465,-3.93792724609375,-3.9215855598449707,0.00032109251322736537,0.016341686248779297
representative,instruction-ifeval-02,7,10,358,5,0.01810313570020679,0.01756730041748989,0.0002255990664883167,0.017380899200038488,0.01781399319289263,-4.0523834228515625,-4.02777099609375,0.00043309399285414163,0.0246124267578125
representative,instruction-ifeval-02,7,11,9062,5,0.01768377701338586,0.017513045906387355,0.0002743109656756731,0.017265914241286897,0.017932628166046138,-4.05902099609375,-4.0211334228515625,0.0006667139247592407,0.0378875732421875
representative,instruction-ifeval-02,7,12,7429,5,0.0171397043924424,0.017013503647989398,0.0002172805021504414,0.016800195661989505,0.01731313749578041,-4.08636474609375,-4.0562896728515625,0.0005129418337909038,0.0300750732421875
representative,instruction-ifeval-02,7,13,320,5,0.016291058782729795,0.015545997310689402,0.0008785719015345009,0.01476831906797543,0.01648706228071844,-4.21527099609375,-4.105179309844971,0.001718743212743009,0.1100916862487793
representative,instruction-ifeval-02,7,14,30834,5,0.01603848932664315,0.01642859015889201,0.0004010722531379241,0.01607470399778608,0.01686594976867312,-4.1305084228515625,-4.08245849609375,0.0007912457708870411,0.0480499267578125
representative,instruction-ifeval-02,7,15,3234,5,0.013296374663412732,0.012773687403823175,0.000260484996485852,0.012591786283616662,0.013222690830778943,-4.374710559844971,-4.3258209228515625,0.0006309045471622806,0.0488896369934082
representative,instruction-ifeval-02,7,16,4418,5,0.011023081762205275,0.01047676500942084,0.00032433495567841966,0.010277116444148889,0.011047971717416753,-4.577835559844971,-4.5055084228515625,0.000770855273267864,0.0723271369934082
representative,instruction-ifeval-02,7,17,2360,5,0.01093729945936941,0.010606954003904418,0.00025320810530769984,0.010438957479022782,0.011047971717416753,-4.562210559844971,-4.5055084228515625,0.000609014238393971,0.0567021369934082
representative,instruction-ifeval-02,7,18,2684,5,0.010600794131440983,0.010344035587722258,0.00018196542436808396,0.010150107361183797,0.010542048258198126,-4.59027099609375,-4.5523834228515625,0.0003919408970143295,0.0378875732421875
representative,instruction-ifeval-02,7,19,5321,5,0.01051829809701966,0.010479546161461465,0.000417667075845401,0.00990333784256137,0.010889475614950645,-4.6148834228515625,-4.51995849609375,0.0009861377723892756,0.0949249267578125
representative,instruction-ifeval-02,7,20,1115,5,0.01027464198403439,0.010623691135550496,0.00025914319056070235,0.010297841973321726,0.010889475614950645,-4.5758209228515625,-4.51995849609375,0.0005916336416289195,0.0558624267578125
representative,instruction-ifeval-02,7,21,1442,5,0.009502490445155599,0.00914184678459637,5.407460491629673e-05,0.009098497435289949,0.00923092588572988,-4.69964599609375,-4.6851959228515625,0.00013242845043993055,0.0144500732421875
representative,instruction-ifeval-02,7,22,2893,5,0.007755706665808063,0.007449921030717251,7.6693162850352e-05,0.0073681877680284134,0.007518899011043864,-4.91058349609375,-4.890335559844971,0.0001507112430154502,0.020247936248779297
representative,instruction-ifeval-02,7,23,1789,5,0.007695351277699304,0.00803319392733004,0.0002576420639826198,0.007593152513766418,0.008219807439058346,-4.8805084228515625,-4.80120849609375,0.0006266549252919281,0.0792999267578125
representative,instruction-ifeval-02,7,24,2355,5,0.007635465578947134,0.007959289020388723,0.0002947655762104353,0.007637304441562502,0.008210155438661241,-4.874710559844971,-4.8023834228515625,0.0005728509970987393,0.0723271369934082
representative,instruction-ifeval-03,0,0,220,5,0.10939357442794813,0.11214318660294154,0.0012463532401947297,0.11123297889057579,0.11350849817149015,-2.1961283683776855,-2.175877571105957,0.002275519280914365,0.020250797271728516
representative,instruction-ifeval-03,0,1,320,5,0.058325879879691137,0.06021084057524565,4.067693411320283e-05,0.06016628122647775,0.06024054680775759,-2.810643196105957,-2.8094096183776855,7.426558127984068e-05,0.0012335777282714844
representative,instruction-ifeval-03,0,2,578,5,0.04682041571840019,0.045614274595059665,0.00016447519156607252,0.0454941588982987,0.0457944481402011,-3.0901713371276855,-3.083592414855957,0.0003002892419024031,0.006578922271728516
representative,instruction-ifeval-03,0,3,1472,5,0.046139568632468916,0.0471621762671061,0.000650847628112285,0.04668686436388499,0.04787514412193777,-3.0642924308776855,-3.039158821105957,0.0011882797580527737,0.025133609771728516
representative,instruction-ifeval-03,0,4,358,5,0.029673804510470407,0.03231102452176622,0.0002116847908278743,0.03207913545173184,0.03246561723512247,-3.439549446105957,-3.4275736808776855,0.00038648178339063116,0.011975765228271484
representative,instruction-ifeval-03,0,5,1102,5,0.025580418426992442,0.02408169513283161,9.348996421759249e-05,0.02397928200822696,0.024149970549234713,-3.730565071105957,-3.7234721183776855,0.00017068854100775466,0.007092952728271484
representative,instruction-ifeval-03,0,6,1115,5,0.021456892095973446,0.02223734286385355,0.00013382058554099884,0.02209074975713484,0.022335071601666024,-3.812596321105957,-3.8015971183776855,0.0002443218445311833,0.010999202728271484
representative,instruction-ifeval-03,0,7,5560,5,0.017241101270923424,0.016564367688822086,0.00013502860436406027,0.016416451263784812,0.016662978638846932,-4.109471321105957,-4.0945658683776855,0.0002465273750621201,0.014905452728271484
representative,instruction-ifeval-03,0,8,1442,5,0.015698201348778255,0.01752250351441646,8.195549912459433e-05,0.017462651680306945,0.017612281265580728,-4.0476908683776855,-4.039158821105957,0.00014962958527378264,0.008532047271728516
representative,instruction-ifeval-03,0,9,4718,5,0.015515311763387073,0.014174701414879271,0.0004937813716761373,0.013814094487222121,0.014715611806364997,-4.2820658683776855,-4.218846321105957,0.0009015173191428763,0.06321954727172852
representative,instruction-ifeval-03,0,10,2355,5,0.013745804386462284,0.013395290513149954,0.0002802097802604406,0.013088336078185535,0.013599926803126232,-4.336033821105957,-4.2976908683776855,0.000511590724940697,0.038342952728271484
representative,instruction-ifeval-03,0,11,7429,5,0.011485049453117423,0.011419909321183797,4.433437546304996e-05,0.011371343446155766,0.011452286571202485,-4.476658821105957,-4.4695658683776855,8.09431250467195e-05,0.007092952728271484
representative,instruction-ifeval-03,0,12,9842,5,0.011395672089189107,0.01105760152908159,0.0004184088779649152,0.010599257567637969,0.011363164170044003,-4.546971321105957,-4.4773783683776855,0.0007639066024060347,0.06959295272827148
representative,instruction-ifeval-03,0,13,3234,5,0.011306990265425016,0.010818665717985182,0.0004237412035054332,0.010509208897046098,0.011282850949393807,-4.5555033683776855,-4.484471321105957,0.0007736420523477092,0.07103204727172852
representative,instruction-ifeval-03,0,14,4418,5,0.010539273807487575,0.010064983282846728,0.00026358486037551603,0.009872488117720703,0.010353726030535769,-4.6180033683776855,-4.570408821105957,0.00048123791281506553,0.047594547271728516
representative,instruction-ifeval-03,0,15,330,5,0.010457256528025507,0.011528117684128505,0.0001431146442889194,0.011371343446155766,0.011632633842776996,-4.476658821105957,-4.4539408683776855,0.00026129039662122974,0.022717952728271484
representative,instruction-ifeval-03,0,16,2360,5,0.00997838388679175,0.009805828500495788,0.00042660667196404447,0.009494279037273236,0.010273152695329616,-4.6570658683776855,-4.578221321105957,0.0007788736580563796,0.07884454727172852
representative,instruction-ifeval-03,0,17,3639,5,0.00959611800313864,0.009830244936326537,0.00016387046288004553,0.00965073383827011,0.00994991900169749,-4.640721321105957,-4.6101908683776855,0.0002991851634273797,0.030530452728271484
representative,instruction-ifeval-03,0,18,7839,5,0.009521440420376226,0.00873278020847636,0.000304209878125635,0.008510616725189282,0.009066025433406974,-4.7664408683776855,-4.703221321105957,0.0005554087082176914,0.06321954727172852
representative,instruction-ifeval-03,0,19,7557,5,0.00922849649551505,0.008921617744562209,3.5163719063493417e-06,0.008919049749610629,0.008925469736989579,-4.7195658683776855,-4.718846321105957,6.419987378949998e-06,0.0007195472717285156
representative,instruction-ifeval-03,0,20,9934,5,0.008874958346685427,0.008087441271570375,0.00021179638539440589,0.007932767061065611,0.008319452587327523,-4.8367533683776855,-4.789158821105957,0.000386685526261912,0.047594547271728516
representative,instruction-ifeval-03,0,21,30834,5,0.008805892872893755,0.008460619249991102,0.00011221110880052106,0.008378671842667485,0.008583540360976525,-4.7820658683776855,-4.757908821105957,0.0002048685183090402,0.024157047271728516
representative,instruction-ifeval-03,0,22,5321,5,0.008337251802801779,0.00804182463407755,0.000371963683927571,0.007634358833557846,0.008313468501090687,-4.875096321105957,-4.7898783683776855,0.0006791096675328413,0.08521795272827148
representative,instruction-ifeval-03,0,23,19124,5,0.007893551355511723,0.008097928302525904,3.143777973534914e-05,0.008063489940288045,0.008120887210684477,-4.820408821105957,-4.8133158683776855,5.739727039643164e-05,0.007092952728271484
representative,instruction-ifeval-03,0,24,5810,5,0.007357598892040404,0.007062873314984083,0.00030727325888441526,0.006838472654705258,0.007399474305402321,-4.9851908683776855,-4.906346321105957,0.0005610016506970633,0.07884454727172852
representative,instruction-ifeval-04,1,0,3234,5,0.2749637524648747,0.2452617271850171,0.008967257929326442,0.22922060854361873,0.24927200684536666,-1.4730703830718994,-1.38921058177948,0.02005139830174793,0.08385980129241943
representative,instruction-ifeval-04,1,1,578,5,0.11826043630542331,0.11615267418860827,0.000515277786703042,0.11592223495693553,0.11707443111529917,-2.1548357009887695,-2.1449453830718994,0.0011521961583636359,0.009890317916870117
representative,instruction-ifeval-04,1,2,4718,5,0.09804134522591448,0.09873445607895606,0.0009371046111050766,0.0970581123889885,0.09915354200144795,-2.3324453830718994,-2.3110857009887695,0.002095429612459454,0.021359682083129883
representative,instruction-ifeval-04,1,3,220,5,0.05288933859789014,0.055331413237512284,0.0022355205886055653,0.054331658037267805,0.05933043403849019,-2.9126482009887695,-2.8246328830718994,0.004998776001222387,0.08801531791687012
representative,instruction-ifeval-04,1,4,1472,5,0.042831091670651036,0.04722379925913968,4.390905114444982e-05,0.04720416253450238,0.047302346157688885,-3.0532732009887695,-3.0511953830718994,9.818362318650409e-05,0.002077817916870117
representative,instruction-ifeval-04,1,5,23212,5,0.033356887732906154,0.038092650962032605,0.001679476880038537,0.03734156606795152,0.04109699053835695,-3.2876482009887695,-3.1918203830718994,0.00375542447040543,0.09582781791687012
representative,instruction-ifeval-04,1,6,2360,5,0.027979805834107252,0.026690484903554818,0.0009315125045746655,0.02502414467785879,0.027107069959978827,-3.6879141330718994,-3.6079607009887695,0.002082925282120035,0.07995343208312988
representative,instruction-ifeval-04,1,7,7557,5,0.019609502687922352,0.021271180492567765,0.0003581581208098917,0.021111007311602866,0.021911873216427367,-3.8579607009887695,-3.8207266330718994,0.0008008659048245013,0.03723406791687012
representative,instruction-ifeval-04,1,8,35106,5,0.016480640568585215,0.01857301621463575,0.00011507019360498874,0.018521555259618787,0.018778860034703602,-3.9888200759887695,-3.9750235080718994,0.00025730477508481564,0.013796567916870117
representative,instruction-ifeval-04,1,9,5321,5,0.014976514411127084,0.017329738766251913,0.0004474380195249222,0.017129638400776793,0.018130140228152396,-4.0669450759887695,-4.01017951965332,0.001000501827375603,0.05676555633544922
representative,instruction-ifeval-04,1,10,1102,5,0.013823985223772272,0.0162138984290496,0.0002730068032749534,0.016091806074961055,0.016702267845403764,-4.1294450759887695,-4.09221076965332,0.0006104617704427093,0.03723430633544922
representative,instruction-ifeval-04,1,11,5810,5,0.012910562414716126,0.013993931251266304,0.0006040636445975065,0.013723785776855044,0.015074513148911343,-4.2886247634887695,-4.19474983215332,0.0013507273720562984,0.09387493133544922
representative,instruction-ifeval-04,1,12,9842,5,0.012331381203843111,0.013230009153800768,0.0002909634830477031,0.012709517852148949,0.013360131979213721,-4.36540412902832,-4.3154802322387695,0.0006506141270647726,0.04992389678955078
representative,instruction-ifeval-04,1,13,5560,5,0.01152220723216252,0.011301920041665789,0.00013371228030941614,0.011242122092026116,0.011541111840224477,-4.4880876541137695,-4.46183967590332,0.0002989897481983604,0.02624797821044922
representative,instruction-ifeval-04,1,14,1789,5,0.01086647636283778,0.01136576240183378,0.00039280572865330466,0.011190094339589753,0.01206843465080988,-4.4927263259887695,-4.41716194152832,0.0008783403112201261,0.07556438446044922
representative,instruction-ifeval-04,1,15,9503,5,0.01006212313935642,0.010567340524911959,0.0004878989757032666,0.010349145469746955,0.011440120745571977,-4.5708513259887695,-4.47062873840332,0.0010909752758250218,0.10022258758544922
representative,instruction-ifeval-04,1,16,30834,5,0.009317309373425207,0.009643928666309098,0.00026643906683989163,0.009524773493245977,0.010120549358561584,-4.6538591384887695,-4.59318733215332,0.0005957758653156071,0.06067180633544922
representative,instruction-ifeval-04,1,17,2893,5,0.00904830111670584,0.009980007916260431,0.00021273020197119016,0.009884872077765464,0.010360551270240305,-4.6167497634887695,-4.56974983215332,0.0004756791924748413,0.04699993133544922
representative,instruction-ifeval-04,1,18,4815,5,0.008102927820420724,0.008102440333522112,0.00030504144197317245,0.007966021653480797,0.008648115053687368,-4.8325700759887695,-4.75041389465332,0.0006820934002065709,0.08215618133544922
representative,instruction-ifeval-04,1,19,763,5,0.007574918885694168,0.00806567679902501,0.00022283567974449228,0.007966021653480797,0.008464297381201856,-4.8325700759887695,-4.77189826965332,0.0004982757277210582,0.06067180633544922
representative,instruction-ifeval-04,1,20,30379,5,0.007284728300295523,0.007923071590596673,7.706496769354539e-05,0.007888607089307354,0.008060929595753946,-4.8423357009887695,-4.82072639465332,0.00017232250644659206,0.02160930633544922
representative,instruction-ifeval-04,1,21,20474,5,0.006218800348784304,0.007523498857558984,0.00018745808713964285,0.00743966505240372,0.007858834078180041,-4.9009294509887695,-4.84611701965332,0.0004191690257763208,0.05481243133544922
representative,instruction-ifeval-04,1,22,17830,5,0.00619455554388529,0.005957110421303458,5.539602972635597e-06,0.005954633035540424,0.005967019964355597,-5.1235857009887695,-5.12150764465332,1.2386928815172858e-05,0.0020780563354492188
representative,instruction-ifeval-04,1,23,19110,5,0.006051058819265732,0.006515086573359361,0.00022739563685198312,0.006413392153001783,0.0069218642547896735,-5.0493669509887695,-4.97307014465332,0.0005084721017878909,0.07629680633544922
representative,instruction-ifeval-04,1,24,2684,5,0.005095502399432295,0.0046323926225144705,5.1945657125896705e-05,0.004539469406138949,0.0046556234266083504,-5.39494514465332,-5.3696794509887695,0.0001161540204694016,0.02526569366455078
representative,instruction-ifeval-05,2,0,220,5,0.11012007579979095,0.10402725269885446,0.00017732944931026496,0.10372019430247438,0.10418112206864984,-2.2660584449768066,-2.261624336242676,0.0004609277661754563,0.004434108734130859
representative,instruction-ifeval-05,2,1,320,5,0.05848433078977731,0.05760953559063355,0.0006579687191530551,0.05714170734589555,0.05852366538936707,-2.8622210025787354,-2.8383240699768066,0.0013819580434715206,0.02389693260192871
representative,instruction-ifeval-05,2,2,578,5,0.03967889425564801,0.0402404596233386,0.00032312234765650635,0.03974437486993083,0.04046022661360706,-3.2252869606018066,-3.2074358463287354,0.0007158517436762352,0.01785111427307129
representative,instruction-ifeval-05,2,3,1472,5,0.03704805670881731,0.03713185853636978,0.0005635235276501594,0.03683985080207288,0.03813906444342207,-3.301175117492676,-3.2665162086486816,0.0012992136413491895,0.03465890884399414
representative,instruction-ifeval-05,2,4,5560,5,0.03332336719989701,0.03407852876981203,0.00030096862854831554,0.03355944831640823,0.034254417222879634,-3.394436836242676,-3.3739397525787354,0.0006949689064714021,0.02049708366394043
representative,instruction-ifeval-05,2,5,1102,5,0.032551432230131475,0.032504325243087245,8.405318135800431e-05,0.032463117180142456,0.032654239453818804,-3.4276506900787354,-3.421780586242676,0.00019112227367634738,0.00587010383605957
representative,instruction-ifeval-05,2,6,7557,5,0.031121518515727673,0.03293671886745423,0.0005946419311189256,0.03199139243593788,0.03333046275972399,-3.442288398742676,-3.4012835025787354,0.0013390703237861068,0.04100489616394043
representative,instruction-ifeval-05,2,7,30834,5,0.026464127021444135,0.027159552597807935,0.0002901367413256383,0.026741805340685893,0.027363394455189472,-3.6215271949768066,-3.5985491275787354,0.000621589114503579,0.02297806739807129
representative,instruction-ifeval-05,2,8,2893,5,0.019135999824791604,0.019363802631129284,5.911181998122255e-05,0.019271569804172602,0.01940355218064808,-3.949124336242676,-3.9422991275787354,0.0001319823764754785,0.00682520866394043
representative,instruction-ifeval-05,2,9,3234,5,0.01847493814170208,0.018772375800431503,0.00045325988908859644,0.018236326822213402,0.019102727987096557,-4.004339694976807,-3.9579241275787354,0.000866401164883155,0.04641556739807129
representative,instruction-ifeval-05,2,10,9842,5,0.01818851077440102,0.01813656830939868,0.000354463563660649,0.01760634474587346,0.01860582479543683,-4.039495944976807,-3.984280586242676,0.0009994800495633713,0.05521535873413086
representative,instruction-ifeval-05,2,11,9934,5,0.015988726315575155,0.015156052521895183,0.000427321800858482,0.014935450866883996,0.015914405299477474,-4.204017639160156,-4.140530586242676,0.0009789544325934773,0.06348705291748047
representative,instruction-ifeval-05,2,12,1442,5,0.013837089317085723,0.013247877275541761,0.00023274030981938542,0.013077917748569574,0.013506380355747156,-4.336830139160156,-4.304593086242676,0.00042846260717758176,0.03223705291748047
representative,instruction-ifeval-05,2,13,5112,5,0.01351655348829167,0.0129435793378759,0.00036911461474468276,0.012675552519661676,0.013401272869938098,-4.368080139160156,-4.312405586242676,0.0007257203502764216,0.05567455291748047
representative,instruction-ifeval-05,2,14,1115,5,0.012897585439456996,0.01314341546031966,9.035152212659905e-05,0.012982104523618384,0.0131935053917913,-4.344183444976807,-4.328030586242676,0.00021140086817291598,0.01615285873413086
representative,instruction-ifeval-05,2,15,2758,5,0.012403486700528772,0.013391925703864377,5.864527166174091e-06,0.013388051630558749,0.013401272869938098,-4.313392639160156,-4.312405586242676,1.3221239379348701e-05,0.0009870529174804688
representative,instruction-ifeval-05,2,16,358,5,0.012306962001237008,0.012584111581167595,0.00033152790824620283,0.012012823362149327,0.012881076984703614,-4.421780586242676,-4.351995944976807,0.000868253622554287,0.06978464126586914
representative,instruction-ifeval-05,2,17,4418,5,0.012306962001237008,0.01215551445419659,4.722019496821776e-05,0.012100651982536592,0.012189959728314602,-4.414495944976807,-4.407142639160156,8.930774577800907e-05,0.007353305816650391
representative,instruction-ifeval-05,2,18,1789,5,0.011118413620430128,0.010932252265986242,0.00023915925758197327,0.010757601702868592,0.011197182596134147,-4.532142639160156,-4.492093086242676,0.00043958089326555545,0.04004955291748047
representative,instruction-ifeval-05,2,19,7429,5,0.010282851641701691,0.010710825474292607,0.00010737822558155775,0.010518779597516126,0.010762542665341135,-4.554593086242676,-4.531683444976807,0.00024376306782500877,0.02290964126586914
representative,instruction-ifeval-05,2,20,5810,5,0.009362642964303084,0.00842819062201947,0.00042226738943687634,0.008120263787749596,0.008922461255226697,-4.813392639160156,-4.719183444976807,0.0008021974674771015,0.09420919418334961
representative,instruction-ifeval-05,2,21,4718,5,0.008933896327627524,0.008636286011581475,0.0002685381996144614,0.008443738323109122,0.008997188977712069,-4.774330139160156,-4.710843086242676,0.000553450654602947,0.06348705291748047
representative,instruction-ifeval-05,2,22,29298,5,0.008327307033463245,0.009312048177615568,0.0004023684399402207,0.009129857985918399,0.010031792842490225,-4.696205139160156,-4.601995944976807,0.0009019348565718257,0.09420919418334961
representative,instruction-ifeval-05,2,23,12522,5,0.007122723160127022,0.006840461842980419,9.625220411903531e-05,0.006784734348941595,0.0070070178212835715,-4.993080139160156,-4.960843086242676,0.0002222834723419765,0.03223705291748047
representative,instruction-ifeval-05,2,24,20474,5,0.006236864789968462,0.006297097369396129,0.00011063332140977154,0.006132311961145148,0.006373668075115017,-5.094183444976807,-5.055580139160156,0.000241356113969869,0.03860330581665039
representative,instruction-ifeval-06,3,0,4718,5,0.0996026056430423,0.09527485618119777,0.0,0.09527485618119777,0.09527485618119777,-2.35098934173584,-2.35098934173584,0.0,0.0
representative,instruction-ifeval-06,3,1,3234,5,0.09644392610506929,0.10701584148298973,0.0,0.10701584148298973,0.10701584148298973,-2.23477840423584,-2.23477840423584,0.0,0.0
representative,instruction-ifeval-06,3,2,220,5,0.05994190393050519,0.04937969833007052,0.0,0.04937969833007052,0.04937969833007052,-3.00821590423584,-3.00821590423584,0.0,0.0
representative,instruction-ifeval-06,3,3,578,5,0.036003285577132574,0.031082617799831673,0.0,0.031082617799831676,0.031082617799831676,-3.47110652923584,-3.47110652923584,0.0,0.0
representative,instruction-ifeval-06,3,4,1472,5,0.029847772093607342,0.02977532408789816,0.0,0.029775324087898156,0.029775324087898156,-3.51407527923584,-3.51407527923584,0.0,0.0
representative,instruction-ifeval-06,3,5,5560,5,0.024361041594514313,0.024112792281788614,0.0,0.024112792281788614,0.024112792281788614,-3.72501277923584,-3.72501277923584,0.0,0.0
representative,instruction-ifeval-06,3,6,7429,5,0.021331240756109066,0.01983464189777901,0.0,0.01983464189777901,0.01983464189777901,-3.92032527923584,-3.92032527923584,0.0,0.0
representative,instruction-ifeval-06,3,7,7557,5,0.018972398270242812,0.020305006875437338,0.0,0.020305006875437338,0.020305006875437338,-3.89688777923584,-3.89688777923584,0.0,0.0
representative,instruction-ifeval-06,3,8,4815,5,0.018532903137675152,0.014855460375938972,0.0,0.014855460375938974,0.014855460375938974,-4.20938777923584,-4.20938777923584,0.0,0.0
representative,instruction-ifeval-06,3,9,22559,5,0.018532903137675152,0.02300858713041309,0.0,0.02300858713041309,0.02300858713041309,-3.77188777923584,-3.77188777923584,0.0,0.0
representative,instruction-ifeval-06,3,10,5321,5,0.015976357319872653,0.01657246361698702,0.0,0.01657246361698702,0.01657246361698702,-4.10001277923584,-4.10001277923584,0.0,0.0
representative,instruction-ifeval-06,3,11,5810,5,0.01477571510680225,0.014625147810186945,0.0,0.014625147810186943,0.014625147810186943,-4.22501277923584,-4.22501277923584,0.0,0.0
representative,instruction-ifeval-06,3,12,40633,5,0.014660729579592061,0.018059646962190333,0.0,0.018059646962190333,0.018059646962190333,-4.01407527923584,-4.01407527923584,0.0,0.0
representative,instruction-ifeval-06,3,13,40665,5,0.013558958352569428,0.01544723464193119,0.0,0.015447234641931191,0.015447234641931191,-4.17032527923584,-4.17032527923584,0.0,0.0
representative,instruction-ifeval-06,3,14,8442,5,0.012345572069534821,0.01221976838434983,0.0,0.01221976838434983,0.01221976838434983,-4.40470027923584,-4.40470027923584,0.0,0.0
representative,instruction-ifeval-06,3,15,35106,5,0.012345572069534821,0.012906647642331856,0.0,0.012906647642331856,0.012906647642331856,-4.35001277923584,-4.35001277923584,0.0,0.0
representative,instruction-ifeval-06,3,16,2467,5,0.012154171715250519,0.012806207313525947,0.0,0.012806207313525947,0.012806207313525947,-4.35782527923584,-4.35782527923584,0.0,0.0
representative,instruction-ifeval-06,3,17,12361,5,0.010980379100082144,0.009442705132437312,0.0,0.009442705132437312,0.009442705132437312,-4.66251277923584,-4.66251277923584,0.0,0.0
representative,instruction-ifeval-06,3,18,9442,5,0.010810144100999524,0.010868486986234507,0.0,0.010868486986234507,0.010868486986234507,-4.52188777923584,-4.52188777923584,0.0,0.0
representative,instruction-ifeval-06,3,19,2893,5,0.010726018892189881,0.011479410044813352,0.0,0.011479410044813352,0.011479410044813352,-4.46720027923584,-4.46720027923584,0.0,0.0
representative,instruction-ifeval-06,3,20,1442,5,0.00984274821197132,0.011569444173667499,0.0,0.011569444173667499,0.011569444173667499,-4.45938777923584,-4.45938777923584,0.0,0.0
representative,instruction-ifeval-06,3,21,720,5,0.009392015955319345,0.008203964390911962,0.0,0.008203964390911962,0.008203964390911962,-4.80313777923584,-4.80313777923584,0.0,0.0
representative,instruction-ifeval-06,3,22,30834,5,0.009392015955319345,0.009442705132437312,0.0,0.009442705132437312,0.009442705132437312,-4.66251277923584,-4.66251277923584,0.0,0.0
representative,instruction-ifeval-06,3,23,13969,5,0.008961924231454692,0.009152183637718591,0.0,0.009152183637718591,0.009152183637718591,-4.69376277923584,-4.69376277923584,0.0,0.0
representative,instruction-ifeval-06,3,24,19124,5,0.008686194809984756,0.006592070581838987,0.0,0.006592070581838987,0.006592070581838987,-5.02188777923584,-5.02188777923584,0.0,0.0
representative,instruction-longbench-01,0,0,426,5,0.29020984137305106,0.25338348148761825,0.011103442908093328,0.2439940035791794,0.26617523433162094,-1.410611629486084,-1.3236004114151,0.022181230752441522,0.08701121807098389
representative,instruction-longbench-01,0,1,362,5,0.281281023230869,0.32048968298964037,0.01839100326916931,0.29990541869884196,0.3387152996955941,-1.204288125038147,-1.0825953483581543,0.038809880996752144,0.12169277667999268
representative,instruction-longbench-01,0,2,423,5,0.1653565831822501,0.17684628355078566,0.006313853752037321,0.16767623218743458,0.18476636848793684,-1.7857203483581543,-1.688663125038147,0.017090136300502268,0.09705722332000732
representative,instruction-longbench-01,0,3,356,5,0.13708542234090482,0.13908046288215234,0.006552625618642534,0.1287229094031619,0.14471696474401533,-2.050093173980713,-1.9329754114151,0.015994055340853436,0.11711776256561279
representative,instruction-longbench-01,0,4,2851,5,0.011655292667243822,0.013321115220216301,0.0007698803894961023,0.012646109329758421,0.014537367895127853,-4.370405673980713,-4.231032848358154,0.0018912585653694317,0.1393728256225586
representative,instruction-longbench-01,0,5,449,5,0.009988790437943451,0.007203678869837195,0.0007646755673092016,0.0063595120210173,0.008220948095494523,-5.057803630828857,-4.801069736480713,0.0018614360744772223,0.25673389434814453
representative,instruction-longbench-01,0,6,578,5,0.007521549007555975,0.006116433947365938,0.0005834560890485742,0.005428033218396149,0.006798786471967663,-5.2161784172058105,-4.991011142730713,0.0013707532535715142,0.22516727447509766
representative,instruction-longbench-01,0,7,366,5,0.007332976297475462,0.00730926645757358,0.00031486189892748084,0.0069682970422333046,0.00782099071770525,-4.966384410858154,-4.8509440422058105,0.0008526936754719447,0.11544036865234375
representative,instruction-longbench-01,0,8,7104,5,0.006226455672882465,0.005514944874672721,0.0003099932048872571,0.005244559117409488,0.005898241717427998,-5.250564098358154,-5.133100986480713,0.0006536826000185106,0.1174631118774414
representative,instruction-longbench-01,0,9,5321,5,0.00551633399351922,0.0036554645253443,0.00019416663369655114,0.003412699705728631,0.0038268312275025087,-5.680251598358154,-5.565718173980713,0.0004141315217738779,0.1145334243774414
representative,instruction-longbench-01,0,10,7460,5,0.004915921056277481,0.004428103933615453,0.00012341168413086394,0.004244197389845865,0.004562726667184086,-5.462202548980713,-5.389834880828857,0.0003185292773382215,0.07236766815185547
representative,instruction-longbench-01,0,11,3161,5,0.00487766505510976,0.0036769495648339397,0.0003725865023479084,0.0031297942674834286,0.004049841441079954,-5.766788005828857,-5.509077548980713,0.0009200471735965254,0.25771045684814453
representative,instruction-longbench-01,0,12,720,5,0.004441164572018752,0.005736164593175266,0.00030866628013406804,0.005450213450585605,0.006246341098770788,-5.212100505828857,-5.075759410858154,0.0007961276481851833,0.13634109497070312
representative,instruction-longbench-01,0,13,6914,5,0.004246073858818872,0.003718432098085661,0.0003889487217341166,0.003154341548159485,0.00410089871920689,-5.758975505828857,-5.496549129486084,0.0009465571710474048,0.26242637634277344
representative,instruction-longbench-01,0,14,320,5,0.003965513611625274,0.0034331815822541702,0.0002245962901901068,0.0031685844126340206,0.0037675017084972534,-5.754470348358154,-5.581343173980713,0.0005989172958632328,0.1731271743774414
representative,instruction-longbench-01,0,15,22991,5,0.0038888136353154496,0.0028850524878520365,0.00020709534510737212,0.0027314904992322272,0.003241783116935453,-5.902907848358154,-5.731631755828857,0.0005102926177032257,0.17127609252929688
representative,instruction-longbench-01,0,16,314,5,0.00314925725524044,0.002590286430025708,0.000463773835972033,0.002264731365552397,0.003403654151734546,-6.090299129486084,-5.682905673980713,0.001138922786182149,0.4073934555053711
representative,instruction-longbench-01,0,17,6360,5,0.0022157792179821664,0.0013606946886444017,0.00047420689308751434,0.001054329465118924,0.0021975642875375866,-6.8548502922058105,-6.120405673980713,0.0011432348224186626,0.7344446182250977
representative,instruction-longbench-01,0,18,220,5,0.0020653333315996223,0.002065730567643656,8.728162827583417e-05,0.001967632708782631,0.002163343597786871,-6.230924129486084,-6.1361002922058105,0.00019571088900424,0.09482383728027344
representative,instruction-longbench-01,0,19,5324,5,0.0016338131409046664,0.0013247047298913495,0.00021562283723372436,0.0011786913211493915,0.0016981460633385152,-6.743350505828857,-6.378218173980713,0.0005194547421891237,0.36513233184814453
representative,instruction-longbench-01,0,20,694,5,0.0013865992034274054,0.0011090373900291735,0.00016671963786454822,0.0009513815673819539,0.0013859864231344238,-6.957595348358154,-6.581343173980713,0.00043460485575246997,0.3762521743774414
representative,instruction-longbench-01,0,21,330,5,0.0011405853927792453,0.0008393529197324078,7.617378713884266e-05,0.0007594050256960323,0.0009525736091701374,-7.1829752922058105,-6.956343173980713,0.00019316858347410504,0.22663211822509766
representative,instruction-longbench-01,0,22,5991,5,0.0011054932694398991,0.0010609187635273205,6.683924341799712e-05,0.0009815816601624941,0.0011671175831536567,-6.926345348358154,-6.753218173980713,0.00018553592299116258,0.1731271743774414
representative,instruction-longbench-01,0,23,22559,5,0.0010466599908334174,0.0007390371010359755,3.5705217554094996e-05,0.0006852544366128769,0.0007790673912950193,-7.285720348358154,-7.157413005828857,9.381295468214245e-05,0.12830734252929688
representative,instruction-longbench-01,0,24,510,5,0.0009236741999697118,0.0010200031742146117,8.545765352092144e-05,0.000922210890052589,0.0011135938486891536,-6.988736629486084,-6.8001627922058105,0.00019138295863656458,0.18857383728027344
representative,knowledge-longbench-01,0,0,356,5,0.2940159291971275,0.2817391580150224,0.01272114849691582,0.26789274242607763,0.3009581060764275,-1.3171685934066772,-1.2007842063903809,0.033065363650349844,0.11638438701629639
representative,knowledge-longbench-01,0,1,426,5,0.2917278790836436,0.29329266573969237,0.008900342101147492,0.2815954878589427,0.30356224666793963,-1.2672836780548096,-1.1921685934066772,0.021966758808996956,0.07511508464813232
representative,knowledge-longbench-01,0,2,423,5,0.11335323843989392,0.14356767175506674,0.009127727399134826,0.13171461174624993,0.15310081116631974,-2.0271177291870117,-1.8766586780548096,0.021386199420069807,0.15045905113220215
representative,knowledge-longbench-01,0,3,362,5,0.10858575145427148,0.10300490196835635,0.0013536269121835205,0.10098909591699186,0.10440568217461171,-2.2927427291870117,-2.2594711780548096,0.0034165862576198552,0.03327155113220215
representative,knowledge-longbench-01,0,4,578,5,0.03647838466880336,0.03296237325950209,0.0011812601896871349,0.03212302823482257,0.03490089766002148,-3.4381821155548096,-3.3552427291870117,0.002777869425198913,0.08293938636779785
representative,knowledge-longbench-01,0,5,220,5,0.015102860836281878,0.013465315507955034,0.0004999674140808011,0.012617642999473516,0.01390450682731697,-4.372659206390381,-4.275542259216309,0.0012868638278434544,0.09711694717407227
representative,knowledge-longbench-01,0,6,7104,5,0.006102107389662565,0.00541555615509785,0.00022341030023298556,0.005218883930367878,0.005798848360751504,-5.255471706390381,-5.1500959396362305,0.000579964430383626,0.10537576675415039
representative,knowledge-longbench-01,0,7,1102,5,0.005732399392539654,0.0051431493633691695,0.00020139790444493333,0.004883119899954771,0.005352226003510836,-5.3219709396362305,-5.230242729187012,0.0004691061035560643,0.09172821044921875
representative,knowledge-longbench-01,0,8,720,5,0.005556032004541439,0.005411232387549809,0.0003291408656160804,0.005097988614332384,0.005970839574702087,-5.278909206390381,-5.120867729187012,0.0008728509603697027,0.15804147720336914
representative,knowledge-longbench-01,0,9,320,5,0.005178791279062378,0.005109862362863781,0.0001545927234821163,0.004864534718830986,0.0052692474305041145,-5.325784206390381,-5.245867729187012,0.0004047127116731282,0.07991647720336914
representative,knowledge-longbench-01,0,10,34676,5,0.005098501562231592,0.004986449511275531,0.0003909700131020391,0.004429209264788524,0.005516668063548675,-5.419534206390381,-5.199981212615967,0.0010874587987601504,0.21955299377441406
representative,knowledge-longbench-01,0,11,4815,5,0.003615378978945156,0.0033211998058678923,0.00014457971885618496,0.003092086397458515,0.003462650510641019,-5.778909206390381,-5.6657209396362305,0.00037056411318250404,0.11318826675415039
representative,knowledge-longbench-01,0,12,1115,5,0.0035593277231957578,0.0032084034115376567,0.00012486437011098844,0.003092086397458515,0.003402081838888938,-5.778909206390381,-5.683367729187012,0.000309995441430423,0.09554147720336914
representative,knowledge-longbench-01,0,13,10771,5,0.0029507863236760312,0.0032699124106306057,0.00014859172325064167,0.003044148041210797,0.003455656832275817,-5.794534206390381,-5.667742729187012,0.00041150879106502,0.12679147720336914
representative,knowledge-longbench-01,0,14,1442,5,0.0026040597908330828,0.002472391356457701,0.0001992728519238936,0.002317726078304032,0.002782317850096012,-6.067168712615967,-5.8844709396362305,0.00046459177179198003,0.18269777297973633
representative,knowledge-longbench-01,0,15,3580,5,0.002523941293838941,0.002348190306514237,0.00011551864601520932,0.0021926175810684156,0.002506059417694479,-6.122659206390381,-5.989043712615967,0.00031344183662606337,0.13361549377441406
representative,knowledge-longbench-01,0,16,510,5,0.0024462877838559256,0.0023588430978735806,0.0001788158468250912,0.0020922103117767196,0.002545524111105251,-6.169534206390381,-5.973418712615967,0.0004533137993285312,0.19611549377441406
representative,knowledge-longbench-01,0,17,22559,5,0.0024462877838559256,0.00230468465893516,0.00011501789486157727,0.0021251578300686383,0.002428956075201923,-6.153909206390381,-6.020293712615967,0.00030379824513328485,0.13361549377441406
representative,knowledge-longbench-01,0,18,6914,5,0.0023342641102343173,0.0020854693303090084,0.00010713803571343085,0.0019349782238454048,0.002196549126065736,-6.247659206390381,-6.120867729187012,0.00026157090222033103,0.12679147720336914
representative,knowledge-longbench-01,0,19,5321,5,0.0020599808470961713,0.0017779841789405514,8.538848336239509e-05,0.001655074582207783,0.001891672893413304,-6.403909206390381,-6.270293712615967,0.00023659831120552096,0.13361549377441406
representative,knowledge-longbench-01,0,20,763,5,0.0019051708416850065,0.0019640958723646574,6.786163377218327e-05,0.0018754452025389731,0.002031475852412988,-6.278909206390381,-6.198992729187012,0.00015603064987401477,0.07991647720336914
representative,knowledge-longbench-01,0,21,3788,5,0.001707784105136653,0.0017759340006774232,0.00015129036518266684,0.0016041532906128334,0.001951721036923929,-6.435159206390381,-6.239043712615967,0.0003475677463110956,0.19611549377441406
representative,knowledge-longbench-01,0,22,31867,5,0.001707784105136653,0.0014144391830234735,3.930435326273091e-05,0.0013660187944004286,0.0014732363307052312,-6.595854759216309,-6.520293712615967,0.0001072175363048026,0.0755610466003418
representative,knowledge-longbench-01,0,23,4740,5,0.0016552411120088872,0.0014081496311148748,0.0001010186101770387,0.0012738379348266275,0.00150966466468266,-6.6657209396362305,-6.495867729187012,0.00023582672985603256,0.16985321044921875
representative,knowledge-longbench-01,0,24,256,5,0.0016043146968305942,0.0015742803185142928,8.191170582077266e-05,0.0014379537162600565,0.0016356402850584125,-6.544534206390381,-6.4157209396362305,0.00019768656879835594,0.1288132667541504
representative,knowledge-longbench-02,1,0,423,5,0.5578482253534148,0.5046948864547364,0.018348499816908823,0.4908258938141529,0.5355725835796427,-0.7116658091545105,-0.6244188547134399,0.04474668976548973,0.08724695444107056
representative,knowledge-longbench-02,1,1,426,5,0.21173530384806863,0.23209066601120343,0.015557333105728805,0.21303605512435805,0.2468027439849777,-1.54629385471344,-1.3991658687591553,0.03376668886061965,0.14712798595428467
representative,knowledge-longbench-02,1,2,578,5,0.1421523582470833,0.15861284117717192,0.007361007676935436,0.1510651837707567,0.1707225264883626,-1.89004385471344,-1.7677156925201416,0.019657342717605913,0.12232816219329834
representative,knowledge-longbench-02,1,3,6914,5,0.03855986801997612,0.051240734710129895,0.0019783075522281277,0.04866202946224642,0.053378718036682135,-3.0228562355041504,-2.9303431510925293,0.004716688574435718,0.0925130844116211
representative,knowledge-longbench-02,1,4,362,5,0.00808258742403045,0.008714043386793385,0.00013292016067136173,0.008589358415229946,0.008920478850027924,-4.75723123550415,-4.719405651092529,0.00033112043479797786,0.037825584411621094
representative,knowledge-longbench-02,1,5,2057,5,0.006913403385698183,0.008721553957193883,0.0007694035888267281,0.007462563914789731,0.009408390034479014,-4.89785623550415,-4.666153430938721,0.0019458261196892831,0.2317028045654297
representative,knowledge-longbench-02,1,6,7104,5,0.0043262972907161645,0.004555879279282766,0.0003499078239207719,0.004213430445849057,0.004971139271303587,-5.469478130340576,-5.30410623550415,0.0007577088254545295,0.16537189483642578
representative,knowledge-longbench-02,1,7,720,5,0.003476277533580263,0.003578283522816206,0.00021580493742368015,0.00336364108494776,0.0038065171935327703,-5.69473123550415,-5.571040630340576,0.0004428761085850104,0.12369060516357422
representative,knowledge-longbench-02,1,8,4815,5,0.0027499618724480643,0.0024929140304674625,0.00019791521045551855,0.0022642778495783524,0.0026992248754883425,-6.090499401092529,-5.914790630340576,0.00043494702590999006,0.17570877075195312
representative,knowledge-longbench-02,1,9,3146,5,0.0022444534670104837,0.0024956638239186308,8.818403036913698e-05,0.002419569540793235,0.0026331065531604563,-6.024165630340576,-5.939590930938721,0.00021353701236722115,0.08457469940185547
representative,knowledge-longbench-02,1,10,356,5,0.0019197827853663614,0.00208279097205064,9.915444155112762e-05,0.001987573102582286,0.002229173475300156,-6.220840930938721,-6.106124401092529,0.00024160037271787026,0.1147165298461914
representative,knowledge-longbench-02,1,11,41070,5,0.0015915558296501874,0.0016212730247255897,5.101720989114945e-05,0.0015562138902190793,0.0016629442046763865,-6.465499401092529,-6.399165630340576,0.00010673031445730717,0.06633377075195312
representative,knowledge-longbench-02,1,12,320,5,0.0014719485202193082,0.001432386002240902,8.748758846126329e-05,0.0013069700815909586,0.001500298889677269,-6.64004373550415,-6.502090930938721,0.00019332880808631053,0.1379528045654297
representative,knowledge-longbench-02,1,13,220,5,0.0014045430899567463,0.001327849972288719,5.748177592530231e-05,0.0012504529902795,0.0014094003750873805,-6.684249401092529,-6.564590930938721,0.00015894738480788043,0.1196584701538086
representative,knowledge-longbench-02,1,14,1115,5,0.001011654436878967,0.0009868029442961573,4.376945196126577e-05,0.0009438914374885419,0.0010473774237250205,-6.965499401092529,-6.861465930938721,0.00010348598623647861,0.1040334701538086
representative,knowledge-longbench-02,1,15,763,5,0.000728667355935956,0.0007902744634329028,3.003585237758179e-05,0.0007703817389536108,0.0008415914031353464,-7.168624401092529,-7.080215930938721,7.120966418173568e-05,0.0884084701538086
representative,knowledge-longbench-02,1,16,27757,5,0.0006330771698443947,0.0006078811560672582,2.4748101246776433e-05,0.0005837483180088681,0.0006369663461966562,-7.446040630340576,-7.35879373550415,5.32180281877881e-05,0.08724689483642578
representative,knowledge-longbench-02,1,17,256,5,0.0005674867074014926,0.000543511056108145,3.0030495866556958e-05,0.0005052286791969601,0.0005784167484975746,-7.590499401092529,-7.455215930938721,7.318806930061447e-05,0.1352834701538086
representative,knowledge-longbench-02,1,18,4740,5,0.0005086917968571547,0.0005466978448795464,2.467814238399572e-05,0.0005118168378492544,0.0005657882703838607,-7.57754373550415,-7.477290630340576,5.397143253460632e-05,0.10025310516357422
representative,knowledge-longbench-02,1,19,22950,5,0.0004217203117740903,0.0005029604575055838,3.458266758900583e-05,0.0004764414915506385,0.0005606207360215943,-7.649165630340576,-7.486465930938721,8.417924447095583e-05,0.16269969940185547
representative,knowledge-longbench-02,1,20,20817,5,0.0004087453418251738,0.0004861304716595908,3.6850904381123634e-05,0.00046726014435809925,0.0005519291171246092,-7.668624401092529,-7.502090930938721,8.466897276650996e-05,0.1665334701538086
representative,knowledge-longbench-02,1,21,26550,5,0.00034961841818883756,0.0004236418580272824,4.873332403249548e-05,0.0003828314935030239,0.0004795243269477187,-7.867915630340576,-7.642715930938721,9.669283344469477e-05,0.22519969940185547
representative,knowledge-longbench-02,1,22,38527,5,0.00034961841818883756,0.0003926321853124807,2.0287399839514028e-05,0.0003686478389890526,0.00042317873324532456,-7.90566873550415,-7.767715930938721,5.453089425627196e-05,0.1379528045654297
representative,knowledge-longbench-02,1,23,15073,5,0.00033886179029367017,0.00031582686739817245,2.2562767896369764e-05,0.0002790136429350435,0.0003400336648677597,-8.184249877929688,-7.986465930938721,6.102002193271618e-05,0.1977839469909668
representative,knowledge-longbench-02,1,24,17010,5,0.000328435952436275,0.0003595861118938489,1.4179847549978167e-05,0.0003365548565912171,0.0003710530067073454,-7.996749401092529,-7.899165630340576,3.449815011612829e-05,0.09758377075195312
representative,knowledge-mmlu-01,4,0,362,5,0.38033262607750584,0.38507172116237165,0.0038776636144074238,0.3787030776772832,0.38820056479415394,-0.9710028171539307,-0.9462331533432007,0.009497487116870762,0.02476966381072998
representative,knowledge-mmlu-01,4,1,426,5,0.3110253023844656,0.31099843534320004,0.0041643200395211685,0.30829384662365683,0.3182777205882929,-1.1767019033432007,-1.1448309421539307,0.00998387396463607,0.03187096118927002
representative,knowledge-mmlu-01,4,2,423,5,0.2108616839073653,0.2130684070879681,0.0015584852714545557,0.2118870555016677,0.21477462721867185,-1.5517019033432007,-1.5381660461425781,0.002887571717004156,0.013535857200622559
representative,knowledge-mmlu-01,4,3,356,5,0.09691735858518834,0.09000855334680757,0.0007996136179733524,0.08918233508760598,0.09077618817348349,-2.417072296142578,-2.3993582725524902,0.0015938530858775057,0.01771402359008789
representative,knowledge-mmlu-01,4,4,220,5,0.00014685216801494294,0.00014341155118837218,3.7698284184182325e-06,0.00013942136656855666,0.000147657972730403,-8.878009796142578,-8.820611953735352,8.236606161846337e-06,0.05739784240722656
representative,knowledge-mmlu-01,4,5,578,5,8.367384310941428e-05,8.818479380013239e-05,5.392750089912662e-06,8.277720836842214e-05,9.533515250871455e-05,-9.399357795715332,-9.258111953735352,1.2557944140292418e-05,0.14124584197998047
representative,knowledge-mmlu-01,4,6,480,5,5.402389350415196e-05,5.0804713672565526e-05,5.560202701606869e-07,5.0206914800869205e-05,5.129025442059943e-05,-9.899357795715332,-9.878009796142578,1.083339619730223e-06,0.021347999572753906
representative,knowledge-mmlu-01,4,7,1144,5,2.8916906411190176e-05,2.8625086903260776e-05,1.6687412279547833e-06,2.731397850314451e-05,3.0452033156307177e-05,-10.508111953735352,-10.399357795715332,3.138054653162668e-06,0.10875415802001953
representative,knowledge-mmlu-01,4,8,6914,5,2.8916906411190176e-05,3.0076618332315357e-05,1.3430934853310333e-06,2.860703773626404e-05,3.1109111850554985e-05,-10.461857795715332,-10.378009796142578,2.502074114290945e-06,0.0838479995727539
representative,knowledge-mmlu-01,4,9,435,5,2.3972957422574158e-05,2.311920858279751e-05,5.469030673882376e-07,2.2644083512460302e-05,2.3716067268248414e-05,-10.695611953735352,-10.649357795715332,1.0719837557881113e-06,0.04625415802001953
representative,knowledge-mmlu-01,4,10,320,5,1.86701580132382e-05,1.6510828788853582e-05,8.547729808400466e-07,1.5642643801089063e-05,1.735104547060043e-05,-11.065509796142578,-10.961857795715332,1.708401669511367e-06,0.1036520004272461
representative,knowledge-mmlu-01,4,11,469,5,1.86701580132382e-05,1.824239115902432e-05,8.146273777135705e-07,1.735104547060043e-05,1.886863013379122e-05,-10.961857795715332,-10.878009796142578,1.5175846631907887e-06,0.0838479995727539
representative,knowledge-mmlu-01,4,12,445,5,1.6476356617447676e-05,1.4555794170298509e-05,1.5930247455253625e-07,1.4384521925999903e-05,1.4694903923681306e-05,-11.149357795715332,-11.128009796142578,3.1038199768140354e-07,0.021347999572753906
representative,knowledge-mmlu-01,4,13,3146,5,1.2831799435831974e-05,1.3339352180695357e-05,3.506486647510159e-07,1.296820719642697e-05,1.3734330911400513e-05,-11.253009796142578,-11.195611953735352,7.66123714973542e-07,0.05739784240722656
representative,knowledge-mmlu-01,4,14,7104,5,1.2054360009423145e-05,1.1771936981948721e-05,3.094463605381952e-07,1.1444402682922063e-05,1.2120504488382815e-05,-11.378009796142578,-11.320611953735352,6.761018054607527e-07,0.05739784240722656
representative,knowledge-mmlu-01,4,15,293,5,1.1324023256708476e-05,1.1482932746875994e-05,3.763487384442386e-07,1.1202676940076518e-05,1.2120504488382815e-05,-11.399357795715332,-11.320611953735352,9.178275483062976e-07,0.07874584197998047
representative,knowledge-mmlu-01,4,16,2057,5,1.1324023256708476e-05,1.1064569544418934e-05,4.940964808245845e-07,1.0523941055987178e-05,1.1444402682922063e-05,-11.461857795715332,-11.378009796142578,9.204616269348841e-07,0.0838479995727539
representative,knowledge-mmlu-01,4,17,294,5,9.387945014763373e-06,9.397927057040932e-06,1.0285340795116202e-07,9.28734538489154e-06,9.487743064324285e-06,-11.586857795715332,-11.565509796142578,2.0039767943274444e-07,0.021347999572753906
representative,knowledge-mmlu-01,4,18,1102,5,9.387945014763373e-06,9.764448351381556e-06,4.3603861390564565e-07,9.28734538489154e-06,1.0099649919609554e-05,-11.586857795715332,-11.503009796142578,8.123045347180133e-07,0.0838479995727539
representative,knowledge-mmlu-01,4,19,1229,5,9.387945014763373e-06,9.172850332455341e-06,4.0962036979404516e-07,8.72465357342756e-06,9.487743064324285e-06,-11.649357795715332,-11.565509796142578,7.630894908967243e-07,0.0838479995727539
representative,knowledge-mmlu-01,4,20,14469,5,8.819158179843362e-06,7.799163277887868e-06,4.037661663355741e-07,7.3890617280760434e-06,8.196053535400121e-06,-11.815509796142578,-11.711857795715332,8.069918073240779e-07,0.1036520004272461
representative,knowledge-mmlu-01,4,21,272,5,8.284832397163171e-06,7.89209656600564e-06,2.5866045301923344e-07,7.699479754673444e-06,8.330292788403367e-06,-11.774357795715332,-11.695611953735352,6.308130337299223e-07,0.07874584197998047
representative,knowledge-mmlu-01,4,22,264,5,7.782879777115365e-06,7.701475150780468e-06,3.8426028872649557e-07,7.3890617280760434e-06,8.330292788403367e-06,-11.815509796142578,-11.695611953735352,9.412310603273232e-07,0.11989784240722656
representative,knowledge-mmlu-01,4,23,473,5,7.782879777115365e-06,7.994070621080644e-06,3.496369285132502e-07,7.699479754673444e-06,8.372903866784658e-06,-11.774357795715332,-11.690509796142578,6.734241121112141e-07,0.0838479995727539
representative,knowledge-mmlu-01,4,24,763,5,7.782879777115365e-06,7.705501407499513e-06,4.712132513718339e-07,7.23299185840813e-06,8.330292788403367e-06,-11.836857795715332,-11.695611953735352,1.0973009299952365e-06,0.14124584197998047
representative,knowledge-mmlu-02,5,0,423,5,0.9897997136865547,0.98587110868675,0.0007259145338683392,0.9850486145001829,0.986998403306204,-0.015064284205436707,-0.01308685727417469,0.0019497888060211466,0.0019774269312620163
representative,knowledge-mmlu-02,5,1,356,5,0.008119593951851349,0.011969456720821416,0.0006805964395157674,0.010873924786993483,0.012681598135376363,-4.521387577056885,-4.367603302001953,0.0018076733483828808,0.15378427505493164
representative,knowledge-mmlu-02,5,2,362,5,0.0007320035956033988,0.0007791611028329639,3.231039617499755e-05,0.0007399798683586335,0.0008146309855089785,-7.208887577056885,-7.1127753257751465,7.4651117150345e-05,0.09611225128173828
representative,knowledge-mmlu-02,5,3,5492,5,0.0004303227144717524,0.00042231197066028216,1.796212449245435e-05,0.0004096053864672018,0.0004477151731303978,-7.800316333770752,-7.711353302001953,3.8109786663195993e-05,0.08896303176879883
representative,knowledge-mmlu-02,5,4,426,5,0.0001970160010687164,0.0001865376890233436,1.4666943756071278e-05,0.00017616899749290082,0.00021148567294145256,-8.64406681060791,-8.461353302001953,3.5316675448551744e-05,0.18271350860595703
representative,knowledge-mmlu-02,5,5,2162,5,0.00011225633360612378,0.00012171753420738567,3.988361947618907e-06,0.00011735866462886092,0.00012827254472894944,-9.050275802612305,-8.961353302001953,1.091388010008852e-05,0.08892250061035156
representative,knowledge-mmlu-02,5,6,220,5,4.1296797274975815e-05,4.315941375543581e-05,2.3288187883084416e-06,4.174678757688317e-05,4.718883207252476e-05,-10.083888053894043,-9.961353302001953,5.4420444956415935e-06,0.12253475189208984
representative,knowledge-mmlu-02,5,7,320,5,3.423624742854796e-05,3.487265741241027e-05,1.1426848296074698e-06,3.3623820369274974e-05,3.675069937030731e-05,-10.300275802612305,-10.211353302001953,3.126879001032338e-06,0.08892250061035156
representative,knowledge-mmlu-02,5,8,578,5,3.423624742854796e-05,3.901128134129419e-05,5.148703178617892e-07,3.810078003764078e-05,3.9308616623779296e-05,-10.175275802612305,-10.14406681060791,1.2078365861385162e-06,0.03120899200439453
representative,knowledge-mmlu-02,5,9,5105,5,2.5047773695209963e-05,2.7865811892688823e-05,1.503598418988934e-06,2.6953751882112846e-05,3.0467399891478863e-05,-10.521388053894043,-10.398853302001953,3.513648009366017e-06,0.12253475189208984
representative,knowledge-mmlu-02,5,10,13525,5,2.5047773695209963e-05,2.583069021509883e-05,6.910448226340781e-07,2.532070660989012e-05,2.6887386034036336e-05,-10.583888053894043,-10.523853302001953,1.5666794241462179e-06,0.060034751892089844
representative,knowledge-mmlu-02,5,11,350,5,1.2594811571821453e-05,1.436226517144483e-05,6.539837709382578e-07,1.3553197591120022e-05,1.5319970764103994e-05,-11.208888053894043,-11.086353302001953,1.7667731729839713e-06,0.12253475189208984
representative,knowledge-mmlu-02,5,12,294,5,1.1831730514243398e-05,1.1612185472801193e-05,5.152538083551255e-07,1.1235995447490959e-05,1.2369512247497837e-05,-11.396388053894043,-11.300275802612305,1.1335168000068781e-06,0.09611225128173828
representative,knowledge-mmlu-02,5,13,469,5,1.1831730514243398e-05,1.3152716067162636e-05,3.8770145988845033e-07,1.276163937535339e-05,1.3553197591120022e-05,-11.26906681060791,-11.208888053894043,7.915582157666316e-07,0.06017875671386719
representative,knowledge-mmlu-02,5,14,510,5,9.808849114771339e-06,1.0115443629178036e-05,2.7061704082937616e-07,9.915731179865385e-06,1.0529251657559812e-05,-11.521388053894043,-11.461353302001953,6.13520477694427e-07,0.060034751892089844
representative,knowledge-mmlu-02,5,15,22559,5,8.131821531983484e-06,8.598820097137853e-06,2.503385082575246e-07,8.200189436063469e-06,8.770937922477105e-06,-11.711353302001953,-11.64406681060791,5.707484864136361e-07,0.06728649139404297
representative,knowledge-mmlu-02,5,16,1556,5,7.176307314346144e-06,7.494191713631722e-06,2.2090563296754403e-07,7.271362931486226e-06,7.722379207604707e-06,-11.83156681060791,-11.771388053894043,4.51016276118481e-07,0.06017875671386719
representative,knowledge-mmlu-02,5,17,7104,5,7.176307314346144e-06,7.2163614346902985e-06,9.524143216879244e-08,7.047935628923066e-06,7.271362931486226e-06,-11.862775802612305,-11.83156681060791,2.2342730256316043e-07,0.03120899200439453
representative,knowledge-mmlu-02,5,18,271,5,6.333068976905648e-06,7.0455806157185385e-06,3.801692165098179e-07,6.814975731294837e-06,7.703365073783093e-06,-11.896388053894043,-11.773853302001953,8.883893424882555e-07,0.12253475189208984
representative,knowledge-mmlu-02,5,19,256,5,5.949367724603941e-06,7.058853586082915e-06,6.071558457262205e-07,6.416955264605039e-06,7.703365073783093e-06,-11.95656681060791,-11.773853302001953,1.2864098091780535e-06,0.18271350860595703
representative,knowledge-mmlu-02,5,20,473,5,5.949367724603941e-06,6.448644900752839e-06,9.713628893701257e-08,6.386313954140092e-06,6.620922795678838e-06,-11.961353302001953,-11.925275802612305,2.346088415387456e-07,0.03607749938964844
representative,knowledge-mmlu-02,5,21,35,5,5.25029858929974e-06,4.778197236560888e-06,1.2783043868954663e-07,4.683859755339607e-06,4.973666308424144e-06,-12.271388053894043,-12.211353302001953,2.89806553084537e-07,0.060034751892089844
representative,knowledge-mmlu-02,5,22,272,5,5.25029858929974e-06,5.9302743810905825e-06,5.847801537479681e-07,5.307508436145039e-06,6.798195817091933e-06,-12.146388053894043,-11.898853302001953,1.4906873809468934e-06,0.24753475189208984
representative,knowledge-mmlu-02,5,23,279,5,5.25029858929974e-06,5.763606044439481e-06,1.5419294194408557e-07,5.649813320936187e-06,5.9993867517471834e-06,-12.083888053894043,-12.023853302001953,3.4957343081099633e-07,0.060034751892089844
representative,knowledge-mmlu-02,5,24,330,5,4.08893665270533e-06,4.965250472666854e-06,2.700329541297187e-07,4.69474476183648e-06,5.294440225823946e-06,-12.26906681060791,-12.148853302001953,5.996954639874665e-07,0.12021350860595703
representative,knowledge-mmlu-03,6,0,426,5,0.6166907542130838,0.6392654546314084,0.013457562614368684,0.6167825080909928,0.6531134425567884,-0.4832388162612915,-0.42600443959236145,0.036330934465795606,0.057234376668930054
representative,knowledge-mmlu-03,6,1,423,5,0.16859387048303381,0.17388557703936375,0.003972432994323747,0.1683898992303823,0.17727189573259924,-1.781473159790039,-1.7300705909729004,0.008881996502216938,0.05140256881713867
representative,knowledge-mmlu-03,6,2,356,5,0.13233086093540464,0.11132605980347621,0.009471113209263008,0.10503012229433047,0.12802825182272154,-2.2535080909729004,-2.055504322052002,0.022998129528391073,0.19800376892089844
representative,knowledge-mmlu-03,6,3,362,5,0.08152667837745643,0.07454653040783916,0.00495077648215995,0.07130076945748465,0.08330957236614529,-2.640848159790039,-2.485191822052002,0.012008802908660646,0.1556563377380371
representative,knowledge-mmlu-03,6,4,3146,5,0.00013461718866555227,0.0001586635339275861,7.299617173210261e-06,0.0001510813236525564,0.00016864356387663075,-8.79769229888916,-8.687723159790039,1.756224022407435e-05,0.1099691390991211
representative,knowledge-mmlu-03,6,5,578,5,5.973601536101605e-05,6.907787374560126e-05,2.5181658135632065e-06,6.497926760377119e-05,7.173218206092753e-05,-9.64144229888916,-9.542571067810059,6.752914457156339e-06,0.09887123107910156
representative,knowledge-mmlu-03,6,6,7104,5,5.2716848528842474e-05,6.0961009617622855e-05,2.22227353066395e-06,5.7344002392543613e-05,6.330342848440283e-05,-9.76644229888916,-9.667571067810059,5.959426091859212e-06,0.09887123107910156
representative,knowledge-mmlu-03,6,7,6914,5,4.9522896138353984e-05,5.871419702703052e-05,2.0725611570216877e-06,5.7344002392543613e-05,6.204050003609536e-05,-9.76644229888916,-9.687723159790039,4.696497643551744e-06,0.0787191390991211
representative,knowledge-mmlu-03,6,8,2057,5,3.4036555570569534e-05,4.138116571476859e-05,1.645977201294365e-06,3.9411918047359086e-05,4.35077677080411e-05,-10.14144229888916,-10.042571067810059,4.095849660682016e-06,0.09887123107910156
representative,knowledge-mmlu-03,6,9,271,5,1.821845535656904e-05,2.1653980336316016e-05,1.8197573825631235e-06,1.8616871864942394e-05,2.3288029895078473e-05,-10.89144229888916,-10.667571067810059,4.671158030136079e-06,0.22387123107910156
representative,knowledge-mmlu-03,6,10,763,5,1.5103629978865424e-05,1.746562167688913e-05,6.366920264706525e-07,1.6429331756625963e-05,1.8136735918477403e-05,-11.01644229888916,-10.917571067810059,1.7074041618514393e-06,0.09887123107910156
representative,knowledge-mmlu-03,6,11,220,5,1.41885472980474e-05,1.5219410814392034e-05,4.654231972618562e-07,1.4498834386757143e-05,1.5686294952650708e-05,-11.14144229888916,-11.062723159790039,1.1874605658935648e-06,0.0787191390991211
representative,knowledge-mmlu-03,6,12,469,5,1.176271885476114e-05,1.2153583632808147e-05,4.020055599496528e-07,1.1709956819976756e-05,1.2795176437400201e-05,-11.355071067810059,-11.26644229888916,1.085219617423445e-06,0.08862876892089844
representative,knowledge-mmlu-03,6,13,480,5,1.0380562955300124e-05,1.1413478845864226e-05,1.8364210844495408e-07,1.1291703574029076e-05,1.1709956819976756e-05,-11.39144229888916,-11.355071067810059,4.1825324594768036e-07,0.03637123107910156
representative,knowledge-mmlu-03,6,14,1115,5,9.751636439566596e-06,1.0721971119950129e-05,1.7251579555579926e-07,1.0607573838860524e-05,1.1000486401667914e-05,-11.45394229888916,-11.417571067810059,3.929125628073898e-07,0.03637123107910156
representative,knowledge-mmlu-03,6,15,353,5,8.084390558309754e-06,9.004113738406863e-06,3.17837547519147e-07,8.793987585664025e-06,9.514218826078186e-06,-11.64144229888916,-11.562723159790039,7.202312404141611e-07,0.0787191390991211
representative,knowledge-mmlu-03,6,16,473,5,8.084390558309754e-06,8.782266108033634e-06,3.201488563517541e-07,8.261186812192325e-06,9.119723541130235e-06,-11.70394229888916,-11.605071067810059,8.5853672893791e-07,0.09887123107910156
representative,knowledge-mmlu-03,6,17,18531,5,8.084390558309754e-06,7.661580712704369e-06,4.6940485383055507e-07,6.9607511903771724e-06,8.261186812192325e-06,-11.875223159790039,-11.70394229888916,1.300435621815153e-06,0.1712808609008789
representative,knowledge-mmlu-03,6,18,272,5,7.594582095362111e-06,7.1007523014146755e-06,2.53281111396768e-07,6.8505804131757976e-06,7.4096810720623945e-06,-11.8911771774292,-11.812723159790039,5.591006588865969e-07,0.07845401763916016
representative,knowledge-mmlu-03,6,19,320,5,7.594582095362111e-06,7.277482092223099e-06,1.1037172759519878e-07,7.102447835226952e-06,7.4096810720623945e-06,-11.855071067810059,-11.812723159790039,3.072332368354422e-07,0.04234790802001953
representative,knowledge-mmlu-03,6,20,445,5,7.594582095362111e-06,8.56908928838667e-06,4.245160592165773e-07,8.261186812192325e-06,9.119723541130235e-06,-11.70394229888916,-11.605071067810059,8.5853672893791e-07,0.09887123107910156
representative,knowledge-mmlu-03,6,21,1102,5,7.594582095362111e-06,8.67175888456465e-06,2.6519014403115816e-07,8.261186812192325e-06,8.93778144768374e-06,-11.70394229888916,-11.625223159790039,6.765946354914152e-07,0.0787191390991211
representative,knowledge-mmlu-03,6,22,358,5,7.134449626992506e-06,7.652800355588748e-06,2.3402948070345986e-07,7.290471773432434e-06,7.887564443558963e-06,-11.82894229888916,-11.750223159790039,5.970926701265286e-07,0.0787191390991211
representative,knowledge-mmlu-03,6,23,1229,5,7.134449626992506e-06,8.052324567272157e-06,4.4379650462327206e-07,7.290471773432434e-06,8.396268644526045e-06,-11.82894229888916,-11.687723159790039,1.1057968710936114e-06,0.1412191390991211
representative,knowledge-mmlu-03,6,24,452,5,6.70219517558149e-06,8.15613649653417e-06,4.997506665203441e-07,7.290471773432434e-06,8.567187423785311e-06,-11.82894229888916,-11.667571067810059,1.2767156503528771e-06,0.16137123107910156
representative,knowledge-mmlu-04,7,0,356,5,0.9864076570795456,0.9854003180446943,0.0001931689558358274,0.9851887120556523,0.9855413887040556,-0.014922070316970348,-0.014564155600965023,0.00035267664840332724,0.0003579147160053253
representative,knowledge-mmlu-04,7,1,426,5,0.0054671479160141355,0.00638524436939787,0.00020135253291459764,0.006238197270347035,0.006605815017974123,-5.077064037322998,-5.019804954528809,0.0003676177476270885,0.05725908279418945
representative,knowledge-mmlu-04,7,2,362,5,0.0019493716223688545,0.0018752730373526641,3.734048956431253e-05,0.0018343685804673437,0.0019025426752762112,-6.301054954528809,-6.264564037322998,6.817409480886741e-05,0.03649091720581055
representative,knowledge-mmlu-04,7,3,32886,5,0.0014261907455501248,0.0017505432882712654,2.5001438978181777e-05,0.00173228481880668,0.0017779309924681435,-6.358314037322998,-6.332304954528809,4.564617366146356e-05,0.026009082794189453
representative,knowledge-mmlu-04,7,4,9925,5,0.0008650284137745697,0.0009469486796814467,9.77808420432352e-05,0.0008398351339235879,0.001018357710186686,-7.082304954528809,-6.889564037322998,0.0001785225762630982,0.19274091720581055
representative,knowledge-mmlu-04,7,5,7104,5,0.0008126189916046512,0.0007692083025051381,6.44731812216659e-05,0.0007221237482261715,0.0008398351339235879,-7.233314037322998,-7.082304954528809,0.00011771138569741633,0.15100908279418945
representative,knowledge-mmlu-04,7,6,423,5,0.00047771406096763715,0.0004029979476196549,5.755658065271437e-06,0.00039879460927880726,0.0004093029551309263,-7.827064037322998,-7.801054954528809,1.0508345852119026e-05,0.026009082794189453
representative,knowledge-mmlu-04,7,7,4185,5,0.000255702032625347,0.00017239618233325362,8.42662301182e-06,0.0001662422469903657,0.00018162708534758549,-8.702064514160156,-8.613554954528809,1.5384838357219787e-05,0.08850955963134766
representative,knowledge-mmlu-04,7,8,272,5,0.00016509364056917203,0.00014460548734689118,2.8793510583001538e-06,0.00014145131629567646,0.000146708268047701,-8.863554954528809,-8.827064514160156,5.256951752024555e-06,0.036490440368652344
representative,knowledge-mmlu-04,7,9,578,5,0.00014569462643870883,0.0001342622817996586,6.562660600252938e-06,0.0001294695921356467,0.00014145131629567646,-8.952064514160156,-8.863554954528809,1.1981724160029758e-05,0.08850955963134766
representative,knowledge-mmlu-04,7,10,8351,5,0.00013686743525825266,0.00014292145501740473,6.985915844727795e-06,0.0001378196634267512,0.0001505741424033851,-8.889564514160156,-8.801054954528809,1.2754478976633902e-05,0.08850955963134766
representative,knowledge-mmlu-04,7,11,330,5,5.70548354899727e-05,6.180171939859415e-05,8.826747244485891e-07,6.115710492190062e-05,6.276864111363445e-05,-9.702064514160156,-9.676054954528809,1.6115361917338306e-06,0.026009559631347656
representative,knowledge-mmlu-04,7,12,10807,5,5.359805775595425e-05,6.41682960331466e-05,1.2777042868998007e-06,6.276864111363445e-05,6.510139931282136e-05,-9.676054954528809,-9.639564514160156,2.33275819918691e-06,0.036490440368652344
representative,knowledge-mmlu-04,7,13,763,5,5.035071559737455e-05,4.939233319886111e-05,2.414267914218891e-06,4.762920120355627e-05,5.2037031191818385e-05,-9.952064514160156,-9.863554954528809,4.407829988262113e-06,0.08850955963134766
representative,knowledge-mmlu-04,7,14,3146,5,5.035071559737455e-05,4.9974319198972294e-05,9.950770991712572e-07,4.8884266851626484e-05,5.070102076386949e-05,-9.926054954528809,-9.889564514160156,1.8167539122430093e-06,0.036490440368652344
representative,knowledge-mmlu-04,7,15,5220,5,4.443435055760092e-05,4.6946528260724844e-05,9.347884254680192e-07,4.59225188464777e-05,4.762920120355627e-05,-9.988554954528809,-9.952064514160156,1.7066823570785695e-06,0.036490440368652344
representative,knowledge-mmlu-04,7,16,358,5,3.9213176735440904e-05,3.656199297193635e-05,7.280139577605807e-07,3.576449363824818e-05,3.709365919439513e-05,-10.238554954528809,-10.202064514160156,1.329165556146944e-06,0.036490440368652344
representative,knowledge-mmlu-04,7,17,3072,5,3.9213176735440904e-05,3.3946821062048656e-05,1.659300453571685e-06,3.27350393445823e-05,3.576449363824818e-05,-10.327064514160156,-10.238554954528809,3.0294542936658853e-06,0.08850955963134766
representative,knowledge-mmlu-04,7,18,11360,5,3.9213176735440904e-05,3.8466787772996786e-05,1.8802337421378373e-06,3.709365919439513e-05,4.052648064089928e-05,-10.202064514160156,-10.113554954528809,3.432821446504151e-06,0.08850955963134766
representative,knowledge-mmlu-04,7,19,13620,5,2.8688972960295417e-05,3.353258274016378e-05,1.7988376185188478e-06,3.1562054858260486e-05,3.484626799476597e-05,-10.363554954528809,-10.264564514160156,3.2842131365054856e-06,0.09899044036865234
representative,knowledge-mmlu-04,7,20,320,5,2.5317929775793915e-05,2.360619688559765e-05,4.70041139047056e-07,2.309129261597466e-05,2.3949466398679643e-05,-10.676054954528809,-10.639564514160156,8.581737827049835e-07,0.036490440368652344
representative,knowledge-mmlu-04,7,21,469,5,2.5317929775793915e-05,2.360619688559765e-05,4.70041139047056e-07,2.309129261597466e-05,2.3949466398679643e-05,-10.676054954528809,-10.639564514160156,8.581737827049835e-07,0.036490440368652344
representative,knowledge-mmlu-04,7,22,510,5,2.378399395477506e-05,1.8664280037432753e-05,1.5643998493007649e-06,1.752180392220647e-05,2.0377994210272176e-05,-10.952064514160156,-10.801054954528809,2.8561902880657046e-06,0.15100955963134766
representative,knowledge-mmlu-04,7,23,1102,5,2.234299460699243e-05,2.576278956810241e-05,3.6795356835280694e-07,2.549407427543394e-05,2.6165862507105113e-05,-10.577064514160156,-10.551054954528809,6.717882316711714e-07,0.026009559631347656
representative,knowledge-mmlu-04,7,24,1328,5,2.098930099617973e-05,1.8848459493287227e-05,2.6920058133360095e-07,1.8651863185434003e-05,1.914335395506706e-05,-10.889564514160156,-10.863554954528809,4.914907696330582e-07,0.026009559631347656
representative,knowledge-mmlu-05,0,0,423,5,0.89053725490758,0.8876954498174292,0.00343215961115496,0.8835723913299731,0.8929654932402992,-0.12378205358982086,-0.11320734024047852,0.009393101910326052,0.010574713349342346
representative,knowledge-mmlu-05,0,1,356,5,0.04775308681366798,0.051144384741611114,0.003093902636622926,0.046410080544094616,0.05451443026345475,-3.0702385902404785,-2.909289836883545,0.00810434971936013,0.1609487533569336
representative,knowledge-mmlu-05,0,2,362,5,0.03897493355570657,0.040073521107102904,0.00230691584457801,0.03768684101470897,0.04313962166917284,-3.278444290161133,-3.143313407897949,0.005452780654463869,0.1351308822631836
representative,knowledge-mmlu-05,0,3,426,5,0.017844020600287887,0.017359210576525397,0.0012995525358151226,0.015864603650662373,0.01914309107361091,-4.143664836883545,-3.955813407897949,0.0032784874229485374,0.1878514289855957
representative,knowledge-mmlu-05,0,4,220,5,0.0042383263889366075,0.0030895531151455572,0.00016591987760570943,0.0029348609049691427,0.0033619349585542547,-5.831095218658447,-5.6952385902404785,0.000427074053585112,0.13585662841796875
representative,knowledge-mmlu-05,0,5,9827,5,8.52573006579493e-05,8.389627402316828e-05,4.5064625891888855e-06,7.744486530803792e-05,8.862507777878554e-05,-9.465944290161133,-9.331095695495605,1.1180212470747618e-05,0.13484859466552734
representative,knowledge-mmlu-05,0,6,11325,5,8.52573006579493e-05,8.52841701759704e-05,9.515692381214434e-06,7.235410214343049e-05,9.58198862414707e-05,-9.53393840789795,-9.253040313720703,2.3465784098040206e-05,0.2808980941772461
representative,knowledge-mmlu-05,0,7,25561,5,3.136440812183203e-05,3.0447089090513455e-05,4.349399431008093e-07,3.000975347212403e-05,3.110816249028985e-05,-10.41398811340332,-10.378040313720703,1.0984090181658184e-06,0.03594779968261719
representative,knowledge-mmlu-05,0,8,40410,5,2.9464134697062082e-05,2.7247187273729305e-05,1.7137135040912888e-06,2.5391509905729502e-05,3.000975347212403e-05,-10.581095695495605,-10.41398811340332,4.618243566394527e-06,0.16710758209228516
representative,knowledge-mmlu-05,0,9,14469,5,2.4426625605853915e-05,2.401521099142004e-05,6.367050063931141e-07,2.3371619503870004e-05,2.5004908611779426e-05,-10.66398811340332,-10.59643840789795,1.6332891079094225e-06,0.0675497055053711
representative,knowledge-mmlu-05,0,10,10807,5,2.29466911745933e-05,2.4686515200080525e-05,2.076499982859745e-06,2.1955604661041688e-05,2.7452857042779086e-05,-10.72648811340332,-10.503040313720703,5.497252381737398e-06,0.2234477996826172
representative,knowledge-mmlu-05,0,11,32004,5,1.902347514963106e-05,1.7571124955596128e-05,5.215064140486526e-07,1.7099042102825455e-05,1.8394767842702598e-05,-10.97648811340332,-10.903444290161133,1.2957257398771437e-06,0.0730438232421875
representative,knowledge-mmlu-05,0,12,294,5,1.481549734327208e-05,1.4937366081645615e-05,5.009968932839459e-07,1.4175603796234925e-05,1.540072925422198e-05,-11.16398811340332,-11.081095695495605,1.225125457987055e-06,0.08289241790771484
representative,knowledge-mmlu-05,0,13,271,5,1.3917871736348138e-05,1.2881407976025671e-05,9.969584447142664e-07,1.1751988314867375e-05,1.4247367460958264e-05,-11.35148811340332,-11.15893840789795,2.4953791460908886e-06,0.1925497055053711
representative,knowledge-mmlu-05,0,14,11162,5,1.3074630515687913e-05,1.3714229082590555e-05,1.0787415973634944e-06,1.2509926442443753e-05,1.4694455477645555e-05,-11.28898811340332,-11.128040313720703,2.1845290352018018e-06,0.1609477996826172
representative,knowledge-mmlu-05,0,15,578,5,1.2282478697896916e-05,1.1775635796979773e-05,2.0597469338312612e-07,1.1444053432798253e-05,1.1994100003058772e-05,-11.378040313720703,-11.331095695495605,5.500465702605194e-07,0.046944618225097656
representative,knowledge-mmlu-05,0,16,35,5,1.0839249406955303e-05,9.178624723923142e-06,4.5156440917734695e-07,8.59793832235528e-06,9.792062906911971e-06,-11.66398811340332,-11.53393840789795,1.1941245845566916e-06,0.1300497055053711
representative,knowledge-mmlu-05,0,17,320,5,7.930164272179119e-06,8.096850531105223e-06,3.0066477186550604e-07,7.5876539380919266e-06,8.372648349935668e-06,-11.78898811340332,-11.690540313720703,7.849944118437416e-07,0.09844779968261719
representative,knowledge-mmlu-05,0,18,469,5,7.449699907541783e-06,7.14654070643694e-06,3.055214576559317e-07,6.8340321798479995e-06,7.6260662597874995e-06,-11.893595695495605,-11.78393840789795,7.920340799395e-07,0.10965728759765625
representative,knowledge-mmlu-05,0,19,19921,5,7.449699907541783e-06,8.096850531105223e-06,3.0066477186550604e-07,7.5876539380919266e-06,8.372648349935668e-06,-11.78898811340332,-11.690540313720703,7.849944118437416e-07,0.09844779968261719
representative,knowledge-mmlu-05,0,20,18531,5,6.574337093590371e-06,6.072418297028525e-06,1.802277941047929e-07,5.909270828660821e-06,6.357061662238321e-06,-12.03898811340332,-11.965944290161133,4.477908335774997e-07,0.0730438232421875
representative,knowledge-mmlu-05,0,21,264,5,5.801832121640514e-06,5.495149886689045e-06,1.843064571299269e-07,5.2149132028266805e-06,5.665611671675866e-06,-12.16398811340332,-12.081095695495605,4.506984688491858e-07,0.08289241790771484
representative,knowledge-mmlu-05,0,22,29334,5,5.4503168833199215e-06,5.099365717079148e-06,2.1572573903497242e-07,4.8989575841738445e-06,5.405788069434886e-06,-12.22648811340332,-12.128040313720703,5.068304852610415e-07,0.09844779968261719
representative,knowledge-mmlu-05,0,23,22559,5,5.120098876663565e-06,4.8494527542411726e-06,1.6264987754350104e-07,4.602144748742057e-06,4.999884751501083e-06,-12.28898811340332,-12.206095695495605,3.977400027590259e-07,0.08289241790771484
representative,knowledge-mmlu-05,0,24,256,5,4.809887767634356e-06,3.82526758749655e-06,1.6353385186811822e-07,3.657993827130189e-06,4.08193912019433e-06,-12.518595695495605,-12.40893840789795,4.239452930641409e-07,0.10965728759765625
representative,knowledge-mmlu-06,1,0,356,5,0.9914221254080451,0.9923463231978202,0.00013268327855348107,0.99219395788062,0.9924978846723703,-0.007836668752133846,-0.0075303977355360985,0.00030392679175028636,0.0003062710165977478
representative,knowledge-mmlu-06,1,1,426,5,0.003981115821024081,0.003717754454764466,0.00011033174124283047,0.0035655517717694957,0.003872963680161798,-5.636436462402344,-5.553735256195068,0.0003074119083923024,0.08270120620727539
representative,knowledge-mmlu-06,1,2,362,5,0.003100496118911513,0.0024765292704962936,7.232220442508438e-05,0.0023797540596149163,0.002579950010026448,-6.04075813293457,-5.959985256195068,0.00020019595041153183,0.08077287673950195
representative,knowledge-mmlu-06,1,3,423,5,0.0005558883229248201,0.0005133537852377162,3.284195523317016e-05,0.00046255954831092165,0.0005376759466234057,-7.678735256195068,-7.528254508972168,7.511639831248403e-05,0.1504807472229004
representative,knowledge-mmlu-06,1,4,35318,5,0.0003069908347368465,0.00028716836698282084,2.0238856199115657e-05,0.00025544976570891775,0.0003115544416665743,-8.27248477935791,-8.073936462402344,5.6104675957656565e-05,0.1985483169555664
representative,knowledge-mmlu-06,1,5,220,5,0.00016432035274348172,0.0001877086351008984,1.2562414816391746e-05,0.00016708495991037193,0.00019779992677514474,-8.69700813293457,-8.528254508972168,3.0714966864772806e-05,0.16875362396240234
representative,knowledge-mmlu-06,1,6,578,5,6.045007954036634e-05,6.481114180572295e-05,3.176088122805314e-06,6.0674637588925025e-05,6.951719246401737e-05,-9.70998477935791,-9.573936462402344,8.842554875092347e-06,0.1360483169555664
representative,knowledge-mmlu-06,1,7,51815,5,2.2238341480079205e-05,2.4130602170553483e-05,8.272535975704576e-07,2.3623832377695325e-05,2.557394591547031e-05,-10.653254508972168,-10.573936462402344,1.9501135377749865e-06,0.07931804656982422
representative,knowledge-mmlu-06,1,8,921,5,1.8436232627024683e-05,1.7216962237677436e-05,5.194519621646442e-07,1.6330357167525662e-05,1.761062521050339e-05,-11.02248477935791,-10.94700813293457,1.2802680429777278e-06,0.07547664642333984
representative,knowledge-mmlu-06,1,9,469,5,1.5284173677351e-05,1.6392622892896623e-05,9.344736914602323e-07,1.534095084358328e-05,1.7283564983137606e-05,-11.08498477935791,-10.965754508972168,1.942614139554325e-06,0.11923027038574219
representative,knowledge-mmlu-06,1,10,6969,5,1.3488235928827261e-05,1.5019286243410932e-05,8.391713335540814e-07,1.353834160216478e-05,1.5541322200847433e-05,-11.20998477935791,-11.07200813293457,2.002980598682653e-06,0.13797664642333984
representative,knowledge-mmlu-06,1,11,22083,5,1.3488235928827261e-05,1.326485123981346e-05,9.571162704937845e-07,1.1947544530042587e-05,1.4571595143232525e-05,-11.33498477935791,-11.136436462402344,2.624050613189938e-06,0.1985483169555664
representative,knowledge-mmlu-06,1,12,1115,5,1.050464870362253e-05,8.87715244163361e-06,3.0432959118128424e-07,8.690722253434382e-06,9.408128931931907e-06,-11.653254508972168,-11.573936462402344,7.174066784975251e-07,0.07931804656982422
representative,knowledge-mmlu-06,1,13,5838,5,9.868204212449649e-06,1.0850566533351362e-05,5.833487744102544e-07,9.904862306162271e-06,1.134836970814897e-05,-11.52248477935791,-11.386436462402344,1.4435074019866984e-06,0.1360483169555664
representative,knowledge-mmlu-06,1,14,15922,5,9.868204212449649e-06,1.0193163940357003e-05,5.480054588572244e-07,9.304757035777647e-06,1.0660806745471894e-05,-11.58498477935791,-11.448936462402344,1.3560497096942469e-06,0.1360483169555664
representative,knowledge-mmlu-06,1,15,13844,5,8.181028636271243e-06,9.688340702983156e-06,3.0551356038632155e-07,9.304757035777647e-06,1.0014901116826315e-05,-11.58498477935791,-11.511436462402344,7.101440810486683e-07,0.0735483169555664
representative,knowledge-mmlu-06,1,16,272,5,6.3713915082576325e-06,6.9281608764610205e-06,5.386744770580363e-07,6.007602668919398e-06,7.32705817942531e-06,-12.02248477935791,-11.823936462402344,1.319455510505912e-06,0.1985483169555664
representative,knowledge-mmlu-06,1,17,763,5,6.3713915082576325e-06,6.182466449303759e-06,3.3238211248679656e-07,5.643620423375984e-06,6.466106148399961e-06,-12.08498477935791,-11.948936462402344,8.224857250239769e-07,0.1360483169555664
representative,knowledge-mmlu-06,1,18,1102,5,5.985368411156074e-06,5.1857950846574415e-06,1.635296247643055e-07,4.9804775429924686e-06,5.360590278268884e-06,-12.20998477935791,-12.136436462402344,3.8011273527641576e-07,0.0735483169555664
representative,knowledge-mmlu-06,1,19,7445,5,5.622733271191154e-06,4.993092644466574e-06,4.510951620730432e-08,4.951824274513735e-06,5.045528598516217e-06,-12.215754508972168,-12.19700813293457,9.370432400248145e-08,0.018746376037597656
representative,knowledge-mmlu-06,1,20,3402,5,5.2820690836729156e-06,5.538541440728564e-06,5.169330623948482e-07,4.67872566293629e-06,6.074344581345454e-06,-12.27248477935791,-12.011436462402344,1.3956189184091644e-06,0.2610483169555664
representative,knowledge-mmlu-06,1,21,480,5,4.9620446958855434e-06,4.814909712030456e-06,2.5885944948364516e-07,4.395256005082989e-06,5.035808531796715e-06,-12.33498477935791,-12.198936462402344,6.405525267137254e-07,0.1360483169555664
representative,knowledge-mmlu-06,1,22,452,5,4.3789890746053125e-06,4.4105641959904555e-06,2.1916860293453564e-07,4.128960905584333e-06,4.739835474245103e-06,-12.39748477935791,-12.25950813293457,6.1087456866077e-07,0.13797664642333984
representative,knowledge-mmlu-06,1,23,10913,5,4.3789890746053125e-06,4.465169675530938e-06,1.9664831840836688e-07,4.182890124781891e-06,4.651808408235065e-06,-12.38450813293457,-12.278254508972168,4.689182834531747e-07,0.10625362396240234
representative,knowledge-mmlu-06,1,24,41214,5,4.3789890746053125e-06,4.576448099648612e-06,1.4431438733532074e-07,4.395256005082989e-06,4.730704316597385e-06,-12.33498477935791,-12.261436462402344,3.354483115143953e-07,0.0735483169555664
representative,long-longbench-01,2,0,356,5,0.3451745365931576,0.3413046808669355,0.013462459160547766,0.3268464096915859,0.36314899451188615,-1.11826491355896,-1.0129420757293701,0.03630258482030024,0.10532283782958984
representative,long-longbench-01,2,1,423,5,0.30941245488007924,0.3156853399133004,0.013201947606356701,0.2963935711035817,0.3319934917040135,-1.2160670757293701,-1.10263991355896,0.03559992060043177,0.11342716217041016
representative,long-longbench-01,2,2,362,5,0.14845771827413415,0.13911706316391187,0.0011300311108152397,0.13747951595802457,0.1400064094367977,-1.9842803478240967,-1.9660670757293701,0.0025268934787731345,0.018213272094726562
representative,long-longbench-01,2,3,426,5,0.1416593443917546,0.15232823674476928,0.002678749033110015,0.14903604705845627,0.1561627812635667,-1.9035670757293701,-1.856856346130371,0.007126734205110424,0.04671072959899902
representative,long-longbench-01,2,4,578,5,0.00515994185739539,0.0047179634541392335,0.00015908967566654938,0.004465474433712029,0.004853619390624595,-5.411379814147949,-5.328030586242676,0.00038814495691256654,0.08334922790527344
representative,long-longbench-01,2,5,220,5,0.00441353215690113,0.004053005268727423,6.613995345057192e-05,0.003956768382206373,0.004129888730465874,-5.532327651977539,-5.489504814147949,0.00017312034825950166,0.042822837829589844
representative,long-longbench-01,2,6,279,5,0.0038047025373736817,0.0034624787214561103,0.00011414377726933773,0.003267010886365375,0.0035509838031394293,-5.723879814147949,-5.640530586242676,0.0002839729167740542,0.08334922790527344
representative,long-longbench-01,2,7,720,5,0.0022542116512178846,0.0018705655676735198,5.3347247264990854e-05,0.0017974430496159827,0.0019356398909923989,-6.321390151977539,-6.247317314147949,0.00013819684137641617,0.07407283782958984
representative,long-longbench-01,2,8,320,5,0.0021176358715004153,0.0018703328826440969,4.211624388837172e-05,0.0018180671528816071,0.0019306364062603165,-6.309981346130371,-6.249905586242676,0.00011256925337870937,0.06007575988769531
representative,long-longbench-01,2,9,4815,5,0.001958493022581223,0.001780225750101215,8.070989541915938e-05,0.0016885414804725446,0.0018760865123280009,-6.383890151977539,-6.278567314147949,0.00018754503185545632,0.10532283782958984
representative,long-longbench-01,2,10,7104,5,0.001525275899626139,0.0015358998694728048,2.1298411742266226e-05,0.0015044001401500384,0.0015553303469454252,-6.499361038208008,-6.466067314147949,5.093020679538683e-05,0.033293724060058594
representative,long-longbench-01,2,11,2052,5,0.0010986150174779334,0.0009708148947848441,4.13989701448513e-05,0.0009287301693414356,0.0010339580873367574,-6.981692314147949,-6.874361038208008,0.00010522791799532174,0.1073312759399414
representative,long-longbench-01,2,12,34676,5,0.0009396952217095127,0.0009171982612351997,1.805128888477071e-05,0.0008983183538229066,0.0009432008136148026,-7.014986038208008,-6.966231346130371,4.4882459791896066e-05,0.04875469207763672
representative,long-longbench-01,2,13,19921,5,0.0007204893186853492,0.0006172772794017824,3.107438934576006e-05,0.0005721740588712686,0.0006572237474264577,-7.466067314147949,-7.327486038208008,8.504968855518912e-05,0.1385812759399414
representative,long-longbench-01,2,14,510,5,0.00056995396275228,0.00047884737943200645,1.1009517624241954e-05,0.0004669182607493241,0.0004884072173939571,-7.669356346130371,-7.624361038208008,2.1488956644632985e-05,0.04499530792236328
representative,long-longbench-01,2,15,30848,5,0.0005354221978117971,0.000524371425075986,1.674223911227441e-05,0.0005069920920762173,0.0005458827514954172,-7.587015151977539,-7.513106346130371,3.889065941919999e-05,0.07390880584716797
representative,long-longbench-01,2,16,469,5,0.000502982606744703,0.00048231255644419545,2.6342648325450528e-05,0.00045881611999226435,0.0005209704091151597,-7.686861038208008,-7.559817314147949,6.21542891228953e-05,0.1270437240600586
representative,long-longbench-01,2,17,16225,5,0.000502982606744703,0.00041864415923779897,9.971263519969165e-06,0.0004057321625759165,0.00043182879932298685,-7.809817314147949,-7.747481346130371,2.6096636747070356e-05,0.062335968017578125
representative,long-longbench-01,2,18,682,5,0.0004725084311439475,0.0003959330794056939,1.6378626338981942e-05,0.0003694233379705005,0.00041128011187188375,-7.903567314147949,-7.796236038208008,4.1856773901383245e-05,0.1073312759399414
representative,long-longbench-01,2,19,366,5,0.0004579708750349911,0.00044056379285929486,2.4360766405936138e-05,0.0004010637555184963,0.00046604142254477634,-7.821390151977539,-7.671236038208008,6.497766702628005e-05,0.15015411376953125
representative,long-longbench-01,2,20,35,5,0.0004302238223959886,0.0004617018462922981,2.5938071784857404e-05,0.00043182879932298685,0.0004991319082389539,-7.747481346130371,-7.602640151977539,6.730310891596701e-05,0.14484119415283203
representative,long-longbench-01,2,21,314,5,0.0004105224391889965,0.00040838795311417213,1.3231439979405256e-05,0.0003887243209924219,0.00042513391432980405,-7.852640151977539,-7.763106346130371,3.640959333738215e-05,0.08953380584716797
representative,long-longbench-01,2,22,2290,5,0.0003737849344605863,0.00036951793032899085,1.1815385416116986e-05,0.00035713182514204037,0.000387152334128034,-7.937405586242676,-7.856692314147949,3.0020508985993612e-05,0.08071327209472656
representative,long-longbench-01,2,23,22559,5,0.0003737849344605863,0.00032400562160581005,7.469884990332164e-06,0.00031108563992828507,0.00033029294464435323,-8.07544231414795,-8.015530586242676,1.9207304716068168e-05,0.05991172790527344
representative,long-longbench-01,2,24,34,5,0.00034569455303397014,0.0003626778346626375,1.2473809541815349e-05,0.0003469841882250633,0.00038115009352737684,-7.966231346130371,-7.872317314147949,3.416590530231354e-05,0.09391403198242188
representative,long-longbench-02,3,0,426,5,0.2110079546348247,0.21262667172933852,0.0013678554437719307,0.2109396974270909,0.21472309429990466,-1.5561829805374146,-1.5384060144424438,0.00378339687281376,0.017776966094970703
representative,long-longbench-02,3,1,423,5,0.20773657951778376,0.20740816532520262,0.004237686959191416,0.20171367967306023,0.212235181556363,-1.6009060144424438,-1.5500602722167969,0.01052150188330278,0.05084574222564697
representative,long-longbench-02,3,2,356,5,0.20451592237094882,0.19543595115659435,0.002873322375105548,0.1920627801337356,0.19937650194263706,-1.6499329805374146,-1.6125602722167969,0.007313721808901469,0.037372708320617676
representative,long-longbench-02,3,3,362,5,0.19822362894150763,0.20040667959999267,0.004540344660473222,0.19628545578512807,0.20811675920506562,-1.6281852722167969,-1.5696560144424438,0.011831303419937544,0.05852925777435303
representative,long-longbench-02,3,4,220,5,0.06335606963126632,0.06630314498252877,0.001938588711763509,0.06390303747774809,0.06895805887376139,-2.7503883838653564,-2.6742568016052246,0.005055021396013298,0.07613158226013184
representative,long-longbench-02,3,5,720,5,0.01601892303734675,0.016796821371599876,0.000718373425328699,0.01604824316963417,0.017725599916957033,-4.132155895233154,-4.032745361328125,0.0016773567473228612,0.0994105339050293
representative,long-longbench-02,3,6,4815,5,0.01058786160391155,0.01087373157143251,0.0002806298622051529,0.010566567494212661,0.011213206409661945,-4.550060272216797,-4.490663051605225,0.0006466389154492838,0.059397220611572266
representative,long-longbench-02,3,7,578,5,0.008624699211214944,0.008669580129449945,0.0003632006089337238,0.008358304819505308,0.009242139288038296,-4.784499645233154,-4.683981895446777,0.0008838344685329885,0.10051774978637695
representative,long-longbench-02,3,8,320,5,0.008441379247841283,0.008609069014551812,0.00024466669361303684,0.008260927618828021,0.008853427157873649,-4.796218395233154,-4.726950645446777,0.0005924995390456274,0.06926774978637695
representative,long-longbench-02,3,9,7104,5,0.007596419085138212,0.0070973159949971,0.00027092634195239283,0.0067691972599200935,0.007411777273578439,-4.995372772216797,-4.904685020446777,0.0006425800136583455,0.09068775177001953
representative,long-longbench-02,3,10,22559,5,0.003910301430585877,0.003846281055947094,0.00024553401750735293,0.0035253311804402877,0.004129305863416722,-5.647780895233154,-5.489645957946777,0.0006039746829764338,0.15813493728637695
representative,long-longbench-02,3,11,5321,5,0.002849684291542714,0.00299943131615098,0.000240921186372336,0.002756453822720736,0.0033147518314750215,-5.893810272216797,-5.709372520446777,0.0005582980087542855,0.18443775177001953
representative,long-longbench-02,3,12,469,5,0.002708586638531204,0.0033475642863975094,0.0002436534518398332,0.0029424487226264655,0.0035630176930226292,-5.828513145446777,-5.637147426605225,0.0006205689703961638,0.19136571884155273
representative,long-longbench-02,3,13,16225,5,0.0021849287367310317,0.0022498293736988397,0.00023314224278744302,0.0019318464526257054,0.0024557873377061756,-6.249279022216797,-6.009307861328125,0.0005239408850804702,0.23997116088867188
representative,long-longbench-02,3,14,510,5,0.0018543249347470361,0.0017367181207689664,4.6483079693254425e-05,0.0016765567448040037,0.0017827104264693551,-6.391013145446777,-6.329620361328125,0.00010615368166535144,0.061392784118652344
representative,long-longbench-02,3,15,256,5,0.0017556395618653067,0.001795070111674371,6.527644746562924e-05,0.0017181091998714725,0.0018976853708317226,-6.366530895233154,-6.267120361328125,0.00017957617096025016,0.0994105339050293
representative,long-longbench-02,3,16,2057,5,0.0016622061287263465,0.0018660299330292111,4.434428869852545e-05,0.0017936587116402093,0.0018997876818534108,-6.323497772216797,-6.266013145446777,0.00010612897021320148,0.05748462677001953
representative,long-longbench-02,3,17,34676,5,0.0015737451321955348,0.0015136303198600458,4.167863763886467e-05,0.0014680421371123117,0.0015718424673513065,-6.523825645446777,-6.455506801605225,0.00010380033023899482,0.06831884384155273
representative,long-longbench-02,3,18,3788,5,0.001284453342257693,0.001239401272043645,4.012843607064719e-05,0.0011888567529476388,0.0012840381512707153,-6.734763145446777,-6.657745361328125,9.518139832307652e-05,0.07701778411865234
representative,long-longbench-02,3,19,15073,5,0.000984824538921029,0.0009605233875406785,6.46296158177933e-05,0.0008879254490963007,0.0010645050162579528,-7.026622772216797,-6.845245361328125,0.000176579567161652,0.18137741088867188
representative,long-longbench-02,3,20,3580,5,0.0008966929468289116,0.0009343710423597917,6.988600394428304e-05,0.0008472643824113754,0.000999123861410654,-7.073497772216797,-6.908631801605225,0.00015185947899927857,0.16486597061157227
representative,long-longbench-02,3,21,1115,5,0.0008100945686160488,0.0008192573812752485,2.9067179240030988e-05,0.0007959312284938382,0.0008630174512740457,-7.135997772216797,-7.055075645446777,6.708622278020753e-05,0.08092212677001953
representative,long-longbench-02,3,22,22991,5,0.0007729976374388678,0.0007836741318989355,4.608550091378859e-05,0.0007247036304895791,0.0008283027737782709,-7.229747772216797,-7.096131801605225,0.00010359914328869179,0.13361597061157227
representative,long-longbench-02,3,23,272,5,0.0007375994984226015,0.0006789871498210241,1.5200808956440145e-05,0.0006623901035927583,0.0006981194337407954,-7.319655895233154,-7.267120361328125,3.572933014803713e-05,0.0525355339050293
representative,long-longbench-02,3,24,14469,5,0.0006715919858624947,0.0006588117248767297,3.76459858094723e-05,0.0006167707583707093,0.0007162144710866481,-7.391013145446777,-7.241530895233154,9.944371271593873e-05,0.14948225021362305
representative,long-longbench-03,4,0,426,5,0.7512461275205723,0.7387226534132711,0.006522880045080792,0.7275150023241729,0.7428189107044163,-0.31812065839767456,-0.2973029911518097,0.015303908380243425,0.020817667245864868
representative,long-longbench-03,4,1,578,5,0.128523058410606,0.13753832350211107,0.0035412297386982145,0.13513363925374197,0.14325618930510148,-2.001491069793701,-1.9431207180023193,0.008122550051359506,0.058370351791381836
representative,long-longbench-03,4,2,6914,5,0.014196324494720929,0.015411140990200628,0.0005450641958314193,0.014510026272225912,0.015782308211506058,-4.23291540145874,-4.148865699768066,0.001272281939280145,0.08404970169067383
representative,long-longbench-03,4,3,720,5,0.012725503032580519,0.013447177578166419,0.00024041100772005612,0.013108716328343257,0.01374788232327144,-4.33447790145874,-4.28687047958374,0.0006391659949281838,0.047607421875
representative,long-longbench-03,4,4,320,5,0.008543498571498291,0.0075502680784181155,0.00020348905894094024,0.007353323423739101,0.00789474461422947,-4.91260290145874,-4.84155797958374,0.0005414211904903685,0.071044921875
representative,long-longbench-03,4,5,2057,5,0.007539611026583157,0.00755532949799115,0.0001578550890217861,0.007397018985226255,0.007742046430794073,-4.906678199768066,-4.86108922958374,0.00034502744556781824,0.04558897018432617
representative,long-longbench-03,4,6,362,5,0.0060819589676071265,0.006123460223747561,0.0001393712175570198,0.0060137338542007,0.006343605511043514,-5.113709449768066,-5.06030797958374,0.0003298716568428143,0.05340147018432617
representative,long-longbench-03,4,7,7104,5,0.005871854971556762,0.0061443073344532055,0.0003473590793239928,0.005732249056354043,0.006674061194648487,-5.161647319793701,-5.00952672958374,0.0009418121382944438,0.15212059020996094
representative,long-longbench-03,4,8,763,5,0.005735833597643796,0.0060261406462656,0.00023107507904546274,0.0057833513281411834,0.006294239181303914,-5.152771949768066,-5.06812047958374,0.0005108878531627304,0.08465147018432617
representative,long-longbench-03,4,9,220,5,0.004811225544897083,0.004802775062052617,0.0003582525856817812,0.004469027525830027,0.005321025507786679,-5.410584449768066,-5.23608922958374,0.0008519979819566524,0.17449522018432617
representative,long-longbench-03,4,10,41070,5,0.004338098930511473,0.004600395771829016,9.087067407899396e-05,0.004460016107280837,0.004686626017901902,-5.41260290145874,-5.36304235458374,0.00022660991062106554,0.049560546875
representative,long-longbench-03,4,11,4815,5,0.0030444194955757224,0.0032553983295632158,2.9428694691448372e-05,0.003204595813775284,0.0032805217846775515,-5.74316930770874,-5.719752788543701,7.592597090226756e-05,0.023416519165039062
representative,long-longbench-03,4,12,1115,5,0.0029021698421354417,0.003124004502452718,4.7811862920180874e-05,0.0030752664021119975,0.0031835412390824186,-5.784363746643066,-5.74976110458374,0.00010827483697042114,0.03460264205932617
representative,long-longbench-03,4,13,20817,5,0.002545260730027117,0.0027682433356391103,9.460042431292325e-05,0.00260404613203173,0.0028335748043839446,-5.95068883895874,-5.86621618270874,0.0002295286723522148,0.08447265625
representative,long-longbench-03,4,14,22559,5,0.0020372010729416304,0.0019519479429594318,0.0001001740217126867,0.0018232509200872844,0.0021000865315876816,-6.30713415145874,-6.16577672958374,0.0002768356115003972,0.141357421875
representative,long-longbench-03,4,15,1050,5,0.0020292587786431508,0.0019261365982643232,4.638838488941672e-05,0.001853319859285755,0.0019675576509831146,-6.29077672958374,-6.23096227645874,0.00011423779169735969,0.059814453125
representative,long-longbench-03,4,16,3146,5,0.0017768783570170613,0.0018286792265028453,4.685331882030106e-05,0.0017550795950398092,0.001881127117016729,-6.345241069793701,-6.27588415145874,0.0001260475219769198,0.06935691833496094
representative,long-longbench-03,4,17,356,5,0.0016305552364964645,0.0015965317025107035,5.367766780263327e-05,0.0015565678933872759,0.0016874669348310668,-6.465271949768066,-6.38452672958374,0.00013089904144379097,0.08074522018432617
representative,long-longbench-03,4,18,15073,5,0.0011790415264643283,0.0012395982801402482,0.0001432176977089653,0.0011167828306588492,0.0014377398032064442,-6.797303199768066,-6.54468297958374,0.00032095697254759504,0.25262022018432617
representative,long-longbench-03,4,19,482,5,0.0009660720058819305,0.000912443394689116,2.7172186536203174e-05,0.0008788727130482451,0.000940425430198922,-7.03687047958374,-6.969178199768066,6.155271715067693e-05,0.06769227981567383
representative,long-longbench-03,4,20,72387,5,0.0008934705481213019,0.0008570493102498279,2.025657245604674e-05,0.0008314907353726405,0.0008765728873666961,-7.09229040145874,-7.039490699768066,4.508215199405558e-05,0.05279970169067383
representative,long-longbench-03,4,21,423,5,0.0008525555528644907,0.0008466965224473896,8.202040846028878e-05,0.0007667374907109043,0.0009428927829851239,-7.173366069793701,-6.96655797958374,0.00017615529227421958,0.20680809020996094
representative,long-longbench-03,4,22,5810,5,0.0006958355625281072,0.0007750952633651563,4.406946879015867e-05,0.0007381483777076049,0.0008320999604537408,-7.211365699768066,-7.09155797958374,9.395158274613596e-05,0.11980772018432617
representative,long-longbench-03,4,23,366,5,0.0006237429670209063,0.0006572306262886276,2.0328327319300983e-05,0.0006257929015506772,0.0006720917461386373,-7.376491069793701,-7.305115699768066,4.629884458796007e-05,0.07137537002563477
representative,long-longbench-03,4,24,10771,5,0.0006188889607418107,0.0007394792439024386,3.9677141932923706e-05,0.000714677926077124,0.0008064989360782172,-7.243678569793701,-7.12280797958374,9.182101000109323e-05,0.12087059020996094
representative,long-longbench-04,5,0,362,5,0.4822643417325521,0.5182970889959406,0.011637703785010039,0.505383958951127,0.528742926321514,-0.6824368238449097,-0.637252926826477,0.023358967370387007,0.04518389701843262
representative,long-longbench-04,5,1,356,5,0.3263163958631234,0.28740551968724876,0.01565576197395238,0.2731364987846983,0.3068347114899007,-1.297783613204956,-1.1814460754394531,0.0336982127052024,0.11633753776550293
representative,long-longbench-04,5,2,423,5,0.05582615293375495,0.055429411120842244,0.004195589423672504,0.05154099298645873,0.06047071303572871,-2.9653778076171875,-2.805596113204956,0.008929720049269979,0.15978169441223145
representative,long-longbench-04,5,3,578,5,0.05244381731259224,0.05345972393503887,0.0017888975528111786,0.05048224566838424,0.05505921077906968,-2.986133575439453,-2.899346113204956,0.004576965110685442,0.08678746223449707
representative,long-longbench-04,5,4,426,5,0.010107301416082185,0.009806976980143196,0.00041407188543731024,0.009229482257929229,0.01032900127398362,-4.685352325439453,-4.5727996826171875,0.0010995190160543906,0.11255264282226562
representative,long-longbench-04,5,5,220,5,0.007322797668863955,0.007436929221116155,0.00029450302437349297,0.006948120708555891,0.00768798658976111,-4.9692840576171875,-4.868096351623535,0.0007398658812052183,0.10118770599365234
representative,long-longbench-04,5,6,320,5,0.0066935789430115945,0.006917796303079621,0.0003368795413151247,0.006544682929793896,0.007408752606458178,-5.029102325439453,-4.905093193054199,0.0008640696766642822,0.1240091323852539
representative,long-longbench-04,5,7,7104,5,0.005725321471868324,0.006061429465898509,0.0002725132724645316,0.00570837390866767,0.006301671850987977,-5.165821075439453,-5.0669403076171875,0.0005932979423203073,0.09888076782226562
representative,long-longbench-04,5,8,720,5,0.004338614034215372,0.004243174217479001,0.0003590707931018244,0.003919418637046546,0.004806932772800645,-5.541811943054199,-5.337696075439453,0.0008875141357540996,0.2041158676147461
representative,long-longbench-04,5,9,22559,5,0.002550539614098216,0.002875839573747323,0.0003038825465747641,0.002533075566908298,0.003224025828481644,-5.978321075439453,-5.737124443054199,0.000690950261573346,0.2411966323852539
representative,long-longbench-04,5,10,28206,5,0.0023405067134933794,0.0025031966428928076,0.00015522702054191325,0.0022529640471214423,0.002615705700241297,-6.095508575439453,-5.946221351623535,0.00036274165311985483,0.14928722381591797
representative,long-longbench-04,5,11,4815,5,0.0020334674719673126,0.0023642978415550965,0.00010321650707098914,0.002229444544729961,0.002510873839863939,-6.1060028076171875,-5.987124443054199,0.00028142929513397816,0.11887836456298828
representative,long-longbench-04,5,12,763,5,0.0019102659059723887,0.0019464774866367086,0.00017559936523934777,0.0017962195450757922,0.002194880210787791,-6.322071075439453,-6.1216278076171875,0.0003986606657119989,0.20044326782226562
representative,long-longbench-04,5,13,3580,5,0.001766707156065942,0.0017414229623315327,9.626941667919688e-05,0.0016310964727942697,0.001851402270330563,-6.4185028076171875,-6.291811943054199,0.00022030579753629337,0.12669086456298828
representative,long-longbench-04,5,14,6914,5,0.001659667780574392,0.0014194832086864284,0.00012779895309474975,0.001312840796070038,0.0016354765071048402,-6.635561943054199,-6.415821075439453,0.00032263571103480215,0.2197408676147461
representative,long-longbench-04,5,15,3639,5,0.001464651675676351,0.0015799354292252953,6.972558409952703e-05,0.0014876435171897844,0.001645020831041446,-6.510561943054199,-6.4100022315979,0.00015737731385166167,0.10055971145629883
representative,long-longbench-04,5,16,510,5,0.0012925505671497171,0.0012038722314316884,5.4458490488823364e-05,0.0011306051805626011,0.0012724489311274614,-6.7850022315979,-6.666811943054199,0.00014184375056486027,0.11819028854370117
representative,long-longbench-04,5,17,330,5,0.001176880683997457,0.001329836780628487,0.00020757167878185395,0.0010894622256635465,0.0015809129100693461,-6.822071075439453,-6.4497528076171875,0.0004914506844057997,0.3723182678222656
representative,long-longbench-04,5,18,279,5,0.0010224916576819039,0.0010622537491387506,4.304305812487323e-05,0.0009919666447988122,0.0011055227896891,-6.915821075439453,-6.807436943054199,0.00011355614489028782,0.1083841323852539
representative,long-longbench-04,5,19,2052,5,0.0008476753573148446,0.0009464333901501535,9.502417109088585e-05,0.000829523721310318,0.0010883832474771983,-7.094658851623535,-6.823061943054199,0.0002588595261668803,0.27159690856933594
representative,long-longbench-04,5,20,1115,5,0.0008215951283561575,0.0007297796450267611,1.8969117506440058e-05,0.0007137791600952197,0.0007605672089823854,-7.244936943054199,-7.181446075439453,4.6788048887165664e-05,0.0634908676147461
representative,long-longbench-04,5,21,16225,5,0.0007250551559529021,0.0008039536245922684,1.745802097298027e-05,0.0007770528191462071,0.0008201668132379786,-7.1600022315979,-7.1060028076171875,4.311399409177147e-05,0.05399942398071289
representative,long-longbench-04,5,22,469,5,0.0006918524630055886,0.0007403050605805964,5.402156082667182e-05,0.0006925043243043557,0.0008166631480414755,-7.275196075439453,-7.110283851623535,0.00012415882373711983,0.16491222381591797
representative,long-longbench-04,5,23,272,5,0.0006105576556479553,0.0006005438811036596,4.614612185642384e-05,0.0005652055569123233,0.0006810928325927471,-7.478321075439453,-7.291811943054199,0.00011588727568042387,0.1865091323852539
representative,long-longbench-04,5,24,4194,5,0.0006105576556479553,0.0005662313606477764,6.794899329347112e-05,0.0004897439729396992,0.0006404618024799733,-7.6216278076171875,-7.353321075439453,0.000150717829540274,0.2683067321777344
representative,long-longbench-05,6,0,423,5,0.3916474802483147,0.41655578354949674,0.0219016547596712,0.39348760916623854,0.4411440499896496,-0.9327057003974915,-0.8183838129043579,0.047656440823411084,0.11432188749313354
representative,long-longbench-05,6,1,362,5,0.20003394767229274,0.1671402809539203,0.015596585644853517,0.150091703817776,0.18275868520399366,-1.896508812904358,-1.699588656425476,0.03266698138621765,0.19692015647888184
representative,long-longbench-05,6,2,356,5,0.08469970260591092,0.09206562204164474,0.004478195191432379,0.08686642424510874,0.09630704792941558,-2.4433836936950684,-2.3402137756347656,0.009440623684306843,0.10316991806030273
representative,long-longbench-05,6,3,426,5,0.08082102083216804,0.09512825098941963,0.011348440439277515,0.08487059470244433,0.11098828311178868,-2.466627597808838,-2.1983306407928467,0.02611768840934435,0.2682969570159912
representative,long-longbench-05,6,4,720,5,0.02027572972060201,0.02290955730022472,0.0009187870293236467,0.022026298772525786,0.024311125505127713,-3.8155181407928467,-3.7168211936950684,0.0022848267326019273,0.09869694709777832
representative,long-longbench-05,6,5,578,5,0.016941006287598516,0.01669451994728447,0.0009579227227817299,0.015257167608824725,0.01765140142669834,-4.182705879211426,-4.036940097808838,0.002394233817873615,0.1457657814025879
representative,long-longbench-05,6,6,1328,5,0.01298912008490477,0.0098403555183737,0.0007019712227005478,0.00901059293812084,0.010622800495298533,-4.709354400634766,-4.544752597808838,0.0016122075571776938,0.16460180282592773
representative,long-longbench-05,6,7,22559,5,0.012107191204696936,0.01101558484030046,0.000607349926736732,0.01040448434019898,0.011850590305769588,-4.565518379211426,-4.435377597808838,0.0014461059655706075,0.1301407814025879
representative,long-longbench-05,6,8,4815,5,0.011734692091751956,0.013286901306860768,0.0009202189556321149,0.012069412985736477,0.014236055059817022,-4.417080879211426,-4.251977443695068,0.0021666420740805454,0.16510343551635742
representative,long-longbench-05,6,9,320,5,0.008806060833572866,0.008010623134757543,0.00019676533321330545,0.007843843866838021,0.00825530447407805,-4.848026275634766,-4.796899318695068,0.000411460607240028,0.051126956939697266
representative,long-longbench-05,6,10,510,5,0.008402801948325416,0.007678898997995923,0.0004975399143816657,0.007114057480079576,0.008191061184980286,-4.945682525634766,-4.804711818695068,0.0010770037049007098,0.14097070693969727
representative,long-longbench-05,6,11,82108,5,0.008337410824776601,0.006537826633596479,0.0007429800920773511,0.0056314622891272615,0.007525340950712503,-5.179386138916016,-4.889479160308838,0.0018938786615852413,0.28990697860717773
representative,long-longbench-05,6,12,3788,5,0.007695798961112001,0.008277366117461785,0.0005454928155550714,0.0077071685658909195,0.008858363634318835,-4.865604400634766,-4.726393222808838,0.001151195068427915,0.13921117782592773
representative,long-longbench-05,6,13,7104,5,0.007415446692428983,0.007500026299934194,0.00023584122967690896,0.0072402148281033325,0.007831245658550633,-4.928104400634766,-4.849633693695068,0.0005910308304473005,0.07847070693969727
representative,long-longbench-05,6,14,19475,5,0.006043451999318386,0.004274067201905702,0.0011840588053809813,0.002923278176560341,0.005478839487468885,-5.835049629211426,-5.206861972808838,0.0025555613109085437,0.6281876564025879
representative,long-longbench-05,6,15,220,5,0.005673141097979202,0.005022729615902402,9.51423305358086e-05,0.004894192586736006,0.005111829525811847,-5.319705963134766,-5.276197910308838,0.0002176369390758416,0.043508052825927734
representative,long-longbench-05,6,16,15073,5,0.005380409218802933,0.005908838802196708,0.0002680752492489065,0.005625222448301731,0.006216994709722994,-5.180494785308838,-5.080468654632568,0.0005917722614212631,0.10002613067626953
representative,long-longbench-05,6,17,366,5,0.004436622285876742,0.005686697471878444,0.0002981050865523061,0.005177067896675708,0.0059312738787991055,-5.263516426086426,-5.127516269683838,0.0007542059821233973,0.1360001564025879
representative,long-longbench-05,6,18,330,5,0.0038022631890214163,0.0032215204409195702,0.00012814206649550412,0.0030005376922175152,0.0033166000642605776,-5.808963775634766,-5.708815097808838,0.00031606237204306236,0.10014867782592773
representative,long-longbench-05,6,19,16225,5,0.0032586063061102693,0.0029352373307780237,0.00010918491178060317,0.0028142170426077393,0.0030427330963231115,-5.873071193695068,-5.794999122619629,0.00022851605371537222,0.07807207107543945
representative,long-longbench-05,6,20,551,5,0.0032459022040804003,0.002597585511363025,6.187238048609748e-05,0.0025465232649426227,0.0026753933898812,-5.973026275634766,-5.923658847808838,0.0001288701249385774,0.049367427825927734
representative,long-longbench-05,6,21,44941,5,0.0029209958145020127,0.0022448809488370657,0.00021165533467074234,0.0020144657088646935,0.0025330115508958137,-6.207401275634766,-5.978346347808838,0.0005185458420311202,0.22905492782592773
representative,long-longbench-05,6,22,1795,5,0.002690947441948592,0.002495217889828603,0.00014872349854876417,0.0023095963138369583,0.0026753933898812,-6.070682525634766,-5.923658847808838,0.0003657970760442418,0.14702367782592773
representative,long-longbench-05,6,23,33771,5,0.002356272309767207,0.0017806430685994852,0.000134892185750976,0.001631364046726965,0.0019497285956544192,-6.418338775634766,-6.240065097808838,0.0003183645489274543,0.17827367782592773
representative,long-longbench-05,6,24,279,5,0.0023106978777922855,0.002258390156881751,4.214826558742434e-05,0.002208904265890169,0.002306333262585948,-6.115258693695068,-6.072096347808838,9.742899669577896e-05,0.04316234588623047
representative,long-longbench-06,1,0,356,5,0.24763786168982418,0.2447387155045444,0.017017111809275228,0.2313799819475275,0.27269185799912055,-1.4636939764022827,-1.2994128465652466,0.04131187605159303,0.16428112983703613
representative,long-longbench-06,1,1,423,5,0.17019884736213778,0.14607691637794273,0.008797815882657632,0.1349922746013984,0.15962066917464665,-2.002537727355957,-1.834955096244812,0.024628394573248252,0.16758263111114502
representative,long-longbench-06,1,2,578,5,0.1624048746932243,0.1721668792633724,0.003186309715593464,0.16728102503090336,0.17465477348149538,-1.788080096244812,-1.7449439764022827,0.0073737484505920214,0.0431361198425293
representative,long-longbench-06,1,3,426,5,0.14332179888140978,0.14700468821744836,0.015675492594414364,0.1288105282789975,0.1615292599769061,-2.049412727355957,-1.8230689764022827,0.03271873169790859,0.22634375095367432
representative,long-longbench-06,1,4,362,5,0.1304959984494833,0.1320480770411701,0.004510849319461424,0.12700673196756035,0.13711807725752553,-2.0635151863098145,-1.9869128465652466,0.010111345289965185,0.07660233974456787
representative,long-longbench-06,1,5,6914,5,0.05272514956550612,0.05677945741168492,0.0013529167380835413,0.05582301186399876,0.059063615548681836,-2.8855690956115723,-2.8291401863098145,0.0032406036846830757,0.05642890930175781
representative,long-longbench-06,1,6,2057,5,0.009453098421622627,0.00943828689885449,0.0002827467249805642,0.009114850911681257,0.009890256331287641,-4.697850227355957,-4.616205215454102,0.0007754054196063842,0.08164501190185547
representative,long-longbench-06,1,7,320,5,0.006573597932178673,0.0070233836612285105,0.0001298238695922216,0.006824071675159412,0.007137294926084898,-4.987298965454102,-4.9424214363098145,0.00031322325092548575,0.04487752914428711
representative,long-longbench-06,1,8,7104,5,0.006151248461401691,0.006835208125771769,0.0001949981780106509,0.006692082180964547,0.007054142921543445,-5.006830215454102,-4.9541401863098145,0.00036206074057889767,0.05269002914428711
representative,long-longbench-06,1,9,1115,5,0.0059387508287602085,0.005994369287020679,0.00016403291533455792,0.005701725301577261,0.006081051302781791,-5.166986465454102,-5.1025776863098145,0.0003793260012045297,0.06440877914428711
representative,long-longbench-06,1,10,20817,5,0.005333869384263182,0.005495991001206943,0.0002159710899594738,0.005283543227814118,0.005724999335500786,-5.243158340454102,-5.162912845611572,0.00044145610768666754,0.0802454948425293
representative,long-longbench-06,1,11,510,5,0.0039948835828101485,0.004688942238275052,0.0001460316588400815,0.0044422235544010905,0.004801334084307616,-5.416600227355957,-5.338861465454102,0.00035911052990652594,0.07773876190185547
representative,long-longbench-06,1,12,220,5,0.003886564982380345,0.004620267270579346,0.0002134386599087137,0.004280396633276122,0.004764767217636053,-5.453709602355957,-5.346506595611572,0.0004843705843599307,0.10720300674438477
representative,long-longbench-06,1,13,3146,5,0.003667701675081068,0.004111671761438025,5.5905060291774985e-05,0.004039003104340431,0.0041680971839694585,-5.5117573738098145,-5.480295658111572,0.00012909407962902793,0.03146171569824219
representative,long-longbench-06,1,14,720,5,0.0027242739113795423,0.004014692633564996,0.00023231469643703268,0.003618562786231484,0.004155903831827838,-5.621678352355957,-5.483225345611572,0.0005373410455963542,0.13845300674438477
representative,long-longbench-06,1,15,41070,5,0.002692535158953425,0.0029644013218580972,0.0001590740233658087,0.0027625645650319977,0.0032011762899692075,-5.891595840454102,-5.744236946105957,0.00043861172493720986,0.14735889434814453
representative,long-longbench-06,1,16,763,5,0.0022629178464871487,0.0024345080595404244,0.00018251594498618106,0.0022503399946368313,0.0027394484763242416,-6.096673965454102,-5.899998664855957,0.0004891084816874103,0.19667530059814453
representative,long-longbench-06,1,17,21829,5,0.0017282750204487352,0.0018278979640899279,0.00011625109229322346,0.0016214852522990876,0.001898596810747236,-6.424412727355957,-6.2666401863098145,0.0002771115584481484,0.15777254104614258
representative,long-longbench-06,1,18,4740,5,0.0015311668060166163,0.0012711064259889966,8.303688717051738e-05,0.0011812226705643996,0.0013707716118592107,-6.741205215454102,-6.592381477355957,0.00018954894129481108,0.14882373809814453
representative,long-longbench-06,1,19,469,5,0.0013618479484651283,0.0013778686279822309,0.00013130058894353076,0.001247619784318859,0.0015963464535452675,-6.686517715454102,-6.440037727355957,0.0003487266692264086,0.24647998809814453
representative,long-longbench-06,1,20,10771,5,0.001102858078178441,0.0010096081859529364,2.735523323662114e-05,0.0009640858459973866,0.001030453177227639,-6.944330215454102,-6.877756595611572,6.636733123025244e-05,0.0665736198425293
representative,long-longbench-06,1,21,38527,5,0.0010773103983138148,0.0010659005217630785,6.246569158887228e-05,0.0009606982180882066,0.001118359146746821,-6.947850227355957,-6.795892715454102,0.00015766092865861442,0.15195751190185547
representative,long-longbench-06,1,22,22559,5,0.0008390101818177661,0.0010498503153558323,2.9768777873256294e-05,0.0010182775908571147,0.001079905657734016,-6.889642715454102,-6.830881595611572,6.162806687690136e-05,0.0587611198425293
representative,long-longbench-06,1,23,56877,5,0.0007881771246331189,0.0007412033786712807,2.9024326090864277e-05,0.0006919649683802736,0.0007598085262188933,-7.275975227355957,-7.182444095611572,6.784355783861964e-05,0.09353113174438477
representative,long-longbench-06,1,24,72387,5,0.0007699190212060608,0.0009734179858389284,8.016328933782216e-05,0.0008412154671013391,0.0010567282652088586,-7.080662727355957,-6.8525776863098145,0.00021551279810751948,0.22808504104614258
representative,long-longbench-07,2,0,426,5,0.5823001287674602,0.5883617215452475,0.004073491283088586,0.5841390686255424,0.5943227165690229,-0.5376161932945251,-0.5203328132629395,0.010183647943480478,0.017283380031585693
representative,long-longbench-07,2,1,578,5,0.09213325383602365,0.08747083849142576,0.002124621050724701,0.08562716443721592,0.0909913116953048,-2.4577527046203613,-2.39699125289917,0.005364147258088883,0.060761451721191406
representative,long-longbench-07,2,2,10771,5,0.059485699574235607,0.06446144900138309,0.003648436771847299,0.061033326963459686,0.07046595731426819,-2.796335220336914,-2.652625560760498,0.009432630350808505,0.14370965957641602
representative,long-longbench-07,2,3,356,5,0.05374085109716906,0.04622918588955398,0.004229250634645435,0.04273976357710535,0.05344256675367489,-3.152625560760498,-2.929147720336914,0.01070280317656954,0.22347784042358398
representative,long-longbench-07,2,4,11360,5,0.04596698587148752,0.04562862775768817,0.0023427804150018276,0.04375330786208275,0.04947111807635521,-3.129188060760498,-3.00636625289917,0.005717810214272458,0.12282180786132812
representative,long-longbench-07,2,5,423,5,0.03336845325662918,0.033508763221293966,0.006933166092201681,0.02732054616997125,0.044771199946496,-3.60011625289917,-3.1061902046203613,0.017450653776524747,0.4939260482788086
representative,long-longbench-07,2,6,362,5,0.015639483007633913,0.01593080689095592,0.001561653555721532,0.01387556969961978,0.01823107534050058,-4.277625560760498,-4.004627704620361,0.004355505640880799,0.2729978561401367
representative,long-longbench-07,2,7,320,5,0.011442090197030404,0.010613764903470782,0.000769584896244953,0.009480815570610663,0.011330084444835964,-4.658484935760498,-4.4802937507629395,0.001849268874225301,0.1781911849975586
representative,long-longbench-07,2,8,1115,5,0.008690350129733232,0.008679521278582578,0.00039600208573331835,0.00824988578097315,0.009120011429617313,-4.797555923461914,-4.69728422164917,0.0008701256486441638,0.10027170181274414
representative,long-longbench-07,2,9,220,5,0.005197803740602875,0.005393613724247195,0.0005701296438320819,0.0048179935171567155,0.006181345512379128,-5.335397720336914,-5.086219310760498,0.0013633519952224128,0.24917840957641602
representative,long-longbench-07,2,10,7104,5,0.005157354110982366,0.005928685767469873,0.0009862219349207355,0.005029528834472553,0.007310265923055312,-5.292428970336914,-4.91847562789917,0.002280737088582759,0.37395334243774414
representative,long-longbench-07,2,11,22559,5,0.004480786902100549,0.0046151995393004285,0.0008834470537026418,0.0038865186511914665,0.005967808163634106,-5.550241470336914,-5.121375560760498,0.0020812895124426396,0.428865909576416
representative,long-longbench-07,2,12,763,5,0.0031526273318446553,0.003406249915901746,0.00013513342394870436,0.003209475597864771,0.0035899115860718415,-5.741647720336914,-5.629627704620361,0.0003804359882070706,0.11202001571655273
representative,long-longbench-07,2,13,1666,5,0.002760532728822708,0.0025760880716230047,0.00023017731044055166,0.0022300069860425767,0.002795601993538488,-6.105750560760498,-5.8797078132629395,0.0005655950074959113,0.2260427474975586
representative,long-longbench-07,2,14,720,5,0.0024939334897353654,0.00284010665935364,0.0005800145926088836,0.0022641288570100305,0.0036338255658186014,-6.090565204620361,-5.617469310760498,0.001369696708808571,0.4730958938598633
representative,long-longbench-07,2,15,3580,5,0.0017140537495128716,0.0017880234613614175,7.328940260391881e-05,0.0017060854335241066,0.0019015513607012053,-6.37355375289917,-6.265085220336914,0.0001954659271770987,0.10846853256225586
representative,long-longbench-07,2,16,16225,5,0.0016743477371711534,0.0015212178504928466,9.550525196914153e-05,0.001413112980850851,0.0016572004756173454,-6.561960220336914,-6.402625560760498,0.0002440874947664943,0.15933465957641602
representative,long-longbench-07,2,17,6914,5,0.001443377969751513,0.0015205766969865295,8.239964098957051e-05,0.0014366679749468164,0.0016572004756173454,-6.54542875289917,-6.402625560760498,0.00022053250067052897,0.14280319213867188
representative,long-longbench-07,2,18,4815,5,0.0013665627954068758,0.001571358430782714,0.00033935484101383696,0.0012214059024967905,0.002062419314505323,-6.707752704620361,-6.183875560760498,0.0008410134120085326,0.5238771438598633
representative,long-longbench-07,2,19,40432,5,0.001273776587564552,0.001395066754644367,0.00031358273359221613,0.0009814272142932312,0.00180198534420767,-6.926502704620361,-6.31886625289917,0.0008205581299144389,0.6076364517211914
representative,long-longbench-07,2,20,2057,5,0.001205987434133914,0.0012792108605098188,8.507217070576708e-05,0.0012024697591454655,0.0014064477766032428,-6.723377704620361,-6.566688060760498,0.00020397801745777725,0.15668964385986328
representative,long-longbench-07,2,21,28206,5,0.001187290331978133,0.001355154925542937,0.00025443752281112224,0.0010447238314463352,0.0017060854335241066,-6.864002704620361,-6.37355375289917,0.0006613616020777714,0.4904489517211914
representative,long-longbench-07,2,22,60137,5,0.0011780507653116631,0.001116685758010531,0.0001215088902995967,0.0009442443681426802,0.0012470678286029607,-6.965125560760498,-6.686960220336914,0.0003028234604602805,0.278165340423584
representative,long-longbench-07,2,23,7566,5,0.001159786781060827,0.0011352514417907167,5.8283887717780094e-05,0.0010370495583504578,0.0011807000893958727,-6.871375560760498,-6.741647720336914,0.00014365053104541483,0.12972784042358398
representative,long-longbench-07,2,24,5321,5,0.0011066762775911888,0.001216758462498857,0.0001589123877894493,0.0010611758378975178,0.0014855049055764044,-6.848377704620361,-6.512000560760498,0.00042432906767888657,0.3363771438598633
representative,long-longbench-08,3,0,362,5,0.3232225059568622,0.3104724313736755,0.016280783063325262,0.2864912038774061,0.32931684413389367,-1.2500474452972412,-1.1107349395751953,0.04282564025648755,0.1393125057220459
representative,long-longbench-08,3,1,426,5,0.22214736300810253,0.23225922637833324,0.014507240407496923,0.21937231161682963,0.2568090554076366,-1.5169849395751953,-1.3594224452972412,0.03743674379080697,0.1575624942779541
representative,long-longbench-08,3,2,356,5,0.20545272503715306,0.20227691440246365,0.008841243857924164,0.18763908168208301,0.20996358342268234,-1.6732349395751953,-1.5608211755752563,0.02232450174059933,0.11241376399993896
representative,long-longbench-08,3,3,578,5,0.0926047984098124,0.0934204919186595,0.0017054205873065305,0.09156808863952881,0.095451199009774,-2.390672445297241,-2.349140167236328,0.003883110370245191,0.041532278060913086
representative,long-longbench-08,3,4,7104,5,0.016930588741276287,0.015224791282909142,0.0009601777992744132,0.014207945427411274,0.01652835609119664,-4.25395393371582,-4.102677822113037,0.002320410663785367,0.1512761116027832
representative,long-longbench-08,3,5,423,5,0.01686458263112066,0.01944785031799636,0.0019742626841483635,0.017167670149712107,0.021467745285673853,-4.064727306365967,-3.8412036895751953,0.004300075135961746,0.22352361679077148
representative,long-longbench-08,3,6,720,5,0.011300252782168473,0.012812308439619197,0.0012406606920705868,0.011516137722039884,0.014658954028838602,-4.464005947113037,-4.22270393371582,0.003142816306798718,0.2413020133972168
representative,long-longbench-08,3,7,220,5,0.010909880489530835,0.01160879136554177,0.00021547359235102008,0.011402678513378088,0.011917645241477235,-4.473906993865967,-4.42973518371582,0.0005149667280991473,0.044171810150146484
representative,long-longbench-08,3,8,320,5,0.00953437053456312,0.009661251039183628,0.0001805580883468651,0.009410678310390485,0.009868195748020791,-4.665910243988037,-4.618438243865967,0.0004575174376303063,0.04747200012207031
representative,long-longbench-08,3,9,20817,5,0.009304416296837207,0.008685755480209393,0.0007806018461913836,0.007989416685281343,0.009905737051106287,-4.82963752746582,-4.614641189575195,0.0019163203658249441,0.214996337890625
representative,long-longbench-08,3,10,4815,5,0.004965725802359269,0.00508398166033283,5.936387896346929e-05,0.004980299908162302,0.005125715347408899,-5.302265167236328,-5.27348518371582,0.00014541543924659686,0.028779983520507812
representative,long-longbench-08,3,11,6914,5,0.004701454695795575,0.004214449128179997,0.00046463793663894414,0.0037127690490079647,0.004961498635760261,-5.595977306365967,-5.306047439575195,0.0012487295867522966,0.2899298667907715
representative,long-longbench-08,3,12,1115,5,0.00462856539675309,0.005236136570177281,0.0002688063306031876,0.0049486452154262435,0.005677286924070129,-5.30864143371582,-5.171281814575195,0.0007286417086438852,0.137359619140625
representative,long-longbench-08,3,13,10771,5,0.002689292695521415,0.0027952318106392133,7.789970167290833e-05,0.002687660753361225,0.002880234523537066,-5.919084072113037,-5.849883556365967,0.00019257377017584077,0.06920051574707031
representative,long-longbench-08,3,14,763,5,0.0026475990768055034,0.002787973263326748,0.00012755116457970574,0.0026179592322418204,0.002962646152456649,-5.94536018371582,-5.821672439575195,0.0003446869202148287,0.123687744140625
representative,long-longbench-08,3,15,22559,5,0.002546171148983053,0.0025583769362518107,0.00011597847862856082,0.002409203528713666,0.0026450173153786966,-6.028459072113037,-5.935077667236328,0.0002358137866650305,0.09338140487670898
representative,long-longbench-08,3,16,256,5,0.0019522171380735053,0.002123936590770878,8.747814558382251e-05,0.002044664478557887,0.0022538623384251773,-6.192521572113037,-6.095109939575195,0.00020919785986729016,0.0974116325378418
representative,long-longbench-08,3,17,22208,5,0.0015686505391847155,0.0017101002376282576,0.0002784735135487864,0.0014122830725185882,0.002052165012260357,-6.56254768371582,-6.188859939575195,0.0006398819397417689,0.373687744140625
representative,long-longbench-08,3,18,29911,5,0.0014394746499104783,0.0016060988395831116,0.00021740506540298362,0.001356398247718966,0.0019351360067655433,-6.602922439575195,-6.247577667236328,0.0005787377590465773,0.3553447723388672
representative,long-longbench-08,3,19,2057,5,0.0014282725693120608,0.0013462185168381063,0.00026910488287169653,0.0011191385332620285,0.001755309754100676,-6.795196056365967,-6.345109939575195,0.0006361712208386475,0.4500861167907715
representative,long-longbench-08,3,20,3146,5,0.0014171576639964735,0.001547229407902995,7.7916334263468e-05,0.0014162976909101064,0.0016042840972479795,-6.559709072113037,-6.435077667236328,0.00018798640633787308,0.12463140487670898
representative,long-longbench-08,3,21,14908,5,0.0011476492508231144,0.0011573138900755296,6.639254621109131e-05,0.0010678894485816079,0.0012544633096514255,-6.842071056365967,-6.681047439575195,0.00018657386106981765,0.16102361679077148
representative,long-longbench-08,3,22,28206,5,0.0011298565983672824,0.0011247952685686526,9.148526993079596e-05,0.0010495196625538489,0.0012842120497425413,-6.85942268371582,-6.657609939575195,0.00023469238718869245,0.201812744140625
representative,long-longbench-08,3,23,279,5,0.0010781166977513327,0.0010881906823143027,8.047532484483318e-05,0.0009693741124971471,0.0011922027086124721,-6.938859939575195,-6.731952667236328,0.00022282859611532507,0.2069072723388672
representative,long-longbench-08,3,24,3580,5,0.0010781166977513327,0.0011100610931935183,0.00013987683539993476,0.0009216024845536458,0.0012592170157661726,-6.989396572113037,-6.677265167236328,0.00033761453121252684,0.312131404876709
representative,long-longbench-09,4,0,426,5,0.3066784188688586,0.2772564054597086,0.009272111042246982,0.2701407548886618,0.2885712233602955,-1.308812141418457,-1.2428133487701416,0.01843046847163371,0.06599879264831543
representative,long-longbench-09,4,1,356,5,0.13190074435546423,0.14379332027475294,0.002569990550814714,0.1406383821254399,0.1468729808740884,-1.9615633487701416,-1.918187141418457,0.006234598748648512,0.04337620735168457
representative,long-longbench-09,4,2,362,5,0.12985581285631576,0.1330046960495531,0.0033813063608163487,0.12805270413293762,0.13611809612961914,-2.0553133487701416,-1.994232416152954,0.00806539199668152,0.0610809326171875
representative,long-longbench-09,4,3,423,5,0.11107156275035682,0.1185132382333662,0.015374964473452817,0.10289323839274185,0.1340077806515697,-2.2740633487701416,-2.009857416152954,0.031114542258827857,0.2642059326171875
representative,long-longbench-09,4,4,578,5,0.07876153183926146,0.07847278372990932,0.003409164437819619,0.07517155209910771,0.082677039728538,-2.587982416152954,-2.4928133487701416,0.007505487629430291,0.0951690673828125
representative,long-longbench-09,4,5,220,5,0.022565556680005,0.030234022784294858,0.00046328477637024224,0.02960684656821023,0.030876693380031465,-3.519749641418457,-3.4777536392211914,0.0012698468118212333,0.041996002197265625
representative,long-longbench-09,4,6,4815,5,0.022042826122524724,0.01697088429330699,0.0007349844145904922,0.01622321331982637,0.017715865627959126,-4.121312141418457,-4.033294677734375,0.001492652308132756,0.08801746368408203
representative,long-longbench-09,4,7,720,5,0.015753301170842088,0.015098668226815975,0.0007717183664829617,0.014316935504715923,0.01588039931442935,-4.246312141418457,-4.142669677734375,0.0015634638097134276,0.10364246368408203
representative,long-longbench-09,4,8,1115,5,0.013265609592065734,0.013527543621462102,0.0007899228114711278,0.01291067322743775,0.014823179953777608,-4.349700927734375,-4.2115631103515625,0.0019125067263398576,0.1381378173828125
representative,long-longbench-09,4,9,763,5,0.011214484385243634,0.012507988030182226,0.00034319627175241065,0.011957377102143209,0.012760259328340268,-4.4264068603515625,-4.361419677734375,0.0008028822261970589,0.0649871826171875
representative,long-longbench-09,4,10,510,5,0.009517609282306078,0.010531593288569615,0.0002308777775732787,0.010187812659820609,0.010838738771621314,-4.5865631103515625,-4.524628639221191,0.0006509261118007054,0.061934471130371094
representative,long-longbench-09,4,11,320,5,0.008665881867106474,0.010488953184203323,0.0012220869515124312,0.00922684205957571,0.01176533963199991,-4.685638427734375,-4.442597389221191,0.0025384975724242007,0.2430410385131836
representative,long-longbench-09,4,12,34676,5,0.007383423658888617,0.006613688399517395,0.000143060642386513,0.006390436095153679,0.006711063788839068,-5.052952766418457,-5.003997802734375,0.0003206276936853882,0.04895496368408203
representative,long-longbench-09,4,13,72387,5,0.00650313466272658,0.00490851751909324,0.0008671336490016573,0.003987839732073376,0.0057036940486035895,-5.524505615234375,-5.1666412353515625,0.0017158543165302137,0.3578643798828125
representative,long-longbench-09,4,14,7104,5,0.005823682269068173,0.005958921056440701,0.00104945216313678,0.0048357159997838885,0.007032242447714848,-5.33172607421875,-4.957249641418457,0.0021965264479309595,0.37447643280029297
representative,long-longbench-09,4,15,5321,5,0.005031371040239571,0.0054129687402289465,0.0003430225525884477,0.005070726183204631,0.005864193796553063,-5.284271240234375,-5.138890266418457,0.0007934676133484319,0.14538097381591797
representative,long-longbench-09,4,16,20817,5,0.004469534732225923,0.005673226430056069,0.0006736377138587292,0.004988456867127895,0.006463132087941621,-5.300628662109375,-5.0416412353515625,0.0014746752208137258,0.2589874267578125
representative,long-longbench-09,4,17,126595,5,0.004081497698232395,0.002571149869289553,0.00032208047089809003,0.0020950305540999707,0.0029515940777943054,-6.168187141418457,-5.825409889221191,0.0008565635236943347,0.3427772521972656
representative,long-longbench-09,4,18,22559,5,0.0038831990698475973,0.004189963773468353,0.000310033925403825,0.0038651468020907557,0.004535942499014265,-5.555755615234375,-5.395722389221191,0.0006707956969235094,0.1600332260131836
representative,long-longbench-09,4,19,10771,5,0.0035913720512308206,0.0035906317972019207,0.00021721594232966223,0.003354819944746664,0.003775146310736609,-5.697357177734375,-5.579316139221191,0.0004203263659899449,0.1180410385131836
representative,long-longbench-09,4,20,6914,5,0.0030007036658802164,0.005142725169903389,0.0014022818869902256,0.003735269518595035,0.006813108101632016,-5.589935302734375,-4.9889068603515625,0.0030778385830369814,0.6010284423828125
representative,long-longbench-09,4,21,15073,5,0.002287277947804518,0.0021027278807127085,0.00027599074844797107,0.0018168729267955689,0.0024009864377291957,-6.310638427734375,-6.0318756103515625,0.0005841135109336268,0.2787628173828125
representative,long-longbench-09,4,22,314,5,0.0022342932112113527,0.0017940700011725666,0.0001934675359303184,0.0016350086604520584,0.0020697796837266156,-6.416107177734375,-6.1803131103515625,0.0004347710232745572,0.2357940673828125
representative,long-longbench-09,4,23,366,5,0.001488360147086621,0.0015826323106166516,0.00017063723138775608,0.0013213192080437305,0.0017269133103735594,-6.629124641418457,-6.361419677734375,0.00040559410232982886,0.26770496368408203
representative,long-longbench-09,4,24,41046,5,0.0014202031737129354,0.0022718238364521073,0.00026588344878955886,0.001983535061828992,0.002635476866862759,-6.222874641418457,-5.938691139221191,0.0006519418050337671,0.2841835021972656
representative,long-longbench-10,5,0,426,5,0.657307686483214,0.6568270629043236,0.012173852770668491,0.6473345762346739,0.6731814179432842,-0.4348919987678528,-0.39574041962623596,0.02584684170861029,0.03915157914161682
representative,long-longbench-10,5,1,362,5,0.2184571028479117,0.2109885821593939,0.0071059927630173466,0.20172486144014062,0.21742131906738404,-1.6008505821228027,-1.5259182453155518,0.01569645762724342,0.07493233680725098
representative,long-longbench-10,5,2,423,5,0.04104687349343719,0.038128885732443524,0.0018508237690300297,0.03567730491441228,0.03990591400809969,-3.333240509033203,-3.2212307453155518,0.004228609093687406,0.11200976371765137
representative,long-longbench-10,5,3,356,5,0.03552310818920773,0.03908376382386484,0.0026468538483925747,0.035816941937737774,0.041870523788094645,-3.329334259033203,-3.173173189163208,0.006053581850356871,0.15616106986999512
representative,long-longbench-10,5,4,578,5,0.014521820902482562,0.016454191854308298,0.0016418348181251204,0.014641936435181857,0.01879894666519034,-4.223865509033203,-3.973954439163208,0.004157010230008484,0.24991106986999512
representative,long-longbench-10,5,5,7104,5,0.004001182362397514,0.005150953161733885,0.00034911642901160934,0.0046072897156748185,0.005513712114951757,-5.380115509033203,-5.200517177581787,0.0009064223992769384,0.17959833145141602
representative,long-longbench-10,5,6,16225,5,0.003265669868153382,0.0038627334283800664,0.0004281817161734004,0.00353253156081145,0.004512436592718557,-5.645740509033203,-5.400918006896973,0.0009799050319071073,0.24482250213623047
representative,long-longbench-10,5,7,22559,5,0.0030202509019175757,0.003180207263900313,0.00015071422309640233,0.002953860909684142,0.0033533581349522875,-5.824642181396484,-5.697793006896973,0.0003994972252681457,0.12684917449951172
representative,long-longbench-10,5,8,763,5,0.0020436039841379198,0.002362804394474816,0.0002314151224660094,0.002121699029794339,0.0026067731034619705,-6.155538082122803,-5.949642181396484,0.0004850740736676313,0.20589590072631836
representative,long-longbench-10,5,9,510,5,0.0011285853074030764,0.0012144693895403467,0.00011795188533304523,0.0010442143348286068,0.001330244954246287,-6.864490509033203,-6.622392177581787,0.0002860306194176802,0.24209833145141602
representative,long-longbench-10,5,10,220,5,0.001093862387876763,0.0013104794984827753,8.966098277677671e-05,0.001212262074776063,0.001413356252533288,-6.715267181396484,-6.561788082122803,0.00020109417775722514,0.15347909927368164
representative,long-longbench-10,5,11,320,5,0.0008002868188875333,0.0009538656945664116,8.24351456244577e-05,0.0008588706944972539,0.001055180953457559,-7.059892177581787,-6.854043006896973,0.00019631025896030502,0.20584917068481445
representative,long-longbench-10,5,12,720,5,0.0008002868188875333,0.0009211504936215918,0.00014908541246563343,0.0006741954465569715,0.001055180953457559,-7.301990509033203,-6.854043006896973,0.0003809855069005875,0.44794750213623047
representative,long-longbench-10,5,13,4194,5,0.0007517998916603911,0.0009230212782204731,5.501743036629027e-05,0.0008861341769417176,0.0010180023197508044,-7.028642177581787,-6.889913082122803,0.00013186814280908687,0.13872909545898438
representative,long-longbench-10,5,14,2290,5,0.0005008066943571438,0.0004723922693972495,6.192152068127187e-05,0.0004089202089754534,0.0005726320572806391,-7.801990509033203,-7.465267181396484,0.00016371184830518573,0.33672332763671875
representative,long-longbench-10,5,15,1115,5,0.00047046435062353674,0.00046715558045293406,3.019364910527898e-05,0.00044557624648558486,0.0005142541256047792,-7.716142177581787,-7.572793006896973,6.867787911919433e-05,0.14334917068481445
representative,long-longbench-10,5,16,6914,5,0.00047046435062353674,0.0006205084521943042,6.448629403073564e-05,0.0005589276565403673,0.0006907261092800746,-7.489490509033203,-7.277767181396484,0.0001317984527397073,0.21172332763671875
representative,long-longbench-10,5,17,279,5,0.0004283626659026595,0.00046100879756095353,2.152278648697133e-05,0.00043224535420386404,0.0004830970431988515,-7.746517181396484,-7.635293006896973,5.085168899498745e-05,0.11122417449951172
representative,long-longbench-10,5,18,10771,5,0.0003780287258419769,0.00041456933537364844,2.0070961579707026e-05,0.00038414498595995723,0.0004398648633846122,-7.864490509033203,-7.729043006896973,5.5719877424654986e-05,0.13544750213623047
representative,long-longbench-10,5,19,256,5,0.00031339667179242043,0.0003713525620010946,3.399539535627922e-05,0.00032857661874942487,0.000411310118353333,-8.020740509033203,-7.796163082122803,8.273349960390814e-05,0.2245774269104004
representative,long-longbench-10,5,20,41070,5,0.00028535091688901667,0.00035513961433414505,2.7812075870888742e-05,0.00031623745667512396,0.0003932196573887988,-8.059017181396484,-7.841142177581787,7.698220071367486e-05,0.21787500381469727
representative,long-longbench-10,5,21,330,5,0.00027657159213713206,0.0003077446567186563,4.925270634390335e-05,0.0002752603978929983,0.0003932196573887988,-8.197793006896973,-7.841142177581787,0.0001179592594958005,0.35665082931518555
representative,long-longbench-10,5,22,14908,5,0.0002680623788113447,0.000362749379859003,3.8863675110625475e-05,0.00029917241587856856,0.00039865543638444885,-8.114490509033203,-7.827413082122803,9.948302050588029e-05,0.2870774269104004
representative,long-longbench-10,5,23,3082,5,0.0002518213003042315,0.00028687282743813144,1.7591907512233216e-05,0.0002640187303515872,0.0003119108940630102,-8.239490509033203,-8.072793006896973,4.789216371142301e-05,0.16669750213623047
representative,long-longbench-10,5,24,20817,5,0.0002518213003042315,0.00027563049727079823,3.2840833786349694e-05,0.0002480226441197097,0.0003320274184061898,-8.301990509033203,-8.010293006896973,8.400477428648008e-05,0.29169750213623047
representative,long-longbench-11,6,0,356,5,0.6646087486553874,0.6649955074529926,0.014655336685672772,0.6506926496788009,0.6881532335227412,-0.42971786856651306,-0.3737437427043915,0.03746058384394024,0.05597412586212158
representative,long-longbench-11,6,1,362,5,0.050850302900864716,0.045631100205045974,0.0033384304860288056,0.04005532031343892,0.04836410264812797,-3.217493772506714,-3.0289974212646484,0.008308782334689048,0.18849635124206543
representative,long-longbench-11,6,2,426,5,0.04852169799455747,0.04590130189451187,0.0013444612666051602,0.044230677146607854,0.04761428673604582,-3.1183366775512695,-3.0446224212646484,0.0033836095894379664,0.0737142562866211
representative,long-longbench-11,6,3,423,5,0.033088923179439726,0.0383092791740568,0.004337786766874991,0.03143978114423102,0.042349023277095964,-3.459681272506714,-3.1618099212646484,0.01090924213286494,0.29787135124206543
representative,long-longbench-11,6,4,578,5,0.030602251333107004,0.027052342752880376,0.0015398264266664626,0.025287756801521347,0.02858944231427179,-3.6774349212646484,-3.554717779159546,0.0033016855127504414,0.12271714210510254
representative,long-longbench-11,6,5,220,5,0.015876235060048684,0.017932975281311596,0.002853414930592824,0.014450521370254408,0.020974865741082302,-4.237024784088135,-3.8644304275512695,0.006524344370827894,0.37259435653686523
representative,long-longbench-11,6,6,720,5,0.010308188456656885,0.01078591427571066,0.001930654128064532,0.009082909551458691,0.013903863714194496,-4.701360702514648,-4.275588512420654,0.0048209541627358046,0.42577219009399414
representative,long-longbench-11,6,7,22559,5,0.01023983742637229,0.01140110662471525,0.0008289223463164325,0.010603625226843242,0.012585651453890801,-4.5465593338012695,-4.375197887420654,0.001982026227047559,0.17136144638061523
representative,long-longbench-11,6,8,6914,5,0.008349863703628075,0.008352786995940793,0.0014127205180880955,0.007015302224376514,0.009935326169692437,-4.959661483764648,-4.611658573150635,0.0029200239453159227,0.34800291061401367
representative,long-longbench-11,6,9,320,5,0.0070864372860700775,0.007391642977955179,0.00027755875220801117,0.007011814093325975,0.007734806711486571,-4.960158824920654,-4.862024784088135,0.000722992618160596,0.09813404083251953
representative,long-longbench-11,6,10,7033,5,0.005932515611293252,0.005441034378072354,0.0008456387864935748,0.004487552224693934,0.006406246197115361,-5.406447887420654,-5.050481796264648,0.0019186939724214272,0.35596609115600586
representative,long-longbench-11,6,11,4815,5,0.005297140204167038,0.005326073782935391,0.0004673643002291621,0.0047281925034469326,0.005904688677602036,-5.354212284088135,-5.1320085525512695,0.0011764961741551035,0.22220373153686523
representative,long-longbench-11,6,12,7104,5,0.004918228185821904,0.00408529784493593,0.000487107154530002,0.003671619545281102,0.004821447744507938,-5.607122421264648,-5.334681034088135,0.0011498281992268363,0.27244138717651367
representative,long-longbench-11,6,13,763,5,0.0040456241524137885,0.003719713690713558,0.00028846726568555536,0.00342731152389704,0.0041672486063174434,-5.675979137420654,-5.480499267578125,0.0007399370824204034,0.1954798698425293
representative,long-longbench-11,6,14,510,5,0.003433476623891934,0.0035951328725434386,0.0005598659148162244,0.0030010542438750915,0.004362356318640044,-5.808791637420654,-5.4347429275512695,0.001361302074764953,0.37404870986938477
representative,long-longbench-11,6,15,4242,5,0.003175446780812037,0.0030576556779613596,0.00027831945493163107,0.002805568245240296,0.0034898250559308817,-5.8761491775512695,-5.657903671264648,0.0006842568106905857,0.2182455062866211
representative,long-longbench-11,6,16,16225,5,0.002868777098294677,0.0028131136663131417,0.000439183058955866,0.0022797604182210733,0.003414521142598257,-6.083684921264648,-5.679718017578125,0.001134760724377184,0.40396690368652344
representative,long-longbench-11,6,17,279,5,0.0025715551710389457,0.002626869393302091,0.0001954892205802048,0.0024303277907343325,0.002943501212480391,-6.019729137420654,-5.828155517578125,0.0005131734217460587,0.1915736198425293
representative,long-longbench-11,6,18,386,5,0.0020663026294166264,0.0020137125537108705,6.256290638689237e-05,0.0019132313166749543,0.002075745482254367,-6.2589616775512695,-6.177434921264648,0.0001625141655794127,0.0815267562866211
representative,long-longbench-11,6,19,366,5,0.0018378076024909565,0.0020068987124133406,0.00022603376604578838,0.0017737115018868915,0.002381054844409782,-6.334681034088135,-6.0402116775512695,0.0006073433425228907,0.29446935653686523
representative,long-longbench-11,6,20,1115,5,0.0016996941800834799,0.001481288515975092,7.877949313439791e-05,0.001370618016277694,0.0015878997981050344,-6.592493534088135,-6.445343017578125,0.00021728178182734044,0.14715051651000977
representative,long-longbench-11,6,21,28206,5,0.0016864670550353655,0.0014003614776575298,0.00023022434933360491,0.0011800269313605226,0.001670338234519456,-6.742218017578125,-6.394729137420654,0.0004903113031589335,0.3474888801574707
representative,long-longbench-11,6,22,10771,5,0.001344568764979341,0.0012303451179061034,7.468117258857597e-05,0.0011570094797447197,0.0013371456918483703,-6.761916637420654,-6.617218017578125,0.00018013621210365063,0.1446986198425293
representative,long-longbench-11,6,23,15073,5,0.001344568764979341,0.0011096212676806922,0.000161020108843919,0.0010161094822093433,0.0013956198333349124,-6.8917741775512695,-6.574416637420654,0.00037951035112556916,0.31735754013061523
representative,long-longbench-11,6,24,3788,5,0.0013237231584309235,0.0009352455500345865,0.0001101254461008873,0.0008386769886599421,0.0011040261581619542,-7.083684921264648,-6.808791637420654,0.00026534916950201205,0.27489328384399414
representative,math-gsm8k-01,2,0,54765,5,0.3775714085847075,0.39300558052053625,0.002248850454858189,0.3905445843198715,0.39481151710474766,-0.940213143825531,-0.9293467998504639,0.004266932784876165,0.010866343975067139
representative,math-gsm8k-01,2,1,3005,5,0.17835210468672744,0.17658970047056033,0.0011945415824416794,0.17519654870426205,0.17784375170403352,-1.7418467998504639,-1.726849913597107,0.0026472029997714752,0.014996886253356934
representative,math-gsm8k-01,2,2,7357,5,0.08692186341236939,0.0892122548768693,0.0006359557541026813,0.08872952931774569,0.08990846305161188,-2.4221625328063965,-2.408963203430176,0.0011789337338661832,0.013199329376220703
representative,math-gsm8k-01,2,3,578,5,0.055250897985927715,0.05269069468754699,0.00015010265100536474,0.05257050632221254,0.052854458785083644,-2.9456000328063965,-2.940213203430176,0.00028395246287110654,0.005386829376220703
representative,math-gsm8k-01,2,4,5629,5,0.0531342693233268,0.05261902648698267,0.001187965488460293,0.05135271185489588,0.053686795399538134,-2.9690375328063965,-2.924588203430176,0.0023340835446422556,0.0444493293762207
representative,math-gsm8k-01,2,5,9062,5,0.024806441154114647,0.02418102567243745,0.0002389388304152902,0.023974697327275137,0.024558664607248835,-3.7307562828063965,-3.706690549850464,0.0005839672799736982,0.024065732955932617
representative,math-gsm8k-01,2,6,1789,5,0.01767650145112708,0.016547816009269672,0.00012181060821155706,0.016391577170149833,0.016671784609234325,-4.110987663269043,-4.0940375328063965,0.00028020743908449205,0.016950130462646484
representative,math-gsm8k-01,2,7,2684,5,0.014921491587850437,0.013444022414931655,0.00017194905559447926,0.013174218243867239,0.013594046224810526,-4.329493522644043,-4.298123359680176,0.00041982798094328776,0.03137016296386719
representative,math-gsm8k-01,2,8,2468,5,0.01447300201716405,0.014336066891691451,3.9931347355859016e-05,0.01430197205462777,0.014379222217750308,-4.2473578453063965,-4.241971015930176,7.725016312253724e-05,0.005386829376220703
representative,math-gsm8k-01,2,9,76892,5,0.014280397136912263,0.011841779854817405,0.00015602394844401455,0.011684518165067758,0.011996514912827248,-4.449490547180176,-4.4231390953063965,0.0003119967477594899,0.026351451873779297
representative,math-gsm8k-01,2,10,220,5,0.01298302072772176,0.011717187346350424,0.00021639306755289362,0.011486347456567292,0.011951414588317371,-4.4665961265563965,-4.426905632019043,0.00046506713175007916,0.039690494537353516
representative,math-gsm8k-01,2,11,1442,5,0.010544818411116931,0.010705024938869804,8.89517828969758e-05,0.010607584972582516,0.01077087509314744,-4.5461859703063965,-4.530909538269043,0.00016329012056492433,0.015276432037353516
representative,math-gsm8k-01,2,12,4740,5,0.009215335222759666,0.00919810411781313,0.0002360213296742245,0.00894120950280357,0.009412890839465187,-4.7170844078063965,-4.665675163269043,0.0004716813366616168,0.051409244537353516
representative,math-gsm8k-01,2,13,8876,5,0.00747739592800272,0.007176255357794989,0.00010876107051526714,0.007059277761319428,0.007287938640803924,-4.9534125328063965,-4.921534538269043,0.00022866087948449597,0.031877994537353516
representative,math-gsm8k-01,2,14,763,5,0.0071909413884428935,0.006741379207436754,9.511934231731418e-05,0.006667397311142376,0.006900081621340927,-5.010525703430176,-4.976222038269043,0.00023268431019855124,0.03430366516113281
representative,math-gsm8k-01,2,15,14853,5,0.006573052545582513,0.005472151782104636,7.721831095575101e-05,0.005352838552217503,0.005540890601185788,-5.230128288269043,-5.1956000328063965,0.00018805204896828534,0.034528255462646484
representative,math-gsm8k-01,2,16,6385,5,0.0065219006448541264,0.005721567410972594,9.916486064752773e-05,0.005631682487251085,0.005829530679483157,-5.179347038269043,-5.1448187828063965,0.00019784819223207187,0.034528255462646484
representative,math-gsm8k-01,2,17,3861,5,0.005281596098419893,0.005703523304763233,8.373528588862432e-05,0.005628146931683968,0.0057927351700068925,-5.1799750328063965,-5.151150703430176,0.00016458823832292413,0.028824329376220703
representative,math-gsm8k-01,2,18,1952,5,0.004097274896781498,0.003810960028642195,1.7131481825398592e-05,0.0037989684735460637,0.003840473785821533,-5.573025703430176,-5.562159538269043,4.150531227546921e-05,0.010866165161132812
representative,math-gsm8k-01,2,19,2057,5,0.003879221904336033,0.004570325411474318,0.00015524850635663338,0.004417583142390993,0.004727892654097545,-5.4221625328063965,-5.354275703430176,0.00031030951170655206,0.0678868293762207
representative,math-gsm8k-01,2,20,362,5,0.0034773120412989957,0.003234461984713535,3.693801954842172e-05,0.0032068214567355685,0.0032749155272614734,-5.7424750328063965,-5.721463203430176,6.809407052590487e-05,0.021011829376220703
representative,math-gsm8k-01,2,21,79716,5,0.003423401315014865,0.00382336421380619,6.946701041440623e-05,0.0037223148293534145,0.0038890584146901116,-5.593409538269043,-5.549588203430176,0.0001667435853366971,0.04382133483886719
representative,math-gsm8k-01,2,22,68882,5,0.003266632355074869,0.0024229417258637845,5.828314889261169e-05,0.0023293650989234093,0.0024720359331456706,-6.062159538269043,-6.002713203430176,0.00014267083422226127,0.05944633483886719
representative,math-gsm8k-01,2,23,3161,5,0.0030687171057664805,0.0030383622400436496,1.3658408144687576e-05,0.0030288017387710953,0.003061892658809933,-5.799588203430176,-5.788722038269043,3.309092003883759e-05,0.010866165161132812
representative,math-gsm8k-01,2,24,3277,5,0.0029976303505760823,0.002921972128511842,1.5097429439489592e-05,0.0028989417039387423,0.0029356153058566837,-5.843409538269043,-5.830838203430176,3.667360191794136e-05,0.012571334838867188
representative,math-gsm8k-02,3,0,578,5,0.3418084434993732,0.3412056958768014,0.004420290746320553,0.33656997451018944,0.3463814967737381,-1.088949203491211,-1.0602145195007324,0.009811522263548644,0.028734683990478516
representative,math-gsm8k-02,3,1,1102,5,0.16658413105366077,0.17480508859346403,0.0005002259862876409,0.1741715546026751,0.17531674164213246,-1.7477145195007324,-1.7411609888076782,0.001145187039457346,0.006553530693054199
representative,math-gsm8k-02,3,2,26924,5,0.1349039244322078,0.12785995382504722,0.007418811768969571,0.12239082515487665,0.1359865624705566,-2.1005358695983887,-1.995199203491211,0.013595737315679951,0.10533666610717773
representative,math-gsm8k-02,3,3,362,5,0.12476573440933597,0.11736915693472198,0.0017892268724410282,0.11541029661084565,0.118774680781739,-2.159261703491211,-2.1305270195007324,0.003364384170893353,0.028734683990478516
representative,math-gsm8k-02,3,4,220,5,0.06224793450849896,0.06361227007093415,0.0008742129862411112,0.06274748989201497,0.06449543263176007,-2.768636703491211,-2.7411608695983887,0.0017479427397451008,0.027475833892822266
representative,math-gsm8k-02,3,5,8868,5,0.03216790139278193,0.03615761694885429,4.177710125485852e-05,0.0360830061046983,0.036178658811152044,-3.3219332695007324,-3.3192858695983887,9.565270645374435e-05,0.00264739990234375
representative,math-gsm8k-02,3,6,1442,5,0.019582400194590902,0.02085321615935664,0.00011293868871336799,0.02076123683841665,0.020976766130288736,-3.8746676445007324,-3.864339828491211,0.00021552929187208456,0.010327816009521484
representative,math-gsm8k-02,3,7,5929,5,0.015150589115455453,0.014558184301541034,0.0001298240931576419,0.014419010858365248,0.014672772647523482,-4.239207744598389,-4.221761703491211,0.00025376178915823347,0.017446041107177734
representative,math-gsm8k-02,3,8,9220,5,0.01218573468176131,0.012461283272827275,0.00037743161258787166,0.012181087079400457,0.01287472753999502,-4.407870769500732,-4.352488994598389,0.0006936404605945631,0.05538177490234375
representative,math-gsm8k-02,3,9,3861,5,0.011673218830382697,0.011355298473301623,0.00035516959401566686,0.010919055888492853,0.011722572825110343,-4.517245769500732,-4.446238994598389,0.0008035169366174908,0.07100677490234375
representative,math-gsm8k-02,3,10,1789,5,0.007522090596715764,0.00757921899532273,5.7746556965271496e-05,0.007552896072640587,0.007682515322445794,-4.885824203491211,-4.868808269500732,0.000129619249805207,0.017015933990478516
representative,math-gsm8k-02,3,11,9062,5,0.00701135939295293,0.006545522597763148,0.00016923209758387282,0.006360176162603051,0.006674684982110897,-5.057699203491211,-5.009433269500732,0.00031450881950784593,0.048265933990478516
representative,math-gsm8k-02,3,12,2684,5,0.0063590268472631,0.00618177932352374,0.00010933478348638385,0.006068922491094164,0.0062869082103620836,-5.104574203491211,-5.069285869598389,0.00021798571926791993,0.035288333892822266
representative,math-gsm8k-02,3,13,2057,5,0.004991257361164183,0.004859208690256527,3.417524981828815e-05,0.004826411638090879,0.004896249037328035,-5.333652019500732,-5.319285869598389,6.983739923715603e-05,0.01436614990234375
representative,math-gsm8k-02,3,14,1226,5,0.004509225251679662,0.004724380320557093,1.762198255135443e-05,0.004708676682317983,0.004751585061221907,-5.358348369598389,-5.349277019500732,4.290837890392422e-05,0.00907135009765625
representative,math-gsm8k-02,3,15,6914,5,0.0032733464938282148,0.0036908992304836366,2.2037309172657645e-05,0.0036671210874193094,0.003709857905534777,-5.608348369598389,-5.596761703491211,4.273681811546755e-05,0.011586666107177734
representative,math-gsm8k-02,3,16,1115,5,0.0030750244554169155,0.0030360758404750963,2.270272254058134e-05,0.002996787134087095,0.003051645872780212,-5.810214519500732,-5.792074203491211,5.485873869311717e-05,0.018140316009521484
representative,math-gsm8k-02,3,17,5629,5,0.0030510944252536,0.0032623183851774413,2.2944177315082026e-05,0.0032402994859945036,0.003287186097792262,-5.732089519500732,-5.717723369598389,4.688661179775818e-05,0.01436614990234375
representative,math-gsm8k-02,3,18,8876,5,0.002339355242965348,0.002310095374382416,4.964689160175421e-05,0.002267790649733203,0.0023892470141973613,-6.088949203491211,-6.036777019500732,0.00012145636446415833,0.052172183990478516
representative,math-gsm8k-02,3,19,2435,5,0.0021300071876686564,0.002193832621607371,3.588944845846586e-05,0.0021585047993610343,0.0022326318145365186,-6.138339519500732,-6.104574203491211,7.412701517548435e-05,0.033765316009521484
representative,math-gsm8k-02,3,20,1472,5,0.0019393936141862585,0.001882409817807637,3.460925868677948e-05,0.0018509167844267171,0.0019348711971413986,-6.292074203491211,-6.247714519500732,8.395441271468146e-05,0.044359683990478516
representative,math-gsm8k-02,3,21,763,5,0.001684974372025033,0.001682069818314143,2.7517394651418473e-05,0.0016549830374166141,0.0017118181914390033,-6.403964519500732,-6.370199203491211,5.6835154022389115e-05,0.033765316009521484
representative,math-gsm8k-02,3,22,94666,5,0.0015583465482670717,0.0021004028168410795,6.0900768376455686e-05,0.002027727604665336,0.002163940954998019,-6.200839519500732,-6.135824203491211,0.00013621335033268305,0.06501531600952148
representative,math-gsm8k-02,3,23,3011,5,0.001463931103832378,0.0014251895676824719,7.65018718827524e-06,0.0014191471257338447,0.0014378741807671667,-6.557699203491211,-6.544589519500732,1.8727055033321933e-05,0.013109683990478516
representative,math-gsm8k-02,3,24,12040,5,0.001140110690027242,0.0009861889021052352,3.651400695625134e-05,0.0009491811716697615,0.0010221733292475135,-6.959910869598389,-6.885824203491211,7.299215757775198e-05,0.07408666610717773
representative,math-gsm8k-03,0,0,578,5,0.41570333185792474,0.42217276628095696,0.0013441834969739133,0.42137999073358484,0.4245510292769185,-0.8642202615737915,-0.8567230701446533,0.0031710385433336707,0.007497191429138184
representative,math-gsm8k-03,0,1,18747,5,0.12678236822607733,0.11853952126928036,0.0022999655577520587,0.11712309309578811,0.12258990863745596,-2.1445298194885254,-2.0989105701446533,0.005466815541667849,0.04561924934387207
representative,math-gsm8k-03,0,2,1283,5,0.1238454578293482,0.12307017977050491,0.002414887892390152,0.11881821366284094,0.12455970218884212,-2.1301605701446533,-2.082970142364502,0.005741488526001176,0.04719042778015137
representative,math-gsm8k-03,0,3,220,5,0.06475409750381975,0.06607095053907983,0.000255306334764813,0.06561764961929717,0.06621539306100042,-2.7239105701446533,-2.7148423194885254,0.0005977434417032551,0.00906825065612793
representative,math-gsm8k-03,0,4,1442,5,0.03912222541713542,0.0392103251656791,0.00059449722951124,0.03862309677204085,0.0398116720394036,-3.2539048194885254,-3.223595142364502,0.0011885752673627473,0.030309677124023438
representative,math-gsm8k-03,0,5,4740,5,0.03604108293716427,0.03616200360101603,0.0011630428536561386,0.03527118658633809,0.03743478900985799,-3.344688892364502,-3.2851548194885254,0.0021636024235199003,0.05953407287597656
representative,math-gsm8k-03,0,6,5629,5,0.016252922873500185,0.01497544273989547,0.00038137532949892596,0.014541534598418558,0.015378216914119173,-4.230746269226074,-4.174803256988525,0.000836682315700615,0.05594301223754883
representative,math-gsm8k-03,0,7,3277,5,0.013706396278069796,0.013903888441447146,0.0001373900407431304,0.013727372363467579,0.014043616474992896,-4.288363456726074,-4.265587329864502,0.000316244111525317,0.022776126861572266
representative,math-gsm8k-03,0,8,1102,5,0.012310354413612867,0.012860175339824304,0.00023310642200222436,0.012670971863306504,0.013115206184827899,-4.368441581726074,-4.333982944488525,0.0004442343215213945,0.03445863723754883
representative,math-gsm8k-03,0,9,362,5,0.012238434339826638,0.011996125850603816,0.00019974962901924502,0.011810644454405439,0.012213226595126565,-4.438754081726074,-4.405235767364502,0.000402582140721126,0.033518314361572266
representative,math-gsm8k-03,0,10,2057,5,0.009365223775543068,0.009257098186191654,0.00024991385218635695,0.008996352428770518,0.009493111085058665,-4.710936069488525,-4.657188892364502,0.000496758656288147,0.05374717712402344
representative,math-gsm8k-03,0,11,5414,5,0.008936358954916325,0.008775750178788386,6.03957168906335e-05,0.008674671409569047,0.008822347221440333,-4.747347831726074,-4.730467319488525,0.00014767581187128537,0.016880512237548828
representative,math-gsm8k-03,0,12,1115,5,0.007703622944604235,0.008452720888776665,5.2074550026088514e-05,0.008407779828316074,0.008509569779590515,-4.778597831726074,-4.766563892364502,0.00010178995127444086,0.012033939361572266
representative,math-gsm8k-03,0,13,6914,5,0.006461810104561006,0.006443413213491821,0.0002177318420955847,0.006207296528272257,0.006651101281891739,-5.082029819488525,-5.012972831726074,0.0004438047536194818,0.06905698776245117
representative,math-gsm8k-03,0,14,3296,5,0.005792329142104961,0.005975187268090225,3.915054454592478e-05,0.005915611937370952,0.006010663468922672,-5.130160331726074,-5.114220142364502,9.505153155171982e-05,0.015940189361572266
representative,math-gsm8k-03,0,15,3161,5,0.005399044429922758,0.005449217223309555,6.74840015202471e-05,0.005387923911575819,0.005520883818356854,-5.223595142364502,-5.199217319488525,0.000132959906781035,0.024377822875976562
representative,math-gsm8k-03,0,16,31470,5,0.0044411328064479505,0.004639598429057749,9.102852244299336e-05,0.004541355153590213,0.004717823812562317,-5.394529819488525,-5.356407642364502,0.00017646865897210425,0.03812217712402344
representative,math-gsm8k-03,0,17,763,5,0.00427099568044252,0.0042108587598593565,5.495694323356125e-05,0.004129762698187004,0.004262198626363686,-5.489535331726074,-5.457970142364502,0.00013243592817668154,0.031565189361572266
representative,math-gsm8k-03,0,18,9062,5,0.003624746955495964,0.0035071626349227726,2.5785974105140708e-05,0.0034819777784609006,0.0035334867687240004,-5.660154819488525,-5.645470142364502,5.150899026309984e-05,0.014684677124023438
representative,math-gsm8k-03,0,19,55409,5,0.003624746955495964,0.0036240865567582605,1.15391582385498e-05,0.003617280992667764,0.0036445027895594326,-5.622032642364502,-5.614535331726074,2.7221796891668554e-05,0.007497310638427734
representative,math-gsm8k-03,0,20,8876,5,0.003540779782709561,0.003728255686386393,8.702112442283893e-05,0.003649081381048888,0.003820610156200704,-5.613279819488525,-5.567345142364502,0.00017152877515181622,0.04593467712402344
representative,math-gsm8k-03,0,21,74540,5,0.003513225215833634,0.0035908761370176284,7.44815829096326e-05,0.003509287268648061,0.0036456516791162938,-5.652342319488525,-5.614220142364502,0.00013636441046823268,0.03812217712402344
representative,math-gsm8k-03,0,22,2684,5,0.0033003696603598085,0.003299821529649757,2.3410634500383516e-05,0.00326691118662672,0.003322526406963977,-5.723910331726074,-5.707029819488525,5.5615220337256865e-05,0.016880512237548828
representative,math-gsm8k-03,0,23,13538,5,0.002889900234197953,0.00289535602856591,0.00010344658459401462,0.0027952181023887055,0.0030016524674175466,-5.879845142364502,-5.808592319488525,0.00020643436502884105,0.07125282287597656
representative,math-gsm8k-03,0,24,62697,5,0.002491249720842593,0.0025982411401916225,2.8769261988624742e-05,0.002564227970752831,0.002628334720427994,-5.966097831726074,-5.941404819488525,6.410674967516307e-05,0.024693012237548828
representative,math-gsm8k-04,1,0,1283,5,0.42506787363616805,0.4333074383219217,0.0030563035223726714,0.4280285160856642,0.43529896856093897,-0.8485654592514038,-0.8317221999168396,0.007270452475274747,0.01684325933456421
representative,math-gsm8k-04,1,1,7957,5,0.22752243726002494,0.22763402473924046,0.002835450761216699,0.22544541965427026,0.2319573161848997,-1.4896771907806396,-1.4612019062042236,0.006511896530629446,0.028475284576416016
representative,math-gsm8k-04,1,2,220,5,0.06831462406742785,0.06542029803024563,0.0005656851835114082,0.06441222039390387,0.06572031061261702,-2.7424519062042236,-2.7223472595214844,0.0013080902187131427,0.020104646682739258
representative,math-gsm8k-04,1,3,9062,5,0.06621280404690859,0.06441177369224185,0.0011130452063656785,0.06341360147740546,0.06564029106806804,-2.7580769062042236,-2.7235655784606934,0.0022266895906625783,0.03451132774353027
representative,math-gsm8k-04,1,4,2684,5,0.03953747114613102,0.03857786973676617,7.081240949951898e-05,0.03846229353884476,0.03863497751733824,-3.2580769062042236,-3.2535972595214844,0.00017268397849348055,0.004479646682739258
representative,math-gsm8k-04,1,5,1442,5,0.024358329351170944,0.024218869204640663,0.000341430640296533,0.023761772412584176,0.024557885872420214,-3.7396771907806396,-3.7067222595214844,0.0007961134598360384,0.03295493125915527
representative,math-gsm8k-04,1,6,763,5,0.02288253278080288,0.022328474065722914,0.0002737557653249885,0.021915154258192897,0.02268467758958529,-3.8205769062042236,-3.7860655784606934,0.0007695233313923938,0.03451132774353027
representative,math-gsm8k-04,1,7,8876,5,0.014097519484836984,0.013670744669716742,0.0001948146676357721,0.013501538085265564,0.01397562443763722,-4.3049516677856445,-4.270440578460693,0.00047408635237165646,0.03451108932495117
representative,math-gsm8k-04,1,8,362,5,0.00991884376788252,0.0095758903883238,0.0002746727531487934,0.009425592642485141,0.010066264660435028,-4.6643266677856445,-4.598565578460693,0.0006406720179498865,0.06576108932495117
representative,math-gsm8k-04,1,9,3861,5,0.009173430887203099,0.00906489046939861,0.00018560407290021534,0.008785618394026026,0.009237323697040247,-4.7346391677856445,-4.684503078460693,0.0004517053030142215,0.05013608932495117
representative,math-gsm8k-04,1,10,1789,5,0.008960928589578709,0.008938037903635305,0.0001664600255338729,0.008717248169261775,0.009165438273719764,-4.7424516677856445,-4.692315578460693,0.0004481901044579885,0.05013608932495117
representative,math-gsm8k-04,1,11,578,5,0.008753348902376843,0.008731072447016087,0.00016926652709928547,0.008582099763130136,0.009023341324070108,-4.7580766677856445,-4.707940578460693,0.00044124156093997176,0.05013608932495117
representative,math-gsm8k-04,1,12,2100,5,0.00855057779344988,0.00820416278764972,0.00026079734570115195,0.007959194886135298,0.008486978260349153,-4.833427429199219,-4.769222259521484,0.0005277833742138548,0.06420516967773438
representative,math-gsm8k-04,1,13,5629,5,0.007970014872388664,0.007899376569853251,8.289661575692266e-05,0.007814090756727126,0.008025525907562116,-4.8518266677856445,-4.825128078460693,0.00021143515083498973,0.026698589324951172
representative,math-gsm8k-04,1,14,7357,5,0.006659196681251732,0.006683225599879909,7.343996611197156e-05,0.006609665315069909,0.006758170386393818,-5.019222259521484,-4.997003078460693,0.00014850507132390875,0.022219181060791016
representative,math-gsm8k-04,1,15,2057,5,0.006016082854120328,0.00588861291323178,5.1325487213739656e-05,0.005806939170870407,0.005924865696225963,-5.1487016677856445,-5.128597259521484,0.0001179265253555559,0.020104408264160156
representative,math-gsm8k-04,1,16,14853,5,0.005477705773597327,0.005395279295415076,5.0149258226490176e-05,0.0053526700943349525,0.00547293316610051,-5.230159759521484,-5.207940578460693,0.0001202630717655577,0.022219181060791016
representative,math-gsm8k-04,1,17,5414,5,0.003677557683338723,0.0036909921056482915,5.632736745620162e-05,0.0036197224846368464,0.003776210337509484,-5.6213579177856445,-5.579034328460693,0.0001564878528726374,0.04232358932495117
representative,math-gsm8k-04,1,18,1952,5,0.003207622821821284,0.0031601575843553686,8.527527829849556e-05,0.0030720185730949427,0.0032920660611217897,-5.7854204177856445,-5.716239929199219,0.00022004748802684692,0.06918048858642578
representative,math-gsm8k-04,1,19,2468,5,0.0030488024032758573,0.003036217304218947,5.325670621508298e-05,0.002989156113253931,0.00310622589453319,-5.8127641677856445,-5.774346828460693,0.00011706978127925876,0.03841733932495117
representative,math-gsm8k-04,1,20,29125,5,0.002669620583740801,0.0025889000992346998,4.451994147393376e-05,0.0025401841426817206,0.0026482455422098873,-5.975518703460693,-5.9338579177856445,0.00010806139952816663,0.04166078567504883
representative,math-gsm8k-04,1,21,1115,5,0.0023837028759074,0.0022731510840855013,4.0766448713903825e-05,0.0022040655036458133,0.0023128639817249653,-6.1174516677856445,-6.069268703460693,0.00010879847807915202,0.04818296432495117
representative,math-gsm8k-04,1,22,1102,5,0.002178880818244055,0.0022614552768962233,2.527043853160131e-05,0.0022387744849031942,0.0022887049749033815,-6.1018266677856445,-6.079769134521484,4.993049000018724e-05,0.022057533264160156
representative,math-gsm8k-04,1,23,3277,5,0.001919103661079341,0.0019778669898985043,2.087014917289235e-05,0.0019504845907565482,0.001994295453766223,-6.239677429199219,-6.217464447021484,4.381086300967482e-05,0.022212982177734375
representative,math-gsm8k-04,1,24,12220,5,0.0011085247849762963,0.0010725425067710092,2.1942843992131362e-05,0.0010472450835408834,0.001098939858980476,-6.8615922927856445,-6.813409328460693,5.169477543959266e-05,0.04818296432495117
representative,math-gsm8k-05,2,0,468,5,0.20287768460034952,0.20068748888205284,0.002627919692026961,0.19807070670449112,0.20447628401107462,-1.6191312074661255,-1.5873032808303833,0.006405577306583504,0.03182792663574219
representative,math-gsm8k-05,2,1,763,5,0.10043174853484113,0.10346738765469161,0.001419681624403188,0.10122311272229309,0.10453943918750894,-2.2904281616210938,-2.258190870285034,0.0033163264652158464,0.03223729133605957
representative,math-gsm8k-05,2,2,3005,5,0.10043174853484113,0.0987241752225985,0.0007692534241529063,0.09810880494759171,0.09959621787483237,-2.3216781616210938,-2.306631088256836,0.0014874129272406666,0.015047073364257812
representative,math-gsm8k-05,2,3,578,5,0.09583264392688666,0.09598709750800613,0.0008731132342925676,0.09497702540068675,0.09668317626685526,-2.3541202545166016,-2.336315870285034,0.0017061508661685015,0.017804384231567383
representative,math-gsm8k-05,2,4,9062,5,0.08590382682259044,0.0868512468147238,0.0005548783609056112,0.08653069363648887,0.08783938922463048,-2.447256088256836,-2.4322452545166016,0.0013086955881416173,0.015010833740234375
representative,math-gsm8k-05,2,5,7357,5,0.06383830344871795,0.06414045798684627,0.0004490248931376945,0.06334380534401407,0.06440488013268472,-2.7591781616210938,-2.742565870285034,0.0010610747886706517,0.01661229133605957
representative,math-gsm8k-05,2,6,2684,5,0.05375724118941907,0.05251801976184889,0.0008334742403839991,0.05163811303075009,0.05337686000321672,-2.9634952545166016,-2.930377960205078,0.0017387469724666274,0.03311729431152344
representative,math-gsm8k-05,2,7,5629,5,0.04818767956688373,0.04766775411133858,0.0006515771548639162,0.04701703695661131,0.048600184090860345,-3.0572452545166016,-3.024127960205078,0.0015831471342490355,0.03311729431152344
representative,math-gsm8k-05,2,8,1442,5,0.042859009417908864,0.04354015138443316,0.0007740819491935521,0.04223775159503647,0.04425097117970544,-3.164440870285034,-3.117877960205078,0.0020132195846689696,0.046562910079956055
representative,math-gsm8k-05,2,9,220,5,0.031602251805982924,0.0321534859876229,0.00048356674007687896,0.031565745341969015,0.03284334676819808,-3.4556827545166016,-3.416006088256836,0.0012776014262290622,0.039676666259765625
representative,math-gsm8k-05,2,10,8876,5,0.03135632113131344,0.03165694831244572,0.0006194661601391475,0.031095455736928672,0.03260659659233966,-3.470693588256836,-3.4232406616210938,0.0015111408554109862,0.04745292663574219
representative,math-gsm8k-05,2,11,1789,5,0.01652362008790559,0.016550022314536027,0.00011513232053655851,0.01638615368510775,0.016665068443584785,-4.111318588256836,-4.094440460205078,0.0002789147584770363,0.016878128051757812
representative,math-gsm8k-05,2,12,3861,5,0.01407830032285742,0.013656341712208975,0.00010469972052561954,0.013552830524110302,0.013815826996201111,-4.301159858703613,-4.281940460205078,0.00026299647209080887,0.019219398498535156
representative,math-gsm8k-05,2,13,2057,5,0.01396874212055411,0.01357212491403625,0.00019974099812537395,0.013238879543163249,0.01370831137753088,-4.324597358703613,-4.289752960205078,0.0004694318343676316,0.034844398498535156
representative,math-gsm8k-05,2,14,2468,5,0.011490373843300952,0.011395807205023065,0.0003189574339546055,0.010921841781024682,0.011820988882476294,-4.516990661621094,-4.437878608703613,0.0008991471014516122,0.07911205291748047
representative,math-gsm8k-05,2,15,6385,5,0.008406537086198668,0.008215474449282157,8.44249588015211e-05,0.008124438923633232,0.008347769683949048,-4.812878608703613,-4.785760879516602,0.00022333076031581627,0.02711772918701172
representative,math-gsm8k-05,2,16,362,5,0.0061759333343896355,0.006042192460584826,0.0001284256071791365,0.0058948311403745225,0.006184856976204366,-5.133679389953613,-5.085651397705078,0.0002900258358298439,0.048027992248535156
representative,math-gsm8k-05,2,17,13538,5,0.0033308528347593775,0.0034693777664340517,5.669797363330807e-05,0.0033989653237932915,0.00352168359845322,-5.684284210205078,-5.648816108703613,0.00012271827465992844,0.035468101501464844
representative,math-gsm8k-05,2,18,6914,5,0.002849029408160116,0.0029814771331656926,5.0328463857162184e-05,0.002936071679537128,0.0030549071236126396,-5.830682754516602,-5.791006088256836,0.00011883544407551147,0.039676666259765625
representative,math-gsm8k-05,2,19,12220,5,0.002475279645545126,0.0025587039107167675,7.257357384517962e-05,0.00248505767208316,0.0026479424919000384,-5.997459411621094,-5.933972358703613,0.0001628848198168783,0.06348705291748047
representative,math-gsm8k-05,2,20,1102,5,0.0024656294447490067,0.0024011281390302155,2.387949932300864e-05,0.002380539439757051,0.002439398933620238,-6.040428161621094,-6.016003608703613,5.885949386318697e-05,0.02442455291748047
representative,math-gsm8k-05,2,21,1115,5,0.0022982193506855876,0.0023638850397501286,2.1233489374560618e-05,0.002343632596591668,0.0023963518645667542,-6.056053161621094,-6.033807754516602,5.271926797508625e-05,0.022245407104492188
representative,math-gsm8k-05,2,22,9393,5,0.002244981156767671,0.0022841521618494386,3.533746234331189e-05,0.002237820315703457,0.002334495638999768,-6.102252960205078,-6.059959411621094,9.667532329631079e-05,0.042293548583984375
representative,math-gsm8k-05,2,23,2100,5,0.002133824432068353,0.002144195861634689,4.114892977676207e-05,0.0021022376368012036,0.0022038132827987807,-6.164752960205078,-6.117566108703613,0.00010157564599757706,0.047186851501464844
representative,math-gsm8k-05,2,24,5659,5,0.0021172188785961964,0.0021077090989014323,4.369069765648484e-05,0.0020670535567168845,0.0021696463247405924,-6.181631088256836,-6.133191108703613,0.00010259276802370787,0.048439979553222656
representative,math-gsm8k-06,3,0,578,5,0.2791564292519377,0.2872804081399955,0.010143346705879179,0.2771576523257049,0.298206795039786,-1.2831687927246094,-1.209968090057373,0.021049142714081093,0.07320070266723633
representative,math-gsm8k-06,3,1,7357,5,0.16410759881433803,0.15569996878100495,0.0053047459935513745,0.14994779331151256,0.16040654298179413,-1.897468090057373,-1.8300437927246094,0.01045874967028157,0.06742429733276367
representative,math-gsm8k-06,3,2,735,5,0.10595584198101693,0.10596407613124548,0.0005822906949039866,0.1051971792001709,0.10648330415870713,-2.2519187927246094,-2.239767074584961,0.001286124958536236,0.012151718139648438
representative,math-gsm8k-06,3,3,1789,5,0.07513394261409916,0.07538361036858503,0.0013398821876953652,0.07363836154693064,0.07658583890199915,-2.6085891723632812,-2.569343090057373,0.0029474773550685063,0.0392460823059082
representative,math-gsm8k-06,3,4,1283,5,0.059435840642642124,0.05865350586540169,0.004472749982712788,0.054307491852562215,0.06481010199921856,-2.913093090057373,-2.7362937927246094,0.01050261014665635,0.17679929733276367
representative,math-gsm8k-06,3,5,220,5,0.05245194526964328,0.052957621832991,0.001033042183623555,0.051269010522230825,0.053874976197757864,-2.9706687927246094,-2.9210891723632812,0.002605965675527039,0.049579620361328125
representative,math-gsm8k-06,3,6,3861,5,0.05245194526964328,0.05262048240417808,0.0003467350824531259,0.05207637995946264,0.053039722110443804,-2.9550437927246094,-2.9367141723632812,0.000963342150981164,0.018329620361328125
representative,math-gsm8k-06,3,7,1442,5,0.041492903899044024,0.04050587388066722,0.0018692620425880481,0.03850977822532051,0.04235613201661351,-3.256843090057373,-3.161642074584961,0.003846353791293,0.09520101547241211
representative,math-gsm8k-06,3,8,5629,5,0.03256815342921807,0.03288785782190377,0.0009409661856725764,0.031925727483460245,0.0338867467377991,-3.444343090057373,-3.3847312927246094,0.001961019254338857,0.05961179733276367
representative,math-gsm8k-06,3,9,9062,5,0.021865223841170085,0.021507524816870592,0.0008496306740681746,0.02061279890483456,0.02245843138792891,-3.881843090057373,-3.7960891723632812,0.001845632483094349,0.0857539176940918
representative,math-gsm8k-06,3,10,8876,5,0.019145829710632854,0.019003408733704756,0.0005031405085306884,0.018423904632816804,0.019515805757656067,-3.9941062927246094,-3.936530590057373,0.0010919011248392632,0.05757570266723633
representative,math-gsm8k-06,3,11,2684,5,0.012853901992255595,0.012608633198342942,0.0006204871352182157,0.011929772769246285,0.013099887031481022,-4.428718090057373,-4.335151672363281,0.0011701142622347373,0.0935664176940918
representative,math-gsm8k-06,3,12,763,5,0.008106854368992864,0.007994548128877347,8.655115646480249e-05,0.007911986035939688,0.008087869235944015,-4.839376449584961,-4.817389965057373,0.00017588320000432728,0.02198648452758789
representative,math-gsm8k-06,3,13,362,5,0.007919059289801664,0.008361908892404426,9.499845551768367e-05,0.008223602400139312,0.008442969337084058,-4.800746917724609,-4.774421215057373,0.0002193669369447461,0.026325702667236328
representative,math-gsm8k-06,3,14,2057,5,0.003618535178893666,0.003732795388735004,7.588587620182389e-05,0.0036650705301532684,0.003861860206824268,-5.608907699584961,-5.556606292724609,0.00019678967667099978,0.05230140686035156
representative,math-gsm8k-06,3,15,26924,5,0.003486714616553305,0.0035650655006625965,9.469223468755702e-05,0.0034717618016349996,0.0036805873912057743,-5.663093090057373,-5.604682922363281,0.00020882558957077474,0.0584101676940918
representative,math-gsm8k-06,3,16,9220,5,0.003011612191697692,0.002868416881509562,0.00013126697277457758,0.002757138699565461,0.003045360337560585,-5.893561840057373,-5.794136047363281,0.00028822163799512414,0.0994257926940918
representative,math-gsm8k-06,3,17,3277,5,0.0028624969324072135,0.0027954595658696104,3.551706224244227e-05,0.002757138699565461,0.0028266208559903218,-5.893561840057373,-5.868673324584961,6.948215642486096e-05,0.02488851547241211
representative,math-gsm8k-06,3,18,33759,5,0.0027907312889740694,0.002873012984313055,0.00013415438947929042,0.0027289739727532052,0.003016318925018702,-5.903829574584961,-5.803718090057373,0.00028734495226549663,0.10011148452758789
representative,math-gsm8k-06,3,19,1226,5,0.002550934907147095,0.0024548770670398358,0.00017933372217496463,0.0022591184909079524,0.00260992727410515,-6.092780590057373,-5.948432922363281,0.00035080878319719783,0.1443476676940918
representative,math-gsm8k-06,3,20,11443,5,0.0023870389677945907,0.002394329407040071,9.547291540406776e-05,0.002289067328323996,0.002481156268758844,-6.079610824584961,-5.999030590057373,0.00019208894043484803,0.08058023452758789
representative,math-gsm8k-06,3,21,99366,5,0.0021734237131948763,0.0025380870208771755,0.0003639478222406054,0.0021384977715430834,0.002923516547908086,-6.147651672363281,-5.834968090057373,0.0007850187763650024,0.3126835823059082
representative,math-gsm8k-06,3,22,1102,5,0.002033782627063257,0.002181038134014378,0.00017901468374883087,0.002035057321390935,0.00237680212428616,-6.197231292724609,-6.041999340057373,0.00034174480289522486,0.15523195266723633
representative,math-gsm8k-06,3,23,1952,5,0.001986670103250339,0.001991813945956618,9.734789974455471e-05,0.00187478265666372,0.0020893430552310034,-6.279262542724609,-6.170905590057373,0.00021456039856728349,0.10835695266723633
representative,math-gsm8k-06,3,24,3161,5,0.0019789248105330027,0.0019567551113723104,6.082665782597126e-05,0.0018872176595708307,0.0020171657637757107,-6.272651672363281,-6.206061840057373,0.00012994810420487992,0.0665898323059082
representative,specialized-longbench-01,7,0,426,5,0.6106143793076657,0.6084611918085736,0.016340997328661892,0.5943650148010615,0.6353664002756342,-0.5202616453170776,-0.4535534381866455,0.04100138547457266,0.06670820713043213
representative,specialized-longbench-01,7,1,356,5,0.12600739174718223,0.13143072079553256,0.009803165262977746,0.11938180958231928,0.1456554110358231,-2.1254284381866455,-1.9265116453170776,0.026273601453503825,0.19891679286956787
representative,specialized-longbench-01,7,2,423,5,0.03582077634452827,0.03884027512251994,0.0050451614054519605,0.03393728765716594,0.046131978890804094,-3.3832409381866455,-3.07624888420105,0.012194691233638151,0.3069920539855957
representative,specialized-longbench-01,7,3,362,5,0.03444850395274278,0.031612728416367704,0.005084461201372268,0.026902829415992,0.03859483713152595,-3.6155238151550293,-3.254636764526367,0.011692007715533949,0.3608870506286621
representative,specialized-longbench-01,7,4,7104,5,0.021389562510454097,0.019200365032067943,0.0010990963351903825,0.018061705230538246,0.020338049972293222,-4.013961315155029,-3.895261764526367,0.0022763447417549765,0.11869955062866211
representative,specialized-longbench-01,7,5,578,5,0.020410063129639944,0.01957667211340999,0.0013401938969195655,0.017305725601319207,0.02076199913155738,-4.056717872619629,-3.874630928039551,0.003456273530238172,0.18208694458007812
representative,specialized-longbench-01,7,6,22559,5,0.009908292752854299,0.009574519550766122,0.0012006138499311243,0.008481900911943865,0.011595844270280441,-4.769820690155029,-4.457108497619629,0.0031139433583365767,0.3127121925354004
representative,specialized-longbench-01,7,7,38203,5,0.00964103346037573,0.010531706195311092,0.0008813827566852228,0.009655226268175951,0.011891516108801571,-4.640255928039551,-4.431930065155029,0.00223628984062562,0.20832586288452148
representative,specialized-longbench-01,7,8,320,5,0.008047522224157203,0.008070595971089521,0.00027698445238156345,0.007627656260259518,0.00838308377317432,-4.875974655151367,-4.781539440155029,0.0007554275129148013,0.09443521499633789
representative,specialized-longbench-01,7,9,220,5,0.007784706631878724,0.008906196383407916,0.0012647782154989046,0.007623009398680349,0.01059945973436028,-4.876584053039551,-4.546952247619629,0.0029764503356799303,0.3296318054199219
representative,specialized-longbench-01,7,10,720,5,0.007291661487645307,0.006700202483764221,0.0018746303116314415,0.0049163758315142955,0.009762608107217045,-5.315183639526367,-4.629195690155029,0.0048462322757027495,0.6859879493713379
representative,specialized-longbench-01,7,11,46551,5,0.004754050817543845,0.0041085027361937145,0.0003155279780732223,0.0036332936526344162,0.004520340235969292,-5.617615699768066,-5.399168014526367,0.0008870465833348759,0.21844768524169922
representative,specialized-longbench-01,7,12,510,5,0.004643923348969304,0.005243073317168117,0.00044053741818621554,0.0048986894208760635,0.0059632027974549605,-5.318787574768066,-5.122147560119629,0.001064513376578897,0.1966400146484375
representative,specialized-longbench-01,7,13,4815,5,0.004345554238323682,0.004531873135824143,0.0017197810875404721,0.0026264116277565155,0.007198495809342867,-5.942136764526367,-4.933883190155029,0.0045720841815863516,1.008253574371338
representative,specialized-longbench-01,7,14,16225,5,0.004311736866947587,0.003945336223501128,0.0006938504549768626,0.00336024732270491,0.004900408928167589,-5.695740699768066,-5.318436622619629,0.001540161605462679,0.3773040771484375
representative,specialized-longbench-01,7,15,4194,5,0.0040111387690486425,0.0040624040957934916,0.00040890784928702,0.0036332936526344162,0.004630561019900827,-5.617615699768066,-5.375077247619629,0.0009972673672664105,0.2425384521484375
representative,specialized-longbench-01,7,16,11360,5,0.0032930347575195217,0.0030075789012692445,0.000180148351751838,0.0028318688109533544,0.0032263449638461053,-5.866818428039551,-5.736405372619629,0.0003944761528927509,0.13041305541992188
representative,specialized-longbench-01,7,17,71994,5,0.002805700690486166,0.0023219460369286373,0.00036220895995348415,0.0019600149077611175,0.0029185510123062833,-6.234803199768066,-5.836668014526367,0.0009585361045451658,0.3981351852416992
representative,specialized-longbench-01,7,18,366,5,0.0025546195496187704,0.0021975456647871697,0.0005384147193547565,0.001394876686310101,0.002737582451140441,-6.574949264526367,-5.900680065155029,0.0013427057648303401,0.6742691993713379
representative,specialized-longbench-01,7,19,22991,5,0.0025150138445040405,0.002430757930260117,0.0002447497970970481,0.002126932954268229,0.002674166421962625,-6.153074264526367,-5.924117565155029,0.0005472334676943961,0.2289566993713379
representative,specialized-longbench-01,7,20,314,5,0.001974056984869221,0.0021723618420109803,0.000488801442974692,0.001702890462362487,0.0029955598920885377,-6.375428199768066,-5.810624122619629,0.0012926694297260507,0.5648040771484375
representative,specialized-longbench-01,7,21,5321,5,0.0019283280040675696,0.0018182496878194454,0.0001038065099186322,0.0017090386414776845,0.00196157819533423,-6.371824264526367,-6.234005928039551,0.00025253955385654545,0.1378183364868164
representative,specialized-longbench-01,7,22,72387,5,0.001840023435656335,0.0017401218942711375,0.0003331185388925776,0.0012900500479168491,0.002171269133941386,-6.653074264526367,-6.132443428039551,0.000881219086024537,0.5206308364868164
representative,specialized-longbench-01,7,23,28206,5,0.0015017833595863425,0.001588434357911504,0.0002506475490408485,0.0011563933892220618,0.0018023772064371646,-6.762449264526367,-6.318648815155029,0.0006459838172151028,0.4438004493713379
representative,specialized-longbench-01,7,24,763,5,0.0014785003666667662,0.001390734734661719,9.762664199274517e-05,0.0012854091588405763,0.001496484236169249,-6.656678199768066,-6.504636764526367,0.00021107507732867278,0.15204143524169922
representative,specialized-longbench-02,7,0,423,5,0.2839719930911415,0.26991300339099356,0.011509719136400164,0.25920273991002113,0.28701003843738976,-1.3501447439193726,-1.2482380867004395,0.02780729852736863,0.1019066572189331
representative,specialized-longbench-02,7,1,362,5,0.2317711859255339,0.2521479838435972,0.014884508542685854,0.23425076627122493,0.2731462670817592,-1.4513630867004395,-1.2977478504180908,0.03889550081053428,0.15361523628234863
representative,specialized-longbench-02,7,2,720,5,0.0653740648197322,0.05668691841761114,0.0030055884523499813,0.05336712547411918,0.06156603975597092,-2.930560350418091,-2.787644863128662,0.008198914281851738,0.1429154872894287
representative,specialized-longbench-02,7,3,356,5,0.05635596648121092,0.052657922943850764,0.002414169266390632,0.05134330975333448,0.05693927880273139,-2.9692206382751465,-2.865769863128662,0.005595969049396909,0.10345077514648438
representative,specialized-longbench-02,7,4,426,5,0.04672073719612249,0.04332885567901691,0.002300591958877114,0.04059956809772549,0.046472484945436494,-3.203997850418091,-3.068894863128662,0.005872916847711004,0.1351029872894287
representative,specialized-longbench-02,7,5,4815,5,0.038732851558439654,0.039303760541827555,0.0013906620036468337,0.037563567857388055,0.04099407105011997,-3.2817206382751465,-3.1943278312683105,0.003430503192731915,0.08739280700683594
representative,specialized-longbench-02,7,6,578,5,0.024716458738737335,0.02320753897957359,0.0005465772065691224,0.02256204378215088,0.024054448026173778,-3.7914862632751465,-3.727435350418091,0.0014924042440228984,0.06405091285705566
representative,specialized-longbench-02,7,7,220,5,0.018876884239709932,0.02005158429942801,0.0003834079587640879,0.01966917024470554,0.020663696962873596,-3.9287028312683105,-3.8793768882751465,0.0009945267181680553,0.04932594299316406
representative,specialized-longbench-02,7,8,510,5,0.01756085877901608,0.01736502935643233,0.0007905946590284549,0.01654693494897493,0.018419749700693173,-4.1015543937683105,-3.9943318367004395,0.0018728147517182436,0.1072225570678711
representative,specialized-longbench-02,7,9,320,5,0.015467164652753485,0.01523488058428274,0.0005279929057681608,0.014783382719286572,0.01607615275112428,-4.214251518249512,-4.130418300628662,0.0012927700318377082,0.08383321762084961
representative,specialized-longbench-02,7,10,7104,5,0.011896784999985588,0.011985644236393896,0.00026378676096996706,0.01160260861236709,0.012254680142347606,-4.4565253257751465,-4.4018473625183105,0.0006520715299805167,0.05467796325683594
representative,specialized-longbench-02,7,11,34676,5,0.006447673495846853,0.006194509961033432,0.0003511553018898574,0.005735795306951307,0.006694996228776782,-5.161028861999512,-5.006394863128662,0.0009592009218254748,0.1546339988708496
representative,specialized-longbench-02,7,12,314,5,0.005916717787886031,0.006182883464896158,0.0003033121037876374,0.005818716427296877,0.006514410127832791,-5.1466755867004395,-5.033738613128662,0.0006956937005359138,0.11293697357177734
representative,specialized-longbench-02,7,13,15073,5,0.005579996322942244,0.006334508148696747,0.0003130460928521839,0.005990034314290285,0.006744584912347736,-5.1176581382751465,-4.9990153312683105,0.0007545505980574513,0.11864280700683594
representative,specialized-longbench-02,7,14,5991,5,0.003254783034665176,0.003295231324198488,0.00019358318853206265,0.0030892332342264115,0.0036101161549508777,-5.779832363128662,-5.6240153312683105,0.0005208829207244661,0.15581703186035156
representative,specialized-longbench-02,7,15,10771,5,0.003254783034665176,0.0030342969973633023,4.734089127239712e-05,0.0029640902834775886,0.0030892332342264115,-5.821185111999512,-5.779832363128662,0.00012514295074882295,0.04135274887084961
representative,specialized-longbench-02,7,16,4194,5,0.0031057356679609345,0.0031551730781491454,4.950643498299237e-05,0.0030821662170030578,0.0032134004037785166,-5.782122611999512,-5.7404255867004395,0.00013123418677545885,0.041697025299072266
representative,specialized-longbench-02,7,17,330,5,0.0029867568029487783,0.0033381489666003683,7.817644082266719e-05,0.0032122942961793667,0.003417989277820638,-5.740769863128662,-5.6787028312683105,0.0002056949816412715,0.06206703186035156
representative,specialized-longbench-02,7,18,366,5,0.002940451430704737,0.0033598688932967866,0.00011312618713630886,0.0032049457609939795,0.003471814776920174,-5.743060111999512,-5.6630778312683105,0.0002668690159261947,0.07998228073120117
representative,specialized-longbench-02,7,19,23535,5,0.002940451430704737,0.003354904636752929,0.0001227671828452107,0.003188393523441754,0.003471814776920174,-5.7482380867004395,-5.6630778312683105,0.0002834212534784204,0.0851602554321289
representative,specialized-longbench-02,7,20,17472,5,0.002635803627375766,0.004336271255260208,0.00043595804451312096,0.003865902524664483,0.004813127788704318,-5.555560111999512,-5.3364081382751465,0.0009472252640398355,0.21915197372436523
representative,specialized-longbench-02,7,21,763,5,0.0024377198566494446,0.0024922766824010414,5.4227447656773325e-05,0.002420192640969978,0.002561064304024308,-6.0239081382751465,-5.967332363128662,0.00014087166305433007,0.056575775146484375
representative,specialized-longbench-02,7,22,279,5,0.0024187493702207685,0.0024865402436627104,0.00012604517011608715,0.002345731141463177,0.0026839723462034645,-6.0551581382751465,-5.920457363128662,0.00033824120474028763,0.13470077514648438
representative,specialized-longbench-02,7,23,3580,5,0.0023627191014075513,0.0025639810173166506,8.418102560015498e-05,0.002481194128487826,0.0026630855076975103,-5.9990153312683105,-5.928269863128662,0.00018189137920968405,0.07074546813964844
representative,specialized-longbench-02,7,24,6914,5,0.0021851579569000315,0.0022064295575772146,5.4112309053319035e-05,0.0021191914845020113,0.0022591529625834695,-6.1567206382751465,-6.0927653312683105,0.00013996147808145818,0.06395530700683594
representative,specialized-mmmlu-01,4,0,426,5,0.7030239206043296,0.7020691070138512,0.0013105927458803037,0.7001165459233469,0.7036506150523916,-0.3565084636211395,-0.351473331451416,0.003534069129044637,0.005035132169723511
representative,specialized-mmmlu-01,4,1,362,5,0.2300285604999261,0.22963320380036908,0.0020148322285835018,0.2262218879104836,0.23132529203031926,-1.486238956451416,-1.463930368423462,0.005103404119835675,0.0223085880279541
representative,specialized-mmmlu-01,4,2,356,5,0.043052582923659447,0.04403376909844677,0.000570994608654275,0.04352665494946859,0.04484445338711998,-3.1343817710876465,-3.104555368423462,0.0013177984376513893,0.02982640266418457
representative,specialized-mmmlu-01,4,3,423,5,0.02340728332877008,0.023802131299820454,0.0008609509699818145,0.023133157207504387,0.025282439719930747,-3.7664883136749268,-3.677645206451416,0.0021492825124263606,0.08884310722351074
representative,specialized-mmmlu-01,4,4,220,5,0.00012476441360336946,0.00012069243482412655,4.727939941286159e-06,0.0001164929117677427,0.0001285883000601381,-9.057680130004883,-8.958894729614258,1.20953882923954e-05,0.098785400390625
representative,specialized-mmmlu-01,4,5,14469,5,4.589826275449026e-05,4.643591907889767e-05,6.572234546671717e-06,4.025887304769729e-05,5.341033484767977e-05,-10.120180130004883,-9.837506294250488,1.315146179998248e-05,0.28267383575439453
representative,specialized-mmmlu-01,4,6,480,5,1.797401794934854e-05,1.7603868085260854e-05,6.089493489376344e-07,1.695007879872403e-05,1.8524901024299118e-05,-10.985238075256348,-10.896394729614258,1.5748222255750864e-06,0.08884334564208984
representative,specialized-mmmlu-01,4,7,469,5,1.6885027252861902e-05,1.612307160445495e-05,2.6155795689307095e-07,1.576560120914519e-05,1.634816777463017e-05,-11.057680130004883,-11.021394729614258,5.825665654849796e-07,0.036285400390625
representative,specialized-mmmlu-01,4,8,435,5,1.0901792964505085e-05,1.0541135722068747e-05,1.9737178454886042e-07,1.0280742475971208e-05,1.0835528684739476e-05,-11.485238075256348,-11.432680130004883,5.547862087682683e-07,0.052557945251464844
representative,specialized-mmmlu-01,4,9,264,5,8.490324897638893e-06,8.025803437615481e-06,6.407517877648426e-07,7.4471426950534865e-06,8.718997482546995e-06,-11.807680130004883,-11.650006294250488,1.2718547874935086e-06,0.15767383575439453
representative,specialized-mmmlu-01,4,10,578,5,8.490324897638893e-06,7.3359511262284165e-06,1.384097810335322e-07,7.228302794373066e-06,7.521551872596131e-06,-11.837506294250488,-11.797738075256348,2.932490782230648e-07,0.039768218994140625
representative,specialized-mmmlu-01,4,11,2290,5,7.975922116372462e-06,6.401940762276228e-06,3.8420011041733873e-07,5.992473491560027e-06,6.814930236575439e-06,-12.025006294250488,-11.896394729614258,8.22456745015412e-07,0.12861156463623047
representative,specialized-mmmlu-01,4,12,1229,5,7.492685424103195e-06,7.723358938323634e-06,4.861873659905684e-07,7.065844081745965e-06,8.190740129742458e-06,-11.860238075256348,-11.712506294250488,1.1248960479964925e-06,0.14773178100585938
representative,specialized-mmmlu-01,4,13,735,5,7.0387265629546684e-06,6.476101153661552e-06,2.2401994618889005e-07,6.235585516286509e-06,6.814930236575439e-06,-11.985238075256348,-11.896394729614258,5.793447202889298e-07,0.08884334564208984
representative,specialized-mmmlu-01,4,14,445,5,6.612271678811814e-06,6.238326554018194e-06,2.32008419622612e-07,5.857790488290058e-06,6.4020344864014985e-06,-12.047738075256348,-11.958894729614258,5.442439981114403e-07,0.08884334564208984
representative,specialized-mmmlu-01,4,15,393,5,5.835309275599269e-06,5.860365454940868e-06,2.1795174007619167e-07,5.50288490392421e-06,6.014154825107929e-06,-12.110238075256348,-12.021394729614258,5.11269921183719e-07,0.08884334564208984
representative,specialized-mmmlu-01,4,16,507,5,5.835309275599269e-06,5.642263364807075e-06,1.0564550334696516e-07,5.50288490392421e-06,5.799840562552147e-06,-12.110238075256348,-12.057680130004883,2.9695565862793745e-07,0.052557945251464844
representative,specialized-mmmlu-01,4,17,293,5,5.481765759054594e-06,5.10973343704363e-06,2.5398844995638326e-07,4.808236707159524e-06,5.307473004821946e-06,-12.245180130004883,-12.146394729614258,4.992362976624222e-07,0.098785400390625
representative,specialized-mmmlu-01,4,18,64571,5,5.481765759054594e-06,4.979279943008781e-06,9.323182947568734e-08,4.856278882992644e-06,5.1183413319367675e-06,-12.235238075256348,-12.182680130004883,2.620624489441238e-07,0.052557945251464844
representative,specialized-mmmlu-01,4,19,473,5,5.149642361339514e-06,4.739734141463005e-06,2.1707930725390462e-07,4.51692037180491e-06,4.967935014427434e-06,-12.307680130004883,-12.212506294250488,4.5101464262252344e-07,0.09517383575439453
representative,specialized-mmmlu-01,4,20,320,5,4.837641303059973e-06,4.181798908599504e-06,1.6177734618852906e-07,3.986168237339092e-06,4.4000496649538175e-06,-12.432680130004883,-12.333894729614258,4.1388142761472573e-07,0.098785400390625
representative,specialized-mmmlu-01,4,21,452,5,4.837641303059973e-06,4.564057205392558e-06,1.697409858431127e-07,4.285651072327987e-06,4.683828487306723e-06,-12.360238075256348,-12.271394729614258,3.9817741497873585e-07,0.08884334564208984
representative,specialized-mmmlu-01,4,22,33,5,4.269203465765732e-06,3.735800062089836e-06,1.0532295501506598e-07,3.634618900146371e-06,3.883030200540131e-06,-12.525006294250488,-12.458894729614258,2.4841130039376014e-07,0.06611156463623047
representative,specialized-mmmlu-01,4,23,328,5,4.269203465765732e-06,4.127968060325924e-06,7.729190137657469e-08,4.025996600005491e-06,4.243254000961834e-06,-12.422738075256348,-12.370180130004883,2.1725740095634347e-07,0.052557945251464844
representative,specialized-mmmlu-01,4,24,358,5,3.7675588350416783e-06,3.5548348564057195e-06,1.4501086048503708e-07,3.414408473146249e-06,3.7446585127285104e-06,-12.587506294250488,-12.495180130004883,3.302500395822612e-07,0.09232616424560547
representative,specialized-mmmlu-02,5,0,423,5,0.8888258786994445,0.891115501643954,0.003439200855140155,0.887419978170185,0.8943429768925463,-0.11943692713975906,-0.11166593432426453,0.00692299872236124,0.007770992815494537
representative,specialized-mmmlu-02,5,1,356,5,0.08348500409515873,0.08205594259754137,0.0028529918360140493,0.07949087249821798,0.08516310496150666,-2.5321130752563477,-2.4631869792938232,0.005672232463288671,0.06892609596252441
representative,specialized-mmmlu-02,5,2,426,5,0.020141694585696954,0.019488364696534595,0.0006065545778935645,0.01845305500775918,0.019914404212946584,-3.992525339126587,-3.9163119792938232,0.0014613492051874025,0.07621335983276367
representative,specialized-mmmlu-02,5,3,362,5,0.007070398092693612,0.006841142362644674,0.00021768778202918947,0.006579640958520833,0.007017078727521171,-5.023775100708008,-4.959408283233643,0.00043743776900033796,0.06436681747436523
representative,specialized-mmmlu-02,5,4,220,5,0.00011076624330893136,0.0001196022475755394,1.1803484546198489e-05,0.00010634999102512601,0.00013210186641757153,-9.148775100708008,-8.931937217712402,2.575187539244552e-05,0.21683788299560547
representative,specialized-mmmlu-02,5,5,11325,5,1.698655357017845e-05,1.7612971691939686e-05,7.953534404307098e-07,1.633978206075457e-05,1.8480857326355595e-05,-11.021907806396484,-10.898775100708008,2.141075265601025e-06,0.12313270568847656
representative,specialized-mmmlu-02,5,6,2052,5,1.595739031600652e-05,1.6815471713775006e-05,1.8295518366735358e-06,1.532116885248637e-05,1.98166497876149e-05,-11.086275100708008,-10.828988075256348,4.495480935128531e-06,0.25728702545166016
representative,specialized-mmmlu-02,5,7,578,5,1.408234752720917e-05,1.5188736512052883e-05,1.302081330451616e-06,1.4392906157596647e-05,1.748813205717383e-05,-11.148775100708008,-10.953988075256348,3.095225899577183e-06,0.19478702545166016
representative,specialized-mmmlu-02,5,8,32004,5,1.3229141222139343e-05,1.30401243889982e-05,3.136890233892235e-07,1.2725435064131752e-05,1.3520884056294802e-05,-11.271907806396484,-11.211275100708008,7.954489921630495e-07,0.06063270568847656
representative,specialized-mmmlu-02,5,9,469,5,1.0302865543164323e-05,1.0963040057401506e-05,7.102002077186761e-07,9.892090092760742e-06,1.1542932446164908e-05,-11.523775100708008,-11.369437217712402,1.6508423534041662e-06,0.15433788299560547
representative,specialized-mmmlu-02,5,10,320,5,9.67864647565942e-06,9.693770929201276e-06,9.541535590438842e-07,8.74605508752846e-06,1.1291186692690662e-05,-11.646907806396484,-11.391488075256348,2.5451316051622015e-06,0.2554197311401367
representative,specialized-mmmlu-02,5,11,40410,5,8.54137553598075e-06,8.213997093569305e-06,2.977958948878848e-07,7.718366524578108e-06,8.444989781489537e-06,-11.771907806396484,-11.681937217712402,7.266232569114291e-07,0.08997058868408203
representative,specialized-mmmlu-02,5,12,2290,5,6.2490038348260155e-06,6.452903036762118e-06,1.033690028342664e-06,5.646877579319919e-06,8.260808653726831e-06,-12.084407806396484,-11.703988075256348,2.6139310744069124e-06,0.3804197311401367
representative,specialized-mmmlu-02,5,13,35,5,5.870395832007063e-06,5.239512877963664e-06,2.547014619197015e-07,4.983351973024227e-06,5.636343035545994e-06,-12.209407806396484,-12.086275100708008,6.529910625217675e-07,0.12313270568847656
representative,specialized-mmmlu-02,5,14,264,5,5.180606138691752e-06,5.042426282633837e-06,7.399005383602784e-08,4.974055270773596e-06,5.122145223433297e-06,-12.211275100708008,-12.181937217712402,1.480899526597009e-07,0.02933788299560547
representative,specialized-mmmlu-02,5,15,10807,5,5.180606138691752e-06,5.367634837365499e-06,7.876200232348557e-08,5.294854274089666e-06,5.452495208117325e-06,-12.148775100708008,-12.119437217712402,1.5764093402765946e-07,0.02933788299560547
representative,specialized-mmmlu-02,5,16,468,5,4.866729079978713e-06,5.662049392763318e-06,5.250234374302268e-07,4.983351973024227e-06,6.178486510432431e-06,-12.209407806396484,-11.994437217712402,1.1951345374082047e-06,0.21497058868408203
representative,specialized-mmmlu-02,5,17,14469,5,4.866729079978713e-06,4.9820410760402445e-06,1.8062234058606255e-07,4.681425940056266e-06,5.122145223433297e-06,-12.271907806396484,-12.181937217712402,4.407192833770309e-07,0.08997058868408203
representative,specialized-mmmlu-02,5,18,18531,5,4.866729079978713e-06,4.50696050564877e-06,1.284630960925322e-07,4.3895883697422795e-06,4.7068668892821275e-06,-12.336275100708008,-12.266488075256348,3.17278519539848e-07,0.06978702545166016
representative,specialized-mmmlu-02,5,19,9827,5,4.571868870906212e-06,4.740907832950038e-06,2.264286958121159e-07,4.397792680682712e-06,5.010433722504766e-06,-12.334407806396484,-12.203988075256348,6.126410418220539e-07,0.13041973114013672
representative,specialized-mmmlu-02,5,20,11162,5,4.571868870906212e-06,4.740907832950038e-06,2.264286958121159e-07,4.397792680682712e-06,5.010433722504766e-06,-12.334407806396484,-12.203988075256348,6.126410418220539e-07,0.13041973114013672
representative,specialized-mmmlu-02,5,21,510,5,4.294873338799592e-06,4.626142992495509e-06,1.2836458896002283e-06,3.7474414991981885e-06,6.848450913656175e-06,-12.494437217712402,-11.891488075256348,3.1010094144579866e-06,0.6029491424560547
representative,specialized-mmmlu-02,5,22,763,5,4.294873338799592e-06,4.301584774375236e-06,4.234030752300124e-07,3.881038418911698e-06,5.010433722504766e-06,-12.459407806396484,-12.203988075256348,1.129395303593068e-06,0.2554197311401367
representative,specialized-mmmlu-02,5,23,25561,5,4.294873338799592e-06,4.50696050564877e-06,1.284630960925322e-07,4.3895883697422795e-06,4.7068668892821275e-06,-12.336275100708008,-12.266488075256348,3.17278519539848e-07,0.06978702545166016
representative,specialized-mmmlu-02,5,24,256,5,3.7902124184837995e-06,4.253511294414588e-06,4.647851607871212e-07,3.639096575342383e-06,4.7068668892821275e-06,-12.523775100708008,-12.266488075256348,1.0677703139397445e-06,0.25728702545166016
representative,specialized-mmmlu-03,6,0,426,5,0.9090809374822958,0.9204172124719088,0.00220224487535137,0.9186255154360465,0.9234049905378492,-0.08487673103809357,-0.07968736439943314,0.004779475101802655,0.005189366638660431
representative,specialized-mmmlu-03,6,1,362,5,0.05486177900349113,0.04830570712620233,0.0014874769588782246,0.046424788292943074,0.04969410506673508,-3.0699217319488525,-3.001868963241577,0.003269316773792004,0.06805276870727539
representative,specialized-mmmlu-03,6,2,356,5,0.031259299410372816,0.026625658003697133,0.0016822339549602621,0.024814468179978653,0.02903666968165218,-3.6963284015655518,-3.5391957759857178,0.0042222015016735275,0.15713262557983398
representative,specialized-mmmlu-03,6,3,423,5,0.004574246167618654,0.004396905252828773,0.00017271233310719284,0.004245253940246462,0.004669062530589076,-5.461953639984131,-5.366796970367432,0.0004238085903426137,0.09515666961669922
representative,specialized-mmmlu-03,6,4,220,5,5.758128886678381e-05,8.567434757994794e-05,2.940785509663722e-07,8.539669457351548e-05,8.599303944604971e-05,-9.368203163146973,-9.361244201660156,5.963448725342362e-07,0.006958961486816406
representative,specialized-mmmlu-03,6,5,18531,5,2.400345237269911e-05,2.4249640730859555e-05,7.110087584833235e-07,2.2984208538003e-05,2.4637418297880788e-05,-10.680703163146973,-10.611244201660156,1.653209759877788e-06,0.0694589614868164
representative,specialized-mmmlu-03,6,6,14469,5,1.756130090454302e-05,1.8666759958584866e-05,1.0346294843203398e-06,1.7900119607673207e-05,2.0312045093332386e-05,-10.930703163146973,-10.804296493530273,2.4119254856591794e-06,0.12640666961669922
representative,specialized-mmmlu-03,6,7,10807,5,6.877104245983407e-06,6.691556177760731e-06,1.846846814458585e-07,6.5850859981727965e-06,7.0196549501821826e-06,-11.930703163146973,-11.866796493530273,4.3456895200938604e-07,0.06390666961669922
representative,specialized-mmmlu-03,6,8,264,5,5.031396948256771e-06,5.0240555478403275e-06,2.775959458222379e-07,4.817751834220915e-06,5.464046014130441e-06,-12.243203163146973,-12.117321014404297,6.462941799095264e-07,0.12588214874267578
representative,specialized-mmmlu-03,6,9,469,5,4.440192222510186e-06,4.320393385680673e-06,1.1924139242932322e-07,4.251651071121211e-06,4.532229874617384e-06,-12.368203163146973,-12.304296493530273,2.8057880349617304e-07,0.06390666961669922
representative,specialized-mmmlu-03,6,10,19921,5,4.440192222510186e-06,4.32036458718475e-06,1.1788506838050778e-07,4.251651071121211e-06,4.529853248791691e-06,-12.368203163146973,-12.304821014404297,2.7820217767047983e-07,0.06338214874267578
representative,specialized-mmmlu-03,6,11,293,5,4.171174575228868e-06,4.1101983536656725e-06,1.340592227122378e-07,3.994056554736172e-06,4.257635947889052e-06,-12.430703163146973,-12.366796493530273,2.6357939315288056e-07,0.06390666961669922
representative,specialized-mmmlu-03,6,12,40410,5,3.6810486427790916e-06,4.378854128371634e-06,2.495337613011356e-07,4.251651071121211e-06,4.8245335880721905e-06,-12.368203163146973,-12.241796493530273,5.728825169509797e-07,0.12640666961669922
representative,specialized-mmmlu-03,6,13,578,5,3.248514025515777e-06,3.3721970885892894e-06,2.699068482076413e-07,3.1322962328542183e-06,3.7573505363449164e-06,-12.673744201660156,-12.491796493530273,6.250543034906981e-07,0.1819477081298828
representative,specialized-mmmlu-03,6,14,33,5,2.6931127179700073e-06,3.201025696413625e-06,1.0440542762623498e-07,3.1105743724600076e-06,3.315850210248957e-06,-12.680703163146973,-12.616796493530273,2.0527583778894923e-07,0.06390666961669922
representative,specialized-mmmlu-03,6,15,34589,5,2.6931127179700073e-06,2.9316149617654573e-06,1.0062814649890634e-08,2.9221141983417613e-06,2.9425199977446934e-06,-12.743203163146973,-12.736244201660156,2.0405799402932107e-08,0.006958961486816406
representative,specialized-mmmlu-03,6,16,11325,5,2.3766636319197125e-06,2.255567946123002e-06,6.613411649463433e-08,2.1378644170737197e-06,2.2916368784468357e-06,-13.055703163146973,-12.986244201660156,1.5377246137311596e-07,0.0694589614868164
representative,specialized-mmmlu-03,6,17,4815,5,2.2326688617390962e-06,2.094337942649734e-06,1.1571920663002407e-07,2.008337759923169e-06,2.2777532570667193e-06,-13.118203163146973,-12.992321014404297,2.694154971435502e-07,0.12588214874267578
representative,specialized-mmmlu-03,6,18,29334,5,1.7388042578615503e-06,1.7351315773597357e-06,6.313821792575955e-08,1.6649704821175053e-06,1.7847285954497054e-06,-13.305703163146973,-13.236244201660156,1.1975811333220007e-07,0.0694589614868164
representative,specialized-mmmlu-03,6,19,320,5,1.6334554335108317e-06,1.589373309990415e-06,4.336749307827843e-08,1.5640950201000351e-06,1.6664398817541297e-06,-13.368203163146973,-13.304821014404297,1.0234486165409457e-07,0.06338214874267578
representative,specialized-mmmlu-03,6,20,452,5,1.5344893717637243e-06,1.6310720297517678e-06,9.012220873986433e-08,1.5640950201000351e-06,1.7739160202470039e-06,-13.368203163146973,-13.242321014404297,2.0982100014696872e-07,0.12588214874267578
representative,specialized-mmmlu-03,6,21,279,5,1.4415193605832866e-06,1.4741085772277448e-06,5.059900969233594e-09,1.469331293363479e-06,1.4795919736770137e-06,-13.430703163146973,-13.423744201660156,1.026068031353477e-08,0.006958961486816406
representative,specialized-mmmlu-03,6,22,328,5,1.4415193605832866e-06,1.4394160141483042e-06,7.953257006701264e-08,1.3803090105862715e-06,1.5654753933131734e-06,-13.493203163146973,-13.367321014404297,1.8516638272690183e-07,0.12588214874267578
representative,specialized-mmmlu-03,6,23,330,5,1.4415193605832866e-06,1.368047570244161e-06,3.9138819327212324e-08,1.2985055995509384e-06,1.3899480277061592e-06,-13.554296493530273,-13.486244201660156,9.144242815522074e-08,0.06805229187011719
representative,specialized-mmmlu-03,6,24,1229,5,1.4415193605832866e-06,1.4393909515369516e-06,7.897432171452053e-08,1.3822520155957869e-06,1.5654753933131734e-06,-13.491796493530273,-13.367321014404297,1.832233777173865e-07,0.12447547912597656
representative,specialized-mmmlu-04,7,0,356,5,0.89277598616813,0.8999894327255236,0.0021393771780138034,0.8967551338097826,0.9017855924006378,-0.10897243767976761,-0.10337848961353302,0.005030458590855269,0.005593948066234589
representative,specialized-mmmlu-04,7,1,426,5,0.07970402777395583,0.07439653653520346,0.0023368909871603503,0.07230832332974196,0.07820468877736639,-2.6268160343170166,-2.5484256744384766,0.005896365447624424,0.07839035987854004
representative,specialized-mmmlu-04,7,2,362,5,0.018064435596916194,0.016809419852778687,0.0005368472787906342,0.0158839132802706,0.017255782355927375,-4.142448425292969,-4.059607982635498,0.0013718690756567738,0.0828404426574707
representative,specialized-mmmlu-04,7,3,423,5,0.008803902782736905,0.008148382494163999,0.0004558125304736674,0.007388720676970495,0.008591373748449893,-4.907800674438477,-4.7569966316223145,0.0012026530714793985,0.1508040428161621
representative,specialized-mmmlu-04,7,4,220,5,0.00024206357546511985,0.0002588912624925035,3.909012824234173e-05,0.0002301415977917409,0.00032463772994595054,-8.376815795898438,-8.032800674438477,9.449613215420965e-05,0.34401512145996094
representative,specialized-mmmlu-04,7,5,18531,5,7.858653703233525e-05,7.180572408091413e-05,3.497726504541417e-06,6.76782192192244e-05,7.710821952605232e-05,-9.600746154785156,-9.470300674438477,9.430000306827923e-06,0.1304454803466797
representative,specialized-mmmlu-04,7,6,14469,5,5.073928183199822e-05,4.937980358399106e-05,3.0323276507220125e-06,4.603086421409713e-05,5.2995652586916454e-05,-9.986198425292969,-9.845300674438477,6.964788372819328e-06,0.1408977508544922
representative,specialized-mmmlu-04,7,7,11325,5,3.2759742546839164e-05,3.2238113883710945e-05,5.671059175025809e-07,3.1636519467831984e-05,3.315504068933313e-05,-10.361198425292969,-10.314315795898438,1.5185212215011485e-06,0.04688262939453125
representative,specialized-mmmlu-04,7,8,10807,5,2.551331314869596e-05,2.419393663641819e-05,9.164351123335041e-07,2.3145772088140573e-05,2.514482471148904e-05,-10.673698425292969,-10.590858459472656,1.9990526233484675e-06,0.0828399658203125
representative,specialized-mmmlu-04,7,9,2290,5,1.9869788258950384e-05,1.7937954654838648e-05,1.0694772139863547e-06,1.6933808603720594e-05,1.9582809175500876e-05,-10.986198425292969,-10.840858459472656,2.6490005717802817e-06,0.1453399658203125
representative,specialized-mmmlu-04,7,10,469,5,1.4537047634108585e-05,1.4332354168655813e-05,1.0042324092164711e-06,1.318806340095889e-05,1.5251107120617974e-05,-11.236198425292969,-11.090858459472656,2.0630437196590834e-06,0.1453399658203125
representative,specialized-mmmlu-04,7,11,272,5,1.132146408099008e-05,1.2015273174283645e-05,4.86315930951572e-07,1.1458075463546849e-05,1.2643611887480745e-05,-11.376815795898438,-11.278358459472656,1.1855364239338958e-06,0.09845733642578125
representative,specialized-mmmlu-04,7,12,19921,5,1.132146408099008e-05,1.0754825381279981e-05,8.174444384684858e-07,9.648593299680726e-06,1.1824928448889218e-05,-11.548698425292969,-11.345300674438477,2.1763351492084914e-06,0.2033977508544922
representative,specialized-mmmlu-04,7,13,34,5,7.3096866008975536e-06,7.284349586142261e-06,1.6404221157835982e-07,7.133231825434115e-06,7.51433201732886e-06,-11.850746154785156,-11.798698425292969,3.8110019189474546e-07,0.0520477294921875
representative,specialized-mmmlu-04,7,14,578,5,6.450775784156211e-06,6.592064643926005e-06,1.9092168415057936e-07,6.295054991363465e-06,6.7676377605326295e-06,-11.975746154785156,-11.903358459472656,4.7258276916916434e-07,0.0723876953125
representative,specialized-mmmlu-04,7,15,40410,5,6.450775784156211e-06,5.817085352902237e-06,1.5109273797825133e-07,5.585700687810954e-06,5.9724193614845935e-06,-12.095300674438477,-12.028358459472656,3.867186736736397e-07,0.06694221496582031
representative,specialized-mmmlu-04,7,16,4815,5,6.059943036917187e-06,6.430067099044817e-06,2.1920828001658908e-07,6.229600046040894e-06,6.7676377605326295e-06,-11.986198425292969,-11.903358459472656,5.380377144917356e-07,0.0828399658203125
representative,specialized-mmmlu-04,7,17,293,5,4.7194883825192124e-06,4.5903863628918185e-06,2.2360217452134583e-07,4.326523804963706e-06,4.929363555757811e-06,-12.350746154785156,-12.220300674438477,6.028397507941052e-07,0.1304454803466797
representative,specialized-mmmlu-04,7,18,13844,5,3.912593292022547e-06,4.151563347330756e-06,1.4153150297350332e-07,4.022132089961431e-06,4.3695153474856516e-06,-12.423698425292969,-12.340858459472656,3.473832575242202e-07,0.0828399658203125
representative,specialized-mmmlu-04,7,19,22024,5,3.6755412480023606e-06,3.6635346898161752e-06,1.167632469062795e-07,3.5495191111770685e-06,3.838992197267828e-06,-12.548698425292969,-12.470300674438477,2.894730860907595e-07,0.07839775085449219
representative,specialized-mmmlu-04,7,20,328,5,2.8625144021554874e-06,2.961242894893849e-06,4.238954502934513e-08,2.8970551689034684e-06,3.0031210518394977e-06,-12.751815795898438,-12.715858459472656,1.0606588293602926e-07,0.03595733642578125
representative,specialized-mmmlu-04,7,21,480,5,2.8625144021554874e-06,2.9255856078154517e-06,9.905097554448373e-08,2.764368263311618e-06,3.0031210518394977e-06,-12.798698425292969,-12.715858459472656,2.387527885278798e-07,0.0828399658203125
representative,specialized-mmmlu-04,7,22,320,5,2.5261600935060124e-06,2.5190423363417598e-06,1.1668742414643745e-07,2.4017430919960133e-06,2.650245026334949e-06,-12.939315795898438,-12.840858459472656,2.4850193433893585e-07,0.09845733642578125
representative,specialized-mmmlu-04,7,23,34589,5,2.5261600935060124e-06,2.3955241281102126e-06,9.073936401642626e-08,2.2917417836591154e-06,2.4896747973954954e-06,-12.986198425292969,-12.903358459472656,1.9793301373638e-07,0.0828399658203125
representative,specialized-mmmlu-04,7,24,116545,5,2.5261600935060124e-06,2.781830257626874e-06,3.9821292327287e-08,2.7215314693592184e-06,2.8211711453081697e-06,-12.814315795898438,-12.778358459472656,9.963967594895123e-08,0.03595733642578125
representative,specialized-mmmlu-05,0,0,426,5,0.4134126852281589,0.4344091284013441,0.007342358284519203,0.42675410385769535,0.44206781198309675,-0.8515473008155823,-0.8162919878959656,0.015313708125401393,0.0352553129196167
representative,specialized-mmmlu-05,0,1,423,5,0.23212300762151727,0.23120909041432985,0.0030533583803633592,0.22913187338978147,0.2363963382045958,-1.4734575748443604,-1.4422454833984375,0.007264464814814325,0.03121209144592285
representative,specialized-mmmlu-05,0,2,362,5,0.18362441275501967,0.17577921166486113,0.0038642599026174553,0.17161184374030528,0.17956944854866266,-1.7625200748443604,-1.7171932458877563,0.007957604808357388,0.045326828956604004
representative,specialized-mmmlu-05,0,3,356,5,0.17048949576722486,0.15828287945136718,0.0015181130927265517,0.1568659241420377,0.1603374702523317,-1.8523638248443604,-1.8304744958877563,0.003471546110293988,0.021889328956604004
representative,specialized-mmmlu-05,0,4,220,5,5.414908027657506e-05,4.401679063043021e-05,1.897308213932405e-06,4.160668294599015e-05,4.571936598741135e-05,-10.087249755859375,-9.992988586425781,4.1126830414211975e-06,0.09426116943359375
representative,specialized-mmmlu-05,0,5,469,5,1.9920333392094004e-05,2.029704529390321e-05,1.3109899815482527e-06,1.858836234361496e-05,2.22704525496074e-05,-10.892974853515625,-10.712249755859375,3.6820902059924387e-06,0.18072509765625
representative,specialized-mmmlu-05,0,6,480,5,1.0662586108026779e-05,1.0601958198302657e-05,7.731830749350969e-07,9.34681556913553e-06,1.1424556007827432e-05,-11.580474853515625,-11.379745483398438,2.0777404386919022e-06,0.2007293701171875
representative,specialized-mmmlu-05,0,7,11325,5,1.0016572673253855e-05,7.563911363021644e-06,5.431476814686029e-07,7.011291855170618e-06,8.248535788791577e-06,-11.867988586425781,-11.705474853515625,1.2372439336209588e-06,0.16251373291015625
representative,specialized-mmmlu-05,0,8,14469,5,8.839594358660028e-06,7.375504924019322e-06,5.120087092293832e-07,7.011291855170618e-06,8.248535788791577e-06,-11.867988586425781,-11.705474853515625,1.2372439336209588e-06,0.16251373291015625
representative,specialized-mmmlu-05,0,9,40410,5,8.839594358660028e-06,7.004667753237403e-06,1.7774392001760193e-07,6.792104279027534e-06,7.279307284466749e-06,-11.899749755859375,-11.830474853515625,4.872030054392145e-07,0.06927490234375
representative,specialized-mmmlu-05,0,10,578,5,6.4671853863442425e-06,5.807073530613091e-06,1.4735488527412008e-07,5.630852221031521e-06,6.034757699005633e-06,-12.087249755859375,-12.017974853515625,4.0390547797411237e-07,0.06927490234375
representative,specialized-mmmlu-05,0,11,18531,5,6.4671853863442425e-06,5.32290917665634e-06,2.2425362948746854e-07,5.129570700349118e-06,5.6691302133600854e-06,-12.180488586425781,-12.080474853515625,5.395595130109673e-07,0.10001373291015625
representative,specialized-mmmlu-05,0,12,264,5,6.0753584315681965e-06,6.103755909366655e-06,8.79504291240127e-08,5.994010988273375e-06,6.187443345304671e-06,-12.024749755859375,-11.992988586425781,1.9343235703129626e-07,0.03176116943359375
representative,specialized-mmmlu-05,0,13,10807,5,5.707271071889154e-06,4.530035533740656e-06,3.1618394607840633e-07,4.252563474354448e-06,5.002989853639022e-06,-12.367988586425781,-12.205474853515625,7.50426379284574e-07,0.16251373291015625
representative,specialized-mmmlu-05,0,14,358,5,5.361484997950139e-06,5.524386779516774e-06,1.6395420628983622e-07,5.325654977221011e-06,5.744627525033261e-06,-12.142974853515625,-12.067245483398438,4.189725478122497e-07,0.0757293701171875
representative,specialized-mmmlu-05,0,15,293,5,5.036649043152842e-06,4.814233048292915e-06,1.2216149059837807e-07,4.66814045140591e-06,5.002989853639022e-06,-12.274749755859375,-12.205474853515625,3.3484940223311195e-07,0.06927490234375
representative,specialized-mmmlu-05,0,16,452,5,5.036649043152842e-06,5.2566202312980895e-06,2.1415241002916875e-07,5.002989853639022e-06,5.460399587149039e-06,-12.205474853515625,-12.117988586425781,4.574097335100177e-07,0.08748626708984375
representative,specialized-mmmlu-05,0,17,435,5,4.175528714829158e-06,4.468669128455358e-06,1.9342415903594013e-07,4.147624266627848e-06,4.66814045140591e-06,-12.392974853515625,-12.274749755859375,5.205161847780614e-07,0.11822509765625
representative,specialized-mmmlu-05,0,18,272,5,3.9225462188632755e-06,3.844065174922182e-06,8.787176328461e-08,3.752874094162186e-06,3.948220908602878e-06,-12.492988586425781,-12.442245483398438,1.9534681444069202e-07,0.05074310302734375
representative,specialized-mmmlu-05,0,19,2290,5,3.9225462188632755e-06,3.188301336748006e-06,1.298900025340421e-07,3.034466736463287e-06,3.311899763888098e-06,-12.705474853515625,-12.617988586425781,2.774330274248109e-07,0.08748626708984375
representative,specialized-mmmlu-05,0,20,33,5,3.684891157489768e-06,3.704384953128147e-06,1.5388702398679877e-07,3.4842927225617767e-06,3.896332415712364e-06,-12.567245483398438,-12.455474853515625,4.1203969315058713e-07,0.1117706298828125
representative,specialized-mmmlu-05,0,21,294,5,3.684891157489768e-06,3.567111654293141e-06,1.1760908995852557e-07,3.4152845123665953e-06,3.7090102964148336e-06,-12.587249755859375,-12.504745483398438,2.937257840482383e-07,0.0825042724609375
representative,specialized-mmmlu-05,0,22,320,5,3.684891157489768e-06,3.071780934313539e-06,1.4663666754753772e-07,2.831370307622457e-06,3.2301730267357296e-06,-12.774749755859375,-12.642974853515625,3.9880271911327257e-07,0.13177490234375
representative,specialized-mmmlu-05,0,23,328,5,3.684891157489768e-06,3.5687632534279368e-06,1.7219560538698703e-07,3.438501288306115e-06,3.870024361971298e-06,-12.580474853515625,-12.462249755859375,4.315230736651828e-07,0.11822509765625
representative,specialized-mmmlu-05,0,24,507,5,3.684891157489768e-06,3.845825516654793e-06,1.5667725015392974e-07,3.6602655683837804e-06,3.994913678252028e-06,-12.517974853515625,-12.430488586425781,3.346481098682478e-07,0.08748626708984375
representative,specialized-mmmlu-06,1,0,356,5,0.6907167063914756,0.7106273241146461,0.006678303390637618,0.6989098316693558,0.7155042792351237,-0.3582335412502289,-0.3347676992416382,0.01659444756576789,0.023465842008590698
representative,specialized-mmmlu-06,1,1,423,5,0.16680597755209783,0.16217360731637806,0.0024735846749663927,0.15809908468666356,0.16388607840287828,-1.8445333242416382,-1.8085837364196777,0.005786993716214717,0.03594958782196045
representative,specialized-mmmlu-06,1,2,362,5,0.08066209051419235,0.06848489271974292,0.006814732614187324,0.06417871043656216,0.08058927508029028,-2.7460837364196777,-2.5183897018432617,0.016410564643728115,0.22769403457641602
representative,specialized-mmmlu-06,1,3,426,5,0.061364482490705106,0.05827705721875912,0.0007874252461313291,0.057529424224649184,0.05954065374942975,-2.8554587364196777,-2.8210959434509277,0.0020112295247805695,0.03436279296875
representative,specialized-mmmlu-06,1,4,220,5,6.749722498490498e-05,7.255525069505049e-05,5.2773237990081865e-06,6.842082917553e-05,7.899741191418969e-05,-9.58983325958252,-9.44609546661377,1.0576582738659697e-05,0.14373779296875
representative,specialized-mmmlu-06,1,5,10807,5,3.8458759513397796e-05,3.8813538629011316e-05,2.3446654780998018e-06,3.505488904028872e-05,4.154629535191778e-05,-10.25859546661377,-10.088702201843262,6.491406311629059e-06,0.1698932647705078
representative,specialized-mmmlu-06,1,6,11325,5,3.3939736147819394e-05,3.78371749510142e-05,1.89564642012494e-06,3.505488904028872e-05,3.924074771739233e-05,-10.25859546661377,-10.145794868469238,4.1858586771036116e-06,0.11280059814453125
representative,specialized-mmmlu-06,1,7,2052,5,2.9951712024989043e-05,2.177641165990975e-05,3.850079535631671e-06,1.9602895763940992e-05,2.855432336885629e-05,-10.83983325958252,-10.463702201843262,8.951427604915299e-06,0.3761310577392578
representative,specialized-mmmlu-06,1,8,2290,5,2.4830841408069962e-05,1.9411935556434654e-05,2.9166584042283464e-06,1.729949479336661e-05,2.367236552272093e-05,-10.96483325958252,-10.651202201843262,6.37287072935432e-06,0.3136310577392578
representative,specialized-mmmlu-06,1,9,14469,5,2.058549055620961e-05,2.079523746623545e-05,1.674898312919656e-06,1.973148709549599e-05,2.367236552272093e-05,-10.833294868469238,-10.651202201843262,3.940878427224941e-06,0.18209266662597656
representative,specialized-mmmlu-06,1,10,19921,5,2.058549055620961e-05,1.880094884489645e-05,1.2283575149780446e-06,1.7626705171724623e-05,2.0890789250651587e-05,-10.94609546661377,-10.776202201843262,3.2640840789269648e-06,0.1698932647705078
representative,specialized-mmmlu-06,1,11,18531,5,1.933827873292675e-05,1.9996893469076552e-05,8.970095181408692e-07,1.8763529984279637e-05,2.0890789250651587e-05,-10.88359546661377,-10.776202201843262,2.12725926637195e-06,0.10739326477050781
representative,specialized-mmmlu-06,1,12,11162,5,1.1729258957588851e-05,1.2437470460920436e-05,5.920152477014836e-07,1.1380656219902906e-05,1.2739605567437952e-05,-11.38359546661377,-11.270794868469238,1.3589493475350455e-06,0.11280059814453125
representative,specialized-mmmlu-06,1,13,469,5,9.723897210519446e-06,8.912352351549078e-06,1.0369140323514933e-06,8.171702719703718e-06,1.050454852396351e-05,-11.71483325958252,-11.463702201843262,2.3328458042597914e-06,0.2511310577392578
representative,specialized-mmmlu-06,1,14,9827,5,7.5729787620583944e-06,7.455577742791601e-06,4.894154502787208e-07,6.902716925020395e-06,8.18095061627435e-06,-11.88359546661377,-11.713702201843262,1.2782336912539551e-06,0.1698932647705078
representative,specialized-mmmlu-06,1,15,40410,5,7.114155173486681e-06,7.842065328732392e-06,5.721370830878728e-07,6.902716925020395e-06,8.225307561888884e-06,-11.88359546661377,-11.708294868469238,1.3225906368684885e-06,0.17530059814453125
representative,specialized-mmmlu-06,1,16,682,5,5.897841790074196e-06,4.838190055453205e-06,6.590158103838022e-07,4.402689875584696e-06,5.985311330506976e-06,-12.333294868469238,-12.026202201843262,1.58262145492228e-06,0.30709266662597656
representative,specialized-mmmlu-06,1,17,578,5,4.31495323067292e-06,3.7060995203284463e-06,3.073085118056423e-07,3.4288183227259075e-06,4.113640307683574e-06,-12.583294868469238,-12.401202201843262,6.848219849576664e-07,0.18209266662597656
representative,specialized-mmmlu-06,1,18,720,5,4.31495323067292e-06,4.6305607426377915e-06,1.466021935802604e-07,4.37399727118113e-06,4.744163337095504e-06,-12.33983325958252,-12.25859546661377,3.701660659143741e-07,0.08123779296875
representative,specialized-mmmlu-06,1,19,480,5,4.0535234303233505e-06,3.885643277765798e-06,2.8957090274491546e-08,3.86003904373082e-06,3.933049547856071e-06,-12.46483325958252,-12.44609546661377,7.301050412525157e-08,0.01873779296875
representative,specialized-mmmlu-06,1,20,3146,5,4.0535234303233505e-06,3.7945554333091857e-06,2.1861257678194148e-07,3.6261711006507694e-06,4.113640307683574e-06,-12.52733325958252,-12.401202201843262,4.874692070328045e-07,0.1261310577392578
representative,specialized-mmmlu-06,1,21,4815,5,4.0535234303233505e-06,4.1893071396784704e-06,1.0967694233525746e-07,4.10899017325805e-06,4.378947313510323e-06,-12.40233325958252,-12.338702201843262,2.699571402522726e-07,0.06363105773925781
representative,specialized-mmmlu-06,1,22,272,5,2.965621093925967e-06,2.8427973505249153e-06,2.1185459813636743e-08,2.8240648927377173e-06,2.877480518633025e-06,-12.77733325958252,-12.75859546661377,5.3415625895307495e-08,0.01873779296875
representative,specialized-mmmlu-06,1,23,22024,5,2.965621093925967e-06,3.0666229349518007e-06,1.3756086491407826e-07,2.877480518633025e-06,3.203706292898062e-06,-12.75859546661377,-12.651202201843262,3.262257742650371e-07,0.10739326477050781
representative,specialized-mmmlu-06,1,24,264,5,2.785943194989243e-06,2.5444317370411272e-06,1.6624011220537533e-07,2.3855151369436177e-06,2.8272608802733163e-06,-12.94609546661377,-12.776202201843262,4.4174574332969864e-07,0.1698932647705078
representative,structured-structeval-01,4,0,220,5,0.21275094879401477,0.18514143404805833,0.004900596504660708,0.1815005064805019,0.19081653150171576,-1.7064968347549438,-1.6564428806304932,0.00931602502121387,0.050053954124450684
representative,structured-structeval-01,4,1,578,5,0.19986102042305837,0.20974681988154806,0.002560179249307022,0.2063218644765758,0.21242770370568848,-1.5783178806304932,-1.5491535663604736,0.006105839229112675,0.02916431427001953
representative,structured-structeval-01,4,2,1115,5,0.07585867789611944,0.07912201813513568,0.0015273369799144933,0.07709684804544985,0.08054037113023617,-2.562692880630493,-2.5189967155456543,0.0034435230847863207,0.04369616508483887
representative,structured-structeval-01,4,3,30379,5,0.07238485612008669,0.07362858415407877,0.0009488217601559895,0.07218821113678134,0.07448766665579161,-2.628478527069092,-2.5971217155456543,0.002299455519010271,0.0313568115234375
representative,structured-structeval-01,4,4,320,5,0.037260530687792885,0.03855741700319569,0.00045875451633678324,0.03786869943163801,0.038946778622333415,-3.273630380630493,-3.2455592155456543,0.0010780791906954065,0.028071165084838867
representative,structured-structeval-01,4,5,3277,5,0.03527756141644585,0.03692416770442599,0.0013398589421579287,0.0354576579892715,0.03834296478652566,-3.339416027069092,-3.2611842155456543,0.0028853067972541557,0.0782318115234375
representative,structured-structeval-01,4,6,21194,5,0.03212058519389446,0.03211935062688292,0.000682469425393571,0.03139425449644948,0.033089854096192306,-3.461130380630493,-3.4085285663604736,0.0016955995997428239,0.05260181427001953
representative,structured-structeval-01,4,7,2612,5,0.028346316942816478,0.022352871898074316,0.00046682775797487195,0.021700856126920798,0.022717454811509778,-3.8304035663604736,-3.7846217155456543,0.0010165986845889798,0.045781850814819336
representative,structured-structeval-01,4,8,5560,5,0.026421672671612342,0.028341455728013,0.0003055356788904187,0.027922627966843402,0.02874896344831259,-3.578317880630493,-3.5491535663604736,0.0008263354814691884,0.02916431427001953
representative,structured-structeval-01,4,9,2758,5,0.02462770694951748,0.026170623794915436,0.00028146942115260824,0.02594137675079579,0.02664395773733966,-3.651916027069092,-3.625192880630493,0.0007025809865438722,0.026723146438598633
representative,structured-structeval-01,4,10,4815,5,0.024057206732494726,0.02214245415394068,0.0003370001820319513,0.021674831569570997,0.022612433239637134,-3.831603527069092,-3.789255380630493,0.0009376016700661377,0.04234814643859863
representative,structured-structeval-01,4,11,720,5,0.021396922598969845,0.02025616419848062,0.000345974051198309,0.01973515872526146,0.02052351010528906,-3.925353527069092,-3.8861842155456543,0.0007883513800275993,0.0391693115234375
representative,structured-structeval-01,4,12,12179,5,0.020258199150002744,0.022177784326100198,0.00038974858921069606,0.021576934531045002,0.0225653199591364,-3.836130380630493,-3.7913410663604736,0.000988385428091397,0.04478931427001953
representative,structured-structeval-01,4,13,30834,5,0.014477882034165784,0.0160613530837042,0.00026085937469458987,0.015797509696050496,0.01638066950712109,-4.147902965545654,-4.1116533279418945,0.0005831598110705924,0.036249637603759766
representative,structured-structeval-01,4,14,23212,5,0.01067532077560898,0.011934954168620063,0.00011326769825239475,0.011784401520158416,0.012103566203853184,-4.440978527069092,-4.414255142211914,0.0003191646836947677,0.026723384857177734
representative,structured-structeval-01,4,15,3234,5,0.010509815267476854,0.010467137018888888,0.00012281529438173432,0.010340044662239561,0.010617549029975823,-4.571731090545654,-4.5452470779418945,0.0002775043677362612,0.026484012603759766
representative,structured-structeval-01,4,16,32739,5,0.010226330931423383,0.010557946707867239,0.00016572143518681193,0.010278537690603504,0.010681359685128023,-4.577697277069092,-4.539255142211914,0.0004028219945245194,0.038442134857177734
representative,structured-structeval-01,4,17,7557,5,0.00956929569722775,0.009696854673910581,0.0002042836795643426,0.00939534404225157,0.009885828959361886,-4.667541027069092,-4.616652965545654,0.0004904849171103159,0.0508880615234375
representative,structured-structeval-01,4,18,7429,5,0.009166823802061762,0.009714630041761596,0.00011642637419457565,0.0096181482054576,0.009917306743169197,-4.644103527069092,-4.613473892211914,0.0002991585377115965,0.030629634857177734
representative,structured-structeval-01,4,19,198,5,0.00888479028354706,0.010113413034022248,0.0008541944241116608,0.009341451886903097,0.011414750091725975,-4.673293590545654,-4.472848892211914,0.0020732982048228786,0.20044469833374023
representative,structured-structeval-01,4,20,2638,5,0.006294110125560654,0.007227991204829957,0.0002208970563114176,0.006859462205878924,0.00741948585901183,-4.982126235961914,-4.9036455154418945,0.000560023653132906,0.07848072052001953
representative,structured-structeval-01,4,21,271,5,0.006202583246275933,0.006910453533527665,0.0007114197623234585,0.006228828360179818,0.00792222429535866,-5.078567028045654,-4.838083267211914,0.0016933959351788418,0.24048376083374023
representative,structured-structeval-01,4,22,30538,5,0.0048851320978323485,0.005010423773538247,0.0002999893586921971,0.004719664371862975,0.005333004702737561,-5.356017589569092,-5.233840465545654,0.0006133403308745868,0.1221771240234375
representative,structured-structeval-01,4,23,7181,5,0.004221541023778795,0.004113630567120122,6.634754030102172e-05,0.004009440686494277,0.004166573047427085,-5.519103527069092,-5.480661392211914,0.00015713236093280788,0.038442134857177734
representative,structured-structeval-01,4,24,32175,5,0.0038213006841644895,0.004227435075465025,4.7420855451690845e-05,0.004152904636854076,0.004260154547744505,-5.483947277069092,-5.458449840545654,0.00010724991089042842,0.0254974365234375
representative,structured-structeval-02,5,0,220,5,0.3455446966979094,0.3745254346443436,0.006587741378050888,0.3654937988355186,0.38159662461073934,-1.0065059661865234,-0.9633911848068237,0.016102825775220764,0.04311478137969971
representative,structured-structeval-02,5,1,2612,5,0.1606932073952113,0.14285010951718077,0.007370160863475163,0.13033984412150684,0.14999835281394783,-2.0376100540161133,-1.8971309661865234,0.019658508692440985,0.14047908782958984
representative,structured-structeval-02,5,2,4815,5,0.08584504579550778,0.07594675546106897,0.005715986413672243,0.07196078242075002,0.08580099153641484,-2.631633996963501,-2.4557247161865234,0.013840209115664817,0.17590928077697754
representative,structured-structeval-02,5,3,720,5,0.07908416206572493,0.08036473560966369,0.0012935670424892548,0.07938840772851374,0.0825260478452913,-2.533402919769287,-2.4946413040161133,0.003137640116777557,0.03876161575317383
representative,structured-structeval-02,5,4,578,5,0.04324999003600261,0.041975387252770745,0.0009755356445004281,0.0402927353242337,0.04268870167580204,-3.2115840911865234,-3.1538209915161133,0.0023959663515683433,0.057763099670410156
representative,structured-structeval-02,5,5,5560,5,0.0292644071045169,0.029830861821625927,0.00043551399123255773,0.029078507074912597,0.030132440811767337,-3.5377559661865234,-3.502152919769287,0.0010539337368547404,0.03560304641723633
representative,structured-structeval-02,5,6,40665,5,0.021243681351657846,0.020734581880052443,0.0001375267682607658,0.020619749142870153,0.020953822945358667,-3.8815059661865234,-3.865434169769287,0.00033407380248851384,0.016071796417236328
representative,structured-structeval-02,5,7,2355,5,0.016415840693169915,0.01539930433909326,0.0012479890736882793,0.01442120431611722,0.017363569644814062,-4.239055633544922,-4.053380966186523,0.002942365328696843,0.18567466735839844
representative,structured-structeval-02,5,8,2360,5,0.014946793041895208,0.015196390976659004,0.00034699660087097415,0.014736270161729783,0.015471693761499693,-4.217443466186523,-4.168743133544922,0.0007354235997699098,0.04870033264160156
representative,structured-structeval-02,5,9,9442,5,0.013715948290464285,0.01349800836611536,0.0004470506030179633,0.012855078856002098,0.01390383719470434,-4.354016304016113,-4.275590419769287,0.001048758338702242,0.07842588424682617
representative,structured-structeval-02,5,10,23212,5,0.011640574125434214,0.01150535634949939,0.00017320676185385392,0.01138730698589688,0.011800033367393702,-4.475255966186523,-4.439652919769287,0.0004127263814968224,0.03560304641723633
representative,structured-structeval-02,5,11,1442,5,0.009426824208487467,0.009116891967943195,0.00021245304973395974,0.00888464624037761,0.00929404909227215,-4.723430633544922,-4.678380966186523,0.0004094028518945407,0.04504966735839844
representative,structured-structeval-02,5,12,30834,5,0.00831914316519967,0.00821020049508156,0.00016264109446073566,0.008107596607653996,0.008499245197106283,-4.814953804016113,-4.767777919769287,0.000391648589452287,0.04717588424682617
representative,structured-structeval-02,5,13,30379,5,0.007634074891852513,0.00854921582344562,0.0005283631777696877,0.0077654686799976174,0.009189875226794922,-4.858068466186523,-4.689652919769287,0.001424406546797304,0.16841554641723633
representative,structured-structeval-02,5,14,3234,5,0.006428535582075302,0.005952298103209301,0.000196212585100526,0.0057942379970236085,0.006239729379653479,-5.150891304016113,-5.076818466186523,0.0004454913826298706,0.07407283782958984
representative,structured-structeval-02,5,15,19124,5,0.005853248255979791,0.004775276618041018,0.0008491628489328134,0.004196809716890588,0.006239729379653479,-5.473430633544922,-5.076818466186523,0.0020429196627628913,0.39661216735839844
representative,structured-structeval-02,5,16,9062,5,0.005762502052920226,0.005879053700915414,0.0002143715035206777,0.005506541850510294,0.006011652357413046,-5.201818466186523,-5.114055633544922,0.000505110506902752,0.08776283264160156
representative,structured-structeval-02,5,17,7429,5,0.005673162739336313,0.005353398829336295,0.0002131845721911127,0.0051420387533099,0.005615968035180926,-5.270305633544922,-5.182141304016113,0.0004739292818710253,0.0881643295288086
representative,structured-structeval-02,5,18,2052,5,0.005498617871557612,0.00528392159837643,7.02639591084792e-05,0.00522301408113847,0.005360406754370452,-5.254680633544922,-5.228715419769287,0.00013739267323198238,0.025965213775634766
representative,structured-structeval-02,5,19,5321,5,0.005329443184799215,0.005212381022988239,0.0003621453667880477,0.004565083534552019,0.0053888103454895996,-5.389318466186523,-5.223430633544922,0.0008237268109375804,0.16588783264160156
representative,structured-structeval-02,5,20,198,5,0.0046303004804509554,0.004524964005255518,0.00024842770696399907,0.004092114433177946,0.0047291192257608765,-5.498693466186523,-5.354016304016113,0.0006370047925829308,0.14467716217041016
representative,structured-structeval-02,5,21,45863,5,0.0032833746972306286,0.002830684182236515,0.00013691197736551386,0.0027096640094086666,0.003041001228869522,-5.910930633544922,-5.795568466186523,0.00033133721946085543,0.11536216735839844
representative,structured-structeval-02,5,22,1115,5,0.003084445080689694,0.0031756723137116366,8.592722612340554e-05,0.003041001228869522,0.0032512510450563668,-5.795568466186523,-5.728715419769287,0.0002102498161868447,0.06685304641723633
representative,structured-structeval-02,5,23,271,5,0.0029431980568099766,0.0024602706819785063,0.000139207379857419,0.0022598802220699797,0.0026116676795394896,-6.092443466186523,-5.947766304016113,0.00035178745746950986,0.14467716217041016
representative,structured-structeval-02,5,24,1789,5,0.0021199060349775816,0.0020630856492971613,4.945403494917666e-05,0.00201365130838631,0.0021229610010063574,-6.207805633544922,-6.154943466186523,0.0001093096926200474,0.05286216735839844
representative,structured-structeval-03,6,0,578,5,0.25303245005711966,0.23681887943453614,0.004150957255988167,0.23378744886874353,0.24136602528322507,-1.4533429145812988,-1.4214407205581665,0.007578576414481536,0.031902194023132324
representative,structured-structeval-03,6,1,220,5,0.12723270614007479,0.1546826722057451,0.011676446080582438,0.14189176638608955,0.16320994275218217,-1.9526907205581665,-1.8127179145812988,0.021318176366092623,0.13997280597686768
representative,structured-structeval-03,6,2,3234,5,0.09455131865016866,0.09088096304182813,0.0019845269151184913,0.08943166949864609,0.09305490335660122,-2.414280414581299,-2.374565601348877,0.003623233857955127,0.039714813232421875
representative,structured-structeval-03,6,3,5560,5,0.07421418033854527,0.08107789854042108,0.0013545377591048374,0.07959407676911265,0.0820671130546267,-2.530815601348877,-2.500217914581299,0.0024730362855140547,0.030597686767578125
representative,structured-structeval-03,6,4,2052,5,0.05429625422514429,0.05002345217384195,0.00019604055880880698,0.04980870050135095,0.050166619955502624,-2.999565601348877,-2.992405414581299,0.0003579194541516728,0.007160186767578125
representative,structured-structeval-03,6,5,2360,5,0.035193502996253324,0.034487979421454526,1.2322898792027566e-05,0.034478980048598194,0.03450147848073902,-3.367405414581299,-3.366753101348877,2.2498432140825864e-05,0.000652313232421875
representative,structured-structeval-03,6,6,720,5,0.02646188092068271,0.027693331742657663,0.0004626620101919019,0.027186510903692084,0.02803121230196805,-3.605034351348877,-3.574436664581299,0.0008447013982759675,0.030597686767578125
representative,structured-structeval-03,6,7,9442,5,0.024377827047588303,0.022869071379442864,0.000382064918513836,0.02245054023084006,0.023148092145178063,-3.796440601348877,-3.765842914581299,0.0006975519143380023,0.030597686767578125
representative,structured-structeval-03,6,8,4815,5,0.02068919310243776,0.02218967283421053,0.0001981491134603172,0.022044965181954708,0.022406734312594264,-3.814671039581299,-3.798393726348877,0.0003617691306395561,0.016277313232421875
representative,structured-structeval-03,6,9,7429,5,0.018837724688361916,0.01794505368664768,0.0008092528092192728,0.01735405899553592,0.018831545723315322,-4.053928852081299,-3.972221851348877,0.0014774867277794028,0.08170700073242188
representative,structured-structeval-03,6,10,4718,5,0.016721927240566408,0.016256991478028966,0.0010428102551096326,0.015495430544800615,0.01739933287787149,-4.167210102081299,-4.051323413848877,0.0019039023330708754,0.11588668823242188
representative,structured-structeval-03,6,11,87477,5,0.016097032352974477,0.014921644520198039,0.0010753318866194815,0.014136333145389934,0.016099611582410193,-4.259006977081299,-4.128960132598877,0.001963278437020259,0.13004684448242188
representative,structured-structeval-03,6,12,8442,5,0.013273423929188543,0.012535882202503073,0.0008112641640628205,0.011647186836997515,0.013128345779506778,-4.452690601348877,-4.332981586456299,0.0014811589425092631,0.11970901489257812
representative,structured-structeval-03,6,13,9062,5,0.013234593852789155,0.012858074572588502,0.00023018808594490594,0.012605916158306574,0.013026180182109784,-4.373589038848877,-4.340794086456299,0.00042026402380320946,0.032794952392578125
representative,structured-structeval-03,6,14,11728,5,0.011009429320947759,0.009299239974318228,0.0009123792146779801,0.008632932405147589,0.010298701328074183,-4.752171039581299,-4.575737476348877,0.0016657689229265943,0.17643356323242188
representative,structured-structeval-03,6,15,23212,5,0.006510143451888848,0.005849093479459834,0.00024155870537025272,0.005672683943602459,0.006113707783245898,-5.172092914581299,-5.097221851348877,0.00044102383964343943,0.07487106323242188
representative,structured-structeval-03,6,16,30834,5,0.006409213032778661,0.006143757995894302,0.0002404070695079689,0.005968189495956665,0.006407110745800755,-5.121311664581299,-5.050346851348877,0.00043892124984408996,0.07096481323242188
representative,structured-structeval-03,6,17,82406,5,0.006212022278208,0.006269884365398515,0.000878198628603925,0.005628538766923219,0.007231902763111457,-5.179905414581299,-4.929253101348877,0.0016033639961882378,0.2506523132324219
representative,structured-structeval-03,6,18,3494,5,0.005835654874636923,0.006249329011120938,0.00021033046609637246,0.00601892352949782,0.00640293266553635,-5.112846851348877,-5.050999164581299,0.00038400913603852966,0.061847686767578125
representative,structured-structeval-03,6,19,7557,5,0.005503546714549038,0.005636362505692927,0.00039232273733848136,0.005349850488276313,0.006066130531817849,-5.230686664581299,-5.105034351348877,0.0007162800435415355,0.12565231323242188
representative,structured-structeval-03,6,20,271,5,0.005355097931520356,0.0050549503897856975,6.68555360001306e-05,0.005006126009570538,0.005128186960108439,-5.297092914581299,-5.273003101348877,0.00012206095053790122,0.024089813232421875
representative,structured-structeval-03,6,21,9842,5,0.005050338352804125,0.004686046055465252,0.0003671868463285027,0.0044178906973941804,0.00508827909257186,-5.422092914581299,-5.280815601348877,0.0006703883951776797,0.14127731323242188
representative,structured-structeval-03,6,22,15392,5,0.004781564248446108,0.004741841449729421,0.0001035454694717692,0.004666222530586554,0.004855269828443722,-5.367405414581299,-5.327690601348877,0.0001890472978571681,0.039714813232421875
representative,structured-structeval-03,6,23,198,5,0.004491863915672173,0.004330672764897708,7.235091051917622e-05,0.004251416313402927,0.004383510399227563,-5.460503101348877,-5.429905414581299,0.00013209408582463573,0.030597686767578125
representative,structured-structeval-03,6,24,2612,5,0.004319783311392474,0.004055142548691592,1.448942850612165e-06,0.004054084390446504,0.004056729786059224,-5.508030414581299,-5.507378101348877,2.6453956127204387e-06,0.000652313232421875
representative,structured-structeval-04,7,0,578,5,0.26453826394717783,0.27200516921843854,0.002819988941787891,0.2685380366609159,0.2756721159616703,-1.3147627115249634,-1.2885431051254272,0.007134079300754381,0.026219606399536133
representative,structured-structeval-04,7,1,30379,5,0.26453826394717783,0.27375288195406905,0.006111382409117887,0.26873363855620286,0.2828365677242812,-1.3140345811843872,-1.2628860473632812,0.014102929168078315,0.05114853382110596
representative,structured-structeval-04,7,2,5560,5,0.12792234575660227,0.12033818765398689,0.0023378752704355447,0.11640263664922798,0.1226005772164717,-2.150700092315674,-2.0988235473632812,0.006197940567243723,0.05187654495239258
representative,structured-structeval-04,7,3,3234,5,0.03456458683474844,0.035839759855253485,0.0014133119231445768,0.03401171993258077,0.03726799366141665,-3.3810501098632812,-3.2896203994750977,0.0032562737288358776,0.0914297103881836
representative,structured-structeval-04,7,4,220,5,0.03074237991934114,0.028103862832365288,0.0011548876364738169,0.026307898876971245,0.02951034068271753,-3.6378860473632812,-3.523014545440674,0.003202441805746286,0.11487150192260742
representative,structured-structeval-04,7,5,2360,5,0.020004448144338022,0.018349808566300755,0.0005193116750448628,0.017524838747927856,0.0187212326769091,-4.044136047363281,-3.9780969619750977,0.001196393928981243,0.0660390853881836
representative,structured-structeval-04,7,6,1115,5,0.014692852403191969,0.013962092441645377,0.0002199155916207375,0.013750353969354891,0.014231996247063783,-4.286690711975098,-4.252262592315674,0.0004816422777088915,0.03442811965942383
representative,structured-structeval-04,7,7,2052,5,0.01025726407125284,0.009849077946192882,0.00029364419537908826,0.009581527774135587,0.010331321328015144,-4.647918224334717,-4.572575092315674,0.0007497935538795571,0.07534313201904297
representative,structured-structeval-04,7,8,320,5,0.01009823993157201,0.009575542781461218,0.0002669255598676342,0.00933357101118035,0.009865396359320041,-4.674137592315674,-4.618721961975098,0.0005318253481396903,0.05541563034057617
representative,structured-structeval-04,7,9,23212,5,0.009864314455508859,0.010352164595160411,0.00021013659662433114,0.009985352124748265,0.010523249575779834,-4.606636047363281,-4.554168224334717,0.0005378974510315687,0.05246782302856445
representative,structured-structeval-04,7,10,15392,5,0.008773502894304426,0.009309330132044097,0.00022825458737216344,0.009124000114824608,0.009602819292091171,-4.696846961975098,-4.645698547363281,0.00047881917726656266,0.051148414611816406
representative,structured-structeval-04,7,11,30834,5,0.008773502894304426,0.008595000453926811,0.0001286583192145499,0.008408509523793599,0.00870618172986928,-4.778511047363281,-4.743721961975098,0.0002976722060756814,0.034789085388183594
representative,structured-structeval-04,7,12,198,5,0.008503570587934245,0.00873172436162545,0.0002175342700579076,0.008474458281350057,0.009046407220380972,-4.770698547363281,-4.705387592315674,0.0005719489390309147,0.06531095504760742
representative,structured-structeval-04,7,13,4815,5,0.0078033150082092925,0.007685465523910295,0.0003256498966526169,0.007136209347201154,0.007921298834742916,-4.942573547363281,-4.838200092315674,0.0007850894875417614,0.10437345504760742
representative,structured-structeval-04,7,14,720,5,0.007216886624494563,0.0071283603507996144,0.0002462928604431058,0.006703848279732391,0.007274287113663083,-5.005073547363281,-4.923409461975098,0.0005704388339306922,0.0816640853881836
representative,structured-structeval-04,7,15,9442,5,0.00657105004850728,0.006805166173916471,0.0003287827373356105,0.006248673689938693,0.007050480827685259,-5.075386047363281,-4.954659461975098,0.0008018071377465666,0.1207265853881836
representative,structured-structeval-04,7,16,21883,5,0.006221345143983677,0.006694405203935216,0.00014137902082316585,0.006447027885207339,0.00679432058183519,-5.044136047363281,-4.991668224334717,0.0003472926966278508,0.05246782302856445
representative,structured-structeval-04,7,17,271,5,0.0060772278389462425,0.00624046630201731,0.00016353750413113146,0.006009290760113134,0.006414863288818468,-5.114448547363281,-5.049137592315674,0.00040557252870533373,0.06531095504760742
representative,structured-structeval-04,7,18,7557,5,0.0056645992153184985,0.004906667088012435,0.00016332919674873198,0.004743200195592493,0.005078270835875557,-5.351043224334717,-5.282784461975098,0.00033507064028306423,0.06825876235961914
representative,structured-structeval-04,7,19,2758,5,0.005038198836302984,0.00485906383445041,6.29427278185144e-05,0.0047537402612805564,0.00491844629369545,-5.348823547363281,-5.314762592315674,0.0001647060324148934,0.03406095504760742
representative,structured-structeval-04,7,20,11004,5,0.004998991261901705,0.0050776270358484366,0.00014099534815852465,0.004828600777611998,0.005168846526571299,-5.333198547363281,-5.265105724334717,0.00034024574895930113,0.06809282302856445
representative,structured-structeval-04,7,21,7429,5,0.004309399832677451,0.0042043615891094645,0.00016751223892049925,0.003910320076400551,0.004309872481448322,-5.544136047363281,-5.446846961975098,0.00039955240504777143,0.0972890853881836
representative,structured-structeval-04,7,22,2638,5,0.004176813538477782,0.003997533842804284,9.220605372918277e-05,0.0038908112625334187,0.00413012111256341,-5.549137592315674,-5.489448547363281,0.0002393098500299909,0.05968904495239258
representative,structured-structeval-04,7,23,4718,5,0.004048306495703404,0.004079669346786716,9.856919964518638e-05,0.003910320076400551,0.004144763859526704,-5.544136047363281,-5.485909461975098,0.0002344437831261533,0.058226585388183594
representative,structured-structeval-04,7,24,63297,5,0.0039545275767359335,0.003682510079352506,0.00017770300750672905,0.0034902411002941396,0.003849696182767059,-5.657784461975098,-5.559761047363281,0.0003594550824729194,0.0980234146118164
representative,structured-structeval-05,0,0,220,5,0.6120812738328888,0.6285358670656539,0.011689412168175824,0.6199991274276735,0.6413409765226245,-0.4780372083187103,-0.4441940188407898,0.02134184909495096,0.03384318947792053
representative,structured-structeval-05,0,1,2612,5,0.25515342080904274,0.23488943147424077,0.005671007602715651,0.22867715389865945,0.23903094985796164,-1.4754440784454346,-1.4311622381210327,0.010353795959302192,0.044281840324401855
representative,structured-structeval-05,0,2,30834,5,0.015323157602363843,0.016653668860188865,0.0004020714043959912,0.01621322170435793,0.016947300297409484,-4.1219282150268555,-4.077646732330322,0.0007340785930515549,0.0442814826965332
representative,structured-structeval-05,0,3,4815,5,0.01428275339198118,0.014136131887107686,7.058883749407238e-05,0.014058805689900547,0.01418768268524578,-4.2645063400268555,-4.255381107330322,0.0001288769953452333,0.009125232696533203
representative,structured-structeval-05,0,4,5560,5,0.013004594952434693,0.013567167233675237,0.0009257120173863886,0.012553100526322959,0.014243211705243423,-4.3777875900268555,-4.251474857330322,0.0016901111789204646,0.1263127326965332
representative,structured-structeval-05,0,5,578,5,0.009664194361395706,0.0106382659248687,0.0006816048594696754,0.00989160521119534,0.011136039733984273,-4.6160688400268555,-4.497568607330322,0.0012444345227889328,0.1185002326965332
representative,structured-structeval-05,0,6,198,5,0.006539121000805671,0.005947665803078531,0.00024409696260335026,0.005680270977805831,0.006125929019926998,-5.1707563400268555,-5.095224857330322,0.0004456580421211666,0.0755314826965332
representative,structured-structeval-05,0,7,30379,5,0.005506491961984704,0.005786634148693156,0.0003345505056691548,0.005420152431533643,0.006030955293466163,-5.2176313400268555,-5.110849857330322,0.0006108028619325198,0.1067814826965332
representative,structured-structeval-05,0,8,3676,5,0.004565042175511642,0.0038316954898874747,4.365282231161e-05,0.0037838762189298073,0.0038635750038592525,-5.5770063400268555,-5.556162357330322,7.969878492944523e-05,0.020843982696533203
representative,structured-structeval-05,0,9,23212,5,0.00406023256052081,0.0037289291840933185,0.00018437138189894185,0.0035269604544444187,0.0038635750038592525,-5.6473188400268555,-5.556162357330322,0.0003366145494148338,0.0911564826965332
representative,structured-structeval-05,0,10,720,5,0.0038743009746341024,0.0040486022859095566,0.0001320129509498367,0.00390398934367346,0.004145010914066955,-5.5457563400268555,-5.485849857330322,0.00024102157039349514,0.0599064826965332
representative,structured-structeval-05,0,11,40665,5,0.0036395689448422562,0.004036069271364377,0.000283771967667731,0.003725212655605892,0.004243307015203368,-5.5926313400268555,-5.462412357330322,0.0005180943595974761,0.1302189826965332
representative,structured-structeval-05,0,12,5321,5,0.0035275911805091147,0.0037379104942622957,0.00034000910946432937,0.0033654491762405824,0.003986218039610104,-5.6941938400268555,-5.524912357330322,0.0006207688633695215,0.1692814826965332
representative,structured-structeval-05,0,13,271,5,0.003162112297585622,0.003287576571973024,2.34346578097388e-05,0.003261905190553407,0.0033046908262527688,-5.7254438400268555,-5.712412357330322,4.2785635699361686e-05,0.013031482696533203
representative,structured-structeval-05,0,14,9442,5,0.003017308632899346,0.002921395288220289,0.00011989639970174645,0.0027900553628596846,0.003008955238460692,-5.8816938400268555,-5.806162357330322,0.00021889987560100733,0.0755314826965332
representative,structured-structeval-05,0,15,2360,5,0.002242273379779291,0.0025936319921578536,8.457067125469464e-05,0.0025009894634587535,0.0026553936779572535,-5.9910688400268555,-5.931162357330322,0.00015440421449850004,0.0599064826965332
representative,structured-structeval-05,0,16,4718,5,0.0019787993124031162,0.0020593102783999276,0.00010181954739363256,0.00194777255259501,0.002133668762269873,-6.2410688400268555,-6.149912357330322,0.00018589620967486304,0.0911564826965332
representative,structured-structeval-05,0,17,3234,5,0.0016925567455431463,0.0016547022949242463,8.181430477358693e-05,0.001565079214422054,0.001714451015259041,-6.4598188400268555,-6.368662357330322,0.00014937180083698714,0.0911564826965332
representative,structured-structeval-05,0,18,7429,5,0.0015900099163162957,0.0015651935731764964,0.00016798286981978684,0.0013811775590269943,0.001687870915942831,-6.5848188400268555,-6.384287357330322,0.00030669335691583676,0.2005314826965332
representative,structured-structeval-05,0,19,6914,5,0.0013181645188217908,0.0013953525934637411,0.00016109221108845961,0.0012188849177606747,0.0015129977105991187,-6.7098188400268555,-6.493662357330322,0.000294112792838444,0.2161564826965332
representative,structured-structeval-05,0,20,9062,5,0.0012977282721670018,0.0014267971227653869,0.0001180350160668508,0.001297496241014789,0.0015129977105991187,-6.6473188400268555,-6.493662357330322,0.00021550146958432964,0.1536564826965332
representative,structured-structeval-05,0,21,2758,5,0.0009202271409174237,0.0009186327422091812,1.3052812633858283e-06,0.0009176794995533875,0.0009200626061928716,-6.993662357330322,-6.9910688400268555,2.383106639484143e-06,0.002593517303466797
representative,structured-structeval-05,0,22,1115,5,0.0008510709791668206,0.0009264863691710914,6.898342848358307e-05,0.0008509188094220858,0.0009768647423370953,-7.0691938400268555,-6.931162357330322,0.0001259459329150095,0.1380314826965332
representative,structured-structeval-05,0,23,567,5,0.0007055626233675991,0.0006467917247259349,4.8158194411779205e-05,0.0005940370659098335,0.0006819614972700025,-7.4285688400268555,-7.290537357330322,8.792443136016901e-05,0.1380314826965332
representative,structured-structeval-05,0,24,7557,5,0.0006732525584760709,0.0007186457801482655,4.1548040357779174e-05,0.0006731321823000842,0.0007489881787137197,-7.3035688400268555,-7.196787357330322,7.585599641363552e-05,0.1067814826965332
representative,structured-structeval-06,1,0,2612,5,0.29885755344649145,0.27351232938117265,0.0003416677728732165,0.2733595309079995,0.274123523273865,-1.2969673871994019,-1.294176459312439,0.0007639923658654957,0.0027909278869628906
representative,structured-structeval-06,1,1,220,5,0.2439204262050789,0.28308531227952205,0.0023443347847560436,0.2820368938913757,0.28727898583210754,-1.2657173871994019,-1.247301459312439,0.00524209194073183,0.01841592788696289
representative,structured-structeval-06,1,2,4815,5,0.07556302301660632,0.0864699194476509,0.0004943899911829147,0.08558552774550647,0.08669101737318699,-2.4582390785217285,-2.4454050064086914,0.0011054896276805198,0.01283407211303711
representative,structured-structeval-06,1,3,720,5,0.04859695137325279,0.05171371223962391,0.00011595934268544382,0.05150627786132723,0.051765570834198076,-2.9660515785217285,-2.9610300064086914,0.0002592929728708476,0.005021572113037109
representative,structured-structeval-06,1,4,2360,5,0.044944832803478454,0.03982704064634632,0.0014440866137980103,0.03724377997926645,0.040472855813116285,-3.2902703285217285,-3.2071237564086914,0.0032290758338498343,0.08314657211303711
representative,structured-structeval-06,1,5,578,5,0.04028828774322355,0.03638846367466653,0.0005596231577337161,0.03613819259017139,0.037389548012647066,-3.3204050064086914,-3.2863640785217285,0.001251355422475675,0.03404092788696289
representative,structured-structeval-06,1,6,3234,5,0.023893342472413804,0.020992418167874838,5.620974180923681e-05,0.020891867124928305,0.02101755592861147,-3.8683953285217285,-3.8623971939086914,0.00012568880368316396,0.005998134613037109
representative,structured-structeval-06,1,7,198,5,0.01545685739290325,0.015533307891895012,4.355049440801963e-06,0.015525517342619009,0.015535255529214014,-4.1652703285217285,-4.164643287658691,9.738186595005527e-06,0.0006270408630371094
representative,structured-structeval-06,1,8,30379,5,0.01433719825786243,0.013326236203431086,0.0003382517794896103,0.012721153025471854,0.013477506997920892,-4.3644890785217285,-4.306733131408691,0.0007563539724490375,0.05775594711303711
representative,structured-structeval-06,1,9,9442,5,0.0135477002757549,0.01321904396271395,4.954114519916912e-06,0.01321682841534698,0.013227906152181834,-4.326264381408691,-4.3254265785217285,1.107773683485351e-05,0.0008378028869628906
representative,structured-structeval-06,1,10,9062,5,0.010971262031635811,0.009862095997585104,4.691482855654476e-05,0.009841115048424068,0.00994601979422925,-4.621186256408691,-4.6105828285217285,0.00010490474580518265,0.01060342788696289
representative,structured-structeval-06,1,11,23212,5,0.009606758023346647,0.009029007228006872,8.285255632059368e-05,0.00888079606957289,0.009066060017615368,-4.7238640785217285,-4.703217506408691,0.0001852639480424776,0.02064657211303711
representative,structured-structeval-06,1,12,5560,5,0.008747052719527897,0.008017806039126604,3.192651823867452e-05,0.007960694147073353,0.008032084012139916,-4.8332390785217285,-4.824311256408691,7.138986506656335e-05,0.00892782211303711
representative,structured-structeval-06,1,13,30834,5,0.008511115895757695,0.007681940519321084,0.00016249853440530404,0.007391254303981606,0.0077546120731559545,-4.9074578285217285,-4.859467506408691,0.00036335776917434826,0.04799032211303711
representative,structured-structeval-06,1,14,271,5,0.007840807382917045,0.0075210100589812616,0.00012067302855083501,0.007305143583068909,0.007574976677959349,-4.9191765785217285,-4.882905006408691,0.00026983309489043983,0.03627157211303711
representative,structured-structeval-06,1,15,40665,5,0.005826793281600076,0.005641558646254629,7.11891212721171e-05,0.005514211674716286,0.005673395389139216,-5.2004265785217285,-5.171967506408691,0.0001591837144229299,0.02845907211303711
representative,structured-structeval-06,1,16,4718,5,0.005264069051246063,0.00478792863708648,6.041742251745889e-05,0.004679850666066989,0.004814948129841353,-5.3644890785217285,-5.336030006408691,0.00013509746377436422,0.02845907211303711
representative,structured-structeval-06,1,17,2052,5,0.004330105088472237,0.0036880504069164246,8.269835648138712e-06,0.0036732568751788332,0.0036917487898508222,-5.6066765785217285,-5.601655006408691,1.849191467198901e-05,0.005021572113037109
representative,structured-structeval-06,1,18,5321,5,0.003646314062896789,0.003587052276271212,0.00010612658947206641,0.0033972072616474088,0.0036345135299271627,-5.6848015785217285,-5.617280006408691,0.00023730626827975394,0.06752157211303711
representative,structured-structeval-06,1,19,1035,5,0.0033200067351132558,0.002762474379452349,4.2484471155727736e-05,0.0027434747463538816,0.0028384729118462178,-5.898530006408691,-5.8644890785217285,9.49981654923362e-05,0.03404092788696289
representative,structured-structeval-06,1,20,7429,5,0.003217860866357068,0.00287674394996962,3.5935882698102924e-06,0.0028751368484387315,0.002883172356093173,-5.851655006408691,-5.8488640785217285,8.035507654441474e-06,0.0027909278869628906
representative,structured-structeval-06,1,21,320,5,0.0028844718383604414,0.0024954597316701895,5.595650701725315e-06,0.002485449927392268,0.00249796218273967,-5.9973015785217285,-5.992280006408691,1.251225534740219e-05,0.005021572113037109
representative,structured-structeval-06,1,22,2355,5,0.002646940147586052,0.0033687285322862347,4.250896588250046e-05,0.003292686182393042,0.0033877391197595324,-5.7160515785217285,-5.687592506408691,9.50529373664904e-05,0.02845907211303711
representative,structured-structeval-06,1,23,2684,5,0.0024672195086914545,0.0021152890034001745,6.297545151219581e-05,0.0020871255253011724,0.0022279429157961842,-6.171967506408691,-6.1066765785217285,0.00014081739049501187,0.06529092788696289
representative,structured-structeval-06,1,24,35106,5,0.0024672195086914545,0.0019253525645932176,1.100816380440251e-05,0.0019056605625339404,0.0019302755651080371,-6.2629265785217285,-6.250092506408691,2.461500257409672e-05,0.01283407211303711
representative,structured-structeval-07,2,0,2612,5,0.7997702718387071,0.795122146707443,0.006131720358401428,0.7919129536422763,0.8060235623415873,-0.23330380022525787,-0.2156423032283783,0.014110608699311022,0.017661496996879578
representative,structured-structeval-07,2,1,3081,5,0.14290163943567089,0.1540561316130614,0.0038210647113154487,0.1473623022887574,0.15691174552773282,-1.9148610830307007,-1.852071762084961,0.009549443238975414,0.06278932094573975
representative,structured-structeval-07,2,2,220,5,0.019866048028974775,0.016519287527446067,0.0019252355588648307,0.01365338978560071,0.018051003074683717,-4.29376745223999,-4.014554023742676,0.004397613289083007,0.27921342849731445
representative,structured-structeval-07,2,3,5244,5,0.004868384442658075,0.005351836397463373,0.00019220081040793418,0.005022801404422668,0.005473718741542477,-5.29376745223999,-5.207797050476074,0.00045091733711980983,0.08597040176391602
representative,structured-structeval-07,2,4,74694,5,0.0026058584113567897,0.0014173620680307405,8.044985382845054e-06,0.001405767235044714,0.001424952892443014,-6.567172050476074,-6.553616523742676,1.918565739829998e-05,0.013555526733398438
representative,structured-structeval-07,2,5,271,5,0.001531905132487433,0.0010593360016237165,8.265185814651382e-05,0.0009147200898333958,0.0011097544284744826,-6.99689245223999,-6.803616523742676,0.00019503433864108681,0.19327592849731445
representative,structured-structeval-07,2,6,4815,5,0.0010862834003544206,0.000732468704481234,5.5950876931585064e-05,0.0006486336709005535,0.0008058957735078991,-7.34064245223999,-7.123556137084961,0.0001572621026073456,0.2170863151550293
representative,structured-structeval-07,2,7,5207,5,0.0009291474306247718,0.0008953995072371872,7.725616329213408e-05,0.0007583295894564767,0.0009421876144981258,-7.18439245223999,-6.967306137084961,0.00018385802504164916,0.2170863151550293
representative,structured-structeval-07,2,8,1379,5,0.0007236207465593561,0.0008297744043844922,6.0460389152652926e-05,0.0007524529783952248,0.0009147200898333958,-7.192172050476074,-6.99689245223999,0.00016226711143817098,0.19527959823608398
representative,structured-structeval-07,2,9,198,5,0.0007013572767219116,0.00040017414285716685,3.99562712399871e-05,0.0003471885852717468,0.0004345860784201027,-7.96564245223999,-7.741116523742676,8.739749314835588e-05,0.22452592849731445
representative,structured-structeval-07,2,10,323,5,0.0006797787818406987,0.0009224849561127228,6.327801105327975e-05,0.0008865771113097142,0.0010347906563853697,-7.02814245223999,-6.873556137084961,0.00014821354507565552,0.1545863151550293
representative,structured-structeval-07,2,11,6087,5,0.0006385930674845843,0.0008763581435577586,3.034472536070815e-05,0.0008328621195557825,0.0009076315438072318,-7.09064245223999,-7.004672050476074,7.476942425144932e-05,0.08597040176391602
representative,structured-structeval-07,2,12,9442,5,0.0006385930674845843,0.0006262145466292191,4.3403034162496804e-05,0.0005724172054818142,0.0006893191841667824,-7.46564245223999,-7.279806137084961,0.00011690197868496823,0.1858363151550293
representative,structured-structeval-07,2,13,1875,5,0.0005294122476128618,0.00041268236503314926,3.78844049168372e-05,0.0003471885852717468,0.00044505791549575977,-7.96564245223999,-7.717306137084961,9.786933022401295e-05,0.2483363151550293
representative,structured-structeval-07,2,14,3638,5,0.0004672046687086994,0.00040535084559443406,4.1310540350894e-05,0.00033650671547620116,0.00044505791549575977,-7.99689245223999,-7.717306137084961,0.00010855120001955861,0.2795863151550293
representative,structured-structeval-07,2,15,13188,5,0.0004672046687086994,0.00021521718038696366,1.6791704718878602e-05,0.00018583674673188752,0.00022546028737267448,-8.590641975402832,-8.397366523742676,3.9623540640786964e-05,0.19327545166015625
representative,structured-structeval-07,2,16,720,5,0.00045283029221498153,0.0002867101098177004,1.946669816412708e-05,0.00025400871629744937,0.0003058835337612942,-8.278141975402832,-8.092306137084961,5.187481746384481e-05,0.1858358383178711
representative,structured-structeval-07,2,17,1988,5,0.00043889816879239457,0.0004336141372651869,3.882025312371767e-05,0.0004027590561091969,0.0004896143819792425,-7.817172050476074,-7.62189245223999,8.685532587004557e-05,0.19527959823608398
representative,structured-structeval-07,2,18,2082,5,0.0004123066730084893,0.0003145720939459759,1.5143398352715222e-05,0.00029647248680051314,0.00033389898512537787,-8.123556137084961,-8.004672050476074,3.7426498324864734e-05,0.11888408660888672
representative,structured-structeval-07,2,19,12281,5,0.0004123066730084893,0.00046261984622317004,7.338543975795618e-05,0.00033650671547620116,0.0005080826007294088,-7.99689245223999,-7.584866523742676,0.00017157588525320764,0.41202592849731445
representative,structured-structeval-07,2,20,1432,5,0.0003638593618449514,0.00022568500607092354,2.7227208620446786e-05,0.00018011915111950852,0.0002535863562600304,-8.621891975402832,-8.279806137084961,7.346720514052189e-05,0.3420858383178711
representative,structured-structeval-07,2,21,1580,5,0.0003638593618449514,0.0005613238414535601,6.363261866545847e-05,0.0005012417439127885,0.0006486336709005535,-7.598422050476074,-7.34064245223999,0.00014739192698776495,0.257779598236084
representative,structured-structeval-07,2,22,304,5,0.0003526645861754807,0.0003432226610722535,1.316258180938629e-05,0.00032615364778615076,0.0003576140816998414,-8.028141975402832,-7.936056137084961,3.146043391369065e-05,0.0920858383178711
representative,structured-structeval-07,2,23,311,5,0.0003526645861754807,0.00030089610712370773,7.209829407865573e-06,0.00029647248680051314,0.00031366906828694243,-8.123556137084961,-8.067172050476074,1.7196581486429296e-05,0.05638408660888672
representative,structured-structeval-07,2,24,19884,5,0.00031122540495113983,0.00019053592859733502,2.1988078261757176e-05,0.0001540640742686511,0.00020528392773254018,-8.778141975402832,-8.491116523742676,5.121985346388908e-05,0.28702545166015625
representative,structured-structeval-08,3,0,2612,5,0.4864105924503225,0.4664872366954656,0.009188533685941159,0.45050816559052426,0.47419154425476595,-0.7973790764808655,-0.7461439371109009,0.023683378664241694,0.0512351393699646
representative,structured-structeval-08,3,1,220,5,0.23338235278063402,0.256155166507953,0.010883175505643708,0.24554426563090437,0.2732470311683407,-1.404278039932251,-1.2973790168762207,0.027702765537436336,0.10689902305603027
representative,structured-structeval-08,3,2,3081,5,0.10396812457138861,0.09977525392678747,0.0009311107473236318,0.09909152991890072,0.10135636884989944,-2.311711311340332,-2.2891125679016113,0.0022648389309987277,0.022598743438720703
representative,structured-structeval-08,3,3,5244,5,0.017856464645191413,0.01795320313039428,0.0006453333841544419,0.017264588774419738,0.019008447565159473,-4.059097766876221,-3.962871789932251,0.001743858790739735,0.09622597694396973
representative,structured-structeval-08,3,4,74694,5,0.011001048733428545,0.013141403842497474,0.0008922876872872801,0.012440863039628295,0.014538241347973314,-4.386768817901611,-4.230972766876221,0.0020973783083450184,0.15579605102539062
representative,structured-structeval-08,3,5,12281,5,0.006517905667240012,0.005239741330493569,0.00035660205785677305,0.004927103362370925,0.005695842148773246,-5.313004016876221,-5.168018817901611,0.0007687387864023206,0.14498519897460938
representative,structured-structeval-08,3,6,271,5,0.0053197595643248,0.0049138990624441065,8.472078298649545e-05,0.004796379972948851,0.004978058608942833,-5.339893817901611,-5.302715301513672,0.00018167863599398253,0.03717851638793945
representative,structured-structeval-08,3,7,4815,5,0.0044102355805439395,0.0040117575265802225,0.00012849050482150175,0.003897659567524822,0.004191945631997809,-5.547379016876221,-5.474590301513672,0.0002942860644729868,0.07278871536254883
representative,structured-structeval-08,3,8,13188,5,0.0044102355805439395,0.004662336845952188,0.000193507958876852,0.004457024841949341,0.004850715705011543,-5.413273811340332,-5.328629016876221,0.0003936908630622019,0.08464479446411133
representative,structured-structeval-08,3,9,1580,5,0.0034346949236569923,0.0038057080190576583,0.00017096116712737958,0.0036377176568487056,0.004038956881882625,-5.616398811340332,-5.511768817901611,0.0004012392250339193,0.1046299934387207
representative,structured-structeval-08,3,10,1379,5,0.0028923031071999817,0.0034636823832898942,0.00010741114030222735,0.003333844898517426,0.003585561108656086,-5.703629016876221,-5.630840301513672,0.00025171621013865986,0.07278871536254883
representative,structured-structeval-08,3,11,5207,5,0.0028474621037780537,0.0031847787591175744,0.00014254555864080402,0.003001497891059092,0.003333844898517426,-5.808643817901611,-5.703629016876221,0.00033234700745833406,0.10501480102539062
representative,structured-structeval-08,3,12,1875,5,0.0027598549048936183,0.0026061261744290995,7.057227541285681e-05,0.002539536204341791,0.0027065235201652236,-5.975773811340332,-5.912090301513672,0.00016698731582343246,0.06368350982666016
representative,structured-structeval-08,3,13,3638,5,0.002592643749126908,0.0027315400877551506,8.856704803340486e-05,0.00266141109144567,0.002836412295879537,-5.928898811340332,-5.865215301513672,0.00017500120443386712,0.06368350982666016
representative,structured-structeval-08,3,14,311,5,0.0023240308365861965,0.001186983968857801,6.978778505926785e-05,0.0011342835998681639,0.001298604176792871,-6.781754016876221,-6.646465301513672,0.00016432057692470714,0.13528871536254883
representative,structured-structeval-08,3,15,6087,5,0.0021832249262704034,0.0020914007040130967,0.00015363281335013446,0.0019294813999226296,0.002279121308028423,-6.250504016876221,-6.083965301513672,0.00034963990810579337,0.16653871536254883
representative,structured-structeval-08,3,16,7316,5,0.002116054156878441,0.0016166817368850786,7.827218002734988e-05,0.0015503818603510033,0.0017102019467915576,-6.469254016876221,-6.371143817901611,0.00015982008644055434,0.09811019897460938
representative,structured-structeval-08,3,17,14196,5,0.001987848916592363,0.0022495042071684185,0.00020241733164575655,0.0020628973208386275,0.002556147550868335,-6.183643817901611,-5.969254016876221,0.0004932502300297073,0.21438980102539062
representative,structured-structeval-08,3,18,9442,5,0.001957030175690243,0.0019310329873885445,6.625985197503542e-05,0.001820500495990149,0.00197779278457957,-6.308643817901611,-6.225773811340332,0.0001572922885894211,0.0828700065612793
representative,structured-structeval-08,3,19,19884,5,0.0018968186871520622,0.0022287228775366603,3.6427560243461474e-05,0.0022063872902567403,0.002291315855903004,-6.116398811340332,-6.078629016876221,8.492856564626351e-05,0.03776979446411133
representative,structured-structeval-08,3,20,323,5,0.0018674112391464817,0.0015194211471426188,9.064913713733589e-05,0.0014469841120163124,0.0016674407692189076,-6.538273811340332,-6.396465301513672,0.00022045665720259525,0.14180850982666016
representative,structured-structeval-08,3,21,14500,5,0.0017818962524993548,0.001409232020462146,7.421080065494516e-05,0.0013469951032297482,0.0014946842454350876,-6.609879016876221,-6.505840301513672,0.0001476891422053394,0.10403871536254883
representative,structured-structeval-08,3,22,1988,5,0.0014543413353636223,0.0015511811152607484,3.4031290042262384e-05,0.0015026816251814544,0.0015910830970974727,-6.500504016876221,-6.443340301513672,8.84014719160183e-05,0.05716371536254883
representative,structured-structeval-08,3,23,78191,5,0.001431793862855174,0.0013542318391315568,9.323321405586112e-05,0.0012318122525411498,0.0014469841120163124,-6.699268817901611,-6.538273811340332,0.0002151718594751626,0.1609950065612793
representative,structured-structeval-08,3,24,198,5,0.0013241928548318532,0.0011710795506816416,3.467471314761735e-05,0.0011215778192135962,0.0012074386069010627,-6.793018817901611,-6.719254016876221,8.586078768746657e-05,0.07376480102539062
representative,structured-structeval-09,4,0,2612,5,0.5607663336402587,0.5790441551731107,0.052161774202885224,0.5219154901813251,0.6188532760300587,-0.6502496004104614,-0.47988706827163696,0.09693778584873358,0.17036253213882446
representative,structured-structeval-09,4,1,3081,5,0.19684750856302485,0.2182931934678168,0.012165855351055898,0.208857271109555,0.23159859485761128,-1.5661041736602783,-1.4627496004104614,0.02274132374805629,0.1033545732498169
representative,structured-structeval-09,4,2,220,5,0.07005118826833259,0.04964240023968155,0.002045454525718922,0.04607230546347619,0.05098313314221567,-3.077543258666992,-2.9762604236602783,0.004910827678739481,0.10128283500671387
representative,structured-structeval-09,4,3,74694,5,0.01760823380307244,0.01608805762638841,0.003361079271806487,0.013460281937439394,0.019768075693688082,-4.308012008666992,-3.923686981201172,0.006307793756248688,0.3843250274658203
representative,structured-structeval-09,4,4,7275,5,0.009498929636018021,0.00879183583017222,0.006703019235549305,0.003840327286167315,0.0161342331584133,-5.562197685241699,-4.126811981201172,0.012293905872245986,1.4353857040405273
representative,structured-structeval-09,4,5,15425,5,0.008648873855614284,0.006906575134743871,0.004987965400403277,0.0032221723350841654,0.012370545669763188,-5.737699508666992,-4.392436981201172,0.009148373334679022,1.3452625274658203
representative,structured-structeval-09,4,6,4815,5,0.00812486507859001,0.006890823979485164,0.002368001692456411,0.0051490167304213035,0.009484826372916153,-5.268949508666992,-4.658061981201172,0.004335809642494849,0.6108875274658203
representative,structured-structeval-09,4,7,198,5,0.007998900721021532,0.008947016845327109,0.0031294215918245306,0.006532616771622564,0.012370545669763188,-5.030947685241699,-4.392436981201172,0.0058379288981406235,0.6385107040405273
representative,structured-structeval-09,4,8,271,5,0.006229550145241995,0.006124239085278035,0.0007440430582555705,0.005567414540453761,0.006939247212270746,-5.190824508666992,-4.970561981201172,0.0013718326718169848,0.2202625274658203
representative,structured-structeval-09,4,9,5244,5,0.004851578531297049,0.0029712416926868587,0.0001654100752044526,0.0028037093204864097,0.0031343837811903985,-5.876811981201172,-5.765322685241699,0.00033067446070398883,0.11148929595947266
representative,structured-structeval-09,4,10,720,5,0.004417412521794892,0.004751902791647017,0.0015212670309428555,0.003607653618104601,0.006417754548882457,-5.624697685241699,-5.048686981201172,0.002810100930777856,0.5760107040405273
representative,structured-structeval-09,4,11,12281,5,0.0038379145086594167,0.0031541182687875487,0.00019771249738304722,0.002938262140139925,0.003324455064549077,-5.829936981201172,-5.706449508666992,0.00038619292440915214,0.12348747253417969
representative,structured-structeval-09,4,12,5207,5,0.0037784131593065584,0.003598653653419579,0.0002688222902131834,0.0033890769349537607,0.0038925649004074307,-5.687197685241699,-5.548686981201172,0.0005034879654536701,0.13851070404052734
representative,structured-structeval-09,4,13,14196,5,0.0037784131593065584,0.004042289876754416,0.0008033328136875471,0.0033768076141151276,0.004920663099682668,-5.690824508666992,-5.314311981201172,0.0015438554855675404,0.3765125274658203
representative,structured-structeval-09,4,14,1875,5,0.0029426311272352486,0.002330247554801477,0.0006839133287120196,0.0018074748673650664,0.0030792722844327756,-6.315824508666992,-5.783061981201172,0.0012717974170677092,0.5327625274658203
representative,structured-structeval-09,4,15,1432,5,0.0025566022283696863,0.0023944164338723746,0.0004965610810668288,0.0020237102695850654,0.002938262140139925,-6.202822685241699,-5.829936981201172,0.0009145518705548595,0.37288570404052734
representative,structured-structeval-09,4,16,256,5,0.002401705529748524,0.002106641115082796,0.0007179277340642244,0.0015460151820263128,0.0028927086079556423,-6.472074508666992,-5.845561981201172,0.0013466934259293295,0.6265125274658203
representative,structured-structeval-09,4,17,12885,5,0.002221214508882719,0.0013141013063701324,0.0007323511736689607,0.0007773852535453223,0.002116350827568832,-7.159574508666992,-6.158061981201172,0.0013389655740235096,1.0015125274658203
representative,structured-structeval-09,4,18,9442,5,0.0020866379249552453,0.0016891283151751232,0.00042071432407458643,0.001369310863226332,0.0021496785036685773,-6.593447685241699,-6.142436981201172,0.0007803676404422452,0.45101070404052734
representative,structured-structeval-09,4,19,54605,5,0.001929824608506783,0.0018484132770666233,0.0015990326888256931,0.0006649328441376874,0.003600034028508867,-7.315824508666992,-5.626811981201172,0.0029351011843711796,1.6890125274658203
representative,structured-structeval-09,4,20,311,5,0.0017847959988929255,0.0007770209280261898,0.0003748804060421927,0.0004882428242257767,0.001187165220713747,-7.624697685241699,-6.736186981201172,0.0006989223964879703,0.8885107040405273
representative,structured-structeval-09,4,21,75834,5,0.001650666461409153,0.0010684479779036944,0.0003735368300735343,0.0007773852535453223,0.0014774509884188326,-7.159574508666992,-6.517436981201172,0.0007000657348735103,0.6421375274658203
representative,structured-structeval-09,4,22,19124,5,0.0015998807934332147,0.0012946909617225332,8.689081130191583e-05,0.001204037834402373,0.0013879367581873328,-6.722074508666992,-6.579936981201172,0.00018389892378495982,0.1421375274658203
representative,structured-structeval-09,4,23,61173,5,0.001368450560911992,0.0011207963912914164,0.0003255822354848496,0.0008808928974918446,0.0014774509884188326,-7.034574508666992,-6.517436981201172,0.000596558090926988,0.5171375274658203
representative,structured-structeval-09,4,24,80183,5,0.0013472347014359086,0.0009171868289115119,4.113221171125098e-05,0.0008537906722632592,0.0009539140535420518,-7.065824508666992,-6.954936981201172,0.00010012338127879264,0.11088752746582031
representative,structured-structeval-10,5,0,2612,5,0.8283570640338936,0.8228485250617542,0.008327897934313648,0.8091510356075136,0.8310397987032146,-0.2117696851491928,-0.18507759273052216,0.02188876309570109,0.026692092418670654
representative,structured-structeval-10,5,1,3081,5,0.10167565856968847,0.10325058286881847,0.005104780948486517,0.0971182267651368,0.10735408568289555,-2.3318262100219727,-2.2316226959228516,0.010235858917758744,0.1002035140991211
representative,structured-structeval-10,5,2,220,5,0.022598458115570035,0.02719620669404388,0.004544911300777358,0.024666090793628557,0.03527495415671721,-3.7023258209228516,-3.3445820808410645,0.010608863363088656,0.3577437400817871
representative,structured-structeval-10,5,3,5244,5,0.0034386163924381694,0.0038156777724056615,0.0002273282271579485,0.003559259835054526,0.004180206712817522,-5.638202667236328,-5.4773945808410645,0.0006209468777629958,0.16080808639526367
representative,structured-structeval-10,5,4,1875,5,0.0022201376067284982,0.0016678214516597577,0.00032479473480304566,0.0014024798036469288,0.002149815864299831,-6.569513320922852,-6.142373085021973,0.0007473360606529023,0.4271402359008789
representative,structured-structeval-10,5,5,74694,5,0.0017839306837023545,0.002244535415147714,0.00015862222475311252,0.0020195651055669043,0.002457416753847875,-6.204873085021973,-6.0086445808410645,0.00043785164828097096,0.1962285041809082
representative,structured-structeval-10,5,6,9442,5,0.0015743133027929475,0.001473538316533202,0.00013040091024294327,0.0013784858658423865,0.0016483209998136576,-6.5867695808410645,-6.407998085021973,0.0002698351339712711,0.1787714958190918
representative,structured-structeval-10,5,7,1379,5,0.0014334285742514017,0.0015540991732344608,0.00014073644308923666,0.0014469992915633547,0.0017700108882864325,-6.538263320922852,-6.3367695808410645,0.00032301159672307785,0.2014937400817871
representative,structured-structeval-10,5,8,1988,5,0.0011339353339861668,0.001243475947463424,0.00014332337060436466,0.0010686836011349543,0.0014673905658858083,-6.841327667236328,-6.5242695808410645,0.00039870696475085405,0.31705808639526367
representative,structured-structeval-10,5,9,2247,5,0.0010652336651323666,0.0008254739534921084,0.0001906382174288031,0.000662484550137595,0.0010980185024142529,-7.319513320922852,-6.814248085021973,0.0004355339522766579,0.5052652359008789
representative,structured-structeval-10,5,10,7275,5,0.0010652336651323666,0.000946800632941601,0.00010251334854724507,0.0008360939416139234,0.0011153097778130617,-7.0867695808410645,-6.798623085021973,0.00027921583619913823,0.2881464958190918
representative,structured-structeval-10,5,11,4815,5,0.0010324598707293344,0.0009202092859112038,9.289762038726247e-05,0.0008244753437306127,0.001031492924378839,-7.100763320922852,-6.876748085021973,0.00020701758064822632,0.2240152359008789
representative,structured-structeval-10,5,12,5207,5,0.0010324598707293344,0.0009709936200341867,6.0683920925372156e-05,0.000905509018569519,0.001031492924378839,-7.007013320922852,-6.876748085021973,0.0001259839058093201,0.1302652359008789
representative,structured-structeval-10,5,13,12281,5,0.001000694419974021,0.0009347572846217543,0.0001297896758345654,0.0008066847041328881,0.0011428049217834593,-7.122577667236328,-6.7742695808410645,0.00033612021765057126,0.34830808639526367
representative,structured-structeval-10,5,14,7316,5,0.0009400654100081496,0.0008214325286311321,7.254005824959505e-05,0.0007578101486342589,0.0009102893108022519,-7.185077667236328,-7.001748085021973,0.00015247916216799297,0.18332958221435547
representative,structured-structeval-10,5,15,271,5,0.0009111426379615294,0.0009535350721743918,7.213725124202355e-05,0.000905509018569519,0.0010735658717709142,-7.007013320922852,-6.8367695808410645,0.00016805685320139525,0.1702437400817871
representative,structured-structeval-10,5,16,6087,5,0.0008040805558138072,0.000761739551380659,6.228846192642811e-05,0.0007052111327401606,0.0008551376695071114,-7.257013320922852,-7.064248085021973,0.00014992653676695075,0.1927652359008789
representative,structured-structeval-10,5,17,15425,5,0.0007321236774526882,0.0006450146742634164,7.308714699500937e-05,0.0005569586371540101,0.0007546563446234352,-7.4930195808410645,-7.189248085021973,0.0001976977074694251,0.3037714958190918
representative,structured-structeval-10,5,18,1038,5,0.0005882779015654838,0.000672715661850829,5.9364202435471194e-05,0.0005720251109783144,0.0007151490461495143,-7.466327667236328,-7.2430195808410645,0.0001431239351711999,0.22330808639526367
representative,structured-structeval-10,5,19,1432,5,0.0005701784933052702,0.0005850985517558639,3.317841024265532e-05,0.0005373678615103567,0.0006311168181132743,-7.528827667236328,-7.3680195808410645,9.374895660291759e-05,0.16080808639526367
representative,structured-structeval-10,5,20,323,5,0.0005356331247462768,0.00046563755801868733,4.8413906236818835e-05,0.0004185025113416721,0.0005398228213583176,-7.778827667236328,-7.5242695808410645,0.00012132031001664556,0.25455808639526367
representative,structured-structeval-10,5,21,198,5,0.000519153425990505,0.0005777513586984818,3.102190575976156e-05,0.0005373678615103567,0.0006116993949523474,-7.528827667236328,-7.3992695808410645,7.433153344199063e-05,0.12955808639526367
representative,structured-structeval-10,5,22,12885,5,0.0005031807542622525,0.0005077030537235176,4.451550499555634e-05,0.00044752883756434187,0.0005521183762102483,-7.7117695808410645,-7.501748085021973,0.0001045895386459064,0.2100214958190918
representative,structured-structeval-10,5,23,3638,5,0.0004726945735102975,0.00048197492184837225,6.769829820902652e-05,0.00042773217357758314,0.0005928793830968863,-7.757013320922852,-7.4305195808410645,0.00016514720951930315,0.3264937400817871
representative,structured-structeval-10,5,24,9388,5,0.00043039330694924206,0.0002999711851910708,7.851339518837921e-05,0.00022894853425266983,0.00040393843306405934,-8.382013320922852,-7.814248085021973,0.0001749898988113895,0.5677652359008789
representative,tool-atlas-01,2,0,5324,5,0.351950019086184,0.3590335961249381,0.019592447862374608,0.3271324072178608,0.37284700893874834,-1.1173902750015259,-0.9865871071815491,0.04571460172088754,0.1308031678199768
representative,tool-atlas-01,2,1,341,5,0.09472605127998705,0.09594574986600865,0.011120970674624527,0.08521386094214109,0.11483428891190266,-2.4625911712646484,-2.1642651557922363,0.029620427969761567,0.2983260154724121
representative,tool-atlas-01,2,2,3805,5,0.08165896040812054,0.10375753097603901,0.0037145344793965644,0.10134090427525864,0.11027492961441061,-2.2892651557922363,-2.2047786712646484,0.008934025339151969,0.08448648452758789
representative,tool-atlas-01,2,3,578,5,0.08134060229203498,0.0781765860606833,0.005283830122867512,0.07399375749019704,0.08588220153684704,-2.6037745475769043,-2.4547786712646484,0.011888444046650001,0.14899587631225586
representative,tool-atlas-01,2,4,720,5,0.049528663127785165,0.04482529093571672,0.0022853048308972934,0.04128729116837711,0.04768342595171279,-3.1872005462646484,-3.0431714057922363,0.006396134783335686,0.1440291404724121
representative,tool-atlas-01,2,5,314,5,0.03093188085547424,0.031351567652208465,0.002271881747178825,0.02871781389275121,0.033027485422816076,-3.5502376556396484,-3.4104151725769043,0.0043096715300648646,0.13982248306274414
representative,tool-atlas-01,2,6,5473,5,0.017454243595545572,0.020206167768228523,0.0016163191553361864,0.017473363282001452,0.02179940896472144,-4.047077655792236,-3.8258724212646484,0.004326045682719989,0.2212052345275879
representative,tool-atlas-01,2,7,362,5,0.016851278934489428,0.014534179125414739,0.0010734119938275598,0.013687468844938232,0.016073876197354755,-4.291274547576904,-4.130559921264648,0.002386407352416523,0.16071462631225586
representative,tool-atlas-01,2,8,5560,5,0.012328659036211779,0.01069563185301917,0.00020737294977051933,0.010352625128859545,0.010888836955367225,-4.570515155792236,-4.520017147064209,0.00053621182650768,0.050498008728027344
representative,tool-atlas-01,2,9,320,5,0.012185025807826828,0.009888448790655317,0.0005927894089152574,0.009486328034037986,0.010934551335888507,-4.657903671264648,-4.515827655792236,0.0014482233018505205,0.1420760154724121
representative,tool-atlas-01,2,10,21517,5,0.01149157381510381,0.011123438490344742,0.000913753270225132,0.010412877188318105,0.012228360165011944,-4.564712047576904,-4.403997421264648,0.0018154829766938389,0.16071462631225586
representative,tool-atlas-01,2,11,5507,5,0.011051338535640337,0.009937413684599211,0.00012215610473087472,0.009725391280461699,0.010013966127677049,-4.633015155792236,-4.603774547576904,0.00028857484721534973,0.02924060821533203
representative,tool-atlas-01,2,12,220,5,0.009752772027116375,0.009034199721279678,0.00013104436058560722,0.008906605846853944,0.009194464403734256,-4.720962047576904,-4.689153671264648,0.00028785855688031117,0.03180837631225586
representative,tool-atlas-01,2,13,62853,5,0.009601569311622085,0.00876650901290853,0.0007426984509166547,0.008173160951421439,0.009711289820430987,-4.806899547576904,-4.634466171264648,0.001538128869009548,0.17243337631225586
representative,tool-atlas-01,2,14,8442,5,0.006969991847211338,0.005407056777283639,0.0004049435773913563,0.004696072906866137,0.0057172625930319385,-5.361028671264648,-5.164265155792236,0.0010211896861658017,0.1967635154724121
representative,tool-atlas-01,2,15,7290,5,0.006755547742346393,0.005959455056091072,0.00033291671643494874,0.005705785906987611,0.006328432803961092,-5.166274547576904,-5.062702655792236,0.0006226468969734809,0.10357189178466797
representative,tool-atlas-01,2,16,2355,5,0.006599055647446274,0.005519472067605799,0.0007101428670503076,0.004309358735234024,0.006181834815952124,-5.446966171264648,-5.086140155792236,0.0018724760807181003,0.3608260154724121
representative,tool-atlas-01,2,17,510,5,0.006346249795620287,0.005798121508219444,0.0004125125833285557,0.005573611518811956,0.006529318825287918,-5.189712047576904,-5.031452655792236,0.0009557073064759619,0.15825939178466797
representative,tool-atlas-01,2,18,13782,5,0.005733358903617668,0.005447227132810626,0.0003934788144744752,0.005195177188128396,0.006124833716388228,-5.260024547576904,-5.095403671264648,0.0009296565282598318,0.16462087631225586
representative,tool-atlas-01,2,19,366,5,0.005344078123653717,0.004488281148552356,0.00016663015222011232,0.004365250744265708,0.004776951698956169,-5.434079647064209,-5.343952655792236,0.00041170095469046045,0.09012699127197266
representative,tool-atlas-01,2,20,4823,5,0.004161972227496279,0.004817721836978461,0.0004028770351596555,0.0045581991541568155,0.005533326145665826,-5.390827655792236,-5.196966171264648,0.0009751269915090101,0.1938614845275879
representative,tool-atlas-01,2,21,55375,5,0.004033921803856933,0.0038672999846451083,0.0003563008556673577,0.003572583872194068,0.004487530826428451,-5.634466171264648,-5.406452655792236,0.0009149469542343827,0.2280135154724121
representative,tool-atlas-01,2,22,81605,5,0.004033921803856933,0.003991452178489221,0.00012816015649578334,0.0038910079275424336,0.004144269794620803,-5.549087047576904,-5.486028671264648,0.00025326186707836946,0.06305837631225586
representative,tool-atlas-01,2,23,2057,5,0.00397138164305558,0.003276138333567618,0.0003573491312725094,0.0030303200209070916,0.00386849337783978,-5.799087047576904,-5.554890155792236,0.0008381733569326885,0.24419689178466797
representative,tool-atlas-01,2,24,5018,5,0.0034503961656525564,0.0031914405183484118,6.447361626175349e-05,0.0031039146579240153,0.0032575980299861793,-5.775091171264648,-5.726765155792236,0.000153683372062164,0.04832601547241211
representative,tool-atlas-02,3,0,5324,5,0.35212724266210793,0.34997446555372896,0.011158676413116934,0.3429768521823971,0.3695773207248426,-1.0700923204421997,-0.995395302772522,0.02660046854244552,0.07469701766967773
representative,tool-atlas-02,3,1,453,5,0.12954037325177714,0.11189767674680282,0.004738879522399182,0.10343284850444313,0.11439861998254365,-2.2688326835632324,-2.1680662631988525,0.010965771478100517,0.10076642036437988
representative,tool-atlas-02,3,2,341,5,0.11254662667505246,0.11169997294029113,0.004129775615194329,0.1075531447762665,0.11803002199398453,-2.2297701835632324,-2.1368162631988525,0.010476877217718034,0.09295392036437988
representative,tool-atlas-02,3,3,578,5,0.048785351572994705,0.053611028135799245,0.0018090276644328028,0.05076407989424142,0.05512140287938786,-2.9805662631988525,-2.89821720123291,0.00435732298514644,0.08234906196594238
representative,tool-atlas-02,3,4,314,5,0.03551827250868531,0.037934056629999616,0.00048293211758170055,0.03713979423972301,0.038413914898340056,-3.2930662631988525,-3.259335517883301,0.0012741206586170464,0.03373074531555176
representative,tool-atlas-02,3,5,720,5,0.03508733542863305,0.03297052136428056,0.0012254998842523423,0.03173093219045588,0.03453503957913226,-3.45046329498291,-3.365780830383301,0.002804107388676383,0.08468246459960938
representative,tool-atlas-02,3,6,5473,5,0.015715030249269984,0.0150387588966966,0.00015439466396576426,0.014893789705067393,0.015265085063106108,-4.20681095123291,-4.182187080383301,0.00037129535803871565,0.024623870849609375
representative,tool-atlas-02,3,7,320,5,0.01442092237966376,0.013809393321133923,0.0005744828550261872,0.012996808735208781,0.014452692055119377,-4.343051433563232,-4.236874580383301,0.001455883319910596,0.10617685317993164
representative,tool-atlas-02,3,8,220,5,0.014252913544996828,0.015960760627130966,0.0007767695811002386,0.01494733471787041,0.016745537883207484,-4.203222274780273,-4.08962345123291,0.0017982031653370738,0.11359882354736328
representative,tool-atlas-02,3,9,362,5,0.012143634160958339,0.013718825229085968,0.00041646702971423103,0.013242604613055445,0.014156347042359537,-4.324316024780273,-4.25759220123291,0.0009137424293040926,0.06672382354736328
representative,tool-atlas-02,3,10,5018,5,0.01167841884192822,0.011659287450597942,0.0005815310594206344,0.011151391119471107,0.012410426283155836,-4.496191024780273,-4.389218330383301,0.0012590351636847293,0.10697269439697266
representative,tool-atlas-02,3,11,62853,5,0.010468466992563237,0.012149586957454859,0.0007508359388847857,0.011255767890016843,0.012885407946814526,-4.486874580383301,-4.351659774780273,0.0016296400567976828,0.13521480560302734
representative,tool-atlas-02,3,12,510,5,0.008411649540443395,0.008792343808631932,0.00039315010963550357,0.008293607981699288,0.009390412802691627,-4.792270183563232,-4.668066024780273,0.00109680482099234,0.12420415878295898
representative,tool-atlas-02,3,13,5560,5,0.007779504094669708,0.007368734033871517,0.0003143388460661998,0.006978362247411659,0.00785779237444387,-4.964941024780273,-4.846249580383301,0.0008794301270322116,0.11869144439697266
representative,tool-atlas-02,3,14,366,5,0.007194865129365886,0.0074277578492940215,0.0005785533830966087,0.006612240783406452,0.008222520187255465,-5.018832683563232,-4.800878524780273,0.0016102794038490133,0.21795415878295898
representative,tool-atlas-02,3,15,4823,5,0.005826579346298236,0.006123818574528677,5.702373597276017e-05,0.006067733219767813,0.006206683865494494,-5.104770183563232,-5.082128524780273,0.000138950645726681,0.022641658782958984
representative,tool-atlas-02,3,16,1708,5,0.0049449536657601946,0.004877937160332134,0.00020318167290756529,0.0046682677796810075,0.005109543652427049,-5.36696720123291,-5.276645183563232,0.00044127587274604176,0.09032201766967773
representative,tool-atlas-02,3,17,2330,5,0.004868289265097745,0.005513356987972265,0.0004711486499361138,0.005030327520538031,0.006255363490381259,-5.292270183563232,-5.074316024780273,0.0012250359698432276,0.21795415878295898
representative,tool-atlas-02,3,18,7290,5,0.0047555154657358744,0.005047539560610531,0.00017655279010573001,0.004762618373247056,0.0051673013918608485,-5.346957683563232,-5.26540470123291,0.00040468301861379223,0.08155298233032227
representative,tool-atlas-02,3,19,81605,5,0.004329946105255512,0.0048765924200647424,0.00015855038460109135,0.0047217960873759575,0.005047600984042882,-5.355566024780273,-5.28884220123291,0.0003258048966669246,0.06672382354736328
representative,tool-atlas-02,3,20,55375,5,0.004229643011759692,0.004311367414468511,0.00032731957150380117,0.003976150953325847,0.0048410454457847455,-5.527441024780273,-5.330624580383301,0.000864894492458898,0.19681644439697266
representative,tool-atlas-02,3,21,3024,5,0.0035064972162570304,0.0036057440942250025,4.589516724743734e-05,0.003567036344498507,0.0036773384903518915,-5.636020183563232,-5.605566024780273,0.00011030214585338455,0.030454158782958984
representative,tool-atlas-02,3,22,21517,5,0.0035064972162570304,0.003966993256156474,0.0002666474945517774,0.0036802662327460327,0.004250506183096124,-5.604770183563232,-5.46071720123291,0.0005702399503500909,0.14405298233032227
representative,tool-atlas-02,3,23,8442,5,0.0034521340157744294,0.003638735531732486,0.00030733410310311435,0.0031949270473925974,0.003931075599004591,-5.746191024780273,-5.53884220123291,0.0007361485516119933,0.20734882354736328
representative,tool-atlas-02,3,24,5507,5,0.003345923017954861,0.003295307604421537,0.00013513967410096151,0.0031453942946502215,0.0035142221228624225,-5.761816024780273,-5.650937080383301,0.00036882782821220103,0.11087894439697266
representative,tool-atlas-03,4,0,5324,5,0.34842430214078995,0.3214109182142844,0.001271927534313814,0.31914396714155857,0.3221661327433342,-1.1421129703521729,-1.1326879262924194,0.0030221656017756504,0.009425044059753418
representative,tool-atlas-03,4,1,341,5,0.11670753626531231,0.09208789906397734,0.0007897958966130074,0.09151241333009398,0.09302606600262897,-2.3912806510925293,-2.374875545501709,0.0015136526725349903,0.016405105590820312
representative,tool-atlas-03,4,2,32104,5,0.09451264313286063,0.1393457837330788,0.0029426845605144934,0.13408243650997925,0.1407439599376445,-2.009300470352173,-1.9608129262924194,0.006661523427665239,0.04848754405975342
representative,tool-atlas-03,4,3,578,5,0.06914692684905734,0.08025908896282265,0.0008610132396010986,0.07925919913866578,0.08164340614804738,-2.535031795501709,-2.505394220352173,0.002384207009381606,0.029637575149536133
representative,tool-atlas-03,4,4,720,5,0.049707483256840004,0.04879231355953362,0.0002973521883730062,0.04837211728806606,0.04921315586972073,-3.028831720352173,-3.011594295501709,0.0008410385816546642,0.017237424850463867
representative,tool-atlas-03,4,5,314,5,0.025338560486217732,0.021324314806724705,0.00016630505303583376,0.021083794948290886,0.0214409523149186,-3.859250545501709,-3.8424525260925293,0.0003571573666277146,0.016798019409179688
representative,tool-atlas-03,4,6,362,5,0.019201408108258572,0.02463191723336892,0.0003468392244470261,0.02439087294986242,0.025144185667368334,-3.7135462760925293,-3.683128595352173,0.0007533127175059148,0.030417680740356445
representative,tool-atlas-03,4,7,5560,5,0.013776336381391328,0.015952988505744215,0.00019001024436247834,0.015704130973074278,0.01608992625785372,-4.153831481933594,-4.129561901092529,0.0003857952847794409,0.024269580841064453
representative,tool-atlas-03,4,8,5473,5,0.01137645780510984,0.01049443921820985,4.1528984282798644e-05,0.010420422130287365,0.010519095594195664,-4.563987731933594,-4.554563045501709,9.867346390829944e-05,0.009424686431884766
representative,tool-atlas-03,4,9,5018,5,0.01102644099533026,0.007984757069504045,0.000146484082459891,0.007878438572051347,0.008243232387602651,-4.843625545501709,-4.798362731933594,0.000364793815551304,0.045262813568115234
representative,tool-atlas-03,4,10,320,5,0.01077101376478382,0.010173695973668283,0.00023854210404903998,0.009959279538422586,0.01058451990134538,-4.609250545501709,-4.548362731933594,0.0006252403629227951,0.060887813568115234
representative,tool-atlas-03,4,11,220,5,0.010521503499660065,0.008760612181227236,0.0003666961550042797,0.008578740671891827,0.009414066877948699,-4.758468151092529,-4.665550231933594,0.000835326206056872,0.09291791915893555
representative,tool-atlas-03,4,12,3024,5,0.006482110263627641,0.007441871687571061,6.760137012858003e-05,0.0073316826564330225,0.007517658602880169,-4.915550231933594,-4.890500545501709,0.0001859759464471469,0.025049686431884766
representative,tool-atlas-03,4,13,7290,5,0.00633195234109976,0.007727235839615004,0.00015652406420033852,0.007630089901716074,0.007989614789576273,-4.875655651092529,-4.829612731933594,0.0003595248878601994,0.04604291915893555
representative,tool-atlas-03,4,14,5321,5,0.006233784519100768,0.00505989252113935,0.0001117974187921765,0.004930200879041762,0.005239717302895709,-5.312375545501709,-5.251487731933594,0.00030951642385394686,0.060887813568115234
representative,tool-atlas-03,4,15,8442,5,0.005948318742341484,0.00589627415379212,6.17835777237137e-05,0.005809196315393588,0.005983944985609072,-5.148313045501709,-5.118675231933594,0.00017474867021548442,0.029637813568115234
representative,tool-atlas-03,4,16,366,5,0.005856098608007683,0.004620627440535198,1.4171559711732071e-05,0.00459545252718796,0.004627883461754552,-5.382688045501709,-5.375655651092529,3.2430934566592476e-05,0.0070323944091796875
representative,tool-atlas-03,4,17,62853,5,0.004970006337786948,0.004514216339059808,8.496936858432885e-05,0.004385011434587704,0.004624034290224374,-5.429563045501709,-5.376487731933594,0.00023902285563667022,0.053075313568115234
representative,tool-atlas-03,4,18,55375,5,0.0048929535314455475,0.0033334636245662395,3.644792501878884e-05,0.0033073991587815998,0.0033830157555133434,-5.711593151092529,-5.688987731933594,7.561659673174358e-05,0.022605419158935547
representative,tool-atlas-03,4,19,13782,5,0.004742413177425418,0.004966396027786845,0.00013435285448832053,0.004778514544611761,0.005158483015616414,-5.343625545501709,-5.267112731933594,0.00037996847100465244,0.07651281356811523
representative,tool-atlas-03,4,20,510,5,0.004318016335991054,0.003778203737341672,0.00010176328002842742,0.003692549841911968,0.003955146123452712,-5.601438045501709,-5.532737731933594,0.0002625962815407442,0.06870031356811523
representative,tool-atlas-03,4,21,21517,5,0.004120279971566514,0.004902827303548917,0.00030535289104376986,0.004741327849401269,0.005448443911325159,-5.351438045501709,-5.212425231933594,0.0007071160619238903,0.13901281356811523
representative,tool-atlas-03,4,22,81605,5,0.004056400951471978,0.003450682739866544,8.415046079848938e-05,0.0034123872780409937,0.00360120152617577,-5.680343151092529,-5.626487731933594,0.00018881424813477644,0.05385541915893555
representative,tool-atlas-03,4,23,5507,5,0.003931598614528105,0.0035706221376201226,2.8510895691953295e-05,0.003523455673575872,0.00360120152617577,-5.648313045501709,-5.626487731933594,7.774585259989796e-05,0.021825313568115234
representative,tool-atlas-03,4,24,2360,5,0.0036933950962270653,0.004586140905876013,0.0001317865656967782,0.004454065316808876,0.0048082348756503515,-5.413938045501709,-5.337425231933594,0.00035416955884147536,0.07651281356811523
representative,tool-atlas-04,5,0,5324,5,0.4064500223122818,0.41669147230395875,0.02086537704944423,0.39674165713376686,0.44156656389442606,-0.9244699478149414,-0.8174265027046204,0.0448249067606592,0.10704344511032104
representative,tool-atlas-04,5,1,341,5,0.12396025314747153,0.11372919150408371,0.002044164257668977,0.11121025356480647,0.1155932575136171,-2.1963326930999756,-2.15767765045166,0.004383003948810624,0.03865504264831543
representative,tool-atlas-04,5,2,78564,5,0.09767832922579088,0.08929690134187017,0.008559872977556986,0.07451734826406771,0.09677724729813089,-2.5967233180999756,-2.335343360900879,0.022259899034063182,0.2613799571990967
representative,tool-atlas-04,5,3,720,5,0.04721109572281944,0.05219704253445706,0.00840933419091905,0.038681098351421445,0.05797752285096266,-3.25240421295166,-2.8476998805999756,0.019296424499541213,0.40470433235168457
representative,tool-atlas-04,5,4,578,5,0.041198361044383756,0.041372911367274987,0.002257843028316816,0.03754293028869135,0.04289159800988011,-3.2822701930999756,-3.1490793228149414,0.005348667721188756,0.13319087028503418
representative,tool-atlas-04,5,5,5473,5,0.02723045388438081,0.02333321530981728,0.0024655381441171377,0.020862907702698125,0.02656097858067059,-3.8697824478149414,-3.628312110900879,0.005698070877972465,0.2414703369140625
representative,tool-atlas-04,5,6,314,5,0.024314058571390063,0.022717857977873117,0.0034886324118786343,0.01899589363182197,0.02620918929915099,-3.9635324478149414,-3.6416451930999756,0.00721329566732902,0.3218872547149658
representative,tool-atlas-04,5,7,220,5,0.013480052162361943,0.013185531896466735,0.0010169197746711608,0.011675774007038847,0.014006693621380373,-4.450239181518555,-4.268219947814941,0.0023309196143415263,0.18201923370361328
representative,tool-atlas-04,5,8,320,5,0.011803528061993937,0.013014258303807699,0.002001994674917921,0.010380420406741928,0.015026988701557678,-4.56783390045166,-4.197907447814941,0.00464656829481575,0.36992645263671875
representative,tool-atlas-04,5,9,362,5,0.01033551450930487,0.013433671391073687,0.0021586610060876426,0.011400661482872778,0.01574814894663805,-4.47408390045166,-4.151032447814941,0.0043474874637652716,0.32305145263671875
representative,tool-atlas-04,5,10,5560,5,0.00919259689768618,0.00891028478633851,0.0007309645987789732,0.007900223873297836,0.009626650357284628,-4.840864181518555,-4.643219947814941,0.0017264264839867913,0.19764423370361328
representative,tool-atlas-04,5,11,3024,5,0.007986666590864855,0.008210209119857075,0.0007971220122969651,0.007497242836607887,0.009215155061736136,-4.893219947814941,-4.686905860900879,0.0017179122251282496,0.2063140869140625
representative,tool-atlas-04,5,12,7290,5,0.007986666590864855,0.007438457578302233,0.0002105946078198663,0.0072665769241800635,0.007759938571199514,-4.924469947814941,-4.858780860900879,0.0004933616470194505,0.0656890869140625
representative,tool-atlas-04,5,13,21517,5,0.007620930499876657,0.007208884335536089,0.00016903334952430925,0.0070237437845894896,0.007479781628157076,-4.95845890045166,-4.895551681518555,0.0004560378435675867,0.06290721893310547
representative,tool-atlas-04,5,14,366,5,0.00646779971095923,0.006093189929772085,0.0006062493956159142,0.005472325140267675,0.0067204850444721916,-5.208051681518555,-5.002594947814941,0.0012481599042045164,0.20545673370361328
representative,tool-atlas-04,5,15,62853,5,0.005707813211459061,0.007148210470748208,0.0008618337510278033,0.006104819843503313,0.008043367438734489,-5.098676681518555,-4.822907447814941,0.0019385475952311756,0.2757692337036133
representative,tool-atlas-04,5,16,510,5,0.005446433414481236,0.005861335154232752,0.0006783547162188118,0.004752502771421324,0.006412731627981602,-5.34908390045166,-5.049469947814941,0.0016602288565602781,0.29961395263671875
representative,tool-atlas-04,5,17,81605,5,0.004308483452765356,0.003671033790080995,0.00011130341973411597,0.0034770053041840703,0.0037610703989642766,-5.66158390045166,-5.583051681518555,0.00028406509478020626,0.07853221893310547
representative,tool-atlas-04,5,18,55375,5,0.004175925352611572,0.004446730690033359,0.0006909802158466746,0.003317781638862665,0.004982608741054167,-5.70845890045166,-5.301801681518555,0.001664827102191502,0.40665721893310547
representative,tool-atlas-04,5,19,13782,5,0.0036852411891041973,0.0033800875193490143,0.00024733465592868505,0.003069696195137084,0.003597216425244695,-5.786176681518555,-5.627594947814941,0.000527520230107611,0.15858173370361328
representative,tool-atlas-04,5,20,2355,5,0.003516481708347443,0.004426882624812873,0.0006578854872563029,0.0034770053041840703,0.004916811892638023,-5.66158390045166,-5.315094947814941,0.0014398065884539523,0.34648895263671875
representative,tool-atlas-04,5,21,5507,5,0.003103284215612005,0.0029793547479756532,0.00014754780675400338,0.002794990191961182,0.003125315790888593,-5.879926681518555,-5.768219947814941,0.00033032559892741094,0.11170673370361328
representative,tool-atlas-04,5,22,5018,5,0.00273863870811726,0.002740871159002285,0.00040138185019481545,0.002396262737994394,0.003370029097265731,-6.033844947814941,-5.69283390045166,0.0009737663592713371,0.34101104736328125
representative,tool-atlas-04,5,23,2360,5,0.0026543796531306083,0.002821560217543286,0.00023183042993241154,0.002466570187160067,0.0029821971609246614,-6.004926681518555,-5.815094947814941,0.0005156269737645945,0.18983173370361328
representative,tool-atlas-04,5,24,5991,5,0.0025328267590302082,0.0024385191269121,0.000240006388238876,0.0022161807493883286,0.002794990191961182,-6.111969947814941,-5.879926681518555,0.0005788094425728534,0.23204326629638672
representative,tool-atlas-05,6,0,5324,5,0.28625145185679224,0.2894174726584841,0.003338804103721217,0.2867512900302106,0.2930610892239014,-1.2491400241851807,-1.2273741960525513,0.0063097991936907905,0.021765828132629395
representative,tool-atlas-05,6,1,341,5,0.13003559830085806,0.14912560285445467,0.003740959115632243,0.14507575915812276,0.1522924605592584,-1.9304991960525513,-1.8819525241851807,0.0072167014011356445,0.048546671867370605
representative,tool-atlas-05,6,2,578,5,0.07423690296302249,0.07881705690512136,0.0012032292520574928,0.07750194843490947,0.07982547285688589,-2.5574522018432617,-2.5279126167297363,0.0023235244219764195,0.02953958511352539
representative,tool-atlas-05,6,3,125452,5,0.051095462522278756,0.05103233502351177,0.0005269968634801029,0.05029615333622258,0.05154556444805766,-2.9898266792297363,-2.9652891159057617,0.0012494111118350817,0.02453756332397461
representative,tool-atlas-05,6,4,720,5,0.03919657992008876,0.03903493503579969,0.0007684800334332234,0.03821667073685927,0.03972786198640508,-3.2644834518432617,-3.2257025241851807,0.0015111912495458096,0.038780927658081055
representative,tool-atlas-05,6,5,314,5,0.03776867748127242,0.0342619905610017,0.0007730851117031979,0.033463635010108274,0.03521539296831535,-3.3972959518432617,-3.3462719917297363,0.0017517579582070758,0.05102396011352539
representative,tool-atlas-05,6,6,362,5,0.024720973083986388,0.024711883667983395,0.0007835801840628374,0.023868717303348042,0.025513753564941764,-3.7351865768432617,-3.6685376167297363,0.0016450362615937214,0.06664896011352539
representative,tool-atlas-05,6,7,320,5,0.02156201595452198,0.01945070997652267,0.00025083133676716615,0.01921113876444831,0.019710716096510563,-3.9522650241851807,-3.9265928268432617,0.0004995773320622537,0.025672197341918945
representative,tool-atlas-05,6,8,220,5,0.013921483827851813,0.010812695214968132,0.0003446094833810938,0.0105268379690982,0.011187042647991446,-4.553827285766602,-4.492999076843262,0.0006602046788932465,0.060828208923339844
representative,tool-atlas-05,6,9,5473,5,0.013078023761630543,0.014590028491135876,0.00010605778998456312,0.014501331796098261,0.014705090143880842,-4.233514785766602,-4.219561576843262,0.00020375834778258058,0.013953208923339844
representative,tool-atlas-05,6,10,366,5,0.010757688906833866,0.009201911859230832,8.180494003804185e-05,0.009130598103357068,0.009289901901739074,-4.696124076843262,-4.678827285766602,0.00015930379838200587,0.017296791076660156
representative,tool-atlas-05,6,11,55375,5,0.01034556831669707,0.009795281746662853,7.120383177855704e-05,0.009735733602639754,0.009872530485934223,-4.631952285766602,-4.617999076843262,0.0001367968832944686,0.013953208923339844
representative,tool-atlas-05,6,12,2709,5,0.009794987214175288,0.010895973056852328,0.000278829204378782,0.01059167909844642,0.011118556766515972,-4.547686576843262,-4.499139785766602,0.0005268776680695513,0.048546791076660156
representative,tool-atlas-05,6,13,5560,5,0.00927370750343542,0.009073930446536198,0.00013472938216226068,0.008934011348738835,0.009202210271834706,-4.717889785766602,-4.688311576843262,0.0002681989230958713,0.029578208923339844
representative,tool-atlas-05,6,14,81605,5,0.009129931994962492,0.007870729999088014,5.721388616722803e-05,0.007822881721144167,0.007932801104881579,-4.850702285766602,-4.836749076843262,0.00010991938373741163,0.013953208923339844
representative,tool-atlas-05,6,15,7290,5,0.008780169792852099,0.008302439650337064,0.0005691303048808684,0.007822881721144167,0.00891908802610179,-4.850702285766602,-4.719561576843262,0.0010962063049576223,0.13114070892333984
representative,tool-atlas-05,6,16,510,5,0.008644045877365406,0.007520064924526384,0.0004346298785876699,0.007178679792305905,0.007995018835066583,-4.936639785766602,-4.828936576843262,0.0008163390427606779,0.10770320892333984
representative,tool-atlas-05,6,17,8442,5,0.006423709445255794,0.006388993021857392,0.00028861195844844645,0.006082289588452694,0.006707861268533575,-5.102374076843262,-5.004475116729736,0.0006255716800808806,0.09789896011352539
representative,tool-atlas-05,6,18,21517,5,0.005940960056890546,0.004804358297651302,9.095552554721397e-05,0.00470789314758539,0.004887256984035687,-5.358514785766602,-5.321124076843262,0.00017936383645029627,0.037390708923339844
representative,tool-atlas-05,6,19,62853,5,0.005848854008400192,0.005283229655951781,0.00031513526418583583,0.004984859219798324,0.005625198307517753,-5.301350116729736,-5.180499076843262,0.0006403390877194291,0.12085103988647461
representative,tool-atlas-05,6,20,3024,5,0.00540930568834376,0.005081870870469617,5.645179158433022e-05,0.004984859219798324,0.005121801343812345,-5.301350116729736,-5.274249076843262,0.00013694212401402141,0.02710103988647461
representative,tool-atlas-05,6,21,5018,5,0.004484471924775851,0.004498590523369669,2.1823661234253134e-05,0.004468398925519033,0.004519973821568013,-5.410725116729736,-5.399249076843262,5.157489604898022e-05,0.01147603988647461
representative,tool-atlas-05,6,22,2057,5,0.004212771505954725,0.004732954861020759,0.00021199266779325061,0.004563046503003204,0.004964220082808526,-5.389764785766602,-5.305499076843262,0.00040117357980532214,0.08426570892333984
representative,tool-atlas-05,6,23,13782,5,0.004212771505954725,0.0036856278564177725,0.00015189375859313748,0.0035201591516994192,0.003822024141488213,-5.649249076843262,-5.566975116729736,0.0003018649897887937,0.08227396011352539
representative,tool-atlas-05,6,24,2360,5,0.004083158152826277,0.0040451258053112605,1.8024649156296973e-05,0.004026874405249797,0.004068523520464491,-5.514764785766602,-5.504475116729736,4.164911521469406e-05,0.010289669036865234
representative,tool-atlas-06,7,0,5324,5,0.32346588306397606,0.3198223269366526,0.006687732453677946,0.3088163069965666,0.32494603546363576,-1.1750086545944214,-1.124096155166626,0.01612972846706917,0.05091249942779541
representative,tool-atlas-06,7,1,341,5,0.1916471932330413,0.1918896840563573,0.005001581095618892,0.18729001359021166,0.19938679354923675,-1.6750969886779785,-1.6125086545944214,0.012096779959025084,0.06258833408355713
representative,tool-atlas-06,7,2,6814,5,0.11992974901083846,0.10920516135609186,0.004365280502075846,0.10305075396592357,0.11539620929971137,-2.272533655166626,-2.159383773803711,0.012345455333787794,0.11314988136291504
representative,tool-atlas-06,7,3,720,5,0.0396259525666059,0.044695360910588136,0.0005237633741220771,0.044311845775602925,0.04529745829323999,-3.1165032386779785,-3.0945043563842773,0.000985612517637062,0.021998882293701172
representative,tool-atlas-06,7,4,578,5,0.032039129415597334,0.02957751368293669,0.0010406128388670396,0.028990316490320515,0.031428704262289546,-3.5407934188842773,-3.460033655166626,0.0024383877719690306,0.08075976371765137
representative,tool-atlas-06,7,5,5473,5,0.019274464682760457,0.019299678676109336,0.000535856177137742,0.018475982101331053,0.01966499703637958,-3.991283655166626,-3.928915023803711,0.0011890149350485268,0.06236863136291504
representative,tool-atlas-06,7,6,314,5,0.015792930393396267,0.016646353855521615,0.00022260991504196543,0.01636666272305434,0.016888418856102285,-4.112508773803711,-4.081127166748047,0.0005217561330479459,0.03138160705566406
representative,tool-atlas-06,7,7,220,5,0.014379626759740959,0.01484060831999382,0.00022491039946269931,0.01459148913231076,0.015197931943303161,-4.227316856384277,-4.186595916748047,0.0006064428109924004,0.04072093963623047
representative,tool-atlas-06,7,8,62853,5,0.013351031482180259,0.014019967606721816,0.0007104773383989538,0.013307753858544474,0.014784743290269462,-4.319408416748047,-4.2141594886779785,0.0014769894317249888,0.10524892807006836
representative,tool-atlas-06,7,9,320,5,0.012203830726688746,0.012677475709474325,0.0003830221828811589,0.012211881389834145,0.01323390599933761,-4.405345916748047,-4.324973106384277,0.001022024609503465,0.08037281036376953
representative,tool-atlas-06,7,10,2330,5,0.009999460549053386,0.010797801298244283,0.0004791496306558908,0.009967047106632819,0.011074237947132052,-4.608470916748047,-4.503133773803711,0.0011071908404992337,0.10533714294433594
representative,tool-atlas-06,7,11,81605,5,0.0087558202130037,0.008606781841771919,0.0003324736946775294,0.008229674843151591,0.009146276551766808,-4.800008773803711,-4.694408416748047,0.0009166017086152164,0.10560035705566406
representative,tool-atlas-06,7,12,3024,5,0.00842039000819247,0.009412245205251855,0.00046029713555883675,0.008659520592723602,0.009772118602591202,-4.749095916748047,-4.6282219886779785,0.001112598009867601,0.12087392807006836
representative,tool-atlas-06,7,13,510,5,0.006609239844671018,0.00638387791715464,0.00015863096571425717,0.00614051958924427,0.006509634370152825,-5.092845916748047,-5.0344719886779785,0.0003691147809085551,0.05837392807006836
representative,tool-atlas-06,7,14,362,5,0.00655780633214693,0.00741933454158525,0.0002749053158883741,0.006958120273578688,0.007610533619964671,-4.967845916748047,-4.8782219886779785,0.0006524133463859825,0.08962392807006836
representative,tool-atlas-06,7,15,7290,5,0.0063065807167742485,0.00573172330403706,0.00015717804029937926,0.005504326185528217,0.005880964566060451,-5.202220916748047,-5.1360344886779785,0.00037663838053223365,0.06618642807006836
representative,tool-atlas-06,7,16,13782,5,0.006160488931819753,0.006463464890225308,0.00012043083006802425,0.006286137814886589,0.006602640683664801,-5.069408416748047,-5.020285606384277,0.00031650286877821145,0.04912281036376953
representative,tool-atlas-06,7,17,5018,5,0.004472035376305099,0.004635121028703413,0.00015670990479756662,0.004474396602379901,0.004895649052728446,-5.409383773803711,-5.319408416748047,0.00042125245034854535,0.08997535705566406
representative,tool-atlas-06,7,18,4823,5,0.004402702894134511,0.004573565215124289,0.00023899414147833282,0.004154883387101791,0.004725487783895064,-5.483470916748047,-5.3547844886779785,0.0005706043967932733,0.12868642807006836
representative,tool-atlas-06,7,19,5560,5,0.004368440788390552,0.004535179837449133,0.00016291581284394533,0.004269499064180789,0.00470809968276745,-5.456258773803711,-5.358470916748047,0.000438600618586661,0.09778785705566406
representative,tool-atlas-06,7,20,21517,5,0.004071834546583853,0.00363172157274788,8.917827012652243e-05,0.0034987625968751672,0.0037090778593911796,-5.655345916748047,-5.5969719886779785,0.00021031526251601238,0.05837392807006836
representative,tool-atlas-06,7,21,366,5,0.004008706603187336,0.004448911296354672,5.94836065656784e-05,0.00440463894098309,0.004544858096175436,-5.4250969886779785,-5.393758773803711,0.0001402191551923464,0.03133821487426758
representative,tool-atlas-06,7,22,41070,5,0.0036499688979346303,0.004064118073517527,9.844469112690456e-05,0.003964617424297168,0.004196893767914631,-5.530345916748047,-5.473410606384277,0.00023227634361746349,0.05693531036376953
representative,tool-atlas-06,7,23,18903,5,0.003025930496840634,0.0034557016067645004,0.00012989552162108383,0.0033200162337423044,0.0035949615305823075,-5.707785606384277,-5.6282219886779785,0.00027494529684000306,0.07956361770629883
representative,tool-atlas-06,7,24,5507,5,0.0027124265670485665,0.0028195688695313434,6.975706029152555e-05,0.0027248390502273225,0.0028886327413666607,-5.905345916748047,-5.8469719886779785,0.00016379369113933822,0.05837392807006836
representative,tool-atlas-07,6,0,5324,5,0.28158521599408975,0.23942269391477514,0.010779853534805685,0.22851272354254232,0.2518479831352812,-1.476163387298584,-1.378929615020752,0.023335259592738855,0.09723377227783203
representative,tool-atlas-07,6,1,341,5,0.2028182226354592,0.21749757063889824,0.013873185205160449,0.19791750134966765,0.23658928520051106,-1.6199049949645996,-1.441429615020752,0.03867178385084341,0.17847537994384766
representative,tool-atlas-07,6,2,14830,5,0.10040230075532197,0.11858928445889591,0.015314775880481671,0.09121329490851139,0.12619671146979392,-2.394554615020752,-2.069913387298584,0.034983416561282524,0.32464122772216797
representative,tool-atlas-07,6,3,2330,5,0.0493159531931423,0.05803654846115243,0.004478203417190836,0.05203480304413638,0.06367714226016509,-2.9558424949645996,-2.753929615020752,0.01164233921602871,0.20191287994384766
representative,tool-atlas-07,6,4,5473,5,0.04490268636368885,0.046904716883965095,0.0014408513222857247,0.0451538552566288,0.048140208108518705,-3.097679615020752,-3.033637523651123,0.0029863528518899035,0.0640420913696289
representative,tool-atlas-07,6,5,62853,5,0.03497024730205057,0.039353842581741946,0.0023588751353538447,0.03719986957895979,0.04275081091442675,-3.291450023651123,-3.152367115020752,0.0055509413354669565,0.1390829086303711
representative,tool-atlas-07,6,6,720,5,0.028099383114686606,0.028524276865864374,0.002401329296203609,0.024483674145315434,0.030243279827407196,-3.7097487449645996,-3.498481273651123,0.0057596056820917625,0.21126747131347656
representative,tool-atlas-07,6,7,22059,5,0.02266685834534962,0.019949466901754427,0.0026761263446263795,0.016226377583226755,0.022555417568125395,-4.121117115020752,-3.7917799949645996,0.00632903998489864,0.32933712005615234
representative,tool-atlas-07,6,8,510,5,0.010754221811573312,0.010529656350129818,0.0011375534338278444,0.009656897654171413,0.012425910857761863,-4.640082836151123,-4.3879714012146,0.0027690132035904508,0.25211143493652344
representative,tool-atlas-07,6,9,314,5,0.01023173041448042,0.0074686357954210384,0.00034057319462946645,0.006870680560292185,0.007713098724962357,-4.980492115020752,-4.864835262298584,0.0008424181646701726,0.11565685272216797
representative,tool-atlas-07,6,10,53198,5,0.007910329981274554,0.006663036206357813,0.000950027674672585,0.006001962537510572,0.008183073810306658,-5.115668773651123,-4.805687427520752,0.0021811112727960855,0.3099813461303711
representative,tool-atlas-07,6,11,62208,5,0.007719545084210789,0.011434690532636547,0.0003879124877343252,0.010979316273411178,0.011911333349302706,-4.511742115020752,-4.430264949798584,0.0009320170758915277,0.08147716522216797
representative,tool-atlas-07,6,12,220,5,0.0067925454118612965,0.006241378487929319,0.0001594522064578455,0.006089657812280902,0.006416698858494836,-5.101163387298584,-5.048851490020752,0.00032704104621393386,0.05231189727783203
representative,tool-atlas-07,6,13,24564,5,0.006184682977644122,0.006393999810386459,0.0004574410166832601,0.005632012800580783,0.00674596153022221,-5.179288387298584,-4.9988112449646,0.0011139487296414272,0.18047714233398438
representative,tool-atlas-07,6,14,7290,5,0.005776028714266672,0.004835256972099226,0.0005831903549665203,0.0038691870251824005,0.00543745239635721,-5.554710865020752,-5.214444637298584,0.0015682653711748093,0.34026622772216797
representative,tool-atlas-07,6,15,18903,5,0.005576493215814183,0.005628442038265015,0.00030792520035442393,0.005247395792237454,0.006070708282523038,-5.250023365020752,-5.1042799949646,0.0008233124902855844,0.14574337005615234
representative,tool-atlas-07,6,16,5560,5,0.00467757060140165,0.004806866773897187,0.0006745962796023463,0.0036205942287742777,0.005212875036668969,-5.621117115020752,-5.2566237449646,0.001592280807894691,0.36449337005615234
representative,tool-atlas-07,6,17,5507,5,0.004551401114827989,0.004222593760093661,0.0003699340447137617,0.0039936950964584,0.004877951143288409,-5.523038387298584,-5.3230299949646,0.0008842560468300094,0.20000839233398438
representative,tool-atlas-07,6,18,6492,5,0.00441136922392397,0.00528944582024104,0.0004006715906136126,0.004777808239094195,0.005592598538679023,-5.343773365020752,-5.1863112449646,0.0008147902995848284,0.15746212005615234
representative,tool-atlas-07,6,19,330,5,0.003985339977412188,0.004348501661474973,0.0002963722040402454,0.004088402846389098,0.004853047770926516,-5.499600887298584,-5.328148365020752,0.0007646449245374181,0.17145252227783203
representative,tool-atlas-07,6,20,4260,5,0.0038627239567950947,0.003522350176449672,0.00011703732220521564,0.0033224440241747463,0.003597962652243855,-5.707054615020752,-5.627387523651123,0.00027551862806910864,0.0796670913696289
representative,tool-atlas-07,6,21,7526,5,0.0035864177850936257,0.003994098290688282,0.0002802463544708033,0.0036632726478398104,0.0044414250582696805,-5.609398365020752,-5.4167799949646,0.00077815241042987,0.19261837005615234
representative,tool-atlas-07,6,22,4482,5,0.003382314109070801,0.003921470887835443,0.0003070268707497476,0.003712174246880584,0.004453406967675585,-5.596137523651123,-5.414085865020752,0.0007412327207950006,0.1820516586303711
representative,tool-atlas-07,6,23,81605,5,0.003329876189213326,0.003389896838048724,0.0001819167615898547,0.0030968583556582993,0.0035421814116126044,-5.777367115020752,-5.643012523651123,0.00044532305595430506,0.1343545913696289
representative,tool-atlas-07,6,24,5018,5,0.0032023106356761444,0.002222656472964748,0.00022708657090111082,0.0020397798628863442,0.002491413659256739,-6.194913387298584,-5.9949049949646,0.00045163379637039487,0.20000839233398438
representative,tool-atlas-08,7,0,5324,5,0.28063176922862754,0.2801648460628555,0.005925987855289247,0.2709522058878889,0.28678783443204825,-1.3058128356933594,-1.2490125894546509,0.015835628544159375,0.056800246238708496
representative,tool-atlas-08,7,1,341,5,0.11882696748241872,0.12511035461627346,0.00838110680647856,0.11587277346597306,0.1341310682658431,-2.1552624702453613,-2.0089378356933594,0.018258294799870026,0.14632463455200195
representative,tool-atlas-08,7,2,296,5,0.08230903477224726,0.08163486722271755,0.007313290765528127,0.07674078109446801,0.09457260143985335,-2.567322015762329,-2.3583874702453613,0.017831820345385344,0.20893454551696777
representative,tool-atlas-08,7,3,5473,5,0.04545536612352679,0.0464556061035509,0.0009694339538967905,0.04528065699011979,0.04757631765400056,-3.0948753356933594,-3.0454201698303223,0.0022956606638807747,0.04945516586303711
representative,tool-atlas-08,7,4,2330,5,0.04320471488617992,0.045005596396072295,0.002548238805934173,0.04192878345180569,0.048579053656960164,-3.1717827320098877,-3.0245628356933594,0.0066502702051544765,0.14721989631652832
representative,tool-atlas-08,7,5,62853,5,0.03111918873919396,0.02883254230144459,0.0020967926895870265,0.02641750908463002,0.03181670159019171,-3.633728265762329,-3.4477639198303223,0.00539919250556169,0.18596434593200684
representative,tool-atlas-08,7,6,78564,5,0.030279801715375136,0.031661932581998904,0.002176165427109544,0.028285139443743484,0.03373666098605734,-3.5654187202453613,-3.3891701698303223,0.005451521542313858,0.17624855041503906
representative,tool-atlas-08,7,7,21517,5,0.028445241270825296,0.031215890262610256,0.001571605381694301,0.028743994519686646,0.03236740873249015,-3.5493264198303223,-3.430603265762329,0.003623414212803506,0.11872315406799316
representative,tool-atlas-08,7,8,9203,5,0.025698133946474876,0.028736453182923727,0.002714982147895912,0.026520904291782055,0.03293975571744685,-3.629822015762329,-3.4130749702453613,0.006418851425664798,0.21674704551696777
representative,tool-atlas-08,7,9,720,5,0.0190599686835379,0.018445344859181916,0.001333845470923226,0.01695079169328546,0.01959413642467569,-4.0774407386779785,-3.9325249195098877,0.0026433447313902285,0.14491581916809082
representative,tool-atlas-08,7,10,24564,5,0.013594966720758555,0.012472446318542402,0.0014680844773369676,0.010694508406040838,0.014453388121522116,-4.53802490234375,-4.236826419830322,0.003758879715481278,0.30119848251342773
representative,tool-atlas-08,7,11,314,5,0.012451100407860538,0.011658967451911265,0.0005047390648624134,0.010947573228547091,0.012083394568900736,-4.514637470245361,-4.415923118591309,0.001135821340353645,0.09871435165405273
representative,tool-atlas-08,7,12,220,5,0.010608470175383442,0.010919262809483132,0.0004325243497001826,0.010204260291617183,0.011307044181484623,-4.584949970245361,-4.482329368591309,0.0011027838898674397,0.10262060165405273
representative,tool-atlas-08,7,13,510,5,0.010362725228452675,0.009552312899112772,0.00015150894459107773,0.009327449003186038,0.00970354574223023,-4.674793720245361,-4.635263919830322,0.00037609673904419154,0.03952980041503906
representative,tool-atlas-08,7,14,330,5,0.009946290127916434,0.009632798360763306,0.0002576820972908041,0.009254862219168814,0.009927431840654815,-4.682606220245361,-4.612453460693359,0.0006725696214860011,0.07015275955200195
representative,tool-atlas-08,7,15,53198,5,0.0072484915139657425,0.0070971056068124165,0.00018509090607719085,0.006877629607159774,0.007372018397462687,-4.979481220245361,-4.910063743591309,0.0004943887903029126,0.06941747665405273
representative,tool-atlas-08,7,16,18903,5,0.006199963346498103,0.006195685543839374,0.00033469382769855,0.005905772773472506,0.00659144508601991,-5.131824970245361,-5.021982669830322,0.0006856723125474046,0.10984230041503906
representative,tool-atlas-08,7,17,62208,5,0.0058700073160110906,0.005726217400753079,0.0006098871525424431,0.005207163560739623,0.0066431424305605285,-5.257719993591309,-5.014170169830322,0.0014359788698209055,0.24354982376098633
representative,tool-atlas-08,7,18,5044,5,0.005779001287808599,0.007389356718801599,0.0008142364196710791,0.0066431424305605285,0.008610079067704264,-5.014170169830322,-4.75482177734375,0.001966936637143735,0.25934839248657227
representative,tool-atlas-08,7,19,81605,5,0.005180263274528702,0.006798939934916592,0.0001932027883031442,0.006608234582693298,0.007108686189657657,-5.019438743591309,-4.946437835693359,0.0005004516069643588,0.07300090789794922
representative,tool-atlas-08,7,20,2709,5,0.004571566294344313,0.0037307948596605003,0.00025109690977956285,0.003533569329680194,0.004157172306570557,-5.64544677734375,-5.482920169830322,0.0006236029768903629,0.16252660751342773
representative,tool-atlas-08,7,21,3024,5,0.004430913986090372,0.004486249082175635,9.869139005971403e-05,0.0043566791711186735,0.004589712763190773,-5.436045169830322,-5.383937835693359,0.00023303359207209936,0.05210733413696289
representative,tool-atlas-08,7,22,2322,5,0.004294589094424843,0.003551976675141324,0.0007217678663708262,0.0023308728443487215,0.004114191931043617,-6.061512470245361,-5.493312835693359,0.0017833190866948954,0.568199634552002
representative,tool-atlas-08,7,23,7290,5,0.004130065969865526,0.003783616162945219,0.0002519877376310115,0.0035744718940457954,0.004157172306570557,-5.633937835693359,-5.482920169830322,0.0005827004125247615,0.1510176658630371
representative,tool-atlas-08,7,24,1629,5,0.004002997198573443,0.004176301414654819,0.00047175796223187947,0.003561283457418599,0.004784875994728255,-5.63763427734375,-5.342295169830322,0.0012235925373096559,0.29533910751342773
sentinel,knowledge-longbench-02,0,0,423,5,0.5578482253534148,0.5455561367025037,0.011220933507771706,0.5305386037150289,0.5581814933237607,-0.6338625550270081,-0.5830711126327515,0.027642889608731736,0.05079144239425659
sentinel,knowledge-longbench-02,0,1,426,5,0.21173530384806863,0.20504331741070048,0.011407176702706084,0.18696738060084547,0.2169503697797223,-1.6768211126327515,-1.5280866622924805,0.029982989178876818,0.148734450340271
sentinel,knowledge-longbench-02,0,2,578,5,0.1421523582470833,0.16411530688106904,0.01182032627676113,0.15157062206249397,0.1777081829889375,-1.886703610420227,-1.7276124954223633,0.026137560926443537,0.15909111499786377
sentinel,knowledge-longbench-02,0,3,6914,5,0.03855986801997612,0.03657446852645356,0.006126847709801805,0.029067070111697648,0.04351061419317493,-3.538149356842041,-3.1347503662109375,0.014443544081477282,0.4033989906311035
sentinel,knowledge-longbench-02,0,4,362,5,0.00808258742403045,0.007498783434893424,0.0002929105430452821,0.007193095065149531,0.007908410297159574,-4.934633731842041,-4.8398284912109375,0.0007153152320100433,0.09480524063110352
sentinel,knowledge-longbench-02,0,5,2057,5,0.006913403385698183,0.007405268074930911,0.0005295613173438011,0.00657495532628761,0.00796439606345223,-5.024487495422363,-4.8327741622924805,0.0013894407371646197,0.1917133331298828
sentinel,knowledge-longbench-02,0,6,7104,5,0.0043262972907161645,0.005227631829761711,0.0014017274495388195,0.004181867443103239,0.007137117955252599,-5.476997375488281,-4.942446231842041,0.0029552505121493607,0.5345511436462402
sentinel,knowledge-longbench-02,0,7,720,5,0.003476277533580263,0.0029170380603361786,6.275386793316147e-05,0.0028642364005148583,0.003022045884249351,-5.8554534912109375,-5.801821231842041,0.00015780948373449264,0.053632259368896484
sentinel,knowledge-longbench-02,0,8,4815,5,0.0027499618724480643,0.002129769499928266,0.0001170989121431768,0.0019365704835251215,0.0022306695516225938,-6.2468366622924805,-6.1054534912109375,0.00029409906809747225,0.14138317108154297
sentinel,knowledge-longbench-02,0,9,3146,5,0.0022444534670104837,0.002253715472381877,0.000142328886448449,0.002109728037794363,0.002458393046818084,-6.161196231842041,-6.008247375488281,0.00034866500902372075,0.15294885635375977
sentinel,knowledge-longbench-02,0,10,356,5,0.0019197827853663614,0.0019373237001805467,0.0002595588279862261,0.0017646048561247073,0.0023906350624183933,-6.3398284912109375,-6.036196231842041,0.000626030206293686,0.3036322593688965
sentinel,knowledge-longbench-02,0,11,41070,5,0.0015915558296501874,0.00157627219926572,0.00030951016962214254,0.0011651024780495584,0.0019753743081185582,-6.754946231842041,-6.226997375488281,0.0008102718300689999,0.5279488563537598
sentinel,knowledge-longbench-02,0,12,320,5,0.0014719485202193082,0.0011026531987851124,0.00013091160030828406,0.0009472121227335827,0.0013103491346308821,-6.961987495422363,-6.6374616622924805,0.00036313701189729937,0.3245258331298828
sentinel,knowledge-longbench-02,0,13,220,5,0.0014045430899567463,0.0011512447039093497,7.526786066380545e-05,0.001056691482075939,0.001250343879011745,-6.852612495422363,-6.6843366622924805,0.00019365239693580594,0.1682758331298828
sentinel,knowledge-longbench-02,0,14,1115,5,0.001011654436878967,0.0010342681243138347,4.6845110526634174e-05,0.0009898536132122945,0.0011034246003934732,-6.9179534912109375,-6.8093366622924805,0.00011357098718117872,0.10861682891845703
sentinel,knowledge-longbench-02,0,15,763,5,0.000728667355935956,0.0007910975276884934,4.923161586243069e-05,0.0007376895429196419,0.0008593479428466888,-7.211987495422363,-7.0593366622924805,0.00012165839992704696,0.1526508331298828
sentinel,knowledge-longbench-02,0,16,27757,5,0.0006330771698443947,0.0006095759510325269,5.728488778047363e-05,0.0005571799080480491,0.000703908279269686,-7.492622375488281,-7.258862495422363,0.00014672837122163692,0.23375988006591797
sentinel,knowledge-longbench-02,0,17,256,5,0.0005674867074014926,0.00046076271838918693,2.9532552461484998e-05,0.00042861724853233415,0.0005051845942596439,-7.754946231842041,-7.5905866622924805,7.656734572730972e-05,0.16435956954956055
sentinel,knowledge-longbench-02,0,18,4740,5,0.0005086917968571547,0.0005084432238925563,6.518209758270456e-05,0.0004422230205136402,0.0006093689391374472,-7.723696231842041,-7.4030866622924805,0.00016714591862380696,0.32060956954956055
sentinel,knowledge-longbench-02,0,19,22950,5,0.0004217203117740903,0.0005578881970622466,8.234843284139445e-05,0.0004896416983018941,0.0006535632573247602,-7.6218366622924805,-7.333071231842041,0.000163921559022866,0.28876543045043945
sentinel,knowledge-longbench-02,0,20,20817,5,0.0004087453418251738,0.00048097918772167634,2.1564766883737857e-05,0.00045447734325086583,0.0005073180794305233,-7.696362495422363,-7.586372375488281,5.2840736179657506e-05,0.10999011993408203
sentinel,knowledge-longbench-02,0,21,26550,5,0.00034961841818883756,0.0003904840340359122,2.5915855122729542e-05,0.000358501221308928,0.00042861724853233415,-7.9335784912109375,-7.754946231842041,7.011602722340615e-05,0.17863225936889648
sentinel,knowledge-longbench-02,0,22,38527,5,0.00034961841818883756,0.0003533242090155134,2.381119810654829e-05,0.000333807607966726,0.0003934381576050206,-8.004945755004883,-7.8405866622924805,5.963054963829459e-05,0.16435909271240234
sentinel,knowledge-longbench-02,0,23,15073,5,0.00033886179029367017,0.00025982971568525417,1.031969123520829e-05,0.0002470950455828186,0.0002704058275892035,-8.305737495422363,-8.21558666229248,2.331078200638485e-05,0.09015083312988281
sentinel,knowledge-longbench-02,0,24,17010,5,0.000328435952436275,0.00036218367268544047,2.2300110131856698e-05,0.00033652548969189566,0.00038897426416695106,-7.9968366622924805,-7.851997375488281,5.24487744750554e-05,0.14483928680419922
sentinel,knowledge-longbench-02,1,0,423,5,0.5578482253534148,0.5042805518724958,0.018252779619580863,0.48814312116310404,0.5307767434372155,-0.717146635055542,-0.6334137916564941,0.04263362227411144,0.08373284339904785
sentinel,knowledge-longbench-02,1,1,426,5,0.21173530384806863,0.23366625680445022,0.020597278741684353,0.2078551592392013,0.25324531512037685,-1.5709137916564941,-1.373396635055542,0.04539015588117554,0.19751715660095215
sentinel,knowledge-longbench-02,1,2,578,5,0.1421523582470833,0.15845359272536746,0.006522484871311552,0.1536010480490959,0.16949652603374468,-1.873396635055542,-1.7749228477478027,0.01589547798464877,0.09847378730773926
sentinel,knowledge-longbench-02,1,3,6914,5,0.03855986801997612,0.051071943098031605,0.00414771845449505,0.04404342950101364,0.053708828598169764,-3.1225790977478027,-2.924177885055542,0.009665399097156122,0.19840121269226074
sentinel,knowledge-longbench-02,1,4,362,5,0.00808258742403045,0.008600925816879944,0.0002553014136510014,0.00830790466807861,0.008986941254465761,-4.790547847747803,-4.711982727050781,0.0006790365863871516,0.07856512069702148
sentinel,knowledge-longbench-02,1,5,2057,5,0.006913403385698183,0.008775643430760057,0.0007130854518184171,0.008218376942536364,0.010021245919942192,-4.801382541656494,-4.603047847747803,0.0018028689774058273,0.1983346939086914
sentinel,knowledge-longbench-02,1,6,7104,5,0.0043262972907161645,0.004447330568109985,0.0003625841167211706,0.004223264492898322,0.005083011939273862,-5.467146873474121,-5.281851291656494,0.0008597474463755399,0.18529558181762695
sentinel,knowledge-longbench-02,1,7,720,5,0.003476277533580263,0.003410762653178108,0.00019057198875262866,0.003289081694186873,0.0037446660143165933,-5.717146873474121,-5.587422847747803,0.00045558432012972024,0.12972402572631836
sentinel,knowledge-longbench-02,1,8,4815,5,0.0027499618724480643,0.002284186547666712,5.947098036652604e-05,0.0022255039970777994,0.002345424683778115,-6.107771873474121,-6.055288791656494,0.00011992068670031546,0.05248308181762695
sentinel,knowledge-longbench-02,1,9,3146,5,0.0022444534670104837,0.002500770331337321,6.058061908156858e-05,0.0024282693499054504,0.0025615393990185598,-6.020576477050781,-5.967146873474121,0.00013327004911310942,0.053429603576660156
sentinel,knowledge-longbench-02,1,10,356,5,0.0019197827853663614,0.0021228004655972107,0.00014709815197786968,0.0018846016783032422,0.002271254748066921,-6.274038791656494,-6.087422847747803,0.0003866530697636786,0.1866159439086914
sentinel,knowledge-longbench-02,1,11,41070,5,0.0015915558296501874,0.0015365009597559322,6.218328852035889e-05,0.0014664322812317607,0.00163737031316808,-6.524922847747803,-6.414663791656494,0.0001709380319363193,0.1102590560913086
sentinel,knowledge-longbench-02,1,12,320,5,0.0014719485202193082,0.0013871279879165517,8.671444569480518e-05,0.001328909133764,0.0015368078357976094,-6.623396873474121,-6.478047847747803,0.0002078987020336094,0.14534902572631836
sentinel,knowledge-longbench-02,1,13,220,5,0.0014045430899567463,0.0012677445251101775,9.409152225606335e-05,0.0011912264486505855,0.001421314903078783,-6.732771873474121,-6.556172847747803,0.00023008845442819758,0.17659902572631836
sentinel,knowledge-longbench-02,1,14,1115,5,0.001011654436878967,0.0009739931557854053,4.97310970147988e-05,0.0009277280910244448,0.0010398561967472192,-6.982771873474121,-6.868672847747803,0.00011212810572277447,0.11409902572631836
sentinel,knowledge-longbench-02,1,15,763,5,0.000728667355935956,0.0008070472777786872,2.904041768801366e-05,0.0007812253780751432,0.0008487058927489585,-7.154646873474121,-7.071797847747803,6.748051467381526e-05,0.08284902572631836
sentinel,knowledge-longbench-02,1,16,27757,5,0.0006330771698443947,0.000612131824743431,4.4507572239163606e-05,0.0005394702881353034,0.0006615574092819888,-7.524922847747803,-7.320913791656494,0.00012208712114668546,0.2040090560913086
sentinel,knowledge-longbench-02,1,17,256,5,0.0005674867074014926,0.0005300453114471965,3.7935932335983924e-05,0.000504397014162289,0.0005924922010965849,-7.592146873474121,-7.431172847747803,8.80951869342959e-05,0.16097402572631836
sentinel,knowledge-longbench-02,1,18,4740,5,0.0005086917968571547,0.0005409777670723531,1.923570841112212e-05,0.0005204082941241732,0.0005590193460717022,-7.560896873474121,-7.489326477050781,3.861105194752899e-05,0.07157039642333984
sentinel,knowledge-longbench-02,1,19,22950,5,0.0004217203117740903,0.0005179160428954281,2.1572523412580736e-05,0.0004965770632789401,0.0005399474210046437,-7.607771873474121,-7.524038791656494,4.337035772570359e-05,0.08373308181762695
sentinel,knowledge-longbench-02,1,20,20817,5,0.0004087453418251738,0.00048501205018821307,2.009717293324296e-05,0.0004664909799377903,0.0005147661450310252,-7.670271873474121,-7.571797847747803,4.8275165093234894e-05,0.09847402572631836
sentinel,knowledge-longbench-02,1,21,26550,5,0.00034961841818883756,0.00043957518801584903,3.392065992122454e-05,0.00041167684487875255,0.0004916277214251556,-7.795271873474121,-7.617788791656494,7.995087654640308e-05,0.17748308181762695
sentinel,knowledge-longbench-02,1,22,38527,5,0.00034961841818883756,0.00039247507496848117,2.432422518145182e-05,0.0003723871656453063,0.00043347655435125817,-7.895576477050781,-7.743672847747803,6.108938870595188e-05,0.15190362930297852
sentinel,knowledge-longbench-02,1,23,15073,5,0.00033886179029367017,0.0003001020139825572,2.0728344865054122e-05,0.0002810925799015176,0.0003272051137344763,-8.176826477050781,-8.024923324584961,4.6112533832958695e-05,0.1519031524658203
sentinel,knowledge-longbench-02,1,24,17010,5,0.000328435952436275,0.00035950522135546616,2.037766970005628e-05,0.0003466666600879194,0.0003946848941521361,-7.967146873474121,-7.837422847747803,4.801823406421667e-05,0.12972402572631836
sentinel,knowledge-longbench-02,2,0,423,5,0.5578482253534148,0.498154292251695,0.01612414326629482,0.48205132940564926,0.5227339760626463,-0.7297046780586243,-0.6486825942993164,0.040682646656997,0.08102208375930786
sentinel,knowledge-longbench-02,2,1,426,5,0.21173530384806863,0.23329415668942147,0.012537162820426537,0.21452959152548767,0.24574907347355532,-1.5393075942993164,-1.4034442901611328,0.031219481948067646,0.1358633041381836
sentinel,knowledge-longbench-02,2,2,578,5,0.1421523582470833,0.17298777165866358,0.006328799361909787,0.1644855434668006,0.18100542474358092,-1.8049325942993164,-1.709228277206421,0.016519881276780307,0.09570431709289551
sentinel,knowledge-longbench-02,2,3,6914,5,0.03855986801997612,0.04371813675070642,0.005835362021832027,0.03547272579813894,0.04963087701594557,-3.338991165161133,-3.0031421184539795,0.014158151217806628,0.3358490467071533
sentinel,knowledge-longbench-02,2,4,362,5,0.00808258742403045,0.007220648109907727,0.0005483168214384657,0.006390274595732898,0.007693091241106003,-5.052978038787842,-4.867432594299316,0.0013028166453731048,0.1855454444885254
sentinel,knowledge-longbench-02,2,5,2057,5,0.006913403385698183,0.009783960627674202,0.0007363008727647929,0.008854693741378495,0.010547337820826373,-4.726807594299316,-4.551881790161133,0.0016926440794478772,0.1749258041381836
sentinel,knowledge-longbench-02,2,6,7104,5,0.0043262972907161645,0.003976308664071652,0.000208170218009842,0.003669625965790543,0.004248528487228461,-5.607665538787842,-5.461182594299316,0.0005789025214379181,0.1464829444885254
sentinel,knowledge-longbench-02,2,7,720,5,0.003476277533580263,0.0033541748997920596,0.00047798351472540284,0.0029117883674521865,0.004162791940991169,-5.838987827301025,-5.481569290161133,0.001251003573538983,0.3574185371398926
sentinel,knowledge-longbench-02,2,8,4815,5,0.0027499618724480643,0.002442413465963205,0.00026506859278012325,0.0022325455834552254,0.0029060971308167106,-6.104612827301025,-5.840944290161133,0.0006735515473614852,0.2636685371398926
sentinel,knowledge-longbench-02,2,9,3146,5,0.0022444534670104837,0.002423530387652891,0.00019926455374743912,0.002093183240453306,0.002617442470391022,-6.169069290161133,-5.945557594299316,0.000524259229937716,0.2235116958618164
sentinel,knowledge-longbench-02,2,10,356,5,0.0019197827853663614,0.0024159070054039526,0.0004602341548514532,0.0018506749716874086,0.0028356671625359335,-6.292204856872559,-5.865478038787842,0.000984992190848525,0.4267268180847168
sentinel,knowledge-longbench-02,2,11,41070,5,0.0015915558296501874,0.0016666678006224786,0.00015315680571135543,0.0014942915877558603,0.0017989401477519062,-6.506103038787842,-6.320557594299316,0.0003046485599960459,0.1855454444885254
sentinel,knowledge-longbench-02,2,12,320,5,0.0014719485202193082,0.0011812039275283465,0.00015078011561830268,0.0010544828130268726,0.0014386223997085027,-6.854704856872559,-6.544069290161133,0.00038413958668163006,0.3106355667114258
sentinel,knowledge-longbench-02,2,13,220,5,0.0014045430899567463,0.0012327276745193955,0.00014092763251945972,0.0010880558193649735,0.0014612774060253906,-6.823362827301025,-6.528444290161133,0.00037322158666041705,0.2949185371398926
sentinel,knowledge-longbench-02,2,14,1115,5,0.001011654436878967,0.001096776880381674,4.3065230132031096e-05,0.0010270105876521419,0.001140272708386327,-6.881103038787842,-6.776487827301025,0.00011326212073418506,0.1046152114868164
sentinel,knowledge-longbench-02,2,15,763,5,0.000728667355935956,0.000914711902660365,2.75855959944084e-05,0.0008863095490997459,0.0009601175271581328,-7.028444290161133,-6.948454856872559,7.380797805838695e-05,0.07998943328857422
sentinel,knowledge-longbench-02,2,16,27757,5,0.0006330771698443947,0.0005827758959808095,4.766982826315043e-05,0.0005245456813970703,0.0006414318632381653,-7.552978038787842,-7.351807594299316,0.00011688618184109499,0.2011704444885254
sentinel,knowledge-longbench-02,2,17,256,5,0.0005674867074014926,0.0005161759472606227,4.677733013992786e-05,0.0004607118211245954,0.0005904094432382849,-7.682737827301025,-7.434694290161133,0.00012969762211368952,0.24804353713989258
sentinel,knowledge-longbench-02,2,18,4740,5,0.0005086917968571547,0.000547366275498449,6.427552974338118e-05,0.00047533638420220713,0.0006198984666072401,-7.651487827301025,-7.385954856872559,0.00014456208240503293,0.2655329704284668
sentinel,knowledge-longbench-02,2,19,22950,5,0.0004217203117740903,0.0005142554746297523,4.143707548113974e-05,0.0004670523116623554,0.0005583759712964743,-7.669069290161133,-7.490478038787842,9.13236596341189e-05,0.17859125137329102
sentinel,knowledge-longbench-02,2,20,20817,5,0.0004087453418251738,0.0005184742441250427,5.591783635918407e-05,0.0004679669766261068,0.0006008261958366613,-7.667112827301025,-7.417204856872559,0.00013285921921055448,0.2499079704284668
sentinel,knowledge-longbench-02,2,21,26550,5,0.00034961841818883756,0.000383463465889899,3.237178493642185e-05,0.0003417027707478371,0.0004194442836902149,-7.981569290161133,-7.776579856872559,7.77415129423778e-05,0.20498943328857422
sentinel,knowledge-longbench-02,2,22,38527,5,0.00034961841818883756,0.0003971268242145101,1.2242492095000296e-05,0.0003830164595811599,0.0004121722183870038,-7.867432594299316,-7.794069290161133,2.9155758805843898e-05,0.0733633041381836
sentinel,knowledge-longbench-02,2,23,15073,5,0.00033886179029367017,0.00028980819123399285,3.0301856366655357e-05,0.00026663967296648657,0.0003417027707478371,-8.229612350463867,-7.981569290161133,7.506309778135056e-05,0.24804306030273438
sentinel,knowledge-longbench-02,2,24,17010,5,0.000328435952436275,0.0003969836757816405,2.7463521321497165e-06,0.0003940314392210292,0.0004002733667913223,-7.839079856872559,-7.823362827301025,6.241927570293073e-06,0.015717029571533203
sentinel,knowledge-longbench-02,3,0,423,5,0.5578482253534148,0.5047136905402364,0.03219768674200578,0.4647983021809895,0.5326974929545691,-0.7661517262458801,-0.6298015713691711,0.06789919077357964,0.13635015487670898
sentinel,knowledge-longbench-02,3,1,426,5,0.21173530384806863,0.2267797320721369,0.024939053686003545,0.20463080973988507,0.2544544925283572,-1.5865478515625,-1.3686332702636719,0.04982368278847216,0.21791458129882812
sentinel,knowledge-longbench-02,3,2,578,5,0.1421523582470833,0.16860746728152484,0.006318179083503058,0.16246356597030734,0.17919571928570233,-1.8173015117645264,-1.7192766666412354,0.016732153315394988,0.09802484512329102
sentinel,knowledge-longbench-02,3,3,6914,5,0.03855986801997612,0.04829311904316015,0.003220532001567013,0.043349466850215804,0.05169556573662333,-3.138460874557495,-2.962383270263672,0.008346098886407527,0.17607760429382324
sentinel,knowledge-longbench-02,3,4,362,5,0.00808258742403045,0.0077384628873725355,0.0002528274698591216,0.007396288896341663,0.00799662779685283,-4.9067769050598145,-4.8287353515625,0.0006003389005111662,0.07804155349731445
sentinel,knowledge-longbench-02,3,5,2057,5,0.006913403385698183,0.009165744904979999,0.00045443679460628876,0.00878257748185597,0.009952794578752904,-4.7349853515625,-4.6099019050598145,0.0011702170968969344,0.12508344650268555
sentinel,knowledge-longbench-02,3,6,7104,5,0.0043262972907161645,0.004175514338110246,0.00016929535319130235,0.00402129252233468,0.004397686155257737,-5.5161519050598145,-5.4266767501831055,0.0003763936329230569,0.08947515487670898
sentinel,knowledge-longbench-02,3,7,720,5,0.003476277533580263,0.0032128039463335803,0.00026463277941506726,0.002929490534204128,0.0036427254185560248,-5.8329267501831055,-5.615023136138916,0.0007132348843518969,0.21790361404418945
sentinel,knowledge-longbench-02,3,8,4815,5,0.0027499618724480643,0.0024416316585252748,0.00027348340399191244,0.0022112954688692085,0.0029042339146577744,-6.1141767501831055,-5.841585636138916,0.0006929384457885659,0.27259111404418945
sentinel,knowledge-longbench-02,3,9,3146,5,0.0022444534670104837,0.002524933056817027,0.00010746789643251922,0.0023336175097008706,0.002585266322586035,-6.060335636138916,-5.9579267501831055,0.0002516488128851643,0.10240888595581055
sentinel,knowledge-longbench-02,3,10,356,5,0.0019197827853663614,0.002439681613681956,0.00038627280826460656,0.0019126639503518061,0.00299642419528347,-6.259258270263672,-5.810335636138916,0.001083760244931664,0.44892263412475586
sentinel,knowledge-longbench-02,3,11,41070,5,0.0015915558296501874,0.0017623081839412244,6.416326442177946e-05,0.0016631400757473234,0.001825076691184654,-6.3990478515625,-6.306133270263672,0.00016193661543733055,0.09291458129882812
sentinel,knowledge-longbench-02,3,12,320,5,0.0014719485202193082,0.0011847453913239625,3.337435872910031e-05,0.0011472049764907582,0.00122642492725871,-6.7704267501831055,-6.7036519050598145,7.921995076795173e-05,0.06677484512329102
sentinel,knowledge-longbench-02,3,13,220,5,0.0014045430899567463,0.0011855679887321044,5.899960810610287e-05,0.0010946706358005074,0.0012457383096166274,-6.8173017501831055,-6.6880269050598145,0.00015106767381612004,0.12927484512329102
sentinel,knowledge-longbench-02,3,14,1115,5,0.001011654436878967,0.00106264250816634,5.115584294788353e-05,0.001003676384226153,0.0011342576384739884,-6.904085636138916,-6.7817769050598145,0.0001305812542478353,0.12230873107910156
sentinel,knowledge-longbench-02,3,15,763,5,0.000728667355935956,0.0008461403274471285,4.7503508832430884e-05,0.0008064766314043291,0.000925754103961362,-7.122835636138916,-6.9849019050598145,0.00011927747255703288,0.13793373107910156
sentinel,knowledge-longbench-02,3,16,27757,5,0.0006330771698443947,0.0006145705445913812,1.399191104883301e-05,0.0005993225427106404,0.0006307296272171991,-7.419710636138916,-7.368633270263672,3.140708450655866e-05,0.05107736587524414
sentinel,knowledge-longbench-02,3,17,256,5,0.0005674867074014926,0.0004974875768759162,2.9322901837450307e-05,0.0004708119737238477,0.0005442227624874366,-7.6610517501831055,-7.5161519050598145,7.341078876358888e-05,0.14489984512329102
sentinel,knowledge-longbench-02,3,18,4740,5,0.0005086917968571547,0.000523089580669229,3.201067507171363e-05,0.000474103153684474,0.0005527930239573299,-7.654085636138916,-7.5005269050598145,7.86898702728559e-05,0.15355873107910156
sentinel,knowledge-longbench-02,3,19,22950,5,0.0004217203117740903,0.0005010008187133882,3.6217861602224506e-05,0.00044725427810615145,0.0005419012600322762,-7.712383270263672,-7.5204267501831055,9.464698192612476e-05,0.1919565200805664
sentinel,knowledge-longbench-02,3,20,20817,5,0.0004087453418251738,0.0004943058703952111,2.6859614606359812e-05,0.000459516533121038,0.0005274787883613494,-7.685335636138916,-7.5474019050598145,6.796225524031133e-05,0.13793373107910156
sentinel,knowledge-longbench-02,3,21,26550,5,0.00034961841818883756,0.000376335153005611,3.4553584431114925e-05,0.0003221451716893367,0.0004172700661862507,-8.040508270263672,-7.7817769050598145,9.512489449691396e-05,0.2587313652038574
sentinel,knowledge-longbench-02,3,22,38527,5,0.00034961841818883756,0.000376574786777501,1.9100458617627653e-05,0.00035380725508831184,0.00040270682176507815,-7.946758270263672,-7.8173017501831055,4.889956667676631e-05,0.1294565200805664
sentinel,knowledge-longbench-02,3,23,15073,5,0.00033886179029367017,0.00027795346762403834,2.691373840734891e-05,0.00025200748961927205,0.00032079408738835345,-8.286051750183105,-8.044711112976074,6.87865977690814e-05,0.24134063720703125
sentinel,knowledge-longbench-02,3,24,17010,5,0.000328435952436275,0.00039311407495079163,9.914908186236632e-06,0.00037694063432017617,0.0004009161437871406,-7.8834228515625,-7.821758270263672,2.397550946696441e-05,0.061664581298828125
sentinel,knowledge-longbench-02,4,0,423,5,0.5578482253534148,0.5152426032377269,0.04528666165581571,0.47553292628677185,0.5646175073352129,-0.7433191537857056,-0.5716067552566528,0.08908458104844102,0.17171239852905273
sentinel,knowledge-longbench-02,4,1,426,5,0.21173530384806863,0.21361609880956517,0.04190743433156827,0.16820963413049275,0.25058824280906633,-1.7825442552566528,-1.3839441537857056,0.08237860867857358,0.39860010147094727
sentinel,knowledge-longbench-02,4,2,578,5,0.1421523582470833,0.17901935345175476,0.006844059757996476,0.17113269837708803,0.18619109219700608,-1.7653160095214844,-1.6809817552566528,0.015058393819918053,0.08433425426483154
sentinel,knowledge-longbench-02,4,3,6914,5,0.03855986801997612,0.039232238096802194,0.013424726440148,0.024548496157724236,0.05021525161097272,-3.7071046829223633,-2.99143648147583,0.025666755453248483,0.7156682014465332
sentinel,knowledge-longbench-02,4,4,362,5,0.00808258742403045,0.006871447582347053,0.000590195512473974,0.006272334682138397,0.007581369055338868,-5.071606636047363,-4.88206148147583,0.0013090343732004711,0.1895451545715332
sentinel,knowledge-longbench-02,4,5,2057,5,0.006913403385698183,0.010489106913368672,0.000957142570642262,0.009730368513824817,0.011536589070795748,-4.632503509521484,-4.462231636047363,0.0018062205569709302,0.1702718734741211
sentinel,knowledge-longbench-02,4,6,7104,5,0.0043262972907161645,0.0038164902848281668,0.00017814797047117432,0.0036586204236782522,0.004089841832335423,-5.610669136047363,-5.49924898147583,0.0004312214086571709,0.1114201545715332
sentinel,knowledge-longbench-02,4,7,720,5,0.003476277533580263,0.003359050948761251,0.00046641803067358327,0.00296332291293228,0.003864273297187091,-5.821444034576416,-5.555981636047363,0.0009009503842548109,0.26546239852905273
sentinel,knowledge-longbench-02,4,8,4815,5,0.0027499618724480643,0.002349054573945283,0.00020646757106946022,0.0021680133567169445,0.0025741609669332807,-6.133944034576416,-5.962231636047363,0.00040614761021633616,0.17171239852905273
sentinel,knowledge-longbench-02,4,9,3146,5,0.0022444534670104837,0.0022099979077564395,0.0001294201918914163,0.002068396445240151,0.0023111650995043262,-6.180981636047363,-6.070003509521484,0.00024276865426417537,0.1109781265258789
sentinel,knowledge-longbench-02,4,10,356,5,0.0019197827853663614,0.002805512342491561,0.0006554482053257312,0.0022586251726864543,0.003518460876293034,-6.09299898147583,-5.649731636047363,0.0012598357036065796,0.4432673454284668
sentinel,knowledge-longbench-02,4,11,41070,5,0.0015915558296501874,0.0018170398388499486,0.0001417070735617343,0.0016620032350886703,0.0019319044875962788,-6.399731636047363,-6.24924898147583,0.0002699012525076085,0.1504826545715332
sentinel,knowledge-longbench-02,4,12,320,5,0.0014719485202193082,0.0013125697052507744,0.0002543706845142043,0.0010747915861776553,0.0015858945657839653,-6.835628509521484,-6.446606636047363,0.00051110297960631,0.3890218734741211
sentinel,knowledge-longbench-02,4,13,220,5,0.0014045430899567463,0.0012650028536558935,0.00010705700811251401,0.0011424627558148488,0.001377849076398533,-6.774569034576416,-6.587231636047363,0.00023538632058368414,0.18733739852905273
sentinel,knowledge-longbench-02,4,14,1115,5,0.001011654436878967,0.0012032072139961777,0.00028362779206003816,0.0009772001798089918,0.0015132711661953711,-6.930819034576416,-6.493481636047363,0.0005360709863863793,0.43733739852905273
sentinel,knowledge-longbench-02,4,15,763,5,0.000728667355935956,0.0009928151445034697,0.00018653193632107564,0.0008502301252605924,0.0011970960228328978,-7.070003509521484,-6.727856636047363,0.00034686589757230546,0.3421468734741211
sentinel,knowledge-longbench-02,4,16,27757,5,0.0006330771698443947,0.0005769369796764955,4.2462562284205214e-05,0.0005395734510290962,0.0006370744829778949,-7.524731636047363,-7.35862398147583,9.75010319487987e-05,0.1661076545715332
sentinel,knowledge-longbench-02,4,17,256,5,0.0005674867074014926,0.00048336148601066994,9.684332822878926e-06,0.000468865770279814,0.000496154106217995,-7.665194034576416,-7.60862398147583,2.728833593818096e-05,0.05657005310058594
sentinel,knowledge-longbench-02,4,18,4740,5,0.0005086917968571547,0.0006145821905503368,0.0001340466831064609,0.0004991050144391159,0.0007609205283959445,-7.602694034576416,-7.180981636047363,0.0002618155139568286,0.42171239852905273
sentinel,knowledge-longbench-02,4,19,22950,5,0.0004217203117740903,0.0005500342013176042,5.781045662845212e-05,0.0004920754451035616,0.0006114168213495493,-7.616878509521484,-7.399731636047363,0.00011934137624598773,0.2171468734741211
sentinel,knowledge-longbench-02,4,20,20817,5,0.0004087453418251738,0.0005405100124487461,4.2823799919973074e-05,0.0004837491674881868,0.0005834180066174323,-7.633944034576416,-7.446606636047363,9.966883912924555e-05,0.18733739852905273
sentinel,knowledge-longbench-02,4,21,26550,5,0.00034961841818883756,0.0004604416656904882,0.00012076412141350871,0.0003656794201853096,0.0005926055033698687,-7.913753509521484,-7.430981636047363,0.00022692608318455914,0.4827718734741211
sentinel,knowledge-longbench-02,4,22,38527,5,0.00034961841818883756,0.0003865407654715358,2.4867001456422684e-05,0.0003656794201853096,0.0004137053154377243,-7.913753509521484,-7.790356636047363,4.802589525241467e-05,0.1233968734741211
sentinel,knowledge-longbench-02,4,23,15073,5,0.00033886179029367017,0.0002560317229721333,1.8994377575127117e-05,0.00023610037878765109,0.000275587152592911,-8.351253509521484,-8.196606636047363,3.948677380525992e-05,0.1546468734741211
sentinel,knowledge-longbench-02,4,24,17010,5,0.000328435952436275,0.0003563820104726861,2.279292180605829e-05,0.0003324215598093649,0.0003826770888027809,-8.009106636047363,-7.868319034576416,5.025552899341599e-05,0.14078760147094727
sentinel,knowledge-longbench-02,5,0,423,5,0.5578482253534148,0.5261431323862362,0.017466644382214354,0.5124571338294035,0.5557131275098313,-0.6685382127761841,-0.5875030755996704,0.04325599368042776,0.08103513717651367
sentinel,knowledge-longbench-02,5,1,426,5,0.21173530384806863,0.22474294725220584,0.019074413890934103,0.19814561771273445,0.2458796199109112,-1.6187530755996704,-1.402913212776184,0.04773400219817675,0.21583986282348633
sentinel,knowledge-longbench-02,5,2,578,5,0.1421523582470833,0.16007815274629214,0.008744312140475996,0.15428844442988865,0.17536671919199398,-1.8689314126968384,-1.7408759593963623,0.02107827476210533,0.12805545330047607
sentinel,knowledge-longbench-02,5,3,6914,5,0.03855986801997612,0.03850806729386512,0.004426202600385162,0.03340643130255538,0.043689388017976206,-3.3990068435668945,-3.130650043487549,0.01028295671542083,0.2683568000793457
sentinel,knowledge-longbench-02,5,4,362,5,0.00808258742403045,0.007454882263052807,0.0006363511701461111,0.006387733802584917,0.007973800969028192,-5.053375720977783,-4.831593990325928,0.001586067166443275,0.22178173065185547
sentinel,knowledge-longbench-02,5,5,2057,5,0.006913403385698183,0.008301682536556143,0.0006055771678784781,0.0077284729042818015,0.00918581832201412,-4.862843990325928,-4.690094470977783,0.0014573454177323189,0.17274951934814453
sentinel,knowledge-longbench-02,5,6,7104,5,0.0043262972907161645,0.004380865206746408,0.0003541833825562619,0.003814290068880696,0.004761374031442535,-5.569000720977783,-5.347218990325928,0.0009470839625618389,0.22178173065185547
sentinel,knowledge-longbench-02,5,7,720,5,0.003476277533580263,0.00319394195113564,0.00038087417346104226,0.0028258917697549014,0.0037627673552160803,-5.868931293487549,-5.5826005935668945,0.0009368755854611789,0.2863306999206543
sentinel,knowledge-longbench-02,5,8,4815,5,0.0027499618724480643,0.0022170452102873084,0.0002759887467371453,0.0018827854875218455,0.0026474374851136006,-6.275002956390381,-5.9341630935668945,0.0007646519975917552,0.34083986282348633
sentinel,knowledge-longbench-02,5,9,3146,5,0.0022444534670104837,0.002297232221960343,0.00011124807180949683,0.0021733169697899495,0.002431871896685146,-6.131500720977783,-6.019093990325928,0.00025855492689519626,0.11240673065185547
sentinel,knowledge-longbench-02,5,10,356,5,0.0019197827853663614,0.0020030459743977215,0.00012034465450670901,0.0019124350447105806,0.002194802763721465,-6.259377956390381,-6.1216630935668945,0.0002823677190108844,0.13771486282348633
sentinel,knowledge-longbench-02,5,11,41070,5,0.0015915558296501874,0.001644391148953665,8.185965883785342e-05,0.0015808571270400948,0.0017516116178952971,-6.4497880935668945,-6.347218990325928,0.00017075449085520236,0.1025691032409668
sentinel,knowledge-longbench-02,5,12,320,5,0.0014719485202193082,0.0013534334009278758,0.0001183690756379665,0.0011780069505329027,0.0015084644085665583,-6.743931293487549,-6.4966630935668945,0.00033045745803365564,0.2472681999206543
sentinel,knowledge-longbench-02,5,13,220,5,0.0014045430899567463,0.0013435516826249712,9.676330635569237e-05,0.0012345406844715345,0.0014850778355832474,-6.697056293487549,-6.5122880935668945,0.0002505371511117129,0.1847681999206543
sentinel,knowledge-longbench-02,5,14,1115,5,0.001011654436878967,0.0010814209975744855,4.326980050878555e-05,0.0010367514154455604,0.0011419671238439971,-6.8716630935668945,-6.775002956390381,0.00010521570839843678,0.09666013717651367
sentinel,knowledge-longbench-02,5,15,763,5,0.000728667355935956,0.0008579033649714445,2.521235409298877e-05,0.0008330531656145933,0.0008893648902915049,-7.0904130935668945,-7.025002956390381,5.6311724676911656e-05,0.06541013717651367
sentinel,knowledge-longbench-02,5,16,27757,5,0.0006330771698443947,0.0005855639815672976,4.920513560123454e-05,0.0005394270736337603,0.0006404712698255068,-7.525002956390381,-7.353306293487549,0.00010104419619174645,0.17169666290283203
sentinel,knowledge-longbench-02,5,17,256,5,0.0005674867074014926,0.0005489749928910272,5.407654582787565e-05,0.00048353930370745546,0.0006190725459210203,-7.634377956390381,-7.3872880935668945,0.00013553324221356487,0.24708986282348633
sentinel,knowledge-longbench-02,5,18,4740,5,0.0005086917968571547,0.0005710283547527197,4.6463259408540756e-05,0.0005132291668345989,0.0006226657369424734,-7.5747880935668945,-7.381500720977783,0.00010943657010787451,0.19328737258911133
sentinel,knowledge-longbench-02,5,19,22950,5,0.0004217203117740903,0.0004848170366560262,2.925449746958509e-05,0.0004389881696898557,0.0005147249094655863,-7.7310380935668945,-7.571877956390381,7.57367397757306e-05,0.15916013717651367
sentinel,knowledge-longbench-02,5,20,20817,5,0.0004087453418251738,0.0004973290122433612,3.406599116441128e-05,0.0004389881696898557,0.0005243371203950147,-7.7310380935668945,-7.553375720977783,8.534895070515903e-05,0.17766237258911133
sentinel,knowledge-longbench-02,5,21,26550,5,0.00034961841818883756,0.00037465933432654237,4.638420306561888e-05,0.0003211706058677789,0.0004267219377997414,-8.043538093566895,-7.759377956390381,0.0001055513319319625,0.28416013717651367
sentinel,knowledge-longbench-02,5,22,38527,5,0.00034961841818883756,0.0003940434488884614,1.3005282964660392e-05,0.00037651363603657484,0.000408354159957043,-7.884556293487549,-7.803375720977783,3.1840523920468146e-05,0.08118057250976562
sentinel,knowledge-longbench-02,5,23,15073,5,0.00033886179029367017,0.00028490843337431674,1.5517621089414972e-05,0.0002720223848491623,0.00031128922514395444,-8.209626197814941,-8.074788093566895,3.926684029479212e-05,0.13483810424804688
sentinel,knowledge-longbench-02,5,24,17010,5,0.000328435952436275,0.00037747881715853555,2.1367461381002957e-05,0.00036146548781082293,0.0004123912210272292,-7.925343990325928,-7.7935380935668945,5.092573321640627e-05,0.1318058967590332
sentinel,knowledge-longbench-02,6,0,423,5,0.5578482253534148,0.5111388359208917,0.026357550649162186,0.4763595589102542,0.5420840306804734,-0.7415823340415955,-0.6123342514038086,0.06572447177021917,0.12924808263778687
sentinel,knowledge-longbench-02,6,1,426,5,0.21173530384806863,0.23178645435483958,0.022892348612377742,0.20575189044403616,0.25497688279317177,-1.5810842514038086,-1.3665823936462402,0.049224992349135605,0.21450185775756836
sentinel,knowledge-longbench-02,6,2,578,5,0.1421523582470833,0.15830839090070842,0.007273682551181574,0.1508359851689135,0.16721792223985907,-1.8915622234344482,-1.7884573936462402,0.016381937070945568,0.10310482978820801
sentinel,knowledge-longbench-02,6,3,6914,5,0.03855986801997612,0.046286637815866595,0.005635847010963626,0.03776408533571153,0.05072147066895862,-3.2763967514038086,-2.9814059734344482,0.012957385333247091,0.29499077796936035
sentinel,knowledge-longbench-02,6,4,362,5,0.00808258742403045,0.007779972719876543,0.0006265479736283043,0.006823830885557755,0.008357874391154298,-4.987334251403809,-4.78455114364624,0.0015340435055965426,0.20278310775756836
sentinel,knowledge-longbench-02,6,5,2057,5,0.006913403385698183,0.00884915733518932,0.0007053323538445057,0.008119899823816787,0.00966080789334002,-4.813437461853027,-4.639678001403809,0.0015409080695232332,0.17375946044921875
sentinel,knowledge-longbench-02,6,6,7104,5,0.0043262972907161645,0.00441325644344682,0.00017210054949501325,0.00420404025165817,0.004679837276925987,-5.471709251403809,-5.364491939544678,0.0004757970252678174,0.10721731185913086
sentinel,knowledge-longbench-02,6,7,720,5,0.003476277533580263,0.003540690931276372,0.00041794371481051025,0.003204737927469913,0.00420404025165817,-5.743124961853027,-5.471709251403809,0.000999302324188257,0.27141571044921875
sentinel,knowledge-longbench-02,6,8,4815,5,0.0027499618724480643,0.002383007014787774,0.00015052252640126667,0.0022807705341271805,0.002630821165221744,-6.083241939544678,-5.940459251403809,0.0003500506310945635,0.14278268814086914
sentinel,knowledge-longbench-02,6,9,3146,5,0.0022444534670104837,0.0023588645718864197,0.00022892984270414635,0.0021093679217060127,0.0025550398416352782,-6.161366939544678,-5.969687461853027,0.0004456719199292655,0.1916794776916504
sentinel,knowledge-longbench-02,6,10,356,5,0.0019197827853663614,0.0025829056661093737,0.00024940870581332186,0.0021810273506941156,0.0027626567771115024,-6.127959251403809,-5.891562461853027,0.0005816294264173868,0.23639678955078125
sentinel,knowledge-longbench-02,6,11,41070,5,0.0015915558296501874,0.0015813288350170738,0.00015876598554747244,0.0013863453327735552,0.0018288235391437585,-6.581084251403809,-6.30408239364624,0.0004424782063702033,0.27700185775756836
sentinel,knowledge-longbench-02,6,12,320,5,0.0014719485202193082,0.0013359095205205166,0.0002858115271681718,0.0011267054973493654,0.0018081351812732774,-6.78845739364624,-6.315459251403809,0.000681429683923912,0.47299814224243164
sentinel,knowledge-longbench-02,6,13,220,5,0.0014045430899567463,0.0013789868030947368,0.00015261991895489723,0.0012767245913833227,0.0016463258173250853,-6.66345739364624,-6.409209251403809,0.0003696012259417627,0.25424814224243164
sentinel,knowledge-longbench-02,6,14,1115,5,0.001011654436878967,0.0010501185809734445,4.770458803815419e-05,0.0010005679783677724,0.001096689424347303,-6.907187461853027,-6.815459251403809,9.612144597953066e-05,0.09172821044921875
sentinel,knowledge-longbench-02,6,15,763,5,0.000728667355935956,0.0008159321073372723,5.237417879539814e-05,0.0007671620801913841,0.0008912974091563137,-7.172812461853027,-7.02283239364624,0.00012413532896492967,0.1499800682067871
sentinel,knowledge-longbench-02,6,16,27757,5,0.0006330771698443947,0.0006088769706689731,4.9109585859178363e-05,0.0005514500737885973,0.0006460152408240871,-7.502959251403809,-7.344687461853027,9.456516703548984e-05,0.15827178955078125
sentinel,knowledge-longbench-02,6,17,256,5,0.0005674867074014926,0.0005719734363696398,7.166258387617373e-05,0.0005158433655780186,0.000697098211291176,-7.56970739364624,-7.268584251403809,0.00018125484571315743,0.30112314224243164
sentinel,knowledge-longbench-02,6,18,4740,5,0.0005086917968571547,0.000502890858146431,7.376191048360857e-05,0.00043711577707789765,0.0006151870122617247,-7.735312461853027,-7.393584251403809,0.00017807123518382708,0.34172821044921875
sentinel,knowledge-longbench-02,6,19,22950,5,0.0004217203117740903,0.0005236076491057283,3.439119602129882e-05,0.0004696807292079348,0.0005514500737885973,-7.66345739364624,-7.502959251403809,8.176934458066249e-05,0.16049814224243164
sentinel,knowledge-longbench-02,6,20,20817,5,0.0004087453418251738,0.0004667675599985613,3.6990318768490814e-05,0.0004303389250920406,0.0005158433655780186,-7.750937461853027,-7.56970739364624,8.550444048597796e-05,0.1812300682067871
sentinel,knowledge-longbench-02,6,21,26550,5,0.00034961841818883756,0.00038344148740377976,3.1975237336478444e-05,0.00034903708046806555,0.00042854408651136464,-7.96033239364624,-7.755116939544678,7.950700604329909e-05,0.2052154541015625
sentinel,knowledge-longbench-02,6,22,38527,5,0.00034961841818883756,0.00039514870985326856,4.438469594912503e-05,0.0003680883887359759,0.00047168024385841,-7.907187461853027,-7.659209251403809,0.00010359185512243412,0.24797821044921875
sentinel,knowledge-longbench-02,6,23,15073,5,0.00033886179029367017,0.0003131705514169725,4.109543567056876e-05,0.00027183048120832967,0.0003790057235033934,-8.210331916809082,-7.877959251403809,0.00010717524229506372,0.33237266540527344
sentinel,knowledge-longbench-02,6,24,17010,5,0.000328435952436275,0.00035711778265234116,1.0716652329749204e-05,0.0003457870406485404,0.00036734494327624094,-7.969687461853027,-7.909209251403809,2.1557902627700567e-05,0.06047821044921875
sentinel,knowledge-longbench-02,7,0,423,5,0.5578482253534148,0.5262357058738473,0.02956878218894689,0.48180291479027904,0.5619300023289713,-0.7302201390266418,-0.5763779878616333,0.08012708753869224,0.15384215116500854
sentinel,knowledge-longbench-02,7,1,426,5,0.21173530384806863,0.22273890906520305,0.021996690566039624,0.19118705438248795,0.24608086454032185,-1.6545029878616333,-1.402095079421997,0.0548938101578339,0.25240790843963623
sentinel,knowledge-longbench-02,7,2,578,5,0.1421523582470833,0.1653428941807001,0.009480533366105133,0.14924537647903358,0.17435010290199898,-1.9021635055541992,-1.7466899156570435,0.025104726422965407,0.15547358989715576
sentinel,knowledge-longbench-02,7,3,6914,5,0.03855986801997612,0.03520755718793118,0.01095704888380106,0.02764929548171027,0.05363611881152783,-3.5881550312042236,-2.925532579421997,0.025986823329817558,0.6626224517822266
sentinel,knowledge-longbench-02,7,4,362,5,0.00808258742403045,0.007214198084363785,0.00029204126161719757,0.006875737590552724,0.007648445391041595,-4.9797563552856445,-4.873252868652344,0.0007727078004888715,0.10650348663330078
sentinel,knowledge-longbench-02,7,5,2057,5,0.006913403385698183,0.008007880038013516,0.000831963455428169,0.007309614106314398,0.008927938555831474,-4.918564796447754,-4.718569755554199,0.0016183244495170763,0.1999950408935547
sentinel,knowledge-longbench-02,7,6,7104,5,0.0043262972907161645,0.005571119433442896,0.0012149624508691172,0.004135690375003398,0.006769139159683308,-5.488101005554199,-4.9953813552856445,0.0026334487846799096,0.4927196502685547
sentinel,knowledge-longbench-02,7,7,720,5,0.003476277533580263,0.0031531502410915304,0.00016716017428078836,0.002948738377790301,0.0033233471778235566,-5.826377868652344,-5.706782817840576,0.0003746088000332556,0.11959505081176758
sentinel,knowledge-longbench-02,7,8,4815,5,0.0027499618724480643,0.0021085925699863076,0.00019386291280242246,0.001845273325328552,0.0023382667765574163,-6.295127868652344,-6.058345317840576,0.0004929934512288643,0.23678255081176758
sentinel,knowledge-longbench-02,7,9,3146,5,0.0022444534670104837,0.002200579331414334,0.00026406466236420883,0.0019642832300011764,0.002608525087790015,-6.232627868652344,-5.948970317840576,0.0006442418577888385,0.2836575508117676
sentinel,knowledge-longbench-02,7,10,356,5,0.0019197827853663614,0.0025552208529931978,0.0002862040500460174,0.0023020153102888976,0.0028871771885582115,-6.073970317840576,-5.847476005554199,0.0005851618782693139,0.22649431228637695
sentinel,knowledge-longbench-02,7,11,41070,5,0.0015915558296501874,0.0014029854264471357,0.00027719938428269177,0.0011490510452633552,0.0018210439966127655,-6.7688188552856445,-6.308345317840576,0.0006719929513494102,0.46047353744506836
sentinel,knowledge-longbench-02,7,12,320,5,0.0014719485202193082,0.0011778606254433876,0.00013660116303964364,0.001019056715133157,0.0013116487860702405,-6.888877868652344,-6.636470317840576,0.0002925920709370834,0.2524075508117676
sentinel,knowledge-longbench-02,7,13,220,5,0.0014045430899567463,0.0012083549215070963,0.0001464464669338928,0.0010032577051550286,0.001374596125607651,-6.904502868652344,-6.589595317840576,0.0003713384204526225,0.3149075508117676
sentinel,knowledge-longbench-02,7,14,1115,5,0.001011654436878967,0.0010738965214207427,4.122582864565575e-05,0.0010351045233163792,0.0011386182689830373,-6.873252868652344,-6.777939796447754,0.00010351374566665815,0.09531307220458984
sentinel,knowledge-longbench-02,7,15,763,5,0.000728667355935956,0.0008210310940269166,3.750236371971827e-05,0.0007692243652553375,0.0008602002750696922,-7.170127868652344,-7.058345317840576,9.097590981435469e-05,0.11178255081176758
sentinel,knowledge-longbench-02,7,16,27757,5,0.0006330771698443947,0.0006264589261706444,4.650951130401158e-05,0.0005597048282800179,0.0006861297176803783,-7.488101005554199,-7.2844438552856445,0.00012642488940036042,0.2036571502685547
sentinel,knowledge-longbench-02,7,17,256,5,0.0005674867074014926,0.00047501891462363563,7.389314853847811e-05,0.00038079367359166176,0.000555387040031614,-7.873252868652344,-7.495845317840576,0.0001745933664399523,0.3774075508117676
sentinel,knowledge-longbench-02,7,18,4740,5,0.0005086917968571547,0.00045410254664633286,3.473093971057444e-05,0.0004097067675320353,0.0004978457251245832,-7.8000688552856445,-7.605220317840576,8.813895759254793e-05,0.19484853744506836
sentinel,knowledge-longbench-02,7,19,22950,5,0.0004217203117740903,0.0005733884983578805,9.168579665637452e-05,0.00046401160023029566,0.0006754922623798592,-7.675601005554199,-7.3000688552856445,0.0002114806621495636,0.3755321502685547
sentinel,knowledge-longbench-02,7,20,20817,5,0.0004087453418251738,0.0004518875690506423,4.301819402010575e-05,0.00039710141548192216,0.0004901273425635262,-7.8313188552856445,-7.620845317840576,9.302592708160403e-05,0.21047353744506836
sentinel,knowledge-longbench-02,7,21,26550,5,0.00034961841818883756,0.00040444519922929053,5.601511770266502e-05,0.0003139659537274835,0.00045291105585616747,-8.0662260055542,-7.699814796447754,0.00013894510212868395,0.3664112091064453
sentinel,knowledge-longbench-02,7,22,38527,5,0.00034961841818883756,0.00037534790487005887,2.957641387405383e-05,0.000336049237468451,0.00040632983860154306,-7.998252868652344,-7.808345317840576,7.028060113309207e-05,0.18990755081176758
sentinel,knowledge-longbench-02,7,23,15073,5,0.00033886179029367017,0.00028678598218578134,2.0966336415883875e-05,0.0002617154092909781,0.0003139659537274835,-8.248252868652344,-8.0662260055542,5.225054443650542e-05,0.18202686309814453
sentinel,knowledge-longbench-02,7,24,17010,5,0.000328435952436275,0.00034595334819822516,2.634399756503204e-05,0.0003262195958562864,0.0003907369425678126,-8.027939796447754,-7.847476005554199,6.451734671152623e-05,0.1804637908935547
