{
  "variant": "dsp_phase_benefit_exp_retention_penalty_nnls",
  "params": {
    "rho": [
      0.1443986012284132,
      1.9990713778751346,
      1.7054150695255568,
      1.5520138142397562,
      2.0,
      2.0,
      2.0,
      2.0,
      1.964368496829223,
      1.9928529291947386,
      2.0,
      1.1439522347063833,
      2.0,
      1.8691600739204677,
      2.0,
      1.99960556601618,
      1.9970484877629486,
      1.7238952244314132,
      2.0,
      2.0,
      1.1757139357223076,
      2.0,
      1.3435258506015484,
      0.20452915098083255,
      1.8165529278274841,
      1.4089258738601507,
      0.32247250463453225,
      1.0896793395537903,
      2.0,
      0.08823665132616548,
      1.9999913744710114,
      0.3427422928335668,
      2.0,
      0.12260212772491895,
      0.6814151551639628,
      0.12024156302379985,
      0.5298677649889916,
      2.0,
      1.3423562678277
    ],
    "tau": [
      3.11702504216265,
      1.6943433924195759,
      2.297032384782111,
      2.0660173799804618,
      2.2092007118116816,
      1.0894594928077652,
      1.8731599466043294,
      1.8294332345058062,
      2.95177920752363,
      1.346956031650106,
      0.4602824261326463,
      1.2722678690289864,
      0.9888018808075599,
      0.4512377487439511,
      1.3375886532701566,
      1.6950691793085175,
      2.1225483951764565,
      0.9281721822483806,
      2.014516219398238,
      2.113253085104115,
      2.139358406813547,
      2.5171583129352015,
      0.039409107231969734,
      1.2025704356553648,
      2.6334835407762935,
      1.4931104278619522,
      2.4158382306428106,
      3.427415784851051,
      1.507987045539138,
      0.9858045084504662,
      1.212988034365984,
      1.7235547910966127,
      2.094429894838539,
      2.6072554137775503,
      3.8443083930538036,
      3.6107138254917808,
      3.6817810437267178,
      1.6129658882410052,
      -0.19248361980026146
    ],
    "gamma": 0.8828638723711719,
    "lam": 2.2637257667991015
  },
  "intercept": 0.774161875874787,
  "benefit_coef": [
    0.014782652792091015,
    0.0,
    0.0,
    0.0005470106117200063,
    0.0005940158787081284,
    0.0,
    0.0,
    0.0020298094511004847,
    0.0,
    0.0,
    0.0,
    0.03590953771785359,
    0.0,
    0.0,
    0.0,
    0.0,
    0.0,
    0.0,
    0.0,
    0.0016434373109126294,
    0.0,
    0.00039286864704835673,
    0.0,
    0.12874420079894974,
    0.0,
    0.010470317195051784,
    0.026401075137348778,
    0.0006817330371531349,
    0.020595050503577055,
    0.014289387424516053,
    0.0,
    0.013607667205695416,
    0.017102107146894217,
    0.004289509992168189,
    0.013608260392693429,
    0.008172292003964224,
    0.00030550263449409304,
    0.019197278973311704,
    0.0
  ],
  "penalty_coef": [
    0.11849607079852872,
    0.056782606896987296,
    0.07598453283649147,
    0.1496972642651068,
    0.0776279319952216,
    0.06693613128598737,
    0.16148409973128605,
    0.21934826405613106,
    0.3361376529501163,
    0.1049069896234826,
    0.02295281908607625,
    0.681162341645616,
    0.09670133527711447,
    0.022339057962477198,
    0.048616744923448835,
    0.18095486137910172,
    0.1793174825182876,
    0.09894683903388027,
    0.33070933530573504,
    0.19608431361629647,
    0.03001904546394145,
    0.2398441392019269,
    0.004312484046945422,
    0.29320912509516284,
    0.11116313598272294,
    0.20584358732456398,
    0.49631001931829977,
    0.3518552856643723,
    0.006826266537816551,
    0.006204275829595369,
    0.2727645531327253,
    0.0,
    0.005847862971690379,
    0.018916814220619742,
    0.33697244430464823,
    0.33827101706437407,
    0.08403162109095653,
    0.6663574444009731,
    0.004122983535214074
  ],
  "metrics": {
    "variant": "dsp_phase_benefit_exp_retention_penalty_nnls",
    "description": "Canonical DSP plus original GRP-style exponential phase-0 retention.",
    "phase_mode": "benefit_gain",
    "retention_mode": "exp_phase0",
    "penalty_mode": "log_softplus_squared",
    "linear_mode": "nnls",
    "m_dependent_params_per_domain": 4,
    "total_param_count": 159,
    "fitted_gamma": 0.8828638723711719,
    "fitted_gamma_benefit": 0.8828638723711719,
    "fitted_gamma_saturation": 1.0,
    "fitted_gamma_penalty": 1.0,
    "fitted_lam": 2.2637257667991015,
    "train_rmse": 0.004991524517166055,
    "train_spearman": 0.9651445508354852,
    "train_pearson": 0.9630948589185001,
    "cv_rmse": 0.011461516277088897,
    "cv_mae": 0.006044399770923403,
    "oof_spearman": 0.9043894665672613,
    "oof_pearson": 0.8112593390357521,
    "cv_foldmean_regret_at_1": 0.0012868642807006391,
    "cv_regret_at_1": 0.0,
    "lower_tail_optimism": 0.003977353099335485,
    "raw_predicted_optimum_value": 0.8473418336758034,
    "raw_nearest_observed_tv": 0.49999999999999994,
    "raw_nearest_observed_run_name": "baseline_stratified",
    "raw_nearest_observed_value": 0.9688005447387696,
    "raw_phase0_support_gt_1e3": 1,
    "raw_phase1_support_gt_1e3": 12,
    "phase0_max_weight": 0.9999999999848967,
    "phase1_max_weight": 0.21040613690965745,
    "optimum_success": true,
    "optimum_message": "CONVERGENCE: NORM OF PROJECTED GRADIENT <= PGTOL"
  }
}
