{
  "result": {
    "Baseline": 3.246260643005371,
    "beta1=0.8": 3.2750699520111084,
    "beta1=0.9": 3.256673812866211,
    "beta1=0.95": 3.2488999366760254,
    "decay=0.0": 3.557800531387329,
    "decay=0.2": 3.2878518104553223,
    "decay=0.4": 3.2659668922424316,
    "decay=0.6": 3.2550034523010254,
    "decay=0.8": 3.249434232711792,
    "learning_rate=0.016": 3.265222549438477,
    "learning_rate=0.032": 3.324959516525269,
    "learning_rate=0.064": 5.264342308044434,
    "learning_rate=0.128": 6.173503398895264,
    "max_grad_norm=0": 3.24726939201355,
    "max_grad_norm=1.0": 3.246783971786499,
    "momentum=0.8": 3.2488222122192383,
    "momentum=0.95": 3.2454497814178467,
    "momentum=0.98": 3.2470850944519043,
    "scion_epsilon=1e-20": 3.246193170547486,
    "scion_epsilon=1e-15": 3.246193170547486,
    "scion_epsilon=1e-10": 3.247074604034424,
    "scion_to_signum_lr=0.1": 3.245243549346924,
    "scion_to_signum_lr=0.3": 3.2496039867401123,
    "scion_to_signum_lr=0.4": 3.2490079402923584,
    "scion_to_signum_lr=0.5": 3.251303195953369,
    "scion_to_signum_lr=0.6": 3.2522940635681152,
    "train_batch_size=256": 3.249743700027466,
    "train_batch_size=512": 3.271573543548584,
    "train_batch_size=1024": 3.3191709518432617,
    "weight_decay=0": 3.3082869052886963,
    "weight_decay=0.2": 3.2614033222198486
  },
  "name": {
    "Baseline": "sweep-130m-21B-scion51ccaelr0.008-wd0.1-minlr0-warmup0-b10.98-gn-4abd83",
    "beta1=0.8": "sweep-130m-21B-scion1d7c34lr0.008-wd0.1-minlr0-warmup0-b10.8-gn2-fd6d80",
    "beta1=0.9": "sweep-130m-21B-scion766235lr0.008-wd0.1-minlr0-warmup0-b10.9-gn2-b7a715",
    "beta1=0.95": "sweep-130m-21B-scionj3bd025lr0.008-wd0.1-minlr0-warmup0-b10.95-g-681640",
    "decay=0.0": "sweep-130m-21B-scion5791a0lr0.008-wd0.1-minlr0-warmup0-b10.98-gn-7d7f4f",
    "decay=0.2": "sweep-130m-21B-sciona129e1lr0.008-wd0.1-minlr0-warmup0-b10.98-gn-c5ab97",
    "decay=0.4": "sweep-130m-21B-scionk8eae89lr0.008-wd0.1-minlr0-warmup0-b10.98-g-10c992",
    "decay=0.6": "sweep-130m-21B-scionk6861bflr0.008-wd0.1-minlr0-warmup0-b10.98-g-c52551",
    "decay=0.8": "sweep-130m-21B-scione2dcaclr0.008-wd0.1-minlr0-warmup0-b10.98-gn-61fe4b",
    "learning_rate=0.016": "sweep-130m-21B-sciona69758lr0.016-wd0.1-minlr0-warmup0-b10.98-gn-84229e",
    "learning_rate=0.032": "sweep-130m-21B-scion48e30elr0.032-wd0.1-minlr0-warmup0-b10.98-gn-b8cecb",
    "learning_rate=0.064": "sweep-130m-21B-scion32f5fdlr0.064-wd0.1-minlr0-warmup0-b10.98-gn-4e855e",
    "learning_rate=0.128": "sweep-130m-21B-scion14cd60lr0.128-wd0.1-minlr0-warmup0-b10.98-gn-100c56",
    "max_grad_norm=0": "sweep-130m-21B-scion217e03lr0.008-wd0.1-minlr0-warmup0-b10.98-gn-7c4a34",
    "max_grad_norm=1.0": "sweep-130m-21B-scionb1c7630lr0.008-wd0.1-minlr0-warmup0-b10.98-g-2ba973",
    "momentum=0.8": "sweep-130m-21B-sciontc26c48lr0.008-wd0.1-minlr0-warmup0-b10.98-g-7baa87",
    "momentum=0.95": "sweep-130m-21B-sciono046318lr0.008-wd0.1-minlr0-warmup0-b10.98-g-682eb4",
    "momentum=0.98": "sweep-130m-21B-sciono44ab05lr0.008-wd0.1-minlr0-warmup0-b10.98-g-665c33",
    "scion_epsilon=1e-20": "sweep-130m-21B-scionecd5b4lr0.008-wd0.1-minlr0-warmup0-b10.98-gn-92c4e5",
    "scion_epsilon=1e-15": "sweep-130m-21B-scionk08138alr0.008-wd0.1-minlr0-warmup0-b10.98-g-278e54",
    "scion_epsilon=1e-10": "sweep-130m-21B-scion5d7828lr0.008-wd0.1-minlr0-warmup0-b10.98-gn-94d764",
    "scion_to_signum_lr=0.1": "sweep-130m-21B-scionpc9b6c6lr0.008-wd0.1-minlr0-warmup0-b10.98-g-847bd4",
    "scion_to_signum_lr=0.3": "sweep-130m-21B-scion2c2f99lr0.008-wd0.1-minlr0-warmup0-b10.98-gn-297c7d",
    "scion_to_signum_lr=0.4": "sweep-130m-21B-scion6d330dlr0.008-wd0.1-minlr0-warmup0-b10.98-gn-ee71b4",
    "scion_to_signum_lr=0.5": "sweep-130m-21B-scion135c27lr0.008-wd0.1-minlr0-warmup0-b10.98-gn-e8fbd7",
    "scion_to_signum_lr=0.6": "sweep-130m-21B-scion1fa022lr0.008-wd0.1-minlr0-warmup0-b10.98-gn-bc1b5f",
    "train_batch_size=256": "sweep-130m-21B-scion8d67e8lr0.008-wd0.1-minlr0-warmup0-b10.98-gn-fab0cb",
    "train_batch_size=512": "sweep-130m-21B-scion1842ealr0.008-wd0.1-minlr0-warmup0-b10.98-gn-7b77d6",
    "train_batch_size=1024": "sweep-130m-21B-sciono9fdb98lr0.008-wd0.1-minlr0-warmup0-b10.98-g-5de496",
    "weight_decay=0": "sweep-130m-21B-scionbc1373elr0.008-wd0-minlr0-warmup0-b10.98-gn2-5e6a7c",
    "weight_decay=0.2": "sweep-130m-21B-scion898306lr0.008-wd0.2-minlr0-warmup0-b10.98-gn-a11a2b"
  },
  "num_left": 0,
  "best_config": {
    "beta1": 0.98,
    "decay": 1,
    "learning_rate": 0.008,
    "lr_schedule": "linear",
    "max_grad_norm": 2,
    "min_lr_ratio": 0,
    "momentum": 0.9,
    "scion_epsilon": 1e-05,
    "scion_to_signum_lr": 0.2,
    "train_batch_size": 128,
    "warmup": 0,
    "weight_decay": 0.1
  },
  "min_loss": 3.245243549346924,
  "approximate_best_config_list": [
    {
      "max_grad_norm": 2,
      "train_batch_size": 256,
      "scion_to_signum_lr": 0.2,
      "decay": 1,
      "momentum": 0.9,
      "scion_epsilon": 1e-05,
      "learning_rate": 0.008,
      "weight_decay": 0.1,
      "warmup": 0,
      "beta1": 0.98
    },
    {
      "max_grad_norm": 2,
      "train_batch_size": 128,
      "scion_to_signum_lr": 0.2,
      "decay": 1,
      "momentum": 0.9,
      "scion_epsilon": 1e-20,
      "learning_rate": 0.008,
      "weight_decay": 0.1,
      "warmup": 0,
      "beta1": 0.98
    },
    {
      "max_grad_norm": 2,
      "train_batch_size": 128,
      "scion_to_signum_lr": 0.3,
      "decay": 1,
      "momentum": 0.9,
      "scion_epsilon": 1e-05,
      "learning_rate": 0.008,
      "weight_decay": 0.1,
      "warmup": 0,
      "beta1": 0.98
    },
    {
      "max_grad_norm": 2,
      "train_batch_size": 128,
      "scion_to_signum_lr": 0.2,
      "decay": 1,
      "momentum": 0.9,
      "scion_epsilon": 1e-05,
      "learning_rate": 0.008,
      "weight_decay": 0.1,
      "warmup": 0,
      "beta1": 0.98
    },
    {
      "max_grad_norm": 2,
      "train_batch_size": 128,
      "scion_to_signum_lr": 0.2,
      "decay": 1,
      "momentum": 0.9,
      "scion_epsilon": 1e-10,
      "learning_rate": 0.008,
      "weight_decay": 0.1,
      "warmup": 0,
      "beta1": 0.98
    },
    {
      "max_grad_norm": 0,
      "train_batch_size": 128,
      "scion_to_signum_lr": 0.2,
      "decay": 1,
      "momentum": 0.9,
      "scion_epsilon": 1e-05,
      "learning_rate": 0.008,
      "weight_decay": 0.1,
      "warmup": 0,
      "beta1": 0.98
    },
    {
      "max_grad_norm": 2,
      "train_batch_size": 128,
      "scion_to_signum_lr": 0.2,
      "decay": 0.8,
      "momentum": 0.9,
      "scion_epsilon": 1e-05,
      "learning_rate": 0.008,
      "weight_decay": 0.1,
      "warmup": 0,
      "beta1": 0.98
    },
    {
      "max_grad_norm": 2,
      "train_batch_size": 128,
      "scion_to_signum_lr": 0.4,
      "decay": 1,
      "momentum": 0.9,
      "scion_epsilon": 1e-05,
      "learning_rate": 0.008,
      "weight_decay": 0.1,
      "warmup": 0,
      "beta1": 0.98
    },
    {
      "max_grad_norm": 2,
      "train_batch_size": 128,
      "scion_to_signum_lr": 0.4,
      "decay": 1,
      "momentum": 0.9,
      "scion_epsilon": 1e-05,
      "learning_rate": 0.008,
      "weight_decay": 0.1,
      "warmup": 0,
      "beta1": 0.98
    },
    {
      "max_grad_norm": 2,
      "train_batch_size": 128,
      "scion_to_signum_lr": 0.2,
      "decay": 1,
      "momentum": 0.9,
      "scion_epsilon": 1e-15,
      "learning_rate": 0.008,
      "weight_decay": 0.1,
      "warmup": 0,
      "beta1": 0.98
    },
    {
      "max_grad_norm": 2,
      "train_batch_size": 128,
      "scion_to_signum_lr": 0.1,
      "decay": 1,
      "momentum": 0.9,
      "scion_epsilon": 1e-05,
      "learning_rate": 0.008,
      "weight_decay": 0.1,
      "warmup": 0,
      "beta1": 0.98
    },
    {
      "max_grad_norm": 2,
      "train_batch_size": 128,
      "scion_to_signum_lr": 0.2,
      "decay": 1,
      "momentum": 0.9,
      "scion_epsilon": 1e-05,
      "learning_rate": 0.008,