{
  "beta1": 0.95,
  "beta2": 0.99,
  "block_size": 516.4658060982506,
  "epsilon": 9.868954636756048e-11,
  "learning_rate": 0.0073661498318777895,
  "max_grad_norm": 1.0,
  "min_lr_ratio": 0.0,
  "precondition_frequency": 10.000712505823392,
  "shampoo_beta": 0.9214189843854561,
  "train_batch_size": 317.6603416842747,
  "warmup": 1004.7664767012923,
  "weight_decay": 0.1
}