{
  "variant": "dsp_benefit_effective_exposure_nnls",
  "params": {
    "rho": [
      0.007883498800223883,
      0.31676624819294197,
      0.13134036777639393,
      0.27850954760956653,
      0.10945800385725436,
      0.1566350429132643,
      0.4907251827347802,
      0.5587269325734252,
      0.41020839427914396,
      0.16923683075872273,
      0.5141928479494298,
      1.0120849893099138,
      0.29588543146755286,
      1.0523735325805303,
      0.43962360423126895,
      0.40556668566949766,
      0.3828920007776092,
      0.061260142829578174,
      0.5555352813194028,
      1.3864768696519523,
      0.4363147318985607,
      0.14558114076478607,
      0.08024899076606214,
      0.7778170402403053,
      0.09285473398460214,
      0.11200933459399665,
      0.12292991837862569,
      0.4815022000417943,
      1.223723385919688,
      0.010613520844347597,
      0.3589180440010668,
      0.10144393085606825,
      0.9001151029139725,
      0.0461418036127076,
      0.08464605061309449,
      0.09844746330897212,
      0.05434443102846615,
      1.0505463830403512,
      0.39346464635114553
    ],
    "tau": [
      3.577863468727993,
      -0.18289300129213423,
      1.1213250240809387,
      0.5632732638420541,
      1.8553262747555606,
      -0.4461437745623599,
      0.5668446452288737,
      -0.060109908121961333,
      0.9591719125674809,
      -0.31729164558932194,
      -0.17862227631339925,
      0.6205078554494962,
      0.5255037628214064,
      1.2855229700756565,
      0.4191386361554604,
      0.806160325280412,
      0.40122623167857197,
      -0.9863005098173052,
      1.0415353172682384,
      0.9951247669262218,
      1.418560529062884,
      2.601472766877363,
      2.3323027594911667,
      1.4050685410015864,
      0.42888788064915356,
      -0.5347270273181413,
      1.6849656188429032,
      1.4431818314780727,
      0.8398887155085117,
      3.2244129184126518,
      -0.21895845850569412,
      0.12999777920888242,
      1.4254800024151433,
      1.1998541482565601,
      4.964903631872874,
      5.037864068077955,
      2.5971475810129614,
      -0.36741903963639494,
      1.73011816170827
    ],
    "gamma_benefit": 0.09830472589330488,
    "gamma_effective": 5.630432897084557
  },
  "intercept": 0.8646557116264812,
  "benefit_coef": [
    0.06325855212069469,
    0.010830838365504967,
    0.004038260209475429,
    0.012998882382989569,
    0.014492574095817723,
    0.0,
    0.0,
    0.0006616539496625944,
    0.0,
    0.0,
    0.0006326914518001584,
    0.0040419793972542115,
    0.0,
    0.0,
    0.0,
    0.0,
    0.002986006448610126,
    0.3855637695859628,
    0.0,
    0.0052558942147035055,
    0.0051819652559338325,
    0.0057149809413260194,
    0.005980014392956408,
    0.0,
    0.0,
    0.1396569692613894,
    0.017121415809504704,
    0.000608648984661011,
    0.034898906503971566,
    0.0,
    0.029330221215625746,
    0.0,
    0.025128068849692434,
    0.021162357615402246,
    0.022532082617985803,
    0.0,
    0.01028089108886301,
    0.021106666328860886,
    0.0020818226660781294
  ],
  "penalty_coef": [
    0.06407646501821403,
    0.00503494738837443,
    0.006298128471347952,
    0.010516809040628674,
    0.018909354463057217,
    0.004653919200976407,
    0.006290488578738306,
    0.003645941409904859,
    0.005477389567532348,
    0.007762522637938911,
    0.004756073299442989,
    0.028538374794728014,
    0.009849953732113607,
    0.02032456827117987,
    0.004435448951372737,
    0.013472147279778562,
    0.00594536329684047,
    0.01941179794716539,
    0.017083129489441806,
    0.01055660196035747,
    0.005464762529242698,
    0.04884941791136784,
    0.020000589454561454,
    0.014108982949516327,
    0.0030576595667965237,
    0.014316931881428418,
    0.022389177709500645,
    0.0048500296994754,
    0.0,
    0.005435795363737702,
    0.03174347700888901,
    0.00205715322401148,
    0.0,
    0.0033923847281902143,
    0.4652438858308439,
    0.3549991916258905,
    0.011928441202426835,
    0.015128101618789427,
    0.008774083741076556
  ],
  "metrics": {
    "variant": "dsp_benefit_effective_exposure_nnls",
    "description": "Canonical benefit premium plus one tied effective-exposure multiplier for saturation and penalty.",
    "phase_mode": "benefit_effective_exposure",
    "retention_mode": "none",
    "penalty_mode": "log_softplus_squared",
    "linear_mode": "nnls",
    "m_dependent_params_per_domain": 4,
    "total_param_count": 159,
    "fitted_gamma": NaN,
    "fitted_gamma_benefit": 0.09830472589330488,
    "fitted_gamma_saturation": 5.630432897084557,
    "fitted_gamma_penalty": 5.630432897084557,
    "fitted_lam": NaN,
    "train_rmse": 0.005508477053374169,
    "train_spearman": 0.9439264602096239,
    "train_pearson": 0.9583110716268155,
    "cv_rmse": 0.007908887945386502,
    "cv_mae": 0.00622083570920175,
    "oof_spearman": 0.8794805001267972,
    "oof_pearson": 0.9130227717535129,
    "cv_foldmean_regret_at_1": 0.002564620971679732,
    "cv_regret_at_1": 0.0,
    "lower_tail_optimism": 0.003403479193493921,
    "raw_predicted_optimum_value": 0.8997736527770582,
    "raw_nearest_observed_tv": 0.8042911040378574,
    "raw_nearest_observed_run_name": "run_00178",
    "raw_nearest_observed_value": 1.0749270915985107,
    "raw_phase0_support_gt_1e3": 1,
    "raw_phase1_support_gt_1e3": 15,
    "phase0_max_weight": 0.9999999941626216,
    "phase1_max_weight": 0.6688607446808741,
    "optimum_success": true,
    "optimum_message": "CONVERGENCE: NORM OF PROJECTED GRADIENT <= PGTOL"
  }
}
