{
  "factor_count": 4,
  "horn_random_p95": [
    2.3173341843285318,
    2.059560181400424,
    1.8937606823518482,
    1.7549629276118348,
    1.6491334631585968,
    1.5465270726236848,
    1.450710578517478,
    1.3670926183782226,
    1.2822600027728266,
    1.205424444678579,
    1.137010097696874,
    1.0648170966787218,
    1.0032082492860173,
    0.939877539706479,
    0.8765240561044301,
    0.8170552475913996,
    0.7643014679313083,
    0.7093408376002253,
    0.6608541399739403,
    0.6105636234110895,
    0.5539690214610379,
    0.5100865363720045,
    0.45927064304971826,
    0.41139797514712956,
    0.3621818109925351,
    0.31335504185793317
  ],
  "horn_real_eigenvalues": [
    7.787746969915759,
    4.401964885372877,
    2.360830224310363,
    1.8247088332448698,
    1.5155997122785754,
    1.2207973875883942,
    1.0737901312626554,
    0.9526619548413208,
    0.8323909880491397,
    0.7363245111551214,
    0.6153104783899749,
    0.5728026693549452,
    0.4383140474255972,
    0.3676965771060087,
    0.25755860198959574,
    0.2403846970848707,
    0.1989777160913154,
    0.1766606865784047,
    0.12639489256542136,
    0.09568630817829245,
    0.06721516010551558,
    0.04826954765717156,
    0.03901078680208816,
    0.021659074184483318,
    0.01653347760660635,
    0.010709680860632427
  ],
  "item_noise_share": [
    null,
    null,
    null,
    null,
    null,
    null,
    null,
    1.2743346400592384,
    7.969138958123187,
    2.036801450965471,
    0.2601095616718575,
    0.6946010903227215,
    0.8647468038468735,
    0.0033881587126721037,
    0.02360226275019877,
    0.21359492598295948,
    0.23924428082397525,
    0.06764802728416837,
    0.10690351405394781,
    0.515091922035918,
    0.8204003712596285,
    1.010493962158983,
    0.029279061341871665,
    29.634862644551802,
    0.36174266534079924,
    0.01261123563966116
  ],
  "loadings": [
    [
      0.7837101986166695,
      0.5083369006651773,
      0.0,
      0.0
    ],
    [
      0.7555648203288026,
      0.11502063442925278,
      0.16905444529499963,
      0.09624289814767928
    ],
    [
      0.6439304030849374,
      0.02937012041682776,
      0.15385268225093496,
      0.00014917692787760894
    ],
    [
      0.774323668272846,
      0.32769069437912657,
      0.05110428833756754,
      0.14659974924698407
    ],
    [
      0.4745656439713469,
      0.041901032216185956,
      0.7721363843926228,
      0.06923105236733723
    ],
    [
      0.5960451647013305,
      0.0,
      0.7025901504676951,
      0.0
    ],
    [
      0.7335104943765951,
      0.3149387077256209,
      0.1276809499546818,
      0.10605112694545377
    ],
    [
      0.06707250101453091,
      0.3092443762592829,
      0.055650552685630544,
      0.25674967268724996
    ],
    [
      0.7427532872653748,
      0.14996245794252774,
      0.02213054283447776,
      0.13690887600883123
    ],
    [
      0.05905401775776767,
      0.33439578993301633,
      0.07110449229999057,
      0.2881835504871338
    ],
    [
      0.0,
      0.1928109348119177,
      0.0,
      0.042824493985350265
    ],
    [
      0.0,
      0.36462273629617137,
      0.0,
      0.0
    ],
    [
      0.0412898651998902,
      0.0,
      0.15556666403536293,
      0.0
    ],
    [
      0.9619457514892928,
      0.1569835973230697,
      0.05451938270168795,
      0.3265842638369124
    ],
    [
      0.029991517630050007,
      0.5516130938320623,
      0.06119537481732343,
      0.8120636239913958
    ],
    [
      0.7591527823557723,
      0.0837722346031957,
      0.1488307765912938,
      0.10279681366731558
    ],
    [
      0.0,
      0.439899157609703,
      0.08725033054944464,
      0.4905201587980535
    ],
    [
      0.8882817333640867,
      0.0,
      0.060116387777138805,
      0.3378064802878523
    ],
    [
      0.2552211135456651,
      0.16705436725231604,
      0.0,
      0.5322279668569996
    ],
    [
      0.0,
      0.002041155903571249,
      0.0133676985983893,
      0.0
    ],
    [
      0.0,
      0.2745501077075242,
      0.24998398483085604,
      0.09467456848736476
    ],
    [
      0.0,
      0.10320466818646228,
      0.15569538440261563,
      0.07167545489090718
    ],
    [
      0.046909678371847376,
      0.9301962418827522,
      0.026724190506710988,
      0.30677746158678615
    ],
    [
      0.046012048819430815,
      0.3288654050291998,
      0.062172705426574326,
      0.1993500659383272
    ],
    [
      0.0,
      0.0696591560164495,
      0.24379987055087324,
      0.12611314544312632
    ],
    [
      0.046272621789555254,
      0.0,
      0.9848250490490329,
      0.1019485299677838
    ]
  ],
  "means": [
    -1.2685666263744395,
    -0.983837346235911,
    -1.0519333449743127,
    -1.0524898536743656,
    -0.846425498044619,
    -0.7648630719031057,
    -1.0970436821701706,
    -6.053773587206612,
    -2.942398630201873,
    -3.00344260310024,
    -0.7628589847139685,
    -1.4992202718645948,
    -1.9217210208256803,
    -26.167954750780904,
    -26.025744730626123,
    -2.4199389173234014,
    -7.049965426927426,
    -3.6261323758286608,
    -3.5995073508966686,
    -0.7762763170401569,
    -0.8835425015348557,
    -1.4709148118713633,
    -11.553662042018367,
    -11.096768376108061,
    -0.7682531914801775,
    -0.5875370204302574
  ],
  "projection_vector": [
    0.00993388330744744,
    0.0016867536508380207,
    0.0004901774157056423,
    0.0038951014940925184,
    0.009535210573269812,
    0.009510435210851799,
    0.0035119929388013286,
    0.001554049588918709,
    0.000491995012099002,
    0.001723704743467011,
    0.0030139655000368014,
    0.002026105762453238,
    0.00045140443900636477,
    0.20626395180969503,
    0.12844911324107783,
    0.002474690671488887,
    0.009951374599954592,
    0.002142614385811023,
    0.009780027348668181,
    8.293786134316945e-05,
    0.002193042903359934,
    0.0008715851180496637,
    0.1341448212397701,
    0.001601240533620769,
    0.0028236411635886908,
    0.20970401281230416
  ],
  "stds": [
    0.030949667325312184,
    0.02630445586833628,
    0.03196123563049187,
    0.027727358655517047,
    0.07434192348605151,
    0.060403977975283504,
    0.033011617236539066,
    0.5263096865810721,
    0.19353312943448783,
    0.31769157812773974,
    0.07550134464874603,
    0.10964416313449817,
    0.15260350228320688,
    1.0352279421691144,
    0.41882088513509536,
    0.3059151312828087,
    0.18474447073105965,
    0.15451657380175557,
    0.12341737718416257,
    0.008466668930900248,
    0.0519328573524052,
    0.0637726678382763,
    0.23303654077782018,
    0.6284198418761383,
    0.05264346956803478,
    0.04298492347207123
  ],
  "task_columns": [
    "eval/uncheatable_eval/ao3_english/bpb",
    "eval/uncheatable_eval/arxiv_computer_science/bpb",
    "eval/uncheatable_eval/arxiv_physics/bpb",
    "eval/uncheatable_eval/bbc_news/bpb",
    "eval/uncheatable_eval/github_cpp/bpb",
    "eval/uncheatable_eval/github_python/bpb",
    "eval/uncheatable_eval/wikipedia_english/bpb",
    "lm_eval/arc_challenge_5shot/choice_logprob",
    "lm_eval/arc_easy/choice_logprob",
    "lm_eval/arc_easy_5shot/choice_logprob",
    "lm_eval/boolq_10shot/choice_logprob",
    "lm_eval/copa_0shot/choice_logprob",
    "lm_eval/csqa_5shot/choice_logprob",
    "lm_eval/hellaswag_0shot/choice_logprob",
    "lm_eval/hellaswag_5shot/choice_logprob",
    "lm_eval/mmlu_sl_verb_5shot/choice_logprob",
    "lm_eval/openbookqa_0shot/choice_logprob",
    "lm_eval/piqa/choice_logprob",
    "lm_eval/piqa_5shot/choice_logprob",
    "lm_eval/winogrande_5shot/choice_logprob",
    "lm_eval/wsc273_0shot/choice_logprob",
    "mcq_smooth/medmcqa_5shot/choice_logprob",
    "mcq_smooth/swag_0shot/choice_logprob",
    "mcq_smooth/truthfulqa_mc1_0shot/choice_logprob",
    "teacher_forced/gsm8k_5shot_gold_solution/bpb",
    "teacher_forced/humaneval_10shot_canonical_solution/bpb"
  ],