candidate_id,target,target_label,epoch_cap,surrogate,domain,runtime_count,weight,materialized_epochs
lwspu_u_kl0p005_cap06,uncheatable,Uncheatable,6,weibull_softplus_unscaled@kappa_floor_link_flat15_nocap,dolma3_cc/art_and_design_high,7,0.00341796875,0.18936014665155146
lwspu_u_kl0p005_cap06,uncheatable,Uncheatable,6,weibull_softplus_unscaled@kappa_floor_link_flat15_nocap,dolma3_cc/art_and_design_low,7,0.00341796875,0.46653227663863844
lwspu_u_kl0p005_cap06,uncheatable,Uncheatable,6,weibull_softplus_unscaled@kappa_floor_link_flat15_nocap,dolma3_cc/crime_and_law_high,17,0.00830078125,0.34165656128708694
lwspu_u_kl0p005_cap06,uncheatable,Uncheatable,6,weibull_softplus_unscaled@kappa_floor_link_flat15_nocap,dolma3_cc/crime_and_law_low,12,0.005859375,0.5368791797910057
lwspu_u_kl0p005_cap06,uncheatable,Uncheatable,6,weibull_softplus_unscaled@kappa_floor_link_flat15_nocap,dolma3_cc/education_and_jobs_high,17,0.00830078125,0.20896196290670774
lwspu_u_kl0p005_cap06,uncheatable,Uncheatable,6,weibull_softplus_unscaled@kappa_floor_link_flat15_nocap,dolma3_cc/education_and_jobs_low,1,0.00048828125,0.02509451875942378
lwspu_u_kl0p005_cap06,uncheatable,Uncheatable,6,weibull_softplus_unscaled@kappa_floor_link_flat15_nocap,dolma3_cc/electronics_and_hardware_high,14,0.0068359375,0.3261506503475023
lwspu_u_kl0p005_cap06,uncheatable,Uncheatable,6,weibull_softplus_unscaled@kappa_floor_link_flat15_nocap,dolma3_cc/electronics_and_hardware_low,1,0.00048828125,0.049563171759049514
lwspu_u_kl0p005_cap06,uncheatable,Uncheatable,6,weibull_softplus_unscaled@kappa_floor_link_flat15_nocap,dolma3_cc/entertainment_high,58,0.0283203125,0.42306527045111547
lwspu_u_kl0p005_cap06,uncheatable,Uncheatable,6,weibull_softplus_unscaled@kappa_floor_link_flat15_nocap,dolma3_cc/entertainment_low,2,0.0009765625,0.04008782067013689
lwspu_u_kl0p005_cap06,uncheatable,Uncheatable,6,weibull_softplus_unscaled@kappa_floor_link_flat15_nocap,dolma3_cc/finance_and_business_high,17,0.00830078125,0.09652105056795533
lwspu_u_kl0p005_cap06,uncheatable,Uncheatable,6,weibull_softplus_unscaled@kappa_floor_link_flat15_nocap,dolma3_cc/finance_and_business_low,5,0.00244140625,0.05957826213052168
lwspu_u_kl0p005_cap06,uncheatable,Uncheatable,6,weibull_softplus_unscaled@kappa_floor_link_flat15_nocap,dolma3_cc/food_and_dining_high,4,0.001953125,0.07231279309215664
lwspu_u_kl0p005_cap06,uncheatable,Uncheatable,6,weibull_softplus_unscaled@kappa_floor_link_flat15_nocap,dolma3_cc/food_and_dining_low,3,0.00146484375,0.11018418110480831
lwspu_u_kl0p005_cap06,uncheatable,Uncheatable,6,weibull_softplus_unscaled@kappa_floor_link_flat15_nocap,dolma3_cc/games_high,20,0.009765625,0.2733853488250753
lwspu_u_kl0p005_cap06,uncheatable,Uncheatable,6,weibull_softplus_unscaled@kappa_floor_link_flat15_nocap,dolma3_cc/games_low,1,0.00048828125,0.036459195611553405
lwspu_u_kl0p005_cap06,uncheatable,Uncheatable,6,weibull_softplus_unscaled@kappa_floor_link_flat15_nocap,dolma3_cc/health_high,9,0.00439453125,0.0638306166111339
lwspu_u_kl0p005_cap06,uncheatable,Uncheatable,6,weibull_softplus_unscaled@kappa_floor_link_flat15_nocap,dolma3_cc/health_low,2,0.0009765625,0.033281439875408825
lwspu_u_kl0p005_cap06,uncheatable,Uncheatable,6,weibull_softplus_unscaled@kappa_floor_link_flat15_nocap,dolma3_cc/history_and_geography_high,31,0.01513671875,0.708617479476546
lwspu_u_kl0p005_cap06,uncheatable,Uncheatable,6,weibull_softplus_unscaled@kappa_floor_link_flat15_nocap,dolma3_cc/history_and_geography_low,10,0.0048828125,0.8306316372854357
lwspu_u_kl0p005_cap06,uncheatable,Uncheatable,6,weibull_softplus_unscaled@kappa_floor_link_flat15_nocap,dolma3_cc/industrial_high,7,0.00341796875,0.26470695002975636
lwspu_u_kl0p005_cap06,uncheatable,Uncheatable,6,weibull_softplus_unscaled@kappa_floor_link_flat15_nocap,dolma3_cc/industrial_low,22,0.0107421875,1.5712615858069587
lwspu_u_kl0p005_cap06,uncheatable,Uncheatable,6,weibull_softplus_unscaled@kappa_floor_link_flat15_nocap,dolma3_cc/literature_high,191,0.09326171875,2.2834091671893324
lwspu_u_kl0p005_cap06,uncheatable,Uncheatable,6,weibull_softplus_unscaled@kappa_floor_link_flat15_nocap,dolma3_cc/literature_low,28,0.013671875,1.2554473674178959
lwspu_u_kl0p005_cap06,uncheatable,Uncheatable,6,weibull_softplus_unscaled@kappa_floor_link_flat15_nocap,dolma3_cc/science_math_and_technology_high,202,0.0986328125,2.5669744888734933
lwspu_u_kl0p005_cap06,uncheatable,Uncheatable,6,weibull_softplus_unscaled@kappa_floor_link_flat15_nocap,dolma3_cc/science_math_and_technology_low,54,0.0263671875,1.5032694524151529
lwspu_u_kl0p005_cap06,uncheatable,Uncheatable,6,weibull_softplus_unscaled@kappa_floor_link_flat15_nocap,dolma3_stack_edu,212,0.103515625,4.883644289182083
lwspu_u_kl0p005_cap06,uncheatable,Uncheatable,6,weibull_softplus_unscaled@kappa_floor_link_flat15_nocap,dolma3_arxiv,36,0.017578125,3.9374803408696657
lwspu_u_kl0p005_cap06,uncheatable,Uncheatable,6,weibull_softplus_unscaled@kappa_floor_link_flat15_nocap,dolma3_finemath_3plus,31,0.01513671875,2.815802996605265
lwspu_u_kl0p005_cap06,uncheatable,Uncheatable,6,weibull_softplus_unscaled@kappa_floor_link_flat15_nocap,dolma3_wikipedia,4,0.001953125,3.3669688747642113
lwspu_u_kl0p005_cap06,uncheatable,Uncheatable,6,weibull_softplus_unscaled@kappa_floor_link_flat15_nocap,dolmino_common_crawl_hq,390,0.1904296875,0.9141737284579331
lwspu_u_kl0p005_cap06,uncheatable,Uncheatable,6,weibull_softplus_unscaled@kappa_floor_link_flat15_nocap,dolmino_olmocr_pdfs_hq,218,0.1064453125,3.269928853298239
lwspu_u_kl0p005_cap06,uncheatable,Uncheatable,6,weibull_softplus_unscaled@kappa_floor_link_flat15_nocap,dolmino_stack_edu_fim,201,0.09814453125,4.636749045113045
lwspu_u_kl0p005_cap06,uncheatable,Uncheatable,6,weibull_softplus_unscaled@kappa_floor_link_flat15_nocap,dolmino_stem_heavy_crawl,6,0.0029296875,3.5542172076513032
lwspu_u_kl0p005_cap06,uncheatable,Uncheatable,6,weibull_softplus_unscaled@kappa_floor_link_flat15_nocap,dolmino_synth_code,32,0.015625,5.240018889042562
lwspu_u_kl0p005_cap06,uncheatable,Uncheatable,6,weibull_softplus_unscaled@kappa_floor_link_flat15_nocap,dolmino_synth_instruction,15,0.00732421875,2.5765241361433695
lwspu_u_kl0p005_cap06,uncheatable,Uncheatable,6,weibull_softplus_unscaled@kappa_floor_link_flat15_nocap,dolmino_synth_math,22,0.0107421875,3.1138186888499324
lwspu_u_kl0p005_cap06,uncheatable,Uncheatable,6,weibull_softplus_unscaled@kappa_floor_link_flat15_nocap,dolmino_synth_qa,121,0.05908203125,0.7089107983949616
lwspu_u_kl0p005_cap06,uncheatable,Uncheatable,6,weibull_softplus_unscaled@kappa_floor_link_flat15_nocap,dolmino_synth_thinking,18,0.0087890625,1.3933670212576406
lwspu_u_kl0p01_cap06,uncheatable,Uncheatable,6,weibull_softplus_unscaled@kappa_floor_link_flat15_nocap,dolma3_cc/art_and_design_high,11,0.00537109375,0.2975659447381523
lwspu_u_kl0p01_cap06,uncheatable,Uncheatable,6,weibull_softplus_unscaled@kappa_floor_link_flat15_nocap,dolma3_cc/art_and_design_low,8,0.00390625,0.5331797447298725
lwspu_u_kl0p01_cap06,uncheatable,Uncheatable,6,weibull_softplus_unscaled@kappa_floor_link_flat15_nocap,dolma3_cc/crime_and_law_high,19,0.00927734375,0.38185145085027367
lwspu_u_kl0p01_cap06,uncheatable,Uncheatable,6,weibull_softplus_unscaled@kappa_floor_link_flat15_nocap,dolma3_cc/crime_and_law_low,12,0.005859375,0.5368791797910057
lwspu_u_kl0p01_cap06,uncheatable,Uncheatable,6,weibull_softplus_unscaled@kappa_floor_link_flat15_nocap,dolma3_cc/education_and_jobs_high,28,0.013671875,0.34417264478751863
lwspu_u_kl0p01_cap06,uncheatable,Uncheatable,6,weibull_softplus_unscaled@kappa_floor_link_flat15_nocap,dolma3_cc/education_and_jobs_low,4,0.001953125,0.10037807503769512
lwspu_u_kl0p01_cap06,uncheatable,Uncheatable,6,weibull_softplus_unscaled@kappa_floor_link_flat15_nocap,dolma3_cc/electronics_and_hardware_high,20,0.009765625,0.46592950049643184
lwspu_u_kl0p01_cap06,uncheatable,Uncheatable,6,weibull_softplus_unscaled@kappa_floor_link_flat15_nocap,dolma3_cc/electronics_and_hardware_low,3,0.00146484375,0.14868951527714855
lwspu_u_kl0p01_cap06,uncheatable,Uncheatable,6,weibull_softplus_unscaled@kappa_floor_link_flat15_nocap,dolma3_cc/entertainment_high,69,0.03369140625,0.5033017872608098
lwspu_u_kl0p01_cap06,uncheatable,Uncheatable,6,weibull_softplus_unscaled@kappa_floor_link_flat15_nocap,dolma3_cc/entertainment_low,7,0.00341796875,0.1403073723454791
lwspu_u_kl0p01_cap06,uncheatable,Uncheatable,6,weibull_softplus_unscaled@kappa_floor_link_flat15_nocap,dolma3_cc/finance_and_business_high,40,0.01953125,0.22710835427754197
lwspu_u_kl0p01_cap06,uncheatable,Uncheatable,6,weibull_softplus_unscaled@kappa_floor_link_flat15_nocap,dolma3_cc/finance_and_business_low,16,0.0078125,0.19065043881766935
lwspu_u_kl0p01_cap06,uncheatable,Uncheatable,6,weibull_softplus_unscaled@kappa_floor_link_flat15_nocap,dolma3_cc/food_and_dining_high,12,0.005859375,0.21693837927646992
lwspu_u_kl0p01_cap06,uncheatable,Uncheatable,6,weibull_softplus_unscaled@kappa_floor_link_flat15_nocap,dolma3_cc/food_and_dining_low,7,0.00341796875,0.25709642257788606
lwspu_u_kl0p01_cap06,uncheatable,Uncheatable,6,weibull_softplus_unscaled@kappa_floor_link_flat15_nocap,dolma3_cc/games_high,29,0.01416015625,0.3964087557963592
lwspu_u_kl0p01_cap06,uncheatable,Uncheatable,6,weibull_softplus_unscaled@kappa_floor_link_flat15_nocap,dolma3_cc/games_low,4,0.001953125,0.14583678244621362
lwspu_u_kl0p01_cap06,uncheatable,Uncheatable,6,weibull_softplus_unscaled@kappa_floor_link_flat15_nocap,dolma3_cc/health_high,29,0.01416015625,0.20567643130254257
lwspu_u_kl0p01_cap06,uncheatable,Uncheatable,6,weibull_softplus_unscaled@kappa_floor_link_flat15_nocap,dolma3_cc/health_low,9,0.00439453125,0.1497664794393397
lwspu_u_kl0p01_cap06,uncheatable,Uncheatable,6,weibull_softplus_unscaled@kappa_floor_link_flat15_nocap,dolma3_cc/history_and_geography_high,31,0.01513671875,0.708617479476546
lwspu_u_kl0p01_cap06,uncheatable,Uncheatable,6,weibull_softplus_unscaled@kappa_floor_link_flat15_nocap,dolma3_cc/history_and_geography_low,11,0.00537109375,0.9136948010139793
lwspu_u_kl0p01_cap06,uncheatable,Uncheatable,6,weibull_softplus_unscaled@kappa_floor_link_flat15_nocap,dolma3_cc/industrial_high,11,0.00537109375,0.4159680643324743
lwspu_u_kl0p01_cap06,uncheatable,Uncheatable,6,weibull_softplus_unscaled@kappa_floor_link_flat15_nocap,dolma3_cc/industrial_low,21,0.01025390625,1.4998406046339152
lwspu_u_kl0p01_cap06,uncheatable,Uncheatable,6,weibull_softplus_unscaled@kappa_floor_link_flat15_nocap,dolma3_cc/literature_high,157,0.07666015625,1.8769384253859958
lwspu_u_kl0p01_cap06,uncheatable,Uncheatable,6,weibull_softplus_unscaled@kappa_floor_link_flat15_nocap,dolma3_cc/literature_low,27,0.01318359375,1.2106099614386854
lwspu_u_kl0p01_cap06,uncheatable,Uncheatable,6,weibull_softplus_unscaled@kappa_floor_link_flat15_nocap,dolma3_cc/science_math_and_technology_high,175,0.08544921875,2.2238640373904026
lwspu_u_kl0p01_cap06,uncheatable,Uncheatable,6,weibull_softplus_unscaled@kappa_floor_link_flat15_nocap,dolma3_cc/science_math_and_technology_low,54,0.0263671875,1.5032694524151529
lwspu_u_kl0p01_cap06,uncheatable,Uncheatable,6,weibull_softplus_unscaled@kappa_floor_link_flat15_nocap,dolma3_stack_edu,198,0.0966796875,4.561139477632323
lwspu_u_kl0p01_cap06,uncheatable,Uncheatable,6,weibull_softplus_unscaled@kappa_floor_link_flat15_nocap,dolma3_arxiv,36,0.017578125,3.9374803408696657
lwspu_u_kl0p01_cap06,uncheatable,Uncheatable,6,weibull_softplus_unscaled@kappa_floor_link_flat15_nocap,dolma3_finemath_3plus,29,0.01416015625,2.634138287146861
lwspu_u_kl0p01_cap06,uncheatable,Uncheatable,6,weibull_softplus_unscaled@kappa_floor_link_flat15_nocap,dolma3_wikipedia,4,0.001953125,3.3669688747642113
lwspu_u_kl0p01_cap06,uncheatable,Uncheatable,6,weibull_softplus_unscaled@kappa_floor_link_flat15_nocap,dolmino_common_crawl_hq,376,0.18359375,0.8813572356414945
lwspu_u_kl0p01_cap06,uncheatable,Uncheatable,6,weibull_softplus_unscaled@kappa_floor_link_flat15_nocap,dolmino_olmocr_pdfs_hq,187,0.09130859375,2.804938970489774
lwspu_u_kl0p01_cap06,uncheatable,Uncheatable,6,weibull_softplus_unscaled@kappa_floor_link_flat15_nocap,dolmino_stack_edu_fim,189,0.09228515625,4.359928206598833
lwspu_u_kl0p01_cap06,uncheatable,Uncheatable,6,weibull_softplus_unscaled@kappa_floor_link_flat15_nocap,dolmino_stem_heavy_crawl,6,0.0029296875,3.5542172076513032
lwspu_u_kl0p01_cap06,uncheatable,Uncheatable,6,weibull_softplus_unscaled@kappa_floor_link_flat15_nocap,dolmino_synth_code,31,0.01513671875,5.076268298759983
lwspu_u_kl0p01_cap06,uncheatable,Uncheatable,6,weibull_softplus_unscaled@kappa_floor_link_flat15_nocap,dolmino_synth_instruction,15,0.00732421875,2.5765241361433695
lwspu_u_kl0p01_cap06,uncheatable,Uncheatable,6,weibull_softplus_unscaled@kappa_floor_link_flat15_nocap,dolmino_synth_math,21,0.01025390625,2.97228147572039
lwspu_u_kl0p01_cap06,uncheatable,Uncheatable,6,weibull_softplus_unscaled@kappa_floor_link_flat15_nocap,dolmino_synth_qa,125,0.06103515625,0.7323458661104976
lwspu_u_kl0p01_cap06,uncheatable,Uncheatable,6,weibull_softplus_unscaled@kappa_floor_link_flat15_nocap,dolmino_synth_thinking,17,0.00830078125,1.3159577422988826
lwspu_u_kl0p025_cap06,uncheatable,Uncheatable,6,weibull_softplus_unscaled@kappa_floor_link_flat15_nocap,dolma3_cc/art_and_design_high,18,0.0087890625,0.4869260913897037
lwspu_u_kl0p025_cap06,uncheatable,Uncheatable,6,weibull_softplus_unscaled@kappa_floor_link_flat15_nocap,dolma3_cc/art_and_design_low,10,0.0048828125,0.6664746809123406
lwspu_u_kl0p025_cap06,uncheatable,Uncheatable,6,weibull_softplus_unscaled@kappa_floor_link_flat15_nocap,dolma3_cc/crime_and_law_high,25,0.01220703125,0.5024361195398338
lwspu_u_kl0p025_cap06,uncheatable,Uncheatable,6,weibull_softplus_unscaled@kappa_floor_link_flat15_nocap,dolma3_cc/crime_and_law_low,13,0.00634765625,0.5816191114402562
lwspu_u_kl0p025_cap06,uncheatable,Uncheatable,6,weibull_softplus_unscaled@kappa_floor_link_flat15_nocap,dolma3_cc/education_and_jobs_high,43,0.02099609375,0.5285508473522608
lwspu_u_kl0p025_cap06,uncheatable,Uncheatable,6,weibull_softplus_unscaled@kappa_floor_link_flat15_nocap,dolma3_cc/education_and_jobs_low,13,0.00634765625,0.32622874387250916
lwspu_u_kl0p025_cap06,uncheatable,Uncheatable,6,weibull_softplus_unscaled@kappa_floor_link_flat15_nocap,dolma3_cc/electronics_and_hardware_high,27,0.01318359375,0.6290048256701829
lwspu_u_kl0p025_cap06,uncheatable,Uncheatable,6,weibull_softplus_unscaled@kappa_floor_link_flat15_nocap,dolma3_cc/electronics_and_hardware_low,7,0.00341796875,0.3469422023133466
lwspu_u_kl0p025_cap06,uncheatable,Uncheatable,6,weibull_softplus_unscaled@kappa_floor_link_flat15_nocap,dolma3_cc/entertainment_high,82,0.0400390625,0.5981267616722667
lwspu_u_kl0p025_cap06,uncheatable,Uncheatable,6,weibull_softplus_unscaled@kappa_floor_link_flat15_nocap,dolma3_cc/entertainment_low,17,0.00830078125,0.3407464756961635
lwspu_u_kl0p025_cap06,uncheatable,Uncheatable,6,weibull_softplus_unscaled@kappa_floor_link_flat15_nocap,dolma3_cc/finance_and_business_high,76,0.037109375,0.43150587312732974
lwspu_u_kl0p025_cap06,uncheatable,Uncheatable,6,weibull_softplus_unscaled@kappa_floor_link_flat15_nocap,dolma3_cc/finance_and_business_low,34,0.0166015625,0.4051321824875474
lwspu_u_kl0p025_cap06,uncheatable,Uncheatable,6,weibull_softplus_unscaled@kappa_floor_link_flat15_nocap,dolma3_cc/food_and_dining_high,23,0.01123046875,0.4157985602799007
lwspu_u_kl0p025_cap06,uncheatable,Uncheatable,6,weibull_softplus_unscaled@kappa_floor_link_flat15_nocap,dolma3_cc/food_and_dining_low,13,0.00634765625,0.47746478478750265
lwspu_u_kl0p025_cap06,uncheatable,Uncheatable,6,weibull_softplus_unscaled@kappa_floor_link_flat15_nocap,dolma3_cc/games_high,42,0.0205078125,0.5741092325326581
lwspu_u_kl0p025_cap06,uncheatable,Uncheatable,6,weibull_softplus_unscaled@kappa_floor_link_flat15_nocap,dolma3_cc/games_low,9,0.00439453125,0.3281327605039806
lwspu_u_kl0p025_cap06,uncheatable,Uncheatable,6,weibull_softplus_unscaled@kappa_floor_link_flat15_nocap,dolma3_cc/health_high,60,0.029296875,0.425537444074226
lwspu_u_kl0p025_cap06,uncheatable,Uncheatable,6,weibull_softplus_unscaled@kappa_floor_link_flat15_nocap,dolma3_cc/health_low,23,0.01123046875,0.38273655856720146
lwspu_u_kl0p025_cap06,uncheatable,Uncheatable,6,weibull_softplus_unscaled@kappa_floor_link_flat15_nocap,dolma3_cc/history_and_geography_high,31,0.01513671875,0.708617479476546
lwspu_u_kl0p025_cap06,uncheatable,Uncheatable,6,weibull_softplus_unscaled@kappa_floor_link_flat15_nocap,dolma3_cc/history_and_geography_low,11,0.00537109375,0.9136948010139793
lwspu_u_kl0p025_cap06,uncheatable,Uncheatable,6,weibull_softplus_unscaled@kappa_floor_link_flat15_nocap,dolma3_cc/industrial_high,16,0.0078125,0.6050444572108717
lwspu_u_kl0p025_cap06,uncheatable,Uncheatable,6,weibull_softplus_unscaled@kappa_floor_link_flat15_nocap,dolma3_cc/industrial_low,20,0.009765625,1.4284196234608717
lwspu_u_kl0p025_cap06,uncheatable,Uncheatable,6,weibull_softplus_unscaled@kappa_floor_link_flat15_nocap,dolma3_cc/literature_high,114,0.0556640625,1.3628724872229523
lwspu_u_kl0p025_cap06,uncheatable,Uncheatable,6,weibull_softplus_unscaled@kappa_floor_link_flat15_nocap,dolma3_cc/literature_low,25,0.01220703125,1.1209351494802642
lwspu_u_kl0p025_cap06,uncheatable,Uncheatable,6,weibull_softplus_unscaled@kappa_floor_link_flat15_nocap,dolma3_cc/science_math_and_technology_high,136,0.06640625,1.7282600519148272
lwspu_u_kl0p025_cap06,uncheatable,Uncheatable,6,weibull_softplus_unscaled@kappa_floor_link_flat15_nocap,dolma3_cc/science_math_and_technology_low,51,0.02490234375,1.4197544828365332
lwspu_u_kl0p025_cap06,uncheatable,Uncheatable,6,weibull_softplus_unscaled@kappa_floor_link_flat15_nocap,dolma3_stack_edu,170,0.0830078125,3.9161298545328025
lwspu_u_kl0p025_cap06,uncheatable,Uncheatable,6,weibull_softplus_unscaled@kappa_floor_link_flat15_nocap,dolma3_arxiv,33,0.01611328125,3.609356979130527
lwspu_u_kl0p025_cap06,uncheatable,Uncheatable,6,weibull_softplus_unscaled@kappa_floor_link_flat15_nocap,dolma3_finemath_3plus,27,0.01318359375,2.4524735776884565
lwspu_u_kl0p025_cap06,uncheatable,Uncheatable,6,weibull_softplus_unscaled@kappa_floor_link_flat15_nocap,dolma3_wikipedia,3,0.00146484375,2.5252266560731584
lwspu_u_kl0p025_cap06,uncheatable,Uncheatable,6,weibull_softplus_unscaled@kappa_floor_link_flat15_nocap,dolmino_common_crawl_hq,356,0.173828125,0.8344765316180107
lwspu_u_kl0p025_cap06,uncheatable,Uncheatable,6,weibull_softplus_unscaled@kappa_floor_link_flat15_nocap,dolmino_olmocr_pdfs_hq,141,0.06884765625,2.1149539830965676
lwspu_u_kl0p025_cap06,uncheatable,Uncheatable,6,weibull_softplus_unscaled@kappa_floor_link_flat15_nocap,dolmino_stack_edu_fim,163,0.07958984375,3.7601497231513745
lwspu_u_kl0p025_cap06,uncheatable,Uncheatable,6,weibull_softplus_unscaled@kappa_floor_link_flat15_nocap,dolmino_stem_heavy_crawl,6,0.0029296875,3.5542172076513032
lwspu_u_kl0p025_cap06,uncheatable,Uncheatable,6,weibull_softplus_unscaled@kappa_floor_link_flat15_nocap,dolmino_synth_code,30,0.0146484375,4.912517708477402
lwspu_u_kl0p025_cap06,uncheatable,Uncheatable,6,weibull_softplus_unscaled@kappa_floor_link_flat15_nocap,dolmino_synth_instruction,14,0.0068359375,2.404755860400478
lwspu_u_kl0p025_cap06,uncheatable,Uncheatable,6,weibull_softplus_unscaled@kappa_floor_link_flat15_nocap,dolmino_synth_math,19,0.00927734375,2.689207049461305
lwspu_u_kl0p025_cap06,uncheatable,Uncheatable,6,weibull_softplus_unscaled@kappa_floor_link_flat15_nocap,dolmino_synth_qa,131,0.06396484375,0.7674984676838014
lwspu_u_kl0p025_cap06,uncheatable,Uncheatable,6,weibull_softplus_unscaled@kappa_floor_link_flat15_nocap,dolmino_synth_thinking,16,0.0078125,1.238548463340125
lwspu_u_kl0p05_cap06,uncheatable,Uncheatable,6,weibull_softplus_unscaled@kappa_floor_link_flat15_nocap,dolma3_cc/art_and_design_high,22,0.0107421875,0.5951318894763046
lwspu_u_kl0p05_cap06,uncheatable,Uncheatable,6,weibull_softplus_unscaled@kappa_floor_link_flat15_nocap,dolma3_cc/art_and_design_low,11,0.00537109375,0.7331221490035748
lwspu_u_kl0p05_cap06,uncheatable,Uncheatable,6,weibull_softplus_unscaled@kappa_floor_link_flat15_nocap,dolma3_cc/crime_and_law_high,30,0.0146484375,0.6029233434478005
lwspu_u_kl0p05_cap06,uncheatable,Uncheatable,6,weibull_softplus_unscaled@kappa_floor_link_flat15_nocap,dolma3_cc/crime_and_law_low,14,0.0068359375,0.6263590430895067
lwspu_u_kl0p05_cap06,uncheatable,Uncheatable,6,weibull_softplus_unscaled@kappa_floor_link_flat15_nocap,dolma3_cc/education_and_jobs_high,52,0.025390625,0.639177768891106
lwspu_u_kl0p05_cap06,uncheatable,Uncheatable,6,weibull_softplus_unscaled@kappa_floor_link_flat15_nocap,dolma3_cc/education_and_jobs_low,20,0.009765625,0.5018903751884757
lwspu_u_kl0p05_cap06,uncheatable,Uncheatable,6,weibull_softplus_unscaled@kappa_floor_link_flat15_nocap,dolma3_cc/electronics_and_hardware_high,31,0.01513671875,0.7221907257694693
lwspu_u_kl0p05_cap06,uncheatable,Uncheatable,6,weibull_softplus_unscaled@kappa_floor_link_flat15_nocap,dolma3_cc/electronics_and_hardware_low,11,0.00537109375,0.5451948893495446
lwspu_u_kl0p05_cap06,uncheatable,Uncheatable,6,weibull_softplus_unscaled@kappa_floor_link_flat15_nocap,dolma3_cc/entertainment_high,91,0.04443359375,0.6637748208801985
lwspu_u_kl0p05_cap06,uncheatable,Uncheatable,6,weibull_softplus_unscaled@kappa_floor_link_flat15_nocap,dolma3_cc/entertainment_low,25,0.01220703125,0.5010977583767111
lwspu_u_kl0p05_cap06,uncheatable,Uncheatable,6,weibull_softplus_unscaled@kappa_floor_link_flat15_nocap,dolma3_cc/finance_and_business_high,100,0.048828125,0.5677708856938549
lwspu_u_kl0p05_cap06,uncheatable,Uncheatable,6,weibull_softplus_unscaled@kappa_floor_link_flat15_nocap,dolma3_cc/finance_and_business_low,47,0.02294921875,0.5600356640269037
lwspu_u_kl0p05_cap06,uncheatable,Uncheatable,6,weibull_softplus_unscaled@kappa_floor_link_flat15_nocap,dolma3_cc/food_and_dining_high,31,0.01513671875,0.560424146464214
lwspu_u_kl0p05_cap06,uncheatable,Uncheatable,6,weibull_softplus_unscaled@kappa_floor_link_flat15_nocap,dolma3_cc/food_and_dining_low,16,0.0078125,0.587648965892311
lwspu_u_kl0p05_cap06,uncheatable,Uncheatable,6,weibull_softplus_unscaled@kappa_floor_link_flat15_nocap,dolma3_cc/games_high,49,0.02392578125,0.6697941046214345
lwspu_u_kl0p05_cap06,uncheatable,Uncheatable,6,weibull_softplus_unscaled@kappa_floor_link_flat15_nocap,dolma3_cc/games_low,14,0.0068359375,0.5104287385617476
lwspu_u_kl0p05_cap06,uncheatable,Uncheatable,6,weibull_softplus_unscaled@kappa_floor_link_flat15_nocap,dolma3_cc/health_high,81,0.03955078125,0.5744755495002051
lwspu_u_kl0p05_cap06,uncheatable,Uncheatable,6,weibull_softplus_unscaled@kappa_floor_link_flat15_nocap,dolma3_cc/health_low,33,0.01611328125,0.5491437579442456
lwspu_u_kl0p05_cap06,uncheatable,Uncheatable,6,weibull_softplus_unscaled@kappa_floor_link_flat15_nocap,dolma3_cc/history_and_geography_high,33,0.01611328125,0.7543347362169682
lwspu_u_kl0p05_cap06,uncheatable,Uncheatable,6,weibull_softplus_unscaled@kappa_floor_link_flat15_nocap,dolma3_cc/history_and_geography_low,11,0.00537109375,0.9136948010139793
lwspu_u_kl0p05_cap06,uncheatable,Uncheatable,6,weibull_softplus_unscaled@kappa_floor_link_flat15_nocap,dolma3_cc/industrial_high,18,0.0087890625,0.6806750143622307
lwspu_u_kl0p05_cap06,uncheatable,Uncheatable,6,weibull_softplus_unscaled@kappa_floor_link_flat15_nocap,dolma3_cc/industrial_low,19,0.00927734375,1.3569986422878282
lwspu_u_kl0p05_cap06,uncheatable,Uncheatable,6,weibull_softplus_unscaled@kappa_floor_link_flat15_nocap,dolma3_cc/literature_high,92,0.044921875,1.099862007232558
lwspu_u_kl0p05_cap06,uncheatable,Uncheatable,6,weibull_softplus_unscaled@kappa_floor_link_flat15_nocap,dolma3_cc/literature_low,23,0.01123046875,1.0312603375218432
lwspu_u_kl0p05_cap06,uncheatable,Uncheatable,6,weibull_softplus_unscaled@kappa_floor_link_flat15_nocap,dolma3_cc/science_math_and_technology_high,112,0.0546875,1.4232729839298577
lwspu_u_kl0p05_cap06,uncheatable,Uncheatable,6,weibull_softplus_unscaled@kappa_floor_link_flat15_nocap,dolma3_cc/science_math_and_technology_low,47,0.02294921875,1.3084011900650405
lwspu_u_kl0p05_cap06,uncheatable,Uncheatable,6,weibull_softplus_unscaled@kappa_floor_link_flat15_nocap,dolma3_stack_edu,146,0.0712890625,3.3632644633046422
lwspu_u_kl0p05_cap06,uncheatable,Uncheatable,6,weibull_softplus_unscaled@kappa_floor_link_flat15_nocap,dolma3_arxiv,29,0.01416015625,3.171859163478342
lwspu_u_kl0p05_cap06,uncheatable,Uncheatable,6,weibull_softplus_unscaled@kappa_floor_link_flat15_nocap,dolma3_finemath_3plus,24,0.01171875,2.17997651350085
lwspu_u_kl0p05_cap06,uncheatable,Uncheatable,6,weibull_softplus_unscaled@kappa_floor_link_flat15_nocap,dolma3_wikipedia,3,0.00146484375,2.5252266560731584
lwspu_u_kl0p05_cap06,uncheatable,Uncheatable,6,weibull_softplus_unscaled@kappa_floor_link_flat15_nocap,dolmino_common_crawl_hq,349,0.17041015625,0.8180682852097914
lwspu_u_kl0p05_cap06,uncheatable,Uncheatable,6,weibull_softplus_unscaled@kappa_floor_link_flat15_nocap,dolmino_olmocr_pdfs_hq,111,0.05419921875,1.664963773927085
lwspu_u_kl0p05_cap06,uncheatable,Uncheatable,6,weibull_softplus_unscaled@kappa_floor_link_flat15_nocap,dolmino_stack_edu_fim,140,0.068359375,3.229576449332469
lwspu_u_kl0p05_cap06,uncheatable,Uncheatable,6,weibull_softplus_unscaled@kappa_floor_link_flat15_nocap,dolmino_stem_heavy_crawl,5,0.00244140625,2.9618476730427528
lwspu_u_kl0p05_cap06,uncheatable,Uncheatable,6,weibull_softplus_unscaled@kappa_floor_link_flat15_nocap,dolmino_synth_code,28,0.013671875,4.585016527912242
lwspu_u_kl0p05_cap06,uncheatable,Uncheatable,6,weibull_softplus_unscaled@kappa_floor_link_flat15_nocap,dolmino_synth_instruction,12,0.005859375,2.0612193089146955
lwspu_u_kl0p05_cap06,uncheatable,Uncheatable,6,weibull_softplus_unscaled@kappa_floor_link_flat15_nocap,dolmino_synth_math,17,0.00830078125,2.4061326232022204
lwspu_u_kl0p05_cap06,uncheatable,Uncheatable,6,weibull_softplus_unscaled@kappa_floor_link_flat15_nocap,dolmino_synth_qa,136,0.06640625,0.7967923023282213
lwspu_u_kl0p05_cap06,uncheatable,Uncheatable,6,weibull_softplus_unscaled@kappa_floor_link_flat15_nocap,dolmino_synth_thinking,15,0.00732421875,1.161139184381367
lwspu_u_kl0p075_cap06,uncheatable,Uncheatable,6,weibull_softplus_unscaled@kappa_floor_link_flat15_nocap,dolma3_cc/art_and_design_high,25,0.01220703125,0.6762862380412552
lwspu_u_kl0p075_cap06,uncheatable,Uncheatable,6,weibull_softplus_unscaled@kappa_floor_link_flat15_nocap,dolma3_cc/art_and_design_low,11,0.00537109375,0.7331221490035748
lwspu_u_kl0p075_cap06,uncheatable,Uncheatable,6,weibull_softplus_unscaled@kappa_floor_link_flat15_nocap,dolma3_cc/crime_and_law_high,32,0.015625,0.6431182330109873
lwspu_u_kl0p075_cap06,uncheatable,Uncheatable,6,weibull_softplus_unscaled@kappa_floor_link_flat15_nocap,dolma3_cc/crime_and_law_low,15,0.00732421875,0.6710989747387572
lwspu_u_kl0p075_cap06,uncheatable,Uncheatable,6,weibull_softplus_unscaled@kappa_floor_link_flat15_nocap,dolma3_cc/education_and_jobs_high,56,0.02734375,0.6883452895750373
lwspu_u_kl0p075_cap06,uncheatable,Uncheatable,6,weibull_softplus_unscaled@kappa_floor_link_flat15_nocap,dolma3_cc/education_and_jobs_low,23,0.01123046875,0.577173931466747
lwspu_u_kl0p075_cap06,uncheatable,Uncheatable,6,weibull_softplus_unscaled@kappa_floor_link_flat15_nocap,dolma3_cc/electronics_and_hardware_high,33,0.01611328125,0.7687836758191124
lwspu_u_kl0p075_cap06,uncheatable,Uncheatable,6,weibull_softplus_unscaled@kappa_floor_link_flat15_nocap,dolma3_cc/electronics_and_hardware_low,12,0.005859375,0.5947580611085942
lwspu_u_kl0p075_cap06,uncheatable,Uncheatable,6,weibull_softplus_unscaled@kappa_floor_link_flat15_nocap,dolma3_cc/entertainment_high,97,0.04736328125,0.7075401936854863
lwspu_u_kl0p075_cap06,uncheatable,Uncheatable,6,weibull_softplus_unscaled@kappa_floor_link_flat15_nocap,dolma3_cc/entertainment_low,29,0.01416015625,0.5812733997169849
lwspu_u_kl0p075_cap06,uncheatable,Uncheatable,6,weibull_softplus_unscaled@kappa_floor_link_flat15_nocap,dolma3_cc/finance_and_business_high,112,0.0546875,0.6359033919771175
lwspu_u_kl0p075_cap06,uncheatable,Uncheatable,6,weibull_softplus_unscaled@kappa_floor_link_flat15_nocap,dolma3_cc/finance_and_business_low,53,0.02587890625,0.6315295785835298
lwspu_u_kl0p075_cap06,uncheatable,Uncheatable,6,weibull_softplus_unscaled@kappa_floor_link_flat15_nocap,dolma3_cc/food_and_dining_high,35,0.01708984375,0.6327369395563707
lwspu_u_kl0p075_cap06,uncheatable,Uncheatable,6,weibull_softplus_unscaled@kappa_floor_link_flat15_nocap,dolma3_cc/food_and_dining_low,18,0.0087890625,0.6611050866288498
lwspu_u_kl0p075_cap06,uncheatable,Uncheatable,6,weibull_softplus_unscaled@kappa_floor_link_flat15_nocap,dolma3_cc/games_high,53,0.02587890625,0.7244711743864496
lwspu_u_kl0p075_cap06,uncheatable,Uncheatable,6,weibull_softplus_unscaled@kappa_floor_link_flat15_nocap,dolma3_cc/games_low,16,0.0078125,0.5833471297848545
lwspu_u_kl0p075_cap06,uncheatable,Uncheatable,6,weibull_softplus_unscaled@kappa_floor_link_flat15_nocap,dolma3_cc/health_high,91,0.04443359375,0.6453984568459095
lwspu_u_kl0p075_cap06,uncheatable,Uncheatable,6,weibull_softplus_unscaled@kappa_floor_link_flat15_nocap,dolma3_cc/health_low,37,0.01806640625,0.6157066376950633
lwspu_u_kl0p075_cap06,uncheatable,Uncheatable,6,weibull_softplus_unscaled@kappa_floor_link_flat15_nocap,dolma3_cc/history_and_geography_high,34,0.0166015625,0.7771933645871794
lwspu_u_kl0p075_cap06,uncheatable,Uncheatable,6,weibull_softplus_unscaled@kappa_floor_link_flat15_nocap,dolma3_cc/history_and_geography_low,11,0.00537109375,0.9136948010139793
lwspu_u_kl0p075_cap06,uncheatable,Uncheatable,6,weibull_softplus_unscaled@kappa_floor_link_flat15_nocap,dolma3_cc/industrial_high,20,0.009765625,0.7563055715135897
lwspu_u_kl0p075_cap06,uncheatable,Uncheatable,6,weibull_softplus_unscaled@kappa_floor_link_flat15_nocap,dolma3_cc/industrial_low,18,0.0087890625,1.2855776611147844
lwspu_u_kl0p075_cap06,uncheatable,Uncheatable,6,weibull_softplus_unscaled@kappa_floor_link_flat15_nocap,dolma3_cc/literature_high,85,0.04150390625,1.0161768545083416
lwspu_u_kl0p075_cap06,uncheatable,Uncheatable,6,weibull_softplus_unscaled@kappa_floor_link_flat15_nocap,dolma3_cc/literature_low,23,0.01123046875,1.0312603375218432
lwspu_u_kl0p075_cap06,uncheatable,Uncheatable,6,weibull_softplus_unscaled@kappa_floor_link_flat15_nocap,dolma3_cc/science_math_and_technology_high,101,0.04931640625,1.2834872444367467
lwspu_u_kl0p075_cap06,uncheatable,Uncheatable,6,weibull_softplus_unscaled@kappa_floor_link_flat15_nocap,dolma3_cc/science_math_and_technology_low,44,0.021484375,1.2248862204864208
lwspu_u_kl0p075_cap06,uncheatable,Uncheatable,6,weibull_softplus_unscaled@kappa_floor_link_flat15_nocap,dolma3_stack_edu,131,0.06396484375,3.017723593787042
lwspu_u_kl0p075_cap06,uncheatable,Uncheatable,6,weibull_softplus_unscaled@kappa_floor_link_flat15_nocap,dolma3_arxiv,26,0.0126953125,2.843735801739203
lwspu_u_kl0p075_cap06,uncheatable,Uncheatable,6,weibull_softplus_unscaled@kappa_floor_link_flat15_nocap,dolma3_finemath_3plus,22,0.0107421875,1.9983118040424461
lwspu_u_kl0p075_cap06,uncheatable,Uncheatable,6,weibull_softplus_unscaled@kappa_floor_link_flat15_nocap,dolma3_wikipedia,3,0.00146484375,2.5252266560731584
lwspu_u_kl0p075_cap06,uncheatable,Uncheatable,6,weibull_softplus_unscaled@kappa_floor_link_flat15_nocap,dolmino_common_crawl_hq,349,0.17041015625,0.8180682852097914
lwspu_u_kl0p075_cap06,uncheatable,Uncheatable,6,weibull_softplus_unscaled@kappa_floor_link_flat15_nocap,dolmino_olmocr_pdfs_hq,98,0.0478515625,1.4699680166203093
lwspu_u_kl0p075_cap06,uncheatable,Uncheatable,6,weibull_softplus_unscaled@kappa_floor_link_flat15_nocap,dolmino_stack_edu_fim,126,0.0615234375,2.906618804399222
lwspu_u_kl0p075_cap06,uncheatable,Uncheatable,6,weibull_softplus_unscaled@kappa_floor_link_flat15_nocap,dolmino_stem_heavy_crawl,5,0.00244140625,2.9618476730427528
lwspu_u_kl0p075_cap06,uncheatable,Uncheatable,6,weibull_softplus_unscaled@kappa_floor_link_flat15_nocap,dolmino_synth_code,26,0.0126953125,4.257515347347082
lwspu_u_kl0p075_cap06,uncheatable,Uncheatable,6,weibull_softplus_unscaled@kappa_floor_link_flat15_nocap,dolmino_synth_instruction,11,0.00537109375,1.8894510331718042
lwspu_u_kl0p075_cap06,uncheatable,Uncheatable,6,weibull_softplus_unscaled@kappa_floor_link_flat15_nocap,dolmino_synth_math,15,0.00732421875,2.1230581969431355
lwspu_u_kl0p075_cap06,uncheatable,Uncheatable,6,weibull_softplus_unscaled@kappa_floor_link_flat15_nocap,dolmino_synth_qa,138,0.0673828125,0.8085098361859893
lwspu_u_kl0p075_cap06,uncheatable,Uncheatable,6,weibull_softplus_unscaled@kappa_floor_link_flat15_nocap,dolmino_synth_thinking,14,0.0068359375,1.0837299054226093
lwspu_u_kl0p1_cap06,uncheatable,Uncheatable,6,weibull_softplus_unscaled@kappa_floor_link_flat15_nocap,dolma3_cc/art_and_design_high,26,0.0126953125,0.7033376875629054
lwspu_u_kl0p1_cap06,uncheatable,Uncheatable,6,weibull_softplus_unscaled@kappa_floor_link_flat15_nocap,dolma3_cc/art_and_design_low,12,0.005859375,0.7997696170948088
lwspu_u_kl0p1_cap06,uncheatable,Uncheatable,6,weibull_softplus_unscaled@kappa_floor_link_flat15_nocap,dolma3_cc/crime_and_law_high,34,0.0166015625,0.6833131225741739
lwspu_u_kl0p1_cap06,uncheatable,Uncheatable,6,weibull_softplus_unscaled@kappa_floor_link_flat15_nocap,dolma3_cc/crime_and_law_low,16,0.0078125,0.7158389063880077
lwspu_u_kl0p1_cap06,uncheatable,Uncheatable,6,weibull_softplus_unscaled@kappa_floor_link_flat15_nocap,dolma3_cc/education_and_jobs_high,59,0.02880859375,0.7252209300879857
lwspu_u_kl0p1_cap06,uncheatable,Uncheatable,6,weibull_softplus_unscaled@kappa_floor_link_flat15_nocap,dolma3_cc/education_and_jobs_low,25,0.01220703125,0.6273629689855945
lwspu_u_kl0p1_cap06,uncheatable,Uncheatable,6,weibull_softplus_unscaled@kappa_floor_link_flat15_nocap,dolma3_cc/electronics_and_hardware_high,34,0.0166015625,0.7920801508439341
lwspu_u_kl0p1_cap06,uncheatable,Uncheatable,6,weibull_softplus_unscaled@kappa_floor_link_flat15_nocap,dolma3_cc/electronics_and_hardware_low,13,0.00634765625,0.6443212328676436
lwspu_u_kl0p1_cap06,uncheatable,Uncheatable,6,weibull_softplus_unscaled@kappa_floor_link_flat15_nocap,dolma3_cc/entertainment_high,100,0.048828125,0.7294228800881302
lwspu_u_kl0p1_cap06,uncheatable,Uncheatable,6,weibull_softplus_unscaled@kappa_floor_link_flat15_nocap,dolma3_cc/entertainment_low,32,0.015625,0.6414051307221902
lwspu_u_kl0p1_cap06,uncheatable,Uncheatable,6,weibull_softplus_unscaled@kappa_floor_link_flat15_nocap,dolma3_cc/finance_and_business_high,120,0.05859375,0.6813250628326258
lwspu_u_kl0p1_cap06,uncheatable,Uncheatable,6,weibull_softplus_unscaled@kappa_floor_link_flat15_nocap,dolma3_cc/finance_and_business_low,57,0.02783203125,0.6791921882879471
lwspu_u_kl0p1_cap06,uncheatable,Uncheatable,6,weibull_softplus_unscaled@kappa_floor_link_flat15_nocap,dolma3_cc/food_and_dining_high,37,0.01806640625,0.6688933361024489
lwspu_u_kl0p1_cap06,uncheatable,Uncheatable,6,weibull_softplus_unscaled@kappa_floor_link_flat15_nocap,dolma3_cc/food_and_dining_low,19,0.00927734375,0.6978331469971193
lwspu_u_kl0p1_cap06,uncheatable,Uncheatable,6,weibull_softplus_unscaled@kappa_floor_link_flat15_nocap,dolma3_cc/games_high,55,0.02685546875,0.7518097092689571
lwspu_u_kl0p1_cap06,uncheatable,Uncheatable,6,weibull_softplus_unscaled@kappa_floor_link_flat15_nocap,dolma3_cc/games_low,17,0.00830078125,0.6198063253964079
lwspu_u_kl0p1_cap06,uncheatable,Uncheatable,6,weibull_softplus_unscaled@kappa_floor_link_flat15_nocap,dolma3_cc/health_high,97,0.04736328125,0.6879522012533321
lwspu_u_kl0p1_cap06,uncheatable,Uncheatable,6,weibull_softplus_unscaled@kappa_floor_link_flat15_nocap,dolma3_cc/health_low,40,0.01953125,0.6656287975081765
lwspu_u_kl0p1_cap06,uncheatable,Uncheatable,6,weibull_softplus_unscaled@kappa_floor_link_flat15_nocap,dolma3_cc/history_and_geography_high,34,0.0166015625,0.7771933645871794
lwspu_u_kl0p1_cap06,uncheatable,Uncheatable,6,weibull_softplus_unscaled@kappa_floor_link_flat15_nocap,dolma3_cc/history_and_geography_low,11,0.00537109375,0.9136948010139793
lwspu_u_kl0p1_cap06,uncheatable,Uncheatable,6,weibull_softplus_unscaled@kappa_floor_link_flat15_nocap,dolma3_cc/industrial_high,20,0.009765625,0.7563055715135897
lwspu_u_kl0p1_cap06,uncheatable,Uncheatable,6,weibull_softplus_unscaled@kappa_floor_link_flat15_nocap,dolma3_cc/industrial_low,17,0.00830078125,1.214156679941741
lwspu_u_kl0p1_cap06,uncheatable,Uncheatable,6,weibull_softplus_unscaled@kappa_floor_link_flat15_nocap,dolma3_cc/literature_high,81,0.03955078125,0.9683567672373609
lwspu_u_kl0p1_cap06,uncheatable,Uncheatable,6,weibull_softplus_unscaled@kappa_floor_link_flat15_nocap,dolma3_cc/literature_low,22,0.0107421875,0.9864229315426325
lwspu_u_kl0p1_cap06,uncheatable,Uncheatable,6,weibull_softplus_unscaled@kappa_floor_link_flat15_nocap,dolma3_cc/science_math_and_technology_high,94,0.0458984375,1.1945326829411305
lwspu_u_kl0p1_cap06,uncheatable,Uncheatable,6,weibull_softplus_unscaled@kappa_floor_link_flat15_nocap,dolma3_cc/science_math_and_technology_low,42,0.0205078125,1.1692095741006745
lwspu_u_kl0p1_cap06,uncheatable,Uncheatable,6,weibull_softplus_unscaled@kappa_floor_link_flat15_nocap,dolma3_stack_edu,120,0.05859375,2.7643269561408017
lwspu_u_kl0p1_cap06,uncheatable,Uncheatable,6,weibull_softplus_unscaled@kappa_floor_link_flat15_nocap,dolma3_arxiv,24,0.01171875,2.6249868939131105
lwspu_u_kl0p1_cap06,uncheatable,Uncheatable,6,weibull_softplus_unscaled@kappa_floor_link_flat15_nocap,dolma3_finemath_3plus,20,0.009765625,1.816647094584042
lwspu_u_kl0p1_cap06,uncheatable,Uncheatable,6,weibull_softplus_unscaled@kappa_floor_link_flat15_nocap,dolma3_wikipedia,3,0.00146484375,2.5252266560731584
lwspu_u_kl0p1_cap06,uncheatable,Uncheatable,6,weibull_softplus_unscaled@kappa_floor_link_flat15_nocap,dolmino_common_crawl_hq,352,0.171875,0.825100390813314
lwspu_u_kl0p1_cap06,uncheatable,Uncheatable,6,weibull_softplus_unscaled@kappa_floor_link_flat15_nocap,dolmino_olmocr_pdfs_hq,90,0.0439453125,1.3499706275084473
lwspu_u_kl0p1_cap06,uncheatable,Uncheatable,6,weibull_softplus_unscaled@kappa_floor_link_flat15_nocap,dolmino_stack_edu_fim,116,0.056640625,2.675934772304046
lwspu_u_kl0p1_cap06,uncheatable,Uncheatable,6,weibull_softplus_unscaled@kappa_floor_link_flat15_nocap,dolmino_stem_heavy_crawl,5,0.00244140625,2.9618476730427528
lwspu_u_kl0p1_cap06,uncheatable,Uncheatable,6,weibull_softplus_unscaled@kappa_floor_link_flat15_nocap,dolmino_synth_code,25,0.01220703125,4.093764757064502
lwspu_u_kl0p1_cap06,uncheatable,Uncheatable,6,weibull_softplus_unscaled@kappa_floor_link_flat15_nocap,dolmino_synth_instruction,11,0.00537109375,1.8894510331718042
lwspu_u_kl0p1_cap06,uncheatable,Uncheatable,6,weibull_softplus_unscaled@kappa_floor_link_flat15_nocap,dolmino_synth_math,14,0.0068359375,1.9815209838135932
lwspu_u_kl0p1_cap06,uncheatable,Uncheatable,6,weibull_softplus_unscaled@kappa_floor_link_flat15_nocap,dolmino_synth_qa,140,0.068359375,0.8202273700437572
lwspu_u_kl0p1_cap06,uncheatable,Uncheatable,6,weibull_softplus_unscaled@kappa_floor_link_flat15_nocap,dolmino_synth_thinking,14,0.0068359375,1.0837299054226093
lwspu_u_kl0p2_cap06,uncheatable,Uncheatable,6,weibull_softplus_unscaled@kappa_floor_link_flat15_nocap,dolma3_cc/art_and_design_high,29,0.01416015625,0.784492036127856
lwspu_u_kl0p2_cap06,uncheatable,Uncheatable,6,weibull_softplus_unscaled@kappa_floor_link_flat15_nocap,dolma3_cc/art_and_design_low,12,0.005859375,0.7997696170948088
lwspu_u_kl0p2_cap06,uncheatable,Uncheatable,6,weibull_softplus_unscaled@kappa_floor_link_flat15_nocap,dolma3_cc/crime_and_law_high,38,0.0185546875,0.7637029017005473
lwspu_u_kl0p2_cap06,uncheatable,Uncheatable,6,weibull_softplus_unscaled@kappa_floor_link_flat15_nocap,dolma3_cc/crime_and_law_low,17,0.00830078125,0.7605788380372582
lwspu_u_kl0p2_cap06,uncheatable,Uncheatable,6,weibull_softplus_unscaled@kappa_floor_link_flat15_nocap,dolma3_cc/education_and_jobs_high,64,0.03125,0.7866803309428997
lwspu_u_kl0p2_cap06,uncheatable,Uncheatable,6,weibull_softplus_unscaled@kappa_floor_link_flat15_nocap,dolma3_cc/education_and_jobs_low,29,0.01416015625,0.7277410440232897
lwspu_u_kl0p2_cap06,uncheatable,Uncheatable,6,weibull_softplus_unscaled@kappa_floor_link_flat15_nocap,dolma3_cc/electronics_and_hardware_high,36,0.017578125,0.8386731008935773
lwspu_u_kl0p2_cap06,uncheatable,Uncheatable,6,weibull_softplus_unscaled@kappa_floor_link_flat15_nocap,dolma3_cc/electronics_and_hardware_low,15,0.00732421875,0.7434475763857427
lwspu_u_kl0p2_cap06,uncheatable,Uncheatable,6,weibull_softplus_unscaled@kappa_floor_link_flat15_nocap,dolma3_cc/entertainment_high,107,0.05224609375,0.7804824816942992
lwspu_u_kl0p2_cap06,uncheatable,Uncheatable,6,weibull_softplus_unscaled@kappa_floor_link_flat15_nocap,dolma3_cc/entertainment_low,37,0.01806640625,0.7416246823975324
lwspu_u_kl0p2_cap06,uncheatable,Uncheatable,6,weibull_softplus_unscaled@kappa_floor_link_flat15_nocap,dolma3_cc/finance_and_business_high,134,0.0654296875,0.7608129868297656
lwspu_u_kl0p2_cap06,uncheatable,Uncheatable,6,weibull_softplus_unscaled@kappa_floor_link_flat15_nocap,dolma3_cc/finance_and_business_low,64,0.03125,0.7626017552706774
lwspu_u_kl0p2_cap06,uncheatable,Uncheatable,6,weibull_softplus_unscaled@kappa_floor_link_flat15_nocap,dolma3_cc/food_and_dining_high,42,0.0205078125,0.7592843274676447
lwspu_u_kl0p2_cap06,uncheatable,Uncheatable,6,weibull_softplus_unscaled@kappa_floor_link_flat15_nocap,dolma3_cc/food_and_dining_low,21,0.01025390625,0.7712892677336581
lwspu_u_kl0p2_cap06,uncheatable,Uncheatable,6,weibull_softplus_unscaled@kappa_floor_link_flat15_nocap,dolma3_cc/games_high,59,0.02880859375,0.8064867790339721
lwspu_u_kl0p2_cap06,uncheatable,Uncheatable,6,weibull_softplus_unscaled@kappa_floor_link_flat15_nocap,dolma3_cc/games_low,20,0.009765625,0.729183912231068
lwspu_u_kl0p2_cap06,uncheatable,Uncheatable,6,weibull_softplus_unscaled@kappa_floor_link_flat15_nocap,dolma3_cc/health_high,107,0.05224609375,0.7588751085990364
lwspu_u_kl0p2_cap06,uncheatable,Uncheatable,6,weibull_softplus_unscaled@kappa_floor_link_flat15_nocap,dolma3_cc/health_low,45,0.02197265625,0.7488323971966986
lwspu_u_kl0p2_cap06,uncheatable,Uncheatable,6,weibull_softplus_unscaled@kappa_floor_link_flat15_nocap,dolma3_cc/history_and_geography_high,36,0.017578125,0.8229106213276017
lwspu_u_kl0p2_cap06,uncheatable,Uncheatable,6,weibull_softplus_unscaled@kappa_floor_link_flat15_nocap,dolma3_cc/history_and_geography_low,11,0.00537109375,0.9136948010139793
lwspu_u_kl0p2_cap06,uncheatable,Uncheatable,6,weibull_softplus_unscaled@kappa_floor_link_flat15_nocap,dolma3_cc/industrial_high,22,0.0107421875,0.8319361286649486
lwspu_u_kl0p2_cap06,uncheatable,Uncheatable,6,weibull_softplus_unscaled@kappa_floor_link_flat15_nocap,dolma3_cc/industrial_low,15,0.00732421875,1.0713147175956537
lwspu_u_kl0p2_cap06,uncheatable,Uncheatable,6,weibull_softplus_unscaled@kappa_floor_link_flat15_nocap,dolma3_cc/literature_high,77,0.03759765625,0.92053667996638
lwspu_u_kl0p2_cap06,uncheatable,Uncheatable,6,weibull_softplus_unscaled@kappa_floor_link_flat15_nocap,dolma3_cc/literature_low,21,0.01025390625,0.941585525563422
lwspu_u_kl0p2_cap06,uncheatable,Uncheatable,6,weibull_softplus_unscaled@kappa_floor_link_flat15_nocap,dolma3_cc/science_math_and_technology_high,84,0.041015625,1.0674547379473933
lwspu_u_kl0p2_cap06,uncheatable,Uncheatable,6,weibull_softplus_unscaled@kappa_floor_link_flat15_nocap,dolma3_cc/science_math_and_technology_low,38,0.0185546875,1.0578562813291816
lwspu_u_kl0p2_cap06,uncheatable,Uncheatable,6,weibull_softplus_unscaled@kappa_floor_link_flat15_nocap,dolma3_stack_edu,97,0.04736328125,2.2344976228804816
lwspu_u_kl0p2_cap06,uncheatable,Uncheatable,6,weibull_softplus_unscaled@kappa_floor_link_flat15_nocap,dolma3_arxiv,19,0.00927734375,2.0781146243478794
lwspu_u_kl0p2_cap06,uncheatable,Uncheatable,6,weibull_softplus_unscaled@kappa_floor_link_flat15_nocap,dolma3_finemath_3plus,17,0.00830078125,1.5441500303964357
lwspu_u_kl0p2_cap06,uncheatable,Uncheatable,6,weibull_softplus_unscaled@kappa_floor_link_flat15_nocap,dolma3_wikipedia,3,0.00146484375,2.5252266560731584
lwspu_u_kl0p2_cap06,uncheatable,Uncheatable,6,weibull_softplus_unscaled@kappa_floor_link_flat15_nocap,dolmino_common_crawl_hq,358,0.1748046875,0.8391646020203591
lwspu_u_kl0p2_cap06,uncheatable,Uncheatable,6,weibull_softplus_unscaled@kappa_floor_link_flat15_nocap,dolmino_olmocr_pdfs_hq,76,0.037109375,1.139975196562689
lwspu_u_kl0p2_cap06,uncheatable,Uncheatable,6,weibull_softplus_unscaled@kappa_floor_link_flat15_nocap,dolmino_stack_edu_fim,94,0.0458984375,2.1684299016946578
lwspu_u_kl0p2_cap06,uncheatable,Uncheatable,6,weibull_softplus_unscaled@kappa_floor_link_flat15_nocap,dolmino_stem_heavy_crawl,4,0.001953125,2.3694781384342023
lwspu_u_kl0p2_cap06,uncheatable,Uncheatable,6,weibull_softplus_unscaled@kappa_floor_link_flat15_nocap,dolmino_synth_code,22,0.0107421875,3.602512986216762
lwspu_u_kl0p2_cap06,uncheatable,Uncheatable,6,weibull_softplus_unscaled@kappa_floor_link_flat15_nocap,dolmino_synth_instruction,9,0.00439453125,1.5459144816860217
lwspu_u_kl0p2_cap06,uncheatable,Uncheatable,6,weibull_softplus_unscaled@kappa_floor_link_flat15_nocap,dolmino_synth_math,12,0.005859375,1.6984465575545085
lwspu_u_kl0p2_cap06,uncheatable,Uncheatable,6,weibull_softplus_unscaled@kappa_floor_link_flat15_nocap,dolmino_synth_qa,144,0.0703125,0.8436624377592932
lwspu_u_kl0p2_cap06,uncheatable,Uncheatable,6,weibull_softplus_unscaled@kappa_floor_link_flat15_nocap,dolmino_synth_thinking,13,0.00634765625,1.0063206264638513
lwspu_u_kl0p5_cap06,uncheatable,Uncheatable,6,weibull_softplus_unscaled@kappa_floor_link_flat15_nocap,dolma3_cc/art_and_design_high,31,0.01513671875,0.8385949351711565
lwspu_u_kl0p5_cap06,uncheatable,Uncheatable,6,weibull_softplus_unscaled@kappa_floor_link_flat15_nocap,dolma3_cc/art_and_design_low,13,0.00634765625,0.8664170851860429
lwspu_u_kl0p5_cap06,uncheatable,Uncheatable,6,weibull_softplus_unscaled@kappa_floor_link_flat15_nocap,dolma3_cc/crime_and_law_high,41,0.02001953125,0.8239952360453273
lwspu_u_kl0p5_cap06,uncheatable,Uncheatable,6,weibull_softplus_unscaled@kappa_floor_link_flat15_nocap,dolma3_cc/crime_and_law_low,19,0.00927734375,0.8500587013357591
lwspu_u_kl0p5_cap06,uncheatable,Uncheatable,6,weibull_softplus_unscaled@kappa_floor_link_flat15_nocap,dolma3_cc/education_and_jobs_high,69,0.03369140625,0.8481397317978138
lwspu_u_kl0p5_cap06,uncheatable,Uncheatable,6,weibull_softplus_unscaled@kappa_floor_link_flat15_nocap,dolma3_cc/education_and_jobs_low,33,0.01611328125,0.8281191190609848
lwspu_u_kl0p5_cap06,uncheatable,Uncheatable,6,weibull_softplus_unscaled@kappa_floor_link_flat15_nocap,dolma3_cc/electronics_and_hardware_high,37,0.01806640625,0.8619695759183988
lwspu_u_kl0p5_cap06,uncheatable,Uncheatable,6,weibull_softplus_unscaled@kappa_floor_link_flat15_nocap,dolma3_cc/electronics_and_hardware_low,17,0.00830078125,0.8425739199038417
lwspu_u_kl0p5_cap06,uncheatable,Uncheatable,6,weibull_softplus_unscaled@kappa_floor_link_flat15_nocap,dolma3_cc/entertainment_high,115,0.05615234375,0.8388363121013497
lwspu_u_kl0p5_cap06,uncheatable,Uncheatable,6,weibull_softplus_unscaled@kappa_floor_link_flat15_nocap,dolma3_cc/entertainment_low,41,0.02001953125,0.8218003237378061
lwspu_u_kl0p5_cap06,uncheatable,Uncheatable,6,weibull_softplus_unscaled@kappa_floor_link_flat15_nocap,dolma3_cc/finance_and_business_high,146,0.0712890625,0.8289454931130281
lwspu_u_kl0p5_cap06,uncheatable,Uncheatable,6,weibull_softplus_unscaled@kappa_floor_link_flat15_nocap,dolma3_cc/finance_and_business_low,69,0.03369140625,0.8221800174011992
lwspu_u_kl0p5_cap06,uncheatable,Uncheatable,6,weibull_softplus_unscaled@kappa_floor_link_flat15_nocap,dolma3_cc/food_and_dining_high,46,0.0224609375,0.8315971205598014
lwspu_u_kl0p5_cap06,uncheatable,Uncheatable,6,weibull_softplus_unscaled@kappa_floor_link_flat15_nocap,dolma3_cc/food_and_dining_low,23,0.01123046875,0.844745388470197
lwspu_u_kl0p5_cap06,uncheatable,Uncheatable,6,weibull_softplus_unscaled@kappa_floor_link_flat15_nocap,dolma3_cc/games_high,62,0.0302734375,0.8474945813577335
lwspu_u_kl0p5_cap06,uncheatable,Uncheatable,6,weibull_softplus_unscaled@kappa_floor_link_flat15_nocap,dolma3_cc/games_low,22,0.0107421875,0.8021023034541749
lwspu_u_kl0p5_cap06,uncheatable,Uncheatable,6,weibull_softplus_unscaled@kappa_floor_link_flat15_nocap,dolma3_cc/health_high,117,0.05712890625,0.8297980159447408
lwspu_u_kl0p5_cap06,uncheatable,Uncheatable,6,weibull_softplus_unscaled@kappa_floor_link_flat15_nocap,dolma3_cc/health_low,50,0.0244140625,0.8320359968852206
lwspu_u_kl0p5_cap06,uncheatable,Uncheatable,6,weibull_softplus_unscaled@kappa_floor_link_flat15_nocap,dolma3_cc/history_and_geography_high,38,0.0185546875,0.868627878068024
lwspu_u_kl0p5_cap06,uncheatable,Uncheatable,6,weibull_softplus_unscaled@kappa_floor_link_flat15_nocap,dolma3_cc/history_and_geography_low,11,0.00537109375,0.9136948010139793
lwspu_u_kl0p5_cap06,uncheatable,Uncheatable,6,weibull_softplus_unscaled@kappa_floor_link_flat15_nocap,dolma3_cc/industrial_high,23,0.01123046875,0.869751407240628
lwspu_u_kl0p5_cap06,uncheatable,Uncheatable,6,weibull_softplus_unscaled@kappa_floor_link_flat15_nocap,dolma3_cc/industrial_low,14,0.0068359375,0.9998937364226101
lwspu_u_kl0p5_cap06,uncheatable,Uncheatable,6,weibull_softplus_unscaled@kappa_floor_link_flat15_nocap,dolma3_cc/literature_high,75,0.03662109375,0.8966266363308897
lwspu_u_kl0p5_cap06,uncheatable,Uncheatable,6,weibull_softplus_unscaled@kappa_floor_link_flat15_nocap,dolma3_cc/literature_low,21,0.01025390625,0.941585525563422
lwspu_u_kl0p5_cap06,uncheatable,Uncheatable,6,weibull_softplus_unscaled@kappa_floor_link_flat15_nocap,dolma3_cc/science_math_and_technology_high,76,0.037109375,0.9657923819524034
lwspu_u_kl0p5_cap06,uncheatable,Uncheatable,6,weibull_softplus_unscaled@kappa_floor_link_flat15_nocap,dolma3_cc/science_math_and_technology_low,35,0.01708984375,0.974341311750562
lwspu_u_kl0p5_cap06,uncheatable,Uncheatable,6,weibull_softplus_unscaled@kappa_floor_link_flat15_nocap,dolma3_stack_edu,73,0.03564453125,1.6816322316523211
lwspu_u_kl0p5_cap06,uncheatable,Uncheatable,6,weibull_softplus_unscaled@kappa_floor_link_flat15_nocap,dolma3_arxiv,13,0.00634765625,1.4218679008696016
lwspu_u_kl0p5_cap06,uncheatable,Uncheatable,6,weibull_softplus_unscaled@kappa_floor_link_flat15_nocap,dolma3_finemath_3plus,14,0.0068359375,1.2716529662088294
lwspu_u_kl0p5_cap06,uncheatable,Uncheatable,6,weibull_softplus_unscaled@kappa_floor_link_flat15_nocap,dolma3_wikipedia,2,0.0009765625,1.6834844373821056
lwspu_u_kl0p5_cap06,uncheatable,Uncheatable,6,weibull_softplus_unscaled@kappa_floor_link_flat15_nocap,dolmino_common_crawl_hq,368,0.1796875,0.862604954032101
lwspu_u_kl0p5_cap06,uncheatable,Uncheatable,6,weibull_softplus_unscaled@kappa_floor_link_flat15_nocap,dolmino_olmocr_pdfs_hq,67,0.03271484375,1.0049781338118442
lwspu_u_kl0p5_cap06,uncheatable,Uncheatable,6,weibull_softplus_unscaled@kappa_floor_link_flat15_nocap,dolmino_stack_edu_fim,71,0.03466796875,1.637856627875752
lwspu_u_kl0p5_cap06,uncheatable,Uncheatable,6,weibull_softplus_unscaled@kappa_floor_link_flat15_nocap,dolmino_stem_heavy_crawl,3,0.00146484375,1.7771086038256516
lwspu_u_kl0p5_cap06,uncheatable,Uncheatable,6,weibull_softplus_unscaled@kappa_floor_link_flat15_nocap,dolmino_synth_code,17,0.00830078125,2.7837600348038616
lwspu_u_kl0p5_cap06,uncheatable,Uncheatable,6,weibull_softplus_unscaled@kappa_floor_link_flat15_nocap,dolmino_synth_instruction,7,0.00341796875,1.202377930200239
lwspu_u_kl0p5_cap06,uncheatable,Uncheatable,6,weibull_softplus_unscaled@kappa_floor_link_flat15_nocap,dolmino_synth_math,9,0.00439453125,1.2738349181658815
lwspu_u_kl0p5_cap06,uncheatable,Uncheatable,6,weibull_softplus_unscaled@kappa_floor_link_flat15_nocap,dolmino_synth_qa,148,0.072265625,0.8670975054748291
lwspu_u_kl0p5_cap06,uncheatable,Uncheatable,6,weibull_softplus_unscaled@kappa_floor_link_flat15_nocap,dolmino_synth_thinking,12,0.005859375,0.9289113475050936
lwspu_t9_kl0p005_cap08,table9,Table 9,8,weibull_softplus_unscaled@kappa_floor_link_flat15_nocap,dolma3_cc/art_and_design_high,11,0.00537109375,0.2975659447381523
lwspu_t9_kl0p005_cap08,table9,Table 9,8,weibull_softplus_unscaled@kappa_floor_link_flat15_nocap,dolma3_cc/art_and_design_low,6,0.0029296875,0.3998848085474044
lwspu_t9_kl0p005_cap08,table9,Table 9,8,weibull_softplus_unscaled@kappa_floor_link_flat15_nocap,dolma3_cc/crime_and_law_high,13,0.00634765625,0.26126678216071353
lwspu_t9_kl0p005_cap08,table9,Table 9,8,weibull_softplus_unscaled@kappa_floor_link_flat15_nocap,dolma3_cc/crime_and_law_low,18,0.0087890625,0.8053187696865086
lwspu_t9_kl0p005_cap08,table9,Table 9,8,weibull_softplus_unscaled@kappa_floor_link_flat15_nocap,dolma3_cc/education_and_jobs_high,26,0.0126953125,0.319588884445553
lwspu_t9_kl0p005_cap08,table9,Table 9,8,weibull_softplus_unscaled@kappa_floor_link_flat15_nocap,dolma3_cc/education_and_jobs_low,4,0.001953125,0.10037807503769512
lwspu_t9_kl0p005_cap08,table9,Table 9,8,weibull_softplus_unscaled@kappa_floor_link_flat15_nocap,dolma3_cc/electronics_and_hardware_high,17,0.00830078125,0.39604007542196706
lwspu_t9_kl0p005_cap08,table9,Table 9,8,weibull_softplus_unscaled@kappa_floor_link_flat15_nocap,dolma3_cc/electronics_and_hardware_low,19,0.00927734375,0.9417002634219408
lwspu_t9_kl0p005_cap08,table9,Table 9,8,weibull_softplus_unscaled@kappa_floor_link_flat15_nocap,dolma3_cc/entertainment_high,21,0.01025390625,0.15317880481850732
lwspu_t9_kl0p005_cap08,table9,Table 9,8,weibull_softplus_unscaled@kappa_floor_link_flat15_nocap,dolma3_cc/entertainment_low,19,0.00927734375,0.3808342963663004
lwspu_t9_kl0p005_cap08,table9,Table 9,8,weibull_softplus_unscaled@kappa_floor_link_flat15_nocap,dolma3_cc/finance_and_business_high,7,0.00341796875,0.039743961998569846
lwspu_t9_kl0p005_cap08,table9,Table 9,8,weibull_softplus_unscaled@kappa_floor_link_flat15_nocap,dolma3_cc/finance_and_business_low,12,0.005859375,0.14298782911325203
lwspu_t9_kl0p005_cap08,table9,Table 9,8,weibull_softplus_unscaled@kappa_floor_link_flat15_nocap,dolma3_cc/food_and_dining_high,42,0.0205078125,0.7592843274676447
lwspu_t9_kl0p005_cap08,table9,Table 9,8,weibull_softplus_unscaled@kappa_floor_link_flat15_nocap,dolma3_cc/food_and_dining_low,29,0.01416015625,1.0651137506798136
lwspu_t9_kl0p005_cap08,table9,Table 9,8,weibull_softplus_unscaled@kappa_floor_link_flat15_nocap,dolma3_cc/games_high,37,0.01806640625,0.5057628953263893
lwspu_t9_kl0p005_cap08,table9,Table 9,8,weibull_softplus_unscaled@kappa_floor_link_flat15_nocap,dolma3_cc/games_low,22,0.0107421875,0.8021023034541749
lwspu_t9_kl0p005_cap08,table9,Table 9,8,weibull_softplus_unscaled@kappa_floor_link_flat15_nocap,dolma3_cc/health_high,36,0.017578125,0.2553224664445356
lwspu_t9_kl0p005_cap08,table9,Table 9,8,weibull_softplus_unscaled@kappa_floor_link_flat15_nocap,dolma3_cc/health_low,32,0.015625,0.5325030380065412
lwspu_t9_kl0p005_cap08,table9,Table 9,8,weibull_softplus_unscaled@kappa_floor_link_flat15_nocap,dolma3_cc/history_and_geography_high,69,0.03369140625,1.57724535754457
lwspu_t9_kl0p005_cap08,table9,Table 9,8,weibull_softplus_unscaled@kappa_floor_link_flat15_nocap,dolma3_cc/history_and_geography_low,2,0.0009765625,0.16612632745708714
lwspu_t9_kl0p005_cap08,table9,Table 9,8,weibull_softplus_unscaled@kappa_floor_link_flat15_nocap,dolma3_cc/industrial_high,14,0.0068359375,0.5294139000595127
lwspu_t9_kl0p005_cap08,table9,Table 9,8,weibull_softplus_unscaled@kappa_floor_link_flat15_nocap,dolma3_cc/industrial_low,32,0.015625,2.285471397537395
lwspu_t9_kl0p005_cap08,table9,Table 9,8,weibull_softplus_unscaled@kappa_floor_link_flat15_nocap,dolma3_cc/literature_high,139,0.06787109375,1.661748032666582
lwspu_t9_kl0p005_cap08,table9,Table 9,8,weibull_softplus_unscaled@kappa_floor_link_flat15_nocap,dolma3_cc/literature_low,33,0.01611328125,1.4796343973139487
lwspu_t9_kl0p005_cap08,table9,Table 9,8,weibull_softplus_unscaled@kappa_floor_link_flat15_nocap,dolma3_cc/science_math_and_technology_high,90,0.0439453125,1.1437015049436356
lwspu_t9_kl0p005_cap08,table9,Table 9,8,weibull_softplus_unscaled@kappa_floor_link_flat15_nocap,dolma3_cc/science_math_and_technology_low,39,0.01904296875,1.0856946045220548
lwspu_t9_kl0p005_cap08,table9,Table 9,8,weibull_softplus_unscaled@kappa_floor_link_flat15_nocap,dolma3_stack_edu,280,0.13671875,6.450096230995205
lwspu_t9_kl0p005_cap08,table9,Table 9,8,weibull_softplus_unscaled@kappa_floor_link_flat15_nocap,dolma3_arxiv,26,0.0126953125,2.843735801739203
lwspu_t9_kl0p005_cap08,table9,Table 9,8,weibull_softplus_unscaled@kappa_floor_link_flat15_nocap,dolma3_finemath_3plus,54,0.0263671875,4.904947155376913
lwspu_t9_kl0p005_cap08,table9,Table 9,8,weibull_softplus_unscaled@kappa_floor_link_flat15_nocap,dolma3_wikipedia,1,0.00048828125,0.8417422186910528
lwspu_t9_kl0p005_cap08,table9,Table 9,8,weibull_softplus_unscaled@kappa_floor_link_flat15_nocap,dolmino_common_crawl_hq,79,0.03857421875,0.1851787808927608
lwspu_t9_kl0p005_cap08,table9,Table 9,8,weibull_softplus_unscaled@kappa_floor_link_flat15_nocap,dolmino_olmocr_pdfs_hq,67,0.03271484375,1.0049781338118442
lwspu_t9_kl0p005_cap08,table9,Table 9,8,weibull_softplus_unscaled@kappa_floor_link_flat15_nocap,dolmino_stack_edu_fim,284,0.138671875,6.551426511503008
lwspu_t9_kl0p005_cap08,table9,Table 9,8,weibull_softplus_unscaled@kappa_floor_link_flat15_nocap,dolmino_stem_heavy_crawl,2,0.0009765625,1.1847390692171011
lwspu_t9_kl0p005_cap08,table9,Table 9,8,weibull_softplus_unscaled@kappa_floor_link_flat15_nocap,dolmino_synth_code,33,0.01611328125,5.403769479325143
lwspu_t9_kl0p005_cap08,table9,Table 9,8,weibull_softplus_unscaled@kappa_floor_link_flat15_nocap,dolmino_synth_instruction,10,0.0048828125,1.717682757428913
lwspu_t9_kl0p005_cap08,table9,Table 9,8,weibull_softplus_unscaled@kappa_floor_link_flat15_nocap,dolmino_synth_math,52,0.025390625,7.359935082736204
lwspu_t9_kl0p005_cap08,table9,Table 9,8,weibull_softplus_unscaled@kappa_floor_link_flat15_nocap,dolmino_synth_qa,302,0.1474609375,1.7693476125229621
lwspu_t9_kl0p005_cap08,table9,Table 9,8,weibull_softplus_unscaled@kappa_floor_link_flat15_nocap,dolmino_synth_thinking,69,0.03369140625,5.341240248154288
lwspu_t9_kl0p01_cap08,table9,Table 9,8,weibull_softplus_unscaled@kappa_floor_link_flat15_nocap,dolma3_cc/art_and_design_high,12,0.005859375,0.3246173942598025
lwspu_t9_kl0p01_cap08,table9,Table 9,8,weibull_softplus_unscaled@kappa_floor_link_flat15_nocap,dolma3_cc/art_and_design_low,7,0.00341796875,0.46653227663863844
lwspu_t9_kl0p01_cap08,table9,Table 9,8,weibull_softplus_unscaled@kappa_floor_link_flat15_nocap,dolma3_cc/crime_and_law_high,14,0.0068359375,0.2813642269423069
lwspu_t9_kl0p01_cap08,table9,Table 9,8,weibull_softplus_unscaled@kappa_floor_link_flat15_nocap,dolma3_cc/crime_and_law_low,18,0.0087890625,0.8053187696865086
lwspu_t9_kl0p01_cap08,table9,Table 9,8,weibull_softplus_unscaled@kappa_floor_link_flat15_nocap,dolma3_cc/education_and_jobs_high,30,0.0146484375,0.36875640512948427
lwspu_t9_kl0p01_cap08,table9,Table 9,8,weibull_softplus_unscaled@kappa_floor_link_flat15_nocap,dolma3_cc/education_and_jobs_low,6,0.0029296875,0.1505671125565427
lwspu_t9_kl0p01_cap08,table9,Table 9,8,weibull_softplus_unscaled@kappa_floor_link_flat15_nocap,dolma3_cc/electronics_and_hardware_high,19,0.00927734375,0.4426330254716102
lwspu_t9_kl0p01_cap08,table9,Table 9,8,weibull_softplus_unscaled@kappa_floor_link_flat15_nocap,dolma3_cc/electronics_and_hardware_low,19,0.00927734375,0.9417002634219408
lwspu_t9_kl0p01_cap08,table9,Table 9,8,weibull_softplus_unscaled@kappa_floor_link_flat15_nocap,dolma3_cc/entertainment_high,29,0.01416015625,0.21153263522555774
lwspu_t9_kl0p01_cap08,table9,Table 9,8,weibull_softplus_unscaled@kappa_floor_link_flat15_nocap,dolma3_cc/entertainment_low,21,0.01025390625,0.4209221170364373
lwspu_t9_kl0p01_cap08,table9,Table 9,8,weibull_softplus_unscaled@kappa_floor_link_flat15_nocap,dolma3_cc/finance_and_business_high,16,0.0078125,0.09084334171101678
lwspu_t9_kl0p01_cap08,table9,Table 9,8,weibull_softplus_unscaled@kappa_floor_link_flat15_nocap,dolma3_cc/finance_and_business_low,17,0.00830078125,0.2025660912437737
lwspu_t9_kl0p01_cap08,table9,Table 9,8,weibull_softplus_unscaled@kappa_floor_link_flat15_nocap,dolma3_cc/food_and_dining_high,43,0.02099609375,0.7773625257406839
lwspu_t9_kl0p01_cap08,table9,Table 9,8,weibull_softplus_unscaled@kappa_floor_link_flat15_nocap,dolma3_cc/food_and_dining_low,29,0.01416015625,1.0651137506798136
lwspu_t9_kl0p01_cap08,table9,Table 9,8,weibull_softplus_unscaled@kappa_floor_link_flat15_nocap,dolma3_cc/games_high,39,0.01904296875,0.5331014302088969
lwspu_t9_kl0p01_cap08,table9,Table 9,8,weibull_softplus_unscaled@kappa_floor_link_flat15_nocap,dolma3_cc/games_low,22,0.0107421875,0.8021023034541749
lwspu_t9_kl0p01_cap08,table9,Table 9,8,weibull_softplus_unscaled@kappa_floor_link_flat15_nocap,dolma3_cc/health_high,44,0.021484375,0.31206079232109907
lwspu_t9_kl0p01_cap08,table9,Table 9,8,weibull_softplus_unscaled@kappa_floor_link_flat15_nocap,dolma3_cc/health_low,33,0.01611328125,0.5491437579442456
lwspu_t9_kl0p01_cap08,table9,Table 9,8,weibull_softplus_unscaled@kappa_floor_link_flat15_nocap,dolma3_cc/history_and_geography_high,66,0.0322265625,1.5086694724339365
lwspu_t9_kl0p01_cap08,table9,Table 9,8,weibull_softplus_unscaled@kappa_floor_link_flat15_nocap,dolma3_cc/history_and_geography_low,3,0.00146484375,0.2491894911856307
lwspu_t9_kl0p01_cap08,table9,Table 9,8,weibull_softplus_unscaled@kappa_floor_link_flat15_nocap,dolma3_cc/industrial_high,15,0.00732421875,0.5672291786351923
lwspu_t9_kl0p01_cap08,table9,Table 9,8,weibull_softplus_unscaled@kappa_floor_link_flat15_nocap,dolma3_cc/industrial_low,31,0.01513671875,2.2140504163643513
lwspu_t9_kl0p01_cap08,table9,Table 9,8,weibull_softplus_unscaled@kappa_floor_link_flat15_nocap,dolma3_cc/literature_high,130,0.0634765625,1.5541528363068755
lwspu_t9_kl0p01_cap08,table9,Table 9,8,weibull_softplus_unscaled@kappa_floor_link_flat15_nocap,dolma3_cc/literature_low,33,0.01611328125,1.4796343973139487
lwspu_t9_kl0p01_cap08,table9,Table 9,8,weibull_softplus_unscaled@kappa_floor_link_flat15_nocap,dolma3_cc/science_math_and_technology_high,87,0.04248046875,1.1055781214455145
lwspu_t9_kl0p01_cap08,table9,Table 9,8,weibull_softplus_unscaled@kappa_floor_link_flat15_nocap,dolma3_cc/science_math_and_technology_low,38,0.0185546875,1.0578562813291816
lwspu_t9_kl0p01_cap08,table9,Table 9,8,weibull_softplus_unscaled@kappa_floor_link_flat15_nocap,dolma3_stack_edu,267,0.13037109375,6.150627477413284
lwspu_t9_kl0p01_cap08,table9,Table 9,8,weibull_softplus_unscaled@kappa_floor_link_flat15_nocap,dolma3_arxiv,25,0.01220703125,2.734361347826157
lwspu_t9_kl0p01_cap08,table9,Table 9,8,weibull_softplus_unscaled@kappa_floor_link_flat15_nocap,dolma3_finemath_3plus,53,0.02587890625,4.814114800647712
lwspu_t9_kl0p01_cap08,table9,Table 9,8,weibull_softplus_unscaled@kappa_floor_link_flat15_nocap,dolma3_wikipedia,1,0.00048828125,0.8417422186910528
lwspu_t9_kl0p01_cap08,table9,Table 9,8,weibull_softplus_unscaled@kappa_floor_link_flat15_nocap,dolmino_common_crawl_hq,102,0.0498046875,0.2390915905197671
lwspu_t9_kl0p01_cap08,table9,Table 9,8,weibull_softplus_unscaled@kappa_floor_link_flat15_nocap,dolmino_olmocr_pdfs_hq,66,0.0322265625,0.9899784601728614
lwspu_t9_kl0p01_cap08,table9,Table 9,8,weibull_softplus_unscaled@kappa_floor_link_flat15_nocap,dolmino_stack_edu_fim,270,0.1318359375,6.228468866569761
lwspu_t9_kl0p01_cap08,table9,Table 9,8,weibull_softplus_unscaled@kappa_floor_link_flat15_nocap,dolmino_stem_heavy_crawl,2,0.0009765625,1.1847390692171011
lwspu_t9_kl0p01_cap08,table9,Table 9,8,weibull_softplus_unscaled@kappa_floor_link_flat15_nocap,dolmino_synth_code,33,0.01611328125,5.403769479325143
lwspu_t9_kl0p01_cap08,table9,Table 9,8,weibull_softplus_unscaled@kappa_floor_link_flat15_nocap,dolmino_synth_instruction,10,0.0048828125,1.717682757428913
lwspu_t9_kl0p01_cap08,table9,Table 9,8,weibull_softplus_unscaled@kappa_floor_link_flat15_nocap,dolmino_synth_math,52,0.025390625,7.359935082736204
lwspu_t9_kl0p01_cap08,table9,Table 9,8,weibull_softplus_unscaled@kappa_floor_link_flat15_nocap,dolmino_synth_qa,279,0.13623046875,1.6345959731586306
lwspu_t9_kl0p01_cap08,table9,Table 9,8,weibull_softplus_unscaled@kappa_floor_link_flat15_nocap,dolmino_synth_thinking,67,0.03271484375,5.186421690236773
lwspu_t9_kl0p025_cap08,table9,Table 9,8,weibull_softplus_unscaled@kappa_floor_link_flat15_nocap,dolma3_cc/art_and_design_high,15,0.00732421875,0.4057717428247531
lwspu_t9_kl0p025_cap08,table9,Table 9,8,weibull_softplus_unscaled@kappa_floor_link_flat15_nocap,dolma3_cc/art_and_design_low,8,0.00390625,0.5331797447298725
lwspu_t9_kl0p025_cap08,table9,Table 9,8,weibull_softplus_unscaled@kappa_floor_link_flat15_nocap,dolma3_cc/crime_and_law_high,18,0.0087890625,0.3617540060686803
lwspu_t9_kl0p025_cap08,table9,Table 9,8,weibull_softplus_unscaled@kappa_floor_link_flat15_nocap,dolma3_cc/crime_and_law_low,18,0.0087890625,0.8053187696865086
lwspu_t9_kl0p025_cap08,table9,Table 9,8,weibull_softplus_unscaled@kappa_floor_link_flat15_nocap,dolma3_cc/education_and_jobs_high,38,0.0185546875,0.4670914464973467
lwspu_t9_kl0p025_cap08,table9,Table 9,8,weibull_softplus_unscaled@kappa_floor_link_flat15_nocap,dolma3_cc/education_and_jobs_low,10,0.0048828125,0.25094518759423784
lwspu_t9_kl0p025_cap08,table9,Table 9,8,weibull_softplus_unscaled@kappa_floor_link_flat15_nocap,dolma3_cc/electronics_and_hardware_high,23,0.01123046875,0.5358189255708966
lwspu_t9_kl0p025_cap08,table9,Table 9,8,weibull_softplus_unscaled@kappa_floor_link_flat15_nocap,dolma3_cc/electronics_and_hardware_low,18,0.0087890625,0.8921370916628912
lwspu_t9_kl0p025_cap08,table9,Table 9,8,weibull_softplus_unscaled@kappa_floor_link_flat15_nocap,dolma3_cc/entertainment_high,48,0.0234375,0.35012298244230244
lwspu_t9_kl0p025_cap08,table9,Table 9,8,weibull_softplus_unscaled@kappa_floor_link_flat15_nocap,dolma3_cc/entertainment_low,25,0.01220703125,0.5010977583767111
lwspu_t9_kl0p025_cap08,table9,Table 9,8,weibull_softplus_unscaled@kappa_floor_link_flat15_nocap,dolma3_cc/finance_and_business_high,43,0.02099609375,0.2441414808483576
lwspu_t9_kl0p025_cap08,table9,Table 9,8,weibull_softplus_unscaled@kappa_floor_link_flat15_nocap,dolma3_cc/finance_and_business_low,29,0.01416015625,0.3455539203570257
lwspu_t9_kl0p025_cap08,table9,Table 9,8,weibull_softplus_unscaled@kappa_floor_link_flat15_nocap,dolma3_cc/food_and_dining_high,43,0.02099609375,0.7773625257406839
lwspu_t9_kl0p025_cap08,table9,Table 9,8,weibull_softplus_unscaled@kappa_floor_link_flat15_nocap,dolma3_cc/food_and_dining_low,28,0.013671875,1.0283856903115443
lwspu_t9_kl0p025_cap08,table9,Table 9,8,weibull_softplus_unscaled@kappa_floor_link_flat15_nocap,dolma3_cc/games_high,43,0.02099609375,0.5877784999739118
lwspu_t9_kl0p025_cap08,table9,Table 9,8,weibull_softplus_unscaled@kappa_floor_link_flat15_nocap,dolma3_cc/games_low,22,0.0107421875,0.8021023034541749
lwspu_t9_kl0p025_cap08,table9,Table 9,8,weibull_softplus_unscaled@kappa_floor_link_flat15_nocap,dolma3_cc/health_high,58,0.0283203125,0.41135286260508513
lwspu_t9_kl0p025_cap08,table9,Table 9,8,weibull_softplus_unscaled@kappa_floor_link_flat15_nocap,dolma3_cc/health_low,35,0.01708984375,0.5824251978196544
lwspu_t9_kl0p025_cap08,table9,Table 9,8,weibull_softplus_unscaled@kappa_floor_link_flat15_nocap,dolma3_cc/history_and_geography_high,60,0.029296875,1.3715177022126694
lwspu_t9_kl0p025_cap08,table9,Table 9,8,weibull_softplus_unscaled@kappa_floor_link_flat15_nocap,dolma3_cc/history_and_geography_low,4,0.001953125,0.3322526549141743
lwspu_t9_kl0p025_cap08,table9,Table 9,8,weibull_softplus_unscaled@kappa_floor_link_flat15_nocap,dolma3_cc/industrial_high,16,0.0078125,0.6050444572108717
lwspu_t9_kl0p025_cap08,table9,Table 9,8,weibull_softplus_unscaled@kappa_floor_link_flat15_nocap,dolma3_cc/industrial_low,28,0.013671875,1.9997874728452203
lwspu_t9_kl0p025_cap08,table9,Table 9,8,weibull_softplus_unscaled@kappa_floor_link_flat15_nocap,dolma3_cc/literature_high,112,0.0546875,1.3389624435874619
lwspu_t9_kl0p025_cap08,table9,Table 9,8,weibull_softplus_unscaled@kappa_floor_link_flat15_nocap,dolma3_cc/literature_low,30,0.0146484375,1.345122179376317
lwspu_t9_kl0p025_cap08,table9,Table 9,8,weibull_softplus_unscaled@kappa_floor_link_flat15_nocap,dolma3_cc/science_math_and_technology_high,81,0.03955078125,1.0293313544492722
lwspu_t9_kl0p025_cap08,table9,Table 9,8,weibull_softplus_unscaled@kappa_floor_link_flat15_nocap,dolma3_cc/science_math_and_technology_low,37,0.01806640625,1.0300179581363085
lwspu_t9_kl0p025_cap08,table9,Table 9,8,weibull_softplus_unscaled@kappa_floor_link_flat15_nocap,dolma3_stack_edu,237,0.11572265625,5.459545738378083
lwspu_t9_kl0p025_cap08,table9,Table 9,8,weibull_softplus_unscaled@kappa_floor_link_flat15_nocap,dolma3_arxiv,24,0.01171875,2.6249868939131105
lwspu_t9_kl0p025_cap08,table9,Table 9,8,weibull_softplus_unscaled@kappa_floor_link_flat15_nocap,dolma3_finemath_3plus,50,0.0244140625,4.541617736460105
lwspu_t9_kl0p025_cap08,table9,Table 9,8,weibull_softplus_unscaled@kappa_floor_link_flat15_nocap,dolma3_wikipedia,1,0.00048828125,0.8417422186910528
lwspu_t9_kl0p025_cap08,table9,Table 9,8,weibull_softplus_unscaled@kappa_floor_link_flat15_nocap,dolmino_common_crawl_hq,156,0.076171875,0.36566949138317323
lwspu_t9_kl0p025_cap08,table9,Table 9,8,weibull_softplus_unscaled@kappa_floor_link_flat15_nocap,dolmino_olmocr_pdfs_hq,63,0.03076171875,0.9449794392559131
lwspu_t9_kl0p025_cap08,table9,Table 9,8,weibull_softplus_unscaled@kappa_floor_link_flat15_nocap,dolmino_stack_edu_fim,237,0.11572265625,5.46721156065568
lwspu_t9_kl0p025_cap08,table9,Table 9,8,weibull_softplus_unscaled@kappa_floor_link_flat15_nocap,dolmino_stem_heavy_crawl,2,0.0009765625,1.1847390692171011
lwspu_t9_kl0p025_cap08,table9,Table 9,8,weibull_softplus_unscaled@kappa_floor_link_flat15_nocap,dolmino_synth_code,31,0.01513671875,5.076268298759983
lwspu_t9_kl0p025_cap08,table9,Table 9,8,weibull_softplus_unscaled@kappa_floor_link_flat15_nocap,dolmino_synth_instruction,10,0.0048828125,1.717682757428913
lwspu_t9_kl0p025_cap08,table9,Table 9,8,weibull_softplus_unscaled@kappa_floor_link_flat15_nocap,dolmino_synth_math,49,0.02392578125,6.935323443347576
lwspu_t9_kl0p025_cap08,table9,Table 9,8,weibull_softplus_unscaled@kappa_floor_link_flat15_nocap,dolmino_synth_qa,235,0.11474609375,1.3768102282877355
lwspu_t9_kl0p025_cap08,table9,Table 9,8,weibull_softplus_unscaled@kappa_floor_link_flat15_nocap,dolmino_synth_thinking,63,0.03076171875,4.876784574401742
lwspu_t9_kl0p05_cap08,table9,Table 9,8,weibull_softplus_unscaled@kappa_floor_link_flat15_nocap,dolma3_cc/art_and_design_high,18,0.0087890625,0.4869260913897037
lwspu_t9_kl0p05_cap08,table9,Table 9,8,weibull_softplus_unscaled@kappa_floor_link_flat15_nocap,dolma3_cc/art_and_design_low,9,0.00439453125,0.5998272128211066
lwspu_t9_kl0p05_cap08,table9,Table 9,8,weibull_softplus_unscaled@kappa_floor_link_flat15_nocap,dolma3_cc/crime_and_law_high,23,0.01123046875,0.46224122997664707
lwspu_t9_kl0p05_cap08,table9,Table 9,8,weibull_softplus_unscaled@kappa_floor_link_flat15_nocap,dolma3_cc/crime_and_law_low,18,0.0087890625,0.8053187696865086
lwspu_t9_kl0p05_cap08,table9,Table 9,8,weibull_softplus_unscaled@kappa_floor_link_flat15_nocap,dolma3_cc/education_and_jobs_high,46,0.0224609375,0.5654264878652092
lwspu_t9_kl0p05_cap08,table9,Table 9,8,weibull_softplus_unscaled@kappa_floor_link_flat15_nocap,dolma3_cc/education_and_jobs_low,16,0.0078125,0.4015123001507805
lwspu_t9_kl0p05_cap08,table9,Table 9,8,weibull_softplus_unscaled@kappa_floor_link_flat15_nocap,dolma3_cc/electronics_and_hardware_high,26,0.0126953125,0.6057083506453613
lwspu_t9_kl0p05_cap08,table9,Table 9,8,weibull_softplus_unscaled@kappa_floor_link_flat15_nocap,dolma3_cc/electronics_and_hardware_low,18,0.0087890625,0.8921370916628912
lwspu_t9_kl0p05_cap08,table9,Table 9,8,weibull_softplus_unscaled@kappa_floor_link_flat15_nocap,dolma3_cc/entertainment_high,65,0.03173828125,0.4741248720572846
lwspu_t9_kl0p05_cap08,table9,Table 9,8,weibull_softplus_unscaled@kappa_floor_link_flat15_nocap,dolma3_cc/entertainment_low,29,0.01416015625,0.5812733997169849
lwspu_t9_kl0p05_cap08,table9,Table 9,8,weibull_softplus_unscaled@kappa_floor_link_flat15_nocap,dolma3_cc/finance_and_business_high,71,0.03466796875,0.40311732884263696
lwspu_t9_kl0p05_cap08,table9,Table 9,8,weibull_softplus_unscaled@kappa_floor_link_flat15_nocap,dolma3_cc/finance_and_business_low,40,0.01953125,0.4766260970441734
lwspu_t9_kl0p05_cap08,table9,Table 9,8,weibull_softplus_unscaled@kappa_floor_link_flat15_nocap,dolma3_cc/food_and_dining_high,43,0.02099609375,0.7773625257406839
lwspu_t9_kl0p05_cap08,table9,Table 9,8,weibull_softplus_unscaled@kappa_floor_link_flat15_nocap,dolma3_cc/food_and_dining_low,27,0.01318359375,0.9916576299432748
lwspu_t9_kl0p05_cap08,table9,Table 9,8,weibull_softplus_unscaled@kappa_floor_link_flat15_nocap,dolma3_cc/games_high,47,0.02294921875,0.6424555697389269
lwspu_t9_kl0p05_cap08,table9,Table 9,8,weibull_softplus_unscaled@kappa_floor_link_flat15_nocap,dolma3_cc/games_low,22,0.0107421875,0.8021023034541749
lwspu_t9_kl0p05_cap08,table9,Table 9,8,weibull_softplus_unscaled@kappa_floor_link_flat15_nocap,dolma3_cc/health_high,72,0.03515625,0.5106449328890712
lwspu_t9_kl0p05_cap08,table9,Table 9,8,weibull_softplus_unscaled@kappa_floor_link_flat15_nocap,dolma3_cc/health_low,38,0.0185546875,0.6323473576327676
lwspu_t9_kl0p05_cap08,table9,Table 9,8,weibull_softplus_unscaled@kappa_floor_link_flat15_nocap,dolma3_cc/history_and_geography_high,53,0.02587890625,1.2115073036211914
lwspu_t9_kl0p05_cap08,table9,Table 9,8,weibull_softplus_unscaled@kappa_floor_link_flat15_nocap,dolma3_cc/history_and_geography_low,6,0.0029296875,0.4983789823712614
lwspu_t9_kl0p05_cap08,table9,Table 9,8,weibull_softplus_unscaled@kappa_floor_link_flat15_nocap,dolma3_cc/industrial_high,17,0.00830078125,0.6428597357865512
lwspu_t9_kl0p05_cap08,table9,Table 9,8,weibull_softplus_unscaled@kappa_floor_link_flat15_nocap,dolma3_cc/industrial_low,25,0.01220703125,1.7855245293260895
lwspu_t9_kl0p05_cap08,table9,Table 9,8,weibull_softplus_unscaled@kappa_floor_link_flat15_nocap,dolma3_cc/literature_high,97,0.04736328125,1.159637116321284
lwspu_t9_kl0p05_cap08,table9,Table 9,8,weibull_softplus_unscaled@kappa_floor_link_flat15_nocap,dolma3_cc/literature_low,27,0.01318359375,1.2106099614386854
lwspu_t9_kl0p05_cap08,table9,Table 9,8,weibull_softplus_unscaled@kappa_floor_link_flat15_nocap,dolma3_cc/science_math_and_technology_high,75,0.03662109375,0.9530845874530297
lwspu_t9_kl0p05_cap08,table9,Table 9,8,weibull_softplus_unscaled@kappa_floor_link_flat15_nocap,dolma3_cc/science_math_and_technology_low,34,0.0166015625,0.9465029885576889
lwspu_t9_kl0p05_cap08,table9,Table 9,8,weibull_softplus_unscaled@kappa_floor_link_flat15_nocap,dolma3_stack_edu,204,0.099609375,4.699355825439363
lwspu_t9_kl0p05_cap08,table9,Table 9,8,weibull_softplus_unscaled@kappa_floor_link_flat15_nocap,dolma3_arxiv,22,0.0107421875,2.406237986087018
lwspu_t9_kl0p05_cap08,table9,Table 9,8,weibull_softplus_unscaled@kappa_floor_link_flat15_nocap,dolma3_finemath_3plus,46,0.0224609375,4.178288317543297
lwspu_t9_kl0p05_cap08,table9,Table 9,8,weibull_softplus_unscaled@kappa_floor_link_flat15_nocap,dolma3_wikipedia,1,0.00048828125,0.8417422186910528
lwspu_t9_kl0p05_cap08,table9,Table 9,8,weibull_softplus_unscaled@kappa_floor_link_flat15_nocap,dolmino_common_crawl_hq,206,0.1005859375,0.4828712514418826
lwspu_t9_kl0p05_cap08,table9,Table 9,8,weibull_softplus_unscaled@kappa_floor_link_flat15_nocap,dolmino_olmocr_pdfs_hq,60,0.029296875,0.8999804183389649
lwspu_t9_kl0p05_cap08,table9,Table 9,8,weibull_softplus_unscaled@kappa_floor_link_flat15_nocap,dolmino_stack_edu_fim,203,0.09912109375,4.68288585153208
lwspu_t9_kl0p05_cap08,table9,Table 9,8,weibull_softplus_unscaled@kappa_floor_link_flat15_nocap,dolmino_stem_heavy_crawl,2,0.0009765625,1.1847390692171011
lwspu_t9_kl0p05_cap08,table9,Table 9,8,weibull_softplus_unscaled@kappa_floor_link_flat15_nocap,dolmino_synth_code,29,0.01416015625,4.748767118194823
lwspu_t9_kl0p05_cap08,table9,Table 9,8,weibull_softplus_unscaled@kappa_floor_link_flat15_nocap,dolmino_synth_instruction,9,0.00439453125,1.5459144816860217
lwspu_t9_kl0p05_cap08,table9,Table 9,8,weibull_softplus_unscaled@kappa_floor_link_flat15_nocap,dolmino_synth_math,45,0.02197265625,6.369174590829407
lwspu_t9_kl0p05_cap08,table9,Table 9,8,weibull_softplus_unscaled@kappa_floor_link_flat15_nocap,dolmino_synth_qa,202,0.0986328125,1.183470919634564
lwspu_t9_kl0p05_cap08,table9,Table 9,8,weibull_softplus_unscaled@kappa_floor_link_flat15_nocap,dolmino_synth_thinking,57,0.02783203125,4.412328900649195
lwspu_t9_kl0p075_cap08,table9,Table 9,8,weibull_softplus_unscaled@kappa_floor_link_flat15_nocap,dolma3_cc/art_and_design_high,20,0.009765625,0.5410289904330041
lwspu_t9_kl0p075_cap08,table9,Table 9,8,weibull_softplus_unscaled@kappa_floor_link_flat15_nocap,dolma3_cc/art_and_design_low,10,0.0048828125,0.6664746809123406
lwspu_t9_kl0p075_cap08,table9,Table 9,8,weibull_softplus_unscaled@kappa_floor_link_flat15_nocap,dolma3_cc/crime_and_law_high,26,0.0126953125,0.5225335643214271
lwspu_t9_kl0p075_cap08,table9,Table 9,8,weibull_softplus_unscaled@kappa_floor_link_flat15_nocap,dolma3_cc/crime_and_law_low,18,0.0087890625,0.8053187696865086
lwspu_t9_kl0p075_cap08,table9,Table 9,8,weibull_softplus_unscaled@kappa_floor_link_flat15_nocap,dolma3_cc/education_and_jobs_high,51,0.02490234375,0.6268858887201232
lwspu_t9_kl0p075_cap08,table9,Table 9,8,weibull_softplus_unscaled@kappa_floor_link_flat15_nocap,dolma3_cc/education_and_jobs_low,19,0.00927734375,0.47679585642905187
lwspu_t9_kl0p075_cap08,table9,Table 9,8,weibull_softplus_unscaled@kappa_floor_link_flat15_nocap,dolma3_cc/electronics_and_hardware_high,29,0.01416015625,0.6755977757198262
lwspu_t9_kl0p075_cap08,table9,Table 9,8,weibull_softplus_unscaled@kappa_floor_link_flat15_nocap,dolma3_cc/electronics_and_hardware_low,18,0.0087890625,0.8921370916628912
lwspu_t9_kl0p075_cap08,table9,Table 9,8,weibull_softplus_unscaled@kappa_floor_link_flat15_nocap,dolma3_cc/entertainment_high,75,0.03662109375,0.5470671600660976
lwspu_t9_kl0p075_cap08,table9,Table 9,8,weibull_softplus_unscaled@kappa_floor_link_flat15_nocap,dolma3_cc/entertainment_low,31,0.01513671875,0.6213612203871217
lwspu_t9_kl0p075_cap08,table9,Table 9,8,weibull_softplus_unscaled@kappa_floor_link_flat15_nocap,dolma3_cc/finance_and_business_high,87,0.04248046875,0.4939606705536538
lwspu_t9_kl0p075_cap08,table9,Table 9,8,weibull_softplus_unscaled@kappa_floor_link_flat15_nocap,dolma3_cc/finance_and_business_low,46,0.0224609375,0.5481200116007994
lwspu_t9_kl0p075_cap08,table9,Table 9,8,weibull_softplus_unscaled@kappa_floor_link_flat15_nocap,dolma3_cc/food_and_dining_high,44,0.021484375,0.7954407240137231
lwspu_t9_kl0p075_cap08,table9,Table 9,8,weibull_softplus_unscaled@kappa_floor_link_flat15_nocap,dolma3_cc/food_and_dining_low,26,0.0126953125,0.9549295695750053
lwspu_t9_kl0p075_cap08,table9,Table 9,8,weibull_softplus_unscaled@kappa_floor_link_flat15_nocap,dolma3_cc/games_high,50,0.0244140625,0.6834633720626883
lwspu_t9_kl0p075_cap08,table9,Table 9,8,weibull_softplus_unscaled@kappa_floor_link_flat15_nocap,dolma3_cc/games_low,22,0.0107421875,0.8021023034541749
lwspu_t9_kl0p075_cap08,table9,Table 9,8,weibull_softplus_unscaled@kappa_floor_link_flat15_nocap,dolma3_cc/health_high,80,0.0390625,0.5673832587656347
lwspu_t9_kl0p075_cap08,table9,Table 9,8,weibull_softplus_unscaled@kappa_floor_link_flat15_nocap,dolma3_cc/health_low,39,0.01904296875,0.648988077570472
lwspu_t9_kl0p075_cap08,table9,Table 9,8,weibull_softplus_unscaled@kappa_floor_link_flat15_nocap,dolma3_cc/history_and_geography_high,49,0.02392578125,1.1200727901403469
lwspu_t9_kl0p075_cap08,table9,Table 9,8,weibull_softplus_unscaled@kappa_floor_link_flat15_nocap,dolma3_cc/history_and_geography_low,7,0.00341796875,0.5814421460998049
lwspu_t9_kl0p075_cap08,table9,Table 9,8,weibull_softplus_unscaled@kappa_floor_link_flat15_nocap,dolma3_cc/industrial_high,18,0.0087890625,0.6806750143622307
lwspu_t9_kl0p075_cap08,table9,Table 9,8,weibull_softplus_unscaled@kappa_floor_link_flat15_nocap,dolma3_cc/industrial_low,23,0.01123046875,1.6426825669800025
lwspu_t9_kl0p075_cap08,table9,Table 9,8,weibull_softplus_unscaled@kappa_floor_link_flat15_nocap,dolma3_cc/literature_high,90,0.0439453125,1.0759519635970676
lwspu_t9_kl0p075_cap08,table9,Table 9,8,weibull_softplus_unscaled@kappa_floor_link_flat15_nocap,dolma3_cc/literature_low,26,0.0126953125,1.165772555459475
lwspu_t9_kl0p075_cap08,table9,Table 9,8,weibull_softplus_unscaled@kappa_floor_link_flat15_nocap,dolma3_cc/science_math_and_technology_high,72,0.03515625,0.9149612039549084
lwspu_t9_kl0p075_cap08,table9,Table 9,8,weibull_softplus_unscaled@kappa_floor_link_flat15_nocap,dolma3_cc/science_math_and_technology_low,33,0.01611328125,0.9186646653648156
lwspu_t9_kl0p075_cap08,table9,Table 9,8,weibull_softplus_unscaled@kappa_floor_link_flat15_nocap,dolma3_stack_edu,183,0.08935546875,4.215598608114723
lwspu_t9_kl0p075_cap08,table9,Table 9,8,weibull_softplus_unscaled@kappa_floor_link_flat15_nocap,dolma3_arxiv,20,0.009765625,2.1874890782609255
lwspu_t9_kl0p075_cap08,table9,Table 9,8,weibull_softplus_unscaled@kappa_floor_link_flat15_nocap,dolma3_finemath_3plus,43,0.02099609375,3.9057912533556904
lwspu_t9_kl0p075_cap08,table9,Table 9,8,weibull_softplus_unscaled@kappa_floor_link_flat15_nocap,dolma3_wikipedia,1,0.00048828125,0.8417422186910528
lwspu_t9_kl0p075_cap08,table9,Table 9,8,weibull_softplus_unscaled@kappa_floor_link_flat15_nocap,dolmino_common_crawl_hq,235,0.11474609375,0.550848272275934
lwspu_t9_kl0p075_cap08,table9,Table 9,8,weibull_softplus_unscaled@kappa_floor_link_flat15_nocap,dolmino_olmocr_pdfs_hq,59,0.02880859375,0.8849807446999821
lwspu_t9_kl0p075_cap08,table9,Table 9,8,weibull_softplus_unscaled@kappa_floor_link_flat15_nocap,dolmino_stack_edu_fim,181,0.08837890625,4.175380980922692
lwspu_t9_kl0p075_cap08,table9,Table 9,8,weibull_softplus_unscaled@kappa_floor_link_flat15_nocap,dolmino_stem_heavy_crawl,2,0.0009765625,1.1847390692171011
lwspu_t9_kl0p075_cap08,table9,Table 9,8,weibull_softplus_unscaled@kappa_floor_link_flat15_nocap,dolmino_synth_code,27,0.01318359375,4.421265937629662
lwspu_t9_kl0p075_cap08,table9,Table 9,8,weibull_softplus_unscaled@kappa_floor_link_flat15_nocap,dolmino_synth_instruction,9,0.00439453125,1.5459144816860217
lwspu_t9_kl0p075_cap08,table9,Table 9,8,weibull_softplus_unscaled@kappa_floor_link_flat15_nocap,dolmino_synth_math,42,0.0205078125,5.94456295144078
lwspu_t9_kl0p075_cap08,table9,Table 9,8,weibull_softplus_unscaled@kappa_floor_link_flat15_nocap,dolmino_synth_qa,185,0.09033203125,1.0838718818435364
lwspu_t9_kl0p075_cap08,table9,Table 9,8,weibull_softplus_unscaled@kappa_floor_link_flat15_nocap,dolmino_synth_thinking,52,0.025390625,4.025282505855405
lwspu_t9_kl0p1_cap08,table9,Table 9,8,weibull_softplus_unscaled@kappa_floor_link_flat15_nocap,dolma3_cc/art_and_design_high,22,0.0107421875,0.5951318894763046
lwspu_t9_kl0p1_cap08,table9,Table 9,8,weibull_softplus_unscaled@kappa_floor_link_flat15_nocap,dolma3_cc/art_and_design_low,10,0.0048828125,0.6664746809123406
lwspu_t9_kl0p1_cap08,table9,Table 9,8,weibull_softplus_unscaled@kappa_floor_link_flat15_nocap,dolma3_cc/crime_and_law_high,28,0.013671875,0.5627284538846138
lwspu_t9_kl0p1_cap08,table9,Table 9,8,weibull_softplus_unscaled@kappa_floor_link_flat15_nocap,dolma3_cc/crime_and_law_low,18,0.0087890625,0.8053187696865086
lwspu_t9_kl0p1_cap08,table9,Table 9,8,weibull_softplus_unscaled@kappa_floor_link_flat15_nocap,dolma3_cc/education_and_jobs_high,54,0.0263671875,0.6637615292330716
lwspu_t9_kl0p1_cap08,table9,Table 9,8,weibull_softplus_unscaled@kappa_floor_link_flat15_nocap,dolma3_cc/education_and_jobs_low,21,0.01025390625,0.5269848939478994
lwspu_t9_kl0p1_cap08,table9,Table 9,8,weibull_softplus_unscaled@kappa_floor_link_flat15_nocap,dolma3_cc/electronics_and_hardware_high,30,0.0146484375,0.6988942507446477
lwspu_t9_kl0p1_cap08,table9,Table 9,8,weibull_softplus_unscaled@kappa_floor_link_flat15_nocap,dolma3_cc/electronics_and_hardware_low,17,0.00830078125,0.8425739199038417
lwspu_t9_kl0p1_cap08,table9,Table 9,8,weibull_softplus_unscaled@kappa_floor_link_flat15_nocap,dolma3_cc/entertainment_high,81,0.03955078125,0.5908325328713854
lwspu_t9_kl0p1_cap08,table9,Table 9,8,weibull_softplus_unscaled@kappa_floor_link_flat15_nocap,dolma3_cc/entertainment_low,33,0.01611328125,0.6614490410572587
lwspu_t9_kl0p1_cap08,table9,Table 9,8,weibull_softplus_unscaled@kappa_floor_link_flat15_nocap,dolma3_cc/finance_and_business_high,97,0.04736328125,0.5507377591230392
lwspu_t9_kl0p1_cap08,table9,Table 9,8,weibull_softplus_unscaled@kappa_floor_link_flat15_nocap,dolma3_cc/finance_and_business_low,51,0.02490234375,0.6076982737313211
lwspu_t9_kl0p1_cap08,table9,Table 9,8,weibull_softplus_unscaled@kappa_floor_link_flat15_nocap,dolma3_cc/food_and_dining_high,44,0.021484375,0.7954407240137231
lwspu_t9_kl0p1_cap08,table9,Table 9,8,weibull_softplus_unscaled@kappa_floor_link_flat15_nocap,dolma3_cc/food_and_dining_low,25,0.01220703125,0.9182015092067359
lwspu_t9_kl0p1_cap08,table9,Table 9,8,weibull_softplus_unscaled@kappa_floor_link_flat15_nocap,dolma3_cc/games_high,52,0.025390625,0.7108019069451957
lwspu_t9_kl0p1_cap08,table9,Table 9,8,weibull_softplus_unscaled@kappa_floor_link_flat15_nocap,dolma3_cc/games_low,22,0.0107421875,0.8021023034541749
lwspu_t9_kl0p1_cap08,table9,Table 9,8,weibull_softplus_unscaled@kappa_floor_link_flat15_nocap,dolma3_cc/health_high,85,0.04150390625,0.6028447124384868
lwspu_t9_kl0p1_cap08,table9,Table 9,8,weibull_softplus_unscaled@kappa_floor_link_flat15_nocap,dolma3_cc/health_low,41,0.02001953125,0.6822695174458809
lwspu_t9_kl0p1_cap08,table9,Table 9,8,weibull_softplus_unscaled@kappa_floor_link_flat15_nocap,dolma3_cc/history_and_geography_high,47,0.02294921875,1.0743555333999244
lwspu_t9_kl0p1_cap08,table9,Table 9,8,weibull_softplus_unscaled@kappa_floor_link_flat15_nocap,dolma3_cc/history_and_geography_low,7,0.00341796875,0.5814421460998049
lwspu_t9_kl0p1_cap08,table9,Table 9,8,weibull_softplus_unscaled@kappa_floor_link_flat15_nocap,dolma3_cc/industrial_high,19,0.00927734375,0.7184902929379102
lwspu_t9_kl0p1_cap08,table9,Table 9,8,weibull_softplus_unscaled@kappa_floor_link_flat15_nocap,dolma3_cc/industrial_low,22,0.0107421875,1.5712615858069587
lwspu_t9_kl0p1_cap08,table9,Table 9,8,weibull_softplus_unscaled@kappa_floor_link_flat15_nocap,dolma3_cc/literature_high,86,0.0419921875,1.0281318763260867
lwspu_t9_kl0p1_cap08,table9,Table 9,8,weibull_softplus_unscaled@kappa_floor_link_flat15_nocap,dolma3_cc/literature_low,25,0.01220703125,1.1209351494802642
lwspu_t9_kl0p1_cap08,table9,Table 9,8,weibull_softplus_unscaled@kappa_floor_link_flat15_nocap,dolma3_cc/science_math_and_technology_high,71,0.03466796875,0.9022534094555348
lwspu_t9_kl0p1_cap08,table9,Table 9,8,weibull_softplus_unscaled@kappa_floor_link_flat15_nocap,dolma3_cc/science_math_and_technology_low,33,0.01611328125,0.9186646653648156
lwspu_t9_kl0p1_cap08,table9,Table 9,8,weibull_softplus_unscaled@kappa_floor_link_flat15_nocap,dolma3_stack_edu,168,0.08203125,3.8700577385971227
lwspu_t9_kl0p1_cap08,table9,Table 9,8,weibull_softplus_unscaled@kappa_floor_link_flat15_nocap,dolma3_arxiv,19,0.00927734375,2.0781146243478794
lwspu_t9_kl0p1_cap08,table9,Table 9,8,weibull_softplus_unscaled@kappa_floor_link_flat15_nocap,dolma3_finemath_3plus,41,0.02001953125,3.724126543897286
lwspu_t9_kl0p1_cap08,table9,Table 9,8,weibull_softplus_unscaled@kappa_floor_link_flat15_nocap,dolma3_wikipedia,1,0.00048828125,0.8417422186910528
lwspu_t9_kl0p1_cap08,table9,Table 9,8,weibull_softplus_unscaled@kappa_floor_link_flat15_nocap,dolmino_common_crawl_hq,255,0.12451171875,0.5977289762994178
lwspu_t9_kl0p1_cap08,table9,Table 9,8,weibull_softplus_unscaled@kappa_floor_link_flat15_nocap,dolmino_olmocr_pdfs_hq,58,0.0283203125,0.8699810710609994
lwspu_t9_kl0p1_cap08,table9,Table 9,8,weibull_softplus_unscaled@kappa_floor_link_flat15_nocap,dolmino_stack_edu_fim,165,0.08056640625,3.80628652957041
lwspu_t9_kl0p1_cap08,table9,Table 9,8,weibull_softplus_unscaled@kappa_floor_link_flat15_nocap,dolmino_stem_heavy_crawl,2,0.0009765625,1.1847390692171011
lwspu_t9_kl0p1_cap08,table9,Table 9,8,weibull_softplus_unscaled@kappa_floor_link_flat15_nocap,dolmino_synth_code,25,0.01220703125,4.093764757064502
lwspu_t9_kl0p1_cap08,table9,Table 9,8,weibull_softplus_unscaled@kappa_floor_link_flat15_nocap,dolmino_synth_instruction,9,0.00439453125,1.5459144816860217
lwspu_t9_kl0p1_cap08,table9,Table 9,8,weibull_softplus_unscaled@kappa_floor_link_flat15_nocap,dolmino_synth_math,39,0.01904296875,5.519951312052153
lwspu_t9_kl0p1_cap08,table9,Table 9,8,weibull_softplus_unscaled@kappa_floor_link_flat15_nocap,dolmino_synth_qa,176,0.0859375,1.0311429794835805
lwspu_t9_kl0p1_cap08,table9,Table 9,8,weibull_softplus_unscaled@kappa_floor_link_flat15_nocap,dolmino_synth_thinking,49,0.02392578125,3.7930546689791322
lwspu_t9_kl0p2_cap08,table9,Table 9,8,weibull_softplus_unscaled@kappa_floor_link_flat15_nocap,dolma3_cc/art_and_design_high,25,0.01220703125,0.6762862380412552
lwspu_t9_kl0p2_cap08,table9,Table 9,8,weibull_softplus_unscaled@kappa_floor_link_flat15_nocap,dolma3_cc/art_and_design_low,11,0.00537109375,0.7331221490035748
lwspu_t9_kl0p2_cap08,table9,Table 9,8,weibull_softplus_unscaled@kappa_floor_link_flat15_nocap,dolma3_cc/crime_and_law_high,33,0.01611328125,0.6632156777925806
lwspu_t9_kl0p2_cap08,table9,Table 9,8,weibull_softplus_unscaled@kappa_floor_link_flat15_nocap,dolma3_cc/crime_and_law_low,19,0.00927734375,0.8500587013357591
lwspu_t9_kl0p2_cap08,table9,Table 9,8,weibull_softplus_unscaled@kappa_floor_link_flat15_nocap,dolma3_cc/education_and_jobs_high,61,0.02978515625,0.7498046904299513
lwspu_t9_kl0p2_cap08,table9,Table 9,8,weibull_softplus_unscaled@kappa_floor_link_flat15_nocap,dolma3_cc/education_and_jobs_low,26,0.0126953125,0.6524574877450183
lwspu_t9_kl0p2_cap08,table9,Table 9,8,weibull_softplus_unscaled@kappa_floor_link_flat15_nocap,dolma3_cc/electronics_and_hardware_high,33,0.01611328125,0.7687836758191124
lwspu_t9_kl0p2_cap08,table9,Table 9,8,weibull_softplus_unscaled@kappa_floor_link_flat15_nocap,dolma3_cc/electronics_and_hardware_low,17,0.00830078125,0.8425739199038417
lwspu_t9_kl0p2_cap08,table9,Table 9,8,weibull_softplus_unscaled@kappa_floor_link_flat15_nocap,dolma3_cc/entertainment_high,94,0.0458984375,0.6856575072828424
lwspu_t9_kl0p2_cap08,table9,Table 9,8,weibull_softplus_unscaled@kappa_floor_link_flat15_nocap,dolma3_cc/entertainment_low,36,0.017578125,0.721580772062464
lwspu_t9_kl0p2_cap08,table9,Table 9,8,weibull_softplus_unscaled@kappa_floor_link_flat15_nocap,dolma3_cc/finance_and_business_high,118,0.0576171875,0.6699696451187488
lwspu_t9_kl0p2_cap08,table9,Table 9,8,weibull_softplus_unscaled@kappa_floor_link_flat15_nocap,dolma3_cc/finance_and_business_low,59,0.02880859375,0.7030234931401558
lwspu_t9_kl0p2_cap08,table9,Table 9,8,weibull_softplus_unscaled@kappa_floor_link_flat15_nocap,dolma3_cc/food_and_dining_high,45,0.02197265625,0.8135189222867623
lwspu_t9_kl0p2_cap08,table9,Table 9,8,weibull_softplus_unscaled@kappa_floor_link_flat15_nocap,dolma3_cc/food_and_dining_low,25,0.01220703125,0.9182015092067359
lwspu_t9_kl0p2_cap08,table9,Table 9,8,weibull_softplus_unscaled@kappa_floor_link_flat15_nocap,dolma3_cc/games_high,56,0.02734375,0.7654789767102108
lwspu_t9_kl0p2_cap08,table9,Table 9,8,weibull_softplus_unscaled@kappa_floor_link_flat15_nocap,dolma3_cc/games_low,22,0.0107421875,0.8021023034541749
lwspu_t9_kl0p2_cap08,table9,Table 9,8,weibull_softplus_unscaled@kappa_floor_link_flat15_nocap,dolma3_cc/health_high,97,0.04736328125,0.6879522012533321
lwspu_t9_kl0p2_cap08,table9,Table 9,8,weibull_softplus_unscaled@kappa_floor_link_flat15_nocap,dolma3_cc/health_low,44,0.021484375,0.7321916772589941
lwspu_t9_kl0p2_cap08,table9,Table 9,8,weibull_softplus_unscaled@kappa_floor_link_flat15_nocap,dolma3_cc/history_and_geography_high,43,0.02099609375,0.9829210199190799
lwspu_t9_kl0p2_cap08,table9,Table 9,8,weibull_softplus_unscaled@kappa_floor_link_flat15_nocap,dolma3_cc/history_and_geography_low,8,0.00390625,0.6645053098283485
lwspu_t9_kl0p2_cap08,table9,Table 9,8,weibull_softplus_unscaled@kappa_floor_link_flat15_nocap,dolma3_cc/industrial_high,20,0.009765625,0.7563055715135897
lwspu_t9_kl0p2_cap08,table9,Table 9,8,weibull_softplus_unscaled@kappa_floor_link_flat15_nocap,dolma3_cc/industrial_low,18,0.0087890625,1.2855776611147844
lwspu_t9_kl0p2_cap08,table9,Table 9,8,weibull_softplus_unscaled@kappa_floor_link_flat15_nocap,dolma3_cc/literature_high,81,0.03955078125,0.9683567672373609
lwspu_t9_kl0p2_cap08,table9,Table 9,8,weibull_softplus_unscaled@kappa_floor_link_flat15_nocap,dolma3_cc/literature_low,23,0.01123046875,1.0312603375218432
lwspu_t9_kl0p2_cap08,table9,Table 9,8,weibull_softplus_unscaled@kappa_floor_link_flat15_nocap,dolma3_cc/science_math_and_technology_high,69,0.03369140625,0.8768378204567873
lwspu_t9_kl0p2_cap08,table9,Table 9,8,weibull_softplus_unscaled@kappa_floor_link_flat15_nocap,dolma3_cc/science_math_and_technology_low,32,0.015625,0.8908263421719425
lwspu_t9_kl0p2_cap08,table9,Table 9,8,weibull_softplus_unscaled@kappa_floor_link_flat15_nocap,dolma3_stack_edu,133,0.06494140625,3.0637957097227217
lwspu_t9_kl0p2_cap08,table9,Table 9,8,weibull_softplus_unscaled@kappa_floor_link_flat15_nocap,dolma3_arxiv,16,0.0078125,1.7499912626087404
lwspu_t9_kl0p2_cap08,table9,Table 9,8,weibull_softplus_unscaled@kappa_floor_link_flat15_nocap,dolma3_finemath_3plus,34,0.0166015625,3.0883000607928714
lwspu_t9_kl0p2_cap08,table9,Table 9,8,weibull_softplus_unscaled@kappa_floor_link_flat15_nocap,dolma3_wikipedia,1,0.00048828125,0.8417422186910528
lwspu_t9_kl0p2_cap08,table9,Table 9,8,weibull_softplus_unscaled@kappa_floor_link_flat15_nocap,dolmino_common_crawl_hq,296,0.14453125,0.6938344195475594
lwspu_t9_kl0p2_cap08,table9,Table 9,8,weibull_softplus_unscaled@kappa_floor_link_flat15_nocap,dolmino_olmocr_pdfs_hq,57,0.02783203125,0.8549813974220166
lwspu_t9_kl0p2_cap08,table9,Table 9,8,weibull_softplus_unscaled@kappa_floor_link_flat15_nocap,dolmino_stack_edu_fim,130,0.0634765625,2.9988924172372924
lwspu_t9_kl0p2_cap08,table9,Table 9,8,weibull_softplus_unscaled@kappa_floor_link_flat15_nocap,dolmino_stem_heavy_crawl,2,0.0009765625,1.1847390692171011
lwspu_t9_kl0p2_cap08,table9,Table 9,8,weibull_softplus_unscaled@kappa_floor_link_flat15_nocap,dolmino_synth_code,21,0.01025390625,3.438762395934182
lwspu_t9_kl0p2_cap08,table9,Table 9,8,weibull_softplus_unscaled@kappa_floor_link_flat15_nocap,dolmino_synth_instruction,8,0.00390625,1.3741462059431304
lwspu_t9_kl0p2_cap08,table9,Table 9,8,weibull_softplus_unscaled@kappa_floor_link_flat15_nocap,dolmino_synth_math,33,0.01611328125,4.670728033274898
lwspu_t9_kl0p2_cap08,table9,Table 9,8,weibull_softplus_unscaled@kappa_floor_link_flat15_nocap,dolmino_synth_qa,162,0.0791015625,0.9491202424792048
lwspu_t9_kl0p2_cap08,table9,Table 9,8,weibull_softplus_unscaled@kappa_floor_link_flat15_nocap,dolmino_synth_thinking,40,0.01953125,3.096371158350312
lwspu_t9_kl0p5_cap08,table9,Table 9,8,weibull_softplus_unscaled@kappa_floor_link_flat15_nocap,dolma3_cc/art_and_design_high,29,0.01416015625,0.784492036127856
lwspu_t9_kl0p5_cap08,table9,Table 9,8,weibull_softplus_unscaled@kappa_floor_link_flat15_nocap,dolma3_cc/art_and_design_low,12,0.005859375,0.7997696170948088
lwspu_t9_kl0p5_cap08,table9,Table 9,8,weibull_softplus_unscaled@kappa_floor_link_flat15_nocap,dolma3_cc/crime_and_law_high,38,0.0185546875,0.7637029017005473
lwspu_t9_kl0p5_cap08,table9,Table 9,8,weibull_softplus_unscaled@kappa_floor_link_flat15_nocap,dolma3_cc/crime_and_law_low,19,0.00927734375,0.8500587013357591
lwspu_t9_kl0p5_cap08,table9,Table 9,8,weibull_softplus_unscaled@kappa_floor_link_flat15_nocap,dolma3_cc/education_and_jobs_high,66,0.0322265625,0.8112640912848653
lwspu_t9_kl0p5_cap08,table9,Table 9,8,weibull_softplus_unscaled@kappa_floor_link_flat15_nocap,dolma3_cc/education_and_jobs_low,31,0.01513671875,0.7779300815421373
lwspu_t9_kl0p5_cap08,table9,Table 9,8,weibull_softplus_unscaled@kappa_floor_link_flat15_nocap,dolma3_cc/electronics_and_hardware_high,36,0.017578125,0.8386731008935773
lwspu_t9_kl0p5_cap08,table9,Table 9,8,weibull_softplus_unscaled@kappa_floor_link_flat15_nocap,dolma3_cc/electronics_and_hardware_low,17,0.00830078125,0.8425739199038417
lwspu_t9_kl0p5_cap08,table9,Table 9,8,weibull_softplus_unscaled@kappa_floor_link_flat15_nocap,dolma3_cc/entertainment_high,107,0.05224609375,0.7804824816942992
lwspu_t9_kl0p5_cap08,table9,Table 9,8,weibull_softplus_unscaled@kappa_floor_link_flat15_nocap,dolma3_cc/entertainment_low,40,0.01953125,0.8017564134027377
lwspu_t9_kl0p5_cap08,table9,Table 9,8,weibull_softplus_unscaled@kappa_floor_link_flat15_nocap,dolma3_cc/finance_and_business_high,137,0.06689453125,0.7778461134005812
lwspu_t9_kl0p5_cap08,table9,Table 9,8,weibull_softplus_unscaled@kappa_floor_link_flat15_nocap,dolma3_cc/finance_and_business_low,67,0.03271484375,0.7983487125489904
lwspu_t9_kl0p5_cap08,table9,Table 9,8,weibull_softplus_unscaled@kappa_floor_link_flat15_nocap,dolma3_cc/food_and_dining_high,47,0.02294921875,0.8496753188328405
lwspu_t9_kl0p5_cap08,table9,Table 9,8,weibull_softplus_unscaled@kappa_floor_link_flat15_nocap,dolma3_cc/food_and_dining_low,25,0.01220703125,0.9182015092067359
lwspu_t9_kl0p5_cap08,table9,Table 9,8,weibull_softplus_unscaled@kappa_floor_link_flat15_nocap,dolma3_cc/games_high,60,0.029296875,0.8201560464752259
lwspu_t9_kl0p5_cap08,table9,Table 9,8,weibull_softplus_unscaled@kappa_floor_link_flat15_nocap,dolma3_cc/games_low,23,0.01123046875,0.8385614990657283
lwspu_t9_kl0p5_cap08,table9,Table 9,8,weibull_softplus_unscaled@kappa_floor_link_flat15_nocap,dolma3_cc/health_high,110,0.0537109375,0.7801519808027477
lwspu_t9_kl0p5_cap08,table9,Table 9,8,weibull_softplus_unscaled@kappa_floor_link_flat15_nocap,dolma3_cc/health_low,48,0.0234375,0.7987545570098118
lwspu_t9_kl0p5_cap08,table9,Table 9,8,weibull_softplus_unscaled@kappa_floor_link_flat15_nocap,dolma3_cc/history_and_geography_high,41,0.02001953125,0.9372037631786575
lwspu_t9_kl0p5_cap08,table9,Table 9,8,weibull_softplus_unscaled@kappa_floor_link_flat15_nocap,dolma3_cc/history_and_geography_low,9,0.00439453125,0.7475684735568922
lwspu_t9_kl0p5_cap08,table9,Table 9,8,weibull_softplus_unscaled@kappa_floor_link_flat15_nocap,dolma3_cc/industrial_high,22,0.0107421875,0.8319361286649486
lwspu_t9_kl0p5_cap08,table9,Table 9,8,weibull_softplus_unscaled@kappa_floor_link_flat15_nocap,dolma3_cc/industrial_low,16,0.0078125,1.1427356987686974
lwspu_t9_kl0p5_cap08,table9,Table 9,8,weibull_softplus_unscaled@kappa_floor_link_flat15_nocap,dolma3_cc/literature_high,77,0.03759765625,0.92053667996638
lwspu_t9_kl0p5_cap08,table9,Table 9,8,weibull_softplus_unscaled@kappa_floor_link_flat15_nocap,dolma3_cc/literature_low,21,0.01025390625,0.941585525563422
lwspu_t9_kl0p5_cap08,table9,Table 9,8,weibull_softplus_unscaled@kappa_floor_link_flat15_nocap,dolma3_cc/science_math_and_technology_high,69,0.03369140625,0.8768378204567873
lwspu_t9_kl0p5_cap08,table9,Table 9,8,weibull_softplus_unscaled@kappa_floor_link_flat15_nocap,dolma3_cc/science_math_and_technology_low,32,0.015625,0.8908263421719425
lwspu_t9_kl0p5_cap08,table9,Table 9,8,weibull_softplus_unscaled@kappa_floor_link_flat15_nocap,dolma3_stack_edu,95,0.04638671875,2.1884255069448013
lwspu_t9_kl0p5_cap08,table9,Table 9,8,weibull_softplus_unscaled@kappa_floor_link_flat15_nocap,dolma3_arxiv,13,0.00634765625,1.4218679008696016
lwspu_t9_kl0p5_cap08,table9,Table 9,8,weibull_softplus_unscaled@kappa_floor_link_flat15_nocap,dolma3_finemath_3plus,25,0.01220703125,2.2708088682300525
lwspu_t9_kl0p5_cap08,table9,Table 9,8,weibull_softplus_unscaled@kappa_floor_link_flat15_nocap,dolma3_wikipedia,1,0.00048828125,0.8417422186910528
lwspu_t9_kl0p5_cap08,table9,Table 9,8,weibull_softplus_unscaled@kappa_floor_link_flat15_nocap,dolmino_common_crawl_hq,334,0.1630859375,0.7829077571921786
lwspu_t9_kl0p5_cap08,table9,Table 9,8,weibull_softplus_unscaled@kappa_floor_link_flat15_nocap,dolmino_olmocr_pdfs_hq,58,0.0283203125,0.8699810710609994
lwspu_t9_kl0p5_cap08,table9,Table 9,8,weibull_softplus_unscaled@kappa_floor_link_flat15_nocap,dolmino_stack_edu_fim,92,0.044921875,2.1222930952756225
lwspu_t9_kl0p5_cap08,table9,Table 9,8,weibull_softplus_unscaled@kappa_floor_link_flat15_nocap,dolmino_stem_heavy_crawl,2,0.0009765625,1.1847390692171011
lwspu_t9_kl0p5_cap08,table9,Table 9,8,weibull_softplus_unscaled@kappa_floor_link_flat15_nocap,dolmino_synth_code,16,0.0078125,2.620009444521281
lwspu_t9_kl0p5_cap08,table9,Table 9,8,weibull_softplus_unscaled@kappa_floor_link_flat15_nocap,dolmino_synth_instruction,7,0.00341796875,1.202377930200239
lwspu_t9_kl0p5_cap08,table9,Table 9,8,weibull_softplus_unscaled@kappa_floor_link_flat15_nocap,dolmino_synth_math,23,0.01123046875,3.2553559019794744
lwspu_t9_kl0p5_cap08,table9,Table 9,8,weibull_softplus_unscaled@kappa_floor_link_flat15_nocap,dolmino_synth_qa,154,0.0751953125,0.902250107048133
lwspu_t9_kl0p5_cap08,table9,Table 9,8,weibull_softplus_unscaled@kappa_floor_link_flat15_nocap,dolmino_synth_thinking,29,0.01416015625,2.2448690898039763
