{
  "factor_count": 5,
  "horn_random_p95": [
    1.7584002163872239,
    1.627257654149061,
    1.5310005239596125,
    1.4602071476072986,
    1.3966797243030689,
    1.3403106848008421,
    1.2897616203265918,
    1.2350286266907144,
    1.1885471242034573,
    1.1477674728119056,
    1.1051165516908381,
    1.0635962792880047,
    1.0235085228207876,
    0.9822679070035185,
    0.9456200851426249,
    0.908276725380272,
    0.8684465618786862,
    0.833987175451397,
    0.7995558646553464,
    0.7653754943482721,
    0.7323938883573254,
    0.6966053299547584,
    0.6606087699175688,
    0.6179750007819016,
    0.5818660962225302,
    0.5378139153910834
  ],
  "horn_real_eigenvalues": [
    7.223526693675149,
    3.2113007911409515,
    2.430338070413601,
    1.9487282847378427,
    1.5720991891687044,
    1.2828836581936665,
    1.0070247805752595,
    0.9479001950976862,
    0.9098735843388114,
    0.8271830570471342,
    0.7986422523757326,
    0.6815410139641135,
    0.5855308025798482,
    0.5381172242657873,
    0.4348006124566136,
    0.3859548429500548,
    0.29702534985373197,
    0.2554961073463976,
    0.19221054308908056,
    0.18234476578178824,
    0.10411488316705995,
    0.05664205632334745,
    0.0427560765204125,
    0.031784435439482915,
    0.02822811133519891,
    0.0239526181625441
  ],
  "item_noise_share": [
    0.0040262844764098376,
    0.004115380560435617,
    0.0005019323987395187,
    0.004144680643973299,
    0.002870684727994674,
    0.0013922867004084066,
    0.004223986128053047,
    1.4221011761374758,
    8.805636790727151,
    2.1526806887792747,
    0.39996051972308705,
    0.7028088912701231,
    0.8919626579327397,
    0.021065257430273415,
    0.026877360160525665,
    0.39013986953477825,
    0.17557635463331847,
    0.2304293361215739,
    0.14734727204820777,
    0.5490541203832365,
    0.8429107628478858,
    1.0800548831061099,
    0.028495759253422712,
    53.510794378133895,
    0.33222757487366067,
    0.01180185563447871
  ],
  "loadings": [
    [
      0.22937870992603743,
      0.9436775393987504,
      0.027382198656201,
      0.0,
      0.10424787898677688
    ],
    [
      0.19472026238027648,
      0.17530442996132617,
      0.9489426104255538,
      0.17330660989831603,
      0.05713379472314433
    ],
    [
      0.0,
      0.07508680804785889,
      0.9954245021068021,
      0.08095460112907747,
      0.008489307860884473
    ],
    [
      0.8790121285117467,
      0.23407993460653015,
      0.1765183038791627,
      0.09841113163173662,
      0.05141320696580433
    ],
    [
      0.07023693481590798,
      0.045103587366953024,
      0.0,
      0.967077717258338,
      0.11998232129142081
    ],
    [
      0.03798882757601522,
      0.0,
      0.028276746708475322,
      0.7064892013211141,
      0.6596872223126782
    ],
    [
      0.8213054750684805,
      0.26534723896173895,
      0.3308886184806052,
      0.1224913913765968,
      0.102586059000415
    ],
    [
      0.22601086900185685,
      0.30840825442377995,
      0.1729141298978839,
      0.03702318172975809,
      0.03051440270239187
    ],
    [
      0.17656357776928028,
      0.1316406125998801,
      0.2351840858132943,
      0.0,
      0.0
    ],
    [
      0.26112356615789584,
      0.27792694072114144,
      0.22520297120207877,
      0.007655805216605789,
      0.03752319683112058
    ],
    [
      0.07500918521523688,
      0.0650674311512094,
      0.044159418139175996,
      0.053243977395886606,
      0.06460094605186818
    ],
    [
      0.17854253719650795,
      0.324092080432514,
      0.09681739224186987,
      0.0,
      0.0
    ],
    [
      0.0,
      0.0,
      0.020293882084092087,
      0.0,
      0.011039449231923302
    ],
    [
      0.5734651757474992,
      0.3969334065262755,
      0.1522665914278681,
      0.0,
      0.006076523462302181
    ],
    [
      0.5878815480468013,
      0.471531182977863,
      0.16303545900456506,
      0.07111193301526424,
      0.0
    ],
    [
      0.15938552574735682,
      0.06628015135737629,
      0.15036309717886037,
      0.1255385711315264,
      0.0
    ],
    [
      0.3768433526149919,
      0.3267453565065109,
      0.25620745636007486,
      0.030628158977051224,
      0.011940338286851189
    ],
    [
      0.27277117564258535,
      0.21851597764168385,
      0.0,
      0.028489279100051456,
      0.0
    ],
    [
      0.2507428314189958,
      0.2639202045924507,
      0.0,
      0.0434869188939955,
      0.0
    ],
    [
      0.06630047458735314,
      0.04460844023112029,
      0.0,
      0.008985978538255179,
      0.0
    ],
    [
      0.21596550390946131,
      0.2154762002489106,
      0.16891180568190542,
      0.21918556217906485,
      0.10996806825436684
    ],
    [
      0.0,
      0.0,
      0.008328315764367324,
      0.0,
      0.03603221169399004
    ],
    [
      0.5048987993093947,
      0.8033617915190756,
      0.08841255579203153,
      0.052594615715687375,
      0.08445805509077496
    ],
    [
      0.23375894562652438,
      0.2439818407975249,
      0.11232891580421474,
      0.03415304778856346,
      0.036509032217362604
    ],
    [
      0.028168657875239332,
      0.0,
      0.31267430232580323,
      0.1915324590202215,
      0.014544163125821205
    ],
    [
      0.0,
      0.0,
      0.06150736602565079,
      0.8390095599185359,
      0.34224792420698763
    ]
  ],
  "means": [
    -1.2571807410106186,
    -0.9741267778656699,
    -1.0407898982694326,
    -1.0407024306699264,
    -0.8306711195421613,
    -0.7526928738129041,
    -1.0828382353152126,
    -6.03600519982514,
    -2.8839968575116792,
    -2.9865905988985317,
    -0.7567435063896139,
    -1.4839559337528982,
    -1.9065411107915955,
    -25.688060710942914,
    -25.966625022892117,
    -2.3054194694654817,
    -7.048577646776283,
    -3.567117547212482,
    -3.583074823783025,
    -0.7758979843677842,
    -0.879944545913147,
    -1.4715315899239512,
    -11.508605598850746,
    -11.03585673751266,
    -0.7650742839808248,
    -0.5857790769527392
  ],
  "projection_vector": [
    0.12837015999897466,
    0.046666694592904845,
    0.09956964764889978,
    0.07095446381212372,
    -0.023029016759587996,
    0.2559769635948276,
    0.08080192337622441,
    0.00020023939582786179,
    0.00010644133897835944,
    0.00020883934030874787,
    0.00020434314713703368,
    0.00025134576730048073,
    1.0830615223680607e-05,
    0.013738259641488032,
    0.011388112759779028,
    0.00011533588005765097,
    0.0013093425957318315,
    0.0005940567947920379,
    0.0010108723720221532,
    5.3381842327984025e-05,
    0.0002159579272390873,
    2.7053914308545714e-05,
    0.017174357714945628,
    0.00017486431852163542,
    1.0188249619169469e-05,
    0.007968228263037197
  ],
  "stds": [
    0.01889627524048559,
    0.01483203147390078,
    0.022932759839869754,
    0.014903942776708399,
    0.06601795864083455,
    0.04941938419420094,
    0.01626561223809595,
    0.4998805725434052,
    0.1847264286306719,
    0.31005493008892576,
    0.06109035963478303,
    0.10936617488626271,
    0.1507592770069698,
    0.4165650907493079,
    0.39378597480418026,
    0.22710916276907964,
    0.21637526684000602,
    0.08400055442099057,
    0.1054750287266934,
    0.008228028152028501,
    0.05140587331211629,
    0.06189091928012634,
    0.23700684121723825,
    0.46922273676431336,
    0.05511564986553835,
    0.044582891103880445
  ],