{
  "result": {
    "Baseline": 2.784677267074585
  },
  "name": {
    "Baseline": "sweep-1.2b-96B-nadamw8e7088lr0.004-wd0.1-minlr0.0-warmup4000-b10-3c3e6a"
  },
  "num_left": 0,
  "best_config": {
    "beta1": 0.98,
    "beta2": 0.98,
    "epsilon": 1e-10,
    "learning_rate": 0.004,
    "max_grad_norm": 1,
    "min_lr_ratio": 0.0,
    "nesterov": true,
    "train_batch_size": 256,
    "warmup": 4000,
    "weight_decay": 0.1
  },
  "min_loss": 2.784677267074585,
  "baseline": {
    "loss": 2.784677267074585,
    "wandb_id": "sweep-1.2b-96B-nadamw8e7088lr0.004-wd0.1-minlr0.0-warmup4000-b10-3c3e6a"
  }
}