{
  "variant": "dsp_phase_benefit_penalty_phase_nnls",
  "params": {
    "rho": [
      0.0003685898009855709,
      1.6773016637575584,
      1.82720860374695,
      2.0,
      1.6806769839437916,
      1.9999945336235034,
      2.0,
      2.0,
      1.9526241627216578,
      1.9999886098451956,
      1.6112426871124441,
      1.7357633921433244,
      1.9999999992748447,
      2.0,
      2.0,
      2.0,
      1.2617308695610696,
      1.9994671427691233,
      1.9999997401311034,
      1.5935355991831925,
      1.3867598120889821,
      1.7265550873988638,
      1.3239279027794986,
      1.9985387134839567,
      1.9197817977500404,
      1.99367959473023,
      0.5936156322143024,
      0.7444951479573,
      0.0008432040607021024,
      0.002024034989847116,
      1.0877776723038992,
      0.7469221605710428,
      0.0022188497045187287,
      0.07159666760320725,
      0.007236856482122122,
      0.023542527878378846,
      0.5671766029881505,
      0.3663205263433203,
      1.3423500108518909
    ],
    "tau": [
      4.328922481485739,
      1.6521497834990038,
      0.30831815042084326,
      1.959072431732715,
      1.2940350617658034,
      -2.0,
      -1.5231944723837076,
      3.711930925906696,
      3.9967505854611103,
      0.5585425034193706,
      -0.9734741872256713,
      0.9194088392751568,
      -0.7045078172977786,
      1.3374245979303767,
      -2.0,
      1.0508461700287577,
      3.5576868493623697,
      -1.230378700452492,
      3.211030851704192,
      2.566820690411164,
      3.480101255424141,
      1.6739674019699582,
      -2.0,
      -0.7993563631774735,
      3.21143643388756,
      1.236498828144906,
      2.448218000686969,
      2.8966405474014354,
      2.2270580239278006,
      4.421616841009807,
      0.6129644877868321,
      1.4715291758308873,
      2.7697680776134797,
      4.649359842601516,
      6.333641204776058,
      6.457161511167819,
      3.792396454385463,
      2.420294590845837,
      1.977724099566138
    ],
    "gamma_benefit": 11.065169150180488,
    "gamma_penalty": 10.276856319968456
  },
  "intercept": 0.9393913736655567,
  "benefit_coef": [
    0.9781927464627029,
    0.00014811223797403958,
    0.00010055505635636382,
    0.0002257270241240912,
    0.00013705558820517963,
    0.0,
    0.0,
    0.00015089704648798798,
    0.0,
    0.00018552903850708362,
    0.0,
    0.0005902205083959865,
    0.0,
    0.00012436513050044742,
    0.00012144098992493829,
    0.0,
    0.0003479576200506711,
    7.129794961187162e-05,
    0.0,
    0.0,
    1.4762665398730048e-05,
    0.00023823352535387205,
    6.49041139697743e-05,
    0.0014804497647779912,
    2.0280227194183726e-05,
    0.0003558001270140191,
    0.0007651162623066713,
    0.00025226225224053787,
    12.462344568150787,
    0.05210061303110551,
    0.004050868847082516,
    0.0017527699120085728,
    3.2503372838665348,
    0.000327930607752948,
    0.08278673275757902,
    0.002833870794203461,
    8.647900244162378e-05,
    0.018656341859415525,
    0.0
  ],
  "penalty_coef": [
    0.05205415119728839,
    0.0029268935086972734,
    0.0009209135150259958,
    0.0070187463563245915,
    0.0014972138495435196,
    0.0005649742543976644,
    0.0006738156232822944,
    0.195985849054172,
    0.059012173083699916,
    0.002608818368326034,
    0.0009818958669047333,
    0.008784199697603303,
    0.00158357356918348,
    0.005724289989585098,
    0.0007370048727325142,
    0.004522511684775894,
    0.07082106929629346,
    0.0013721310726448467,
    0.11833588587348513,
    0.009894510023500377,
    0.008352375089030875,
    0.004515256094767999,
    0.0005145069765102073,
    0.0009799049556343756,
    0.010257407434039674,
    0.0,
    0.0026726100058556148,
    0.005066353339436404,
    0.14934056587501573,
    0.02103218305844059,
    0.02394286136713753,
    0.0,
    0.20537812477658185,
    0.011841745629634989,
    2.3046488303843775,
    0.9085341672753164,
    0.0011478210077269498,
    0.2298418736539741,
    0.0031576239753085926
  ],
  "metrics": {
    "variant": "dsp_phase_benefit_penalty_phase_nnls",
    "description": "Canonical DSP plus a separate phase-1 penalty multiplier; saturation exposure remains phase-neutral.",
    "phase_mode": "benefit_penalty",
    "retention_mode": "none",
    "penalty_mode": "log_softplus_squared",
    "linear_mode": "nnls",
    "m_dependent_params_per_domain": 4,
    "total_param_count": 159,
    "fitted_gamma": NaN,
    "fitted_gamma_benefit": 11.065169150180488,
    "fitted_gamma_saturation": 1.0,
    "fitted_gamma_penalty": 10.276856319968456,
    "fitted_lam": NaN,
    "train_rmse": 0.0050524324282267994,
    "train_spearman": 0.9623063274515555,
    "train_pearson": 0.9621733470514111,
    "cv_rmse": 0.007510693797199732,
    "cv_mae": 0.0058743687763337556,
    "oof_spearman": 0.9186940446842371,
    "oof_pearson": 0.9149853117118459,
    "cv_foldmean_regret_at_1": 0.00032590627670285864,
    "cv_regret_at_1": 0.004677474498748779,
    "lower_tail_optimism": 0.004089369871191797,
    "raw_predicted_optimum_value": 0.5341254640751211,
    "raw_nearest_observed_tv": 0.5,
    "raw_nearest_observed_run_name": "baseline_stratified",
    "raw_nearest_observed_value": 0.9688005447387696,
    "raw_phase0_support_gt_1e3": 3,
    "raw_phase1_support_gt_1e3": 1,
    "phase0_max_weight": 0.9581642171890871,
    "phase1_max_weight": 0.9999989844737674,
    "optimum_success": true,
    "optimum_message": "CONVERGENCE: NORM OF PROJECTED GRADIENT <= PGTOL"
  }
}
