{
  "representative_subset_sizes": [
    40,
    100,
    180,
    220
  ],
  "methods": [
    "L-BFGS-B",
    "Powell",
    "Nelder-Mead"
  ],
  "results_csv": "/Users/calvinxu/Projects/Work/Marin/marin/experiments/domain_phase_mix/exploratory/two_phase_many/surrogate_search/genericfamily_retune_method_benchmark.csv",
  "best_by_subset": [
    {
      "subset_size": 40,
      "method": "Nelder-Mead",
      "duration": 2.035796833006316,
      "success": true,
      "nit": 644,
      "nfev": 1043,
      "objective": 0.0223251860549482,
      "cv_rmse": 0.018584265386949548,
      "cv_r2": 0.08186996442635941,
      "cv_spearman": 0.5112570356472796,
      "cv_regret_at_1": 0.03754925727844238,
      "cv_foldmean_regret_at_1": 0.011001133918762207,
      "anchor_mae": 0.003520897989623406,
      "anchor_rmse": 0.004979298355064614,
      "alpha": 26.00289087156107,
      "eta": 11.346140708119194,
      "lam": 0.32480171520820944,
      "tau": 6.245719201077668,
      "reg": 0.1353352832366127,
      "beta": 0.6651013542950458,
      "message": "Optimization terminated successfully."
    },
    {
      "subset_size": 100,
      "method": "Powell",
      "duration": 1.3782055000046967,
      "success": true,
      "nit": 3,
      "nfev": 550,
      "objective": 0.014753336610668829,
      "cv_rmse": 0.013067189808456435,
      "cv_r2": 0.4971600111452704,
      "cv_spearman": 0.7232043204320431,
      "cv_regret_at_1": 0.023841023445129395,
      "cv_foldmean_regret_at_1": 0.014149689674377441,
      "anchor_mae": 0.0014031530087248445,
      "anchor_rmse": 0.0019843580150199916,
      "alpha": 2980.9579870417283,
      "eta": 11.90275703132168,
      "lam": 0.03461311164068531,
      "tau": 3.2740537763523037,
      "reg": 1.522997974471263e-08,
      "beta": 0.999999,
      "message": "Optimization terminated successfully."
    },
    {
      "subset_size": 180,
      "method": "Nelder-Mead",
      "duration": 3.324169333995087,
      "success": true,
      "nit": 641,
      "nfev": 1045,
      "objective": 0.011505596382374014,
      "cv_rmse": 0.011064381906305806,
      "cv_r2": 0.665886337520402,
      "cv_spearman": 0.8289762029692274,
      "cv_regret_at_1": 0.023841023445129395,
      "cv_foldmean_regret_at_1": 0.00941700935363774,
      "anchor_mae": 0.0002528742889954527,
      "anchor_rmse": 0.00035761824756851715,
      "alpha": 2980.9579870417283,
      "eta": 8.887159412236842,
      "lam": 6.14421235332821e-06,
      "tau": 3.0302375457057584,
      "reg": 1.522997974471263e-08,
      "beta": 0.018994915638978673,
      "message": "Optimization terminated successfully."
    },
    {
      "subset_size": 220,
      "method": "Nelder-Mead",
      "duration": 4.799441750001279,
      "success": false,
      "nit": 900,
      "nfev": 1373,
      "objective": 0.01071936618515377,
      "cv_rmse": 0.010624001708152909,
      "cv_r2": 0.6995808821413138,
      "cv_spearman": 0.8342505198266681,
      "cv_regret_at_1": 0.0,
      "cv_foldmean_regret_at_1": 0.004768204689025879,
      "anchor_mae": 3.832203443465687e-10,
      "anchor_rmse": 4.6029638806596384e-10,
      "alpha": 2980.9579870417283,
      "eta": 10.942329606717834,
      "lam": 1.8482132026830797e-05,
      "tau": 3.221318868591373,
      "reg": 0.00019573820360005683,
      "beta": 0.04687564932075967,
      "message": "Maximum number of iterations has been exceeded."
    }
  ],
  "best_method_counts": {
    "Nelder-Mead": 3,
    "Powell": 1
  }
}
