{
  "representative_subset_sizes": [
    40,
    100,
    180,
    220
  ],
  "methods": [
    "L-BFGS-B",
    "Powell",
    "Nelder-Mead"
  ],
  "objective_name": "single_foldmean",
  "results_csv": "/Users/calvinxu/Projects/Work/Marin/marin/experiments/domain_phase_mix/exploratory/two_phase_many/chatgpt_pro_grp_recovery_packet/reference_outputs/optimizer_benchmark.csv",
  "best_by_subset": [
    {
      "subset_size": 40,
      "start_name": "broad_beta",
      "method": "Powell",
      "duration": 0.8844469580071745,
      "success": true,
      "nit": 3,
      "nfev": 475,
      "objective_name": "single_foldmean",
      "objective": 0.02013042428478849,
      "cv_rmse": 0.012417047138117534,
      "cv_r2": 0.5901262951160413,
      "cv_spearman": 0.8330206378986867,
      "cv_regret_at_1": 0.02161848545074463,
      "cv_foldmean_regret_at_1": 0.0019397974014282227,
      "anchor_mae": 0.007674581198642394,
      "anchor_rmse": 0.01085349681665348,
      "alpha": 6.028640404745885,
      "eta": 9.391382763785355,
      "lam": 0.4393240017545111,
      "tau": 3.540994568069066,
      "reg": 0.1353352832366127,
      "beta": 1e-06,
      "message": "Optimization terminated successfully."
    },
    {
      "subset_size": 100,
      "start_name": "broad_beta",
      "method": "Nelder-Mead",
      "duration": 3.201930541996262,
      "success": false,
      "nit": 900,
      "nfev": 1389,
      "objective_name": "single_foldmean",
      "objective": 0.014747536687367203,
      "cv_rmse": 0.013069423105725446,
      "cv_r2": 0.4969881169346806,
      "cv_spearman": 0.7231083108310831,
      "cv_regret_at_1": 0.023841023445129395,
      "cv_foldmean_regret_at_1": 0.014149689674377441,
      "anchor_mae": 0.0013951197881542088,
      "anchor_rmse": 0.001972990316496517,
      "alpha": 2980.9579870417283,
      "eta": 12.066831987835256,
      "lam": 0.01520599023902585,
      "tau": 3.307356590581281,
      "reg": 1.522997974471263e-08,
      "beta": 0.999999,
      "message": "Maximum number of iterations has been exceeded."
    },
    {
      "subset_size": 180,
      "start_name": "current_tuned",
      "method": "Nelder-Mead",
      "duration": 3.2197735000081593,
      "success": true,
      "nit": 641,
      "nfev": 1045,
      "objective_name": "single_foldmean",
      "objective": 0.011505596382374014,
      "cv_rmse": 0.011064381906305806,
      "cv_r2": 0.665886337520402,
      "cv_spearman": 0.8289762029692274,
      "cv_regret_at_1": 0.023841023445129395,
      "cv_foldmean_regret_at_1": 0.00941700935363774,
      "anchor_mae": 0.0002528742889954527,
      "anchor_rmse": 0.00035761824756851715,
      "alpha": 2980.9579870417283,
      "eta": 8.887159412236842,
      "lam": 6.14421235332821e-06,
      "tau": 3.0302375457057584,
      "reg": 1.522997974471263e-08,
      "beta": 0.018994915638978673,
      "message": "Optimization terminated successfully."
    },
    {
      "subset_size": 220,
      "start_name": "current_tuned",
      "method": "Nelder-Mead",
      "duration": 4.634566749999067,
      "success": false,
      "nit": 900,
      "nfev": 1373,
      "objective_name": "single_foldmean",
      "objective": 0.01071936618515377,
      "cv_rmse": 0.010624001708152909,
      "cv_r2": 0.6995808821413138,
      "cv_spearman": 0.8342505198266681,
      "cv_regret_at_1": 0.0,
      "cv_foldmean_regret_at_1": 0.004768204689025879,
      "anchor_mae": 3.832203443465687e-10,
      "anchor_rmse": 4.6029638806596384e-10,
      "alpha": 2980.9579870417283,
      "eta": 10.942329606717834,
      "lam": 1.8482132026830797e-05,
      "tau": 3.221318868591373,
      "reg": 0.00019573820360005683,
      "beta": 0.04687564932075967,
      "message": "Maximum number of iterations has been exceeded."
    }
  ]
}
