{
  "objective_metric": "eval/uncheatable_eval/bpb",
  "curve_points_csv": "/Users/calvinxu/Projects/Work/Marin/marin/experiments/domain_phase_mix/exploratory/two_phase_many/two_phase_many_grp_retuned_curve_points.csv",
  "plot": "/Users/calvinxu/Projects/Work/Marin/marin/experiments/domain_phase_mix/exploratory/two_phase_many/two_phase_many_grp_retuned_convergence_tracks.png",
  "best_observed_bpb": 1.0571987628936768,
  "rows": [
    {
      "subset_size": 20,
      "run_id": 340,
      "run_name": "baseline_genericfamily_retuned_k020_uncheatable_bpb",
      "policy": "feature_bayes_linear_observed_retuned",
      "tuning_method": "L-BFGS-B",
      "predicted_optimum_value": 0.9284257149506197,
      "fullswarm_chosen_run_name": "run_00125",
      "fullswarm_chosen_value": 1.0571987628936768,
      "fullswarm_regret_at_1": 0.0,
      "observed_best_value": 1.0571987628936768,
      "gap_below_observed_best": -0.1287730479430571,
      "nearest_observed_run_name": "run_00101",
      "nearest_observed_value": 1.112654685974121,
      "nearest_observed_tv_distance": 0.6047850899273061,
      "optimum_move_mean_phase_tv_vs_prev": NaN,
      "phase0_max_weight": 0.20927100164036797,
      "phase1_max_weight": 0.18485577420726115,
      "phase0_support_below_1e4": 22,
      "phase1_support_below_1e4": 22,
      "tuning_objective": 0.026576323351531275,
      "tuning_cv_rmse": 0.015822425291714563,
      "tuning_cv_r2": 0.5066453326385285,
      "tuning_cv_spearman": 0.6586466165413534,
      "tuning_cv_regret_at_1": 0.02953016757965088,
      "tuning_cv_foldmean_regret_at_1": 0.005195808410644531,
      "tuning_anchor_mae": 0.010649981891603821,
      "tuning_anchor_rmse": 0.01489071143466802,
      "alpha": 10.38745078474846,
      "eta": 4.652713489173885,
      "lam": 0.03426401347807308,
      "tau": 2.9417020352417262,
      "reg": 0.0009984408332090822,
      "beta": 0.6439236057147272
    },
    {
      "subset_size": 40,
      "run_id": 341,
      "run_name": "baseline_genericfamily_retuned_k040_uncheatable_bpb",
      "policy": "feature_bayes_linear_observed_retuned",
      "tuning_method": "L-BFGS-B",
      "predicted_optimum_value": 1.0030914432453324,
      "fullswarm_chosen_run_name": "run_00078",
      "fullswarm_chosen_value": 1.0926015377044678,
      "fullswarm_regret_at_1": 0.035402774810791016,
      "observed_best_value": 1.0571987628936768,
      "gap_below_observed_best": -0.054107319648344365,
      "nearest_observed_run_name": "run_00074",
      "nearest_observed_value": 1.089533448219299,
      "nearest_observed_tv_distance": 0.6107249583968386,
      "optimum_move_mean_phase_tv_vs_prev": 0.47251431689267553,
      "phase0_max_weight": 0.3169381289949942,
      "phase1_max_weight": 0.24218746062878188,
      "phase0_support_below_1e4": 22,
      "phase1_support_below_1e4": 26,
      "tuning_objective": 0.026682007057769536,
      "tuning_cv_rmse": 0.021411505823300182,
      "tuning_cv_r2": -0.21873089425875047,
      "tuning_cv_spearman": 0.5422138836772984,
      "tuning_cv_regret_at_1": 0.03754925727844238,
      "tuning_cv_foldmean_regret_at_1": 0.016191911697387696,
      "tuning_anchor_mae": 0.004946663000521601,
      "tuning_anchor_rmse": 0.006995636987262029,
      "alpha": 12.901826870746,
      "eta": 12.049549869903716,
      "lam": 0.03563561523000165,
      "tau": 3.375174497278691,
      "reg": 0.0010121976920257304,
      "beta": 0.6630780509030327
    },
    {
      "subset_size": 60,
      "run_id": 342,
      "run_name": "baseline_genericfamily_retuned_k060_uncheatable_bpb",
      "policy": "feature_bayes_linear_observed_retuned",
      "tuning_method": "L-BFGS-B",
      "predicted_optimum_value": 1.0195751911618023,
      "fullswarm_chosen_run_name": "run_00223",
      "fullswarm_chosen_value": 1.0901886224746704,
      "fullswarm_regret_at_1": 0.03298985958099365,
      "observed_best_value": 1.0571987628936768,
      "gap_below_observed_best": -0.03762357173187447,
      "nearest_observed_run_name": "run_00105",
      "nearest_observed_value": 1.094372272491455,
      "nearest_observed_tv_distance": 0.6114811293321127,
      "optimum_move_mean_phase_tv_vs_prev": 0.6042240701795847,
      "phase0_max_weight": 0.4187485379921445,
      "phase1_max_weight": 0.14534667882722435,
      "phase0_support_below_1e4": 20,
      "phase1_support_below_1e4": 24,
      "tuning_objective": 0.01436694899665398,
      "tuning_cv_rmse": 0.011400516507727951,
      "tuning_cv_r2": 0.6004043744407954,
      "tuning_cv_spearman": 0.779994442900806,
      "tuning_cv_regret_at_1": 0.011017918586730735,
      "tuning_cv_foldmean_regret_at_1": 0.004017353057861328,
      "tuning_anchor_mae": 0.002886085427768803,
      "tuning_anchor_rmse": 0.0028870555053347817,
      "alpha": 1284.9183990240974,
      "eta": 14.174456538002108,
      "lam": 0.02907488462929575,
      "tau": 7.446034977475829,
      "reg": 0.0010104091560345586,
      "beta": 0.1371044486444736
    },
    {
      "subset_size": 80,
      "run_id": 343,
      "run_name": "baseline_genericfamily_retuned_k080_uncheatable_bpb",
      "policy": "feature_bayes_linear_observed_retuned",
      "tuning_method": "L-BFGS-B",
      "predicted_optimum_value": 1.0311822589830442,
      "fullswarm_chosen_run_name": "run_00125",
      "fullswarm_chosen_value": 1.0571987628936768,
      "fullswarm_regret_at_1": 0.0,
      "observed_best_value": 1.0571987628936768,
      "gap_below_observed_best": -0.026016503910632593,
      "nearest_observed_run_name": "run_00089",
      "nearest_observed_value": 1.1072170734405518,
      "nearest_observed_tv_distance": 0.592785905612718,
      "optimum_move_mean_phase_tv_vs_prev": 0.5392946834095085,
      "phase0_max_weight": 0.4123276223325145,
      "phase1_max_weight": 0.2449091022231928,
      "phase0_support_below_1e4": 19,
      "phase1_support_below_1e4": 22,
      "tuning_objective": 0.01578214922475643,
      "tuning_cv_rmse": 0.013540826575613271,
      "tuning_cv_r2": 0.4602858769375838,
      "tuning_cv_spearman": 0.7315752461322083,
      "tuning_cv_regret_at_1": 0.023841023445129395,
      "tuning_cv_foldmean_regret_at_1": 0.021170067787170455,
      "tuning_anchor_mae": 0.001817921293399749,
      "tuning_anchor_rmse": 0.0025708855291489236,
      "alpha": 13.213615506293339,
      "eta": 15.033067277247971,
      "lam": 0.03587113011403097,
      "tau": 3.372870858085224,
      "reg": 0.0010114899750009634,
      "beta": 0.66446491074644
    },
    {
      "subset_size": 100,
      "run_id": 344,
      "run_name": "baseline_genericfamily_retuned_k100_uncheatable_bpb",
      "policy": "feature_bayes_linear_observed_retuned",
      "tuning_method": "L-BFGS-B",
      "predicted_optimum_value": 1.0288672509838002,
      "fullswarm_chosen_run_name": "run_00125",
      "fullswarm_chosen_value": 1.0571987628936768,
      "fullswarm_regret_at_1": 0.0,
      "observed_best_value": 1.0571987628936768,
      "gap_below_observed_best": -0.028331511909876594,
      "nearest_observed_run_name": "run_00018",
      "nearest_observed_value": 1.093284010887146,
      "nearest_observed_tv_distance": 0.6367110184414059,
      "optimum_move_mean_phase_tv_vs_prev": 0.1534661352317229,
      "phase0_max_weight": 0.47305290742423367,
      "phase1_max_weight": 0.24887297817161122,
      "phase0_support_below_1e4": 24,
      "phase1_support_below_1e4": 22,
      "tuning_objective": 0.015506302508593629,
      "tuning_cv_rmse": 0.013559756279866223,
      "tuning_cv_r2": 0.4585365121988101,
      "tuning_cv_spearman": 0.7019621962196219,
      "tuning_cv_regret_at_1": 0.023841023445129395,
      "tuning_cv_foldmean_regret_at_1": 0.014149689674377441,
      "tuning_anchor_mae": 0.0016635524352398567,
      "tuning_anchor_rmse": 0.002352481540205314,
      "alpha": 13.08682707173387,
      "eta": 13.562723734853975,
      "lam": 0.03566533644590489,
      "tau": 3.3023309172151403,
      "reg": 0.001011448598578348,