{
  "variant": "dsp_phase_benefit_overlap_retention_penalty_nnls",
  "params": {
    "rho": [
      0.018819635019438823,
      0.31476134390433197,
      0.13540887146552374,
      0.20800249586989458,
      1.245085681529494,
      0.14981394834525966,
      0.6819905365285442,
      0.605226611986824,
      0.4015293505273644,
      0.3615856498140236,
      0.25752385802822986,
      0.3923396276686996,
      0.4392597307271983,
      0.7800106710736173,
      0.5061475214488812,
      0.5016294548382468,
      0.5120883759859989,
      0.031102397746607734,
      0.48085405724739105,
      0.5151882632311383,
      0.2803637336518572,
      0.1776225854521378,
      0.3524456657268684,
      0.343756680006894,
      0.06365255788663479,
      0.05178747693854014,
      1.1629785485669093,
      0.26612798306700786,
      1.4265398595558354,
      0.01554646543831521,
      0.34881997710004337,
      0.04064318239440134,
      1.7836842739437866,
      0.02265853929431156,
      0.318394611146756,
      0.0795909478353432,
      0.011471400485344032,
      0.6713314841285998,
      0.3351889697179303
    ],
    "tau": [
      3.314943220674612,
      0.646638282856154,
      2.057557378841021,
      -0.3298756561434807,
      1.0434166158578735,
      -0.2710632987796521,
      0.37773999505191225,
      0.7202449181519187,
      1.369803576844779,
      -0.09971774147157676,
      0.03761046610835711,
      0.007273903815674555,
      0.4261336990900551,
      2.618320573680652,
      0.8677555955591586,
      0.3589304802098019,
      0.4208889376784444,
      -1.5325661756030866,
      1.2561085147144295,
      0.9810599777295832,
      2.2209723123550127,
      2.6131317523658075,
      2.0013058208578607,
      0.6940671811702023,
      1.9385426082947868,
      -1.8034240027002078,
      1.1314783037179352,
      1.9440692328148486,
      0.6070177953274015,
      1.3153252205822001,
      -0.045734779697154906,
      -1.355941888761127,
      0.784381798033925,
      3.7365715774071924,
      6.69210433701544,
      5.507238311119393,
      3.312204071207312,
      -1.812932349014203,
      1.6737223462624677
    ],
    "gamma": 1.1324058992366957,
    "lam": 0.7298864744263176
  },
  "intercept": 0.913850962930394,
  "benefit_coef": [
    0.03613797369367114,
    0.004700624777367532,
    0.007067242845740337,
    0.025678347946527295,
    0.006013327992344183,
    0.03107858684217404,
    0.0012946375990600012,
    0.0,
    0.0034786652374450585,
    0.009210947686593125,
    0.013574522176270165,
    0.04686649447888081,
    0.008062850942212966,
    0.004592655116415736,
    0.0005940743056920138,
    0.011149221139854594,
    0.00328942331194569,
    0.689716605714595,
    0.0,
    0.007139086833462932,
    0.0015396156838194122,
    0.011650582044822395,
    0.0,
    0.043885981761678516,
    0.027415297569420596,
    0.29305777581200937,
    0.008377674730822987,
    0.0035896071338944314,
    0.02945056046831115,
    0.005850974659509789,
    0.11493549163340781,
    0.3939092209886649,
    0.028571393759501074,
    0.0,
    0.008596148909007414,
    0.0,
    0.03937655489387048,
    0.06640120369861609,
    0.0
  ],
  "penalty_coef": [
    0.04364424170563761,
    0.0046937786151284135,
    0.014775749467482635,
    0.006149208271667037,
    0.0036792629156471826,
    0.007435226542019537,
    0.005885919887230456,
    0.0039293106485315515,
    0.0077120104654680955,
    0.007829891906524009,
    0.006665073963206542,
    0.02988289785657753,
    0.011120001988016052,
    0.17050818184781044,
    0.005615355906149215,
    0.010233436498272854,
    0.005584260982470258,
    0.01152235733947993,
    0.018452701586884605,
    0.00700156230073843,
    0.006984533804440595,
    0.05963922491407618,
    0.009537417658145307,
    0.03571963327159186,
    0.025791916966779512,
    0.0071176521588724095,
    0.011873113641484733,
    0.008909409865804411,
    0.0,
    0.002316856683630899,
    0.07440147766312376,
    0.008723919469587187,
    0.0,
    0.011915575230169789,
    10.91771934827082,
    1.1843087703628348,
    0.03187829441237754,
    0.013325797031034241,
    0.0035293102026640127
  ],
  "metrics": {
    "variant": "dsp_phase_benefit_overlap_retention_penalty_nnls",
    "description": "Canonical DSP plus a simple scalar overlap-retention exposure term.",
    "phase_mode": "benefit_gain",
    "retention_mode": "overlap_scalar",
    "penalty_mode": "log_softplus_squared",
    "linear_mode": "nnls",
    "m_dependent_params_per_domain": 4,
    "total_param_count": 159,
    "fitted_gamma": 1.1324058992366957,
    "fitted_gamma_benefit": 1.1324058992366957,
    "fitted_gamma_saturation": 1.0,
    "fitted_gamma_penalty": 1.0,
    "fitted_lam": 0.7298864744263176,
    "train_rmse": 0.00700929135556984,
    "train_spearman": 0.9229894824010253,
    "train_pearson": 0.9315661385359882,
    "cv_rmse": 0.010192134757214005,
    "cv_mae": 0.007788845979055525,
    "oof_spearman": 0.8274001171021165,
    "oof_pearson": 0.8521153010809366,
    "cv_foldmean_regret_at_1": 0.005313706398010298,
    "cv_regret_at_1": 0.0,
    "lower_tail_optimism": 0.0046555729497798765,
    "raw_predicted_optimum_value": 0.8587396265042215,
    "raw_nearest_observed_tv": 0.7896392429528273,
    "raw_nearest_observed_run_name": "run_00069",
    "raw_nearest_observed_value": 1.1127746105194092,
    "raw_phase0_support_gt_1e3": 10,
    "raw_phase1_support_gt_1e3": 7,
    "phase0_max_weight": 0.8856924192168584,
    "phase1_max_weight": 0.5299028568763618,
    "optimum_success": true,
    "optimum_message": "CONVERGENCE: RELATIVE REDUCTION OF F <= FACTR*EPSMCH"
  }
}
