method,target,population,repeat,fold,row_id,prediction,uncertainty
weibull_softplus_unscaled,uncheatable,panel_oof,0,0,7,1.0861306754142106,
weibull_softplus_unscaled,uncheatable,panel_oof,0,0,8,1.1301233579877792,
weibull_softplus_unscaled,uncheatable,panel_oof,0,0,25,1.0895461649697193,
weibull_softplus_unscaled,uncheatable,panel_oof,0,0,35,1.0756345257534883,
weibull_softplus_unscaled,uncheatable,panel_oof,0,0,51,1.0710680367797096,
weibull_softplus_unscaled,uncheatable,panel_oof,0,0,56,1.0402070358226063,
weibull_softplus_unscaled,uncheatable,panel_oof,0,0,69,1.0864061630098036,
weibull_softplus_unscaled,uncheatable,panel_oof,0,0,81,1.0333517063101312,
weibull_softplus_unscaled,uncheatable,panel_oof,0,0,86,1.0826607145634588,
weibull_softplus_unscaled,uncheatable,panel_oof,0,0,99,1.0754762923167134,
weibull_softplus_unscaled,uncheatable,panel_oof,0,0,100,1.0885724348494166,
weibull_softplus_unscaled,uncheatable,panel_oof,0,0,106,1.1024981958740545,
weibull_softplus_unscaled,uncheatable,panel_oof,0,0,107,1.1177219155019977,
weibull_softplus_unscaled,uncheatable,panel_oof,0,0,126,1.0670703884738124,
weibull_softplus_unscaled,uncheatable,panel_oof,0,0,136,1.1061470612728435,
weibull_softplus_unscaled,uncheatable,panel_oof,0,0,137,1.060991933785572,
weibull_softplus_unscaled,uncheatable,panel_oof,0,0,140,1.076432858217494,
weibull_softplus_unscaled,uncheatable,panel_oof,0,0,141,1.0680467162917076,
weibull_softplus_unscaled,uncheatable,panel_oof,0,0,142,1.073486247817731,
weibull_softplus_unscaled,uncheatable,panel_oof,0,0,145,1.066433399097697,
weibull_softplus_unscaled,uncheatable,panel_oof,0,0,147,1.0793621632744088,
weibull_softplus_unscaled,uncheatable,panel_oof,0,0,163,1.0699148395170166,
weibull_softplus_unscaled,uncheatable,panel_oof,0,0,165,1.06886985571342,
weibull_softplus_unscaled,uncheatable,panel_oof,0,0,169,1.1062039365754295,
weibull_softplus_unscaled,uncheatable,panel_oof,0,0,171,1.0918199762512995,
weibull_softplus_unscaled,uncheatable,panel_oof,0,0,187,1.1121314270145535,
weibull_softplus_unscaled,uncheatable,panel_oof,0,0,188,1.076841173448598,
weibull_softplus_unscaled,uncheatable,panel_oof,0,0,191,1.0554403497597107,
weibull_softplus_unscaled,uncheatable,panel_oof,0,0,195,1.0596954161072714,
weibull_softplus_unscaled,uncheatable,panel_oof,0,0,197,1.0754474491922477,
weibull_softplus_unscaled,uncheatable,panel_oof,0,0,200,1.0330111390608572,
weibull_softplus_unscaled,uncheatable,panel_oof,0,0,208,1.0848265836961941,
weibull_softplus_unscaled,uncheatable,panel_oof,0,0,209,1.0576818575542313,
weibull_softplus_unscaled,uncheatable,panel_oof,0,0,210,1.098429613901564,
weibull_softplus_unscaled,uncheatable,panel_oof,0,0,217,1.0787254067781524,
weibull_softplus_unscaled,uncheatable,panel_oof,0,0,219,1.0870270474271024,
weibull_softplus_unscaled,uncheatable,panel_oof,0,0,220,1.0625027908420919,
weibull_softplus_unscaled,uncheatable,panel_oof,0,0,223,1.0480579279092752,
weibull_softplus_unscaled,uncheatable,panel_oof,0,0,233,1.0562017881925267,
weibull_softplus_unscaled,uncheatable,panel_oof,0,0,237,1.0769947741155428,
weibull_softplus_unscaled,uncheatable,panel_oof,0,1,1,1.0153413713579407,
weibull_softplus_unscaled,uncheatable,panel_oof,0,1,241,1.031076890852644,
weibull_softplus_unscaled,uncheatable,panel_oof,0,1,242,1.03078007024444,
weibull_softplus_unscaled,uncheatable,panel_oof,0,1,243,1.0318131539014432,
weibull_softplus_unscaled,uncheatable,panel_oof,0,1,244,1.033080761886218,
weibull_softplus_unscaled,uncheatable,panel_oof,0,1,245,1.0305246529007657,
weibull_softplus_unscaled,uncheatable,panel_oof,0,1,246,1.0290160665024002,
weibull_softplus_unscaled,uncheatable,panel_oof,0,1,247,1.0315348401047948,
weibull_softplus_unscaled,uncheatable,panel_oof,0,1,248,1.0299378611076868,
weibull_softplus_unscaled,uncheatable,panel_oof,0,1,249,1.0289629308005974,
weibull_softplus_unscaled,uncheatable,panel_oof,0,1,250,1.0296411778720778,
weibull_softplus_unscaled,uncheatable,panel_oof,0,1,251,1.0248359100215318,
weibull_softplus_unscaled,uncheatable,panel_oof,0,1,252,1.0301116618507713,
weibull_softplus_unscaled,uncheatable,panel_oof,0,1,253,1.0291169018222561,
weibull_softplus_unscaled,uncheatable,panel_oof,0,1,254,1.0306210710017591,
weibull_softplus_unscaled,uncheatable,panel_oof,0,1,255,1.0319167502560358,
weibull_softplus_unscaled,uncheatable,panel_oof,0,1,256,1.0312036570809755,
weibull_softplus_unscaled,uncheatable,panel_oof,0,1,257,1.0252504240677096,
weibull_softplus_unscaled,uncheatable,panel_oof,0,1,258,1.028849969830874,
weibull_softplus_unscaled,uncheatable,panel_oof,0,1,259,1.034179416600308,
weibull_softplus_unscaled,uncheatable,panel_oof,0,1,260,1.0321734911996687,
weibull_softplus_unscaled,uncheatable,panel_oof,0,1,261,1.0317444997996232,
weibull_softplus_unscaled,uncheatable,panel_oof,0,1,262,1.0337935266545681,
weibull_softplus_unscaled,uncheatable,panel_oof,0,1,263,1.0377085807632116,
weibull_softplus_unscaled,uncheatable,panel_oof,0,1,264,1.0327539190198125,
weibull_softplus_unscaled,uncheatable,panel_oof,0,1,265,1.0344413781477035,
weibull_softplus_unscaled,uncheatable,panel_oof,0,1,266,1.0335207086890146,
weibull_softplus_unscaled,uncheatable,panel_oof,0,1,267,1.058723208428982,
weibull_softplus_unscaled,uncheatable,panel_oof,0,1,268,1.0332934059225711,
weibull_softplus_unscaled,uncheatable,panel_oof,0,1,269,1.03425978762444,
weibull_softplus_unscaled,uncheatable,panel_oof,0,1,270,1.0319492561061563,
weibull_softplus_unscaled,uncheatable,panel_oof,0,1,271,1.0251623747145326,
weibull_softplus_unscaled,uncheatable,panel_oof,0,1,272,1.0353344844285006,
weibull_softplus_unscaled,uncheatable,panel_oof,0,1,273,1.0552286144814802,
weibull_softplus_unscaled,uncheatable,panel_oof,0,1,274,1.0347040456495513,
weibull_softplus_unscaled,uncheatable,panel_oof,0,1,275,1.0436300015512845,
weibull_softplus_unscaled,uncheatable,panel_oof,0,1,276,1.0357752142695382,
weibull_softplus_unscaled,uncheatable,panel_oof,0,1,277,1.0350622200367692,
weibull_softplus_unscaled,uncheatable,panel_oof,0,1,278,1.0373547283093272,
weibull_softplus_unscaled,uncheatable,panel_oof,0,1,279,1.0314216224459452,
weibull_softplus_unscaled,uncheatable,panel_oof,0,2,3,1.063393755716164,
weibull_softplus_unscaled,uncheatable,panel_oof,0,2,5,1.1723585742650051,
weibull_softplus_unscaled,uncheatable,panel_oof,0,2,6,1.0987802123765393,
weibull_softplus_unscaled,uncheatable,panel_oof,0,2,10,1.096427502568384,
weibull_softplus_unscaled,uncheatable,panel_oof,0,2,15,1.0878657516694383,
weibull_softplus_unscaled,uncheatable,panel_oof,0,2,20,1.10558243363749,
weibull_softplus_unscaled,uncheatable,panel_oof,0,2,26,1.0549291788648305,
weibull_softplus_unscaled,uncheatable,panel_oof,0,2,29,1.0820435741598298,
weibull_softplus_unscaled,uncheatable,panel_oof,0,2,30,1.0684882251231569,
weibull_softplus_unscaled,uncheatable,panel_oof,0,2,34,1.0546691520222191,
weibull_softplus_unscaled,uncheatable,panel_oof,0,2,39,1.0902655546617952,
weibull_softplus_unscaled,uncheatable,panel_oof,0,2,41,1.1046269907364317,
weibull_softplus_unscaled,uncheatable,panel_oof,0,2,46,1.085053896866742,
weibull_softplus_unscaled,uncheatable,panel_oof,0,2,48,1.0493064246658967,
weibull_softplus_unscaled,uncheatable,panel_oof,0,2,57,1.1101133365187579,
weibull_softplus_unscaled,uncheatable,panel_oof,0,2,62,1.0775457690083572,
weibull_softplus_unscaled,uncheatable,panel_oof,0,2,65,1.0756629087165088,
weibull_softplus_unscaled,uncheatable,panel_oof,0,2,68,1.0963827465785188,
weibull_softplus_unscaled,uncheatable,panel_oof,0,2,73,1.0534648328999392,
weibull_softplus_unscaled,uncheatable,panel_oof,0,2,79,1.098882371273731,
weibull_softplus_unscaled,uncheatable,panel_oof,0,2,83,1.051433546969166,
weibull_softplus_unscaled,uncheatable,panel_oof,0,2,84,1.0856809136850276,
weibull_softplus_unscaled,uncheatable,panel_oof,0,2,87,1.0851985264325203,
weibull_softplus_unscaled,uncheatable,panel_oof,0,2,90,1.0490873840992347,
weibull_softplus_unscaled,uncheatable,panel_oof,0,2,91,1.105310802260938,
weibull_softplus_unscaled,uncheatable,panel_oof,0,2,98,1.0457568872575844,
weibull_softplus_unscaled,uncheatable,panel_oof,0,2,101,1.0616894942419808,
weibull_softplus_unscaled,uncheatable,panel_oof,0,2,105,1.0784192444669456,
weibull_softplus_unscaled,uncheatable,panel_oof,0,2,109,1.0984161043287393,
weibull_softplus_unscaled,uncheatable,panel_oof,0,2,112,1.0702383438167127,
weibull_softplus_unscaled,uncheatable,panel_oof,0,2,113,1.1110750451639944,
weibull_softplus_unscaled,uncheatable,panel_oof,0,2,115,1.0703840155847395,
weibull_softplus_unscaled,uncheatable,panel_oof,0,2,116,1.0986328326533947,
weibull_softplus_unscaled,uncheatable,panel_oof,0,2,119,1.0656483525208544,
weibull_softplus_unscaled,uncheatable,panel_oof,0,2,122,1.07511220909666,
weibull_softplus_unscaled,uncheatable,panel_oof,0,2,123,1.0692255668187092,
weibull_softplus_unscaled,uncheatable,panel_oof,0,2,124,1.0998930898502621,
weibull_softplus_unscaled,uncheatable,panel_oof,0,2,133,1.1189635561019329,
weibull_softplus_unscaled,uncheatable,panel_oof,0,2,134,1.0755984508019825,
weibull_softplus_unscaled,uncheatable,panel_oof,0,2,135,1.069548944072674,
weibull_softplus_unscaled,uncheatable,panel_oof,0,2,138,1.0846549391948308,
weibull_softplus_unscaled,uncheatable,panel_oof,0,2,144,1.0836869906974367,
weibull_softplus_unscaled,uncheatable,panel_oof,0,2,151,1.079591791825223,
weibull_softplus_unscaled,uncheatable,panel_oof,0,2,152,1.0462066260909006,
weibull_softplus_unscaled,uncheatable,panel_oof,0,2,154,1.0754297821776384,
weibull_softplus_unscaled,uncheatable,panel_oof,0,2,157,1.1039845265090276,
weibull_softplus_unscaled,uncheatable,panel_oof,0,2,158,1.0614244358744431,
weibull_softplus_unscaled,uncheatable,panel_oof,0,2,160,1.0851027063060885,
weibull_softplus_unscaled,uncheatable,panel_oof,0,2,166,1.0725334166325098,
weibull_softplus_unscaled,uncheatable,panel_oof,0,2,172,1.0448912753340922,
weibull_softplus_unscaled,uncheatable,panel_oof,0,2,175,1.0646974990958316,
weibull_softplus_unscaled,uncheatable,panel_oof,0,2,176,1.0522697500904967,
weibull_softplus_unscaled,uncheatable,panel_oof,0,2,182,1.0918648256163714,
weibull_softplus_unscaled,uncheatable,panel_oof,0,2,183,1.0771485282281088,
weibull_softplus_unscaled,uncheatable,panel_oof,0,2,196,1.1155041372342043,
weibull_softplus_unscaled,uncheatable,panel_oof,0,2,198,1.0854197151947298,
weibull_softplus_unscaled,uncheatable,panel_oof,0,2,205,1.0799301714512783,
weibull_softplus_unscaled,uncheatable,panel_oof,0,2,211,1.086039384983024,
weibull_softplus_unscaled,uncheatable,panel_oof,0,2,213,1.0228580133439986,
weibull_softplus_unscaled,uncheatable,panel_oof,0,2,215,1.0456682602457499,
weibull_softplus_unscaled,uncheatable,panel_oof,0,2,222,1.056119613800639,
weibull_softplus_unscaled,uncheatable,panel_oof,0,2,224,1.1224304349681882,
weibull_softplus_unscaled,uncheatable,panel_oof,0,2,226,1.103855348461815,
weibull_softplus_unscaled,uncheatable,panel_oof,0,2,227,1.061050686685863,
weibull_softplus_unscaled,uncheatable,panel_oof,0,2,229,1.0351376178960305,
weibull_softplus_unscaled,uncheatable,panel_oof,0,2,235,1.067600728906584,
weibull_softplus_unscaled,uncheatable,panel_oof,0,2,236,1.0721430790605369,
weibull_softplus_unscaled,uncheatable,panel_oof,0,2,238,1.0720442552308076,
weibull_softplus_unscaled,uncheatable,panel_oof,0,3,2,1.0947710817751666,
weibull_softplus_unscaled,uncheatable,panel_oof,0,3,4,1.096160129225298,
weibull_softplus_unscaled,uncheatable,panel_oof,0,3,9,1.1084068102867999,
weibull_softplus_unscaled,uncheatable,panel_oof,0,3,11,1.0847441853346889,
weibull_softplus_unscaled,uncheatable,panel_oof,0,3,12,1.1081971261084118,
weibull_softplus_unscaled,uncheatable,panel_oof,0,3,13,1.0648046015429693,
weibull_softplus_unscaled,uncheatable,panel_oof,0,3,14,1.0889984463365356,
weibull_softplus_unscaled,uncheatable,panel_oof,0,3,16,1.0456964124797041,
weibull_softplus_unscaled,uncheatable,panel_oof,0,3,17,1.1056424133456086,
weibull_softplus_unscaled,uncheatable,panel_oof,0,3,21,1.0936782760818988,
weibull_softplus_unscaled,uncheatable,panel_oof,0,3,22,1.0717897478539828,
weibull_softplus_unscaled,uncheatable,panel_oof,0,3,23,1.1018663868922216,
weibull_softplus_unscaled,uncheatable,panel_oof,0,3,24,1.0440598401117163,
weibull_softplus_unscaled,uncheatable,panel_oof,0,3,27,1.0641691108588365,
weibull_softplus_unscaled,uncheatable,panel_oof,0,3,32,1.0559197600211445,
weibull_softplus_unscaled,uncheatable,panel_oof,0,3,33,1.0716165279732295,
weibull_softplus_unscaled,uncheatable,panel_oof,0,3,36,1.0789280407876778,
weibull_softplus_unscaled,uncheatable,panel_oof,0,3,37,1.0653320100038206,
weibull_softplus_unscaled,uncheatable,panel_oof,0,3,38,1.0850403224874645,
weibull_softplus_unscaled,uncheatable,panel_oof,0,3,40,1.0710665779328692,
weibull_softplus_unscaled,uncheatable,panel_oof,0,3,43,1.088430021450026,
weibull_softplus_unscaled,uncheatable,panel_oof,0,3,44,1.1070784016645026,
weibull_softplus_unscaled,uncheatable,panel_oof,0,3,45,1.091038978777508,
weibull_softplus_unscaled,uncheatable,panel_oof,0,3,49,1.0781210974470317,
weibull_softplus_unscaled,uncheatable,panel_oof,0,3,50,1.0926223020894825,
weibull_softplus_unscaled,uncheatable,panel_oof,0,3,52,1.075918331388468,
weibull_softplus_unscaled,uncheatable,panel_oof,0,3,53,1.0605198066038677,
weibull_softplus_unscaled,uncheatable,panel_oof,0,3,54,1.0518501543466479,
weibull_softplus_unscaled,uncheatable,panel_oof,0,3,55,1.0542814496477186,
weibull_softplus_unscaled,uncheatable,panel_oof,0,3,58,1.0967219704872573,
weibull_softplus_unscaled,uncheatable,panel_oof,0,3,59,1.0598475224639072,
weibull_softplus_unscaled,uncheatable,panel_oof,0,3,61,1.0529697845701715,
weibull_softplus_unscaled,uncheatable,panel_oof,0,3,63,1.04655756441019,
weibull_softplus_unscaled,uncheatable,panel_oof,0,3,64,1.0999736608789312,
weibull_softplus_unscaled,uncheatable,panel_oof,0,3,66,1.0857280518049763,
weibull_softplus_unscaled,uncheatable,panel_oof,0,3,67,1.0816303740654902,
weibull_softplus_unscaled,uncheatable,panel_oof,0,3,70,1.0888496011979418,
weibull_softplus_unscaled,uncheatable,panel_oof,0,3,71,1.0798993992098387,
weibull_softplus_unscaled,uncheatable,panel_oof,0,3,72,1.0741435554710705,
weibull_softplus_unscaled,uncheatable,panel_oof,0,3,74,1.0533386994814466,
weibull_softplus_unscaled,uncheatable,panel_oof,0,3,75,1.0745248253404156,
weibull_softplus_unscaled,uncheatable,panel_oof,0,3,78,1.0828197703876552,
weibull_softplus_unscaled,uncheatable,panel_oof,0,3,85,1.0773451815498591,
weibull_softplus_unscaled,uncheatable,panel_oof,0,3,88,1.100535100775934,
weibull_softplus_unscaled,uncheatable,panel_oof,0,3,89,1.0732901513250788,
weibull_softplus_unscaled,uncheatable,panel_oof,0,3,92,1.0522219536180268,
weibull_softplus_unscaled,uncheatable,panel_oof,0,3,93,1.0711464822428187,
weibull_softplus_unscaled,uncheatable,panel_oof,0,3,94,1.0609779253701601,
weibull_softplus_unscaled,uncheatable,panel_oof,0,3,95,1.0843752199158712,
weibull_softplus_unscaled,uncheatable,panel_oof,0,3,96,1.0822194302264825,
weibull_softplus_unscaled,uncheatable,panel_oof,0,3,97,1.0573473054485105,
weibull_softplus_unscaled,uncheatable,panel_oof,0,3,102,1.0603817013970256,
weibull_softplus_unscaled,uncheatable,panel_oof,0,3,108,1.0922092862674773,
weibull_softplus_unscaled,uncheatable,panel_oof,0,3,110,1.081824653284493,
weibull_softplus_unscaled,uncheatable,panel_oof,0,3,111,1.0797608987889333,
weibull_softplus_unscaled,uncheatable,panel_oof,0,3,117,1.1308471405865523,
weibull_softplus_unscaled,uncheatable,panel_oof,0,3,120,1.0684449013246973,
weibull_softplus_unscaled,uncheatable,panel_oof,0,3,121,1.0575362637344825,
weibull_softplus_unscaled,uncheatable,panel_oof,0,3,127,1.0581470232458599,
weibull_softplus_unscaled,uncheatable,panel_oof,0,3,128,1.0881926091397602,
weibull_softplus_unscaled,uncheatable,panel_oof,0,3,129,1.0660705580949201,
weibull_softplus_unscaled,uncheatable,panel_oof,0,3,130,1.081951022632655,
weibull_softplus_unscaled,uncheatable,panel_oof,0,3,132,1.119405413403626,
weibull_softplus_unscaled,uncheatable,panel_oof,0,3,139,1.069048987320983,
weibull_softplus_unscaled,uncheatable,panel_oof,0,3,143,1.0917359871391827,
weibull_softplus_unscaled,uncheatable,panel_oof,0,3,146,1.1038237805585676,
weibull_softplus_unscaled,uncheatable,panel_oof,0,3,148,1.0605167349540747,
weibull_softplus_unscaled,uncheatable,panel_oof,0,3,149,1.1127625744574277,
weibull_softplus_unscaled,uncheatable,panel_oof,0,3,150,1.0849845939043559,
weibull_softplus_unscaled,uncheatable,panel_oof,0,3,153,1.0974969817440896,
weibull_softplus_unscaled,uncheatable,panel_oof,0,3,156,1.061798138339236,
weibull_softplus_unscaled,uncheatable,panel_oof,0,3,159,1.0847999970721647,
weibull_softplus_unscaled,uncheatable,panel_oof,0,3,161,1.1225056349408806,
weibull_softplus_unscaled,uncheatable,panel_oof,0,3,164,1.0885950147304784,
weibull_softplus_unscaled,uncheatable,panel_oof,0,3,167,1.075422323915468,
weibull_softplus_unscaled,uncheatable,panel_oof,0,3,170,1.070702702592802,
weibull_softplus_unscaled,uncheatable,panel_oof,0,3,173,1.0841899334128293,
weibull_softplus_unscaled,uncheatable,panel_oof,0,3,174,1.0652262896670424,
weibull_softplus_unscaled,uncheatable,panel_oof,0,3,177,1.067636104002216,
weibull_softplus_unscaled,uncheatable,panel_oof,0,3,180,1.0698193217766723,
weibull_softplus_unscaled,uncheatable,panel_oof,0,3,181,1.0893811971140797,
weibull_softplus_unscaled,uncheatable,panel_oof,0,3,184,1.0556425983540634,
weibull_softplus_unscaled,uncheatable,panel_oof,0,3,185,1.0757829249468265,
weibull_softplus_unscaled,uncheatable,panel_oof,0,3,189,1.0832946226852056,
weibull_softplus_unscaled,uncheatable,panel_oof,0,3,190,1.0770979088382664,
weibull_softplus_unscaled,uncheatable,panel_oof,0,3,192,1.0430782804905352,
weibull_softplus_unscaled,uncheatable,panel_oof,0,3,194,1.059259272255428,
weibull_softplus_unscaled,uncheatable,panel_oof,0,3,201,1.0326176883819302,
weibull_softplus_unscaled,uncheatable,panel_oof,0,3,203,1.057985554863247,
weibull_softplus_unscaled,uncheatable,panel_oof,0,3,204,1.0758507241991586,
weibull_softplus_unscaled,uncheatable,panel_oof,0,3,206,1.052161820378065,
weibull_softplus_unscaled,uncheatable,panel_oof,0,3,214,1.0674540445999698,
weibull_softplus_unscaled,uncheatable,panel_oof,0,3,218,1.0425875456911584,
weibull_softplus_unscaled,uncheatable,panel_oof,0,3,225,1.0939286987102064,
weibull_softplus_unscaled,uncheatable,panel_oof,0,3,228,1.0634584371637057,
weibull_softplus_unscaled,uncheatable,panel_oof,0,3,232,1.076083952480965,
weibull_softplus_unscaled,uncheatable,panel_oof,0,3,234,1.0796788655611038,
weibull_softplus_unscaled,uncheatable,panel_oof,0,3,240,1.0313484516350089,
weibull_softplus_unscaled,uncheatable,panel_oof,0,4,18,1.08130946072458,
weibull_softplus_unscaled,uncheatable,panel_oof,0,4,19,1.0918611499272366,
weibull_softplus_unscaled,uncheatable,panel_oof,0,4,28,1.120602449694359,
weibull_softplus_unscaled,uncheatable,panel_oof,0,4,31,1.0694111906722896,
weibull_softplus_unscaled,uncheatable,panel_oof,0,4,42,1.0583803267260072,
weibull_softplus_unscaled,uncheatable,panel_oof,0,4,47,1.0620419247894097,
weibull_softplus_unscaled,uncheatable,panel_oof,0,4,60,1.059104159334916,
weibull_softplus_unscaled,uncheatable,panel_oof,0,4,76,1.1257434913107094,
weibull_softplus_unscaled,uncheatable,panel_oof,0,4,77,1.0896503209735622,
weibull_softplus_unscaled,uncheatable,panel_oof,0,4,80,1.0933434431618396,
weibull_softplus_unscaled,uncheatable,panel_oof,0,4,82,1.0655851061034254,
weibull_softplus_unscaled,uncheatable,panel_oof,0,4,103,1.085808738561243,
weibull_softplus_unscaled,uncheatable,panel_oof,0,4,104,1.094797264592339,
weibull_softplus_unscaled,uncheatable,panel_oof,0,4,114,1.0724984343056623,
weibull_softplus_unscaled,uncheatable,panel_oof,0,4,118,1.0702074323348776,
weibull_softplus_unscaled,uncheatable,panel_oof,0,4,125,0.9909479957860508,
weibull_softplus_unscaled,uncheatable,panel_oof,0,4,131,1.069882035919496,
weibull_softplus_unscaled,uncheatable,panel_oof,0,4,155,1.0539031927154259,
weibull_softplus_unscaled,uncheatable,panel_oof,0,4,162,1.0746370401843501,
weibull_softplus_unscaled,uncheatable,panel_oof,0,4,168,1.0188780184545985,
weibull_softplus_unscaled,uncheatable,panel_oof,0,4,178,1.0363859811325251,
weibull_softplus_unscaled,uncheatable,panel_oof,0,4,179,1.0943222970662203,
weibull_softplus_unscaled,uncheatable,panel_oof,0,4,186,1.059228662136832,
weibull_softplus_unscaled,uncheatable,panel_oof,0,4,193,1.0735909783326845,
weibull_softplus_unscaled,uncheatable,panel_oof,0,4,199,1.0720843469743533,
weibull_softplus_unscaled,uncheatable,panel_oof,0,4,202,1.0603195114762158,
weibull_softplus_unscaled,uncheatable,panel_oof,0,4,207,1.0910625752358665,
weibull_softplus_unscaled,uncheatable,panel_oof,0,4,212,1.0669934153953142,
weibull_softplus_unscaled,uncheatable,panel_oof,0,4,216,1.0821360431263107,
weibull_softplus_unscaled,uncheatable,panel_oof,0,4,221,1.0648654725520843,
weibull_softplus_unscaled,uncheatable,panel_oof,0,4,230,1.0501129438808934,
weibull_softplus_unscaled,uncheatable,panel_oof,0,4,231,1.0662340718902537,
weibull_softplus_unscaled,uncheatable,panel_oof,0,4,239,1.076602662432311,
weibull_softplus_unscaled,uncheatable,external_development,0,-1,delphi_3e18_39bucket:0066da643d35e694a311d26516399114a1c69adba1f7795b773b704d93c0e945,1.058399863892984,0.003944064917207922
weibull_softplus_unscaled,uncheatable,external_development,0,-1,delphi_3e18_39bucket:015ce47db7b4ac2a312c1dfa614d699adb8526230f5a7355c112e4e546f4bb96,1.0354665712995312,0.0027680930538818834
weibull_softplus_unscaled,uncheatable,external_development,0,-1,delphi_3e18_39bucket:01985d1f15bebd8fef77b5150d00df90b1460ff11f8dbeb34a83d3755d4831ca,0.9833624781004159,0.001998361595040918
weibull_softplus_unscaled,uncheatable,external_development,0,-1,delphi_3e18_39bucket:02c70e578e5784e551eefe679886439d9c803cedd53b283f3333a0c5fbe3e5cf,1.0476308902476847,0.0030380227905635656
weibull_softplus_unscaled,uncheatable,external_development,0,-1,delphi_3e18_39bucket:037a604380dcbb0bd031ab6fe4d27d6f859ec425fb267f14b984c1fb545aefe5,1.0438225089413762,0.002958402209132136
weibull_softplus_unscaled,uncheatable,external_development,0,-1,delphi_3e18_39bucket:039e773502afbad67dfd37ee20068668a2092188b0245ddd91d40a1560e905f6,0.9974393948706447,0.0019202183477099247
weibull_softplus_unscaled,uncheatable,external_development,0,-1,delphi_3e18_39bucket:06d61998a2b7fe732abe0607cc0fc7812e544c3828ed26a47d4283ddb7891cb9,1.0365485288553176,0.002749163452214118
weibull_softplus_unscaled,uncheatable,external_development,0,-1,delphi_3e18_39bucket:06f1f5c4286bcf9fe2c2ccf5d91303fe3cf919c815f3a926d5a2ff3de43fc683,1.0441535403604418,0.0027309566059256127
weibull_softplus_unscaled,uncheatable,external_development,0,-1,delphi_3e18_39bucket:073bad81517f75d40c9eb877348b38c8734b28dc6cb239c2089c9c35e9510223,0.9954689398675345,0.0042547997985208285
weibull_softplus_unscaled,uncheatable,external_development,0,-1,delphi_3e18_39bucket:0788d5de28276914dae1c6388f1ab105867ad1d4a087d52bf0b8519d80129c89,1.036887318117068,0.002784526851885236
weibull_softplus_unscaled,uncheatable,external_development,0,-1,delphi_3e18_39bucket:07ec2043780a0d9df429ba7b4f371cf9415daa1341f5b29b929b522684e38b91,1.0581933774180041,0.008179542229889094
weibull_softplus_unscaled,uncheatable,external_development,0,-1,delphi_3e18_39bucket:081b3e9c9806710005689ad55a35ca2b5545880488e77cee8042740337e79dfd,0.976289399954993,0.0023408048373263096
weibull_softplus_unscaled,uncheatable,external_development,0,-1,delphi_3e18_39bucket:082fedafa9e0b95f220f553903813794bb9dc21b592587587dd5fa4dca612f6c,1.0749755403243193,0.0054771494826061536
weibull_softplus_unscaled,uncheatable,external_development,0,-1,delphi_3e18_39bucket:0849e8468f1ed33aa84061be6ed119421f912af5683193c8b0f037cee11a3763,1.041467220042968,0.0029164763882299945
weibull_softplus_unscaled,uncheatable,external_development,0,-1,delphi_3e18_39bucket:090b9d521ba31e364d7c8479c9c8b5369806b9c8557af616f883945e0307ccfb,0.9576766980592057,0.008574720941440747
weibull_softplus_unscaled,uncheatable,external_development,0,-1,delphi_3e18_39bucket:095c671d2e8d76d30acb22a88707854961f0bd8fa702605dcc65c6c64231b117,1.0348538344255012,0.002977112602020129
weibull_softplus_unscaled,uncheatable,external_development,0,-1,delphi_3e18_39bucket:09ab1aa79a519d8cbef31696066513a006253831fb687b610438ea9b39faef2c,1.0559693000407477,0.0034152418534416063
weibull_softplus_unscaled,uncheatable,external_development,0,-1,delphi_3e18_39bucket:09de561eed4cac3d6052c3e7ccd15b7d2bf21ffe6620953c40d04597b793517c,0.970517826219868,0.0017747414306057841
weibull_softplus_unscaled,uncheatable,external_development,0,-1,delphi_3e18_39bucket:0a4c90180e2e9f06b17432216267636bc90d169f9f68bad8b789d271cb541e26,1.0165680397091985,0.002102576071528763
weibull_softplus_unscaled,uncheatable,external_development,0,-1,delphi_3e18_39bucket:0a69a64824dbbec7bffe6fbd96bf614be79fa346a55fb8dad697d2aed91a31fe,0.9758534526387873,0.0032946530389993288
weibull_softplus_unscaled,uncheatable,external_development,0,-1,delphi_3e18_39bucket:0bdc7ed5abac4cf71f3695dd33cb4ebeb179a0cbf41d9859e4d47fa71dcc9890,1.0382873461527797,0.0028767441690991592
weibull_softplus_unscaled,uncheatable,external_development,0,-1,delphi_3e18_39bucket:0c6db73ff59b9cdac2e2428761ffc68d8764b26faefabce9cdbe0ad6133514fb,1.0062026864480957,0.0024068479113741477
weibull_softplus_unscaled,uncheatable,external_development,0,-1,delphi_3e18_39bucket:0c87eb28b1c95ec40d341aff414b3e73bc9300563def3b5d974082fe44509895,1.0376533775655734,0.002831290565095864
weibull_softplus_unscaled,uncheatable,external_development,0,-1,delphi_3e18_39bucket:0ceaf50f71a5360954adeab2244cb20579f98a42ad87a9a61d09e18433fe7860,1.0355148126029543,0.0028085682433924056
weibull_softplus_unscaled,uncheatable,external_development,0,-1,delphi_3e18_39bucket:0d019862e6437cdaea853e5908403f80164cfeaa2305fa7fbfaafa4c22decd1c,1.0493413342121096,0.0069691651940085916
weibull_softplus_unscaled,uncheatable,external_development,0,-1,delphi_3e18_39bucket:0da14a6e57c138c21227eebbd44f186ea18272987a7f24f9edce875f3f5c35b2,1.0362082686241352,0.0028453422746365295
weibull_softplus_unscaled,uncheatable,external_development,0,-1,delphi_3e18_39bucket:0fb57d38488e9d032a8a2d6e385eebbe0bb87510b042d12426a68166e3ec53b2,0.9988876799642763,0.003051419305918182
weibull_softplus_unscaled,uncheatable,external_development,0,-1,delphi_3e18_39bucket:0feea1b96a7083ed86e477633fc1c9df6d6198dd4ea8753a30f116ddbf453981,1.0652421327129842,0.0031937285836803457
weibull_softplus_unscaled,uncheatable,external_development,0,-1,delphi_3e18_39bucket:100cd66fd89a88c77157afcbddc20547cc115238f2281abf552b8c0d0374cc36,1.0536446623926472,0.004436707352524141
weibull_softplus_unscaled,uncheatable,external_development,0,-1,delphi_3e18_39bucket:115087d05bce1abc0d1e7590a4cc0b36b643cd94c47ca5e044580bd8ff9fa514,0.9767079631344835,0.006445056229190779
weibull_softplus_unscaled,uncheatable,external_development,0,-1,delphi_3e18_39bucket:11779cf375492aed45ded6491e0158468a427484e8fd2f0823363b5961fadc1f,1.0375727673215025,0.0025732919924510347
weibull_softplus_unscaled,uncheatable,external_development,0,-1,delphi_3e18_39bucket:1186365305df843132a2b49cf1f4f3279bc6792218502b2ddb658ff6a8909811,1.0459651294018726,0.003208644041608741
weibull_softplus_unscaled,uncheatable,external_development,0,-1,delphi_3e18_39bucket:12d604c09575e6918d0c5273fb68b7ac720021d46bd7bf002aec8f2e388e7d73,1.0381199254183926,0.002874340836835994
weibull_softplus_unscaled,uncheatable,external_development,0,-1,delphi_3e18_39bucket:135c4820815edaaf0da56c8dc5f7697728f00c530e1af6d5c97db7883c693f3b,1.037169400437906,0.0027013216092209055
weibull_softplus_unscaled,uncheatable,external_development,0,-1,delphi_3e18_39bucket:14ae27b209bb3f3e584f2a754f2f606b14c6a91a854a6960f5f2002189a9c63f,0.9847859864599353,0.003306900746189929
weibull_softplus_unscaled,uncheatable,external_development,0,-1,delphi_3e18_39bucket:1583e0fcd8684efdb53f5dba40c3ee266a316d16da17c423933aa17c59399bb4,0.9727021889200735,0.0032968130859658616
weibull_softplus_unscaled,uncheatable,external_development,0,-1,delphi_3e18_39bucket:15c3e3115300d4216bc495f2d6a911ae81e09297053b4e3fd8413b93b1724706,1.03861875573072,0.002973916377920776
weibull_softplus_unscaled,uncheatable,external_development,0,-1,delphi_3e18_39bucket:15cefcc71eaf2cb32279921de35d7fd07a1c62a60826b15c7da6d9680aca7d5a,1.045825320003721,0.0032284565653404296
weibull_softplus_unscaled,uncheatable,external_development,0,-1,delphi_3e18_39bucket:168c44d2006162a6a570833acdedfc0e9cbace3ee8b4582d93c0d17b9a8f62dc,1.0370600413226998,0.0028293982741826543
weibull_softplus_unscaled,uncheatable,external_development,0,-1,delphi_3e18_39bucket:16d569d49dc699da09d873f84439c1b3d09b1fb0a49da1a014bdd6055ed7e867,1.0271685798528982,0.0041678762145715715
weibull_softplus_unscaled,uncheatable,external_development,0,-1,delphi_3e18_39bucket:180f3fe5f075a653053c6abb3614d3d97e4e8bd81a9bf3339b610420a3e507e1,1.0201520963723234,0.00929629462189836
weibull_softplus_unscaled,uncheatable,external_development,0,-1,delphi_3e18_39bucket:18a99a3351245092d3769f803d6ed42ad1446d61d00a6145d3ab0f7eb370ad43,1.033553705958398,0.0026535712523753628
weibull_softplus_unscaled,uncheatable,external_development,0,-1,delphi_3e18_39bucket:19e6d0a05b7cc0e501b20e580b9d694acf4b47aafcdbc8afc3840bc26b8e9183,1.0306374724695102,0.00250893035947081
weibull_softplus_unscaled,uncheatable,external_development,0,-1,delphi_3e18_39bucket:1abe87613ee3136eb10062b5549438b1593f06bc22629e4f06a79dc512925a09,0.9717290132772206,0.001725054451374531
weibull_softplus_unscaled,uncheatable,external_development,0,-1,delphi_3e18_39bucket:1bd2258fc50c2f2300cfee3ccf288fcf65b55a83f6f4e754166ad83968fd2bc5,1.0388752900757092,0.0028991381473457262
weibull_softplus_unscaled,uncheatable,external_development,0,-1,delphi_3e18_39bucket:1c82f47a17303f1c725bb67357c5df989e689eab6ce331e314ec3f25166ddb7f,1.0270951912473962,0.0024093293534809927
weibull_softplus_unscaled,uncheatable,external_development,0,-1,delphi_3e18_39bucket:1f764babd33705edc89b9384b3ade86c50adefb121d72a48eead725f2f99fdbb,1.0487905057582412,0.0026352852560334664
weibull_softplus_unscaled,uncheatable,external_development,0,-1,delphi_3e18_39bucket:1fe407b2a7e4115cdc2112c39a9854a82c434b11738b0b2dd1f7b59520c84b02,1.035552107616565,0.002908011225163175
weibull_softplus_unscaled,uncheatable,external_development,0,-1,delphi_3e18_39bucket:202a3f2963f0ed3ef838aa9f839dd983ff320011e5f90369bb10036d62d3bf07,1.0391895764614243,0.003578884144073656
weibull_softplus_unscaled,uncheatable,external_development,0,-1,delphi_3e18_39bucket:2128777c4bf7443fc7122204d45cffef5ed9ca0a3758737f512f8ac019f2614e,1.0448972634813702,0.0029175586758888525
weibull_softplus_unscaled,uncheatable,external_development,0,-1,delphi_3e18_39bucket:217fcc24bb6f19269acad2fd83783863fb8c38fe10b23c82e8d4650e3c20af96,0.9978754646653716,0.006106720226467354
weibull_softplus_unscaled,uncheatable,external_development,0,-1,delphi_3e18_39bucket:2217566357ae6eb4d1e0a63ed7d1b5f74bf85feb4a34fc2294075abf4779dc8a,0.9825390544473747,0.006926744201430646
weibull_softplus_unscaled,uncheatable,external_development,0,-1,delphi_3e18_39bucket:22435fb72d5378f38e67f149c5327cefd8299de7f2802d207068e148a654d87a,0.9829471786975272,0.004765956885049153
weibull_softplus_unscaled,uncheatable,external_development,0,-1,delphi_3e18_39bucket:22a7988dd0f948879fe6e14a81339e522012c662009155e7f837141a0aedb54d,1.04256156271484,0.0031933109984663972
weibull_softplus_unscaled,uncheatable,external_development,0,-1,delphi_3e18_39bucket:24181403664e888f5ff00f929ba54136d4c20243873de0479bbadd0a903d7e2e,1.0531336466518046,0.0036563534667125573
weibull_softplus_unscaled,uncheatable,external_development,0,-1,delphi_3e18_39bucket:244c4cf1cc1aff8a4fa4a6620ac3c4e89194a0edec3d369e2d5c5a3ffc611fbd,1.034927175585451,0.0026501248264438992
weibull_softplus_unscaled,uncheatable,external_development,0,-1,delphi_3e18_39bucket:24a04b7131ccb2123cd83ebdebea1822f4208833dbaa020fb854f48dfeb82baa,1.034836193351484,0.002571009473370593
weibull_softplus_unscaled,uncheatable,external_development,0,-1,delphi_3e18_39bucket:257cf9d7063698fc7195b8f86bda6fdb70aa44cc6560c09437872f7afc15b3c7,1.0367387617001496,0.0028008492137134833
weibull_softplus_unscaled,uncheatable,external_development,0,-1,delphi_3e18_39bucket:2805171d708ffa47ad55eebdded48bbe9184de34aaa01c764857896330bd5ed8,0.9741797251368047,0.0023964484616443736
weibull_softplus_unscaled,uncheatable,external_development,0,-1,delphi_3e18_39bucket:282bea38b4b390edde05c433f2aa287cb076b5c90b87ddfff2ac785476ee2a80,1.044580041929002,0.0050868192786128206
weibull_softplus_unscaled,uncheatable,external_development,0,-1,delphi_3e18_39bucket:28e9f00790cb0f3bd8eab6e67ab5ed390d4a8f9511b50e2c3b127fed84907f83,1.035916860134495,0.002800912746553935
weibull_softplus_unscaled,uncheatable,external_development,0,-1,delphi_3e18_39bucket:29879913509e18c14302d4122cd80d460dbe36a86de1b841546532b10ae498e9,0.982286361271792,0.002618812230077667
weibull_softplus_unscaled,uncheatable,external_development,0,-1,delphi_3e18_39bucket:299a6f250e2580967240f5ac6e8f3e6810fda3f8762c8a4f373c4b03d7aee9b1,1.044998256548821,0.002565025145399328
weibull_softplus_unscaled,uncheatable,external_development,0,-1,delphi_3e18_39bucket:2a97310a9690d4c4d3fba3c8cf2f4c53bec70f4ee6e7bc2798951d5fce110b5c,1.0356687299692013,0.002771815935600978
weibull_softplus_unscaled,uncheatable,external_development,0,-1,delphi_3e18_39bucket:2b4110349a3372d8cdd796df984fe3dd3f6933ac30c77acc1b554a35885f884f,1.031780486285243,0.0027266819224839992
weibull_softplus_unscaled,uncheatable,external_development,0,-1,delphi_3e18_39bucket:2b989adc23ee2e9de7f2785a0f77bb06f18f1c8af0a8159044271123a563cdb9,0.9802522123697663,0.0029122685209263172
weibull_softplus_unscaled,uncheatable,external_development,0,-1,delphi_3e18_39bucket:2ce3f8060361ed87fadf5817cc4086427964c54e0a33c206fcb381675b97ea5f,1.0363416130928491,0.002850184974755587
weibull_softplus_unscaled,uncheatable,external_development,0,-1,delphi_3e18_39bucket:2e081ca88a4ffb992e9ae7b70b9b191276a26b63479089cd5b158410e587852e,1.0218363896148113,0.002329298978647026
weibull_softplus_unscaled,uncheatable,external_development,0,-1,delphi_3e18_39bucket:2e1738bd99d25f424f7d12a0418d3b95df9b3cb8832b62a765de68ab5fdfe411,1.0390464773054071,0.0034013799008662735
weibull_softplus_unscaled,uncheatable,external_development,0,-1,delphi_3e18_39bucket:2f021c092554cc1c442218ef631eef0b2b67a217256c18aa0380762934be6ef9,0.9691419358990266,0.002883322153212025
weibull_softplus_unscaled,uncheatable,external_development,0,-1,delphi_3e18_39bucket:2fd7ffa44744c71d0e734f0e0d4f05d854c74467a9c167f25018fd17cfe99306,1.02661525035932,0.0024708147962996616
weibull_softplus_unscaled,uncheatable,external_development,0,-1,delphi_3e18_39bucket:303bf27116162aaf5aad23c1dceb815464d35b45e7e0b3d737d78f0e445a7c48,1.0043372618454474,0.0027039486345124112
weibull_softplus_unscaled,uncheatable,external_development,0,-1,delphi_3e18_39bucket:307e2ea17fda955025a3eb6f93191ebffc2a9ec7af3c27ab44f0b073b39a03a0,0.98783295156659,0.012549153349034387
weibull_softplus_unscaled,uncheatable,external_development,0,-1,delphi_3e18_39bucket:3277a3d2dd0f9018971fbcb563df43c5c3d38d364fb0a15494e2fde4c841ab06,1.0374126286514107,0.0029548326958307738
weibull_softplus_unscaled,uncheatable,external_development,0,-1,delphi_3e18_39bucket:329d432004aa55ff655af8af17bade03a9b3dd241ea3c9e87a7dbbeb1dc1b1d6,1.0314444457000291,0.0028725907721072596
weibull_softplus_unscaled,uncheatable,external_development,0,-1,delphi_3e18_39bucket:3398acf60037cd5b4392f15953e36c3f7d33dfa5fb55428c42d6dc324f33ee6d,1.0513156973473912,0.0031969161484918275
weibull_softplus_unscaled,uncheatable,external_development,0,-1,delphi_3e18_39bucket:3614e5ff6454c53dc1b4848cee125d2bf986629dee4783b90415bc92736347a1,0.946252726453588,0.004417730429155995
weibull_softplus_unscaled,uncheatable,external_development,0,-1,delphi_3e18_39bucket:36c1fb12dabe2ea3b14dcba0b6662780fe8c2edd811e604dc693d72ef1aad4b2,1.0506028623715544,0.001914744995259944
weibull_softplus_unscaled,uncheatable,external_development,0,-1,delphi_3e18_39bucket:378ccee7c37fc46dc3d8e46e4b4332bddd5bd6559bdcb485d925508370a96bfe,1.037030497780205,0.0028004345343699577
weibull_softplus_unscaled,uncheatable,external_development,0,-1,delphi_3e18_39bucket:38b51fbcfa5c77121be6726dc68a28ce5ab9452aefd61be07d82e359fbdedf79,0.9509200475193509,0.005950508155295008
weibull_softplus_unscaled,uncheatable,external_development,0,-1,delphi_3e18_39bucket:391b0859fe53bf6c9da14d9694a7f85f766f8d8225b48942c840d1f3bebe7876,0.979768811809475,0.001864504811121957
weibull_softplus_unscaled,uncheatable,external_development,0,-1,delphi_3e18_39bucket:391d81c8e67fe577eba6e9ee08f60d31bf3c4e751a772944fa9e620fd84cebdb,1.028719404191352,0.004177755969623396
weibull_softplus_unscaled,uncheatable,external_development,0,-1,delphi_3e18_39bucket:39df5a66a6bcbdc5f52f9f37dfd15b1fdd08a415743db8fb17cc8b0512ac963f,1.0769103057810905,0.0061593680458655615
weibull_softplus_unscaled,uncheatable,external_development,0,-1,delphi_3e18_39bucket:3a337cea08c5cd9c8a8b50d435117d13ca5818fbfbab1e6a87ff1e567e25c835,1.0384400564589726,0.002744521274114041
weibull_softplus_unscaled,uncheatable,external_development,0,-1,delphi_3e18_39bucket:3c5d1d0ddb5500239d26944a313e0c966e43abfabc203fcdb07d5db66f8dc712,0.9900417888892628,0.005722705424730986
weibull_softplus_unscaled,uncheatable,external_development,0,-1,delphi_3e18_39bucket:3d3cd30314fd09b91f22ba82b732e228369abd03b55a27da937e0bca5a083a0a,1.034506417435189,0.0028457590386845887
weibull_softplus_unscaled,uncheatable,external_development,0,-1,delphi_3e18_39bucket:3d45f3bc22316f2c3a26d5af2662f5cc5b2e1214d7bf88bc7dfa2b034b89b076,0.971830984347162,0.0017337465535939762
weibull_softplus_unscaled,uncheatable,external_development,0,-1,delphi_3e18_39bucket:3d7af05751d62a9d5ef924d05c8f988d625bdd60428e935601184be98b0ac0df,1.042469040041949,0.0030863844130813167
weibull_softplus_unscaled,uncheatable,external_development,0,-1,delphi_3e18_39bucket:3de18a523f9dbadd83062cb454ad019820e391183b58003dd91dda53a4b13e1b,1.073989903920431,0.011107520250751629
weibull_softplus_unscaled,uncheatable,external_development,0,-1,delphi_3e18_39bucket:3ec760a2d3f08ec7acbde5dd5b70f25acbb174767b5f8e54d028852120660c2d,0.9854151135996634,0.0037600860103825934
weibull_softplus_unscaled,uncheatable,external_development,0,-1,delphi_3e18_39bucket:3f18082665844ac4fa26e9c9e87ec9528a72d448eff278e6eb0fb7e1d4dc39bc,0.9995294068344627,0.0035420322565967075
weibull_softplus_unscaled,uncheatable,external_development,0,-1,delphi_3e18_39bucket:410691cfb41376383b24b9260d41e57810fbaa6978569d90f35459312770dd15,1.048992138451183,0.0029210711639145125
weibull_softplus_unscaled,uncheatable,external_development,0,-1,delphi_3e18_39bucket:4148bb820fc709c78f6daf88c6822b7f28c7d1aba87c815125bab9cc0c715d32,1.0367452478508579,0.009786327549245374
weibull_softplus_unscaled,uncheatable,external_development,0,-1,delphi_3e18_39bucket:419ee81cda8173e88f7ada544fce6e041beb00f9371af74edf51e3240616e6ae,0.9668856466798119,0.002742014664134908
weibull_softplus_unscaled,uncheatable,external_development,0,-1,delphi_3e18_39bucket:4287fd6ebf54e5dc56f478f75201af36dfaf1da75b19013f8ed1d1bb0d131b51,1.0577314248293728,0.0028036626166200703
weibull_softplus_unscaled,uncheatable,external_development,0,-1,delphi_3e18_39bucket:42a399ba5c0ec06b23cf6c90f7a2d7bb620e8bf74eb4ae6131c11a97455e81cb,1.0516122504726995,0.005186860867107116
weibull_softplus_unscaled,uncheatable,external_development,0,-1,delphi_3e18_39bucket:42d578942c429bb75d62f6e2a7b33a9636af248dbf978094a0685abfa6f6bef6,1.0498889608791602,0.0027929514426080107
weibull_softplus_unscaled,uncheatable,external_development,0,-1,delphi_3e18_39bucket:435fc59b9f74ea68a12a16abcf01b49d1d751709400f056661ece786c4fb97f4,1.0409092534363484,0.002814061914923715
weibull_softplus_unscaled,uncheatable,external_development,0,-1,delphi_3e18_39bucket:43a1b832b41d7b3705abe45be2d9a39f606803f539c4bfc22f9bdb84abd4ecdd,1.0305662627475936,0.0025163751274918326
weibull_softplus_unscaled,uncheatable,external_development,0,-1,delphi_3e18_39bucket:43b243c94270528cefddfad2d85a2e86ee8e2e18b6fd46b04f3c346b72054bfc,1.0403345259506422,0.002862792605539334
weibull_softplus_unscaled,uncheatable,external_development,0,-1,delphi_3e18_39bucket:44ce79a61450d4abf95809bf0fa221ae9d748008c8b5ae22fd8d3212c27a3fea,0.9782582816405868,0.0035277945304098054
weibull_softplus_unscaled,uncheatable,external_development,0,-1,delphi_3e18_39bucket:450946512768dd9a9e7ac0b8b0bfe70503c57901a1407ee4764ad2b8be47d6fc,1.0955772843768952,0.009636477616998453
weibull_softplus_unscaled,uncheatable,external_development,0,-1,delphi_3e18_39bucket:454b420da2501cc8413ce34639b91fba6c924e92d4acb602a12a4188a7bbac06,1.0005706951019948,0.004382034281246685
weibull_softplus_unscaled,uncheatable,external_development,0,-1,delphi_3e18_39bucket:45c4ebe12e4506146427d7cf86c80df51ee3636fdc90eec46c6fbcda132736d3,1.0400815456720782,0.002764337097566904
weibull_softplus_unscaled,uncheatable,external_development,0,-1,delphi_3e18_39bucket:46346afc1e8f516e3cf8db030395bc5bdba3094e0d1d6ce3d9212fbb3736b08f,1.0596239239009226,0.0036297198151235893
weibull_softplus_unscaled,uncheatable,external_development,0,-1,delphi_3e18_39bucket:4656bf4bdeffbc234b5b12cc443ad2055c6daa70555f643727a48d11562171df,1.0359311909004836,0.00275683098430493
weibull_softplus_unscaled,uncheatable,external_development,0,-1,delphi_3e18_39bucket:479b4c0d010ec8af266c712fad85c52a6b25371b206b9d3bea78ede611674b9e,1.0862880886334074,0.005945322373114774
weibull_softplus_unscaled,uncheatable,external_development,0,-1,delphi_3e18_39bucket:47f173bc0284dd1f8264d5a01dd8a2fcd9c04165efed2d185d16e1684ae02254,0.9809684939235457,0.0009350162370642513
weibull_softplus_unscaled,uncheatable,external_development,0,-1,delphi_3e18_39bucket:4925c3287b201af1db9d1972026e9bf6b2b76a75673de01b83cd6af4965a90c1,0.9748279277089871,0.003280032005854366
weibull_softplus_unscaled,uncheatable,external_development,0,-1,delphi_3e18_39bucket:49605a406a87e4b29ff1058b67cff48d00f583ed007d73fd163a37ab3f1ef415,0.9745244204407857,0.002998272926004913
weibull_softplus_unscaled,uncheatable,external_development,0,-1,delphi_3e18_39bucket:4bea36f1a59704fdf3254fce13b499f62c5ce572c840a274eab13868a56e5f0c,1.0385230798895915,0.0027366860078451636
weibull_softplus_unscaled,uncheatable,external_development,0,-1,delphi_3e18_39bucket:4d2a9f8e18ebd65e0860eaa7996c71b4bc666ece79a59f99599bf658eaaf1ca6,1.0864032936135313,0.007288857713289693
weibull_softplus_unscaled,uncheatable,external_development,0,-1,delphi_3e18_39bucket:4dcd25089f067b1c4aa3d94b5a6046e58c872c7192b21d095899daf4324f9073,1.0855016533349438,0.008978844976952899
weibull_softplus_unscaled,uncheatable,external_development,0,-1,delphi_3e18_39bucket:4e32a5e9dd28c61c48e02bb2a44b9b07dfd0aba290fffff332f5119d1899e78e,1.036561605661277,0.0027205968043149484
weibull_softplus_unscaled,uncheatable,external_development,0,-1,delphi_3e18_39bucket:4f14ed9f6b84f8d07a49a046c1f0bc460e6188f73344c8a04a447d11f045e2fb,1.0342292004010947,0.0028136531830566048
weibull_softplus_unscaled,uncheatable,external_development,0,-1,delphi_3e18_39bucket:5117115fda784e176c6f2f6b252905a9552ad3c50be88f0849fedb7b153ef185,1.0430575520963696,0.002967336537138632
weibull_softplus_unscaled,uncheatable,external_development,0,-1,delphi_3e18_39bucket:514be0373f3adf0fa2a0f1d347bb9657c5a350d6221c93c56156da4fca342645,0.9954495852898136,0.016008336441638796
weibull_softplus_unscaled,uncheatable,external_development,0,-1,delphi_3e18_39bucket:51ba2b4f2f488f8c496f545e752754c9e324fea095988aeafc121d14587f9440,0.9726104934399908,0.0042220349941980715
weibull_softplus_unscaled,uncheatable,external_development,0,-1,delphi_3e18_39bucket:520b93fe83078f785e1745d02d62d4de498b2d844861b920f20ad9fddb96d966,1.003151001360688,0.004810460547010713
weibull_softplus_unscaled,uncheatable,external_development,0,-1,delphi_3e18_39bucket:5268fc7970fdd1757c78b3d28d3b4a01e39ae7eb48d9eff786688b6aa8419e2c,1.0482943085025647,0.003018216694972223
weibull_softplus_unscaled,uncheatable,external_development,0,-1,delphi_3e18_39bucket:52eef22c85f32ba5c3c3bbd6b018e3ef32c028af3c84a8cce95f051e36bdb0ef,1.0346311657308789,0.00308543560397666
weibull_softplus_unscaled,uncheatable,external_development,0,-1,delphi_3e18_39bucket:5302a3d504bc827eb82480e47fa5f9369b2a34a9073980d5a79b7b11472c3d35,0.9664714799049634,0.002744616644530158
weibull_softplus_unscaled,uncheatable,external_development,0,-1,delphi_3e18_39bucket:5304e9320d8a83ce4fc5f0c3d55748a46b482bd39654250154a2e9b9b1f11612,0.9731965164161368,0.002627470483050967
weibull_softplus_unscaled,uncheatable,external_development,0,-1,delphi_3e18_39bucket:547f1880e12c632add60347ae92abf186e58bd4549de02831f05f117476ccd27,0.9732752259750124,0.003003818959604375
weibull_softplus_unscaled,uncheatable,external_development,0,-1,delphi_3e18_39bucket:55870bf717d572ace521b0a7c6b31246156cc64b0ab6dd344e4f110a1c37e000,1.0376738483690549,0.0029872288467374234
weibull_softplus_unscaled,uncheatable,external_development,0,-1,delphi_3e18_39bucket:5653d17dd718ed001c50f11b1296a0b6c437549494c3ad1c8cb1b53da2629181,1.045818411818351,0.0076550701648666515
weibull_softplus_unscaled,uncheatable,external_development,0,-1,delphi_3e18_39bucket:569f2fae296c65c150355a111967e64f0458d6d4e4e6695bdad8510e2d957522,0.97842098165759,0.002923926254029927
weibull_softplus_unscaled,uncheatable,external_development,0,-1,delphi_3e18_39bucket:577ebf44b0802041939fa396b991d55566e0430342ea4e86916d0a09526dfc7b,1.0072553988699968,0.002463144652661203
weibull_softplus_unscaled,uncheatable,external_development,0,-1,delphi_3e18_39bucket:57e67b1e673016dfe6e90bf3eec613b57b4f45fb8628057d9be4b6887b097974,1.0354546867173475,0.002798958756292377
weibull_softplus_unscaled,uncheatable,external_development,0,-1,delphi_3e18_39bucket:587d99c210755fe678009083951edbaf5f30125b9a9228c07223908788f4efbf,0.999148397637811,0.003979258371195495
weibull_softplus_unscaled,uncheatable,external_development,0,-1,delphi_3e18_39bucket:593cd68cc1f7693b8781f426fd8bf633d814852c98cef69f1dc0e05aa749a4a8,1.039526400108853,0.0028708578205954376
weibull_softplus_unscaled,uncheatable,external_development,0,-1,delphi_3e18_39bucket:5969f449d772b308738c1973bb8124a9388da3145bdcd4dbf580903e8aa5ae45,1.003758885498672,0.00583755546772382
weibull_softplus_unscaled,uncheatable,external_development,0,-1,delphi_3e18_39bucket:5a6c87e0a035e4d18b7e137b2cc16b00806f8d1ef126cc1b3e98ec648866cd95,1.007609566033165,0.005921127398962088
weibull_softplus_unscaled,uncheatable,external_development,0,-1,delphi_3e18_39bucket:5a988330e74f91960f06cf673b3d4fb431b8fa721e3c7765a95b86088e8b3640,1.0359446240014023,0.0026538386764710206
weibull_softplus_unscaled,uncheatable,external_development,0,-1,delphi_3e18_39bucket:5a9ed51807418fe4ffaa4a95d2420907cd771b791ccbe7a8b543f2adf9061a8e,1.0377759605611148,0.002776585832458749
weibull_softplus_unscaled,uncheatable,external_development,0,-1,delphi_3e18_39bucket:5bab89a350083bbb82d43430d716a115110122a55cabce94a4c485ba7cfc7890,0.9646251259878749,0.0025281496664249273
weibull_softplus_unscaled,uncheatable,external_development,0,-1,delphi_3e18_39bucket:5baf1bd5753c211b529cb2dfdeb4556a9e7d9e60dca85172f893af225d6a49b6,1.0361104920801734,0.002707332768173695
weibull_softplus_unscaled,uncheatable,external_development,0,-1,delphi_3e18_39bucket:5d327ac229879291117268bc6336e58c8152465241259a6f06a7977096c2cbab,0.9915628586032451,0.010291806592537072
weibull_softplus_unscaled,uncheatable,external_development,0,-1,delphi_3e18_39bucket:5d3c191f384bc2fdb869709ada4835079a8ea387a239c05a383b6d50feb82419,1.0865660843199705,0.008564851964039088
weibull_softplus_unscaled,uncheatable,external_development,0,-1,delphi_3e18_39bucket:5d81c990ff3f85d604963810f29b83410738a33c030bdad16230497701c673cc,0.980110597654039,0.00337898617206311
weibull_softplus_unscaled,uncheatable,external_development,0,-1,delphi_3e18_39bucket:5da4a1f0602a1c573a15377a4719b3b792d3be63656c74bcdef8bd988e67c292,0.9754003301114725,0.0057809321014325515
weibull_softplus_unscaled,uncheatable,external_development,0,-1,delphi_3e18_39bucket:5df7ed0b68454fcec31de8326a1e4b7f97af17db946f06b0c2c6be55a0a58023,1.067290726428554,0.003885436391370736
weibull_softplus_unscaled,uncheatable,external_development,0,-1,delphi_3e18_39bucket:5e82fa8032d14849cb8dc9fd8900615e0f644f4dcc5f56d9fdcb7be65d280bd9,1.0367982600132697,0.002855820646446492
weibull_softplus_unscaled,uncheatable,external_development,0,-1,delphi_3e18_39bucket:5f70df28cce5d870961ea81fd9171415d174214efb666d244008771b3f8a8132,0.9800815477475546,0.0024788123060023133
weibull_softplus_unscaled,uncheatable,external_development,0,-1,delphi_3e18_39bucket:5f8f1118125ab64ed7032396f431fe7a879ad10627850bcd4cebb2b9c12c9c22,1.035900496078383,0.0026177357052509205
weibull_softplus_unscaled,uncheatable,external_development,0,-1,delphi_3e18_39bucket:5fa5cf047ffb05b34ab17af47ca76b8ed3cf45d172b6ee69c5619c55231222bc,1.0330794345182208,0.002914100939806372
weibull_softplus_unscaled,uncheatable,external_development,0,-1,delphi_3e18_39bucket:5fb6419e901016333ce5c075f123385864a29743541a4465e59b81d1d53f1921,0.9673915573348464,0.006520452272661842
weibull_softplus_unscaled,uncheatable,external_development,0,-1,delphi_3e18_39bucket:6233cb472d97f01738aec435e826103682ccfd8390ef3bf6783341c9818b9043,1.0000241589510575,0.003553910557076837
weibull_softplus_unscaled,uncheatable,external_development,0,-1,delphi_3e18_39bucket:635528e5e2a0e881124caf31eb8cf68a81b7afe38b50630e57e736edbdd31013,0.9854033856480381,0.0027601682206786137
weibull_softplus_unscaled,uncheatable,external_development,0,-1,delphi_3e18_39bucket:643213b3d69a274b198c42fc5df8e2e33accfef69d26786274a4e3f0d3ff1eba,0.9683834914103654,0.0021357173377148744
weibull_softplus_unscaled,uncheatable,external_development,0,-1,delphi_3e18_39bucket:64f4ce182df0f4dc266d00d5177554ae26d369be6d6fdc42e4020ce4c159e038,1.011005935364884,0.005645169371047666
weibull_softplus_unscaled,uncheatable,external_development,0,-1,delphi_3e18_39bucket:657cba1c0ea3a729af39bff18b4377567929bd7f9ece5bd5dd9fe573efdf1846,1.0565914924761413,0.0024551502372631554
weibull_softplus_unscaled,uncheatable,external_development,0,-1,delphi_3e18_39bucket:65ccd2db176dadefe0a7cf70618e1e83b58fd25b8cdb66dafce02ef9cc006744,1.0366462489062744,0.0029572210452946906
weibull_softplus_unscaled,uncheatable,external_development,0,-1,delphi_3e18_39bucket:65d781957ad30514765e476d9aef03613f438cb06683bdb6e47eeadeb5f9a3d0,1.0352407036641436,0.0027241869782311835
weibull_softplus_unscaled,uncheatable,external_development,0,-1,delphi_3e18_39bucket:661739490c9b84b6c95c10cd02b37a24bbca1d52fa7a8b7e180f2963642f363a,1.0383251967381133,0.002901140261831217
weibull_softplus_unscaled,uncheatable,external_development,0,-1,delphi_3e18_39bucket:665264aa06d922541d30ea5dffa5ab727ff9eecc9ba769dc6409f816a5ea281e,1.0322702834921365,0.0029839659370504454
weibull_softplus_unscaled,uncheatable,external_development,0,-1,delphi_3e18_39bucket:6683ff87838073a568adf59ff7c6498c94372836209739b03bbd5d504c540273,1.0365114996846567,0.002928447557928871
weibull_softplus_unscaled,uncheatable,external_development,0,-1,delphi_3e18_39bucket:67219c03d0898c3bde8548203483153b8dab3ed4fff577a865554213c097934e,0.9975267368740295,0.004852358255176886
weibull_softplus_unscaled,uncheatable,external_development,0,-1,delphi_3e18_39bucket:67c596ca345b4ee037b293caa94b2bf053cca70944eb5962eb9081967b56c5a1,1.0579578756584618,0.004474752650513509
weibull_softplus_unscaled,uncheatable,external_development,0,-1,delphi_3e18_39bucket:6804300e425006b08f97520a7f6c9bba13378a0b6b02edcbfec5611e5ca0c44d,0.9819580514412647,0.002334089264658264
weibull_softplus_unscaled,uncheatable,external_development,0,-1,delphi_3e18_39bucket:68195b7435e250fecfae0a4a43494aec7a31a5058003835e9123c0d9e17c5779,1.0361711719592104,0.0028213533367626217
weibull_softplus_unscaled,uncheatable,external_development,0,-1,delphi_3e18_39bucket:685f65df9a5d97bc32080e3b868a666285be0939d78e0a811d378657ee757244,0.9677001327059792,0.004140286045068437
weibull_softplus_unscaled,uncheatable,external_development,0,-1,delphi_3e18_39bucket:6a6a57cc90489b1821b2d65721b9c2e1d907405a1cb08fb12b0a637f75a245c7,1.0554388119172873,0.003583261067653994
weibull_softplus_unscaled,uncheatable,external_development,0,-1,delphi_3e18_39bucket:6b35fe0f0f1836e028d532783d26a896a624c7a1b735b664c912826d6046ade7,1.0364376583532076,0.0027760236391911326
weibull_softplus_unscaled,uncheatable,external_development,0,-1,delphi_3e18_39bucket:6be8998407711e41d66a8387ce4264ca2d324918221eafcce587dcead56348cf,0.980830843584179,0.0033485130359629856
weibull_softplus_unscaled,uncheatable,external_development,0,-1,delphi_3e18_39bucket:6c651e55ddca05236b7de3e3673e1b135e1bafa15edb691f8d6ccfe12505a49c,0.9976554201805521,0.0008989721413889312
weibull_softplus_unscaled,uncheatable,external_development,0,-1,delphi_3e18_39bucket:6eff5c2c6d0c6033485ec4cb97a6edae6de89063ea34c89f669ff4e4e0629eea,1.0445110708767182,0.0033342081238005375
weibull_softplus_unscaled,uncheatable,external_development,0,-1,delphi_3e18_39bucket:6f2ceecb1630469201c7035fa1c46b5e3575989940074cd8c176f47a5250cda2,1.042595497203098,0.0030572513550150625
weibull_softplus_unscaled,uncheatable,external_development,0,-1,delphi_3e18_39bucket:6f5f12ad402436790f3d03055f3eb56f3931fe179faa1d08d6bfed2b23726d8d,0.9950559179265829,0.012126770484831928
weibull_softplus_unscaled,uncheatable,external_development,0,-1,delphi_3e18_39bucket:7085b12019ff35a054c005d424eb8596134e288c7ecaa2596bb4b5711eb66326,0.9984760226410498,0.005686986664523504
weibull_softplus_unscaled,uncheatable,external_development,0,-1,delphi_3e18_39bucket:7132c13eee4b70ca34a33f9a9ae7366f1bfa0fced8aaf9fa0323bc319b97506a,1.0419970153236982,0.002836044971829683
weibull_softplus_unscaled,uncheatable,external_development,0,-1,delphi_3e18_39bucket:71eb42d48f6b6a336390c690ce1e47364dfe485e2a4f06e168075c88b0def0a9,1.0861421436845755,0.004553241093487288
weibull_softplus_unscaled,uncheatable,external_development,0,-1,delphi_3e18_39bucket:73b73bcfae2235917fe2f1124d67bf7e8f4de12dc6dcc34da1357fa35965dccd,1.038467165016006,0.002633667522890577
weibull_softplus_unscaled,uncheatable,external_development,0,-1,delphi_3e18_39bucket:73e4938531467186d1056d6cf58b170c580574db409beae1e74fb1f8405d458a,1.0369045823777692,0.0027864737588810563
weibull_softplus_unscaled,uncheatable,external_development,0,-1,delphi_3e18_39bucket:742dd349c1fbc18af63f516a37aaff216490071ad5e744e3cf744b4b49367d40,1.0489698520304156,0.003645809383734558
weibull_softplus_unscaled,uncheatable,external_development,0,-1,delphi_3e18_39bucket:74bdb4e6f472459381f30133f60e19e24a54f6c7d8a9fc845b5471d668934b4d,1.0169278655644796,0.006718703370521672
weibull_softplus_unscaled,uncheatable,external_development,0,-1,delphi_3e18_39bucket:779582b98316a575f87b769bfc22d3510587f0f16a442ad2616825ec6f00f94d,1.0371546349259042,0.002879355764295845
weibull_softplus_unscaled,uncheatable,external_development,0,-1,delphi_3e18_39bucket:789182d5189317aa9b8640cc1bce52e2c170dc32657677d3a4108620bcbb7f05,1.0412693066668148,0.0030983970059901863
weibull_softplus_unscaled,uncheatable,external_development,0,-1,delphi_3e18_39bucket:78b2e8346a4519dfef462b8376a77bc4e1d601f8933e6641020cf0eb7e48efc0,1.0221463315632375,0.0023952685464097663
weibull_softplus_unscaled,uncheatable,external_development,0,-1,delphi_3e18_39bucket:79342538155564afca7e514f857df1aab57ae43c2a727fc37d051d30c6d25bbd,1.0723739124978642,0.0037388281484072496
weibull_softplus_unscaled,uncheatable,external_development,0,-1,delphi_3e18_39bucket:79b7dc536837224e4eff768fb8683996c85a942a48afb91148b576ea01130da8,1.0358174475448196,0.0024279974770339764
weibull_softplus_unscaled,uncheatable,external_development,0,-1,delphi_3e18_39bucket:79faa6a5b2de9e64c364af44aaa762e31a637c87c7c6d57002f957ef71cbeb84,0.9773842266026517,0.0031176176714435926
weibull_softplus_unscaled,uncheatable,external_development,0,-1,delphi_3e18_39bucket:7a8a1571857b7cc2f62797b819c02b7601a261a232ede9b2b2a40a8e02631529,1.0376166504204196,0.0034037069693472048
weibull_softplus_unscaled,uncheatable,external_development,0,-1,delphi_3e18_39bucket:7ab74cb0c3631183b76fefb3117496ce670fa45cf520e299bb7f3bce074e8658,1.084954588678484,0.006713211295907859
weibull_softplus_unscaled,uncheatable,external_development,0,-1,delphi_3e18_39bucket:7c9cf8d99e2a20bfcf7060b220169c9ae7c13a5c2cfaa96022cc97b063759fec,0.9997309871256115,0.0006042597800512391
weibull_softplus_unscaled,uncheatable,external_development,0,-1,delphi_3e18_39bucket:7d6e5bdf2421a78af620ea6ac7975078e405a629c7642ced529ef76b1f6bba54,1.0303818963126816,0.010515400573768626
weibull_softplus_unscaled,uncheatable,external_development,0,-1,delphi_3e18_39bucket:7e50a540822cd1f63f18761885d1cd012c7c060ebeb687febf7e9be0ca69e06f,1.0419088071192184,0.0029093747000492
weibull_softplus_unscaled,uncheatable,external_development,0,-1,delphi_3e18_39bucket:7e55a3661a634ab042b0d907f35856d18f479e608ad474942aa5a6ecf7f9f033,0.9799659332076283,0.0019370849005379484
weibull_softplus_unscaled,uncheatable,external_development,0,-1,delphi_3e18_39bucket:7ea661be2a7587559cb8925e1eb21820cb040c4cd7a883b0f24803c308d3fb41,0.9773167923981544,0.0032793650678745404
weibull_softplus_unscaled,uncheatable,external_development,0,-1,delphi_3e18_39bucket:7ed367f16179f0147cfe76808f461bb876363b57665b8e5485529577f7dd5210,0.9757928381288857,0.0015258972883729195
weibull_softplus_unscaled,uncheatable,external_development,0,-1,delphi_3e18_39bucket:80b7399fe369d7309377bca271430df48654b77c59f6f9809f09f49a62c14c95,0.9749678623689704,0.006489968500333366
weibull_softplus_unscaled,uncheatable,external_development,0,-1,delphi_3e18_39bucket:80c15a27d3c6defe26f889f7936ebab693f93a38ab4040725e65f243f2688f9e,1.06949471330825,0.003921896888374986
weibull_softplus_unscaled,uncheatable,external_development,0,-1,delphi_3e18_39bucket:80cd1b3538923f0a877e5c9e8a78b526e337a71951c52c3ed2fabe91e7daeb69,0.9809289277160056,0.004819189636898363
weibull_softplus_unscaled,uncheatable,external_development,0,-1,delphi_3e18_39bucket:80ef0b613e000a82657443770642af353463be1258804e7d9a261d13e6d4476b,1.0420332857070822,0.010582509962961194
weibull_softplus_unscaled,uncheatable,external_development,0,-1,delphi_3e18_39bucket:81329096cd24fadc9f75ffda9d87c90de1dd4f27e19160c1a0ab25986bc2213e,0.9805574295666173,0.0032316749432537767
weibull_softplus_unscaled,uncheatable,external_development,0,-1,delphi_3e18_39bucket:81cb45a36b39811750d0ff0f4375bddfcf30514d23437ee76f5f2fb9aeef22de,0.9697205815015707,0.002256366370570667
weibull_softplus_unscaled,uncheatable,external_development,0,-1,delphi_3e18_39bucket:83255fbba7f49b8b85c42635b9dfbb84761b39c2df55f527fecbf415d75bdb19,0.9514248351131772,0.005522794583384831
weibull_softplus_unscaled,uncheatable,external_development,0,-1,delphi_3e18_39bucket:834ca3cc6431aa04fe7c1039a47a2b6cb51197eca105e28b5fdd395b13a59c18,1.0350432310854298,0.002760756086566067
weibull_softplus_unscaled,uncheatable,external_development,0,-1,delphi_3e18_39bucket:848ee17fdc86ef605e6b967b8be1b2327ef85ba9fcd80de8caf8ec6cb2bfae35,1.0441219374314739,0.0030631268769929156
weibull_softplus_unscaled,uncheatable,external_development,0,-1,delphi_3e18_39bucket:851897897f6a702a132a53ae8f04f9f597629831dfbe696325a3cb4810870279,1.0391545309563375,0.0029003126596927327
weibull_softplus_unscaled,uncheatable,external_development,0,-1,delphi_3e18_39bucket:85cf736312d9c54d30d33e799831eace88d4de508ed9795dc06bd89296394ffd,0.99165889047454,0.00411772724725317
weibull_softplus_unscaled,uncheatable,external_development,0,-1,delphi_3e18_39bucket:86420d557a137f4d0cf021827bb1dfd00123496c140b53f73d1886b1fcfec8be,1.0377025425196118,0.0027876768550340898
weibull_softplus_unscaled,uncheatable,external_development,0,-1,delphi_3e18_39bucket:869e1d284e219525aaf5d7d275906629688a62da31308f8af724cf8e4e5d9f87,0.9792524436324268,0.003427932425104037
weibull_softplus_unscaled,uncheatable,external_development,0,-1,delphi_3e18_39bucket:87080ec1cfff7cc2b32c2fdc42c41a6796e01bcbfb8616fe6e2dde53b69a4109,1.08041757974711,0.0050345216955148915
weibull_softplus_unscaled,uncheatable,external_development,0,-1,delphi_3e18_39bucket:8742e8c2e0296f55b1c137dd55f16cb74ac4383a6910e9d287ebe64de86fef97,0.9790221634875089,0.0034682463258857974
weibull_softplus_unscaled,uncheatable,external_development,0,-1,delphi_3e18_39bucket:8764bd229418c70dbbe599973cafc92f4d5c6b32008b9660f4dc1c2b9ea05ee6,0.9617892834089854,0.0022312468217745743
weibull_softplus_unscaled,uncheatable,external_development,0,-1,delphi_3e18_39bucket:87837653d9cdc600c37c55a28dbdbbafffdc6e81c912de2423ff4dd6118f5f0a,1.034993767956053,0.0027360552724568204
weibull_softplus_unscaled,uncheatable,external_development,0,-1,delphi_3e18_39bucket:8784616bf6a6f4416513634feed4c1d09697d7626e853b9132f5d5b1a5ec5286,1.0377500861146793,0.0027115815138143576
weibull_softplus_unscaled,uncheatable,external_development,0,-1,delphi_3e18_39bucket:87be168549724da95ae6d032411d12303a0ae7fc9c2ecc38ead4f252668fcd3d,1.0457263593904487,0.0031286017693650118
weibull_softplus_unscaled,uncheatable,external_development,0,-1,delphi_3e18_39bucket:886ef9a3b6898b33d1cbfe224fde8ae46669dd21b00953a088e52e85aea29e34,1.0578576564244644,0.004148213977295645
weibull_softplus_unscaled,uncheatable,external_development,0,-1,delphi_3e18_39bucket:888cfaf89d4295f594e70e228c529e053cfd95543a8db5dfe5873174591305d6,0.9711593125667681,0.002304422788933535
weibull_softplus_unscaled,uncheatable,external_development,0,-1,delphi_3e18_39bucket:88da80acdbb077326baf06c1ee5ed44df4ccf2d1c95d0225144a1ef721799941,1.0361252360436444,0.0027319977567265195
weibull_softplus_unscaled,uncheatable,external_development,0,-1,delphi_3e18_39bucket:8910b0578fdda4c18bd7e50f1db6f6ae52d07ac262aa4cb6226715890111fba5,1.0376627268155738,0.0022811766309586445
weibull_softplus_unscaled,uncheatable,external_development,0,-1,delphi_3e18_39bucket:8a5e02daa1e8fdf2a742a34c43f9a70bb723cb9f61bc5fcfe9694679bdaca30e,1.036099127135854,0.002790382197058232
weibull_softplus_unscaled,uncheatable,external_development,0,-1,delphi_3e18_39bucket:8b6fc2228a641c15336b0a2f6243168c75a92ef85a25feac87bdbcb80fa0ce3e,0.9503644138801729,0.0059207753696794325
weibull_softplus_unscaled,uncheatable,external_development,0,-1,delphi_3e18_39bucket:8baefda61a7b076070dd2fdfae9c2833cb8c470bc0be085535e8c1a510789ee8,1.0491801063765605,0.002287183066989268
weibull_softplus_unscaled,uncheatable,external_development,0,-1,delphi_3e18_39bucket:8bb9f580b38a5691e7f2030d568ef8db3f7430366b33433322edc9652cacd6f5,1.0402443914812882,0.0032402704991866572
weibull_softplus_unscaled,uncheatable,external_development,0,-1,delphi_3e18_39bucket:8bbe93b0af46157c7aaa17bf2587b4a436032d818670734d30f256fccaef3ed1,1.030970217915778,0.0025378483428951785
weibull_softplus_unscaled,uncheatable,external_development,0,-1,delphi_3e18_39bucket:8bd59c49ec1cdc852b27915a9a7ac596f0f8a73500f6591ee9c6557d34bd8c27,1.035598941325635,0.0027935793279854518
weibull_softplus_unscaled,uncheatable,external_development,0,-1,delphi_3e18_39bucket:8c377f234db2429719cde7dad4993aee8d5ba1a1b9fc4bb1edecd7ce3c71c7ba,1.040524703311718,0.002802222908939766
weibull_softplus_unscaled,uncheatable,external_development,0,-1,delphi_3e18_39bucket:8d8d29d13a22ae384d9c1d2602fbdc405a2944615cac1839a8fed0a4f1cf92cd,1.0182919685274925,0.0052002797924786655
weibull_softplus_unscaled,uncheatable,external_development,0,-1,delphi_3e18_39bucket:8e07c6e265071fba3115ceab986006dd4518361d77cde815c233b3b70a3ffdc0,1.0350538941020182,0.0027942002711176693
weibull_softplus_unscaled,uncheatable,external_development,0,-1,delphi_3e18_39bucket:8ed5f5516a187a4a2554d9c9c8146015a7f00b116e579433a44c39a9c8006f31,0.9769517036408308,0.011629042025340668
weibull_softplus_unscaled,uncheatable,external_development,0,-1,delphi_3e18_39bucket:8ef412ceada2d7ce755116002b185f9a484e1bd67269fffa0bb96a36e49f1b57,0.9859743713192295,0.0017729300685314078
weibull_softplus_unscaled,uncheatable,external_development,0,-1,delphi_3e18_39bucket:8f9d336e61271fad2de609d91cff46986aa0a18d154f1bb47311d58529798e70,0.973134516607661,0.001972356326555025
weibull_softplus_unscaled,uncheatable,external_development,0,-1,delphi_3e18_39bucket:8fd1ba3a337f5601be326ee3fa5f02778374cd45763940f906a747ef581271a2,0.9989474448352285,0.0031387792976866214
weibull_softplus_unscaled,uncheatable,external_development,0,-1,delphi_3e18_39bucket:90dba2fc8d83436f4853eb165d137a40b833acc83db632ba583aa912e43b733d,0.9686634482662222,0.0021226739374575533
weibull_softplus_unscaled,uncheatable,external_development,0,-1,delphi_3e18_39bucket:90f52ac0608eb5e98056e42a1f2c4baf179f331a5a38fab70ead512319850a58,0.9768814998223223,0.006429330081262772
weibull_softplus_unscaled,uncheatable,external_development,0,-1,delphi_3e18_39bucket:915788dcc658ef8459d4fe90196613e360eb9a4655570e26ccf506b5a28854fa,0.9782642261492218,0.00096397277158171
weibull_softplus_unscaled,uncheatable,external_development,0,-1,delphi_3e18_39bucket:91ab6eb5ae7849b9e87fba2106c491587834053d24b5391eedf4835d5a9ceefb,1.0388023374900208,0.002830524279508991
weibull_softplus_unscaled,uncheatable,external_development,0,-1,delphi_3e18_39bucket:937f2ad80bf81c490b47d4ffa2a834687d935ca5b8d1aac556126ed037de7674,1.0315440267792966,0.007735270934390254
weibull_softplus_unscaled,uncheatable,external_development,0,-1,delphi_3e18_39bucket:9402f0aef28710392a371f6c2d00b98a0838d825536798d42069e950307c4c99,0.951106185498938,0.005916405671502855
weibull_softplus_unscaled,uncheatable,external_development,0,-1,delphi_3e18_39bucket:970c37b900cddf2525317a138fb131ccad6daea8791d001f37f7afb455709750,1.0276493904963977,0.002380574216915343
weibull_softplus_unscaled,uncheatable,external_development,0,-1,delphi_3e18_39bucket:97a9a5ebb9cef7528b5a1da0e741881159e16d17debe1bae0a412102ad3ef173,0.9538474554415537,0.0029599893681739936
weibull_softplus_unscaled,uncheatable,external_development,0,-1,delphi_3e18_39bucket:99a1fe189ce40a2f048415cf2c9d05a5d0869a5118c2c936a4376cb325c23e68,0.9750686421135961,0.0062352667815535065
weibull_softplus_unscaled,uncheatable,external_development,0,-1,delphi_3e18_39bucket:9a343b0b93b0bad4f87152437bb40a403f7be5b9f572cfae5e7703e50bc7093a,1.0870920396023518,0.007339284997068754
weibull_softplus_unscaled,uncheatable,external_development,0,-1,delphi_3e18_39bucket:9a66aeb4da20d6cb985f60b618c35fa92cb849c3995c7701c5b8b9785a935f95,1.0379374163279937,0.0028013035720167727
weibull_softplus_unscaled,uncheatable,external_development,0,-1,delphi_3e18_39bucket:9b478f9223e98b33f203281ad106af33651a711905e81c6425afe46d362783dd,0.9730580464164331,0.004215872207336906
weibull_softplus_unscaled,uncheatable,external_development,0,-1,delphi_3e18_39bucket:9b5151b872ae7af3e6ea7b0848ca27f2df40cf9db2959053862a77d7bb2ce64a,1.0372751080712956,0.0027942116756192875
weibull_softplus_unscaled,uncheatable,external_development,0,-1,delphi_3e18_39bucket:9c6db70647e13c5852166d57e3fc232c7b5e9b140a9ad0d9b86579435f1b927e,1.0377775589112823,0.0027848820166482616
weibull_softplus_unscaled,uncheatable,external_development,0,-1,delphi_3e18_39bucket:9cb37ee04e914fba68e7aa6ea382c6a5dcc2b405ec78b251b537abc8f70b15f2,1.113381681967879,0.00823963865875094
weibull_softplus_unscaled,uncheatable,external_development,0,-1,delphi_3e18_39bucket:9d67ecf7ca42caa8c17072acc340447c75d621fa7f6328d104f5c9aaeb7ec6e0,0.9868974308831532,0.002874924354579471
weibull_softplus_unscaled,uncheatable,external_development,0,-1,delphi_3e18_39bucket:9dd4959b60a619086be7a961944fc3ecdd885a9e689014e9469cefc96b05d519,1.0445581080740522,0.002989840604786873
weibull_softplus_unscaled,uncheatable,external_development,0,-1,delphi_3e18_39bucket:9e9c69194eb0212d58b2cd82c37cfb3cd0425cc53145c90e62e8fdaa0146b72c,1.0627578491384417,0.003530682829982398
weibull_softplus_unscaled,uncheatable,external_development,0,-1,delphi_3e18_39bucket:a06702de740002664665137e4b38e0b8da850b54fa2b60043b07648bc7865e0d,1.0386909069414143,0.0029585712162551433
weibull_softplus_unscaled,uncheatable,external_development,0,-1,delphi_3e18_39bucket:a0bbc1f698c1a18d7f21e9791cce50f2a1d00723e1a937c8b85e7b03774f3749,1.0369584289234608,0.0027611255275869695
weibull_softplus_unscaled,uncheatable,external_development,0,-1,delphi_3e18_39bucket:a112249e06f01c4b89fb7ab08cab57efeda282d92742f4cc252467705cf190b3,0.9692601185927652,0.002802974668722096
weibull_softplus_unscaled,uncheatable,external_development,0,-1,delphi_3e18_39bucket:a1a917b1981fc2cad2c2759dccf963b51fb941fd9816c49087f7b119545d4161,0.9757250791436018,0.0020271239813799123
weibull_softplus_unscaled,uncheatable,external_development,0,-1,delphi_3e18_39bucket:a1f87c7627ab9c948d93247605933c7e9d12b8ea41ba1996c0c22c23f0c60e1e,1.038143084031773,0.0028867374477797624
weibull_softplus_unscaled,uncheatable,external_development,0,-1,delphi_3e18_39bucket:a25dabb3c98aa39ea49c61f7537a84bdce96e8f918213f095826eb4df2bfcd91,1.0361551607594026,0.0027748263248459012
weibull_softplus_unscaled,uncheatable,external_development,0,-1,delphi_3e18_39bucket:a2e9ef04947000c42a5fce44f079afd6c9a82405871f0ae796e3a23c09bdcd60,1.0758456256319966,0.010111812681828532
weibull_softplus_unscaled,uncheatable,external_development,0,-1,delphi_3e18_39bucket:a315b6115cd413de8d5e39509e9b2bcb130fb31b515f2b998f7a274d483f99de,1.0365367389695943,0.002927125672431155
weibull_softplus_unscaled,uncheatable,external_development,0,-1,delphi_3e18_39bucket:a33494886bea818345f1c4e736142dd31e9b8963c77dda49d14b97936f38ad95,1.024551193703806,0.007003390210056468
weibull_softplus_unscaled,uncheatable,external_development,0,-1,delphi_3e18_39bucket:a446352f8ea28f09e4c49fbb12b233c435b553f9d70c492c7073b7bf49c30026,0.9810438326779479,0.001784315399095919
weibull_softplus_unscaled,uncheatable,external_development,0,-1,delphi_3e18_39bucket:a4464fbeb7558934945cefd27711b340531f10f3393f5ab055b29227f11a2f02,1.0349006832355891,0.0028287459676014223
weibull_softplus_unscaled,uncheatable,external_development,0,-1,delphi_3e18_39bucket:a49233d8ca277189ab0cffa6075e2cba9b34d183388b505c02e9a17d70d7b1a8,1.0267569031500448,0.002410608169845791
weibull_softplus_unscaled,uncheatable,external_development,0,-1,delphi_3e18_39bucket:a570734958ce849cebca1348408f996861bd51f2f76876b6595f3aa361d871f5,0.9654661457263963,0.009951544596281692
weibull_softplus_unscaled,uncheatable,external_development,0,-1,delphi_3e18_39bucket:a64059ebf6ac3d0875b9f311b2e3e574ff090986e2a18e0768c17721dee9a572,1.0449896308224789,0.0033953620805191663
weibull_softplus_unscaled,uncheatable,external_development,0,-1,delphi_3e18_39bucket:a65d5c88e37d14e7e1c7bc24772a174122d7735d5bb9401952c2c43a9e52bcb0,1.0378443556242503,0.0027909432824860473
weibull_softplus_unscaled,uncheatable,external_development,0,-1,delphi_3e18_39bucket:a6f8ee66180ee4f314eaefad2d4a4d32b2dca4cca30189c172ec69c8e429a20f,0.9840074472252538,0.00418006479022784
weibull_softplus_unscaled,uncheatable,external_development,0,-1,delphi_3e18_39bucket:a8c855f7247f4bb844661b84227e13a55c58f2bdeda554bdaadb6541e5fd19bc,1.0384592828141508,0.0029030402564605958
weibull_softplus_unscaled,uncheatable,external_development,0,-1,delphi_3e18_39bucket:a9443e4734c22f757147884341c62ae38299464729f87ed9ebc619cf23b893a1,1.0360654141639967,0.0026773226479497314
weibull_softplus_unscaled,uncheatable,external_development,0,-1,delphi_3e18_39bucket:a96abbfe9e29b29f06fdb9be2935742296725f23def7ac46e67be6129f5ca741,1.0611307020980152,0.004643095934758732
weibull_softplus_unscaled,uncheatable,external_development,0,-1,delphi_3e18_39bucket:a98036a6d9c1a1c7fb42982be7cae6f1e1d167bb4c7f7e78ebb546027f1e558f,1.045241813075567,0.0037554333577899885
weibull_softplus_unscaled,uncheatable,external_development,0,-1,delphi_3e18_39bucket:a9fad6c5f1a36df4b0cd5664cd0bb595654bf66783a68cba6267d2877016bdfc,0.9900164076596106,0.00932084805143855
weibull_softplus_unscaled,uncheatable,external_development,0,-1,delphi_3e18_39bucket:aaabe532cd33109c14120ccd2d5f0e2d56bd18382aaad7be18cdb28330125142,0.9763690375487653,0.008096476749249359
weibull_softplus_unscaled,uncheatable,external_development,0,-1,delphi_3e18_39bucket:abbb4c8d6968fb6ed79c1966d74bed13487aa096585bb6b17f377885c682253b,1.1026305728984978,0.009249313914270965
weibull_softplus_unscaled,uncheatable,external_development,0,-1,delphi_3e18_39bucket:acf47cd01afab11ff0fcb7160374abce76a2944fe7a7540d228c251e9321640d,0.966740706078289,0.0018170080674018612
weibull_softplus_unscaled,uncheatable,external_development,0,-1,delphi_3e18_39bucket:ad6cc7dabe4a5d5d4ba13920311e4ef81127a10801519d719266222379ae77b0,0.9935496578034959,0.0017116098771680192
weibull_softplus_unscaled,uncheatable,external_development,0,-1,delphi_3e18_39bucket:ae0dded03badca9af71c45d67446f487f2de6f1c7152b6c1a2d3ecada8a9d714,1.0352760043613216,0.002754953776997662
weibull_softplus_unscaled,uncheatable,external_development,0,-1,delphi_3e18_39bucket:aeda5764b036cc36a476e458c4e1694138347c0c0a1c32ba56e16b7ce7f3a535,1.0607755833852341,0.003547518368638918
weibull_softplus_unscaled,uncheatable,external_development,0,-1,delphi_3e18_39bucket:af23052e9bb0568d854252c7e9d912d01127effa106d2a440fdce6cbb8742532,0.9720004813466946,0.0035857737884566155
weibull_softplus_unscaled,uncheatable,external_development,0,-1,delphi_3e18_39bucket:afa7f9d2a6f67b5b722977318dc8a6e962bfa28bfccde83b219c44fa7eb9c05c,1.0371649544964892,0.0026676216034522025
weibull_softplus_unscaled,uncheatable,external_development,0,-1,delphi_3e18_39bucket:b0cb7fc00e70c87e1210c38349ab8e80c514b61f5bf14e6e4d3a1e054d88183c,0.9719097082250419,0.0034416105500205594
weibull_softplus_unscaled,uncheatable,external_development,0,-1,delphi_3e18_39bucket:b1168e54ae7e32586bd89eeaf38a318cd349cbd8750efb93612a79f756b5f1f7,1.0381164186846745,0.0028138832156193753
weibull_softplus_unscaled,uncheatable,external_development,0,-1,delphi_3e18_39bucket:b24484975c0fdb42bc7d421c371e91d35f685b6538fffc7050e857d97e5348ff,0.989862809531604,0.0032120588297151476
weibull_softplus_unscaled,uncheatable,external_development,0,-1,delphi_3e18_39bucket:b284b63dfdbaa4d3a41a6cf73e5e7366a85962b9ae5dd51f141c10c51a17444f,1.0413504474013995,0.0020907133701293726
weibull_softplus_unscaled,uncheatable,external_development,0,-1,delphi_3e18_39bucket:b2e9ddb8f35e322ed0b092df87cdc78e620b2de7818b2a7c9891ff0e9a2b2203,0.9558119462857944,0.00637424910207718
weibull_softplus_unscaled,uncheatable,external_development,0,-1,delphi_3e18_39bucket:b3c3cd22e3dae4f77235a1bb86fcf08ae715bc018b78109510794e1bfbbec0d2,0.9970489752329172,0.004193273402363709
weibull_softplus_unscaled,uncheatable,external_development,0,-1,delphi_3e18_39bucket:b4019bdf109781eac2e9182593f4f84c5c51635d447918682e7ed12d25efdf1b,1.0359385723157106,0.002826664808167176
weibull_softplus_unscaled,uncheatable,external_development,0,-1,delphi_3e18_39bucket:b49abfda63831b53ca2aab365cc35c3e6cd1bc8420b1e0028f54bd7f8961b11f,1.0354276449835917,0.0025188895113828222
weibull_softplus_unscaled,uncheatable,external_development,0,-1,delphi_3e18_39bucket:b4db7f9f5c435c1903537d5c944758a1e93d54c6a0fa3ddd19122f4e7b7298a0,0.9736361710187522,0.0024381006722410613
weibull_softplus_unscaled,uncheatable,external_development,0,-1,delphi_3e18_39bucket:b5ee1f40e4fe0358ac680a969cd93dfe1b00c483ee3b2d4ff4bc73bd6424437b,1.0911454668564824,0.010735353961404705
weibull_softplus_unscaled,uncheatable,external_development,0,-1,delphi_3e18_39bucket:b6430b97f099d96863ae8ad7779c1bddc164c591ab12cc5ea266142e19a7cdfd,1.0362093981249068,0.002799642345674784
weibull_softplus_unscaled,uncheatable,external_development,0,-1,delphi_3e18_39bucket:b6667136b81fbf1c226a8cff4ee0a7b9650067bfa77ddd0dae276509b612ea9d,1.0340183991743173,0.0026823499509535257
weibull_softplus_unscaled,uncheatable,external_development,0,-1,delphi_3e18_39bucket:b785f71525744bfa0a8934b482dd570356bebd37292a9b70af0b1a2cf45d9e69,0.9604219422936693,0.005710005160466043
weibull_softplus_unscaled,uncheatable,external_development,0,-1,delphi_3e18_39bucket:b8bf59231f485a24fb35df8862c073595e1cb0cd30c999520e88797d047bfeda,1.0363812955654668,0.0027482405921446912
weibull_softplus_unscaled,uncheatable,external_development,0,-1,delphi_3e18_39bucket:b8c7bfd7161a0da8577d236f09c0ed25722a71943281d19f8b06065999e36ffd,1.0407865881057612,0.0029475420866378076
weibull_softplus_unscaled,uncheatable,external_development,0,-1,delphi_3e18_39bucket:bab1f73b1a1be66a924b70bb0fdb3a032f1ca3a1e246edb80c0f38d75143aed8,1.036534232358036,0.0027416150996797395
weibull_softplus_unscaled,uncheatable,external_development,0,-1,delphi_3e18_39bucket:bb05f6aa43742ac092f7a6e36533b05e86a566f5ab7b747c98cf9c510521f22c,1.0585004018648316,0.00879640466746162
weibull_softplus_unscaled,uncheatable,external_development,0,-1,delphi_3e18_39bucket:bc889b21107abd278efdaad769b5ab10949627f1ec05986ab2cab83a6d126c08,0.9842536618818805,0.010294511753255648
weibull_softplus_unscaled,uncheatable,external_development,0,-1,delphi_3e18_39bucket:bd84fea18d97e337ca86db382439fe7990518cd6d78bfa8837b2e317c2bcd4ae,1.035147104406637,0.0027385931441618
weibull_softplus_unscaled,uncheatable,external_development,0,-1,delphi_3e18_39bucket:bf919587f3da29d0e32d10ac8a4e6f6c80f5a696953a34e5d9856c2fce2ce46b,1.036150560022488,0.0028093290966687574
weibull_softplus_unscaled,uncheatable,external_development,0,-1,delphi_3e18_39bucket:bfaa7baec03312fbaf797f310dcd3f2449da03d92fbbfc7d39721ffba14fafde,1.039330903147373,0.0028886067130916853
weibull_softplus_unscaled,uncheatable,external_development,0,-1,delphi_3e18_39bucket:c00c0d5d9f7b8d4f9d4a1f2f6845f4dd0f7effdd60e8da9e988daf574adff818,1.0697390647310767,0.015637497595354887
weibull_softplus_unscaled,uncheatable,external_development,0,-1,delphi_3e18_39bucket:c054206f3c5615aa9b65c1b4c95b0fadd81c68829800edd74567f03e9a7344c7,1.0675888450272026,0.004411689773204052
weibull_softplus_unscaled,uncheatable,external_development,0,-1,delphi_3e18_39bucket:c05a1f0d7a09bbace45fa324f3b36f15945893a87c2ef8e65fd0ec3dc505ca12,1.0351438885039417,0.002792619047359585
weibull_softplus_unscaled,uncheatable,external_development,0,-1,delphi_3e18_39bucket:c08749305f6303b7d46f8c9478053948d5c036a6450977e8de388609b95a2443,1.0353914784844773,0.002846422775517259
weibull_softplus_unscaled,uncheatable,external_development,0,-1,delphi_3e18_39bucket:c15c0a441754e3ca9b7ba442214315eb793714c1637ea6042915542863b4e52e,1.035395711449328,0.002743703392138129
weibull_softplus_unscaled,uncheatable,external_development,0,-1,delphi_3e18_39bucket:c2302ab8648345d0d2ed04a6a36d63bacb517001b059421011708c9eeb062a9b,1.1003909132153584,0.006629209242182388
weibull_softplus_unscaled,uncheatable,external_development,0,-1,delphi_3e18_39bucket:c25ebde7be5ebfe94bf12ac46a8dfb1fa5129c16c0776b56097d2c0b50badcf3,1.0402458963006902,0.0026075979554878808
weibull_softplus_unscaled,uncheatable,external_development,0,-1,delphi_3e18_39bucket:c2a96b7bef323ee258a79c3d89b1a60204189ab465b1c089c9361f2274b34cee,1.0369240499926926,0.0028288890198420106
weibull_softplus_unscaled,uncheatable,external_development,0,-1,delphi_3e18_39bucket:c404d7ca8f49357e32b5fe2d2331593e2c60a0fc7de1d05930f61c6534d6f758,0.9980480130615477,0.006268511864021207
weibull_softplus_unscaled,uncheatable,external_development,0,-1,delphi_3e18_39bucket:c4fc6809d2c27027b17ae596b8cb3ece12ace1af46d86d143cb6eeb4b1466ed4,1.0308828108625574,0.003145373739762767
weibull_softplus_unscaled,uncheatable,external_development,0,-1,delphi_3e18_39bucket:c5b98b2371c8e5cfcb49f4a4f60aff9c21930087466aee3ea9f5c9e6dedd132b,1.037745859431503,0.0027957400423375654
weibull_softplus_unscaled,uncheatable,external_development,0,-1,delphi_3e18_39bucket:c5ffa8e3d7c670e959036ab38016e0e17064fa12ac2fcba643c70b1ef25297b3,0.9896460783136536,0.0067776292117951885
weibull_softplus_unscaled,uncheatable,external_development,0,-1,delphi_3e18_39bucket:c6601f428a7e18377f34fa8ee9b58bb6a20e42c3abcadc04e7e64aef3ca82f2a,1.0374476974219011,0.0028398919216689675
weibull_softplus_unscaled,uncheatable,external_development,0,-1,delphi_3e18_39bucket:c6cbc3ebaf486eecd75d04f449fdcc92c804765f512d2bceecde5c1aaa30dd39,0.983371371178828,0.002001600185188238
weibull_softplus_unscaled,uncheatable,external_development,0,-1,delphi_3e18_39bucket:c721e392dcf2947fea2da8fcf1ef91d058c717ffb8e74e8402734e31f22578fc,1.0731336233409365,0.007936658585443549
weibull_softplus_unscaled,uncheatable,external_development,0,-1,delphi_3e18_39bucket:c87ec77627abffb947457fe5ff94cee77dd2737df36b8233de3411db0560dfd6,1.044030326609728,0.002933358943485774
weibull_softplus_unscaled,uncheatable,external_development,0,-1,delphi_3e18_39bucket:c8a7abc202e6fa1b3d7cc9e00542979084efdddd63313db5c25669da85ad2b19,0.9791808007339806,0.0027573788547323673
weibull_softplus_unscaled,uncheatable,external_development,0,-1,delphi_3e18_39bucket:c8a7b68f3dd8d7d2600dc1e56fb8af9e5dcb176edc162738d4eaff7b540cd53b,0.9948247088404464,0.004847485648056529
weibull_softplus_unscaled,uncheatable,external_development,0,-1,delphi_3e18_39bucket:ca102ba62bbf29559c65ef5d820f9064d4e3c710e012829a4c0fd18013c5f806,1.0364133429599685,0.0030138507971759435
weibull_softplus_unscaled,uncheatable,external_development,0,-1,delphi_3e18_39bucket:ca5106858b9b57cf944d35ebd150b6feca9287a4f1d0cc9d182be3e623f00fa6,0.9954833180778012,0.0052532360332102485
weibull_softplus_unscaled,uncheatable,external_development,0,-1,delphi_3e18_39bucket:ca69ddeae35c4c684203106971843457fd269090a8b5885ef26b440471941286,1.0417100991343087,0.0028639305875676323
weibull_softplus_unscaled,uncheatable,external_development,0,-1,delphi_3e18_39bucket:ca71f5d232644557d07fcacb22abf1fe46660152bebbf6ab27caf4b6998d06a8,1.0372414944161985,0.0027205866299537746
weibull_softplus_unscaled,uncheatable,external_development,0,-1,delphi_3e18_39bucket:cb32fd5b0fd8a23c495ee8d05996c1926f4be32607954211152e0db19572b8c9,0.9710685317488728,0.001703651947307255
weibull_softplus_unscaled,uncheatable,external_development,0,-1,delphi_3e18_39bucket:cb466766fe3b5296e1b15a347ff4fd4692400efc5cce4a696639c2129805162a,0.988585739409855,0.0020928627981674428
weibull_softplus_unscaled,uncheatable,external_development,0,-1,delphi_3e18_39bucket:cc2d283f3d5584275c7938fd4a0fadb9bbd9543dc9b5ae965f2d87df95c479ff,1.0020978029100633,0.0009171253051148718
weibull_softplus_unscaled,uncheatable,external_development,0,-1,delphi_3e18_39bucket:cc8d689416c08c842058dd84255bb52de8103b71eb9f8f618204a90c83157584,1.0366757806936984,0.003970026779240602
weibull_softplus_unscaled,uncheatable,external_development,0,-1,delphi_3e18_39bucket:cce19bcdfb95a772d1f465a94498e69474d7f7235d46ab401d3d0543e73f9e3b,1.0362485003099255,0.002838047725425331
weibull_softplus_unscaled,uncheatable,external_development,0,-1,delphi_3e18_39bucket:cd1cd78d6325f56e5c761e7042369262a032ce78f12fc6d47e4ebf1ce0894339,0.9922445625268668,0.00473956818732792
weibull_softplus_unscaled,uncheatable,external_development,0,-1,delphi_3e18_39bucket:cd8eec34fcd41e0cd76c6ef4d520fa83d6c6b5a1828c92c8c556ba4c806a58e7,0.9885728310462516,0.003394481517776391
weibull_softplus_unscaled,uncheatable,external_development,0,-1,delphi_3e18_39bucket:d0464cb13d27d2a18ba98c8b83432b1ae53015c4d57e01bf932603caedbbac7d,1.0858130369578334,0.008632973070840056
weibull_softplus_unscaled,uncheatable,external_development,0,-1,delphi_3e18_39bucket:d097ba261d98ffe38b995691fc506821678d330c54b489b4d0e645e75c5e4e2e,0.9753353567712832,0.003430422215922658
weibull_softplus_unscaled,uncheatable,external_development,0,-1,delphi_3e18_39bucket:d0b59aacb13e8749a0d761af5008890d6865d701d8550e40a60ca86f2e67ccb2,0.9769969835012269,0.0031783835318859566
weibull_softplus_unscaled,uncheatable,external_development,0,-1,delphi_3e18_39bucket:d160bb3271ba96668590d3b3c7781ad51718216823831c921585a8f73ffc9cf7,1.0591761415458425,0.004411650191221114
weibull_softplus_unscaled,uncheatable,external_development,0,-1,delphi_3e18_39bucket:d1926d64591176c8020bee54efe637a248f4f8f8bf927613049d062dccff4228,1.0399022967653981,0.0028532487339062423
weibull_softplus_unscaled,uncheatable,external_development,0,-1,delphi_3e18_39bucket:d22385a3b372ad3742331c911e6df47b6459dcc8f7e6ce58cd5dfc1ca901a754,1.0389282460740814,0.002861824645750959
weibull_softplus_unscaled,uncheatable,external_development,0,-1,delphi_3e18_39bucket:d2cb05198ef956cc89df9b6aee5c76ace3aa353ea2a7316011503bff3c873c17,1.0015158913258246,0.0027770155231554437
weibull_softplus_unscaled,uncheatable,external_development,0,-1,delphi_3e18_39bucket:d2e1cc893f01a2f4943b13a6c01ee72024f580a689c62fa909560c73a65054e5,1.0372788973394291,0.00292406141798365
weibull_softplus_unscaled,uncheatable,external_development,0,-1,delphi_3e18_39bucket:d3a383c91e3c36378540e209e50999c8d005ae2b08fa6bcda7f383834b2d5dd7,1.021658294513958,0.0013381086184340708
weibull_softplus_unscaled,uncheatable,external_development,0,-1,delphi_3e18_39bucket:d3b53955f30411b3c382fe4844d1526d3c14d09844153a940230c4beceeddb73,0.9634967796095483,0.0028089340338115477
weibull_softplus_unscaled,uncheatable,external_development,0,-1,delphi_3e18_39bucket:d3bba0f2b0ea428ec64283ded20ce739bbf9f7fab261d2b9b90cfb1bc9c6c75e,0.9735042067398432,0.0068199105833085414
weibull_softplus_unscaled,uncheatable,external_development,0,-1,delphi_3e18_39bucket:d3ffb3bd8e28eedb08376603e2c85cc3e83cc89ca533199775e943278e32c509,0.9895794973702754,0.002702481655042266
weibull_softplus_unscaled,uncheatable,external_development,0,-1,delphi_3e18_39bucket:d527a2813816791f311d6f8c670a30cc1ce84f41c6b7365ae771b1f53ebf6e7e,1.0264796570973118,0.0026748117500472878
weibull_softplus_unscaled,uncheatable,external_development,0,-1,delphi_3e18_39bucket:d65c8bd6c68862d250311137ac89042ba916da88e21f9cf04f7119fc9e25a489,1.0365675141092499,0.002708383382995425
weibull_softplus_unscaled,uncheatable,external_development,0,-1,delphi_3e18_39bucket:d6c7da8dacb3efe4cbd45ee0cdd899a5a606cc57be51472b188809093554e699,1.0357121914214256,0.0028272062618111393
weibull_softplus_unscaled,uncheatable,external_development,0,-1,delphi_3e18_39bucket:d6e102b380bcd9b39d2f2c4079d81d416738002f9b25316b3da9ac88d43b5a75,1.0507532690986157,0.0032675280901878446
weibull_softplus_unscaled,uncheatable,external_development,0,-1,delphi_3e18_39bucket:d6f6db3e0cc1a598f7eb00a7cdd40d78f821a9336eb0eaafc14da93a04575fc5,1.0618620242973358,0.004727048951428409
weibull_softplus_unscaled,uncheatable,external_development,0,-1,delphi_3e18_39bucket:d82c377f5bda11f52b93db01e55fa25c844255cf016ad96b80cba7cc1e618d90,1.0465807414111818,0.002978936545085473
weibull_softplus_unscaled,uncheatable,external_development,0,-1,delphi_3e18_39bucket:d87d478ea93a73fe0faec12048b20970bdefd41aa65888c79d1d35c24ec3556f,1.0446150488431905,0.002768931356076308
weibull_softplus_unscaled,uncheatable,external_development,0,-1,delphi_3e18_39bucket:d941fe99995a0f675ffc09f1d7883ac2d032a87a00fdfc22e934c5e5ca0b3452,1.0515892535126188,0.0036149114654803025
weibull_softplus_unscaled,uncheatable,external_development,0,-1,delphi_3e18_39bucket:da68fd5e623c705387752f321a8116e319a7ae87670618ba096558effd2df550,0.9974811422598255,0.00314191596669067
weibull_softplus_unscaled,uncheatable,external_development,0,-1,delphi_3e18_39bucket:dac1e0885f0941e15f72456af8f56424e1b8630c37344b54346219c98f5c5f0b,0.9768904649504911,0.003339926047297634
weibull_softplus_unscaled,uncheatable,external_development,0,-1,delphi_3e18_39bucket:dc1f33b2668dfbb787d82df7f8e734431a829bbec2fbf8e9888d6eb582289a3d,0.9803111713949267,0.00347893732408215
weibull_softplus_unscaled,uncheatable,external_development,0,-1,delphi_3e18_39bucket:dd42df7f0cbc461aa02a49d493e5c4c2ea94713026c4e3fffdf7e482f0a766ad,1.05628663495696,0.003907814321654549
weibull_softplus_unscaled,uncheatable,external_development,0,-1,delphi_3e18_39bucket:de0e4fef934b64c948d7c068f622295aabe99cb83c95ee0ad68b73c366c57402,1.003013152597227,0.0025550183746178797
weibull_softplus_unscaled,uncheatable,external_development,0,-1,delphi_3e18_39bucket:e021fd14fbb714ef3bc7fe5df146588cfff0a72ec3ea45ae16d31eea5646ae09,1.036765665874658,0.0027975327811332953
weibull_softplus_unscaled,uncheatable,external_development,0,-1,delphi_3e18_39bucket:e0965c961694035e43a1da45a771f8e07c074674ecad18c76460f7ac0eef2137,0.9988491041905725,0.0023227431904667933
weibull_softplus_unscaled,uncheatable,external_development,0,-1,delphi_3e18_39bucket:e0a4d646094bff9aad92ca04cd9c5ca30c296001c0b7d65c3c20a1df0bd8ef08,1.0444675733719968,0.0030331023469174555
weibull_softplus_unscaled,uncheatable,external_development,0,-1,delphi_3e18_39bucket:e0f79d9bac30fb11db8b83b66ba5e36c77c69e8b4eeece18a5b2a234d3198745,1.0365667058558308,0.002757653501909525
weibull_softplus_unscaled,uncheatable,external_development,0,-1,delphi_3e18_39bucket:e188885cf2c9eba933b968231574f63edf90b3467074b7a9229ed11c950259ad,1.0373250606264572,0.002916846434847061
weibull_softplus_unscaled,uncheatable,external_development,0,-1,delphi_3e18_39bucket:e283e505de0059b81a2b58a66a9af312bc1f3c7a7440e50c3fdcb3ff8213a34f,1.068593356766932,0.0041889868810020565
weibull_softplus_unscaled,uncheatable,external_development,0,-1,delphi_3e18_39bucket:e29801c3f5ba907bd5cc224343efa34e4693142ccec5ad71fd943c60b2b3a689,1.03158426620285,0.0025612939020062853
weibull_softplus_unscaled,uncheatable,external_development,0,-1,delphi_3e18_39bucket:e371bb5a7b5ad1a86dec663c9450a27400d377093eb89ae1812af20716ad2945,0.9935217524841317,0.0066877894647503645
weibull_softplus_unscaled,uncheatable,external_development,0,-1,delphi_3e18_39bucket:e5053e4f4ef86036c3ebe93d055c63ec2da1a1a029cde76ea807a3890d0fd10c,0.9940371909973297,0.005567826794770077
weibull_softplus_unscaled,uncheatable,external_development,0,-1,delphi_3e18_39bucket:e539e936365493312d15f1130d1c083871a779dc98689047fcb9d5ebd05191ce,0.9820744071993984,0.0033298453356690365
weibull_softplus_unscaled,uncheatable,external_development,0,-1,delphi_3e18_39bucket:e55f4d10b3aedd9111e412c962fa53c063269d47d4571a980ba950ed937266ad,1.0364907572162694,0.0027796282054983706
weibull_softplus_unscaled,uncheatable,external_development,0,-1,delphi_3e18_39bucket:e65243af3fc92306e4aa4ea80d2c3f7aa6058bba97560ecd10959066d8d64383,1.0676834381464704,0.0065430235703821775
weibull_softplus_unscaled,uncheatable,external_development,0,-1,delphi_3e18_39bucket:e7d55ec7f15fc194cb4e857322dc1533eddb16463ccf163eabfcdd530a051d5e,0.9646556900824328,0.002677840674135245
weibull_softplus_unscaled,uncheatable,external_development,0,-1,delphi_3e18_39bucket:e8042bb6d92f9c8c01d49ad73be7ff4b06f2e492202d1354da9b6f4aad4c91da,1.034893261451021,0.0027095205914369302
weibull_softplus_unscaled,uncheatable,external_development,0,-1,delphi_3e18_39bucket:e890ab2bc556a0858503bfe95cb5a9f21eb6c1c6dc14818358fbe0f1f321f9eb,1.0356407592293913,0.0027670258247661935
weibull_softplus_unscaled,uncheatable,external_development,0,-1,delphi_3e18_39bucket:e8afda03cd027d866c486aa919868e64ae6d1ddf97b54508d64398d495332317,1.038336995721075,0.002837847310249842
weibull_softplus_unscaled,uncheatable,external_development,0,-1,delphi_3e18_39bucket:e8b6cae0ec44706b02ee30aefc28d571a4f78b62cff170d303c1ccd448092f43,0.9984962712723879,0.018295585330403676
weibull_softplus_unscaled,uncheatable,external_development,0,-1,delphi_3e18_39bucket:e8cac18abed6dd3d662e4660ad3b431000e291340c4fe937b2937ad6a00fdb1c,1.0393030619111645,0.0028576338231973285
weibull_softplus_unscaled,uncheatable,external_development,0,-1,delphi_3e18_39bucket:e8df5e6e4d008b052d6e1ad64acc1fec9b2a47d27ba17bf21c0cd6d7b4b6cad5,0.9933150034638312,0.0029222745816098955
weibull_softplus_unscaled,uncheatable,external_development,0,-1,delphi_3e18_39bucket:e8e86e247324e07114d17c3fe9b93415a22bc9d717bbeb492e8a949f59ffc574,1.0431487071878232,0.002855667768070272
weibull_softplus_unscaled,uncheatable,external_development,0,-1,delphi_3e18_39bucket:e9089fdfad382692c27f48d26c1957224471952b2a50bd7a47fc12615326767e,1.0025390215009888,0.011936744920401664
weibull_softplus_unscaled,uncheatable,external_development,0,-1,delphi_3e18_39bucket:e94c007e41ca009494ae3d9ae036d21271d6bb27b49c3b9d77a9d9148a879241,0.9793096999418744,0.002991917502702471
weibull_softplus_unscaled,uncheatable,external_development,0,-1,delphi_3e18_39bucket:e94c9cbd4ee682a9780bbcea3bf6df3497572253ed953eef164fa75ea4f66a2c,1.0620266968495722,0.004610428914021998
weibull_softplus_unscaled,uncheatable,external_development,0,-1,delphi_3e18_39bucket:e9c1eda31f2f4a0c52041968162f0f0ce4999866274b5690e4e05fda24a4bc2d,0.9795271085305752,0.0034691018017791353
weibull_softplus_unscaled,uncheatable,external_development,0,-1,delphi_3e18_39bucket:ea37effb52c1862ed6fafb478558f7d891c703943be66cd2416bd5c491bf7f6b,0.9935907745710063,0.004114385822140121
weibull_softplus_unscaled,uncheatable,external_development,0,-1,delphi_3e18_39bucket:ea53229a9873c03ace1ba85e1e21a11a8844f0ff68de915348cd78997910f2e1,1.032553387265676,0.003255511404475939
weibull_softplus_unscaled,uncheatable,external_development,0,-1,delphi_3e18_39bucket:ea6e21bef589c2d52505ca81bef558a5da03e4625174320ea8242417e2382d77,1.0330964670058753,0.0028645768312721013
weibull_softplus_unscaled,uncheatable,external_development,0,-1,delphi_3e18_39bucket:ea75e35453ea2a7fe2d3b283ddc673d53edfeee1ba389a2c21264bdf18ac8ca2,1.0367032248180947,0.002817919262186641
weibull_softplus_unscaled,uncheatable,external_development,0,-1,delphi_3e18_39bucket:eafdbafe546506e8a5b90e6662ecdb9d4f1334f4e7f19e3081382c6da61f7293,1.0351590250060578,0.002786836931593479
weibull_softplus_unscaled,uncheatable,external_development,0,-1,delphi_3e18_39bucket:ec06eca900d6ea9ba81679ee6cca83871b018289aec1505cba76db1fc87b6802,1.070055710572181,0.0033772538959155572
weibull_softplus_unscaled,uncheatable,external_development,0,-1,delphi_3e18_39bucket:eccc22ab3929ddd9f2ac2480fd08560ef5ae820c2344f602a9dc02fbaf098cfe,1.0380937881346743,0.0031188531434218104
weibull_softplus_unscaled,uncheatable,external_development,0,-1,delphi_3e18_39bucket:ed3e3b2774ff74e2b11ba21111ec69a02f045de419b00bf3bb3900c8304d9c61,1.0377096515173818,0.0028685778061439933
weibull_softplus_unscaled,uncheatable,external_development,0,-1,delphi_3e18_39bucket:ed64cdd21c9e4cbfada10d701c2ea8ddca896eddd8c54397fc1fdb7be3fd0e7e,1.0333466816637522,0.002754563401345834
weibull_softplus_unscaled,uncheatable,external_development,0,-1,delphi_3e18_39bucket:ee02c34fe2e5760160a4803e862cb1c4a623ee45da4d9adfdaa5aa9483dc78e3,1.0382933214912988,0.0027718437653974333
weibull_softplus_unscaled,uncheatable,external_development,0,-1,delphi_3e18_39bucket:ef418394bcf5783471166488c9835661c9087d4cd65379ce6a2798094e0ed89b,1.0375822713992346,0.002612373080291607
weibull_softplus_unscaled,uncheatable,external_development,0,-1,delphi_3e18_39bucket:ef9f5d7e0f8cb99f585632847718d0452011c825e16f7d382f995c653e9ac9e7,1.0534866187425256,0.0035638147708401844
weibull_softplus_unscaled,uncheatable,external_development,0,-1,delphi_3e18_39bucket:ef9f6cff6e4ea378dedecb72fceac0bdaad839d03f007c4afe577e29dbb99b4e,0.9467831979786785,0.003938665873800818
weibull_softplus_unscaled,uncheatable,external_development,0,-1,delphi_3e18_39bucket:effc4e48644f5aac8669d7cfde80db853124d6263860d16ab4f3958b1ac4eeb5,0.9935376275081744,0.00289187900084067
weibull_softplus_unscaled,uncheatable,external_development,0,-1,delphi_3e18_39bucket:f16199e7f2cdb043d550805be1d6c2cedde580382205dfe6009222e5329ab998,1.035292215917888,0.0028311504032721597
weibull_softplus_unscaled,uncheatable,external_development,0,-1,delphi_3e18_39bucket:f232b9fe34f7b04ebbfe91eb3239213c0003a3e608e279780f47e6c545811bb3,1.0391717059207863,0.002890671730847332
weibull_softplus_unscaled,uncheatable,external_development,0,-1,delphi_3e18_39bucket:f2d3993c551000c1ee508c463805bd652f0f40a241a54fdf69aecee07fd2bb47,1.039409532821382,0.0030971109612586718
weibull_softplus_unscaled,uncheatable,external_development,0,-1,delphi_3e18_39bucket:f387ec3241cb7be9b883e93ed53e1940f5fbf725f14ef13b1c76e1634c9e0704,1.0764628294813465,0.0053860993543131475
weibull_softplus_unscaled,uncheatable,external_development,0,-1,delphi_3e18_39bucket:f52b9b33b05c41f331ddaef90666b37968827a31c9dbdee6bdd5c5554069af4b,1.0586510412098473,0.009222986538082602
weibull_softplus_unscaled,uncheatable,external_development,0,-1,delphi_3e18_39bucket:f597d4a7586698fbbc1b854337589ff532c04fd4a54699ae6665043e95934555,0.9758825147340795,0.0022773122596078674
weibull_softplus_unscaled,uncheatable,external_development,0,-1,delphi_3e18_39bucket:f5c02be0cf834281311018f3922cb87d91ee62b6d20f4e7ac201af5ee0954f38,1.0353812321805198,0.0028534274168477924
weibull_softplus_unscaled,uncheatable,external_development,0,-1,delphi_3e18_39bucket:f6841e17099bc045d728b98540d5fb888d83f06d8ee4a4939cce171c39ff9c1a,1.0440534590114479,0.0031495377449752733
weibull_softplus_unscaled,uncheatable,external_development,0,-1,delphi_3e18_39bucket:f81afa5c14bbd67cc1fb496dcd8cd5779f46fed3843ce430341122b0cfff0750,0.9904898891674518,0.013115735216351794
weibull_softplus_unscaled,uncheatable,external_development,0,-1,delphi_3e18_39bucket:f8a8e264e7f30fe85c514e532e5f6bce8d2037da8458a757b0383f7dbf072f25,1.0335338082807404,0.0026573475087144534
weibull_softplus_unscaled,uncheatable,external_development,0,-1,delphi_3e18_39bucket:f95f22b464a3ca2eee25bd948f390a4ef40e83d2198fc976127df60c1e1668aa,1.0200151496879037,0.0023773235378049874
weibull_softplus_unscaled,uncheatable,external_development,0,-1,delphi_3e18_39bucket:f9bb0369b872fcb08e26e8d0629e52b1cb543956824511bc69a1d81d84b8e766,0.9741932967302611,0.001163885803996761
weibull_softplus_unscaled,uncheatable,external_development,0,-1,delphi_3e18_39bucket:f9e349b2e05d04e16162ae18c9cde10806824cee16faba2af2564f533559151d,1.0314798942612449,0.0025705605308604545
weibull_softplus_unscaled,uncheatable,external_development,0,-1,delphi_3e18_39bucket:f9e5fad6cd843eef1ec963c775019a7ed2d37fb9fc6d6458f98c8bb15b000248,1.058049775673223,0.003606269443983709
weibull_softplus_unscaled,uncheatable,external_development,0,-1,delphi_3e18_39bucket:fa0294460f0573041da6b1435affe244e46d5459cf24f4d451fa7776c77261f6,0.9460484001939824,0.004472109527566884
weibull_softplus_unscaled,uncheatable,external_development,0,-1,delphi_3e18_39bucket:fafbc2ba18f1c7971ddf8e7eff5f92f1b11469cf1d80181209696d8655812553,1.0450775976535578,0.003106540914543934
weibull_softplus_unscaled,uncheatable,external_development,0,-1,delphi_3e18_39bucket:fb8cb11729c2b4e023d88d084293e65ec1f03e521aada50a0bde80863e530aa8,0.9822755314842495,0.0029752583239830853
weibull_softplus_unscaled,uncheatable,external_development,0,-1,delphi_3e18_39bucket:fcd0fd12a7c5020965f6947e8301e946fa54ac35b888fd77a64acdb284227b4d,1.0381467570610519,0.003254787235293691
weibull_softplus_unscaled,uncheatable,external_development,0,-1,delphi_3e18_39bucket:fd1878ded789f2edc41ab9255de95e0c7d881b315872d556b913e69f7cf031fc,0.9604426059344501,0.0026264027129279874
weibull_softplus_unscaled,uncheatable,external_development,0,-1,delphi_3e18_39bucket:fde889913d2682952bec8de25fd72402715ccecae048d5f22ad1228540aa83cf,1.0262926029834478,0.0023773457149710102
weibull_softplus_unscaled,uncheatable,external_development,0,-1,delphi_3e18_39bucket:fef2793a1123d329057bd31024def73e90c2aa567a327913bb8366c7204fc414,1.065959607836294,0.005951203139066196
weibull_softplus_unscaled,uncheatable,external_development,0,-1,delphi_3e18_39bucket:ff65381e6c6fa2fd41b3444cc7dae32b0a07f1eaf50d99b9dc409da261b0a1ac,1.054353783017274,0.003394272543432577
weibull_softplus_unscaled@kappa_floor_link_flat15,uncheatable,panel_oof,0,0,7,1.0871415101187867,
weibull_softplus_unscaled@kappa_floor_link_flat15,uncheatable,panel_oof,0,0,8,1.1356839233089944,
weibull_softplus_unscaled@kappa_floor_link_flat15,uncheatable,panel_oof,0,0,25,1.1055079928138096,
weibull_softplus_unscaled@kappa_floor_link_flat15,uncheatable,panel_oof,0,0,35,1.0759010176893953,
weibull_softplus_unscaled@kappa_floor_link_flat15,uncheatable,panel_oof,0,0,51,1.0864487075670253,
weibull_softplus_unscaled@kappa_floor_link_flat15,uncheatable,panel_oof,0,0,56,1.0414799140343087,
weibull_softplus_unscaled@kappa_floor_link_flat15,uncheatable,panel_oof,0,0,69,1.0947613017213844,
weibull_softplus_unscaled@kappa_floor_link_flat15,uncheatable,panel_oof,0,0,81,1.0322180330970636,
weibull_softplus_unscaled@kappa_floor_link_flat15,uncheatable,panel_oof,0,0,86,1.089541343646542,
weibull_softplus_unscaled@kappa_floor_link_flat15,uncheatable,panel_oof,0,0,99,1.0806902900665503,
weibull_softplus_unscaled@kappa_floor_link_flat15,uncheatable,panel_oof,0,0,100,1.0918464667394403,
weibull_softplus_unscaled@kappa_floor_link_flat15,uncheatable,panel_oof,0,0,106,1.1050160239063906,
weibull_softplus_unscaled@kappa_floor_link_flat15,uncheatable,panel_oof,0,0,107,1.133401521622185,
weibull_softplus_unscaled@kappa_floor_link_flat15,uncheatable,panel_oof,0,0,126,1.0679906751450154,
weibull_softplus_unscaled@kappa_floor_link_flat15,uncheatable,panel_oof,0,0,136,1.1138557083889964,
weibull_softplus_unscaled@kappa_floor_link_flat15,uncheatable,panel_oof,0,0,137,1.0692817110662403,
weibull_softplus_unscaled@kappa_floor_link_flat15,uncheatable,panel_oof,0,0,140,1.0755632871850245,
weibull_softplus_unscaled@kappa_floor_link_flat15,uncheatable,panel_oof,0,0,141,1.0723828463000762,
weibull_softplus_unscaled@kappa_floor_link_flat15,uncheatable,panel_oof,0,0,142,1.0704856547072583,
weibull_softplus_unscaled@kappa_floor_link_flat15,uncheatable,panel_oof,0,0,145,1.0635605747602261,
weibull_softplus_unscaled@kappa_floor_link_flat15,uncheatable,panel_oof,0,0,147,1.0777590255941425,
weibull_softplus_unscaled@kappa_floor_link_flat15,uncheatable,panel_oof,0,0,163,1.065289270589227,
weibull_softplus_unscaled@kappa_floor_link_flat15,uncheatable,panel_oof,0,0,165,1.0683319338224153,
weibull_softplus_unscaled@kappa_floor_link_flat15,uncheatable,panel_oof,0,0,169,1.1176422776451693,
weibull_softplus_unscaled@kappa_floor_link_flat15,uncheatable,panel_oof,0,0,171,1.0993920382506583,
weibull_softplus_unscaled@kappa_floor_link_flat15,uncheatable,panel_oof,0,0,187,1.1215019174573393,
weibull_softplus_unscaled@kappa_floor_link_flat15,uncheatable,panel_oof,0,0,188,1.073763217997394,
weibull_softplus_unscaled@kappa_floor_link_flat15,uncheatable,panel_oof,0,0,191,1.0445105368526275,
weibull_softplus_unscaled@kappa_floor_link_flat15,uncheatable,panel_oof,0,0,195,1.0585288642894572,
weibull_softplus_unscaled@kappa_floor_link_flat15,uncheatable,panel_oof,0,0,197,1.080570955634061,
weibull_softplus_unscaled@kappa_floor_link_flat15,uncheatable,panel_oof,0,0,200,1.0330290889867708,
weibull_softplus_unscaled@kappa_floor_link_flat15,uncheatable,panel_oof,0,0,208,1.0879394515514975,
weibull_softplus_unscaled@kappa_floor_link_flat15,uncheatable,panel_oof,0,0,209,1.0554149479089112,
weibull_softplus_unscaled@kappa_floor_link_flat15,uncheatable,panel_oof,0,0,210,1.1018925664007309,
weibull_softplus_unscaled@kappa_floor_link_flat15,uncheatable,panel_oof,0,0,217,1.080715216276205,
weibull_softplus_unscaled@kappa_floor_link_flat15,uncheatable,panel_oof,0,0,219,1.0891533226851036,
weibull_softplus_unscaled@kappa_floor_link_flat15,uncheatable,panel_oof,0,0,220,1.0610270236016817,
weibull_softplus_unscaled@kappa_floor_link_flat15,uncheatable,panel_oof,0,0,223,1.0449077609875008,
weibull_softplus_unscaled@kappa_floor_link_flat15,uncheatable,panel_oof,0,0,233,1.0638908638379918,
weibull_softplus_unscaled@kappa_floor_link_flat15,uncheatable,panel_oof,0,0,237,1.0698803901139706,
weibull_softplus_unscaled@kappa_floor_link_flat15,uncheatable,panel_oof,0,1,1,1.0229734541672149,
weibull_softplus_unscaled@kappa_floor_link_flat15,uncheatable,panel_oof,0,1,241,1.0346010377095516,
weibull_softplus_unscaled@kappa_floor_link_flat15,uncheatable,panel_oof,0,1,242,1.0349834477215896,
weibull_softplus_unscaled@kappa_floor_link_flat15,uncheatable,panel_oof,0,1,243,1.0347614316096703,
weibull_softplus_unscaled@kappa_floor_link_flat15,uncheatable,panel_oof,0,1,244,1.0352605278645108,
weibull_softplus_unscaled@kappa_floor_link_flat15,uncheatable,panel_oof,0,1,245,1.033914062467737,
weibull_softplus_unscaled@kappa_floor_link_flat15,uncheatable,panel_oof,0,1,246,1.0341027885047605,
weibull_softplus_unscaled@kappa_floor_link_flat15,uncheatable,panel_oof,0,1,247,1.0348570666591628,
weibull_softplus_unscaled@kappa_floor_link_flat15,uncheatable,panel_oof,0,1,248,1.034734136003324,
weibull_softplus_unscaled@kappa_floor_link_flat15,uncheatable,panel_oof,0,1,249,1.032954883678306,
weibull_softplus_unscaled@kappa_floor_link_flat15,uncheatable,panel_oof,0,1,250,1.0339222285206104,
weibull_softplus_unscaled@kappa_floor_link_flat15,uncheatable,panel_oof,0,1,251,1.031496596465936,
weibull_softplus_unscaled@kappa_floor_link_flat15,uncheatable,panel_oof,0,1,252,1.03343892246775,
weibull_softplus_unscaled@kappa_floor_link_flat15,uncheatable,panel_oof,0,1,253,1.0339504790915972,
weibull_softplus_unscaled@kappa_floor_link_flat15,uncheatable,panel_oof,0,1,254,1.0349329776808573,
weibull_softplus_unscaled@kappa_floor_link_flat15,uncheatable,panel_oof,0,1,255,1.0342282095210946,
weibull_softplus_unscaled@kappa_floor_link_flat15,uncheatable,panel_oof,0,1,256,1.0344428487330388,
weibull_softplus_unscaled@kappa_floor_link_flat15,uncheatable,panel_oof,0,1,257,1.031849419452022,
weibull_softplus_unscaled@kappa_floor_link_flat15,uncheatable,panel_oof,0,1,258,1.0338433178567539,
weibull_softplus_unscaled@kappa_floor_link_flat15,uncheatable,panel_oof,0,1,259,1.0355827826025088,
weibull_softplus_unscaled@kappa_floor_link_flat15,uncheatable,panel_oof,0,1,260,1.0357855463454237,
weibull_softplus_unscaled@kappa_floor_link_flat15,uncheatable,panel_oof,0,1,261,1.034912435244665,
weibull_softplus_unscaled@kappa_floor_link_flat15,uncheatable,panel_oof,0,1,262,1.0362622681952707,
weibull_softplus_unscaled@kappa_floor_link_flat15,uncheatable,panel_oof,0,1,263,1.036372048056652,
weibull_softplus_unscaled@kappa_floor_link_flat15,uncheatable,panel_oof,0,1,264,1.036093674200656,
weibull_softplus_unscaled@kappa_floor_link_flat15,uncheatable,panel_oof,0,1,265,1.0364385782022207,
weibull_softplus_unscaled@kappa_floor_link_flat15,uncheatable,panel_oof,0,1,266,1.03679907564812,
weibull_softplus_unscaled@kappa_floor_link_flat15,uncheatable,panel_oof,0,1,267,1.059062287358895,
weibull_softplus_unscaled@kappa_floor_link_flat15,uncheatable,panel_oof,0,1,268,1.036973929820836,
weibull_softplus_unscaled@kappa_floor_link_flat15,uncheatable,panel_oof,0,1,269,1.0374361841280022,
weibull_softplus_unscaled@kappa_floor_link_flat15,uncheatable,panel_oof,0,1,270,1.0351373709829053,
weibull_softplus_unscaled@kappa_floor_link_flat15,uncheatable,panel_oof,0,1,271,1.0282704175933075,
weibull_softplus_unscaled@kappa_floor_link_flat15,uncheatable,panel_oof,0,1,272,1.0368325452958729,
weibull_softplus_unscaled@kappa_floor_link_flat15,uncheatable,panel_oof,0,1,273,1.0577548645631385,
weibull_softplus_unscaled@kappa_floor_link_flat15,uncheatable,panel_oof,0,1,274,1.0353353208103955,
weibull_softplus_unscaled@kappa_floor_link_flat15,uncheatable,panel_oof,0,1,275,1.0443633654104603,
weibull_softplus_unscaled@kappa_floor_link_flat15,uncheatable,panel_oof,0,1,276,1.0365408495655957,
weibull_softplus_unscaled@kappa_floor_link_flat15,uncheatable,panel_oof,0,1,277,1.0367473862842131,
weibull_softplus_unscaled@kappa_floor_link_flat15,uncheatable,panel_oof,0,1,278,1.034098474831481,
weibull_softplus_unscaled@kappa_floor_link_flat15,uncheatable,panel_oof,0,1,279,1.0356538752420157,
weibull_softplus_unscaled@kappa_floor_link_flat15,uncheatable,panel_oof,0,2,3,1.057752682335163,
weibull_softplus_unscaled@kappa_floor_link_flat15,uncheatable,panel_oof,0,2,5,1.2131113949988288,
weibull_softplus_unscaled@kappa_floor_link_flat15,uncheatable,panel_oof,0,2,6,1.0905774264797847,
weibull_softplus_unscaled@kappa_floor_link_flat15,uncheatable,panel_oof,0,2,10,1.0911554903716025,
weibull_softplus_unscaled@kappa_floor_link_flat15,uncheatable,panel_oof,0,2,15,1.0836876637150117,
weibull_softplus_unscaled@kappa_floor_link_flat15,uncheatable,panel_oof,0,2,20,1.1007686408985118,
weibull_softplus_unscaled@kappa_floor_link_flat15,uncheatable,panel_oof,0,2,26,1.0513961796569031,
weibull_softplus_unscaled@kappa_floor_link_flat15,uncheatable,panel_oof,0,2,29,1.080807478303675,
weibull_softplus_unscaled@kappa_floor_link_flat15,uncheatable,panel_oof,0,2,30,1.0556165209481576,
weibull_softplus_unscaled@kappa_floor_link_flat15,uncheatable,panel_oof,0,2,34,1.0558678862061153,
weibull_softplus_unscaled@kappa_floor_link_flat15,uncheatable,panel_oof,0,2,39,1.079732937514575,
weibull_softplus_unscaled@kappa_floor_link_flat15,uncheatable,panel_oof,0,2,41,1.102866331389164,
weibull_softplus_unscaled@kappa_floor_link_flat15,uncheatable,panel_oof,0,2,46,1.083097570459349,
weibull_softplus_unscaled@kappa_floor_link_flat15,uncheatable,panel_oof,0,2,48,1.0465606185553926,
weibull_softplus_unscaled@kappa_floor_link_flat15,uncheatable,panel_oof,0,2,57,1.1055538784376866,
weibull_softplus_unscaled@kappa_floor_link_flat15,uncheatable,panel_oof,0,2,62,1.084102822571949,
weibull_softplus_unscaled@kappa_floor_link_flat15,uncheatable,panel_oof,0,2,65,1.0679711151542046,
weibull_softplus_unscaled@kappa_floor_link_flat15,uncheatable,panel_oof,0,2,68,1.0947653144429603,
weibull_softplus_unscaled@kappa_floor_link_flat15,uncheatable,panel_oof,0,2,73,1.0487860600083605,
weibull_softplus_unscaled@kappa_floor_link_flat15,uncheatable,panel_oof,0,2,79,1.1005561420764571,
weibull_softplus_unscaled@kappa_floor_link_flat15,uncheatable,panel_oof,0,2,83,1.0531735336055243,
weibull_softplus_unscaled@kappa_floor_link_flat15,uncheatable,panel_oof,0,2,84,1.0836677437460869,
weibull_softplus_unscaled@kappa_floor_link_flat15,uncheatable,panel_oof,0,2,87,1.078990193798423,
weibull_softplus_unscaled@kappa_floor_link_flat15,uncheatable,panel_oof,0,2,90,1.0456922956906074,
weibull_softplus_unscaled@kappa_floor_link_flat15,uncheatable,panel_oof,0,2,91,1.1031922425823386,
weibull_softplus_unscaled@kappa_floor_link_flat15,uncheatable,panel_oof,0,2,98,1.0488951320133717,
weibull_softplus_unscaled@kappa_floor_link_flat15,uncheatable,panel_oof,0,2,101,1.0827453807270184,
weibull_softplus_unscaled@kappa_floor_link_flat15,uncheatable,panel_oof,0,2,105,1.070001794913121,
weibull_softplus_unscaled@kappa_floor_link_flat15,uncheatable,panel_oof,0,2,109,1.0888620587466917,
weibull_softplus_unscaled@kappa_floor_link_flat15,uncheatable,panel_oof,0,2,112,1.0664562094280465,
weibull_softplus_unscaled@kappa_floor_link_flat15,uncheatable,panel_oof,0,2,113,1.1140662823540417,
weibull_softplus_unscaled@kappa_floor_link_flat15,uncheatable,panel_oof,0,2,115,1.0659312168367379,
weibull_softplus_unscaled@kappa_floor_link_flat15,uncheatable,panel_oof,0,2,116,1.0999724479782433,
weibull_softplus_unscaled@kappa_floor_link_flat15,uncheatable,panel_oof,0,2,119,1.0542166572482876,
weibull_softplus_unscaled@kappa_floor_link_flat15,uncheatable,panel_oof,0,2,122,1.0733910770381185,
weibull_softplus_unscaled@kappa_floor_link_flat15,uncheatable,panel_oof,0,2,123,1.0618273174431674,
weibull_softplus_unscaled@kappa_floor_link_flat15,uncheatable,panel_oof,0,2,124,1.0941452279023829,
weibull_softplus_unscaled@kappa_floor_link_flat15,uncheatable,panel_oof,0,2,133,1.1378186807528996,
weibull_softplus_unscaled@kappa_floor_link_flat15,uncheatable,panel_oof,0,2,134,1.0683884431690989,
weibull_softplus_unscaled@kappa_floor_link_flat15,uncheatable,panel_oof,0,2,135,1.05788784768963,
weibull_softplus_unscaled@kappa_floor_link_flat15,uncheatable,panel_oof,0,2,138,1.0770761381495766,
weibull_softplus_unscaled@kappa_floor_link_flat15,uncheatable,panel_oof,0,2,144,1.0781084755366166,
weibull_softplus_unscaled@kappa_floor_link_flat15,uncheatable,panel_oof,0,2,151,1.0808113656009573,
weibull_softplus_unscaled@kappa_floor_link_flat15,uncheatable,panel_oof,0,2,152,1.0448449314762889,
weibull_softplus_unscaled@kappa_floor_link_flat15,uncheatable,panel_oof,0,2,154,1.075525530971485,
weibull_softplus_unscaled@kappa_floor_link_flat15,uncheatable,panel_oof,0,2,157,1.1061601281929248,
weibull_softplus_unscaled@kappa_floor_link_flat15,uncheatable,panel_oof,0,2,158,1.0633847591391208,
weibull_softplus_unscaled@kappa_floor_link_flat15,uncheatable,panel_oof,0,2,160,1.0871144922789076,
weibull_softplus_unscaled@kappa_floor_link_flat15,uncheatable,panel_oof,0,2,166,1.0645703574826944,
weibull_softplus_unscaled@kappa_floor_link_flat15,uncheatable,panel_oof,0,2,172,1.0463016832720005,
weibull_softplus_unscaled@kappa_floor_link_flat15,uncheatable,panel_oof,0,2,175,1.062272551366259,
weibull_softplus_unscaled@kappa_floor_link_flat15,uncheatable,panel_oof,0,2,176,1.0480512885196047,
weibull_softplus_unscaled@kappa_floor_link_flat15,uncheatable,panel_oof,0,2,182,1.0801607463782492,
weibull_softplus_unscaled@kappa_floor_link_flat15,uncheatable,panel_oof,0,2,183,1.0721298654580327,
weibull_softplus_unscaled@kappa_floor_link_flat15,uncheatable,panel_oof,0,2,196,1.112711843774207,
weibull_softplus_unscaled@kappa_floor_link_flat15,uncheatable,panel_oof,0,2,198,1.0785307512594022,
weibull_softplus_unscaled@kappa_floor_link_flat15,uncheatable,panel_oof,0,2,205,1.0782312230780768,
weibull_softplus_unscaled@kappa_floor_link_flat15,uncheatable,panel_oof,0,2,211,1.0833755788387915,
weibull_softplus_unscaled@kappa_floor_link_flat15,uncheatable,panel_oof,0,2,213,1.028998556278772,
weibull_softplus_unscaled@kappa_floor_link_flat15,uncheatable,panel_oof,0,2,215,1.041521742321708,
weibull_softplus_unscaled@kappa_floor_link_flat15,uncheatable,panel_oof,0,2,222,1.0537710026041989,
weibull_softplus_unscaled@kappa_floor_link_flat15,uncheatable,panel_oof,0,2,224,1.1255742053074933,
weibull_softplus_unscaled@kappa_floor_link_flat15,uncheatable,panel_oof,0,2,226,1.1006814296919898,
weibull_softplus_unscaled@kappa_floor_link_flat15,uncheatable,panel_oof,0,2,227,1.056231742433186,
weibull_softplus_unscaled@kappa_floor_link_flat15,uncheatable,panel_oof,0,2,229,1.0414513792662996,
weibull_softplus_unscaled@kappa_floor_link_flat15,uncheatable,panel_oof,0,2,235,1.0605791073120656,
weibull_softplus_unscaled@kappa_floor_link_flat15,uncheatable,panel_oof,0,2,236,1.0604825106158693,
weibull_softplus_unscaled@kappa_floor_link_flat15,uncheatable,panel_oof,0,2,238,1.0687115582866882,
weibull_softplus_unscaled@kappa_floor_link_flat15,uncheatable,panel_oof,0,3,2,1.093744528949022,
weibull_softplus_unscaled@kappa_floor_link_flat15,uncheatable,panel_oof,0,3,4,1.0977860218474604,
weibull_softplus_unscaled@kappa_floor_link_flat15,uncheatable,panel_oof,0,3,9,1.1175521494110676,
weibull_softplus_unscaled@kappa_floor_link_flat15,uncheatable,panel_oof,0,3,11,1.0846549618865016,
weibull_softplus_unscaled@kappa_floor_link_flat15,uncheatable,panel_oof,0,3,12,1.1161633954715033,
weibull_softplus_unscaled@kappa_floor_link_flat15,uncheatable,panel_oof,0,3,13,1.0811017549879782,
weibull_softplus_unscaled@kappa_floor_link_flat15,uncheatable,panel_oof,0,3,14,1.086413103657542,
weibull_softplus_unscaled@kappa_floor_link_flat15,uncheatable,panel_oof,0,3,16,1.0463782053973052,
weibull_softplus_unscaled@kappa_floor_link_flat15,uncheatable,panel_oof,0,3,17,1.1084701046447583,
weibull_softplus_unscaled@kappa_floor_link_flat15,uncheatable,panel_oof,0,3,21,1.0847572969378256,
weibull_softplus_unscaled@kappa_floor_link_flat15,uncheatable,panel_oof,0,3,22,1.0699252172733495,
weibull_softplus_unscaled@kappa_floor_link_flat15,uncheatable,panel_oof,0,3,23,1.107807237444169,
weibull_softplus_unscaled@kappa_floor_link_flat15,uncheatable,panel_oof,0,3,24,1.04067200033781,
weibull_softplus_unscaled@kappa_floor_link_flat15,uncheatable,panel_oof,0,3,27,1.0651645092894957,
weibull_softplus_unscaled@kappa_floor_link_flat15,uncheatable,panel_oof,0,3,32,1.0555809609805609,
weibull_softplus_unscaled@kappa_floor_link_flat15,uncheatable,panel_oof,0,3,33,1.0738565550983163,
weibull_softplus_unscaled@kappa_floor_link_flat15,uncheatable,panel_oof,0,3,36,1.0859775988213198,
weibull_softplus_unscaled@kappa_floor_link_flat15,uncheatable,panel_oof,0,3,37,1.0623305703478483,
weibull_softplus_unscaled@kappa_floor_link_flat15,uncheatable,panel_oof,0,3,38,1.0888381287235664,
weibull_softplus_unscaled@kappa_floor_link_flat15,uncheatable,panel_oof,0,3,40,1.06757788038527,
weibull_softplus_unscaled@kappa_floor_link_flat15,uncheatable,panel_oof,0,3,43,1.0900964208906472,
weibull_softplus_unscaled@kappa_floor_link_flat15,uncheatable,panel_oof,0,3,44,1.110666365184802,
weibull_softplus_unscaled@kappa_floor_link_flat15,uncheatable,panel_oof,0,3,45,1.0882525993126593,
weibull_softplus_unscaled@kappa_floor_link_flat15,uncheatable,panel_oof,0,3,49,1.0797174241123062,
weibull_softplus_unscaled@kappa_floor_link_flat15,uncheatable,panel_oof,0,3,50,1.0999504547913572,
weibull_softplus_unscaled@kappa_floor_link_flat15,uncheatable,panel_oof,0,3,52,1.0721282307152196,
weibull_softplus_unscaled@kappa_floor_link_flat15,uncheatable,panel_oof,0,3,53,1.0585361619592115,
weibull_softplus_unscaled@kappa_floor_link_flat15,uncheatable,panel_oof,0,3,54,1.05281943912369,
weibull_softplus_unscaled@kappa_floor_link_flat15,uncheatable,panel_oof,0,3,55,1.0569289607277454,
weibull_softplus_unscaled@kappa_floor_link_flat15,uncheatable,panel_oof,0,3,58,1.1009198261726407,
weibull_softplus_unscaled@kappa_floor_link_flat15,uncheatable,panel_oof,0,3,59,1.0541814625327453,
weibull_softplus_unscaled@kappa_floor_link_flat15,uncheatable,panel_oof,0,3,61,1.0546846613860144,
weibull_softplus_unscaled@kappa_floor_link_flat15,uncheatable,panel_oof,0,3,63,1.0471512272603456,
weibull_softplus_unscaled@kappa_floor_link_flat15,uncheatable,panel_oof,0,3,64,1.1014128757882045,
weibull_softplus_unscaled@kappa_floor_link_flat15,uncheatable,panel_oof,0,3,66,1.0844050709274753,
weibull_softplus_unscaled@kappa_floor_link_flat15,uncheatable,panel_oof,0,3,67,1.0832240941740703,
weibull_softplus_unscaled@kappa_floor_link_flat15,uncheatable,panel_oof,0,3,70,1.0895915251549504,
weibull_softplus_unscaled@kappa_floor_link_flat15,uncheatable,panel_oof,0,3,71,1.089535744713565,
weibull_softplus_unscaled@kappa_floor_link_flat15,uncheatable,panel_oof,0,3,72,1.0725483054383407,
weibull_softplus_unscaled@kappa_floor_link_flat15,uncheatable,panel_oof,0,3,74,1.0692130335206813,
weibull_softplus_unscaled@kappa_floor_link_flat15,uncheatable,panel_oof,0,3,75,1.0711176137996306,
weibull_softplus_unscaled@kappa_floor_link_flat15,uncheatable,panel_oof,0,3,78,1.0785437934211801,
weibull_softplus_unscaled@kappa_floor_link_flat15,uncheatable,panel_oof,0,3,85,1.0738013375683342,
weibull_softplus_unscaled@kappa_floor_link_flat15,uncheatable,panel_oof,0,3,88,1.0941749471287807,
weibull_softplus_unscaled@kappa_floor_link_flat15,uncheatable,panel_oof,0,3,89,1.0754051496428985,
weibull_softplus_unscaled@kappa_floor_link_flat15,uncheatable,panel_oof,0,3,92,1.0539180635511127,
weibull_softplus_unscaled@kappa_floor_link_flat15,uncheatable,panel_oof,0,3,93,1.0718573973310421,
weibull_softplus_unscaled@kappa_floor_link_flat15,uncheatable,panel_oof,0,3,94,1.0590669858841397,
weibull_softplus_unscaled@kappa_floor_link_flat15,uncheatable,panel_oof,0,3,95,1.0840644587846628,
weibull_softplus_unscaled@kappa_floor_link_flat15,uncheatable,panel_oof,0,3,96,1.0778983689618937,
weibull_softplus_unscaled@kappa_floor_link_flat15,uncheatable,panel_oof,0,3,97,1.0602592629874783,
weibull_softplus_unscaled@kappa_floor_link_flat15,uncheatable,panel_oof,0,3,102,1.0602340940250923,
weibull_softplus_unscaled@kappa_floor_link_flat15,uncheatable,panel_oof,0,3,108,1.0932168066067511,
weibull_softplus_unscaled@kappa_floor_link_flat15,uncheatable,panel_oof,0,3,110,1.0773904335007756,
weibull_softplus_unscaled@kappa_floor_link_flat15,uncheatable,panel_oof,0,3,111,1.0723619093313332,
weibull_softplus_unscaled@kappa_floor_link_flat15,uncheatable,panel_oof,0,3,117,1.140613593411724,
weibull_softplus_unscaled@kappa_floor_link_flat15,uncheatable,panel_oof,0,3,120,1.0665832093327343,
weibull_softplus_unscaled@kappa_floor_link_flat15,uncheatable,panel_oof,0,3,121,1.0595261576591473,
weibull_softplus_unscaled@kappa_floor_link_flat15,uncheatable,panel_oof,0,3,127,1.058170754525881,
weibull_softplus_unscaled@kappa_floor_link_flat15,uncheatable,panel_oof,0,3,128,1.0884456271794956,
weibull_softplus_unscaled@kappa_floor_link_flat15,uncheatable,panel_oof,0,3,129,1.070738587016315,
weibull_softplus_unscaled@kappa_floor_link_flat15,uncheatable,panel_oof,0,3,130,1.0827137857018494,
weibull_softplus_unscaled@kappa_floor_link_flat15,uncheatable,panel_oof,0,3,132,1.1249822591489003,
weibull_softplus_unscaled@kappa_floor_link_flat15,uncheatable,panel_oof,0,3,139,1.0676359344992257,
weibull_softplus_unscaled@kappa_floor_link_flat15,uncheatable,panel_oof,0,3,143,1.0930150717072797,
weibull_softplus_unscaled@kappa_floor_link_flat15,uncheatable,panel_oof,0,3,146,1.1006989897540786,
weibull_softplus_unscaled@kappa_floor_link_flat15,uncheatable,panel_oof,0,3,148,1.0587026729434317,
weibull_softplus_unscaled@kappa_floor_link_flat15,uncheatable,panel_oof,0,3,149,1.1171394758663287,
weibull_softplus_unscaled@kappa_floor_link_flat15,uncheatable,panel_oof,0,3,150,1.0870509467452947,
weibull_softplus_unscaled@kappa_floor_link_flat15,uncheatable,panel_oof,0,3,153,1.0951173666620808,
weibull_softplus_unscaled@kappa_floor_link_flat15,uncheatable,panel_oof,0,3,156,1.0561997069938387,
weibull_softplus_unscaled@kappa_floor_link_flat15,uncheatable,panel_oof,0,3,159,1.0781439194065228,
weibull_softplus_unscaled@kappa_floor_link_flat15,uncheatable,panel_oof,0,3,161,1.1243609736025,
weibull_softplus_unscaled@kappa_floor_link_flat15,uncheatable,panel_oof,0,3,164,1.0812147327610224,
weibull_softplus_unscaled@kappa_floor_link_flat15,uncheatable,panel_oof,0,3,167,1.0775768262479946,
weibull_softplus_unscaled@kappa_floor_link_flat15,uncheatable,panel_oof,0,3,170,1.0719779061423678,
weibull_softplus_unscaled@kappa_floor_link_flat15,uncheatable,panel_oof,0,3,173,1.0771577188533143,
weibull_softplus_unscaled@kappa_floor_link_flat15,uncheatable,panel_oof,0,3,174,1.0576056994573853,
weibull_softplus_unscaled@kappa_floor_link_flat15,uncheatable,panel_oof,0,3,177,1.063226887216418,
weibull_softplus_unscaled@kappa_floor_link_flat15,uncheatable,panel_oof,0,3,180,1.0680054911150951,
weibull_softplus_unscaled@kappa_floor_link_flat15,uncheatable,panel_oof,0,3,181,1.0943030496939536,
weibull_softplus_unscaled@kappa_floor_link_flat15,uncheatable,panel_oof,0,3,184,1.05451393467379,
weibull_softplus_unscaled@kappa_floor_link_flat15,uncheatable,panel_oof,0,3,185,1.0727678995165444,
weibull_softplus_unscaled@kappa_floor_link_flat15,uncheatable,panel_oof,0,3,189,1.0773443843420738,
weibull_softplus_unscaled@kappa_floor_link_flat15,uncheatable,panel_oof,0,3,190,1.0759028488921611,
weibull_softplus_unscaled@kappa_floor_link_flat15,uncheatable,panel_oof,0,3,192,1.0437002493605851,
weibull_softplus_unscaled@kappa_floor_link_flat15,uncheatable,panel_oof,0,3,194,1.05869462469138,
weibull_softplus_unscaled@kappa_floor_link_flat15,uncheatable,panel_oof,0,3,201,1.033550348215698,
weibull_softplus_unscaled@kappa_floor_link_flat15,uncheatable,panel_oof,0,3,203,1.0553119612218462,
weibull_softplus_unscaled@kappa_floor_link_flat15,uncheatable,panel_oof,0,3,204,1.0735887231040864,
weibull_softplus_unscaled@kappa_floor_link_flat15,uncheatable,panel_oof,0,3,206,1.0573984835870245,
weibull_softplus_unscaled@kappa_floor_link_flat15,uncheatable,panel_oof,0,3,214,1.0645302915256556,
weibull_softplus_unscaled@kappa_floor_link_flat15,uncheatable,panel_oof,0,3,218,1.036250989171371,
weibull_softplus_unscaled@kappa_floor_link_flat15,uncheatable,panel_oof,0,3,225,1.0856582903104586,
weibull_softplus_unscaled@kappa_floor_link_flat15,uncheatable,panel_oof,0,3,228,1.0564720624595458,
weibull_softplus_unscaled@kappa_floor_link_flat15,uncheatable,panel_oof,0,3,232,1.0806952263063936,
weibull_softplus_unscaled@kappa_floor_link_flat15,uncheatable,panel_oof,0,3,234,1.0809831718431488,
weibull_softplus_unscaled@kappa_floor_link_flat15,uncheatable,panel_oof,0,3,240,1.0353791926096452,
weibull_softplus_unscaled@kappa_floor_link_flat15,uncheatable,panel_oof,0,4,18,1.0777774478226092,
weibull_softplus_unscaled@kappa_floor_link_flat15,uncheatable,panel_oof,0,4,19,1.0959937548090357,
weibull_softplus_unscaled@kappa_floor_link_flat15,uncheatable,panel_oof,0,4,28,1.1273317700154801,
weibull_softplus_unscaled@kappa_floor_link_flat15,uncheatable,panel_oof,0,4,31,1.0627236712434276,
weibull_softplus_unscaled@kappa_floor_link_flat15,uncheatable,panel_oof,0,4,42,1.054436466441262,
weibull_softplus_unscaled@kappa_floor_link_flat15,uncheatable,panel_oof,0,4,47,1.0686268141647584,
weibull_softplus_unscaled@kappa_floor_link_flat15,uncheatable,panel_oof,0,4,60,1.0552419026885054,
weibull_softplus_unscaled@kappa_floor_link_flat15,uncheatable,panel_oof,0,4,76,1.1270060057696805,
weibull_softplus_unscaled@kappa_floor_link_flat15,uncheatable,panel_oof,0,4,77,1.09207996818404,
weibull_softplus_unscaled@kappa_floor_link_flat15,uncheatable,panel_oof,0,4,80,1.0828002770960699,
weibull_softplus_unscaled@kappa_floor_link_flat15,uncheatable,panel_oof,0,4,82,1.062697790724441,
weibull_softplus_unscaled@kappa_floor_link_flat15,uncheatable,panel_oof,0,4,103,1.107228136618264,
weibull_softplus_unscaled@kappa_floor_link_flat15,uncheatable,panel_oof,0,4,104,1.090758520081645,
weibull_softplus_unscaled@kappa_floor_link_flat15,uncheatable,panel_oof,0,4,114,1.0726591462391113,
weibull_softplus_unscaled@kappa_floor_link_flat15,uncheatable,panel_oof,0,4,118,1.066708911866367,
weibull_softplus_unscaled@kappa_floor_link_flat15,uncheatable,panel_oof,0,4,125,1.0078415209816172,
weibull_softplus_unscaled@kappa_floor_link_flat15,uncheatable,panel_oof,0,4,131,1.0635382662440738,
weibull_softplus_unscaled@kappa_floor_link_flat15,uncheatable,panel_oof,0,4,155,1.0534713377734604,
weibull_softplus_unscaled@kappa_floor_link_flat15,uncheatable,panel_oof,0,4,162,1.0650749448345929,
weibull_softplus_unscaled@kappa_floor_link_flat15,uncheatable,panel_oof,0,4,168,1.020425187669339,
weibull_softplus_unscaled@kappa_floor_link_flat15,uncheatable,panel_oof,0,4,178,1.0298321283433993,
weibull_softplus_unscaled@kappa_floor_link_flat15,uncheatable,panel_oof,0,4,179,1.0949387495260505,
weibull_softplus_unscaled@kappa_floor_link_flat15,uncheatable,panel_oof,0,4,186,1.0553958220085677,
weibull_softplus_unscaled@kappa_floor_link_flat15,uncheatable,panel_oof,0,4,193,1.0661685517668011,
weibull_softplus_unscaled@kappa_floor_link_flat15,uncheatable,panel_oof,0,4,199,1.07657053411016,
weibull_softplus_unscaled@kappa_floor_link_flat15,uncheatable,panel_oof,0,4,202,1.0627137955224493,
weibull_softplus_unscaled@kappa_floor_link_flat15,uncheatable,panel_oof,0,4,207,1.0879462063251149,
weibull_softplus_unscaled@kappa_floor_link_flat15,uncheatable,panel_oof,0,4,212,1.0740394893566645,
weibull_softplus_unscaled@kappa_floor_link_flat15,uncheatable,panel_oof,0,4,216,1.0736786594446768,
weibull_softplus_unscaled@kappa_floor_link_flat15,uncheatable,panel_oof,0,4,221,1.0521686330832105,
weibull_softplus_unscaled@kappa_floor_link_flat15,uncheatable,panel_oof,0,4,230,1.0504289610975348,
weibull_softplus_unscaled@kappa_floor_link_flat15,uncheatable,panel_oof,0,4,231,1.0644998189455048,
weibull_softplus_unscaled@kappa_floor_link_flat15,uncheatable,panel_oof,0,4,239,1.0738747260895662,
weibull_softplus_unscaled@kappa_floor_link_flat15,uncheatable,external_development,0,-1,delphi_3e18_39bucket:0066da643d35e694a311d26516399114a1c69adba1f7795b773b704d93c0e945,1.0533364747664595,0.0012217194006180576
weibull_softplus_unscaled@kappa_floor_link_flat15,uncheatable,external_development,0,-1,delphi_3e18_39bucket:015ce47db7b4ac2a312c1dfa614d699adb8526230f5a7355c112e4e546f4bb96,1.0368306071435767,0.0010810444127362492
weibull_softplus_unscaled@kappa_floor_link_flat15,uncheatable,external_development,0,-1,delphi_3e18_39bucket:01985d1f15bebd8fef77b5150d00df90b1460ff11f8dbeb34a83d3755d4831ca,0.999107119592704,0.0013797579461014406
weibull_softplus_unscaled@kappa_floor_link_flat15,uncheatable,external_development,0,-1,delphi_3e18_39bucket:02c70e578e5784e551eefe679886439d9c803cedd53b283f3333a0c5fbe3e5cf,1.044732256157263,0.0009309465939738856
weibull_softplus_unscaled@kappa_floor_link_flat15,uncheatable,external_development,0,-1,delphi_3e18_39bucket:037a604380dcbb0bd031ab6fe4d27d6f859ec425fb267f14b984c1fb545aefe5,1.0420678052033725,0.0011381556029115146
weibull_softplus_unscaled@kappa_floor_link_flat15,uncheatable,external_development,0,-1,delphi_3e18_39bucket:039e773502afbad67dfd37ee20068668a2092188b0245ddd91d40a1560e905f6,1.0074267029808621,0.0013504268708789935
weibull_softplus_unscaled@kappa_floor_link_flat15,uncheatable,external_development,0,-1,delphi_3e18_39bucket:06d61998a2b7fe732abe0607cc0fc7812e544c3828ed26a47d4283ddb7891cb9,1.0374053396600873,0.0011174734814349756
weibull_softplus_unscaled@kappa_floor_link_flat15,uncheatable,external_development,0,-1,delphi_3e18_39bucket:06f1f5c4286bcf9fe2c2ccf5d91303fe3cf919c815f3a926d5a2ff3de43fc683,1.045527351831121,0.0013269288597854757
weibull_softplus_unscaled@kappa_floor_link_flat15,uncheatable,external_development,0,-1,delphi_3e18_39bucket:073bad81517f75d40c9eb877348b38c8734b28dc6cb239c2089c9c35e9510223,1.0004089416185558,0.0017461796690886398
weibull_softplus_unscaled@kappa_floor_link_flat15,uncheatable,external_development,0,-1,delphi_3e18_39bucket:0788d5de28276914dae1c6388f1ab105867ad1d4a087d52bf0b8519d80129c89,1.037179413036196,0.0009773455773560088
weibull_softplus_unscaled@kappa_floor_link_flat15,uncheatable,external_development,0,-1,delphi_3e18_39bucket:07ec2043780a0d9df429ba7b4f371cf9415daa1341f5b29b929b522684e38b91,1.0327595188984842,0.002866509445162326
weibull_softplus_unscaled@kappa_floor_link_flat15,uncheatable,external_development,0,-1,delphi_3e18_39bucket:081b3e9c9806710005689ad55a35ca2b5545880488e77cee8042740337e79dfd,0.9915680884138443,0.0024472632903298794
weibull_softplus_unscaled@kappa_floor_link_flat15,uncheatable,external_development,0,-1,delphi_3e18_39bucket:082fedafa9e0b95f220f553903813794bb9dc21b592587587dd5fa4dca612f6c,1.0610945719352594,0.0015803360716463786
weibull_softplus_unscaled@kappa_floor_link_flat15,uncheatable,external_development,0,-1,delphi_3e18_39bucket:0849e8468f1ed33aa84061be6ed119421f912af5683193c8b0f037cee11a3763,1.0417353884598155,0.0012273594296827559
weibull_softplus_unscaled@kappa_floor_link_flat15,uncheatable,external_development,0,-1,delphi_3e18_39bucket:090b9d521ba31e364d7c8479c9c8b5369806b9c8557af616f883945e0307ccfb,0.9865686729488661,0.0013374625560015777
weibull_softplus_unscaled@kappa_floor_link_flat15,uncheatable,external_development,0,-1,delphi_3e18_39bucket:095c671d2e8d76d30acb22a88707854961f0bd8fa702605dcc65c6c64231b117,1.038636129484737,0.001243682993626977
weibull_softplus_unscaled@kappa_floor_link_flat15,uncheatable,external_development,0,-1,delphi_3e18_39bucket:09ab1aa79a519d8cbef31696066513a006253831fb687b610438ea9b39faef2c,1.0536594661310614,0.00187202079024128
weibull_softplus_unscaled@kappa_floor_link_flat15,uncheatable,external_development,0,-1,delphi_3e18_39bucket:09de561eed4cac3d6052c3e7ccd15b7d2bf21ffe6620953c40d04597b793517c,0.9912823628064831,0.0017969220629706045
weibull_softplus_unscaled@kappa_floor_link_flat15,uncheatable,external_development,0,-1,delphi_3e18_39bucket:0a4c90180e2e9f06b17432216267636bc90d169f9f68bad8b789d271cb541e26,1.0220862224344804,0.0011720926823433654
weibull_softplus_unscaled@kappa_floor_link_flat15,uncheatable,external_development,0,-1,delphi_3e18_39bucket:0a69a64824dbbec7bffe6fbd96bf614be79fa346a55fb8dad697d2aed91a31fe,0.9951738750028245,0.0028248688271849502
weibull_softplus_unscaled@kappa_floor_link_flat15,uncheatable,external_development,0,-1,delphi_3e18_39bucket:0bdc7ed5abac4cf71f3695dd33cb4ebeb179a0cbf41d9859e4d47fa71dcc9890,1.0384017064053657,0.0011760540760977457
weibull_softplus_unscaled@kappa_floor_link_flat15,uncheatable,external_development,0,-1,delphi_3e18_39bucket:0c6db73ff59b9cdac2e2428761ffc68d8764b26faefabce9cdbe0ad6133514fb,1.010135389270618,0.0010708780793074676
weibull_softplus_unscaled@kappa_floor_link_flat15,uncheatable,external_development,0,-1,delphi_3e18_39bucket:0c87eb28b1c95ec40d341aff414b3e73bc9300563def3b5d974082fe44509895,1.0383334946590903,0.0011045066623622936
weibull_softplus_unscaled@kappa_floor_link_flat15,uncheatable,external_development,0,-1,delphi_3e18_39bucket:0ceaf50f71a5360954adeab2244cb20579f98a42ad87a9a61d09e18433fe7860,1.0368938886303565,0.0010824629992024024
weibull_softplus_unscaled@kappa_floor_link_flat15,uncheatable,external_development,0,-1,delphi_3e18_39bucket:0d019862e6437cdaea853e5908403f80164cfeaa2305fa7fbfaafa4c22decd1c,1.0534134249507292,0.0016135179944709154
weibull_softplus_unscaled@kappa_floor_link_flat15,uncheatable,external_development,0,-1,delphi_3e18_39bucket:0da14a6e57c138c21227eebbd44f186ea18272987a7f24f9edce875f3f5c35b2,1.0365330702590927,0.0008189254649803001
weibull_softplus_unscaled@kappa_floor_link_flat15,uncheatable,external_development,0,-1,delphi_3e18_39bucket:0fb57d38488e9d032a8a2d6e385eebbe0bb87510b042d12426a68166e3ec53b2,1.0098659316248724,0.0009247807797186431
weibull_softplus_unscaled@kappa_floor_link_flat15,uncheatable,external_development,0,-1,delphi_3e18_39bucket:0feea1b96a7083ed86e477633fc1c9df6d6198dd4ea8753a30f116ddbf453981,1.054050175097015,0.001060889930200541
weibull_softplus_unscaled@kappa_floor_link_flat15,uncheatable,external_development,0,-1,delphi_3e18_39bucket:100cd66fd89a88c77157afcbddc20547cc115238f2281abf552b8c0d0374cc36,1.0534089593366485,0.001885986621164213
weibull_softplus_unscaled@kappa_floor_link_flat15,uncheatable,external_development,0,-1,delphi_3e18_39bucket:115087d05bce1abc0d1e7590a4cc0b36b643cd94c47ca5e044580bd8ff9fa514,0.9898189564343883,0.0026330273518685478
weibull_softplus_unscaled@kappa_floor_link_flat15,uncheatable,external_development,0,-1,delphi_3e18_39bucket:11779cf375492aed45ded6491e0158468a427484e8fd2f0823363b5961fadc1f,1.038598536622671,0.0011543304271732458
weibull_softplus_unscaled@kappa_floor_link_flat15,uncheatable,external_development,0,-1,delphi_3e18_39bucket:1186365305df843132a2b49cf1f4f3279bc6792218502b2ddb658ff6a8909811,1.0450151629114455,0.0013081706749984536
weibull_softplus_unscaled@kappa_floor_link_flat15,uncheatable,external_development,0,-1,delphi_3e18_39bucket:12d604c09575e6918d0c5273fb68b7ac720021d46bd7bf002aec8f2e388e7d73,1.0381184608360359,0.0010359302529911166
weibull_softplus_unscaled@kappa_floor_link_flat15,uncheatable,external_development,0,-1,delphi_3e18_39bucket:135c4820815edaaf0da56c8dc5f7697728f00c530e1af6d5c97db7883c693f3b,1.038016870444229,0.0010286339794525715
weibull_softplus_unscaled@kappa_floor_link_flat15,uncheatable,external_development,0,-1,delphi_3e18_39bucket:14ae27b209bb3f3e584f2a754f2f606b14c6a91a854a6960f5f2002189a9c63f,1.0002997116727244,0.0017812446490159343
weibull_softplus_unscaled@kappa_floor_link_flat15,uncheatable,external_development,0,-1,delphi_3e18_39bucket:1583e0fcd8684efdb53f5dba40c3ee266a316d16da17c423933aa17c59399bb4,0.9938966793354531,0.0025866324212291546
weibull_softplus_unscaled@kappa_floor_link_flat15,uncheatable,external_development,0,-1,delphi_3e18_39bucket:15c3e3115300d4216bc495f2d6a911ae81e09297053b4e3fd8413b93b1724706,1.0380070057645017,0.0011211432288440444
weibull_softplus_unscaled@kappa_floor_link_flat15,uncheatable,external_development,0,-1,delphi_3e18_39bucket:15cefcc71eaf2cb32279921de35d7fd07a1c62a60826b15c7da6d9680aca7d5a,1.0443457103147105,0.0013598809354048978
weibull_softplus_unscaled@kappa_floor_link_flat15,uncheatable,external_development,0,-1,delphi_3e18_39bucket:168c44d2006162a6a570833acdedfc0e9cbace3ee8b4582d93c0d17b9a8f62dc,1.0383353663192718,0.0012075129755608198
weibull_softplus_unscaled@kappa_floor_link_flat15,uncheatable,external_development,0,-1,delphi_3e18_39bucket:16d569d49dc699da09d873f84439c1b3d09b1fb0a49da1a014bdd6055ed7e867,1.0189739940874902,0.0016399675680751542
weibull_softplus_unscaled@kappa_floor_link_flat15,uncheatable,external_development,0,-1,delphi_3e18_39bucket:180f3fe5f075a653053c6abb3614d3d97e4e8bd81a9bf3339b610420a3e507e1,1.0246776468547039,0.005757595972603935
weibull_softplus_unscaled@kappa_floor_link_flat15,uncheatable,external_development,0,-1,delphi_3e18_39bucket:18a99a3351245092d3769f803d6ed42ad1446d61d00a6145d3ab0f7eb370ad43,1.0349869653009633,0.0009175435643299784
weibull_softplus_unscaled@kappa_floor_link_flat15,uncheatable,external_development,0,-1,delphi_3e18_39bucket:19e6d0a05b7cc0e501b20e580b9d694acf4b47aafcdbc8afc3840bc26b8e9183,1.0326261351488015,0.0007561274525574781
weibull_softplus_unscaled@kappa_floor_link_flat15,uncheatable,external_development,0,-1,delphi_3e18_39bucket:1abe87613ee3136eb10062b5549438b1593f06bc22629e4f06a79dc512925a09,0.9911024275815165,0.002281456123783226
weibull_softplus_unscaled@kappa_floor_link_flat15,uncheatable,external_development,0,-1,delphi_3e18_39bucket:1bd2258fc50c2f2300cfee3ccf288fcf65b55a83f6f4e754166ad83968fd2bc5,1.0400301390127051,0.0013524110149715429
weibull_softplus_unscaled@kappa_floor_link_flat15,uncheatable,external_development,0,-1,delphi_3e18_39bucket:1c82f47a17303f1c725bb67357c5df989e689eab6ce331e314ec3f25166ddb7f,1.0301492798439906,0.0005529651984256676
weibull_softplus_unscaled@kappa_floor_link_flat15,uncheatable,external_development,0,-1,delphi_3e18_39bucket:1f764babd33705edc89b9384b3ade86c50adefb121d72a48eead725f2f99fdbb,1.0475792229160166,0.0008067767292714494
weibull_softplus_unscaled@kappa_floor_link_flat15,uncheatable,external_development,0,-1,delphi_3e18_39bucket:1fe407b2a7e4115cdc2112c39a9854a82c434b11738b0b2dd1f7b59520c84b02,1.0334234203540258,0.0006937235511260122
weibull_softplus_unscaled@kappa_floor_link_flat15,uncheatable,external_development,0,-1,delphi_3e18_39bucket:202a3f2963f0ed3ef838aa9f839dd983ff320011e5f90369bb10036d62d3bf07,1.0380703796781687,0.0014731453739486487
weibull_softplus_unscaled@kappa_floor_link_flat15,uncheatable,external_development,0,-1,delphi_3e18_39bucket:2128777c4bf7443fc7122204d45cffef5ed9ca0a3758737f512f8ac019f2614e,1.044326300193656,0.0012837290727662572
weibull_softplus_unscaled@kappa_floor_link_flat15,uncheatable,external_development,0,-1,delphi_3e18_39bucket:217fcc24bb6f19269acad2fd83783863fb8c38fe10b23c82e8d4650e3c20af96,1.0029269260467981,0.003512897036715462
weibull_softplus_unscaled@kappa_floor_link_flat15,uncheatable,external_development,0,-1,delphi_3e18_39bucket:2217566357ae6eb4d1e0a63ed7d1b5f74bf85feb4a34fc2294075abf4779dc8a,0.9957062990728696,0.004172768847571752
weibull_softplus_unscaled@kappa_floor_link_flat15,uncheatable,external_development,0,-1,delphi_3e18_39bucket:22435fb72d5378f38e67f149c5327cefd8299de7f2802d207068e148a654d87a,0.9949007971191051,0.002798532836969842
weibull_softplus_unscaled@kappa_floor_link_flat15,uncheatable,external_development,0,-1,delphi_3e18_39bucket:22a7988dd0f948879fe6e14a81339e522012c662009155e7f837141a0aedb54d,1.0411588239912464,0.0011497739030418902
weibull_softplus_unscaled@kappa_floor_link_flat15,uncheatable,external_development,0,-1,delphi_3e18_39bucket:24181403664e888f5ff00f929ba54136d4c20243873de0479bbadd0a903d7e2e,1.0469210196386451,0.0012669158823020914
weibull_softplus_unscaled@kappa_floor_link_flat15,uncheatable,external_development,0,-1,delphi_3e18_39bucket:244c4cf1cc1aff8a4fa4a6620ac3c4e89194a0edec3d369e2d5c5a3ffc611fbd,1.0359659079115193,0.0009884803666447707
weibull_softplus_unscaled@kappa_floor_link_flat15,uncheatable,external_development,0,-1,delphi_3e18_39bucket:24a04b7131ccb2123cd83ebdebea1822f4208833dbaa020fb854f48dfeb82baa,1.0372468333216607,0.0009378979407714267
weibull_softplus_unscaled@kappa_floor_link_flat15,uncheatable,external_development,0,-1,delphi_3e18_39bucket:257cf9d7063698fc7195b8f86bda6fdb70aa44cc6560c09437872f7afc15b3c7,1.0373078477764675,0.0010142852248890563
weibull_softplus_unscaled@kappa_floor_link_flat15,uncheatable,external_development,0,-1,delphi_3e18_39bucket:2805171d708ffa47ad55eebdded48bbe9184de34aaa01c764857896330bd5ed8,0.9935374650056916,0.00219609987705691
weibull_softplus_unscaled@kappa_floor_link_flat15,uncheatable,external_development,0,-1,delphi_3e18_39bucket:282bea38b4b390edde05c433f2aa287cb076b5c90b87ddfff2ac785476ee2a80,1.0444491267890068,0.003006338830892758
weibull_softplus_unscaled@kappa_floor_link_flat15,uncheatable,external_development,0,-1,delphi_3e18_39bucket:28e9f00790cb0f3bd8eab6e67ab5ed390d4a8f9511b50e2c3b127fed84907f83,1.0372087206824758,0.001093222695218208
weibull_softplus_unscaled@kappa_floor_link_flat15,uncheatable,external_development,0,-1,delphi_3e18_39bucket:29879913509e18c14302d4122cd80d460dbe36a86de1b841546532b10ae498e9,0.9972777562256951,0.003197619017133613
weibull_softplus_unscaled@kappa_floor_link_flat15,uncheatable,external_development,0,-1,delphi_3e18_39bucket:299a6f250e2580967240f5ac6e8f3e6810fda3f8762c8a4f373c4b03d7aee9b1,1.0460374148071283,0.0014064827451656305
weibull_softplus_unscaled@kappa_floor_link_flat15,uncheatable,external_development,0,-1,delphi_3e18_39bucket:2a97310a9690d4c4d3fba3c8cf2f4c53bec70f4ee6e7bc2798951d5fce110b5c,1.0368105916666441,0.0010531299474286376
weibull_softplus_unscaled@kappa_floor_link_flat15,uncheatable,external_development,0,-1,delphi_3e18_39bucket:2b4110349a3372d8cdd796df984fe3dd3f6933ac30c77acc1b554a35885f884f,1.0345924812953333,0.0010383042087766933
weibull_softplus_unscaled@kappa_floor_link_flat15,uncheatable,external_development,0,-1,delphi_3e18_39bucket:2b989adc23ee2e9de7f2785a0f77bb06f18f1c8af0a8159044271123a563cdb9,0.9969687159063645,0.0022819262816682574
weibull_softplus_unscaled@kappa_floor_link_flat15,uncheatable,external_development,0,-1,delphi_3e18_39bucket:2ce3f8060361ed87fadf5817cc4086427964c54e0a33c206fcb381675b97ea5f,1.0374240851816952,0.0011172987930753605
weibull_softplus_unscaled@kappa_floor_link_flat15,uncheatable,external_development,0,-1,delphi_3e18_39bucket:2e081ca88a4ffb992e9ae7b70b9b191276a26b63479089cd5b158410e587852e,1.0207370022746027,0.0007223692058579214
weibull_softplus_unscaled@kappa_floor_link_flat15,uncheatable,external_development,0,-1,delphi_3e18_39bucket:2e1738bd99d25f424f7d12a0418d3b95df9b3cb8832b62a765de68ab5fdfe411,1.039716153155229,0.002843559169738007
weibull_softplus_unscaled@kappa_floor_link_flat15,uncheatable,external_development,0,-1,delphi_3e18_39bucket:2f021c092554cc1c442218ef631eef0b2b67a217256c18aa0380762934be6ef9,0.9916540850683138,0.0021671051800455986
weibull_softplus_unscaled@kappa_floor_link_flat15,uncheatable,external_development,0,-1,delphi_3e18_39bucket:2fd7ffa44744c71d0e734f0e0d4f05d854c74467a9c167f25018fd17cfe99306,1.0274646494270387,0.0006347221224468416
weibull_softplus_unscaled@kappa_floor_link_flat15,uncheatable,external_development,0,-1,delphi_3e18_39bucket:303bf27116162aaf5aad23c1dceb815464d35b45e7e0b3d737d78f0e445a7c48,1.013608325918681,0.0006299061650871376
weibull_softplus_unscaled@kappa_floor_link_flat15,uncheatable,external_development,0,-1,delphi_3e18_39bucket:307e2ea17fda955025a3eb6f93191ebffc2a9ec7af3c27ab44f0b073b39a03a0,1.0209034201411833,0.006395531612765843
weibull_softplus_unscaled@kappa_floor_link_flat15,uncheatable,external_development,0,-1,delphi_3e18_39bucket:3277a3d2dd0f9018971fbcb563df43c5c3d38d364fb0a15494e2fde4c841ab06,1.0380579123579476,0.0011524957267059486
weibull_softplus_unscaled@kappa_floor_link_flat15,uncheatable,external_development,0,-1,delphi_3e18_39bucket:329d432004aa55ff655af8af17bade03a9b3dd241ea3c9e87a7dbbeb1dc1b1d6,1.0339711784362295,0.0008830069495455631
weibull_softplus_unscaled@kappa_floor_link_flat15,uncheatable,external_development,0,-1,delphi_3e18_39bucket:3398acf60037cd5b4392f15953e36c3f7d33dfa5fb55428c42d6dc324f33ee6d,1.0455368155397728,0.0010623375271222933
weibull_softplus_unscaled@kappa_floor_link_flat15,uncheatable,external_development,0,-1,delphi_3e18_39bucket:3614e5ff6454c53dc1b4848cee125d2bf986629dee4783b90415bc92736347a1,0.9839529497710255,0.0015759013417699144
weibull_softplus_unscaled@kappa_floor_link_flat15,uncheatable,external_development,0,-1,delphi_3e18_39bucket:36c1fb12dabe2ea3b14dcba0b6662780fe8c2edd811e604dc693d72ef1aad4b2,1.0515784447037322,0.0013774138624402623
weibull_softplus_unscaled@kappa_floor_link_flat15,uncheatable,external_development,0,-1,delphi_3e18_39bucket:378ccee7c37fc46dc3d8e46e4b4332bddd5bd6559bdcb485d925508370a96bfe,1.037210383971564,0.0008923325564871538
weibull_softplus_unscaled@kappa_floor_link_flat15,uncheatable,external_development,0,-1,delphi_3e18_39bucket:38b51fbcfa5c77121be6726dc68a28ce5ab9452aefd61be07d82e359fbdedf79,0.9836330465204985,0.0015027732199638622
weibull_softplus_unscaled@kappa_floor_link_flat15,uncheatable,external_development,0,-1,delphi_3e18_39bucket:391b0859fe53bf6c9da14d9694a7f85f766f8d8225b48942c840d1f3bebe7876,0.996373699833103,0.001880529120933472
weibull_softplus_unscaled@kappa_floor_link_flat15,uncheatable,external_development,0,-1,delphi_3e18_39bucket:391d81c8e67fe577eba6e9ee08f60d31bf3c4e751a772944fa9e620fd84cebdb,1.020782247039329,0.0013703358616833621
weibull_softplus_unscaled@kappa_floor_link_flat15,uncheatable,external_development,0,-1,delphi_3e18_39bucket:39df5a66a6bcbdc5f52f9f37dfd15b1fdd08a415743db8fb17cc8b0512ac963f,1.065577142023344,0.003172750319247471
weibull_softplus_unscaled@kappa_floor_link_flat15,uncheatable,external_development,0,-1,delphi_3e18_39bucket:3a337cea08c5cd9c8a8b50d435117d13ca5818fbfbab1e6a87ff1e567e25c835,1.0385394316504137,0.001166261277322492
weibull_softplus_unscaled@kappa_floor_link_flat15,uncheatable,external_development,0,-1,delphi_3e18_39bucket:3c5d1d0ddb5500239d26944a313e0c966e43abfabc203fcdb07d5db66f8dc712,0.9944040951770496,0.002661314469866039
weibull_softplus_unscaled@kappa_floor_link_flat15,uncheatable,external_development,0,-1,delphi_3e18_39bucket:3d3cd30314fd09b91f22ba82b732e228369abd03b55a27da937e0bca5a083a0a,1.0350401126973332,0.000938778720077886
weibull_softplus_unscaled@kappa_floor_link_flat15,uncheatable,external_development,0,-1,delphi_3e18_39bucket:3d45f3bc22316f2c3a26d5af2662f5cc5b2e1214d7bf88bc7dfa2b034b89b076,0.9912275270620408,0.002269425492130121
weibull_softplus_unscaled@kappa_floor_link_flat15,uncheatable,external_development,0,-1,delphi_3e18_39bucket:3d7af05751d62a9d5ef924d05c8f988d625bdd60428e935601184be98b0ac0df,1.0400619524741814,0.0011202253078252335
weibull_softplus_unscaled@kappa_floor_link_flat15,uncheatable,external_development,0,-1,delphi_3e18_39bucket:3de18a523f9dbadd83062cb454ad019820e391183b58003dd91dda53a4b13e1b,1.0971836164475115,0.011334694383875639
weibull_softplus_unscaled@kappa_floor_link_flat15,uncheatable,external_development,0,-1,delphi_3e18_39bucket:3ec760a2d3f08ec7acbde5dd5b70f25acbb174767b5f8e54d028852120660c2d,0.9951095923339978,0.00257966113032287
weibull_softplus_unscaled@kappa_floor_link_flat15,uncheatable,external_development,0,-1,delphi_3e18_39bucket:3f18082665844ac4fa26e9c9e87ec9528a72d448eff278e6eb0fb7e1d4dc39bc,1.0029773863534015,0.0013808157404305694
weibull_softplus_unscaled@kappa_floor_link_flat15,uncheatable,external_development,0,-1,delphi_3e18_39bucket:410691cfb41376383b24b9260d41e57810fbaa6978569d90f35459312770dd15,1.044512230033102,0.0008498818405752613
weibull_softplus_unscaled@kappa_floor_link_flat15,uncheatable,external_development,0,-1,delphi_3e18_39bucket:4148bb820fc709c78f6daf88c6822b7f28c7d1aba87c815125bab9cc0c715d32,1.0383184666639216,0.007318706206707236
weibull_softplus_unscaled@kappa_floor_link_flat15,uncheatable,external_development,0,-1,delphi_3e18_39bucket:419ee81cda8173e88f7ada544fce6e041beb00f9371af74edf51e3240616e6ae,0.9889625613774993,0.002127551163447342
weibull_softplus_unscaled@kappa_floor_link_flat15,uncheatable,external_development,0,-1,delphi_3e18_39bucket:4287fd6ebf54e5dc56f478f75201af36dfaf1da75b19013f8ed1d1bb0d131b51,1.0504431951726168,0.0015834162143645292
weibull_softplus_unscaled@kappa_floor_link_flat15,uncheatable,external_development,0,-1,delphi_3e18_39bucket:42a399ba5c0ec06b23cf6c90f7a2d7bb620e8bf74eb4ae6131c11a97455e81cb,1.0504305778276826,0.002600275374683644
weibull_softplus_unscaled@kappa_floor_link_flat15,uncheatable,external_development,0,-1,delphi_3e18_39bucket:42d578942c429bb75d62f6e2a7b33a9636af248dbf978094a0685abfa6f6bef6,1.0465423481851084,0.0009208647449497567
weibull_softplus_unscaled@kappa_floor_link_flat15,uncheatable,external_development,0,-1,delphi_3e18_39bucket:435fc59b9f74ea68a12a16abcf01b49d1d751709400f056661ece786c4fb97f4,1.0402297392816406,0.0009753034165866948
weibull_softplus_unscaled@kappa_floor_link_flat15,uncheatable,external_development,0,-1,delphi_3e18_39bucket:43a1b832b41d7b3705abe45be2d9a39f606803f539c4bfc22f9bdb84abd4ecdd,1.0325043960397011,0.000758228394188919
weibull_softplus_unscaled@kappa_floor_link_flat15,uncheatable,external_development,0,-1,delphi_3e18_39bucket:43b243c94270528cefddfad2d85a2e86ee8e2e18b6fd46b04f3c346b72054bfc,1.037459047011809,0.0010301383785455667
weibull_softplus_unscaled@kappa_floor_link_flat15,uncheatable,external_development,0,-1,delphi_3e18_39bucket:44ce79a61450d4abf95809bf0fa221ae9d748008c8b5ae22fd8d3212c27a3fea,0.9964368114987331,0.0025586937508836256
weibull_softplus_unscaled@kappa_floor_link_flat15,uncheatable,external_development,0,-1,delphi_3e18_39bucket:450946512768dd9a9e7ac0b8b0bfe70503c57901a1407ee4764ad2b8be47d6fc,1.0894458140518668,0.0030591610442561165
weibull_softplus_unscaled@kappa_floor_link_flat15,uncheatable,external_development,0,-1,delphi_3e18_39bucket:454b420da2501cc8413ce34639b91fba6c924e92d4acb602a12a4188a7bbac06,1.0014555819867719,0.001575215428199058
weibull_softplus_unscaled@kappa_floor_link_flat15,uncheatable,external_development,0,-1,delphi_3e18_39bucket:45c4ebe12e4506146427d7cf86c80df51ee3636fdc90eec46c6fbcda132736d3,1.040415056748885,0.0010875830923261698
weibull_softplus_unscaled@kappa_floor_link_flat15,uncheatable,external_development,0,-1,delphi_3e18_39bucket:46346afc1e8f516e3cf8db030395bc5bdba3094e0d1d6ce3d9212fbb3736b08f,1.0512340768148436,0.0013265827716137809
weibull_softplus_unscaled@kappa_floor_link_flat15,uncheatable,external_development,0,-1,delphi_3e18_39bucket:4656bf4bdeffbc234b5b12cc443ad2055c6daa70555f643727a48d11562171df,1.0362267219811394,0.0008404271973176637
weibull_softplus_unscaled@kappa_floor_link_flat15,uncheatable,external_development,0,-1,delphi_3e18_39bucket:479b4c0d010ec8af266c712fad85c52a6b25371b206b9d3bea78ede611674b9e,1.0687478126118188,0.002666844199596518
weibull_softplus_unscaled@kappa_floor_link_flat15,uncheatable,external_development,0,-1,delphi_3e18_39bucket:47f173bc0284dd1f8264d5a01dd8a2fcd9c04165efed2d185d16e1684ae02254,0.9996299885507374,0.001358390384043545
weibull_softplus_unscaled@kappa_floor_link_flat15,uncheatable,external_development,0,-1,delphi_3e18_39bucket:4925c3287b201af1db9d1972026e9bf6b2b76a75673de01b83cd6af4965a90c1,0.9945438516618104,0.002404883009500603
weibull_softplus_unscaled@kappa_floor_link_flat15,uncheatable,external_development,0,-1,delphi_3e18_39bucket:49605a406a87e4b29ff1058b67cff48d00f583ed007d73fd163a37ab3f1ef415,0.9946433994926455,0.002005990285622682
weibull_softplus_unscaled@kappa_floor_link_flat15,uncheatable,external_development,0,-1,delphi_3e18_39bucket:4bea36f1a59704fdf3254fce13b499f62c5ce572c840a274eab13868a56e5f0c,1.0389636354820588,0.001095621743673287
weibull_softplus_unscaled@kappa_floor_link_flat15,uncheatable,external_development,0,-1,delphi_3e18_39bucket:4d2a9f8e18ebd65e0860eaa7996c71b4bc666ece79a59f99599bf658eaaf1ca6,1.0700190428592775,0.004894455526133596
weibull_softplus_unscaled@kappa_floor_link_flat15,uncheatable,external_development,0,-1,delphi_3e18_39bucket:4dcd25089f067b1c4aa3d94b5a6046e58c872c7192b21d095899daf4324f9073,1.086062387329938,0.005013320059887092
weibull_softplus_unscaled@kappa_floor_link_flat15,uncheatable,external_development,0,-1,delphi_3e18_39bucket:4e32a5e9dd28c61c48e02bb2a44b9b07dfd0aba290fffff332f5119d1899e78e,1.0379087439809922,0.0011706557572008106
weibull_softplus_unscaled@kappa_floor_link_flat15,uncheatable,external_development,0,-1,delphi_3e18_39bucket:4f14ed9f6b84f8d07a49a046c1f0bc460e6188f73344c8a04a447d11f045e2fb,1.0369336829155409,0.0013435267432967556
weibull_softplus_unscaled@kappa_floor_link_flat15,uncheatable,external_development,0,-1,delphi_3e18_39bucket:5117115fda784e176c6f2f6b252905a9552ad3c50be88f0849fedb7b153ef185,1.040937514845076,0.000988438430008055
weibull_softplus_unscaled@kappa_floor_link_flat15,uncheatable,external_development,0,-1,delphi_3e18_39bucket:514be0373f3adf0fa2a0f1d347bb9657c5a350d6221c93c56156da4fca342645,1.0309971319644533,0.00692841667009486
weibull_softplus_unscaled@kappa_floor_link_flat15,uncheatable,external_development,0,-1,delphi_3e18_39bucket:51ba2b4f2f488f8c496f545e752754c9e324fea095988aeafc121d14587f9440,0.9889985621806839,0.0023356904891762825
weibull_softplus_unscaled@kappa_floor_link_flat15,uncheatable,external_development,0,-1,delphi_3e18_39bucket:520b93fe83078f785e1745d02d62d4de498b2d844861b920f20ad9fddb96d966,1.007828754988957,0.0034238547521790847
weibull_softplus_unscaled@kappa_floor_link_flat15,uncheatable,external_development,0,-1,delphi_3e18_39bucket:5268fc7970fdd1757c78b3d28d3b4a01e39ae7eb48d9eff786688b6aa8419e2c,1.044308738093868,0.0010927358437231463
weibull_softplus_unscaled@kappa_floor_link_flat15,uncheatable,external_development,0,-1,delphi_3e18_39bucket:52eef22c85f32ba5c3c3bbd6b018e3ef32c028af3c84a8cce95f051e36bdb0ef,1.0387966337613648,0.0009056056716754863
weibull_softplus_unscaled@kappa_floor_link_flat15,uncheatable,external_development,0,-1,delphi_3e18_39bucket:5302a3d504bc827eb82480e47fa5f9369b2a34a9073980d5a79b7b11472c3d35,0.9901092487730999,0.002237036583853373
weibull_softplus_unscaled@kappa_floor_link_flat15,uncheatable,external_development,0,-1,delphi_3e18_39bucket:5304e9320d8a83ce4fc5f0c3d55748a46b482bd39654250154a2e9b9b1f11612,0.9937956709270586,0.0022970763453431567
weibull_softplus_unscaled@kappa_floor_link_flat15,uncheatable,external_development,0,-1,delphi_3e18_39bucket:547f1880e12c632add60347ae92abf186e58bd4549de02831f05f117476ccd27,0.9934586951149216,0.0025891137092441644
weibull_softplus_unscaled@kappa_floor_link_flat15,uncheatable,external_development,0,-1,delphi_3e18_39bucket:55870bf717d572ace521b0a7c6b31246156cc64b0ab6dd344e4f110a1c37e000,1.0381129317514213,0.0013990641866590506
weibull_softplus_unscaled@kappa_floor_link_flat15,uncheatable,external_development,0,-1,delphi_3e18_39bucket:5653d17dd718ed001c50f11b1296a0b6c437549494c3ad1c8cb1b53da2629181,1.0661119820749212,0.00895990692814126
weibull_softplus_unscaled@kappa_floor_link_flat15,uncheatable,external_development,0,-1,delphi_3e18_39bucket:569f2fae296c65c150355a111967e64f0458d6d4e4e6695bdad8510e2d957522,0.9957582319529468,0.002940076847532901
weibull_softplus_unscaled@kappa_floor_link_flat15,uncheatable,external_development,0,-1,delphi_3e18_39bucket:577ebf44b0802041939fa396b991d55566e0430342ea4e86916d0a09526dfc7b,1.0099870407258194,0.0008800298043391921
weibull_softplus_unscaled@kappa_floor_link_flat15,uncheatable,external_development,0,-1,delphi_3e18_39bucket:57e67b1e673016dfe6e90bf3eec613b57b4f45fb8628057d9be4b6887b097974,1.0365974539709895,0.0010557943746040516
weibull_softplus_unscaled@kappa_floor_link_flat15,uncheatable,external_development,0,-1,delphi_3e18_39bucket:587d99c210755fe678009083951edbaf5f30125b9a9228c07223908788f4efbf,1.0018304313331206,0.0014959428310864658
weibull_softplus_unscaled@kappa_floor_link_flat15,uncheatable,external_development,0,-1,delphi_3e18_39bucket:593cd68cc1f7693b8781f426fd8bf633d814852c98cef69f1dc0e05aa749a4a8,1.039155221472286,0.001027091661702736
weibull_softplus_unscaled@kappa_floor_link_flat15,uncheatable,external_development,0,-1,delphi_3e18_39bucket:5969f449d772b308738c1973bb8124a9388da3145bdcd4dbf580903e8aa5ae45,1.0033543695265952,0.003174119801209903
weibull_softplus_unscaled@kappa_floor_link_flat15,uncheatable,external_development,0,-1,delphi_3e18_39bucket:5a6c87e0a035e4d18b7e137b2cc16b00806f8d1ef126cc1b3e98ec648866cd95,1.0055935191049845,0.003130800975547287
weibull_softplus_unscaled@kappa_floor_link_flat15,uncheatable,external_development,0,-1,delphi_3e18_39bucket:5a988330e74f91960f06cf673b3d4fb431b8fa721e3c7765a95b86088e8b3640,1.0372434538285331,0.0008613789505383209
weibull_softplus_unscaled@kappa_floor_link_flat15,uncheatable,external_development,0,-1,delphi_3e18_39bucket:5a9ed51807418fe4ffaa4a95d2420907cd771b791ccbe7a8b543f2adf9061a8e,1.0381418501874542,0.0010485685698385528
weibull_softplus_unscaled@kappa_floor_link_flat15,uncheatable,external_development,0,-1,delphi_3e18_39bucket:5bab89a350083bbb82d43430d716a115110122a55cabce94a4c485ba7cfc7890,0.9887517996821233,0.002295966100808056
weibull_softplus_unscaled@kappa_floor_link_flat15,uncheatable,external_development,0,-1,delphi_3e18_39bucket:5baf1bd5753c211b529cb2dfdeb4556a9e7d9e60dca85172f893af225d6a49b6,1.037151723106511,0.0010813151329151654
weibull_softplus_unscaled@kappa_floor_link_flat15,uncheatable,external_development,0,-1,delphi_3e18_39bucket:5d327ac229879291117268bc6336e58c8152465241259a6f06a7977096c2cbab,1.0017836363767973,0.006710514704773873
weibull_softplus_unscaled@kappa_floor_link_flat15,uncheatable,external_development,0,-1,delphi_3e18_39bucket:5d3c191f384bc2fdb869709ada4835079a8ea387a239c05a383b6d50feb82419,1.0802663381561817,0.0045095334667553345
weibull_softplus_unscaled@kappa_floor_link_flat15,uncheatable,external_development,0,-1,delphi_3e18_39bucket:5d81c990ff3f85d604963810f29b83410738a33c030bdad16230497701c673cc,0.9988182105921892,0.0016169266544705646
weibull_softplus_unscaled@kappa_floor_link_flat15,uncheatable,external_development,0,-1,delphi_3e18_39bucket:5da4a1f0602a1c573a15377a4719b3b792d3be63656c74bcdef8bd988e67c292,0.9901745966981791,0.003293815541355609
weibull_softplus_unscaled@kappa_floor_link_flat15,uncheatable,external_development,0,-1,delphi_3e18_39bucket:5df7ed0b68454fcec31de8326a1e4b7f97af17db946f06b0c2c6be55a0a58023,1.0589428493145716,0.001753956418065793
weibull_softplus_unscaled@kappa_floor_link_flat15,uncheatable,external_development,0,-1,delphi_3e18_39bucket:5e82fa8032d14849cb8dc9fd8900615e0f644f4dcc5f56d9fdcb7be65d280bd9,1.0377201533471299,0.0011361191565067966
weibull_softplus_unscaled@kappa_floor_link_flat15,uncheatable,external_development,0,-1,delphi_3e18_39bucket:5f70df28cce5d870961ea81fd9171415d174214efb666d244008771b3f8a8132,0.9992908844833059,0.0011899446549969055
weibull_softplus_unscaled@kappa_floor_link_flat15,uncheatable,external_development,0,-1,delphi_3e18_39bucket:5f8f1118125ab64ed7032396f431fe7a879ad10627850bcd4cebb2b9c12c9c22,1.036942354438125,0.0010747194794452916
weibull_softplus_unscaled@kappa_floor_link_flat15,uncheatable,external_development,0,-1,delphi_3e18_39bucket:5fa5cf047ffb05b34ab17af47ca76b8ed3cf45d172b6ee69c5619c55231222bc,1.0369962536467245,0.001008528345716267
weibull_softplus_unscaled@kappa_floor_link_flat15,uncheatable,external_development,0,-1,delphi_3e18_39bucket:5fb6419e901016333ce5c075f123385864a29743541a4465e59b81d1d53f1921,0.9872122420984514,0.001378248753192625
weibull_softplus_unscaled@kappa_floor_link_flat15,uncheatable,external_development,0,-1,delphi_3e18_39bucket:6233cb472d97f01738aec435e826103682ccfd8390ef3bf6783341c9818b9043,0.9980725588552377,0.0016039942016605735
weibull_softplus_unscaled@kappa_floor_link_flat15,uncheatable,external_development,0,-1,delphi_3e18_39bucket:635528e5e2a0e881124caf31eb8cf68a81b7afe38b50630e57e736edbdd31013,1.0010514322153254,0.0007941642023710103
weibull_softplus_unscaled@kappa_floor_link_flat15,uncheatable,external_development,0,-1,delphi_3e18_39bucket:643213b3d69a274b198c42fc5df8e2e33accfef69d26786274a4e3f0d3ff1eba,0.9912572312404475,0.001957590800188733
weibull_softplus_unscaled@kappa_floor_link_flat15,uncheatable,external_development,0,-1,delphi_3e18_39bucket:64f4ce182df0f4dc266d00d5177554ae26d369be6d6fdc42e4020ce4c159e038,1.0053450359284852,0.0019503987452536206
weibull_softplus_unscaled@kappa_floor_link_flat15,uncheatable,external_development,0,-1,delphi_3e18_39bucket:657cba1c0ea3a729af39bff18b4377567929bd7f9ece5bd5dd9fe573efdf1846,1.0476428938542126,0.0012298146937324754
weibull_softplus_unscaled@kappa_floor_link_flat15,uncheatable,external_development,0,-1,delphi_3e18_39bucket:65ccd2db176dadefe0a7cf70618e1e83b58fd25b8cdb66dafce02ef9cc006744,1.0384420744483909,0.0013560026429906874
weibull_softplus_unscaled@kappa_floor_link_flat15,uncheatable,external_development,0,-1,delphi_3e18_39bucket:65d781957ad30514765e476d9aef03613f438cb06683bdb6e47eeadeb5f9a3d0,1.0365354295492548,0.0010539349234055689
weibull_softplus_unscaled@kappa_floor_link_flat15,uncheatable,external_development,0,-1,delphi_3e18_39bucket:661739490c9b84b6c95c10cd02b37a24bbca1d52fa7a8b7e180f2963642f363a,1.038867011559307,0.0012059918071411389
weibull_softplus_unscaled@kappa_floor_link_flat15,uncheatable,external_development,0,-1,delphi_3e18_39bucket:665264aa06d922541d30ea5dffa5ab727ff9eecc9ba769dc6409f816a5ea281e,1.033508684055675,0.0011610548014265518
weibull_softplus_unscaled@kappa_floor_link_flat15,uncheatable,external_development,0,-1,delphi_3e18_39bucket:6683ff87838073a568adf59ff7c6498c94372836209739b03bbd5d504c540273,1.0373173315576971,0.0011531493182811072
weibull_softplus_unscaled@kappa_floor_link_flat15,uncheatable,external_development,0,-1,delphi_3e18_39bucket:67219c03d0898c3bde8548203483153b8dab3ed4fff577a865554213c097934e,1.0032512174663333,0.003262903814855928
weibull_softplus_unscaled@kappa_floor_link_flat15,uncheatable,external_development,0,-1,delphi_3e18_39bucket:67c596ca345b4ee037b293caa94b2bf053cca70944eb5962eb9081967b56c5a1,1.0520912582235846,0.003262803785758592
weibull_softplus_unscaled@kappa_floor_link_flat15,uncheatable,external_development,0,-1,delphi_3e18_39bucket:6804300e425006b08f97520a7f6c9bba13378a0b6b02edcbfec5611e5ca0c44d,0.997266505267387,0.0027229505091183157
weibull_softplus_unscaled@kappa_floor_link_flat15,uncheatable,external_development,0,-1,delphi_3e18_39bucket:68195b7435e250fecfae0a4a43494aec7a31a5058003835e9123c0d9e17c5779,1.0373243679124882,0.0010890429873354382
weibull_softplus_unscaled@kappa_floor_link_flat15,uncheatable,external_development,0,-1,delphi_3e18_39bucket:685f65df9a5d97bc32080e3b868a666285be0939d78e0a811d378657ee757244,0.9884687116340708,0.0021989946914144414
weibull_softplus_unscaled@kappa_floor_link_flat15,uncheatable,external_development,0,-1,delphi_3e18_39bucket:6a6a57cc90489b1821b2d65721b9c2e1d907405a1cb08fb12b0a637f75a245c7,1.0495507073005825,0.0012953461030176725
weibull_softplus_unscaled@kappa_floor_link_flat15,uncheatable,external_development,0,-1,delphi_3e18_39bucket:6b35fe0f0f1836e028d532783d26a896a624c7a1b735b664c912826d6046ade7,1.037509640127787,0.0011137603628938774
weibull_softplus_unscaled@kappa_floor_link_flat15,uncheatable,external_development,0,-1,delphi_3e18_39bucket:6be8998407711e41d66a8387ce4264ca2d324918221eafcce587dcead56348cf,0.9973576346920257,0.002136610862229875
weibull_softplus_unscaled@kappa_floor_link_flat15,uncheatable,external_development,0,-1,delphi_3e18_39bucket:6c651e55ddca05236b7de3e3673e1b135e1bafa15edb691f8d6ccfe12505a49c,1.0061474297573554,0.0004984156352922202
weibull_softplus_unscaled@kappa_floor_link_flat15,uncheatable,external_development,0,-1,delphi_3e18_39bucket:6eff5c2c6d0c6033485ec4cb97a6edae6de89063ea34c89f669ff4e4e0629eea,1.0434186517794029,0.0014088505455441185
weibull_softplus_unscaled@kappa_floor_link_flat15,uncheatable,external_development,0,-1,delphi_3e18_39bucket:6f2ceecb1630469201c7035fa1c46b5e3575989940074cd8c176f47a5250cda2,1.0407887991231097,0.001212349061476448
weibull_softplus_unscaled@kappa_floor_link_flat15,uncheatable,external_development,0,-1,delphi_3e18_39bucket:6f5f12ad402436790f3d03055f3eb56f3931fe179faa1d08d6bfed2b23726d8d,1.0277439437212021,0.007587334996748347
weibull_softplus_unscaled@kappa_floor_link_flat15,uncheatable,external_development,0,-1,delphi_3e18_39bucket:7085b12019ff35a054c005d424eb8596134e288c7ecaa2596bb4b5711eb66326,1.000245533787219,0.0031372349307271343
weibull_softplus_unscaled@kappa_floor_link_flat15,uncheatable,external_development,0,-1,delphi_3e18_39bucket:7132c13eee4b70ca34a33f9a9ae7366f1bfa0fced8aaf9fa0323bc319b97506a,1.0411639318461186,0.0011096018587654368
weibull_softplus_unscaled@kappa_floor_link_flat15,uncheatable,external_development,0,-1,delphi_3e18_39bucket:71eb42d48f6b6a336390c690ce1e47364dfe485e2a4f06e168075c88b0def0a9,1.078766995794671,0.0042678758319070085
weibull_softplus_unscaled@kappa_floor_link_flat15,uncheatable,external_development,0,-1,delphi_3e18_39bucket:73b73bcfae2235917fe2f1124d67bf7e8f4de12dc6dcc34da1357fa35965dccd,1.0390608300234323,0.001270667586612227
weibull_softplus_unscaled@kappa_floor_link_flat15,uncheatable,external_development,0,-1,delphi_3e18_39bucket:73e4938531467186d1056d6cf58b170c580574db409beae1e74fb1f8405d458a,1.0377481517966902,0.0010251098768279292
weibull_softplus_unscaled@kappa_floor_link_flat15,uncheatable,external_development,0,-1,delphi_3e18_39bucket:742dd349c1fbc18af63f516a37aaff216490071ad5e744e3cf744b4b49367d40,1.0452921413491056,0.0017110783713947557
weibull_softplus_unscaled@kappa_floor_link_flat15,uncheatable,external_development,0,-1,delphi_3e18_39bucket:74bdb4e6f472459381f30133f60e19e24a54f6c7d8a9fc845b5471d668934b4d,1.0174754905540848,0.0025788429242661333
weibull_softplus_unscaled@kappa_floor_link_flat15,uncheatable,external_development,0,-1,delphi_3e18_39bucket:779582b98316a575f87b769bfc22d3510587f0f16a442ad2616825ec6f00f94d,1.037531866889295,0.0010780194701844074
weibull_softplus_unscaled@kappa_floor_link_flat15,uncheatable,external_development,0,-1,delphi_3e18_39bucket:789182d5189317aa9b8640cc1bce52e2c170dc32657677d3a4108620bcbb7f05,1.0420160470859363,0.0013063891199840902
weibull_softplus_unscaled@kappa_floor_link_flat15,uncheatable,external_development,0,-1,delphi_3e18_39bucket:78b2e8346a4519dfef462b8376a77bc4e1d601f8933e6641020cf0eb7e48efc0,1.0235480518807751,0.0006235240637403548
weibull_softplus_unscaled@kappa_floor_link_flat15,uncheatable,external_development,0,-1,delphi_3e18_39bucket:79342538155564afca7e514f857df1aab57ae43c2a727fc37d051d30c6d25bbd,1.061908878311669,0.0020061468598561805
weibull_softplus_unscaled@kappa_floor_link_flat15,uncheatable,external_development,0,-1,delphi_3e18_39bucket:79b7dc536837224e4eff768fb8683996c85a942a48afb91148b576ea01130da8,1.0374078230389057,0.0007168628444961018
weibull_softplus_unscaled@kappa_floor_link_flat15,uncheatable,external_development,0,-1,delphi_3e18_39bucket:79faa6a5b2de9e64c364af44aaa762e31a637c87c7c6d57002f957ef71cbeb84,0.9955577822006625,0.0025451769224092077
weibull_softplus_unscaled@kappa_floor_link_flat15,uncheatable,external_development,0,-1,delphi_3e18_39bucket:7a8a1571857b7cc2f62797b819c02b7601a261a232ede9b2b2a40a8e02631529,1.0379254639387452,0.0018152610566043578
weibull_softplus_unscaled@kappa_floor_link_flat15,uncheatable,external_development,0,-1,delphi_3e18_39bucket:7ab74cb0c3631183b76fefb3117496ce670fa45cf520e299bb7f3bce074e8658,1.0722920523408992,0.003096046431884177
weibull_softplus_unscaled@kappa_floor_link_flat15,uncheatable,external_development,0,-1,delphi_3e18_39bucket:7c9cf8d99e2a20bfcf7060b220169c9ae7c13a5c2cfaa96022cc97b063759fec,1.0063754063122878,0.0007057208916151118
weibull_softplus_unscaled@kappa_floor_link_flat15,uncheatable,external_development,0,-1,delphi_3e18_39bucket:7d6e5bdf2421a78af620ea6ac7975078e405a629c7642ced529ef76b1f6bba54,1.0419687277642624,0.007558951523776975
weibull_softplus_unscaled@kappa_floor_link_flat15,uncheatable,external_development,0,-1,delphi_3e18_39bucket:7e50a540822cd1f63f18761885d1cd012c7c060ebeb687febf7e9be0ca69e06f,1.04176547412585,0.001409047856067645
weibull_softplus_unscaled@kappa_floor_link_flat15,uncheatable,external_development,0,-1,delphi_3e18_39bucket:7e55a3661a634ab042b0d907f35856d18f479e608ad474942aa5a6ecf7f9f033,0.9976301646355565,0.0015917972335111952
weibull_softplus_unscaled@kappa_floor_link_flat15,uncheatable,external_development,0,-1,delphi_3e18_39bucket:7ea661be2a7587559cb8925e1eb21820cb040c4cd7a883b0f24803c308d3fb41,0.9955830667482196,0.002748377780712256
weibull_softplus_unscaled@kappa_floor_link_flat15,uncheatable,external_development,0,-1,delphi_3e18_39bucket:7ed367f16179f0147cfe76808f461bb876363b57665b8e5485529577f7dd5210,0.9989837600111773,0.0010960120354221203
weibull_softplus_unscaled@kappa_floor_link_flat15,uncheatable,external_development,0,-1,delphi_3e18_39bucket:80b7399fe369d7309377bca271430df48654b77c59f6f9809f09f49a62c14c95,0.9892225370637604,0.0027002698588151097
weibull_softplus_unscaled@kappa_floor_link_flat15,uncheatable,external_development,0,-1,delphi_3e18_39bucket:80c15a27d3c6defe26f889f7936ebab693f93a38ab4040725e65f243f2688f9e,1.0583065735030042,0.0017231410933035616
weibull_softplus_unscaled@kappa_floor_link_flat15,uncheatable,external_development,0,-1,delphi_3e18_39bucket:80cd1b3538923f0a877e5c9e8a78b526e337a71951c52c3ed2fabe91e7daeb69,0.9923370724152096,0.002490888520018454
weibull_softplus_unscaled@kappa_floor_link_flat15,uncheatable,external_development,0,-1,delphi_3e18_39bucket:80ef0b613e000a82657443770642af353463be1258804e7d9a261d13e6d4476b,1.0160632249386825,0.006574184130219396
weibull_softplus_unscaled@kappa_floor_link_flat15,uncheatable,external_development,0,-1,delphi_3e18_39bucket:81329096cd24fadc9f75ffda9d87c90de1dd4f27e19160c1a0ab25986bc2213e,0.9966854076530207,0.0022713983562253817
weibull_softplus_unscaled@kappa_floor_link_flat15,uncheatable,external_development,0,-1,delphi_3e18_39bucket:81cb45a36b39811750d0ff0f4375bddfcf30514d23437ee76f5f2fb9aeef22de,0.9908994656245962,0.0023039978993943514
weibull_softplus_unscaled@kappa_floor_link_flat15,uncheatable,external_development,0,-1,delphi_3e18_39bucket:83255fbba7f49b8b85c42635b9dfbb84761b39c2df55f527fecbf415d75bdb19,0.9831862226483468,0.0015056532495631115
weibull_softplus_unscaled@kappa_floor_link_flat15,uncheatable,external_development,0,-1,delphi_3e18_39bucket:834ca3cc6431aa04fe7c1039a47a2b6cb51197eca105e28b5fdd395b13a59c18,1.037039649743011,0.0012020032996982405
weibull_softplus_unscaled@kappa_floor_link_flat15,uncheatable,external_development,0,-1,delphi_3e18_39bucket:848ee17fdc86ef605e6b967b8be1b2327ef85ba9fcd80de8caf8ec6cb2bfae35,1.043135104822297,0.001215485201174102
weibull_softplus_unscaled@kappa_floor_link_flat15,uncheatable,external_development,0,-1,delphi_3e18_39bucket:851897897f6a702a132a53ae8f04f9f597629831dfbe696325a3cb4810870279,1.0384490908930322,0.0010164663112095815
weibull_softplus_unscaled@kappa_floor_link_flat15,uncheatable,external_development,0,-1,delphi_3e18_39bucket:85cf736312d9c54d30d33e799831eace88d4de508ed9795dc06bd89296394ffd,1.0033834185325545,0.0012408573099943832
weibull_softplus_unscaled@kappa_floor_link_flat15,uncheatable,external_development,0,-1,delphi_3e18_39bucket:86420d557a137f4d0cf021827bb1dfd00123496c140b53f73d1886b1fcfec8be,1.0381809876459243,0.0011289513362038742
weibull_softplus_unscaled@kappa_floor_link_flat15,uncheatable,external_development,0,-1,delphi_3e18_39bucket:869e1d284e219525aaf5d7d275906629688a62da31308f8af724cf8e4e5d9f87,0.9972553703865011,0.002098220339179019
weibull_softplus_unscaled@kappa_floor_link_flat15,uncheatable,external_development,0,-1,delphi_3e18_39bucket:87080ec1cfff7cc2b32c2fdc42c41a6796e01bcbfb8616fe6e2dde53b69a4109,1.0701920513501375,0.0027442591197925593
weibull_softplus_unscaled@kappa_floor_link_flat15,uncheatable,external_development,0,-1,delphi_3e18_39bucket:8742e8c2e0296f55b1c137dd55f16cb74ac4383a6910e9d287ebe64de86fef97,0.9966185153275346,0.002465569982021804
weibull_softplus_unscaled@kappa_floor_link_flat15,uncheatable,external_development,0,-1,delphi_3e18_39bucket:8764bd229418c70dbbe599973cafc92f4d5c6b32008b9660f4dc1c2b9ea05ee6,0.9875796843860483,0.0021257061239575077
weibull_softplus_unscaled@kappa_floor_link_flat15,uncheatable,external_development,0,-1,delphi_3e18_39bucket:87837653d9cdc600c37c55a28dbdbbafffdc6e81c912de2423ff4dd6118f5f0a,1.0364954335269272,0.0010726735061897417
weibull_softplus_unscaled@kappa_floor_link_flat15,uncheatable,external_development,0,-1,delphi_3e18_39bucket:8784616bf6a6f4416513634feed4c1d09697d7626e853b9132f5d5b1a5ec5286,1.038511902808997,0.0011694019757053922
weibull_softplus_unscaled@kappa_floor_link_flat15,uncheatable,external_development,0,-1,delphi_3e18_39bucket:87be168549724da95ae6d032411d12303a0ae7fc9c2ecc38ead4f252668fcd3d,1.0432260888276816,0.001140611962940421
weibull_softplus_unscaled@kappa_floor_link_flat15,uncheatable,external_development,0,-1,delphi_3e18_39bucket:886ef9a3b6898b33d1cbfe224fde8ae46669dd21b00953a088e52e85aea29e34,1.053977491603755,0.0017832812716442228
weibull_softplus_unscaled@kappa_floor_link_flat15,uncheatable,external_development,0,-1,delphi_3e18_39bucket:888cfaf89d4295f594e70e228c529e053cfd95543a8db5dfe5873174591305d6,0.9901896178828643,0.0025002914058035544
weibull_softplus_unscaled@kappa_floor_link_flat15,uncheatable,external_development,0,-1,delphi_3e18_39bucket:88da80acdbb077326baf06c1ee5ed44df4ccf2d1c95d0225144a1ef721799941,1.0369491431071631,0.0010542435674495217
weibull_softplus_unscaled@kappa_floor_link_flat15,uncheatable,external_development,0,-1,delphi_3e18_39bucket:8910b0578fdda4c18bd7e50f1db6f6ae52d07ac262aa4cb6226715890111fba5,1.0387065501944148,0.0007679403230303481
weibull_softplus_unscaled@kappa_floor_link_flat15,uncheatable,external_development,0,-1,delphi_3e18_39bucket:8a5e02daa1e8fdf2a742a34c43f9a70bb723cb9f61bc5fcfe9694679bdaca30e,1.0369732068957882,0.0010522860231024548
weibull_softplus_unscaled@kappa_floor_link_flat15,uncheatable,external_development,0,-1,delphi_3e18_39bucket:8b6fc2228a641c15336b0a2f6243168c75a92ef85a25feac87bdbcb80fa0ce3e,0.9832471203481524,0.0015212888688384103
weibull_softplus_unscaled@kappa_floor_link_flat15,uncheatable,external_development,0,-1,delphi_3e18_39bucket:8baefda61a7b076070dd2fdfae9c2833cb8c470bc0be085535e8c1a510789ee8,1.050713426890595,0.0012456246459317687
weibull_softplus_unscaled@kappa_floor_link_flat15,uncheatable,external_development,0,-1,delphi_3e18_39bucket:8bb9f580b38a5691e7f2030d568ef8db3f7430366b33433322edc9652cacd6f5,1.0411395701687274,0.0015730787042049549
weibull_softplus_unscaled@kappa_floor_link_flat15,uncheatable,external_development,0,-1,delphi_3e18_39bucket:8bbe93b0af46157c7aaa17bf2587b4a436032d818670734d30f256fccaef3ed1,1.0322959032473125,0.0008539991643375986
weibull_softplus_unscaled@kappa_floor_link_flat15,uncheatable,external_development,0,-1,delphi_3e18_39bucket:8bd59c49ec1cdc852b27915a9a7ac596f0f8a73500f6591ee9c6557d34bd8c27,1.0367963184077695,0.0010229680620288805
weibull_softplus_unscaled@kappa_floor_link_flat15,uncheatable,external_development,0,-1,delphi_3e18_39bucket:8c377f234db2429719cde7dad4993aee8d5ba1a1b9fc4bb1edecd7ce3c71c7ba,1.0398260096547591,0.0010530617820850119
weibull_softplus_unscaled@kappa_floor_link_flat15,uncheatable,external_development,0,-1,delphi_3e18_39bucket:8d8d29d13a22ae384d9c1d2602fbdc405a2944615cac1839a8fed0a4f1cf92cd,1.0259205024099463,0.0035282539831430946
weibull_softplus_unscaled@kappa_floor_link_flat15,uncheatable,external_development,0,-1,delphi_3e18_39bucket:8e07c6e265071fba3115ceab986006dd4518361d77cde815c233b3b70a3ffdc0,1.0358113401328004,0.000983529042860929
weibull_softplus_unscaled@kappa_floor_link_flat15,uncheatable,external_development,0,-1,delphi_3e18_39bucket:8ed5f5516a187a4a2554d9c9c8146015a7f00b116e579433a44c39a9c8006f31,1.0061759177642287,0.003391469472694951
weibull_softplus_unscaled@kappa_floor_link_flat15,uncheatable,external_development,0,-1,delphi_3e18_39bucket:8ef412ceada2d7ce755116002b185f9a484e1bd67269fffa0bb96a36e49f1b57,1.002629306066459,0.0007666597800792167
weibull_softplus_unscaled@kappa_floor_link_flat15,uncheatable,external_development,0,-1,delphi_3e18_39bucket:8f9d336e61271fad2de609d91cff46986aa0a18d154f1bb47311d58529798e70,0.9911767545728318,0.002217076901960714
weibull_softplus_unscaled@kappa_floor_link_flat15,uncheatable,external_development,0,-1,delphi_3e18_39bucket:8fd1ba3a337f5601be326ee3fa5f02778374cd45763940f906a747ef581271a2,1.0038632502983382,0.001483828717558689
weibull_softplus_unscaled@kappa_floor_link_flat15,uncheatable,external_development,0,-1,delphi_3e18_39bucket:90dba2fc8d83436f4853eb165d137a40b833acc83db632ba583aa912e43b733d,0.9916903482708195,0.0021252860632918623
weibull_softplus_unscaled@kappa_floor_link_flat15,uncheatable,external_development,0,-1,delphi_3e18_39bucket:90f52ac0608eb5e98056e42a1f2c4baf179f331a5a38fab70ead512319850a58,0.9898801212473576,0.0026254066354361554
weibull_softplus_unscaled@kappa_floor_link_flat15,uncheatable,external_development,0,-1,delphi_3e18_39bucket:915788dcc658ef8459d4fe90196613e360eb9a4655570e26ccf506b5a28854fa,0.9945255304131324,0.001874060683572147
weibull_softplus_unscaled@kappa_floor_link_flat15,uncheatable,external_development,0,-1,delphi_3e18_39bucket:91ab6eb5ae7849b9e87fba2106c491587834053d24b5391eedf4835d5a9ceefb,1.0374351425198842,0.0010258407277096012
weibull_softplus_unscaled@kappa_floor_link_flat15,uncheatable,external_development,0,-1,delphi_3e18_39bucket:937f2ad80bf81c490b47d4ffa2a834687d935ca5b8d1aac556126ed037de7674,1.0122797858524561,0.003868150396608256
weibull_softplus_unscaled@kappa_floor_link_flat15,uncheatable,external_development,0,-1,delphi_3e18_39bucket:9402f0aef28710392a371f6c2d00b98a0838d825536798d42069e950307c4c99,0.9837606239153844,0.0015024368885708523
weibull_softplus_unscaled@kappa_floor_link_flat15,uncheatable,external_development,0,-1,delphi_3e18_39bucket:970c37b900cddf2525317a138fb131ccad6daea8791d001f37f7afb455709750,1.0280484059757449,0.0006836148621432496
weibull_softplus_unscaled@kappa_floor_link_flat15,uncheatable,external_development,0,-1,delphi_3e18_39bucket:97a9a5ebb9cef7528b5a1da0e741881159e16d17debe1bae0a412102ad3ef173,0.9874338330878825,0.0014958888847205285
weibull_softplus_unscaled@kappa_floor_link_flat15,uncheatable,external_development,0,-1,delphi_3e18_39bucket:99a1fe189ce40a2f048415cf2c9d05a5d0869a5118c2c936a4376cb325c23e68,0.9895932778802312,0.0026882468822949017
weibull_softplus_unscaled@kappa_floor_link_flat15,uncheatable,external_development,0,-1,delphi_3e18_39bucket:9a343b0b93b0bad4f87152437bb40a403f7be5b9f572cfae5e7703e50bc7093a,1.0770212747413144,0.002338914450975241
weibull_softplus_unscaled@kappa_floor_link_flat15,uncheatable,external_development,0,-1,delphi_3e18_39bucket:9a66aeb4da20d6cb985f60b618c35fa92cb849c3995c7701c5b8b9785a935f95,1.038348416209359,0.001057897775300844
weibull_softplus_unscaled@kappa_floor_link_flat15,uncheatable,external_development,0,-1,delphi_3e18_39bucket:9b478f9223e98b33f203281ad106af33651a711905e81c6425afe46d362783dd,0.9895001984126359,0.0023360426201782343
weibull_softplus_unscaled@kappa_floor_link_flat15,uncheatable,external_development,0,-1,delphi_3e18_39bucket:9b5151b872ae7af3e6ea7b0848ca27f2df40cf9db2959053862a77d7bb2ce64a,1.0379161415489222,0.0010664629809315762
weibull_softplus_unscaled@kappa_floor_link_flat15,uncheatable,external_development,0,-1,delphi_3e18_39bucket:9c6db70647e13c5852166d57e3fc232c7b5e9b140a9ad0d9b86579435f1b927e,1.0384413361702722,0.0011039471767866347
weibull_softplus_unscaled@kappa_floor_link_flat15,uncheatable,external_development,0,-1,delphi_3e18_39bucket:9cb37ee04e914fba68e7aa6ea382c6a5dcc2b405ec78b251b537abc8f70b15f2,1.0881722976269657,0.006436920599976519
weibull_softplus_unscaled@kappa_floor_link_flat15,uncheatable,external_development,0,-1,delphi_3e18_39bucket:9d67ecf7ca42caa8c17072acc340447c75d621fa7f6328d104f5c9aaeb7ec6e0,1.0016904818404377,0.0015670434767434108
weibull_softplus_unscaled@kappa_floor_link_flat15,uncheatable,external_development,0,-1,delphi_3e18_39bucket:9dd4959b60a619086be7a961944fc3ecdd885a9e689014e9469cefc96b05d519,1.0422705057701518,0.0010259100308543064
weibull_softplus_unscaled@kappa_floor_link_flat15,uncheatable,external_development,0,-1,delphi_3e18_39bucket:9e9c69194eb0212d58b2cd82c37cfb3cd0425cc53145c90e62e8fdaa0146b72c,1.0591941391745112,0.0018780384712042317
weibull_softplus_unscaled@kappa_floor_link_flat15,uncheatable,external_development,0,-1,delphi_3e18_39bucket:a06702de740002664665137e4b38e0b8da850b54fa2b60043b07648bc7865e0d,1.0392675689476207,0.0011712039984684715
weibull_softplus_unscaled@kappa_floor_link_flat15,uncheatable,external_development,0,-1,delphi_3e18_39bucket:a0bbc1f698c1a18d7f21e9791cce50f2a1d00723e1a937c8b85e7b03774f3749,1.037761611632817,0.0010406825785883188
weibull_softplus_unscaled@kappa_floor_link_flat15,uncheatable,external_development,0,-1,delphi_3e18_39bucket:a112249e06f01c4b89fb7ab08cab57efeda282d92742f4cc252467705cf190b3,0.9903926029893682,0.0020898230472066242
weibull_softplus_unscaled@kappa_floor_link_flat15,uncheatable,external_development,0,-1,delphi_3e18_39bucket:a1a917b1981fc2cad2c2759dccf963b51fb941fd9816c49087f7b119545d4161,0.9940977678807343,0.0029256923284647707
weibull_softplus_unscaled@kappa_floor_link_flat15,uncheatable,external_development,0,-1,delphi_3e18_39bucket:a1f87c7627ab9c948d93247605933c7e9d12b8ea41ba1996c0c22c23f0c60e1e,1.038653846737338,0.0010777174395410283
weibull_softplus_unscaled@kappa_floor_link_flat15,uncheatable,external_development,0,-1,delphi_3e18_39bucket:a25dabb3c98aa39ea49c61f7537a84bdce96e8f918213f095826eb4df2bfcd91,1.0356864454877313,0.0007194194528649679
weibull_softplus_unscaled@kappa_floor_link_flat15,uncheatable,external_development,0,-1,delphi_3e18_39bucket:a2e9ef04947000c42a5fce44f079afd6c9a82405871f0ae796e3a23c09bdcd60,1.1007178759191956,0.011596361894263078
weibull_softplus_unscaled@kappa_floor_link_flat15,uncheatable,external_development,0,-1,delphi_3e18_39bucket:a315b6115cd413de8d5e39509e9b2bcb130fb31b515f2b998f7a274d483f99de,1.0372726587122645,0.0010979411943403232
weibull_softplus_unscaled@kappa_floor_link_flat15,uncheatable,external_development,0,-1,delphi_3e18_39bucket:a33494886bea818345f1c4e736142dd31e9b8963c77dda49d14b97936f38ad95,1.0099854402245745,0.0025825578875979197
weibull_softplus_unscaled@kappa_floor_link_flat15,uncheatable,external_development,0,-1,delphi_3e18_39bucket:a446352f8ea28f09e4c49fbb12b233c435b553f9d70c492c7073b7bf49c30026,0.9968413304853849,0.0030427295467255356
weibull_softplus_unscaled@kappa_floor_link_flat15,uncheatable,external_development,0,-1,delphi_3e18_39bucket:a4464fbeb7558934945cefd27711b340531f10f3393f5ab055b29227f11a2f02,1.0364520275396205,0.001127707190360967
weibull_softplus_unscaled@kappa_floor_link_flat15,uncheatable,external_development,0,-1,delphi_3e18_39bucket:a49233d8ca277189ab0cffa6075e2cba9b34d183388b505c02e9a17d70d7b1a8,1.029775609645641,0.0005631756436505678
weibull_softplus_unscaled@kappa_floor_link_flat15,uncheatable,external_development,0,-1,delphi_3e18_39bucket:a570734958ce849cebca1348408f996861bd51f2f76876b6595f3aa361d871f5,0.9933720247125646,0.0013782902810032661
weibull_softplus_unscaled@kappa_floor_link_flat15,uncheatable,external_development,0,-1,delphi_3e18_39bucket:a64059ebf6ac3d0875b9f311b2e3e574ff090986e2a18e0768c17721dee9a572,1.043305339528232,0.0017255965873668414
weibull_softplus_unscaled@kappa_floor_link_flat15,uncheatable,external_development,0,-1,delphi_3e18_39bucket:a65d5c88e37d14e7e1c7bc24772a174122d7735d5bb9401952c2c43a9e52bcb0,1.0382745626338419,0.0010780887950474795
weibull_softplus_unscaled@kappa_floor_link_flat15,uncheatable,external_development,0,-1,delphi_3e18_39bucket:a6f8ee66180ee4f314eaefad2d4a4d32b2dca4cca30189c172ec69c8e429a20f,0.9993553674465117,0.0025964893034328223
weibull_softplus_unscaled@kappa_floor_link_flat15,uncheatable,external_development,0,-1,delphi_3e18_39bucket:a8c855f7247f4bb844661b84227e13a55c58f2bdeda554bdaadb6541e5fd19bc,1.0389327124020071,0.0011735889077067584
weibull_softplus_unscaled@kappa_floor_link_flat15,uncheatable,external_development,0,-1,delphi_3e18_39bucket:a9443e4734c22f757147884341c62ae38299464729f87ed9ebc619cf23b893a1,1.036675326387676,0.0010361847350695947
weibull_softplus_unscaled@kappa_floor_link_flat15,uncheatable,external_development,0,-1,delphi_3e18_39bucket:a96abbfe9e29b29f06fdb9be2935742296725f23def7ac46e67be6129f5ca741,1.0564176294181424,0.0017090199109921005
weibull_softplus_unscaled@kappa_floor_link_flat15,uncheatable,external_development,0,-1,delphi_3e18_39bucket:a98036a6d9c1a1c7fb42982be7cae6f1e1d167bb4c7f7e78ebb546027f1e558f,1.042269310685596,0.0010357715908971682
weibull_softplus_unscaled@kappa_floor_link_flat15,uncheatable,external_development,0,-1,delphi_3e18_39bucket:a9fad6c5f1a36df4b0cd5664cd0bb595654bf66783a68cba6267d2877016bdfc,1.001218463520459,0.006085641379757671
weibull_softplus_unscaled@kappa_floor_link_flat15,uncheatable,external_development,0,-1,delphi_3e18_39bucket:aaabe532cd33109c14120ccd2d5f0e2d56bd18382aaad7be18cdb28330125142,0.9954078429769598,0.0013246911373141323
weibull_softplus_unscaled@kappa_floor_link_flat15,uncheatable,external_development,0,-1,delphi_3e18_39bucket:abbb4c8d6968fb6ed79c1966d74bed13487aa096585bb6b17f377885c682253b,1.0891461358099828,0.00621494797683103
weibull_softplus_unscaled@kappa_floor_link_flat15,uncheatable,external_development,0,-1,delphi_3e18_39bucket:acf47cd01afab11ff0fcb7160374abce76a2944fe7a7540d228c251e9321640d,0.9910282797678355,0.0018453541904841384
weibull_softplus_unscaled@kappa_floor_link_flat15,uncheatable,external_development,0,-1,delphi_3e18_39bucket:ad6cc7dabe4a5d5d4ba13920311e4ef81127a10801519d719266222379ae77b0,1.0053760709649913,0.0029742156715001932
weibull_softplus_unscaled@kappa_floor_link_flat15,uncheatable,external_development,0,-1,delphi_3e18_39bucket:ae0dded03badca9af71c45d67446f487f2de6f1c7152b6c1a2d3ecada8a9d714,1.0364444472958567,0.0010299687308188616
weibull_softplus_unscaled@kappa_floor_link_flat15,uncheatable,external_development,0,-1,delphi_3e18_39bucket:aeda5764b036cc36a476e458c4e1694138347c0c0a1c32ba56e16b7ce7f3a535,1.0545467972596423,0.001390195761203083
weibull_softplus_unscaled@kappa_floor_link_flat15,uncheatable,external_development,0,-1,delphi_3e18_39bucket:af23052e9bb0568d854252c7e9d912d01127effa106d2a440fdce6cbb8742532,0.9938077252741437,0.0023967821672695967
weibull_softplus_unscaled@kappa_floor_link_flat15,uncheatable,external_development,0,-1,delphi_3e18_39bucket:afa7f9d2a6f67b5b722977318dc8a6e962bfa28bfccde83b219c44fa7eb9c05c,1.0381990959901122,0.00110391270125208
weibull_softplus_unscaled@kappa_floor_link_flat15,uncheatable,external_development,0,-1,delphi_3e18_39bucket:b0cb7fc00e70c87e1210c38349ab8e80c514b61f5bf14e6e4d3a1e054d88183c,0.9936528040155295,0.0024732937964451534
weibull_softplus_unscaled@kappa_floor_link_flat15,uncheatable,external_development,0,-1,delphi_3e18_39bucket:b1168e54ae7e32586bd89eeaf38a318cd349cbd8750efb93612a79f756b5f1f7,1.0386662659558294,0.0011132361720996146
weibull_softplus_unscaled@kappa_floor_link_flat15,uncheatable,external_development,0,-1,delphi_3e18_39bucket:b24484975c0fdb42bc7d421c371e91d35f685b6538fffc7050e857d97e5348ff,1.002257777875307,0.0018041816908574344
weibull_softplus_unscaled@kappa_floor_link_flat15,uncheatable,external_development,0,-1,delphi_3e18_39bucket:b284b63dfdbaa4d3a41a6cf73e5e7366a85962b9ae5dd51f141c10c51a17444f,1.0412309343498682,0.0009138933171433456
weibull_softplus_unscaled@kappa_floor_link_flat15,uncheatable,external_development,0,-1,delphi_3e18_39bucket:b2e9ddb8f35e322ed0b092df87cdc78e620b2de7818b2a7c9891ff0e9a2b2203,0.9848325252334753,0.0017359579977576714
weibull_softplus_unscaled@kappa_floor_link_flat15,uncheatable,external_development,0,-1,delphi_3e18_39bucket:b3c3cd22e3dae4f77235a1bb86fcf08ae715bc018b78109510794e1bfbbec0d2,1.0036974858379883,0.003191252106695638
weibull_softplus_unscaled@kappa_floor_link_flat15,uncheatable,external_development,0,-1,delphi_3e18_39bucket:b4019bdf109781eac2e9182593f4f84c5c51635d447918682e7ed12d25efdf1b,1.0371959719967547,0.0010887944017609495
weibull_softplus_unscaled@kappa_floor_link_flat15,uncheatable,external_development,0,-1,delphi_3e18_39bucket:b49abfda63831b53ca2aab365cc35c3e6cd1bc8420b1e0028f54bd7f8961b11f,1.0370357646258457,0.0007177002139181188
weibull_softplus_unscaled@kappa_floor_link_flat15,uncheatable,external_development,0,-1,delphi_3e18_39bucket:b4db7f9f5c435c1903537d5c944758a1e93d54c6a0fa3ddd19122f4e7b7298a0,0.9932453919888907,0.0028037395454788756
weibull_softplus_unscaled@kappa_floor_link_flat15,uncheatable,external_development,0,-1,delphi_3e18_39bucket:b5ee1f40e4fe0358ac680a969cd93dfe1b00c483ee3b2d4ff4bc73bd6424437b,1.078175190168001,0.005281302684607899
weibull_softplus_unscaled@kappa_floor_link_flat15,uncheatable,external_development,0,-1,delphi_3e18_39bucket:b6430b97f099d96863ae8ad7779c1bddc164c591ab12cc5ea266142e19a7cdfd,1.037165874299078,0.00106577367810682
weibull_softplus_unscaled@kappa_floor_link_flat15,uncheatable,external_development,0,-1,delphi_3e18_39bucket:b6667136b81fbf1c226a8cff4ee0a7b9650067bfa77ddd0dae276509b612ea9d,1.035594210226076,0.0010782261810916669
weibull_softplus_unscaled@kappa_floor_link_flat15,uncheatable,external_development,0,-1,delphi_3e18_39bucket:b785f71525744bfa0a8934b482dd570356bebd37292a9b70af0b1a2cf45d9e69,0.9861036454339002,0.0012849628285628632
weibull_softplus_unscaled@kappa_floor_link_flat15,uncheatable,external_development,0,-1,delphi_3e18_39bucket:b8bf59231f485a24fb35df8862c073595e1cb0cd30c999520e88797d047bfeda,1.037487076083469,0.0011312681153619556
weibull_softplus_unscaled@kappa_floor_link_flat15,uncheatable,external_development,0,-1,delphi_3e18_39bucket:b8c7bfd7161a0da8577d236f09c0ed25722a71943281d19f8b06065999e36ffd,1.0403178562764386,0.0012571706336243855
weibull_softplus_unscaled@kappa_floor_link_flat15,uncheatable,external_development,0,-1,delphi_3e18_39bucket:bab1f73b1a1be66a924b70bb0fdb3a032f1ca3a1e246edb80c0f38d75143aed8,1.0372697529895931,0.001119718395896751
weibull_softplus_unscaled@kappa_floor_link_flat15,uncheatable,external_development,0,-1,delphi_3e18_39bucket:bb05f6aa43742ac092f7a6e36533b05e86a566f5ab7b747c98cf9c510521f22c,1.0288950812451114,0.0031088806780966006
weibull_softplus_unscaled@kappa_floor_link_flat15,uncheatable,external_development,0,-1,delphi_3e18_39bucket:bc889b21107abd278efdaad769b5ab10949627f1ec05986ab2cab83a6d126c08,1.0083729718965473,0.0025634564325658976
weibull_softplus_unscaled@kappa_floor_link_flat15,uncheatable,external_development,0,-1,delphi_3e18_39bucket:bd84fea18d97e337ca86db382439fe7990518cd6d78bfa8837b2e317c2bcd4ae,1.036715131332727,0.0010710348404966816
weibull_softplus_unscaled@kappa_floor_link_flat15,uncheatable,external_development,0,-1,delphi_3e18_39bucket:bf919587f3da29d0e32d10ac8a4e6f6c80f5a696953a34e5d9856c2fce2ce46b,1.0373248070045131,0.001094764662687846
weibull_softplus_unscaled@kappa_floor_link_flat15,uncheatable,external_development,0,-1,delphi_3e18_39bucket:bfaa7baec03312fbaf797f310dcd3f2449da03d92fbbfc7d39721ffba14fafde,1.0395547171384596,0.0011921800925325935
weibull_softplus_unscaled@kappa_floor_link_flat15,uncheatable,external_development,0,-1,delphi_3e18_39bucket:c00c0d5d9f7b8d4f9d4a1f2f6845f4dd0f7effdd60e8da9e988daf574adff818,1.0888222063205617,0.012520719600141785
weibull_softplus_unscaled@kappa_floor_link_flat15,uncheatable,external_development,0,-1,delphi_3e18_39bucket:c054206f3c5615aa9b65c1b4c95b0fadd81c68829800edd74567f03e9a7344c7,1.054671432354001,0.001681780414857842
weibull_softplus_unscaled@kappa_floor_link_flat15,uncheatable,external_development,0,-1,delphi_3e18_39bucket:c05a1f0d7a09bbace45fa324f3b36f15945893a87c2ef8e65fd0ec3dc505ca12,1.0364376870811638,0.0009860816178533809
weibull_softplus_unscaled@kappa_floor_link_flat15,uncheatable,external_development,0,-1,delphi_3e18_39bucket:c08749305f6303b7d46f8c9478053948d5c036a6450977e8de388609b95a2443,1.036416808600819,0.0010834086179361377
weibull_softplus_unscaled@kappa_floor_link_flat15,uncheatable,external_development,0,-1,delphi_3e18_39bucket:c15c0a441754e3ca9b7ba442214315eb793714c1637ea6042915542863b4e52e,1.0364631303447553,0.0010348505080788129
weibull_softplus_unscaled@kappa_floor_link_flat15,uncheatable,external_development,0,-1,delphi_3e18_39bucket:c2302ab8648345d0d2ed04a6a36d63bacb517001b059421011708c9eeb062a9b,1.088884792381057,0.0034522917818362716
weibull_softplus_unscaled@kappa_floor_link_flat15,uncheatable,external_development,0,-1,delphi_3e18_39bucket:c25ebde7be5ebfe94bf12ac46a8dfb1fa5129c16c0776b56097d2c0b50badcf3,1.0423567803620735,0.0007548415111241271
weibull_softplus_unscaled@kappa_floor_link_flat15,uncheatable,external_development,0,-1,delphi_3e18_39bucket:c2a96b7bef323ee258a79c3d89b1a60204189ab465b1c089c9361f2274b34cee,1.037696427618886,0.0011297269440826128
weibull_softplus_unscaled@kappa_floor_link_flat15,uncheatable,external_development,0,-1,delphi_3e18_39bucket:c404d7ca8f49357e32b5fe2d2331593e2c60a0fc7de1d05930f61c6534d6f758,0.9962678281201295,0.003391355818434807
weibull_softplus_unscaled@kappa_floor_link_flat15,uncheatable,external_development,0,-1,delphi_3e18_39bucket:c4fc6809d2c27027b17ae596b8cb3ece12ace1af46d86d143cb6eeb4b1466ed4,1.0320036721390664,0.0012664232688721884
weibull_softplus_unscaled@kappa_floor_link_flat15,uncheatable,external_development,0,-1,delphi_3e18_39bucket:c5b98b2371c8e5cfcb49f4a4f60aff9c21930087466aee3ea9f5c9e6dedd132b,1.0386784330148986,0.0012560620803875077
weibull_softplus_unscaled@kappa_floor_link_flat15,uncheatable,external_development,0,-1,delphi_3e18_39bucket:c5ffa8e3d7c670e959036ab38016e0e17064fa12ac2fcba643c70b1ef25297b3,0.9948589751347163,0.002331100820079539
weibull_softplus_unscaled@kappa_floor_link_flat15,uncheatable,external_development,0,-1,delphi_3e18_39bucket:c6601f428a7e18377f34fa8ee9b58bb6a20e42c3abcadc04e7e64aef3ca82f2a,1.0379849777283257,0.001055280159527152
weibull_softplus_unscaled@kappa_floor_link_flat15,uncheatable,external_development,0,-1,delphi_3e18_39bucket:c6cbc3ebaf486eecd75d04f449fdcc92c804765f512d2bceecde5c1aaa30dd39,0.999111512080114,0.0013791017206780853
weibull_softplus_unscaled@kappa_floor_link_flat15,uncheatable,external_development,0,-1,delphi_3e18_39bucket:c721e392dcf2947fea2da8fcf1ef91d058c717ffb8e74e8402734e31f22578fc,1.0600519873039274,0.0012987787177014007
weibull_softplus_unscaled@kappa_floor_link_flat15,uncheatable,external_development,0,-1,delphi_3e18_39bucket:c87ec77627abffb947457fe5ff94cee77dd2737df36b8233de3411db0560dfd6,1.0424486861595557,0.0011345064814787683
weibull_softplus_unscaled@kappa_floor_link_flat15,uncheatable,external_development,0,-1,delphi_3e18_39bucket:c8a7abc202e6fa1b3d7cc9e00542979084efdddd63313db5c25669da85ad2b19,0.9962943423415792,0.0027525118690919256
weibull_softplus_unscaled@kappa_floor_link_flat15,uncheatable,external_development,0,-1,delphi_3e18_39bucket:c8a7b68f3dd8d7d2600dc1e56fb8af9e5dcb176edc162738d4eaff7b540cd53b,0.9993898261662325,0.001829118692632158
weibull_softplus_unscaled@kappa_floor_link_flat15,uncheatable,external_development,0,-1,delphi_3e18_39bucket:ca102ba62bbf29559c65ef5d820f9064d4e3c710e012829a4c0fd18013c5f806,1.0370902491626088,0.0012361770106757576
weibull_softplus_unscaled@kappa_floor_link_flat15,uncheatable,external_development,0,-1,delphi_3e18_39bucket:ca5106858b9b57cf944d35ebd150b6feca9287a4f1d0cc9d182be3e623f00fa6,0.9984674903678887,0.002964422941113018
weibull_softplus_unscaled@kappa_floor_link_flat15,uncheatable,external_development,0,-1,delphi_3e18_39bucket:ca69ddeae35c4c684203106971843457fd269090a8b5885ef26b440471941286,1.0410578227250755,0.001012879043296891
weibull_softplus_unscaled@kappa_floor_link_flat15,uncheatable,external_development,0,-1,delphi_3e18_39bucket:ca71f5d232644557d07fcacb22abf1fe46660152bebbf6ab27caf4b6998d06a8,1.0379056025089735,0.001001900168491751
weibull_softplus_unscaled@kappa_floor_link_flat15,uncheatable,external_development,0,-1,delphi_3e18_39bucket:cb32fd5b0fd8a23c495ee8d05996c1926f4be32607954211152e0db19572b8c9,0.9936948913399841,0.0014237687919321108
weibull_softplus_unscaled@kappa_floor_link_flat15,uncheatable,external_development,0,-1,delphi_3e18_39bucket:cb466766fe3b5296e1b15a347ff4fd4692400efc5cce4a696639c2129805162a,0.9992449678394334,0.0018131531682194517
weibull_softplus_unscaled@kappa_floor_link_flat15,uncheatable,external_development,0,-1,delphi_3e18_39bucket:cc2d283f3d5584275c7938fd4a0fadb9bbd9543dc9b5ae965f2d87df95c479ff,1.007342560599139,0.0006001599760717265
weibull_softplus_unscaled@kappa_floor_link_flat15,uncheatable,external_development,0,-1,delphi_3e18_39bucket:cc8d689416c08c842058dd84255bb52de8103b71eb9f8f618204a90c83157584,1.0423823424058418,0.0013985511246144104
weibull_softplus_unscaled@kappa_floor_link_flat15,uncheatable,external_development,0,-1,delphi_3e18_39bucket:cce19bcdfb95a772d1f465a94498e69474d7f7235d46ab401d3d0543e73f9e3b,1.0368624224950833,0.0009206492991563514
weibull_softplus_unscaled@kappa_floor_link_flat15,uncheatable,external_development,0,-1,delphi_3e18_39bucket:cd1cd78d6325f56e5c761e7042369262a032ce78f12fc6d47e4ebf1ce0894339,0.9984618974419865,0.0027109532455551854
weibull_softplus_unscaled@kappa_floor_link_flat15,uncheatable,external_development,0,-1,delphi_3e18_39bucket:cd8eec34fcd41e0cd76c6ef4d520fa83d6c6b5a1828c92c8c556ba4c806a58e7,1.0036701811496958,0.0013448093135548281
weibull_softplus_unscaled@kappa_floor_link_flat15,uncheatable,external_development,0,-1,delphi_3e18_39bucket:d0464cb13d27d2a18ba98c8b83432b1ae53015c4d57e01bf932603caedbbac7d,1.0740475963785772,0.009461145581659799
weibull_softplus_unscaled@kappa_floor_link_flat15,uncheatable,external_development,0,-1,delphi_3e18_39bucket:d097ba261d98ffe38b995691fc506821678d330c54b489b4d0e645e75c5e4e2e,0.9915375503349305,0.0024896906968075363
weibull_softplus_unscaled@kappa_floor_link_flat15,uncheatable,external_development,0,-1,delphi_3e18_39bucket:d0b59aacb13e8749a0d761af5008890d6865d701d8550e40a60ca86f2e67ccb2,0.994965334915634,0.0028419628870079636
weibull_softplus_unscaled@kappa_floor_link_flat15,uncheatable,external_development,0,-1,delphi_3e18_39bucket:d160bb3271ba96668590d3b3c7781ad51718216823831c921585a8f73ffc9cf7,1.0536471734402642,0.002104947090904149
weibull_softplus_unscaled@kappa_floor_link_flat15,uncheatable,external_development,0,-1,delphi_3e18_39bucket:d1926d64591176c8020bee54efe637a248f4f8f8bf927613049d062dccff4228,1.0395201108861287,0.0010808427298468553
weibull_softplus_unscaled@kappa_floor_link_flat15,uncheatable,external_development,0,-1,delphi_3e18_39bucket:d22385a3b372ad3742331c911e6df47b6459dcc8f7e6ce58cd5dfc1ca901a754,1.0389753984034278,0.0011028196073494707
weibull_softplus_unscaled@kappa_floor_link_flat15,uncheatable,external_development,0,-1,delphi_3e18_39bucket:d2cb05198ef956cc89df9b6aee5c76ace3aa353ea2a7316011503bff3c873c17,1.007970109334932,0.0015010981170048249
weibull_softplus_unscaled@kappa_floor_link_flat15,uncheatable,external_development,0,-1,delphi_3e18_39bucket:d2e1cc893f01a2f4943b13a6c01ee72024f580a689c62fa909560c73a65054e5,1.0379157253711977,0.0012763980690653914
weibull_softplus_unscaled@kappa_floor_link_flat15,uncheatable,external_development,0,-1,delphi_3e18_39bucket:d3a383c91e3c36378540e209e50999c8d005ae2b08fa6bcda7f383834b2d5dd7,1.0358122055747656,0.0017802862802621772
weibull_softplus_unscaled@kappa_floor_link_flat15,uncheatable,external_development,0,-1,delphi_3e18_39bucket:d3b53955f30411b3c382fe4844d1526d3c14d09844153a940230c4beceeddb73,0.9864774779376925,0.00208172788021184
weibull_softplus_unscaled@kappa_floor_link_flat15,uncheatable,external_development,0,-1,delphi_3e18_39bucket:d3bba0f2b0ea428ec64283ded20ce739bbf9f7fab261d2b9b90cfb1bc9c6c75e,0.9897795826048782,0.0023401991827222217
weibull_softplus_unscaled@kappa_floor_link_flat15,uncheatable,external_development,0,-1,delphi_3e18_39bucket:d3ffb3bd8e28eedb08376603e2c85cc3e83cc89ca533199775e943278e32c509,1.0014549938388368,0.0033185951149978226
weibull_softplus_unscaled@kappa_floor_link_flat15,uncheatable,external_development,0,-1,delphi_3e18_39bucket:d527a2813816791f311d6f8c670a30cc1ce84f41c6b7365ae771b1f53ebf6e7e,1.0275635729236805,0.0006266726218684008
weibull_softplus_unscaled@kappa_floor_link_flat15,uncheatable,external_development,0,-1,delphi_3e18_39bucket:d65c8bd6c68862d250311137ac89042ba916da88e21f9cf04f7119fc9e25a489,1.0373275517305716,0.0011464845689844333
weibull_softplus_unscaled@kappa_floor_link_flat15,uncheatable,external_development,0,-1,delphi_3e18_39bucket:d6c7da8dacb3efe4cbd45ee0cdd899a5a606cc57be51472b188809093554e699,1.036770136009313,0.0010768283298491052
weibull_softplus_unscaled@kappa_floor_link_flat15,uncheatable,external_development,0,-1,delphi_3e18_39bucket:d6e102b380bcd9b39d2f2c4079d81d416738002f9b25316b3da9ac88d43b5a75,1.049752559770081,0.0013508125210871143
weibull_softplus_unscaled@kappa_floor_link_flat15,uncheatable,external_development,0,-1,delphi_3e18_39bucket:d6f6db3e0cc1a598f7eb00a7cdd40d78f821a9336eb0eaafc14da93a04575fc5,1.0548337343156606,0.0019106751442782826
weibull_softplus_unscaled@kappa_floor_link_flat15,uncheatable,external_development,0,-1,delphi_3e18_39bucket:d82c377f5bda11f52b93db01e55fa25c844255cf016ad96b80cba7cc1e618d90,1.0433744045450655,0.0010443567199558774
weibull_softplus_unscaled@kappa_floor_link_flat15,uncheatable,external_development,0,-1,delphi_3e18_39bucket:d87d478ea93a73fe0faec12048b20970bdefd41aa65888c79d1d35c24ec3556f,1.0435793915339935,0.0013482065055753951
weibull_softplus_unscaled@kappa_floor_link_flat15,uncheatable,external_development,0,-1,delphi_3e18_39bucket:d941fe99995a0f675ffc09f1d7883ac2d032a87a00fdfc22e934c5e5ca0b3452,1.0469332880408275,0.0010173927178466727
weibull_softplus_unscaled@kappa_floor_link_flat15,uncheatable,external_development,0,-1,delphi_3e18_39bucket:da68fd5e623c705387752f321a8116e319a7ae87670618ba096558effd2df550,1.0059301666413125,0.0015459400663501886
weibull_softplus_unscaled@kappa_floor_link_flat15,uncheatable,external_development,0,-1,delphi_3e18_39bucket:dac1e0885f0941e15f72456af8f56424e1b8630c37344b54346219c98f5c5f0b,0.9951148321311203,0.00270780479435802
weibull_softplus_unscaled@kappa_floor_link_flat15,uncheatable,external_development,0,-1,delphi_3e18_39bucket:dc1f33b2668dfbb787d82df7f8e734431a829bbec2fbf8e9888d6eb582289a3d,0.9965131957853179,0.002849690952719978
weibull_softplus_unscaled@kappa_floor_link_flat15,uncheatable,external_development,0,-1,delphi_3e18_39bucket:dd42df7f0cbc461aa02a49d493e5c4c2ea94713026c4e3fffdf7e482f0a766ad,1.0500117127165902,0.0012109361647519436
weibull_softplus_unscaled@kappa_floor_link_flat15,uncheatable,external_development,0,-1,delphi_3e18_39bucket:de0e4fef934b64c948d7c068f622295aabe99cb83c95ee0ad68b73c366c57402,1.0076783009124126,0.0016613417729100643
weibull_softplus_unscaled@kappa_floor_link_flat15,uncheatable,external_development,0,-1,delphi_3e18_39bucket:e021fd14fbb714ef3bc7fe5df146588cfff0a72ec3ea45ae16d31eea5646ae09,1.0376780450290632,0.0010529540006308112
weibull_softplus_unscaled@kappa_floor_link_flat15,uncheatable,external_development,0,-1,delphi_3e18_39bucket:e0965c961694035e43a1da45a771f8e07c074674ecad18c76460f7ac0eef2137,1.0049635071735994,0.0011444514235476998
weibull_softplus_unscaled@kappa_floor_link_flat15,uncheatable,external_development,0,-1,delphi_3e18_39bucket:e0a4d646094bff9aad92ca04cd9c5ca30c296001c0b7d65c3c20a1df0bd8ef08,1.043836400983005,0.0015125337645250957
weibull_softplus_unscaled@kappa_floor_link_flat15,uncheatable,external_development,0,-1,delphi_3e18_39bucket:e0f79d9bac30fb11db8b83b66ba5e36c77c69e8b4eeece18a5b2a234d3198745,1.0377808789451168,0.0011313440466976562
weibull_softplus_unscaled@kappa_floor_link_flat15,uncheatable,external_development,0,-1,delphi_3e18_39bucket:e188885cf2c9eba933b968231574f63edf90b3467074b7a9229ed11c950259ad,1.038169730070412,0.0011015003139550124
weibull_softplus_unscaled@kappa_floor_link_flat15,uncheatable,external_development,0,-1,delphi_3e18_39bucket:e283e505de0059b81a2b58a66a9af312bc1f3c7a7440e50c3fdcb3ff8213a34f,1.0563746950143464,0.0018593599770017732
weibull_softplus_unscaled@kappa_floor_link_flat15,uncheatable,external_development,0,-1,delphi_3e18_39bucket:e29801c3f5ba907bd5cc224343efa34e4693142ccec5ad71fd943c60b2b3a689,1.033558787047304,0.0007994949266835188
weibull_softplus_unscaled@kappa_floor_link_flat15,uncheatable,external_development,0,-1,delphi_3e18_39bucket:e371bb5a7b5ad1a86dec663c9450a27400d377093eb89ae1812af20716ad2945,0.9969810031495581,0.0019019789270219348
weibull_softplus_unscaled@kappa_floor_link_flat15,uncheatable,external_development,0,-1,delphi_3e18_39bucket:e5053e4f4ef86036c3ebe93d055c63ec2da1a1a029cde76ea807a3890d0fd10c,0.9981859133174913,0.0018788902033735377
weibull_softplus_unscaled@kappa_floor_link_flat15,uncheatable,external_development,0,-1,delphi_3e18_39bucket:e539e936365493312d15f1130d1c083871a779dc98689047fcb9d5ebd05191ce,0.9944801811999848,0.002215842489581848
weibull_softplus_unscaled@kappa_floor_link_flat15,uncheatable,external_development,0,-1,delphi_3e18_39bucket:e55f4d10b3aedd9111e412c962fa53c063269d47d4571a980ba950ed937266ad,1.0373594992770474,0.0011051536619784595
weibull_softplus_unscaled@kappa_floor_link_flat15,uncheatable,external_development,0,-1,delphi_3e18_39bucket:e65243af3fc92306e4aa4ea80d2c3f7aa6058bba97560ecd10959066d8d64383,1.0572064075009502,0.0027799696796030273
weibull_softplus_unscaled@kappa_floor_link_flat15,uncheatable,external_development,0,-1,delphi_3e18_39bucket:e7d55ec7f15fc194cb4e857322dc1533eddb16463ccf163eabfcdd530a051d5e,0.9875560186091163,0.002130064650466461
weibull_softplus_unscaled@kappa_floor_link_flat15,uncheatable,external_development,0,-1,delphi_3e18_39bucket:e8042bb6d92f9c8c01d49ad73be7ff4b06f2e492202d1354da9b6f4aad4c91da,1.0359840287705637,0.0015931398332945156
weibull_softplus_unscaled@kappa_floor_link_flat15,uncheatable,external_development,0,-1,delphi_3e18_39bucket:e890ab2bc556a0858503bfe95cb5a9f21eb6c1c6dc14818358fbe0f1f321f9eb,1.036998559654737,0.001077130003709381
weibull_softplus_unscaled@kappa_floor_link_flat15,uncheatable,external_development,0,-1,delphi_3e18_39bucket:e8afda03cd027d866c486aa919868e64ae6d1ddf97b54508d64398d495332317,1.037869294321787,0.0010024101565610421
weibull_softplus_unscaled@kappa_floor_link_flat15,uncheatable,external_development,0,-1,delphi_3e18_39bucket:e8b6cae0ec44706b02ee30aefc28d571a4f78b62cff170d303c1ccd448092f43,1.0330683155440523,0.006204272139877271
weibull_softplus_unscaled@kappa_floor_link_flat15,uncheatable,external_development,0,-1,delphi_3e18_39bucket:e8cac18abed6dd3d662e4660ad3b431000e291340c4fe937b2937ad6a00fdb1c,1.039702368819666,0.0011419890087024731
weibull_softplus_unscaled@kappa_floor_link_flat15,uncheatable,external_development,0,-1,delphi_3e18_39bucket:e8df5e6e4d008b052d6e1ad64acc1fec9b2a47d27ba17bf21c0cd6d7b4b6cad5,1.0038855164107245,0.0033309353106129747
weibull_softplus_unscaled@kappa_floor_link_flat15,uncheatable,external_development,0,-1,delphi_3e18_39bucket:e8e86e247324e07114d17c3fe9b93415a22bc9d717bbeb492e8a949f59ffc574,1.0435683967159846,0.0014985949533189795
weibull_softplus_unscaled@kappa_floor_link_flat15,uncheatable,external_development,0,-1,delphi_3e18_39bucket:e9089fdfad382692c27f48d26c1957224471952b2a50bd7a47fc12615326767e,1.0358573454284947,0.009021813651100087
weibull_softplus_unscaled@kappa_floor_link_flat15,uncheatable,external_development,0,-1,delphi_3e18_39bucket:e94c007e41ca009494ae3d9ae036d21271d6bb27b49c3b9d77a9d9148a879241,0.9973070511875844,0.001847233331781759
weibull_softplus_unscaled@kappa_floor_link_flat15,uncheatable,external_development,0,-1,delphi_3e18_39bucket:e94c9cbd4ee682a9780bbcea3bf6df3497572253ed953eef164fa75ea4f66a2c,1.05885060141365,0.002189846952961018
weibull_softplus_unscaled@kappa_floor_link_flat15,uncheatable,external_development,0,-1,delphi_3e18_39bucket:e9c1eda31f2f4a0c52041968162f0f0ce4999866274b5690e4e05fda24a4bc2d,0.9973646975946385,0.0022086540032253293
weibull_softplus_unscaled@kappa_floor_link_flat15,uncheatable,external_development,0,-1,delphi_3e18_39bucket:ea37effb52c1862ed6fafb478558f7d891c703943be66cd2416bd5c491bf7f6b,1.0001253765290756,0.0025635193785199985
weibull_softplus_unscaled@kappa_floor_link_flat15,uncheatable,external_development,0,-1,delphi_3e18_39bucket:ea53229a9873c03ace1ba85e1e21a11a8844f0ff68de915348cd78997910f2e1,1.0373061365495717,0.0010433522784653278
weibull_softplus_unscaled@kappa_floor_link_flat15,uncheatable,external_development,0,-1,delphi_3e18_39bucket:ea6e21bef589c2d52505ca81bef558a5da03e4625174320ea8242417e2382d77,1.035097253101119,0.0009467340174246109
weibull_softplus_unscaled@kappa_floor_link_flat15,uncheatable,external_development,0,-1,delphi_3e18_39bucket:ea75e35453ea2a7fe2d3b283ddc673d53edfeee1ba389a2c21264bdf18ac8ca2,1.0372884253179455,0.0009667721281351764
weibull_softplus_unscaled@kappa_floor_link_flat15,uncheatable,external_development,0,-1,delphi_3e18_39bucket:eafdbafe546506e8a5b90e6662ecdb9d4f1334f4e7f19e3081382c6da61f7293,1.0361309889877384,0.0010434007623997463
weibull_softplus_unscaled@kappa_floor_link_flat15,uncheatable,external_development,0,-1,delphi_3e18_39bucket:ec06eca900d6ea9ba81679ee6cca83871b018289aec1505cba76db1fc87b6802,1.0668808878466858,0.0009602104507166273
weibull_softplus_unscaled@kappa_floor_link_flat15,uncheatable,external_development,0,-1,delphi_3e18_39bucket:eccc22ab3929ddd9f2ac2480fd08560ef5ae820c2344f602a9dc02fbaf098cfe,1.0380351750038834,0.0011847263978745433
weibull_softplus_unscaled@kappa_floor_link_flat15,uncheatable,external_development,0,-1,delphi_3e18_39bucket:ed3e3b2774ff74e2b11ba21111ec69a02f045de419b00bf3bb3900c8304d9c61,1.0383938608165075,0.0011468797346477057
weibull_softplus_unscaled@kappa_floor_link_flat15,uncheatable,external_development,0,-1,delphi_3e18_39bucket:ed64cdd21c9e4cbfada10d701c2ea8ddca896eddd8c54397fc1fdb7be3fd0e7e,1.0355340124959986,0.0010583058972309595
weibull_softplus_unscaled@kappa_floor_link_flat15,uncheatable,external_development,0,-1,delphi_3e18_39bucket:ee02c34fe2e5760160a4803e862cb1c4a623ee45da4d9adfdaa5aa9483dc78e3,1.0393696230544696,0.0013054422760223725
weibull_softplus_unscaled@kappa_floor_link_flat15,uncheatable,external_development,0,-1,delphi_3e18_39bucket:ef418394bcf5783471166488c9835661c9087d4cd65379ce6a2798094e0ed89b,1.0383087176673365,0.0009852048584440979
weibull_softplus_unscaled@kappa_floor_link_flat15,uncheatable,external_development,0,-1,delphi_3e18_39bucket:ef9f5d7e0f8cb99f585632847718d0452011c825e16f7d382f995c653e9ac9e7,1.0498598969805926,0.0015252654817265448
weibull_softplus_unscaled@kappa_floor_link_flat15,uncheatable,external_development,0,-1,delphi_3e18_39bucket:ef9f6cff6e4ea378dedecb72fceac0bdaad839d03f007c4afe577e29dbb99b4e,0.984064855873036,0.0016262925028609476
weibull_softplus_unscaled@kappa_floor_link_flat15,uncheatable,external_development,0,-1,delphi_3e18_39bucket:effc4e48644f5aac8669d7cfde80db853124d6263860d16ab4f3958b1ac4eeb5,1.0065219405808559,0.0010059368425826788
weibull_softplus_unscaled@kappa_floor_link_flat15,uncheatable,external_development,0,-1,delphi_3e18_39bucket:f16199e7f2cdb043d550805be1d6c2cedde580382205dfe6009222e5329ab998,1.03603657779871,0.0011331699682596331
weibull_softplus_unscaled@kappa_floor_link_flat15,uncheatable,external_development,0,-1,delphi_3e18_39bucket:f232b9fe34f7b04ebbfe91eb3239213c0003a3e608e279780f47e6c545811bb3,1.0394186551164837,0.001122617438774774
weibull_softplus_unscaled@kappa_floor_link_flat15,uncheatable,external_development,0,-1,delphi_3e18_39bucket:f2d3993c551000c1ee508c463805bd652f0f40a241a54fdf69aecee07fd2bb47,1.0396435104900488,0.0012549108618035057
weibull_softplus_unscaled@kappa_floor_link_flat15,uncheatable,external_development,0,-1,delphi_3e18_39bucket:f387ec3241cb7be9b883e93ed53e1940f5fbf725f14ef13b1c76e1634c9e0704,1.0655289209705723,0.002409887997995842
weibull_softplus_unscaled@kappa_floor_link_flat15,uncheatable,external_development,0,-1,delphi_3e18_39bucket:f52b9b33b05c41f331ddaef90666b37968827a31c9dbdee6bdd5c5554069af4b,1.0600814673552332,0.00515148988166946
weibull_softplus_unscaled@kappa_floor_link_flat15,uncheatable,external_development,0,-1,delphi_3e18_39bucket:f597d4a7586698fbbc1b854337589ff532c04fd4a54699ae6665043e95934555,0.9914419083706171,0.002441318088105166
weibull_softplus_unscaled@kappa_floor_link_flat15,uncheatable,external_development,0,-1,delphi_3e18_39bucket:f5c02be0cf834281311018f3922cb87d91ee62b6d20f4e7ac201af5ee0954f38,1.0364503905951374,0.0011403873783590614
weibull_softplus_unscaled@kappa_floor_link_flat15,uncheatable,external_development,0,-1,delphi_3e18_39bucket:f6841e17099bc045d728b98540d5fb888d83f06d8ee4a4939cce171c39ff9c1a,1.0404518285568267,0.0010618212397896295
weibull_softplus_unscaled@kappa_floor_link_flat15,uncheatable,external_development,0,-1,delphi_3e18_39bucket:f81afa5c14bbd67cc1fb496dcd8cd5779f46fed3843ce430341122b0cfff0750,1.0199369188471188,0.004652938433724392
weibull_softplus_unscaled@kappa_floor_link_flat15,uncheatable,external_development,0,-1,delphi_3e18_39bucket:f8a8e264e7f30fe85c514e532e5f6bce8d2037da8458a757b0383f7dbf072f25,1.0349499422843036,0.0009184317975386198
weibull_softplus_unscaled@kappa_floor_link_flat15,uncheatable,external_development,0,-1,delphi_3e18_39bucket:f95f22b464a3ca2eee25bd948f390a4ef40e83d2198fc976127df60c1e1668aa,1.0196074641691015,0.0008237835531113878
weibull_softplus_unscaled@kappa_floor_link_flat15,uncheatable,external_development,0,-1,delphi_3e18_39bucket:f9bb0369b872fcb08e26e8d0629e52b1cb543956824511bc69a1d81d84b8e766,0.9927360871702431,0.001910270213015621
weibull_softplus_unscaled@kappa_floor_link_flat15,uncheatable,external_development,0,-1,delphi_3e18_39bucket:f9e349b2e05d04e16162ae18c9cde10806824cee16faba2af2564f533559151d,1.0334399540977972,0.000807962770829653
weibull_softplus_unscaled@kappa_floor_link_flat15,uncheatable,external_development,0,-1,delphi_3e18_39bucket:f9e5fad6cd843eef1ec963c775019a7ed2d37fb9fc6d6458f98c8bb15b000248,1.0520588646181124,0.0020950396729475925
weibull_softplus_unscaled@kappa_floor_link_flat15,uncheatable,external_development,0,-1,delphi_3e18_39bucket:fa0294460f0573041da6b1435affe244e46d5459cf24f4d451fa7776c77261f6,0.9840593827808803,0.0015567087011872512
weibull_softplus_unscaled@kappa_floor_link_flat15,uncheatable,external_development,0,-1,delphi_3e18_39bucket:fafbc2ba18f1c7971ddf8e7eff5f92f1b11469cf1d80181209696d8655812553,1.043589526586832,0.0011321396047433037
weibull_softplus_unscaled@kappa_floor_link_flat15,uncheatable,external_development,0,-1,delphi_3e18_39bucket:fb8cb11729c2b4e023d88d084293e65ec1f03e521aada50a0bde80863e530aa8,0.9993473586899307,0.0014307816103256077
weibull_softplus_unscaled@kappa_floor_link_flat15,uncheatable,external_development,0,-1,delphi_3e18_39bucket:fcd0fd12a7c5020965f6947e8301e946fa54ac35b888fd77a64acdb284227b4d,1.0378941385413012,0.001309741409196071
weibull_softplus_unscaled@kappa_floor_link_flat15,uncheatable,external_development,0,-1,delphi_3e18_39bucket:fd1878ded789f2edc41ab9255de95e0c7d881b315872d556b913e69f7cf031fc,0.9863071162993635,0.0021672905322279445
weibull_softplus_unscaled@kappa_floor_link_flat15,uncheatable,external_development,0,-1,delphi_3e18_39bucket:fde889913d2682952bec8de25fd72402715ccecae048d5f22ad1228540aa83cf,1.0278550356603242,0.000656094510680754
weibull_softplus_unscaled@kappa_floor_link_flat15,uncheatable,external_development,0,-1,delphi_3e18_39bucket:fef2793a1123d329057bd31024def73e90c2aa567a327913bb8366c7204fc414,1.0564984674073155,0.0014058673911233348
weibull_softplus_unscaled@kappa_floor_link_flat15,uncheatable,external_development,0,-1,delphi_3e18_39bucket:ff65381e6c6fa2fd41b3444cc7dae32b0a07f1eaf50d99b9dc409da261b0a1ac,1.0491014206921951,0.0013194936291064476
weibull_softplus_unscaled@kappa_floor_link_flat15_nocap,uncheatable,panel_oof,0,0,7,1.0871415101187867,
weibull_softplus_unscaled@kappa_floor_link_flat15_nocap,uncheatable,panel_oof,0,0,8,1.1356839233089944,
weibull_softplus_unscaled@kappa_floor_link_flat15_nocap,uncheatable,panel_oof,0,0,25,1.1055079928138096,
weibull_softplus_unscaled@kappa_floor_link_flat15_nocap,uncheatable,panel_oof,0,0,35,1.0759010176893953,
weibull_softplus_unscaled@kappa_floor_link_flat15_nocap,uncheatable,panel_oof,0,0,51,1.0864487075670253,
weibull_softplus_unscaled@kappa_floor_link_flat15_nocap,uncheatable,panel_oof,0,0,56,1.0414799140343087,
weibull_softplus_unscaled@kappa_floor_link_flat15_nocap,uncheatable,panel_oof,0,0,69,1.0947613017213844,
weibull_softplus_unscaled@kappa_floor_link_flat15_nocap,uncheatable,panel_oof,0,0,81,1.0322180330970636,
weibull_softplus_unscaled@kappa_floor_link_flat15_nocap,uncheatable,panel_oof,0,0,86,1.089541343646542,
weibull_softplus_unscaled@kappa_floor_link_flat15_nocap,uncheatable,panel_oof,0,0,99,1.0806902900665503,
weibull_softplus_unscaled@kappa_floor_link_flat15_nocap,uncheatable,panel_oof,0,0,100,1.0918464667394403,
weibull_softplus_unscaled@kappa_floor_link_flat15_nocap,uncheatable,panel_oof,0,0,106,1.1050160239063906,
weibull_softplus_unscaled@kappa_floor_link_flat15_nocap,uncheatable,panel_oof,0,0,107,1.133401521622185,
weibull_softplus_unscaled@kappa_floor_link_flat15_nocap,uncheatable,panel_oof,0,0,126,1.0679906751450154,
weibull_softplus_unscaled@kappa_floor_link_flat15_nocap,uncheatable,panel_oof,0,0,136,1.1138557083889964,
weibull_softplus_unscaled@kappa_floor_link_flat15_nocap,uncheatable,panel_oof,0,0,137,1.0692817110662403,
weibull_softplus_unscaled@kappa_floor_link_flat15_nocap,uncheatable,panel_oof,0,0,140,1.0755632871850245,
weibull_softplus_unscaled@kappa_floor_link_flat15_nocap,uncheatable,panel_oof,0,0,141,1.0723828463000762,
weibull_softplus_unscaled@kappa_floor_link_flat15_nocap,uncheatable,panel_oof,0,0,142,1.0704856547072583,
weibull_softplus_unscaled@kappa_floor_link_flat15_nocap,uncheatable,panel_oof,0,0,145,1.0635605747602261,
weibull_softplus_unscaled@kappa_floor_link_flat15_nocap,uncheatable,panel_oof,0,0,147,1.0777590255941425,
weibull_softplus_unscaled@kappa_floor_link_flat15_nocap,uncheatable,panel_oof,0,0,163,1.065289270589227,
weibull_softplus_unscaled@kappa_floor_link_flat15_nocap,uncheatable,panel_oof,0,0,165,1.0683319338224153,
weibull_softplus_unscaled@kappa_floor_link_flat15_nocap,uncheatable,panel_oof,0,0,169,1.1176422776451693,
weibull_softplus_unscaled@kappa_floor_link_flat15_nocap,uncheatable,panel_oof,0,0,171,1.0993920382506583,
weibull_softplus_unscaled@kappa_floor_link_flat15_nocap,uncheatable,panel_oof,0,0,187,1.1215019174573393,
weibull_softplus_unscaled@kappa_floor_link_flat15_nocap,uncheatable,panel_oof,0,0,188,1.073763217997394,
weibull_softplus_unscaled@kappa_floor_link_flat15_nocap,uncheatable,panel_oof,0,0,191,1.0445105368526275,
weibull_softplus_unscaled@kappa_floor_link_flat15_nocap,uncheatable,panel_oof,0,0,195,1.0585288642894572,
weibull_softplus_unscaled@kappa_floor_link_flat15_nocap,uncheatable,panel_oof,0,0,197,1.080570955634061,
weibull_softplus_unscaled@kappa_floor_link_flat15_nocap,uncheatable,panel_oof,0,0,200,1.0330290889867708,
weibull_softplus_unscaled@kappa_floor_link_flat15_nocap,uncheatable,panel_oof,0,0,208,1.0879394515514975,
weibull_softplus_unscaled@kappa_floor_link_flat15_nocap,uncheatable,panel_oof,0,0,209,1.0554149479089112,
weibull_softplus_unscaled@kappa_floor_link_flat15_nocap,uncheatable,panel_oof,0,0,210,1.1018925664007309,
weibull_softplus_unscaled@kappa_floor_link_flat15_nocap,uncheatable,panel_oof,0,0,217,1.080715216276205,
weibull_softplus_unscaled@kappa_floor_link_flat15_nocap,uncheatable,panel_oof,0,0,219,1.0891533226851036,
weibull_softplus_unscaled@kappa_floor_link_flat15_nocap,uncheatable,panel_oof,0,0,220,1.0610270236016817,
weibull_softplus_unscaled@kappa_floor_link_flat15_nocap,uncheatable,panel_oof,0,0,223,1.0449077609875008,
weibull_softplus_unscaled@kappa_floor_link_flat15_nocap,uncheatable,panel_oof,0,0,233,1.0638908638379918,
weibull_softplus_unscaled@kappa_floor_link_flat15_nocap,uncheatable,panel_oof,0,0,237,1.0698803901139706,
weibull_softplus_unscaled@kappa_floor_link_flat15_nocap,uncheatable,panel_oof,0,1,1,1.0229734541672149,
weibull_softplus_unscaled@kappa_floor_link_flat15_nocap,uncheatable,panel_oof,0,1,241,1.0346010377095516,
weibull_softplus_unscaled@kappa_floor_link_flat15_nocap,uncheatable,panel_oof,0,1,242,1.0349834477215896,
weibull_softplus_unscaled@kappa_floor_link_flat15_nocap,uncheatable,panel_oof,0,1,243,1.0347614316096703,
weibull_softplus_unscaled@kappa_floor_link_flat15_nocap,uncheatable,panel_oof,0,1,244,1.0352605278645108,
weibull_softplus_unscaled@kappa_floor_link_flat15_nocap,uncheatable,panel_oof,0,1,245,1.033914062467737,
weibull_softplus_unscaled@kappa_floor_link_flat15_nocap,uncheatable,panel_oof,0,1,246,1.0341027885047605,
weibull_softplus_unscaled@kappa_floor_link_flat15_nocap,uncheatable,panel_oof,0,1,247,1.0348570666591628,
weibull_softplus_unscaled@kappa_floor_link_flat15_nocap,uncheatable,panel_oof,0,1,248,1.034734136003324,
weibull_softplus_unscaled@kappa_floor_link_flat15_nocap,uncheatable,panel_oof,0,1,249,1.032954883678306,
weibull_softplus_unscaled@kappa_floor_link_flat15_nocap,uncheatable,panel_oof,0,1,250,1.0339222285206104,
weibull_softplus_unscaled@kappa_floor_link_flat15_nocap,uncheatable,panel_oof,0,1,251,1.031496596465936,
weibull_softplus_unscaled@kappa_floor_link_flat15_nocap,uncheatable,panel_oof,0,1,252,1.03343892246775,
weibull_softplus_unscaled@kappa_floor_link_flat15_nocap,uncheatable,panel_oof,0,1,253,1.0339504790915972,
weibull_softplus_unscaled@kappa_floor_link_flat15_nocap,uncheatable,panel_oof,0,1,254,1.0349329776808573,
weibull_softplus_unscaled@kappa_floor_link_flat15_nocap,uncheatable,panel_oof,0,1,255,1.0342282095210946,
weibull_softplus_unscaled@kappa_floor_link_flat15_nocap,uncheatable,panel_oof,0,1,256,1.0344428487330388,
weibull_softplus_unscaled@kappa_floor_link_flat15_nocap,uncheatable,panel_oof,0,1,257,1.031849419452022,
weibull_softplus_unscaled@kappa_floor_link_flat15_nocap,uncheatable,panel_oof,0,1,258,1.0338433178567539,
weibull_softplus_unscaled@kappa_floor_link_flat15_nocap,uncheatable,panel_oof,0,1,259,1.0355827826025088,
weibull_softplus_unscaled@kappa_floor_link_flat15_nocap,uncheatable,panel_oof,0,1,260,1.0357855463454237,
weibull_softplus_unscaled@kappa_floor_link_flat15_nocap,uncheatable,panel_oof,0,1,261,1.034912435244665,
weibull_softplus_unscaled@kappa_floor_link_flat15_nocap,uncheatable,panel_oof,0,1,262,1.0362622681952707,
weibull_softplus_unscaled@kappa_floor_link_flat15_nocap,uncheatable,panel_oof,0,1,263,1.036372048056652,
weibull_softplus_unscaled@kappa_floor_link_flat15_nocap,uncheatable,panel_oof,0,1,264,1.036093674200656,
weibull_softplus_unscaled@kappa_floor_link_flat15_nocap,uncheatable,panel_oof,0,1,265,1.0364385782022207,
weibull_softplus_unscaled@kappa_floor_link_flat15_nocap,uncheatable,panel_oof,0,1,266,1.03679907564812,
weibull_softplus_unscaled@kappa_floor_link_flat15_nocap,uncheatable,panel_oof,0,1,267,1.059062287358895,
weibull_softplus_unscaled@kappa_floor_link_flat15_nocap,uncheatable,panel_oof,0,1,268,1.036973929820836,
weibull_softplus_unscaled@kappa_floor_link_flat15_nocap,uncheatable,panel_oof,0,1,269,1.0374361841280022,
weibull_softplus_unscaled@kappa_floor_link_flat15_nocap,uncheatable,panel_oof,0,1,270,1.0351373709829053,
weibull_softplus_unscaled@kappa_floor_link_flat15_nocap,uncheatable,panel_oof,0,1,271,1.0282704175933075,
weibull_softplus_unscaled@kappa_floor_link_flat15_nocap,uncheatable,panel_oof,0,1,272,1.0368325452958729,
weibull_softplus_unscaled@kappa_floor_link_flat15_nocap,uncheatable,panel_oof,0,1,273,1.0577548645631385,
weibull_softplus_unscaled@kappa_floor_link_flat15_nocap,uncheatable,panel_oof,0,1,274,1.0353353208103955,
weibull_softplus_unscaled@kappa_floor_link_flat15_nocap,uncheatable,panel_oof,0,1,275,1.0443633654104603,
weibull_softplus_unscaled@kappa_floor_link_flat15_nocap,uncheatable,panel_oof,0,1,276,1.0365408495655957,
weibull_softplus_unscaled@kappa_floor_link_flat15_nocap,uncheatable,panel_oof,0,1,277,1.0367473862842131,
weibull_softplus_unscaled@kappa_floor_link_flat15_nocap,uncheatable,panel_oof,0,1,278,1.034098474831481,
weibull_softplus_unscaled@kappa_floor_link_flat15_nocap,uncheatable,panel_oof,0,1,279,1.0356538752420157,
weibull_softplus_unscaled@kappa_floor_link_flat15_nocap,uncheatable,panel_oof,0,2,3,1.057752682335163,
weibull_softplus_unscaled@kappa_floor_link_flat15_nocap,uncheatable,panel_oof,0,2,5,1.2131113949988288,
weibull_softplus_unscaled@kappa_floor_link_flat15_nocap,uncheatable,panel_oof,0,2,6,1.0905774264797847,
weibull_softplus_unscaled@kappa_floor_link_flat15_nocap,uncheatable,panel_oof,0,2,10,1.0911554903716025,
weibull_softplus_unscaled@kappa_floor_link_flat15_nocap,uncheatable,panel_oof,0,2,15,1.0836876637150117,
weibull_softplus_unscaled@kappa_floor_link_flat15_nocap,uncheatable,panel_oof,0,2,20,1.1007686408985118,
weibull_softplus_unscaled@kappa_floor_link_flat15_nocap,uncheatable,panel_oof,0,2,26,1.0513961796569031,
weibull_softplus_unscaled@kappa_floor_link_flat15_nocap,uncheatable,panel_oof,0,2,29,1.080807478303675,
weibull_softplus_unscaled@kappa_floor_link_flat15_nocap,uncheatable,panel_oof,0,2,30,1.0556165209481576,
weibull_softplus_unscaled@kappa_floor_link_flat15_nocap,uncheatable,panel_oof,0,2,34,1.0558678862061153,
weibull_softplus_unscaled@kappa_floor_link_flat15_nocap,uncheatable,panel_oof,0,2,39,1.079732937514575,
weibull_softplus_unscaled@kappa_floor_link_flat15_nocap,uncheatable,panel_oof,0,2,41,1.102866331389164,
weibull_softplus_unscaled@kappa_floor_link_flat15_nocap,uncheatable,panel_oof,0,2,46,1.083097570459349,
weibull_softplus_unscaled@kappa_floor_link_flat15_nocap,uncheatable,panel_oof,0,2,48,1.0465606185553926,
weibull_softplus_unscaled@kappa_floor_link_flat15_nocap,uncheatable,panel_oof,0,2,57,1.1055538784376866,
weibull_softplus_unscaled@kappa_floor_link_flat15_nocap,uncheatable,panel_oof,0,2,62,1.084102822571949,
weibull_softplus_unscaled@kappa_floor_link_flat15_nocap,uncheatable,panel_oof,0,2,65,1.0679711151542046,
weibull_softplus_unscaled@kappa_floor_link_flat15_nocap,uncheatable,panel_oof,0,2,68,1.0947653144429603,
weibull_softplus_unscaled@kappa_floor_link_flat15_nocap,uncheatable,panel_oof,0,2,73,1.0487860600083605,
weibull_softplus_unscaled@kappa_floor_link_flat15_nocap,uncheatable,panel_oof,0,2,79,1.1005561420764571,
weibull_softplus_unscaled@kappa_floor_link_flat15_nocap,uncheatable,panel_oof,0,2,83,1.0531735336055243,
weibull_softplus_unscaled@kappa_floor_link_flat15_nocap,uncheatable,panel_oof,0,2,84,1.0836677437460869,
weibull_softplus_unscaled@kappa_floor_link_flat15_nocap,uncheatable,panel_oof,0,2,87,1.078990193798423,
weibull_softplus_unscaled@kappa_floor_link_flat15_nocap,uncheatable,panel_oof,0,2,90,1.0456922956906074,
weibull_softplus_unscaled@kappa_floor_link_flat15_nocap,uncheatable,panel_oof,0,2,91,1.1031922425823386,
weibull_softplus_unscaled@kappa_floor_link_flat15_nocap,uncheatable,panel_oof,0,2,98,1.0488951320133717,
weibull_softplus_unscaled@kappa_floor_link_flat15_nocap,uncheatable,panel_oof,0,2,101,1.0827453807270184,
weibull_softplus_unscaled@kappa_floor_link_flat15_nocap,uncheatable,panel_oof,0,2,105,1.070001794913121,
weibull_softplus_unscaled@kappa_floor_link_flat15_nocap,uncheatable,panel_oof,0,2,109,1.0888620587466917,
weibull_softplus_unscaled@kappa_floor_link_flat15_nocap,uncheatable,panel_oof,0,2,112,1.0664562094280465,
weibull_softplus_unscaled@kappa_floor_link_flat15_nocap,uncheatable,panel_oof,0,2,113,1.1140662823540417,
weibull_softplus_unscaled@kappa_floor_link_flat15_nocap,uncheatable,panel_oof,0,2,115,1.0659312168367379,
weibull_softplus_unscaled@kappa_floor_link_flat15_nocap,uncheatable,panel_oof,0,2,116,1.0999724479782433,
weibull_softplus_unscaled@kappa_floor_link_flat15_nocap,uncheatable,panel_oof,0,2,119,1.0542166572482876,
weibull_softplus_unscaled@kappa_floor_link_flat15_nocap,uncheatable,panel_oof,0,2,122,1.0733910770381185,
weibull_softplus_unscaled@kappa_floor_link_flat15_nocap,uncheatable,panel_oof,0,2,123,1.0618273174431674,
weibull_softplus_unscaled@kappa_floor_link_flat15_nocap,uncheatable,panel_oof,0,2,124,1.0941452279023829,
weibull_softplus_unscaled@kappa_floor_link_flat15_nocap,uncheatable,panel_oof,0,2,133,1.1378186807528996,
weibull_softplus_unscaled@kappa_floor_link_flat15_nocap,uncheatable,panel_oof,0,2,134,1.0683884431690989,
weibull_softplus_unscaled@kappa_floor_link_flat15_nocap,uncheatable,panel_oof,0,2,135,1.05788784768963,
weibull_softplus_unscaled@kappa_floor_link_flat15_nocap,uncheatable,panel_oof,0,2,138,1.0770761381495766,
weibull_softplus_unscaled@kappa_floor_link_flat15_nocap,uncheatable,panel_oof,0,2,144,1.0781084755366166,
weibull_softplus_unscaled@kappa_floor_link_flat15_nocap,uncheatable,panel_oof,0,2,151,1.0808113656009573,
weibull_softplus_unscaled@kappa_floor_link_flat15_nocap,uncheatable,panel_oof,0,2,152,1.0448449314762889,
weibull_softplus_unscaled@kappa_floor_link_flat15_nocap,uncheatable,panel_oof,0,2,154,1.075525530971485,
weibull_softplus_unscaled@kappa_floor_link_flat15_nocap,uncheatable,panel_oof,0,2,157,1.1061601281929248,
weibull_softplus_unscaled@kappa_floor_link_flat15_nocap,uncheatable,panel_oof,0,2,158,1.0633847591391208,
weibull_softplus_unscaled@kappa_floor_link_flat15_nocap,uncheatable,panel_oof,0,2,160,1.0871144922789076,
weibull_softplus_unscaled@kappa_floor_link_flat15_nocap,uncheatable,panel_oof,0,2,166,1.0645703574826944,
weibull_softplus_unscaled@kappa_floor_link_flat15_nocap,uncheatable,panel_oof,0,2,172,1.0463016832720005,
weibull_softplus_unscaled@kappa_floor_link_flat15_nocap,uncheatable,panel_oof,0,2,175,1.062272551366259,
weibull_softplus_unscaled@kappa_floor_link_flat15_nocap,uncheatable,panel_oof,0,2,176,1.0480512885196047,
weibull_softplus_unscaled@kappa_floor_link_flat15_nocap,uncheatable,panel_oof,0,2,182,1.0801607463782492,
weibull_softplus_unscaled@kappa_floor_link_flat15_nocap,uncheatable,panel_oof,0,2,183,1.0721298654580327,
weibull_softplus_unscaled@kappa_floor_link_flat15_nocap,uncheatable,panel_oof,0,2,196,1.112711843774207,
weibull_softplus_unscaled@kappa_floor_link_flat15_nocap,uncheatable,panel_oof,0,2,198,1.0785307512594022,
weibull_softplus_unscaled@kappa_floor_link_flat15_nocap,uncheatable,panel_oof,0,2,205,1.0782312230780768,
weibull_softplus_unscaled@kappa_floor_link_flat15_nocap,uncheatable,panel_oof,0,2,211,1.0833755788387915,
weibull_softplus_unscaled@kappa_floor_link_flat15_nocap,uncheatable,panel_oof,0,2,213,1.028998556278772,
weibull_softplus_unscaled@kappa_floor_link_flat15_nocap,uncheatable,panel_oof,0,2,215,1.041521742321708,
weibull_softplus_unscaled@kappa_floor_link_flat15_nocap,uncheatable,panel_oof,0,2,222,1.0537710026041989,
weibull_softplus_unscaled@kappa_floor_link_flat15_nocap,uncheatable,panel_oof,0,2,224,1.1255742053074933,
weibull_softplus_unscaled@kappa_floor_link_flat15_nocap,uncheatable,panel_oof,0,2,226,1.1006814296919898,
weibull_softplus_unscaled@kappa_floor_link_flat15_nocap,uncheatable,panel_oof,0,2,227,1.056231742433186,
weibull_softplus_unscaled@kappa_floor_link_flat15_nocap,uncheatable,panel_oof,0,2,229,1.0414513792662996,
weibull_softplus_unscaled@kappa_floor_link_flat15_nocap,uncheatable,panel_oof,0,2,235,1.0605791073120656,
weibull_softplus_unscaled@kappa_floor_link_flat15_nocap,uncheatable,panel_oof,0,2,236,1.0604825106158693,
weibull_softplus_unscaled@kappa_floor_link_flat15_nocap,uncheatable,panel_oof,0,2,238,1.0687115582866882,
weibull_softplus_unscaled@kappa_floor_link_flat15_nocap,uncheatable,panel_oof,0,3,2,1.093953076647213,
weibull_softplus_unscaled@kappa_floor_link_flat15_nocap,uncheatable,panel_oof,0,3,4,1.0977059104585112,
weibull_softplus_unscaled@kappa_floor_link_flat15_nocap,uncheatable,panel_oof,0,3,9,1.1177740955905038,
weibull_softplus_unscaled@kappa_floor_link_flat15_nocap,uncheatable,panel_oof,0,3,11,1.084874116247922,
weibull_softplus_unscaled@kappa_floor_link_flat15_nocap,uncheatable,panel_oof,0,3,12,1.116136927026372,
weibull_softplus_unscaled@kappa_floor_link_flat15_nocap,uncheatable,panel_oof,0,3,13,1.0816714902137998,
weibull_softplus_unscaled@kappa_floor_link_flat15_nocap,uncheatable,panel_oof,0,3,14,1.0863078330183389,
weibull_softplus_unscaled@kappa_floor_link_flat15_nocap,uncheatable,panel_oof,0,3,16,1.046756121074325,
weibull_softplus_unscaled@kappa_floor_link_flat15_nocap,uncheatable,panel_oof,0,3,17,1.108560748002418,
weibull_softplus_unscaled@kappa_floor_link_flat15_nocap,uncheatable,panel_oof,0,3,21,1.084914523119466,
weibull_softplus_unscaled@kappa_floor_link_flat15_nocap,uncheatable,panel_oof,0,3,22,1.0699302100599177,
weibull_softplus_unscaled@kappa_floor_link_flat15_nocap,uncheatable,panel_oof,0,3,23,1.1079578822097282,
weibull_softplus_unscaled@kappa_floor_link_flat15_nocap,uncheatable,panel_oof,0,3,24,1.040733491434371,
weibull_softplus_unscaled@kappa_floor_link_flat15_nocap,uncheatable,panel_oof,0,3,27,1.0650942167945123,
weibull_softplus_unscaled@kappa_floor_link_flat15_nocap,uncheatable,panel_oof,0,3,32,1.0555061694752974,
weibull_softplus_unscaled@kappa_floor_link_flat15_nocap,uncheatable,panel_oof,0,3,33,1.0740894624283324,
weibull_softplus_unscaled@kappa_floor_link_flat15_nocap,uncheatable,panel_oof,0,3,36,1.085948980683761,
weibull_softplus_unscaled@kappa_floor_link_flat15_nocap,uncheatable,panel_oof,0,3,37,1.0625213860573612,
weibull_softplus_unscaled@kappa_floor_link_flat15_nocap,uncheatable,panel_oof,0,3,38,1.0892444445709661,
weibull_softplus_unscaled@kappa_floor_link_flat15_nocap,uncheatable,panel_oof,0,3,40,1.0674901758258337,
weibull_softplus_unscaled@kappa_floor_link_flat15_nocap,uncheatable,panel_oof,0,3,43,1.0902300016439281,
weibull_softplus_unscaled@kappa_floor_link_flat15_nocap,uncheatable,panel_oof,0,3,44,1.1110013995104153,
weibull_softplus_unscaled@kappa_floor_link_flat15_nocap,uncheatable,panel_oof,0,3,45,1.0883924928710225,
weibull_softplus_unscaled@kappa_floor_link_flat15_nocap,uncheatable,panel_oof,0,3,49,1.0795490090300572,
weibull_softplus_unscaled@kappa_floor_link_flat15_nocap,uncheatable,panel_oof,0,3,50,1.0999252287906365,
weibull_softplus_unscaled@kappa_floor_link_flat15_nocap,uncheatable,panel_oof,0,3,52,1.0721799095701432,
weibull_softplus_unscaled@kappa_floor_link_flat15_nocap,uncheatable,panel_oof,0,3,53,1.0586927703075797,
weibull_softplus_unscaled@kappa_floor_link_flat15_nocap,uncheatable,panel_oof,0,3,54,1.0527259326100318,
weibull_softplus_unscaled@kappa_floor_link_flat15_nocap,uncheatable,panel_oof,0,3,55,1.057055333655153,
weibull_softplus_unscaled@kappa_floor_link_flat15_nocap,uncheatable,panel_oof,0,3,58,1.1011008889368392,
weibull_softplus_unscaled@kappa_floor_link_flat15_nocap,uncheatable,panel_oof,0,3,59,1.0544154554047918,
weibull_softplus_unscaled@kappa_floor_link_flat15_nocap,uncheatable,panel_oof,0,3,61,1.0549364644327377,
weibull_softplus_unscaled@kappa_floor_link_flat15_nocap,uncheatable,panel_oof,0,3,63,1.0472246386651969,
weibull_softplus_unscaled@kappa_floor_link_flat15_nocap,uncheatable,panel_oof,0,3,64,1.1014128337104427,
weibull_softplus_unscaled@kappa_floor_link_flat15_nocap,uncheatable,panel_oof,0,3,66,1.0843800436068434,
weibull_softplus_unscaled@kappa_floor_link_flat15_nocap,uncheatable,panel_oof,0,3,67,1.083529494875394,
weibull_softplus_unscaled@kappa_floor_link_flat15_nocap,uncheatable,panel_oof,0,3,70,1.0896178048439191,
weibull_softplus_unscaled@kappa_floor_link_flat15_nocap,uncheatable,panel_oof,0,3,71,1.0896114785123747,
weibull_softplus_unscaled@kappa_floor_link_flat15_nocap,uncheatable,panel_oof,0,3,72,1.072551877134472,
weibull_softplus_unscaled@kappa_floor_link_flat15_nocap,uncheatable,panel_oof,0,3,74,1.0692485024719227,
weibull_softplus_unscaled@kappa_floor_link_flat15_nocap,uncheatable,panel_oof,0,3,75,1.071093917065077,
weibull_softplus_unscaled@kappa_floor_link_flat15_nocap,uncheatable,panel_oof,0,3,78,1.0787857754971195,
weibull_softplus_unscaled@kappa_floor_link_flat15_nocap,uncheatable,panel_oof,0,3,85,1.073765729613605,
weibull_softplus_unscaled@kappa_floor_link_flat15_nocap,uncheatable,panel_oof,0,3,88,1.0941617766112803,
weibull_softplus_unscaled@kappa_floor_link_flat15_nocap,uncheatable,panel_oof,0,3,89,1.0754527017288993,
weibull_softplus_unscaled@kappa_floor_link_flat15_nocap,uncheatable,panel_oof,0,3,92,1.05403110853724,
weibull_softplus_unscaled@kappa_floor_link_flat15_nocap,uncheatable,panel_oof,0,3,93,1.071706705635318,
weibull_softplus_unscaled@kappa_floor_link_flat15_nocap,uncheatable,panel_oof,0,3,94,1.059333940035392,
weibull_softplus_unscaled@kappa_floor_link_flat15_nocap,uncheatable,panel_oof,0,3,95,1.0840599883302817,
weibull_softplus_unscaled@kappa_floor_link_flat15_nocap,uncheatable,panel_oof,0,3,96,1.0780069943485202,
weibull_softplus_unscaled@kappa_floor_link_flat15_nocap,uncheatable,panel_oof,0,3,97,1.060417900014348,
weibull_softplus_unscaled@kappa_floor_link_flat15_nocap,uncheatable,panel_oof,0,3,102,1.0602517721334408,
weibull_softplus_unscaled@kappa_floor_link_flat15_nocap,uncheatable,panel_oof,0,3,108,1.0930345786025768,
weibull_softplus_unscaled@kappa_floor_link_flat15_nocap,uncheatable,panel_oof,0,3,110,1.0776970919478028,
weibull_softplus_unscaled@kappa_floor_link_flat15_nocap,uncheatable,panel_oof,0,3,111,1.0725737545915917,
weibull_softplus_unscaled@kappa_floor_link_flat15_nocap,uncheatable,panel_oof,0,3,117,1.14079796649618,
weibull_softplus_unscaled@kappa_floor_link_flat15_nocap,uncheatable,panel_oof,0,3,120,1.0668418472482455,
weibull_softplus_unscaled@kappa_floor_link_flat15_nocap,uncheatable,panel_oof,0,3,121,1.0597360877600517,
weibull_softplus_unscaled@kappa_floor_link_flat15_nocap,uncheatable,panel_oof,0,3,127,1.0582994333380853,
weibull_softplus_unscaled@kappa_floor_link_flat15_nocap,uncheatable,panel_oof,0,3,128,1.0886618954595133,
weibull_softplus_unscaled@kappa_floor_link_flat15_nocap,uncheatable,panel_oof,0,3,129,1.0707077411147714,
weibull_softplus_unscaled@kappa_floor_link_flat15_nocap,uncheatable,panel_oof,0,3,130,1.0828067930534928,
weibull_softplus_unscaled@kappa_floor_link_flat15_nocap,uncheatable,panel_oof,0,3,132,1.1247270411591619,
weibull_softplus_unscaled@kappa_floor_link_flat15_nocap,uncheatable,panel_oof,0,3,139,1.0675771870217625,
weibull_softplus_unscaled@kappa_floor_link_flat15_nocap,uncheatable,panel_oof,0,3,143,1.0931119287135291,
weibull_softplus_unscaled@kappa_floor_link_flat15_nocap,uncheatable,panel_oof,0,3,146,1.1003836754534895,
weibull_softplus_unscaled@kappa_floor_link_flat15_nocap,uncheatable,panel_oof,0,3,148,1.058773401144297,
weibull_softplus_unscaled@kappa_floor_link_flat15_nocap,uncheatable,panel_oof,0,3,149,1.1170047776861969,
weibull_softplus_unscaled@kappa_floor_link_flat15_nocap,uncheatable,panel_oof,0,3,150,1.0871320308172876,
weibull_softplus_unscaled@kappa_floor_link_flat15_nocap,uncheatable,panel_oof,0,3,153,1.095304890185444,
weibull_softplus_unscaled@kappa_floor_link_flat15_nocap,uncheatable,panel_oof,0,3,156,1.056143132831743,
weibull_softplus_unscaled@kappa_floor_link_flat15_nocap,uncheatable,panel_oof,0,3,159,1.0782237786180815,
weibull_softplus_unscaled@kappa_floor_link_flat15_nocap,uncheatable,panel_oof,0,3,161,1.1246210374347414,
weibull_softplus_unscaled@kappa_floor_link_flat15_nocap,uncheatable,panel_oof,0,3,164,1.0813125725468078,
weibull_softplus_unscaled@kappa_floor_link_flat15_nocap,uncheatable,panel_oof,0,3,167,1.0774184319836317,
weibull_softplus_unscaled@kappa_floor_link_flat15_nocap,uncheatable,panel_oof,0,3,170,1.0722340097684735,
weibull_softplus_unscaled@kappa_floor_link_flat15_nocap,uncheatable,panel_oof,0,3,173,1.0773352612084373,
weibull_softplus_unscaled@kappa_floor_link_flat15_nocap,uncheatable,panel_oof,0,3,174,1.0576891589301294,
weibull_softplus_unscaled@kappa_floor_link_flat15_nocap,uncheatable,panel_oof,0,3,177,1.0632134653778476,
weibull_softplus_unscaled@kappa_floor_link_flat15_nocap,uncheatable,panel_oof,0,3,180,1.0680570643112002,
weibull_softplus_unscaled@kappa_floor_link_flat15_nocap,uncheatable,panel_oof,0,3,181,1.0940857876455987,
weibull_softplus_unscaled@kappa_floor_link_flat15_nocap,uncheatable,panel_oof,0,3,184,1.0544055740732468,
weibull_softplus_unscaled@kappa_floor_link_flat15_nocap,uncheatable,panel_oof,0,3,185,1.0726240931816788,
weibull_softplus_unscaled@kappa_floor_link_flat15_nocap,uncheatable,panel_oof,0,3,189,1.0773491750917015,
weibull_softplus_unscaled@kappa_floor_link_flat15_nocap,uncheatable,panel_oof,0,3,190,1.075996342784046,
weibull_softplus_unscaled@kappa_floor_link_flat15_nocap,uncheatable,panel_oof,0,3,192,1.0436311045663174,
weibull_softplus_unscaled@kappa_floor_link_flat15_nocap,uncheatable,panel_oof,0,3,194,1.0587315930935812,
weibull_softplus_unscaled@kappa_floor_link_flat15_nocap,uncheatable,panel_oof,0,3,201,1.0337976440795904,
weibull_softplus_unscaled@kappa_floor_link_flat15_nocap,uncheatable,panel_oof,0,3,203,1.0553909575366762,
weibull_softplus_unscaled@kappa_floor_link_flat15_nocap,uncheatable,panel_oof,0,3,204,1.0736356153473117,
weibull_softplus_unscaled@kappa_floor_link_flat15_nocap,uncheatable,panel_oof,0,3,206,1.0575336810722475,
weibull_softplus_unscaled@kappa_floor_link_flat15_nocap,uncheatable,panel_oof,0,3,214,1.0645343478646319,
weibull_softplus_unscaled@kappa_floor_link_flat15_nocap,uncheatable,panel_oof,0,3,218,1.0362760112461444,
weibull_softplus_unscaled@kappa_floor_link_flat15_nocap,uncheatable,panel_oof,0,3,225,1.0857610894056802,
weibull_softplus_unscaled@kappa_floor_link_flat15_nocap,uncheatable,panel_oof,0,3,228,1.0567243240431188,
weibull_softplus_unscaled@kappa_floor_link_flat15_nocap,uncheatable,panel_oof,0,3,232,1.0806974539371856,
weibull_softplus_unscaled@kappa_floor_link_flat15_nocap,uncheatable,panel_oof,0,3,234,1.0810808070779494,
weibull_softplus_unscaled@kappa_floor_link_flat15_nocap,uncheatable,panel_oof,0,3,240,1.0353654242944699,
weibull_softplus_unscaled@kappa_floor_link_flat15_nocap,uncheatable,panel_oof,0,4,18,1.0777774478226092,
weibull_softplus_unscaled@kappa_floor_link_flat15_nocap,uncheatable,panel_oof,0,4,19,1.0959937548090357,
weibull_softplus_unscaled@kappa_floor_link_flat15_nocap,uncheatable,panel_oof,0,4,28,1.1273317700154801,
weibull_softplus_unscaled@kappa_floor_link_flat15_nocap,uncheatable,panel_oof,0,4,31,1.0627236712434276,
weibull_softplus_unscaled@kappa_floor_link_flat15_nocap,uncheatable,panel_oof,0,4,42,1.054436466441262,
weibull_softplus_unscaled@kappa_floor_link_flat15_nocap,uncheatable,panel_oof,0,4,47,1.0686268141647584,
weibull_softplus_unscaled@kappa_floor_link_flat15_nocap,uncheatable,panel_oof,0,4,60,1.0552419026885054,
weibull_softplus_unscaled@kappa_floor_link_flat15_nocap,uncheatable,panel_oof,0,4,76,1.1270060057696805,
weibull_softplus_unscaled@kappa_floor_link_flat15_nocap,uncheatable,panel_oof,0,4,77,1.09207996818404,
weibull_softplus_unscaled@kappa_floor_link_flat15_nocap,uncheatable,panel_oof,0,4,80,1.0828002770960699,
weibull_softplus_unscaled@kappa_floor_link_flat15_nocap,uncheatable,panel_oof,0,4,82,1.062697790724441,
weibull_softplus_unscaled@kappa_floor_link_flat15_nocap,uncheatable,panel_oof,0,4,103,1.107228136618264,
weibull_softplus_unscaled@kappa_floor_link_flat15_nocap,uncheatable,panel_oof,0,4,104,1.090758520081645,
weibull_softplus_unscaled@kappa_floor_link_flat15_nocap,uncheatable,panel_oof,0,4,114,1.0726591462391113,
weibull_softplus_unscaled@kappa_floor_link_flat15_nocap,uncheatable,panel_oof,0,4,118,1.066708911866367,
weibull_softplus_unscaled@kappa_floor_link_flat15_nocap,uncheatable,panel_oof,0,4,125,1.0078415209816172,
weibull_softplus_unscaled@kappa_floor_link_flat15_nocap,uncheatable,panel_oof,0,4,131,1.0635382662440738,
weibull_softplus_unscaled@kappa_floor_link_flat15_nocap,uncheatable,panel_oof,0,4,155,1.0534713377734604,
weibull_softplus_unscaled@kappa_floor_link_flat15_nocap,uncheatable,panel_oof,0,4,162,1.0650749448345929,
weibull_softplus_unscaled@kappa_floor_link_flat15_nocap,uncheatable,panel_oof,0,4,168,1.020425187669339,
weibull_softplus_unscaled@kappa_floor_link_flat15_nocap,uncheatable,panel_oof,0,4,178,1.0298321283433993,
weibull_softplus_unscaled@kappa_floor_link_flat15_nocap,uncheatable,panel_oof,0,4,179,1.0949387495260505,
weibull_softplus_unscaled@kappa_floor_link_flat15_nocap,uncheatable,panel_oof,0,4,186,1.0553958220085677,
weibull_softplus_unscaled@kappa_floor_link_flat15_nocap,uncheatable,panel_oof,0,4,193,1.0661685517668011,
weibull_softplus_unscaled@kappa_floor_link_flat15_nocap,uncheatable,panel_oof,0,4,199,1.07657053411016,
weibull_softplus_unscaled@kappa_floor_link_flat15_nocap,uncheatable,panel_oof,0,4,202,1.0627137955224493,
weibull_softplus_unscaled@kappa_floor_link_flat15_nocap,uncheatable,panel_oof,0,4,207,1.0879462063251149,
weibull_softplus_unscaled@kappa_floor_link_flat15_nocap,uncheatable,panel_oof,0,4,212,1.0740394893566645,
weibull_softplus_unscaled@kappa_floor_link_flat15_nocap,uncheatable,panel_oof,0,4,216,1.0736786594446768,
weibull_softplus_unscaled@kappa_floor_link_flat15_nocap,uncheatable,panel_oof,0,4,221,1.0521686330832105,
weibull_softplus_unscaled@kappa_floor_link_flat15_nocap,uncheatable,panel_oof,0,4,230,1.0504289610975348,
weibull_softplus_unscaled@kappa_floor_link_flat15_nocap,uncheatable,panel_oof,0,4,231,1.0644998189455048,
weibull_softplus_unscaled@kappa_floor_link_flat15_nocap,uncheatable,panel_oof,0,4,239,1.0738747260895662,
weibull_softplus_unscaled@kappa_floor_link_flat15_nocap,uncheatable,external_development,0,-1,delphi_3e18_39bucket:0066da643d35e694a311d26516399114a1c69adba1f7795b773b704d93c0e945,1.0533364747664595,0.0012243174911797069
weibull_softplus_unscaled@kappa_floor_link_flat15_nocap,uncheatable,external_development,0,-1,delphi_3e18_39bucket:015ce47db7b4ac2a312c1dfa614d699adb8526230f5a7355c112e4e546f4bb96,1.0368306071435767,0.001081084633781243
weibull_softplus_unscaled@kappa_floor_link_flat15_nocap,uncheatable,external_development,0,-1,delphi_3e18_39bucket:01985d1f15bebd8fef77b5150d00df90b1460ff11f8dbeb34a83d3755d4831ca,0.999107119592704,0.0013779342931654968
weibull_softplus_unscaled@kappa_floor_link_flat15_nocap,uncheatable,external_development,0,-1,delphi_3e18_39bucket:02c70e578e5784e551eefe679886439d9c803cedd53b283f3333a0c5fbe3e5cf,1.044732256157263,0.0009296671615639133
weibull_softplus_unscaled@kappa_floor_link_flat15_nocap,uncheatable,external_development,0,-1,delphi_3e18_39bucket:037a604380dcbb0bd031ab6fe4d27d6f859ec425fb267f14b984c1fb545aefe5,1.0420678052033725,0.0011384685682449911
weibull_softplus_unscaled@kappa_floor_link_flat15_nocap,uncheatable,external_development,0,-1,delphi_3e18_39bucket:039e773502afbad67dfd37ee20068668a2092188b0245ddd91d40a1560e905f6,1.0074267029808621,0.0013506429469632
weibull_softplus_unscaled@kappa_floor_link_flat15_nocap,uncheatable,external_development,0,-1,delphi_3e18_39bucket:06d61998a2b7fe732abe0607cc0fc7812e544c3828ed26a47d4283ddb7891cb9,1.0374053396600873,0.0011173338438754696
weibull_softplus_unscaled@kappa_floor_link_flat15_nocap,uncheatable,external_development,0,-1,delphi_3e18_39bucket:06f1f5c4286bcf9fe2c2ccf5d91303fe3cf919c815f3a926d5a2ff3de43fc683,1.045527351831121,0.0013266577234222062
weibull_softplus_unscaled@kappa_floor_link_flat15_nocap,uncheatable,external_development,0,-1,delphi_3e18_39bucket:073bad81517f75d40c9eb877348b38c8734b28dc6cb239c2089c9c35e9510223,1.0004089416185558,0.0017477191402073496
weibull_softplus_unscaled@kappa_floor_link_flat15_nocap,uncheatable,external_development,0,-1,delphi_3e18_39bucket:0788d5de28276914dae1c6388f1ab105867ad1d4a087d52bf0b8519d80129c89,1.037179413036196,0.0009777743704977471
weibull_softplus_unscaled@kappa_floor_link_flat15_nocap,uncheatable,external_development,0,-1,delphi_3e18_39bucket:07ec2043780a0d9df429ba7b4f371cf9415daa1341f5b29b929b522684e38b91,1.0327595188984842,0.0028658911965132473
weibull_softplus_unscaled@kappa_floor_link_flat15_nocap,uncheatable,external_development,0,-1,delphi_3e18_39bucket:081b3e9c9806710005689ad55a35ca2b5545880488e77cee8042740337e79dfd,0.9915680884138443,0.0024506252468736813
weibull_softplus_unscaled@kappa_floor_link_flat15_nocap,uncheatable,external_development,0,-1,delphi_3e18_39bucket:082fedafa9e0b95f220f553903813794bb9dc21b592587587dd5fa4dca612f6c,1.0610945719352594,0.0015841257046072907
weibull_softplus_unscaled@kappa_floor_link_flat15_nocap,uncheatable,external_development,0,-1,delphi_3e18_39bucket:0849e8468f1ed33aa84061be6ed119421f912af5683193c8b0f037cee11a3763,1.0417353884598155,0.0012272110229599308
weibull_softplus_unscaled@kappa_floor_link_flat15_nocap,uncheatable,external_development,0,-1,delphi_3e18_39bucket:090b9d521ba31e364d7c8479c9c8b5369806b9c8557af616f883945e0307ccfb,0.9865686729488661,0.0013513919153038062
weibull_softplus_unscaled@kappa_floor_link_flat15_nocap,uncheatable,external_development,0,-1,delphi_3e18_39bucket:095c671d2e8d76d30acb22a88707854961f0bd8fa702605dcc65c6c64231b117,1.038636129484737,0.0012434393085734203
weibull_softplus_unscaled@kappa_floor_link_flat15_nocap,uncheatable,external_development,0,-1,delphi_3e18_39bucket:09ab1aa79a519d8cbef31696066513a006253831fb687b610438ea9b39faef2c,1.0536594661310614,0.0018713574766993288
weibull_softplus_unscaled@kappa_floor_link_flat15_nocap,uncheatable,external_development,0,-1,delphi_3e18_39bucket:09de561eed4cac3d6052c3e7ccd15b7d2bf21ffe6620953c40d04597b793517c,0.9912823628064831,0.001796546063589015
weibull_softplus_unscaled@kappa_floor_link_flat15_nocap,uncheatable,external_development,0,-1,delphi_3e18_39bucket:0a4c90180e2e9f06b17432216267636bc90d169f9f68bad8b789d271cb541e26,1.0220862224344804,0.001170007707591322
weibull_softplus_unscaled@kappa_floor_link_flat15_nocap,uncheatable,external_development,0,-1,delphi_3e18_39bucket:0a69a64824dbbec7bffe6fbd96bf614be79fa346a55fb8dad697d2aed91a31fe,0.9951738750028245,0.0028323264378700983
weibull_softplus_unscaled@kappa_floor_link_flat15_nocap,uncheatable,external_development,0,-1,delphi_3e18_39bucket:0bdc7ed5abac4cf71f3695dd33cb4ebeb179a0cbf41d9859e4d47fa71dcc9890,1.0384017064053657,0.0011760507898698261
weibull_softplus_unscaled@kappa_floor_link_flat15_nocap,uncheatable,external_development,0,-1,delphi_3e18_39bucket:0c6db73ff59b9cdac2e2428761ffc68d8764b26faefabce9cdbe0ad6133514fb,1.010135389270618,0.0010700450521122287
weibull_softplus_unscaled@kappa_floor_link_flat15_nocap,uncheatable,external_development,0,-1,delphi_3e18_39bucket:0c87eb28b1c95ec40d341aff414b3e73bc9300563def3b5d974082fe44509895,1.0383334946590903,0.001104370288947509
weibull_softplus_unscaled@kappa_floor_link_flat15_nocap,uncheatable,external_development,0,-1,delphi_3e18_39bucket:0ceaf50f71a5360954adeab2244cb20579f98a42ad87a9a61d09e18433fe7860,1.0368938886303565,0.0010824524882339158
weibull_softplus_unscaled@kappa_floor_link_flat15_nocap,uncheatable,external_development,0,-1,delphi_3e18_39bucket:0d019862e6437cdaea853e5908403f80164cfeaa2305fa7fbfaafa4c22decd1c,1.0534134249507292,0.0016150429308343726
weibull_softplus_unscaled@kappa_floor_link_flat15_nocap,uncheatable,external_development,0,-1,delphi_3e18_39bucket:0da14a6e57c138c21227eebbd44f186ea18272987a7f24f9edce875f3f5c35b2,1.0365330702590927,0.0008196259830860659
weibull_softplus_unscaled@kappa_floor_link_flat15_nocap,uncheatable,external_development,0,-1,delphi_3e18_39bucket:0fb57d38488e9d032a8a2d6e385eebbe0bb87510b042d12426a68166e3ec53b2,1.0098659316248724,0.0009245594900540612
weibull_softplus_unscaled@kappa_floor_link_flat15_nocap,uncheatable,external_development,0,-1,delphi_3e18_39bucket:0feea1b96a7083ed86e477633fc1c9df6d6198dd4ea8753a30f116ddbf453981,1.054050175097015,0.0010464994590778539
weibull_softplus_unscaled@kappa_floor_link_flat15_nocap,uncheatable,external_development,0,-1,delphi_3e18_39bucket:100cd66fd89a88c77157afcbddc20547cc115238f2281abf552b8c0d0374cc36,1.0534089593366485,0.0018882304874221557
weibull_softplus_unscaled@kappa_floor_link_flat15_nocap,uncheatable,external_development,0,-1,delphi_3e18_39bucket:115087d05bce1abc0d1e7590a4cc0b36b643cd94c47ca5e044580bd8ff9fa514,0.9898189564343883,0.002622242114649778
weibull_softplus_unscaled@kappa_floor_link_flat15_nocap,uncheatable,external_development,0,-1,delphi_3e18_39bucket:11779cf375492aed45ded6491e0158468a427484e8fd2f0823363b5961fadc1f,1.038598536622671,0.0011543168481650135
weibull_softplus_unscaled@kappa_floor_link_flat15_nocap,uncheatable,external_development,0,-1,delphi_3e18_39bucket:1186365305df843132a2b49cf1f4f3279bc6792218502b2ddb658ff6a8909811,1.0450151629114455,0.0013098739717023486
weibull_softplus_unscaled@kappa_floor_link_flat15_nocap,uncheatable,external_development,0,-1,delphi_3e18_39bucket:12d604c09575e6918d0c5273fb68b7ac720021d46bd7bf002aec8f2e388e7d73,1.0381184608360359,0.0010361833355103929
weibull_softplus_unscaled@kappa_floor_link_flat15_nocap,uncheatable,external_development,0,-1,delphi_3e18_39bucket:135c4820815edaaf0da56c8dc5f7697728f00c530e1af6d5c97db7883c693f3b,1.038016870444229,0.0010283131068900572
weibull_softplus_unscaled@kappa_floor_link_flat15_nocap,uncheatable,external_development,0,-1,delphi_3e18_39bucket:14ae27b209bb3f3e584f2a754f2f606b14c6a91a854a6960f5f2002189a9c63f,1.0002997116727244,0.0017814939380494336
weibull_softplus_unscaled@kappa_floor_link_flat15_nocap,uncheatable,external_development,0,-1,delphi_3e18_39bucket:1583e0fcd8684efdb53f5dba40c3ee266a316d16da17c423933aa17c59399bb4,0.9938966793354531,0.002592226598609487
weibull_softplus_unscaled@kappa_floor_link_flat15_nocap,uncheatable,external_development,0,-1,delphi_3e18_39bucket:15c3e3115300d4216bc495f2d6a911ae81e09297053b4e3fd8413b93b1724706,1.0380070057645017,0.0011212346121836803
weibull_softplus_unscaled@kappa_floor_link_flat15_nocap,uncheatable,external_development,0,-1,delphi_3e18_39bucket:15cefcc71eaf2cb32279921de35d7fd07a1c62a60826b15c7da6d9680aca7d5a,1.0443457103147105,0.0013631283231012293
weibull_softplus_unscaled@kappa_floor_link_flat15_nocap,uncheatable,external_development,0,-1,delphi_3e18_39bucket:168c44d2006162a6a570833acdedfc0e9cbace3ee8b4582d93c0d17b9a8f62dc,1.0383353663192718,0.0012068225845713895
weibull_softplus_unscaled@kappa_floor_link_flat15_nocap,uncheatable,external_development,0,-1,delphi_3e18_39bucket:16d569d49dc699da09d873f84439c1b3d09b1fb0a49da1a014bdd6055ed7e867,1.0189739940874902,0.0016377977668037248
weibull_softplus_unscaled@kappa_floor_link_flat15_nocap,uncheatable,external_development,0,-1,delphi_3e18_39bucket:180f3fe5f075a653053c6abb3614d3d97e4e8bd81a9bf3339b610420a3e507e1,1.0246776468547039,0.0058049332435448995
weibull_softplus_unscaled@kappa_floor_link_flat15_nocap,uncheatable,external_development,0,-1,delphi_3e18_39bucket:18a99a3351245092d3769f803d6ed42ad1446d61d00a6145d3ab0f7eb370ad43,1.0349869653009633,0.0009174871244392199
weibull_softplus_unscaled@kappa_floor_link_flat15_nocap,uncheatable,external_development,0,-1,delphi_3e18_39bucket:19e6d0a05b7cc0e501b20e580b9d694acf4b47aafcdbc8afc3840bc26b8e9183,1.0326261351488015,0.0007561014562241943
weibull_softplus_unscaled@kappa_floor_link_flat15_nocap,uncheatable,external_development,0,-1,delphi_3e18_39bucket:1abe87613ee3136eb10062b5549438b1593f06bc22629e4f06a79dc512925a09,0.9911024275815165,0.002281560139570362
weibull_softplus_unscaled@kappa_floor_link_flat15_nocap,uncheatable,external_development,0,-1,delphi_3e18_39bucket:1bd2258fc50c2f2300cfee3ccf288fcf65b55a83f6f4e754166ad83968fd2bc5,1.0400301390127051,0.0013513415846109237
weibull_softplus_unscaled@kappa_floor_link_flat15_nocap,uncheatable,external_development,0,-1,delphi_3e18_39bucket:1c82f47a17303f1c725bb67357c5df989e689eab6ce331e314ec3f25166ddb7f,1.0301492798439906,0.0005527961863863087
weibull_softplus_unscaled@kappa_floor_link_flat15_nocap,uncheatable,external_development,0,-1,delphi_3e18_39bucket:1f764babd33705edc89b9384b3ade86c50adefb121d72a48eead725f2f99fdbb,1.0475792229160166,0.0008135113315573839
weibull_softplus_unscaled@kappa_floor_link_flat15_nocap,uncheatable,external_development,0,-1,delphi_3e18_39bucket:1fe407b2a7e4115cdc2112c39a9854a82c434b11738b0b2dd1f7b59520c84b02,1.0334234203540258,0.000695122894702598
weibull_softplus_unscaled@kappa_floor_link_flat15_nocap,uncheatable,external_development,0,-1,delphi_3e18_39bucket:202a3f2963f0ed3ef838aa9f839dd983ff320011e5f90369bb10036d62d3bf07,1.0380703796781687,0.0014731298391532377
weibull_softplus_unscaled@kappa_floor_link_flat15_nocap,uncheatable,external_development,0,-1,delphi_3e18_39bucket:2128777c4bf7443fc7122204d45cffef5ed9ca0a3758737f512f8ac019f2614e,1.044326300193656,0.0012835339558714101
weibull_softplus_unscaled@kappa_floor_link_flat15_nocap,uncheatable,external_development,0,-1,delphi_3e18_39bucket:217fcc24bb6f19269acad2fd83783863fb8c38fe10b23c82e8d4650e3c20af96,1.0029269260467981,0.0034590046498789613
weibull_softplus_unscaled@kappa_floor_link_flat15_nocap,uncheatable,external_development,0,-1,delphi_3e18_39bucket:2217566357ae6eb4d1e0a63ed7d1b5f74bf85feb4a34fc2294075abf4779dc8a,0.9957062990728696,0.004223965539119196
weibull_softplus_unscaled@kappa_floor_link_flat15_nocap,uncheatable,external_development,0,-1,delphi_3e18_39bucket:22435fb72d5378f38e67f149c5327cefd8299de7f2802d207068e148a654d87a,0.9949007971191051,0.002815290971923773
weibull_softplus_unscaled@kappa_floor_link_flat15_nocap,uncheatable,external_development,0,-1,delphi_3e18_39bucket:22a7988dd0f948879fe6e14a81339e522012c662009155e7f837141a0aedb54d,1.0411588239912464,0.0011491491851435636
weibull_softplus_unscaled@kappa_floor_link_flat15_nocap,uncheatable,external_development,0,-1,delphi_3e18_39bucket:24181403664e888f5ff00f929ba54136d4c20243873de0479bbadd0a903d7e2e,1.0469210196386451,0.0012672929133514016
weibull_softplus_unscaled@kappa_floor_link_flat15_nocap,uncheatable,external_development,0,-1,delphi_3e18_39bucket:244c4cf1cc1aff8a4fa4a6620ac3c4e89194a0edec3d369e2d5c5a3ffc611fbd,1.0359659079115193,0.0009884280718068829
weibull_softplus_unscaled@kappa_floor_link_flat15_nocap,uncheatable,external_development,0,-1,delphi_3e18_39bucket:24a04b7131ccb2123cd83ebdebea1822f4208833dbaa020fb854f48dfeb82baa,1.0372468333216607,0.000937693563919144
weibull_softplus_unscaled@kappa_floor_link_flat15_nocap,uncheatable,external_development,0,-1,delphi_3e18_39bucket:257cf9d7063698fc7195b8f86bda6fdb70aa44cc6560c09437872f7afc15b3c7,1.0373078477764675,0.0010146620202730217
weibull_softplus_unscaled@kappa_floor_link_flat15_nocap,uncheatable,external_development,0,-1,delphi_3e18_39bucket:2805171d708ffa47ad55eebdded48bbe9184de34aaa01c764857896330bd5ed8,0.9935374650056916,0.002196932204986995
weibull_softplus_unscaled@kappa_floor_link_flat15_nocap,uncheatable,external_development,0,-1,delphi_3e18_39bucket:282bea38b4b390edde05c433f2aa287cb076b5c90b87ddfff2ac785476ee2a80,1.0444491267890068,0.0030052407220647554
weibull_softplus_unscaled@kappa_floor_link_flat15_nocap,uncheatable,external_development,0,-1,delphi_3e18_39bucket:28e9f00790cb0f3bd8eab6e67ab5ed390d4a8f9511b50e2c3b127fed84907f83,1.0372087206824758,0.0010929460554278897
weibull_softplus_unscaled@kappa_floor_link_flat15_nocap,uncheatable,external_development,0,-1,delphi_3e18_39bucket:29879913509e18c14302d4122cd80d460dbe36a86de1b841546532b10ae498e9,0.9972777562256951,0.003197728112127203
weibull_softplus_unscaled@kappa_floor_link_flat15_nocap,uncheatable,external_development,0,-1,delphi_3e18_39bucket:299a6f250e2580967240f5ac6e8f3e6810fda3f8762c8a4f373c4b03d7aee9b1,1.0460374148071283,0.0014064356469409931
weibull_softplus_unscaled@kappa_floor_link_flat15_nocap,uncheatable,external_development,0,-1,delphi_3e18_39bucket:2a97310a9690d4c4d3fba3c8cf2f4c53bec70f4ee6e7bc2798951d5fce110b5c,1.0368105916666441,0.0010530856175089524
weibull_softplus_unscaled@kappa_floor_link_flat15_nocap,uncheatable,external_development,0,-1,delphi_3e18_39bucket:2b4110349a3372d8cdd796df984fe3dd3f6933ac30c77acc1b554a35885f884f,1.0345924812953333,0.00103830421906056
weibull_softplus_unscaled@kappa_floor_link_flat15_nocap,uncheatable,external_development,0,-1,delphi_3e18_39bucket:2b989adc23ee2e9de7f2785a0f77bb06f18f1c8af0a8159044271123a563cdb9,0.9969687159063645,0.002281640010542177
weibull_softplus_unscaled@kappa_floor_link_flat15_nocap,uncheatable,external_development,0,-1,delphi_3e18_39bucket:2ce3f8060361ed87fadf5817cc4086427964c54e0a33c206fcb381675b97ea5f,1.0374240851816952,0.0011172444617433602
weibull_softplus_unscaled@kappa_floor_link_flat15_nocap,uncheatable,external_development,0,-1,delphi_3e18_39bucket:2e081ca88a4ffb992e9ae7b70b9b191276a26b63479089cd5b158410e587852e,1.0207370022746027,0.0007231885224377058
weibull_softplus_unscaled@kappa_floor_link_flat15_nocap,uncheatable,external_development,0,-1,delphi_3e18_39bucket:2e1738bd99d25f424f7d12a0418d3b95df9b3cb8832b62a765de68ab5fdfe411,1.039716153155229,0.0028444951123848842
weibull_softplus_unscaled@kappa_floor_link_flat15_nocap,uncheatable,external_development,0,-1,delphi_3e18_39bucket:2f021c092554cc1c442218ef631eef0b2b67a217256c18aa0380762934be6ef9,0.9916540850683138,0.0021667124609727954
weibull_softplus_unscaled@kappa_floor_link_flat15_nocap,uncheatable,external_development,0,-1,delphi_3e18_39bucket:2fd7ffa44744c71d0e734f0e0d4f05d854c74467a9c167f25018fd17cfe99306,1.0274646494270387,0.0006349982133096681
weibull_softplus_unscaled@kappa_floor_link_flat15_nocap,uncheatable,external_development,0,-1,delphi_3e18_39bucket:303bf27116162aaf5aad23c1dceb815464d35b45e7e0b3d737d78f0e445a7c48,1.013608325918681,0.000629694484583575
weibull_softplus_unscaled@kappa_floor_link_flat15_nocap,uncheatable,external_development,0,-1,delphi_3e18_39bucket:307e2ea17fda955025a3eb6f93191ebffc2a9ec7af3c27ab44f0b073b39a03a0,1.0209034201411833,0.006444596097988704
weibull_softplus_unscaled@kappa_floor_link_flat15_nocap,uncheatable,external_development,0,-1,delphi_3e18_39bucket:3277a3d2dd0f9018971fbcb563df43c5c3d38d364fb0a15494e2fde4c841ab06,1.0380579123579476,0.001152438724165778
weibull_softplus_unscaled@kappa_floor_link_flat15_nocap,uncheatable,external_development,0,-1,delphi_3e18_39bucket:329d432004aa55ff655af8af17bade03a9b3dd241ea3c9e87a7dbbeb1dc1b1d6,1.0339711784362295,0.0008836891420330336
weibull_softplus_unscaled@kappa_floor_link_flat15_nocap,uncheatable,external_development,0,-1,delphi_3e18_39bucket:3398acf60037cd5b4392f15953e36c3f7d33dfa5fb55428c42d6dc324f33ee6d,1.0455368155397728,0.001063005485581011
weibull_softplus_unscaled@kappa_floor_link_flat15_nocap,uncheatable,external_development,0,-1,delphi_3e18_39bucket:3614e5ff6454c53dc1b4848cee125d2bf986629dee4783b90415bc92736347a1,0.9839529497710255,0.0015267373201712908
weibull_softplus_unscaled@kappa_floor_link_flat15_nocap,uncheatable,external_development,0,-1,delphi_3e18_39bucket:36c1fb12dabe2ea3b14dcba0b6662780fe8c2edd811e604dc693d72ef1aad4b2,1.0515784447037322,0.0013775409744244344
weibull_softplus_unscaled@kappa_floor_link_flat15_nocap,uncheatable,external_development,0,-1,delphi_3e18_39bucket:378ccee7c37fc46dc3d8e46e4b4332bddd5bd6559bdcb485d925508370a96bfe,1.037210383971564,0.0008927606641940897
weibull_softplus_unscaled@kappa_floor_link_flat15_nocap,uncheatable,external_development,0,-1,delphi_3e18_39bucket:38b51fbcfa5c77121be6726dc68a28ce5ab9452aefd61be07d82e359fbdedf79,0.9836330465204985,0.0015072069121185212
weibull_softplus_unscaled@kappa_floor_link_flat15_nocap,uncheatable,external_development,0,-1,delphi_3e18_39bucket:391b0859fe53bf6c9da14d9694a7f85f766f8d8225b48942c840d1f3bebe7876,0.996373699833103,0.001880045109872154
weibull_softplus_unscaled@kappa_floor_link_flat15_nocap,uncheatable,external_development,0,-1,delphi_3e18_39bucket:391d81c8e67fe577eba6e9ee08f60d31bf3c4e751a772944fa9e620fd84cebdb,1.020782247039329,0.001371505351068545
weibull_softplus_unscaled@kappa_floor_link_flat15_nocap,uncheatable,external_development,0,-1,delphi_3e18_39bucket:39df5a66a6bcbdc5f52f9f37dfd15b1fdd08a415743db8fb17cc8b0512ac963f,1.065577142023344,0.0031641524158109533
weibull_softplus_unscaled@kappa_floor_link_flat15_nocap,uncheatable,external_development,0,-1,delphi_3e18_39bucket:3a337cea08c5cd9c8a8b50d435117d13ca5818fbfbab1e6a87ff1e567e25c835,1.0385394316504137,0.0011660001744555888
weibull_softplus_unscaled@kappa_floor_link_flat15_nocap,uncheatable,external_development,0,-1,delphi_3e18_39bucket:3c5d1d0ddb5500239d26944a313e0c966e43abfabc203fcdb07d5db66f8dc712,0.9944040951770496,0.0026806532162178816
weibull_softplus_unscaled@kappa_floor_link_flat15_nocap,uncheatable,external_development,0,-1,delphi_3e18_39bucket:3d3cd30314fd09b91f22ba82b732e228369abd03b55a27da937e0bca5a083a0a,1.0350401126973332,0.0009387015523780388
weibull_softplus_unscaled@kappa_floor_link_flat15_nocap,uncheatable,external_development,0,-1,delphi_3e18_39bucket:3d45f3bc22316f2c3a26d5af2662f5cc5b2e1214d7bf88bc7dfa2b034b89b076,0.9912275270620408,0.0022694661465675263
weibull_softplus_unscaled@kappa_floor_link_flat15_nocap,uncheatable,external_development,0,-1,delphi_3e18_39bucket:3d7af05751d62a9d5ef924d05c8f988d625bdd60428e935601184be98b0ac0df,1.0400619524741814,0.0011207878454820043
weibull_softplus_unscaled@kappa_floor_link_flat15_nocap,uncheatable,external_development,0,-1,delphi_3e18_39bucket:3de18a523f9dbadd83062cb454ad019820e391183b58003dd91dda53a4b13e1b,1.1068650873811883,0.017372051931045858
weibull_softplus_unscaled@kappa_floor_link_flat15_nocap,uncheatable,external_development,0,-1,delphi_3e18_39bucket:3ec760a2d3f08ec7acbde5dd5b70f25acbb174767b5f8e54d028852120660c2d,0.9951095923339978,0.0025901635808932995
weibull_softplus_unscaled@kappa_floor_link_flat15_nocap,uncheatable,external_development,0,-1,delphi_3e18_39bucket:3f18082665844ac4fa26e9c9e87ec9528a72d448eff278e6eb0fb7e1d4dc39bc,1.0029773863534015,0.0013814010152089612
weibull_softplus_unscaled@kappa_floor_link_flat15_nocap,uncheatable,external_development,0,-1,delphi_3e18_39bucket:410691cfb41376383b24b9260d41e57810fbaa6978569d90f35459312770dd15,1.044512230033102,0.0008497303920231252
weibull_softplus_unscaled@kappa_floor_link_flat15_nocap,uncheatable,external_development,0,-1,delphi_3e18_39bucket:4148bb820fc709c78f6daf88c6822b7f28c7d1aba87c815125bab9cc0c715d32,1.0383184666639216,0.0073508286352801655
weibull_softplus_unscaled@kappa_floor_link_flat15_nocap,uncheatable,external_development,0,-1,delphi_3e18_39bucket:419ee81cda8173e88f7ada544fce6e041beb00f9371af74edf51e3240616e6ae,0.9889625613774993,0.0021272799418480875
weibull_softplus_unscaled@kappa_floor_link_flat15_nocap,uncheatable,external_development,0,-1,delphi_3e18_39bucket:4287fd6ebf54e5dc56f478f75201af36dfaf1da75b19013f8ed1d1bb0d131b51,1.0504431951726168,0.0015848390697367385
weibull_softplus_unscaled@kappa_floor_link_flat15_nocap,uncheatable,external_development,0,-1,delphi_3e18_39bucket:42a399ba5c0ec06b23cf6c90f7a2d7bb620e8bf74eb4ae6131c11a97455e81cb,1.0504305778276826,0.0026063285254809463
weibull_softplus_unscaled@kappa_floor_link_flat15_nocap,uncheatable,external_development,0,-1,delphi_3e18_39bucket:42d578942c429bb75d62f6e2a7b33a9636af248dbf978094a0685abfa6f6bef6,1.0465423481851084,0.0009212843846008315
weibull_softplus_unscaled@kappa_floor_link_flat15_nocap,uncheatable,external_development,0,-1,delphi_3e18_39bucket:435fc59b9f74ea68a12a16abcf01b49d1d751709400f056661ece786c4fb97f4,1.0402297392816406,0.0009752827823179297
weibull_softplus_unscaled@kappa_floor_link_flat15_nocap,uncheatable,external_development,0,-1,delphi_3e18_39bucket:43a1b832b41d7b3705abe45be2d9a39f606803f539c4bfc22f9bdb84abd4ecdd,1.0325043960397011,0.0007582093704010597
weibull_softplus_unscaled@kappa_floor_link_flat15_nocap,uncheatable,external_development,0,-1,delphi_3e18_39bucket:43b243c94270528cefddfad2d85a2e86ee8e2e18b6fd46b04f3c346b72054bfc,1.037459047011809,0.0010280477269365772
weibull_softplus_unscaled@kappa_floor_link_flat15_nocap,uncheatable,external_development,0,-1,delphi_3e18_39bucket:44ce79a61450d4abf95809bf0fa221ae9d748008c8b5ae22fd8d3212c27a3fea,0.9964368114987331,0.0025585133937846057
weibull_softplus_unscaled@kappa_floor_link_flat15_nocap,uncheatable,external_development,0,-1,delphi_3e18_39bucket:450946512768dd9a9e7ac0b8b0bfe70503c57901a1407ee4764ad2b8be47d6fc,1.0894458140518668,0.003074236676317951
weibull_softplus_unscaled@kappa_floor_link_flat15_nocap,uncheatable,external_development,0,-1,delphi_3e18_39bucket:454b420da2501cc8413ce34639b91fba6c924e92d4acb602a12a4188a7bbac06,1.0014555819867719,0.00157619302169111
weibull_softplus_unscaled@kappa_floor_link_flat15_nocap,uncheatable,external_development,0,-1,delphi_3e18_39bucket:45c4ebe12e4506146427d7cf86c80df51ee3636fdc90eec46c6fbcda132736d3,1.040415056748885,0.0010883708264841402
weibull_softplus_unscaled@kappa_floor_link_flat15_nocap,uncheatable,external_development,0,-1,delphi_3e18_39bucket:46346afc1e8f516e3cf8db030395bc5bdba3094e0d1d6ce3d9212fbb3736b08f,1.0512340768148436,0.0013255009872665195
weibull_softplus_unscaled@kappa_floor_link_flat15_nocap,uncheatable,external_development,0,-1,delphi_3e18_39bucket:4656bf4bdeffbc234b5b12cc443ad2055c6daa70555f643727a48d11562171df,1.0362267219811394,0.0008404828372907098
weibull_softplus_unscaled@kappa_floor_link_flat15_nocap,uncheatable,external_development,0,-1,delphi_3e18_39bucket:479b4c0d010ec8af266c712fad85c52a6b25371b206b9d3bea78ede611674b9e,1.0687478126118188,0.002669034777084957
weibull_softplus_unscaled@kappa_floor_link_flat15_nocap,uncheatable,external_development,0,-1,delphi_3e18_39bucket:47f173bc0284dd1f8264d5a01dd8a2fcd9c04165efed2d185d16e1684ae02254,0.9996299885507374,0.0013564189393161408
weibull_softplus_unscaled@kappa_floor_link_flat15_nocap,uncheatable,external_development,0,-1,delphi_3e18_39bucket:4925c3287b201af1db9d1972026e9bf6b2b76a75673de01b83cd6af4965a90c1,0.9945438516618104,0.0024048015691356334
weibull_softplus_unscaled@kappa_floor_link_flat15_nocap,uncheatable,external_development,0,-1,delphi_3e18_39bucket:49605a406a87e4b29ff1058b67cff48d00f583ed007d73fd163a37ab3f1ef415,0.9946433994926455,0.0020056354376908115
weibull_softplus_unscaled@kappa_floor_link_flat15_nocap,uncheatable,external_development,0,-1,delphi_3e18_39bucket:4bea36f1a59704fdf3254fce13b499f62c5ce572c840a274eab13868a56e5f0c,1.0389636354820588,0.0010955881737081388
weibull_softplus_unscaled@kappa_floor_link_flat15_nocap,uncheatable,external_development,0,-1,delphi_3e18_39bucket:4d2a9f8e18ebd65e0860eaa7996c71b4bc666ece79a59f99599bf658eaaf1ca6,1.0700190428592775,0.004919832175838016
weibull_softplus_unscaled@kappa_floor_link_flat15_nocap,uncheatable,external_development,0,-1,delphi_3e18_39bucket:4dcd25089f067b1c4aa3d94b5a6046e58c872c7192b21d095899daf4324f9073,1.086062387329938,0.005009175094296721
weibull_softplus_unscaled@kappa_floor_link_flat15_nocap,uncheatable,external_development,0,-1,delphi_3e18_39bucket:4e32a5e9dd28c61c48e02bb2a44b9b07dfd0aba290fffff332f5119d1899e78e,1.0379087439809922,0.0011702991811058017
weibull_softplus_unscaled@kappa_floor_link_flat15_nocap,uncheatable,external_development,0,-1,delphi_3e18_39bucket:4f14ed9f6b84f8d07a49a046c1f0bc460e6188f73344c8a04a447d11f045e2fb,1.0369336829155409,0.0013416508113959068
weibull_softplus_unscaled@kappa_floor_link_flat15_nocap,uncheatable,external_development,0,-1,delphi_3e18_39bucket:5117115fda784e176c6f2f6b252905a9552ad3c50be88f0849fedb7b153ef185,1.040937514845076,0.0009885428404354357
weibull_softplus_unscaled@kappa_floor_link_flat15_nocap,uncheatable,external_development,0,-1,delphi_3e18_39bucket:514be0373f3adf0fa2a0f1d347bb9657c5a350d6221c93c56156da4fca342645,1.031360882636713,0.006948539629854561
weibull_softplus_unscaled@kappa_floor_link_flat15_nocap,uncheatable,external_development,0,-1,delphi_3e18_39bucket:51ba2b4f2f488f8c496f545e752754c9e324fea095988aeafc121d14587f9440,0.9889985621806839,0.0023346838129628413
weibull_softplus_unscaled@kappa_floor_link_flat15_nocap,uncheatable,external_development,0,-1,delphi_3e18_39bucket:520b93fe83078f785e1745d02d62d4de498b2d844861b920f20ad9fddb96d966,1.007828754988957,0.0034477531703347064
weibull_softplus_unscaled@kappa_floor_link_flat15_nocap,uncheatable,external_development,0,-1,delphi_3e18_39bucket:5268fc7970fdd1757c78b3d28d3b4a01e39ae7eb48d9eff786688b6aa8419e2c,1.044308738093868,0.001092487506364171
weibull_softplus_unscaled@kappa_floor_link_flat15_nocap,uncheatable,external_development,0,-1,delphi_3e18_39bucket:52eef22c85f32ba5c3c3bbd6b018e3ef32c028af3c84a8cce95f051e36bdb0ef,1.0387966337613648,0.0009040437920700084
weibull_softplus_unscaled@kappa_floor_link_flat15_nocap,uncheatable,external_development,0,-1,delphi_3e18_39bucket:5302a3d504bc827eb82480e47fa5f9369b2a34a9073980d5a79b7b11472c3d35,0.9901092487730999,0.002236665391632791
weibull_softplus_unscaled@kappa_floor_link_flat15_nocap,uncheatable,external_development,0,-1,delphi_3e18_39bucket:5304e9320d8a83ce4fc5f0c3d55748a46b482bd39654250154a2e9b9b1f11612,0.9937956709270586,0.0023426250241057878
weibull_softplus_unscaled@kappa_floor_link_flat15_nocap,uncheatable,external_development,0,-1,delphi_3e18_39bucket:547f1880e12c632add60347ae92abf186e58bd4549de02831f05f117476ccd27,0.9934586951149216,0.002589050350853483
weibull_softplus_unscaled@kappa_floor_link_flat15_nocap,uncheatable,external_development,0,-1,delphi_3e18_39bucket:55870bf717d572ace521b0a7c6b31246156cc64b0ab6dd344e4f110a1c37e000,1.0381129317514213,0.001398974026846906
weibull_softplus_unscaled@kappa_floor_link_flat15_nocap,uncheatable,external_development,0,-1,delphi_3e18_39bucket:5653d17dd718ed001c50f11b1296a0b6c437549494c3ad1c8cb1b53da2629181,1.0661119820749212,0.008975886913982784
weibull_softplus_unscaled@kappa_floor_link_flat15_nocap,uncheatable,external_development,0,-1,delphi_3e18_39bucket:569f2fae296c65c150355a111967e64f0458d6d4e4e6695bdad8510e2d957522,0.9957582319529468,0.002939700301850527
weibull_softplus_unscaled@kappa_floor_link_flat15_nocap,uncheatable,external_development,0,-1,delphi_3e18_39bucket:577ebf44b0802041939fa396b991d55566e0430342ea4e86916d0a09526dfc7b,1.0099870407258194,0.0008802673974842059
weibull_softplus_unscaled@kappa_floor_link_flat15_nocap,uncheatable,external_development,0,-1,delphi_3e18_39bucket:57e67b1e673016dfe6e90bf3eec613b57b4f45fb8628057d9be4b6887b097974,1.0365974539709895,0.0010557665338329029
weibull_softplus_unscaled@kappa_floor_link_flat15_nocap,uncheatable,external_development,0,-1,delphi_3e18_39bucket:587d99c210755fe678009083951edbaf5f30125b9a9228c07223908788f4efbf,1.0018304313331206,0.001496641180005185
weibull_softplus_unscaled@kappa_floor_link_flat15_nocap,uncheatable,external_development,0,-1,delphi_3e18_39bucket:593cd68cc1f7693b8781f426fd8bf633d814852c98cef69f1dc0e05aa749a4a8,1.039155221472286,0.0010277011944673012
weibull_softplus_unscaled@kappa_floor_link_flat15_nocap,uncheatable,external_development,0,-1,delphi_3e18_39bucket:5969f449d772b308738c1973bb8124a9388da3145bdcd4dbf580903e8aa5ae45,1.0033543695265952,0.003200373936659258
weibull_softplus_unscaled@kappa_floor_link_flat15_nocap,uncheatable,external_development,0,-1,delphi_3e18_39bucket:5a6c87e0a035e4d18b7e137b2cc16b00806f8d1ef126cc1b3e98ec648866cd95,1.0055935191049845,0.0031562222247218472
weibull_softplus_unscaled@kappa_floor_link_flat15_nocap,uncheatable,external_development,0,-1,delphi_3e18_39bucket:5a988330e74f91960f06cf673b3d4fb431b8fa721e3c7765a95b86088e8b3640,1.0372434538285331,0.0008612984268372971
weibull_softplus_unscaled@kappa_floor_link_flat15_nocap,uncheatable,external_development,0,-1,delphi_3e18_39bucket:5a9ed51807418fe4ffaa4a95d2420907cd771b791ccbe7a8b543f2adf9061a8e,1.0381418501874542,0.0010485054223284397
weibull_softplus_unscaled@kappa_floor_link_flat15_nocap,uncheatable,external_development,0,-1,delphi_3e18_39bucket:5bab89a350083bbb82d43430d716a115110122a55cabce94a4c485ba7cfc7890,0.9887517996821233,0.0022957468961666136
weibull_softplus_unscaled@kappa_floor_link_flat15_nocap,uncheatable,external_development,0,-1,delphi_3e18_39bucket:5baf1bd5753c211b529cb2dfdeb4556a9e7d9e60dca85172f893af225d6a49b6,1.037151723106511,0.0010814212847754863
weibull_softplus_unscaled@kappa_floor_link_flat15_nocap,uncheatable,external_development,0,-1,delphi_3e18_39bucket:5d327ac229879291117268bc6336e58c8152465241259a6f06a7977096c2cbab,1.0017836363767973,0.0068077619474068785
weibull_softplus_unscaled@kappa_floor_link_flat15_nocap,uncheatable,external_development,0,-1,delphi_3e18_39bucket:5d3c191f384bc2fdb869709ada4835079a8ea387a239c05a383b6d50feb82419,1.0802663381561817,0.0044881930905408375
weibull_softplus_unscaled@kappa_floor_link_flat15_nocap,uncheatable,external_development,0,-1,delphi_3e18_39bucket:5d81c990ff3f85d604963810f29b83410738a33c030bdad16230497701c673cc,0.9988182105921892,0.0016161572019500867
weibull_softplus_unscaled@kappa_floor_link_flat15_nocap,uncheatable,external_development,0,-1,delphi_3e18_39bucket:5da4a1f0602a1c573a15377a4719b3b792d3be63656c74bcdef8bd988e67c292,0.9901745966981791,0.003318155505861416
weibull_softplus_unscaled@kappa_floor_link_flat15_nocap,uncheatable,external_development,0,-1,delphi_3e18_39bucket:5df7ed0b68454fcec31de8326a1e4b7f97af17db946f06b0c2c6be55a0a58023,1.0589428493145716,0.00175408561823323
weibull_softplus_unscaled@kappa_floor_link_flat15_nocap,uncheatable,external_development,0,-1,delphi_3e18_39bucket:5e82fa8032d14849cb8dc9fd8900615e0f644f4dcc5f56d9fdcb7be65d280bd9,1.0377201533471299,0.0011358860798952291
weibull_softplus_unscaled@kappa_floor_link_flat15_nocap,uncheatable,external_development,0,-1,delphi_3e18_39bucket:5f70df28cce5d870961ea81fd9171415d174214efb666d244008771b3f8a8132,0.9992908844833059,0.0012018302980354514
weibull_softplus_unscaled@kappa_floor_link_flat15_nocap,uncheatable,external_development,0,-1,delphi_3e18_39bucket:5f8f1118125ab64ed7032396f431fe7a879ad10627850bcd4cebb2b9c12c9c22,1.036942354438125,0.0010749810671963796
weibull_softplus_unscaled@kappa_floor_link_flat15_nocap,uncheatable,external_development,0,-1,delphi_3e18_39bucket:5fa5cf047ffb05b34ab17af47ca76b8ed3cf45d172b6ee69c5619c55231222bc,1.0369962536467245,0.0010081422032497253
weibull_softplus_unscaled@kappa_floor_link_flat15_nocap,uncheatable,external_development,0,-1,delphi_3e18_39bucket:5fb6419e901016333ce5c075f123385864a29743541a4465e59b81d1d53f1921,0.9872122420984514,0.0013781933325053171
weibull_softplus_unscaled@kappa_floor_link_flat15_nocap,uncheatable,external_development,0,-1,delphi_3e18_39bucket:6233cb472d97f01738aec435e826103682ccfd8390ef3bf6783341c9818b9043,0.9980725588552377,0.0016091209058484008
weibull_softplus_unscaled@kappa_floor_link_flat15_nocap,uncheatable,external_development,0,-1,delphi_3e18_39bucket:635528e5e2a0e881124caf31eb8cf68a81b7afe38b50630e57e736edbdd31013,1.0010514322153254,0.0007925143490184223
weibull_softplus_unscaled@kappa_floor_link_flat15_nocap,uncheatable,external_development,0,-1,delphi_3e18_39bucket:643213b3d69a274b198c42fc5df8e2e33accfef69d26786274a4e3f0d3ff1eba,0.9912572312404475,0.001956666846559485
weibull_softplus_unscaled@kappa_floor_link_flat15_nocap,uncheatable,external_development,0,-1,delphi_3e18_39bucket:64f4ce182df0f4dc266d00d5177554ae26d369be6d6fdc42e4020ce4c159e038,1.0053450359284852,0.0019567866412091178
weibull_softplus_unscaled@kappa_floor_link_flat15_nocap,uncheatable,external_development,0,-1,delphi_3e18_39bucket:657cba1c0ea3a729af39bff18b4377567929bd7f9ece5bd5dd9fe573efdf1846,1.0476428938542126,0.001228652381255458
weibull_softplus_unscaled@kappa_floor_link_flat15_nocap,uncheatable,external_development,0,-1,delphi_3e18_39bucket:65ccd2db176dadefe0a7cf70618e1e83b58fd25b8cdb66dafce02ef9cc006744,1.0384420744483909,0.0013532171091822566
weibull_softplus_unscaled@kappa_floor_link_flat15_nocap,uncheatable,external_development,0,-1,delphi_3e18_39bucket:65d781957ad30514765e476d9aef03613f438cb06683bdb6e47eeadeb5f9a3d0,1.0365354295492548,0.0010539102379507556
weibull_softplus_unscaled@kappa_floor_link_flat15_nocap,uncheatable,external_development,0,-1,delphi_3e18_39bucket:661739490c9b84b6c95c10cd02b37a24bbca1d52fa7a8b7e180f2963642f363a,1.038867011559307,0.001205745786735602
weibull_softplus_unscaled@kappa_floor_link_flat15_nocap,uncheatable,external_development,0,-1,delphi_3e18_39bucket:665264aa06d922541d30ea5dffa5ab727ff9eecc9ba769dc6409f816a5ea281e,1.033508684055675,0.0011621409809847159
weibull_softplus_unscaled@kappa_floor_link_flat15_nocap,uncheatable,external_development,0,-1,delphi_3e18_39bucket:6683ff87838073a568adf59ff7c6498c94372836209739b03bbd5d504c540273,1.0373173315576971,0.001153324939564872
weibull_softplus_unscaled@kappa_floor_link_flat15_nocap,uncheatable,external_development,0,-1,delphi_3e18_39bucket:67219c03d0898c3bde8548203483153b8dab3ed4fff577a865554213c097934e,1.0032512174663333,0.0032837324176081093
weibull_softplus_unscaled@kappa_floor_link_flat15_nocap,uncheatable,external_development,0,-1,delphi_3e18_39bucket:67c596ca345b4ee037b293caa94b2bf053cca70944eb5962eb9081967b56c5a1,1.0520912582235846,0.0032651608018636055
weibull_softplus_unscaled@kappa_floor_link_flat15_nocap,uncheatable,external_development,0,-1,delphi_3e18_39bucket:6804300e425006b08f97520a7f6c9bba13378a0b6b02edcbfec5611e5ca0c44d,0.997266505267387,0.0027223359707761116
weibull_softplus_unscaled@kappa_floor_link_flat15_nocap,uncheatable,external_development,0,-1,delphi_3e18_39bucket:68195b7435e250fecfae0a4a43494aec7a31a5058003835e9123c0d9e17c5779,1.0373243679124882,0.0010888829585827574
weibull_softplus_unscaled@kappa_floor_link_flat15_nocap,uncheatable,external_development,0,-1,delphi_3e18_39bucket:685f65df9a5d97bc32080e3b868a666285be0939d78e0a811d378657ee757244,0.9884687116340708,0.002224650147060344
weibull_softplus_unscaled@kappa_floor_link_flat15_nocap,uncheatable,external_development,0,-1,delphi_3e18_39bucket:6a6a57cc90489b1821b2d65721b9c2e1d907405a1cb08fb12b0a637f75a245c7,1.0495507073005825,0.0012954120284437598
weibull_softplus_unscaled@kappa_floor_link_flat15_nocap,uncheatable,external_development,0,-1,delphi_3e18_39bucket:6b35fe0f0f1836e028d532783d26a896a624c7a1b735b664c912826d6046ade7,1.037509640127787,0.0011136297800347118
weibull_softplus_unscaled@kappa_floor_link_flat15_nocap,uncheatable,external_development,0,-1,delphi_3e18_39bucket:6be8998407711e41d66a8387ce4264ca2d324918221eafcce587dcead56348cf,0.9973576346920257,0.0021370170989712203
weibull_softplus_unscaled@kappa_floor_link_flat15_nocap,uncheatable,external_development,0,-1,delphi_3e18_39bucket:6c651e55ddca05236b7de3e3673e1b135e1bafa15edb691f8d6ccfe12505a49c,1.0061474297573554,0.0004961422839918901
weibull_softplus_unscaled@kappa_floor_link_flat15_nocap,uncheatable,external_development,0,-1,delphi_3e18_39bucket:6eff5c2c6d0c6033485ec4cb97a6edae6de89063ea34c89f669ff4e4e0629eea,1.0434186517794029,0.0014099610496838195
weibull_softplus_unscaled@kappa_floor_link_flat15_nocap,uncheatable,external_development,0,-1,delphi_3e18_39bucket:6f2ceecb1630469201c7035fa1c46b5e3575989940074cd8c176f47a5250cda2,1.0407887991231097,0.001212263614609264
weibull_softplus_unscaled@kappa_floor_link_flat15_nocap,uncheatable,external_development,0,-1,delphi_3e18_39bucket:6f5f12ad402436790f3d03055f3eb56f3931fe179faa1d08d6bfed2b23726d8d,1.0277439437212021,0.007641283837946794
weibull_softplus_unscaled@kappa_floor_link_flat15_nocap,uncheatable,external_development,0,-1,delphi_3e18_39bucket:7085b12019ff35a054c005d424eb8596134e288c7ecaa2596bb4b5711eb66326,1.000245533787219,0.0031638644957350036
weibull_softplus_unscaled@kappa_floor_link_flat15_nocap,uncheatable,external_development,0,-1,delphi_3e18_39bucket:7132c13eee4b70ca34a33f9a9ae7366f1bfa0fced8aaf9fa0323bc319b97506a,1.0411639318461186,0.0011099368527091112
weibull_softplus_unscaled@kappa_floor_link_flat15_nocap,uncheatable,external_development,0,-1,delphi_3e18_39bucket:71eb42d48f6b6a336390c690ce1e47364dfe485e2a4f06e168075c88b0def0a9,1.078766995794671,0.0042440558953614795
weibull_softplus_unscaled@kappa_floor_link_flat15_nocap,uncheatable,external_development,0,-1,delphi_3e18_39bucket:73b73bcfae2235917fe2f1124d67bf7e8f4de12dc6dcc34da1357fa35965dccd,1.0390608300234323,0.0012696378877178676
weibull_softplus_unscaled@kappa_floor_link_flat15_nocap,uncheatable,external_development,0,-1,delphi_3e18_39bucket:73e4938531467186d1056d6cf58b170c580574db409beae1e74fb1f8405d458a,1.0377481517966902,0.0010249881110055863
weibull_softplus_unscaled@kappa_floor_link_flat15_nocap,uncheatable,external_development,0,-1,delphi_3e18_39bucket:742dd349c1fbc18af63f516a37aaff216490071ad5e744e3cf744b4b49367d40,1.0452921413491056,0.0017048500365482435
weibull_softplus_unscaled@kappa_floor_link_flat15_nocap,uncheatable,external_development,0,-1,delphi_3e18_39bucket:74bdb4e6f472459381f30133f60e19e24a54f6c7d8a9fc845b5471d668934b4d,1.0174754905540848,0.0026037340259362014
weibull_softplus_unscaled@kappa_floor_link_flat15_nocap,uncheatable,external_development,0,-1,delphi_3e18_39bucket:779582b98316a575f87b769bfc22d3510587f0f16a442ad2616825ec6f00f94d,1.037531866889295,0.001078034572817864
weibull_softplus_unscaled@kappa_floor_link_flat15_nocap,uncheatable,external_development,0,-1,delphi_3e18_39bucket:789182d5189317aa9b8640cc1bce52e2c170dc32657677d3a4108620bcbb7f05,1.0420160470859363,0.0013067465299524967
weibull_softplus_unscaled@kappa_floor_link_flat15_nocap,uncheatable,external_development,0,-1,delphi_3e18_39bucket:78b2e8346a4519dfef462b8376a77bc4e1d601f8933e6641020cf0eb7e48efc0,1.0235480518807751,0.0006235416933672166
weibull_softplus_unscaled@kappa_floor_link_flat15_nocap,uncheatable,external_development,0,-1,delphi_3e18_39bucket:79342538155564afca7e514f857df1aab57ae43c2a727fc37d051d30c6d25bbd,1.061908878311669,0.0020033981405454832
weibull_softplus_unscaled@kappa_floor_link_flat15_nocap,uncheatable,external_development,0,-1,delphi_3e18_39bucket:79b7dc536837224e4eff768fb8683996c85a942a48afb91148b576ea01130da8,1.0374078230389057,0.0007167783901710053
weibull_softplus_unscaled@kappa_floor_link_flat15_nocap,uncheatable,external_development,0,-1,delphi_3e18_39bucket:79faa6a5b2de9e64c364af44aaa762e31a637c87c7c6d57002f957ef71cbeb84,0.9955577822006625,0.002546159287768618
weibull_softplus_unscaled@kappa_floor_link_flat15_nocap,uncheatable,external_development,0,-1,delphi_3e18_39bucket:7a8a1571857b7cc2f62797b819c02b7601a261a232ede9b2b2a40a8e02631529,1.0379254639387452,0.0018154872386909337
weibull_softplus_unscaled@kappa_floor_link_flat15_nocap,uncheatable,external_development,0,-1,delphi_3e18_39bucket:7ab74cb0c3631183b76fefb3117496ce670fa45cf520e299bb7f3bce074e8658,1.0722920523408992,0.003089761537718924
weibull_softplus_unscaled@kappa_floor_link_flat15_nocap,uncheatable,external_development,0,-1,delphi_3e18_39bucket:7c9cf8d99e2a20bfcf7060b220169c9ae7c13a5c2cfaa96022cc97b063759fec,1.0063754063122878,0.0007041392791297887
weibull_softplus_unscaled@kappa_floor_link_flat15_nocap,uncheatable,external_development,0,-1,delphi_3e18_39bucket:7d6e5bdf2421a78af620ea6ac7975078e405a629c7642ced529ef76b1f6bba54,1.0419687277642624,0.007554627888009942
weibull_softplus_unscaled@kappa_floor_link_flat15_nocap,uncheatable,external_development,0,-1,delphi_3e18_39bucket:7e50a540822cd1f63f18761885d1cd012c7c060ebeb687febf7e9be0ca69e06f,1.04176547412585,0.0014090654907802794
weibull_softplus_unscaled@kappa_floor_link_flat15_nocap,uncheatable,external_development,0,-1,delphi_3e18_39bucket:7e55a3661a634ab042b0d907f35856d18f479e608ad474942aa5a6ecf7f9f033,0.9976301646355565,0.0015912488952932989
weibull_softplus_unscaled@kappa_floor_link_flat15_nocap,uncheatable,external_development,0,-1,delphi_3e18_39bucket:7ea661be2a7587559cb8925e1eb21820cb040c4cd7a883b0f24803c308d3fb41,0.9955830667482196,0.0027481345118874545
weibull_softplus_unscaled@kappa_floor_link_flat15_nocap,uncheatable,external_development,0,-1,delphi_3e18_39bucket:7ed367f16179f0147cfe76808f461bb876363b57665b8e5485529577f7dd5210,0.9989837600111773,0.0010885878761027667
weibull_softplus_unscaled@kappa_floor_link_flat15_nocap,uncheatable,external_development,0,-1,delphi_3e18_39bucket:80b7399fe369d7309377bca271430df48654b77c59f6f9809f09f49a62c14c95,0.9892225370637604,0.0026913841656627073
weibull_softplus_unscaled@kappa_floor_link_flat15_nocap,uncheatable,external_development,0,-1,delphi_3e18_39bucket:80c15a27d3c6defe26f889f7936ebab693f93a38ab4040725e65f243f2688f9e,1.0583065735030042,0.0017169448821798378
weibull_softplus_unscaled@kappa_floor_link_flat15_nocap,uncheatable,external_development,0,-1,delphi_3e18_39bucket:80cd1b3538923f0a877e5c9e8a78b526e337a71951c52c3ed2fabe91e7daeb69,0.9923370724152096,0.0024843293954253144
weibull_softplus_unscaled@kappa_floor_link_flat15_nocap,uncheatable,external_development,0,-1,delphi_3e18_39bucket:80ef0b613e000a82657443770642af353463be1258804e7d9a261d13e6d4476b,1.0160632249386825,0.006492114864704718
weibull_softplus_unscaled@kappa_floor_link_flat15_nocap,uncheatable,external_development,0,-1,delphi_3e18_39bucket:81329096cd24fadc9f75ffda9d87c90de1dd4f27e19160c1a0ab25986bc2213e,0.9966854076530207,0.002271796982875932
weibull_softplus_unscaled@kappa_floor_link_flat15_nocap,uncheatable,external_development,0,-1,delphi_3e18_39bucket:81cb45a36b39811750d0ff0f4375bddfcf30514d23437ee76f5f2fb9aeef22de,0.9908994656245962,0.002304033457809528
weibull_softplus_unscaled@kappa_floor_link_flat15_nocap,uncheatable,external_development,0,-1,delphi_3e18_39bucket:83255fbba7f49b8b85c42635b9dfbb84761b39c2df55f527fecbf415d75bdb19,0.9831862226483468,0.0015095646035254509
weibull_softplus_unscaled@kappa_floor_link_flat15_nocap,uncheatable,external_development,0,-1,delphi_3e18_39bucket:834ca3cc6431aa04fe7c1039a47a2b6cb51197eca105e28b5fdd395b13a59c18,1.037039649743011,0.0012011474049091902
weibull_softplus_unscaled@kappa_floor_link_flat15_nocap,uncheatable,external_development,0,-1,delphi_3e18_39bucket:848ee17fdc86ef605e6b967b8be1b2327ef85ba9fcd80de8caf8ec6cb2bfae35,1.043135104822297,0.0012125386769778763
weibull_softplus_unscaled@kappa_floor_link_flat15_nocap,uncheatable,external_development,0,-1,delphi_3e18_39bucket:851897897f6a702a132a53ae8f04f9f597629831dfbe696325a3cb4810870279,1.0384490908930322,0.001016782873764894
weibull_softplus_unscaled@kappa_floor_link_flat15_nocap,uncheatable,external_development,0,-1,delphi_3e18_39bucket:85cf736312d9c54d30d33e799831eace88d4de508ed9795dc06bd89296394ffd,1.0033834185325545,0.0012421308069558187
weibull_softplus_unscaled@kappa_floor_link_flat15_nocap,uncheatable,external_development,0,-1,delphi_3e18_39bucket:86420d557a137f4d0cf021827bb1dfd00123496c140b53f73d1886b1fcfec8be,1.0381809876459243,0.0011287663992787442
weibull_softplus_unscaled@kappa_floor_link_flat15_nocap,uncheatable,external_development,0,-1,delphi_3e18_39bucket:869e1d284e219525aaf5d7d275906629688a62da31308f8af724cf8e4e5d9f87,0.9972553703865011,0.002098187029752871
weibull_softplus_unscaled@kappa_floor_link_flat15_nocap,uncheatable,external_development,0,-1,delphi_3e18_39bucket:87080ec1cfff7cc2b32c2fdc42c41a6796e01bcbfb8616fe6e2dde53b69a4109,1.0701920513501375,0.0027114114004797105
weibull_softplus_unscaled@kappa_floor_link_flat15_nocap,uncheatable,external_development,0,-1,delphi_3e18_39bucket:8742e8c2e0296f55b1c137dd55f16cb74ac4383a6910e9d287ebe64de86fef97,0.9966185153275346,0.002524011396532231
weibull_softplus_unscaled@kappa_floor_link_flat15_nocap,uncheatable,external_development,0,-1,delphi_3e18_39bucket:8764bd229418c70dbbe599973cafc92f4d5c6b32008b9660f4dc1c2b9ea05ee6,0.9875796843860483,0.002124702876846538
weibull_softplus_unscaled@kappa_floor_link_flat15_nocap,uncheatable,external_development,0,-1,delphi_3e18_39bucket:87837653d9cdc600c37c55a28dbdbbafffdc6e81c912de2423ff4dd6118f5f0a,1.0364954335269272,0.0010728255047065065
weibull_softplus_unscaled@kappa_floor_link_flat15_nocap,uncheatable,external_development,0,-1,delphi_3e18_39bucket:8784616bf6a6f4416513634feed4c1d09697d7626e853b9132f5d5b1a5ec5286,1.038511902808997,0.0011688243814793617
weibull_softplus_unscaled@kappa_floor_link_flat15_nocap,uncheatable,external_development,0,-1,delphi_3e18_39bucket:87be168549724da95ae6d032411d12303a0ae7fc9c2ecc38ead4f252668fcd3d,1.0432260888276816,0.0011358679962886816
weibull_softplus_unscaled@kappa_floor_link_flat15_nocap,uncheatable,external_development,0,-1,delphi_3e18_39bucket:886ef9a3b6898b33d1cbfe224fde8ae46669dd21b00953a088e52e85aea29e34,1.053977491603755,0.0017731731816450671
weibull_softplus_unscaled@kappa_floor_link_flat15_nocap,uncheatable,external_development,0,-1,delphi_3e18_39bucket:888cfaf89d4295f594e70e228c529e053cfd95543a8db5dfe5873174591305d6,0.9901896178828643,0.0025032724797861877
weibull_softplus_unscaled@kappa_floor_link_flat15_nocap,uncheatable,external_development,0,-1,delphi_3e18_39bucket:88da80acdbb077326baf06c1ee5ed44df4ccf2d1c95d0225144a1ef721799941,1.0369491431071631,0.0010535677524414725
weibull_softplus_unscaled@kappa_floor_link_flat15_nocap,uncheatable,external_development,0,-1,delphi_3e18_39bucket:8910b0578fdda4c18bd7e50f1db6f6ae52d07ac262aa4cb6226715890111fba5,1.0387065501944148,0.0007676824427030148
weibull_softplus_unscaled@kappa_floor_link_flat15_nocap,uncheatable,external_development,0,-1,delphi_3e18_39bucket:8a5e02daa1e8fdf2a742a34c43f9a70bb723cb9f61bc5fcfe9694679bdaca30e,1.0369732068957882,0.0010523391418851265
weibull_softplus_unscaled@kappa_floor_link_flat15_nocap,uncheatable,external_development,0,-1,delphi_3e18_39bucket:8b6fc2228a641c15336b0a2f6243168c75a92ef85a25feac87bdbcb80fa0ce3e,0.9832471203481524,0.0015250458801035014
weibull_softplus_unscaled@kappa_floor_link_flat15_nocap,uncheatable,external_development,0,-1,delphi_3e18_39bucket:8baefda61a7b076070dd2fdfae9c2833cb8c470bc0be085535e8c1a510789ee8,1.050713426890595,0.0012452257109698019
weibull_softplus_unscaled@kappa_floor_link_flat15_nocap,uncheatable,external_development,0,-1,delphi_3e18_39bucket:8bb9f580b38a5691e7f2030d568ef8db3f7430366b33433322edc9652cacd6f5,1.0411395701687274,0.0015734379893478049
weibull_softplus_unscaled@kappa_floor_link_flat15_nocap,uncheatable,external_development,0,-1,delphi_3e18_39bucket:8bbe93b0af46157c7aaa17bf2587b4a436032d818670734d30f256fccaef3ed1,1.0322959032473125,0.0008539787484694633
weibull_softplus_unscaled@kappa_floor_link_flat15_nocap,uncheatable,external_development,0,-1,delphi_3e18_39bucket:8bd59c49ec1cdc852b27915a9a7ac596f0f8a73500f6591ee9c6557d34bd8c27,1.0367963184077695,0.0010226737461372936
weibull_softplus_unscaled@kappa_floor_link_flat15_nocap,uncheatable,external_development,0,-1,delphi_3e18_39bucket:8c377f234db2429719cde7dad4993aee8d5ba1a1b9fc4bb1edecd7ce3c71c7ba,1.0398260096547591,0.0010529913365924942
weibull_softplus_unscaled@kappa_floor_link_flat15_nocap,uncheatable,external_development,0,-1,delphi_3e18_39bucket:8d8d29d13a22ae384d9c1d2602fbdc405a2944615cac1839a8fed0a4f1cf92cd,1.0259205024099463,0.0035213797395915953
weibull_softplus_unscaled@kappa_floor_link_flat15_nocap,uncheatable,external_development,0,-1,delphi_3e18_39bucket:8e07c6e265071fba3115ceab986006dd4518361d77cde815c233b3b70a3ffdc0,1.0358113401328004,0.000983366859848777
weibull_softplus_unscaled@kappa_floor_link_flat15_nocap,uncheatable,external_development,0,-1,delphi_3e18_39bucket:8ed5f5516a187a4a2554d9c9c8146015a7f00b116e579433a44c39a9c8006f31,1.0061759177642287,0.003436397770781635
weibull_softplus_unscaled@kappa_floor_link_flat15_nocap,uncheatable,external_development,0,-1,delphi_3e18_39bucket:8ef412ceada2d7ce755116002b185f9a484e1bd67269fffa0bb96a36e49f1b57,1.002629306066459,0.0007463322855485831
weibull_softplus_unscaled@kappa_floor_link_flat15_nocap,uncheatable,external_development,0,-1,delphi_3e18_39bucket:8f9d336e61271fad2de609d91cff46986aa0a18d154f1bb47311d58529798e70,0.9911767545728318,0.0022186951510517403
weibull_softplus_unscaled@kappa_floor_link_flat15_nocap,uncheatable,external_development,0,-1,delphi_3e18_39bucket:8fd1ba3a337f5601be326ee3fa5f02778374cd45763940f906a747ef581271a2,1.0038632502983382,0.0014838327560807495
weibull_softplus_unscaled@kappa_floor_link_flat15_nocap,uncheatable,external_development,0,-1,delphi_3e18_39bucket:90dba2fc8d83436f4853eb165d137a40b833acc83db632ba583aa912e43b733d,0.9916903482708195,0.0021548987172772868
weibull_softplus_unscaled@kappa_floor_link_flat15_nocap,uncheatable,external_development,0,-1,delphi_3e18_39bucket:90f52ac0608eb5e98056e42a1f2c4baf179f331a5a38fab70ead512319850a58,0.9898801212473576,0.002614463935620518
weibull_softplus_unscaled@kappa_floor_link_flat15_nocap,uncheatable,external_development,0,-1,delphi_3e18_39bucket:915788dcc658ef8459d4fe90196613e360eb9a4655570e26ccf506b5a28854fa,0.9945255304131324,0.0018739475012852847
weibull_softplus_unscaled@kappa_floor_link_flat15_nocap,uncheatable,external_development,0,-1,delphi_3e18_39bucket:91ab6eb5ae7849b9e87fba2106c491587834053d24b5391eedf4835d5a9ceefb,1.0374351425198842,0.0010246564999492225
weibull_softplus_unscaled@kappa_floor_link_flat15_nocap,uncheatable,external_development,0,-1,delphi_3e18_39bucket:937f2ad80bf81c490b47d4ffa2a834687d935ca5b8d1aac556126ed037de7674,1.0122797858524561,0.0038346710000884583
weibull_softplus_unscaled@kappa_floor_link_flat15_nocap,uncheatable,external_development,0,-1,delphi_3e18_39bucket:9402f0aef28710392a371f6c2d00b98a0838d825536798d42069e950307c4c99,0.9837606239153844,0.0015070020544564258
weibull_softplus_unscaled@kappa_floor_link_flat15_nocap,uncheatable,external_development,0,-1,delphi_3e18_39bucket:970c37b900cddf2525317a138fb131ccad6daea8791d001f37f7afb455709750,1.0280484059757449,0.0006837739420683572
weibull_softplus_unscaled@kappa_floor_link_flat15_nocap,uncheatable,external_development,0,-1,delphi_3e18_39bucket:97a9a5ebb9cef7528b5a1da0e741881159e16d17debe1bae0a412102ad3ef173,0.9874338330878825,0.0014660642496077429
weibull_softplus_unscaled@kappa_floor_link_flat15_nocap,uncheatable,external_development,0,-1,delphi_3e18_39bucket:99a1fe189ce40a2f048415cf2c9d05a5d0869a5118c2c936a4376cb325c23e68,0.9895932778802312,0.0026806220191409394
weibull_softplus_unscaled@kappa_floor_link_flat15_nocap,uncheatable,external_development,0,-1,delphi_3e18_39bucket:9a343b0b93b0bad4f87152437bb40a403f7be5b9f572cfae5e7703e50bc7093a,1.0770212747413144,0.0023440685822975014
weibull_softplus_unscaled@kappa_floor_link_flat15_nocap,uncheatable,external_development,0,-1,delphi_3e18_39bucket:9a66aeb4da20d6cb985f60b618c35fa92cb849c3995c7701c5b8b9785a935f95,1.038348416209359,0.0010579000670018221
weibull_softplus_unscaled@kappa_floor_link_flat15_nocap,uncheatable,external_development,0,-1,delphi_3e18_39bucket:9b478f9223e98b33f203281ad106af33651a711905e81c6425afe46d362783dd,0.9895001984126359,0.002335235287754201
weibull_softplus_unscaled@kappa_floor_link_flat15_nocap,uncheatable,external_development,0,-1,delphi_3e18_39bucket:9b5151b872ae7af3e6ea7b0848ca27f2df40cf9db2959053862a77d7bb2ce64a,1.0379161415489222,0.0010663833669323252
weibull_softplus_unscaled@kappa_floor_link_flat15_nocap,uncheatable,external_development,0,-1,delphi_3e18_39bucket:9c6db70647e13c5852166d57e3fc232c7b5e9b140a9ad0d9b86579435f1b927e,1.0384413361702722,0.0011038838124132395
weibull_softplus_unscaled@kappa_floor_link_flat15_nocap,uncheatable,external_development,0,-1,delphi_3e18_39bucket:9cb37ee04e914fba68e7aa6ea382c6a5dcc2b405ec78b251b537abc8f70b15f2,1.0881722976269657,0.0064382656683337185
weibull_softplus_unscaled@kappa_floor_link_flat15_nocap,uncheatable,external_development,0,-1,delphi_3e18_39bucket:9d67ecf7ca42caa8c17072acc340447c75d621fa7f6328d104f5c9aaeb7ec6e0,1.0016904818404377,0.0015667675144096335
weibull_softplus_unscaled@kappa_floor_link_flat15_nocap,uncheatable,external_development,0,-1,delphi_3e18_39bucket:9dd4959b60a619086be7a961944fc3ecdd885a9e689014e9469cefc96b05d519,1.0422705057701518,0.0010272490712624712
weibull_softplus_unscaled@kappa_floor_link_flat15_nocap,uncheatable,external_development,0,-1,delphi_3e18_39bucket:9e9c69194eb0212d58b2cd82c37cfb3cd0425cc53145c90e62e8fdaa0146b72c,1.0591941391745112,0.0018759888852989844
weibull_softplus_unscaled@kappa_floor_link_flat15_nocap,uncheatable,external_development,0,-1,delphi_3e18_39bucket:a06702de740002664665137e4b38e0b8da850b54fa2b60043b07648bc7865e0d,1.0392675689476207,0.0011716410011691498
weibull_softplus_unscaled@kappa_floor_link_flat15_nocap,uncheatable,external_development,0,-1,delphi_3e18_39bucket:a0bbc1f698c1a18d7f21e9791cce50f2a1d00723e1a937c8b85e7b03774f3749,1.037761611632817,0.0010406543135021967
weibull_softplus_unscaled@kappa_floor_link_flat15_nocap,uncheatable,external_development,0,-1,delphi_3e18_39bucket:a112249e06f01c4b89fb7ab08cab57efeda282d92742f4cc252467705cf190b3,0.9903926029893682,0.002089598530668375
weibull_softplus_unscaled@kappa_floor_link_flat15_nocap,uncheatable,external_development,0,-1,delphi_3e18_39bucket:a1a917b1981fc2cad2c2759dccf963b51fb941fd9816c49087f7b119545d4161,0.9940977678807343,0.002926483000477525
weibull_softplus_unscaled@kappa_floor_link_flat15_nocap,uncheatable,external_development,0,-1,delphi_3e18_39bucket:a1f87c7627ab9c948d93247605933c7e9d12b8ea41ba1996c0c22c23f0c60e1e,1.038653846737338,0.0010774206353686673
weibull_softplus_unscaled@kappa_floor_link_flat15_nocap,uncheatable,external_development,0,-1,delphi_3e18_39bucket:a25dabb3c98aa39ea49c61f7537a84bdce96e8f918213f095826eb4df2bfcd91,1.0356864454877313,0.0007195433219956978
weibull_softplus_unscaled@kappa_floor_link_flat15_nocap,uncheatable,external_development,0,-1,delphi_3e18_39bucket:a2e9ef04947000c42a5fce44f079afd6c9a82405871f0ae796e3a23c09bdcd60,1.138608794789592,0.02549555049358179
weibull_softplus_unscaled@kappa_floor_link_flat15_nocap,uncheatable,external_development,0,-1,delphi_3e18_39bucket:a315b6115cd413de8d5e39509e9b2bcb130fb31b515f2b998f7a274d483f99de,1.0372726587122645,0.0010979177144746135
weibull_softplus_unscaled@kappa_floor_link_flat15_nocap,uncheatable,external_development,0,-1,delphi_3e18_39bucket:a33494886bea818345f1c4e736142dd31e9b8963c77dda49d14b97936f38ad95,1.0099854402245745,0.0025909396902435364
weibull_softplus_unscaled@kappa_floor_link_flat15_nocap,uncheatable,external_development,0,-1,delphi_3e18_39bucket:a446352f8ea28f09e4c49fbb12b233c435b553f9d70c492c7073b7bf49c30026,0.9968413304853849,0.0030446296910489044
weibull_softplus_unscaled@kappa_floor_link_flat15_nocap,uncheatable,external_development,0,-1,delphi_3e18_39bucket:a4464fbeb7558934945cefd27711b340531f10f3393f5ab055b29227f11a2f02,1.0364520275396205,0.0011276995711130679
weibull_softplus_unscaled@kappa_floor_link_flat15_nocap,uncheatable,external_development,0,-1,delphi_3e18_39bucket:a49233d8ca277189ab0cffa6075e2cba9b34d183388b505c02e9a17d70d7b1a8,1.029775609645641,0.0005629107495084164
weibull_softplus_unscaled@kappa_floor_link_flat15_nocap,uncheatable,external_development,0,-1,delphi_3e18_39bucket:a570734958ce849cebca1348408f996861bd51f2f76876b6595f3aa361d871f5,0.9933720247125646,0.0013963400637784418
weibull_softplus_unscaled@kappa_floor_link_flat15_nocap,uncheatable,external_development,0,-1,delphi_3e18_39bucket:a64059ebf6ac3d0875b9f311b2e3e574ff090986e2a18e0768c17721dee9a572,1.043305339528232,0.0017255044151255775
weibull_softplus_unscaled@kappa_floor_link_flat15_nocap,uncheatable,external_development,0,-1,delphi_3e18_39bucket:a65d5c88e37d14e7e1c7bc24772a174122d7735d5bb9401952c2c43a9e52bcb0,1.0382745626338419,0.001078058055312764
weibull_softplus_unscaled@kappa_floor_link_flat15_nocap,uncheatable,external_development,0,-1,delphi_3e18_39bucket:a6f8ee66180ee4f314eaefad2d4a4d32b2dca4cca30189c172ec69c8e429a20f,0.9993553674465117,0.0026624172768492525
weibull_softplus_unscaled@kappa_floor_link_flat15_nocap,uncheatable,external_development,0,-1,delphi_3e18_39bucket:a8c855f7247f4bb844661b84227e13a55c58f2bdeda554bdaadb6541e5fd19bc,1.0389327124020071,0.0011728555191069627
weibull_softplus_unscaled@kappa_floor_link_flat15_nocap,uncheatable,external_development,0,-1,delphi_3e18_39bucket:a9443e4734c22f757147884341c62ae38299464729f87ed9ebc619cf23b893a1,1.036675326387676,0.0010350568967598048
weibull_softplus_unscaled@kappa_floor_link_flat15_nocap,uncheatable,external_development,0,-1,delphi_3e18_39bucket:a96abbfe9e29b29f06fdb9be2935742296725f23def7ac46e67be6129f5ca741,1.0564176294181424,0.0017182597950630761
weibull_softplus_unscaled@kappa_floor_link_flat15_nocap,uncheatable,external_development,0,-1,delphi_3e18_39bucket:a98036a6d9c1a1c7fb42982be7cae6f1e1d167bb4c7f7e78ebb546027f1e558f,1.042269310685596,0.001036892126264481
weibull_softplus_unscaled@kappa_floor_link_flat15_nocap,uncheatable,external_development,0,-1,delphi_3e18_39bucket:a9fad6c5f1a36df4b0cd5664cd0bb595654bf66783a68cba6267d2877016bdfc,1.001218463520459,0.006184696741702876
weibull_softplus_unscaled@kappa_floor_link_flat15_nocap,uncheatable,external_development,0,-1,delphi_3e18_39bucket:aaabe532cd33109c14120ccd2d5f0e2d56bd18382aaad7be18cdb28330125142,0.9954078429769598,0.0012733633757215704
weibull_softplus_unscaled@kappa_floor_link_flat15_nocap,uncheatable,external_development,0,-1,delphi_3e18_39bucket:abbb4c8d6968fb6ed79c1966d74bed13487aa096585bb6b17f377885c682253b,1.0891461358099828,0.0061920024838455524
weibull_softplus_unscaled@kappa_floor_link_flat15_nocap,uncheatable,external_development,0,-1,delphi_3e18_39bucket:acf47cd01afab11ff0fcb7160374abce76a2944fe7a7540d228c251e9321640d,0.9910282797678355,0.0018580909916112436
weibull_softplus_unscaled@kappa_floor_link_flat15_nocap,uncheatable,external_development,0,-1,delphi_3e18_39bucket:ad6cc7dabe4a5d5d4ba13920311e4ef81127a10801519d719266222379ae77b0,1.0053760709649913,0.002969703262547605
weibull_softplus_unscaled@kappa_floor_link_flat15_nocap,uncheatable,external_development,0,-1,delphi_3e18_39bucket:ae0dded03badca9af71c45d67446f487f2de6f1c7152b6c1a2d3ecada8a9d714,1.0364444472958567,0.0010299841305737867
weibull_softplus_unscaled@kappa_floor_link_flat15_nocap,uncheatable,external_development,0,-1,delphi_3e18_39bucket:aeda5764b036cc36a476e458c4e1694138347c0c0a1c32ba56e16b7ce7f3a535,1.0545467972596423,0.0014081663822586134
weibull_softplus_unscaled@kappa_floor_link_flat15_nocap,uncheatable,external_development,0,-1,delphi_3e18_39bucket:af23052e9bb0568d854252c7e9d912d01127effa106d2a440fdce6cbb8742532,0.9938077252741437,0.002397862577657691
weibull_softplus_unscaled@kappa_floor_link_flat15_nocap,uncheatable,external_development,0,-1,delphi_3e18_39bucket:afa7f9d2a6f67b5b722977318dc8a6e962bfa28bfccde83b219c44fa7eb9c05c,1.0381990959901122,0.0011038379513496803
weibull_softplus_unscaled@kappa_floor_link_flat15_nocap,uncheatable,external_development,0,-1,delphi_3e18_39bucket:b0cb7fc00e70c87e1210c38349ab8e80c514b61f5bf14e6e4d3a1e054d88183c,0.9936528040155295,0.002475839830378893
weibull_softplus_unscaled@kappa_floor_link_flat15_nocap,uncheatable,external_development,0,-1,delphi_3e18_39bucket:b1168e54ae7e32586bd89eeaf38a318cd349cbd8750efb93612a79f756b5f1f7,1.0386662659558294,0.001113105013908402
weibull_softplus_unscaled@kappa_floor_link_flat15_nocap,uncheatable,external_development,0,-1,delphi_3e18_39bucket:b24484975c0fdb42bc7d421c371e91d35f685b6538fffc7050e857d97e5348ff,1.002257777875307,0.001819969545364766
weibull_softplus_unscaled@kappa_floor_link_flat15_nocap,uncheatable,external_development,0,-1,delphi_3e18_39bucket:b284b63dfdbaa4d3a41a6cf73e5e7366a85962b9ae5dd51f141c10c51a17444f,1.0412309343498682,0.0009129855798326851
weibull_softplus_unscaled@kappa_floor_link_flat15_nocap,uncheatable,external_development,0,-1,delphi_3e18_39bucket:b2e9ddb8f35e322ed0b092df87cdc78e620b2de7818b2a7c9891ff0e9a2b2203,0.9848325252334753,0.0017470124903771935
weibull_softplus_unscaled@kappa_floor_link_flat15_nocap,uncheatable,external_development,0,-1,delphi_3e18_39bucket:b3c3cd22e3dae4f77235a1bb86fcf08ae715bc018b78109510794e1bfbbec0d2,1.0036974858379883,0.0032115591283460782
weibull_softplus_unscaled@kappa_floor_link_flat15_nocap,uncheatable,external_development,0,-1,delphi_3e18_39bucket:b4019bdf109781eac2e9182593f4f84c5c51635d447918682e7ed12d25efdf1b,1.0371959719967547,0.0010885807279734615
weibull_softplus_unscaled@kappa_floor_link_flat15_nocap,uncheatable,external_development,0,-1,delphi_3e18_39bucket:b49abfda63831b53ca2aab365cc35c3e6cd1bc8420b1e0028f54bd7f8961b11f,1.0370357646258457,0.0007176332434992808
weibull_softplus_unscaled@kappa_floor_link_flat15_nocap,uncheatable,external_development,0,-1,delphi_3e18_39bucket:b4db7f9f5c435c1903537d5c944758a1e93d54c6a0fa3ddd19122f4e7b7298a0,0.9932453919888907,0.002803953807163874
weibull_softplus_unscaled@kappa_floor_link_flat15_nocap,uncheatable,external_development,0,-1,delphi_3e18_39bucket:b5ee1f40e4fe0358ac680a969cd93dfe1b00c483ee3b2d4ff4bc73bd6424437b,1.078175190168001,0.005257440549129192
weibull_softplus_unscaled@kappa_floor_link_flat15_nocap,uncheatable,external_development,0,-1,delphi_3e18_39bucket:b6430b97f099d96863ae8ad7779c1bddc164c591ab12cc5ea266142e19a7cdfd,1.037165874299078,0.0010657825154017323
weibull_softplus_unscaled@kappa_floor_link_flat15_nocap,uncheatable,external_development,0,-1,delphi_3e18_39bucket:b6667136b81fbf1c226a8cff4ee0a7b9650067bfa77ddd0dae276509b612ea9d,1.035594210226076,0.001078264163971524
weibull_softplus_unscaled@kappa_floor_link_flat15_nocap,uncheatable,external_development,0,-1,delphi_3e18_39bucket:b785f71525744bfa0a8934b482dd570356bebd37292a9b70af0b1a2cf45d9e69,0.9861036454339002,0.0012798605101573912
weibull_softplus_unscaled@kappa_floor_link_flat15_nocap,uncheatable,external_development,0,-1,delphi_3e18_39bucket:b8bf59231f485a24fb35df8862c073595e1cb0cd30c999520e88797d047bfeda,1.037487076083469,0.0011311275278933289
weibull_softplus_unscaled@kappa_floor_link_flat15_nocap,uncheatable,external_development,0,-1,delphi_3e18_39bucket:b8c7bfd7161a0da8577d236f09c0ed25722a71943281d19f8b06065999e36ffd,1.0403178562764386,0.0012560598019305002
weibull_softplus_unscaled@kappa_floor_link_flat15_nocap,uncheatable,external_development,0,-1,delphi_3e18_39bucket:bab1f73b1a1be66a924b70bb0fdb3a032f1ca3a1e246edb80c0f38d75143aed8,1.0372697529895931,0.001119597328088268
weibull_softplus_unscaled@kappa_floor_link_flat15_nocap,uncheatable,external_development,0,-1,delphi_3e18_39bucket:bb05f6aa43742ac092f7a6e36533b05e86a566f5ab7b747c98cf9c510521f22c,1.0288950812451114,0.003092088427082729
weibull_softplus_unscaled@kappa_floor_link_flat15_nocap,uncheatable,external_development,0,-1,delphi_3e18_39bucket:bc889b21107abd278efdaad769b5ab10949627f1ec05986ab2cab83a6d126c08,1.0083729718965473,0.002593931877719567
weibull_softplus_unscaled@kappa_floor_link_flat15_nocap,uncheatable,external_development,0,-1,delphi_3e18_39bucket:bd84fea18d97e337ca86db382439fe7990518cd6d78bfa8837b2e317c2bcd4ae,1.036715131332727,0.0010707985213162757
weibull_softplus_unscaled@kappa_floor_link_flat15_nocap,uncheatable,external_development,0,-1,delphi_3e18_39bucket:bf919587f3da29d0e32d10ac8a4e6f6c80f5a696953a34e5d9856c2fce2ce46b,1.0373248070045131,0.001094569563813624
weibull_softplus_unscaled@kappa_floor_link_flat15_nocap,uncheatable,external_development,0,-1,delphi_3e18_39bucket:bfaa7baec03312fbaf797f310dcd3f2449da03d92fbbfc7d39721ffba14fafde,1.0395547171384596,0.0011929106665884016
weibull_softplus_unscaled@kappa_floor_link_flat15_nocap,uncheatable,external_development,0,-1,delphi_3e18_39bucket:c00c0d5d9f7b8d4f9d4a1f2f6845f4dd0f7effdd60e8da9e988daf574adff818,1.1254095855643882,0.02874190722010229
weibull_softplus_unscaled@kappa_floor_link_flat15_nocap,uncheatable,external_development,0,-1,delphi_3e18_39bucket:c054206f3c5615aa9b65c1b4c95b0fadd81c68829800edd74567f03e9a7344c7,1.054671432354001,0.001676356321608907
weibull_softplus_unscaled@kappa_floor_link_flat15_nocap,uncheatable,external_development,0,-1,delphi_3e18_39bucket:c05a1f0d7a09bbace45fa324f3b36f15945893a87c2ef8e65fd0ec3dc505ca12,1.0364376870811638,0.0009857577761992256
weibull_softplus_unscaled@kappa_floor_link_flat15_nocap,uncheatable,external_development,0,-1,delphi_3e18_39bucket:c08749305f6303b7d46f8c9478053948d5c036a6450977e8de388609b95a2443,1.036416808600819,0.0010820882754689202
weibull_softplus_unscaled@kappa_floor_link_flat15_nocap,uncheatable,external_development,0,-1,delphi_3e18_39bucket:c15c0a441754e3ca9b7ba442214315eb793714c1637ea6042915542863b4e52e,1.0364631303447553,0.0010347398776038687
weibull_softplus_unscaled@kappa_floor_link_flat15_nocap,uncheatable,external_development,0,-1,delphi_3e18_39bucket:c2302ab8648345d0d2ed04a6a36d63bacb517001b059421011708c9eeb062a9b,1.088884792381057,0.003507502538194953
weibull_softplus_unscaled@kappa_floor_link_flat15_nocap,uncheatable,external_development,0,-1,delphi_3e18_39bucket:c25ebde7be5ebfe94bf12ac46a8dfb1fa5129c16c0776b56097d2c0b50badcf3,1.0423567803620735,0.0007520400861055594
weibull_softplus_unscaled@kappa_floor_link_flat15_nocap,uncheatable,external_development,0,-1,delphi_3e18_39bucket:c2a96b7bef323ee258a79c3d89b1a60204189ab465b1c089c9361f2274b34cee,1.037696427618886,0.0011296884737707169
weibull_softplus_unscaled@kappa_floor_link_flat15_nocap,uncheatable,external_development,0,-1,delphi_3e18_39bucket:c404d7ca8f49357e32b5fe2d2331593e2c60a0fc7de1d05930f61c6534d6f758,0.9962678281201295,0.003371365497594851
weibull_softplus_unscaled@kappa_floor_link_flat15_nocap,uncheatable,external_development,0,-1,delphi_3e18_39bucket:c4fc6809d2c27027b17ae596b8cb3ece12ace1af46d86d143cb6eeb4b1466ed4,1.0320036721390664,0.001268850837833435
weibull_softplus_unscaled@kappa_floor_link_flat15_nocap,uncheatable,external_development,0,-1,delphi_3e18_39bucket:c5b98b2371c8e5cfcb49f4a4f60aff9c21930087466aee3ea9f5c9e6dedd132b,1.0386784330148986,0.0012557163255791017
weibull_softplus_unscaled@kappa_floor_link_flat15_nocap,uncheatable,external_development,0,-1,delphi_3e18_39bucket:c5ffa8e3d7c670e959036ab38016e0e17064fa12ac2fcba643c70b1ef25297b3,0.9948589751347163,0.0023395433909574356
weibull_softplus_unscaled@kappa_floor_link_flat15_nocap,uncheatable,external_development,0,-1,delphi_3e18_39bucket:c6601f428a7e18377f34fa8ee9b58bb6a20e42c3abcadc04e7e64aef3ca82f2a,1.0379849777283257,0.001055373719309721
weibull_softplus_unscaled@kappa_floor_link_flat15_nocap,uncheatable,external_development,0,-1,delphi_3e18_39bucket:c6cbc3ebaf486eecd75d04f449fdcc92c804765f512d2bceecde5c1aaa30dd39,0.999111512080114,0.001377283091723992
weibull_softplus_unscaled@kappa_floor_link_flat15_nocap,uncheatable,external_development,0,-1,delphi_3e18_39bucket:c721e392dcf2947fea2da8fcf1ef91d058c717ffb8e74e8402734e31f22578fc,1.0600519873039274,0.001284507273407315
weibull_softplus_unscaled@kappa_floor_link_flat15_nocap,uncheatable,external_development,0,-1,delphi_3e18_39bucket:c87ec77627abffb947457fe5ff94cee77dd2737df36b8233de3411db0560dfd6,1.0424486861595557,0.0011364618355235864
weibull_softplus_unscaled@kappa_floor_link_flat15_nocap,uncheatable,external_development,0,-1,delphi_3e18_39bucket:c8a7abc202e6fa1b3d7cc9e00542979084efdddd63313db5c25669da85ad2b19,0.9962943423415792,0.0027549783325032224
weibull_softplus_unscaled@kappa_floor_link_flat15_nocap,uncheatable,external_development,0,-1,delphi_3e18_39bucket:c8a7b68f3dd8d7d2600dc1e56fb8af9e5dcb176edc162738d4eaff7b540cd53b,0.9993898261662325,0.0018318417674019296
weibull_softplus_unscaled@kappa_floor_link_flat15_nocap,uncheatable,external_development,0,-1,delphi_3e18_39bucket:ca102ba62bbf29559c65ef5d820f9064d4e3c710e012829a4c0fd18013c5f806,1.0370902491626088,0.0012362318268125635
weibull_softplus_unscaled@kappa_floor_link_flat15_nocap,uncheatable,external_development,0,-1,delphi_3e18_39bucket:ca5106858b9b57cf944d35ebd150b6feca9287a4f1d0cc9d182be3e623f00fa6,0.9984674903678887,0.0029908133468129214
weibull_softplus_unscaled@kappa_floor_link_flat15_nocap,uncheatable,external_development,0,-1,delphi_3e18_39bucket:ca69ddeae35c4c684203106971843457fd269090a8b5885ef26b440471941286,1.0410578227250755,0.00101250388486455
weibull_softplus_unscaled@kappa_floor_link_flat15_nocap,uncheatable,external_development,0,-1,delphi_3e18_39bucket:ca71f5d232644557d07fcacb22abf1fe46660152bebbf6ab27caf4b6998d06a8,1.0379056025089735,0.0010019051062727072
weibull_softplus_unscaled@kappa_floor_link_flat15_nocap,uncheatable,external_development,0,-1,delphi_3e18_39bucket:cb32fd5b0fd8a23c495ee8d05996c1926f4be32607954211152e0db19572b8c9,0.9936948913399841,0.0014223309536766742
weibull_softplus_unscaled@kappa_floor_link_flat15_nocap,uncheatable,external_development,0,-1,delphi_3e18_39bucket:cb466766fe3b5296e1b15a347ff4fd4692400efc5cce4a696639c2129805162a,0.9992449678394334,0.0018106428951527088
weibull_softplus_unscaled@kappa_floor_link_flat15_nocap,uncheatable,external_development,0,-1,delphi_3e18_39bucket:cc2d283f3d5584275c7938fd4a0fadb9bbd9543dc9b5ae965f2d87df95c479ff,1.007342560599139,0.0005972670150807435
weibull_softplus_unscaled@kappa_floor_link_flat15_nocap,uncheatable,external_development,0,-1,delphi_3e18_39bucket:cc8d689416c08c842058dd84255bb52de8103b71eb9f8f618204a90c83157584,1.0423823424058418,0.0013962429533599554
weibull_softplus_unscaled@kappa_floor_link_flat15_nocap,uncheatable,external_development,0,-1,delphi_3e18_39bucket:cce19bcdfb95a772d1f465a94498e69474d7f7235d46ab401d3d0543e73f9e3b,1.0368624224950833,0.0009212159937832433
weibull_softplus_unscaled@kappa_floor_link_flat15_nocap,uncheatable,external_development,0,-1,delphi_3e18_39bucket:cd1cd78d6325f56e5c761e7042369262a032ce78f12fc6d47e4ebf1ce0894339,0.9984618974419865,0.00272904223936833
weibull_softplus_unscaled@kappa_floor_link_flat15_nocap,uncheatable,external_development,0,-1,delphi_3e18_39bucket:cd8eec34fcd41e0cd76c6ef4d520fa83d6c6b5a1828c92c8c556ba4c806a58e7,1.0036701811496958,0.0013443502776153788
weibull_softplus_unscaled@kappa_floor_link_flat15_nocap,uncheatable,external_development,0,-1,delphi_3e18_39bucket:d0464cb13d27d2a18ba98c8b83432b1ae53015c4d57e01bf932603caedbbac7d,1.0740475963785772,0.009472556584043184
weibull_softplus_unscaled@kappa_floor_link_flat15_nocap,uncheatable,external_development,0,-1,delphi_3e18_39bucket:d097ba261d98ffe38b995691fc506821678d330c54b489b4d0e645e75c5e4e2e,0.9915375503349305,0.0024996792254065405
weibull_softplus_unscaled@kappa_floor_link_flat15_nocap,uncheatable,external_development,0,-1,delphi_3e18_39bucket:d0b59aacb13e8749a0d761af5008890d6865d701d8550e40a60ca86f2e67ccb2,0.994965334915634,0.0028418958601177835
weibull_softplus_unscaled@kappa_floor_link_flat15_nocap,uncheatable,external_development,0,-1,delphi_3e18_39bucket:d160bb3271ba96668590d3b3c7781ad51718216823831c921585a8f73ffc9cf7,1.0536471734402642,0.002107671436089627
weibull_softplus_unscaled@kappa_floor_link_flat15_nocap,uncheatable,external_development,0,-1,delphi_3e18_39bucket:d1926d64591176c8020bee54efe637a248f4f8f8bf927613049d062dccff4228,1.0395201108861287,0.0010806383561265047
weibull_softplus_unscaled@kappa_floor_link_flat15_nocap,uncheatable,external_development,0,-1,delphi_3e18_39bucket:d22385a3b372ad3742331c911e6df47b6459dcc8f7e6ce58cd5dfc1ca901a754,1.0389753984034278,0.001102933818110464
weibull_softplus_unscaled@kappa_floor_link_flat15_nocap,uncheatable,external_development,0,-1,delphi_3e18_39bucket:d2cb05198ef956cc89df9b6aee5c76ace3aa353ea2a7316011503bff3c873c17,1.007970109334932,0.0015059845198568836
weibull_softplus_unscaled@kappa_floor_link_flat15_nocap,uncheatable,external_development,0,-1,delphi_3e18_39bucket:d2e1cc893f01a2f4943b13a6c01ee72024f580a689c62fa909560c73a65054e5,1.0379157253711977,0.0012763075710867738
weibull_softplus_unscaled@kappa_floor_link_flat15_nocap,uncheatable,external_development,0,-1,delphi_3e18_39bucket:d3a383c91e3c36378540e209e50999c8d005ae2b08fa6bcda7f383834b2d5dd7,1.0358122055747656,0.001781032595294874
weibull_softplus_unscaled@kappa_floor_link_flat15_nocap,uncheatable,external_development,0,-1,delphi_3e18_39bucket:d3b53955f30411b3c382fe4844d1526d3c14d09844153a940230c4beceeddb73,0.9864774779376925,0.002083615563400504
weibull_softplus_unscaled@kappa_floor_link_flat15_nocap,uncheatable,external_development,0,-1,delphi_3e18_39bucket:d3bba0f2b0ea428ec64283ded20ce739bbf9f7fab261d2b9b90cfb1bc9c6c75e,0.9897795826048782,0.00233241250135307
weibull_softplus_unscaled@kappa_floor_link_flat15_nocap,uncheatable,external_development,0,-1,delphi_3e18_39bucket:d3ffb3bd8e28eedb08376603e2c85cc3e83cc89ca533199775e943278e32c509,1.0014549938388368,0.0033189584307551858
weibull_softplus_unscaled@kappa_floor_link_flat15_nocap,uncheatable,external_development,0,-1,delphi_3e18_39bucket:d527a2813816791f311d6f8c670a30cc1ce84f41c6b7365ae771b1f53ebf6e7e,1.0275635729236805,0.0006271046052501987
weibull_softplus_unscaled@kappa_floor_link_flat15_nocap,uncheatable,external_development,0,-1,delphi_3e18_39bucket:d65c8bd6c68862d250311137ac89042ba916da88e21f9cf04f7119fc9e25a489,1.0373275517305716,0.001146329288348371
weibull_softplus_unscaled@kappa_floor_link_flat15_nocap,uncheatable,external_development,0,-1,delphi_3e18_39bucket:d6c7da8dacb3efe4cbd45ee0cdd899a5a606cc57be51472b188809093554e699,1.036770136009313,0.0010760802476992468
weibull_softplus_unscaled@kappa_floor_link_flat15_nocap,uncheatable,external_development,0,-1,delphi_3e18_39bucket:d6e102b380bcd9b39d2f2c4079d81d416738002f9b25316b3da9ac88d43b5a75,1.049752559770081,0.0013460094524252583
weibull_softplus_unscaled@kappa_floor_link_flat15_nocap,uncheatable,external_development,0,-1,delphi_3e18_39bucket:d6f6db3e0cc1a598f7eb00a7cdd40d78f821a9336eb0eaafc14da93a04575fc5,1.0548337343156606,0.0019029043690226525
weibull_softplus_unscaled@kappa_floor_link_flat15_nocap,uncheatable,external_development,0,-1,delphi_3e18_39bucket:d82c377f5bda11f52b93db01e55fa25c844255cf016ad96b80cba7cc1e618d90,1.0433744045450655,0.001043917556220148
weibull_softplus_unscaled@kappa_floor_link_flat15_nocap,uncheatable,external_development,0,-1,delphi_3e18_39bucket:d87d478ea93a73fe0faec12048b20970bdefd41aa65888c79d1d35c24ec3556f,1.0435793915339935,0.0013482592068397
weibull_softplus_unscaled@kappa_floor_link_flat15_nocap,uncheatable,external_development,0,-1,delphi_3e18_39bucket:d941fe99995a0f675ffc09f1d7883ac2d032a87a00fdfc22e934c5e5ca0b3452,1.0469332880408275,0.0010192138712680704
weibull_softplus_unscaled@kappa_floor_link_flat15_nocap,uncheatable,external_development,0,-1,delphi_3e18_39bucket:da68fd5e623c705387752f321a8116e319a7ae87670618ba096558effd2df550,1.0059301666413125,0.0015656010051076266
weibull_softplus_unscaled@kappa_floor_link_flat15_nocap,uncheatable,external_development,0,-1,delphi_3e18_39bucket:dac1e0885f0941e15f72456af8f56424e1b8630c37344b54346219c98f5c5f0b,0.9951148321311203,0.002707733662266811
weibull_softplus_unscaled@kappa_floor_link_flat15_nocap,uncheatable,external_development,0,-1,delphi_3e18_39bucket:dc1f33b2668dfbb787d82df7f8e734431a829bbec2fbf8e9888d6eb582289a3d,0.9965131957853179,0.002854292716950375
weibull_softplus_unscaled@kappa_floor_link_flat15_nocap,uncheatable,external_development,0,-1,delphi_3e18_39bucket:dd42df7f0cbc461aa02a49d493e5c4c2ea94713026c4e3fffdf7e482f0a766ad,1.0500117127165902,0.0012076517599752987
weibull_softplus_unscaled@kappa_floor_link_flat15_nocap,uncheatable,external_development,0,-1,delphi_3e18_39bucket:de0e4fef934b64c948d7c068f622295aabe99cb83c95ee0ad68b73c366c57402,1.0076783009124126,0.0016646717499803594
weibull_softplus_unscaled@kappa_floor_link_flat15_nocap,uncheatable,external_development,0,-1,delphi_3e18_39bucket:e021fd14fbb714ef3bc7fe5df146588cfff0a72ec3ea45ae16d31eea5646ae09,1.0376780450290632,0.0010528419686230367
weibull_softplus_unscaled@kappa_floor_link_flat15_nocap,uncheatable,external_development,0,-1,delphi_3e18_39bucket:e0965c961694035e43a1da45a771f8e07c074674ecad18c76460f7ac0eef2137,1.0049635071735994,0.001142159553660862
weibull_softplus_unscaled@kappa_floor_link_flat15_nocap,uncheatable,external_development,0,-1,delphi_3e18_39bucket:e0a4d646094bff9aad92ca04cd9c5ca30c296001c0b7d65c3c20a1df0bd8ef08,1.043836400983005,0.0015119910331207653
weibull_softplus_unscaled@kappa_floor_link_flat15_nocap,uncheatable,external_development,0,-1,delphi_3e18_39bucket:e0f79d9bac30fb11db8b83b66ba5e36c77c69e8b4eeece18a5b2a234d3198745,1.0377808789451168,0.0011311052463609944
weibull_softplus_unscaled@kappa_floor_link_flat15_nocap,uncheatable,external_development,0,-1,delphi_3e18_39bucket:e188885cf2c9eba933b968231574f63edf90b3467074b7a9229ed11c950259ad,1.038169730070412,0.0011015141882812062
weibull_softplus_unscaled@kappa_floor_link_flat15_nocap,uncheatable,external_development,0,-1,delphi_3e18_39bucket:e283e505de0059b81a2b58a66a9af312bc1f3c7a7440e50c3fdcb3ff8213a34f,1.0563746950143464,0.0018596903250585606
weibull_softplus_unscaled@kappa_floor_link_flat15_nocap,uncheatable,external_development,0,-1,delphi_3e18_39bucket:e29801c3f5ba907bd5cc224343efa34e4693142ccec5ad71fd943c60b2b3a689,1.033558787047304,0.0007993517894518538
weibull_softplus_unscaled@kappa_floor_link_flat15_nocap,uncheatable,external_development,0,-1,delphi_3e18_39bucket:e371bb5a7b5ad1a86dec663c9450a27400d377093eb89ae1812af20716ad2945,0.9969810031495581,0.001914796526643698
weibull_softplus_unscaled@kappa_floor_link_flat15_nocap,uncheatable,external_development,0,-1,delphi_3e18_39bucket:e5053e4f4ef86036c3ebe93d055c63ec2da1a1a029cde76ea807a3890d0fd10c,0.9981859133174913,0.001882886381511894
weibull_softplus_unscaled@kappa_floor_link_flat15_nocap,uncheatable,external_development,0,-1,delphi_3e18_39bucket:e539e936365493312d15f1130d1c083871a779dc98689047fcb9d5ebd05191ce,0.9944801811999848,0.002211568165115534
weibull_softplus_unscaled@kappa_floor_link_flat15_nocap,uncheatable,external_development,0,-1,delphi_3e18_39bucket:e55f4d10b3aedd9111e412c962fa53c063269d47d4571a980ba950ed937266ad,1.0373594992770474,0.0011050414299989706
weibull_softplus_unscaled@kappa_floor_link_flat15_nocap,uncheatable,external_development,0,-1,delphi_3e18_39bucket:e65243af3fc92306e4aa4ea80d2c3f7aa6058bba97560ecd10959066d8d64383,1.0572064075009502,0.0027594095306423256
weibull_softplus_unscaled@kappa_floor_link_flat15_nocap,uncheatable,external_development,0,-1,delphi_3e18_39bucket:e7d55ec7f15fc194cb4e857322dc1533eddb16463ccf163eabfcdd530a051d5e,0.9875560186091163,0.0021299225790122568
weibull_softplus_unscaled@kappa_floor_link_flat15_nocap,uncheatable,external_development,0,-1,delphi_3e18_39bucket:e8042bb6d92f9c8c01d49ad73be7ff4b06f2e492202d1354da9b6f4aad4c91da,1.0359840287705637,0.0015937159344693204
weibull_softplus_unscaled@kappa_floor_link_flat15_nocap,uncheatable,external_development,0,-1,delphi_3e18_39bucket:e890ab2bc556a0858503bfe95cb5a9f21eb6c1c6dc14818358fbe0f1f321f9eb,1.036998559654737,0.0010769416567302482
weibull_softplus_unscaled@kappa_floor_link_flat15_nocap,uncheatable,external_development,0,-1,delphi_3e18_39bucket:e8afda03cd027d866c486aa919868e64ae6d1ddf97b54508d64398d495332317,1.037869294321787,0.001002673270498859
weibull_softplus_unscaled@kappa_floor_link_flat15_nocap,uncheatable,external_development,0,-1,delphi_3e18_39bucket:e8b6cae0ec44706b02ee30aefc28d571a4f78b62cff170d303c1ccd448092f43,1.0409994142838621,0.009085226334734645
weibull_softplus_unscaled@kappa_floor_link_flat15_nocap,uncheatable,external_development,0,-1,delphi_3e18_39bucket:e8cac18abed6dd3d662e4660ad3b431000e291340c4fe937b2937ad6a00fdb1c,1.039702368819666,0.0011423869419091134
weibull_softplus_unscaled@kappa_floor_link_flat15_nocap,uncheatable,external_development,0,-1,delphi_3e18_39bucket:e8df5e6e4d008b052d6e1ad64acc1fec9b2a47d27ba17bf21c0cd6d7b4b6cad5,1.0038855164107245,0.003331336400155787
weibull_softplus_unscaled@kappa_floor_link_flat15_nocap,uncheatable,external_development,0,-1,delphi_3e18_39bucket:e8e86e247324e07114d17c3fe9b93415a22bc9d717bbeb492e8a949f59ffc574,1.0435683967159846,0.0014985221933438205
weibull_softplus_unscaled@kappa_floor_link_flat15_nocap,uncheatable,external_development,0,-1,delphi_3e18_39bucket:e9089fdfad382692c27f48d26c1957224471952b2a50bd7a47fc12615326767e,1.0358573454284947,0.00908439566497817
weibull_softplus_unscaled@kappa_floor_link_flat15_nocap,uncheatable,external_development,0,-1,delphi_3e18_39bucket:e94c007e41ca009494ae3d9ae036d21271d6bb27b49c3b9d77a9d9148a879241,0.9973070511875844,0.001846909204818571
weibull_softplus_unscaled@kappa_floor_link_flat15_nocap,uncheatable,external_development,0,-1,delphi_3e18_39bucket:e94c9cbd4ee682a9780bbcea3bf6df3497572253ed953eef164fa75ea4f66a2c,1.05885060141365,0.002195906012379901
weibull_softplus_unscaled@kappa_floor_link_flat15_nocap,uncheatable,external_development,0,-1,delphi_3e18_39bucket:e9c1eda31f2f4a0c52041968162f0f0ce4999866274b5690e4e05fda24a4bc2d,0.9973646975946385,0.0022089020812924923
weibull_softplus_unscaled@kappa_floor_link_flat15_nocap,uncheatable,external_development,0,-1,delphi_3e18_39bucket:ea37effb52c1862ed6fafb478558f7d891c703943be66cd2416bd5c491bf7f6b,1.0001253765290756,0.002571557978076148
weibull_softplus_unscaled@kappa_floor_link_flat15_nocap,uncheatable,external_development,0,-1,delphi_3e18_39bucket:ea53229a9873c03ace1ba85e1e21a11a8844f0ff68de915348cd78997910f2e1,1.0373061365495717,0.0010425796303639994
weibull_softplus_unscaled@kappa_floor_link_flat15_nocap,uncheatable,external_development,0,-1,delphi_3e18_39bucket:ea6e21bef589c2d52505ca81bef558a5da03e4625174320ea8242417e2382d77,1.035097253101119,0.0009469148010943523
weibull_softplus_unscaled@kappa_floor_link_flat15_nocap,uncheatable,external_development,0,-1,delphi_3e18_39bucket:ea75e35453ea2a7fe2d3b283ddc673d53edfeee1ba389a2c21264bdf18ac8ca2,1.0372884253179455,0.0009670502656600365
weibull_softplus_unscaled@kappa_floor_link_flat15_nocap,uncheatable,external_development,0,-1,delphi_3e18_39bucket:eafdbafe546506e8a5b90e6662ecdb9d4f1334f4e7f19e3081382c6da61f7293,1.0361309889877384,0.0010435810338761536
weibull_softplus_unscaled@kappa_floor_link_flat15_nocap,uncheatable,external_development,0,-1,delphi_3e18_39bucket:ec06eca900d6ea9ba81679ee6cca83871b018289aec1505cba76db1fc87b6802,1.0668808878466858,0.0009602901802738318
weibull_softplus_unscaled@kappa_floor_link_flat15_nocap,uncheatable,external_development,0,-1,delphi_3e18_39bucket:eccc22ab3929ddd9f2ac2480fd08560ef5ae820c2344f602a9dc02fbaf098cfe,1.0380351750038834,0.0011852390796040268
weibull_softplus_unscaled@kappa_floor_link_flat15_nocap,uncheatable,external_development,0,-1,delphi_3e18_39bucket:ed3e3b2774ff74e2b11ba21111ec69a02f045de419b00bf3bb3900c8304d9c61,1.0383938608165075,0.0011467108454558399
weibull_softplus_unscaled@kappa_floor_link_flat15_nocap,uncheatable,external_development,0,-1,delphi_3e18_39bucket:ed64cdd21c9e4cbfada10d701c2ea8ddca896eddd8c54397fc1fdb7be3fd0e7e,1.0355340124959986,0.0010582287224287854
weibull_softplus_unscaled@kappa_floor_link_flat15_nocap,uncheatable,external_development,0,-1,delphi_3e18_39bucket:ee02c34fe2e5760160a4803e862cb1c4a623ee45da4d9adfdaa5aa9483dc78e3,1.0393696230544696,0.0013047132306748175
weibull_softplus_unscaled@kappa_floor_link_flat15_nocap,uncheatable,external_development,0,-1,delphi_3e18_39bucket:ef418394bcf5783471166488c9835661c9087d4cd65379ce6a2798094e0ed89b,1.0383087176673365,0.0009846703242893833
weibull_softplus_unscaled@kappa_floor_link_flat15_nocap,uncheatable,external_development,0,-1,delphi_3e18_39bucket:ef9f5d7e0f8cb99f585632847718d0452011c825e16f7d382f995c653e9ac9e7,1.0498598969805926,0.0015225835630142083
weibull_softplus_unscaled@kappa_floor_link_flat15_nocap,uncheatable,external_development,0,-1,delphi_3e18_39bucket:ef9f6cff6e4ea378dedecb72fceac0bdaad839d03f007c4afe577e29dbb99b4e,0.984064855873036,0.0015794024040454865
weibull_softplus_unscaled@kappa_floor_link_flat15_nocap,uncheatable,external_development,0,-1,delphi_3e18_39bucket:effc4e48644f5aac8669d7cfde80db853124d6263860d16ab4f3958b1ac4eeb5,1.0065219405808559,0.0010055173405292958
weibull_softplus_unscaled@kappa_floor_link_flat15_nocap,uncheatable,external_development,0,-1,delphi_3e18_39bucket:f16199e7f2cdb043d550805be1d6c2cedde580382205dfe6009222e5329ab998,1.03603657779871,0.0011335858024265708
weibull_softplus_unscaled@kappa_floor_link_flat15_nocap,uncheatable,external_development,0,-1,delphi_3e18_39bucket:f232b9fe34f7b04ebbfe91eb3239213c0003a3e608e279780f47e6c545811bb3,1.0394186551164837,0.0011225746303040831
weibull_softplus_unscaled@kappa_floor_link_flat15_nocap,uncheatable,external_development,0,-1,delphi_3e18_39bucket:f2d3993c551000c1ee508c463805bd652f0f40a241a54fdf69aecee07fd2bb47,1.0396435104900488,0.001254932123771743
weibull_softplus_unscaled@kappa_floor_link_flat15_nocap,uncheatable,external_development,0,-1,delphi_3e18_39bucket:f387ec3241cb7be9b883e93ed53e1940f5fbf725f14ef13b1c76e1634c9e0704,1.0655289209705723,0.002407916778048122
weibull_softplus_unscaled@kappa_floor_link_flat15_nocap,uncheatable,external_development,0,-1,delphi_3e18_39bucket:f52b9b33b05c41f331ddaef90666b37968827a31c9dbdee6bdd5c5554069af4b,1.0600814673552332,0.005150869334806515
weibull_softplus_unscaled@kappa_floor_link_flat15_nocap,uncheatable,external_development,0,-1,delphi_3e18_39bucket:f597d4a7586698fbbc1b854337589ff532c04fd4a54699ae6665043e95934555,0.9914419083706171,0.002444432173213118
weibull_softplus_unscaled@kappa_floor_link_flat15_nocap,uncheatable,external_development,0,-1,delphi_3e18_39bucket:f5c02be0cf834281311018f3922cb87d91ee62b6d20f4e7ac201af5ee0954f38,1.0364503905951374,0.0011407266954586736
weibull_softplus_unscaled@kappa_floor_link_flat15_nocap,uncheatable,external_development,0,-1,delphi_3e18_39bucket:f6841e17099bc045d728b98540d5fb888d83f06d8ee4a4939cce171c39ff9c1a,1.0404518285568267,0.001063384880280703
weibull_softplus_unscaled@kappa_floor_link_flat15_nocap,uncheatable,external_development,0,-1,delphi_3e18_39bucket:f81afa5c14bbd67cc1fb496dcd8cd5779f46fed3843ce430341122b0cfff0750,1.0199369188471188,0.0046931589188954044
weibull_softplus_unscaled@kappa_floor_link_flat15_nocap,uncheatable,external_development,0,-1,delphi_3e18_39bucket:f8a8e264e7f30fe85c514e532e5f6bce8d2037da8458a757b0383f7dbf072f25,1.0349499422843036,0.0009183770174518995
weibull_softplus_unscaled@kappa_floor_link_flat15_nocap,uncheatable,external_development,0,-1,delphi_3e18_39bucket:f95f22b464a3ca2eee25bd948f390a4ef40e83d2198fc976127df60c1e1668aa,1.0196074641691015,0.0008244844448132363
weibull_softplus_unscaled@kappa_floor_link_flat15_nocap,uncheatable,external_development,0,-1,delphi_3e18_39bucket:f9bb0369b872fcb08e26e8d0629e52b1cb543956824511bc69a1d81d84b8e766,0.9927360871702431,0.0019101494751821836
weibull_softplus_unscaled@kappa_floor_link_flat15_nocap,uncheatable,external_development,0,-1,delphi_3e18_39bucket:f9e349b2e05d04e16162ae18c9cde10806824cee16faba2af2564f533559151d,1.0334399540977972,0.0008077926008465436
weibull_softplus_unscaled@kappa_floor_link_flat15_nocap,uncheatable,external_development,0,-1,delphi_3e18_39bucket:f9e5fad6cd843eef1ec963c775019a7ed2d37fb9fc6d6458f98c8bb15b000248,1.0520588646181124,0.0021008533565627465
weibull_softplus_unscaled@kappa_floor_link_flat15_nocap,uncheatable,external_development,0,-1,delphi_3e18_39bucket:fa0294460f0573041da6b1435affe244e46d5459cf24f4d451fa7776c77261f6,0.9840593827808803,0.0015064785467983881
weibull_softplus_unscaled@kappa_floor_link_flat15_nocap,uncheatable,external_development,0,-1,delphi_3e18_39bucket:fafbc2ba18f1c7971ddf8e7eff5f92f1b11469cf1d80181209696d8655812553,1.043589526586832,0.0011325642602362444
weibull_softplus_unscaled@kappa_floor_link_flat15_nocap,uncheatable,external_development,0,-1,delphi_3e18_39bucket:fb8cb11729c2b4e023d88d084293e65ec1f03e521aada50a0bde80863e530aa8,0.9993473586899307,0.0014302973112186662
weibull_softplus_unscaled@kappa_floor_link_flat15_nocap,uncheatable,external_development,0,-1,delphi_3e18_39bucket:fcd0fd12a7c5020965f6947e8301e946fa54ac35b888fd77a64acdb284227b4d,1.0378941385413012,0.0013097064170790854
weibull_softplus_unscaled@kappa_floor_link_flat15_nocap,uncheatable,external_development,0,-1,delphi_3e18_39bucket:fd1878ded789f2edc41ab9255de95e0c7d881b315872d556b913e69f7cf031fc,0.9863071162993635,0.002167934892027616
weibull_softplus_unscaled@kappa_floor_link_flat15_nocap,uncheatable,external_development,0,-1,delphi_3e18_39bucket:fde889913d2682952bec8de25fd72402715ccecae048d5f22ad1228540aa83cf,1.0278550356603242,0.0006561708632191147
weibull_softplus_unscaled@kappa_floor_link_flat15_nocap,uncheatable,external_development,0,-1,delphi_3e18_39bucket:fef2793a1123d329057bd31024def73e90c2aa567a327913bb8366c7204fc414,1.0564984674073155,0.0014091994475650001
weibull_softplus_unscaled@kappa_floor_link_flat15_nocap,uncheatable,external_development,0,-1,delphi_3e18_39bucket:ff65381e6c6fa2fd41b3444cc7dae32b0a07f1eaf50d99b9dc409da261b0a1ac,1.0491014206921951,0.001318859807581379
weibull_softplus_unscaled@kappa_floor_link_flat15_nomargin,uncheatable,panel_oof,0,0,7,1.0871415101187867,
weibull_softplus_unscaled@kappa_floor_link_flat15_nomargin,uncheatable,panel_oof,0,0,8,1.1356839233089944,
weibull_softplus_unscaled@kappa_floor_link_flat15_nomargin,uncheatable,panel_oof,0,0,25,1.1055079928138096,
weibull_softplus_unscaled@kappa_floor_link_flat15_nomargin,uncheatable,panel_oof,0,0,35,1.0759010176893953,
weibull_softplus_unscaled@kappa_floor_link_flat15_nomargin,uncheatable,panel_oof,0,0,51,1.0864487075670253,
weibull_softplus_unscaled@kappa_floor_link_flat15_nomargin,uncheatable,panel_oof,0,0,56,1.0414799140343087,
weibull_softplus_unscaled@kappa_floor_link_flat15_nomargin,uncheatable,panel_oof,0,0,69,1.0947613017213844,
weibull_softplus_unscaled@kappa_floor_link_flat15_nomargin,uncheatable,panel_oof,0,0,81,1.0322180330970636,
weibull_softplus_unscaled@kappa_floor_link_flat15_nomargin,uncheatable,panel_oof,0,0,86,1.089541343646542,
weibull_softplus_unscaled@kappa_floor_link_flat15_nomargin,uncheatable,panel_oof,0,0,99,1.0806902900665503,
weibull_softplus_unscaled@kappa_floor_link_flat15_nomargin,uncheatable,panel_oof,0,0,100,1.0918464667394403,
weibull_softplus_unscaled@kappa_floor_link_flat15_nomargin,uncheatable,panel_oof,0,0,106,1.1050160239063906,
weibull_softplus_unscaled@kappa_floor_link_flat15_nomargin,uncheatable,panel_oof,0,0,107,1.133401521622185,
weibull_softplus_unscaled@kappa_floor_link_flat15_nomargin,uncheatable,panel_oof,0,0,126,1.0679906751450154,
weibull_softplus_unscaled@kappa_floor_link_flat15_nomargin,uncheatable,panel_oof,0,0,136,1.1138557083889964,
weibull_softplus_unscaled@kappa_floor_link_flat15_nomargin,uncheatable,panel_oof,0,0,137,1.0692817110662403,
weibull_softplus_unscaled@kappa_floor_link_flat15_nomargin,uncheatable,panel_oof,0,0,140,1.0755632871850245,
weibull_softplus_unscaled@kappa_floor_link_flat15_nomargin,uncheatable,panel_oof,0,0,141,1.0723828463000762,
weibull_softplus_unscaled@kappa_floor_link_flat15_nomargin,uncheatable,panel_oof,0,0,142,1.0704856547072583,
weibull_softplus_unscaled@kappa_floor_link_flat15_nomargin,uncheatable,panel_oof,0,0,145,1.0635605747602261,
weibull_softplus_unscaled@kappa_floor_link_flat15_nomargin,uncheatable,panel_oof,0,0,147,1.0777590255941425,
weibull_softplus_unscaled@kappa_floor_link_flat15_nomargin,uncheatable,panel_oof,0,0,163,1.065289270589227,
weibull_softplus_unscaled@kappa_floor_link_flat15_nomargin,uncheatable,panel_oof,0,0,165,1.0683319338224153,
weibull_softplus_unscaled@kappa_floor_link_flat15_nomargin,uncheatable,panel_oof,0,0,169,1.1176422776451693,
weibull_softplus_unscaled@kappa_floor_link_flat15_nomargin,uncheatable,panel_oof,0,0,171,1.0993920382506583,
weibull_softplus_unscaled@kappa_floor_link_flat15_nomargin,uncheatable,panel_oof,0,0,187,1.1215019174573393,
weibull_softplus_unscaled@kappa_floor_link_flat15_nomargin,uncheatable,panel_oof,0,0,188,1.073763217997394,
weibull_softplus_unscaled@kappa_floor_link_flat15_nomargin,uncheatable,panel_oof,0,0,191,1.0445105368526275,
weibull_softplus_unscaled@kappa_floor_link_flat15_nomargin,uncheatable,panel_oof,0,0,195,1.0585288642894572,
weibull_softplus_unscaled@kappa_floor_link_flat15_nomargin,uncheatable,panel_oof,0,0,197,1.080570955634061,
weibull_softplus_unscaled@kappa_floor_link_flat15_nomargin,uncheatable,panel_oof,0,0,200,1.0330290889867708,
weibull_softplus_unscaled@kappa_floor_link_flat15_nomargin,uncheatable,panel_oof,0,0,208,1.0879394515514975,
weibull_softplus_unscaled@kappa_floor_link_flat15_nomargin,uncheatable,panel_oof,0,0,209,1.0554149479089112,
weibull_softplus_unscaled@kappa_floor_link_flat15_nomargin,uncheatable,panel_oof,0,0,210,1.1018925664007309,
weibull_softplus_unscaled@kappa_floor_link_flat15_nomargin,uncheatable,panel_oof,0,0,217,1.080715216276205,
weibull_softplus_unscaled@kappa_floor_link_flat15_nomargin,uncheatable,panel_oof,0,0,219,1.0891533226851036,
weibull_softplus_unscaled@kappa_floor_link_flat15_nomargin,uncheatable,panel_oof,0,0,220,1.0610270236016817,
weibull_softplus_unscaled@kappa_floor_link_flat15_nomargin,uncheatable,panel_oof,0,0,223,1.0449077609875008,
weibull_softplus_unscaled@kappa_floor_link_flat15_nomargin,uncheatable,panel_oof,0,0,233,1.0638908638379918,
weibull_softplus_unscaled@kappa_floor_link_flat15_nomargin,uncheatable,panel_oof,0,0,237,1.0698803901139706,
weibull_softplus_unscaled@kappa_floor_link_flat15_nomargin,uncheatable,panel_oof,0,1,1,1.0232533543196296,
weibull_softplus_unscaled@kappa_floor_link_flat15_nomargin,uncheatable,panel_oof,0,1,241,1.0350544162698814,
weibull_softplus_unscaled@kappa_floor_link_flat15_nomargin,uncheatable,panel_oof,0,1,242,1.035277863033947,
weibull_softplus_unscaled@kappa_floor_link_flat15_nomargin,uncheatable,panel_oof,0,1,243,1.0351806081949688,
weibull_softplus_unscaled@kappa_floor_link_flat15_nomargin,uncheatable,panel_oof,0,1,244,1.0355410110086822,
weibull_softplus_unscaled@kappa_floor_link_flat15_nomargin,uncheatable,panel_oof,0,1,245,1.0343279654329893,
weibull_softplus_unscaled@kappa_floor_link_flat15_nomargin,uncheatable,panel_oof,0,1,246,1.0344328471307604,
weibull_softplus_unscaled@kappa_floor_link_flat15_nomargin,uncheatable,panel_oof,0,1,247,1.0351387376002439,
weibull_softplus_unscaled@kappa_floor_link_flat15_nomargin,uncheatable,panel_oof,0,1,248,1.035029089442839,
weibull_softplus_unscaled@kappa_floor_link_flat15_nomargin,uncheatable,panel_oof,0,1,249,1.0333776422157683,
weibull_softplus_unscaled@kappa_floor_link_flat15_nomargin,uncheatable,panel_oof,0,1,250,1.0343139902090688,
weibull_softplus_unscaled@kappa_floor_link_flat15_nomargin,uncheatable,panel_oof,0,1,251,1.0318998059858076,
weibull_softplus_unscaled@kappa_floor_link_flat15_nomargin,uncheatable,panel_oof,0,1,252,1.033751673382592,
weibull_softplus_unscaled@kappa_floor_link_flat15_nomargin,uncheatable,panel_oof,0,1,253,1.0343092512981986,
weibull_softplus_unscaled@kappa_floor_link_flat15_nomargin,uncheatable,panel_oof,0,1,254,1.035235288354205,
weibull_softplus_unscaled@kappa_floor_link_flat15_nomargin,uncheatable,panel_oof,0,1,255,1.0346438066906853,
weibull_softplus_unscaled@kappa_floor_link_flat15_nomargin,uncheatable,panel_oof,0,1,256,1.0347379651808026,
weibull_softplus_unscaled@kappa_floor_link_flat15_nomargin,uncheatable,panel_oof,0,1,257,1.0321520629263399,
weibull_softplus_unscaled@kappa_floor_link_flat15_nomargin,uncheatable,panel_oof,0,1,258,1.0341718884412947,
weibull_softplus_unscaled@kappa_floor_link_flat15_nomargin,uncheatable,panel_oof,0,1,259,1.036197475235836,
weibull_softplus_unscaled@kappa_floor_link_flat15_nomargin,uncheatable,panel_oof,0,1,260,1.0360512727986835,
weibull_softplus_unscaled@kappa_floor_link_flat15_nomargin,uncheatable,panel_oof,0,1,261,1.0352069404377455,
weibull_softplus_unscaled@kappa_floor_link_flat15_nomargin,uncheatable,panel_oof,0,1,262,1.036565111736421,
weibull_softplus_unscaled@kappa_floor_link_flat15_nomargin,uncheatable,panel_oof,0,1,263,1.0366902039441839,
weibull_softplus_unscaled@kappa_floor_link_flat15_nomargin,uncheatable,panel_oof,0,1,264,1.0363216231568417,
weibull_softplus_unscaled@kappa_floor_link_flat15_nomargin,uncheatable,panel_oof,0,1,265,1.0368682929969169,
weibull_softplus_unscaled@kappa_floor_link_flat15_nomargin,uncheatable,panel_oof,0,1,266,1.037172903939151,
weibull_softplus_unscaled@kappa_floor_link_flat15_nomargin,uncheatable,panel_oof,0,1,267,1.059372426560343,
weibull_softplus_unscaled@kappa_floor_link_flat15_nomargin,uncheatable,panel_oof,0,1,268,1.0372669851337704,
weibull_softplus_unscaled@kappa_floor_link_flat15_nomargin,uncheatable,panel_oof,0,1,269,1.037686624452102,
weibull_softplus_unscaled@kappa_floor_link_flat15_nomargin,uncheatable,panel_oof,0,1,270,1.0354302729336164,
weibull_softplus_unscaled@kappa_floor_link_flat15_nomargin,uncheatable,panel_oof,0,1,271,1.0286711382397784,
weibull_softplus_unscaled@kappa_floor_link_flat15_nomargin,uncheatable,panel_oof,0,1,272,1.0372420096015735,
weibull_softplus_unscaled@kappa_floor_link_flat15_nomargin,uncheatable,panel_oof,0,1,273,1.0580484074573195,
weibull_softplus_unscaled@kappa_floor_link_flat15_nomargin,uncheatable,panel_oof,0,1,274,1.035628160543072,
weibull_softplus_unscaled@kappa_floor_link_flat15_nomargin,uncheatable,panel_oof,0,1,275,1.0446561296298484,
weibull_softplus_unscaled@kappa_floor_link_flat15_nomargin,uncheatable,panel_oof,0,1,276,1.0367798925513432,
weibull_softplus_unscaled@kappa_floor_link_flat15_nomargin,uncheatable,panel_oof,0,1,277,1.0370331997328068,
weibull_softplus_unscaled@kappa_floor_link_flat15_nomargin,uncheatable,panel_oof,0,1,278,1.0349716396138664,
weibull_softplus_unscaled@kappa_floor_link_flat15_nomargin,uncheatable,panel_oof,0,1,279,1.035948999643009,
weibull_softplus_unscaled@kappa_floor_link_flat15_nomargin,uncheatable,panel_oof,0,2,3,1.057752682335163,
weibull_softplus_unscaled@kappa_floor_link_flat15_nomargin,uncheatable,panel_oof,0,2,5,1.2131113949988288,
weibull_softplus_unscaled@kappa_floor_link_flat15_nomargin,uncheatable,panel_oof,0,2,6,1.0905774264797847,
weibull_softplus_unscaled@kappa_floor_link_flat15_nomargin,uncheatable,panel_oof,0,2,10,1.0911554903716025,
weibull_softplus_unscaled@kappa_floor_link_flat15_nomargin,uncheatable,panel_oof,0,2,15,1.0836876637150117,
weibull_softplus_unscaled@kappa_floor_link_flat15_nomargin,uncheatable,panel_oof,0,2,20,1.1007686408985118,
weibull_softplus_unscaled@kappa_floor_link_flat15_nomargin,uncheatable,panel_oof,0,2,26,1.0513961796569031,
weibull_softplus_unscaled@kappa_floor_link_flat15_nomargin,uncheatable,panel_oof,0,2,29,1.080807478303675,
weibull_softplus_unscaled@kappa_floor_link_flat15_nomargin,uncheatable,panel_oof,0,2,30,1.0556165209481576,
weibull_softplus_unscaled@kappa_floor_link_flat15_nomargin,uncheatable,panel_oof,0,2,34,1.0558678862061153,
weibull_softplus_unscaled@kappa_floor_link_flat15_nomargin,uncheatable,panel_oof,0,2,39,1.079732937514575,
weibull_softplus_unscaled@kappa_floor_link_flat15_nomargin,uncheatable,panel_oof,0,2,41,1.102866331389164,
weibull_softplus_unscaled@kappa_floor_link_flat15_nomargin,uncheatable,panel_oof,0,2,46,1.083097570459349,
weibull_softplus_unscaled@kappa_floor_link_flat15_nomargin,uncheatable,panel_oof,0,2,48,1.0465606185553926,
weibull_softplus_unscaled@kappa_floor_link_flat15_nomargin,uncheatable,panel_oof,0,2,57,1.1055538784376866,
weibull_softplus_unscaled@kappa_floor_link_flat15_nomargin,uncheatable,panel_oof,0,2,62,1.084102822571949,
weibull_softplus_unscaled@kappa_floor_link_flat15_nomargin,uncheatable,panel_oof,0,2,65,1.0679711151542046,
weibull_softplus_unscaled@kappa_floor_link_flat15_nomargin,uncheatable,panel_oof,0,2,68,1.0947653144429603,
weibull_softplus_unscaled@kappa_floor_link_flat15_nomargin,uncheatable,panel_oof,0,2,73,1.0487860600083605,
weibull_softplus_unscaled@kappa_floor_link_flat15_nomargin,uncheatable,panel_oof,0,2,79,1.1005561420764571,
weibull_softplus_unscaled@kappa_floor_link_flat15_nomargin,uncheatable,panel_oof,0,2,83,1.0531735336055243,
weibull_softplus_unscaled@kappa_floor_link_flat15_nomargin,uncheatable,panel_oof,0,2,84,1.0836677437460869,
weibull_softplus_unscaled@kappa_floor_link_flat15_nomargin,uncheatable,panel_oof,0,2,87,1.078990193798423,
weibull_softplus_unscaled@kappa_floor_link_flat15_nomargin,uncheatable,panel_oof,0,2,90,1.0456922956906074,
weibull_softplus_unscaled@kappa_floor_link_flat15_nomargin,uncheatable,panel_oof,0,2,91,1.1031922425823386,
weibull_softplus_unscaled@kappa_floor_link_flat15_nomargin,uncheatable,panel_oof,0,2,98,1.0488951320133717,
weibull_softplus_unscaled@kappa_floor_link_flat15_nomargin,uncheatable,panel_oof,0,2,101,1.0827453807270184,
weibull_softplus_unscaled@kappa_floor_link_flat15_nomargin,uncheatable,panel_oof,0,2,105,1.070001794913121,
weibull_softplus_unscaled@kappa_floor_link_flat15_nomargin,uncheatable,panel_oof,0,2,109,1.0888620587466917,
weibull_softplus_unscaled@kappa_floor_link_flat15_nomargin,uncheatable,panel_oof,0,2,112,1.0664562094280465,
weibull_softplus_unscaled@kappa_floor_link_flat15_nomargin,uncheatable,panel_oof,0,2,113,1.1140662823540417,
weibull_softplus_unscaled@kappa_floor_link_flat15_nomargin,uncheatable,panel_oof,0,2,115,1.0659312168367379,
weibull_softplus_unscaled@kappa_floor_link_flat15_nomargin,uncheatable,panel_oof,0,2,116,1.0999724479782433,
weibull_softplus_unscaled@kappa_floor_link_flat15_nomargin,uncheatable,panel_oof,0,2,119,1.0542166572482876,
weibull_softplus_unscaled@kappa_floor_link_flat15_nomargin,uncheatable,panel_oof,0,2,122,1.0733910770381185,
weibull_softplus_unscaled@kappa_floor_link_flat15_nomargin,uncheatable,panel_oof,0,2,123,1.0618273174431674,
weibull_softplus_unscaled@kappa_floor_link_flat15_nomargin,uncheatable,panel_oof,0,2,124,1.0941452279023829,
weibull_softplus_unscaled@kappa_floor_link_flat15_nomargin,uncheatable,panel_oof,0,2,133,1.1378186807528996,
weibull_softplus_unscaled@kappa_floor_link_flat15_nomargin,uncheatable,panel_oof,0,2,134,1.0683884431690989,
weibull_softplus_unscaled@kappa_floor_link_flat15_nomargin,uncheatable,panel_oof,0,2,135,1.05788784768963,
weibull_softplus_unscaled@kappa_floor_link_flat15_nomargin,uncheatable,panel_oof,0,2,138,1.0770761381495766,
weibull_softplus_unscaled@kappa_floor_link_flat15_nomargin,uncheatable,panel_oof,0,2,144,1.0781084755366166,
weibull_softplus_unscaled@kappa_floor_link_flat15_nomargin,uncheatable,panel_oof,0,2,151,1.0808113656009573,
weibull_softplus_unscaled@kappa_floor_link_flat15_nomargin,uncheatable,panel_oof,0,2,152,1.0448449314762889,
weibull_softplus_unscaled@kappa_floor_link_flat15_nomargin,uncheatable,panel_oof,0,2,154,1.075525530971485,
weibull_softplus_unscaled@kappa_floor_link_flat15_nomargin,uncheatable,panel_oof,0,2,157,1.1061601281929248,
weibull_softplus_unscaled@kappa_floor_link_flat15_nomargin,uncheatable,panel_oof,0,2,158,1.0633847591391208,
weibull_softplus_unscaled@kappa_floor_link_flat15_nomargin,uncheatable,panel_oof,0,2,160,1.0871144922789076,
weibull_softplus_unscaled@kappa_floor_link_flat15_nomargin,uncheatable,panel_oof,0,2,166,1.0645703574826944,
weibull_softplus_unscaled@kappa_floor_link_flat15_nomargin,uncheatable,panel_oof,0,2,172,1.0463016832720005,
weibull_softplus_unscaled@kappa_floor_link_flat15_nomargin,uncheatable,panel_oof,0,2,175,1.062272551366259,
weibull_softplus_unscaled@kappa_floor_link_flat15_nomargin,uncheatable,panel_oof,0,2,176,1.0480512885196047,
weibull_softplus_unscaled@kappa_floor_link_flat15_nomargin,uncheatable,panel_oof,0,2,182,1.0801607463782492,
weibull_softplus_unscaled@kappa_floor_link_flat15_nomargin,uncheatable,panel_oof,0,2,183,1.0721298654580327,
weibull_softplus_unscaled@kappa_floor_link_flat15_nomargin,uncheatable,panel_oof,0,2,196,1.112711843774207,
weibull_softplus_unscaled@kappa_floor_link_flat15_nomargin,uncheatable,panel_oof,0,2,198,1.0785307512594022,
weibull_softplus_unscaled@kappa_floor_link_flat15_nomargin,uncheatable,panel_oof,0,2,205,1.0782312230780768,
weibull_softplus_unscaled@kappa_floor_link_flat15_nomargin,uncheatable,panel_oof,0,2,211,1.0833755788387915,
weibull_softplus_unscaled@kappa_floor_link_flat15_nomargin,uncheatable,panel_oof,0,2,213,1.028998556278772,
weibull_softplus_unscaled@kappa_floor_link_flat15_nomargin,uncheatable,panel_oof,0,2,215,1.041521742321708,
weibull_softplus_unscaled@kappa_floor_link_flat15_nomargin,uncheatable,panel_oof,0,2,222,1.0537710026041989,
weibull_softplus_unscaled@kappa_floor_link_flat15_nomargin,uncheatable,panel_oof,0,2,224,1.1255742053074933,
weibull_softplus_unscaled@kappa_floor_link_flat15_nomargin,uncheatable,panel_oof,0,2,226,1.1006814296919898,
weibull_softplus_unscaled@kappa_floor_link_flat15_nomargin,uncheatable,panel_oof,0,2,227,1.056231742433186,
weibull_softplus_unscaled@kappa_floor_link_flat15_nomargin,uncheatable,panel_oof,0,2,229,1.0414513792662996,
weibull_softplus_unscaled@kappa_floor_link_flat15_nomargin,uncheatable,panel_oof,0,2,235,1.0605791073120656,
weibull_softplus_unscaled@kappa_floor_link_flat15_nomargin,uncheatable,panel_oof,0,2,236,1.0604825106158693,
weibull_softplus_unscaled@kappa_floor_link_flat15_nomargin,uncheatable,panel_oof,0,2,238,1.0687115582866882,
weibull_softplus_unscaled@kappa_floor_link_flat15_nomargin,uncheatable,panel_oof,0,3,2,1.093744528949022,
weibull_softplus_unscaled@kappa_floor_link_flat15_nomargin,uncheatable,panel_oof,0,3,4,1.0977860218474604,
weibull_softplus_unscaled@kappa_floor_link_flat15_nomargin,uncheatable,panel_oof,0,3,9,1.1175521494110676,
weibull_softplus_unscaled@kappa_floor_link_flat15_nomargin,uncheatable,panel_oof,0,3,11,1.0846549618865016,
weibull_softplus_unscaled@kappa_floor_link_flat15_nomargin,uncheatable,panel_oof,0,3,12,1.1161633954715033,
weibull_softplus_unscaled@kappa_floor_link_flat15_nomargin,uncheatable,panel_oof,0,3,13,1.0811017549879782,
weibull_softplus_unscaled@kappa_floor_link_flat15_nomargin,uncheatable,panel_oof,0,3,14,1.086413103657542,
weibull_softplus_unscaled@kappa_floor_link_flat15_nomargin,uncheatable,panel_oof,0,3,16,1.0463782053973052,
weibull_softplus_unscaled@kappa_floor_link_flat15_nomargin,uncheatable,panel_oof,0,3,17,1.1084701046447583,
weibull_softplus_unscaled@kappa_floor_link_flat15_nomargin,uncheatable,panel_oof,0,3,21,1.0847572969378256,
weibull_softplus_unscaled@kappa_floor_link_flat15_nomargin,uncheatable,panel_oof,0,3,22,1.0699252172733495,
weibull_softplus_unscaled@kappa_floor_link_flat15_nomargin,uncheatable,panel_oof,0,3,23,1.107807237444169,
weibull_softplus_unscaled@kappa_floor_link_flat15_nomargin,uncheatable,panel_oof,0,3,24,1.04067200033781,
weibull_softplus_unscaled@kappa_floor_link_flat15_nomargin,uncheatable,panel_oof,0,3,27,1.0651645092894957,
weibull_softplus_unscaled@kappa_floor_link_flat15_nomargin,uncheatable,panel_oof,0,3,32,1.0555809609805609,
weibull_softplus_unscaled@kappa_floor_link_flat15_nomargin,uncheatable,panel_oof,0,3,33,1.0738565550983163,
weibull_softplus_unscaled@kappa_floor_link_flat15_nomargin,uncheatable,panel_oof,0,3,36,1.0859775988213198,
weibull_softplus_unscaled@kappa_floor_link_flat15_nomargin,uncheatable,panel_oof,0,3,37,1.0623305703478483,
weibull_softplus_unscaled@kappa_floor_link_flat15_nomargin,uncheatable,panel_oof,0,3,38,1.0888381287235664,
weibull_softplus_unscaled@kappa_floor_link_flat15_nomargin,uncheatable,panel_oof,0,3,40,1.06757788038527,
weibull_softplus_unscaled@kappa_floor_link_flat15_nomargin,uncheatable,panel_oof,0,3,43,1.0900964208906472,
weibull_softplus_unscaled@kappa_floor_link_flat15_nomargin,uncheatable,panel_oof,0,3,44,1.110666365184802,
weibull_softplus_unscaled@kappa_floor_link_flat15_nomargin,uncheatable,panel_oof,0,3,45,1.0882525993126593,
weibull_softplus_unscaled@kappa_floor_link_flat15_nomargin,uncheatable,panel_oof,0,3,49,1.0797174241123062,
weibull_softplus_unscaled@kappa_floor_link_flat15_nomargin,uncheatable,panel_oof,0,3,50,1.0999504547913572,
weibull_softplus_unscaled@kappa_floor_link_flat15_nomargin,uncheatable,panel_oof,0,3,52,1.0721282307152196,
weibull_softplus_unscaled@kappa_floor_link_flat15_nomargin,uncheatable,panel_oof,0,3,53,1.0585361619592115,
weibull_softplus_unscaled@kappa_floor_link_flat15_nomargin,uncheatable,panel_oof,0,3,54,1.05281943912369,
weibull_softplus_unscaled@kappa_floor_link_flat15_nomargin,uncheatable,panel_oof,0,3,55,1.0569289607277454,
weibull_softplus_unscaled@kappa_floor_link_flat15_nomargin,uncheatable,panel_oof,0,3,58,1.1009198261726407,
weibull_softplus_unscaled@kappa_floor_link_flat15_nomargin,uncheatable,panel_oof,0,3,59,1.0541814625327453,
weibull_softplus_unscaled@kappa_floor_link_flat15_nomargin,uncheatable,panel_oof,0,3,61,1.0546846613860144,
weibull_softplus_unscaled@kappa_floor_link_flat15_nomargin,uncheatable,panel_oof,0,3,63,1.0471512272603456,
weibull_softplus_unscaled@kappa_floor_link_flat15_nomargin,uncheatable,panel_oof,0,3,64,1.1014128757882045,
weibull_softplus_unscaled@kappa_floor_link_flat15_nomargin,uncheatable,panel_oof,0,3,66,1.0844050709274753,
weibull_softplus_unscaled@kappa_floor_link_flat15_nomargin,uncheatable,panel_oof,0,3,67,1.0832240941740703,
weibull_softplus_unscaled@kappa_floor_link_flat15_nomargin,uncheatable,panel_oof,0,3,70,1.0895915251549504,
weibull_softplus_unscaled@kappa_floor_link_flat15_nomargin,uncheatable,panel_oof,0,3,71,1.089535744713565,
weibull_softplus_unscaled@kappa_floor_link_flat15_nomargin,uncheatable,panel_oof,0,3,72,1.0725483054383407,
weibull_softplus_unscaled@kappa_floor_link_flat15_nomargin,uncheatable,panel_oof,0,3,74,1.0692130335206813,
weibull_softplus_unscaled@kappa_floor_link_flat15_nomargin,uncheatable,panel_oof,0,3,75,1.0711176137996306,
weibull_softplus_unscaled@kappa_floor_link_flat15_nomargin,uncheatable,panel_oof,0,3,78,1.0785437934211801,
weibull_softplus_unscaled@kappa_floor_link_flat15_nomargin,uncheatable,panel_oof,0,3,85,1.0738013375683342,
weibull_softplus_unscaled@kappa_floor_link_flat15_nomargin,uncheatable,panel_oof,0,3,88,1.0941749471287807,
weibull_softplus_unscaled@kappa_floor_link_flat15_nomargin,uncheatable,panel_oof,0,3,89,1.0754051496428985,
weibull_softplus_unscaled@kappa_floor_link_flat15_nomargin,uncheatable,panel_oof,0,3,92,1.0539180635511127,
weibull_softplus_unscaled@kappa_floor_link_flat15_nomargin,uncheatable,panel_oof,0,3,93,1.0718573973310421,
weibull_softplus_unscaled@kappa_floor_link_flat15_nomargin,uncheatable,panel_oof,0,3,94,1.0590669858841397,
weibull_softplus_unscaled@kappa_floor_link_flat15_nomargin,uncheatable,panel_oof,0,3,95,1.0840644587846628,
weibull_softplus_unscaled@kappa_floor_link_flat15_nomargin,uncheatable,panel_oof,0,3,96,1.0778983689618937,
weibull_softplus_unscaled@kappa_floor_link_flat15_nomargin,uncheatable,panel_oof,0,3,97,1.0602592629874783,
weibull_softplus_unscaled@kappa_floor_link_flat15_nomargin,uncheatable,panel_oof,0,3,102,1.0602340940250923,
weibull_softplus_unscaled@kappa_floor_link_flat15_nomargin,uncheatable,panel_oof,0,3,108,1.0932168066067511,
weibull_softplus_unscaled@kappa_floor_link_flat15_nomargin,uncheatable,panel_oof,0,3,110,1.0773904335007756,
weibull_softplus_unscaled@kappa_floor_link_flat15_nomargin,uncheatable,panel_oof,0,3,111,1.0723619093313332,
weibull_softplus_unscaled@kappa_floor_link_flat15_nomargin,uncheatable,panel_oof,0,3,117,1.140613593411724,
weibull_softplus_unscaled@kappa_floor_link_flat15_nomargin,uncheatable,panel_oof,0,3,120,1.0665832093327343,
weibull_softplus_unscaled@kappa_floor_link_flat15_nomargin,uncheatable,panel_oof,0,3,121,1.0595261576591473,
weibull_softplus_unscaled@kappa_floor_link_flat15_nomargin,uncheatable,panel_oof,0,3,127,1.058170754525881,
weibull_softplus_unscaled@kappa_floor_link_flat15_nomargin,uncheatable,panel_oof,0,3,128,1.0884456271794956,
weibull_softplus_unscaled@kappa_floor_link_flat15_nomargin,uncheatable,panel_oof,0,3,129,1.070738587016315,
weibull_softplus_unscaled@kappa_floor_link_flat15_nomargin,uncheatable,panel_oof,0,3,130,1.0827137857018494,
weibull_softplus_unscaled@kappa_floor_link_flat15_nomargin,uncheatable,panel_oof,0,3,132,1.1249822591489003,
weibull_softplus_unscaled@kappa_floor_link_flat15_nomargin,uncheatable,panel_oof,0,3,139,1.0676359344992257,
weibull_softplus_unscaled@kappa_floor_link_flat15_nomargin,uncheatable,panel_oof,0,3,143,1.0930150717072797,
weibull_softplus_unscaled@kappa_floor_link_flat15_nomargin,uncheatable,panel_oof,0,3,146,1.1006989897540786,
weibull_softplus_unscaled@kappa_floor_link_flat15_nomargin,uncheatable,panel_oof,0,3,148,1.0587026729434317,
weibull_softplus_unscaled@kappa_floor_link_flat15_nomargin,uncheatable,panel_oof,0,3,149,1.1171394758663287,
weibull_softplus_unscaled@kappa_floor_link_flat15_nomargin,uncheatable,panel_oof,0,3,150,1.0870509467452947,
weibull_softplus_unscaled@kappa_floor_link_flat15_nomargin,uncheatable,panel_oof,0,3,153,1.0951173666620808,
weibull_softplus_unscaled@kappa_floor_link_flat15_nomargin,uncheatable,panel_oof,0,3,156,1.0561997069938387,
weibull_softplus_unscaled@kappa_floor_link_flat15_nomargin,uncheatable,panel_oof,0,3,159,1.0781439194065228,
weibull_softplus_unscaled@kappa_floor_link_flat15_nomargin,uncheatable,panel_oof,0,3,161,1.1243609736025,
weibull_softplus_unscaled@kappa_floor_link_flat15_nomargin,uncheatable,panel_oof,0,3,164,1.0812147327610224,
weibull_softplus_unscaled@kappa_floor_link_flat15_nomargin,uncheatable,panel_oof,0,3,167,1.0775768262479946,
weibull_softplus_unscaled@kappa_floor_link_flat15_nomargin,uncheatable,panel_oof,0,3,170,1.0719779061423678,
weibull_softplus_unscaled@kappa_floor_link_flat15_nomargin,uncheatable,panel_oof,0,3,173,1.0771577188533143,
weibull_softplus_unscaled@kappa_floor_link_flat15_nomargin,uncheatable,panel_oof,0,3,174,1.0576056994573853,
weibull_softplus_unscaled@kappa_floor_link_flat15_nomargin,uncheatable,panel_oof,0,3,177,1.063226887216418,
weibull_softplus_unscaled@kappa_floor_link_flat15_nomargin,uncheatable,panel_oof,0,3,180,1.0680054911150951,
weibull_softplus_unscaled@kappa_floor_link_flat15_nomargin,uncheatable,panel_oof,0,3,181,1.0943030496939536,
weibull_softplus_unscaled@kappa_floor_link_flat15_nomargin,uncheatable,panel_oof,0,3,184,1.05451393467379,
weibull_softplus_unscaled@kappa_floor_link_flat15_nomargin,uncheatable,panel_oof,0,3,185,1.0727678995165444,
weibull_softplus_unscaled@kappa_floor_link_flat15_nomargin,uncheatable,panel_oof,0,3,189,1.0773443843420738,
weibull_softplus_unscaled@kappa_floor_link_flat15_nomargin,uncheatable,panel_oof,0,3,190,1.0759028488921611,
weibull_softplus_unscaled@kappa_floor_link_flat15_nomargin,uncheatable,panel_oof,0,3,192,1.0437002493605851,
weibull_softplus_unscaled@kappa_floor_link_flat15_nomargin,uncheatable,panel_oof,0,3,194,1.05869462469138,
weibull_softplus_unscaled@kappa_floor_link_flat15_nomargin,uncheatable,panel_oof,0,3,201,1.033550348215698,
weibull_softplus_unscaled@kappa_floor_link_flat15_nomargin,uncheatable,panel_oof,0,3,203,1.0553119612218462,
weibull_softplus_unscaled@kappa_floor_link_flat15_nomargin,uncheatable,panel_oof,0,3,204,1.0735887231040864,
weibull_softplus_unscaled@kappa_floor_link_flat15_nomargin,uncheatable,panel_oof,0,3,206,1.0573984835870245,
weibull_softplus_unscaled@kappa_floor_link_flat15_nomargin,uncheatable,panel_oof,0,3,214,1.0645302915256556,
weibull_softplus_unscaled@kappa_floor_link_flat15_nomargin,uncheatable,panel_oof,0,3,218,1.036250989171371,
weibull_softplus_unscaled@kappa_floor_link_flat15_nomargin,uncheatable,panel_oof,0,3,225,1.0856582903104586,
weibull_softplus_unscaled@kappa_floor_link_flat15_nomargin,uncheatable,panel_oof,0,3,228,1.0564720624595458,
weibull_softplus_unscaled@kappa_floor_link_flat15_nomargin,uncheatable,panel_oof,0,3,232,1.0806952263063936,
weibull_softplus_unscaled@kappa_floor_link_flat15_nomargin,uncheatable,panel_oof,0,3,234,1.0809831718431488,
weibull_softplus_unscaled@kappa_floor_link_flat15_nomargin,uncheatable,panel_oof,0,3,240,1.0353791926096452,
weibull_softplus_unscaled@kappa_floor_link_flat15_nomargin,uncheatable,panel_oof,0,4,18,1.0777774478226092,
weibull_softplus_unscaled@kappa_floor_link_flat15_nomargin,uncheatable,panel_oof,0,4,19,1.0959937548090357,
weibull_softplus_unscaled@kappa_floor_link_flat15_nomargin,uncheatable,panel_oof,0,4,28,1.1273317700154801,
weibull_softplus_unscaled@kappa_floor_link_flat15_nomargin,uncheatable,panel_oof,0,4,31,1.0627236712434276,
weibull_softplus_unscaled@kappa_floor_link_flat15_nomargin,uncheatable,panel_oof,0,4,42,1.054436466441262,
weibull_softplus_unscaled@kappa_floor_link_flat15_nomargin,uncheatable,panel_oof,0,4,47,1.0686268141647584,
weibull_softplus_unscaled@kappa_floor_link_flat15_nomargin,uncheatable,panel_oof,0,4,60,1.0552419026885054,
weibull_softplus_unscaled@kappa_floor_link_flat15_nomargin,uncheatable,panel_oof,0,4,76,1.1270060057696805,
weibull_softplus_unscaled@kappa_floor_link_flat15_nomargin,uncheatable,panel_oof,0,4,77,1.09207996818404,
weibull_softplus_unscaled@kappa_floor_link_flat15_nomargin,uncheatable,panel_oof,0,4,80,1.0828002770960699,
weibull_softplus_unscaled@kappa_floor_link_flat15_nomargin,uncheatable,panel_oof,0,4,82,1.062697790724441,
weibull_softplus_unscaled@kappa_floor_link_flat15_nomargin,uncheatable,panel_oof,0,4,103,1.107228136618264,
weibull_softplus_unscaled@kappa_floor_link_flat15_nomargin,uncheatable,panel_oof,0,4,104,1.090758520081645,
weibull_softplus_unscaled@kappa_floor_link_flat15_nomargin,uncheatable,panel_oof,0,4,114,1.0726591462391113,
weibull_softplus_unscaled@kappa_floor_link_flat15_nomargin,uncheatable,panel_oof,0,4,118,1.066708911866367,
weibull_softplus_unscaled@kappa_floor_link_flat15_nomargin,uncheatable,panel_oof,0,4,125,1.0078415209816172,
weibull_softplus_unscaled@kappa_floor_link_flat15_nomargin,uncheatable,panel_oof,0,4,131,1.0635382662440738,
weibull_softplus_unscaled@kappa_floor_link_flat15_nomargin,uncheatable,panel_oof,0,4,155,1.0534713377734604,
weibull_softplus_unscaled@kappa_floor_link_flat15_nomargin,uncheatable,panel_oof,0,4,162,1.0650749448345929,
weibull_softplus_unscaled@kappa_floor_link_flat15_nomargin,uncheatable,panel_oof,0,4,168,1.020425187669339,
weibull_softplus_unscaled@kappa_floor_link_flat15_nomargin,uncheatable,panel_oof,0,4,178,1.0298321283433993,
weibull_softplus_unscaled@kappa_floor_link_flat15_nomargin,uncheatable,panel_oof,0,4,179,1.0949387495260505,
weibull_softplus_unscaled@kappa_floor_link_flat15_nomargin,uncheatable,panel_oof,0,4,186,1.0553958220085677,
weibull_softplus_unscaled@kappa_floor_link_flat15_nomargin,uncheatable,panel_oof,0,4,193,1.0661685517668011,
weibull_softplus_unscaled@kappa_floor_link_flat15_nomargin,uncheatable,panel_oof,0,4,199,1.07657053411016,
weibull_softplus_unscaled@kappa_floor_link_flat15_nomargin,uncheatable,panel_oof,0,4,202,1.0627137955224493,
weibull_softplus_unscaled@kappa_floor_link_flat15_nomargin,uncheatable,panel_oof,0,4,207,1.0879462063251149,
weibull_softplus_unscaled@kappa_floor_link_flat15_nomargin,uncheatable,panel_oof,0,4,212,1.0740394893566645,
weibull_softplus_unscaled@kappa_floor_link_flat15_nomargin,uncheatable,panel_oof,0,4,216,1.0736786594446768,
weibull_softplus_unscaled@kappa_floor_link_flat15_nomargin,uncheatable,panel_oof,0,4,221,1.0521686330832105,
weibull_softplus_unscaled@kappa_floor_link_flat15_nomargin,uncheatable,panel_oof,0,4,230,1.0504289610975348,
weibull_softplus_unscaled@kappa_floor_link_flat15_nomargin,uncheatable,panel_oof,0,4,231,1.0644998189455048,
weibull_softplus_unscaled@kappa_floor_link_flat15_nomargin,uncheatable,panel_oof,0,4,239,1.0738747260895662,
weibull_softplus_unscaled@kappa_floor_link_flat15_nomargin,uncheatable,external_development,0,-1,delphi_3e18_39bucket:0066da643d35e694a311d26516399114a1c69adba1f7795b773b704d93c0e945,1.0533364747664595,0.0011308917100959243
weibull_softplus_unscaled@kappa_floor_link_flat15_nomargin,uncheatable,external_development,0,-1,delphi_3e18_39bucket:015ce47db7b4ac2a312c1dfa614d699adb8526230f5a7355c112e4e546f4bb96,1.0368306071435767,0.0009485188278363559
weibull_softplus_unscaled@kappa_floor_link_flat15_nomargin,uncheatable,external_development,0,-1,delphi_3e18_39bucket:01985d1f15bebd8fef77b5150d00df90b1460ff11f8dbeb34a83d3755d4831ca,0.999107119592704,0.0014877662966294573
weibull_softplus_unscaled@kappa_floor_link_flat15_nomargin,uncheatable,external_development,0,-1,delphi_3e18_39bucket:02c70e578e5784e551eefe679886439d9c803cedd53b283f3333a0c5fbe3e5cf,1.044732256157263,0.000824233955217553
weibull_softplus_unscaled@kappa_floor_link_flat15_nomargin,uncheatable,external_development,0,-1,delphi_3e18_39bucket:037a604380dcbb0bd031ab6fe4d27d6f859ec425fb267f14b984c1fb545aefe5,1.0420678052033725,0.0010195862629902301
weibull_softplus_unscaled@kappa_floor_link_flat15_nomargin,uncheatable,external_development,0,-1,delphi_3e18_39bucket:039e773502afbad67dfd37ee20068668a2092188b0245ddd91d40a1560e905f6,1.0074267029808621,0.0014534533397498866
weibull_softplus_unscaled@kappa_floor_link_flat15_nomargin,uncheatable,external_development,0,-1,delphi_3e18_39bucket:06d61998a2b7fe732abe0607cc0fc7812e544c3828ed26a47d4283ddb7891cb9,1.0374053396600873,0.000988098119766749
weibull_softplus_unscaled@kappa_floor_link_flat15_nomargin,uncheatable,external_development,0,-1,delphi_3e18_39bucket:06f1f5c4286bcf9fe2c2ccf5d91303fe3cf919c815f3a926d5a2ff3de43fc683,1.045527351831121,0.0011967586950564133
weibull_softplus_unscaled@kappa_floor_link_flat15_nomargin,uncheatable,external_development,0,-1,delphi_3e18_39bucket:073bad81517f75d40c9eb877348b38c8734b28dc6cb239c2089c9c35e9510223,1.0004089416185558,0.001770745489267216
weibull_softplus_unscaled@kappa_floor_link_flat15_nomargin,uncheatable,external_development,0,-1,delphi_3e18_39bucket:0788d5de28276914dae1c6388f1ab105867ad1d4a087d52bf0b8519d80129c89,1.037179413036196,0.000852772289339548
weibull_softplus_unscaled@kappa_floor_link_flat15_nomargin,uncheatable,external_development,0,-1,delphi_3e18_39bucket:07ec2043780a0d9df429ba7b4f371cf9415daa1341f5b29b929b522684e38b91,1.0327595188984842,0.0029242472054169604
weibull_softplus_unscaled@kappa_floor_link_flat15_nomargin,uncheatable,external_development,0,-1,delphi_3e18_39bucket:081b3e9c9806710005689ad55a35ca2b5545880488e77cee8042740337e79dfd,0.9915680884138443,0.0025088450791509584
weibull_softplus_unscaled@kappa_floor_link_flat15_nomargin,uncheatable,external_development,0,-1,delphi_3e18_39bucket:082fedafa9e0b95f220f553903813794bb9dc21b592587587dd5fa4dca612f6c,1.0610945719352594,0.0015214603526825733
weibull_softplus_unscaled@kappa_floor_link_flat15_nomargin,uncheatable,external_development,0,-1,delphi_3e18_39bucket:0849e8468f1ed33aa84061be6ed119421f912af5683193c8b0f037cee11a3763,1.0417353884598155,0.0010974785875605653
weibull_softplus_unscaled@kappa_floor_link_flat15_nomargin,uncheatable,external_development,0,-1,delphi_3e18_39bucket:090b9d521ba31e364d7c8479c9c8b5369806b9c8557af616f883945e0307ccfb,0.9865686729488661,0.0021530545379811333
weibull_softplus_unscaled@kappa_floor_link_flat15_nomargin,uncheatable,external_development,0,-1,delphi_3e18_39bucket:095c671d2e8d76d30acb22a88707854961f0bd8fa702605dcc65c6c64231b117,1.038636129484737,0.0011009735411242829
weibull_softplus_unscaled@kappa_floor_link_flat15_nomargin,uncheatable,external_development,0,-1,delphi_3e18_39bucket:09ab1aa79a519d8cbef31696066513a006253831fb687b610438ea9b39faef2c,1.0536594661310614,0.0018063914024541035
weibull_softplus_unscaled@kappa_floor_link_flat15_nomargin,uncheatable,external_development,0,-1,delphi_3e18_39bucket:09de561eed4cac3d6052c3e7ccd15b7d2bf21ffe6620953c40d04597b793517c,0.9912823628064831,0.0019333554812780704
weibull_softplus_unscaled@kappa_floor_link_flat15_nomargin,uncheatable,external_development,0,-1,delphi_3e18_39bucket:0a4c90180e2e9f06b17432216267636bc90d169f9f68bad8b789d271cb541e26,1.0220862224344804,0.0012399227905870052
weibull_softplus_unscaled@kappa_floor_link_flat15_nomargin,uncheatable,external_development,0,-1,delphi_3e18_39bucket:0a69a64824dbbec7bffe6fbd96bf614be79fa346a55fb8dad697d2aed91a31fe,0.9951738750028245,0.003015359962681618
weibull_softplus_unscaled@kappa_floor_link_flat15_nomargin,uncheatable,external_development,0,-1,delphi_3e18_39bucket:0bdc7ed5abac4cf71f3695dd33cb4ebeb179a0cbf41d9859e4d47fa71dcc9890,1.0384017064053657,0.0010477639656379842
weibull_softplus_unscaled@kappa_floor_link_flat15_nomargin,uncheatable,external_development,0,-1,delphi_3e18_39bucket:0c6db73ff59b9cdac2e2428761ffc68d8764b26faefabce9cdbe0ad6133514fb,1.010135389270618,0.0011013658264496674
weibull_softplus_unscaled@kappa_floor_link_flat15_nomargin,uncheatable,external_development,0,-1,delphi_3e18_39bucket:0c87eb28b1c95ec40d341aff414b3e73bc9300563def3b5d974082fe44509895,1.0383334946590903,0.0009716989786157473
weibull_softplus_unscaled@kappa_floor_link_flat15_nomargin,uncheatable,external_development,0,-1,delphi_3e18_39bucket:0ceaf50f71a5360954adeab2244cb20579f98a42ad87a9a61d09e18433fe7860,1.0368938886303565,0.0009545771886212748
weibull_softplus_unscaled@kappa_floor_link_flat15_nomargin,uncheatable,external_development,0,-1,delphi_3e18_39bucket:0d019862e6437cdaea853e5908403f80164cfeaa2305fa7fbfaafa4c22decd1c,1.0534134249507292,0.0014536388121962965
weibull_softplus_unscaled@kappa_floor_link_flat15_nomargin,uncheatable,external_development,0,-1,delphi_3e18_39bucket:0da14a6e57c138c21227eebbd44f186ea18272987a7f24f9edce875f3f5c35b2,1.0365330702590927,0.0006736479498121668
weibull_softplus_unscaled@kappa_floor_link_flat15_nomargin,uncheatable,external_development,0,-1,delphi_3e18_39bucket:0fb57d38488e9d032a8a2d6e385eebbe0bb87510b042d12426a68166e3ec53b2,1.0098659316248724,0.0010534972068142363
weibull_softplus_unscaled@kappa_floor_link_flat15_nomargin,uncheatable,external_development,0,-1,delphi_3e18_39bucket:0feea1b96a7083ed86e477633fc1c9df6d6198dd4ea8753a30f116ddbf453981,1.054050175097015,0.0009490107959750586
weibull_softplus_unscaled@kappa_floor_link_flat15_nomargin,uncheatable,external_development,0,-1,delphi_3e18_39bucket:100cd66fd89a88c77157afcbddc20547cc115238f2281abf552b8c0d0374cc36,1.0534089593366485,0.0017671222145394156
weibull_softplus_unscaled@kappa_floor_link_flat15_nomargin,uncheatable,external_development,0,-1,delphi_3e18_39bucket:115087d05bce1abc0d1e7590a4cc0b36b643cd94c47ca5e044580bd8ff9fa514,0.9898189564343883,0.00264905800703509
weibull_softplus_unscaled@kappa_floor_link_flat15_nomargin,uncheatable,external_development,0,-1,delphi_3e18_39bucket:11779cf375492aed45ded6491e0158468a427484e8fd2f0823363b5961fadc1f,1.038598536622671,0.001018224880710158
weibull_softplus_unscaled@kappa_floor_link_flat15_nomargin,uncheatable,external_development,0,-1,delphi_3e18_39bucket:1186365305df843132a2b49cf1f4f3279bc6792218502b2ddb658ff6a8909811,1.0450151629114455,0.0011988586742362468
weibull_softplus_unscaled@kappa_floor_link_flat15_nomargin,uncheatable,external_development,0,-1,delphi_3e18_39bucket:12d604c09575e6918d0c5273fb68b7ac720021d46bd7bf002aec8f2e388e7d73,1.0381184608360359,0.0009175467808266348
weibull_softplus_unscaled@kappa_floor_link_flat15_nomargin,uncheatable,external_development,0,-1,delphi_3e18_39bucket:135c4820815edaaf0da56c8dc5f7697728f00c530e1af6d5c97db7883c693f3b,1.038016870444229,0.000895120213670008
weibull_softplus_unscaled@kappa_floor_link_flat15_nomargin,uncheatable,external_development,0,-1,delphi_3e18_39bucket:14ae27b209bb3f3e584f2a754f2f606b14c6a91a854a6960f5f2002189a9c63f,1.0002997116727244,0.0018898851097691265
weibull_softplus_unscaled@kappa_floor_link_flat15_nomargin,uncheatable,external_development,0,-1,delphi_3e18_39bucket:1583e0fcd8684efdb53f5dba40c3ee266a316d16da17c423933aa17c59399bb4,0.9938966793354531,0.00270807761261275
weibull_softplus_unscaled@kappa_floor_link_flat15_nomargin,uncheatable,external_development,0,-1,delphi_3e18_39bucket:15c3e3115300d4216bc495f2d6a911ae81e09297053b4e3fd8413b93b1724706,1.0380070057645017,0.0010199710371196098
weibull_softplus_unscaled@kappa_floor_link_flat15_nomargin,uncheatable,external_development,0,-1,delphi_3e18_39bucket:15cefcc71eaf2cb32279921de35d7fd07a1c62a60826b15c7da6d9680aca7d5a,1.0443457103147105,0.0012326648824403142
weibull_softplus_unscaled@kappa_floor_link_flat15_nomargin,uncheatable,external_development,0,-1,delphi_3e18_39bucket:168c44d2006162a6a570833acdedfc0e9cbace3ee8b4582d93c0d17b9a8f62dc,1.0383353663192718,0.0010773384693194958
weibull_softplus_unscaled@kappa_floor_link_flat15_nomargin,uncheatable,external_development,0,-1,delphi_3e18_39bucket:16d569d49dc699da09d873f84439c1b3d09b1fb0a49da1a014bdd6055ed7e867,1.0189739940874902,0.001571853765366528
weibull_softplus_unscaled@kappa_floor_link_flat15_nomargin,uncheatable,external_development,0,-1,delphi_3e18_39bucket:180f3fe5f075a653053c6abb3614d3d97e4e8bd81a9bf3339b610420a3e507e1,1.0246776468547039,0.005678756835261969
weibull_softplus_unscaled@kappa_floor_link_flat15_nomargin,uncheatable,external_development,0,-1,delphi_3e18_39bucket:18a99a3351245092d3769f803d6ed42ad1446d61d00a6145d3ab0f7eb370ad43,1.0349869653009633,0.0007874842090183032
weibull_softplus_unscaled@kappa_floor_link_flat15_nomargin,uncheatable,external_development,0,-1,delphi_3e18_39bucket:19e6d0a05b7cc0e501b20e580b9d694acf4b47aafcdbc8afc3840bc26b8e9183,1.0326261351488015,0.000626395939532154
weibull_softplus_unscaled@kappa_floor_link_flat15_nomargin,uncheatable,external_development,0,-1,delphi_3e18_39bucket:1abe87613ee3136eb10062b5549438b1593f06bc22629e4f06a79dc512925a09,0.9911024275815165,0.002366922388073244
weibull_softplus_unscaled@kappa_floor_link_flat15_nomargin,uncheatable,external_development,0,-1,delphi_3e18_39bucket:1bd2258fc50c2f2300cfee3ccf288fcf65b55a83f6f4e754166ad83968fd2bc5,1.0400301390127051,0.0012265859799923118
weibull_softplus_unscaled@kappa_floor_link_flat15_nomargin,uncheatable,external_development,0,-1,delphi_3e18_39bucket:1c82f47a17303f1c725bb67357c5df989e689eab6ce331e314ec3f25166ddb7f,1.0301492798439906,0.0004309664288867486
weibull_softplus_unscaled@kappa_floor_link_flat15_nomargin,uncheatable,external_development,0,-1,delphi_3e18_39bucket:1f764babd33705edc89b9384b3ade86c50adefb121d72a48eead725f2f99fdbb,1.0475792229160166,0.0006839155154178215
weibull_softplus_unscaled@kappa_floor_link_flat15_nomargin,uncheatable,external_development,0,-1,delphi_3e18_39bucket:1fe407b2a7e4115cdc2112c39a9854a82c434b11738b0b2dd1f7b59520c84b02,1.0334234203540258,0.0006072804204461033
weibull_softplus_unscaled@kappa_floor_link_flat15_nomargin,uncheatable,external_development,0,-1,delphi_3e18_39bucket:202a3f2963f0ed3ef838aa9f839dd983ff320011e5f90369bb10036d62d3bf07,1.0380703796781687,0.0013530845406314756
weibull_softplus_unscaled@kappa_floor_link_flat15_nomargin,uncheatable,external_development,0,-1,delphi_3e18_39bucket:2128777c4bf7443fc7122204d45cffef5ed9ca0a3758737f512f8ac019f2614e,1.044326300193656,0.0011546466085566767
weibull_softplus_unscaled@kappa_floor_link_flat15_nomargin,uncheatable,external_development,0,-1,delphi_3e18_39bucket:217fcc24bb6f19269acad2fd83783863fb8c38fe10b23c82e8d4650e3c20af96,1.0029269260467981,0.0037364354328889332
weibull_softplus_unscaled@kappa_floor_link_flat15_nomargin,uncheatable,external_development,0,-1,delphi_3e18_39bucket:2217566357ae6eb4d1e0a63ed7d1b5f74bf85feb4a34fc2294075abf4779dc8a,0.9957062990728696,0.004505384285690925
weibull_softplus_unscaled@kappa_floor_link_flat15_nomargin,uncheatable,external_development,0,-1,delphi_3e18_39bucket:22435fb72d5378f38e67f149c5327cefd8299de7f2802d207068e148a654d87a,0.9949007971191051,0.002985113004459778
weibull_softplus_unscaled@kappa_floor_link_flat15_nomargin,uncheatable,external_development,0,-1,delphi_3e18_39bucket:22a7988dd0f948879fe6e14a81339e522012c662009155e7f837141a0aedb54d,1.0411588239912464,0.001039288091663862
weibull_softplus_unscaled@kappa_floor_link_flat15_nomargin,uncheatable,external_development,0,-1,delphi_3e18_39bucket:24181403664e888f5ff00f929ba54136d4c20243873de0479bbadd0a903d7e2e,1.0469210196386451,0.0011742696519404525
weibull_softplus_unscaled@kappa_floor_link_flat15_nomargin,uncheatable,external_development,0,-1,delphi_3e18_39bucket:244c4cf1cc1aff8a4fa4a6620ac3c4e89194a0edec3d369e2d5c5a3ffc611fbd,1.0359659079115193,0.0008589977814525846
weibull_softplus_unscaled@kappa_floor_link_flat15_nomargin,uncheatable,external_development,0,-1,delphi_3e18_39bucket:24a04b7131ccb2123cd83ebdebea1822f4208833dbaa020fb854f48dfeb82baa,1.0372468333216607,0.0008236815157765964
weibull_softplus_unscaled@kappa_floor_link_flat15_nomargin,uncheatable,external_development,0,-1,delphi_3e18_39bucket:257cf9d7063698fc7195b8f86bda6fdb70aa44cc6560c09437872f7afc15b3c7,1.0373078477764675,0.0008869775563718617
weibull_softplus_unscaled@kappa_floor_link_flat15_nomargin,uncheatable,external_development,0,-1,delphi_3e18_39bucket:2805171d708ffa47ad55eebdded48bbe9184de34aaa01c764857896330bd5ed8,0.9935374650056916,0.0022700519300030563
weibull_softplus_unscaled@kappa_floor_link_flat15_nomargin,uncheatable,external_development,0,-1,delphi_3e18_39bucket:282bea38b4b390edde05c433f2aa287cb076b5c90b87ddfff2ac785476ee2a80,1.0444491267890068,0.0029058605228992574
weibull_softplus_unscaled@kappa_floor_link_flat15_nomargin,uncheatable,external_development,0,-1,delphi_3e18_39bucket:28e9f00790cb0f3bd8eab6e67ab5ed390d4a8f9511b50e2c3b127fed84907f83,1.0372087206824758,0.0009620795046794723
weibull_softplus_unscaled@kappa_floor_link_flat15_nomargin,uncheatable,external_development,0,-1,delphi_3e18_39bucket:29879913509e18c14302d4122cd80d460dbe36a86de1b841546532b10ae498e9,0.9972777562256951,0.0032222255866501616
weibull_softplus_unscaled@kappa_floor_link_flat15_nomargin,uncheatable,external_development,0,-1,delphi_3e18_39bucket:299a6f250e2580967240f5ac6e8f3e6810fda3f8762c8a4f373c4b03d7aee9b1,1.0460374148071283,0.0012785216551905833
weibull_softplus_unscaled@kappa_floor_link_flat15_nomargin,uncheatable,external_development,0,-1,delphi_3e18_39bucket:2a97310a9690d4c4d3fba3c8cf2f4c53bec70f4ee6e7bc2798951d5fce110b5c,1.0368105916666441,0.0009177534939316663
weibull_softplus_unscaled@kappa_floor_link_flat15_nomargin,uncheatable,external_development,0,-1,delphi_3e18_39bucket:2b4110349a3372d8cdd796df984fe3dd3f6933ac30c77acc1b554a35885f884f,1.0345924812953333,0.0009153361088817785
weibull_softplus_unscaled@kappa_floor_link_flat15_nomargin,uncheatable,external_development,0,-1,delphi_3e18_39bucket:2b989adc23ee2e9de7f2785a0f77bb06f18f1c8af0a8159044271123a563cdb9,0.9969687159063645,0.002370168971607865
weibull_softplus_unscaled@kappa_floor_link_flat15_nomargin,uncheatable,external_development,0,-1,delphi_3e18_39bucket:2ce3f8060361ed87fadf5817cc4086427964c54e0a33c206fcb381675b97ea5f,1.0374240851816952,0.0009871274646562867
weibull_softplus_unscaled@kappa_floor_link_flat15_nomargin,uncheatable,external_development,0,-1,delphi_3e18_39bucket:2e081ca88a4ffb992e9ae7b70b9b191276a26b63479089cd5b158410e587852e,1.0207370022746027,0.0006488309403902627
weibull_softplus_unscaled@kappa_floor_link_flat15_nomargin,uncheatable,external_development,0,-1,delphi_3e18_39bucket:2e1738bd99d25f424f7d12a0418d3b95df9b3cb8832b62a765de68ab5fdfe411,1.039716153155229,0.002726266111949582
weibull_softplus_unscaled@kappa_floor_link_flat15_nomargin,uncheatable,external_development,0,-1,delphi_3e18_39bucket:2f021c092554cc1c442218ef631eef0b2b67a217256c18aa0380762934be6ef9,0.9916540850683138,0.002268974081764242
weibull_softplus_unscaled@kappa_floor_link_flat15_nomargin,uncheatable,external_development,0,-1,delphi_3e18_39bucket:2fd7ffa44744c71d0e734f0e0d4f05d854c74467a9c167f25018fd17cfe99306,1.0274646494270387,0.0005248287793722731
weibull_softplus_unscaled@kappa_floor_link_flat15_nomargin,uncheatable,external_development,0,-1,delphi_3e18_39bucket:303bf27116162aaf5aad23c1dceb815464d35b45e7e0b3d737d78f0e445a7c48,1.013608325918681,0.0007614431123686824
weibull_softplus_unscaled@kappa_floor_link_flat15_nomargin,uncheatable,external_development,0,-1,delphi_3e18_39bucket:307e2ea17fda955025a3eb6f93191ebffc2a9ec7af3c27ab44f0b073b39a03a0,1.0209034201411833,0.005599114690533599
weibull_softplus_unscaled@kappa_floor_link_flat15_nomargin,uncheatable,external_development,0,-1,delphi_3e18_39bucket:3277a3d2dd0f9018971fbcb563df43c5c3d38d364fb0a15494e2fde4c841ab06,1.0380579123579476,0.0010291208127827531
weibull_softplus_unscaled@kappa_floor_link_flat15_nomargin,uncheatable,external_development,0,-1,delphi_3e18_39bucket:329d432004aa55ff655af8af17bade03a9b3dd241ea3c9e87a7dbbeb1dc1b1d6,1.0339711784362295,0.0007486918366467197
weibull_softplus_unscaled@kappa_floor_link_flat15_nomargin,uncheatable,external_development,0,-1,delphi_3e18_39bucket:3398acf60037cd5b4392f15953e36c3f7d33dfa5fb55428c42d6dc324f33ee6d,1.0455368155397728,0.0009979228022574313
weibull_softplus_unscaled@kappa_floor_link_flat15_nomargin,uncheatable,external_development,0,-1,delphi_3e18_39bucket:3614e5ff6454c53dc1b4848cee125d2bf986629dee4783b90415bc92736347a1,0.9839529497710255,0.0015902375609506624
weibull_softplus_unscaled@kappa_floor_link_flat15_nomargin,uncheatable,external_development,0,-1,delphi_3e18_39bucket:36c1fb12dabe2ea3b14dcba0b6662780fe8c2edd811e604dc693d72ef1aad4b2,1.0515784447037322,0.001253443533136433
weibull_softplus_unscaled@kappa_floor_link_flat15_nomargin,uncheatable,external_development,0,-1,delphi_3e18_39bucket:378ccee7c37fc46dc3d8e46e4b4332bddd5bd6559bdcb485d925508370a96bfe,1.037210383971564,0.0007365946461488812
weibull_softplus_unscaled@kappa_floor_link_flat15_nomargin,uncheatable,external_development,0,-1,delphi_3e18_39bucket:38b51fbcfa5c77121be6726dc68a28ce5ab9452aefd61be07d82e359fbdedf79,0.9836330465204985,0.0019553079052186746
weibull_softplus_unscaled@kappa_floor_link_flat15_nomargin,uncheatable,external_development,0,-1,delphi_3e18_39bucket:391b0859fe53bf6c9da14d9694a7f85f766f8d8225b48942c840d1f3bebe7876,0.996373699833103,0.0019836268288994123
weibull_softplus_unscaled@kappa_floor_link_flat15_nomargin,uncheatable,external_development,0,-1,delphi_3e18_39bucket:391d81c8e67fe577eba6e9ee08f60d31bf3c4e751a772944fa9e620fd84cebdb,1.020782247039329,0.0013120985492585144
weibull_softplus_unscaled@kappa_floor_link_flat15_nomargin,uncheatable,external_development,0,-1,delphi_3e18_39bucket:39df5a66a6bcbdc5f52f9f37dfd15b1fdd08a415743db8fb17cc8b0512ac963f,1.065577142023344,0.0031984769218130235
weibull_softplus_unscaled@kappa_floor_link_flat15_nomargin,uncheatable,external_development,0,-1,delphi_3e18_39bucket:3a337cea08c5cd9c8a8b50d435117d13ca5818fbfbab1e6a87ff1e567e25c835,1.0385394316504137,0.001049398962685371
weibull_softplus_unscaled@kappa_floor_link_flat15_nomargin,uncheatable,external_development,0,-1,delphi_3e18_39bucket:3c5d1d0ddb5500239d26944a313e0c966e43abfabc203fcdb07d5db66f8dc712,0.9944040951770496,0.002655982064596336
weibull_softplus_unscaled@kappa_floor_link_flat15_nomargin,uncheatable,external_development,0,-1,delphi_3e18_39bucket:3d3cd30314fd09b91f22ba82b732e228369abd03b55a27da937e0bca5a083a0a,1.0350401126973332,0.0008184851459398617
weibull_softplus_unscaled@kappa_floor_link_flat15_nomargin,uncheatable,external_development,0,-1,delphi_3e18_39bucket:3d45f3bc22316f2c3a26d5af2662f5cc5b2e1214d7bf88bc7dfa2b034b89b076,0.9912275270620408,0.0023559265531214344
weibull_softplus_unscaled@kappa_floor_link_flat15_nomargin,uncheatable,external_development,0,-1,delphi_3e18_39bucket:3d7af05751d62a9d5ef924d05c8f988d625bdd60428e935601184be98b0ac0df,1.0400619524741814,0.0010356952081233054
weibull_softplus_unscaled@kappa_floor_link_flat15_nomargin,uncheatable,external_development,0,-1,delphi_3e18_39bucket:3de18a523f9dbadd83062cb454ad019820e391183b58003dd91dda53a4b13e1b,1.0971836164475115,0.010959926048409934
weibull_softplus_unscaled@kappa_floor_link_flat15_nomargin,uncheatable,external_development,0,-1,delphi_3e18_39bucket:3ec760a2d3f08ec7acbde5dd5b70f25acbb174767b5f8e54d028852120660c2d,0.9951095923339978,0.0026235134829093935
weibull_softplus_unscaled@kappa_floor_link_flat15_nomargin,uncheatable,external_development,0,-1,delphi_3e18_39bucket:3f18082665844ac4fa26e9c9e87ec9528a72d448eff278e6eb0fb7e1d4dc39bc,1.0029773863534015,0.0014049167931752566
weibull_softplus_unscaled@kappa_floor_link_flat15_nomargin,uncheatable,external_development,0,-1,delphi_3e18_39bucket:410691cfb41376383b24b9260d41e57810fbaa6978569d90f35459312770dd15,1.044512230033102,0.0007499465028939608
weibull_softplus_unscaled@kappa_floor_link_flat15_nomargin,uncheatable,external_development,0,-1,delphi_3e18_39bucket:4148bb820fc709c78f6daf88c6822b7f28c7d1aba87c815125bab9cc0c715d32,1.0383184666639216,0.007268342074089029
weibull_softplus_unscaled@kappa_floor_link_flat15_nomargin,uncheatable,external_development,0,-1,delphi_3e18_39bucket:419ee81cda8173e88f7ada544fce6e041beb00f9371af74edf51e3240616e6ae,0.9889625613774993,0.0022018704660508666
weibull_softplus_unscaled@kappa_floor_link_flat15_nomargin,uncheatable,external_development,0,-1,delphi_3e18_39bucket:4287fd6ebf54e5dc56f478f75201af36dfaf1da75b19013f8ed1d1bb0d131b51,1.0504431951726168,0.0015180971686806696
weibull_softplus_unscaled@kappa_floor_link_flat15_nomargin,uncheatable,external_development,0,-1,delphi_3e18_39bucket:42a399ba5c0ec06b23cf6c90f7a2d7bb620e8bf74eb4ae6131c11a97455e81cb,1.0504305778276826,0.002485399064966412
weibull_softplus_unscaled@kappa_floor_link_flat15_nomargin,uncheatable,external_development,0,-1,delphi_3e18_39bucket:42d578942c429bb75d62f6e2a7b33a9636af248dbf978094a0685abfa6f6bef6,1.0465423481851084,0.0008459076482100856
weibull_softplus_unscaled@kappa_floor_link_flat15_nomargin,uncheatable,external_development,0,-1,delphi_3e18_39bucket:435fc59b9f74ea68a12a16abcf01b49d1d751709400f056661ece786c4fb97f4,1.0402297392816406,0.0008454476726009228
weibull_softplus_unscaled@kappa_floor_link_flat15_nomargin,uncheatable,external_development,0,-1,delphi_3e18_39bucket:43a1b832b41d7b3705abe45be2d9a39f606803f539c4bfc22f9bdb84abd4ecdd,1.0325043960397011,0.0006282263486561952
weibull_softplus_unscaled@kappa_floor_link_flat15_nomargin,uncheatable,external_development,0,-1,delphi_3e18_39bucket:43b243c94270528cefddfad2d85a2e86ee8e2e18b6fd46b04f3c346b72054bfc,1.037459047011809,0.0009302089655818272
weibull_softplus_unscaled@kappa_floor_link_flat15_nomargin,uncheatable,external_development,0,-1,delphi_3e18_39bucket:44ce79a61450d4abf95809bf0fa221ae9d748008c8b5ae22fd8d3212c27a3fea,0.9964368114987331,0.0026394741232796596
weibull_softplus_unscaled@kappa_floor_link_flat15_nomargin,uncheatable,external_development,0,-1,delphi_3e18_39bucket:450946512768dd9a9e7ac0b8b0bfe70503c57901a1407ee4764ad2b8be47d6fc,1.0894458140518668,0.002959251321254993
weibull_softplus_unscaled@kappa_floor_link_flat15_nomargin,uncheatable,external_development,0,-1,delphi_3e18_39bucket:454b420da2501cc8413ce34639b91fba6c924e92d4acb602a12a4188a7bbac06,1.0014555819867719,0.0015965316947930467
weibull_softplus_unscaled@kappa_floor_link_flat15_nomargin,uncheatable,external_development,0,-1,delphi_3e18_39bucket:45c4ebe12e4506146427d7cf86c80df51ee3636fdc90eec46c6fbcda132736d3,1.040415056748885,0.0009575880649640597
weibull_softplus_unscaled@kappa_floor_link_flat15_nomargin,uncheatable,external_development,0,-1,delphi_3e18_39bucket:46346afc1e8f516e3cf8db030395bc5bdba3094e0d1d6ce3d9212fbb3736b08f,1.0512340768148436,0.0012971508972346231
weibull_softplus_unscaled@kappa_floor_link_flat15_nomargin,uncheatable,external_development,0,-1,delphi_3e18_39bucket:4656bf4bdeffbc234b5b12cc443ad2055c6daa70555f643727a48d11562171df,1.0362267219811394,0.0007022518854580986
weibull_softplus_unscaled@kappa_floor_link_flat15_nomargin,uncheatable,external_development,0,-1,delphi_3e18_39bucket:479b4c0d010ec8af266c712fad85c52a6b25371b206b9d3bea78ede611674b9e,1.0687478126118188,0.0026867819277568545
weibull_softplus_unscaled@kappa_floor_link_flat15_nomargin,uncheatable,external_development,0,-1,delphi_3e18_39bucket:47f173bc0284dd1f8264d5a01dd8a2fcd9c04165efed2d185d16e1684ae02254,0.9996299885507374,0.0015952680294225958
weibull_softplus_unscaled@kappa_floor_link_flat15_nomargin,uncheatable,external_development,0,-1,delphi_3e18_39bucket:4925c3287b201af1db9d1972026e9bf6b2b76a75673de01b83cd6af4965a90c1,0.9945438516618104,0.002490899146958498
weibull_softplus_unscaled@kappa_floor_link_flat15_nomargin,uncheatable,external_development,0,-1,delphi_3e18_39bucket:49605a406a87e4b29ff1058b67cff48d00f583ed007d73fd163a37ab3f1ef415,0.9946433994926455,0.002112233487052459
weibull_softplus_unscaled@kappa_floor_link_flat15_nomargin,uncheatable,external_development,0,-1,delphi_3e18_39bucket:4bea36f1a59704fdf3254fce13b499f62c5ce572c840a274eab13868a56e5f0c,1.0389636354820588,0.00097733699592389
weibull_softplus_unscaled@kappa_floor_link_flat15_nomargin,uncheatable,external_development,0,-1,delphi_3e18_39bucket:4d2a9f8e18ebd65e0860eaa7996c71b4bc666ece79a59f99599bf658eaaf1ca6,1.0700190428592775,0.00493677240612619
weibull_softplus_unscaled@kappa_floor_link_flat15_nomargin,uncheatable,external_development,0,-1,delphi_3e18_39bucket:4dcd25089f067b1c4aa3d94b5a6046e58c872c7192b21d095899daf4324f9073,1.086062387329938,0.004961281857594924
weibull_softplus_unscaled@kappa_floor_link_flat15_nomargin,uncheatable,external_development,0,-1,delphi_3e18_39bucket:4e32a5e9dd28c61c48e02bb2a44b9b07dfd0aba290fffff332f5119d1899e78e,1.0379087439809922,0.0010425063462396894
weibull_softplus_unscaled@kappa_floor_link_flat15_nomargin,uncheatable,external_development,0,-1,delphi_3e18_39bucket:4f14ed9f6b84f8d07a49a046c1f0bc460e6188f73344c8a04a447d11f045e2fb,1.0369336829155409,0.001213598742347498
weibull_softplus_unscaled@kappa_floor_link_flat15_nomargin,uncheatable,external_development,0,-1,delphi_3e18_39bucket:5117115fda784e176c6f2f6b252905a9552ad3c50be88f0849fedb7b153ef185,1.040937514845076,0.0008666053935617946
weibull_softplus_unscaled@kappa_floor_link_flat15_nomargin,uncheatable,external_development,0,-1,delphi_3e18_39bucket:514be0373f3adf0fa2a0f1d347bb9657c5a350d6221c93c56156da4fca342645,1.0309971319644533,0.007347141027712306
weibull_softplus_unscaled@kappa_floor_link_flat15_nomargin,uncheatable,external_development,0,-1,delphi_3e18_39bucket:51ba2b4f2f488f8c496f545e752754c9e324fea095988aeafc121d14587f9440,0.9889985621806839,0.002408147939722674
weibull_softplus_unscaled@kappa_floor_link_flat15_nomargin,uncheatable,external_development,0,-1,delphi_3e18_39bucket:520b93fe83078f785e1745d02d62d4de498b2d844861b920f20ad9fddb96d966,1.007828754988957,0.0035148513795030976
weibull_softplus_unscaled@kappa_floor_link_flat15_nomargin,uncheatable,external_development,0,-1,delphi_3e18_39bucket:5268fc7970fdd1757c78b3d28d3b4a01e39ae7eb48d9eff786688b6aa8419e2c,1.044308738093868,0.0009979564747223564
weibull_softplus_unscaled@kappa_floor_link_flat15_nomargin,uncheatable,external_development,0,-1,delphi_3e18_39bucket:52eef22c85f32ba5c3c3bbd6b018e3ef32c028af3c84a8cce95f051e36bdb0ef,1.0387966337613648,0.0008846916976418974
weibull_softplus_unscaled@kappa_floor_link_flat15_nomargin,uncheatable,external_development,0,-1,delphi_3e18_39bucket:5302a3d504bc827eb82480e47fa5f9369b2a34a9073980d5a79b7b11472c3d35,0.9901092487730999,0.0023370876397323117
weibull_softplus_unscaled@kappa_floor_link_flat15_nomargin,uncheatable,external_development,0,-1,delphi_3e18_39bucket:5304e9320d8a83ce4fc5f0c3d55748a46b482bd39654250154a2e9b9b1f11612,0.9937956709270586,0.002417237203762306
weibull_softplus_unscaled@kappa_floor_link_flat15_nomargin,uncheatable,external_development,0,-1,delphi_3e18_39bucket:547f1880e12c632add60347ae92abf186e58bd4549de02831f05f117476ccd27,0.9934586951149216,0.0026651802303802965
weibull_softplus_unscaled@kappa_floor_link_flat15_nomargin,uncheatable,external_development,0,-1,delphi_3e18_39bucket:55870bf717d572ace521b0a7c6b31246156cc64b0ab6dd344e4f110a1c37e000,1.0381129317514213,0.0012707696150320547
weibull_softplus_unscaled@kappa_floor_link_flat15_nomargin,uncheatable,external_development,0,-1,delphi_3e18_39bucket:5653d17dd718ed001c50f11b1296a0b6c437549494c3ad1c8cb1b53da2629181,1.0661119820749212,0.00893013767723409
weibull_softplus_unscaled@kappa_floor_link_flat15_nomargin,uncheatable,external_development,0,-1,delphi_3e18_39bucket:569f2fae296c65c150355a111967e64f0458d6d4e4e6695bdad8510e2d957522,0.9957582319529468,0.002989135221280573
weibull_softplus_unscaled@kappa_floor_link_flat15_nomargin,uncheatable,external_development,0,-1,delphi_3e18_39bucket:577ebf44b0802041939fa396b991d55566e0430342ea4e86916d0a09526dfc7b,1.0099870407258194,0.0008858010257059598
weibull_softplus_unscaled@kappa_floor_link_flat15_nomargin,uncheatable,external_development,0,-1,delphi_3e18_39bucket:57e67b1e673016dfe6e90bf3eec613b57b4f45fb8628057d9be4b6887b097974,1.0365974539709895,0.0009227558932539129
weibull_softplus_unscaled@kappa_floor_link_flat15_nomargin,uncheatable,external_development,0,-1,delphi_3e18_39bucket:587d99c210755fe678009083951edbaf5f30125b9a9228c07223908788f4efbf,1.0018304313331206,0.0015186364548615792
weibull_softplus_unscaled@kappa_floor_link_flat15_nomargin,uncheatable,external_development,0,-1,delphi_3e18_39bucket:593cd68cc1f7693b8781f426fd8bf633d814852c98cef69f1dc0e05aa749a4a8,1.039155221472286,0.0009083300335407419
weibull_softplus_unscaled@kappa_floor_link_flat15_nomargin,uncheatable,external_development,0,-1,delphi_3e18_39bucket:5969f449d772b308738c1973bb8124a9388da3145bdcd4dbf580903e8aa5ae45,1.0033543695265952,0.003214833592570248
weibull_softplus_unscaled@kappa_floor_link_flat15_nomargin,uncheatable,external_development,0,-1,delphi_3e18_39bucket:5a6c87e0a035e4d18b7e137b2cc16b00806f8d1ef126cc1b3e98ec648866cd95,1.0055935191049845,0.003161950677844781
weibull_softplus_unscaled@kappa_floor_link_flat15_nomargin,uncheatable,external_development,0,-1,delphi_3e18_39bucket:5a988330e74f91960f06cf673b3d4fb431b8fa721e3c7765a95b86088e8b3640,1.0372434538285331,0.000738038454160766
weibull_softplus_unscaled@kappa_floor_link_flat15_nomargin,uncheatable,external_development,0,-1,delphi_3e18_39bucket:5a9ed51807418fe4ffaa4a95d2420907cd771b791ccbe7a8b543f2adf9061a8e,1.0381418501874542,0.0009244758286142266
weibull_softplus_unscaled@kappa_floor_link_flat15_nomargin,uncheatable,external_development,0,-1,delphi_3e18_39bucket:5bab89a350083bbb82d43430d716a115110122a55cabce94a4c485ba7cfc7890,0.9887517996821233,0.0023967999534728435
weibull_softplus_unscaled@kappa_floor_link_flat15_nomargin,uncheatable,external_development,0,-1,delphi_3e18_39bucket:5baf1bd5753c211b529cb2dfdeb4556a9e7d9e60dca85172f893af225d6a49b6,1.037151723106511,0.0009503890918430624
weibull_softplus_unscaled@kappa_floor_link_flat15_nomargin,uncheatable,external_development,0,-1,delphi_3e18_39bucket:5d327ac229879291117268bc6336e58c8152465241259a6f06a7977096c2cbab,1.0017836363767973,0.007044769155520416
weibull_softplus_unscaled@kappa_floor_link_flat15_nomargin,uncheatable,external_development,0,-1,delphi_3e18_39bucket:5d3c191f384bc2fdb869709ada4835079a8ea387a239c05a383b6d50feb82419,1.0802663381561817,0.0044885003669406925
weibull_softplus_unscaled@kappa_floor_link_flat15_nomargin,uncheatable,external_development,0,-1,delphi_3e18_39bucket:5d81c990ff3f85d604963810f29b83410738a33c030bdad16230497701c673cc,0.9988182105921892,0.001742392033819545
weibull_softplus_unscaled@kappa_floor_link_flat15_nomargin,uncheatable,external_development,0,-1,delphi_3e18_39bucket:5da4a1f0602a1c573a15377a4719b3b792d3be63656c74bcdef8bd988e67c292,0.9901745966981791,0.0035518840760454737
weibull_softplus_unscaled@kappa_floor_link_flat15_nomargin,uncheatable,external_development,0,-1,delphi_3e18_39bucket:5df7ed0b68454fcec31de8326a1e4b7f97af17db946f06b0c2c6be55a0a58023,1.0589428493145716,0.0017559703095461963
weibull_softplus_unscaled@kappa_floor_link_flat15_nomargin,uncheatable,external_development,0,-1,delphi_3e18_39bucket:5e82fa8032d14849cb8dc9fd8900615e0f644f4dcc5f56d9fdcb7be65d280bd9,1.0377201533471299,0.0009982237657651025
weibull_softplus_unscaled@kappa_floor_link_flat15_nomargin,uncheatable,external_development,0,-1,delphi_3e18_39bucket:5f70df28cce5d870961ea81fd9171415d174214efb666d244008771b3f8a8132,0.9992908844833059,0.0014027758648300444
weibull_softplus_unscaled@kappa_floor_link_flat15_nomargin,uncheatable,external_development,0,-1,delphi_3e18_39bucket:5f8f1118125ab64ed7032396f431fe7a879ad10627850bcd4cebb2b9c12c9c22,1.036942354438125,0.0009434492951884036
weibull_softplus_unscaled@kappa_floor_link_flat15_nomargin,uncheatable,external_development,0,-1,delphi_3e18_39bucket:5fa5cf047ffb05b34ab17af47ca76b8ed3cf45d172b6ee69c5619c55231222bc,1.0369962536467245,0.0009426528701867253
weibull_softplus_unscaled@kappa_floor_link_flat15_nomargin,uncheatable,external_development,0,-1,delphi_3e18_39bucket:5fb6419e901016333ce5c075f123385864a29743541a4465e59b81d1d53f1921,0.9872122420984514,0.0019270021394345
weibull_softplus_unscaled@kappa_floor_link_flat15_nomargin,uncheatable,external_development,0,-1,delphi_3e18_39bucket:6233cb472d97f01738aec435e826103682ccfd8390ef3bf6783341c9818b9043,0.9980725588552377,0.0016855351989798195
weibull_softplus_unscaled@kappa_floor_link_flat15_nomargin,uncheatable,external_development,0,-1,delphi_3e18_39bucket:635528e5e2a0e881124caf31eb8cf68a81b7afe38b50630e57e736edbdd31013,1.0010514322153254,0.001146389409493694
weibull_softplus_unscaled@kappa_floor_link_flat15_nomargin,uncheatable,external_development,0,-1,delphi_3e18_39bucket:643213b3d69a274b198c42fc5df8e2e33accfef69d26786274a4e3f0d3ff1eba,0.9912572312404475,0.0020598907285542967
weibull_softplus_unscaled@kappa_floor_link_flat15_nomargin,uncheatable,external_development,0,-1,delphi_3e18_39bucket:64f4ce182df0f4dc266d00d5177554ae26d369be6d6fdc42e4020ce4c159e038,1.0053450359284852,0.0019756459981863403
weibull_softplus_unscaled@kappa_floor_link_flat15_nomargin,uncheatable,external_development,0,-1,delphi_3e18_39bucket:657cba1c0ea3a729af39bff18b4377567929bd7f9ece5bd5dd9fe573efdf1846,1.0476428938542126,0.0011498493540309596
weibull_softplus_unscaled@kappa_floor_link_flat15_nomargin,uncheatable,external_development,0,-1,delphi_3e18_39bucket:65ccd2db176dadefe0a7cf70618e1e83b58fd25b8cdb66dafce02ef9cc006744,1.0384420744483909,0.0012312203558308085
weibull_softplus_unscaled@kappa_floor_link_flat15_nomargin,uncheatable,external_development,0,-1,delphi_3e18_39bucket:65d781957ad30514765e476d9aef03613f438cb06683bdb6e47eeadeb5f9a3d0,1.0365354295492548,0.0009292032156522697
weibull_softplus_unscaled@kappa_floor_link_flat15_nomargin,uncheatable,external_development,0,-1,delphi_3e18_39bucket:661739490c9b84b6c95c10cd02b37a24bbca1d52fa7a8b7e180f2963642f363a,1.038867011559307,0.0010777971996319522
weibull_softplus_unscaled@kappa_floor_link_flat15_nomargin,uncheatable,external_development,0,-1,delphi_3e18_39bucket:665264aa06d922541d30ea5dffa5ab727ff9eecc9ba769dc6409f816a5ea281e,1.033508684055675,0.001041555305808827
weibull_softplus_unscaled@kappa_floor_link_flat15_nomargin,uncheatable,external_development,0,-1,delphi_3e18_39bucket:6683ff87838073a568adf59ff7c6498c94372836209739b03bbd5d504c540273,1.0373173315576971,0.0010298258946824603
weibull_softplus_unscaled@kappa_floor_link_flat15_nomargin,uncheatable,external_development,0,-1,delphi_3e18_39bucket:67219c03d0898c3bde8548203483153b8dab3ed4fff577a865554213c097934e,1.0032512174663333,0.0033804625191443992
weibull_softplus_unscaled@kappa_floor_link_flat15_nomargin,uncheatable,external_development,0,-1,delphi_3e18_39bucket:67c596ca345b4ee037b293caa94b2bf053cca70944eb5962eb9081967b56c5a1,1.0520912582235846,0.0032220528854482087
weibull_softplus_unscaled@kappa_floor_link_flat15_nomargin,uncheatable,external_development,0,-1,delphi_3e18_39bucket:6804300e425006b08f97520a7f6c9bba13378a0b6b02edcbfec5611e5ca0c44d,0.997266505267387,0.002779837963962198
weibull_softplus_unscaled@kappa_floor_link_flat15_nomargin,uncheatable,external_development,0,-1,delphi_3e18_39bucket:68195b7435e250fecfae0a4a43494aec7a31a5058003835e9123c0d9e17c5779,1.0373243679124882,0.0009580402137211902
weibull_softplus_unscaled@kappa_floor_link_flat15_nomargin,uncheatable,external_development,0,-1,delphi_3e18_39bucket:685f65df9a5d97bc32080e3b868a666285be0939d78e0a811d378657ee757244,0.9884687116340708,0.0022954820796553094
weibull_softplus_unscaled@kappa_floor_link_flat15_nomargin,uncheatable,external_development,0,-1,delphi_3e18_39bucket:6a6a57cc90489b1821b2d65721b9c2e1d907405a1cb08fb12b0a637f75a245c7,1.0495507073005825,0.0012479879630396115
weibull_softplus_unscaled@kappa_floor_link_flat15_nomargin,uncheatable,external_development,0,-1,delphi_3e18_39bucket:6b35fe0f0f1836e028d532783d26a896a624c7a1b735b664c912826d6046ade7,1.037509640127787,0.000983846506327895
weibull_softplus_unscaled@kappa_floor_link_flat15_nomargin,uncheatable,external_development,0,-1,delphi_3e18_39bucket:6be8998407711e41d66a8387ce4264ca2d324918221eafcce587dcead56348cf,0.9973576346920257,0.0022319267313200978
weibull_softplus_unscaled@kappa_floor_link_flat15_nomargin,uncheatable,external_development,0,-1,delphi_3e18_39bucket:6c651e55ddca05236b7de3e3673e1b135e1bafa15edb691f8d6ccfe12505a49c,1.0061474297573554,0.0005113248185221753
weibull_softplus_unscaled@kappa_floor_link_flat15_nomargin,uncheatable,external_development,0,-1,delphi_3e18_39bucket:6eff5c2c6d0c6033485ec4cb97a6edae6de89063ea34c89f669ff4e4e0629eea,1.0434186517794029,0.0012825006694859651
weibull_softplus_unscaled@kappa_floor_link_flat15_nomargin,uncheatable,external_development,0,-1,delphi_3e18_39bucket:6f2ceecb1630469201c7035fa1c46b5e3575989940074cd8c176f47a5250cda2,1.0407887991231097,0.001094543722590064
weibull_softplus_unscaled@kappa_floor_link_flat15_nomargin,uncheatable,external_development,0,-1,delphi_3e18_39bucket:6f5f12ad402436790f3d03055f3eb56f3931fe179faa1d08d6bfed2b23726d8d,1.0277439437212021,0.006650438910043346
weibull_softplus_unscaled@kappa_floor_link_flat15_nomargin,uncheatable,external_development,0,-1,delphi_3e18_39bucket:7085b12019ff35a054c005d424eb8596134e288c7ecaa2596bb4b5711eb66326,1.000245533787219,0.0031896082542884124
weibull_softplus_unscaled@kappa_floor_link_flat15_nomargin,uncheatable,external_development,0,-1,delphi_3e18_39bucket:7132c13eee4b70ca34a33f9a9ae7366f1bfa0fced8aaf9fa0323bc319b97506a,1.0411639318461186,0.000994888378094087
weibull_softplus_unscaled@kappa_floor_link_flat15_nomargin,uncheatable,external_development,0,-1,delphi_3e18_39bucket:71eb42d48f6b6a336390c690ce1e47364dfe485e2a4f06e168075c88b0def0a9,1.078766995794671,0.0042911668413720796
weibull_softplus_unscaled@kappa_floor_link_flat15_nomargin,uncheatable,external_development,0,-1,delphi_3e18_39bucket:73b73bcfae2235917fe2f1124d67bf7e8f4de12dc6dcc34da1357fa35965dccd,1.0390608300234323,0.0011294124890513571
weibull_softplus_unscaled@kappa_floor_link_flat15_nomargin,uncheatable,external_development,0,-1,delphi_3e18_39bucket:73e4938531467186d1056d6cf58b170c580574db409beae1e74fb1f8405d458a,1.0377481517966902,0.0009018941577285509
weibull_softplus_unscaled@kappa_floor_link_flat15_nomargin,uncheatable,external_development,0,-1,delphi_3e18_39bucket:742dd349c1fbc18af63f516a37aaff216490071ad5e744e3cf744b4b49367d40,1.0452921413491056,0.001564331760568904
weibull_softplus_unscaled@kappa_floor_link_flat15_nomargin,uncheatable,external_development,0,-1,delphi_3e18_39bucket:74bdb4e6f472459381f30133f60e19e24a54f6c7d8a9fc845b5471d668934b4d,1.0174754905540848,0.0025842548155786136
weibull_softplus_unscaled@kappa_floor_link_flat15_nomargin,uncheatable,external_development,0,-1,delphi_3e18_39bucket:779582b98316a575f87b769bfc22d3510587f0f16a442ad2616825ec6f00f94d,1.037531866889295,0.0009576623076277412
weibull_softplus_unscaled@kappa_floor_link_flat15_nomargin,uncheatable,external_development,0,-1,delphi_3e18_39bucket:789182d5189317aa9b8640cc1bce52e2c170dc32657677d3a4108620bcbb7f05,1.0420160470859363,0.0011694803082157106
weibull_softplus_unscaled@kappa_floor_link_flat15_nomargin,uncheatable,external_development,0,-1,delphi_3e18_39bucket:78b2e8346a4519dfef462b8376a77bc4e1d601f8933e6641020cf0eb7e48efc0,1.0235480518807751,0.0005231527044686857
weibull_softplus_unscaled@kappa_floor_link_flat15_nomargin,uncheatable,external_development,0,-1,delphi_3e18_39bucket:79342538155564afca7e514f857df1aab57ae43c2a727fc37d051d30c6d25bbd,1.061908878311669,0.0020217389422968273
weibull_softplus_unscaled@kappa_floor_link_flat15_nomargin,uncheatable,external_development,0,-1,delphi_3e18_39bucket:79b7dc536837224e4eff768fb8683996c85a942a48afb91148b576ea01130da8,1.0374078230389057,0.0006723292615608016
weibull_softplus_unscaled@kappa_floor_link_flat15_nomargin,uncheatable,external_development,0,-1,delphi_3e18_39bucket:79faa6a5b2de9e64c364af44aaa762e31a637c87c7c6d57002f957ef71cbeb84,0.9955577822006625,0.0026241123178669954
weibull_softplus_unscaled@kappa_floor_link_flat15_nomargin,uncheatable,external_development,0,-1,delphi_3e18_39bucket:7a8a1571857b7cc2f62797b819c02b7601a261a232ede9b2b2a40a8e02631529,1.0379254639387452,0.001702894839888058
weibull_softplus_unscaled@kappa_floor_link_flat15_nomargin,uncheatable,external_development,0,-1,delphi_3e18_39bucket:7ab74cb0c3631183b76fefb3117496ce670fa45cf520e299bb7f3bce074e8658,1.0722920523408992,0.0030703896072747368
weibull_softplus_unscaled@kappa_floor_link_flat15_nomargin,uncheatable,external_development,0,-1,delphi_3e18_39bucket:7c9cf8d99e2a20bfcf7060b220169c9ae7c13a5c2cfaa96022cc97b063759fec,1.0063754063122878,0.0007435957625088226
weibull_softplus_unscaled@kappa_floor_link_flat15_nomargin,uncheatable,external_development,0,-1,delphi_3e18_39bucket:7d6e5bdf2421a78af620ea6ac7975078e405a629c7642ced529ef76b1f6bba54,1.0419687277642624,0.007553333559450377
weibull_softplus_unscaled@kappa_floor_link_flat15_nomargin,uncheatable,external_development,0,-1,delphi_3e18_39bucket:7e50a540822cd1f63f18761885d1cd012c7c060ebeb687febf7e9be0ca69e06f,1.04176547412585,0.0013079067490146348
weibull_softplus_unscaled@kappa_floor_link_flat15_nomargin,uncheatable,external_development,0,-1,delphi_3e18_39bucket:7e55a3661a634ab042b0d907f35856d18f479e608ad474942aa5a6ecf7f9f033,0.9976301646355565,0.0017022829825449025
weibull_softplus_unscaled@kappa_floor_link_flat15_nomargin,uncheatable,external_development,0,-1,delphi_3e18_39bucket:7ea661be2a7587559cb8925e1eb21820cb040c4cd7a883b0f24803c308d3fb41,0.9955830667482196,0.002816541156704166
weibull_softplus_unscaled@kappa_floor_link_flat15_nomargin,uncheatable,external_development,0,-1,delphi_3e18_39bucket:7ed367f16179f0147cfe76808f461bb876363b57665b8e5485529577f7dd5210,0.9989837600111773,0.0010932358222731314
weibull_softplus_unscaled@kappa_floor_link_flat15_nomargin,uncheatable,external_development,0,-1,delphi_3e18_39bucket:80b7399fe369d7309377bca271430df48654b77c59f6f9809f09f49a62c14c95,0.9892225370637604,0.0027153453096331708
weibull_softplus_unscaled@kappa_floor_link_flat15_nomargin,uncheatable,external_development,0,-1,delphi_3e18_39bucket:80c15a27d3c6defe26f889f7936ebab693f93a38ab4040725e65f243f2688f9e,1.0583065735030042,0.0017033120334764458
weibull_softplus_unscaled@kappa_floor_link_flat15_nomargin,uncheatable,external_development,0,-1,delphi_3e18_39bucket:80cd1b3538923f0a877e5c9e8a78b526e337a71951c52c3ed2fabe91e7daeb69,0.9923370724152096,0.002540109217890509
weibull_softplus_unscaled@kappa_floor_link_flat15_nomargin,uncheatable,external_development,0,-1,delphi_3e18_39bucket:80ef0b613e000a82657443770642af353463be1258804e7d9a261d13e6d4476b,1.0160632249386825,0.007364045942672365
weibull_softplus_unscaled@kappa_floor_link_flat15_nomargin,uncheatable,external_development,0,-1,delphi_3e18_39bucket:81329096cd24fadc9f75ffda9d87c90de1dd4f27e19160c1a0ab25986bc2213e,0.9966854076530207,0.002358671033694147
weibull_softplus_unscaled@kappa_floor_link_flat15_nomargin,uncheatable,external_development,0,-1,delphi_3e18_39bucket:81cb45a36b39811750d0ff0f4375bddfcf30514d23437ee76f5f2fb9aeef22de,0.9908994656245962,0.002395632662623061
weibull_softplus_unscaled@kappa_floor_link_flat15_nomargin,uncheatable,external_development,0,-1,delphi_3e18_39bucket:83255fbba7f49b8b85c42635b9dfbb84761b39c2df55f527fecbf415d75bdb19,0.9831862226483468,0.0018653773376218585
weibull_softplus_unscaled@kappa_floor_link_flat15_nomargin,uncheatable,external_development,0,-1,delphi_3e18_39bucket:834ca3cc6431aa04fe7c1039a47a2b6cb51197eca105e28b5fdd395b13a59c18,1.037039649743011,0.0010674560492265174
weibull_softplus_unscaled@kappa_floor_link_flat15_nomargin,uncheatable,external_development,0,-1,delphi_3e18_39bucket:848ee17fdc86ef605e6b967b8be1b2327ef85ba9fcd80de8caf8ec6cb2bfae35,1.043135104822297,0.001112296908782986
weibull_softplus_unscaled@kappa_floor_link_flat15_nomargin,uncheatable,external_development,0,-1,delphi_3e18_39bucket:851897897f6a702a132a53ae8f04f9f597629831dfbe696325a3cb4810870279,1.0384490908930322,0.0009089430798576232
weibull_softplus_unscaled@kappa_floor_link_flat15_nomargin,uncheatable,external_development,0,-1,delphi_3e18_39bucket:85cf736312d9c54d30d33e799831eace88d4de508ed9795dc06bd89296394ffd,1.0033834185325545,0.0014188625219882349
weibull_softplus_unscaled@kappa_floor_link_flat15_nomargin,uncheatable,external_development,0,-1,delphi_3e18_39bucket:86420d557a137f4d0cf021827bb1dfd00123496c140b53f73d1886b1fcfec8be,1.0381809876459243,0.0010055382529083458
weibull_softplus_unscaled@kappa_floor_link_flat15_nomargin,uncheatable,external_development,0,-1,delphi_3e18_39bucket:869e1d284e219525aaf5d7d275906629688a62da31308f8af724cf8e4e5d9f87,0.9972553703865011,0.002197414844858327
weibull_softplus_unscaled@kappa_floor_link_flat15_nomargin,uncheatable,external_development,0,-1,delphi_3e18_39bucket:87080ec1cfff7cc2b32c2fdc42c41a6796e01bcbfb8616fe6e2dde53b69a4109,1.0701920513501375,0.0027470978177544067
weibull_softplus_unscaled@kappa_floor_link_flat15_nomargin,uncheatable,external_development,0,-1,delphi_3e18_39bucket:8742e8c2e0296f55b1c137dd55f16cb74ac4383a6910e9d287ebe64de86fef97,0.9966185153275346,0.0025658853919002444
weibull_softplus_unscaled@kappa_floor_link_flat15_nomargin,uncheatable,external_development,0,-1,delphi_3e18_39bucket:8764bd229418c70dbbe599973cafc92f4d5c6b32008b9660f4dc1c2b9ea05ee6,0.9875796843860483,0.0022221736222292387
weibull_softplus_unscaled@kappa_floor_link_flat15_nomargin,uncheatable,external_development,0,-1,delphi_3e18_39bucket:87837653d9cdc600c37c55a28dbdbbafffdc6e81c912de2423ff4dd6118f5f0a,1.0364954335269272,0.0009375796778475994
weibull_softplus_unscaled@kappa_floor_link_flat15_nomargin,uncheatable,external_development,0,-1,delphi_3e18_39bucket:8784616bf6a6f4416513634feed4c1d09697d7626e853b9132f5d5b1a5ec5286,1.038511902808997,0.0010334263970439197
weibull_softplus_unscaled@kappa_floor_link_flat15_nomargin,uncheatable,external_development,0,-1,delphi_3e18_39bucket:87be168549724da95ae6d032411d12303a0ae7fc9c2ecc38ead4f252668fcd3d,1.0432260888276816,0.0010116667084527076
weibull_softplus_unscaled@kappa_floor_link_flat15_nomargin,uncheatable,external_development,0,-1,delphi_3e18_39bucket:886ef9a3b6898b33d1cbfe224fde8ae46669dd21b00953a088e52e85aea29e34,1.053977491603755,0.0017669058191392096
weibull_softplus_unscaled@kappa_floor_link_flat15_nomargin,uncheatable,external_development,0,-1,delphi_3e18_39bucket:888cfaf89d4295f594e70e228c529e053cfd95543a8db5dfe5873174591305d6,0.9901896178828643,0.0025730382174685784
weibull_softplus_unscaled@kappa_floor_link_flat15_nomargin,uncheatable,external_development,0,-1,delphi_3e18_39bucket:88da80acdbb077326baf06c1ee5ed44df4ccf2d1c95d0225144a1ef721799941,1.0369491431071631,0.0009200344850103667
weibull_softplus_unscaled@kappa_floor_link_flat15_nomargin,uncheatable,external_development,0,-1,delphi_3e18_39bucket:8910b0578fdda4c18bd7e50f1db6f6ae52d07ac262aa4cb6226715890111fba5,1.0387065501944148,0.0007534967142857998
weibull_softplus_unscaled@kappa_floor_link_flat15_nomargin,uncheatable,external_development,0,-1,delphi_3e18_39bucket:8a5e02daa1e8fdf2a742a34c43f9a70bb723cb9f61bc5fcfe9694679bdaca30e,1.0369732068957882,0.0009044875564111717
weibull_softplus_unscaled@kappa_floor_link_flat15_nomargin,uncheatable,external_development,0,-1,delphi_3e18_39bucket:8b6fc2228a641c15336b0a2f6243168c75a92ef85a25feac87bdbcb80fa0ce3e,0.9832471203481524,0.001952030020778257
weibull_softplus_unscaled@kappa_floor_link_flat15_nomargin,uncheatable,external_development,0,-1,delphi_3e18_39bucket:8baefda61a7b076070dd2fdfae9c2833cb8c470bc0be085535e8c1a510789ee8,1.050713426890595,0.0011170096096874823
weibull_softplus_unscaled@kappa_floor_link_flat15_nomargin,uncheatable,external_development,0,-1,delphi_3e18_39bucket:8bb9f580b38a5691e7f2030d568ef8db3f7430366b33433322edc9652cacd6f5,1.0411395701687274,0.0014480252993210878
weibull_softplus_unscaled@kappa_floor_link_flat15_nomargin,uncheatable,external_development,0,-1,delphi_3e18_39bucket:8bbe93b0af46157c7aaa17bf2587b4a436032d818670734d30f256fccaef3ed1,1.0322959032473125,0.0007285625713308857
weibull_softplus_unscaled@kappa_floor_link_flat15_nomargin,uncheatable,external_development,0,-1,delphi_3e18_39bucket:8bd59c49ec1cdc852b27915a9a7ac596f0f8a73500f6591ee9c6557d34bd8c27,1.0367963184077695,0.0008921202722638432
weibull_softplus_unscaled@kappa_floor_link_flat15_nomargin,uncheatable,external_development,0,-1,delphi_3e18_39bucket:8c377f234db2429719cde7dad4993aee8d5ba1a1b9fc4bb1edecd7ce3c71c7ba,1.0398260096547591,0.0009349776196645667
weibull_softplus_unscaled@kappa_floor_link_flat15_nomargin,uncheatable,external_development,0,-1,delphi_3e18_39bucket:8d8d29d13a22ae384d9c1d2602fbdc405a2944615cac1839a8fed0a4f1cf92cd,1.0259205024099463,0.003521039629275269
weibull_softplus_unscaled@kappa_floor_link_flat15_nomargin,uncheatable,external_development,0,-1,delphi_3e18_39bucket:8e07c6e265071fba3115ceab986006dd4518361d77cde815c233b3b70a3ffdc0,1.0358113401328004,0.0008609476325993639
weibull_softplus_unscaled@kappa_floor_link_flat15_nomargin,uncheatable,external_development,0,-1,delphi_3e18_39bucket:8ed5f5516a187a4a2554d9c9c8146015a7f00b116e579433a44c39a9c8006f31,1.0061759177642287,0.0028648614888945184
weibull_softplus_unscaled@kappa_floor_link_flat15_nomargin,uncheatable,external_development,0,-1,delphi_3e18_39bucket:8ef412ceada2d7ce755116002b185f9a484e1bd67269fffa0bb96a36e49f1b57,1.002629306066459,0.0007936371275039629
weibull_softplus_unscaled@kappa_floor_link_flat15_nomargin,uncheatable,external_development,0,-1,delphi_3e18_39bucket:8f9d336e61271fad2de609d91cff46986aa0a18d154f1bb47311d58529798e70,0.9911767545728318,0.0023083982879580807
weibull_softplus_unscaled@kappa_floor_link_flat15_nomargin,uncheatable,external_development,0,-1,delphi_3e18_39bucket:8fd1ba3a337f5601be326ee3fa5f02778374cd45763940f906a747ef581271a2,1.0038632502983382,0.001518725676690895
weibull_softplus_unscaled@kappa_floor_link_flat15_nomargin,uncheatable,external_development,0,-1,delphi_3e18_39bucket:90dba2fc8d83436f4853eb165d137a40b833acc83db632ba583aa912e43b733d,0.9916903482708195,0.0022682916245497196
weibull_softplus_unscaled@kappa_floor_link_flat15_nomargin,uncheatable,external_development,0,-1,delphi_3e18_39bucket:90f52ac0608eb5e98056e42a1f2c4baf179f331a5a38fab70ead512319850a58,0.9898801212473576,0.0026413059521304995
weibull_softplus_unscaled@kappa_floor_link_flat15_nomargin,uncheatable,external_development,0,-1,delphi_3e18_39bucket:915788dcc658ef8459d4fe90196613e360eb9a4655570e26ccf506b5a28854fa,0.9945255304131324,0.001964031376287255
weibull_softplus_unscaled@kappa_floor_link_flat15_nomargin,uncheatable,external_development,0,-1,delphi_3e18_39bucket:91ab6eb5ae7849b9e87fba2106c491587834053d24b5391eedf4835d5a9ceefb,1.0374351425198842,0.0009123774517590496
weibull_softplus_unscaled@kappa_floor_link_flat15_nomargin,uncheatable,external_development,0,-1,delphi_3e18_39bucket:937f2ad80bf81c490b47d4ffa2a834687d935ca5b8d1aac556126ed037de7674,1.0122797858524561,0.003974490740063854
weibull_softplus_unscaled@kappa_floor_link_flat15_nomargin,uncheatable,external_development,0,-1,delphi_3e18_39bucket:9402f0aef28710392a371f6c2d00b98a0838d825536798d42069e950307c4c99,0.9837606239153844,0.0019595657835482835
weibull_softplus_unscaled@kappa_floor_link_flat15_nomargin,uncheatable,external_development,0,-1,delphi_3e18_39bucket:970c37b900cddf2525317a138fb131ccad6daea8791d001f37f7afb455709750,1.0280484059757449,0.0005684666462843635
weibull_softplus_unscaled@kappa_floor_link_flat15_nomargin,uncheatable,external_development,0,-1,delphi_3e18_39bucket:97a9a5ebb9cef7528b5a1da0e741881159e16d17debe1bae0a412102ad3ef173,0.9874338330878825,0.0015455370983141446
weibull_softplus_unscaled@kappa_floor_link_flat15_nomargin,uncheatable,external_development,0,-1,delphi_3e18_39bucket:99a1fe189ce40a2f048415cf2c9d05a5d0869a5118c2c936a4376cb325c23e68,0.9895932778802312,0.0026999331993183676
weibull_softplus_unscaled@kappa_floor_link_flat15_nomargin,uncheatable,external_development,0,-1,delphi_3e18_39bucket:9a343b0b93b0bad4f87152437bb40a403f7be5b9f572cfae5e7703e50bc7093a,1.0770212747413144,0.0023351813918035813
weibull_softplus_unscaled@kappa_floor_link_flat15_nomargin,uncheatable,external_development,0,-1,delphi_3e18_39bucket:9a66aeb4da20d6cb985f60b618c35fa92cb849c3995c7701c5b8b9785a935f95,1.038348416209359,0.0009285363403487102
weibull_softplus_unscaled@kappa_floor_link_flat15_nomargin,uncheatable,external_development,0,-1,delphi_3e18_39bucket:9b478f9223e98b33f203281ad106af33651a711905e81c6425afe46d362783dd,0.9895001984126359,0.002405732087348541
weibull_softplus_unscaled@kappa_floor_link_flat15_nomargin,uncheatable,external_development,0,-1,delphi_3e18_39bucket:9b5151b872ae7af3e6ea7b0848ca27f2df40cf9db2959053862a77d7bb2ce64a,1.0379161415489222,0.0009398034262903766
weibull_softplus_unscaled@kappa_floor_link_flat15_nomargin,uncheatable,external_development,0,-1,delphi_3e18_39bucket:9c6db70647e13c5852166d57e3fc232c7b5e9b140a9ad0d9b86579435f1b927e,1.0384413361702722,0.0009803201337209872
weibull_softplus_unscaled@kappa_floor_link_flat15_nomargin,uncheatable,external_development,0,-1,delphi_3e18_39bucket:9cb37ee04e914fba68e7aa6ea382c6a5dcc2b405ec78b251b537abc8f70b15f2,1.0881722976269657,0.006468325169057989
weibull_softplus_unscaled@kappa_floor_link_flat15_nomargin,uncheatable,external_development,0,-1,delphi_3e18_39bucket:9d67ecf7ca42caa8c17072acc340447c75d621fa7f6328d104f5c9aaeb7ec6e0,1.0016904818404377,0.0016822775270013766
weibull_softplus_unscaled@kappa_floor_link_flat15_nomargin,uncheatable,external_development,0,-1,delphi_3e18_39bucket:9dd4959b60a619086be7a961944fc3ecdd885a9e689014e9469cefc96b05d519,1.0422705057701518,0.0009280716636884588
weibull_softplus_unscaled@kappa_floor_link_flat15_nomargin,uncheatable,external_development,0,-1,delphi_3e18_39bucket:9e9c69194eb0212d58b2cd82c37cfb3cd0425cc53145c90e62e8fdaa0146b72c,1.0591941391745112,0.0017575624639708193
weibull_softplus_unscaled@kappa_floor_link_flat15_nomargin,uncheatable,external_development,0,-1,delphi_3e18_39bucket:a06702de740002664665137e4b38e0b8da850b54fa2b60043b07648bc7865e0d,1.0392675689476207,0.0010435798740966854
weibull_softplus_unscaled@kappa_floor_link_flat15_nomargin,uncheatable,external_development,0,-1,delphi_3e18_39bucket:a0bbc1f698c1a18d7f21e9791cce50f2a1d00723e1a937c8b85e7b03774f3749,1.037761611632817,0.0009195880825462984
weibull_softplus_unscaled@kappa_floor_link_flat15_nomargin,uncheatable,external_development,0,-1,delphi_3e18_39bucket:a112249e06f01c4b89fb7ab08cab57efeda282d92742f4cc252467705cf190b3,0.9903926029893682,0.0021692750106042697
weibull_softplus_unscaled@kappa_floor_link_flat15_nomargin,uncheatable,external_development,0,-1,delphi_3e18_39bucket:a1a917b1981fc2cad2c2759dccf963b51fb941fd9816c49087f7b119545d4161,0.9940977678807343,0.002981039041155385
weibull_softplus_unscaled@kappa_floor_link_flat15_nomargin,uncheatable,external_development,0,-1,delphi_3e18_39bucket:a1f87c7627ab9c948d93247605933c7e9d12b8ea41ba1996c0c22c23f0c60e1e,1.038653846737338,0.0009509960425678813
weibull_softplus_unscaled@kappa_floor_link_flat15_nomargin,uncheatable,external_development,0,-1,delphi_3e18_39bucket:a25dabb3c98aa39ea49c61f7537a84bdce96e8f918213f095826eb4df2bfcd91,1.0356864454877313,0.0005658194861548063
weibull_softplus_unscaled@kappa_floor_link_flat15_nomargin,uncheatable,external_development,0,-1,delphi_3e18_39bucket:a2e9ef04947000c42a5fce44f079afd6c9a82405871f0ae796e3a23c09bdcd60,1.1007178759191956,0.011479735940465165
weibull_softplus_unscaled@kappa_floor_link_flat15_nomargin,uncheatable,external_development,0,-1,delphi_3e18_39bucket:a315b6115cd413de8d5e39509e9b2bcb130fb31b515f2b998f7a274d483f99de,1.0372726587122645,0.0009839199444334507
weibull_softplus_unscaled@kappa_floor_link_flat15_nomargin,uncheatable,external_development,0,-1,delphi_3e18_39bucket:a33494886bea818345f1c4e736142dd31e9b8963c77dda49d14b97936f38ad95,1.0099854402245745,0.0026433624645053884
weibull_softplus_unscaled@kappa_floor_link_flat15_nomargin,uncheatable,external_development,0,-1,delphi_3e18_39bucket:a446352f8ea28f09e4c49fbb12b233c435b553f9d70c492c7073b7bf49c30026,0.9968413304853849,0.003095944005389226
weibull_softplus_unscaled@kappa_floor_link_flat15_nomargin,uncheatable,external_development,0,-1,delphi_3e18_39bucket:a4464fbeb7558934945cefd27711b340531f10f3393f5ab055b29227f11a2f02,1.0364520275396205,0.0010117486254946528
weibull_softplus_unscaled@kappa_floor_link_flat15_nomargin,uncheatable,external_development,0,-1,delphi_3e18_39bucket:a49233d8ca277189ab0cffa6075e2cba9b34d183388b505c02e9a17d70d7b1a8,1.029775609645641,0.00043645152601467233
weibull_softplus_unscaled@kappa_floor_link_flat15_nomargin,uncheatable,external_development,0,-1,delphi_3e18_39bucket:a570734958ce849cebca1348408f996861bd51f2f76876b6595f3aa361d871f5,0.9933720247125646,0.0016996091583511082
weibull_softplus_unscaled@kappa_floor_link_flat15_nomargin,uncheatable,external_development,0,-1,delphi_3e18_39bucket:a64059ebf6ac3d0875b9f311b2e3e574ff090986e2a18e0768c17721dee9a572,1.043305339528232,0.0016379611352755842
weibull_softplus_unscaled@kappa_floor_link_flat15_nomargin,uncheatable,external_development,0,-1,delphi_3e18_39bucket:a65d5c88e37d14e7e1c7bc24772a174122d7735d5bb9401952c2c43a9e52bcb0,1.0382745626338419,0.0009511984659117146
weibull_softplus_unscaled@kappa_floor_link_flat15_nomargin,uncheatable,external_development,0,-1,delphi_3e18_39bucket:a6f8ee66180ee4f314eaefad2d4a4d32b2dca4cca30189c172ec69c8e429a20f,0.9993553674465117,0.0026716001934983477
weibull_softplus_unscaled@kappa_floor_link_flat15_nomargin,uncheatable,external_development,0,-1,delphi_3e18_39bucket:a8c855f7247f4bb844661b84227e13a55c58f2bdeda554bdaadb6541e5fd19bc,1.0389327124020071,0.0010365184711162506
weibull_softplus_unscaled@kappa_floor_link_flat15_nomargin,uncheatable,external_development,0,-1,delphi_3e18_39bucket:a9443e4734c22f757147884341c62ae38299464729f87ed9ebc619cf23b893a1,1.036675326387676,0.0008958213158025089
weibull_softplus_unscaled@kappa_floor_link_flat15_nomargin,uncheatable,external_development,0,-1,delphi_3e18_39bucket:a96abbfe9e29b29f06fdb9be2935742296725f23def7ac46e67be6129f5ca741,1.0564176294181424,0.0015918169205424502
weibull_softplus_unscaled@kappa_floor_link_flat15_nomargin,uncheatable,external_development,0,-1,delphi_3e18_39bucket:a98036a6d9c1a1c7fb42982be7cae6f1e1d167bb4c7f7e78ebb546027f1e558f,1.042269310685596,0.0009728367746416523
weibull_softplus_unscaled@kappa_floor_link_flat15_nomargin,uncheatable,external_development,0,-1,delphi_3e18_39bucket:a9fad6c5f1a36df4b0cd5664cd0bb595654bf66783a68cba6267d2877016bdfc,1.001218463520459,0.006386055574320053
weibull_softplus_unscaled@kappa_floor_link_flat15_nomargin,uncheatable,external_development,0,-1,delphi_3e18_39bucket:aaabe532cd33109c14120ccd2d5f0e2d56bd18382aaad7be18cdb28330125142,0.9954078429769598,0.0015314034410545366
weibull_softplus_unscaled@kappa_floor_link_flat15_nomargin,uncheatable,external_development,0,-1,delphi_3e18_39bucket:abbb4c8d6968fb6ed79c1966d74bed13487aa096585bb6b17f377885c682253b,1.0891461358099828,0.006272556121448033
weibull_softplus_unscaled@kappa_floor_link_flat15_nomargin,uncheatable,external_development,0,-1,delphi_3e18_39bucket:acf47cd01afab11ff0fcb7160374abce76a2944fe7a7540d228c251e9321640d,0.9910282797678355,0.001997513766488139
weibull_softplus_unscaled@kappa_floor_link_flat15_nomargin,uncheatable,external_development,0,-1,delphi_3e18_39bucket:ad6cc7dabe4a5d5d4ba13920311e4ef81127a10801519d719266222379ae77b0,1.0053760709649913,0.0029456430187885427
weibull_softplus_unscaled@kappa_floor_link_flat15_nomargin,uncheatable,external_development,0,-1,delphi_3e18_39bucket:ae0dded03badca9af71c45d67446f487f2de6f1c7152b6c1a2d3ecada8a9d714,1.0364444472958567,0.0008882891137353787
weibull_softplus_unscaled@kappa_floor_link_flat15_nomargin,uncheatable,external_development,0,-1,delphi_3e18_39bucket:aeda5764b036cc36a476e458c4e1694138347c0c0a1c32ba56e16b7ce7f3a535,1.0545467972596423,0.0013038267358492551
weibull_softplus_unscaled@kappa_floor_link_flat15_nomargin,uncheatable,external_development,0,-1,delphi_3e18_39bucket:af23052e9bb0568d854252c7e9d912d01127effa106d2a440fdce6cbb8742532,0.9938077252741437,0.0024915914033720264
weibull_softplus_unscaled@kappa_floor_link_flat15_nomargin,uncheatable,external_development,0,-1,delphi_3e18_39bucket:afa7f9d2a6f67b5b722977318dc8a6e962bfa28bfccde83b219c44fa7eb9c05c,1.0381990959901122,0.0009718083346570727
weibull_softplus_unscaled@kappa_floor_link_flat15_nomargin,uncheatable,external_development,0,-1,delphi_3e18_39bucket:b0cb7fc00e70c87e1210c38349ab8e80c514b61f5bf14e6e4d3a1e054d88183c,0.9936528040155295,0.002574808023879194
weibull_softplus_unscaled@kappa_floor_link_flat15_nomargin,uncheatable,external_development,0,-1,delphi_3e18_39bucket:b1168e54ae7e32586bd89eeaf38a318cd349cbd8750efb93612a79f756b5f1f7,1.0386662659558294,0.0009908868304829717
weibull_softplus_unscaled@kappa_floor_link_flat15_nomargin,uncheatable,external_development,0,-1,delphi_3e18_39bucket:b24484975c0fdb42bc7d421c371e91d35f685b6538fffc7050e857d97e5348ff,1.002257777875307,0.0019262888539464053
weibull_softplus_unscaled@kappa_floor_link_flat15_nomargin,uncheatable,external_development,0,-1,delphi_3e18_39bucket:b284b63dfdbaa4d3a41a6cf73e5e7366a85962b9ae5dd51f141c10c51a17444f,1.0412309343498682,0.0009178975650244913
weibull_softplus_unscaled@kappa_floor_link_flat15_nomargin,uncheatable,external_development,0,-1,delphi_3e18_39bucket:b2e9ddb8f35e322ed0b092df87cdc78e620b2de7818b2a7c9891ff0e9a2b2203,0.9848325252334753,0.0023529326569492093
weibull_softplus_unscaled@kappa_floor_link_flat15_nomargin,uncheatable,external_development,0,-1,delphi_3e18_39bucket:b3c3cd22e3dae4f77235a1bb86fcf08ae715bc018b78109510794e1bfbbec0d2,1.0036974858379883,0.0032901537485999642
weibull_softplus_unscaled@kappa_floor_link_flat15_nomargin,uncheatable,external_development,0,-1,delphi_3e18_39bucket:b4019bdf109781eac2e9182593f4f84c5c51635d447918682e7ed12d25efdf1b,1.0371959719967547,0.0009573827419146858
weibull_softplus_unscaled@kappa_floor_link_flat15_nomargin,uncheatable,external_development,0,-1,delphi_3e18_39bucket:b49abfda63831b53ca2aab365cc35c3e6cd1bc8420b1e0028f54bd7f8961b11f,1.0370357646258457,0.0006276293721689786
weibull_softplus_unscaled@kappa_floor_link_flat15_nomargin,uncheatable,external_development,0,-1,delphi_3e18_39bucket:b4db7f9f5c435c1903537d5c944758a1e93d54c6a0fa3ddd19122f4e7b7298a0,0.9932453919888907,0.002866343684640536
weibull_softplus_unscaled@kappa_floor_link_flat15_nomargin,uncheatable,external_development,0,-1,delphi_3e18_39bucket:b5ee1f40e4fe0358ac680a969cd93dfe1b00c483ee3b2d4ff4bc73bd6424437b,1.078175190168001,0.005290462857656665
weibull_softplus_unscaled@kappa_floor_link_flat15_nomargin,uncheatable,external_development,0,-1,delphi_3e18_39bucket:b6430b97f099d96863ae8ad7779c1bddc164c591ab12cc5ea266142e19a7cdfd,1.037165874299078,0.0009273907908905582
weibull_softplus_unscaled@kappa_floor_link_flat15_nomargin,uncheatable,external_development,0,-1,delphi_3e18_39bucket:b6667136b81fbf1c226a8cff4ee0a7b9650067bfa77ddd0dae276509b612ea9d,1.035594210226076,0.0009643425410728482
weibull_softplus_unscaled@kappa_floor_link_flat15_nomargin,uncheatable,external_development,0,-1,delphi_3e18_39bucket:b785f71525744bfa0a8934b482dd570356bebd37292a9b70af0b1a2cf45d9e69,0.9861036454339002,0.0014993574534591422
weibull_softplus_unscaled@kappa_floor_link_flat15_nomargin,uncheatable,external_development,0,-1,delphi_3e18_39bucket:b8bf59231f485a24fb35df8862c073595e1cb0cd30c999520e88797d047bfeda,1.037487076083469,0.0010016790787382261
weibull_softplus_unscaled@kappa_floor_link_flat15_nomargin,uncheatable,external_development,0,-1,delphi_3e18_39bucket:b8c7bfd7161a0da8577d236f09c0ed25722a71943281d19f8b06065999e36ffd,1.0403178562764386,0.0011213376346958836
weibull_softplus_unscaled@kappa_floor_link_flat15_nomargin,uncheatable,external_development,0,-1,delphi_3e18_39bucket:bab1f73b1a1be66a924b70bb0fdb3a032f1ca3a1e246edb80c0f38d75143aed8,1.0372697529895931,0.0009950635359102066
weibull_softplus_unscaled@kappa_floor_link_flat15_nomargin,uncheatable,external_development,0,-1,delphi_3e18_39bucket:bb05f6aa43742ac092f7a6e36533b05e86a566f5ab7b747c98cf9c510521f22c,1.0288950812451114,0.0030529905928547442
weibull_softplus_unscaled@kappa_floor_link_flat15_nomargin,uncheatable,external_development,0,-1,delphi_3e18_39bucket:bc889b21107abd278efdaad769b5ab10949627f1ec05986ab2cab83a6d126c08,1.0083729718965473,0.0028498198658961343
weibull_softplus_unscaled@kappa_floor_link_flat15_nomargin,uncheatable,external_development,0,-1,delphi_3e18_39bucket:bd84fea18d97e337ca86db382439fe7990518cd6d78bfa8837b2e317c2bcd4ae,1.036715131332727,0.0009358770669215976
weibull_softplus_unscaled@kappa_floor_link_flat15_nomargin,uncheatable,external_development,0,-1,delphi_3e18_39bucket:bf919587f3da29d0e32d10ac8a4e6f6c80f5a696953a34e5d9856c2fce2ce46b,1.0373248070045131,0.0009642130195700445
weibull_softplus_unscaled@kappa_floor_link_flat15_nomargin,uncheatable,external_development,0,-1,delphi_3e18_39bucket:bfaa7baec03312fbaf797f310dcd3f2449da03d92fbbfc7d39721ffba14fafde,1.0395547171384596,0.0010627058482345609
weibull_softplus_unscaled@kappa_floor_link_flat15_nomargin,uncheatable,external_development,0,-1,delphi_3e18_39bucket:c00c0d5d9f7b8d4f9d4a1f2f6845f4dd0f7effdd60e8da9e988daf574adff818,1.0888222063205617,0.012564298165885996
weibull_softplus_unscaled@kappa_floor_link_flat15_nomargin,uncheatable,external_development,0,-1,delphi_3e18_39bucket:c054206f3c5615aa9b65c1b4c95b0fadd81c68829800edd74567f03e9a7344c7,1.054671432354001,0.0016958066717757043
weibull_softplus_unscaled@kappa_floor_link_flat15_nomargin,uncheatable,external_development,0,-1,delphi_3e18_39bucket:c05a1f0d7a09bbace45fa324f3b36f15945893a87c2ef8e65fd0ec3dc505ca12,1.0364376870811638,0.0008536089116511378
weibull_softplus_unscaled@kappa_floor_link_flat15_nomargin,uncheatable,external_development,0,-1,delphi_3e18_39bucket:c08749305f6303b7d46f8c9478053948d5c036a6450977e8de388609b95a2443,1.036416808600819,0.0009403309791558404
weibull_softplus_unscaled@kappa_floor_link_flat15_nomargin,uncheatable,external_development,0,-1,delphi_3e18_39bucket:c15c0a441754e3ca9b7ba442214315eb793714c1637ea6042915542863b4e52e,1.0364631303447553,0.0009053613408751641
weibull_softplus_unscaled@kappa_floor_link_flat15_nomargin,uncheatable,external_development,0,-1,delphi_3e18_39bucket:c2302ab8648345d0d2ed04a6a36d63bacb517001b059421011708c9eeb062a9b,1.088884792381057,0.0035256138053783794
weibull_softplus_unscaled@kappa_floor_link_flat15_nomargin,uncheatable,external_development,0,-1,delphi_3e18_39bucket:c25ebde7be5ebfe94bf12ac46a8dfb1fa5129c16c0776b56097d2c0b50badcf3,1.0423567803620735,0.0007490393332022427
weibull_softplus_unscaled@kappa_floor_link_flat15_nomargin,uncheatable,external_development,0,-1,delphi_3e18_39bucket:c2a96b7bef323ee258a79c3d89b1a60204189ab465b1c089c9361f2274b34cee,1.037696427618886,0.0009983574875924578
weibull_softplus_unscaled@kappa_floor_link_flat15_nomargin,uncheatable,external_development,0,-1,delphi_3e18_39bucket:c404d7ca8f49357e32b5fe2d2331593e2c60a0fc7de1d05930f61c6534d6f758,0.9962678281201295,0.0034463233261533967
weibull_softplus_unscaled@kappa_floor_link_flat15_nomargin,uncheatable,external_development,0,-1,delphi_3e18_39bucket:c4fc6809d2c27027b17ae596b8cb3ece12ace1af46d86d143cb6eeb4b1466ed4,1.0320036721390664,0.0011455561194854496
weibull_softplus_unscaled@kappa_floor_link_flat15_nomargin,uncheatable,external_development,0,-1,delphi_3e18_39bucket:c5b98b2371c8e5cfcb49f4a4f60aff9c21930087466aee3ea9f5c9e6dedd132b,1.0386784330148986,0.0011389893607268952
weibull_softplus_unscaled@kappa_floor_link_flat15_nomargin,uncheatable,external_development,0,-1,delphi_3e18_39bucket:c5ffa8e3d7c670e959036ab38016e0e17064fa12ac2fcba643c70b1ef25297b3,0.9948589751347163,0.0023487629133942005
weibull_softplus_unscaled@kappa_floor_link_flat15_nomargin,uncheatable,external_development,0,-1,delphi_3e18_39bucket:c6601f428a7e18377f34fa8ee9b58bb6a20e42c3abcadc04e7e64aef3ca82f2a,1.0379849777283257,0.000927736735385217
weibull_softplus_unscaled@kappa_floor_link_flat15_nomargin,uncheatable,external_development,0,-1,delphi_3e18_39bucket:c6cbc3ebaf486eecd75d04f449fdcc92c804765f512d2bceecde5c1aaa30dd39,0.999111512080114,0.0014871280297571459
weibull_softplus_unscaled@kappa_floor_link_flat15_nomargin,uncheatable,external_development,0,-1,delphi_3e18_39bucket:c721e392dcf2947fea2da8fcf1ef91d058c717ffb8e74e8402734e31f22578fc,1.0600519873039274,0.0012682113066525968
weibull_softplus_unscaled@kappa_floor_link_flat15_nomargin,uncheatable,external_development,0,-1,delphi_3e18_39bucket:c87ec77627abffb947457fe5ff94cee77dd2737df36b8233de3411db0560dfd6,1.0424486861595557,0.0010026185921780022
weibull_softplus_unscaled@kappa_floor_link_flat15_nomargin,uncheatable,external_development,0,-1,delphi_3e18_39bucket:c8a7abc202e6fa1b3d7cc9e00542979084efdddd63313db5c25669da85ad2b19,0.9962943423415792,0.0028141821009603552
weibull_softplus_unscaled@kappa_floor_link_flat15_nomargin,uncheatable,external_development,0,-1,delphi_3e18_39bucket:c8a7b68f3dd8d7d2600dc1e56fb8af9e5dcb176edc162738d4eaff7b540cd53b,0.9993898261662325,0.00184829370279243
weibull_softplus_unscaled@kappa_floor_link_flat15_nomargin,uncheatable,external_development,0,-1,delphi_3e18_39bucket:ca102ba62bbf29559c65ef5d820f9064d4e3c710e012829a4c0fd18013c5f806,1.0370902491626088,0.0011114875368643954
weibull_softplus_unscaled@kappa_floor_link_flat15_nomargin,uncheatable,external_development,0,-1,delphi_3e18_39bucket:ca5106858b9b57cf944d35ebd150b6feca9287a4f1d0cc9d182be3e623f00fa6,0.9984674903678887,0.0030032217840865972
weibull_softplus_unscaled@kappa_floor_link_flat15_nomargin,uncheatable,external_development,0,-1,delphi_3e18_39bucket:ca69ddeae35c4c684203106971843457fd269090a8b5885ef26b440471941286,1.0410578227250755,0.0008967295498914773
weibull_softplus_unscaled@kappa_floor_link_flat15_nomargin,uncheatable,external_development,0,-1,delphi_3e18_39bucket:ca71f5d232644557d07fcacb22abf1fe46660152bebbf6ab27caf4b6998d06a8,1.0379056025089735,0.0008878977576205791
weibull_softplus_unscaled@kappa_floor_link_flat15_nomargin,uncheatable,external_development,0,-1,delphi_3e18_39bucket:cb32fd5b0fd8a23c495ee8d05996c1926f4be32607954211152e0db19572b8c9,0.9936948913399841,0.0015740292089711045
weibull_softplus_unscaled@kappa_floor_link_flat15_nomargin,uncheatable,external_development,0,-1,delphi_3e18_39bucket:cb466766fe3b5296e1b15a347ff4fd4692400efc5cce4a696639c2129805162a,0.9992449678394334,0.001869879566256126
weibull_softplus_unscaled@kappa_floor_link_flat15_nomargin,uncheatable,external_development,0,-1,delphi_3e18_39bucket:cc2d283f3d5584275c7938fd4a0fadb9bbd9543dc9b5ae965f2d87df95c479ff,1.007342560599139,0.0006267960444903211
weibull_softplus_unscaled@kappa_floor_link_flat15_nomargin,uncheatable,external_development,0,-1,delphi_3e18_39bucket:cc8d689416c08c842058dd84255bb52de8103b71eb9f8f618204a90c83157584,1.0423823424058418,0.0012410961730027034
weibull_softplus_unscaled@kappa_floor_link_flat15_nomargin,uncheatable,external_development,0,-1,delphi_3e18_39bucket:cce19bcdfb95a772d1f465a94498e69474d7f7235d46ab401d3d0543e73f9e3b,1.0368624224950833,0.0007834316210222985
weibull_softplus_unscaled@kappa_floor_link_flat15_nomargin,uncheatable,external_development,0,-1,delphi_3e18_39bucket:cd1cd78d6325f56e5c761e7042369262a032ce78f12fc6d47e4ebf1ce0894339,0.9984618974419865,0.0027452449333889976
weibull_softplus_unscaled@kappa_floor_link_flat15_nomargin,uncheatable,external_development,0,-1,delphi_3e18_39bucket:cd8eec34fcd41e0cd76c6ef4d520fa83d6c6b5a1828c92c8c556ba4c806a58e7,1.0036701811496958,0.0014723144121212269
weibull_softplus_unscaled@kappa_floor_link_flat15_nomargin,uncheatable,external_development,0,-1,delphi_3e18_39bucket:d0464cb13d27d2a18ba98c8b83432b1ae53015c4d57e01bf932603caedbbac7d,1.0740475963785772,0.00950275252704416
weibull_softplus_unscaled@kappa_floor_link_flat15_nomargin,uncheatable,external_development,0,-1,delphi_3e18_39bucket:d097ba261d98ffe38b995691fc506821678d330c54b489b4d0e645e75c5e4e2e,0.9915375503349305,0.0026044940075301928
weibull_softplus_unscaled@kappa_floor_link_flat15_nomargin,uncheatable,external_development,0,-1,delphi_3e18_39bucket:d0b59aacb13e8749a0d761af5008890d6865d701d8550e40a60ca86f2e67ccb2,0.994965334915634,0.0028995728482328694
weibull_softplus_unscaled@kappa_floor_link_flat15_nomargin,uncheatable,external_development,0,-1,delphi_3e18_39bucket:d160bb3271ba96668590d3b3c7781ad51718216823831c921585a8f73ffc9cf7,1.0536471734402642,0.001981968305401518
weibull_softplus_unscaled@kappa_floor_link_flat15_nomargin,uncheatable,external_development,0,-1,delphi_3e18_39bucket:d1926d64591176c8020bee54efe637a248f4f8f8bf927613049d062dccff4228,1.0395201108861287,0.0009569739373183699
weibull_softplus_unscaled@kappa_floor_link_flat15_nomargin,uncheatable,external_development,0,-1,delphi_3e18_39bucket:d22385a3b372ad3742331c911e6df47b6459dcc8f7e6ce58cd5dfc1ca901a754,1.0389753984034278,0.0009761602868300053
weibull_softplus_unscaled@kappa_floor_link_flat15_nomargin,uncheatable,external_development,0,-1,delphi_3e18_39bucket:d2cb05198ef956cc89df9b6aee5c76ace3aa353ea2a7316011503bff3c873c17,1.007970109334932,0.001565071637688577
weibull_softplus_unscaled@kappa_floor_link_flat15_nomargin,uncheatable,external_development,0,-1,delphi_3e18_39bucket:d2e1cc893f01a2f4943b13a6c01ee72024f580a689c62fa909560c73a65054e5,1.0379157253711977,0.0011470303904701582
weibull_softplus_unscaled@kappa_floor_link_flat15_nomargin,uncheatable,external_development,0,-1,delphi_3e18_39bucket:d3a383c91e3c36378540e209e50999c8d005ae2b08fa6bcda7f383834b2d5dd7,1.0358122055747656,0.0018209318591905811
weibull_softplus_unscaled@kappa_floor_link_flat15_nomargin,uncheatable,external_development,0,-1,delphi_3e18_39bucket:d3b53955f30411b3c382fe4844d1526d3c14d09844153a940230c4beceeddb73,0.9864774779376925,0.0021536765016311275
weibull_softplus_unscaled@kappa_floor_link_flat15_nomargin,uncheatable,external_development,0,-1,delphi_3e18_39bucket:d3bba0f2b0ea428ec64283ded20ce739bbf9f7fab261d2b9b90cfb1bc9c6c75e,0.9897795826048782,0.0027217859390169866
weibull_softplus_unscaled@kappa_floor_link_flat15_nomargin,uncheatable,external_development,0,-1,delphi_3e18_39bucket:d3ffb3bd8e28eedb08376603e2c85cc3e83cc89ca533199775e943278e32c509,1.0014549938388368,0.003320896045731378
weibull_softplus_unscaled@kappa_floor_link_flat15_nomargin,uncheatable,external_development,0,-1,delphi_3e18_39bucket:d527a2813816791f311d6f8c670a30cc1ce84f41c6b7365ae771b1f53ebf6e7e,1.0275635729236805,0.0005418313330303034
weibull_softplus_unscaled@kappa_floor_link_flat15_nomargin,uncheatable,external_development,0,-1,delphi_3e18_39bucket:d65c8bd6c68862d250311137ac89042ba916da88e21f9cf04f7119fc9e25a489,1.0373275517305716,0.0010184586163782638
weibull_softplus_unscaled@kappa_floor_link_flat15_nomargin,uncheatable,external_development,0,-1,delphi_3e18_39bucket:d6c7da8dacb3efe4cbd45ee0cdd899a5a606cc57be51472b188809093554e699,1.036770136009313,0.0009399384385416507
weibull_softplus_unscaled@kappa_floor_link_flat15_nomargin,uncheatable,external_development,0,-1,delphi_3e18_39bucket:d6e102b380bcd9b39d2f2c4079d81d416738002f9b25316b3da9ac88d43b5a75,1.049752559770081,0.0011978093106732026
weibull_softplus_unscaled@kappa_floor_link_flat15_nomargin,uncheatable,external_development,0,-1,delphi_3e18_39bucket:d6f6db3e0cc1a598f7eb00a7cdd40d78f821a9336eb0eaafc14da93a04575fc5,1.0548337343156606,0.0018892856129646713
weibull_softplus_unscaled@kappa_floor_link_flat15_nomargin,uncheatable,external_development,0,-1,delphi_3e18_39bucket:d82c377f5bda11f52b93db01e55fa25c844255cf016ad96b80cba7cc1e618d90,1.0433744045450655,0.0009538402131345411
weibull_softplus_unscaled@kappa_floor_link_flat15_nomargin,uncheatable,external_development,0,-1,delphi_3e18_39bucket:d87d478ea93a73fe0faec12048b20970bdefd41aa65888c79d1d35c24ec3556f,1.0435793915339935,0.0012215825897547463
weibull_softplus_unscaled@kappa_floor_link_flat15_nomargin,uncheatable,external_development,0,-1,delphi_3e18_39bucket:d941fe99995a0f675ffc09f1d7883ac2d032a87a00fdfc22e934c5e5ca0b3452,1.0469332880408275,0.0009162343511946915
weibull_softplus_unscaled@kappa_floor_link_flat15_nomargin,uncheatable,external_development,0,-1,delphi_3e18_39bucket:da68fd5e623c705387752f321a8116e319a7ae87670618ba096558effd2df550,1.0059301666413125,0.001633681702015032
weibull_softplus_unscaled@kappa_floor_link_flat15_nomargin,uncheatable,external_development,0,-1,delphi_3e18_39bucket:dac1e0885f0941e15f72456af8f56424e1b8630c37344b54346219c98f5c5f0b,0.9951148321311203,0.0027744205710196045
weibull_softplus_unscaled@kappa_floor_link_flat15_nomargin,uncheatable,external_development,0,-1,delphi_3e18_39bucket:dc1f33b2668dfbb787d82df7f8e734431a829bbec2fbf8e9888d6eb582289a3d,0.9965131957853179,0.0028952769327744384
weibull_softplus_unscaled@kappa_floor_link_flat15_nomargin,uncheatable,external_development,0,-1,delphi_3e18_39bucket:dd42df7f0cbc461aa02a49d493e5c4c2ea94713026c4e3fffdf7e482f0a766ad,1.0500117127165902,0.0011298491908395387
weibull_softplus_unscaled@kappa_floor_link_flat15_nomargin,uncheatable,external_development,0,-1,delphi_3e18_39bucket:de0e4fef934b64c948d7c068f622295aabe99cb83c95ee0ad68b73c366c57402,1.0076783009124126,0.0017219342988099122
weibull_softplus_unscaled@kappa_floor_link_flat15_nomargin,uncheatable,external_development,0,-1,delphi_3e18_39bucket:e021fd14fbb714ef3bc7fe5df146588cfff0a72ec3ea45ae16d31eea5646ae09,1.0376780450290632,0.000926445851086129
weibull_softplus_unscaled@kappa_floor_link_flat15_nomargin,uncheatable,external_development,0,-1,delphi_3e18_39bucket:e0965c961694035e43a1da45a771f8e07c074674ecad18c76460f7ac0eef2137,1.0049635071735994,0.0011640573653530777
weibull_softplus_unscaled@kappa_floor_link_flat15_nomargin,uncheatable,external_development,0,-1,delphi_3e18_39bucket:e0a4d646094bff9aad92ca04cd9c5ca30c296001c0b7d65c3c20a1df0bd8ef08,1.043836400983005,0.0014008010908867813
weibull_softplus_unscaled@kappa_floor_link_flat15_nomargin,uncheatable,external_development,0,-1,delphi_3e18_39bucket:e0f79d9bac30fb11db8b83b66ba5e36c77c69e8b4eeece18a5b2a234d3198745,1.0377808789451168,0.0010011334779751906
weibull_softplus_unscaled@kappa_floor_link_flat15_nomargin,uncheatable,external_development,0,-1,delphi_3e18_39bucket:e188885cf2c9eba933b968231574f63edf90b3467074b7a9229ed11c950259ad,1.038169730070412,0.0009765961090248954
weibull_softplus_unscaled@kappa_floor_link_flat15_nomargin,uncheatable,external_development,0,-1,delphi_3e18_39bucket:e283e505de0059b81a2b58a66a9af312bc1f3c7a7440e50c3fdcb3ff8213a34f,1.0563746950143464,0.0018522097040367248
weibull_softplus_unscaled@kappa_floor_link_flat15_nomargin,uncheatable,external_development,0,-1,delphi_3e18_39bucket:e29801c3f5ba907bd5cc224343efa34e4693142ccec5ad71fd943c60b2b3a689,1.033558787047304,0.0006680645260027818
weibull_softplus_unscaled@kappa_floor_link_flat15_nomargin,uncheatable,external_development,0,-1,delphi_3e18_39bucket:e371bb5a7b5ad1a86dec663c9450a27400d377093eb89ae1812af20716ad2945,0.9969810031495581,0.0019200803205168318
weibull_softplus_unscaled@kappa_floor_link_flat15_nomargin,uncheatable,external_development,0,-1,delphi_3e18_39bucket:e5053e4f4ef86036c3ebe93d055c63ec2da1a1a029cde76ea807a3890d0fd10c,0.9981859133174913,0.0018928177161389107
weibull_softplus_unscaled@kappa_floor_link_flat15_nomargin,uncheatable,external_development,0,-1,delphi_3e18_39bucket:e539e936365493312d15f1130d1c083871a779dc98689047fcb9d5ebd05191ce,0.9944801811999848,0.0022695620524349103
weibull_softplus_unscaled@kappa_floor_link_flat15_nomargin,uncheatable,external_development,0,-1,delphi_3e18_39bucket:e55f4d10b3aedd9111e412c962fa53c063269d47d4571a980ba950ed937266ad,1.0373594992770474,0.0009783426202322049
weibull_softplus_unscaled@kappa_floor_link_flat15_nomargin,uncheatable,external_development,0,-1,delphi_3e18_39bucket:e65243af3fc92306e4aa4ea80d2c3f7aa6058bba97560ecd10959066d8d64383,1.0572064075009502,0.0025998035427038497
weibull_softplus_unscaled@kappa_floor_link_flat15_nomargin,uncheatable,external_development,0,-1,delphi_3e18_39bucket:e7d55ec7f15fc194cb4e857322dc1533eddb16463ccf163eabfcdd530a051d5e,0.9875560186091163,0.0021995585585383986
weibull_softplus_unscaled@kappa_floor_link_flat15_nomargin,uncheatable,external_development,0,-1,delphi_3e18_39bucket:e8042bb6d92f9c8c01d49ad73be7ff4b06f2e492202d1354da9b6f4aad4c91da,1.0359840287705637,0.0014752610613645817
weibull_softplus_unscaled@kappa_floor_link_flat15_nomargin,uncheatable,external_development,0,-1,delphi_3e18_39bucket:e890ab2bc556a0858503bfe95cb5a9f21eb6c1c6dc14818358fbe0f1f321f9eb,1.036998559654737,0.0009445714507509289
weibull_softplus_unscaled@kappa_floor_link_flat15_nomargin,uncheatable,external_development,0,-1,delphi_3e18_39bucket:e8afda03cd027d866c486aa919868e64ae6d1ddf97b54508d64398d495332317,1.037869294321787,0.0008780434310381166
weibull_softplus_unscaled@kappa_floor_link_flat15_nomargin,uncheatable,external_development,0,-1,delphi_3e18_39bucket:e8b6cae0ec44706b02ee30aefc28d571a4f78b62cff170d303c1ccd448092f43,1.0330683155440523,0.007402115597218794
weibull_softplus_unscaled@kappa_floor_link_flat15_nomargin,uncheatable,external_development,0,-1,delphi_3e18_39bucket:e8cac18abed6dd3d662e4660ad3b431000e291340c4fe937b2937ad6a00fdb1c,1.039702368819666,0.0010206533374588751
weibull_softplus_unscaled@kappa_floor_link_flat15_nomargin,uncheatable,external_development,0,-1,delphi_3e18_39bucket:e8df5e6e4d008b052d6e1ad64acc1fec9b2a47d27ba17bf21c0cd6d7b4b6cad5,1.0038855164107245,0.0033249542486006056
weibull_softplus_unscaled@kappa_floor_link_flat15_nomargin,uncheatable,external_development,0,-1,delphi_3e18_39bucket:e8e86e247324e07114d17c3fe9b93415a22bc9d717bbeb492e8a949f59ffc574,1.0435683967159846,0.0013852354322435078
weibull_softplus_unscaled@kappa_floor_link_flat15_nomargin,uncheatable,external_development,0,-1,delphi_3e18_39bucket:e9089fdfad382692c27f48d26c1957224471952b2a50bd7a47fc12615326767e,1.0358573454284947,0.007917566924872676
weibull_softplus_unscaled@kappa_floor_link_flat15_nomargin,uncheatable,external_development,0,-1,delphi_3e18_39bucket:e94c007e41ca009494ae3d9ae036d21271d6bb27b49c3b9d77a9d9148a879241,0.9973070511875844,0.0019570895405871
weibull_softplus_unscaled@kappa_floor_link_flat15_nomargin,uncheatable,external_development,0,-1,delphi_3e18_39bucket:e94c9cbd4ee682a9780bbcea3bf6df3497572253ed953eef164fa75ea4f66a2c,1.05885060141365,0.0021160090267412306
weibull_softplus_unscaled@kappa_floor_link_flat15_nomargin,uncheatable,external_development,0,-1,delphi_3e18_39bucket:e9c1eda31f2f4a0c52041968162f0f0ce4999866274b5690e4e05fda24a4bc2d,0.9973646975946385,0.0023057158539048664
weibull_softplus_unscaled@kappa_floor_link_flat15_nomargin,uncheatable,external_development,0,-1,delphi_3e18_39bucket:ea37effb52c1862ed6fafb478558f7d891c703943be66cd2416bd5c491bf7f6b,1.0001253765290756,0.0025998227771498743
weibull_softplus_unscaled@kappa_floor_link_flat15_nomargin,uncheatable,external_development,0,-1,delphi_3e18_39bucket:ea53229a9873c03ace1ba85e1e21a11a8844f0ff68de915348cd78997910f2e1,1.0373061365495717,0.0010084856114402723
weibull_softplus_unscaled@kappa_floor_link_flat15_nomargin,uncheatable,external_development,0,-1,delphi_3e18_39bucket:ea6e21bef589c2d52505ca81bef558a5da03e4625174320ea8242417e2382d77,1.035097253101119,0.0008140423570989906
weibull_softplus_unscaled@kappa_floor_link_flat15_nomargin,uncheatable,external_development,0,-1,delphi_3e18_39bucket:ea75e35453ea2a7fe2d3b283ddc673d53edfeee1ba389a2c21264bdf18ac8ca2,1.0372884253179455,0.0008244055145727288
weibull_softplus_unscaled@kappa_floor_link_flat15_nomargin,uncheatable,external_development,0,-1,delphi_3e18_39bucket:eafdbafe546506e8a5b90e6662ecdb9d4f1334f4e7f19e3081382c6da61f7293,1.0361309889877384,0.0009145018994693612
weibull_softplus_unscaled@kappa_floor_link_flat15_nomargin,uncheatable,external_development,0,-1,delphi_3e18_39bucket:ec06eca900d6ea9ba81679ee6cca83871b018289aec1505cba76db1fc87b6802,1.0668808878466858,0.0010822417484282261
weibull_softplus_unscaled@kappa_floor_link_flat15_nomargin,uncheatable,external_development,0,-1,delphi_3e18_39bucket:eccc22ab3929ddd9f2ac2480fd08560ef5ae820c2344f602a9dc02fbaf098cfe,1.0380351750038834,0.00107771846058718
weibull_softplus_unscaled@kappa_floor_link_flat15_nomargin,uncheatable,external_development,0,-1,delphi_3e18_39bucket:ed3e3b2774ff74e2b11ba21111ec69a02f045de419b00bf3bb3900c8304d9c61,1.0383938608165075,0.00101691480735079
weibull_softplus_unscaled@kappa_floor_link_flat15_nomargin,uncheatable,external_development,0,-1,delphi_3e18_39bucket:ed64cdd21c9e4cbfada10d701c2ea8ddca896eddd8c54397fc1fdb7be3fd0e7e,1.0355340124959986,0.0009331079544289114
weibull_softplus_unscaled@kappa_floor_link_flat15_nomargin,uncheatable,external_development,0,-1,delphi_3e18_39bucket:ee02c34fe2e5760160a4803e862cb1c4a623ee45da4d9adfdaa5aa9483dc78e3,1.0393696230544696,0.0011818145605790734
weibull_softplus_unscaled@kappa_floor_link_flat15_nomargin,uncheatable,external_development,0,-1,delphi_3e18_39bucket:ef418394bcf5783471166488c9835661c9087d4cd65379ce6a2798094e0ed89b,1.0383087176673365,0.0008484969181933088
weibull_softplus_unscaled@kappa_floor_link_flat15_nomargin,uncheatable,external_development,0,-1,delphi_3e18_39bucket:ef9f5d7e0f8cb99f585632847718d0452011c825e16f7d382f995c653e9ac9e7,1.0498598969805926,0.001457103503980061
weibull_softplus_unscaled@kappa_floor_link_flat15_nomargin,uncheatable,external_development,0,-1,delphi_3e18_39bucket:ef9f6cff6e4ea378dedecb72fceac0bdaad839d03f007c4afe577e29dbb99b4e,0.984064855873036,0.0016630122670814322
weibull_softplus_unscaled@kappa_floor_link_flat15_nomargin,uncheatable,external_development,0,-1,delphi_3e18_39bucket:effc4e48644f5aac8669d7cfde80db853124d6263860d16ab4f3958b1ac4eeb5,1.0065219405808559,0.001136425071588644
weibull_softplus_unscaled@kappa_floor_link_flat15_nomargin,uncheatable,external_development,0,-1,delphi_3e18_39bucket:f16199e7f2cdb043d550805be1d6c2cedde580382205dfe6009222e5329ab998,1.03603657779871,0.0010301630932369671
weibull_softplus_unscaled@kappa_floor_link_flat15_nomargin,uncheatable,external_development,0,-1,delphi_3e18_39bucket:f232b9fe34f7b04ebbfe91eb3239213c0003a3e608e279780f47e6c545811bb3,1.0394186551164837,0.0009966183381657267
weibull_softplus_unscaled@kappa_floor_link_flat15_nomargin,uncheatable,external_development,0,-1,delphi_3e18_39bucket:f2d3993c551000c1ee508c463805bd652f0f40a241a54fdf69aecee07fd2bb47,1.0396435104900488,0.0011444574769746267
weibull_softplus_unscaled@kappa_floor_link_flat15_nomargin,uncheatable,external_development,0,-1,delphi_3e18_39bucket:f387ec3241cb7be9b883e93ed53e1940f5fbf725f14ef13b1c76e1634c9e0704,1.0655289209705723,0.002368991808167896
weibull_softplus_unscaled@kappa_floor_link_flat15_nomargin,uncheatable,external_development,0,-1,delphi_3e18_39bucket:f52b9b33b05c41f331ddaef90666b37968827a31c9dbdee6bdd5c5554069af4b,1.0600814673552332,0.004982438179739873
weibull_softplus_unscaled@kappa_floor_link_flat15_nomargin,uncheatable,external_development,0,-1,delphi_3e18_39bucket:f597d4a7586698fbbc1b854337589ff532c04fd4a54699ae6665043e95934555,0.9914419083706171,0.002503957019771916
weibull_softplus_unscaled@kappa_floor_link_flat15_nomargin,uncheatable,external_development,0,-1,delphi_3e18_39bucket:f5c02be0cf834281311018f3922cb87d91ee62b6d20f4e7ac201af5ee0954f38,1.0364503905951374,0.0010172239902313416
weibull_softplus_unscaled@kappa_floor_link_flat15_nomargin,uncheatable,external_development,0,-1,delphi_3e18_39bucket:f6841e17099bc045d728b98540d5fb888d83f06d8ee4a4939cce171c39ff9c1a,1.0404518285568267,0.0009734717651734869
weibull_softplus_unscaled@kappa_floor_link_flat15_nomargin,uncheatable,external_development,0,-1,delphi_3e18_39bucket:f81afa5c14bbd67cc1fb496dcd8cd5779f46fed3843ce430341122b0cfff0750,1.0199369188471188,0.005073386908090576
weibull_softplus_unscaled@kappa_floor_link_flat15_nomargin,uncheatable,external_development,0,-1,delphi_3e18_39bucket:f8a8e264e7f30fe85c514e532e5f6bce8d2037da8458a757b0383f7dbf072f25,1.0349499422843036,0.0007883458492514201
weibull_softplus_unscaled@kappa_floor_link_flat15_nomargin,uncheatable,external_development,0,-1,delphi_3e18_39bucket:f95f22b464a3ca2eee25bd948f390a4ef40e83d2198fc976127df60c1e1668aa,1.0196074641691015,0.0007738152259374469
weibull_softplus_unscaled@kappa_floor_link_flat15_nomargin,uncheatable,external_development,0,-1,delphi_3e18_39bucket:f9bb0369b872fcb08e26e8d0629e52b1cb543956824511bc69a1d81d84b8e766,0.9927360871702431,0.0019889856563445447
weibull_softplus_unscaled@kappa_floor_link_flat15_nomargin,uncheatable,external_development,0,-1,delphi_3e18_39bucket:f9e349b2e05d04e16162ae18c9cde10806824cee16faba2af2564f533559151d,1.0334399540977972,0.0006758602978708
weibull_softplus_unscaled@kappa_floor_link_flat15_nomargin,uncheatable,external_development,0,-1,delphi_3e18_39bucket:f9e5fad6cd843eef1ec963c775019a7ed2d37fb9fc6d6458f98c8bb15b000248,1.0520588646181124,0.002031948923121385
weibull_softplus_unscaled@kappa_floor_link_flat15_nomargin,uncheatable,external_development,0,-1,delphi_3e18_39bucket:fa0294460f0573041da6b1435affe244e46d5459cf24f4d451fa7776c77261f6,0.9840593827808803,0.001578324991466111
weibull_softplus_unscaled@kappa_floor_link_flat15_nomargin,uncheatable,external_development,0,-1,delphi_3e18_39bucket:fafbc2ba18f1c7971ddf8e7eff5f92f1b11469cf1d80181209696d8655812553,1.043589526586832,0.0010107031019611801
weibull_softplus_unscaled@kappa_floor_link_flat15_nomargin,uncheatable,external_development,0,-1,delphi_3e18_39bucket:fb8cb11729c2b4e023d88d084293e65ec1f03e521aada50a0bde80863e530aa8,0.9993473586899307,0.0015518844720162645
weibull_softplus_unscaled@kappa_floor_link_flat15_nomargin,uncheatable,external_development,0,-1,delphi_3e18_39bucket:fcd0fd12a7c5020965f6947e8301e946fa54ac35b888fd77a64acdb284227b4d,1.0378941385413012,0.001185058505202737
weibull_softplus_unscaled@kappa_floor_link_flat15_nomargin,uncheatable,external_development,0,-1,delphi_3e18_39bucket:fd1878ded789f2edc41ab9255de95e0c7d881b315872d556b913e69f7cf031fc,0.9863071162993635,0.0022658140212741696
weibull_softplus_unscaled@kappa_floor_link_flat15_nomargin,uncheatable,external_development,0,-1,delphi_3e18_39bucket:fde889913d2682952bec8de25fd72402715ccecae048d5f22ad1228540aa83cf,1.0278550356603242,0.0005520572941632778
weibull_softplus_unscaled@kappa_floor_link_flat15_nomargin,uncheatable,external_development,0,-1,delphi_3e18_39bucket:fef2793a1123d329057bd31024def73e90c2aa567a327913bb8366c7204fc414,1.0564984674073155,0.0013976964127174172
weibull_softplus_unscaled@kappa_floor_link_flat15_nomargin,uncheatable,external_development,0,-1,delphi_3e18_39bucket:ff65381e6c6fa2fd41b3444cc7dae32b0a07f1eaf50d99b9dc409da261b0a1ac,1.0491014206921951,0.0012281877384314537
weibull_softplus_unscaled@kappa_floor_link_flat15_fixed15,uncheatable,panel_oof,0,0,7,1.0880051438148597,
weibull_softplus_unscaled@kappa_floor_link_flat15_fixed15,uncheatable,panel_oof,0,0,8,1.1375968043157374,
weibull_softplus_unscaled@kappa_floor_link_flat15_fixed15,uncheatable,panel_oof,0,0,25,1.105437276831977,
weibull_softplus_unscaled@kappa_floor_link_flat15_fixed15,uncheatable,panel_oof,0,0,35,1.0764122614370446,
weibull_softplus_unscaled@kappa_floor_link_flat15_fixed15,uncheatable,panel_oof,0,0,51,1.0862334403175742,
weibull_softplus_unscaled@kappa_floor_link_flat15_fixed15,uncheatable,panel_oof,0,0,56,1.0436078269901454,
weibull_softplus_unscaled@kappa_floor_link_flat15_fixed15,uncheatable,panel_oof,0,0,69,1.0958416601666021,
weibull_softplus_unscaled@kappa_floor_link_flat15_fixed15,uncheatable,panel_oof,0,0,81,1.0319205463878873,
weibull_softplus_unscaled@kappa_floor_link_flat15_fixed15,uncheatable,panel_oof,0,0,86,1.0875507542828333,
weibull_softplus_unscaled@kappa_floor_link_flat15_fixed15,uncheatable,panel_oof,0,0,99,1.0807890237804976,
weibull_softplus_unscaled@kappa_floor_link_flat15_fixed15,uncheatable,panel_oof,0,0,100,1.0919735699502846,
weibull_softplus_unscaled@kappa_floor_link_flat15_fixed15,uncheatable,panel_oof,0,0,106,1.1051042190949796,
weibull_softplus_unscaled@kappa_floor_link_flat15_fixed15,uncheatable,panel_oof,0,0,107,1.131940532470481,
weibull_softplus_unscaled@kappa_floor_link_flat15_fixed15,uncheatable,panel_oof,0,0,126,1.06950474976487,
weibull_softplus_unscaled@kappa_floor_link_flat15_fixed15,uncheatable,panel_oof,0,0,136,1.1195323549627605,
weibull_softplus_unscaled@kappa_floor_link_flat15_fixed15,uncheatable,panel_oof,0,0,137,1.0705177161680086,
weibull_softplus_unscaled@kappa_floor_link_flat15_fixed15,uncheatable,panel_oof,0,0,140,1.0734703748750363,
weibull_softplus_unscaled@kappa_floor_link_flat15_fixed15,uncheatable,panel_oof,0,0,141,1.0713607758821406,
weibull_softplus_unscaled@kappa_floor_link_flat15_fixed15,uncheatable,panel_oof,0,0,142,1.0693105687132167,
weibull_softplus_unscaled@kappa_floor_link_flat15_fixed15,uncheatable,panel_oof,0,0,145,1.0626580022120646,
weibull_softplus_unscaled@kappa_floor_link_flat15_fixed15,uncheatable,panel_oof,0,0,147,1.0782341162816769,
weibull_softplus_unscaled@kappa_floor_link_flat15_fixed15,uncheatable,panel_oof,0,0,163,1.0629031943566059,
weibull_softplus_unscaled@kappa_floor_link_flat15_fixed15,uncheatable,panel_oof,0,0,165,1.0688530306895445,
weibull_softplus_unscaled@kappa_floor_link_flat15_fixed15,uncheatable,panel_oof,0,0,169,1.1184641769905457,
weibull_softplus_unscaled@kappa_floor_link_flat15_fixed15,uncheatable,panel_oof,0,0,171,1.098415968097351,
weibull_softplus_unscaled@kappa_floor_link_flat15_fixed15,uncheatable,panel_oof,0,0,187,1.1220421120288897,
weibull_softplus_unscaled@kappa_floor_link_flat15_fixed15,uncheatable,panel_oof,0,0,188,1.0704627779368021,
weibull_softplus_unscaled@kappa_floor_link_flat15_fixed15,uncheatable,panel_oof,0,0,191,1.0445622563497272,
weibull_softplus_unscaled@kappa_floor_link_flat15_fixed15,uncheatable,panel_oof,0,0,195,1.0584147684837548,
weibull_softplus_unscaled@kappa_floor_link_flat15_fixed15,uncheatable,panel_oof,0,0,197,1.079534441397871,
weibull_softplus_unscaled@kappa_floor_link_flat15_fixed15,uncheatable,panel_oof,0,0,200,1.0329107847844798,
weibull_softplus_unscaled@kappa_floor_link_flat15_fixed15,uncheatable,panel_oof,0,0,208,1.087691641414316,
weibull_softplus_unscaled@kappa_floor_link_flat15_fixed15,uncheatable,panel_oof,0,0,209,1.0562185610247714,
weibull_softplus_unscaled@kappa_floor_link_flat15_fixed15,uncheatable,panel_oof,0,0,210,1.103028707958091,
weibull_softplus_unscaled@kappa_floor_link_flat15_fixed15,uncheatable,panel_oof,0,0,217,1.0816822646924593,
weibull_softplus_unscaled@kappa_floor_link_flat15_fixed15,uncheatable,panel_oof,0,0,219,1.0889091626291745,
weibull_softplus_unscaled@kappa_floor_link_flat15_fixed15,uncheatable,panel_oof,0,0,220,1.0610401242557106,
weibull_softplus_unscaled@kappa_floor_link_flat15_fixed15,uncheatable,panel_oof,0,0,223,1.0466281650458678,
weibull_softplus_unscaled@kappa_floor_link_flat15_fixed15,uncheatable,panel_oof,0,0,233,1.0619746631999245,
weibull_softplus_unscaled@kappa_floor_link_flat15_fixed15,uncheatable,panel_oof,0,0,237,1.070241537341799,
weibull_softplus_unscaled@kappa_floor_link_flat15_fixed15,uncheatable,panel_oof,0,1,1,1.0227605875622112,
weibull_softplus_unscaled@kappa_floor_link_flat15_fixed15,uncheatable,panel_oof,0,1,241,1.034463623530349,
weibull_softplus_unscaled@kappa_floor_link_flat15_fixed15,uncheatable,panel_oof,0,1,242,1.034622267330155,
weibull_softplus_unscaled@kappa_floor_link_flat15_fixed15,uncheatable,panel_oof,0,1,243,1.0343848283107544,
weibull_softplus_unscaled@kappa_floor_link_flat15_fixed15,uncheatable,panel_oof,0,1,244,1.034807055626019,
weibull_softplus_unscaled@kappa_floor_link_flat15_fixed15,uncheatable,panel_oof,0,1,245,1.03330554428828,
weibull_softplus_unscaled@kappa_floor_link_flat15_fixed15,uncheatable,panel_oof,0,1,246,1.0334776909331573,
weibull_softplus_unscaled@kappa_floor_link_flat15_fixed15,uncheatable,panel_oof,0,1,247,1.0338980132158688,
weibull_softplus_unscaled@kappa_floor_link_flat15_fixed15,uncheatable,panel_oof,0,1,248,1.0340143058084248,
weibull_softplus_unscaled@kappa_floor_link_flat15_fixed15,uncheatable,panel_oof,0,1,249,1.032792279738517,
weibull_softplus_unscaled@kappa_floor_link_flat15_fixed15,uncheatable,panel_oof,0,1,250,1.033434196708986,
weibull_softplus_unscaled@kappa_floor_link_flat15_fixed15,uncheatable,panel_oof,0,1,251,1.0311833919513114,
weibull_softplus_unscaled@kappa_floor_link_flat15_fixed15,uncheatable,panel_oof,0,1,252,1.032889261415815,
weibull_softplus_unscaled@kappa_floor_link_flat15_fixed15,uncheatable,panel_oof,0,1,253,1.0336366867872981,
weibull_softplus_unscaled@kappa_floor_link_flat15_fixed15,uncheatable,panel_oof,0,1,254,1.0342539688077406,
weibull_softplus_unscaled@kappa_floor_link_flat15_fixed15,uncheatable,panel_oof,0,1,255,1.0336502745186993,
weibull_softplus_unscaled@kappa_floor_link_flat15_fixed15,uncheatable,panel_oof,0,1,256,1.033747098986479,
weibull_softplus_unscaled@kappa_floor_link_flat15_fixed15,uncheatable,panel_oof,0,1,257,1.031127797977247,
weibull_softplus_unscaled@kappa_floor_link_flat15_fixed15,uncheatable,panel_oof,0,1,258,1.0334858739047057,
weibull_softplus_unscaled@kappa_floor_link_flat15_fixed15,uncheatable,panel_oof,0,1,259,1.0354720239585018,
weibull_softplus_unscaled@kappa_floor_link_flat15_fixed15,uncheatable,panel_oof,0,1,260,1.0352944523094645,
weibull_softplus_unscaled@kappa_floor_link_flat15_fixed15,uncheatable,panel_oof,0,1,261,1.0341884234896603,
weibull_softplus_unscaled@kappa_floor_link_flat15_fixed15,uncheatable,panel_oof,0,1,262,1.035861057993072,
weibull_softplus_unscaled@kappa_floor_link_flat15_fixed15,uncheatable,panel_oof,0,1,263,1.0358137553161784,
weibull_softplus_unscaled@kappa_floor_link_flat15_fixed15,uncheatable,panel_oof,0,1,264,1.0354594108874373,
weibull_softplus_unscaled@kappa_floor_link_flat15_fixed15,uncheatable,panel_oof,0,1,265,1.0361427730766162,
weibull_softplus_unscaled@kappa_floor_link_flat15_fixed15,uncheatable,panel_oof,0,1,266,1.036237814800435,
weibull_softplus_unscaled@kappa_floor_link_flat15_fixed15,uncheatable,panel_oof,0,1,267,1.0571314899338686,
weibull_softplus_unscaled@kappa_floor_link_flat15_fixed15,uncheatable,panel_oof,0,1,268,1.036510965191237,
weibull_softplus_unscaled@kappa_floor_link_flat15_fixed15,uncheatable,panel_oof,0,1,269,1.0367767427368841,
weibull_softplus_unscaled@kappa_floor_link_flat15_fixed15,uncheatable,panel_oof,0,1,270,1.034383137141611,
weibull_softplus_unscaled@kappa_floor_link_flat15_fixed15,uncheatable,panel_oof,0,1,271,1.0282243008199539,
weibull_softplus_unscaled@kappa_floor_link_flat15_fixed15,uncheatable,panel_oof,0,1,272,1.036147961870512,
weibull_softplus_unscaled@kappa_floor_link_flat15_fixed15,uncheatable,panel_oof,0,1,273,1.0559320253927393,
weibull_softplus_unscaled@kappa_floor_link_flat15_fixed15,uncheatable,panel_oof,0,1,274,1.034634026301005,
weibull_softplus_unscaled@kappa_floor_link_flat15_fixed15,uncheatable,panel_oof,0,1,275,1.0442354322365837,
weibull_softplus_unscaled@kappa_floor_link_flat15_fixed15,uncheatable,panel_oof,0,1,276,1.0360671085698963,
weibull_softplus_unscaled@kappa_floor_link_flat15_fixed15,uncheatable,panel_oof,0,1,277,1.036196737066092,
weibull_softplus_unscaled@kappa_floor_link_flat15_fixed15,uncheatable,panel_oof,0,1,278,1.0341471396295927,
weibull_softplus_unscaled@kappa_floor_link_flat15_fixed15,uncheatable,panel_oof,0,1,279,1.0350430859457087,
weibull_softplus_unscaled@kappa_floor_link_flat15_fixed15,uncheatable,panel_oof,0,2,3,1.0639831407327194,
weibull_softplus_unscaled@kappa_floor_link_flat15_fixed15,uncheatable,panel_oof,0,2,5,1.2376606312068472,
weibull_softplus_unscaled@kappa_floor_link_flat15_fixed15,uncheatable,panel_oof,0,2,6,1.0915377234346206,
weibull_softplus_unscaled@kappa_floor_link_flat15_fixed15,uncheatable,panel_oof,0,2,10,1.0897963969468913,
weibull_softplus_unscaled@kappa_floor_link_flat15_fixed15,uncheatable,panel_oof,0,2,15,1.083376438289589,
weibull_softplus_unscaled@kappa_floor_link_flat15_fixed15,uncheatable,panel_oof,0,2,20,1.1049048224593787,
weibull_softplus_unscaled@kappa_floor_link_flat15_fixed15,uncheatable,panel_oof,0,2,26,1.0524727196212162,
weibull_softplus_unscaled@kappa_floor_link_flat15_fixed15,uncheatable,panel_oof,0,2,29,1.0830157443201323,
weibull_softplus_unscaled@kappa_floor_link_flat15_fixed15,uncheatable,panel_oof,0,2,30,1.0604113780079838,
weibull_softplus_unscaled@kappa_floor_link_flat15_fixed15,uncheatable,panel_oof,0,2,34,1.0537618710673442,
weibull_softplus_unscaled@kappa_floor_link_flat15_fixed15,uncheatable,panel_oof,0,2,39,1.0778719321127044,
weibull_softplus_unscaled@kappa_floor_link_flat15_fixed15,uncheatable,panel_oof,0,2,41,1.1021568491434337,
weibull_softplus_unscaled@kappa_floor_link_flat15_fixed15,uncheatable,panel_oof,0,2,46,1.0860874644454916,
weibull_softplus_unscaled@kappa_floor_link_flat15_fixed15,uncheatable,panel_oof,0,2,48,1.0487330049136012,
weibull_softplus_unscaled@kappa_floor_link_flat15_fixed15,uncheatable,panel_oof,0,2,57,1.1101969468531128,
weibull_softplus_unscaled@kappa_floor_link_flat15_fixed15,uncheatable,panel_oof,0,2,62,1.085890288710662,
weibull_softplus_unscaled@kappa_floor_link_flat15_fixed15,uncheatable,panel_oof,0,2,65,1.0685950458668985,
weibull_softplus_unscaled@kappa_floor_link_flat15_fixed15,uncheatable,panel_oof,0,2,68,1.0941212732304944,
weibull_softplus_unscaled@kappa_floor_link_flat15_fixed15,uncheatable,panel_oof,0,2,73,1.0520484982352205,
weibull_softplus_unscaled@kappa_floor_link_flat15_fixed15,uncheatable,panel_oof,0,2,79,1.1014917620761817,
weibull_softplus_unscaled@kappa_floor_link_flat15_fixed15,uncheatable,panel_oof,0,2,83,1.0553479447530436,
weibull_softplus_unscaled@kappa_floor_link_flat15_fixed15,uncheatable,panel_oof,0,2,84,1.0834674850369455,
weibull_softplus_unscaled@kappa_floor_link_flat15_fixed15,uncheatable,panel_oof,0,2,87,1.0804231299723335,
weibull_softplus_unscaled@kappa_floor_link_flat15_fixed15,uncheatable,panel_oof,0,2,90,1.046663088985461,
weibull_softplus_unscaled@kappa_floor_link_flat15_fixed15,uncheatable,panel_oof,0,2,91,1.1042562252445431,
weibull_softplus_unscaled@kappa_floor_link_flat15_fixed15,uncheatable,panel_oof,0,2,98,1.0497612703700283,
weibull_softplus_unscaled@kappa_floor_link_flat15_fixed15,uncheatable,panel_oof,0,2,101,1.0895971021975748,
weibull_softplus_unscaled@kappa_floor_link_flat15_fixed15,uncheatable,panel_oof,0,2,105,1.0701189984139985,
weibull_softplus_unscaled@kappa_floor_link_flat15_fixed15,uncheatable,panel_oof,0,2,109,1.0880706968157803,
weibull_softplus_unscaled@kappa_floor_link_flat15_fixed15,uncheatable,panel_oof,0,2,112,1.0639829355780628,
weibull_softplus_unscaled@kappa_floor_link_flat15_fixed15,uncheatable,panel_oof,0,2,113,1.1193815745224942,
weibull_softplus_unscaled@kappa_floor_link_flat15_fixed15,uncheatable,panel_oof,0,2,115,1.066144719703638,
weibull_softplus_unscaled@kappa_floor_link_flat15_fixed15,uncheatable,panel_oof,0,2,116,1.1001575569623676,
weibull_softplus_unscaled@kappa_floor_link_flat15_fixed15,uncheatable,panel_oof,0,2,119,1.0535256123442431,
weibull_softplus_unscaled@kappa_floor_link_flat15_fixed15,uncheatable,panel_oof,0,2,122,1.0729301229345738,
weibull_softplus_unscaled@kappa_floor_link_flat15_fixed15,uncheatable,panel_oof,0,2,123,1.0599803277109783,
weibull_softplus_unscaled@kappa_floor_link_flat15_fixed15,uncheatable,panel_oof,0,2,124,1.0949941578266413,
weibull_softplus_unscaled@kappa_floor_link_flat15_fixed15,uncheatable,panel_oof,0,2,133,1.136799458819254,
weibull_softplus_unscaled@kappa_floor_link_flat15_fixed15,uncheatable,panel_oof,0,2,134,1.068080023248923,
weibull_softplus_unscaled@kappa_floor_link_flat15_fixed15,uncheatable,panel_oof,0,2,135,1.0623298404031036,
weibull_softplus_unscaled@kappa_floor_link_flat15_fixed15,uncheatable,panel_oof,0,2,138,1.0764321522828562,
weibull_softplus_unscaled@kappa_floor_link_flat15_fixed15,uncheatable,panel_oof,0,2,144,1.0795836409031536,
weibull_softplus_unscaled@kappa_floor_link_flat15_fixed15,uncheatable,panel_oof,0,2,151,1.0818601701165855,
weibull_softplus_unscaled@kappa_floor_link_flat15_fixed15,uncheatable,panel_oof,0,2,152,1.0458596099455613,
weibull_softplus_unscaled@kappa_floor_link_flat15_fixed15,uncheatable,panel_oof,0,2,154,1.076520447788752,
weibull_softplus_unscaled@kappa_floor_link_flat15_fixed15,uncheatable,panel_oof,0,2,157,1.1131803535520528,
weibull_softplus_unscaled@kappa_floor_link_flat15_fixed15,uncheatable,panel_oof,0,2,158,1.0641114624238193,
weibull_softplus_unscaled@kappa_floor_link_flat15_fixed15,uncheatable,panel_oof,0,2,160,1.084971129657356,
weibull_softplus_unscaled@kappa_floor_link_flat15_fixed15,uncheatable,panel_oof,0,2,166,1.0641755226279401,
weibull_softplus_unscaled@kappa_floor_link_flat15_fixed15,uncheatable,panel_oof,0,2,172,1.0467195880422855,
weibull_softplus_unscaled@kappa_floor_link_flat15_fixed15,uncheatable,panel_oof,0,2,175,1.064306459013837,
weibull_softplus_unscaled@kappa_floor_link_flat15_fixed15,uncheatable,panel_oof,0,2,176,1.0463720063588795,
weibull_softplus_unscaled@kappa_floor_link_flat15_fixed15,uncheatable,panel_oof,0,2,182,1.0773510950572007,
weibull_softplus_unscaled@kappa_floor_link_flat15_fixed15,uncheatable,panel_oof,0,2,183,1.0726484841710313,
weibull_softplus_unscaled@kappa_floor_link_flat15_fixed15,uncheatable,panel_oof,0,2,196,1.1144532223658485,
weibull_softplus_unscaled@kappa_floor_link_flat15_fixed15,uncheatable,panel_oof,0,2,198,1.076229676694631,
weibull_softplus_unscaled@kappa_floor_link_flat15_fixed15,uncheatable,panel_oof,0,2,205,1.0786476156979412,
weibull_softplus_unscaled@kappa_floor_link_flat15_fixed15,uncheatable,panel_oof,0,2,211,1.0839152080719703,
weibull_softplus_unscaled@kappa_floor_link_flat15_fixed15,uncheatable,panel_oof,0,2,213,1.030137279439601,
weibull_softplus_unscaled@kappa_floor_link_flat15_fixed15,uncheatable,panel_oof,0,2,215,1.0453115522768224,
weibull_softplus_unscaled@kappa_floor_link_flat15_fixed15,uncheatable,panel_oof,0,2,222,1.052421393087641,
weibull_softplus_unscaled@kappa_floor_link_flat15_fixed15,uncheatable,panel_oof,0,2,224,1.1256306038751995,
weibull_softplus_unscaled@kappa_floor_link_flat15_fixed15,uncheatable,panel_oof,0,2,226,1.1021107740468785,
weibull_softplus_unscaled@kappa_floor_link_flat15_fixed15,uncheatable,panel_oof,0,2,227,1.0581320714330638,
weibull_softplus_unscaled@kappa_floor_link_flat15_fixed15,uncheatable,panel_oof,0,2,229,1.0427154767392537,
weibull_softplus_unscaled@kappa_floor_link_flat15_fixed15,uncheatable,panel_oof,0,2,235,1.0579527223452723,
weibull_softplus_unscaled@kappa_floor_link_flat15_fixed15,uncheatable,panel_oof,0,2,236,1.0618293675840875,
weibull_softplus_unscaled@kappa_floor_link_flat15_fixed15,uncheatable,panel_oof,0,2,238,1.0674979898789374,
weibull_softplus_unscaled@kappa_floor_link_flat15_fixed15,uncheatable,panel_oof,0,3,2,1.0937377539233388,
weibull_softplus_unscaled@kappa_floor_link_flat15_fixed15,uncheatable,panel_oof,0,3,4,1.1004589337408661,
weibull_softplus_unscaled@kappa_floor_link_flat15_fixed15,uncheatable,panel_oof,0,3,9,1.116448165059003,
weibull_softplus_unscaled@kappa_floor_link_flat15_fixed15,uncheatable,panel_oof,0,3,11,1.0809141555506177,
weibull_softplus_unscaled@kappa_floor_link_flat15_fixed15,uncheatable,panel_oof,0,3,12,1.122596997905854,
weibull_softplus_unscaled@kappa_floor_link_flat15_fixed15,uncheatable,panel_oof,0,3,13,1.0843030839633476,
weibull_softplus_unscaled@kappa_floor_link_flat15_fixed15,uncheatable,panel_oof,0,3,14,1.086982047633034,
weibull_softplus_unscaled@kappa_floor_link_flat15_fixed15,uncheatable,panel_oof,0,3,16,1.0451866416304818,
weibull_softplus_unscaled@kappa_floor_link_flat15_fixed15,uncheatable,panel_oof,0,3,17,1.1067995462122244,
weibull_softplus_unscaled@kappa_floor_link_flat15_fixed15,uncheatable,panel_oof,0,3,21,1.0798034007779076,
weibull_softplus_unscaled@kappa_floor_link_flat15_fixed15,uncheatable,panel_oof,0,3,22,1.0695785449460966,
weibull_softplus_unscaled@kappa_floor_link_flat15_fixed15,uncheatable,panel_oof,0,3,23,1.1047163384500749,
weibull_softplus_unscaled@kappa_floor_link_flat15_fixed15,uncheatable,panel_oof,0,3,24,1.0380257665611368,
weibull_softplus_unscaled@kappa_floor_link_flat15_fixed15,uncheatable,panel_oof,0,3,27,1.068642514614536,
weibull_softplus_unscaled@kappa_floor_link_flat15_fixed15,uncheatable,panel_oof,0,3,32,1.055626451861396,
weibull_softplus_unscaled@kappa_floor_link_flat15_fixed15,uncheatable,panel_oof,0,3,33,1.074447436718361,
weibull_softplus_unscaled@kappa_floor_link_flat15_fixed15,uncheatable,panel_oof,0,3,36,1.0913853902305055,
weibull_softplus_unscaled@kappa_floor_link_flat15_fixed15,uncheatable,panel_oof,0,3,37,1.0559181640525583,
weibull_softplus_unscaled@kappa_floor_link_flat15_fixed15,uncheatable,panel_oof,0,3,38,1.0849678097794289,
weibull_softplus_unscaled@kappa_floor_link_flat15_fixed15,uncheatable,panel_oof,0,3,40,1.0673521321105048,
weibull_softplus_unscaled@kappa_floor_link_flat15_fixed15,uncheatable,panel_oof,0,3,43,1.0876997038859617,
weibull_softplus_unscaled@kappa_floor_link_flat15_fixed15,uncheatable,panel_oof,0,3,44,1.1109385059514802,
weibull_softplus_unscaled@kappa_floor_link_flat15_fixed15,uncheatable,panel_oof,0,3,45,1.0837419515556928,
weibull_softplus_unscaled@kappa_floor_link_flat15_fixed15,uncheatable,panel_oof,0,3,49,1.0823294943670279,
weibull_softplus_unscaled@kappa_floor_link_flat15_fixed15,uncheatable,panel_oof,0,3,50,1.1013507794518511,
weibull_softplus_unscaled@kappa_floor_link_flat15_fixed15,uncheatable,panel_oof,0,3,52,1.0732516450502643,
weibull_softplus_unscaled@kappa_floor_link_flat15_fixed15,uncheatable,panel_oof,0,3,53,1.0579518604527596,
weibull_softplus_unscaled@kappa_floor_link_flat15_fixed15,uncheatable,panel_oof,0,3,54,1.0482966522055837,
weibull_softplus_unscaled@kappa_floor_link_flat15_fixed15,uncheatable,panel_oof,0,3,55,1.0550185241827732,
weibull_softplus_unscaled@kappa_floor_link_flat15_fixed15,uncheatable,panel_oof,0,3,58,1.1005403621300018,
weibull_softplus_unscaled@kappa_floor_link_flat15_fixed15,uncheatable,panel_oof,0,3,59,1.0532373285546264,
weibull_softplus_unscaled@kappa_floor_link_flat15_fixed15,uncheatable,panel_oof,0,3,61,1.0569733316689824,
weibull_softplus_unscaled@kappa_floor_link_flat15_fixed15,uncheatable,panel_oof,0,3,63,1.047873871285547,
weibull_softplus_unscaled@kappa_floor_link_flat15_fixed15,uncheatable,panel_oof,0,3,64,1.1032030846010317,
weibull_softplus_unscaled@kappa_floor_link_flat15_fixed15,uncheatable,panel_oof,0,3,66,1.0820423484191501,
weibull_softplus_unscaled@kappa_floor_link_flat15_fixed15,uncheatable,panel_oof,0,3,67,1.0797572273475864,
weibull_softplus_unscaled@kappa_floor_link_flat15_fixed15,uncheatable,panel_oof,0,3,70,1.0835154642364457,
weibull_softplus_unscaled@kappa_floor_link_flat15_fixed15,uncheatable,panel_oof,0,3,71,1.0896995622281587,
weibull_softplus_unscaled@kappa_floor_link_flat15_fixed15,uncheatable,panel_oof,0,3,72,1.0747047686668945,
weibull_softplus_unscaled@kappa_floor_link_flat15_fixed15,uncheatable,panel_oof,0,3,74,1.069399989223668,
weibull_softplus_unscaled@kappa_floor_link_flat15_fixed15,uncheatable,panel_oof,0,3,75,1.0722241489545095,
weibull_softplus_unscaled@kappa_floor_link_flat15_fixed15,uncheatable,panel_oof,0,3,78,1.076948787140389,
weibull_softplus_unscaled@kappa_floor_link_flat15_fixed15,uncheatable,panel_oof,0,3,85,1.0668845372463565,
weibull_softplus_unscaled@kappa_floor_link_flat15_fixed15,uncheatable,panel_oof,0,3,88,1.0959142508451065,
weibull_softplus_unscaled@kappa_floor_link_flat15_fixed15,uncheatable,panel_oof,0,3,89,1.076208766778418,
weibull_softplus_unscaled@kappa_floor_link_flat15_fixed15,uncheatable,panel_oof,0,3,92,1.0567526283889075,
weibull_softplus_unscaled@kappa_floor_link_flat15_fixed15,uncheatable,panel_oof,0,3,93,1.0738956799835084,
weibull_softplus_unscaled@kappa_floor_link_flat15_fixed15,uncheatable,panel_oof,0,3,94,1.0567007064408498,
weibull_softplus_unscaled@kappa_floor_link_flat15_fixed15,uncheatable,panel_oof,0,3,95,1.0819493551493709,
weibull_softplus_unscaled@kappa_floor_link_flat15_fixed15,uncheatable,panel_oof,0,3,96,1.0766677269534695,
weibull_softplus_unscaled@kappa_floor_link_flat15_fixed15,uncheatable,panel_oof,0,3,97,1.0625072174929144,
weibull_softplus_unscaled@kappa_floor_link_flat15_fixed15,uncheatable,panel_oof,0,3,102,1.061679788889994,
weibull_softplus_unscaled@kappa_floor_link_flat15_fixed15,uncheatable,panel_oof,0,3,108,1.0960137192413892,
weibull_softplus_unscaled@kappa_floor_link_flat15_fixed15,uncheatable,panel_oof,0,3,110,1.0777319491088737,
weibull_softplus_unscaled@kappa_floor_link_flat15_fixed15,uncheatable,panel_oof,0,3,111,1.0701533139646988,
weibull_softplus_unscaled@kappa_floor_link_flat15_fixed15,uncheatable,panel_oof,0,3,117,1.1379373135698605,
weibull_softplus_unscaled@kappa_floor_link_flat15_fixed15,uncheatable,panel_oof,0,3,120,1.0673986204937067,
weibull_softplus_unscaled@kappa_floor_link_flat15_fixed15,uncheatable,panel_oof,0,3,121,1.0639899246712852,
weibull_softplus_unscaled@kappa_floor_link_flat15_fixed15,uncheatable,panel_oof,0,3,127,1.0565405264346204,
weibull_softplus_unscaled@kappa_floor_link_flat15_fixed15,uncheatable,panel_oof,0,3,128,1.0850664646541248,
weibull_softplus_unscaled@kappa_floor_link_flat15_fixed15,uncheatable,panel_oof,0,3,129,1.069701021669374,
weibull_softplus_unscaled@kappa_floor_link_flat15_fixed15,uncheatable,panel_oof,0,3,130,1.0809992540084572,
weibull_softplus_unscaled@kappa_floor_link_flat15_fixed15,uncheatable,panel_oof,0,3,132,1.122447663448301,
weibull_softplus_unscaled@kappa_floor_link_flat15_fixed15,uncheatable,panel_oof,0,3,139,1.0672445306144742,
weibull_softplus_unscaled@kappa_floor_link_flat15_fixed15,uncheatable,panel_oof,0,3,143,1.0904068403938836,
weibull_softplus_unscaled@kappa_floor_link_flat15_fixed15,uncheatable,panel_oof,0,3,146,1.1006351394185736,
weibull_softplus_unscaled@kappa_floor_link_flat15_fixed15,uncheatable,panel_oof,0,3,148,1.0582533320357272,
weibull_softplus_unscaled@kappa_floor_link_flat15_fixed15,uncheatable,panel_oof,0,3,149,1.1122969276732246,
weibull_softplus_unscaled@kappa_floor_link_flat15_fixed15,uncheatable,panel_oof,0,3,150,1.0861104734168734,
weibull_softplus_unscaled@kappa_floor_link_flat15_fixed15,uncheatable,panel_oof,0,3,153,1.0945361137995593,
weibull_softplus_unscaled@kappa_floor_link_flat15_fixed15,uncheatable,panel_oof,0,3,156,1.0565711319939644,
weibull_softplus_unscaled@kappa_floor_link_flat15_fixed15,uncheatable,panel_oof,0,3,159,1.076860605099058,
weibull_softplus_unscaled@kappa_floor_link_flat15_fixed15,uncheatable,panel_oof,0,3,161,1.1183036692731347,
weibull_softplus_unscaled@kappa_floor_link_flat15_fixed15,uncheatable,panel_oof,0,3,164,1.0698639032802326,
weibull_softplus_unscaled@kappa_floor_link_flat15_fixed15,uncheatable,panel_oof,0,3,167,1.0785947905727564,
weibull_softplus_unscaled@kappa_floor_link_flat15_fixed15,uncheatable,panel_oof,0,3,170,1.0707628852061288,
weibull_softplus_unscaled@kappa_floor_link_flat15_fixed15,uncheatable,panel_oof,0,3,173,1.0799608381566554,
weibull_softplus_unscaled@kappa_floor_link_flat15_fixed15,uncheatable,panel_oof,0,3,174,1.0560466830733215,
weibull_softplus_unscaled@kappa_floor_link_flat15_fixed15,uncheatable,panel_oof,0,3,177,1.0608714275619051,
weibull_softplus_unscaled@kappa_floor_link_flat15_fixed15,uncheatable,panel_oof,0,3,180,1.0632668508145986,
weibull_softplus_unscaled@kappa_floor_link_flat15_fixed15,uncheatable,panel_oof,0,3,181,1.0915941833056386,
weibull_softplus_unscaled@kappa_floor_link_flat15_fixed15,uncheatable,panel_oof,0,3,184,1.0512969964756231,
weibull_softplus_unscaled@kappa_floor_link_flat15_fixed15,uncheatable,panel_oof,0,3,185,1.0715791943539572,
weibull_softplus_unscaled@kappa_floor_link_flat15_fixed15,uncheatable,panel_oof,0,3,189,1.072005795629116,
weibull_softplus_unscaled@kappa_floor_link_flat15_fixed15,uncheatable,panel_oof,0,3,190,1.0779941666234625,
weibull_softplus_unscaled@kappa_floor_link_flat15_fixed15,uncheatable,panel_oof,0,3,192,1.041604528719271,
weibull_softplus_unscaled@kappa_floor_link_flat15_fixed15,uncheatable,panel_oof,0,3,194,1.05836840165235,
weibull_softplus_unscaled@kappa_floor_link_flat15_fixed15,uncheatable,panel_oof,0,3,201,1.0310061346611836,
weibull_softplus_unscaled@kappa_floor_link_flat15_fixed15,uncheatable,panel_oof,0,3,203,1.0557801324849683,
weibull_softplus_unscaled@kappa_floor_link_flat15_fixed15,uncheatable,panel_oof,0,3,204,1.0755385267355488,
weibull_softplus_unscaled@kappa_floor_link_flat15_fixed15,uncheatable,panel_oof,0,3,206,1.059130994641515,
weibull_softplus_unscaled@kappa_floor_link_flat15_fixed15,uncheatable,panel_oof,0,3,214,1.05976051262572,
weibull_softplus_unscaled@kappa_floor_link_flat15_fixed15,uncheatable,panel_oof,0,3,218,1.0328341010385684,
weibull_softplus_unscaled@kappa_floor_link_flat15_fixed15,uncheatable,panel_oof,0,3,225,1.0824570903624218,
weibull_softplus_unscaled@kappa_floor_link_flat15_fixed15,uncheatable,panel_oof,0,3,228,1.0558206896586162,
weibull_softplus_unscaled@kappa_floor_link_flat15_fixed15,uncheatable,panel_oof,0,3,232,1.0816215919957926,
weibull_softplus_unscaled@kappa_floor_link_flat15_fixed15,uncheatable,panel_oof,0,3,234,1.0797702225942976,
weibull_softplus_unscaled@kappa_floor_link_flat15_fixed15,uncheatable,panel_oof,0,3,240,1.0368679333972657,
weibull_softplus_unscaled@kappa_floor_link_flat15_fixed15,uncheatable,panel_oof,0,4,18,1.0763672440835061,
weibull_softplus_unscaled@kappa_floor_link_flat15_fixed15,uncheatable,panel_oof,0,4,19,1.0980979059859566,
weibull_softplus_unscaled@kappa_floor_link_flat15_fixed15,uncheatable,panel_oof,0,4,28,1.127320472208307,
weibull_softplus_unscaled@kappa_floor_link_flat15_fixed15,uncheatable,panel_oof,0,4,31,1.0613165199491914,
weibull_softplus_unscaled@kappa_floor_link_flat15_fixed15,uncheatable,panel_oof,0,4,42,1.0570573172471907,
weibull_softplus_unscaled@kappa_floor_link_flat15_fixed15,uncheatable,panel_oof,0,4,47,1.0673862668192045,
weibull_softplus_unscaled@kappa_floor_link_flat15_fixed15,uncheatable,panel_oof,0,4,60,1.0554924950314841,
weibull_softplus_unscaled@kappa_floor_link_flat15_fixed15,uncheatable,panel_oof,0,4,76,1.1279535775800518,
weibull_softplus_unscaled@kappa_floor_link_flat15_fixed15,uncheatable,panel_oof,0,4,77,1.0910319521767855,
weibull_softplus_unscaled@kappa_floor_link_flat15_fixed15,uncheatable,panel_oof,0,4,80,1.0828075450897747,
weibull_softplus_unscaled@kappa_floor_link_flat15_fixed15,uncheatable,panel_oof,0,4,82,1.0596495622595572,
weibull_softplus_unscaled@kappa_floor_link_flat15_fixed15,uncheatable,panel_oof,0,4,103,1.0990486026821054,
weibull_softplus_unscaled@kappa_floor_link_flat15_fixed15,uncheatable,panel_oof,0,4,104,1.0929160189595462,
weibull_softplus_unscaled@kappa_floor_link_flat15_fixed15,uncheatable,panel_oof,0,4,114,1.0734413791768704,
weibull_softplus_unscaled@kappa_floor_link_flat15_fixed15,uncheatable,panel_oof,0,4,118,1.0651363344005897,
weibull_softplus_unscaled@kappa_floor_link_flat15_fixed15,uncheatable,panel_oof,0,4,125,1.010254447355731,
weibull_softplus_unscaled@kappa_floor_link_flat15_fixed15,uncheatable,panel_oof,0,4,131,1.063577329852667,
weibull_softplus_unscaled@kappa_floor_link_flat15_fixed15,uncheatable,panel_oof,0,4,155,1.0504146263828904,
weibull_softplus_unscaled@kappa_floor_link_flat15_fixed15,uncheatable,panel_oof,0,4,162,1.061162075563208,
weibull_softplus_unscaled@kappa_floor_link_flat15_fixed15,uncheatable,panel_oof,0,4,168,1.0222582012332753,
weibull_softplus_unscaled@kappa_floor_link_flat15_fixed15,uncheatable,panel_oof,0,4,178,1.0266539866723556,
weibull_softplus_unscaled@kappa_floor_link_flat15_fixed15,uncheatable,panel_oof,0,4,179,1.0951174038266256,
weibull_softplus_unscaled@kappa_floor_link_flat15_fixed15,uncheatable,panel_oof,0,4,186,1.0566375589923718,
weibull_softplus_unscaled@kappa_floor_link_flat15_fixed15,uncheatable,panel_oof,0,4,193,1.066815326846061,
weibull_softplus_unscaled@kappa_floor_link_flat15_fixed15,uncheatable,panel_oof,0,4,199,1.07650352829408,
weibull_softplus_unscaled@kappa_floor_link_flat15_fixed15,uncheatable,panel_oof,0,4,202,1.062591830011995,
weibull_softplus_unscaled@kappa_floor_link_flat15_fixed15,uncheatable,panel_oof,0,4,207,1.0877165421528678,
weibull_softplus_unscaled@kappa_floor_link_flat15_fixed15,uncheatable,panel_oof,0,4,212,1.073534941462481,
weibull_softplus_unscaled@kappa_floor_link_flat15_fixed15,uncheatable,panel_oof,0,4,216,1.0730429343533632,
weibull_softplus_unscaled@kappa_floor_link_flat15_fixed15,uncheatable,panel_oof,0,4,221,1.0519208195680165,
weibull_softplus_unscaled@kappa_floor_link_flat15_fixed15,uncheatable,panel_oof,0,4,230,1.0500460290347378,
weibull_softplus_unscaled@kappa_floor_link_flat15_fixed15,uncheatable,panel_oof,0,4,231,1.0611900158174765,
weibull_softplus_unscaled@kappa_floor_link_flat15_fixed15,uncheatable,panel_oof,0,4,239,1.07243070723789,
weibull_softplus_unscaled@kappa_floor_link_flat15_fixed15,uncheatable,external_development,0,-1,delphi_3e18_39bucket:0066da643d35e694a311d26516399114a1c69adba1f7795b773b704d93c0e945,1.0508947230477341,0.0019033790543137926
weibull_softplus_unscaled@kappa_floor_link_flat15_fixed15,uncheatable,external_development,0,-1,delphi_3e18_39bucket:015ce47db7b4ac2a312c1dfa614d699adb8526230f5a7355c112e4e546f4bb96,1.036950057430067,0.0013685356501261946
weibull_softplus_unscaled@kappa_floor_link_flat15_fixed15,uncheatable,external_development,0,-1,delphi_3e18_39bucket:01985d1f15bebd8fef77b5150d00df90b1460ff11f8dbeb34a83d3755d4831ca,1.0030430771411816,0.0010565537743124059
weibull_softplus_unscaled@kappa_floor_link_flat15_fixed15,uncheatable,external_development,0,-1,delphi_3e18_39bucket:02c70e578e5784e551eefe679886439d9c803cedd53b283f3333a0c5fbe3e5cf,1.0443505212563222,0.001720257783260873
weibull_softplus_unscaled@kappa_floor_link_flat15_fixed15,uncheatable,external_development,0,-1,delphi_3e18_39bucket:037a604380dcbb0bd031ab6fe4d27d6f859ec425fb267f14b984c1fb545aefe5,1.0418143607374835,0.0014560977481150527
weibull_softplus_unscaled@kappa_floor_link_flat15_fixed15,uncheatable,external_development,0,-1,delphi_3e18_39bucket:039e773502afbad67dfd37ee20068668a2092188b0245ddd91d40a1560e905f6,1.0098464488667291,0.0010597702018541703
weibull_softplus_unscaled@kappa_floor_link_flat15_fixed15,uncheatable,external_development,0,-1,delphi_3e18_39bucket:06d61998a2b7fe732abe0607cc0fc7812e544c3828ed26a47d4283ddb7891cb9,1.0373012074652308,0.0014266330631421094
weibull_softplus_unscaled@kappa_floor_link_flat15_fixed15,uncheatable,external_development,0,-1,delphi_3e18_39bucket:06f1f5c4286bcf9fe2c2ccf5d91303fe3cf919c815f3a926d5a2ff3de43fc683,1.0453282967936515,0.0016104425862891385
weibull_softplus_unscaled@kappa_floor_link_flat15_fixed15,uncheatable,external_development,0,-1,delphi_3e18_39bucket:073bad81517f75d40c9eb877348b38c8734b28dc6cb239c2089c9c35e9510223,1.0022081791171489,0.0013222975396239044
weibull_softplus_unscaled@kappa_floor_link_flat15_fixed15,uncheatable,external_development,0,-1,delphi_3e18_39bucket:0788d5de28276914dae1c6388f1ab105867ad1d4a087d52bf0b8519d80129c89,1.037317189995759,0.0012369523332349658
weibull_softplus_unscaled@kappa_floor_link_flat15_fixed15,uncheatable,external_development,0,-1,delphi_3e18_39bucket:07ec2043780a0d9df429ba7b4f371cf9415daa1341f5b29b929b522684e38b91,1.0253894540146777,0.003767125720708916
weibull_softplus_unscaled@kappa_floor_link_flat15_fixed15,uncheatable,external_development,0,-1,delphi_3e18_39bucket:081b3e9c9806710005689ad55a35ca2b5545880488e77cee8042740337e79dfd,0.997601041880875,0.002177394841429694
weibull_softplus_unscaled@kappa_floor_link_flat15_fixed15,uncheatable,external_development,0,-1,delphi_3e18_39bucket:082fedafa9e0b95f220f553903813794bb9dc21b592587587dd5fa4dca612f6c,1.0583249033184492,0.0031762409591826525
weibull_softplus_unscaled@kappa_floor_link_flat15_fixed15,uncheatable,external_development,0,-1,delphi_3e18_39bucket:0849e8468f1ed33aa84061be6ed119421f912af5683193c8b0f037cee11a3763,1.0418619972638181,0.0015816500251471651
weibull_softplus_unscaled@kappa_floor_link_flat15_fixed15,uncheatable,external_development,0,-1,delphi_3e18_39bucket:090b9d521ba31e364d7c8479c9c8b5369806b9c8557af616f883945e0307ccfb,0.99552784952732,0.0036746482560792875
weibull_softplus_unscaled@kappa_floor_link_flat15_fixed15,uncheatable,external_development,0,-1,delphi_3e18_39bucket:095c671d2e8d76d30acb22a88707854961f0bd8fa702605dcc65c6c64231b117,1.0387377137467646,0.00158890221218358
weibull_softplus_unscaled@kappa_floor_link_flat15_fixed15,uncheatable,external_development,0,-1,delphi_3e18_39bucket:09ab1aa79a519d8cbef31696066513a006253831fb687b610438ea9b39faef2c,1.051077064608825,0.0024357235535981997
weibull_softplus_unscaled@kappa_floor_link_flat15_fixed15,uncheatable,external_development,0,-1,delphi_3e18_39bucket:09de561eed4cac3d6052c3e7ccd15b7d2bf21ffe6620953c40d04597b793517c,0.9968087925095863,0.001475639758637252
weibull_softplus_unscaled@kappa_floor_link_flat15_fixed15,uncheatable,external_development,0,-1,delphi_3e18_39bucket:0a4c90180e2e9f06b17432216267636bc90d169f9f68bad8b789d271cb541e26,1.022523022897839,0.001250679670025309
weibull_softplus_unscaled@kappa_floor_link_flat15_fixed15,uncheatable,external_development,0,-1,delphi_3e18_39bucket:0a69a64824dbbec7bffe6fbd96bf614be79fa346a55fb8dad697d2aed91a31fe,1.001009562893431,0.0019078309579979775
weibull_softplus_unscaled@kappa_floor_link_flat15_fixed15,uncheatable,external_development,0,-1,delphi_3e18_39bucket:0bdc7ed5abac4cf71f3695dd33cb4ebeb179a0cbf41d9859e4d47fa71dcc9890,1.0379508016050463,0.0015246491921573175
weibull_softplus_unscaled@kappa_floor_link_flat15_fixed15,uncheatable,external_development,0,-1,delphi_3e18_39bucket:0c6db73ff59b9cdac2e2428761ffc68d8764b26faefabce9cdbe0ad6133514fb,1.0110301656787146,0.0008215746701196327
weibull_softplus_unscaled@kappa_floor_link_flat15_fixed15,uncheatable,external_development,0,-1,delphi_3e18_39bucket:0c87eb28b1c95ec40d341aff414b3e73bc9300563def3b5d974082fe44509895,1.0382697984808265,0.0014474337373855649
weibull_softplus_unscaled@kappa_floor_link_flat15_fixed15,uncheatable,external_development,0,-1,delphi_3e18_39bucket:0ceaf50f71a5360954adeab2244cb20579f98a42ad87a9a61d09e18433fe7860,1.036735883133741,0.0013659658349910962
weibull_softplus_unscaled@kappa_floor_link_flat15_fixed15,uncheatable,external_development,0,-1,delphi_3e18_39bucket:0d019862e6437cdaea853e5908403f80164cfeaa2305fa7fbfaafa4c22decd1c,1.0592260063254062,0.0041442118024259235
weibull_softplus_unscaled@kappa_floor_link_flat15_fixed15,uncheatable,external_development,0,-1,delphi_3e18_39bucket:0da14a6e57c138c21227eebbd44f186ea18272987a7f24f9edce875f3f5c35b2,1.0365652315304243,0.0011205802788498372
weibull_softplus_unscaled@kappa_floor_link_flat15_fixed15,uncheatable,external_development,0,-1,delphi_3e18_39bucket:0fb57d38488e9d032a8a2d6e385eebbe0bb87510b042d12426a68166e3ec53b2,1.0122672910116721,0.0013799526691202321
weibull_softplus_unscaled@kappa_floor_link_flat15_fixed15,uncheatable,external_development,0,-1,delphi_3e18_39bucket:0feea1b96a7083ed86e477633fc1c9df6d6198dd4ea8753a30f116ddbf453981,1.052878441744444,0.0016504553735323306
weibull_softplus_unscaled@kappa_floor_link_flat15_fixed15,uncheatable,external_development,0,-1,delphi_3e18_39bucket:100cd66fd89a88c77157afcbddc20547cc115238f2281abf552b8c0d0374cc36,1.0524979082538628,0.0014678156866623192
weibull_softplus_unscaled@kappa_floor_link_flat15_fixed15,uncheatable,external_development,0,-1,delphi_3e18_39bucket:115087d05bce1abc0d1e7590a4cc0b36b643cd94c47ca5e044580bd8ff9fa514,0.9952714695175593,0.0017063058650334437
weibull_softplus_unscaled@kappa_floor_link_flat15_fixed15,uncheatable,external_development,0,-1,delphi_3e18_39bucket:11779cf375492aed45ded6491e0158468a427484e8fd2f0823363b5961fadc1f,1.0385905832475335,0.0015257942615809457
weibull_softplus_unscaled@kappa_floor_link_flat15_fixed15,uncheatable,external_development,0,-1,delphi_3e18_39bucket:1186365305df843132a2b49cf1f4f3279bc6792218502b2ddb658ff6a8909811,1.0439389007984774,0.0014434427763431745
weibull_softplus_unscaled@kappa_floor_link_flat15_fixed15,uncheatable,external_development,0,-1,delphi_3e18_39bucket:12d604c09575e6918d0c5273fb68b7ac720021d46bd7bf002aec8f2e388e7d73,1.0380479331786931,0.0012886517115087818
weibull_softplus_unscaled@kappa_floor_link_flat15_fixed15,uncheatable,external_development,0,-1,delphi_3e18_39bucket:135c4820815edaaf0da56c8dc5f7697728f00c530e1af6d5c97db7883c693f3b,1.0379991113920193,0.0013732686429307542
weibull_softplus_unscaled@kappa_floor_link_flat15_fixed15,uncheatable,external_development,0,-1,delphi_3e18_39bucket:14ae27b209bb3f3e584f2a754f2f606b14c6a91a854a6960f5f2002189a9c63f,1.0038599398704946,0.0013391416887256556
weibull_softplus_unscaled@kappa_floor_link_flat15_fixed15,uncheatable,external_development,0,-1,delphi_3e18_39bucket:1583e0fcd8684efdb53f5dba40c3ee266a316d16da17c423933aa17c59399bb4,0.9996412223195054,0.0016922959794431216
weibull_softplus_unscaled@kappa_floor_link_flat15_fixed15,uncheatable,external_development,0,-1,delphi_3e18_39bucket:15c3e3115300d4216bc495f2d6a911ae81e09297053b4e3fd8413b93b1724706,1.0376946765837043,0.0012903631155778722
weibull_softplus_unscaled@kappa_floor_link_flat15_fixed15,uncheatable,external_development,0,-1,delphi_3e18_39bucket:15cefcc71eaf2cb32279921de35d7fd07a1c62a60826b15c7da6d9680aca7d5a,1.0434261598426717,0.001603937366858782
weibull_softplus_unscaled@kappa_floor_link_flat15_fixed15,uncheatable,external_development,0,-1,delphi_3e18_39bucket:168c44d2006162a6a570833acdedfc0e9cbace3ee8b4582d93c0d17b9a8f62dc,1.0380625888510822,0.0015306331394024134
weibull_softplus_unscaled@kappa_floor_link_flat15_fixed15,uncheatable,external_development,0,-1,delphi_3e18_39bucket:16d569d49dc699da09d873f84439c1b3d09b1fb0a49da1a014bdd6055ed7e867,1.0165343541036518,0.0015172941232614475
weibull_softplus_unscaled@kappa_floor_link_flat15_fixed15,uncheatable,external_development,0,-1,delphi_3e18_39bucket:180f3fe5f075a653053c6abb3614d3d97e4e8bd81a9bf3339b610420a3e507e1,1.040538167469263,0.004717575797788761
weibull_softplus_unscaled@kappa_floor_link_flat15_fixed15,uncheatable,external_development,0,-1,delphi_3e18_39bucket:18a99a3351245092d3769f803d6ed42ad1446d61d00a6145d3ab0f7eb370ad43,1.0349350644524455,0.001315656596036579
weibull_softplus_unscaled@kappa_floor_link_flat15_fixed15,uncheatable,external_development,0,-1,delphi_3e18_39bucket:19e6d0a05b7cc0e501b20e580b9d694acf4b47aafcdbc8afc3840bc26b8e9183,1.0326484983782678,0.0012876247153537498
weibull_softplus_unscaled@kappa_floor_link_flat15_fixed15,uncheatable,external_development,0,-1,delphi_3e18_39bucket:1abe87613ee3136eb10062b5549438b1593f06bc22629e4f06a79dc512925a09,0.9966829077305854,0.0018143925234518834
weibull_softplus_unscaled@kappa_floor_link_flat15_fixed15,uncheatable,external_development,0,-1,delphi_3e18_39bucket:1bd2258fc50c2f2300cfee3ccf288fcf65b55a83f6f4e754166ad83968fd2bc5,1.039605043086546,0.0016801164289967855
weibull_softplus_unscaled@kappa_floor_link_flat15_fixed15,uncheatable,external_development,0,-1,delphi_3e18_39bucket:1c82f47a17303f1c725bb67357c5df989e689eab6ce331e314ec3f25166ddb7f,1.0302998747713654,0.0011904722926568835
weibull_softplus_unscaled@kappa_floor_link_flat15_fixed15,uncheatable,external_development,0,-1,delphi_3e18_39bucket:1f764babd33705edc89b9384b3ade86c50adefb121d72a48eead725f2f99fdbb,1.049391036591249,0.0012888049534667506
weibull_softplus_unscaled@kappa_floor_link_flat15_fixed15,uncheatable,external_development,0,-1,delphi_3e18_39bucket:1fe407b2a7e4115cdc2112c39a9854a82c434b11738b0b2dd1f7b59520c84b02,1.0331954362952978,0.0008674702654759177
weibull_softplus_unscaled@kappa_floor_link_flat15_fixed15,uncheatable,external_development,0,-1,delphi_3e18_39bucket:202a3f2963f0ed3ef838aa9f839dd983ff320011e5f90369bb10036d62d3bf07,1.038016435857609,0.0018002711367053515
weibull_softplus_unscaled@kappa_floor_link_flat15_fixed15,uncheatable,external_development,0,-1,delphi_3e18_39bucket:2128777c4bf7443fc7122204d45cffef5ed9ca0a3758737f512f8ac019f2614e,1.0447348245357633,0.0019836412250776
weibull_softplus_unscaled@kappa_floor_link_flat15_fixed15,uncheatable,external_development,0,-1,delphi_3e18_39bucket:217fcc24bb6f19269acad2fd83783863fb8c38fe10b23c82e8d4650e3c20af96,1.0100181213987112,0.002570868158837835
weibull_softplus_unscaled@kappa_floor_link_flat15_fixed15,uncheatable,external_development,0,-1,delphi_3e18_39bucket:2217566357ae6eb4d1e0a63ed7d1b5f74bf85feb4a34fc2294075abf4779dc8a,1.0028100407164704,0.003406754913963045
weibull_softplus_unscaled@kappa_floor_link_flat15_fixed15,uncheatable,external_development,0,-1,delphi_3e18_39bucket:22435fb72d5378f38e67f149c5327cefd8299de7f2802d207068e148a654d87a,1.001640593688504,0.002024872912799923
weibull_softplus_unscaled@kappa_floor_link_flat15_fixed15,uncheatable,external_development,0,-1,delphi_3e18_39bucket:22a7988dd0f948879fe6e14a81339e522012c662009155e7f837141a0aedb54d,1.0406256260939166,0.0013840207301923865
weibull_softplus_unscaled@kappa_floor_link_flat15_fixed15,uncheatable,external_development,0,-1,delphi_3e18_39bucket:24181403664e888f5ff00f929ba54136d4c20243873de0479bbadd0a903d7e2e,1.0456146818389112,0.0020986240620901233
weibull_softplus_unscaled@kappa_floor_link_flat15_fixed15,uncheatable,external_development,0,-1,delphi_3e18_39bucket:244c4cf1cc1aff8a4fa4a6620ac3c4e89194a0edec3d369e2d5c5a3ffc611fbd,1.036090574285934,0.0012760315924549657
weibull_softplus_unscaled@kappa_floor_link_flat15_fixed15,uncheatable,external_development,0,-1,delphi_3e18_39bucket:24a04b7131ccb2123cd83ebdebea1822f4208833dbaa020fb854f48dfeb82baa,1.0371163134631225,0.0012042355062726025
weibull_softplus_unscaled@kappa_floor_link_flat15_fixed15,uncheatable,external_development,0,-1,delphi_3e18_39bucket:257cf9d7063698fc7195b8f86bda6fdb70aa44cc6560c09437872f7afc15b3c7,1.0373593447150944,0.0013013591653037089
weibull_softplus_unscaled@kappa_floor_link_flat15_fixed15,uncheatable,external_development,0,-1,delphi_3e18_39bucket:2805171d708ffa47ad55eebdded48bbe9184de34aaa01c764857896330bd5ed8,0.9985216870987119,0.0013902627657467071
weibull_softplus_unscaled@kappa_floor_link_flat15_fixed15,uncheatable,external_development,0,-1,delphi_3e18_39bucket:282bea38b4b390edde05c433f2aa287cb076b5c90b87ddfff2ac785476ee2a80,1.0466918850004858,0.002569411064413711
weibull_softplus_unscaled@kappa_floor_link_flat15_fixed15,uncheatable,external_development,0,-1,delphi_3e18_39bucket:28e9f00790cb0f3bd8eab6e67ab5ed390d4a8f9511b50e2c3b127fed84907f83,1.0371010647550616,0.0013502058490608673
weibull_softplus_unscaled@kappa_floor_link_flat15_fixed15,uncheatable,external_development,0,-1,delphi_3e18_39bucket:29879913509e18c14302d4122cd80d460dbe36a86de1b841546532b10ae498e9,1.0033607553983002,0.0023242333192633148
weibull_softplus_unscaled@kappa_floor_link_flat15_fixed15,uncheatable,external_development,0,-1,delphi_3e18_39bucket:299a6f250e2580967240f5ac6e8f3e6810fda3f8762c8a4f373c4b03d7aee9b1,1.0457304013534623,0.0016910994945994184
weibull_softplus_unscaled@kappa_floor_link_flat15_fixed15,uncheatable,external_development,0,-1,delphi_3e18_39bucket:2a97310a9690d4c4d3fba3c8cf2f4c53bec70f4ee6e7bc2798951d5fce110b5c,1.0368455671113077,0.0013837562233158837
weibull_softplus_unscaled@kappa_floor_link_flat15_fixed15,uncheatable,external_development,0,-1,delphi_3e18_39bucket:2b4110349a3372d8cdd796df984fe3dd3f6933ac30c77acc1b554a35885f884f,1.0344252622021326,0.0013560506468830438
weibull_softplus_unscaled@kappa_floor_link_flat15_fixed15,uncheatable,external_development,0,-1,delphi_3e18_39bucket:2b989adc23ee2e9de7f2785a0f77bb06f18f1c8af0a8159044271123a563cdb9,1.0018536536498217,0.0015803559600341636
weibull_softplus_unscaled@kappa_floor_link_flat15_fixed15,uncheatable,external_development,0,-1,delphi_3e18_39bucket:2ce3f8060361ed87fadf5817cc4086427964c54e0a33c206fcb381675b97ea5f,1.0372146357244143,0.0014441154004550699
weibull_softplus_unscaled@kappa_floor_link_flat15_fixed15,uncheatable,external_development,0,-1,delphi_3e18_39bucket:2e081ca88a4ffb992e9ae7b70b9b191276a26b63479089cd5b158410e587852e,1.019021411433255,0.0006615104074336588
weibull_softplus_unscaled@kappa_floor_link_flat15_fixed15,uncheatable,external_development,0,-1,delphi_3e18_39bucket:2e1738bd99d25f424f7d12a0418d3b95df9b3cb8832b62a765de68ab5fdfe411,1.040508047494305,0.002841821055656337
weibull_softplus_unscaled@kappa_floor_link_flat15_fixed15,uncheatable,external_development,0,-1,delphi_3e18_39bucket:2f021c092554cc1c442218ef631eef0b2b67a217256c18aa0380762934be6ef9,0.9971837064293008,0.001734364584991445
weibull_softplus_unscaled@kappa_floor_link_flat15_fixed15,uncheatable,external_development,0,-1,delphi_3e18_39bucket:2fd7ffa44744c71d0e734f0e0d4f05d854c74467a9c167f25018fd17cfe99306,1.027355909408824,0.0008513421820906837
weibull_softplus_unscaled@kappa_floor_link_flat15_fixed15,uncheatable,external_development,0,-1,delphi_3e18_39bucket:303bf27116162aaf5aad23c1dceb815464d35b45e7e0b3d737d78f0e445a7c48,1.0154741594502323,0.0014858263471841313
weibull_softplus_unscaled@kappa_floor_link_flat15_fixed15,uncheatable,external_development,0,-1,delphi_3e18_39bucket:307e2ea17fda955025a3eb6f93191ebffc2a9ec7af3c27ab44f0b073b39a03a0,1.040222944308916,0.005678269441562654
weibull_softplus_unscaled@kappa_floor_link_flat15_fixed15,uncheatable,external_development,0,-1,delphi_3e18_39bucket:3277a3d2dd0f9018971fbcb563df43c5c3d38d364fb0a15494e2fde4c841ab06,1.0376958908226706,0.0014251001798503684
weibull_softplus_unscaled@kappa_floor_link_flat15_fixed15,uncheatable,external_development,0,-1,delphi_3e18_39bucket:329d432004aa55ff655af8af17bade03a9b3dd241ea3c9e87a7dbbeb1dc1b1d6,1.0339774572100637,0.001385853653185398
weibull_softplus_unscaled@kappa_floor_link_flat15_fixed15,uncheatable,external_development,0,-1,delphi_3e18_39bucket:3398acf60037cd5b4392f15953e36c3f7d33dfa5fb55428c42d6dc324f33ee6d,1.0450943250189286,0.0015485947911896532
weibull_softplus_unscaled@kappa_floor_link_flat15_fixed15,uncheatable,external_development,0,-1,delphi_3e18_39bucket:3614e5ff6454c53dc1b4848cee125d2bf986629dee4783b90415bc92736347a1,0.9928342531493777,0.0015221539019376958
weibull_softplus_unscaled@kappa_floor_link_flat15_fixed15,uncheatable,external_development,0,-1,delphi_3e18_39bucket:36c1fb12dabe2ea3b14dcba0b6662780fe8c2edd811e604dc693d72ef1aad4b2,1.0510538760463048,0.001760513244935769
weibull_softplus_unscaled@kappa_floor_link_flat15_fixed15,uncheatable,external_development,0,-1,delphi_3e18_39bucket:378ccee7c37fc46dc3d8e46e4b4332bddd5bd6559bdcb485d925508370a96bfe,1.0372823666778048,0.0011471970357580944
weibull_softplus_unscaled@kappa_floor_link_flat15_fixed15,uncheatable,external_development,0,-1,delphi_3e18_39bucket:38b51fbcfa5c77121be6726dc68a28ce5ab9452aefd61be07d82e359fbdedf79,0.9917519560646231,0.002592782503043943
weibull_softplus_unscaled@kappa_floor_link_flat15_fixed15,uncheatable,external_development,0,-1,delphi_3e18_39bucket:391b0859fe53bf6c9da14d9694a7f85f766f8d8225b48942c840d1f3bebe7876,1.0008541646818887,0.0013965634753149226
weibull_softplus_unscaled@kappa_floor_link_flat15_fixed15,uncheatable,external_development,0,-1,delphi_3e18_39bucket:391d81c8e67fe577eba6e9ee08f60d31bf3c4e751a772944fa9e620fd84cebdb,1.0164249002276602,0.0017693157777455772
weibull_softplus_unscaled@kappa_floor_link_flat15_fixed15,uncheatable,external_development,0,-1,delphi_3e18_39bucket:39df5a66a6bcbdc5f52f9f37dfd15b1fdd08a415743db8fb17cc8b0512ac963f,1.0607178198631453,0.004194136704220123
weibull_softplus_unscaled@kappa_floor_link_flat15_fixed15,uncheatable,external_development,0,-1,delphi_3e18_39bucket:3a337cea08c5cd9c8a8b50d435117d13ca5818fbfbab1e6a87ff1e567e25c835,1.0384956978352338,0.0014409929260624686
weibull_softplus_unscaled@kappa_floor_link_flat15_fixed15,uncheatable,external_development,0,-1,delphi_3e18_39bucket:3c5d1d0ddb5500239d26944a313e0c966e43abfabc203fcdb07d5db66f8dc712,0.9992624281089032,0.0031885188028594105
weibull_softplus_unscaled@kappa_floor_link_flat15_fixed15,uncheatable,external_development,0,-1,delphi_3e18_39bucket:3d3cd30314fd09b91f22ba82b732e228369abd03b55a27da937e0bca5a083a0a,1.0355124624131595,0.0012029002098475645
weibull_softplus_unscaled@kappa_floor_link_flat15_fixed15,uncheatable,external_development,0,-1,delphi_3e18_39bucket:3d45f3bc22316f2c3a26d5af2662f5cc5b2e1214d7bf88bc7dfa2b034b89b076,0.9967728654032587,0.0017925659153189713
weibull_softplus_unscaled@kappa_floor_link_flat15_fixed15,uncheatable,external_development,0,-1,delphi_3e18_39bucket:3d7af05751d62a9d5ef924d05c8f988d625bdd60428e935601184be98b0ac0df,1.039674941565169,0.0013437141908377687
weibull_softplus_unscaled@kappa_floor_link_flat15_fixed15,uncheatable,external_development,0,-1,delphi_3e18_39bucket:3de18a523f9dbadd83062cb454ad019820e391183b58003dd91dda53a4b13e1b,1.102098121428932,0.010178919260221448
weibull_softplus_unscaled@kappa_floor_link_flat15_fixed15,uncheatable,external_development,0,-1,delphi_3e18_39bucket:3ec760a2d3f08ec7acbde5dd5b70f25acbb174767b5f8e54d028852120660c2d,1.0015685156883078,0.002306619060915358
weibull_softplus_unscaled@kappa_floor_link_flat15_fixed15,uncheatable,external_development,0,-1,delphi_3e18_39bucket:3f18082665844ac4fa26e9c9e87ec9528a72d448eff278e6eb0fb7e1d4dc39bc,1.0046818080248239,0.0010487804983780767
weibull_softplus_unscaled@kappa_floor_link_flat15_fixed15,uncheatable,external_development,0,-1,delphi_3e18_39bucket:410691cfb41376383b24b9260d41e57810fbaa6978569d90f35459312770dd15,1.0438870233889044,0.0015527436595715472
weibull_softplus_unscaled@kappa_floor_link_flat15_fixed15,uncheatable,external_development,0,-1,delphi_3e18_39bucket:4148bb820fc709c78f6daf88c6822b7f28c7d1aba87c815125bab9cc0c715d32,1.0577838368648758,0.006353874172985395
weibull_softplus_unscaled@kappa_floor_link_flat15_fixed15,uncheatable,external_development,0,-1,delphi_3e18_39bucket:419ee81cda8173e88f7ada544fce6e041beb00f9371af74edf51e3240616e6ae,0.9947518481013224,0.001732442380939141
weibull_softplus_unscaled@kappa_floor_link_flat15_fixed15,uncheatable,external_development,0,-1,delphi_3e18_39bucket:4287fd6ebf54e5dc56f478f75201af36dfaf1da75b19013f8ed1d1bb0d131b51,1.0491309954143984,0.001487624826131988
weibull_softplus_unscaled@kappa_floor_link_flat15_fixed15,uncheatable,external_development,0,-1,delphi_3e18_39bucket:42a399ba5c0ec06b23cf6c90f7a2d7bb620e8bf74eb4ae6131c11a97455e81cb,1.0489067165318207,0.002340073300611463
weibull_softplus_unscaled@kappa_floor_link_flat15_fixed15,uncheatable,external_development,0,-1,delphi_3e18_39bucket:42d578942c429bb75d62f6e2a7b33a9636af248dbf978094a0685abfa6f6bef6,1.045335523996738,0.0013523716650570628
weibull_softplus_unscaled@kappa_floor_link_flat15_fixed15,uncheatable,external_development,0,-1,delphi_3e18_39bucket:435fc59b9f74ea68a12a16abcf01b49d1d751709400f056661ece786c4fb97f4,1.040114552754193,0.0014082491492776912
weibull_softplus_unscaled@kappa_floor_link_flat15_fixed15,uncheatable,external_development,0,-1,delphi_3e18_39bucket:43a1b832b41d7b3705abe45be2d9a39f606803f539c4bfc22f9bdb84abd4ecdd,1.0325212234098216,0.0012723339999396396
weibull_softplus_unscaled@kappa_floor_link_flat15_fixed15,uncheatable,external_development,0,-1,delphi_3e18_39bucket:43b243c94270528cefddfad2d85a2e86ee8e2e18b6fd46b04f3c346b72054bfc,1.0373842038328438,0.0011403214688766867
weibull_softplus_unscaled@kappa_floor_link_flat15_fixed15,uncheatable,external_development,0,-1,delphi_3e18_39bucket:44ce79a61450d4abf95809bf0fa221ae9d748008c8b5ae22fd8d3212c27a3fea,1.0013412328694649,0.001911540862262246
weibull_softplus_unscaled@kappa_floor_link_flat15_fixed15,uncheatable,external_development,0,-1,delphi_3e18_39bucket:450946512768dd9a9e7ac0b8b0bfe70503c57901a1407ee4764ad2b8be47d6fc,1.0865195058732273,0.006693547614023398
weibull_softplus_unscaled@kappa_floor_link_flat15_fixed15,uncheatable,external_development,0,-1,delphi_3e18_39bucket:454b420da2501cc8413ce34639b91fba6c924e92d4acb602a12a4188a7bbac06,1.0039776556932711,0.0012857269490445236
weibull_softplus_unscaled@kappa_floor_link_flat15_fixed15,uncheatable,external_development,0,-1,delphi_3e18_39bucket:45c4ebe12e4506146427d7cf86c80df51ee3636fdc90eec46c6fbcda132736d3,1.040576248825624,0.0013581199511970763
weibull_softplus_unscaled@kappa_floor_link_flat15_fixed15,uncheatable,external_development,0,-1,delphi_3e18_39bucket:46346afc1e8f516e3cf8db030395bc5bdba3094e0d1d6ce3d9212fbb3736b08f,1.049334967432049,0.0021277478030698508
weibull_softplus_unscaled@kappa_floor_link_flat15_fixed15,uncheatable,external_development,0,-1,delphi_3e18_39bucket:4656bf4bdeffbc234b5b12cc443ad2055c6daa70555f643727a48d11562171df,1.0363936188555831,0.0012301687110961893
weibull_softplus_unscaled@kappa_floor_link_flat15_fixed15,uncheatable,external_development,0,-1,delphi_3e18_39bucket:479b4c0d010ec8af266c712fad85c52a6b25371b206b9d3bea78ede611674b9e,1.0636502416099396,0.004023166750470638
weibull_softplus_unscaled@kappa_floor_link_flat15_fixed15,uncheatable,external_development,0,-1,delphi_3e18_39bucket:47f173bc0284dd1f8264d5a01dd8a2fcd9c04165efed2d185d16e1684ae02254,1.0033342368214773,0.0017044184537051486
weibull_softplus_unscaled@kappa_floor_link_flat15_fixed15,uncheatable,external_development,0,-1,delphi_3e18_39bucket:4925c3287b201af1db9d1972026e9bf6b2b76a75673de01b83cd6af4965a90c1,0.9997842465969096,0.0018020336434187466
weibull_softplus_unscaled@kappa_floor_link_flat15_fixed15,uncheatable,external_development,0,-1,delphi_3e18_39bucket:49605a406a87e4b29ff1058b67cff48d00f583ed007d73fd163a37ab3f1ef415,0.9995562527166872,0.0015925859972913995
weibull_softplus_unscaled@kappa_floor_link_flat15_fixed15,uncheatable,external_development,0,-1,delphi_3e18_39bucket:4bea36f1a59704fdf3254fce13b499f62c5ce572c840a274eab13868a56e5f0c,1.0387615980298084,0.001300663966486087
weibull_softplus_unscaled@kappa_floor_link_flat15_fixed15,uncheatable,external_development,0,-1,delphi_3e18_39bucket:4d2a9f8e18ebd65e0860eaa7996c71b4bc666ece79a59f99599bf658eaaf1ca6,1.0703736860751345,0.005857911478765276
weibull_softplus_unscaled@kappa_floor_link_flat15_fixed15,uncheatable,external_development,0,-1,delphi_3e18_39bucket:4dcd25089f067b1c4aa3d94b5a6046e58c872c7192b21d095899daf4324f9073,1.086278442793264,0.0027477725479106837
weibull_softplus_unscaled@kappa_floor_link_flat15_fixed15,uncheatable,external_development,0,-1,delphi_3e18_39bucket:4e32a5e9dd28c61c48e02bb2a44b9b07dfd0aba290fffff332f5119d1899e78e,1.0379389772756018,0.0014527169490261799
weibull_softplus_unscaled@kappa_floor_link_flat15_fixed15,uncheatable,external_development,0,-1,delphi_3e18_39bucket:4f14ed9f6b84f8d07a49a046c1f0bc460e6188f73344c8a04a447d11f045e2fb,1.0368217030633118,0.0017919913241065254
weibull_softplus_unscaled@kappa_floor_link_flat15_fixed15,uncheatable,external_development,0,-1,delphi_3e18_39bucket:5117115fda784e176c6f2f6b252905a9552ad3c50be88f0849fedb7b153ef185,1.0402485697868022,0.001205869109887064
weibull_softplus_unscaled@kappa_floor_link_flat15_fixed15,uncheatable,external_development,0,-1,delphi_3e18_39bucket:514be0373f3adf0fa2a0f1d347bb9657c5a350d6221c93c56156da4fca342645,1.0481210277775679,0.008226904425693342
weibull_softplus_unscaled@kappa_floor_link_flat15_fixed15,uncheatable,external_development,0,-1,delphi_3e18_39bucket:51ba2b4f2f488f8c496f545e752754c9e324fea095988aeafc121d14587f9440,0.9951031149422276,0.0016583418042479914
weibull_softplus_unscaled@kappa_floor_link_flat15_fixed15,uncheatable,external_development,0,-1,delphi_3e18_39bucket:520b93fe83078f785e1745d02d62d4de498b2d844861b920f20ad9fddb96d966,1.0107810602239686,0.0025903720007400227
weibull_softplus_unscaled@kappa_floor_link_flat15_fixed15,uncheatable,external_development,0,-1,delphi_3e18_39bucket:5268fc7970fdd1757c78b3d28d3b4a01e39ae7eb48d9eff786688b6aa8419e2c,1.0443120979975387,0.0013554178607197555
weibull_softplus_unscaled@kappa_floor_link_flat15_fixed15,uncheatable,external_development,0,-1,delphi_3e18_39bucket:52eef22c85f32ba5c3c3bbd6b018e3ef32c028af3c84a8cce95f051e36bdb0ef,1.0388470481923682,0.001280719792442319
weibull_softplus_unscaled@kappa_floor_link_flat15_fixed15,uncheatable,external_development,0,-1,delphi_3e18_39bucket:5302a3d504bc827eb82480e47fa5f9369b2a34a9073980d5a79b7b11472c3d35,0.9959965928772707,0.0018390856969302326
weibull_softplus_unscaled@kappa_floor_link_flat15_fixed15,uncheatable,external_development,0,-1,delphi_3e18_39bucket:5304e9320d8a83ce4fc5f0c3d55748a46b482bd39654250154a2e9b9b1f11612,1.00071745915248,0.0013606679141312636
weibull_softplus_unscaled@kappa_floor_link_flat15_fixed15,uncheatable,external_development,0,-1,delphi_3e18_39bucket:547f1880e12c632add60347ae92abf186e58bd4549de02831f05f117476ccd27,0.9990962807371868,0.0019578710997090218
weibull_softplus_unscaled@kappa_floor_link_flat15_fixed15,uncheatable,external_development,0,-1,delphi_3e18_39bucket:55870bf717d572ace521b0a7c6b31246156cc64b0ab6dd344e4f110a1c37e000,1.037670244306668,0.0016846756923382434
weibull_softplus_unscaled@kappa_floor_link_flat15_fixed15,uncheatable,external_development,0,-1,delphi_3e18_39bucket:5653d17dd718ed001c50f11b1296a0b6c437549494c3ad1c8cb1b53da2629181,1.085515900903232,0.007844666902401763
weibull_softplus_unscaled@kappa_floor_link_flat15_fixed15,uncheatable,external_development,0,-1,delphi_3e18_39bucket:569f2fae296c65c150355a111967e64f0458d6d4e4e6695bdad8510e2d957522,1.0012432931264663,0.0022094453689080165
weibull_softplus_unscaled@kappa_floor_link_flat15_fixed15,uncheatable,external_development,0,-1,delphi_3e18_39bucket:577ebf44b0802041939fa396b991d55566e0430342ea4e86916d0a09526dfc7b,1.010381353449179,0.0006014437163937006
weibull_softplus_unscaled@kappa_floor_link_flat15_fixed15,uncheatable,external_development,0,-1,delphi_3e18_39bucket:57e67b1e673016dfe6e90bf3eec613b57b4f45fb8628057d9be4b6887b097974,1.0365725964030439,0.0014358504610411686
weibull_softplus_unscaled@kappa_floor_link_flat15_fixed15,uncheatable,external_development,0,-1,delphi_3e18_39bucket:587d99c210755fe678009083951edbaf5f30125b9a9228c07223908788f4efbf,1.0038668390686865,0.0011814483093507484
weibull_softplus_unscaled@kappa_floor_link_flat15_fixed15,uncheatable,external_development,0,-1,delphi_3e18_39bucket:593cd68cc1f7693b8781f426fd8bf633d814852c98cef69f1dc0e05aa749a4a8,1.0387842752997445,0.0014080549392702713
weibull_softplus_unscaled@kappa_floor_link_flat15_fixed15,uncheatable,external_development,0,-1,delphi_3e18_39bucket:5969f449d772b308738c1973bb8124a9388da3145bdcd4dbf580903e8aa5ae45,1.0074353760237158,0.0025838791326456196
weibull_softplus_unscaled@kappa_floor_link_flat15_fixed15,uncheatable,external_development,0,-1,delphi_3e18_39bucket:5a6c87e0a035e4d18b7e137b2cc16b00806f8d1ef126cc1b3e98ec648866cd95,1.009379385638269,0.002659180161820834
weibull_softplus_unscaled@kappa_floor_link_flat15_fixed15,uncheatable,external_development,0,-1,delphi_3e18_39bucket:5a988330e74f91960f06cf673b3d4fb431b8fa721e3c7765a95b86088e8b3640,1.0374913923601512,0.0012432232440083924
weibull_softplus_unscaled@kappa_floor_link_flat15_fixed15,uncheatable,external_development,0,-1,delphi_3e18_39bucket:5a9ed51807418fe4ffaa4a95d2420907cd771b791ccbe7a8b543f2adf9061a8e,1.0381841365004676,0.0012856714528905902
weibull_softplus_unscaled@kappa_floor_link_flat15_fixed15,uncheatable,external_development,0,-1,delphi_3e18_39bucket:5bab89a350083bbb82d43430d716a115110122a55cabce94a4c485ba7cfc7890,0.9950246248734419,0.0019908686148551393
weibull_softplus_unscaled@kappa_floor_link_flat15_fixed15,uncheatable,external_development,0,-1,delphi_3e18_39bucket:5baf1bd5753c211b529cb2dfdeb4556a9e7d9e60dca85172f893af225d6a49b6,1.037118404949286,0.0014004391255984158
weibull_softplus_unscaled@kappa_floor_link_flat15_fixed15,uncheatable,external_development,0,-1,delphi_3e18_39bucket:5d327ac229879291117268bc6336e58c8152465241259a6f06a7977096c2cbab,1.0098591630504563,0.005948981434717965
weibull_softplus_unscaled@kappa_floor_link_flat15_fixed15,uncheatable,external_development,0,-1,delphi_3e18_39bucket:5d3c191f384bc2fdb869709ada4835079a8ea387a239c05a383b6d50feb82419,1.076418135630374,0.005379298895160066
weibull_softplus_unscaled@kappa_floor_link_flat15_fixed15,uncheatable,external_development,0,-1,delphi_3e18_39bucket:5d81c990ff3f85d604963810f29b83410738a33c030bdad16230497701c673cc,1.0030012269464248,0.0013116833098565136
weibull_softplus_unscaled@kappa_floor_link_flat15_fixed15,uncheatable,external_development,0,-1,delphi_3e18_39bucket:5da4a1f0602a1c573a15377a4719b3b792d3be63656c74bcdef8bd988e67c292,0.9971480745792511,0.0030306248494736225
weibull_softplus_unscaled@kappa_floor_link_flat15_fixed15,uncheatable,external_development,0,-1,delphi_3e18_39bucket:5df7ed0b68454fcec31de8326a1e4b7f97af17db946f06b0c2c6be55a0a58023,1.0556796152351522,0.0020548808784844465
weibull_softplus_unscaled@kappa_floor_link_flat15_fixed15,uncheatable,external_development,0,-1,delphi_3e18_39bucket:5e82fa8032d14849cb8dc9fd8900615e0f644f4dcc5f56d9fdcb7be65d280bd9,1.0376462343962227,0.0014964103123967082
weibull_softplus_unscaled@kappa_floor_link_flat15_fixed15,uncheatable,external_development,0,-1,delphi_3e18_39bucket:5f70df28cce5d870961ea81fd9171415d174214efb666d244008771b3f8a8132,1.0030815139200802,0.0019311857108278228
weibull_softplus_unscaled@kappa_floor_link_flat15_fixed15,uncheatable,external_development,0,-1,delphi_3e18_39bucket:5f8f1118125ab64ed7032396f431fe7a879ad10627850bcd4cebb2b9c12c9c22,1.0369379157591028,0.0013978354998783304
weibull_softplus_unscaled@kappa_floor_link_flat15_fixed15,uncheatable,external_development,0,-1,delphi_3e18_39bucket:5fa5cf047ffb05b34ab17af47ca76b8ed3cf45d172b6ee69c5619c55231222bc,1.0368085758080576,0.001214538072038592
weibull_softplus_unscaled@kappa_floor_link_flat15_fixed15,uncheatable,external_development,0,-1,delphi_3e18_39bucket:5fb6419e901016333ce5c075f123385864a29743541a4465e59b81d1d53f1921,0.9942896550739514,0.00279613127880859
weibull_softplus_unscaled@kappa_floor_link_flat15_fixed15,uncheatable,external_development,0,-1,delphi_3e18_39bucket:6233cb472d97f01738aec435e826103682ccfd8390ef3bf6783341c9818b9043,1.0001785398510687,0.0015818157939319762
weibull_softplus_unscaled@kappa_floor_link_flat15_fixed15,uncheatable,external_development,0,-1,delphi_3e18_39bucket:635528e5e2a0e881124caf31eb8cf68a81b7afe38b50630e57e736edbdd31013,1.0040095668399143,0.0019312838135089173
weibull_softplus_unscaled@kappa_floor_link_flat15_fixed15,uncheatable,external_development,0,-1,delphi_3e18_39bucket:643213b3d69a274b198c42fc5df8e2e33accfef69d26786274a4e3f0d3ff1eba,0.9966480751419269,0.0013422251925274188
weibull_softplus_unscaled@kappa_floor_link_flat15_fixed15,uncheatable,external_development,0,-1,delphi_3e18_39bucket:64f4ce182df0f4dc266d00d5177554ae26d369be6d6fdc42e4020ce4c159e038,1.009489913189685,0.0016688241500304446
weibull_softplus_unscaled@kappa_floor_link_flat15_fixed15,uncheatable,external_development,0,-1,delphi_3e18_39bucket:657cba1c0ea3a729af39bff18b4377567929bd7f9ece5bd5dd9fe573efdf1846,1.0457725198251877,0.001990172548472413
weibull_softplus_unscaled@kappa_floor_link_flat15_fixed15,uncheatable,external_development,0,-1,delphi_3e18_39bucket:65ccd2db176dadefe0a7cf70618e1e83b58fd25b8cdb66dafce02ef9cc006744,1.0383253191446784,0.0017869533326482273
weibull_softplus_unscaled@kappa_floor_link_flat15_fixed15,uncheatable,external_development,0,-1,delphi_3e18_39bucket:65d781957ad30514765e476d9aef03613f438cb06683bdb6e47eeadeb5f9a3d0,1.03624846774419,0.0012656080451677136
weibull_softplus_unscaled@kappa_floor_link_flat15_fixed15,uncheatable,external_development,0,-1,delphi_3e18_39bucket:661739490c9b84b6c95c10cd02b37a24bbca1d52fa7a8b7e180f2963642f363a,1.0390201932283945,0.0015190659659527037
weibull_softplus_unscaled@kappa_floor_link_flat15_fixed15,uncheatable,external_development,0,-1,delphi_3e18_39bucket:665264aa06d922541d30ea5dffa5ab727ff9eecc9ba769dc6409f816a5ea281e,1.0325361232688348,0.001530027211758088
weibull_softplus_unscaled@kappa_floor_link_flat15_fixed15,uncheatable,external_development,0,-1,delphi_3e18_39bucket:6683ff87838073a568adf59ff7c6498c94372836209739b03bbd5d504c540273,1.0371345881736738,0.0014112539389767478
weibull_softplus_unscaled@kappa_floor_link_flat15_fixed15,uncheatable,external_development,0,-1,delphi_3e18_39bucket:67219c03d0898c3bde8548203483153b8dab3ed4fff577a865554213c097934e,1.0075683412442582,0.0022536560032745795
weibull_softplus_unscaled@kappa_floor_link_flat15_fixed15,uncheatable,external_development,0,-1,delphi_3e18_39bucket:67c596ca345b4ee037b293caa94b2bf053cca70944eb5962eb9081967b56c5a1,1.0520672961278148,0.0041237372430781
weibull_softplus_unscaled@kappa_floor_link_flat15_fixed15,uncheatable,external_development,0,-1,delphi_3e18_39bucket:6804300e425006b08f97520a7f6c9bba13378a0b6b02edcbfec5611e5ca0c44d,1.0027132678099573,0.002046745895609869
weibull_softplus_unscaled@kappa_floor_link_flat15_fixed15,uncheatable,external_development,0,-1,delphi_3e18_39bucket:68195b7435e250fecfae0a4a43494aec7a31a5058003835e9123c0d9e17c5779,1.0372653654599424,0.0013985098115011148
weibull_softplus_unscaled@kappa_floor_link_flat15_fixed15,uncheatable,external_development,0,-1,delphi_3e18_39bucket:685f65df9a5d97bc32080e3b868a666285be0939d78e0a811d378657ee757244,0.996886103854937,0.0015213558669101468
weibull_softplus_unscaled@kappa_floor_link_flat15_fixed15,uncheatable,external_development,0,-1,delphi_3e18_39bucket:6a6a57cc90489b1821b2d65721b9c2e1d907405a1cb08fb12b0a637f75a245c7,1.0476859984167066,0.0018587767951439636
weibull_softplus_unscaled@kappa_floor_link_flat15_fixed15,uncheatable,external_development,0,-1,delphi_3e18_39bucket:6b35fe0f0f1836e028d532783d26a896a624c7a1b735b664c912826d6046ade7,1.037491867740328,0.00138358407705838
weibull_softplus_unscaled@kappa_floor_link_flat15_fixed15,uncheatable,external_development,0,-1,delphi_3e18_39bucket:6be8998407711e41d66a8387ce4264ca2d324918221eafcce587dcead56348cf,1.001623662371628,0.0014235714279570025
weibull_softplus_unscaled@kappa_floor_link_flat15_fixed15,uncheatable,external_development,0,-1,delphi_3e18_39bucket:6c651e55ddca05236b7de3e3673e1b135e1bafa15edb691f8d6ccfe12505a49c,1.0077903585918766,0.00044607369530541183
weibull_softplus_unscaled@kappa_floor_link_flat15_fixed15,uncheatable,external_development,0,-1,delphi_3e18_39bucket:6eff5c2c6d0c6033485ec4cb97a6edae6de89063ea34c89f669ff4e4e0629eea,1.0429472495510796,0.0019308602047069022
weibull_softplus_unscaled@kappa_floor_link_flat15_fixed15,uncheatable,external_development,0,-1,delphi_3e18_39bucket:6f2ceecb1630469201c7035fa1c46b5e3575989940074cd8c176f47a5250cda2,1.0400202574375603,0.0016588046669149335
weibull_softplus_unscaled@kappa_floor_link_flat15_fixed15,uncheatable,external_development,0,-1,delphi_3e18_39bucket:6f5f12ad402436790f3d03055f3eb56f3931fe179faa1d08d6bfed2b23726d8d,1.0497327548364346,0.006270007566464243
weibull_softplus_unscaled@kappa_floor_link_flat15_fixed15,uncheatable,external_development,0,-1,delphi_3e18_39bucket:7085b12019ff35a054c005d424eb8596134e288c7ecaa2596bb4b5711eb66326,1.0046912374922647,0.0024517870316479737
weibull_softplus_unscaled@kappa_floor_link_flat15_fixed15,uncheatable,external_development,0,-1,delphi_3e18_39bucket:7132c13eee4b70ca34a33f9a9ae7366f1bfa0fced8aaf9fa0323bc319b97506a,1.0406442627712458,0.0013935340933653251
weibull_softplus_unscaled@kappa_floor_link_flat15_fixed15,uncheatable,external_development,0,-1,delphi_3e18_39bucket:71eb42d48f6b6a336390c690ce1e47364dfe485e2a4f06e168075c88b0def0a9,1.0704335521231687,0.004863918154668083
weibull_softplus_unscaled@kappa_floor_link_flat15_fixed15,uncheatable,external_development,0,-1,delphi_3e18_39bucket:73b73bcfae2235917fe2f1124d67bf7e8f4de12dc6dcc34da1357fa35965dccd,1.038871323091854,0.001611984419501623
weibull_softplus_unscaled@kappa_floor_link_flat15_fixed15,uncheatable,external_development,0,-1,delphi_3e18_39bucket:73e4938531467186d1056d6cf58b170c580574db409beae1e74fb1f8405d458a,1.0377866878949145,0.0013130287494688216
weibull_softplus_unscaled@kappa_floor_link_flat15_fixed15,uncheatable,external_development,0,-1,delphi_3e18_39bucket:742dd349c1fbc18af63f516a37aaff216490071ad5e744e3cf744b4b49367d40,1.0441174668074769,0.002465877781090393
weibull_softplus_unscaled@kappa_floor_link_flat15_fixed15,uncheatable,external_development,0,-1,delphi_3e18_39bucket:74bdb4e6f472459381f30133f60e19e24a54f6c7d8a9fc845b5471d668934b4d,1.0242751078720835,0.0025539935000728066
weibull_softplus_unscaled@kappa_floor_link_flat15_fixed15,uncheatable,external_development,0,-1,delphi_3e18_39bucket:779582b98316a575f87b769bfc22d3510587f0f16a442ad2616825ec6f00f94d,1.0373367922542416,0.0013380249054236978
weibull_softplus_unscaled@kappa_floor_link_flat15_fixed15,uncheatable,external_development,0,-1,delphi_3e18_39bucket:789182d5189317aa9b8640cc1bce52e2c170dc32657677d3a4108620bcbb7f05,1.0414625463328986,0.0015319526050386284
weibull_softplus_unscaled@kappa_floor_link_flat15_fixed15,uncheatable,external_development,0,-1,delphi_3e18_39bucket:78b2e8346a4519dfef462b8376a77bc4e1d601f8933e6641020cf0eb7e48efc0,1.023555652574796,0.0008724066476910684
weibull_softplus_unscaled@kappa_floor_link_flat15_fixed15,uncheatable,external_development,0,-1,delphi_3e18_39bucket:79342538155564afca7e514f857df1aab57ae43c2a727fc37d051d30c6d25bbd,1.0600786609577968,0.003976081162326763
weibull_softplus_unscaled@kappa_floor_link_flat15_fixed15,uncheatable,external_development,0,-1,delphi_3e18_39bucket:79b7dc536837224e4eff768fb8683996c85a942a48afb91148b576ea01130da8,1.038394252812294,0.001227213238042219
weibull_softplus_unscaled@kappa_floor_link_flat15_fixed15,uncheatable,external_development,0,-1,delphi_3e18_39bucket:79faa6a5b2de9e64c364af44aaa762e31a637c87c7c6d57002f957ef71cbeb84,1.0008403175444616,0.0017875434916367343
weibull_softplus_unscaled@kappa_floor_link_flat15_fixed15,uncheatable,external_development,0,-1,delphi_3e18_39bucket:7a8a1571857b7cc2f62797b819c02b7601a261a232ede9b2b2a40a8e02631529,1.0384705203929347,0.00177804759408454
weibull_softplus_unscaled@kappa_floor_link_flat15_fixed15,uncheatable,external_development,0,-1,delphi_3e18_39bucket:7ab74cb0c3631183b76fefb3117496ce670fa45cf520e299bb7f3bce074e8658,1.069963203776128,0.004050896064513985
weibull_softplus_unscaled@kappa_floor_link_flat15_fixed15,uncheatable,external_development,0,-1,delphi_3e18_39bucket:7c9cf8d99e2a20bfcf7060b220169c9ae7c13a5c2cfaa96022cc97b063759fec,1.0074348888431253,0.0008114871415255138
weibull_softplus_unscaled@kappa_floor_link_flat15_fixed15,uncheatable,external_development,0,-1,delphi_3e18_39bucket:7d6e5bdf2421a78af620ea6ac7975078e405a629c7642ced529ef76b1f6bba54,1.0577772740302502,0.0063472047506510035
weibull_softplus_unscaled@kappa_floor_link_flat15_fixed15,uncheatable,external_development,0,-1,delphi_3e18_39bucket:7e50a540822cd1f63f18761885d1cd012c7c060ebeb687febf7e9be0ca69e06f,1.0411536228332774,0.0016545247016393676
weibull_softplus_unscaled@kappa_floor_link_flat15_fixed15,uncheatable,external_development,0,-1,delphi_3e18_39bucket:7e55a3661a634ab042b0d907f35856d18f479e608ad474942aa5a6ecf7f9f033,1.0016302736468274,0.0013021517641562566
weibull_softplus_unscaled@kappa_floor_link_flat15_fixed15,uncheatable,external_development,0,-1,delphi_3e18_39bucket:7ea661be2a7587559cb8925e1eb21820cb040c4cd7a883b0f24803c308d3fb41,1.0008224295177215,0.002040283720383282
weibull_softplus_unscaled@kappa_floor_link_flat15_fixed15,uncheatable,external_development,0,-1,delphi_3e18_39bucket:7ed367f16179f0147cfe76808f461bb876363b57665b8e5485529577f7dd5210,1.0025615097384362,0.0015814322075204323
weibull_softplus_unscaled@kappa_floor_link_flat15_fixed15,uncheatable,external_development,0,-1,delphi_3e18_39bucket:80b7399fe369d7309377bca271430df48654b77c59f6f9809f09f49a62c14c95,0.9948068445054026,0.0016864966935496181
weibull_softplus_unscaled@kappa_floor_link_flat15_fixed15,uncheatable,external_development,0,-1,delphi_3e18_39bucket:80c15a27d3c6defe26f889f7936ebab693f93a38ab4040725e65f243f2688f9e,1.0574118357861706,0.003225446274619191
weibull_softplus_unscaled@kappa_floor_link_flat15_fixed15,uncheatable,external_development,0,-1,delphi_3e18_39bucket:80cd1b3538923f0a877e5c9e8a78b526e337a71951c52c3ed2fabe91e7daeb69,0.9967644632587486,0.0017561658142154297
weibull_softplus_unscaled@kappa_floor_link_flat15_fixed15,uncheatable,external_development,0,-1,delphi_3e18_39bucket:80ef0b613e000a82657443770642af353463be1258804e7d9a261d13e6d4476b,1.0218218719594059,0.009204898266776763
weibull_softplus_unscaled@kappa_floor_link_flat15_fixed15,uncheatable,external_development,0,-1,delphi_3e18_39bucket:81329096cd24fadc9f75ffda9d87c90de1dd4f27e19160c1a0ab25986bc2213e,1.0012088521879368,0.001488025295314152
weibull_softplus_unscaled@kappa_floor_link_flat15_fixed15,uncheatable,external_development,0,-1,delphi_3e18_39bucket:81cb45a36b39811750d0ff0f4375bddfcf30514d23437ee76f5f2fb9aeef22de,0.9965988445941231,0.0017849864113027116
weibull_softplus_unscaled@kappa_floor_link_flat15_fixed15,uncheatable,external_development,0,-1,delphi_3e18_39bucket:83255fbba7f49b8b85c42635b9dfbb84761b39c2df55f527fecbf415d75bdb19,0.9909901868070141,0.0023501085845349465
weibull_softplus_unscaled@kappa_floor_link_flat15_fixed15,uncheatable,external_development,0,-1,delphi_3e18_39bucket:834ca3cc6431aa04fe7c1039a47a2b6cb51197eca105e28b5fdd395b13a59c18,1.0369352079002216,0.0015959634713156334
weibull_softplus_unscaled@kappa_floor_link_flat15_fixed15,uncheatable,external_development,0,-1,delphi_3e18_39bucket:848ee17fdc86ef605e6b967b8be1b2327ef85ba9fcd80de8caf8ec6cb2bfae35,1.0426684635848686,0.0016500918753983866
weibull_softplus_unscaled@kappa_floor_link_flat15_fixed15,uncheatable,external_development,0,-1,delphi_3e18_39bucket:851897897f6a702a132a53ae8f04f9f597629831dfbe696325a3cb4810870279,1.038392341478036,0.0012370693487056069
weibull_softplus_unscaled@kappa_floor_link_flat15_fixed15,uncheatable,external_development,0,-1,delphi_3e18_39bucket:85cf736312d9c54d30d33e799831eace88d4de508ed9795dc06bd89296394ffd,1.0057229814891642,0.00215600753346171
weibull_softplus_unscaled@kappa_floor_link_flat15_fixed15,uncheatable,external_development,0,-1,delphi_3e18_39bucket:86420d557a137f4d0cf021827bb1dfd00123496c140b53f73d1886b1fcfec8be,1.0381232855972864,0.0014285794840943704
weibull_softplus_unscaled@kappa_floor_link_flat15_fixed15,uncheatable,external_development,0,-1,delphi_3e18_39bucket:869e1d284e219525aaf5d7d275906629688a62da31308f8af724cf8e4e5d9f87,1.0017790216432076,0.0016251762817680667
weibull_softplus_unscaled@kappa_floor_link_flat15_fixed15,uncheatable,external_development,0,-1,delphi_3e18_39bucket:87080ec1cfff7cc2b32c2fdc42c41a6796e01bcbfb8616fe6e2dde53b69a4109,1.0676998578834196,0.004862850270327406
weibull_softplus_unscaled@kappa_floor_link_flat15_fixed15,uncheatable,external_development,0,-1,delphi_3e18_39bucket:8742e8c2e0296f55b1c137dd55f16cb74ac4383a6910e9d287ebe64de86fef97,1.0037576141681879,0.0013961570395205393
weibull_softplus_unscaled@kappa_floor_link_flat15_fixed15,uncheatable,external_development,0,-1,delphi_3e18_39bucket:8764bd229418c70dbbe599973cafc92f4d5c6b32008b9660f4dc1c2b9ea05ee6,0.994067629543154,0.0014198782597303191
weibull_softplus_unscaled@kappa_floor_link_flat15_fixed15,uncheatable,external_development,0,-1,delphi_3e18_39bucket:87837653d9cdc600c37c55a28dbdbbafffdc6e81c912de2423ff4dd6118f5f0a,1.0367648078023588,0.0013353056948084518
weibull_softplus_unscaled@kappa_floor_link_flat15_fixed15,uncheatable,external_development,0,-1,delphi_3e18_39bucket:8784616bf6a6f4416513634feed4c1d09697d7626e853b9132f5d5b1a5ec5286,1.038353725799956,0.0015061044416694632
weibull_softplus_unscaled@kappa_floor_link_flat15_fixed15,uncheatable,external_development,0,-1,delphi_3e18_39bucket:87be168549724da95ae6d032411d12303a0ae7fc9c2ecc38ead4f252668fcd3d,1.042982648334665,0.0016079537495287026
weibull_softplus_unscaled@kappa_floor_link_flat15_fixed15,uncheatable,external_development,0,-1,delphi_3e18_39bucket:886ef9a3b6898b33d1cbfe224fde8ae46669dd21b00953a088e52e85aea29e34,1.052594245121973,0.002447112432799441
weibull_softplus_unscaled@kappa_floor_link_flat15_fixed15,uncheatable,external_development,0,-1,delphi_3e18_39bucket:888cfaf89d4295f594e70e228c529e053cfd95543a8db5dfe5873174591305d6,0.9965318583173307,0.0021133577653597016
weibull_softplus_unscaled@kappa_floor_link_flat15_fixed15,uncheatable,external_development,0,-1,delphi_3e18_39bucket:88da80acdbb077326baf06c1ee5ed44df4ccf2d1c95d0225144a1ef721799941,1.036910940797324,0.0013378701012408528
weibull_softplus_unscaled@kappa_floor_link_flat15_fixed15,uncheatable,external_development,0,-1,delphi_3e18_39bucket:8910b0578fdda4c18bd7e50f1db6f6ae52d07ac262aa4cb6226715890111fba5,1.039969361356396,0.0011880635369080873
weibull_softplus_unscaled@kappa_floor_link_flat15_fixed15,uncheatable,external_development,0,-1,delphi_3e18_39bucket:8a5e02daa1e8fdf2a742a34c43f9a70bb723cb9f61bc5fcfe9694679bdaca30e,1.0372479081384325,0.0013317031372179604
weibull_softplus_unscaled@kappa_floor_link_flat15_fixed15,uncheatable,external_development,0,-1,delphi_3e18_39bucket:8b6fc2228a641c15336b0a2f6243168c75a92ef85a25feac87bdbcb80fa0ce3e,0.9913775019436801,0.002545893881098135
weibull_softplus_unscaled@kappa_floor_link_flat15_fixed15,uncheatable,external_development,0,-1,delphi_3e18_39bucket:8baefda61a7b076070dd2fdfae9c2833cb8c470bc0be085535e8c1a510789ee8,1.0503233407375618,0.0015362190179752915
weibull_softplus_unscaled@kappa_floor_link_flat15_fixed15,uncheatable,external_development,0,-1,delphi_3e18_39bucket:8bb9f580b38a5691e7f2030d568ef8db3f7430366b33433322edc9652cacd6f5,1.040565443983923,0.00174051218455483
weibull_softplus_unscaled@kappa_floor_link_flat15_fixed15,uncheatable,external_development,0,-1,delphi_3e18_39bucket:8bbe93b0af46157c7aaa17bf2587b4a436032d818670734d30f256fccaef3ed1,1.032322371131495,0.001680405321845663
weibull_softplus_unscaled@kappa_floor_link_flat15_fixed15,uncheatable,external_development,0,-1,delphi_3e18_39bucket:8bd59c49ec1cdc852b27915a9a7ac596f0f8a73500f6591ee9c6557d34bd8c27,1.0369577714672111,0.0013754805531985186
weibull_softplus_unscaled@kappa_floor_link_flat15_fixed15,uncheatable,external_development,0,-1,delphi_3e18_39bucket:8c377f234db2429719cde7dad4993aee8d5ba1a1b9fc4bb1edecd7ce3c71c7ba,1.0395502345105871,0.001409467234801816
weibull_softplus_unscaled@kappa_floor_link_flat15_fixed15,uncheatable,external_development,0,-1,delphi_3e18_39bucket:8d8d29d13a22ae384d9c1d2602fbdc405a2944615cac1839a8fed0a4f1cf92cd,1.0356963745324905,0.003220116262648891
weibull_softplus_unscaled@kappa_floor_link_flat15_fixed15,uncheatable,external_development,0,-1,delphi_3e18_39bucket:8e07c6e265071fba3115ceab986006dd4518361d77cde815c233b3b70a3ffdc0,1.0360700177059152,0.0012782160552717164
weibull_softplus_unscaled@kappa_floor_link_flat15_fixed15,uncheatable,external_development,0,-1,delphi_3e18_39bucket:8ed5f5516a187a4a2554d9c9c8146015a7f00b116e579433a44c39a9c8006f31,1.0203919954556397,0.003959443691075281
weibull_softplus_unscaled@kappa_floor_link_flat15_fixed15,uncheatable,external_development,0,-1,delphi_3e18_39bucket:8ef412ceada2d7ce755116002b185f9a484e1bd67269fffa0bb96a36e49f1b57,1.0055752927323283,0.0013914153397349897
weibull_softplus_unscaled@kappa_floor_link_flat15_fixed15,uncheatable,external_development,0,-1,delphi_3e18_39bucket:8f9d336e61271fad2de609d91cff46986aa0a18d154f1bb47311d58529798e70,0.9969724841018819,0.0012906662328728753
weibull_softplus_unscaled@kappa_floor_link_flat15_fixed15,uncheatable,external_development,0,-1,delphi_3e18_39bucket:8fd1ba3a337f5601be326ee3fa5f02778374cd45763940f906a747ef581271a2,1.0053725008410166,0.0010768385945411044
weibull_softplus_unscaled@kappa_floor_link_flat15_fixed15,uncheatable,external_development,0,-1,delphi_3e18_39bucket:90dba2fc8d83436f4853eb165d137a40b833acc83db632ba583aa912e43b733d,0.9983329995798403,0.0013668881822661008
weibull_softplus_unscaled@kappa_floor_link_flat15_fixed15,uncheatable,external_development,0,-1,delphi_3e18_39bucket:90f52ac0608eb5e98056e42a1f2c4baf179f331a5a38fab70ead512319850a58,0.9953198179171548,0.0017058965408353985
weibull_softplus_unscaled@kappa_floor_link_flat15_fixed15,uncheatable,external_development,0,-1,delphi_3e18_39bucket:915788dcc658ef8459d4fe90196613e360eb9a4655570e26ccf506b5a28854fa,0.9992366648312438,0.0010671343673035155
weibull_softplus_unscaled@kappa_floor_link_flat15_fixed15,uncheatable,external_development,0,-1,delphi_3e18_39bucket:91ab6eb5ae7849b9e87fba2106c491587834053d24b5391eedf4835d5a9ceefb,1.0373375444939117,0.0012498656465499505
weibull_softplus_unscaled@kappa_floor_link_flat15_fixed15,uncheatable,external_development,0,-1,delphi_3e18_39bucket:937f2ad80bf81c490b47d4ffa2a834687d935ca5b8d1aac556126ed037de7674,1.0182788729510364,0.0035099270411463514
weibull_softplus_unscaled@kappa_floor_link_flat15_fixed15,uncheatable,external_development,0,-1,delphi_3e18_39bucket:9402f0aef28710392a371f6c2d00b98a0838d825536798d42069e950307c4c99,0.991873103496097,0.0026034771339260594
weibull_softplus_unscaled@kappa_floor_link_flat15_fixed15,uncheatable,external_development,0,-1,delphi_3e18_39bucket:970c37b900cddf2525317a138fb131ccad6daea8791d001f37f7afb455709750,1.0276362814524793,0.0008329478174613455
weibull_softplus_unscaled@kappa_floor_link_flat15_fixed15,uncheatable,external_development,0,-1,delphi_3e18_39bucket:97a9a5ebb9cef7528b5a1da0e741881159e16d17debe1bae0a412102ad3ef173,0.9938609139208262,0.0017053774890056124
weibull_softplus_unscaled@kappa_floor_link_flat15_fixed15,uncheatable,external_development,0,-1,delphi_3e18_39bucket:99a1fe189ce40a2f048415cf2c9d05a5d0869a5118c2c936a4376cb325c23e68,0.9948818369673962,0.0016730749281531928
weibull_softplus_unscaled@kappa_floor_link_flat15_fixed15,uncheatable,external_development,0,-1,delphi_3e18_39bucket:9a343b0b93b0bad4f87152437bb40a403f7be5b9f572cfae5e7703e50bc7093a,1.0700981930234428,0.004132618870965682
weibull_softplus_unscaled@kappa_floor_link_flat15_fixed15,uncheatable,external_development,0,-1,delphi_3e18_39bucket:9a66aeb4da20d6cb985f60b618c35fa92cb849c3995c7701c5b8b9785a935f95,1.0382715656498194,0.0014082042775476714
weibull_softplus_unscaled@kappa_floor_link_flat15_fixed15,uncheatable,external_development,0,-1,delphi_3e18_39bucket:9b478f9223e98b33f203281ad106af33651a711905e81c6425afe46d362783dd,0.9955315885953853,0.0016719838648013247
weibull_softplus_unscaled@kappa_floor_link_flat15_fixed15,uncheatable,external_development,0,-1,delphi_3e18_39bucket:9b5151b872ae7af3e6ea7b0848ca27f2df40cf9db2959053862a77d7bb2ce64a,1.0379094734764505,0.0013391797676025779
weibull_softplus_unscaled@kappa_floor_link_flat15_fixed15,uncheatable,external_development,0,-1,delphi_3e18_39bucket:9c6db70647e13c5852166d57e3fc232c7b5e9b140a9ad0d9b86579435f1b927e,1.0382849703005514,0.001348907067723702
weibull_softplus_unscaled@kappa_floor_link_flat15_fixed15,uncheatable,external_development,0,-1,delphi_3e18_39bucket:9cb37ee04e914fba68e7aa6ea382c6a5dcc2b405ec78b251b537abc8f70b15f2,1.0944110220267662,0.004295273445069736
weibull_softplus_unscaled@kappa_floor_link_flat15_fixed15,uncheatable,external_development,0,-1,delphi_3e18_39bucket:9d67ecf7ca42caa8c17072acc340447c75d621fa7f6328d104f5c9aaeb7ec6e0,1.0053440089102135,0.001452625773006608
weibull_softplus_unscaled@kappa_floor_link_flat15_fixed15,uncheatable,external_development,0,-1,delphi_3e18_39bucket:9dd4959b60a619086be7a961944fc3ecdd885a9e689014e9469cefc96b05d519,1.041516943674925,0.0014293559854858494
weibull_softplus_unscaled@kappa_floor_link_flat15_fixed15,uncheatable,external_development,0,-1,delphi_3e18_39bucket:9e9c69194eb0212d58b2cd82c37cfb3cd0425cc53145c90e62e8fdaa0146b72c,1.0706335398966838,0.003278476194443011
weibull_softplus_unscaled@kappa_floor_link_flat15_fixed15,uncheatable,external_development,0,-1,delphi_3e18_39bucket:a06702de740002664665137e4b38e0b8da850b54fa2b60043b07648bc7865e0d,1.039061036495743,0.001544385957144691
weibull_softplus_unscaled@kappa_floor_link_flat15_fixed15,uncheatable,external_development,0,-1,delphi_3e18_39bucket:a0bbc1f698c1a18d7f21e9791cce50f2a1d00723e1a937c8b85e7b03774f3749,1.037649108922294,0.0013038233840621187
weibull_softplus_unscaled@kappa_floor_link_flat15_fixed15,uncheatable,external_development,0,-1,delphi_3e18_39bucket:a112249e06f01c4b89fb7ab08cab57efeda282d92742f4cc252467705cf190b3,0.9958213522195174,0.0016341179283668244
weibull_softplus_unscaled@kappa_floor_link_flat15_fixed15,uncheatable,external_development,0,-1,delphi_3e18_39bucket:a1a917b1981fc2cad2c2759dccf963b51fb941fd9816c49087f7b119545d4161,1.0002807102073803,0.002369745342297373
weibull_softplus_unscaled@kappa_floor_link_flat15_fixed15,uncheatable,external_development,0,-1,delphi_3e18_39bucket:a1f87c7627ab9c948d93247605933c7e9d12b8ea41ba1996c0c22c23f0c60e1e,1.0384538474628493,0.0013824340197650556
weibull_softplus_unscaled@kappa_floor_link_flat15_fixed15,uncheatable,external_development,0,-1,delphi_3e18_39bucket:a25dabb3c98aa39ea49c61f7537a84bdce96e8f918213f095826eb4df2bfcd91,1.0359879390756177,0.0011444291418417102
weibull_softplus_unscaled@kappa_floor_link_flat15_fixed15,uncheatable,external_development,0,-1,delphi_3e18_39bucket:a2e9ef04947000c42a5fce44f079afd6c9a82405871f0ae796e3a23c09bdcd60,1.1061165012769405,0.007010304869072924
weibull_softplus_unscaled@kappa_floor_link_flat15_fixed15,uncheatable,external_development,0,-1,delphi_3e18_39bucket:a315b6115cd413de8d5e39509e9b2bcb130fb31b515f2b998f7a274d483f99de,1.0367776252537553,0.001337174755297274
weibull_softplus_unscaled@kappa_floor_link_flat15_fixed15,uncheatable,external_development,0,-1,delphi_3e18_39bucket:a33494886bea818345f1c4e736142dd31e9b8963c77dda49d14b97936f38ad95,1.016106008079811,0.0021766966887060736
weibull_softplus_unscaled@kappa_floor_link_flat15_fixed15,uncheatable,external_development,0,-1,delphi_3e18_39bucket:a446352f8ea28f09e4c49fbb12b233c435b553f9d70c492c7073b7bf49c30026,1.003147981237959,0.0025779654665999997
weibull_softplus_unscaled@kappa_floor_link_flat15_fixed15,uncheatable,external_development,0,-1,delphi_3e18_39bucket:a4464fbeb7558934945cefd27711b340531f10f3393f5ab055b29227f11a2f02,1.036152694552483,0.0013541680536669446
weibull_softplus_unscaled@kappa_floor_link_flat15_fixed15,uncheatable,external_development,0,-1,delphi_3e18_39bucket:a49233d8ca277189ab0cffa6075e2cba9b34d183388b505c02e9a17d70d7b1a8,1.029939315014352,0.0012265920775705013
weibull_softplus_unscaled@kappa_floor_link_flat15_fixed15,uncheatable,external_development,0,-1,delphi_3e18_39bucket:a570734958ce849cebca1348408f996861bd51f2f76876b6595f3aa361d871f5,1.0039045669210322,0.0035055220023367823
weibull_softplus_unscaled@kappa_floor_link_flat15_fixed15,uncheatable,external_development,0,-1,delphi_3e18_39bucket:a64059ebf6ac3d0875b9f311b2e3e574ff090986e2a18e0768c17721dee9a572,1.0433797254784904,0.0023378439136782325
weibull_softplus_unscaled@kappa_floor_link_flat15_fixed15,uncheatable,external_development,0,-1,delphi_3e18_39bucket:a65d5c88e37d14e7e1c7bc24772a174122d7735d5bb9401952c2c43a9e52bcb0,1.0381307451414865,0.001397912543008917
weibull_softplus_unscaled@kappa_floor_link_flat15_fixed15,uncheatable,external_development,0,-1,delphi_3e18_39bucket:a6f8ee66180ee4f314eaefad2d4a4d32b2dca4cca30189c172ec69c8e429a20f,1.0067421028736794,0.0014403561417875514
weibull_softplus_unscaled@kappa_floor_link_flat15_fixed15,uncheatable,external_development,0,-1,delphi_3e18_39bucket:a8c855f7247f4bb844661b84227e13a55c58f2bdeda554bdaadb6541e5fd19bc,1.0387889492179143,0.0015499718211990548
weibull_softplus_unscaled@kappa_floor_link_flat15_fixed15,uncheatable,external_development,0,-1,delphi_3e18_39bucket:a9443e4734c22f757147884341c62ae38299464729f87ed9ebc619cf23b893a1,1.0366599402392418,0.001306085937815181
weibull_softplus_unscaled@kappa_floor_link_flat15_fixed15,uncheatable,external_development,0,-1,delphi_3e18_39bucket:a96abbfe9e29b29f06fdb9be2935742296725f23def7ac46e67be6129f5ca741,1.0548173063821054,0.002646376070892878
weibull_softplus_unscaled@kappa_floor_link_flat15_fixed15,uncheatable,external_development,0,-1,delphi_3e18_39bucket:a98036a6d9c1a1c7fb42982be7cae6f1e1d167bb4c7f7e78ebb546027f1e558f,1.041953245671082,0.001784128889270046
weibull_softplus_unscaled@kappa_floor_link_flat15_fixed15,uncheatable,external_development,0,-1,delphi_3e18_39bucket:a9fad6c5f1a36df4b0cd5664cd0bb595654bf66783a68cba6267d2877016bdfc,1.0089986012096674,0.005368425427494156
weibull_softplus_unscaled@kappa_floor_link_flat15_fixed15,uncheatable,external_development,0,-1,delphi_3e18_39bucket:aaabe532cd33109c14120ccd2d5f0e2d56bd18382aaad7be18cdb28330125142,1.0056191296739625,0.0027425312953627476
weibull_softplus_unscaled@kappa_floor_link_flat15_fixed15,uncheatable,external_development,0,-1,delphi_3e18_39bucket:abbb4c8d6968fb6ed79c1966d74bed13487aa096585bb6b17f377885c682253b,1.0808753867140752,0.005767128214166905
weibull_softplus_unscaled@kappa_floor_link_flat15_fixed15,uncheatable,external_development,0,-1,delphi_3e18_39bucket:acf47cd01afab11ff0fcb7160374abce76a2944fe7a7540d228c251e9321640d,0.9971524972259933,0.0013677515428214431
weibull_softplus_unscaled@kappa_floor_link_flat15_fixed15,uncheatable,external_development,0,-1,delphi_3e18_39bucket:ad6cc7dabe4a5d5d4ba13920311e4ef81127a10801519d719266222379ae77b0,1.0110222222145906,0.0025179494458219347
weibull_softplus_unscaled@kappa_floor_link_flat15_fixed15,uncheatable,external_development,0,-1,delphi_3e18_39bucket:ae0dded03badca9af71c45d67446f487f2de6f1c7152b6c1a2d3ecada8a9d714,1.0365437968549887,0.0013695992118709257
weibull_softplus_unscaled@kappa_floor_link_flat15_fixed15,uncheatable,external_development,0,-1,delphi_3e18_39bucket:aeda5764b036cc36a476e458c4e1694138347c0c0a1c32ba56e16b7ce7f3a535,1.0558939925060602,0.0018703478642389522
weibull_softplus_unscaled@kappa_floor_link_flat15_fixed15,uncheatable,external_development,0,-1,delphi_3e18_39bucket:af23052e9bb0568d854252c7e9d912d01127effa106d2a440fdce6cbb8742532,0.9992352435808725,0.0015421706444520846
weibull_softplus_unscaled@kappa_floor_link_flat15_fixed15,uncheatable,external_development,0,-1,delphi_3e18_39bucket:afa7f9d2a6f67b5b722977318dc8a6e962bfa28bfccde83b219c44fa7eb9c05c,1.0381448045574744,0.0014561605996828077
weibull_softplus_unscaled@kappa_floor_link_flat15_fixed15,uncheatable,external_development,0,-1,delphi_3e18_39bucket:b0cb7fc00e70c87e1210c38349ab8e80c514b61f5bf14e6e4d3a1e054d88183c,0.9992450747038883,0.0015993161233190465
weibull_softplus_unscaled@kappa_floor_link_flat15_fixed15,uncheatable,external_development,0,-1,delphi_3e18_39bucket:b1168e54ae7e32586bd89eeaf38a318cd349cbd8750efb93612a79f756b5f1f7,1.0383052511775452,0.001415963160581362
weibull_softplus_unscaled@kappa_floor_link_flat15_fixed15,uncheatable,external_development,0,-1,delphi_3e18_39bucket:b24484975c0fdb42bc7d421c371e91d35f685b6538fffc7050e857d97e5348ff,1.0048329964111855,0.0015429835482958264
weibull_softplus_unscaled@kappa_floor_link_flat15_fixed15,uncheatable,external_development,0,-1,delphi_3e18_39bucket:b284b63dfdbaa4d3a41a6cf73e5e7366a85962b9ae5dd51f141c10c51a17444f,1.0427293974796379,0.0012244704982042147
weibull_softplus_unscaled@kappa_floor_link_flat15_fixed15,uncheatable,external_development,0,-1,delphi_3e18_39bucket:b2e9ddb8f35e322ed0b092df87cdc78e620b2de7818b2a7c9891ff0e9a2b2203,0.9924979663795122,0.0030996028201798697
weibull_softplus_unscaled@kappa_floor_link_flat15_fixed15,uncheatable,external_development,0,-1,delphi_3e18_39bucket:b3c3cd22e3dae4f77235a1bb86fcf08ae715bc018b78109510794e1bfbbec0d2,1.0074317160675275,0.0022630394416144404
weibull_softplus_unscaled@kappa_floor_link_flat15_fixed15,uncheatable,external_development,0,-1,delphi_3e18_39bucket:b4019bdf109781eac2e9182593f4f84c5c51635d447918682e7ed12d25efdf1b,1.0371534436321914,0.001396781813116702
weibull_softplus_unscaled@kappa_floor_link_flat15_fixed15,uncheatable,external_development,0,-1,delphi_3e18_39bucket:b49abfda63831b53ca2aab365cc35c3e6cd1bc8420b1e0028f54bd7f8961b11f,1.037679998700057,0.0012070828991220346
weibull_softplus_unscaled@kappa_floor_link_flat15_fixed15,uncheatable,external_development,0,-1,delphi_3e18_39bucket:b4db7f9f5c435c1903537d5c944758a1e93d54c6a0fa3ddd19122f4e7b7298a0,0.9992652105869564,0.0021990327558897636
weibull_softplus_unscaled@kappa_floor_link_flat15_fixed15,uncheatable,external_development,0,-1,delphi_3e18_39bucket:b5ee1f40e4fe0358ac680a969cd93dfe1b00c483ee3b2d4ff4bc73bd6424437b,1.0741090548898222,0.0076519205591555174
weibull_softplus_unscaled@kappa_floor_link_flat15_fixed15,uncheatable,external_development,0,-1,delphi_3e18_39bucket:b6430b97f099d96863ae8ad7779c1bddc164c591ab12cc5ea266142e19a7cdfd,1.0372996207783847,0.001365140570630937
weibull_softplus_unscaled@kappa_floor_link_flat15_fixed15,uncheatable,external_development,0,-1,delphi_3e18_39bucket:b6667136b81fbf1c226a8cff4ee0a7b9650067bfa77ddd0dae276509b612ea9d,1.0351273573847337,0.0011011613781786622
weibull_softplus_unscaled@kappa_floor_link_flat15_fixed15,uncheatable,external_development,0,-1,delphi_3e18_39bucket:b785f71525744bfa0a8934b482dd570356bebd37292a9b70af0b1a2cf45d9e69,0.993401034273307,0.0022845043638156353
weibull_softplus_unscaled@kappa_floor_link_flat15_fixed15,uncheatable,external_development,0,-1,delphi_3e18_39bucket:b8bf59231f485a24fb35df8862c073595e1cb0cd30c999520e88797d047bfeda,1.0375111557916576,0.0013735139019813384
weibull_softplus_unscaled@kappa_floor_link_flat15_fixed15,uncheatable,external_development,0,-1,delphi_3e18_39bucket:b8c7bfd7161a0da8577d236f09c0ed25722a71943281d19f8b06065999e36ffd,1.0400258809162362,0.0016746396328580885
weibull_softplus_unscaled@kappa_floor_link_flat15_fixed15,uncheatable,external_development,0,-1,delphi_3e18_39bucket:bab1f73b1a1be66a924b70bb0fdb3a032f1ca3a1e246edb80c0f38d75143aed8,1.0370591628707644,0.0014083381530100138
weibull_softplus_unscaled@kappa_floor_link_flat15_fixed15,uncheatable,external_development,0,-1,delphi_3e18_39bucket:bb05f6aa43742ac092f7a6e36533b05e86a566f5ab7b747c98cf9c510521f22c,1.0255881595428096,0.004028539852264369
weibull_softplus_unscaled@kappa_floor_link_flat15_fixed15,uncheatable,external_development,0,-1,delphi_3e18_39bucket:bc889b21107abd278efdaad769b5ab10949627f1ec05986ab2cab83a6d126c08,1.0200495167840622,0.003966478147471634
weibull_softplus_unscaled@kappa_floor_link_flat15_fixed15,uncheatable,external_development,0,-1,delphi_3e18_39bucket:bd84fea18d97e337ca86db382439fe7990518cd6d78bfa8837b2e317c2bcd4ae,1.0367030515951225,0.0013865654765734987
weibull_softplus_unscaled@kappa_floor_link_flat15_fixed15,uncheatable,external_development,0,-1,delphi_3e18_39bucket:bf919587f3da29d0e32d10ac8a4e6f6c80f5a696953a34e5d9856c2fce2ce46b,1.0372240605675684,0.0013744423063111065
weibull_softplus_unscaled@kappa_floor_link_flat15_fixed15,uncheatable,external_development,0,-1,delphi_3e18_39bucket:bfaa7baec03312fbaf797f310dcd3f2449da03d92fbbfc7d39721ffba14fafde,1.0391024277188143,0.0014345508343038382
weibull_softplus_unscaled@kappa_floor_link_flat15_fixed15,uncheatable,external_development,0,-1,delphi_3e18_39bucket:c00c0d5d9f7b8d4f9d4a1f2f6845f4dd0f7effdd60e8da9e988daf574adff818,1.0938229906441341,0.008658488945976749
weibull_softplus_unscaled@kappa_floor_link_flat15_fixed15,uncheatable,external_development,0,-1,delphi_3e18_39bucket:c054206f3c5615aa9b65c1b4c95b0fadd81c68829800edd74567f03e9a7344c7,1.0520268119800436,0.0019948155454222257
weibull_softplus_unscaled@kappa_floor_link_flat15_fixed15,uncheatable,external_development,0,-1,delphi_3e18_39bucket:c05a1f0d7a09bbace45fa324f3b36f15945893a87c2ef8e65fd0ec3dc505ca12,1.0367496821908437,0.0013570588433759123
weibull_softplus_unscaled@kappa_floor_link_flat15_fixed15,uncheatable,external_development,0,-1,delphi_3e18_39bucket:c08749305f6303b7d46f8c9478053948d5c036a6450977e8de388609b95a2443,1.036457056541607,0.0014912837303953696
weibull_softplus_unscaled@kappa_floor_link_flat15_fixed15,uncheatable,external_development,0,-1,delphi_3e18_39bucket:c15c0a441754e3ca9b7ba442214315eb793714c1637ea6042915542863b4e52e,1.0364676148647076,0.0013427423331043424
weibull_softplus_unscaled@kappa_floor_link_flat15_fixed15,uncheatable,external_development,0,-1,delphi_3e18_39bucket:c2302ab8648345d0d2ed04a6a36d63bacb517001b059421011708c9eeb062a9b,1.0942101436840834,0.0045539145809256115
weibull_softplus_unscaled@kappa_floor_link_flat15_fixed15,uncheatable,external_development,0,-1,delphi_3e18_39bucket:c25ebde7be5ebfe94bf12ac46a8dfb1fa5129c16c0776b56097d2c0b50badcf3,1.0427147721567058,0.0014560441926936263
weibull_softplus_unscaled@kappa_floor_link_flat15_fixed15,uncheatable,external_development,0,-1,delphi_3e18_39bucket:c2a96b7bef323ee258a79c3d89b1a60204189ab465b1c089c9361f2274b34cee,1.037467216005199,0.001458080191663049
weibull_softplus_unscaled@kappa_floor_link_flat15_fixed15,uncheatable,external_development,0,-1,delphi_3e18_39bucket:c404d7ca8f49357e32b5fe2d2331593e2c60a0fc7de1d05930f61c6534d6f758,1.0010259365948277,0.005168772180208889
weibull_softplus_unscaled@kappa_floor_link_flat15_fixed15,uncheatable,external_development,0,-1,delphi_3e18_39bucket:c4fc6809d2c27027b17ae596b8cb3ece12ace1af46d86d143cb6eeb4b1466ed4,1.0311407405208206,0.001585704307952744
weibull_softplus_unscaled@kappa_floor_link_flat15_fixed15,uncheatable,external_development,0,-1,delphi_3e18_39bucket:c5b98b2371c8e5cfcb49f4a4f60aff9c21930087466aee3ea9f5c9e6dedd132b,1.0384059219358854,0.0015375683242852005
weibull_softplus_unscaled@kappa_floor_link_flat15_fixed15,uncheatable,external_development,0,-1,delphi_3e18_39bucket:c5ffa8e3d7c670e959036ab38016e0e17064fa12ac2fcba643c70b1ef25297b3,0.998798509016585,0.002283344379340557
weibull_softplus_unscaled@kappa_floor_link_flat15_fixed15,uncheatable,external_development,0,-1,delphi_3e18_39bucket:c6601f428a7e18377f34fa8ee9b58bb6a20e42c3abcadc04e7e64aef3ca82f2a,1.0377871511745411,0.0014144466836218258
weibull_softplus_unscaled@kappa_floor_link_flat15_fixed15,uncheatable,external_development,0,-1,delphi_3e18_39bucket:c6cbc3ebaf486eecd75d04f449fdcc92c804765f512d2bceecde5c1aaa30dd39,1.0030468568141213,0.0010568539481742563
weibull_softplus_unscaled@kappa_floor_link_flat15_fixed15,uncheatable,external_development,0,-1,delphi_3e18_39bucket:c721e392dcf2947fea2da8fcf1ef91d058c717ffb8e74e8402734e31f22578fc,1.0607093820000286,0.0024905163649392922
weibull_softplus_unscaled@kappa_floor_link_flat15_fixed15,uncheatable,external_development,0,-1,delphi_3e18_39bucket:c87ec77627abffb947457fe5ff94cee77dd2737df36b8233de3411db0560dfd6,1.0426877504819616,0.0014393573134811224
weibull_softplus_unscaled@kappa_floor_link_flat15_fixed15,uncheatable,external_development,0,-1,delphi_3e18_39bucket:c8a7abc202e6fa1b3d7cc9e00542979084efdddd63313db5c25669da85ad2b19,1.0020883669735352,0.0019351984211651277
weibull_softplus_unscaled@kappa_floor_link_flat15_fixed15,uncheatable,external_development,0,-1,delphi_3e18_39bucket:c8a7b68f3dd8d7d2600dc1e56fb8af9e5dcb176edc162738d4eaff7b540cd53b,1.0012318619548304,0.0014211507048316099
weibull_softplus_unscaled@kappa_floor_link_flat15_fixed15,uncheatable,external_development,0,-1,delphi_3e18_39bucket:ca102ba62bbf29559c65ef5d820f9064d4e3c710e012829a4c0fd18013c5f806,1.037095624283551,0.0014589496574377036
weibull_softplus_unscaled@kappa_floor_link_flat15_fixed15,uncheatable,external_development,0,-1,delphi_3e18_39bucket:ca5106858b9b57cf944d35ebd150b6feca9287a4f1d0cc9d182be3e623f00fa6,1.0028589059382296,0.002337146578115836
weibull_softplus_unscaled@kappa_floor_link_flat15_fixed15,uncheatable,external_development,0,-1,delphi_3e18_39bucket:ca69ddeae35c4c684203106971843457fd269090a8b5885ef26b440471941286,1.0405920869389838,0.0013355242428921134
weibull_softplus_unscaled@kappa_floor_link_flat15_fixed15,uncheatable,external_development,0,-1,delphi_3e18_39bucket:ca71f5d232644557d07fcacb22abf1fe46660152bebbf6ab27caf4b6998d06a8,1.0377767904573183,0.0012319490989429244
weibull_softplus_unscaled@kappa_floor_link_flat15_fixed15,uncheatable,external_development,0,-1,delphi_3e18_39bucket:cb32fd5b0fd8a23c495ee8d05996c1926f4be32607954211152e0db19572b8c9,0.9987017395909983,0.00140158058458949
weibull_softplus_unscaled@kappa_floor_link_flat15_fixed15,uncheatable,external_development,0,-1,delphi_3e18_39bucket:cb466766fe3b5296e1b15a347ff4fd4692400efc5cce4a696639c2129805162a,1.0025182166921727,0.001215549661182464
weibull_softplus_unscaled@kappa_floor_link_flat15_fixed15,uncheatable,external_development,0,-1,delphi_3e18_39bucket:cc2d283f3d5584275c7938fd4a0fadb9bbd9543dc9b5ae965f2d87df95c479ff,1.0085764141848943,0.0005332575839064281
weibull_softplus_unscaled@kappa_floor_link_flat15_fixed15,uncheatable,external_development,0,-1,delphi_3e18_39bucket:cc8d689416c08c842058dd84255bb52de8103b71eb9f8f618204a90c83157584,1.0434646764467939,0.002014874283100022
weibull_softplus_unscaled@kappa_floor_link_flat15_fixed15,uncheatable,external_development,0,-1,delphi_3e18_39bucket:cce19bcdfb95a772d1f465a94498e69474d7f7235d46ab401d3d0543e73f9e3b,1.0368550963496141,0.0012377575338932104
weibull_softplus_unscaled@kappa_floor_link_flat15_fixed15,uncheatable,external_development,0,-1,delphi_3e18_39bucket:cd1cd78d6325f56e5c761e7042369262a032ce78f12fc6d47e4ebf1ce0894339,1.0054472817294153,0.0023437917047271005
weibull_softplus_unscaled@kappa_floor_link_flat15_fixed15,uncheatable,external_development,0,-1,delphi_3e18_39bucket:cd8eec34fcd41e0cd76c6ef4d520fa83d6c6b5a1828c92c8c556ba4c806a58e7,1.0070615018305649,0.0013021013714249736
weibull_softplus_unscaled@kappa_floor_link_flat15_fixed15,uncheatable,external_development,0,-1,delphi_3e18_39bucket:d0464cb13d27d2a18ba98c8b83432b1ae53015c4d57e01bf932603caedbbac7d,1.0733870758221444,0.008097206248578822
weibull_softplus_unscaled@kappa_floor_link_flat15_fixed15,uncheatable,external_development,0,-1,delphi_3e18_39bucket:d097ba261d98ffe38b995691fc506821678d330c54b489b4d0e645e75c5e4e2e,0.9979854143961981,0.0016228022419587697
weibull_softplus_unscaled@kappa_floor_link_flat15_fixed15,uncheatable,external_development,0,-1,delphi_3e18_39bucket:d0b59aacb13e8749a0d761af5008890d6865d701d8550e40a60ca86f2e67ccb2,1.0005229926503931,0.002018678012985512
weibull_softplus_unscaled@kappa_floor_link_flat15_fixed15,uncheatable,external_development,0,-1,delphi_3e18_39bucket:d160bb3271ba96668590d3b3c7781ad51718216823831c921585a8f73ffc9cf7,1.0528288662090022,0.0032865510146359786
weibull_softplus_unscaled@kappa_floor_link_flat15_fixed15,uncheatable,external_development,0,-1,delphi_3e18_39bucket:d1926d64591176c8020bee54efe637a248f4f8f8bf927613049d062dccff4228,1.0392726393719007,0.0013924484356832546
weibull_softplus_unscaled@kappa_floor_link_flat15_fixed15,uncheatable,external_development,0,-1,delphi_3e18_39bucket:d22385a3b372ad3742331c911e6df47b6459dcc8f7e6ce58cd5dfc1ca901a754,1.0388212781127888,0.0014047780939774907
weibull_softplus_unscaled@kappa_floor_link_flat15_fixed15,uncheatable,external_development,0,-1,delphi_3e18_39bucket:d2cb05198ef956cc89df9b6aee5c76ace3aa353ea2a7316011503bff3c873c17,1.010085938692463,0.000931296310863066
weibull_softplus_unscaled@kappa_floor_link_flat15_fixed15,uncheatable,external_development,0,-1,delphi_3e18_39bucket:d2e1cc893f01a2f4943b13a6c01ee72024f580a689c62fa909560c73a65054e5,1.0376030428945622,0.0015672292149261399
weibull_softplus_unscaled@kappa_floor_link_flat15_fixed15,uncheatable,external_development,0,-1,delphi_3e18_39bucket:d3a383c91e3c36378540e209e50999c8d005ae2b08fa6bcda7f383834b2d5dd7,1.043130601187725,0.0029192178372702622
weibull_softplus_unscaled@kappa_floor_link_flat15_fixed15,uncheatable,external_development,0,-1,delphi_3e18_39bucket:d3b53955f30411b3c382fe4844d1526d3c14d09844153a940230c4beceeddb73,0.9932246907675475,0.0020592660174145053
weibull_softplus_unscaled@kappa_floor_link_flat15_fixed15,uncheatable,external_development,0,-1,delphi_3e18_39bucket:d3bba0f2b0ea428ec64283ded20ce739bbf9f7fab261d2b9b90cfb1bc9c6c75e,0.998797309548788,0.003399806860645409
weibull_softplus_unscaled@kappa_floor_link_flat15_fixed15,uncheatable,external_development,0,-1,delphi_3e18_39bucket:d3ffb3bd8e28eedb08376603e2c85cc3e83cc89ca533199775e943278e32c509,1.0078764907251745,0.0024855174690622405
weibull_softplus_unscaled@kappa_floor_link_flat15_fixed15,uncheatable,external_development,0,-1,delphi_3e18_39bucket:d527a2813816791f311d6f8c670a30cc1ce84f41c6b7365ae771b1f53ebf6e7e,1.0279397273989204,0.0010997872674558386
weibull_softplus_unscaled@kappa_floor_link_flat15_fixed15,uncheatable,external_development,0,-1,delphi_3e18_39bucket:d65c8bd6c68862d250311137ac89042ba916da88e21f9cf04f7119fc9e25a489,1.0372171633989624,0.001446676437618731
weibull_softplus_unscaled@kappa_floor_link_flat15_fixed15,uncheatable,external_development,0,-1,delphi_3e18_39bucket:d6c7da8dacb3efe4cbd45ee0cdd899a5a606cc57be51472b188809093554e699,1.0367747633817872,0.0014523223795401665
weibull_softplus_unscaled@kappa_floor_link_flat15_fixed15,uncheatable,external_development,0,-1,delphi_3e18_39bucket:d6e102b380bcd9b39d2f2c4079d81d416738002f9b25316b3da9ac88d43b5a75,1.057249691115543,0.0013277237190453942
weibull_softplus_unscaled@kappa_floor_link_flat15_fixed15,uncheatable,external_development,0,-1,delphi_3e18_39bucket:d6f6db3e0cc1a598f7eb00a7cdd40d78f821a9336eb0eaafc14da93a04575fc5,1.053490465542434,0.003295439717788101
weibull_softplus_unscaled@kappa_floor_link_flat15_fixed15,uncheatable,external_development,0,-1,delphi_3e18_39bucket:d82c377f5bda11f52b93db01e55fa25c844255cf016ad96b80cba7cc1e618d90,1.0426954750597848,0.0015418594518805642
weibull_softplus_unscaled@kappa_floor_link_flat15_fixed15,uncheatable,external_development,0,-1,delphi_3e18_39bucket:d87d478ea93a73fe0faec12048b20970bdefd41aa65888c79d1d35c24ec3556f,1.0452860197810723,0.0015324635669244733
weibull_softplus_unscaled@kappa_floor_link_flat15_fixed15,uncheatable,external_development,0,-1,delphi_3e18_39bucket:d941fe99995a0f675ffc09f1d7883ac2d032a87a00fdfc22e934c5e5ca0b3452,1.046672897317559,0.0015279911417358978
weibull_softplus_unscaled@kappa_floor_link_flat15_fixed15,uncheatable,external_development,0,-1,delphi_3e18_39bucket:da68fd5e623c705387752f321a8116e319a7ae87670618ba096558effd2df550,1.0078691740178565,0.0015907437358843983
weibull_softplus_unscaled@kappa_floor_link_flat15_fixed15,uncheatable,external_development,0,-1,delphi_3e18_39bucket:dac1e0885f0941e15f72456af8f56424e1b8630c37344b54346219c98f5c5f0b,1.0004480768689357,0.0019252273137613219
weibull_softplus_unscaled@kappa_floor_link_flat15_fixed15,uncheatable,external_development,0,-1,delphi_3e18_39bucket:dc1f33b2668dfbb787d82df7f8e734431a829bbec2fbf8e9888d6eb582289a3d,1.002523472655259,0.0019064029313658531
weibull_softplus_unscaled@kappa_floor_link_flat15_fixed15,uncheatable,external_development,0,-1,delphi_3e18_39bucket:dd42df7f0cbc461aa02a49d493e5c4c2ea94713026c4e3fffdf7e482f0a766ad,1.049121167358456,0.001700269376767478
weibull_softplus_unscaled@kappa_floor_link_flat15_fixed15,uncheatable,external_development,0,-1,delphi_3e18_39bucket:de0e4fef934b64c948d7c068f622295aabe99cb83c95ee0ad68b73c366c57402,1.0097756647449923,0.0010079918343886077
weibull_softplus_unscaled@kappa_floor_link_flat15_fixed15,uncheatable,external_development,0,-1,delphi_3e18_39bucket:e021fd14fbb714ef3bc7fe5df146588cfff0a72ec3ea45ae16d31eea5646ae09,1.037671575510779,0.0013508548773638938
weibull_softplus_unscaled@kappa_floor_link_flat15_fixed15,uncheatable,external_development,0,-1,delphi_3e18_39bucket:e0965c961694035e43a1da45a771f8e07c074674ecad18c76460f7ac0eef2137,1.0066438638353212,0.001428637951275739
weibull_softplus_unscaled@kappa_floor_link_flat15_fixed15,uncheatable,external_development,0,-1,delphi_3e18_39bucket:e0a4d646094bff9aad92ca04cd9c5ca30c296001c0b7d65c3c20a1df0bd8ef08,1.043406061116149,0.0018847553227636735
weibull_softplus_unscaled@kappa_floor_link_flat15_fixed15,uncheatable,external_development,0,-1,delphi_3e18_39bucket:e0f79d9bac30fb11db8b83b66ba5e36c77c69e8b4eeece18a5b2a234d3198745,1.0377666210189833,0.0014360405969022667
weibull_softplus_unscaled@kappa_floor_link_flat15_fixed15,uncheatable,external_development,0,-1,delphi_3e18_39bucket:e188885cf2c9eba933b968231574f63edf90b3467074b7a9229ed11c950259ad,1.0381172320234844,0.001401910434367513
weibull_softplus_unscaled@kappa_floor_link_flat15_fixed15,uncheatable,external_development,0,-1,delphi_3e18_39bucket:e283e505de0059b81a2b58a66a9af312bc1f3c7a7440e50c3fdcb3ff8213a34f,1.0578558781462628,0.0019196904095175457
weibull_softplus_unscaled@kappa_floor_link_flat15_fixed15,uncheatable,external_development,0,-1,delphi_3e18_39bucket:e29801c3f5ba907bd5cc224343efa34e4693142ccec5ad71fd943c60b2b3a689,1.0335683635755446,0.0012514366674307368
weibull_softplus_unscaled@kappa_floor_link_flat15_fixed15,uncheatable,external_development,0,-1,delphi_3e18_39bucket:e371bb5a7b5ad1a86dec663c9450a27400d377093eb89ae1812af20716ad2945,0.9993911794856306,0.0015651949954405332
weibull_softplus_unscaled@kappa_floor_link_flat15_fixed15,uncheatable,external_development,0,-1,delphi_3e18_39bucket:e5053e4f4ef86036c3ebe93d055c63ec2da1a1a029cde76ea807a3890d0fd10c,1.0001530120251805,0.0015069710732790774
weibull_softplus_unscaled@kappa_floor_link_flat15_fixed15,uncheatable,external_development,0,-1,delphi_3e18_39bucket:e539e936365493312d15f1130d1c083871a779dc98689047fcb9d5ebd05191ce,0.9985464476374679,0.001458688276028883
weibull_softplus_unscaled@kappa_floor_link_flat15_fixed15,uncheatable,external_development,0,-1,delphi_3e18_39bucket:e55f4d10b3aedd9111e412c962fa53c063269d47d4571a980ba950ed937266ad,1.0372017528984876,0.001399782076746395
weibull_softplus_unscaled@kappa_floor_link_flat15_fixed15,uncheatable,external_development,0,-1,delphi_3e18_39bucket:e65243af3fc92306e4aa4ea80d2c3f7aa6058bba97560ecd10959066d8d64383,1.0540355676101159,0.00497114156330246
weibull_softplus_unscaled@kappa_floor_link_flat15_fixed15,uncheatable,external_development,0,-1,delphi_3e18_39bucket:e7d55ec7f15fc194cb4e857322dc1533eddb16463ccf163eabfcdd530a051d5e,0.9937670999187147,0.0018572018734259207
weibull_softplus_unscaled@kappa_floor_link_flat15_fixed15,uncheatable,external_development,0,-1,delphi_3e18_39bucket:e8042bb6d92f9c8c01d49ad73be7ff4b06f2e492202d1354da9b6f4aad4c91da,1.0363236461879075,0.0017044062720012866
weibull_softplus_unscaled@kappa_floor_link_flat15_fixed15,uncheatable,external_development,0,-1,delphi_3e18_39bucket:e890ab2bc556a0858503bfe95cb5a9f21eb6c1c6dc14818358fbe0f1f321f9eb,1.0369569298975416,0.001393033088374089
weibull_softplus_unscaled@kappa_floor_link_flat15_fixed15,uncheatable,external_development,0,-1,delphi_3e18_39bucket:e8afda03cd027d866c486aa919868e64ae6d1ddf97b54508d64398d495332317,1.037617772371368,0.0012768010970941564
weibull_softplus_unscaled@kappa_floor_link_flat15_fixed15,uncheatable,external_development,0,-1,delphi_3e18_39bucket:e8b6cae0ec44706b02ee30aefc28d571a4f78b62cff170d303c1ccd448092f43,1.052911818081568,0.00996029872550259
weibull_softplus_unscaled@kappa_floor_link_flat15_fixed15,uncheatable,external_development,0,-1,delphi_3e18_39bucket:e8cac18abed6dd3d662e4660ad3b431000e291340c4fe937b2937ad6a00fdb1c,1.0393531489217716,0.0013756465562403646
weibull_softplus_unscaled@kappa_floor_link_flat15_fixed15,uncheatable,external_development,0,-1,delphi_3e18_39bucket:e8df5e6e4d008b052d6e1ad64acc1fec9b2a47d27ba17bf21c0cd6d7b4b6cad5,1.0105119831040652,0.0025383169245400375
weibull_softplus_unscaled@kappa_floor_link_flat15_fixed15,uncheatable,external_development,0,-1,delphi_3e18_39bucket:e8e86e247324e07114d17c3fe9b93415a22bc9d717bbeb492e8a949f59ffc574,1.0427497761400693,0.0017886235823322558
weibull_softplus_unscaled@kappa_floor_link_flat15_fixed15,uncheatable,external_development,0,-1,delphi_3e18_39bucket:e9089fdfad382692c27f48d26c1957224471952b2a50bd7a47fc12615326767e,1.061202944579164,0.00710629144375174
weibull_softplus_unscaled@kappa_floor_link_flat15_fixed15,uncheatable,external_development,0,-1,delphi_3e18_39bucket:e94c007e41ca009494ae3d9ae036d21271d6bb27b49c3b9d77a9d9148a879241,1.0017174341238444,0.0015129877514405094
weibull_softplus_unscaled@kappa_floor_link_flat15_fixed15,uncheatable,external_development,0,-1,delphi_3e18_39bucket:e94c9cbd4ee682a9780bbcea3bf6df3497572253ed953eef164fa75ea4f66a2c,1.055952419394588,0.001820295926703213
weibull_softplus_unscaled@kappa_floor_link_flat15_fixed15,uncheatable,external_development,0,-1,delphi_3e18_39bucket:e9c1eda31f2f4a0c52041968162f0f0ce4999866274b5690e4e05fda24a4bc2d,1.001835885396789,0.0016082147152401845
weibull_softplus_unscaled@kappa_floor_link_flat15_fixed15,uncheatable,external_development,0,-1,delphi_3e18_39bucket:ea37effb52c1862ed6fafb478558f7d891c703943be66cd2416bd5c491bf7f6b,1.0055567301283812,0.001737153971317199
weibull_softplus_unscaled@kappa_floor_link_flat15_fixed15,uncheatable,external_development,0,-1,delphi_3e18_39bucket:ea53229a9873c03ace1ba85e1e21a11a8844f0ff68de915348cd78997910f2e1,1.0371270061137123,0.0012852049538238449
weibull_softplus_unscaled@kappa_floor_link_flat15_fixed15,uncheatable,external_development,0,-1,delphi_3e18_39bucket:ea6e21bef589c2d52505ca81bef558a5da03e4625174320ea8242417e2382d77,1.0349157043093857,0.0014028870079916967
weibull_softplus_unscaled@kappa_floor_link_flat15_fixed15,uncheatable,external_development,0,-1,delphi_3e18_39bucket:ea75e35453ea2a7fe2d3b283ddc673d53edfeee1ba389a2c21264bdf18ac8ca2,1.0373032616999196,0.001261185336546792
weibull_softplus_unscaled@kappa_floor_link_flat15_fixed15,uncheatable,external_development,0,-1,delphi_3e18_39bucket:eafdbafe546506e8a5b90e6662ecdb9d4f1334f4e7f19e3081382c6da61f7293,1.036077361882604,0.0014023551660355018
weibull_softplus_unscaled@kappa_floor_link_flat15_fixed15,uncheatable,external_development,0,-1,delphi_3e18_39bucket:ec06eca900d6ea9ba81679ee6cca83871b018289aec1505cba76db1fc87b6802,1.0753042375366797,0.0036147183935362724
weibull_softplus_unscaled@kappa_floor_link_flat15_fixed15,uncheatable,external_development,0,-1,delphi_3e18_39bucket:eccc22ab3929ddd9f2ac2480fd08560ef5ae820c2344f602a9dc02fbaf098cfe,1.037753591478936,0.0014511689562119257
weibull_softplus_unscaled@kappa_floor_link_flat15_fixed15,uncheatable,external_development,0,-1,delphi_3e18_39bucket:ed3e3b2774ff74e2b11ba21111ec69a02f045de419b00bf3bb3900c8304d9c61,1.0384547928653491,0.0014781553709319187
weibull_softplus_unscaled@kappa_floor_link_flat15_fixed15,uncheatable,external_development,0,-1,delphi_3e18_39bucket:ed64cdd21c9e4cbfada10d701c2ea8ddca896eddd8c54397fc1fdb7be3fd0e7e,1.0353714651958108,0.001377628049715868
weibull_softplus_unscaled@kappa_floor_link_flat15_fixed15,uncheatable,external_development,0,-1,delphi_3e18_39bucket:ee02c34fe2e5760160a4803e862cb1c4a623ee45da4d9adfdaa5aa9483dc78e3,1.039092079184252,0.0015843973029586891
weibull_softplus_unscaled@kappa_floor_link_flat15_fixed15,uncheatable,external_development,0,-1,delphi_3e18_39bucket:ef418394bcf5783471166488c9835661c9087d4cd65379ce6a2798094e0ed89b,1.0383360031988347,0.0013374853536870564
weibull_softplus_unscaled@kappa_floor_link_flat15_fixed15,uncheatable,external_development,0,-1,delphi_3e18_39bucket:ef9f5d7e0f8cb99f585632847718d0452011c825e16f7d382f995c653e9ac9e7,1.0486029889150459,0.0021890408173068144
weibull_softplus_unscaled@kappa_floor_link_flat15_fixed15,uncheatable,external_development,0,-1,delphi_3e18_39bucket:ef9f6cff6e4ea378dedecb72fceac0bdaad839d03f007c4afe577e29dbb99b4e,0.992087186842224,0.0016548985630627671
weibull_softplus_unscaled@kappa_floor_link_flat15_fixed15,uncheatable,external_development,0,-1,delphi_3e18_39bucket:effc4e48644f5aac8669d7cfde80db853124d6263860d16ab4f3958b1ac4eeb5,1.0092899518884897,0.0013801774562073488
weibull_softplus_unscaled@kappa_floor_link_flat15_fixed15,uncheatable,external_development,0,-1,delphi_3e18_39bucket:f16199e7f2cdb043d550805be1d6c2cedde580382205dfe6009222e5329ab998,1.035472543017208,0.0010288034885065898
weibull_softplus_unscaled@kappa_floor_link_flat15_fixed15,uncheatable,external_development,0,-1,delphi_3e18_39bucket:f232b9fe34f7b04ebbfe91eb3239213c0003a3e608e279780f47e6c545811bb3,1.039083363904548,0.001418810185057478
weibull_softplus_unscaled@kappa_floor_link_flat15_fixed15,uncheatable,external_development,0,-1,delphi_3e18_39bucket:f2d3993c551000c1ee508c463805bd652f0f40a241a54fdf69aecee07fd2bb47,1.039655859535012,0.0015970414408433178
weibull_softplus_unscaled@kappa_floor_link_flat15_fixed15,uncheatable,external_development,0,-1,delphi_3e18_39bucket:f387ec3241cb7be9b883e93ed53e1940f5fbf725f14ef13b1c76e1634c9e0704,1.0643368860111395,0.003838784325737142
weibull_softplus_unscaled@kappa_floor_link_flat15_fixed15,uncheatable,external_development,0,-1,delphi_3e18_39bucket:f52b9b33b05c41f331ddaef90666b37968827a31c9dbdee6bdd5c5554069af4b,1.062394062214978,0.006338175220178896
weibull_softplus_unscaled@kappa_floor_link_flat15_fixed15,uncheatable,external_development,0,-1,delphi_3e18_39bucket:f597d4a7586698fbbc1b854337589ff532c04fd4a54699ae6665043e95934555,0.9974593078663097,0.0021663871156891966
weibull_softplus_unscaled@kappa_floor_link_flat15_fixed15,uncheatable,external_development,0,-1,delphi_3e18_39bucket:f5c02be0cf834281311018f3922cb87d91ee62b6d20f4e7ac201af5ee0954f38,1.036511050911641,0.0013919176686895435
weibull_softplus_unscaled@kappa_floor_link_flat15_fixed15,uncheatable,external_development,0,-1,delphi_3e18_39bucket:f6841e17099bc045d728b98540d5fb888d83f06d8ee4a4939cce171c39ff9c1a,1.0395635806234376,0.0010830714766936274
weibull_softplus_unscaled@kappa_floor_link_flat15_fixed15,uncheatable,external_development,0,-1,delphi_3e18_39bucket:f81afa5c14bbd67cc1fb496dcd8cd5779f46fed3843ce430341122b0cfff0750,1.0338445409757837,0.0060975814759426355
weibull_softplus_unscaled@kappa_floor_link_flat15_fixed15,uncheatable,external_development,0,-1,delphi_3e18_39bucket:f8a8e264e7f30fe85c514e532e5f6bce8d2037da8458a757b0383f7dbf072f25,1.0348967572574739,0.0013122161343511098
weibull_softplus_unscaled@kappa_floor_link_flat15_fixed15,uncheatable,external_development,0,-1,delphi_3e18_39bucket:f95f22b464a3ca2eee25bd948f390a4ef40e83d2198fc976127df60c1e1668aa,1.018801372908078,0.00041540431491320225
weibull_softplus_unscaled@kappa_floor_link_flat15_fixed15,uncheatable,external_development,0,-1,delphi_3e18_39bucket:f9bb0369b872fcb08e26e8d0629e52b1cb543956824511bc69a1d81d84b8e766,0.9975592526811572,0.0012236369706315464
weibull_softplus_unscaled@kappa_floor_link_flat15_fixed15,uncheatable,external_development,0,-1,delphi_3e18_39bucket:f9e349b2e05d04e16162ae18c9cde10806824cee16faba2af2564f533559151d,1.0334504710946728,0.0012670334281342562
weibull_softplus_unscaled@kappa_floor_link_flat15_fixed15,uncheatable,external_development,0,-1,delphi_3e18_39bucket:f9e5fad6cd843eef1ec963c775019a7ed2d37fb9fc6d6458f98c8bb15b000248,1.051747236136189,0.0025145007540096956
weibull_softplus_unscaled@kappa_floor_link_flat15_fixed15,uncheatable,external_development,0,-1,delphi_3e18_39bucket:fa0294460f0573041da6b1435affe244e46d5459cf24f4d451fa7776c77261f6,0.9929828098280067,0.001522522766485
weibull_softplus_unscaled@kappa_floor_link_flat15_fixed15,uncheatable,external_development,0,-1,delphi_3e18_39bucket:fafbc2ba18f1c7971ddf8e7eff5f92f1b11469cf1d80181209696d8655812553,1.0426875581371522,0.0014833365904196674
weibull_softplus_unscaled@kappa_floor_link_flat15_fixed15,uncheatable,external_development,0,-1,delphi_3e18_39bucket:fb8cb11729c2b4e023d88d084293e65ec1f03e521aada50a0bde80863e530aa8,1.0031745892026058,0.0012563677284290365
weibull_softplus_unscaled@kappa_floor_link_flat15_fixed15,uncheatable,external_development,0,-1,delphi_3e18_39bucket:fcd0fd12a7c5020965f6947e8301e946fa54ac35b888fd77a64acdb284227b4d,1.0378285054039118,0.0016337959465959815
weibull_softplus_unscaled@kappa_floor_link_flat15_fixed15,uncheatable,external_development,0,-1,delphi_3e18_39bucket:fd1878ded789f2edc41ab9255de95e0c7d881b315872d556b913e69f7cf031fc,0.9935596892426706,0.0014781389182614004
weibull_softplus_unscaled@kappa_floor_link_flat15_fixed15,uncheatable,external_development,0,-1,delphi_3e18_39bucket:fde889913d2682952bec8de25fd72402715ccecae048d5f22ad1228540aa83cf,1.0282553996783255,0.0016959294011243491
weibull_softplus_unscaled@kappa_floor_link_flat15_fixed15,uncheatable,external_development,0,-1,delphi_3e18_39bucket:fef2793a1123d329057bd31024def73e90c2aa567a327913bb8366c7204fc414,1.0563829275553447,0.003380177319387017
weibull_softplus_unscaled@kappa_floor_link_flat15_fixed15,uncheatable,external_development,0,-1,delphi_3e18_39bucket:ff65381e6c6fa2fd41b3444cc7dae32b0a07f1eaf50d99b9dc409da261b0a1ac,1.0486008118924364,0.0018837099130699587
weibull_softplus_unscaled,table9,panel_oof,0,0,7,1.234649871405748,
weibull_softplus_unscaled,table9,panel_oof,0,0,8,1.3712511440648179,
weibull_softplus_unscaled,table9,panel_oof,0,0,25,1.291964578008029,
weibull_softplus_unscaled,table9,panel_oof,0,0,35,1.2177426492387937,
weibull_softplus_unscaled,table9,panel_oof,0,0,51,1.2397369075759628,
weibull_softplus_unscaled,table9,panel_oof,0,0,56,1.1670750142875148,
weibull_softplus_unscaled,table9,panel_oof,0,0,69,1.2434412350870125,
weibull_softplus_unscaled,table9,panel_oof,0,0,81,1.1887920675098362,
weibull_softplus_unscaled,table9,panel_oof,0,0,86,1.2103002873078919,
weibull_softplus_unscaled,table9,panel_oof,0,0,99,1.2472571344754957,
weibull_softplus_unscaled,table9,panel_oof,0,0,100,1.233920579541163,
weibull_softplus_unscaled,table9,panel_oof,0,0,106,1.3021467773001816,
weibull_softplus_unscaled,table9,panel_oof,0,0,107,1.2917593048981098,
weibull_softplus_unscaled,table9,panel_oof,0,0,126,1.213525438414059,
weibull_softplus_unscaled,table9,panel_oof,0,0,136,1.2995697270215554,
weibull_softplus_unscaled,table9,panel_oof,0,0,137,1.198279652289946,
weibull_softplus_unscaled,table9,panel_oof,0,0,140,1.202231302964555,
weibull_softplus_unscaled,table9,panel_oof,0,0,141,1.2088508581874482,
weibull_softplus_unscaled,table9,panel_oof,0,0,142,1.247817632942133,
weibull_softplus_unscaled,table9,panel_oof,0,0,145,1.2104951241033417,
weibull_softplus_unscaled,table9,panel_oof,0,0,147,1.243322770508791,
weibull_softplus_unscaled,table9,panel_oof,0,0,163,1.2168024607654546,
weibull_softplus_unscaled,table9,panel_oof,0,0,165,1.217421852219866,
weibull_softplus_unscaled,table9,panel_oof,0,0,169,1.2999223113338303,
weibull_softplus_unscaled,table9,panel_oof,0,0,171,1.3006300574455074,
weibull_softplus_unscaled,table9,panel_oof,0,0,187,1.3196858276505963,
weibull_softplus_unscaled,table9,panel_oof,0,0,188,1.2072599073500587,
weibull_softplus_unscaled,table9,panel_oof,0,0,191,1.245115468143623,
weibull_softplus_unscaled,table9,panel_oof,0,0,195,1.1945654895598694,
weibull_softplus_unscaled,table9,panel_oof,0,0,197,1.2165785797206352,
weibull_softplus_unscaled,table9,panel_oof,0,0,200,1.1667521950409578,
weibull_softplus_unscaled,table9,panel_oof,0,0,208,1.2351019463531578,
weibull_softplus_unscaled,table9,panel_oof,0,0,209,1.2207316893295959,
weibull_softplus_unscaled,table9,panel_oof,0,0,210,1.2511889997271721,
weibull_softplus_unscaled,table9,panel_oof,0,0,217,1.2379379945410092,
weibull_softplus_unscaled,table9,panel_oof,0,0,219,1.2608808810079282,
weibull_softplus_unscaled,table9,panel_oof,0,0,220,1.2030805437649992,
weibull_softplus_unscaled,table9,panel_oof,0,0,223,1.178883585111671,
weibull_softplus_unscaled,table9,panel_oof,0,0,233,1.181345267430994,
weibull_softplus_unscaled,table9,panel_oof,0,0,237,1.22481001516417,
weibull_softplus_unscaled,table9,panel_oof,0,1,1,1.1418736541320578,
weibull_softplus_unscaled,table9,panel_oof,0,1,241,1.1697368215407833,
weibull_softplus_unscaled,table9,panel_oof,0,1,242,1.1713893999438934,
weibull_softplus_unscaled,table9,panel_oof,0,1,243,1.1701161265721183,
weibull_softplus_unscaled,table9,panel_oof,0,1,244,1.1758969786321205,
weibull_softplus_unscaled,table9,panel_oof,0,1,245,1.171351575554649,
weibull_softplus_unscaled,table9,panel_oof,0,1,246,1.1698776379534763,
weibull_softplus_unscaled,table9,panel_oof,0,1,247,1.172771481364117,
weibull_softplus_unscaled,table9,panel_oof,0,1,248,1.1808665963249838,
weibull_softplus_unscaled,table9,panel_oof,0,1,249,1.165130331196135,
weibull_softplus_unscaled,table9,panel_oof,0,1,250,1.1727297329235862,
weibull_softplus_unscaled,table9,panel_oof,0,1,251,1.1620277334087044,
weibull_softplus_unscaled,table9,panel_oof,0,1,252,1.1702756184215215,
weibull_softplus_unscaled,table9,panel_oof,0,1,253,1.173271379368359,
weibull_softplus_unscaled,table9,panel_oof,0,1,254,1.1757103312634882,
weibull_softplus_unscaled,table9,panel_oof,0,1,255,1.1742716462566798,
weibull_softplus_unscaled,table9,panel_oof,0,1,256,1.1730895129165857,
weibull_softplus_unscaled,table9,panel_oof,0,1,257,1.1694119819287356,
weibull_softplus_unscaled,table9,panel_oof,0,1,258,1.1780304273290325,
weibull_softplus_unscaled,table9,panel_oof,0,1,259,1.1825750342565136,
weibull_softplus_unscaled,table9,panel_oof,0,1,260,1.1707617833833996,
weibull_softplus_unscaled,table9,panel_oof,0,1,261,1.1720941903225883,
weibull_softplus_unscaled,table9,panel_oof,0,1,262,1.1772701909824606,
weibull_softplus_unscaled,table9,panel_oof,0,1,263,1.1808830891840143,
weibull_softplus_unscaled,table9,panel_oof,0,1,264,1.1755184306900088,
weibull_softplus_unscaled,table9,panel_oof,0,1,265,1.1762202740025247,
weibull_softplus_unscaled,table9,panel_oof,0,1,266,1.173452664476485,
weibull_softplus_unscaled,table9,panel_oof,0,1,267,1.21595727944896,
weibull_softplus_unscaled,table9,panel_oof,0,1,268,1.1746217342514371,
weibull_softplus_unscaled,table9,panel_oof,0,1,269,1.1849886027844252,
weibull_softplus_unscaled,table9,panel_oof,0,1,270,1.1715750668491716,
weibull_softplus_unscaled,table9,panel_oof,0,1,271,1.157560359386745,
weibull_softplus_unscaled,table9,panel_oof,0,1,272,1.1794146523410363,
weibull_softplus_unscaled,table9,panel_oof,0,1,273,1.2102227066136102,
weibull_softplus_unscaled,table9,panel_oof,0,1,274,1.1731334140681584,
weibull_softplus_unscaled,table9,panel_oof,0,1,275,1.1810120000043671,
weibull_softplus_unscaled,table9,panel_oof,0,1,276,1.1882045558845458,
weibull_softplus_unscaled,table9,panel_oof,0,1,277,1.1843233259822794,
weibull_softplus_unscaled,table9,panel_oof,0,1,278,1.220963783212679,
weibull_softplus_unscaled,table9,panel_oof,0,1,279,1.1806635773697463,
weibull_softplus_unscaled,table9,panel_oof,0,2,3,1.227963490972717,
weibull_softplus_unscaled,table9,panel_oof,0,2,5,1.3989224605224044,
weibull_softplus_unscaled,table9,panel_oof,0,2,6,1.2847744813710804,
weibull_softplus_unscaled,table9,panel_oof,0,2,10,1.2892917854084271,
weibull_softplus_unscaled,table9,panel_oof,0,2,15,1.2535179285207936,
weibull_softplus_unscaled,table9,panel_oof,0,2,20,1.2915754838246742,
weibull_softplus_unscaled,table9,panel_oof,0,2,26,1.2242227647569126,
weibull_softplus_unscaled,table9,panel_oof,0,2,29,1.2377982840154487,
weibull_softplus_unscaled,table9,panel_oof,0,2,30,1.2264927880351757,
weibull_softplus_unscaled,table9,panel_oof,0,2,34,1.1656129305288696,
weibull_softplus_unscaled,table9,panel_oof,0,2,39,1.2623784828539755,
weibull_softplus_unscaled,table9,panel_oof,0,2,41,1.2771074376296951,
weibull_softplus_unscaled,table9,panel_oof,0,2,46,1.2425878621653499,
weibull_softplus_unscaled,table9,panel_oof,0,2,48,1.1975335566000593,
weibull_softplus_unscaled,table9,panel_oof,0,2,57,1.2796049039639508,
weibull_softplus_unscaled,table9,panel_oof,0,2,62,1.2245718160073709,
weibull_softplus_unscaled,table9,panel_oof,0,2,65,1.2532654704105175,
weibull_softplus_unscaled,table9,panel_oof,0,2,68,1.240732591108372,
weibull_softplus_unscaled,table9,panel_oof,0,2,73,1.2219563714801058,
weibull_softplus_unscaled,table9,panel_oof,0,2,79,1.2368530201847738,
weibull_softplus_unscaled,table9,panel_oof,0,2,83,1.1707203722700221,
weibull_softplus_unscaled,table9,panel_oof,0,2,84,1.2379854578083265,
weibull_softplus_unscaled,table9,panel_oof,0,2,87,1.3330370257612176,
weibull_softplus_unscaled,table9,panel_oof,0,2,90,1.2139410262003478,
weibull_softplus_unscaled,table9,panel_oof,0,2,91,1.2865779148927377,
weibull_softplus_unscaled,table9,panel_oof,0,2,98,1.1739522932473527,
weibull_softplus_unscaled,table9,panel_oof,0,2,101,1.190649073112277,
weibull_softplus_unscaled,table9,panel_oof,0,2,105,1.2345986616518472,
weibull_softplus_unscaled,table9,panel_oof,0,2,109,1.2608067097928188,
weibull_softplus_unscaled,table9,panel_oof,0,2,112,1.2157090660020633,
weibull_softplus_unscaled,table9,panel_oof,0,2,113,1.3026810391431254,
weibull_softplus_unscaled,table9,panel_oof,0,2,115,1.2333923841149081,
weibull_softplus_unscaled,table9,panel_oof,0,2,116,1.2642614949039195,
weibull_softplus_unscaled,table9,panel_oof,0,2,119,1.2369307556581655,
weibull_softplus_unscaled,table9,panel_oof,0,2,122,1.2065955168779543,
weibull_softplus_unscaled,table9,panel_oof,0,2,123,1.2077487274452356,
weibull_softplus_unscaled,table9,panel_oof,0,2,124,1.2343918590873086,
weibull_softplus_unscaled,table9,panel_oof,0,2,133,1.2707117969163022,
weibull_softplus_unscaled,table9,panel_oof,0,2,134,1.2041432475770444,
weibull_softplus_unscaled,table9,panel_oof,0,2,135,1.2319229109250753,
weibull_softplus_unscaled,table9,panel_oof,0,2,138,1.227409576445937,
weibull_softplus_unscaled,table9,panel_oof,0,2,144,1.2338816153222014,
weibull_softplus_unscaled,table9,panel_oof,0,2,151,1.2230452872899362,
weibull_softplus_unscaled,table9,panel_oof,0,2,152,1.1954975544982502,
weibull_softplus_unscaled,table9,panel_oof,0,2,154,1.220342327054257,
weibull_softplus_unscaled,table9,panel_oof,0,2,157,1.2874715553690996,
weibull_softplus_unscaled,table9,panel_oof,0,2,158,1.2147592559139724,
weibull_softplus_unscaled,table9,panel_oof,0,2,160,1.2435438530384564,
weibull_softplus_unscaled,table9,panel_oof,0,2,166,1.25304968558995,
weibull_softplus_unscaled,table9,panel_oof,0,2,172,1.1576923632186622,
weibull_softplus_unscaled,table9,panel_oof,0,2,175,1.2093688818559105,
weibull_softplus_unscaled,table9,panel_oof,0,2,176,1.2065090956216418,
weibull_softplus_unscaled,table9,panel_oof,0,2,182,1.2427817152601879,
weibull_softplus_unscaled,table9,panel_oof,0,2,183,1.248493850779871,
weibull_softplus_unscaled,table9,panel_oof,0,2,196,1.3176509135267964,
weibull_softplus_unscaled,table9,panel_oof,0,2,198,1.2327058717145065,
weibull_softplus_unscaled,table9,panel_oof,0,2,205,1.2031548282092481,
weibull_softplus_unscaled,table9,panel_oof,0,2,211,1.2534663215009343,
weibull_softplus_unscaled,table9,panel_oof,0,2,213,1.1184271106555752,
weibull_softplus_unscaled,table9,panel_oof,0,2,215,1.1767746552479208,
weibull_softplus_unscaled,table9,panel_oof,0,2,222,1.2032029907264004,
weibull_softplus_unscaled,table9,panel_oof,0,2,224,1.3362687023353743,
weibull_softplus_unscaled,table9,panel_oof,0,2,226,1.30989065823513,
weibull_softplus_unscaled,table9,panel_oof,0,2,227,1.2515541800732493,
weibull_softplus_unscaled,table9,panel_oof,0,2,229,1.1835854411672835,
weibull_softplus_unscaled,table9,panel_oof,0,2,235,1.2547385056129294,
weibull_softplus_unscaled,table9,panel_oof,0,2,236,1.2348847890156187,
weibull_softplus_unscaled,table9,panel_oof,0,2,238,1.2401845144658186,
weibull_softplus_unscaled,table9,panel_oof,0,3,2,1.2709309445582153,
weibull_softplus_unscaled,table9,panel_oof,0,3,4,1.2745859260426766,
weibull_softplus_unscaled,table9,panel_oof,0,3,9,1.3035240323879838,
weibull_softplus_unscaled,table9,panel_oof,0,3,11,1.2378578491906103,
weibull_softplus_unscaled,table9,panel_oof,0,3,12,1.2743013087984005,
weibull_softplus_unscaled,table9,panel_oof,0,3,13,1.2034120623255342,
weibull_softplus_unscaled,table9,panel_oof,0,3,14,1.2481433439116931,
weibull_softplus_unscaled,table9,panel_oof,0,3,16,1.1998242984721341,
weibull_softplus_unscaled,table9,panel_oof,0,3,17,1.2744342213132456,
weibull_softplus_unscaled,table9,panel_oof,0,3,21,1.2874272483828575,
weibull_softplus_unscaled,table9,panel_oof,0,3,22,1.2098696646628957,
weibull_softplus_unscaled,table9,panel_oof,0,3,23,1.2744358680628278,
weibull_softplus_unscaled,table9,panel_oof,0,3,24,1.1819298152169213,
weibull_softplus_unscaled,table9,panel_oof,0,3,27,1.198019897880447,
weibull_softplus_unscaled,table9,panel_oof,0,3,32,1.2142136115117683,
weibull_softplus_unscaled,table9,panel_oof,0,3,33,1.2687973663023349,
weibull_softplus_unscaled,table9,panel_oof,0,3,36,1.221213207083879,
weibull_softplus_unscaled,table9,panel_oof,0,3,37,1.222734727358547,
weibull_softplus_unscaled,table9,panel_oof,0,3,38,1.2339503030468302,
weibull_softplus_unscaled,table9,panel_oof,0,3,40,1.220814011949992,
weibull_softplus_unscaled,table9,panel_oof,0,3,43,1.254705263724429,
weibull_softplus_unscaled,table9,panel_oof,0,3,44,1.2835123663739045,
weibull_softplus_unscaled,table9,panel_oof,0,3,45,1.2700721638894539,
weibull_softplus_unscaled,table9,panel_oof,0,3,49,1.2460297658460942,
weibull_softplus_unscaled,table9,panel_oof,0,3,50,1.2770270081643822,
weibull_softplus_unscaled,table9,panel_oof,0,3,52,1.2347987426549671,
weibull_softplus_unscaled,table9,panel_oof,0,3,53,1.210197735545854,
weibull_softplus_unscaled,table9,panel_oof,0,3,54,1.1861488347581335,
weibull_softplus_unscaled,table9,panel_oof,0,3,55,1.1753169116083302,
weibull_softplus_unscaled,table9,panel_oof,0,3,58,1.27223796445542,
weibull_softplus_unscaled,table9,panel_oof,0,3,59,1.2135546177650887,
weibull_softplus_unscaled,table9,panel_oof,0,3,61,1.2043326306811724,
weibull_softplus_unscaled,table9,panel_oof,0,3,63,1.1783735212665745,
weibull_softplus_unscaled,table9,panel_oof,0,3,64,1.2695933176459115,
weibull_softplus_unscaled,table9,panel_oof,0,3,66,1.224013857928712,
weibull_softplus_unscaled,table9,panel_oof,0,3,67,1.2274783373449862,
weibull_softplus_unscaled,table9,panel_oof,0,3,70,1.2619617751007977,
weibull_softplus_unscaled,table9,panel_oof,0,3,71,1.2408970637851553,
weibull_softplus_unscaled,table9,panel_oof,0,3,72,1.2381293283939967,
weibull_softplus_unscaled,table9,panel_oof,0,3,74,1.1792142683558458,
weibull_softplus_unscaled,table9,panel_oof,0,3,75,1.2462691688670509,
weibull_softplus_unscaled,table9,panel_oof,0,3,78,1.247207435341724,
weibull_softplus_unscaled,table9,panel_oof,0,3,85,1.2304024309746346,
weibull_softplus_unscaled,table9,panel_oof,0,3,88,1.2916189827756275,
weibull_softplus_unscaled,table9,panel_oof,0,3,89,1.2211561022342043,
weibull_softplus_unscaled,table9,panel_oof,0,3,92,1.18784708035157,
weibull_softplus_unscaled,table9,panel_oof,0,3,93,1.2090887415834963,
weibull_softplus_unscaled,table9,panel_oof,0,3,94,1.1913034025737055,
weibull_softplus_unscaled,table9,panel_oof,0,3,95,1.2593810552358935,
weibull_softplus_unscaled,table9,panel_oof,0,3,96,1.2289233170440488,
weibull_softplus_unscaled,table9,panel_oof,0,3,97,1.1917942362930714,
weibull_softplus_unscaled,table9,panel_oof,0,3,102,1.2343794243134034,
weibull_softplus_unscaled,table9,panel_oof,0,3,108,1.2710340376199216,
weibull_softplus_unscaled,table9,panel_oof,0,3,110,1.2349188433762714,
weibull_softplus_unscaled,table9,panel_oof,0,3,111,1.2613835957871742,
weibull_softplus_unscaled,table9,panel_oof,0,3,117,1.3219442554865712,
weibull_softplus_unscaled,table9,panel_oof,0,3,120,1.2077444588351864,
weibull_softplus_unscaled,table9,panel_oof,0,3,121,1.2046157569924438,
weibull_softplus_unscaled,table9,panel_oof,0,3,127,1.1982128003542432,
weibull_softplus_unscaled,table9,panel_oof,0,3,128,1.2309789449982875,
weibull_softplus_unscaled,table9,panel_oof,0,3,129,1.2038533163241092,
weibull_softplus_unscaled,table9,panel_oof,0,3,130,1.2256746294816536,
weibull_softplus_unscaled,table9,panel_oof,0,3,132,1.317947028922541,
weibull_softplus_unscaled,table9,panel_oof,0,3,139,1.239275576258306,
weibull_softplus_unscaled,table9,panel_oof,0,3,143,1.2455987483255835,
weibull_softplus_unscaled,table9,panel_oof,0,3,146,1.2800918286061156,
weibull_softplus_unscaled,table9,panel_oof,0,3,148,1.2143605949333884,
weibull_softplus_unscaled,table9,panel_oof,0,3,149,1.2984461450002178,
weibull_softplus_unscaled,table9,panel_oof,0,3,150,1.2594427499842518,
weibull_softplus_unscaled,table9,panel_oof,0,3,153,1.2408648342135484,
weibull_softplus_unscaled,table9,panel_oof,0,3,156,1.2033780509630572,
weibull_softplus_unscaled,table9,panel_oof,0,3,159,1.2662698894219724,
weibull_softplus_unscaled,table9,panel_oof,0,3,161,1.3479183515055666,
weibull_softplus_unscaled,table9,panel_oof,0,3,164,1.2009692053659022,
weibull_softplus_unscaled,table9,panel_oof,0,3,167,1.2251661337675843,
weibull_softplus_unscaled,table9,panel_oof,0,3,170,1.2034261610821368,
weibull_softplus_unscaled,table9,panel_oof,0,3,173,1.2209353233644125,
weibull_softplus_unscaled,table9,panel_oof,0,3,174,1.2271730231060558,
weibull_softplus_unscaled,table9,panel_oof,0,3,177,1.2319671416983584,
weibull_softplus_unscaled,table9,panel_oof,0,3,180,1.2317380572787249,
weibull_softplus_unscaled,table9,panel_oof,0,3,181,1.2541326495210958,
weibull_softplus_unscaled,table9,panel_oof,0,3,184,1.1899907625773887,
weibull_softplus_unscaled,table9,panel_oof,0,3,185,1.2357943568113545,
weibull_softplus_unscaled,table9,panel_oof,0,3,189,1.243904296786583,
weibull_softplus_unscaled,table9,panel_oof,0,3,190,1.228997547297062,
weibull_softplus_unscaled,table9,panel_oof,0,3,192,1.194955454341525,
weibull_softplus_unscaled,table9,panel_oof,0,3,194,1.2263632977034833,
weibull_softplus_unscaled,table9,panel_oof,0,3,201,1.1386126418084679,
weibull_softplus_unscaled,table9,panel_oof,0,3,203,1.2200024820960604,
weibull_softplus_unscaled,table9,panel_oof,0,3,204,1.2322561388559956,
weibull_softplus_unscaled,table9,panel_oof,0,3,206,1.1695462185800747,
weibull_softplus_unscaled,table9,panel_oof,0,3,214,1.2398686748405578,
weibull_softplus_unscaled,table9,panel_oof,0,3,218,1.1650956481778327,
weibull_softplus_unscaled,table9,panel_oof,0,3,225,1.285008793477318,
weibull_softplus_unscaled,table9,panel_oof,0,3,228,1.2182591582657474,
weibull_softplus_unscaled,table9,panel_oof,0,3,232,1.2191468956102498,
weibull_softplus_unscaled,table9,panel_oof,0,3,234,1.2229917311855516,
weibull_softplus_unscaled,table9,panel_oof,0,3,240,1.1518450562596678,
weibull_softplus_unscaled,table9,panel_oof,0,4,18,1.2376117723902151,
weibull_softplus_unscaled,table9,panel_oof,0,4,19,1.2527782311986564,
weibull_softplus_unscaled,table9,panel_oof,0,4,28,1.2607642727142605,
weibull_softplus_unscaled,table9,panel_oof,0,4,31,1.2024546166517514,
weibull_softplus_unscaled,table9,panel_oof,0,4,42,1.2031068269482672,
weibull_softplus_unscaled,table9,panel_oof,0,4,47,1.198902915382038,
weibull_softplus_unscaled,table9,panel_oof,0,4,60,1.207480562281932,
weibull_softplus_unscaled,table9,panel_oof,0,4,76,1.2859879725711647,
weibull_softplus_unscaled,table9,panel_oof,0,4,77,1.2470181783876937,
weibull_softplus_unscaled,table9,panel_oof,0,4,80,1.2730279620434948,
weibull_softplus_unscaled,table9,panel_oof,0,4,82,1.208825035113943,
weibull_softplus_unscaled,table9,panel_oof,0,4,103,1.2466883886073572,
weibull_softplus_unscaled,table9,panel_oof,0,4,104,1.2588226608848851,
weibull_softplus_unscaled,table9,panel_oof,0,4,114,1.2368045515058737,
weibull_softplus_unscaled,table9,panel_oof,0,4,118,1.2063615862337294,
weibull_softplus_unscaled,table9,panel_oof,0,4,125,1.1058490494494209,
weibull_softplus_unscaled,table9,panel_oof,0,4,131,1.1978862484819577,
weibull_softplus_unscaled,table9,panel_oof,0,4,155,1.1840272083755532,
weibull_softplus_unscaled,table9,panel_oof,0,4,162,1.2405841453006627,
weibull_softplus_unscaled,table9,panel_oof,0,4,168,1.149864596759514,
weibull_softplus_unscaled,table9,panel_oof,0,4,178,1.1411888189061798,
weibull_softplus_unscaled,table9,panel_oof,0,4,179,1.259666489660162,
weibull_softplus_unscaled,table9,panel_oof,0,4,186,1.1961902086705987,
weibull_softplus_unscaled,table9,panel_oof,0,4,193,1.2237986129283207,
weibull_softplus_unscaled,table9,panel_oof,0,4,199,1.1925444754847643,
weibull_softplus_unscaled,table9,panel_oof,0,4,202,1.2110282201184965,
weibull_softplus_unscaled,table9,panel_oof,0,4,207,1.2577599389095795,
weibull_softplus_unscaled,table9,panel_oof,0,4,212,1.1953821910155111,
weibull_softplus_unscaled,table9,panel_oof,0,4,216,1.2329312491820978,
weibull_softplus_unscaled,table9,panel_oof,0,4,221,1.2126625982982082,
weibull_softplus_unscaled,table9,panel_oof,0,4,230,1.1889047596746083,
weibull_softplus_unscaled,table9,panel_oof,0,4,231,1.2140424315893608,
weibull_softplus_unscaled,table9,panel_oof,0,4,239,1.2262697685755874,
weibull_softplus_unscaled,table9,external_development,0,-1,delphi_3e18_39bucket:0066da643d35e694a311d26516399114a1c69adba1f7795b773b704d93c0e945,1.2210950629930222,0.011246504434029329
weibull_softplus_unscaled,table9,external_development,0,-1,delphi_3e18_39bucket:015ce47db7b4ac2a312c1dfa614d699adb8526230f5a7355c112e4e546f4bb96,1.191382284151852,0.009745574098079905
weibull_softplus_unscaled,table9,external_development,0,-1,delphi_3e18_39bucket:01985d1f15bebd8fef77b5150d00df90b1460ff11f8dbeb34a83d3755d4831ca,1.1108947708609087,0.0076448759516161355
weibull_softplus_unscaled,table9,external_development,0,-1,delphi_3e18_39bucket:02c70e578e5784e551eefe679886439d9c803cedd53b283f3333a0c5fbe3e5cf,1.2006080639683627,0.009930052574802117
weibull_softplus_unscaled,table9,external_development,0,-1,delphi_3e18_39bucket:037a604380dcbb0bd031ab6fe4d27d6f859ec425fb267f14b984c1fb545aefe5,1.201772254513942,0.009424067361796278
weibull_softplus_unscaled,table9,external_development,0,-1,delphi_3e18_39bucket:039e773502afbad67dfd37ee20068668a2092188b0245ddd91d40a1560e905f6,1.1284616629383932,0.006128334261833534
weibull_softplus_unscaled,table9,external_development,0,-1,delphi_3e18_39bucket:073bad81517f75d40c9eb877348b38c8734b28dc6cb239c2089c9c35e9510223,1.0692250971827475,0.009014403787159576
weibull_softplus_unscaled,table9,external_development,0,-1,delphi_3e18_39bucket:0788d5de28276914dae1c6388f1ab105867ad1d4a087d52bf0b8519d80129c89,1.1924115790303778,0.00975451894654686
weibull_softplus_unscaled,table9,external_development,0,-1,delphi_3e18_39bucket:081b3e9c9806710005689ad55a35ca2b5545880488e77cee8042740337e79dfd,1.0680512339387849,0.007461334764664924
weibull_softplus_unscaled,table9,external_development,0,-1,delphi_3e18_39bucket:09ab1aa79a519d8cbef31696066513a006253831fb687b610438ea9b39faef2c,1.2216241467319326,0.01002272881803118
weibull_softplus_unscaled,table9,external_development,0,-1,delphi_3e18_39bucket:09de561eed4cac3d6052c3e7ccd15b7d2bf21ffe6620953c40d04597b793517c,1.1028038087928231,0.007365930927837686
weibull_softplus_unscaled,table9,external_development,0,-1,delphi_3e18_39bucket:0a4c90180e2e9f06b17432216267636bc90d169f9f68bad8b789d271cb541e26,1.133437695125055,0.0038162415903627497
weibull_softplus_unscaled,table9,external_development,0,-1,delphi_3e18_39bucket:0a69a64824dbbec7bffe6fbd96bf614be79fa346a55fb8dad697d2aed91a31fe,1.0335901820678202,0.0070133186117273105
weibull_softplus_unscaled,table9,external_development,0,-1,delphi_3e18_39bucket:0c6db73ff59b9cdac2e2428761ffc68d8764b26faefabce9cdbe0ad6133514fb,1.1139037562402545,0.007924676541245254
weibull_softplus_unscaled,table9,external_development,0,-1,delphi_3e18_39bucket:0c87eb28b1c95ec40d341aff414b3e73bc9300563def3b5d974082fe44509895,1.1934665974883614,0.009628932888349493
weibull_softplus_unscaled,table9,external_development,0,-1,delphi_3e18_39bucket:0da14a6e57c138c21227eebbd44f186ea18272987a7f24f9edce875f3f5c35b2,1.190444660096651,0.009772605628488985
weibull_softplus_unscaled,table9,external_development,0,-1,delphi_3e18_39bucket:0fb57d38488e9d032a8a2d6e385eebbe0bb87510b042d12426a68166e3ec53b2,1.145365218412142,0.0075607846866579086
weibull_softplus_unscaled,table9,external_development,0,-1,delphi_3e18_39bucket:100cd66fd89a88c77157afcbddc20547cc115238f2281abf552b8c0d0374cc36,1.224613274577822,0.011661915620823833
weibull_softplus_unscaled,table9,external_development,0,-1,delphi_3e18_39bucket:115087d05bce1abc0d1e7590a4cc0b36b643cd94c47ca5e044580bd8ff9fa514,1.0689202969576157,0.0028939677464430743
weibull_softplus_unscaled,table9,external_development,0,-1,delphi_3e18_39bucket:1186365305df843132a2b49cf1f4f3279bc6792218502b2ddb658ff6a8909811,1.2061925105586644,0.010390383020089166
weibull_softplus_unscaled,table9,external_development,0,-1,delphi_3e18_39bucket:14ae27b209bb3f3e584f2a754f2f606b14c6a91a854a6960f5f2002189a9c63f,1.086339362085654,0.005836085540383168
weibull_softplus_unscaled,table9,external_development,0,-1,delphi_3e18_39bucket:1583e0fcd8684efdb53f5dba40c3ee266a316d16da17c423933aa17c59399bb4,1.034740591696477,0.006709662551342504
weibull_softplus_unscaled,table9,external_development,0,-1,delphi_3e18_39bucket:168c44d2006162a6a570833acdedfc0e9cbace3ee8b4582d93c0d17b9a8f62dc,1.1928892475264585,0.009649503672619153
weibull_softplus_unscaled,table9,external_development,0,-1,delphi_3e18_39bucket:180f3fe5f075a653053c6abb3614d3d97e4e8bd81a9bf3339b610420a3e507e1,1.0992572732108847,0.008334381550044853
weibull_softplus_unscaled,table9,external_development,0,-1,delphi_3e18_39bucket:18a99a3351245092d3769f803d6ed42ad1446d61d00a6145d3ab0f7eb370ad43,1.1884085884520696,0.009551198439002746
weibull_softplus_unscaled,table9,external_development,0,-1,delphi_3e18_39bucket:19e6d0a05b7cc0e501b20e580b9d694acf4b47aafcdbc8afc3840bc26b8e9183,1.185126715861434,0.009397446725156716
weibull_softplus_unscaled,table9,external_development,0,-1,delphi_3e18_39bucket:1abe87613ee3136eb10062b5549438b1593f06bc22629e4f06a79dc512925a09,1.07820398441913,0.0064235763968726834
weibull_softplus_unscaled,table9,external_development,0,-1,delphi_3e18_39bucket:1bd2258fc50c2f2300cfee3ccf288fcf65b55a83f6f4e754166ad83968fd2bc5,1.1958845547172952,0.00972475595379946
weibull_softplus_unscaled,table9,external_development,0,-1,delphi_3e18_39bucket:1c82f47a17303f1c725bb67357c5df989e689eab6ce331e314ec3f25166ddb7f,1.1772348074266228,0.009140847779021204
weibull_softplus_unscaled,table9,external_development,0,-1,delphi_3e18_39bucket:1f764babd33705edc89b9384b3ade86c50adefb121d72a48eead725f2f99fdbb,1.2067407375396595,0.010386891939500835
weibull_softplus_unscaled,table9,external_development,0,-1,delphi_3e18_39bucket:217fcc24bb6f19269acad2fd83783863fb8c38fe10b23c82e8d4650e3c20af96,1.0244664307167526,0.010030734517294878
weibull_softplus_unscaled,table9,external_development,0,-1,delphi_3e18_39bucket:2217566357ae6eb4d1e0a63ed7d1b5f74bf85feb4a34fc2294075abf4779dc8a,1.0766565803761152,0.007187100702291659
weibull_softplus_unscaled,table9,external_development,0,-1,delphi_3e18_39bucket:22435fb72d5378f38e67f149c5327cefd8299de7f2802d207068e148a654d87a,1.0163737164119258,0.009405232587573352
weibull_softplus_unscaled,table9,external_development,0,-1,delphi_3e18_39bucket:244c4cf1cc1aff8a4fa4a6620ac3c4e89194a0edec3d369e2d5c5a3ffc611fbd,1.1905742931311538,0.009742688436493
weibull_softplus_unscaled,table9,external_development,0,-1,delphi_3e18_39bucket:257cf9d7063698fc7195b8f86bda6fdb70aa44cc6560c09437872f7afc15b3c7,1.192118128757342,0.009752648209221724
weibull_softplus_unscaled,table9,external_development,0,-1,delphi_3e18_39bucket:2805171d708ffa47ad55eebdded48bbe9184de34aaa01c764857896330bd5ed8,1.0472284975364752,0.0062280385672418195
weibull_softplus_unscaled,table9,external_development,0,-1,delphi_3e18_39bucket:28e9f00790cb0f3bd8eab6e67ab5ed390d4a8f9511b50e2c3b127fed84907f83,1.1932871444981545,0.009931956141461624
weibull_softplus_unscaled,table9,external_development,0,-1,delphi_3e18_39bucket:29879913509e18c14302d4122cd80d460dbe36a86de1b841546532b10ae498e9,1.036386011391365,0.0072523387784368416
weibull_softplus_unscaled,table9,external_development,0,-1,delphi_3e18_39bucket:2a97310a9690d4c4d3fba3c8cf2f4c53bec70f4ee6e7bc2798951d5fce110b5c,1.1909078789018408,0.00966558812583098
weibull_softplus_unscaled,table9,external_development,0,-1,delphi_3e18_39bucket:2b989adc23ee2e9de7f2785a0f77bb06f18f1c8af0a8159044271123a563cdb9,1.0673115404226698,0.006007782864288865
weibull_softplus_unscaled,table9,external_development,0,-1,delphi_3e18_39bucket:2f021c092554cc1c442218ef631eef0b2b67a217256c18aa0380762934be6ef9,1.0865021649297226,0.00602282218839632
weibull_softplus_unscaled,table9,external_development,0,-1,delphi_3e18_39bucket:303bf27116162aaf5aad23c1dceb815464d35b45e7e0b3d737d78f0e445a7c48,1.1528491382760255,0.007889979053975458
weibull_softplus_unscaled,table9,external_development,0,-1,delphi_3e18_39bucket:329d432004aa55ff655af8af17bade03a9b3dd241ea3c9e87a7dbbeb1dc1b1d6,1.1834515729800992,0.009459126009885214
weibull_softplus_unscaled,table9,external_development,0,-1,delphi_3e18_39bucket:3614e5ff6454c53dc1b4848cee125d2bf986629dee4783b90415bc92736347a1,1.0690914972326633,0.005067056034826209
weibull_softplus_unscaled,table9,external_development,0,-1,delphi_3e18_39bucket:38b51fbcfa5c77121be6726dc68a28ce5ab9452aefd61be07d82e359fbdedf79,1.085446274468311,0.005119873669091104
weibull_softplus_unscaled,table9,external_development,0,-1,delphi_3e18_39bucket:391b0859fe53bf6c9da14d9694a7f85f766f8d8225b48942c840d1f3bebe7876,1.1037324886095428,0.006488130061442765
weibull_softplus_unscaled,table9,external_development,0,-1,delphi_3e18_39bucket:39df5a66a6bcbdc5f52f9f37dfd15b1fdd08a415743db8fb17cc8b0512ac963f,1.2481925332321238,0.013883963098944197
weibull_softplus_unscaled,table9,external_development,0,-1,delphi_3e18_39bucket:3c5d1d0ddb5500239d26944a313e0c966e43abfabc203fcdb07d5db66f8dc712,1.0886453764288602,0.00809567955771235
weibull_softplus_unscaled,table9,external_development,0,-1,delphi_3e18_39bucket:3d3cd30314fd09b91f22ba82b732e228369abd03b55a27da937e0bca5a083a0a,1.1857783398240287,0.00955078662787605
weibull_softplus_unscaled,table9,external_development,0,-1,delphi_3e18_39bucket:3d45f3bc22316f2c3a26d5af2662f5cc5b2e1214d7bf88bc7dfa2b034b89b076,1.0791624280802377,0.0063950217101022295
weibull_softplus_unscaled,table9,external_development,0,-1,delphi_3e18_39bucket:3de18a523f9dbadd83062cb454ad019820e391183b58003dd91dda53a4b13e1b,1.1069368940520423,0.011882955499059095
weibull_softplus_unscaled,table9,external_development,0,-1,delphi_3e18_39bucket:3ec760a2d3f08ec7acbde5dd5b70f25acbb174767b5f8e54d028852120660c2d,1.0712119544514782,0.00819541761319918
weibull_softplus_unscaled,table9,external_development,0,-1,delphi_3e18_39bucket:3f18082665844ac4fa26e9c9e87ec9528a72d448eff278e6eb0fb7e1d4dc39bc,1.1169711473538677,0.010980509286067567
weibull_softplus_unscaled,table9,external_development,0,-1,delphi_3e18_39bucket:4148bb820fc709c78f6daf88c6822b7f28c7d1aba87c815125bab9cc0c715d32,1.125868166840847,0.007815979348667963
weibull_softplus_unscaled,table9,external_development,0,-1,delphi_3e18_39bucket:419ee81cda8173e88f7ada544fce6e041beb00f9371af74edf51e3240616e6ae,1.0758969237093663,0.006291276158946636
weibull_softplus_unscaled,table9,external_development,0,-1,delphi_3e18_39bucket:435fc59b9f74ea68a12a16abcf01b49d1d751709400f056661ece786c4fb97f4,1.193783722003094,0.009516273178634039
weibull_softplus_unscaled,table9,external_development,0,-1,delphi_3e18_39bucket:43a1b832b41d7b3705abe45be2d9a39f606803f539c4bfc22f9bdb84abd4ecdd,1.1847646076232325,0.009404654554169386
weibull_softplus_unscaled,table9,external_development,0,-1,delphi_3e18_39bucket:44ce79a61450d4abf95809bf0fa221ae9d748008c8b5ae22fd8d3212c27a3fea,1.0713083796098894,0.005049401604323487
weibull_softplus_unscaled,table9,external_development,0,-1,delphi_3e18_39bucket:454b420da2501cc8413ce34639b91fba6c924e92d4acb602a12a4188a7bbac06,1.1250768718311512,0.012254960041197997
weibull_softplus_unscaled,table9,external_development,0,-1,delphi_3e18_39bucket:45c4ebe12e4506146427d7cf86c80df51ee3636fdc90eec46c6fbcda132736d3,1.1959694904984879,0.009806541409399306
weibull_softplus_unscaled,table9,external_development,0,-1,delphi_3e18_39bucket:46346afc1e8f516e3cf8db030395bc5bdba3094e0d1d6ce3d9212fbb3736b08f,1.2156358766538102,0.009655656122644955
weibull_softplus_unscaled,table9,external_development,0,-1,delphi_3e18_39bucket:479b4c0d010ec8af266c712fad85c52a6b25371b206b9d3bea78ede611674b9e,1.2487040307875459,0.01043671757321255
weibull_softplus_unscaled,table9,external_development,0,-1,delphi_3e18_39bucket:47f173bc0284dd1f8264d5a01dd8a2fcd9c04165efed2d185d16e1684ae02254,1.1373285700856761,0.005642071221510715
weibull_softplus_unscaled,table9,external_development,0,-1,delphi_3e18_39bucket:4925c3287b201af1db9d1972026e9bf6b2b76a75673de01b83cd6af4965a90c1,1.0600990082458606,0.005671135538245484
weibull_softplus_unscaled,table9,external_development,0,-1,delphi_3e18_39bucket:49605a406a87e4b29ff1058b67cff48d00f583ed007d73fd163a37ab3f1ef415,1.0986628685298987,0.0061670170981585615
weibull_softplus_unscaled,table9,external_development,0,-1,delphi_3e18_39bucket:4d2a9f8e18ebd65e0860eaa7996c71b4bc666ece79a59f99599bf658eaaf1ca6,1.2664496316099458,0.015015773440725532
weibull_softplus_unscaled,table9,external_development,0,-1,delphi_3e18_39bucket:4dcd25089f067b1c4aa3d94b5a6046e58c872c7192b21d095899daf4324f9073,1.2801130387478947,0.015089884879444508
weibull_softplus_unscaled,table9,external_development,0,-1,delphi_3e18_39bucket:51ba2b4f2f488f8c496f545e752754c9e324fea095988aeafc121d14587f9440,1.0618794529881392,0.0076040744188070235
weibull_softplus_unscaled,table9,external_development,0,-1,delphi_3e18_39bucket:520b93fe83078f785e1745d02d62d4de498b2d844861b920f20ad9fddb96d966,1.0957475268303876,0.007079171426269483
weibull_softplus_unscaled,table9,external_development,0,-1,delphi_3e18_39bucket:5268fc7970fdd1757c78b3d28d3b4a01e39ae7eb48d9eff786688b6aa8419e2c,1.2018667501552838,0.009624259447608448
weibull_softplus_unscaled,table9,external_development,0,-1,delphi_3e18_39bucket:5302a3d504bc827eb82480e47fa5f9369b2a34a9073980d5a79b7b11472c3d35,1.0795673013552027,0.006016019518724319
weibull_softplus_unscaled,table9,external_development,0,-1,delphi_3e18_39bucket:5304e9320d8a83ce4fc5f0c3d55748a46b482bd39654250154a2e9b9b1f11612,1.0080577210544521,0.007843558487127469
weibull_softplus_unscaled,table9,external_development,0,-1,delphi_3e18_39bucket:547f1880e12c632add60347ae92abf186e58bd4549de02831f05f117476ccd27,1.0510320199492438,0.0057421039054094385
weibull_softplus_unscaled,table9,external_development,0,-1,delphi_3e18_39bucket:5653d17dd718ed001c50f11b1296a0b6c437549494c3ad1c8cb1b53da2629181,1.079444094545362,0.009476815386729162
weibull_softplus_unscaled,table9,external_development,0,-1,delphi_3e18_39bucket:569f2fae296c65c150355a111967e64f0458d6d4e4e6695bdad8510e2d957522,1.0541113286449786,0.005225361733892256
weibull_softplus_unscaled,table9,external_development,0,-1,delphi_3e18_39bucket:577ebf44b0802041939fa396b991d55566e0430342ea4e86916d0a09526dfc7b,1.135855910048765,0.009870737554282309
weibull_softplus_unscaled,table9,external_development,0,-1,delphi_3e18_39bucket:587d99c210755fe678009083951edbaf5f30125b9a9228c07223908788f4efbf,1.117026932201839,0.011521495991098476
weibull_softplus_unscaled,table9,external_development,0,-1,delphi_3e18_39bucket:593cd68cc1f7693b8781f426fd8bf633d814852c98cef69f1dc0e05aa749a4a8,1.1954311032511376,0.009677378051522592
weibull_softplus_unscaled,table9,external_development,0,-1,delphi_3e18_39bucket:5969f449d772b308738c1973bb8124a9388da3145bdcd4dbf580903e8aa5ae45,1.0538083921449681,0.0031992511590487153
weibull_softplus_unscaled,table9,external_development,0,-1,delphi_3e18_39bucket:5a6c87e0a035e4d18b7e137b2cc16b00806f8d1ef126cc1b3e98ec648866cd95,1.0584121583342023,0.003248530696156149
weibull_softplus_unscaled,table9,external_development,0,-1,delphi_3e18_39bucket:5bab89a350083bbb82d43430d716a115110122a55cabce94a4c485ba7cfc7890,1.0727099958043498,0.006089709055786218
weibull_softplus_unscaled,table9,external_development,0,-1,delphi_3e18_39bucket:5d327ac229879291117268bc6336e58c8152465241259a6f06a7977096c2cbab,1.1000611404286273,0.005639167457198148
weibull_softplus_unscaled,table9,external_development,0,-1,delphi_3e18_39bucket:5d81c990ff3f85d604963810f29b83410738a33c030bdad16230497701c673cc,1.1144384701129653,0.006245967357758818
weibull_softplus_unscaled,table9,external_development,0,-1,delphi_3e18_39bucket:5da4a1f0602a1c573a15377a4719b3b792d3be63656c74bcdef8bd988e67c292,1.0714135574861223,0.008132193679805175
weibull_softplus_unscaled,table9,external_development,0,-1,delphi_3e18_39bucket:5f70df28cce5d870961ea81fd9171415d174214efb666d244008771b3f8a8132,1.142525724878346,0.006978816633194454
weibull_softplus_unscaled,table9,external_development,0,-1,delphi_3e18_39bucket:5f8f1118125ab64ed7032396f431fe7a879ad10627850bcd4cebb2b9c12c9c22,1.1916912000000868,0.009735736836556206
weibull_softplus_unscaled,table9,external_development,0,-1,delphi_3e18_39bucket:6233cb472d97f01738aec435e826103682ccfd8390ef3bf6783341c9818b9043,1.103143277861125,0.009826922219097771
weibull_softplus_unscaled,table9,external_development,0,-1,delphi_3e18_39bucket:635528e5e2a0e881124caf31eb8cf68a81b7afe38b50630e57e736edbdd31013,1.1172722760416156,0.006635583114791807
weibull_softplus_unscaled,table9,external_development,0,-1,delphi_3e18_39bucket:643213b3d69a274b198c42fc5df8e2e33accfef69d26786274a4e3f0d3ff1eba,1.0726313916559949,0.006007289950164628
weibull_softplus_unscaled,table9,external_development,0,-1,delphi_3e18_39bucket:64f4ce182df0f4dc266d00d5177554ae26d369be6d6fdc42e4020ce4c159e038,1.154621213126988,0.014159173568600393
weibull_softplus_unscaled,table9,external_development,0,-1,delphi_3e18_39bucket:67219c03d0898c3bde8548203483153b8dab3ed4fff577a865554213c097934e,1.0796911790480164,0.0069380858153040475
weibull_softplus_unscaled,table9,external_development,0,-1,delphi_3e18_39bucket:6804300e425006b08f97520a7f6c9bba13378a0b6b02edcbfec5611e5ca0c44d,1.0499700744486509,0.006281780322995508
weibull_softplus_unscaled,table9,external_development,0,-1,delphi_3e18_39bucket:68195b7435e250fecfae0a4a43494aec7a31a5058003835e9123c0d9e17c5779,1.192674106595539,0.009680458135822197
weibull_softplus_unscaled,table9,external_development,0,-1,delphi_3e18_39bucket:685f65df9a5d97bc32080e3b868a666285be0939d78e0a811d378657ee757244,1.051651180169002,0.005049370389550943
weibull_softplus_unscaled,table9,external_development,0,-1,delphi_3e18_39bucket:6a6a57cc90489b1821b2d65721b9c2e1d907405a1cb08fb12b0a637f75a245c7,1.2163094802065957,0.011076560694299603
weibull_softplus_unscaled,table9,external_development,0,-1,delphi_3e18_39bucket:6b35fe0f0f1836e028d532783d26a896a624c7a1b735b664c912826d6046ade7,1.1917618625254658,0.009765208983954679
weibull_softplus_unscaled,table9,external_development,0,-1,delphi_3e18_39bucket:6be8998407711e41d66a8387ce4264ca2d324918221eafcce587dcead56348cf,1.0675423188291968,0.005873545306196581
weibull_softplus_unscaled,table9,external_development,0,-1,delphi_3e18_39bucket:6c651e55ddca05236b7de3e3673e1b135e1bafa15edb691f8d6ccfe12505a49c,1.1304781179356627,0.007993417480249067
weibull_softplus_unscaled,table9,external_development,0,-1,delphi_3e18_39bucket:6eff5c2c6d0c6033485ec4cb97a6edae6de89063ea34c89f669ff4e4e0629eea,1.2038908321423296,0.010370913233092575
weibull_softplus_unscaled,table9,external_development,0,-1,delphi_3e18_39bucket:7085b12019ff35a054c005d424eb8596134e288c7ecaa2596bb4b5711eb66326,1.0510428094668562,0.0029089789291874193
weibull_softplus_unscaled,table9,external_development,0,-1,delphi_3e18_39bucket:7132c13eee4b70ca34a33f9a9ae7366f1bfa0fced8aaf9fa0323bc319b97506a,1.2018361466688714,0.009057411647811053
weibull_softplus_unscaled,table9,external_development,0,-1,delphi_3e18_39bucket:71eb42d48f6b6a336390c690ce1e47364dfe485e2a4f06e168075c88b0def0a9,1.2653176605581582,0.011777987743391156
weibull_softplus_unscaled,table9,external_development,0,-1,delphi_3e18_39bucket:742dd349c1fbc18af63f516a37aaff216490071ad5e744e3cf744b4b49367d40,1.2112901812920338,0.010427034103682791
weibull_softplus_unscaled,table9,external_development,0,-1,delphi_3e18_39bucket:74bdb4e6f472459381f30133f60e19e24a54f6c7d8a9fc845b5471d668934b4d,1.0484287803665242,0.01061019839285761
weibull_softplus_unscaled,table9,external_development,0,-1,delphi_3e18_39bucket:789182d5189317aa9b8640cc1bce52e2c170dc32657677d3a4108620bcbb7f05,1.201942765337289,0.010211982744209565
weibull_softplus_unscaled,table9,external_development,0,-1,delphi_3e18_39bucket:78b2e8346a4519dfef462b8376a77bc4e1d601f8933e6641020cf0eb7e48efc0,1.167530449077198,0.00952648211068144
weibull_softplus_unscaled,table9,external_development,0,-1,delphi_3e18_39bucket:79faa6a5b2de9e64c364af44aaa762e31a637c87c7c6d57002f957ef71cbeb84,1.055221437033648,0.004984145842529984
weibull_softplus_unscaled,table9,external_development,0,-1,delphi_3e18_39bucket:7c9cf8d99e2a20bfcf7060b220169c9ae7c13a5c2cfaa96022cc97b063759fec,1.129518614182503,0.008058754409762725
weibull_softplus_unscaled,table9,external_development,0,-1,delphi_3e18_39bucket:7d6e5bdf2421a78af620ea6ac7975078e405a629c7642ced529ef76b1f6bba54,1.0603957578113208,0.012324994964858435
weibull_softplus_unscaled,table9,external_development,0,-1,delphi_3e18_39bucket:7e55a3661a634ab042b0d907f35856d18f479e608ad474942aa5a6ecf7f9f033,1.0977705995025504,0.006361488370988044
weibull_softplus_unscaled,table9,external_development,0,-1,delphi_3e18_39bucket:7ea661be2a7587559cb8925e1eb21820cb040c4cd7a883b0f24803c308d3fb41,1.0621897999489205,0.005049992634309169
weibull_softplus_unscaled,table9,external_development,0,-1,delphi_3e18_39bucket:7ed367f16179f0147cfe76808f461bb876363b57665b8e5485529577f7dd5210,1.1209033992965245,0.006080942474102088
weibull_softplus_unscaled,table9,external_development,0,-1,delphi_3e18_39bucket:80b7399fe369d7309377bca271430df48654b77c59f6f9809f09f49a62c14c95,1.0660757689085063,0.002933749806461197
weibull_softplus_unscaled,table9,external_development,0,-1,delphi_3e18_39bucket:80cd1b3538923f0a877e5c9e8a78b526e337a71951c52c3ed2fabe91e7daeb69,1.0792225525049353,0.00594484323014177
weibull_softplus_unscaled,table9,external_development,0,-1,delphi_3e18_39bucket:80ef0b613e000a82657443770642af353463be1258804e7d9a261d13e6d4476b,1.2966874960836932,0.02129668199194265
weibull_softplus_unscaled,table9,external_development,0,-1,delphi_3e18_39bucket:81329096cd24fadc9f75ffda9d87c90de1dd4f27e19160c1a0ab25986bc2213e,1.0591930354664054,0.006071810534337296
weibull_softplus_unscaled,table9,external_development,0,-1,delphi_3e18_39bucket:81cb45a36b39811750d0ff0f4375bddfcf30514d23437ee76f5f2fb9aeef22de,1.0760324623875297,0.006028445436741874
weibull_softplus_unscaled,table9,external_development,0,-1,delphi_3e18_39bucket:83255fbba7f49b8b85c42635b9dfbb84761b39c2df55f527fecbf415d75bdb19,1.0861019999770272,0.005014165498906884
weibull_softplus_unscaled,table9,external_development,0,-1,delphi_3e18_39bucket:85cf736312d9c54d30d33e799831eace88d4de508ed9795dc06bd89296394ffd,1.1378321192145293,0.011644959143622924
weibull_softplus_unscaled,table9,external_development,0,-1,delphi_3e18_39bucket:869e1d284e219525aaf5d7d275906629688a62da31308f8af724cf8e4e5d9f87,1.0756301056817916,0.005787846325788694
weibull_softplus_unscaled,table9,external_development,0,-1,delphi_3e18_39bucket:8742e8c2e0296f55b1c137dd55f16cb74ac4383a6910e9d287ebe64de86fef97,1.0054418962806408,0.008809944505969579
weibull_softplus_unscaled,table9,external_development,0,-1,delphi_3e18_39bucket:8764bd229418c70dbbe599973cafc92f4d5c6b32008b9660f4dc1c2b9ea05ee6,1.0543794581849832,0.0062964175873099545
weibull_softplus_unscaled,table9,external_development,0,-1,delphi_3e18_39bucket:87837653d9cdc600c37c55a28dbdbbafffdc6e81c912de2423ff4dd6118f5f0a,1.1913003690754236,0.009770215390829989
weibull_softplus_unscaled,table9,external_development,0,-1,delphi_3e18_39bucket:888cfaf89d4295f594e70e228c529e053cfd95543a8db5dfe5873174591305d6,1.061941361658299,0.006950588618127518
weibull_softplus_unscaled,table9,external_development,0,-1,delphi_3e18_39bucket:88da80acdbb077326baf06c1ee5ed44df4ccf2d1c95d0225144a1ef721799941,1.1913315498375803,0.009669626011363796
weibull_softplus_unscaled,table9,external_development,0,-1,delphi_3e18_39bucket:8a5e02daa1e8fdf2a742a34c43f9a70bb723cb9f61bc5fcfe9694679bdaca30e,1.1901821232129117,0.00988564756500784
weibull_softplus_unscaled,table9,external_development,0,-1,delphi_3e18_39bucket:8b6fc2228a641c15336b0a2f6243168c75a92ef85a25feac87bdbcb80fa0ce3e,1.0844918240411487,0.005093027025634555
weibull_softplus_unscaled,table9,external_development,0,-1,delphi_3e18_39bucket:8c377f234db2429719cde7dad4993aee8d5ba1a1b9fc4bb1edecd7ce3c71c7ba,1.1945758176175043,0.009565490929342675
weibull_softplus_unscaled,table9,external_development,0,-1,delphi_3e18_39bucket:8d8d29d13a22ae384d9c1d2602fbdc405a2944615cac1839a8fed0a4f1cf92cd,1.0510170418564937,0.009500270906671836
weibull_softplus_unscaled,table9,external_development,0,-1,delphi_3e18_39bucket:8e07c6e265071fba3115ceab986006dd4518361d77cde815c233b3b70a3ffdc0,1.1877145845482555,0.009564811767146719
weibull_softplus_unscaled,table9,external_development,0,-1,delphi_3e18_39bucket:8ef412ceada2d7ce755116002b185f9a484e1bd67269fffa0bb96a36e49f1b57,1.0916029215632563,0.007231134763992285
weibull_softplus_unscaled,table9,external_development,0,-1,delphi_3e18_39bucket:8f9d336e61271fad2de609d91cff46986aa0a18d154f1bb47311d58529798e70,1.0352068103555752,0.007233053033848494
weibull_softplus_unscaled,table9,external_development,0,-1,delphi_3e18_39bucket:8fd1ba3a337f5601be326ee3fa5f02778374cd45763940f906a747ef581271a2,1.0848880021661045,0.008114702044250034
weibull_softplus_unscaled,table9,external_development,0,-1,delphi_3e18_39bucket:90dba2fc8d83436f4853eb165d137a40b833acc83db632ba583aa912e43b733d,1.014779668957957,0.007005161024252029
weibull_softplus_unscaled,table9,external_development,0,-1,delphi_3e18_39bucket:90f52ac0608eb5e98056e42a1f2c4baf179f331a5a38fab70ead512319850a58,1.0692931790424014,0.0029076709022448194
weibull_softplus_unscaled,table9,external_development,0,-1,delphi_3e18_39bucket:915788dcc658ef8459d4fe90196613e360eb9a4655570e26ccf506b5a28854fa,1.061993519027249,0.006684310210052518
weibull_softplus_unscaled,table9,external_development,0,-1,delphi_3e18_39bucket:937f2ad80bf81c490b47d4ffa2a834687d935ca5b8d1aac556126ed037de7674,1.2440306173557456,0.014851381230527956
weibull_softplus_unscaled,table9,external_development,0,-1,delphi_3e18_39bucket:9402f0aef28710392a371f6c2d00b98a0838d825536798d42069e950307c4c99,1.0858680904419196,0.005125542847901598
weibull_softplus_unscaled,table9,external_development,0,-1,delphi_3e18_39bucket:97a9a5ebb9cef7528b5a1da0e741881159e16d17debe1bae0a412102ad3ef173,1.0886091918165648,0.00525409729649929
weibull_softplus_unscaled,table9,external_development,0,-1,delphi_3e18_39bucket:99a1fe189ce40a2f048415cf2c9d05a5d0869a5118c2c936a4376cb325c23e68,1.0705944108341274,0.002880196373557592
weibull_softplus_unscaled,table9,external_development,0,-1,delphi_3e18_39bucket:9a343b0b93b0bad4f87152437bb40a403f7be5b9f572cfae5e7703e50bc7093a,1.2633989637231386,0.014181840712087246
weibull_softplus_unscaled,table9,external_development,0,-1,delphi_3e18_39bucket:9a66aeb4da20d6cb985f60b618c35fa92cb849c3995c7701c5b8b9785a935f95,1.1920137540682632,0.009549054826660658
weibull_softplus_unscaled,table9,external_development,0,-1,delphi_3e18_39bucket:9b478f9223e98b33f203281ad106af33651a711905e81c6425afe46d362783dd,1.06026637238966,0.007360279411568892
weibull_softplus_unscaled,table9,external_development,0,-1,delphi_3e18_39bucket:9cb37ee04e914fba68e7aa6ea382c6a5dcc2b405ec78b251b537abc8f70b15f2,1.2678020501829153,0.00994531057702735
weibull_softplus_unscaled,table9,external_development,0,-1,delphi_3e18_39bucket:9d67ecf7ca42caa8c17072acc340447c75d621fa7f6328d104f5c9aaeb7ec6e0,1.1222751001991926,0.006762242108370691
weibull_softplus_unscaled,table9,external_development,0,-1,delphi_3e18_39bucket:9dd4959b60a619086be7a961944fc3ecdd885a9e689014e9469cefc96b05d519,1.201644990243941,0.009985628130478267
weibull_softplus_unscaled,table9,external_development,0,-1,delphi_3e18_39bucket:9e9c69194eb0212d58b2cd82c37cfb3cd0425cc53145c90e62e8fdaa0146b72c,1.2363287318807217,0.011931739967738917
weibull_softplus_unscaled,table9,external_development,0,-1,delphi_3e18_39bucket:a06702de740002664665137e4b38e0b8da850b54fa2b60043b07648bc7865e0d,1.1951330973037568,0.009859819931088868
weibull_softplus_unscaled,table9,external_development,0,-1,delphi_3e18_39bucket:a112249e06f01c4b89fb7ab08cab57efeda282d92742f4cc252467705cf190b3,1.0815869878775528,0.006306804786236383
weibull_softplus_unscaled,table9,external_development,0,-1,delphi_3e18_39bucket:a1a917b1981fc2cad2c2759dccf963b51fb941fd9816c49087f7b119545d4161,1.0386994663578553,0.006243660513685151
weibull_softplus_unscaled,table9,external_development,0,-1,delphi_3e18_39bucket:a2e9ef04947000c42a5fce44f079afd6c9a82405871f0ae796e3a23c09bdcd60,1.1140616828858114,0.010049550955676428
weibull_softplus_unscaled,table9,external_development,0,-1,delphi_3e18_39bucket:a33494886bea818345f1c4e736142dd31e9b8963c77dda49d14b97936f38ad95,1.2086077097561554,0.015177746852253612
weibull_softplus_unscaled,table9,external_development,0,-1,delphi_3e18_39bucket:a446352f8ea28f09e4c49fbb12b233c435b553f9d70c492c7073b7bf49c30026,1.038844364945195,0.006489306273561791
weibull_softplus_unscaled,table9,external_development,0,-1,delphi_3e18_39bucket:a49233d8ca277189ab0cffa6075e2cba9b34d183388b505c02e9a17d70d7b1a8,1.1765908282712871,0.009188924382096326
weibull_softplus_unscaled,table9,external_development,0,-1,delphi_3e18_39bucket:a65d5c88e37d14e7e1c7bc24772a174122d7735d5bb9401952c2c43a9e52bcb0,1.192397100338115,0.009636715633030353
weibull_softplus_unscaled,table9,external_development,0,-1,delphi_3e18_39bucket:a6f8ee66180ee4f314eaefad2d4a4d32b2dca4cca30189c172ec69c8e429a20f,1.0053241189288031,0.009430981230098704
weibull_softplus_unscaled,table9,external_development,0,-1,delphi_3e18_39bucket:a9443e4734c22f757147884341c62ae38299464729f87ed9ebc619cf23b893a1,1.1914444988340984,0.009664199438186716
weibull_softplus_unscaled,table9,external_development,0,-1,delphi_3e18_39bucket:a9fad6c5f1a36df4b0cd5664cd0bb595654bf66783a68cba6267d2877016bdfc,1.093005086384968,0.005507976922923244
weibull_softplus_unscaled,table9,external_development,0,-1,delphi_3e18_39bucket:acf47cd01afab11ff0fcb7160374abce76a2944fe7a7540d228c251e9321640d,1.0283121610147856,0.006398282133605241
weibull_softplus_unscaled,table9,external_development,0,-1,delphi_3e18_39bucket:ad6cc7dabe4a5d5d4ba13920311e4ef81127a10801519d719266222379ae77b0,1.0534345017867828,0.005168920850098668
weibull_softplus_unscaled,table9,external_development,0,-1,delphi_3e18_39bucket:ae0dded03badca9af71c45d67446f487f2de6f1c7152b6c1a2d3ecada8a9d714,1.1905691010010893,0.00962534521003841
weibull_softplus_unscaled,table9,external_development,0,-1,delphi_3e18_39bucket:af23052e9bb0568d854252c7e9d912d01127effa106d2a440fdce6cbb8742532,1.0441462362805276,0.0063267905823287535
weibull_softplus_unscaled,table9,external_development,0,-1,delphi_3e18_39bucket:b0cb7fc00e70c87e1210c38349ab8e80c514b61f5bf14e6e4d3a1e054d88183c,1.0391350850372327,0.006489652371541393
weibull_softplus_unscaled,table9,external_development,0,-1,delphi_3e18_39bucket:b1168e54ae7e32586bd89eeaf38a318cd349cbd8750efb93612a79f756b5f1f7,1.1950871241861378,0.009472970410252156
weibull_softplus_unscaled,table9,external_development,0,-1,delphi_3e18_39bucket:b24484975c0fdb42bc7d421c371e91d35f685b6538fffc7050e857d97e5348ff,1.082542406154659,0.006426893160055185
weibull_softplus_unscaled,table9,external_development,0,-1,delphi_3e18_39bucket:b2e9ddb8f35e322ed0b092df87cdc78e620b2de7818b2a7c9891ff0e9a2b2203,1.1077268166764718,0.009167330084849773
weibull_softplus_unscaled,table9,external_development,0,-1,delphi_3e18_39bucket:b3c3cd22e3dae4f77235a1bb86fcf08ae715bc018b78109510794e1bfbbec0d2,1.0836984636311433,0.007167109999711305
weibull_softplus_unscaled,table9,external_development,0,-1,delphi_3e18_39bucket:b4019bdf109781eac2e9182593f4f84c5c51635d447918682e7ed12d25efdf1b,1.1936187544637225,0.009552318078205306
weibull_softplus_unscaled,table9,external_development,0,-1,delphi_3e18_39bucket:b4db7f9f5c435c1903537d5c944758a1e93d54c6a0fa3ddd19122f4e7b7298a0,1.041967563224432,0.0060116532908550385
weibull_softplus_unscaled,table9,external_development,0,-1,delphi_3e18_39bucket:b5ee1f40e4fe0358ac680a969cd93dfe1b00c483ee3b2d4ff4bc73bd6424437b,1.2624242171643083,0.014820712537869613
weibull_softplus_unscaled,table9,external_development,0,-1,delphi_3e18_39bucket:b6430b97f099d96863ae8ad7779c1bddc164c591ab12cc5ea266142e19a7cdfd,1.190761135663589,0.009820908891743524
weibull_softplus_unscaled,table9,external_development,0,-1,delphi_3e18_39bucket:b785f71525744bfa0a8934b482dd570356bebd37292a9b70af0b1a2cf45d9e69,1.0776279723243098,0.007746991940017381
weibull_softplus_unscaled,table9,external_development,0,-1,delphi_3e18_39bucket:b8bf59231f485a24fb35df8862c073595e1cb0cd30c999520e88797d047bfeda,1.1916493922199312,0.009814103514095493
weibull_softplus_unscaled,table9,external_development,0,-1,delphi_3e18_39bucket:b8c7bfd7161a0da8577d236f09c0ed25722a71943281d19f8b06065999e36ffd,1.1981687301870498,0.009731588177584473
weibull_softplus_unscaled,table9,external_development,0,-1,delphi_3e18_39bucket:bab1f73b1a1be66a924b70bb0fdb3a032f1ca3a1e246edb80c0f38d75143aed8,1.1919990955079658,0.009736018204389874
weibull_softplus_unscaled,table9,external_development,0,-1,delphi_3e18_39bucket:bd84fea18d97e337ca86db382439fe7990518cd6d78bfa8837b2e317c2bcd4ae,1.1902726054643038,0.009816317313305513
weibull_softplus_unscaled,table9,external_development,0,-1,delphi_3e18_39bucket:bf919587f3da29d0e32d10ac8a4e6f6c80f5a696953a34e5d9856c2fce2ce46b,1.1926713329699323,0.009845144222581212
weibull_softplus_unscaled,table9,external_development,0,-1,delphi_3e18_39bucket:c00c0d5d9f7b8d4f9d4a1f2f6845f4dd0f7effdd60e8da9e988daf574adff818,1.1128854409087952,0.013955169869377016
weibull_softplus_unscaled,table9,external_development,0,-1,delphi_3e18_39bucket:c08749305f6303b7d46f8c9478053948d5c036a6450977e8de388609b95a2443,1.190927371873536,0.00974413552579433
weibull_softplus_unscaled,table9,external_development,0,-1,delphi_3e18_39bucket:c15c0a441754e3ca9b7ba442214315eb793714c1637ea6042915542863b4e52e,1.1908496115912242,0.009718821800603485
weibull_softplus_unscaled,table9,external_development,0,-1,delphi_3e18_39bucket:c404d7ca8f49357e32b5fe2d2331593e2c60a0fc7de1d05930f61c6534d6f758,1.1187485940132529,0.00782155848748601
weibull_softplus_unscaled,table9,external_development,0,-1,delphi_3e18_39bucket:c5ffa8e3d7c670e959036ab38016e0e17064fa12ac2fcba643c70b1ef25297b3,1.073608431537545,0.010146103668667921
weibull_softplus_unscaled,table9,external_development,0,-1,delphi_3e18_39bucket:c6601f428a7e18377f34fa8ee9b58bb6a20e42c3abcadc04e7e64aef3ca82f2a,1.1930013891263984,0.009651361593924747
weibull_softplus_unscaled,table9,external_development,0,-1,delphi_3e18_39bucket:c6cbc3ebaf486eecd75d04f449fdcc92c804765f512d2bceecde5c1aaa30dd39,1.110946785828437,0.007646850382561779
weibull_softplus_unscaled,table9,external_development,0,-1,delphi_3e18_39bucket:c721e392dcf2947fea2da8fcf1ef91d058c717ffb8e74e8402734e31f22578fc,1.251728501149696,0.011375981986141155
weibull_softplus_unscaled,table9,external_development,0,-1,delphi_3e18_39bucket:c8a7abc202e6fa1b3d7cc9e00542979084efdddd63313db5c25669da85ad2b19,1.0450898739479895,0.005239138868661674
weibull_softplus_unscaled,table9,external_development,0,-1,delphi_3e18_39bucket:c8a7b68f3dd8d7d2600dc1e56fb8af9e5dcb176edc162738d4eaff7b540cd53b,1.064497872054715,0.009534855100398395
weibull_softplus_unscaled,table9,external_development,0,-1,delphi_3e18_39bucket:ca5106858b9b57cf944d35ebd150b6feca9287a4f1d0cc9d182be3e623f00fa6,1.0593885309635798,0.002611401019022142
weibull_softplus_unscaled,table9,external_development,0,-1,delphi_3e18_39bucket:cb32fd5b0fd8a23c495ee8d05996c1926f4be32607954211152e0db19572b8c9,1.0516589027678398,0.006266530607176728
weibull_softplus_unscaled,table9,external_development,0,-1,delphi_3e18_39bucket:cb466766fe3b5296e1b15a347ff4fd4692400efc5cce4a696639c2129805162a,1.109741111194972,0.0072418640308392224
weibull_softplus_unscaled,table9,external_development,0,-1,delphi_3e18_39bucket:cc2d283f3d5584275c7938fd4a0fadb9bbd9543dc9b5ae965f2d87df95c479ff,1.1276857221869745,0.008309829995534944
weibull_softplus_unscaled,table9,external_development,0,-1,delphi_3e18_39bucket:cce19bcdfb95a772d1f465a94498e69474d7f7235d46ab401d3d0543e73f9e3b,1.190877189645117,0.009756088740929128
weibull_softplus_unscaled,table9,external_development,0,-1,delphi_3e18_39bucket:cd1cd78d6325f56e5c761e7042369262a032ce78f12fc6d47e4ebf1ce0894339,1.076502906278519,0.008409503261413364
weibull_softplus_unscaled,table9,external_development,0,-1,delphi_3e18_39bucket:cd8eec34fcd41e0cd76c6ef4d520fa83d6c6b5a1828c92c8c556ba4c806a58e7,1.1294185550374993,0.006867418973285314
weibull_softplus_unscaled,table9,external_development,0,-1,delphi_3e18_39bucket:d097ba261d98ffe38b995691fc506821678d330c54b489b4d0e645e75c5e4e2e,1.018967000050427,0.008447859001232707
weibull_softplus_unscaled,table9,external_development,0,-1,delphi_3e18_39bucket:d0b59aacb13e8749a0d761af5008890d6865d701d8550e40a60ca86f2e67ccb2,1.0476058930675018,0.006152724223156288
weibull_softplus_unscaled,table9,external_development,0,-1,delphi_3e18_39bucket:d160bb3271ba96668590d3b3c7781ad51718216823831c921585a8f73ffc9cf7,1.2268224080197025,0.011698397400674175
weibull_softplus_unscaled,table9,external_development,0,-1,delphi_3e18_39bucket:d1926d64591176c8020bee54efe637a248f4f8f8bf927613049d062dccff4228,1.194586950042123,0.009662968249058821
weibull_softplus_unscaled,table9,external_development,0,-1,delphi_3e18_39bucket:d22385a3b372ad3742331c911e6df47b6459dcc8f7e6ce58cd5dfc1ca901a754,1.1950754732313604,0.00957496195823846
weibull_softplus_unscaled,table9,external_development,0,-1,delphi_3e18_39bucket:d2cb05198ef956cc89df9b6aee5c76ace3aa353ea2a7316011503bff3c873c17,1.1171843964634016,0.00622124242133692
weibull_softplus_unscaled,table9,external_development,0,-1,delphi_3e18_39bucket:d3a383c91e3c36378540e209e50999c8d005ae2b08fa6bcda7f383834b2d5dd7,1.081972679556023,0.0030809464349657112
weibull_softplus_unscaled,table9,external_development,0,-1,delphi_3e18_39bucket:d3b53955f30411b3c382fe4844d1526d3c14d09844153a940230c4beceeddb73,1.0690264680050485,0.006140392441628272
weibull_softplus_unscaled,table9,external_development,0,-1,delphi_3e18_39bucket:d3ffb3bd8e28eedb08376603e2c85cc3e83cc89ca533199775e943278e32c509,1.0349410961826409,0.008063013030033348
weibull_softplus_unscaled,table9,external_development,0,-1,delphi_3e18_39bucket:d6c7da8dacb3efe4cbd45ee0cdd899a5a606cc57be51472b188809093554e699,1.1910319822966238,0.009712647911437167
weibull_softplus_unscaled,table9,external_development,0,-1,delphi_3e18_39bucket:d6f6db3e0cc1a598f7eb00a7cdd40d78f821a9336eb0eaafc14da93a04575fc5,1.2189243961186027,0.01136607942268676
weibull_softplus_unscaled,table9,external_development,0,-1,delphi_3e18_39bucket:d82c377f5bda11f52b93db01e55fa25c844255cf016ad96b80cba7cc1e618d90,1.2008030339446674,0.009536225591379259
weibull_softplus_unscaled,table9,external_development,0,-1,delphi_3e18_39bucket:d87d478ea93a73fe0faec12048b20970bdefd41aa65888c79d1d35c24ec3556f,1.2054179965462994,0.010314886919329014
weibull_softplus_unscaled,table9,external_development,0,-1,delphi_3e18_39bucket:d941fe99995a0f675ffc09f1d7883ac2d032a87a00fdfc22e934c5e5ca0b3452,1.2171466564071165,0.008782279210769793
weibull_softplus_unscaled,table9,external_development,0,-1,delphi_3e18_39bucket:da68fd5e623c705387752f321a8116e319a7ae87670618ba096558effd2df550,1.0843416580143714,0.007106110207568774
weibull_softplus_unscaled,table9,external_development,0,-1,delphi_3e18_39bucket:dac1e0885f0941e15f72456af8f56424e1b8630c37344b54346219c98f5c5f0b,1.0530151935284644,0.00592315154537361
weibull_softplus_unscaled,table9,external_development,0,-1,delphi_3e18_39bucket:dc1f33b2668dfbb787d82df7f8e734431a829bbec2fbf8e9888d6eb582289a3d,1.036968018356513,0.008285492772914536
weibull_softplus_unscaled,table9,external_development,0,-1,delphi_3e18_39bucket:de0e4fef934b64c948d7c068f622295aabe99cb83c95ee0ad68b73c366c57402,1.1254177600788804,0.006544438114624863
weibull_softplus_unscaled,table9,external_development,0,-1,delphi_3e18_39bucket:e0965c961694035e43a1da45a771f8e07c074674ecad18c76460f7ac0eef2137,1.1318996334044396,0.00836896340885801
weibull_softplus_unscaled,table9,external_development,0,-1,delphi_3e18_39bucket:e0a4d646094bff9aad92ca04cd9c5ca30c296001c0b7d65c3c20a1df0bd8ef08,1.2041457472023658,0.010212728610482481
weibull_softplus_unscaled,table9,external_development,0,-1,delphi_3e18_39bucket:e283e505de0059b81a2b58a66a9af312bc1f3c7a7440e50c3fdcb3ff8213a34f,1.220992843828718,0.009608411219782115
weibull_softplus_unscaled,table9,external_development,0,-1,delphi_3e18_39bucket:e29801c3f5ba907bd5cc224343efa34e4693142ccec5ad71fd943c60b2b3a689,1.1842221920796543,0.009439097181923296
weibull_softplus_unscaled,table9,external_development,0,-1,delphi_3e18_39bucket:e371bb5a7b5ad1a86dec663c9450a27400d377093eb89ae1812af20716ad2945,1.0645476231388464,0.011058729478995106
weibull_softplus_unscaled,table9,external_development,0,-1,delphi_3e18_39bucket:e5053e4f4ef86036c3ebe93d055c63ec2da1a1a029cde76ea807a3890d0fd10c,1.0614903674602485,0.010128364762999938
weibull_softplus_unscaled,table9,external_development,0,-1,delphi_3e18_39bucket:e539e936365493312d15f1130d1c083871a779dc98689047fcb9d5ebd05191ce,1.090475702962916,0.0066612863878991865
weibull_softplus_unscaled,table9,external_development,0,-1,delphi_3e18_39bucket:e55f4d10b3aedd9111e412c962fa53c063269d47d4571a980ba950ed937266ad,1.1918748983867253,0.009755299549622396
weibull_softplus_unscaled,table9,external_development,0,-1,delphi_3e18_39bucket:e65243af3fc92306e4aa4ea80d2c3f7aa6058bba97560ecd10959066d8d64383,1.243792112039134,0.012384619202929088
weibull_softplus_unscaled,table9,external_development,0,-1,delphi_3e18_39bucket:e7d55ec7f15fc194cb4e857322dc1533eddb16463ccf163eabfcdd530a051d5e,1.0706116345154353,0.006343406134722356
weibull_softplus_unscaled,table9,external_development,0,-1,delphi_3e18_39bucket:e890ab2bc556a0858503bfe95cb5a9f21eb6c1c6dc14818358fbe0f1f321f9eb,1.1907955769549976,0.009788328895943808
weibull_softplus_unscaled,table9,external_development,0,-1,delphi_3e18_39bucket:e8cac18abed6dd3d662e4660ad3b431000e291340c4fe937b2937ad6a00fdb1c,1.1957605160371054,0.00982400429260405
weibull_softplus_unscaled,table9,external_development,0,-1,delphi_3e18_39bucket:e8df5e6e4d008b052d6e1ad64acc1fec9b2a47d27ba17bf21c0cd6d7b4b6cad5,1.035670619322432,0.008376120579355368
weibull_softplus_unscaled,table9,external_development,0,-1,delphi_3e18_39bucket:e8e86e247324e07114d17c3fe9b93415a22bc9d717bbeb492e8a949f59ffc574,1.20297210885828,0.009621767367289747
weibull_softplus_unscaled,table9,external_development,0,-1,delphi_3e18_39bucket:e94c007e41ca009494ae3d9ae036d21271d6bb27b49c3b9d77a9d9148a879241,1.1082742400144519,0.006372229757182923
weibull_softplus_unscaled,table9,external_development,0,-1,delphi_3e18_39bucket:e94c9cbd4ee682a9780bbcea3bf6df3497572253ed953eef164fa75ea4f66a2c,1.2334575314826746,0.012093713163651314
weibull_softplus_unscaled,table9,external_development,0,-1,delphi_3e18_39bucket:e9c1eda31f2f4a0c52041968162f0f0ce4999866274b5690e4e05fda24a4bc2d,1.0726604441243146,0.005098569434774927
weibull_softplus_unscaled,table9,external_development,0,-1,delphi_3e18_39bucket:ea37effb52c1862ed6fafb478558f7d891c703943be66cd2416bd5c491bf7f6b,1.0379236152701312,0.009004414178525676
weibull_softplus_unscaled,table9,external_development,0,-1,delphi_3e18_39bucket:ea6e21bef589c2d52505ca81bef558a5da03e4625174320ea8242417e2382d77,1.1861356764819049,0.009503082165995495
weibull_softplus_unscaled,table9,external_development,0,-1,delphi_3e18_39bucket:ec06eca900d6ea9ba81679ee6cca83871b018289aec1505cba76db1fc87b6802,1.2348650459292083,0.012262868670293917
weibull_softplus_unscaled,table9,external_development,0,-1,delphi_3e18_39bucket:ee02c34fe2e5760160a4803e862cb1c4a623ee45da4d9adfdaa5aa9483dc78e3,1.1952195391081486,0.009627740480545384
weibull_softplus_unscaled,table9,external_development,0,-1,delphi_3e18_39bucket:ef9f6cff6e4ea378dedecb72fceac0bdaad839d03f007c4afe577e29dbb99b4e,1.0746844314384838,0.005134111621569839
weibull_softplus_unscaled,table9,external_development,0,-1,delphi_3e18_39bucket:effc4e48644f5aac8669d7cfde80db853124d6263860d16ab4f3958b1ac4eeb5,1.136064124742847,0.007300702393694918
weibull_softplus_unscaled,table9,external_development,0,-1,delphi_3e18_39bucket:f232b9fe34f7b04ebbfe91eb3239213c0003a3e608e279780f47e6c545811bb3,1.195236422696206,0.009798820456823752
weibull_softplus_unscaled,table9,external_development,0,-1,delphi_3e18_39bucket:f387ec3241cb7be9b883e93ed53e1940f5fbf725f14ef13b1c76e1634c9e0704,1.2499310481596437,0.009836843038122892
weibull_softplus_unscaled,table9,external_development,0,-1,delphi_3e18_39bucket:f597d4a7586698fbbc1b854337589ff532c04fd4a54699ae6665043e95934555,1.0681154672750104,0.007411788217530039
weibull_softplus_unscaled,table9,external_development,0,-1,delphi_3e18_39bucket:f8a8e264e7f30fe85c514e532e5f6bce8d2037da8458a757b0383f7dbf072f25,1.1882970804887345,0.009553718407229525
weibull_softplus_unscaled,table9,external_development,0,-1,delphi_3e18_39bucket:f9bb0369b872fcb08e26e8d0629e52b1cb543956824511bc69a1d81d84b8e766,1.085653625642581,0.006824750266773576
weibull_softplus_unscaled,table9,external_development,0,-1,delphi_3e18_39bucket:f9e349b2e05d04e16162ae18c9cde10806824cee16faba2af2564f533559151d,1.1840190932891699,0.009459045940027866
weibull_softplus_unscaled,table9,external_development,0,-1,delphi_3e18_39bucket:f9e5fad6cd843eef1ec963c775019a7ed2d37fb9fc6d6458f98c8bb15b000248,1.223688599753342,0.011682441460678936
weibull_softplus_unscaled,table9,external_development,0,-1,delphi_3e18_39bucket:fa0294460f0573041da6b1435affe244e46d5459cf24f4d451fa7776c77261f6,1.0691179997157825,0.004947170006294547
weibull_softplus_unscaled,table9,external_development,0,-1,delphi_3e18_39bucket:fafbc2ba18f1c7971ddf8e7eff5f92f1b11469cf1d80181209696d8655812553,1.2029223385188859,0.010141900634860937
weibull_softplus_unscaled,table9,external_development,0,-1,delphi_3e18_39bucket:fb8cb11729c2b4e023d88d084293e65ec1f03e521aada50a0bde80863e530aa8,1.1156159828873422,0.00669069945191708
weibull_softplus_unscaled,table9,external_development,0,-1,delphi_3e18_39bucket:fd1878ded789f2edc41ab9255de95e0c7d881b315872d556b913e69f7cf031fc,1.0464671953527822,0.006662526096317544
weibull_softplus_unscaled,table9,external_development,0,-1,delphi_3e18_39bucket:ff65381e6c6fa2fd41b3444cc7dae32b0a07f1eaf50d99b9dc409da261b0a1ac,1.2166964060349625,0.009342170354755668
weibull_softplus_unscaled@kappa_floor_link_flat15,table9,panel_oof,0,0,7,1.2362084398094875,
weibull_softplus_unscaled@kappa_floor_link_flat15,table9,panel_oof,0,0,8,1.3699041314034446,
weibull_softplus_unscaled@kappa_floor_link_flat15,table9,panel_oof,0,0,25,1.3044010549709772,
weibull_softplus_unscaled@kappa_floor_link_flat15,table9,panel_oof,0,0,35,1.2154050547080653,
weibull_softplus_unscaled@kappa_floor_link_flat15,table9,panel_oof,0,0,51,1.2497958167024048,
weibull_softplus_unscaled@kappa_floor_link_flat15,table9,panel_oof,0,0,56,1.1715013206058034,
weibull_softplus_unscaled@kappa_floor_link_flat15,table9,panel_oof,0,0,69,1.2422477799573037,
weibull_softplus_unscaled@kappa_floor_link_flat15,table9,panel_oof,0,0,81,1.1775118563591862,
weibull_softplus_unscaled@kappa_floor_link_flat15,table9,panel_oof,0,0,86,1.2099661130989885,
weibull_softplus_unscaled@kappa_floor_link_flat15,table9,panel_oof,0,0,99,1.2442602212044247,
weibull_softplus_unscaled@kappa_floor_link_flat15,table9,panel_oof,0,0,100,1.233679834458072,
weibull_softplus_unscaled@kappa_floor_link_flat15,table9,panel_oof,0,0,106,1.3071804673272518,
weibull_softplus_unscaled@kappa_floor_link_flat15,table9,panel_oof,0,0,107,1.2931837482135755,
weibull_softplus_unscaled@kappa_floor_link_flat15,table9,panel_oof,0,0,126,1.210246851417463,
weibull_softplus_unscaled@kappa_floor_link_flat15,table9,panel_oof,0,0,136,1.306305083286592,
weibull_softplus_unscaled@kappa_floor_link_flat15,table9,panel_oof,0,0,137,1.2061890589422777,
weibull_softplus_unscaled@kappa_floor_link_flat15,table9,panel_oof,0,0,140,1.1980040584839668,
weibull_softplus_unscaled@kappa_floor_link_flat15,table9,panel_oof,0,0,141,1.204717046168441,
weibull_softplus_unscaled@kappa_floor_link_flat15,table9,panel_oof,0,0,142,1.2307762364959018,
weibull_softplus_unscaled@kappa_floor_link_flat15,table9,panel_oof,0,0,145,1.2038240192534886,
weibull_softplus_unscaled@kappa_floor_link_flat15,table9,panel_oof,0,0,147,1.2397165735296642,
weibull_softplus_unscaled@kappa_floor_link_flat15,table9,panel_oof,0,0,163,1.2079128902386522,
weibull_softplus_unscaled@kappa_floor_link_flat15,table9,panel_oof,0,0,165,1.216785779286241,
weibull_softplus_unscaled@kappa_floor_link_flat15,table9,panel_oof,0,0,169,1.3138053271065053,
weibull_softplus_unscaled@kappa_floor_link_flat15,table9,panel_oof,0,0,171,1.29960519662396,
weibull_softplus_unscaled@kappa_floor_link_flat15,table9,panel_oof,0,0,187,1.3190181254702174,
weibull_softplus_unscaled@kappa_floor_link_flat15,table9,panel_oof,0,0,188,1.2004488696243174,
weibull_softplus_unscaled@kappa_floor_link_flat15,table9,panel_oof,0,0,191,1.2305742067606396,
weibull_softplus_unscaled@kappa_floor_link_flat15,table9,panel_oof,0,0,195,1.194740709031378,
weibull_softplus_unscaled@kappa_floor_link_flat15,table9,panel_oof,0,0,197,1.2181605371066784,
weibull_softplus_unscaled@kappa_floor_link_flat15,table9,panel_oof,0,0,200,1.1656629430024237,
weibull_softplus_unscaled@kappa_floor_link_flat15,table9,panel_oof,0,0,208,1.236813017923149,
weibull_softplus_unscaled@kappa_floor_link_flat15,table9,panel_oof,0,0,209,1.209014617176165,
weibull_softplus_unscaled@kappa_floor_link_flat15,table9,panel_oof,0,0,210,1.2545992749456758,
weibull_softplus_unscaled@kappa_floor_link_flat15,table9,panel_oof,0,0,217,1.235649433318416,
weibull_softplus_unscaled@kappa_floor_link_flat15,table9,panel_oof,0,0,219,1.2542254316667663,
weibull_softplus_unscaled@kappa_floor_link_flat15,table9,panel_oof,0,0,220,1.2021060265724417,
weibull_softplus_unscaled@kappa_floor_link_flat15,table9,panel_oof,0,0,223,1.1748280158565994,
weibull_softplus_unscaled@kappa_floor_link_flat15,table9,panel_oof,0,0,233,1.181969449959789,
weibull_softplus_unscaled@kappa_floor_link_flat15,table9,panel_oof,0,0,237,1.2177089040044609,
weibull_softplus_unscaled@kappa_floor_link_flat15,table9,panel_oof,0,1,1,1.156499283789151,
weibull_softplus_unscaled@kappa_floor_link_flat15,table9,panel_oof,0,1,241,1.1846030175491102,
weibull_softplus_unscaled@kappa_floor_link_flat15,table9,panel_oof,0,1,242,1.1854470148952605,
weibull_softplus_unscaled@kappa_floor_link_flat15,table9,panel_oof,0,1,243,1.18347516204234,
weibull_softplus_unscaled@kappa_floor_link_flat15,table9,panel_oof,0,1,244,1.1878307697527295,
weibull_softplus_unscaled@kappa_floor_link_flat15,table9,panel_oof,0,1,245,1.1839664962402296,
weibull_softplus_unscaled@kappa_floor_link_flat15,table9,panel_oof,0,1,246,1.183993785684998,
weibull_softplus_unscaled@kappa_floor_link_flat15,table9,panel_oof,0,1,247,1.1852674740937796,
weibull_softplus_unscaled@kappa_floor_link_flat15,table9,panel_oof,0,1,248,1.1864499081928863,
weibull_softplus_unscaled@kappa_floor_link_flat15,table9,panel_oof,0,1,249,1.1794131614902055,
weibull_softplus_unscaled@kappa_floor_link_flat15,table9,panel_oof,0,1,250,1.1856733029621578,
weibull_softplus_unscaled@kappa_floor_link_flat15,table9,panel_oof,0,1,251,1.1777611282570524,
weibull_softplus_unscaled@kappa_floor_link_flat15,table9,panel_oof,0,1,252,1.1830511225052671,
weibull_softplus_unscaled@kappa_floor_link_flat15,table9,panel_oof,0,1,253,1.186073516708762,
weibull_softplus_unscaled@kappa_floor_link_flat15,table9,panel_oof,0,1,254,1.186838168654988,
weibull_softplus_unscaled@kappa_floor_link_flat15,table9,panel_oof,0,1,255,1.1852266764214727,
weibull_softplus_unscaled@kappa_floor_link_flat15,table9,panel_oof,0,1,256,1.18564765682595,
weibull_softplus_unscaled@kappa_floor_link_flat15,table9,panel_oof,0,1,257,1.180485014931092,
weibull_softplus_unscaled@kappa_floor_link_flat15,table9,panel_oof,0,1,258,1.1850338971531216,
weibull_softplus_unscaled@kappa_floor_link_flat15,table9,panel_oof,0,1,259,1.1886704850093324,
weibull_softplus_unscaled@kappa_floor_link_flat15,table9,panel_oof,0,1,260,1.1856147759357034,
weibull_softplus_unscaled@kappa_floor_link_flat15,table9,panel_oof,0,1,261,1.1856707740582726,
weibull_softplus_unscaled@kappa_floor_link_flat15,table9,panel_oof,0,1,262,1.1900218826155367,
weibull_softplus_unscaled@kappa_floor_link_flat15,table9,panel_oof,0,1,263,1.188863189621702,
weibull_softplus_unscaled@kappa_floor_link_flat15,table9,panel_oof,0,1,264,1.1883714037953959,
weibull_softplus_unscaled@kappa_floor_link_flat15,table9,panel_oof,0,1,265,1.187358666425661,
weibull_softplus_unscaled@kappa_floor_link_flat15,table9,panel_oof,0,1,266,1.1876083973750993,
weibull_softplus_unscaled@kappa_floor_link_flat15,table9,panel_oof,0,1,267,1.2320186478726203,
weibull_softplus_unscaled@kappa_floor_link_flat15,table9,panel_oof,0,1,268,1.1894708612182328,
weibull_softplus_unscaled@kappa_floor_link_flat15,table9,panel_oof,0,1,269,1.1981683957493807,
weibull_softplus_unscaled@kappa_floor_link_flat15,table9,panel_oof,0,1,270,1.1857148967089448,
weibull_softplus_unscaled@kappa_floor_link_flat15,table9,panel_oof,0,1,271,1.1676039330017502,
weibull_softplus_unscaled@kappa_floor_link_flat15,table9,panel_oof,0,1,272,1.1867738700746349,
weibull_softplus_unscaled@kappa_floor_link_flat15,table9,panel_oof,0,1,273,1.2277968184434336,
weibull_softplus_unscaled@kappa_floor_link_flat15,table9,panel_oof,0,1,274,1.1858493623591557,
weibull_softplus_unscaled@kappa_floor_link_flat15,table9,panel_oof,0,1,275,1.1935362122270874,
weibull_softplus_unscaled@kappa_floor_link_flat15,table9,panel_oof,0,1,276,1.193403066689334,
weibull_softplus_unscaled@kappa_floor_link_flat15,table9,panel_oof,0,1,277,1.1968905543341273,
weibull_softplus_unscaled@kappa_floor_link_flat15,table9,panel_oof,0,1,278,1.2029967819454979,
weibull_softplus_unscaled@kappa_floor_link_flat15,table9,panel_oof,0,1,279,1.196225068590512,
weibull_softplus_unscaled@kappa_floor_link_flat15,table9,panel_oof,0,2,3,1.2190161847084353,
weibull_softplus_unscaled@kappa_floor_link_flat15,table9,panel_oof,0,2,5,1.4451638074141142,
weibull_softplus_unscaled@kappa_floor_link_flat15,table9,panel_oof,0,2,6,1.2675618724591557,
weibull_softplus_unscaled@kappa_floor_link_flat15,table9,panel_oof,0,2,10,1.282701019781567,
weibull_softplus_unscaled@kappa_floor_link_flat15,table9,panel_oof,0,2,15,1.248737969614737,
weibull_softplus_unscaled@kappa_floor_link_flat15,table9,panel_oof,0,2,20,1.2829434680872112,
weibull_softplus_unscaled@kappa_floor_link_flat15,table9,panel_oof,0,2,26,1.2121727114556342,
weibull_softplus_unscaled@kappa_floor_link_flat15,table9,panel_oof,0,2,29,1.2404746380616973,
weibull_softplus_unscaled@kappa_floor_link_flat15,table9,panel_oof,0,2,30,1.2094604102183864,
weibull_softplus_unscaled@kappa_floor_link_flat15,table9,panel_oof,0,2,34,1.1684250797650637,
weibull_softplus_unscaled@kappa_floor_link_flat15,table9,panel_oof,0,2,39,1.248971445697425,
weibull_softplus_unscaled@kappa_floor_link_flat15,table9,panel_oof,0,2,41,1.2589397557354811,
weibull_softplus_unscaled@kappa_floor_link_flat15,table9,panel_oof,0,2,46,1.2360631693167337,
weibull_softplus_unscaled@kappa_floor_link_flat15,table9,panel_oof,0,2,48,1.1946978648099482,
weibull_softplus_unscaled@kappa_floor_link_flat15,table9,panel_oof,0,2,57,1.2727522268157023,
weibull_softplus_unscaled@kappa_floor_link_flat15,table9,panel_oof,0,2,62,1.2251524782616845,
weibull_softplus_unscaled@kappa_floor_link_flat15,table9,panel_oof,0,2,65,1.2382092994278198,
weibull_softplus_unscaled@kappa_floor_link_flat15,table9,panel_oof,0,2,68,1.2365817241303545,
weibull_softplus_unscaled@kappa_floor_link_flat15,table9,panel_oof,0,2,73,1.2148013098513064,
weibull_softplus_unscaled@kappa_floor_link_flat15,table9,panel_oof,0,2,79,1.2301787160230986,
weibull_softplus_unscaled@kappa_floor_link_flat15,table9,panel_oof,0,2,83,1.1707724017396814,
weibull_softplus_unscaled@kappa_floor_link_flat15,table9,panel_oof,0,2,84,1.23321042291892,
weibull_softplus_unscaled@kappa_floor_link_flat15,table9,panel_oof,0,2,87,1.3281023280308697,
weibull_softplus_unscaled@kappa_floor_link_flat15,table9,panel_oof,0,2,90,1.2100217144467602,
weibull_softplus_unscaled@kappa_floor_link_flat15,table9,panel_oof,0,2,91,1.2786697923663533,
weibull_softplus_unscaled@kappa_floor_link_flat15,table9,panel_oof,0,2,98,1.1739254683513471,
weibull_softplus_unscaled@kappa_floor_link_flat15,table9,panel_oof,0,2,101,1.207306453062252,
weibull_softplus_unscaled@kappa_floor_link_flat15,table9,panel_oof,0,2,105,1.2128441703662607,
weibull_softplus_unscaled@kappa_floor_link_flat15,table9,panel_oof,0,2,109,1.256223068216614,
weibull_softplus_unscaled@kappa_floor_link_flat15,table9,panel_oof,0,2,112,1.2042896074454834,
weibull_softplus_unscaled@kappa_floor_link_flat15,table9,panel_oof,0,2,113,1.3079885431403953,
weibull_softplus_unscaled@kappa_floor_link_flat15,table9,panel_oof,0,2,115,1.214117518893389,
weibull_softplus_unscaled@kappa_floor_link_flat15,table9,panel_oof,0,2,116,1.256510931127381,
weibull_softplus_unscaled@kappa_floor_link_flat15,table9,panel_oof,0,2,119,1.2116840843279681,
weibull_softplus_unscaled@kappa_floor_link_flat15,table9,panel_oof,0,2,122,1.2072895460482984,
weibull_softplus_unscaled@kappa_floor_link_flat15,table9,panel_oof,0,2,123,1.2001733499100407,
weibull_softplus_unscaled@kappa_floor_link_flat15,table9,panel_oof,0,2,124,1.2267130152832741,
weibull_softplus_unscaled@kappa_floor_link_flat15,table9,panel_oof,0,2,133,1.2712455135811367,
weibull_softplus_unscaled@kappa_floor_link_flat15,table9,panel_oof,0,2,134,1.2024703325932444,
weibull_softplus_unscaled@kappa_floor_link_flat15,table9,panel_oof,0,2,135,1.2039113756518962,
weibull_softplus_unscaled@kappa_floor_link_flat15,table9,panel_oof,0,2,138,1.2158554687279906,
weibull_softplus_unscaled@kappa_floor_link_flat15,table9,panel_oof,0,2,144,1.2244624426242803,
weibull_softplus_unscaled@kappa_floor_link_flat15,table9,panel_oof,0,2,151,1.219417222184186,
weibull_softplus_unscaled@kappa_floor_link_flat15,table9,panel_oof,0,2,152,1.1914356000526265,
weibull_softplus_unscaled@kappa_floor_link_flat15,table9,panel_oof,0,2,154,1.2166633073293578,
weibull_softplus_unscaled@kappa_floor_link_flat15,table9,panel_oof,0,2,157,1.2813573843423804,
weibull_softplus_unscaled@kappa_floor_link_flat15,table9,panel_oof,0,2,158,1.2081432656463544,
weibull_softplus_unscaled@kappa_floor_link_flat15,table9,panel_oof,0,2,160,1.238125821564948,
weibull_softplus_unscaled@kappa_floor_link_flat15,table9,panel_oof,0,2,166,1.2411815941582107,
weibull_softplus_unscaled@kappa_floor_link_flat15,table9,panel_oof,0,2,172,1.1526947887721595,
weibull_softplus_unscaled@kappa_floor_link_flat15,table9,panel_oof,0,2,175,1.203332709495046,
weibull_softplus_unscaled@kappa_floor_link_flat15,table9,panel_oof,0,2,176,1.1949274830104752,
weibull_softplus_unscaled@kappa_floor_link_flat15,table9,panel_oof,0,2,182,1.245390435345802,
weibull_softplus_unscaled@kappa_floor_link_flat15,table9,panel_oof,0,2,183,1.2385256592290683,
weibull_softplus_unscaled@kappa_floor_link_flat15,table9,panel_oof,0,2,196,1.3108104831567324,
weibull_softplus_unscaled@kappa_floor_link_flat15,table9,panel_oof,0,2,198,1.2212143631408554,
weibull_softplus_unscaled@kappa_floor_link_flat15,table9,panel_oof,0,2,205,1.2011620183017222,
weibull_softplus_unscaled@kappa_floor_link_flat15,table9,panel_oof,0,2,211,1.253553249272359,
weibull_softplus_unscaled@kappa_floor_link_flat15,table9,panel_oof,0,2,213,1.1298677884983461,
weibull_softplus_unscaled@kappa_floor_link_flat15,table9,panel_oof,0,2,215,1.1645956307740393,
weibull_softplus_unscaled@kappa_floor_link_flat15,table9,panel_oof,0,2,222,1.196519947187494,
weibull_softplus_unscaled@kappa_floor_link_flat15,table9,panel_oof,0,2,224,1.337234616349198,
weibull_softplus_unscaled@kappa_floor_link_flat15,table9,panel_oof,0,2,226,1.2951702598766568,
weibull_softplus_unscaled@kappa_floor_link_flat15,table9,panel_oof,0,2,227,1.2322444857962433,
weibull_softplus_unscaled@kappa_floor_link_flat15,table9,panel_oof,0,2,229,1.1840508373205396,
weibull_softplus_unscaled@kappa_floor_link_flat15,table9,panel_oof,0,2,235,1.242229421597302,
weibull_softplus_unscaled@kappa_floor_link_flat15,table9,panel_oof,0,2,236,1.2145322555662332,
weibull_softplus_unscaled@kappa_floor_link_flat15,table9,panel_oof,0,2,238,1.2304431562160323,
weibull_softplus_unscaled@kappa_floor_link_flat15,table9,panel_oof,0,3,2,1.2634357275792025,
weibull_softplus_unscaled@kappa_floor_link_flat15,table9,panel_oof,0,3,4,1.2810922108229468,
weibull_softplus_unscaled@kappa_floor_link_flat15,table9,panel_oof,0,3,9,1.295672196106024,
weibull_softplus_unscaled@kappa_floor_link_flat15,table9,panel_oof,0,3,11,1.2408794819432396,
weibull_softplus_unscaled@kappa_floor_link_flat15,table9,panel_oof,0,3,12,1.281229881422235,
weibull_softplus_unscaled@kappa_floor_link_flat15,table9,panel_oof,0,3,13,1.2156665279077006,
weibull_softplus_unscaled@kappa_floor_link_flat15,table9,panel_oof,0,3,14,1.263438432178935,
weibull_softplus_unscaled@kappa_floor_link_flat15,table9,panel_oof,0,3,16,1.1965878245846988,
weibull_softplus_unscaled@kappa_floor_link_flat15,table9,panel_oof,0,3,17,1.2745212902758314,
weibull_softplus_unscaled@kappa_floor_link_flat15,table9,panel_oof,0,3,21,1.274070815880569,
weibull_softplus_unscaled@kappa_floor_link_flat15,table9,panel_oof,0,3,22,1.2076226093582962,
weibull_softplus_unscaled@kappa_floor_link_flat15,table9,panel_oof,0,3,23,1.277097360105461,
weibull_softplus_unscaled@kappa_floor_link_flat15,table9,panel_oof,0,3,24,1.1757284970441026,
weibull_softplus_unscaled@kappa_floor_link_flat15,table9,panel_oof,0,3,27,1.1940172060748608,
weibull_softplus_unscaled@kappa_floor_link_flat15,table9,panel_oof,0,3,32,1.2086492657823222,
weibull_softplus_unscaled@kappa_floor_link_flat15,table9,panel_oof,0,3,33,1.2727127040355548,
weibull_softplus_unscaled@kappa_floor_link_flat15,table9,panel_oof,0,3,36,1.221655328717957,
weibull_softplus_unscaled@kappa_floor_link_flat15,table9,panel_oof,0,3,37,1.2171892899809373,
weibull_softplus_unscaled@kappa_floor_link_flat15,table9,panel_oof,0,3,38,1.2341710149902334,
weibull_softplus_unscaled@kappa_floor_link_flat15,table9,panel_oof,0,3,40,1.206433669144841,
weibull_softplus_unscaled@kappa_floor_link_flat15,table9,panel_oof,0,3,43,1.252294988530588,
weibull_softplus_unscaled@kappa_floor_link_flat15,table9,panel_oof,0,3,44,1.2853236202698315,
weibull_softplus_unscaled@kappa_floor_link_flat15,table9,panel_oof,0,3,45,1.2615632237568661,
weibull_softplus_unscaled@kappa_floor_link_flat15,table9,panel_oof,0,3,49,1.2358606508130743,
weibull_softplus_unscaled@kappa_floor_link_flat15,table9,panel_oof,0,3,50,1.2747700826237103,
weibull_softplus_unscaled@kappa_floor_link_flat15,table9,panel_oof,0,3,52,1.2290378434100993,
weibull_softplus_unscaled@kappa_floor_link_flat15,table9,panel_oof,0,3,53,1.205910027008127,
weibull_softplus_unscaled@kappa_floor_link_flat15,table9,panel_oof,0,3,54,1.1784799865769342,
weibull_softplus_unscaled@kappa_floor_link_flat15,table9,panel_oof,0,3,55,1.1712671877682352,
weibull_softplus_unscaled@kappa_floor_link_flat15,table9,panel_oof,0,3,58,1.2688967197083998,
weibull_softplus_unscaled@kappa_floor_link_flat15,table9,panel_oof,0,3,59,1.204419631553568,
weibull_softplus_unscaled@kappa_floor_link_flat15,table9,panel_oof,0,3,61,1.2003263872804264,
weibull_softplus_unscaled@kappa_floor_link_flat15,table9,panel_oof,0,3,63,1.170049198964135,
weibull_softplus_unscaled@kappa_floor_link_flat15,table9,panel_oof,0,3,64,1.2635236885640442,
weibull_softplus_unscaled@kappa_floor_link_flat15,table9,panel_oof,0,3,66,1.223349411446863,
weibull_softplus_unscaled@kappa_floor_link_flat15,table9,panel_oof,0,3,67,1.2275370024967893,
weibull_softplus_unscaled@kappa_floor_link_flat15,table9,panel_oof,0,3,70,1.2608300319943277,
weibull_softplus_unscaled@kappa_floor_link_flat15,table9,panel_oof,0,3,71,1.2373055634093357,
weibull_softplus_unscaled@kappa_floor_link_flat15,table9,panel_oof,0,3,72,1.2334797510994373,
weibull_softplus_unscaled@kappa_floor_link_flat15,table9,panel_oof,0,3,74,1.189354956909198,
weibull_softplus_unscaled@kappa_floor_link_flat15,table9,panel_oof,0,3,75,1.2384009617371767,
weibull_softplus_unscaled@kappa_floor_link_flat15,table9,panel_oof,0,3,78,1.2422899039083812,
weibull_softplus_unscaled@kappa_floor_link_flat15,table9,panel_oof,0,3,85,1.2114328633006892,
weibull_softplus_unscaled@kappa_floor_link_flat15,table9,panel_oof,0,3,88,1.2807608632375862,
weibull_softplus_unscaled@kappa_floor_link_flat15,table9,panel_oof,0,3,89,1.2152340284921515,
weibull_softplus_unscaled@kappa_floor_link_flat15,table9,panel_oof,0,3,92,1.1856965270533464,
weibull_softplus_unscaled@kappa_floor_link_flat15,table9,panel_oof,0,3,93,1.205089225148468,
weibull_softplus_unscaled@kappa_floor_link_flat15,table9,panel_oof,0,3,94,1.189857794908146,
weibull_softplus_unscaled@kappa_floor_link_flat15,table9,panel_oof,0,3,95,1.2482312668059414,
weibull_softplus_unscaled@kappa_floor_link_flat15,table9,panel_oof,0,3,96,1.223822664857134,
weibull_softplus_unscaled@kappa_floor_link_flat15,table9,panel_oof,0,3,97,1.1901957635507125,
weibull_softplus_unscaled@kappa_floor_link_flat15,table9,panel_oof,0,3,102,1.2265376909233003,
weibull_softplus_unscaled@kappa_floor_link_flat15,table9,panel_oof,0,3,108,1.2638743998914692,
weibull_softplus_unscaled@kappa_floor_link_flat15,table9,panel_oof,0,3,110,1.2314958932970295,
weibull_softplus_unscaled@kappa_floor_link_flat15,table9,panel_oof,0,3,111,1.2492447398807611,
weibull_softplus_unscaled@kappa_floor_link_flat15,table9,panel_oof,0,3,117,1.3240639163569896,
weibull_softplus_unscaled@kappa_floor_link_flat15,table9,panel_oof,0,3,120,1.2086481407726803,
weibull_softplus_unscaled@kappa_floor_link_flat15,table9,panel_oof,0,3,121,1.2027946406551406,
weibull_softplus_unscaled@kappa_floor_link_flat15,table9,panel_oof,0,3,127,1.1885113323325063,
weibull_softplus_unscaled@kappa_floor_link_flat15,table9,panel_oof,0,3,128,1.2144317294957885,
weibull_softplus_unscaled@kappa_floor_link_flat15,table9,panel_oof,0,3,129,1.1994591485167827,
weibull_softplus_unscaled@kappa_floor_link_flat15,table9,panel_oof,0,3,130,1.2202070328309564,
weibull_softplus_unscaled@kappa_floor_link_flat15,table9,panel_oof,0,3,132,1.309873746217102,
weibull_softplus_unscaled@kappa_floor_link_flat15,table9,panel_oof,0,3,139,1.237034242896487,
weibull_softplus_unscaled@kappa_floor_link_flat15,table9,panel_oof,0,3,143,1.242609774639865,
weibull_softplus_unscaled@kappa_floor_link_flat15,table9,panel_oof,0,3,146,1.278977604556958,
weibull_softplus_unscaled@kappa_floor_link_flat15,table9,panel_oof,0,3,148,1.2097286839543138,
weibull_softplus_unscaled@kappa_floor_link_flat15,table9,panel_oof,0,3,149,1.296047733010591,
weibull_softplus_unscaled@kappa_floor_link_flat15,table9,panel_oof,0,3,150,1.2521063019101653,
weibull_softplus_unscaled@kappa_floor_link_flat15,table9,panel_oof,0,3,153,1.241474791441106,
weibull_softplus_unscaled@kappa_floor_link_flat15,table9,panel_oof,0,3,156,1.188398172550226,
weibull_softplus_unscaled@kappa_floor_link_flat15,table9,panel_oof,0,3,159,1.2460665008035503,
weibull_softplus_unscaled@kappa_floor_link_flat15,table9,panel_oof,0,3,161,1.3408370509956167,
weibull_softplus_unscaled@kappa_floor_link_flat15,table9,panel_oof,0,3,164,1.1898748588247923,
weibull_softplus_unscaled@kappa_floor_link_flat15,table9,panel_oof,0,3,167,1.2200809543202755,
weibull_softplus_unscaled@kappa_floor_link_flat15,table9,panel_oof,0,3,170,1.202224035293788,
weibull_softplus_unscaled@kappa_floor_link_flat15,table9,panel_oof,0,3,173,1.2210278333670346,
weibull_softplus_unscaled@kappa_floor_link_flat15,table9,panel_oof,0,3,174,1.2225686003383347,
weibull_softplus_unscaled@kappa_floor_link_flat15,table9,panel_oof,0,3,177,1.2220066988996128,
weibull_softplus_unscaled@kappa_floor_link_flat15,table9,panel_oof,0,3,180,1.2214446259011975,
weibull_softplus_unscaled@kappa_floor_link_flat15,table9,panel_oof,0,3,181,1.2567883837290514,
weibull_softplus_unscaled@kappa_floor_link_flat15,table9,panel_oof,0,3,184,1.1829322929267714,
weibull_softplus_unscaled@kappa_floor_link_flat15,table9,panel_oof,0,3,185,1.2260688990102546,
weibull_softplus_unscaled@kappa_floor_link_flat15,table9,panel_oof,0,3,189,1.2332072124539817,
weibull_softplus_unscaled@kappa_floor_link_flat15,table9,panel_oof,0,3,190,1.2248822541966748,
weibull_softplus_unscaled@kappa_floor_link_flat15,table9,panel_oof,0,3,192,1.1829496925196659,
weibull_softplus_unscaled@kappa_floor_link_flat15,table9,panel_oof,0,3,194,1.2174314451592259,
weibull_softplus_unscaled@kappa_floor_link_flat15,table9,panel_oof,0,3,201,1.1423075546132466,
weibull_softplus_unscaled@kappa_floor_link_flat15,table9,panel_oof,0,3,203,1.2070368614168228,
weibull_softplus_unscaled@kappa_floor_link_flat15,table9,panel_oof,0,3,204,1.2271219011889856,
weibull_softplus_unscaled@kappa_floor_link_flat15,table9,panel_oof,0,3,206,1.1814239620206552,
weibull_softplus_unscaled@kappa_floor_link_flat15,table9,panel_oof,0,3,214,1.2284408851765347,
weibull_softplus_unscaled@kappa_floor_link_flat15,table9,panel_oof,0,3,218,1.1565924821606732,
weibull_softplus_unscaled@kappa_floor_link_flat15,table9,panel_oof,0,3,225,1.264875531462125,
weibull_softplus_unscaled@kappa_floor_link_flat15,table9,panel_oof,0,3,228,1.2119925428417884,
weibull_softplus_unscaled@kappa_floor_link_flat15,table9,panel_oof,0,3,232,1.2188376457850199,
weibull_softplus_unscaled@kappa_floor_link_flat15,table9,panel_oof,0,3,234,1.2233082854304147,
weibull_softplus_unscaled@kappa_floor_link_flat15,table9,panel_oof,0,3,240,1.1533124310998035,
weibull_softplus_unscaled@kappa_floor_link_flat15,table9,panel_oof,0,4,18,1.2186331458736834,
weibull_softplus_unscaled@kappa_floor_link_flat15,table9,panel_oof,0,4,19,1.2485275029882148,
weibull_softplus_unscaled@kappa_floor_link_flat15,table9,panel_oof,0,4,28,1.2516652449376116,
weibull_softplus_unscaled@kappa_floor_link_flat15,table9,panel_oof,0,4,31,1.1900028161999232,
weibull_softplus_unscaled@kappa_floor_link_flat15,table9,panel_oof,0,4,42,1.1953696011794053,
weibull_softplus_unscaled@kappa_floor_link_flat15,table9,panel_oof,0,4,47,1.19774562513795,
weibull_softplus_unscaled@kappa_floor_link_flat15,table9,panel_oof,0,4,60,1.1999294498352218,
weibull_softplus_unscaled@kappa_floor_link_flat15,table9,panel_oof,0,4,76,1.2811845674627438,
weibull_softplus_unscaled@kappa_floor_link_flat15,table9,panel_oof,0,4,77,1.238523311720767,
weibull_softplus_unscaled@kappa_floor_link_flat15,table9,panel_oof,0,4,80,1.256704046644172,
weibull_softplus_unscaled@kappa_floor_link_flat15,table9,panel_oof,0,4,82,1.2021122001514146,
weibull_softplus_unscaled@kappa_floor_link_flat15,table9,panel_oof,0,4,103,1.2429884611554243,
weibull_softplus_unscaled@kappa_floor_link_flat15,table9,panel_oof,0,4,104,1.2478407366821211,
weibull_softplus_unscaled@kappa_floor_link_flat15,table9,panel_oof,0,4,114,1.2290041697540568,
weibull_softplus_unscaled@kappa_floor_link_flat15,table9,panel_oof,0,4,118,1.1975048727962383,
weibull_softplus_unscaled@kappa_floor_link_flat15,table9,panel_oof,0,4,125,1.1194767602996487,
weibull_softplus_unscaled@kappa_floor_link_flat15,table9,panel_oof,0,4,131,1.1886360066550272,
weibull_softplus_unscaled@kappa_floor_link_flat15,table9,panel_oof,0,4,155,1.1759738827824737,
weibull_softplus_unscaled@kappa_floor_link_flat15,table9,panel_oof,0,4,162,1.2234364233793649,
weibull_softplus_unscaled@kappa_floor_link_flat15,table9,panel_oof,0,4,168,1.146040884049011,
weibull_softplus_unscaled@kappa_floor_link_flat15,table9,panel_oof,0,4,178,1.1399007947619442,
weibull_softplus_unscaled@kappa_floor_link_flat15,table9,panel_oof,0,4,179,1.2479915826785501,
weibull_softplus_unscaled@kappa_floor_link_flat15,table9,panel_oof,0,4,186,1.1848468160481156,
weibull_softplus_unscaled@kappa_floor_link_flat15,table9,panel_oof,0,4,193,1.2168626198356827,
weibull_softplus_unscaled@kappa_floor_link_flat15,table9,panel_oof,0,4,199,1.1905569327355154,
weibull_softplus_unscaled@kappa_floor_link_flat15,table9,panel_oof,0,4,202,1.2077941083893102,
weibull_softplus_unscaled@kappa_floor_link_flat15,table9,panel_oof,0,4,207,1.2480270873831727,
weibull_softplus_unscaled@kappa_floor_link_flat15,table9,panel_oof,0,4,212,1.1958897740499268,
weibull_softplus_unscaled@kappa_floor_link_flat15,table9,panel_oof,0,4,216,1.220137171913537,
weibull_softplus_unscaled@kappa_floor_link_flat15,table9,panel_oof,0,4,221,1.1929733898617187,
weibull_softplus_unscaled@kappa_floor_link_flat15,table9,panel_oof,0,4,230,1.191356535412072,
weibull_softplus_unscaled@kappa_floor_link_flat15,table9,panel_oof,0,4,231,1.199630863111493,
weibull_softplus_unscaled@kappa_floor_link_flat15,table9,panel_oof,0,4,239,1.2155701415920996,
weibull_softplus_unscaled@kappa_floor_link_flat15,table9,external_development,0,-1,delphi_3e18_39bucket:0066da643d35e694a311d26516399114a1c69adba1f7795b773b704d93c0e945,1.2206464552262872,0.003780950042712516
weibull_softplus_unscaled@kappa_floor_link_flat15,table9,external_development,0,-1,delphi_3e18_39bucket:015ce47db7b4ac2a312c1dfa614d699adb8526230f5a7355c112e4e546f4bb96,1.1928702865869982,0.0035410272549120923
weibull_softplus_unscaled@kappa_floor_link_flat15,table9,external_development,0,-1,delphi_3e18_39bucket:01985d1f15bebd8fef77b5150d00df90b1460ff11f8dbeb34a83d3755d4831ca,1.124187915757358,0.0022403035325128575
weibull_softplus_unscaled@kappa_floor_link_flat15,table9,external_development,0,-1,delphi_3e18_39bucket:02c70e578e5784e551eefe679886439d9c803cedd53b283f3333a0c5fbe3e5cf,1.2024905550560367,0.003453855473695245
weibull_softplus_unscaled@kappa_floor_link_flat15,table9,external_development,0,-1,delphi_3e18_39bucket:037a604380dcbb0bd031ab6fe4d27d6f859ec425fb267f14b984c1fb545aefe5,1.2013750963169487,0.0036757122299848704
weibull_softplus_unscaled@kappa_floor_link_flat15,table9,external_development,0,-1,delphi_3e18_39bucket:039e773502afbad67dfd37ee20068668a2092188b0245ddd91d40a1560e905f6,1.1335350725526114,0.0019671054726577305
weibull_softplus_unscaled@kappa_floor_link_flat15,table9,external_development,0,-1,delphi_3e18_39bucket:073bad81517f75d40c9eb877348b38c8734b28dc6cb239c2089c9c35e9510223,1.090894526614485,0.003430651210735363
weibull_softplus_unscaled@kappa_floor_link_flat15,table9,external_development,0,-1,delphi_3e18_39bucket:0788d5de28276914dae1c6388f1ab105867ad1d4a087d52bf0b8519d80129c89,1.193581850388381,0.003531504386736829
weibull_softplus_unscaled@kappa_floor_link_flat15,table9,external_development,0,-1,delphi_3e18_39bucket:081b3e9c9806710005689ad55a35ca2b5545880488e77cee8042740337e79dfd,1.095160576198331,0.005331131973095629
weibull_softplus_unscaled@kappa_floor_link_flat15,table9,external_development,0,-1,delphi_3e18_39bucket:09ab1aa79a519d8cbef31696066513a006253831fb687b610438ea9b39faef2c,1.222948497694015,0.0029834052405566082
weibull_softplus_unscaled@kappa_floor_link_flat15,table9,external_development,0,-1,delphi_3e18_39bucket:09de561eed4cac3d6052c3e7ccd15b7d2bf21ffe6620953c40d04597b793517c,1.1152801081308321,0.003128485147850349
weibull_softplus_unscaled@kappa_floor_link_flat15,table9,external_development,0,-1,delphi_3e18_39bucket:0a4c90180e2e9f06b17432216267636bc90d169f9f68bad8b789d271cb541e26,1.1389920487892373,0.0024673423920563904
weibull_softplus_unscaled@kappa_floor_link_flat15,table9,external_development,0,-1,delphi_3e18_39bucket:0a69a64824dbbec7bffe6fbd96bf614be79fa346a55fb8dad697d2aed91a31fe,1.0756763524145696,0.0039008848388066898
weibull_softplus_unscaled@kappa_floor_link_flat15,table9,external_development,0,-1,delphi_3e18_39bucket:0c6db73ff59b9cdac2e2428761ffc68d8764b26faefabce9cdbe0ad6133514fb,1.1217244180804145,0.0025730511577002017
weibull_softplus_unscaled@kappa_floor_link_flat15,table9,external_development,0,-1,delphi_3e18_39bucket:0c87eb28b1c95ec40d341aff414b3e73bc9300563def3b5d974082fe44509895,1.1948941562488318,0.003474658634505897
weibull_softplus_unscaled@kappa_floor_link_flat15,table9,external_development,0,-1,delphi_3e18_39bucket:0da14a6e57c138c21227eebbd44f186ea18272987a7f24f9edce875f3f5c35b2,1.1916466424493026,0.00360488479943265
weibull_softplus_unscaled@kappa_floor_link_flat15,table9,external_development,0,-1,delphi_3e18_39bucket:0fb57d38488e9d032a8a2d6e385eebbe0bb87510b042d12426a68166e3ec53b2,1.1510605082393985,0.002294490400527334
weibull_softplus_unscaled@kappa_floor_link_flat15,table9,external_development,0,-1,delphi_3e18_39bucket:100cd66fd89a88c77157afcbddc20547cc115238f2281abf552b8c0d0374cc36,1.2236219046685177,0.004452842861779118
weibull_softplus_unscaled@kappa_floor_link_flat15,table9,external_development,0,-1,delphi_3e18_39bucket:115087d05bce1abc0d1e7590a4cc0b36b643cd94c47ca5e044580bd8ff9fa514,1.0932061055643958,0.003892016945025437
weibull_softplus_unscaled@kappa_floor_link_flat15,table9,external_development,0,-1,delphi_3e18_39bucket:1186365305df843132a2b49cf1f4f3279bc6792218502b2ddb658ff6a8909811,1.206426551714694,0.004317449500058588
weibull_softplus_unscaled@kappa_floor_link_flat15,table9,external_development,0,-1,delphi_3e18_39bucket:14ae27b209bb3f3e584f2a754f2f606b14c6a91a854a6960f5f2002189a9c63f,1.1045665841092243,0.0017798402335219379
weibull_softplus_unscaled@kappa_floor_link_flat15,table9,external_development,0,-1,delphi_3e18_39bucket:1583e0fcd8684efdb53f5dba40c3ee266a316d16da17c423933aa17c59399bb4,1.0766577560837827,0.003412622071622614
weibull_softplus_unscaled@kappa_floor_link_flat15,table9,external_development,0,-1,delphi_3e18_39bucket:168c44d2006162a6a570833acdedfc0e9cbace3ee8b4582d93c0d17b9a8f62dc,1.1941042190662805,0.0035415624227238224
weibull_softplus_unscaled@kappa_floor_link_flat15,table9,external_development,0,-1,delphi_3e18_39bucket:180f3fe5f075a653053c6abb3614d3d97e4e8bd81a9bf3339b610420a3e507e1,1.1286098048191542,0.014340827757577607
weibull_softplus_unscaled@kappa_floor_link_flat15,table9,external_development,0,-1,delphi_3e18_39bucket:18a99a3351245092d3769f803d6ed42ad1446d61d00a6145d3ab0f7eb370ad43,1.1897424922928983,0.003417211455712468
weibull_softplus_unscaled@kappa_floor_link_flat15,table9,external_development,0,-1,delphi_3e18_39bucket:19e6d0a05b7cc0e501b20e580b9d694acf4b47aafcdbc8afc3840bc26b8e9183,1.1865747373437232,0.003336680533070945
weibull_softplus_unscaled@kappa_floor_link_flat15,table9,external_development,0,-1,delphi_3e18_39bucket:1abe87613ee3136eb10062b5549438b1593f06bc22629e4f06a79dc512925a09,1.1001760445560493,0.003762464971631852
weibull_softplus_unscaled@kappa_floor_link_flat15,table9,external_development,0,-1,delphi_3e18_39bucket:1bd2258fc50c2f2300cfee3ccf288fcf65b55a83f6f4e754166ad83968fd2bc5,1.196741804249498,0.00378340339907837
weibull_softplus_unscaled@kappa_floor_link_flat15,table9,external_development,0,-1,delphi_3e18_39bucket:1c82f47a17303f1c725bb67357c5df989e689eab6ce331e314ec3f25166ddb7f,1.1788878021804492,0.003269746058567886
weibull_softplus_unscaled@kappa_floor_link_flat15,table9,external_development,0,-1,delphi_3e18_39bucket:1f764babd33705edc89b9384b3ade86c50adefb121d72a48eead725f2f99fdbb,1.2081642711446354,0.00400434588842997
weibull_softplus_unscaled@kappa_floor_link_flat15,table9,external_development,0,-1,delphi_3e18_39bucket:217fcc24bb6f19269acad2fd83783863fb8c38fe10b23c82e8d4650e3c20af96,1.0724389677788664,0.006042643398895989
weibull_softplus_unscaled@kappa_floor_link_flat15,table9,external_development,0,-1,delphi_3e18_39bucket:2217566357ae6eb4d1e0a63ed7d1b5f74bf85feb4a34fc2294075abf4779dc8a,1.092175679093601,0.008624782611983454
weibull_softplus_unscaled@kappa_floor_link_flat15,table9,external_development,0,-1,delphi_3e18_39bucket:22435fb72d5378f38e67f149c5327cefd8299de7f2802d207068e148a654d87a,1.0675213336149085,0.004745108899721543
weibull_softplus_unscaled@kappa_floor_link_flat15,table9,external_development,0,-1,delphi_3e18_39bucket:244c4cf1cc1aff8a4fa4a6620ac3c4e89194a0edec3d369e2d5c5a3ffc611fbd,1.1912246285774368,0.0035863555309237783
weibull_softplus_unscaled@kappa_floor_link_flat15,table9,external_development,0,-1,delphi_3e18_39bucket:257cf9d7063698fc7195b8f86bda6fdb70aa44cc6560c09437872f7afc15b3c7,1.19336973303277,0.0035178964589852074
weibull_softplus_unscaled@kappa_floor_link_flat15,table9,external_development,0,-1,delphi_3e18_39bucket:2805171d708ffa47ad55eebdded48bbe9184de34aaa01c764857896330bd5ed8,1.0806195171008581,0.0028149903341115555
weibull_softplus_unscaled@kappa_floor_link_flat15,table9,external_development,0,-1,delphi_3e18_39bucket:28e9f00790cb0f3bd8eab6e67ab5ed390d4a8f9511b50e2c3b127fed84907f83,1.1938131777062346,0.0036883496148613034
weibull_softplus_unscaled@kappa_floor_link_flat15,table9,external_development,0,-1,delphi_3e18_39bucket:29879913509e18c14302d4122cd80d460dbe36a86de1b841546532b10ae498e9,1.0772494892124036,0.0038356697499290745
weibull_softplus_unscaled@kappa_floor_link_flat15,table9,external_development,0,-1,delphi_3e18_39bucket:2a97310a9690d4c4d3fba3c8cf2f4c53bec70f4ee6e7bc2798951d5fce110b5c,1.192146433133289,0.003544486595091712
weibull_softplus_unscaled@kappa_floor_link_flat15,table9,external_development,0,-1,delphi_3e18_39bucket:2b989adc23ee2e9de7f2785a0f77bb06f18f1c8af0a8159044271123a563cdb9,1.0918538742440065,0.0021460003622362123
weibull_softplus_unscaled@kappa_floor_link_flat15,table9,external_development,0,-1,delphi_3e18_39bucket:2f021c092554cc1c442218ef631eef0b2b67a217256c18aa0380762934be6ef9,1.1059676330890835,0.0028783466423282712
weibull_softplus_unscaled@kappa_floor_link_flat15,table9,external_development,0,-1,delphi_3e18_39bucket:303bf27116162aaf5aad23c1dceb815464d35b45e7e0b3d737d78f0e445a7c48,1.157427049040298,0.0024995965826887442
weibull_softplus_unscaled@kappa_floor_link_flat15,table9,external_development,0,-1,delphi_3e18_39bucket:329d432004aa55ff655af8af17bade03a9b3dd241ea3c9e87a7dbbeb1dc1b1d6,1.1867040451540367,0.0034318249603025428
weibull_softplus_unscaled@kappa_floor_link_flat15,table9,external_development,0,-1,delphi_3e18_39bucket:3614e5ff6454c53dc1b4848cee125d2bf986629dee4783b90415bc92736347a1,1.0909816422437062,0.006164679716421511
weibull_softplus_unscaled@kappa_floor_link_flat15,table9,external_development,0,-1,delphi_3e18_39bucket:38b51fbcfa5c77121be6726dc68a28ce5ab9452aefd61be07d82e359fbdedf79,1.0973510744224886,0.005966676160525067
weibull_softplus_unscaled@kappa_floor_link_flat15,table9,external_development,0,-1,delphi_3e18_39bucket:391b0859fe53bf6c9da14d9694a7f85f766f8d8225b48942c840d1f3bebe7876,1.1170919159981394,0.0025215387471670455
weibull_softplus_unscaled@kappa_floor_link_flat15,table9,external_development,0,-1,delphi_3e18_39bucket:39df5a66a6bcbdc5f52f9f37dfd15b1fdd08a415743db8fb17cc8b0512ac963f,1.247049344840856,0.005411073111785717
weibull_softplus_unscaled@kappa_floor_link_flat15,table9,external_development,0,-1,delphi_3e18_39bucket:3c5d1d0ddb5500239d26944a313e0c966e43abfabc203fcdb07d5db66f8dc712,1.101058837845144,0.008151697348840173
weibull_softplus_unscaled@kappa_floor_link_flat15,table9,external_development,0,-1,delphi_3e18_39bucket:3d3cd30314fd09b91f22ba82b732e228369abd03b55a27da937e0bca5a083a0a,1.188093877333106,0.0036406932012634768
weibull_softplus_unscaled@kappa_floor_link_flat15,table9,external_development,0,-1,delphi_3e18_39bucket:3d45f3bc22316f2c3a26d5af2662f5cc5b2e1214d7bf88bc7dfa2b034b89b076,1.1007535013355203,0.003686970569937358
weibull_softplus_unscaled@kappa_floor_link_flat15,table9,external_development,0,-1,delphi_3e18_39bucket:3de18a523f9dbadd83062cb454ad019820e391183b58003dd91dda53a4b13e1b,1.1455856246391036,0.021040844127465135
weibull_softplus_unscaled@kappa_floor_link_flat15,table9,external_development,0,-1,delphi_3e18_39bucket:3ec760a2d3f08ec7acbde5dd5b70f25acbb174767b5f8e54d028852120660c2d,1.0987962427285782,0.006468630714971792
weibull_softplus_unscaled@kappa_floor_link_flat15,table9,external_development,0,-1,delphi_3e18_39bucket:3f18082665844ac4fa26e9c9e87ec9528a72d448eff278e6eb0fb7e1d4dc39bc,1.1234053748215942,0.004599593901122636
weibull_softplus_unscaled@kappa_floor_link_flat15,table9,external_development,0,-1,delphi_3e18_39bucket:4148bb820fc709c78f6daf88c6822b7f28c7d1aba87c815125bab9cc0c715d32,1.1470052096536005,0.016314921636769404
weibull_softplus_unscaled@kappa_floor_link_flat15,table9,external_development,0,-1,delphi_3e18_39bucket:419ee81cda8173e88f7ada544fce6e041beb00f9371af74edf51e3240616e6ae,1.0995655803493003,0.003234534136780797
weibull_softplus_unscaled@kappa_floor_link_flat15,table9,external_development,0,-1,delphi_3e18_39bucket:435fc59b9f74ea68a12a16abcf01b49d1d751709400f056661ece786c4fb97f4,1.195723468196494,0.0033046622774881
weibull_softplus_unscaled@kappa_floor_link_flat15,table9,external_development,0,-1,delphi_3e18_39bucket:43a1b832b41d7b3705abe45be2d9a39f606803f539c4bfc22f9bdb84abd4ecdd,1.18616599058503,0.003332540690546361
weibull_softplus_unscaled@kappa_floor_link_flat15,table9,external_development,0,-1,delphi_3e18_39bucket:44ce79a61450d4abf95809bf0fa221ae9d748008c8b5ae22fd8d3212c27a3fea,1.0954667215111384,0.0017612157361933233
weibull_softplus_unscaled@kappa_floor_link_flat15,table9,external_development,0,-1,delphi_3e18_39bucket:454b420da2501cc8413ce34639b91fba6c924e92d4acb602a12a4188a7bbac06,1.125962190009159,0.005016072278637607
weibull_softplus_unscaled@kappa_floor_link_flat15,table9,external_development,0,-1,delphi_3e18_39bucket:45c4ebe12e4506146427d7cf86c80df51ee3636fdc90eec46c6fbcda132736d3,1.1974644613791237,0.003512462648093148
weibull_softplus_unscaled@kappa_floor_link_flat15,table9,external_development,0,-1,delphi_3e18_39bucket:46346afc1e8f516e3cf8db030395bc5bdba3094e0d1d6ce3d9212fbb3736b08f,1.2191244265356591,0.0022159330786463397
weibull_softplus_unscaled@kappa_floor_link_flat15,table9,external_development,0,-1,delphi_3e18_39bucket:479b4c0d010ec8af266c712fad85c52a6b25371b206b9d3bea78ede611674b9e,1.2574103521521685,0.004252228247582405
weibull_softplus_unscaled@kappa_floor_link_flat15,table9,external_development,0,-1,delphi_3e18_39bucket:47f173bc0284dd1f8264d5a01dd8a2fcd9c04165efed2d185d16e1684ae02254,1.1328377751114589,0.004739878630344677
weibull_softplus_unscaled@kappa_floor_link_flat15,table9,external_development,0,-1,delphi_3e18_39bucket:4925c3287b201af1db9d1972026e9bf6b2b76a75673de01b83cd6af4965a90c1,1.0886077567587442,0.0019270243625141119
weibull_softplus_unscaled@kappa_floor_link_flat15,table9,external_development,0,-1,delphi_3e18_39bucket:49605a406a87e4b29ff1058b67cff48d00f583ed007d73fd163a37ab3f1ef415,1.1142233320028851,0.0024564063318679697
weibull_softplus_unscaled@kappa_floor_link_flat15,table9,external_development,0,-1,delphi_3e18_39bucket:4d2a9f8e18ebd65e0860eaa7996c71b4bc666ece79a59f99599bf658eaaf1ca6,1.2681899909485868,0.020408761413163612
weibull_softplus_unscaled@kappa_floor_link_flat15,table9,external_development,0,-1,delphi_3e18_39bucket:4dcd25089f067b1c4aa3d94b5a6046e58c872c7192b21d095899daf4324f9073,1.2837171585866156,0.007327316667528628
weibull_softplus_unscaled@kappa_floor_link_flat15,table9,external_development,0,-1,delphi_3e18_39bucket:51ba2b4f2f488f8c496f545e752754c9e324fea095988aeafc121d14587f9440,1.0903291474973895,0.004480584115512876
weibull_softplus_unscaled@kappa_floor_link_flat15,table9,external_development,0,-1,delphi_3e18_39bucket:520b93fe83078f785e1745d02d62d4de498b2d844861b920f20ad9fddb96d966,1.1115602651620464,0.004531794241994225
weibull_softplus_unscaled@kappa_floor_link_flat15,table9,external_development,0,-1,delphi_3e18_39bucket:5268fc7970fdd1757c78b3d28d3b4a01e39ae7eb48d9eff786688b6aa8419e2c,1.2021371655619328,0.003578498301340904
weibull_softplus_unscaled@kappa_floor_link_flat15,table9,external_development,0,-1,delphi_3e18_39bucket:5302a3d504bc827eb82480e47fa5f9369b2a34a9073980d5a79b7b11472c3d35,1.1014745930523748,0.0032043498793650265
weibull_softplus_unscaled@kappa_floor_link_flat15,table9,external_development,0,-1,delphi_3e18_39bucket:5304e9320d8a83ce4fc5f0c3d55748a46b482bd39654250154a2e9b9b1f11612,1.0656909324449448,0.004855374609671095
weibull_softplus_unscaled@kappa_floor_link_flat15,table9,external_development,0,-1,delphi_3e18_39bucket:547f1880e12c632add60347ae92abf186e58bd4549de02831f05f117476ccd27,1.083629470896847,0.0021724086044070823
weibull_softplus_unscaled@kappa_floor_link_flat15,table9,external_development,0,-1,delphi_3e18_39bucket:5653d17dd718ed001c50f11b1296a0b6c437549494c3ad1c8cb1b53da2629181,1.123856472768023,0.01164169075725916
weibull_softplus_unscaled@kappa_floor_link_flat15,table9,external_development,0,-1,delphi_3e18_39bucket:569f2fae296c65c150355a111967e64f0458d6d4e4e6695bdad8510e2d957522,1.0859710316641018,0.0022681746460226646
weibull_softplus_unscaled@kappa_floor_link_flat15,table9,external_development,0,-1,delphi_3e18_39bucket:577ebf44b0802041939fa396b991d55566e0430342ea4e86916d0a09526dfc7b,1.1387119738389608,0.003526105888475716
weibull_softplus_unscaled@kappa_floor_link_flat15,table9,external_development,0,-1,delphi_3e18_39bucket:587d99c210755fe678009083951edbaf5f30125b9a9228c07223908788f4efbf,1.1223500473370849,0.004875828680360279
weibull_softplus_unscaled@kappa_floor_link_flat15,table9,external_development,0,-1,delphi_3e18_39bucket:593cd68cc1f7693b8781f426fd8bf633d814852c98cef69f1dc0e05aa749a4a8,1.196451722351569,0.0034379783070917413
weibull_softplus_unscaled@kappa_floor_link_flat15,table9,external_development,0,-1,delphi_3e18_39bucket:5969f449d772b308738c1973bb8124a9388da3145bdcd4dbf580903e8aa5ae45,1.0875371211994458,0.00336728988125545
weibull_softplus_unscaled@kappa_floor_link_flat15,table9,external_development,0,-1,delphi_3e18_39bucket:5a6c87e0a035e4d18b7e137b2cc16b00806f8d1ef126cc1b3e98ec648866cd95,1.0899589769956315,0.0033092609377099874
weibull_softplus_unscaled@kappa_floor_link_flat15,table9,external_development,0,-1,delphi_3e18_39bucket:5bab89a350083bbb82d43430d716a115110122a55cabce94a4c485ba7cfc7890,1.0972349418686789,0.0036448663322115873
weibull_softplus_unscaled@kappa_floor_link_flat15,table9,external_development,0,-1,delphi_3e18_39bucket:5d327ac229879291117268bc6336e58c8152465241259a6f06a7977096c2cbab,1.1057006776784992,0.015117608172783754
weibull_softplus_unscaled@kappa_floor_link_flat15,table9,external_development,0,-1,delphi_3e18_39bucket:5d81c990ff3f85d604963810f29b83410738a33c030bdad16230497701c673cc,1.1266296111400664,0.0019095219834828158
weibull_softplus_unscaled@kappa_floor_link_flat15,table9,external_development,0,-1,delphi_3e18_39bucket:5da4a1f0602a1c573a15377a4719b3b792d3be63656c74bcdef8bd988e67c292,1.089031718055646,0.0084285177187306
weibull_softplus_unscaled@kappa_floor_link_flat15,table9,external_development,0,-1,delphi_3e18_39bucket:5f70df28cce5d870961ea81fd9171415d174214efb666d244008771b3f8a8132,1.1330805966076887,0.00492401192794573
weibull_softplus_unscaled@kappa_floor_link_flat15,table9,external_development,0,-1,delphi_3e18_39bucket:5f8f1118125ab64ed7032396f431fe7a879ad10627850bcd4cebb2b9c12c9c22,1.1929258066070725,0.003615433681608166
weibull_softplus_unscaled@kappa_floor_link_flat15,table9,external_development,0,-1,delphi_3e18_39bucket:6233cb472d97f01738aec435e826103682ccfd8390ef3bf6783341c9818b9043,1.10914243848815,0.0035926748197692157
weibull_softplus_unscaled@kappa_floor_link_flat15,table9,external_development,0,-1,delphi_3e18_39bucket:635528e5e2a0e881124caf31eb8cf68a81b7afe38b50630e57e736edbdd31013,1.1239243602031297,0.003119989924602156
weibull_softplus_unscaled@kappa_floor_link_flat15,table9,external_development,0,-1,delphi_3e18_39bucket:643213b3d69a274b198c42fc5df8e2e33accfef69d26786274a4e3f0d3ff1eba,1.0963470125734793,0.0029051803967778387
weibull_softplus_unscaled@kappa_floor_link_flat15,table9,external_development,0,-1,delphi_3e18_39bucket:64f4ce182df0f4dc266d00d5177554ae26d369be6d6fdc42e4020ce4c159e038,1.1438634027136634,0.005627946511403187
weibull_softplus_unscaled@kappa_floor_link_flat15,table9,external_development,0,-1,delphi_3e18_39bucket:67219c03d0898c3bde8548203483153b8dab3ed4fff577a865554213c097934e,1.1015819979163926,0.004310223646094058
weibull_softplus_unscaled@kappa_floor_link_flat15,table9,external_development,0,-1,delphi_3e18_39bucket:6804300e425006b08f97520a7f6c9bba13378a0b6b02edcbfec5611e5ca0c44d,1.0824563562415421,0.003071573779156876
weibull_softplus_unscaled@kappa_floor_link_flat15,table9,external_development,0,-1,delphi_3e18_39bucket:68195b7435e250fecfae0a4a43494aec7a31a5058003835e9123c0d9e17c5779,1.1932514803142062,0.0035182112337204248
weibull_softplus_unscaled@kappa_floor_link_flat15,table9,external_development,0,-1,delphi_3e18_39bucket:685f65df9a5d97bc32080e3b868a666285be0939d78e0a811d378657ee757244,1.084447641377168,0.0055568240186828115
weibull_softplus_unscaled@kappa_floor_link_flat15,table9,external_development,0,-1,delphi_3e18_39bucket:6a6a57cc90489b1821b2d65721b9c2e1d907405a1cb08fb12b0a637f75a245c7,1.2156048459492848,0.0036721447058977487
weibull_softplus_unscaled@kappa_floor_link_flat15,table9,external_development,0,-1,delphi_3e18_39bucket:6b35fe0f0f1836e028d532783d26a896a624c7a1b735b664c912826d6046ade7,1.19307177456749,0.003529405219562308
weibull_softplus_unscaled@kappa_floor_link_flat15,table9,external_development,0,-1,delphi_3e18_39bucket:6be8998407711e41d66a8387ce4264ca2d324918221eafcce587dcead56348cf,1.0924701691278855,0.002312373577960728
weibull_softplus_unscaled@kappa_floor_link_flat15,table9,external_development,0,-1,delphi_3e18_39bucket:6c651e55ddca05236b7de3e3673e1b135e1bafa15edb691f8d6ccfe12505a49c,1.1368488959566356,0.0032199839839258623
weibull_softplus_unscaled@kappa_floor_link_flat15,table9,external_development,0,-1,delphi_3e18_39bucket:6eff5c2c6d0c6033485ec4cb97a6edae6de89063ea34c89f669ff4e4e0629eea,1.2047513269639465,0.0038661436209255742
weibull_softplus_unscaled@kappa_floor_link_flat15,table9,external_development,0,-1,delphi_3e18_39bucket:7085b12019ff35a054c005d424eb8596134e288c7ecaa2596bb4b5711eb66326,1.0857970551117637,0.0034172000121329023
weibull_softplus_unscaled@kappa_floor_link_flat15,table9,external_development,0,-1,delphi_3e18_39bucket:7132c13eee4b70ca34a33f9a9ae7366f1bfa0fced8aaf9fa0323bc319b97506a,1.201316567995908,0.003200741763615099
weibull_softplus_unscaled@kappa_floor_link_flat15,table9,external_development,0,-1,delphi_3e18_39bucket:71eb42d48f6b6a336390c690ce1e47364dfe485e2a4f06e168075c88b0def0a9,1.2712085118846481,0.0059468464120154335
weibull_softplus_unscaled@kappa_floor_link_flat15,table9,external_development,0,-1,delphi_3e18_39bucket:742dd349c1fbc18af63f516a37aaff216490071ad5e744e3cf744b4b49367d40,1.2111024243652082,0.004459948885855077
weibull_softplus_unscaled@kappa_floor_link_flat15,table9,external_development,0,-1,delphi_3e18_39bucket:74bdb4e6f472459381f30133f60e19e24a54f6c7d8a9fc845b5471d668934b4d,1.0884622564778794,0.006384241825001958
weibull_softplus_unscaled@kappa_floor_link_flat15,table9,external_development,0,-1,delphi_3e18_39bucket:789182d5189317aa9b8640cc1bce52e2c170dc32657677d3a4108620bcbb7f05,1.202081854982754,0.003663394095971414
weibull_softplus_unscaled@kappa_floor_link_flat15,table9,external_development,0,-1,delphi_3e18_39bucket:78b2e8346a4519dfef462b8376a77bc4e1d601f8933e6641020cf0eb7e48efc0,1.1680433684087803,0.0030218155821375944
weibull_softplus_unscaled@kappa_floor_link_flat15,table9,external_development,0,-1,delphi_3e18_39bucket:79faa6a5b2de9e64c364af44aaa762e31a637c87c7c6d57002f957ef71cbeb84,1.0862578343966591,0.002102329147368008
weibull_softplus_unscaled@kappa_floor_link_flat15,table9,external_development,0,-1,delphi_3e18_39bucket:7c9cf8d99e2a20bfcf7060b220169c9ae7c13a5c2cfaa96022cc97b063759fec,1.133182772269968,0.0036163025468247813
weibull_softplus_unscaled@kappa_floor_link_flat15,table9,external_development,0,-1,delphi_3e18_39bucket:7d6e5bdf2421a78af620ea6ac7975078e405a629c7642ced529ef76b1f6bba54,1.1035056554351508,0.014027897806944812
weibull_softplus_unscaled@kappa_floor_link_flat15,table9,external_development,0,-1,delphi_3e18_39bucket:7e55a3661a634ab042b0d907f35856d18f479e608ad474942aa5a6ecf7f9f033,1.1126715385848656,0.002309272244912132
weibull_softplus_unscaled@kappa_floor_link_flat15,table9,external_development,0,-1,delphi_3e18_39bucket:7ea661be2a7587559cb8925e1eb21820cb040c4cd7a883b0f24803c308d3fb41,1.0901655579082252,0.0019508118527620869
weibull_softplus_unscaled@kappa_floor_link_flat15,table9,external_development,0,-1,delphi_3e18_39bucket:7ed367f16179f0147cfe76808f461bb876363b57665b8e5485529577f7dd5210,1.126371674414894,0.003298688649753126
weibull_softplus_unscaled@kappa_floor_link_flat15,table9,external_development,0,-1,delphi_3e18_39bucket:80b7399fe369d7309377bca271430df48654b77c59f6f9809f09f49a62c14c95,1.0915729517181658,0.00396736343047531
weibull_softplus_unscaled@kappa_floor_link_flat15,table9,external_development,0,-1,delphi_3e18_39bucket:80cd1b3538923f0a877e5c9e8a78b526e337a71951c52c3ed2fabe91e7daeb69,1.0985046143855475,0.003090380289519901
weibull_softplus_unscaled@kappa_floor_link_flat15,table9,external_development,0,-1,delphi_3e18_39bucket:80ef0b613e000a82657443770642af353463be1258804e7d9a261d13e6d4476b,1.2856352672740659,0.03809640722732776
weibull_softplus_unscaled@kappa_floor_link_flat15,table9,external_development,0,-1,delphi_3e18_39bucket:81329096cd24fadc9f75ffda9d87c90de1dd4f27e19160c1a0ab25986bc2213e,1.0874907591342833,0.00269394141495264
weibull_softplus_unscaled@kappa_floor_link_flat15,table9,external_development,0,-1,delphi_3e18_39bucket:81cb45a36b39811750d0ff0f4375bddfcf30514d23437ee76f5f2fb9aeef22de,1.0989955612470816,0.0034457244632278908
weibull_softplus_unscaled@kappa_floor_link_flat15,table9,external_development,0,-1,delphi_3e18_39bucket:83255fbba7f49b8b85c42635b9dfbb84761b39c2df55f527fecbf415d75bdb19,1.0962449849259848,0.00600264509948546
weibull_softplus_unscaled@kappa_floor_link_flat15,table9,external_development,0,-1,delphi_3e18_39bucket:85cf736312d9c54d30d33e799831eace88d4de508ed9795dc06bd89296394ffd,1.1331099255690744,0.006013590720510403
weibull_softplus_unscaled@kappa_floor_link_flat15,table9,external_development,0,-1,delphi_3e18_39bucket:869e1d284e219525aaf5d7d275906629688a62da31308f8af724cf8e4e5d9f87,1.0979193352775427,0.0016904249279599977
weibull_softplus_unscaled@kappa_floor_link_flat15,table9,external_development,0,-1,delphi_3e18_39bucket:8742e8c2e0296f55b1c137dd55f16cb74ac4383a6910e9d287ebe64de86fef97,1.0652086977103006,0.0055806484164384225
weibull_softplus_unscaled@kappa_floor_link_flat15,table9,external_development,0,-1,delphi_3e18_39bucket:8764bd229418c70dbbe599973cafc92f4d5c6b32008b9660f4dc1c2b9ea05ee6,1.0859117531943778,0.003758012212978043
weibull_softplus_unscaled@kappa_floor_link_flat15,table9,external_development,0,-1,delphi_3e18_39bucket:87837653d9cdc600c37c55a28dbdbbafffdc6e81c912de2423ff4dd6118f5f0a,1.1928573257277386,0.003583606282702954
weibull_softplus_unscaled@kappa_floor_link_flat15,table9,external_development,0,-1,delphi_3e18_39bucket:888cfaf89d4295f594e70e228c529e053cfd95543a8db5dfe5873174591305d6,1.091794959577102,0.004901725047778875
weibull_softplus_unscaled@kappa_floor_link_flat15,table9,external_development,0,-1,delphi_3e18_39bucket:88da80acdbb077326baf06c1ee5ed44df4ccf2d1c95d0225144a1ef721799941,1.1924024731745821,0.00351429952809566
weibull_softplus_unscaled@kappa_floor_link_flat15,table9,external_development,0,-1,delphi_3e18_39bucket:8a5e02daa1e8fdf2a742a34c43f9a70bb723cb9f61bc5fcfe9694679bdaca30e,1.1921268886617082,0.0036650533556715297
weibull_softplus_unscaled@kappa_floor_link_flat15,table9,external_development,0,-1,delphi_3e18_39bucket:8b6fc2228a641c15336b0a2f6243168c75a92ef85a25feac87bdbcb80fa0ce3e,1.0962855628185069,0.005983978158306904
weibull_softplus_unscaled@kappa_floor_link_flat15,table9,external_development,0,-1,delphi_3e18_39bucket:8c377f234db2429719cde7dad4993aee8d5ba1a1b9fc4bb1edecd7ce3c71c7ba,1.1968016538781212,0.0033688097522716408
weibull_softplus_unscaled@kappa_floor_link_flat15,table9,external_development,0,-1,delphi_3e18_39bucket:8d8d29d13a22ae384d9c1d2602fbdc405a2944615cac1839a8fed0a4f1cf92cd,1.0954827780884187,0.006855956252761373
weibull_softplus_unscaled@kappa_floor_link_flat15,table9,external_development,0,-1,delphi_3e18_39bucket:8e07c6e265071fba3115ceab986006dd4518361d77cde815c233b3b70a3ffdc0,1.1896969744269699,0.0035564687735973716
weibull_softplus_unscaled@kappa_floor_link_flat15,table9,external_development,0,-1,delphi_3e18_39bucket:8ef412ceada2d7ce755116002b185f9a484e1bd67269fffa0bb96a36e49f1b57,1.1149943160535456,0.0031232668543874145
weibull_softplus_unscaled@kappa_floor_link_flat15,table9,external_development,0,-1,delphi_3e18_39bucket:8f9d336e61271fad2de609d91cff46986aa0a18d154f1bb47311d58529798e70,1.075403689791851,0.003121106270073207
weibull_softplus_unscaled@kappa_floor_link_flat15,table9,external_development,0,-1,delphi_3e18_39bucket:8fd1ba3a337f5601be326ee3fa5f02778374cd45763940f906a747ef581271a2,1.1009647483401284,0.0027893873056550724
weibull_softplus_unscaled@kappa_floor_link_flat15,table9,external_development,0,-1,delphi_3e18_39bucket:90dba2fc8d83436f4853eb165d137a40b833acc83db632ba583aa912e43b733d,1.068409307228424,0.004269126588610015
weibull_softplus_unscaled@kappa_floor_link_flat15,table9,external_development,0,-1,delphi_3e18_39bucket:90f52ac0608eb5e98056e42a1f2c4baf179f331a5a38fab70ead512319850a58,1.0934125578930316,0.0038911020905937743
weibull_softplus_unscaled@kappa_floor_link_flat15,table9,external_development,0,-1,delphi_3e18_39bucket:915788dcc658ef8459d4fe90196613e360eb9a4655570e26ccf506b5a28854fa,1.089859532042707,0.002404312716295201
weibull_softplus_unscaled@kappa_floor_link_flat15,table9,external_development,0,-1,delphi_3e18_39bucket:937f2ad80bf81c490b47d4ffa2a834687d935ca5b8d1aac556126ed037de7674,1.2221201903047705,0.02044831784666413
weibull_softplus_unscaled@kappa_floor_link_flat15,table9,external_development,0,-1,delphi_3e18_39bucket:9402f0aef28710392a371f6c2d00b98a0838d825536798d42069e950307c4c99,1.0977870877532565,0.005972096403214759
weibull_softplus_unscaled@kappa_floor_link_flat15,table9,external_development,0,-1,delphi_3e18_39bucket:97a9a5ebb9cef7528b5a1da0e741881159e16d17debe1bae0a412102ad3ef173,1.1026885083821607,0.004346758833058724
weibull_softplus_unscaled@kappa_floor_link_flat15,table9,external_development,0,-1,delphi_3e18_39bucket:99a1fe189ce40a2f048415cf2c9d05a5d0869a5118c2c936a4376cb325c23e68,1.093835362577308,0.0038222803623530737
weibull_softplus_unscaled@kappa_floor_link_flat15,table9,external_development,0,-1,delphi_3e18_39bucket:9a343b0b93b0bad4f87152437bb40a403f7be5b9f572cfae5e7703e50bc7093a,1.2638561133270447,0.006291423302758518
weibull_softplus_unscaled@kappa_floor_link_flat15,table9,external_development,0,-1,delphi_3e18_39bucket:9a66aeb4da20d6cb985f60b618c35fa92cb849c3995c7701c5b8b9785a935f95,1.193715763106808,0.0033789606701603177
weibull_softplus_unscaled@kappa_floor_link_flat15,table9,external_development,0,-1,delphi_3e18_39bucket:9b478f9223e98b33f203281ad106af33651a711905e81c6425afe46d362783dd,1.0895027187444826,0.004352053583375363
weibull_softplus_unscaled@kappa_floor_link_flat15,table9,external_development,0,-1,delphi_3e18_39bucket:9cb37ee04e914fba68e7aa6ea382c6a5dcc2b405ec78b251b537abc8f70b15f2,1.27341443467424,0.008190801502448296
weibull_softplus_unscaled@kappa_floor_link_flat15,table9,external_development,0,-1,delphi_3e18_39bucket:9d67ecf7ca42caa8c17072acc340447c75d621fa7f6328d104f5c9aaeb7ec6e0,1.1315981296704898,0.0021181086777071834
weibull_softplus_unscaled@kappa_floor_link_flat15,table9,external_development,0,-1,delphi_3e18_39bucket:9dd4959b60a619086be7a961944fc3ecdd885a9e689014e9469cefc96b05d519,1.2020833347459348,0.0034668307559008356
weibull_softplus_unscaled@kappa_floor_link_flat15,table9,external_development,0,-1,delphi_3e18_39bucket:9e9c69194eb0212d58b2cd82c37cfb3cd0425cc53145c90e62e8fdaa0146b72c,1.2321604133761017,0.0049566540744982795
weibull_softplus_unscaled@kappa_floor_link_flat15,table9,external_development,0,-1,delphi_3e18_39bucket:a06702de740002664665137e4b38e0b8da850b54fa2b60043b07648bc7865e0d,1.1963930431297551,0.003567132068741467
weibull_softplus_unscaled@kappa_floor_link_flat15,table9,external_development,0,-1,delphi_3e18_39bucket:a112249e06f01c4b89fb7ab08cab57efeda282d92742f4cc252467705cf190b3,1.1031642757304878,0.003040985870455232
weibull_softplus_unscaled@kappa_floor_link_flat15,table9,external_development,0,-1,delphi_3e18_39bucket:a1a917b1981fc2cad2c2759dccf963b51fb941fd9816c49087f7b119545d4161,1.0782032511004225,0.002637818603823442
weibull_softplus_unscaled@kappa_floor_link_flat15,table9,external_development,0,-1,delphi_3e18_39bucket:a2e9ef04947000c42a5fce44f079afd6c9a82405871f0ae796e3a23c09bdcd60,1.1687360533759585,0.022837878222110912
weibull_softplus_unscaled@kappa_floor_link_flat15,table9,external_development,0,-1,delphi_3e18_39bucket:a33494886bea818345f1c4e736142dd31e9b8963c77dda49d14b97936f38ad95,1.1845948115718268,0.011158786964604789
weibull_softplus_unscaled@kappa_floor_link_flat15,table9,external_development,0,-1,delphi_3e18_39bucket:a446352f8ea28f09e4c49fbb12b233c435b553f9d70c492c7073b7bf49c30026,1.0798060353305874,0.0026452921916844587
weibull_softplus_unscaled@kappa_floor_link_flat15,table9,external_development,0,-1,delphi_3e18_39bucket:a49233d8ca277189ab0cffa6075e2cba9b34d183388b505c02e9a17d70d7b1a8,1.1782736500302753,0.003305463763683555
weibull_softplus_unscaled@kappa_floor_link_flat15,table9,external_development,0,-1,delphi_3e18_39bucket:a65d5c88e37d14e7e1c7bc24772a174122d7735d5bb9401952c2c43a9e52bcb0,1.1942694336770905,0.003465551815608256
weibull_softplus_unscaled@kappa_floor_link_flat15,table9,external_development,0,-1,delphi_3e18_39bucket:a6f8ee66180ee4f314eaefad2d4a4d32b2dca4cca30189c172ec69c8e429a20f,1.0657970287221097,0.006086663454120328
weibull_softplus_unscaled@kappa_floor_link_flat15,table9,external_development,0,-1,delphi_3e18_39bucket:a9443e4734c22f757147884341c62ae38299464729f87ed9ebc619cf23b893a1,1.1921835757861148,0.003529877777160522
weibull_softplus_unscaled@kappa_floor_link_flat15,table9,external_development,0,-1,delphi_3e18_39bucket:a9fad6c5f1a36df4b0cd5664cd0bb595654bf66783a68cba6267d2877016bdfc,1.1023950071498407,0.01293197124217598
weibull_softplus_unscaled@kappa_floor_link_flat15,table9,external_development,0,-1,delphi_3e18_39bucket:acf47cd01afab11ff0fcb7160374abce76a2944fe7a7540d228c251e9321640d,1.0750756018018786,0.003713138235488446
weibull_softplus_unscaled@kappa_floor_link_flat15,table9,external_development,0,-1,delphi_3e18_39bucket:ad6cc7dabe4a5d5d4ba13920311e4ef81127a10801519d719266222379ae77b0,1.0893478238174388,0.003120675372370126
weibull_softplus_unscaled@kappa_floor_link_flat15,table9,external_development,0,-1,delphi_3e18_39bucket:ae0dded03badca9af71c45d67446f487f2de6f1c7152b6c1a2d3ecada8a9d714,1.1916474211637498,0.0035569656460120213
weibull_softplus_unscaled@kappa_floor_link_flat15,table9,external_development,0,-1,delphi_3e18_39bucket:af23052e9bb0568d854252c7e9d912d01127effa106d2a440fdce6cbb8742532,1.0816775793260465,0.0029889784890482496
weibull_softplus_unscaled@kappa_floor_link_flat15,table9,external_development,0,-1,delphi_3e18_39bucket:b0cb7fc00e70c87e1210c38349ab8e80c514b61f5bf14e6e4d3a1e054d88183c,1.079006003576442,0.0031654294694308336
weibull_softplus_unscaled@kappa_floor_link_flat15,table9,external_development,0,-1,delphi_3e18_39bucket:b1168e54ae7e32586bd89eeaf38a318cd349cbd8750efb93612a79f756b5f1f7,1.1956959553464213,0.003359123257351684
weibull_softplus_unscaled@kappa_floor_link_flat15,table9,external_development,0,-1,delphi_3e18_39bucket:b24484975c0fdb42bc7d421c371e91d35f685b6538fffc7050e857d97e5348ff,1.1027093190301076,0.003526065469365275
weibull_softplus_unscaled@kappa_floor_link_flat15,table9,external_development,0,-1,delphi_3e18_39bucket:b2e9ddb8f35e322ed0b092df87cdc78e620b2de7818b2a7c9891ff0e9a2b2203,1.1075588739588893,0.009231018785341123
weibull_softplus_unscaled@kappa_floor_link_flat15,table9,external_development,0,-1,delphi_3e18_39bucket:b3c3cd22e3dae4f77235a1bb86fcf08ae715bc018b78109510794e1bfbbec0d2,1.1043461979589149,0.00416863831218986
weibull_softplus_unscaled@kappa_floor_link_flat15,table9,external_development,0,-1,delphi_3e18_39bucket:b4019bdf109781eac2e9182593f4f84c5c51635d447918682e7ed12d25efdf1b,1.1934572179923248,0.0035340934309628577
weibull_softplus_unscaled@kappa_floor_link_flat15,table9,external_development,0,-1,delphi_3e18_39bucket:b4db7f9f5c435c1903537d5c944758a1e93d54c6a0fa3ddd19122f4e7b7298a0,1.079247700327758,0.002497133299745932
weibull_softplus_unscaled@kappa_floor_link_flat15,table9,external_development,0,-1,delphi_3e18_39bucket:b5ee1f40e4fe0358ac680a969cd93dfe1b00c483ee3b2d4ff4bc73bd6424437b,1.2696860684073956,0.00833303266194582
weibull_softplus_unscaled@kappa_floor_link_flat15,table9,external_development,0,-1,delphi_3e18_39bucket:b6430b97f099d96863ae8ad7779c1bddc164c591ab12cc5ea266142e19a7cdfd,1.1924677071263245,0.003599915661431602
weibull_softplus_unscaled@kappa_floor_link_flat15,table9,external_development,0,-1,delphi_3e18_39bucket:b785f71525744bfa0a8934b482dd570356bebd37292a9b70af0b1a2cf45d9e69,1.0912495240288989,0.006982973020502214
weibull_softplus_unscaled@kappa_floor_link_flat15,table9,external_development,0,-1,delphi_3e18_39bucket:b8bf59231f485a24fb35df8862c073595e1cb0cd30c999520e88797d047bfeda,1.1929553234586714,0.003551684595746929
weibull_softplus_unscaled@kappa_floor_link_flat15,table9,external_development,0,-1,delphi_3e18_39bucket:b8c7bfd7161a0da8577d236f09c0ed25722a71943281d19f8b06065999e36ffd,1.1992661193807985,0.0036289336040506164
weibull_softplus_unscaled@kappa_floor_link_flat15,table9,external_development,0,-1,delphi_3e18_39bucket:bab1f73b1a1be66a924b70bb0fdb3a032f1ca3a1e246edb80c0f38d75143aed8,1.192870324763721,0.003545930911658361
weibull_softplus_unscaled@kappa_floor_link_flat15,table9,external_development,0,-1,delphi_3e18_39bucket:bd84fea18d97e337ca86db382439fe7990518cd6d78bfa8837b2e317c2bcd4ae,1.1919519323415528,0.0035164093806539687
weibull_softplus_unscaled@kappa_floor_link_flat15,table9,external_development,0,-1,delphi_3e18_39bucket:bf919587f3da29d0e32d10ac8a4e6f6c80f5a696953a34e5d9856c2fce2ce46b,1.1935544517453496,0.003609736530125383
weibull_softplus_unscaled@kappa_floor_link_flat15,table9,external_development,0,-1,delphi_3e18_39bucket:c00c0d5d9f7b8d4f9d4a1f2f6845f4dd0f7effdd60e8da9e988daf574adff818,1.1514991092983582,0.030718595101521435
weibull_softplus_unscaled@kappa_floor_link_flat15,table9,external_development,0,-1,delphi_3e18_39bucket:c08749305f6303b7d46f8c9478053948d5c036a6450977e8de388609b95a2443,1.1918574037707903,0.00362262493144715
weibull_softplus_unscaled@kappa_floor_link_flat15,table9,external_development,0,-1,delphi_3e18_39bucket:c15c0a441754e3ca9b7ba442214315eb793714c1637ea6042915542863b4e52e,1.1918208200422342,0.0035528922726145193
weibull_softplus_unscaled@kappa_floor_link_flat15,table9,external_development,0,-1,delphi_3e18_39bucket:c404d7ca8f49357e32b5fe2d2331593e2c60a0fc7de1d05930f61c6534d6f758,1.1178501056158199,0.015390020627479586
weibull_softplus_unscaled@kappa_floor_link_flat15,table9,external_development,0,-1,delphi_3e18_39bucket:c5ffa8e3d7c670e959036ab38016e0e17064fa12ac2fcba643c70b1ef25297b3,1.0917667450168276,0.005725560343601163
weibull_softplus_unscaled@kappa_floor_link_flat15,table9,external_development,0,-1,delphi_3e18_39bucket:c6601f428a7e18377f34fa8ee9b58bb6a20e42c3abcadc04e7e64aef3ca82f2a,1.1942334639614582,0.003468285142332635
weibull_softplus_unscaled@kappa_floor_link_flat15,table9,external_development,0,-1,delphi_3e18_39bucket:c6cbc3ebaf486eecd75d04f449fdcc92c804765f512d2bceecde5c1aaa30dd39,1.1242313316732986,0.0022402233638913623
weibull_softplus_unscaled@kappa_floor_link_flat15,table9,external_development,0,-1,delphi_3e18_39bucket:c721e392dcf2947fea2da8fcf1ef91d058c717ffb8e74e8402734e31f22578fc,1.2479550604304464,0.005991321674590454
weibull_softplus_unscaled@kappa_floor_link_flat15,table9,external_development,0,-1,delphi_3e18_39bucket:c8a7abc202e6fa1b3d7cc9e00542979084efdddd63313db5c25669da85ad2b19,1.0817439530026114,0.0026546102533419463
weibull_softplus_unscaled@kappa_floor_link_flat15,table9,external_development,0,-1,delphi_3e18_39bucket:c8a7b68f3dd8d7d2600dc1e56fb8af9e5dcb176edc162738d4eaff7b540cd53b,1.0878372262693987,0.003723438150345763
weibull_softplus_unscaled@kappa_floor_link_flat15,table9,external_development,0,-1,delphi_3e18_39bucket:ca5106858b9b57cf944d35ebd150b6feca9287a4f1d0cc9d182be3e623f00fa6,1.0900177597246516,0.00341099549008443
weibull_softplus_unscaled@kappa_floor_link_flat15,table9,external_development,0,-1,delphi_3e18_39bucket:cb32fd5b0fd8a23c495ee8d05996c1926f4be32607954211152e0db19572b8c9,1.0883051221453746,0.0032046306712829025
weibull_softplus_unscaled@kappa_floor_link_flat15,table9,external_development,0,-1,delphi_3e18_39bucket:cb466766fe3b5296e1b15a347ff4fd4692400efc5cce4a696639c2129805162a,1.1195353237331278,0.002674218051570091
weibull_softplus_unscaled@kappa_floor_link_flat15,table9,external_development,0,-1,delphi_3e18_39bucket:cc2d283f3d5584275c7938fd4a0fadb9bbd9543dc9b5ae965f2d87df95c479ff,1.1339250655018611,0.003164836914409818
weibull_softplus_unscaled@kappa_floor_link_flat15,table9,external_development,0,-1,delphi_3e18_39bucket:cce19bcdfb95a772d1f465a94498e69474d7f7235d46ab401d3d0543e73f9e3b,1.1921285623082754,0.0035712423406542215
weibull_softplus_unscaled@kappa_floor_link_flat15,table9,external_development,0,-1,delphi_3e18_39bucket:cd1cd78d6325f56e5c761e7042369262a032ce78f12fc6d47e4ebf1ce0894339,1.10336447591487,0.00723781029707892
weibull_softplus_unscaled@kappa_floor_link_flat15,table9,external_development,0,-1,delphi_3e18_39bucket:cd8eec34fcd41e0cd76c6ef4d520fa83d6c6b5a1828c92c8c556ba4c806a58e7,1.1381658696847765,0.0019798698708417893
weibull_softplus_unscaled@kappa_floor_link_flat15,table9,external_development,0,-1,delphi_3e18_39bucket:d097ba261d98ffe38b995691fc506821678d330c54b489b4d0e645e75c5e4e2e,1.067907241037013,0.003950590775569697
weibull_softplus_unscaled@kappa_floor_link_flat15,table9,external_development,0,-1,delphi_3e18_39bucket:d0b59aacb13e8749a0d761af5008890d6865d701d8550e40a60ca86f2e67ccb2,1.081794052310854,0.002904917833173189
weibull_softplus_unscaled@kappa_floor_link_flat15,table9,external_development,0,-1,delphi_3e18_39bucket:d160bb3271ba96668590d3b3c7781ad51718216823831c921585a8f73ffc9cf7,1.2276808192287372,0.004531758508686236
weibull_softplus_unscaled@kappa_floor_link_flat15,table9,external_development,0,-1,delphi_3e18_39bucket:d1926d64591176c8020bee54efe637a248f4f8f8bf927613049d062dccff4228,1.1954890951641672,0.0034969124473693994
weibull_softplus_unscaled@kappa_floor_link_flat15,table9,external_development,0,-1,delphi_3e18_39bucket:d22385a3b372ad3742331c911e6df47b6459dcc8f7e6ce58cd5dfc1ca901a754,1.1957624761587349,0.0035405140690117857
weibull_softplus_unscaled@kappa_floor_link_flat15,table9,external_development,0,-1,delphi_3e18_39bucket:d2cb05198ef956cc89df9b6aee5c76ace3aa353ea2a7316011503bff3c873c17,1.127216332748682,0.0019399737594290054
weibull_softplus_unscaled@kappa_floor_link_flat15,table9,external_development,0,-1,delphi_3e18_39bucket:d3a383c91e3c36378540e209e50999c8d005ae2b08fa6bcda7f383834b2d5dd7,1.1139532695656857,0.0036334827104359067
weibull_softplus_unscaled@kappa_floor_link_flat15,table9,external_development,0,-1,delphi_3e18_39bucket:d3b53955f30411b3c382fe4844d1526d3c14d09844153a940230c4beceeddb73,1.095187699002869,0.003425313310542536
weibull_softplus_unscaled@kappa_floor_link_flat15,table9,external_development,0,-1,delphi_3e18_39bucket:d3ffb3bd8e28eedb08376603e2c85cc3e83cc89ca533199775e943278e32c509,1.0782292156473003,0.004475891152618863
weibull_softplus_unscaled@kappa_floor_link_flat15,table9,external_development,0,-1,delphi_3e18_39bucket:d6c7da8dacb3efe4cbd45ee0cdd899a5a606cc57be51472b188809093554e699,1.1922024372824755,0.003543060184343154
weibull_softplus_unscaled@kappa_floor_link_flat15,table9,external_development,0,-1,delphi_3e18_39bucket:d6f6db3e0cc1a598f7eb00a7cdd40d78f821a9336eb0eaafc14da93a04575fc5,1.2210812687416936,0.00430073587992786
weibull_softplus_unscaled@kappa_floor_link_flat15,table9,external_development,0,-1,delphi_3e18_39bucket:d82c377f5bda11f52b93db01e55fa25c844255cf016ad96b80cba7cc1e618d90,1.2033101415271013,0.0030773798035490995
weibull_softplus_unscaled@kappa_floor_link_flat15,table9,external_development,0,-1,delphi_3e18_39bucket:d87d478ea93a73fe0faec12048b20970bdefd41aa65888c79d1d35c24ec3556f,1.204246292721185,0.0038967268530022674
weibull_softplus_unscaled@kappa_floor_link_flat15,table9,external_development,0,-1,delphi_3e18_39bucket:d941fe99995a0f675ffc09f1d7883ac2d032a87a00fdfc22e934c5e5ca0b3452,1.214880909738386,0.003426955291029
weibull_softplus_unscaled@kappa_floor_link_flat15,table9,external_development,0,-1,delphi_3e18_39bucket:da68fd5e623c705387752f321a8116e319a7ae87670618ba096558effd2df550,1.1047912226158334,0.0038626016640384763
weibull_softplus_unscaled@kappa_floor_link_flat15,table9,external_development,0,-1,delphi_3e18_39bucket:dac1e0885f0941e15f72456af8f56424e1b8630c37344b54346219c98f5c5f0b,1.084586257398477,0.002636588929148732
weibull_softplus_unscaled@kappa_floor_link_flat15,table9,external_development,0,-1,delphi_3e18_39bucket:dc1f33b2668dfbb787d82df7f8e734431a829bbec2fbf8e9888d6eb582289a3d,1.078460366577018,0.0055563854387251
weibull_softplus_unscaled@kappa_floor_link_flat15,table9,external_development,0,-1,delphi_3e18_39bucket:de0e4fef934b64c948d7c068f622295aabe99cb83c95ee0ad68b73c366c57402,1.1335983563550793,0.0018389569891653172
weibull_softplus_unscaled@kappa_floor_link_flat15,table9,external_development,0,-1,delphi_3e18_39bucket:e0965c961694035e43a1da45a771f8e07c074674ecad18c76460f7ac0eef2137,1.1379676849993705,0.002391022332166329
weibull_softplus_unscaled@kappa_floor_link_flat15,table9,external_development,0,-1,delphi_3e18_39bucket:e0a4d646094bff9aad92ca04cd9c5ca30c296001c0b7d65c3c20a1df0bd8ef08,1.2042817937851893,0.004341783913237368
weibull_softplus_unscaled@kappa_floor_link_flat15,table9,external_development,0,-1,delphi_3e18_39bucket:e283e505de0059b81a2b58a66a9af312bc1f3c7a7440e50c3fdcb3ff8213a34f,1.22104219675572,0.0041522119960545854
weibull_softplus_unscaled@kappa_floor_link_flat15,table9,external_development,0,-1,delphi_3e18_39bucket:e29801c3f5ba907bd5cc224343efa34e4693142ccec5ad71fd943c60b2b3a689,1.1856237476304474,0.0034003754991024453
weibull_softplus_unscaled@kappa_floor_link_flat15,table9,external_development,0,-1,delphi_3e18_39bucket:e371bb5a7b5ad1a86dec663c9450a27400d377093eb89ae1812af20716ad2945,1.08648808227941,0.00448322804472378
weibull_softplus_unscaled@kappa_floor_link_flat15,table9,external_development,0,-1,delphi_3e18_39bucket:e5053e4f4ef86036c3ebe93d055c63ec2da1a1a029cde76ea807a3890d0fd10c,1.0856550320645066,0.0039633885808414175
weibull_softplus_unscaled@kappa_floor_link_flat15,table9,external_development,0,-1,delphi_3e18_39bucket:e539e936365493312d15f1130d1c083871a779dc98689047fcb9d5ebd05191ce,1.1056892253742527,0.0028427674112717466
weibull_softplus_unscaled@kappa_floor_link_flat15,table9,external_development,0,-1,delphi_3e18_39bucket:e55f4d10b3aedd9111e412c962fa53c063269d47d4571a980ba950ed937266ad,1.1929417334850592,0.00353597193941205
weibull_softplus_unscaled@kappa_floor_link_flat15,table9,external_development,0,-1,delphi_3e18_39bucket:e65243af3fc92306e4aa4ea80d2c3f7aa6058bba97560ecd10959066d8d64383,1.2421120647020392,0.007171669674131341
weibull_softplus_unscaled@kappa_floor_link_flat15,table9,external_development,0,-1,delphi_3e18_39bucket:e7d55ec7f15fc194cb4e857322dc1533eddb16463ccf163eabfcdd530a051d5e,1.0963077246565691,0.003415262064289651
weibull_softplus_unscaled@kappa_floor_link_flat15,table9,external_development,0,-1,delphi_3e18_39bucket:e890ab2bc556a0858503bfe95cb5a9f21eb6c1c6dc14818358fbe0f1f321f9eb,1.1923791810997806,0.0035040109791319397
weibull_softplus_unscaled@kappa_floor_link_flat15,table9,external_development,0,-1,delphi_3e18_39bucket:e8cac18abed6dd3d662e4660ad3b431000e291340c4fe937b2937ad6a00fdb1c,1.1968415536380954,0.00362660380760335
weibull_softplus_unscaled@kappa_floor_link_flat15,table9,external_development,0,-1,delphi_3e18_39bucket:e8df5e6e4d008b052d6e1ad64acc1fec9b2a47d27ba17bf21c0cd6d7b4b6cad5,1.0795351204190036,0.004757794195808725
weibull_softplus_unscaled@kappa_floor_link_flat15,table9,external_development,0,-1,delphi_3e18_39bucket:e8e86e247324e07114d17c3fe9b93415a22bc9d717bbeb492e8a949f59ffc574,1.2041487790656094,0.0030834226765099216
weibull_softplus_unscaled@kappa_floor_link_flat15,table9,external_development,0,-1,delphi_3e18_39bucket:e94c007e41ca009494ae3d9ae036d21271d6bb27b49c3b9d77a9d9148a879241,1.1210808723028367,0.0022419445829814392
weibull_softplus_unscaled@kappa_floor_link_flat15,table9,external_development,0,-1,delphi_3e18_39bucket:e94c9cbd4ee682a9780bbcea3bf6df3497572253ed953eef164fa75ea4f66a2c,1.233045341240302,0.006663925116270411
weibull_softplus_unscaled@kappa_floor_link_flat15,table9,external_development,0,-1,delphi_3e18_39bucket:e9c1eda31f2f4a0c52041968162f0f0ce4999866274b5690e4e05fda24a4bc2d,1.0961465700440145,0.0016074397722279383
weibull_softplus_unscaled@kappa_floor_link_flat15,table9,external_development,0,-1,delphi_3e18_39bucket:ea37effb52c1862ed6fafb478558f7d891c703943be66cd2416bd5c491bf7f6b,1.0772437558225865,0.004274562472225916
weibull_softplus_unscaled@kappa_floor_link_flat15,table9,external_development,0,-1,delphi_3e18_39bucket:ea6e21bef589c2d52505ca81bef558a5da03e4625174320ea8242417e2382d77,1.1887679543585246,0.0034095773117819527
weibull_softplus_unscaled@kappa_floor_link_flat15,table9,external_development,0,-1,delphi_3e18_39bucket:ec06eca900d6ea9ba81679ee6cca83871b018289aec1505cba76db1fc87b6802,1.2370648327132525,0.006759526953997218
weibull_softplus_unscaled@kappa_floor_link_flat15,table9,external_development,0,-1,delphi_3e18_39bucket:ee02c34fe2e5760160a4803e862cb1c4a623ee45da4d9adfdaa5aa9483dc78e3,1.1965119292296218,0.003351827348928319
weibull_softplus_unscaled@kappa_floor_link_flat15,table9,external_development,0,-1,delphi_3e18_39bucket:ef9f6cff6e4ea378dedecb72fceac0bdaad839d03f007c4afe577e29dbb99b4e,1.0935126304558096,0.005499473688451638
weibull_softplus_unscaled@kappa_floor_link_flat15,table9,external_development,0,-1,delphi_3e18_39bucket:effc4e48644f5aac8669d7cfde80db853124d6263860d16ab4f3958b1ac4eeb5,1.1432305445386501,0.0021934115285899805
weibull_softplus_unscaled@kappa_floor_link_flat15,table9,external_development,0,-1,delphi_3e18_39bucket:f232b9fe34f7b04ebbfe91eb3239213c0003a3e608e279780f47e6c545811bb3,1.1963770129453053,0.0034368092164535026
weibull_softplus_unscaled@kappa_floor_link_flat15,table9,external_development,0,-1,delphi_3e18_39bucket:f387ec3241cb7be9b883e93ed53e1940f5fbf725f14ef13b1c76e1634c9e0704,1.2474938625285104,0.004371269610994825
weibull_softplus_unscaled@kappa_floor_link_flat15,table9,external_development,0,-1,delphi_3e18_39bucket:f597d4a7586698fbbc1b854337589ff532c04fd4a54699ae6665043e95934555,1.0951212417534015,0.005266869820728406
weibull_softplus_unscaled@kappa_floor_link_flat15,table9,external_development,0,-1,delphi_3e18_39bucket:f8a8e264e7f30fe85c514e532e5f6bce8d2037da8458a757b0383f7dbf072f25,1.1896148120957672,0.003415986037712065
weibull_softplus_unscaled@kappa_floor_link_flat15,table9,external_development,0,-1,delphi_3e18_39bucket:f9bb0369b872fcb08e26e8d0629e52b1cb543956824511bc69a1d81d84b8e766,1.1042107155431031,0.003135405933912119
weibull_softplus_unscaled@kappa_floor_link_flat15,table9,external_development,0,-1,delphi_3e18_39bucket:f9e349b2e05d04e16162ae18c9cde10806824cee16faba2af2564f533559151d,1.185427686149651,0.0034145116533692986
weibull_softplus_unscaled@kappa_floor_link_flat15,table9,external_development,0,-1,delphi_3e18_39bucket:f9e5fad6cd843eef1ec963c775019a7ed2d37fb9fc6d6458f98c8bb15b000248,1.22307364052841,0.0050848563632317195
weibull_softplus_unscaled@kappa_floor_link_flat15,table9,external_development,0,-1,delphi_3e18_39bucket:fa0294460f0573041da6b1435affe244e46d5459cf24f4d451fa7776c77261f6,1.0912502415995529,0.006096537151267513
weibull_softplus_unscaled@kappa_floor_link_flat15,table9,external_development,0,-1,delphi_3e18_39bucket:fafbc2ba18f1c7971ddf8e7eff5f92f1b11469cf1d80181209696d8655812553,1.203505569347191,0.0034126271762142868
weibull_softplus_unscaled@kappa_floor_link_flat15,table9,external_development,0,-1,delphi_3e18_39bucket:fb8cb11729c2b4e023d88d084293e65ec1f03e521aada50a0bde80863e530aa8,1.1271519903996787,0.00215821408873847
weibull_softplus_unscaled@kappa_floor_link_flat15,table9,external_development,0,-1,delphi_3e18_39bucket:fd1878ded789f2edc41ab9255de95e0c7d881b315872d556b913e69f7cf031fc,1.0819738928454592,0.004380482814183404
weibull_softplus_unscaled@kappa_floor_link_flat15,table9,external_development,0,-1,delphi_3e18_39bucket:ff65381e6c6fa2fd41b3444cc7dae32b0a07f1eaf50d99b9dc409da261b0a1ac,1.214758380994679,0.003927919449903362
weibull_softplus_unscaled@kappa_floor_link_flat15_nocap,table9,panel_oof,0,0,7,1.2362084398094875,
weibull_softplus_unscaled@kappa_floor_link_flat15_nocap,table9,panel_oof,0,0,8,1.3699041314034446,
weibull_softplus_unscaled@kappa_floor_link_flat15_nocap,table9,panel_oof,0,0,25,1.3044010549709772,
weibull_softplus_unscaled@kappa_floor_link_flat15_nocap,table9,panel_oof,0,0,35,1.2154050547080653,
weibull_softplus_unscaled@kappa_floor_link_flat15_nocap,table9,panel_oof,0,0,51,1.2497958167024048,
weibull_softplus_unscaled@kappa_floor_link_flat15_nocap,table9,panel_oof,0,0,56,1.1715013206058034,
weibull_softplus_unscaled@kappa_floor_link_flat15_nocap,table9,panel_oof,0,0,69,1.2422477799573037,
weibull_softplus_unscaled@kappa_floor_link_flat15_nocap,table9,panel_oof,0,0,81,1.1775118563591862,
weibull_softplus_unscaled@kappa_floor_link_flat15_nocap,table9,panel_oof,0,0,86,1.2099661130989885,
weibull_softplus_unscaled@kappa_floor_link_flat15_nocap,table9,panel_oof,0,0,99,1.2442602212044247,
weibull_softplus_unscaled@kappa_floor_link_flat15_nocap,table9,panel_oof,0,0,100,1.233679834458072,
weibull_softplus_unscaled@kappa_floor_link_flat15_nocap,table9,panel_oof,0,0,106,1.3071804673272518,
weibull_softplus_unscaled@kappa_floor_link_flat15_nocap,table9,panel_oof,0,0,107,1.2931837482135755,
weibull_softplus_unscaled@kappa_floor_link_flat15_nocap,table9,panel_oof,0,0,126,1.210246851417463,
weibull_softplus_unscaled@kappa_floor_link_flat15_nocap,table9,panel_oof,0,0,136,1.306305083286592,
weibull_softplus_unscaled@kappa_floor_link_flat15_nocap,table9,panel_oof,0,0,137,1.2061890589422777,
weibull_softplus_unscaled@kappa_floor_link_flat15_nocap,table9,panel_oof,0,0,140,1.1980040584839668,
weibull_softplus_unscaled@kappa_floor_link_flat15_nocap,table9,panel_oof,0,0,141,1.204717046168441,
weibull_softplus_unscaled@kappa_floor_link_flat15_nocap,table9,panel_oof,0,0,142,1.2307762364959018,
weibull_softplus_unscaled@kappa_floor_link_flat15_nocap,table9,panel_oof,0,0,145,1.2038240192534886,
weibull_softplus_unscaled@kappa_floor_link_flat15_nocap,table9,panel_oof,0,0,147,1.2397165735296642,
weibull_softplus_unscaled@kappa_floor_link_flat15_nocap,table9,panel_oof,0,0,163,1.2079128902386522,
weibull_softplus_unscaled@kappa_floor_link_flat15_nocap,table9,panel_oof,0,0,165,1.216785779286241,
weibull_softplus_unscaled@kappa_floor_link_flat15_nocap,table9,panel_oof,0,0,169,1.3138053271065053,
weibull_softplus_unscaled@kappa_floor_link_flat15_nocap,table9,panel_oof,0,0,171,1.29960519662396,
weibull_softplus_unscaled@kappa_floor_link_flat15_nocap,table9,panel_oof,0,0,187,1.3190181254702174,
weibull_softplus_unscaled@kappa_floor_link_flat15_nocap,table9,panel_oof,0,0,188,1.2004488696243174,
weibull_softplus_unscaled@kappa_floor_link_flat15_nocap,table9,panel_oof,0,0,191,1.2305742067606396,
weibull_softplus_unscaled@kappa_floor_link_flat15_nocap,table9,panel_oof,0,0,195,1.194740709031378,
weibull_softplus_unscaled@kappa_floor_link_flat15_nocap,table9,panel_oof,0,0,197,1.2181605371066784,
weibull_softplus_unscaled@kappa_floor_link_flat15_nocap,table9,panel_oof,0,0,200,1.1656629430024237,
weibull_softplus_unscaled@kappa_floor_link_flat15_nocap,table9,panel_oof,0,0,208,1.236813017923149,
weibull_softplus_unscaled@kappa_floor_link_flat15_nocap,table9,panel_oof,0,0,209,1.209014617176165,
weibull_softplus_unscaled@kappa_floor_link_flat15_nocap,table9,panel_oof,0,0,210,1.2545992749456758,
weibull_softplus_unscaled@kappa_floor_link_flat15_nocap,table9,panel_oof,0,0,217,1.235649433318416,
weibull_softplus_unscaled@kappa_floor_link_flat15_nocap,table9,panel_oof,0,0,219,1.2542254316667663,
weibull_softplus_unscaled@kappa_floor_link_flat15_nocap,table9,panel_oof,0,0,220,1.2021060265724417,
weibull_softplus_unscaled@kappa_floor_link_flat15_nocap,table9,panel_oof,0,0,223,1.1748280158565994,
weibull_softplus_unscaled@kappa_floor_link_flat15_nocap,table9,panel_oof,0,0,233,1.181969449959789,
weibull_softplus_unscaled@kappa_floor_link_flat15_nocap,table9,panel_oof,0,0,237,1.2177089040044609,
weibull_softplus_unscaled@kappa_floor_link_flat15_nocap,table9,panel_oof,0,1,1,1.156499283789151,
weibull_softplus_unscaled@kappa_floor_link_flat15_nocap,table9,panel_oof,0,1,241,1.1846030175491102,
weibull_softplus_unscaled@kappa_floor_link_flat15_nocap,table9,panel_oof,0,1,242,1.1854470148952605,
weibull_softplus_unscaled@kappa_floor_link_flat15_nocap,table9,panel_oof,0,1,243,1.18347516204234,
weibull_softplus_unscaled@kappa_floor_link_flat15_nocap,table9,panel_oof,0,1,244,1.1878307697527295,
weibull_softplus_unscaled@kappa_floor_link_flat15_nocap,table9,panel_oof,0,1,245,1.1839664962402296,
weibull_softplus_unscaled@kappa_floor_link_flat15_nocap,table9,panel_oof,0,1,246,1.183993785684998,
weibull_softplus_unscaled@kappa_floor_link_flat15_nocap,table9,panel_oof,0,1,247,1.1852674740937796,
weibull_softplus_unscaled@kappa_floor_link_flat15_nocap,table9,panel_oof,0,1,248,1.1864499081928863,
weibull_softplus_unscaled@kappa_floor_link_flat15_nocap,table9,panel_oof,0,1,249,1.1794131614902055,
weibull_softplus_unscaled@kappa_floor_link_flat15_nocap,table9,panel_oof,0,1,250,1.1856733029621578,
weibull_softplus_unscaled@kappa_floor_link_flat15_nocap,table9,panel_oof,0,1,251,1.1777611282570524,
weibull_softplus_unscaled@kappa_floor_link_flat15_nocap,table9,panel_oof,0,1,252,1.1830511225052671,
weibull_softplus_unscaled@kappa_floor_link_flat15_nocap,table9,panel_oof,0,1,253,1.186073516708762,
weibull_softplus_unscaled@kappa_floor_link_flat15_nocap,table9,panel_oof,0,1,254,1.186838168654988,
weibull_softplus_unscaled@kappa_floor_link_flat15_nocap,table9,panel_oof,0,1,255,1.1852266764214727,
weibull_softplus_unscaled@kappa_floor_link_flat15_nocap,table9,panel_oof,0,1,256,1.18564765682595,
weibull_softplus_unscaled@kappa_floor_link_flat15_nocap,table9,panel_oof,0,1,257,1.180485014931092,
weibull_softplus_unscaled@kappa_floor_link_flat15_nocap,table9,panel_oof,0,1,258,1.1850338971531216,
weibull_softplus_unscaled@kappa_floor_link_flat15_nocap,table9,panel_oof,0,1,259,1.1886704850093324,
weibull_softplus_unscaled@kappa_floor_link_flat15_nocap,table9,panel_oof,0,1,260,1.1856147759357034,
weibull_softplus_unscaled@kappa_floor_link_flat15_nocap,table9,panel_oof,0,1,261,1.1856707740582726,
weibull_softplus_unscaled@kappa_floor_link_flat15_nocap,table9,panel_oof,0,1,262,1.1900218826155367,
weibull_softplus_unscaled@kappa_floor_link_flat15_nocap,table9,panel_oof,0,1,263,1.188863189621702,
weibull_softplus_unscaled@kappa_floor_link_flat15_nocap,table9,panel_oof,0,1,264,1.1883714037953959,
weibull_softplus_unscaled@kappa_floor_link_flat15_nocap,table9,panel_oof,0,1,265,1.187358666425661,
weibull_softplus_unscaled@kappa_floor_link_flat15_nocap,table9,panel_oof,0,1,266,1.1876083973750993,
weibull_softplus_unscaled@kappa_floor_link_flat15_nocap,table9,panel_oof,0,1,267,1.2320186478726203,
weibull_softplus_unscaled@kappa_floor_link_flat15_nocap,table9,panel_oof,0,1,268,1.1894708612182328,
weibull_softplus_unscaled@kappa_floor_link_flat15_nocap,table9,panel_oof,0,1,269,1.1981683957493807,
weibull_softplus_unscaled@kappa_floor_link_flat15_nocap,table9,panel_oof,0,1,270,1.1857148967089448,
weibull_softplus_unscaled@kappa_floor_link_flat15_nocap,table9,panel_oof,0,1,271,1.1676039330017502,
weibull_softplus_unscaled@kappa_floor_link_flat15_nocap,table9,panel_oof,0,1,272,1.1867738700746349,
weibull_softplus_unscaled@kappa_floor_link_flat15_nocap,table9,panel_oof,0,1,273,1.2277968184434336,
weibull_softplus_unscaled@kappa_floor_link_flat15_nocap,table9,panel_oof,0,1,274,1.1858493623591557,
weibull_softplus_unscaled@kappa_floor_link_flat15_nocap,table9,panel_oof,0,1,275,1.1935362122270874,
weibull_softplus_unscaled@kappa_floor_link_flat15_nocap,table9,panel_oof,0,1,276,1.193403066689334,
weibull_softplus_unscaled@kappa_floor_link_flat15_nocap,table9,panel_oof,0,1,277,1.1968905543341273,
weibull_softplus_unscaled@kappa_floor_link_flat15_nocap,table9,panel_oof,0,1,278,1.2029967819454979,
weibull_softplus_unscaled@kappa_floor_link_flat15_nocap,table9,panel_oof,0,1,279,1.196225068590512,
weibull_softplus_unscaled@kappa_floor_link_flat15_nocap,table9,panel_oof,0,2,3,1.2190161847084353,
weibull_softplus_unscaled@kappa_floor_link_flat15_nocap,table9,panel_oof,0,2,5,1.4451638074141142,
weibull_softplus_unscaled@kappa_floor_link_flat15_nocap,table9,panel_oof,0,2,6,1.2675618724591557,
weibull_softplus_unscaled@kappa_floor_link_flat15_nocap,table9,panel_oof,0,2,10,1.282701019781567,
weibull_softplus_unscaled@kappa_floor_link_flat15_nocap,table9,panel_oof,0,2,15,1.248737969614737,
weibull_softplus_unscaled@kappa_floor_link_flat15_nocap,table9,panel_oof,0,2,20,1.2829434680872112,
weibull_softplus_unscaled@kappa_floor_link_flat15_nocap,table9,panel_oof,0,2,26,1.2121727114556342,
weibull_softplus_unscaled@kappa_floor_link_flat15_nocap,table9,panel_oof,0,2,29,1.2404746380616973,
weibull_softplus_unscaled@kappa_floor_link_flat15_nocap,table9,panel_oof,0,2,30,1.2094604102183864,
weibull_softplus_unscaled@kappa_floor_link_flat15_nocap,table9,panel_oof,0,2,34,1.1684250797650637,
weibull_softplus_unscaled@kappa_floor_link_flat15_nocap,table9,panel_oof,0,2,39,1.248971445697425,
weibull_softplus_unscaled@kappa_floor_link_flat15_nocap,table9,panel_oof,0,2,41,1.2589397557354811,
weibull_softplus_unscaled@kappa_floor_link_flat15_nocap,table9,panel_oof,0,2,46,1.2360631693167337,
weibull_softplus_unscaled@kappa_floor_link_flat15_nocap,table9,panel_oof,0,2,48,1.1946978648099482,
weibull_softplus_unscaled@kappa_floor_link_flat15_nocap,table9,panel_oof,0,2,57,1.2727522268157023,
weibull_softplus_unscaled@kappa_floor_link_flat15_nocap,table9,panel_oof,0,2,62,1.2251524782616845,
weibull_softplus_unscaled@kappa_floor_link_flat15_nocap,table9,panel_oof,0,2,65,1.2382092994278198,
weibull_softplus_unscaled@kappa_floor_link_flat15_nocap,table9,panel_oof,0,2,68,1.2365817241303545,
weibull_softplus_unscaled@kappa_floor_link_flat15_nocap,table9,panel_oof,0,2,73,1.2148013098513064,
weibull_softplus_unscaled@kappa_floor_link_flat15_nocap,table9,panel_oof,0,2,79,1.2301787160230986,
weibull_softplus_unscaled@kappa_floor_link_flat15_nocap,table9,panel_oof,0,2,83,1.1707724017396814,
weibull_softplus_unscaled@kappa_floor_link_flat15_nocap,table9,panel_oof,0,2,84,1.23321042291892,
weibull_softplus_unscaled@kappa_floor_link_flat15_nocap,table9,panel_oof,0,2,87,1.3281023280308697,
weibull_softplus_unscaled@kappa_floor_link_flat15_nocap,table9,panel_oof,0,2,90,1.2100217144467602,
weibull_softplus_unscaled@kappa_floor_link_flat15_nocap,table9,panel_oof,0,2,91,1.2786697923663533,
weibull_softplus_unscaled@kappa_floor_link_flat15_nocap,table9,panel_oof,0,2,98,1.1739254683513471,
weibull_softplus_unscaled@kappa_floor_link_flat15_nocap,table9,panel_oof,0,2,101,1.207306453062252,
weibull_softplus_unscaled@kappa_floor_link_flat15_nocap,table9,panel_oof,0,2,105,1.2128441703662607,
weibull_softplus_unscaled@kappa_floor_link_flat15_nocap,table9,panel_oof,0,2,109,1.256223068216614,
weibull_softplus_unscaled@kappa_floor_link_flat15_nocap,table9,panel_oof,0,2,112,1.2042896074454834,
weibull_softplus_unscaled@kappa_floor_link_flat15_nocap,table9,panel_oof,0,2,113,1.3079885431403953,
weibull_softplus_unscaled@kappa_floor_link_flat15_nocap,table9,panel_oof,0,2,115,1.214117518893389,
weibull_softplus_unscaled@kappa_floor_link_flat15_nocap,table9,panel_oof,0,2,116,1.256510931127381,
weibull_softplus_unscaled@kappa_floor_link_flat15_nocap,table9,panel_oof,0,2,119,1.2116840843279681,
weibull_softplus_unscaled@kappa_floor_link_flat15_nocap,table9,panel_oof,0,2,122,1.2072895460482984,
weibull_softplus_unscaled@kappa_floor_link_flat15_nocap,table9,panel_oof,0,2,123,1.2001733499100407,
weibull_softplus_unscaled@kappa_floor_link_flat15_nocap,table9,panel_oof,0,2,124,1.2267130152832741,
weibull_softplus_unscaled@kappa_floor_link_flat15_nocap,table9,panel_oof,0,2,133,1.2712455135811367,
weibull_softplus_unscaled@kappa_floor_link_flat15_nocap,table9,panel_oof,0,2,134,1.2024703325932444,
weibull_softplus_unscaled@kappa_floor_link_flat15_nocap,table9,panel_oof,0,2,135,1.2039113756518962,
weibull_softplus_unscaled@kappa_floor_link_flat15_nocap,table9,panel_oof,0,2,138,1.2158554687279906,
weibull_softplus_unscaled@kappa_floor_link_flat15_nocap,table9,panel_oof,0,2,144,1.2244624426242803,
weibull_softplus_unscaled@kappa_floor_link_flat15_nocap,table9,panel_oof,0,2,151,1.219417222184186,
weibull_softplus_unscaled@kappa_floor_link_flat15_nocap,table9,panel_oof,0,2,152,1.1914356000526265,
weibull_softplus_unscaled@kappa_floor_link_flat15_nocap,table9,panel_oof,0,2,154,1.2166633073293578,
weibull_softplus_unscaled@kappa_floor_link_flat15_nocap,table9,panel_oof,0,2,157,1.2813573843423804,
weibull_softplus_unscaled@kappa_floor_link_flat15_nocap,table9,panel_oof,0,2,158,1.2081432656463544,
weibull_softplus_unscaled@kappa_floor_link_flat15_nocap,table9,panel_oof,0,2,160,1.238125821564948,
weibull_softplus_unscaled@kappa_floor_link_flat15_nocap,table9,panel_oof,0,2,166,1.2411815941582107,
weibull_softplus_unscaled@kappa_floor_link_flat15_nocap,table9,panel_oof,0,2,172,1.1526947887721595,
weibull_softplus_unscaled@kappa_floor_link_flat15_nocap,table9,panel_oof,0,2,175,1.203332709495046,
weibull_softplus_unscaled@kappa_floor_link_flat15_nocap,table9,panel_oof,0,2,176,1.1949274830104752,
weibull_softplus_unscaled@kappa_floor_link_flat15_nocap,table9,panel_oof,0,2,182,1.245390435345802,
weibull_softplus_unscaled@kappa_floor_link_flat15_nocap,table9,panel_oof,0,2,183,1.2385256592290683,
weibull_softplus_unscaled@kappa_floor_link_flat15_nocap,table9,panel_oof,0,2,196,1.3108104831567324,
weibull_softplus_unscaled@kappa_floor_link_flat15_nocap,table9,panel_oof,0,2,198,1.2212143631408554,
weibull_softplus_unscaled@kappa_floor_link_flat15_nocap,table9,panel_oof,0,2,205,1.2011620183017222,
weibull_softplus_unscaled@kappa_floor_link_flat15_nocap,table9,panel_oof,0,2,211,1.253553249272359,
weibull_softplus_unscaled@kappa_floor_link_flat15_nocap,table9,panel_oof,0,2,213,1.1298677884983461,
weibull_softplus_unscaled@kappa_floor_link_flat15_nocap,table9,panel_oof,0,2,215,1.1645956307740393,
weibull_softplus_unscaled@kappa_floor_link_flat15_nocap,table9,panel_oof,0,2,222,1.196519947187494,
weibull_softplus_unscaled@kappa_floor_link_flat15_nocap,table9,panel_oof,0,2,224,1.337234616349198,
weibull_softplus_unscaled@kappa_floor_link_flat15_nocap,table9,panel_oof,0,2,226,1.2951702598766568,
weibull_softplus_unscaled@kappa_floor_link_flat15_nocap,table9,panel_oof,0,2,227,1.2322444857962433,
weibull_softplus_unscaled@kappa_floor_link_flat15_nocap,table9,panel_oof,0,2,229,1.1840508373205396,
weibull_softplus_unscaled@kappa_floor_link_flat15_nocap,table9,panel_oof,0,2,235,1.242229421597302,
weibull_softplus_unscaled@kappa_floor_link_flat15_nocap,table9,panel_oof,0,2,236,1.2145322555662332,
weibull_softplus_unscaled@kappa_floor_link_flat15_nocap,table9,panel_oof,0,2,238,1.2304431562160323,
weibull_softplus_unscaled@kappa_floor_link_flat15_nocap,table9,panel_oof,0,3,2,1.2616743056104849,
weibull_softplus_unscaled@kappa_floor_link_flat15_nocap,table9,panel_oof,0,3,4,1.2784975134250782,
weibull_softplus_unscaled@kappa_floor_link_flat15_nocap,table9,panel_oof,0,3,9,1.296529343636131,
weibull_softplus_unscaled@kappa_floor_link_flat15_nocap,table9,panel_oof,0,3,11,1.2403354112522096,
weibull_softplus_unscaled@kappa_floor_link_flat15_nocap,table9,panel_oof,0,3,12,1.283810792980649,
weibull_softplus_unscaled@kappa_floor_link_flat15_nocap,table9,panel_oof,0,3,13,1.2137888832448818,
weibull_softplus_unscaled@kappa_floor_link_flat15_nocap,table9,panel_oof,0,3,14,1.2593463714237887,
weibull_softplus_unscaled@kappa_floor_link_flat15_nocap,table9,panel_oof,0,3,16,1.195739697573868,
weibull_softplus_unscaled@kappa_floor_link_flat15_nocap,table9,panel_oof,0,3,17,1.2725774935874696,
weibull_softplus_unscaled@kappa_floor_link_flat15_nocap,table9,panel_oof,0,3,21,1.2792869431122824,
weibull_softplus_unscaled@kappa_floor_link_flat15_nocap,table9,panel_oof,0,3,22,1.2069008076993288,
weibull_softplus_unscaled@kappa_floor_link_flat15_nocap,table9,panel_oof,0,3,23,1.2762033752944468,
weibull_softplus_unscaled@kappa_floor_link_flat15_nocap,table9,panel_oof,0,3,24,1.1749609674317176,
weibull_softplus_unscaled@kappa_floor_link_flat15_nocap,table9,panel_oof,0,3,27,1.1947863704460588,
weibull_softplus_unscaled@kappa_floor_link_flat15_nocap,table9,panel_oof,0,3,32,1.2084965874543836,
weibull_softplus_unscaled@kappa_floor_link_flat15_nocap,table9,panel_oof,0,3,33,1.271386859588747,
weibull_softplus_unscaled@kappa_floor_link_flat15_nocap,table9,panel_oof,0,3,36,1.2222280014413123,
weibull_softplus_unscaled@kappa_floor_link_flat15_nocap,table9,panel_oof,0,3,37,1.2161625961052231,
weibull_softplus_unscaled@kappa_floor_link_flat15_nocap,table9,panel_oof,0,3,38,1.2324268435503902,
weibull_softplus_unscaled@kappa_floor_link_flat15_nocap,table9,panel_oof,0,3,40,1.2058817732477367,
weibull_softplus_unscaled@kappa_floor_link_flat15_nocap,table9,panel_oof,0,3,43,1.252917115083009,
weibull_softplus_unscaled@kappa_floor_link_flat15_nocap,table9,panel_oof,0,3,44,1.2862013539834058,
weibull_softplus_unscaled@kappa_floor_link_flat15_nocap,table9,panel_oof,0,3,45,1.2606866296744514,
weibull_softplus_unscaled@kappa_floor_link_flat15_nocap,table9,panel_oof,0,3,49,1.2365427774092566,
weibull_softplus_unscaled@kappa_floor_link_flat15_nocap,table9,panel_oof,0,3,50,1.2774041871149917,
weibull_softplus_unscaled@kappa_floor_link_flat15_nocap,table9,panel_oof,0,3,52,1.2287152770977672,
weibull_softplus_unscaled@kappa_floor_link_flat15_nocap,table9,panel_oof,0,3,53,1.2028191234635526,
weibull_softplus_unscaled@kappa_floor_link_flat15_nocap,table9,panel_oof,0,3,54,1.1784640257905012,
weibull_softplus_unscaled@kappa_floor_link_flat15_nocap,table9,panel_oof,0,3,55,1.1712961296897182,
weibull_softplus_unscaled@kappa_floor_link_flat15_nocap,table9,panel_oof,0,3,58,1.267578076050838,
weibull_softplus_unscaled@kappa_floor_link_flat15_nocap,table9,panel_oof,0,3,59,1.203831544726089,
weibull_softplus_unscaled@kappa_floor_link_flat15_nocap,table9,panel_oof,0,3,61,1.1990760045004505,
weibull_softplus_unscaled@kappa_floor_link_flat15_nocap,table9,panel_oof,0,3,63,1.1734954348983564,
weibull_softplus_unscaled@kappa_floor_link_flat15_nocap,table9,panel_oof,0,3,64,1.2643846832701109,
weibull_softplus_unscaled@kappa_floor_link_flat15_nocap,table9,panel_oof,0,3,66,1.2233118072640539,
weibull_softplus_unscaled@kappa_floor_link_flat15_nocap,table9,panel_oof,0,3,67,1.2271751167559035,
weibull_softplus_unscaled@kappa_floor_link_flat15_nocap,table9,panel_oof,0,3,70,1.2640324813003838,
weibull_softplus_unscaled@kappa_floor_link_flat15_nocap,table9,panel_oof,0,3,71,1.2389537108889144,
weibull_softplus_unscaled@kappa_floor_link_flat15_nocap,table9,panel_oof,0,3,72,1.233598805560887,
weibull_softplus_unscaled@kappa_floor_link_flat15_nocap,table9,panel_oof,0,3,74,1.1924559232484468,
weibull_softplus_unscaled@kappa_floor_link_flat15_nocap,table9,panel_oof,0,3,75,1.2373960256046224,
weibull_softplus_unscaled@kappa_floor_link_flat15_nocap,table9,panel_oof,0,3,78,1.2395879199908226,
weibull_softplus_unscaled@kappa_floor_link_flat15_nocap,table9,panel_oof,0,3,85,1.2121605004229288,
weibull_softplus_unscaled@kappa_floor_link_flat15_nocap,table9,panel_oof,0,3,88,1.2798471541528684,
weibull_softplus_unscaled@kappa_floor_link_flat15_nocap,table9,panel_oof,0,3,89,1.2155181225085396,
weibull_softplus_unscaled@kappa_floor_link_flat15_nocap,table9,panel_oof,0,3,92,1.1847914532287058,
weibull_softplus_unscaled@kappa_floor_link_flat15_nocap,table9,panel_oof,0,3,93,1.2059230046289084,
weibull_softplus_unscaled@kappa_floor_link_flat15_nocap,table9,panel_oof,0,3,94,1.1904107503413492,
weibull_softplus_unscaled@kappa_floor_link_flat15_nocap,table9,panel_oof,0,3,95,1.2470247078845413,
weibull_softplus_unscaled@kappa_floor_link_flat15_nocap,table9,panel_oof,0,3,96,1.2218248712857762,
weibull_softplus_unscaled@kappa_floor_link_flat15_nocap,table9,panel_oof,0,3,97,1.1902926702631973,
weibull_softplus_unscaled@kappa_floor_link_flat15_nocap,table9,panel_oof,0,3,102,1.2268608923259863,
weibull_softplus_unscaled@kappa_floor_link_flat15_nocap,table9,panel_oof,0,3,108,1.2649158678392194,
weibull_softplus_unscaled@kappa_floor_link_flat15_nocap,table9,panel_oof,0,3,110,1.2312133972603252,
weibull_softplus_unscaled@kappa_floor_link_flat15_nocap,table9,panel_oof,0,3,111,1.2469829563517305,
weibull_softplus_unscaled@kappa_floor_link_flat15_nocap,table9,panel_oof,0,3,117,1.3243917979148274,
weibull_softplus_unscaled@kappa_floor_link_flat15_nocap,table9,panel_oof,0,3,120,1.2067943636482243,
weibull_softplus_unscaled@kappa_floor_link_flat15_nocap,table9,panel_oof,0,3,121,1.202654365606037,
weibull_softplus_unscaled@kappa_floor_link_flat15_nocap,table9,panel_oof,0,3,127,1.1899701903264108,
weibull_softplus_unscaled@kappa_floor_link_flat15_nocap,table9,panel_oof,0,3,128,1.2167792750695265,
weibull_softplus_unscaled@kappa_floor_link_flat15_nocap,table9,panel_oof,0,3,129,1.200319552926365,
weibull_softplus_unscaled@kappa_floor_link_flat15_nocap,table9,panel_oof,0,3,130,1.2205528158637673,
weibull_softplus_unscaled@kappa_floor_link_flat15_nocap,table9,panel_oof,0,3,132,1.3104255404981573,
weibull_softplus_unscaled@kappa_floor_link_flat15_nocap,table9,panel_oof,0,3,139,1.2367332863816927,
weibull_softplus_unscaled@kappa_floor_link_flat15_nocap,table9,panel_oof,0,3,143,1.2442019466706422,
weibull_softplus_unscaled@kappa_floor_link_flat15_nocap,table9,panel_oof,0,3,146,1.2806452433096527,
weibull_softplus_unscaled@kappa_floor_link_flat15_nocap,table9,panel_oof,0,3,148,1.2085244399314974,
weibull_softplus_unscaled@kappa_floor_link_flat15_nocap,table9,panel_oof,0,3,149,1.2995664455379485,
weibull_softplus_unscaled@kappa_floor_link_flat15_nocap,table9,panel_oof,0,3,150,1.252584200912282,
weibull_softplus_unscaled@kappa_floor_link_flat15_nocap,table9,panel_oof,0,3,153,1.2424529448677173,
weibull_softplus_unscaled@kappa_floor_link_flat15_nocap,table9,panel_oof,0,3,156,1.1885120170374077,
weibull_softplus_unscaled@kappa_floor_link_flat15_nocap,table9,panel_oof,0,3,159,1.247854271325892,
weibull_softplus_unscaled@kappa_floor_link_flat15_nocap,table9,panel_oof,0,3,161,1.3447365485290677,
weibull_softplus_unscaled@kappa_floor_link_flat15_nocap,table9,panel_oof,0,3,164,1.1930830866811846,
weibull_softplus_unscaled@kappa_floor_link_flat15_nocap,table9,panel_oof,0,3,167,1.2199653064294833,
weibull_softplus_unscaled@kappa_floor_link_flat15_nocap,table9,panel_oof,0,3,170,1.2017373010968087,
weibull_softplus_unscaled@kappa_floor_link_flat15_nocap,table9,panel_oof,0,3,173,1.2184170188327323,
weibull_softplus_unscaled@kappa_floor_link_flat15_nocap,table9,panel_oof,0,3,174,1.221342479701226,
weibull_softplus_unscaled@kappa_floor_link_flat15_nocap,table9,panel_oof,0,3,177,1.220248317331649,
weibull_softplus_unscaled@kappa_floor_link_flat15_nocap,table9,panel_oof,0,3,180,1.2220791472076833,
weibull_softplus_unscaled@kappa_floor_link_flat15_nocap,table9,panel_oof,0,3,181,1.2598224761545518,
weibull_softplus_unscaled@kappa_floor_link_flat15_nocap,table9,panel_oof,0,3,184,1.1837215439879283,
weibull_softplus_unscaled@kappa_floor_link_flat15_nocap,table9,panel_oof,0,3,185,1.2255570543787804,
weibull_softplus_unscaled@kappa_floor_link_flat15_nocap,table9,panel_oof,0,3,189,1.2323859716823313,
weibull_softplus_unscaled@kappa_floor_link_flat15_nocap,table9,panel_oof,0,3,190,1.22495617438556,
weibull_softplus_unscaled@kappa_floor_link_flat15_nocap,table9,panel_oof,0,3,192,1.181807307446869,
weibull_softplus_unscaled@kappa_floor_link_flat15_nocap,table9,panel_oof,0,3,194,1.2146944959633417,
weibull_softplus_unscaled@kappa_floor_link_flat15_nocap,table9,panel_oof,0,3,201,1.14253860304117,
weibull_softplus_unscaled@kappa_floor_link_flat15_nocap,table9,panel_oof,0,3,203,1.2073239365173225,
weibull_softplus_unscaled@kappa_floor_link_flat15_nocap,table9,panel_oof,0,3,204,1.2265438152816182,
weibull_softplus_unscaled@kappa_floor_link_flat15_nocap,table9,panel_oof,0,3,206,1.181451659065417,
weibull_softplus_unscaled@kappa_floor_link_flat15_nocap,table9,panel_oof,0,3,214,1.2274206116168034,
weibull_softplus_unscaled@kappa_floor_link_flat15_nocap,table9,panel_oof,0,3,218,1.1563123125003125,
weibull_softplus_unscaled@kappa_floor_link_flat15_nocap,table9,panel_oof,0,3,225,1.2650202765038392,
weibull_softplus_unscaled@kappa_floor_link_flat15_nocap,table9,panel_oof,0,3,228,1.2110136662304232,
weibull_softplus_unscaled@kappa_floor_link_flat15_nocap,table9,panel_oof,0,3,232,1.2195820202629286,
weibull_softplus_unscaled@kappa_floor_link_flat15_nocap,table9,panel_oof,0,3,234,1.223565052504911,
weibull_softplus_unscaled@kappa_floor_link_flat15_nocap,table9,panel_oof,0,3,240,1.1527432724108189,
weibull_softplus_unscaled@kappa_floor_link_flat15_nocap,table9,panel_oof,0,4,18,1.2186331458736834,
weibull_softplus_unscaled@kappa_floor_link_flat15_nocap,table9,panel_oof,0,4,19,1.2485275029882148,
weibull_softplus_unscaled@kappa_floor_link_flat15_nocap,table9,panel_oof,0,4,28,1.2516652449376116,
weibull_softplus_unscaled@kappa_floor_link_flat15_nocap,table9,panel_oof,0,4,31,1.1900028161999232,
weibull_softplus_unscaled@kappa_floor_link_flat15_nocap,table9,panel_oof,0,4,42,1.1953696011794053,
weibull_softplus_unscaled@kappa_floor_link_flat15_nocap,table9,panel_oof,0,4,47,1.19774562513795,
weibull_softplus_unscaled@kappa_floor_link_flat15_nocap,table9,panel_oof,0,4,60,1.1999294498352218,
weibull_softplus_unscaled@kappa_floor_link_flat15_nocap,table9,panel_oof,0,4,76,1.2811845674627438,
weibull_softplus_unscaled@kappa_floor_link_flat15_nocap,table9,panel_oof,0,4,77,1.238523311720767,
weibull_softplus_unscaled@kappa_floor_link_flat15_nocap,table9,panel_oof,0,4,80,1.256704046644172,
weibull_softplus_unscaled@kappa_floor_link_flat15_nocap,table9,panel_oof,0,4,82,1.2021122001514146,
weibull_softplus_unscaled@kappa_floor_link_flat15_nocap,table9,panel_oof,0,4,103,1.2429884611554243,
weibull_softplus_unscaled@kappa_floor_link_flat15_nocap,table9,panel_oof,0,4,104,1.2478407366821211,
weibull_softplus_unscaled@kappa_floor_link_flat15_nocap,table9,panel_oof,0,4,114,1.2290041697540568,
weibull_softplus_unscaled@kappa_floor_link_flat15_nocap,table9,panel_oof,0,4,118,1.1975048727962383,
weibull_softplus_unscaled@kappa_floor_link_flat15_nocap,table9,panel_oof,0,4,125,1.1194767602996487,
weibull_softplus_unscaled@kappa_floor_link_flat15_nocap,table9,panel_oof,0,4,131,1.1886360066550272,
weibull_softplus_unscaled@kappa_floor_link_flat15_nocap,table9,panel_oof,0,4,155,1.1759738827824737,
weibull_softplus_unscaled@kappa_floor_link_flat15_nocap,table9,panel_oof,0,4,162,1.2234364233793649,
weibull_softplus_unscaled@kappa_floor_link_flat15_nocap,table9,panel_oof,0,4,168,1.146040884049011,
weibull_softplus_unscaled@kappa_floor_link_flat15_nocap,table9,panel_oof,0,4,178,1.1399007947619442,
weibull_softplus_unscaled@kappa_floor_link_flat15_nocap,table9,panel_oof,0,4,179,1.2479915826785501,
weibull_softplus_unscaled@kappa_floor_link_flat15_nocap,table9,panel_oof,0,4,186,1.1848468160481156,
weibull_softplus_unscaled@kappa_floor_link_flat15_nocap,table9,panel_oof,0,4,193,1.2168626198356827,
weibull_softplus_unscaled@kappa_floor_link_flat15_nocap,table9,panel_oof,0,4,199,1.1905569327355154,
weibull_softplus_unscaled@kappa_floor_link_flat15_nocap,table9,panel_oof,0,4,202,1.2077941083893102,
weibull_softplus_unscaled@kappa_floor_link_flat15_nocap,table9,panel_oof,0,4,207,1.2480270873831727,
weibull_softplus_unscaled@kappa_floor_link_flat15_nocap,table9,panel_oof,0,4,212,1.1958897740499268,
weibull_softplus_unscaled@kappa_floor_link_flat15_nocap,table9,panel_oof,0,4,216,1.220137171913537,
weibull_softplus_unscaled@kappa_floor_link_flat15_nocap,table9,panel_oof,0,4,221,1.1929733898617187,
weibull_softplus_unscaled@kappa_floor_link_flat15_nocap,table9,panel_oof,0,4,230,1.191356535412072,
weibull_softplus_unscaled@kappa_floor_link_flat15_nocap,table9,panel_oof,0,4,231,1.199630863111493,
weibull_softplus_unscaled@kappa_floor_link_flat15_nocap,table9,panel_oof,0,4,239,1.2155701415920996,
weibull_softplus_unscaled@kappa_floor_link_flat15_nocap,table9,external_development,0,-1,delphi_3e18_39bucket:0066da643d35e694a311d26516399114a1c69adba1f7795b773b704d93c0e945,1.2206464552262872,0.003546835203989489
weibull_softplus_unscaled@kappa_floor_link_flat15_nocap,table9,external_development,0,-1,delphi_3e18_39bucket:015ce47db7b4ac2a312c1dfa614d699adb8526230f5a7355c112e4e546f4bb96,1.1928702865869982,0.0034794809587010912
weibull_softplus_unscaled@kappa_floor_link_flat15_nocap,table9,external_development,0,-1,delphi_3e18_39bucket:01985d1f15bebd8fef77b5150d00df90b1460ff11f8dbeb34a83d3755d4831ca,1.124187915757358,0.0022730303363820864
weibull_softplus_unscaled@kappa_floor_link_flat15_nocap,table9,external_development,0,-1,delphi_3e18_39bucket:02c70e578e5784e551eefe679886439d9c803cedd53b283f3333a0c5fbe3e5cf,1.2024905550560367,0.0034336505157910877
weibull_softplus_unscaled@kappa_floor_link_flat15_nocap,table9,external_development,0,-1,delphi_3e18_39bucket:037a604380dcbb0bd031ab6fe4d27d6f859ec425fb267f14b984c1fb545aefe5,1.2013750963169487,0.003683585033632228
weibull_softplus_unscaled@kappa_floor_link_flat15_nocap,table9,external_development,0,-1,delphi_3e18_39bucket:039e773502afbad67dfd37ee20068668a2092188b0245ddd91d40a1560e905f6,1.1335350725526114,0.0019347864335217883
weibull_softplus_unscaled@kappa_floor_link_flat15_nocap,table9,external_development,0,-1,delphi_3e18_39bucket:073bad81517f75d40c9eb877348b38c8734b28dc6cb239c2089c9c35e9510223,1.090894526614485,0.003752366445214098
weibull_softplus_unscaled@kappa_floor_link_flat15_nocap,table9,external_development,0,-1,delphi_3e18_39bucket:0788d5de28276914dae1c6388f1ab105867ad1d4a087d52bf0b8519d80129c89,1.193581850388381,0.0034573869629541077
weibull_softplus_unscaled@kappa_floor_link_flat15_nocap,table9,external_development,0,-1,delphi_3e18_39bucket:081b3e9c9806710005689ad55a35ca2b5545880488e77cee8042740337e79dfd,1.095160576198331,0.005030260372167111
weibull_softplus_unscaled@kappa_floor_link_flat15_nocap,table9,external_development,0,-1,delphi_3e18_39bucket:09ab1aa79a519d8cbef31696066513a006253831fb687b610438ea9b39faef2c,1.222948497694015,0.002936474870619138
weibull_softplus_unscaled@kappa_floor_link_flat15_nocap,table9,external_development,0,-1,delphi_3e18_39bucket:09de561eed4cac3d6052c3e7ccd15b7d2bf21ffe6620953c40d04597b793517c,1.1152801081308321,0.0030847897922188926
weibull_softplus_unscaled@kappa_floor_link_flat15_nocap,table9,external_development,0,-1,delphi_3e18_39bucket:0a4c90180e2e9f06b17432216267636bc90d169f9f68bad8b789d271cb541e26,1.1389920487892373,0.0027521006770492283
weibull_softplus_unscaled@kappa_floor_link_flat15_nocap,table9,external_development,0,-1,delphi_3e18_39bucket:0a69a64824dbbec7bffe6fbd96bf614be79fa346a55fb8dad697d2aed91a31fe,1.0756763524145696,0.004727276397140439
weibull_softplus_unscaled@kappa_floor_link_flat15_nocap,table9,external_development,0,-1,delphi_3e18_39bucket:0c6db73ff59b9cdac2e2428761ffc68d8764b26faefabce9cdbe0ad6133514fb,1.1217244180804145,0.0025597484911379273
weibull_softplus_unscaled@kappa_floor_link_flat15_nocap,table9,external_development,0,-1,delphi_3e18_39bucket:0c87eb28b1c95ec40d341aff414b3e73bc9300563def3b5d974082fe44509895,1.1948941562488318,0.0034329209531759794
weibull_softplus_unscaled@kappa_floor_link_flat15_nocap,table9,external_development,0,-1,delphi_3e18_39bucket:0da14a6e57c138c21227eebbd44f186ea18272987a7f24f9edce875f3f5c35b2,1.1916466424493026,0.003572007618800276
weibull_softplus_unscaled@kappa_floor_link_flat15_nocap,table9,external_development,0,-1,delphi_3e18_39bucket:0fb57d38488e9d032a8a2d6e385eebbe0bb87510b042d12426a68166e3ec53b2,1.1510605082393985,0.002195475664475835
weibull_softplus_unscaled@kappa_floor_link_flat15_nocap,table9,external_development,0,-1,delphi_3e18_39bucket:100cd66fd89a88c77157afcbddc20547cc115238f2281abf552b8c0d0374cc36,1.2236219046685177,0.00438731486892224
weibull_softplus_unscaled@kappa_floor_link_flat15_nocap,table9,external_development,0,-1,delphi_3e18_39bucket:115087d05bce1abc0d1e7590a4cc0b36b643cd94c47ca5e044580bd8ff9fa514,1.0932061055643958,0.005429700668907116
weibull_softplus_unscaled@kappa_floor_link_flat15_nocap,table9,external_development,0,-1,delphi_3e18_39bucket:1186365305df843132a2b49cf1f4f3279bc6792218502b2ddb658ff6a8909811,1.206426551714694,0.004151350007546278
weibull_softplus_unscaled@kappa_floor_link_flat15_nocap,table9,external_development,0,-1,delphi_3e18_39bucket:14ae27b209bb3f3e584f2a754f2f606b14c6a91a854a6960f5f2002189a9c63f,1.1045665841092243,0.0016366375646290495
weibull_softplus_unscaled@kappa_floor_link_flat15_nocap,table9,external_development,0,-1,delphi_3e18_39bucket:1583e0fcd8684efdb53f5dba40c3ee266a316d16da17c423933aa17c59399bb4,1.0766577560837827,0.003839441920223341
weibull_softplus_unscaled@kappa_floor_link_flat15_nocap,table9,external_development,0,-1,delphi_3e18_39bucket:168c44d2006162a6a570833acdedfc0e9cbace3ee8b4582d93c0d17b9a8f62dc,1.1941042190662805,0.0035334284423063625
weibull_softplus_unscaled@kappa_floor_link_flat15_nocap,table9,external_development,0,-1,delphi_3e18_39bucket:180f3fe5f075a653053c6abb3614d3d97e4e8bd81a9bf3339b610420a3e507e1,1.1286098048191542,0.016850826102567308
weibull_softplus_unscaled@kappa_floor_link_flat15_nocap,table9,external_development,0,-1,delphi_3e18_39bucket:18a99a3351245092d3769f803d6ed42ad1446d61d00a6145d3ab0f7eb370ad43,1.1897424922928983,0.0033734619156338863
weibull_softplus_unscaled@kappa_floor_link_flat15_nocap,table9,external_development,0,-1,delphi_3e18_39bucket:19e6d0a05b7cc0e501b20e580b9d694acf4b47aafcdbc8afc3840bc26b8e9183,1.1865747373437232,0.0032889967733181996
weibull_softplus_unscaled@kappa_floor_link_flat15_nocap,table9,external_development,0,-1,delphi_3e18_39bucket:1abe87613ee3136eb10062b5549438b1593f06bc22629e4f06a79dc512925a09,1.1001760445560493,0.003538188523219687
weibull_softplus_unscaled@kappa_floor_link_flat15_nocap,table9,external_development,0,-1,delphi_3e18_39bucket:1bd2258fc50c2f2300cfee3ccf288fcf65b55a83f6f4e754166ad83968fd2bc5,1.196741804249498,0.0037960246375175976
weibull_softplus_unscaled@kappa_floor_link_flat15_nocap,table9,external_development,0,-1,delphi_3e18_39bucket:1c82f47a17303f1c725bb67357c5df989e689eab6ce331e314ec3f25166ddb7f,1.1788878021804492,0.0032143210935119456
weibull_softplus_unscaled@kappa_floor_link_flat15_nocap,table9,external_development,0,-1,delphi_3e18_39bucket:1f764babd33705edc89b9384b3ade86c50adefb121d72a48eead725f2f99fdbb,1.2081642711446354,0.003763412223178088
weibull_softplus_unscaled@kappa_floor_link_flat15_nocap,table9,external_development,0,-1,delphi_3e18_39bucket:217fcc24bb6f19269acad2fd83783863fb8c38fe10b23c82e8d4650e3c20af96,1.0724389677788664,0.009005421478985918
weibull_softplus_unscaled@kappa_floor_link_flat15_nocap,table9,external_development,0,-1,delphi_3e18_39bucket:2217566357ae6eb4d1e0a63ed7d1b5f74bf85feb4a34fc2294075abf4779dc8a,1.092175679093601,0.016170189842738963
weibull_softplus_unscaled@kappa_floor_link_flat15_nocap,table9,external_development,0,-1,delphi_3e18_39bucket:22435fb72d5378f38e67f149c5327cefd8299de7f2802d207068e148a654d87a,1.0675213336149085,0.00569378305139543
weibull_softplus_unscaled@kappa_floor_link_flat15_nocap,table9,external_development,0,-1,delphi_3e18_39bucket:244c4cf1cc1aff8a4fa4a6620ac3c4e89194a0edec3d369e2d5c5a3ffc611fbd,1.1912246285774368,0.003577648726879211
weibull_softplus_unscaled@kappa_floor_link_flat15_nocap,table9,external_development,0,-1,delphi_3e18_39bucket:257cf9d7063698fc7195b8f86bda6fdb70aa44cc6560c09437872f7afc15b3c7,1.19336973303277,0.003454310498649786
weibull_softplus_unscaled@kappa_floor_link_flat15_nocap,table9,external_development,0,-1,delphi_3e18_39bucket:2805171d708ffa47ad55eebdded48bbe9184de34aaa01c764857896330bd5ed8,1.0806195171008581,0.002828928330716045
weibull_softplus_unscaled@kappa_floor_link_flat15_nocap,table9,external_development,0,-1,delphi_3e18_39bucket:28e9f00790cb0f3bd8eab6e67ab5ed390d4a8f9511b50e2c3b127fed84907f83,1.1938131777062346,0.003650863699071985
weibull_softplus_unscaled@kappa_floor_link_flat15_nocap,table9,external_development,0,-1,delphi_3e18_39bucket:29879913509e18c14302d4122cd80d460dbe36a86de1b841546532b10ae498e9,1.0772494892124036,0.0037902042544994633
weibull_softplus_unscaled@kappa_floor_link_flat15_nocap,table9,external_development,0,-1,delphi_3e18_39bucket:2a97310a9690d4c4d3fba3c8cf2f4c53bec70f4ee6e7bc2798951d5fce110b5c,1.192146433133289,0.003515637402168553
weibull_softplus_unscaled@kappa_floor_link_flat15_nocap,table9,external_development,0,-1,delphi_3e18_39bucket:2b989adc23ee2e9de7f2785a0f77bb06f18f1c8af0a8159044271123a563cdb9,1.0918538742440065,0.001986490540211283
weibull_softplus_unscaled@kappa_floor_link_flat15_nocap,table9,external_development,0,-1,delphi_3e18_39bucket:2f021c092554cc1c442218ef631eef0b2b67a217256c18aa0380762934be6ef9,1.1059676330890835,0.0027558822265442108
weibull_softplus_unscaled@kappa_floor_link_flat15_nocap,table9,external_development,0,-1,delphi_3e18_39bucket:303bf27116162aaf5aad23c1dceb815464d35b45e7e0b3d737d78f0e445a7c48,1.157427049040298,0.002417268459663375
weibull_softplus_unscaled@kappa_floor_link_flat15_nocap,table9,external_development,0,-1,delphi_3e18_39bucket:329d432004aa55ff655af8af17bade03a9b3dd241ea3c9e87a7dbbeb1dc1b1d6,1.1867040451540367,0.003385427684846355
weibull_softplus_unscaled@kappa_floor_link_flat15_nocap,table9,external_development,0,-1,delphi_3e18_39bucket:3614e5ff6454c53dc1b4848cee125d2bf986629dee4783b90415bc92736347a1,1.0909816422437062,0.007327332716173219
weibull_softplus_unscaled@kappa_floor_link_flat15_nocap,table9,external_development,0,-1,delphi_3e18_39bucket:38b51fbcfa5c77121be6726dc68a28ce5ab9452aefd61be07d82e359fbdedf79,1.0973510744224886,0.009924747611888843
weibull_softplus_unscaled@kappa_floor_link_flat15_nocap,table9,external_development,0,-1,delphi_3e18_39bucket:391b0859fe53bf6c9da14d9694a7f85f766f8d8225b48942c840d1f3bebe7876,1.1170919159981394,0.0023312010012775533
weibull_softplus_unscaled@kappa_floor_link_flat15_nocap,table9,external_development,0,-1,delphi_3e18_39bucket:39df5a66a6bcbdc5f52f9f37dfd15b1fdd08a415743db8fb17cc8b0512ac963f,1.247049344840856,0.005288894281013466
weibull_softplus_unscaled@kappa_floor_link_flat15_nocap,table9,external_development,0,-1,delphi_3e18_39bucket:3c5d1d0ddb5500239d26944a313e0c966e43abfabc203fcdb07d5db66f8dc712,1.101058837845144,0.015151757278276525
weibull_softplus_unscaled@kappa_floor_link_flat15_nocap,table9,external_development,0,-1,delphi_3e18_39bucket:3d3cd30314fd09b91f22ba82b732e228369abd03b55a27da937e0bca5a083a0a,1.188093877333106,0.003594664626608257
weibull_softplus_unscaled@kappa_floor_link_flat15_nocap,table9,external_development,0,-1,delphi_3e18_39bucket:3d45f3bc22316f2c3a26d5af2662f5cc5b2e1214d7bf88bc7dfa2b034b89b076,1.1007535013355203,0.0034651956795943655
weibull_softplus_unscaled@kappa_floor_link_flat15_nocap,table9,external_development,0,-1,delphi_3e18_39bucket:3de18a523f9dbadd83062cb454ad019820e391183b58003dd91dda53a4b13e1b,1.1486129725985177,0.024764403726866616
weibull_softplus_unscaled@kappa_floor_link_flat15_nocap,table9,external_development,0,-1,delphi_3e18_39bucket:3ec760a2d3f08ec7acbde5dd5b70f25acbb174767b5f8e54d028852120660c2d,1.0987962427285782,0.006128970877232617
weibull_softplus_unscaled@kappa_floor_link_flat15_nocap,table9,external_development,0,-1,delphi_3e18_39bucket:3f18082665844ac4fa26e9c9e87ec9528a72d448eff278e6eb0fb7e1d4dc39bc,1.1234053748215942,0.0044527519701351515
weibull_softplus_unscaled@kappa_floor_link_flat15_nocap,table9,external_development,0,-1,delphi_3e18_39bucket:4148bb820fc709c78f6daf88c6822b7f28c7d1aba87c815125bab9cc0c715d32,1.1479033187345848,0.01941284387958479
weibull_softplus_unscaled@kappa_floor_link_flat15_nocap,table9,external_development,0,-1,delphi_3e18_39bucket:419ee81cda8173e88f7ada544fce6e041beb00f9371af74edf51e3240616e6ae,1.0995655803493003,0.0033311874392490527
weibull_softplus_unscaled@kappa_floor_link_flat15_nocap,table9,external_development,0,-1,delphi_3e18_39bucket:435fc59b9f74ea68a12a16abcf01b49d1d751709400f056661ece786c4fb97f4,1.195723468196494,0.003286239516168749
weibull_softplus_unscaled@kappa_floor_link_flat15_nocap,table9,external_development,0,-1,delphi_3e18_39bucket:43a1b832b41d7b3705abe45be2d9a39f606803f539c4bfc22f9bdb84abd4ecdd,1.18616599058503,0.0032843133416685993
weibull_softplus_unscaled@kappa_floor_link_flat15_nocap,table9,external_development,0,-1,delphi_3e18_39bucket:44ce79a61450d4abf95809bf0fa221ae9d748008c8b5ae22fd8d3212c27a3fea,1.0954667215111384,0.0016260021951511711
weibull_softplus_unscaled@kappa_floor_link_flat15_nocap,table9,external_development,0,-1,delphi_3e18_39bucket:454b420da2501cc8413ce34639b91fba6c924e92d4acb602a12a4188a7bbac06,1.125962190009159,0.00502087495990416
weibull_softplus_unscaled@kappa_floor_link_flat15_nocap,table9,external_development,0,-1,delphi_3e18_39bucket:45c4ebe12e4506146427d7cf86c80df51ee3636fdc90eec46c6fbcda132736d3,1.1974644613791237,0.0034164828276389845
weibull_softplus_unscaled@kappa_floor_link_flat15_nocap,table9,external_development,0,-1,delphi_3e18_39bucket:46346afc1e8f516e3cf8db030395bc5bdba3094e0d1d6ce3d9212fbb3736b08f,1.2191244265356591,0.002120958039494463
weibull_softplus_unscaled@kappa_floor_link_flat15_nocap,table9,external_development,0,-1,delphi_3e18_39bucket:479b4c0d010ec8af266c712fad85c52a6b25371b206b9d3bea78ede611674b9e,1.2574103521521685,0.003991862277276978
weibull_softplus_unscaled@kappa_floor_link_flat15_nocap,table9,external_development,0,-1,delphi_3e18_39bucket:47f173bc0284dd1f8264d5a01dd8a2fcd9c04165efed2d185d16e1684ae02254,1.1328377751114589,0.007568301250131191
weibull_softplus_unscaled@kappa_floor_link_flat15_nocap,table9,external_development,0,-1,delphi_3e18_39bucket:4925c3287b201af1db9d1972026e9bf6b2b76a75673de01b83cd6af4965a90c1,1.0886077567587442,0.001939773755053913
weibull_softplus_unscaled@kappa_floor_link_flat15_nocap,table9,external_development,0,-1,delphi_3e18_39bucket:49605a406a87e4b29ff1058b67cff48d00f583ed007d73fd163a37ab3f1ef415,1.1142233320028851,0.002310220019338596
weibull_softplus_unscaled@kappa_floor_link_flat15_nocap,table9,external_development,0,-1,delphi_3e18_39bucket:4d2a9f8e18ebd65e0860eaa7996c71b4bc666ece79a59f99599bf658eaaf1ca6,1.2681899909485868,0.007728902971798958
weibull_softplus_unscaled@kappa_floor_link_flat15_nocap,table9,external_development,0,-1,delphi_3e18_39bucket:4dcd25089f067b1c4aa3d94b5a6046e58c872c7192b21d095899daf4324f9073,1.2837171585866156,0.006947258028007821
weibull_softplus_unscaled@kappa_floor_link_flat15_nocap,table9,external_development,0,-1,delphi_3e18_39bucket:51ba2b4f2f488f8c496f545e752754c9e324fea095988aeafc121d14587f9440,1.0903291474973895,0.004422822000903898
weibull_softplus_unscaled@kappa_floor_link_flat15_nocap,table9,external_development,0,-1,delphi_3e18_39bucket:520b93fe83078f785e1745d02d62d4de498b2d844861b920f20ad9fddb96d966,1.1115602651620464,0.0038484129076427234
weibull_softplus_unscaled@kappa_floor_link_flat15_nocap,table9,external_development,0,-1,delphi_3e18_39bucket:5268fc7970fdd1757c78b3d28d3b4a01e39ae7eb48d9eff786688b6aa8419e2c,1.2021371655619328,0.0035720923604453964
weibull_softplus_unscaled@kappa_floor_link_flat15_nocap,table9,external_development,0,-1,delphi_3e18_39bucket:5302a3d504bc827eb82480e47fa5f9369b2a34a9073980d5a79b7b11472c3d35,1.1014745930523748,0.003113314920286299
weibull_softplus_unscaled@kappa_floor_link_flat15_nocap,table9,external_development,0,-1,delphi_3e18_39bucket:5304e9320d8a83ce4fc5f0c3d55748a46b482bd39654250154a2e9b9b1f11612,1.0656909324449448,0.005317300767039208
weibull_softplus_unscaled@kappa_floor_link_flat15_nocap,table9,external_development,0,-1,delphi_3e18_39bucket:547f1880e12c632add60347ae92abf186e58bd4549de02831f05f117476ccd27,1.083629470896847,0.0022435572165130906
weibull_softplus_unscaled@kappa_floor_link_flat15_nocap,table9,external_development,0,-1,delphi_3e18_39bucket:5653d17dd718ed001c50f11b1296a0b6c437549494c3ad1c8cb1b53da2629181,1.124507672575728,0.014032323049288207
weibull_softplus_unscaled@kappa_floor_link_flat15_nocap,table9,external_development,0,-1,delphi_3e18_39bucket:569f2fae296c65c150355a111967e64f0458d6d4e4e6695bdad8510e2d957522,1.0859710316641018,0.002159010562300455
weibull_softplus_unscaled@kappa_floor_link_flat15_nocap,table9,external_development,0,-1,delphi_3e18_39bucket:577ebf44b0802041939fa396b991d55566e0430342ea4e86916d0a09526dfc7b,1.1387119738389608,0.00338613122308781
weibull_softplus_unscaled@kappa_floor_link_flat15_nocap,table9,external_development,0,-1,delphi_3e18_39bucket:587d99c210755fe678009083951edbaf5f30125b9a9228c07223908788f4efbf,1.1223500473370849,0.004764170490242617
weibull_softplus_unscaled@kappa_floor_link_flat15_nocap,table9,external_development,0,-1,delphi_3e18_39bucket:593cd68cc1f7693b8781f426fd8bf633d814852c98cef69f1dc0e05aa749a4a8,1.196451722351569,0.0033821353616763257
weibull_softplus_unscaled@kappa_floor_link_flat15_nocap,table9,external_development,0,-1,delphi_3e18_39bucket:5969f449d772b308738c1973bb8124a9388da3145bdcd4dbf580903e8aa5ae45,1.0875371211994458,0.010539592631199598
weibull_softplus_unscaled@kappa_floor_link_flat15_nocap,table9,external_development,0,-1,delphi_3e18_39bucket:5a6c87e0a035e4d18b7e137b2cc16b00806f8d1ef126cc1b3e98ec648866cd95,1.0899589769956315,0.010814089143184987
weibull_softplus_unscaled@kappa_floor_link_flat15_nocap,table9,external_development,0,-1,delphi_3e18_39bucket:5bab89a350083bbb82d43430d716a115110122a55cabce94a4c485ba7cfc7890,1.0972349418686789,0.0036452775621670873
weibull_softplus_unscaled@kappa_floor_link_flat15_nocap,table9,external_development,0,-1,delphi_3e18_39bucket:5d327ac229879291117268bc6336e58c8152465241259a6f06a7977096c2cbab,1.1057006776784992,0.030453007940336375
weibull_softplus_unscaled@kappa_floor_link_flat15_nocap,table9,external_development,0,-1,delphi_3e18_39bucket:5d81c990ff3f85d604963810f29b83410738a33c030bdad16230497701c673cc,1.1266296111400664,0.0017744384190409026
weibull_softplus_unscaled@kappa_floor_link_flat15_nocap,table9,external_development,0,-1,delphi_3e18_39bucket:5da4a1f0602a1c573a15377a4719b3b792d3be63656c74bcdef8bd988e67c292,1.089031718055646,0.016148697351401228
weibull_softplus_unscaled@kappa_floor_link_flat15_nocap,table9,external_development,0,-1,delphi_3e18_39bucket:5f70df28cce5d870961ea81fd9171415d174214efb666d244008771b3f8a8132,1.1330805966076887,0.006734050632675365
weibull_softplus_unscaled@kappa_floor_link_flat15_nocap,table9,external_development,0,-1,delphi_3e18_39bucket:5f8f1118125ab64ed7032396f431fe7a879ad10627850bcd4cebb2b9c12c9c22,1.1929258066070725,0.0035891079114965144
weibull_softplus_unscaled@kappa_floor_link_flat15_nocap,table9,external_development,0,-1,delphi_3e18_39bucket:6233cb472d97f01738aec435e826103682ccfd8390ef3bf6783341c9818b9043,1.10914243848815,0.004317593988508972
weibull_softplus_unscaled@kappa_floor_link_flat15_nocap,table9,external_development,0,-1,delphi_3e18_39bucket:635528e5e2a0e881124caf31eb8cf68a81b7afe38b50630e57e736edbdd31013,1.1239243602031297,0.004752177595219336
weibull_softplus_unscaled@kappa_floor_link_flat15_nocap,table9,external_development,0,-1,delphi_3e18_39bucket:643213b3d69a274b198c42fc5df8e2e33accfef69d26786274a4e3f0d3ff1eba,1.0963470125734793,0.002716598528193289
weibull_softplus_unscaled@kappa_floor_link_flat15_nocap,table9,external_development,0,-1,delphi_3e18_39bucket:64f4ce182df0f4dc266d00d5177554ae26d369be6d6fdc42e4020ce4c159e038,1.1438634027136634,0.006439358861632256
weibull_softplus_unscaled@kappa_floor_link_flat15_nocap,table9,external_development,0,-1,delphi_3e18_39bucket:67219c03d0898c3bde8548203483153b8dab3ed4fff577a865554213c097934e,1.1015819979163926,0.0039046450938437626
weibull_softplus_unscaled@kappa_floor_link_flat15_nocap,table9,external_development,0,-1,delphi_3e18_39bucket:6804300e425006b08f97520a7f6c9bba13378a0b6b02edcbfec5611e5ca0c44d,1.0824563562415421,0.002969727523039406
weibull_softplus_unscaled@kappa_floor_link_flat15_nocap,table9,external_development,0,-1,delphi_3e18_39bucket:68195b7435e250fecfae0a4a43494aec7a31a5058003835e9123c0d9e17c5779,1.1932514803142062,0.0034809296334911075
weibull_softplus_unscaled@kappa_floor_link_flat15_nocap,table9,external_development,0,-1,delphi_3e18_39bucket:685f65df9a5d97bc32080e3b868a666285be0939d78e0a811d378657ee757244,1.084447641377168,0.007007648247124503
weibull_softplus_unscaled@kappa_floor_link_flat15_nocap,table9,external_development,0,-1,delphi_3e18_39bucket:6a6a57cc90489b1821b2d65721b9c2e1d907405a1cb08fb12b0a637f75a245c7,1.2156048459492848,0.0035647208076499343
weibull_softplus_unscaled@kappa_floor_link_flat15_nocap,table9,external_development,0,-1,delphi_3e18_39bucket:6b35fe0f0f1836e028d532783d26a896a624c7a1b735b664c912826d6046ade7,1.19307177456749,0.003494467243849468
weibull_softplus_unscaled@kappa_floor_link_flat15_nocap,table9,external_development,0,-1,delphi_3e18_39bucket:6be8998407711e41d66a8387ce4264ca2d324918221eafcce587dcead56348cf,1.0924701691278855,0.002162745015788067
weibull_softplus_unscaled@kappa_floor_link_flat15_nocap,table9,external_development,0,-1,delphi_3e18_39bucket:6c651e55ddca05236b7de3e3673e1b135e1bafa15edb691f8d6ccfe12505a49c,1.1368488959566356,0.0031322146711520588
weibull_softplus_unscaled@kappa_floor_link_flat15_nocap,table9,external_development,0,-1,delphi_3e18_39bucket:6eff5c2c6d0c6033485ec4cb97a6edae6de89063ea34c89f669ff4e4e0629eea,1.2047513269639465,0.003861730461196953
weibull_softplus_unscaled@kappa_floor_link_flat15_nocap,table9,external_development,0,-1,delphi_3e18_39bucket:7085b12019ff35a054c005d424eb8596134e288c7ecaa2596bb4b5711eb66326,1.0857970551117637,0.010085661759679369
weibull_softplus_unscaled@kappa_floor_link_flat15_nocap,table9,external_development,0,-1,delphi_3e18_39bucket:7132c13eee4b70ca34a33f9a9ae7366f1bfa0fced8aaf9fa0323bc319b97506a,1.201316567995908,0.0031130414571094284
weibull_softplus_unscaled@kappa_floor_link_flat15_nocap,table9,external_development,0,-1,delphi_3e18_39bucket:71eb42d48f6b6a336390c690ce1e47364dfe485e2a4f06e168075c88b0def0a9,1.2712085118846481,0.005777251691577399
weibull_softplus_unscaled@kappa_floor_link_flat15_nocap,table9,external_development,0,-1,delphi_3e18_39bucket:742dd349c1fbc18af63f516a37aaff216490071ad5e744e3cf744b4b49367d40,1.2111024243652082,0.004338713339764823
weibull_softplus_unscaled@kappa_floor_link_flat15_nocap,table9,external_development,0,-1,delphi_3e18_39bucket:74bdb4e6f472459381f30133f60e19e24a54f6c7d8a9fc845b5471d668934b4d,1.0884622564778794,0.006703972400872615
weibull_softplus_unscaled@kappa_floor_link_flat15_nocap,table9,external_development,0,-1,delphi_3e18_39bucket:789182d5189317aa9b8640cc1bce52e2c170dc32657677d3a4108620bcbb7f05,1.202081854982754,0.0036270984610290965
weibull_softplus_unscaled@kappa_floor_link_flat15_nocap,table9,external_development,0,-1,delphi_3e18_39bucket:78b2e8346a4519dfef462b8376a77bc4e1d601f8933e6641020cf0eb7e48efc0,1.1680433684087803,0.002946836948589827
weibull_softplus_unscaled@kappa_floor_link_flat15_nocap,table9,external_development,0,-1,delphi_3e18_39bucket:79faa6a5b2de9e64c364af44aaa762e31a637c87c7c6d57002f957ef71cbeb84,1.0862578343966591,0.0019721217418313215
weibull_softplus_unscaled@kappa_floor_link_flat15_nocap,table9,external_development,0,-1,delphi_3e18_39bucket:7c9cf8d99e2a20bfcf7060b220169c9ae7c13a5c2cfaa96022cc97b063759fec,1.133182772269968,0.0035007660808242798
weibull_softplus_unscaled@kappa_floor_link_flat15_nocap,table9,external_development,0,-1,delphi_3e18_39bucket:7d6e5bdf2421a78af620ea6ac7975078e405a629c7642ced529ef76b1f6bba54,1.1035056554351508,0.011064593184663067
weibull_softplus_unscaled@kappa_floor_link_flat15_nocap,table9,external_development,0,-1,delphi_3e18_39bucket:7e55a3661a634ab042b0d907f35856d18f479e608ad474942aa5a6ecf7f9f033,1.1126715385848656,0.002122357802552271
weibull_softplus_unscaled@kappa_floor_link_flat15_nocap,table9,external_development,0,-1,delphi_3e18_39bucket:7ea661be2a7587559cb8925e1eb21820cb040c4cd7a883b0f24803c308d3fb41,1.0901655579082252,0.0018275778225180094
weibull_softplus_unscaled@kappa_floor_link_flat15_nocap,table9,external_development,0,-1,delphi_3e18_39bucket:7ed367f16179f0147cfe76808f461bb876363b57665b8e5485529577f7dd5210,1.126371674414894,0.004148323994288312
weibull_softplus_unscaled@kappa_floor_link_flat15_nocap,table9,external_development,0,-1,delphi_3e18_39bucket:80b7399fe369d7309377bca271430df48654b77c59f6f9809f09f49a62c14c95,1.0915729517181658,0.005448547248280054
weibull_softplus_unscaled@kappa_floor_link_flat15_nocap,table9,external_development,0,-1,delphi_3e18_39bucket:80cd1b3538923f0a877e5c9e8a78b526e337a71951c52c3ed2fabe91e7daeb69,1.0985046143855475,0.0031527886741725968
weibull_softplus_unscaled@kappa_floor_link_flat15_nocap,table9,external_development,0,-1,delphi_3e18_39bucket:80ef0b613e000a82657443770642af353463be1258804e7d9a261d13e6d4476b,1.2856352672740659,0.16036089625529734
weibull_softplus_unscaled@kappa_floor_link_flat15_nocap,table9,external_development,0,-1,delphi_3e18_39bucket:81329096cd24fadc9f75ffda9d87c90de1dd4f27e19160c1a0ab25986bc2213e,1.0874907591342833,0.0025496051458370884
weibull_softplus_unscaled@kappa_floor_link_flat15_nocap,table9,external_development,0,-1,delphi_3e18_39bucket:81cb45a36b39811750d0ff0f4375bddfcf30514d23437ee76f5f2fb9aeef22de,1.0989955612470816,0.0032348870774856135
weibull_softplus_unscaled@kappa_floor_link_flat15_nocap,table9,external_development,0,-1,delphi_3e18_39bucket:83255fbba7f49b8b85c42635b9dfbb84761b39c2df55f527fecbf415d75bdb19,1.0962449849259848,0.009654056665169731
weibull_softplus_unscaled@kappa_floor_link_flat15_nocap,table9,external_development,0,-1,delphi_3e18_39bucket:85cf736312d9c54d30d33e799831eace88d4de508ed9795dc06bd89296394ffd,1.1331099255690744,0.008752703900315361
weibull_softplus_unscaled@kappa_floor_link_flat15_nocap,table9,external_development,0,-1,delphi_3e18_39bucket:869e1d284e219525aaf5d7d275906629688a62da31308f8af724cf8e4e5d9f87,1.0979193352775427,0.0016412648861232888
weibull_softplus_unscaled@kappa_floor_link_flat15_nocap,table9,external_development,0,-1,delphi_3e18_39bucket:8742e8c2e0296f55b1c137dd55f16cb74ac4383a6910e9d287ebe64de86fef97,1.0652086977103006,0.006006209626829176
weibull_softplus_unscaled@kappa_floor_link_flat15_nocap,table9,external_development,0,-1,delphi_3e18_39bucket:8764bd229418c70dbbe599973cafc92f4d5c6b32008b9660f4dc1c2b9ea05ee6,1.0859117531943778,0.003601010099431691
weibull_softplus_unscaled@kappa_floor_link_flat15_nocap,table9,external_development,0,-1,delphi_3e18_39bucket:87837653d9cdc600c37c55a28dbdbbafffdc6e81c912de2423ff4dd6118f5f0a,1.1928573257277386,0.003512659051982406
weibull_softplus_unscaled@kappa_floor_link_flat15_nocap,table9,external_development,0,-1,delphi_3e18_39bucket:888cfaf89d4295f594e70e228c529e053cfd95543a8db5dfe5873174591305d6,1.091794959577102,0.004656278014527308
weibull_softplus_unscaled@kappa_floor_link_flat15_nocap,table9,external_development,0,-1,delphi_3e18_39bucket:88da80acdbb077326baf06c1ee5ed44df4ccf2d1c95d0225144a1ef721799941,1.1924024731745821,0.0034652224869939664
weibull_softplus_unscaled@kappa_floor_link_flat15_nocap,table9,external_development,0,-1,delphi_3e18_39bucket:8a5e02daa1e8fdf2a742a34c43f9a70bb723cb9f61bc5fcfe9694679bdaca30e,1.1921268886617082,0.0036279212705027392
weibull_softplus_unscaled@kappa_floor_link_flat15_nocap,table9,external_development,0,-1,delphi_3e18_39bucket:8b6fc2228a641c15336b0a2f6243168c75a92ef85a25feac87bdbcb80fa0ce3e,1.0962855628185069,0.009871301775173468
weibull_softplus_unscaled@kappa_floor_link_flat15_nocap,table9,external_development,0,-1,delphi_3e18_39bucket:8c377f234db2429719cde7dad4993aee8d5ba1a1b9fc4bb1edecd7ce3c71c7ba,1.1968016538781212,0.00333819722020841
weibull_softplus_unscaled@kappa_floor_link_flat15_nocap,table9,external_development,0,-1,delphi_3e18_39bucket:8d8d29d13a22ae384d9c1d2602fbdc405a2944615cac1839a8fed0a4f1cf92cd,1.0954827780884187,0.0070453766666328885
weibull_softplus_unscaled@kappa_floor_link_flat15_nocap,table9,external_development,0,-1,delphi_3e18_39bucket:8e07c6e265071fba3115ceab986006dd4518361d77cde815c233b3b70a3ffdc0,1.1896969744269699,0.0035125288739869063
weibull_softplus_unscaled@kappa_floor_link_flat15_nocap,table9,external_development,0,-1,delphi_3e18_39bucket:8ef412ceada2d7ce755116002b185f9a484e1bd67269fffa0bb96a36e49f1b57,1.1149943160535456,0.0036059334139534162
weibull_softplus_unscaled@kappa_floor_link_flat15_nocap,table9,external_development,0,-1,delphi_3e18_39bucket:8f9d336e61271fad2de609d91cff46986aa0a18d154f1bb47311d58529798e70,1.075403689791851,0.0033399099770614793
weibull_softplus_unscaled@kappa_floor_link_flat15_nocap,table9,external_development,0,-1,delphi_3e18_39bucket:8fd1ba3a337f5601be326ee3fa5f02778374cd45763940f906a747ef581271a2,1.1009647483401284,0.002910308629268775
weibull_softplus_unscaled@kappa_floor_link_flat15_nocap,table9,external_development,0,-1,delphi_3e18_39bucket:90dba2fc8d83436f4853eb165d137a40b833acc83db632ba583aa912e43b733d,1.068409307228424,0.0047388665003590385
weibull_softplus_unscaled@kappa_floor_link_flat15_nocap,table9,external_development,0,-1,delphi_3e18_39bucket:90f52ac0608eb5e98056e42a1f2c4baf179f331a5a38fab70ead512319850a58,1.0934125578930316,0.0054288214699056425
weibull_softplus_unscaled@kappa_floor_link_flat15_nocap,table9,external_development,0,-1,delphi_3e18_39bucket:915788dcc658ef8459d4fe90196613e360eb9a4655570e26ccf506b5a28854fa,1.089859532042707,0.0024761778031965756
weibull_softplus_unscaled@kappa_floor_link_flat15_nocap,table9,external_development,0,-1,delphi_3e18_39bucket:937f2ad80bf81c490b47d4ffa2a834687d935ca5b8d1aac556126ed037de7674,1.2221201903047705,0.04702878234732913
weibull_softplus_unscaled@kappa_floor_link_flat15_nocap,table9,external_development,0,-1,delphi_3e18_39bucket:9402f0aef28710392a371f6c2d00b98a0838d825536798d42069e950307c4c99,1.0977870877532565,0.00998548823671057
weibull_softplus_unscaled@kappa_floor_link_flat15_nocap,table9,external_development,0,-1,delphi_3e18_39bucket:97a9a5ebb9cef7528b5a1da0e741881159e16d17debe1bae0a412102ad3ef173,1.1026885083821607,0.005321104889881391
weibull_softplus_unscaled@kappa_floor_link_flat15_nocap,table9,external_development,0,-1,delphi_3e18_39bucket:99a1fe189ce40a2f048415cf2c9d05a5d0869a5118c2c936a4376cb325c23e68,1.093835362577308,0.0051252131230482036
weibull_softplus_unscaled@kappa_floor_link_flat15_nocap,table9,external_development,0,-1,delphi_3e18_39bucket:9a343b0b93b0bad4f87152437bb40a403f7be5b9f572cfae5e7703e50bc7093a,1.2638561133270447,0.0055627446940545305
weibull_softplus_unscaled@kappa_floor_link_flat15_nocap,table9,external_development,0,-1,delphi_3e18_39bucket:9a66aeb4da20d6cb985f60b618c35fa92cb849c3995c7701c5b8b9785a935f95,1.193715763106808,0.0033477092039222514
weibull_softplus_unscaled@kappa_floor_link_flat15_nocap,table9,external_development,0,-1,delphi_3e18_39bucket:9b478f9223e98b33f203281ad106af33651a711905e81c6425afe46d362783dd,1.0895027187444826,0.004286678912544988
weibull_softplus_unscaled@kappa_floor_link_flat15_nocap,table9,external_development,0,-1,delphi_3e18_39bucket:9cb37ee04e914fba68e7aa6ea382c6a5dcc2b405ec78b251b537abc8f70b15f2,1.27341443467424,0.00798411752876033
weibull_softplus_unscaled@kappa_floor_link_flat15_nocap,table9,external_development,0,-1,delphi_3e18_39bucket:9d67ecf7ca42caa8c17072acc340447c75d621fa7f6328d104f5c9aaeb7ec6e0,1.1315981296704898,0.0019771996177978214
weibull_softplus_unscaled@kappa_floor_link_flat15_nocap,table9,external_development,0,-1,delphi_3e18_39bucket:9dd4959b60a619086be7a961944fc3ecdd885a9e689014e9469cefc96b05d519,1.2020833347459348,0.0033937842644556813
weibull_softplus_unscaled@kappa_floor_link_flat15_nocap,table9,external_development,0,-1,delphi_3e18_39bucket:9e9c69194eb0212d58b2cd82c37cfb3cd0425cc53145c90e62e8fdaa0146b72c,1.2321604133761017,0.0049233281721325775
weibull_softplus_unscaled@kappa_floor_link_flat15_nocap,table9,external_development,0,-1,delphi_3e18_39bucket:a06702de740002664665137e4b38e0b8da850b54fa2b60043b07648bc7865e0d,1.1963930431297551,0.0035459861978686517
weibull_softplus_unscaled@kappa_floor_link_flat15_nocap,table9,external_development,0,-1,delphi_3e18_39bucket:a112249e06f01c4b89fb7ab08cab57efeda282d92742f4cc252467705cf190b3,1.1031642757304878,0.0030603686747428457
weibull_softplus_unscaled@kappa_floor_link_flat15_nocap,table9,external_development,0,-1,delphi_3e18_39bucket:a1a917b1981fc2cad2c2759dccf963b51fb941fd9816c49087f7b119545d4161,1.0782032511004225,0.002953246263338795
weibull_softplus_unscaled@kappa_floor_link_flat15_nocap,table9,external_development,0,-1,delphi_3e18_39bucket:a2e9ef04947000c42a5fce44f079afd6c9a82405871f0ae796e3a23c09bdcd60,1.1743159667873773,0.031245096766728563
weibull_softplus_unscaled@kappa_floor_link_flat15_nocap,table9,external_development,0,-1,delphi_3e18_39bucket:a33494886bea818345f1c4e736142dd31e9b8963c77dda49d14b97936f38ad95,1.1845948115718268,0.019386974017342583
weibull_softplus_unscaled@kappa_floor_link_flat15_nocap,table9,external_development,0,-1,delphi_3e18_39bucket:a446352f8ea28f09e4c49fbb12b233c435b553f9d70c492c7073b7bf49c30026,1.0798060353305874,0.0032970505821672963
weibull_softplus_unscaled@kappa_floor_link_flat15_nocap,table9,external_development,0,-1,delphi_3e18_39bucket:a49233d8ca277189ab0cffa6075e2cba9b34d183388b505c02e9a17d70d7b1a8,1.1782736500302753,0.003244997831992584
weibull_softplus_unscaled@kappa_floor_link_flat15_nocap,table9,external_development,0,-1,delphi_3e18_39bucket:a65d5c88e37d14e7e1c7bc24772a174122d7735d5bb9401952c2c43a9e52bcb0,1.1942694336770905,0.0034287313944521202
weibull_softplus_unscaled@kappa_floor_link_flat15_nocap,table9,external_development,0,-1,delphi_3e18_39bucket:a6f8ee66180ee4f314eaefad2d4a4d32b2dca4cca30189c172ec69c8e429a20f,1.0657970287221097,0.006452831461989055
weibull_softplus_unscaled@kappa_floor_link_flat15_nocap,table9,external_development,0,-1,delphi_3e18_39bucket:a9443e4734c22f757147884341c62ae38299464729f87ed9ebc619cf23b893a1,1.1921835757861148,0.0034780166530412045
weibull_softplus_unscaled@kappa_floor_link_flat15_nocap,table9,external_development,0,-1,delphi_3e18_39bucket:a9fad6c5f1a36df4b0cd5664cd0bb595654bf66783a68cba6267d2877016bdfc,1.1023950071498407,0.02527085280392007
weibull_softplus_unscaled@kappa_floor_link_flat15_nocap,table9,external_development,0,-1,delphi_3e18_39bucket:acf47cd01afab11ff0fcb7160374abce76a2944fe7a7540d228c251e9321640d,1.0750756018018786,0.004207304045658547
weibull_softplus_unscaled@kappa_floor_link_flat15_nocap,table9,external_development,0,-1,delphi_3e18_39bucket:ad6cc7dabe4a5d5d4ba13920311e4ef81127a10801519d719266222379ae77b0,1.0893478238174388,0.003069196905974445
weibull_softplus_unscaled@kappa_floor_link_flat15_nocap,table9,external_development,0,-1,delphi_3e18_39bucket:ae0dded03badca9af71c45d67446f487f2de6f1c7152b6c1a2d3ecada8a9d714,1.1916474211637498,0.0035348773472561536
weibull_softplus_unscaled@kappa_floor_link_flat15_nocap,table9,external_development,0,-1,delphi_3e18_39bucket:af23052e9bb0568d854252c7e9d912d01127effa106d2a440fdce6cbb8742532,1.0816775793260465,0.0031862230842638365
weibull_softplus_unscaled@kappa_floor_link_flat15_nocap,table9,external_development,0,-1,delphi_3e18_39bucket:b0cb7fc00e70c87e1210c38349ab8e80c514b61f5bf14e6e4d3a1e054d88183c,1.079006003576442,0.003445050246697056
weibull_softplus_unscaled@kappa_floor_link_flat15_nocap,table9,external_development,0,-1,delphi_3e18_39bucket:b1168e54ae7e32586bd89eeaf38a318cd349cbd8750efb93612a79f756b5f1f7,1.1956959553464213,0.003310545192420577
weibull_softplus_unscaled@kappa_floor_link_flat15_nocap,table9,external_development,0,-1,delphi_3e18_39bucket:b24484975c0fdb42bc7d421c371e91d35f685b6538fffc7050e857d97e5348ff,1.1027093190301076,0.0035900385911535157
weibull_softplus_unscaled@kappa_floor_link_flat15_nocap,table9,external_development,0,-1,delphi_3e18_39bucket:b2e9ddb8f35e322ed0b092df87cdc78e620b2de7818b2a7c9891ff0e9a2b2203,1.1075588739588893,0.014788940573144706
weibull_softplus_unscaled@kappa_floor_link_flat15_nocap,table9,external_development,0,-1,delphi_3e18_39bucket:b3c3cd22e3dae4f77235a1bb86fcf08ae715bc018b78109510794e1bfbbec0d2,1.1043461979589149,0.003858109377638091
weibull_softplus_unscaled@kappa_floor_link_flat15_nocap,table9,external_development,0,-1,delphi_3e18_39bucket:b4019bdf109781eac2e9182593f4f84c5c51635d447918682e7ed12d25efdf1b,1.1934572179923248,0.0035018351485434428
weibull_softplus_unscaled@kappa_floor_link_flat15_nocap,table9,external_development,0,-1,delphi_3e18_39bucket:b4db7f9f5c435c1903537d5c944758a1e93d54c6a0fa3ddd19122f4e7b7298a0,1.079247700327758,0.002683972604377358
weibull_softplus_unscaled@kappa_floor_link_flat15_nocap,table9,external_development,0,-1,delphi_3e18_39bucket:b5ee1f40e4fe0358ac680a969cd93dfe1b00c483ee3b2d4ff4bc73bd6424437b,1.2696860684073956,0.00773052679163008
weibull_softplus_unscaled@kappa_floor_link_flat15_nocap,table9,external_development,0,-1,delphi_3e18_39bucket:b6430b97f099d96863ae8ad7779c1bddc164c591ab12cc5ea266142e19a7cdfd,1.1924677071263245,0.003562630508230361
weibull_softplus_unscaled@kappa_floor_link_flat15_nocap,table9,external_development,0,-1,delphi_3e18_39bucket:b785f71525744bfa0a8934b482dd570356bebd37292a9b70af0b1a2cf45d9e69,1.0912495240288989,0.012077249831665072
weibull_softplus_unscaled@kappa_floor_link_flat15_nocap,table9,external_development,0,-1,delphi_3e18_39bucket:b8bf59231f485a24fb35df8862c073595e1cb0cd30c999520e88797d047bfeda,1.1929553234586714,0.003519990983277998
weibull_softplus_unscaled@kappa_floor_link_flat15_nocap,table9,external_development,0,-1,delphi_3e18_39bucket:b8c7bfd7161a0da8577d236f09c0ed25722a71943281d19f8b06065999e36ffd,1.1992661193807985,0.003574329205701717
weibull_softplus_unscaled@kappa_floor_link_flat15_nocap,table9,external_development,0,-1,delphi_3e18_39bucket:bab1f73b1a1be66a924b70bb0fdb3a032f1ca3a1e246edb80c0f38d75143aed8,1.192870324763721,0.0035073442856524426
weibull_softplus_unscaled@kappa_floor_link_flat15_nocap,table9,external_development,0,-1,delphi_3e18_39bucket:bd84fea18d97e337ca86db382439fe7990518cd6d78bfa8837b2e317c2bcd4ae,1.1919519323415528,0.0034542418798710122
weibull_softplus_unscaled@kappa_floor_link_flat15_nocap,table9,external_development,0,-1,delphi_3e18_39bucket:bf919587f3da29d0e32d10ac8a4e6f6c80f5a696953a34e5d9856c2fce2ce46b,1.1935544517453496,0.0035690625956782923
weibull_softplus_unscaled@kappa_floor_link_flat15_nocap,table9,external_development,0,-1,delphi_3e18_39bucket:c00c0d5d9f7b8d4f9d4a1f2f6845f4dd0f7effdd60e8da9e988daf574adff818,1.1581944091214154,0.021793258901393137
weibull_softplus_unscaled@kappa_floor_link_flat15_nocap,table9,external_development,0,-1,delphi_3e18_39bucket:c08749305f6303b7d46f8c9478053948d5c036a6450977e8de388609b95a2443,1.1918574037707903,0.003603460058104427
weibull_softplus_unscaled@kappa_floor_link_flat15_nocap,table9,external_development,0,-1,delphi_3e18_39bucket:c15c0a441754e3ca9b7ba442214315eb793714c1637ea6042915542863b4e52e,1.1918208200422342,0.0035353519400666256
weibull_softplus_unscaled@kappa_floor_link_flat15_nocap,table9,external_development,0,-1,delphi_3e18_39bucket:c404d7ca8f49357e32b5fe2d2331593e2c60a0fc7de1d05930f61c6534d6f758,1.1178501056158199,0.06113135203951888
weibull_softplus_unscaled@kappa_floor_link_flat15_nocap,table9,external_development,0,-1,delphi_3e18_39bucket:c5ffa8e3d7c670e959036ab38016e0e17064fa12ac2fcba643c70b1ef25297b3,1.0917667450168276,0.008564068475768861
weibull_softplus_unscaled@kappa_floor_link_flat15_nocap,table9,external_development,0,-1,delphi_3e18_39bucket:c6601f428a7e18377f34fa8ee9b58bb6a20e42c3abcadc04e7e64aef3ca82f2a,1.1942334639614582,0.0034224827019969603
weibull_softplus_unscaled@kappa_floor_link_flat15_nocap,table9,external_development,0,-1,delphi_3e18_39bucket:c6cbc3ebaf486eecd75d04f449fdcc92c804765f512d2bceecde5c1aaa30dd39,1.1242313316732986,0.002272995419215102
weibull_softplus_unscaled@kappa_floor_link_flat15_nocap,table9,external_development,0,-1,delphi_3e18_39bucket:c721e392dcf2947fea2da8fcf1ef91d058c717ffb8e74e8402734e31f22578fc,1.2479550604304464,0.005025097828408314
weibull_softplus_unscaled@kappa_floor_link_flat15_nocap,table9,external_development,0,-1,delphi_3e18_39bucket:c8a7abc202e6fa1b3d7cc9e00542979084efdddd63313db5c25669da85ad2b19,1.0817439530026114,0.002516027831067916
weibull_softplus_unscaled@kappa_floor_link_flat15_nocap,table9,external_development,0,-1,delphi_3e18_39bucket:c8a7b68f3dd8d7d2600dc1e56fb8af9e5dcb176edc162738d4eaff7b540cd53b,1.0878372262693987,0.00416556790372474
weibull_softplus_unscaled@kappa_floor_link_flat15_nocap,table9,external_development,0,-1,delphi_3e18_39bucket:ca5106858b9b57cf944d35ebd150b6feca9287a4f1d0cc9d182be3e623f00fa6,1.0900177597246516,0.009445193693379225
weibull_softplus_unscaled@kappa_floor_link_flat15_nocap,table9,external_development,0,-1,delphi_3e18_39bucket:cb32fd5b0fd8a23c495ee8d05996c1926f4be32607954211152e0db19572b8c9,1.0883051221453746,0.0037246772711457743
weibull_softplus_unscaled@kappa_floor_link_flat15_nocap,table9,external_development,0,-1,delphi_3e18_39bucket:cb466766fe3b5296e1b15a347ff4fd4692400efc5cce4a696639c2129805162a,1.1195353237331278,0.0026271912739809044
weibull_softplus_unscaled@kappa_floor_link_flat15_nocap,table9,external_development,0,-1,delphi_3e18_39bucket:cc2d283f3d5584275c7938fd4a0fadb9bbd9543dc9b5ae965f2d87df95c479ff,1.1339250655018611,0.0030955856702279765
weibull_softplus_unscaled@kappa_floor_link_flat15_nocap,table9,external_development,0,-1,delphi_3e18_39bucket:cce19bcdfb95a772d1f465a94498e69474d7f7235d46ab401d3d0543e73f9e3b,1.1921285623082754,0.0035355230614867125
weibull_softplus_unscaled@kappa_floor_link_flat15_nocap,table9,external_development,0,-1,delphi_3e18_39bucket:cd1cd78d6325f56e5c761e7042369262a032ce78f12fc6d47e4ebf1ce0894339,1.10336447591487,0.0069524738112031045
weibull_softplus_unscaled@kappa_floor_link_flat15_nocap,table9,external_development,0,-1,delphi_3e18_39bucket:cd8eec34fcd41e0cd76c6ef4d520fa83d6c6b5a1828c92c8c556ba4c806a58e7,1.1381658696847765,0.0018592422245352436
weibull_softplus_unscaled@kappa_floor_link_flat15_nocap,table9,external_development,0,-1,delphi_3e18_39bucket:d097ba261d98ffe38b995691fc506821678d330c54b489b4d0e645e75c5e4e2e,1.067907241037013,0.004406202947821912
weibull_softplus_unscaled@kappa_floor_link_flat15_nocap,table9,external_development,0,-1,delphi_3e18_39bucket:d0b59aacb13e8749a0d761af5008890d6865d701d8550e40a60ca86f2e67ccb2,1.081794052310854,0.0028433037068197405
weibull_softplus_unscaled@kappa_floor_link_flat15_nocap,table9,external_development,0,-1,delphi_3e18_39bucket:d160bb3271ba96668590d3b3c7781ad51718216823831c921585a8f73ffc9cf7,1.2276808192287372,0.004505724051110246
weibull_softplus_unscaled@kappa_floor_link_flat15_nocap,table9,external_development,0,-1,delphi_3e18_39bucket:d1926d64591176c8020bee54efe637a248f4f8f8bf927613049d062dccff4228,1.1954890951641672,0.0034874203483519057
weibull_softplus_unscaled@kappa_floor_link_flat15_nocap,table9,external_development,0,-1,delphi_3e18_39bucket:d22385a3b372ad3742331c911e6df47b6459dcc8f7e6ce58cd5dfc1ca901a754,1.1957624761587349,0.003521994613847471
weibull_softplus_unscaled@kappa_floor_link_flat15_nocap,table9,external_development,0,-1,delphi_3e18_39bucket:d2cb05198ef956cc89df9b6aee5c76ace3aa353ea2a7316011503bff3c873c17,1.127216332748682,0.001932856547328901
weibull_softplus_unscaled@kappa_floor_link_flat15_nocap,table9,external_development,0,-1,delphi_3e18_39bucket:d3a383c91e3c36378540e209e50999c8d005ae2b08fa6bcda7f383834b2d5dd7,1.1139532695656857,0.0037784649263219094
weibull_softplus_unscaled@kappa_floor_link_flat15_nocap,table9,external_development,0,-1,delphi_3e18_39bucket:d3b53955f30411b3c382fe4844d1526d3c14d09844153a940230c4beceeddb73,1.095187699002869,0.004119881076483017
weibull_softplus_unscaled@kappa_floor_link_flat15_nocap,table9,external_development,0,-1,delphi_3e18_39bucket:d3ffb3bd8e28eedb08376603e2c85cc3e83cc89ca533199775e943278e32c509,1.0782292156473003,0.004436920606554222
weibull_softplus_unscaled@kappa_floor_link_flat15_nocap,table9,external_development,0,-1,delphi_3e18_39bucket:d6c7da8dacb3efe4cbd45ee0cdd899a5a606cc57be51472b188809093554e699,1.1922024372824755,0.003517170026593714
weibull_softplus_unscaled@kappa_floor_link_flat15_nocap,table9,external_development,0,-1,delphi_3e18_39bucket:d6f6db3e0cc1a598f7eb00a7cdd40d78f821a9336eb0eaafc14da93a04575fc5,1.2210812687416936,0.004181650137745281
weibull_softplus_unscaled@kappa_floor_link_flat15_nocap,table9,external_development,0,-1,delphi_3e18_39bucket:d82c377f5bda11f52b93db01e55fa25c844255cf016ad96b80cba7cc1e618d90,1.2033101415271013,0.003048308337966747
weibull_softplus_unscaled@kappa_floor_link_flat15_nocap,table9,external_development,0,-1,delphi_3e18_39bucket:d87d478ea93a73fe0faec12048b20970bdefd41aa65888c79d1d35c24ec3556f,1.204246292721185,0.0038696253372805956
weibull_softplus_unscaled@kappa_floor_link_flat15_nocap,table9,external_development,0,-1,delphi_3e18_39bucket:d941fe99995a0f675ffc09f1d7883ac2d032a87a00fdfc22e934c5e5ca0b3452,1.214880909738386,0.0031598735614681967
weibull_softplus_unscaled@kappa_floor_link_flat15_nocap,table9,external_development,0,-1,delphi_3e18_39bucket:da68fd5e623c705387752f321a8116e319a7ae87670618ba096558effd2df550,1.1047912226158334,0.003918988785601986
weibull_softplus_unscaled@kappa_floor_link_flat15_nocap,table9,external_development,0,-1,delphi_3e18_39bucket:dac1e0885f0941e15f72456af8f56424e1b8630c37344b54346219c98f5c5f0b,1.084586257398477,0.0025674682977605955
weibull_softplus_unscaled@kappa_floor_link_flat15_nocap,table9,external_development,0,-1,delphi_3e18_39bucket:dc1f33b2668dfbb787d82df7f8e734431a829bbec2fbf8e9888d6eb582289a3d,1.078460366577018,0.0053222145109843
weibull_softplus_unscaled@kappa_floor_link_flat15_nocap,table9,external_development,0,-1,delphi_3e18_39bucket:de0e4fef934b64c948d7c068f622295aabe99cb83c95ee0ad68b73c366c57402,1.1335983563550793,0.0018448680120044286
weibull_softplus_unscaled@kappa_floor_link_flat15_nocap,table9,external_development,0,-1,delphi_3e18_39bucket:e0965c961694035e43a1da45a771f8e07c074674ecad18c76460f7ac0eef2137,1.1379676849993705,0.0025323084142458547
weibull_softplus_unscaled@kappa_floor_link_flat15_nocap,table9,external_development,0,-1,delphi_3e18_39bucket:e0a4d646094bff9aad92ca04cd9c5ca30c296001c0b7d65c3c20a1df0bd8ef08,1.2042817937851893,0.004402946266141864
weibull_softplus_unscaled@kappa_floor_link_flat15_nocap,table9,external_development,0,-1,delphi_3e18_39bucket:e283e505de0059b81a2b58a66a9af312bc1f3c7a7440e50c3fdcb3ff8213a34f,1.22104219675572,0.004042148913898633
weibull_softplus_unscaled@kappa_floor_link_flat15_nocap,table9,external_development,0,-1,delphi_3e18_39bucket:e29801c3f5ba907bd5cc224343efa34e4693142ccec5ad71fd943c60b2b3a689,1.1856237476304474,0.003350836374984845
weibull_softplus_unscaled@kappa_floor_link_flat15_nocap,table9,external_development,0,-1,delphi_3e18_39bucket:e371bb5a7b5ad1a86dec663c9450a27400d377093eb89ae1812af20716ad2945,1.08648808227941,0.005755374161817375
weibull_softplus_unscaled@kappa_floor_link_flat15_nocap,table9,external_development,0,-1,delphi_3e18_39bucket:e5053e4f4ef86036c3ebe93d055c63ec2da1a1a029cde76ea807a3890d0fd10c,1.0856550320645066,0.004643084320937387
weibull_softplus_unscaled@kappa_floor_link_flat15_nocap,table9,external_development,0,-1,delphi_3e18_39bucket:e539e936365493312d15f1130d1c083871a779dc98689047fcb9d5ebd05191ce,1.1056892253742527,0.002847315287445935
weibull_softplus_unscaled@kappa_floor_link_flat15_nocap,table9,external_development,0,-1,delphi_3e18_39bucket:e55f4d10b3aedd9111e412c962fa53c063269d47d4571a980ba950ed937266ad,1.1929417334850592,0.0034970300549605066
weibull_softplus_unscaled@kappa_floor_link_flat15_nocap,table9,external_development,0,-1,delphi_3e18_39bucket:e65243af3fc92306e4aa4ea80d2c3f7aa6058bba97560ecd10959066d8d64383,1.2421120647020392,0.006685406544095972
weibull_softplus_unscaled@kappa_floor_link_flat15_nocap,table9,external_development,0,-1,delphi_3e18_39bucket:e7d55ec7f15fc194cb4e857322dc1533eddb16463ccf163eabfcdd530a051d5e,1.0963077246565691,0.0036626027089682414
weibull_softplus_unscaled@kappa_floor_link_flat15_nocap,table9,external_development,0,-1,delphi_3e18_39bucket:e890ab2bc556a0858503bfe95cb5a9f21eb6c1c6dc14818358fbe0f1f321f9eb,1.1923791810997806,0.0034502345208836612
weibull_softplus_unscaled@kappa_floor_link_flat15_nocap,table9,external_development,0,-1,delphi_3e18_39bucket:e8cac18abed6dd3d662e4660ad3b431000e291340c4fe937b2937ad6a00fdb1c,1.1968415536380954,0.0035540259206309445
weibull_softplus_unscaled@kappa_floor_link_flat15_nocap,table9,external_development,0,-1,delphi_3e18_39bucket:e8df5e6e4d008b052d6e1ad64acc1fec9b2a47d27ba17bf21c0cd6d7b4b6cad5,1.0795351204190036,0.004723332767092767
weibull_softplus_unscaled@kappa_floor_link_flat15_nocap,table9,external_development,0,-1,delphi_3e18_39bucket:e8e86e247324e07114d17c3fe9b93415a22bc9d717bbeb492e8a949f59ffc574,1.2041487790656094,0.0030337429109819868
weibull_softplus_unscaled@kappa_floor_link_flat15_nocap,table9,external_development,0,-1,delphi_3e18_39bucket:e94c007e41ca009494ae3d9ae036d21271d6bb27b49c3b9d77a9d9148a879241,1.1210808723028367,0.0020911378441359346
weibull_softplus_unscaled@kappa_floor_link_flat15_nocap,table9,external_development,0,-1,delphi_3e18_39bucket:e94c9cbd4ee682a9780bbcea3bf6df3497572253ed953eef164fa75ea4f66a2c,1.233045341240302,0.0061891354117650605
weibull_softplus_unscaled@kappa_floor_link_flat15_nocap,table9,external_development,0,-1,delphi_3e18_39bucket:e9c1eda31f2f4a0c52041968162f0f0ce4999866274b5690e4e05fda24a4bc2d,1.0961465700440145,0.0014695018049497382
weibull_softplus_unscaled@kappa_floor_link_flat15_nocap,table9,external_development,0,-1,delphi_3e18_39bucket:ea37effb52c1862ed6fafb478558f7d891c703943be66cd2416bd5c491bf7f6b,1.0772437558225865,0.004347112564093761
weibull_softplus_unscaled@kappa_floor_link_flat15_nocap,table9,external_development,0,-1,delphi_3e18_39bucket:ea6e21bef589c2d52505ca81bef558a5da03e4625174320ea8242417e2382d77,1.1887679543585246,0.0033639004872886035
weibull_softplus_unscaled@kappa_floor_link_flat15_nocap,table9,external_development,0,-1,delphi_3e18_39bucket:ec06eca900d6ea9ba81679ee6cca83871b018289aec1505cba76db1fc87b6802,1.2370648327132525,0.006139302081304914
weibull_softplus_unscaled@kappa_floor_link_flat15_nocap,table9,external_development,0,-1,delphi_3e18_39bucket:ee02c34fe2e5760160a4803e862cb1c4a623ee45da4d9adfdaa5aa9483dc78e3,1.1965119292296218,0.003307544403184192
weibull_softplus_unscaled@kappa_floor_link_flat15_nocap,table9,external_development,0,-1,delphi_3e18_39bucket:ef9f6cff6e4ea378dedecb72fceac0bdaad839d03f007c4afe577e29dbb99b4e,1.0935126304558096,0.006624499273719849
weibull_softplus_unscaled@kappa_floor_link_flat15_nocap,table9,external_development,0,-1,delphi_3e18_39bucket:effc4e48644f5aac8669d7cfde80db853124d6263860d16ab4f3958b1ac4eeb5,1.1432305445386501,0.0020844313682418427
weibull_softplus_unscaled@kappa_floor_link_flat15_nocap,table9,external_development,0,-1,delphi_3e18_39bucket:f232b9fe34f7b04ebbfe91eb3239213c0003a3e608e279780f47e6c545811bb3,1.1963770129453053,0.0033785210817024185
weibull_softplus_unscaled@kappa_floor_link_flat15_nocap,table9,external_development,0,-1,delphi_3e18_39bucket:f387ec3241cb7be9b883e93ed53e1940f5fbf725f14ef13b1c76e1634c9e0704,1.2474938625285104,0.004311985867001425
weibull_softplus_unscaled@kappa_floor_link_flat15_nocap,table9,external_development,0,-1,delphi_3e18_39bucket:f597d4a7586698fbbc1b854337589ff532c04fd4a54699ae6665043e95934555,1.0951212417534015,0.004969679687705996
weibull_softplus_unscaled@kappa_floor_link_flat15_nocap,table9,external_development,0,-1,delphi_3e18_39bucket:f8a8e264e7f30fe85c514e532e5f6bce8d2037da8458a757b0383f7dbf072f25,1.1896148120957672,0.0033720875760519953
weibull_softplus_unscaled@kappa_floor_link_flat15_nocap,table9,external_development,0,-1,delphi_3e18_39bucket:f9bb0369b872fcb08e26e8d0629e52b1cb543956824511bc69a1d81d84b8e766,1.1042107155431031,0.0029417216406144495
weibull_softplus_unscaled@kappa_floor_link_flat15_nocap,table9,external_development,0,-1,delphi_3e18_39bucket:f9e349b2e05d04e16162ae18c9cde10806824cee16faba2af2564f533559151d,1.185427686149651,0.0033634383923330383
weibull_softplus_unscaled@kappa_floor_link_flat15_nocap,table9,external_development,0,-1,delphi_3e18_39bucket:f9e5fad6cd843eef1ec963c775019a7ed2d37fb9fc6d6458f98c8bb15b000248,1.22307364052841,0.005461643665820786
weibull_softplus_unscaled@kappa_floor_link_flat15_nocap,table9,external_development,0,-1,delphi_3e18_39bucket:fa0294460f0573041da6b1435affe244e46d5459cf24f4d451fa7776c77261f6,1.0912502415995529,0.007264408317242312
weibull_softplus_unscaled@kappa_floor_link_flat15_nocap,table9,external_development,0,-1,delphi_3e18_39bucket:fafbc2ba18f1c7971ddf8e7eff5f92f1b11469cf1d80181209696d8655812553,1.203505569347191,0.0033117499444748916
weibull_softplus_unscaled@kappa_floor_link_flat15_nocap,table9,external_development,0,-1,delphi_3e18_39bucket:fb8cb11729c2b4e023d88d084293e65ec1f03e521aada50a0bde80863e530aa8,1.1271519903996787,0.002002123121997119
weibull_softplus_unscaled@kappa_floor_link_flat15_nocap,table9,external_development,0,-1,delphi_3e18_39bucket:fd1878ded789f2edc41ab9255de95e0c7d881b315872d556b913e69f7cf031fc,1.0819738928454592,0.004331474850065971
weibull_softplus_unscaled@kappa_floor_link_flat15_nocap,table9,external_development,0,-1,delphi_3e18_39bucket:ff65381e6c6fa2fd41b3444cc7dae32b0a07f1eaf50d99b9dc409da261b0a1ac,1.214758380994679,0.003975353870740604
weibull_softplus_unscaled@kappa_floor_link_flat15_nomargin,table9,panel_oof,0,0,7,1.2360560633922186,
weibull_softplus_unscaled@kappa_floor_link_flat15_nomargin,table9,panel_oof,0,0,8,1.3699045410966233,
weibull_softplus_unscaled@kappa_floor_link_flat15_nomargin,table9,panel_oof,0,0,25,1.3043079114414886,
weibull_softplus_unscaled@kappa_floor_link_flat15_nomargin,table9,panel_oof,0,0,35,1.21536525954466,
weibull_softplus_unscaled@kappa_floor_link_flat15_nomargin,table9,panel_oof,0,0,51,1.2501807770966078,
weibull_softplus_unscaled@kappa_floor_link_flat15_nomargin,table9,panel_oof,0,0,56,1.1715605590756233,
weibull_softplus_unscaled@kappa_floor_link_flat15_nomargin,table9,panel_oof,0,0,69,1.242331561933082,
weibull_softplus_unscaled@kappa_floor_link_flat15_nomargin,table9,panel_oof,0,0,81,1.1772400500186093,
weibull_softplus_unscaled@kappa_floor_link_flat15_nomargin,table9,panel_oof,0,0,86,1.2099859523053529,
weibull_softplus_unscaled@kappa_floor_link_flat15_nomargin,table9,panel_oof,0,0,99,1.2444445181439212,
weibull_softplus_unscaled@kappa_floor_link_flat15_nomargin,table9,panel_oof,0,0,100,1.2337827244690451,
weibull_softplus_unscaled@kappa_floor_link_flat15_nomargin,table9,panel_oof,0,0,106,1.3075424519760714,
weibull_softplus_unscaled@kappa_floor_link_flat15_nomargin,table9,panel_oof,0,0,107,1.2928676502006535,
weibull_softplus_unscaled@kappa_floor_link_flat15_nomargin,table9,panel_oof,0,0,126,1.2099491110335903,
weibull_softplus_unscaled@kappa_floor_link_flat15_nomargin,table9,panel_oof,0,0,136,1.3061072255716804,
weibull_softplus_unscaled@kappa_floor_link_flat15_nomargin,table9,panel_oof,0,0,137,1.2061097966748922,
weibull_softplus_unscaled@kappa_floor_link_flat15_nomargin,table9,panel_oof,0,0,140,1.1980288646354715,
weibull_softplus_unscaled@kappa_floor_link_flat15_nomargin,table9,panel_oof,0,0,141,1.2046603142073324,
weibull_softplus_unscaled@kappa_floor_link_flat15_nomargin,table9,panel_oof,0,0,142,1.2305151432240193,
weibull_softplus_unscaled@kappa_floor_link_flat15_nomargin,table9,panel_oof,0,0,145,1.203515660552289,
weibull_softplus_unscaled@kappa_floor_link_flat15_nomargin,table9,panel_oof,0,0,147,1.2394145547691031,
weibull_softplus_unscaled@kappa_floor_link_flat15_nomargin,table9,panel_oof,0,0,163,1.2081791053500224,
weibull_softplus_unscaled@kappa_floor_link_flat15_nomargin,table9,panel_oof,0,0,165,1.2167975178480437,
weibull_softplus_unscaled@kappa_floor_link_flat15_nomargin,table9,panel_oof,0,0,169,1.3136288287655458,
weibull_softplus_unscaled@kappa_floor_link_flat15_nomargin,table9,panel_oof,0,0,171,1.3003314640732715,
weibull_softplus_unscaled@kappa_floor_link_flat15_nomargin,table9,panel_oof,0,0,187,1.3191286213777664,
weibull_softplus_unscaled@kappa_floor_link_flat15_nomargin,table9,panel_oof,0,0,188,1.2002972838600248,
weibull_softplus_unscaled@kappa_floor_link_flat15_nomargin,table9,panel_oof,0,0,191,1.2301137295128393,
weibull_softplus_unscaled@kappa_floor_link_flat15_nomargin,table9,panel_oof,0,0,195,1.1947139278874401,
weibull_softplus_unscaled@kappa_floor_link_flat15_nomargin,table9,panel_oof,0,0,197,1.2180053619210098,
weibull_softplus_unscaled@kappa_floor_link_flat15_nomargin,table9,panel_oof,0,0,200,1.1653631585606798,
weibull_softplus_unscaled@kappa_floor_link_flat15_nomargin,table9,panel_oof,0,0,208,1.2368232192628197,
weibull_softplus_unscaled@kappa_floor_link_flat15_nomargin,table9,panel_oof,0,0,209,1.209068242849708,
weibull_softplus_unscaled@kappa_floor_link_flat15_nomargin,table9,panel_oof,0,0,210,1.2545703179963783,
weibull_softplus_unscaled@kappa_floor_link_flat15_nomargin,table9,panel_oof,0,0,217,1.2354867757301324,
weibull_softplus_unscaled@kappa_floor_link_flat15_nomargin,table9,panel_oof,0,0,219,1.254127888094788,
weibull_softplus_unscaled@kappa_floor_link_flat15_nomargin,table9,panel_oof,0,0,220,1.2020717570127597,
weibull_softplus_unscaled@kappa_floor_link_flat15_nomargin,table9,panel_oof,0,0,223,1.174691662573688,
weibull_softplus_unscaled@kappa_floor_link_flat15_nomargin,table9,panel_oof,0,0,233,1.1816789975735922,
weibull_softplus_unscaled@kappa_floor_link_flat15_nomargin,table9,panel_oof,0,0,237,1.2177423743405957,
weibull_softplus_unscaled@kappa_floor_link_flat15_nomargin,table9,panel_oof,0,1,1,1.157768443130314,
weibull_softplus_unscaled@kappa_floor_link_flat15_nomargin,table9,panel_oof,0,1,241,1.1862550063729524,
weibull_softplus_unscaled@kappa_floor_link_flat15_nomargin,table9,panel_oof,0,1,242,1.1870876470458271,
weibull_softplus_unscaled@kappa_floor_link_flat15_nomargin,table9,panel_oof,0,1,243,1.1850539670005662,
weibull_softplus_unscaled@kappa_floor_link_flat15_nomargin,table9,panel_oof,0,1,244,1.1891274992102323,
weibull_softplus_unscaled@kappa_floor_link_flat15_nomargin,table9,panel_oof,0,1,245,1.1857918435427246,
weibull_softplus_unscaled@kappa_floor_link_flat15_nomargin,table9,panel_oof,0,1,246,1.1854345298751823,
weibull_softplus_unscaled@kappa_floor_link_flat15_nomargin,table9,panel_oof,0,1,247,1.186906413451874,
weibull_softplus_unscaled@kappa_floor_link_flat15_nomargin,table9,panel_oof,0,1,248,1.187746718625236,
weibull_softplus_unscaled@kappa_floor_link_flat15_nomargin,table9,panel_oof,0,1,249,1.1811706789871796,
weibull_softplus_unscaled@kappa_floor_link_flat15_nomargin,table9,panel_oof,0,1,250,1.1872398417884087,
weibull_softplus_unscaled@kappa_floor_link_flat15_nomargin,table9,panel_oof,0,1,251,1.1795382113254873,
weibull_softplus_unscaled@kappa_floor_link_flat15_nomargin,table9,panel_oof,0,1,252,1.1846051078272613,
weibull_softplus_unscaled@kappa_floor_link_flat15_nomargin,table9,panel_oof,0,1,253,1.187723676882541,
weibull_softplus_unscaled@kappa_floor_link_flat15_nomargin,table9,panel_oof,0,1,254,1.1884746518919431,
weibull_softplus_unscaled@kappa_floor_link_flat15_nomargin,table9,panel_oof,0,1,255,1.1867693070547365,
weibull_softplus_unscaled@kappa_floor_link_flat15_nomargin,table9,panel_oof,0,1,256,1.1870903297587891,
weibull_softplus_unscaled@kappa_floor_link_flat15_nomargin,table9,panel_oof,0,1,257,1.1821986419287778,
weibull_softplus_unscaled@kappa_floor_link_flat15_nomargin,table9,panel_oof,0,1,258,1.1865504602767203,
weibull_softplus_unscaled@kappa_floor_link_flat15_nomargin,table9,panel_oof,0,1,259,1.1899807750762679,
weibull_softplus_unscaled@kappa_floor_link_flat15_nomargin,table9,panel_oof,0,1,260,1.187192755391885,
weibull_softplus_unscaled@kappa_floor_link_flat15_nomargin,table9,panel_oof,0,1,261,1.1872716221773614,
weibull_softplus_unscaled@kappa_floor_link_flat15_nomargin,table9,panel_oof,0,1,262,1.1913511620968724,
weibull_softplus_unscaled@kappa_floor_link_flat15_nomargin,table9,panel_oof,0,1,263,1.1905466752597023,
weibull_softplus_unscaled@kappa_floor_link_flat15_nomargin,table9,panel_oof,0,1,264,1.1899497986439356,
weibull_softplus_unscaled@kappa_floor_link_flat15_nomargin,table9,panel_oof,0,1,265,1.18856356623363,
weibull_softplus_unscaled@kappa_floor_link_flat15_nomargin,table9,panel_oof,0,1,266,1.1890381129654937,
weibull_softplus_unscaled@kappa_floor_link_flat15_nomargin,table9,panel_oof,0,1,267,1.2335749301792238,
weibull_softplus_unscaled@kappa_floor_link_flat15_nomargin,table9,panel_oof,0,1,268,1.1910103859468726,
weibull_softplus_unscaled@kappa_floor_link_flat15_nomargin,table9,panel_oof,0,1,269,1.1995405375412216,
weibull_softplus_unscaled@kappa_floor_link_flat15_nomargin,table9,panel_oof,0,1,270,1.1873696297827405,
weibull_softplus_unscaled@kappa_floor_link_flat15_nomargin,table9,panel_oof,0,1,271,1.1688392077342016,
weibull_softplus_unscaled@kappa_floor_link_flat15_nomargin,table9,panel_oof,0,1,272,1.1882883294244833,
weibull_softplus_unscaled@kappa_floor_link_flat15_nomargin,table9,panel_oof,0,1,273,1.2293893231041657,
weibull_softplus_unscaled@kappa_floor_link_flat15_nomargin,table9,panel_oof,0,1,274,1.1874832358471348,
weibull_softplus_unscaled@kappa_floor_link_flat15_nomargin,table9,panel_oof,0,1,275,1.1950980446395354,
weibull_softplus_unscaled@kappa_floor_link_flat15_nomargin,table9,panel_oof,0,1,276,1.193369385237988,
weibull_softplus_unscaled@kappa_floor_link_flat15_nomargin,table9,panel_oof,0,1,277,1.1983582138872737,
weibull_softplus_unscaled@kappa_floor_link_flat15_nomargin,table9,panel_oof,0,1,278,1.201350979462204,
weibull_softplus_unscaled@kappa_floor_link_flat15_nomargin,table9,panel_oof,0,1,279,1.197763981510497,
weibull_softplus_unscaled@kappa_floor_link_flat15_nomargin,table9,panel_oof,0,2,3,1.2198285952705654,
weibull_softplus_unscaled@kappa_floor_link_flat15_nomargin,table9,panel_oof,0,2,5,1.4487715472125866,
weibull_softplus_unscaled@kappa_floor_link_flat15_nomargin,table9,panel_oof,0,2,6,1.2678036553819512,
weibull_softplus_unscaled@kappa_floor_link_flat15_nomargin,table9,panel_oof,0,2,10,1.2827223460327162,
weibull_softplus_unscaled@kappa_floor_link_flat15_nomargin,table9,panel_oof,0,2,15,1.249175499858163,
weibull_softplus_unscaled@kappa_floor_link_flat15_nomargin,table9,panel_oof,0,2,20,1.2832778763859019,
weibull_softplus_unscaled@kappa_floor_link_flat15_nomargin,table9,panel_oof,0,2,26,1.2116745275841247,
weibull_softplus_unscaled@kappa_floor_link_flat15_nomargin,table9,panel_oof,0,2,29,1.24109352260133,
weibull_softplus_unscaled@kappa_floor_link_flat15_nomargin,table9,panel_oof,0,2,30,1.2095593633051769,
weibull_softplus_unscaled@kappa_floor_link_flat15_nomargin,table9,panel_oof,0,2,34,1.1676611097082836,
weibull_softplus_unscaled@kappa_floor_link_flat15_nomargin,table9,panel_oof,0,2,39,1.2480701782354378,
weibull_softplus_unscaled@kappa_floor_link_flat15_nomargin,table9,panel_oof,0,2,41,1.2583765878339164,
weibull_softplus_unscaled@kappa_floor_link_flat15_nomargin,table9,panel_oof,0,2,46,1.2358790713110173,
weibull_softplus_unscaled@kappa_floor_link_flat15_nomargin,table9,panel_oof,0,2,48,1.193976499794113,
weibull_softplus_unscaled@kappa_floor_link_flat15_nomargin,table9,panel_oof,0,2,57,1.2724963576652037,
weibull_softplus_unscaled@kappa_floor_link_flat15_nomargin,table9,panel_oof,0,2,62,1.2257971787414088,
weibull_softplus_unscaled@kappa_floor_link_flat15_nomargin,table9,panel_oof,0,2,65,1.2377674838718402,
weibull_softplus_unscaled@kappa_floor_link_flat15_nomargin,table9,panel_oof,0,2,68,1.2362237764253396,
weibull_softplus_unscaled@kappa_floor_link_flat15_nomargin,table9,panel_oof,0,2,73,1.2151487841004347,
weibull_softplus_unscaled@kappa_floor_link_flat15_nomargin,table9,panel_oof,0,2,79,1.230337078552191,
weibull_softplus_unscaled@kappa_floor_link_flat15_nomargin,table9,panel_oof,0,2,83,1.170581482954113,
weibull_softplus_unscaled@kappa_floor_link_flat15_nomargin,table9,panel_oof,0,2,84,1.2332381373271053,
weibull_softplus_unscaled@kappa_floor_link_flat15_nomargin,table9,panel_oof,0,2,87,1.3277588419410034,
weibull_softplus_unscaled@kappa_floor_link_flat15_nomargin,table9,panel_oof,0,2,90,1.209676049794714,
weibull_softplus_unscaled@kappa_floor_link_flat15_nomargin,table9,panel_oof,0,2,91,1.2781467425033992,
weibull_softplus_unscaled@kappa_floor_link_flat15_nomargin,table9,panel_oof,0,2,98,1.17324334780109,
weibull_softplus_unscaled@kappa_floor_link_flat15_nomargin,table9,panel_oof,0,2,101,1.2095023677173087,
weibull_softplus_unscaled@kappa_floor_link_flat15_nomargin,table9,panel_oof,0,2,105,1.2123923305070656,
weibull_softplus_unscaled@kappa_floor_link_flat15_nomargin,table9,panel_oof,0,2,109,1.2558242875302301,
weibull_softplus_unscaled@kappa_floor_link_flat15_nomargin,table9,panel_oof,0,2,112,1.2035026634236807,
weibull_softplus_unscaled@kappa_floor_link_flat15_nomargin,table9,panel_oof,0,2,113,1.3080556275373096,
weibull_softplus_unscaled@kappa_floor_link_flat15_nomargin,table9,panel_oof,0,2,115,1.2133653815210235,
weibull_softplus_unscaled@kappa_floor_link_flat15_nomargin,table9,panel_oof,0,2,116,1.256347559548645,
weibull_softplus_unscaled@kappa_floor_link_flat15_nomargin,table9,panel_oof,0,2,119,1.2107451770542803,
weibull_softplus_unscaled@kappa_floor_link_flat15_nomargin,table9,panel_oof,0,2,122,1.2068247233930567,
weibull_softplus_unscaled@kappa_floor_link_flat15_nomargin,table9,panel_oof,0,2,123,1.1994949473559995,
weibull_softplus_unscaled@kappa_floor_link_flat15_nomargin,table9,panel_oof,0,2,124,1.2261187985679505,
weibull_softplus_unscaled@kappa_floor_link_flat15_nomargin,table9,panel_oof,0,2,133,1.2718047765658016,
weibull_softplus_unscaled@kappa_floor_link_flat15_nomargin,table9,panel_oof,0,2,134,1.2017667195815012,
weibull_softplus_unscaled@kappa_floor_link_flat15_nomargin,table9,panel_oof,0,2,135,1.2031959035008033,
weibull_softplus_unscaled@kappa_floor_link_flat15_nomargin,table9,panel_oof,0,2,138,1.2153274361448152,
weibull_softplus_unscaled@kappa_floor_link_flat15_nomargin,table9,panel_oof,0,2,144,1.2248252920540261,
weibull_softplus_unscaled@kappa_floor_link_flat15_nomargin,table9,panel_oof,0,2,151,1.2196290644114818,
weibull_softplus_unscaled@kappa_floor_link_flat15_nomargin,table9,panel_oof,0,2,152,1.1912115526363525,
weibull_softplus_unscaled@kappa_floor_link_flat15_nomargin,table9,panel_oof,0,2,154,1.216319130184182,
weibull_softplus_unscaled@kappa_floor_link_flat15_nomargin,table9,panel_oof,0,2,157,1.280885725772551,
weibull_softplus_unscaled@kappa_floor_link_flat15_nomargin,table9,panel_oof,0,2,158,1.2078575355789476,
weibull_softplus_unscaled@kappa_floor_link_flat15_nomargin,table9,panel_oof,0,2,160,1.238393841839537,
weibull_softplus_unscaled@kappa_floor_link_flat15_nomargin,table9,panel_oof,0,2,166,1.2410656131021676,
weibull_softplus_unscaled@kappa_floor_link_flat15_nomargin,table9,panel_oof,0,2,172,1.1523737947604422,
weibull_softplus_unscaled@kappa_floor_link_flat15_nomargin,table9,panel_oof,0,2,175,1.2030021630244097,
weibull_softplus_unscaled@kappa_floor_link_flat15_nomargin,table9,panel_oof,0,2,176,1.1943094734136297,
weibull_softplus_unscaled@kappa_floor_link_flat15_nomargin,table9,panel_oof,0,2,182,1.2454275702886943,
weibull_softplus_unscaled@kappa_floor_link_flat15_nomargin,table9,panel_oof,0,2,183,1.2382462144635353,
weibull_softplus_unscaled@kappa_floor_link_flat15_nomargin,table9,panel_oof,0,2,196,1.3111462958753457,
weibull_softplus_unscaled@kappa_floor_link_flat15_nomargin,table9,panel_oof,0,2,198,1.2210120760531058,
weibull_softplus_unscaled@kappa_floor_link_flat15_nomargin,table9,panel_oof,0,2,205,1.2012516469041417,
weibull_softplus_unscaled@kappa_floor_link_flat15_nomargin,table9,panel_oof,0,2,211,1.253347671462823,
weibull_softplus_unscaled@kappa_floor_link_flat15_nomargin,table9,panel_oof,0,2,213,1.1289355356112467,
weibull_softplus_unscaled@kappa_floor_link_flat15_nomargin,table9,panel_oof,0,2,215,1.1644520979855733,
weibull_softplus_unscaled@kappa_floor_link_flat15_nomargin,table9,panel_oof,0,2,222,1.1959867436913618,
weibull_softplus_unscaled@kappa_floor_link_flat15_nomargin,table9,panel_oof,0,2,224,1.3381276387261343,
weibull_softplus_unscaled@kappa_floor_link_flat15_nomargin,table9,panel_oof,0,2,226,1.2940698730159605,
weibull_softplus_unscaled@kappa_floor_link_flat15_nomargin,table9,panel_oof,0,2,227,1.2316781898763884,
weibull_softplus_unscaled@kappa_floor_link_flat15_nomargin,table9,panel_oof,0,2,229,1.1830116946147866,
weibull_softplus_unscaled@kappa_floor_link_flat15_nomargin,table9,panel_oof,0,2,235,1.240784841235212,
weibull_softplus_unscaled@kappa_floor_link_flat15_nomargin,table9,panel_oof,0,2,236,1.2138735585216787,
weibull_softplus_unscaled@kappa_floor_link_flat15_nomargin,table9,panel_oof,0,2,238,1.2294487410647486,
weibull_softplus_unscaled@kappa_floor_link_flat15_nomargin,table9,panel_oof,0,3,2,1.2637109624765133,
weibull_softplus_unscaled@kappa_floor_link_flat15_nomargin,table9,panel_oof,0,3,4,1.2812633628347037,
weibull_softplus_unscaled@kappa_floor_link_flat15_nomargin,table9,panel_oof,0,3,9,1.29667813509476,
weibull_softplus_unscaled@kappa_floor_link_flat15_nomargin,table9,panel_oof,0,3,11,1.2409277620974672,
weibull_softplus_unscaled@kappa_floor_link_flat15_nomargin,table9,panel_oof,0,3,12,1.2822425954558123,
weibull_softplus_unscaled@kappa_floor_link_flat15_nomargin,table9,panel_oof,0,3,13,1.2168766383512537,
weibull_softplus_unscaled@kappa_floor_link_flat15_nomargin,table9,panel_oof,0,3,14,1.2636535283008101,
weibull_softplus_unscaled@kappa_floor_link_flat15_nomargin,table9,panel_oof,0,3,16,1.1966268176949415,
weibull_softplus_unscaled@kappa_floor_link_flat15_nomargin,table9,panel_oof,0,3,17,1.274491177615877,
weibull_softplus_unscaled@kappa_floor_link_flat15_nomargin,table9,panel_oof,0,3,21,1.2740114068934427,
weibull_softplus_unscaled@kappa_floor_link_flat15_nomargin,table9,panel_oof,0,3,22,1.2074039319967063,
weibull_softplus_unscaled@kappa_floor_link_flat15_nomargin,table9,panel_oof,0,3,23,1.2777934672868136,
weibull_softplus_unscaled@kappa_floor_link_flat15_nomargin,table9,panel_oof,0,3,24,1.1753098992605817,
weibull_softplus_unscaled@kappa_floor_link_flat15_nomargin,table9,panel_oof,0,3,27,1.1939888715464668,
weibull_softplus_unscaled@kappa_floor_link_flat15_nomargin,table9,panel_oof,0,3,32,1.208627783525284,
weibull_softplus_unscaled@kappa_floor_link_flat15_nomargin,table9,panel_oof,0,3,33,1.272581391181482,
weibull_softplus_unscaled@kappa_floor_link_flat15_nomargin,table9,panel_oof,0,3,36,1.222297762035656,
weibull_softplus_unscaled@kappa_floor_link_flat15_nomargin,table9,panel_oof,0,3,37,1.2171833546666457,
weibull_softplus_unscaled@kappa_floor_link_flat15_nomargin,table9,panel_oof,0,3,38,1.2343758944919028,
weibull_softplus_unscaled@kappa_floor_link_flat15_nomargin,table9,panel_oof,0,3,40,1.205668281436997,
weibull_softplus_unscaled@kappa_floor_link_flat15_nomargin,table9,panel_oof,0,3,43,1.2523783628576015,
weibull_softplus_unscaled@kappa_floor_link_flat15_nomargin,table9,panel_oof,0,3,44,1.2852828349591598,
weibull_softplus_unscaled@kappa_floor_link_flat15_nomargin,table9,panel_oof,0,3,45,1.261841205350974,
weibull_softplus_unscaled@kappa_floor_link_flat15_nomargin,table9,panel_oof,0,3,49,1.2361521050664472,
weibull_softplus_unscaled@kappa_floor_link_flat15_nomargin,table9,panel_oof,0,3,50,1.2749453322991915,
weibull_softplus_unscaled@kappa_floor_link_flat15_nomargin,table9,panel_oof,0,3,52,1.2287567189831818,
weibull_softplus_unscaled@kappa_floor_link_flat15_nomargin,table9,panel_oof,0,3,53,1.2054348430011614,
weibull_softplus_unscaled@kappa_floor_link_flat15_nomargin,table9,panel_oof,0,3,54,1.178112672483338,
weibull_softplus_unscaled@kappa_floor_link_flat15_nomargin,table9,panel_oof,0,3,55,1.171076484598693,
weibull_softplus_unscaled@kappa_floor_link_flat15_nomargin,table9,panel_oof,0,3,58,1.2692228522783853,
weibull_softplus_unscaled@kappa_floor_link_flat15_nomargin,table9,panel_oof,0,3,59,1.2042075896334474,
weibull_softplus_unscaled@kappa_floor_link_flat15_nomargin,table9,panel_oof,0,3,61,1.200166876503546,
weibull_softplus_unscaled@kappa_floor_link_flat15_nomargin,table9,panel_oof,0,3,63,1.1699304471770302,
weibull_softplus_unscaled@kappa_floor_link_flat15_nomargin,table9,panel_oof,0,3,64,1.2634910424485146,
weibull_softplus_unscaled@kappa_floor_link_flat15_nomargin,table9,panel_oof,0,3,66,1.2233599698486024,
weibull_softplus_unscaled@kappa_floor_link_flat15_nomargin,table9,panel_oof,0,3,67,1.2277974520208652,
weibull_softplus_unscaled@kappa_floor_link_flat15_nomargin,table9,panel_oof,0,3,70,1.2608371848060478,
weibull_softplus_unscaled@kappa_floor_link_flat15_nomargin,table9,panel_oof,0,3,71,1.237636746811348,
weibull_softplus_unscaled@kappa_floor_link_flat15_nomargin,table9,panel_oof,0,3,72,1.233360657734897,
weibull_softplus_unscaled@kappa_floor_link_flat15_nomargin,table9,panel_oof,0,3,74,1.1903111167960252,
weibull_softplus_unscaled@kappa_floor_link_flat15_nomargin,table9,panel_oof,0,3,75,1.2381694178156208,
weibull_softplus_unscaled@kappa_floor_link_flat15_nomargin,table9,panel_oof,0,3,78,1.2419010967604058,
weibull_softplus_unscaled@kappa_floor_link_flat15_nomargin,table9,panel_oof,0,3,85,1.2106752101488665,
weibull_softplus_unscaled@kappa_floor_link_flat15_nomargin,table9,panel_oof,0,3,88,1.2799724704157134,
weibull_softplus_unscaled@kappa_floor_link_flat15_nomargin,table9,panel_oof,0,3,89,1.2151939080712695,
weibull_softplus_unscaled@kappa_floor_link_flat15_nomargin,table9,panel_oof,0,3,92,1.1856633104736556,
weibull_softplus_unscaled@kappa_floor_link_flat15_nomargin,table9,panel_oof,0,3,93,1.205358904429132,
weibull_softplus_unscaled@kappa_floor_link_flat15_nomargin,table9,panel_oof,0,3,94,1.1897990741678819,
weibull_softplus_unscaled@kappa_floor_link_flat15_nomargin,table9,panel_oof,0,3,95,1.247822544519647,
weibull_softplus_unscaled@kappa_floor_link_flat15_nomargin,table9,panel_oof,0,3,96,1.2235656534472332,
weibull_softplus_unscaled@kappa_floor_link_flat15_nomargin,table9,panel_oof,0,3,97,1.1902825471559355,
weibull_softplus_unscaled@kappa_floor_link_flat15_nomargin,table9,panel_oof,0,3,102,1.2260473402877226,
weibull_softplus_unscaled@kappa_floor_link_flat15_nomargin,table9,panel_oof,0,3,108,1.2636128374748061,
weibull_softplus_unscaled@kappa_floor_link_flat15_nomargin,table9,panel_oof,0,3,110,1.2312745295821586,
weibull_softplus_unscaled@kappa_floor_link_flat15_nomargin,table9,panel_oof,0,3,111,1.2487749673884272,
weibull_softplus_unscaled@kappa_floor_link_flat15_nomargin,table9,panel_oof,0,3,117,1.3243489570749343,
weibull_softplus_unscaled@kappa_floor_link_flat15_nomargin,table9,panel_oof,0,3,120,1.2086924217658357,
weibull_softplus_unscaled@kappa_floor_link_flat15_nomargin,table9,panel_oof,0,3,121,1.2028623019705724,
weibull_softplus_unscaled@kappa_floor_link_flat15_nomargin,table9,panel_oof,0,3,127,1.188402415806012,
weibull_softplus_unscaled@kappa_floor_link_flat15_nomargin,table9,panel_oof,0,3,128,1.214697895248567,
weibull_softplus_unscaled@kappa_floor_link_flat15_nomargin,table9,panel_oof,0,3,129,1.2001162465920592,
weibull_softplus_unscaled@kappa_floor_link_flat15_nomargin,table9,panel_oof,0,3,130,1.2199107386703485,
weibull_softplus_unscaled@kappa_floor_link_flat15_nomargin,table9,panel_oof,0,3,132,1.3099679123581958,
weibull_softplus_unscaled@kappa_floor_link_flat15_nomargin,table9,panel_oof,0,3,139,1.236760420729736,
weibull_softplus_unscaled@kappa_floor_link_flat15_nomargin,table9,panel_oof,0,3,143,1.2425784867310163,
weibull_softplus_unscaled@kappa_floor_link_flat15_nomargin,table9,panel_oof,0,3,146,1.2787896127724931,
weibull_softplus_unscaled@kappa_floor_link_flat15_nomargin,table9,panel_oof,0,3,148,1.2091512979650263,
weibull_softplus_unscaled@kappa_floor_link_flat15_nomargin,table9,panel_oof,0,3,149,1.296022574192095,
weibull_softplus_unscaled@kappa_floor_link_flat15_nomargin,table9,panel_oof,0,3,150,1.2520044628868097,
weibull_softplus_unscaled@kappa_floor_link_flat15_nomargin,table9,panel_oof,0,3,153,1.2413117033265573,
weibull_softplus_unscaled@kappa_floor_link_flat15_nomargin,table9,panel_oof,0,3,156,1.187613979330608,
weibull_softplus_unscaled@kappa_floor_link_flat15_nomargin,table9,panel_oof,0,3,159,1.2451509701954755,
weibull_softplus_unscaled@kappa_floor_link_flat15_nomargin,table9,panel_oof,0,3,161,1.341007450402092,
weibull_softplus_unscaled@kappa_floor_link_flat15_nomargin,table9,panel_oof,0,3,164,1.1897999478903096,
weibull_softplus_unscaled@kappa_floor_link_flat15_nomargin,table9,panel_oof,0,3,167,1.2202647600391403,
weibull_softplus_unscaled@kappa_floor_link_flat15_nomargin,table9,panel_oof,0,3,170,1.2021254583659062,
weibull_softplus_unscaled@kappa_floor_link_flat15_nomargin,table9,panel_oof,0,3,173,1.2204418747315477,
weibull_softplus_unscaled@kappa_floor_link_flat15_nomargin,table9,panel_oof,0,3,174,1.222174962255882,
weibull_softplus_unscaled@kappa_floor_link_flat15_nomargin,table9,panel_oof,0,3,177,1.2215835047214245,
weibull_softplus_unscaled@kappa_floor_link_flat15_nomargin,table9,panel_oof,0,3,180,1.2210275742876497,
weibull_softplus_unscaled@kappa_floor_link_flat15_nomargin,table9,panel_oof,0,3,181,1.257054845007107,
weibull_softplus_unscaled@kappa_floor_link_flat15_nomargin,table9,panel_oof,0,3,184,1.1825523100571793,
weibull_softplus_unscaled@kappa_floor_link_flat15_nomargin,table9,panel_oof,0,3,185,1.2258199947099988,
weibull_softplus_unscaled@kappa_floor_link_flat15_nomargin,table9,panel_oof,0,3,189,1.2329790061384602,
weibull_softplus_unscaled@kappa_floor_link_flat15_nomargin,table9,panel_oof,0,3,190,1.2246800744528112,
weibull_softplus_unscaled@kappa_floor_link_flat15_nomargin,table9,panel_oof,0,3,192,1.1824475365902694,
weibull_softplus_unscaled@kappa_floor_link_flat15_nomargin,table9,panel_oof,0,3,194,1.2168139376161098,
weibull_softplus_unscaled@kappa_floor_link_flat15_nomargin,table9,panel_oof,0,3,201,1.1421446210301087,
weibull_softplus_unscaled@kappa_floor_link_flat15_nomargin,table9,panel_oof,0,3,203,1.2063928343070016,
weibull_softplus_unscaled@kappa_floor_link_flat15_nomargin,table9,panel_oof,0,3,204,1.2271332169844773,
weibull_softplus_unscaled@kappa_floor_link_flat15_nomargin,table9,panel_oof,0,3,206,1.181865530088896,
weibull_softplus_unscaled@kappa_floor_link_flat15_nomargin,table9,panel_oof,0,3,214,1.227734750145176,
weibull_softplus_unscaled@kappa_floor_link_flat15_nomargin,table9,panel_oof,0,3,218,1.1562638294783876,
weibull_softplus_unscaled@kappa_floor_link_flat15_nomargin,table9,panel_oof,0,3,225,1.263679303802706,
weibull_softplus_unscaled@kappa_floor_link_flat15_nomargin,table9,panel_oof,0,3,228,1.211625252299502,
weibull_softplus_unscaled@kappa_floor_link_flat15_nomargin,table9,panel_oof,0,3,232,1.2188499423351373,
weibull_softplus_unscaled@kappa_floor_link_flat15_nomargin,table9,panel_oof,0,3,234,1.2231959313568495,
weibull_softplus_unscaled@kappa_floor_link_flat15_nomargin,table9,panel_oof,0,3,240,1.1529164276196986,
weibull_softplus_unscaled@kappa_floor_link_flat15_nomargin,table9,panel_oof,0,4,18,1.2185421938430576,
weibull_softplus_unscaled@kappa_floor_link_flat15_nomargin,table9,panel_oof,0,4,19,1.2484519939724126,
weibull_softplus_unscaled@kappa_floor_link_flat15_nomargin,table9,panel_oof,0,4,28,1.2515918580851344,
weibull_softplus_unscaled@kappa_floor_link_flat15_nomargin,table9,panel_oof,0,4,31,1.1897164680810288,
weibull_softplus_unscaled@kappa_floor_link_flat15_nomargin,table9,panel_oof,0,4,42,1.1952964425685475,
weibull_softplus_unscaled@kappa_floor_link_flat15_nomargin,table9,panel_oof,0,4,47,1.1974387577659518,
weibull_softplus_unscaled@kappa_floor_link_flat15_nomargin,table9,panel_oof,0,4,60,1.19972933097993,
weibull_softplus_unscaled@kappa_floor_link_flat15_nomargin,table9,panel_oof,0,4,76,1.2810884279165267,
weibull_softplus_unscaled@kappa_floor_link_flat15_nomargin,table9,panel_oof,0,4,77,1.238707864954688,
weibull_softplus_unscaled@kappa_floor_link_flat15_nomargin,table9,panel_oof,0,4,80,1.2560220611098891,
weibull_softplus_unscaled@kappa_floor_link_flat15_nomargin,table9,panel_oof,0,4,82,1.2019906270532683,
weibull_softplus_unscaled@kappa_floor_link_flat15_nomargin,table9,panel_oof,0,4,103,1.243601797123011,
weibull_softplus_unscaled@kappa_floor_link_flat15_nomargin,table9,panel_oof,0,4,104,1.2477113762374261,
weibull_softplus_unscaled@kappa_floor_link_flat15_nomargin,table9,panel_oof,0,4,114,1.2286136221607298,
weibull_softplus_unscaled@kappa_floor_link_flat15_nomargin,table9,panel_oof,0,4,118,1.197247656023632,
weibull_softplus_unscaled@kappa_floor_link_flat15_nomargin,table9,panel_oof,0,4,125,1.1193101919019428,
weibull_softplus_unscaled@kappa_floor_link_flat15_nomargin,table9,panel_oof,0,4,131,1.1883888596826646,
weibull_softplus_unscaled@kappa_floor_link_flat15_nomargin,table9,panel_oof,0,4,155,1.1757910825470006,
weibull_softplus_unscaled@kappa_floor_link_flat15_nomargin,table9,panel_oof,0,4,162,1.222853433046121,
weibull_softplus_unscaled@kappa_floor_link_flat15_nomargin,table9,panel_oof,0,4,168,1.1453815358495671,
weibull_softplus_unscaled@kappa_floor_link_flat15_nomargin,table9,panel_oof,0,4,178,1.1395580343577292,
weibull_softplus_unscaled@kappa_floor_link_flat15_nomargin,table9,panel_oof,0,4,179,1.2477524975580312,
weibull_softplus_unscaled@kappa_floor_link_flat15_nomargin,table9,panel_oof,0,4,186,1.1848432431764158,
weibull_softplus_unscaled@kappa_floor_link_flat15_nomargin,table9,panel_oof,0,4,193,1.2168424854554178,
weibull_softplus_unscaled@kappa_floor_link_flat15_nomargin,table9,panel_oof,0,4,199,1.190721278843946,
weibull_softplus_unscaled@kappa_floor_link_flat15_nomargin,table9,panel_oof,0,4,202,1.2078156370321946,
weibull_softplus_unscaled@kappa_floor_link_flat15_nomargin,table9,panel_oof,0,4,207,1.247915655338891,
weibull_softplus_unscaled@kappa_floor_link_flat15_nomargin,table9,panel_oof,0,4,212,1.1960331929879886,
weibull_softplus_unscaled@kappa_floor_link_flat15_nomargin,table9,panel_oof,0,4,216,1.2198717532989716,
weibull_softplus_unscaled@kappa_floor_link_flat15_nomargin,table9,panel_oof,0,4,221,1.1921092599132619,
weibull_softplus_unscaled@kappa_floor_link_flat15_nomargin,table9,panel_oof,0,4,230,1.191085618860873,
weibull_softplus_unscaled@kappa_floor_link_flat15_nomargin,table9,panel_oof,0,4,231,1.1992219938336177,
weibull_softplus_unscaled@kappa_floor_link_flat15_nomargin,table9,panel_oof,0,4,239,1.2154287693881682,
weibull_softplus_unscaled@kappa_floor_link_flat15_nomargin,table9,external_development,0,-1,delphi_3e18_39bucket:0066da643d35e694a311d26516399114a1c69adba1f7795b773b704d93c0e945,1.2204601890046671,0.003153847441110153
weibull_softplus_unscaled@kappa_floor_link_flat15_nomargin,table9,external_development,0,-1,delphi_3e18_39bucket:015ce47db7b4ac2a312c1dfa614d699adb8526230f5a7355c112e4e546f4bb96,1.1926587327289913,0.002803929516181416
weibull_softplus_unscaled@kappa_floor_link_flat15_nomargin,table9,external_development,0,-1,delphi_3e18_39bucket:01985d1f15bebd8fef77b5150d00df90b1460ff11f8dbeb34a83d3755d4831ca,1.124023559499236,0.0017463672922369714
weibull_softplus_unscaled@kappa_floor_link_flat15_nomargin,table9,external_development,0,-1,delphi_3e18_39bucket:02c70e578e5784e551eefe679886439d9c803cedd53b283f3333a0c5fbe3e5cf,1.2021694962513854,0.0027767672867401614
weibull_softplus_unscaled@kappa_floor_link_flat15_nomargin,table9,external_development,0,-1,delphi_3e18_39bucket:037a604380dcbb0bd031ab6fe4d27d6f859ec425fb267f14b984c1fb545aefe5,1.2010783898187827,0.003068326646507169
weibull_softplus_unscaled@kappa_floor_link_flat15_nomargin,table9,external_development,0,-1,delphi_3e18_39bucket:039e773502afbad67dfd37ee20068668a2092188b0245ddd91d40a1560e905f6,1.1332343593524783,0.0015389902791729216
weibull_softplus_unscaled@kappa_floor_link_flat15_nomargin,table9,external_development,0,-1,delphi_3e18_39bucket:073bad81517f75d40c9eb877348b38c8734b28dc6cb239c2089c9c35e9510223,1.0907319221529517,0.003152394114377667
weibull_softplus_unscaled@kappa_floor_link_flat15_nomargin,table9,external_development,0,-1,delphi_3e18_39bucket:0788d5de28276914dae1c6388f1ab105867ad1d4a087d52bf0b8519d80129c89,1.1934165012043088,0.002809813520686835
weibull_softplus_unscaled@kappa_floor_link_flat15_nomargin,table9,external_development,0,-1,delphi_3e18_39bucket:081b3e9c9806710005689ad55a35ca2b5545880488e77cee8042740337e79dfd,1.0948007128457706,0.005361657063087166
weibull_softplus_unscaled@kappa_floor_link_flat15_nomargin,table9,external_development,0,-1,delphi_3e18_39bucket:09ab1aa79a519d8cbef31696066513a006253831fb687b610438ea9b39faef2c,1.2225586503352268,0.002658313532535801
weibull_softplus_unscaled@kappa_floor_link_flat15_nomargin,table9,external_development,0,-1,delphi_3e18_39bucket:09de561eed4cac3d6052c3e7ccd15b7d2bf21ffe6620953c40d04597b793517c,1.1151112658594018,0.002729819072026285
weibull_softplus_unscaled@kappa_floor_link_flat15_nomargin,table9,external_development,0,-1,delphi_3e18_39bucket:0a4c90180e2e9f06b17432216267636bc90d169f9f68bad8b789d271cb541e26,1.1387861655369877,0.002530246300310488
weibull_softplus_unscaled@kappa_floor_link_flat15_nomargin,table9,external_development,0,-1,delphi_3e18_39bucket:0a69a64824dbbec7bffe6fbd96bf614be79fa346a55fb8dad697d2aed91a31fe,1.0758526423004253,0.0036515322867042067
weibull_softplus_unscaled@kappa_floor_link_flat15_nomargin,table9,external_development,0,-1,delphi_3e18_39bucket:0c6db73ff59b9cdac2e2428761ffc68d8764b26faefabce9cdbe0ad6133514fb,1.121509849842802,0.001992973180513715
weibull_softplus_unscaled@kappa_floor_link_flat15_nomargin,table9,external_development,0,-1,delphi_3e18_39bucket:0c87eb28b1c95ec40d341aff414b3e73bc9300563def3b5d974082fe44509895,1.1946554246278307,0.0027633443868639914
weibull_softplus_unscaled@kappa_floor_link_flat15_nomargin,table9,external_development,0,-1,delphi_3e18_39bucket:0da14a6e57c138c21227eebbd44f186ea18272987a7f24f9edce875f3f5c35b2,1.191456547676689,0.002845064911805006
weibull_softplus_unscaled@kappa_floor_link_flat15_nomargin,table9,external_development,0,-1,delphi_3e18_39bucket:0fb57d38488e9d032a8a2d6e385eebbe0bb87510b042d12426a68166e3ec53b2,1.1508277042513304,0.0016127489766208966
weibull_softplus_unscaled@kappa_floor_link_flat15_nomargin,table9,external_development,0,-1,delphi_3e18_39bucket:100cd66fd89a88c77157afcbddc20547cc115238f2281abf552b8c0d0374cc36,1.223419076096496,0.0037700495623525588
weibull_softplus_unscaled@kappa_floor_link_flat15_nomargin,table9,external_development,0,-1,delphi_3e18_39bucket:115087d05bce1abc0d1e7590a4cc0b36b643cd94c47ca5e044580bd8ff9fa514,1.0928187702070282,0.003810048426235416
weibull_softplus_unscaled@kappa_floor_link_flat15_nomargin,table9,external_development,0,-1,delphi_3e18_39bucket:1186365305df843132a2b49cf1f4f3279bc6792218502b2ddb658ff6a8909811,1.2061000142655545,0.003875314509709344
weibull_softplus_unscaled@kappa_floor_link_flat15_nomargin,table9,external_development,0,-1,delphi_3e18_39bucket:14ae27b209bb3f3e584f2a754f2f606b14c6a91a854a6960f5f2002189a9c63f,1.1043740228613177,0.0014268306060055385
weibull_softplus_unscaled@kappa_floor_link_flat15_nomargin,table9,external_development,0,-1,delphi_3e18_39bucket:1583e0fcd8684efdb53f5dba40c3ee266a316d16da17c423933aa17c59399bb4,1.0767467629547434,0.0032533149947148016
weibull_softplus_unscaled@kappa_floor_link_flat15_nomargin,table9,external_development,0,-1,delphi_3e18_39bucket:168c44d2006162a6a570833acdedfc0e9cbace3ee8b4582d93c0d17b9a8f62dc,1.193881785996792,0.002807805966502777
weibull_softplus_unscaled@kappa_floor_link_flat15_nomargin,table9,external_development,0,-1,delphi_3e18_39bucket:180f3fe5f075a653053c6abb3614d3d97e4e8bd81a9bf3339b610420a3e507e1,1.1288438786681252,0.015358819834132904
weibull_softplus_unscaled@kappa_floor_link_flat15_nomargin,table9,external_development,0,-1,delphi_3e18_39bucket:18a99a3351245092d3769f803d6ed42ad1446d61d00a6145d3ab0f7eb370ad43,1.1895238634538505,0.0026720647391685025
weibull_softplus_unscaled@kappa_floor_link_flat15_nomargin,table9,external_development,0,-1,delphi_3e18_39bucket:19e6d0a05b7cc0e501b20e580b9d694acf4b47aafcdbc8afc3840bc26b8e9183,1.1863548792364005,0.002591939399220092
weibull_softplus_unscaled@kappa_floor_link_flat15_nomargin,table9,external_development,0,-1,delphi_3e18_39bucket:1abe87613ee3136eb10062b5549438b1593f06bc22629e4f06a79dc512925a09,1.0998574240009713,0.0037138772757717067
weibull_softplus_unscaled@kappa_floor_link_flat15_nomargin,table9,external_development,0,-1,delphi_3e18_39bucket:1bd2258fc50c2f2300cfee3ccf288fcf65b55a83f6f4e754166ad83968fd2bc5,1.196509838720301,0.0031222690099445725
weibull_softplus_unscaled@kappa_floor_link_flat15_nomargin,table9,external_development,0,-1,delphi_3e18_39bucket:1c82f47a17303f1c725bb67357c5df989e689eab6ce331e314ec3f25166ddb7f,1.1786912994016285,0.0024981060134375644
weibull_softplus_unscaled@kappa_floor_link_flat15_nomargin,table9,external_development,0,-1,delphi_3e18_39bucket:1f764babd33705edc89b9384b3ade86c50adefb121d72a48eead725f2f99fdbb,1.2078137222830145,0.0034583961664489253
weibull_softplus_unscaled@kappa_floor_link_flat15_nomargin,table9,external_development,0,-1,delphi_3e18_39bucket:217fcc24bb6f19269acad2fd83783863fb8c38fe10b23c82e8d4650e3c20af96,1.0726444707327814,0.005920488815085276
weibull_softplus_unscaled@kappa_floor_link_flat15_nomargin,table9,external_development,0,-1,delphi_3e18_39bucket:2217566357ae6eb4d1e0a63ed7d1b5f74bf85feb4a34fc2294075abf4779dc8a,1.0929843849171383,0.008519713543487458
weibull_softplus_unscaled@kappa_floor_link_flat15_nomargin,table9,external_development,0,-1,delphi_3e18_39bucket:22435fb72d5378f38e67f149c5327cefd8299de7f2802d207068e148a654d87a,1.0676073732417173,0.004467331993592637
weibull_softplus_unscaled@kappa_floor_link_flat15_nomargin,table9,external_development,0,-1,delphi_3e18_39bucket:244c4cf1cc1aff8a4fa4a6620ac3c4e89194a0edec3d369e2d5c5a3ffc611fbd,1.1910316756373072,0.002847366434219791
weibull_softplus_unscaled@kappa_floor_link_flat15_nomargin,table9,external_development,0,-1,delphi_3e18_39bucket:257cf9d7063698fc7195b8f86bda6fdb70aa44cc6560c09437872f7afc15b3c7,1.193171471577057,0.0027835605665307993
weibull_softplus_unscaled@kappa_floor_link_flat15_nomargin,table9,external_development,0,-1,delphi_3e18_39bucket:2805171d708ffa47ad55eebdded48bbe9184de34aaa01c764857896330bd5ed8,1.0805270994718397,0.0027448509694708114
weibull_softplus_unscaled@kappa_floor_link_flat15_nomargin,table9,external_development,0,-1,delphi_3e18_39bucket:28e9f00790cb0f3bd8eab6e67ab5ed390d4a8f9511b50e2c3b127fed84907f83,1.1935999540401256,0.0029261438216020693
weibull_softplus_unscaled@kappa_floor_link_flat15_nomargin,table9,external_development,0,-1,delphi_3e18_39bucket:29879913509e18c14302d4122cd80d460dbe36a86de1b841546532b10ae498e9,1.077043782549494,0.003933304882290494
weibull_softplus_unscaled@kappa_floor_link_flat15_nomargin,table9,external_development,0,-1,delphi_3e18_39bucket:2a97310a9690d4c4d3fba3c8cf2f4c53bec70f4ee6e7bc2798951d5fce110b5c,1.191907995612688,0.002799538502356332
weibull_softplus_unscaled@kappa_floor_link_flat15_nomargin,table9,external_development,0,-1,delphi_3e18_39bucket:2b989adc23ee2e9de7f2785a0f77bb06f18f1c8af0a8159044271123a563cdb9,1.0916766444990014,0.0019861821241518164
weibull_softplus_unscaled@kappa_floor_link_flat15_nomargin,table9,external_development,0,-1,delphi_3e18_39bucket:2f021c092554cc1c442218ef631eef0b2b67a217256c18aa0380762934be6ef9,1.1056879826763923,0.002771674839096619
weibull_softplus_unscaled@kappa_floor_link_flat15_nomargin,table9,external_development,0,-1,delphi_3e18_39bucket:303bf27116162aaf5aad23c1dceb815464d35b45e7e0b3d737d78f0e445a7c48,1.1572101881972312,0.0017725255350769878
weibull_softplus_unscaled@kappa_floor_link_flat15_nomargin,table9,external_development,0,-1,delphi_3e18_39bucket:329d432004aa55ff655af8af17bade03a9b3dd241ea3c9e87a7dbbeb1dc1b1d6,1.1865191721020847,0.002665196641878225
weibull_softplus_unscaled@kappa_floor_link_flat15_nomargin,table9,external_development,0,-1,delphi_3e18_39bucket:3614e5ff6454c53dc1b4848cee125d2bf986629dee4783b90415bc92736347a1,1.0910656638545548,0.005945878568257215
weibull_softplus_unscaled@kappa_floor_link_flat15_nomargin,table9,external_development,0,-1,delphi_3e18_39bucket:38b51fbcfa5c77121be6726dc68a28ce5ab9452aefd61be07d82e359fbdedf79,1.097564829900589,0.005705231714116918
weibull_softplus_unscaled@kappa_floor_link_flat15_nomargin,table9,external_development,0,-1,delphi_3e18_39bucket:391b0859fe53bf6c9da14d9694a7f85f766f8d8225b48942c840d1f3bebe7876,1.1168242212563477,0.002252673686959764
weibull_softplus_unscaled@kappa_floor_link_flat15_nomargin,table9,external_development,0,-1,delphi_3e18_39bucket:39df5a66a6bcbdc5f52f9f37dfd15b1fdd08a415743db8fb17cc8b0512ac963f,1.2467139768609434,0.005047372914108077
weibull_softplus_unscaled@kappa_floor_link_flat15_nomargin,table9,external_development,0,-1,delphi_3e18_39bucket:3c5d1d0ddb5500239d26944a313e0c966e43abfabc203fcdb07d5db66f8dc712,1.1016507587924775,0.00793822155281338
weibull_softplus_unscaled@kappa_floor_link_flat15_nomargin,table9,external_development,0,-1,delphi_3e18_39bucket:3d3cd30314fd09b91f22ba82b732e228369abd03b55a27da937e0bca5a083a0a,1.1878584686734284,0.0029135458997527567
weibull_softplus_unscaled@kappa_floor_link_flat15_nomargin,table9,external_development,0,-1,delphi_3e18_39bucket:3d45f3bc22316f2c3a26d5af2662f5cc5b2e1214d7bf88bc7dfa2b034b89b076,1.100437645222419,0.0036326073168812508
weibull_softplus_unscaled@kappa_floor_link_flat15_nomargin,table9,external_development,0,-1,delphi_3e18_39bucket:3de18a523f9dbadd83062cb454ad019820e391183b58003dd91dda53a4b13e1b,1.1468568303740732,0.023205706609787068
weibull_softplus_unscaled@kappa_floor_link_flat15_nomargin,table9,external_development,0,-1,delphi_3e18_39bucket:3ec760a2d3f08ec7acbde5dd5b70f25acbb174767b5f8e54d028852120660c2d,1.098447444868709,0.006559026134241622
weibull_softplus_unscaled@kappa_floor_link_flat15_nomargin,table9,external_development,0,-1,delphi_3e18_39bucket:3f18082665844ac4fa26e9c9e87ec9528a72d448eff278e6eb0fb7e1d4dc39bc,1.1231795693682471,0.004346543406175244
weibull_softplus_unscaled@kappa_floor_link_flat15_nomargin,table9,external_development,0,-1,delphi_3e18_39bucket:4148bb820fc709c78f6daf88c6822b7f28c7d1aba87c815125bab9cc0c715d32,1.1474491883051356,0.017775610289408394
weibull_softplus_unscaled@kappa_floor_link_flat15_nomargin,table9,external_development,0,-1,delphi_3e18_39bucket:419ee81cda8173e88f7ada544fce6e041beb00f9371af74edf51e3240616e6ae,1.099307220969457,0.0032080717537783863
weibull_softplus_unscaled@kappa_floor_link_flat15_nomargin,table9,external_development,0,-1,delphi_3e18_39bucket:435fc59b9f74ea68a12a16abcf01b49d1d751709400f056661ece786c4fb97f4,1.1954645656834582,0.002597020714229371
weibull_softplus_unscaled@kappa_floor_link_flat15_nomargin,table9,external_development,0,-1,delphi_3e18_39bucket:43a1b832b41d7b3705abe45be2d9a39f606803f539c4bfc22f9bdb84abd4ecdd,1.1859457049138213,0.0025883773990599385
weibull_softplus_unscaled@kappa_floor_link_flat15_nomargin,table9,external_development,0,-1,delphi_3e18_39bucket:44ce79a61450d4abf95809bf0fa221ae9d748008c8b5ae22fd8d3212c27a3fea,1.0952895581824613,0.0017330691917498567
weibull_softplus_unscaled@kappa_floor_link_flat15_nomargin,table9,external_development,0,-1,delphi_3e18_39bucket:454b420da2501cc8413ce34639b91fba6c924e92d4acb602a12a4188a7bbac06,1.1257681152226042,0.004769709770834429
weibull_softplus_unscaled@kappa_floor_link_flat15_nomargin,table9,external_development,0,-1,delphi_3e18_39bucket:45c4ebe12e4506146427d7cf86c80df51ee3636fdc90eec46c6fbcda132736d3,1.1972065210928173,0.002813166744743651
weibull_softplus_unscaled@kappa_floor_link_flat15_nomargin,table9,external_development,0,-1,delphi_3e18_39bucket:46346afc1e8f516e3cf8db030395bc5bdba3094e0d1d6ce3d9212fbb3736b08f,1.218903205311086,0.0015491772116589708
weibull_softplus_unscaled@kappa_floor_link_flat15_nomargin,table9,external_development,0,-1,delphi_3e18_39bucket:479b4c0d010ec8af266c712fad85c52a6b25371b206b9d3bea78ede611674b9e,1.25717376274093,0.004347773157495965
weibull_softplus_unscaled@kappa_floor_link_flat15_nomargin,table9,external_development,0,-1,delphi_3e18_39bucket:47f173bc0284dd1f8264d5a01dd8a2fcd9c04165efed2d185d16e1684ae02254,1.132894203882951,0.004366590843211302
weibull_softplus_unscaled@kappa_floor_link_flat15_nomargin,table9,external_development,0,-1,delphi_3e18_39bucket:4925c3287b201af1db9d1972026e9bf6b2b76a75673de01b83cd6af4965a90c1,1.0884809841098568,0.0019195268507558412
weibull_softplus_unscaled@kappa_floor_link_flat15_nomargin,table9,external_development,0,-1,delphi_3e18_39bucket:49605a406a87e4b29ff1058b67cff48d00f583ed007d73fd163a37ab3f1ef415,1.1139531896045267,0.0022536850860391047
weibull_softplus_unscaled@kappa_floor_link_flat15_nomargin,table9,external_development,0,-1,delphi_3e18_39bucket:4d2a9f8e18ebd65e0860eaa7996c71b4bc666ece79a59f99599bf658eaaf1ca6,1.267773833289748,0.02028308621121975
weibull_softplus_unscaled@kappa_floor_link_flat15_nomargin,table9,external_development,0,-1,delphi_3e18_39bucket:4dcd25089f067b1c4aa3d94b5a6046e58c872c7192b21d095899daf4324f9073,1.2835247981017535,0.006635771109747187
weibull_softplus_unscaled@kappa_floor_link_flat15_nomargin,table9,external_development,0,-1,delphi_3e18_39bucket:51ba2b4f2f488f8c496f545e752754c9e324fea095988aeafc121d14587f9440,1.0900236057923411,0.004371795985213736
weibull_softplus_unscaled@kappa_floor_link_flat15_nomargin,table9,external_development,0,-1,delphi_3e18_39bucket:520b93fe83078f785e1745d02d62d4de498b2d844861b920f20ad9fddb96d966,1.1112778430593604,0.004406085771911895
weibull_softplus_unscaled@kappa_floor_link_flat15_nomargin,table9,external_development,0,-1,delphi_3e18_39bucket:5268fc7970fdd1757c78b3d28d3b4a01e39ae7eb48d9eff786688b6aa8419e2c,1.20187243644747,0.002937477812875857
weibull_softplus_unscaled@kappa_floor_link_flat15_nomargin,table9,external_development,0,-1,delphi_3e18_39bucket:5302a3d504bc827eb82480e47fa5f9369b2a34a9073980d5a79b7b11472c3d35,1.1011906784058905,0.003135577773275589
weibull_softplus_unscaled@kappa_floor_link_flat15_nomargin,table9,external_development,0,-1,delphi_3e18_39bucket:5304e9320d8a83ce4fc5f0c3d55748a46b482bd39654250154a2e9b9b1f11612,1.065644342424187,0.004788305779787395
weibull_softplus_unscaled@kappa_floor_link_flat15_nomargin,table9,external_development,0,-1,delphi_3e18_39bucket:547f1880e12c632add60347ae92abf186e58bd4549de02831f05f117476ccd27,1.0835077538255231,0.002261122824368979
weibull_softplus_unscaled@kappa_floor_link_flat15_nomargin,table9,external_development,0,-1,delphi_3e18_39bucket:5653d17dd718ed001c50f11b1296a0b6c437549494c3ad1c8cb1b53da2629181,1.1248629948194024,0.012616320858563705
weibull_softplus_unscaled@kappa_floor_link_flat15_nomargin,table9,external_development,0,-1,delphi_3e18_39bucket:569f2fae296c65c150355a111967e64f0458d6d4e4e6695bdad8510e2d957522,1.0857612349431296,0.002388685321699234
weibull_softplus_unscaled@kappa_floor_link_flat15_nomargin,table9,external_development,0,-1,delphi_3e18_39bucket:577ebf44b0802041939fa396b991d55566e0430342ea4e86916d0a09526dfc7b,1.1384923042039616,0.003127697516551726
weibull_softplus_unscaled@kappa_floor_link_flat15_nomargin,table9,external_development,0,-1,delphi_3e18_39bucket:587d99c210755fe678009083951edbaf5f30125b9a9228c07223908788f4efbf,1.1221341193752588,0.004638255309971523
weibull_softplus_unscaled@kappa_floor_link_flat15_nomargin,table9,external_development,0,-1,delphi_3e18_39bucket:593cd68cc1f7693b8781f426fd8bf633d814852c98cef69f1dc0e05aa749a4a8,1.196220101101761,0.0027273792446583975
weibull_softplus_unscaled@kappa_floor_link_flat15_nomargin,table9,external_development,0,-1,delphi_3e18_39bucket:5969f449d772b308738c1973bb8124a9388da3145bdcd4dbf580903e8aa5ae45,1.0874033762771473,0.003405810890685424
weibull_softplus_unscaled@kappa_floor_link_flat15_nomargin,table9,external_development,0,-1,delphi_3e18_39bucket:5a6c87e0a035e4d18b7e137b2cc16b00806f8d1ef126cc1b3e98ec648866cd95,1.0898070500367596,0.003366023397580843
weibull_softplus_unscaled@kappa_floor_link_flat15_nomargin,table9,external_development,0,-1,delphi_3e18_39bucket:5bab89a350083bbb82d43430d716a115110122a55cabce94a4c485ba7cfc7890,1.0969455403477282,0.003597791808457735
weibull_softplus_unscaled@kappa_floor_link_flat15_nomargin,table9,external_development,0,-1,delphi_3e18_39bucket:5d327ac229879291117268bc6336e58c8152465241259a6f06a7977096c2cbab,1.1069201542264802,0.015339670154976337
weibull_softplus_unscaled@kappa_floor_link_flat15_nomargin,table9,external_development,0,-1,delphi_3e18_39bucket:5d81c990ff3f85d604963810f29b83410738a33c030bdad16230497701c673cc,1.1263972888927425,0.0015174323272136342
weibull_softplus_unscaled@kappa_floor_link_flat15_nomargin,table9,external_development,0,-1,delphi_3e18_39bucket:5da4a1f0602a1c573a15377a4719b3b792d3be63656c74bcdef8bd988e67c292,1.0897879965498976,0.008318088750933301
weibull_softplus_unscaled@kappa_floor_link_flat15_nomargin,table9,external_development,0,-1,delphi_3e18_39bucket:5f70df28cce5d870961ea81fd9171415d174214efb666d244008771b3f8a8132,1.1331934757215176,0.004403062257258237
weibull_softplus_unscaled@kappa_floor_link_flat15_nomargin,table9,external_development,0,-1,delphi_3e18_39bucket:5f8f1118125ab64ed7032396f431fe7a879ad10627850bcd4cebb2b9c12c9c22,1.1927058039652585,0.0028844157581760033
weibull_softplus_unscaled@kappa_floor_link_flat15_nomargin,table9,external_development,0,-1,delphi_3e18_39bucket:6233cb472d97f01738aec435e826103682ccfd8390ef3bf6783341c9818b9043,1.1091188257369209,0.003239043166330268
weibull_softplus_unscaled@kappa_floor_link_flat15_nomargin,table9,external_development,0,-1,delphi_3e18_39bucket:635528e5e2a0e881124caf31eb8cf68a81b7afe38b50630e57e736edbdd31013,1.1238987581325177,0.0025972159349378515
weibull_softplus_unscaled@kappa_floor_link_flat15_nomargin,table9,external_development,0,-1,delphi_3e18_39bucket:643213b3d69a274b198c42fc5df8e2e33accfef69d26786274a4e3f0d3ff1eba,1.0961626486202394,0.002751380866618181
weibull_softplus_unscaled@kappa_floor_link_flat15_nomargin,table9,external_development,0,-1,delphi_3e18_39bucket:64f4ce182df0f4dc266d00d5177554ae26d369be6d6fdc42e4020ce4c159e038,1.143646564667396,0.005209150105237446
weibull_softplus_unscaled@kappa_floor_link_flat15_nomargin,table9,external_development,0,-1,delphi_3e18_39bucket:67219c03d0898c3bde8548203483153b8dab3ed4fff577a865554213c097934e,1.1013460549171432,0.004170517701717484
weibull_softplus_unscaled@kappa_floor_link_flat15_nomargin,table9,external_development,0,-1,delphi_3e18_39bucket:6804300e425006b08f97520a7f6c9bba13378a0b6b02edcbfec5611e5ca0c44d,1.0822400478276228,0.0031079182970513214
weibull_softplus_unscaled@kappa_floor_link_flat15_nomargin,table9,external_development,0,-1,delphi_3e18_39bucket:68195b7435e250fecfae0a4a43494aec7a31a5058003835e9123c0d9e17c5779,1.1930420143471199,0.00278374786116595
weibull_softplus_unscaled@kappa_floor_link_flat15_nomargin,table9,external_development,0,-1,delphi_3e18_39bucket:685f65df9a5d97bc32080e3b868a666285be0939d78e0a811d378657ee757244,1.0843080653960513,0.0055444482551867055
weibull_softplus_unscaled@kappa_floor_link_flat15_nomargin,table9,external_development,0,-1,delphi_3e18_39bucket:6a6a57cc90489b1821b2d65721b9c2e1d907405a1cb08fb12b0a637f75a245c7,1.2153258136471896,0.003130360927372925
weibull_softplus_unscaled@kappa_floor_link_flat15_nomargin,table9,external_development,0,-1,delphi_3e18_39bucket:6b35fe0f0f1836e028d532783d26a896a624c7a1b735b664c912826d6046ade7,1.1928570508633043,0.002778703165323946
weibull_softplus_unscaled@kappa_floor_link_flat15_nomargin,table9,external_development,0,-1,delphi_3e18_39bucket:6be8998407711e41d66a8387ce4264ca2d324918221eafcce587dcead56348cf,1.0922443304607738,0.0021723383289830814
weibull_softplus_unscaled@kappa_floor_link_flat15_nomargin,table9,external_development,0,-1,delphi_3e18_39bucket:6c651e55ddca05236b7de3e3673e1b135e1bafa15edb691f8d6ccfe12505a49c,1.1367421101581043,0.0029318606943689656
weibull_softplus_unscaled@kappa_floor_link_flat15_nomargin,table9,external_development,0,-1,delphi_3e18_39bucket:6eff5c2c6d0c6033485ec4cb97a6edae6de89063ea34c89f669ff4e4e0629eea,1.2044030622353485,0.003213909171616113
weibull_softplus_unscaled@kappa_floor_link_flat15_nomargin,table9,external_development,0,-1,delphi_3e18_39bucket:7085b12019ff35a054c005d424eb8596134e288c7ecaa2596bb4b5711eb66326,1.085688551851574,0.0034457160391405256
weibull_softplus_unscaled@kappa_floor_link_flat15_nomargin,table9,external_development,0,-1,delphi_3e18_39bucket:7132c13eee4b70ca34a33f9a9ae7366f1bfa0fced8aaf9fa0323bc319b97506a,1.2010808844926575,0.0025588022383936752
weibull_softplus_unscaled@kappa_floor_link_flat15_nomargin,table9,external_development,0,-1,delphi_3e18_39bucket:71eb42d48f6b6a336390c690ce1e47364dfe485e2a4f06e168075c88b0def0a9,1.2706103011340597,0.005998127650327661
weibull_softplus_unscaled@kappa_floor_link_flat15_nomargin,table9,external_development,0,-1,delphi_3e18_39bucket:742dd349c1fbc18af63f516a37aaff216490071ad5e744e3cf744b4b49367d40,1.2107349412610222,0.003978558770958357
weibull_softplus_unscaled@kappa_floor_link_flat15_nomargin,table9,external_development,0,-1,delphi_3e18_39bucket:74bdb4e6f472459381f30133f60e19e24a54f6c7d8a9fc845b5471d668934b4d,1.0883034803169194,0.006502458058967369
weibull_softplus_unscaled@kappa_floor_link_flat15_nomargin,table9,external_development,0,-1,delphi_3e18_39bucket:789182d5189317aa9b8640cc1bce52e2c170dc32657677d3a4108620bcbb7f05,1.2018748548133902,0.0029300912015607044
weibull_softplus_unscaled@kappa_floor_link_flat15_nomargin,table9,external_development,0,-1,delphi_3e18_39bucket:78b2e8346a4519dfef462b8376a77bc4e1d601f8933e6641020cf0eb7e48efc0,1.1678353957865717,0.002309819113607222
weibull_softplus_unscaled@kappa_floor_link_flat15_nomargin,table9,external_development,0,-1,delphi_3e18_39bucket:79faa6a5b2de9e64c364af44aaa762e31a637c87c7c6d57002f957ef71cbeb84,1.0860236958251026,0.002215891929726802
weibull_softplus_unscaled@kappa_floor_link_flat15_nomargin,table9,external_development,0,-1,delphi_3e18_39bucket:7c9cf8d99e2a20bfcf7060b220169c9ae7c13a5c2cfaa96022cc97b063759fec,1.1330350088958328,0.0033087813691542152
weibull_softplus_unscaled@kappa_floor_link_flat15_nomargin,table9,external_development,0,-1,delphi_3e18_39bucket:7d6e5bdf2421a78af620ea6ac7975078e405a629c7642ced529ef76b1f6bba54,1.1034755469570103,0.014553314244686257
weibull_softplus_unscaled@kappa_floor_link_flat15_nomargin,table9,external_development,0,-1,delphi_3e18_39bucket:7e55a3661a634ab042b0d907f35856d18f479e608ad474942aa5a6ecf7f9f033,1.1124968768298544,0.001894521668227243
weibull_softplus_unscaled@kappa_floor_link_flat15_nomargin,table9,external_development,0,-1,delphi_3e18_39bucket:7ea661be2a7587559cb8925e1eb21820cb040c4cd7a883b0f24803c308d3fb41,1.0899769138047182,0.002014241186214463
weibull_softplus_unscaled@kappa_floor_link_flat15_nomargin,table9,external_development,0,-1,delphi_3e18_39bucket:7ed367f16179f0147cfe76808f461bb876363b57665b8e5485529577f7dd5210,1.1265152708542145,0.002699198928231692
weibull_softplus_unscaled@kappa_floor_link_flat15_nomargin,table9,external_development,0,-1,delphi_3e18_39bucket:80b7399fe369d7309377bca271430df48654b77c59f6f9809f09f49a62c14c95,1.091227599299068,0.00388945770149067
weibull_softplus_unscaled@kappa_floor_link_flat15_nomargin,table9,external_development,0,-1,delphi_3e18_39bucket:80cd1b3538923f0a877e5c9e8a78b526e337a71951c52c3ed2fabe91e7daeb69,1.0981341077428297,0.0030382332170051417
weibull_softplus_unscaled@kappa_floor_link_flat15_nomargin,table9,external_development,0,-1,delphi_3e18_39bucket:80ef0b613e000a82657443770642af353463be1258804e7d9a261d13e6d4476b,1.2894496822111998,0.04341182917218817
weibull_softplus_unscaled@kappa_floor_link_flat15_nomargin,table9,external_development,0,-1,delphi_3e18_39bucket:81329096cd24fadc9f75ffda9d87c90de1dd4f27e19160c1a0ab25986bc2213e,1.0872462038834785,0.0026097823376871783
weibull_softplus_unscaled@kappa_floor_link_flat15_nomargin,table9,external_development,0,-1,delphi_3e18_39bucket:81cb45a36b39811750d0ff0f4375bddfcf30514d23437ee76f5f2fb9aeef22de,1.0986760926710089,0.0033894856585477266
weibull_softplus_unscaled@kappa_floor_link_flat15_nomargin,table9,external_development,0,-1,delphi_3e18_39bucket:83255fbba7f49b8b85c42635b9dfbb84761b39c2df55f527fecbf415d75bdb19,1.0964804946541986,0.005693376049190677
weibull_softplus_unscaled@kappa_floor_link_flat15_nomargin,table9,external_development,0,-1,delphi_3e18_39bucket:85cf736312d9c54d30d33e799831eace88d4de508ed9795dc06bd89296394ffd,1.1331996884968816,0.005685531286338428
weibull_softplus_unscaled@kappa_floor_link_flat15_nomargin,table9,external_development,0,-1,delphi_3e18_39bucket:869e1d284e219525aaf5d7d275906629688a62da31308f8af724cf8e4e5d9f87,1.0977872152805457,0.0014511717403295858
weibull_softplus_unscaled@kappa_floor_link_flat15_nomargin,table9,external_development,0,-1,delphi_3e18_39bucket:8742e8c2e0296f55b1c137dd55f16cb74ac4383a6910e9d287ebe64de86fef97,1.0651522560635918,0.005517504584584013
weibull_softplus_unscaled@kappa_floor_link_flat15_nomargin,table9,external_development,0,-1,delphi_3e18_39bucket:8764bd229418c70dbbe599973cafc92f4d5c6b32008b9660f4dc1c2b9ea05ee6,1.0857233125445243,0.003693761898192452
weibull_softplus_unscaled@kappa_floor_link_flat15_nomargin,table9,external_development,0,-1,delphi_3e18_39bucket:87837653d9cdc600c37c55a28dbdbbafffdc6e81c912de2423ff4dd6118f5f0a,1.192647205014293,0.0028546178228917372
weibull_softplus_unscaled@kappa_floor_link_flat15_nomargin,table9,external_development,0,-1,delphi_3e18_39bucket:888cfaf89d4295f594e70e228c529e053cfd95543a8db5dfe5873174591305d6,1.091442292207812,0.0049169761076154955
weibull_softplus_unscaled@kappa_floor_link_flat15_nomargin,table9,external_development,0,-1,delphi_3e18_39bucket:88da80acdbb077326baf06c1ee5ed44df4ccf2d1c95d0225144a1ef721799941,1.1921979737329769,0.002772269708236299
weibull_softplus_unscaled@kappa_floor_link_flat15_nomargin,table9,external_development,0,-1,delphi_3e18_39bucket:8a5e02daa1e8fdf2a742a34c43f9a70bb723cb9f61bc5fcfe9694679bdaca30e,1.1919210423504896,0.0029001039162565743
weibull_softplus_unscaled@kappa_floor_link_flat15_nomargin,table9,external_development,0,-1,delphi_3e18_39bucket:8b6fc2228a641c15336b0a2f6243168c75a92ef85a25feac87bdbcb80fa0ce3e,1.0965055962734296,0.005710167058632257
weibull_softplus_unscaled@kappa_floor_link_flat15_nomargin,table9,external_development,0,-1,delphi_3e18_39bucket:8c377f234db2429719cde7dad4993aee8d5ba1a1b9fc4bb1edecd7ce3c71c7ba,1.196589040067869,0.002632950940803119
weibull_softplus_unscaled@kappa_floor_link_flat15_nomargin,table9,external_development,0,-1,delphi_3e18_39bucket:8d8d29d13a22ae384d9c1d2602fbdc405a2944615cac1839a8fed0a4f1cf92cd,1.0955964317685771,0.007119904420774689
weibull_softplus_unscaled@kappa_floor_link_flat15_nomargin,table9,external_development,0,-1,delphi_3e18_39bucket:8e07c6e265071fba3115ceab986006dd4518361d77cde815c233b3b70a3ffdc0,1.1894697444787823,0.002820510047959204
weibull_softplus_unscaled@kappa_floor_link_flat15_nomargin,table9,external_development,0,-1,delphi_3e18_39bucket:8ef412ceada2d7ce755116002b185f9a484e1bd67269fffa0bb96a36e49f1b57,1.115044999429419,0.002565523487764013
weibull_softplus_unscaled@kappa_floor_link_flat15_nomargin,table9,external_development,0,-1,delphi_3e18_39bucket:8f9d336e61271fad2de609d91cff46986aa0a18d154f1bb47311d58529798e70,1.0753602976355725,0.0029554824256054026
weibull_softplus_unscaled@kappa_floor_link_flat15_nomargin,table9,external_development,0,-1,delphi_3e18_39bucket:8fd1ba3a337f5601be326ee3fa5f02778374cd45763940f906a747ef581271a2,1.1007594606556919,0.0024197233596272016
weibull_softplus_unscaled@kappa_floor_link_flat15_nomargin,table9,external_development,0,-1,delphi_3e18_39bucket:90dba2fc8d83436f4853eb165d137a40b833acc83db632ba583aa912e43b733d,1.0683833249324772,0.004200168327727071
weibull_softplus_unscaled@kappa_floor_link_flat15_nomargin,table9,external_development,0,-1,delphi_3e18_39bucket:90f52ac0608eb5e98056e42a1f2c4baf179f331a5a38fab70ead512319850a58,1.0930205040159744,0.0038084766524615885
weibull_softplus_unscaled@kappa_floor_link_flat15_nomargin,table9,external_development,0,-1,delphi_3e18_39bucket:915788dcc658ef8459d4fe90196613e360eb9a4655570e26ccf506b5a28854fa,1.0897907563325924,0.002059706747793088
weibull_softplus_unscaled@kappa_floor_link_flat15_nomargin,table9,external_development,0,-1,delphi_3e18_39bucket:937f2ad80bf81c490b47d4ffa2a834687d935ca5b8d1aac556126ed037de7674,1.2234481378998707,0.022396725741099698
weibull_softplus_unscaled@kappa_floor_link_flat15_nomargin,table9,external_development,0,-1,delphi_3e18_39bucket:9402f0aef28710392a371f6c2d00b98a0838d825536798d42069e950307c4c99,1.0979981465905908,0.00571231475546589
weibull_softplus_unscaled@kappa_floor_link_flat15_nomargin,table9,external_development,0,-1,delphi_3e18_39bucket:97a9a5ebb9cef7528b5a1da0e741881159e16d17debe1bae0a412102ad3ef173,1.1028207921148367,0.0040501141218888285
weibull_softplus_unscaled@kappa_floor_link_flat15_nomargin,table9,external_development,0,-1,delphi_3e18_39bucket:99a1fe189ce40a2f048415cf2c9d05a5d0869a5118c2c936a4376cb325c23e68,1.0935487862027524,0.0037734396069306533
weibull_softplus_unscaled@kappa_floor_link_flat15_nomargin,table9,external_development,0,-1,delphi_3e18_39bucket:9a343b0b93b0bad4f87152437bb40a403f7be5b9f572cfae5e7703e50bc7093a,1.263638963480418,0.005947516880659551
weibull_softplus_unscaled@kappa_floor_link_flat15_nomargin,table9,external_development,0,-1,delphi_3e18_39bucket:9a66aeb4da20d6cb985f60b618c35fa92cb849c3995c7701c5b8b9785a935f95,1.1934867279346992,0.002646640939531033
weibull_softplus_unscaled@kappa_floor_link_flat15_nomargin,table9,external_development,0,-1,delphi_3e18_39bucket:9b478f9223e98b33f203281ad106af33651a711905e81c6425afe46d362783dd,1.0891834761994592,0.004277800534560836
weibull_softplus_unscaled@kappa_floor_link_flat15_nomargin,table9,external_development,0,-1,delphi_3e18_39bucket:9cb37ee04e914fba68e7aa6ea382c6a5dcc2b405ec78b251b537abc8f70b15f2,1.272951793569829,0.00844150018785337
weibull_softplus_unscaled@kappa_floor_link_flat15_nomargin,table9,external_development,0,-1,delphi_3e18_39bucket:9d67ecf7ca42caa8c17072acc340447c75d621fa7f6328d104f5c9aaeb7ec6e0,1.1313421398685346,0.0016521452305916769
weibull_softplus_unscaled@kappa_floor_link_flat15_nomargin,table9,external_development,0,-1,delphi_3e18_39bucket:9dd4959b60a619086be7a961944fc3ecdd885a9e689014e9469cefc96b05d519,1.2018339056358682,0.002815948093885508
weibull_softplus_unscaled@kappa_floor_link_flat15_nomargin,table9,external_development,0,-1,delphi_3e18_39bucket:9e9c69194eb0212d58b2cd82c37cfb3cd0425cc53145c90e62e8fdaa0146b72c,1.2317944656046669,0.004564316029142234
weibull_softplus_unscaled@kappa_floor_link_flat15_nomargin,table9,external_development,0,-1,delphi_3e18_39bucket:a06702de740002664665137e4b38e0b8da850b54fa2b60043b07648bc7865e0d,1.196138913801979,0.0028446699547965554
weibull_softplus_unscaled@kappa_floor_link_flat15_nomargin,table9,external_development,0,-1,delphi_3e18_39bucket:a112249e06f01c4b89fb7ab08cab57efeda282d92742f4cc252467705cf190b3,1.1028965717049348,0.00297881752655637
weibull_softplus_unscaled@kappa_floor_link_flat15_nomargin,table9,external_development,0,-1,delphi_3e18_39bucket:a1a917b1981fc2cad2c2759dccf963b51fb941fd9816c49087f7b119545d4161,1.0781129747297085,0.0028170515428288067
weibull_softplus_unscaled@kappa_floor_link_flat15_nomargin,table9,external_development,0,-1,delphi_3e18_39bucket:a2e9ef04947000c42a5fce44f079afd6c9a82405871f0ae796e3a23c09bdcd60,1.1718655632695008,0.02589968231122004
weibull_softplus_unscaled@kappa_floor_link_flat15_nomargin,table9,external_development,0,-1,delphi_3e18_39bucket:a33494886bea818345f1c4e736142dd31e9b8963c77dda49d14b97936f38ad95,1.184744859672171,0.010699241346259249
weibull_softplus_unscaled@kappa_floor_link_flat15_nomargin,table9,external_development,0,-1,delphi_3e18_39bucket:a446352f8ea28f09e4c49fbb12b233c435b553f9d70c492c7073b7bf49c30026,1.0797686284688466,0.0027945569439995132
weibull_softplus_unscaled@kappa_floor_link_flat15_nomargin,table9,external_development,0,-1,delphi_3e18_39bucket:a49233d8ca277189ab0cffa6075e2cba9b34d183388b505c02e9a17d70d7b1a8,1.1780828953726674,0.0025228527726135143
weibull_softplus_unscaled@kappa_floor_link_flat15_nomargin,table9,external_development,0,-1,delphi_3e18_39bucket:a65d5c88e37d14e7e1c7bc24772a174122d7735d5bb9401952c2c43a9e52bcb0,1.1940542222394017,0.0027155053890196633
weibull_softplus_unscaled@kappa_floor_link_flat15_nomargin,table9,external_development,0,-1,delphi_3e18_39bucket:a6f8ee66180ee4f314eaefad2d4a4d32b2dca4cca30189c172ec69c8e429a20f,1.0657306348377515,0.00604364807514024
weibull_softplus_unscaled@kappa_floor_link_flat15_nomargin,table9,external_development,0,-1,delphi_3e18_39bucket:a9443e4734c22f757147884341c62ae38299464729f87ed9ebc619cf23b893a1,1.1919808501284936,0.00279583144092657
weibull_softplus_unscaled@kappa_floor_link_flat15_nomargin,table9,external_development,0,-1,delphi_3e18_39bucket:a9fad6c5f1a36df4b0cd5664cd0bb595654bf66783a68cba6267d2877016bdfc,1.1035243976181681,0.013052769401281078
weibull_softplus_unscaled@kappa_floor_link_flat15_nomargin,table9,external_development,0,-1,delphi_3e18_39bucket:acf47cd01afab11ff0fcb7160374abce76a2944fe7a7540d228c251e9321640d,1.0750876487187608,0.0036012957894769144
weibull_softplus_unscaled@kappa_floor_link_flat15_nomargin,table9,external_development,0,-1,delphi_3e18_39bucket:ad6cc7dabe4a5d5d4ba13920311e4ef81127a10801519d719266222379ae77b0,1.0891545051950637,0.0033276027880841477
weibull_softplus_unscaled@kappa_floor_link_flat15_nomargin,table9,external_development,0,-1,delphi_3e18_39bucket:ae0dded03badca9af71c45d67446f487f2de6f1c7152b6c1a2d3ecada8a9d714,1.1913917903570714,0.002811938579893721
weibull_softplus_unscaled@kappa_floor_link_flat15_nomargin,table9,external_development,0,-1,delphi_3e18_39bucket:af23052e9bb0568d854252c7e9d912d01127effa106d2a440fdce6cbb8742532,1.0816799473898024,0.0028636764416361815
weibull_softplus_unscaled@kappa_floor_link_flat15_nomargin,table9,external_development,0,-1,delphi_3e18_39bucket:b0cb7fc00e70c87e1210c38349ab8e80c514b61f5bf14e6e4d3a1e054d88183c,1.079041649296843,0.0030390142906360326
weibull_softplus_unscaled@kappa_floor_link_flat15_nomargin,table9,external_development,0,-1,delphi_3e18_39bucket:b1168e54ae7e32586bd89eeaf38a318cd349cbd8750efb93612a79f756b5f1f7,1.1954713496186167,0.0026461293899476294
weibull_softplus_unscaled@kappa_floor_link_flat15_nomargin,table9,external_development,0,-1,delphi_3e18_39bucket:b24484975c0fdb42bc7d421c371e91d35f685b6538fffc7050e857d97e5348ff,1.1024934614136501,0.003230136616263132
weibull_softplus_unscaled@kappa_floor_link_flat15_nomargin,table9,external_development,0,-1,delphi_3e18_39bucket:b2e9ddb8f35e322ed0b092df87cdc78e620b2de7818b2a7c9891ff0e9a2b2203,1.1078348934522269,0.008688205207215246
weibull_softplus_unscaled@kappa_floor_link_flat15_nomargin,table9,external_development,0,-1,delphi_3e18_39bucket:b3c3cd22e3dae4f77235a1bb86fcf08ae715bc018b78109510794e1bfbbec0d2,1.104110382105083,0.004003704408708309
weibull_softplus_unscaled@kappa_floor_link_flat15_nomargin,table9,external_development,0,-1,delphi_3e18_39bucket:b4019bdf109781eac2e9182593f4f84c5c51635d447918682e7ed12d25efdf1b,1.1932642539647955,0.00281035110826894
weibull_softplus_unscaled@kappa_floor_link_flat15_nomargin,table9,external_development,0,-1,delphi_3e18_39bucket:b4db7f9f5c435c1903537d5c944758a1e93d54c6a0fa3ddd19122f4e7b7298a0,1.0791384293906006,0.0026568597842431658
weibull_softplus_unscaled@kappa_floor_link_flat15_nomargin,table9,external_development,0,-1,delphi_3e18_39bucket:b5ee1f40e4fe0358ac680a969cd93dfe1b00c483ee3b2d4ff4bc73bd6424437b,1.269083228739723,0.007673270243461353
weibull_softplus_unscaled@kappa_floor_link_flat15_nomargin,table9,external_development,0,-1,delphi_3e18_39bucket:b6430b97f099d96863ae8ad7779c1bddc164c591ab12cc5ea266142e19a7cdfd,1.192256660588658,0.0028405292136526386
weibull_softplus_unscaled@kappa_floor_link_flat15_nomargin,table9,external_development,0,-1,delphi_3e18_39bucket:b785f71525744bfa0a8934b482dd570356bebd37292a9b70af0b1a2cf45d9e69,1.0918486581405376,0.006723295508139718
weibull_softplus_unscaled@kappa_floor_link_flat15_nomargin,table9,external_development,0,-1,delphi_3e18_39bucket:b8bf59231f485a24fb35df8862c073595e1cb0cd30c999520e88797d047bfeda,1.1927415522537197,0.002796565935166403
weibull_softplus_unscaled@kappa_floor_link_flat15_nomargin,table9,external_development,0,-1,delphi_3e18_39bucket:b8c7bfd7161a0da8577d236f09c0ed25722a71943281d19f8b06065999e36ffd,1.1989850974278626,0.002998176823553151
weibull_softplus_unscaled@kappa_floor_link_flat15_nomargin,table9,external_development,0,-1,delphi_3e18_39bucket:bab1f73b1a1be66a924b70bb0fdb3a032f1ca3a1e246edb80c0f38d75143aed8,1.192699635282032,0.0027782781756420767
weibull_softplus_unscaled@kappa_floor_link_flat15_nomargin,table9,external_development,0,-1,delphi_3e18_39bucket:bd84fea18d97e337ca86db382439fe7990518cd6d78bfa8837b2e317c2bcd4ae,1.1917469077738452,0.0027667736287780896
weibull_softplus_unscaled@kappa_floor_link_flat15_nomargin,table9,external_development,0,-1,delphi_3e18_39bucket:bf919587f3da29d0e32d10ac8a4e6f6c80f5a696953a34e5d9856c2fce2ce46b,1.1933412128613858,0.002855688762334964
weibull_softplus_unscaled@kappa_floor_link_flat15_nomargin,table9,external_development,0,-1,delphi_3e18_39bucket:c00c0d5d9f7b8d4f9d4a1f2f6845f4dd0f7effdd60e8da9e988daf574adff818,1.152800407215259,0.03478708324982004
weibull_softplus_unscaled@kappa_floor_link_flat15_nomargin,table9,external_development,0,-1,delphi_3e18_39bucket:c08749305f6303b7d46f8c9478053948d5c036a6450977e8de388609b95a2443,1.19166159482877,0.002823596726087552
weibull_softplus_unscaled@kappa_floor_link_flat15_nomargin,table9,external_development,0,-1,delphi_3e18_39bucket:c15c0a441754e3ca9b7ba442214315eb793714c1637ea6042915542863b4e52e,1.191621224421311,0.002805617955094543
weibull_softplus_unscaled@kappa_floor_link_flat15_nomargin,table9,external_development,0,-1,delphi_3e18_39bucket:c404d7ca8f49357e32b5fe2d2331593e2c60a0fc7de1d05930f61c6534d6f758,1.1188930787428315,0.0167620737581405
weibull_softplus_unscaled@kappa_floor_link_flat15_nomargin,table9,external_development,0,-1,delphi_3e18_39bucket:c5ffa8e3d7c670e959036ab38016e0e17064fa12ac2fcba643c70b1ef25297b3,1.092053045564151,0.005063672814898718
weibull_softplus_unscaled@kappa_floor_link_flat15_nomargin,table9,external_development,0,-1,delphi_3e18_39bucket:c6601f428a7e18377f34fa8ee9b58bb6a20e42c3abcadc04e7e64aef3ca82f2a,1.1940117324298032,0.0027326581508313598
weibull_softplus_unscaled@kappa_floor_link_flat15_nomargin,table9,external_development,0,-1,delphi_3e18_39bucket:c6cbc3ebaf486eecd75d04f449fdcc92c804765f512d2bceecde5c1aaa30dd39,1.1240668116393882,0.0017464879923604552
weibull_softplus_unscaled@kappa_floor_link_flat15_nomargin,table9,external_development,0,-1,delphi_3e18_39bucket:c721e392dcf2947fea2da8fcf1ef91d058c717ffb8e74e8402734e31f22578fc,1.2477133138302436,0.005723055071276437
weibull_softplus_unscaled@kappa_floor_link_flat15_nomargin,table9,external_development,0,-1,delphi_3e18_39bucket:c8a7abc202e6fa1b3d7cc9e00542979084efdddd63313db5c25669da85ad2b19,1.081474787800439,0.0028327044169502236
weibull_softplus_unscaled@kappa_floor_link_flat15_nomargin,table9,external_development,0,-1,delphi_3e18_39bucket:c8a7b68f3dd8d7d2600dc1e56fb8af9e5dcb176edc162738d4eaff7b540cd53b,1.0877006166006344,0.003454134353555334
weibull_softplus_unscaled@kappa_floor_link_flat15_nomargin,table9,external_development,0,-1,delphi_3e18_39bucket:ca5106858b9b57cf944d35ebd150b6feca9287a4f1d0cc9d182be3e623f00fa6,1.0899412113901734,0.0034536705002903715
weibull_softplus_unscaled@kappa_floor_link_flat15_nomargin,table9,external_development,0,-1,delphi_3e18_39bucket:cb32fd5b0fd8a23c495ee8d05996c1926f4be32607954211152e0db19572b8c9,1.0883480547662114,0.0029565675055396186
weibull_softplus_unscaled@kappa_floor_link_flat15_nomargin,table9,external_development,0,-1,delphi_3e18_39bucket:cb466766fe3b5296e1b15a347ff4fd4692400efc5cce4a696639c2129805162a,1.1192423182149178,0.002268125916300074
weibull_softplus_unscaled@kappa_floor_link_flat15_nomargin,table9,external_development,0,-1,delphi_3e18_39bucket:cc2d283f3d5584275c7938fd4a0fadb9bbd9543dc9b5ae965f2d87df95c479ff,1.1337907647771988,0.002715929454663703
weibull_softplus_unscaled@kappa_floor_link_flat15_nomargin,table9,external_development,0,-1,delphi_3e18_39bucket:cce19bcdfb95a772d1f465a94498e69474d7f7235d46ab401d3d0543e73f9e3b,1.1919249598036468,0.0028140977778111764
weibull_softplus_unscaled@kappa_floor_link_flat15_nomargin,table9,external_development,0,-1,delphi_3e18_39bucket:cd1cd78d6325f56e5c761e7042369262a032ce78f12fc6d47e4ebf1ce0894339,1.1030471110234017,0.007383735403049999
weibull_softplus_unscaled@kappa_floor_link_flat15_nomargin,table9,external_development,0,-1,delphi_3e18_39bucket:cd8eec34fcd41e0cd76c6ef4d520fa83d6c6b5a1828c92c8c556ba4c806a58e7,1.1379311276711142,0.0014063092799226587
weibull_softplus_unscaled@kappa_floor_link_flat15_nomargin,table9,external_development,0,-1,delphi_3e18_39bucket:d097ba261d98ffe38b995691fc506821678d330c54b489b4d0e645e75c5e4e2e,1.0679045831611962,0.003769182546165424
weibull_softplus_unscaled@kappa_floor_link_flat15_nomargin,table9,external_development,0,-1,delphi_3e18_39bucket:d0b59aacb13e8749a0d761af5008890d6865d701d8550e40a60ca86f2e67ccb2,1.0815996414943265,0.0029556666285021245
weibull_softplus_unscaled@kappa_floor_link_flat15_nomargin,table9,external_development,0,-1,delphi_3e18_39bucket:d160bb3271ba96668590d3b3c7781ad51718216823831c921585a8f73ffc9cf7,1.2271131661080856,0.003952310154396073
weibull_softplus_unscaled@kappa_floor_link_flat15_nomargin,table9,external_development,0,-1,delphi_3e18_39bucket:d1926d64591176c8020bee54efe637a248f4f8f8bf927613049d062dccff4228,1.1952578013381243,0.0027648895981321714
weibull_softplus_unscaled@kappa_floor_link_flat15_nomargin,table9,external_development,0,-1,delphi_3e18_39bucket:d22385a3b372ad3742331c911e6df47b6459dcc8f7e6ce58cd5dfc1ca901a754,1.1955217639288735,0.002829639437612982
weibull_softplus_unscaled@kappa_floor_link_flat15_nomargin,table9,external_development,0,-1,delphi_3e18_39bucket:d2cb05198ef956cc89df9b6aee5c76ace3aa353ea2a7316011503bff3c873c17,1.127057616097309,0.0014414264941497018
weibull_softplus_unscaled@kappa_floor_link_flat15_nomargin,table9,external_development,0,-1,delphi_3e18_39bucket:d3a383c91e3c36378540e209e50999c8d005ae2b08fa6bcda7f383834b2d5dd7,1.114168422873484,0.004239232620959819
weibull_softplus_unscaled@kappa_floor_link_flat15_nomargin,table9,external_development,0,-1,delphi_3e18_39bucket:d3b53955f30411b3c382fe4844d1526d3c14d09844153a940230c4beceeddb73,1.0950331348294884,0.0034051507963894093
weibull_softplus_unscaled@kappa_floor_link_flat15_nomargin,table9,external_development,0,-1,delphi_3e18_39bucket:d3ffb3bd8e28eedb08376603e2c85cc3e83cc89ca533199775e943278e32c509,1.0780383652306824,0.0046002826126999375
weibull_softplus_unscaled@kappa_floor_link_flat15_nomargin,table9,external_development,0,-1,delphi_3e18_39bucket:d6c7da8dacb3efe4cbd45ee0cdd899a5a606cc57be51472b188809093554e699,1.1920008133598765,0.002760536607720592
weibull_softplus_unscaled@kappa_floor_link_flat15_nomargin,table9,external_development,0,-1,delphi_3e18_39bucket:d6f6db3e0cc1a598f7eb00a7cdd40d78f821a9336eb0eaafc14da93a04575fc5,1.220648165502948,0.0036453149223935233
weibull_softplus_unscaled@kappa_floor_link_flat15_nomargin,table9,external_development,0,-1,delphi_3e18_39bucket:d82c377f5bda11f52b93db01e55fa25c844255cf016ad96b80cba7cc1e618d90,1.2030965276373555,0.002377508370833576
weibull_softplus_unscaled@kappa_floor_link_flat15_nomargin,table9,external_development,0,-1,delphi_3e18_39bucket:d87d478ea93a73fe0faec12048b20970bdefd41aa65888c79d1d35c24ec3556f,1.203983340749681,0.003260267714967812
weibull_softplus_unscaled@kappa_floor_link_flat15_nomargin,table9,external_development,0,-1,delphi_3e18_39bucket:d941fe99995a0f675ffc09f1d7883ac2d032a87a00fdfc22e934c5e5ca0b3452,1.2146351954873902,0.0029480255137242896
weibull_softplus_unscaled@kappa_floor_link_flat15_nomargin,table9,external_development,0,-1,delphi_3e18_39bucket:da68fd5e623c705387752f321a8116e319a7ae87670618ba096558effd2df550,1.1046020975395472,0.003682823288721615
weibull_softplus_unscaled@kappa_floor_link_flat15_nomargin,table9,external_development,0,-1,delphi_3e18_39bucket:dac1e0885f0941e15f72456af8f56424e1b8630c37344b54346219c98f5c5f0b,1.0843981658820279,0.0026603205131359568
weibull_softplus_unscaled@kappa_floor_link_flat15_nomargin,table9,external_development,0,-1,delphi_3e18_39bucket:dc1f33b2668dfbb787d82df7f8e734431a829bbec2fbf8e9888d6eb582289a3d,1.0782815011225644,0.005527256059761624
weibull_softplus_unscaled@kappa_floor_link_flat15_nomargin,table9,external_development,0,-1,delphi_3e18_39bucket:de0e4fef934b64c948d7c068f622295aabe99cb83c95ee0ad68b73c366c57402,1.1334420698447796,0.0011471400120099332
weibull_softplus_unscaled@kappa_floor_link_flat15_nomargin,table9,external_development,0,-1,delphi_3e18_39bucket:e0965c961694035e43a1da45a771f8e07c074674ecad18c76460f7ac0eef2137,1.1378812878797226,0.0017996312385819334
weibull_softplus_unscaled@kappa_floor_link_flat15_nomargin,table9,external_development,0,-1,delphi_3e18_39bucket:e0a4d646094bff9aad92ca04cd9c5ca30c296001c0b7d65c3c20a1df0bd8ef08,1.2040249812894588,0.0038310563843715058
weibull_softplus_unscaled@kappa_floor_link_flat15_nomargin,table9,external_development,0,-1,delphi_3e18_39bucket:e283e505de0059b81a2b58a66a9af312bc1f3c7a7440e50c3fdcb3ff8213a34f,1.2207078741006971,0.0038160313720967108
weibull_softplus_unscaled@kappa_floor_link_flat15_nomargin,table9,external_development,0,-1,delphi_3e18_39bucket:e29801c3f5ba907bd5cc224343efa34e4693142ccec5ad71fd943c60b2b3a689,1.185419402544254,0.002635789208576826
weibull_softplus_unscaled@kappa_floor_link_flat15_nomargin,table9,external_development,0,-1,delphi_3e18_39bucket:e371bb5a7b5ad1a86dec663c9450a27400d377093eb89ae1812af20716ad2945,1.0865201464866698,0.003939747257560176
weibull_softplus_unscaled@kappa_floor_link_flat15_nomargin,table9,external_development,0,-1,delphi_3e18_39bucket:e5053e4f4ef86036c3ebe93d055c63ec2da1a1a029cde76ea807a3890d0fd10c,1.0855608568748822,0.0036588506647208738
weibull_softplus_unscaled@kappa_floor_link_flat15_nomargin,table9,external_development,0,-1,delphi_3e18_39bucket:e539e936365493312d15f1130d1c083871a779dc98689047fcb9d5ebd05191ce,1.105356080194555,0.002645401737500184
weibull_softplus_unscaled@kappa_floor_link_flat15_nomargin,table9,external_development,0,-1,delphi_3e18_39bucket:e55f4d10b3aedd9111e412c962fa53c063269d47d4571a980ba950ed937266ad,1.1927457914694555,0.002775734215143679
weibull_softplus_unscaled@kappa_floor_link_flat15_nomargin,table9,external_development,0,-1,delphi_3e18_39bucket:e65243af3fc92306e4aa4ea80d2c3f7aa6058bba97560ecd10959066d8d64383,1.2415851236592945,0.006859983624040907
weibull_softplus_unscaled@kappa_floor_link_flat15_nomargin,table9,external_development,0,-1,delphi_3e18_39bucket:e7d55ec7f15fc194cb4e857322dc1533eddb16463ccf163eabfcdd530a051d5e,1.0960775906292008,0.0034127703553520922
weibull_softplus_unscaled@kappa_floor_link_flat15_nomargin,table9,external_development,0,-1,delphi_3e18_39bucket:e890ab2bc556a0858503bfe95cb5a9f21eb6c1c6dc14818358fbe0f1f321f9eb,1.1921713403293273,0.002752085184003239
weibull_softplus_unscaled@kappa_floor_link_flat15_nomargin,table9,external_development,0,-1,delphi_3e18_39bucket:e8cac18abed6dd3d662e4660ad3b431000e291340c4fe937b2937ad6a00fdb1c,1.1965888563040123,0.0029770393693051194
weibull_softplus_unscaled@kappa_floor_link_flat15_nomargin,table9,external_development,0,-1,delphi_3e18_39bucket:e8df5e6e4d008b052d6e1ad64acc1fec9b2a47d27ba17bf21c0cd6d7b4b6cad5,1.0793601556280954,0.004895536406506392
weibull_softplus_unscaled@kappa_floor_link_flat15_nomargin,table9,external_development,0,-1,delphi_3e18_39bucket:e8e86e247324e07114d17c3fe9b93415a22bc9d717bbeb492e8a949f59ffc574,1.2038638003153546,0.002464333571893558
weibull_softplus_unscaled@kappa_floor_link_flat15_nomargin,table9,external_development,0,-1,delphi_3e18_39bucket:e94c007e41ca009494ae3d9ae036d21271d6bb27b49c3b9d77a9d9148a879241,1.1208168191258174,0.0019394073660859352
weibull_softplus_unscaled@kappa_floor_link_flat15_nomargin,table9,external_development,0,-1,delphi_3e18_39bucket:e94c9cbd4ee682a9780bbcea3bf6df3497572253ed953eef164fa75ea4f66a2c,1.2326212625484139,0.006496935196626745
weibull_softplus_unscaled@kappa_floor_link_flat15_nomargin,table9,external_development,0,-1,delphi_3e18_39bucket:e9c1eda31f2f4a0c52041968162f0f0ce4999866274b5690e4e05fda24a4bc2d,1.0959535852213853,0.0015422279032716356
weibull_softplus_unscaled@kappa_floor_link_flat15_nomargin,table9,external_development,0,-1,delphi_3e18_39bucket:ea37effb52c1862ed6fafb478558f7d891c703943be66cd2416bd5c491bf7f6b,1.0770077342927529,0.004237002234732109
weibull_softplus_unscaled@kappa_floor_link_flat15_nomargin,table9,external_development,0,-1,delphi_3e18_39bucket:ea6e21bef589c2d52505ca81bef558a5da03e4625174320ea8242417e2382d77,1.1885723902736383,0.0026380237636334587
weibull_softplus_unscaled@kappa_floor_link_flat15_nomargin,table9,external_development,0,-1,delphi_3e18_39bucket:ec06eca900d6ea9ba81679ee6cca83871b018289aec1505cba76db1fc87b6802,1.2365162612929956,0.006433166789700879
weibull_softplus_unscaled@kappa_floor_link_flat15_nomargin,table9,external_development,0,-1,delphi_3e18_39bucket:ee02c34fe2e5760160a4803e862cb1c4a623ee45da4d9adfdaa5aa9483dc78e3,1.1962746724118563,0.002639680337828781
weibull_softplus_unscaled@kappa_floor_link_flat15_nomargin,table9,external_development,0,-1,delphi_3e18_39bucket:ef9f6cff6e4ea378dedecb72fceac0bdaad839d03f007c4afe577e29dbb99b4e,1.0936092168855125,0.005255442395784981
weibull_softplus_unscaled@kappa_floor_link_flat15_nomargin,table9,external_development,0,-1,delphi_3e18_39bucket:effc4e48644f5aac8669d7cfde80db853124d6263860d16ab4f3958b1ac4eeb5,1.1430223744020975,0.0015150870389509237
weibull_softplus_unscaled@kappa_floor_link_flat15_nomargin,table9,external_development,0,-1,delphi_3e18_39bucket:f232b9fe34f7b04ebbfe91eb3239213c0003a3e608e279780f47e6c545811bb3,1.1961824853632166,0.0026916072875153986
weibull_softplus_unscaled@kappa_floor_link_flat15_nomargin,table9,external_development,0,-1,delphi_3e18_39bucket:f387ec3241cb7be9b883e93ed53e1940f5fbf725f14ef13b1c76e1634c9e0704,1.2468530946757355,0.004552167929572886
weibull_softplus_unscaled@kappa_floor_link_flat15_nomargin,table9,external_development,0,-1,delphi_3e18_39bucket:f597d4a7586698fbbc1b854337589ff532c04fd4a54699ae6665043e95934555,1.09476206907947,0.005294489673840236
weibull_softplus_unscaled@kappa_floor_link_flat15_nomargin,table9,external_development,0,-1,delphi_3e18_39bucket:f8a8e264e7f30fe85c514e532e5f6bce8d2037da8458a757b0383f7dbf072f25,1.18939607487814,0.00267096739431132
weibull_softplus_unscaled@kappa_floor_link_flat15_nomargin,table9,external_development,0,-1,delphi_3e18_39bucket:f9bb0369b872fcb08e26e8d0629e52b1cb543956824511bc69a1d81d84b8e766,1.104003820008033,0.002886029586474185
weibull_softplus_unscaled@kappa_floor_link_flat15_nomargin,table9,external_development,0,-1,delphi_3e18_39bucket:f9e349b2e05d04e16162ae18c9cde10806824cee16faba2af2564f533559151d,1.1852256482427928,0.0026453063600440515
weibull_softplus_unscaled@kappa_floor_link_flat15_nomargin,table9,external_development,0,-1,delphi_3e18_39bucket:f9e5fad6cd843eef1ec963c775019a7ed2d37fb9fc6d6458f98c8bb15b000248,1.2227636229755547,0.004855868874805204
weibull_softplus_unscaled@kappa_floor_link_flat15_nomargin,table9,external_development,0,-1,delphi_3e18_39bucket:fa0294460f0573041da6b1435affe244e46d5459cf24f4d451fa7776c77261f6,1.0913312753414304,0.005887423127907125
weibull_softplus_unscaled@kappa_floor_link_flat15_nomargin,table9,external_development,0,-1,delphi_3e18_39bucket:fafbc2ba18f1c7971ddf8e7eff5f92f1b11469cf1d80181209696d8655812553,1.203325599640635,0.0026828593452355616
weibull_softplus_unscaled@kappa_floor_link_flat15_nomargin,table9,external_development,0,-1,delphi_3e18_39bucket:fb8cb11729c2b4e023d88d084293e65ec1f03e521aada50a0bde80863e530aa8,1.1269425988165829,0.0016897599055347744
weibull_softplus_unscaled@kappa_floor_link_flat15_nomargin,table9,external_development,0,-1,delphi_3e18_39bucket:fd1878ded789f2edc41ab9255de95e0c7d881b315872d556b913e69f7cf031fc,1.0818022058898742,0.00432289623714801
weibull_softplus_unscaled@kappa_floor_link_flat15_nomargin,table9,external_development,0,-1,delphi_3e18_39bucket:ff65381e6c6fa2fd41b3444cc7dae32b0a07f1eaf50d99b9dc409da261b0a1ac,1.2143437698075612,0.003563178358497766
weibull_softplus_unscaled@kappa_floor_link_flat15_fixed15,table9,panel_oof,0,0,7,1.23580980285027,
weibull_softplus_unscaled@kappa_floor_link_flat15_fixed15,table9,panel_oof,0,0,8,1.361046552871038,
weibull_softplus_unscaled@kappa_floor_link_flat15_fixed15,table9,panel_oof,0,0,25,1.3069183853885664,
weibull_softplus_unscaled@kappa_floor_link_flat15_fixed15,table9,panel_oof,0,0,35,1.216315371576004,
weibull_softplus_unscaled@kappa_floor_link_flat15_fixed15,table9,panel_oof,0,0,51,1.252151918282537,
weibull_softplus_unscaled@kappa_floor_link_flat15_fixed15,table9,panel_oof,0,0,56,1.1749490668105018,
weibull_softplus_unscaled@kappa_floor_link_flat15_fixed15,table9,panel_oof,0,0,69,1.2430291619117153,
weibull_softplus_unscaled@kappa_floor_link_flat15_fixed15,table9,panel_oof,0,0,81,1.1765162277512218,
weibull_softplus_unscaled@kappa_floor_link_flat15_fixed15,table9,panel_oof,0,0,86,1.2106081016538042,
weibull_softplus_unscaled@kappa_floor_link_flat15_fixed15,table9,panel_oof,0,0,99,1.2452259196760584,
weibull_softplus_unscaled@kappa_floor_link_flat15_fixed15,table9,panel_oof,0,0,100,1.2337680784625824,
weibull_softplus_unscaled@kappa_floor_link_flat15_fixed15,table9,panel_oof,0,0,106,1.3093280345247988,
weibull_softplus_unscaled@kappa_floor_link_flat15_fixed15,table9,panel_oof,0,0,107,1.2919196407809885,
weibull_softplus_unscaled@kappa_floor_link_flat15_fixed15,table9,panel_oof,0,0,126,1.2100007852345358,
weibull_softplus_unscaled@kappa_floor_link_flat15_fixed15,table9,panel_oof,0,0,136,1.3049318312878313,
weibull_softplus_unscaled@kappa_floor_link_flat15_fixed15,table9,panel_oof,0,0,137,1.2071929323360666,
weibull_softplus_unscaled@kappa_floor_link_flat15_fixed15,table9,panel_oof,0,0,140,1.1978297223155505,
weibull_softplus_unscaled@kappa_floor_link_flat15_fixed15,table9,panel_oof,0,0,141,1.2053382271301962,
weibull_softplus_unscaled@kappa_floor_link_flat15_fixed15,table9,panel_oof,0,0,142,1.227314035833187,
weibull_softplus_unscaled@kappa_floor_link_flat15_fixed15,table9,panel_oof,0,0,145,1.2011850903783006,
weibull_softplus_unscaled@kappa_floor_link_flat15_fixed15,table9,panel_oof,0,0,147,1.2400465807185503,
weibull_softplus_unscaled@kappa_floor_link_flat15_fixed15,table9,panel_oof,0,0,163,1.2057154586098306,
weibull_softplus_unscaled@kappa_floor_link_flat15_fixed15,table9,panel_oof,0,0,165,1.2187412125591393,
weibull_softplus_unscaled@kappa_floor_link_flat15_fixed15,table9,panel_oof,0,0,169,1.3141151551383208,
weibull_softplus_unscaled@kappa_floor_link_flat15_fixed15,table9,panel_oof,0,0,171,1.295277852857701,
weibull_softplus_unscaled@kappa_floor_link_flat15_fixed15,table9,panel_oof,0,0,187,1.3154145189279496,
weibull_softplus_unscaled@kappa_floor_link_flat15_fixed15,table9,panel_oof,0,0,188,1.1960526553600832,
weibull_softplus_unscaled@kappa_floor_link_flat15_fixed15,table9,panel_oof,0,0,191,1.2304338397643917,
weibull_softplus_unscaled@kappa_floor_link_flat15_fixed15,table9,panel_oof,0,0,195,1.1959906580807078,
weibull_softplus_unscaled@kappa_floor_link_flat15_fixed15,table9,panel_oof,0,0,197,1.2194045791031332,
weibull_softplus_unscaled@kappa_floor_link_flat15_fixed15,table9,panel_oof,0,0,200,1.1636022285347811,
weibull_softplus_unscaled@kappa_floor_link_flat15_fixed15,table9,panel_oof,0,0,208,1.2377330910362236,
weibull_softplus_unscaled@kappa_floor_link_flat15_fixed15,table9,panel_oof,0,0,209,1.2093666099783018,
weibull_softplus_unscaled@kappa_floor_link_flat15_fixed15,table9,panel_oof,0,0,210,1.2548179770144705,
weibull_softplus_unscaled@kappa_floor_link_flat15_fixed15,table9,panel_oof,0,0,217,1.2362513987690509,
weibull_softplus_unscaled@kappa_floor_link_flat15_fixed15,table9,panel_oof,0,0,219,1.2522667457720273,
weibull_softplus_unscaled@kappa_floor_link_flat15_fixed15,table9,panel_oof,0,0,220,1.2030334884395648,
weibull_softplus_unscaled@kappa_floor_link_flat15_fixed15,table9,panel_oof,0,0,223,1.175254411359436,
weibull_softplus_unscaled@kappa_floor_link_flat15_fixed15,table9,panel_oof,0,0,233,1.1814803003577241,
weibull_softplus_unscaled@kappa_floor_link_flat15_fixed15,table9,panel_oof,0,0,237,1.2178059247777946,
weibull_softplus_unscaled@kappa_floor_link_flat15_fixed15,table9,panel_oof,0,1,1,1.1560404681443925,
weibull_softplus_unscaled@kappa_floor_link_flat15_fixed15,table9,panel_oof,0,1,241,1.1816882978046066,
weibull_softplus_unscaled@kappa_floor_link_flat15_fixed15,table9,panel_oof,0,1,242,1.1824860210625527,
weibull_softplus_unscaled@kappa_floor_link_flat15_fixed15,table9,panel_oof,0,1,243,1.1805065237169898,
weibull_softplus_unscaled@kappa_floor_link_flat15_fixed15,table9,panel_oof,0,1,244,1.184673387388846,
weibull_softplus_unscaled@kappa_floor_link_flat15_fixed15,table9,panel_oof,0,1,245,1.1803930995791303,
weibull_softplus_unscaled@kappa_floor_link_flat15_fixed15,table9,panel_oof,0,1,246,1.1808051023255057,
weibull_softplus_unscaled@kappa_floor_link_flat15_fixed15,table9,panel_oof,0,1,247,1.1817652717394633,
weibull_softplus_unscaled@kappa_floor_link_flat15_fixed15,table9,panel_oof,0,1,248,1.1832186139519654,
weibull_softplus_unscaled@kappa_floor_link_flat15_fixed15,table9,panel_oof,0,1,249,1.1764095282458014,
weibull_softplus_unscaled@kappa_floor_link_flat15_fixed15,table9,panel_oof,0,1,250,1.1827010269730203,
weibull_softplus_unscaled@kappa_floor_link_flat15_fixed15,table9,panel_oof,0,1,251,1.174798463971492,
weibull_softplus_unscaled@kappa_floor_link_flat15_fixed15,table9,panel_oof,0,1,252,1.17973066046983,
weibull_softplus_unscaled@kappa_floor_link_flat15_fixed15,table9,panel_oof,0,1,253,1.1826440696562617,
weibull_softplus_unscaled@kappa_floor_link_flat15_fixed15,table9,panel_oof,0,1,254,1.1833739707981987,
weibull_softplus_unscaled@kappa_floor_link_flat15_fixed15,table9,panel_oof,0,1,255,1.1816999034780287,
weibull_softplus_unscaled@kappa_floor_link_flat15_fixed15,table9,panel_oof,0,1,256,1.18246398867229,
weibull_softplus_unscaled@kappa_floor_link_flat15_fixed15,table9,panel_oof,0,1,257,1.1778602044394888,
weibull_softplus_unscaled@kappa_floor_link_flat15_fixed15,table9,panel_oof,0,1,258,1.1821630037756663,
weibull_softplus_unscaled@kappa_floor_link_flat15_fixed15,table9,panel_oof,0,1,259,1.1849926096782877,
weibull_softplus_unscaled@kappa_floor_link_flat15_fixed15,table9,panel_oof,0,1,260,1.1826288822422062,
weibull_softplus_unscaled@kappa_floor_link_flat15_fixed15,table9,panel_oof,0,1,261,1.1820400556177297,
weibull_softplus_unscaled@kappa_floor_link_flat15_fixed15,table9,panel_oof,0,1,262,1.1868137395401228,
weibull_softplus_unscaled@kappa_floor_link_flat15_fixed15,table9,panel_oof,0,1,263,1.184603444632586,
weibull_softplus_unscaled@kappa_floor_link_flat15_fixed15,table9,panel_oof,0,1,264,1.1850836718395332,
weibull_softplus_unscaled@kappa_floor_link_flat15_fixed15,table9,panel_oof,0,1,265,1.1836856238438684,
weibull_softplus_unscaled@kappa_floor_link_flat15_fixed15,table9,panel_oof,0,1,266,1.1844290200875105,
weibull_softplus_unscaled@kappa_floor_link_flat15_fixed15,table9,panel_oof,0,1,267,1.222093484725049,
weibull_softplus_unscaled@kappa_floor_link_flat15_fixed15,table9,panel_oof,0,1,268,1.1864473329449512,
weibull_softplus_unscaled@kappa_floor_link_flat15_fixed15,table9,panel_oof,0,1,269,1.1945964044787,
weibull_softplus_unscaled@kappa_floor_link_flat15_fixed15,table9,panel_oof,0,1,270,1.182573702502408,
weibull_softplus_unscaled@kappa_floor_link_flat15_fixed15,table9,panel_oof,0,1,271,1.1665866210602256,
weibull_softplus_unscaled@kappa_floor_link_flat15_fixed15,table9,panel_oof,0,1,272,1.1834347248166823,
weibull_softplus_unscaled@kappa_floor_link_flat15_fixed15,table9,panel_oof,0,1,273,1.2191949897518346,
weibull_softplus_unscaled@kappa_floor_link_flat15_fixed15,table9,panel_oof,0,1,274,1.183018617864671,
weibull_softplus_unscaled@kappa_floor_link_flat15_fixed15,table9,panel_oof,0,1,275,1.1901973947697875,
weibull_softplus_unscaled@kappa_floor_link_flat15_fixed15,table9,panel_oof,0,1,276,1.1904788692409383,
weibull_softplus_unscaled@kappa_floor_link_flat15_fixed15,table9,panel_oof,0,1,277,1.1936198042422492,
weibull_softplus_unscaled@kappa_floor_link_flat15_fixed15,table9,panel_oof,0,1,278,1.1993151830876214,
weibull_softplus_unscaled@kappa_floor_link_flat15_fixed15,table9,panel_oof,0,1,279,1.1919863201271212,
weibull_softplus_unscaled@kappa_floor_link_flat15_fixed15,table9,panel_oof,0,2,3,1.2217447970999267,
weibull_softplus_unscaled@kappa_floor_link_flat15_fixed15,table9,panel_oof,0,2,5,1.4546036859392877,
weibull_softplus_unscaled@kappa_floor_link_flat15_fixed15,table9,panel_oof,0,2,6,1.2692911856171247,
weibull_softplus_unscaled@kappa_floor_link_flat15_fixed15,table9,panel_oof,0,2,10,1.2828921594493146,
weibull_softplus_unscaled@kappa_floor_link_flat15_fixed15,table9,panel_oof,0,2,15,1.2494374952611822,
weibull_softplus_unscaled@kappa_floor_link_flat15_fixed15,table9,panel_oof,0,2,20,1.2849095075947905,
weibull_softplus_unscaled@kappa_floor_link_flat15_fixed15,table9,panel_oof,0,2,26,1.2102287755160634,
weibull_softplus_unscaled@kappa_floor_link_flat15_fixed15,table9,panel_oof,0,2,29,1.2403657965002983,
weibull_softplus_unscaled@kappa_floor_link_flat15_fixed15,table9,panel_oof,0,2,30,1.2116267395786742,
weibull_softplus_unscaled@kappa_floor_link_flat15_fixed15,table9,panel_oof,0,2,34,1.168167138699996,
weibull_softplus_unscaled@kappa_floor_link_flat15_fixed15,table9,panel_oof,0,2,39,1.247991366488979,
weibull_softplus_unscaled@kappa_floor_link_flat15_fixed15,table9,panel_oof,0,2,41,1.2579640723212433,
weibull_softplus_unscaled@kappa_floor_link_flat15_fixed15,table9,panel_oof,0,2,46,1.2378714447962342,
weibull_softplus_unscaled@kappa_floor_link_flat15_fixed15,table9,panel_oof,0,2,48,1.1948361234519669,
weibull_softplus_unscaled@kappa_floor_link_flat15_fixed15,table9,panel_oof,0,2,57,1.274839897867853,
weibull_softplus_unscaled@kappa_floor_link_flat15_fixed15,table9,panel_oof,0,2,62,1.224998362972952,
weibull_softplus_unscaled@kappa_floor_link_flat15_fixed15,table9,panel_oof,0,2,65,1.2365934179356297,
weibull_softplus_unscaled@kappa_floor_link_flat15_fixed15,table9,panel_oof,0,2,68,1.2337730895913426,
weibull_softplus_unscaled@kappa_floor_link_flat15_fixed15,table9,panel_oof,0,2,73,1.2146341699524719,
weibull_softplus_unscaled@kappa_floor_link_flat15_fixed15,table9,panel_oof,0,2,79,1.2312850724284867,
weibull_softplus_unscaled@kappa_floor_link_flat15_fixed15,table9,panel_oof,0,2,83,1.172484851771245,
weibull_softplus_unscaled@kappa_floor_link_flat15_fixed15,table9,panel_oof,0,2,84,1.2322803715258293,
weibull_softplus_unscaled@kappa_floor_link_flat15_fixed15,table9,panel_oof,0,2,87,1.3273211892495262,
weibull_softplus_unscaled@kappa_floor_link_flat15_fixed15,table9,panel_oof,0,2,90,1.209627010158655,
weibull_softplus_unscaled@kappa_floor_link_flat15_fixed15,table9,panel_oof,0,2,91,1.2776440485860694,
weibull_softplus_unscaled@kappa_floor_link_flat15_fixed15,table9,panel_oof,0,2,98,1.174441496911781,
weibull_softplus_unscaled@kappa_floor_link_flat15_fixed15,table9,panel_oof,0,2,101,1.2124258053586847,
weibull_softplus_unscaled@kappa_floor_link_flat15_fixed15,table9,panel_oof,0,2,105,1.212707641654874,
weibull_softplus_unscaled@kappa_floor_link_flat15_fixed15,table9,panel_oof,0,2,109,1.2570874152322107,
weibull_softplus_unscaled@kappa_floor_link_flat15_fixed15,table9,panel_oof,0,2,112,1.2027176130500632,
weibull_softplus_unscaled@kappa_floor_link_flat15_fixed15,table9,panel_oof,0,2,113,1.3116726307710573,
weibull_softplus_unscaled@kappa_floor_link_flat15_fixed15,table9,panel_oof,0,2,115,1.21172343612294,
weibull_softplus_unscaled@kappa_floor_link_flat15_fixed15,table9,panel_oof,0,2,116,1.2584098497694076,
weibull_softplus_unscaled@kappa_floor_link_flat15_fixed15,table9,panel_oof,0,2,119,1.2097197872151781,
weibull_softplus_unscaled@kappa_floor_link_flat15_fixed15,table9,panel_oof,0,2,122,1.207235255356798,
weibull_softplus_unscaled@kappa_floor_link_flat15_fixed15,table9,panel_oof,0,2,123,1.1969725877479047,
weibull_softplus_unscaled@kappa_floor_link_flat15_fixed15,table9,panel_oof,0,2,124,1.2268869421917152,
weibull_softplus_unscaled@kappa_floor_link_flat15_fixed15,table9,panel_oof,0,2,133,1.2724267762258412,
weibull_softplus_unscaled@kappa_floor_link_flat15_fixed15,table9,panel_oof,0,2,134,1.20113967960165,
weibull_softplus_unscaled@kappa_floor_link_flat15_fixed15,table9,panel_oof,0,2,135,1.2042774172463988,
weibull_softplus_unscaled@kappa_floor_link_flat15_fixed15,table9,panel_oof,0,2,138,1.2139100557838254,
weibull_softplus_unscaled@kappa_floor_link_flat15_fixed15,table9,panel_oof,0,2,144,1.2245609684117662,
weibull_softplus_unscaled@kappa_floor_link_flat15_fixed15,table9,panel_oof,0,2,151,1.2209413144671843,
weibull_softplus_unscaled@kappa_floor_link_flat15_fixed15,table9,panel_oof,0,2,152,1.1906265203681583,
weibull_softplus_unscaled@kappa_floor_link_flat15_fixed15,table9,panel_oof,0,2,154,1.2170412521851308,
weibull_softplus_unscaled@kappa_floor_link_flat15_fixed15,table9,panel_oof,0,2,157,1.2825096439585988,
weibull_softplus_unscaled@kappa_floor_link_flat15_fixed15,table9,panel_oof,0,2,158,1.206078065610754,
weibull_softplus_unscaled@kappa_floor_link_flat15_fixed15,table9,panel_oof,0,2,160,1.2359252707547952,
weibull_softplus_unscaled@kappa_floor_link_flat15_fixed15,table9,panel_oof,0,2,166,1.2386663788981207,
weibull_softplus_unscaled@kappa_floor_link_flat15_fixed15,table9,panel_oof,0,2,172,1.1536436812313413,
weibull_softplus_unscaled@kappa_floor_link_flat15_fixed15,table9,panel_oof,0,2,175,1.2042686577669772,
weibull_softplus_unscaled@kappa_floor_link_flat15_fixed15,table9,panel_oof,0,2,176,1.1925602801590993,
weibull_softplus_unscaled@kappa_floor_link_flat15_fixed15,table9,panel_oof,0,2,182,1.2445367087585322,
weibull_softplus_unscaled@kappa_floor_link_flat15_fixed15,table9,panel_oof,0,2,183,1.2389401977355665,
weibull_softplus_unscaled@kappa_floor_link_flat15_fixed15,table9,panel_oof,0,2,196,1.312847438187451,
weibull_softplus_unscaled@kappa_floor_link_flat15_fixed15,table9,panel_oof,0,2,198,1.2180307560750214,
weibull_softplus_unscaled@kappa_floor_link_flat15_fixed15,table9,panel_oof,0,2,205,1.2005673610674663,
weibull_softplus_unscaled@kappa_floor_link_flat15_fixed15,table9,panel_oof,0,2,211,1.2524150212826926,
weibull_softplus_unscaled@kappa_floor_link_flat15_fixed15,table9,panel_oof,0,2,213,1.1330906040873485,
weibull_softplus_unscaled@kappa_floor_link_flat15_fixed15,table9,panel_oof,0,2,215,1.1670857098869651,
weibull_softplus_unscaled@kappa_floor_link_flat15_fixed15,table9,panel_oof,0,2,222,1.194490875696535,
weibull_softplus_unscaled@kappa_floor_link_flat15_fixed15,table9,panel_oof,0,2,224,1.3379112404821139,
weibull_softplus_unscaled@kappa_floor_link_flat15_fixed15,table9,panel_oof,0,2,226,1.2968343306797068,
weibull_softplus_unscaled@kappa_floor_link_flat15_fixed15,table9,panel_oof,0,2,227,1.2330999347736395,
weibull_softplus_unscaled@kappa_floor_link_flat15_fixed15,table9,panel_oof,0,2,229,1.1840070469964092,
weibull_softplus_unscaled@kappa_floor_link_flat15_fixed15,table9,panel_oof,0,2,235,1.2374129159664877,
weibull_softplus_unscaled@kappa_floor_link_flat15_fixed15,table9,panel_oof,0,2,236,1.2144356535341778,
weibull_softplus_unscaled@kappa_floor_link_flat15_fixed15,table9,panel_oof,0,2,238,1.2284502975597658,
weibull_softplus_unscaled@kappa_floor_link_flat15_fixed15,table9,panel_oof,0,3,2,1.263323129672771,
weibull_softplus_unscaled@kappa_floor_link_flat15_fixed15,table9,panel_oof,0,3,4,1.2782231158432373,
weibull_softplus_unscaled@kappa_floor_link_flat15_fixed15,table9,panel_oof,0,3,9,1.2960440942890226,
weibull_softplus_unscaled@kappa_floor_link_flat15_fixed15,table9,panel_oof,0,3,11,1.24314008211054,
weibull_softplus_unscaled@kappa_floor_link_flat15_fixed15,table9,panel_oof,0,3,12,1.2789863037444786,
weibull_softplus_unscaled@kappa_floor_link_flat15_fixed15,table9,panel_oof,0,3,13,1.2131113490670216,
weibull_softplus_unscaled@kappa_floor_link_flat15_fixed15,table9,panel_oof,0,3,14,1.250137751249665,
weibull_softplus_unscaled@kappa_floor_link_flat15_fixed15,table9,panel_oof,0,3,16,1.1950317034734341,
weibull_softplus_unscaled@kappa_floor_link_flat15_fixed15,table9,panel_oof,0,3,17,1.2701613477797076,
weibull_softplus_unscaled@kappa_floor_link_flat15_fixed15,table9,panel_oof,0,3,21,1.2727082415317859,
weibull_softplus_unscaled@kappa_floor_link_flat15_fixed15,table9,panel_oof,0,3,22,1.2070661501795181,
weibull_softplus_unscaled@kappa_floor_link_flat15_fixed15,table9,panel_oof,0,3,23,1.2732367180305797,
weibull_softplus_unscaled@kappa_floor_link_flat15_fixed15,table9,panel_oof,0,3,24,1.172204155104551,
weibull_softplus_unscaled@kappa_floor_link_flat15_fixed15,table9,panel_oof,0,3,27,1.1937208189292303,
weibull_softplus_unscaled@kappa_floor_link_flat15_fixed15,table9,panel_oof,0,3,32,1.209583183278875,
weibull_softplus_unscaled@kappa_floor_link_flat15_fixed15,table9,panel_oof,0,3,33,1.2743943335391061,
weibull_softplus_unscaled@kappa_floor_link_flat15_fixed15,table9,panel_oof,0,3,36,1.2229088452650314,
weibull_softplus_unscaled@kappa_floor_link_flat15_fixed15,table9,panel_oof,0,3,37,1.2141765448033972,
weibull_softplus_unscaled@kappa_floor_link_flat15_fixed15,table9,panel_oof,0,3,38,1.2319841933658546,
weibull_softplus_unscaled@kappa_floor_link_flat15_fixed15,table9,panel_oof,0,3,40,1.2063730601440545,
weibull_softplus_unscaled@kappa_floor_link_flat15_fixed15,table9,panel_oof,0,3,43,1.2526166059963475,
weibull_softplus_unscaled@kappa_floor_link_flat15_fixed15,table9,panel_oof,0,3,44,1.2836875243240327,
weibull_softplus_unscaled@kappa_floor_link_flat15_fixed15,table9,panel_oof,0,3,45,1.2585346687865662,
weibull_softplus_unscaled@kappa_floor_link_flat15_fixed15,table9,panel_oof,0,3,49,1.2341158040660543,
weibull_softplus_unscaled@kappa_floor_link_flat15_fixed15,table9,panel_oof,0,3,50,1.2751129924483067,
weibull_softplus_unscaled@kappa_floor_link_flat15_fixed15,table9,panel_oof,0,3,52,1.2282646937326476,
weibull_softplus_unscaled@kappa_floor_link_flat15_fixed15,table9,panel_oof,0,3,53,1.2061111973248992,
weibull_softplus_unscaled@kappa_floor_link_flat15_fixed15,table9,panel_oof,0,3,54,1.1748545636407344,
weibull_softplus_unscaled@kappa_floor_link_flat15_fixed15,table9,panel_oof,0,3,55,1.1686686586368533,
weibull_softplus_unscaled@kappa_floor_link_flat15_fixed15,table9,panel_oof,0,3,58,1.2709598598020784,
weibull_softplus_unscaled@kappa_floor_link_flat15_fixed15,table9,panel_oof,0,3,59,1.2036020134782595,
weibull_softplus_unscaled@kappa_floor_link_flat15_fixed15,table9,panel_oof,0,3,61,1.2008336132480852,
weibull_softplus_unscaled@kappa_floor_link_flat15_fixed15,table9,panel_oof,0,3,63,1.1734622909746721,
weibull_softplus_unscaled@kappa_floor_link_flat15_fixed15,table9,panel_oof,0,3,64,1.2612690926566066,
weibull_softplus_unscaled@kappa_floor_link_flat15_fixed15,table9,panel_oof,0,3,66,1.2200874517080158,
weibull_softplus_unscaled@kappa_floor_link_flat15_fixed15,table9,panel_oof,0,3,67,1.2254826286943006,
weibull_softplus_unscaled@kappa_floor_link_flat15_fixed15,table9,panel_oof,0,3,70,1.259373629223572,
weibull_softplus_unscaled@kappa_floor_link_flat15_fixed15,table9,panel_oof,0,3,71,1.238859213751705,
weibull_softplus_unscaled@kappa_floor_link_flat15_fixed15,table9,panel_oof,0,3,72,1.231824233779955,
weibull_softplus_unscaled@kappa_floor_link_flat15_fixed15,table9,panel_oof,0,3,74,1.1906307464136607,
weibull_softplus_unscaled@kappa_floor_link_flat15_fixed15,table9,panel_oof,0,3,75,1.2382943462326408,
weibull_softplus_unscaled@kappa_floor_link_flat15_fixed15,table9,panel_oof,0,3,78,1.2404245258750346,
weibull_softplus_unscaled@kappa_floor_link_flat15_fixed15,table9,panel_oof,0,3,85,1.204450500297632,
weibull_softplus_unscaled@kappa_floor_link_flat15_fixed15,table9,panel_oof,0,3,88,1.2799049814839836,
weibull_softplus_unscaled@kappa_floor_link_flat15_fixed15,table9,panel_oof,0,3,89,1.2136294104349266,
weibull_softplus_unscaled@kappa_floor_link_flat15_fixed15,table9,panel_oof,0,3,92,1.1867766853942525,
weibull_softplus_unscaled@kappa_floor_link_flat15_fixed15,table9,panel_oof,0,3,93,1.2056829936597266,
weibull_softplus_unscaled@kappa_floor_link_flat15_fixed15,table9,panel_oof,0,3,94,1.1873012437841046,
weibull_softplus_unscaled@kappa_floor_link_flat15_fixed15,table9,panel_oof,0,3,95,1.248656892451828,
weibull_softplus_unscaled@kappa_floor_link_flat15_fixed15,table9,panel_oof,0,3,96,1.22496885789967,
weibull_softplus_unscaled@kappa_floor_link_flat15_fixed15,table9,panel_oof,0,3,97,1.1895647799784193,
weibull_softplus_unscaled@kappa_floor_link_flat15_fixed15,table9,panel_oof,0,3,102,1.2255846754322783,
weibull_softplus_unscaled@kappa_floor_link_flat15_fixed15,table9,panel_oof,0,3,108,1.2643702939768449,
weibull_softplus_unscaled@kappa_floor_link_flat15_fixed15,table9,panel_oof,0,3,110,1.2269337335225567,
weibull_softplus_unscaled@kappa_floor_link_flat15_fixed15,table9,panel_oof,0,3,111,1.2498437550311792,
weibull_softplus_unscaled@kappa_floor_link_flat15_fixed15,table9,panel_oof,0,3,117,1.3225096460183223,
weibull_softplus_unscaled@kappa_floor_link_flat15_fixed15,table9,panel_oof,0,3,120,1.2080551596975417,
weibull_softplus_unscaled@kappa_floor_link_flat15_fixed15,table9,panel_oof,0,3,121,1.204839168137565,
weibull_softplus_unscaled@kappa_floor_link_flat15_fixed15,table9,panel_oof,0,3,127,1.1884515699517078,
weibull_softplus_unscaled@kappa_floor_link_flat15_fixed15,table9,panel_oof,0,3,128,1.211941945636262,
weibull_softplus_unscaled@kappa_floor_link_flat15_fixed15,table9,panel_oof,0,3,129,1.1989295139440492,
weibull_softplus_unscaled@kappa_floor_link_flat15_fixed15,table9,panel_oof,0,3,130,1.2211747331145237,
weibull_softplus_unscaled@kappa_floor_link_flat15_fixed15,table9,panel_oof,0,3,132,1.312508884892166,
weibull_softplus_unscaled@kappa_floor_link_flat15_fixed15,table9,panel_oof,0,3,139,1.2376877409027152,
weibull_softplus_unscaled@kappa_floor_link_flat15_fixed15,table9,panel_oof,0,3,143,1.240526674969039,
weibull_softplus_unscaled@kappa_floor_link_flat15_fixed15,table9,panel_oof,0,3,146,1.273818076824829,
weibull_softplus_unscaled@kappa_floor_link_flat15_fixed15,table9,panel_oof,0,3,148,1.2061531373719554,
weibull_softplus_unscaled@kappa_floor_link_flat15_fixed15,table9,panel_oof,0,3,149,1.293042943269619,
weibull_softplus_unscaled@kappa_floor_link_flat15_fixed15,table9,panel_oof,0,3,150,1.2507981408404407,
weibull_softplus_unscaled@kappa_floor_link_flat15_fixed15,table9,panel_oof,0,3,153,1.241096407492785,
weibull_softplus_unscaled@kappa_floor_link_flat15_fixed15,table9,panel_oof,0,3,156,1.1896248683244943,
weibull_softplus_unscaled@kappa_floor_link_flat15_fixed15,table9,panel_oof,0,3,159,1.2408589265616023,
weibull_softplus_unscaled@kappa_floor_link_flat15_fixed15,table9,panel_oof,0,3,161,1.3391407911985727,
weibull_softplus_unscaled@kappa_floor_link_flat15_fixed15,table9,panel_oof,0,3,164,1.1876565264972225,
weibull_softplus_unscaled@kappa_floor_link_flat15_fixed15,table9,panel_oof,0,3,167,1.223078113538993,
weibull_softplus_unscaled@kappa_floor_link_flat15_fixed15,table9,panel_oof,0,3,170,1.2010826736751592,
weibull_softplus_unscaled@kappa_floor_link_flat15_fixed15,table9,panel_oof,0,3,173,1.2177063204059397,
weibull_softplus_unscaled@kappa_floor_link_flat15_fixed15,table9,panel_oof,0,3,174,1.219272589051069,
weibull_softplus_unscaled@kappa_floor_link_flat15_fixed15,table9,panel_oof,0,3,177,1.2186158580418103,
weibull_softplus_unscaled@kappa_floor_link_flat15_fixed15,table9,panel_oof,0,3,180,1.2134334074966133,
weibull_softplus_unscaled@kappa_floor_link_flat15_fixed15,table9,panel_oof,0,3,181,1.2547340440355994,
weibull_softplus_unscaled@kappa_floor_link_flat15_fixed15,table9,panel_oof,0,3,184,1.1799109051484948,
weibull_softplus_unscaled@kappa_floor_link_flat15_fixed15,table9,panel_oof,0,3,185,1.2255034799018487,
weibull_softplus_unscaled@kappa_floor_link_flat15_fixed15,table9,panel_oof,0,3,189,1.2311642343117026,
weibull_softplus_unscaled@kappa_floor_link_flat15_fixed15,table9,panel_oof,0,3,190,1.223383531280437,
weibull_softplus_unscaled@kappa_floor_link_flat15_fixed15,table9,panel_oof,0,3,192,1.1805028280213028,
weibull_softplus_unscaled@kappa_floor_link_flat15_fixed15,table9,panel_oof,0,3,194,1.2188694320746605,
weibull_softplus_unscaled@kappa_floor_link_flat15_fixed15,table9,panel_oof,0,3,201,1.1429317453227834,
weibull_softplus_unscaled@kappa_floor_link_flat15_fixed15,table9,panel_oof,0,3,203,1.201191447595253,
weibull_softplus_unscaled@kappa_floor_link_flat15_fixed15,table9,panel_oof,0,3,204,1.2264053035056135,
weibull_softplus_unscaled@kappa_floor_link_flat15_fixed15,table9,panel_oof,0,3,206,1.1782022855696774,
weibull_softplus_unscaled@kappa_floor_link_flat15_fixed15,table9,panel_oof,0,3,214,1.2216351140355626,
weibull_softplus_unscaled@kappa_floor_link_flat15_fixed15,table9,panel_oof,0,3,218,1.155347468059702,
weibull_softplus_unscaled@kappa_floor_link_flat15_fixed15,table9,panel_oof,0,3,225,1.2636479241111813,
weibull_softplus_unscaled@kappa_floor_link_flat15_fixed15,table9,panel_oof,0,3,228,1.211446668663391,
weibull_softplus_unscaled@kappa_floor_link_flat15_fixed15,table9,panel_oof,0,3,232,1.2190359544420621,
weibull_softplus_unscaled@kappa_floor_link_flat15_fixed15,table9,panel_oof,0,3,234,1.2226841361362233,
weibull_softplus_unscaled@kappa_floor_link_flat15_fixed15,table9,panel_oof,0,3,240,1.1568384976793413,
weibull_softplus_unscaled@kappa_floor_link_flat15_fixed15,table9,panel_oof,0,4,18,1.218083701833546,
weibull_softplus_unscaled@kappa_floor_link_flat15_fixed15,table9,panel_oof,0,4,19,1.246752805046149,
weibull_softplus_unscaled@kappa_floor_link_flat15_fixed15,table9,panel_oof,0,4,28,1.250417470018252,
weibull_softplus_unscaled@kappa_floor_link_flat15_fixed15,table9,panel_oof,0,4,31,1.189604620243711,
weibull_softplus_unscaled@kappa_floor_link_flat15_fixed15,table9,panel_oof,0,4,42,1.1958542840945134,
weibull_softplus_unscaled@kappa_floor_link_flat15_fixed15,table9,panel_oof,0,4,47,1.1982717073929117,
weibull_softplus_unscaled@kappa_floor_link_flat15_fixed15,table9,panel_oof,0,4,60,1.1991535031810248,
weibull_softplus_unscaled@kappa_floor_link_flat15_fixed15,table9,panel_oof,0,4,76,1.2758831383834766,
weibull_softplus_unscaled@kappa_floor_link_flat15_fixed15,table9,panel_oof,0,4,77,1.237660955205295,
weibull_softplus_unscaled@kappa_floor_link_flat15_fixed15,table9,panel_oof,0,4,80,1.254184765148298,
weibull_softplus_unscaled@kappa_floor_link_flat15_fixed15,table9,panel_oof,0,4,82,1.1985603950329837,
weibull_softplus_unscaled@kappa_floor_link_flat15_fixed15,table9,panel_oof,0,4,103,1.2410021494034837,
weibull_softplus_unscaled@kappa_floor_link_flat15_fixed15,table9,panel_oof,0,4,104,1.2474804472736771,
weibull_softplus_unscaled@kappa_floor_link_flat15_fixed15,table9,panel_oof,0,4,114,1.2274368635593889,
weibull_softplus_unscaled@kappa_floor_link_flat15_fixed15,table9,panel_oof,0,4,118,1.1952379036197347,
weibull_softplus_unscaled@kappa_floor_link_flat15_fixed15,table9,panel_oof,0,4,125,1.1230200155081922,
weibull_softplus_unscaled@kappa_floor_link_flat15_fixed15,table9,panel_oof,0,4,131,1.1886803079193755,
weibull_softplus_unscaled@kappa_floor_link_flat15_fixed15,table9,panel_oof,0,4,155,1.173607853228819,
weibull_softplus_unscaled@kappa_floor_link_flat15_fixed15,table9,panel_oof,0,4,162,1.226056362614199,
weibull_softplus_unscaled@kappa_floor_link_flat15_fixed15,table9,panel_oof,0,4,168,1.1460628855488735,
weibull_softplus_unscaled@kappa_floor_link_flat15_fixed15,table9,panel_oof,0,4,178,1.1354585735571656,
weibull_softplus_unscaled@kappa_floor_link_flat15_fixed15,table9,panel_oof,0,4,179,1.2484526101018427,
weibull_softplus_unscaled@kappa_floor_link_flat15_fixed15,table9,panel_oof,0,4,186,1.1854528908574253,
weibull_softplus_unscaled@kappa_floor_link_flat15_fixed15,table9,panel_oof,0,4,193,1.2169745741680482,
weibull_softplus_unscaled@kappa_floor_link_flat15_fixed15,table9,panel_oof,0,4,199,1.188107779060704,
weibull_softplus_unscaled@kappa_floor_link_flat15_fixed15,table9,panel_oof,0,4,202,1.2061228072528616,
weibull_softplus_unscaled@kappa_floor_link_flat15_fixed15,table9,panel_oof,0,4,207,1.246683603105581,
weibull_softplus_unscaled@kappa_floor_link_flat15_fixed15,table9,panel_oof,0,4,212,1.194214069656185,
weibull_softplus_unscaled@kappa_floor_link_flat15_fixed15,table9,panel_oof,0,4,216,1.2186647713820926,
weibull_softplus_unscaled@kappa_floor_link_flat15_fixed15,table9,panel_oof,0,4,221,1.1910668844205319,
weibull_softplus_unscaled@kappa_floor_link_flat15_fixed15,table9,panel_oof,0,4,230,1.1900756959086336,
weibull_softplus_unscaled@kappa_floor_link_flat15_fixed15,table9,panel_oof,0,4,231,1.1949725625822536,
weibull_softplus_unscaled@kappa_floor_link_flat15_fixed15,table9,panel_oof,0,4,239,1.2134123152681258,
weibull_softplus_unscaled@kappa_floor_link_flat15_fixed15,table9,external_development,0,-1,delphi_3e18_39bucket:0066da643d35e694a311d26516399114a1c69adba1f7795b773b704d93c0e945,1.2202719640665465,0.004495609521955337
weibull_softplus_unscaled@kappa_floor_link_flat15_fixed15,table9,external_development,0,-1,delphi_3e18_39bucket:015ce47db7b4ac2a312c1dfa614d699adb8526230f5a7355c112e4e546f4bb96,1.1926397109101914,0.004997866502900455
weibull_softplus_unscaled@kappa_floor_link_flat15_fixed15,table9,external_development,0,-1,delphi_3e18_39bucket:01985d1f15bebd8fef77b5150d00df90b1460ff11f8dbeb34a83d3755d4831ca,1.1256682504250084,0.003092203051860885
weibull_softplus_unscaled@kappa_floor_link_flat15_fixed15,table9,external_development,0,-1,delphi_3e18_39bucket:02c70e578e5784e551eefe679886439d9c803cedd53b283f3333a0c5fbe3e5cf,1.2025069304955665,0.004567991321629063
weibull_softplus_unscaled@kappa_floor_link_flat15_fixed15,table9,external_development,0,-1,delphi_3e18_39bucket:037a604380dcbb0bd031ab6fe4d27d6f859ec425fb267f14b984c1fb545aefe5,1.2010988249074175,0.004574698785208273
weibull_softplus_unscaled@kappa_floor_link_flat15_fixed15,table9,external_development,0,-1,delphi_3e18_39bucket:039e773502afbad67dfd37ee20068668a2092188b0245ddd91d40a1560e905f6,1.1339866417523123,0.003343630577783453
weibull_softplus_unscaled@kappa_floor_link_flat15_fixed15,table9,external_development,0,-1,delphi_3e18_39bucket:073bad81517f75d40c9eb877348b38c8734b28dc6cb239c2089c9c35e9510223,1.0945112927270269,0.0029538989406552433
weibull_softplus_unscaled@kappa_floor_link_flat15_fixed15,table9,external_development,0,-1,delphi_3e18_39bucket:0788d5de28276914dae1c6388f1ab105867ad1d4a087d52bf0b8519d80129c89,1.1933849519358843,0.004913766934108105
weibull_softplus_unscaled@kappa_floor_link_flat15_fixed15,table9,external_development,0,-1,delphi_3e18_39bucket:081b3e9c9806710005689ad55a35ca2b5545880488e77cee8042740337e79dfd,1.0983602594130668,0.003033517460079423
weibull_softplus_unscaled@kappa_floor_link_flat15_fixed15,table9,external_development,0,-1,delphi_3e18_39bucket:09ab1aa79a519d8cbef31696066513a006253831fb687b610438ea9b39faef2c,1.2223584971747266,0.002894608831018728
weibull_softplus_unscaled@kappa_floor_link_flat15_fixed15,table9,external_development,0,-1,delphi_3e18_39bucket:09de561eed4cac3d6052c3e7ccd15b7d2bf21ffe6620953c40d04597b793517c,1.117202104281641,0.003281340450420511
weibull_softplus_unscaled@kappa_floor_link_flat15_fixed15,table9,external_development,0,-1,delphi_3e18_39bucket:0a4c90180e2e9f06b17432216267636bc90d169f9f68bad8b789d271cb541e26,1.1403738176535052,0.00303907593624888
weibull_softplus_unscaled@kappa_floor_link_flat15_fixed15,table9,external_development,0,-1,delphi_3e18_39bucket:0a69a64824dbbec7bffe6fbd96bf614be79fa346a55fb8dad697d2aed91a31fe,1.0827734567853229,0.0032463038388227754
weibull_softplus_unscaled@kappa_floor_link_flat15_fixed15,table9,external_development,0,-1,delphi_3e18_39bucket:0c6db73ff59b9cdac2e2428761ffc68d8764b26faefabce9cdbe0ad6133514fb,1.1226197448962563,0.0032698058685881604
weibull_softplus_unscaled@kappa_floor_link_flat15_fixed15,table9,external_development,0,-1,delphi_3e18_39bucket:0c87eb28b1c95ec40d341aff414b3e73bc9300563def3b5d974082fe44509895,1.1947994936792339,0.0048514139279416234
weibull_softplus_unscaled@kappa_floor_link_flat15_fixed15,table9,external_development,0,-1,delphi_3e18_39bucket:0da14a6e57c138c21227eebbd44f186ea18272987a7f24f9edce875f3f5c35b2,1.1916051576366633,0.0050158991059362805
weibull_softplus_unscaled@kappa_floor_link_flat15_fixed15,table9,external_development,0,-1,delphi_3e18_39bucket:0fb57d38488e9d032a8a2d6e385eebbe0bb87510b042d12426a68166e3ec53b2,1.1510650988076154,0.0038623227814181234
weibull_softplus_unscaled@kappa_floor_link_flat15_fixed15,table9,external_development,0,-1,delphi_3e18_39bucket:100cd66fd89a88c77157afcbddc20547cc115238f2281abf552b8c0d0374cc36,1.2235966546832453,0.005638743279626896
weibull_softplus_unscaled@kappa_floor_link_flat15_fixed15,table9,external_development,0,-1,delphi_3e18_39bucket:115087d05bce1abc0d1e7590a4cc0b36b643cd94c47ca5e044580bd8ff9fa514,1.0987179822115902,0.00267467057042529
weibull_softplus_unscaled@kappa_floor_link_flat15_fixed15,table9,external_development,0,-1,delphi_3e18_39bucket:1186365305df843132a2b49cf1f4f3279bc6792218502b2ddb658ff6a8909811,1.2060173879658274,0.004426996622102375
weibull_softplus_unscaled@kappa_floor_link_flat15_fixed15,table9,external_development,0,-1,delphi_3e18_39bucket:14ae27b209bb3f3e584f2a754f2f606b14c6a91a854a6960f5f2002189a9c63f,1.1067947137069294,0.0028753972112818796
weibull_softplus_unscaled@kappa_floor_link_flat15_fixed15,table9,external_development,0,-1,delphi_3e18_39bucket:1583e0fcd8684efdb53f5dba40c3ee266a316d16da17c423933aa17c59399bb4,1.0833697441625265,0.0029766284572179816
weibull_softplus_unscaled@kappa_floor_link_flat15_fixed15,table9,external_development,0,-1,delphi_3e18_39bucket:168c44d2006162a6a570833acdedfc0e9cbace3ee8b4582d93c0d17b9a8f62dc,1.1938206344173743,0.004893046012993773
weibull_softplus_unscaled@kappa_floor_link_flat15_fixed15,table9,external_development,0,-1,delphi_3e18_39bucket:180f3fe5f075a653053c6abb3614d3d97e4e8bd81a9bf3339b610420a3e507e1,1.1335163426355621,0.01025786412509206
weibull_softplus_unscaled@kappa_floor_link_flat15_fixed15,table9,external_development,0,-1,delphi_3e18_39bucket:18a99a3351245092d3769f803d6ed42ad1446d61d00a6145d3ab0f7eb370ad43,1.1895213987165523,0.004867319227890278
weibull_softplus_unscaled@kappa_floor_link_flat15_fixed15,table9,external_development,0,-1,delphi_3e18_39bucket:19e6d0a05b7cc0e501b20e580b9d694acf4b47aafcdbc8afc3840bc26b8e9183,1.1863460402342298,0.00482058744309842
weibull_softplus_unscaled@kappa_floor_link_flat15_fixed15,table9,external_development,0,-1,delphi_3e18_39bucket:1abe87613ee3136eb10062b5549438b1593f06bc22629e4f06a79dc512925a09,1.1025694938559547,0.0027018460679069643
weibull_softplus_unscaled@kappa_floor_link_flat15_fixed15,table9,external_development,0,-1,delphi_3e18_39bucket:1bd2258fc50c2f2300cfee3ccf288fcf65b55a83f6f4e754166ad83968fd2bc5,1.1963415569534919,0.004968242427060951
weibull_softplus_unscaled@kappa_floor_link_flat15_fixed15,table9,external_development,0,-1,delphi_3e18_39bucket:1c82f47a17303f1c725bb67357c5df989e689eab6ce331e314ec3f25166ddb7f,1.1786636343129193,0.0047314109614035715
weibull_softplus_unscaled@kappa_floor_link_flat15_fixed15,table9,external_development,0,-1,delphi_3e18_39bucket:1f764babd33705edc89b9384b3ade86c50adefb121d72a48eead725f2f99fdbb,1.2075361699088067,0.004405438706216149
weibull_softplus_unscaled@kappa_floor_link_flat15_fixed15,table9,external_development,0,-1,delphi_3e18_39bucket:217fcc24bb6f19269acad2fd83783863fb8c38fe10b23c82e8d4650e3c20af96,1.081726982126062,0.004952359186330458
weibull_softplus_unscaled@kappa_floor_link_flat15_fixed15,table9,external_development,0,-1,delphi_3e18_39bucket:2217566357ae6eb4d1e0a63ed7d1b5f74bf85feb4a34fc2294075abf4779dc8a,1.0984444195041023,0.007875212641184359
weibull_softplus_unscaled@kappa_floor_link_flat15_fixed15,table9,external_development,0,-1,delphi_3e18_39bucket:22435fb72d5378f38e67f149c5327cefd8299de7f2802d207068e148a654d87a,1.0761998498942646,0.003821026770232488
weibull_softplus_unscaled@kappa_floor_link_flat15_fixed15,table9,external_development,0,-1,delphi_3e18_39bucket:244c4cf1cc1aff8a4fa4a6620ac3c4e89194a0edec3d369e2d5c5a3ffc611fbd,1.1910671571047016,0.005041272577032485
weibull_softplus_unscaled@kappa_floor_link_flat15_fixed15,table9,external_development,0,-1,delphi_3e18_39bucket:257cf9d7063698fc7195b8f86bda6fdb70aa44cc6560c09437872f7afc15b3c7,1.1931961960538984,0.004934940958121907
weibull_softplus_unscaled@kappa_floor_link_flat15_fixed15,table9,external_development,0,-1,delphi_3e18_39bucket:2805171d708ffa47ad55eebdded48bbe9184de34aaa01c764857896330bd5ed8,1.0859512752169578,0.0027066496612221593
weibull_softplus_unscaled@kappa_floor_link_flat15_fixed15,table9,external_development,0,-1,delphi_3e18_39bucket:28e9f00790cb0f3bd8eab6e67ab5ed390d4a8f9511b50e2c3b127fed84907f83,1.1936869325361925,0.005142654534289934
weibull_softplus_unscaled@kappa_floor_link_flat15_fixed15,table9,external_development,0,-1,delphi_3e18_39bucket:29879913509e18c14302d4122cd80d460dbe36a86de1b841546532b10ae498e9,1.0831812742135853,0.00251288398408657
weibull_softplus_unscaled@kappa_floor_link_flat15_fixed15,table9,external_development,0,-1,delphi_3e18_39bucket:2a97310a9690d4c4d3fba3c8cf2f4c53bec70f4ee6e7bc2798951d5fce110b5c,1.1920489155217482,0.004933593503151971
weibull_softplus_unscaled@kappa_floor_link_flat15_fixed15,table9,external_development,0,-1,delphi_3e18_39bucket:2b989adc23ee2e9de7f2785a0f77bb06f18f1c8af0a8159044271123a563cdb9,1.0955901392671694,0.0026975327677688965
weibull_softplus_unscaled@kappa_floor_link_flat15_fixed15,table9,external_development,0,-1,delphi_3e18_39bucket:2f021c092554cc1c442218ef631eef0b2b67a217256c18aa0380762934be6ef9,1.1081139067249752,0.0025839894160477415
weibull_softplus_unscaled@kappa_floor_link_flat15_fixed15,table9,external_development,0,-1,delphi_3e18_39bucket:303bf27116162aaf5aad23c1dceb815464d35b45e7e0b3d737d78f0e445a7c48,1.157410953046715,0.00412260761448593
weibull_softplus_unscaled@kappa_floor_link_flat15_fixed15,table9,external_development,0,-1,delphi_3e18_39bucket:329d432004aa55ff655af8af17bade03a9b3dd241ea3c9e87a7dbbeb1dc1b1d6,1.1867986212667847,0.004995508317010005
weibull_softplus_unscaled@kappa_floor_link_flat15_fixed15,table9,external_development,0,-1,delphi_3e18_39bucket:3614e5ff6454c53dc1b4848cee125d2bf986629dee4783b90415bc92736347a1,1.0957650633784675,0.0049115196506872155
weibull_softplus_unscaled@kappa_floor_link_flat15_fixed15,table9,external_development,0,-1,delphi_3e18_39bucket:38b51fbcfa5c77121be6726dc68a28ce5ab9452aefd61be07d82e359fbdedf79,1.1012811587030082,0.004706719171906662
weibull_softplus_unscaled@kappa_floor_link_flat15_fixed15,table9,external_development,0,-1,delphi_3e18_39bucket:391b0859fe53bf6c9da14d9694a7f85f766f8d8225b48942c840d1f3bebe7876,1.1182299307659338,0.002927703313746133
weibull_softplus_unscaled@kappa_floor_link_flat15_fixed15,table9,external_development,0,-1,delphi_3e18_39bucket:39df5a66a6bcbdc5f52f9f37dfd15b1fdd08a415743db8fb17cc8b0512ac963f,1.2461652662033196,0.010205646650290095
weibull_softplus_unscaled@kappa_floor_link_flat15_fixed15,table9,external_development,0,-1,delphi_3e18_39bucket:3c5d1d0ddb5500239d26944a313e0c966e43abfabc203fcdb07d5db66f8dc712,1.1050489629679545,0.006473666399416818
weibull_softplus_unscaled@kappa_floor_link_flat15_fixed15,table9,external_development,0,-1,delphi_3e18_39bucket:3d3cd30314fd09b91f22ba82b732e228369abd03b55a27da937e0bca5a083a0a,1.1880587456614413,0.005092667691196658
weibull_softplus_unscaled@kappa_floor_link_flat15_fixed15,table9,external_development,0,-1,delphi_3e18_39bucket:3d45f3bc22316f2c3a26d5af2662f5cc5b2e1214d7bf88bc7dfa2b034b89b076,1.1030870266069037,0.002697970838088971
weibull_softplus_unscaled@kappa_floor_link_flat15_fixed15,table9,external_development,0,-1,delphi_3e18_39bucket:3de18a523f9dbadd83062cb454ad019820e391183b58003dd91dda53a4b13e1b,1.1505733117810042,0.017892489578963673
weibull_softplus_unscaled@kappa_floor_link_flat15_fixed15,table9,external_development,0,-1,delphi_3e18_39bucket:3ec760a2d3f08ec7acbde5dd5b70f25acbb174767b5f8e54d028852120660c2d,1.101963026762062,0.0035984816091552793
weibull_softplus_unscaled@kappa_floor_link_flat15_fixed15,table9,external_development,0,-1,delphi_3e18_39bucket:3f18082665844ac4fa26e9c9e87ec9528a72d448eff278e6eb0fb7e1d4dc39bc,1.1233992232775245,0.0033158456741290464
weibull_softplus_unscaled@kappa_floor_link_flat15_fixed15,table9,external_development,0,-1,delphi_3e18_39bucket:4148bb820fc709c78f6daf88c6822b7f28c7d1aba87c815125bab9cc0c715d32,1.1521007420556728,0.011923695388390675
weibull_softplus_unscaled@kappa_floor_link_flat15_fixed15,table9,external_development,0,-1,delphi_3e18_39bucket:419ee81cda8173e88f7ada544fce6e041beb00f9371af74edf51e3240616e6ae,1.102369539633596,0.0023096304292908247
weibull_softplus_unscaled@kappa_floor_link_flat15_fixed15,table9,external_development,0,-1,delphi_3e18_39bucket:435fc59b9f74ea68a12a16abcf01b49d1d751709400f056661ece786c4fb97f4,1.195496656568873,0.0045409145786521115
weibull_softplus_unscaled@kappa_floor_link_flat15_fixed15,table9,external_development,0,-1,delphi_3e18_39bucket:43a1b832b41d7b3705abe45be2d9a39f606803f539c4bfc22f9bdb84abd4ecdd,1.1859257092407005,0.004800832858218422
weibull_softplus_unscaled@kappa_floor_link_flat15_fixed15,table9,external_development,0,-1,delphi_3e18_39bucket:44ce79a61450d4abf95809bf0fa221ae9d748008c8b5ae22fd8d3212c27a3fea,1.0984338318554765,0.0022384315778666082
weibull_softplus_unscaled@kappa_floor_link_flat15_fixed15,table9,external_development,0,-1,delphi_3e18_39bucket:454b420da2501cc8413ce34639b91fba6c924e92d4acb602a12a4188a7bbac06,1.1254834757865195,0.003341585897902163
weibull_softplus_unscaled@kappa_floor_link_flat15_fixed15,table9,external_development,0,-1,delphi_3e18_39bucket:45c4ebe12e4506146427d7cf86c80df51ee3636fdc90eec46c6fbcda132736d3,1.1971021763762155,0.004726865403843545
weibull_softplus_unscaled@kappa_floor_link_flat15_fixed15,table9,external_development,0,-1,delphi_3e18_39bucket:46346afc1e8f516e3cf8db030395bc5bdba3094e0d1d6ce3d9212fbb3736b08f,1.219459507072973,0.004100562867242287
weibull_softplus_unscaled@kappa_floor_link_flat15_fixed15,table9,external_development,0,-1,delphi_3e18_39bucket:479b4c0d010ec8af266c712fad85c52a6b25371b206b9d3bea78ede611674b9e,1.2587210632109893,0.0043643395543969035
weibull_softplus_unscaled@kappa_floor_link_flat15_fixed15,table9,external_development,0,-1,delphi_3e18_39bucket:47f173bc0284dd1f8264d5a01dd8a2fcd9c04165efed2d185d16e1684ae02254,1.1349756247555156,0.0030017953121170933
weibull_softplus_unscaled@kappa_floor_link_flat15_fixed15,table9,external_development,0,-1,delphi_3e18_39bucket:4925c3287b201af1db9d1972026e9bf6b2b76a75673de01b83cd6af4965a90c1,1.0926953446138497,0.00247251602828042
weibull_softplus_unscaled@kappa_floor_link_flat15_fixed15,table9,external_development,0,-1,delphi_3e18_39bucket:49605a406a87e4b29ff1058b67cff48d00f583ed007d73fd163a37ab3f1ef415,1.115694848880434,0.0027506828374347543
weibull_softplus_unscaled@kappa_floor_link_flat15_fixed15,table9,external_development,0,-1,delphi_3e18_39bucket:4d2a9f8e18ebd65e0860eaa7996c71b4bc666ece79a59f99599bf658eaaf1ca6,1.2702658055671863,0.01710032647748785
weibull_softplus_unscaled@kappa_floor_link_flat15_fixed15,table9,external_development,0,-1,delphi_3e18_39bucket:4dcd25089f067b1c4aa3d94b5a6046e58c872c7192b21d095899daf4324f9073,1.2862945591073762,0.008895071768454032
weibull_softplus_unscaled@kappa_floor_link_flat15_fixed15,table9,external_development,0,-1,delphi_3e18_39bucket:51ba2b4f2f488f8c496f545e752754c9e324fea095988aeafc121d14587f9440,1.0941808303435603,0.0029151162181793606
weibull_softplus_unscaled@kappa_floor_link_flat15_fixed15,table9,external_development,0,-1,delphi_3e18_39bucket:520b93fe83078f785e1745d02d62d4de498b2d844861b920f20ad9fddb96d966,1.112560576015817,0.0036022910260662387
weibull_softplus_unscaled@kappa_floor_link_flat15_fixed15,table9,external_development,0,-1,delphi_3e18_39bucket:5268fc7970fdd1757c78b3d28d3b4a01e39ae7eb48d9eff786688b6aa8419e2c,1.20152921336856,0.00480522754474988
weibull_softplus_unscaled@kappa_floor_link_flat15_fixed15,table9,external_development,0,-1,delphi_3e18_39bucket:5302a3d504bc827eb82480e47fa5f9369b2a34a9073980d5a79b7b11472c3d35,1.1040770237572048,0.002504388856307859
weibull_softplus_unscaled@kappa_floor_link_flat15_fixed15,table9,external_development,0,-1,delphi_3e18_39bucket:5304e9320d8a83ce4fc5f0c3d55748a46b482bd39654250154a2e9b9b1f11612,1.074498787413154,0.0036347449054730282
weibull_softplus_unscaled@kappa_floor_link_flat15_fixed15,table9,external_development,0,-1,delphi_3e18_39bucket:547f1880e12c632add60347ae92abf186e58bd4549de02831f05f117476ccd27,1.0883650538489937,0.002275817746299104
weibull_softplus_unscaled@kappa_floor_link_flat15_fixed15,table9,external_development,0,-1,delphi_3e18_39bucket:5653d17dd718ed001c50f11b1296a0b6c437549494c3ad1c8cb1b53da2629181,1.1304278081510541,0.009192181023847865
weibull_softplus_unscaled@kappa_floor_link_flat15_fixed15,table9,external_development,0,-1,delphi_3e18_39bucket:569f2fae296c65c150355a111967e64f0458d6d4e4e6695bdad8510e2d957522,1.0900327123317641,0.0018226070167965218
weibull_softplus_unscaled@kappa_floor_link_flat15_fixed15,table9,external_development,0,-1,delphi_3e18_39bucket:577ebf44b0802041939fa396b991d55566e0430342ea4e86916d0a09526dfc7b,1.137957326847501,0.00336021528010862
weibull_softplus_unscaled@kappa_floor_link_flat15_fixed15,table9,external_development,0,-1,delphi_3e18_39bucket:587d99c210755fe678009083951edbaf5f30125b9a9228c07223908788f4efbf,1.1223100001576278,0.003330692538586262
weibull_softplus_unscaled@kappa_floor_link_flat15_fixed15,table9,external_development,0,-1,delphi_3e18_39bucket:593cd68cc1f7693b8781f426fd8bf633d814852c98cef69f1dc0e05aa749a4a8,1.19611195135043,0.004872097718456235
weibull_softplus_unscaled@kappa_floor_link_flat15_fixed15,table9,external_development,0,-1,delphi_3e18_39bucket:5969f449d772b308738c1973bb8124a9388da3145bdcd4dbf580903e8aa5ae45,1.0959890886548251,0.0027358013286355965
weibull_softplus_unscaled@kappa_floor_link_flat15_fixed15,table9,external_development,0,-1,delphi_3e18_39bucket:5a6c87e0a035e4d18b7e137b2cc16b00806f8d1ef126cc1b3e98ec648866cd95,1.0981192896757055,0.002924505045558296
weibull_softplus_unscaled@kappa_floor_link_flat15_fixed15,table9,external_development,0,-1,delphi_3e18_39bucket:5bab89a350083bbb82d43430d716a115110122a55cabce94a4c485ba7cfc7890,1.1003759621652343,0.0024191216151859675
weibull_softplus_unscaled@kappa_floor_link_flat15_fixed15,table9,external_development,0,-1,delphi_3e18_39bucket:5d327ac229879291117268bc6336e58c8152465241259a6f06a7977096c2cbab,1.111353619055282,0.012301189111510444
weibull_softplus_unscaled@kappa_floor_link_flat15_fixed15,table9,external_development,0,-1,delphi_3e18_39bucket:5d81c990ff3f85d604963810f29b83410738a33c030bdad16230497701c673cc,1.1273717425700833,0.0029939102629549063
weibull_softplus_unscaled@kappa_floor_link_flat15_fixed15,table9,external_development,0,-1,delphi_3e18_39bucket:5da4a1f0602a1c573a15377a4719b3b792d3be63656c74bcdef8bd988e67c292,1.0954430710882292,0.0074119169306485575
weibull_softplus_unscaled@kappa_floor_link_flat15_fixed15,table9,external_development,0,-1,delphi_3e18_39bucket:5f70df28cce5d870961ea81fd9171415d174214efb666d244008771b3f8a8132,1.1343534781369957,0.004544093128822381
weibull_softplus_unscaled@kappa_floor_link_flat15_fixed15,table9,external_development,0,-1,delphi_3e18_39bucket:5f8f1118125ab64ed7032396f431fe7a879ad10627850bcd4cebb2b9c12c9c22,1.192590278489704,0.004973983846399247
weibull_softplus_unscaled@kappa_floor_link_flat15_fixed15,table9,external_development,0,-1,delphi_3e18_39bucket:6233cb472d97f01738aec435e826103682ccfd8390ef3bf6783341c9818b9043,1.1104948916250308,0.0026451369080509315
weibull_softplus_unscaled@kappa_floor_link_flat15_fixed15,table9,external_development,0,-1,delphi_3e18_39bucket:635528e5e2a0e881124caf31eb8cf68a81b7afe38b50630e57e736edbdd31013,1.1264083173948636,0.0033742191152422454
weibull_softplus_unscaled@kappa_floor_link_flat15_fixed15,table9,external_development,0,-1,delphi_3e18_39bucket:643213b3d69a274b198c42fc5df8e2e33accfef69d26786274a4e3f0d3ff1eba,1.0995361623466429,0.002819043989598224
weibull_softplus_unscaled@kappa_floor_link_flat15_fixed15,table9,external_development,0,-1,delphi_3e18_39bucket:64f4ce182df0f4dc266d00d5177554ae26d369be6d6fdc42e4020ce4c159e038,1.1417925732936487,0.003951657582948962
weibull_softplus_unscaled@kappa_floor_link_flat15_fixed15,table9,external_development,0,-1,delphi_3e18_39bucket:67219c03d0898c3bde8548203483153b8dab3ed4fff577a865554213c097934e,1.1038614288052866,0.0032150483888789476
weibull_softplus_unscaled@kappa_floor_link_flat15_fixed15,table9,external_development,0,-1,delphi_3e18_39bucket:6804300e425006b08f97520a7f6c9bba13378a0b6b02edcbfec5611e5ca0c44d,1.0874729671104792,0.0024231113119075345
weibull_softplus_unscaled@kappa_floor_link_flat15_fixed15,table9,external_development,0,-1,delphi_3e18_39bucket:68195b7435e250fecfae0a4a43494aec7a31a5058003835e9123c0d9e17c5779,1.1929557854614279,0.004923108435153621
weibull_softplus_unscaled@kappa_floor_link_flat15_fixed15,table9,external_development,0,-1,delphi_3e18_39bucket:685f65df9a5d97bc32080e3b868a666285be0939d78e0a811d378657ee757244,1.0906979172707358,0.003374305984488645
weibull_softplus_unscaled@kappa_floor_link_flat15_fixed15,table9,external_development,0,-1,delphi_3e18_39bucket:6a6a57cc90489b1821b2d65721b9c2e1d907405a1cb08fb12b0a637f75a245c7,1.214979680326982,0.005390008992527304
weibull_softplus_unscaled@kappa_floor_link_flat15_fixed15,table9,external_development,0,-1,delphi_3e18_39bucket:6b35fe0f0f1836e028d532783d26a896a624c7a1b735b664c912826d6046ade7,1.1929093484416997,0.0049306310088715185
weibull_softplus_unscaled@kappa_floor_link_flat15_fixed15,table9,external_development,0,-1,delphi_3e18_39bucket:6be8998407711e41d66a8387ce4264ca2d324918221eafcce587dcead56348cf,1.0957600594444112,0.0026616348301849403
weibull_softplus_unscaled@kappa_floor_link_flat15_fixed15,table9,external_development,0,-1,delphi_3e18_39bucket:6c651e55ddca05236b7de3e3673e1b135e1bafa15edb691f8d6ccfe12505a49c,1.137049823265258,0.0029105184728613308
weibull_softplus_unscaled@kappa_floor_link_flat15_fixed15,table9,external_development,0,-1,delphi_3e18_39bucket:6eff5c2c6d0c6033485ec4cb97a6edae6de89063ea34c89f669ff4e4e0629eea,1.2042982742147301,0.005055900080340788
weibull_softplus_unscaled@kappa_floor_link_flat15_fixed15,table9,external_development,0,-1,delphi_3e18_39bucket:7085b12019ff35a054c005d424eb8596134e288c7ecaa2596bb4b5711eb66326,1.094412385864437,0.00255203866709325
weibull_softplus_unscaled@kappa_floor_link_flat15_fixed15,table9,external_development,0,-1,delphi_3e18_39bucket:7132c13eee4b70ca34a33f9a9ae7366f1bfa0fced8aaf9fa0323bc319b97506a,1.2009310236521076,0.004455969329006062
weibull_softplus_unscaled@kappa_floor_link_flat15_fixed15,table9,external_development,0,-1,delphi_3e18_39bucket:71eb42d48f6b6a336390c690ce1e47364dfe485e2a4f06e168075c88b0def0a9,1.2722274977869674,0.004586452715818627
weibull_softplus_unscaled@kappa_floor_link_flat15_fixed15,table9,external_development,0,-1,delphi_3e18_39bucket:742dd349c1fbc18af63f516a37aaff216490071ad5e744e3cf744b4b49367d40,1.2117342609183246,0.005355099906500876
weibull_softplus_unscaled@kappa_floor_link_flat15_fixed15,table9,external_development,0,-1,delphi_3e18_39bucket:74bdb4e6f472459381f30133f60e19e24a54f6c7d8a9fc845b5471d668934b4d,1.0937067633540984,0.004512326804045892
weibull_softplus_unscaled@kappa_floor_link_flat15_fixed15,table9,external_development,0,-1,delphi_3e18_39bucket:789182d5189317aa9b8640cc1bce52e2c170dc32657677d3a4108620bcbb7f05,1.2017768678643068,0.004980224464721535
weibull_softplus_unscaled@kappa_floor_link_flat15_fixed15,table9,external_development,0,-1,delphi_3e18_39bucket:78b2e8346a4519dfef462b8376a77bc4e1d601f8933e6641020cf0eb7e48efc0,1.1673906932751126,0.004063849727649688
weibull_softplus_unscaled@kappa_floor_link_flat15_fixed15,table9,external_development,0,-1,delphi_3e18_39bucket:79faa6a5b2de9e64c364af44aaa762e31a637c87c7c6d57002f957ef71cbeb84,1.0902922134925872,0.00205413335713916
weibull_softplus_unscaled@kappa_floor_link_flat15_fixed15,table9,external_development,0,-1,delphi_3e18_39bucket:7c9cf8d99e2a20bfcf7060b220169c9ae7c13a5c2cfaa96022cc97b063759fec,1.1329631823119497,0.0029620237672222925
weibull_softplus_unscaled@kappa_floor_link_flat15_fixed15,table9,external_development,0,-1,delphi_3e18_39bucket:7d6e5bdf2421a78af620ea6ac7975078e405a629c7642ced529ef76b1f6bba54,1.1114217338466204,0.009118402663884518
weibull_softplus_unscaled@kappa_floor_link_flat15_fixed15,table9,external_development,0,-1,delphi_3e18_39bucket:7e55a3661a634ab042b0d907f35856d18f479e608ad474942aa5a6ecf7f9f033,1.1144854904042274,0.003149982268353781
weibull_softplus_unscaled@kappa_floor_link_flat15_fixed15,table9,external_development,0,-1,delphi_3e18_39bucket:7ea661be2a7587559cb8925e1eb21820cb040c4cd7a883b0f24803c308d3fb41,1.0936930862480743,0.00203668882466478
weibull_softplus_unscaled@kappa_floor_link_flat15_fixed15,table9,external_development,0,-1,delphi_3e18_39bucket:7ed367f16179f0147cfe76808f461bb876363b57665b8e5485529577f7dd5210,1.1285636951815656,0.0034962581720952655
weibull_softplus_unscaled@kappa_floor_link_flat15_fixed15,table9,external_development,0,-1,delphi_3e18_39bucket:80b7399fe369d7309377bca271430df48654b77c59f6f9809f09f49a62c14c95,1.097204213959595,0.0026586413129411155
weibull_softplus_unscaled@kappa_floor_link_flat15_fixed15,table9,external_development,0,-1,delphi_3e18_39bucket:80cd1b3538923f0a877e5c9e8a78b526e337a71951c52c3ed2fabe91e7daeb69,1.1008718976421354,0.0024739914523046196
weibull_softplus_unscaled@kappa_floor_link_flat15_fixed15,table9,external_development,0,-1,delphi_3e18_39bucket:80ef0b613e000a82657443770642af353463be1258804e7d9a261d13e6d4476b,1.2926467172618405,0.03824462463698664
weibull_softplus_unscaled@kappa_floor_link_flat15_fixed15,table9,external_development,0,-1,delphi_3e18_39bucket:81329096cd24fadc9f75ffda9d87c90de1dd4f27e19160c1a0ab25986bc2213e,1.0913316676699623,0.0026163463721560446
weibull_softplus_unscaled@kappa_floor_link_flat15_fixed15,table9,external_development,0,-1,delphi_3e18_39bucket:81cb45a36b39811750d0ff0f4375bddfcf30514d23437ee76f5f2fb9aeef22de,1.1015953443948163,0.0026422716222259204
weibull_softplus_unscaled@kappa_floor_link_flat15_fixed15,table9,external_development,0,-1,delphi_3e18_39bucket:83255fbba7f49b8b85c42635b9dfbb84761b39c2df55f527fecbf415d75bdb19,1.100249701345923,0.00477489674010173
weibull_softplus_unscaled@kappa_floor_link_flat15_fixed15,table9,external_development,0,-1,delphi_3e18_39bucket:85cf736312d9c54d30d33e799831eace88d4de508ed9795dc06bd89296394ffd,1.1361392187727881,0.004661352144649708
weibull_softplus_unscaled@kappa_floor_link_flat15_fixed15,table9,external_development,0,-1,delphi_3e18_39bucket:869e1d284e219525aaf5d7d275906629688a62da31308f8af724cf8e4e5d9f87,1.101031129698761,0.0027911258650306072
weibull_softplus_unscaled@kappa_floor_link_flat15_fixed15,table9,external_development,0,-1,delphi_3e18_39bucket:8742e8c2e0296f55b1c137dd55f16cb74ac4383a6910e9d287ebe64de86fef97,1.0744381704424095,0.003974078301299515
weibull_softplus_unscaled@kappa_floor_link_flat15_fixed15,table9,external_development,0,-1,delphi_3e18_39bucket:8764bd229418c70dbbe599973cafc92f4d5c6b32008b9660f4dc1c2b9ea05ee6,1.0904025750516975,0.0027457761280795206
weibull_softplus_unscaled@kappa_floor_link_flat15_fixed15,table9,external_development,0,-1,delphi_3e18_39bucket:87837653d9cdc600c37c55a28dbdbbafffdc6e81c912de2423ff4dd6118f5f0a,1.1925786445372186,0.0050467333116200695
weibull_softplus_unscaled@kappa_floor_link_flat15_fixed15,table9,external_development,0,-1,delphi_3e18_39bucket:888cfaf89d4295f594e70e228c529e053cfd95543a8db5dfe5873174591305d6,1.0954454693791313,0.0028301720624726253
weibull_softplus_unscaled@kappa_floor_link_flat15_fixed15,table9,external_development,0,-1,delphi_3e18_39bucket:88da80acdbb077326baf06c1ee5ed44df4ccf2d1c95d0225144a1ef721799941,1.1922322818178557,0.004985215174371488
weibull_softplus_unscaled@kappa_floor_link_flat15_fixed15,table9,external_development,0,-1,delphi_3e18_39bucket:8a5e02daa1e8fdf2a742a34c43f9a70bb723cb9f61bc5fcfe9694679bdaca30e,1.192006321909083,0.005054858724531766
weibull_softplus_unscaled@kappa_floor_link_flat15_fixed15,table9,external_development,0,-1,delphi_3e18_39bucket:8b6fc2228a641c15336b0a2f6243168c75a92ef85a25feac87bdbcb80fa0ce3e,1.1003012644629404,0.004739632997397389
weibull_softplus_unscaled@kappa_floor_link_flat15_fixed15,table9,external_development,0,-1,delphi_3e18_39bucket:8c377f234db2429719cde7dad4993aee8d5ba1a1b9fc4bb1edecd7ce3c71c7ba,1.1966464370765495,0.004830341005005097
weibull_softplus_unscaled@kappa_floor_link_flat15_fixed15,table9,external_development,0,-1,delphi_3e18_39bucket:8d8d29d13a22ae384d9c1d2602fbdc405a2944615cac1839a8fed0a4f1cf92cd,1.1015585839022934,0.004675392648162255
weibull_softplus_unscaled@kappa_floor_link_flat15_fixed15,table9,external_development,0,-1,delphi_3e18_39bucket:8e07c6e265071fba3115ceab986006dd4518361d77cde815c233b3b70a3ffdc0,1.1896064876697228,0.005007371934470838
weibull_softplus_unscaled@kappa_floor_link_flat15_fixed15,table9,external_development,0,-1,delphi_3e18_39bucket:8ef412ceada2d7ce755116002b185f9a484e1bd67269fffa0bb96a36e49f1b57,1.1184895662809802,0.0036932813787847593
weibull_softplus_unscaled@kappa_floor_link_flat15_fixed15,table9,external_development,0,-1,delphi_3e18_39bucket:8f9d336e61271fad2de609d91cff46986aa0a18d154f1bb47311d58529798e70,1.0817902541313942,0.0029758964140426786
weibull_softplus_unscaled@kappa_floor_link_flat15_fixed15,table9,external_development,0,-1,delphi_3e18_39bucket:8fd1ba3a337f5601be326ee3fa5f02778374cd45763940f906a747ef581271a2,1.103370051384944,0.0029573780030248986
weibull_softplus_unscaled@kappa_floor_link_flat15_fixed15,table9,external_development,0,-1,delphi_3e18_39bucket:90dba2fc8d83436f4853eb165d137a40b833acc83db632ba583aa912e43b733d,1.0765755413544151,0.0034486081568303574
weibull_softplus_unscaled@kappa_floor_link_flat15_fixed15,table9,external_development,0,-1,delphi_3e18_39bucket:90f52ac0608eb5e98056e42a1f2c4baf179f331a5a38fab70ead512319850a58,1.0989075230334933,0.0026814628537808645
weibull_softplus_unscaled@kappa_floor_link_flat15_fixed15,table9,external_development,0,-1,delphi_3e18_39bucket:915788dcc658ef8459d4fe90196613e360eb9a4655570e26ccf506b5a28854fa,1.0941375634440629,0.003073895042034262
weibull_softplus_unscaled@kappa_floor_link_flat15_fixed15,table9,external_development,0,-1,delphi_3e18_39bucket:937f2ad80bf81c490b47d4ffa2a834687d935ca5b8d1aac556126ed037de7674,1.2128019080638084,0.015871454662625177
weibull_softplus_unscaled@kappa_floor_link_flat15_fixed15,table9,external_development,0,-1,delphi_3e18_39bucket:9402f0aef28710392a371f6c2d00b98a0838d825536798d42069e950307c4c99,1.1016771330409487,0.004722155132578363
weibull_softplus_unscaled@kappa_floor_link_flat15_fixed15,table9,external_development,0,-1,delphi_3e18_39bucket:97a9a5ebb9cef7528b5a1da0e741881159e16d17debe1bae0a412102ad3ef173,1.1062074510022137,0.003799962230383259
weibull_softplus_unscaled@kappa_floor_link_flat15_fixed15,table9,external_development,0,-1,delphi_3e18_39bucket:99a1fe189ce40a2f048415cf2c9d05a5d0869a5118c2c936a4376cb325c23e68,1.0990584309793443,0.002662416515321722
weibull_softplus_unscaled@kappa_floor_link_flat15_fixed15,table9,external_development,0,-1,delphi_3e18_39bucket:9a343b0b93b0bad4f87152437bb40a403f7be5b9f572cfae5e7703e50bc7093a,1.2643881016600989,0.005341913292913235
weibull_softplus_unscaled@kappa_floor_link_flat15_fixed15,table9,external_development,0,-1,delphi_3e18_39bucket:9a66aeb4da20d6cb985f60b618c35fa92cb849c3995c7701c5b8b9785a935f95,1.1934781914381132,0.004739875590644631
weibull_softplus_unscaled@kappa_floor_link_flat15_fixed15,table9,external_development,0,-1,delphi_3e18_39bucket:9b478f9223e98b33f203281ad106af33651a711905e81c6425afe46d362783dd,1.0934521134881892,0.0028180422298626157
weibull_softplus_unscaled@kappa_floor_link_flat15_fixed15,table9,external_development,0,-1,delphi_3e18_39bucket:9cb37ee04e914fba68e7aa6ea382c6a5dcc2b405ec78b251b537abc8f70b15f2,1.2697186518441752,0.009711516220886755
weibull_softplus_unscaled@kappa_floor_link_flat15_fixed15,table9,external_development,0,-1,delphi_3e18_39bucket:9d67ecf7ca42caa8c17072acc340447c75d621fa7f6328d104f5c9aaeb7ec6e0,1.1321301699084119,0.0032198425708606054
weibull_softplus_unscaled@kappa_floor_link_flat15_fixed15,table9,external_development,0,-1,delphi_3e18_39bucket:9dd4959b60a619086be7a961944fc3ecdd885a9e689014e9469cefc96b05d519,1.2016339353197307,0.004886133937122532
weibull_softplus_unscaled@kappa_floor_link_flat15_fixed15,table9,external_development,0,-1,delphi_3e18_39bucket:9e9c69194eb0212d58b2cd82c37cfb3cd0425cc53145c90e62e8fdaa0146b72c,1.2321086108251766,0.004987006970799386
weibull_softplus_unscaled@kappa_floor_link_flat15_fixed15,table9,external_development,0,-1,delphi_3e18_39bucket:a06702de740002664665137e4b38e0b8da850b54fa2b60043b07648bc7865e0d,1.1960840867706286,0.0048913221645353056
weibull_softplus_unscaled@kappa_floor_link_flat15_fixed15,table9,external_development,0,-1,delphi_3e18_39bucket:a112249e06f01c4b89fb7ab08cab57efeda282d92742f4cc252467705cf190b3,1.1055979683887556,0.002430914669306614
weibull_softplus_unscaled@kappa_floor_link_flat15_fixed15,table9,external_development,0,-1,delphi_3e18_39bucket:a1a917b1981fc2cad2c2759dccf963b51fb941fd9816c49087f7b119545d4161,1.083982489106522,0.0018520881333037415
weibull_softplus_unscaled@kappa_floor_link_flat15_fixed15,table9,external_development,0,-1,delphi_3e18_39bucket:a2e9ef04947000c42a5fce44f079afd6c9a82405871f0ae796e3a23c09bdcd60,1.1777347992493319,0.02071321590104528
weibull_softplus_unscaled@kappa_floor_link_flat15_fixed15,table9,external_development,0,-1,delphi_3e18_39bucket:a33494886bea818345f1c4e736142dd31e9b8963c77dda49d14b97936f38ad95,1.178756331793854,0.008890391474199658
weibull_softplus_unscaled@kappa_floor_link_flat15_fixed15,table9,external_development,0,-1,delphi_3e18_39bucket:a446352f8ea28f09e4c49fbb12b233c435b553f9d70c492c7073b7bf49c30026,1.0856043015501546,0.0016645163257517602
weibull_softplus_unscaled@kappa_floor_link_flat15_fixed15,table9,external_development,0,-1,delphi_3e18_39bucket:a49233d8ca277189ab0cffa6075e2cba9b34d183388b505c02e9a17d70d7b1a8,1.178085664506129,0.00476088608349712
weibull_softplus_unscaled@kappa_floor_link_flat15_fixed15,table9,external_development,0,-1,delphi_3e18_39bucket:a65d5c88e37d14e7e1c7bc24772a174122d7735d5bb9401952c2c43a9e52bcb0,1.1940887714779866,0.004903378195928501
weibull_softplus_unscaled@kappa_floor_link_flat15_fixed15,table9,external_development,0,-1,delphi_3e18_39bucket:a6f8ee66180ee4f314eaefad2d4a4d32b2dca4cca30189c172ec69c8e429a20f,1.075155748085709,0.00426131828543463
weibull_softplus_unscaled@kappa_floor_link_flat15_fixed15,table9,external_development,0,-1,delphi_3e18_39bucket:a9443e4734c22f757147884341c62ae38299464729f87ed9ebc619cf23b893a1,1.19199053781116,0.005024292382414225
weibull_softplus_unscaled@kappa_floor_link_flat15_fixed15,table9,external_development,0,-1,delphi_3e18_39bucket:a9fad6c5f1a36df4b0cd5664cd0bb595654bf66783a68cba6267d2877016bdfc,1.1086723540230792,0.011161338090713768
weibull_softplus_unscaled@kappa_floor_link_flat15_fixed15,table9,external_development,0,-1,delphi_3e18_39bucket:acf47cd01afab11ff0fcb7160374abce76a2944fe7a7540d228c251e9321640d,1.082188908754303,0.0033938469965047527
weibull_softplus_unscaled@kappa_floor_link_flat15_fixed15,table9,external_development,0,-1,delphi_3e18_39bucket:ad6cc7dabe4a5d5d4ba13920311e4ef81127a10801519d719266222379ae77b0,1.0937634122805395,0.0014710205081803812
weibull_softplus_unscaled@kappa_floor_link_flat15_fixed15,table9,external_development,0,-1,delphi_3e18_39bucket:ae0dded03badca9af71c45d67446f487f2de6f1c7152b6c1a2d3ecada8a9d714,1.1916217846946515,0.004922540159628647
weibull_softplus_unscaled@kappa_floor_link_flat15_fixed15,table9,external_development,0,-1,delphi_3e18_39bucket:af23052e9bb0568d854252c7e9d912d01127effa106d2a440fdce6cbb8742532,1.0874305857419406,0.002877193459349398
weibull_softplus_unscaled@kappa_floor_link_flat15_fixed15,table9,external_development,0,-1,delphi_3e18_39bucket:b0cb7fc00e70c87e1210c38349ab8e80c514b61f5bf14e6e4d3a1e054d88183c,1.0852421630262161,0.002899523286880783
weibull_softplus_unscaled@kappa_floor_link_flat15_fixed15,table9,external_development,0,-1,delphi_3e18_39bucket:b1168e54ae7e32586bd89eeaf38a318cd349cbd8750efb93612a79f756b5f1f7,1.1954133748071687,0.0047590392892254505
weibull_softplus_unscaled@kappa_floor_link_flat15_fixed15,table9,external_development,0,-1,delphi_3e18_39bucket:b24484975c0fdb42bc7d421c371e91d35f685b6538fffc7050e857d97e5348ff,1.104891284457994,0.0027254281957002796
weibull_softplus_unscaled@kappa_floor_link_flat15_fixed15,table9,external_development,0,-1,delphi_3e18_39bucket:b2e9ddb8f35e322ed0b092df87cdc78e620b2de7818b2a7c9891ff0e9a2b2203,1.1108142815115953,0.006611604627640241
weibull_softplus_unscaled@kappa_floor_link_flat15_fixed15,table9,external_development,0,-1,delphi_3e18_39bucket:b3c3cd22e3dae4f77235a1bb86fcf08ae715bc018b78109510794e1bfbbec0d2,1.1062829066015136,0.0032323095524248186
weibull_softplus_unscaled@kappa_floor_link_flat15_fixed15,table9,external_development,0,-1,delphi_3e18_39bucket:b4019bdf109781eac2e9182593f4f84c5c51635d447918682e7ed12d25efdf1b,1.192986190836085,0.004922197183722495
weibull_softplus_unscaled@kappa_floor_link_flat15_fixed15,table9,external_development,0,-1,delphi_3e18_39bucket:b4db7f9f5c435c1903537d5c944758a1e93d54c6a0fa3ddd19122f4e7b7298a0,1.084723336655585,0.002028244163805865
weibull_softplus_unscaled@kappa_floor_link_flat15_fixed15,table9,external_development,0,-1,delphi_3e18_39bucket:b5ee1f40e4fe0358ac680a969cd93dfe1b00c483ee3b2d4ff4bc73bd6424437b,1.2736573067289159,0.0115693352073992
weibull_softplus_unscaled@kappa_floor_link_flat15_fixed15,table9,external_development,0,-1,delphi_3e18_39bucket:b6430b97f099d96863ae8ad7779c1bddc164c591ab12cc5ea266142e19a7cdfd,1.1923195651752632,0.005009053331456282
weibull_softplus_unscaled@kappa_floor_link_flat15_fixed15,table9,external_development,0,-1,delphi_3e18_39bucket:b785f71525744bfa0a8934b482dd570356bebd37292a9b70af0b1a2cf45d9e69,1.096119562821388,0.005976178166274843
weibull_softplus_unscaled@kappa_floor_link_flat15_fixed15,table9,external_development,0,-1,delphi_3e18_39bucket:b8bf59231f485a24fb35df8862c073595e1cb0cd30c999520e88797d047bfeda,1.1928130256069807,0.004935450545332978
weibull_softplus_unscaled@kappa_floor_link_flat15_fixed15,table9,external_development,0,-1,delphi_3e18_39bucket:b8c7bfd7161a0da8577d236f09c0ed25722a71943281d19f8b06065999e36ffd,1.1993500770396532,0.0048773773692536
weibull_softplus_unscaled@kappa_floor_link_flat15_fixed15,table9,external_development,0,-1,delphi_3e18_39bucket:bab1f73b1a1be66a924b70bb0fdb3a032f1ca3a1e246edb80c0f38d75143aed8,1.1924728293328246,0.004999588849572682
weibull_softplus_unscaled@kappa_floor_link_flat15_fixed15,table9,external_development,0,-1,delphi_3e18_39bucket:bd84fea18d97e337ca86db382439fe7990518cd6d78bfa8837b2e317c2bcd4ae,1.1918030556417558,0.0050375660476042255
weibull_softplus_unscaled@kappa_floor_link_flat15_fixed15,table9,external_development,0,-1,delphi_3e18_39bucket:bf919587f3da29d0e32d10ac8a4e6f6c80f5a696953a34e5d9856c2fce2ce46b,1.1933941425981756,0.0050558052098288045
weibull_softplus_unscaled@kappa_floor_link_flat15_fixed15,table9,external_development,0,-1,delphi_3e18_39bucket:c00c0d5d9f7b8d4f9d4a1f2f6845f4dd0f7effdd60e8da9e988daf574adff818,1.1589066770037548,0.024495146108153707
weibull_softplus_unscaled@kappa_floor_link_flat15_fixed15,table9,external_development,0,-1,delphi_3e18_39bucket:c08749305f6303b7d46f8c9478053948d5c036a6450977e8de388609b95a2443,1.1916569603642362,0.005157977846708673
weibull_softplus_unscaled@kappa_floor_link_flat15_fixed15,table9,external_development,0,-1,delphi_3e18_39bucket:c15c0a441754e3ca9b7ba442214315eb793714c1637ea6042915542863b4e52e,1.1916745709083778,0.00500905553011846
weibull_softplus_unscaled@kappa_floor_link_flat15_fixed15,table9,external_development,0,-1,delphi_3e18_39bucket:c404d7ca8f49357e32b5fe2d2331593e2c60a0fc7de1d05930f61c6534d6f758,1.1239511749177578,0.011961668209779727
weibull_softplus_unscaled@kappa_floor_link_flat15_fixed15,table9,external_development,0,-1,delphi_3e18_39bucket:c5ffa8e3d7c670e959036ab38016e0e17064fa12ac2fcba643c70b1ef25297b3,1.0964561605420844,0.004324710903116939
weibull_softplus_unscaled@kappa_floor_link_flat15_fixed15,table9,external_development,0,-1,delphi_3e18_39bucket:c6601f428a7e18377f34fa8ee9b58bb6a20e42c3abcadc04e7e64aef3ca82f2a,1.193975054800768,0.004906258822949387
weibull_softplus_unscaled@kappa_floor_link_flat15_fixed15,table9,external_development,0,-1,delphi_3e18_39bucket:c6cbc3ebaf486eecd75d04f449fdcc92c804765f512d2bceecde5c1aaa30dd39,1.1257083135644659,0.003092116507479055
weibull_softplus_unscaled@kappa_floor_link_flat15_fixed15,table9,external_development,0,-1,delphi_3e18_39bucket:c721e392dcf2947fea2da8fcf1ef91d058c717ffb8e74e8402734e31f22578fc,1.2475944225642868,0.005372584936393501
weibull_softplus_unscaled@kappa_floor_link_flat15_fixed15,table9,external_development,0,-1,delphi_3e18_39bucket:c8a7abc202e6fa1b3d7cc9e00542979084efdddd63313db5c25669da85ad2b19,1.086606456130168,0.001924944219646434
weibull_softplus_unscaled@kappa_floor_link_flat15_fixed15,table9,external_development,0,-1,delphi_3e18_39bucket:c8a7b68f3dd8d7d2600dc1e56fb8af9e5dcb176edc162738d4eaff7b540cd53b,1.0919109593801926,0.002986282922034422
weibull_softplus_unscaled@kappa_floor_link_flat15_fixed15,table9,external_development,0,-1,delphi_3e18_39bucket:ca5106858b9b57cf944d35ebd150b6feca9287a4f1d0cc9d182be3e623f00fa6,1.0979571974587619,0.002485965558879148
weibull_softplus_unscaled@kappa_floor_link_flat15_fixed15,table9,external_development,0,-1,delphi_3e18_39bucket:cb32fd5b0fd8a23c495ee8d05996c1926f4be32607954211152e0db19572b8c9,1.0938496278792302,0.0034285794148189793
weibull_softplus_unscaled@kappa_floor_link_flat15_fixed15,table9,external_development,0,-1,delphi_3e18_39bucket:cb466766fe3b5296e1b15a347ff4fd4692400efc5cce4a696639c2129805162a,1.120856875587331,0.003207362571818546
weibull_softplus_unscaled@kappa_floor_link_flat15_fixed15,table9,external_development,0,-1,delphi_3e18_39bucket:cc2d283f3d5584275c7938fd4a0fadb9bbd9543dc9b5ae965f2d87df95c479ff,1.134160447249671,0.003038500209745159
weibull_softplus_unscaled@kappa_floor_link_flat15_fixed15,table9,external_development,0,-1,delphi_3e18_39bucket:cce19bcdfb95a772d1f465a94498e69474d7f7235d46ab401d3d0543e73f9e3b,1.1920428852190361,0.005000683044284736
weibull_softplus_unscaled@kappa_floor_link_flat15_fixed15,table9,external_development,0,-1,delphi_3e18_39bucket:cd1cd78d6325f56e5c761e7042369262a032ce78f12fc6d47e4ebf1ce0894339,1.1063558242412541,0.004170463515665487
weibull_softplus_unscaled@kappa_floor_link_flat15_fixed15,table9,external_development,0,-1,delphi_3e18_39bucket:cd8eec34fcd41e0cd76c6ef4d520fa83d6c6b5a1828c92c8c556ba4c806a58e7,1.138460665987341,0.0033824925692672986
weibull_softplus_unscaled@kappa_floor_link_flat15_fixed15,table9,external_development,0,-1,delphi_3e18_39bucket:d097ba261d98ffe38b995691fc506821678d330c54b489b4d0e645e75c5e4e2e,1.0759725318663786,0.0032140035171195932
weibull_softplus_unscaled@kappa_floor_link_flat15_fixed15,table9,external_development,0,-1,delphi_3e18_39bucket:d0b59aacb13e8749a0d761af5008890d6865d701d8550e40a60ca86f2e67ccb2,1.0866167404074618,0.0024157638267422715
weibull_softplus_unscaled@kappa_floor_link_flat15_fixed15,table9,external_development,0,-1,delphi_3e18_39bucket:d160bb3271ba96668590d3b3c7781ad51718216823831c921585a8f73ffc9cf7,1.2274594760182216,0.0058128709514482695
weibull_softplus_unscaled@kappa_floor_link_flat15_fixed15,table9,external_development,0,-1,delphi_3e18_39bucket:d1926d64591176c8020bee54efe637a248f4f8f8bf927613049d062dccff4228,1.1952315481668578,0.004842021785816709
weibull_softplus_unscaled@kappa_floor_link_flat15_fixed15,table9,external_development,0,-1,delphi_3e18_39bucket:d22385a3b372ad3742331c911e6df47b6459dcc8f7e6ce58cd5dfc1ca901a754,1.1955110855661026,0.0047828520264711375
weibull_softplus_unscaled@kappa_floor_link_flat15_fixed15,table9,external_development,0,-1,delphi_3e18_39bucket:d2cb05198ef956cc89df9b6aee5c76ace3aa353ea2a7316011503bff3c873c17,1.1280955012646214,0.0024133269550307267
weibull_softplus_unscaled@kappa_floor_link_flat15_fixed15,table9,external_development,0,-1,delphi_3e18_39bucket:d3a383c91e3c36378540e209e50999c8d005ae2b08fa6bcda7f383834b2d5dd7,1.117468563762943,0.0022672662885419113
weibull_softplus_unscaled@kappa_floor_link_flat15_fixed15,table9,external_development,0,-1,delphi_3e18_39bucket:d3b53955f30411b3c382fe4844d1526d3c14d09844153a940230c4beceeddb73,1.0985494087868144,0.0019499285660908889
weibull_softplus_unscaled@kappa_floor_link_flat15_fixed15,table9,external_development,0,-1,delphi_3e18_39bucket:d3ffb3bd8e28eedb08376603e2c85cc3e83cc89ca533199775e943278e32c509,1.0845456557008792,0.002754832010829933
weibull_softplus_unscaled@kappa_floor_link_flat15_fixed15,table9,external_development,0,-1,delphi_3e18_39bucket:d6c7da8dacb3efe4cbd45ee0cdd899a5a606cc57be51472b188809093554e699,1.1920334974343487,0.0050633215354093765
weibull_softplus_unscaled@kappa_floor_link_flat15_fixed15,table9,external_development,0,-1,delphi_3e18_39bucket:d6f6db3e0cc1a598f7eb00a7cdd40d78f821a9336eb0eaafc14da93a04575fc5,1.2220228790912353,0.005723823931984696
weibull_softplus_unscaled@kappa_floor_link_flat15_fixed15,table9,external_development,0,-1,delphi_3e18_39bucket:d82c377f5bda11f52b93db01e55fa25c844255cf016ad96b80cba7cc1e618d90,1.2032818954431201,0.0046209961230117245
weibull_softplus_unscaled@kappa_floor_link_flat15_fixed15,table9,external_development,0,-1,delphi_3e18_39bucket:d87d478ea93a73fe0faec12048b20970bdefd41aa65888c79d1d35c24ec3556f,1.2038420631917583,0.004945518631515748
weibull_softplus_unscaled@kappa_floor_link_flat15_fixed15,table9,external_development,0,-1,delphi_3e18_39bucket:d941fe99995a0f675ffc09f1d7883ac2d032a87a00fdfc22e934c5e5ca0b3452,1.2144203100966693,0.004154371738053826
weibull_softplus_unscaled@kappa_floor_link_flat15_fixed15,table9,external_development,0,-1,delphi_3e18_39bucket:da68fd5e623c705387752f321a8116e319a7ae87670618ba096558effd2df550,1.1064245241651416,0.0024648738920967964
weibull_softplus_unscaled@kappa_floor_link_flat15_fixed15,table9,external_development,0,-1,delphi_3e18_39bucket:dac1e0885f0941e15f72456af8f56424e1b8630c37344b54346219c98f5c5f0b,1.08897968190005,0.0024414283248632785
weibull_softplus_unscaled@kappa_floor_link_flat15_fixed15,table9,external_development,0,-1,delphi_3e18_39bucket:dc1f33b2668dfbb787d82df7f8e734431a829bbec2fbf8e9888d6eb582289a3d,1.0848727392834125,0.0033833716729217366
weibull_softplus_unscaled@kappa_floor_link_flat15_fixed15,table9,external_development,0,-1,delphi_3e18_39bucket:de0e4fef934b64c948d7c068f622295aabe99cb83c95ee0ad68b73c366c57402,1.134200838426108,0.0022507818748794713
weibull_softplus_unscaled@kappa_floor_link_flat15_fixed15,table9,external_development,0,-1,delphi_3e18_39bucket:e0965c961694035e43a1da45a771f8e07c074674ecad18c76460f7ac0eef2137,1.1388559227668535,0.002888289093286289
weibull_softplus_unscaled@kappa_floor_link_flat15_fixed15,table9,external_development,0,-1,delphi_3e18_39bucket:e0a4d646094bff9aad92ca04cd9c5ca30c296001c0b7d65c3c20a1df0bd8ef08,1.2038330482474209,0.005419389736246113
weibull_softplus_unscaled@kappa_floor_link_flat15_fixed15,table9,external_development,0,-1,delphi_3e18_39bucket:e283e505de0059b81a2b58a66a9af312bc1f3c7a7440e50c3fdcb3ff8213a34f,1.2193929824547376,0.0052168379659482495
weibull_softplus_unscaled@kappa_floor_link_flat15_fixed15,table9,external_development,0,-1,delphi_3e18_39bucket:e29801c3f5ba907bd5cc224343efa34e4693142ccec5ad71fd943c60b2b3a689,1.1854089980989353,0.004845835994326145
weibull_softplus_unscaled@kappa_floor_link_flat15_fixed15,table9,external_development,0,-1,delphi_3e18_39bucket:e371bb5a7b5ad1a86dec663c9450a27400d377093eb89ae1812af20716ad2945,1.0917621438112453,0.0035387085908779466
weibull_softplus_unscaled@kappa_floor_link_flat15_fixed15,table9,external_development,0,-1,delphi_3e18_39bucket:e5053e4f4ef86036c3ebe93d055c63ec2da1a1a029cde76ea807a3890d0fd10c,1.0902335583286784,0.003066938533041435
weibull_softplus_unscaled@kappa_floor_link_flat15_fixed15,table9,external_development,0,-1,delphi_3e18_39bucket:e539e936365493312d15f1130d1c083871a779dc98689047fcb9d5ebd05191ce,1.1077945078050297,0.0027626686154940943
weibull_softplus_unscaled@kappa_floor_link_flat15_fixed15,table9,external_development,0,-1,delphi_3e18_39bucket:e55f4d10b3aedd9111e412c962fa53c063269d47d4571a980ba950ed937266ad,1.1926429144396433,0.004977993792950292
weibull_softplus_unscaled@kappa_floor_link_flat15_fixed15,table9,external_development,0,-1,delphi_3e18_39bucket:e65243af3fc92306e4aa4ea80d2c3f7aa6058bba97560ecd10959066d8d64383,1.2448665490305877,0.007185876285178144
weibull_softplus_unscaled@kappa_floor_link_flat15_fixed15,table9,external_development,0,-1,delphi_3e18_39bucket:e7d55ec7f15fc194cb4e857322dc1533eddb16463ccf163eabfcdd530a051d5e,1.0994864292976203,0.0021449585755852875
weibull_softplus_unscaled@kappa_floor_link_flat15_fixed15,table9,external_development,0,-1,delphi_3e18_39bucket:e890ab2bc556a0858503bfe95cb5a9f21eb6c1c6dc14818358fbe0f1f321f9eb,1.1922146467450832,0.00500082390123563
weibull_softplus_unscaled@kappa_floor_link_flat15_fixed15,table9,external_development,0,-1,delphi_3e18_39bucket:e8cac18abed6dd3d662e4660ad3b431000e291340c4fe937b2937ad6a00fdb1c,1.1965303766810673,0.004705285191986861
weibull_softplus_unscaled@kappa_floor_link_flat15_fixed15,table9,external_development,0,-1,delphi_3e18_39bucket:e8df5e6e4d008b052d6e1ad64acc1fec9b2a47d27ba17bf21c0cd6d7b4b6cad5,1.08592415125049,0.0029099155837511528
weibull_softplus_unscaled@kappa_floor_link_flat15_fixed15,table9,external_development,0,-1,delphi_3e18_39bucket:e8e86e247324e07114d17c3fe9b93415a22bc9d717bbeb492e8a949f59ffc574,1.2035176826803324,0.004052448011722078
weibull_softplus_unscaled@kappa_floor_link_flat15_fixed15,table9,external_development,0,-1,delphi_3e18_39bucket:e94c007e41ca009494ae3d9ae036d21271d6bb27b49c3b9d77a9d9148a879241,1.122114893347562,0.0029188351237876245
weibull_softplus_unscaled@kappa_floor_link_flat15_fixed15,table9,external_development,0,-1,delphi_3e18_39bucket:e94c9cbd4ee682a9780bbcea3bf6df3497572253ed953eef164fa75ea4f66a2c,1.2330667875165024,0.004644838264624787
weibull_softplus_unscaled@kappa_floor_link_flat15_fixed15,table9,external_development,0,-1,delphi_3e18_39bucket:e9c1eda31f2f4a0c52041968162f0f0ce4999866274b5690e4e05fda24a4bc2d,1.099052652676533,0.002385571041898168
weibull_softplus_unscaled@kappa_floor_link_flat15_fixed15,table9,external_development,0,-1,delphi_3e18_39bucket:ea37effb52c1862ed6fafb478558f7d891c703943be66cd2416bd5c491bf7f6b,1.0830617580271271,0.0031742139280480823
weibull_softplus_unscaled@kappa_floor_link_flat15_fixed15,table9,external_development,0,-1,delphi_3e18_39bucket:ea6e21bef589c2d52505ca81bef558a5da03e4625174320ea8242417e2382d77,1.1887566165085826,0.004945851725280843
weibull_softplus_unscaled@kappa_floor_link_flat15_fixed15,table9,external_development,0,-1,delphi_3e18_39bucket:ec06eca900d6ea9ba81679ee6cca83871b018289aec1505cba76db1fc87b6802,1.2364464137400573,0.005070526106917866
weibull_softplus_unscaled@kappa_floor_link_flat15_fixed15,table9,external_development,0,-1,delphi_3e18_39bucket:ee02c34fe2e5760160a4803e862cb1c4a623ee45da4d9adfdaa5aa9483dc78e3,1.196111185308096,0.00467613506114406
weibull_softplus_unscaled@kappa_floor_link_flat15_fixed15,table9,external_development,0,-1,delphi_3e18_39bucket:ef9f6cff6e4ea378dedecb72fceac0bdaad839d03f007c4afe577e29dbb99b4e,1.097910931556507,0.00446067556111706
weibull_softplus_unscaled@kappa_floor_link_flat15_fixed15,table9,external_development,0,-1,delphi_3e18_39bucket:effc4e48644f5aac8669d7cfde80db853124d6263860d16ab4f3958b1ac4eeb5,1.1435001874331232,0.0036928696665818636
weibull_softplus_unscaled@kappa_floor_link_flat15_fixed15,table9,external_development,0,-1,delphi_3e18_39bucket:f232b9fe34f7b04ebbfe91eb3239213c0003a3e608e279780f47e6c545811bb3,1.1960480152262554,0.004871257086544365
weibull_softplus_unscaled@kappa_floor_link_flat15_fixed15,table9,external_development,0,-1,delphi_3e18_39bucket:f387ec3241cb7be9b883e93ed53e1940f5fbf725f14ef13b1c76e1634c9e0704,1.2483434183056277,0.00471847459802836
weibull_softplus_unscaled@kappa_floor_link_flat15_fixed15,table9,external_development,0,-1,delphi_3e18_39bucket:f597d4a7586698fbbc1b854337589ff532c04fd4a54699ae6665043e95934555,1.0983077312008143,0.003010834996779411
weibull_softplus_unscaled@kappa_floor_link_flat15_fixed15,table9,external_development,0,-1,delphi_3e18_39bucket:f8a8e264e7f30fe85c514e532e5f6bce8d2037da8458a757b0383f7dbf072f25,1.1893901540151632,0.004861139819553103
weibull_softplus_unscaled@kappa_floor_link_flat15_fixed15,table9,external_development,0,-1,delphi_3e18_39bucket:f9bb0369b872fcb08e26e8d0629e52b1cb543956824511bc69a1d81d84b8e766,1.1066052735301561,0.003012992822938481
weibull_softplus_unscaled@kappa_floor_link_flat15_fixed15,table9,external_development,0,-1,delphi_3e18_39bucket:f9e349b2e05d04e16162ae18c9cde10806824cee16faba2af2564f533559151d,1.1852271176994402,0.004858889845376727
weibull_softplus_unscaled@kappa_floor_link_flat15_fixed15,table9,external_development,0,-1,delphi_3e18_39bucket:f9e5fad6cd843eef1ec963c775019a7ed2d37fb9fc6d6458f98c8bb15b000248,1.2230353960527665,0.0064291512099838724
weibull_softplus_unscaled@kappa_floor_link_flat15_fixed15,table9,external_development,0,-1,delphi_3e18_39bucket:fa0294460f0573041da6b1435affe244e46d5459cf24f4d451fa7776c77261f6,1.0960174273285421,0.004853116979661333
weibull_softplus_unscaled@kappa_floor_link_flat15_fixed15,table9,external_development,0,-1,delphi_3e18_39bucket:fafbc2ba18f1c7971ddf8e7eff5f92f1b11469cf1d80181209696d8655812553,1.2030642852304063,0.004723838588706033
weibull_softplus_unscaled@kappa_floor_link_flat15_fixed15,table9,external_development,0,-1,delphi_3e18_39bucket:fb8cb11729c2b4e023d88d084293e65ec1f03e521aada50a0bde80863e530aa8,1.1279556928044228,0.0032412877392770044
weibull_softplus_unscaled@kappa_floor_link_flat15_fixed15,table9,external_development,0,-1,delphi_3e18_39bucket:fd1878ded789f2edc41ab9255de95e0c7d881b315872d556b913e69f7cf031fc,1.0871282138586418,0.0027547314612829236
weibull_softplus_unscaled@kappa_floor_link_flat15_fixed15,table9,external_development,0,-1,delphi_3e18_39bucket:ff65381e6c6fa2fd41b3444cc7dae32b0a07f1eaf50d99b9dc409da261b0a1ac,1.2146451088127121,0.004375057995553602
