{
  "variant": "dsp_phase_benefit_no_penalty_nnls",
  "params": {
    "rho": [
      0.13345274361252146,
      0.027893304034369,
      0.02533842062580098,
      0.8242861180748031,
      0.35392289399660265,
      0.029669510122106467,
      0.06997189714486327,
      0.03553759098952821,
      0.15407103119518847,
      0.07605204097148047,
      0.2323852133178841,
      0.7953923188914231,
      0.2986672438533743,
      1.130946247839857,
      0.011205727964901093,
      0.07000553068718114,
      0.5221946363572958,
      2.0,
      0.27800013753884883,
      0.19200138247919096,
      0.10481649842573432,
      0.2464275755813682,
      0.37124787471733167,
      1.2364619230066096,
      0.007458195769037206,
      0.39425029808429113,
      1.1249756196880187,
      0.020438619671649866,
      0.6271643864210756,
      0.01144275858520401,
      0.7463416588684392,
      0.48337317381541756,
      0.449146224795595,
      0.02265853929431156,
      0.2191378007043478,
      0.1466692877414162,
      0.08437092684533512,
      1.999943015888939,
      0.004155231771776258
    ],
    "gamma": 1.817979346655653
  },
  "intercept": 1.332929332367085,
  "benefit_coef": [
    0.013239409837797929,
    0.07508171696437406,
    0.028907027441554357,
    0.010310518481868891,
    0.009370580850103722,
    0.18030928549472278,
    0.019418003746750307,
    0.07286436512079263,
    0.008242803687072517,
    0.11914596750607685,
    0.01147416573354764,
    0.021778736368234082,
    0.01850098162370434,
    0.006086977580058916,
    0.08726424039227197,
    0.07400567417097119,
    0.0026876838933817208,
    0.011031472606133696,
    0.013782894251963945,
    0.024792790046124377,
    0.003882197103186835,
    0.011586216557949032,
    0.003183263476933214,
    0.013992790721513845,
    0.1621831919338028,
    0.023086808661728603,
    0.009867877368897736,
    0.018425704109307637,
    0.039906123686536094,
    0.0,
    0.04340847016124304,
    0.019775333997383605,
    0.043450268817882005,
    0.0,
    0.006290551362865323,
    0.00021874492531222573,
    0.012321936054648996,
    0.016124172543214712,
    0.13540667234599754
  ],
  "penalty_coef": [
    0.0,
    0.0,
    0.0,
    0.0,
    0.0,
    0.0,
    0.0,
    0.0,
    0.0,
    0.0,
    0.0,
    0.0,
    0.0,
    0.0,
    0.0,
    0.0,
    0.0,
    0.0,
    0.0,
    0.0,
    0.0,
    0.0,
    0.0,
    0.0,
    0.0,
    0.0,
    0.0,
    0.0,
    0.0,
    0.0,
    0.0,
    0.0,
    0.0,
    0.0,
    0.0,
    0.0,
    0.0,
    0.0,
    0.0
  ],
  "metrics": {
    "variant": "dsp_phase_benefit_no_penalty_nnls",
    "description": "Tests whether explicit overexposure penalties are needed.",
    "phase_mode": "benefit_gain",
    "retention_mode": "none",
    "penalty_mode": "none",
    "linear_mode": "nnls",
    "m_dependent_params_per_domain": 2,
    "total_param_count": 80,
    "fitted_gamma": 1.817979346655653,
    "fitted_gamma_benefit": 1.817979346655653,
    "fitted_gamma_saturation": 1.0,
    "fitted_gamma_penalty": 1.0,
    "fitted_lam": NaN,
    "train_rmse": 0.008959512110890829,
    "train_spearman": 0.8733527487456823,
    "train_pearson": 0.8854505812763009,
    "cv_rmse": 0.011118411130153437,
    "cv_mae": 0.008519302160379822,
    "oof_spearman": 0.8050821302424472,
    "oof_pearson": 0.8191195242006326,
    "cv_foldmean_regret_at_1": 0.009597015380859419,
    "cv_regret_at_1": 0.0,
    "lower_tail_optimism": 0.004379371172981948,
    "raw_predicted_optimum_value": 0.9485879598534284,
    "raw_nearest_observed_tv": 0.6337364804010996,
    "raw_nearest_observed_run_name": "run_00053",
    "raw_nearest_observed_value": 1.102834939956665,
    "raw_phase0_support_gt_1e3": 15,
    "raw_phase1_support_gt_1e3": 6,
    "phase0_max_weight": 0.14601849981739243,
    "phase1_max_weight": 0.3426389674752119,
    "optimum_success": true,
    "optimum_message": "CONVERGENCE: NORM OF PROJECTED GRADIENT <= PGTOL"
  }
}
