model,mixtures_checked,N_grid_steps,D_grid_steps,N_monotonicity_violations,D_monotonicity_violations,min_loss_drop_when_increasing_N,min_loss_drop_when_increasing_D,analytic_positive_head_monotonicity,min_A_N_head,min_B_D_head,min_C_ND_head,max_C_ND_head,median_C_ND_head
mct_lrq69_drop_Dfam,83,1660,1660,0,0,0.037587398376785486,0.0009142916530122669,True,0.41989903194446726,0.0011712947235743632,0.0024824348769423026,0.0024824348769423026,0.0024824348769423026
mct_lrq75_drop_Nfam_Dfam,83,1660,1660,0,0,0.002897146561103847,0.0016488719170246746,True,0.03227014052251059,0.0010039409321991278,0.004847400256998595,0.004847400256998595,0.004847400256998595
mct_lrq69_balanced_Dfam,83,1660,1660,0,0,0.037690243547719327,0.0005443073366293572,True,0.4382551167789636,0.0008520073858603693,0.0013158882647527805,0.0013158882647527805,0.0013158882647527805
mct_lrq75_balanced_Nfam_Dfam,83,1660,1660,0,0,0.0034354264648204236,0.001421655461559812,True,0.03988674243048438,0.0007220255901179028,0.004107422206624815,0.004107422206624815,0.004107422206624815
