{
  "variant": "dsp_phase_benefit_saturation_nnls",
  "params": {
    "rho": [
      0.0002378391717278611,
      0.23571161794116657,
      0.026781217774319802,
      0.07013205913849767,
      0.613502433173757,
      0.004494336328136186,
      1.076634282727109,
      2.0,
      1.9882595465890012,
      1.9018018372479109,
      1.0386149546841332,
      2.0,
      2.0,
      0.08759632726891253,
      0.11471850419821224,
      2.0,
      1.606384272327282,
      0.11001367431463273,
      0.9456836981337879,
      0.04523739537713918,
      0.9465512039651133,
      0.022265597190723817,
      0.3196118037332223,
      0.09617213761695867,
      1.2078598344685358,
      0.1579257078826015,
      0.3343907680412312,
      0.36942460158517504,
      0.3423335124697129,
      0.022261942116294706,
      0.8497864603006724,
      0.15373880628953737,
      0.2454373186278971,
      0.044924499889436066,
      0.07583889044453518,
      0.24034978322777373,
      0.0029709707623915573,
      0.16706100183021927,
      0.07789252086686771
    ],
    "tau": [
      4.193627074921024,
      3.3988213147487287,
      0.9603337884540614,
      1.3426628676076846,
      0.9108344037221834,
      -2.0,
      -0.868445031810012,
      -1.9357799603258006,
      1.2866624379580465,
      -0.9315171822616164,
      1.2072350993170666,
      -2.0,
      -2.0,
      1.7779624936703244,
      -1.3181020995148627,
      0.12107041520842741,
      -0.6655441562192277,
      -0.4361273219536179,
      1.2931826507737978,
      1.782796239038321,
      0.7701688040408798,
      4.185948897329326,
      -1.0224925216590766,
      3.240974647363743,
      4.3505677047964,
      -1.2932894116656712,
      1.4271569100140988,
      1.6994157327649604,
      2.292067297181951,
      4.4018758498764425,
      -0.14783265568890228,
      -1.7282559484528108,
      0.8782886640093737,
      6.538269213893166,
      3.100817279845122,
      3.2185809557671394,
      2.11458924441231,
      0.7141901539574232,
      3.824380429672807
    ],
    "gamma_benefit": 72.00690086592435,
    "gamma_saturation": 0.6901964088224186
  },
  "intercept": 0.7981070930268236,
  "benefit_coef": [
    0.3494171654094275,
    0.000755660769531206,
    0.0026137859334734678,
    0.0030668713059516855,
    0.00038636568055216573,
    0.11202941724436154,
    0.0002402009493557383,
    0.00011441101412388629,
    0.00017789641180122694,
    0.0005159036260276859,
    0.000233697429112248,
    0.0007585858176266734,
    0.0002418990692442248,
    0.0027263104882147924,
    0.0011537037376178917,
    0.00022330184943712396,
    0.00019373255754450284,
    0.0058416877702894415,
    0.000338160079072805,
    0.005326810854332477,
    0.00018440842306485295,
    0.004355644101761735,
    0.00018081026510907746,
    0.0053512706832746235,
    0.0001967150501668476,
    0.003806026477847394,
    0.0009407772796417149,
    0.00022847987495761647,
    0.0029908888715666033,
    0.0,
    0.0025231806858857625,
    0.00387158259316546,
    0.0033323102432232877,
    0.0,
    0.0012282139141704131,
    0.00027861181494757433,
    0.014894088540556611,
    0.007964465321960641,
    0.00042447319988069725
  ],
  "penalty_coef": [
    0.21736465379990466,
    0.4147320597541849,
    0.006160575942884127,
    0.026157187086395875,
    0.006464765001826821,
    0.0040480032942607665,
    0.0026162699266015473,
    0.0021221434828596177,
    0.006501458332889303,
    0.0069657627461763615,
    0.02276607481955761,
    0.005199551808544786,
    0.003024942022681073,
    0.07214417187650336,
    0.002477030235312539,
    0.0064777548758783105,
    0.0028149818408858066,
    0.014246317513367607,
    0.03609173536650055,
    0.04009478480950362,
    0.0026339031636159983,
    1.6946907655633767,
    0.0012808167561001204,
    1.8297721887070544,
    0.7762837052135758,
    0.004637252857440256,
    0.01982483014460488,
    0.006682701686743333,
    0.05248693414126873,
    0.024607200087955416,
    0.03492997901273978,
    0.0027256530162268556,
    0.003882284194766355,
    0.8820273766897126,
    0.017814745635125553,
    0.02158885180179654,
    0.007475793358804681,
    0.049676159494063794,
    0.1961596565232201
  ],
  "metrics": {
    "variant": "dsp_phase_benefit_saturation_nnls",
    "description": "Canonical DSP plus a separate phase-1 saturation multiplier; penalty exposure remains phase-neutral.",
    "phase_mode": "benefit_saturation",
    "retention_mode": "none",
    "penalty_mode": "log_softplus_squared",
    "linear_mode": "nnls",
    "m_dependent_params_per_domain": 4,
    "total_param_count": 159,
    "fitted_gamma": NaN,
    "fitted_gamma_benefit": 72.00690086592435,
    "fitted_gamma_saturation": 0.6901964088224186,
    "fitted_gamma_penalty": 1.0,
    "fitted_lam": NaN,
    "train_rmse": 0.0055373285023053685,
    "train_spearman": 0.9615493549857941,
    "train_pearson": 0.9543802171770436,
    "cv_rmse": 0.008286749908240567,
    "cv_mae": 0.006292061067789917,
    "oof_spearman": 0.9121192223166322,
    "oof_pearson": 0.8964181353956542,
    "cv_foldmean_regret_at_1": 0.0002006411552428755,
    "cv_regret_at_1": 0.00022238492965698242,
    "lower_tail_optimism": 0.004175582371122681,
    "raw_predicted_optimum_value": 0.746936944497608,
    "raw_nearest_observed_tv": 0.49999999999999994,
    "raw_nearest_observed_run_name": "baseline_stratified",
    "raw_nearest_observed_value": 0.9688005447387696,
    "raw_phase0_support_gt_1e3": 6,
    "raw_phase1_support_gt_1e3": 7,
    "phase0_max_weight": 0.9465569043758582,
    "phase1_max_weight": 0.42140946557832093,
    "optimum_success": true,
    "optimum_message": "CONVERGENCE: NORM OF PROJECTED GRADIENT <= PGTOL"
  }
}
