{
  "variant": "dsp_saturation_only_penalty_nnls",
  "params": {
    "rho": [
      0.002191815662122313,
      0.00022437430416614703,
      1.3553424879804221,
      0.057344447286568435,
      0.02651194127430116,
      0.04541223808358341,
      1.2456442314104155,
      0.8264384260305989,
      0.28397721846522456,
      0.11012100150392039,
      0.32321443055545596,
      0.5410798853766468,
      0.09783749393267437,
      0.42899871932596906,
      0.005422541261434261,
      0.14857589436804672,
      0.012167949763988484,
      0.16746636020207967,
      0.22800512597455355,
      2.0,
      0.2592566587785863,
      0.806104859224829,
      0.21084474069785072,
      0.03962785636382392,
      0.9940468899146792,
      0.00010002157282087298,
      0.01374649708675359,
      0.1457662010137967,
      0.019178695890428806,
      0.012985949883719225,
      0.13867609227847122,
      0.001928634749403093,
      0.024355345815953344,
      0.03279998405317061,
      0.008080941778222923,
      0.1882298776434285,
      0.11973352706282167,
      0.05139079739123424,
      0.5809532131706675
    ],
    "tau": [
      4.633393929694696,
      -0.6090781730348218,
      -0.9136902712847831,
      -0.6791115881429753,
      2.638451732525094,
      -0.3650837050490809,
      0.38629484029478217,
      -0.1512215682378489,
      1.7096796301931803,
      -1.1971099778772847,
      0.4193248741612853,
      -0.2020632164149383,
      -0.6678154219333314,
      -0.8289140275706757,
      -1.9544765777885547,
      -1.5718930670018951,
      -2.0,
      0.14309615292817568,
      -0.33869836431732975,
      0.45675121518623396,
      0.5129755315574928,
      5.1658687762298925,
      -0.18593092338848774,
      2.991554356784577,
      0.9574782094631784,
      -1.9650403655393927,
      2.4046495067166327,
      1.2218430422428,
      2.775177061775566,
      5.337590743091564,
      -1.2651710094333322,
      -0.1535453975407518,
      1.4122416394906516,
      4.822985961271876,
      5.619736575792735,
      4.032692814968854,
      6.043552560103901,
      -0.8414541130632914,
      2.2489090595870573
    ],
    "gamma_saturation": 99.98193042105915
  },
  "intercept": 0.8365458612456371,
  "benefit_coef": [
    0.021598481604142926,
    0.23138801702208472,
    0.032938122478438435,
    0.0048129907408074775,
    0.0025166022507802747,
    0.00220125303831342,
    0.0,
    0.0007907159149712129,
    0.0023848263742137616,
    0.004412570388108402,
    0.0,
    0.004517779815970222,
    0.0,
    0.0,
    0.004333375199264565,
    0.0,
    0.0056779820867313745,
    0.0019155782551697636,
    0.005708618822654528,
    0.0,
    0.0,
    0.0,
    0.0,
    0.006157789359948037,
    0.0,
    1.8295591359671552,
    0.010399785178181797,
    0.0,
    0.04118442888367516,
    0.0,
    0.009523212117555876,
    0.12362215346491696,
    0.033847048747166084,
    0.0,
    0.019603999430575135,
    0.0,
    0.0,
    0.017045840678925922,
    0.0
  ],
  "penalty_coef": [
    0.2361200011045983,
    0.0020683377324838647,
    0.0014535725485282645,
    0.002917323049501945,
    0.0653958900644949,
    0.006676776730225002,
    0.008312201452905071,
    0.005372756582604807,
    0.008914915011561695,
    0.004729689517293631,
    0.007673985251793934,
    0.012899939756504948,
    0.005570451195389108,
    0.0027032248418030957,
    0.0013418151370536546,
    0.001990924734063921,
    0.0013278582248748198,
    0.020920823709126776,
    0.005958948225501949,
    0.005009079462907943,
    0.0027796677031665103,
    9.292925914300882,
    0.0020750436479880746,
    0.8324881098597576,
    0.006731488437594072,
    0.0020003446112479644,
    0.06344817419204535,
    0.0043776151819698,
    0.05551881312857958,
    0.07145945460691436,
    0.011022364846600529,
    0.004052427641875434,
    0.0,
    0.04666873508516602,
    1.0040749146325965,
    0.06465433911086362,
    2.3548092504048466,
    0.0051819822629833165,
    0.016139432367158344
  ],
  "metrics": {
    "variant": "dsp_saturation_only_penalty_nnls",
    "description": "Tests whether phase effects are mainly faster saturation, without a benefit premium or penalty premium.",
    "phase_mode": "saturation_only",
    "retention_mode": "none",
    "penalty_mode": "log_softplus_squared",
    "linear_mode": "nnls",
    "m_dependent_params_per_domain": 4,
    "total_param_count": 158,
    "fitted_gamma": NaN,
    "fitted_gamma_benefit": 0.0,
    "fitted_gamma_saturation": 99.98193042105915,
    "fitted_gamma_penalty": 1.0,
    "fitted_lam": NaN,
    "train_rmse": 0.006267217296091775,
    "train_spearman": 0.9360383668192043,
    "train_pearson": 0.9411639970278239,
    "cv_rmse": 0.00952477742231756,
    "cv_mae": 0.007137769235168303,
    "oof_spearman": 0.866683939863872,
    "oof_pearson": 0.8623659324745383,
    "cv_foldmean_regret_at_1": 0.0038028359413146973,
    "cv_regret_at_1": 0.013360619544983021,
    "lower_tail_optimism": 0.004584687545367396,
    "raw_predicted_optimum_value": 0.7661400220895425,
    "raw_nearest_observed_tv": 0.5,
    "raw_nearest_observed_run_name": "baseline_stratified",
    "raw_nearest_observed_value": 0.9688005447387696,
    "raw_phase0_support_gt_1e3": 1,
    "raw_phase1_support_gt_1e3": 17,
    "phase0_max_weight": 0.9999999899968565,
    "phase1_max_weight": 0.43730349430989934,
    "optimum_success": true,
    "optimum_message": "CONVERGENCE: NORM OF PROJECTED GRADIENT <= PGTOL"
  }
}
