{
  "variant": "dsp_penalty_phase_only_nnls",
  "params": {
    "rho": [
      0.32270796547408165,
      1.8344909097277657,
      1.626586435901133,
      1.9999987319969847,
      1.5614419686783505,
      1.9999999903507717,
      1.3275675154244297,
      1.2579297833760539,
      2.0,
      1.962659728791246,
      1.2109571850029641,
      1.809156229900436,
      1.6891539441433625,
      1.0166487724334465,
      2.0,
      1.1188434164400656,
      2.0,
      1.9761578683725385,
      0.5020572496601919,
      1.0758654721592782,
      1.448122998621704,
      2.0,
      1.2534332996993793,
      1.7125659797942336,
      2.0,
      2.0,
      1.9181029136083496,
      0.9071359701098277,
      2.0,
      0.04419031190517042,
      1.7659073248788186,
      1.9702044449192369,
      1.5383648834310533,
      0.2599746119198982,
      0.49671163802568874,
      0.5865250896225694,
      0.5483761491699509,
      1.98219517992283,
      1.1900781972832746
    ],
    "tau": [
      3.2113599378535156,
      1.319367591454651,
      2.0708455639840073,
      3.1599279559159195,
      1.562393786915402,
      -0.9101971973365268,
      1.1226018560891584,
      1.0863038879524156,
      1.0089130276131963,
      0.12039758004013,
      0.8437435887579925,
      1.7196851672434772,
      0.3931095000396473,
      -0.023904088748732195,
      1.6733041163399436,
      1.181756029321617,
      2.0638375659906636,
      0.16602491259688482,
      0.9473668347523708,
      1.6825613424586192,
      2.3136594979433265,
      1.901896538889159,
      2.842993755677231,
      1.4368683468157808,
      2.2864428768995593,
      1.9041908259864526,
      3.675425633706743,
      3.2214267583300917,
      3.2438588948565847,
      3.4671081100229926,
      -0.12073710599642917,
      2.0918904845793005,
      2.596390083378692,
      3.682485881617075,
      6.548435628706649,
      4.073114818694296,
      3.480066199706603,
      1.7764704366760014,
      2.5252362089850218
    ],
    "gamma_penalty": 7.789507918197342
  },
  "intercept": 0.7380003708127005,
  "benefit_coef": [
    0.0057817751350962105,
    0.001642748412615206,
    0.0,
    0.0,
    0.006271856786213368,
    0.0,
    0.0009317713774661935,
    0.0023869293103374063,
    0.0,
    0.00021836150100918285,
    0.004813044361505883,
    0.0029265143893740992,
    0.002340512679149003,
    0.010085092470229198,
    0.0,
    0.0044872003686072266,
    0.0,
    0.001372063506654464,
    0.006606620097085846,
    0.0027859693940185657,
    0.0011953875644811018,
    0.004773625531970448,
    0.0,
    0.0017319867395695066,
    0.0,
    0.0,
    0.0,
    0.0,
    0.02001621748750708,
    0.0,
    0.014921487205460533,
    0.0,
    0.014594923587092662,
    0.0,
    0.006403967958192712,
    0.0,
    0.0,
    0.0,
    0.0
  ],
  "penalty_coef": [
    0.030176098057795534,
    0.017845420879631837,
    0.017180794900472807,
    0.2831179838938611,
    0.012400730943307505,
    0.005595563993185545,
    0.01756857445710202,
    0.017032685839406654,
    0.008397255916402868,
    0.01830542090950878,
    0.016726760864479558,
    0.1948243810573452,
    0.014297098996139863,
    0.009007565976382945,
    0.018364471736500496,
    0.032182344281645334,
    0.033826548094275224,
    0.018693546365371117,
    0.021926740761329482,
    0.03063073341225556,
    0.016588491484429334,
    0.023044742772839813,
    0.034642621498192236,
    0.038503766046460365,
    0.028254400491411653,
    0.06025765280203614,
    0.416730577966668,
    0.0419023532340667,
    0.06179537581759059,
    0.008220999847527593,
    0.04697257848796031,
    0.06287041217536266,
    0.018063789649100836,
    0.012850618581221673,
    5.600315249740201,
    0.08156183787687762,
    0.029844066856238232,
    0.13547663119290182,
    0.024189782031233842
  ],
  "metrics": {
    "variant": "dsp_penalty_phase_only_nnls",
    "description": "Tests whether phase effects are mainly faster phase-1 overexposure penalty.",
    "phase_mode": "penalty_only",
    "retention_mode": "none",
    "penalty_mode": "log_softplus_squared",
    "linear_mode": "nnls",
    "m_dependent_params_per_domain": 4,
    "total_param_count": 158,
    "fitted_gamma": NaN,
    "fitted_gamma_benefit": 0.0,
    "fitted_gamma_saturation": 1.0,
    "fitted_gamma_penalty": 7.789507918197342,
    "fitted_lam": NaN,
    "train_rmse": 0.006839572895724647,
    "train_spearman": 0.9228243709571511,
    "train_pearson": 0.9349531388681724,
    "cv_rmse": 0.009675756390387577,
    "cv_mae": 0.007211329175134599,
    "oof_spearman": 0.8479950178680218,
    "oof_pearson": 0.8663003987770185,
    "cv_foldmean_regret_at_1": 0.0020111322402954547,
    "cv_regret_at_1": 0.0,
    "lower_tail_optimism": 0.003859457922918308,
    "raw_predicted_optimum_value": 0.8581590735824239,
    "raw_nearest_observed_tv": 0.7848926770231323,
    "raw_nearest_observed_run_name": "run_00178",
    "raw_nearest_observed_value": 1.0749270915985107,
    "raw_phase0_support_gt_1e3": 15,
    "raw_phase1_support_gt_1e3": 1,
    "phase0_max_weight": 0.7062141343757172,
    "phase1_max_weight": 0.9999054046509617,
    "optimum_success": true,
    "optimum_message": "CONVERGENCE: NORM OF PROJECTED GRADIENT <= PGTOL"
  }
}
