{
  "variant": "dsp_phase_benefit_saturation_penalty_nnls",
  "params": {
    "rho": [
      0.08898908751076191,
      0.2769583968006309,
      0.13798651041420953,
      0.3820647585194567,
      0.038510969125243696,
      0.44362114000844655,
      1.31462475983196,
      1.3130612993579338,
      0.223329528977512,
      0.5118358787363013,
      0.6585914791140174,
      0.5102739591214976,
      0.3818431280100786,
      0.03570535328465175,
      0.025527681337230584,
      1.060054981063061,
      0.031091300513027963,
      0.4700853725534907,
      0.42710756487129475,
      0.2596744086540432,
      0.2562887139104574,
      0.5694860735556182,
      0.5394772180300633,
      0.14887202101625482,
      1.860818787493317,
      1.4445039455905988,
      0.6761660234270643,
      0.07632799382760867,
      0.45162137959721027,
      0.018759108938766117,
      0.20233455275444606,
      2.0,
      0.0016113795573946034,
      0.012839598217144645,
      0.004434648588477718,
      0.10245465310211778,
      0.008602751666910165,
      0.8764820351183278,
      0.07496747529397552
    ],
    "tau": [
      3.9134612641088826,
      -1.9811667346093897,
      0.8359601432280391,
      0.4227333685662361,
      4.118494800593337,
      1.1346961066039454,
      0.03412527429312359,
      0.15264869875868156,
      3.4622497272347283,
      0.377662367162168,
      3.8418460133624257,
      2.12555185854296,
      3.299474891398722,
      1.0519106426395515,
      2.683626448021687,
      0.45083237963062617,
      -1.0984172939450711,
      -2.0,
      3.316288755144836,
      2.2699765520239104,
      0.4188754695738413,
      1.461484903630056,
      1.9676475200746606,
      0.3709467643339994,
      1.4629346065311097,
      1.1598046648371019,
      3.1116880962182405,
      -1.7561091168139749,
      -1.271604021154225,
      3.3349705409857098,
      -2.0,
      -1.5454806425477174,
      -0.050789457651380966,
      5.442799088457824,
      2.738185258074264,
      -2.0,
      -0.8415664845160583,
      -2.0,
      1.5088699127272132
    ],
    "gamma_benefit": 100.00000000000004,
    "gamma_saturation": 0.523375320340669,
    "gamma_penalty": 0.17509290533968414
  },
  "intercept": -0.7205938819999023,
  "benefit_coef": [
    0.0015746587568212897,
    0.011533155995828064,
    0.0068211911767393,
    0.005711576189617731,
    0.021151758574618,
    0.005301080872025379,
    0.000892727253226478,
    0.0018999412903979247,
    0.004913048242782895,
    0.0012454388268150656,
    0.0019276109448305586,
    0.014752210500407138,
    0.008692995898242234,
    0.08465730783379016,
    0.0492176351470611,
    0.0017277312384433735,
    0.032047286639677944,
    0.009296080353514657,
    0.003159600052384253,
    0.0015267693303920682,
    0.003508115957088473,
    0.0001832003988827829,
    0.0018334056737563007,
    0.022738292181556635,
    0.001518092238905932,
    0.0024943066384157026,
    0.0003605804030032396,
    0.005100322378088994,
    0.008826496596145055,
    0.003664284575532716,
    0.05340969202662862,
    0.00345146864395247,
    0.6216566218733701,
    0.0017460653224036509,
    0.06983028886497099,
    0.0014672172626576723,
    0.02283134629592362,
    0.004381561003457924,
    0.008200786097277606
  ],
  "penalty_coef": [
    0.8224332795020812,
    0.014995920837894727,
    0.041612665520482574,
    0.08544510671452071,
    5.813472793555926,
    0.4074440780952963,
    0.08131206532169113,
    0.048497843118326396,
    0.6841198834032463,
    0.29474027278799025,
    13.802599420820464,
    4.433167065900694,
    22.72200007810084,
    0.11896891212952912,
    0.9812913011354986,
    0.1516896351468583,
    0.02443357152509199,
    0.028476253634778445,
    0.0,
    0.7478398556824909,
    0.0030010563567623547,
    0.09202529253414511,
    0.04902226523334481,
    0.20824518073510684,
    0.1755095950758838,
    0.3040379738088464,
    2.5367703052428894,
    0.00974469020308789,
    0.016327278244969823,
    0.04706136295435936,
    0.07998502635169147,
    0.018281659242719954,
    0.012829161589808184,
    0.9662802649856956,
    0.11009758079152018,
    0.010256380512189973,
    0.00507293461003346,
    0.06490383106179075,
    0.058265386989462466
  ],
  "metrics": {
    "variant": "dsp_phase_benefit_saturation_penalty_nnls",
    "description": "Decouples phase-1 benefit, saturation, and penalty multipliers as separate global scalars.",
    "phase_mode": "benefit_saturation_penalty",
    "retention_mode": "none",
    "repetition_mode": "none",
    "penalty_mode": "log_softplus_squared",
    "linear_mode": "nnls",
    "m_dependent_params_per_domain": 4,
    "total_param_count": 160,
    "fitted_gamma": NaN,
    "fitted_gamma_benefit": 100.00000000000004,
    "fitted_gamma_saturation": 0.523375320340669,
    "fitted_gamma_penalty": 0.17509290533968414,
    "fitted_lam": NaN,
    "fitted_r1": NaN,
    "fitted_r1_min": NaN,
    "fitted_r1_median": NaN,
    "fitted_r1_max": NaN,
    "train_rmse": 0.0022044365768519925,
    "train_spearman": 0.994083408340834,
    "train_pearson": 0.9992059963955702,
    "cv_rmse": 0.03898450682796707,
    "cv_mae": 0.02775738189738511,
    "oof_spearman": 0.6357395739573956,
    "oof_pearson": 0.8152995637010371,
    "cv_foldmean_regret_at_1": 0.014820015430450506,
    "cv_regret_at_1": 0.028789401054382324,
    "lower_tail_optimism": 0.052536996854572506,
    "raw_predicted_optimum_value": -0.7490286050462587,
    "raw_nearest_observed_tv": 0.7447530889506874,
    "raw_nearest_observed_run_name": "run_00153",
    "raw_nearest_observed_value": 1.0180721282958984,
    "raw_phase0_support_gt_1e3": 15,
    "raw_phase1_support_gt_1e3": 14,
    "phase0_max_weight": 0.83515739307822,
    "phase1_max_weight": 0.3084419710817557,
    "optimum_success": true,
    "optimum_message": "CONVERGENCE: NORM OF PROJECTED GRADIENT <= PGTOL"
  }
}
