{
  "variant": "dsp_phase_benefit_penalty_nnls",
  "params": {
    "rho": [
      0.00010000000000000009,
      0.09786665937238177,
      0.008534460302524619,
      0.10905683791968321,
      0.6933977230931352,
      0.01174253768057366,
      1.0853193814099698,
      1.979618774479736,
      0.11933110191880862,
      0.5115268831639669,
      0.05693385354497249,
      0.6778678696790039,
      2.0,
      0.12624117207941687,
      0.10960321037335985,
      0.37058627605177125,
      1.3155784312281917,
      0.12129941766160045,
      0.7354417102203178,
      0.04488713336228768,
      0.05046705062592393,
      0.024870555159205932,
      0.2607739132499811,
      0.07582161373721578,
      0.25957389590000857,
      0.19760909847771757,
      0.5651365200018875,
      0.22938073986922186,
      0.27760406351903033,
      0.0023039673849435055,
      0.7104787513395412,
      0.06771912622294154,
      0.17067263082241688,
      0.02130293915240148,
      0.14938811428747065,
      0.2457100958502944,
      0.002192914584312488,
      0.2732029439614952,
      0.0625824081658727
    ],
    "tau": [
      4.018274603873329,
      2.977835581939844,
      0.8499006345356364,
      2.3283359001847024,
      0.845502093778167,
      -2.0,
      -0.2939226416775075,
      -1.1341973602658242,
      1.2747173057060073,
      -0.2671358788273551,
      1.3882648108330031,
      -0.9817665001880997,
      -1.899891409075734,
      3.169666387396699,
      -1.4614199430985533,
      1.0027599592884517,
      -0.5914101016117115,
      0.42577719289876725,
      1.686130895743868,
      1.2267010498683795,
      -0.8229821484719758,
      4.64978652420783,
      -1.204859698580421,
      2.2770869869226673,
      1.4937308042934823,
      -1.222698481545059,
      0.66280217981275,
      1.6224751860479831,
      0.5521650337566057,
      3.9841561157357837,
      -0.7229141015256143,
      -1.8478629064667866,
      1.3879199502800206,
      6.336101272238562,
      5.989602585307539,
      3.6508227747434305,
      1.012718563511168,
      0.04602577716233525,
      4.197681282459778
    ],
    "gamma": 25.355532836859677
  },
  "intercept": 0.807048525238325,
  "benefit_coef": [
    1.8544565590122093,
    0.003761659499870329,
    0.019786064854254548,
    0.004502529804879087,
    0.000968512779855632,
    0.10491075740503651,
    0.0006132038348740507,
    0.0002637892535225259,
    0.0021391882262741285,
    0.0033776366382986707,
    0.007053576952979748,
    0.003973155982440614,
    0.0006352410002041334,
    0.005030021705642877,
    0.002879873564224812,
    0.0016839563225834156,
    0.0005160843510601012,
    0.012827043067241143,
    0.0007414692330513557,
    0.012713909019949919,
    0.0028945386928262173,
    0.009881103836302934,
    0.0005501993940398633,
    0.017545012245827524,
    0.001051644245245248,
    0.007265245013602578,
    0.0018243271961912743,
    0.0008005503219401764,
    0.008314622732074376,
    0.0,
    0.006500569747535256,
    0.020985151867021566,
    0.010248553413773832,
    0.0,
    0.001946706743821997,
    0.0007595929111031206,
    0.05093149315611004,
    0.011468584532430093,
    0.0010579453900258962
  ],
  "penalty_coef": [
    0.17302129554012488,
    0.22208195442674467,
    0.005514973922516558,
    0.11285326540956295,
    0.005212283689585777,
    0.003974532754866213,
    0.004208465381706753,
    0.0028518541127216003,
    0.009299657588434837,
    0.01319229892133498,
    0.03246475846570623,
    0.010466509304173616,
    0.0030390794699236214,
    0.8539383823282409,
    0.0024507069193160625,
    0.023553683484210983,
    0.002688689000124508,
    0.03272158032149299,
    0.05671670540605162,
    0.019707472307612568,
    0.001354515522364603,
    3.874481796668795,
    0.0012699734819999488,
    0.3534232782965412,
    0.011170567671407283,
    0.004534345904423422,
    0.008125989177190455,
    0.007045732781890422,
    0.0067281348828272,
    0.01553618281084803,
    0.018376226988335017,
    0.0026980558545681775,
    0.011370553278762772,
    0.6056842132380277,
    1.928744298127566,
    0.04139746444025843,
    0.003050318597993437,
    0.020822986347132068,
    0.39039907930264106
  ],
  "metrics": {
    "variant": "dsp_phase_benefit_penalty_nnls",
    "description": "Canonical reduced-bias DSP: phase-1 premium only multiplies the benefit signal.",
    "phase_mode": "benefit_gain",
    "retention_mode": "none",
    "repetition_mode": "none",
    "penalty_mode": "log_softplus_squared",
    "linear_mode": "nnls",
    "m_dependent_params_per_domain": 4,
    "total_param_count": 158,
    "fitted_gamma": 25.355532836859677,
    "fitted_gamma_benefit": 25.355532836859677,
    "fitted_gamma_saturation": 1.0,
    "fitted_gamma_penalty": 1.0,
    "fitted_lam": NaN,
    "fitted_r1": NaN,
    "fitted_r1_min": NaN,
    "fitted_r1_median": NaN,
    "fitted_r1_max": NaN,
    "train_rmse": 0.005628611464721464,
    "train_spearman": 0.9593012991730457,
    "train_pearson": 0.9528262656066026,
    "cv_rmse": 0.008834608907415154,
    "cv_mae": 0.006675742362668863,
    "oof_spearman": 0.8984759367005061,
    "oof_pearson": 0.8822539709203826,
    "cv_foldmean_regret_at_1": 0.0002006411552428755,
    "cv_regret_at_1": 0.012275218963622936,
    "lower_tail_optimism": 0.004505700091332137,
    "raw_predicted_optimum_value": 0.7044710886290313,
    "raw_nearest_observed_tv": 0.49999999999999994,
    "raw_nearest_observed_run_name": "baseline_stratified",
    "raw_nearest_observed_value": 0.9688005447387696,
    "raw_phase0_support_gt_1e3": 1,
    "raw_phase1_support_gt_1e3": 4,
    "phase0_max_weight": 0.9999999999720701,
    "phase1_max_weight": 0.44086593315827893,
    "optimum_success": true,
    "optimum_message": "CONVERGENCE: NORM OF PROJECTED GRADIENT <= PGTOL"
  }
}
