{
  "variant": "dsp_phase_benefit_penalty_nnls",
  "params": {
    "rho": [
      0.48627149232684486,
      0.47792065435659725,
      0.2541301062608108,
      0.19240335570231085,
      0.008836255403560775,
      0.14975260507306778,
      0.41343282557333305,
      0.1747342112393135,
      0.1627092166844483,
      1.000036924545757,
      0.886634044567145,
      0.4001796096498986,
      0.047712190325746716,
      1.0110771468124946,
      0.13571342146896703,
      0.5089171040005817,
      0.9987528331540128,
      0.1582426643551009,
      1.876671547881561,
      0.9655318933734193,
      0.571468745703583,
      1.3911757014058779,
      0.29433310080256636,
      0.2051455677468856,
      0.2831747927372795,
      0.39107248121068516,
      1.1640436262222784,
      2.0,
      0.32025263413455146,
      0.0011275274428530792,
      1.2974204373754623,
      2.0,
      0.9404024231001734,
      0.01144247050482503,
      0.017428408896533347,
      0.9513029547057035,
      0.9298789244042023,
      0.8086724975179376,
      0.022067477088093
    ],
    "tau": [
      2.6428563305783883,
      -2.0,
      1.173957861534312,
      0.6599684967848686,
      3.4787807825525188,
      1.0781272617321922,
      -1.6613310204094192,
      -1.1574443142320143,
      3.9553675031893145,
      0.7450708433007646,
      3.581552165565283,
      2.318374051737191,
      2.2337563705392998,
      1.5032545825795909,
      0.9230940730275795,
      1.7338896969031852,
      2.7816734915005235,
      -1.9607342567812573,
      1.9164434506261276,
      2.518425453591508,
      4.0129961404290215,
      3.121922445205528,
      -0.47517888996866925,
      2.912521266015893,
      0.7526190802536534,
      0.7350369941976397,
      2.196607967766061,
      -1.5082113529194592,
      -1.8394283666333275,
      2.682706261123152,
      -0.3273759565699204,
      0.27583839797594334,
      -2.0,
      4.895646807981928,
      2.6465179455164924,
      1.383137516726803,
      -1.5561221660796067,
      -2.0,
      3.257602670310925
    ],
    "gamma": 99.8951068239134
  },
  "intercept": -2.9893520762857984,
  "benefit_coef": [
    1.789297683771524e-05,
    0.00352596610936111,
    0.0033589546330813603,
    0.0052895379879401025,
    0.08070677987563166,
    0.00407816146674835,
    0.0044411086297495295,
    0.004369508032326974,
    0.001514705284044046,
    0.0,
    0.0004440109632039409,
    0.017482538925341486,
    0.07378079071013921,
    0.0009388100300331581,
    0.009275680201522257,
    0.00029713585656145205,
    0.001518100673946029,
    0.012847595887603699,
    0.0007562247375334462,
    0.0,
    0.0019089562366251913,
    0.0010449762304832434,
    0.002665075518189179,
    0.014583401916746414,
    0.000392416561253162,
    0.008928135145167425,
    0.000821039592034651,
    0.001069725964629777,
    0.0055579365484837474,
    0.020065321998971822,
    0.0020477247667696173,
    0.004023496354781992,
    0.0012374801788172932,
    0.0005386254984870559,
    0.01192440749774142,
    0.0008272762418679323,
    0.0005003115647361137,
    0.007436915324550946,
    0.007809476288956252
  ],
  "penalty_coef": [
    0.24802695598895022,
    0.03392924283896583,
    0.10297248911094477,
    0.15590896553795894,
    3.5715981759750375,
    0.6919784835572482,
    0.051473149562674105,
    0.04531044024316758,
    7.9497786748427455,
    0.6785220838754753,
    20.093984332332692,
    11.39597908274548,
    4.184375859125192,
    0.1306726361011595,
    0.12183408769438617,
    1.7670422229561809,
    1.9432745127652211,
    0.054995272719036335,
    0.8444498507850627,
    2.0970640353471386,
    0.9903440157169598,
    2.3787083270507074,
    0.018552702464083123,
    15.019378544070056,
    0.1544205467678987,
    0.29040593866870584,
    1.0029033475437659,
    0.016443407631792757,
    0.022126645977353546,
    0.053105232884037956,
    0.4404163245978956,
    0.09202354585507783,
    0.016842134433441003,
    0.6508370401333433,
    0.1736308369328436,
    0.07238106243844762,
    0.011080210208018531,
    0.08421231482721081,
    1.00337842106391
  ],
  "metrics": {
    "variant": "dsp_phase_benefit_penalty_nnls",
    "description": "Canonical reduced-bias DSP: phase-1 premium only multiplies the benefit signal.",
    "phase_mode": "benefit_gain",
    "retention_mode": "none",
    "repetition_mode": "none",
    "penalty_mode": "log_softplus_squared",
    "linear_mode": "nnls",
    "m_dependent_params_per_domain": 4,
    "total_param_count": 158,
    "fitted_gamma": 99.8951068239134,
    "fitted_gamma_benefit": 99.8951068239134,
    "fitted_gamma_saturation": 1.0,
    "fitted_gamma_penalty": 1.0,
    "fitted_lam": NaN,
    "fitted_r1": NaN,
    "fitted_r1_min": NaN,
    "fitted_r1_median": NaN,
    "fitted_r1_max": NaN,
    "train_rmse": 0.0006921855803175804,
    "train_spearman": 0.9993639363936392,
    "train_pearson": 0.999925571260339,
    "cv_rmse": 0.03920406053157869,
    "cv_mae": 0.02692348841058333,
    "oof_spearman": 0.715007500750075,
    "oof_pearson": 0.7659794690671989,
    "cv_foldmean_regret_at_1": 0.017984867095947286,
    "cv_regret_at_1": 0.033389031887054554,
    "lower_tail_optimism": 0.05204018280506364,
    "raw_predicted_optimum_value": -1.652797831794949,
    "raw_nearest_observed_tv": 0.7688291486402115,
    "raw_nearest_observed_run_name": "run_00021",
    "raw_nearest_observed_value": 0.96794193983078,
    "raw_phase0_support_gt_1e3": 1,
    "raw_phase1_support_gt_1e3": 15,
    "phase0_max_weight": 0.9999999999996434,
    "phase1_max_weight": 0.1713145847915451,
    "optimum_success": true,
    "optimum_message": "CONVERGENCE: NORM OF PROJECTED GRADIENT <= PGTOL"
  }
}
