{
  "result": {
    "Baseline": 3.369025468826294,
    "beta1=0.9": 3.371618270874023,
    "beta1=0.95": 3.3732407093048096,
    "beta1=0.98": 3.3753468990325928,
    "beta2=0.9": 3.389699697494507,
    "beta2=0.95": 3.377434015274048,
    "decay=0.2": 3.4040117263793945,
    "decay=0.4": 3.379732847213745,
    "decay=0.6": 3.3707542419433594,
    "decay=1.0": 3.3739967346191406,
    "epsilon=1e-25": 3.3697211742401123,
    "epsilon=1e-20": 3.3697211742401123,
    "epsilon=1e-10": 3.36909818649292,
    "learning_rate=0.016": 3.3734257221221924,
    "learning_rate=0.032": 3.405799865722656,
    "learning_rate=0.064": 3.548584222793579,
    "learning_rate=0.128": 5.932426452636719,
    "max_grad_norm=0": 3.370609760284424,
    "max_grad_norm=2.0": 3.3702378273010254,
    "momentum=0.8": 3.416872262954712,
    "momentum=0.9": 3.385378122329712,
    "momentum=0.95": 3.370659112930298,
    "muon_epsilon=1e-25": 3.3704845905303955,
    "muon_epsilon=1e-20": 3.3704845905303955,
    "muon_epsilon=1e-15": 3.3704845905303955,
    "muon_epsilon=1e-10": 3.3704845905303955,
    "muon_to_adam_lr=0.1": 3.3853721618652344,
    "muon_to_adam_lr=0.2": 3.37302303314209,
    "train_batch_size=256": 3.399500608444214,
    "train_batch_size=512": 3.4652416706085205,
    "train_batch_size=1024": 3.608041286468506,
    "weight_decay=0": 3.431225061416626,
    "weight_decay=0.2": 3.3776049613952637
  },
  "name": {
    "Baseline": "sweep-130m-5B-muon45194alr0.008-wd0.1-minlr0-warmup0-b10.8-b20.9-c1c97c",
    "beta1=0.9": "sweep-130m-5B-muon055381lr0.008-wd0.1-minlr0-warmup0-b10.9-b20.9-ce41d0",
    "beta1=0.95": "sweep-130m-5B-muon1b4dealr0.008-wd0.1-minlr0-warmup0-b10.95-b20.-ce780d",
    "beta1=0.98": "sweep-130m-5B-muonc2fb90lr0.008-wd0.1-minlr0-warmup0-b10.98-b20.-b6c7cc",
    "beta2=0.9": "sweep-130m-5B-muoncb2d08lr0.008-wd0.1-minlr0-warmup0-b10.8-b20.9-2b200f",
    "beta2=0.95": "sweep-130m-5B-muon38610flr0.008-wd0.1-minlr0-warmup0-b10.8-b20.9-8ce9d3",
    "decay=0.2": "sweep-130m-5B-muonf6c5c2lr0.008-wd0.1-minlr0-warmup0-b10.8-b20.9-2406ea",
    "decay=0.4": "sweep-130m-5B-muon294f8alr0.008-wd0.1-minlr0-warmup0-b10.8-b20.9-d0f758",
    "decay=0.6": "sweep-130m-5B-muon27b9aelr0.008-wd0.1-minlr0-warmup0-b10.8-b20.9-f1ef5a",
    "decay=1.0": "sweep-130m-5B-muon322641lr0.008-wd0.1-minlr0-warmup0-b10.8-b20.9-3d0985",
    "epsilon=1e-25": "sweep-130m-5B-muonfadaa6lr0.008-wd0.1-minlr0-warmup0-b10.8-b20.9-c07478",
    "epsilon=1e-20": "sweep-130m-5B-muon3576f8lr0.008-wd0.1-minlr0-warmup0-b10.8-b20.9-741df0",
    "epsilon=1e-10": "sweep-130m-5B-muonf9afe0lr0.008-wd0.1-minlr0-warmup0-b10.8-b20.9-fce4b0",
    "learning_rate=0.016": "sweep-130m-5B-muonf3214elr0.016-wd0.1-minlr0-warmup0-b10.8-b20.9-5d4d4f",
    "learning_rate=0.032": "sweep-130m-5B-muon47b684lr0.032-wd0.1-minlr0-warmup0-b10.8-b20.9-9ff8e3",
    "learning_rate=0.064": "sweep-130m-5B-muon8dfeeclr0.064-wd0.1-minlr0-warmup0-b10.8-b20.9-4639b6",
    "learning_rate=0.128": "sweep-130m-5B-muoncd7567lr0.128-wd0.1-minlr0-warmup0-b10.8-b20.9-94d384",
    "max_grad_norm=0": "sweep-130m-5B-muon62146clr0.008-wd0.1-minlr0-warmup0-b10.8-b20.9-272d38",
    "max_grad_norm=2.0": "sweep-130m-5B-muon56bcb9lr0.008-wd0.1-minlr0-warmup0-b10.8-b20.9-458d8a",
    "momentum=0.8": "sweep-130m-5B-muon2bb145lr0.008-wd0.1-minlr0-warmup0-b10.8-b20.9-853273",
    "momentum=0.9": "sweep-130m-5B-muon1e4ecflr0.008-wd0.1-minlr0-warmup0-b10.8-b20.9-879792",
    "momentum=0.95": "sweep-130m-5B-muon4d5315lr0.008-wd0.1-minlr0-warmup0-b10.8-b20.9-d3e612",
    "muon_epsilon=1e-25": "sweep-130m-5B-muon7e15a1lr0.008-wd0.1-minlr0-warmup0-b10.8-b20.9-0132f8",
    "muon_epsilon=1e-20": "sweep-130m-5B-muona85b5alr0.008-wd0.1-minlr0-warmup0-b10.8-b20.9-c272e7",
    "muon_epsilon=1e-15": "sweep-130m-5B-muonf5b405lr0.008-wd0.1-minlr0-warmup0-b10.8-b20.9-bd4ae9",
    "muon_epsilon=1e-10": "sweep-130m-5B-muon90526elr0.008-wd0.1-minlr0-warmup0-b10.8-b20.9-316987",
    "muon_to_adam_lr=0.1": "sweep-130m-5B-muon3efb6clr0.008-wd0.1-minlr0-warmup0-b10.8-b20.9-a17a47",
    "muon_to_adam_lr=0.2": "sweep-130m-5B-muoneae139lr0.008-wd0.1-minlr0-warmup0-b10.8-b20.9-c41ff5",
    "train_batch_size=256": "sweep-130m-5B-muon397840lr0.008-wd0.1-minlr0-warmup0-b10.8-b20.9-5abd23",
    "train_batch_size=512": "sweep-130m-5B-muon972c8blr0.008-wd0.1-minlr0-warmup0-b10.8-b20.9-f41012",
    "train_batch_size=1024": "sweep-130m-5B-muon479414lr0.008-wd0.1-minlr0-warmup0-b10.8-b20.9-c30205",
    "weight_decay=0": "sweep-130m-5B-muon2c6c55lr0.008-wd0-minlr0-warmup0-b10.8-b20.98--1d92a5",
    "weight_decay=0.2": "sweep-130m-5B-muon8527a8lr0.008-wd0.2-minlr0-warmup0-b10.8-b20.9-d76fe4"
  },
  "num_left": 0,
  "best_config": {
    "beta1": 0.8,
    "beta2": 0.98,
    "decay": 0.8,
    "epsilon": 1e-15,
    "learning_rate": 0.008,
    "lr_schedule": "linear",
    "max_grad_norm": 1,
    "min_lr_ratio": 0,
    "momentum": 0.98,
    "muon_epsilon": 1e-05,
    "muon_to_adam_lr": 0.3,
    "train_batch_size": 128,
    "warmup": 0,
    "weight_decay": 0.1
  },
  "min_loss": 3.369025468826294,
  "approximate_best_config_list": [
    {
      "momentum": 0.98,
      "epsilon": 1e-15,
      "beta2": 0.98,
      "warmup": 0,
      "muon_epsilon": 9.999999999999999e-26,
      "learning_rate": 0.008,
      "max_grad_norm": 1,
      "train_batch_size": 128,
      "decay": 0.8,
      "muon_to_adam_lr": 0.3,
      "beta1": 0.8,
      "weight_decay": 0.1
    },
    {
      "momentum": 0.98,
      "epsilon": 9.999999999999999e-26,
      "beta2": 0.98,
      "warmup": 0,
      "muon_epsilon": 1e-05,
      "learning_rate": 0.008,
      "max_grad_norm": 1,
      "train_batch_size": 128,
      "decay": 0.8,
      "muon_to_adam_lr": 0.3,
      "beta1": 0.8,
      "weight_decay": 0.1
    },
    {
      "momentum": 0.98,
      "epsilon": 1e-15,
      "beta2": 0.98,
      "warmup": 0,
      "muon_epsilon": 1e-05,
      "learning_rate": 0.008,
      "max_grad_norm": 0,
      "train_batch_size": 128,
      "decay": 0.8,
      "muon_to_adam_lr": 0.3,
      "beta1": 0.8,
      "weight_decay": 0.1
    },
    {
      "momentum": 0.98,
      "epsilon": 1e-15,
      "beta2": 0.98,
      "warmup": 0,
      "muon_epsilon": 1e-05,
      "learning_rate": 0.008,
      "max_grad_norm": 1,
      "train_batch_size": 128,
      "decay": 0.8,
      "muon_to_adam_lr": 0.3,
      "beta1": 0.8,
      "weight_decay": 0.1
    },
    {
      "momentum": 0.95,
      "epsilon": 1e-15,
      "beta2": 0.98,
      "warmup": 0,
      "muon_epsilon": 1e-05,
      "learning_rate": 0.008,
      "max_grad_norm": 1,
      "train_batch_size": 128,
      "decay": 0.8,
      "muon_to_adam_lr": 0.3,
      "beta1": 0.8,
      "weight_decay": 0.1
    },
    {
      "momentum": 0.98,
      "epsilon": 1e-15,
      "beta2": 0.98,
      "warmup": 0,
      "muon_epsilon": 1e-05,
      "learning_rate": 0.008,
      "max_grad_norm": 1,
      "train_batch_size": 128,
      "decay": 1,
      "muon_to_adam_lr": 0.3,
      "beta1": 0.8,
      "weight_decay": 0.1
    },
    {
      "momentum": 0.98,
      "epsilon": 1e-10,
      "beta2": 0.98,
      "warmup": 0,
      "muon_epsilon": 1e-05,
      "learning_rate": 0.008,
      "max_grad_norm": 1,
      "train_batch_size": 128,
      "decay": 0.8,
      "muon_to_adam_lr": 0.3,
      "beta1": 0.8,
      "weight_decay": 0.1
    },
    {
      "momentum": 0.98,
      "epsilon": 1e-15,
      "beta2": 0.98,
      "warmup": 0,
      "muon_epsilon": 1e-15,
      "learning_rate": 0.008,
      "max_grad_norm": 1,
      "train_batch_size": 128,
      "decay": 0.8,
      "muon_to_adam_lr": 0.3,
      "beta1": 0.8,
      "weight_decay": 0.1
    },
    {
      "momentum": 0.98,
      "epsilon": 1e-15,
      "beta2": 0.98,
      "warmup": 0,
      "muon_epsilon": 1e-05,
      "learning_rate": 0.008,
      "max_grad_norm": 2,
      "train_batch_size": 128,
      "decay": 0.8,
      "muon_to_adam_lr": 0.3,
      "beta1": 0.8,
      "weight_decay": 0.1
    },
    {
      "momentum": 0.98,
      "epsilon": 1e-20,
      "beta2": 0.98,