{
  "summary": {
    "rows": 374929,
    "val_docs": 20855,
    "train_docs": 311620,
    "min_jaccard": 0.5,
    "p25": 0.593,
    "median": 0.6608,
    "p75": 0.7305,
    "p90": 0.7899,
    "p99": 0.8779,
    "max_jaccard": 1.0,
    "parquet_glob": "scratch/verified_pairs/*.parquet",
    "bin_width": 0.05,
    "subset": "4plus_284x71",
    "metric": "exact 5-char-shingle jaccard for verified pairs with jaccard >= 0.5",
    "max_by_val_threshold_counts": {
      "ge_050": 20855,
      "ge_075": 9760,
      "ge_090": 1011,
      "ge_095": 97,
      "ge_099": 1
    }
  },
  "pair_histogram": [
    [
      0.5,
      0.55,
      44368
    ],
    [
      0.55,
      0.6000000000000001,
      58291
    ],
    [
      0.6,
      0.65,
      68770
    ],
    [
      0.65,
      0.7000000000000001,
      71547
    ],
    [
      0.7,
      0.75,
      59661
    ],
    [
      0.75,
      0.8,
      41278
    ],
    [
      0.8,
      0.8500000000000001,
      21807
    ],
    [
      0.85,
      0.9,
      7620
    ],
    [
      0.9,
      0.9500000000000001,
      1475
    ],
    [
      0.95,
      1.0,
      112
    ]
  ],
  "val_doc_max_histogram": [
    [
      0.5,
      0.55,
      1404
    ],
    [
      0.55,
      0.6000000000000001,
      1793
    ],
    [
      0.6,
      0.65,
      2306
    ],
    [
      0.65,
      0.7000000000000001,
      2641
    ],
    [
      0.7,
      0.75,
      2951
    ],
    [
      0.75,
      0.8,
      3170
    ],
    [
      0.8,
      0.8500000000000001,
      3183
    ],
    [
      0.85,
      0.9,
      2396
    ],
    [
      0.9,
      0.9500000000000001,
      914
    ],
    [
      0.95,
      1.0,
      97
    ]
  ]
}
