bin_start,bin_end,val_doc_count
0.5,0.55,1404
0.55,0.6000000000000001,1793
0.6,0.65,2306
0.65,0.7000000000000001,2641
0.7,0.75,2951
0.75,0.8,3170
0.8,0.8500000000000001,3183
0.85,0.9,2396
0.9,0.9500000000000001,914
0.95,1.0,97
