family,phase0_weight,phase1_weight
broad_text,0.8090775784216012,0.999918205157087
tech_code,0.10628001871211208,6.272249855296092e-06
reasoning,0.08464240286628509,7.552259305765037e-05
