/tmp/mok-route-env/lib/python3.12/site-packages/torch/distributed/c10d_logger.py:83: UserWarning: barrier(): using the device under current context. You can specify `device_id` in `init_process_group` to mute this warning.
  return func(*args, **kwargs)
/tmp/mok-route-env/lib/python3.12/site-packages/torch/distributed/c10d_logger.py:83: UserWarning: barrier(): using the device under current context. You can specify `device_id` in `init_process_group` to mute this warning.
  return func(*args, **kwargs)
/tmp/mok-route-env/lib/python3.12/site-packages/torch/distributed/c10d_logger.py:83: UserWarning: barrier(): using the device under current context. You can specify `device_id` in `init_process_group` to mute this warning.
  return func(*args, **kwargs)
/tmp/mok-route-env/lib/python3.12/site-packages/torch/distributed/c10d_logger.py:83: UserWarning: barrier(): using the device under current context. You can specify `device_id` in `init_process_group` to mute this warning.
  return func(*args, **kwargs)
/tmp/mok-route-env/lib/python3.12/site-packages/torch/distributed/c10d_logger.py:83: UserWarning: barrier(): using the device under current context. You can specify `device_id` in `init_process_group` to mute this warning.
  return func(*args, **kwargs)
/tmp/mok-route-env/lib/python3.12/site-packages/torch/distributed/c10d_logger.py:83: UserWarning: barrier(): using the device under current context. You can specify `device_id` in `init_process_group` to mute this warning.
  return func(*args, **kwargs)
/tmp/mok-route-env/lib/python3.12/site-packages/torch/distributed/c10d_logger.py:83: UserWarning: barrier(): using the device under current context. You can specify `device_id` in `init_process_group` to mute this warning.
  return func(*args, **kwargs)
/tmp/mok-route-env/lib/python3.12/site-packages/torch/distributed/c10d_logger.py:83: UserWarning: barrier(): using the device under current context. You can specify `device_id` in `init_process_group` to mute this warning.
  return func(*args, **kwargs)
/tmp/mok-route-env/lib/python3.12/site-packages/torch/distributed/c10d_logger.py:83: UserWarning: barrier(): using the device under current context. You can specify `device_id` in `init_process_group` to mute this warning.
  return func(*args, **kwargs)
/tmp/mok-route-env/lib/python3.12/site-packages/torch/distributed/c10d_logger.py:83: UserWarning: barrier(): using the device under current context. You can specify `device_id` in `init_process_group` to mute this warning.
  return func(*args, **kwargs)
/tmp/mok-route-env/lib/python3.12/site-packages/torch/distributed/c10d_logger.py:83: UserWarning: barrier(): using the device under current context. You can specify `device_id` in `init_process_group` to mute this warning.
  return func(*args, **kwargs)
/tmp/mok-route-env/lib/python3.12/site-packages/torch/distributed/c10d_logger.py:83: UserWarning: barrier(): using the device under current context. You can specify `device_id` in `init_process_group` to mute this warning.
  return func(*args, **kwargs)
/tmp/mok-route-env/lib/python3.12/site-packages/torch/distributed/c10d_logger.py:83: UserWarning: barrier(): using the device under current context. You can specify `device_id` in `init_process_group` to mute this warning.
  return func(*args, **kwargs)
/tmp/mok-route-env/lib/python3.12/site-packages/torch/distributed/c10d_logger.py:83: UserWarning: barrier(): using the device under current context. You can specify `device_id` in `init_process_group` to mute this warning.
  return func(*args, **kwargs)
/tmp/mok-route-env/lib/python3.12/site-packages/torch/distributed/c10d_logger.py:83: UserWarning: barrier(): using the device under current context. You can specify `device_id` in `init_process_group` to mute this warning.
  return func(*args, **kwargs)
/tmp/mok-route-env/lib/python3.12/site-packages/torch/distributed/c10d_logger.py:83: UserWarning: barrier(): using the device under current context. You can specify `device_id` in `init_process_group` to mute this warning.
  return func(*args, **kwargs)
/tmp/mok-route-env/lib/python3.12/site-packages/torch/distributed/c10d_logger.py:83: UserWarning: barrier(): using the device under current context. You can specify `device_id` in `init_process_group` to mute this warning.
  return func(*args, **kwargs)
{
  "benchmark": "four_rank_deepep_compiler_relation_mok_primitives",
  "candidate": {
    "exchange_implementation": "deepep",
    "exchange_workers": 56,
    "fingerprint_sha256": "471921443713a18236bea4a0df7244ecb016511c88d38326e2e342ef80aebb35",
    "forward_transport": "deepep_dispatch_payload_permutation",
    "gate_up_layout": "concatenated_e_2i_k",
    "materialization_policy": "tile_flow_boundaries",
    "overlap_policy": "shared_expert_with_async_dispatch",
    "reverse_transport": "torch_distributed_all_to_all_single_payload_permutation",
    "segmented_contraction_implementation": "standalone_sm100_grouped_gemm",
    "semantic_merge": "generated_fixed_rank_fold"
  },
  "environment": {
    "clock_policy": "cluster_default_unpinned",
    "command": {
      "argv": [
        "lib/tile_lifetime/benchmarks/backends/gb200_deepep_mok_distributed.py",
        "--routing-source",
        "natural_stablehlo",
        "--stablehlo-fixture",
        "/app/marin/lib/tile_lifetime/tests/fixtures/stablehlo/moe_primary_t2048_h7168_i3072_e384_k6_v1_14_1.mlir.bc.b64",
        "--probe-extension",
        "/tmp/mok-gmm-probe-map-fold-31f600f228/_mok_gmm_probe.cpython-312-aarch64-linux-gnu.so",
        "--mok-root",
        "/tmp/mixture-of-kittens",
        "--deepep-root",
        "/tmp/DeepEP",
        "--shuttle-revision",
        "31f600f22837ec4a3c4c3eaf07c2e4a9a5ddc268",
        "--clock-policy",
        "cluster_default_unpinned",
        "--deepep-sms",
        "56",
        "--gate-up-layout",
        "concatenated_e_2i_k",
        "--warmup",
        "10",
        "--iterations",
        "30",
        "--acceptance-order",
        "shuttle_first",
        "--json-output",
        "/tmp/shuttle-map-fold-replay/final-shuttle-first.json",
        "--semantic-fixture-output",
        "/tmp/shuttle-map-fold-replay/semantic-final-shuttle-first.npz"
      ],
      "environment": {
        "CUDA_CCCL_INCLUDE": "/tmp/mok-route-env/lib/python3.12/site-packages/nvidia/cu13/include/cccl",
        "CUDA_HOME": "/tmp/mok-route-env/lib/python3.12/site-packages/nvidia/cu13",
        "DEEPEP_BUILD_INTRANODE_ONLY": "1",
        "DEEPEP_DISABLE_NVSHMEM": "1",
        "MAX_JOBS": "8",
        "NCCL_SOCKET_IFNAME": "^ibs,ibp,lo,docker,veth,cilium,lxc",
        "TORCH_CUDA_ARCH_LIST": "10.0a"
      },
      "shell": "lib/tile_lifetime/benchmarks/backends/gb200_deepep_mok_distributed.py --routing-source natural_stablehlo --stablehlo-fixture /app/marin/lib/tile_lifetime/tests/fixtures/stablehlo/moe_primary_t2048_h7168_i3072_e384_k6_v1_14_1.mlir.bc.b64 --probe-extension /tmp/mok-gmm-probe-map-fold-31f600f228/_mok_gmm_probe.cpython-312-aarch64-linux-gnu.so --mok-root /tmp/mixture-of-kittens --deepep-root /tmp/DeepEP --shuttle-revision 31f600f22837ec4a3c4c3eaf07c2e4a9a5ddc268 --clock-policy cluster_default_unpinned --deepep-sms 56 --gate-up-layout concatenated_e_2i_k --warmup 10 --iterations 30 --acceptance-order shuttle_first --json-output /tmp/shuttle-map-fold-replay/final-shuttle-first.json --semantic-fixture-output /tmp/shuttle-map-fold-replay/semantic-final-shuttle-first.npz",
      "working_directory": "/app/marin"
    },
    "gpu": "NVIDIA GB200",
    "gpu_telemetry": {
      "by_phase": {
        "compiler_routed_already_dispatched": {
          "after": {
            "field_errors": {},
            "gpus": [
              {
                "clocks.applications.graphics": "[Requested functionality has been deprecated]",
                "clocks.applications.memory": "[Requested functionality has been deprecated]",
                "clocks.current.graphics": "1950",
                "clocks.current.memory": "3996",
                "clocks.current.sm": "1950",
                "clocks.max.graphics": "2062",
                "clocks.max.memory": "3996",
                "clocks.max.sm": "2062",
                "driver_version": "595.71.05",
                "index": "0",
                "name": "NVIDIA GB200",
                "pci.bus_id": "00000008:01:00.0",
                "persistence_mode": "Enabled",
                "power.draw": "354.82",
                "power.limit": "1200.00",
                "pstate": "P0",
                "temperature.gpu": "37",
                "uuid": "GPU-64efb995-783a-a11a-c868-580e18809080"
              },
              {
                "clocks.applications.graphics": "[Requested functionality has been deprecated]",
                "clocks.applications.memory": "[Requested functionality has been deprecated]",
                "clocks.current.graphics": "1950",
                "clocks.current.memory": "3996",
                "clocks.current.sm": "1950",
                "clocks.max.graphics": "2062",
                "clocks.max.memory": "3996",
                "clocks.max.sm": "2062",
                "driver_version": "595.71.05",
                "index": "1",
                "name": "NVIDIA GB200",
                "pci.bus_id": "00000009:01:00.0",
                "persistence_mode": "Enabled",
                "power.draw": "352.67",
                "power.limit": "1200.00",
                "pstate": "P0",
                "temperature.gpu": "37",
                "uuid": "GPU-84233fbe-ed84-cfff-821c-7acc555c2503"
              },
              {
                "clocks.applications.graphics": "[Requested functionality has been deprecated]",
                "clocks.applications.memory": "[Requested functionality has been deprecated]",
                "clocks.current.graphics": "1950",
                "clocks.current.memory": "3996",
                "clocks.current.sm": "1950",
                "clocks.max.graphics": "2062",
                "clocks.max.memory": "3996",
                "clocks.max.sm": "2062",
                "driver_version": "595.71.05",
                "index": "2",
                "name": "NVIDIA GB200",
                "pci.bus_id": "00000018:01:00.0",
                "persistence_mode": "Enabled",
                "power.draw": "350.55",
                "power.limit": "1200.00",
                "pstate": "P0",
                "temperature.gpu": "36",
                "uuid": "GPU-19bf3c4b-1e4c-1afc-3db0-adf098d28d8b"
              },
              {
                "clocks.applications.graphics": "[Requested functionality has been deprecated]",
                "clocks.applications.memory": "[Requested functionality has been deprecated]",
                "clocks.current.graphics": "1950",
                "clocks.current.memory": "3996",
                "clocks.current.sm": "1950",
                "clocks.max.graphics": "2062",
                "clocks.max.memory": "3996",
                "clocks.max.sm": "2062",
                "driver_version": "595.71.05",
                "index": "3",
                "name": "NVIDIA GB200",
                "pci.bus_id": "00000019:01:00.0",
                "persistence_mode": "Enabled",
                "power.draw": "373.00",
                "power.limit": "1200.00",
                "pstate": "P0",
                "temperature.gpu": "37",
                "uuid": "GPU-14a91ec2-4299-59e4-c682-00a36868d987"
              }
            ],
            "topology": {
              "arguments": [
                "nvidia-smi",
                "topo",
                "-m"
              ],
              "returncode": 0,
              "stderr": "",
              "stdout": "\u001b[4mGPU0\tGPU1\tGPU2\tGPU3\tNIC0\tNIC1\tNIC2\tNIC3\tNIC4\tNIC5\tNIC6\tNIC7\tNIC8\tNIC9\tNIC10\tNIC11\tNIC12\tCPU Affinity\tNUMA Affinity\tGPU NUMA ID\u001b[0m\nGPU0\t X \tNV18\tNV18\tNV18\tNODE\tNODE\tSYS\tSYS\tNODE\tNODE\tNODE\tNODE\tNODE\tNODE\tNODE\tNODE\tNODE\t0-71\t0\t\tN/A\nGPU1\tNV18\t X \tNV18\tNV18\tNODE\tNODE\tSYS\tSYS\tNODE\tNODE\tNODE\tNODE\tNODE\tNODE\tNODE\tNODE\tNODE\t0-71\t0\t\tN/A\nGPU2\tNV18\tNV18\t X \tNV18\tSYS\tSYS\tNODE\tNODE\tSYS\tSYS\tSYS\tSYS\tSYS\tSYS\tSYS\tSYS\tSYS\t72-143\t1\t\tN/A\nGPU3\tNV18\tNV18\tNV18\t X \tSYS\tSYS\tNODE\tNODE\tSYS\tSYS\tSYS\tSYS\tSYS\tSYS\tSYS\tSYS\tSYS\t72-143\t1\t\tN/A\nNIC0\tNODE\tNODE\tSYS\tSYS\t X \tNODE\tSYS\tSYS\tNODE\tNODE\tNODE\tNODE\tNODE\tNODE\tNODE\tNODE\tNODE\t\t\t\t\nNIC1\tNODE\tNODE\tSYS\tSYS\tNODE\t X \tSYS\tSYS\tNODE\tNODE\tNODE\tNODE\tNODE\tNODE\tNODE\tNODE\tNODE\t\t\t\t\nNIC2\tSYS\tSYS\tNODE\tNODE\tSYS\tSYS\t X \tNODE\tSYS\tSYS\tSYS\tSYS\tSYS\tSYS\tSYS\tSYS\tSYS\t\t\t\t\nNIC3\tSYS\tSYS\tNODE\tNODE\tSYS\tSYS\tNODE\t X \tSYS\tSYS\tSYS\tSYS\tSYS\tSYS\tSYS\tSYS\tSYS\t\t\t\t\nNIC4\tNODE\tNODE\tSYS\tSYS\tNODE\tNODE\tSYS\tSYS\t X \tPIX\tPIX\tPIX\tPIX\tPIX\tPIX\tPIX\tPIX\t\t\t\t\nNIC5\tNODE\tNODE\tSYS\tSYS\tNODE\tNODE\tSYS\tSYS\tPIX\t X \tPIX\tPIX\tPIX\tPIX\tPIX\tPIX\tPIX\t\t\t\t\nNIC6\tNODE\tNODE\tSYS\tSYS\tNODE\tNODE\tSYS\tSYS\tPIX\tPIX\t X \tPIX\tPIX\tPIX\tPIX\tPIX\tPIX\t\t\t\t\nNIC7\tNODE\tNODE\tSYS\tSYS\tNODE\tNODE\tSYS\tSYS\tPIX\tPIX\tPIX\t X \tPIX\tPIX\tPIX\tPIX\tPIX\t\t\t\t\nNIC8\tNODE\tNODE\tSYS\tSYS\tNODE\tNODE\tSYS\tSYS\tPIX\tPIX\tPIX\tPIX\t X \tPIX\tPIX\tPIX\tPIX\t\t\t\t\nNIC9\tNODE\tNODE\tSYS\tSYS\tNODE\tNODE\tSYS\tSYS\tPIX\tPIX\tPIX\tPIX\tPIX\t X \tPIX\tPIX\tPIX\t\t\t\t\nNIC10\tNODE\tNODE\tSYS\tSYS\tNODE\tNODE\tSYS\tSYS\tPIX\tPIX\tPIX\tPIX\tPIX\tPIX\t X \tPIX\tPIX\t\t\t\t\nNIC11\tNODE\tNODE\tSYS\tSYS\tNODE\tNODE\tSYS\tSYS\tPIX\tPIX\tPIX\tPIX\tPIX\tPIX\tPIX\t X \tPIX\t\t\t\t\nNIC12\tNODE\tNODE\tSYS\tSYS\tNODE\tNODE\tSYS\tSYS\tPIX\tPIX\tPIX\tPIX\tPIX\tPIX\tPIX\tPIX\t X \t\t\t\t\n\nLegend:\n\n  X    = Self\n  SYS  = Connection traversing PCIe as well as the SMP interconnect between NUMA nodes (e.g., QPI/UPI)\n  NODE = Connection traversing PCIe as well as the interconnect between PCIe Host Bridges within a NUMA node\n  PHB  = Connection traversing PCIe as well as a PCIe Host Bridge (typically the CPU)\n  PXB  = Connection traversing multiple PCIe bridges (without traversing the PCIe Host Bridge)\n  PIX  = Connection traversing at most a single PCIe bridge\n  NV#  = Connection traversing a bonded set of # NVLinks\n\nNIC Legend:\n\n  NIC0: ibp0\n  NIC1: ibp1\n  NIC2: ibp2\n  NIC3: ibp3\n  NIC4: mlx5_0\n  NIC5: mlx5_1\n  NIC6: mlx5_2\n  NIC7: mlx5_3\n  NIC8: mlx5_4\n  NIC9: mlx5_5\n  NIC10: mlx5_6\n  NIC11: mlx5_7\n  NIC12: mlx5_8"
            }
          },
          "before": {
            "field_errors": {},
            "gpus": [
              {
                "clocks.applications.graphics": "[Requested functionality has been deprecated]",
                "clocks.applications.memory": "[Requested functionality has been deprecated]",
                "clocks.current.graphics": "1950",
                "clocks.current.memory": "3996",
                "clocks.current.sm": "1950",
                "clocks.max.graphics": "2062",
                "clocks.max.memory": "3996",
                "clocks.max.sm": "2062",
                "driver_version": "595.71.05",
                "index": "0",
                "name": "NVIDIA GB200",
                "pci.bus_id": "00000008:01:00.0",
                "persistence_mode": "Enabled",
                "power.draw": "212.38",
                "power.limit": "1200.00",
                "pstate": "P0",
                "temperature.gpu": "36",
                "uuid": "GPU-64efb995-783a-a11a-c868-580e18809080"
              },
              {
                "clocks.applications.graphics": "[Requested functionality has been deprecated]",
                "clocks.applications.memory": "[Requested functionality has been deprecated]",
                "clocks.current.graphics": "1950",
                "clocks.current.memory": "3996",
                "clocks.current.sm": "1950",
                "clocks.max.graphics": "2062",
                "clocks.max.memory": "3996",
                "clocks.max.sm": "2062",
                "driver_version": "595.71.05",
                "index": "1",
                "name": "NVIDIA GB200",
                "pci.bus_id": "00000009:01:00.0",
                "persistence_mode": "Enabled",
                "power.draw": "203.53",
                "power.limit": "1200.00",
                "pstate": "P0",
                "temperature.gpu": "36",
                "uuid": "GPU-84233fbe-ed84-cfff-821c-7acc555c2503"
              },
              {
                "clocks.applications.graphics": "[Requested functionality has been deprecated]",
                "clocks.applications.memory": "[Requested functionality has been deprecated]",
                "clocks.current.graphics": "1950",
                "clocks.current.memory": "3996",
                "clocks.current.sm": "1950",
                "clocks.max.graphics": "2062",
                "clocks.max.memory": "3996",
                "clocks.max.sm": "2062",
                "driver_version": "595.71.05",
                "index": "2",
                "name": "NVIDIA GB200",
                "pci.bus_id": "00000018:01:00.0",
                "persistence_mode": "Enabled",
                "power.draw": "208.34",
                "power.limit": "1200.00",
                "pstate": "P0",
                "temperature.gpu": "36",
                "uuid": "GPU-19bf3c4b-1e4c-1afc-3db0-adf098d28d8b"
              },
              {
                "clocks.applications.graphics": "[Requested functionality has been deprecated]",
                "clocks.applications.memory": "[Requested functionality has been deprecated]",
                "clocks.current.graphics": "1950",
                "clocks.current.memory": "3996",
                "clocks.current.sm": "1950",
                "clocks.max.graphics": "2062",
                "clocks.max.memory": "3996",
                "clocks.max.sm": "2062",
                "driver_version": "595.71.05",
                "index": "3",
                "name": "NVIDIA GB200",
                "pci.bus_id": "00000019:01:00.0",
                "persistence_mode": "Enabled",
                "power.draw": "229.34",
                "power.limit": "1200.00",
                "pstate": "P0",
                "temperature.gpu": "36",
                "uuid": "GPU-14a91ec2-4299-59e4-c682-00a36868d987"
              }
            ],
            "topology": {
              "arguments": [
                "nvidia-smi",
                "topo",
                "-m"
              ],
              "returncode": 0,
              "stderr": "",
              "stdout": "\u001b[4mGPU0\tGPU1\tGPU2\tGPU3\tNIC0\tNIC1\tNIC2\tNIC3\tNIC4\tNIC5\tNIC6\tNIC7\tNIC8\tNIC9\tNIC10\tNIC11\tNIC12\tCPU Affinity\tNUMA Affinity\tGPU NUMA ID\u001b[0m\nGPU0\t X \tNV18\tNV18\tNV18\tNODE\tNODE\tSYS\tSYS\tNODE\tNODE\tNODE\tNODE\tNODE\tNODE\tNODE\tNODE\tNODE\t0-71\t0\t\tN/A\nGPU1\tNV18\t X \tNV18\tNV18\tNODE\tNODE\tSYS\tSYS\tNODE\tNODE\tNODE\tNODE\tNODE\tNODE\tNODE\tNODE\tNODE\t0-71\t0\t\tN/A\nGPU2\tNV18\tNV18\t X \tNV18\tSYS\tSYS\tNODE\tNODE\tSYS\tSYS\tSYS\tSYS\tSYS\tSYS\tSYS\tSYS\tSYS\t72-143\t1\t\tN/A\nGPU3\tNV18\tNV18\tNV18\t X \tSYS\tSYS\tNODE\tNODE\tSYS\tSYS\tSYS\tSYS\tSYS\tSYS\tSYS\tSYS\tSYS\t72-143\t1\t\tN/A\nNIC0\tNODE\tNODE\tSYS\tSYS\t X \tNODE\tSYS\tSYS\tNODE\tNODE\tNODE\tNODE\tNODE\tNODE\tNODE\tNODE\tNODE\t\t\t\t\nNIC1\tNODE\tNODE\tSYS\tSYS\tNODE\t X \tSYS\tSYS\tNODE\tNODE\tNODE\tNODE\tNODE\tNODE\tNODE\tNODE\tNODE\t\t\t\t\nNIC2\tSYS\tSYS\tNODE\tNODE\tSYS\tSYS\t X \tNODE\tSYS\tSYS\tSYS\tSYS\tSYS\tSYS\tSYS\tSYS\tSYS\t\t\t\t\nNIC3\tSYS\tSYS\tNODE\tNODE\tSYS\tSYS\tNODE\t X \tSYS\tSYS\tSYS\tSYS\tSYS\tSYS\tSYS\tSYS\tSYS\t\t\t\t\nNIC4\tNODE\tNODE\tSYS\tSYS\tNODE\tNODE\tSYS\tSYS\t X \tPIX\tPIX\tPIX\tPIX\tPIX\tPIX\tPIX\tPIX\t\t\t\t\nNIC5\tNODE\tNODE\tSYS\tSYS\tNODE\tNODE\tSYS\tSYS\tPIX\t X \tPIX\tPIX\tPIX\tPIX\tPIX\tPIX\tPIX\t\t\t\t\nNIC6\tNODE\tNODE\tSYS\tSYS\tNODE\tNODE\tSYS\tSYS\tPIX\tPIX\t X \tPIX\tPIX\tPIX\tPIX\tPIX\tPIX\t\t\t\t\nNIC7\tNODE\tNODE\tSYS\tSYS\tNODE\tNODE\tSYS\tSYS\tPIX\tPIX\tPIX\t X \tPIX\tPIX\tPIX\tPIX\tPIX\t\t\t\t\nNIC8\tNODE\tNODE\tSYS\tSYS\tNODE\tNODE\tSYS\tSYS\tPIX\tPIX\tPIX\tPIX\t X \tPIX\tPIX\tPIX\tPIX\t\t\t\t\nNIC9\tNODE\tNODE\tSYS\tSYS\tNODE\tNODE\tSYS\tSYS\tPIX\tPIX\tPIX\tPIX\tPIX\t X \tPIX\tPIX\tPIX\t\t\t\t\nNIC10\tNODE\tNODE\tSYS\tSYS\tNODE\tNODE\tSYS\tSYS\tPIX\tPIX\tPIX\tPIX\tPIX\tPIX\t X \tPIX\tPIX\t\t\t\t\nNIC11\tNODE\tNODE\tSYS\tSYS\tNODE\tNODE\tSYS\tSYS\tPIX\tPIX\tPIX\tPIX\tPIX\tPIX\tPIX\t X \tPIX\t\t\t\t\nNIC12\tNODE\tNODE\tSYS\tSYS\tNODE\tNODE\tSYS\tSYS\tPIX\tPIX\tPIX\tPIX\tPIX\tPIX\tPIX\tPIX\t X \t\t\t\t\n\nLegend:\n\n  X    = Self\n  SYS  = Connection traversing PCIe as well as the SMP interconnect between NUMA nodes (e.g., QPI/UPI)\n  NODE = Connection traversing PCIe as well as the interconnect between PCIe Host Bridges within a NUMA node\n  PHB  = Connection traversing PCIe as well as a PCIe Host Bridge (typically the CPU)\n  PXB  = Connection traversing multiple PCIe bridges (without traversing the PCIe Host Bridge)\n  PIX  = Connection traversing at most a single PCIe bridge\n  NV#  = Connection traversing a bonded set of # NVLinks\n\nNIC Legend:\n\n  NIC0: ibp0\n  NIC1: ibp1\n  NIC2: ibp2\n  NIC3: ibp3\n  NIC4: mlx5_0\n  NIC5: mlx5_1\n  NIC6: mlx5_2\n  NIC7: mlx5_3\n  NIC8: mlx5_4\n  NIC9: mlx5_5\n  NIC10: mlx5_6\n  NIC11: mlx5_7\n  NIC12: mlx5_8"
            }
          }
        },
        "full_coarse_materialized_sequential": {
          "after": {
            "field_errors": {},
            "gpus": [
              {
                "clocks.applications.graphics": "[Requested functionality has been deprecated]",
                "clocks.applications.memory": "[Requested functionality has been deprecated]",
                "clocks.current.graphics": "1950",
                "clocks.current.memory": "3996",
                "clocks.current.sm": "1950",
                "clocks.max.graphics": "2062",
                "clocks.max.memory": "3996",
                "clocks.max.sm": "2062",
                "driver_version": "595.71.05",
                "index": "0",
                "name": "NVIDIA GB200",
                "pci.bus_id": "00000008:01:00.0",
                "persistence_mode": "Enabled",
                "power.draw": "383.35",
                "power.limit": "1200.00",
                "pstate": "P0",
                "temperature.gpu": "37",
                "uuid": "GPU-64efb995-783a-a11a-c868-580e18809080"
              },
              {
                "clocks.applications.graphics": "[Requested functionality has been deprecated]",
                "clocks.applications.memory": "[Requested functionality has been deprecated]",
                "clocks.current.graphics": "1950",
                "clocks.current.memory": "3996",
                "clocks.current.sm": "1950",
                "clocks.max.graphics": "2062",
                "clocks.max.memory": "3996",
                "clocks.max.sm": "2062",
                "driver_version": "595.71.05",
                "index": "1",
                "name": "NVIDIA GB200",
                "pci.bus_id": "00000009:01:00.0",
                "persistence_mode": "Enabled",
                "power.draw": "381.68",
                "power.limit": "1200.00",
                "pstate": "P0",
                "temperature.gpu": "38",
                "uuid": "GPU-84233fbe-ed84-cfff-821c-7acc555c2503"
              },
              {
                "clocks.applications.graphics": "[Requested functionality has been deprecated]",
                "clocks.applications.memory": "[Requested functionality has been deprecated]",
                "clocks.current.graphics": "1950",
                "clocks.current.memory": "3996",
                "clocks.current.sm": "1950",
                "clocks.max.graphics": "2062",
                "clocks.max.memory": "3996",
                "clocks.max.sm": "2062",
                "driver_version": "595.71.05",
                "index": "2",
                "name": "NVIDIA GB200",
                "pci.bus_id": "00000018:01:00.0",
                "persistence_mode": "Enabled",
                "power.draw": "384.39",
                "power.limit": "1200.00",
                "pstate": "P0",
                "temperature.gpu": "37",
                "uuid": "GPU-19bf3c4b-1e4c-1afc-3db0-adf098d28d8b"
              },
              {
                "clocks.applications.graphics": "[Requested functionality has been deprecated]",
                "clocks.applications.memory": "[Requested functionality has been deprecated]",
                "clocks.current.graphics": "1950",
                "clocks.current.memory": "3996",
                "clocks.current.sm": "1950",
                "clocks.max.graphics": "2062",
                "clocks.max.memory": "3996",
                "clocks.max.sm": "2062",
                "driver_version": "595.71.05",
                "index": "3",
                "name": "NVIDIA GB200",
                "pci.bus_id": "00000019:01:00.0",
                "persistence_mode": "Enabled",
                "power.draw": "404.11",
                "power.limit": "1200.00",
                "pstate": "P0",
                "temperature.gpu": "37",
                "uuid": "GPU-14a91ec2-4299-59e4-c682-00a36868d987"
              }
            ],
            "topology": {
              "arguments": [
                "nvidia-smi",
                "topo",
                "-m"
              ],
              "returncode": 0,
              "stderr": "",
              "stdout": "\u001b[4mGPU0\tGPU1\tGPU2\tGPU3\tNIC0\tNIC1\tNIC2\tNIC3\tNIC4\tNIC5\tNIC6\tNIC7\tNIC8\tNIC9\tNIC10\tNIC11\tNIC12\tCPU Affinity\tNUMA Affinity\tGPU NUMA ID\u001b[0m\nGPU0\t X \tNV18\tNV18\tNV18\tNODE\tNODE\tSYS\tSYS\tNODE\tNODE\tNODE\tNODE\tNODE\tNODE\tNODE\tNODE\tNODE\t0-71\t0\t\tN/A\nGPU1\tNV18\t X \tNV18\tNV18\tNODE\tNODE\tSYS\tSYS\tNODE\tNODE\tNODE\tNODE\tNODE\tNODE\tNODE\tNODE\tNODE\t0-71\t0\t\tN/A\nGPU2\tNV18\tNV18\t X \tNV18\tSYS\tSYS\tNODE\tNODE\tSYS\tSYS\tSYS\tSYS\tSYS\tSYS\tSYS\tSYS\tSYS\t72-143\t1\t\tN/A\nGPU3\tNV18\tNV18\tNV18\t X \tSYS\tSYS\tNODE\tNODE\tSYS\tSYS\tSYS\tSYS\tSYS\tSYS\tSYS\tSYS\tSYS\t72-143\t1\t\tN/A\nNIC0\tNODE\tNODE\tSYS\tSYS\t X \tNODE\tSYS\tSYS\tNODE\tNODE\tNODE\tNODE\tNODE\tNODE\tNODE\tNODE\tNODE\t\t\t\t\nNIC1\tNODE\tNODE\tSYS\tSYS\tNODE\t X \tSYS\tSYS\tNODE\tNODE\tNODE\tNODE\tNODE\tNODE\tNODE\tNODE\tNODE\t\t\t\t\nNIC2\tSYS\tSYS\tNODE\tNODE\tSYS\tSYS\t X \tNODE\tSYS\tSYS\tSYS\tSYS\tSYS\tSYS\tSYS\tSYS\tSYS\t\t\t\t\nNIC3\tSYS\tSYS\tNODE\tNODE\tSYS\tSYS\tNODE\t X \tSYS\tSYS\tSYS\tSYS\tSYS\tSYS\tSYS\tSYS\tSYS\t\t\t\t\nNIC4\tNODE\tNODE\tSYS\tSYS\tNODE\tNODE\tSYS\tSYS\t X \tPIX\tPIX\tPIX\tPIX\tPIX\tPIX\tPIX\tPIX\t\t\t\t\nNIC5\tNODE\tNODE\tSYS\tSYS\tNODE\tNODE\tSYS\tSYS\tPIX\t X \tPIX\tPIX\tPIX\tPIX\tPIX\tPIX\tPIX\t\t\t\t\nNIC6\tNODE\tNODE\tSYS\tSYS\tNODE\tNODE\tSYS\tSYS\tPIX\tPIX\t X \tPIX\tPIX\tPIX\tPIX\tPIX\tPIX\t\t\t\t\nNIC7\tNODE\tNODE\tSYS\tSYS\tNODE\tNODE\tSYS\tSYS\tPIX\tPIX\tPIX\t X \tPIX\tPIX\tPIX\tPIX\tPIX\t\t\t\t\nNIC8\tNODE\tNODE\tSYS\tSYS\tNODE\tNODE\tSYS\tSYS\tPIX\tPIX\tPIX\tPIX\t X \tPIX\tPIX\tPIX\tPIX\t\t\t\t\nNIC9\tNODE\tNODE\tSYS\tSYS\tNODE\tNODE\tSYS\tSYS\tPIX\tPIX\tPIX\tPIX\tPIX\t X \tPIX\tPIX\tPIX\t\t\t\t\nNIC10\tNODE\tNODE\tSYS\tSYS\tNODE\tNODE\tSYS\tSYS\tPIX\tPIX\tPIX\tPIX\tPIX\tPIX\t X \tPIX\tPIX\t\t\t\t\nNIC11\tNODE\tNODE\tSYS\tSYS\tNODE\tNODE\tSYS\tSYS\tPIX\tPIX\tPIX\tPIX\tPIX\tPIX\tPIX\t X \tPIX\t\t\t\t\nNIC12\tNODE\tNODE\tSYS\tSYS\tNODE\tNODE\tSYS\tSYS\tPIX\tPIX\tPIX\tPIX\tPIX\tPIX\tPIX\tPIX\t X \t\t\t\t\n\nLegend:\n\n  X    = Self\n  SYS  = Connection traversing PCIe as well as the SMP interconnect between NUMA nodes (e.g., QPI/UPI)\n  NODE = Connection traversing PCIe as well as the interconnect between PCIe Host Bridges within a NUMA node\n  PHB  = Connection traversing PCIe as well as a PCIe Host Bridge (typically the CPU)\n  PXB  = Connection traversing multiple PCIe bridges (without traversing the PCIe Host Bridge)\n  PIX  = Connection traversing at most a single PCIe bridge\n  NV#  = Connection traversing a bonded set of # NVLinks\n\nNIC Legend:\n\n  NIC0: ibp0\n  NIC1: ibp1\n  NIC2: ibp2\n  NIC3: ibp3\n  NIC4: mlx5_0\n  NIC5: mlx5_1\n  NIC6: mlx5_2\n  NIC7: mlx5_3\n  NIC8: mlx5_4\n  NIC9: mlx5_5\n  NIC10: mlx5_6\n  NIC11: mlx5_7\n  NIC12: mlx5_8"
            }
          },
          "before": {
            "field_errors": {},
            "gpus": [
              {
                "clocks.applications.graphics": "[Requested functionality has been deprecated]",
                "clocks.applications.memory": "[Requested functionality has been deprecated]",
                "clocks.current.graphics": "1950",
                "clocks.current.memory": "3996",
                "clocks.current.sm": "1950",
                "clocks.max.graphics": "2062",
                "clocks.max.memory": "3996",
                "clocks.max.sm": "2062",
                "driver_version": "595.71.05",
                "index": "0",
                "name": "NVIDIA GB200",
                "pci.bus_id": "00000008:01:00.0",
                "persistence_mode": "Enabled",
                "power.draw": "213.02",
                "power.limit": "1200.00",
                "pstate": "P0",
                "temperature.gpu": "36",
                "uuid": "GPU-64efb995-783a-a11a-c868-580e18809080"
              },
              {
                "clocks.applications.graphics": "[Requested functionality has been deprecated]",
                "clocks.applications.memory": "[Requested functionality has been deprecated]",
                "clocks.current.graphics": "1950",
                "clocks.current.memory": "3996",
                "clocks.current.sm": "1950",
                "clocks.max.graphics": "2062",
                "clocks.max.memory": "3996",
                "clocks.max.sm": "2062",
                "driver_version": "595.71.05",
                "index": "1",
                "name": "NVIDIA GB200",
                "pci.bus_id": "00000009:01:00.0",
                "persistence_mode": "Enabled",
                "power.draw": "205.24",
                "power.limit": "1200.00",
                "pstate": "P0",
                "temperature.gpu": "37",
                "uuid": "GPU-84233fbe-ed84-cfff-821c-7acc555c2503"
              },
              {
                "clocks.applications.graphics": "[Requested functionality has been deprecated]",
                "clocks.applications.memory": "[Requested functionality has been deprecated]",
                "clocks.current.graphics": "1950",
                "clocks.current.memory": "3996",
                "clocks.current.sm": "1950",
                "clocks.max.graphics": "2062",
                "clocks.max.memory": "3996",
                "clocks.max.sm": "2062",
                "driver_version": "595.71.05",
                "index": "2",
                "name": "NVIDIA GB200",
                "pci.bus_id": "00000018:01:00.0",
                "persistence_mode": "Enabled",
                "power.draw": "209.77",
                "power.limit": "1200.00",
                "pstate": "P0",
                "temperature.gpu": "36",
                "uuid": "GPU-19bf3c4b-1e4c-1afc-3db0-adf098d28d8b"
              },
              {
                "clocks.applications.graphics": "[Requested functionality has been deprecated]",
                "clocks.applications.memory": "[Requested functionality has been deprecated]",
                "clocks.current.graphics": "1950",
                "clocks.current.memory": "3996",
                "clocks.current.sm": "1950",
                "clocks.max.graphics": "2062",
                "clocks.max.memory": "3996",
                "clocks.max.sm": "2062",
                "driver_version": "595.71.05",
                "index": "3",
                "name": "NVIDIA GB200",
                "pci.bus_id": "00000019:01:00.0",
                "persistence_mode": "Enabled",
                "power.draw": "231.52",
                "power.limit": "1200.00",
                "pstate": "P0",
                "temperature.gpu": "36",
                "uuid": "GPU-14a91ec2-4299-59e4-c682-00a36868d987"
              }
            ],
            "topology": {
              "arguments": [
                "nvidia-smi",
                "topo",
                "-m"
              ],
              "returncode": 0,
              "stderr": "",
              "stdout": "\u001b[4mGPU0\tGPU1\tGPU2\tGPU3\tNIC0\tNIC1\tNIC2\tNIC3\tNIC4\tNIC5\tNIC6\tNIC7\tNIC8\tNIC9\tNIC10\tNIC11\tNIC12\tCPU Affinity\tNUMA Affinity\tGPU NUMA ID\u001b[0m\nGPU0\t X \tNV18\tNV18\tNV18\tNODE\tNODE\tSYS\tSYS\tNODE\tNODE\tNODE\tNODE\tNODE\tNODE\tNODE\tNODE\tNODE\t0-71\t0\t\tN/A\nGPU1\tNV18\t X \tNV18\tNV18\tNODE\tNODE\tSYS\tSYS\tNODE\tNODE\tNODE\tNODE\tNODE\tNODE\tNODE\tNODE\tNODE\t0-71\t0\t\tN/A\nGPU2\tNV18\tNV18\t X \tNV18\tSYS\tSYS\tNODE\tNODE\tSYS\tSYS\tSYS\tSYS\tSYS\tSYS\tSYS\tSYS\tSYS\t72-143\t1\t\tN/A\nGPU3\tNV18\tNV18\tNV18\t X \tSYS\tSYS\tNODE\tNODE\tSYS\tSYS\tSYS\tSYS\tSYS\tSYS\tSYS\tSYS\tSYS\t72-143\t1\t\tN/A\nNIC0\tNODE\tNODE\tSYS\tSYS\t X \tNODE\tSYS\tSYS\tNODE\tNODE\tNODE\tNODE\tNODE\tNODE\tNODE\tNODE\tNODE\t\t\t\t\nNIC1\tNODE\tNODE\tSYS\tSYS\tNODE\t X \tSYS\tSYS\tNODE\tNODE\tNODE\tNODE\tNODE\tNODE\tNODE\tNODE\tNODE\t\t\t\t\nNIC2\tSYS\tSYS\tNODE\tNODE\tSYS\tSYS\t X \tNODE\tSYS\tSYS\tSYS\tSYS\tSYS\tSYS\tSYS\tSYS\tSYS\t\t\t\t\nNIC3\tSYS\tSYS\tNODE\tNODE\tSYS\tSYS\tNODE\t X \tSYS\tSYS\tSYS\tSYS\tSYS\tSYS\tSYS\tSYS\tSYS\t\t\t\t\nNIC4\tNODE\tNODE\tSYS\tSYS\tNODE\tNODE\tSYS\tSYS\t X \tPIX\tPIX\tPIX\tPIX\tPIX\tPIX\tPIX\tPIX\t\t\t\t\nNIC5\tNODE\tNODE\tSYS\tSYS\tNODE\tNODE\tSYS\tSYS\tPIX\t X \tPIX\tPIX\tPIX\tPIX\tPIX\tPIX\tPIX\t\t\t\t\nNIC6\tNODE\tNODE\tSYS\tSYS\tNODE\tNODE\tSYS\tSYS\tPIX\tPIX\t X \tPIX\tPIX\tPIX\tPIX\tPIX\tPIX\t\t\t\t\nNIC7\tNODE\tNODE\tSYS\tSYS\tNODE\tNODE\tSYS\tSYS\tPIX\tPIX\tPIX\t X \tPIX\tPIX\tPIX\tPIX\tPIX\t\t\t\t\nNIC8\tNODE\tNODE\tSYS\tSYS\tNODE\tNODE\tSYS\tSYS\tPIX\tPIX\tPIX\tPIX\t X \tPIX\tPIX\tPIX\tPIX\t\t\t\t\nNIC9\tNODE\tNODE\tSYS\tSYS\tNODE\tNODE\tSYS\tSYS\tPIX\tPIX\tPIX\tPIX\tPIX\t X \tPIX\tPIX\tPIX\t\t\t\t\nNIC10\tNODE\tNODE\tSYS\tSYS\tNODE\tNODE\tSYS\tSYS\tPIX\tPIX\tPIX\tPIX\tPIX\tPIX\t X \tPIX\tPIX\t\t\t\t\nNIC11\tNODE\tNODE\tSYS\tSYS\tNODE\tNODE\tSYS\tSYS\tPIX\tPIX\tPIX\tPIX\tPIX\tPIX\tPIX\t X \tPIX\t\t\t\t\nNIC12\tNODE\tNODE\tSYS\tSYS\tNODE\tNODE\tSYS\tSYS\tPIX\tPIX\tPIX\tPIX\tPIX\tPIX\tPIX\tPIX\t X \t\t\t\t\n\nLegend:\n\n  X    = Self\n  SYS  = Connection traversing PCIe as well as the SMP interconnect between NUMA nodes (e.g., QPI/UPI)\n  NODE = Connection traversing PCIe as well as the interconnect between PCIe Host Bridges within a NUMA node\n  PHB  = Connection traversing PCIe as well as a PCIe Host Bridge (typically the CPU)\n  PXB  = Connection traversing multiple PCIe bridges (without traversing the PCIe Host Bridge)\n  PIX  = Connection traversing at most a single PCIe bridge\n  NV#  = Connection traversing a bonded set of # NVLinks\n\nNIC Legend:\n\n  NIC0: ibp0\n  NIC1: ibp1\n  NIC2: ibp2\n  NIC3: ibp3\n  NIC4: mlx5_0\n  NIC5: mlx5_1\n  NIC6: mlx5_2\n  NIC7: mlx5_3\n  NIC8: mlx5_4\n  NIC9: mlx5_5\n  NIC10: mlx5_6\n  NIC11: mlx5_7\n  NIC12: mlx5_8"
            }
          }
        },
        "full_generated_overlap_shared_with_async_dispatch": {
          "after": {
            "field_errors": {},
            "gpus": [
              {
                "clocks.applications.graphics": "[Requested functionality has been deprecated]",
                "clocks.applications.memory": "[Requested functionality has been deprecated]",
                "clocks.current.graphics": "1950",
                "clocks.current.memory": "3996",
                "clocks.current.sm": "1950",
                "clocks.max.graphics": "2062",
                "clocks.max.memory": "3996",
                "clocks.max.sm": "2062",
                "driver_version": "595.71.05",
                "index": "0",
                "name": "NVIDIA GB200",
                "pci.bus_id": "00000008:01:00.0",
                "persistence_mode": "Enabled",
                "power.draw": "374.82",
                "power.limit": "1200.00",
                "pstate": "P0",
                "temperature.gpu": "37",
                "uuid": "GPU-64efb995-783a-a11a-c868-580e18809080"
              },
              {
                "clocks.applications.graphics": "[Requested functionality has been deprecated]",
                "clocks.applications.memory": "[Requested functionality has been deprecated]",
                "clocks.current.graphics": "1950",
                "clocks.current.memory": "3996",
                "clocks.current.sm": "1950",
                "clocks.max.graphics": "2062",
                "clocks.max.memory": "3996",
                "clocks.max.sm": "2062",
                "driver_version": "595.71.05",
                "index": "1",
                "name": "NVIDIA GB200",
                "pci.bus_id": "00000009:01:00.0",
                "persistence_mode": "Enabled",
                "power.draw": "359.19",
                "power.limit": "1200.00",
                "pstate": "P0",
                "temperature.gpu": "37",
                "uuid": "GPU-84233fbe-ed84-cfff-821c-7acc555c2503"
              },
              {
                "clocks.applications.graphics": "[Requested functionality has been deprecated]",
                "clocks.applications.memory": "[Requested functionality has been deprecated]",
                "clocks.current.graphics": "1950",
                "clocks.current.memory": "3996",
                "clocks.current.sm": "1950",
                "clocks.max.graphics": "2062",
                "clocks.max.memory": "3996",
                "clocks.max.sm": "2062",
                "driver_version": "595.71.05",
                "index": "2",
                "name": "NVIDIA GB200",
                "pci.bus_id": "00000018:01:00.0",
                "persistence_mode": "Enabled",
                "power.draw": "368.57",
                "power.limit": "1200.00",
                "pstate": "P0",
                "temperature.gpu": "37",
                "uuid": "GPU-19bf3c4b-1e4c-1afc-3db0-adf098d28d8b"
              },
              {
                "clocks.applications.graphics": "[Requested functionality has been deprecated]",
                "clocks.applications.memory": "[Requested functionality has been deprecated]",
                "clocks.current.graphics": "1950",
                "clocks.current.memory": "3996",
                "clocks.current.sm": "1950",
                "clocks.max.graphics": "2062",
                "clocks.max.memory": "3996",
                "clocks.max.sm": "2062",
                "driver_version": "595.71.05",
                "index": "3",
                "name": "NVIDIA GB200",
                "pci.bus_id": "00000019:01:00.0",
                "persistence_mode": "Enabled",
                "power.draw": "393.97",
                "power.limit": "1200.00",
                "pstate": "P0",
                "temperature.gpu": "37",
                "uuid": "GPU-14a91ec2-4299-59e4-c682-00a36868d987"
              }
            ],
            "topology": {
              "arguments": [
                "nvidia-smi",
                "topo",
                "-m"
              ],
              "returncode": 0,
              "stderr": "",
              "stdout": "\u001b[4mGPU0\tGPU1\tGPU2\tGPU3\tNIC0\tNIC1\tNIC2\tNIC3\tNIC4\tNIC5\tNIC6\tNIC7\tNIC8\tNIC9\tNIC10\tNIC11\tNIC12\tCPU Affinity\tNUMA Affinity\tGPU NUMA ID\u001b[0m\nGPU0\t X \tNV18\tNV18\tNV18\tNODE\tNODE\tSYS\tSYS\tNODE\tNODE\tNODE\tNODE\tNODE\tNODE\tNODE\tNODE\tNODE\t0-71\t0\t\tN/A\nGPU1\tNV18\t X \tNV18\tNV18\tNODE\tNODE\tSYS\tSYS\tNODE\tNODE\tNODE\tNODE\tNODE\tNODE\tNODE\tNODE\tNODE\t0-71\t0\t\tN/A\nGPU2\tNV18\tNV18\t X \tNV18\tSYS\tSYS\tNODE\tNODE\tSYS\tSYS\tSYS\tSYS\tSYS\tSYS\tSYS\tSYS\tSYS\t72-143\t1\t\tN/A\nGPU3\tNV18\tNV18\tNV18\t X \tSYS\tSYS\tNODE\tNODE\tSYS\tSYS\tSYS\tSYS\tSYS\tSYS\tSYS\tSYS\tSYS\t72-143\t1\t\tN/A\nNIC0\tNODE\tNODE\tSYS\tSYS\t X \tNODE\tSYS\tSYS\tNODE\tNODE\tNODE\tNODE\tNODE\tNODE\tNODE\tNODE\tNODE\t\t\t\t\nNIC1\tNODE\tNODE\tSYS\tSYS\tNODE\t X \tSYS\tSYS\tNODE\tNODE\tNODE\tNODE\tNODE\tNODE\tNODE\tNODE\tNODE\t\t\t\t\nNIC2\tSYS\tSYS\tNODE\tNODE\tSYS\tSYS\t X \tNODE\tSYS\tSYS\tSYS\tSYS\tSYS\tSYS\tSYS\tSYS\tSYS\t\t\t\t\nNIC3\tSYS\tSYS\tNODE\tNODE\tSYS\tSYS\tNODE\t X \tSYS\tSYS\tSYS\tSYS\tSYS\tSYS\tSYS\tSYS\tSYS\t\t\t\t\nNIC4\tNODE\tNODE\tSYS\tSYS\tNODE\tNODE\tSYS\tSYS\t X \tPIX\tPIX\tPIX\tPIX\tPIX\tPIX\tPIX\tPIX\t\t\t\t\nNIC5\tNODE\tNODE\tSYS\tSYS\tNODE\tNODE\tSYS\tSYS\tPIX\t X \tPIX\tPIX\tPIX\tPIX\tPIX\tPIX\tPIX\t\t\t\t\nNIC6\tNODE\tNODE\tSYS\tSYS\tNODE\tNODE\tSYS\tSYS\tPIX\tPIX\t X \tPIX\tPIX\tPIX\tPIX\tPIX\tPIX\t\t\t\t\nNIC7\tNODE\tNODE\tSYS\tSYS\tNODE\tNODE\tSYS\tSYS\tPIX\tPIX\tPIX\t X \tPIX\tPIX\tPIX\tPIX\tPIX\t\t\t\t\nNIC8\tNODE\tNODE\tSYS\tSYS\tNODE\tNODE\tSYS\tSYS\tPIX\tPIX\tPIX\tPIX\t X \tPIX\tPIX\tPIX\tPIX\t\t\t\t\nNIC9\tNODE\tNODE\tSYS\tSYS\tNODE\tNODE\tSYS\tSYS\tPIX\tPIX\tPIX\tPIX\tPIX\t X \tPIX\tPIX\tPIX\t\t\t\t\nNIC10\tNODE\tNODE\tSYS\tSYS\tNODE\tNODE\tSYS\tSYS\tPIX\tPIX\tPIX\tPIX\tPIX\tPIX\t X \tPIX\tPIX\t\t\t\t\nNIC11\tNODE\tNODE\tSYS\tSYS\tNODE\tNODE\tSYS\tSYS\tPIX\tPIX\tPIX\tPIX\tPIX\tPIX\tPIX\t X \tPIX\t\t\t\t\nNIC12\tNODE\tNODE\tSYS\tSYS\tNODE\tNODE\tSYS\tSYS\tPIX\tPIX\tPIX\tPIX\tPIX\tPIX\tPIX\tPIX\t X \t\t\t\t\n\nLegend:\n\n  X    = Self\n  SYS  = Connection traversing PCIe as well as the SMP interconnect between NUMA nodes (e.g., QPI/UPI)\n  NODE = Connection traversing PCIe as well as the interconnect between PCIe Host Bridges within a NUMA node\n  PHB  = Connection traversing PCIe as well as a PCIe Host Bridge (typically the CPU)\n  PXB  = Connection traversing multiple PCIe bridges (without traversing the PCIe Host Bridge)\n  PIX  = Connection traversing at most a single PCIe bridge\n  NV#  = Connection traversing a bonded set of # NVLinks\n\nNIC Legend:\n\n  NIC0: ibp0\n  NIC1: ibp1\n  NIC2: ibp2\n  NIC3: ibp3\n  NIC4: mlx5_0\n  NIC5: mlx5_1\n  NIC6: mlx5_2\n  NIC7: mlx5_3\n  NIC8: mlx5_4\n  NIC9: mlx5_5\n  NIC10: mlx5_6\n  NIC11: mlx5_7\n  NIC12: mlx5_8"
            }
          },
          "before": {
            "field_errors": {},
            "gpus": [
              {
                "clocks.applications.graphics": "[Requested functionality has been deprecated]",
                "clocks.applications.memory": "[Requested functionality has been deprecated]",
                "clocks.current.graphics": "1950",
                "clocks.current.memory": "3996",
                "clocks.current.sm": "1950",
                "clocks.max.graphics": "2062",
                "clocks.max.memory": "3996",
                "clocks.max.sm": "2062",
                "driver_version": "595.71.05",
                "index": "0",
                "name": "NVIDIA GB200",
                "pci.bus_id": "00000008:01:00.0",
                "persistence_mode": "Enabled",
                "power.draw": "212.88",
                "power.limit": "1200.00",
                "pstate": "P0",
                "temperature.gpu": "36",
                "uuid": "GPU-64efb995-783a-a11a-c868-580e18809080"
              },
              {
                "clocks.applications.graphics": "[Requested functionality has been deprecated]",
                "clocks.applications.memory": "[Requested functionality has been deprecated]",
                "clocks.current.graphics": "1950",
                "clocks.current.memory": "3996",
                "clocks.current.sm": "1950",
                "clocks.max.graphics": "2062",
                "clocks.max.memory": "3996",
                "clocks.max.sm": "2062",
                "driver_version": "595.71.05",
                "index": "1",
                "name": "NVIDIA GB200",
                "pci.bus_id": "00000009:01:00.0",
                "persistence_mode": "Enabled",
                "power.draw": "206.00",
                "power.limit": "1200.00",
                "pstate": "P0",
                "temperature.gpu": "37",
                "uuid": "GPU-84233fbe-ed84-cfff-821c-7acc555c2503"
              },
              {
                "clocks.applications.graphics": "[Requested functionality has been deprecated]",
                "clocks.applications.memory": "[Requested functionality has been deprecated]",
                "clocks.current.graphics": "1950",
                "clocks.current.memory": "3996",
                "clocks.current.sm": "1950",
                "clocks.max.graphics": "2062",
                "clocks.max.memory": "3996",
                "clocks.max.sm": "2062",
                "driver_version": "595.71.05",
                "index": "2",
                "name": "NVIDIA GB200",
                "pci.bus_id": "00000018:01:00.0",
                "persistence_mode": "Enabled",
                "power.draw": "210.23",
                "power.limit": "1200.00",
                "pstate": "P0",
                "temperature.gpu": "36",
                "uuid": "GPU-19bf3c4b-1e4c-1afc-3db0-adf098d28d8b"
              },
              {
                "clocks.applications.graphics": "[Requested functionality has been deprecated]",
                "clocks.applications.memory": "[Requested functionality has been deprecated]",
                "clocks.current.graphics": "1950",
                "clocks.current.memory": "3996",
                "clocks.current.sm": "1950",
                "clocks.max.graphics": "2062",
                "clocks.max.memory": "3996",
                "clocks.max.sm": "2062",
                "driver_version": "595.71.05",
                "index": "3",
                "name": "NVIDIA GB200",
                "pci.bus_id": "00000019:01:00.0",
                "persistence_mode": "Enabled",
                "power.draw": "231.22",
                "power.limit": "1200.00",
                "pstate": "P0",
                "temperature.gpu": "36",
                "uuid": "GPU-14a91ec2-4299-59e4-c682-00a36868d987"
              }
            ],
            "topology": {
              "arguments": [
                "nvidia-smi",
                "topo",
                "-m"
              ],
              "returncode": 0,
              "stderr": "",
              "stdout": "\u001b[4mGPU0\tGPU1\tGPU2\tGPU3\tNIC0\tNIC1\tNIC2\tNIC3\tNIC4\tNIC5\tNIC6\tNIC7\tNIC8\tNIC9\tNIC10\tNIC11\tNIC12\tCPU Affinity\tNUMA Affinity\tGPU NUMA ID\u001b[0m\nGPU0\t X \tNV18\tNV18\tNV18\tNODE\tNODE\tSYS\tSYS\tNODE\tNODE\tNODE\tNODE\tNODE\tNODE\tNODE\tNODE\tNODE\t0-71\t0\t\tN/A\nGPU1\tNV18\t X \tNV18\tNV18\tNODE\tNODE\tSYS\tSYS\tNODE\tNODE\tNODE\tNODE\tNODE\tNODE\tNODE\tNODE\tNODE\t0-71\t0\t\tN/A\nGPU2\tNV18\tNV18\t X \tNV18\tSYS\tSYS\tNODE\tNODE\tSYS\tSYS\tSYS\tSYS\tSYS\tSYS\tSYS\tSYS\tSYS\t72-143\t1\t\tN/A\nGPU3\tNV18\tNV18\tNV18\t X \tSYS\tSYS\tNODE\tNODE\tSYS\tSYS\tSYS\tSYS\tSYS\tSYS\tSYS\tSYS\tSYS\t72-143\t1\t\tN/A\nNIC0\tNODE\tNODE\tSYS\tSYS\t X \tNODE\tSYS\tSYS\tNODE\tNODE\tNODE\tNODE\tNODE\tNODE\tNODE\tNODE\tNODE\t\t\t\t\nNIC1\tNODE\tNODE\tSYS\tSYS\tNODE\t X \tSYS\tSYS\tNODE\tNODE\tNODE\tNODE\tNODE\tNODE\tNODE\tNODE\tNODE\t\t\t\t\nNIC2\tSYS\tSYS\tNODE\tNODE\tSYS\tSYS\t X \tNODE\tSYS\tSYS\tSYS\tSYS\tSYS\tSYS\tSYS\tSYS\tSYS\t\t\t\t\nNIC3\tSYS\tSYS\tNODE\tNODE\tSYS\tSYS\tNODE\t X \tSYS\tSYS\tSYS\tSYS\tSYS\tSYS\tSYS\tSYS\tSYS\t\t\t\t\nNIC4\tNODE\tNODE\tSYS\tSYS\tNODE\tNODE\tSYS\tSYS\t X \tPIX\tPIX\tPIX\tPIX\tPIX\tPIX\tPIX\tPIX\t\t\t\t\nNIC5\tNODE\tNODE\tSYS\tSYS\tNODE\tNODE\tSYS\tSYS\tPIX\t X \tPIX\tPIX\tPIX\tPIX\tPIX\tPIX\tPIX\t\t\t\t\nNIC6\tNODE\tNODE\tSYS\tSYS\tNODE\tNODE\tSYS\tSYS\tPIX\tPIX\t X \tPIX\tPIX\tPIX\tPIX\tPIX\tPIX\t\t\t\t\nNIC7\tNODE\tNODE\tSYS\tSYS\tNODE\tNODE\tSYS\tSYS\tPIX\tPIX\tPIX\t X \tPIX\tPIX\tPIX\tPIX\tPIX\t\t\t\t\nNIC8\tNODE\tNODE\tSYS\tSYS\tNODE\tNODE\tSYS\tSYS\tPIX\tPIX\tPIX\tPIX\t X \tPIX\tPIX\tPIX\tPIX\t\t\t\t\nNIC9\tNODE\tNODE\tSYS\tSYS\tNODE\tNODE\tSYS\tSYS\tPIX\tPIX\tPIX\tPIX\tPIX\t X \tPIX\tPIX\tPIX\t\t\t\t\nNIC10\tNODE\tNODE\tSYS\tSYS\tNODE\tNODE\tSYS\tSYS\tPIX\tPIX\tPIX\tPIX\tPIX\tPIX\t X \tPIX\tPIX\t\t\t\t\nNIC11\tNODE\tNODE\tSYS\tSYS\tNODE\tNODE\tSYS\tSYS\tPIX\tPIX\tPIX\tPIX\tPIX\tPIX\tPIX\t X \tPIX\t\t\t\t\nNIC12\tNODE\tNODE\tSYS\tSYS\tNODE\tNODE\tSYS\tSYS\tPIX\tPIX\tPIX\tPIX\tPIX\tPIX\tPIX\tPIX\t X \t\t\t\t\n\nLegend:\n\n  X    = Self\n  SYS  = Connection traversing PCIe as well as the SMP interconnect between NUMA nodes (e.g., QPI/UPI)\n  NODE = Connection traversing PCIe as well as the interconnect between PCIe Host Bridges within a NUMA node\n  PHB  = Connection traversing PCIe as well as a PCIe Host Bridge (typically the CPU)\n  PXB  = Connection traversing multiple PCIe bridges (without traversing the PCIe Host Bridge)\n  PIX  = Connection traversing at most a single PCIe bridge\n  NV#  = Connection traversing a bonded set of # NVLinks\n\nNIC Legend:\n\n  NIC0: ibp0\n  NIC1: ibp1\n  NIC2: ibp2\n  NIC3: ibp3\n  NIC4: mlx5_0\n  NIC5: mlx5_1\n  NIC6: mlx5_2\n  NIC7: mlx5_3\n  NIC8: mlx5_4\n  NIC9: mlx5_5\n  NIC10: mlx5_6\n  NIC11: mlx5_7\n  NIC12: mlx5_8"
            }
          }
        },
        "full_generated_sequential": {
          "after": {
            "field_errors": {},
            "gpus": [
              {
                "clocks.applications.graphics": "[Requested functionality has been deprecated]",
                "clocks.applications.memory": "[Requested functionality has been deprecated]",
                "clocks.current.graphics": "1950",
                "clocks.current.memory": "3996",
                "clocks.current.sm": "1950",
                "clocks.max.graphics": "2062",
                "clocks.max.memory": "3996",
                "clocks.max.sm": "2062",
                "driver_version": "595.71.05",
                "index": "0",
                "name": "NVIDIA GB200",
                "pci.bus_id": "00000008:01:00.0",
                "persistence_mode": "Enabled",
                "power.draw": "377.14",
                "power.limit": "1200.00",
                "pstate": "P0",
                "temperature.gpu": "37",
                "uuid": "GPU-64efb995-783a-a11a-c868-580e18809080"
              },
              {
                "clocks.applications.graphics": "[Requested functionality has been deprecated]",
                "clocks.applications.memory": "[Requested functionality has been deprecated]",
                "clocks.current.graphics": "1950",
                "clocks.current.memory": "3996",
                "clocks.current.sm": "1950",
                "clocks.max.graphics": "2062",
                "clocks.max.memory": "3996",
                "clocks.max.sm": "2062",
                "driver_version": "595.71.05",
                "index": "1",
                "name": "NVIDIA GB200",
                "pci.bus_id": "00000009:01:00.0",
                "persistence_mode": "Enabled",
                "power.draw": "363.63",
                "power.limit": "1200.00",
                "pstate": "P0",
                "temperature.gpu": "38",
                "uuid": "GPU-84233fbe-ed84-cfff-821c-7acc555c2503"
              },
              {
                "clocks.applications.graphics": "[Requested functionality has been deprecated]",
                "clocks.applications.memory": "[Requested functionality has been deprecated]",
                "clocks.current.graphics": "1950",
                "clocks.current.memory": "3996",
                "clocks.current.sm": "1950",
                "clocks.max.graphics": "2062",
                "clocks.max.memory": "3996",
                "clocks.max.sm": "2062",
                "driver_version": "595.71.05",
                "index": "2",
                "name": "NVIDIA GB200",
                "pci.bus_id": "00000018:01:00.0",
                "persistence_mode": "Enabled",
                "power.draw": "381.20",
                "power.limit": "1200.00",
                "pstate": "P0",
                "temperature.gpu": "37",
                "uuid": "GPU-19bf3c4b-1e4c-1afc-3db0-adf098d28d8b"
              },
              {
                "clocks.applications.graphics": "[Requested functionality has been deprecated]",
                "clocks.applications.memory": "[Requested functionality has been deprecated]",
                "clocks.current.graphics": "1950",
                "clocks.current.memory": "3996",
                "clocks.current.sm": "1950",
                "clocks.max.graphics": "2062",
                "clocks.max.memory": "3996",
                "clocks.max.sm": "2062",
                "driver_version": "595.71.05",
                "index": "3",
                "name": "NVIDIA GB200",
                "pci.bus_id": "00000019:01:00.0",
                "persistence_mode": "Enabled",
                "power.draw": "394.81",
                "power.limit": "1200.00",
                "pstate": "P0",
                "temperature.gpu": "37",
                "uuid": "GPU-14a91ec2-4299-59e4-c682-00a36868d987"
              }
            ],
            "topology": {
              "arguments": [
                "nvidia-smi",
                "topo",
                "-m"
              ],
              "returncode": 0,
              "stderr": "",
              "stdout": "\u001b[4mGPU0\tGPU1\tGPU2\tGPU3\tNIC0\tNIC1\tNIC2\tNIC3\tNIC4\tNIC5\tNIC6\tNIC7\tNIC8\tNIC9\tNIC10\tNIC11\tNIC12\tCPU Affinity\tNUMA Affinity\tGPU NUMA ID\u001b[0m\nGPU0\t X \tNV18\tNV18\tNV18\tNODE\tNODE\tSYS\tSYS\tNODE\tNODE\tNODE\tNODE\tNODE\tNODE\tNODE\tNODE\tNODE\t0-71\t0\t\tN/A\nGPU1\tNV18\t X \tNV18\tNV18\tNODE\tNODE\tSYS\tSYS\tNODE\tNODE\tNODE\tNODE\tNODE\tNODE\tNODE\tNODE\tNODE\t0-71\t0\t\tN/A\nGPU2\tNV18\tNV18\t X \tNV18\tSYS\tSYS\tNODE\tNODE\tSYS\tSYS\tSYS\tSYS\tSYS\tSYS\tSYS\tSYS\tSYS\t72-143\t1\t\tN/A\nGPU3\tNV18\tNV18\tNV18\t X \tSYS\tSYS\tNODE\tNODE\tSYS\tSYS\tSYS\tSYS\tSYS\tSYS\tSYS\tSYS\tSYS\t72-143\t1\t\tN/A\nNIC0\tNODE\tNODE\tSYS\tSYS\t X \tNODE\tSYS\tSYS\tNODE\tNODE\tNODE\tNODE\tNODE\tNODE\tNODE\tNODE\tNODE\t\t\t\t\nNIC1\tNODE\tNODE\tSYS\tSYS\tNODE\t X \tSYS\tSYS\tNODE\tNODE\tNODE\tNODE\tNODE\tNODE\tNODE\tNODE\tNODE\t\t\t\t\nNIC2\tSYS\tSYS\tNODE\tNODE\tSYS\tSYS\t X \tNODE\tSYS\tSYS\tSYS\tSYS\tSYS\tSYS\tSYS\tSYS\tSYS\t\t\t\t\nNIC3\tSYS\tSYS\tNODE\tNODE\tSYS\tSYS\tNODE\t X \tSYS\tSYS\tSYS\tSYS\tSYS\tSYS\tSYS\tSYS\tSYS\t\t\t\t\nNIC4\tNODE\tNODE\tSYS\tSYS\tNODE\tNODE\tSYS\tSYS\t X \tPIX\tPIX\tPIX\tPIX\tPIX\tPIX\tPIX\tPIX\t\t\t\t\nNIC5\tNODE\tNODE\tSYS\tSYS\tNODE\tNODE\tSYS\tSYS\tPIX\t X \tPIX\tPIX\tPIX\tPIX\tPIX\tPIX\tPIX\t\t\t\t\nNIC6\tNODE\tNODE\tSYS\tSYS\tNODE\tNODE\tSYS\tSYS\tPIX\tPIX\t X \tPIX\tPIX\tPIX\tPIX\tPIX\tPIX\t\t\t\t\nNIC7\tNODE\tNODE\tSYS\tSYS\tNODE\tNODE\tSYS\tSYS\tPIX\tPIX\tPIX\t X \tPIX\tPIX\tPIX\tPIX\tPIX\t\t\t\t\nNIC8\tNODE\tNODE\tSYS\tSYS\tNODE\tNODE\tSYS\tSYS\tPIX\tPIX\tPIX\tPIX\t X \tPIX\tPIX\tPIX\tPIX\t\t\t\t\nNIC9\tNODE\tNODE\tSYS\tSYS\tNODE\tNODE\tSYS\tSYS\tPIX\tPIX\tPIX\tPIX\tPIX\t X \tPIX\tPIX\tPIX\t\t\t\t\nNIC10\tNODE\tNODE\tSYS\tSYS\tNODE\tNODE\tSYS\tSYS\tPIX\tPIX\tPIX\tPIX\tPIX\tPIX\t X \tPIX\tPIX\t\t\t\t\nNIC11\tNODE\tNODE\tSYS\tSYS\tNODE\tNODE\tSYS\tSYS\tPIX\tPIX\tPIX\tPIX\tPIX\tPIX\tPIX\t X \tPIX\t\t\t\t\nNIC12\tNODE\tNODE\tSYS\tSYS\tNODE\tNODE\tSYS\tSYS\tPIX\tPIX\tPIX\tPIX\tPIX\tPIX\tPIX\tPIX\t X \t\t\t\t\n\nLegend:\n\n  X    = Self\n  SYS  = Connection traversing PCIe as well as the SMP interconnect between NUMA nodes (e.g., QPI/UPI)\n  NODE = Connection traversing PCIe as well as the interconnect between PCIe Host Bridges within a NUMA node\n  PHB  = Connection traversing PCIe as well as a PCIe Host Bridge (typically the CPU)\n  PXB  = Connection traversing multiple PCIe bridges (without traversing the PCIe Host Bridge)\n  PIX  = Connection traversing at most a single PCIe bridge\n  NV#  = Connection traversing a bonded set of # NVLinks\n\nNIC Legend:\n\n  NIC0: ibp0\n  NIC1: ibp1\n  NIC2: ibp2\n  NIC3: ibp3\n  NIC4: mlx5_0\n  NIC5: mlx5_1\n  NIC6: mlx5_2\n  NIC7: mlx5_3\n  NIC8: mlx5_4\n  NIC9: mlx5_5\n  NIC10: mlx5_6\n  NIC11: mlx5_7\n  NIC12: mlx5_8"
            }
          },
          "before": {
            "field_errors": {},
            "gpus": [
              {
                "clocks.applications.graphics": "[Requested functionality has been deprecated]",
                "clocks.applications.memory": "[Requested functionality has been deprecated]",
                "clocks.current.graphics": "1950",
                "clocks.current.memory": "3996",
                "clocks.current.sm": "1950",
                "clocks.max.graphics": "2062",
                "clocks.max.memory": "3996",
                "clocks.max.sm": "2062",
                "driver_version": "595.71.05",
                "index": "0",
                "name": "NVIDIA GB200",
                "pci.bus_id": "00000008:01:00.0",
                "persistence_mode": "Enabled",
                "power.draw": "212.81",
                "power.limit": "1200.00",
                "pstate": "P0",
                "temperature.gpu": "36",
                "uuid": "GPU-64efb995-783a-a11a-c868-580e18809080"
              },
              {
                "clocks.applications.graphics": "[Requested functionality has been deprecated]",
                "clocks.applications.memory": "[Requested functionality has been deprecated]",
                "clocks.current.graphics": "1950",
                "clocks.current.memory": "3996",
                "clocks.current.sm": "1950",
                "clocks.max.graphics": "2062",
                "clocks.max.memory": "3996",
                "clocks.max.sm": "2062",
                "driver_version": "595.71.05",
                "index": "1",
                "name": "NVIDIA GB200",
                "pci.bus_id": "00000009:01:00.0",
                "persistence_mode": "Enabled",
                "power.draw": "205.46",
                "power.limit": "1200.00",
                "pstate": "P0",
                "temperature.gpu": "37",
                "uuid": "GPU-84233fbe-ed84-cfff-821c-7acc555c2503"
              },
              {
                "clocks.applications.graphics": "[Requested functionality has been deprecated]",
                "clocks.applications.memory": "[Requested functionality has been deprecated]",
                "clocks.current.graphics": "1950",
                "clocks.current.memory": "3996",
                "clocks.current.sm": "1950",
                "clocks.max.graphics": "2062",
                "clocks.max.memory": "3996",
                "clocks.max.sm": "2062",
                "driver_version": "595.71.05",
                "index": "2",
                "name": "NVIDIA GB200",
                "pci.bus_id": "00000018:01:00.0",
                "persistence_mode": "Enabled",
                "power.draw": "209.67",
                "power.limit": "1200.00",
                "pstate": "P0",
                "temperature.gpu": "36",
                "uuid": "GPU-19bf3c4b-1e4c-1afc-3db0-adf098d28d8b"
              },
              {
                "clocks.applications.graphics": "[Requested functionality has been deprecated]",
                "clocks.applications.memory": "[Requested functionality has been deprecated]",
                "clocks.current.graphics": "1950",
                "clocks.current.memory": "3996",
                "clocks.current.sm": "1950",
                "clocks.max.graphics": "2062",
                "clocks.max.memory": "3996",
                "clocks.max.sm": "2062",
                "driver_version": "595.71.05",
                "index": "3",
                "name": "NVIDIA GB200",
                "pci.bus_id": "00000019:01:00.0",
                "persistence_mode": "Enabled",
                "power.draw": "230.67",
                "power.limit": "1200.00",
                "pstate": "P0",
                "temperature.gpu": "36",
                "uuid": "GPU-14a91ec2-4299-59e4-c682-00a36868d987"
              }
            ],
            "topology": {
              "arguments": [
                "nvidia-smi",
                "topo",
                "-m"
              ],
              "returncode": 0,
              "stderr": "",
              "stdout": "\u001b[4mGPU0\tGPU1\tGPU2\tGPU3\tNIC0\tNIC1\tNIC2\tNIC3\tNIC4\tNIC5\tNIC6\tNIC7\tNIC8\tNIC9\tNIC10\tNIC11\tNIC12\tCPU Affinity\tNUMA Affinity\tGPU NUMA ID\u001b[0m\nGPU0\t X \tNV18\tNV18\tNV18\tNODE\tNODE\tSYS\tSYS\tNODE\tNODE\tNODE\tNODE\tNODE\tNODE\tNODE\tNODE\tNODE\t0-71\t0\t\tN/A\nGPU1\tNV18\t X \tNV18\tNV18\tNODE\tNODE\tSYS\tSYS\tNODE\tNODE\tNODE\tNODE\tNODE\tNODE\tNODE\tNODE\tNODE\t0-71\t0\t\tN/A\nGPU2\tNV18\tNV18\t X \tNV18\tSYS\tSYS\tNODE\tNODE\tSYS\tSYS\tSYS\tSYS\tSYS\tSYS\tSYS\tSYS\tSYS\t72-143\t1\t\tN/A\nGPU3\tNV18\tNV18\tNV18\t X \tSYS\tSYS\tNODE\tNODE\tSYS\tSYS\tSYS\tSYS\tSYS\tSYS\tSYS\tSYS\tSYS\t72-143\t1\t\tN/A\nNIC0\tNODE\tNODE\tSYS\tSYS\t X \tNODE\tSYS\tSYS\tNODE\tNODE\tNODE\tNODE\tNODE\tNODE\tNODE\tNODE\tNODE\t\t\t\t\nNIC1\tNODE\tNODE\tSYS\tSYS\tNODE\t X \tSYS\tSYS\tNODE\tNODE\tNODE\tNODE\tNODE\tNODE\tNODE\tNODE\tNODE\t\t\t\t\nNIC2\tSYS\tSYS\tNODE\tNODE\tSYS\tSYS\t X \tNODE\tSYS\tSYS\tSYS\tSYS\tSYS\tSYS\tSYS\tSYS\tSYS\t\t\t\t\nNIC3\tSYS\tSYS\tNODE\tNODE\tSYS\tSYS\tNODE\t X \tSYS\tSYS\tSYS\tSYS\tSYS\tSYS\tSYS\tSYS\tSYS\t\t\t\t\nNIC4\tNODE\tNODE\tSYS\tSYS\tNODE\tNODE\tSYS\tSYS\t X \tPIX\tPIX\tPIX\tPIX\tPIX\tPIX\tPIX\tPIX\t\t\t\t\nNIC5\tNODE\tNODE\tSYS\tSYS\tNODE\tNODE\tSYS\tSYS\tPIX\t X \tPIX\tPIX\tPIX\tPIX\tPIX\tPIX\tPIX\t\t\t\t\nNIC6\tNODE\tNODE\tSYS\tSYS\tNODE\tNODE\tSYS\tSYS\tPIX\tPIX\t X \tPIX\tPIX\tPIX\tPIX\tPIX\tPIX\t\t\t\t\nNIC7\tNODE\tNODE\tSYS\tSYS\tNODE\tNODE\tSYS\tSYS\tPIX\tPIX\tPIX\t X \tPIX\tPIX\tPIX\tPIX\tPIX\t\t\t\t\nNIC8\tNODE\tNODE\tSYS\tSYS\tNODE\tNODE\tSYS\tSYS\tPIX\tPIX\tPIX\tPIX\t X \tPIX\tPIX\tPIX\tPIX\t\t\t\t\nNIC9\tNODE\tNODE\tSYS\tSYS\tNODE\tNODE\tSYS\tSYS\tPIX\tPIX\tPIX\tPIX\tPIX\t X \tPIX\tPIX\tPIX\t\t\t\t\nNIC10\tNODE\tNODE\tSYS\tSYS\tNODE\tNODE\tSYS\tSYS\tPIX\tPIX\tPIX\tPIX\tPIX\tPIX\t X \tPIX\tPIX\t\t\t\t\nNIC11\tNODE\tNODE\tSYS\tSYS\tNODE\tNODE\tSYS\tSYS\tPIX\tPIX\tPIX\tPIX\tPIX\tPIX\tPIX\t X \tPIX\t\t\t\t\nNIC12\tNODE\tNODE\tSYS\tSYS\tNODE\tNODE\tSYS\tSYS\tPIX\tPIX\tPIX\tPIX\tPIX\tPIX\tPIX\tPIX\t X \t\t\t\t\n\nLegend:\n\n  X    = Self\n  SYS  = Connection traversing PCIe as well as the SMP interconnect between NUMA nodes (e.g., QPI/UPI)\n  NODE = Connection traversing PCIe as well as the interconnect between PCIe Host Bridges within a NUMA node\n  PHB  = Connection traversing PCIe as well as a PCIe Host Bridge (typically the CPU)\n  PXB  = Connection traversing multiple PCIe bridges (without traversing the PCIe Host Bridge)\n  PIX  = Connection traversing at most a single PCIe bridge\n  NV#  = Connection traversing a bonded set of # NVLinks\n\nNIC Legend:\n\n  NIC0: ibp0\n  NIC1: ibp1\n  NIC2: ibp2\n  NIC3: ibp3\n  NIC4: mlx5_0\n  NIC5: mlx5_1\n  NIC6: mlx5_2\n  NIC7: mlx5_3\n  NIC8: mlx5_4\n  NIC9: mlx5_5\n  NIC10: mlx5_6\n  NIC11: mlx5_7\n  NIC12: mlx5_8"
            }
          }
        },
        "full_overlap_shared_with_async_dispatch": {
          "after": {
            "field_errors": {},
            "gpus": [
              {
                "clocks.applications.graphics": "[Requested functionality has been deprecated]",
                "clocks.applications.memory": "[Requested functionality has been deprecated]",
                "clocks.current.graphics": "1950",
                "clocks.current.memory": "3996",
                "clocks.current.sm": "1950",
                "clocks.max.graphics": "2062",
                "clocks.max.memory": "3996",
                "clocks.max.sm": "2062",
                "driver_version": "595.71.05",
                "index": "0",
                "name": "NVIDIA GB200",
                "pci.bus_id": "00000008:01:00.0",
                "persistence_mode": "Enabled",
                "power.draw": "364.21",
                "power.limit": "1200.00",
                "pstate": "P0",
                "temperature.gpu": "37",
                "uuid": "GPU-64efb995-783a-a11a-c868-580e18809080"
              },
              {
                "clocks.applications.graphics": "[Requested functionality has been deprecated]",
                "clocks.applications.memory": "[Requested functionality has been deprecated]",
                "clocks.current.graphics": "1950",
                "clocks.current.memory": "3996",
                "clocks.current.sm": "1950",
                "clocks.max.graphics": "2062",
                "clocks.max.memory": "3996",
                "clocks.max.sm": "2062",
                "driver_version": "595.71.05",
                "index": "1",
                "name": "NVIDIA GB200",
                "pci.bus_id": "00000009:01:00.0",
                "persistence_mode": "Enabled",
                "power.draw": "370.89",
                "power.limit": "1200.00",
                "pstate": "P0",
                "temperature.gpu": "37",
                "uuid": "GPU-84233fbe-ed84-cfff-821c-7acc555c2503"
              },
              {
                "clocks.applications.graphics": "[Requested functionality has been deprecated]",
                "clocks.applications.memory": "[Requested functionality has been deprecated]",
                "clocks.current.graphics": "1950",
                "clocks.current.memory": "3996",
                "clocks.current.sm": "1950",
                "clocks.max.graphics": "2062",
                "clocks.max.memory": "3996",
                "clocks.max.sm": "2062",
                "driver_version": "595.71.05",
                "index": "2",
                "name": "NVIDIA GB200",
                "pci.bus_id": "00000018:01:00.0",
                "persistence_mode": "Enabled",
                "power.draw": "369.30",
                "power.limit": "1200.00",
                "pstate": "P0",
                "temperature.gpu": "37",
                "uuid": "GPU-19bf3c4b-1e4c-1afc-3db0-adf098d28d8b"
              },
              {
                "clocks.applications.graphics": "[Requested functionality has been deprecated]",
                "clocks.applications.memory": "[Requested functionality has been deprecated]",
                "clocks.current.graphics": "1950",
                "clocks.current.memory": "3996",
                "clocks.current.sm": "1950",
                "clocks.max.graphics": "2062",
                "clocks.max.memory": "3996",
                "clocks.max.sm": "2062",
                "driver_version": "595.71.05",
                "index": "3",
                "name": "NVIDIA GB200",
                "pci.bus_id": "00000019:01:00.0",
                "persistence_mode": "Enabled",
                "power.draw": "385.72",
                "power.limit": "1200.00",
                "pstate": "P0",
                "temperature.gpu": "37",
                "uuid": "GPU-14a91ec2-4299-59e4-c682-00a36868d987"
              }
            ],
            "topology": {
              "arguments": [
                "nvidia-smi",
                "topo",
                "-m"
              ],
              "returncode": 0,
              "stderr": "",
              "stdout": "\u001b[4mGPU0\tGPU1\tGPU2\tGPU3\tNIC0\tNIC1\tNIC2\tNIC3\tNIC4\tNIC5\tNIC6\tNIC7\tNIC8\tNIC9\tNIC10\tNIC11\tNIC12\tCPU Affinity\tNUMA Affinity\tGPU NUMA ID\u001b[0m\nGPU0\t X \tNV18\tNV18\tNV18\tNODE\tNODE\tSYS\tSYS\tNODE\tNODE\tNODE\tNODE\tNODE\tNODE\tNODE\tNODE\tNODE\t0-71\t0\t\tN/A\nGPU1\tNV18\t X \tNV18\tNV18\tNODE\tNODE\tSYS\tSYS\tNODE\tNODE\tNODE\tNODE\tNODE\tNODE\tNODE\tNODE\tNODE\t0-71\t0\t\tN/A\nGPU2\tNV18\tNV18\t X \tNV18\tSYS\tSYS\tNODE\tNODE\tSYS\tSYS\tSYS\tSYS\tSYS\tSYS\tSYS\tSYS\tSYS\t72-143\t1\t\tN/A\nGPU3\tNV18\tNV18\tNV18\t X \tSYS\tSYS\tNODE\tNODE\tSYS\tSYS\tSYS\tSYS\tSYS\tSYS\tSYS\tSYS\tSYS\t72-143\t1\t\tN/A\nNIC0\tNODE\tNODE\tSYS\tSYS\t X \tNODE\tSYS\tSYS\tNODE\tNODE\tNODE\tNODE\tNODE\tNODE\tNODE\tNODE\tNODE\t\t\t\t\nNIC1\tNODE\tNODE\tSYS\tSYS\tNODE\t X \tSYS\tSYS\tNODE\tNODE\tNODE\tNODE\tNODE\tNODE\tNODE\tNODE\tNODE\t\t\t\t\nNIC2\tSYS\tSYS\tNODE\tNODE\tSYS\tSYS\t X \tNODE\tSYS\tSYS\tSYS\tSYS\tSYS\tSYS\tSYS\tSYS\tSYS\t\t\t\t\nNIC3\tSYS\tSYS\tNODE\tNODE\tSYS\tSYS\tNODE\t X \tSYS\tSYS\tSYS\tSYS\tSYS\tSYS\tSYS\tSYS\tSYS\t\t\t\t\nNIC4\tNODE\tNODE\tSYS\tSYS\tNODE\tNODE\tSYS\tSYS\t X \tPIX\tPIX\tPIX\tPIX\tPIX\tPIX\tPIX\tPIX\t\t\t\t\nNIC5\tNODE\tNODE\tSYS\tSYS\tNODE\tNODE\tSYS\tSYS\tPIX\t X \tPIX\tPIX\tPIX\tPIX\tPIX\tPIX\tPIX\t\t\t\t\nNIC6\tNODE\tNODE\tSYS\tSYS\tNODE\tNODE\tSYS\tSYS\tPIX\tPIX\t X \tPIX\tPIX\tPIX\tPIX\tPIX\tPIX\t\t\t\t\nNIC7\tNODE\tNODE\tSYS\tSYS\tNODE\tNODE\tSYS\tSYS\tPIX\tPIX\tPIX\t X \tPIX\tPIX\tPIX\tPIX\tPIX\t\t\t\t\nNIC8\tNODE\tNODE\tSYS\tSYS\tNODE\tNODE\tSYS\tSYS\tPIX\tPIX\tPIX\tPIX\t X \tPIX\tPIX\tPIX\tPIX\t\t\t\t\nNIC9\tNODE\tNODE\tSYS\tSYS\tNODE\tNODE\tSYS\tSYS\tPIX\tPIX\tPIX\tPIX\tPIX\t X \tPIX\tPIX\tPIX\t\t\t\t\nNIC10\tNODE\tNODE\tSYS\tSYS\tNODE\tNODE\tSYS\tSYS\tPIX\tPIX\tPIX\tPIX\tPIX\tPIX\t X \tPIX\tPIX\t\t\t\t\nNIC11\tNODE\tNODE\tSYS\tSYS\tNODE\tNODE\tSYS\tSYS\tPIX\tPIX\tPIX\tPIX\tPIX\tPIX\tPIX\t X \tPIX\t\t\t\t\nNIC12\tNODE\tNODE\tSYS\tSYS\tNODE\tNODE\tSYS\tSYS\tPIX\tPIX\tPIX\tPIX\tPIX\tPIX\tPIX\tPIX\t X \t\t\t\t\n\nLegend:\n\n  X    = Self\n  SYS  = Connection traversing PCIe as well as the SMP interconnect between NUMA nodes (e.g., QPI/UPI)\n  NODE = Connection traversing PCIe as well as the interconnect between PCIe Host Bridges within a NUMA node\n  PHB  = Connection traversing PCIe as well as a PCIe Host Bridge (typically the CPU)\n  PXB  = Connection traversing multiple PCIe bridges (without traversing the PCIe Host Bridge)\n  PIX  = Connection traversing at most a single PCIe bridge\n  NV#  = Connection traversing a bonded set of # NVLinks\n\nNIC Legend:\n\n  NIC0: ibp0\n  NIC1: ibp1\n  NIC2: ibp2\n  NIC3: ibp3\n  NIC4: mlx5_0\n  NIC5: mlx5_1\n  NIC6: mlx5_2\n  NIC7: mlx5_3\n  NIC8: mlx5_4\n  NIC9: mlx5_5\n  NIC10: mlx5_6\n  NIC11: mlx5_7\n  NIC12: mlx5_8"
            }
          },
          "before": {
            "field_errors": {},
            "gpus": [
              {
                "clocks.applications.graphics": "[Requested functionality has been deprecated]",
                "clocks.applications.memory": "[Requested functionality has been deprecated]",
                "clocks.current.graphics": "1950",
                "clocks.current.memory": "3996",
                "clocks.current.sm": "1950",
                "clocks.max.graphics": "2062",
                "clocks.max.memory": "3996",
                "clocks.max.sm": "2062",
                "driver_version": "595.71.05",
                "index": "0",
                "name": "NVIDIA GB200",
                "pci.bus_id": "00000008:01:00.0",
                "persistence_mode": "Enabled",
                "power.draw": "212.59",
                "power.limit": "1200.00",
                "pstate": "P0",
                "temperature.gpu": "36",
                "uuid": "GPU-64efb995-783a-a11a-c868-580e18809080"
              },
              {
                "clocks.applications.graphics": "[Requested functionality has been deprecated]",
                "clocks.applications.memory": "[Requested functionality has been deprecated]",
                "clocks.current.graphics": "1950",
                "clocks.current.memory": "3996",
                "clocks.current.sm": "1950",
                "clocks.max.graphics": "2062",
                "clocks.max.memory": "3996",
                "clocks.max.sm": "2062",
                "driver_version": "595.71.05",
                "index": "1",
                "name": "NVIDIA GB200",
                "pci.bus_id": "00000009:01:00.0",
                "persistence_mode": "Enabled",
                "power.draw": "205.11",
                "power.limit": "1200.00",
                "pstate": "P0",
                "temperature.gpu": "37",
                "uuid": "GPU-84233fbe-ed84-cfff-821c-7acc555c2503"
              },
              {
                "clocks.applications.graphics": "[Requested functionality has been deprecated]",
                "clocks.applications.memory": "[Requested functionality has been deprecated]",
                "clocks.current.graphics": "1950",
                "clocks.current.memory": "3996",
                "clocks.current.sm": "1950",
                "clocks.max.graphics": "2062",
                "clocks.max.memory": "3996",
                "clocks.max.sm": "2062",
                "driver_version": "595.71.05",
                "index": "2",
                "name": "NVIDIA GB200",
                "pci.bus_id": "00000018:01:00.0",
                "persistence_mode": "Enabled",
                "power.draw": "209.00",
                "power.limit": "1200.00",
                "pstate": "P0",
                "temperature.gpu": "36",
                "uuid": "GPU-19bf3c4b-1e4c-1afc-3db0-adf098d28d8b"
              },
              {
                "clocks.applications.graphics": "[Requested functionality has been deprecated]",
                "clocks.applications.memory": "[Requested functionality has been deprecated]",
                "clocks.current.graphics": "1950",
                "clocks.current.memory": "3996",
                "clocks.current.sm": "1950",
                "clocks.max.graphics": "2062",
                "clocks.max.memory": "3996",
                "clocks.max.sm": "2062",
                "driver_version": "595.71.05",
                "index": "3",
                "name": "NVIDIA GB200",
                "pci.bus_id": "00000019:01:00.0",
                "persistence_mode": "Enabled",
                "power.draw": "231.11",
                "power.limit": "1200.00",
                "pstate": "P0",
                "temperature.gpu": "36",
                "uuid": "GPU-14a91ec2-4299-59e4-c682-00a36868d987"
              }
            ],
            "topology": {
              "arguments": [
                "nvidia-smi",
                "topo",
                "-m"
              ],
              "returncode": 0,
              "stderr": "",
              "stdout": "\u001b[4mGPU0\tGPU1\tGPU2\tGPU3\tNIC0\tNIC1\tNIC2\tNIC3\tNIC4\tNIC5\tNIC6\tNIC7\tNIC8\tNIC9\tNIC10\tNIC11\tNIC12\tCPU Affinity\tNUMA Affinity\tGPU NUMA ID\u001b[0m\nGPU0\t X \tNV18\tNV18\tNV18\tNODE\tNODE\tSYS\tSYS\tNODE\tNODE\tNODE\tNODE\tNODE\tNODE\tNODE\tNODE\tNODE\t0-71\t0\t\tN/A\nGPU1\tNV18\t X \tNV18\tNV18\tNODE\tNODE\tSYS\tSYS\tNODE\tNODE\tNODE\tNODE\tNODE\tNODE\tNODE\tNODE\tNODE\t0-71\t0\t\tN/A\nGPU2\tNV18\tNV18\t X \tNV18\tSYS\tSYS\tNODE\tNODE\tSYS\tSYS\tSYS\tSYS\tSYS\tSYS\tSYS\tSYS\tSYS\t72-143\t1\t\tN/A\nGPU3\tNV18\tNV18\tNV18\t X \tSYS\tSYS\tNODE\tNODE\tSYS\tSYS\tSYS\tSYS\tSYS\tSYS\tSYS\tSYS\tSYS\t72-143\t1\t\tN/A\nNIC0\tNODE\tNODE\tSYS\tSYS\t X \tNODE\tSYS\tSYS\tNODE\tNODE\tNODE\tNODE\tNODE\tNODE\tNODE\tNODE\tNODE\t\t\t\t\nNIC1\tNODE\tNODE\tSYS\tSYS\tNODE\t X \tSYS\tSYS\tNODE\tNODE\tNODE\tNODE\tNODE\tNODE\tNODE\tNODE\tNODE\t\t\t\t\nNIC2\tSYS\tSYS\tNODE\tNODE\tSYS\tSYS\t X \tNODE\tSYS\tSYS\tSYS\tSYS\tSYS\tSYS\tSYS\tSYS\tSYS\t\t\t\t\nNIC3\tSYS\tSYS\tNODE\tNODE\tSYS\tSYS\tNODE\t X \tSYS\tSYS\tSYS\tSYS\tSYS\tSYS\tSYS\tSYS\tSYS\t\t\t\t\nNIC4\tNODE\tNODE\tSYS\tSYS\tNODE\tNODE\tSYS\tSYS\t X \tPIX\tPIX\tPIX\tPIX\tPIX\tPIX\tPIX\tPIX\t\t\t\t\nNIC5\tNODE\tNODE\tSYS\tSYS\tNODE\tNODE\tSYS\tSYS\tPIX\t X \tPIX\tPIX\tPIX\tPIX\tPIX\tPIX\tPIX\t\t\t\t\nNIC6\tNODE\tNODE\tSYS\tSYS\tNODE\tNODE\tSYS\tSYS\tPIX\tPIX\t X \tPIX\tPIX\tPIX\tPIX\tPIX\tPIX\t\t\t\t\nNIC7\tNODE\tNODE\tSYS\tSYS\tNODE\tNODE\tSYS\tSYS\tPIX\tPIX\tPIX\t X \tPIX\tPIX\tPIX\tPIX\tPIX\t\t\t\t\nNIC8\tNODE\tNODE\tSYS\tSYS\tNODE\tNODE\tSYS\tSYS\tPIX\tPIX\tPIX\tPIX\t X \tPIX\tPIX\tPIX\tPIX\t\t\t\t\nNIC9\tNODE\tNODE\tSYS\tSYS\tNODE\tNODE\tSYS\tSYS\tPIX\tPIX\tPIX\tPIX\tPIX\t X \tPIX\tPIX\tPIX\t\t\t\t\nNIC10\tNODE\tNODE\tSYS\tSYS\tNODE\tNODE\tSYS\tSYS\tPIX\tPIX\tPIX\tPIX\tPIX\tPIX\t X \tPIX\tPIX\t\t\t\t\nNIC11\tNODE\tNODE\tSYS\tSYS\tNODE\tNODE\tSYS\tSYS\tPIX\tPIX\tPIX\tPIX\tPIX\tPIX\tPIX\t X \tPIX\t\t\t\t\nNIC12\tNODE\tNODE\tSYS\tSYS\tNODE\tNODE\tSYS\tSYS\tPIX\tPIX\tPIX\tPIX\tPIX\tPIX\tPIX\tPIX\t X \t\t\t\t\n\nLegend:\n\n  X    = Self\n  SYS  = Connection traversing PCIe as well as the SMP interconnect between NUMA nodes (e.g., QPI/UPI)\n  NODE = Connection traversing PCIe as well as the interconnect between PCIe Host Bridges within a NUMA node\n  PHB  = Connection traversing PCIe as well as a PCIe Host Bridge (typically the CPU)\n  PXB  = Connection traversing multiple PCIe bridges (without traversing the PCIe Host Bridge)\n  PIX  = Connection traversing at most a single PCIe bridge\n  NV#  = Connection traversing a bonded set of # NVLinks\n\nNIC Legend:\n\n  NIC0: ibp0\n  NIC1: ibp1\n  NIC2: ibp2\n  NIC3: ibp3\n  NIC4: mlx5_0\n  NIC5: mlx5_1\n  NIC6: mlx5_2\n  NIC7: mlx5_3\n  NIC8: mlx5_4\n  NIC9: mlx5_5\n  NIC10: mlx5_6\n  NIC11: mlx5_7\n  NIC12: mlx5_8"
            }
          }
        },
        "full_sequential": {
          "after": {
            "field_errors": {},
            "gpus": [
              {
                "clocks.applications.graphics": "[Requested functionality has been deprecated]",
                "clocks.applications.memory": "[Requested functionality has been deprecated]",
                "clocks.current.graphics": "1950",
                "clocks.current.memory": "3996",
                "clocks.current.sm": "1950",
                "clocks.max.graphics": "2062",
                "clocks.max.memory": "3996",
                "clocks.max.sm": "2062",
                "driver_version": "595.71.05",
                "index": "0",
                "name": "NVIDIA GB200",
                "pci.bus_id": "00000008:01:00.0",
                "persistence_mode": "Enabled",
                "power.draw": "372.24",
                "power.limit": "1200.00",
                "pstate": "P0",
                "temperature.gpu": "37",
                "uuid": "GPU-64efb995-783a-a11a-c868-580e18809080"
              },
              {
                "clocks.applications.graphics": "[Requested functionality has been deprecated]",
                "clocks.applications.memory": "[Requested functionality has been deprecated]",
                "clocks.current.graphics": "1950",
                "clocks.current.memory": "3996",
                "clocks.current.sm": "1950",
                "clocks.max.graphics": "2062",
                "clocks.max.memory": "3996",
                "clocks.max.sm": "2062",
                "driver_version": "595.71.05",
                "index": "1",
                "name": "NVIDIA GB200",
                "pci.bus_id": "00000009:01:00.0",
                "persistence_mode": "Enabled",
                "power.draw": "367.15",
                "power.limit": "1200.00",
                "pstate": "P0",
                "temperature.gpu": "37",
                "uuid": "GPU-84233fbe-ed84-cfff-821c-7acc555c2503"
              },
              {
                "clocks.applications.graphics": "[Requested functionality has been deprecated]",
                "clocks.applications.memory": "[Requested functionality has been deprecated]",
                "clocks.current.graphics": "1950",
                "clocks.current.memory": "3996",
                "clocks.current.sm": "1950",
                "clocks.max.graphics": "2062",
                "clocks.max.memory": "3996",
                "clocks.max.sm": "2062",
                "driver_version": "595.71.05",
                "index": "2",
                "name": "NVIDIA GB200",
                "pci.bus_id": "00000018:01:00.0",
                "persistence_mode": "Enabled",
                "power.draw": "371.51",
                "power.limit": "1200.00",
                "pstate": "P0",
                "temperature.gpu": "37",
                "uuid": "GPU-19bf3c4b-1e4c-1afc-3db0-adf098d28d8b"
              },
              {
                "clocks.applications.graphics": "[Requested functionality has been deprecated]",
                "clocks.applications.memory": "[Requested functionality has been deprecated]",
                "clocks.current.graphics": "1950",
                "clocks.current.memory": "3996",
                "clocks.current.sm": "1950",
                "clocks.max.graphics": "2062",
                "clocks.max.memory": "3996",
                "clocks.max.sm": "2062",
                "driver_version": "595.71.05",
                "index": "3",
                "name": "NVIDIA GB200",
                "pci.bus_id": "00000019:01:00.0",
                "persistence_mode": "Enabled",
                "power.draw": "392.66",
                "power.limit": "1200.00",
                "pstate": "P0",
                "temperature.gpu": "37",
                "uuid": "GPU-14a91ec2-4299-59e4-c682-00a36868d987"
              }
            ],
            "topology": {
              "arguments": [
                "nvidia-smi",
                "topo",
                "-m"
              ],
              "returncode": 0,
              "stderr": "",
              "stdout": "\u001b[4mGPU0\tGPU1\tGPU2\tGPU3\tNIC0\tNIC1\tNIC2\tNIC3\tNIC4\tNIC5\tNIC6\tNIC7\tNIC8\tNIC9\tNIC10\tNIC11\tNIC12\tCPU Affinity\tNUMA Affinity\tGPU NUMA ID\u001b[0m\nGPU0\t X \tNV18\tNV18\tNV18\tNODE\tNODE\tSYS\tSYS\tNODE\tNODE\tNODE\tNODE\tNODE\tNODE\tNODE\tNODE\tNODE\t0-71\t0\t\tN/A\nGPU1\tNV18\t X \tNV18\tNV18\tNODE\tNODE\tSYS\tSYS\tNODE\tNODE\tNODE\tNODE\tNODE\tNODE\tNODE\tNODE\tNODE\t0-71\t0\t\tN/A\nGPU2\tNV18\tNV18\t X \tNV18\tSYS\tSYS\tNODE\tNODE\tSYS\tSYS\tSYS\tSYS\tSYS\tSYS\tSYS\tSYS\tSYS\t72-143\t1\t\tN/A\nGPU3\tNV18\tNV18\tNV18\t X \tSYS\tSYS\tNODE\tNODE\tSYS\tSYS\tSYS\tSYS\tSYS\tSYS\tSYS\tSYS\tSYS\t72-143\t1\t\tN/A\nNIC0\tNODE\tNODE\tSYS\tSYS\t X \tNODE\tSYS\tSYS\tNODE\tNODE\tNODE\tNODE\tNODE\tNODE\tNODE\tNODE\tNODE\t\t\t\t\nNIC1\tNODE\tNODE\tSYS\tSYS\tNODE\t X \tSYS\tSYS\tNODE\tNODE\tNODE\tNODE\tNODE\tNODE\tNODE\tNODE\tNODE\t\t\t\t\nNIC2\tSYS\tSYS\tNODE\tNODE\tSYS\tSYS\t X \tNODE\tSYS\tSYS\tSYS\tSYS\tSYS\tSYS\tSYS\tSYS\tSYS\t\t\t\t\nNIC3\tSYS\tSYS\tNODE\tNODE\tSYS\tSYS\tNODE\t X \tSYS\tSYS\tSYS\tSYS\tSYS\tSYS\tSYS\tSYS\tSYS\t\t\t\t\nNIC4\tNODE\tNODE\tSYS\tSYS\tNODE\tNODE\tSYS\tSYS\t X \tPIX\tPIX\tPIX\tPIX\tPIX\tPIX\tPIX\tPIX\t\t\t\t\nNIC5\tNODE\tNODE\tSYS\tSYS\tNODE\tNODE\tSYS\tSYS\tPIX\t X \tPIX\tPIX\tPIX\tPIX\tPIX\tPIX\tPIX\t\t\t\t\nNIC6\tNODE\tNODE\tSYS\tSYS\tNODE\tNODE\tSYS\tSYS\tPIX\tPIX\t X \tPIX\tPIX\tPIX\tPIX\tPIX\tPIX\t\t\t\t\nNIC7\tNODE\tNODE\tSYS\tSYS\tNODE\tNODE\tSYS\tSYS\tPIX\tPIX\tPIX\t X \tPIX\tPIX\tPIX\tPIX\tPIX\t\t\t\t\nNIC8\tNODE\tNODE\tSYS\tSYS\tNODE\tNODE\tSYS\tSYS\tPIX\tPIX\tPIX\tPIX\t X \tPIX\tPIX\tPIX\tPIX\t\t\t\t\nNIC9\tNODE\tNODE\tSYS\tSYS\tNODE\tNODE\tSYS\tSYS\tPIX\tPIX\tPIX\tPIX\tPIX\t X \tPIX\tPIX\tPIX\t\t\t\t\nNIC10\tNODE\tNODE\tSYS\tSYS\tNODE\tNODE\tSYS\tSYS\tPIX\tPIX\tPIX\tPIX\tPIX\tPIX\t X \tPIX\tPIX\t\t\t\t\nNIC11\tNODE\tNODE\tSYS\tSYS\tNODE\tNODE\tSYS\tSYS\tPIX\tPIX\tPIX\tPIX\tPIX\tPIX\tPIX\t X \tPIX\t\t\t\t\nNIC12\tNODE\tNODE\tSYS\tSYS\tNODE\tNODE\tSYS\tSYS\tPIX\tPIX\tPIX\tPIX\tPIX\tPIX\tPIX\tPIX\t X \t\t\t\t\n\nLegend:\n\n  X    = Self\n  SYS  = Connection traversing PCIe as well as the SMP interconnect between NUMA nodes (e.g., QPI/UPI)\n  NODE = Connection traversing PCIe as well as the interconnect between PCIe Host Bridges within a NUMA node\n  PHB  = Connection traversing PCIe as well as a PCIe Host Bridge (typically the CPU)\n  PXB  = Connection traversing multiple PCIe bridges (without traversing the PCIe Host Bridge)\n  PIX  = Connection traversing at most a single PCIe bridge\n  NV#  = Connection traversing a bonded set of # NVLinks\n\nNIC Legend:\n\n  NIC0: ibp0\n  NIC1: ibp1\n  NIC2: ibp2\n  NIC3: ibp3\n  NIC4: mlx5_0\n  NIC5: mlx5_1\n  NIC6: mlx5_2\n  NIC7: mlx5_3\n  NIC8: mlx5_4\n  NIC9: mlx5_5\n  NIC10: mlx5_6\n  NIC11: mlx5_7\n  NIC12: mlx5_8"
            }
          },
          "before": {
            "field_errors": {},
            "gpus": [
              {
                "clocks.applications.graphics": "[Requested functionality has been deprecated]",
                "clocks.applications.memory": "[Requested functionality has been deprecated]",
                "clocks.current.graphics": "1950",
                "clocks.current.memory": "3996",
                "clocks.current.sm": "1950",
                "clocks.max.graphics": "2062",
                "clocks.max.memory": "3996",
                "clocks.max.sm": "2062",
                "driver_version": "595.71.05",
                "index": "0",
                "name": "NVIDIA GB200",
                "pci.bus_id": "00000008:01:00.0",
                "persistence_mode": "Enabled",
                "power.draw": "212.45",
                "power.limit": "1200.00",
                "pstate": "P0",
                "temperature.gpu": "36",
                "uuid": "GPU-64efb995-783a-a11a-c868-580e18809080"
              },
              {
                "clocks.applications.graphics": "[Requested functionality has been deprecated]",
                "clocks.applications.memory": "[Requested functionality has been deprecated]",
                "clocks.current.graphics": "1950",
                "clocks.current.memory": "3996",
                "clocks.current.sm": "1950",
                "clocks.max.graphics": "2062",
                "clocks.max.memory": "3996",
                "clocks.max.sm": "2062",
                "driver_version": "595.71.05",
                "index": "1",
                "name": "NVIDIA GB200",
                "pci.bus_id": "00000009:01:00.0",
                "persistence_mode": "Enabled",
                "power.draw": "203.38",
                "power.limit": "1200.00",
                "pstate": "P0",
                "temperature.gpu": "36",
                "uuid": "GPU-84233fbe-ed84-cfff-821c-7acc555c2503"
              },
              {
                "clocks.applications.graphics": "[Requested functionality has been deprecated]",
                "clocks.applications.memory": "[Requested functionality has been deprecated]",
                "clocks.current.graphics": "1950",
                "clocks.current.memory": "3996",
                "clocks.current.sm": "1950",
                "clocks.max.graphics": "2062",
                "clocks.max.memory": "3996",
                "clocks.max.sm": "2062",
                "driver_version": "595.71.05",
                "index": "2",
                "name": "NVIDIA GB200",
                "pci.bus_id": "00000018:01:00.0",
                "persistence_mode": "Enabled",
                "power.draw": "207.51",
                "power.limit": "1200.00",
                "pstate": "P0",
                "temperature.gpu": "36",
                "uuid": "GPU-19bf3c4b-1e4c-1afc-3db0-adf098d28d8b"
              },
              {
                "clocks.applications.graphics": "[Requested functionality has been deprecated]",
                "clocks.applications.memory": "[Requested functionality has been deprecated]",
                "clocks.current.graphics": "1950",
                "clocks.current.memory": "3996",
                "clocks.current.sm": "1950",
                "clocks.max.graphics": "2062",
                "clocks.max.memory": "3996",
                "clocks.max.sm": "2062",
                "driver_version": "595.71.05",
                "index": "3",
                "name": "NVIDIA GB200",
                "pci.bus_id": "00000019:01:00.0",
                "persistence_mode": "Enabled",
                "power.draw": "229.62",
                "power.limit": "1200.00",
                "pstate": "P0",
                "temperature.gpu": "36",
                "uuid": "GPU-14a91ec2-4299-59e4-c682-00a36868d987"
              }
            ],
            "topology": {
              "arguments": [
                "nvidia-smi",
                "topo",
                "-m"
              ],
              "returncode": 0,
              "stderr": "",
              "stdout": "\u001b[4mGPU0\tGPU1\tGPU2\tGPU3\tNIC0\tNIC1\tNIC2\tNIC3\tNIC4\tNIC5\tNIC6\tNIC7\tNIC8\tNIC9\tNIC10\tNIC11\tNIC12\tCPU Affinity\tNUMA Affinity\tGPU NUMA ID\u001b[0m\nGPU0\t X \tNV18\tNV18\tNV18\tNODE\tNODE\tSYS\tSYS\tNODE\tNODE\tNODE\tNODE\tNODE\tNODE\tNODE\tNODE\tNODE\t0-71\t0\t\tN/A\nGPU1\tNV18\t X \tNV18\tNV18\tNODE\tNODE\tSYS\tSYS\tNODE\tNODE\tNODE\tNODE\tNODE\tNODE\tNODE\tNODE\tNODE\t0-71\t0\t\tN/A\nGPU2\tNV18\tNV18\t X \tNV18\tSYS\tSYS\tNODE\tNODE\tSYS\tSYS\tSYS\tSYS\tSYS\tSYS\tSYS\tSYS\tSYS\t72-143\t1\t\tN/A\nGPU3\tNV18\tNV18\tNV18\t X \tSYS\tSYS\tNODE\tNODE\tSYS\tSYS\tSYS\tSYS\tSYS\tSYS\tSYS\tSYS\tSYS\t72-143\t1\t\tN/A\nNIC0\tNODE\tNODE\tSYS\tSYS\t X \tNODE\tSYS\tSYS\tNODE\tNODE\tNODE\tNODE\tNODE\tNODE\tNODE\tNODE\tNODE\t\t\t\t\nNIC1\tNODE\tNODE\tSYS\tSYS\tNODE\t X \tSYS\tSYS\tNODE\tNODE\tNODE\tNODE\tNODE\tNODE\tNODE\tNODE\tNODE\t\t\t\t\nNIC2\tSYS\tSYS\tNODE\tNODE\tSYS\tSYS\t X \tNODE\tSYS\tSYS\tSYS\tSYS\tSYS\tSYS\tSYS\tSYS\tSYS\t\t\t\t\nNIC3\tSYS\tSYS\tNODE\tNODE\tSYS\tSYS\tNODE\t X \tSYS\tSYS\tSYS\tSYS\tSYS\tSYS\tSYS\tSYS\tSYS\t\t\t\t\nNIC4\tNODE\tNODE\tSYS\tSYS\tNODE\tNODE\tSYS\tSYS\t X \tPIX\tPIX\tPIX\tPIX\tPIX\tPIX\tPIX\tPIX\t\t\t\t\nNIC5\tNODE\tNODE\tSYS\tSYS\tNODE\tNODE\tSYS\tSYS\tPIX\t X \tPIX\tPIX\tPIX\tPIX\tPIX\tPIX\tPIX\t\t\t\t\nNIC6\tNODE\tNODE\tSYS\tSYS\tNODE\tNODE\tSYS\tSYS\tPIX\tPIX\t X \tPIX\tPIX\tPIX\tPIX\tPIX\tPIX\t\t\t\t\nNIC7\tNODE\tNODE\tSYS\tSYS\tNODE\tNODE\tSYS\tSYS\tPIX\tPIX\tPIX\t X \tPIX\tPIX\tPIX\tPIX\tPIX\t\t\t\t\nNIC8\tNODE\tNODE\tSYS\tSYS\tNODE\tNODE\tSYS\tSYS\tPIX\tPIX\tPIX\tPIX\t X \tPIX\tPIX\tPIX\tPIX\t\t\t\t\nNIC9\tNODE\tNODE\tSYS\tSYS\tNODE\tNODE\tSYS\tSYS\tPIX\tPIX\tPIX\tPIX\tPIX\t X \tPIX\tPIX\tPIX\t\t\t\t\nNIC10\tNODE\tNODE\tSYS\tSYS\tNODE\tNODE\tSYS\tSYS\tPIX\tPIX\tPIX\tPIX\tPIX\tPIX\t X \tPIX\tPIX\t\t\t\t\nNIC11\tNODE\tNODE\tSYS\tSYS\tNODE\tNODE\tSYS\tSYS\tPIX\tPIX\tPIX\tPIX\tPIX\tPIX\tPIX\t X \tPIX\t\t\t\t\nNIC12\tNODE\tNODE\tSYS\tSYS\tNODE\tNODE\tSYS\tSYS\tPIX\tPIX\tPIX\tPIX\tPIX\tPIX\tPIX\tPIX\t X \t\t\t\t\n\nLegend:\n\n  X    = Self\n  SYS  = Connection traversing PCIe as well as the SMP interconnect between NUMA nodes (e.g., QPI/UPI)\n  NODE = Connection traversing PCIe as well as the interconnect between PCIe Host Bridges within a NUMA node\n  PHB  = Connection traversing PCIe as well as a PCIe Host Bridge (typically the CPU)\n  PXB  = Connection traversing multiple PCIe bridges (without traversing the PCIe Host Bridge)\n  PIX  = Connection traversing at most a single PCIe bridge\n  NV#  = Connection traversing a bonded set of # NVLinks\n\nNIC Legend:\n\n  NIC0: ibp0\n  NIC1: ibp1\n  NIC2: ibp2\n  NIC3: ibp3\n  NIC4: mlx5_0\n  NIC5: mlx5_1\n  NIC6: mlx5_2\n  NIC7: mlx5_3\n  NIC8: mlx5_4\n  NIC9: mlx5_5\n  NIC10: mlx5_6\n  NIC11: mlx5_7\n  NIC12: mlx5_8"
            }
          }
        },
        "generated_receiver_relation_plan": {
          "after": {
            "field_errors": {},
            "gpus": [
              {
                "clocks.applications.graphics": "[Requested functionality has been deprecated]",
                "clocks.applications.memory": "[Requested functionality has been deprecated]",
                "clocks.current.graphics": "1950",
                "clocks.current.memory": "3996",
                "clocks.current.sm": "1950",
                "clocks.max.graphics": "2062",
                "clocks.max.memory": "3996",
                "clocks.max.sm": "2062",
                "driver_version": "595.71.05",
                "index": "0",
                "name": "NVIDIA GB200",
                "pci.bus_id": "00000008:01:00.0",
                "persistence_mode": "Enabled",
                "power.draw": "212.52",
                "power.limit": "1200.00",
                "pstate": "P0",
                "temperature.gpu": "36",
                "uuid": "GPU-64efb995-783a-a11a-c868-580e18809080"
              },
              {
                "clocks.applications.graphics": "[Requested functionality has been deprecated]",
                "clocks.applications.memory": "[Requested functionality has been deprecated]",
                "clocks.current.graphics": "1950",
                "clocks.current.memory": "3996",
                "clocks.current.sm": "1950",
                "clocks.max.graphics": "2062",
                "clocks.max.memory": "3996",
                "clocks.max.sm": "2062",
                "driver_version": "595.71.05",
                "index": "1",
                "name": "NVIDIA GB200",
                "pci.bus_id": "00000009:01:00.0",
                "persistence_mode": "Enabled",
                "power.draw": "203.46",
                "power.limit": "1200.00",
                "pstate": "P0",
                "temperature.gpu": "36",
                "uuid": "GPU-84233fbe-ed84-cfff-821c-7acc555c2503"
              },
              {
                "clocks.applications.graphics": "[Requested functionality has been deprecated]",
                "clocks.applications.memory": "[Requested functionality has been deprecated]",
                "clocks.current.graphics": "1950",
                "clocks.current.memory": "3996",
                "clocks.current.sm": "1950",
                "clocks.max.graphics": "2062",
                "clocks.max.memory": "3996",
                "clocks.max.sm": "2062",
                "driver_version": "595.71.05",
                "index": "2",
                "name": "NVIDIA GB200",
                "pci.bus_id": "00000018:01:00.0",
                "persistence_mode": "Enabled",
                "power.draw": "207.83",
                "power.limit": "1200.00",
                "pstate": "P0",
                "temperature.gpu": "36",
                "uuid": "GPU-19bf3c4b-1e4c-1afc-3db0-adf098d28d8b"
              },
              {
                "clocks.applications.graphics": "[Requested functionality has been deprecated]",
                "clocks.applications.memory": "[Requested functionality has been deprecated]",
                "clocks.current.graphics": "1950",
                "clocks.current.memory": "3996",
                "clocks.current.sm": "1950",
                "clocks.max.graphics": "2062",
                "clocks.max.memory": "3996",
                "clocks.max.sm": "2062",
                "driver_version": "595.71.05",
                "index": "3",
                "name": "NVIDIA GB200",
                "pci.bus_id": "00000019:01:00.0",
                "persistence_mode": "Enabled",
                "power.draw": "229.53",
                "power.limit": "1200.00",
                "pstate": "P0",
                "temperature.gpu": "36",
                "uuid": "GPU-14a91ec2-4299-59e4-c682-00a36868d987"
              }
            ],
            "topology": {
              "arguments": [
                "nvidia-smi",
                "topo",
                "-m"
              ],
              "returncode": 0,
              "stderr": "",
              "stdout": "\u001b[4mGPU0\tGPU1\tGPU2\tGPU3\tNIC0\tNIC1\tNIC2\tNIC3\tNIC4\tNIC5\tNIC6\tNIC7\tNIC8\tNIC9\tNIC10\tNIC11\tNIC12\tCPU Affinity\tNUMA Affinity\tGPU NUMA ID\u001b[0m\nGPU0\t X \tNV18\tNV18\tNV18\tNODE\tNODE\tSYS\tSYS\tNODE\tNODE\tNODE\tNODE\tNODE\tNODE\tNODE\tNODE\tNODE\t0-71\t0\t\tN/A\nGPU1\tNV18\t X \tNV18\tNV18\tNODE\tNODE\tSYS\tSYS\tNODE\tNODE\tNODE\tNODE\tNODE\tNODE\tNODE\tNODE\tNODE\t0-71\t0\t\tN/A\nGPU2\tNV18\tNV18\t X \tNV18\tSYS\tSYS\tNODE\tNODE\tSYS\tSYS\tSYS\tSYS\tSYS\tSYS\tSYS\tSYS\tSYS\t72-143\t1\t\tN/A\nGPU3\tNV18\tNV18\tNV18\t X \tSYS\tSYS\tNODE\tNODE\tSYS\tSYS\tSYS\tSYS\tSYS\tSYS\tSYS\tSYS\tSYS\t72-143\t1\t\tN/A\nNIC0\tNODE\tNODE\tSYS\tSYS\t X \tNODE\tSYS\tSYS\tNODE\tNODE\tNODE\tNODE\tNODE\tNODE\tNODE\tNODE\tNODE\t\t\t\t\nNIC1\tNODE\tNODE\tSYS\tSYS\tNODE\t X \tSYS\tSYS\tNODE\tNODE\tNODE\tNODE\tNODE\tNODE\tNODE\tNODE\tNODE\t\t\t\t\nNIC2\tSYS\tSYS\tNODE\tNODE\tSYS\tSYS\t X \tNODE\tSYS\tSYS\tSYS\tSYS\tSYS\tSYS\tSYS\tSYS\tSYS\t\t\t\t\nNIC3\tSYS\tSYS\tNODE\tNODE\tSYS\tSYS\tNODE\t X \tSYS\tSYS\tSYS\tSYS\tSYS\tSYS\tSYS\tSYS\tSYS\t\t\t\t\nNIC4\tNODE\tNODE\tSYS\tSYS\tNODE\tNODE\tSYS\tSYS\t X \tPIX\tPIX\tPIX\tPIX\tPIX\tPIX\tPIX\tPIX\t\t\t\t\nNIC5\tNODE\tNODE\tSYS\tSYS\tNODE\tNODE\tSYS\tSYS\tPIX\t X \tPIX\tPIX\tPIX\tPIX\tPIX\tPIX\tPIX\t\t\t\t\nNIC6\tNODE\tNODE\tSYS\tSYS\tNODE\tNODE\tSYS\tSYS\tPIX\tPIX\t X \tPIX\tPIX\tPIX\tPIX\tPIX\tPIX\t\t\t\t\nNIC7\tNODE\tNODE\tSYS\tSYS\tNODE\tNODE\tSYS\tSYS\tPIX\tPIX\tPIX\t X \tPIX\tPIX\tPIX\tPIX\tPIX\t\t\t\t\nNIC8\tNODE\tNODE\tSYS\tSYS\tNODE\tNODE\tSYS\tSYS\tPIX\tPIX\tPIX\tPIX\t X \tPIX\tPIX\tPIX\tPIX\t\t\t\t\nNIC9\tNODE\tNODE\tSYS\tSYS\tNODE\tNODE\tSYS\tSYS\tPIX\tPIX\tPIX\tPIX\tPIX\t X \tPIX\tPIX\tPIX\t\t\t\t\nNIC10\tNODE\tNODE\tSYS\tSYS\tNODE\tNODE\tSYS\tSYS\tPIX\tPIX\tPIX\tPIX\tPIX\tPIX\t X \tPIX\tPIX\t\t\t\t\nNIC11\tNODE\tNODE\tSYS\tSYS\tNODE\tNODE\tSYS\tSYS\tPIX\tPIX\tPIX\tPIX\tPIX\tPIX\tPIX\t X \tPIX\t\t\t\t\nNIC12\tNODE\tNODE\tSYS\tSYS\tNODE\tNODE\tSYS\tSYS\tPIX\tPIX\tPIX\tPIX\tPIX\tPIX\tPIX\tPIX\t X \t\t\t\t\n\nLegend:\n\n  X    = Self\n  SYS  = Connection traversing PCIe as well as the SMP interconnect between NUMA nodes (e.g., QPI/UPI)\n  NODE = Connection traversing PCIe as well as the interconnect between PCIe Host Bridges within a NUMA node\n  PHB  = Connection traversing PCIe as well as a PCIe Host Bridge (typically the CPU)\n  PXB  = Connection traversing multiple PCIe bridges (without traversing the PCIe Host Bridge)\n  PIX  = Connection traversing at most a single PCIe bridge\n  NV#  = Connection traversing a bonded set of # NVLinks\n\nNIC Legend:\n\n  NIC0: ibp0\n  NIC1: ibp1\n  NIC2: ibp2\n  NIC3: ibp3\n  NIC4: mlx5_0\n  NIC5: mlx5_1\n  NIC6: mlx5_2\n  NIC7: mlx5_3\n  NIC8: mlx5_4\n  NIC9: mlx5_5\n  NIC10: mlx5_6\n  NIC11: mlx5_7\n  NIC12: mlx5_8"
            }
          },
          "before": {
            "field_errors": {},
            "gpus": [
              {
                "clocks.applications.graphics": "[Requested functionality has been deprecated]",
                "clocks.applications.memory": "[Requested functionality has been deprecated]",
                "clocks.current.graphics": "1950",
                "clocks.current.memory": "3996",
                "clocks.current.sm": "1950",
                "clocks.max.graphics": "2062",
                "clocks.max.memory": "3996",
                "clocks.max.sm": "2062",
                "driver_version": "595.71.05",
                "index": "0",
                "name": "NVIDIA GB200",
                "pci.bus_id": "00000008:01:00.0",
                "persistence_mode": "Enabled",
                "power.draw": "212.47",
                "power.limit": "1200.00",
                "pstate": "P0",
                "temperature.gpu": "36",
                "uuid": "GPU-64efb995-783a-a11a-c868-580e18809080"
              },
              {
                "clocks.applications.graphics": "[Requested functionality has been deprecated]",
                "clocks.applications.memory": "[Requested functionality has been deprecated]",
                "clocks.current.graphics": "1950",
                "clocks.current.memory": "3996",
                "clocks.current.sm": "1950",
                "clocks.max.graphics": "2062",
                "clocks.max.memory": "3996",
                "clocks.max.sm": "2062",
                "driver_version": "595.71.05",
                "index": "1",
                "name": "NVIDIA GB200",
                "pci.bus_id": "00000009:01:00.0",
                "persistence_mode": "Enabled",
                "power.draw": "203.61",
                "power.limit": "1200.00",
                "pstate": "P0",
                "temperature.gpu": "36",
                "uuid": "GPU-84233fbe-ed84-cfff-821c-7acc555c2503"
              },
              {
                "clocks.applications.graphics": "[Requested functionality has been deprecated]",
                "clocks.applications.memory": "[Requested functionality has been deprecated]",
                "clocks.current.graphics": "1950",
                "clocks.current.memory": "3996",
                "clocks.current.sm": "1950",
                "clocks.max.graphics": "2062",
                "clocks.max.memory": "3996",
                "clocks.max.sm": "2062",
                "driver_version": "595.71.05",
                "index": "2",
                "name": "NVIDIA GB200",
                "pci.bus_id": "00000018:01:00.0",
                "persistence_mode": "Enabled",
                "power.draw": "207.90",
                "power.limit": "1200.00",
                "pstate": "P0",
                "temperature.gpu": "36",
                "uuid": "GPU-19bf3c4b-1e4c-1afc-3db0-adf098d28d8b"
              },
              {
                "clocks.applications.graphics": "[Requested functionality has been deprecated]",
                "clocks.applications.memory": "[Requested functionality has been deprecated]",
                "clocks.current.graphics": "1950",
                "clocks.current.memory": "3996",
                "clocks.current.sm": "1950",
                "clocks.max.graphics": "2062",
                "clocks.max.memory": "3996",
                "clocks.max.sm": "2062",
                "driver_version": "595.71.05",
                "index": "3",
                "name": "NVIDIA GB200",
                "pci.bus_id": "00000019:01:00.0",
                "persistence_mode": "Enabled",
                "power.draw": "229.18",
                "power.limit": "1200.00",
                "pstate": "P0",
                "temperature.gpu": "36",
                "uuid": "GPU-14a91ec2-4299-59e4-c682-00a36868d987"
              }
            ],
            "topology": {
              "arguments": [
                "nvidia-smi",
                "topo",
                "-m"
              ],
              "returncode": 0,
              "stderr": "",
              "stdout": "\u001b[4mGPU0\tGPU1\tGPU2\tGPU3\tNIC0\tNIC1\tNIC2\tNIC3\tNIC4\tNIC5\tNIC6\tNIC7\tNIC8\tNIC9\tNIC10\tNIC11\tNIC12\tCPU Affinity\tNUMA Affinity\tGPU NUMA ID\u001b[0m\nGPU0\t X \tNV18\tNV18\tNV18\tNODE\tNODE\tSYS\tSYS\tNODE\tNODE\tNODE\tNODE\tNODE\tNODE\tNODE\tNODE\tNODE\t0-71\t0\t\tN/A\nGPU1\tNV18\t X \tNV18\tNV18\tNODE\tNODE\tSYS\tSYS\tNODE\tNODE\tNODE\tNODE\tNODE\tNODE\tNODE\tNODE\tNODE\t0-71\t0\t\tN/A\nGPU2\tNV18\tNV18\t X \tNV18\tSYS\tSYS\tNODE\tNODE\tSYS\tSYS\tSYS\tSYS\tSYS\tSYS\tSYS\tSYS\tSYS\t72-143\t1\t\tN/A\nGPU3\tNV18\tNV18\tNV18\t X \tSYS\tSYS\tNODE\tNODE\tSYS\tSYS\tSYS\tSYS\tSYS\tSYS\tSYS\tSYS\tSYS\t72-143\t1\t\tN/A\nNIC0\tNODE\tNODE\tSYS\tSYS\t X \tNODE\tSYS\tSYS\tNODE\tNODE\tNODE\tNODE\tNODE\tNODE\tNODE\tNODE\tNODE\t\t\t\t\nNIC1\tNODE\tNODE\tSYS\tSYS\tNODE\t X \tSYS\tSYS\tNODE\tNODE\tNODE\tNODE\tNODE\tNODE\tNODE\tNODE\tNODE\t\t\t\t\nNIC2\tSYS\tSYS\tNODE\tNODE\tSYS\tSYS\t X \tNODE\tSYS\tSYS\tSYS\tSYS\tSYS\tSYS\tSYS\tSYS\tSYS\t\t\t\t\nNIC3\tSYS\tSYS\tNODE\tNODE\tSYS\tSYS\tNODE\t X \tSYS\tSYS\tSYS\tSYS\tSYS\tSYS\tSYS\tSYS\tSYS\t\t\t\t\nNIC4\tNODE\tNODE\tSYS\tSYS\tNODE\tNODE\tSYS\tSYS\t X \tPIX\tPIX\tPIX\tPIX\tPIX\tPIX\tPIX\tPIX\t\t\t\t\nNIC5\tNODE\tNODE\tSYS\tSYS\tNODE\tNODE\tSYS\tSYS\tPIX\t X \tPIX\tPIX\tPIX\tPIX\tPIX\tPIX\tPIX\t\t\t\t\nNIC6\tNODE\tNODE\tSYS\tSYS\tNODE\tNODE\tSYS\tSYS\tPIX\tPIX\t X \tPIX\tPIX\tPIX\tPIX\tPIX\tPIX\t\t\t\t\nNIC7\tNODE\tNODE\tSYS\tSYS\tNODE\tNODE\tSYS\tSYS\tPIX\tPIX\tPIX\t X \tPIX\tPIX\tPIX\tPIX\tPIX\t\t\t\t\nNIC8\tNODE\tNODE\tSYS\tSYS\tNODE\tNODE\tSYS\tSYS\tPIX\tPIX\tPIX\tPIX\t X \tPIX\tPIX\tPIX\tPIX\t\t\t\t\nNIC9\tNODE\tNODE\tSYS\tSYS\tNODE\tNODE\tSYS\tSYS\tPIX\tPIX\tPIX\tPIX\tPIX\t X \tPIX\tPIX\tPIX\t\t\t\t\nNIC10\tNODE\tNODE\tSYS\tSYS\tNODE\tNODE\tSYS\tSYS\tPIX\tPIX\tPIX\tPIX\tPIX\tPIX\t X \tPIX\tPIX\t\t\t\t\nNIC11\tNODE\tNODE\tSYS\tSYS\tNODE\tNODE\tSYS\tSYS\tPIX\tPIX\tPIX\tPIX\tPIX\tPIX\tPIX\t X \tPIX\t\t\t\t\nNIC12\tNODE\tNODE\tSYS\tSYS\tNODE\tNODE\tSYS\tSYS\tPIX\tPIX\tPIX\tPIX\tPIX\tPIX\tPIX\tPIX\t X \t\t\t\t\n\nLegend:\n\n  X    = Self\n  SYS  = Connection traversing PCIe as well as the SMP interconnect between NUMA nodes (e.g., QPI/UPI)\n  NODE = Connection traversing PCIe as well as the interconnect between PCIe Host Bridges within a NUMA node\n  PHB  = Connection traversing PCIe as well as a PCIe Host Bridge (typically the CPU)\n  PXB  = Connection traversing multiple PCIe bridges (without traversing the PCIe Host Bridge)\n  PIX  = Connection traversing at most a single PCIe bridge\n  NV#  = Connection traversing a bonded set of # NVLinks\n\nNIC Legend:\n\n  NIC0: ibp0\n  NIC1: ibp1\n  NIC2: ibp2\n  NIC3: ibp3\n  NIC4: mlx5_0\n  NIC5: mlx5_1\n  NIC6: mlx5_2\n  NIC7: mlx5_3\n  NIC8: mlx5_4\n  NIC9: mlx5_5\n  NIC10: mlx5_6\n  NIC11: mlx5_7\n  NIC12: mlx5_8"
            }
          }
        },
        "generated_shared_expert": {
          "after": {
            "field_errors": {},
            "gpus": [
              {
                "clocks.applications.graphics": "[Requested functionality has been deprecated]",
                "clocks.applications.memory": "[Requested functionality has been deprecated]",
                "clocks.current.graphics": "1950",
                "clocks.current.memory": "3996",
                "clocks.current.sm": "1950",
                "clocks.max.graphics": "2062",
                "clocks.max.memory": "3996",
                "clocks.max.sm": "2062",
                "driver_version": "595.71.05",
                "index": "0",
                "name": "NVIDIA GB200",
                "pci.bus_id": "00000008:01:00.0",
                "persistence_mode": "Enabled",
                "power.draw": "223.14",
                "power.limit": "1200.00",
                "pstate": "P0",
                "temperature.gpu": "36",
                "uuid": "GPU-64efb995-783a-a11a-c868-580e18809080"
              },
              {
                "clocks.applications.graphics": "[Requested functionality has been deprecated]",
                "clocks.applications.memory": "[Requested functionality has been deprecated]",
                "clocks.current.graphics": "1950",
                "clocks.current.memory": "3996",
                "clocks.current.sm": "1950",
                "clocks.max.graphics": "2062",
                "clocks.max.memory": "3996",
                "clocks.max.sm": "2062",
                "driver_version": "595.71.05",
                "index": "1",
                "name": "NVIDIA GB200",
                "pci.bus_id": "00000009:01:00.0",
                "persistence_mode": "Enabled",
                "power.draw": "213.81",
                "power.limit": "1200.00",
                "pstate": "P0",
                "temperature.gpu": "36",
                "uuid": "GPU-84233fbe-ed84-cfff-821c-7acc555c2503"
              },
              {
                "clocks.applications.graphics": "[Requested functionality has been deprecated]",
                "clocks.applications.memory": "[Requested functionality has been deprecated]",
                "clocks.current.graphics": "1950",
                "clocks.current.memory": "3996",
                "clocks.current.sm": "1950",
                "clocks.max.graphics": "2062",
                "clocks.max.memory": "3996",
                "clocks.max.sm": "2062",
                "driver_version": "595.71.05",
                "index": "2",
                "name": "NVIDIA GB200",
                "pci.bus_id": "00000018:01:00.0",
                "persistence_mode": "Enabled",
                "power.draw": "219.22",
                "power.limit": "1200.00",
                "pstate": "P0",
                "temperature.gpu": "36",
                "uuid": "GPU-19bf3c4b-1e4c-1afc-3db0-adf098d28d8b"
              },
              {
                "clocks.applications.graphics": "[Requested functionality has been deprecated]",
                "clocks.applications.memory": "[Requested functionality has been deprecated]",
                "clocks.current.graphics": "1950",
                "clocks.current.memory": "3996",
                "clocks.current.sm": "1950",
                "clocks.max.graphics": "2062",
                "clocks.max.memory": "3996",
                "clocks.max.sm": "2062",
                "driver_version": "595.71.05",
                "index": "3",
                "name": "NVIDIA GB200",
                "pci.bus_id": "00000019:01:00.0",
                "persistence_mode": "Enabled",
                "power.draw": "241.09",
                "power.limit": "1200.00",
                "pstate": "P0",
                "temperature.gpu": "36",
                "uuid": "GPU-14a91ec2-4299-59e4-c682-00a36868d987"
              }
            ],
            "topology": {
              "arguments": [
                "nvidia-smi",
                "topo",
                "-m"
              ],
              "returncode": 0,
              "stderr": "",
              "stdout": "\u001b[4mGPU0\tGPU1\tGPU2\tGPU3\tNIC0\tNIC1\tNIC2\tNIC3\tNIC4\tNIC5\tNIC6\tNIC7\tNIC8\tNIC9\tNIC10\tNIC11\tNIC12\tCPU Affinity\tNUMA Affinity\tGPU NUMA ID\u001b[0m\nGPU0\t X \tNV18\tNV18\tNV18\tNODE\tNODE\tSYS\tSYS\tNODE\tNODE\tNODE\tNODE\tNODE\tNODE\tNODE\tNODE\tNODE\t0-71\t0\t\tN/A\nGPU1\tNV18\t X \tNV18\tNV18\tNODE\tNODE\tSYS\tSYS\tNODE\tNODE\tNODE\tNODE\tNODE\tNODE\tNODE\tNODE\tNODE\t0-71\t0\t\tN/A\nGPU2\tNV18\tNV18\t X \tNV18\tSYS\tSYS\tNODE\tNODE\tSYS\tSYS\tSYS\tSYS\tSYS\tSYS\tSYS\tSYS\tSYS\t72-143\t1\t\tN/A\nGPU3\tNV18\tNV18\tNV18\t X \tSYS\tSYS\tNODE\tNODE\tSYS\tSYS\tSYS\tSYS\tSYS\tSYS\tSYS\tSYS\tSYS\t72-143\t1\t\tN/A\nNIC0\tNODE\tNODE\tSYS\tSYS\t X \tNODE\tSYS\tSYS\tNODE\tNODE\tNODE\tNODE\tNODE\tNODE\tNODE\tNODE\tNODE\t\t\t\t\nNIC1\tNODE\tNODE\tSYS\tSYS\tNODE\t X \tSYS\tSYS\tNODE\tNODE\tNODE\tNODE\tNODE\tNODE\tNODE\tNODE\tNODE\t\t\t\t\nNIC2\tSYS\tSYS\tNODE\tNODE\tSYS\tSYS\t X \tNODE\tSYS\tSYS\tSYS\tSYS\tSYS\tSYS\tSYS\tSYS\tSYS\t\t\t\t\nNIC3\tSYS\tSYS\tNODE\tNODE\tSYS\tSYS\tNODE\t X \tSYS\tSYS\tSYS\tSYS\tSYS\tSYS\tSYS\tSYS\tSYS\t\t\t\t\nNIC4\tNODE\tNODE\tSYS\tSYS\tNODE\tNODE\tSYS\tSYS\t X \tPIX\tPIX\tPIX\tPIX\tPIX\tPIX\tPIX\tPIX\t\t\t\t\nNIC5\tNODE\tNODE\tSYS\tSYS\tNODE\tNODE\tSYS\tSYS\tPIX\t X \tPIX\tPIX\tPIX\tPIX\tPIX\tPIX\tPIX\t\t\t\t\nNIC6\tNODE\tNODE\tSYS\tSYS\tNODE\tNODE\tSYS\tSYS\tPIX\tPIX\t X \tPIX\tPIX\tPIX\tPIX\tPIX\tPIX\t\t\t\t\nNIC7\tNODE\tNODE\tSYS\tSYS\tNODE\tNODE\tSYS\tSYS\tPIX\tPIX\tPIX\t X \tPIX\tPIX\tPIX\tPIX\tPIX\t\t\t\t\nNIC8\tNODE\tNODE\tSYS\tSYS\tNODE\tNODE\tSYS\tSYS\tPIX\tPIX\tPIX\tPIX\t X \tPIX\tPIX\tPIX\tPIX\t\t\t\t\nNIC9\tNODE\tNODE\tSYS\tSYS\tNODE\tNODE\tSYS\tSYS\tPIX\tPIX\tPIX\tPIX\tPIX\t X \tPIX\tPIX\tPIX\t\t\t\t\nNIC10\tNODE\tNODE\tSYS\tSYS\tNODE\tNODE\tSYS\tSYS\tPIX\tPIX\tPIX\tPIX\tPIX\tPIX\t X \tPIX\tPIX\t\t\t\t\nNIC11\tNODE\tNODE\tSYS\tSYS\tNODE\tNODE\tSYS\tSYS\tPIX\tPIX\tPIX\tPIX\tPIX\tPIX\tPIX\t X \tPIX\t\t\t\t\nNIC12\tNODE\tNODE\tSYS\tSYS\tNODE\tNODE\tSYS\tSYS\tPIX\tPIX\tPIX\tPIX\tPIX\tPIX\tPIX\tPIX\t X \t\t\t\t\n\nLegend:\n\n  X    = Self\n  SYS  = Connection traversing PCIe as well as the SMP interconnect between NUMA nodes (e.g., QPI/UPI)\n  NODE = Connection traversing PCIe as well as the interconnect between PCIe Host Bridges within a NUMA node\n  PHB  = Connection traversing PCIe as well as a PCIe Host Bridge (typically the CPU)\n  PXB  = Connection traversing multiple PCIe bridges (without traversing the PCIe Host Bridge)\n  PIX  = Connection traversing at most a single PCIe bridge\n  NV#  = Connection traversing a bonded set of # NVLinks\n\nNIC Legend:\n\n  NIC0: ibp0\n  NIC1: ibp1\n  NIC2: ibp2\n  NIC3: ibp3\n  NIC4: mlx5_0\n  NIC5: mlx5_1\n  NIC6: mlx5_2\n  NIC7: mlx5_3\n  NIC8: mlx5_4\n  NIC9: mlx5_5\n  NIC10: mlx5_6\n  NIC11: mlx5_7\n  NIC12: mlx5_8"
            }
          },
          "before": {
            "field_errors": {},
            "gpus": [
              {
                "clocks.applications.graphics": "[Requested functionality has been deprecated]",
                "clocks.applications.memory": "[Requested functionality has been deprecated]",
                "clocks.current.graphics": "1950",
                "clocks.current.memory": "3996",
                "clocks.current.sm": "1950",
                "clocks.max.graphics": "2062",
                "clocks.max.memory": "3996",
                "clocks.max.sm": "2062",
                "driver_version": "595.71.05",
                "index": "0",
                "name": "NVIDIA GB200",
                "pci.bus_id": "00000008:01:00.0",
                "persistence_mode": "Enabled",
                "power.draw": "212.60",
                "power.limit": "1200.00",
                "pstate": "P0",
                "temperature.gpu": "36",
                "uuid": "GPU-64efb995-783a-a11a-c868-580e18809080"
              },
              {
                "clocks.applications.graphics": "[Requested functionality has been deprecated]",
                "clocks.applications.memory": "[Requested functionality has been deprecated]",
                "clocks.current.graphics": "1950",
                "clocks.current.memory": "3996",
                "clocks.current.sm": "1950",
                "clocks.max.graphics": "2062",
                "clocks.max.memory": "3996",
                "clocks.max.sm": "2062",
                "driver_version": "595.71.05",
                "index": "1",
                "name": "NVIDIA GB200",
                "pci.bus_id": "00000009:01:00.0",
                "persistence_mode": "Enabled",
                "power.draw": "205.24",
                "power.limit": "1200.00",
                "pstate": "P0",
                "temperature.gpu": "36",
                "uuid": "GPU-84233fbe-ed84-cfff-821c-7acc555c2503"
              },
              {
                "clocks.applications.graphics": "[Requested functionality has been deprecated]",
                "clocks.applications.memory": "[Requested functionality has been deprecated]",
                "clocks.current.graphics": "1950",
                "clocks.current.memory": "3996",
                "clocks.current.sm": "1950",
                "clocks.max.graphics": "2062",
                "clocks.max.memory": "3996",
                "clocks.max.sm": "2062",
                "driver_version": "595.71.05",
                "index": "2",
                "name": "NVIDIA GB200",
                "pci.bus_id": "00000018:01:00.0",
                "persistence_mode": "Enabled",
                "power.draw": "209.29",
                "power.limit": "1200.00",
                "pstate": "P0",
                "temperature.gpu": "36",
                "uuid": "GPU-19bf3c4b-1e4c-1afc-3db0-adf098d28d8b"
              },
              {
                "clocks.applications.graphics": "[Requested functionality has been deprecated]",
                "clocks.applications.memory": "[Requested functionality has been deprecated]",
                "clocks.current.graphics": "1950",
                "clocks.current.memory": "3996",
                "clocks.current.sm": "1950",
                "clocks.max.graphics": "2062",
                "clocks.max.memory": "3996",
                "clocks.max.sm": "2062",
                "driver_version": "595.71.05",
                "index": "3",
                "name": "NVIDIA GB200",
                "pci.bus_id": "00000019:01:00.0",
                "persistence_mode": "Enabled",
                "power.draw": "230.91",
                "power.limit": "1200.00",
                "pstate": "P0",
                "temperature.gpu": "36",
                "uuid": "GPU-14a91ec2-4299-59e4-c682-00a36868d987"
              }
            ],
            "topology": {
              "arguments": [
                "nvidia-smi",
                "topo",
                "-m"
              ],
              "returncode": 0,
              "stderr": "",
              "stdout": "\u001b[4mGPU0\tGPU1\tGPU2\tGPU3\tNIC0\tNIC1\tNIC2\tNIC3\tNIC4\tNIC5\tNIC6\tNIC7\tNIC8\tNIC9\tNIC10\tNIC11\tNIC12\tCPU Affinity\tNUMA Affinity\tGPU NUMA ID\u001b[0m\nGPU0\t X \tNV18\tNV18\tNV18\tNODE\tNODE\tSYS\tSYS\tNODE\tNODE\tNODE\tNODE\tNODE\tNODE\tNODE\tNODE\tNODE\t0-71\t0\t\tN/A\nGPU1\tNV18\t X \tNV18\tNV18\tNODE\tNODE\tSYS\tSYS\tNODE\tNODE\tNODE\tNODE\tNODE\tNODE\tNODE\tNODE\tNODE\t0-71\t0\t\tN/A\nGPU2\tNV18\tNV18\t X \tNV18\tSYS\tSYS\tNODE\tNODE\tSYS\tSYS\tSYS\tSYS\tSYS\tSYS\tSYS\tSYS\tSYS\t72-143\t1\t\tN/A\nGPU3\tNV18\tNV18\tNV18\t X \tSYS\tSYS\tNODE\tNODE\tSYS\tSYS\tSYS\tSYS\tSYS\tSYS\tSYS\tSYS\tSYS\t72-143\t1\t\tN/A\nNIC0\tNODE\tNODE\tSYS\tSYS\t X \tNODE\tSYS\tSYS\tNODE\tNODE\tNODE\tNODE\tNODE\tNODE\tNODE\tNODE\tNODE\t\t\t\t\nNIC1\tNODE\tNODE\tSYS\tSYS\tNODE\t X \tSYS\tSYS\tNODE\tNODE\tNODE\tNODE\tNODE\tNODE\tNODE\tNODE\tNODE\t\t\t\t\nNIC2\tSYS\tSYS\tNODE\tNODE\tSYS\tSYS\t X \tNODE\tSYS\tSYS\tSYS\tSYS\tSYS\tSYS\tSYS\tSYS\tSYS\t\t\t\t\nNIC3\tSYS\tSYS\tNODE\tNODE\tSYS\tSYS\tNODE\t X \tSYS\tSYS\tSYS\tSYS\tSYS\tSYS\tSYS\tSYS\tSYS\t\t\t\t\nNIC4\tNODE\tNODE\tSYS\tSYS\tNODE\tNODE\tSYS\tSYS\t X \tPIX\tPIX\tPIX\tPIX\tPIX\tPIX\tPIX\tPIX\t\t\t\t\nNIC5\tNODE\tNODE\tSYS\tSYS\tNODE\tNODE\tSYS\tSYS\tPIX\t X \tPIX\tPIX\tPIX\tPIX\tPIX\tPIX\tPIX\t\t\t\t\nNIC6\tNODE\tNODE\tSYS\tSYS\tNODE\tNODE\tSYS\tSYS\tPIX\tPIX\t X \tPIX\tPIX\tPIX\tPIX\tPIX\tPIX\t\t\t\t\nNIC7\tNODE\tNODE\tSYS\tSYS\tNODE\tNODE\tSYS\tSYS\tPIX\tPIX\tPIX\t X \tPIX\tPIX\tPIX\tPIX\tPIX\t\t\t\t\nNIC8\tNODE\tNODE\tSYS\tSYS\tNODE\tNODE\tSYS\tSYS\tPIX\tPIX\tPIX\tPIX\t X \tPIX\tPIX\tPIX\tPIX\t\t\t\t\nNIC9\tNODE\tNODE\tSYS\tSYS\tNODE\tNODE\tSYS\tSYS\tPIX\tPIX\tPIX\tPIX\tPIX\t X \tPIX\tPIX\tPIX\t\t\t\t\nNIC10\tNODE\tNODE\tSYS\tSYS\tNODE\tNODE\tSYS\tSYS\tPIX\tPIX\tPIX\tPIX\tPIX\tPIX\t X \tPIX\tPIX\t\t\t\t\nNIC11\tNODE\tNODE\tSYS\tSYS\tNODE\tNODE\tSYS\tSYS\tPIX\tPIX\tPIX\tPIX\tPIX\tPIX\tPIX\t X \tPIX\t\t\t\t\nNIC12\tNODE\tNODE\tSYS\tSYS\tNODE\tNODE\tSYS\tSYS\tPIX\tPIX\tPIX\tPIX\tPIX\tPIX\tPIX\tPIX\t X \t\t\t\t\n\nLegend:\n\n  X    = Self\n  SYS  = Connection traversing PCIe as well as the SMP interconnect between NUMA nodes (e.g., QPI/UPI)\n  NODE = Connection traversing PCIe as well as the interconnect between PCIe Host Bridges within a NUMA node\n  PHB  = Connection traversing PCIe as well as a PCIe Host Bridge (typically the CPU)\n  PXB  = Connection traversing multiple PCIe bridges (without traversing the PCIe Host Bridge)\n  PIX  = Connection traversing at most a single PCIe bridge\n  NV#  = Connection traversing a bonded set of # NVLinks\n\nNIC Legend:\n\n  NIC0: ibp0\n  NIC1: ibp1\n  NIC2: ibp2\n  NIC3: ibp3\n  NIC4: mlx5_0\n  NIC5: mlx5_1\n  NIC6: mlx5_2\n  NIC7: mlx5_3\n  NIC8: mlx5_4\n  NIC9: mlx5_5\n  NIC10: mlx5_6\n  NIC11: mlx5_7\n  NIC12: mlx5_8"
            }
          }
        },
        "mok_oracle_post_route": {
          "after": {
            "field_errors": {},
            "gpus": [
              {
                "clocks.applications.graphics": "[Requested functionality has been deprecated]",
                "clocks.applications.memory": "[Requested functionality has been deprecated]",
                "clocks.current.graphics": "1950",
                "clocks.current.memory": "3996",
                "clocks.current.sm": "1950",
                "clocks.max.graphics": "2062",
                "clocks.max.memory": "3996",
                "clocks.max.sm": "2062",
                "driver_version": "595.71.05",
                "index": "0",
                "name": "NVIDIA GB200",
                "pci.bus_id": "00000008:01:00.0",
                "persistence_mode": "Enabled",
                "power.draw": "362.35",
                "power.limit": "1200.00",
                "pstate": "P0",
                "temperature.gpu": "37",
                "uuid": "GPU-64efb995-783a-a11a-c868-580e18809080"
              },
              {
                "clocks.applications.graphics": "[Requested functionality has been deprecated]",
                "clocks.applications.memory": "[Requested functionality has been deprecated]",
                "clocks.current.graphics": "1950",
                "clocks.current.memory": "3996",
                "clocks.current.sm": "1950",
                "clocks.max.graphics": "2062",
                "clocks.max.memory": "3996",
                "clocks.max.sm": "2062",
                "driver_version": "595.71.05",
                "index": "1",
                "name": "NVIDIA GB200",
                "pci.bus_id": "00000009:01:00.0",
                "persistence_mode": "Enabled",
                "power.draw": "362.32",
                "power.limit": "1200.00",
                "pstate": "P0",
                "temperature.gpu": "37",
                "uuid": "GPU-84233fbe-ed84-cfff-821c-7acc555c2503"
              },
              {
                "clocks.applications.graphics": "[Requested functionality has been deprecated]",
                "clocks.applications.memory": "[Requested functionality has been deprecated]",
                "clocks.current.graphics": "1950",
                "clocks.current.memory": "3996",
                "clocks.current.sm": "1950",
                "clocks.max.graphics": "2062",
                "clocks.max.memory": "3996",
                "clocks.max.sm": "2062",
                "driver_version": "595.71.05",
                "index": "2",
                "name": "NVIDIA GB200",
                "pci.bus_id": "00000018:01:00.0",
                "persistence_mode": "Enabled",
                "power.draw": "362.95",
                "power.limit": "1200.00",
                "pstate": "P0",
                "temperature.gpu": "37",
                "uuid": "GPU-19bf3c4b-1e4c-1afc-3db0-adf098d28d8b"
              },
              {
                "clocks.applications.graphics": "[Requested functionality has been deprecated]",
                "clocks.applications.memory": "[Requested functionality has been deprecated]",
                "clocks.current.graphics": "1950",
                "clocks.current.memory": "3996",
                "clocks.current.sm": "1950",
                "clocks.max.graphics": "2062",
                "clocks.max.memory": "3996",
                "clocks.max.sm": "2062",
                "driver_version": "595.71.05",
                "index": "3",
                "name": "NVIDIA GB200",
                "pci.bus_id": "00000019:01:00.0",
                "persistence_mode": "Enabled",
                "power.draw": "378.45",
                "power.limit": "1200.00",
                "pstate": "P0",
                "temperature.gpu": "37",
                "uuid": "GPU-14a91ec2-4299-59e4-c682-00a36868d987"
              }
            ],
            "topology": {
              "arguments": [
                "nvidia-smi",
                "topo",
                "-m"
              ],
              "returncode": 0,
              "stderr": "",
              "stdout": "\u001b[4mGPU0\tGPU1\tGPU2\tGPU3\tNIC0\tNIC1\tNIC2\tNIC3\tNIC4\tNIC5\tNIC6\tNIC7\tNIC8\tNIC9\tNIC10\tNIC11\tNIC12\tCPU Affinity\tNUMA Affinity\tGPU NUMA ID\u001b[0m\nGPU0\t X \tNV18\tNV18\tNV18\tNODE\tNODE\tSYS\tSYS\tNODE\tNODE\tNODE\tNODE\tNODE\tNODE\tNODE\tNODE\tNODE\t0-71\t0\t\tN/A\nGPU1\tNV18\t X \tNV18\tNV18\tNODE\tNODE\tSYS\tSYS\tNODE\tNODE\tNODE\tNODE\tNODE\tNODE\tNODE\tNODE\tNODE\t0-71\t0\t\tN/A\nGPU2\tNV18\tNV18\t X \tNV18\tSYS\tSYS\tNODE\tNODE\tSYS\tSYS\tSYS\tSYS\tSYS\tSYS\tSYS\tSYS\tSYS\t72-143\t1\t\tN/A\nGPU3\tNV18\tNV18\tNV18\t X \tSYS\tSYS\tNODE\tNODE\tSYS\tSYS\tSYS\tSYS\tSYS\tSYS\tSYS\tSYS\tSYS\t72-143\t1\t\tN/A\nNIC0\tNODE\tNODE\tSYS\tSYS\t X \tNODE\tSYS\tSYS\tNODE\tNODE\tNODE\tNODE\tNODE\tNODE\tNODE\tNODE\tNODE\t\t\t\t\nNIC1\tNODE\tNODE\tSYS\tSYS\tNODE\t X \tSYS\tSYS\tNODE\tNODE\tNODE\tNODE\tNODE\tNODE\tNODE\tNODE\tNODE\t\t\t\t\nNIC2\tSYS\tSYS\tNODE\tNODE\tSYS\tSYS\t X \tNODE\tSYS\tSYS\tSYS\tSYS\tSYS\tSYS\tSYS\tSYS\tSYS\t\t\t\t\nNIC3\tSYS\tSYS\tNODE\tNODE\tSYS\tSYS\tNODE\t X \tSYS\tSYS\tSYS\tSYS\tSYS\tSYS\tSYS\tSYS\tSYS\t\t\t\t\nNIC4\tNODE\tNODE\tSYS\tSYS\tNODE\tNODE\tSYS\tSYS\t X \tPIX\tPIX\tPIX\tPIX\tPIX\tPIX\tPIX\tPIX\t\t\t\t\nNIC5\tNODE\tNODE\tSYS\tSYS\tNODE\tNODE\tSYS\tSYS\tPIX\t X \tPIX\tPIX\tPIX\tPIX\tPIX\tPIX\tPIX\t\t\t\t\nNIC6\tNODE\tNODE\tSYS\tSYS\tNODE\tNODE\tSYS\tSYS\tPIX\tPIX\t X \tPIX\tPIX\tPIX\tPIX\tPIX\tPIX\t\t\t\t\nNIC7\tNODE\tNODE\tSYS\tSYS\tNODE\tNODE\tSYS\tSYS\tPIX\tPIX\tPIX\t X \tPIX\tPIX\tPIX\tPIX\tPIX\t\t\t\t\nNIC8\tNODE\tNODE\tSYS\tSYS\tNODE\tNODE\tSYS\tSYS\tPIX\tPIX\tPIX\tPIX\t X \tPIX\tPIX\tPIX\tPIX\t\t\t\t\nNIC9\tNODE\tNODE\tSYS\tSYS\tNODE\tNODE\tSYS\tSYS\tPIX\tPIX\tPIX\tPIX\tPIX\t X \tPIX\tPIX\tPIX\t\t\t\t\nNIC10\tNODE\tNODE\tSYS\tSYS\tNODE\tNODE\tSYS\tSYS\tPIX\tPIX\tPIX\tPIX\tPIX\tPIX\t X \tPIX\tPIX\t\t\t\t\nNIC11\tNODE\tNODE\tSYS\tSYS\tNODE\tNODE\tSYS\tSYS\tPIX\tPIX\tPIX\tPIX\tPIX\tPIX\tPIX\t X \tPIX\t\t\t\t\nNIC12\tNODE\tNODE\tSYS\tSYS\tNODE\tNODE\tSYS\tSYS\tPIX\tPIX\tPIX\tPIX\tPIX\tPIX\tPIX\tPIX\t X \t\t\t\t\n\nLegend:\n\n  X    = Self\n  SYS  = Connection traversing PCIe as well as the SMP interconnect between NUMA nodes (e.g., QPI/UPI)\n  NODE = Connection traversing PCIe as well as the interconnect between PCIe Host Bridges within a NUMA node\n  PHB  = Connection traversing PCIe as well as a PCIe Host Bridge (typically the CPU)\n  PXB  = Connection traversing multiple PCIe bridges (without traversing the PCIe Host Bridge)\n  PIX  = Connection traversing at most a single PCIe bridge\n  NV#  = Connection traversing a bonded set of # NVLinks\n\nNIC Legend:\n\n  NIC0: ibp0\n  NIC1: ibp1\n  NIC2: ibp2\n  NIC3: ibp3\n  NIC4: mlx5_0\n  NIC5: mlx5_1\n  NIC6: mlx5_2\n  NIC7: mlx5_3\n  NIC8: mlx5_4\n  NIC9: mlx5_5\n  NIC10: mlx5_6\n  NIC11: mlx5_7\n  NIC12: mlx5_8"
            }
          },
          "before": {
            "field_errors": {},
            "gpus": [
              {
                "clocks.applications.graphics": "[Requested functionality has been deprecated]",
                "clocks.applications.memory": "[Requested functionality has been deprecated]",
                "clocks.current.graphics": "1950",
                "clocks.current.memory": "3996",
                "clocks.current.sm": "1950",
                "clocks.max.graphics": "2062",
                "clocks.max.memory": "3996",
                "clocks.max.sm": "2062",
                "driver_version": "595.71.05",
                "index": "0",
                "name": "NVIDIA GB200",
                "pci.bus_id": "00000008:01:00.0",
                "persistence_mode": "Enabled",
                "power.draw": "213.07",
                "power.limit": "1200.00",
                "pstate": "P0",
                "temperature.gpu": "37",
                "uuid": "GPU-64efb995-783a-a11a-c868-580e18809080"
              },
              {
                "clocks.applications.graphics": "[Requested functionality has been deprecated]",
                "clocks.applications.memory": "[Requested functionality has been deprecated]",
                "clocks.current.graphics": "1950",
                "clocks.current.memory": "3996",
                "clocks.current.sm": "1950",
                "clocks.max.graphics": "2062",
                "clocks.max.memory": "3996",
                "clocks.max.sm": "2062",
                "driver_version": "595.71.05",
                "index": "1",
                "name": "NVIDIA GB200",
                "pci.bus_id": "00000009:01:00.0",
                "persistence_mode": "Enabled",
                "power.draw": "205.62",
                "power.limit": "1200.00",
                "pstate": "P0",
                "temperature.gpu": "37",
                "uuid": "GPU-84233fbe-ed84-cfff-821c-7acc555c2503"
              },
              {
                "clocks.applications.graphics": "[Requested functionality has been deprecated]",
                "clocks.applications.memory": "[Requested functionality has been deprecated]",
                "clocks.current.graphics": "1950",
                "clocks.current.memory": "3996",
                "clocks.current.sm": "1950",
                "clocks.max.graphics": "2062",
                "clocks.max.memory": "3996",
                "clocks.max.sm": "2062",
                "driver_version": "595.71.05",
                "index": "2",
                "name": "NVIDIA GB200",
                "pci.bus_id": "00000018:01:00.0",
                "persistence_mode": "Enabled",
                "power.draw": "210.00",
                "power.limit": "1200.00",
                "pstate": "P0",
                "temperature.gpu": "36",
                "uuid": "GPU-19bf3c4b-1e4c-1afc-3db0-adf098d28d8b"
              },
              {
                "clocks.applications.graphics": "[Requested functionality has been deprecated]",
                "clocks.applications.memory": "[Requested functionality has been deprecated]",
                "clocks.current.graphics": "1950",
                "clocks.current.memory": "3996",
                "clocks.current.sm": "1950",
                "clocks.max.graphics": "2062",
                "clocks.max.memory": "3996",
                "clocks.max.sm": "2062",
                "driver_version": "595.71.05",
                "index": "3",
                "name": "NVIDIA GB200",
                "pci.bus_id": "00000019:01:00.0",
                "persistence_mode": "Enabled",
                "power.draw": "231.51",
                "power.limit": "1200.00",
                "pstate": "P0",
                "temperature.gpu": "36",
                "uuid": "GPU-14a91ec2-4299-59e4-c682-00a36868d987"
              }
            ],
            "topology": {
              "arguments": [
                "nvidia-smi",
                "topo",
                "-m"
              ],
              "returncode": 0,
              "stderr": "",
              "stdout": "\u001b[4mGPU0\tGPU1\tGPU2\tGPU3\tNIC0\tNIC1\tNIC2\tNIC3\tNIC4\tNIC5\tNIC6\tNIC7\tNIC8\tNIC9\tNIC10\tNIC11\tNIC12\tCPU Affinity\tNUMA Affinity\tGPU NUMA ID\u001b[0m\nGPU0\t X \tNV18\tNV18\tNV18\tNODE\tNODE\tSYS\tSYS\tNODE\tNODE\tNODE\tNODE\tNODE\tNODE\tNODE\tNODE\tNODE\t0-71\t0\t\tN/A\nGPU1\tNV18\t X \tNV18\tNV18\tNODE\tNODE\tSYS\tSYS\tNODE\tNODE\tNODE\tNODE\tNODE\tNODE\tNODE\tNODE\tNODE\t0-71\t0\t\tN/A\nGPU2\tNV18\tNV18\t X \tNV18\tSYS\tSYS\tNODE\tNODE\tSYS\tSYS\tSYS\tSYS\tSYS\tSYS\tSYS\tSYS\tSYS\t72-143\t1\t\tN/A\nGPU3\tNV18\tNV18\tNV18\t X \tSYS\tSYS\tNODE\tNODE\tSYS\tSYS\tSYS\tSYS\tSYS\tSYS\tSYS\tSYS\tSYS\t72-143\t1\t\tN/A\nNIC0\tNODE\tNODE\tSYS\tSYS\t X \tNODE\tSYS\tSYS\tNODE\tNODE\tNODE\tNODE\tNODE\tNODE\tNODE\tNODE\tNODE\t\t\t\t\nNIC1\tNODE\tNODE\tSYS\tSYS\tNODE\t X \tSYS\tSYS\tNODE\tNODE\tNODE\tNODE\tNODE\tNODE\tNODE\tNODE\tNODE\t\t\t\t\nNIC2\tSYS\tSYS\tNODE\tNODE\tSYS\tSYS\t X \tNODE\tSYS\tSYS\tSYS\tSYS\tSYS\tSYS\tSYS\tSYS\tSYS\t\t\t\t\nNIC3\tSYS\tSYS\tNODE\tNODE\tSYS\tSYS\tNODE\t X \tSYS\tSYS\tSYS\tSYS\tSYS\tSYS\tSYS\tSYS\tSYS\t\t\t\t\nNIC4\tNODE\tNODE\tSYS\tSYS\tNODE\tNODE\tSYS\tSYS\t X \tPIX\tPIX\tPIX\tPIX\tPIX\tPIX\tPIX\tPIX\t\t\t\t\nNIC5\tNODE\tNODE\tSYS\tSYS\tNODE\tNODE\tSYS\tSYS\tPIX\t X \tPIX\tPIX\tPIX\tPIX\tPIX\tPIX\tPIX\t\t\t\t\nNIC6\tNODE\tNODE\tSYS\tSYS\tNODE\tNODE\tSYS\tSYS\tPIX\tPIX\t X \tPIX\tPIX\tPIX\tPIX\tPIX\tPIX\t\t\t\t\nNIC7\tNODE\tNODE\tSYS\tSYS\tNODE\tNODE\tSYS\tSYS\tPIX\tPIX\tPIX\t X \tPIX\tPIX\tPIX\tPIX\tPIX\t\t\t\t\nNIC8\tNODE\tNODE\tSYS\tSYS\tNODE\tNODE\tSYS\tSYS\tPIX\tPIX\tPIX\tPIX\t X \tPIX\tPIX\tPIX\tPIX\t\t\t\t\nNIC9\tNODE\tNODE\tSYS\tSYS\tNODE\tNODE\tSYS\tSYS\tPIX\tPIX\tPIX\tPIX\tPIX\t X \tPIX\tPIX\tPIX\t\t\t\t\nNIC10\tNODE\tNODE\tSYS\tSYS\tNODE\tNODE\tSYS\tSYS\tPIX\tPIX\tPIX\tPIX\tPIX\tPIX\t X \tPIX\tPIX\t\t\t\t\nNIC11\tNODE\tNODE\tSYS\tSYS\tNODE\tNODE\tSYS\tSYS\tPIX\tPIX\tPIX\tPIX\tPIX\tPIX\tPIX\t X \tPIX\t\t\t\t\nNIC12\tNODE\tNODE\tSYS\tSYS\tNODE\tNODE\tSYS\tSYS\tPIX\tPIX\tPIX\tPIX\tPIX\tPIX\tPIX\tPIX\t X \t\t\t\t\n\nLegend:\n\n  X    = Self\n  SYS  = Connection traversing PCIe as well as the SMP interconnect between NUMA nodes (e.g., QPI/UPI)\n  NODE = Connection traversing PCIe as well as the interconnect between PCIe Host Bridges within a NUMA node\n  PHB  = Connection traversing PCIe as well as a PCIe Host Bridge (typically the CPU)\n  PXB  = Connection traversing multiple PCIe bridges (without traversing the PCIe Host Bridge)\n  PIX  = Connection traversing at most a single PCIe bridge\n  NV#  = Connection traversing a bonded set of # NVLinks\n\nNIC Legend:\n\n  NIC0: ibp0\n  NIC1: ibp1\n  NIC2: ibp2\n  NIC3: ibp3\n  NIC4: mlx5_0\n  NIC5: mlx5_1\n  NIC6: mlx5_2\n  NIC7: mlx5_3\n  NIC8: mlx5_4\n  NIC9: mlx5_5\n  NIC10: mlx5_6\n  NIC11: mlx5_7\n  NIC12: mlx5_8"
            }
          }
        },
        "natural_end_to_end_mok_oracle": {
          "after": {
            "field_errors": {},
            "gpus": [
              {
                "clocks.applications.graphics": "[Requested functionality has been deprecated]",
                "clocks.applications.memory": "[Requested functionality has been deprecated]",
                "clocks.current.graphics": "1950",
                "clocks.current.memory": "3996",
                "clocks.current.sm": "1950",
                "clocks.max.graphics": "2062",
                "clocks.max.memory": "3996",
                "clocks.max.sm": "2062",
                "driver_version": "595.71.05",
                "index": "0",
                "name": "NVIDIA GB200",
                "pci.bus_id": "00000008:01:00.0",
                "persistence_mode": "Enabled",
                "power.draw": "368.60",
                "power.limit": "1200.00",
                "pstate": "P0",
                "temperature.gpu": "37",
                "uuid": "GPU-64efb995-783a-a11a-c868-580e18809080"
              },
              {
                "clocks.applications.graphics": "[Requested functionality has been deprecated]",
                "clocks.applications.memory": "[Requested functionality has been deprecated]",
                "clocks.current.graphics": "1950",
                "clocks.current.memory": "3996",
                "clocks.current.sm": "1950",
                "clocks.max.graphics": "2062",
                "clocks.max.memory": "3996",
                "clocks.max.sm": "2062",
                "driver_version": "595.71.05",
                "index": "1",
                "name": "NVIDIA GB200",
                "pci.bus_id": "00000009:01:00.0",
                "persistence_mode": "Enabled",
                "power.draw": "360.34",
                "power.limit": "1200.00",
                "pstate": "P0",
                "temperature.gpu": "37",
                "uuid": "GPU-84233fbe-ed84-cfff-821c-7acc555c2503"
              },
              {
                "clocks.applications.graphics": "[Requested functionality has been deprecated]",
                "clocks.applications.memory": "[Requested functionality has been deprecated]",
                "clocks.current.graphics": "1950",
                "clocks.current.memory": "3996",
                "clocks.current.sm": "1950",
                "clocks.max.graphics": "2062",
                "clocks.max.memory": "3996",
                "clocks.max.sm": "2062",
                "driver_version": "595.71.05",
                "index": "2",
                "name": "NVIDIA GB200",
                "pci.bus_id": "00000018:01:00.0",
                "persistence_mode": "Enabled",
                "power.draw": "365.60",
                "power.limit": "1200.00",
                "pstate": "P0",
                "temperature.gpu": "37",
                "uuid": "GPU-19bf3c4b-1e4c-1afc-3db0-adf098d28d8b"
              },
              {
                "clocks.applications.graphics": "[Requested functionality has been deprecated]",
                "clocks.applications.memory": "[Requested functionality has been deprecated]",
                "clocks.current.graphics": "1950",
                "clocks.current.memory": "3996",
                "clocks.current.sm": "1950",
                "clocks.max.graphics": "2062",
                "clocks.max.memory": "3996",
                "clocks.max.sm": "2062",
                "driver_version": "595.71.05",
                "index": "3",
                "name": "NVIDIA GB200",
                "pci.bus_id": "00000019:01:00.0",
                "persistence_mode": "Enabled",
                "power.draw": "388.08",
                "power.limit": "1200.00",
                "pstate": "P0",
                "temperature.gpu": "37",
                "uuid": "GPU-14a91ec2-4299-59e4-c682-00a36868d987"
              }
            ],
            "topology": {
              "arguments": [
                "nvidia-smi",
                "topo",
                "-m"
              ],
              "returncode": 0,
              "stderr": "",
              "stdout": "\u001b[4mGPU0\tGPU1\tGPU2\tGPU3\tNIC0\tNIC1\tNIC2\tNIC3\tNIC4\tNIC5\tNIC6\tNIC7\tNIC8\tNIC9\tNIC10\tNIC11\tNIC12\tCPU Affinity\tNUMA Affinity\tGPU NUMA ID\u001b[0m\nGPU0\t X \tNV18\tNV18\tNV18\tNODE\tNODE\tSYS\tSYS\tNODE\tNODE\tNODE\tNODE\tNODE\tNODE\tNODE\tNODE\tNODE\t0-71\t0\t\tN/A\nGPU1\tNV18\t X \tNV18\tNV18\tNODE\tNODE\tSYS\tSYS\tNODE\tNODE\tNODE\tNODE\tNODE\tNODE\tNODE\tNODE\tNODE\t0-71\t0\t\tN/A\nGPU2\tNV18\tNV18\t X \tNV18\tSYS\tSYS\tNODE\tNODE\tSYS\tSYS\tSYS\tSYS\tSYS\tSYS\tSYS\tSYS\tSYS\t72-143\t1\t\tN/A\nGPU3\tNV18\tNV18\tNV18\t X \tSYS\tSYS\tNODE\tNODE\tSYS\tSYS\tSYS\tSYS\tSYS\tSYS\tSYS\tSYS\tSYS\t72-143\t1\t\tN/A\nNIC0\tNODE\tNODE\tSYS\tSYS\t X \tNODE\tSYS\tSYS\tNODE\tNODE\tNODE\tNODE\tNODE\tNODE\tNODE\tNODE\tNODE\t\t\t\t\nNIC1\tNODE\tNODE\tSYS\tSYS\tNODE\t X \tSYS\tSYS\tNODE\tNODE\tNODE\tNODE\tNODE\tNODE\tNODE\tNODE\tNODE\t\t\t\t\nNIC2\tSYS\tSYS\tNODE\tNODE\tSYS\tSYS\t X \tNODE\tSYS\tSYS\tSYS\tSYS\tSYS\tSYS\tSYS\tSYS\tSYS\t\t\t\t\nNIC3\tSYS\tSYS\tNODE\tNODE\tSYS\tSYS\tNODE\t X \tSYS\tSYS\tSYS\tSYS\tSYS\tSYS\tSYS\tSYS\tSYS\t\t\t\t\nNIC4\tNODE\tNODE\tSYS\tSYS\tNODE\tNODE\tSYS\tSYS\t X \tPIX\tPIX\tPIX\tPIX\tPIX\tPIX\tPIX\tPIX\t\t\t\t\nNIC5\tNODE\tNODE\tSYS\tSYS\tNODE\tNODE\tSYS\tSYS\tPIX\t X \tPIX\tPIX\tPIX\tPIX\tPIX\tPIX\tPIX\t\t\t\t\nNIC6\tNODE\tNODE\tSYS\tSYS\tNODE\tNODE\tSYS\tSYS\tPIX\tPIX\t X \tPIX\tPIX\tPIX\tPIX\tPIX\tPIX\t\t\t\t\nNIC7\tNODE\tNODE\tSYS\tSYS\tNODE\tNODE\tSYS\tSYS\tPIX\tPIX\tPIX\t X \tPIX\tPIX\tPIX\tPIX\tPIX\t\t\t\t\nNIC8\tNODE\tNODE\tSYS\tSYS\tNODE\tNODE\tSYS\tSYS\tPIX\tPIX\tPIX\tPIX\t X \tPIX\tPIX\tPIX\tPIX\t\t\t\t\nNIC9\tNODE\tNODE\tSYS\tSYS\tNODE\tNODE\tSYS\tSYS\tPIX\tPIX\tPIX\tPIX\tPIX\t X \tPIX\tPIX\tPIX\t\t\t\t\nNIC10\tNODE\tNODE\tSYS\tSYS\tNODE\tNODE\tSYS\tSYS\tPIX\tPIX\tPIX\tPIX\tPIX\tPIX\t X \tPIX\tPIX\t\t\t\t\nNIC11\tNODE\tNODE\tSYS\tSYS\tNODE\tNODE\tSYS\tSYS\tPIX\tPIX\tPIX\tPIX\tPIX\tPIX\tPIX\t X \tPIX\t\t\t\t\nNIC12\tNODE\tNODE\tSYS\tSYS\tNODE\tNODE\tSYS\tSYS\tPIX\tPIX\tPIX\tPIX\tPIX\tPIX\tPIX\tPIX\t X \t\t\t\t\n\nLegend:\n\n  X    = Self\n  SYS  = Connection traversing PCIe as well as the SMP interconnect between NUMA nodes (e.g., QPI/UPI)\n  NODE = Connection traversing PCIe as well as the interconnect between PCIe Host Bridges within a NUMA node\n  PHB  = Connection traversing PCIe as well as a PCIe Host Bridge (typically the CPU)\n  PXB  = Connection traversing multiple PCIe bridges (without traversing the PCIe Host Bridge)\n  PIX  = Connection traversing at most a single PCIe bridge\n  NV#  = Connection traversing a bonded set of # NVLinks\n\nNIC Legend:\n\n  NIC0: ibp0\n  NIC1: ibp1\n  NIC2: ibp2\n  NIC3: ibp3\n  NIC4: mlx5_0\n  NIC5: mlx5_1\n  NIC6: mlx5_2\n  NIC7: mlx5_3\n  NIC8: mlx5_4\n  NIC9: mlx5_5\n  NIC10: mlx5_6\n  NIC11: mlx5_7\n  NIC12: mlx5_8"
            }
          },
          "before": {
            "field_errors": {},
            "gpus": [
              {
                "clocks.applications.graphics": "[Requested functionality has been deprecated]",
                "clocks.applications.memory": "[Requested functionality has been deprecated]",
                "clocks.current.graphics": "1950",
                "clocks.current.memory": "3996",
                "clocks.current.sm": "1950",
                "clocks.max.graphics": "2062",
                "clocks.max.memory": "3996",
                "clocks.max.sm": "2062",
                "driver_version": "595.71.05",
                "index": "0",
                "name": "NVIDIA GB200",
                "pci.bus_id": "00000008:01:00.0",
                "persistence_mode": "Enabled",
                "power.draw": "212.58",
                "power.limit": "1200.00",
                "pstate": "P0",
                "temperature.gpu": "36",
                "uuid": "GPU-64efb995-783a-a11a-c868-580e18809080"
              },
              {
                "clocks.applications.graphics": "[Requested functionality has been deprecated]",
                "clocks.applications.memory": "[Requested functionality has been deprecated]",
                "clocks.current.graphics": "1950",
                "clocks.current.memory": "3996",
                "clocks.current.sm": "1950",
                "clocks.max.graphics": "2062",
                "clocks.max.memory": "3996",
                "clocks.max.sm": "2062",
                "driver_version": "595.71.05",
                "index": "1",
                "name": "NVIDIA GB200",
                "pci.bus_id": "00000009:01:00.0",
                "persistence_mode": "Enabled",
                "power.draw": "205.70",
                "power.limit": "1200.00",
                "pstate": "P0",
                "temperature.gpu": "37",
                "uuid": "GPU-84233fbe-ed84-cfff-821c-7acc555c2503"
              },
              {
                "clocks.applications.graphics": "[Requested functionality has been deprecated]",
                "clocks.applications.memory": "[Requested functionality has been deprecated]",
                "clocks.current.graphics": "1950",
                "clocks.current.memory": "3996",
                "clocks.current.sm": "1950",
                "clocks.max.graphics": "2062",
                "clocks.max.memory": "3996",
                "clocks.max.sm": "2062",
                "driver_version": "595.71.05",
                "index": "2",
                "name": "NVIDIA GB200",
                "pci.bus_id": "00000018:01:00.0",
                "persistence_mode": "Enabled",
                "power.draw": "209.77",
                "power.limit": "1200.00",
                "pstate": "P0",
                "temperature.gpu": "36",
                "uuid": "GPU-19bf3c4b-1e4c-1afc-3db0-adf098d28d8b"
              },
              {
                "clocks.applications.graphics": "[Requested functionality has been deprecated]",
                "clocks.applications.memory": "[Requested functionality has been deprecated]",
                "clocks.current.graphics": "1950",
                "clocks.current.memory": "3996",
                "clocks.current.sm": "1950",
                "clocks.max.graphics": "2062",
                "clocks.max.memory": "3996",
                "clocks.max.sm": "2062",
                "driver_version": "595.71.05",
                "index": "3",
                "name": "NVIDIA GB200",
                "pci.bus_id": "00000019:01:00.0",
                "persistence_mode": "Enabled",
                "power.draw": "231.43",
                "power.limit": "1200.00",
                "pstate": "P0",
                "temperature.gpu": "36",
                "uuid": "GPU-14a91ec2-4299-59e4-c682-00a36868d987"
              }
            ],
            "topology": {
              "arguments": [
                "nvidia-smi",
                "topo",
                "-m"
              ],
              "returncode": 0,
              "stderr": "",
              "stdout": "\u001b[4mGPU0\tGPU1\tGPU2\tGPU3\tNIC0\tNIC1\tNIC2\tNIC3\tNIC4\tNIC5\tNIC6\tNIC7\tNIC8\tNIC9\tNIC10\tNIC11\tNIC12\tCPU Affinity\tNUMA Affinity\tGPU NUMA ID\u001b[0m\nGPU0\t X \tNV18\tNV18\tNV18\tNODE\tNODE\tSYS\tSYS\tNODE\tNODE\tNODE\tNODE\tNODE\tNODE\tNODE\tNODE\tNODE\t0-71\t0\t\tN/A\nGPU1\tNV18\t X \tNV18\tNV18\tNODE\tNODE\tSYS\tSYS\tNODE\tNODE\tNODE\tNODE\tNODE\tNODE\tNODE\tNODE\tNODE\t0-71\t0\t\tN/A\nGPU2\tNV18\tNV18\t X \tNV18\tSYS\tSYS\tNODE\tNODE\tSYS\tSYS\tSYS\tSYS\tSYS\tSYS\tSYS\tSYS\tSYS\t72-143\t1\t\tN/A\nGPU3\tNV18\tNV18\tNV18\t X \tSYS\tSYS\tNODE\tNODE\tSYS\tSYS\tSYS\tSYS\tSYS\tSYS\tSYS\tSYS\tSYS\t72-143\t1\t\tN/A\nNIC0\tNODE\tNODE\tSYS\tSYS\t X \tNODE\tSYS\tSYS\tNODE\tNODE\tNODE\tNODE\tNODE\tNODE\tNODE\tNODE\tNODE\t\t\t\t\nNIC1\tNODE\tNODE\tSYS\tSYS\tNODE\t X \tSYS\tSYS\tNODE\tNODE\tNODE\tNODE\tNODE\tNODE\tNODE\tNODE\tNODE\t\t\t\t\nNIC2\tSYS\tSYS\tNODE\tNODE\tSYS\tSYS\t X \tNODE\tSYS\tSYS\tSYS\tSYS\tSYS\tSYS\tSYS\tSYS\tSYS\t\t\t\t\nNIC3\tSYS\tSYS\tNODE\tNODE\tSYS\tSYS\tNODE\t X \tSYS\tSYS\tSYS\tSYS\tSYS\tSYS\tSYS\tSYS\tSYS\t\t\t\t\nNIC4\tNODE\tNODE\tSYS\tSYS\tNODE\tNODE\tSYS\tSYS\t X \tPIX\tPIX\tPIX\tPIX\tPIX\tPIX\tPIX\tPIX\t\t\t\t\nNIC5\tNODE\tNODE\tSYS\tSYS\tNODE\tNODE\tSYS\tSYS\tPIX\t X \tPIX\tPIX\tPIX\tPIX\tPIX\tPIX\tPIX\t\t\t\t\nNIC6\tNODE\tNODE\tSYS\tSYS\tNODE\tNODE\tSYS\tSYS\tPIX\tPIX\t X \tPIX\tPIX\tPIX\tPIX\tPIX\tPIX\t\t\t\t\nNIC7\tNODE\tNODE\tSYS\tSYS\tNODE\tNODE\tSYS\tSYS\tPIX\tPIX\tPIX\t X \tPIX\tPIX\tPIX\tPIX\tPIX\t\t\t\t\nNIC8\tNODE\tNODE\tSYS\tSYS\tNODE\tNODE\tSYS\tSYS\tPIX\tPIX\tPIX\tPIX\t X \tPIX\tPIX\tPIX\tPIX\t\t\t\t\nNIC9\tNODE\tNODE\tSYS\tSYS\tNODE\tNODE\tSYS\tSYS\tPIX\tPIX\tPIX\tPIX\tPIX\t X \tPIX\tPIX\tPIX\t\t\t\t\nNIC10\tNODE\tNODE\tSYS\tSYS\tNODE\tNODE\tSYS\tSYS\tPIX\tPIX\tPIX\tPIX\tPIX\tPIX\t X \tPIX\tPIX\t\t\t\t\nNIC11\tNODE\tNODE\tSYS\tSYS\tNODE\tNODE\tSYS\tSYS\tPIX\tPIX\tPIX\tPIX\tPIX\tPIX\tPIX\t X \tPIX\t\t\t\t\nNIC12\tNODE\tNODE\tSYS\tSYS\tNODE\tNODE\tSYS\tSYS\tPIX\tPIX\tPIX\tPIX\tPIX\tPIX\tPIX\tPIX\t X \t\t\t\t\n\nLegend:\n\n  X    = Self\n  SYS  = Connection traversing PCIe as well as the SMP interconnect between NUMA nodes (e.g., QPI/UPI)\n  NODE = Connection traversing PCIe as well as the interconnect between PCIe Host Bridges within a NUMA node\n  PHB  = Connection traversing PCIe as well as a PCIe Host Bridge (typically the CPU)\n  PXB  = Connection traversing multiple PCIe bridges (without traversing the PCIe Host Bridge)\n  PIX  = Connection traversing at most a single PCIe bridge\n  NV#  = Connection traversing a bonded set of # NVLinks\n\nNIC Legend:\n\n  NIC0: ibp0\n  NIC1: ibp1\n  NIC2: ibp2\n  NIC3: ibp3\n  NIC4: mlx5_0\n  NIC5: mlx5_1\n  NIC6: mlx5_2\n  NIC7: mlx5_3\n  NIC8: mlx5_4\n  NIC9: mlx5_5\n  NIC10: mlx5_6\n  NIC11: mlx5_7\n  NIC12: mlx5_8"
            }
          }
        },
        "natural_end_to_end_shuttle": {
          "after": {
            "field_errors": {},
            "gpus": [
              {
                "clocks.applications.graphics": "[Requested functionality has been deprecated]",
                "clocks.applications.memory": "[Requested functionality has been deprecated]",
                "clocks.current.graphics": "1950",
                "clocks.current.memory": "3996",
                "clocks.current.sm": "1950",
                "clocks.max.graphics": "2062",
                "clocks.max.memory": "3996",
                "clocks.max.sm": "2062",
                "driver_version": "595.71.05",
                "index": "0",
                "name": "NVIDIA GB200",
                "pci.bus_id": "00000008:01:00.0",
                "persistence_mode": "Enabled",
                "power.draw": "375.68",
                "power.limit": "1200.00",
                "pstate": "P0",
                "temperature.gpu": "37",
                "uuid": "GPU-64efb995-783a-a11a-c868-580e18809080"
              },
              {
                "clocks.applications.graphics": "[Requested functionality has been deprecated]",
                "clocks.applications.memory": "[Requested functionality has been deprecated]",
                "clocks.current.graphics": "1950",
                "clocks.current.memory": "3996",
                "clocks.current.sm": "1950",
                "clocks.max.graphics": "2062",
                "clocks.max.memory": "3996",
                "clocks.max.sm": "2062",
                "driver_version": "595.71.05",
                "index": "1",
                "name": "NVIDIA GB200",
                "pci.bus_id": "00000009:01:00.0",
                "persistence_mode": "Enabled",
                "power.draw": "372.58",
                "power.limit": "1200.00",
                "pstate": "P0",
                "temperature.gpu": "37",
                "uuid": "GPU-84233fbe-ed84-cfff-821c-7acc555c2503"
              },
              {
                "clocks.applications.graphics": "[Requested functionality has been deprecated]",
                "clocks.applications.memory": "[Requested functionality has been deprecated]",
                "clocks.current.graphics": "1950",
                "clocks.current.memory": "3996",
                "clocks.current.sm": "1950",
                "clocks.max.graphics": "2062",
                "clocks.max.memory": "3996",
                "clocks.max.sm": "2062",
                "driver_version": "595.71.05",
                "index": "2",
                "name": "NVIDIA GB200",
                "pci.bus_id": "00000018:01:00.0",
                "persistence_mode": "Enabled",
                "power.draw": "375.49",
                "power.limit": "1200.00",
                "pstate": "P0",
                "temperature.gpu": "37",
                "uuid": "GPU-19bf3c4b-1e4c-1afc-3db0-adf098d28d8b"
              },
              {
                "clocks.applications.graphics": "[Requested functionality has been deprecated]",
                "clocks.applications.memory": "[Requested functionality has been deprecated]",
                "clocks.current.graphics": "1950",
                "clocks.current.memory": "3996",
                "clocks.current.sm": "1950",
                "clocks.max.graphics": "2062",
                "clocks.max.memory": "3996",
                "clocks.max.sm": "2062",
                "driver_version": "595.71.05",
                "index": "3",
                "name": "NVIDIA GB200",
                "pci.bus_id": "00000019:01:00.0",
                "persistence_mode": "Enabled",
                "power.draw": "393.43",
                "power.limit": "1200.00",
                "pstate": "P0",
                "temperature.gpu": "37",
                "uuid": "GPU-14a91ec2-4299-59e4-c682-00a36868d987"
              }
            ],
            "topology": {
              "arguments": [
                "nvidia-smi",
                "topo",
                "-m"
              ],
              "returncode": 0,
              "stderr": "",
              "stdout": "\u001b[4mGPU0\tGPU1\tGPU2\tGPU3\tNIC0\tNIC1\tNIC2\tNIC3\tNIC4\tNIC5\tNIC6\tNIC7\tNIC8\tNIC9\tNIC10\tNIC11\tNIC12\tCPU Affinity\tNUMA Affinity\tGPU NUMA ID\u001b[0m\nGPU0\t X \tNV18\tNV18\tNV18\tNODE\tNODE\tSYS\tSYS\tNODE\tNODE\tNODE\tNODE\tNODE\tNODE\tNODE\tNODE\tNODE\t0-71\t0\t\tN/A\nGPU1\tNV18\t X \tNV18\tNV18\tNODE\tNODE\tSYS\tSYS\tNODE\tNODE\tNODE\tNODE\tNODE\tNODE\tNODE\tNODE\tNODE\t0-71\t0\t\tN/A\nGPU2\tNV18\tNV18\t X \tNV18\tSYS\tSYS\tNODE\tNODE\tSYS\tSYS\tSYS\tSYS\tSYS\tSYS\tSYS\tSYS\tSYS\t72-143\t1\t\tN/A\nGPU3\tNV18\tNV18\tNV18\t X \tSYS\tSYS\tNODE\tNODE\tSYS\tSYS\tSYS\tSYS\tSYS\tSYS\tSYS\tSYS\tSYS\t72-143\t1\t\tN/A\nNIC0\tNODE\tNODE\tSYS\tSYS\t X \tNODE\tSYS\tSYS\tNODE\tNODE\tNODE\tNODE\tNODE\tNODE\tNODE\tNODE\tNODE\t\t\t\t\nNIC1\tNODE\tNODE\tSYS\tSYS\tNODE\t X \tSYS\tSYS\tNODE\tNODE\tNODE\tNODE\tNODE\tNODE\tNODE\tNODE\tNODE\t\t\t\t\nNIC2\tSYS\tSYS\tNODE\tNODE\tSYS\tSYS\t X \tNODE\tSYS\tSYS\tSYS\tSYS\tSYS\tSYS\tSYS\tSYS\tSYS\t\t\t\t\nNIC3\tSYS\tSYS\tNODE\tNODE\tSYS\tSYS\tNODE\t X \tSYS\tSYS\tSYS\tSYS\tSYS\tSYS\tSYS\tSYS\tSYS\t\t\t\t\nNIC4\tNODE\tNODE\tSYS\tSYS\tNODE\tNODE\tSYS\tSYS\t X \tPIX\tPIX\tPIX\tPIX\tPIX\tPIX\tPIX\tPIX\t\t\t\t\nNIC5\tNODE\tNODE\tSYS\tSYS\tNODE\tNODE\tSYS\tSYS\tPIX\t X \tPIX\tPIX\tPIX\tPIX\tPIX\tPIX\tPIX\t\t\t\t\nNIC6\tNODE\tNODE\tSYS\tSYS\tNODE\tNODE\tSYS\tSYS\tPIX\tPIX\t X \tPIX\tPIX\tPIX\tPIX\tPIX\tPIX\t\t\t\t\nNIC7\tNODE\tNODE\tSYS\tSYS\tNODE\tNODE\tSYS\tSYS\tPIX\tPIX\tPIX\t X \tPIX\tPIX\tPIX\tPIX\tPIX\t\t\t\t\nNIC8\tNODE\tNODE\tSYS\tSYS\tNODE\tNODE\tSYS\tSYS\tPIX\tPIX\tPIX\tPIX\t X \tPIX\tPIX\tPIX\tPIX\t\t\t\t\nNIC9\tNODE\tNODE\tSYS\tSYS\tNODE\tNODE\tSYS\tSYS\tPIX\tPIX\tPIX\tPIX\tPIX\t X \tPIX\tPIX\tPIX\t\t\t\t\nNIC10\tNODE\tNODE\tSYS\tSYS\tNODE\tNODE\tSYS\tSYS\tPIX\tPIX\tPIX\tPIX\tPIX\tPIX\t X \tPIX\tPIX\t\t\t\t\nNIC11\tNODE\tNODE\tSYS\tSYS\tNODE\tNODE\tSYS\tSYS\tPIX\tPIX\tPIX\tPIX\tPIX\tPIX\tPIX\t X \tPIX\t\t\t\t\nNIC12\tNODE\tNODE\tSYS\tSYS\tNODE\tNODE\tSYS\tSYS\tPIX\tPIX\tPIX\tPIX\tPIX\tPIX\tPIX\tPIX\t X \t\t\t\t\n\nLegend:\n\n  X    = Self\n  SYS  = Connection traversing PCIe as well as the SMP interconnect between NUMA nodes (e.g., QPI/UPI)\n  NODE = Connection traversing PCIe as well as the interconnect between PCIe Host Bridges within a NUMA node\n  PHB  = Connection traversing PCIe as well as a PCIe Host Bridge (typically the CPU)\n  PXB  = Connection traversing multiple PCIe bridges (without traversing the PCIe Host Bridge)\n  PIX  = Connection traversing at most a single PCIe bridge\n  NV#  = Connection traversing a bonded set of # NVLinks\n\nNIC Legend:\n\n  NIC0: ibp0\n  NIC1: ibp1\n  NIC2: ibp2\n  NIC3: ibp3\n  NIC4: mlx5_0\n  NIC5: mlx5_1\n  NIC6: mlx5_2\n  NIC7: mlx5_3\n  NIC8: mlx5_4\n  NIC9: mlx5_5\n  NIC10: mlx5_6\n  NIC11: mlx5_7\n  NIC12: mlx5_8"
            }
          },
          "before": {
            "field_errors": {},
            "gpus": [
              {
                "clocks.applications.graphics": "[Requested functionality has been deprecated]",
                "clocks.applications.memory": "[Requested functionality has been deprecated]",
                "clocks.current.graphics": "1950",
                "clocks.current.memory": "3996",
                "clocks.current.sm": "1950",
                "clocks.max.graphics": "2062",
                "clocks.max.memory": "3996",
                "clocks.max.sm": "2062",
                "driver_version": "595.71.05",
                "index": "0",
                "name": "NVIDIA GB200",
                "pci.bus_id": "00000008:01:00.0",
                "persistence_mode": "Enabled",
                "power.draw": "212.72",
                "power.limit": "1200.00",
                "pstate": "P0",
                "temperature.gpu": "36",
                "uuid": "GPU-64efb995-783a-a11a-c868-580e18809080"
              },
              {
                "clocks.applications.graphics": "[Requested functionality has been deprecated]",
                "clocks.applications.memory": "[Requested functionality has been deprecated]",
                "clocks.current.graphics": "1950",
                "clocks.current.memory": "3996",
                "clocks.current.sm": "1950",
                "clocks.max.graphics": "2062",
                "clocks.max.memory": "3996",
                "clocks.max.sm": "2062",
                "driver_version": "595.71.05",
                "index": "1",
                "name": "NVIDIA GB200",
                "pci.bus_id": "00000009:01:00.0",
                "persistence_mode": "Enabled",
                "power.draw": "205.23",
                "power.limit": "1200.00",
                "pstate": "P0",
                "temperature.gpu": "37",
                "uuid": "GPU-84233fbe-ed84-cfff-821c-7acc555c2503"
              },
              {
                "clocks.applications.graphics": "[Requested functionality has been deprecated]",
                "clocks.applications.memory": "[Requested functionality has been deprecated]",
                "clocks.current.graphics": "1950",
                "clocks.current.memory": "3996",
                "clocks.current.sm": "1950",
                "clocks.max.graphics": "2062",
                "clocks.max.memory": "3996",
                "clocks.max.sm": "2062",
                "driver_version": "595.71.05",
                "index": "2",
                "name": "NVIDIA GB200",
                "pci.bus_id": "00000018:01:00.0",
                "persistence_mode": "Enabled",
                "power.draw": "209.04",
                "power.limit": "1200.00",
                "pstate": "P0",
                "temperature.gpu": "36",
                "uuid": "GPU-19bf3c4b-1e4c-1afc-3db0-adf098d28d8b"
              },
              {
                "clocks.applications.graphics": "[Requested functionality has been deprecated]",
                "clocks.applications.memory": "[Requested functionality has been deprecated]",
                "clocks.current.graphics": "1950",
                "clocks.current.memory": "3996",
                "clocks.current.sm": "1950",
                "clocks.max.graphics": "2062",
                "clocks.max.memory": "3996",
                "clocks.max.sm": "2062",
                "driver_version": "595.71.05",
                "index": "3",
                "name": "NVIDIA GB200",
                "pci.bus_id": "00000019:01:00.0",
                "persistence_mode": "Enabled",
                "power.draw": "231.50",
                "power.limit": "1200.00",
                "pstate": "P0",
                "temperature.gpu": "36",
                "uuid": "GPU-14a91ec2-4299-59e4-c682-00a36868d987"
              }
            ],
            "topology": {
              "arguments": [
                "nvidia-smi",
                "topo",
                "-m"
              ],
              "returncode": 0,
              "stderr": "",
              "stdout": "\u001b[4mGPU0\tGPU1\tGPU2\tGPU3\tNIC0\tNIC1\tNIC2\tNIC3\tNIC4\tNIC5\tNIC6\tNIC7\tNIC8\tNIC9\tNIC10\tNIC11\tNIC12\tCPU Affinity\tNUMA Affinity\tGPU NUMA ID\u001b[0m\nGPU0\t X \tNV18\tNV18\tNV18\tNODE\tNODE\tSYS\tSYS\tNODE\tNODE\tNODE\tNODE\tNODE\tNODE\tNODE\tNODE\tNODE\t0-71\t0\t\tN/A\nGPU1\tNV18\t X \tNV18\tNV18\tNODE\tNODE\tSYS\tSYS\tNODE\tNODE\tNODE\tNODE\tNODE\tNODE\tNODE\tNODE\tNODE\t0-71\t0\t\tN/A\nGPU2\tNV18\tNV18\t X \tNV18\tSYS\tSYS\tNODE\tNODE\tSYS\tSYS\tSYS\tSYS\tSYS\tSYS\tSYS\tSYS\tSYS\t72-143\t1\t\tN/A\nGPU3\tNV18\tNV18\tNV18\t X \tSYS\tSYS\tNODE\tNODE\tSYS\tSYS\tSYS\tSYS\tSYS\tSYS\tSYS\tSYS\tSYS\t72-143\t1\t\tN/A\nNIC0\tNODE\tNODE\tSYS\tSYS\t X \tNODE\tSYS\tSYS\tNODE\tNODE\tNODE\tNODE\tNODE\tNODE\tNODE\tNODE\tNODE\t\t\t\t\nNIC1\tNODE\tNODE\tSYS\tSYS\tNODE\t X \tSYS\tSYS\tNODE\tNODE\tNODE\tNODE\tNODE\tNODE\tNODE\tNODE\tNODE\t\t\t\t\nNIC2\tSYS\tSYS\tNODE\tNODE\tSYS\tSYS\t X \tNODE\tSYS\tSYS\tSYS\tSYS\tSYS\tSYS\tSYS\tSYS\tSYS\t\t\t\t\nNIC3\tSYS\tSYS\tNODE\tNODE\tSYS\tSYS\tNODE\t X \tSYS\tSYS\tSYS\tSYS\tSYS\tSYS\tSYS\tSYS\tSYS\t\t\t\t\nNIC4\tNODE\tNODE\tSYS\tSYS\tNODE\tNODE\tSYS\tSYS\t X \tPIX\tPIX\tPIX\tPIX\tPIX\tPIX\tPIX\tPIX\t\t\t\t\nNIC5\tNODE\tNODE\tSYS\tSYS\tNODE\tNODE\tSYS\tSYS\tPIX\t X \tPIX\tPIX\tPIX\tPIX\tPIX\tPIX\tPIX\t\t\t\t\nNIC6\tNODE\tNODE\tSYS\tSYS\tNODE\tNODE\tSYS\tSYS\tPIX\tPIX\t X \tPIX\tPIX\tPIX\tPIX\tPIX\tPIX\t\t\t\t\nNIC7\tNODE\tNODE\tSYS\tSYS\tNODE\tNODE\tSYS\tSYS\tPIX\tPIX\tPIX\t X \tPIX\tPIX\tPIX\tPIX\tPIX\t\t\t\t\nNIC8\tNODE\tNODE\tSYS\tSYS\tNODE\tNODE\tSYS\tSYS\tPIX\tPIX\tPIX\tPIX\t X \tPIX\tPIX\tPIX\tPIX\t\t\t\t\nNIC9\tNODE\tNODE\tSYS\tSYS\tNODE\tNODE\tSYS\tSYS\tPIX\tPIX\tPIX\tPIX\tPIX\t X \tPIX\tPIX\tPIX\t\t\t\t\nNIC10\tNODE\tNODE\tSYS\tSYS\tNODE\tNODE\tSYS\tSYS\tPIX\tPIX\tPIX\tPIX\tPIX\tPIX\t X \tPIX\tPIX\t\t\t\t\nNIC11\tNODE\tNODE\tSYS\tSYS\tNODE\tNODE\tSYS\tSYS\tPIX\tPIX\tPIX\tPIX\tPIX\tPIX\tPIX\t X \tPIX\t\t\t\t\nNIC12\tNODE\tNODE\tSYS\tSYS\tNODE\tNODE\tSYS\tSYS\tPIX\tPIX\tPIX\tPIX\tPIX\tPIX\tPIX\tPIX\t X \t\t\t\t\n\nLegend:\n\n  X    = Self\n  SYS  = Connection traversing PCIe as well as the SMP interconnect between NUMA nodes (e.g., QPI/UPI)\n  NODE = Connection traversing PCIe as well as the interconnect between PCIe Host Bridges within a NUMA node\n  PHB  = Connection traversing PCIe as well as a PCIe Host Bridge (typically the CPU)\n  PXB  = Connection traversing multiple PCIe bridges (without traversing the PCIe Host Bridge)\n  PIX  = Connection traversing at most a single PCIe bridge\n  NV#  = Connection traversing a bonded set of # NVLinks\n\nNIC Legend:\n\n  NIC0: ibp0\n  NIC1: ibp1\n  NIC2: ibp2\n  NIC3: ibp3\n  NIC4: mlx5_0\n  NIC5: mlx5_1\n  NIC6: mlx5_2\n  NIC7: mlx5_3\n  NIC8: mlx5_4\n  NIC9: mlx5_5\n  NIC10: mlx5_6\n  NIC11: mlx5_7\n  NIC12: mlx5_8"
            }
          }
        },
        "natural_router_contract_topk_fold": {
          "after": {
            "field_errors": {},
            "gpus": [
              {
                "clocks.applications.graphics": "[Requested functionality has been deprecated]",
                "clocks.applications.memory": "[Requested functionality has been deprecated]",
                "clocks.current.graphics": "1950",
                "clocks.current.memory": "3996",
                "clocks.current.sm": "1950",
                "clocks.max.graphics": "2062",
                "clocks.max.memory": "3996",
                "clocks.max.sm": "2062",
                "driver_version": "595.71.05",
                "index": "0",
                "name": "NVIDIA GB200",
                "pci.bus_id": "00000008:01:00.0",
                "persistence_mode": "Enabled",
                "power.draw": "213.66",
                "power.limit": "1200.00",
                "pstate": "P0",
                "temperature.gpu": "36",
                "uuid": "GPU-64efb995-783a-a11a-c868-580e18809080"
              },
              {
                "clocks.applications.graphics": "[Requested functionality has been deprecated]",
                "clocks.applications.memory": "[Requested functionality has been deprecated]",
                "clocks.current.graphics": "1950",
                "clocks.current.memory": "3996",
                "clocks.current.sm": "1950",
                "clocks.max.graphics": "2062",
                "clocks.max.memory": "3996",
                "clocks.max.sm": "2062",
                "driver_version": "595.71.05",
                "index": "1",
                "name": "NVIDIA GB200",
                "pci.bus_id": "00000009:01:00.0",
                "persistence_mode": "Enabled",
                "power.draw": "204.92",
                "power.limit": "1200.00",
                "pstate": "P0",
                "temperature.gpu": "37",
                "uuid": "GPU-84233fbe-ed84-cfff-821c-7acc555c2503"
              },
              {
                "clocks.applications.graphics": "[Requested functionality has been deprecated]",
                "clocks.applications.memory": "[Requested functionality has been deprecated]",
                "clocks.current.graphics": "1950",
                "clocks.current.memory": "3996",
                "clocks.current.sm": "1950",
                "clocks.max.graphics": "2062",
                "clocks.max.memory": "3996",
                "clocks.max.sm": "2062",
                "driver_version": "595.71.05",
                "index": "2",
                "name": "NVIDIA GB200",
                "pci.bus_id": "00000018:01:00.0",
                "persistence_mode": "Enabled",
                "power.draw": "209.59",
                "power.limit": "1200.00",
                "pstate": "P0",
                "temperature.gpu": "36",
                "uuid": "GPU-19bf3c4b-1e4c-1afc-3db0-adf098d28d8b"
              },
              {
                "clocks.applications.graphics": "[Requested functionality has been deprecated]",
                "clocks.applications.memory": "[Requested functionality has been deprecated]",
                "clocks.current.graphics": "1950",
                "clocks.current.memory": "3996",
                "clocks.current.sm": "1950",
                "clocks.max.graphics": "2062",
                "clocks.max.memory": "3996",
                "clocks.max.sm": "2062",
                "driver_version": "595.71.05",
                "index": "3",
                "name": "NVIDIA GB200",
                "pci.bus_id": "00000019:01:00.0",
                "persistence_mode": "Enabled",
                "power.draw": "231.56",
                "power.limit": "1200.00",
                "pstate": "P0",
                "temperature.gpu": "36",
                "uuid": "GPU-14a91ec2-4299-59e4-c682-00a36868d987"
              }
            ],
            "topology": {
              "arguments": [
                "nvidia-smi",
                "topo",
                "-m"
              ],
              "returncode": 0,
              "stderr": "",
              "stdout": "\u001b[4mGPU0\tGPU1\tGPU2\tGPU3\tNIC0\tNIC1\tNIC2\tNIC3\tNIC4\tNIC5\tNIC6\tNIC7\tNIC8\tNIC9\tNIC10\tNIC11\tNIC12\tCPU Affinity\tNUMA Affinity\tGPU NUMA ID\u001b[0m\nGPU0\t X \tNV18\tNV18\tNV18\tNODE\tNODE\tSYS\tSYS\tNODE\tNODE\tNODE\tNODE\tNODE\tNODE\tNODE\tNODE\tNODE\t0-71\t0\t\tN/A\nGPU1\tNV18\t X \tNV18\tNV18\tNODE\tNODE\tSYS\tSYS\tNODE\tNODE\tNODE\tNODE\tNODE\tNODE\tNODE\tNODE\tNODE\t0-71\t0\t\tN/A\nGPU2\tNV18\tNV18\t X \tNV18\tSYS\tSYS\tNODE\tNODE\tSYS\tSYS\tSYS\tSYS\tSYS\tSYS\tSYS\tSYS\tSYS\t72-143\t1\t\tN/A\nGPU3\tNV18\tNV18\tNV18\t X \tSYS\tSYS\tNODE\tNODE\tSYS\tSYS\tSYS\tSYS\tSYS\tSYS\tSYS\tSYS\tSYS\t72-143\t1\t\tN/A\nNIC0\tNODE\tNODE\tSYS\tSYS\t X \tNODE\tSYS\tSYS\tNODE\tNODE\tNODE\tNODE\tNODE\tNODE\tNODE\tNODE\tNODE\t\t\t\t\nNIC1\tNODE\tNODE\tSYS\tSYS\tNODE\t X \tSYS\tSYS\tNODE\tNODE\tNODE\tNODE\tNODE\tNODE\tNODE\tNODE\tNODE\t\t\t\t\nNIC2\tSYS\tSYS\tNODE\tNODE\tSYS\tSYS\t X \tNODE\tSYS\tSYS\tSYS\tSYS\tSYS\tSYS\tSYS\tSYS\tSYS\t\t\t\t\nNIC3\tSYS\tSYS\tNODE\tNODE\tSYS\tSYS\tNODE\t X \tSYS\tSYS\tSYS\tSYS\tSYS\tSYS\tSYS\tSYS\tSYS\t\t\t\t\nNIC4\tNODE\tNODE\tSYS\tSYS\tNODE\tNODE\tSYS\tSYS\t X \tPIX\tPIX\tPIX\tPIX\tPIX\tPIX\tPIX\tPIX\t\t\t\t\nNIC5\tNODE\tNODE\tSYS\tSYS\tNODE\tNODE\tSYS\tSYS\tPIX\t X \tPIX\tPIX\tPIX\tPIX\tPIX\tPIX\tPIX\t\t\t\t\nNIC6\tNODE\tNODE\tSYS\tSYS\tNODE\tNODE\tSYS\tSYS\tPIX\tPIX\t X \tPIX\tPIX\tPIX\tPIX\tPIX\tPIX\t\t\t\t\nNIC7\tNODE\tNODE\tSYS\tSYS\tNODE\tNODE\tSYS\tSYS\tPIX\tPIX\tPIX\t X \tPIX\tPIX\tPIX\tPIX\tPIX\t\t\t\t\nNIC8\tNODE\tNODE\tSYS\tSYS\tNODE\tNODE\tSYS\tSYS\tPIX\tPIX\tPIX\tPIX\t X \tPIX\tPIX\tPIX\tPIX\t\t\t\t\nNIC9\tNODE\tNODE\tSYS\tSYS\tNODE\tNODE\tSYS\tSYS\tPIX\tPIX\tPIX\tPIX\tPIX\t X \tPIX\tPIX\tPIX\t\t\t\t\nNIC10\tNODE\tNODE\tSYS\tSYS\tNODE\tNODE\tSYS\tSYS\tPIX\tPIX\tPIX\tPIX\tPIX\tPIX\t X \tPIX\tPIX\t\t\t\t\nNIC11\tNODE\tNODE\tSYS\tSYS\tNODE\tNODE\tSYS\tSYS\tPIX\tPIX\tPIX\tPIX\tPIX\tPIX\tPIX\t X \tPIX\t\t\t\t\nNIC12\tNODE\tNODE\tSYS\tSYS\tNODE\tNODE\tSYS\tSYS\tPIX\tPIX\tPIX\tPIX\tPIX\tPIX\tPIX\tPIX\t X \t\t\t\t\n\nLegend:\n\n  X    = Self\n  SYS  = Connection traversing PCIe as well as the SMP interconnect between NUMA nodes (e.g., QPI/UPI)\n  NODE = Connection traversing PCIe as well as the interconnect between PCIe Host Bridges within a NUMA node\n  PHB  = Connection traversing PCIe as well as a PCIe Host Bridge (typically the CPU)\n  PXB  = Connection traversing multiple PCIe bridges (without traversing the PCIe Host Bridge)\n  PIX  = Connection traversing at most a single PCIe bridge\n  NV#  = Connection traversing a bonded set of # NVLinks\n\nNIC Legend:\n\n  NIC0: ibp0\n  NIC1: ibp1\n  NIC2: ibp2\n  NIC3: ibp3\n  NIC4: mlx5_0\n  NIC5: mlx5_1\n  NIC6: mlx5_2\n  NIC7: mlx5_3\n  NIC8: mlx5_4\n  NIC9: mlx5_5\n  NIC10: mlx5_6\n  NIC11: mlx5_7\n  NIC12: mlx5_8"
            }
          },
          "before": {
            "field_errors": {},
            "gpus": [
              {
                "clocks.applications.graphics": "[Requested functionality has been deprecated]",
                "clocks.applications.memory": "[Requested functionality has been deprecated]",
                "clocks.current.graphics": "1950",
                "clocks.current.memory": "3996",
                "clocks.current.sm": "1950",
                "clocks.max.graphics": "2062",
                "clocks.max.memory": "3996",
                "clocks.max.sm": "2062",
                "driver_version": "595.71.05",
                "index": "0",
                "name": "NVIDIA GB200",
                "pci.bus_id": "00000008:01:00.0",
                "persistence_mode": "Enabled",
                "power.draw": "213.07",
                "power.limit": "1200.00",
                "pstate": "P0",
                "temperature.gpu": "37",
                "uuid": "GPU-64efb995-783a-a11a-c868-580e18809080"
              },
              {
                "clocks.applications.graphics": "[Requested functionality has been deprecated]",
                "clocks.applications.memory": "[Requested functionality has been deprecated]",
                "clocks.current.graphics": "1950",
                "clocks.current.memory": "3996",
                "clocks.current.sm": "1950",
                "clocks.max.graphics": "2062",
                "clocks.max.memory": "3996",
                "clocks.max.sm": "2062",
                "driver_version": "595.71.05",
                "index": "1",
                "name": "NVIDIA GB200",
                "pci.bus_id": "00000009:01:00.0",
                "persistence_mode": "Enabled",
                "power.draw": "205.84",
                "power.limit": "1200.00",
                "pstate": "P0",
                "temperature.gpu": "37",
                "uuid": "GPU-84233fbe-ed84-cfff-821c-7acc555c2503"
              },
              {
                "clocks.applications.graphics": "[Requested functionality has been deprecated]",
                "clocks.applications.memory": "[Requested functionality has been deprecated]",
                "clocks.current.graphics": "1950",
                "clocks.current.memory": "3996",
                "clocks.current.sm": "1950",
                "clocks.max.graphics": "2062",
                "clocks.max.memory": "3996",
                "clocks.max.sm": "2062",
                "driver_version": "595.71.05",
                "index": "2",
                "name": "NVIDIA GB200",
                "pci.bus_id": "00000018:01:00.0",
                "persistence_mode": "Enabled",
                "power.draw": "209.51",
                "power.limit": "1200.00",
                "pstate": "P0",
                "temperature.gpu": "36",
                "uuid": "GPU-19bf3c4b-1e4c-1afc-3db0-adf098d28d8b"
              },
              {
                "clocks.applications.graphics": "[Requested functionality has been deprecated]",
                "clocks.applications.memory": "[Requested functionality has been deprecated]",
                "clocks.current.graphics": "1950",
                "clocks.current.memory": "3996",
                "clocks.current.sm": "1950",
                "clocks.max.graphics": "2062",
                "clocks.max.memory": "3996",
                "clocks.max.sm": "2062",
                "driver_version": "595.71.05",
                "index": "3",
                "name": "NVIDIA GB200",
                "pci.bus_id": "00000019:01:00.0",
                "persistence_mode": "Enabled",
                "power.draw": "231.59",
                "power.limit": "1200.00",
                "pstate": "P0",
                "temperature.gpu": "36",
                "uuid": "GPU-14a91ec2-4299-59e4-c682-00a36868d987"
              }
            ],
            "topology": {
              "arguments": [
                "nvidia-smi",
                "topo",
                "-m"
              ],
              "returncode": 0,
              "stderr": "",
              "stdout": "\u001b[4mGPU0\tGPU1\tGPU2\tGPU3\tNIC0\tNIC1\tNIC2\tNIC3\tNIC4\tNIC5\tNIC6\tNIC7\tNIC8\tNIC9\tNIC10\tNIC11\tNIC12\tCPU Affinity\tNUMA Affinity\tGPU NUMA ID\u001b[0m\nGPU0\t X \tNV18\tNV18\tNV18\tNODE\tNODE\tSYS\tSYS\tNODE\tNODE\tNODE\tNODE\tNODE\tNODE\tNODE\tNODE\tNODE\t0-71\t0\t\tN/A\nGPU1\tNV18\t X \tNV18\tNV18\tNODE\tNODE\tSYS\tSYS\tNODE\tNODE\tNODE\tNODE\tNODE\tNODE\tNODE\tNODE\tNODE\t0-71\t0\t\tN/A\nGPU2\tNV18\tNV18\t X \tNV18\tSYS\tSYS\tNODE\tNODE\tSYS\tSYS\tSYS\tSYS\tSYS\tSYS\tSYS\tSYS\tSYS\t72-143\t1\t\tN/A\nGPU3\tNV18\tNV18\tNV18\t X \tSYS\tSYS\tNODE\tNODE\tSYS\tSYS\tSYS\tSYS\tSYS\tSYS\tSYS\tSYS\tSYS\t72-143\t1\t\tN/A\nNIC0\tNODE\tNODE\tSYS\tSYS\t X \tNODE\tSYS\tSYS\tNODE\tNODE\tNODE\tNODE\tNODE\tNODE\tNODE\tNODE\tNODE\t\t\t\t\nNIC1\tNODE\tNODE\tSYS\tSYS\tNODE\t X \tSYS\tSYS\tNODE\tNODE\tNODE\tNODE\tNODE\tNODE\tNODE\tNODE\tNODE\t\t\t\t\nNIC2\tSYS\tSYS\tNODE\tNODE\tSYS\tSYS\t X \tNODE\tSYS\tSYS\tSYS\tSYS\tSYS\tSYS\tSYS\tSYS\tSYS\t\t\t\t\nNIC3\tSYS\tSYS\tNODE\tNODE\tSYS\tSYS\tNODE\t X \tSYS\tSYS\tSYS\tSYS\tSYS\tSYS\tSYS\tSYS\tSYS\t\t\t\t\nNIC4\tNODE\tNODE\tSYS\tSYS\tNODE\tNODE\tSYS\tSYS\t X \tPIX\tPIX\tPIX\tPIX\tPIX\tPIX\tPIX\tPIX\t\t\t\t\nNIC5\tNODE\tNODE\tSYS\tSYS\tNODE\tNODE\tSYS\tSYS\tPIX\t X \tPIX\tPIX\tPIX\tPIX\tPIX\tPIX\tPIX\t\t\t\t\nNIC6\tNODE\tNODE\tSYS\tSYS\tNODE\tNODE\tSYS\tSYS\tPIX\tPIX\t X \tPIX\tPIX\tPIX\tPIX\tPIX\tPIX\t\t\t\t\nNIC7\tNODE\tNODE\tSYS\tSYS\tNODE\tNODE\tSYS\tSYS\tPIX\tPIX\tPIX\t X \tPIX\tPIX\tPIX\tPIX\tPIX\t\t\t\t\nNIC8\tNODE\tNODE\tSYS\tSYS\tNODE\tNODE\tSYS\tSYS\tPIX\tPIX\tPIX\tPIX\t X \tPIX\tPIX\tPIX\tPIX\t\t\t\t\nNIC9\tNODE\tNODE\tSYS\tSYS\tNODE\tNODE\tSYS\tSYS\tPIX\tPIX\tPIX\tPIX\tPIX\t X \tPIX\tPIX\tPIX\t\t\t\t\nNIC10\tNODE\tNODE\tSYS\tSYS\tNODE\tNODE\tSYS\tSYS\tPIX\tPIX\tPIX\tPIX\tPIX\tPIX\t X \tPIX\tPIX\t\t\t\t\nNIC11\tNODE\tNODE\tSYS\tSYS\tNODE\tNODE\tSYS\tSYS\tPIX\tPIX\tPIX\tPIX\tPIX\tPIX\tPIX\t X \tPIX\t\t\t\t\nNIC12\tNODE\tNODE\tSYS\tSYS\tNODE\tNODE\tSYS\tSYS\tPIX\tPIX\tPIX\tPIX\tPIX\tPIX\tPIX\tPIX\t X \t\t\t\t\n\nLegend:\n\n  X    = Self\n  SYS  = Connection traversing PCIe as well as the SMP interconnect between NUMA nodes (e.g., QPI/UPI)\n  NODE = Connection traversing PCIe as well as the interconnect between PCIe Host Bridges within a NUMA node\n  PHB  = Connection traversing PCIe as well as a PCIe Host Bridge (typically the CPU)\n  PXB  = Connection traversing multiple PCIe bridges (without traversing the PCIe Host Bridge)\n  PIX  = Connection traversing at most a single PCIe bridge\n  NV#  = Connection traversing a bonded set of # NVLinks\n\nNIC Legend:\n\n  NIC0: ibp0\n  NIC1: ibp1\n  NIC2: ibp2\n  NIC3: ibp3\n  NIC4: mlx5_0\n  NIC5: mlx5_1\n  NIC6: mlx5_2\n  NIC7: mlx5_3\n  NIC8: mlx5_4\n  NIC9: mlx5_5\n  NIC10: mlx5_6\n  NIC11: mlx5_7\n  NIC12: mlx5_8"
            }
          }
        },
        "natural_runtime_layout_and_payload_dispatch": {
          "after": {
            "field_errors": {},
            "gpus": [
              {
                "clocks.applications.graphics": "[Requested functionality has been deprecated]",
                "clocks.applications.memory": "[Requested functionality has been deprecated]",
                "clocks.current.graphics": "1950",
                "clocks.current.memory": "3996",
                "clocks.current.sm": "1950",
                "clocks.max.graphics": "2062",
                "clocks.max.memory": "3996",
                "clocks.max.sm": "2062",
                "driver_version": "595.71.05",
                "index": "0",
                "name": "NVIDIA GB200",
                "pci.bus_id": "00000008:01:00.0",
                "persistence_mode": "Enabled",
                "power.draw": "214.04",
                "power.limit": "1200.00",
                "pstate": "P0",
                "temperature.gpu": "36",
                "uuid": "GPU-64efb995-783a-a11a-c868-580e18809080"
              },
              {
                "clocks.applications.graphics": "[Requested functionality has been deprecated]",
                "clocks.applications.memory": "[Requested functionality has been deprecated]",
                "clocks.current.graphics": "1950",
                "clocks.current.memory": "3996",
                "clocks.current.sm": "1950",
                "clocks.max.graphics": "2062",
                "clocks.max.memory": "3996",
                "clocks.max.sm": "2062",
                "driver_version": "595.71.05",
                "index": "1",
                "name": "NVIDIA GB200",
                "pci.bus_id": "00000009:01:00.0",
                "persistence_mode": "Enabled",
                "power.draw": "205.84",
                "power.limit": "1200.00",
                "pstate": "P0",
                "temperature.gpu": "37",
                "uuid": "GPU-84233fbe-ed84-cfff-821c-7acc555c2503"
              },
              {
                "clocks.applications.graphics": "[Requested functionality has been deprecated]",
                "clocks.applications.memory": "[Requested functionality has been deprecated]",
                "clocks.current.graphics": "1950",
                "clocks.current.memory": "3996",
                "clocks.current.sm": "1950",
                "clocks.max.graphics": "2062",
                "clocks.max.memory": "3996",
                "clocks.max.sm": "2062",
                "driver_version": "595.71.05",
                "index": "2",
                "name": "NVIDIA GB200",
                "pci.bus_id": "00000018:01:00.0",
                "persistence_mode": "Enabled",
                "power.draw": "210.22",
                "power.limit": "1200.00",
                "pstate": "P0",
                "temperature.gpu": "36",
                "uuid": "GPU-19bf3c4b-1e4c-1afc-3db0-adf098d28d8b"
              },
              {
                "clocks.applications.graphics": "[Requested functionality has been deprecated]",
                "clocks.applications.memory": "[Requested functionality has been deprecated]",
                "clocks.current.graphics": "1950",
                "clocks.current.memory": "3996",
                "clocks.current.sm": "1950",
                "clocks.max.graphics": "2062",
                "clocks.max.memory": "3996",
                "clocks.max.sm": "2062",
                "driver_version": "595.71.05",
                "index": "3",
                "name": "NVIDIA GB200",
                "pci.bus_id": "00000019:01:00.0",
                "persistence_mode": "Enabled",
                "power.draw": "232.08",
                "power.limit": "1200.00",
                "pstate": "P0",
                "temperature.gpu": "36",
                "uuid": "GPU-14a91ec2-4299-59e4-c682-00a36868d987"
              }
            ],
            "topology": {
              "arguments": [
                "nvidia-smi",
                "topo",
                "-m"
              ],
              "returncode": 0,
              "stderr": "",
              "stdout": "\u001b[4mGPU0\tGPU1\tGPU2\tGPU3\tNIC0\tNIC1\tNIC2\tNIC3\tNIC4\tNIC5\tNIC6\tNIC7\tNIC8\tNIC9\tNIC10\tNIC11\tNIC12\tCPU Affinity\tNUMA Affinity\tGPU NUMA ID\u001b[0m\nGPU0\t X \tNV18\tNV18\tNV18\tNODE\tNODE\tSYS\tSYS\tNODE\tNODE\tNODE\tNODE\tNODE\tNODE\tNODE\tNODE\tNODE\t0-71\t0\t\tN/A\nGPU1\tNV18\t X \tNV18\tNV18\tNODE\tNODE\tSYS\tSYS\tNODE\tNODE\tNODE\tNODE\tNODE\tNODE\tNODE\tNODE\tNODE\t0-71\t0\t\tN/A\nGPU2\tNV18\tNV18\t X \tNV18\tSYS\tSYS\tNODE\tNODE\tSYS\tSYS\tSYS\tSYS\tSYS\tSYS\tSYS\tSYS\tSYS\t72-143\t1\t\tN/A\nGPU3\tNV18\tNV18\tNV18\t X \tSYS\tSYS\tNODE\tNODE\tSYS\tSYS\tSYS\tSYS\tSYS\tSYS\tSYS\tSYS\tSYS\t72-143\t1\t\tN/A\nNIC0\tNODE\tNODE\tSYS\tSYS\t X \tNODE\tSYS\tSYS\tNODE\tNODE\tNODE\tNODE\tNODE\tNODE\tNODE\tNODE\tNODE\t\t\t\t\nNIC1\tNODE\tNODE\tSYS\tSYS\tNODE\t X \tSYS\tSYS\tNODE\tNODE\tNODE\tNODE\tNODE\tNODE\tNODE\tNODE\tNODE\t\t\t\t\nNIC2\tSYS\tSYS\tNODE\tNODE\tSYS\tSYS\t X \tNODE\tSYS\tSYS\tSYS\tSYS\tSYS\tSYS\tSYS\tSYS\tSYS\t\t\t\t\nNIC3\tSYS\tSYS\tNODE\tNODE\tSYS\tSYS\tNODE\t X \tSYS\tSYS\tSYS\tSYS\tSYS\tSYS\tSYS\tSYS\tSYS\t\t\t\t\nNIC4\tNODE\tNODE\tSYS\tSYS\tNODE\tNODE\tSYS\tSYS\t X \tPIX\tPIX\tPIX\tPIX\tPIX\tPIX\tPIX\tPIX\t\t\t\t\nNIC5\tNODE\tNODE\tSYS\tSYS\tNODE\tNODE\tSYS\tSYS\tPIX\t X \tPIX\tPIX\tPIX\tPIX\tPIX\tPIX\tPIX\t\t\t\t\nNIC6\tNODE\tNODE\tSYS\tSYS\tNODE\tNODE\tSYS\tSYS\tPIX\tPIX\t X \tPIX\tPIX\tPIX\tPIX\tPIX\tPIX\t\t\t\t\nNIC7\tNODE\tNODE\tSYS\tSYS\tNODE\tNODE\tSYS\tSYS\tPIX\tPIX\tPIX\t X \tPIX\tPIX\tPIX\tPIX\tPIX\t\t\t\t\nNIC8\tNODE\tNODE\tSYS\tSYS\tNODE\tNODE\tSYS\tSYS\tPIX\tPIX\tPIX\tPIX\t X \tPIX\tPIX\tPIX\tPIX\t\t\t\t\nNIC9\tNODE\tNODE\tSYS\tSYS\tNODE\tNODE\tSYS\tSYS\tPIX\tPIX\tPIX\tPIX\tPIX\t X \tPIX\tPIX\tPIX\t\t\t\t\nNIC10\tNODE\tNODE\tSYS\tSYS\tNODE\tNODE\tSYS\tSYS\tPIX\tPIX\tPIX\tPIX\tPIX\tPIX\t X \tPIX\tPIX\t\t\t\t\nNIC11\tNODE\tNODE\tSYS\tSYS\tNODE\tNODE\tSYS\tSYS\tPIX\tPIX\tPIX\tPIX\tPIX\tPIX\tPIX\t X \tPIX\t\t\t\t\nNIC12\tNODE\tNODE\tSYS\tSYS\tNODE\tNODE\tSYS\tSYS\tPIX\tPIX\tPIX\tPIX\tPIX\tPIX\tPIX\tPIX\t X \t\t\t\t\n\nLegend:\n\n  X    = Self\n  SYS  = Connection traversing PCIe as well as the SMP interconnect between NUMA nodes (e.g., QPI/UPI)\n  NODE = Connection traversing PCIe as well as the interconnect between PCIe Host Bridges within a NUMA node\n  PHB  = Connection traversing PCIe as well as a PCIe Host Bridge (typically the CPU)\n  PXB  = Connection traversing multiple PCIe bridges (without traversing the PCIe Host Bridge)\n  PIX  = Connection traversing at most a single PCIe bridge\n  NV#  = Connection traversing a bonded set of # NVLinks\n\nNIC Legend:\n\n  NIC0: ibp0\n  NIC1: ibp1\n  NIC2: ibp2\n  NIC3: ibp3\n  NIC4: mlx5_0\n  NIC5: mlx5_1\n  NIC6: mlx5_2\n  NIC7: mlx5_3\n  NIC8: mlx5_4\n  NIC9: mlx5_5\n  NIC10: mlx5_6\n  NIC11: mlx5_7\n  NIC12: mlx5_8"
            }
          },
          "before": {
            "field_errors": {},
            "gpus": [
              {
                "clocks.applications.graphics": "[Requested functionality has been deprecated]",
                "clocks.applications.memory": "[Requested functionality has been deprecated]",
                "clocks.current.graphics": "1950",
                "clocks.current.memory": "3996",
                "clocks.current.sm": "1950",
                "clocks.max.graphics": "2062",
                "clocks.max.memory": "3996",
                "clocks.max.sm": "2062",
                "driver_version": "595.71.05",
                "index": "0",
                "name": "NVIDIA GB200",
                "pci.bus_id": "00000008:01:00.0",
                "persistence_mode": "Enabled",
                "power.draw": "212.53",
                "power.limit": "1200.00",
                "pstate": "P0",
                "temperature.gpu": "36",
                "uuid": "GPU-64efb995-783a-a11a-c868-580e18809080"
              },
              {
                "clocks.applications.graphics": "[Requested functionality has been deprecated]",
                "clocks.applications.memory": "[Requested functionality has been deprecated]",
                "clocks.current.graphics": "1950",
                "clocks.current.memory": "3996",
                "clocks.current.sm": "1950",
                "clocks.max.graphics": "2062",
                "clocks.max.memory": "3996",
                "clocks.max.sm": "2062",
                "driver_version": "595.71.05",
                "index": "1",
                "name": "NVIDIA GB200",
                "pci.bus_id": "00000009:01:00.0",
                "persistence_mode": "Enabled",
                "power.draw": "204.39",
                "power.limit": "1200.00",
                "pstate": "P0",
                "temperature.gpu": "37",
                "uuid": "GPU-84233fbe-ed84-cfff-821c-7acc555c2503"
              },
              {
                "clocks.applications.graphics": "[Requested functionality has been deprecated]",
                "clocks.applications.memory": "[Requested functionality has been deprecated]",
                "clocks.current.graphics": "1950",
                "clocks.current.memory": "3996",
                "clocks.current.sm": "1950",
                "clocks.max.graphics": "2062",
                "clocks.max.memory": "3996",
                "clocks.max.sm": "2062",
                "driver_version": "595.71.05",
                "index": "2",
                "name": "NVIDIA GB200",
                "pci.bus_id": "00000018:01:00.0",
                "persistence_mode": "Enabled",
                "power.draw": "209.21",
                "power.limit": "1200.00",
                "pstate": "P0",
                "temperature.gpu": "36",
                "uuid": "GPU-19bf3c4b-1e4c-1afc-3db0-adf098d28d8b"
              },
              {
                "clocks.applications.graphics": "[Requested functionality has been deprecated]",
                "clocks.applications.memory": "[Requested functionality has been deprecated]",
                "clocks.current.graphics": "1950",
                "clocks.current.memory": "3996",
                "clocks.current.sm": "1950",
                "clocks.max.graphics": "2062",
                "clocks.max.memory": "3996",
                "clocks.max.sm": "2062",
                "driver_version": "595.71.05",
                "index": "3",
                "name": "NVIDIA GB200",
                "pci.bus_id": "00000019:01:00.0",
                "persistence_mode": "Enabled",
                "power.draw": "230.77",
                "power.limit": "1200.00",
                "pstate": "P0",
                "temperature.gpu": "36",
                "uuid": "GPU-14a91ec2-4299-59e4-c682-00a36868d987"
              }
            ],
            "topology": {
              "arguments": [
                "nvidia-smi",
                "topo",
                "-m"
              ],
              "returncode": 0,
              "stderr": "",
              "stdout": "\u001b[4mGPU0\tGPU1\tGPU2\tGPU3\tNIC0\tNIC1\tNIC2\tNIC3\tNIC4\tNIC5\tNIC6\tNIC7\tNIC8\tNIC9\tNIC10\tNIC11\tNIC12\tCPU Affinity\tNUMA Affinity\tGPU NUMA ID\u001b[0m\nGPU0\t X \tNV18\tNV18\tNV18\tNODE\tNODE\tSYS\tSYS\tNODE\tNODE\tNODE\tNODE\tNODE\tNODE\tNODE\tNODE\tNODE\t0-71\t0\t\tN/A\nGPU1\tNV18\t X \tNV18\tNV18\tNODE\tNODE\tSYS\tSYS\tNODE\tNODE\tNODE\tNODE\tNODE\tNODE\tNODE\tNODE\tNODE\t0-71\t0\t\tN/A\nGPU2\tNV18\tNV18\t X \tNV18\tSYS\tSYS\tNODE\tNODE\tSYS\tSYS\tSYS\tSYS\tSYS\tSYS\tSYS\tSYS\tSYS\t72-143\t1\t\tN/A\nGPU3\tNV18\tNV18\tNV18\t X \tSYS\tSYS\tNODE\tNODE\tSYS\tSYS\tSYS\tSYS\tSYS\tSYS\tSYS\tSYS\tSYS\t72-143\t1\t\tN/A\nNIC0\tNODE\tNODE\tSYS\tSYS\t X \tNODE\tSYS\tSYS\tNODE\tNODE\tNODE\tNODE\tNODE\tNODE\tNODE\tNODE\tNODE\t\t\t\t\nNIC1\tNODE\tNODE\tSYS\tSYS\tNODE\t X \tSYS\tSYS\tNODE\tNODE\tNODE\tNODE\tNODE\tNODE\tNODE\tNODE\tNODE\t\t\t\t\nNIC2\tSYS\tSYS\tNODE\tNODE\tSYS\tSYS\t X \tNODE\tSYS\tSYS\tSYS\tSYS\tSYS\tSYS\tSYS\tSYS\tSYS\t\t\t\t\nNIC3\tSYS\tSYS\tNODE\tNODE\tSYS\tSYS\tNODE\t X \tSYS\tSYS\tSYS\tSYS\tSYS\tSYS\tSYS\tSYS\tSYS\t\t\t\t\nNIC4\tNODE\tNODE\tSYS\tSYS\tNODE\tNODE\tSYS\tSYS\t X \tPIX\tPIX\tPIX\tPIX\tPIX\tPIX\tPIX\tPIX\t\t\t\t\nNIC5\tNODE\tNODE\tSYS\tSYS\tNODE\tNODE\tSYS\tSYS\tPIX\t X \tPIX\tPIX\tPIX\tPIX\tPIX\tPIX\tPIX\t\t\t\t\nNIC6\tNODE\tNODE\tSYS\tSYS\tNODE\tNODE\tSYS\tSYS\tPIX\tPIX\t X \tPIX\tPIX\tPIX\tPIX\tPIX\tPIX\t\t\t\t\nNIC7\tNODE\tNODE\tSYS\tSYS\tNODE\tNODE\tSYS\tSYS\tPIX\tPIX\tPIX\t X \tPIX\tPIX\tPIX\tPIX\tPIX\t\t\t\t\nNIC8\tNODE\tNODE\tSYS\tSYS\tNODE\tNODE\tSYS\tSYS\tPIX\tPIX\tPIX\tPIX\t X \tPIX\tPIX\tPIX\tPIX\t\t\t\t\nNIC9\tNODE\tNODE\tSYS\tSYS\tNODE\tNODE\tSYS\tSYS\tPIX\tPIX\tPIX\tPIX\tPIX\t X \tPIX\tPIX\tPIX\t\t\t\t\nNIC10\tNODE\tNODE\tSYS\tSYS\tNODE\tNODE\tSYS\tSYS\tPIX\tPIX\tPIX\tPIX\tPIX\tPIX\t X \tPIX\tPIX\t\t\t\t\nNIC11\tNODE\tNODE\tSYS\tSYS\tNODE\tNODE\tSYS\tSYS\tPIX\tPIX\tPIX\tPIX\tPIX\tPIX\tPIX\t X \tPIX\t\t\t\t\nNIC12\tNODE\tNODE\tSYS\tSYS\tNODE\tNODE\tSYS\tSYS\tPIX\tPIX\tPIX\tPIX\tPIX\tPIX\tPIX\tPIX\t X \t\t\t\t\n\nLegend:\n\n  X    = Self\n  SYS  = Connection traversing PCIe as well as the SMP interconnect between NUMA nodes (e.g., QPI/UPI)\n  NODE = Connection traversing PCIe as well as the interconnect between PCIe Host Bridges within a NUMA node\n  PHB  = Connection traversing PCIe as well as a PCIe Host Bridge (typically the CPU)\n  PXB  = Connection traversing multiple PCIe bridges (without traversing the PCIe Host Bridge)\n  PIX  = Connection traversing at most a single PCIe bridge\n  NV#  = Connection traversing a bonded set of # NVLinks\n\nNIC Legend:\n\n  NIC0: ibp0\n  NIC1: ibp1\n  NIC2: ibp2\n  NIC3: ibp3\n  NIC4: mlx5_0\n  NIC5: mlx5_1\n  NIC6: mlx5_2\n  NIC7: mlx5_3\n  NIC8: mlx5_4\n  NIC9: mlx5_5\n  NIC10: mlx5_6\n  NIC11: mlx5_7\n  NIC12: mlx5_8"
            }
          }
        },
        "natural_shuttle_post_route": {
          "after": {
            "field_errors": {},
            "gpus": [
              {
                "clocks.applications.graphics": "[Requested functionality has been deprecated]",
                "clocks.applications.memory": "[Requested functionality has been deprecated]",
                "clocks.current.graphics": "1950",
                "clocks.current.memory": "3996",
                "clocks.current.sm": "1950",
                "clocks.max.graphics": "2062",
                "clocks.max.memory": "3996",
                "clocks.max.sm": "2062",
                "driver_version": "595.71.05",
                "index": "0",
                "name": "NVIDIA GB200",
                "pci.bus_id": "00000008:01:00.0",
                "persistence_mode": "Enabled",
                "power.draw": "374.00",
                "power.limit": "1200.00",
                "pstate": "P0",
                "temperature.gpu": "37",
                "uuid": "GPU-64efb995-783a-a11a-c868-580e18809080"
              },
              {
                "clocks.applications.graphics": "[Requested functionality has been deprecated]",
                "clocks.applications.memory": "[Requested functionality has been deprecated]",
                "clocks.current.graphics": "1950",
                "clocks.current.memory": "3996",
                "clocks.current.sm": "1950",
                "clocks.max.graphics": "2062",
                "clocks.max.memory": "3996",
                "clocks.max.sm": "2062",
                "driver_version": "595.71.05",
                "index": "1",
                "name": "NVIDIA GB200",
                "pci.bus_id": "00000009:01:00.0",
                "persistence_mode": "Enabled",
                "power.draw": "370.26",
                "power.limit": "1200.00",
                "pstate": "P0",
                "temperature.gpu": "37",
                "uuid": "GPU-84233fbe-ed84-cfff-821c-7acc555c2503"
              },
              {
                "clocks.applications.graphics": "[Requested functionality has been deprecated]",
                "clocks.applications.memory": "[Requested functionality has been deprecated]",
                "clocks.current.graphics": "1950",
                "clocks.current.memory": "3996",
                "clocks.current.sm": "1950",
                "clocks.max.graphics": "2062",
                "clocks.max.memory": "3996",
                "clocks.max.sm": "2062",
                "driver_version": "595.71.05",
                "index": "2",
                "name": "NVIDIA GB200",
                "pci.bus_id": "00000018:01:00.0",
                "persistence_mode": "Enabled",
                "power.draw": "367.48",
                "power.limit": "1200.00",
                "pstate": "P0",
                "temperature.gpu": "37",
                "uuid": "GPU-19bf3c4b-1e4c-1afc-3db0-adf098d28d8b"
              },
              {
                "clocks.applications.graphics": "[Requested functionality has been deprecated]",
                "clocks.applications.memory": "[Requested functionality has been deprecated]",
                "clocks.current.graphics": "1950",
                "clocks.current.memory": "3996",
                "clocks.current.sm": "1950",
                "clocks.max.graphics": "2062",
                "clocks.max.memory": "3996",
                "clocks.max.sm": "2062",
                "driver_version": "595.71.05",
                "index": "3",
                "name": "NVIDIA GB200",
                "pci.bus_id": "00000019:01:00.0",
                "persistence_mode": "Enabled",
                "power.draw": "385.45",
                "power.limit": "1200.00",
                "pstate": "P0",
                "temperature.gpu": "37",
                "uuid": "GPU-14a91ec2-4299-59e4-c682-00a36868d987"
              }
            ],
            "topology": {
              "arguments": [
                "nvidia-smi",
                "topo",
                "-m"
              ],
              "returncode": 0,
              "stderr": "",
              "stdout": "\u001b[4mGPU0\tGPU1\tGPU2\tGPU3\tNIC0\tNIC1\tNIC2\tNIC3\tNIC4\tNIC5\tNIC6\tNIC7\tNIC8\tNIC9\tNIC10\tNIC11\tNIC12\tCPU Affinity\tNUMA Affinity\tGPU NUMA ID\u001b[0m\nGPU0\t X \tNV18\tNV18\tNV18\tNODE\tNODE\tSYS\tSYS\tNODE\tNODE\tNODE\tNODE\tNODE\tNODE\tNODE\tNODE\tNODE\t0-71\t0\t\tN/A\nGPU1\tNV18\t X \tNV18\tNV18\tNODE\tNODE\tSYS\tSYS\tNODE\tNODE\tNODE\tNODE\tNODE\tNODE\tNODE\tNODE\tNODE\t0-71\t0\t\tN/A\nGPU2\tNV18\tNV18\t X \tNV18\tSYS\tSYS\tNODE\tNODE\tSYS\tSYS\tSYS\tSYS\tSYS\tSYS\tSYS\tSYS\tSYS\t72-143\t1\t\tN/A\nGPU3\tNV18\tNV18\tNV18\t X \tSYS\tSYS\tNODE\tNODE\tSYS\tSYS\tSYS\tSYS\tSYS\tSYS\tSYS\tSYS\tSYS\t72-143\t1\t\tN/A\nNIC0\tNODE\tNODE\tSYS\tSYS\t X \tNODE\tSYS\tSYS\tNODE\tNODE\tNODE\tNODE\tNODE\tNODE\tNODE\tNODE\tNODE\t\t\t\t\nNIC1\tNODE\tNODE\tSYS\tSYS\tNODE\t X \tSYS\tSYS\tNODE\tNODE\tNODE\tNODE\tNODE\tNODE\tNODE\tNODE\tNODE\t\t\t\t\nNIC2\tSYS\tSYS\tNODE\tNODE\tSYS\tSYS\t X \tNODE\tSYS\tSYS\tSYS\tSYS\tSYS\tSYS\tSYS\tSYS\tSYS\t\t\t\t\nNIC3\tSYS\tSYS\tNODE\tNODE\tSYS\tSYS\tNODE\t X \tSYS\tSYS\tSYS\tSYS\tSYS\tSYS\tSYS\tSYS\tSYS\t\t\t\t\nNIC4\tNODE\tNODE\tSYS\tSYS\tNODE\tNODE\tSYS\tSYS\t X \tPIX\tPIX\tPIX\tPIX\tPIX\tPIX\tPIX\tPIX\t\t\t\t\nNIC5\tNODE\tNODE\tSYS\tSYS\tNODE\tNODE\tSYS\tSYS\tPIX\t X \tPIX\tPIX\tPIX\tPIX\tPIX\tPIX\tPIX\t\t\t\t\nNIC6\tNODE\tNODE\tSYS\tSYS\tNODE\tNODE\tSYS\tSYS\tPIX\tPIX\t X \tPIX\tPIX\tPIX\tPIX\tPIX\tPIX\t\t\t\t\nNIC7\tNODE\tNODE\tSYS\tSYS\tNODE\tNODE\tSYS\tSYS\tPIX\tPIX\tPIX\t X \tPIX\tPIX\tPIX\tPIX\tPIX\t\t\t\t\nNIC8\tNODE\tNODE\tSYS\tSYS\tNODE\tNODE\tSYS\tSYS\tPIX\tPIX\tPIX\tPIX\t X \tPIX\tPIX\tPIX\tPIX\t\t\t\t\nNIC9\tNODE\tNODE\tSYS\tSYS\tNODE\tNODE\tSYS\tSYS\tPIX\tPIX\tPIX\tPIX\tPIX\t X \tPIX\tPIX\tPIX\t\t\t\t\nNIC10\tNODE\tNODE\tSYS\tSYS\tNODE\tNODE\tSYS\tSYS\tPIX\tPIX\tPIX\tPIX\tPIX\tPIX\t X \tPIX\tPIX\t\t\t\t\nNIC11\tNODE\tNODE\tSYS\tSYS\tNODE\tNODE\tSYS\tSYS\tPIX\tPIX\tPIX\tPIX\tPIX\tPIX\tPIX\t X \tPIX\t\t\t\t\nNIC12\tNODE\tNODE\tSYS\tSYS\tNODE\tNODE\tSYS\tSYS\tPIX\tPIX\tPIX\tPIX\tPIX\tPIX\tPIX\tPIX\t X \t\t\t\t\n\nLegend:\n\n  X    = Self\n  SYS  = Connection traversing PCIe as well as the SMP interconnect between NUMA nodes (e.g., QPI/UPI)\n  NODE = Connection traversing PCIe as well as the interconnect between PCIe Host Bridges within a NUMA node\n  PHB  = Connection traversing PCIe as well as a PCIe Host Bridge (typically the CPU)\n  PXB  = Connection traversing multiple PCIe bridges (without traversing the PCIe Host Bridge)\n  PIX  = Connection traversing at most a single PCIe bridge\n  NV#  = Connection traversing a bonded set of # NVLinks\n\nNIC Legend:\n\n  NIC0: ibp0\n  NIC1: ibp1\n  NIC2: ibp2\n  NIC3: ibp3\n  NIC4: mlx5_0\n  NIC5: mlx5_1\n  NIC6: mlx5_2\n  NIC7: mlx5_3\n  NIC8: mlx5_4\n  NIC9: mlx5_5\n  NIC10: mlx5_6\n  NIC11: mlx5_7\n  NIC12: mlx5_8"
            }
          },
          "before": {
            "field_errors": {},
            "gpus": [
              {
                "clocks.applications.graphics": "[Requested functionality has been deprecated]",
                "clocks.applications.memory": "[Requested functionality has been deprecated]",
                "clocks.current.graphics": "1950",
                "clocks.current.memory": "3996",
                "clocks.current.sm": "1950",
                "clocks.max.graphics": "2062",
                "clocks.max.memory": "3996",
                "clocks.max.sm": "2062",
                "driver_version": "595.71.05",
                "index": "0",
                "name": "NVIDIA GB200",
                "pci.bus_id": "00000008:01:00.0",
                "persistence_mode": "Enabled",
                "power.draw": "212.46",
                "power.limit": "1200.00",
                "pstate": "P0",
                "temperature.gpu": "36",
                "uuid": "GPU-64efb995-783a-a11a-c868-580e18809080"
              },
              {
                "clocks.applications.graphics": "[Requested functionality has been deprecated]",
                "clocks.applications.memory": "[Requested functionality has been deprecated]",
                "clocks.current.graphics": "1950",
                "clocks.current.memory": "3996",
                "clocks.current.sm": "1950",
                "clocks.max.graphics": "2062",
                "clocks.max.memory": "3996",
                "clocks.max.sm": "2062",
                "driver_version": "595.71.05",
                "index": "1",
                "name": "NVIDIA GB200",
                "pci.bus_id": "00000009:01:00.0",
                "persistence_mode": "Enabled",
                "power.draw": "203.08",
                "power.limit": "1200.00",
                "pstate": "P0",
                "temperature.gpu": "36",
                "uuid": "GPU-84233fbe-ed84-cfff-821c-7acc555c2503"
              },
              {
                "clocks.applications.graphics": "[Requested functionality has been deprecated]",
                "clocks.applications.memory": "[Requested functionality has been deprecated]",
                "clocks.current.graphics": "1950",
                "clocks.current.memory": "3996",
                "clocks.current.sm": "1950",
                "clocks.max.graphics": "2062",
                "clocks.max.memory": "3996",
                "clocks.max.sm": "2062",
                "driver_version": "595.71.05",
                "index": "2",
                "name": "NVIDIA GB200",
                "pci.bus_id": "00000018:01:00.0",
                "persistence_mode": "Enabled",
                "power.draw": "207.67",
                "power.limit": "1200.00",
                "pstate": "P0",
                "temperature.gpu": "36",
                "uuid": "GPU-19bf3c4b-1e4c-1afc-3db0-adf098d28d8b"
              },
              {
                "clocks.applications.graphics": "[Requested functionality has been deprecated]",
                "clocks.applications.memory": "[Requested functionality has been deprecated]",
                "clocks.current.graphics": "1950",
                "clocks.current.memory": "3996",
                "clocks.current.sm": "1950",
                "clocks.max.graphics": "2062",
                "clocks.max.memory": "3996",
                "clocks.max.sm": "2062",
                "driver_version": "595.71.05",
                "index": "3",
                "name": "NVIDIA GB200",
                "pci.bus_id": "00000019:01:00.0",
                "persistence_mode": "Enabled",
                "power.draw": "229.02",
                "power.limit": "1200.00",
                "pstate": "P0",
                "temperature.gpu": "36",
                "uuid": "GPU-14a91ec2-4299-59e4-c682-00a36868d987"
              }
            ],
            "topology": {
              "arguments": [
                "nvidia-smi",
                "topo",
                "-m"
              ],
              "returncode": 0,
              "stderr": "",
              "stdout": "\u001b[4mGPU0\tGPU1\tGPU2\tGPU3\tNIC0\tNIC1\tNIC2\tNIC3\tNIC4\tNIC5\tNIC6\tNIC7\tNIC8\tNIC9\tNIC10\tNIC11\tNIC12\tCPU Affinity\tNUMA Affinity\tGPU NUMA ID\u001b[0m\nGPU0\t X \tNV18\tNV18\tNV18\tNODE\tNODE\tSYS\tSYS\tNODE\tNODE\tNODE\tNODE\tNODE\tNODE\tNODE\tNODE\tNODE\t0-71\t0\t\tN/A\nGPU1\tNV18\t X \tNV18\tNV18\tNODE\tNODE\tSYS\tSYS\tNODE\tNODE\tNODE\tNODE\tNODE\tNODE\tNODE\tNODE\tNODE\t0-71\t0\t\tN/A\nGPU2\tNV18\tNV18\t X \tNV18\tSYS\tSYS\tNODE\tNODE\tSYS\tSYS\tSYS\tSYS\tSYS\tSYS\tSYS\tSYS\tSYS\t72-143\t1\t\tN/A\nGPU3\tNV18\tNV18\tNV18\t X \tSYS\tSYS\tNODE\tNODE\tSYS\tSYS\tSYS\tSYS\tSYS\tSYS\tSYS\tSYS\tSYS\t72-143\t1\t\tN/A\nNIC0\tNODE\tNODE\tSYS\tSYS\t X \tNODE\tSYS\tSYS\tNODE\tNODE\tNODE\tNODE\tNODE\tNODE\tNODE\tNODE\tNODE\t\t\t\t\nNIC1\tNODE\tNODE\tSYS\tSYS\tNODE\t X \tSYS\tSYS\tNODE\tNODE\tNODE\tNODE\tNODE\tNODE\tNODE\tNODE\tNODE\t\t\t\t\nNIC2\tSYS\tSYS\tNODE\tNODE\tSYS\tSYS\t X \tNODE\tSYS\tSYS\tSYS\tSYS\tSYS\tSYS\tSYS\tSYS\tSYS\t\t\t\t\nNIC3\tSYS\tSYS\tNODE\tNODE\tSYS\tSYS\tNODE\t X \tSYS\tSYS\tSYS\tSYS\tSYS\tSYS\tSYS\tSYS\tSYS\t\t\t\t\nNIC4\tNODE\tNODE\tSYS\tSYS\tNODE\tNODE\tSYS\tSYS\t X \tPIX\tPIX\tPIX\tPIX\tPIX\tPIX\tPIX\tPIX\t\t\t\t\nNIC5\tNODE\tNODE\tSYS\tSYS\tNODE\tNODE\tSYS\tSYS\tPIX\t X \tPIX\tPIX\tPIX\tPIX\tPIX\tPIX\tPIX\t\t\t\t\nNIC6\tNODE\tNODE\tSYS\tSYS\tNODE\tNODE\tSYS\tSYS\tPIX\tPIX\t X \tPIX\tPIX\tPIX\tPIX\tPIX\tPIX\t\t\t\t\nNIC7\tNODE\tNODE\tSYS\tSYS\tNODE\tNODE\tSYS\tSYS\tPIX\tPIX\tPIX\t X \tPIX\tPIX\tPIX\tPIX\tPIX\t\t\t\t\nNIC8\tNODE\tNODE\tSYS\tSYS\tNODE\tNODE\tSYS\tSYS\tPIX\tPIX\tPIX\tPIX\t X \tPIX\tPIX\tPIX\tPIX\t\t\t\t\nNIC9\tNODE\tNODE\tSYS\tSYS\tNODE\tNODE\tSYS\tSYS\tPIX\tPIX\tPIX\tPIX\tPIX\t X \tPIX\tPIX\tPIX\t\t\t\t\nNIC10\tNODE\tNODE\tSYS\tSYS\tNODE\tNODE\tSYS\tSYS\tPIX\tPIX\tPIX\tPIX\tPIX\tPIX\t X \tPIX\tPIX\t\t\t\t\nNIC11\tNODE\tNODE\tSYS\tSYS\tNODE\tNODE\tSYS\tSYS\tPIX\tPIX\tPIX\tPIX\tPIX\tPIX\tPIX\t X \tPIX\t\t\t\t\nNIC12\tNODE\tNODE\tSYS\tSYS\tNODE\tNODE\tSYS\tSYS\tPIX\tPIX\tPIX\tPIX\tPIX\tPIX\tPIX\tPIX\t X \t\t\t\t\n\nLegend:\n\n  X    = Self\n  SYS  = Connection traversing PCIe as well as the SMP interconnect between NUMA nodes (e.g., QPI/UPI)\n  NODE = Connection traversing PCIe as well as the interconnect between PCIe Host Bridges within a NUMA node\n  PHB  = Connection traversing PCIe as well as a PCIe Host Bridge (typically the CPU)\n  PXB  = Connection traversing multiple PCIe bridges (without traversing the PCIe Host Bridge)\n  PIX  = Connection traversing at most a single PCIe bridge\n  NV#  = Connection traversing a bonded set of # NVLinks\n\nNIC Legend:\n\n  NIC0: ibp0\n  NIC1: ibp1\n  NIC2: ibp2\n  NIC3: ibp3\n  NIC4: mlx5_0\n  NIC5: mlx5_1\n  NIC6: mlx5_2\n  NIC7: mlx5_3\n  NIC8: mlx5_4\n  NIC9: mlx5_5\n  NIC10: mlx5_6\n  NIC11: mlx5_7\n  NIC12: mlx5_8"
            }
          }
        },
        "official_combine_with_shared_bias": {
          "after": {
            "field_errors": {},
            "gpus": [
              {
                "clocks.applications.graphics": "[Requested functionality has been deprecated]",
                "clocks.applications.memory": "[Requested functionality has been deprecated]",
                "clocks.current.graphics": "1950",
                "clocks.current.memory": "3996",
                "clocks.current.sm": "1950",
                "clocks.max.graphics": "2062",
                "clocks.max.memory": "3996",
                "clocks.max.sm": "2062",
                "driver_version": "595.71.05",
                "index": "0",
                "name": "NVIDIA GB200",
                "pci.bus_id": "00000008:01:00.0",
                "persistence_mode": "Enabled",
                "power.draw": "214.73",
                "power.limit": "1200.00",
                "pstate": "P0",
                "temperature.gpu": "36",
                "uuid": "GPU-64efb995-783a-a11a-c868-580e18809080"
              },
              {
                "clocks.applications.graphics": "[Requested functionality has been deprecated]",
                "clocks.applications.memory": "[Requested functionality has been deprecated]",
                "clocks.current.graphics": "1950",
                "clocks.current.memory": "3996",
                "clocks.current.sm": "1950",
                "clocks.max.graphics": "2062",
                "clocks.max.memory": "3996",
                "clocks.max.sm": "2062",
                "driver_version": "595.71.05",
                "index": "1",
                "name": "NVIDIA GB200",
                "pci.bus_id": "00000009:01:00.0",
                "persistence_mode": "Enabled",
                "power.draw": "205.99",
                "power.limit": "1200.00",
                "pstate": "P0",
                "temperature.gpu": "36",
                "uuid": "GPU-84233fbe-ed84-cfff-821c-7acc555c2503"
              },
              {
                "clocks.applications.graphics": "[Requested functionality has been deprecated]",
                "clocks.applications.memory": "[Requested functionality has been deprecated]",
                "clocks.current.graphics": "1950",
                "clocks.current.memory": "3996",
                "clocks.current.sm": "1950",
                "clocks.max.graphics": "2062",
                "clocks.max.memory": "3996",
                "clocks.max.sm": "2062",
                "driver_version": "595.71.05",
                "index": "2",
                "name": "NVIDIA GB200",
                "pci.bus_id": "00000018:01:00.0",
                "persistence_mode": "Enabled",
                "power.draw": "210.27",
                "power.limit": "1200.00",
                "pstate": "P0",
                "temperature.gpu": "36",
                "uuid": "GPU-19bf3c4b-1e4c-1afc-3db0-adf098d28d8b"
              },
              {
                "clocks.applications.graphics": "[Requested functionality has been deprecated]",
                "clocks.applications.memory": "[Requested functionality has been deprecated]",
                "clocks.current.graphics": "1950",
                "clocks.current.memory": "3996",
                "clocks.current.sm": "1950",
                "clocks.max.graphics": "2062",
                "clocks.max.memory": "3996",
                "clocks.max.sm": "2062",
                "driver_version": "595.71.05",
                "index": "3",
                "name": "NVIDIA GB200",
                "pci.bus_id": "00000019:01:00.0",
                "persistence_mode": "Enabled",
                "power.draw": "231.56",
                "power.limit": "1200.00",
                "pstate": "P0",
                "temperature.gpu": "36",
                "uuid": "GPU-14a91ec2-4299-59e4-c682-00a36868d987"
              }
            ],
            "topology": {
              "arguments": [
                "nvidia-smi",
                "topo",
                "-m"
              ],
              "returncode": 0,
              "stderr": "",
              "stdout": "\u001b[4mGPU0\tGPU1\tGPU2\tGPU3\tNIC0\tNIC1\tNIC2\tNIC3\tNIC4\tNIC5\tNIC6\tNIC7\tNIC8\tNIC9\tNIC10\tNIC11\tNIC12\tCPU Affinity\tNUMA Affinity\tGPU NUMA ID\u001b[0m\nGPU0\t X \tNV18\tNV18\tNV18\tNODE\tNODE\tSYS\tSYS\tNODE\tNODE\tNODE\tNODE\tNODE\tNODE\tNODE\tNODE\tNODE\t0-71\t0\t\tN/A\nGPU1\tNV18\t X \tNV18\tNV18\tNODE\tNODE\tSYS\tSYS\tNODE\tNODE\tNODE\tNODE\tNODE\tNODE\tNODE\tNODE\tNODE\t0-71\t0\t\tN/A\nGPU2\tNV18\tNV18\t X \tNV18\tSYS\tSYS\tNODE\tNODE\tSYS\tSYS\tSYS\tSYS\tSYS\tSYS\tSYS\tSYS\tSYS\t72-143\t1\t\tN/A\nGPU3\tNV18\tNV18\tNV18\t X \tSYS\tSYS\tNODE\tNODE\tSYS\tSYS\tSYS\tSYS\tSYS\tSYS\tSYS\tSYS\tSYS\t72-143\t1\t\tN/A\nNIC0\tNODE\tNODE\tSYS\tSYS\t X \tNODE\tSYS\tSYS\tNODE\tNODE\tNODE\tNODE\tNODE\tNODE\tNODE\tNODE\tNODE\t\t\t\t\nNIC1\tNODE\tNODE\tSYS\tSYS\tNODE\t X \tSYS\tSYS\tNODE\tNODE\tNODE\tNODE\tNODE\tNODE\tNODE\tNODE\tNODE\t\t\t\t\nNIC2\tSYS\tSYS\tNODE\tNODE\tSYS\tSYS\t X \tNODE\tSYS\tSYS\tSYS\tSYS\tSYS\tSYS\tSYS\tSYS\tSYS\t\t\t\t\nNIC3\tSYS\tSYS\tNODE\tNODE\tSYS\tSYS\tNODE\t X \tSYS\tSYS\tSYS\tSYS\tSYS\tSYS\tSYS\tSYS\tSYS\t\t\t\t\nNIC4\tNODE\tNODE\tSYS\tSYS\tNODE\tNODE\tSYS\tSYS\t X \tPIX\tPIX\tPIX\tPIX\tPIX\tPIX\tPIX\tPIX\t\t\t\t\nNIC5\tNODE\tNODE\tSYS\tSYS\tNODE\tNODE\tSYS\tSYS\tPIX\t X \tPIX\tPIX\tPIX\tPIX\tPIX\tPIX\tPIX\t\t\t\t\nNIC6\tNODE\tNODE\tSYS\tSYS\tNODE\tNODE\tSYS\tSYS\tPIX\tPIX\t X \tPIX\tPIX\tPIX\tPIX\tPIX\tPIX\t\t\t\t\nNIC7\tNODE\tNODE\tSYS\tSYS\tNODE\tNODE\tSYS\tSYS\tPIX\tPIX\tPIX\t X \tPIX\tPIX\tPIX\tPIX\tPIX\t\t\t\t\nNIC8\tNODE\tNODE\tSYS\tSYS\tNODE\tNODE\tSYS\tSYS\tPIX\tPIX\tPIX\tPIX\t X \tPIX\tPIX\tPIX\tPIX\t\t\t\t\nNIC9\tNODE\tNODE\tSYS\tSYS\tNODE\tNODE\tSYS\tSYS\tPIX\tPIX\tPIX\tPIX\tPIX\t X \tPIX\tPIX\tPIX\t\t\t\t\nNIC10\tNODE\tNODE\tSYS\tSYS\tNODE\tNODE\tSYS\tSYS\tPIX\tPIX\tPIX\tPIX\tPIX\tPIX\t X \tPIX\tPIX\t\t\t\t\nNIC11\tNODE\tNODE\tSYS\tSYS\tNODE\tNODE\tSYS\tSYS\tPIX\tPIX\tPIX\tPIX\tPIX\tPIX\tPIX\t X \tPIX\t\t\t\t\nNIC12\tNODE\tNODE\tSYS\tSYS\tNODE\tNODE\tSYS\tSYS\tPIX\tPIX\tPIX\tPIX\tPIX\tPIX\tPIX\tPIX\t X \t\t\t\t\n\nLegend:\n\n  X    = Self\n  SYS  = Connection traversing PCIe as well as the SMP interconnect between NUMA nodes (e.g., QPI/UPI)\n  NODE = Connection traversing PCIe as well as the interconnect between PCIe Host Bridges within a NUMA node\n  PHB  = Connection traversing PCIe as well as a PCIe Host Bridge (typically the CPU)\n  PXB  = Connection traversing multiple PCIe bridges (without traversing the PCIe Host Bridge)\n  PIX  = Connection traversing at most a single PCIe bridge\n  NV#  = Connection traversing a bonded set of # NVLinks\n\nNIC Legend:\n\n  NIC0: ibp0\n  NIC1: ibp1\n  NIC2: ibp2\n  NIC3: ibp3\n  NIC4: mlx5_0\n  NIC5: mlx5_1\n  NIC6: mlx5_2\n  NIC7: mlx5_3\n  NIC8: mlx5_4\n  NIC9: mlx5_5\n  NIC10: mlx5_6\n  NIC11: mlx5_7\n  NIC12: mlx5_8"
            }
          },
          "before": {
            "field_errors": {},
            "gpus": [
              {
                "clocks.applications.graphics": "[Requested functionality has been deprecated]",
                "clocks.applications.memory": "[Requested functionality has been deprecated]",
                "clocks.current.graphics": "1950",
                "clocks.current.memory": "3996",
                "clocks.current.sm": "1950",
                "clocks.max.graphics": "2062",
                "clocks.max.memory": "3996",
                "clocks.max.sm": "2062",
                "driver_version": "595.71.05",
                "index": "0",
                "name": "NVIDIA GB200",
                "pci.bus_id": "00000008:01:00.0",
                "persistence_mode": "Enabled",
                "power.draw": "212.45",
                "power.limit": "1200.00",
                "pstate": "P0",
                "temperature.gpu": "36",
                "uuid": "GPU-64efb995-783a-a11a-c868-580e18809080"
              },
              {
                "clocks.applications.graphics": "[Requested functionality has been deprecated]",
                "clocks.applications.memory": "[Requested functionality has been deprecated]",
                "clocks.current.graphics": "1950",
                "clocks.current.memory": "3996",
                "clocks.current.sm": "1950",
                "clocks.max.graphics": "2062",
                "clocks.max.memory": "3996",
                "clocks.max.sm": "2062",
                "driver_version": "595.71.05",
                "index": "1",
                "name": "NVIDIA GB200",
                "pci.bus_id": "00000009:01:00.0",
                "persistence_mode": "Enabled",
                "power.draw": "203.55",
                "power.limit": "1200.00",
                "pstate": "P0",
                "temperature.gpu": "36",
                "uuid": "GPU-84233fbe-ed84-cfff-821c-7acc555c2503"
              },
              {
                "clocks.applications.graphics": "[Requested functionality has been deprecated]",
                "clocks.applications.memory": "[Requested functionality has been deprecated]",
                "clocks.current.graphics": "1950",
                "clocks.current.memory": "3996",
                "clocks.current.sm": "1950",
                "clocks.max.graphics": "2062",
                "clocks.max.memory": "3996",
                "clocks.max.sm": "2062",
                "driver_version": "595.71.05",
                "index": "2",
                "name": "NVIDIA GB200",
                "pci.bus_id": "00000018:01:00.0",
                "persistence_mode": "Enabled",
                "power.draw": "208.61",
                "power.limit": "1200.00",
                "pstate": "P0",
                "temperature.gpu": "36",
                "uuid": "GPU-19bf3c4b-1e4c-1afc-3db0-adf098d28d8b"
              },
              {
                "clocks.applications.graphics": "[Requested functionality has been deprecated]",
                "clocks.applications.memory": "[Requested functionality has been deprecated]",
                "clocks.current.graphics": "1950",
                "clocks.current.memory": "3996",
                "clocks.current.sm": "1950",
                "clocks.max.graphics": "2062",
                "clocks.max.memory": "3996",
                "clocks.max.sm": "2062",
                "driver_version": "595.71.05",
                "index": "3",
                "name": "NVIDIA GB200",
                "pci.bus_id": "00000019:01:00.0",
                "persistence_mode": "Enabled",
                "power.draw": "229.15",
                "power.limit": "1200.00",
                "pstate": "P0",
                "temperature.gpu": "36",
                "uuid": "GPU-14a91ec2-4299-59e4-c682-00a36868d987"
              }
            ],
            "topology": {
              "arguments": [
                "nvidia-smi",
                "topo",
                "-m"
              ],
              "returncode": 0,
              "stderr": "",
              "stdout": "\u001b[4mGPU0\tGPU1\tGPU2\tGPU3\tNIC0\tNIC1\tNIC2\tNIC3\tNIC4\tNIC5\tNIC6\tNIC7\tNIC8\tNIC9\tNIC10\tNIC11\tNIC12\tCPU Affinity\tNUMA Affinity\tGPU NUMA ID\u001b[0m\nGPU0\t X \tNV18\tNV18\tNV18\tNODE\tNODE\tSYS\tSYS\tNODE\tNODE\tNODE\tNODE\tNODE\tNODE\tNODE\tNODE\tNODE\t0-71\t0\t\tN/A\nGPU1\tNV18\t X \tNV18\tNV18\tNODE\tNODE\tSYS\tSYS\tNODE\tNODE\tNODE\tNODE\tNODE\tNODE\tNODE\tNODE\tNODE\t0-71\t0\t\tN/A\nGPU2\tNV18\tNV18\t X \tNV18\tSYS\tSYS\tNODE\tNODE\tSYS\tSYS\tSYS\tSYS\tSYS\tSYS\tSYS\tSYS\tSYS\t72-143\t1\t\tN/A\nGPU3\tNV18\tNV18\tNV18\t X \tSYS\tSYS\tNODE\tNODE\tSYS\tSYS\tSYS\tSYS\tSYS\tSYS\tSYS\tSYS\tSYS\t72-143\t1\t\tN/A\nNIC0\tNODE\tNODE\tSYS\tSYS\t X \tNODE\tSYS\tSYS\tNODE\tNODE\tNODE\tNODE\tNODE\tNODE\tNODE\tNODE\tNODE\t\t\t\t\nNIC1\tNODE\tNODE\tSYS\tSYS\tNODE\t X \tSYS\tSYS\tNODE\tNODE\tNODE\tNODE\tNODE\tNODE\tNODE\tNODE\tNODE\t\t\t\t\nNIC2\tSYS\tSYS\tNODE\tNODE\tSYS\tSYS\t X \tNODE\tSYS\tSYS\tSYS\tSYS\tSYS\tSYS\tSYS\tSYS\tSYS\t\t\t\t\nNIC3\tSYS\tSYS\tNODE\tNODE\tSYS\tSYS\tNODE\t X \tSYS\tSYS\tSYS\tSYS\tSYS\tSYS\tSYS\tSYS\tSYS\t\t\t\t\nNIC4\tNODE\tNODE\tSYS\tSYS\tNODE\tNODE\tSYS\tSYS\t X \tPIX\tPIX\tPIX\tPIX\tPIX\tPIX\tPIX\tPIX\t\t\t\t\nNIC5\tNODE\tNODE\tSYS\tSYS\tNODE\tNODE\tSYS\tSYS\tPIX\t X \tPIX\tPIX\tPIX\tPIX\tPIX\tPIX\tPIX\t\t\t\t\nNIC6\tNODE\tNODE\tSYS\tSYS\tNODE\tNODE\tSYS\tSYS\tPIX\tPIX\t X \tPIX\tPIX\tPIX\tPIX\tPIX\tPIX\t\t\t\t\nNIC7\tNODE\tNODE\tSYS\tSYS\tNODE\tNODE\tSYS\tSYS\tPIX\tPIX\tPIX\t X \tPIX\tPIX\tPIX\tPIX\tPIX\t\t\t\t\nNIC8\tNODE\tNODE\tSYS\tSYS\tNODE\tNODE\tSYS\tSYS\tPIX\tPIX\tPIX\tPIX\t X \tPIX\tPIX\tPIX\tPIX\t\t\t\t\nNIC9\tNODE\tNODE\tSYS\tSYS\tNODE\tNODE\tSYS\tSYS\tPIX\tPIX\tPIX\tPIX\tPIX\t X \tPIX\tPIX\tPIX\t\t\t\t\nNIC10\tNODE\tNODE\tSYS\tSYS\tNODE\tNODE\tSYS\tSYS\tPIX\tPIX\tPIX\tPIX\tPIX\tPIX\t X \tPIX\tPIX\t\t\t\t\nNIC11\tNODE\tNODE\tSYS\tSYS\tNODE\tNODE\tSYS\tSYS\tPIX\tPIX\tPIX\tPIX\tPIX\tPIX\tPIX\t X \tPIX\t\t\t\t\nNIC12\tNODE\tNODE\tSYS\tSYS\tNODE\tNODE\tSYS\tSYS\tPIX\tPIX\tPIX\tPIX\tPIX\tPIX\tPIX\tPIX\t X \t\t\t\t\n\nLegend:\n\n  X    = Self\n  SYS  = Connection traversing PCIe as well as the SMP interconnect between NUMA nodes (e.g., QPI/UPI)\n  NODE = Connection traversing PCIe as well as the interconnect between PCIe Host Bridges within a NUMA node\n  PHB  = Connection traversing PCIe as well as a PCIe Host Bridge (typically the CPU)\n  PXB  = Connection traversing multiple PCIe bridges (without traversing the PCIe Host Bridge)\n  PIX  = Connection traversing at most a single PCIe bridge\n  NV#  = Connection traversing a bonded set of # NVLinks\n\nNIC Legend:\n\n  NIC0: ibp0\n  NIC1: ibp1\n  NIC2: ibp2\n  NIC3: ibp3\n  NIC4: mlx5_0\n  NIC5: mlx5_1\n  NIC6: mlx5_2\n  NIC7: mlx5_3\n  NIC8: mlx5_4\n  NIC9: mlx5_5\n  NIC10: mlx5_6\n  NIC11: mlx5_7\n  NIC12: mlx5_8"
            }
          }
        },
        "official_dispatch_combine_identity": {
          "after": {
            "field_errors": {},
            "gpus": [
              {
                "clocks.applications.graphics": "[Requested functionality has been deprecated]",
                "clocks.applications.memory": "[Requested functionality has been deprecated]",
                "clocks.current.graphics": "1950",
                "clocks.current.memory": "3996",
                "clocks.current.sm": "1950",
                "clocks.max.graphics": "2062",
                "clocks.max.memory": "3996",
                "clocks.max.sm": "2062",
                "driver_version": "595.71.05",
                "index": "0",
                "name": "NVIDIA GB200",
                "pci.bus_id": "00000008:01:00.0",
                "persistence_mode": "Enabled",
                "power.draw": "215.64",
                "power.limit": "1200.00",
                "pstate": "P0",
                "temperature.gpu": "36",
                "uuid": "GPU-64efb995-783a-a11a-c868-580e18809080"
              },
              {
                "clocks.applications.graphics": "[Requested functionality has been deprecated]",
                "clocks.applications.memory": "[Requested functionality has been deprecated]",
                "clocks.current.graphics": "1950",
                "clocks.current.memory": "3996",
                "clocks.current.sm": "1950",
                "clocks.max.graphics": "2062",
                "clocks.max.memory": "3996",
                "clocks.max.sm": "2062",
                "driver_version": "595.71.05",
                "index": "1",
                "name": "NVIDIA GB200",
                "pci.bus_id": "00000009:01:00.0",
                "persistence_mode": "Enabled",
                "power.draw": "208.08",
                "power.limit": "1200.00",
                "pstate": "P0",
                "temperature.gpu": "36",
                "uuid": "GPU-84233fbe-ed84-cfff-821c-7acc555c2503"
              },
              {
                "clocks.applications.graphics": "[Requested functionality has been deprecated]",
                "clocks.applications.memory": "[Requested functionality has been deprecated]",
                "clocks.current.graphics": "1950",
                "clocks.current.memory": "3996",
                "clocks.current.sm": "1950",
                "clocks.max.graphics": "2062",
                "clocks.max.memory": "3996",
                "clocks.max.sm": "2062",
                "driver_version": "595.71.05",
                "index": "2",
                "name": "NVIDIA GB200",
                "pci.bus_id": "00000018:01:00.0",
                "persistence_mode": "Enabled",
                "power.draw": "211.93",
                "power.limit": "1200.00",
                "pstate": "P0",
                "temperature.gpu": "36",
                "uuid": "GPU-19bf3c4b-1e4c-1afc-3db0-adf098d28d8b"
              },
              {
                "clocks.applications.graphics": "[Requested functionality has been deprecated]",
                "clocks.applications.memory": "[Requested functionality has been deprecated]",
                "clocks.current.graphics": "1950",
                "clocks.current.memory": "3996",
                "clocks.current.sm": "1950",
                "clocks.max.graphics": "2062",
                "clocks.max.memory": "3996",
                "clocks.max.sm": "2062",
                "driver_version": "595.71.05",
                "index": "3",
                "name": "NVIDIA GB200",
                "pci.bus_id": "00000019:01:00.0",
                "persistence_mode": "Enabled",
                "power.draw": "233.71",
                "power.limit": "1200.00",
                "pstate": "P0",
                "temperature.gpu": "36",
                "uuid": "GPU-14a91ec2-4299-59e4-c682-00a36868d987"
              }
            ],
            "topology": {
              "arguments": [
                "nvidia-smi",
                "topo",
                "-m"
              ],
              "returncode": 0,
              "stderr": "",
              "stdout": "\u001b[4mGPU0\tGPU1\tGPU2\tGPU3\tNIC0\tNIC1\tNIC2\tNIC3\tNIC4\tNIC5\tNIC6\tNIC7\tNIC8\tNIC9\tNIC10\tNIC11\tNIC12\tCPU Affinity\tNUMA Affinity\tGPU NUMA ID\u001b[0m\nGPU0\t X \tNV18\tNV18\tNV18\tNODE\tNODE\tSYS\tSYS\tNODE\tNODE\tNODE\tNODE\tNODE\tNODE\tNODE\tNODE\tNODE\t0-71\t0\t\tN/A\nGPU1\tNV18\t X \tNV18\tNV18\tNODE\tNODE\tSYS\tSYS\tNODE\tNODE\tNODE\tNODE\tNODE\tNODE\tNODE\tNODE\tNODE\t0-71\t0\t\tN/A\nGPU2\tNV18\tNV18\t X \tNV18\tSYS\tSYS\tNODE\tNODE\tSYS\tSYS\tSYS\tSYS\tSYS\tSYS\tSYS\tSYS\tSYS\t72-143\t1\t\tN/A\nGPU3\tNV18\tNV18\tNV18\t X \tSYS\tSYS\tNODE\tNODE\tSYS\tSYS\tSYS\tSYS\tSYS\tSYS\tSYS\tSYS\tSYS\t72-143\t1\t\tN/A\nNIC0\tNODE\tNODE\tSYS\tSYS\t X \tNODE\tSYS\tSYS\tNODE\tNODE\tNODE\tNODE\tNODE\tNODE\tNODE\tNODE\tNODE\t\t\t\t\nNIC1\tNODE\tNODE\tSYS\tSYS\tNODE\t X \tSYS\tSYS\tNODE\tNODE\tNODE\tNODE\tNODE\tNODE\tNODE\tNODE\tNODE\t\t\t\t\nNIC2\tSYS\tSYS\tNODE\tNODE\tSYS\tSYS\t X \tNODE\tSYS\tSYS\tSYS\tSYS\tSYS\tSYS\tSYS\tSYS\tSYS\t\t\t\t\nNIC3\tSYS\tSYS\tNODE\tNODE\tSYS\tSYS\tNODE\t X \tSYS\tSYS\tSYS\tSYS\tSYS\tSYS\tSYS\tSYS\tSYS\t\t\t\t\nNIC4\tNODE\tNODE\tSYS\tSYS\tNODE\tNODE\tSYS\tSYS\t X \tPIX\tPIX\tPIX\tPIX\tPIX\tPIX\tPIX\tPIX\t\t\t\t\nNIC5\tNODE\tNODE\tSYS\tSYS\tNODE\tNODE\tSYS\tSYS\tPIX\t X \tPIX\tPIX\tPIX\tPIX\tPIX\tPIX\tPIX\t\t\t\t\nNIC6\tNODE\tNODE\tSYS\tSYS\tNODE\tNODE\tSYS\tSYS\tPIX\tPIX\t X \tPIX\tPIX\tPIX\tPIX\tPIX\tPIX\t\t\t\t\nNIC7\tNODE\tNODE\tSYS\tSYS\tNODE\tNODE\tSYS\tSYS\tPIX\tPIX\tPIX\t X \tPIX\tPIX\tPIX\tPIX\tPIX\t\t\t\t\nNIC8\tNODE\tNODE\tSYS\tSYS\tNODE\tNODE\tSYS\tSYS\tPIX\tPIX\tPIX\tPIX\t X \tPIX\tPIX\tPIX\tPIX\t\t\t\t\nNIC9\tNODE\tNODE\tSYS\tSYS\tNODE\tNODE\tSYS\tSYS\tPIX\tPIX\tPIX\tPIX\tPIX\t X \tPIX\tPIX\tPIX\t\t\t\t\nNIC10\tNODE\tNODE\tSYS\tSYS\tNODE\tNODE\tSYS\tSYS\tPIX\tPIX\tPIX\tPIX\tPIX\tPIX\t X \tPIX\tPIX\t\t\t\t\nNIC11\tNODE\tNODE\tSYS\tSYS\tNODE\tNODE\tSYS\tSYS\tPIX\tPIX\tPIX\tPIX\tPIX\tPIX\tPIX\t X \tPIX\t\t\t\t\nNIC12\tNODE\tNODE\tSYS\tSYS\tNODE\tNODE\tSYS\tSYS\tPIX\tPIX\tPIX\tPIX\tPIX\tPIX\tPIX\tPIX\t X \t\t\t\t\n\nLegend:\n\n  X    = Self\n  SYS  = Connection traversing PCIe as well as the SMP interconnect between NUMA nodes (e.g., QPI/UPI)\n  NODE = Connection traversing PCIe as well as the interconnect between PCIe Host Bridges within a NUMA node\n  PHB  = Connection traversing PCIe as well as a PCIe Host Bridge (typically the CPU)\n  PXB  = Connection traversing multiple PCIe bridges (without traversing the PCIe Host Bridge)\n  PIX  = Connection traversing at most a single PCIe bridge\n  NV#  = Connection traversing a bonded set of # NVLinks\n\nNIC Legend:\n\n  NIC0: ibp0\n  NIC1: ibp1\n  NIC2: ibp2\n  NIC3: ibp3\n  NIC4: mlx5_0\n  NIC5: mlx5_1\n  NIC6: mlx5_2\n  NIC7: mlx5_3\n  NIC8: mlx5_4\n  NIC9: mlx5_5\n  NIC10: mlx5_6\n  NIC11: mlx5_7\n  NIC12: mlx5_8"
            }
          },
          "before": {
            "field_errors": {},
            "gpus": [
              {
                "clocks.applications.graphics": "[Requested functionality has been deprecated]",
                "clocks.applications.memory": "[Requested functionality has been deprecated]",
                "clocks.current.graphics": "1950",
                "clocks.current.memory": "3996",
                "clocks.current.sm": "1950",
                "clocks.max.graphics": "2062",
                "clocks.max.memory": "3996",
                "clocks.max.sm": "2062",
                "driver_version": "595.71.05",
                "index": "0",
                "name": "NVIDIA GB200",
                "pci.bus_id": "00000008:01:00.0",
                "persistence_mode": "Enabled",
                "power.draw": "256.15",
                "power.limit": "1200.00",
                "pstate": "P0",
                "temperature.gpu": "36",
                "uuid": "GPU-64efb995-783a-a11a-c868-580e18809080"
              },
              {
                "clocks.applications.graphics": "[Requested functionality has been deprecated]",
                "clocks.applications.memory": "[Requested functionality has been deprecated]",
                "clocks.current.graphics": "1950",
                "clocks.current.memory": "3996",
                "clocks.current.sm": "1950",
                "clocks.max.graphics": "2062",
                "clocks.max.memory": "3996",
                "clocks.max.sm": "2062",
                "driver_version": "595.71.05",
                "index": "1",
                "name": "NVIDIA GB200",
                "pci.bus_id": "00000009:01:00.0",
                "persistence_mode": "Enabled",
                "power.draw": "255.04",
                "power.limit": "1200.00",
                "pstate": "P0",
                "temperature.gpu": "36",
                "uuid": "GPU-84233fbe-ed84-cfff-821c-7acc555c2503"
              },
              {
                "clocks.applications.graphics": "[Requested functionality has been deprecated]",
                "clocks.applications.memory": "[Requested functionality has been deprecated]",
                "clocks.current.graphics": "1950",
                "clocks.current.memory": "3996",
                "clocks.current.sm": "1950",
                "clocks.max.graphics": "2062",
                "clocks.max.memory": "3996",
                "clocks.max.sm": "2062",
                "driver_version": "595.71.05",
                "index": "2",
                "name": "NVIDIA GB200",
                "pci.bus_id": "00000018:01:00.0",
                "persistence_mode": "Enabled",
                "power.draw": "254.17",
                "power.limit": "1200.00",
                "pstate": "P0",
                "temperature.gpu": "36",
                "uuid": "GPU-19bf3c4b-1e4c-1afc-3db0-adf098d28d8b"
              },
              {
                "clocks.applications.graphics": "[Requested functionality has been deprecated]",
                "clocks.applications.memory": "[Requested functionality has been deprecated]",
                "clocks.current.graphics": "1950",
                "clocks.current.memory": "3996",
                "clocks.current.sm": "1950",
                "clocks.max.graphics": "2062",
                "clocks.max.memory": "3996",
                "clocks.max.sm": "2062",
                "driver_version": "595.71.05",
                "index": "3",
                "name": "NVIDIA GB200",
                "pci.bus_id": "00000019:01:00.0",
                "persistence_mode": "Enabled",
                "power.draw": "272.33",
                "power.limit": "1200.00",
                "pstate": "P0",
                "temperature.gpu": "36",
                "uuid": "GPU-14a91ec2-4299-59e4-c682-00a36868d987"
              }
            ],
            "topology": {
              "arguments": [
                "nvidia-smi",
                "topo",
                "-m"
              ],
              "returncode": 0,
              "stderr": "",
              "stdout": "\u001b[4mGPU0\tGPU1\tGPU2\tGPU3\tNIC0\tNIC1\tNIC2\tNIC3\tNIC4\tNIC5\tNIC6\tNIC7\tNIC8\tNIC9\tNIC10\tNIC11\tNIC12\tCPU Affinity\tNUMA Affinity\tGPU NUMA ID\u001b[0m\nGPU0\t X \tNV18\tNV18\tNV18\tNODE\tNODE\tSYS\tSYS\tNODE\tNODE\tNODE\tNODE\tNODE\tNODE\tNODE\tNODE\tNODE\t0-71\t0\t\tN/A\nGPU1\tNV18\t X \tNV18\tNV18\tNODE\tNODE\tSYS\tSYS\tNODE\tNODE\tNODE\tNODE\tNODE\tNODE\tNODE\tNODE\tNODE\t0-71\t0\t\tN/A\nGPU2\tNV18\tNV18\t X \tNV18\tSYS\tSYS\tNODE\tNODE\tSYS\tSYS\tSYS\tSYS\tSYS\tSYS\tSYS\tSYS\tSYS\t72-143\t1\t\tN/A\nGPU3\tNV18\tNV18\tNV18\t X \tSYS\tSYS\tNODE\tNODE\tSYS\tSYS\tSYS\tSYS\tSYS\tSYS\tSYS\tSYS\tSYS\t72-143\t1\t\tN/A\nNIC0\tNODE\tNODE\tSYS\tSYS\t X \tNODE\tSYS\tSYS\tNODE\tNODE\tNODE\tNODE\tNODE\tNODE\tNODE\tNODE\tNODE\t\t\t\t\nNIC1\tNODE\tNODE\tSYS\tSYS\tNODE\t X \tSYS\tSYS\tNODE\tNODE\tNODE\tNODE\tNODE\tNODE\tNODE\tNODE\tNODE\t\t\t\t\nNIC2\tSYS\tSYS\tNODE\tNODE\tSYS\tSYS\t X \tNODE\tSYS\tSYS\tSYS\tSYS\tSYS\tSYS\tSYS\tSYS\tSYS\t\t\t\t\nNIC3\tSYS\tSYS\tNODE\tNODE\tSYS\tSYS\tNODE\t X \tSYS\tSYS\tSYS\tSYS\tSYS\tSYS\tSYS\tSYS\tSYS\t\t\t\t\nNIC4\tNODE\tNODE\tSYS\tSYS\tNODE\tNODE\tSYS\tSYS\t X \tPIX\tPIX\tPIX\tPIX\tPIX\tPIX\tPIX\tPIX\t\t\t\t\nNIC5\tNODE\tNODE\tSYS\tSYS\tNODE\tNODE\tSYS\tSYS\tPIX\t X \tPIX\tPIX\tPIX\tPIX\tPIX\tPIX\tPIX\t\t\t\t\nNIC6\tNODE\tNODE\tSYS\tSYS\tNODE\tNODE\tSYS\tSYS\tPIX\tPIX\t X \tPIX\tPIX\tPIX\tPIX\tPIX\tPIX\t\t\t\t\nNIC7\tNODE\tNODE\tSYS\tSYS\tNODE\tNODE\tSYS\tSYS\tPIX\tPIX\tPIX\t X \tPIX\tPIX\tPIX\tPIX\tPIX\t\t\t\t\nNIC8\tNODE\tNODE\tSYS\tSYS\tNODE\tNODE\tSYS\tSYS\tPIX\tPIX\tPIX\tPIX\t X \tPIX\tPIX\tPIX\tPIX\t\t\t\t\nNIC9\tNODE\tNODE\tSYS\tSYS\tNODE\tNODE\tSYS\tSYS\tPIX\tPIX\tPIX\tPIX\tPIX\t X \tPIX\tPIX\tPIX\t\t\t\t\nNIC10\tNODE\tNODE\tSYS\tSYS\tNODE\tNODE\tSYS\tSYS\tPIX\tPIX\tPIX\tPIX\tPIX\tPIX\t X \tPIX\tPIX\t\t\t\t\nNIC11\tNODE\tNODE\tSYS\tSYS\tNODE\tNODE\tSYS\tSYS\tPIX\tPIX\tPIX\tPIX\tPIX\tPIX\tPIX\t X \tPIX\t\t\t\t\nNIC12\tNODE\tNODE\tSYS\tSYS\tNODE\tNODE\tSYS\tSYS\tPIX\tPIX\tPIX\tPIX\tPIX\tPIX\tPIX\tPIX\t X \t\t\t\t\n\nLegend:\n\n  X    = Self\n  SYS  = Connection traversing PCIe as well as the SMP interconnect between NUMA nodes (e.g., QPI/UPI)\n  NODE = Connection traversing PCIe as well as the interconnect between PCIe Host Bridges within a NUMA node\n  PHB  = Connection traversing PCIe as well as a PCIe Host Bridge (typically the CPU)\n  PXB  = Connection traversing multiple PCIe bridges (without traversing the PCIe Host Bridge)\n  PIX  = Connection traversing at most a single PCIe bridge\n  NV#  = Connection traversing a bonded set of # NVLinks\n\nNIC Legend:\n\n  NIC0: ibp0\n  NIC1: ibp1\n  NIC2: ibp2\n  NIC3: ibp3\n  NIC4: mlx5_0\n  NIC5: mlx5_1\n  NIC6: mlx5_2\n  NIC7: mlx5_3\n  NIC8: mlx5_4\n  NIC9: mlx5_5\n  NIC10: mlx5_6\n  NIC11: mlx5_7\n  NIC12: mlx5_8"
            }
          }
        },
        "payload_reverse_transport_and_generated_merge": {
          "after": {
            "field_errors": {},
            "gpus": [
              {
                "clocks.applications.graphics": "[Requested functionality has been deprecated]",
                "clocks.applications.memory": "[Requested functionality has been deprecated]",
                "clocks.current.graphics": "1950",
                "clocks.current.memory": "3996",
                "clocks.current.sm": "1950",
                "clocks.max.graphics": "2062",
                "clocks.max.memory": "3996",
                "clocks.max.sm": "2062",
                "driver_version": "595.71.05",
                "index": "0",
                "name": "NVIDIA GB200",
                "pci.bus_id": "00000008:01:00.0",
                "persistence_mode": "Enabled",
                "power.draw": "215.59",
                "power.limit": "1200.00",
                "pstate": "P0",
                "temperature.gpu": "36",
                "uuid": "GPU-64efb995-783a-a11a-c868-580e18809080"
              },
              {
                "clocks.applications.graphics": "[Requested functionality has been deprecated]",
                "clocks.applications.memory": "[Requested functionality has been deprecated]",
                "clocks.current.graphics": "1950",
                "clocks.current.memory": "3996",
                "clocks.current.sm": "1950",
                "clocks.max.graphics": "2062",
                "clocks.max.memory": "3996",
                "clocks.max.sm": "2062",
                "driver_version": "595.71.05",
                "index": "1",
                "name": "NVIDIA GB200",
                "pci.bus_id": "00000009:01:00.0",
                "persistence_mode": "Enabled",
                "power.draw": "206.71",
                "power.limit": "1200.00",
                "pstate": "P0",
                "temperature.gpu": "36",
                "uuid": "GPU-84233fbe-ed84-cfff-821c-7acc555c2503"
              },
              {
                "clocks.applications.graphics": "[Requested functionality has been deprecated]",
                "clocks.applications.memory": "[Requested functionality has been deprecated]",
                "clocks.current.graphics": "1950",
                "clocks.current.memory": "3996",
                "clocks.current.sm": "1950",
                "clocks.max.graphics": "2062",
                "clocks.max.memory": "3996",
                "clocks.max.sm": "2062",
                "driver_version": "595.71.05",
                "index": "2",
                "name": "NVIDIA GB200",
                "pci.bus_id": "00000018:01:00.0",
                "persistence_mode": "Enabled",
                "power.draw": "211.10",
                "power.limit": "1200.00",
                "pstate": "P0",
                "temperature.gpu": "36",
                "uuid": "GPU-19bf3c4b-1e4c-1afc-3db0-adf098d28d8b"
              },
              {
                "clocks.applications.graphics": "[Requested functionality has been deprecated]",
                "clocks.applications.memory": "[Requested functionality has been deprecated]",
                "clocks.current.graphics": "1950",
                "clocks.current.memory": "3996",
                "clocks.current.sm": "1950",
                "clocks.max.graphics": "2062",
                "clocks.max.memory": "3996",
                "clocks.max.sm": "2062",
                "driver_version": "595.71.05",
                "index": "3",
                "name": "NVIDIA GB200",
                "pci.bus_id": "00000019:01:00.0",
                "persistence_mode": "Enabled",
                "power.draw": "232.57",
                "power.limit": "1200.00",
                "pstate": "P0",
                "temperature.gpu": "36",
                "uuid": "GPU-14a91ec2-4299-59e4-c682-00a36868d987"
              }
            ],
            "topology": {
              "arguments": [
                "nvidia-smi",
                "topo",
                "-m"
              ],
              "returncode": 0,
              "stderr": "",
              "stdout": "\u001b[4mGPU0\tGPU1\tGPU2\tGPU3\tNIC0\tNIC1\tNIC2\tNIC3\tNIC4\tNIC5\tNIC6\tNIC7\tNIC8\tNIC9\tNIC10\tNIC11\tNIC12\tCPU Affinity\tNUMA Affinity\tGPU NUMA ID\u001b[0m\nGPU0\t X \tNV18\tNV18\tNV18\tNODE\tNODE\tSYS\tSYS\tNODE\tNODE\tNODE\tNODE\tNODE\tNODE\tNODE\tNODE\tNODE\t0-71\t0\t\tN/A\nGPU1\tNV18\t X \tNV18\tNV18\tNODE\tNODE\tSYS\tSYS\tNODE\tNODE\tNODE\tNODE\tNODE\tNODE\tNODE\tNODE\tNODE\t0-71\t0\t\tN/A\nGPU2\tNV18\tNV18\t X \tNV18\tSYS\tSYS\tNODE\tNODE\tSYS\tSYS\tSYS\tSYS\tSYS\tSYS\tSYS\tSYS\tSYS\t72-143\t1\t\tN/A\nGPU3\tNV18\tNV18\tNV18\t X \tSYS\tSYS\tNODE\tNODE\tSYS\tSYS\tSYS\tSYS\tSYS\tSYS\tSYS\tSYS\tSYS\t72-143\t1\t\tN/A\nNIC0\tNODE\tNODE\tSYS\tSYS\t X \tNODE\tSYS\tSYS\tNODE\tNODE\tNODE\tNODE\tNODE\tNODE\tNODE\tNODE\tNODE\t\t\t\t\nNIC1\tNODE\tNODE\tSYS\tSYS\tNODE\t X \tSYS\tSYS\tNODE\tNODE\tNODE\tNODE\tNODE\tNODE\tNODE\tNODE\tNODE\t\t\t\t\nNIC2\tSYS\tSYS\tNODE\tNODE\tSYS\tSYS\t X \tNODE\tSYS\tSYS\tSYS\tSYS\tSYS\tSYS\tSYS\tSYS\tSYS\t\t\t\t\nNIC3\tSYS\tSYS\tNODE\tNODE\tSYS\tSYS\tNODE\t X \tSYS\tSYS\tSYS\tSYS\tSYS\tSYS\tSYS\tSYS\tSYS\t\t\t\t\nNIC4\tNODE\tNODE\tSYS\tSYS\tNODE\tNODE\tSYS\tSYS\t X \tPIX\tPIX\tPIX\tPIX\tPIX\tPIX\tPIX\tPIX\t\t\t\t\nNIC5\tNODE\tNODE\tSYS\tSYS\tNODE\tNODE\tSYS\tSYS\tPIX\t X \tPIX\tPIX\tPIX\tPIX\tPIX\tPIX\tPIX\t\t\t\t\nNIC6\tNODE\tNODE\tSYS\tSYS\tNODE\tNODE\tSYS\tSYS\tPIX\tPIX\t X \tPIX\tPIX\tPIX\tPIX\tPIX\tPIX\t\t\t\t\nNIC7\tNODE\tNODE\tSYS\tSYS\tNODE\tNODE\tSYS\tSYS\tPIX\tPIX\tPIX\t X \tPIX\tPIX\tPIX\tPIX\tPIX\t\t\t\t\nNIC8\tNODE\tNODE\tSYS\tSYS\tNODE\tNODE\tSYS\tSYS\tPIX\tPIX\tPIX\tPIX\t X \tPIX\tPIX\tPIX\tPIX\t\t\t\t\nNIC9\tNODE\tNODE\tSYS\tSYS\tNODE\tNODE\tSYS\tSYS\tPIX\tPIX\tPIX\tPIX\tPIX\t X \tPIX\tPIX\tPIX\t\t\t\t\nNIC10\tNODE\tNODE\tSYS\tSYS\tNODE\tNODE\tSYS\tSYS\tPIX\tPIX\tPIX\tPIX\tPIX\tPIX\t X \tPIX\tPIX\t\t\t\t\nNIC11\tNODE\tNODE\tSYS\tSYS\tNODE\tNODE\tSYS\tSYS\tPIX\tPIX\tPIX\tPIX\tPIX\tPIX\tPIX\t X \tPIX\t\t\t\t\nNIC12\tNODE\tNODE\tSYS\tSYS\tNODE\tNODE\tSYS\tSYS\tPIX\tPIX\tPIX\tPIX\tPIX\tPIX\tPIX\tPIX\t X \t\t\t\t\n\nLegend:\n\n  X    = Self\n  SYS  = Connection traversing PCIe as well as the SMP interconnect between NUMA nodes (e.g., QPI/UPI)\n  NODE = Connection traversing PCIe as well as the interconnect between PCIe Host Bridges within a NUMA node\n  PHB  = Connection traversing PCIe as well as a PCIe Host Bridge (typically the CPU)\n  PXB  = Connection traversing multiple PCIe bridges (without traversing the PCIe Host Bridge)\n  PIX  = Connection traversing at most a single PCIe bridge\n  NV#  = Connection traversing a bonded set of # NVLinks\n\nNIC Legend:\n\n  NIC0: ibp0\n  NIC1: ibp1\n  NIC2: ibp2\n  NIC3: ibp3\n  NIC4: mlx5_0\n  NIC5: mlx5_1\n  NIC6: mlx5_2\n  NIC7: mlx5_3\n  NIC8: mlx5_4\n  NIC9: mlx5_5\n  NIC10: mlx5_6\n  NIC11: mlx5_7\n  NIC12: mlx5_8"
            }
          },
          "before": {
            "field_errors": {},
            "gpus": [
              {
                "clocks.applications.graphics": "[Requested functionality has been deprecated]",
                "clocks.applications.memory": "[Requested functionality has been deprecated]",
                "clocks.current.graphics": "1950",
                "clocks.current.memory": "3996",
                "clocks.current.sm": "1950",
                "clocks.max.graphics": "2062",
                "clocks.max.memory": "3996",
                "clocks.max.sm": "2062",
                "driver_version": "595.71.05",
                "index": "0",
                "name": "NVIDIA GB200",
                "pci.bus_id": "00000008:01:00.0",
                "persistence_mode": "Enabled",
                "power.draw": "212.45",
                "power.limit": "1200.00",
                "pstate": "P0",
                "temperature.gpu": "36",
                "uuid": "GPU-64efb995-783a-a11a-c868-580e18809080"
              },
              {
                "clocks.applications.graphics": "[Requested functionality has been deprecated]",
                "clocks.applications.memory": "[Requested functionality has been deprecated]",
                "clocks.current.graphics": "1950",
                "clocks.current.memory": "3996",
                "clocks.current.sm": "1950",
                "clocks.max.graphics": "2062",
                "clocks.max.memory": "3996",
                "clocks.max.sm": "2062",
                "driver_version": "595.71.05",
                "index": "1",
                "name": "NVIDIA GB200",
                "pci.bus_id": "00000009:01:00.0",
                "persistence_mode": "Enabled",
                "power.draw": "203.77",
                "power.limit": "1200.00",
                "pstate": "P0",
                "temperature.gpu": "36",
                "uuid": "GPU-84233fbe-ed84-cfff-821c-7acc555c2503"
              },
              {
                "clocks.applications.graphics": "[Requested functionality has been deprecated]",
                "clocks.applications.memory": "[Requested functionality has been deprecated]",
                "clocks.current.graphics": "1950",
                "clocks.current.memory": "3996",
                "clocks.current.sm": "1950",
                "clocks.max.graphics": "2062",
                "clocks.max.memory": "3996",
                "clocks.max.sm": "2062",
                "driver_version": "595.71.05",
                "index": "2",
                "name": "NVIDIA GB200",
                "pci.bus_id": "00000018:01:00.0",
                "persistence_mode": "Enabled",
                "power.draw": "208.43",
                "power.limit": "1200.00",
                "pstate": "P0",
                "temperature.gpu": "36",
                "uuid": "GPU-19bf3c4b-1e4c-1afc-3db0-adf098d28d8b"
              },
              {
                "clocks.applications.graphics": "[Requested functionality has been deprecated]",
                "clocks.applications.memory": "[Requested functionality has been deprecated]",
                "clocks.current.graphics": "1950",
                "clocks.current.memory": "3996",
                "clocks.current.sm": "1950",
                "clocks.max.graphics": "2062",
                "clocks.max.memory": "3996",
                "clocks.max.sm": "2062",
                "driver_version": "595.71.05",
                "index": "3",
                "name": "NVIDIA GB200",
                "pci.bus_id": "00000019:01:00.0",
                "persistence_mode": "Enabled",
                "power.draw": "229.48",
                "power.limit": "1200.00",
                "pstate": "P0",
                "temperature.gpu": "36",
                "uuid": "GPU-14a91ec2-4299-59e4-c682-00a36868d987"
              }
            ],
            "topology": {
              "arguments": [
                "nvidia-smi",
                "topo",
                "-m"
              ],
              "returncode": 0,
              "stderr": "",
              "stdout": "\u001b[4mGPU0\tGPU1\tGPU2\tGPU3\tNIC0\tNIC1\tNIC2\tNIC3\tNIC4\tNIC5\tNIC6\tNIC7\tNIC8\tNIC9\tNIC10\tNIC11\tNIC12\tCPU Affinity\tNUMA Affinity\tGPU NUMA ID\u001b[0m\nGPU0\t X \tNV18\tNV18\tNV18\tNODE\tNODE\tSYS\tSYS\tNODE\tNODE\tNODE\tNODE\tNODE\tNODE\tNODE\tNODE\tNODE\t0-71\t0\t\tN/A\nGPU1\tNV18\t X \tNV18\tNV18\tNODE\tNODE\tSYS\tSYS\tNODE\tNODE\tNODE\tNODE\tNODE\tNODE\tNODE\tNODE\tNODE\t0-71\t0\t\tN/A\nGPU2\tNV18\tNV18\t X \tNV18\tSYS\tSYS\tNODE\tNODE\tSYS\tSYS\tSYS\tSYS\tSYS\tSYS\tSYS\tSYS\tSYS\t72-143\t1\t\tN/A\nGPU3\tNV18\tNV18\tNV18\t X \tSYS\tSYS\tNODE\tNODE\tSYS\tSYS\tSYS\tSYS\tSYS\tSYS\tSYS\tSYS\tSYS\t72-143\t1\t\tN/A\nNIC0\tNODE\tNODE\tSYS\tSYS\t X \tNODE\tSYS\tSYS\tNODE\tNODE\tNODE\tNODE\tNODE\tNODE\tNODE\tNODE\tNODE\t\t\t\t\nNIC1\tNODE\tNODE\tSYS\tSYS\tNODE\t X \tSYS\tSYS\tNODE\tNODE\tNODE\tNODE\tNODE\tNODE\tNODE\tNODE\tNODE\t\t\t\t\nNIC2\tSYS\tSYS\tNODE\tNODE\tSYS\tSYS\t X \tNODE\tSYS\tSYS\tSYS\tSYS\tSYS\tSYS\tSYS\tSYS\tSYS\t\t\t\t\nNIC3\tSYS\tSYS\tNODE\tNODE\tSYS\tSYS\tNODE\t X \tSYS\tSYS\tSYS\tSYS\tSYS\tSYS\tSYS\tSYS\tSYS\t\t\t\t\nNIC4\tNODE\tNODE\tSYS\tSYS\tNODE\tNODE\tSYS\tSYS\t X \tPIX\tPIX\tPIX\tPIX\tPIX\tPIX\tPIX\tPIX\t\t\t\t\nNIC5\tNODE\tNODE\tSYS\tSYS\tNODE\tNODE\tSYS\tSYS\tPIX\t X \tPIX\tPIX\tPIX\tPIX\tPIX\tPIX\tPIX\t\t\t\t\nNIC6\tNODE\tNODE\tSYS\tSYS\tNODE\tNODE\tSYS\tSYS\tPIX\tPIX\t X \tPIX\tPIX\tPIX\tPIX\tPIX\tPIX\t\t\t\t\nNIC7\tNODE\tNODE\tSYS\tSYS\tNODE\tNODE\tSYS\tSYS\tPIX\tPIX\tPIX\t X \tPIX\tPIX\tPIX\tPIX\tPIX\t\t\t\t\nNIC8\tNODE\tNODE\tSYS\tSYS\tNODE\tNODE\tSYS\tSYS\tPIX\tPIX\tPIX\tPIX\t X \tPIX\tPIX\tPIX\tPIX\t\t\t\t\nNIC9\tNODE\tNODE\tSYS\tSYS\tNODE\tNODE\tSYS\tSYS\tPIX\tPIX\tPIX\tPIX\tPIX\t X \tPIX\tPIX\tPIX\t\t\t\t\nNIC10\tNODE\tNODE\tSYS\tSYS\tNODE\tNODE\tSYS\tSYS\tPIX\tPIX\tPIX\tPIX\tPIX\tPIX\t X \tPIX\tPIX\t\t\t\t\nNIC11\tNODE\tNODE\tSYS\tSYS\tNODE\tNODE\tSYS\tSYS\tPIX\tPIX\tPIX\tPIX\tPIX\tPIX\tPIX\t X \tPIX\t\t\t\t\nNIC12\tNODE\tNODE\tSYS\tSYS\tNODE\tNODE\tSYS\tSYS\tPIX\tPIX\tPIX\tPIX\tPIX\tPIX\tPIX\tPIX\t X \t\t\t\t\n\nLegend:\n\n  X    = Self\n  SYS  = Connection traversing PCIe as well as the SMP interconnect between NUMA nodes (e.g., QPI/UPI)\n  NODE = Connection traversing PCIe as well as the interconnect between PCIe Host Bridges within a NUMA node\n  PHB  = Connection traversing PCIe as well as a PCIe Host Bridge (typically the CPU)\n  PXB  = Connection traversing multiple PCIe bridges (without traversing the PCIe Host Bridge)\n  PIX  = Connection traversing at most a single PCIe bridge\n  NV#  = Connection traversing a bonded set of # NVLinks\n\nNIC Legend:\n\n  NIC0: ibp0\n  NIC1: ibp1\n  NIC2: ibp2\n  NIC3: ibp3\n  NIC4: mlx5_0\n  NIC5: mlx5_1\n  NIC6: mlx5_2\n  NIC7: mlx5_3\n  NIC8: mlx5_4\n  NIC9: mlx5_5\n  NIC10: mlx5_6\n  NIC11: mlx5_7\n  NIC12: mlx5_8"
            }
          }
        }
      },
      "final": {
        "field_errors": {},
        "gpus": [
          {
            "clocks.applications.graphics": "[Requested functionality has been deprecated]",
            "clocks.applications.memory": "[Requested functionality has been deprecated]",
            "clocks.current.graphics": "1950",
            "clocks.current.memory": "3996",
            "clocks.current.sm": "1950",
            "clocks.max.graphics": "2062",
            "clocks.max.memory": "3996",
            "clocks.max.sm": "2062",
            "driver_version": "595.71.05",
            "index": "0",
            "name": "NVIDIA GB200",
            "pci.bus_id": "00000008:01:00.0",
            "persistence_mode": "Enabled",
            "power.draw": "212.46",
            "power.limit": "1200.00",
            "pstate": "P0",
            "temperature.gpu": "36",
            "uuid": "GPU-64efb995-783a-a11a-c868-580e18809080"
          },
          {
            "clocks.applications.graphics": "[Requested functionality has been deprecated]",
            "clocks.applications.memory": "[Requested functionality has been deprecated]",
            "clocks.current.graphics": "1950",
            "clocks.current.memory": "3996",
            "clocks.current.sm": "1950",
            "clocks.max.graphics": "2062",
            "clocks.max.memory": "3996",
            "clocks.max.sm": "2062",
            "driver_version": "595.71.05",
            "index": "1",
            "name": "NVIDIA GB200",
            "pci.bus_id": "00000009:01:00.0",
            "persistence_mode": "Enabled",
            "power.draw": "204.24",
            "power.limit": "1200.00",
            "pstate": "P0",
            "temperature.gpu": "37",
            "uuid": "GPU-84233fbe-ed84-cfff-821c-7acc555c2503"
          },
          {
            "clocks.applications.graphics": "[Requested functionality has been deprecated]",
            "clocks.applications.memory": "[Requested functionality has been deprecated]",
            "clocks.current.graphics": "1950",
            "clocks.current.memory": "3996",
            "clocks.current.sm": "1950",
            "clocks.max.graphics": "2062",
            "clocks.max.memory": "3996",
            "clocks.max.sm": "2062",
            "driver_version": "595.71.05",
            "index": "2",
            "name": "NVIDIA GB200",
            "pci.bus_id": "00000018:01:00.0",
            "persistence_mode": "Enabled",
            "power.draw": "208.28",
            "power.limit": "1200.00",
            "pstate": "P0",
            "temperature.gpu": "36",
            "uuid": "GPU-19bf3c4b-1e4c-1afc-3db0-adf098d28d8b"
          },
          {
            "clocks.applications.graphics": "[Requested functionality has been deprecated]",
            "clocks.applications.memory": "[Requested functionality has been deprecated]",
            "clocks.current.graphics": "1950",
            "clocks.current.memory": "3996",
            "clocks.current.sm": "1950",
            "clocks.max.graphics": "2062",
            "clocks.max.memory": "3996",
            "clocks.max.sm": "2062",
            "driver_version": "595.71.05",
            "index": "3",
            "name": "NVIDIA GB200",
            "pci.bus_id": "00000019:01:00.0",
            "persistence_mode": "Enabled",
            "power.draw": "230.07",
            "power.limit": "1200.00",
            "pstate": "P0",
            "temperature.gpu": "36",
            "uuid": "GPU-14a91ec2-4299-59e4-c682-00a36868d987"
          }
        ],
        "topology": {
          "arguments": [
            "nvidia-smi",
            "topo",
            "-m"
          ],
          "returncode": 0,
          "stderr": "",
          "stdout": "\u001b[4mGPU0\tGPU1\tGPU2\tGPU3\tNIC0\tNIC1\tNIC2\tNIC3\tNIC4\tNIC5\tNIC6\tNIC7\tNIC8\tNIC9\tNIC10\tNIC11\tNIC12\tCPU Affinity\tNUMA Affinity\tGPU NUMA ID\u001b[0m\nGPU0\t X \tNV18\tNV18\tNV18\tNODE\tNODE\tSYS\tSYS\tNODE\tNODE\tNODE\tNODE\tNODE\tNODE\tNODE\tNODE\tNODE\t0-71\t0\t\tN/A\nGPU1\tNV18\t X \tNV18\tNV18\tNODE\tNODE\tSYS\tSYS\tNODE\tNODE\tNODE\tNODE\tNODE\tNODE\tNODE\tNODE\tNODE\t0-71\t0\t\tN/A\nGPU2\tNV18\tNV18\t X \tNV18\tSYS\tSYS\tNODE\tNODE\tSYS\tSYS\tSYS\tSYS\tSYS\tSYS\tSYS\tSYS\tSYS\t72-143\t1\t\tN/A\nGPU3\tNV18\tNV18\tNV18\t X \tSYS\tSYS\tNODE\tNODE\tSYS\tSYS\tSYS\tSYS\tSYS\tSYS\tSYS\tSYS\tSYS\t72-143\t1\t\tN/A\nNIC0\tNODE\tNODE\tSYS\tSYS\t X \tNODE\tSYS\tSYS\tNODE\tNODE\tNODE\tNODE\tNODE\tNODE\tNODE\tNODE\tNODE\t\t\t\t\nNIC1\tNODE\tNODE\tSYS\tSYS\tNODE\t X \tSYS\tSYS\tNODE\tNODE\tNODE\tNODE\tNODE\tNODE\tNODE\tNODE\tNODE\t\t\t\t\nNIC2\tSYS\tSYS\tNODE\tNODE\tSYS\tSYS\t X \tNODE\tSYS\tSYS\tSYS\tSYS\tSYS\tSYS\tSYS\tSYS\tSYS\t\t\t\t\nNIC3\tSYS\tSYS\tNODE\tNODE\tSYS\tSYS\tNODE\t X \tSYS\tSYS\tSYS\tSYS\tSYS\tSYS\tSYS\tSYS\tSYS\t\t\t\t\nNIC4\tNODE\tNODE\tSYS\tSYS\tNODE\tNODE\tSYS\tSYS\t X \tPIX\tPIX\tPIX\tPIX\tPIX\tPIX\tPIX\tPIX\t\t\t\t\nNIC5\tNODE\tNODE\tSYS\tSYS\tNODE\tNODE\tSYS\tSYS\tPIX\t X \tPIX\tPIX\tPIX\tPIX\tPIX\tPIX\tPIX\t\t\t\t\nNIC6\tNODE\tNODE\tSYS\tSYS\tNODE\tNODE\tSYS\tSYS\tPIX\tPIX\t X \tPIX\tPIX\tPIX\tPIX\tPIX\tPIX\t\t\t\t\nNIC7\tNODE\tNODE\tSYS\tSYS\tNODE\tNODE\tSYS\tSYS\tPIX\tPIX\tPIX\t X \tPIX\tPIX\tPIX\tPIX\tPIX\t\t\t\t\nNIC8\tNODE\tNODE\tSYS\tSYS\tNODE\tNODE\tSYS\tSYS\tPIX\tPIX\tPIX\tPIX\t X \tPIX\tPIX\tPIX\tPIX\t\t\t\t\nNIC9\tNODE\tNODE\tSYS\tSYS\tNODE\tNODE\tSYS\tSYS\tPIX\tPIX\tPIX\tPIX\tPIX\t X \tPIX\tPIX\tPIX\t\t\t\t\nNIC10\tNODE\tNODE\tSYS\tSYS\tNODE\tNODE\tSYS\tSYS\tPIX\tPIX\tPIX\tPIX\tPIX\tPIX\t X \tPIX\tPIX\t\t\t\t\nNIC11\tNODE\tNODE\tSYS\tSYS\tNODE\tNODE\tSYS\tSYS\tPIX\tPIX\tPIX\tPIX\tPIX\tPIX\tPIX\t X \tPIX\t\t\t\t\nNIC12\tNODE\tNODE\tSYS\tSYS\tNODE\tNODE\tSYS\tSYS\tPIX\tPIX\tPIX\tPIX\tPIX\tPIX\tPIX\tPIX\t X \t\t\t\t\n\nLegend:\n\n  X    = Self\n  SYS  = Connection traversing PCIe as well as the SMP interconnect between NUMA nodes (e.g., QPI/UPI)\n  NODE = Connection traversing PCIe as well as the interconnect between PCIe Host Bridges within a NUMA node\n  PHB  = Connection traversing PCIe as well as a PCIe Host Bridge (typically the CPU)\n  PXB  = Connection traversing multiple PCIe bridges (without traversing the PCIe Host Bridge)\n  PIX  = Connection traversing at most a single PCIe bridge\n  NV#  = Connection traversing a bonded set of # NVLinks\n\nNIC Legend:\n\n  NIC0: ibp0\n  NIC1: ibp1\n  NIC2: ibp2\n  NIC3: ibp3\n  NIC4: mlx5_0\n  NIC5: mlx5_1\n  NIC6: mlx5_2\n  NIC7: mlx5_3\n  NIC8: mlx5_4\n  NIC9: mlx5_5\n  NIC10: mlx5_6\n  NIC11: mlx5_7\n  NIC12: mlx5_8"
        }
      },
      "initial": {
        "field_errors": {},
        "gpus": [
          {
            "clocks.applications.graphics": "[Requested functionality has been deprecated]",
            "clocks.applications.memory": "[Requested functionality has been deprecated]",
            "clocks.current.graphics": "1950",
            "clocks.current.memory": "3996",
            "clocks.current.sm": "1950",
            "clocks.max.graphics": "2062",
            "clocks.max.memory": "3996",
            "clocks.max.sm": "2062",
            "driver_version": "595.71.05",
            "index": "0",
            "name": "NVIDIA GB200",
            "pci.bus_id": "00000008:01:00.0",
            "persistence_mode": "Enabled",
            "power.draw": "213.18",
            "power.limit": "1200.00",
            "pstate": "P0",
            "temperature.gpu": "37",
            "uuid": "GPU-64efb995-783a-a11a-c868-580e18809080"
          },
          {
            "clocks.applications.graphics": "[Requested functionality has been deprecated]",
            "clocks.applications.memory": "[Requested functionality has been deprecated]",
            "clocks.current.graphics": "1950",
            "clocks.current.memory": "3996",
            "clocks.current.sm": "1950",
            "clocks.max.graphics": "2062",
            "clocks.max.memory": "3996",
            "clocks.max.sm": "2062",
            "driver_version": "595.71.05",
            "index": "1",
            "name": "NVIDIA GB200",
            "pci.bus_id": "00000009:01:00.0",
            "persistence_mode": "Enabled",
            "power.draw": "205.11",
            "power.limit": "1200.00",
            "pstate": "P0",
            "temperature.gpu": "37",
            "uuid": "GPU-84233fbe-ed84-cfff-821c-7acc555c2503"
          },
          {
            "clocks.applications.graphics": "[Requested functionality has been deprecated]",
            "clocks.applications.memory": "[Requested functionality has been deprecated]",
            "clocks.current.graphics": "1950",
            "clocks.current.memory": "3996",
            "clocks.current.sm": "1950",
            "clocks.max.graphics": "2062",
            "clocks.max.memory": "3996",
            "clocks.max.sm": "2062",
            "driver_version": "595.71.05",
            "index": "2",
            "name": "NVIDIA GB200",
            "pci.bus_id": "00000018:01:00.0",
            "persistence_mode": "Enabled",
            "power.draw": "209.82",
            "power.limit": "1200.00",
            "pstate": "P0",
            "temperature.gpu": "36",
            "uuid": "GPU-19bf3c4b-1e4c-1afc-3db0-adf098d28d8b"
          },
          {
            "clocks.applications.graphics": "[Requested functionality has been deprecated]",
            "clocks.applications.memory": "[Requested functionality has been deprecated]",
            "clocks.current.graphics": "1950",
            "clocks.current.memory": "3996",
            "clocks.current.sm": "1950",
            "clocks.max.graphics": "2062",
            "clocks.max.memory": "3996",
            "clocks.max.sm": "2062",
            "driver_version": "595.71.05",
            "index": "3",
            "name": "NVIDIA GB200",
            "pci.bus_id": "00000019:01:00.0",
            "persistence_mode": "Enabled",
            "power.draw": "231.61",
            "power.limit": "1200.00",
            "pstate": "P0",
            "temperature.gpu": "36",
            "uuid": "GPU-14a91ec2-4299-59e4-c682-00a36868d987"
          }
        ],
        "topology": {
          "arguments": [
            "nvidia-smi",
            "topo",
            "-m"
          ],
          "returncode": 0,
          "stderr": "",
          "stdout": "\u001b[4mGPU0\tGPU1\tGPU2\tGPU3\tNIC0\tNIC1\tNIC2\tNIC3\tNIC4\tNIC5\tNIC6\tNIC7\tNIC8\tNIC9\tNIC10\tNIC11\tNIC12\tCPU Affinity\tNUMA Affinity\tGPU NUMA ID\u001b[0m\nGPU0\t X \tNV18\tNV18\tNV18\tNODE\tNODE\tSYS\tSYS\tNODE\tNODE\tNODE\tNODE\tNODE\tNODE\tNODE\tNODE\tNODE\t0-71\t0\t\tN/A\nGPU1\tNV18\t X \tNV18\tNV18\tNODE\tNODE\tSYS\tSYS\tNODE\tNODE\tNODE\tNODE\tNODE\tNODE\tNODE\tNODE\tNODE\t0-71\t0\t\tN/A\nGPU2\tNV18\tNV18\t X \tNV18\tSYS\tSYS\tNODE\tNODE\tSYS\tSYS\tSYS\tSYS\tSYS\tSYS\tSYS\tSYS\tSYS\t72-143\t1\t\tN/A\nGPU3\tNV18\tNV18\tNV18\t X \tSYS\tSYS\tNODE\tNODE\tSYS\tSYS\tSYS\tSYS\tSYS\tSYS\tSYS\tSYS\tSYS\t72-143\t1\t\tN/A\nNIC0\tNODE\tNODE\tSYS\tSYS\t X \tNODE\tSYS\tSYS\tNODE\tNODE\tNODE\tNODE\tNODE\tNODE\tNODE\tNODE\tNODE\t\t\t\t\nNIC1\tNODE\tNODE\tSYS\tSYS\tNODE\t X \tSYS\tSYS\tNODE\tNODE\tNODE\tNODE\tNODE\tNODE\tNODE\tNODE\tNODE\t\t\t\t\nNIC2\tSYS\tSYS\tNODE\tNODE\tSYS\tSYS\t X \tNODE\tSYS\tSYS\tSYS\tSYS\tSYS\tSYS\tSYS\tSYS\tSYS\t\t\t\t\nNIC3\tSYS\tSYS\tNODE\tNODE\tSYS\tSYS\tNODE\t X \tSYS\tSYS\tSYS\tSYS\tSYS\tSYS\tSYS\tSYS\tSYS\t\t\t\t\nNIC4\tNODE\tNODE\tSYS\tSYS\tNODE\tNODE\tSYS\tSYS\t X \tPIX\tPIX\tPIX\tPIX\tPIX\tPIX\tPIX\tPIX\t\t\t\t\nNIC5\tNODE\tNODE\tSYS\tSYS\tNODE\tNODE\tSYS\tSYS\tPIX\t X \tPIX\tPIX\tPIX\tPIX\tPIX\tPIX\tPIX\t\t\t\t\nNIC6\tNODE\tNODE\tSYS\tSYS\tNODE\tNODE\tSYS\tSYS\tPIX\tPIX\t X \tPIX\tPIX\tPIX\tPIX\tPIX\tPIX\t\t\t\t\nNIC7\tNODE\tNODE\tSYS\tSYS\tNODE\tNODE\tSYS\tSYS\tPIX\tPIX\tPIX\t X \tPIX\tPIX\tPIX\tPIX\tPIX\t\t\t\t\nNIC8\tNODE\tNODE\tSYS\tSYS\tNODE\tNODE\tSYS\tSYS\tPIX\tPIX\tPIX\tPIX\t X \tPIX\tPIX\tPIX\tPIX\t\t\t\t\nNIC9\tNODE\tNODE\tSYS\tSYS\tNODE\tNODE\tSYS\tSYS\tPIX\tPIX\tPIX\tPIX\tPIX\t X \tPIX\tPIX\tPIX\t\t\t\t\nNIC10\tNODE\tNODE\tSYS\tSYS\tNODE\tNODE\tSYS\tSYS\tPIX\tPIX\tPIX\tPIX\tPIX\tPIX\t X \tPIX\tPIX\t\t\t\t\nNIC11\tNODE\tNODE\tSYS\tSYS\tNODE\tNODE\tSYS\tSYS\tPIX\tPIX\tPIX\tPIX\tPIX\tPIX\tPIX\t X \tPIX\t\t\t\t\nNIC12\tNODE\tNODE\tSYS\tSYS\tNODE\tNODE\tSYS\tSYS\tPIX\tPIX\tPIX\tPIX\tPIX\tPIX\tPIX\tPIX\t X \t\t\t\t\n\nLegend:\n\n  X    = Self\n  SYS  = Connection traversing PCIe as well as the SMP interconnect between NUMA nodes (e.g., QPI/UPI)\n  NODE = Connection traversing PCIe as well as the interconnect between PCIe Host Bridges within a NUMA node\n  PHB  = Connection traversing PCIe as well as a PCIe Host Bridge (typically the CPU)\n  PXB  = Connection traversing multiple PCIe bridges (without traversing the PCIe Host Bridge)\n  PIX  = Connection traversing at most a single PCIe bridge\n  NV#  = Connection traversing a bonded set of # NVLinks\n\nNIC Legend:\n\n  NIC0: ibp0\n  NIC1: ibp1\n  NIC2: ibp2\n  NIC3: ibp3\n  NIC4: mlx5_0\n  NIC5: mlx5_1\n  NIC6: mlx5_2\n  NIC7: mlx5_3\n  NIC8: mlx5_4\n  NIC9: mlx5_5\n  NIC10: mlx5_6\n  NIC11: mlx5_7\n  NIC12: mlx5_8"
        }
      }
    },
    "nccl": [
      2,
      28,
      9
    ],
    "toolchain": {
      "nvcc": {
        "arguments": [
          "nvcc",
          "--version"
        ],
        "returncode": 0,
        "stderr": "",
        "stdout": "nvcc: NVIDIA (R) Cuda compiler driver\nCopyright (c) 2005-2025 NVIDIA Corporation\nBuilt on Wed_Aug_20_01:57:39_PM_PDT_2025\nCuda compilation tools, release 13.0, V13.0.88\nBuild cuda_13.0.r13.0/compiler.36424714_0"
      },
      "platform": {
        "arguments": [
          "uname",
          "-a"
        ],
        "returncode": 0,
        "stderr": "",
        "stdout": "Linux sh5rxs64 6.17.13-155-gdec5393c-coreweave-arm64 #1 SMP PREEMPT_DYNAMIC Thu Jun 25 20:54:25 UTC 2026 aarch64 GNU/Linux"
      },
      "ptxas": {
        "arguments": [
          "ptxas",
          "--version"
        ],
        "returncode": 0,
        "stderr": "",
        "stdout": "ptxas: NVIDIA (R) Ptx optimizing assembler\nCopyright (c) 2005-2025 NVIDIA Corporation\nBuilt on Wed_Aug_20_01:53:56_PM_PDT_2025\nCuda compilation tools, release 13.0, V13.0.88\nBuild cuda_13.0.r13.0/compiler.36424714_0"
      },
      "python": "3.12.13 (main, Aug  5 2026, 01:16:26) [GCC 14.2.0]"
    },
    "torch": "2.10.0+cu130",
    "torch_cuda": "13.0"
  },
  "generated_code_audit": {
    "accepted_path_external_semantic_kernels": [],
    "atomic_audit": {
      "generated_rank_fold": "none",
      "generated_relation_plan": "none; stable warp-prefix placement and one deterministic overflow value per group",
      "generated_route_slot_fold": "none",
      "grouped_gemm_control": "backend may use queue/semaphore primitives; each semantic output tile has unique ownership",
      "semantic_accumulation": "none",
      "transport_control": "DeepEP may use internal readiness/counter atomics; these do not choose semantic order or accumulate semantic values"
    },
    "expert_oracle_only": [
      "complete MoK BF16 forward"
    ],
    "generated_shuttle_kernels": [
      "fixed-capacity runtime RelationPlan skeleton",
      "generic adjacent-pair Map skeleton with generated ScalarExpression",
      "generic indexed ordered-Fold skeleton with generated contribution/update expressions",
      "generic partitioned ordered-Fold plus base-Map skeleton with generated expressions"
    ],
    "generic_communication_primitives": [
      "DeepEP payload dispatch/permutation",
      "torch.distributed.all_to_all_single payload return"
    ],
    "generic_compute_primitives": [
      "standalone_sm100_grouped_gemm"
    ],
    "legacy_control_only": [
      "DeepEP semantic combine"
    ],
    "semantic_body_generation": {
      "compile_guard": "generated CUDA include must exactly match selected Map/Fold IR before build",
      "runtime_guard": "loaded extension exports and matches selected Map/Fold IR digest",
      "selected_program_sha256": "3048c6b922de317e556ff4e1a6fe9c81a22bfc9ba4d6582d0245fbf275f81fba"
    }
  },
  "matched_boundary": {
    "acceptance_metric": "median rank-maximum natural-program end-to-end latency",
    "common_excluded": [
      "host input creation",
      "weight creation",
      "StableHLO import and compile time",
      "workspace allocation",
      "correctness hashing"
    ],
    "launch_order": "shuttle_first",
    "oracle_included": [
      "identical BF16 router Contract",
      "identical top-k selection",
      "identical FP32 normalized route-weight Fold/Maps",
      "MoK schedule construction",
      "complete MoK BF16 forward"
    ],
    "oracle_median_ms": 3.63099205493927,
    "passes_1_2x": true,
    "post_route": {
      "oracle_median_ms": 3.5477919578552246,
      "ratio": 1.1415325729924186,
      "shuttle_median_ms": 4.049920082092285
    },
    "ratio": 1.1422597396517262,
    "route_fixture_used": false,
    "shuttle_included": [
      "BF16 router Contract",
      "top-k selection",
      "FP32 normalized route-weight Fold/Maps",
      "DeepEP payload-only dispatch and runtime layout",
      "generated fixed-capacity receiver RelationPlan",
      "generic grouped W13",
      "generated SwiGLU Map",
      "generic grouped W2",
      "payload-only reverse all_to_all_single",
      "generated deterministic rank-ordered Fold merge and shared Map"
    ],
    "shuttle_median_ms": 4.147536039352417
  },
  "rank_records": [
    {
      "assignments": 12370,
      "correctness": {
        "coarse_output_sha256": "6900c1709db138392fa80e961d2d7231ea9958dd77c1d313933485e2b6ea274f",
        "coarse_selected_bitwise_equal": true,
        "finite": true,
        "generated_official_maximum_absolute_error": 0.0,
        "generated_overlap_output_sha256": "6900c1709db138392fa80e961d2d7231ea9958dd77c1d313933485e2b6ea274f",
        "generated_repeat_bitwise_equal": true,
        "maximum_absolute_error": 0.0,
        "mean_absolute_error": 0.0,
        "natural_generated_output_sha256": "6900c1709db138392fa80e961d2d7231ea9958dd77c1d313933485e2b6ea274f",
        "natural_generated_repeat_bitwise_equal": true,
        "natural_mok_output_sha256": "fa843d2c51e9ae49fbf7993d0c10c3cbb3437a8790d36c5bf1596998ae220243",
        "natural_shuttle_mok_maximum_absolute_error": 0.0001220703125,
        "natural_shuttle_mok_mean_absolute_error": 2.6596760562824784e-06,
        "overlap_output_sha256": "6900c1709db138392fa80e961d2d7231ea9958dd77c1d313933485e2b6ea274f",
        "overlap_repeat_bitwise_equal": true,
        "repeated_generated_overlap_output_sha256": "6900c1709db138392fa80e961d2d7231ea9958dd77c1d313933485e2b6ea274f",
        "repeated_natural_generated_output_sha256": "6900c1709db138392fa80e961d2d7231ea9958dd77c1d313933485e2b6ea274f",
        "repeated_overlap_output_sha256": "6900c1709db138392fa80e961d2d7231ea9958dd77c1d313933485e2b6ea274f",
        "sequential_output_sha256": "6900c1709db138392fa80e961d2d7231ea9958dd77c1d313933485e2b6ea274f",
        "sequential_overlap_bitwise_equal": true
      },
      "generated_device_relation": {
        "edge_destination_rows_exact": true,
        "edge_weights_exact": true,
        "exact": true,
        "group_counts_exact": true,
        "overflow": 0,
        "padded_source_rows_exact": true
      },
      "independent_semantic_reference": {
        "atol": 0.125,
        "finite": true,
        "fixture": {
          "path": "/tmp/shuttle-map-fold-replay/semantic-final-shuttle-first-rank0.npz",
          "routed_weight_sha256": {
            "down": "fbd6eaa8c5f0fef98a89064217d0f59c72eb61356afa33beba056d749a928b5c",
            "gate": "69c62ed0dea40746361fe28bd99c255a32b5061643e1c49db10462263d7aed8f",
            "up": "74ed9965bdb808f2a6b0cf7f4052ee2f8eaca40d79b60d666bc0a4fb30b252ce"
          },
          "sha256": "4e4769dbc8813b0bc5fb34830a353e188dd030fe9f06d34a95ad62ad7636d635",
          "shared_weight_sha256": {
            "down": "811d0aaec322e33db511ed4591021d0cc12e4ea5fd5fda54792562ffb5772d89",
            "gate": "c4ffd63224d45dce73f54107ebe040614dbb5f25600735018dec9f165d49bf8f",
            "up": "0571b1dc9ed553d7159c670e2a37f06208af3c31c3f1298789517631c99f9af8"
          },
          "weight_generation": {
            "routed_seed": 50000,
            "shared_seed": 60000
          }
        },
        "generated_output_sha256": "bdeeb91ff00009d28e59d43cce2a89d8cde65ecdef489e993d315151e60bb74d",
        "independent": true,
        "maximum_absolute_error": 0.0001220703125,
        "mean_absolute_error": 4.7195289880619384e-06,
        "passed": true,
        "physical_ordering_difference": "generated path first collapses routes per owner to BF16, then returns payload with all-to-all and combines owners in fixed rank order",
        "reference": "source-ordered Torch BF16 boundaries with FP32 route-slot accumulation",
        "reference_output_sha256": "dc2357b17d3473c0d7fbaf84c77e9e6e745107631d22abc0e3216bbc5fd853d7",
        "rtol": 0.05,
        "shape": {
          "global_experts": 8,
          "hidden_size": 256,
          "intermediate_size": 256,
          "local_tokens": 256,
          "top_k": 2
        }
      },
      "mapping": {
        "compiler_assignments": 12370,
        "compiler_padded_rows": 24576,
        "compiler_receiver_rows": 6776,
        "deep_ep_reported_expert_counts_exact": true,
        "deep_receiver_rows": 6776,
        "exact": true,
        "expert_counts_exact": true,
        "legalization": "DeepEP source-rank prefix plus recv_src_idx to compiler global source-token relation",
        "payload_exact": true,
        "source_rank_counts": [
          1722,
          1676,
          1684,
          1694
        ],
        "topk_invalid_route_weights": "ignored because DeepEP marks these routes with local expert -1",
        "topk_local_expert_exact": true,
        "topk_valid_route_weight_exact": true
      },
      "padded_rows": 24576,
      "rank": 0,
      "received_tokens": 6776
    },
    {
      "assignments": 12336,
      "correctness": {
        "coarse_output_sha256": "b600e95b2391b5eeabc54066b4476ea56df4189d9d558ef45d9a48c837a5e3c4",
        "coarse_selected_bitwise_equal": true,
        "finite": true,
        "generated_official_maximum_absolute_error": 2.9103830456733704e-11,
        "generated_overlap_output_sha256": "0ee00ff7d772d3cf19810b1f313491b5d5d58ce04699cfcd326a55eeb2b22e96",
        "generated_repeat_bitwise_equal": true,
        "maximum_absolute_error": 0.0,
        "mean_absolute_error": 0.0,
        "natural_generated_output_sha256": "0ee00ff7d772d3cf19810b1f313491b5d5d58ce04699cfcd326a55eeb2b22e96",
        "natural_generated_repeat_bitwise_equal": true,
        "natural_mok_output_sha256": "a95c19cd88ee8946a02107726a6adbf6e3aa0c35d949559a5f7caf505000f9aa",
        "natural_shuttle_mok_maximum_absolute_error": 0.0001220703125,
        "natural_shuttle_mok_mean_absolute_error": 2.6617694857122842e-06,
        "overlap_output_sha256": "b600e95b2391b5eeabc54066b4476ea56df4189d9d558ef45d9a48c837a5e3c4",
        "overlap_repeat_bitwise_equal": true,
        "repeated_generated_overlap_output_sha256": "0ee00ff7d772d3cf19810b1f313491b5d5d58ce04699cfcd326a55eeb2b22e96",
        "repeated_natural_generated_output_sha256": "0ee00ff7d772d3cf19810b1f313491b5d5d58ce04699cfcd326a55eeb2b22e96",
        "repeated_overlap_output_sha256": "b600e95b2391b5eeabc54066b4476ea56df4189d9d558ef45d9a48c837a5e3c4",
        "sequential_output_sha256": "b600e95b2391b5eeabc54066b4476ea56df4189d9d558ef45d9a48c837a5e3c4",
        "sequential_overlap_bitwise_equal": true
      },
      "generated_device_relation": {
        "edge_destination_rows_exact": true,
        "edge_weights_exact": true,
        "exact": true,
        "group_counts_exact": true,
        "overflow": 0,
        "padded_source_rows_exact": true
      },
      "independent_semantic_reference": {
        "atol": 0.125,
        "finite": true,
        "fixture": {
          "path": "/tmp/shuttle-map-fold-replay/semantic-final-shuttle-first-rank1.npz",
          "routed_weight_sha256": {
            "down": "d1d34d87f60b2dcc20ee4d8517e12a9f2244b292a0071d994cc99283e6ea46bc",
            "gate": "3e5e426d64dcf3e1f332cbd92e9330167f4ac68d1a4d971ab00209abd4424714",
            "up": "408ca27a2a87422a4154873113c98b9be9851671d6369b485c914e9cd0726c1b"
          },
          "sha256": "192dc50247e1c415ae22275871788f7a5a642c1e91c4a7b0cd0914d6b22414c2",
          "shared_weight_sha256": {
            "down": "811d0aaec322e33db511ed4591021d0cc12e4ea5fd5fda54792562ffb5772d89",
            "gate": "c4ffd63224d45dce73f54107ebe040614dbb5f25600735018dec9f165d49bf8f",
            "up": "0571b1dc9ed553d7159c670e2a37f06208af3c31c3f1298789517631c99f9af8"
          },
          "weight_generation": {
            "routed_seed": 50001,
            "shared_seed": 60000
          }
        },
        "generated_output_sha256": "0b9037174dc9e455917d8b58e41ca36f502389816f1e77b9b5aae3f72c807bf5",
        "independent": true,
        "maximum_absolute_error": 0.0001220703125,
        "mean_absolute_error": 4.808878657058813e-06,
        "passed": true,
        "physical_ordering_difference": "generated path first collapses routes per owner to BF16, then returns payload with all-to-all and combines owners in fixed rank order",
        "reference": "source-ordered Torch BF16 boundaries with FP32 route-slot accumulation",
        "reference_output_sha256": "1c17772f7be459ebaeedba2e35af0b81857fa1d287965e031a4832e7def1ccc9",
        "rtol": 0.05,
        "shape": {
          "global_experts": 8,
          "hidden_size": 256,
          "intermediate_size": 256,
          "local_tokens": 256,
          "top_k": 2
        }
      },
      "mapping": {
        "compiler_assignments": 12336,
        "compiler_padded_rows": 24576,
        "compiler_receiver_rows": 6740,
        "deep_ep_reported_expert_counts_exact": true,
        "deep_receiver_rows": 6740,
        "exact": true,
        "expert_counts_exact": true,
        "legalization": "DeepEP source-rank prefix plus recv_src_idx to compiler global source-token relation",
        "payload_exact": true,
        "source_rank_counts": [
          1690,
          1697,
          1674,
          1679
        ],
        "topk_invalid_route_weights": "ignored because DeepEP marks these routes with local expert -1",
        "topk_local_expert_exact": true,
        "topk_valid_route_weight_exact": true
      },
      "padded_rows": 24576,
      "rank": 1,
      "received_tokens": 6740
    },
    {
      "assignments": 12292,
      "correctness": {
        "coarse_output_sha256": "701a572a24e45d0bed9c3a81f61d165a154085653134a82dcae08e3ee387bee9",
        "coarse_selected_bitwise_equal": true,
        "finite": true,
        "generated_official_maximum_absolute_error": 0.0,
        "generated_overlap_output_sha256": "701a572a24e45d0bed9c3a81f61d165a154085653134a82dcae08e3ee387bee9",
        "generated_repeat_bitwise_equal": true,
        "maximum_absolute_error": 0.0,
        "mean_absolute_error": 0.0,
        "natural_generated_output_sha256": "701a572a24e45d0bed9c3a81f61d165a154085653134a82dcae08e3ee387bee9",
        "natural_generated_repeat_bitwise_equal": true,
        "natural_mok_output_sha256": "eebd44e58b4f011b01bd0b7e6e04b277201cc9b9ef77f159eb8ce92497e08240",
        "natural_shuttle_mok_maximum_absolute_error": 0.0001220703125,
        "natural_shuttle_mok_mean_absolute_error": 2.667012722668005e-06,
        "overlap_output_sha256": "701a572a24e45d0bed9c3a81f61d165a154085653134a82dcae08e3ee387bee9",
        "overlap_repeat_bitwise_equal": true,
        "repeated_generated_overlap_output_sha256": "701a572a24e45d0bed9c3a81f61d165a154085653134a82dcae08e3ee387bee9",
        "repeated_natural_generated_output_sha256": "701a572a24e45d0bed9c3a81f61d165a154085653134a82dcae08e3ee387bee9",
        "repeated_overlap_output_sha256": "701a572a24e45d0bed9c3a81f61d165a154085653134a82dcae08e3ee387bee9",
        "sequential_output_sha256": "701a572a24e45d0bed9c3a81f61d165a154085653134a82dcae08e3ee387bee9",
        "sequential_overlap_bitwise_equal": true
      },
      "generated_device_relation": {
        "edge_destination_rows_exact": true,
        "edge_weights_exact": true,
        "exact": true,
        "group_counts_exact": true,
        "overflow": 0,
        "padded_source_rows_exact": true
      },
      "independent_semantic_reference": {
        "atol": 0.125,
        "finite": true,
        "fixture": {
          "path": "/tmp/shuttle-map-fold-replay/semantic-final-shuttle-first-rank2.npz",
          "routed_weight_sha256": {
            "down": "01ccf878826e153db6b5e5909be0267dc8d8140c32ed7f65b9b8537270e5c15e",
            "gate": "eff0f77aff074dd1de6674d5e520a139347d68b3d7a499241e6a466732bd1454",
            "up": "e6917f04be90b4eab890661ecffc14431b37d9efd03c5ad77f19eace0d95b666"
          },
          "sha256": "7678ab33e53175c5fbffd5ad70888535ad93592b2aaefbd940ac10af33e20c6b",
          "shared_weight_sha256": {
            "down": "811d0aaec322e33db511ed4591021d0cc12e4ea5fd5fda54792562ffb5772d89",
            "gate": "c4ffd63224d45dce73f54107ebe040614dbb5f25600735018dec9f165d49bf8f",
            "up": "0571b1dc9ed553d7159c670e2a37f06208af3c31c3f1298789517631c99f9af8"
          },
          "weight_generation": {
            "routed_seed": 50002,
            "shared_seed": 60000
          }
        },
        "generated_output_sha256": "2641cf751219497ac11430e30f93bb56f99f4e3ba8f37f38affdaa088e8b5dd7",
        "independent": true,
        "maximum_absolute_error": 0.0001220703125,
        "mean_absolute_error": 4.7849516704445705e-06,
        "passed": true,
        "physical_ordering_difference": "generated path first collapses routes per owner to BF16, then returns payload with all-to-all and combines owners in fixed rank order",
        "reference": "source-ordered Torch BF16 boundaries with FP32 route-slot accumulation",
        "reference_output_sha256": "56446127e2ea0a77d29eb54b0c7c6463695e2f3693a525fede813f21abda1a9f",
        "rtol": 0.05,
        "shape": {
          "global_experts": 8,
          "hidden_size": 256,
          "intermediate_size": 256,
          "local_tokens": 256,
          "top_k": 2
        }
      },
      "mapping": {
        "compiler_assignments": 12292,
        "compiler_padded_rows": 24576,
        "compiler_receiver_rows": 6793,
        "deep_ep_reported_expert_counts_exact": true,
        "deep_receiver_rows": 6793,
        "exact": true,
        "expert_counts_exact": true,
        "legalization": "DeepEP source-rank prefix plus recv_src_idx to compiler global source-token relation",
        "payload_exact": true,
        "source_rank_counts": [
          1693,
          1722,
          1705,
          1673
        ],
        "topk_invalid_route_weights": "ignored because DeepEP marks these routes with local expert -1",
        "topk_local_expert_exact": true,
        "topk_valid_route_weight_exact": true
      },
      "padded_rows": 24576,
      "rank": 2,
      "received_tokens": 6793
    },
    {
      "assignments": 12154,
      "correctness": {
        "coarse_output_sha256": "af5afadfdb106ccbf9af0db33f0d1dc26a30569628efd634f8ec148729a652b0",
        "coarse_selected_bitwise_equal": true,
        "finite": true,
        "generated_official_maximum_absolute_error": 0.0,
        "generated_overlap_output_sha256": "af5afadfdb106ccbf9af0db33f0d1dc26a30569628efd634f8ec148729a652b0",
        "generated_repeat_bitwise_equal": true,
        "maximum_absolute_error": 0.0,
        "mean_absolute_error": 0.0,
        "natural_generated_output_sha256": "af5afadfdb106ccbf9af0db33f0d1dc26a30569628efd634f8ec148729a652b0",
        "natural_generated_repeat_bitwise_equal": true,
        "natural_mok_output_sha256": "9d1d970177374afc356f5c30922af8695cf431db12365ea5b927db5d2855a2bf",
        "natural_shuttle_mok_maximum_absolute_error": 0.0001220703125,
        "natural_shuttle_mok_mean_absolute_error": 2.6619497930369107e-06,
        "overlap_output_sha256": "af5afadfdb106ccbf9af0db33f0d1dc26a30569628efd634f8ec148729a652b0",
        "overlap_repeat_bitwise_equal": true,
        "repeated_generated_overlap_output_sha256": "af5afadfdb106ccbf9af0db33f0d1dc26a30569628efd634f8ec148729a652b0",
        "repeated_natural_generated_output_sha256": "af5afadfdb106ccbf9af0db33f0d1dc26a30569628efd634f8ec148729a652b0",
        "repeated_overlap_output_sha256": "af5afadfdb106ccbf9af0db33f0d1dc26a30569628efd634f8ec148729a652b0",
        "sequential_output_sha256": "af5afadfdb106ccbf9af0db33f0d1dc26a30569628efd634f8ec148729a652b0",
        "sequential_overlap_bitwise_equal": true
      },
      "generated_device_relation": {
        "edge_destination_rows_exact": true,
        "edge_weights_exact": true,
        "exact": true,
        "group_counts_exact": true,
        "overflow": 0,
        "padded_source_rows_exact": true
      },
      "independent_semantic_reference": {
        "atol": 0.125,
        "finite": true,
        "fixture": {
          "path": "/tmp/shuttle-map-fold-replay/semantic-final-shuttle-first-rank3.npz",
          "routed_weight_sha256": {
            "down": "a6b82bd9ce9edc5291b81fd2f8a58825ddc7d2e54bb984f1034b6adbce74f494",
            "gate": "6ec6862daf8c41953ad1b062b1c2f8b6624311714b34bcdfeccf9205f8b77509",
            "up": "a3084c7f0d713aa618cd254258563568b722d29b1a64eaf2b94c7c87f85377be"
          },
          "sha256": "15d46d173a34cb56515dd131bd7cafdad601f140b7214afcbfb57a6f0dcd033d",
          "shared_weight_sha256": {
            "down": "811d0aaec322e33db511ed4591021d0cc12e4ea5fd5fda54792562ffb5772d89",
            "gate": "c4ffd63224d45dce73f54107ebe040614dbb5f25600735018dec9f165d49bf8f",
            "up": "0571b1dc9ed553d7159c670e2a37f06208af3c31c3f1298789517631c99f9af8"
          },
          "weight_generation": {
            "routed_seed": 50003,
            "shared_seed": 60000
          }
        },
        "generated_output_sha256": "b8c4077f993c6e02621364295ca135583ef8ed8903e04719b43cfb0f763527ed",
        "independent": true,
        "maximum_absolute_error": 0.0001220703125,
        "mean_absolute_error": 4.685757630795706e-06,
        "passed": true,
        "physical_ordering_difference": "generated path first collapses routes per owner to BF16, then returns payload with all-to-all and combines owners in fixed rank order",
        "reference": "source-ordered Torch BF16 boundaries with FP32 route-slot accumulation",
        "reference_output_sha256": "94853a191173a00e3be139a79ba4693998062b6a22114ea4dfb593ad7ed010eb",
        "rtol": 0.05,
        "shape": {
          "global_experts": 8,
          "hidden_size": 256,
          "intermediate_size": 256,
          "local_tokens": 256,
          "top_k": 2
        }
      },
      "mapping": {
        "compiler_assignments": 12154,
        "compiler_padded_rows": 24576,
        "compiler_receiver_rows": 6770,
        "deep_ep_reported_expert_counts_exact": true,
        "deep_receiver_rows": 6770,
        "exact": true,
        "expert_counts_exact": true,
        "legalization": "DeepEP source-rank prefix plus recv_src_idx to compiler global source-token relation",
        "payload_exact": true,
        "source_rank_counts": [
          1696,
          1695,
          1695,
          1684
        ],
        "topk_invalid_route_weights": "ignored because DeepEP marks these routes with local expert -1",
        "topk_local_expert_exact": true,
        "topk_valid_route_weight_exact": true
      },
      "padded_rows": 24576,
      "rank": 3,
      "received_tokens": 6770
    }
  ],
  "routing_frontend": {
    "natural_stablehlo": {
      "forward_transport": "deepep_dispatch",
      "merge": "generated_source_ordered_fold",
      "physical_stage_count": 18,
      "portable_artifact_sha256": "8de1fb6d4e63488219008eb363dbb53bd83a8d46bd22c2c2d42f9bed74389126",
      "reverse_transport": "all_to_all_single",
      "runtime_lineage": "router shapes and route Relation are read from the recovered StableHLO plan",
      "semantic_input": "ordinary JAX shared-plus-routed MoE",
      "semantic_operations": [
        "Contract",
        "selection",
        "Relation",
        "SegmentedContract",
        "Map",
        "Fold"
      ]
    },
    "route_fixture_path": null,
    "route_fixture_sha256": null,
    "route_weights_sha256": "cab3ef4ca2ac1ce06630c28852b028350cf3ff9e88e5598dbcc5a6dde07422d2",
    "router_weight_sha256": "c28c5d404c64f524e3d4dc925d82f60f6c36a95d15b3ce3a4f0034b359c4b35e",
    "selected_experts_sha256": "3e604a6a5ddb00678285bdb1a767d17f6c7838e3cd5f7412e8cff7e8f28f990e",
    "source": "natural_stablehlo"
  },
  "schedule": {
    "clean_cross_rank_return": "all_to_all_single payload permutation; no reduction in transport",
    "clean_semantic_merge": "generated fixed owner-rank FP32 fold plus shared add; no atomics",
    "coarse_materialization_ablation": "explicit copies after dispatch packing, W13, SwiGLU, and W2 on routed and shared paths",
    "cross_rank_combine": "not used by accepted natural Shuttle phase; legacy control only",
    "deepep_sms": 56,
    "gate_up_layout": "concatenated_e_2i_k",
    "merge": "fixed route-slot order, explicit FP32 RN multiply then RN add, no atomics",
    "overlap": "generated shared expert on current stream while async DeepEP dispatch runs",
    "padding_quantum": 256,
    "shared_add": "generated Map after the source-ordered Fold"
  },
  "schema_version": 2,
  "shape": {
    "global_experts": 384,
    "hidden_size": 7168,
    "intermediate_size": 3072,
    "local_experts": 96,
    "local_tokens": 2048,
    "top_k": 6,
    "world_size": 4
  },
  "source": {
    "deepep_commit": "7febc6e25660af0f54d95dd781ecdcd62265ecca",
    "generated_map_fold_generator_sha256": "5c9a3477b14c879e68122e05c1f535b95c5bc2f906e6bb94c874ac6945025b66",
    "generated_map_fold_include_sha256": "c151c8775e928a1167b543a54abf63dc0c357ce5794cc40ebcc00551e6d4d435",
    "generated_map_fold_program_sha256": "3048c6b922de317e556ff4e1a6fe9c81a22bfc9ba4d6582d0245fbf275f81fba",
    "mok_commit": "3e1cf43ab93ad040afed52a45ab03cb490ffe4be",
    "mok_dirty": false,
    "mok_local_modifications": [],
    "probe_extension": "/tmp/mok-gmm-probe-map-fold-31f600f228/_mok_gmm_probe.cpython-312-aarch64-linux-gnu.so",
    "probe_extension_sha256": "1e08e83fbc51ab681e589af6bf173f02823eae9add710779c30a59b1c3d699f4",
    "probe_source_sha256": "dfc06d0991c90dc58d63e0f10eafdc92477e0bdcfa6c6bf3d11abbf731a1983a",
    "shuttle_revision": "31f600f22837ec4a3c4c3eaf07c2e4a9a5ddc268",
    "thunderkittens_commit": "1c3920d993404dd49a6d4c7267ea11d583bd5c68",
    "thunderkittens_dirty": false,
    "thunderkittens_local_modifications": []
  },
  "status": "ok",
  "timing": {
    "compiler_routed_already_dispatched": {
      "maximum_ms": 3.528991937637329,
      "mean_ms": 3.4255296071370442,
      "median_ms": 3.4100959300994873,
      "minimum_ms": 3.2171521186828613,
      "per_rank_samples_ms": [
        [
          3.20086407661438,
          3.180095911026001,
          3.182431936264038,
          3.272736072540283,
          3.2310080528259277,
          3.250272035598755,
          3.2555840015411377,
          3.2749760150909424,
          3.26694393157959,
          3.303679943084717,
          3.2811200618743896,
          3.3110721111297607,
          3.2740159034729004,
          3.283071994781494,
          3.3083200454711914,
          3.2959680557250977,
          3.2893760204315186,
          3.297408103942871,
          3.352288007736206,
          3.348191976547241,
          3.3287360668182373,
          3.3202240467071533,
          3.2391040325164795,
          3.275007963180542,
          3.2182400226593018,
          3.2329280376434326,
          3.225087881088257,
          3.2185280323028564,
          3.23852801322937,
          3.2018239498138428
        ],
        [
          3.176095962524414,
          3.1631999015808105,
          3.1935360431671143,
          3.2712318897247314,
          3.228032112121582,
          3.218719959259033,
          3.2089920043945312,
          3.2791359424591064,
          3.2895679473876953,
          3.3357439041137695,
          3.319648027420044,
          3.3225600719451904,
          3.2833919525146484,
          3.267904043197632,
          3.317919969558716,
          3.3137919902801514,
          3.300544023513794,
          3.225759983062744,
          3.2665600776672363,
          3.249919891357422,
          3.1848320960998535,
          3.178463935852051,
          3.1782400608062744,
          3.1904959678649902,
          3.21891188621521,
          3.230463981628418,
          3.2255361080169678,
          3.23523211479187,
          3.1696319580078125,
          3.182431936264038
        ],
        [
          3.1834239959716797,
          3.174976110458374,
          3.1661438941955566,
          3.2607359886169434,
          3.3008320331573486,
          3.320607900619507,
          3.314239978790283,
          3.322495937347412,
          3.304800033569336,
          3.315040111541748,
          3.3096320629119873,
          3.35916805267334,
          3.3596479892730713,
          3.3763840198516846,
          3.4078400135040283,
          3.4196159839630127,
          3.445215940475464,
          3.411423921585083,
          3.4112958908081055,
          3.436863899230957,
          3.4330880641937256,
          3.431999921798706,
          3.4231998920440674,
          3.4234559535980225,
          3.413248062133789,
          3.442176103591919,
          3.4255359172821045,
          3.39900803565979,
          3.35532808303833,
          3.350208044052124
        ],
        [
          3.2273919582366943,
          3.2171521186828613,
          3.2271039485931396,
          3.3234879970550537,
          3.403264045715332,
          3.386143922805786,
          3.3950719833374023,
          3.4023358821868896,
          3.4040958881378174,
          3.3999040126800537,
          3.410399913787842,
          3.3854401111602783,
          3.395616054534912,
          3.3986239433288574,
          3.489664077758789,
          3.4905600547790527,
          3.5221760272979736,
          3.509216070175171,
          3.4931840896606445,
          3.5108160972595215,
          3.528991937637329,
          3.5004160404205322,
          3.4939520359039307,
          3.5261759757995605,
          3.4884159564971924,
          3.4910080432891846,
          3.4776320457458496,
          3.4536640644073486,
          3.409791946411133,
          3.4041919708251953
        ]
      ],
      "rank_max_samples_ms": [
        3.2273919582366943,
        3.2171521186828613,
        3.2271039485931396,
        3.3234879970550537,
        3.403264045715332,
        3.386143922805786,
        3.3950719833374023,
        3.4023358821868896,
        3.4040958881378174,
        3.3999040126800537,
        3.410399913787842,
        3.3854401111602783,
        3.395616054534912,
        3.3986239433288574,
        3.489664077758789,
        3.4905600547790527,
        3.5221760272979736,
        3.509216070175171,
        3.4931840896606445,
        3.5108160972595215,
        3.528991937637329,
        3.5004160404205322,
        3.4939520359039307,
        3.5261759757995605,
        3.4884159564971924,
        3.4910080432891846,
        3.4776320457458496,
        3.4536640644073486,
        3.409791946411133,
        3.4041919708251953
      ]
    },
    "full_coarse_materialized_sequential": {
      "maximum_ms": 4.425568103790283,
      "mean_ms": 4.357514667510986,
      "median_ms": 4.354480028152466,
      "minimum_ms": 4.282080173492432,
      "per_rank_samples_ms": [
        [
          4.289279937744141,
          4.284768104553223,
          4.280896186828613,
          4.424928188323975,
          4.421855926513672,
          4.39785623550415,
          4.389440059661865,
          4.422080039978027,
          4.419712066650391,
          4.3936638832092285,
          4.409056186676025,
          4.375552177429199,
          4.347871780395508,
          4.349408149719238,
          4.336063861846924,
          4.3554558753967285,
          4.348608016967773,
          4.386816024780273,
          4.359776020050049,
          4.359295845031738,
          4.367231845855713,
          4.341951847076416,
          4.360383987426758,
          4.3093438148498535,
          4.295648097991943,
          4.331935882568359,
          4.318079948425293,
          4.317376136779785,
          4.337952136993408,
          4.3481597900390625
        ],
        [
          4.294271945953369,
          4.281599998474121,
          4.280128002166748,
          4.419968128204346,
          4.415711879730225,
          4.395135879516602,
          4.383584022521973,
          4.415040016174316,
          4.418975830078125,
          4.388480186462402,
          4.405439853668213,
          4.371232032775879,
          4.3309760093688965,
          4.346848011016846,
          4.332640171051025,
          4.339231967926025,
          4.349823951721191,
          4.3736958503723145,
          4.348351955413818,
          4.354368209838867,
          4.366911888122559,
          4.344639778137207,
          4.360832214355469,
          4.3052802085876465,
          4.291903972625732,
          4.32374382019043,
          4.308000087738037,
          4.314943790435791,
          4.3256001472473145,
          4.334688186645508
        ],
        [
          4.286367893218994,
          4.281983852386475,
          4.281631946563721,
          4.423744201660156,
          4.416736125946045,
          4.400608062744141,
          4.3878397941589355,
          4.418911933898926,
          4.41977596282959,
          4.390719890594482,
          4.411007881164551,
          4.369952201843262,
          4.336575984954834,
          4.343776226043701,
          4.337952136993408,
          4.341311931610107,
          4.353504180908203,
          4.371103763580322,
          4.346752166748047,
          4.354015827178955,
          4.366943836212158,
          4.343935966491699,
          4.363679885864258,
          4.308063983917236,
          4.295040130615234,
          4.3173441886901855,
          4.3091840744018555,
          4.3197760581970215,
          4.331999778747559,
          4.337920188903809
        ],
        [
          4.292448043823242,
          4.283936023712158,
          4.282080173492432,
          4.425568103790283,
          4.416895866394043,
          4.4008002281188965,
          4.385568141937256,
          4.416224002838135,
          4.4160637855529785,
          4.3943681716918945,
          4.409279823303223,
          4.37667179107666,
          4.337408065795898,
          4.346399784088135,
          4.343071937561035,
          4.349760055541992,
          4.350272178649902,
          4.375679969787598,
          4.3504958152771,
          4.356383800506592,
          4.373504161834717,
          4.344672203063965,
          4.361023902893066,
          4.309567928314209,
          4.3002238273620605,
          4.326943874359131,
          4.3163838386535645,
          4.318975925445557,
          4.328991889953613,
          4.337728023529053
        ]
      ],
      "rank_max_samples_ms": [
        4.294271945953369,
        4.284768104553223,
        4.282080173492432,
        4.425568103790283,
        4.421855926513672,
        4.4008002281188965,
        4.389440059661865,
        4.422080039978027,
        4.41977596282959,
        4.3943681716918945,
        4.411007881164551,
        4.37667179107666,
        4.347871780395508,
        4.349408149719238,
        4.343071937561035,
        4.3554558753967285,
        4.353504180908203,
        4.386816024780273,
        4.359776020050049,
        4.359295845031738,
        4.373504161834717,
        4.344672203063965,
        4.363679885864258,
        4.309567928314209,
        4.3002238273620605,
        4.331935882568359,
        4.318079948425293,
        4.3197760581970215,
        4.337952136993408,
        4.3481597900390625
      ]
    },
    "full_generated_overlap_shared_with_async_dispatch": {
      "maximum_ms": 4.00761604309082,
      "mean_ms": 3.941052810351054,
      "median_ms": 3.9509599208831787,
      "minimum_ms": 3.8541760444641113,
      "per_rank_samples_ms": [
        [
          3.879487991333008,
          3.945568084716797,
          3.9784319400787354,
          3.9704320430755615,
          3.982912063598633,
          3.9718079566955566,
          3.9615039825439453,
          3.972928047180176,
          3.9714560508728027,
          3.9129281044006348,
          3.923935890197754,
          3.925503969192505,
          3.9066240787506104,
          3.910367965698242,
          3.8646719455718994,
          3.926815986633301,
          3.952768087387085,
          3.956831932067871,
          3.9492480754852295,
          3.9443519115448,
          4.001664161682129,
          4.00761604309082,
          3.9544639587402344,
          3.9563519954681396,
          3.9652481079101562,
          3.9522879123687744,
          3.908128023147583,
          3.8541760444641113,
          3.8696320056915283,
          3.9432320594787598
        ],
        [
          3.886143922805786,
          3.942944049835205,
          3.973855972290039,
          3.964031934738159,
          3.978816032409668,
          3.971424102783203,
          3.960832118988037,
          3.9678399562835693,
          3.971008062362671,
          3.9082560539245605,
          3.920095920562744,
          3.921152114868164,
          3.9047679901123047,
          3.9047040939331055,
          3.85532808303833,
          3.9257280826568604,
          3.948960065841675,
          3.9530560970306396,
          3.9447999000549316,
          3.936800003051758,
          3.997119903564453,
          4.0024638175964355,
          3.9498560428619385,
          3.948928117752075,
          3.964319944381714,
          3.947711944580078,
          3.897952079772949,
          3.8447680473327637,
          3.866719961166382,
          3.9363839626312256
        ],
        [
          3.887392044067383,
          3.942847967147827,
          3.9767038822174072,
          3.965696096420288,
          3.9813120365142822,
          3.973344087600708,
          3.9586880207061768,
          3.966399908065796,
          3.9718399047851562,
          3.9067840576171875,
          3.9157121181488037,
          3.921312093734741,
          3.905247926712036,
          3.9048640727996826,
          3.85862398147583,
          3.922463893890381,
          3.94979190826416,
          3.953984022140503,
          3.949631929397583,
          3.938944101333618,
          3.99836802482605,
          4.002975940704346,
          3.9513919353485107,
          3.950752019882202,
          3.949183940887451,
          3.9474239349365234,
          3.8948159217834473,
          3.844320058822632,
          3.8682239055633545,
          3.932607889175415
        ],
        [
          3.876352071762085,
          3.93068790435791,
          3.9651520252227783,
          3.955296039581299,
          3.969791889190674,
          3.962847948074341,
          3.9507200717926025,
          3.958591938018799,
          3.961184024810791,
          3.8976640701293945,
          3.9083199501037598,
          3.9113919734954834,
          3.895456075668335,
          3.893728017807007,
          3.850048065185547,
          3.9139840602874756,
          3.9401280879974365,
          3.942528009414673,
          3.9377920627593994,
          3.930111885070801,
          3.990432024002075,
          3.995680093765259,
          3.9420158863067627,
          3.942944049835205,
          3.9566400051116943,
          3.9387199878692627,
          3.8875839710235596,
          3.835616111755371,
          3.8612799644470215,
          3.928352117538452
        ]
      ],
      "rank_max_samples_ms": [
        3.887392044067383,
        3.945568084716797,
        3.9784319400787354,
        3.9704320430755615,
        3.982912063598633,
        3.973344087600708,
        3.9615039825439453,
        3.972928047180176,
        3.9718399047851562,
        3.9129281044006348,
        3.923935890197754,
        3.925503969192505,
        3.9066240787506104,
        3.910367965698242,
        3.8646719455718994,
        3.926815986633301,
        3.952768087387085,
        3.956831932067871,
        3.949631929397583,
        3.9443519115448,
        4.001664161682129,
        4.00761604309082,
        3.9544639587402344,
        3.9563519954681396,
        3.9652481079101562,
        3.9522879123687744,
        3.908128023147583,
        3.8541760444641113,
        3.8696320056915283,
        3.9432320594787598
      ]
    },
    "full_generated_sequential": {
      "maximum_ms": 4.090400218963623,
      "mean_ms": 4.0038965781529745,
      "median_ms": 3.9970879554748535,
      "minimum_ms": 3.9384639263153076,
      "per_rank_samples_ms": [
        [
          3.952863931655884,
          3.9790399074554443,
          3.993472099304199,
          3.9890239238739014,
          3.9811201095581055,
          3.9788479804992676,
          4.013984203338623,
          4.081888198852539,
          4.014880180358887,
          4.063263893127441,
          4.055200099945068,
          4.052703857421875,
          4.000927925109863,
          3.993311882019043,
          4.005856037139893,
          3.987231969833374,
          4.000351905822754,
          4.002240180969238,
          4.032512187957764,
          4.090400218963623,
          4.0840959548950195,
          3.9868481159210205,
          3.9547839164733887,
          3.9451520442962646,
          3.9384639263153076,
          4.016064167022705,
          4.0069122314453125,
          3.9824960231781006,
          3.952863931655884,
          3.959552049636841
        ],
        [
          3.960479974746704,
          3.9712319374084473,
          3.9882559776306152,
          3.9857280254364014,
          3.977952003479004,
          3.9790079593658447,
          4.0035200119018555,
          4.077792167663574,
          4.00870418548584,
          4.052864074707031,
          4.052288055419922,
          4.046688079833984,
          3.999648094177246,
          3.993824005126953,
          4.006847858428955,
          3.982367992401123,
          3.9970240592956543,
          3.9960639476776123,
          4.0298237800598145,
          4.084991931915283,
          4.083327770233154,
          3.9809279441833496,
          3.948928117752075,
          3.9389119148254395,
          3.932703971862793,
          4.014175891876221,
          3.9997758865356445,
          3.978111982345581,
          3.947904109954834,
          3.9536960124969482
        ],
        [
          3.959775924682617,
          3.9745280742645264,
          3.9884800910949707,
          3.988095998764038,
          3.975519895553589,
          3.9813120365142822,
          4.009727954864502,
          4.082367897033691,
          4.0114240646362305,
          4.054880142211914,
          4.056064128875732,
          4.050879955291748,
          4.00275182723999,
          3.993824005126953,
          4.012224197387695,
          3.9858880043029785,
          3.9992001056671143,
          3.997567892074585,
          4.029280185699463,
          4.086400032043457,
          4.084512233734131,
          3.9757120609283447,
          3.9457600116729736,
          3.937727928161621,
          3.930975914001465,
          4.014560222625732,
          4.002143859863281,
          3.975775957107544,
          3.945631980895996,
          3.9551360607147217
        ],
        [
          3.949536085128784,
          3.9637439250946045,
          3.9785919189453125,
          3.9741439819335938,
          3.9647040367126465,
          3.970560073852539,
          3.996448040008545,
          4.069727897644043,
          3.998687982559204,
          4.044896125793457,
          4.043263912200928,
          4.03769588470459,
          3.9918079376220703,
          3.9810240268707275,
          3.9971840381622314,
          3.9721601009368896,
          3.9884800910949707,
          3.984895944595337,
          4.0201921463012695,
          4.07590389251709,
          4.074240207672119,
          3.9704959392547607,
          3.9413440227508545,
          3.9321279525756836,
          3.924191951751709,
          4.004960060119629,
          3.990976095199585,
          3.967456102371216,
          3.9359359741210938,
          3.9448959827423096
        ]
      ],
      "rank_max_samples_ms": [
        3.960479974746704,
        3.9790399074554443,
        3.993472099304199,
        3.9890239238739014,
        3.9811201095581055,
        3.9813120365142822,
        4.013984203338623,
        4.082367897033691,
        4.014880180358887,
        4.063263893127441,
        4.056064128875732,
        4.052703857421875,
        4.00275182723999,
        3.993824005126953,
        4.012224197387695,
        3.987231969833374,
        4.000351905822754,
        4.002240180969238,
        4.032512187957764,
        4.090400218963623,
        4.084512233734131,
        3.9868481159210205,
        3.9547839164733887,
        3.9451520442962646,
        3.9384639263153076,
        4.016064167022705,
        4.0069122314453125,
        3.9824960231781006,
        3.952863931655884,
        3.959552049636841
      ]
    },
    "full_overlap_shared_with_async_dispatch": {
      "maximum_ms": 4.03334379196167,
      "mean_ms": 3.9023744026819864,
      "median_ms": 3.8829280138015747,
      "minimum_ms": 3.7874560356140137,
      "per_rank_samples_ms": [
        [
          3.7812159061431885,
          3.863136053085327,
          3.8757760524749756,
          3.856703996658325,
          3.9032959938049316,
          3.8717119693756104,
          3.876415967941284,
          3.862175941467285,
          3.870784044265747,
          3.8635520935058594,
          3.9250879287719727,
          3.8575360774993896,
          3.873408079147339,
          3.8664000034332275,
          3.8678081035614014,
          3.871583938598633,
          3.8548800945281982,
          3.9206719398498535,
          4.029759883880615,
          4.013311862945557,
          4.0259199142456055,
          3.9635839462280273,
          3.947808027267456,
          3.9162240028381348,
          3.888000011444092,
          3.93174409866333,
          3.9100799560546875,
          3.9219839572906494,
          3.9224960803985596,
          3.9068479537963867
        ],
        [
          3.7874560356140137,
          3.858560085296631,
          3.876768112182617,
          3.8542399406433105,
          3.894335985183716,
          3.8644800186157227,
          3.861311912536621,
          3.8521599769592285,
          3.862272024154663,
          3.8590080738067627,
          3.9203200340270996,
          3.8505918979644775,
          3.8633599281311035,
          3.8552000522613525,
          3.8551039695739746,
          3.863935947418213,
          3.8478400707244873,
          3.9105920791625977,
          4.025472164154053,
          4.006336212158203,
          4.022687911987305,
          3.9605119228363037,
          3.9399681091308594,
          3.909856081008911,
          3.8890879154205322,
          3.924704074859619,
          3.9098238945007324,
          3.9114880561828613,
          3.911936044692993,
          3.9053120613098145
        ],
        [
          3.7838079929351807,
          3.855679988861084,
          3.874880075454712,
          3.8508799076080322,
          3.8978240489959717,
          3.867680072784424,
          3.867136001586914,
          3.856544017791748,
          3.864032030105591,
          3.8577280044555664,
          3.9204161167144775,
          3.8538880348205566,
          3.860960006713867,
          3.861151933670044,
          3.855583906173706,
          3.8693439960479736,
          3.8473598957061768,
          3.91430401802063,
          4.024767875671387,
          4.007872104644775,
          4.021056175231934,
          3.966655969619751,
          3.9448959827423096,
          3.9111359119415283,
          3.88374400138855,
          3.932543992996216,
          3.90447998046875,
          3.9171199798583984,
          3.9095680713653564,
          3.908799886703491
        ],
        [
          3.7778239250183105,
          3.8578240871429443,
          3.872864007949829,
          3.861504077911377,
          3.895519971847534,
          3.862720012664795,
          3.868096113204956,
          3.857952117919922,
          3.8599679470062256,
          3.853663921356201,
          3.9183359146118164,
          3.8493120670318604,
          3.8621439933776855,
          3.8619840145111084,
          3.858464002609253,
          3.8634560108184814,
          3.84553599357605,
          3.913503885269165,
          4.028063774108887,
          4.016128063201904,
          4.03334379196167,
          3.9688000679016113,
          3.9360320568084717,
          3.9143359661102295,
          3.8874878883361816,
          3.9291200637817383,
          3.9099199771881104,
          3.918976068496704,
          3.9144959449768066,
          3.907680034637451
        ]
      ],
      "rank_max_samples_ms": [
        3.7874560356140137,
        3.863136053085327,
        3.876768112182617,
        3.861504077911377,
        3.9032959938049316,
        3.8717119693756104,
        3.876415967941284,
        3.862175941467285,
        3.870784044265747,
        3.8635520935058594,
        3.9250879287719727,
        3.8575360774993896,
        3.873408079147339,
        3.8664000034332275,
        3.8678081035614014,
        3.871583938598633,
        3.8548800945281982,
        3.9206719398498535,
        4.029759883880615,
        4.016128063201904,
        4.03334379196167,
        3.9688000679016113,
        3.947808027267456,
        3.9162240028381348,
        3.8890879154205322,
        3.932543992996216,
        3.9100799560546875,
        3.9219839572906494,
        3.9224960803985596,
        3.908799886703491
      ]
    },
    "full_sequential": {
      "maximum_ms": 4.0985918045043945,
      "mean_ms": 4.01923733552297,
      "median_ms": 3.993664026260376,
      "minimum_ms": 3.941823959350586,
      "per_rank_samples_ms": [
        [
          3.9285759925842285,
          3.968287944793701,
          3.982367992401123,
          3.9802238941192627,
          3.9553918838500977,
          3.956831932067871,
          3.9715840816497803,
          3.9793601036071777,
          3.9845120906829834,
          4.0008320808410645,
          3.988095998764038,
          4.065760135650635,
          4.0985918045043945,
          4.063551902770996,
          4.074783802032471,
          4.084191799163818,
          4.060031890869141,
          4.084127902984619,
          4.0635199546813965,
          4.073631763458252,
          4.0753278732299805,
          4.066559791564941,
          4.068160057067871,
          3.98799991607666,
          3.9806718826293945,
          3.9725759029388428,
          3.9569599628448486,
          3.9745280742645264,
          3.9911999702453613,
          4.023168087005615
        ],
        [
          3.941823959350586,
          3.970911979675293,
          3.982912063598633,
          3.973695993423462,
          3.9553279876708984,
          3.9595839977264404,
          3.9590399265289307,
          3.9778239727020264,
          3.9771199226379395,
          3.993119955062866,
          3.989824056625366,
          4.065055847167969,
          4.094719886779785,
          4.063392162322998,
          4.067935943603516,
          4.085247993469238,
          4.056032180786133,
          4.071167945861816,
          4.075712203979492,
          4.066495895385742,
          4.06390380859375,
          4.065248012542725,
          4.065919876098633,
          3.977663993835449,
          3.983776092529297,
          3.9628798961639404,
          3.958303928375244,
          3.972480058670044,
          3.988895893096924,
          4.01526403427124
        ],
        [
          3.9408318996429443,
          3.968575954437256,
          3.9861440658569336,
          3.9806718826293945,
          3.964576005935669,
          3.96889591217041,
          3.957279920578003,
          3.9778239727020264,
          3.979072093963623,
          3.995136022567749,
          3.9961280822753906,
          4.0693440437316895,
          4.083648204803467,
          4.063039779663086,
          4.072735786437988,
          4.086559772491455,
          4.060895919799805,
          4.073823928833008,
          4.074431896209717,
          4.068640232086182,
          4.071328163146973,
          4.0728960037231445,
          4.071296215057373,
          3.9803199768066406,
          3.987584114074707,
          3.9662721157073975,
          3.964224100112915,
          3.972127914428711,
          3.9866878986358643,
          4.0199360847473145
        ],
        [
          3.9393279552459717,
          3.9757120609283447,
          3.98524808883667,
          3.9722559452056885,
          3.9647040367126465,
          3.9640960693359375,
          3.963167905807495,
          3.980128049850464,
          3.983520030975342,
          4.005568027496338,
          3.993056058883667,
          4.064159870147705,
          4.094751834869385,
          4.0720319747924805,
          4.067359924316406,
          4.0887041091918945,
          4.057983875274658,
          4.080287933349609,
          4.075712203979492,
          4.073215961456299,
          4.06390380859375,
          4.069119930267334,
          4.067296028137207,
          3.982880115509033,
          3.9856960773468018,
          3.9700160026550293,
          3.9638400077819824,
          3.977152109146118,
          3.99017596244812,
          4.021088123321533
        ]
      ],
      "rank_max_samples_ms": [
        3.941823959350586,
        3.9757120609283447,
        3.9861440658569336,
        3.9806718826293945,
        3.9647040367126465,
        3.96889591217041,
        3.9715840816497803,
        3.980128049850464,
        3.9845120906829834,
        4.005568027496338,
        3.9961280822753906,
        4.0693440437316895,
        4.0985918045043945,
        4.0720319747924805,
        4.074783802032471,
        4.0887041091918945,
        4.060895919799805,
        4.084127902984619,
        4.075712203979492,
        4.073631763458252,
        4.0753278732299805,
        4.0728960037231445,
        4.071296215057373,
        3.98799991607666,
        3.987584114074707,
        3.9725759029388428,
        3.964224100112915,
        3.977152109146118,
        3.9911999702453613,
        4.023168087005615
      ]
    },
    "generated_receiver_relation_plan": {
      "maximum_ms": 0.13872000575065613,
      "mean_ms": 0.13738773266474405,
      "median_ms": 0.13740799576044083,
      "minimum_ms": 0.13631999492645264,
      "per_rank_samples_ms": [
        [
          0.13814400136470795,
          0.1371839940547943,
          0.13606399297714233,
          0.1358720064163208,
          0.1353279948234558,
          0.13711999356746674,
          0.1377599984407425,
          0.1363839954137802,
          0.13654400408267975,
          0.13676799833774567,
          0.13542400300502777,
          0.13728000223636627,
          0.1356160044670105,
          0.1353919953107834,
          0.13689599931240082,
          0.1340160071849823,
          0.13631999492645264,
          0.13491199910640717,
          0.13702400028705597,
          0.13417600095272064,
          0.13600000739097595,
          0.13596799969673157,
          0.13715200126171112,
          0.13788799941539764,
          0.13728000223636627,
          0.1348479986190796,
          0.13788799941539764,
          0.13583999872207642,
          0.13545599579811096,
          0.13631999492645264
        ],
        [
          0.13763199746608734,
          0.13734400272369385,
          0.13606399297714233,
          0.13555200397968292,
          0.13676799833774567,
          0.1351040005683899,
          0.13872000575065613,
          0.13596799969673157,
          0.13683199882507324,
          0.13814400136470795,
          0.138047993183136,
          0.13631999492645264,
          0.13740800321102142,
          0.13686400651931763,
          0.1380160003900528,
          0.13728000223636627,
          0.13603200018405914,
          0.13545599579811096,
          0.13743999600410461,
          0.13631999492645264,
          0.13734400272369385,
          0.1348479986190796,
          0.13708800077438354,
          0.13635200262069702,
          0.13619199395179749,
          0.13676799833774567,
          0.13676799833774567,
          0.13660800457000732,
          0.13631999492645264,
          0.13631999492645264
        ],
        [
          0.135903999209404,
          0.1356479972600937,
          0.13782399892807007,
          0.13708800077438354,
          0.13756799697875977,
          0.13795199990272522,
          0.1358720064163208,
          0.1355839967727661,
          0.13756799697875977,
          0.1345600038766861,
          0.13699199259281158,
          0.13500800728797913,
          0.13568000495433807,
          0.1369599997997284,
          0.1366720050573349,
          0.13609600067138672,
          0.13574400544166565,
          0.1353919953107834,
          0.1363839954137802,
          0.13571199774742126,
          0.13673600554466248,
          0.13631999492645264,
          0.13529600203037262,
          0.13571199774742126,
          0.1356479972600937,
          0.13443200290203094,
          0.1353279948234558,
          0.13609600067138672,
          0.13555200397968292,
          0.13494400680065155
        ],
        [
          0.13443200290203094,
          0.1379839926958084,
          0.1356479972600937,
          0.13635200262069702,
          0.13523200154304504,
          0.13792000710964203,
          0.13760000467300415,
          0.13545599579811096,
          0.13555200397968292,
          0.13651199638843536,
          0.13606399297714233,
          0.13568000495433807,
          0.13836799561977386,
          0.1356160044670105,
          0.13478399813175201,
          0.1356160044670105,
          0.13663999736309052,
          0.13648000359535217,
          0.13548800349235535,
          0.13596799969673157,
          0.13715200126171112,
          0.1348479986190796,
          0.13792000710964203,
          0.1367039978504181,
          0.13593600690364838,
          0.13737599551677704,
          0.1345279961824417,
          0.1366720050573349,
          0.1364160031080246,
          0.13593600690364838
        ]
      ],
      "rank_max_samples_ms": [
        0.13814400136470795,
        0.1379839926958084,
        0.13782399892807007,
        0.13708800077438354,
        0.13756799697875977,
        0.13795199990272522,
        0.13872000575065613,
        0.1363839954137802,
        0.13756799697875977,
        0.13814400136470795,
        0.138047993183136,
        0.13728000223636627,
        0.13836799561977386,
        0.1369599997997284,
        0.1380160003900528,
        0.13728000223636627,
        0.13663999736309052,
        0.13648000359535217,
        0.13743999600410461,
        0.13631999492645264,
        0.13734400272369385,
        0.13631999492645264,
        0.13792000710964203,
        0.13788799941539764,
        0.13728000223636627,
        0.13737599551677704,
        0.13788799941539764,
        0.1366720050573349,
        0.1364160031080246,
        0.13631999492645264
      ]
    },
    "generated_shared_expert": {
      "maximum_ms": 0.24879999458789825,
      "mean_ms": 0.24297386705875396,
      "median_ms": 0.24372800439596176,
      "minimum_ms": 0.23664000630378723,
      "per_rank_samples_ms": [
        [
          0.24195200204849243,
          0.2329919934272766,
          0.23887999355793,
          0.23641599714756012,
          0.23472000658512115,
          0.23798400163650513,
          0.23398399353027344,
          0.2354239970445633,
          0.234592005610466,
          0.23715199530124664,
          0.23231999576091766,
          0.23395200073719025,
          0.2361920028924942,
          0.2406720072031021,
          0.23318399488925934,
          0.23478400707244873,
          0.23507200181484222,
          0.23494400084018707,
          0.23641599714756012,
          0.23231999576091766,
          0.2359360009431839,
          0.2343360036611557,
          0.23228800296783447,
          0.23244799673557281,
          0.23520000278949738,
          0.23440000414848328,
          0.23455999791622162,
          0.23216000199317932,
          0.23529599606990814,
          0.23340800404548645
        ],
        [
          0.2319680005311966,
          0.2330559939146042,
          0.23955200612545013,
          0.23398399353027344,
          0.24054400622844696,
          0.24607999622821808,
          0.23155200481414795,
          0.23945599794387817,
          0.23942400515079498,
          0.23737600445747375,
          0.23734399676322937,
          0.23827199637889862,
          0.24031999707221985,
          0.234047994017601,
          0.23212799429893494,
          0.23523199558258057,
          0.24502399563789368,
          0.23651200532913208,
          0.23942400515079498,
          0.234047994017601,
          0.24240000545978546,
          0.24089600145816803,
          0.2444480061531067,
          0.24051199853420258,
          0.2433920055627823,
          0.24249599874019623,
          0.24563199281692505,
          0.2372799962759018,
          0.24374400079250336,
          0.2364480048418045
        ],
        [
          0.23660799860954285,
          0.24352000653743744,
          0.23443199694156647,
          0.23212799429893494,
          0.2317119985818863,
          0.23574399948120117,
          0.23075200617313385,
          0.23423999547958374,
          0.23097600042819977,
          0.23280000686645508,
          0.2290560007095337,
          0.231455996632576,
          0.23324799537658691,
          0.23071999847888947,
          0.23014399409294128,
          0.2361920028924942,
          0.23366400599479675,
          0.231455996632576,
          0.23260800540447235,
          0.2319680005311966,
          0.23260800540447235,
          0.22950400412082672,
          0.23017600178718567,
          0.23052799701690674,
          0.23628799617290497,
          0.2290239930152893,
          0.23472000658512115,
          0.23321600258350372,
          0.23043200373649597,
          0.23318399488925934
        ],
        [
          0.2385600060224533,
          0.24038399755954742,
          0.24211199581623077,
          0.2441920042037964,
          0.24659200012683868,
          0.2433599978685379,
          0.24700799584388733,
          0.23984000086784363,
          0.24777600169181824,
          0.23897600173950195,
          0.23734399676322937,
          0.2479040026664734,
          0.2351360023021698,
          0.24879999458789825,
          0.2444159984588623,
          0.23664000630378723,
          0.23926399648189545,
          0.2369920015335083,
          0.23839999735355377,
          0.23955200612545013,
          0.23887999355793,
          0.24675199389457703,
          0.2393919974565506,
          0.24102400243282318,
          0.24393600225448608,
          0.24700799584388733,
          0.2433920055627823,
          0.23635199666023254,
          0.24665600061416626,
          0.2396160066127777
        ]
      ],
      "rank_max_samples_ms": [
        0.24195200204849243,
        0.24352000653743744,
        0.24211199581623077,
        0.2441920042037964,
        0.24659200012683868,
        0.24607999622821808,
        0.24700799584388733,
        0.23984000086784363,
        0.24777600169181824,
        0.23897600173950195,
        0.23734399676322937,
        0.2479040026664734,
        0.24031999707221985,
        0.24879999458789825,
        0.2444159984588623,
        0.23664000630378723,
        0.24502399563789368,
        0.2369920015335083,
        0.23942400515079498,
        0.23955200612545013,
        0.24240000545978546,
        0.24675199389457703,
        0.2444480061531067,
        0.24102400243282318,
        0.24393600225448608,
        0.24700799584388733,
        0.24563199281692505,
        0.2372799962759018,
        0.24665600061416626,
        0.2396160066127777
      ]
    },
    "mok_oracle_post_route": {
      "maximum_ms": 3.6150400638580322,
      "mean_ms": 3.5438570578893027,
      "median_ms": 3.5477919578552246,
      "minimum_ms": 3.4194560050964355,
      "per_rank_samples_ms": [
        [
          3.4100799560546875,
          3.4797439575195312,
          3.497375965118408,
          3.474368095397949,
          3.5127999782562256,
          3.435904026031494,
          3.549504041671753,
          3.5287680625915527,
          3.5463359355926514,
          3.536288022994995,
          3.551424026489258,
          3.5304958820343018,
          3.572671890258789,
          3.5725440979003906,
          3.573888063430786,
          3.58240008354187,
          3.604480028152466,
          3.6150400638580322,
          3.5855040550231934,
          3.5558719635009766,
          3.531327962875366,
          3.544287919998169,
          3.5536959171295166,
          3.5738561153411865,
          3.5484158992767334,
          3.5455679893493652,
          3.5421760082244873,
          3.5257279872894287,
          3.5611839294433594,
          3.5495998859405518
        ],
        [
          3.417855978012085,
          3.4700798988342285,
          3.494271993637085,
          3.4727039337158203,
          3.5075199604034424,
          3.545664072036743,
          3.5471999645233154,
          3.526400089263916,
          3.5421760082244873,
          3.5352320671081543,
          3.5509440898895264,
          3.530208110809326,
          3.5708799362182617,
          3.5680959224700928,
          3.5712640285491943,
          3.574176073074341,
          3.5910720825195312,
          3.608799934387207,
          3.5795199871063232,
          3.5526719093322754,
          3.524224042892456,
          3.540224075317383,
          3.5466558933258057,
          3.5687999725341797,
          3.546720027923584,
          3.5422720909118652,
          3.5383360385894775,
          3.5226240158081055,
          3.557152032852173,
          3.5432000160217285
        ],
        [
          3.416127920150757,
          3.4721920490264893,
          3.4919040203094482,
          3.4731199741363525,
          3.508928060531616,
          3.542975902557373,
          3.547168016433716,
          3.528671979904175,
          3.5435519218444824,
          3.5298240184783936,
          3.548896074295044,
          3.529184103012085,
          3.5712320804595947,
          3.5697600841522217,
          3.5728321075439453,
          3.577183961868286,
          3.59334397315979,
          3.6138880252838135,
          3.5826239585876465,
          3.5543360710144043,
          3.527071952819824,
          3.5427520275115967,
          3.549056053161621,
          3.570784091949463,
          3.549247980117798,
          3.543776035308838,
          3.5357439517974854,
          3.5195839405059814,
          3.557663917541504,
          3.5418879985809326
        ],
        [
          3.4194560050964355,
          3.473759889602661,
          3.494879961013794,
          3.4767038822174072,
          3.511967897415161,
          3.5423359870910645,
          3.550816059112549,
          3.529536008834839,
          3.5449280738830566,
          3.5354559421539307,
          3.5485761165618896,
          3.5302720069885254,
          3.572671890258789,
          3.570240020751953,
          3.572864055633545,
          3.5785279273986816,
          3.6038079261779785,
          3.6143040657043457,
          3.583359956741333,
          3.554271936416626,
          3.5284159183502197,
          3.542720079421997,
          3.549312114715576,
          3.5710721015930176,
          3.5483200550079346,
          3.5447680950164795,
          3.5410239696502686,
          3.524928092956543,
          3.560960054397583,
          3.546880006790161
        ]
      ],
      "rank_max_samples_ms": [
        3.4194560050964355,
        3.4797439575195312,
        3.497375965118408,
        3.4767038822174072,
        3.5127999782562256,
        3.545664072036743,
        3.550816059112549,
        3.529536008834839,
        3.5463359355926514,
        3.536288022994995,
        3.551424026489258,
        3.5304958820343018,
        3.572671890258789,
        3.5725440979003906,
        3.573888063430786,
        3.58240008354187,
        3.604480028152466,
        3.6150400638580322,
        3.5855040550231934,
        3.5558719635009766,
        3.531327962875366,
        3.544287919998169,
        3.5536959171295166,
        3.5738561153411865,
        3.549247980117798,
        3.5455679893493652,
        3.5421760082244873,
        3.5257279872894287,
        3.5611839294433594,
        3.5495998859405518
      ]
    },
    "natural_end_to_end_mok_oracle": {
      "maximum_ms": 3.6736319065093994,
      "mean_ms": 3.6276447772979736,
      "median_ms": 3.63099205493927,
      "minimum_ms": 3.5143039226531982,
      "per_rank_samples_ms": [
        [
          3.5035839080810547,
          3.5600318908691406,
          3.5952320098876953,
          3.6115200519561768,
          3.6412479877471924,
          3.6267199516296387,
          3.6485118865966797,
          3.638688087463379,
          3.6646080017089844,
          3.641792058944702,
          3.649631977081299,
          3.6610240936279297,
          3.6341440677642822,
          3.6458559036254883,
          3.6207358837127686,
          3.6275200843811035,
          3.6302080154418945,
          3.6071360111236572,
          3.62444806098938,
          3.645695924758911,
          3.6384639739990234,
          3.609344005584717,
          3.6191039085388184,
          3.65395188331604,
          3.6317760944366455,
          3.624255895614624,
          3.6127359867095947,
          3.6097919940948486,
          3.6334080696105957,
          3.668191909790039
        ],
        [
          3.5127999782562256,
          3.5599679946899414,
          3.59500789642334,
          3.6098239421844482,
          3.636863946914673,
          3.6202239990234375,
          3.647968053817749,
          3.642591953277588,
          3.6595840454101562,
          3.637887954711914,
          3.645983934402466,
          3.656383991241455,
          3.632159948348999,
          3.641727924346924,
          3.617311954498291,
          3.6262400150299072,
          3.6255359649658203,
          3.6092159748077393,
          3.615999937057495,
          3.6454720497131348,
          3.6336960792541504,
          3.6115200519561768,
          3.6152639389038086,
          3.647968053817749,
          3.625663995742798,
          3.6206400394439697,
          3.6065919399261475,
          3.603231906890869,
          3.638688087463379,
          3.6663360595703125
        ],
        [
          3.5106561183929443,
          3.5589120388031006,
          3.5946879386901855,
          3.6076478958129883,
          3.6380159854888916,
          3.619328022003174,
          3.64902400970459,
          3.630527973175049,
          3.6586239337921143,
          3.6391360759735107,
          3.641279935836792,
          3.657183885574341,
          3.6316161155700684,
          3.6408960819244385,
          3.61299204826355,
          3.618112087249756,
          3.6224958896636963,
          3.6048638820648193,
          3.6179521083831787,
          3.6448960304260254,
          3.632319927215576,
          3.606879949569702,
          3.6149439811706543,
          3.6489920616149902,
          3.6261119842529297,
          3.621216058731079,
          3.608383893966675,
          3.6041600704193115,
          3.635711908340454,
          3.6698238849639893
        ],
        [
          3.5143039226531982,
          3.5635199546813965,
          3.600383996963501,
          3.612639904022217,
          3.6414079666137695,
          3.624351978302002,
          3.650815963745117,
          3.6411519050598145,
          3.662463903427124,
          3.642911911010742,
          3.6501119136810303,
          3.661184072494507,
          3.63321590423584,
          3.6433920860290527,
          3.6208319664001465,
          3.626431941986084,
          3.6301119327545166,
          3.6095359325408936,
          3.6201601028442383,
          3.6482560634613037,
          3.6395199298858643,
          3.611072063446045,
          3.620352029800415,
          3.653183937072754,
          3.630143880844116,
          3.6217920780181885,
          3.6134400367736816,
          3.608544111251831,
          3.639103889465332,
          3.6736319065093994
        ]
      ],
      "rank_max_samples_ms": [
        3.5143039226531982,
        3.5635199546813965,
        3.600383996963501,
        3.612639904022217,
        3.6414079666137695,
        3.6267199516296387,
        3.650815963745117,
        3.642591953277588,
        3.6646080017089844,
        3.642911911010742,
        3.6501119136810303,
        3.661184072494507,
        3.6341440677642822,
        3.6458559036254883,
        3.6208319664001465,
        3.6275200843811035,
        3.6302080154418945,
        3.6095359325408936,
        3.62444806098938,
        3.6482560634613037,
        3.6395199298858643,
        3.6115200519561768,
        3.620352029800415,
        3.65395188331604,
        3.6317760944366455,
        3.624255895614624,
        3.6134400367736816,
        3.6097919940948486,
        3.639103889465332,
        3.6736319065093994
      ]
    },
    "natural_end_to_end_shuttle": {
      "maximum_ms": 4.261536121368408,
      "mean_ms": 4.153813378016154,
      "median_ms": 4.147536039352417,
      "minimum_ms": 4.058080196380615,
      "per_rank_samples_ms": [
        [
          4.056735992431641,
          4.047135829925537,
          4.047488212585449,
          4.110911846160889,
          4.130911827087402,
          4.139008045196533,
          4.210752010345459,
          4.145440101623535,
          4.2238078117370605,
          4.149216175079346,
          4.149343967437744,
          4.091296195983887,
          4.097311973571777,
          4.216896057128906,
          4.211872100830078,
          4.258624076843262,
          4.261536121368408,
          4.192800045013428,
          4.204768180847168,
          4.174975872039795,
          4.095839977264404,
          4.089600086212158,
          4.166560173034668,
          4.203519821166992,
          4.202112197875977,
          4.1235198974609375,
          4.150911808013916,
          4.1433281898498535,
          4.120096206665039,
          4.133376121520996
        ],
        [
          4.067999839782715,
          4.046656131744385,
          4.05625581741333,
          4.1038079261779785,
          4.129312038421631,
          4.133791923522949,
          4.205120086669922,
          4.130047798156738,
          4.220704078674316,
          4.14463996887207,
          4.1440958976745605,
          4.09219217300415,
          4.092959880828857,
          4.212512016296387,
          4.20579195022583,
          4.253056049346924,
          4.2578558921813965,
          4.190591812133789,
          4.201280117034912,
          4.175648212432861,
          4.095583915710449,
          4.09500789642334,
          4.157663822174072,
          4.1999359130859375,
          4.198048114776611,
          4.119711875915527,
          4.155648231506348,
          4.136223793029785,
          4.106048107147217,
          4.1275200843811035
        ],
        [
          4.060927867889404,
          4.05628776550293,
          4.05625581741333,
          4.10371208190918,
          4.125216007232666,
          4.136223793029785,
          4.195199966430664,
          4.133567810058594,
          4.2076802253723145,
          4.133024215698242,
          4.1328959465026855,
          4.095263957977295,
          4.089503765106201,
          4.2129597663879395,
          4.20911979675293,
          4.244991779327393,
          4.2475199699401855,
          4.1823039054870605,
          4.204095840454102,
          4.160736083984375,
          4.100192070007324,
          4.101247787475586,
          4.155488014221191,
          4.2039361000061035,
          4.197408199310303,
          4.122560024261475,
          4.154751777648926,
          4.12883186340332,
          4.107295989990234,
          4.1260480880737305
        ],
        [
          4.059167861938477,
          4.058080196380615,
          4.063295841217041,
          4.094207763671875,
          4.116032123565674,
          4.123807907104492,
          4.209407806396484,
          4.145855903625488,
          4.220672130584717,
          4.14358377456665,
          4.149824142456055,
          4.084288120269775,
          4.08355188369751,
          4.204512119293213,
          4.199264049530029,
          4.256224155426025,
          4.257791996002197,
          4.192319869995117,
          4.192863941192627,
          4.174431800842285,
          4.0865278244018555,
          4.087552070617676,
          4.148896217346191,
          4.193151950836182,
          4.190752029418945,
          4.111072063446045,
          4.143392086029053,
          4.141568183898926,
          4.119167804718018,
          4.11894416809082
        ]
      ],
      "rank_max_samples_ms": [
        4.067999839782715,
        4.058080196380615,
        4.063295841217041,
        4.110911846160889,
        4.130911827087402,
        4.139008045196533,
        4.210752010345459,
        4.145855903625488,
        4.2238078117370605,
        4.149216175079346,
        4.149824142456055,
        4.095263957977295,
        4.097311973571777,
        4.216896057128906,
        4.211872100830078,
        4.258624076843262,
        4.261536121368408,
        4.192800045013428,
        4.204768180847168,
        4.175648212432861,
        4.100192070007324,
        4.101247787475586,
        4.166560173034668,
        4.2039361000061035,
        4.202112197875977,
        4.1235198974609375,
        4.155648231506348,
        4.1433281898498535,
        4.120096206665039,
        4.133376121520996
      ]
    },
    "natural_router_contract_topk_fold": {
      "maximum_ms": 0.13663999736309052,
      "mean_ms": 0.12256959949930508,
      "median_ms": 0.12161600217223167,
      "minimum_ms": 0.11446399986743927,
      "per_rank_samples_ms": [
        [
          0.10963200032711029,
          0.12316799908876419,
          0.11958400160074234,
          0.1064319983124733,
          0.11318399757146835,
          0.10447999835014343,
          0.11033599823713303,
          0.1037760004401207,
          0.10896000266075134,
          0.1069440022110939,
          0.10412800312042236,
          0.09916800260543823,
          0.10310400277376175,
          0.12492799758911133,
          0.11494400352239609,
          0.13663999736309052,
          0.09798400104045868,
          0.1021760031580925,
          0.1355839967727661,
          0.10400000214576721,
          0.10150399804115295,
          0.10211200267076492,
          0.1069440022110939,
          0.10735999792814255,
          0.09673599898815155,
          0.09852799773216248,
          0.12067200243473053,
          0.12003199756145477,
          0.10262399911880493,
          0.11644800007343292
        ],
        [
          0.1154559999704361,
          0.12303999811410904,
          0.12387199699878693,
          0.12348800152540207,
          0.11843200027942657,
          0.11859200149774551,
          0.1207680031657219,
          0.11753600090742111,
          0.12144000083208084,
          0.11807999759912491,
          0.1316159963607788,
          0.11568000167608261,
          0.1199679970741272,
          0.11049599945545197,
          0.10636799782514572,
          0.13353599607944489,
          0.11744000017642975,
          0.11276800185441971,
          0.1273919939994812,
          0.11999999731779099,
          0.12204799801111221,
          0.12265600264072418,
          0.11910399794578552,
          0.12166400253772736,
          0.11990399658679962,
          0.1207360029220581,
          0.13305599987506866,
          0.10534399747848511,
          0.10953599959611893,
          0.10899200290441513
        ],
        [
          0.11843200027942657,
          0.11919999867677689,
          0.1239359974861145,
          0.1212799996137619,
          0.1210239976644516,
          0.12166400253772736,
          0.1167680025100708,
          0.11695999652147293,
          0.12185599654912949,
          0.10793600231409073,
          0.12495999783277512,
          0.11433599889278412,
          0.12006399780511856,
          0.12476799637079239,
          0.11289600282907486,
          0.12646399438381195,
          0.11446399986743927,
          0.11446399986743927,
          0.12800000607967377,
          0.12118399888277054,
          0.12099199742078781,
          0.1239359974861145,
          0.11555200070142746,
          0.11401599645614624,
          0.12156800180673599,
          0.11990399658679962,
          0.13424000144004822,
          0.11107199639081955,
          0.11884800344705582,
          0.12588800489902496
        ],
        [
          0.10326399654150009,
          0.1088000014424324,
          0.11926399916410446,
          0.1239359974861145,
          0.12006399780511856,
          0.12019199877977371,
          0.12169600278139114,
          0.118367999792099,
          0.11097600311040878,
          0.1082879975438118,
          0.12665599584579468,
          0.11747200042009354,
          0.12115199863910675,
          0.11414399743080139,
          0.11619199812412262,
          0.13334399461746216,
          0.11449600011110306,
          0.11414399743080139,
          0.1225920021533966,
          0.11878400295972824,
          0.11593600362539291,
          0.11472000181674957,
          0.11929599940776825,
          0.11340799927711487,
          0.11823999881744385,
          0.1165120005607605,
          0.13094399869441986,
          0.1186240017414093,
          0.11788800358772278,
          0.12323199957609177
        ]
      ],
      "rank_max_samples_ms": [
        0.11843200027942657,
        0.12316799908876419,
        0.1239359974861145,
        0.1239359974861145,
        0.1210239976644516,
        0.12166400253772736,
        0.12169600278139114,
        0.118367999792099,
        0.12185599654912949,
        0.11807999759912491,
        0.1316159963607788,
        0.11747200042009354,
        0.12115199863910675,
        0.12492799758911133,
        0.11619199812412262,
        0.13663999736309052,
        0.11744000017642975,
        0.11446399986743927,
        0.1355839967727661,
        0.12118399888277054,
        0.12204799801111221,
        0.1239359974861145,
        0.11929599940776825,
        0.12166400253772736,
        0.12156800180673599,
        0.1207360029220581,
        0.13424000144004822,
        0.12003199756145477,
        0.11884800344705582,
        0.12588800489902496
      ]
    },
    "natural_runtime_layout_and_payload_dispatch": {
      "maximum_ms": 0.3421440124511719,
      "mean_ms": 0.2742741326491038,
      "median_ms": 0.2715680003166199,
      "minimum_ms": 0.2650879919528961,
      "per_rank_samples_ms": [
        [
          0.2639999985694885,
          0.2698560059070587,
          0.26681599020957947,
          0.2707520127296448,
          0.2675839960575104,
          0.2703999876976013,
          0.26822400093078613,
          0.27215999364852905,
          0.2743679881095886,
          0.2924799919128418,
          0.27033600211143494,
          0.3421440124511719,
          0.2682560086250305,
          0.2730880081653595,
          0.2675839960575104,
          0.2746559977531433,
          0.2699519991874695,
          0.27030399441719055,
          0.2727679908275604,
          0.2678399980068207,
          0.271232008934021,
          0.27375999093055725,
          0.26767998933792114,
          0.273824006319046,
          0.2738560140132904,
          0.2686080038547516,
          0.27292799949645996,
          0.27209600806236267,
          0.26447999477386475,
          0.2691519856452942
        ],
        [
          0.27427199482917786,
          0.2709760069847107,
          0.2699199914932251,
          0.2739199995994568,
          0.27008000016212463,
          0.26899200677871704,
          0.26895999908447266,
          0.27209600806236267,
          0.2728959918022156,
          0.2871359884738922,
          0.2662400007247925,
          0.338591992855072,
          0.26950401067733765,
          0.2707520127296448,
          0.268095999956131,
          0.26793599128723145,
          0.2669120132923126,
          0.27190399169921875,
          0.27052798867225647,
          0.2662079930305481,
          0.26953598856925964,
          0.265855997800827,
          0.2638719975948334,
          0.27158400416374207,
          0.262688010931015,
          0.264384001493454,
          0.27209600806236267,
          0.2682560086250305,
          0.2650879919528961,
          0.26790401339530945
        ],
        [
          0.2672959864139557,
          0.2645440101623535,
          0.2672959864139557,
          0.2658880054950714,
          0.26335999369621277,
          0.26492801308631897,
          0.2627840042114258,
          0.2629759907722473,
          0.2658880054950714,
          0.2876160144805908,
          0.26345598697662354,
          0.33446401357650757,
          0.2638719975948334,
          0.2677119970321655,
          0.26524800062179565,
          0.26396799087524414,
          0.26579201221466064,
          0.266431987285614,
          0.26342400908470154,
          0.26393601298332214,
          0.2656959891319275,
          0.2650560140609741,
          0.2630400061607361,
          0.2673279941082001,
          0.2627840042114258,
          0.26688000559806824,
          0.2682560086250305,
          0.2669120132923126,
          0.26182401180267334,
          0.2651199996471405
        ],
        [
          0.27299201488494873,
          0.27004799246788025,
          0.2709119915962219,
          0.2749119997024536,
          0.2678079903125763,
          0.26867198944091797,
          0.2674880027770996,
          0.2664960026741028,
          0.2714880108833313,
          0.2926720082759857,
          0.2653439939022064,
          0.33744001388549805,
          0.2650560140609741,
          0.2699519991874695,
          0.26521599292755127,
          0.26604801416397095,
          0.2666560113430023,
          0.2659839987754822,
          0.2662079930305481,
          0.26684799790382385,
          0.2710399925708771,
          0.26767998933792114,
          0.2653760015964508,
          0.26950401067733765,
          0.2666879892349243,
          0.2674559950828552,
          0.2727360129356384,
          0.2694399952888489,
          0.26425600051879883,
          0.26790401339530945
        ]
      ],
      "rank_max_samples_ms": [
        0.27427199482917786,
        0.2709760069847107,
        0.2709119915962219,
        0.2749119997024536,
        0.27008000016212463,
        0.2703999876976013,
        0.26895999908447266,
        0.27215999364852905,
        0.2743679881095886,
        0.2926720082759857,
        0.27033600211143494,
        0.3421440124511719,
        0.26950401067733765,
        0.2730880081653595,
        0.268095999956131,
        0.2746559977531433,
        0.2699519991874695,
        0.27190399169921875,
        0.2727679908275604,
        0.2678399980068207,
        0.271232008934021,
        0.27375999093055725,
        0.26767998933792114,
        0.273824006319046,
        0.2738560140132904,
        0.2686080038547516,
        0.27292799949645996,
        0.27209600806236267,
        0.2650879919528961,
        0.2691519856452942
      ]
    },
    "natural_shuttle_post_route": {
      "maximum_ms": 4.143904209136963,
      "mean_ms": 4.058246405919393,
      "median_ms": 4.049920082092285,
      "minimum_ms": 3.9562559127807617,
      "per_rank_samples_ms": [
        [
          3.938080072402954,
          3.9599039554595947,
          4.031680107116699,
          4.136447906494141,
          4.127647876739502,
          4.1064958572387695,
          4.135712146759033,
          4.125279903411865,
          4.139584064483643,
          4.123167991638184,
          4.141056060791016,
          4.104991912841797,
          4.036448001861572,
          4.024991989135742,
          4.030272006988525,
          4.025119781494141,
          4.020544052124023,
          4.052832126617432,
          4.056191921234131,
          4.061376094818115,
          4.047008037567139,
          4.024767875671387,
          4.024608135223389,
          3.976576089859009,
          3.9731199741363525,
          3.965951919555664,
          4.007040023803711,
          4.064000129699707,
          4.120736122131348,
          4.124351978302002
        ],
        [
          3.949023962020874,
          3.9685440063476562,
          4.025599956512451,
          4.134175777435303,
          4.127615928649902,
          4.106048107147217,
          4.131872177124023,
          4.123456001281738,
          4.143904209136963,
          4.120448112487793,
          4.139647960662842,
          4.100319862365723,
          4.0299201011657715,
          4.021312236785889,
          4.0266242027282715,
          4.019040107727051,
          4.015744209289551,
          4.047296047210693,
          4.052576065063477,
          4.058527946472168,
          4.042975902557373,
          4.022208213806152,
          4.025184154510498,
          3.970304012298584,
          3.9658560752868652,
          3.9632959365844727,
          4.002719879150391,
          4.064896106719971,
          4.116543769836426,
          4.116640090942383
        ],
        [
          3.953279972076416,
          3.9715518951416016,
          4.026336193084717,
          4.130559921264648,
          4.125984191894531,
          4.1030402183532715,
          4.129248142242432,
          4.123839855194092,
          4.139232158660889,
          4.123871803283691,
          4.1374077796936035,
          4.100480079650879,
          4.0316481590271,
          4.023839950561523,
          4.026400089263916,
          4.0174078941345215,
          4.016384124755859,
          4.0415358543396,
          4.049920082092285,
          4.056735992431641,
          4.040895938873291,
          4.02239990234375,
          4.023392200469971,
          3.9682559967041016,
          3.9640960693359375,
          3.967008113861084,
          4.00275182723999,
          4.062528133392334,
          4.114304065704346,
          4.118624210357666
        ],
        [
          3.9562559127807617,
          3.975584030151367,
          4.019392013549805,
          4.122015953063965,
          4.118815898895264,
          4.098048210144043,
          4.1299519538879395,
          4.113503932952881,
          4.131455898284912,
          4.116608142852783,
          4.132192134857178,
          4.0887041091918945,
          4.021984100341797,
          4.013535976409912,
          4.015647888183594,
          4.009568214416504,
          4.004415988922119,
          4.036479949951172,
          4.041024208068848,
          4.047039985656738,
          4.033535957336426,
          4.014656066894531,
          4.013023853302002,
          3.961535930633545,
          3.959968090057373,
          3.95686411857605,
          3.993407964706421,
          4.0584001541137695,
          4.106880187988281,
          4.1108479499816895
        ]
      ],
      "rank_max_samples_ms": [
        3.9562559127807617,
        3.975584030151367,
        4.031680107116699,
        4.136447906494141,
        4.127647876739502,
        4.1064958572387695,
        4.135712146759033,
        4.125279903411865,
        4.143904209136963,
        4.123871803283691,
        4.141056060791016,
        4.104991912841797,
        4.036448001861572,
        4.024991989135742,
        4.030272006988525,
        4.025119781494141,
        4.020544052124023,
        4.052832126617432,
        4.056191921234131,
        4.061376094818115,
        4.047008037567139,
        4.024767875671387,
        4.025184154510498,
        3.976576089859009,
        3.9731199741363525,
        3.967008113861084,
        4.007040023803711,
        4.064896106719971,
        4.120736122131348,
        4.124351978302002
      ]
    },
    "official_combine_with_shared_bias": {
      "maximum_ms": 0.2959679961204529,
      "mean_ms": 0.2713610659042994,
      "median_ms": 0.2691200077533722,
      "minimum_ms": 0.2637760043144226,
      "per_rank_samples_ms": [
        [
          0.26870399713516235,
          0.2795200049877167,
          0.26998400688171387,
          0.2651520073413849,
          0.2707839906215668,
          0.2632319927215576,
          0.2653439939022064,
          0.27510398626327515,
          0.2677760124206543,
          0.2730239927768707,
          0.26815998554229736,
          0.27811199426651,
          0.27398398518562317,
          0.27324798703193665,
          0.26796799898147583,
          0.27299201488494873,
          0.2680320143699646,
          0.2709760069847107,
          0.26470398902893066,
          0.26531198620796204,
          0.26796799898147583,
          0.2685759961605072,
          0.26790401339530945,
          0.271232008934021,
          0.2683520019054413,
          0.268095999956131,
          0.2959679961204529,
          0.2637439966201782,
          0.2629759907722473,
          0.26444798707962036
        ],
        [
          0.26796799898147583,
          0.27926400303840637,
          0.2614080011844635,
          0.26419198513031006,
          0.263808012008667,
          0.2664960026741028,
          0.2629759907722473,
          0.2640640139579773,
          0.2629759907722473,
          0.26287999749183655,
          0.2643199861049652,
          0.26361599564552307,
          0.2633279860019684,
          0.26208001375198364,
          0.26371198892593384,
          0.25862398743629456,
          0.2619839906692505,
          0.2619200050830841,
          0.2669439911842346,
          0.2614719867706299,
          0.2656320035457611,
          0.26291200518608093,
          0.26579201221466064,
          0.26368001103401184,
          0.26208001375198364,
          0.2666879892349243,
          0.2794559895992279,
          0.25920000672340393,
          0.26899200677871704,
          0.26841598749160767
        ],
        [
          0.2808000147342682,
          0.2750079929828644,
          0.2637439966201782,
          0.2728959918022156,
          0.2677440047264099,
          0.263264000415802,
          0.26025599241256714,
          0.2627840042114258,
          0.2611840069293976,
          0.26150399446487427,
          0.2616960108280182,
          0.26528000831604004,
          0.2620159983634949,
          0.2618879973888397,
          0.26419198513031006,
          0.2584959864616394,
          0.26335999369621277,
          0.2662400007247925,
          0.26131200790405273,
          0.2640959918498993,
          0.2653760015964508,
          0.2682560086250305,
          0.26134398579597473,
          0.2640320062637329,
          0.26313599944114685,
          0.26492801308631897,
          0.26230400800704956,
          0.2563199996948242,
          0.2584640085697174,
          0.25945600867271423
        ],
        [
          0.27375999093055725,
          0.2800000011920929,
          0.2602880001068115,
          0.2752319872379303,
          0.270687997341156,
          0.262719988822937,
          0.25945600867271423,
          0.2696320116519928,
          0.26393601298332214,
          0.26796799898147583,
          0.2624639868736267,
          0.26819199323654175,
          0.26495999097824097,
          0.2694079875946045,
          0.26924800872802734,
          0.26361599564552307,
          0.2613759934902191,
          0.2699519991874695,
          0.26451200246810913,
          0.2635520100593567,
          0.2669120132923126,
          0.26128000020980835,
          0.266431987285614,
          0.26256000995635986,
          0.26476800441741943,
          0.26390400528907776,
          0.2711679935455322,
          0.2637760043144226,
          0.2680639922618866,
          0.26262399554252625
        ]
      ],
      "rank_max_samples_ms": [
        0.2808000147342682,
        0.2800000011920929,
        0.26998400688171387,
        0.2752319872379303,
        0.2707839906215668,
        0.2664960026741028,
        0.2653439939022064,
        0.27510398626327515,
        0.2677760124206543,
        0.2730239927768707,
        0.26815998554229736,
        0.27811199426651,
        0.27398398518562317,
        0.27324798703193665,
        0.26924800872802734,
        0.27299201488494873,
        0.2680320143699646,
        0.2709760069847107,
        0.2669439911842346,
        0.26531198620796204,
        0.26796799898147583,
        0.2685759961605072,
        0.26790401339530945,
        0.271232008934021,
        0.2683520019054413,
        0.268095999956131,
        0.2959679961204529,
        0.2637760043144226,
        0.26899200677871704,
        0.26841598749160767
      ]
    },
    "official_dispatch_combine_identity": {
      "maximum_ms": 0.4668160080909729,
      "mean_ms": 0.4601599991321564,
      "median_ms": 0.45931200683116913,
      "minimum_ms": 0.45500800013542175,
      "per_rank_samples_ms": [
        [
          0.4599359929561615,
          0.46214398741722107,
          0.4623680114746094,
          0.45500800013542175,
          0.4646399915218353,
          0.45903998613357544,
          0.45926401019096375,
          0.46086400747299194,
          0.45817598700523376,
          0.4591040015220642,
          0.457504004240036,
          0.45871999859809875,
          0.45660799741744995,
          0.45897600054740906,
          0.46115198731422424,
          0.4593600034713745,
          0.4639039933681488,
          0.4668160080909729,
          0.4585599899291992,
          0.4540160000324249,
          0.4582720100879669,
          0.45900800824165344,
          0.45871999859809875,
          0.46428799629211426,
          0.46057599782943726,
          0.460640013217926,
          0.45558398962020874,
          0.46054399013519287,
          0.4635840058326721,
          0.4503999948501587
        ],
        [
          0.4561600089073181,
          0.45206400752067566,
          0.4548160135746002,
          0.451200008392334,
          0.45680001378059387,
          0.4490559995174408,
          0.45187199115753174,
          0.4538240134716034,
          0.4514879882335663,
          0.4519360065460205,
          0.45311999320983887,
          0.45097601413726807,
          0.45206400752067566,
          0.45344001054763794,
          0.4498879909515381,
          0.4567039906978607,
          0.45497599244117737,
          0.4529919922351837,
          0.44736000895500183,
          0.45475199818611145,
          0.4548479914665222,
          0.45657598972320557,
          0.4498560130596161,
          0.4522239863872528,
          0.4519360065460205,
          0.4491199851036072,
          0.4548479914665222,
          0.4533120095729828,
          0.4558719992637634,
          0.4538879990577698
        ],
        [
          0.4582720100879669,
          0.4590719938278198,
          0.46009600162506104,
          0.4525119960308075,
          0.4562560021877289,
          0.4548799991607666,
          0.45151999592781067,
          0.4575999975204468,
          0.45081600546836853,
          0.4546560049057007,
          0.45583999156951904,
          0.45452800393104553,
          0.45347198843955994,
          0.45635199546813965,
          0.45664000511169434,
          0.45292800664901733,
          0.45763200521469116,
          0.45686399936676025,
          0.4570559859275818,
          0.4580479860305786,
          0.45241600275039673,
          0.4593279957771301,
          0.45180800557136536,
          0.4546239972114563,
          0.4527040123939514,
          0.4569920003414154,
          0.4577920138835907,
          0.4567680060863495,
          0.45817598700523376,
          0.4527359902858734
        ],
        [
          0.45449599623680115,
          0.4577920138835907,
          0.4588800072669983,
          0.45471999049186707,
          0.4548479914665222,
          0.456928014755249,
          0.455487996339798,
          0.4573439955711365,
          0.45161598920822144,
          0.4572800099849701,
          0.45558398962020874,
          0.4567680060863495,
          0.4540799856185913,
          0.4572800099849701,
          0.4493440091609955,
          0.45072001218795776,
          0.4599680006504059,
          0.45843198895454407,
          0.4546239972114563,
          0.4561919867992401,
          0.45235198736190796,
          0.46329599618911743,
          0.45260798931121826,
          0.45423999428749084,
          0.4572159945964813,
          0.46000000834465027,
          0.45715200901031494,
          0.45769599080085754,
          0.4601919949054718,
          0.45689600706100464
        ]
      ],
      "rank_max_samples_ms": [
        0.4599359929561615,
        0.46214398741722107,
        0.4623680114746094,
        0.45500800013542175,
        0.4646399915218353,
        0.45903998613357544,
        0.45926401019096375,
        0.46086400747299194,
        0.45817598700523376,
        0.4591040015220642,
        0.457504004240036,
        0.45871999859809875,
        0.45660799741744995,
        0.45897600054740906,
        0.46115198731422424,
        0.4593600034713745,
        0.4639039933681488,
        0.4668160080909729,
        0.4585599899291992,
        0.4580479860305786,
        0.4582720100879669,
        0.46329599618911743,
        0.45871999859809875,
        0.46428799629211426,
        0.46057599782943726,
        0.460640013217926,
        0.4577920138835907,
        0.46054399013519287,
        0.4635840058326721,
        0.45689600706100464
      ]
    },
    "payload_reverse_transport_and_generated_merge": {
      "maximum_ms": 0.3144319951534271,
      "mean_ms": 0.3021322667598724,
      "median_ms": 0.3015040010213852,
      "minimum_ms": 0.29625600576400757,
      "per_rank_samples_ms": [
        [
          0.30687999725341797,
          0.2972800135612488,
          0.30166399478912354,
          0.3022400140762329,
          0.3054719865322113,
          0.3035840094089508,
          0.3003840148448944,
          0.31148800253868103,
          0.302047997713089,
          0.30432000756263733,
          0.3010239899158478,
          0.29625600576400757,
          0.3004159927368164,
          0.3027839958667755,
          0.3064959943294525,
          0.2993279993534088,
          0.30796799063682556,
          0.3019520044326782,
          0.29654398560523987,
          0.30217599868774414,
          0.3006399869918823,
          0.2953599989414215,
          0.2991040050983429,
          0.29548799991607666,
          0.2983039915561676,
          0.30377599596977234,
          0.30035200715065,
          0.29900801181793213,
          0.297760009765625,
          0.29446399211883545
        ],
        [
          0.3144319951534271,
          0.30316799879074097,
          0.30028799176216125,
          0.3035840094089508,
          0.29712000489234924,
          0.29945600032806396,
          0.2964160144329071,
          0.30799999833106995,
          0.2973119914531708,
          0.30006399750709534,
          0.29865598678588867,
          0.2956160008907318,
          0.2947840094566345,
          0.297760009765625,
          0.3001919984817505,
          0.29471999406814575,
          0.2993920147418976,
          0.2970559895038605,
          0.29766398668289185,
          0.29760000109672546,
          0.2948479950428009,
          0.298335999250412,
          0.2937279939651489,
          0.2954240143299103,
          0.2986240088939667,
          0.2987520098686218,
          0.2921279966831207,
          0.2959359884262085,
          0.29423999786376953,
          0.2948479950428009
        ],
        [
          0.31407999992370605,
          0.29407998919487,
          0.2973119914531708,
          0.29548799991607666,
          0.2970559895038605,
          0.2958720028400421,
          0.29555198550224304,
          0.3072960078716278,
          0.30297601222991943,
          0.3006080090999603,
          0.29945600032806396,
          0.2941119968891144,
          0.29865598678588867,
          0.3012160062789917,
          0.30182400345802307,
          0.29760000109672546,
          0.3028799891471863,
          0.29820799827575684,
          0.2959679961204529,
          0.29840001463890076,
          0.2978239953517914,
          0.2969279885292053,
          0.2953599989414215,
          0.2973119914531708,
          0.2982720136642456,
          0.29836800694465637,
          0.29817599058151245,
          0.2973119914531708,
          0.298911988735199,
          0.29337599873542786
        ],
        [
          0.31276801228523254,
          0.30086401104927063,
          0.29843199253082275,
          0.2983039915561676,
          0.3019840121269226,
          0.29305601119995117,
          0.2984960079193115,
          0.3084479868412018,
          0.3009920120239258,
          0.2999359965324402,
          0.3005119860172272,
          0.29151999950408936,
          0.29929599165916443,
          0.3028160035610199,
          0.2974399924278259,
          0.29686400294303894,
          0.302623987197876,
          0.29340800642967224,
          0.2978239953517914,
          0.29763200879096985,
          0.2956480085849762,
          0.29468798637390137,
          0.2973119914531708,
          0.2971839904785156,
          0.30134400725364685,
          0.2978239953517914,
          0.296671986579895,
          0.2956480085849762,
          0.29635199904441833,
          0.29785600304603577
        ]
      ],
      "rank_max_samples_ms": [
        0.3144319951534271,
        0.30316799879074097,
        0.30166399478912354,
        0.3035840094089508,
        0.3054719865322113,
        0.3035840094089508,
        0.3003840148448944,
        0.31148800253868103,
        0.30297601222991943,
        0.30432000756263733,
        0.3010239899158478,
        0.29625600576400757,
        0.3004159927368164,
        0.3028160035610199,
        0.3064959943294525,
        0.2993279993534088,
        0.30796799063682556,
        0.3019520044326782,
        0.2978239953517914,
        0.30217599868774414,
        0.3006399869918823,
        0.298335999250412,
        0.2991040050983429,
        0.2973119914531708,
        0.30134400725364685,
        0.30377599596977234,
        0.30035200715065,
        0.29900801181793213,
        0.298911988735199,
        0.29785600304603577
      ]
    }
  }
}
/tmp/mok-route-env/lib/python3.12/site-packages/torch/distributed/c10d_logger.py:83: UserWarning: barrier(): using the device under current context. You can specify `device_id` in `init_process_group` to mute this warning.
  return func(*args, **kwargs)
