/tmp/mok-route-env/lib/python3.12/site-packages/torch/distributed/c10d_logger.py:83: UserWarning: barrier(): using the device under current context. You can specify `device_id` in `init_process_group` to mute this warning.
  return func(*args, **kwargs)
/tmp/mok-route-env/lib/python3.12/site-packages/torch/distributed/c10d_logger.py:83: UserWarning: barrier(): using the device under current context. You can specify `device_id` in `init_process_group` to mute this warning.
  return func(*args, **kwargs)
/tmp/mok-route-env/lib/python3.12/site-packages/torch/distributed/c10d_logger.py:83: UserWarning: barrier(): using the device under current context. You can specify `device_id` in `init_process_group` to mute this warning.
  return func(*args, **kwargs)
/tmp/mok-route-env/lib/python3.12/site-packages/torch/distributed/c10d_logger.py:83: UserWarning: barrier(): using the device under current context. You can specify `device_id` in `init_process_group` to mute this warning.
  return func(*args, **kwargs)
/tmp/mok-route-env/lib/python3.12/site-packages/torch/distributed/c10d_logger.py:83: UserWarning: barrier(): using the device under current context. You can specify `device_id` in `init_process_group` to mute this warning.
  return func(*args, **kwargs)
/tmp/mok-route-env/lib/python3.12/site-packages/torch/distributed/c10d_logger.py:83: UserWarning: barrier(): using the device under current context. You can specify `device_id` in `init_process_group` to mute this warning.
  return func(*args, **kwargs)
/tmp/mok-route-env/lib/python3.12/site-packages/torch/distributed/c10d_logger.py:83: UserWarning: barrier(): using the device under current context. You can specify `device_id` in `init_process_group` to mute this warning.
  return func(*args, **kwargs)
/tmp/mok-route-env/lib/python3.12/site-packages/torch/distributed/c10d_logger.py:83: UserWarning: barrier(): using the device under current context. You can specify `device_id` in `init_process_group` to mute this warning.
  return func(*args, **kwargs)
/tmp/mok-route-env/lib/python3.12/site-packages/torch/distributed/c10d_logger.py:83: UserWarning: barrier(): using the device under current context. You can specify `device_id` in `init_process_group` to mute this warning.
  return func(*args, **kwargs)
/tmp/mok-route-env/lib/python3.12/site-packages/torch/distributed/c10d_logger.py:83: UserWarning: barrier(): using the device under current context. You can specify `device_id` in `init_process_group` to mute this warning.
  return func(*args, **kwargs)
/tmp/mok-route-env/lib/python3.12/site-packages/torch/distributed/c10d_logger.py:83: UserWarning: barrier(): using the device under current context. You can specify `device_id` in `init_process_group` to mute this warning.
  return func(*args, **kwargs)
/tmp/mok-route-env/lib/python3.12/site-packages/torch/distributed/c10d_logger.py:83: UserWarning: barrier(): using the device under current context. You can specify `device_id` in `init_process_group` to mute this warning.
  return func(*args, **kwargs)
/tmp/mok-route-env/lib/python3.12/site-packages/torch/distributed/c10d_logger.py:83: UserWarning: barrier(): using the device under current context. You can specify `device_id` in `init_process_group` to mute this warning.
  return func(*args, **kwargs)
/tmp/mok-route-env/lib/python3.12/site-packages/torch/distributed/c10d_logger.py:83: UserWarning: barrier(): using the device under current context. You can specify `device_id` in `init_process_group` to mute this warning.
  return func(*args, **kwargs)
/tmp/mok-route-env/lib/python3.12/site-packages/torch/distributed/c10d_logger.py:83: UserWarning: barrier(): using the device under current context. You can specify `device_id` in `init_process_group` to mute this warning.
  return func(*args, **kwargs)
/tmp/mok-route-env/lib/python3.12/site-packages/torch/distributed/c10d_logger.py:83: UserWarning: barrier(): using the device under current context. You can specify `device_id` in `init_process_group` to mute this warning.
  return func(*args, **kwargs)
/tmp/mok-route-env/lib/python3.12/site-packages/torch/distributed/c10d_logger.py:83: UserWarning: barrier(): using the device under current context. You can specify `device_id` in `init_process_group` to mute this warning.
  return func(*args, **kwargs)
{
  "benchmark": "four_rank_deepep_compiler_relation_mok_primitives",
  "candidate": {
    "exchange_implementation": "deepep",
    "exchange_workers": 56,
    "fingerprint_sha256": "471921443713a18236bea4a0df7244ecb016511c88d38326e2e342ef80aebb35",
    "forward_transport": "deepep_dispatch_payload_permutation",
    "gate_up_layout": "concatenated_e_2i_k",
    "materialization_policy": "tile_flow_boundaries",
    "overlap_policy": "shared_expert_with_async_dispatch",
    "reverse_transport": "torch_distributed_all_to_all_single_payload_permutation",
    "segmented_contraction_implementation": "standalone_sm100_grouped_gemm",
    "semantic_merge": "generated_fixed_rank_fold"
  },
  "environment": {
    "clock_policy": "cluster_default_unpinned",
    "command": {
      "argv": [
        "lib/tile_lifetime/benchmarks/backends/gb200_deepep_mok_distributed.py",
        "--routing-source",
        "natural_stablehlo",
        "--stablehlo-fixture",
        "/app/marin/lib/tile_lifetime/tests/fixtures/stablehlo/moe_primary_t2048_h7168_i3072_e384_k6_v1_14_1.mlir.bc.b64",
        "--probe-extension",
        "/tmp/mok-gmm-probe-map-fold-31f600f228/_mok_gmm_probe.cpython-312-aarch64-linux-gnu.so",
        "--mok-root",
        "/tmp/mixture-of-kittens",
        "--deepep-root",
        "/tmp/DeepEP",
        "--shuttle-revision",
        "31f600f22837ec4a3c4c3eaf07c2e4a9a5ddc268",
        "--clock-policy",
        "cluster_default_unpinned",
        "--deepep-sms",
        "56",
        "--gate-up-layout",
        "concatenated_e_2i_k",
        "--warmup",
        "10",
        "--iterations",
        "30",
        "--acceptance-order",
        "oracle_first",
        "--json-output",
        "/tmp/shuttle-map-fold-replay/final-oracle-first.json",
        "--semantic-fixture-output",
        "/tmp/shuttle-map-fold-replay/semantic-final-oracle-first.npz"
      ],
      "environment": {
        "CUDA_CCCL_INCLUDE": "/tmp/mok-route-env/lib/python3.12/site-packages/nvidia/cu13/include/cccl",
        "CUDA_HOME": "/tmp/mok-route-env/lib/python3.12/site-packages/nvidia/cu13",
        "DEEPEP_BUILD_INTRANODE_ONLY": "1",
        "DEEPEP_DISABLE_NVSHMEM": "1",
        "MAX_JOBS": "8",
        "NCCL_SOCKET_IFNAME": "^ibs,ibp,lo,docker,veth,cilium,lxc",
        "TORCH_CUDA_ARCH_LIST": "10.0a"
      },
      "shell": "lib/tile_lifetime/benchmarks/backends/gb200_deepep_mok_distributed.py --routing-source natural_stablehlo --stablehlo-fixture /app/marin/lib/tile_lifetime/tests/fixtures/stablehlo/moe_primary_t2048_h7168_i3072_e384_k6_v1_14_1.mlir.bc.b64 --probe-extension /tmp/mok-gmm-probe-map-fold-31f600f228/_mok_gmm_probe.cpython-312-aarch64-linux-gnu.so --mok-root /tmp/mixture-of-kittens --deepep-root /tmp/DeepEP --shuttle-revision 31f600f22837ec4a3c4c3eaf07c2e4a9a5ddc268 --clock-policy cluster_default_unpinned --deepep-sms 56 --gate-up-layout concatenated_e_2i_k --warmup 10 --iterations 30 --acceptance-order oracle_first --json-output /tmp/shuttle-map-fold-replay/final-oracle-first.json --semantic-fixture-output /tmp/shuttle-map-fold-replay/semantic-final-oracle-first.npz",
      "working_directory": "/app/marin"
    },
    "gpu": "NVIDIA GB200",
    "gpu_telemetry": {
      "by_phase": {
        "compiler_routed_already_dispatched": {
          "after": {
            "field_errors": {},
            "gpus": [
              {
                "clocks.applications.graphics": "[Requested functionality has been deprecated]",
                "clocks.applications.memory": "[Requested functionality has been deprecated]",
                "clocks.current.graphics": "1950",
                "clocks.current.memory": "3996",
                "clocks.current.sm": "1950",
                "clocks.max.graphics": "2062",
                "clocks.max.memory": "3996",
                "clocks.max.sm": "2062",
                "driver_version": "595.71.05",
                "index": "0",
                "name": "NVIDIA GB200",
                "pci.bus_id": "00000008:01:00.0",
                "persistence_mode": "Enabled",
                "power.draw": "356.67",
                "power.limit": "1200.00",
                "pstate": "P0",
                "temperature.gpu": "37",
                "uuid": "GPU-64efb995-783a-a11a-c868-580e18809080"
              },
              {
                "clocks.applications.graphics": "[Requested functionality has been deprecated]",
                "clocks.applications.memory": "[Requested functionality has been deprecated]",
                "clocks.current.graphics": "1950",
                "clocks.current.memory": "3996",
                "clocks.current.sm": "1950",
                "clocks.max.graphics": "2062",
                "clocks.max.memory": "3996",
                "clocks.max.sm": "2062",
                "driver_version": "595.71.05",
                "index": "1",
                "name": "NVIDIA GB200",
                "pci.bus_id": "00000009:01:00.0",
                "persistence_mode": "Enabled",
                "power.draw": "351.99",
                "power.limit": "1200.00",
                "pstate": "P0",
                "temperature.gpu": "37",
                "uuid": "GPU-84233fbe-ed84-cfff-821c-7acc555c2503"
              },
              {
                "clocks.applications.graphics": "[Requested functionality has been deprecated]",
                "clocks.applications.memory": "[Requested functionality has been deprecated]",
                "clocks.current.graphics": "1950",
                "clocks.current.memory": "3996",
                "clocks.current.sm": "1950",
                "clocks.max.graphics": "2062",
                "clocks.max.memory": "3996",
                "clocks.max.sm": "2062",
                "driver_version": "595.71.05",
                "index": "2",
                "name": "NVIDIA GB200",
                "pci.bus_id": "00000018:01:00.0",
                "persistence_mode": "Enabled",
                "power.draw": "355.71",
                "power.limit": "1200.00",
                "pstate": "P0",
                "temperature.gpu": "36",
                "uuid": "GPU-19bf3c4b-1e4c-1afc-3db0-adf098d28d8b"
              },
              {
                "clocks.applications.graphics": "[Requested functionality has been deprecated]",
                "clocks.applications.memory": "[Requested functionality has been deprecated]",
                "clocks.current.graphics": "1950",
                "clocks.current.memory": "3996",
                "clocks.current.sm": "1950",
                "clocks.max.graphics": "2062",
                "clocks.max.memory": "3996",
                "clocks.max.sm": "2062",
                "driver_version": "595.71.05",
                "index": "3",
                "name": "NVIDIA GB200",
                "pci.bus_id": "00000019:01:00.0",
                "persistence_mode": "Enabled",
                "power.draw": "370.49",
                "power.limit": "1200.00",
                "pstate": "P0",
                "temperature.gpu": "37",
                "uuid": "GPU-14a91ec2-4299-59e4-c682-00a36868d987"
              }
            ],
            "topology": {
              "arguments": [
                "nvidia-smi",
                "topo",
                "-m"
              ],
              "returncode": 0,
              "stderr": "",
              "stdout": "\u001b[4mGPU0\tGPU1\tGPU2\tGPU3\tNIC0\tNIC1\tNIC2\tNIC3\tNIC4\tNIC5\tNIC6\tNIC7\tNIC8\tNIC9\tNIC10\tNIC11\tNIC12\tCPU Affinity\tNUMA Affinity\tGPU NUMA ID\u001b[0m\nGPU0\t X \tNV18\tNV18\tNV18\tNODE\tNODE\tSYS\tSYS\tNODE\tNODE\tNODE\tNODE\tNODE\tNODE\tNODE\tNODE\tNODE\t0-71\t0\t\tN/A\nGPU1\tNV18\t X \tNV18\tNV18\tNODE\tNODE\tSYS\tSYS\tNODE\tNODE\tNODE\tNODE\tNODE\tNODE\tNODE\tNODE\tNODE\t0-71\t0\t\tN/A\nGPU2\tNV18\tNV18\t X \tNV18\tSYS\tSYS\tNODE\tNODE\tSYS\tSYS\tSYS\tSYS\tSYS\tSYS\tSYS\tSYS\tSYS\t72-143\t1\t\tN/A\nGPU3\tNV18\tNV18\tNV18\t X \tSYS\tSYS\tNODE\tNODE\tSYS\tSYS\tSYS\tSYS\tSYS\tSYS\tSYS\tSYS\tSYS\t72-143\t1\t\tN/A\nNIC0\tNODE\tNODE\tSYS\tSYS\t X \tNODE\tSYS\tSYS\tNODE\tNODE\tNODE\tNODE\tNODE\tNODE\tNODE\tNODE\tNODE\t\t\t\t\nNIC1\tNODE\tNODE\tSYS\tSYS\tNODE\t X \tSYS\tSYS\tNODE\tNODE\tNODE\tNODE\tNODE\tNODE\tNODE\tNODE\tNODE\t\t\t\t\nNIC2\tSYS\tSYS\tNODE\tNODE\tSYS\tSYS\t X \tNODE\tSYS\tSYS\tSYS\tSYS\tSYS\tSYS\tSYS\tSYS\tSYS\t\t\t\t\nNIC3\tSYS\tSYS\tNODE\tNODE\tSYS\tSYS\tNODE\t X \tSYS\tSYS\tSYS\tSYS\tSYS\tSYS\tSYS\tSYS\tSYS\t\t\t\t\nNIC4\tNODE\tNODE\tSYS\tSYS\tNODE\tNODE\tSYS\tSYS\t X \tPIX\tPIX\tPIX\tPIX\tPIX\tPIX\tPIX\tPIX\t\t\t\t\nNIC5\tNODE\tNODE\tSYS\tSYS\tNODE\tNODE\tSYS\tSYS\tPIX\t X \tPIX\tPIX\tPIX\tPIX\tPIX\tPIX\tPIX\t\t\t\t\nNIC6\tNODE\tNODE\tSYS\tSYS\tNODE\tNODE\tSYS\tSYS\tPIX\tPIX\t X \tPIX\tPIX\tPIX\tPIX\tPIX\tPIX\t\t\t\t\nNIC7\tNODE\tNODE\tSYS\tSYS\tNODE\tNODE\tSYS\tSYS\tPIX\tPIX\tPIX\t X \tPIX\tPIX\tPIX\tPIX\tPIX\t\t\t\t\nNIC8\tNODE\tNODE\tSYS\tSYS\tNODE\tNODE\tSYS\tSYS\tPIX\tPIX\tPIX\tPIX\t X \tPIX\tPIX\tPIX\tPIX\t\t\t\t\nNIC9\tNODE\tNODE\tSYS\tSYS\tNODE\tNODE\tSYS\tSYS\tPIX\tPIX\tPIX\tPIX\tPIX\t X \tPIX\tPIX\tPIX\t\t\t\t\nNIC10\tNODE\tNODE\tSYS\tSYS\tNODE\tNODE\tSYS\tSYS\tPIX\tPIX\tPIX\tPIX\tPIX\tPIX\t X \tPIX\tPIX\t\t\t\t\nNIC11\tNODE\tNODE\tSYS\tSYS\tNODE\tNODE\tSYS\tSYS\tPIX\tPIX\tPIX\tPIX\tPIX\tPIX\tPIX\t X \tPIX\t\t\t\t\nNIC12\tNODE\tNODE\tSYS\tSYS\tNODE\tNODE\tSYS\tSYS\tPIX\tPIX\tPIX\tPIX\tPIX\tPIX\tPIX\tPIX\t X \t\t\t\t\n\nLegend:\n\n  X    = Self\n  SYS  = Connection traversing PCIe as well as the SMP interconnect between NUMA nodes (e.g., QPI/UPI)\n  NODE = Connection traversing PCIe as well as the interconnect between PCIe Host Bridges within a NUMA node\n  PHB  = Connection traversing PCIe as well as a PCIe Host Bridge (typically the CPU)\n  PXB  = Connection traversing multiple PCIe bridges (without traversing the PCIe Host Bridge)\n  PIX  = Connection traversing at most a single PCIe bridge\n  NV#  = Connection traversing a bonded set of # NVLinks\n\nNIC Legend:\n\n  NIC0: ibp0\n  NIC1: ibp1\n  NIC2: ibp2\n  NIC3: ibp3\n  NIC4: mlx5_0\n  NIC5: mlx5_1\n  NIC6: mlx5_2\n  NIC7: mlx5_3\n  NIC8: mlx5_4\n  NIC9: mlx5_5\n  NIC10: mlx5_6\n  NIC11: mlx5_7\n  NIC12: mlx5_8"
            }
          },
          "before": {
            "field_errors": {},
            "gpus": [
              {
                "clocks.applications.graphics": "[Requested functionality has been deprecated]",
                "clocks.applications.memory": "[Requested functionality has been deprecated]",
                "clocks.current.graphics": "1950",
                "clocks.current.memory": "3996",
                "clocks.current.sm": "1950",
                "clocks.max.graphics": "2062",
                "clocks.max.memory": "3996",
                "clocks.max.sm": "2062",
                "driver_version": "595.71.05",
                "index": "0",
                "name": "NVIDIA GB200",
                "pci.bus_id": "00000008:01:00.0",
                "persistence_mode": "Enabled",
                "power.draw": "212.39",
                "power.limit": "1200.00",
                "pstate": "P0",
                "temperature.gpu": "36",
                "uuid": "GPU-64efb995-783a-a11a-c868-580e18809080"
              },
              {
                "clocks.applications.graphics": "[Requested functionality has been deprecated]",
                "clocks.applications.memory": "[Requested functionality has been deprecated]",
                "clocks.current.graphics": "1950",
                "clocks.current.memory": "3996",
                "clocks.current.sm": "1950",
                "clocks.max.graphics": "2062",
                "clocks.max.memory": "3996",
                "clocks.max.sm": "2062",
                "driver_version": "595.71.05",
                "index": "1",
                "name": "NVIDIA GB200",
                "pci.bus_id": "00000009:01:00.0",
                "persistence_mode": "Enabled",
                "power.draw": "203.40",
                "power.limit": "1200.00",
                "pstate": "P0",
                "temperature.gpu": "36",
                "uuid": "GPU-84233fbe-ed84-cfff-821c-7acc555c2503"
              },
              {
                "clocks.applications.graphics": "[Requested functionality has been deprecated]",
                "clocks.applications.memory": "[Requested functionality has been deprecated]",
                "clocks.current.graphics": "1950",
                "clocks.current.memory": "3996",
                "clocks.current.sm": "1950",
                "clocks.max.graphics": "2062",
                "clocks.max.memory": "3996",
                "clocks.max.sm": "2062",
                "driver_version": "595.71.05",
                "index": "2",
                "name": "NVIDIA GB200",
                "pci.bus_id": "00000018:01:00.0",
                "persistence_mode": "Enabled",
                "power.draw": "207.76",
                "power.limit": "1200.00",
                "pstate": "P0",
                "temperature.gpu": "36",
                "uuid": "GPU-19bf3c4b-1e4c-1afc-3db0-adf098d28d8b"
              },
              {
                "clocks.applications.graphics": "[Requested functionality has been deprecated]",
                "clocks.applications.memory": "[Requested functionality has been deprecated]",
                "clocks.current.graphics": "1950",
                "clocks.current.memory": "3996",
                "clocks.current.sm": "1950",
                "clocks.max.graphics": "2062",
                "clocks.max.memory": "3996",
                "clocks.max.sm": "2062",
                "driver_version": "595.71.05",
                "index": "3",
                "name": "NVIDIA GB200",
                "pci.bus_id": "00000019:01:00.0",
                "persistence_mode": "Enabled",
                "power.draw": "228.99",
                "power.limit": "1200.00",
                "pstate": "P0",
                "temperature.gpu": "36",
                "uuid": "GPU-14a91ec2-4299-59e4-c682-00a36868d987"
              }
            ],
            "topology": {
              "arguments": [
                "nvidia-smi",
                "topo",
                "-m"
              ],
              "returncode": 0,
              "stderr": "",
              "stdout": "\u001b[4mGPU0\tGPU1\tGPU2\tGPU3\tNIC0\tNIC1\tNIC2\tNIC3\tNIC4\tNIC5\tNIC6\tNIC7\tNIC8\tNIC9\tNIC10\tNIC11\tNIC12\tCPU Affinity\tNUMA Affinity\tGPU NUMA ID\u001b[0m\nGPU0\t X \tNV18\tNV18\tNV18\tNODE\tNODE\tSYS\tSYS\tNODE\tNODE\tNODE\tNODE\tNODE\tNODE\tNODE\tNODE\tNODE\t0-71\t0\t\tN/A\nGPU1\tNV18\t X \tNV18\tNV18\tNODE\tNODE\tSYS\tSYS\tNODE\tNODE\tNODE\tNODE\tNODE\tNODE\tNODE\tNODE\tNODE\t0-71\t0\t\tN/A\nGPU2\tNV18\tNV18\t X \tNV18\tSYS\tSYS\tNODE\tNODE\tSYS\tSYS\tSYS\tSYS\tSYS\tSYS\tSYS\tSYS\tSYS\t72-143\t1\t\tN/A\nGPU3\tNV18\tNV18\tNV18\t X \tSYS\tSYS\tNODE\tNODE\tSYS\tSYS\tSYS\tSYS\tSYS\tSYS\tSYS\tSYS\tSYS\t72-143\t1\t\tN/A\nNIC0\tNODE\tNODE\tSYS\tSYS\t X \tNODE\tSYS\tSYS\tNODE\tNODE\tNODE\tNODE\tNODE\tNODE\tNODE\tNODE\tNODE\t\t\t\t\nNIC1\tNODE\tNODE\tSYS\tSYS\tNODE\t X \tSYS\tSYS\tNODE\tNODE\tNODE\tNODE\tNODE\tNODE\tNODE\tNODE\tNODE\t\t\t\t\nNIC2\tSYS\tSYS\tNODE\tNODE\tSYS\tSYS\t X \tNODE\tSYS\tSYS\tSYS\tSYS\tSYS\tSYS\tSYS\tSYS\tSYS\t\t\t\t\nNIC3\tSYS\tSYS\tNODE\tNODE\tSYS\tSYS\tNODE\t X \tSYS\tSYS\tSYS\tSYS\tSYS\tSYS\tSYS\tSYS\tSYS\t\t\t\t\nNIC4\tNODE\tNODE\tSYS\tSYS\tNODE\tNODE\tSYS\tSYS\t X \tPIX\tPIX\tPIX\tPIX\tPIX\tPIX\tPIX\tPIX\t\t\t\t\nNIC5\tNODE\tNODE\tSYS\tSYS\tNODE\tNODE\tSYS\tSYS\tPIX\t X \tPIX\tPIX\tPIX\tPIX\tPIX\tPIX\tPIX\t\t\t\t\nNIC6\tNODE\tNODE\tSYS\tSYS\tNODE\tNODE\tSYS\tSYS\tPIX\tPIX\t X \tPIX\tPIX\tPIX\tPIX\tPIX\tPIX\t\t\t\t\nNIC7\tNODE\tNODE\tSYS\tSYS\tNODE\tNODE\tSYS\tSYS\tPIX\tPIX\tPIX\t X \tPIX\tPIX\tPIX\tPIX\tPIX\t\t\t\t\nNIC8\tNODE\tNODE\tSYS\tSYS\tNODE\tNODE\tSYS\tSYS\tPIX\tPIX\tPIX\tPIX\t X \tPIX\tPIX\tPIX\tPIX\t\t\t\t\nNIC9\tNODE\tNODE\tSYS\tSYS\tNODE\tNODE\tSYS\tSYS\tPIX\tPIX\tPIX\tPIX\tPIX\t X \tPIX\tPIX\tPIX\t\t\t\t\nNIC10\tNODE\tNODE\tSYS\tSYS\tNODE\tNODE\tSYS\tSYS\tPIX\tPIX\tPIX\tPIX\tPIX\tPIX\t X \tPIX\tPIX\t\t\t\t\nNIC11\tNODE\tNODE\tSYS\tSYS\tNODE\tNODE\tSYS\tSYS\tPIX\tPIX\tPIX\tPIX\tPIX\tPIX\tPIX\t X \tPIX\t\t\t\t\nNIC12\tNODE\tNODE\tSYS\tSYS\tNODE\tNODE\tSYS\tSYS\tPIX\tPIX\tPIX\tPIX\tPIX\tPIX\tPIX\tPIX\t X \t\t\t\t\n\nLegend:\n\n  X    = Self\n  SYS  = Connection traversing PCIe as well as the SMP interconnect between NUMA nodes (e.g., QPI/UPI)\n  NODE = Connection traversing PCIe as well as the interconnect between PCIe Host Bridges within a NUMA node\n  PHB  = Connection traversing PCIe as well as a PCIe Host Bridge (typically the CPU)\n  PXB  = Connection traversing multiple PCIe bridges (without traversing the PCIe Host Bridge)\n  PIX  = Connection traversing at most a single PCIe bridge\n  NV#  = Connection traversing a bonded set of # NVLinks\n\nNIC Legend:\n\n  NIC0: ibp0\n  NIC1: ibp1\n  NIC2: ibp2\n  NIC3: ibp3\n  NIC4: mlx5_0\n  NIC5: mlx5_1\n  NIC6: mlx5_2\n  NIC7: mlx5_3\n  NIC8: mlx5_4\n  NIC9: mlx5_5\n  NIC10: mlx5_6\n  NIC11: mlx5_7\n  NIC12: mlx5_8"
            }
          }
        },
        "full_coarse_materialized_sequential": {
          "after": {
            "field_errors": {},
            "gpus": [
              {
                "clocks.applications.graphics": "[Requested functionality has been deprecated]",
                "clocks.applications.memory": "[Requested functionality has been deprecated]",
                "clocks.current.graphics": "1950",
                "clocks.current.memory": "3996",
                "clocks.current.sm": "1950",
                "clocks.max.graphics": "2062",
                "clocks.max.memory": "3996",
                "clocks.max.sm": "2062",
                "driver_version": "595.71.05",
                "index": "0",
                "name": "NVIDIA GB200",
                "pci.bus_id": "00000008:01:00.0",
                "persistence_mode": "Enabled",
                "power.draw": "381.20",
                "power.limit": "1200.00",
                "pstate": "P0",
                "temperature.gpu": "37",
                "uuid": "GPU-64efb995-783a-a11a-c868-580e18809080"
              },
              {
                "clocks.applications.graphics": "[Requested functionality has been deprecated]",
                "clocks.applications.memory": "[Requested functionality has been deprecated]",
                "clocks.current.graphics": "1950",
                "clocks.current.memory": "3996",
                "clocks.current.sm": "1950",
                "clocks.max.graphics": "2062",
                "clocks.max.memory": "3996",
                "clocks.max.sm": "2062",
                "driver_version": "595.71.05",
                "index": "1",
                "name": "NVIDIA GB200",
                "pci.bus_id": "00000009:01:00.0",
                "persistence_mode": "Enabled",
                "power.draw": "382.73",
                "power.limit": "1200.00",
                "pstate": "P0",
                "temperature.gpu": "38",
                "uuid": "GPU-84233fbe-ed84-cfff-821c-7acc555c2503"
              },
              {
                "clocks.applications.graphics": "[Requested functionality has been deprecated]",
                "clocks.applications.memory": "[Requested functionality has been deprecated]",
                "clocks.current.graphics": "1950",
                "clocks.current.memory": "3996",
                "clocks.current.sm": "1950",
                "clocks.max.graphics": "2062",
                "clocks.max.memory": "3996",
                "clocks.max.sm": "2062",
                "driver_version": "595.71.05",
                "index": "2",
                "name": "NVIDIA GB200",
                "pci.bus_id": "00000018:01:00.0",
                "persistence_mode": "Enabled",
                "power.draw": "381.81",
                "power.limit": "1200.00",
                "pstate": "P0",
                "temperature.gpu": "37",
                "uuid": "GPU-19bf3c4b-1e4c-1afc-3db0-adf098d28d8b"
              },
              {
                "clocks.applications.graphics": "[Requested functionality has been deprecated]",
                "clocks.applications.memory": "[Requested functionality has been deprecated]",
                "clocks.current.graphics": "1950",
                "clocks.current.memory": "3996",
                "clocks.current.sm": "1950",
                "clocks.max.graphics": "2062",
                "clocks.max.memory": "3996",
                "clocks.max.sm": "2062",
                "driver_version": "595.71.05",
                "index": "3",
                "name": "NVIDIA GB200",
                "pci.bus_id": "00000019:01:00.0",
                "persistence_mode": "Enabled",
                "power.draw": "397.55",
                "power.limit": "1200.00",
                "pstate": "P0",
                "temperature.gpu": "37",
                "uuid": "GPU-14a91ec2-4299-59e4-c682-00a36868d987"
              }
            ],
            "topology": {
              "arguments": [
                "nvidia-smi",
                "topo",
                "-m"
              ],
              "returncode": 0,
              "stderr": "",
              "stdout": "\u001b[4mGPU0\tGPU1\tGPU2\tGPU3\tNIC0\tNIC1\tNIC2\tNIC3\tNIC4\tNIC5\tNIC6\tNIC7\tNIC8\tNIC9\tNIC10\tNIC11\tNIC12\tCPU Affinity\tNUMA Affinity\tGPU NUMA ID\u001b[0m\nGPU0\t X \tNV18\tNV18\tNV18\tNODE\tNODE\tSYS\tSYS\tNODE\tNODE\tNODE\tNODE\tNODE\tNODE\tNODE\tNODE\tNODE\t0-71\t0\t\tN/A\nGPU1\tNV18\t X \tNV18\tNV18\tNODE\tNODE\tSYS\tSYS\tNODE\tNODE\tNODE\tNODE\tNODE\tNODE\tNODE\tNODE\tNODE\t0-71\t0\t\tN/A\nGPU2\tNV18\tNV18\t X \tNV18\tSYS\tSYS\tNODE\tNODE\tSYS\tSYS\tSYS\tSYS\tSYS\tSYS\tSYS\tSYS\tSYS\t72-143\t1\t\tN/A\nGPU3\tNV18\tNV18\tNV18\t X \tSYS\tSYS\tNODE\tNODE\tSYS\tSYS\tSYS\tSYS\tSYS\tSYS\tSYS\tSYS\tSYS\t72-143\t1\t\tN/A\nNIC0\tNODE\tNODE\tSYS\tSYS\t X \tNODE\tSYS\tSYS\tNODE\tNODE\tNODE\tNODE\tNODE\tNODE\tNODE\tNODE\tNODE\t\t\t\t\nNIC1\tNODE\tNODE\tSYS\tSYS\tNODE\t X \tSYS\tSYS\tNODE\tNODE\tNODE\tNODE\tNODE\tNODE\tNODE\tNODE\tNODE\t\t\t\t\nNIC2\tSYS\tSYS\tNODE\tNODE\tSYS\tSYS\t X \tNODE\tSYS\tSYS\tSYS\tSYS\tSYS\tSYS\tSYS\tSYS\tSYS\t\t\t\t\nNIC3\tSYS\tSYS\tNODE\tNODE\tSYS\tSYS\tNODE\t X \tSYS\tSYS\tSYS\tSYS\tSYS\tSYS\tSYS\tSYS\tSYS\t\t\t\t\nNIC4\tNODE\tNODE\tSYS\tSYS\tNODE\tNODE\tSYS\tSYS\t X \tPIX\tPIX\tPIX\tPIX\tPIX\tPIX\tPIX\tPIX\t\t\t\t\nNIC5\tNODE\tNODE\tSYS\tSYS\tNODE\tNODE\tSYS\tSYS\tPIX\t X \tPIX\tPIX\tPIX\tPIX\tPIX\tPIX\tPIX\t\t\t\t\nNIC6\tNODE\tNODE\tSYS\tSYS\tNODE\tNODE\tSYS\tSYS\tPIX\tPIX\t X \tPIX\tPIX\tPIX\tPIX\tPIX\tPIX\t\t\t\t\nNIC7\tNODE\tNODE\tSYS\tSYS\tNODE\tNODE\tSYS\tSYS\tPIX\tPIX\tPIX\t X \tPIX\tPIX\tPIX\tPIX\tPIX\t\t\t\t\nNIC8\tNODE\tNODE\tSYS\tSYS\tNODE\tNODE\tSYS\tSYS\tPIX\tPIX\tPIX\tPIX\t X \tPIX\tPIX\tPIX\tPIX\t\t\t\t\nNIC9\tNODE\tNODE\tSYS\tSYS\tNODE\tNODE\tSYS\tSYS\tPIX\tPIX\tPIX\tPIX\tPIX\t X \tPIX\tPIX\tPIX\t\t\t\t\nNIC10\tNODE\tNODE\tSYS\tSYS\tNODE\tNODE\tSYS\tSYS\tPIX\tPIX\tPIX\tPIX\tPIX\tPIX\t X \tPIX\tPIX\t\t\t\t\nNIC11\tNODE\tNODE\tSYS\tSYS\tNODE\tNODE\tSYS\tSYS\tPIX\tPIX\tPIX\tPIX\tPIX\tPIX\tPIX\t X \tPIX\t\t\t\t\nNIC12\tNODE\tNODE\tSYS\tSYS\tNODE\tNODE\tSYS\tSYS\tPIX\tPIX\tPIX\tPIX\tPIX\tPIX\tPIX\tPIX\t X \t\t\t\t\n\nLegend:\n\n  X    = Self\n  SYS  = Connection traversing PCIe as well as the SMP interconnect between NUMA nodes (e.g., QPI/UPI)\n  NODE = Connection traversing PCIe as well as the interconnect between PCIe Host Bridges within a NUMA node\n  PHB  = Connection traversing PCIe as well as a PCIe Host Bridge (typically the CPU)\n  PXB  = Connection traversing multiple PCIe bridges (without traversing the PCIe Host Bridge)\n  PIX  = Connection traversing at most a single PCIe bridge\n  NV#  = Connection traversing a bonded set of # NVLinks\n\nNIC Legend:\n\n  NIC0: ibp0\n  NIC1: ibp1\n  NIC2: ibp2\n  NIC3: ibp3\n  NIC4: mlx5_0\n  NIC5: mlx5_1\n  NIC6: mlx5_2\n  NIC7: mlx5_3\n  NIC8: mlx5_4\n  NIC9: mlx5_5\n  NIC10: mlx5_6\n  NIC11: mlx5_7\n  NIC12: mlx5_8"
            }
          },
          "before": {
            "field_errors": {},
            "gpus": [
              {
                "clocks.applications.graphics": "[Requested functionality has been deprecated]",
                "clocks.applications.memory": "[Requested functionality has been deprecated]",
                "clocks.current.graphics": "1950",
                "clocks.current.memory": "3996",
                "clocks.current.sm": "1950",
                "clocks.max.graphics": "2062",
                "clocks.max.memory": "3996",
                "clocks.max.sm": "2062",
                "driver_version": "595.71.05",
                "index": "0",
                "name": "NVIDIA GB200",
                "pci.bus_id": "00000008:01:00.0",
                "persistence_mode": "Enabled",
                "power.draw": "213.22",
                "power.limit": "1200.00",
                "pstate": "P0",
                "temperature.gpu": "37",
                "uuid": "GPU-64efb995-783a-a11a-c868-580e18809080"
              },
              {
                "clocks.applications.graphics": "[Requested functionality has been deprecated]",
                "clocks.applications.memory": "[Requested functionality has been deprecated]",
                "clocks.current.graphics": "1950",
                "clocks.current.memory": "3996",
                "clocks.current.sm": "1950",
                "clocks.max.graphics": "2062",
                "clocks.max.memory": "3996",
                "clocks.max.sm": "2062",
                "driver_version": "595.71.05",
                "index": "1",
                "name": "NVIDIA GB200",
                "pci.bus_id": "00000009:01:00.0",
                "persistence_mode": "Enabled",
                "power.draw": "205.46",
                "power.limit": "1200.00",
                "pstate": "P0",
                "temperature.gpu": "37",
                "uuid": "GPU-84233fbe-ed84-cfff-821c-7acc555c2503"
              },
              {
                "clocks.applications.graphics": "[Requested functionality has been deprecated]",
                "clocks.applications.memory": "[Requested functionality has been deprecated]",
                "clocks.current.graphics": "1950",
                "clocks.current.memory": "3996",
                "clocks.current.sm": "1950",
                "clocks.max.graphics": "2062",
                "clocks.max.memory": "3996",
                "clocks.max.sm": "2062",
                "driver_version": "595.71.05",
                "index": "2",
                "name": "NVIDIA GB200",
                "pci.bus_id": "00000018:01:00.0",
                "persistence_mode": "Enabled",
                "power.draw": "210.06",
                "power.limit": "1200.00",
                "pstate": "P0",
                "temperature.gpu": "36",
                "uuid": "GPU-19bf3c4b-1e4c-1afc-3db0-adf098d28d8b"
              },
              {
                "clocks.applications.graphics": "[Requested functionality has been deprecated]",
                "clocks.applications.memory": "[Requested functionality has been deprecated]",
                "clocks.current.graphics": "1950",
                "clocks.current.memory": "3996",
                "clocks.current.sm": "1950",
                "clocks.max.graphics": "2062",
                "clocks.max.memory": "3996",
                "clocks.max.sm": "2062",
                "driver_version": "595.71.05",
                "index": "3",
                "name": "NVIDIA GB200",
                "pci.bus_id": "00000019:01:00.0",
                "persistence_mode": "Enabled",
                "power.draw": "231.66",
                "power.limit": "1200.00",
                "pstate": "P0",
                "temperature.gpu": "36",
                "uuid": "GPU-14a91ec2-4299-59e4-c682-00a36868d987"
              }
            ],
            "topology": {
              "arguments": [
                "nvidia-smi",
                "topo",
                "-m"
              ],
              "returncode": 0,
              "stderr": "",
              "stdout": "\u001b[4mGPU0\tGPU1\tGPU2\tGPU3\tNIC0\tNIC1\tNIC2\tNIC3\tNIC4\tNIC5\tNIC6\tNIC7\tNIC8\tNIC9\tNIC10\tNIC11\tNIC12\tCPU Affinity\tNUMA Affinity\tGPU NUMA ID\u001b[0m\nGPU0\t X \tNV18\tNV18\tNV18\tNODE\tNODE\tSYS\tSYS\tNODE\tNODE\tNODE\tNODE\tNODE\tNODE\tNODE\tNODE\tNODE\t0-71\t0\t\tN/A\nGPU1\tNV18\t X \tNV18\tNV18\tNODE\tNODE\tSYS\tSYS\tNODE\tNODE\tNODE\tNODE\tNODE\tNODE\tNODE\tNODE\tNODE\t0-71\t0\t\tN/A\nGPU2\tNV18\tNV18\t X \tNV18\tSYS\tSYS\tNODE\tNODE\tSYS\tSYS\tSYS\tSYS\tSYS\tSYS\tSYS\tSYS\tSYS\t72-143\t1\t\tN/A\nGPU3\tNV18\tNV18\tNV18\t X \tSYS\tSYS\tNODE\tNODE\tSYS\tSYS\tSYS\tSYS\tSYS\tSYS\tSYS\tSYS\tSYS\t72-143\t1\t\tN/A\nNIC0\tNODE\tNODE\tSYS\tSYS\t X \tNODE\tSYS\tSYS\tNODE\tNODE\tNODE\tNODE\tNODE\tNODE\tNODE\tNODE\tNODE\t\t\t\t\nNIC1\tNODE\tNODE\tSYS\tSYS\tNODE\t X \tSYS\tSYS\tNODE\tNODE\tNODE\tNODE\tNODE\tNODE\tNODE\tNODE\tNODE\t\t\t\t\nNIC2\tSYS\tSYS\tNODE\tNODE\tSYS\tSYS\t X \tNODE\tSYS\tSYS\tSYS\tSYS\tSYS\tSYS\tSYS\tSYS\tSYS\t\t\t\t\nNIC3\tSYS\tSYS\tNODE\tNODE\tSYS\tSYS\tNODE\t X \tSYS\tSYS\tSYS\tSYS\tSYS\tSYS\tSYS\tSYS\tSYS\t\t\t\t\nNIC4\tNODE\tNODE\tSYS\tSYS\tNODE\tNODE\tSYS\tSYS\t X \tPIX\tPIX\tPIX\tPIX\tPIX\tPIX\tPIX\tPIX\t\t\t\t\nNIC5\tNODE\tNODE\tSYS\tSYS\tNODE\tNODE\tSYS\tSYS\tPIX\t X \tPIX\tPIX\tPIX\tPIX\tPIX\tPIX\tPIX\t\t\t\t\nNIC6\tNODE\tNODE\tSYS\tSYS\tNODE\tNODE\tSYS\tSYS\tPIX\tPIX\t X \tPIX\tPIX\tPIX\tPIX\tPIX\tPIX\t\t\t\t\nNIC7\tNODE\tNODE\tSYS\tSYS\tNODE\tNODE\tSYS\tSYS\tPIX\tPIX\tPIX\t X \tPIX\tPIX\tPIX\tPIX\tPIX\t\t\t\t\nNIC8\tNODE\tNODE\tSYS\tSYS\tNODE\tNODE\tSYS\tSYS\tPIX\tPIX\tPIX\tPIX\t X \tPIX\tPIX\tPIX\tPIX\t\t\t\t\nNIC9\tNODE\tNODE\tSYS\tSYS\tNODE\tNODE\tSYS\tSYS\tPIX\tPIX\tPIX\tPIX\tPIX\t X \tPIX\tPIX\tPIX\t\t\t\t\nNIC10\tNODE\tNODE\tSYS\tSYS\tNODE\tNODE\tSYS\tSYS\tPIX\tPIX\tPIX\tPIX\tPIX\tPIX\t X \tPIX\tPIX\t\t\t\t\nNIC11\tNODE\tNODE\tSYS\tSYS\tNODE\tNODE\tSYS\tSYS\tPIX\tPIX\tPIX\tPIX\tPIX\tPIX\tPIX\t X \tPIX\t\t\t\t\nNIC12\tNODE\tNODE\tSYS\tSYS\tNODE\tNODE\tSYS\tSYS\tPIX\tPIX\tPIX\tPIX\tPIX\tPIX\tPIX\tPIX\t X \t\t\t\t\n\nLegend:\n\n  X    = Self\n  SYS  = Connection traversing PCIe as well as the SMP interconnect between NUMA nodes (e.g., QPI/UPI)\n  NODE = Connection traversing PCIe as well as the interconnect between PCIe Host Bridges within a NUMA node\n  PHB  = Connection traversing PCIe as well as a PCIe Host Bridge (typically the CPU)\n  PXB  = Connection traversing multiple PCIe bridges (without traversing the PCIe Host Bridge)\n  PIX  = Connection traversing at most a single PCIe bridge\n  NV#  = Connection traversing a bonded set of # NVLinks\n\nNIC Legend:\n\n  NIC0: ibp0\n  NIC1: ibp1\n  NIC2: ibp2\n  NIC3: ibp3\n  NIC4: mlx5_0\n  NIC5: mlx5_1\n  NIC6: mlx5_2\n  NIC7: mlx5_3\n  NIC8: mlx5_4\n  NIC9: mlx5_5\n  NIC10: mlx5_6\n  NIC11: mlx5_7\n  NIC12: mlx5_8"
            }
          }
        },
        "full_generated_overlap_shared_with_async_dispatch": {
          "after": {
            "field_errors": {},
            "gpus": [
              {
                "clocks.applications.graphics": "[Requested functionality has been deprecated]",
                "clocks.applications.memory": "[Requested functionality has been deprecated]",
                "clocks.current.graphics": "1950",
                "clocks.current.memory": "3996",
                "clocks.current.sm": "1950",
                "clocks.max.graphics": "2062",
                "clocks.max.memory": "3996",
                "clocks.max.sm": "2062",
                "driver_version": "595.71.05",
                "index": "0",
                "name": "NVIDIA GB200",
                "pci.bus_id": "00000008:01:00.0",
                "persistence_mode": "Enabled",
                "power.draw": "371.33",
                "power.limit": "1200.00",
                "pstate": "P0",
                "temperature.gpu": "37",
                "uuid": "GPU-64efb995-783a-a11a-c868-580e18809080"
              },
              {
                "clocks.applications.graphics": "[Requested functionality has been deprecated]",
                "clocks.applications.memory": "[Requested functionality has been deprecated]",
                "clocks.current.graphics": "1950",
                "clocks.current.memory": "3996",
                "clocks.current.sm": "1950",
                "clocks.max.graphics": "2062",
                "clocks.max.memory": "3996",
                "clocks.max.sm": "2062",
                "driver_version": "595.71.05",
                "index": "1",
                "name": "NVIDIA GB200",
                "pci.bus_id": "00000009:01:00.0",
                "persistence_mode": "Enabled",
                "power.draw": "372.53",
                "power.limit": "1200.00",
                "pstate": "P0",
                "temperature.gpu": "38",
                "uuid": "GPU-84233fbe-ed84-cfff-821c-7acc555c2503"
              },
              {
                "clocks.applications.graphics": "[Requested functionality has been deprecated]",
                "clocks.applications.memory": "[Requested functionality has been deprecated]",
                "clocks.current.graphics": "1950",
                "clocks.current.memory": "3996",
                "clocks.current.sm": "1950",
                "clocks.max.graphics": "2062",
                "clocks.max.memory": "3996",
                "clocks.max.sm": "2062",
                "driver_version": "595.71.05",
                "index": "2",
                "name": "NVIDIA GB200",
                "pci.bus_id": "00000018:01:00.0",
                "persistence_mode": "Enabled",
                "power.draw": "373.38",
                "power.limit": "1200.00",
                "pstate": "P0",
                "temperature.gpu": "37",
                "uuid": "GPU-19bf3c4b-1e4c-1afc-3db0-adf098d28d8b"
              },
              {
                "clocks.applications.graphics": "[Requested functionality has been deprecated]",
                "clocks.applications.memory": "[Requested functionality has been deprecated]",
                "clocks.current.graphics": "1950",
                "clocks.current.memory": "3996",
                "clocks.current.sm": "1950",
                "clocks.max.graphics": "2062",
                "clocks.max.memory": "3996",
                "clocks.max.sm": "2062",
                "driver_version": "595.71.05",
                "index": "3",
                "name": "NVIDIA GB200",
                "pci.bus_id": "00000019:01:00.0",
                "persistence_mode": "Enabled",
                "power.draw": "390.64",
                "power.limit": "1200.00",
                "pstate": "P0",
                "temperature.gpu": "37",
                "uuid": "GPU-14a91ec2-4299-59e4-c682-00a36868d987"
              }
            ],
            "topology": {
              "arguments": [
                "nvidia-smi",
                "topo",
                "-m"
              ],
              "returncode": 0,
              "stderr": "",
              "stdout": "\u001b[4mGPU0\tGPU1\tGPU2\tGPU3\tNIC0\tNIC1\tNIC2\tNIC3\tNIC4\tNIC5\tNIC6\tNIC7\tNIC8\tNIC9\tNIC10\tNIC11\tNIC12\tCPU Affinity\tNUMA Affinity\tGPU NUMA ID\u001b[0m\nGPU0\t X \tNV18\tNV18\tNV18\tNODE\tNODE\tSYS\tSYS\tNODE\tNODE\tNODE\tNODE\tNODE\tNODE\tNODE\tNODE\tNODE\t0-71\t0\t\tN/A\nGPU1\tNV18\t X \tNV18\tNV18\tNODE\tNODE\tSYS\tSYS\tNODE\tNODE\tNODE\tNODE\tNODE\tNODE\tNODE\tNODE\tNODE\t0-71\t0\t\tN/A\nGPU2\tNV18\tNV18\t X \tNV18\tSYS\tSYS\tNODE\tNODE\tSYS\tSYS\tSYS\tSYS\tSYS\tSYS\tSYS\tSYS\tSYS\t72-143\t1\t\tN/A\nGPU3\tNV18\tNV18\tNV18\t X \tSYS\tSYS\tNODE\tNODE\tSYS\tSYS\tSYS\tSYS\tSYS\tSYS\tSYS\tSYS\tSYS\t72-143\t1\t\tN/A\nNIC0\tNODE\tNODE\tSYS\tSYS\t X \tNODE\tSYS\tSYS\tNODE\tNODE\tNODE\tNODE\tNODE\tNODE\tNODE\tNODE\tNODE\t\t\t\t\nNIC1\tNODE\tNODE\tSYS\tSYS\tNODE\t X \tSYS\tSYS\tNODE\tNODE\tNODE\tNODE\tNODE\tNODE\tNODE\tNODE\tNODE\t\t\t\t\nNIC2\tSYS\tSYS\tNODE\tNODE\tSYS\tSYS\t X \tNODE\tSYS\tSYS\tSYS\tSYS\tSYS\tSYS\tSYS\tSYS\tSYS\t\t\t\t\nNIC3\tSYS\tSYS\tNODE\tNODE\tSYS\tSYS\tNODE\t X \tSYS\tSYS\tSYS\tSYS\tSYS\tSYS\tSYS\tSYS\tSYS\t\t\t\t\nNIC4\tNODE\tNODE\tSYS\tSYS\tNODE\tNODE\tSYS\tSYS\t X \tPIX\tPIX\tPIX\tPIX\tPIX\tPIX\tPIX\tPIX\t\t\t\t\nNIC5\tNODE\tNODE\tSYS\tSYS\tNODE\tNODE\tSYS\tSYS\tPIX\t X \tPIX\tPIX\tPIX\tPIX\tPIX\tPIX\tPIX\t\t\t\t\nNIC6\tNODE\tNODE\tSYS\tSYS\tNODE\tNODE\tSYS\tSYS\tPIX\tPIX\t X \tPIX\tPIX\tPIX\tPIX\tPIX\tPIX\t\t\t\t\nNIC7\tNODE\tNODE\tSYS\tSYS\tNODE\tNODE\tSYS\tSYS\tPIX\tPIX\tPIX\t X \tPIX\tPIX\tPIX\tPIX\tPIX\t\t\t\t\nNIC8\tNODE\tNODE\tSYS\tSYS\tNODE\tNODE\tSYS\tSYS\tPIX\tPIX\tPIX\tPIX\t X \tPIX\tPIX\tPIX\tPIX\t\t\t\t\nNIC9\tNODE\tNODE\tSYS\tSYS\tNODE\tNODE\tSYS\tSYS\tPIX\tPIX\tPIX\tPIX\tPIX\t X \tPIX\tPIX\tPIX\t\t\t\t\nNIC10\tNODE\tNODE\tSYS\tSYS\tNODE\tNODE\tSYS\tSYS\tPIX\tPIX\tPIX\tPIX\tPIX\tPIX\t X \tPIX\tPIX\t\t\t\t\nNIC11\tNODE\tNODE\tSYS\tSYS\tNODE\tNODE\tSYS\tSYS\tPIX\tPIX\tPIX\tPIX\tPIX\tPIX\tPIX\t X \tPIX\t\t\t\t\nNIC12\tNODE\tNODE\tSYS\tSYS\tNODE\tNODE\tSYS\tSYS\tPIX\tPIX\tPIX\tPIX\tPIX\tPIX\tPIX\tPIX\t X \t\t\t\t\n\nLegend:\n\n  X    = Self\n  SYS  = Connection traversing PCIe as well as the SMP interconnect between NUMA nodes (e.g., QPI/UPI)\n  NODE = Connection traversing PCIe as well as the interconnect between PCIe Host Bridges within a NUMA node\n  PHB  = Connection traversing PCIe as well as a PCIe Host Bridge (typically the CPU)\n  PXB  = Connection traversing multiple PCIe bridges (without traversing the PCIe Host Bridge)\n  PIX  = Connection traversing at most a single PCIe bridge\n  NV#  = Connection traversing a bonded set of # NVLinks\n\nNIC Legend:\n\n  NIC0: ibp0\n  NIC1: ibp1\n  NIC2: ibp2\n  NIC3: ibp3\n  NIC4: mlx5_0\n  NIC5: mlx5_1\n  NIC6: mlx5_2\n  NIC7: mlx5_3\n  NIC8: mlx5_4\n  NIC9: mlx5_5\n  NIC10: mlx5_6\n  NIC11: mlx5_7\n  NIC12: mlx5_8"
            }
          },
          "before": {
            "field_errors": {},
            "gpus": [
              {
                "clocks.applications.graphics": "[Requested functionality has been deprecated]",
                "clocks.applications.memory": "[Requested functionality has been deprecated]",
                "clocks.current.graphics": "1950",
                "clocks.current.memory": "3996",
                "clocks.current.sm": "1950",
                "clocks.max.graphics": "2062",
                "clocks.max.memory": "3996",
                "clocks.max.sm": "2062",
                "driver_version": "595.71.05",
                "index": "0",
                "name": "NVIDIA GB200",
                "pci.bus_id": "00000008:01:00.0",
                "persistence_mode": "Enabled",
                "power.draw": "212.81",
                "power.limit": "1200.00",
                "pstate": "P0",
                "temperature.gpu": "37",
                "uuid": "GPU-64efb995-783a-a11a-c868-580e18809080"
              },
              {
                "clocks.applications.graphics": "[Requested functionality has been deprecated]",
                "clocks.applications.memory": "[Requested functionality has been deprecated]",
                "clocks.current.graphics": "1950",
                "clocks.current.memory": "3996",
                "clocks.current.sm": "1950",
                "clocks.max.graphics": "2062",
                "clocks.max.memory": "3996",
                "clocks.max.sm": "2062",
                "driver_version": "595.71.05",
                "index": "1",
                "name": "NVIDIA GB200",
                "pci.bus_id": "00000009:01:00.0",
                "persistence_mode": "Enabled",
                "power.draw": "205.61",
                "power.limit": "1200.00",
                "pstate": "P0",
                "temperature.gpu": "37",
                "uuid": "GPU-84233fbe-ed84-cfff-821c-7acc555c2503"
              },
              {
                "clocks.applications.graphics": "[Requested functionality has been deprecated]",
                "clocks.applications.memory": "[Requested functionality has been deprecated]",
                "clocks.current.graphics": "1950",
                "clocks.current.memory": "3996",
                "clocks.current.sm": "1950",
                "clocks.max.graphics": "2062",
                "clocks.max.memory": "3996",
                "clocks.max.sm": "2062",
                "driver_version": "595.71.05",
                "index": "2",
                "name": "NVIDIA GB200",
                "pci.bus_id": "00000018:01:00.0",
                "persistence_mode": "Enabled",
                "power.draw": "209.10",
                "power.limit": "1200.00",
                "pstate": "P0",
                "temperature.gpu": "36",
                "uuid": "GPU-19bf3c4b-1e4c-1afc-3db0-adf098d28d8b"
              },
              {
                "clocks.applications.graphics": "[Requested functionality has been deprecated]",
                "clocks.applications.memory": "[Requested functionality has been deprecated]",
                "clocks.current.graphics": "1950",
                "clocks.current.memory": "3996",
                "clocks.current.sm": "1950",
                "clocks.max.graphics": "2062",
                "clocks.max.memory": "3996",
                "clocks.max.sm": "2062",
                "driver_version": "595.71.05",
                "index": "3",
                "name": "NVIDIA GB200",
                "pci.bus_id": "00000019:01:00.0",
                "persistence_mode": "Enabled",
                "power.draw": "231.84",
                "power.limit": "1200.00",
                "pstate": "P0",
                "temperature.gpu": "36",
                "uuid": "GPU-14a91ec2-4299-59e4-c682-00a36868d987"
              }
            ],
            "topology": {
              "arguments": [
                "nvidia-smi",
                "topo",
                "-m"
              ],
              "returncode": 0,
              "stderr": "",
              "stdout": "\u001b[4mGPU0\tGPU1\tGPU2\tGPU3\tNIC0\tNIC1\tNIC2\tNIC3\tNIC4\tNIC5\tNIC6\tNIC7\tNIC8\tNIC9\tNIC10\tNIC11\tNIC12\tCPU Affinity\tNUMA Affinity\tGPU NUMA ID\u001b[0m\nGPU0\t X \tNV18\tNV18\tNV18\tNODE\tNODE\tSYS\tSYS\tNODE\tNODE\tNODE\tNODE\tNODE\tNODE\tNODE\tNODE\tNODE\t0-71\t0\t\tN/A\nGPU1\tNV18\t X \tNV18\tNV18\tNODE\tNODE\tSYS\tSYS\tNODE\tNODE\tNODE\tNODE\tNODE\tNODE\tNODE\tNODE\tNODE\t0-71\t0\t\tN/A\nGPU2\tNV18\tNV18\t X \tNV18\tSYS\tSYS\tNODE\tNODE\tSYS\tSYS\tSYS\tSYS\tSYS\tSYS\tSYS\tSYS\tSYS\t72-143\t1\t\tN/A\nGPU3\tNV18\tNV18\tNV18\t X \tSYS\tSYS\tNODE\tNODE\tSYS\tSYS\tSYS\tSYS\tSYS\tSYS\tSYS\tSYS\tSYS\t72-143\t1\t\tN/A\nNIC0\tNODE\tNODE\tSYS\tSYS\t X \tNODE\tSYS\tSYS\tNODE\tNODE\tNODE\tNODE\tNODE\tNODE\tNODE\tNODE\tNODE\t\t\t\t\nNIC1\tNODE\tNODE\tSYS\tSYS\tNODE\t X \tSYS\tSYS\tNODE\tNODE\tNODE\tNODE\tNODE\tNODE\tNODE\tNODE\tNODE\t\t\t\t\nNIC2\tSYS\tSYS\tNODE\tNODE\tSYS\tSYS\t X \tNODE\tSYS\tSYS\tSYS\tSYS\tSYS\tSYS\tSYS\tSYS\tSYS\t\t\t\t\nNIC3\tSYS\tSYS\tNODE\tNODE\tSYS\tSYS\tNODE\t X \tSYS\tSYS\tSYS\tSYS\tSYS\tSYS\tSYS\tSYS\tSYS\t\t\t\t\nNIC4\tNODE\tNODE\tSYS\tSYS\tNODE\tNODE\tSYS\tSYS\t X \tPIX\tPIX\tPIX\tPIX\tPIX\tPIX\tPIX\tPIX\t\t\t\t\nNIC5\tNODE\tNODE\tSYS\tSYS\tNODE\tNODE\tSYS\tSYS\tPIX\t X \tPIX\tPIX\tPIX\tPIX\tPIX\tPIX\tPIX\t\t\t\t\nNIC6\tNODE\tNODE\tSYS\tSYS\tNODE\tNODE\tSYS\tSYS\tPIX\tPIX\t X \tPIX\tPIX\tPIX\tPIX\tPIX\tPIX\t\t\t\t\nNIC7\tNODE\tNODE\tSYS\tSYS\tNODE\tNODE\tSYS\tSYS\tPIX\tPIX\tPIX\t X \tPIX\tPIX\tPIX\tPIX\tPIX\t\t\t\t\nNIC8\tNODE\tNODE\tSYS\tSYS\tNODE\tNODE\tSYS\tSYS\tPIX\tPIX\tPIX\tPIX\t X \tPIX\tPIX\tPIX\tPIX\t\t\t\t\nNIC9\tNODE\tNODE\tSYS\tSYS\tNODE\tNODE\tSYS\tSYS\tPIX\tPIX\tPIX\tPIX\tPIX\t X \tPIX\tPIX\tPIX\t\t\t\t\nNIC10\tNODE\tNODE\tSYS\tSYS\tNODE\tNODE\tSYS\tSYS\tPIX\tPIX\tPIX\tPIX\tPIX\tPIX\t X \tPIX\tPIX\t\t\t\t\nNIC11\tNODE\tNODE\tSYS\tSYS\tNODE\tNODE\tSYS\tSYS\tPIX\tPIX\tPIX\tPIX\tPIX\tPIX\tPIX\t X \tPIX\t\t\t\t\nNIC12\tNODE\tNODE\tSYS\tSYS\tNODE\tNODE\tSYS\tSYS\tPIX\tPIX\tPIX\tPIX\tPIX\tPIX\tPIX\tPIX\t X \t\t\t\t\n\nLegend:\n\n  X    = Self\n  SYS  = Connection traversing PCIe as well as the SMP interconnect between NUMA nodes (e.g., QPI/UPI)\n  NODE = Connection traversing PCIe as well as the interconnect between PCIe Host Bridges within a NUMA node\n  PHB  = Connection traversing PCIe as well as a PCIe Host Bridge (typically the CPU)\n  PXB  = Connection traversing multiple PCIe bridges (without traversing the PCIe Host Bridge)\n  PIX  = Connection traversing at most a single PCIe bridge\n  NV#  = Connection traversing a bonded set of # NVLinks\n\nNIC Legend:\n\n  NIC0: ibp0\n  NIC1: ibp1\n  NIC2: ibp2\n  NIC3: ibp3\n  NIC4: mlx5_0\n  NIC5: mlx5_1\n  NIC6: mlx5_2\n  NIC7: mlx5_3\n  NIC8: mlx5_4\n  NIC9: mlx5_5\n  NIC10: mlx5_6\n  NIC11: mlx5_7\n  NIC12: mlx5_8"
            }
          }
        },
        "full_generated_sequential": {
          "after": {
            "field_errors": {},
            "gpus": [
              {
                "clocks.applications.graphics": "[Requested functionality has been deprecated]",
                "clocks.applications.memory": "[Requested functionality has been deprecated]",
                "clocks.current.graphics": "1950",
                "clocks.current.memory": "3996",
                "clocks.current.sm": "1950",
                "clocks.max.graphics": "2062",
                "clocks.max.memory": "3996",
                "clocks.max.sm": "2062",
                "driver_version": "595.71.05",
                "index": "0",
                "name": "NVIDIA GB200",
                "pci.bus_id": "00000008:01:00.0",
                "persistence_mode": "Enabled",
                "power.draw": "370.21",
                "power.limit": "1200.00",
                "pstate": "P0",
                "temperature.gpu": "37",
                "uuid": "GPU-64efb995-783a-a11a-c868-580e18809080"
              },
              {
                "clocks.applications.graphics": "[Requested functionality has been deprecated]",
                "clocks.applications.memory": "[Requested functionality has been deprecated]",
                "clocks.current.graphics": "1950",
                "clocks.current.memory": "3996",
                "clocks.current.sm": "1950",
                "clocks.max.graphics": "2062",
                "clocks.max.memory": "3996",
                "clocks.max.sm": "2062",
                "driver_version": "595.71.05",
                "index": "1",
                "name": "NVIDIA GB200",
                "pci.bus_id": "00000009:01:00.0",
                "persistence_mode": "Enabled",
                "power.draw": "368.95",
                "power.limit": "1200.00",
                "pstate": "P0",
                "temperature.gpu": "38",
                "uuid": "GPU-84233fbe-ed84-cfff-821c-7acc555c2503"
              },
              {
                "clocks.applications.graphics": "[Requested functionality has been deprecated]",
                "clocks.applications.memory": "[Requested functionality has been deprecated]",
                "clocks.current.graphics": "1950",
                "clocks.current.memory": "3996",
                "clocks.current.sm": "1950",
                "clocks.max.graphics": "2062",
                "clocks.max.memory": "3996",
                "clocks.max.sm": "2062",
                "driver_version": "595.71.05",
                "index": "2",
                "name": "NVIDIA GB200",
                "pci.bus_id": "00000018:01:00.0",
                "persistence_mode": "Enabled",
                "power.draw": "377.03",
                "power.limit": "1200.00",
                "pstate": "P0",
                "temperature.gpu": "37",
                "uuid": "GPU-19bf3c4b-1e4c-1afc-3db0-adf098d28d8b"
              },
              {
                "clocks.applications.graphics": "[Requested functionality has been deprecated]",
                "clocks.applications.memory": "[Requested functionality has been deprecated]",
                "clocks.current.graphics": "1950",
                "clocks.current.memory": "3996",
                "clocks.current.sm": "1950",
                "clocks.max.graphics": "2062",
                "clocks.max.memory": "3996",
                "clocks.max.sm": "2062",
                "driver_version": "595.71.05",
                "index": "3",
                "name": "NVIDIA GB200",
                "pci.bus_id": "00000019:01:00.0",
                "persistence_mode": "Enabled",
                "power.draw": "392.83",
                "power.limit": "1200.00",
                "pstate": "P0",
                "temperature.gpu": "37",
                "uuid": "GPU-14a91ec2-4299-59e4-c682-00a36868d987"
              }
            ],
            "topology": {
              "arguments": [
                "nvidia-smi",
                "topo",
                "-m"
              ],
              "returncode": 0,
              "stderr": "",
              "stdout": "\u001b[4mGPU0\tGPU1\tGPU2\tGPU3\tNIC0\tNIC1\tNIC2\tNIC3\tNIC4\tNIC5\tNIC6\tNIC7\tNIC8\tNIC9\tNIC10\tNIC11\tNIC12\tCPU Affinity\tNUMA Affinity\tGPU NUMA ID\u001b[0m\nGPU0\t X \tNV18\tNV18\tNV18\tNODE\tNODE\tSYS\tSYS\tNODE\tNODE\tNODE\tNODE\tNODE\tNODE\tNODE\tNODE\tNODE\t0-71\t0\t\tN/A\nGPU1\tNV18\t X \tNV18\tNV18\tNODE\tNODE\tSYS\tSYS\tNODE\tNODE\tNODE\tNODE\tNODE\tNODE\tNODE\tNODE\tNODE\t0-71\t0\t\tN/A\nGPU2\tNV18\tNV18\t X \tNV18\tSYS\tSYS\tNODE\tNODE\tSYS\tSYS\tSYS\tSYS\tSYS\tSYS\tSYS\tSYS\tSYS\t72-143\t1\t\tN/A\nGPU3\tNV18\tNV18\tNV18\t X \tSYS\tSYS\tNODE\tNODE\tSYS\tSYS\tSYS\tSYS\tSYS\tSYS\tSYS\tSYS\tSYS\t72-143\t1\t\tN/A\nNIC0\tNODE\tNODE\tSYS\tSYS\t X \tNODE\tSYS\tSYS\tNODE\tNODE\tNODE\tNODE\tNODE\tNODE\tNODE\tNODE\tNODE\t\t\t\t\nNIC1\tNODE\tNODE\tSYS\tSYS\tNODE\t X \tSYS\tSYS\tNODE\tNODE\tNODE\tNODE\tNODE\tNODE\tNODE\tNODE\tNODE\t\t\t\t\nNIC2\tSYS\tSYS\tNODE\tNODE\tSYS\tSYS\t X \tNODE\tSYS\tSYS\tSYS\tSYS\tSYS\tSYS\tSYS\tSYS\tSYS\t\t\t\t\nNIC3\tSYS\tSYS\tNODE\tNODE\tSYS\tSYS\tNODE\t X \tSYS\tSYS\tSYS\tSYS\tSYS\tSYS\tSYS\tSYS\tSYS\t\t\t\t\nNIC4\tNODE\tNODE\tSYS\tSYS\tNODE\tNODE\tSYS\tSYS\t X \tPIX\tPIX\tPIX\tPIX\tPIX\tPIX\tPIX\tPIX\t\t\t\t\nNIC5\tNODE\tNODE\tSYS\tSYS\tNODE\tNODE\tSYS\tSYS\tPIX\t X \tPIX\tPIX\tPIX\tPIX\tPIX\tPIX\tPIX\t\t\t\t\nNIC6\tNODE\tNODE\tSYS\tSYS\tNODE\tNODE\tSYS\tSYS\tPIX\tPIX\t X \tPIX\tPIX\tPIX\tPIX\tPIX\tPIX\t\t\t\t\nNIC7\tNODE\tNODE\tSYS\tSYS\tNODE\tNODE\tSYS\tSYS\tPIX\tPIX\tPIX\t X \tPIX\tPIX\tPIX\tPIX\tPIX\t\t\t\t\nNIC8\tNODE\tNODE\tSYS\tSYS\tNODE\tNODE\tSYS\tSYS\tPIX\tPIX\tPIX\tPIX\t X \tPIX\tPIX\tPIX\tPIX\t\t\t\t\nNIC9\tNODE\tNODE\tSYS\tSYS\tNODE\tNODE\tSYS\tSYS\tPIX\tPIX\tPIX\tPIX\tPIX\t X \tPIX\tPIX\tPIX\t\t\t\t\nNIC10\tNODE\tNODE\tSYS\tSYS\tNODE\tNODE\tSYS\tSYS\tPIX\tPIX\tPIX\tPIX\tPIX\tPIX\t X \tPIX\tPIX\t\t\t\t\nNIC11\tNODE\tNODE\tSYS\tSYS\tNODE\tNODE\tSYS\tSYS\tPIX\tPIX\tPIX\tPIX\tPIX\tPIX\tPIX\t X \tPIX\t\t\t\t\nNIC12\tNODE\tNODE\tSYS\tSYS\tNODE\tNODE\tSYS\tSYS\tPIX\tPIX\tPIX\tPIX\tPIX\tPIX\tPIX\tPIX\t X \t\t\t\t\n\nLegend:\n\n  X    = Self\n  SYS  = Connection traversing PCIe as well as the SMP interconnect between NUMA nodes (e.g., QPI/UPI)\n  NODE = Connection traversing PCIe as well as the interconnect between PCIe Host Bridges within a NUMA node\n  PHB  = Connection traversing PCIe as well as a PCIe Host Bridge (typically the CPU)\n  PXB  = Connection traversing multiple PCIe bridges (without traversing the PCIe Host Bridge)\n  PIX  = Connection traversing at most a single PCIe bridge\n  NV#  = Connection traversing a bonded set of # NVLinks\n\nNIC Legend:\n\n  NIC0: ibp0\n  NIC1: ibp1\n  NIC2: ibp2\n  NIC3: ibp3\n  NIC4: mlx5_0\n  NIC5: mlx5_1\n  NIC6: mlx5_2\n  NIC7: mlx5_3\n  NIC8: mlx5_4\n  NIC9: mlx5_5\n  NIC10: mlx5_6\n  NIC11: mlx5_7\n  NIC12: mlx5_8"
            }
          },
          "before": {
            "field_errors": {},
            "gpus": [
              {
                "clocks.applications.graphics": "[Requested functionality has been deprecated]",
                "clocks.applications.memory": "[Requested functionality has been deprecated]",
                "clocks.current.graphics": "1950",
                "clocks.current.memory": "3996",
                "clocks.current.sm": "1950",
                "clocks.max.graphics": "2062",
                "clocks.max.memory": "3996",
                "clocks.max.sm": "2062",
                "driver_version": "595.71.05",
                "index": "0",
                "name": "NVIDIA GB200",
                "pci.bus_id": "00000008:01:00.0",
                "persistence_mode": "Enabled",
                "power.draw": "213.04",
                "power.limit": "1200.00",
                "pstate": "P0",
                "temperature.gpu": "36",
                "uuid": "GPU-64efb995-783a-a11a-c868-580e18809080"
              },
              {
                "clocks.applications.graphics": "[Requested functionality has been deprecated]",
                "clocks.applications.memory": "[Requested functionality has been deprecated]",
                "clocks.current.graphics": "1950",
                "clocks.current.memory": "3996",
                "clocks.current.sm": "1950",
                "clocks.max.graphics": "2062",
                "clocks.max.memory": "3996",
                "clocks.max.sm": "2062",
                "driver_version": "595.71.05",
                "index": "1",
                "name": "NVIDIA GB200",
                "pci.bus_id": "00000009:01:00.0",
                "persistence_mode": "Enabled",
                "power.draw": "205.33",
                "power.limit": "1200.00",
                "pstate": "P0",
                "temperature.gpu": "37",
                "uuid": "GPU-84233fbe-ed84-cfff-821c-7acc555c2503"
              },
              {
                "clocks.applications.graphics": "[Requested functionality has been deprecated]",
                "clocks.applications.memory": "[Requested functionality has been deprecated]",
                "clocks.current.graphics": "1950",
                "clocks.current.memory": "3996",
                "clocks.current.sm": "1950",
                "clocks.max.graphics": "2062",
                "clocks.max.memory": "3996",
                "clocks.max.sm": "2062",
                "driver_version": "595.71.05",
                "index": "2",
                "name": "NVIDIA GB200",
                "pci.bus_id": "00000018:01:00.0",
                "persistence_mode": "Enabled",
                "power.draw": "209.50",
                "power.limit": "1200.00",
                "pstate": "P0",
                "temperature.gpu": "36",
                "uuid": "GPU-19bf3c4b-1e4c-1afc-3db0-adf098d28d8b"
              },
              {
                "clocks.applications.graphics": "[Requested functionality has been deprecated]",
                "clocks.applications.memory": "[Requested functionality has been deprecated]",
                "clocks.current.graphics": "1950",
                "clocks.current.memory": "3996",
                "clocks.current.sm": "1950",
                "clocks.max.graphics": "2062",
                "clocks.max.memory": "3996",
                "clocks.max.sm": "2062",
                "driver_version": "595.71.05",
                "index": "3",
                "name": "NVIDIA GB200",
                "pci.bus_id": "00000019:01:00.0",
                "persistence_mode": "Enabled",
                "power.draw": "231.07",
                "power.limit": "1200.00",
                "pstate": "P0",
                "temperature.gpu": "36",
                "uuid": "GPU-14a91ec2-4299-59e4-c682-00a36868d987"
              }
            ],
            "topology": {
              "arguments": [
                "nvidia-smi",
                "topo",
                "-m"
              ],
              "returncode": 0,
              "stderr": "",
              "stdout": "\u001b[4mGPU0\tGPU1\tGPU2\tGPU3\tNIC0\tNIC1\tNIC2\tNIC3\tNIC4\tNIC5\tNIC6\tNIC7\tNIC8\tNIC9\tNIC10\tNIC11\tNIC12\tCPU Affinity\tNUMA Affinity\tGPU NUMA ID\u001b[0m\nGPU0\t X \tNV18\tNV18\tNV18\tNODE\tNODE\tSYS\tSYS\tNODE\tNODE\tNODE\tNODE\tNODE\tNODE\tNODE\tNODE\tNODE\t0-71\t0\t\tN/A\nGPU1\tNV18\t X \tNV18\tNV18\tNODE\tNODE\tSYS\tSYS\tNODE\tNODE\tNODE\tNODE\tNODE\tNODE\tNODE\tNODE\tNODE\t0-71\t0\t\tN/A\nGPU2\tNV18\tNV18\t X \tNV18\tSYS\tSYS\tNODE\tNODE\tSYS\tSYS\tSYS\tSYS\tSYS\tSYS\tSYS\tSYS\tSYS\t72-143\t1\t\tN/A\nGPU3\tNV18\tNV18\tNV18\t X \tSYS\tSYS\tNODE\tNODE\tSYS\tSYS\tSYS\tSYS\tSYS\tSYS\tSYS\tSYS\tSYS\t72-143\t1\t\tN/A\nNIC0\tNODE\tNODE\tSYS\tSYS\t X \tNODE\tSYS\tSYS\tNODE\tNODE\tNODE\tNODE\tNODE\tNODE\tNODE\tNODE\tNODE\t\t\t\t\nNIC1\tNODE\tNODE\tSYS\tSYS\tNODE\t X \tSYS\tSYS\tNODE\tNODE\tNODE\tNODE\tNODE\tNODE\tNODE\tNODE\tNODE\t\t\t\t\nNIC2\tSYS\tSYS\tNODE\tNODE\tSYS\tSYS\t X \tNODE\tSYS\tSYS\tSYS\tSYS\tSYS\tSYS\tSYS\tSYS\tSYS\t\t\t\t\nNIC3\tSYS\tSYS\tNODE\tNODE\tSYS\tSYS\tNODE\t X \tSYS\tSYS\tSYS\tSYS\tSYS\tSYS\tSYS\tSYS\tSYS\t\t\t\t\nNIC4\tNODE\tNODE\tSYS\tSYS\tNODE\tNODE\tSYS\tSYS\t X \tPIX\tPIX\tPIX\tPIX\tPIX\tPIX\tPIX\tPIX\t\t\t\t\nNIC5\tNODE\tNODE\tSYS\tSYS\tNODE\tNODE\tSYS\tSYS\tPIX\t X \tPIX\tPIX\tPIX\tPIX\tPIX\tPIX\tPIX\t\t\t\t\nNIC6\tNODE\tNODE\tSYS\tSYS\tNODE\tNODE\tSYS\tSYS\tPIX\tPIX\t X \tPIX\tPIX\tPIX\tPIX\tPIX\tPIX\t\t\t\t\nNIC7\tNODE\tNODE\tSYS\tSYS\tNODE\tNODE\tSYS\tSYS\tPIX\tPIX\tPIX\t X \tPIX\tPIX\tPIX\tPIX\tPIX\t\t\t\t\nNIC8\tNODE\tNODE\tSYS\tSYS\tNODE\tNODE\tSYS\tSYS\tPIX\tPIX\tPIX\tPIX\t X \tPIX\tPIX\tPIX\tPIX\t\t\t\t\nNIC9\tNODE\tNODE\tSYS\tSYS\tNODE\tNODE\tSYS\tSYS\tPIX\tPIX\tPIX\tPIX\tPIX\t X \tPIX\tPIX\tPIX\t\t\t\t\nNIC10\tNODE\tNODE\tSYS\tSYS\tNODE\tNODE\tSYS\tSYS\tPIX\tPIX\tPIX\tPIX\tPIX\tPIX\t X \tPIX\tPIX\t\t\t\t\nNIC11\tNODE\tNODE\tSYS\tSYS\tNODE\tNODE\tSYS\tSYS\tPIX\tPIX\tPIX\tPIX\tPIX\tPIX\tPIX\t X \tPIX\t\t\t\t\nNIC12\tNODE\tNODE\tSYS\tSYS\tNODE\tNODE\tSYS\tSYS\tPIX\tPIX\tPIX\tPIX\tPIX\tPIX\tPIX\tPIX\t X \t\t\t\t\n\nLegend:\n\n  X    = Self\n  SYS  = Connection traversing PCIe as well as the SMP interconnect between NUMA nodes (e.g., QPI/UPI)\n  NODE = Connection traversing PCIe as well as the interconnect between PCIe Host Bridges within a NUMA node\n  PHB  = Connection traversing PCIe as well as a PCIe Host Bridge (typically the CPU)\n  PXB  = Connection traversing multiple PCIe bridges (without traversing the PCIe Host Bridge)\n  PIX  = Connection traversing at most a single PCIe bridge\n  NV#  = Connection traversing a bonded set of # NVLinks\n\nNIC Legend:\n\n  NIC0: ibp0\n  NIC1: ibp1\n  NIC2: ibp2\n  NIC3: ibp3\n  NIC4: mlx5_0\n  NIC5: mlx5_1\n  NIC6: mlx5_2\n  NIC7: mlx5_3\n  NIC8: mlx5_4\n  NIC9: mlx5_5\n  NIC10: mlx5_6\n  NIC11: mlx5_7\n  NIC12: mlx5_8"
            }
          }
        },
        "full_overlap_shared_with_async_dispatch": {
          "after": {
            "field_errors": {},
            "gpus": [
              {
                "clocks.applications.graphics": "[Requested functionality has been deprecated]",
                "clocks.applications.memory": "[Requested functionality has been deprecated]",
                "clocks.current.graphics": "1950",
                "clocks.current.memory": "3996",
                "clocks.current.sm": "1950",
                "clocks.max.graphics": "2062",
                "clocks.max.memory": "3996",
                "clocks.max.sm": "2062",
                "driver_version": "595.71.05",
                "index": "0",
                "name": "NVIDIA GB200",
                "pci.bus_id": "00000008:01:00.0",
                "persistence_mode": "Enabled",
                "power.draw": "367.96",
                "power.limit": "1200.00",
                "pstate": "P0",
                "temperature.gpu": "37",
                "uuid": "GPU-64efb995-783a-a11a-c868-580e18809080"
              },
              {
                "clocks.applications.graphics": "[Requested functionality has been deprecated]",
                "clocks.applications.memory": "[Requested functionality has been deprecated]",
                "clocks.current.graphics": "1950",
                "clocks.current.memory": "3996",
                "clocks.current.sm": "1950",
                "clocks.max.graphics": "2062",
                "clocks.max.memory": "3996",
                "clocks.max.sm": "2062",
                "driver_version": "595.71.05",
                "index": "1",
                "name": "NVIDIA GB200",
                "pci.bus_id": "00000009:01:00.0",
                "persistence_mode": "Enabled",
                "power.draw": "372.30",
                "power.limit": "1200.00",
                "pstate": "P0",
                "temperature.gpu": "38",
                "uuid": "GPU-84233fbe-ed84-cfff-821c-7acc555c2503"
              },
              {
                "clocks.applications.graphics": "[Requested functionality has been deprecated]",
                "clocks.applications.memory": "[Requested functionality has been deprecated]",
                "clocks.current.graphics": "1950",
                "clocks.current.memory": "3996",
                "clocks.current.sm": "1950",
                "clocks.max.graphics": "2062",
                "clocks.max.memory": "3996",
                "clocks.max.sm": "2062",
                "driver_version": "595.71.05",
                "index": "2",
                "name": "NVIDIA GB200",
                "pci.bus_id": "00000018:01:00.0",
                "persistence_mode": "Enabled",
                "power.draw": "366.47",
                "power.limit": "1200.00",
                "pstate": "P0",
                "temperature.gpu": "37",
                "uuid": "GPU-19bf3c4b-1e4c-1afc-3db0-adf098d28d8b"
              },
              {
                "clocks.applications.graphics": "[Requested functionality has been deprecated]",
                "clocks.applications.memory": "[Requested functionality has been deprecated]",
                "clocks.current.graphics": "1950",
                "clocks.current.memory": "3996",
                "clocks.current.sm": "1950",
                "clocks.max.graphics": "2062",
                "clocks.max.memory": "3996",
                "clocks.max.sm": "2062",
                "driver_version": "595.71.05",
                "index": "3",
                "name": "NVIDIA GB200",
                "pci.bus_id": "00000019:01:00.0",
                "persistence_mode": "Enabled",
                "power.draw": "385.74",
                "power.limit": "1200.00",
                "pstate": "P0",
                "temperature.gpu": "37",
                "uuid": "GPU-14a91ec2-4299-59e4-c682-00a36868d987"
              }
            ],
            "topology": {
              "arguments": [
                "nvidia-smi",
                "topo",
                "-m"
              ],
              "returncode": 0,
              "stderr": "",
              "stdout": "\u001b[4mGPU0\tGPU1\tGPU2\tGPU3\tNIC0\tNIC1\tNIC2\tNIC3\tNIC4\tNIC5\tNIC6\tNIC7\tNIC8\tNIC9\tNIC10\tNIC11\tNIC12\tCPU Affinity\tNUMA Affinity\tGPU NUMA ID\u001b[0m\nGPU0\t X \tNV18\tNV18\tNV18\tNODE\tNODE\tSYS\tSYS\tNODE\tNODE\tNODE\tNODE\tNODE\tNODE\tNODE\tNODE\tNODE\t0-71\t0\t\tN/A\nGPU1\tNV18\t X \tNV18\tNV18\tNODE\tNODE\tSYS\tSYS\tNODE\tNODE\tNODE\tNODE\tNODE\tNODE\tNODE\tNODE\tNODE\t0-71\t0\t\tN/A\nGPU2\tNV18\tNV18\t X \tNV18\tSYS\tSYS\tNODE\tNODE\tSYS\tSYS\tSYS\tSYS\tSYS\tSYS\tSYS\tSYS\tSYS\t72-143\t1\t\tN/A\nGPU3\tNV18\tNV18\tNV18\t X \tSYS\tSYS\tNODE\tNODE\tSYS\tSYS\tSYS\tSYS\tSYS\tSYS\tSYS\tSYS\tSYS\t72-143\t1\t\tN/A\nNIC0\tNODE\tNODE\tSYS\tSYS\t X \tNODE\tSYS\tSYS\tNODE\tNODE\tNODE\tNODE\tNODE\tNODE\tNODE\tNODE\tNODE\t\t\t\t\nNIC1\tNODE\tNODE\tSYS\tSYS\tNODE\t X \tSYS\tSYS\tNODE\tNODE\tNODE\tNODE\tNODE\tNODE\tNODE\tNODE\tNODE\t\t\t\t\nNIC2\tSYS\tSYS\tNODE\tNODE\tSYS\tSYS\t X \tNODE\tSYS\tSYS\tSYS\tSYS\tSYS\tSYS\tSYS\tSYS\tSYS\t\t\t\t\nNIC3\tSYS\tSYS\tNODE\tNODE\tSYS\tSYS\tNODE\t X \tSYS\tSYS\tSYS\tSYS\tSYS\tSYS\tSYS\tSYS\tSYS\t\t\t\t\nNIC4\tNODE\tNODE\tSYS\tSYS\tNODE\tNODE\tSYS\tSYS\t X \tPIX\tPIX\tPIX\tPIX\tPIX\tPIX\tPIX\tPIX\t\t\t\t\nNIC5\tNODE\tNODE\tSYS\tSYS\tNODE\tNODE\tSYS\tSYS\tPIX\t X \tPIX\tPIX\tPIX\tPIX\tPIX\tPIX\tPIX\t\t\t\t\nNIC6\tNODE\tNODE\tSYS\tSYS\tNODE\tNODE\tSYS\tSYS\tPIX\tPIX\t X \tPIX\tPIX\tPIX\tPIX\tPIX\tPIX\t\t\t\t\nNIC7\tNODE\tNODE\tSYS\tSYS\tNODE\tNODE\tSYS\tSYS\tPIX\tPIX\tPIX\t X \tPIX\tPIX\tPIX\tPIX\tPIX\t\t\t\t\nNIC8\tNODE\tNODE\tSYS\tSYS\tNODE\tNODE\tSYS\tSYS\tPIX\tPIX\tPIX\tPIX\t X \tPIX\tPIX\tPIX\tPIX\t\t\t\t\nNIC9\tNODE\tNODE\tSYS\tSYS\tNODE\tNODE\tSYS\tSYS\tPIX\tPIX\tPIX\tPIX\tPIX\t X \tPIX\tPIX\tPIX\t\t\t\t\nNIC10\tNODE\tNODE\tSYS\tSYS\tNODE\tNODE\tSYS\tSYS\tPIX\tPIX\tPIX\tPIX\tPIX\tPIX\t X \tPIX\tPIX\t\t\t\t\nNIC11\tNODE\tNODE\tSYS\tSYS\tNODE\tNODE\tSYS\tSYS\tPIX\tPIX\tPIX\tPIX\tPIX\tPIX\tPIX\t X \tPIX\t\t\t\t\nNIC12\tNODE\tNODE\tSYS\tSYS\tNODE\tNODE\tSYS\tSYS\tPIX\tPIX\tPIX\tPIX\tPIX\tPIX\tPIX\tPIX\t X \t\t\t\t\n\nLegend:\n\n  X    = Self\n  SYS  = Connection traversing PCIe as well as the SMP interconnect between NUMA nodes (e.g., QPI/UPI)\n  NODE = Connection traversing PCIe as well as the interconnect between PCIe Host Bridges within a NUMA node\n  PHB  = Connection traversing PCIe as well as a PCIe Host Bridge (typically the CPU)\n  PXB  = Connection traversing multiple PCIe bridges (without traversing the PCIe Host Bridge)\n  PIX  = Connection traversing at most a single PCIe bridge\n  NV#  = Connection traversing a bonded set of # NVLinks\n\nNIC Legend:\n\n  NIC0: ibp0\n  NIC1: ibp1\n  NIC2: ibp2\n  NIC3: ibp3\n  NIC4: mlx5_0\n  NIC5: mlx5_1\n  NIC6: mlx5_2\n  NIC7: mlx5_3\n  NIC8: mlx5_4\n  NIC9: mlx5_5\n  NIC10: mlx5_6\n  NIC11: mlx5_7\n  NIC12: mlx5_8"
            }
          },
          "before": {
            "field_errors": {},
            "gpus": [
              {
                "clocks.applications.graphics": "[Requested functionality has been deprecated]",
                "clocks.applications.memory": "[Requested functionality has been deprecated]",
                "clocks.current.graphics": "1950",
                "clocks.current.memory": "3996",
                "clocks.current.sm": "1950",
                "clocks.max.graphics": "2062",
                "clocks.max.memory": "3996",
                "clocks.max.sm": "2062",
                "driver_version": "595.71.05",
                "index": "0",
                "name": "NVIDIA GB200",
                "pci.bus_id": "00000008:01:00.0",
                "persistence_mode": "Enabled",
                "power.draw": "212.64",
                "power.limit": "1200.00",
                "pstate": "P0",
                "temperature.gpu": "36",
                "uuid": "GPU-64efb995-783a-a11a-c868-580e18809080"
              },
              {
                "clocks.applications.graphics": "[Requested functionality has been deprecated]",
                "clocks.applications.memory": "[Requested functionality has been deprecated]",
                "clocks.current.graphics": "1950",
                "clocks.current.memory": "3996",
                "clocks.current.sm": "1950",
                "clocks.max.graphics": "2062",
                "clocks.max.memory": "3996",
                "clocks.max.sm": "2062",
                "driver_version": "595.71.05",
                "index": "1",
                "name": "NVIDIA GB200",
                "pci.bus_id": "00000009:01:00.0",
                "persistence_mode": "Enabled",
                "power.draw": "204.86",
                "power.limit": "1200.00",
                "pstate": "P0",
                "temperature.gpu": "37",
                "uuid": "GPU-84233fbe-ed84-cfff-821c-7acc555c2503"
              },
              {
                "clocks.applications.graphics": "[Requested functionality has been deprecated]",
                "clocks.applications.memory": "[Requested functionality has been deprecated]",
                "clocks.current.graphics": "1950",
                "clocks.current.memory": "3996",
                "clocks.current.sm": "1950",
                "clocks.max.graphics": "2062",
                "clocks.max.memory": "3996",
                "clocks.max.sm": "2062",
                "driver_version": "595.71.05",
                "index": "2",
                "name": "NVIDIA GB200",
                "pci.bus_id": "00000018:01:00.0",
                "persistence_mode": "Enabled",
                "power.draw": "209.43",
                "power.limit": "1200.00",
                "pstate": "P0",
                "temperature.gpu": "36",
                "uuid": "GPU-19bf3c4b-1e4c-1afc-3db0-adf098d28d8b"
              },
              {
                "clocks.applications.graphics": "[Requested functionality has been deprecated]",
                "clocks.applications.memory": "[Requested functionality has been deprecated]",
                "clocks.current.graphics": "1950",
                "clocks.current.memory": "3996",
                "clocks.current.sm": "1950",
                "clocks.max.graphics": "2062",
                "clocks.max.memory": "3996",
                "clocks.max.sm": "2062",
                "driver_version": "595.71.05",
                "index": "3",
                "name": "NVIDIA GB200",
                "pci.bus_id": "00000019:01:00.0",
                "persistence_mode": "Enabled",
                "power.draw": "231.42",
                "power.limit": "1200.00",
                "pstate": "P0",
                "temperature.gpu": "36",
                "uuid": "GPU-14a91ec2-4299-59e4-c682-00a36868d987"
              }
            ],
            "topology": {
              "arguments": [
                "nvidia-smi",
                "topo",
                "-m"
              ],
              "returncode": 0,
              "stderr": "",
              "stdout": "\u001b[4mGPU0\tGPU1\tGPU2\tGPU3\tNIC0\tNIC1\tNIC2\tNIC3\tNIC4\tNIC5\tNIC6\tNIC7\tNIC8\tNIC9\tNIC10\tNIC11\tNIC12\tCPU Affinity\tNUMA Affinity\tGPU NUMA ID\u001b[0m\nGPU0\t X \tNV18\tNV18\tNV18\tNODE\tNODE\tSYS\tSYS\tNODE\tNODE\tNODE\tNODE\tNODE\tNODE\tNODE\tNODE\tNODE\t0-71\t0\t\tN/A\nGPU1\tNV18\t X \tNV18\tNV18\tNODE\tNODE\tSYS\tSYS\tNODE\tNODE\tNODE\tNODE\tNODE\tNODE\tNODE\tNODE\tNODE\t0-71\t0\t\tN/A\nGPU2\tNV18\tNV18\t X \tNV18\tSYS\tSYS\tNODE\tNODE\tSYS\tSYS\tSYS\tSYS\tSYS\tSYS\tSYS\tSYS\tSYS\t72-143\t1\t\tN/A\nGPU3\tNV18\tNV18\tNV18\t X \tSYS\tSYS\tNODE\tNODE\tSYS\tSYS\tSYS\tSYS\tSYS\tSYS\tSYS\tSYS\tSYS\t72-143\t1\t\tN/A\nNIC0\tNODE\tNODE\tSYS\tSYS\t X \tNODE\tSYS\tSYS\tNODE\tNODE\tNODE\tNODE\tNODE\tNODE\tNODE\tNODE\tNODE\t\t\t\t\nNIC1\tNODE\tNODE\tSYS\tSYS\tNODE\t X \tSYS\tSYS\tNODE\tNODE\tNODE\tNODE\tNODE\tNODE\tNODE\tNODE\tNODE\t\t\t\t\nNIC2\tSYS\tSYS\tNODE\tNODE\tSYS\tSYS\t X \tNODE\tSYS\tSYS\tSYS\tSYS\tSYS\tSYS\tSYS\tSYS\tSYS\t\t\t\t\nNIC3\tSYS\tSYS\tNODE\tNODE\tSYS\tSYS\tNODE\t X \tSYS\tSYS\tSYS\tSYS\tSYS\tSYS\tSYS\tSYS\tSYS\t\t\t\t\nNIC4\tNODE\tNODE\tSYS\tSYS\tNODE\tNODE\tSYS\tSYS\t X \tPIX\tPIX\tPIX\tPIX\tPIX\tPIX\tPIX\tPIX\t\t\t\t\nNIC5\tNODE\tNODE\tSYS\tSYS\tNODE\tNODE\tSYS\tSYS\tPIX\t X \tPIX\tPIX\tPIX\tPIX\tPIX\tPIX\tPIX\t\t\t\t\nNIC6\tNODE\tNODE\tSYS\tSYS\tNODE\tNODE\tSYS\tSYS\tPIX\tPIX\t X \tPIX\tPIX\tPIX\tPIX\tPIX\tPIX\t\t\t\t\nNIC7\tNODE\tNODE\tSYS\tSYS\tNODE\tNODE\tSYS\tSYS\tPIX\tPIX\tPIX\t X \tPIX\tPIX\tPIX\tPIX\tPIX\t\t\t\t\nNIC8\tNODE\tNODE\tSYS\tSYS\tNODE\tNODE\tSYS\tSYS\tPIX\tPIX\tPIX\tPIX\t X \tPIX\tPIX\tPIX\tPIX\t\t\t\t\nNIC9\tNODE\tNODE\tSYS\tSYS\tNODE\tNODE\tSYS\tSYS\tPIX\tPIX\tPIX\tPIX\tPIX\t X \tPIX\tPIX\tPIX\t\t\t\t\nNIC10\tNODE\tNODE\tSYS\tSYS\tNODE\tNODE\tSYS\tSYS\tPIX\tPIX\tPIX\tPIX\tPIX\tPIX\t X \tPIX\tPIX\t\t\t\t\nNIC11\tNODE\tNODE\tSYS\tSYS\tNODE\tNODE\tSYS\tSYS\tPIX\tPIX\tPIX\tPIX\tPIX\tPIX\tPIX\t X \tPIX\t\t\t\t\nNIC12\tNODE\tNODE\tSYS\tSYS\tNODE\tNODE\tSYS\tSYS\tPIX\tPIX\tPIX\tPIX\tPIX\tPIX\tPIX\tPIX\t X \t\t\t\t\n\nLegend:\n\n  X    = Self\n  SYS  = Connection traversing PCIe as well as the SMP interconnect between NUMA nodes (e.g., QPI/UPI)\n  NODE = Connection traversing PCIe as well as the interconnect between PCIe Host Bridges within a NUMA node\n  PHB  = Connection traversing PCIe as well as a PCIe Host Bridge (typically the CPU)\n  PXB  = Connection traversing multiple PCIe bridges (without traversing the PCIe Host Bridge)\n  PIX  = Connection traversing at most a single PCIe bridge\n  NV#  = Connection traversing a bonded set of # NVLinks\n\nNIC Legend:\n\n  NIC0: ibp0\n  NIC1: ibp1\n  NIC2: ibp2\n  NIC3: ibp3\n  NIC4: mlx5_0\n  NIC5: mlx5_1\n  NIC6: mlx5_2\n  NIC7: mlx5_3\n  NIC8: mlx5_4\n  NIC9: mlx5_5\n  NIC10: mlx5_6\n  NIC11: mlx5_7\n  NIC12: mlx5_8"
            }
          }
        },
        "full_sequential": {
          "after": {
            "field_errors": {},
            "gpus": [
              {
                "clocks.applications.graphics": "[Requested functionality has been deprecated]",
                "clocks.applications.memory": "[Requested functionality has been deprecated]",
                "clocks.current.graphics": "1950",
                "clocks.current.memory": "3996",
                "clocks.current.sm": "1950",
                "clocks.max.graphics": "2062",
                "clocks.max.memory": "3996",
                "clocks.max.sm": "2062",
                "driver_version": "595.71.05",
                "index": "0",
                "name": "NVIDIA GB200",
                "pci.bus_id": "00000008:01:00.0",
                "persistence_mode": "Enabled",
                "power.draw": "370.38",
                "power.limit": "1200.00",
                "pstate": "P0",
                "temperature.gpu": "37",
                "uuid": "GPU-64efb995-783a-a11a-c868-580e18809080"
              },
              {
                "clocks.applications.graphics": "[Requested functionality has been deprecated]",
                "clocks.applications.memory": "[Requested functionality has been deprecated]",
                "clocks.current.graphics": "1950",
                "clocks.current.memory": "3996",
                "clocks.current.sm": "1950",
                "clocks.max.graphics": "2062",
                "clocks.max.memory": "3996",
                "clocks.max.sm": "2062",
                "driver_version": "595.71.05",
                "index": "1",
                "name": "NVIDIA GB200",
                "pci.bus_id": "00000009:01:00.0",
                "persistence_mode": "Enabled",
                "power.draw": "367.19",
                "power.limit": "1200.00",
                "pstate": "P0",
                "temperature.gpu": "37",
                "uuid": "GPU-84233fbe-ed84-cfff-821c-7acc555c2503"
              },
              {
                "clocks.applications.graphics": "[Requested functionality has been deprecated]",
                "clocks.applications.memory": "[Requested functionality has been deprecated]",
                "clocks.current.graphics": "1950",
                "clocks.current.memory": "3996",
                "clocks.current.sm": "1950",
                "clocks.max.graphics": "2062",
                "clocks.max.memory": "3996",
                "clocks.max.sm": "2062",
                "driver_version": "595.71.05",
                "index": "2",
                "name": "NVIDIA GB200",
                "pci.bus_id": "00000018:01:00.0",
                "persistence_mode": "Enabled",
                "power.draw": "372.79",
                "power.limit": "1200.00",
                "pstate": "P0",
                "temperature.gpu": "37",
                "uuid": "GPU-19bf3c4b-1e4c-1afc-3db0-adf098d28d8b"
              },
              {
                "clocks.applications.graphics": "[Requested functionality has been deprecated]",
                "clocks.applications.memory": "[Requested functionality has been deprecated]",
                "clocks.current.graphics": "1950",
                "clocks.current.memory": "3996",
                "clocks.current.sm": "1950",
                "clocks.max.graphics": "2062",
                "clocks.max.memory": "3996",
                "clocks.max.sm": "2062",
                "driver_version": "595.71.05",
                "index": "3",
                "name": "NVIDIA GB200",
                "pci.bus_id": "00000019:01:00.0",
                "persistence_mode": "Enabled",
                "power.draw": "394.08",
                "power.limit": "1200.00",
                "pstate": "P0",
                "temperature.gpu": "37",
                "uuid": "GPU-14a91ec2-4299-59e4-c682-00a36868d987"
              }
            ],
            "topology": {
              "arguments": [
                "nvidia-smi",
                "topo",
                "-m"
              ],
              "returncode": 0,
              "stderr": "",
              "stdout": "\u001b[4mGPU0\tGPU1\tGPU2\tGPU3\tNIC0\tNIC1\tNIC2\tNIC3\tNIC4\tNIC5\tNIC6\tNIC7\tNIC8\tNIC9\tNIC10\tNIC11\tNIC12\tCPU Affinity\tNUMA Affinity\tGPU NUMA ID\u001b[0m\nGPU0\t X \tNV18\tNV18\tNV18\tNODE\tNODE\tSYS\tSYS\tNODE\tNODE\tNODE\tNODE\tNODE\tNODE\tNODE\tNODE\tNODE\t0-71\t0\t\tN/A\nGPU1\tNV18\t X \tNV18\tNV18\tNODE\tNODE\tSYS\tSYS\tNODE\tNODE\tNODE\tNODE\tNODE\tNODE\tNODE\tNODE\tNODE\t0-71\t0\t\tN/A\nGPU2\tNV18\tNV18\t X \tNV18\tSYS\tSYS\tNODE\tNODE\tSYS\tSYS\tSYS\tSYS\tSYS\tSYS\tSYS\tSYS\tSYS\t72-143\t1\t\tN/A\nGPU3\tNV18\tNV18\tNV18\t X \tSYS\tSYS\tNODE\tNODE\tSYS\tSYS\tSYS\tSYS\tSYS\tSYS\tSYS\tSYS\tSYS\t72-143\t1\t\tN/A\nNIC0\tNODE\tNODE\tSYS\tSYS\t X \tNODE\tSYS\tSYS\tNODE\tNODE\tNODE\tNODE\tNODE\tNODE\tNODE\tNODE\tNODE\t\t\t\t\nNIC1\tNODE\tNODE\tSYS\tSYS\tNODE\t X \tSYS\tSYS\tNODE\tNODE\tNODE\tNODE\tNODE\tNODE\tNODE\tNODE\tNODE\t\t\t\t\nNIC2\tSYS\tSYS\tNODE\tNODE\tSYS\tSYS\t X \tNODE\tSYS\tSYS\tSYS\tSYS\tSYS\tSYS\tSYS\tSYS\tSYS\t\t\t\t\nNIC3\tSYS\tSYS\tNODE\tNODE\tSYS\tSYS\tNODE\t X \tSYS\tSYS\tSYS\tSYS\tSYS\tSYS\tSYS\tSYS\tSYS\t\t\t\t\nNIC4\tNODE\tNODE\tSYS\tSYS\tNODE\tNODE\tSYS\tSYS\t X \tPIX\tPIX\tPIX\tPIX\tPIX\tPIX\tPIX\tPIX\t\t\t\t\nNIC5\tNODE\tNODE\tSYS\tSYS\tNODE\tNODE\tSYS\tSYS\tPIX\t X \tPIX\tPIX\tPIX\tPIX\tPIX\tPIX\tPIX\t\t\t\t\nNIC6\tNODE\tNODE\tSYS\tSYS\tNODE\tNODE\tSYS\tSYS\tPIX\tPIX\t X \tPIX\tPIX\tPIX\tPIX\tPIX\tPIX\t\t\t\t\nNIC7\tNODE\tNODE\tSYS\tSYS\tNODE\tNODE\tSYS\tSYS\tPIX\tPIX\tPIX\t X \tPIX\tPIX\tPIX\tPIX\tPIX\t\t\t\t\nNIC8\tNODE\tNODE\tSYS\tSYS\tNODE\tNODE\tSYS\tSYS\tPIX\tPIX\tPIX\tPIX\t X \tPIX\tPIX\tPIX\tPIX\t\t\t\t\nNIC9\tNODE\tNODE\tSYS\tSYS\tNODE\tNODE\tSYS\tSYS\tPIX\tPIX\tPIX\tPIX\tPIX\t X \tPIX\tPIX\tPIX\t\t\t\t\nNIC10\tNODE\tNODE\tSYS\tSYS\tNODE\tNODE\tSYS\tSYS\tPIX\tPIX\tPIX\tPIX\tPIX\tPIX\t X \tPIX\tPIX\t\t\t\t\nNIC11\tNODE\tNODE\tSYS\tSYS\tNODE\tNODE\tSYS\tSYS\tPIX\tPIX\tPIX\tPIX\tPIX\tPIX\tPIX\t X \tPIX\t\t\t\t\nNIC12\tNODE\tNODE\tSYS\tSYS\tNODE\tNODE\tSYS\tSYS\tPIX\tPIX\tPIX\tPIX\tPIX\tPIX\tPIX\tPIX\t X \t\t\t\t\n\nLegend:\n\n  X    = Self\n  SYS  = Connection traversing PCIe as well as the SMP interconnect between NUMA nodes (e.g., QPI/UPI)\n  NODE = Connection traversing PCIe as well as the interconnect between PCIe Host Bridges within a NUMA node\n  PHB  = Connection traversing PCIe as well as a PCIe Host Bridge (typically the CPU)\n  PXB  = Connection traversing multiple PCIe bridges (without traversing the PCIe Host Bridge)\n  PIX  = Connection traversing at most a single PCIe bridge\n  NV#  = Connection traversing a bonded set of # NVLinks\n\nNIC Legend:\n\n  NIC0: ibp0\n  NIC1: ibp1\n  NIC2: ibp2\n  NIC3: ibp3\n  NIC4: mlx5_0\n  NIC5: mlx5_1\n  NIC6: mlx5_2\n  NIC7: mlx5_3\n  NIC8: mlx5_4\n  NIC9: mlx5_5\n  NIC10: mlx5_6\n  NIC11: mlx5_7\n  NIC12: mlx5_8"
            }
          },
          "before": {
            "field_errors": {},
            "gpus": [
              {
                "clocks.applications.graphics": "[Requested functionality has been deprecated]",
                "clocks.applications.memory": "[Requested functionality has been deprecated]",
                "clocks.current.graphics": "1950",
                "clocks.current.memory": "3996",
                "clocks.current.sm": "1950",
                "clocks.max.graphics": "2062",
                "clocks.max.memory": "3996",
                "clocks.max.sm": "2062",
                "driver_version": "595.71.05",
                "index": "0",
                "name": "NVIDIA GB200",
                "pci.bus_id": "00000008:01:00.0",
                "persistence_mode": "Enabled",
                "power.draw": "212.59",
                "power.limit": "1200.00",
                "pstate": "P0",
                "temperature.gpu": "36",
                "uuid": "GPU-64efb995-783a-a11a-c868-580e18809080"
              },
              {
                "clocks.applications.graphics": "[Requested functionality has been deprecated]",
                "clocks.applications.memory": "[Requested functionality has been deprecated]",
                "clocks.current.graphics": "1950",
                "clocks.current.memory": "3996",
                "clocks.current.sm": "1950",
                "clocks.max.graphics": "2062",
                "clocks.max.memory": "3996",
                "clocks.max.sm": "2062",
                "driver_version": "595.71.05",
                "index": "1",
                "name": "NVIDIA GB200",
                "pci.bus_id": "00000009:01:00.0",
                "persistence_mode": "Enabled",
                "power.draw": "204.17",
                "power.limit": "1200.00",
                "pstate": "P0",
                "temperature.gpu": "36",
                "uuid": "GPU-84233fbe-ed84-cfff-821c-7acc555c2503"
              },
              {
                "clocks.applications.graphics": "[Requested functionality has been deprecated]",
                "clocks.applications.memory": "[Requested functionality has been deprecated]",
                "clocks.current.graphics": "1950",
                "clocks.current.memory": "3996",
                "clocks.current.sm": "1950",
                "clocks.max.graphics": "2062",
                "clocks.max.memory": "3996",
                "clocks.max.sm": "2062",
                "driver_version": "595.71.05",
                "index": "2",
                "name": "NVIDIA GB200",
                "pci.bus_id": "00000018:01:00.0",
                "persistence_mode": "Enabled",
                "power.draw": "210.14",
                "power.limit": "1200.00",
                "pstate": "P0",
                "temperature.gpu": "36",
                "uuid": "GPU-19bf3c4b-1e4c-1afc-3db0-adf098d28d8b"
              },
              {
                "clocks.applications.graphics": "[Requested functionality has been deprecated]",
                "clocks.applications.memory": "[Requested functionality has been deprecated]",
                "clocks.current.graphics": "1950",
                "clocks.current.memory": "3996",
                "clocks.current.sm": "1950",
                "clocks.max.graphics": "2062",
                "clocks.max.memory": "3996",
                "clocks.max.sm": "2062",
                "driver_version": "595.71.05",
                "index": "3",
                "name": "NVIDIA GB200",
                "pci.bus_id": "00000019:01:00.0",
                "persistence_mode": "Enabled",
                "power.draw": "229.77",
                "power.limit": "1200.00",
                "pstate": "P0",
                "temperature.gpu": "36",
                "uuid": "GPU-14a91ec2-4299-59e4-c682-00a36868d987"
              }
            ],
            "topology": {
              "arguments": [
                "nvidia-smi",
                "topo",
                "-m"
              ],
              "returncode": 0,
              "stderr": "",
              "stdout": "\u001b[4mGPU0\tGPU1\tGPU2\tGPU3\tNIC0\tNIC1\tNIC2\tNIC3\tNIC4\tNIC5\tNIC6\tNIC7\tNIC8\tNIC9\tNIC10\tNIC11\tNIC12\tCPU Affinity\tNUMA Affinity\tGPU NUMA ID\u001b[0m\nGPU0\t X \tNV18\tNV18\tNV18\tNODE\tNODE\tSYS\tSYS\tNODE\tNODE\tNODE\tNODE\tNODE\tNODE\tNODE\tNODE\tNODE\t0-71\t0\t\tN/A\nGPU1\tNV18\t X \tNV18\tNV18\tNODE\tNODE\tSYS\tSYS\tNODE\tNODE\tNODE\tNODE\tNODE\tNODE\tNODE\tNODE\tNODE\t0-71\t0\t\tN/A\nGPU2\tNV18\tNV18\t X \tNV18\tSYS\tSYS\tNODE\tNODE\tSYS\tSYS\tSYS\tSYS\tSYS\tSYS\tSYS\tSYS\tSYS\t72-143\t1\t\tN/A\nGPU3\tNV18\tNV18\tNV18\t X \tSYS\tSYS\tNODE\tNODE\tSYS\tSYS\tSYS\tSYS\tSYS\tSYS\tSYS\tSYS\tSYS\t72-143\t1\t\tN/A\nNIC0\tNODE\tNODE\tSYS\tSYS\t X \tNODE\tSYS\tSYS\tNODE\tNODE\tNODE\tNODE\tNODE\tNODE\tNODE\tNODE\tNODE\t\t\t\t\nNIC1\tNODE\tNODE\tSYS\tSYS\tNODE\t X \tSYS\tSYS\tNODE\tNODE\tNODE\tNODE\tNODE\tNODE\tNODE\tNODE\tNODE\t\t\t\t\nNIC2\tSYS\tSYS\tNODE\tNODE\tSYS\tSYS\t X \tNODE\tSYS\tSYS\tSYS\tSYS\tSYS\tSYS\tSYS\tSYS\tSYS\t\t\t\t\nNIC3\tSYS\tSYS\tNODE\tNODE\tSYS\tSYS\tNODE\t X \tSYS\tSYS\tSYS\tSYS\tSYS\tSYS\tSYS\tSYS\tSYS\t\t\t\t\nNIC4\tNODE\tNODE\tSYS\tSYS\tNODE\tNODE\tSYS\tSYS\t X \tPIX\tPIX\tPIX\tPIX\tPIX\tPIX\tPIX\tPIX\t\t\t\t\nNIC5\tNODE\tNODE\tSYS\tSYS\tNODE\tNODE\tSYS\tSYS\tPIX\t X \tPIX\tPIX\tPIX\tPIX\tPIX\tPIX\tPIX\t\t\t\t\nNIC6\tNODE\tNODE\tSYS\tSYS\tNODE\tNODE\tSYS\tSYS\tPIX\tPIX\t X \tPIX\tPIX\tPIX\tPIX\tPIX\tPIX\t\t\t\t\nNIC7\tNODE\tNODE\tSYS\tSYS\tNODE\tNODE\tSYS\tSYS\tPIX\tPIX\tPIX\t X \tPIX\tPIX\tPIX\tPIX\tPIX\t\t\t\t\nNIC8\tNODE\tNODE\tSYS\tSYS\tNODE\tNODE\tSYS\tSYS\tPIX\tPIX\tPIX\tPIX\t X \tPIX\tPIX\tPIX\tPIX\t\t\t\t\nNIC9\tNODE\tNODE\tSYS\tSYS\tNODE\tNODE\tSYS\tSYS\tPIX\tPIX\tPIX\tPIX\tPIX\t X \tPIX\tPIX\tPIX\t\t\t\t\nNIC10\tNODE\tNODE\tSYS\tSYS\tNODE\tNODE\tSYS\tSYS\tPIX\tPIX\tPIX\tPIX\tPIX\tPIX\t X \tPIX\tPIX\t\t\t\t\nNIC11\tNODE\tNODE\tSYS\tSYS\tNODE\tNODE\tSYS\tSYS\tPIX\tPIX\tPIX\tPIX\tPIX\tPIX\tPIX\t X \tPIX\t\t\t\t\nNIC12\tNODE\tNODE\tSYS\tSYS\tNODE\tNODE\tSYS\tSYS\tPIX\tPIX\tPIX\tPIX\tPIX\tPIX\tPIX\tPIX\t X \t\t\t\t\n\nLegend:\n\n  X    = Self\n  SYS  = Connection traversing PCIe as well as the SMP interconnect between NUMA nodes (e.g., QPI/UPI)\n  NODE = Connection traversing PCIe as well as the interconnect between PCIe Host Bridges within a NUMA node\n  PHB  = Connection traversing PCIe as well as a PCIe Host Bridge (typically the CPU)\n  PXB  = Connection traversing multiple PCIe bridges (without traversing the PCIe Host Bridge)\n  PIX  = Connection traversing at most a single PCIe bridge\n  NV#  = Connection traversing a bonded set of # NVLinks\n\nNIC Legend:\n\n  NIC0: ibp0\n  NIC1: ibp1\n  NIC2: ibp2\n  NIC3: ibp3\n  NIC4: mlx5_0\n  NIC5: mlx5_1\n  NIC6: mlx5_2\n  NIC7: mlx5_3\n  NIC8: mlx5_4\n  NIC9: mlx5_5\n  NIC10: mlx5_6\n  NIC11: mlx5_7\n  NIC12: mlx5_8"
            }
          }
        },
        "generated_receiver_relation_plan": {
          "after": {
            "field_errors": {},
            "gpus": [
              {
                "clocks.applications.graphics": "[Requested functionality has been deprecated]",
                "clocks.applications.memory": "[Requested functionality has been deprecated]",
                "clocks.current.graphics": "1950",
                "clocks.current.memory": "3996",
                "clocks.current.sm": "1950",
                "clocks.max.graphics": "2062",
                "clocks.max.memory": "3996",
                "clocks.max.sm": "2062",
                "driver_version": "595.71.05",
                "index": "0",
                "name": "NVIDIA GB200",
                "pci.bus_id": "00000008:01:00.0",
                "persistence_mode": "Enabled",
                "power.draw": "212.60",
                "power.limit": "1200.00",
                "pstate": "P0",
                "temperature.gpu": "36",
                "uuid": "GPU-64efb995-783a-a11a-c868-580e18809080"
              },
              {
                "clocks.applications.graphics": "[Requested functionality has been deprecated]",
                "clocks.applications.memory": "[Requested functionality has been deprecated]",
                "clocks.current.graphics": "1950",
                "clocks.current.memory": "3996",
                "clocks.current.sm": "1950",
                "clocks.max.graphics": "2062",
                "clocks.max.memory": "3996",
                "clocks.max.sm": "2062",
                "driver_version": "595.71.05",
                "index": "1",
                "name": "NVIDIA GB200",
                "pci.bus_id": "00000009:01:00.0",
                "persistence_mode": "Enabled",
                "power.draw": "203.84",
                "power.limit": "1200.00",
                "pstate": "P0",
                "temperature.gpu": "36",
                "uuid": "GPU-84233fbe-ed84-cfff-821c-7acc555c2503"
              },
              {
                "clocks.applications.graphics": "[Requested functionality has been deprecated]",
                "clocks.applications.memory": "[Requested functionality has been deprecated]",
                "clocks.current.graphics": "1950",
                "clocks.current.memory": "3996",
                "clocks.current.sm": "1950",
                "clocks.max.graphics": "2062",
                "clocks.max.memory": "3996",
                "clocks.max.sm": "2062",
                "driver_version": "595.71.05",
                "index": "2",
                "name": "NVIDIA GB200",
                "pci.bus_id": "00000018:01:00.0",
                "persistence_mode": "Enabled",
                "power.draw": "207.90",
                "power.limit": "1200.00",
                "pstate": "P0",
                "temperature.gpu": "36",
                "uuid": "GPU-19bf3c4b-1e4c-1afc-3db0-adf098d28d8b"
              },
              {
                "clocks.applications.graphics": "[Requested functionality has been deprecated]",
                "clocks.applications.memory": "[Requested functionality has been deprecated]",
                "clocks.current.graphics": "1950",
                "clocks.current.memory": "3996",
                "clocks.current.sm": "1950",
                "clocks.max.graphics": "2062",
                "clocks.max.memory": "3996",
                "clocks.max.sm": "2062",
                "driver_version": "595.71.05",
                "index": "3",
                "name": "NVIDIA GB200",
                "pci.bus_id": "00000019:01:00.0",
                "persistence_mode": "Enabled",
                "power.draw": "229.60",
                "power.limit": "1200.00",
                "pstate": "P0",
                "temperature.gpu": "36",
                "uuid": "GPU-14a91ec2-4299-59e4-c682-00a36868d987"
              }
            ],
            "topology": {
              "arguments": [
                "nvidia-smi",
                "topo",
                "-m"
              ],
              "returncode": 0,
              "stderr": "",
              "stdout": "\u001b[4mGPU0\tGPU1\tGPU2\tGPU3\tNIC0\tNIC1\tNIC2\tNIC3\tNIC4\tNIC5\tNIC6\tNIC7\tNIC8\tNIC9\tNIC10\tNIC11\tNIC12\tCPU Affinity\tNUMA Affinity\tGPU NUMA ID\u001b[0m\nGPU0\t X \tNV18\tNV18\tNV18\tNODE\tNODE\tSYS\tSYS\tNODE\tNODE\tNODE\tNODE\tNODE\tNODE\tNODE\tNODE\tNODE\t0-71\t0\t\tN/A\nGPU1\tNV18\t X \tNV18\tNV18\tNODE\tNODE\tSYS\tSYS\tNODE\tNODE\tNODE\tNODE\tNODE\tNODE\tNODE\tNODE\tNODE\t0-71\t0\t\tN/A\nGPU2\tNV18\tNV18\t X \tNV18\tSYS\tSYS\tNODE\tNODE\tSYS\tSYS\tSYS\tSYS\tSYS\tSYS\tSYS\tSYS\tSYS\t72-143\t1\t\tN/A\nGPU3\tNV18\tNV18\tNV18\t X \tSYS\tSYS\tNODE\tNODE\tSYS\tSYS\tSYS\tSYS\tSYS\tSYS\tSYS\tSYS\tSYS\t72-143\t1\t\tN/A\nNIC0\tNODE\tNODE\tSYS\tSYS\t X \tNODE\tSYS\tSYS\tNODE\tNODE\tNODE\tNODE\tNODE\tNODE\tNODE\tNODE\tNODE\t\t\t\t\nNIC1\tNODE\tNODE\tSYS\tSYS\tNODE\t X \tSYS\tSYS\tNODE\tNODE\tNODE\tNODE\tNODE\tNODE\tNODE\tNODE\tNODE\t\t\t\t\nNIC2\tSYS\tSYS\tNODE\tNODE\tSYS\tSYS\t X \tNODE\tSYS\tSYS\tSYS\tSYS\tSYS\tSYS\tSYS\tSYS\tSYS\t\t\t\t\nNIC3\tSYS\tSYS\tNODE\tNODE\tSYS\tSYS\tNODE\t X \tSYS\tSYS\tSYS\tSYS\tSYS\tSYS\tSYS\tSYS\tSYS\t\t\t\t\nNIC4\tNODE\tNODE\tSYS\tSYS\tNODE\tNODE\tSYS\tSYS\t X \tPIX\tPIX\tPIX\tPIX\tPIX\tPIX\tPIX\tPIX\t\t\t\t\nNIC5\tNODE\tNODE\tSYS\tSYS\tNODE\tNODE\tSYS\tSYS\tPIX\t X \tPIX\tPIX\tPIX\tPIX\tPIX\tPIX\tPIX\t\t\t\t\nNIC6\tNODE\tNODE\tSYS\tSYS\tNODE\tNODE\tSYS\tSYS\tPIX\tPIX\t X \tPIX\tPIX\tPIX\tPIX\tPIX\tPIX\t\t\t\t\nNIC7\tNODE\tNODE\tSYS\tSYS\tNODE\tNODE\tSYS\tSYS\tPIX\tPIX\tPIX\t X \tPIX\tPIX\tPIX\tPIX\tPIX\t\t\t\t\nNIC8\tNODE\tNODE\tSYS\tSYS\tNODE\tNODE\tSYS\tSYS\tPIX\tPIX\tPIX\tPIX\t X \tPIX\tPIX\tPIX\tPIX\t\t\t\t\nNIC9\tNODE\tNODE\tSYS\tSYS\tNODE\tNODE\tSYS\tSYS\tPIX\tPIX\tPIX\tPIX\tPIX\t X \tPIX\tPIX\tPIX\t\t\t\t\nNIC10\tNODE\tNODE\tSYS\tSYS\tNODE\tNODE\tSYS\tSYS\tPIX\tPIX\tPIX\tPIX\tPIX\tPIX\t X \tPIX\tPIX\t\t\t\t\nNIC11\tNODE\tNODE\tSYS\tSYS\tNODE\tNODE\tSYS\tSYS\tPIX\tPIX\tPIX\tPIX\tPIX\tPIX\tPIX\t X \tPIX\t\t\t\t\nNIC12\tNODE\tNODE\tSYS\tSYS\tNODE\tNODE\tSYS\tSYS\tPIX\tPIX\tPIX\tPIX\tPIX\tPIX\tPIX\tPIX\t X \t\t\t\t\n\nLegend:\n\n  X    = Self\n  SYS  = Connection traversing PCIe as well as the SMP interconnect between NUMA nodes (e.g., QPI/UPI)\n  NODE = Connection traversing PCIe as well as the interconnect between PCIe Host Bridges within a NUMA node\n  PHB  = Connection traversing PCIe as well as a PCIe Host Bridge (typically the CPU)\n  PXB  = Connection traversing multiple PCIe bridges (without traversing the PCIe Host Bridge)\n  PIX  = Connection traversing at most a single PCIe bridge\n  NV#  = Connection traversing a bonded set of # NVLinks\n\nNIC Legend:\n\n  NIC0: ibp0\n  NIC1: ibp1\n  NIC2: ibp2\n  NIC3: ibp3\n  NIC4: mlx5_0\n  NIC5: mlx5_1\n  NIC6: mlx5_2\n  NIC7: mlx5_3\n  NIC8: mlx5_4\n  NIC9: mlx5_5\n  NIC10: mlx5_6\n  NIC11: mlx5_7\n  NIC12: mlx5_8"
            }
          },
          "before": {
            "field_errors": {},
            "gpus": [
              {
                "clocks.applications.graphics": "[Requested functionality has been deprecated]",
                "clocks.applications.memory": "[Requested functionality has been deprecated]",
                "clocks.current.graphics": "1950",
                "clocks.current.memory": "3996",
                "clocks.current.sm": "1950",
                "clocks.max.graphics": "2062",
                "clocks.max.memory": "3996",
                "clocks.max.sm": "2062",
                "driver_version": "595.71.05",
                "index": "0",
                "name": "NVIDIA GB200",
                "pci.bus_id": "00000008:01:00.0",
                "persistence_mode": "Enabled",
                "power.draw": "212.45",
                "power.limit": "1200.00",
                "pstate": "P0",
                "temperature.gpu": "36",
                "uuid": "GPU-64efb995-783a-a11a-c868-580e18809080"
              },
              {
                "clocks.applications.graphics": "[Requested functionality has been deprecated]",
                "clocks.applications.memory": "[Requested functionality has been deprecated]",
                "clocks.current.graphics": "1950",
                "clocks.current.memory": "3996",
                "clocks.current.sm": "1950",
                "clocks.max.graphics": "2062",
                "clocks.max.memory": "3996",
                "clocks.max.sm": "2062",
                "driver_version": "595.71.05",
                "index": "1",
                "name": "NVIDIA GB200",
                "pci.bus_id": "00000009:01:00.0",
                "persistence_mode": "Enabled",
                "power.draw": "203.36",
                "power.limit": "1200.00",
                "pstate": "P0",
                "temperature.gpu": "36",
                "uuid": "GPU-84233fbe-ed84-cfff-821c-7acc555c2503"
              },
              {
                "clocks.applications.graphics": "[Requested functionality has been deprecated]",
                "clocks.applications.memory": "[Requested functionality has been deprecated]",
                "clocks.current.graphics": "1950",
                "clocks.current.memory": "3996",
                "clocks.current.sm": "1950",
                "clocks.max.graphics": "2062",
                "clocks.max.memory": "3996",
                "clocks.max.sm": "2062",
                "driver_version": "595.71.05",
                "index": "2",
                "name": "NVIDIA GB200",
                "pci.bus_id": "00000018:01:00.0",
                "persistence_mode": "Enabled",
                "power.draw": "207.76",
                "power.limit": "1200.00",
                "pstate": "P0",
                "temperature.gpu": "36",
                "uuid": "GPU-19bf3c4b-1e4c-1afc-3db0-adf098d28d8b"
              },
              {
                "clocks.applications.graphics": "[Requested functionality has been deprecated]",
                "clocks.applications.memory": "[Requested functionality has been deprecated]",
                "clocks.current.graphics": "1950",
                "clocks.current.memory": "3996",
                "clocks.current.sm": "1950",
                "clocks.max.graphics": "2062",
                "clocks.max.memory": "3996",
                "clocks.max.sm": "2062",
                "driver_version": "595.71.05",
                "index": "3",
                "name": "NVIDIA GB200",
                "pci.bus_id": "00000019:01:00.0",
                "persistence_mode": "Enabled",
                "power.draw": "229.61",
                "power.limit": "1200.00",
                "pstate": "P0",
                "temperature.gpu": "36",
                "uuid": "GPU-14a91ec2-4299-59e4-c682-00a36868d987"
              }
            ],
            "topology": {
              "arguments": [
                "nvidia-smi",
                "topo",
                "-m"
              ],
              "returncode": 0,
              "stderr": "",
              "stdout": "\u001b[4mGPU0\tGPU1\tGPU2\tGPU3\tNIC0\tNIC1\tNIC2\tNIC3\tNIC4\tNIC5\tNIC6\tNIC7\tNIC8\tNIC9\tNIC10\tNIC11\tNIC12\tCPU Affinity\tNUMA Affinity\tGPU NUMA ID\u001b[0m\nGPU0\t X \tNV18\tNV18\tNV18\tNODE\tNODE\tSYS\tSYS\tNODE\tNODE\tNODE\tNODE\tNODE\tNODE\tNODE\tNODE\tNODE\t0-71\t0\t\tN/A\nGPU1\tNV18\t X \tNV18\tNV18\tNODE\tNODE\tSYS\tSYS\tNODE\tNODE\tNODE\tNODE\tNODE\tNODE\tNODE\tNODE\tNODE\t0-71\t0\t\tN/A\nGPU2\tNV18\tNV18\t X \tNV18\tSYS\tSYS\tNODE\tNODE\tSYS\tSYS\tSYS\tSYS\tSYS\tSYS\tSYS\tSYS\tSYS\t72-143\t1\t\tN/A\nGPU3\tNV18\tNV18\tNV18\t X \tSYS\tSYS\tNODE\tNODE\tSYS\tSYS\tSYS\tSYS\tSYS\tSYS\tSYS\tSYS\tSYS\t72-143\t1\t\tN/A\nNIC0\tNODE\tNODE\tSYS\tSYS\t X \tNODE\tSYS\tSYS\tNODE\tNODE\tNODE\tNODE\tNODE\tNODE\tNODE\tNODE\tNODE\t\t\t\t\nNIC1\tNODE\tNODE\tSYS\tSYS\tNODE\t X \tSYS\tSYS\tNODE\tNODE\tNODE\tNODE\tNODE\tNODE\tNODE\tNODE\tNODE\t\t\t\t\nNIC2\tSYS\tSYS\tNODE\tNODE\tSYS\tSYS\t X \tNODE\tSYS\tSYS\tSYS\tSYS\tSYS\tSYS\tSYS\tSYS\tSYS\t\t\t\t\nNIC3\tSYS\tSYS\tNODE\tNODE\tSYS\tSYS\tNODE\t X \tSYS\tSYS\tSYS\tSYS\tSYS\tSYS\tSYS\tSYS\tSYS\t\t\t\t\nNIC4\tNODE\tNODE\tSYS\tSYS\tNODE\tNODE\tSYS\tSYS\t X \tPIX\tPIX\tPIX\tPIX\tPIX\tPIX\tPIX\tPIX\t\t\t\t\nNIC5\tNODE\tNODE\tSYS\tSYS\tNODE\tNODE\tSYS\tSYS\tPIX\t X \tPIX\tPIX\tPIX\tPIX\tPIX\tPIX\tPIX\t\t\t\t\nNIC6\tNODE\tNODE\tSYS\tSYS\tNODE\tNODE\tSYS\tSYS\tPIX\tPIX\t X \tPIX\tPIX\tPIX\tPIX\tPIX\tPIX\t\t\t\t\nNIC7\tNODE\tNODE\tSYS\tSYS\tNODE\tNODE\tSYS\tSYS\tPIX\tPIX\tPIX\t X \tPIX\tPIX\tPIX\tPIX\tPIX\t\t\t\t\nNIC8\tNODE\tNODE\tSYS\tSYS\tNODE\tNODE\tSYS\tSYS\tPIX\tPIX\tPIX\tPIX\t X \tPIX\tPIX\tPIX\tPIX\t\t\t\t\nNIC9\tNODE\tNODE\tSYS\tSYS\tNODE\tNODE\tSYS\tSYS\tPIX\tPIX\tPIX\tPIX\tPIX\t X \tPIX\tPIX\tPIX\t\t\t\t\nNIC10\tNODE\tNODE\tSYS\tSYS\tNODE\tNODE\tSYS\tSYS\tPIX\tPIX\tPIX\tPIX\tPIX\tPIX\t X \tPIX\tPIX\t\t\t\t\nNIC11\tNODE\tNODE\tSYS\tSYS\tNODE\tNODE\tSYS\tSYS\tPIX\tPIX\tPIX\tPIX\tPIX\tPIX\tPIX\t X \tPIX\t\t\t\t\nNIC12\tNODE\tNODE\tSYS\tSYS\tNODE\tNODE\tSYS\tSYS\tPIX\tPIX\tPIX\tPIX\tPIX\tPIX\tPIX\tPIX\t X \t\t\t\t\n\nLegend:\n\n  X    = Self\n  SYS  = Connection traversing PCIe as well as the SMP interconnect between NUMA nodes (e.g., QPI/UPI)\n  NODE = Connection traversing PCIe as well as the interconnect between PCIe Host Bridges within a NUMA node\n  PHB  = Connection traversing PCIe as well as a PCIe Host Bridge (typically the CPU)\n  PXB  = Connection traversing multiple PCIe bridges (without traversing the PCIe Host Bridge)\n  PIX  = Connection traversing at most a single PCIe bridge\n  NV#  = Connection traversing a bonded set of # NVLinks\n\nNIC Legend:\n\n  NIC0: ibp0\n  NIC1: ibp1\n  NIC2: ibp2\n  NIC3: ibp3\n  NIC4: mlx5_0\n  NIC5: mlx5_1\n  NIC6: mlx5_2\n  NIC7: mlx5_3\n  NIC8: mlx5_4\n  NIC9: mlx5_5\n  NIC10: mlx5_6\n  NIC11: mlx5_7\n  NIC12: mlx5_8"
            }
          }
        },
        "generated_shared_expert": {
          "after": {
            "field_errors": {},
            "gpus": [
              {
                "clocks.applications.graphics": "[Requested functionality has been deprecated]",
                "clocks.applications.memory": "[Requested functionality has been deprecated]",
                "clocks.current.graphics": "1950",
                "clocks.current.memory": "3996",
                "clocks.current.sm": "1950",
                "clocks.max.graphics": "2062",
                "clocks.max.memory": "3996",
                "clocks.max.sm": "2062",
                "driver_version": "595.71.05",
                "index": "0",
                "name": "NVIDIA GB200",
                "pci.bus_id": "00000008:01:00.0",
                "persistence_mode": "Enabled",
                "power.draw": "221.46",
                "power.limit": "1200.00",
                "pstate": "P0",
                "temperature.gpu": "36",
                "uuid": "GPU-64efb995-783a-a11a-c868-580e18809080"
              },
              {
                "clocks.applications.graphics": "[Requested functionality has been deprecated]",
                "clocks.applications.memory": "[Requested functionality has been deprecated]",
                "clocks.current.graphics": "1950",
                "clocks.current.memory": "3996",
                "clocks.current.sm": "1950",
                "clocks.max.graphics": "2062",
                "clocks.max.memory": "3996",
                "clocks.max.sm": "2062",
                "driver_version": "595.71.05",
                "index": "1",
                "name": "NVIDIA GB200",
                "pci.bus_id": "00000009:01:00.0",
                "persistence_mode": "Enabled",
                "power.draw": "213.79",
                "power.limit": "1200.00",
                "pstate": "P0",
                "temperature.gpu": "36",
                "uuid": "GPU-84233fbe-ed84-cfff-821c-7acc555c2503"
              },
              {
                "clocks.applications.graphics": "[Requested functionality has been deprecated]",
                "clocks.applications.memory": "[Requested functionality has been deprecated]",
                "clocks.current.graphics": "1950",
                "clocks.current.memory": "3996",
                "clocks.current.sm": "1950",
                "clocks.max.graphics": "2062",
                "clocks.max.memory": "3996",
                "clocks.max.sm": "2062",
                "driver_version": "595.71.05",
                "index": "2",
                "name": "NVIDIA GB200",
                "pci.bus_id": "00000018:01:00.0",
                "persistence_mode": "Enabled",
                "power.draw": "220.00",
                "power.limit": "1200.00",
                "pstate": "P0",
                "temperature.gpu": "36",
                "uuid": "GPU-19bf3c4b-1e4c-1afc-3db0-adf098d28d8b"
              },
              {
                "clocks.applications.graphics": "[Requested functionality has been deprecated]",
                "clocks.applications.memory": "[Requested functionality has been deprecated]",
                "clocks.current.graphics": "1950",
                "clocks.current.memory": "3996",
                "clocks.current.sm": "1950",
                "clocks.max.graphics": "2062",
                "clocks.max.memory": "3996",
                "clocks.max.sm": "2062",
                "driver_version": "595.71.05",
                "index": "3",
                "name": "NVIDIA GB200",
                "pci.bus_id": "00000019:01:00.0",
                "persistence_mode": "Enabled",
                "power.draw": "239.81",
                "power.limit": "1200.00",
                "pstate": "P0",
                "temperature.gpu": "36",
                "uuid": "GPU-14a91ec2-4299-59e4-c682-00a36868d987"
              }
            ],
            "topology": {
              "arguments": [
                "nvidia-smi",
                "topo",
                "-m"
              ],
              "returncode": 0,
              "stderr": "",
              "stdout": "\u001b[4mGPU0\tGPU1\tGPU2\tGPU3\tNIC0\tNIC1\tNIC2\tNIC3\tNIC4\tNIC5\tNIC6\tNIC7\tNIC8\tNIC9\tNIC10\tNIC11\tNIC12\tCPU Affinity\tNUMA Affinity\tGPU NUMA ID\u001b[0m\nGPU0\t X \tNV18\tNV18\tNV18\tNODE\tNODE\tSYS\tSYS\tNODE\tNODE\tNODE\tNODE\tNODE\tNODE\tNODE\tNODE\tNODE\t0-71\t0\t\tN/A\nGPU1\tNV18\t X \tNV18\tNV18\tNODE\tNODE\tSYS\tSYS\tNODE\tNODE\tNODE\tNODE\tNODE\tNODE\tNODE\tNODE\tNODE\t0-71\t0\t\tN/A\nGPU2\tNV18\tNV18\t X \tNV18\tSYS\tSYS\tNODE\tNODE\tSYS\tSYS\tSYS\tSYS\tSYS\tSYS\tSYS\tSYS\tSYS\t72-143\t1\t\tN/A\nGPU3\tNV18\tNV18\tNV18\t X \tSYS\tSYS\tNODE\tNODE\tSYS\tSYS\tSYS\tSYS\tSYS\tSYS\tSYS\tSYS\tSYS\t72-143\t1\t\tN/A\nNIC0\tNODE\tNODE\tSYS\tSYS\t X \tNODE\tSYS\tSYS\tNODE\tNODE\tNODE\tNODE\tNODE\tNODE\tNODE\tNODE\tNODE\t\t\t\t\nNIC1\tNODE\tNODE\tSYS\tSYS\tNODE\t X \tSYS\tSYS\tNODE\tNODE\tNODE\tNODE\tNODE\tNODE\tNODE\tNODE\tNODE\t\t\t\t\nNIC2\tSYS\tSYS\tNODE\tNODE\tSYS\tSYS\t X \tNODE\tSYS\tSYS\tSYS\tSYS\tSYS\tSYS\tSYS\tSYS\tSYS\t\t\t\t\nNIC3\tSYS\tSYS\tNODE\tNODE\tSYS\tSYS\tNODE\t X \tSYS\tSYS\tSYS\tSYS\tSYS\tSYS\tSYS\tSYS\tSYS\t\t\t\t\nNIC4\tNODE\tNODE\tSYS\tSYS\tNODE\tNODE\tSYS\tSYS\t X \tPIX\tPIX\tPIX\tPIX\tPIX\tPIX\tPIX\tPIX\t\t\t\t\nNIC5\tNODE\tNODE\tSYS\tSYS\tNODE\tNODE\tSYS\tSYS\tPIX\t X \tPIX\tPIX\tPIX\tPIX\tPIX\tPIX\tPIX\t\t\t\t\nNIC6\tNODE\tNODE\tSYS\tSYS\tNODE\tNODE\tSYS\tSYS\tPIX\tPIX\t X \tPIX\tPIX\tPIX\tPIX\tPIX\tPIX\t\t\t\t\nNIC7\tNODE\tNODE\tSYS\tSYS\tNODE\tNODE\tSYS\tSYS\tPIX\tPIX\tPIX\t X \tPIX\tPIX\tPIX\tPIX\tPIX\t\t\t\t\nNIC8\tNODE\tNODE\tSYS\tSYS\tNODE\tNODE\tSYS\tSYS\tPIX\tPIX\tPIX\tPIX\t X \tPIX\tPIX\tPIX\tPIX\t\t\t\t\nNIC9\tNODE\tNODE\tSYS\tSYS\tNODE\tNODE\tSYS\tSYS\tPIX\tPIX\tPIX\tPIX\tPIX\t X \tPIX\tPIX\tPIX\t\t\t\t\nNIC10\tNODE\tNODE\tSYS\tSYS\tNODE\tNODE\tSYS\tSYS\tPIX\tPIX\tPIX\tPIX\tPIX\tPIX\t X \tPIX\tPIX\t\t\t\t\nNIC11\tNODE\tNODE\tSYS\tSYS\tNODE\tNODE\tSYS\tSYS\tPIX\tPIX\tPIX\tPIX\tPIX\tPIX\tPIX\t X \tPIX\t\t\t\t\nNIC12\tNODE\tNODE\tSYS\tSYS\tNODE\tNODE\tSYS\tSYS\tPIX\tPIX\tPIX\tPIX\tPIX\tPIX\tPIX\tPIX\t X \t\t\t\t\n\nLegend:\n\n  X    = Self\n  SYS  = Connection traversing PCIe as well as the SMP interconnect between NUMA nodes (e.g., QPI/UPI)\n  NODE = Connection traversing PCIe as well as the interconnect between PCIe Host Bridges within a NUMA node\n  PHB  = Connection traversing PCIe as well as a PCIe Host Bridge (typically the CPU)\n  PXB  = Connection traversing multiple PCIe bridges (without traversing the PCIe Host Bridge)\n  PIX  = Connection traversing at most a single PCIe bridge\n  NV#  = Connection traversing a bonded set of # NVLinks\n\nNIC Legend:\n\n  NIC0: ibp0\n  NIC1: ibp1\n  NIC2: ibp2\n  NIC3: ibp3\n  NIC4: mlx5_0\n  NIC5: mlx5_1\n  NIC6: mlx5_2\n  NIC7: mlx5_3\n  NIC8: mlx5_4\n  NIC9: mlx5_5\n  NIC10: mlx5_6\n  NIC11: mlx5_7\n  NIC12: mlx5_8"
            }
          },
          "before": {
            "field_errors": {},
            "gpus": [
              {
                "clocks.applications.graphics": "[Requested functionality has been deprecated]",
                "clocks.applications.memory": "[Requested functionality has been deprecated]",
                "clocks.current.graphics": "1950",
                "clocks.current.memory": "3996",
                "clocks.current.sm": "1950",
                "clocks.max.graphics": "2062",
                "clocks.max.memory": "3996",
                "clocks.max.sm": "2062",
                "driver_version": "595.71.05",
                "index": "0",
                "name": "NVIDIA GB200",
                "pci.bus_id": "00000008:01:00.0",
                "persistence_mode": "Enabled",
                "power.draw": "212.54",
                "power.limit": "1200.00",
                "pstate": "P0",
                "temperature.gpu": "36",
                "uuid": "GPU-64efb995-783a-a11a-c868-580e18809080"
              },
              {
                "clocks.applications.graphics": "[Requested functionality has been deprecated]",
                "clocks.applications.memory": "[Requested functionality has been deprecated]",
                "clocks.current.graphics": "1950",
                "clocks.current.memory": "3996",
                "clocks.current.sm": "1950",
                "clocks.max.graphics": "2062",
                "clocks.max.memory": "3996",
                "clocks.max.sm": "2062",
                "driver_version": "595.71.05",
                "index": "1",
                "name": "NVIDIA GB200",
                "pci.bus_id": "00000009:01:00.0",
                "persistence_mode": "Enabled",
                "power.draw": "205.25",
                "power.limit": "1200.00",
                "pstate": "P0",
                "temperature.gpu": "36",
                "uuid": "GPU-84233fbe-ed84-cfff-821c-7acc555c2503"
              },
              {
                "clocks.applications.graphics": "[Requested functionality has been deprecated]",
                "clocks.applications.memory": "[Requested functionality has been deprecated]",
                "clocks.current.graphics": "1950",
                "clocks.current.memory": "3996",
                "clocks.current.sm": "1950",
                "clocks.max.graphics": "2062",
                "clocks.max.memory": "3996",
                "clocks.max.sm": "2062",
                "driver_version": "595.71.05",
                "index": "2",
                "name": "NVIDIA GB200",
                "pci.bus_id": "00000018:01:00.0",
                "persistence_mode": "Enabled",
                "power.draw": "208.97",
                "power.limit": "1200.00",
                "pstate": "P0",
                "temperature.gpu": "36",
                "uuid": "GPU-19bf3c4b-1e4c-1afc-3db0-adf098d28d8b"
              },
              {
                "clocks.applications.graphics": "[Requested functionality has been deprecated]",
                "clocks.applications.memory": "[Requested functionality has been deprecated]",
                "clocks.current.graphics": "1950",
                "clocks.current.memory": "3996",
                "clocks.current.sm": "1950",
                "clocks.max.graphics": "2062",
                "clocks.max.memory": "3996",
                "clocks.max.sm": "2062",
                "driver_version": "595.71.05",
                "index": "3",
                "name": "NVIDIA GB200",
                "pci.bus_id": "00000019:01:00.0",
                "persistence_mode": "Enabled",
                "power.draw": "230.53",
                "power.limit": "1200.00",
                "pstate": "P0",
                "temperature.gpu": "36",
                "uuid": "GPU-14a91ec2-4299-59e4-c682-00a36868d987"
              }
            ],
            "topology": {
              "arguments": [
                "nvidia-smi",
                "topo",
                "-m"
              ],
              "returncode": 0,
              "stderr": "",
              "stdout": "\u001b[4mGPU0\tGPU1\tGPU2\tGPU3\tNIC0\tNIC1\tNIC2\tNIC3\tNIC4\tNIC5\tNIC6\tNIC7\tNIC8\tNIC9\tNIC10\tNIC11\tNIC12\tCPU Affinity\tNUMA Affinity\tGPU NUMA ID\u001b[0m\nGPU0\t X \tNV18\tNV18\tNV18\tNODE\tNODE\tSYS\tSYS\tNODE\tNODE\tNODE\tNODE\tNODE\tNODE\tNODE\tNODE\tNODE\t0-71\t0\t\tN/A\nGPU1\tNV18\t X \tNV18\tNV18\tNODE\tNODE\tSYS\tSYS\tNODE\tNODE\tNODE\tNODE\tNODE\tNODE\tNODE\tNODE\tNODE\t0-71\t0\t\tN/A\nGPU2\tNV18\tNV18\t X \tNV18\tSYS\tSYS\tNODE\tNODE\tSYS\tSYS\tSYS\tSYS\tSYS\tSYS\tSYS\tSYS\tSYS\t72-143\t1\t\tN/A\nGPU3\tNV18\tNV18\tNV18\t X \tSYS\tSYS\tNODE\tNODE\tSYS\tSYS\tSYS\tSYS\tSYS\tSYS\tSYS\tSYS\tSYS\t72-143\t1\t\tN/A\nNIC0\tNODE\tNODE\tSYS\tSYS\t X \tNODE\tSYS\tSYS\tNODE\tNODE\tNODE\tNODE\tNODE\tNODE\tNODE\tNODE\tNODE\t\t\t\t\nNIC1\tNODE\tNODE\tSYS\tSYS\tNODE\t X \tSYS\tSYS\tNODE\tNODE\tNODE\tNODE\tNODE\tNODE\tNODE\tNODE\tNODE\t\t\t\t\nNIC2\tSYS\tSYS\tNODE\tNODE\tSYS\tSYS\t X \tNODE\tSYS\tSYS\tSYS\tSYS\tSYS\tSYS\tSYS\tSYS\tSYS\t\t\t\t\nNIC3\tSYS\tSYS\tNODE\tNODE\tSYS\tSYS\tNODE\t X \tSYS\tSYS\tSYS\tSYS\tSYS\tSYS\tSYS\tSYS\tSYS\t\t\t\t\nNIC4\tNODE\tNODE\tSYS\tSYS\tNODE\tNODE\tSYS\tSYS\t X \tPIX\tPIX\tPIX\tPIX\tPIX\tPIX\tPIX\tPIX\t\t\t\t\nNIC5\tNODE\tNODE\tSYS\tSYS\tNODE\tNODE\tSYS\tSYS\tPIX\t X \tPIX\tPIX\tPIX\tPIX\tPIX\tPIX\tPIX\t\t\t\t\nNIC6\tNODE\tNODE\tSYS\tSYS\tNODE\tNODE\tSYS\tSYS\tPIX\tPIX\t X \tPIX\tPIX\tPIX\tPIX\tPIX\tPIX\t\t\t\t\nNIC7\tNODE\tNODE\tSYS\tSYS\tNODE\tNODE\tSYS\tSYS\tPIX\tPIX\tPIX\t X \tPIX\tPIX\tPIX\tPIX\tPIX\t\t\t\t\nNIC8\tNODE\tNODE\tSYS\tSYS\tNODE\tNODE\tSYS\tSYS\tPIX\tPIX\tPIX\tPIX\t X \tPIX\tPIX\tPIX\tPIX\t\t\t\t\nNIC9\tNODE\tNODE\tSYS\tSYS\tNODE\tNODE\tSYS\tSYS\tPIX\tPIX\tPIX\tPIX\tPIX\t X \tPIX\tPIX\tPIX\t\t\t\t\nNIC10\tNODE\tNODE\tSYS\tSYS\tNODE\tNODE\tSYS\tSYS\tPIX\tPIX\tPIX\tPIX\tPIX\tPIX\t X \tPIX\tPIX\t\t\t\t\nNIC11\tNODE\tNODE\tSYS\tSYS\tNODE\tNODE\tSYS\tSYS\tPIX\tPIX\tPIX\tPIX\tPIX\tPIX\tPIX\t X \tPIX\t\t\t\t\nNIC12\tNODE\tNODE\tSYS\tSYS\tNODE\tNODE\tSYS\tSYS\tPIX\tPIX\tPIX\tPIX\tPIX\tPIX\tPIX\tPIX\t X \t\t\t\t\n\nLegend:\n\n  X    = Self\n  SYS  = Connection traversing PCIe as well as the SMP interconnect between NUMA nodes (e.g., QPI/UPI)\n  NODE = Connection traversing PCIe as well as the interconnect between PCIe Host Bridges within a NUMA node\n  PHB  = Connection traversing PCIe as well as a PCIe Host Bridge (typically the CPU)\n  PXB  = Connection traversing multiple PCIe bridges (without traversing the PCIe Host Bridge)\n  PIX  = Connection traversing at most a single PCIe bridge\n  NV#  = Connection traversing a bonded set of # NVLinks\n\nNIC Legend:\n\n  NIC0: ibp0\n  NIC1: ibp1\n  NIC2: ibp2\n  NIC3: ibp3\n  NIC4: mlx5_0\n  NIC5: mlx5_1\n  NIC6: mlx5_2\n  NIC7: mlx5_3\n  NIC8: mlx5_4\n  NIC9: mlx5_5\n  NIC10: mlx5_6\n  NIC11: mlx5_7\n  NIC12: mlx5_8"
            }
          }
        },
        "mok_oracle_post_route": {
          "after": {
            "field_errors": {},
            "gpus": [
              {
                "clocks.applications.graphics": "[Requested functionality has been deprecated]",
                "clocks.applications.memory": "[Requested functionality has been deprecated]",
                "clocks.current.graphics": "1950",
                "clocks.current.memory": "3996",
                "clocks.current.sm": "1950",
                "clocks.max.graphics": "2062",
                "clocks.max.memory": "3996",
                "clocks.max.sm": "2062",
                "driver_version": "595.71.05",
                "index": "0",
                "name": "NVIDIA GB200",
                "pci.bus_id": "00000008:01:00.0",
                "persistence_mode": "Enabled",
                "power.draw": "364.51",
                "power.limit": "1200.00",
                "pstate": "P0",
                "temperature.gpu": "37",
                "uuid": "GPU-64efb995-783a-a11a-c868-580e18809080"
              },
              {
                "clocks.applications.graphics": "[Requested functionality has been deprecated]",
                "clocks.applications.memory": "[Requested functionality has been deprecated]",
                "clocks.current.graphics": "1950",
                "clocks.current.memory": "3996",
                "clocks.current.sm": "1950",
                "clocks.max.graphics": "2062",
                "clocks.max.memory": "3996",
                "clocks.max.sm": "2062",
                "driver_version": "595.71.05",
                "index": "1",
                "name": "NVIDIA GB200",
                "pci.bus_id": "00000009:01:00.0",
                "persistence_mode": "Enabled",
                "power.draw": "361.39",
                "power.limit": "1200.00",
                "pstate": "P0",
                "temperature.gpu": "37",
                "uuid": "GPU-84233fbe-ed84-cfff-821c-7acc555c2503"
              },
              {
                "clocks.applications.graphics": "[Requested functionality has been deprecated]",
                "clocks.applications.memory": "[Requested functionality has been deprecated]",
                "clocks.current.graphics": "1950",
                "clocks.current.memory": "3996",
                "clocks.current.sm": "1950",
                "clocks.max.graphics": "2062",
                "clocks.max.memory": "3996",
                "clocks.max.sm": "2062",
                "driver_version": "595.71.05",
                "index": "2",
                "name": "NVIDIA GB200",
                "pci.bus_id": "00000018:01:00.0",
                "persistence_mode": "Enabled",
                "power.draw": "363.74",
                "power.limit": "1200.00",
                "pstate": "P0",
                "temperature.gpu": "37",
                "uuid": "GPU-19bf3c4b-1e4c-1afc-3db0-adf098d28d8b"
              },
              {
                "clocks.applications.graphics": "[Requested functionality has been deprecated]",
                "clocks.applications.memory": "[Requested functionality has been deprecated]",
                "clocks.current.graphics": "1950",
                "clocks.current.memory": "3996",
                "clocks.current.sm": "1950",
                "clocks.max.graphics": "2062",
                "clocks.max.memory": "3996",
                "clocks.max.sm": "2062",
                "driver_version": "595.71.05",
                "index": "3",
                "name": "NVIDIA GB200",
                "pci.bus_id": "00000019:01:00.0",
                "persistence_mode": "Enabled",
                "power.draw": "383.48",
                "power.limit": "1200.00",
                "pstate": "P0",
                "temperature.gpu": "37",
                "uuid": "GPU-14a91ec2-4299-59e4-c682-00a36868d987"
              }
            ],
            "topology": {
              "arguments": [
                "nvidia-smi",
                "topo",
                "-m"
              ],
              "returncode": 0,
              "stderr": "",
              "stdout": "\u001b[4mGPU0\tGPU1\tGPU2\tGPU3\tNIC0\tNIC1\tNIC2\tNIC3\tNIC4\tNIC5\tNIC6\tNIC7\tNIC8\tNIC9\tNIC10\tNIC11\tNIC12\tCPU Affinity\tNUMA Affinity\tGPU NUMA ID\u001b[0m\nGPU0\t X \tNV18\tNV18\tNV18\tNODE\tNODE\tSYS\tSYS\tNODE\tNODE\tNODE\tNODE\tNODE\tNODE\tNODE\tNODE\tNODE\t0-71\t0\t\tN/A\nGPU1\tNV18\t X \tNV18\tNV18\tNODE\tNODE\tSYS\tSYS\tNODE\tNODE\tNODE\tNODE\tNODE\tNODE\tNODE\tNODE\tNODE\t0-71\t0\t\tN/A\nGPU2\tNV18\tNV18\t X \tNV18\tSYS\tSYS\tNODE\tNODE\tSYS\tSYS\tSYS\tSYS\tSYS\tSYS\tSYS\tSYS\tSYS\t72-143\t1\t\tN/A\nGPU3\tNV18\tNV18\tNV18\t X \tSYS\tSYS\tNODE\tNODE\tSYS\tSYS\tSYS\tSYS\tSYS\tSYS\tSYS\tSYS\tSYS\t72-143\t1\t\tN/A\nNIC0\tNODE\tNODE\tSYS\tSYS\t X \tNODE\tSYS\tSYS\tNODE\tNODE\tNODE\tNODE\tNODE\tNODE\tNODE\tNODE\tNODE\t\t\t\t\nNIC1\tNODE\tNODE\tSYS\tSYS\tNODE\t X \tSYS\tSYS\tNODE\tNODE\tNODE\tNODE\tNODE\tNODE\tNODE\tNODE\tNODE\t\t\t\t\nNIC2\tSYS\tSYS\tNODE\tNODE\tSYS\tSYS\t X \tNODE\tSYS\tSYS\tSYS\tSYS\tSYS\tSYS\tSYS\tSYS\tSYS\t\t\t\t\nNIC3\tSYS\tSYS\tNODE\tNODE\tSYS\tSYS\tNODE\t X \tSYS\tSYS\tSYS\tSYS\tSYS\tSYS\tSYS\tSYS\tSYS\t\t\t\t\nNIC4\tNODE\tNODE\tSYS\tSYS\tNODE\tNODE\tSYS\tSYS\t X \tPIX\tPIX\tPIX\tPIX\tPIX\tPIX\tPIX\tPIX\t\t\t\t\nNIC5\tNODE\tNODE\tSYS\tSYS\tNODE\tNODE\tSYS\tSYS\tPIX\t X \tPIX\tPIX\tPIX\tPIX\tPIX\tPIX\tPIX\t\t\t\t\nNIC6\tNODE\tNODE\tSYS\tSYS\tNODE\tNODE\tSYS\tSYS\tPIX\tPIX\t X \tPIX\tPIX\tPIX\tPIX\tPIX\tPIX\t\t\t\t\nNIC7\tNODE\tNODE\tSYS\tSYS\tNODE\tNODE\tSYS\tSYS\tPIX\tPIX\tPIX\t X \tPIX\tPIX\tPIX\tPIX\tPIX\t\t\t\t\nNIC8\tNODE\tNODE\tSYS\tSYS\tNODE\tNODE\tSYS\tSYS\tPIX\tPIX\tPIX\tPIX\t X \tPIX\tPIX\tPIX\tPIX\t\t\t\t\nNIC9\tNODE\tNODE\tSYS\tSYS\tNODE\tNODE\tSYS\tSYS\tPIX\tPIX\tPIX\tPIX\tPIX\t X \tPIX\tPIX\tPIX\t\t\t\t\nNIC10\tNODE\tNODE\tSYS\tSYS\tNODE\tNODE\tSYS\tSYS\tPIX\tPIX\tPIX\tPIX\tPIX\tPIX\t X \tPIX\tPIX\t\t\t\t\nNIC11\tNODE\tNODE\tSYS\tSYS\tNODE\tNODE\tSYS\tSYS\tPIX\tPIX\tPIX\tPIX\tPIX\tPIX\tPIX\t X \tPIX\t\t\t\t\nNIC12\tNODE\tNODE\tSYS\tSYS\tNODE\tNODE\tSYS\tSYS\tPIX\tPIX\tPIX\tPIX\tPIX\tPIX\tPIX\tPIX\t X \t\t\t\t\n\nLegend:\n\n  X    = Self\n  SYS  = Connection traversing PCIe as well as the SMP interconnect between NUMA nodes (e.g., QPI/UPI)\n  NODE = Connection traversing PCIe as well as the interconnect between PCIe Host Bridges within a NUMA node\n  PHB  = Connection traversing PCIe as well as a PCIe Host Bridge (typically the CPU)\n  PXB  = Connection traversing multiple PCIe bridges (without traversing the PCIe Host Bridge)\n  PIX  = Connection traversing at most a single PCIe bridge\n  NV#  = Connection traversing a bonded set of # NVLinks\n\nNIC Legend:\n\n  NIC0: ibp0\n  NIC1: ibp1\n  NIC2: ibp2\n  NIC3: ibp3\n  NIC4: mlx5_0\n  NIC5: mlx5_1\n  NIC6: mlx5_2\n  NIC7: mlx5_3\n  NIC8: mlx5_4\n  NIC9: mlx5_5\n  NIC10: mlx5_6\n  NIC11: mlx5_7\n  NIC12: mlx5_8"
            }
          },
          "before": {
            "field_errors": {},
            "gpus": [
              {
                "clocks.applications.graphics": "[Requested functionality has been deprecated]",
                "clocks.applications.memory": "[Requested functionality has been deprecated]",
                "clocks.current.graphics": "1950",
                "clocks.current.memory": "3996",
                "clocks.current.sm": "1950",
                "clocks.max.graphics": "2062",
                "clocks.max.memory": "3996",
                "clocks.max.sm": "2062",
                "driver_version": "595.71.05",
                "index": "0",
                "name": "NVIDIA GB200",
                "pci.bus_id": "00000008:01:00.0",
                "persistence_mode": "Enabled",
                "power.draw": "213.23",
                "power.limit": "1200.00",
                "pstate": "P0",
                "temperature.gpu": "37",
                "uuid": "GPU-64efb995-783a-a11a-c868-580e18809080"
              },
              {
                "clocks.applications.graphics": "[Requested functionality has been deprecated]",
                "clocks.applications.memory": "[Requested functionality has been deprecated]",
                "clocks.current.graphics": "1950",
                "clocks.current.memory": "3996",
                "clocks.current.sm": "1950",
                "clocks.max.graphics": "2062",
                "clocks.max.memory": "3996",
                "clocks.max.sm": "2062",
                "driver_version": "595.71.05",
                "index": "1",
                "name": "NVIDIA GB200",
                "pci.bus_id": "00000009:01:00.0",
                "persistence_mode": "Enabled",
                "power.draw": "205.65",
                "power.limit": "1200.00",
                "pstate": "P0",
                "temperature.gpu": "37",
                "uuid": "GPU-84233fbe-ed84-cfff-821c-7acc555c2503"
              },
              {
                "clocks.applications.graphics": "[Requested functionality has been deprecated]",
                "clocks.applications.memory": "[Requested functionality has been deprecated]",
                "clocks.current.graphics": "1950",
                "clocks.current.memory": "3996",
                "clocks.current.sm": "1950",
                "clocks.max.graphics": "2062",
                "clocks.max.memory": "3996",
                "clocks.max.sm": "2062",
                "driver_version": "595.71.05",
                "index": "2",
                "name": "NVIDIA GB200",
                "pci.bus_id": "00000018:01:00.0",
                "persistence_mode": "Enabled",
                "power.draw": "210.15",
                "power.limit": "1200.00",
                "pstate": "P0",
                "temperature.gpu": "36",
                "uuid": "GPU-19bf3c4b-1e4c-1afc-3db0-adf098d28d8b"
              },
              {
                "clocks.applications.graphics": "[Requested functionality has been deprecated]",
                "clocks.applications.memory": "[Requested functionality has been deprecated]",
                "clocks.current.graphics": "1950",
                "clocks.current.memory": "3996",
                "clocks.current.sm": "1950",
                "clocks.max.graphics": "2062",
                "clocks.max.memory": "3996",
                "clocks.max.sm": "2062",
                "driver_version": "595.71.05",
                "index": "3",
                "name": "NVIDIA GB200",
                "pci.bus_id": "00000019:01:00.0",
                "persistence_mode": "Enabled",
                "power.draw": "231.25",
                "power.limit": "1200.00",
                "pstate": "P0",
                "temperature.gpu": "36",
                "uuid": "GPU-14a91ec2-4299-59e4-c682-00a36868d987"
              }
            ],
            "topology": {
              "arguments": [
                "nvidia-smi",
                "topo",
                "-m"
              ],
              "returncode": 0,
              "stderr": "",
              "stdout": "\u001b[4mGPU0\tGPU1\tGPU2\tGPU3\tNIC0\tNIC1\tNIC2\tNIC3\tNIC4\tNIC5\tNIC6\tNIC7\tNIC8\tNIC9\tNIC10\tNIC11\tNIC12\tCPU Affinity\tNUMA Affinity\tGPU NUMA ID\u001b[0m\nGPU0\t X \tNV18\tNV18\tNV18\tNODE\tNODE\tSYS\tSYS\tNODE\tNODE\tNODE\tNODE\tNODE\tNODE\tNODE\tNODE\tNODE\t0-71\t0\t\tN/A\nGPU1\tNV18\t X \tNV18\tNV18\tNODE\tNODE\tSYS\tSYS\tNODE\tNODE\tNODE\tNODE\tNODE\tNODE\tNODE\tNODE\tNODE\t0-71\t0\t\tN/A\nGPU2\tNV18\tNV18\t X \tNV18\tSYS\tSYS\tNODE\tNODE\tSYS\tSYS\tSYS\tSYS\tSYS\tSYS\tSYS\tSYS\tSYS\t72-143\t1\t\tN/A\nGPU3\tNV18\tNV18\tNV18\t X \tSYS\tSYS\tNODE\tNODE\tSYS\tSYS\tSYS\tSYS\tSYS\tSYS\tSYS\tSYS\tSYS\t72-143\t1\t\tN/A\nNIC0\tNODE\tNODE\tSYS\tSYS\t X \tNODE\tSYS\tSYS\tNODE\tNODE\tNODE\tNODE\tNODE\tNODE\tNODE\tNODE\tNODE\t\t\t\t\nNIC1\tNODE\tNODE\tSYS\tSYS\tNODE\t X \tSYS\tSYS\tNODE\tNODE\tNODE\tNODE\tNODE\tNODE\tNODE\tNODE\tNODE\t\t\t\t\nNIC2\tSYS\tSYS\tNODE\tNODE\tSYS\tSYS\t X \tNODE\tSYS\tSYS\tSYS\tSYS\tSYS\tSYS\tSYS\tSYS\tSYS\t\t\t\t\nNIC3\tSYS\tSYS\tNODE\tNODE\tSYS\tSYS\tNODE\t X \tSYS\tSYS\tSYS\tSYS\tSYS\tSYS\tSYS\tSYS\tSYS\t\t\t\t\nNIC4\tNODE\tNODE\tSYS\tSYS\tNODE\tNODE\tSYS\tSYS\t X \tPIX\tPIX\tPIX\tPIX\tPIX\tPIX\tPIX\tPIX\t\t\t\t\nNIC5\tNODE\tNODE\tSYS\tSYS\tNODE\tNODE\tSYS\tSYS\tPIX\t X \tPIX\tPIX\tPIX\tPIX\tPIX\tPIX\tPIX\t\t\t\t\nNIC6\tNODE\tNODE\tSYS\tSYS\tNODE\tNODE\tSYS\tSYS\tPIX\tPIX\t X \tPIX\tPIX\tPIX\tPIX\tPIX\tPIX\t\t\t\t\nNIC7\tNODE\tNODE\tSYS\tSYS\tNODE\tNODE\tSYS\tSYS\tPIX\tPIX\tPIX\t X \tPIX\tPIX\tPIX\tPIX\tPIX\t\t\t\t\nNIC8\tNODE\tNODE\tSYS\tSYS\tNODE\tNODE\tSYS\tSYS\tPIX\tPIX\tPIX\tPIX\t X \tPIX\tPIX\tPIX\tPIX\t\t\t\t\nNIC9\tNODE\tNODE\tSYS\tSYS\tNODE\tNODE\tSYS\tSYS\tPIX\tPIX\tPIX\tPIX\tPIX\t X \tPIX\tPIX\tPIX\t\t\t\t\nNIC10\tNODE\tNODE\tSYS\tSYS\tNODE\tNODE\tSYS\tSYS\tPIX\tPIX\tPIX\tPIX\tPIX\tPIX\t X \tPIX\tPIX\t\t\t\t\nNIC11\tNODE\tNODE\tSYS\tSYS\tNODE\tNODE\tSYS\tSYS\tPIX\tPIX\tPIX\tPIX\tPIX\tPIX\tPIX\t X \tPIX\t\t\t\t\nNIC12\tNODE\tNODE\tSYS\tSYS\tNODE\tNODE\tSYS\tSYS\tPIX\tPIX\tPIX\tPIX\tPIX\tPIX\tPIX\tPIX\t X \t\t\t\t\n\nLegend:\n\n  X    = Self\n  SYS  = Connection traversing PCIe as well as the SMP interconnect between NUMA nodes (e.g., QPI/UPI)\n  NODE = Connection traversing PCIe as well as the interconnect between PCIe Host Bridges within a NUMA node\n  PHB  = Connection traversing PCIe as well as a PCIe Host Bridge (typically the CPU)\n  PXB  = Connection traversing multiple PCIe bridges (without traversing the PCIe Host Bridge)\n  PIX  = Connection traversing at most a single PCIe bridge\n  NV#  = Connection traversing a bonded set of # NVLinks\n\nNIC Legend:\n\n  NIC0: ibp0\n  NIC1: ibp1\n  NIC2: ibp2\n  NIC3: ibp3\n  NIC4: mlx5_0\n  NIC5: mlx5_1\n  NIC6: mlx5_2\n  NIC7: mlx5_3\n  NIC8: mlx5_4\n  NIC9: mlx5_5\n  NIC10: mlx5_6\n  NIC11: mlx5_7\n  NIC12: mlx5_8"
            }
          }
        },
        "natural_end_to_end_mok_oracle": {
          "after": {
            "field_errors": {},
            "gpus": [
              {
                "clocks.applications.graphics": "[Requested functionality has been deprecated]",
                "clocks.applications.memory": "[Requested functionality has been deprecated]",
                "clocks.current.graphics": "1950",
                "clocks.current.memory": "3996",
                "clocks.current.sm": "1950",
                "clocks.max.graphics": "2062",
                "clocks.max.memory": "3996",
                "clocks.max.sm": "2062",
                "driver_version": "595.71.05",
                "index": "0",
                "name": "NVIDIA GB200",
                "pci.bus_id": "00000008:01:00.0",
                "persistence_mode": "Enabled",
                "power.draw": "368.58",
                "power.limit": "1200.00",
                "pstate": "P0",
                "temperature.gpu": "37",
                "uuid": "GPU-64efb995-783a-a11a-c868-580e18809080"
              },
              {
                "clocks.applications.graphics": "[Requested functionality has been deprecated]",
                "clocks.applications.memory": "[Requested functionality has been deprecated]",
                "clocks.current.graphics": "1950",
                "clocks.current.memory": "3996",
                "clocks.current.sm": "1950",
                "clocks.max.graphics": "2062",
                "clocks.max.memory": "3996",
                "clocks.max.sm": "2062",
                "driver_version": "595.71.05",
                "index": "1",
                "name": "NVIDIA GB200",
                "pci.bus_id": "00000009:01:00.0",
                "persistence_mode": "Enabled",
                "power.draw": "362.79",
                "power.limit": "1200.00",
                "pstate": "P0",
                "temperature.gpu": "37",
                "uuid": "GPU-84233fbe-ed84-cfff-821c-7acc555c2503"
              },
              {
                "clocks.applications.graphics": "[Requested functionality has been deprecated]",
                "clocks.applications.memory": "[Requested functionality has been deprecated]",
                "clocks.current.graphics": "1950",
                "clocks.current.memory": "3996",
                "clocks.current.sm": "1950",
                "clocks.max.graphics": "2062",
                "clocks.max.memory": "3996",
                "clocks.max.sm": "2062",
                "driver_version": "595.71.05",
                "index": "2",
                "name": "NVIDIA GB200",
                "pci.bus_id": "00000018:01:00.0",
                "persistence_mode": "Enabled",
                "power.draw": "364.52",
                "power.limit": "1200.00",
                "pstate": "P0",
                "temperature.gpu": "37",
                "uuid": "GPU-19bf3c4b-1e4c-1afc-3db0-adf098d28d8b"
              },
              {
                "clocks.applications.graphics": "[Requested functionality has been deprecated]",
                "clocks.applications.memory": "[Requested functionality has been deprecated]",
                "clocks.current.graphics": "1950",
                "clocks.current.memory": "3996",
                "clocks.current.sm": "1950",
                "clocks.max.graphics": "2062",
                "clocks.max.memory": "3996",
                "clocks.max.sm": "2062",
                "driver_version": "595.71.05",
                "index": "3",
                "name": "NVIDIA GB200",
                "pci.bus_id": "00000019:01:00.0",
                "persistence_mode": "Enabled",
                "power.draw": "383.88",
                "power.limit": "1200.00",
                "pstate": "P0",
                "temperature.gpu": "37",
                "uuid": "GPU-14a91ec2-4299-59e4-c682-00a36868d987"
              }
            ],
            "topology": {
              "arguments": [
                "nvidia-smi",
                "topo",
                "-m"
              ],
              "returncode": 0,
              "stderr": "",
              "stdout": "\u001b[4mGPU0\tGPU1\tGPU2\tGPU3\tNIC0\tNIC1\tNIC2\tNIC3\tNIC4\tNIC5\tNIC6\tNIC7\tNIC8\tNIC9\tNIC10\tNIC11\tNIC12\tCPU Affinity\tNUMA Affinity\tGPU NUMA ID\u001b[0m\nGPU0\t X \tNV18\tNV18\tNV18\tNODE\tNODE\tSYS\tSYS\tNODE\tNODE\tNODE\tNODE\tNODE\tNODE\tNODE\tNODE\tNODE\t0-71\t0\t\tN/A\nGPU1\tNV18\t X \tNV18\tNV18\tNODE\tNODE\tSYS\tSYS\tNODE\tNODE\tNODE\tNODE\tNODE\tNODE\tNODE\tNODE\tNODE\t0-71\t0\t\tN/A\nGPU2\tNV18\tNV18\t X \tNV18\tSYS\tSYS\tNODE\tNODE\tSYS\tSYS\tSYS\tSYS\tSYS\tSYS\tSYS\tSYS\tSYS\t72-143\t1\t\tN/A\nGPU3\tNV18\tNV18\tNV18\t X \tSYS\tSYS\tNODE\tNODE\tSYS\tSYS\tSYS\tSYS\tSYS\tSYS\tSYS\tSYS\tSYS\t72-143\t1\t\tN/A\nNIC0\tNODE\tNODE\tSYS\tSYS\t X \tNODE\tSYS\tSYS\tNODE\tNODE\tNODE\tNODE\tNODE\tNODE\tNODE\tNODE\tNODE\t\t\t\t\nNIC1\tNODE\tNODE\tSYS\tSYS\tNODE\t X \tSYS\tSYS\tNODE\tNODE\tNODE\tNODE\tNODE\tNODE\tNODE\tNODE\tNODE\t\t\t\t\nNIC2\tSYS\tSYS\tNODE\tNODE\tSYS\tSYS\t X \tNODE\tSYS\tSYS\tSYS\tSYS\tSYS\tSYS\tSYS\tSYS\tSYS\t\t\t\t\nNIC3\tSYS\tSYS\tNODE\tNODE\tSYS\tSYS\tNODE\t X \tSYS\tSYS\tSYS\tSYS\tSYS\tSYS\tSYS\tSYS\tSYS\t\t\t\t\nNIC4\tNODE\tNODE\tSYS\tSYS\tNODE\tNODE\tSYS\tSYS\t X \tPIX\tPIX\tPIX\tPIX\tPIX\tPIX\tPIX\tPIX\t\t\t\t\nNIC5\tNODE\tNODE\tSYS\tSYS\tNODE\tNODE\tSYS\tSYS\tPIX\t X \tPIX\tPIX\tPIX\tPIX\tPIX\tPIX\tPIX\t\t\t\t\nNIC6\tNODE\tNODE\tSYS\tSYS\tNODE\tNODE\tSYS\tSYS\tPIX\tPIX\t X \tPIX\tPIX\tPIX\tPIX\tPIX\tPIX\t\t\t\t\nNIC7\tNODE\tNODE\tSYS\tSYS\tNODE\tNODE\tSYS\tSYS\tPIX\tPIX\tPIX\t X \tPIX\tPIX\tPIX\tPIX\tPIX\t\t\t\t\nNIC8\tNODE\tNODE\tSYS\tSYS\tNODE\tNODE\tSYS\tSYS\tPIX\tPIX\tPIX\tPIX\t X \tPIX\tPIX\tPIX\tPIX\t\t\t\t\nNIC9\tNODE\tNODE\tSYS\tSYS\tNODE\tNODE\tSYS\tSYS\tPIX\tPIX\tPIX\tPIX\tPIX\t X \tPIX\tPIX\tPIX\t\t\t\t\nNIC10\tNODE\tNODE\tSYS\tSYS\tNODE\tNODE\tSYS\tSYS\tPIX\tPIX\tPIX\tPIX\tPIX\tPIX\t X \tPIX\tPIX\t\t\t\t\nNIC11\tNODE\tNODE\tSYS\tSYS\tNODE\tNODE\tSYS\tSYS\tPIX\tPIX\tPIX\tPIX\tPIX\tPIX\tPIX\t X \tPIX\t\t\t\t\nNIC12\tNODE\tNODE\tSYS\tSYS\tNODE\tNODE\tSYS\tSYS\tPIX\tPIX\tPIX\tPIX\tPIX\tPIX\tPIX\tPIX\t X \t\t\t\t\n\nLegend:\n\n  X    = Self\n  SYS  = Connection traversing PCIe as well as the SMP interconnect between NUMA nodes (e.g., QPI/UPI)\n  NODE = Connection traversing PCIe as well as the interconnect between PCIe Host Bridges within a NUMA node\n  PHB  = Connection traversing PCIe as well as a PCIe Host Bridge (typically the CPU)\n  PXB  = Connection traversing multiple PCIe bridges (without traversing the PCIe Host Bridge)\n  PIX  = Connection traversing at most a single PCIe bridge\n  NV#  = Connection traversing a bonded set of # NVLinks\n\nNIC Legend:\n\n  NIC0: ibp0\n  NIC1: ibp1\n  NIC2: ibp2\n  NIC3: ibp3\n  NIC4: mlx5_0\n  NIC5: mlx5_1\n  NIC6: mlx5_2\n  NIC7: mlx5_3\n  NIC8: mlx5_4\n  NIC9: mlx5_5\n  NIC10: mlx5_6\n  NIC11: mlx5_7\n  NIC12: mlx5_8"
            }
          },
          "before": {
            "field_errors": {},
            "gpus": [
              {
                "clocks.applications.graphics": "[Requested functionality has been deprecated]",
                "clocks.applications.memory": "[Requested functionality has been deprecated]",
                "clocks.current.graphics": "1950",
                "clocks.current.memory": "3996",
                "clocks.current.sm": "1950",
                "clocks.max.graphics": "2062",
                "clocks.max.memory": "3996",
                "clocks.max.sm": "2062",
                "driver_version": "595.71.05",
                "index": "0",
                "name": "NVIDIA GB200",
                "pci.bus_id": "00000008:01:00.0",
                "persistence_mode": "Enabled",
                "power.draw": "212.95",
                "power.limit": "1200.00",
                "pstate": "P0",
                "temperature.gpu": "36",
                "uuid": "GPU-64efb995-783a-a11a-c868-580e18809080"
              },
              {
                "clocks.applications.graphics": "[Requested functionality has been deprecated]",
                "clocks.applications.memory": "[Requested functionality has been deprecated]",
                "clocks.current.graphics": "1950",
                "clocks.current.memory": "3996",
                "clocks.current.sm": "1950",
                "clocks.max.graphics": "2062",
                "clocks.max.memory": "3996",
                "clocks.max.sm": "2062",
                "driver_version": "595.71.05",
                "index": "1",
                "name": "NVIDIA GB200",
                "pci.bus_id": "00000009:01:00.0",
                "persistence_mode": "Enabled",
                "power.draw": "205.54",
                "power.limit": "1200.00",
                "pstate": "P0",
                "temperature.gpu": "37",
                "uuid": "GPU-84233fbe-ed84-cfff-821c-7acc555c2503"
              },
              {
                "clocks.applications.graphics": "[Requested functionality has been deprecated]",
                "clocks.applications.memory": "[Requested functionality has been deprecated]",
                "clocks.current.graphics": "1950",
                "clocks.current.memory": "3996",
                "clocks.current.sm": "1950",
                "clocks.max.graphics": "2062",
                "clocks.max.memory": "3996",
                "clocks.max.sm": "2062",
                "driver_version": "595.71.05",
                "index": "2",
                "name": "NVIDIA GB200",
                "pci.bus_id": "00000018:01:00.0",
                "persistence_mode": "Enabled",
                "power.draw": "209.72",
                "power.limit": "1200.00",
                "pstate": "P0",
                "temperature.gpu": "36",
                "uuid": "GPU-19bf3c4b-1e4c-1afc-3db0-adf098d28d8b"
              },
              {
                "clocks.applications.graphics": "[Requested functionality has been deprecated]",
                "clocks.applications.memory": "[Requested functionality has been deprecated]",
                "clocks.current.graphics": "1950",
                "clocks.current.memory": "3996",
                "clocks.current.sm": "1950",
                "clocks.max.graphics": "2062",
                "clocks.max.memory": "3996",
                "clocks.max.sm": "2062",
                "driver_version": "595.71.05",
                "index": "3",
                "name": "NVIDIA GB200",
                "pci.bus_id": "00000019:01:00.0",
                "persistence_mode": "Enabled",
                "power.draw": "231.71",
                "power.limit": "1200.00",
                "pstate": "P0",
                "temperature.gpu": "36",
                "uuid": "GPU-14a91ec2-4299-59e4-c682-00a36868d987"
              }
            ],
            "topology": {
              "arguments": [
                "nvidia-smi",
                "topo",
                "-m"
              ],
              "returncode": 0,
              "stderr": "",
              "stdout": "\u001b[4mGPU0\tGPU1\tGPU2\tGPU3\tNIC0\tNIC1\tNIC2\tNIC3\tNIC4\tNIC5\tNIC6\tNIC7\tNIC8\tNIC9\tNIC10\tNIC11\tNIC12\tCPU Affinity\tNUMA Affinity\tGPU NUMA ID\u001b[0m\nGPU0\t X \tNV18\tNV18\tNV18\tNODE\tNODE\tSYS\tSYS\tNODE\tNODE\tNODE\tNODE\tNODE\tNODE\tNODE\tNODE\tNODE\t0-71\t0\t\tN/A\nGPU1\tNV18\t X \tNV18\tNV18\tNODE\tNODE\tSYS\tSYS\tNODE\tNODE\tNODE\tNODE\tNODE\tNODE\tNODE\tNODE\tNODE\t0-71\t0\t\tN/A\nGPU2\tNV18\tNV18\t X \tNV18\tSYS\tSYS\tNODE\tNODE\tSYS\tSYS\tSYS\tSYS\tSYS\tSYS\tSYS\tSYS\tSYS\t72-143\t1\t\tN/A\nGPU3\tNV18\tNV18\tNV18\t X \tSYS\tSYS\tNODE\tNODE\tSYS\tSYS\tSYS\tSYS\tSYS\tSYS\tSYS\tSYS\tSYS\t72-143\t1\t\tN/A\nNIC0\tNODE\tNODE\tSYS\tSYS\t X \tNODE\tSYS\tSYS\tNODE\tNODE\tNODE\tNODE\tNODE\tNODE\tNODE\tNODE\tNODE\t\t\t\t\nNIC1\tNODE\tNODE\tSYS\tSYS\tNODE\t X \tSYS\tSYS\tNODE\tNODE\tNODE\tNODE\tNODE\tNODE\tNODE\tNODE\tNODE\t\t\t\t\nNIC2\tSYS\tSYS\tNODE\tNODE\tSYS\tSYS\t X \tNODE\tSYS\tSYS\tSYS\tSYS\tSYS\tSYS\tSYS\tSYS\tSYS\t\t\t\t\nNIC3\tSYS\tSYS\tNODE\tNODE\tSYS\tSYS\tNODE\t X \tSYS\tSYS\tSYS\tSYS\tSYS\tSYS\tSYS\tSYS\tSYS\t\t\t\t\nNIC4\tNODE\tNODE\tSYS\tSYS\tNODE\tNODE\tSYS\tSYS\t X \tPIX\tPIX\tPIX\tPIX\tPIX\tPIX\tPIX\tPIX\t\t\t\t\nNIC5\tNODE\tNODE\tSYS\tSYS\tNODE\tNODE\tSYS\tSYS\tPIX\t X \tPIX\tPIX\tPIX\tPIX\tPIX\tPIX\tPIX\t\t\t\t\nNIC6\tNODE\tNODE\tSYS\tSYS\tNODE\tNODE\tSYS\tSYS\tPIX\tPIX\t X \tPIX\tPIX\tPIX\tPIX\tPIX\tPIX\t\t\t\t\nNIC7\tNODE\tNODE\tSYS\tSYS\tNODE\tNODE\tSYS\tSYS\tPIX\tPIX\tPIX\t X \tPIX\tPIX\tPIX\tPIX\tPIX\t\t\t\t\nNIC8\tNODE\tNODE\tSYS\tSYS\tNODE\tNODE\tSYS\tSYS\tPIX\tPIX\tPIX\tPIX\t X \tPIX\tPIX\tPIX\tPIX\t\t\t\t\nNIC9\tNODE\tNODE\tSYS\tSYS\tNODE\tNODE\tSYS\tSYS\tPIX\tPIX\tPIX\tPIX\tPIX\t X \tPIX\tPIX\tPIX\t\t\t\t\nNIC10\tNODE\tNODE\tSYS\tSYS\tNODE\tNODE\tSYS\tSYS\tPIX\tPIX\tPIX\tPIX\tPIX\tPIX\t X \tPIX\tPIX\t\t\t\t\nNIC11\tNODE\tNODE\tSYS\tSYS\tNODE\tNODE\tSYS\tSYS\tPIX\tPIX\tPIX\tPIX\tPIX\tPIX\tPIX\t X \tPIX\t\t\t\t\nNIC12\tNODE\tNODE\tSYS\tSYS\tNODE\tNODE\tSYS\tSYS\tPIX\tPIX\tPIX\tPIX\tPIX\tPIX\tPIX\tPIX\t X \t\t\t\t\n\nLegend:\n\n  X    = Self\n  SYS  = Connection traversing PCIe as well as the SMP interconnect between NUMA nodes (e.g., QPI/UPI)\n  NODE = Connection traversing PCIe as well as the interconnect between PCIe Host Bridges within a NUMA node\n  PHB  = Connection traversing PCIe as well as a PCIe Host Bridge (typically the CPU)\n  PXB  = Connection traversing multiple PCIe bridges (without traversing the PCIe Host Bridge)\n  PIX  = Connection traversing at most a single PCIe bridge\n  NV#  = Connection traversing a bonded set of # NVLinks\n\nNIC Legend:\n\n  NIC0: ibp0\n  NIC1: ibp1\n  NIC2: ibp2\n  NIC3: ibp3\n  NIC4: mlx5_0\n  NIC5: mlx5_1\n  NIC6: mlx5_2\n  NIC7: mlx5_3\n  NIC8: mlx5_4\n  NIC9: mlx5_5\n  NIC10: mlx5_6\n  NIC11: mlx5_7\n  NIC12: mlx5_8"
            }
          }
        },
        "natural_end_to_end_shuttle": {
          "after": {
            "field_errors": {},
            "gpus": [
              {
                "clocks.applications.graphics": "[Requested functionality has been deprecated]",
                "clocks.applications.memory": "[Requested functionality has been deprecated]",
                "clocks.current.graphics": "1950",
                "clocks.current.memory": "3996",
                "clocks.current.sm": "1950",
                "clocks.max.graphics": "2062",
                "clocks.max.memory": "3996",
                "clocks.max.sm": "2062",
                "driver_version": "595.71.05",
                "index": "0",
                "name": "NVIDIA GB200",
                "pci.bus_id": "00000008:01:00.0",
                "persistence_mode": "Enabled",
                "power.draw": "369.99",
                "power.limit": "1200.00",
                "pstate": "P0",
                "temperature.gpu": "37",
                "uuid": "GPU-64efb995-783a-a11a-c868-580e18809080"
              },
              {
                "clocks.applications.graphics": "[Requested functionality has been deprecated]",
                "clocks.applications.memory": "[Requested functionality has been deprecated]",
                "clocks.current.graphics": "1950",
                "clocks.current.memory": "3996",
                "clocks.current.sm": "1950",
                "clocks.max.graphics": "2062",
                "clocks.max.memory": "3996",
                "clocks.max.sm": "2062",
                "driver_version": "595.71.05",
                "index": "1",
                "name": "NVIDIA GB200",
                "pci.bus_id": "00000009:01:00.0",
                "persistence_mode": "Enabled",
                "power.draw": "375.88",
                "power.limit": "1200.00",
                "pstate": "P0",
                "temperature.gpu": "38",
                "uuid": "GPU-84233fbe-ed84-cfff-821c-7acc555c2503"
              },
              {
                "clocks.applications.graphics": "[Requested functionality has been deprecated]",
                "clocks.applications.memory": "[Requested functionality has been deprecated]",
                "clocks.current.graphics": "1950",
                "clocks.current.memory": "3996",
                "clocks.current.sm": "1950",
                "clocks.max.graphics": "2062",
                "clocks.max.memory": "3996",
                "clocks.max.sm": "2062",
                "driver_version": "595.71.05",
                "index": "2",
                "name": "NVIDIA GB200",
                "pci.bus_id": "00000018:01:00.0",
                "persistence_mode": "Enabled",
                "power.draw": "368.38",
                "power.limit": "1200.00",
                "pstate": "P0",
                "temperature.gpu": "37",
                "uuid": "GPU-19bf3c4b-1e4c-1afc-3db0-adf098d28d8b"
              },
              {
                "clocks.applications.graphics": "[Requested functionality has been deprecated]",
                "clocks.applications.memory": "[Requested functionality has been deprecated]",
                "clocks.current.graphics": "1950",
                "clocks.current.memory": "3996",
                "clocks.current.sm": "1950",
                "clocks.max.graphics": "2062",
                "clocks.max.memory": "3996",
                "clocks.max.sm": "2062",
                "driver_version": "595.71.05",
                "index": "3",
                "name": "NVIDIA GB200",
                "pci.bus_id": "00000019:01:00.0",
                "persistence_mode": "Enabled",
                "power.draw": "388.61",
                "power.limit": "1200.00",
                "pstate": "P0",
                "temperature.gpu": "37",
                "uuid": "GPU-14a91ec2-4299-59e4-c682-00a36868d987"
              }
            ],
            "topology": {
              "arguments": [
                "nvidia-smi",
                "topo",
                "-m"
              ],
              "returncode": 0,
              "stderr": "",
              "stdout": "\u001b[4mGPU0\tGPU1\tGPU2\tGPU3\tNIC0\tNIC1\tNIC2\tNIC3\tNIC4\tNIC5\tNIC6\tNIC7\tNIC8\tNIC9\tNIC10\tNIC11\tNIC12\tCPU Affinity\tNUMA Affinity\tGPU NUMA ID\u001b[0m\nGPU0\t X \tNV18\tNV18\tNV18\tNODE\tNODE\tSYS\tSYS\tNODE\tNODE\tNODE\tNODE\tNODE\tNODE\tNODE\tNODE\tNODE\t0-71\t0\t\tN/A\nGPU1\tNV18\t X \tNV18\tNV18\tNODE\tNODE\tSYS\tSYS\tNODE\tNODE\tNODE\tNODE\tNODE\tNODE\tNODE\tNODE\tNODE\t0-71\t0\t\tN/A\nGPU2\tNV18\tNV18\t X \tNV18\tSYS\tSYS\tNODE\tNODE\tSYS\tSYS\tSYS\tSYS\tSYS\tSYS\tSYS\tSYS\tSYS\t72-143\t1\t\tN/A\nGPU3\tNV18\tNV18\tNV18\t X \tSYS\tSYS\tNODE\tNODE\tSYS\tSYS\tSYS\tSYS\tSYS\tSYS\tSYS\tSYS\tSYS\t72-143\t1\t\tN/A\nNIC0\tNODE\tNODE\tSYS\tSYS\t X \tNODE\tSYS\tSYS\tNODE\tNODE\tNODE\tNODE\tNODE\tNODE\tNODE\tNODE\tNODE\t\t\t\t\nNIC1\tNODE\tNODE\tSYS\tSYS\tNODE\t X \tSYS\tSYS\tNODE\tNODE\tNODE\tNODE\tNODE\tNODE\tNODE\tNODE\tNODE\t\t\t\t\nNIC2\tSYS\tSYS\tNODE\tNODE\tSYS\tSYS\t X \tNODE\tSYS\tSYS\tSYS\tSYS\tSYS\tSYS\tSYS\tSYS\tSYS\t\t\t\t\nNIC3\tSYS\tSYS\tNODE\tNODE\tSYS\tSYS\tNODE\t X \tSYS\tSYS\tSYS\tSYS\tSYS\tSYS\tSYS\tSYS\tSYS\t\t\t\t\nNIC4\tNODE\tNODE\tSYS\tSYS\tNODE\tNODE\tSYS\tSYS\t X \tPIX\tPIX\tPIX\tPIX\tPIX\tPIX\tPIX\tPIX\t\t\t\t\nNIC5\tNODE\tNODE\tSYS\tSYS\tNODE\tNODE\tSYS\tSYS\tPIX\t X \tPIX\tPIX\tPIX\tPIX\tPIX\tPIX\tPIX\t\t\t\t\nNIC6\tNODE\tNODE\tSYS\tSYS\tNODE\tNODE\tSYS\tSYS\tPIX\tPIX\t X \tPIX\tPIX\tPIX\tPIX\tPIX\tPIX\t\t\t\t\nNIC7\tNODE\tNODE\tSYS\tSYS\tNODE\tNODE\tSYS\tSYS\tPIX\tPIX\tPIX\t X \tPIX\tPIX\tPIX\tPIX\tPIX\t\t\t\t\nNIC8\tNODE\tNODE\tSYS\tSYS\tNODE\tNODE\tSYS\tSYS\tPIX\tPIX\tPIX\tPIX\t X \tPIX\tPIX\tPIX\tPIX\t\t\t\t\nNIC9\tNODE\tNODE\tSYS\tSYS\tNODE\tNODE\tSYS\tSYS\tPIX\tPIX\tPIX\tPIX\tPIX\t X \tPIX\tPIX\tPIX\t\t\t\t\nNIC10\tNODE\tNODE\tSYS\tSYS\tNODE\tNODE\tSYS\tSYS\tPIX\tPIX\tPIX\tPIX\tPIX\tPIX\t X \tPIX\tPIX\t\t\t\t\nNIC11\tNODE\tNODE\tSYS\tSYS\tNODE\tNODE\tSYS\tSYS\tPIX\tPIX\tPIX\tPIX\tPIX\tPIX\tPIX\t X \tPIX\t\t\t\t\nNIC12\tNODE\tNODE\tSYS\tSYS\tNODE\tNODE\tSYS\tSYS\tPIX\tPIX\tPIX\tPIX\tPIX\tPIX\tPIX\tPIX\t X \t\t\t\t\n\nLegend:\n\n  X    = Self\n  SYS  = Connection traversing PCIe as well as the SMP interconnect between NUMA nodes (e.g., QPI/UPI)\n  NODE = Connection traversing PCIe as well as the interconnect between PCIe Host Bridges within a NUMA node\n  PHB  = Connection traversing PCIe as well as a PCIe Host Bridge (typically the CPU)\n  PXB  = Connection traversing multiple PCIe bridges (without traversing the PCIe Host Bridge)\n  PIX  = Connection traversing at most a single PCIe bridge\n  NV#  = Connection traversing a bonded set of # NVLinks\n\nNIC Legend:\n\n  NIC0: ibp0\n  NIC1: ibp1\n  NIC2: ibp2\n  NIC3: ibp3\n  NIC4: mlx5_0\n  NIC5: mlx5_1\n  NIC6: mlx5_2\n  NIC7: mlx5_3\n  NIC8: mlx5_4\n  NIC9: mlx5_5\n  NIC10: mlx5_6\n  NIC11: mlx5_7\n  NIC12: mlx5_8"
            }
          },
          "before": {
            "field_errors": {},
            "gpus": [
              {
                "clocks.applications.graphics": "[Requested functionality has been deprecated]",
                "clocks.applications.memory": "[Requested functionality has been deprecated]",
                "clocks.current.graphics": "1950",
                "clocks.current.memory": "3996",
                "clocks.current.sm": "1950",
                "clocks.max.graphics": "2062",
                "clocks.max.memory": "3996",
                "clocks.max.sm": "2062",
                "driver_version": "595.71.05",
                "index": "0",
                "name": "NVIDIA GB200",
                "pci.bus_id": "00000008:01:00.0",
                "persistence_mode": "Enabled",
                "power.draw": "212.79",
                "power.limit": "1200.00",
                "pstate": "P0",
                "temperature.gpu": "37",
                "uuid": "GPU-64efb995-783a-a11a-c868-580e18809080"
              },
              {
                "clocks.applications.graphics": "[Requested functionality has been deprecated]",
                "clocks.applications.memory": "[Requested functionality has been deprecated]",
                "clocks.current.graphics": "1950",
                "clocks.current.memory": "3996",
                "clocks.current.sm": "1950",
                "clocks.max.graphics": "2062",
                "clocks.max.memory": "3996",
                "clocks.max.sm": "2062",
                "driver_version": "595.71.05",
                "index": "1",
                "name": "NVIDIA GB200",
                "pci.bus_id": "00000009:01:00.0",
                "persistence_mode": "Enabled",
                "power.draw": "205.71",
                "power.limit": "1200.00",
                "pstate": "P0",
                "temperature.gpu": "37",
                "uuid": "GPU-84233fbe-ed84-cfff-821c-7acc555c2503"
              },
              {
                "clocks.applications.graphics": "[Requested functionality has been deprecated]",
                "clocks.applications.memory": "[Requested functionality has been deprecated]",
                "clocks.current.graphics": "1950",
                "clocks.current.memory": "3996",
                "clocks.current.sm": "1950",
                "clocks.max.graphics": "2062",
                "clocks.max.memory": "3996",
                "clocks.max.sm": "2062",
                "driver_version": "595.71.05",
                "index": "2",
                "name": "NVIDIA GB200",
                "pci.bus_id": "00000018:01:00.0",
                "persistence_mode": "Enabled",
                "power.draw": "209.77",
                "power.limit": "1200.00",
                "pstate": "P0",
                "temperature.gpu": "36",
                "uuid": "GPU-19bf3c4b-1e4c-1afc-3db0-adf098d28d8b"
              },
              {
                "clocks.applications.graphics": "[Requested functionality has been deprecated]",
                "clocks.applications.memory": "[Requested functionality has been deprecated]",
                "clocks.current.graphics": "1950",
                "clocks.current.memory": "3996",
                "clocks.current.sm": "1950",
                "clocks.max.graphics": "2062",
                "clocks.max.memory": "3996",
                "clocks.max.sm": "2062",
                "driver_version": "595.71.05",
                "index": "3",
                "name": "NVIDIA GB200",
                "pci.bus_id": "00000019:01:00.0",
                "persistence_mode": "Enabled",
                "power.draw": "231.95",
                "power.limit": "1200.00",
                "pstate": "P0",
                "temperature.gpu": "36",
                "uuid": "GPU-14a91ec2-4299-59e4-c682-00a36868d987"
              }
            ],
            "topology": {
              "arguments": [
                "nvidia-smi",
                "topo",
                "-m"
              ],
              "returncode": 0,
              "stderr": "",
              "stdout": "\u001b[4mGPU0\tGPU1\tGPU2\tGPU3\tNIC0\tNIC1\tNIC2\tNIC3\tNIC4\tNIC5\tNIC6\tNIC7\tNIC8\tNIC9\tNIC10\tNIC11\tNIC12\tCPU Affinity\tNUMA Affinity\tGPU NUMA ID\u001b[0m\nGPU0\t X \tNV18\tNV18\tNV18\tNODE\tNODE\tSYS\tSYS\tNODE\tNODE\tNODE\tNODE\tNODE\tNODE\tNODE\tNODE\tNODE\t0-71\t0\t\tN/A\nGPU1\tNV18\t X \tNV18\tNV18\tNODE\tNODE\tSYS\tSYS\tNODE\tNODE\tNODE\tNODE\tNODE\tNODE\tNODE\tNODE\tNODE\t0-71\t0\t\tN/A\nGPU2\tNV18\tNV18\t X \tNV18\tSYS\tSYS\tNODE\tNODE\tSYS\tSYS\tSYS\tSYS\tSYS\tSYS\tSYS\tSYS\tSYS\t72-143\t1\t\tN/A\nGPU3\tNV18\tNV18\tNV18\t X \tSYS\tSYS\tNODE\tNODE\tSYS\tSYS\tSYS\tSYS\tSYS\tSYS\tSYS\tSYS\tSYS\t72-143\t1\t\tN/A\nNIC0\tNODE\tNODE\tSYS\tSYS\t X \tNODE\tSYS\tSYS\tNODE\tNODE\tNODE\tNODE\tNODE\tNODE\tNODE\tNODE\tNODE\t\t\t\t\nNIC1\tNODE\tNODE\tSYS\tSYS\tNODE\t X \tSYS\tSYS\tNODE\tNODE\tNODE\tNODE\tNODE\tNODE\tNODE\tNODE\tNODE\t\t\t\t\nNIC2\tSYS\tSYS\tNODE\tNODE\tSYS\tSYS\t X \tNODE\tSYS\tSYS\tSYS\tSYS\tSYS\tSYS\tSYS\tSYS\tSYS\t\t\t\t\nNIC3\tSYS\tSYS\tNODE\tNODE\tSYS\tSYS\tNODE\t X \tSYS\tSYS\tSYS\tSYS\tSYS\tSYS\tSYS\tSYS\tSYS\t\t\t\t\nNIC4\tNODE\tNODE\tSYS\tSYS\tNODE\tNODE\tSYS\tSYS\t X \tPIX\tPIX\tPIX\tPIX\tPIX\tPIX\tPIX\tPIX\t\t\t\t\nNIC5\tNODE\tNODE\tSYS\tSYS\tNODE\tNODE\tSYS\tSYS\tPIX\t X \tPIX\tPIX\tPIX\tPIX\tPIX\tPIX\tPIX\t\t\t\t\nNIC6\tNODE\tNODE\tSYS\tSYS\tNODE\tNODE\tSYS\tSYS\tPIX\tPIX\t X \tPIX\tPIX\tPIX\tPIX\tPIX\tPIX\t\t\t\t\nNIC7\tNODE\tNODE\tSYS\tSYS\tNODE\tNODE\tSYS\tSYS\tPIX\tPIX\tPIX\t X \tPIX\tPIX\tPIX\tPIX\tPIX\t\t\t\t\nNIC8\tNODE\tNODE\tSYS\tSYS\tNODE\tNODE\tSYS\tSYS\tPIX\tPIX\tPIX\tPIX\t X \tPIX\tPIX\tPIX\tPIX\t\t\t\t\nNIC9\tNODE\tNODE\tSYS\tSYS\tNODE\tNODE\tSYS\tSYS\tPIX\tPIX\tPIX\tPIX\tPIX\t X \tPIX\tPIX\tPIX\t\t\t\t\nNIC10\tNODE\tNODE\tSYS\tSYS\tNODE\tNODE\tSYS\tSYS\tPIX\tPIX\tPIX\tPIX\tPIX\tPIX\t X \tPIX\tPIX\t\t\t\t\nNIC11\tNODE\tNODE\tSYS\tSYS\tNODE\tNODE\tSYS\tSYS\tPIX\tPIX\tPIX\tPIX\tPIX\tPIX\tPIX\t X \tPIX\t\t\t\t\nNIC12\tNODE\tNODE\tSYS\tSYS\tNODE\tNODE\tSYS\tSYS\tPIX\tPIX\tPIX\tPIX\tPIX\tPIX\tPIX\tPIX\t X \t\t\t\t\n\nLegend:\n\n  X    = Self\n  SYS  = Connection traversing PCIe as well as the SMP interconnect between NUMA nodes (e.g., QPI/UPI)\n  NODE = Connection traversing PCIe as well as the interconnect between PCIe Host Bridges within a NUMA node\n  PHB  = Connection traversing PCIe as well as a PCIe Host Bridge (typically the CPU)\n  PXB  = Connection traversing multiple PCIe bridges (without traversing the PCIe Host Bridge)\n  PIX  = Connection traversing at most a single PCIe bridge\n  NV#  = Connection traversing a bonded set of # NVLinks\n\nNIC Legend:\n\n  NIC0: ibp0\n  NIC1: ibp1\n  NIC2: ibp2\n  NIC3: ibp3\n  NIC4: mlx5_0\n  NIC5: mlx5_1\n  NIC6: mlx5_2\n  NIC7: mlx5_3\n  NIC8: mlx5_4\n  NIC9: mlx5_5\n  NIC10: mlx5_6\n  NIC11: mlx5_7\n  NIC12: mlx5_8"
            }
          }
        },
        "natural_router_contract_topk_fold": {
          "after": {
            "field_errors": {},
            "gpus": [
              {
                "clocks.applications.graphics": "[Requested functionality has been deprecated]",
                "clocks.applications.memory": "[Requested functionality has been deprecated]",
                "clocks.current.graphics": "1950",
                "clocks.current.memory": "3996",
                "clocks.current.sm": "1950",
                "clocks.max.graphics": "2062",
                "clocks.max.memory": "3996",
                "clocks.max.sm": "2062",
                "driver_version": "595.71.05",
                "index": "0",
                "name": "NVIDIA GB200",
                "pci.bus_id": "00000008:01:00.0",
                "persistence_mode": "Enabled",
                "power.draw": "212.96",
                "power.limit": "1200.00",
                "pstate": "P0",
                "temperature.gpu": "36",
                "uuid": "GPU-64efb995-783a-a11a-c868-580e18809080"
              },
              {
                "clocks.applications.graphics": "[Requested functionality has been deprecated]",
                "clocks.applications.memory": "[Requested functionality has been deprecated]",
                "clocks.current.graphics": "1950",
                "clocks.current.memory": "3996",
                "clocks.current.sm": "1950",
                "clocks.max.graphics": "2062",
                "clocks.max.memory": "3996",
                "clocks.max.sm": "2062",
                "driver_version": "595.71.05",
                "index": "1",
                "name": "NVIDIA GB200",
                "pci.bus_id": "00000009:01:00.0",
                "persistence_mode": "Enabled",
                "power.draw": "205.92",
                "power.limit": "1200.00",
                "pstate": "P0",
                "temperature.gpu": "37",
                "uuid": "GPU-84233fbe-ed84-cfff-821c-7acc555c2503"
              },
              {
                "clocks.applications.graphics": "[Requested functionality has been deprecated]",
                "clocks.applications.memory": "[Requested functionality has been deprecated]",
                "clocks.current.graphics": "1950",
                "clocks.current.memory": "3996",
                "clocks.current.sm": "1950",
                "clocks.max.graphics": "2062",
                "clocks.max.memory": "3996",
                "clocks.max.sm": "2062",
                "driver_version": "595.71.05",
                "index": "2",
                "name": "NVIDIA GB200",
                "pci.bus_id": "00000018:01:00.0",
                "persistence_mode": "Enabled",
                "power.draw": "209.18",
                "power.limit": "1200.00",
                "pstate": "P0",
                "temperature.gpu": "36",
                "uuid": "GPU-19bf3c4b-1e4c-1afc-3db0-adf098d28d8b"
              },
              {
                "clocks.applications.graphics": "[Requested functionality has been deprecated]",
                "clocks.applications.memory": "[Requested functionality has been deprecated]",
                "clocks.current.graphics": "1950",
                "clocks.current.memory": "3996",
                "clocks.current.sm": "1950",
                "clocks.max.graphics": "2062",
                "clocks.max.memory": "3996",
                "clocks.max.sm": "2062",
                "driver_version": "595.71.05",
                "index": "3",
                "name": "NVIDIA GB200",
                "pci.bus_id": "00000019:01:00.0",
                "persistence_mode": "Enabled",
                "power.draw": "231.80",
                "power.limit": "1200.00",
                "pstate": "P0",
                "temperature.gpu": "36",
                "uuid": "GPU-14a91ec2-4299-59e4-c682-00a36868d987"
              }
            ],
            "topology": {
              "arguments": [
                "nvidia-smi",
                "topo",
                "-m"
              ],
              "returncode": 0,
              "stderr": "",
              "stdout": "\u001b[4mGPU0\tGPU1\tGPU2\tGPU3\tNIC0\tNIC1\tNIC2\tNIC3\tNIC4\tNIC5\tNIC6\tNIC7\tNIC8\tNIC9\tNIC10\tNIC11\tNIC12\tCPU Affinity\tNUMA Affinity\tGPU NUMA ID\u001b[0m\nGPU0\t X \tNV18\tNV18\tNV18\tNODE\tNODE\tSYS\tSYS\tNODE\tNODE\tNODE\tNODE\tNODE\tNODE\tNODE\tNODE\tNODE\t0-71\t0\t\tN/A\nGPU1\tNV18\t X \tNV18\tNV18\tNODE\tNODE\tSYS\tSYS\tNODE\tNODE\tNODE\tNODE\tNODE\tNODE\tNODE\tNODE\tNODE\t0-71\t0\t\tN/A\nGPU2\tNV18\tNV18\t X \tNV18\tSYS\tSYS\tNODE\tNODE\tSYS\tSYS\tSYS\tSYS\tSYS\tSYS\tSYS\tSYS\tSYS\t72-143\t1\t\tN/A\nGPU3\tNV18\tNV18\tNV18\t X \tSYS\tSYS\tNODE\tNODE\tSYS\tSYS\tSYS\tSYS\tSYS\tSYS\tSYS\tSYS\tSYS\t72-143\t1\t\tN/A\nNIC0\tNODE\tNODE\tSYS\tSYS\t X \tNODE\tSYS\tSYS\tNODE\tNODE\tNODE\tNODE\tNODE\tNODE\tNODE\tNODE\tNODE\t\t\t\t\nNIC1\tNODE\tNODE\tSYS\tSYS\tNODE\t X \tSYS\tSYS\tNODE\tNODE\tNODE\tNODE\tNODE\tNODE\tNODE\tNODE\tNODE\t\t\t\t\nNIC2\tSYS\tSYS\tNODE\tNODE\tSYS\tSYS\t X \tNODE\tSYS\tSYS\tSYS\tSYS\tSYS\tSYS\tSYS\tSYS\tSYS\t\t\t\t\nNIC3\tSYS\tSYS\tNODE\tNODE\tSYS\tSYS\tNODE\t X \tSYS\tSYS\tSYS\tSYS\tSYS\tSYS\tSYS\tSYS\tSYS\t\t\t\t\nNIC4\tNODE\tNODE\tSYS\tSYS\tNODE\tNODE\tSYS\tSYS\t X \tPIX\tPIX\tPIX\tPIX\tPIX\tPIX\tPIX\tPIX\t\t\t\t\nNIC5\tNODE\tNODE\tSYS\tSYS\tNODE\tNODE\tSYS\tSYS\tPIX\t X \tPIX\tPIX\tPIX\tPIX\tPIX\tPIX\tPIX\t\t\t\t\nNIC6\tNODE\tNODE\tSYS\tSYS\tNODE\tNODE\tSYS\tSYS\tPIX\tPIX\t X \tPIX\tPIX\tPIX\tPIX\tPIX\tPIX\t\t\t\t\nNIC7\tNODE\tNODE\tSYS\tSYS\tNODE\tNODE\tSYS\tSYS\tPIX\tPIX\tPIX\t X \tPIX\tPIX\tPIX\tPIX\tPIX\t\t\t\t\nNIC8\tNODE\tNODE\tSYS\tSYS\tNODE\tNODE\tSYS\tSYS\tPIX\tPIX\tPIX\tPIX\t X \tPIX\tPIX\tPIX\tPIX\t\t\t\t\nNIC9\tNODE\tNODE\tSYS\tSYS\tNODE\tNODE\tSYS\tSYS\tPIX\tPIX\tPIX\tPIX\tPIX\t X \tPIX\tPIX\tPIX\t\t\t\t\nNIC10\tNODE\tNODE\tSYS\tSYS\tNODE\tNODE\tSYS\tSYS\tPIX\tPIX\tPIX\tPIX\tPIX\tPIX\t X \tPIX\tPIX\t\t\t\t\nNIC11\tNODE\tNODE\tSYS\tSYS\tNODE\tNODE\tSYS\tSYS\tPIX\tPIX\tPIX\tPIX\tPIX\tPIX\tPIX\t X \tPIX\t\t\t\t\nNIC12\tNODE\tNODE\tSYS\tSYS\tNODE\tNODE\tSYS\tSYS\tPIX\tPIX\tPIX\tPIX\tPIX\tPIX\tPIX\tPIX\t X \t\t\t\t\n\nLegend:\n\n  X    = Self\n  SYS  = Connection traversing PCIe as well as the SMP interconnect between NUMA nodes (e.g., QPI/UPI)\n  NODE = Connection traversing PCIe as well as the interconnect between PCIe Host Bridges within a NUMA node\n  PHB  = Connection traversing PCIe as well as a PCIe Host Bridge (typically the CPU)\n  PXB  = Connection traversing multiple PCIe bridges (without traversing the PCIe Host Bridge)\n  PIX  = Connection traversing at most a single PCIe bridge\n  NV#  = Connection traversing a bonded set of # NVLinks\n\nNIC Legend:\n\n  NIC0: ibp0\n  NIC1: ibp1\n  NIC2: ibp2\n  NIC3: ibp3\n  NIC4: mlx5_0\n  NIC5: mlx5_1\n  NIC6: mlx5_2\n  NIC7: mlx5_3\n  NIC8: mlx5_4\n  NIC9: mlx5_5\n  NIC10: mlx5_6\n  NIC11: mlx5_7\n  NIC12: mlx5_8"
            }
          },
          "before": {
            "field_errors": {},
            "gpus": [
              {
                "clocks.applications.graphics": "[Requested functionality has been deprecated]",
                "clocks.applications.memory": "[Requested functionality has been deprecated]",
                "clocks.current.graphics": "1950",
                "clocks.current.memory": "3996",
                "clocks.current.sm": "1950",
                "clocks.max.graphics": "2062",
                "clocks.max.memory": "3996",
                "clocks.max.sm": "2062",
                "driver_version": "595.71.05",
                "index": "0",
                "name": "NVIDIA GB200",
                "pci.bus_id": "00000008:01:00.0",
                "persistence_mode": "Enabled",
                "power.draw": "213.46",
                "power.limit": "1200.00",
                "pstate": "P0",
                "temperature.gpu": "37",
                "uuid": "GPU-64efb995-783a-a11a-c868-580e18809080"
              },
              {
                "clocks.applications.graphics": "[Requested functionality has been deprecated]",
                "clocks.applications.memory": "[Requested functionality has been deprecated]",
                "clocks.current.graphics": "1950",
                "clocks.current.memory": "3996",
                "clocks.current.sm": "1950",
                "clocks.max.graphics": "2062",
                "clocks.max.memory": "3996",
                "clocks.max.sm": "2062",
                "driver_version": "595.71.05",
                "index": "1",
                "name": "NVIDIA GB200",
                "pci.bus_id": "00000009:01:00.0",
                "persistence_mode": "Enabled",
                "power.draw": "205.99",
                "power.limit": "1200.00",
                "pstate": "P0",
                "temperature.gpu": "37",
                "uuid": "GPU-84233fbe-ed84-cfff-821c-7acc555c2503"
              },
              {
                "clocks.applications.graphics": "[Requested functionality has been deprecated]",
                "clocks.applications.memory": "[Requested functionality has been deprecated]",
                "clocks.current.graphics": "1950",
                "clocks.current.memory": "3996",
                "clocks.current.sm": "1950",
                "clocks.max.graphics": "2062",
                "clocks.max.memory": "3996",
                "clocks.max.sm": "2062",
                "driver_version": "595.71.05",
                "index": "2",
                "name": "NVIDIA GB200",
                "pci.bus_id": "00000018:01:00.0",
                "persistence_mode": "Enabled",
                "power.draw": "209.99",
                "power.limit": "1200.00",
                "pstate": "P0",
                "temperature.gpu": "36",
                "uuid": "GPU-19bf3c4b-1e4c-1afc-3db0-adf098d28d8b"
              },
              {
                "clocks.applications.graphics": "[Requested functionality has been deprecated]",
                "clocks.applications.memory": "[Requested functionality has been deprecated]",
                "clocks.current.graphics": "1950",
                "clocks.current.memory": "3996",
                "clocks.current.sm": "1950",
                "clocks.max.graphics": "2062",
                "clocks.max.memory": "3996",
                "clocks.max.sm": "2062",
                "driver_version": "595.71.05",
                "index": "3",
                "name": "NVIDIA GB200",
                "pci.bus_id": "00000019:01:00.0",
                "persistence_mode": "Enabled",
                "power.draw": "231.88",
                "power.limit": "1200.00",
                "pstate": "P0",
                "temperature.gpu": "36",
                "uuid": "GPU-14a91ec2-4299-59e4-c682-00a36868d987"
              }
            ],
            "topology": {
              "arguments": [
                "nvidia-smi",
                "topo",
                "-m"
              ],
              "returncode": 0,
              "stderr": "",
              "stdout": "\u001b[4mGPU0\tGPU1\tGPU2\tGPU3\tNIC0\tNIC1\tNIC2\tNIC3\tNIC4\tNIC5\tNIC6\tNIC7\tNIC8\tNIC9\tNIC10\tNIC11\tNIC12\tCPU Affinity\tNUMA Affinity\tGPU NUMA ID\u001b[0m\nGPU0\t X \tNV18\tNV18\tNV18\tNODE\tNODE\tSYS\tSYS\tNODE\tNODE\tNODE\tNODE\tNODE\tNODE\tNODE\tNODE\tNODE\t0-71\t0\t\tN/A\nGPU1\tNV18\t X \tNV18\tNV18\tNODE\tNODE\tSYS\tSYS\tNODE\tNODE\tNODE\tNODE\tNODE\tNODE\tNODE\tNODE\tNODE\t0-71\t0\t\tN/A\nGPU2\tNV18\tNV18\t X \tNV18\tSYS\tSYS\tNODE\tNODE\tSYS\tSYS\tSYS\tSYS\tSYS\tSYS\tSYS\tSYS\tSYS\t72-143\t1\t\tN/A\nGPU3\tNV18\tNV18\tNV18\t X \tSYS\tSYS\tNODE\tNODE\tSYS\tSYS\tSYS\tSYS\tSYS\tSYS\tSYS\tSYS\tSYS\t72-143\t1\t\tN/A\nNIC0\tNODE\tNODE\tSYS\tSYS\t X \tNODE\tSYS\tSYS\tNODE\tNODE\tNODE\tNODE\tNODE\tNODE\tNODE\tNODE\tNODE\t\t\t\t\nNIC1\tNODE\tNODE\tSYS\tSYS\tNODE\t X \tSYS\tSYS\tNODE\tNODE\tNODE\tNODE\tNODE\tNODE\tNODE\tNODE\tNODE\t\t\t\t\nNIC2\tSYS\tSYS\tNODE\tNODE\tSYS\tSYS\t X \tNODE\tSYS\tSYS\tSYS\tSYS\tSYS\tSYS\tSYS\tSYS\tSYS\t\t\t\t\nNIC3\tSYS\tSYS\tNODE\tNODE\tSYS\tSYS\tNODE\t X \tSYS\tSYS\tSYS\tSYS\tSYS\tSYS\tSYS\tSYS\tSYS\t\t\t\t\nNIC4\tNODE\tNODE\tSYS\tSYS\tNODE\tNODE\tSYS\tSYS\t X \tPIX\tPIX\tPIX\tPIX\tPIX\tPIX\tPIX\tPIX\t\t\t\t\nNIC5\tNODE\tNODE\tSYS\tSYS\tNODE\tNODE\tSYS\tSYS\tPIX\t X \tPIX\tPIX\tPIX\tPIX\tPIX\tPIX\tPIX\t\t\t\t\nNIC6\tNODE\tNODE\tSYS\tSYS\tNODE\tNODE\tSYS\tSYS\tPIX\tPIX\t X \tPIX\tPIX\tPIX\tPIX\tPIX\tPIX\t\t\t\t\nNIC7\tNODE\tNODE\tSYS\tSYS\tNODE\tNODE\tSYS\tSYS\tPIX\tPIX\tPIX\t X \tPIX\tPIX\tPIX\tPIX\tPIX\t\t\t\t\nNIC8\tNODE\tNODE\tSYS\tSYS\tNODE\tNODE\tSYS\tSYS\tPIX\tPIX\tPIX\tPIX\t X \tPIX\tPIX\tPIX\tPIX\t\t\t\t\nNIC9\tNODE\tNODE\tSYS\tSYS\tNODE\tNODE\tSYS\tSYS\tPIX\tPIX\tPIX\tPIX\tPIX\t X \tPIX\tPIX\tPIX\t\t\t\t\nNIC10\tNODE\tNODE\tSYS\tSYS\tNODE\tNODE\tSYS\tSYS\tPIX\tPIX\tPIX\tPIX\tPIX\tPIX\t X \tPIX\tPIX\t\t\t\t\nNIC11\tNODE\tNODE\tSYS\tSYS\tNODE\tNODE\tSYS\tSYS\tPIX\tPIX\tPIX\tPIX\tPIX\tPIX\tPIX\t X \tPIX\t\t\t\t\nNIC12\tNODE\tNODE\tSYS\tSYS\tNODE\tNODE\tSYS\tSYS\tPIX\tPIX\tPIX\tPIX\tPIX\tPIX\tPIX\tPIX\t X \t\t\t\t\n\nLegend:\n\n  X    = Self\n  SYS  = Connection traversing PCIe as well as the SMP interconnect between NUMA nodes (e.g., QPI/UPI)\n  NODE = Connection traversing PCIe as well as the interconnect between PCIe Host Bridges within a NUMA node\n  PHB  = Connection traversing PCIe as well as a PCIe Host Bridge (typically the CPU)\n  PXB  = Connection traversing multiple PCIe bridges (without traversing the PCIe Host Bridge)\n  PIX  = Connection traversing at most a single PCIe bridge\n  NV#  = Connection traversing a bonded set of # NVLinks\n\nNIC Legend:\n\n  NIC0: ibp0\n  NIC1: ibp1\n  NIC2: ibp2\n  NIC3: ibp3\n  NIC4: mlx5_0\n  NIC5: mlx5_1\n  NIC6: mlx5_2\n  NIC7: mlx5_3\n  NIC8: mlx5_4\n  NIC9: mlx5_5\n  NIC10: mlx5_6\n  NIC11: mlx5_7\n  NIC12: mlx5_8"
            }
          }
        },
        "natural_runtime_layout_and_payload_dispatch": {
          "after": {
            "field_errors": {},
            "gpus": [
              {
                "clocks.applications.graphics": "[Requested functionality has been deprecated]",
                "clocks.applications.memory": "[Requested functionality has been deprecated]",
                "clocks.current.graphics": "1950",
                "clocks.current.memory": "3996",
                "clocks.current.sm": "1950",
                "clocks.max.graphics": "2062",
                "clocks.max.memory": "3996",
                "clocks.max.sm": "2062",
                "driver_version": "595.71.05",
                "index": "0",
                "name": "NVIDIA GB200",
                "pci.bus_id": "00000008:01:00.0",
                "persistence_mode": "Enabled",
                "power.draw": "214.01",
                "power.limit": "1200.00",
                "pstate": "P0",
                "temperature.gpu": "36",
                "uuid": "GPU-64efb995-783a-a11a-c868-580e18809080"
              },
              {
                "clocks.applications.graphics": "[Requested functionality has been deprecated]",
                "clocks.applications.memory": "[Requested functionality has been deprecated]",
                "clocks.current.graphics": "1950",
                "clocks.current.memory": "3996",
                "clocks.current.sm": "1950",
                "clocks.max.graphics": "2062",
                "clocks.max.memory": "3996",
                "clocks.max.sm": "2062",
                "driver_version": "595.71.05",
                "index": "1",
                "name": "NVIDIA GB200",
                "pci.bus_id": "00000009:01:00.0",
                "persistence_mode": "Enabled",
                "power.draw": "206.67",
                "power.limit": "1200.00",
                "pstate": "P0",
                "temperature.gpu": "37",
                "uuid": "GPU-84233fbe-ed84-cfff-821c-7acc555c2503"
              },
              {
                "clocks.applications.graphics": "[Requested functionality has been deprecated]",
                "clocks.applications.memory": "[Requested functionality has been deprecated]",
                "clocks.current.graphics": "1950",
                "clocks.current.memory": "3996",
                "clocks.current.sm": "1950",
                "clocks.max.graphics": "2062",
                "clocks.max.memory": "3996",
                "clocks.max.sm": "2062",
                "driver_version": "595.71.05",
                "index": "2",
                "name": "NVIDIA GB200",
                "pci.bus_id": "00000018:01:00.0",
                "persistence_mode": "Enabled",
                "power.draw": "209.91",
                "power.limit": "1200.00",
                "pstate": "P0",
                "temperature.gpu": "36",
                "uuid": "GPU-19bf3c4b-1e4c-1afc-3db0-adf098d28d8b"
              },
              {
                "clocks.applications.graphics": "[Requested functionality has been deprecated]",
                "clocks.applications.memory": "[Requested functionality has been deprecated]",
                "clocks.current.graphics": "1950",
                "clocks.current.memory": "3996",
                "clocks.current.sm": "1950",
                "clocks.max.graphics": "2062",
                "clocks.max.memory": "3996",
                "clocks.max.sm": "2062",
                "driver_version": "595.71.05",
                "index": "3",
                "name": "NVIDIA GB200",
                "pci.bus_id": "00000019:01:00.0",
                "persistence_mode": "Enabled",
                "power.draw": "232.15",
                "power.limit": "1200.00",
                "pstate": "P0",
                "temperature.gpu": "36",
                "uuid": "GPU-14a91ec2-4299-59e4-c682-00a36868d987"
              }
            ],
            "topology": {
              "arguments": [
                "nvidia-smi",
                "topo",
                "-m"
              ],
              "returncode": 0,
              "stderr": "",
              "stdout": "\u001b[4mGPU0\tGPU1\tGPU2\tGPU3\tNIC0\tNIC1\tNIC2\tNIC3\tNIC4\tNIC5\tNIC6\tNIC7\tNIC8\tNIC9\tNIC10\tNIC11\tNIC12\tCPU Affinity\tNUMA Affinity\tGPU NUMA ID\u001b[0m\nGPU0\t X \tNV18\tNV18\tNV18\tNODE\tNODE\tSYS\tSYS\tNODE\tNODE\tNODE\tNODE\tNODE\tNODE\tNODE\tNODE\tNODE\t0-71\t0\t\tN/A\nGPU1\tNV18\t X \tNV18\tNV18\tNODE\tNODE\tSYS\tSYS\tNODE\tNODE\tNODE\tNODE\tNODE\tNODE\tNODE\tNODE\tNODE\t0-71\t0\t\tN/A\nGPU2\tNV18\tNV18\t X \tNV18\tSYS\tSYS\tNODE\tNODE\tSYS\tSYS\tSYS\tSYS\tSYS\tSYS\tSYS\tSYS\tSYS\t72-143\t1\t\tN/A\nGPU3\tNV18\tNV18\tNV18\t X \tSYS\tSYS\tNODE\tNODE\tSYS\tSYS\tSYS\tSYS\tSYS\tSYS\tSYS\tSYS\tSYS\t72-143\t1\t\tN/A\nNIC0\tNODE\tNODE\tSYS\tSYS\t X \tNODE\tSYS\tSYS\tNODE\tNODE\tNODE\tNODE\tNODE\tNODE\tNODE\tNODE\tNODE\t\t\t\t\nNIC1\tNODE\tNODE\tSYS\tSYS\tNODE\t X \tSYS\tSYS\tNODE\tNODE\tNODE\tNODE\tNODE\tNODE\tNODE\tNODE\tNODE\t\t\t\t\nNIC2\tSYS\tSYS\tNODE\tNODE\tSYS\tSYS\t X \tNODE\tSYS\tSYS\tSYS\tSYS\tSYS\tSYS\tSYS\tSYS\tSYS\t\t\t\t\nNIC3\tSYS\tSYS\tNODE\tNODE\tSYS\tSYS\tNODE\t X \tSYS\tSYS\tSYS\tSYS\tSYS\tSYS\tSYS\tSYS\tSYS\t\t\t\t\nNIC4\tNODE\tNODE\tSYS\tSYS\tNODE\tNODE\tSYS\tSYS\t X \tPIX\tPIX\tPIX\tPIX\tPIX\tPIX\tPIX\tPIX\t\t\t\t\nNIC5\tNODE\tNODE\tSYS\tSYS\tNODE\tNODE\tSYS\tSYS\tPIX\t X \tPIX\tPIX\tPIX\tPIX\tPIX\tPIX\tPIX\t\t\t\t\nNIC6\tNODE\tNODE\tSYS\tSYS\tNODE\tNODE\tSYS\tSYS\tPIX\tPIX\t X \tPIX\tPIX\tPIX\tPIX\tPIX\tPIX\t\t\t\t\nNIC7\tNODE\tNODE\tSYS\tSYS\tNODE\tNODE\tSYS\tSYS\tPIX\tPIX\tPIX\t X \tPIX\tPIX\tPIX\tPIX\tPIX\t\t\t\t\nNIC8\tNODE\tNODE\tSYS\tSYS\tNODE\tNODE\tSYS\tSYS\tPIX\tPIX\tPIX\tPIX\t X \tPIX\tPIX\tPIX\tPIX\t\t\t\t\nNIC9\tNODE\tNODE\tSYS\tSYS\tNODE\tNODE\tSYS\tSYS\tPIX\tPIX\tPIX\tPIX\tPIX\t X \tPIX\tPIX\tPIX\t\t\t\t\nNIC10\tNODE\tNODE\tSYS\tSYS\tNODE\tNODE\tSYS\tSYS\tPIX\tPIX\tPIX\tPIX\tPIX\tPIX\t X \tPIX\tPIX\t\t\t\t\nNIC11\tNODE\tNODE\tSYS\tSYS\tNODE\tNODE\tSYS\tSYS\tPIX\tPIX\tPIX\tPIX\tPIX\tPIX\tPIX\t X \tPIX\t\t\t\t\nNIC12\tNODE\tNODE\tSYS\tSYS\tNODE\tNODE\tSYS\tSYS\tPIX\tPIX\tPIX\tPIX\tPIX\tPIX\tPIX\tPIX\t X \t\t\t\t\n\nLegend:\n\n  X    = Self\n  SYS  = Connection traversing PCIe as well as the SMP interconnect between NUMA nodes (e.g., QPI/UPI)\n  NODE = Connection traversing PCIe as well as the interconnect between PCIe Host Bridges within a NUMA node\n  PHB  = Connection traversing PCIe as well as a PCIe Host Bridge (typically the CPU)\n  PXB  = Connection traversing multiple PCIe bridges (without traversing the PCIe Host Bridge)\n  PIX  = Connection traversing at most a single PCIe bridge\n  NV#  = Connection traversing a bonded set of # NVLinks\n\nNIC Legend:\n\n  NIC0: ibp0\n  NIC1: ibp1\n  NIC2: ibp2\n  NIC3: ibp3\n  NIC4: mlx5_0\n  NIC5: mlx5_1\n  NIC6: mlx5_2\n  NIC7: mlx5_3\n  NIC8: mlx5_4\n  NIC9: mlx5_5\n  NIC10: mlx5_6\n  NIC11: mlx5_7\n  NIC12: mlx5_8"
            }
          },
          "before": {
            "field_errors": {},
            "gpus": [
              {
                "clocks.applications.graphics": "[Requested functionality has been deprecated]",
                "clocks.applications.memory": "[Requested functionality has been deprecated]",
                "clocks.current.graphics": "1950",
                "clocks.current.memory": "3996",
                "clocks.current.sm": "1950",
                "clocks.max.graphics": "2062",
                "clocks.max.memory": "3996",
                "clocks.max.sm": "2062",
                "driver_version": "595.71.05",
                "index": "0",
                "name": "NVIDIA GB200",
                "pci.bus_id": "00000008:01:00.0",
                "persistence_mode": "Enabled",
                "power.draw": "212.38",
                "power.limit": "1200.00",
                "pstate": "P0",
                "temperature.gpu": "36",
                "uuid": "GPU-64efb995-783a-a11a-c868-580e18809080"
              },
              {
                "clocks.applications.graphics": "[Requested functionality has been deprecated]",
                "clocks.applications.memory": "[Requested functionality has been deprecated]",
                "clocks.current.graphics": "1950",
                "clocks.current.memory": "3996",
                "clocks.current.sm": "1950",
                "clocks.max.graphics": "2062",
                "clocks.max.memory": "3996",
                "clocks.max.sm": "2062",
                "driver_version": "595.71.05",
                "index": "1",
                "name": "NVIDIA GB200",
                "pci.bus_id": "00000009:01:00.0",
                "persistence_mode": "Enabled",
                "power.draw": "205.15",
                "power.limit": "1200.00",
                "pstate": "P0",
                "temperature.gpu": "37",
                "uuid": "GPU-84233fbe-ed84-cfff-821c-7acc555c2503"
              },
              {
                "clocks.applications.graphics": "[Requested functionality has been deprecated]",
                "clocks.applications.memory": "[Requested functionality has been deprecated]",
                "clocks.current.graphics": "1950",
                "clocks.current.memory": "3996",
                "clocks.current.sm": "1950",
                "clocks.max.graphics": "2062",
                "clocks.max.memory": "3996",
                "clocks.max.sm": "2062",
                "driver_version": "595.71.05",
                "index": "2",
                "name": "NVIDIA GB200",
                "pci.bus_id": "00000018:01:00.0",
                "persistence_mode": "Enabled",
                "power.draw": "208.84",
                "power.limit": "1200.00",
                "pstate": "P0",
                "temperature.gpu": "36",
                "uuid": "GPU-19bf3c4b-1e4c-1afc-3db0-adf098d28d8b"
              },
              {
                "clocks.applications.graphics": "[Requested functionality has been deprecated]",
                "clocks.applications.memory": "[Requested functionality has been deprecated]",
                "clocks.current.graphics": "1950",
                "clocks.current.memory": "3996",
                "clocks.current.sm": "1950",
                "clocks.max.graphics": "2062",
                "clocks.max.memory": "3996",
                "clocks.max.sm": "2062",
                "driver_version": "595.71.05",
                "index": "3",
                "name": "NVIDIA GB200",
                "pci.bus_id": "00000019:01:00.0",
                "persistence_mode": "Enabled",
                "power.draw": "230.89",
                "power.limit": "1200.00",
                "pstate": "P0",
                "temperature.gpu": "36",
                "uuid": "GPU-14a91ec2-4299-59e4-c682-00a36868d987"
              }
            ],
            "topology": {
              "arguments": [
                "nvidia-smi",
                "topo",
                "-m"
              ],
              "returncode": 0,
              "stderr": "",
              "stdout": "\u001b[4mGPU0\tGPU1\tGPU2\tGPU3\tNIC0\tNIC1\tNIC2\tNIC3\tNIC4\tNIC5\tNIC6\tNIC7\tNIC8\tNIC9\tNIC10\tNIC11\tNIC12\tCPU Affinity\tNUMA Affinity\tGPU NUMA ID\u001b[0m\nGPU0\t X \tNV18\tNV18\tNV18\tNODE\tNODE\tSYS\tSYS\tNODE\tNODE\tNODE\tNODE\tNODE\tNODE\tNODE\tNODE\tNODE\t0-71\t0\t\tN/A\nGPU1\tNV18\t X \tNV18\tNV18\tNODE\tNODE\tSYS\tSYS\tNODE\tNODE\tNODE\tNODE\tNODE\tNODE\tNODE\tNODE\tNODE\t0-71\t0\t\tN/A\nGPU2\tNV18\tNV18\t X \tNV18\tSYS\tSYS\tNODE\tNODE\tSYS\tSYS\tSYS\tSYS\tSYS\tSYS\tSYS\tSYS\tSYS\t72-143\t1\t\tN/A\nGPU3\tNV18\tNV18\tNV18\t X \tSYS\tSYS\tNODE\tNODE\tSYS\tSYS\tSYS\tSYS\tSYS\tSYS\tSYS\tSYS\tSYS\t72-143\t1\t\tN/A\nNIC0\tNODE\tNODE\tSYS\tSYS\t X \tNODE\tSYS\tSYS\tNODE\tNODE\tNODE\tNODE\tNODE\tNODE\tNODE\tNODE\tNODE\t\t\t\t\nNIC1\tNODE\tNODE\tSYS\tSYS\tNODE\t X \tSYS\tSYS\tNODE\tNODE\tNODE\tNODE\tNODE\tNODE\tNODE\tNODE\tNODE\t\t\t\t\nNIC2\tSYS\tSYS\tNODE\tNODE\tSYS\tSYS\t X \tNODE\tSYS\tSYS\tSYS\tSYS\tSYS\tSYS\tSYS\tSYS\tSYS\t\t\t\t\nNIC3\tSYS\tSYS\tNODE\tNODE\tSYS\tSYS\tNODE\t X \tSYS\tSYS\tSYS\tSYS\tSYS\tSYS\tSYS\tSYS\tSYS\t\t\t\t\nNIC4\tNODE\tNODE\tSYS\tSYS\tNODE\tNODE\tSYS\tSYS\t X \tPIX\tPIX\tPIX\tPIX\tPIX\tPIX\tPIX\tPIX\t\t\t\t\nNIC5\tNODE\tNODE\tSYS\tSYS\tNODE\tNODE\tSYS\tSYS\tPIX\t X \tPIX\tPIX\tPIX\tPIX\tPIX\tPIX\tPIX\t\t\t\t\nNIC6\tNODE\tNODE\tSYS\tSYS\tNODE\tNODE\tSYS\tSYS\tPIX\tPIX\t X \tPIX\tPIX\tPIX\tPIX\tPIX\tPIX\t\t\t\t\nNIC7\tNODE\tNODE\tSYS\tSYS\tNODE\tNODE\tSYS\tSYS\tPIX\tPIX\tPIX\t X \tPIX\tPIX\tPIX\tPIX\tPIX\t\t\t\t\nNIC8\tNODE\tNODE\tSYS\tSYS\tNODE\tNODE\tSYS\tSYS\tPIX\tPIX\tPIX\tPIX\t X \tPIX\tPIX\tPIX\tPIX\t\t\t\t\nNIC9\tNODE\tNODE\tSYS\tSYS\tNODE\tNODE\tSYS\tSYS\tPIX\tPIX\tPIX\tPIX\tPIX\t X \tPIX\tPIX\tPIX\t\t\t\t\nNIC10\tNODE\tNODE\tSYS\tSYS\tNODE\tNODE\tSYS\tSYS\tPIX\tPIX\tPIX\tPIX\tPIX\tPIX\t X \tPIX\tPIX\t\t\t\t\nNIC11\tNODE\tNODE\tSYS\tSYS\tNODE\tNODE\tSYS\tSYS\tPIX\tPIX\tPIX\tPIX\tPIX\tPIX\tPIX\t X \tPIX\t\t\t\t\nNIC12\tNODE\tNODE\tSYS\tSYS\tNODE\tNODE\tSYS\tSYS\tPIX\tPIX\tPIX\tPIX\tPIX\tPIX\tPIX\tPIX\t X \t\t\t\t\n\nLegend:\n\n  X    = Self\n  SYS  = Connection traversing PCIe as well as the SMP interconnect between NUMA nodes (e.g., QPI/UPI)\n  NODE = Connection traversing PCIe as well as the interconnect between PCIe Host Bridges within a NUMA node\n  PHB  = Connection traversing PCIe as well as a PCIe Host Bridge (typically the CPU)\n  PXB  = Connection traversing multiple PCIe bridges (without traversing the PCIe Host Bridge)\n  PIX  = Connection traversing at most a single PCIe bridge\n  NV#  = Connection traversing a bonded set of # NVLinks\n\nNIC Legend:\n\n  NIC0: ibp0\n  NIC1: ibp1\n  NIC2: ibp2\n  NIC3: ibp3\n  NIC4: mlx5_0\n  NIC5: mlx5_1\n  NIC6: mlx5_2\n  NIC7: mlx5_3\n  NIC8: mlx5_4\n  NIC9: mlx5_5\n  NIC10: mlx5_6\n  NIC11: mlx5_7\n  NIC12: mlx5_8"
            }
          }
        },
        "natural_shuttle_post_route": {
          "after": {
            "field_errors": {},
            "gpus": [
              {
                "clocks.applications.graphics": "[Requested functionality has been deprecated]",
                "clocks.applications.memory": "[Requested functionality has been deprecated]",
                "clocks.current.graphics": "1950",
                "clocks.current.memory": "3996",
                "clocks.current.sm": "1950",
                "clocks.max.graphics": "2062",
                "clocks.max.memory": "3996",
                "clocks.max.sm": "2062",
                "driver_version": "595.71.05",
                "index": "0",
                "name": "NVIDIA GB200",
                "pci.bus_id": "00000008:01:00.0",
                "persistence_mode": "Enabled",
                "power.draw": "378.75",
                "power.limit": "1200.00",
                "pstate": "P0",
                "temperature.gpu": "37",
                "uuid": "GPU-64efb995-783a-a11a-c868-580e18809080"
              },
              {
                "clocks.applications.graphics": "[Requested functionality has been deprecated]",
                "clocks.applications.memory": "[Requested functionality has been deprecated]",
                "clocks.current.graphics": "1950",
                "clocks.current.memory": "3996",
                "clocks.current.sm": "1950",
                "clocks.max.graphics": "2062",
                "clocks.max.memory": "3996",
                "clocks.max.sm": "2062",
                "driver_version": "595.71.05",
                "index": "1",
                "name": "NVIDIA GB200",
                "pci.bus_id": "00000009:01:00.0",
                "persistence_mode": "Enabled",
                "power.draw": "365.96",
                "power.limit": "1200.00",
                "pstate": "P0",
                "temperature.gpu": "37",
                "uuid": "GPU-84233fbe-ed84-cfff-821c-7acc555c2503"
              },
              {
                "clocks.applications.graphics": "[Requested functionality has been deprecated]",
                "clocks.applications.memory": "[Requested functionality has been deprecated]",
                "clocks.current.graphics": "1950",
                "clocks.current.memory": "3996",
                "clocks.current.sm": "1950",
                "clocks.max.graphics": "2062",
                "clocks.max.memory": "3996",
                "clocks.max.sm": "2062",
                "driver_version": "595.71.05",
                "index": "2",
                "name": "NVIDIA GB200",
                "pci.bus_id": "00000018:01:00.0",
                "persistence_mode": "Enabled",
                "power.draw": "375.27",
                "power.limit": "1200.00",
                "pstate": "P0",
                "temperature.gpu": "37",
                "uuid": "GPU-19bf3c4b-1e4c-1afc-3db0-adf098d28d8b"
              },
              {
                "clocks.applications.graphics": "[Requested functionality has been deprecated]",
                "clocks.applications.memory": "[Requested functionality has been deprecated]",
                "clocks.current.graphics": "1950",
                "clocks.current.memory": "3996",
                "clocks.current.sm": "1950",
                "clocks.max.graphics": "2062",
                "clocks.max.memory": "3996",
                "clocks.max.sm": "2062",
                "driver_version": "595.71.05",
                "index": "3",
                "name": "NVIDIA GB200",
                "pci.bus_id": "00000019:01:00.0",
                "persistence_mode": "Enabled",
                "power.draw": "390.40",
                "power.limit": "1200.00",
                "pstate": "P0",
                "temperature.gpu": "37",
                "uuid": "GPU-14a91ec2-4299-59e4-c682-00a36868d987"
              }
            ],
            "topology": {
              "arguments": [
                "nvidia-smi",
                "topo",
                "-m"
              ],
              "returncode": 0,
              "stderr": "",
              "stdout": "\u001b[4mGPU0\tGPU1\tGPU2\tGPU3\tNIC0\tNIC1\tNIC2\tNIC3\tNIC4\tNIC5\tNIC6\tNIC7\tNIC8\tNIC9\tNIC10\tNIC11\tNIC12\tCPU Affinity\tNUMA Affinity\tGPU NUMA ID\u001b[0m\nGPU0\t X \tNV18\tNV18\tNV18\tNODE\tNODE\tSYS\tSYS\tNODE\tNODE\tNODE\tNODE\tNODE\tNODE\tNODE\tNODE\tNODE\t0-71\t0\t\tN/A\nGPU1\tNV18\t X \tNV18\tNV18\tNODE\tNODE\tSYS\tSYS\tNODE\tNODE\tNODE\tNODE\tNODE\tNODE\tNODE\tNODE\tNODE\t0-71\t0\t\tN/A\nGPU2\tNV18\tNV18\t X \tNV18\tSYS\tSYS\tNODE\tNODE\tSYS\tSYS\tSYS\tSYS\tSYS\tSYS\tSYS\tSYS\tSYS\t72-143\t1\t\tN/A\nGPU3\tNV18\tNV18\tNV18\t X \tSYS\tSYS\tNODE\tNODE\tSYS\tSYS\tSYS\tSYS\tSYS\tSYS\tSYS\tSYS\tSYS\t72-143\t1\t\tN/A\nNIC0\tNODE\tNODE\tSYS\tSYS\t X \tNODE\tSYS\tSYS\tNODE\tNODE\tNODE\tNODE\tNODE\tNODE\tNODE\tNODE\tNODE\t\t\t\t\nNIC1\tNODE\tNODE\tSYS\tSYS\tNODE\t X \tSYS\tSYS\tNODE\tNODE\tNODE\tNODE\tNODE\tNODE\tNODE\tNODE\tNODE\t\t\t\t\nNIC2\tSYS\tSYS\tNODE\tNODE\tSYS\tSYS\t X \tNODE\tSYS\tSYS\tSYS\tSYS\tSYS\tSYS\tSYS\tSYS\tSYS\t\t\t\t\nNIC3\tSYS\tSYS\tNODE\tNODE\tSYS\tSYS\tNODE\t X \tSYS\tSYS\tSYS\tSYS\tSYS\tSYS\tSYS\tSYS\tSYS\t\t\t\t\nNIC4\tNODE\tNODE\tSYS\tSYS\tNODE\tNODE\tSYS\tSYS\t X \tPIX\tPIX\tPIX\tPIX\tPIX\tPIX\tPIX\tPIX\t\t\t\t\nNIC5\tNODE\tNODE\tSYS\tSYS\tNODE\tNODE\tSYS\tSYS\tPIX\t X \tPIX\tPIX\tPIX\tPIX\tPIX\tPIX\tPIX\t\t\t\t\nNIC6\tNODE\tNODE\tSYS\tSYS\tNODE\tNODE\tSYS\tSYS\tPIX\tPIX\t X \tPIX\tPIX\tPIX\tPIX\tPIX\tPIX\t\t\t\t\nNIC7\tNODE\tNODE\tSYS\tSYS\tNODE\tNODE\tSYS\tSYS\tPIX\tPIX\tPIX\t X \tPIX\tPIX\tPIX\tPIX\tPIX\t\t\t\t\nNIC8\tNODE\tNODE\tSYS\tSYS\tNODE\tNODE\tSYS\tSYS\tPIX\tPIX\tPIX\tPIX\t X \tPIX\tPIX\tPIX\tPIX\t\t\t\t\nNIC9\tNODE\tNODE\tSYS\tSYS\tNODE\tNODE\tSYS\tSYS\tPIX\tPIX\tPIX\tPIX\tPIX\t X \tPIX\tPIX\tPIX\t\t\t\t\nNIC10\tNODE\tNODE\tSYS\tSYS\tNODE\tNODE\tSYS\tSYS\tPIX\tPIX\tPIX\tPIX\tPIX\tPIX\t X \tPIX\tPIX\t\t\t\t\nNIC11\tNODE\tNODE\tSYS\tSYS\tNODE\tNODE\tSYS\tSYS\tPIX\tPIX\tPIX\tPIX\tPIX\tPIX\tPIX\t X \tPIX\t\t\t\t\nNIC12\tNODE\tNODE\tSYS\tSYS\tNODE\tNODE\tSYS\tSYS\tPIX\tPIX\tPIX\tPIX\tPIX\tPIX\tPIX\tPIX\t X \t\t\t\t\n\nLegend:\n\n  X    = Self\n  SYS  = Connection traversing PCIe as well as the SMP interconnect between NUMA nodes (e.g., QPI/UPI)\n  NODE = Connection traversing PCIe as well as the interconnect between PCIe Host Bridges within a NUMA node\n  PHB  = Connection traversing PCIe as well as a PCIe Host Bridge (typically the CPU)\n  PXB  = Connection traversing multiple PCIe bridges (without traversing the PCIe Host Bridge)\n  PIX  = Connection traversing at most a single PCIe bridge\n  NV#  = Connection traversing a bonded set of # NVLinks\n\nNIC Legend:\n\n  NIC0: ibp0\n  NIC1: ibp1\n  NIC2: ibp2\n  NIC3: ibp3\n  NIC4: mlx5_0\n  NIC5: mlx5_1\n  NIC6: mlx5_2\n  NIC7: mlx5_3\n  NIC8: mlx5_4\n  NIC9: mlx5_5\n  NIC10: mlx5_6\n  NIC11: mlx5_7\n  NIC12: mlx5_8"
            }
          },
          "before": {
            "field_errors": {},
            "gpus": [
              {
                "clocks.applications.graphics": "[Requested functionality has been deprecated]",
                "clocks.applications.memory": "[Requested functionality has been deprecated]",
                "clocks.current.graphics": "1950",
                "clocks.current.memory": "3996",
                "clocks.current.sm": "1950",
                "clocks.max.graphics": "2062",
                "clocks.max.memory": "3996",
                "clocks.max.sm": "2062",
                "driver_version": "595.71.05",
                "index": "0",
                "name": "NVIDIA GB200",
                "pci.bus_id": "00000008:01:00.0",
                "persistence_mode": "Enabled",
                "power.draw": "212.45",
                "power.limit": "1200.00",
                "pstate": "P0",
                "temperature.gpu": "36",
                "uuid": "GPU-64efb995-783a-a11a-c868-580e18809080"
              },
              {
                "clocks.applications.graphics": "[Requested functionality has been deprecated]",
                "clocks.applications.memory": "[Requested functionality has been deprecated]",
                "clocks.current.graphics": "1950",
                "clocks.current.memory": "3996",
                "clocks.current.sm": "1950",
                "clocks.max.graphics": "2062",
                "clocks.max.memory": "3996",
                "clocks.max.sm": "2062",
                "driver_version": "595.71.05",
                "index": "1",
                "name": "NVIDIA GB200",
                "pci.bus_id": "00000009:01:00.0",
                "persistence_mode": "Enabled",
                "power.draw": "203.45",
                "power.limit": "1200.00",
                "pstate": "P0",
                "temperature.gpu": "36",
                "uuid": "GPU-84233fbe-ed84-cfff-821c-7acc555c2503"
              },
              {
                "clocks.applications.graphics": "[Requested functionality has been deprecated]",
                "clocks.applications.memory": "[Requested functionality has been deprecated]",
                "clocks.current.graphics": "1950",
                "clocks.current.memory": "3996",
                "clocks.current.sm": "1950",
                "clocks.max.graphics": "2062",
                "clocks.max.memory": "3996",
                "clocks.max.sm": "2062",
                "driver_version": "595.71.05",
                "index": "2",
                "name": "NVIDIA GB200",
                "pci.bus_id": "00000018:01:00.0",
                "persistence_mode": "Enabled",
                "power.draw": "207.52",
                "power.limit": "1200.00",
                "pstate": "P0",
                "temperature.gpu": "36",
                "uuid": "GPU-19bf3c4b-1e4c-1afc-3db0-adf098d28d8b"
              },
              {
                "clocks.applications.graphics": "[Requested functionality has been deprecated]",
                "clocks.applications.memory": "[Requested functionality has been deprecated]",
                "clocks.current.graphics": "1950",
                "clocks.current.memory": "3996",
                "clocks.current.sm": "1950",
                "clocks.max.graphics": "2062",
                "clocks.max.memory": "3996",
                "clocks.max.sm": "2062",
                "driver_version": "595.71.05",
                "index": "3",
                "name": "NVIDIA GB200",
                "pci.bus_id": "00000019:01:00.0",
                "persistence_mode": "Enabled",
                "power.draw": "229.45",
                "power.limit": "1200.00",
                "pstate": "P0",
                "temperature.gpu": "36",
                "uuid": "GPU-14a91ec2-4299-59e4-c682-00a36868d987"
              }
            ],
            "topology": {
              "arguments": [
                "nvidia-smi",
                "topo",
                "-m"
              ],
              "returncode": 0,
              "stderr": "",
              "stdout": "\u001b[4mGPU0\tGPU1\tGPU2\tGPU3\tNIC0\tNIC1\tNIC2\tNIC3\tNIC4\tNIC5\tNIC6\tNIC7\tNIC8\tNIC9\tNIC10\tNIC11\tNIC12\tCPU Affinity\tNUMA Affinity\tGPU NUMA ID\u001b[0m\nGPU0\t X \tNV18\tNV18\tNV18\tNODE\tNODE\tSYS\tSYS\tNODE\tNODE\tNODE\tNODE\tNODE\tNODE\tNODE\tNODE\tNODE\t0-71\t0\t\tN/A\nGPU1\tNV18\t X \tNV18\tNV18\tNODE\tNODE\tSYS\tSYS\tNODE\tNODE\tNODE\tNODE\tNODE\tNODE\tNODE\tNODE\tNODE\t0-71\t0\t\tN/A\nGPU2\tNV18\tNV18\t X \tNV18\tSYS\tSYS\tNODE\tNODE\tSYS\tSYS\tSYS\tSYS\tSYS\tSYS\tSYS\tSYS\tSYS\t72-143\t1\t\tN/A\nGPU3\tNV18\tNV18\tNV18\t X \tSYS\tSYS\tNODE\tNODE\tSYS\tSYS\tSYS\tSYS\tSYS\tSYS\tSYS\tSYS\tSYS\t72-143\t1\t\tN/A\nNIC0\tNODE\tNODE\tSYS\tSYS\t X \tNODE\tSYS\tSYS\tNODE\tNODE\tNODE\tNODE\tNODE\tNODE\tNODE\tNODE\tNODE\t\t\t\t\nNIC1\tNODE\tNODE\tSYS\tSYS\tNODE\t X \tSYS\tSYS\tNODE\tNODE\tNODE\tNODE\tNODE\tNODE\tNODE\tNODE\tNODE\t\t\t\t\nNIC2\tSYS\tSYS\tNODE\tNODE\tSYS\tSYS\t X \tNODE\tSYS\tSYS\tSYS\tSYS\tSYS\tSYS\tSYS\tSYS\tSYS\t\t\t\t\nNIC3\tSYS\tSYS\tNODE\tNODE\tSYS\tSYS\tNODE\t X \tSYS\tSYS\tSYS\tSYS\tSYS\tSYS\tSYS\tSYS\tSYS\t\t\t\t\nNIC4\tNODE\tNODE\tSYS\tSYS\tNODE\tNODE\tSYS\tSYS\t X \tPIX\tPIX\tPIX\tPIX\tPIX\tPIX\tPIX\tPIX\t\t\t\t\nNIC5\tNODE\tNODE\tSYS\tSYS\tNODE\tNODE\tSYS\tSYS\tPIX\t X \tPIX\tPIX\tPIX\tPIX\tPIX\tPIX\tPIX\t\t\t\t\nNIC6\tNODE\tNODE\tSYS\tSYS\tNODE\tNODE\tSYS\tSYS\tPIX\tPIX\t X \tPIX\tPIX\tPIX\tPIX\tPIX\tPIX\t\t\t\t\nNIC7\tNODE\tNODE\tSYS\tSYS\tNODE\tNODE\tSYS\tSYS\tPIX\tPIX\tPIX\t X \tPIX\tPIX\tPIX\tPIX\tPIX\t\t\t\t\nNIC8\tNODE\tNODE\tSYS\tSYS\tNODE\tNODE\tSYS\tSYS\tPIX\tPIX\tPIX\tPIX\t X \tPIX\tPIX\tPIX\tPIX\t\t\t\t\nNIC9\tNODE\tNODE\tSYS\tSYS\tNODE\tNODE\tSYS\tSYS\tPIX\tPIX\tPIX\tPIX\tPIX\t X \tPIX\tPIX\tPIX\t\t\t\t\nNIC10\tNODE\tNODE\tSYS\tSYS\tNODE\tNODE\tSYS\tSYS\tPIX\tPIX\tPIX\tPIX\tPIX\tPIX\t X \tPIX\tPIX\t\t\t\t\nNIC11\tNODE\tNODE\tSYS\tSYS\tNODE\tNODE\tSYS\tSYS\tPIX\tPIX\tPIX\tPIX\tPIX\tPIX\tPIX\t X \tPIX\t\t\t\t\nNIC12\tNODE\tNODE\tSYS\tSYS\tNODE\tNODE\tSYS\tSYS\tPIX\tPIX\tPIX\tPIX\tPIX\tPIX\tPIX\tPIX\t X \t\t\t\t\n\nLegend:\n\n  X    = Self\n  SYS  = Connection traversing PCIe as well as the SMP interconnect between NUMA nodes (e.g., QPI/UPI)\n  NODE = Connection traversing PCIe as well as the interconnect between PCIe Host Bridges within a NUMA node\n  PHB  = Connection traversing PCIe as well as a PCIe Host Bridge (typically the CPU)\n  PXB  = Connection traversing multiple PCIe bridges (without traversing the PCIe Host Bridge)\n  PIX  = Connection traversing at most a single PCIe bridge\n  NV#  = Connection traversing a bonded set of # NVLinks\n\nNIC Legend:\n\n  NIC0: ibp0\n  NIC1: ibp1\n  NIC2: ibp2\n  NIC3: ibp3\n  NIC4: mlx5_0\n  NIC5: mlx5_1\n  NIC6: mlx5_2\n  NIC7: mlx5_3\n  NIC8: mlx5_4\n  NIC9: mlx5_5\n  NIC10: mlx5_6\n  NIC11: mlx5_7\n  NIC12: mlx5_8"
            }
          }
        },
        "official_combine_with_shared_bias": {
          "after": {
            "field_errors": {},
            "gpus": [
              {
                "clocks.applications.graphics": "[Requested functionality has been deprecated]",
                "clocks.applications.memory": "[Requested functionality has been deprecated]",
                "clocks.current.graphics": "1950",
                "clocks.current.memory": "3996",
                "clocks.current.sm": "1950",
                "clocks.max.graphics": "2062",
                "clocks.max.memory": "3996",
                "clocks.max.sm": "2062",
                "driver_version": "595.71.05",
                "index": "0",
                "name": "NVIDIA GB200",
                "pci.bus_id": "00000008:01:00.0",
                "persistence_mode": "Enabled",
                "power.draw": "214.76",
                "power.limit": "1200.00",
                "pstate": "P0",
                "temperature.gpu": "36",
                "uuid": "GPU-64efb995-783a-a11a-c868-580e18809080"
              },
              {
                "clocks.applications.graphics": "[Requested functionality has been deprecated]",
                "clocks.applications.memory": "[Requested functionality has been deprecated]",
                "clocks.current.graphics": "1950",
                "clocks.current.memory": "3996",
                "clocks.current.sm": "1950",
                "clocks.max.graphics": "2062",
                "clocks.max.memory": "3996",
                "clocks.max.sm": "2062",
                "driver_version": "595.71.05",
                "index": "1",
                "name": "NVIDIA GB200",
                "pci.bus_id": "00000009:01:00.0",
                "persistence_mode": "Enabled",
                "power.draw": "206.05",
                "power.limit": "1200.00",
                "pstate": "P0",
                "temperature.gpu": "36",
                "uuid": "GPU-84233fbe-ed84-cfff-821c-7acc555c2503"
              },
              {
                "clocks.applications.graphics": "[Requested functionality has been deprecated]",
                "clocks.applications.memory": "[Requested functionality has been deprecated]",
                "clocks.current.graphics": "1950",
                "clocks.current.memory": "3996",
                "clocks.current.sm": "1950",
                "clocks.max.graphics": "2062",
                "clocks.max.memory": "3996",
                "clocks.max.sm": "2062",
                "driver_version": "595.71.05",
                "index": "2",
                "name": "NVIDIA GB200",
                "pci.bus_id": "00000018:01:00.0",
                "persistence_mode": "Enabled",
                "power.draw": "212.02",
                "power.limit": "1200.00",
                "pstate": "P0",
                "temperature.gpu": "36",
                "uuid": "GPU-19bf3c4b-1e4c-1afc-3db0-adf098d28d8b"
              },
              {
                "clocks.applications.graphics": "[Requested functionality has been deprecated]",
                "clocks.applications.memory": "[Requested functionality has been deprecated]",
                "clocks.current.graphics": "1950",
                "clocks.current.memory": "3996",
                "clocks.current.sm": "1950",
                "clocks.max.graphics": "2062",
                "clocks.max.memory": "3996",
                "clocks.max.sm": "2062",
                "driver_version": "595.71.05",
                "index": "3",
                "name": "NVIDIA GB200",
                "pci.bus_id": "00000019:01:00.0",
                "persistence_mode": "Enabled",
                "power.draw": "232.35",
                "power.limit": "1200.00",
                "pstate": "P0",
                "temperature.gpu": "36",
                "uuid": "GPU-14a91ec2-4299-59e4-c682-00a36868d987"
              }
            ],
            "topology": {
              "arguments": [
                "nvidia-smi",
                "topo",
                "-m"
              ],
              "returncode": 0,
              "stderr": "",
              "stdout": "\u001b[4mGPU0\tGPU1\tGPU2\tGPU3\tNIC0\tNIC1\tNIC2\tNIC3\tNIC4\tNIC5\tNIC6\tNIC7\tNIC8\tNIC9\tNIC10\tNIC11\tNIC12\tCPU Affinity\tNUMA Affinity\tGPU NUMA ID\u001b[0m\nGPU0\t X \tNV18\tNV18\tNV18\tNODE\tNODE\tSYS\tSYS\tNODE\tNODE\tNODE\tNODE\tNODE\tNODE\tNODE\tNODE\tNODE\t0-71\t0\t\tN/A\nGPU1\tNV18\t X \tNV18\tNV18\tNODE\tNODE\tSYS\tSYS\tNODE\tNODE\tNODE\tNODE\tNODE\tNODE\tNODE\tNODE\tNODE\t0-71\t0\t\tN/A\nGPU2\tNV18\tNV18\t X \tNV18\tSYS\tSYS\tNODE\tNODE\tSYS\tSYS\tSYS\tSYS\tSYS\tSYS\tSYS\tSYS\tSYS\t72-143\t1\t\tN/A\nGPU3\tNV18\tNV18\tNV18\t X \tSYS\tSYS\tNODE\tNODE\tSYS\tSYS\tSYS\tSYS\tSYS\tSYS\tSYS\tSYS\tSYS\t72-143\t1\t\tN/A\nNIC0\tNODE\tNODE\tSYS\tSYS\t X \tNODE\tSYS\tSYS\tNODE\tNODE\tNODE\tNODE\tNODE\tNODE\tNODE\tNODE\tNODE\t\t\t\t\nNIC1\tNODE\tNODE\tSYS\tSYS\tNODE\t X \tSYS\tSYS\tNODE\tNODE\tNODE\tNODE\tNODE\tNODE\tNODE\tNODE\tNODE\t\t\t\t\nNIC2\tSYS\tSYS\tNODE\tNODE\tSYS\tSYS\t X \tNODE\tSYS\tSYS\tSYS\tSYS\tSYS\tSYS\tSYS\tSYS\tSYS\t\t\t\t\nNIC3\tSYS\tSYS\tNODE\tNODE\tSYS\tSYS\tNODE\t X \tSYS\tSYS\tSYS\tSYS\tSYS\tSYS\tSYS\tSYS\tSYS\t\t\t\t\nNIC4\tNODE\tNODE\tSYS\tSYS\tNODE\tNODE\tSYS\tSYS\t X \tPIX\tPIX\tPIX\tPIX\tPIX\tPIX\tPIX\tPIX\t\t\t\t\nNIC5\tNODE\tNODE\tSYS\tSYS\tNODE\tNODE\tSYS\tSYS\tPIX\t X \tPIX\tPIX\tPIX\tPIX\tPIX\tPIX\tPIX\t\t\t\t\nNIC6\tNODE\tNODE\tSYS\tSYS\tNODE\tNODE\tSYS\tSYS\tPIX\tPIX\t X \tPIX\tPIX\tPIX\tPIX\tPIX\tPIX\t\t\t\t\nNIC7\tNODE\tNODE\tSYS\tSYS\tNODE\tNODE\tSYS\tSYS\tPIX\tPIX\tPIX\t X \tPIX\tPIX\tPIX\tPIX\tPIX\t\t\t\t\nNIC8\tNODE\tNODE\tSYS\tSYS\tNODE\tNODE\tSYS\tSYS\tPIX\tPIX\tPIX\tPIX\t X \tPIX\tPIX\tPIX\tPIX\t\t\t\t\nNIC9\tNODE\tNODE\tSYS\tSYS\tNODE\tNODE\tSYS\tSYS\tPIX\tPIX\tPIX\tPIX\tPIX\t X \tPIX\tPIX\tPIX\t\t\t\t\nNIC10\tNODE\tNODE\tSYS\tSYS\tNODE\tNODE\tSYS\tSYS\tPIX\tPIX\tPIX\tPIX\tPIX\tPIX\t X \tPIX\tPIX\t\t\t\t\nNIC11\tNODE\tNODE\tSYS\tSYS\tNODE\tNODE\tSYS\tSYS\tPIX\tPIX\tPIX\tPIX\tPIX\tPIX\tPIX\t X \tPIX\t\t\t\t\nNIC12\tNODE\tNODE\tSYS\tSYS\tNODE\tNODE\tSYS\tSYS\tPIX\tPIX\tPIX\tPIX\tPIX\tPIX\tPIX\tPIX\t X \t\t\t\t\n\nLegend:\n\n  X    = Self\n  SYS  = Connection traversing PCIe as well as the SMP interconnect between NUMA nodes (e.g., QPI/UPI)\n  NODE = Connection traversing PCIe as well as the interconnect between PCIe Host Bridges within a NUMA node\n  PHB  = Connection traversing PCIe as well as a PCIe Host Bridge (typically the CPU)\n  PXB  = Connection traversing multiple PCIe bridges (without traversing the PCIe Host Bridge)\n  PIX  = Connection traversing at most a single PCIe bridge\n  NV#  = Connection traversing a bonded set of # NVLinks\n\nNIC Legend:\n\n  NIC0: ibp0\n  NIC1: ibp1\n  NIC2: ibp2\n  NIC3: ibp3\n  NIC4: mlx5_0\n  NIC5: mlx5_1\n  NIC6: mlx5_2\n  NIC7: mlx5_3\n  NIC8: mlx5_4\n  NIC9: mlx5_5\n  NIC10: mlx5_6\n  NIC11: mlx5_7\n  NIC12: mlx5_8"
            }
          },
          "before": {
            "field_errors": {},
            "gpus": [
              {
                "clocks.applications.graphics": "[Requested functionality has been deprecated]",
                "clocks.applications.memory": "[Requested functionality has been deprecated]",
                "clocks.current.graphics": "1950",
                "clocks.current.memory": "3996",
                "clocks.current.sm": "1950",
                "clocks.max.graphics": "2062",
                "clocks.max.memory": "3996",
                "clocks.max.sm": "2062",
                "driver_version": "595.71.05",
                "index": "0",
                "name": "NVIDIA GB200",
                "pci.bus_id": "00000008:01:00.0",
                "persistence_mode": "Enabled",
                "power.draw": "212.38",
                "power.limit": "1200.00",
                "pstate": "P0",
                "temperature.gpu": "36",
                "uuid": "GPU-64efb995-783a-a11a-c868-580e18809080"
              },
              {
                "clocks.applications.graphics": "[Requested functionality has been deprecated]",
                "clocks.applications.memory": "[Requested functionality has been deprecated]",
                "clocks.current.graphics": "1950",
                "clocks.current.memory": "3996",
                "clocks.current.sm": "1950",
                "clocks.max.graphics": "2062",
                "clocks.max.memory": "3996",
                "clocks.max.sm": "2062",
                "driver_version": "595.71.05",
                "index": "1",
                "name": "NVIDIA GB200",
                "pci.bus_id": "00000009:01:00.0",
                "persistence_mode": "Enabled",
                "power.draw": "203.70",
                "power.limit": "1200.00",
                "pstate": "P0",
                "temperature.gpu": "36",
                "uuid": "GPU-84233fbe-ed84-cfff-821c-7acc555c2503"
              },
              {
                "clocks.applications.graphics": "[Requested functionality has been deprecated]",
                "clocks.applications.memory": "[Requested functionality has been deprecated]",
                "clocks.current.graphics": "1950",
                "clocks.current.memory": "3996",
                "clocks.current.sm": "1950",
                "clocks.max.graphics": "2062",
                "clocks.max.memory": "3996",
                "clocks.max.sm": "2062",
                "driver_version": "595.71.05",
                "index": "2",
                "name": "NVIDIA GB200",
                "pci.bus_id": "00000018:01:00.0",
                "persistence_mode": "Enabled",
                "power.draw": "208.80",
                "power.limit": "1200.00",
                "pstate": "P0",
                "temperature.gpu": "36",
                "uuid": "GPU-19bf3c4b-1e4c-1afc-3db0-adf098d28d8b"
              },
              {
                "clocks.applications.graphics": "[Requested functionality has been deprecated]",
                "clocks.applications.memory": "[Requested functionality has been deprecated]",
                "clocks.current.graphics": "1950",
                "clocks.current.memory": "3996",
                "clocks.current.sm": "1950",
                "clocks.max.graphics": "2062",
                "clocks.max.memory": "3996",
                "clocks.max.sm": "2062",
                "driver_version": "595.71.05",
                "index": "3",
                "name": "NVIDIA GB200",
                "pci.bus_id": "00000019:01:00.0",
                "persistence_mode": "Enabled",
                "power.draw": "229.83",
                "power.limit": "1200.00",
                "pstate": "P0",
                "temperature.gpu": "36",
                "uuid": "GPU-14a91ec2-4299-59e4-c682-00a36868d987"
              }
            ],
            "topology": {
              "arguments": [
                "nvidia-smi",
                "topo",
                "-m"
              ],
              "returncode": 0,
              "stderr": "",
              "stdout": "\u001b[4mGPU0\tGPU1\tGPU2\tGPU3\tNIC0\tNIC1\tNIC2\tNIC3\tNIC4\tNIC5\tNIC6\tNIC7\tNIC8\tNIC9\tNIC10\tNIC11\tNIC12\tCPU Affinity\tNUMA Affinity\tGPU NUMA ID\u001b[0m\nGPU0\t X \tNV18\tNV18\tNV18\tNODE\tNODE\tSYS\tSYS\tNODE\tNODE\tNODE\tNODE\tNODE\tNODE\tNODE\tNODE\tNODE\t0-71\t0\t\tN/A\nGPU1\tNV18\t X \tNV18\tNV18\tNODE\tNODE\tSYS\tSYS\tNODE\tNODE\tNODE\tNODE\tNODE\tNODE\tNODE\tNODE\tNODE\t0-71\t0\t\tN/A\nGPU2\tNV18\tNV18\t X \tNV18\tSYS\tSYS\tNODE\tNODE\tSYS\tSYS\tSYS\tSYS\tSYS\tSYS\tSYS\tSYS\tSYS\t72-143\t1\t\tN/A\nGPU3\tNV18\tNV18\tNV18\t X \tSYS\tSYS\tNODE\tNODE\tSYS\tSYS\tSYS\tSYS\tSYS\tSYS\tSYS\tSYS\tSYS\t72-143\t1\t\tN/A\nNIC0\tNODE\tNODE\tSYS\tSYS\t X \tNODE\tSYS\tSYS\tNODE\tNODE\tNODE\tNODE\tNODE\tNODE\tNODE\tNODE\tNODE\t\t\t\t\nNIC1\tNODE\tNODE\tSYS\tSYS\tNODE\t X \tSYS\tSYS\tNODE\tNODE\tNODE\tNODE\tNODE\tNODE\tNODE\tNODE\tNODE\t\t\t\t\nNIC2\tSYS\tSYS\tNODE\tNODE\tSYS\tSYS\t X \tNODE\tSYS\tSYS\tSYS\tSYS\tSYS\tSYS\tSYS\tSYS\tSYS\t\t\t\t\nNIC3\tSYS\tSYS\tNODE\tNODE\tSYS\tSYS\tNODE\t X \tSYS\tSYS\tSYS\tSYS\tSYS\tSYS\tSYS\tSYS\tSYS\t\t\t\t\nNIC4\tNODE\tNODE\tSYS\tSYS\tNODE\tNODE\tSYS\tSYS\t X \tPIX\tPIX\tPIX\tPIX\tPIX\tPIX\tPIX\tPIX\t\t\t\t\nNIC5\tNODE\tNODE\tSYS\tSYS\tNODE\tNODE\tSYS\tSYS\tPIX\t X \tPIX\tPIX\tPIX\tPIX\tPIX\tPIX\tPIX\t\t\t\t\nNIC6\tNODE\tNODE\tSYS\tSYS\tNODE\tNODE\tSYS\tSYS\tPIX\tPIX\t X \tPIX\tPIX\tPIX\tPIX\tPIX\tPIX\t\t\t\t\nNIC7\tNODE\tNODE\tSYS\tSYS\tNODE\tNODE\tSYS\tSYS\tPIX\tPIX\tPIX\t X \tPIX\tPIX\tPIX\tPIX\tPIX\t\t\t\t\nNIC8\tNODE\tNODE\tSYS\tSYS\tNODE\tNODE\tSYS\tSYS\tPIX\tPIX\tPIX\tPIX\t X \tPIX\tPIX\tPIX\tPIX\t\t\t\t\nNIC9\tNODE\tNODE\tSYS\tSYS\tNODE\tNODE\tSYS\tSYS\tPIX\tPIX\tPIX\tPIX\tPIX\t X \tPIX\tPIX\tPIX\t\t\t\t\nNIC10\tNODE\tNODE\tSYS\tSYS\tNODE\tNODE\tSYS\tSYS\tPIX\tPIX\tPIX\tPIX\tPIX\tPIX\t X \tPIX\tPIX\t\t\t\t\nNIC11\tNODE\tNODE\tSYS\tSYS\tNODE\tNODE\tSYS\tSYS\tPIX\tPIX\tPIX\tPIX\tPIX\tPIX\tPIX\t X \tPIX\t\t\t\t\nNIC12\tNODE\tNODE\tSYS\tSYS\tNODE\tNODE\tSYS\tSYS\tPIX\tPIX\tPIX\tPIX\tPIX\tPIX\tPIX\tPIX\t X \t\t\t\t\n\nLegend:\n\n  X    = Self\n  SYS  = Connection traversing PCIe as well as the SMP interconnect between NUMA nodes (e.g., QPI/UPI)\n  NODE = Connection traversing PCIe as well as the interconnect between PCIe Host Bridges within a NUMA node\n  PHB  = Connection traversing PCIe as well as a PCIe Host Bridge (typically the CPU)\n  PXB  = Connection traversing multiple PCIe bridges (without traversing the PCIe Host Bridge)\n  PIX  = Connection traversing at most a single PCIe bridge\n  NV#  = Connection traversing a bonded set of # NVLinks\n\nNIC Legend:\n\n  NIC0: ibp0\n  NIC1: ibp1\n  NIC2: ibp2\n  NIC3: ibp3\n  NIC4: mlx5_0\n  NIC5: mlx5_1\n  NIC6: mlx5_2\n  NIC7: mlx5_3\n  NIC8: mlx5_4\n  NIC9: mlx5_5\n  NIC10: mlx5_6\n  NIC11: mlx5_7\n  NIC12: mlx5_8"
            }
          }
        },
        "official_dispatch_combine_identity": {
          "after": {
            "field_errors": {},
            "gpus": [
              {
                "clocks.applications.graphics": "[Requested functionality has been deprecated]",
                "clocks.applications.memory": "[Requested functionality has been deprecated]",
                "clocks.current.graphics": "1950",
                "clocks.current.memory": "3996",
                "clocks.current.sm": "1950",
                "clocks.max.graphics": "2062",
                "clocks.max.memory": "3996",
                "clocks.max.sm": "2062",
                "driver_version": "595.71.05",
                "index": "0",
                "name": "NVIDIA GB200",
                "pci.bus_id": "00000008:01:00.0",
                "persistence_mode": "Enabled",
                "power.draw": "215.38",
                "power.limit": "1200.00",
                "pstate": "P0",
                "temperature.gpu": "36",
                "uuid": "GPU-64efb995-783a-a11a-c868-580e18809080"
              },
              {
                "clocks.applications.graphics": "[Requested functionality has been deprecated]",
                "clocks.applications.memory": "[Requested functionality has been deprecated]",
                "clocks.current.graphics": "1950",
                "clocks.current.memory": "3996",
                "clocks.current.sm": "1950",
                "clocks.max.graphics": "2062",
                "clocks.max.memory": "3996",
                "clocks.max.sm": "2062",
                "driver_version": "595.71.05",
                "index": "1",
                "name": "NVIDIA GB200",
                "pci.bus_id": "00000009:01:00.0",
                "persistence_mode": "Enabled",
                "power.draw": "207.15",
                "power.limit": "1200.00",
                "pstate": "P0",
                "temperature.gpu": "36",
                "uuid": "GPU-84233fbe-ed84-cfff-821c-7acc555c2503"
              },
              {
                "clocks.applications.graphics": "[Requested functionality has been deprecated]",
                "clocks.applications.memory": "[Requested functionality has been deprecated]",
                "clocks.current.graphics": "1950",
                "clocks.current.memory": "3996",
                "clocks.current.sm": "1950",
                "clocks.max.graphics": "2062",
                "clocks.max.memory": "3996",
                "clocks.max.sm": "2062",
                "driver_version": "595.71.05",
                "index": "2",
                "name": "NVIDIA GB200",
                "pci.bus_id": "00000018:01:00.0",
                "persistence_mode": "Enabled",
                "power.draw": "211.38",
                "power.limit": "1200.00",
                "pstate": "P0",
                "temperature.gpu": "36",
                "uuid": "GPU-19bf3c4b-1e4c-1afc-3db0-adf098d28d8b"
              },
              {
                "clocks.applications.graphics": "[Requested functionality has been deprecated]",
                "clocks.applications.memory": "[Requested functionality has been deprecated]",
                "clocks.current.graphics": "1950",
                "clocks.current.memory": "3996",
                "clocks.current.sm": "1950",
                "clocks.max.graphics": "2062",
                "clocks.max.memory": "3996",
                "clocks.max.sm": "2062",
                "driver_version": "595.71.05",
                "index": "3",
                "name": "NVIDIA GB200",
                "pci.bus_id": "00000019:01:00.0",
                "persistence_mode": "Enabled",
                "power.draw": "232.76",
                "power.limit": "1200.00",
                "pstate": "P0",
                "temperature.gpu": "36",
                "uuid": "GPU-14a91ec2-4299-59e4-c682-00a36868d987"
              }
            ],
            "topology": {
              "arguments": [
                "nvidia-smi",
                "topo",
                "-m"
              ],
              "returncode": 0,
              "stderr": "",
              "stdout": "\u001b[4mGPU0\tGPU1\tGPU2\tGPU3\tNIC0\tNIC1\tNIC2\tNIC3\tNIC4\tNIC5\tNIC6\tNIC7\tNIC8\tNIC9\tNIC10\tNIC11\tNIC12\tCPU Affinity\tNUMA Affinity\tGPU NUMA ID\u001b[0m\nGPU0\t X \tNV18\tNV18\tNV18\tNODE\tNODE\tSYS\tSYS\tNODE\tNODE\tNODE\tNODE\tNODE\tNODE\tNODE\tNODE\tNODE\t0-71\t0\t\tN/A\nGPU1\tNV18\t X \tNV18\tNV18\tNODE\tNODE\tSYS\tSYS\tNODE\tNODE\tNODE\tNODE\tNODE\tNODE\tNODE\tNODE\tNODE\t0-71\t0\t\tN/A\nGPU2\tNV18\tNV18\t X \tNV18\tSYS\tSYS\tNODE\tNODE\tSYS\tSYS\tSYS\tSYS\tSYS\tSYS\tSYS\tSYS\tSYS\t72-143\t1\t\tN/A\nGPU3\tNV18\tNV18\tNV18\t X \tSYS\tSYS\tNODE\tNODE\tSYS\tSYS\tSYS\tSYS\tSYS\tSYS\tSYS\tSYS\tSYS\t72-143\t1\t\tN/A\nNIC0\tNODE\tNODE\tSYS\tSYS\t X \tNODE\tSYS\tSYS\tNODE\tNODE\tNODE\tNODE\tNODE\tNODE\tNODE\tNODE\tNODE\t\t\t\t\nNIC1\tNODE\tNODE\tSYS\tSYS\tNODE\t X \tSYS\tSYS\tNODE\tNODE\tNODE\tNODE\tNODE\tNODE\tNODE\tNODE\tNODE\t\t\t\t\nNIC2\tSYS\tSYS\tNODE\tNODE\tSYS\tSYS\t X \tNODE\tSYS\tSYS\tSYS\tSYS\tSYS\tSYS\tSYS\tSYS\tSYS\t\t\t\t\nNIC3\tSYS\tSYS\tNODE\tNODE\tSYS\tSYS\tNODE\t X \tSYS\tSYS\tSYS\tSYS\tSYS\tSYS\tSYS\tSYS\tSYS\t\t\t\t\nNIC4\tNODE\tNODE\tSYS\tSYS\tNODE\tNODE\tSYS\tSYS\t X \tPIX\tPIX\tPIX\tPIX\tPIX\tPIX\tPIX\tPIX\t\t\t\t\nNIC5\tNODE\tNODE\tSYS\tSYS\tNODE\tNODE\tSYS\tSYS\tPIX\t X \tPIX\tPIX\tPIX\tPIX\tPIX\tPIX\tPIX\t\t\t\t\nNIC6\tNODE\tNODE\tSYS\tSYS\tNODE\tNODE\tSYS\tSYS\tPIX\tPIX\t X \tPIX\tPIX\tPIX\tPIX\tPIX\tPIX\t\t\t\t\nNIC7\tNODE\tNODE\tSYS\tSYS\tNODE\tNODE\tSYS\tSYS\tPIX\tPIX\tPIX\t X \tPIX\tPIX\tPIX\tPIX\tPIX\t\t\t\t\nNIC8\tNODE\tNODE\tSYS\tSYS\tNODE\tNODE\tSYS\tSYS\tPIX\tPIX\tPIX\tPIX\t X \tPIX\tPIX\tPIX\tPIX\t\t\t\t\nNIC9\tNODE\tNODE\tSYS\tSYS\tNODE\tNODE\tSYS\tSYS\tPIX\tPIX\tPIX\tPIX\tPIX\t X \tPIX\tPIX\tPIX\t\t\t\t\nNIC10\tNODE\tNODE\tSYS\tSYS\tNODE\tNODE\tSYS\tSYS\tPIX\tPIX\tPIX\tPIX\tPIX\tPIX\t X \tPIX\tPIX\t\t\t\t\nNIC11\tNODE\tNODE\tSYS\tSYS\tNODE\tNODE\tSYS\tSYS\tPIX\tPIX\tPIX\tPIX\tPIX\tPIX\tPIX\t X \tPIX\t\t\t\t\nNIC12\tNODE\tNODE\tSYS\tSYS\tNODE\tNODE\tSYS\tSYS\tPIX\tPIX\tPIX\tPIX\tPIX\tPIX\tPIX\tPIX\t X \t\t\t\t\n\nLegend:\n\n  X    = Self\n  SYS  = Connection traversing PCIe as well as the SMP interconnect between NUMA nodes (e.g., QPI/UPI)\n  NODE = Connection traversing PCIe as well as the interconnect between PCIe Host Bridges within a NUMA node\n  PHB  = Connection traversing PCIe as well as a PCIe Host Bridge (typically the CPU)\n  PXB  = Connection traversing multiple PCIe bridges (without traversing the PCIe Host Bridge)\n  PIX  = Connection traversing at most a single PCIe bridge\n  NV#  = Connection traversing a bonded set of # NVLinks\n\nNIC Legend:\n\n  NIC0: ibp0\n  NIC1: ibp1\n  NIC2: ibp2\n  NIC3: ibp3\n  NIC4: mlx5_0\n  NIC5: mlx5_1\n  NIC6: mlx5_2\n  NIC7: mlx5_3\n  NIC8: mlx5_4\n  NIC9: mlx5_5\n  NIC10: mlx5_6\n  NIC11: mlx5_7\n  NIC12: mlx5_8"
            }
          },
          "before": {
            "field_errors": {},
            "gpus": [
              {
                "clocks.applications.graphics": "[Requested functionality has been deprecated]",
                "clocks.applications.memory": "[Requested functionality has been deprecated]",
                "clocks.current.graphics": "1950",
                "clocks.current.memory": "3996",
                "clocks.current.sm": "1950",
                "clocks.max.graphics": "2062",
                "clocks.max.memory": "3996",
                "clocks.max.sm": "2062",
                "driver_version": "595.71.05",
                "index": "0",
                "name": "NVIDIA GB200",
                "pci.bus_id": "00000008:01:00.0",
                "persistence_mode": "Enabled",
                "power.draw": "260.55",
                "power.limit": "1200.00",
                "pstate": "P0",
                "temperature.gpu": "36",
                "uuid": "GPU-64efb995-783a-a11a-c868-580e18809080"
              },
              {
                "clocks.applications.graphics": "[Requested functionality has been deprecated]",
                "clocks.applications.memory": "[Requested functionality has been deprecated]",
                "clocks.current.graphics": "1950",
                "clocks.current.memory": "3996",
                "clocks.current.sm": "1950",
                "clocks.max.graphics": "2062",
                "clocks.max.memory": "3996",
                "clocks.max.sm": "2062",
                "driver_version": "595.71.05",
                "index": "1",
                "name": "NVIDIA GB200",
                "pci.bus_id": "00000009:01:00.0",
                "persistence_mode": "Enabled",
                "power.draw": "247.74",
                "power.limit": "1200.00",
                "pstate": "P0",
                "temperature.gpu": "36",
                "uuid": "GPU-84233fbe-ed84-cfff-821c-7acc555c2503"
              },
              {
                "clocks.applications.graphics": "[Requested functionality has been deprecated]",
                "clocks.applications.memory": "[Requested functionality has been deprecated]",
                "clocks.current.graphics": "1950",
                "clocks.current.memory": "3996",
                "clocks.current.sm": "1950",
                "clocks.max.graphics": "2062",
                "clocks.max.memory": "3996",
                "clocks.max.sm": "2062",
                "driver_version": "595.71.05",
                "index": "2",
                "name": "NVIDIA GB200",
                "pci.bus_id": "00000018:01:00.0",
                "persistence_mode": "Enabled",
                "power.draw": "255.60",
                "power.limit": "1200.00",
                "pstate": "P0",
                "temperature.gpu": "36",
                "uuid": "GPU-19bf3c4b-1e4c-1afc-3db0-adf098d28d8b"
              },
              {
                "clocks.applications.graphics": "[Requested functionality has been deprecated]",
                "clocks.applications.memory": "[Requested functionality has been deprecated]",
                "clocks.current.graphics": "1950",
                "clocks.current.memory": "3996",
                "clocks.current.sm": "1950",
                "clocks.max.graphics": "2062",
                "clocks.max.memory": "3996",
                "clocks.max.sm": "2062",
                "driver_version": "595.71.05",
                "index": "3",
                "name": "NVIDIA GB200",
                "pci.bus_id": "00000019:01:00.0",
                "persistence_mode": "Enabled",
                "power.draw": "282.84",
                "power.limit": "1200.00",
                "pstate": "P0",
                "temperature.gpu": "36",
                "uuid": "GPU-14a91ec2-4299-59e4-c682-00a36868d987"
              }
            ],
            "topology": {
              "arguments": [
                "nvidia-smi",
                "topo",
                "-m"
              ],
              "returncode": 0,
              "stderr": "",
              "stdout": "\u001b[4mGPU0\tGPU1\tGPU2\tGPU3\tNIC0\tNIC1\tNIC2\tNIC3\tNIC4\tNIC5\tNIC6\tNIC7\tNIC8\tNIC9\tNIC10\tNIC11\tNIC12\tCPU Affinity\tNUMA Affinity\tGPU NUMA ID\u001b[0m\nGPU0\t X \tNV18\tNV18\tNV18\tNODE\tNODE\tSYS\tSYS\tNODE\tNODE\tNODE\tNODE\tNODE\tNODE\tNODE\tNODE\tNODE\t0-71\t0\t\tN/A\nGPU1\tNV18\t X \tNV18\tNV18\tNODE\tNODE\tSYS\tSYS\tNODE\tNODE\tNODE\tNODE\tNODE\tNODE\tNODE\tNODE\tNODE\t0-71\t0\t\tN/A\nGPU2\tNV18\tNV18\t X \tNV18\tSYS\tSYS\tNODE\tNODE\tSYS\tSYS\tSYS\tSYS\tSYS\tSYS\tSYS\tSYS\tSYS\t72-143\t1\t\tN/A\nGPU3\tNV18\tNV18\tNV18\t X \tSYS\tSYS\tNODE\tNODE\tSYS\tSYS\tSYS\tSYS\tSYS\tSYS\tSYS\tSYS\tSYS\t72-143\t1\t\tN/A\nNIC0\tNODE\tNODE\tSYS\tSYS\t X \tNODE\tSYS\tSYS\tNODE\tNODE\tNODE\tNODE\tNODE\tNODE\tNODE\tNODE\tNODE\t\t\t\t\nNIC1\tNODE\tNODE\tSYS\tSYS\tNODE\t X \tSYS\tSYS\tNODE\tNODE\tNODE\tNODE\tNODE\tNODE\tNODE\tNODE\tNODE\t\t\t\t\nNIC2\tSYS\tSYS\tNODE\tNODE\tSYS\tSYS\t X \tNODE\tSYS\tSYS\tSYS\tSYS\tSYS\tSYS\tSYS\tSYS\tSYS\t\t\t\t\nNIC3\tSYS\tSYS\tNODE\tNODE\tSYS\tSYS\tNODE\t X \tSYS\tSYS\tSYS\tSYS\tSYS\tSYS\tSYS\tSYS\tSYS\t\t\t\t\nNIC4\tNODE\tNODE\tSYS\tSYS\tNODE\tNODE\tSYS\tSYS\t X \tPIX\tPIX\tPIX\tPIX\tPIX\tPIX\tPIX\tPIX\t\t\t\t\nNIC5\tNODE\tNODE\tSYS\tSYS\tNODE\tNODE\tSYS\tSYS\tPIX\t X \tPIX\tPIX\tPIX\tPIX\tPIX\tPIX\tPIX\t\t\t\t\nNIC6\tNODE\tNODE\tSYS\tSYS\tNODE\tNODE\tSYS\tSYS\tPIX\tPIX\t X \tPIX\tPIX\tPIX\tPIX\tPIX\tPIX\t\t\t\t\nNIC7\tNODE\tNODE\tSYS\tSYS\tNODE\tNODE\tSYS\tSYS\tPIX\tPIX\tPIX\t X \tPIX\tPIX\tPIX\tPIX\tPIX\t\t\t\t\nNIC8\tNODE\tNODE\tSYS\tSYS\tNODE\tNODE\tSYS\tSYS\tPIX\tPIX\tPIX\tPIX\t X \tPIX\tPIX\tPIX\tPIX\t\t\t\t\nNIC9\tNODE\tNODE\tSYS\tSYS\tNODE\tNODE\tSYS\tSYS\tPIX\tPIX\tPIX\tPIX\tPIX\t X \tPIX\tPIX\tPIX\t\t\t\t\nNIC10\tNODE\tNODE\tSYS\tSYS\tNODE\tNODE\tSYS\tSYS\tPIX\tPIX\tPIX\tPIX\tPIX\tPIX\t X \tPIX\tPIX\t\t\t\t\nNIC11\tNODE\tNODE\tSYS\tSYS\tNODE\tNODE\tSYS\tSYS\tPIX\tPIX\tPIX\tPIX\tPIX\tPIX\tPIX\t X \tPIX\t\t\t\t\nNIC12\tNODE\tNODE\tSYS\tSYS\tNODE\tNODE\tSYS\tSYS\tPIX\tPIX\tPIX\tPIX\tPIX\tPIX\tPIX\tPIX\t X \t\t\t\t\n\nLegend:\n\n  X    = Self\n  SYS  = Connection traversing PCIe as well as the SMP interconnect between NUMA nodes (e.g., QPI/UPI)\n  NODE = Connection traversing PCIe as well as the interconnect between PCIe Host Bridges within a NUMA node\n  PHB  = Connection traversing PCIe as well as a PCIe Host Bridge (typically the CPU)\n  PXB  = Connection traversing multiple PCIe bridges (without traversing the PCIe Host Bridge)\n  PIX  = Connection traversing at most a single PCIe bridge\n  NV#  = Connection traversing a bonded set of # NVLinks\n\nNIC Legend:\n\n  NIC0: ibp0\n  NIC1: ibp1\n  NIC2: ibp2\n  NIC3: ibp3\n  NIC4: mlx5_0\n  NIC5: mlx5_1\n  NIC6: mlx5_2\n  NIC7: mlx5_3\n  NIC8: mlx5_4\n  NIC9: mlx5_5\n  NIC10: mlx5_6\n  NIC11: mlx5_7\n  NIC12: mlx5_8"
            }
          }
        },
        "payload_reverse_transport_and_generated_merge": {
          "after": {
            "field_errors": {},
            "gpus": [
              {
                "clocks.applications.graphics": "[Requested functionality has been deprecated]",
                "clocks.applications.memory": "[Requested functionality has been deprecated]",
                "clocks.current.graphics": "1950",
                "clocks.current.memory": "3996",
                "clocks.current.sm": "1950",
                "clocks.max.graphics": "2062",
                "clocks.max.memory": "3996",
                "clocks.max.sm": "2062",
                "driver_version": "595.71.05",
                "index": "0",
                "name": "NVIDIA GB200",
                "pci.bus_id": "00000008:01:00.0",
                "persistence_mode": "Enabled",
                "power.draw": "215.49",
                "power.limit": "1200.00",
                "pstate": "P0",
                "temperature.gpu": "36",
                "uuid": "GPU-64efb995-783a-a11a-c868-580e18809080"
              },
              {
                "clocks.applications.graphics": "[Requested functionality has been deprecated]",
                "clocks.applications.memory": "[Requested functionality has been deprecated]",
                "clocks.current.graphics": "1950",
                "clocks.current.memory": "3996",
                "clocks.current.sm": "1950",
                "clocks.max.graphics": "2062",
                "clocks.max.memory": "3996",
                "clocks.max.sm": "2062",
                "driver_version": "595.71.05",
                "index": "1",
                "name": "NVIDIA GB200",
                "pci.bus_id": "00000009:01:00.0",
                "persistence_mode": "Enabled",
                "power.draw": "207.04",
                "power.limit": "1200.00",
                "pstate": "P0",
                "temperature.gpu": "36",
                "uuid": "GPU-84233fbe-ed84-cfff-821c-7acc555c2503"
              },
              {
                "clocks.applications.graphics": "[Requested functionality has been deprecated]",
                "clocks.applications.memory": "[Requested functionality has been deprecated]",
                "clocks.current.graphics": "1950",
                "clocks.current.memory": "3996",
                "clocks.current.sm": "1950",
                "clocks.max.graphics": "2062",
                "clocks.max.memory": "3996",
                "clocks.max.sm": "2062",
                "driver_version": "595.71.05",
                "index": "2",
                "name": "NVIDIA GB200",
                "pci.bus_id": "00000018:01:00.0",
                "persistence_mode": "Enabled",
                "power.draw": "213.14",
                "power.limit": "1200.00",
                "pstate": "P0",
                "temperature.gpu": "36",
                "uuid": "GPU-19bf3c4b-1e4c-1afc-3db0-adf098d28d8b"
              },
              {
                "clocks.applications.graphics": "[Requested functionality has been deprecated]",
                "clocks.applications.memory": "[Requested functionality has been deprecated]",
                "clocks.current.graphics": "1950",
                "clocks.current.memory": "3996",
                "clocks.current.sm": "1950",
                "clocks.max.graphics": "2062",
                "clocks.max.memory": "3996",
                "clocks.max.sm": "2062",
                "driver_version": "595.71.05",
                "index": "3",
                "name": "NVIDIA GB200",
                "pci.bus_id": "00000019:01:00.0",
                "persistence_mode": "Enabled",
                "power.draw": "233.22",
                "power.limit": "1200.00",
                "pstate": "P0",
                "temperature.gpu": "36",
                "uuid": "GPU-14a91ec2-4299-59e4-c682-00a36868d987"
              }
            ],
            "topology": {
              "arguments": [
                "nvidia-smi",
                "topo",
                "-m"
              ],
              "returncode": 0,
              "stderr": "",
              "stdout": "\u001b[4mGPU0\tGPU1\tGPU2\tGPU3\tNIC0\tNIC1\tNIC2\tNIC3\tNIC4\tNIC5\tNIC6\tNIC7\tNIC8\tNIC9\tNIC10\tNIC11\tNIC12\tCPU Affinity\tNUMA Affinity\tGPU NUMA ID\u001b[0m\nGPU0\t X \tNV18\tNV18\tNV18\tNODE\tNODE\tSYS\tSYS\tNODE\tNODE\tNODE\tNODE\tNODE\tNODE\tNODE\tNODE\tNODE\t0-71\t0\t\tN/A\nGPU1\tNV18\t X \tNV18\tNV18\tNODE\tNODE\tSYS\tSYS\tNODE\tNODE\tNODE\tNODE\tNODE\tNODE\tNODE\tNODE\tNODE\t0-71\t0\t\tN/A\nGPU2\tNV18\tNV18\t X \tNV18\tSYS\tSYS\tNODE\tNODE\tSYS\tSYS\tSYS\tSYS\tSYS\tSYS\tSYS\tSYS\tSYS\t72-143\t1\t\tN/A\nGPU3\tNV18\tNV18\tNV18\t X \tSYS\tSYS\tNODE\tNODE\tSYS\tSYS\tSYS\tSYS\tSYS\tSYS\tSYS\tSYS\tSYS\t72-143\t1\t\tN/A\nNIC0\tNODE\tNODE\tSYS\tSYS\t X \tNODE\tSYS\tSYS\tNODE\tNODE\tNODE\tNODE\tNODE\tNODE\tNODE\tNODE\tNODE\t\t\t\t\nNIC1\tNODE\tNODE\tSYS\tSYS\tNODE\t X \tSYS\tSYS\tNODE\tNODE\tNODE\tNODE\tNODE\tNODE\tNODE\tNODE\tNODE\t\t\t\t\nNIC2\tSYS\tSYS\tNODE\tNODE\tSYS\tSYS\t X \tNODE\tSYS\tSYS\tSYS\tSYS\tSYS\tSYS\tSYS\tSYS\tSYS\t\t\t\t\nNIC3\tSYS\tSYS\tNODE\tNODE\tSYS\tSYS\tNODE\t X \tSYS\tSYS\tSYS\tSYS\tSYS\tSYS\tSYS\tSYS\tSYS\t\t\t\t\nNIC4\tNODE\tNODE\tSYS\tSYS\tNODE\tNODE\tSYS\tSYS\t X \tPIX\tPIX\tPIX\tPIX\tPIX\tPIX\tPIX\tPIX\t\t\t\t\nNIC5\tNODE\tNODE\tSYS\tSYS\tNODE\tNODE\tSYS\tSYS\tPIX\t X \tPIX\tPIX\tPIX\tPIX\tPIX\tPIX\tPIX\t\t\t\t\nNIC6\tNODE\tNODE\tSYS\tSYS\tNODE\tNODE\tSYS\tSYS\tPIX\tPIX\t X \tPIX\tPIX\tPIX\tPIX\tPIX\tPIX\t\t\t\t\nNIC7\tNODE\tNODE\tSYS\tSYS\tNODE\tNODE\tSYS\tSYS\tPIX\tPIX\tPIX\t X \tPIX\tPIX\tPIX\tPIX\tPIX\t\t\t\t\nNIC8\tNODE\tNODE\tSYS\tSYS\tNODE\tNODE\tSYS\tSYS\tPIX\tPIX\tPIX\tPIX\t X \tPIX\tPIX\tPIX\tPIX\t\t\t\t\nNIC9\tNODE\tNODE\tSYS\tSYS\tNODE\tNODE\tSYS\tSYS\tPIX\tPIX\tPIX\tPIX\tPIX\t X \tPIX\tPIX\tPIX\t\t\t\t\nNIC10\tNODE\tNODE\tSYS\tSYS\tNODE\tNODE\tSYS\tSYS\tPIX\tPIX\tPIX\tPIX\tPIX\tPIX\t X \tPIX\tPIX\t\t\t\t\nNIC11\tNODE\tNODE\tSYS\tSYS\tNODE\tNODE\tSYS\tSYS\tPIX\tPIX\tPIX\tPIX\tPIX\tPIX\tPIX\t X \tPIX\t\t\t\t\nNIC12\tNODE\tNODE\tSYS\tSYS\tNODE\tNODE\tSYS\tSYS\tPIX\tPIX\tPIX\tPIX\tPIX\tPIX\tPIX\tPIX\t X \t\t\t\t\n\nLegend:\n\n  X    = Self\n  SYS  = Connection traversing PCIe as well as the SMP interconnect between NUMA nodes (e.g., QPI/UPI)\n  NODE = Connection traversing PCIe as well as the interconnect between PCIe Host Bridges within a NUMA node\n  PHB  = Connection traversing PCIe as well as a PCIe Host Bridge (typically the CPU)\n  PXB  = Connection traversing multiple PCIe bridges (without traversing the PCIe Host Bridge)\n  PIX  = Connection traversing at most a single PCIe bridge\n  NV#  = Connection traversing a bonded set of # NVLinks\n\nNIC Legend:\n\n  NIC0: ibp0\n  NIC1: ibp1\n  NIC2: ibp2\n  NIC3: ibp3\n  NIC4: mlx5_0\n  NIC5: mlx5_1\n  NIC6: mlx5_2\n  NIC7: mlx5_3\n  NIC8: mlx5_4\n  NIC9: mlx5_5\n  NIC10: mlx5_6\n  NIC11: mlx5_7\n  NIC12: mlx5_8"
            }
          },
          "before": {
            "field_errors": {},
            "gpus": [
              {
                "clocks.applications.graphics": "[Requested functionality has been deprecated]",
                "clocks.applications.memory": "[Requested functionality has been deprecated]",
                "clocks.current.graphics": "1950",
                "clocks.current.memory": "3996",
                "clocks.current.sm": "1950",
                "clocks.max.graphics": "2062",
                "clocks.max.memory": "3996",
                "clocks.max.sm": "2062",
                "driver_version": "595.71.05",
                "index": "0",
                "name": "NVIDIA GB200",
                "pci.bus_id": "00000008:01:00.0",
                "persistence_mode": "Enabled",
                "power.draw": "212.45",
                "power.limit": "1200.00",
                "pstate": "P0",
                "temperature.gpu": "36",
                "uuid": "GPU-64efb995-783a-a11a-c868-580e18809080"
              },
              {
                "clocks.applications.graphics": "[Requested functionality has been deprecated]",
                "clocks.applications.memory": "[Requested functionality has been deprecated]",
                "clocks.current.graphics": "1950",
                "clocks.current.memory": "3996",
                "clocks.current.sm": "1950",
                "clocks.max.graphics": "2062",
                "clocks.max.memory": "3996",
                "clocks.max.sm": "2062",
                "driver_version": "595.71.05",
                "index": "1",
                "name": "NVIDIA GB200",
                "pci.bus_id": "00000009:01:00.0",
                "persistence_mode": "Enabled",
                "power.draw": "203.78",
                "power.limit": "1200.00",
                "pstate": "P0",
                "temperature.gpu": "36",
                "uuid": "GPU-84233fbe-ed84-cfff-821c-7acc555c2503"
              },
              {
                "clocks.applications.graphics": "[Requested functionality has been deprecated]",
                "clocks.applications.memory": "[Requested functionality has been deprecated]",
                "clocks.current.graphics": "1950",
                "clocks.current.memory": "3996",
                "clocks.current.sm": "1950",
                "clocks.max.graphics": "2062",
                "clocks.max.memory": "3996",
                "clocks.max.sm": "2062",
                "driver_version": "595.71.05",
                "index": "2",
                "name": "NVIDIA GB200",
                "pci.bus_id": "00000018:01:00.0",
                "persistence_mode": "Enabled",
                "power.draw": "209.71",
                "power.limit": "1200.00",
                "pstate": "P0",
                "temperature.gpu": "36",
                "uuid": "GPU-19bf3c4b-1e4c-1afc-3db0-adf098d28d8b"
              },
              {
                "clocks.applications.graphics": "[Requested functionality has been deprecated]",
                "clocks.applications.memory": "[Requested functionality has been deprecated]",
                "clocks.current.graphics": "1950",
                "clocks.current.memory": "3996",
                "clocks.current.sm": "1950",
                "clocks.max.graphics": "2062",
                "clocks.max.memory": "3996",
                "clocks.max.sm": "2062",
                "driver_version": "595.71.05",
                "index": "3",
                "name": "NVIDIA GB200",
                "pci.bus_id": "00000019:01:00.0",
                "persistence_mode": "Enabled",
                "power.draw": "229.82",
                "power.limit": "1200.00",
                "pstate": "P0",
                "temperature.gpu": "36",
                "uuid": "GPU-14a91ec2-4299-59e4-c682-00a36868d987"
              }
            ],
            "topology": {
              "arguments": [
                "nvidia-smi",
                "topo",
                "-m"
              ],
              "returncode": 0,
              "stderr": "",
              "stdout": "\u001b[4mGPU0\tGPU1\tGPU2\tGPU3\tNIC0\tNIC1\tNIC2\tNIC3\tNIC4\tNIC5\tNIC6\tNIC7\tNIC8\tNIC9\tNIC10\tNIC11\tNIC12\tCPU Affinity\tNUMA Affinity\tGPU NUMA ID\u001b[0m\nGPU0\t X \tNV18\tNV18\tNV18\tNODE\tNODE\tSYS\tSYS\tNODE\tNODE\tNODE\tNODE\tNODE\tNODE\tNODE\tNODE\tNODE\t0-71\t0\t\tN/A\nGPU1\tNV18\t X \tNV18\tNV18\tNODE\tNODE\tSYS\tSYS\tNODE\tNODE\tNODE\tNODE\tNODE\tNODE\tNODE\tNODE\tNODE\t0-71\t0\t\tN/A\nGPU2\tNV18\tNV18\t X \tNV18\tSYS\tSYS\tNODE\tNODE\tSYS\tSYS\tSYS\tSYS\tSYS\tSYS\tSYS\tSYS\tSYS\t72-143\t1\t\tN/A\nGPU3\tNV18\tNV18\tNV18\t X \tSYS\tSYS\tNODE\tNODE\tSYS\tSYS\tSYS\tSYS\tSYS\tSYS\tSYS\tSYS\tSYS\t72-143\t1\t\tN/A\nNIC0\tNODE\tNODE\tSYS\tSYS\t X \tNODE\tSYS\tSYS\tNODE\tNODE\tNODE\tNODE\tNODE\tNODE\tNODE\tNODE\tNODE\t\t\t\t\nNIC1\tNODE\tNODE\tSYS\tSYS\tNODE\t X \tSYS\tSYS\tNODE\tNODE\tNODE\tNODE\tNODE\tNODE\tNODE\tNODE\tNODE\t\t\t\t\nNIC2\tSYS\tSYS\tNODE\tNODE\tSYS\tSYS\t X \tNODE\tSYS\tSYS\tSYS\tSYS\tSYS\tSYS\tSYS\tSYS\tSYS\t\t\t\t\nNIC3\tSYS\tSYS\tNODE\tNODE\tSYS\tSYS\tNODE\t X \tSYS\tSYS\tSYS\tSYS\tSYS\tSYS\tSYS\tSYS\tSYS\t\t\t\t\nNIC4\tNODE\tNODE\tSYS\tSYS\tNODE\tNODE\tSYS\tSYS\t X \tPIX\tPIX\tPIX\tPIX\tPIX\tPIX\tPIX\tPIX\t\t\t\t\nNIC5\tNODE\tNODE\tSYS\tSYS\tNODE\tNODE\tSYS\tSYS\tPIX\t X \tPIX\tPIX\tPIX\tPIX\tPIX\tPIX\tPIX\t\t\t\t\nNIC6\tNODE\tNODE\tSYS\tSYS\tNODE\tNODE\tSYS\tSYS\tPIX\tPIX\t X \tPIX\tPIX\tPIX\tPIX\tPIX\tPIX\t\t\t\t\nNIC7\tNODE\tNODE\tSYS\tSYS\tNODE\tNODE\tSYS\tSYS\tPIX\tPIX\tPIX\t X \tPIX\tPIX\tPIX\tPIX\tPIX\t\t\t\t\nNIC8\tNODE\tNODE\tSYS\tSYS\tNODE\tNODE\tSYS\tSYS\tPIX\tPIX\tPIX\tPIX\t X \tPIX\tPIX\tPIX\tPIX\t\t\t\t\nNIC9\tNODE\tNODE\tSYS\tSYS\tNODE\tNODE\tSYS\tSYS\tPIX\tPIX\tPIX\tPIX\tPIX\t X \tPIX\tPIX\tPIX\t\t\t\t\nNIC10\tNODE\tNODE\tSYS\tSYS\tNODE\tNODE\tSYS\tSYS\tPIX\tPIX\tPIX\tPIX\tPIX\tPIX\t X \tPIX\tPIX\t\t\t\t\nNIC11\tNODE\tNODE\tSYS\tSYS\tNODE\tNODE\tSYS\tSYS\tPIX\tPIX\tPIX\tPIX\tPIX\tPIX\tPIX\t X \tPIX\t\t\t\t\nNIC12\tNODE\tNODE\tSYS\tSYS\tNODE\tNODE\tSYS\tSYS\tPIX\tPIX\tPIX\tPIX\tPIX\tPIX\tPIX\tPIX\t X \t\t\t\t\n\nLegend:\n\n  X    = Self\n  SYS  = Connection traversing PCIe as well as the SMP interconnect between NUMA nodes (e.g., QPI/UPI)\n  NODE = Connection traversing PCIe as well as the interconnect between PCIe Host Bridges within a NUMA node\n  PHB  = Connection traversing PCIe as well as a PCIe Host Bridge (typically the CPU)\n  PXB  = Connection traversing multiple PCIe bridges (without traversing the PCIe Host Bridge)\n  PIX  = Connection traversing at most a single PCIe bridge\n  NV#  = Connection traversing a bonded set of # NVLinks\n\nNIC Legend:\n\n  NIC0: ibp0\n  NIC1: ibp1\n  NIC2: ibp2\n  NIC3: ibp3\n  NIC4: mlx5_0\n  NIC5: mlx5_1\n  NIC6: mlx5_2\n  NIC7: mlx5_3\n  NIC8: mlx5_4\n  NIC9: mlx5_5\n  NIC10: mlx5_6\n  NIC11: mlx5_7\n  NIC12: mlx5_8"
            }
          }
        }
      },
      "final": {
        "field_errors": {},
        "gpus": [
          {
            "clocks.applications.graphics": "[Requested functionality has been deprecated]",
            "clocks.applications.memory": "[Requested functionality has been deprecated]",
            "clocks.current.graphics": "1950",
            "clocks.current.memory": "3996",
            "clocks.current.sm": "1950",
            "clocks.max.graphics": "2062",
            "clocks.max.memory": "3996",
            "clocks.max.sm": "2062",
            "driver_version": "595.71.05",
            "index": "0",
            "name": "NVIDIA GB200",
            "pci.bus_id": "00000008:01:00.0",
            "persistence_mode": "Enabled",
            "power.draw": "212.51",
            "power.limit": "1200.00",
            "pstate": "P0",
            "temperature.gpu": "36",
            "uuid": "GPU-64efb995-783a-a11a-c868-580e18809080"
          },
          {
            "clocks.applications.graphics": "[Requested functionality has been deprecated]",
            "clocks.applications.memory": "[Requested functionality has been deprecated]",
            "clocks.current.graphics": "1950",
            "clocks.current.memory": "3996",
            "clocks.current.sm": "1950",
            "clocks.max.graphics": "2062",
            "clocks.max.memory": "3996",
            "clocks.max.sm": "2062",
            "driver_version": "595.71.05",
            "index": "1",
            "name": "NVIDIA GB200",
            "pci.bus_id": "00000009:01:00.0",
            "persistence_mode": "Enabled",
            "power.draw": "204.43",
            "power.limit": "1200.00",
            "pstate": "P0",
            "temperature.gpu": "37",
            "uuid": "GPU-84233fbe-ed84-cfff-821c-7acc555c2503"
          },
          {
            "clocks.applications.graphics": "[Requested functionality has been deprecated]",
            "clocks.applications.memory": "[Requested functionality has been deprecated]",
            "clocks.current.graphics": "1950",
            "clocks.current.memory": "3996",
            "clocks.current.sm": "1950",
            "clocks.max.graphics": "2062",
            "clocks.max.memory": "3996",
            "clocks.max.sm": "2062",
            "driver_version": "595.71.05",
            "index": "2",
            "name": "NVIDIA GB200",
            "pci.bus_id": "00000018:01:00.0",
            "persistence_mode": "Enabled",
            "power.draw": "208.57",
            "power.limit": "1200.00",
            "pstate": "P0",
            "temperature.gpu": "36",
            "uuid": "GPU-19bf3c4b-1e4c-1afc-3db0-adf098d28d8b"
          },
          {
            "clocks.applications.graphics": "[Requested functionality has been deprecated]",
            "clocks.applications.memory": "[Requested functionality has been deprecated]",
            "clocks.current.graphics": "1950",
            "clocks.current.memory": "3996",
            "clocks.current.sm": "1950",
            "clocks.max.graphics": "2062",
            "clocks.max.memory": "3996",
            "clocks.max.sm": "2062",
            "driver_version": "595.71.05",
            "index": "3",
            "name": "NVIDIA GB200",
            "pci.bus_id": "00000019:01:00.0",
            "persistence_mode": "Enabled",
            "power.draw": "230.33",
            "power.limit": "1200.00",
            "pstate": "P0",
            "temperature.gpu": "36",
            "uuid": "GPU-14a91ec2-4299-59e4-c682-00a36868d987"
          }
        ],
        "topology": {
          "arguments": [
            "nvidia-smi",
            "topo",
            "-m"
          ],
          "returncode": 0,
          "stderr": "",
          "stdout": "\u001b[4mGPU0\tGPU1\tGPU2\tGPU3\tNIC0\tNIC1\tNIC2\tNIC3\tNIC4\tNIC5\tNIC6\tNIC7\tNIC8\tNIC9\tNIC10\tNIC11\tNIC12\tCPU Affinity\tNUMA Affinity\tGPU NUMA ID\u001b[0m\nGPU0\t X \tNV18\tNV18\tNV18\tNODE\tNODE\tSYS\tSYS\tNODE\tNODE\tNODE\tNODE\tNODE\tNODE\tNODE\tNODE\tNODE\t0-71\t0\t\tN/A\nGPU1\tNV18\t X \tNV18\tNV18\tNODE\tNODE\tSYS\tSYS\tNODE\tNODE\tNODE\tNODE\tNODE\tNODE\tNODE\tNODE\tNODE\t0-71\t0\t\tN/A\nGPU2\tNV18\tNV18\t X \tNV18\tSYS\tSYS\tNODE\tNODE\tSYS\tSYS\tSYS\tSYS\tSYS\tSYS\tSYS\tSYS\tSYS\t72-143\t1\t\tN/A\nGPU3\tNV18\tNV18\tNV18\t X \tSYS\tSYS\tNODE\tNODE\tSYS\tSYS\tSYS\tSYS\tSYS\tSYS\tSYS\tSYS\tSYS\t72-143\t1\t\tN/A\nNIC0\tNODE\tNODE\tSYS\tSYS\t X \tNODE\tSYS\tSYS\tNODE\tNODE\tNODE\tNODE\tNODE\tNODE\tNODE\tNODE\tNODE\t\t\t\t\nNIC1\tNODE\tNODE\tSYS\tSYS\tNODE\t X \tSYS\tSYS\tNODE\tNODE\tNODE\tNODE\tNODE\tNODE\tNODE\tNODE\tNODE\t\t\t\t\nNIC2\tSYS\tSYS\tNODE\tNODE\tSYS\tSYS\t X \tNODE\tSYS\tSYS\tSYS\tSYS\tSYS\tSYS\tSYS\tSYS\tSYS\t\t\t\t\nNIC3\tSYS\tSYS\tNODE\tNODE\tSYS\tSYS\tNODE\t X \tSYS\tSYS\tSYS\tSYS\tSYS\tSYS\tSYS\tSYS\tSYS\t\t\t\t\nNIC4\tNODE\tNODE\tSYS\tSYS\tNODE\tNODE\tSYS\tSYS\t X \tPIX\tPIX\tPIX\tPIX\tPIX\tPIX\tPIX\tPIX\t\t\t\t\nNIC5\tNODE\tNODE\tSYS\tSYS\tNODE\tNODE\tSYS\tSYS\tPIX\t X \tPIX\tPIX\tPIX\tPIX\tPIX\tPIX\tPIX\t\t\t\t\nNIC6\tNODE\tNODE\tSYS\tSYS\tNODE\tNODE\tSYS\tSYS\tPIX\tPIX\t X \tPIX\tPIX\tPIX\tPIX\tPIX\tPIX\t\t\t\t\nNIC7\tNODE\tNODE\tSYS\tSYS\tNODE\tNODE\tSYS\tSYS\tPIX\tPIX\tPIX\t X \tPIX\tPIX\tPIX\tPIX\tPIX\t\t\t\t\nNIC8\tNODE\tNODE\tSYS\tSYS\tNODE\tNODE\tSYS\tSYS\tPIX\tPIX\tPIX\tPIX\t X \tPIX\tPIX\tPIX\tPIX\t\t\t\t\nNIC9\tNODE\tNODE\tSYS\tSYS\tNODE\tNODE\tSYS\tSYS\tPIX\tPIX\tPIX\tPIX\tPIX\t X \tPIX\tPIX\tPIX\t\t\t\t\nNIC10\tNODE\tNODE\tSYS\tSYS\tNODE\tNODE\tSYS\tSYS\tPIX\tPIX\tPIX\tPIX\tPIX\tPIX\t X \tPIX\tPIX\t\t\t\t\nNIC11\tNODE\tNODE\tSYS\tSYS\tNODE\tNODE\tSYS\tSYS\tPIX\tPIX\tPIX\tPIX\tPIX\tPIX\tPIX\t X \tPIX\t\t\t\t\nNIC12\tNODE\tNODE\tSYS\tSYS\tNODE\tNODE\tSYS\tSYS\tPIX\tPIX\tPIX\tPIX\tPIX\tPIX\tPIX\tPIX\t X \t\t\t\t\n\nLegend:\n\n  X    = Self\n  SYS  = Connection traversing PCIe as well as the SMP interconnect between NUMA nodes (e.g., QPI/UPI)\n  NODE = Connection traversing PCIe as well as the interconnect between PCIe Host Bridges within a NUMA node\n  PHB  = Connection traversing PCIe as well as a PCIe Host Bridge (typically the CPU)\n  PXB  = Connection traversing multiple PCIe bridges (without traversing the PCIe Host Bridge)\n  PIX  = Connection traversing at most a single PCIe bridge\n  NV#  = Connection traversing a bonded set of # NVLinks\n\nNIC Legend:\n\n  NIC0: ibp0\n  NIC1: ibp1\n  NIC2: ibp2\n  NIC3: ibp3\n  NIC4: mlx5_0\n  NIC5: mlx5_1\n  NIC6: mlx5_2\n  NIC7: mlx5_3\n  NIC8: mlx5_4\n  NIC9: mlx5_5\n  NIC10: mlx5_6\n  NIC11: mlx5_7\n  NIC12: mlx5_8"
        }
      },
      "initial": {
        "field_errors": {},
        "gpus": [
          {
            "clocks.applications.graphics": "[Requested functionality has been deprecated]",
            "clocks.applications.memory": "[Requested functionality has been deprecated]",
            "clocks.current.graphics": "1950",
            "clocks.current.memory": "3996",
            "clocks.current.sm": "1950",
            "clocks.max.graphics": "2062",
            "clocks.max.memory": "3996",
            "clocks.max.sm": "2062",
            "driver_version": "595.71.05",
            "index": "0",
            "name": "NVIDIA GB200",
            "pci.bus_id": "00000008:01:00.0",
            "persistence_mode": "Enabled",
            "power.draw": "212.93",
            "power.limit": "1200.00",
            "pstate": "P0",
            "temperature.gpu": "37",
            "uuid": "GPU-64efb995-783a-a11a-c868-580e18809080"
          },
          {
            "clocks.applications.graphics": "[Requested functionality has been deprecated]",
            "clocks.applications.memory": "[Requested functionality has been deprecated]",
            "clocks.current.graphics": "1950",
            "clocks.current.memory": "3996",
            "clocks.current.sm": "1950",
            "clocks.max.graphics": "2062",
            "clocks.max.memory": "3996",
            "clocks.max.sm": "2062",
            "driver_version": "595.71.05",
            "index": "1",
            "name": "NVIDIA GB200",
            "pci.bus_id": "00000009:01:00.0",
            "persistence_mode": "Enabled",
            "power.draw": "205.48",
            "power.limit": "1200.00",
            "pstate": "P0",
            "temperature.gpu": "37",
            "uuid": "GPU-84233fbe-ed84-cfff-821c-7acc555c2503"
          },
          {
            "clocks.applications.graphics": "[Requested functionality has been deprecated]",
            "clocks.applications.memory": "[Requested functionality has been deprecated]",
            "clocks.current.graphics": "1950",
            "clocks.current.memory": "3996",
            "clocks.current.sm": "1950",
            "clocks.max.graphics": "2062",
            "clocks.max.memory": "3996",
            "clocks.max.sm": "2062",
            "driver_version": "595.71.05",
            "index": "2",
            "name": "NVIDIA GB200",
            "pci.bus_id": "00000018:01:00.0",
            "persistence_mode": "Enabled",
            "power.draw": "210.38",
            "power.limit": "1200.00",
            "pstate": "P0",
            "temperature.gpu": "36",
            "uuid": "GPU-19bf3c4b-1e4c-1afc-3db0-adf098d28d8b"
          },
          {
            "clocks.applications.graphics": "[Requested functionality has been deprecated]",
            "clocks.applications.memory": "[Requested functionality has been deprecated]",
            "clocks.current.graphics": "1950",
            "clocks.current.memory": "3996",
            "clocks.current.sm": "1950",
            "clocks.max.graphics": "2062",
            "clocks.max.memory": "3996",
            "clocks.max.sm": "2062",
            "driver_version": "595.71.05",
            "index": "3",
            "name": "NVIDIA GB200",
            "pci.bus_id": "00000019:01:00.0",
            "persistence_mode": "Enabled",
            "power.draw": "231.72",
            "power.limit": "1200.00",
            "pstate": "P0",
            "temperature.gpu": "36",
            "uuid": "GPU-14a91ec2-4299-59e4-c682-00a36868d987"
          }
        ],
        "topology": {
          "arguments": [
            "nvidia-smi",
            "topo",
            "-m"
          ],
          "returncode": 0,
          "stderr": "",
          "stdout": "\u001b[4mGPU0\tGPU1\tGPU2\tGPU3\tNIC0\tNIC1\tNIC2\tNIC3\tNIC4\tNIC5\tNIC6\tNIC7\tNIC8\tNIC9\tNIC10\tNIC11\tNIC12\tCPU Affinity\tNUMA Affinity\tGPU NUMA ID\u001b[0m\nGPU0\t X \tNV18\tNV18\tNV18\tNODE\tNODE\tSYS\tSYS\tNODE\tNODE\tNODE\tNODE\tNODE\tNODE\tNODE\tNODE\tNODE\t0-71\t0\t\tN/A\nGPU1\tNV18\t X \tNV18\tNV18\tNODE\tNODE\tSYS\tSYS\tNODE\tNODE\tNODE\tNODE\tNODE\tNODE\tNODE\tNODE\tNODE\t0-71\t0\t\tN/A\nGPU2\tNV18\tNV18\t X \tNV18\tSYS\tSYS\tNODE\tNODE\tSYS\tSYS\tSYS\tSYS\tSYS\tSYS\tSYS\tSYS\tSYS\t72-143\t1\t\tN/A\nGPU3\tNV18\tNV18\tNV18\t X \tSYS\tSYS\tNODE\tNODE\tSYS\tSYS\tSYS\tSYS\tSYS\tSYS\tSYS\tSYS\tSYS\t72-143\t1\t\tN/A\nNIC0\tNODE\tNODE\tSYS\tSYS\t X \tNODE\tSYS\tSYS\tNODE\tNODE\tNODE\tNODE\tNODE\tNODE\tNODE\tNODE\tNODE\t\t\t\t\nNIC1\tNODE\tNODE\tSYS\tSYS\tNODE\t X \tSYS\tSYS\tNODE\tNODE\tNODE\tNODE\tNODE\tNODE\tNODE\tNODE\tNODE\t\t\t\t\nNIC2\tSYS\tSYS\tNODE\tNODE\tSYS\tSYS\t X \tNODE\tSYS\tSYS\tSYS\tSYS\tSYS\tSYS\tSYS\tSYS\tSYS\t\t\t\t\nNIC3\tSYS\tSYS\tNODE\tNODE\tSYS\tSYS\tNODE\t X \tSYS\tSYS\tSYS\tSYS\tSYS\tSYS\tSYS\tSYS\tSYS\t\t\t\t\nNIC4\tNODE\tNODE\tSYS\tSYS\tNODE\tNODE\tSYS\tSYS\t X \tPIX\tPIX\tPIX\tPIX\tPIX\tPIX\tPIX\tPIX\t\t\t\t\nNIC5\tNODE\tNODE\tSYS\tSYS\tNODE\tNODE\tSYS\tSYS\tPIX\t X \tPIX\tPIX\tPIX\tPIX\tPIX\tPIX\tPIX\t\t\t\t\nNIC6\tNODE\tNODE\tSYS\tSYS\tNODE\tNODE\tSYS\tSYS\tPIX\tPIX\t X \tPIX\tPIX\tPIX\tPIX\tPIX\tPIX\t\t\t\t\nNIC7\tNODE\tNODE\tSYS\tSYS\tNODE\tNODE\tSYS\tSYS\tPIX\tPIX\tPIX\t X \tPIX\tPIX\tPIX\tPIX\tPIX\t\t\t\t\nNIC8\tNODE\tNODE\tSYS\tSYS\tNODE\tNODE\tSYS\tSYS\tPIX\tPIX\tPIX\tPIX\t X \tPIX\tPIX\tPIX\tPIX\t\t\t\t\nNIC9\tNODE\tNODE\tSYS\tSYS\tNODE\tNODE\tSYS\tSYS\tPIX\tPIX\tPIX\tPIX\tPIX\t X \tPIX\tPIX\tPIX\t\t\t\t\nNIC10\tNODE\tNODE\tSYS\tSYS\tNODE\tNODE\tSYS\tSYS\tPIX\tPIX\tPIX\tPIX\tPIX\tPIX\t X \tPIX\tPIX\t\t\t\t\nNIC11\tNODE\tNODE\tSYS\tSYS\tNODE\tNODE\tSYS\tSYS\tPIX\tPIX\tPIX\tPIX\tPIX\tPIX\tPIX\t X \tPIX\t\t\t\t\nNIC12\tNODE\tNODE\tSYS\tSYS\tNODE\tNODE\tSYS\tSYS\tPIX\tPIX\tPIX\tPIX\tPIX\tPIX\tPIX\tPIX\t X \t\t\t\t\n\nLegend:\n\n  X    = Self\n  SYS  = Connection traversing PCIe as well as the SMP interconnect between NUMA nodes (e.g., QPI/UPI)\n  NODE = Connection traversing PCIe as well as the interconnect between PCIe Host Bridges within a NUMA node\n  PHB  = Connection traversing PCIe as well as a PCIe Host Bridge (typically the CPU)\n  PXB  = Connection traversing multiple PCIe bridges (without traversing the PCIe Host Bridge)\n  PIX  = Connection traversing at most a single PCIe bridge\n  NV#  = Connection traversing a bonded set of # NVLinks\n\nNIC Legend:\n\n  NIC0: ibp0\n  NIC1: ibp1\n  NIC2: ibp2\n  NIC3: ibp3\n  NIC4: mlx5_0\n  NIC5: mlx5_1\n  NIC6: mlx5_2\n  NIC7: mlx5_3\n  NIC8: mlx5_4\n  NIC9: mlx5_5\n  NIC10: mlx5_6\n  NIC11: mlx5_7\n  NIC12: mlx5_8"
        }
      }
    },
    "nccl": [
      2,
      28,
      9
    ],
    "toolchain": {
      "nvcc": {
        "arguments": [
          "nvcc",
          "--version"
        ],
        "returncode": 0,
        "stderr": "",
        "stdout": "nvcc: NVIDIA (R) Cuda compiler driver\nCopyright (c) 2005-2025 NVIDIA Corporation\nBuilt on Wed_Aug_20_01:57:39_PM_PDT_2025\nCuda compilation tools, release 13.0, V13.0.88\nBuild cuda_13.0.r13.0/compiler.36424714_0"
      },
      "platform": {
        "arguments": [
          "uname",
          "-a"
        ],
        "returncode": 0,
        "stderr": "",
        "stdout": "Linux sh5rxs64 6.17.13-155-gdec5393c-coreweave-arm64 #1 SMP PREEMPT_DYNAMIC Thu Jun 25 20:54:25 UTC 2026 aarch64 GNU/Linux"
      },
      "ptxas": {
        "arguments": [
          "ptxas",
          "--version"
        ],
        "returncode": 0,
        "stderr": "",
        "stdout": "ptxas: NVIDIA (R) Ptx optimizing assembler\nCopyright (c) 2005-2025 NVIDIA Corporation\nBuilt on Wed_Aug_20_01:53:56_PM_PDT_2025\nCuda compilation tools, release 13.0, V13.0.88\nBuild cuda_13.0.r13.0/compiler.36424714_0"
      },
      "python": "3.12.13 (main, Aug  5 2026, 01:16:26) [GCC 14.2.0]"
    },
    "torch": "2.10.0+cu130",
    "torch_cuda": "13.0"
  },
  "generated_code_audit": {
    "accepted_path_external_semantic_kernels": [],
    "atomic_audit": {
      "generated_rank_fold": "none",
      "generated_relation_plan": "none; stable warp-prefix placement and one deterministic overflow value per group",
      "generated_route_slot_fold": "none",
      "grouped_gemm_control": "backend may use queue/semaphore primitives; each semantic output tile has unique ownership",
      "semantic_accumulation": "none",
      "transport_control": "DeepEP may use internal readiness/counter atomics; these do not choose semantic order or accumulate semantic values"
    },
    "expert_oracle_only": [
      "complete MoK BF16 forward"
    ],
    "generated_shuttle_kernels": [
      "fixed-capacity runtime RelationPlan skeleton",
      "generic adjacent-pair Map skeleton with generated ScalarExpression",
      "generic indexed ordered-Fold skeleton with generated contribution/update expressions",
      "generic partitioned ordered-Fold plus base-Map skeleton with generated expressions"
    ],
    "generic_communication_primitives": [
      "DeepEP payload dispatch/permutation",
      "torch.distributed.all_to_all_single payload return"
    ],
    "generic_compute_primitives": [
      "standalone_sm100_grouped_gemm"
    ],
    "legacy_control_only": [
      "DeepEP semantic combine"
    ],
    "semantic_body_generation": {
      "compile_guard": "generated CUDA include must exactly match selected Map/Fold IR before build",
      "runtime_guard": "loaded extension exports and matches selected Map/Fold IR digest",
      "selected_program_sha256": "3048c6b922de317e556ff4e1a6fe9c81a22bfc9ba4d6582d0245fbf275f81fba"
    }
  },
  "matched_boundary": {
    "acceptance_metric": "median rank-maximum natural-program end-to-end latency",
    "common_excluded": [
      "host input creation",
      "weight creation",
      "StableHLO import and compile time",
      "workspace allocation",
      "correctness hashing"
    ],
    "launch_order": "oracle_first",
    "oracle_included": [
      "identical BF16 router Contract",
      "identical top-k selection",
      "identical FP32 normalized route-weight Fold/Maps",
      "MoK schedule construction",
      "complete MoK BF16 forward"
    ],
    "oracle_median_ms": 3.7110880613327026,
    "passes_1_2x": true,
    "post_route": {
      "oracle_median_ms": 3.5542080402374268,
      "ratio": 1.141727255585118,
      "shuttle_median_ms": 4.057936191558838
    },
    "ratio": 1.116804567865658,
    "route_fixture_used": false,
    "shuttle_included": [
      "BF16 router Contract",
      "top-k selection",
      "FP32 normalized route-weight Fold/Maps",
      "DeepEP payload-only dispatch and runtime layout",
      "generated fixed-capacity receiver RelationPlan",
      "generic grouped W13",
      "generated SwiGLU Map",
      "generic grouped W2",
      "payload-only reverse all_to_all_single",
      "generated deterministic rank-ordered Fold merge and shared Map"
    ],
    "shuttle_median_ms": 4.144560098648071
  },
  "rank_records": [
    {
      "assignments": 12370,
      "correctness": {
        "coarse_output_sha256": "6900c1709db138392fa80e961d2d7231ea9958dd77c1d313933485e2b6ea274f",
        "coarse_selected_bitwise_equal": true,
        "finite": true,
        "generated_official_maximum_absolute_error": 0.0,
        "generated_overlap_output_sha256": "6900c1709db138392fa80e961d2d7231ea9958dd77c1d313933485e2b6ea274f",
        "generated_repeat_bitwise_equal": true,
        "maximum_absolute_error": 0.0,
        "mean_absolute_error": 0.0,
        "natural_generated_output_sha256": "6900c1709db138392fa80e961d2d7231ea9958dd77c1d313933485e2b6ea274f",
        "natural_generated_repeat_bitwise_equal": true,
        "natural_mok_output_sha256": "fa843d2c51e9ae49fbf7993d0c10c3cbb3437a8790d36c5bf1596998ae220243",
        "natural_shuttle_mok_maximum_absolute_error": 0.0001220703125,
        "natural_shuttle_mok_mean_absolute_error": 2.6596760562824784e-06,
        "overlap_output_sha256": "6900c1709db138392fa80e961d2d7231ea9958dd77c1d313933485e2b6ea274f",
        "overlap_repeat_bitwise_equal": true,
        "repeated_generated_overlap_output_sha256": "6900c1709db138392fa80e961d2d7231ea9958dd77c1d313933485e2b6ea274f",
        "repeated_natural_generated_output_sha256": "6900c1709db138392fa80e961d2d7231ea9958dd77c1d313933485e2b6ea274f",
        "repeated_overlap_output_sha256": "6900c1709db138392fa80e961d2d7231ea9958dd77c1d313933485e2b6ea274f",
        "sequential_output_sha256": "6900c1709db138392fa80e961d2d7231ea9958dd77c1d313933485e2b6ea274f",
        "sequential_overlap_bitwise_equal": true
      },
      "generated_device_relation": {
        "edge_destination_rows_exact": true,
        "edge_weights_exact": true,
        "exact": true,
        "group_counts_exact": true,
        "overflow": 0,
        "padded_source_rows_exact": true
      },
      "independent_semantic_reference": {
        "atol": 0.125,
        "finite": true,
        "fixture": {
          "path": "/tmp/shuttle-map-fold-replay/semantic-final-oracle-first-rank0.npz",
          "routed_weight_sha256": {
            "down": "fbd6eaa8c5f0fef98a89064217d0f59c72eb61356afa33beba056d749a928b5c",
            "gate": "69c62ed0dea40746361fe28bd99c255a32b5061643e1c49db10462263d7aed8f",
            "up": "74ed9965bdb808f2a6b0cf7f4052ee2f8eaca40d79b60d666bc0a4fb30b252ce"
          },
          "sha256": "4e4769dbc8813b0bc5fb34830a353e188dd030fe9f06d34a95ad62ad7636d635",
          "shared_weight_sha256": {
            "down": "811d0aaec322e33db511ed4591021d0cc12e4ea5fd5fda54792562ffb5772d89",
            "gate": "c4ffd63224d45dce73f54107ebe040614dbb5f25600735018dec9f165d49bf8f",
            "up": "0571b1dc9ed553d7159c670e2a37f06208af3c31c3f1298789517631c99f9af8"
          },
          "weight_generation": {
            "routed_seed": 50000,
            "shared_seed": 60000
          }
        },
        "generated_output_sha256": "bdeeb91ff00009d28e59d43cce2a89d8cde65ecdef489e993d315151e60bb74d",
        "independent": true,
        "maximum_absolute_error": 0.0001220703125,
        "mean_absolute_error": 4.7195289880619384e-06,
        "passed": true,
        "physical_ordering_difference": "generated path first collapses routes per owner to BF16, then returns payload with all-to-all and combines owners in fixed rank order",
        "reference": "source-ordered Torch BF16 boundaries with FP32 route-slot accumulation",
        "reference_output_sha256": "dc2357b17d3473c0d7fbaf84c77e9e6e745107631d22abc0e3216bbc5fd853d7",
        "rtol": 0.05,
        "shape": {
          "global_experts": 8,
          "hidden_size": 256,
          "intermediate_size": 256,
          "local_tokens": 256,
          "top_k": 2
        }
      },
      "mapping": {
        "compiler_assignments": 12370,
        "compiler_padded_rows": 24576,
        "compiler_receiver_rows": 6776,
        "deep_ep_reported_expert_counts_exact": true,
        "deep_receiver_rows": 6776,
        "exact": true,
        "expert_counts_exact": true,
        "legalization": "DeepEP source-rank prefix plus recv_src_idx to compiler global source-token relation",
        "payload_exact": true,
        "source_rank_counts": [
          1722,
          1676,
          1684,
          1694
        ],
        "topk_invalid_route_weights": "ignored because DeepEP marks these routes with local expert -1",
        "topk_local_expert_exact": true,
        "topk_valid_route_weight_exact": true
      },
      "padded_rows": 24576,
      "rank": 0,
      "received_tokens": 6776
    },
    {
      "assignments": 12336,
      "correctness": {
        "coarse_output_sha256": "b600e95b2391b5eeabc54066b4476ea56df4189d9d558ef45d9a48c837a5e3c4",
        "coarse_selected_bitwise_equal": true,
        "finite": true,
        "generated_official_maximum_absolute_error": 2.9103830456733704e-11,
        "generated_overlap_output_sha256": "0ee00ff7d772d3cf19810b1f313491b5d5d58ce04699cfcd326a55eeb2b22e96",
        "generated_repeat_bitwise_equal": true,
        "maximum_absolute_error": 0.0,
        "mean_absolute_error": 0.0,
        "natural_generated_output_sha256": "0ee00ff7d772d3cf19810b1f313491b5d5d58ce04699cfcd326a55eeb2b22e96",
        "natural_generated_repeat_bitwise_equal": true,
        "natural_mok_output_sha256": "a95c19cd88ee8946a02107726a6adbf6e3aa0c35d949559a5f7caf505000f9aa",
        "natural_shuttle_mok_maximum_absolute_error": 0.0001220703125,
        "natural_shuttle_mok_mean_absolute_error": 2.6617694857122842e-06,
        "overlap_output_sha256": "b600e95b2391b5eeabc54066b4476ea56df4189d9d558ef45d9a48c837a5e3c4",
        "overlap_repeat_bitwise_equal": true,
        "repeated_generated_overlap_output_sha256": "0ee00ff7d772d3cf19810b1f313491b5d5d58ce04699cfcd326a55eeb2b22e96",
        "repeated_natural_generated_output_sha256": "0ee00ff7d772d3cf19810b1f313491b5d5d58ce04699cfcd326a55eeb2b22e96",
        "repeated_overlap_output_sha256": "b600e95b2391b5eeabc54066b4476ea56df4189d9d558ef45d9a48c837a5e3c4",
        "sequential_output_sha256": "b600e95b2391b5eeabc54066b4476ea56df4189d9d558ef45d9a48c837a5e3c4",
        "sequential_overlap_bitwise_equal": true
      },
      "generated_device_relation": {
        "edge_destination_rows_exact": true,
        "edge_weights_exact": true,
        "exact": true,
        "group_counts_exact": true,
        "overflow": 0,
        "padded_source_rows_exact": true
      },
      "independent_semantic_reference": {
        "atol": 0.125,
        "finite": true,
        "fixture": {
          "path": "/tmp/shuttle-map-fold-replay/semantic-final-oracle-first-rank1.npz",
          "routed_weight_sha256": {
            "down": "d1d34d87f60b2dcc20ee4d8517e12a9f2244b292a0071d994cc99283e6ea46bc",
            "gate": "3e5e426d64dcf3e1f332cbd92e9330167f4ac68d1a4d971ab00209abd4424714",
            "up": "408ca27a2a87422a4154873113c98b9be9851671d6369b485c914e9cd0726c1b"
          },
          "sha256": "192dc50247e1c415ae22275871788f7a5a642c1e91c4a7b0cd0914d6b22414c2",
          "shared_weight_sha256": {
            "down": "811d0aaec322e33db511ed4591021d0cc12e4ea5fd5fda54792562ffb5772d89",
            "gate": "c4ffd63224d45dce73f54107ebe040614dbb5f25600735018dec9f165d49bf8f",
            "up": "0571b1dc9ed553d7159c670e2a37f06208af3c31c3f1298789517631c99f9af8"
          },
          "weight_generation": {
            "routed_seed": 50001,
            "shared_seed": 60000
          }
        },
        "generated_output_sha256": "0b9037174dc9e455917d8b58e41ca36f502389816f1e77b9b5aae3f72c807bf5",
        "independent": true,
        "maximum_absolute_error": 0.0001220703125,
        "mean_absolute_error": 4.808878657058813e-06,
        "passed": true,
        "physical_ordering_difference": "generated path first collapses routes per owner to BF16, then returns payload with all-to-all and combines owners in fixed rank order",
        "reference": "source-ordered Torch BF16 boundaries with FP32 route-slot accumulation",
        "reference_output_sha256": "1c17772f7be459ebaeedba2e35af0b81857fa1d287965e031a4832e7def1ccc9",
        "rtol": 0.05,
        "shape": {
          "global_experts": 8,
          "hidden_size": 256,
          "intermediate_size": 256,
          "local_tokens": 256,
          "top_k": 2
        }
      },
      "mapping": {
        "compiler_assignments": 12336,
        "compiler_padded_rows": 24576,
        "compiler_receiver_rows": 6740,
        "deep_ep_reported_expert_counts_exact": true,
        "deep_receiver_rows": 6740,
        "exact": true,
        "expert_counts_exact": true,
        "legalization": "DeepEP source-rank prefix plus recv_src_idx to compiler global source-token relation",
        "payload_exact": true,
        "source_rank_counts": [
          1690,
          1697,
          1674,
          1679
        ],
        "topk_invalid_route_weights": "ignored because DeepEP marks these routes with local expert -1",
        "topk_local_expert_exact": true,
        "topk_valid_route_weight_exact": true
      },
      "padded_rows": 24576,
      "rank": 1,
      "received_tokens": 6740
    },
    {
      "assignments": 12292,
      "correctness": {
        "coarse_output_sha256": "701a572a24e45d0bed9c3a81f61d165a154085653134a82dcae08e3ee387bee9",
        "coarse_selected_bitwise_equal": true,
        "finite": true,
        "generated_official_maximum_absolute_error": 0.0,
        "generated_overlap_output_sha256": "701a572a24e45d0bed9c3a81f61d165a154085653134a82dcae08e3ee387bee9",
        "generated_repeat_bitwise_equal": true,
        "maximum_absolute_error": 0.0,
        "mean_absolute_error": 0.0,
        "natural_generated_output_sha256": "701a572a24e45d0bed9c3a81f61d165a154085653134a82dcae08e3ee387bee9",
        "natural_generated_repeat_bitwise_equal": true,
        "natural_mok_output_sha256": "eebd44e58b4f011b01bd0b7e6e04b277201cc9b9ef77f159eb8ce92497e08240",
        "natural_shuttle_mok_maximum_absolute_error": 0.0001220703125,
        "natural_shuttle_mok_mean_absolute_error": 2.667012722668005e-06,
        "overlap_output_sha256": "701a572a24e45d0bed9c3a81f61d165a154085653134a82dcae08e3ee387bee9",
        "overlap_repeat_bitwise_equal": true,
        "repeated_generated_overlap_output_sha256": "701a572a24e45d0bed9c3a81f61d165a154085653134a82dcae08e3ee387bee9",
        "repeated_natural_generated_output_sha256": "701a572a24e45d0bed9c3a81f61d165a154085653134a82dcae08e3ee387bee9",
        "repeated_overlap_output_sha256": "701a572a24e45d0bed9c3a81f61d165a154085653134a82dcae08e3ee387bee9",
        "sequential_output_sha256": "701a572a24e45d0bed9c3a81f61d165a154085653134a82dcae08e3ee387bee9",
        "sequential_overlap_bitwise_equal": true
      },
      "generated_device_relation": {
        "edge_destination_rows_exact": true,
        "edge_weights_exact": true,
        "exact": true,
        "group_counts_exact": true,
        "overflow": 0,
        "padded_source_rows_exact": true
      },
      "independent_semantic_reference": {
        "atol": 0.125,
        "finite": true,
        "fixture": {
          "path": "/tmp/shuttle-map-fold-replay/semantic-final-oracle-first-rank2.npz",
          "routed_weight_sha256": {
            "down": "01ccf878826e153db6b5e5909be0267dc8d8140c32ed7f65b9b8537270e5c15e",
            "gate": "eff0f77aff074dd1de6674d5e520a139347d68b3d7a499241e6a466732bd1454",
            "up": "e6917f04be90b4eab890661ecffc14431b37d9efd03c5ad77f19eace0d95b666"
          },
          "sha256": "7678ab33e53175c5fbffd5ad70888535ad93592b2aaefbd940ac10af33e20c6b",
          "shared_weight_sha256": {
            "down": "811d0aaec322e33db511ed4591021d0cc12e4ea5fd5fda54792562ffb5772d89",
            "gate": "c4ffd63224d45dce73f54107ebe040614dbb5f25600735018dec9f165d49bf8f",
            "up": "0571b1dc9ed553d7159c670e2a37f06208af3c31c3f1298789517631c99f9af8"
          },
          "weight_generation": {
            "routed_seed": 50002,
            "shared_seed": 60000
          }
        },
        "generated_output_sha256": "2641cf751219497ac11430e30f93bb56f99f4e3ba8f37f38affdaa088e8b5dd7",
        "independent": true,
        "maximum_absolute_error": 0.0001220703125,
        "mean_absolute_error": 4.7849516704445705e-06,
        "passed": true,
        "physical_ordering_difference": "generated path first collapses routes per owner to BF16, then returns payload with all-to-all and combines owners in fixed rank order",
        "reference": "source-ordered Torch BF16 boundaries with FP32 route-slot accumulation",
        "reference_output_sha256": "56446127e2ea0a77d29eb54b0c7c6463695e2f3693a525fede813f21abda1a9f",
        "rtol": 0.05,
        "shape": {
          "global_experts": 8,
          "hidden_size": 256,
          "intermediate_size": 256,
          "local_tokens": 256,
          "top_k": 2
        }
      },
      "mapping": {
        "compiler_assignments": 12292,
        "compiler_padded_rows": 24576,
        "compiler_receiver_rows": 6793,
        "deep_ep_reported_expert_counts_exact": true,
        "deep_receiver_rows": 6793,
        "exact": true,
        "expert_counts_exact": true,
        "legalization": "DeepEP source-rank prefix plus recv_src_idx to compiler global source-token relation",
        "payload_exact": true,
        "source_rank_counts": [
          1693,
          1722,
          1705,
          1673
        ],
        "topk_invalid_route_weights": "ignored because DeepEP marks these routes with local expert -1",
        "topk_local_expert_exact": true,
        "topk_valid_route_weight_exact": true
      },
      "padded_rows": 24576,
      "rank": 2,
      "received_tokens": 6793
    },
    {
      "assignments": 12154,
      "correctness": {
        "coarse_output_sha256": "af5afadfdb106ccbf9af0db33f0d1dc26a30569628efd634f8ec148729a652b0",
        "coarse_selected_bitwise_equal": true,
        "finite": true,
        "generated_official_maximum_absolute_error": 0.0,
        "generated_overlap_output_sha256": "af5afadfdb106ccbf9af0db33f0d1dc26a30569628efd634f8ec148729a652b0",
        "generated_repeat_bitwise_equal": true,
        "maximum_absolute_error": 0.0,
        "mean_absolute_error": 0.0,
        "natural_generated_output_sha256": "af5afadfdb106ccbf9af0db33f0d1dc26a30569628efd634f8ec148729a652b0",
        "natural_generated_repeat_bitwise_equal": true,
        "natural_mok_output_sha256": "9d1d970177374afc356f5c30922af8695cf431db12365ea5b927db5d2855a2bf",
        "natural_shuttle_mok_maximum_absolute_error": 0.0001220703125,
        "natural_shuttle_mok_mean_absolute_error": 2.6619497930369107e-06,
        "overlap_output_sha256": "af5afadfdb106ccbf9af0db33f0d1dc26a30569628efd634f8ec148729a652b0",
        "overlap_repeat_bitwise_equal": true,
        "repeated_generated_overlap_output_sha256": "af5afadfdb106ccbf9af0db33f0d1dc26a30569628efd634f8ec148729a652b0",
        "repeated_natural_generated_output_sha256": "af5afadfdb106ccbf9af0db33f0d1dc26a30569628efd634f8ec148729a652b0",
        "repeated_overlap_output_sha256": "af5afadfdb106ccbf9af0db33f0d1dc26a30569628efd634f8ec148729a652b0",
        "sequential_output_sha256": "af5afadfdb106ccbf9af0db33f0d1dc26a30569628efd634f8ec148729a652b0",
        "sequential_overlap_bitwise_equal": true
      },
      "generated_device_relation": {
        "edge_destination_rows_exact": true,
        "edge_weights_exact": true,
        "exact": true,
        "group_counts_exact": true,
        "overflow": 0,
        "padded_source_rows_exact": true
      },
      "independent_semantic_reference": {
        "atol": 0.125,
        "finite": true,
        "fixture": {
          "path": "/tmp/shuttle-map-fold-replay/semantic-final-oracle-first-rank3.npz",
          "routed_weight_sha256": {
            "down": "a6b82bd9ce9edc5291b81fd2f8a58825ddc7d2e54bb984f1034b6adbce74f494",
            "gate": "6ec6862daf8c41953ad1b062b1c2f8b6624311714b34bcdfeccf9205f8b77509",
            "up": "a3084c7f0d713aa618cd254258563568b722d29b1a64eaf2b94c7c87f85377be"
          },
          "sha256": "15d46d173a34cb56515dd131bd7cafdad601f140b7214afcbfb57a6f0dcd033d",
          "shared_weight_sha256": {
            "down": "811d0aaec322e33db511ed4591021d0cc12e4ea5fd5fda54792562ffb5772d89",
            "gate": "c4ffd63224d45dce73f54107ebe040614dbb5f25600735018dec9f165d49bf8f",
            "up": "0571b1dc9ed553d7159c670e2a37f06208af3c31c3f1298789517631c99f9af8"
          },
          "weight_generation": {
            "routed_seed": 50003,
            "shared_seed": 60000
          }
        },
        "generated_output_sha256": "b8c4077f993c6e02621364295ca135583ef8ed8903e04719b43cfb0f763527ed",
        "independent": true,
        "maximum_absolute_error": 0.0001220703125,
        "mean_absolute_error": 4.685757630795706e-06,
        "passed": true,
        "physical_ordering_difference": "generated path first collapses routes per owner to BF16, then returns payload with all-to-all and combines owners in fixed rank order",
        "reference": "source-ordered Torch BF16 boundaries with FP32 route-slot accumulation",
        "reference_output_sha256": "94853a191173a00e3be139a79ba4693998062b6a22114ea4dfb593ad7ed010eb",
        "rtol": 0.05,
        "shape": {
          "global_experts": 8,
          "hidden_size": 256,
          "intermediate_size": 256,
          "local_tokens": 256,
          "top_k": 2
        }
      },
      "mapping": {
        "compiler_assignments": 12154,
        "compiler_padded_rows": 24576,
        "compiler_receiver_rows": 6770,
        "deep_ep_reported_expert_counts_exact": true,
        "deep_receiver_rows": 6770,
        "exact": true,
        "expert_counts_exact": true,
        "legalization": "DeepEP source-rank prefix plus recv_src_idx to compiler global source-token relation",
        "payload_exact": true,
        "source_rank_counts": [
          1696,
          1695,
          1695,
          1684
        ],
        "topk_invalid_route_weights": "ignored because DeepEP marks these routes with local expert -1",
        "topk_local_expert_exact": true,
        "topk_valid_route_weight_exact": true
      },
      "padded_rows": 24576,
      "rank": 3,
      "received_tokens": 6770
    }
  ],
  "routing_frontend": {
    "natural_stablehlo": {
      "forward_transport": "deepep_dispatch",
      "merge": "generated_source_ordered_fold",
      "physical_stage_count": 18,
      "portable_artifact_sha256": "8de1fb6d4e63488219008eb363dbb53bd83a8d46bd22c2c2d42f9bed74389126",
      "reverse_transport": "all_to_all_single",
      "runtime_lineage": "router shapes and route Relation are read from the recovered StableHLO plan",
      "semantic_input": "ordinary JAX shared-plus-routed MoE",
      "semantic_operations": [
        "Contract",
        "selection",
        "Relation",
        "SegmentedContract",
        "Map",
        "Fold"
      ]
    },
    "route_fixture_path": null,
    "route_fixture_sha256": null,
    "route_weights_sha256": "cab3ef4ca2ac1ce06630c28852b028350cf3ff9e88e5598dbcc5a6dde07422d2",
    "router_weight_sha256": "c28c5d404c64f524e3d4dc925d82f60f6c36a95d15b3ce3a4f0034b359c4b35e",
    "selected_experts_sha256": "3e604a6a5ddb00678285bdb1a767d17f6c7838e3cd5f7412e8cff7e8f28f990e",
    "source": "natural_stablehlo"
  },
  "schedule": {
    "clean_cross_rank_return": "all_to_all_single payload permutation; no reduction in transport",
    "clean_semantic_merge": "generated fixed owner-rank FP32 fold plus shared add; no atomics",
    "coarse_materialization_ablation": "explicit copies after dispatch packing, W13, SwiGLU, and W2 on routed and shared paths",
    "cross_rank_combine": "not used by accepted natural Shuttle phase; legacy control only",
    "deepep_sms": 56,
    "gate_up_layout": "concatenated_e_2i_k",
    "merge": "fixed route-slot order, explicit FP32 RN multiply then RN add, no atomics",
    "overlap": "generated shared expert on current stream while async DeepEP dispatch runs",
    "padding_quantum": 256,
    "shared_add": "generated Map after the source-ordered Fold"
  },
  "schema_version": 2,
  "shape": {
    "global_experts": 384,
    "hidden_size": 7168,
    "intermediate_size": 3072,
    "local_experts": 96,
    "local_tokens": 2048,
    "top_k": 6,
    "world_size": 4
  },
  "source": {
    "deepep_commit": "7febc6e25660af0f54d95dd781ecdcd62265ecca",
    "generated_map_fold_generator_sha256": "5c9a3477b14c879e68122e05c1f535b95c5bc2f906e6bb94c874ac6945025b66",
    "generated_map_fold_include_sha256": "c151c8775e928a1167b543a54abf63dc0c357ce5794cc40ebcc00551e6d4d435",
    "generated_map_fold_program_sha256": "3048c6b922de317e556ff4e1a6fe9c81a22bfc9ba4d6582d0245fbf275f81fba",
    "mok_commit": "3e1cf43ab93ad040afed52a45ab03cb490ffe4be",
    "mok_dirty": false,
    "mok_local_modifications": [],
    "probe_extension": "/tmp/mok-gmm-probe-map-fold-31f600f228/_mok_gmm_probe.cpython-312-aarch64-linux-gnu.so",
    "probe_extension_sha256": "1e08e83fbc51ab681e589af6bf173f02823eae9add710779c30a59b1c3d699f4",
    "probe_source_sha256": "dfc06d0991c90dc58d63e0f10eafdc92477e0bdcfa6c6bf3d11abbf731a1983a",
    "shuttle_revision": "31f600f22837ec4a3c4c3eaf07c2e4a9a5ddc268",
    "thunderkittens_commit": "1c3920d993404dd49a6d4c7267ea11d583bd5c68",
    "thunderkittens_dirty": false,
    "thunderkittens_local_modifications": []
  },
  "status": "ok",
  "timing": {
    "compiler_routed_already_dispatched": {
      "maximum_ms": 3.548736095428467,
      "mean_ms": 3.4131295919418334,
      "median_ms": 3.425727963447571,
      "minimum_ms": 3.2365760803222656,
      "per_rank_samples_ms": [
        [
          3.217535972595215,
          3.1941440105438232,
          3.190783977508545,
          3.2860798835754395,
          3.2916479110717773,
          3.2790720462799072,
          3.2899200916290283,
          3.3008320331573486,
          3.2431039810180664,
          3.2492480278015137,
          3.277631998062134,
          3.2545599937438965,
          3.273983955383301,
          3.2965118885040283,
          3.2352960109710693,
          3.232192039489746,
          3.289504051208496,
          3.2360639572143555,
          3.2418880462646484,
          3.2867519855499268,
          3.2479360103607178,
          3.2717440128326416,
          3.2428159713745117,
          3.199615955352783,
          3.1940479278564453,
          3.236799955368042,
          3.2386560440063477,
          3.265216112136841,
          3.2250559329986572,
          3.1889278888702393
        ],
        [
          3.1664319038391113,
          3.1595520973205566,
          3.1756479740142822,
          3.2300798892974854,
          3.244256019592285,
          3.2175040245056152,
          3.255743980407715,
          3.2610559463500977,
          3.216639995574951,
          3.1877119541168213,
          3.209280014038086,
          3.162015914916992,
          3.1842238903045654,
          3.2581119537353516,
          3.2632639408111572,
          3.230976104736328,
          3.2622079849243164,
          3.239392042160034,
          3.2254719734191895,
          3.219327926635742,
          3.230623960494995,
          3.2408320903778076,
          3.259711980819702,
          3.243391990661621,
          3.2511041164398193,
          3.2501440048217773,
          3.185920000076294,
          3.195904016494751,
          3.187295913696289,
          3.2051520347595215
        ],
        [
          3.173856019973755,
          3.189055919647217,
          3.187999963760376,
          3.1876161098480225,
          3.2897279262542725,
          3.3023359775543213,
          3.3334720134735107,
          3.294624090194702,
          3.345439910888672,
          3.31878399848938,
          3.308192014694214,
          3.380511999130249,
          3.3766720294952393,
          3.3852479457855225,
          3.4360320568084717,
          3.4369919300079346,
          3.444672107696533,
          3.4130239486694336,
          3.3476479053497314,
          3.3768959045410156,
          3.3947200775146484,
          3.4212799072265625,
          3.449536085128784,
          3.428256034851074,
          3.4863998889923096,
          3.430367946624756,
          3.438783884048462,
          3.440608024597168,
          3.341344118118286,
          3.315455913543701
        ],
        [
          3.2365760803222656,
          3.248255968093872,
          3.237663984298706,
          3.2862720489501953,
          3.34335994720459,
          3.3674559593200684,
          3.382688045501709,
          3.3429760932922363,
          3.3845438957214355,
          3.3711678981781006,
          3.376159906387329,
          3.4240000247955322,
          3.4274559020996094,
          3.4438719749450684,
          3.4795520305633545,
          3.4802560806274414,
          3.487488031387329,
          3.4458560943603516,
          3.3905599117279053,
          3.415776014328003,
          3.435839891433716,
          3.3780479431152344,
          3.3995521068573,
          3.482304096221924,
          3.548736095428467,
          3.5038719177246094,
          3.5122880935668945,
          3.5160319805145264,
          3.4815359115600586,
          3.4705278873443604
        ]
      ],
      "rank_max_samples_ms": [
        3.2365760803222656,
        3.248255968093872,
        3.237663984298706,
        3.2862720489501953,
        3.34335994720459,
        3.3674559593200684,
        3.382688045501709,
        3.3429760932922363,
        3.3845438957214355,
        3.3711678981781006,
        3.376159906387329,
        3.4240000247955322,
        3.4274559020996094,
        3.4438719749450684,
        3.4795520305633545,
        3.4802560806274414,
        3.487488031387329,
        3.4458560943603516,
        3.3905599117279053,
        3.415776014328003,
        3.435839891433716,
        3.4212799072265625,
        3.449536085128784,
        3.482304096221924,
        3.548736095428467,
        3.5038719177246094,
        3.5122880935668945,
        3.5160319805145264,
        3.4815359115600586,
        3.4705278873443604
      ]
    },
    "full_coarse_materialized_sequential": {
      "maximum_ms": 4.437312126159668,
      "mean_ms": 4.364488474527994,
      "median_ms": 4.358367919921875,
      "minimum_ms": 4.294911861419678,
      "per_rank_samples_ms": [
        [
          4.2860798835754395,
          4.2788801193237305,
          4.281472206115723,
          4.313439846038818,
          4.3791680335998535,
          4.379839897155762,
          4.372928142547607,
          4.378496170043945,
          4.4139838218688965,
          4.397312164306641,
          4.400063991546631,
          4.411871910095215,
          4.388256072998047,
          4.360511779785156,
          4.376927852630615,
          4.375840187072754,
          4.350111961364746,
          4.3263678550720215,
          4.346015930175781,
          4.330560207366943,
          4.34991979598999,
          4.302271842956543,
          4.280928134918213,
          4.292096138000488,
          4.334591865539551,
          4.313888072967529,
          4.309728145599365,
          4.32096004486084,
          4.321375846862793,
          4.325568199157715
        ],
        [
          4.3566718101501465,
          4.294911861419678,
          4.303264141082764,
          4.323296070098877,
          4.390304088592529,
          4.39302396774292,
          4.404640197753906,
          4.38483190536499,
          4.4339518547058105,
          4.415616035461426,
          4.420000076293945,
          4.4301438331604,
          4.398784160614014,
          4.368224143981934,
          4.393695831298828,
          4.392640113830566,
          4.362656116485596,
          4.347104072570801,
          4.353824138641357,
          4.34611177444458,
          4.3657917976379395,
          4.348127841949463,
          4.302879810333252,
          4.298208236694336,
          4.346591949462891,
          4.331295967102051,
          4.318943977355957,
          4.339200019836426,
          4.341631889343262,
          4.33673620223999
        ],
        [
          4.35807991027832,
          4.292352199554443,
          4.303423881530762,
          4.322944164276123,
          4.395679950714111,
          4.391615867614746,
          4.412255764007568,
          4.388256072998047,
          4.432544231414795,
          4.418496131896973,
          4.424511909484863,
          4.433887958526611,
          4.409503936767578,
          4.3712639808654785,
          4.394207954406738,
          4.393983840942383,
          4.367551803588867,
          4.344736099243164,
          4.35865592956543,
          4.348735809326172,
          4.364128112792969,
          4.348927974700928,
          4.302112102508545,
          4.304863929748535,
          4.349696159362793,
          4.329792022705078,
          4.319136142730713,
          4.336128234863281,
          4.336895942687988,
          4.3430399894714355
        ],
        [
          4.35807991027832,
          4.2927680015563965,
          4.300127983093262,
          4.325823783874512,
          4.39628791809082,
          4.3928961753845215,
          4.390463829040527,
          4.387296199798584,
          4.437312126159668,
          4.414944171905518,
          4.415679931640625,
          4.431807994842529,
          4.399392127990723,
          4.376128196716309,
          4.392640113830566,
          4.391039848327637,
          4.367136001586914,
          4.343008041381836,
          4.35430383682251,
          4.349887847900391,
          4.360191822052002,
          4.343967914581299,
          4.301375865936279,
          4.298943996429443,
          4.34991979598999,
          4.330912113189697,
          4.323808193206787,
          4.337471961975098,
          4.334015846252441,
          4.339360237121582
        ]
      ],
      "rank_max_samples_ms": [
        4.35807991027832,
        4.294911861419678,
        4.303423881530762,
        4.325823783874512,
        4.39628791809082,
        4.39302396774292,
        4.412255764007568,
        4.388256072998047,
        4.437312126159668,
        4.418496131896973,
        4.424511909484863,
        4.433887958526611,
        4.409503936767578,
        4.376128196716309,
        4.394207954406738,
        4.393983840942383,
        4.367551803588867,
        4.347104072570801,
        4.35865592956543,
        4.349887847900391,
        4.3657917976379395,
        4.348927974700928,
        4.302879810333252,
        4.304863929748535,
        4.34991979598999,
        4.331295967102051,
        4.323808193206787,
        4.339200019836426,
        4.341631889343262,
        4.3430399894714355
      ]
    },
    "full_generated_overlap_shared_with_async_dispatch": {
      "maximum_ms": 4.057407855987549,
      "mean_ms": 3.9360063632329303,
      "median_ms": 3.920975923538208,
      "minimum_ms": 3.7870399951934814,
      "per_rank_samples_ms": [
        [
          3.784032106399536,
          3.8564798831939697,
          3.8823680877685547,
          3.883807897567749,
          3.892767906188965,
          3.8807361125946045,
          3.873728036880493,
          3.882688045501709,
          3.894335985183716,
          3.90995192527771,
          4.045760154724121,
          4.052192211151123,
          4.050528049468994,
          3.979487895965576,
          4.004064083099365,
          3.915424108505249,
          3.914720058441162,
          3.9247360229492188,
          3.9151039123535156,
          3.928096055984497,
          3.8878400325775146,
          3.8809919357299805,
          3.87337589263916,
          3.975008010864258,
          3.9916160106658936,
          3.9993278980255127,
          3.9566400051116943,
          3.9476799964904785,
          3.991039991378784,
          3.911776065826416
        ],
        [
          3.7870399951934814,
          3.8654720783233643,
          3.8871679306030273,
          3.8830080032348633,
          3.892512083053589,
          3.8834879398345947,
          3.8740479946136475,
          3.8880319595336914,
          3.898047924041748,
          3.910207986831665,
          4.048031806945801,
          4.053952217102051,
          4.051616191864014,
          3.988352060317993,
          4.0081281661987305,
          3.913408041000366,
          3.9211199283599854,
          3.929408073425293,
          3.9190399646759033,
          3.929503917694092,
          3.892767906188965,
          3.8818559646606445,
          3.8775999546051025,
          3.99017596244812,
          3.998784065246582,
          4.008031845092773,
          3.960223913192749,
          3.956415891647339,
          3.9955520629882812,
          3.9174718856811523
        ],
        [
          3.784575939178467,
          3.8605120182037354,
          3.8907198905944824,
          3.885535955429077,
          3.892575979232788,
          3.893887996673584,
          3.872960090637207,
          3.885535955429077,
          3.8988161087036133,
          3.9111359119415283,
          4.046879768371582,
          4.053120136260986,
          4.057407855987549,
          3.992703914642334,
          4.013311862945557,
          3.920383930206299,
          3.9243199825286865,
          3.9254400730133057,
          3.921567916870117,
          3.931391954421997,
          3.8944640159606934,
          3.881887912750244,
          3.8772480487823486,
          3.996608018875122,
          3.997056007385254,
          4.00761604309082,
          3.9669439792633057,
          3.9534718990325928,
          3.9997758865356445,
          3.9197440147399902
        ],
        [
          3.782975912094116,
          3.852031946182251,
          3.8763198852539062,
          3.884351968765259,
          3.8807361125946045,
          3.8938560485839844,
          3.862368106842041,
          3.8797121047973633,
          3.8839681148529053,
          3.90012788772583,
          4.038623809814453,
          4.043744087219238,
          4.043039798736572,
          3.979520082473755,
          3.9962239265441895,
          3.9078400135040283,
          3.911360025405884,
          3.914047956466675,
          3.9061439037323,
          3.919840097427368,
          3.8815040588378906,
          3.872544050216675,
          3.8693439960479736,
          3.9712960720062256,
          3.9850239753723145,
          3.9959681034088135,
          3.9536640644073486,
          3.9428799152374268,
          3.984639883041382,
          3.9062719345092773
        ]
      ],
      "rank_max_samples_ms": [
        3.7870399951934814,
        3.8654720783233643,
        3.8907198905944824,
        3.885535955429077,
        3.892767906188965,
        3.893887996673584,
        3.8740479946136475,
        3.8880319595336914,
        3.8988161087036133,
        3.9111359119415283,
        4.048031806945801,
        4.053952217102051,
        4.057407855987549,
        3.992703914642334,
        4.013311862945557,
        3.920383930206299,
        3.9243199825286865,
        3.929408073425293,
        3.921567916870117,
        3.931391954421997,
        3.8944640159606934,
        3.881887912750244,
        3.8775999546051025,
        3.996608018875122,
        3.998784065246582,
        4.008031845092773,
        3.9669439792633057,
        3.956415891647339,
        3.9997758865356445,
        3.9197440147399902
      ]
    },
    "full_generated_sequential": {
      "maximum_ms": 4.29260778427124,
      "mean_ms": 4.010194110870361,
      "median_ms": 4.009535789489746,
      "minimum_ms": 3.9319040775299072,
      "per_rank_samples_ms": [
        [
          3.9533441066741943,
          4.016736030578613,
          4.018527984619141,
          4.011775970458984,
          4.013760089874268,
          4.004831790924072,
          4.020576000213623,
          3.9996159076690674,
          4.04201602935791,
          4.042079925537109,
          4.0186238288879395,
          3.996608018875122,
          4.0107197761535645,
          4.039840221405029,
          4.048096179962158,
          4.045504093170166,
          3.945312023162842,
          3.917664051055908,
          3.922175884246826,
          3.943903923034668,
          3.9842560291290283,
          4.005792140960693,
          4.007487773895264,
          3.999039888381958,
          3.962239980697632,
          3.9630720615386963,
          3.956576108932495,
          3.958911895751953,
          3.9742400646209717,
          4.079040050506592
        ],
        [
          3.9548799991607666,
          4.0182719230651855,
          4.022687911987305,
          4.012639999389648,
          4.019968032836914,
          4.016736030578613,
          4.028351783752441,
          4.009247779846191,
          4.035488128662109,
          4.283328056335449,
          4.022719860076904,
          3.9949119091033936,
          4.011072158813477,
          4.035935878753662,
          4.0496320724487305,
          4.0458879470825195,
          3.9548799991607666,
          3.9270401000976562,
          3.9374399185180664,
          3.9510080814361572,
          3.9862399101257324,
          4.009823799133301,
          4.005472183227539,
          4.0016961097717285,
          3.9702401161193848,
          3.9626879692077637,
          3.954848051071167,
          3.9667840003967285,
          3.978656053543091,
          4.079520225524902
        ],
        [
          3.957024097442627,
          4.020895957946777,
          4.020927906036377,
          4.011136054992676,
          4.022975921630859,
          4.018367767333984,
          4.0273919105529785,
          4.005343914031982,
          4.046463966369629,
          4.29260778427124,
          4.015967845916748,
          3.9962880611419678,
          4.013440132141113,
          4.039840221405029,
          4.0542402267456055,
          4.048704147338867,
          3.953792095184326,
          3.9319040775299072,
          3.9325759410858154,
          3.95033597946167,
          3.986527919769287,
          4.008351802825928,
          3.9988479614257812,
          3.9992001056671143,
          3.970367908477783,
          3.962847948074341,
          3.9497599601745605,
          3.966912031173706,
          3.975615978240967,
          4.0801920890808105
        ],
        [
          3.9594879150390625,
          4.009183883666992,
          4.009952068328857,
          3.997152090072632,
          4.006879806518555,
          4.0033278465271,
          4.012159824371338,
          3.9890880584716797,
          4.045599937438965,
          4.289087772369385,
          4.006847858428955,
          3.9820480346679688,
          4.000768184661865,
          4.026912212371826,
          4.040383815765381,
          4.0338239669799805,
          3.9426560401916504,
          3.9103360176086426,
          3.9221439361572266,
          3.9351999759674072,
          3.974976062774658,
          3.99401593208313,
          3.9904000759124756,
          3.9897921085357666,
          3.9568960666656494,
          3.9502079486846924,
          3.9561920166015625,
          3.9544639587402344,
          3.96396803855896,
          4.068352222442627
        ]
      ],
      "rank_max_samples_ms": [
        3.9594879150390625,
        4.020895957946777,
        4.022687911987305,
        4.012639999389648,
        4.022975921630859,
        4.018367767333984,
        4.028351783752441,
        4.009247779846191,
        4.046463966369629,
        4.29260778427124,
        4.022719860076904,
        3.996608018875122,
        4.013440132141113,
        4.039840221405029,
        4.0542402267456055,
        4.048704147338867,
        3.9548799991607666,
        3.9319040775299072,
        3.9374399185180664,
        3.9510080814361572,
        3.986527919769287,
        4.009823799133301,
        4.007487773895264,
        4.0016961097717285,
        3.970367908477783,
        3.9630720615386963,
        3.956576108932495,
        3.966912031173706,
        3.978656053543091,
        4.0801920890808105
      ]
    },
    "full_overlap_shared_with_async_dispatch": {
      "maximum_ms": 4.051360130310059,
      "mean_ms": 3.9358730792999266,
      "median_ms": 3.9166719913482666,
      "minimum_ms": 3.8115200996398926,
      "per_rank_samples_ms": [
        [
          3.792095899581909,
          3.8559999465942383,
          3.850559949874878,
          3.9224960803985596,
          3.873663902282715,
          3.8701119422912598,
          3.909600019454956,
          3.897952079772949,
          3.956223964691162,
          3.893951892852783,
          3.8757119178771973,
          3.8731839656829834,
          3.944960117340088,
          4.002975940704346,
          4.047391891479492,
          4.026879787445068,
          4.023104190826416,
          4.037439823150635,
          4.0161919593811035,
          4.03545618057251,
          4.042079925537109,
          4.017663955688477,
          3.95196795463562,
          3.9119999408721924,
          3.913408041000366,
          3.8881919384002686,
          3.8625600337982178,
          3.856735944747925,
          3.886336088180542,
          3.9356160163879395
        ],
        [
          3.8115200996398926,
          3.8560640811920166,
          3.849184036254883,
          3.9145278930664062,
          3.875648021697998,
          3.861504077911377,
          3.914623975753784,
          3.9002559185028076,
          3.960416078567505,
          3.8986239433288574,
          3.875808000564575,
          3.877471923828125,
          3.9482240676879883,
          3.9991679191589355,
          4.047264099121094,
          4.030848026275635,
          4.020671844482422,
          4.0392961502075195,
          4.015647888183594,
          4.030240058898926,
          4.041088104248047,
          4.014143943786621,
          3.952255964279175,
          3.913408041000366,
          3.903968095779419,
          3.8849599361419678,
          3.8646719455718994,
          3.854207992553711,
          3.8915839195251465,
          3.9238080978393555
        ],
        [
          3.804800033569336,
          3.8573760986328125,
          3.8500161170959473,
          3.914112091064453,
          3.8727359771728516,
          3.861407995223999,
          3.911616086959839,
          3.893440008163452,
          3.9543681144714355,
          3.89849591255188,
          3.871040105819702,
          3.871583938598633,
          3.941472053527832,
          3.9998080730438232,
          4.051360130310059,
          4.0292158126831055,
          4.030752182006836,
          4.032512187957764,
          4.017248153686523,
          4.036191940307617,
          4.047904014587402,
          4.0175042152404785,
          3.9533119201660156,
          3.9172160625457764,
          3.916127920150757,
          3.886431932449341,
          3.8660800457000732,
          3.8584001064300537,
          3.8952319622039795,
          3.9278719425201416
        ],
        [
          3.799488067626953,
          3.8504319190979004,
          3.8484160900115967,
          3.9152960777282715,
          3.8765439987182617,
          3.8570239543914795,
          3.9032959938049316,
          3.899712085723877,
          3.94704008102417,
          3.8915839195251465,
          3.874272108078003,
          3.8705599308013916,
          3.944704055786133,
          4.0024638175964355,
          4.044735908508301,
          4.028927803039551,
          4.027872085571289,
          4.037759780883789,
          4.008768081665039,
          4.032447814941406,
          4.038623809814453,
          4.025407791137695,
          3.94320011138916,
          3.91430401802063,
          3.9022719860076904,
          3.8796160221099854,
          3.8656320571899414,
          3.8575360774993896,
          3.8947839736938477,
          3.9270401000976562
        ]
      ],
      "rank_max_samples_ms": [
        3.8115200996398926,
        3.8573760986328125,
        3.850559949874878,
        3.9224960803985596,
        3.8765439987182617,
        3.8701119422912598,
        3.914623975753784,
        3.9002559185028076,
        3.960416078567505,
        3.8986239433288574,
        3.875808000564575,
        3.877471923828125,
        3.9482240676879883,
        4.002975940704346,
        4.051360130310059,
        4.030848026275635,
        4.030752182006836,
        4.0392961502075195,
        4.017248153686523,
        4.036191940307617,
        4.047904014587402,
        4.025407791137695,
        3.9533119201660156,
        3.9172160625457764,
        3.916127920150757,
        3.8881919384002686,
        3.8660800457000732,
        3.8584001064300537,
        3.8952319622039795,
        3.9356160163879395
      ]
    },
    "full_sequential": {
      "maximum_ms": 4.1221442222595215,
      "mean_ms": 4.006490675608317,
      "median_ms": 4.000416040420532,
      "minimum_ms": 3.9469759464263916,
      "per_rank_samples_ms": [
        [
          3.931551933288574,
          3.959104061126709,
          3.959520101547241,
          3.9595839977264404,
          3.9893438816070557,
          3.997407913208008,
          4.004640102386475,
          3.980448007583618,
          4.032447814941406,
          4.048384189605713,
          4.087103843688965,
          4.1176958084106445,
          4.066783905029297,
          4.001023769378662,
          3.976223945617676,
          4.040832042694092,
          3.9961280822753906,
          4.013919830322266,
          4.0141119956970215,
          3.9890239238739014,
          3.955008029937744,
          3.9701120853424072,
          3.939807891845703,
          3.9917759895324707,
          4.019360065460205,
          4.048511981964111,
          4.0108160972595215,
          3.9760959148406982,
          3.9586238861083984,
          3.96995210647583
        ],
        [
          3.945728063583374,
          3.9632959365844727,
          3.9580159187316895,
          3.9644479751586914,
          3.9926719665527344,
          4.002240180969238,
          4.004064083099365,
          3.982271909713745,
          4.037856101989746,
          4.049344062805176,
          4.088064193725586,
          4.116608142852783,
          4.070112228393555,
          4.0068159103393555,
          3.9796159267425537,
          4.036096096038818,
          3.996511936187744,
          4.017216205596924,
          4.011744022369385,
          3.9911680221557617,
          3.949887990951538,
          3.9721920490264893,
          3.9377601146698,
          3.9961280822753906,
          4.021952152252197,
          4.044256210327148,
          4.012447834014893,
          3.9900479316711426,
          3.9580159187316895,
          3.9774720668792725
        ],
        [
          3.9409279823303223,
          3.9653759002685547,
          3.9637439250946045,
          3.965696096420288,
          3.995039939880371,
          4.00432014465332,
          4.010079860687256,
          3.9882559776306152,
          4.04252815246582,
          4.055071830749512,
          4.089151859283447,
          4.1221442222595215,
          4.073184013366699,
          4.007455825805664,
          3.983167886734009,
          4.038400173187256,
          3.9958078861236572,
          4.026368141174316,
          4.016672134399414,
          3.9878079891204834,
          3.9542720317840576,
          3.978048086166382,
          3.9469759464263916,
          4.005663871765137,
          4.022304058074951,
          4.047776222229004,
          4.018239974975586,
          3.989248037338257,
          3.9612479209899902,
          3.973344087600708
        ],
        [
          3.94979190826416,
          3.9618239402770996,
          3.9604480266571045,
          3.962912082672119,
          3.99401593208313,
          4.000415802001953,
          4.006783962249756,
          3.9881279468536377,
          4.031519889831543,
          4.057504177093506,
          4.089983940124512,
          4.117248058319092,
          4.070784091949463,
          3.995039939880371,
          3.9738879203796387,
          4.036032199859619,
          3.991935968399048,
          4.01910400390625,
          4.010496139526367,
          3.991136074066162,
          3.954335927963257,
          3.9777920246124268,
          3.9405760765075684,
          3.9953598976135254,
          4.023680210113525,
          4.047552108764648,
          4.013152122497559,
          3.980191946029663,
          3.9517440795898438,
          3.9747519493103027
        ]
      ],
      "rank_max_samples_ms": [
        3.94979190826416,
        3.9653759002685547,
        3.9637439250946045,
        3.965696096420288,
        3.995039939880371,
        4.00432014465332,
        4.010079860687256,
        3.9882559776306152,
        4.04252815246582,
        4.057504177093506,
        4.089983940124512,
        4.1221442222595215,
        4.073184013366699,
        4.007455825805664,
        3.983167886734009,
        4.040832042694092,
        3.996511936187744,
        4.026368141174316,
        4.016672134399414,
        3.9911680221557617,
        3.955008029937744,
        3.978048086166382,
        3.9469759464263916,
        4.005663871765137,
        4.023680210113525,
        4.048511981964111,
        4.018239974975586,
        3.9900479316711426,
        3.9612479209899902,
        3.9774720668792725
      ]
    },
    "generated_receiver_relation_plan": {
      "maximum_ms": 0.13974399864673615,
      "mean_ms": 0.13776320020357768,
      "median_ms": 0.13793600350618362,
      "minimum_ms": 0.13555200397968292,
      "per_rank_samples_ms": [
        [
          0.1377280056476593,
          0.13657599687576294,
          0.13548800349235535,
          0.13971200585365295,
          0.1393280029296875,
          0.1385599970817566,
          0.1382399946451187,
          0.13913600146770477,
          0.13673600554466248,
          0.13859200477600098,
          0.13619199395179749,
          0.13808000087738037,
          0.138047993183136,
          0.13974399864673615,
          0.13715200126171112,
          0.13663999736309052,
          0.13660800457000732,
          0.13865600526332855,
          0.1377599984407425,
          0.13622400164604187,
          0.13808000087738037,
          0.1364160031080246,
          0.13731199502944946,
          0.1380160003900528,
          0.13513599336147308,
          0.13609600067138672,
          0.13625599443912506,
          0.13872000575065613,
          0.1369599997997284,
          0.13500800728797913
        ],
        [
          0.1353600025177002,
          0.13625599443912506,
          0.13519999384880066,
          0.13884800672531128,
          0.13760000467300415,
          0.1345600038766861,
          0.13654400408267975,
          0.13478399813175201,
          0.13711999356746674,
          0.13648000359535217,
          0.13446399569511414,
          0.13577599823474884,
          0.1364479959011078,
          0.13651199638843536,
          0.13705599308013916,
          0.1356160044670105,
          0.13631999492645264,
          0.13702400028705597,
          0.13500800728797913,
          0.13603200018405914,
          0.13663999736309052,
          0.1353279948234558,
          0.1369599997997284,
          0.13631999492645264,
          0.13327999413013458,
          0.13395200669765472,
          0.13676799833774567,
          0.13548800349235535,
          0.13475200533866882,
          0.13548800349235535
        ],
        [
          0.13475200533866882,
          0.13571199774742126,
          0.13548800349235535,
          0.1380160003900528,
          0.1356160044670105,
          0.13571199774742126,
          0.13424000144004822,
          0.1348160058259964,
          0.1348160058259964,
          0.1364479959011078,
          0.13475200533866882,
          0.13516800105571747,
          0.13619199395179749,
          0.13523200154304504,
          0.13651199638843536,
          0.13504000008106232,
          0.13491199910640717,
          0.1345600038766861,
          0.13785600662231445,
          0.1350719928741455,
          0.13606399297714233,
          0.13574400544166565,
          0.13491199910640717,
          0.13673600554466248,
          0.13519999384880066,
          0.13468800485134125,
          0.1364160031080246,
          0.13420799374580383,
          0.13382400572299957,
          0.13568000495433807
        ],
        [
          0.1369280070066452,
          0.1369599997997284,
          0.13648000359535217,
          0.13811199367046356,
          0.1372160017490387,
          0.13622400164604187,
          0.13737599551677704,
          0.13603200018405914,
          0.13628800213336945,
          0.13792000710964203,
          0.13811199367046356,
          0.13519999384880066,
          0.13763199746608734,
          0.1369280070066452,
          0.13673600554466248,
          0.1375039964914322,
          0.13846400380134583,
          0.13705599308013916,
          0.13705599308013916,
          0.1371839940547943,
          0.13571199774742126,
          0.13571199774742126,
          0.13619199395179749,
          0.13631999492645264,
          0.13555200397968292,
          0.13580800592899323,
          0.13465599715709686,
          0.13568000495433807,
          0.13580800592899323,
          0.13631999492645264
        ]
      ],
      "rank_max_samples_ms": [
        0.1377280056476593,
        0.1369599997997284,
        0.13648000359535217,
        0.13971200585365295,
        0.1393280029296875,
        0.1385599970817566,
        0.1382399946451187,
        0.13913600146770477,
        0.13711999356746674,
        0.13859200477600098,
        0.13811199367046356,
        0.13808000087738037,
        0.138047993183136,
        0.13974399864673615,
        0.13715200126171112,
        0.1375039964914322,
        0.13846400380134583,
        0.13865600526332855,
        0.13785600662231445,
        0.1371839940547943,
        0.13808000087738037,
        0.1364160031080246,
        0.13731199502944946,
        0.1380160003900528,
        0.13555200397968292,
        0.13609600067138672,
        0.13676799833774567,
        0.13872000575065613,
        0.1369599997997284,
        0.13631999492645264
      ]
    },
    "generated_shared_expert": {
      "maximum_ms": 0.25513601303100586,
      "mean_ms": 0.24965333590904873,
      "median_ms": 0.2500320076942444,
      "minimum_ms": 0.24051199853420258,
      "per_rank_samples_ms": [
        [
          0.2388480007648468,
          0.23999999463558197,
          0.2481600046157837,
          0.25062400102615356,
          0.24723200500011444,
          0.2449599951505661,
          0.24899199604988098,
          0.24915200471878052,
          0.24275200068950653,
          0.248416006565094,
          0.25228801369667053,
          0.23574399948120117,
          0.24844799935817719,
          0.2533760070800781,
          0.24988800287246704,
          0.23571200668811798,
          0.24358400702476501,
          0.2510719895362854,
          0.23583999276161194,
          0.23449599742889404,
          0.24697600305080414,
          0.2378239929676056,
          0.2412479966878891,
          0.24057599902153015,
          0.25017601251602173,
          0.2439039945602417,
          0.24051199853420258,
          0.23667199909687042,
          0.24966399371623993,
          0.23763200640678406
        ],
        [
          0.23318399488925934,
          0.22940799593925476,
          0.2269120067358017,
          0.22569599747657776,
          0.230880007147789,
          0.229312002658844,
          0.22668799757957458,
          0.2298559993505478,
          0.227743998169899,
          0.22723199427127838,
          0.22604799270629883,
          0.23030400276184082,
          0.22963200509548187,
          0.22678400576114655,
          0.22713600099086761,
          0.2295359969139099,
          0.23132799565792084,
          0.22812800109386444,
          0.2314240038394928,
          0.23664000630378723,
          0.2269439995288849,
          0.23158399760723114,
          0.22864000499248505,
          0.23164799809455872,
          0.22707200050354004,
          0.22806400060653687,
          0.22854399681091309,
          0.22899200022220612,
          0.2292799949645996,
          0.23164799809455872
        ],
        [
          0.23164799809455872,
          0.23324799537658691,
          0.23132799565792084,
          0.22707200050354004,
          0.2301120012998581,
          0.23155200481414795,
          0.23190400004386902,
          0.23187200725078583,
          0.2287999987602234,
          0.23267200589179993,
          0.22969600558280945,
          0.23254400491714478,
          0.22976000607013702,
          0.23078399896621704,
          0.23081600666046143,
          0.2287359982728958,
          0.231455996632576,
          0.2343360036611557,
          0.22707200050354004,
          0.23625600337982178,
          0.23052799701690674,
          0.22835199534893036,
          0.229312002658844,
          0.23216000199317932,
          0.2313919961452484,
          0.2301120012998581,
          0.23049600422382355,
          0.22860799729824066,
          0.2295359969139099,
          0.22972799837589264
        ],
        [
          0.24803200364112854,
          0.24819199740886688,
          0.24934400618076324,
          0.252703994512558,
          0.2483839988708496,
          0.25513601303100586,
          0.2451840043067932,
          0.24454399943351746,
          0.2512640058994293,
          0.24611200392246246,
          0.2473600059747696,
          0.24835200607776642,
          0.25414401292800903,
          0.2489600032567978,
          0.24928000569343567,
          0.2523840069770813,
          0.2431039959192276,
          0.24569599330425262,
          0.2505919933319092,
          0.24143999814987183,
          0.24025599658489227,
          0.2502399981021881,
          0.25097599625587463,
          0.24793599545955658,
          0.24742400646209717,
          0.252128005027771,
          0.23692800104618073,
          0.2507840096950531,
          0.24368000030517578,
          0.2534720003604889
        ]
      ],
      "rank_max_samples_ms": [
        0.24803200364112854,
        0.24819199740886688,
        0.24934400618076324,
        0.252703994512558,
        0.2483839988708496,
        0.25513601303100586,
        0.24899199604988098,
        0.24915200471878052,
        0.2512640058994293,
        0.248416006565094,
        0.25228801369667053,
        0.24835200607776642,
        0.25414401292800903,
        0.2533760070800781,
        0.24988800287246704,
        0.2523840069770813,
        0.24358400702476501,
        0.2510719895362854,
        0.2505919933319092,
        0.24143999814987183,
        0.24697600305080414,
        0.2502399981021881,
        0.25097599625587463,
        0.24793599545955658,
        0.25017601251602173,
        0.252128005027771,
        0.24051199853420258,
        0.2507840096950531,
        0.24966399371623993,
        0.2534720003604889
      ]
    },
    "mok_oracle_post_route": {
      "maximum_ms": 3.5978240966796875,
      "mean_ms": 3.5403082688649494,
      "median_ms": 3.5542080402374268,
      "minimum_ms": 3.460479974746704,
      "per_rank_samples_ms": [
        [
          3.4463679790496826,
          3.4609599113464355,
          3.4695680141448975,
          3.510240077972412,
          3.4935998916625977,
          3.5205440521240234,
          3.5293118953704834,
          3.4927680492401123,
          3.503743886947632,
          3.4883201122283936,
          3.565824031829834,
          3.567456007003784,
          3.56496000289917,
          3.55731201171875,
          3.5598080158233643,
          3.5703039169311523,
          3.5950400829315186,
          3.5772480964660645,
          3.5722880363464355,
          3.5582399368286133,
          3.551136016845703,
          3.5588479042053223,
          3.5555200576782227,
          3.5646719932556152,
          3.54585599899292,
          3.5299201011657715,
          3.543776035308838,
          3.525536060333252,
          3.540224075317383,
          3.5584640502929688
        ],
        [
          3.458143949508667,
          3.465440034866333,
          3.4747519493103027,
          3.5135040283203125,
          3.4944639205932617,
          3.5247039794921875,
          3.532320022583008,
          3.4993600845336914,
          3.504607915878296,
          3.49289608001709,
          3.569119930267334,
          3.570751905441284,
          3.5660479068756104,
          3.5579519271850586,
          3.5651519298553467,
          3.571392059326172,
          3.5955519676208496,
          3.574336051940918,
          3.572160005569458,
          3.557152032852173,
          3.555392026901245,
          3.5640320777893066,
          3.559999942779541,
          3.5676798820495605,
          3.54915189743042,
          3.538048028945923,
          3.546783924102783,
          3.5285439491271973,
          3.5417280197143555,
          3.5628480911254883
        ],
        [
          3.457087993621826,
          3.4653759002685547,
          3.469696044921875,
          3.51145601272583,
          3.492288112640381,
          3.5192959308624268,
          3.528575897216797,
          3.4951679706573486,
          3.501055955886841,
          3.493311882019043,
          3.5714240074157715,
          3.568511962890625,
          3.565471887588501,
          3.556256055831909,
          3.5631039142608643,
          3.5697600841522217,
          3.594496011734009,
          3.575551986694336,
          3.5727999210357666,
          3.558336019515991,
          3.554975986480713,
          3.563391923904419,
          3.561408042907715,
          3.5654079914093018,
          3.5511679649353027,
          3.5344960689544678,
          3.5428481101989746,
          3.5230720043182373,
          3.5392959117889404,
          3.5586559772491455
        ],
        [
          3.460479974746704,
          3.4640960693359375,
          3.472896099090576,
          3.514944076538086,
          3.4953598976135254,
          3.52239990234375,
          3.5293760299682617,
          3.496511936187744,
          3.502880096435547,
          3.4919679164886475,
          3.5724799633026123,
          3.571743965148926,
          3.5683839321136475,
          3.5589759349823,
          3.5640640258789062,
          3.5718719959259033,
          3.5978240966796875,
          3.5766079425811768,
          3.5748159885406494,
          3.560352087020874,
          3.557248115539551,
          3.563488006591797,
          3.561216115951538,
          3.5708160400390625,
          3.550112009048462,
          3.533504009246826,
          3.547744035720825,
          3.527456045150757,
          3.5432000160217285,
          3.5629119873046875
        ]
      ],
      "rank_max_samples_ms": [
        3.460479974746704,
        3.465440034866333,
        3.4747519493103027,
        3.514944076538086,
        3.4953598976135254,
        3.5247039794921875,
        3.532320022583008,
        3.4993600845336914,
        3.504607915878296,
        3.493311882019043,
        3.5724799633026123,
        3.571743965148926,
        3.5683839321136475,
        3.5589759349823,
        3.5651519298553467,
        3.5718719959259033,
        3.5978240966796875,
        3.5772480964660645,
        3.5748159885406494,
        3.560352087020874,
        3.557248115539551,
        3.5640320777893066,
        3.561408042907715,
        3.5708160400390625,
        3.5511679649353027,
        3.538048028945923,
        3.547744035720825,
        3.5285439491271973,
        3.5432000160217285,
        3.5629119873046875
      ]
    },
    "natural_end_to_end_mok_oracle": {
      "maximum_ms": 3.7786240577697754,
      "mean_ms": 3.6912426471710207,
      "median_ms": 3.7110880613327026,
      "minimum_ms": 3.5254719257354736,
      "per_rank_samples_ms": [
        [
          3.5248000621795654,
          3.6243839263916016,
          3.63321590423584,
          3.6276800632476807,
          3.6552960872650146,
          3.6664960384368896,
          3.638943910598755,
          3.6355199813842773,
          3.6540799140930176,
          3.649535894393921,
          3.631999969482422,
          3.6478400230407715,
          3.715359926223755,
          3.7195520401000977,
          3.729759931564331,
          3.723968029022217,
          3.716223955154419,
          3.7094080448150635,
          3.7184319496154785,
          3.7326719760894775,
          3.7279040813446045,
          3.7641921043395996,
          3.7035839557647705,
          3.7255680561065674,
          3.6892800331115723,
          3.705631971359253,
          3.716383934020996,
          3.7120959758758545,
          3.733855962753296,
          3.688800096511841
        ],
        [
          3.5249600410461426,
          3.629568099975586,
          3.6419520378112793,
          3.6300480365753174,
          3.6584320068359375,
          3.666271924972534,
          3.6428160667419434,
          3.6443839073181152,
          3.6555519104003906,
          3.655168056488037,
          3.6386559009552,
          3.65283203125,
          3.7227840423583984,
          3.7226240634918213,
          3.7355198860168457,
          3.7299840450286865,
          3.7180800437927246,
          3.7114880084991455,
          3.7270400524139404,
          3.7350080013275146,
          3.7292799949645996,
          3.776128053665161,
          3.7007360458374023,
          3.7256319522857666,
          3.6889920234680176,
          3.7081921100616455,
          3.725503921508789,
          3.7142720222473145,
          3.733664035797119,
          3.6880640983581543
        ],
        [
          3.5244479179382324,
          3.62662410736084,
          3.6388800144195557,
          3.634687900543213,
          3.6600639820098877,
          3.672960042953491,
          3.6451520919799805,
          3.6460158824920654,
          3.660032033920288,
          3.6564159393310547,
          3.634592056274414,
          3.6540799140930176,
          3.720223903656006,
          3.72707200050354,
          3.7299840450286865,
          3.729343891143799,
          3.719935894012451,
          3.7188799381256104,
          3.723360061645508,
          3.737663984298706,
          3.735680103302002,
          3.7768640518188477,
          3.705375909805298,
          3.727583885192871,
          3.6912639141082764,
          3.7143681049346924,
          3.7176320552825928,
          3.7126080989837646,
          3.588639974594116,
          3.6916799545288086
        ],
        [
          3.5254719257354736,
          3.631392002105713,
          3.640768051147461,
          3.63590407371521,
          3.659264087677002,
          3.6707520484924316,
          3.6445119380950928,
          3.6451520919799805,
          3.6602559089660645,
          3.6555519104003906,
          3.6371519565582275,
          3.6540799140930176,
          3.720031976699829,
          3.7271039485931396,
          3.7330880165100098,
          3.730623960494995,
          3.717024087905884,
          3.718656063079834,
          3.727776050567627,
          3.742111921310425,
          3.7431039810180664,
          3.7786240577697754,
          3.707808017730713,
          3.7299840450286865,
          3.6935360431671143,
          3.7141759395599365,
          3.7234880924224854,
          3.717855930328369,
          3.739583969116211,
          3.6938560009002686
        ]
      ],
      "rank_max_samples_ms": [
        3.5254719257354736,
        3.631392002105713,
        3.6419520378112793,
        3.63590407371521,
        3.6600639820098877,
        3.672960042953491,
        3.6451520919799805,
        3.6460158824920654,
        3.6602559089660645,
        3.6564159393310547,
        3.6386559009552,
        3.6540799140930176,
        3.7227840423583984,
        3.7271039485931396,
        3.7355198860168457,
        3.730623960494995,
        3.719935894012451,
        3.7188799381256104,
        3.727776050567627,
        3.742111921310425,
        3.7431039810180664,
        3.7786240577697754,
        3.707808017730713,
        3.7299840450286865,
        3.6935360431671143,
        3.7143681049346924,
        3.725503921508789,
        3.717855930328369,
        3.739583969116211,
        3.6938560009002686
      ]
    },
    "natural_end_to_end_shuttle": {
      "maximum_ms": 4.267136096954346,
      "mean_ms": 4.137213929494222,
      "median_ms": 4.144560098648071,
      "minimum_ms": 4.02675199508667,
      "per_rank_samples_ms": [
        [
          4.04585599899292,
          4.034239768981934,
          4.110015869140625,
          4.220064163208008,
          4.171584129333496,
          4.166304111480713,
          4.202591896057129,
          4.205376148223877,
          4.139679908752441,
          4.122015953063965,
          4.158656120300293,
          4.156703948974609,
          4.258592128753662,
          4.243680000305176,
          4.187168121337891,
          4.160543918609619,
          4.160607814788818,
          4.068863868713379,
          4.0793280601501465,
          4.037631988525391,
          4.133632183074951,
          4.1736321449279785,
          4.162752151489258,
          4.128096103668213,
          4.099808216094971,
          4.102464199066162,
          4.049088001251221,
          4.028287887573242,
          4.022240161895752,
          4.069791793823242
        ],
        [
          4.058271884918213,
          4.039872169494629,
          4.1130242347717285,
          4.2236480712890625,
          4.1790080070495605,
          4.170144081115723,
          4.2039361000061035,
          4.21292781829834,
          4.148287773132324,
          4.129536151885986,
          4.1727681159973145,
          4.155200004577637,
          4.267136096954346,
          4.2479681968688965,
          4.190879821777344,
          4.170591831207275,
          4.164480209350586,
          4.071040153503418,
          4.081088066101074,
          4.043263912200928,
          4.138432025909424,
          4.182720184326172,
          4.163072109222412,
          4.136352062225342,
          4.104832172393799,
          4.1005120277404785,
          4.065120220184326,
          4.0299201011657715,
          4.023071765899658,
          4.076511859893799
        ],
        [
          4.0542402267456055,
          4.0385918617248535,
          4.116608142852783,
          4.224512100219727,
          4.184703826904297,
          4.163680076599121,
          4.206399917602539,
          4.214752197265625,
          4.150432109832764,
          4.1312642097473145,
          4.170400142669678,
          4.151584148406982,
          4.255871772766113,
          4.24124813079834,
          4.1820478439331055,
          4.173376083374023,
          4.154463768005371,
          4.075839996337891,
          4.086368083953857,
          4.040703773498535,
          4.138688087463379,
          4.175487995147705,
          4.166079998016357,
          4.132512092590332,
          4.10371208190918,
          4.105088233947754,
          4.062880039215088,
          4.034656047821045,
          4.0261759757995605,
          4.074368000030518
        ],
        [
          4.052351951599121,
          4.0378241539001465,
          4.11359977722168,
          4.2097601890563965,
          4.1678080558776855,
          4.166528224945068,
          4.197184085845947,
          4.20358419418335,
          4.133823871612549,
          4.119743824005127,
          4.159296035766602,
          4.158368110656738,
          4.261792182922363,
          4.248032093048096,
          4.189280033111572,
          4.1631999015808105,
          4.166624069213867,
          4.057504177093506,
          4.069439888000488,
          4.026559829711914,
          4.125184059143066,
          4.16703987121582,
          4.154784202575684,
          4.120768070220947,
          4.092959880828857,
          4.093247890472412,
          4.0498881340026855,
          4.019264221191406,
          4.02675199508667,
          4.06060791015625
        ]
      ],
      "rank_max_samples_ms": [
        4.058271884918213,
        4.039872169494629,
        4.116608142852783,
        4.224512100219727,
        4.184703826904297,
        4.170144081115723,
        4.206399917602539,
        4.214752197265625,
        4.150432109832764,
        4.1312642097473145,
        4.1727681159973145,
        4.158368110656738,
        4.267136096954346,
        4.248032093048096,
        4.190879821777344,
        4.173376083374023,
        4.166624069213867,
        4.075839996337891,
        4.086368083953857,
        4.043263912200928,
        4.138688087463379,
        4.182720184326172,
        4.166079998016357,
        4.136352062225342,
        4.104832172393799,
        4.105088233947754,
        4.065120220184326,
        4.034656047821045,
        4.02675199508667,
        4.076511859893799
      ]
    },
    "natural_router_contract_topk_fold": {
      "maximum_ms": 0.14767999947071075,
      "mean_ms": 0.12516906733314195,
      "median_ms": 0.12289600074291229,
      "minimum_ms": 0.11510399729013443,
      "per_rank_samples_ms": [
        [
          0.14204800128936768,
          0.11801599711179733,
          0.13097600638866425,
          0.11910399794578552,
          0.11859200149774551,
          0.12390399724245071,
          0.12915199995040894,
          0.14185599982738495,
          0.12620800733566284,
          0.12300799787044525,
          0.12358400225639343,
          0.12278400361537933,
          0.13769599795341492,
          0.11788800358772278,
          0.12172800302505493,
          0.11833599954843521,
          0.1249919980764389,
          0.13305599987506866,
          0.11900799721479416,
          0.11788800358772278,
          0.11622399836778641,
          0.11798399686813354,
          0.1356160044670105,
          0.12188799679279327,
          0.11510399729013443,
          0.12272000312805176,
          0.11388800293207169,
          0.12694400548934937,
          0.11961600184440613,
          0.11347199976444244
        ],
        [
          0.11036799848079681,
          0.10688000172376633,
          0.11340799927711487,
          0.11779200285673141,
          0.11088000237941742,
          0.11430399864912033,
          0.1024319976568222,
          0.12918399274349213,
          0.10188800096511841,
          0.1136000007390976,
          0.1085439994931221,
          0.11999999731779099,
          0.11363200098276138,
          0.11020799726247787,
          0.10691200196743011,
          0.11654400080442429,
          0.10003200173377991,
          0.11721599847078323,
          0.10831999778747559,
          0.1159679964184761,
          0.11532799899578094,
          0.106175996363163,
          0.122079998254776,
          0.10627199709415436,
          0.10838399827480316,
          0.09894400089979172,
          0.10819199681282043,
          0.12352000176906586,
          0.09849599748849869,
          0.09993600100278854
        ],
        [
          0.10249599814414978,
          0.10022400319576263,
          0.10035199671983719,
          0.10739199817180634,
          0.09980800002813339,
          0.10822399705648422,
          0.1098880022764206,
          0.11984000355005264,
          0.1072319969534874,
          0.10460799932479858,
          0.11084800213575363,
          0.10080000013113022,
          0.12176000326871872,
          0.10441599786281586,
          0.09945599734783173,
          0.11164800077676773,
          0.12176000326871872,
          0.12355200201272964,
          0.1058880016207695,
          0.10275200009346008,
          0.1061440035700798,
          0.11340799927711487,
          0.1361279934644699,
          0.11321599781513214,
          0.11228799819946289,
          0.10595200210809708,
          0.11590400338172913,
          0.12425599992275238,
          0.11184000223875046,
          0.11695999652147293
        ],
        [
          0.1231359988451004,
          0.11526399850845337,
          0.11593600362539291,
          0.12160000205039978,
          0.11513599753379822,
          0.12601600587368011,
          0.12012799829244614,
          0.14767999947071075,
          0.1189119964838028,
          0.11718399822711945,
          0.12380799651145935,
          0.11686400324106216,
          0.12406399846076965,
          0.11433599889278412,
          0.12092799693346024,
          0.12515200674533844,
          0.11593600362539291,
          0.13711999356746674,
          0.12025599926710129,
          0.11366400122642517,
          0.11958400160074234,
          0.11353600025177002,
          0.13286399841308594,
          0.12172800302505493,
          0.1125440001487732,
          0.12201599776744843,
          0.11788800358772278,
          0.12966400384902954,
          0.12352000176906586,
          0.11798399686813354
        ]
      ],
      "rank_max_samples_ms": [
        0.14204800128936768,
        0.11801599711179733,
        0.13097600638866425,
        0.12160000205039978,
        0.11859200149774551,
        0.12601600587368011,
        0.12915199995040894,
        0.14767999947071075,
        0.12620800733566284,
        0.12300799787044525,
        0.12380799651145935,
        0.12278400361537933,
        0.13769599795341492,
        0.11788800358772278,
        0.12172800302505493,
        0.12515200674533844,
        0.1249919980764389,
        0.13711999356746674,
        0.12025599926710129,
        0.11788800358772278,
        0.11958400160074234,
        0.11798399686813354,
        0.1361279934644699,
        0.12188799679279327,
        0.11510399729013443,
        0.12272000312805176,
        0.11788800358772278,
        0.12966400384902954,
        0.12352000176906586,
        0.11798399686813354
      ]
    },
    "natural_runtime_layout_and_payload_dispatch": {
      "maximum_ms": 0.3218879997730255,
      "mean_ms": 0.28395626445611316,
      "median_ms": 0.28033600747585297,
      "minimum_ms": 0.2733759880065918,
      "per_rank_samples_ms": [
        [
          0.27004799246788025,
          0.2781760096549988,
          0.2710080146789551,
          0.2682879865169525,
          0.27292799949645996,
          0.28566399216651917,
          0.2666560113430023,
          0.26953598856925964,
          0.2680639922618866,
          0.2754879891872406,
          0.2685759961605072,
          0.27219200134277344,
          0.27190399169921875,
          0.2662400007247925,
          0.2655999958515167,
          0.2694079875946045,
          0.26630398631095886,
          0.27215999364852905,
          0.27564799785614014,
          0.27167999744415283,
          0.2754560112953186,
          0.27059200406074524,
          0.27187201380729675,
          0.2666560113430023,
          0.2680000066757202,
          0.2683520019054413,
          0.27299201488494873,
          0.2670400142669678,
          0.26681599020957947,
          0.3055039942264557
        ],
        [
          0.2727360129356384,
          0.2938559949398041,
          0.28271999955177307,
          0.278656005859375,
          0.282943993806839,
          0.2691519856452942,
          0.2733759880065918,
          0.27740800380706787,
          0.27881601452827454,
          0.29686400294303894,
          0.2784000039100647,
          0.29235199093818665,
          0.2879039943218231,
          0.27321600914001465,
          0.27497598528862,
          0.27859199047088623,
          0.27744001150131226,
          0.28543999791145325,
          0.2864319980144501,
          0.2805440127849579,
          0.28617599606513977,
          0.2791999876499176,
          0.28617599606513977,
          0.27958399057388306,
          0.2756800055503845,
          0.28438401222229004,
          0.27961599826812744,
          0.27510398626327515,
          0.2754240036010742,
          0.3218879997730255
        ],
        [
          0.2821759879589081,
          0.2877439856529236,
          0.2815360128879547,
          0.28012800216674805,
          0.29097598791122437,
          0.2974399924278259,
          0.2725760042667389,
          0.27510398626327515,
          0.2731519937515259,
          0.2954240143299103,
          0.2752000093460083,
          0.2847360074520111,
          0.2784320116043091,
          0.2738560140132904,
          0.27052798867225647,
          0.27427199482917786,
          0.2733759880065918,
          0.2805759906768799,
          0.2889919877052307,
          0.27907198667526245,
          0.2841919958591461,
          0.27775999903678894,
          0.2799679934978485,
          0.2759679853916168,
          0.2760320007801056,
          0.2756800055503845,
          0.27775999903678894,
          0.2741119861602783,
          0.2754240036010742,
          0.3153280019760132
        ],
        [
          0.2651839852333069,
          0.2844800055027008,
          0.27539199590682983,
          0.2783679962158203,
          0.2911359965801239,
          0.2919679880142212,
          0.2701759934425354,
          0.27769601345062256,
          0.27059200406074524,
          0.2784639894962311,
          0.27612799406051636,
          0.2829119861125946,
          0.2778880000114441,
          0.2714560031890869,
          0.2712000012397766,
          0.2728640139102936,
          0.27983999252319336,
          0.2815999984741211,
          0.2831999957561493,
          0.2786239981651306,
          0.28249600529670715,
          0.27689599990844727,
          0.2845759987831116,
          0.2759679853916168,
          0.271232008934021,
          0.2763200104236603,
          0.2765760123729706,
          0.2723200023174286,
          0.27513599395751953,
          0.3129279911518097
        ]
      ],
      "rank_max_samples_ms": [
        0.2821759879589081,
        0.2938559949398041,
        0.28271999955177307,
        0.28012800216674805,
        0.2911359965801239,
        0.2974399924278259,
        0.2733759880065918,
        0.27769601345062256,
        0.27881601452827454,
        0.29686400294303894,
        0.2784000039100647,
        0.29235199093818665,
        0.2879039943218231,
        0.2738560140132904,
        0.27497598528862,
        0.27859199047088623,
        0.27983999252319336,
        0.28543999791145325,
        0.2889919877052307,
        0.2805440127849579,
        0.28617599606513977,
        0.2791999876499176,
        0.28617599606513977,
        0.27958399057388306,
        0.2760320007801056,
        0.28438401222229004,
        0.27961599826812744,
        0.27510398626327515,
        0.2754240036010742,
        0.3218879997730255
      ]
    },
    "natural_shuttle_post_route": {
      "maximum_ms": 4.155200004577637,
      "mean_ms": 4.063029336929321,
      "median_ms": 4.057936191558838,
      "minimum_ms": 3.9615681171417236,
      "per_rank_samples_ms": [
        [
          4.034719944000244,
          4.075776100158691,
          4.052512168884277,
          4.051040172576904,
          4.133120059967041,
          4.149824142456055,
          4.144896030426025,
          4.1424641609191895,
          4.131999969482422,
          4.13424015045166,
          4.133567810058594,
          4.119423866271973,
          4.12886381149292,
          4.057888031005859,
          4.062623977661133,
          4.038623809814453,
          4.025568008422852,
          4.011136054992676,
          4.0147199630737305,
          4.037888050079346,
          4.07260799407959,
          4.061056137084961,
          4.034560203552246,
          4.037280082702637,
          4.032063961029053,
          3.964672088623047,
          3.959872007369995,
          3.961535930633545,
          3.96560001373291,
          3.994112014770508
        ],
        [
          4.041567802429199,
          4.083871841430664,
          4.056096076965332,
          4.059264183044434,
          4.1342082023620605,
          4.154687881469727,
          4.148416042327881,
          4.149439811706543,
          4.135519981384277,
          4.136223793029785,
          4.13862419128418,
          4.120031833648682,
          4.13270378112793,
          4.06112003326416,
          4.062111854553223,
          4.041567802429199,
          4.033696174621582,
          4.0149760246276855,
          4.021024227142334,
          4.040544033050537,
          4.073855876922607,
          4.062143802642822,
          4.037407875061035,
          4.033504009246826,
          4.035168170928955,
          3.9666879177093506,
          3.9636800289154053,
          3.9614078998565674,
          3.966559886932373,
          3.9970879554748535
        ],
        [
          4.03059196472168,
          4.0796799659729,
          4.056608200073242,
          4.0569281578063965,
          4.13702392578125,
          4.155200004577637,
          4.152224063873291,
          4.148159980773926,
          4.139808177947998,
          4.137184143066406,
          4.139679908752441,
          4.121056079864502,
          4.12992000579834,
          4.063007831573486,
          4.063392162322998,
          4.038112163543701,
          4.027008056640625,
          4.013184070587158,
          4.021312236785889,
          4.040607929229736,
          4.075551986694336,
          4.06441593170166,
          4.035679817199707,
          4.034848213195801,
          4.029727935791016,
          3.965951919555664,
          3.9560959339141846,
          3.9615681171417236,
          3.9642560482025146,
          3.99836802482605
        ],
        [
          4.032320022583008,
          4.065824031829834,
          4.043744087219238,
          4.0457282066345215,
          4.12502384185791,
          4.1438398361206055,
          4.138944149017334,
          4.138016223907471,
          4.125919818878174,
          4.126719951629639,
          4.1255998611450195,
          4.1111040115356445,
          4.116960048675537,
          4.051072120666504,
          4.050848007202148,
          4.028895854949951,
          4.016448020935059,
          4.003039836883545,
          4.007264137268066,
          4.031680107116699,
          4.066112041473389,
          4.052512168884277,
          4.024576187133789,
          4.024991989135742,
          4.025599956512451,
          3.9544320106506348,
          3.949120044708252,
          3.9508159160614014,
          3.9542078971862793,
          3.9844160079956055
        ]
      ],
      "rank_max_samples_ms": [
        4.041567802429199,
        4.083871841430664,
        4.056608200073242,
        4.059264183044434,
        4.13702392578125,
        4.155200004577637,
        4.152224063873291,
        4.149439811706543,
        4.139808177947998,
        4.137184143066406,
        4.139679908752441,
        4.121056079864502,
        4.13270378112793,
        4.063007831573486,
        4.063392162322998,
        4.041567802429199,
        4.033696174621582,
        4.0149760246276855,
        4.021312236785889,
        4.040607929229736,
        4.075551986694336,
        4.06441593170166,
        4.037407875061035,
        4.037280082702637,
        4.035168170928955,
        3.9666879177093506,
        3.9636800289154053,
        3.9615681171417236,
        3.966559886932373,
        3.99836802482605
      ]
    },
    "official_combine_with_shared_bias": {
      "maximum_ms": 0.559552013874054,
      "mean_ms": 0.2845920006434123,
      "median_ms": 0.2677440047264099,
      "minimum_ms": 0.2629440128803253,
      "per_rank_samples_ms": [
        [
          0.33235201239585876,
          0.25910401344299316,
          0.266400009393692,
          0.2632319927215576,
          0.26342400908470154,
          0.2609280049800873,
          0.262719988822937,
          0.26284798979759216,
          0.2656640112400055,
          0.2641279995441437,
          0.2619839906692505,
          0.26368001103401184,
          0.2624639868736267,
          0.2611199915409088,
          0.26310399174690247,
          0.26236799359321594,
          0.255295991897583,
          0.2629440128803253,
          0.2653760015964508,
          0.2691200077533722,
          0.2588160037994385,
          0.2625280022621155,
          0.26633599400520325,
          0.2577280104160309,
          0.25996801257133484,
          0.2698560059070587,
          0.26287999749183655,
          0.2664639949798584,
          0.26307201385498047,
          0.5582720041275024
        ],
        [
          0.34031999111175537,
          0.26502400636672974,
          0.26761600375175476,
          0.26467201113700867,
          0.2619200050830841,
          0.2641279995441437,
          0.2606399953365326,
          0.2600640058517456,
          0.26256000995635986,
          0.26364800333976746,
          0.265855997800827,
          0.40323200821876526,
          0.26316800713539124,
          0.2640640139579773,
          0.25727999210357666,
          0.264384001493454,
          0.2630079984664917,
          0.26230400800704956,
          0.2653439939022064,
          0.2574079930782318,
          0.2678399980068207,
          0.2687680125236511,
          0.2630400061607361,
          0.2664960026741028,
          0.2659200131893158,
          0.2677440047264099,
          0.26579201221466064,
          0.26287999749183655,
          0.2621760070323944,
          0.2616319954395294
        ],
        [
          0.3428800106048584,
          0.279776006937027,
          0.26822400093078613,
          0.264384001493454,
          0.26499199867248535,
          0.2687999904155731,
          0.26528000831604004,
          0.26531198620796204,
          0.2696639895439148,
          0.2635839879512787,
          0.2677119970321655,
          0.40569600462913513,
          0.26764801144599915,
          0.26364800333976746,
          0.2659519910812378,
          0.26899200677871704,
          0.2614400088787079,
          0.26179200410842896,
          0.2702080011367798,
          0.26368001103401184,
          0.263839989900589,
          0.26499199867248535,
          0.2624320089817047,
          0.26291200518608093,
          0.2685120105743408,
          0.2662079930305481,
          0.2618879973888397,
          0.2643519937992096,
          0.26102399826049805,
          0.559552013874054
        ],
        [
          0.2571839988231659,
          0.2715199887752533,
          0.2733759880065918,
          0.26633599400520325,
          0.26524800062179565,
          0.2656640112400055,
          0.2576639950275421,
          0.2634879946708679,
          0.2627840042114258,
          0.26076799631118774,
          0.2694079875946045,
          0.4017600119113922,
          0.2632960081100464,
          0.26502400636672974,
          0.2622080147266388,
          0.26393601298332214,
          0.2656959891319275,
          0.25785601139068604,
          0.26736000180244446,
          0.26476800441741943,
          0.26134398579597473,
          0.2600319981575012,
          0.26492801308631897,
          0.26716798543930054,
          0.2662079930305481,
          0.2604160010814667,
          0.2604160010814667,
          0.2621760070323944,
          0.2659839987754822,
          0.5557760000228882
        ]
      ],
      "rank_max_samples_ms": [
        0.3428800106048584,
        0.279776006937027,
        0.2733759880065918,
        0.26633599400520325,
        0.26524800062179565,
        0.2687999904155731,
        0.26528000831604004,
        0.26531198620796204,
        0.2696639895439148,
        0.2641279995441437,
        0.2694079875946045,
        0.40569600462913513,
        0.26764801144599915,
        0.26502400636672974,
        0.2659519910812378,
        0.26899200677871704,
        0.2656959891319275,
        0.2629440128803253,
        0.2702080011367798,
        0.2691200077533722,
        0.2678399980068207,
        0.2687680125236511,
        0.26633599400520325,
        0.26716798543930054,
        0.2685120105743408,
        0.2698560059070587,
        0.26579201221466064,
        0.2664639949798584,
        0.2659839987754822,
        0.559552013874054
      ]
    },
    "official_dispatch_combine_identity": {
      "maximum_ms": 0.4687039852142334,
      "mean_ms": 0.4604885339736938,
      "median_ms": 0.46030400693416595,
      "minimum_ms": 0.4538559913635254,
      "per_rank_samples_ms": [
        [
          0.46723198890686035,
          0.4631679952144623,
          0.458624005317688,
          0.45900800824165344,
          0.45798400044441223,
          0.4604800045490265,
          0.4644800126552582,
          0.45772799849510193,
          0.45292800664901733,
          0.45788800716400146,
          0.4572480022907257,
          0.4601280093193054,
          0.45740801095962524,
          0.4607999920845032,
          0.45606398582458496,
          0.45686399936676025,
          0.45206400752067566,
          0.4610239863395691,
          0.4638400077819824,
          0.4557119905948639,
          0.46108800172805786,
          0.4543040096759796,
          0.45344001054763794,
          0.45715200901031494,
          0.4593600034713745,
          0.4572800099849701,
          0.4594239890575409,
          0.45478400588035583,
          0.4565120041370392,
          0.4561600089073181
        ],
        [
          0.4638400077819824,
          0.4575360119342804,
          0.4545600116252899,
          0.4520319998264313,
          0.45577600598335266,
          0.4577600061893463,
          0.4573439955711365,
          0.45715200901031494,
          0.45257601141929626,
          0.45769599080085754,
          0.4567359983921051,
          0.4538559913635254,
          0.4613119959831238,
          0.4583039879798889,
          0.46009600162506104,
          0.455487996339798,
          0.4558719992637634,
          0.45161598920822144,
          0.45497599244117737,
          0.45494401454925537,
          0.4558719992637634,
          0.4564160108566284,
          0.45212799310684204,
          0.45427200198173523,
          0.450655996799469,
          0.45267200469970703,
          0.45347198843955994,
          0.4545600116252899,
          0.46163201332092285,
          0.4522559940814972
        ],
        [
          0.4687039852142334,
          0.4625279903411865,
          0.45929598808288574,
          0.45977601408958435,
          0.4620159864425659,
          0.4598720073699951,
          0.46511998772621155,
          0.4567039906978607,
          0.4575999975204468,
          0.4574719965457916,
          0.4624960124492645,
          0.4599359929561615,
          0.4585280120372772,
          0.4567359983921051,
          0.45523199439048767,
          0.45743998885154724,
          0.4588479995727539,
          0.462911993265152,
          0.4557119905948639,
          0.4565120041370392,
          0.46374401450157166,
          0.461760014295578,
          0.4538559913635254,
          0.45868799090385437,
          0.45392000675201416,
          0.4551680088043213,
          0.4626240134239197,
          0.45900800824165344,
          0.45875200629234314,
          0.46054399013519287
        ],
        [
          0.46585598587989807,
          0.4581120014190674,
          0.4544000029563904,
          0.45846399664878845,
          0.45529600977897644,
          0.45526400208473206,
          0.46031999588012695,
          0.45340800285339355,
          0.4514560103416443,
          0.4559040069580078,
          0.4540480077266693,
          0.45871999859809875,
          0.4580160081386566,
          0.45635199546813965,
          0.45187199115753174,
          0.4498240053653717,
          0.45235198736190796,
          0.45283201336860657,
          0.45849600434303284,
          0.45475199818611145,
          0.4586560130119324,
          0.4567039906978607,
          0.4487679898738861,
          0.4564479887485504,
          0.4525119960308075,
          0.4520319998264313,
          0.4588159918785095,
          0.4519680142402649,
          0.45452800393104553,
          0.45580801367759705
        ]
      ],
      "rank_max_samples_ms": [
        0.4687039852142334,
        0.4631679952144623,
        0.45929598808288574,
        0.45977601408958435,
        0.4620159864425659,
        0.4604800045490265,
        0.46511998772621155,
        0.45772799849510193,
        0.4575999975204468,
        0.45788800716400146,
        0.4624960124492645,
        0.4601280093193054,
        0.4613119959831238,
        0.4607999920845032,
        0.46009600162506104,
        0.45743998885154724,
        0.4588479995727539,
        0.462911993265152,
        0.4638400077819824,
        0.4565120041370392,
        0.46374401450157166,
        0.461760014295578,
        0.4538559913635254,
        0.45868799090385437,
        0.4593600034713745,
        0.4572800099849701,
        0.4626240134239197,
        0.45900800824165344,
        0.46163201332092285,
        0.46054399013519287
      ]
    },
    "payload_reverse_transport_and_generated_merge": {
      "maximum_ms": 0.3176960051059723,
      "mean_ms": 0.3009770651658376,
      "median_ms": 0.29999999701976776,
      "minimum_ms": 0.2964160144329071,
      "per_rank_samples_ms": [
        [
          0.2881920039653778,
          0.2961600124835968,
          0.29155200719833374,
          0.2908479869365692,
          0.2953599989414215,
          0.2938559949398041,
          0.29686400294303894,
          0.29417601227760315,
          0.3096640110015869,
          0.2952960133552551,
          0.29660800099372864,
          0.29548799991607666,
          0.29708799719810486,
          0.2948479950428009,
          0.29555198550224304,
          0.2990719974040985,
          0.29209598898887634,
          0.29228800535202026,
          0.2954559922218323,
          0.31004801392555237,
          0.2935679852962494,
          0.2932479977607727,
          0.2970559895038605,
          0.2996479868888855,
          0.29526400566101074,
          0.29423999786376953,
          0.2935999929904938,
          0.3004480004310608,
          0.29583999514579773,
          0.2996479868888855
        ],
        [
          0.29843199253082275,
          0.2982400059700012,
          0.29657599329948425,
          0.3084160089492798,
          0.29660800099372864,
          0.30028799176216125,
          0.2916800081729889,
          0.2994239926338196,
          0.31225600838661194,
          0.2995840013027191,
          0.2974720001220703,
          0.29308798909187317,
          0.3004800081253052,
          0.2916480004787445,
          0.2983039915561676,
          0.29315200448036194,
          0.2957119941711426,
          0.2958720028400421,
          0.297791987657547,
          0.3087039887905121,
          0.2908479869365692,
          0.2967360019683838,
          0.2969920039176941,
          0.2968960106372833,
          0.29417601227760315,
          0.30031999945640564,
          0.30003198981285095,
          0.29814401268959045,
          0.29577600955963135,
          0.2971839904785156
        ],
        [
          0.3008959889411926,
          0.30246400833129883,
          0.3041599988937378,
          0.29785600304603577,
          0.2983039915561676,
          0.2975679934024811,
          0.2985279858112335,
          0.2998400032520294,
          0.3176960051059723,
          0.2964479923248291,
          0.30211201310157776,
          0.3005119860172272,
          0.3000960052013397,
          0.2964160144329071,
          0.2982400059700012,
          0.3000960052013397,
          0.2969599962234497,
          0.29817599058151245,
          0.29996800422668457,
          0.3115839958190918,
          0.2999359965324402,
          0.29763200879096985,
          0.2955839931964874,
          0.2984960079193115,
          0.2973119914531708,
          0.29865598678588867,
          0.2985920011997223,
          0.2995840013027191,
          0.30131199955940247,
          0.2984960079193115
        ],
        [
          0.2998720109462738,
          0.29657599329948425,
          0.29494398832321167,
          0.2954240143299103,
          0.2935999929904938,
          0.2967360019683838,
          0.2938559949398041,
          0.29872000217437744,
          0.315744012594223,
          0.29628801345825195,
          0.2961600124835968,
          0.2953599989414215,
          0.2967360019683838,
          0.29631999135017395,
          0.29449599981307983,
          0.2959679961204529,
          0.2950400114059448,
          0.2953920066356659,
          0.2921920120716095,
          0.31276801228523254,
          0.29600000381469727,
          0.29468798637390137,
          0.2937600016593933,
          0.2937920093536377,
          0.29465600848197937,
          0.29257598519325256,
          0.2919679880142212,
          0.29449599981307983,
          0.29760000109672546,
          0.292959988117218
        ]
      ],
      "rank_max_samples_ms": [
        0.3008959889411926,
        0.30246400833129883,
        0.3041599988937378,
        0.3084160089492798,
        0.2983039915561676,
        0.30028799176216125,
        0.2985279858112335,
        0.2998400032520294,
        0.3176960051059723,
        0.2995840013027191,
        0.30211201310157776,
        0.3005119860172272,
        0.3004800081253052,
        0.2964160144329071,
        0.2983039915561676,
        0.3000960052013397,
        0.2969599962234497,
        0.29817599058151245,
        0.29996800422668457,
        0.31276801228523254,
        0.2999359965324402,
        0.29763200879096985,
        0.2970559895038605,
        0.2996479868888855,
        0.2973119914531708,
        0.30031999945640564,
        0.30003198981285095,
        0.3004480004310608,
        0.30131199955940247,
        0.2996479868888855
      ]
    }
  }
}
/tmp/mok-route-env/lib/python3.12/site-packages/torch/distributed/c10d_logger.py:83: UserWarning: barrier(): using the device under current context. You can specify `device_id` in `init_process_group` to mute this warning.
  return func(*args, **kwargs)
