/tmp/mok-route-env/lib/python3.12/site-packages/torch/distributed/c10d_logger.py:83: UserWarning: barrier(): using the device under current context. You can specify `device_id` in `init_process_group` to mute this warning.
  return func(*args, **kwargs)
/tmp/mok-route-env/lib/python3.12/site-packages/torch/distributed/c10d_logger.py:83: UserWarning: barrier(): using the device under current context. You can specify `device_id` in `init_process_group` to mute this warning.
  return func(*args, **kwargs)
/tmp/mok-route-env/lib/python3.12/site-packages/torch/distributed/c10d_logger.py:83: UserWarning: barrier(): using the device under current context. You can specify `device_id` in `init_process_group` to mute this warning.
  return func(*args, **kwargs)
/tmp/mok-route-env/lib/python3.12/site-packages/torch/distributed/c10d_logger.py:83: UserWarning: barrier(): using the device under current context. You can specify `device_id` in `init_process_group` to mute this warning.
  return func(*args, **kwargs)
/tmp/mok-route-env/lib/python3.12/site-packages/torch/distributed/c10d_logger.py:83: UserWarning: barrier(): using the device under current context. You can specify `device_id` in `init_process_group` to mute this warning.
  return func(*args, **kwargs)
/tmp/mok-route-env/lib/python3.12/site-packages/torch/distributed/c10d_logger.py:83: UserWarning: barrier(): using the device under current context. You can specify `device_id` in `init_process_group` to mute this warning.
  return func(*args, **kwargs)
/tmp/mok-route-env/lib/python3.12/site-packages/torch/distributed/c10d_logger.py:83: UserWarning: barrier(): using the device under current context. You can specify `device_id` in `init_process_group` to mute this warning.
  return func(*args, **kwargs)
/tmp/mok-route-env/lib/python3.12/site-packages/torch/distributed/c10d_logger.py:83: UserWarning: barrier(): using the device under current context. You can specify `device_id` in `init_process_group` to mute this warning.
  return func(*args, **kwargs)
/tmp/mok-route-env/lib/python3.12/site-packages/torch/distributed/c10d_logger.py:83: UserWarning: barrier(): using the device under current context. You can specify `device_id` in `init_process_group` to mute this warning.
  return func(*args, **kwargs)
/tmp/mok-route-env/lib/python3.12/site-packages/torch/distributed/c10d_logger.py:83: UserWarning: barrier(): using the device under current context. You can specify `device_id` in `init_process_group` to mute this warning.
  return func(*args, **kwargs)
/tmp/mok-route-env/lib/python3.12/site-packages/torch/distributed/c10d_logger.py:83: UserWarning: barrier(): using the device under current context. You can specify `device_id` in `init_process_group` to mute this warning.
  return func(*args, **kwargs)
/tmp/mok-route-env/lib/python3.12/site-packages/torch/distributed/c10d_logger.py:83: UserWarning: barrier(): using the device under current context. You can specify `device_id` in `init_process_group` to mute this warning.
  return func(*args, **kwargs)
/tmp/mok-route-env/lib/python3.12/site-packages/torch/distributed/c10d_logger.py:83: UserWarning: barrier(): using the device under current context. You can specify `device_id` in `init_process_group` to mute this warning.
  return func(*args, **kwargs)
/tmp/mok-route-env/lib/python3.12/site-packages/torch/distributed/c10d_logger.py:83: UserWarning: barrier(): using the device under current context. You can specify `device_id` in `init_process_group` to mute this warning.
  return func(*args, **kwargs)
/tmp/mok-route-env/lib/python3.12/site-packages/torch/distributed/c10d_logger.py:83: UserWarning: barrier(): using the device under current context. You can specify `device_id` in `init_process_group` to mute this warning.
  return func(*args, **kwargs)
/tmp/mok-route-env/lib/python3.12/site-packages/torch/distributed/c10d_logger.py:83: UserWarning: barrier(): using the device under current context. You can specify `device_id` in `init_process_group` to mute this warning.
  return func(*args, **kwargs)
/tmp/mok-route-env/lib/python3.12/site-packages/torch/distributed/c10d_logger.py:83: UserWarning: barrier(): using the device under current context. You can specify `device_id` in `init_process_group` to mute this warning.
  return func(*args, **kwargs)
{
  "benchmark": "four_rank_deepep_compiler_relation_mok_primitives",
  "candidate": {
    "exchange_implementation": "deepep",
    "exchange_workers": 56,
    "fingerprint_sha256": "471921443713a18236bea4a0df7244ecb016511c88d38326e2e342ef80aebb35",
    "forward_transport": "deepep_dispatch_payload_permutation",
    "gate_up_layout": "concatenated_e_2i_k",
    "materialization_policy": "tile_flow_boundaries",
    "overlap_policy": "shared_expert_with_async_dispatch",
    "reverse_transport": "torch_distributed_all_to_all_single_payload_permutation",
    "segmented_contraction_implementation": "standalone_sm100_grouped_gemm",
    "semantic_merge": "generated_fixed_rank_fold"
  },
  "environment": {
    "clock_policy": "cluster_default_unpinned",
    "command": {
      "argv": [
        "lib/tile_lifetime/benchmarks/backends/gb200_deepep_mok_distributed.py",
        "--routing-source",
        "natural_stablehlo",
        "--stablehlo-fixture",
        "/app/marin/lib/tile_lifetime/tests/fixtures/stablehlo/moe_primary_t2048_h7168_i3072_e384_k6_v1_14_1.mlir.bc.b64",
        "--probe-extension",
        "/tmp/mok-gmm-probe-map-fold-31f600f228/_mok_gmm_probe.cpython-312-aarch64-linux-gnu.so",
        "--mok-root",
        "/tmp/mixture-of-kittens",
        "--deepep-root",
        "/tmp/DeepEP",
        "--shuttle-revision",
        "31f600f22837ec4a3c4c3eaf07c2e4a9a5ddc268",
        "--clock-policy",
        "cluster_default_unpinned",
        "--deepep-sms",
        "56",
        "--gate-up-layout",
        "concatenated_e_2i_k",
        "--warmup",
        "1",
        "--iterations",
        "2",
        "--acceptance-order",
        "shuttle_first",
        "--json-output",
        "/tmp/shuttle-map-fold-replay/smoke.json",
        "--semantic-fixture-output",
        "/tmp/shuttle-map-fold-replay/semantic-smoke.npz"
      ],
      "environment": {
        "CUDA_CCCL_INCLUDE": "/tmp/mok-route-env/lib/python3.12/site-packages/nvidia/cu13/include/cccl",
        "CUDA_HOME": "/tmp/mok-route-env/lib/python3.12/site-packages/nvidia/cu13",
        "DEEPEP_BUILD_INTRANODE_ONLY": "1",
        "DEEPEP_DISABLE_NVSHMEM": "1",
        "MAX_JOBS": "8",
        "NCCL_SOCKET_IFNAME": "^ibs,ibp,lo,docker,veth,cilium,lxc",
        "TORCH_CUDA_ARCH_LIST": "10.0a"
      },
      "shell": "lib/tile_lifetime/benchmarks/backends/gb200_deepep_mok_distributed.py --routing-source natural_stablehlo --stablehlo-fixture /app/marin/lib/tile_lifetime/tests/fixtures/stablehlo/moe_primary_t2048_h7168_i3072_e384_k6_v1_14_1.mlir.bc.b64 --probe-extension /tmp/mok-gmm-probe-map-fold-31f600f228/_mok_gmm_probe.cpython-312-aarch64-linux-gnu.so --mok-root /tmp/mixture-of-kittens --deepep-root /tmp/DeepEP --shuttle-revision 31f600f22837ec4a3c4c3eaf07c2e4a9a5ddc268 --clock-policy cluster_default_unpinned --deepep-sms 56 --gate-up-layout concatenated_e_2i_k --warmup 1 --iterations 2 --acceptance-order shuttle_first --json-output /tmp/shuttle-map-fold-replay/smoke.json --semantic-fixture-output /tmp/shuttle-map-fold-replay/semantic-smoke.npz",
      "working_directory": "/app/marin"
    },
    "gpu": "NVIDIA GB200",
    "gpu_telemetry": {
      "by_phase": {
        "compiler_routed_already_dispatched": {
          "after": {
            "field_errors": {},
            "gpus": [
              {
                "clocks.applications.graphics": "[Requested functionality has been deprecated]",
                "clocks.applications.memory": "[Requested functionality has been deprecated]",
                "clocks.current.graphics": "1950",
                "clocks.current.memory": "3996",
                "clocks.current.sm": "1950",
                "clocks.max.graphics": "2062",
                "clocks.max.memory": "3996",
                "clocks.max.sm": "2062",
                "driver_version": "595.71.05",
                "index": "0",
                "name": "NVIDIA GB200",
                "pci.bus_id": "00000008:01:00.0",
                "persistence_mode": "Enabled",
                "power.draw": "225.19",
                "power.limit": "1200.00",
                "pstate": "P0",
                "temperature.gpu": "36",
                "uuid": "GPU-64efb995-783a-a11a-c868-580e18809080"
              },
              {
                "clocks.applications.graphics": "[Requested functionality has been deprecated]",
                "clocks.applications.memory": "[Requested functionality has been deprecated]",
                "clocks.current.graphics": "1950",
                "clocks.current.memory": "3996",
                "clocks.current.sm": "1950",
                "clocks.max.graphics": "2062",
                "clocks.max.memory": "3996",
                "clocks.max.sm": "2062",
                "driver_version": "595.71.05",
                "index": "1",
                "name": "NVIDIA GB200",
                "pci.bus_id": "00000009:01:00.0",
                "persistence_mode": "Enabled",
                "power.draw": "214.22",
                "power.limit": "1200.00",
                "pstate": "P0",
                "temperature.gpu": "36",
                "uuid": "GPU-84233fbe-ed84-cfff-821c-7acc555c2503"
              },
              {
                "clocks.applications.graphics": "[Requested functionality has been deprecated]",
                "clocks.applications.memory": "[Requested functionality has been deprecated]",
                "clocks.current.graphics": "1950",
                "clocks.current.memory": "3996",
                "clocks.current.sm": "1950",
                "clocks.max.graphics": "2062",
                "clocks.max.memory": "3996",
                "clocks.max.sm": "2062",
                "driver_version": "595.71.05",
                "index": "2",
                "name": "NVIDIA GB200",
                "pci.bus_id": "00000018:01:00.0",
                "persistence_mode": "Enabled",
                "power.draw": "221.78",
                "power.limit": "1200.00",
                "pstate": "P0",
                "temperature.gpu": "36",
                "uuid": "GPU-19bf3c4b-1e4c-1afc-3db0-adf098d28d8b"
              },
              {
                "clocks.applications.graphics": "[Requested functionality has been deprecated]",
                "clocks.applications.memory": "[Requested functionality has been deprecated]",
                "clocks.current.graphics": "1950",
                "clocks.current.memory": "3996",
                "clocks.current.sm": "1950",
                "clocks.max.graphics": "2062",
                "clocks.max.memory": "3996",
                "clocks.max.sm": "2062",
                "driver_version": "595.71.05",
                "index": "3",
                "name": "NVIDIA GB200",
                "pci.bus_id": "00000019:01:00.0",
                "persistence_mode": "Enabled",
                "power.draw": "242.21",
                "power.limit": "1200.00",
                "pstate": "P0",
                "temperature.gpu": "36",
                "uuid": "GPU-14a91ec2-4299-59e4-c682-00a36868d987"
              }
            ],
            "topology": {
              "arguments": [
                "nvidia-smi",
                "topo",
                "-m"
              ],
              "returncode": 0,
              "stderr": "",
              "stdout": "\u001b[4mGPU0\tGPU1\tGPU2\tGPU3\tNIC0\tNIC1\tNIC2\tNIC3\tNIC4\tNIC5\tNIC6\tNIC7\tNIC8\tNIC9\tNIC10\tNIC11\tNIC12\tCPU Affinity\tNUMA Affinity\tGPU NUMA ID\u001b[0m\nGPU0\t X \tNV18\tNV18\tNV18\tNODE\tNODE\tSYS\tSYS\tNODE\tNODE\tNODE\tNODE\tNODE\tNODE\tNODE\tNODE\tNODE\t0-71\t0\t\tN/A\nGPU1\tNV18\t X \tNV18\tNV18\tNODE\tNODE\tSYS\tSYS\tNODE\tNODE\tNODE\tNODE\tNODE\tNODE\tNODE\tNODE\tNODE\t0-71\t0\t\tN/A\nGPU2\tNV18\tNV18\t X \tNV18\tSYS\tSYS\tNODE\tNODE\tSYS\tSYS\tSYS\tSYS\tSYS\tSYS\tSYS\tSYS\tSYS\t72-143\t1\t\tN/A\nGPU3\tNV18\tNV18\tNV18\t X \tSYS\tSYS\tNODE\tNODE\tSYS\tSYS\tSYS\tSYS\tSYS\tSYS\tSYS\tSYS\tSYS\t72-143\t1\t\tN/A\nNIC0\tNODE\tNODE\tSYS\tSYS\t X \tNODE\tSYS\tSYS\tNODE\tNODE\tNODE\tNODE\tNODE\tNODE\tNODE\tNODE\tNODE\t\t\t\t\nNIC1\tNODE\tNODE\tSYS\tSYS\tNODE\t X \tSYS\tSYS\tNODE\tNODE\tNODE\tNODE\tNODE\tNODE\tNODE\tNODE\tNODE\t\t\t\t\nNIC2\tSYS\tSYS\tNODE\tNODE\tSYS\tSYS\t X \tNODE\tSYS\tSYS\tSYS\tSYS\tSYS\tSYS\tSYS\tSYS\tSYS\t\t\t\t\nNIC3\tSYS\tSYS\tNODE\tNODE\tSYS\tSYS\tNODE\t X \tSYS\tSYS\tSYS\tSYS\tSYS\tSYS\tSYS\tSYS\tSYS\t\t\t\t\nNIC4\tNODE\tNODE\tSYS\tSYS\tNODE\tNODE\tSYS\tSYS\t X \tPIX\tPIX\tPIX\tPIX\tPIX\tPIX\tPIX\tPIX\t\t\t\t\nNIC5\tNODE\tNODE\tSYS\tSYS\tNODE\tNODE\tSYS\tSYS\tPIX\t X \tPIX\tPIX\tPIX\tPIX\tPIX\tPIX\tPIX\t\t\t\t\nNIC6\tNODE\tNODE\tSYS\tSYS\tNODE\tNODE\tSYS\tSYS\tPIX\tPIX\t X \tPIX\tPIX\tPIX\tPIX\tPIX\tPIX\t\t\t\t\nNIC7\tNODE\tNODE\tSYS\tSYS\tNODE\tNODE\tSYS\tSYS\tPIX\tPIX\tPIX\t X \tPIX\tPIX\tPIX\tPIX\tPIX\t\t\t\t\nNIC8\tNODE\tNODE\tSYS\tSYS\tNODE\tNODE\tSYS\tSYS\tPIX\tPIX\tPIX\tPIX\t X \tPIX\tPIX\tPIX\tPIX\t\t\t\t\nNIC9\tNODE\tNODE\tSYS\tSYS\tNODE\tNODE\tSYS\tSYS\tPIX\tPIX\tPIX\tPIX\tPIX\t X \tPIX\tPIX\tPIX\t\t\t\t\nNIC10\tNODE\tNODE\tSYS\tSYS\tNODE\tNODE\tSYS\tSYS\tPIX\tPIX\tPIX\tPIX\tPIX\tPIX\t X \tPIX\tPIX\t\t\t\t\nNIC11\tNODE\tNODE\tSYS\tSYS\tNODE\tNODE\tSYS\tSYS\tPIX\tPIX\tPIX\tPIX\tPIX\tPIX\tPIX\t X \tPIX\t\t\t\t\nNIC12\tNODE\tNODE\tSYS\tSYS\tNODE\tNODE\tSYS\tSYS\tPIX\tPIX\tPIX\tPIX\tPIX\tPIX\tPIX\tPIX\t X \t\t\t\t\n\nLegend:\n\n  X    = Self\n  SYS  = Connection traversing PCIe as well as the SMP interconnect between NUMA nodes (e.g., QPI/UPI)\n  NODE = Connection traversing PCIe as well as the interconnect between PCIe Host Bridges within a NUMA node\n  PHB  = Connection traversing PCIe as well as a PCIe Host Bridge (typically the CPU)\n  PXB  = Connection traversing multiple PCIe bridges (without traversing the PCIe Host Bridge)\n  PIX  = Connection traversing at most a single PCIe bridge\n  NV#  = Connection traversing a bonded set of # NVLinks\n\nNIC Legend:\n\n  NIC0: ibp0\n  NIC1: ibp1\n  NIC2: ibp2\n  NIC3: ibp3\n  NIC4: mlx5_0\n  NIC5: mlx5_1\n  NIC6: mlx5_2\n  NIC7: mlx5_3\n  NIC8: mlx5_4\n  NIC9: mlx5_5\n  NIC10: mlx5_6\n  NIC11: mlx5_7\n  NIC12: mlx5_8"
            }
          },
          "before": {
            "field_errors": {},
            "gpus": [
              {
                "clocks.applications.graphics": "[Requested functionality has been deprecated]",
                "clocks.applications.memory": "[Requested functionality has been deprecated]",
                "clocks.current.graphics": "1950",
                "clocks.current.memory": "3996",
                "clocks.current.sm": "1950",
                "clocks.max.graphics": "2062",
                "clocks.max.memory": "3996",
                "clocks.max.sm": "2062",
                "driver_version": "595.71.05",
                "index": "0",
                "name": "NVIDIA GB200",
                "pci.bus_id": "00000008:01:00.0",
                "persistence_mode": "Enabled",
                "power.draw": "212.38",
                "power.limit": "1200.00",
                "pstate": "P0",
                "temperature.gpu": "36",
                "uuid": "GPU-64efb995-783a-a11a-c868-580e18809080"
              },
              {
                "clocks.applications.graphics": "[Requested functionality has been deprecated]",
                "clocks.applications.memory": "[Requested functionality has been deprecated]",
                "clocks.current.graphics": "1950",
                "clocks.current.memory": "3996",
                "clocks.current.sm": "1950",
                "clocks.max.graphics": "2062",
                "clocks.max.memory": "3996",
                "clocks.max.sm": "2062",
                "driver_version": "595.71.05",
                "index": "1",
                "name": "NVIDIA GB200",
                "pci.bus_id": "00000009:01:00.0",
                "persistence_mode": "Enabled",
                "power.draw": "203.60",
                "power.limit": "1200.00",
                "pstate": "P0",
                "temperature.gpu": "36",
                "uuid": "GPU-84233fbe-ed84-cfff-821c-7acc555c2503"
              },
              {
                "clocks.applications.graphics": "[Requested functionality has been deprecated]",
                "clocks.applications.memory": "[Requested functionality has been deprecated]",
                "clocks.current.graphics": "1950",
                "clocks.current.memory": "3996",
                "clocks.current.sm": "1950",
                "clocks.max.graphics": "2062",
                "clocks.max.memory": "3996",
                "clocks.max.sm": "2062",
                "driver_version": "595.71.05",
                "index": "2",
                "name": "NVIDIA GB200",
                "pci.bus_id": "00000018:01:00.0",
                "persistence_mode": "Enabled",
                "power.draw": "207.83",
                "power.limit": "1200.00",
                "pstate": "P0",
                "temperature.gpu": "36",
                "uuid": "GPU-19bf3c4b-1e4c-1afc-3db0-adf098d28d8b"
              },
              {
                "clocks.applications.graphics": "[Requested functionality has been deprecated]",
                "clocks.applications.memory": "[Requested functionality has been deprecated]",
                "clocks.current.graphics": "1950",
                "clocks.current.memory": "3996",
                "clocks.current.sm": "1950",
                "clocks.max.graphics": "2062",
                "clocks.max.memory": "3996",
                "clocks.max.sm": "2062",
                "driver_version": "595.71.05",
                "index": "3",
                "name": "NVIDIA GB200",
                "pci.bus_id": "00000019:01:00.0",
                "persistence_mode": "Enabled",
                "power.draw": "229.35",
                "power.limit": "1200.00",
                "pstate": "P0",
                "temperature.gpu": "36",
                "uuid": "GPU-14a91ec2-4299-59e4-c682-00a36868d987"
              }
            ],
            "topology": {
              "arguments": [
                "nvidia-smi",
                "topo",
                "-m"
              ],
              "returncode": 0,
              "stderr": "",
              "stdout": "\u001b[4mGPU0\tGPU1\tGPU2\tGPU3\tNIC0\tNIC1\tNIC2\tNIC3\tNIC4\tNIC5\tNIC6\tNIC7\tNIC8\tNIC9\tNIC10\tNIC11\tNIC12\tCPU Affinity\tNUMA Affinity\tGPU NUMA ID\u001b[0m\nGPU0\t X \tNV18\tNV18\tNV18\tNODE\tNODE\tSYS\tSYS\tNODE\tNODE\tNODE\tNODE\tNODE\tNODE\tNODE\tNODE\tNODE\t0-71\t0\t\tN/A\nGPU1\tNV18\t X \tNV18\tNV18\tNODE\tNODE\tSYS\tSYS\tNODE\tNODE\tNODE\tNODE\tNODE\tNODE\tNODE\tNODE\tNODE\t0-71\t0\t\tN/A\nGPU2\tNV18\tNV18\t X \tNV18\tSYS\tSYS\tNODE\tNODE\tSYS\tSYS\tSYS\tSYS\tSYS\tSYS\tSYS\tSYS\tSYS\t72-143\t1\t\tN/A\nGPU3\tNV18\tNV18\tNV18\t X \tSYS\tSYS\tNODE\tNODE\tSYS\tSYS\tSYS\tSYS\tSYS\tSYS\tSYS\tSYS\tSYS\t72-143\t1\t\tN/A\nNIC0\tNODE\tNODE\tSYS\tSYS\t X \tNODE\tSYS\tSYS\tNODE\tNODE\tNODE\tNODE\tNODE\tNODE\tNODE\tNODE\tNODE\t\t\t\t\nNIC1\tNODE\tNODE\tSYS\tSYS\tNODE\t X \tSYS\tSYS\tNODE\tNODE\tNODE\tNODE\tNODE\tNODE\tNODE\tNODE\tNODE\t\t\t\t\nNIC2\tSYS\tSYS\tNODE\tNODE\tSYS\tSYS\t X \tNODE\tSYS\tSYS\tSYS\tSYS\tSYS\tSYS\tSYS\tSYS\tSYS\t\t\t\t\nNIC3\tSYS\tSYS\tNODE\tNODE\tSYS\tSYS\tNODE\t X \tSYS\tSYS\tSYS\tSYS\tSYS\tSYS\tSYS\tSYS\tSYS\t\t\t\t\nNIC4\tNODE\tNODE\tSYS\tSYS\tNODE\tNODE\tSYS\tSYS\t X \tPIX\tPIX\tPIX\tPIX\tPIX\tPIX\tPIX\tPIX\t\t\t\t\nNIC5\tNODE\tNODE\tSYS\tSYS\tNODE\tNODE\tSYS\tSYS\tPIX\t X \tPIX\tPIX\tPIX\tPIX\tPIX\tPIX\tPIX\t\t\t\t\nNIC6\tNODE\tNODE\tSYS\tSYS\tNODE\tNODE\tSYS\tSYS\tPIX\tPIX\t X \tPIX\tPIX\tPIX\tPIX\tPIX\tPIX\t\t\t\t\nNIC7\tNODE\tNODE\tSYS\tSYS\tNODE\tNODE\tSYS\tSYS\tPIX\tPIX\tPIX\t X \tPIX\tPIX\tPIX\tPIX\tPIX\t\t\t\t\nNIC8\tNODE\tNODE\tSYS\tSYS\tNODE\tNODE\tSYS\tSYS\tPIX\tPIX\tPIX\tPIX\t X \tPIX\tPIX\tPIX\tPIX\t\t\t\t\nNIC9\tNODE\tNODE\tSYS\tSYS\tNODE\tNODE\tSYS\tSYS\tPIX\tPIX\tPIX\tPIX\tPIX\t X \tPIX\tPIX\tPIX\t\t\t\t\nNIC10\tNODE\tNODE\tSYS\tSYS\tNODE\tNODE\tSYS\tSYS\tPIX\tPIX\tPIX\tPIX\tPIX\tPIX\t X \tPIX\tPIX\t\t\t\t\nNIC11\tNODE\tNODE\tSYS\tSYS\tNODE\tNODE\tSYS\tSYS\tPIX\tPIX\tPIX\tPIX\tPIX\tPIX\tPIX\t X \tPIX\t\t\t\t\nNIC12\tNODE\tNODE\tSYS\tSYS\tNODE\tNODE\tSYS\tSYS\tPIX\tPIX\tPIX\tPIX\tPIX\tPIX\tPIX\tPIX\t X \t\t\t\t\n\nLegend:\n\n  X    = Self\n  SYS  = Connection traversing PCIe as well as the SMP interconnect between NUMA nodes (e.g., QPI/UPI)\n  NODE = Connection traversing PCIe as well as the interconnect between PCIe Host Bridges within a NUMA node\n  PHB  = Connection traversing PCIe as well as a PCIe Host Bridge (typically the CPU)\n  PXB  = Connection traversing multiple PCIe bridges (without traversing the PCIe Host Bridge)\n  PIX  = Connection traversing at most a single PCIe bridge\n  NV#  = Connection traversing a bonded set of # NVLinks\n\nNIC Legend:\n\n  NIC0: ibp0\n  NIC1: ibp1\n  NIC2: ibp2\n  NIC3: ibp3\n  NIC4: mlx5_0\n  NIC5: mlx5_1\n  NIC6: mlx5_2\n  NIC7: mlx5_3\n  NIC8: mlx5_4\n  NIC9: mlx5_5\n  NIC10: mlx5_6\n  NIC11: mlx5_7\n  NIC12: mlx5_8"
            }
          }
        },
        "full_coarse_materialized_sequential": {
          "after": {
            "field_errors": {},
            "gpus": [
              {
                "clocks.applications.graphics": "[Requested functionality has been deprecated]",
                "clocks.applications.memory": "[Requested functionality has been deprecated]",
                "clocks.current.graphics": "1950",
                "clocks.current.memory": "3996",
                "clocks.current.sm": "1950",
                "clocks.max.graphics": "2062",
                "clocks.max.memory": "3996",
                "clocks.max.sm": "2062",
                "driver_version": "595.71.05",
                "index": "0",
                "name": "NVIDIA GB200",
                "pci.bus_id": "00000008:01:00.0",
                "persistence_mode": "Enabled",
                "power.draw": "228.47",
                "power.limit": "1200.00",
                "pstate": "P0",
                "temperature.gpu": "36",
                "uuid": "GPU-64efb995-783a-a11a-c868-580e18809080"
              },
              {
                "clocks.applications.graphics": "[Requested functionality has been deprecated]",
                "clocks.applications.memory": "[Requested functionality has been deprecated]",
                "clocks.current.graphics": "1950",
                "clocks.current.memory": "3996",
                "clocks.current.sm": "1950",
                "clocks.max.graphics": "2062",
                "clocks.max.memory": "3996",
                "clocks.max.sm": "2062",
                "driver_version": "595.71.05",
                "index": "1",
                "name": "NVIDIA GB200",
                "pci.bus_id": "00000009:01:00.0",
                "persistence_mode": "Enabled",
                "power.draw": "215.95",
                "power.limit": "1200.00",
                "pstate": "P0",
                "temperature.gpu": "36",
                "uuid": "GPU-84233fbe-ed84-cfff-821c-7acc555c2503"
              },
              {
                "clocks.applications.graphics": "[Requested functionality has been deprecated]",
                "clocks.applications.memory": "[Requested functionality has been deprecated]",
                "clocks.current.graphics": "1950",
                "clocks.current.memory": "3996",
                "clocks.current.sm": "1950",
                "clocks.max.graphics": "2062",
                "clocks.max.memory": "3996",
                "clocks.max.sm": "2062",
                "driver_version": "595.71.05",
                "index": "2",
                "name": "NVIDIA GB200",
                "pci.bus_id": "00000018:01:00.0",
                "persistence_mode": "Enabled",
                "power.draw": "224.57",
                "power.limit": "1200.00",
                "pstate": "P0",
                "temperature.gpu": "36",
                "uuid": "GPU-19bf3c4b-1e4c-1afc-3db0-adf098d28d8b"
              },
              {
                "clocks.applications.graphics": "[Requested functionality has been deprecated]",
                "clocks.applications.memory": "[Requested functionality has been deprecated]",
                "clocks.current.graphics": "1950",
                "clocks.current.memory": "3996",
                "clocks.current.sm": "1950",
                "clocks.max.graphics": "2062",
                "clocks.max.memory": "3996",
                "clocks.max.sm": "2062",
                "driver_version": "595.71.05",
                "index": "3",
                "name": "NVIDIA GB200",
                "pci.bus_id": "00000019:01:00.0",
                "persistence_mode": "Enabled",
                "power.draw": "244.90",
                "power.limit": "1200.00",
                "pstate": "P0",
                "temperature.gpu": "36",
                "uuid": "GPU-14a91ec2-4299-59e4-c682-00a36868d987"
              }
            ],
            "topology": {
              "arguments": [
                "nvidia-smi",
                "topo",
                "-m"
              ],
              "returncode": 0,
              "stderr": "",
              "stdout": "\u001b[4mGPU0\tGPU1\tGPU2\tGPU3\tNIC0\tNIC1\tNIC2\tNIC3\tNIC4\tNIC5\tNIC6\tNIC7\tNIC8\tNIC9\tNIC10\tNIC11\tNIC12\tCPU Affinity\tNUMA Affinity\tGPU NUMA ID\u001b[0m\nGPU0\t X \tNV18\tNV18\tNV18\tNODE\tNODE\tSYS\tSYS\tNODE\tNODE\tNODE\tNODE\tNODE\tNODE\tNODE\tNODE\tNODE\t0-71\t0\t\tN/A\nGPU1\tNV18\t X \tNV18\tNV18\tNODE\tNODE\tSYS\tSYS\tNODE\tNODE\tNODE\tNODE\tNODE\tNODE\tNODE\tNODE\tNODE\t0-71\t0\t\tN/A\nGPU2\tNV18\tNV18\t X \tNV18\tSYS\tSYS\tNODE\tNODE\tSYS\tSYS\tSYS\tSYS\tSYS\tSYS\tSYS\tSYS\tSYS\t72-143\t1\t\tN/A\nGPU3\tNV18\tNV18\tNV18\t X \tSYS\tSYS\tNODE\tNODE\tSYS\tSYS\tSYS\tSYS\tSYS\tSYS\tSYS\tSYS\tSYS\t72-143\t1\t\tN/A\nNIC0\tNODE\tNODE\tSYS\tSYS\t X \tNODE\tSYS\tSYS\tNODE\tNODE\tNODE\tNODE\tNODE\tNODE\tNODE\tNODE\tNODE\t\t\t\t\nNIC1\tNODE\tNODE\tSYS\tSYS\tNODE\t X \tSYS\tSYS\tNODE\tNODE\tNODE\tNODE\tNODE\tNODE\tNODE\tNODE\tNODE\t\t\t\t\nNIC2\tSYS\tSYS\tNODE\tNODE\tSYS\tSYS\t X \tNODE\tSYS\tSYS\tSYS\tSYS\tSYS\tSYS\tSYS\tSYS\tSYS\t\t\t\t\nNIC3\tSYS\tSYS\tNODE\tNODE\tSYS\tSYS\tNODE\t X \tSYS\tSYS\tSYS\tSYS\tSYS\tSYS\tSYS\tSYS\tSYS\t\t\t\t\nNIC4\tNODE\tNODE\tSYS\tSYS\tNODE\tNODE\tSYS\tSYS\t X \tPIX\tPIX\tPIX\tPIX\tPIX\tPIX\tPIX\tPIX\t\t\t\t\nNIC5\tNODE\tNODE\tSYS\tSYS\tNODE\tNODE\tSYS\tSYS\tPIX\t X \tPIX\tPIX\tPIX\tPIX\tPIX\tPIX\tPIX\t\t\t\t\nNIC6\tNODE\tNODE\tSYS\tSYS\tNODE\tNODE\tSYS\tSYS\tPIX\tPIX\t X \tPIX\tPIX\tPIX\tPIX\tPIX\tPIX\t\t\t\t\nNIC7\tNODE\tNODE\tSYS\tSYS\tNODE\tNODE\tSYS\tSYS\tPIX\tPIX\tPIX\t X \tPIX\tPIX\tPIX\tPIX\tPIX\t\t\t\t\nNIC8\tNODE\tNODE\tSYS\tSYS\tNODE\tNODE\tSYS\tSYS\tPIX\tPIX\tPIX\tPIX\t X \tPIX\tPIX\tPIX\tPIX\t\t\t\t\nNIC9\tNODE\tNODE\tSYS\tSYS\tNODE\tNODE\tSYS\tSYS\tPIX\tPIX\tPIX\tPIX\tPIX\t X \tPIX\tPIX\tPIX\t\t\t\t\nNIC10\tNODE\tNODE\tSYS\tSYS\tNODE\tNODE\tSYS\tSYS\tPIX\tPIX\tPIX\tPIX\tPIX\tPIX\t X \tPIX\tPIX\t\t\t\t\nNIC11\tNODE\tNODE\tSYS\tSYS\tNODE\tNODE\tSYS\tSYS\tPIX\tPIX\tPIX\tPIX\tPIX\tPIX\tPIX\t X \tPIX\t\t\t\t\nNIC12\tNODE\tNODE\tSYS\tSYS\tNODE\tNODE\tSYS\tSYS\tPIX\tPIX\tPIX\tPIX\tPIX\tPIX\tPIX\tPIX\t X \t\t\t\t\n\nLegend:\n\n  X    = Self\n  SYS  = Connection traversing PCIe as well as the SMP interconnect between NUMA nodes (e.g., QPI/UPI)\n  NODE = Connection traversing PCIe as well as the interconnect between PCIe Host Bridges within a NUMA node\n  PHB  = Connection traversing PCIe as well as a PCIe Host Bridge (typically the CPU)\n  PXB  = Connection traversing multiple PCIe bridges (without traversing the PCIe Host Bridge)\n  PIX  = Connection traversing at most a single PCIe bridge\n  NV#  = Connection traversing a bonded set of # NVLinks\n\nNIC Legend:\n\n  NIC0: ibp0\n  NIC1: ibp1\n  NIC2: ibp2\n  NIC3: ibp3\n  NIC4: mlx5_0\n  NIC5: mlx5_1\n  NIC6: mlx5_2\n  NIC7: mlx5_3\n  NIC8: mlx5_4\n  NIC9: mlx5_5\n  NIC10: mlx5_6\n  NIC11: mlx5_7\n  NIC12: mlx5_8"
            }
          },
          "before": {
            "field_errors": {},
            "gpus": [
              {
                "clocks.applications.graphics": "[Requested functionality has been deprecated]",
                "clocks.applications.memory": "[Requested functionality has been deprecated]",
                "clocks.current.graphics": "1950",
                "clocks.current.memory": "3996",
                "clocks.current.sm": "1950",
                "clocks.max.graphics": "2062",
                "clocks.max.memory": "3996",
                "clocks.max.sm": "2062",
                "driver_version": "595.71.05",
                "index": "0",
                "name": "NVIDIA GB200",
                "pci.bus_id": "00000008:01:00.0",
                "persistence_mode": "Enabled",
                "power.draw": "212.45",
                "power.limit": "1200.00",
                "pstate": "P0",
                "temperature.gpu": "36",
                "uuid": "GPU-64efb995-783a-a11a-c868-580e18809080"
              },
              {
                "clocks.applications.graphics": "[Requested functionality has been deprecated]",
                "clocks.applications.memory": "[Requested functionality has been deprecated]",
                "clocks.current.graphics": "1950",
                "clocks.current.memory": "3996",
                "clocks.current.sm": "1950",
                "clocks.max.graphics": "2062",
                "clocks.max.memory": "3996",
                "clocks.max.sm": "2062",
                "driver_version": "595.71.05",
                "index": "1",
                "name": "NVIDIA GB200",
                "pci.bus_id": "00000009:01:00.0",
                "persistence_mode": "Enabled",
                "power.draw": "203.40",
                "power.limit": "1200.00",
                "pstate": "P0",
                "temperature.gpu": "36",
                "uuid": "GPU-84233fbe-ed84-cfff-821c-7acc555c2503"
              },
              {
                "clocks.applications.graphics": "[Requested functionality has been deprecated]",
                "clocks.applications.memory": "[Requested functionality has been deprecated]",
                "clocks.current.graphics": "1950",
                "clocks.current.memory": "3996",
                "clocks.current.sm": "1950",
                "clocks.max.graphics": "2062",
                "clocks.max.memory": "3996",
                "clocks.max.sm": "2062",
                "driver_version": "595.71.05",
                "index": "2",
                "name": "NVIDIA GB200",
                "pci.bus_id": "00000018:01:00.0",
                "persistence_mode": "Enabled",
                "power.draw": "207.58",
                "power.limit": "1200.00",
                "pstate": "P0",
                "temperature.gpu": "36",
                "uuid": "GPU-19bf3c4b-1e4c-1afc-3db0-adf098d28d8b"
              },
              {
                "clocks.applications.graphics": "[Requested functionality has been deprecated]",
                "clocks.applications.memory": "[Requested functionality has been deprecated]",
                "clocks.current.graphics": "1950",
                "clocks.current.memory": "3996",
                "clocks.current.sm": "1950",
                "clocks.max.graphics": "2062",
                "clocks.max.memory": "3996",
                "clocks.max.sm": "2062",
                "driver_version": "595.71.05",
                "index": "3",
                "name": "NVIDIA GB200",
                "pci.bus_id": "00000019:01:00.0",
                "persistence_mode": "Enabled",
                "power.draw": "229.59",
                "power.limit": "1200.00",
                "pstate": "P0",
                "temperature.gpu": "36",
                "uuid": "GPU-14a91ec2-4299-59e4-c682-00a36868d987"
              }
            ],
            "topology": {
              "arguments": [
                "nvidia-smi",
                "topo",
                "-m"
              ],
              "returncode": 0,
              "stderr": "",
              "stdout": "\u001b[4mGPU0\tGPU1\tGPU2\tGPU3\tNIC0\tNIC1\tNIC2\tNIC3\tNIC4\tNIC5\tNIC6\tNIC7\tNIC8\tNIC9\tNIC10\tNIC11\tNIC12\tCPU Affinity\tNUMA Affinity\tGPU NUMA ID\u001b[0m\nGPU0\t X \tNV18\tNV18\tNV18\tNODE\tNODE\tSYS\tSYS\tNODE\tNODE\tNODE\tNODE\tNODE\tNODE\tNODE\tNODE\tNODE\t0-71\t0\t\tN/A\nGPU1\tNV18\t X \tNV18\tNV18\tNODE\tNODE\tSYS\tSYS\tNODE\tNODE\tNODE\tNODE\tNODE\tNODE\tNODE\tNODE\tNODE\t0-71\t0\t\tN/A\nGPU2\tNV18\tNV18\t X \tNV18\tSYS\tSYS\tNODE\tNODE\tSYS\tSYS\tSYS\tSYS\tSYS\tSYS\tSYS\tSYS\tSYS\t72-143\t1\t\tN/A\nGPU3\tNV18\tNV18\tNV18\t X \tSYS\tSYS\tNODE\tNODE\tSYS\tSYS\tSYS\tSYS\tSYS\tSYS\tSYS\tSYS\tSYS\t72-143\t1\t\tN/A\nNIC0\tNODE\tNODE\tSYS\tSYS\t X \tNODE\tSYS\tSYS\tNODE\tNODE\tNODE\tNODE\tNODE\tNODE\tNODE\tNODE\tNODE\t\t\t\t\nNIC1\tNODE\tNODE\tSYS\tSYS\tNODE\t X \tSYS\tSYS\tNODE\tNODE\tNODE\tNODE\tNODE\tNODE\tNODE\tNODE\tNODE\t\t\t\t\nNIC2\tSYS\tSYS\tNODE\tNODE\tSYS\tSYS\t X \tNODE\tSYS\tSYS\tSYS\tSYS\tSYS\tSYS\tSYS\tSYS\tSYS\t\t\t\t\nNIC3\tSYS\tSYS\tNODE\tNODE\tSYS\tSYS\tNODE\t X \tSYS\tSYS\tSYS\tSYS\tSYS\tSYS\tSYS\tSYS\tSYS\t\t\t\t\nNIC4\tNODE\tNODE\tSYS\tSYS\tNODE\tNODE\tSYS\tSYS\t X \tPIX\tPIX\tPIX\tPIX\tPIX\tPIX\tPIX\tPIX\t\t\t\t\nNIC5\tNODE\tNODE\tSYS\tSYS\tNODE\tNODE\tSYS\tSYS\tPIX\t X \tPIX\tPIX\tPIX\tPIX\tPIX\tPIX\tPIX\t\t\t\t\nNIC6\tNODE\tNODE\tSYS\tSYS\tNODE\tNODE\tSYS\tSYS\tPIX\tPIX\t X \tPIX\tPIX\tPIX\tPIX\tPIX\tPIX\t\t\t\t\nNIC7\tNODE\tNODE\tSYS\tSYS\tNODE\tNODE\tSYS\tSYS\tPIX\tPIX\tPIX\t X \tPIX\tPIX\tPIX\tPIX\tPIX\t\t\t\t\nNIC8\tNODE\tNODE\tSYS\tSYS\tNODE\tNODE\tSYS\tSYS\tPIX\tPIX\tPIX\tPIX\t X \tPIX\tPIX\tPIX\tPIX\t\t\t\t\nNIC9\tNODE\tNODE\tSYS\tSYS\tNODE\tNODE\tSYS\tSYS\tPIX\tPIX\tPIX\tPIX\tPIX\t X \tPIX\tPIX\tPIX\t\t\t\t\nNIC10\tNODE\tNODE\tSYS\tSYS\tNODE\tNODE\tSYS\tSYS\tPIX\tPIX\tPIX\tPIX\tPIX\tPIX\t X \tPIX\tPIX\t\t\t\t\nNIC11\tNODE\tNODE\tSYS\tSYS\tNODE\tNODE\tSYS\tSYS\tPIX\tPIX\tPIX\tPIX\tPIX\tPIX\tPIX\t X \tPIX\t\t\t\t\nNIC12\tNODE\tNODE\tSYS\tSYS\tNODE\tNODE\tSYS\tSYS\tPIX\tPIX\tPIX\tPIX\tPIX\tPIX\tPIX\tPIX\t X \t\t\t\t\n\nLegend:\n\n  X    = Self\n  SYS  = Connection traversing PCIe as well as the SMP interconnect between NUMA nodes (e.g., QPI/UPI)\n  NODE = Connection traversing PCIe as well as the interconnect between PCIe Host Bridges within a NUMA node\n  PHB  = Connection traversing PCIe as well as a PCIe Host Bridge (typically the CPU)\n  PXB  = Connection traversing multiple PCIe bridges (without traversing the PCIe Host Bridge)\n  PIX  = Connection traversing at most a single PCIe bridge\n  NV#  = Connection traversing a bonded set of # NVLinks\n\nNIC Legend:\n\n  NIC0: ibp0\n  NIC1: ibp1\n  NIC2: ibp2\n  NIC3: ibp3\n  NIC4: mlx5_0\n  NIC5: mlx5_1\n  NIC6: mlx5_2\n  NIC7: mlx5_3\n  NIC8: mlx5_4\n  NIC9: mlx5_5\n  NIC10: mlx5_6\n  NIC11: mlx5_7\n  NIC12: mlx5_8"
            }
          }
        },
        "full_generated_overlap_shared_with_async_dispatch": {
          "after": {
            "field_errors": {},
            "gpus": [
              {
                "clocks.applications.graphics": "[Requested functionality has been deprecated]",
                "clocks.applications.memory": "[Requested functionality has been deprecated]",
                "clocks.current.graphics": "1950",
                "clocks.current.memory": "3996",
                "clocks.current.sm": "1950",
                "clocks.max.graphics": "2062",
                "clocks.max.memory": "3996",
                "clocks.max.sm": "2062",
                "driver_version": "595.71.05",
                "index": "0",
                "name": "NVIDIA GB200",
                "pci.bus_id": "00000008:01:00.0",
                "persistence_mode": "Enabled",
                "power.draw": "227.45",
                "power.limit": "1200.00",
                "pstate": "P0",
                "temperature.gpu": "36",
                "uuid": "GPU-64efb995-783a-a11a-c868-580e18809080"
              },
              {
                "clocks.applications.graphics": "[Requested functionality has been deprecated]",
                "clocks.applications.memory": "[Requested functionality has been deprecated]",
                "clocks.current.graphics": "1950",
                "clocks.current.memory": "3996",
                "clocks.current.sm": "1950",
                "clocks.max.graphics": "2062",
                "clocks.max.memory": "3996",
                "clocks.max.sm": "2062",
                "driver_version": "595.71.05",
                "index": "1",
                "name": "NVIDIA GB200",
                "pci.bus_id": "00000009:01:00.0",
                "persistence_mode": "Enabled",
                "power.draw": "215.73",
                "power.limit": "1200.00",
                "pstate": "P0",
                "temperature.gpu": "36",
                "uuid": "GPU-84233fbe-ed84-cfff-821c-7acc555c2503"
              },
              {
                "clocks.applications.graphics": "[Requested functionality has been deprecated]",
                "clocks.applications.memory": "[Requested functionality has been deprecated]",
                "clocks.current.graphics": "1950",
                "clocks.current.memory": "3996",
                "clocks.current.sm": "1950",
                "clocks.max.graphics": "2062",
                "clocks.max.memory": "3996",
                "clocks.max.sm": "2062",
                "driver_version": "595.71.05",
                "index": "2",
                "name": "NVIDIA GB200",
                "pci.bus_id": "00000018:01:00.0",
                "persistence_mode": "Enabled",
                "power.draw": "222.90",
                "power.limit": "1200.00",
                "pstate": "P0",
                "temperature.gpu": "36",
                "uuid": "GPU-19bf3c4b-1e4c-1afc-3db0-adf098d28d8b"
              },
              {
                "clocks.applications.graphics": "[Requested functionality has been deprecated]",
                "clocks.applications.memory": "[Requested functionality has been deprecated]",
                "clocks.current.graphics": "1950",
                "clocks.current.memory": "3996",
                "clocks.current.sm": "1950",
                "clocks.max.graphics": "2062",
                "clocks.max.memory": "3996",
                "clocks.max.sm": "2062",
                "driver_version": "595.71.05",
                "index": "3",
                "name": "NVIDIA GB200",
                "pci.bus_id": "00000019:01:00.0",
                "persistence_mode": "Enabled",
                "power.draw": "245.51",
                "power.limit": "1200.00",
                "pstate": "P0",
                "temperature.gpu": "36",
                "uuid": "GPU-14a91ec2-4299-59e4-c682-00a36868d987"
              }
            ],
            "topology": {
              "arguments": [
                "nvidia-smi",
                "topo",
                "-m"
              ],
              "returncode": 0,
              "stderr": "",
              "stdout": "\u001b[4mGPU0\tGPU1\tGPU2\tGPU3\tNIC0\tNIC1\tNIC2\tNIC3\tNIC4\tNIC5\tNIC6\tNIC7\tNIC8\tNIC9\tNIC10\tNIC11\tNIC12\tCPU Affinity\tNUMA Affinity\tGPU NUMA ID\u001b[0m\nGPU0\t X \tNV18\tNV18\tNV18\tNODE\tNODE\tSYS\tSYS\tNODE\tNODE\tNODE\tNODE\tNODE\tNODE\tNODE\tNODE\tNODE\t0-71\t0\t\tN/A\nGPU1\tNV18\t X \tNV18\tNV18\tNODE\tNODE\tSYS\tSYS\tNODE\tNODE\tNODE\tNODE\tNODE\tNODE\tNODE\tNODE\tNODE\t0-71\t0\t\tN/A\nGPU2\tNV18\tNV18\t X \tNV18\tSYS\tSYS\tNODE\tNODE\tSYS\tSYS\tSYS\tSYS\tSYS\tSYS\tSYS\tSYS\tSYS\t72-143\t1\t\tN/A\nGPU3\tNV18\tNV18\tNV18\t X \tSYS\tSYS\tNODE\tNODE\tSYS\tSYS\tSYS\tSYS\tSYS\tSYS\tSYS\tSYS\tSYS\t72-143\t1\t\tN/A\nNIC0\tNODE\tNODE\tSYS\tSYS\t X \tNODE\tSYS\tSYS\tNODE\tNODE\tNODE\tNODE\tNODE\tNODE\tNODE\tNODE\tNODE\t\t\t\t\nNIC1\tNODE\tNODE\tSYS\tSYS\tNODE\t X \tSYS\tSYS\tNODE\tNODE\tNODE\tNODE\tNODE\tNODE\tNODE\tNODE\tNODE\t\t\t\t\nNIC2\tSYS\tSYS\tNODE\tNODE\tSYS\tSYS\t X \tNODE\tSYS\tSYS\tSYS\tSYS\tSYS\tSYS\tSYS\tSYS\tSYS\t\t\t\t\nNIC3\tSYS\tSYS\tNODE\tNODE\tSYS\tSYS\tNODE\t X \tSYS\tSYS\tSYS\tSYS\tSYS\tSYS\tSYS\tSYS\tSYS\t\t\t\t\nNIC4\tNODE\tNODE\tSYS\tSYS\tNODE\tNODE\tSYS\tSYS\t X \tPIX\tPIX\tPIX\tPIX\tPIX\tPIX\tPIX\tPIX\t\t\t\t\nNIC5\tNODE\tNODE\tSYS\tSYS\tNODE\tNODE\tSYS\tSYS\tPIX\t X \tPIX\tPIX\tPIX\tPIX\tPIX\tPIX\tPIX\t\t\t\t\nNIC6\tNODE\tNODE\tSYS\tSYS\tNODE\tNODE\tSYS\tSYS\tPIX\tPIX\t X \tPIX\tPIX\tPIX\tPIX\tPIX\tPIX\t\t\t\t\nNIC7\tNODE\tNODE\tSYS\tSYS\tNODE\tNODE\tSYS\tSYS\tPIX\tPIX\tPIX\t X \tPIX\tPIX\tPIX\tPIX\tPIX\t\t\t\t\nNIC8\tNODE\tNODE\tSYS\tSYS\tNODE\tNODE\tSYS\tSYS\tPIX\tPIX\tPIX\tPIX\t X \tPIX\tPIX\tPIX\tPIX\t\t\t\t\nNIC9\tNODE\tNODE\tSYS\tSYS\tNODE\tNODE\tSYS\tSYS\tPIX\tPIX\tPIX\tPIX\tPIX\t X \tPIX\tPIX\tPIX\t\t\t\t\nNIC10\tNODE\tNODE\tSYS\tSYS\tNODE\tNODE\tSYS\tSYS\tPIX\tPIX\tPIX\tPIX\tPIX\tPIX\t X \tPIX\tPIX\t\t\t\t\nNIC11\tNODE\tNODE\tSYS\tSYS\tNODE\tNODE\tSYS\tSYS\tPIX\tPIX\tPIX\tPIX\tPIX\tPIX\tPIX\t X \tPIX\t\t\t\t\nNIC12\tNODE\tNODE\tSYS\tSYS\tNODE\tNODE\tSYS\tSYS\tPIX\tPIX\tPIX\tPIX\tPIX\tPIX\tPIX\tPIX\t X \t\t\t\t\n\nLegend:\n\n  X    = Self\n  SYS  = Connection traversing PCIe as well as the SMP interconnect between NUMA nodes (e.g., QPI/UPI)\n  NODE = Connection traversing PCIe as well as the interconnect between PCIe Host Bridges within a NUMA node\n  PHB  = Connection traversing PCIe as well as a PCIe Host Bridge (typically the CPU)\n  PXB  = Connection traversing multiple PCIe bridges (without traversing the PCIe Host Bridge)\n  PIX  = Connection traversing at most a single PCIe bridge\n  NV#  = Connection traversing a bonded set of # NVLinks\n\nNIC Legend:\n\n  NIC0: ibp0\n  NIC1: ibp1\n  NIC2: ibp2\n  NIC3: ibp3\n  NIC4: mlx5_0\n  NIC5: mlx5_1\n  NIC6: mlx5_2\n  NIC7: mlx5_3\n  NIC8: mlx5_4\n  NIC9: mlx5_5\n  NIC10: mlx5_6\n  NIC11: mlx5_7\n  NIC12: mlx5_8"
            }
          },
          "before": {
            "field_errors": {},
            "gpus": [
              {
                "clocks.applications.graphics": "[Requested functionality has been deprecated]",
                "clocks.applications.memory": "[Requested functionality has been deprecated]",
                "clocks.current.graphics": "1950",
                "clocks.current.memory": "3996",
                "clocks.current.sm": "1950",
                "clocks.max.graphics": "2062",
                "clocks.max.memory": "3996",
                "clocks.max.sm": "2062",
                "driver_version": "595.71.05",
                "index": "0",
                "name": "NVIDIA GB200",
                "pci.bus_id": "00000008:01:00.0",
                "persistence_mode": "Enabled",
                "power.draw": "212.52",
                "power.limit": "1200.00",
                "pstate": "P0",
                "temperature.gpu": "36",
                "uuid": "GPU-64efb995-783a-a11a-c868-580e18809080"
              },
              {
                "clocks.applications.graphics": "[Requested functionality has been deprecated]",
                "clocks.applications.memory": "[Requested functionality has been deprecated]",
                "clocks.current.graphics": "1950",
                "clocks.current.memory": "3996",
                "clocks.current.sm": "1950",
                "clocks.max.graphics": "2062",
                "clocks.max.memory": "3996",
                "clocks.max.sm": "2062",
                "driver_version": "595.71.05",
                "index": "1",
                "name": "NVIDIA GB200",
                "pci.bus_id": "00000009:01:00.0",
                "persistence_mode": "Enabled",
                "power.draw": "204.64",
                "power.limit": "1200.00",
                "pstate": "P0",
                "temperature.gpu": "36",
                "uuid": "GPU-84233fbe-ed84-cfff-821c-7acc555c2503"
              },
              {
                "clocks.applications.graphics": "[Requested functionality has been deprecated]",
                "clocks.applications.memory": "[Requested functionality has been deprecated]",
                "clocks.current.graphics": "1950",
                "clocks.current.memory": "3996",
                "clocks.current.sm": "1950",
                "clocks.max.graphics": "2062",
                "clocks.max.memory": "3996",
                "clocks.max.sm": "2062",
                "driver_version": "595.71.05",
                "index": "2",
                "name": "NVIDIA GB200",
                "pci.bus_id": "00000018:01:00.0",
                "persistence_mode": "Enabled",
                "power.draw": "208.44",
                "power.limit": "1200.00",
                "pstate": "P0",
                "temperature.gpu": "36",
                "uuid": "GPU-19bf3c4b-1e4c-1afc-3db0-adf098d28d8b"
              },
              {
                "clocks.applications.graphics": "[Requested functionality has been deprecated]",
                "clocks.applications.memory": "[Requested functionality has been deprecated]",
                "clocks.current.graphics": "1950",
                "clocks.current.memory": "3996",
                "clocks.current.sm": "1950",
                "clocks.max.graphics": "2062",
                "clocks.max.memory": "3996",
                "clocks.max.sm": "2062",
                "driver_version": "595.71.05",
                "index": "3",
                "name": "NVIDIA GB200",
                "pci.bus_id": "00000019:01:00.0",
                "persistence_mode": "Enabled",
                "power.draw": "230.05",
                "power.limit": "1200.00",
                "pstate": "P0",
                "temperature.gpu": "36",
                "uuid": "GPU-14a91ec2-4299-59e4-c682-00a36868d987"
              }
            ],
            "topology": {
              "arguments": [
                "nvidia-smi",
                "topo",
                "-m"
              ],
              "returncode": 0,
              "stderr": "",
              "stdout": "\u001b[4mGPU0\tGPU1\tGPU2\tGPU3\tNIC0\tNIC1\tNIC2\tNIC3\tNIC4\tNIC5\tNIC6\tNIC7\tNIC8\tNIC9\tNIC10\tNIC11\tNIC12\tCPU Affinity\tNUMA Affinity\tGPU NUMA ID\u001b[0m\nGPU0\t X \tNV18\tNV18\tNV18\tNODE\tNODE\tSYS\tSYS\tNODE\tNODE\tNODE\tNODE\tNODE\tNODE\tNODE\tNODE\tNODE\t0-71\t0\t\tN/A\nGPU1\tNV18\t X \tNV18\tNV18\tNODE\tNODE\tSYS\tSYS\tNODE\tNODE\tNODE\tNODE\tNODE\tNODE\tNODE\tNODE\tNODE\t0-71\t0\t\tN/A\nGPU2\tNV18\tNV18\t X \tNV18\tSYS\tSYS\tNODE\tNODE\tSYS\tSYS\tSYS\tSYS\tSYS\tSYS\tSYS\tSYS\tSYS\t72-143\t1\t\tN/A\nGPU3\tNV18\tNV18\tNV18\t X \tSYS\tSYS\tNODE\tNODE\tSYS\tSYS\tSYS\tSYS\tSYS\tSYS\tSYS\tSYS\tSYS\t72-143\t1\t\tN/A\nNIC0\tNODE\tNODE\tSYS\tSYS\t X \tNODE\tSYS\tSYS\tNODE\tNODE\tNODE\tNODE\tNODE\tNODE\tNODE\tNODE\tNODE\t\t\t\t\nNIC1\tNODE\tNODE\tSYS\tSYS\tNODE\t X \tSYS\tSYS\tNODE\tNODE\tNODE\tNODE\tNODE\tNODE\tNODE\tNODE\tNODE\t\t\t\t\nNIC2\tSYS\tSYS\tNODE\tNODE\tSYS\tSYS\t X \tNODE\tSYS\tSYS\tSYS\tSYS\tSYS\tSYS\tSYS\tSYS\tSYS\t\t\t\t\nNIC3\tSYS\tSYS\tNODE\tNODE\tSYS\tSYS\tNODE\t X \tSYS\tSYS\tSYS\tSYS\tSYS\tSYS\tSYS\tSYS\tSYS\t\t\t\t\nNIC4\tNODE\tNODE\tSYS\tSYS\tNODE\tNODE\tSYS\tSYS\t X \tPIX\tPIX\tPIX\tPIX\tPIX\tPIX\tPIX\tPIX\t\t\t\t\nNIC5\tNODE\tNODE\tSYS\tSYS\tNODE\tNODE\tSYS\tSYS\tPIX\t X \tPIX\tPIX\tPIX\tPIX\tPIX\tPIX\tPIX\t\t\t\t\nNIC6\tNODE\tNODE\tSYS\tSYS\tNODE\tNODE\tSYS\tSYS\tPIX\tPIX\t X \tPIX\tPIX\tPIX\tPIX\tPIX\tPIX\t\t\t\t\nNIC7\tNODE\tNODE\tSYS\tSYS\tNODE\tNODE\tSYS\tSYS\tPIX\tPIX\tPIX\t X \tPIX\tPIX\tPIX\tPIX\tPIX\t\t\t\t\nNIC8\tNODE\tNODE\tSYS\tSYS\tNODE\tNODE\tSYS\tSYS\tPIX\tPIX\tPIX\tPIX\t X \tPIX\tPIX\tPIX\tPIX\t\t\t\t\nNIC9\tNODE\tNODE\tSYS\tSYS\tNODE\tNODE\tSYS\tSYS\tPIX\tPIX\tPIX\tPIX\tPIX\t X \tPIX\tPIX\tPIX\t\t\t\t\nNIC10\tNODE\tNODE\tSYS\tSYS\tNODE\tNODE\tSYS\tSYS\tPIX\tPIX\tPIX\tPIX\tPIX\tPIX\t X \tPIX\tPIX\t\t\t\t\nNIC11\tNODE\tNODE\tSYS\tSYS\tNODE\tNODE\tSYS\tSYS\tPIX\tPIX\tPIX\tPIX\tPIX\tPIX\tPIX\t X \tPIX\t\t\t\t\nNIC12\tNODE\tNODE\tSYS\tSYS\tNODE\tNODE\tSYS\tSYS\tPIX\tPIX\tPIX\tPIX\tPIX\tPIX\tPIX\tPIX\t X \t\t\t\t\n\nLegend:\n\n  X    = Self\n  SYS  = Connection traversing PCIe as well as the SMP interconnect between NUMA nodes (e.g., QPI/UPI)\n  NODE = Connection traversing PCIe as well as the interconnect between PCIe Host Bridges within a NUMA node\n  PHB  = Connection traversing PCIe as well as a PCIe Host Bridge (typically the CPU)\n  PXB  = Connection traversing multiple PCIe bridges (without traversing the PCIe Host Bridge)\n  PIX  = Connection traversing at most a single PCIe bridge\n  NV#  = Connection traversing a bonded set of # NVLinks\n\nNIC Legend:\n\n  NIC0: ibp0\n  NIC1: ibp1\n  NIC2: ibp2\n  NIC3: ibp3\n  NIC4: mlx5_0\n  NIC5: mlx5_1\n  NIC6: mlx5_2\n  NIC7: mlx5_3\n  NIC8: mlx5_4\n  NIC9: mlx5_5\n  NIC10: mlx5_6\n  NIC11: mlx5_7\n  NIC12: mlx5_8"
            }
          }
        },
        "full_generated_sequential": {
          "after": {
            "field_errors": {},
            "gpus": [
              {
                "clocks.applications.graphics": "[Requested functionality has been deprecated]",
                "clocks.applications.memory": "[Requested functionality has been deprecated]",
                "clocks.current.graphics": "1950",
                "clocks.current.memory": "3996",
                "clocks.current.sm": "1950",
                "clocks.max.graphics": "2062",
                "clocks.max.memory": "3996",
                "clocks.max.sm": "2062",
                "driver_version": "595.71.05",
                "index": "0",
                "name": "NVIDIA GB200",
                "pci.bus_id": "00000008:01:00.0",
                "persistence_mode": "Enabled",
                "power.draw": "226.18",
                "power.limit": "1200.00",
                "pstate": "P0",
                "temperature.gpu": "36",
                "uuid": "GPU-64efb995-783a-a11a-c868-580e18809080"
              },
              {
                "clocks.applications.graphics": "[Requested functionality has been deprecated]",
                "clocks.applications.memory": "[Requested functionality has been deprecated]",
                "clocks.current.graphics": "1950",
                "clocks.current.memory": "3996",
                "clocks.current.sm": "1950",
                "clocks.max.graphics": "2062",
                "clocks.max.memory": "3996",
                "clocks.max.sm": "2062",
                "driver_version": "595.71.05",
                "index": "1",
                "name": "NVIDIA GB200",
                "pci.bus_id": "00000009:01:00.0",
                "persistence_mode": "Enabled",
                "power.draw": "217.24",
                "power.limit": "1200.00",
                "pstate": "P0",
                "temperature.gpu": "36",
                "uuid": "GPU-84233fbe-ed84-cfff-821c-7acc555c2503"
              },
              {
                "clocks.applications.graphics": "[Requested functionality has been deprecated]",
                "clocks.applications.memory": "[Requested functionality has been deprecated]",
                "clocks.current.graphics": "1950",
                "clocks.current.memory": "3996",
                "clocks.current.sm": "1950",
                "clocks.max.graphics": "2062",
                "clocks.max.memory": "3996",
                "clocks.max.sm": "2062",
                "driver_version": "595.71.05",
                "index": "2",
                "name": "NVIDIA GB200",
                "pci.bus_id": "00000018:01:00.0",
                "persistence_mode": "Enabled",
                "power.draw": "223.21",
                "power.limit": "1200.00",
                "pstate": "P0",
                "temperature.gpu": "36",
                "uuid": "GPU-19bf3c4b-1e4c-1afc-3db0-adf098d28d8b"
              },
              {
                "clocks.applications.graphics": "[Requested functionality has been deprecated]",
                "clocks.applications.memory": "[Requested functionality has been deprecated]",
                "clocks.current.graphics": "1950",
                "clocks.current.memory": "3996",
                "clocks.current.sm": "1950",
                "clocks.max.graphics": "2062",
                "clocks.max.memory": "3996",
                "clocks.max.sm": "2062",
                "driver_version": "595.71.05",
                "index": "3",
                "name": "NVIDIA GB200",
                "pci.bus_id": "00000019:01:00.0",
                "persistence_mode": "Enabled",
                "power.draw": "243.15",
                "power.limit": "1200.00",
                "pstate": "P0",
                "temperature.gpu": "36",
                "uuid": "GPU-14a91ec2-4299-59e4-c682-00a36868d987"
              }
            ],
            "topology": {
              "arguments": [
                "nvidia-smi",
                "topo",
                "-m"
              ],
              "returncode": 0,
              "stderr": "",
              "stdout": "\u001b[4mGPU0\tGPU1\tGPU2\tGPU3\tNIC0\tNIC1\tNIC2\tNIC3\tNIC4\tNIC5\tNIC6\tNIC7\tNIC8\tNIC9\tNIC10\tNIC11\tNIC12\tCPU Affinity\tNUMA Affinity\tGPU NUMA ID\u001b[0m\nGPU0\t X \tNV18\tNV18\tNV18\tNODE\tNODE\tSYS\tSYS\tNODE\tNODE\tNODE\tNODE\tNODE\tNODE\tNODE\tNODE\tNODE\t0-71\t0\t\tN/A\nGPU1\tNV18\t X \tNV18\tNV18\tNODE\tNODE\tSYS\tSYS\tNODE\tNODE\tNODE\tNODE\tNODE\tNODE\tNODE\tNODE\tNODE\t0-71\t0\t\tN/A\nGPU2\tNV18\tNV18\t X \tNV18\tSYS\tSYS\tNODE\tNODE\tSYS\tSYS\tSYS\tSYS\tSYS\tSYS\tSYS\tSYS\tSYS\t72-143\t1\t\tN/A\nGPU3\tNV18\tNV18\tNV18\t X \tSYS\tSYS\tNODE\tNODE\tSYS\tSYS\tSYS\tSYS\tSYS\tSYS\tSYS\tSYS\tSYS\t72-143\t1\t\tN/A\nNIC0\tNODE\tNODE\tSYS\tSYS\t X \tNODE\tSYS\tSYS\tNODE\tNODE\tNODE\tNODE\tNODE\tNODE\tNODE\tNODE\tNODE\t\t\t\t\nNIC1\tNODE\tNODE\tSYS\tSYS\tNODE\t X \tSYS\tSYS\tNODE\tNODE\tNODE\tNODE\tNODE\tNODE\tNODE\tNODE\tNODE\t\t\t\t\nNIC2\tSYS\tSYS\tNODE\tNODE\tSYS\tSYS\t X \tNODE\tSYS\tSYS\tSYS\tSYS\tSYS\tSYS\tSYS\tSYS\tSYS\t\t\t\t\nNIC3\tSYS\tSYS\tNODE\tNODE\tSYS\tSYS\tNODE\t X \tSYS\tSYS\tSYS\tSYS\tSYS\tSYS\tSYS\tSYS\tSYS\t\t\t\t\nNIC4\tNODE\tNODE\tSYS\tSYS\tNODE\tNODE\tSYS\tSYS\t X \tPIX\tPIX\tPIX\tPIX\tPIX\tPIX\tPIX\tPIX\t\t\t\t\nNIC5\tNODE\tNODE\tSYS\tSYS\tNODE\tNODE\tSYS\tSYS\tPIX\t X \tPIX\tPIX\tPIX\tPIX\tPIX\tPIX\tPIX\t\t\t\t\nNIC6\tNODE\tNODE\tSYS\tSYS\tNODE\tNODE\tSYS\tSYS\tPIX\tPIX\t X \tPIX\tPIX\tPIX\tPIX\tPIX\tPIX\t\t\t\t\nNIC7\tNODE\tNODE\tSYS\tSYS\tNODE\tNODE\tSYS\tSYS\tPIX\tPIX\tPIX\t X \tPIX\tPIX\tPIX\tPIX\tPIX\t\t\t\t\nNIC8\tNODE\tNODE\tSYS\tSYS\tNODE\tNODE\tSYS\tSYS\tPIX\tPIX\tPIX\tPIX\t X \tPIX\tPIX\tPIX\tPIX\t\t\t\t\nNIC9\tNODE\tNODE\tSYS\tSYS\tNODE\tNODE\tSYS\tSYS\tPIX\tPIX\tPIX\tPIX\tPIX\t X \tPIX\tPIX\tPIX\t\t\t\t\nNIC10\tNODE\tNODE\tSYS\tSYS\tNODE\tNODE\tSYS\tSYS\tPIX\tPIX\tPIX\tPIX\tPIX\tPIX\t X \tPIX\tPIX\t\t\t\t\nNIC11\tNODE\tNODE\tSYS\tSYS\tNODE\tNODE\tSYS\tSYS\tPIX\tPIX\tPIX\tPIX\tPIX\tPIX\tPIX\t X \tPIX\t\t\t\t\nNIC12\tNODE\tNODE\tSYS\tSYS\tNODE\tNODE\tSYS\tSYS\tPIX\tPIX\tPIX\tPIX\tPIX\tPIX\tPIX\tPIX\t X \t\t\t\t\n\nLegend:\n\n  X    = Self\n  SYS  = Connection traversing PCIe as well as the SMP interconnect between NUMA nodes (e.g., QPI/UPI)\n  NODE = Connection traversing PCIe as well as the interconnect between PCIe Host Bridges within a NUMA node\n  PHB  = Connection traversing PCIe as well as a PCIe Host Bridge (typically the CPU)\n  PXB  = Connection traversing multiple PCIe bridges (without traversing the PCIe Host Bridge)\n  PIX  = Connection traversing at most a single PCIe bridge\n  NV#  = Connection traversing a bonded set of # NVLinks\n\nNIC Legend:\n\n  NIC0: ibp0\n  NIC1: ibp1\n  NIC2: ibp2\n  NIC3: ibp3\n  NIC4: mlx5_0\n  NIC5: mlx5_1\n  NIC6: mlx5_2\n  NIC7: mlx5_3\n  NIC8: mlx5_4\n  NIC9: mlx5_5\n  NIC10: mlx5_6\n  NIC11: mlx5_7\n  NIC12: mlx5_8"
            }
          },
          "before": {
            "field_errors": {},
            "gpus": [
              {
                "clocks.applications.graphics": "[Requested functionality has been deprecated]",
                "clocks.applications.memory": "[Requested functionality has been deprecated]",
                "clocks.current.graphics": "1950",
                "clocks.current.memory": "3996",
                "clocks.current.sm": "1950",
                "clocks.max.graphics": "2062",
                "clocks.max.memory": "3996",
                "clocks.max.sm": "2062",
                "driver_version": "595.71.05",
                "index": "0",
                "name": "NVIDIA GB200",
                "pci.bus_id": "00000008:01:00.0",
                "persistence_mode": "Enabled",
                "power.draw": "212.38",
                "power.limit": "1200.00",
                "pstate": "P0",
                "temperature.gpu": "36",
                "uuid": "GPU-64efb995-783a-a11a-c868-580e18809080"
              },
              {
                "clocks.applications.graphics": "[Requested functionality has been deprecated]",
                "clocks.applications.memory": "[Requested functionality has been deprecated]",
                "clocks.current.graphics": "1950",
                "clocks.current.memory": "3996",
                "clocks.current.sm": "1950",
                "clocks.max.graphics": "2062",
                "clocks.max.memory": "3996",
                "clocks.max.sm": "2062",
                "driver_version": "595.71.05",
                "index": "1",
                "name": "NVIDIA GB200",
                "pci.bus_id": "00000009:01:00.0",
                "persistence_mode": "Enabled",
                "power.draw": "203.60",
                "power.limit": "1200.00",
                "pstate": "P0",
                "temperature.gpu": "36",
                "uuid": "GPU-84233fbe-ed84-cfff-821c-7acc555c2503"
              },
              {
                "clocks.applications.graphics": "[Requested functionality has been deprecated]",
                "clocks.applications.memory": "[Requested functionality has been deprecated]",
                "clocks.current.graphics": "1950",
                "clocks.current.memory": "3996",
                "clocks.current.sm": "1950",
                "clocks.max.graphics": "2062",
                "clocks.max.memory": "3996",
                "clocks.max.sm": "2062",
                "driver_version": "595.71.05",
                "index": "2",
                "name": "NVIDIA GB200",
                "pci.bus_id": "00000018:01:00.0",
                "persistence_mode": "Enabled",
                "power.draw": "207.81",
                "power.limit": "1200.00",
                "pstate": "P0",
                "temperature.gpu": "36",
                "uuid": "GPU-19bf3c4b-1e4c-1afc-3db0-adf098d28d8b"
              },
              {
                "clocks.applications.graphics": "[Requested functionality has been deprecated]",
                "clocks.applications.memory": "[Requested functionality has been deprecated]",
                "clocks.current.graphics": "1950",
                "clocks.current.memory": "3996",
                "clocks.current.sm": "1950",
                "clocks.max.graphics": "2062",
                "clocks.max.memory": "3996",
                "clocks.max.sm": "2062",
                "driver_version": "595.71.05",
                "index": "3",
                "name": "NVIDIA GB200",
                "pci.bus_id": "00000019:01:00.0",
                "persistence_mode": "Enabled",
                "power.draw": "230.01",
                "power.limit": "1200.00",
                "pstate": "P0",
                "temperature.gpu": "36",
                "uuid": "GPU-14a91ec2-4299-59e4-c682-00a36868d987"
              }
            ],
            "topology": {
              "arguments": [
                "nvidia-smi",
                "topo",
                "-m"
              ],
              "returncode": 0,
              "stderr": "",
              "stdout": "\u001b[4mGPU0\tGPU1\tGPU2\tGPU3\tNIC0\tNIC1\tNIC2\tNIC3\tNIC4\tNIC5\tNIC6\tNIC7\tNIC8\tNIC9\tNIC10\tNIC11\tNIC12\tCPU Affinity\tNUMA Affinity\tGPU NUMA ID\u001b[0m\nGPU0\t X \tNV18\tNV18\tNV18\tNODE\tNODE\tSYS\tSYS\tNODE\tNODE\tNODE\tNODE\tNODE\tNODE\tNODE\tNODE\tNODE\t0-71\t0\t\tN/A\nGPU1\tNV18\t X \tNV18\tNV18\tNODE\tNODE\tSYS\tSYS\tNODE\tNODE\tNODE\tNODE\tNODE\tNODE\tNODE\tNODE\tNODE\t0-71\t0\t\tN/A\nGPU2\tNV18\tNV18\t X \tNV18\tSYS\tSYS\tNODE\tNODE\tSYS\tSYS\tSYS\tSYS\tSYS\tSYS\tSYS\tSYS\tSYS\t72-143\t1\t\tN/A\nGPU3\tNV18\tNV18\tNV18\t X \tSYS\tSYS\tNODE\tNODE\tSYS\tSYS\tSYS\tSYS\tSYS\tSYS\tSYS\tSYS\tSYS\t72-143\t1\t\tN/A\nNIC0\tNODE\tNODE\tSYS\tSYS\t X \tNODE\tSYS\tSYS\tNODE\tNODE\tNODE\tNODE\tNODE\tNODE\tNODE\tNODE\tNODE\t\t\t\t\nNIC1\tNODE\tNODE\tSYS\tSYS\tNODE\t X \tSYS\tSYS\tNODE\tNODE\tNODE\tNODE\tNODE\tNODE\tNODE\tNODE\tNODE\t\t\t\t\nNIC2\tSYS\tSYS\tNODE\tNODE\tSYS\tSYS\t X \tNODE\tSYS\tSYS\tSYS\tSYS\tSYS\tSYS\tSYS\tSYS\tSYS\t\t\t\t\nNIC3\tSYS\tSYS\tNODE\tNODE\tSYS\tSYS\tNODE\t X \tSYS\tSYS\tSYS\tSYS\tSYS\tSYS\tSYS\tSYS\tSYS\t\t\t\t\nNIC4\tNODE\tNODE\tSYS\tSYS\tNODE\tNODE\tSYS\tSYS\t X \tPIX\tPIX\tPIX\tPIX\tPIX\tPIX\tPIX\tPIX\t\t\t\t\nNIC5\tNODE\tNODE\tSYS\tSYS\tNODE\tNODE\tSYS\tSYS\tPIX\t X \tPIX\tPIX\tPIX\tPIX\tPIX\tPIX\tPIX\t\t\t\t\nNIC6\tNODE\tNODE\tSYS\tSYS\tNODE\tNODE\tSYS\tSYS\tPIX\tPIX\t X \tPIX\tPIX\tPIX\tPIX\tPIX\tPIX\t\t\t\t\nNIC7\tNODE\tNODE\tSYS\tSYS\tNODE\tNODE\tSYS\tSYS\tPIX\tPIX\tPIX\t X \tPIX\tPIX\tPIX\tPIX\tPIX\t\t\t\t\nNIC8\tNODE\tNODE\tSYS\tSYS\tNODE\tNODE\tSYS\tSYS\tPIX\tPIX\tPIX\tPIX\t X \tPIX\tPIX\tPIX\tPIX\t\t\t\t\nNIC9\tNODE\tNODE\tSYS\tSYS\tNODE\tNODE\tSYS\tSYS\tPIX\tPIX\tPIX\tPIX\tPIX\t X \tPIX\tPIX\tPIX\t\t\t\t\nNIC10\tNODE\tNODE\tSYS\tSYS\tNODE\tNODE\tSYS\tSYS\tPIX\tPIX\tPIX\tPIX\tPIX\tPIX\t X \tPIX\tPIX\t\t\t\t\nNIC11\tNODE\tNODE\tSYS\tSYS\tNODE\tNODE\tSYS\tSYS\tPIX\tPIX\tPIX\tPIX\tPIX\tPIX\tPIX\t X \tPIX\t\t\t\t\nNIC12\tNODE\tNODE\tSYS\tSYS\tNODE\tNODE\tSYS\tSYS\tPIX\tPIX\tPIX\tPIX\tPIX\tPIX\tPIX\tPIX\t X \t\t\t\t\n\nLegend:\n\n  X    = Self\n  SYS  = Connection traversing PCIe as well as the SMP interconnect between NUMA nodes (e.g., QPI/UPI)\n  NODE = Connection traversing PCIe as well as the interconnect between PCIe Host Bridges within a NUMA node\n  PHB  = Connection traversing PCIe as well as a PCIe Host Bridge (typically the CPU)\n  PXB  = Connection traversing multiple PCIe bridges (without traversing the PCIe Host Bridge)\n  PIX  = Connection traversing at most a single PCIe bridge\n  NV#  = Connection traversing a bonded set of # NVLinks\n\nNIC Legend:\n\n  NIC0: ibp0\n  NIC1: ibp1\n  NIC2: ibp2\n  NIC3: ibp3\n  NIC4: mlx5_0\n  NIC5: mlx5_1\n  NIC6: mlx5_2\n  NIC7: mlx5_3\n  NIC8: mlx5_4\n  NIC9: mlx5_5\n  NIC10: mlx5_6\n  NIC11: mlx5_7\n  NIC12: mlx5_8"
            }
          }
        },
        "full_overlap_shared_with_async_dispatch": {
          "after": {
            "field_errors": {},
            "gpus": [
              {
                "clocks.applications.graphics": "[Requested functionality has been deprecated]",
                "clocks.applications.memory": "[Requested functionality has been deprecated]",
                "clocks.current.graphics": "1950",
                "clocks.current.memory": "3996",
                "clocks.current.sm": "1950",
                "clocks.max.graphics": "2062",
                "clocks.max.memory": "3996",
                "clocks.max.sm": "2062",
                "driver_version": "595.71.05",
                "index": "0",
                "name": "NVIDIA GB200",
                "pci.bus_id": "00000008:01:00.0",
                "persistence_mode": "Enabled",
                "power.draw": "220.80",
                "power.limit": "1200.00",
                "pstate": "P0",
                "temperature.gpu": "36",
                "uuid": "GPU-64efb995-783a-a11a-c868-580e18809080"
              },
              {
                "clocks.applications.graphics": "[Requested functionality has been deprecated]",
                "clocks.applications.memory": "[Requested functionality has been deprecated]",
                "clocks.current.graphics": "1950",
                "clocks.current.memory": "3996",
                "clocks.current.sm": "1950",
                "clocks.max.graphics": "2062",
                "clocks.max.memory": "3996",
                "clocks.max.sm": "2062",
                "driver_version": "595.71.05",
                "index": "1",
                "name": "NVIDIA GB200",
                "pci.bus_id": "00000009:01:00.0",
                "persistence_mode": "Enabled",
                "power.draw": "220.96",
                "power.limit": "1200.00",
                "pstate": "P0",
                "temperature.gpu": "36",
                "uuid": "GPU-84233fbe-ed84-cfff-821c-7acc555c2503"
              },
              {
                "clocks.applications.graphics": "[Requested functionality has been deprecated]",
                "clocks.applications.memory": "[Requested functionality has been deprecated]",
                "clocks.current.graphics": "1950",
                "clocks.current.memory": "3996",
                "clocks.current.sm": "1950",
                "clocks.max.graphics": "2062",
                "clocks.max.memory": "3996",
                "clocks.max.sm": "2062",
                "driver_version": "595.71.05",
                "index": "2",
                "name": "NVIDIA GB200",
                "pci.bus_id": "00000018:01:00.0",
                "persistence_mode": "Enabled",
                "power.draw": "220.07",
                "power.limit": "1200.00",
                "pstate": "P0",
                "temperature.gpu": "36",
                "uuid": "GPU-19bf3c4b-1e4c-1afc-3db0-adf098d28d8b"
              },
              {
                "clocks.applications.graphics": "[Requested functionality has been deprecated]",
                "clocks.applications.memory": "[Requested functionality has been deprecated]",
                "clocks.current.graphics": "1950",
                "clocks.current.memory": "3996",
                "clocks.current.sm": "1950",
                "clocks.max.graphics": "2062",
                "clocks.max.memory": "3996",
                "clocks.max.sm": "2062",
                "driver_version": "595.71.05",
                "index": "3",
                "name": "NVIDIA GB200",
                "pci.bus_id": "00000019:01:00.0",
                "persistence_mode": "Enabled",
                "power.draw": "241.68",
                "power.limit": "1200.00",
                "pstate": "P0",
                "temperature.gpu": "36",
                "uuid": "GPU-14a91ec2-4299-59e4-c682-00a36868d987"
              }
            ],
            "topology": {
              "arguments": [
                "nvidia-smi",
                "topo",
                "-m"
              ],
              "returncode": 0,
              "stderr": "",
              "stdout": "\u001b[4mGPU0\tGPU1\tGPU2\tGPU3\tNIC0\tNIC1\tNIC2\tNIC3\tNIC4\tNIC5\tNIC6\tNIC7\tNIC8\tNIC9\tNIC10\tNIC11\tNIC12\tCPU Affinity\tNUMA Affinity\tGPU NUMA ID\u001b[0m\nGPU0\t X \tNV18\tNV18\tNV18\tNODE\tNODE\tSYS\tSYS\tNODE\tNODE\tNODE\tNODE\tNODE\tNODE\tNODE\tNODE\tNODE\t0-71\t0\t\tN/A\nGPU1\tNV18\t X \tNV18\tNV18\tNODE\tNODE\tSYS\tSYS\tNODE\tNODE\tNODE\tNODE\tNODE\tNODE\tNODE\tNODE\tNODE\t0-71\t0\t\tN/A\nGPU2\tNV18\tNV18\t X \tNV18\tSYS\tSYS\tNODE\tNODE\tSYS\tSYS\tSYS\tSYS\tSYS\tSYS\tSYS\tSYS\tSYS\t72-143\t1\t\tN/A\nGPU3\tNV18\tNV18\tNV18\t X \tSYS\tSYS\tNODE\tNODE\tSYS\tSYS\tSYS\tSYS\tSYS\tSYS\tSYS\tSYS\tSYS\t72-143\t1\t\tN/A\nNIC0\tNODE\tNODE\tSYS\tSYS\t X \tNODE\tSYS\tSYS\tNODE\tNODE\tNODE\tNODE\tNODE\tNODE\tNODE\tNODE\tNODE\t\t\t\t\nNIC1\tNODE\tNODE\tSYS\tSYS\tNODE\t X \tSYS\tSYS\tNODE\tNODE\tNODE\tNODE\tNODE\tNODE\tNODE\tNODE\tNODE\t\t\t\t\nNIC2\tSYS\tSYS\tNODE\tNODE\tSYS\tSYS\t X \tNODE\tSYS\tSYS\tSYS\tSYS\tSYS\tSYS\tSYS\tSYS\tSYS\t\t\t\t\nNIC3\tSYS\tSYS\tNODE\tNODE\tSYS\tSYS\tNODE\t X \tSYS\tSYS\tSYS\tSYS\tSYS\tSYS\tSYS\tSYS\tSYS\t\t\t\t\nNIC4\tNODE\tNODE\tSYS\tSYS\tNODE\tNODE\tSYS\tSYS\t X \tPIX\tPIX\tPIX\tPIX\tPIX\tPIX\tPIX\tPIX\t\t\t\t\nNIC5\tNODE\tNODE\tSYS\tSYS\tNODE\tNODE\tSYS\tSYS\tPIX\t X \tPIX\tPIX\tPIX\tPIX\tPIX\tPIX\tPIX\t\t\t\t\nNIC6\tNODE\tNODE\tSYS\tSYS\tNODE\tNODE\tSYS\tSYS\tPIX\tPIX\t X \tPIX\tPIX\tPIX\tPIX\tPIX\tPIX\t\t\t\t\nNIC7\tNODE\tNODE\tSYS\tSYS\tNODE\tNODE\tSYS\tSYS\tPIX\tPIX\tPIX\t X \tPIX\tPIX\tPIX\tPIX\tPIX\t\t\t\t\nNIC8\tNODE\tNODE\tSYS\tSYS\tNODE\tNODE\tSYS\tSYS\tPIX\tPIX\tPIX\tPIX\t X \tPIX\tPIX\tPIX\tPIX\t\t\t\t\nNIC9\tNODE\tNODE\tSYS\tSYS\tNODE\tNODE\tSYS\tSYS\tPIX\tPIX\tPIX\tPIX\tPIX\t X \tPIX\tPIX\tPIX\t\t\t\t\nNIC10\tNODE\tNODE\tSYS\tSYS\tNODE\tNODE\tSYS\tSYS\tPIX\tPIX\tPIX\tPIX\tPIX\tPIX\t X \tPIX\tPIX\t\t\t\t\nNIC11\tNODE\tNODE\tSYS\tSYS\tNODE\tNODE\tSYS\tSYS\tPIX\tPIX\tPIX\tPIX\tPIX\tPIX\tPIX\t X \tPIX\t\t\t\t\nNIC12\tNODE\tNODE\tSYS\tSYS\tNODE\tNODE\tSYS\tSYS\tPIX\tPIX\tPIX\tPIX\tPIX\tPIX\tPIX\tPIX\t X \t\t\t\t\n\nLegend:\n\n  X    = Self\n  SYS  = Connection traversing PCIe as well as the SMP interconnect between NUMA nodes (e.g., QPI/UPI)\n  NODE = Connection traversing PCIe as well as the interconnect between PCIe Host Bridges within a NUMA node\n  PHB  = Connection traversing PCIe as well as a PCIe Host Bridge (typically the CPU)\n  PXB  = Connection traversing multiple PCIe bridges (without traversing the PCIe Host Bridge)\n  PIX  = Connection traversing at most a single PCIe bridge\n  NV#  = Connection traversing a bonded set of # NVLinks\n\nNIC Legend:\n\n  NIC0: ibp0\n  NIC1: ibp1\n  NIC2: ibp2\n  NIC3: ibp3\n  NIC4: mlx5_0\n  NIC5: mlx5_1\n  NIC6: mlx5_2\n  NIC7: mlx5_3\n  NIC8: mlx5_4\n  NIC9: mlx5_5\n  NIC10: mlx5_6\n  NIC11: mlx5_7\n  NIC12: mlx5_8"
            }
          },
          "before": {
            "field_errors": {},
            "gpus": [
              {
                "clocks.applications.graphics": "[Requested functionality has been deprecated]",
                "clocks.applications.memory": "[Requested functionality has been deprecated]",
                "clocks.current.graphics": "1950",
                "clocks.current.memory": "3996",
                "clocks.current.sm": "1950",
                "clocks.max.graphics": "2062",
                "clocks.max.memory": "3996",
                "clocks.max.sm": "2062",
                "driver_version": "595.71.05",
                "index": "0",
                "name": "NVIDIA GB200",
                "pci.bus_id": "00000008:01:00.0",
                "persistence_mode": "Enabled",
                "power.draw": "212.37",
                "power.limit": "1200.00",
                "pstate": "P0",
                "temperature.gpu": "36",
                "uuid": "GPU-64efb995-783a-a11a-c868-580e18809080"
              },
              {
                "clocks.applications.graphics": "[Requested functionality has been deprecated]",
                "clocks.applications.memory": "[Requested functionality has been deprecated]",
                "clocks.current.graphics": "1950",
                "clocks.current.memory": "3996",
                "clocks.current.sm": "1950",
                "clocks.max.graphics": "2062",
                "clocks.max.memory": "3996",
                "clocks.max.sm": "2062",
                "driver_version": "595.71.05",
                "index": "1",
                "name": "NVIDIA GB200",
                "pci.bus_id": "00000009:01:00.0",
                "persistence_mode": "Enabled",
                "power.draw": "203.29",
                "power.limit": "1200.00",
                "pstate": "P0",
                "temperature.gpu": "36",
                "uuid": "GPU-84233fbe-ed84-cfff-821c-7acc555c2503"
              },
              {
                "clocks.applications.graphics": "[Requested functionality has been deprecated]",
                "clocks.applications.memory": "[Requested functionality has been deprecated]",
                "clocks.current.graphics": "1950",
                "clocks.current.memory": "3996",
                "clocks.current.sm": "1950",
                "clocks.max.graphics": "2062",
                "clocks.max.memory": "3996",
                "clocks.max.sm": "2062",
                "driver_version": "595.71.05",
                "index": "2",
                "name": "NVIDIA GB200",
                "pci.bus_id": "00000018:01:00.0",
                "persistence_mode": "Enabled",
                "power.draw": "208.98",
                "power.limit": "1200.00",
                "pstate": "P0",
                "temperature.gpu": "36",
                "uuid": "GPU-19bf3c4b-1e4c-1afc-3db0-adf098d28d8b"
              },
              {
                "clocks.applications.graphics": "[Requested functionality has been deprecated]",
                "clocks.applications.memory": "[Requested functionality has been deprecated]",
                "clocks.current.graphics": "1950",
                "clocks.current.memory": "3996",
                "clocks.current.sm": "1950",
                "clocks.max.graphics": "2062",
                "clocks.max.memory": "3996",
                "clocks.max.sm": "2062",
                "driver_version": "595.71.05",
                "index": "3",
                "name": "NVIDIA GB200",
                "pci.bus_id": "00000019:01:00.0",
                "persistence_mode": "Enabled",
                "power.draw": "231.05",
                "power.limit": "1200.00",
                "pstate": "P0",
                "temperature.gpu": "36",
                "uuid": "GPU-14a91ec2-4299-59e4-c682-00a36868d987"
              }
            ],
            "topology": {
              "arguments": [
                "nvidia-smi",
                "topo",
                "-m"
              ],
              "returncode": 0,
              "stderr": "",
              "stdout": "\u001b[4mGPU0\tGPU1\tGPU2\tGPU3\tNIC0\tNIC1\tNIC2\tNIC3\tNIC4\tNIC5\tNIC6\tNIC7\tNIC8\tNIC9\tNIC10\tNIC11\tNIC12\tCPU Affinity\tNUMA Affinity\tGPU NUMA ID\u001b[0m\nGPU0\t X \tNV18\tNV18\tNV18\tNODE\tNODE\tSYS\tSYS\tNODE\tNODE\tNODE\tNODE\tNODE\tNODE\tNODE\tNODE\tNODE\t0-71\t0\t\tN/A\nGPU1\tNV18\t X \tNV18\tNV18\tNODE\tNODE\tSYS\tSYS\tNODE\tNODE\tNODE\tNODE\tNODE\tNODE\tNODE\tNODE\tNODE\t0-71\t0\t\tN/A\nGPU2\tNV18\tNV18\t X \tNV18\tSYS\tSYS\tNODE\tNODE\tSYS\tSYS\tSYS\tSYS\tSYS\tSYS\tSYS\tSYS\tSYS\t72-143\t1\t\tN/A\nGPU3\tNV18\tNV18\tNV18\t X \tSYS\tSYS\tNODE\tNODE\tSYS\tSYS\tSYS\tSYS\tSYS\tSYS\tSYS\tSYS\tSYS\t72-143\t1\t\tN/A\nNIC0\tNODE\tNODE\tSYS\tSYS\t X \tNODE\tSYS\tSYS\tNODE\tNODE\tNODE\tNODE\tNODE\tNODE\tNODE\tNODE\tNODE\t\t\t\t\nNIC1\tNODE\tNODE\tSYS\tSYS\tNODE\t X \tSYS\tSYS\tNODE\tNODE\tNODE\tNODE\tNODE\tNODE\tNODE\tNODE\tNODE\t\t\t\t\nNIC2\tSYS\tSYS\tNODE\tNODE\tSYS\tSYS\t X \tNODE\tSYS\tSYS\tSYS\tSYS\tSYS\tSYS\tSYS\tSYS\tSYS\t\t\t\t\nNIC3\tSYS\tSYS\tNODE\tNODE\tSYS\tSYS\tNODE\t X \tSYS\tSYS\tSYS\tSYS\tSYS\tSYS\tSYS\tSYS\tSYS\t\t\t\t\nNIC4\tNODE\tNODE\tSYS\tSYS\tNODE\tNODE\tSYS\tSYS\t X \tPIX\tPIX\tPIX\tPIX\tPIX\tPIX\tPIX\tPIX\t\t\t\t\nNIC5\tNODE\tNODE\tSYS\tSYS\tNODE\tNODE\tSYS\tSYS\tPIX\t X \tPIX\tPIX\tPIX\tPIX\tPIX\tPIX\tPIX\t\t\t\t\nNIC6\tNODE\tNODE\tSYS\tSYS\tNODE\tNODE\tSYS\tSYS\tPIX\tPIX\t X \tPIX\tPIX\tPIX\tPIX\tPIX\tPIX\t\t\t\t\nNIC7\tNODE\tNODE\tSYS\tSYS\tNODE\tNODE\tSYS\tSYS\tPIX\tPIX\tPIX\t X \tPIX\tPIX\tPIX\tPIX\tPIX\t\t\t\t\nNIC8\tNODE\tNODE\tSYS\tSYS\tNODE\tNODE\tSYS\tSYS\tPIX\tPIX\tPIX\tPIX\t X \tPIX\tPIX\tPIX\tPIX\t\t\t\t\nNIC9\tNODE\tNODE\tSYS\tSYS\tNODE\tNODE\tSYS\tSYS\tPIX\tPIX\tPIX\tPIX\tPIX\t X \tPIX\tPIX\tPIX\t\t\t\t\nNIC10\tNODE\tNODE\tSYS\tSYS\tNODE\tNODE\tSYS\tSYS\tPIX\tPIX\tPIX\tPIX\tPIX\tPIX\t X \tPIX\tPIX\t\t\t\t\nNIC11\tNODE\tNODE\tSYS\tSYS\tNODE\tNODE\tSYS\tSYS\tPIX\tPIX\tPIX\tPIX\tPIX\tPIX\tPIX\t X \tPIX\t\t\t\t\nNIC12\tNODE\tNODE\tSYS\tSYS\tNODE\tNODE\tSYS\tSYS\tPIX\tPIX\tPIX\tPIX\tPIX\tPIX\tPIX\tPIX\t X \t\t\t\t\n\nLegend:\n\n  X    = Self\n  SYS  = Connection traversing PCIe as well as the SMP interconnect between NUMA nodes (e.g., QPI/UPI)\n  NODE = Connection traversing PCIe as well as the interconnect between PCIe Host Bridges within a NUMA node\n  PHB  = Connection traversing PCIe as well as a PCIe Host Bridge (typically the CPU)\n  PXB  = Connection traversing multiple PCIe bridges (without traversing the PCIe Host Bridge)\n  PIX  = Connection traversing at most a single PCIe bridge\n  NV#  = Connection traversing a bonded set of # NVLinks\n\nNIC Legend:\n\n  NIC0: ibp0\n  NIC1: ibp1\n  NIC2: ibp2\n  NIC3: ibp3\n  NIC4: mlx5_0\n  NIC5: mlx5_1\n  NIC6: mlx5_2\n  NIC7: mlx5_3\n  NIC8: mlx5_4\n  NIC9: mlx5_5\n  NIC10: mlx5_6\n  NIC11: mlx5_7\n  NIC12: mlx5_8"
            }
          }
        },
        "full_sequential": {
          "after": {
            "field_errors": {},
            "gpus": [
              {
                "clocks.applications.graphics": "[Requested functionality has been deprecated]",
                "clocks.applications.memory": "[Requested functionality has been deprecated]",
                "clocks.current.graphics": "1950",
                "clocks.current.memory": "3996",
                "clocks.current.sm": "1950",
                "clocks.max.graphics": "2062",
                "clocks.max.memory": "3996",
                "clocks.max.sm": "2062",
                "driver_version": "595.71.05",
                "index": "0",
                "name": "NVIDIA GB200",
                "pci.bus_id": "00000008:01:00.0",
                "persistence_mode": "Enabled",
                "power.draw": "224.23",
                "power.limit": "1200.00",
                "pstate": "P0",
                "temperature.gpu": "36",
                "uuid": "GPU-64efb995-783a-a11a-c868-580e18809080"
              },
              {
                "clocks.applications.graphics": "[Requested functionality has been deprecated]",
                "clocks.applications.memory": "[Requested functionality has been deprecated]",
                "clocks.current.graphics": "1950",
                "clocks.current.memory": "3996",
                "clocks.current.sm": "1950",
                "clocks.max.graphics": "2062",
                "clocks.max.memory": "3996",
                "clocks.max.sm": "2062",
                "driver_version": "595.71.05",
                "index": "1",
                "name": "NVIDIA GB200",
                "pci.bus_id": "00000009:01:00.0",
                "persistence_mode": "Enabled",
                "power.draw": "215.38",
                "power.limit": "1200.00",
                "pstate": "P0",
                "temperature.gpu": "36",
                "uuid": "GPU-84233fbe-ed84-cfff-821c-7acc555c2503"
              },
              {
                "clocks.applications.graphics": "[Requested functionality has been deprecated]",
                "clocks.applications.memory": "[Requested functionality has been deprecated]",
                "clocks.current.graphics": "1950",
                "clocks.current.memory": "3996",
                "clocks.current.sm": "1950",
                "clocks.max.graphics": "2062",
                "clocks.max.memory": "3996",
                "clocks.max.sm": "2062",
                "driver_version": "595.71.05",
                "index": "2",
                "name": "NVIDIA GB200",
                "pci.bus_id": "00000018:01:00.0",
                "persistence_mode": "Enabled",
                "power.draw": "221.98",
                "power.limit": "1200.00",
                "pstate": "P0",
                "temperature.gpu": "36",
                "uuid": "GPU-19bf3c4b-1e4c-1afc-3db0-adf098d28d8b"
              },
              {
                "clocks.applications.graphics": "[Requested functionality has been deprecated]",
                "clocks.applications.memory": "[Requested functionality has been deprecated]",
                "clocks.current.graphics": "1950",
                "clocks.current.memory": "3996",
                "clocks.current.sm": "1950",
                "clocks.max.graphics": "2062",
                "clocks.max.memory": "3996",
                "clocks.max.sm": "2062",
                "driver_version": "595.71.05",
                "index": "3",
                "name": "NVIDIA GB200",
                "pci.bus_id": "00000019:01:00.0",
                "persistence_mode": "Enabled",
                "power.draw": "243.34",
                "power.limit": "1200.00",
                "pstate": "P0",
                "temperature.gpu": "36",
                "uuid": "GPU-14a91ec2-4299-59e4-c682-00a36868d987"
              }
            ],
            "topology": {
              "arguments": [
                "nvidia-smi",
                "topo",
                "-m"
              ],
              "returncode": 0,
              "stderr": "",
              "stdout": "\u001b[4mGPU0\tGPU1\tGPU2\tGPU3\tNIC0\tNIC1\tNIC2\tNIC3\tNIC4\tNIC5\tNIC6\tNIC7\tNIC8\tNIC9\tNIC10\tNIC11\tNIC12\tCPU Affinity\tNUMA Affinity\tGPU NUMA ID\u001b[0m\nGPU0\t X \tNV18\tNV18\tNV18\tNODE\tNODE\tSYS\tSYS\tNODE\tNODE\tNODE\tNODE\tNODE\tNODE\tNODE\tNODE\tNODE\t0-71\t0\t\tN/A\nGPU1\tNV18\t X \tNV18\tNV18\tNODE\tNODE\tSYS\tSYS\tNODE\tNODE\tNODE\tNODE\tNODE\tNODE\tNODE\tNODE\tNODE\t0-71\t0\t\tN/A\nGPU2\tNV18\tNV18\t X \tNV18\tSYS\tSYS\tNODE\tNODE\tSYS\tSYS\tSYS\tSYS\tSYS\tSYS\tSYS\tSYS\tSYS\t72-143\t1\t\tN/A\nGPU3\tNV18\tNV18\tNV18\t X \tSYS\tSYS\tNODE\tNODE\tSYS\tSYS\tSYS\tSYS\tSYS\tSYS\tSYS\tSYS\tSYS\t72-143\t1\t\tN/A\nNIC0\tNODE\tNODE\tSYS\tSYS\t X \tNODE\tSYS\tSYS\tNODE\tNODE\tNODE\tNODE\tNODE\tNODE\tNODE\tNODE\tNODE\t\t\t\t\nNIC1\tNODE\tNODE\tSYS\tSYS\tNODE\t X \tSYS\tSYS\tNODE\tNODE\tNODE\tNODE\tNODE\tNODE\tNODE\tNODE\tNODE\t\t\t\t\nNIC2\tSYS\tSYS\tNODE\tNODE\tSYS\tSYS\t X \tNODE\tSYS\tSYS\tSYS\tSYS\tSYS\tSYS\tSYS\tSYS\tSYS\t\t\t\t\nNIC3\tSYS\tSYS\tNODE\tNODE\tSYS\tSYS\tNODE\t X \tSYS\tSYS\tSYS\tSYS\tSYS\tSYS\tSYS\tSYS\tSYS\t\t\t\t\nNIC4\tNODE\tNODE\tSYS\tSYS\tNODE\tNODE\tSYS\tSYS\t X \tPIX\tPIX\tPIX\tPIX\tPIX\tPIX\tPIX\tPIX\t\t\t\t\nNIC5\tNODE\tNODE\tSYS\tSYS\tNODE\tNODE\tSYS\tSYS\tPIX\t X \tPIX\tPIX\tPIX\tPIX\tPIX\tPIX\tPIX\t\t\t\t\nNIC6\tNODE\tNODE\tSYS\tSYS\tNODE\tNODE\tSYS\tSYS\tPIX\tPIX\t X \tPIX\tPIX\tPIX\tPIX\tPIX\tPIX\t\t\t\t\nNIC7\tNODE\tNODE\tSYS\tSYS\tNODE\tNODE\tSYS\tSYS\tPIX\tPIX\tPIX\t X \tPIX\tPIX\tPIX\tPIX\tPIX\t\t\t\t\nNIC8\tNODE\tNODE\tSYS\tSYS\tNODE\tNODE\tSYS\tSYS\tPIX\tPIX\tPIX\tPIX\t X \tPIX\tPIX\tPIX\tPIX\t\t\t\t\nNIC9\tNODE\tNODE\tSYS\tSYS\tNODE\tNODE\tSYS\tSYS\tPIX\tPIX\tPIX\tPIX\tPIX\t X \tPIX\tPIX\tPIX\t\t\t\t\nNIC10\tNODE\tNODE\tSYS\tSYS\tNODE\tNODE\tSYS\tSYS\tPIX\tPIX\tPIX\tPIX\tPIX\tPIX\t X \tPIX\tPIX\t\t\t\t\nNIC11\tNODE\tNODE\tSYS\tSYS\tNODE\tNODE\tSYS\tSYS\tPIX\tPIX\tPIX\tPIX\tPIX\tPIX\tPIX\t X \tPIX\t\t\t\t\nNIC12\tNODE\tNODE\tSYS\tSYS\tNODE\tNODE\tSYS\tSYS\tPIX\tPIX\tPIX\tPIX\tPIX\tPIX\tPIX\tPIX\t X \t\t\t\t\n\nLegend:\n\n  X    = Self\n  SYS  = Connection traversing PCIe as well as the SMP interconnect between NUMA nodes (e.g., QPI/UPI)\n  NODE = Connection traversing PCIe as well as the interconnect between PCIe Host Bridges within a NUMA node\n  PHB  = Connection traversing PCIe as well as a PCIe Host Bridge (typically the CPU)\n  PXB  = Connection traversing multiple PCIe bridges (without traversing the PCIe Host Bridge)\n  PIX  = Connection traversing at most a single PCIe bridge\n  NV#  = Connection traversing a bonded set of # NVLinks\n\nNIC Legend:\n\n  NIC0: ibp0\n  NIC1: ibp1\n  NIC2: ibp2\n  NIC3: ibp3\n  NIC4: mlx5_0\n  NIC5: mlx5_1\n  NIC6: mlx5_2\n  NIC7: mlx5_3\n  NIC8: mlx5_4\n  NIC9: mlx5_5\n  NIC10: mlx5_6\n  NIC11: mlx5_7\n  NIC12: mlx5_8"
            }
          },
          "before": {
            "field_errors": {},
            "gpus": [
              {
                "clocks.applications.graphics": "[Requested functionality has been deprecated]",
                "clocks.applications.memory": "[Requested functionality has been deprecated]",
                "clocks.current.graphics": "1950",
                "clocks.current.memory": "3996",
                "clocks.current.sm": "1950",
                "clocks.max.graphics": "2062",
                "clocks.max.memory": "3996",
                "clocks.max.sm": "2062",
                "driver_version": "595.71.05",
                "index": "0",
                "name": "NVIDIA GB200",
                "pci.bus_id": "00000008:01:00.0",
                "persistence_mode": "Enabled",
                "power.draw": "212.38",
                "power.limit": "1200.00",
                "pstate": "P0",
                "temperature.gpu": "36",
                "uuid": "GPU-64efb995-783a-a11a-c868-580e18809080"
              },
              {
                "clocks.applications.graphics": "[Requested functionality has been deprecated]",
                "clocks.applications.memory": "[Requested functionality has been deprecated]",
                "clocks.current.graphics": "1950",
                "clocks.current.memory": "3996",
                "clocks.current.sm": "1950",
                "clocks.max.graphics": "2062",
                "clocks.max.memory": "3996",
                "clocks.max.sm": "2062",
                "driver_version": "595.71.05",
                "index": "1",
                "name": "NVIDIA GB200",
                "pci.bus_id": "00000009:01:00.0",
                "persistence_mode": "Enabled",
                "power.draw": "203.77",
                "power.limit": "1200.00",
                "pstate": "P0",
                "temperature.gpu": "36",
                "uuid": "GPU-84233fbe-ed84-cfff-821c-7acc555c2503"
              },
              {
                "clocks.applications.graphics": "[Requested functionality has been deprecated]",
                "clocks.applications.memory": "[Requested functionality has been deprecated]",
                "clocks.current.graphics": "1950",
                "clocks.current.memory": "3996",
                "clocks.current.sm": "1950",
                "clocks.max.graphics": "2062",
                "clocks.max.memory": "3996",
                "clocks.max.sm": "2062",
                "driver_version": "595.71.05",
                "index": "2",
                "name": "NVIDIA GB200",
                "pci.bus_id": "00000018:01:00.0",
                "persistence_mode": "Enabled",
                "power.draw": "209.89",
                "power.limit": "1200.00",
                "pstate": "P0",
                "temperature.gpu": "36",
                "uuid": "GPU-19bf3c4b-1e4c-1afc-3db0-adf098d28d8b"
              },
              {
                "clocks.applications.graphics": "[Requested functionality has been deprecated]",
                "clocks.applications.memory": "[Requested functionality has been deprecated]",
                "clocks.current.graphics": "1950",
                "clocks.current.memory": "3996",
                "clocks.current.sm": "1950",
                "clocks.max.graphics": "2062",
                "clocks.max.memory": "3996",
                "clocks.max.sm": "2062",
                "driver_version": "595.71.05",
                "index": "3",
                "name": "NVIDIA GB200",
                "pci.bus_id": "00000019:01:00.0",
                "persistence_mode": "Enabled",
                "power.draw": "231.96",
                "power.limit": "1200.00",
                "pstate": "P0",
                "temperature.gpu": "36",
                "uuid": "GPU-14a91ec2-4299-59e4-c682-00a36868d987"
              }
            ],
            "topology": {
              "arguments": [
                "nvidia-smi",
                "topo",
                "-m"
              ],
              "returncode": 0,
              "stderr": "",
              "stdout": "\u001b[4mGPU0\tGPU1\tGPU2\tGPU3\tNIC0\tNIC1\tNIC2\tNIC3\tNIC4\tNIC5\tNIC6\tNIC7\tNIC8\tNIC9\tNIC10\tNIC11\tNIC12\tCPU Affinity\tNUMA Affinity\tGPU NUMA ID\u001b[0m\nGPU0\t X \tNV18\tNV18\tNV18\tNODE\tNODE\tSYS\tSYS\tNODE\tNODE\tNODE\tNODE\tNODE\tNODE\tNODE\tNODE\tNODE\t0-71\t0\t\tN/A\nGPU1\tNV18\t X \tNV18\tNV18\tNODE\tNODE\tSYS\tSYS\tNODE\tNODE\tNODE\tNODE\tNODE\tNODE\tNODE\tNODE\tNODE\t0-71\t0\t\tN/A\nGPU2\tNV18\tNV18\t X \tNV18\tSYS\tSYS\tNODE\tNODE\tSYS\tSYS\tSYS\tSYS\tSYS\tSYS\tSYS\tSYS\tSYS\t72-143\t1\t\tN/A\nGPU3\tNV18\tNV18\tNV18\t X \tSYS\tSYS\tNODE\tNODE\tSYS\tSYS\tSYS\tSYS\tSYS\tSYS\tSYS\tSYS\tSYS\t72-143\t1\t\tN/A\nNIC0\tNODE\tNODE\tSYS\tSYS\t X \tNODE\tSYS\tSYS\tNODE\tNODE\tNODE\tNODE\tNODE\tNODE\tNODE\tNODE\tNODE\t\t\t\t\nNIC1\tNODE\tNODE\tSYS\tSYS\tNODE\t X \tSYS\tSYS\tNODE\tNODE\tNODE\tNODE\tNODE\tNODE\tNODE\tNODE\tNODE\t\t\t\t\nNIC2\tSYS\tSYS\tNODE\tNODE\tSYS\tSYS\t X \tNODE\tSYS\tSYS\tSYS\tSYS\tSYS\tSYS\tSYS\tSYS\tSYS\t\t\t\t\nNIC3\tSYS\tSYS\tNODE\tNODE\tSYS\tSYS\tNODE\t X \tSYS\tSYS\tSYS\tSYS\tSYS\tSYS\tSYS\tSYS\tSYS\t\t\t\t\nNIC4\tNODE\tNODE\tSYS\tSYS\tNODE\tNODE\tSYS\tSYS\t X \tPIX\tPIX\tPIX\tPIX\tPIX\tPIX\tPIX\tPIX\t\t\t\t\nNIC5\tNODE\tNODE\tSYS\tSYS\tNODE\tNODE\tSYS\tSYS\tPIX\t X \tPIX\tPIX\tPIX\tPIX\tPIX\tPIX\tPIX\t\t\t\t\nNIC6\tNODE\tNODE\tSYS\tSYS\tNODE\tNODE\tSYS\tSYS\tPIX\tPIX\t X \tPIX\tPIX\tPIX\tPIX\tPIX\tPIX\t\t\t\t\nNIC7\tNODE\tNODE\tSYS\tSYS\tNODE\tNODE\tSYS\tSYS\tPIX\tPIX\tPIX\t X \tPIX\tPIX\tPIX\tPIX\tPIX\t\t\t\t\nNIC8\tNODE\tNODE\tSYS\tSYS\tNODE\tNODE\tSYS\tSYS\tPIX\tPIX\tPIX\tPIX\t X \tPIX\tPIX\tPIX\tPIX\t\t\t\t\nNIC9\tNODE\tNODE\tSYS\tSYS\tNODE\tNODE\tSYS\tSYS\tPIX\tPIX\tPIX\tPIX\tPIX\t X \tPIX\tPIX\tPIX\t\t\t\t\nNIC10\tNODE\tNODE\tSYS\tSYS\tNODE\tNODE\tSYS\tSYS\tPIX\tPIX\tPIX\tPIX\tPIX\tPIX\t X \tPIX\tPIX\t\t\t\t\nNIC11\tNODE\tNODE\tSYS\tSYS\tNODE\tNODE\tSYS\tSYS\tPIX\tPIX\tPIX\tPIX\tPIX\tPIX\tPIX\t X \tPIX\t\t\t\t\nNIC12\tNODE\tNODE\tSYS\tSYS\tNODE\tNODE\tSYS\tSYS\tPIX\tPIX\tPIX\tPIX\tPIX\tPIX\tPIX\tPIX\t X \t\t\t\t\n\nLegend:\n\n  X    = Self\n  SYS  = Connection traversing PCIe as well as the SMP interconnect between NUMA nodes (e.g., QPI/UPI)\n  NODE = Connection traversing PCIe as well as the interconnect between PCIe Host Bridges within a NUMA node\n  PHB  = Connection traversing PCIe as well as a PCIe Host Bridge (typically the CPU)\n  PXB  = Connection traversing multiple PCIe bridges (without traversing the PCIe Host Bridge)\n  PIX  = Connection traversing at most a single PCIe bridge\n  NV#  = Connection traversing a bonded set of # NVLinks\n\nNIC Legend:\n\n  NIC0: ibp0\n  NIC1: ibp1\n  NIC2: ibp2\n  NIC3: ibp3\n  NIC4: mlx5_0\n  NIC5: mlx5_1\n  NIC6: mlx5_2\n  NIC7: mlx5_3\n  NIC8: mlx5_4\n  NIC9: mlx5_5\n  NIC10: mlx5_6\n  NIC11: mlx5_7\n  NIC12: mlx5_8"
            }
          }
        },
        "generated_receiver_relation_plan": {
          "after": {
            "field_errors": {},
            "gpus": [
              {
                "clocks.applications.graphics": "[Requested functionality has been deprecated]",
                "clocks.applications.memory": "[Requested functionality has been deprecated]",
                "clocks.current.graphics": "1950",
                "clocks.current.memory": "3996",
                "clocks.current.sm": "1950",
                "clocks.max.graphics": "2062",
                "clocks.max.memory": "3996",
                "clocks.max.sm": "2062",
                "driver_version": "595.71.05",
                "index": "0",
                "name": "NVIDIA GB200",
                "pci.bus_id": "00000008:01:00.0",
                "persistence_mode": "Enabled",
                "power.draw": "212.38",
                "power.limit": "1200.00",
                "pstate": "P0",
                "temperature.gpu": "36",
                "uuid": "GPU-64efb995-783a-a11a-c868-580e18809080"
              },
              {
                "clocks.applications.graphics": "[Requested functionality has been deprecated]",
                "clocks.applications.memory": "[Requested functionality has been deprecated]",
                "clocks.current.graphics": "1950",
                "clocks.current.memory": "3996",
                "clocks.current.sm": "1950",
                "clocks.max.graphics": "2062",
                "clocks.max.memory": "3996",
                "clocks.max.sm": "2062",
                "driver_version": "595.71.05",
                "index": "1",
                "name": "NVIDIA GB200",
                "pci.bus_id": "00000009:01:00.0",
                "persistence_mode": "Enabled",
                "power.draw": "203.17",
                "power.limit": "1200.00",
                "pstate": "P0",
                "temperature.gpu": "36",
                "uuid": "GPU-84233fbe-ed84-cfff-821c-7acc555c2503"
              },
              {
                "clocks.applications.graphics": "[Requested functionality has been deprecated]",
                "clocks.applications.memory": "[Requested functionality has been deprecated]",
                "clocks.current.graphics": "1950",
                "clocks.current.memory": "3996",
                "clocks.current.sm": "1950",
                "clocks.max.graphics": "2062",
                "clocks.max.memory": "3996",
                "clocks.max.sm": "2062",
                "driver_version": "595.71.05",
                "index": "2",
                "name": "NVIDIA GB200",
                "pci.bus_id": "00000018:01:00.0",
                "persistence_mode": "Enabled",
                "power.draw": "207.52",
                "power.limit": "1200.00",
                "pstate": "P0",
                "temperature.gpu": "36",
                "uuid": "GPU-19bf3c4b-1e4c-1afc-3db0-adf098d28d8b"
              },
              {
                "clocks.applications.graphics": "[Requested functionality has been deprecated]",
                "clocks.applications.memory": "[Requested functionality has been deprecated]",
                "clocks.current.graphics": "1950",
                "clocks.current.memory": "3996",
                "clocks.current.sm": "1950",
                "clocks.max.graphics": "2062",
                "clocks.max.memory": "3996",
                "clocks.max.sm": "2062",
                "driver_version": "595.71.05",
                "index": "3",
                "name": "NVIDIA GB200",
                "pci.bus_id": "00000019:01:00.0",
                "persistence_mode": "Enabled",
                "power.draw": "229.15",
                "power.limit": "1200.00",
                "pstate": "P0",
                "temperature.gpu": "36",
                "uuid": "GPU-14a91ec2-4299-59e4-c682-00a36868d987"
              }
            ],
            "topology": {
              "arguments": [
                "nvidia-smi",
                "topo",
                "-m"
              ],
              "returncode": 0,
              "stderr": "",
              "stdout": "\u001b[4mGPU0\tGPU1\tGPU2\tGPU3\tNIC0\tNIC1\tNIC2\tNIC3\tNIC4\tNIC5\tNIC6\tNIC7\tNIC8\tNIC9\tNIC10\tNIC11\tNIC12\tCPU Affinity\tNUMA Affinity\tGPU NUMA ID\u001b[0m\nGPU0\t X \tNV18\tNV18\tNV18\tNODE\tNODE\tSYS\tSYS\tNODE\tNODE\tNODE\tNODE\tNODE\tNODE\tNODE\tNODE\tNODE\t0-71\t0\t\tN/A\nGPU1\tNV18\t X \tNV18\tNV18\tNODE\tNODE\tSYS\tSYS\tNODE\tNODE\tNODE\tNODE\tNODE\tNODE\tNODE\tNODE\tNODE\t0-71\t0\t\tN/A\nGPU2\tNV18\tNV18\t X \tNV18\tSYS\tSYS\tNODE\tNODE\tSYS\tSYS\tSYS\tSYS\tSYS\tSYS\tSYS\tSYS\tSYS\t72-143\t1\t\tN/A\nGPU3\tNV18\tNV18\tNV18\t X \tSYS\tSYS\tNODE\tNODE\tSYS\tSYS\tSYS\tSYS\tSYS\tSYS\tSYS\tSYS\tSYS\t72-143\t1\t\tN/A\nNIC0\tNODE\tNODE\tSYS\tSYS\t X \tNODE\tSYS\tSYS\tNODE\tNODE\tNODE\tNODE\tNODE\tNODE\tNODE\tNODE\tNODE\t\t\t\t\nNIC1\tNODE\tNODE\tSYS\tSYS\tNODE\t X \tSYS\tSYS\tNODE\tNODE\tNODE\tNODE\tNODE\tNODE\tNODE\tNODE\tNODE\t\t\t\t\nNIC2\tSYS\tSYS\tNODE\tNODE\tSYS\tSYS\t X \tNODE\tSYS\tSYS\tSYS\tSYS\tSYS\tSYS\tSYS\tSYS\tSYS\t\t\t\t\nNIC3\tSYS\tSYS\tNODE\tNODE\tSYS\tSYS\tNODE\t X \tSYS\tSYS\tSYS\tSYS\tSYS\tSYS\tSYS\tSYS\tSYS\t\t\t\t\nNIC4\tNODE\tNODE\tSYS\tSYS\tNODE\tNODE\tSYS\tSYS\t X \tPIX\tPIX\tPIX\tPIX\tPIX\tPIX\tPIX\tPIX\t\t\t\t\nNIC5\tNODE\tNODE\tSYS\tSYS\tNODE\tNODE\tSYS\tSYS\tPIX\t X \tPIX\tPIX\tPIX\tPIX\tPIX\tPIX\tPIX\t\t\t\t\nNIC6\tNODE\tNODE\tSYS\tSYS\tNODE\tNODE\tSYS\tSYS\tPIX\tPIX\t X \tPIX\tPIX\tPIX\tPIX\tPIX\tPIX\t\t\t\t\nNIC7\tNODE\tNODE\tSYS\tSYS\tNODE\tNODE\tSYS\tSYS\tPIX\tPIX\tPIX\t X \tPIX\tPIX\tPIX\tPIX\tPIX\t\t\t\t\nNIC8\tNODE\tNODE\tSYS\tSYS\tNODE\tNODE\tSYS\tSYS\tPIX\tPIX\tPIX\tPIX\t X \tPIX\tPIX\tPIX\tPIX\t\t\t\t\nNIC9\tNODE\tNODE\tSYS\tSYS\tNODE\tNODE\tSYS\tSYS\tPIX\tPIX\tPIX\tPIX\tPIX\t X \tPIX\tPIX\tPIX\t\t\t\t\nNIC10\tNODE\tNODE\tSYS\tSYS\tNODE\tNODE\tSYS\tSYS\tPIX\tPIX\tPIX\tPIX\tPIX\tPIX\t X \tPIX\tPIX\t\t\t\t\nNIC11\tNODE\tNODE\tSYS\tSYS\tNODE\tNODE\tSYS\tSYS\tPIX\tPIX\tPIX\tPIX\tPIX\tPIX\tPIX\t X \tPIX\t\t\t\t\nNIC12\tNODE\tNODE\tSYS\tSYS\tNODE\tNODE\tSYS\tSYS\tPIX\tPIX\tPIX\tPIX\tPIX\tPIX\tPIX\tPIX\t X \t\t\t\t\n\nLegend:\n\n  X    = Self\n  SYS  = Connection traversing PCIe as well as the SMP interconnect between NUMA nodes (e.g., QPI/UPI)\n  NODE = Connection traversing PCIe as well as the interconnect between PCIe Host Bridges within a NUMA node\n  PHB  = Connection traversing PCIe as well as a PCIe Host Bridge (typically the CPU)\n  PXB  = Connection traversing multiple PCIe bridges (without traversing the PCIe Host Bridge)\n  PIX  = Connection traversing at most a single PCIe bridge\n  NV#  = Connection traversing a bonded set of # NVLinks\n\nNIC Legend:\n\n  NIC0: ibp0\n  NIC1: ibp1\n  NIC2: ibp2\n  NIC3: ibp3\n  NIC4: mlx5_0\n  NIC5: mlx5_1\n  NIC6: mlx5_2\n  NIC7: mlx5_3\n  NIC8: mlx5_4\n  NIC9: mlx5_5\n  NIC10: mlx5_6\n  NIC11: mlx5_7\n  NIC12: mlx5_8"
            }
          },
          "before": {
            "field_errors": {},
            "gpus": [
              {
                "clocks.applications.graphics": "[Requested functionality has been deprecated]",
                "clocks.applications.memory": "[Requested functionality has been deprecated]",
                "clocks.current.graphics": "1950",
                "clocks.current.memory": "3996",
                "clocks.current.sm": "1950",
                "clocks.max.graphics": "2062",
                "clocks.max.memory": "3996",
                "clocks.max.sm": "2062",
                "driver_version": "595.71.05",
                "index": "0",
                "name": "NVIDIA GB200",
                "pci.bus_id": "00000008:01:00.0",
                "persistence_mode": "Enabled",
                "power.draw": "212.37",
                "power.limit": "1200.00",
                "pstate": "P0",
                "temperature.gpu": "36",
                "uuid": "GPU-64efb995-783a-a11a-c868-580e18809080"
              },
              {
                "clocks.applications.graphics": "[Requested functionality has been deprecated]",
                "clocks.applications.memory": "[Requested functionality has been deprecated]",
                "clocks.current.graphics": "1950",
                "clocks.current.memory": "3996",
                "clocks.current.sm": "1950",
                "clocks.max.graphics": "2062",
                "clocks.max.memory": "3996",
                "clocks.max.sm": "2062",
                "driver_version": "595.71.05",
                "index": "1",
                "name": "NVIDIA GB200",
                "pci.bus_id": "00000009:01:00.0",
                "persistence_mode": "Enabled",
                "power.draw": "203.46",
                "power.limit": "1200.00",
                "pstate": "P0",
                "temperature.gpu": "36",
                "uuid": "GPU-84233fbe-ed84-cfff-821c-7acc555c2503"
              },
              {
                "clocks.applications.graphics": "[Requested functionality has been deprecated]",
                "clocks.applications.memory": "[Requested functionality has been deprecated]",
                "clocks.current.graphics": "1950",
                "clocks.current.memory": "3996",
                "clocks.current.sm": "1950",
                "clocks.max.graphics": "2062",
                "clocks.max.memory": "3996",
                "clocks.max.sm": "2062",
                "driver_version": "595.71.05",
                "index": "2",
                "name": "NVIDIA GB200",
                "pci.bus_id": "00000018:01:00.0",
                "persistence_mode": "Enabled",
                "power.draw": "207.37",
                "power.limit": "1200.00",
                "pstate": "P0",
                "temperature.gpu": "36",
                "uuid": "GPU-19bf3c4b-1e4c-1afc-3db0-adf098d28d8b"
              },
              {
                "clocks.applications.graphics": "[Requested functionality has been deprecated]",
                "clocks.applications.memory": "[Requested functionality has been deprecated]",
                "clocks.current.graphics": "1950",
                "clocks.current.memory": "3996",
                "clocks.current.sm": "1950",
                "clocks.max.graphics": "2062",
                "clocks.max.memory": "3996",
                "clocks.max.sm": "2062",
                "driver_version": "595.71.05",
                "index": "3",
                "name": "NVIDIA GB200",
                "pci.bus_id": "00000019:01:00.0",
                "persistence_mode": "Enabled",
                "power.draw": "229.06",
                "power.limit": "1200.00",
                "pstate": "P0",
                "temperature.gpu": "36",
                "uuid": "GPU-14a91ec2-4299-59e4-c682-00a36868d987"
              }
            ],
            "topology": {
              "arguments": [
                "nvidia-smi",
                "topo",
                "-m"
              ],
              "returncode": 0,
              "stderr": "",
              "stdout": "\u001b[4mGPU0\tGPU1\tGPU2\tGPU3\tNIC0\tNIC1\tNIC2\tNIC3\tNIC4\tNIC5\tNIC6\tNIC7\tNIC8\tNIC9\tNIC10\tNIC11\tNIC12\tCPU Affinity\tNUMA Affinity\tGPU NUMA ID\u001b[0m\nGPU0\t X \tNV18\tNV18\tNV18\tNODE\tNODE\tSYS\tSYS\tNODE\tNODE\tNODE\tNODE\tNODE\tNODE\tNODE\tNODE\tNODE\t0-71\t0\t\tN/A\nGPU1\tNV18\t X \tNV18\tNV18\tNODE\tNODE\tSYS\tSYS\tNODE\tNODE\tNODE\tNODE\tNODE\tNODE\tNODE\tNODE\tNODE\t0-71\t0\t\tN/A\nGPU2\tNV18\tNV18\t X \tNV18\tSYS\tSYS\tNODE\tNODE\tSYS\tSYS\tSYS\tSYS\tSYS\tSYS\tSYS\tSYS\tSYS\t72-143\t1\t\tN/A\nGPU3\tNV18\tNV18\tNV18\t X \tSYS\tSYS\tNODE\tNODE\tSYS\tSYS\tSYS\tSYS\tSYS\tSYS\tSYS\tSYS\tSYS\t72-143\t1\t\tN/A\nNIC0\tNODE\tNODE\tSYS\tSYS\t X \tNODE\tSYS\tSYS\tNODE\tNODE\tNODE\tNODE\tNODE\tNODE\tNODE\tNODE\tNODE\t\t\t\t\nNIC1\tNODE\tNODE\tSYS\tSYS\tNODE\t X \tSYS\tSYS\tNODE\tNODE\tNODE\tNODE\tNODE\tNODE\tNODE\tNODE\tNODE\t\t\t\t\nNIC2\tSYS\tSYS\tNODE\tNODE\tSYS\tSYS\t X \tNODE\tSYS\tSYS\tSYS\tSYS\tSYS\tSYS\tSYS\tSYS\tSYS\t\t\t\t\nNIC3\tSYS\tSYS\tNODE\tNODE\tSYS\tSYS\tNODE\t X \tSYS\tSYS\tSYS\tSYS\tSYS\tSYS\tSYS\tSYS\tSYS\t\t\t\t\nNIC4\tNODE\tNODE\tSYS\tSYS\tNODE\tNODE\tSYS\tSYS\t X \tPIX\tPIX\tPIX\tPIX\tPIX\tPIX\tPIX\tPIX\t\t\t\t\nNIC5\tNODE\tNODE\tSYS\tSYS\tNODE\tNODE\tSYS\tSYS\tPIX\t X \tPIX\tPIX\tPIX\tPIX\tPIX\tPIX\tPIX\t\t\t\t\nNIC6\tNODE\tNODE\tSYS\tSYS\tNODE\tNODE\tSYS\tSYS\tPIX\tPIX\t X \tPIX\tPIX\tPIX\tPIX\tPIX\tPIX\t\t\t\t\nNIC7\tNODE\tNODE\tSYS\tSYS\tNODE\tNODE\tSYS\tSYS\tPIX\tPIX\tPIX\t X \tPIX\tPIX\tPIX\tPIX\tPIX\t\t\t\t\nNIC8\tNODE\tNODE\tSYS\tSYS\tNODE\tNODE\tSYS\tSYS\tPIX\tPIX\tPIX\tPIX\t X \tPIX\tPIX\tPIX\tPIX\t\t\t\t\nNIC9\tNODE\tNODE\tSYS\tSYS\tNODE\tNODE\tSYS\tSYS\tPIX\tPIX\tPIX\tPIX\tPIX\t X \tPIX\tPIX\tPIX\t\t\t\t\nNIC10\tNODE\tNODE\tSYS\tSYS\tNODE\tNODE\tSYS\tSYS\tPIX\tPIX\tPIX\tPIX\tPIX\tPIX\t X \tPIX\tPIX\t\t\t\t\nNIC11\tNODE\tNODE\tSYS\tSYS\tNODE\tNODE\tSYS\tSYS\tPIX\tPIX\tPIX\tPIX\tPIX\tPIX\tPIX\t X \tPIX\t\t\t\t\nNIC12\tNODE\tNODE\tSYS\tSYS\tNODE\tNODE\tSYS\tSYS\tPIX\tPIX\tPIX\tPIX\tPIX\tPIX\tPIX\tPIX\t X \t\t\t\t\n\nLegend:\n\n  X    = Self\n  SYS  = Connection traversing PCIe as well as the SMP interconnect between NUMA nodes (e.g., QPI/UPI)\n  NODE = Connection traversing PCIe as well as the interconnect between PCIe Host Bridges within a NUMA node\n  PHB  = Connection traversing PCIe as well as a PCIe Host Bridge (typically the CPU)\n  PXB  = Connection traversing multiple PCIe bridges (without traversing the PCIe Host Bridge)\n  PIX  = Connection traversing at most a single PCIe bridge\n  NV#  = Connection traversing a bonded set of # NVLinks\n\nNIC Legend:\n\n  NIC0: ibp0\n  NIC1: ibp1\n  NIC2: ibp2\n  NIC3: ibp3\n  NIC4: mlx5_0\n  NIC5: mlx5_1\n  NIC6: mlx5_2\n  NIC7: mlx5_3\n  NIC8: mlx5_4\n  NIC9: mlx5_5\n  NIC10: mlx5_6\n  NIC11: mlx5_7\n  NIC12: mlx5_8"
            }
          }
        },
        "generated_shared_expert": {
          "after": {
            "field_errors": {},
            "gpus": [
              {
                "clocks.applications.graphics": "[Requested functionality has been deprecated]",
                "clocks.applications.memory": "[Requested functionality has been deprecated]",
                "clocks.current.graphics": "1950",
                "clocks.current.memory": "3996",
                "clocks.current.sm": "1950",
                "clocks.max.graphics": "2062",
                "clocks.max.memory": "3996",
                "clocks.max.sm": "2062",
                "driver_version": "595.71.05",
                "index": "0",
                "name": "NVIDIA GB200",
                "pci.bus_id": "00000008:01:00.0",
                "persistence_mode": "Enabled",
                "power.draw": "213.38",
                "power.limit": "1200.00",
                "pstate": "P0",
                "temperature.gpu": "36",
                "uuid": "GPU-64efb995-783a-a11a-c868-580e18809080"
              },
              {
                "clocks.applications.graphics": "[Requested functionality has been deprecated]",
                "clocks.applications.memory": "[Requested functionality has been deprecated]",
                "clocks.current.graphics": "1950",
                "clocks.current.memory": "3996",
                "clocks.current.sm": "1950",
                "clocks.max.graphics": "2062",
                "clocks.max.memory": "3996",
                "clocks.max.sm": "2062",
                "driver_version": "595.71.05",
                "index": "1",
                "name": "NVIDIA GB200",
                "pci.bus_id": "00000009:01:00.0",
                "persistence_mode": "Enabled",
                "power.draw": "204.05",
                "power.limit": "1200.00",
                "pstate": "P0",
                "temperature.gpu": "36",
                "uuid": "GPU-84233fbe-ed84-cfff-821c-7acc555c2503"
              },
              {
                "clocks.applications.graphics": "[Requested functionality has been deprecated]",
                "clocks.applications.memory": "[Requested functionality has been deprecated]",
                "clocks.current.graphics": "1950",
                "clocks.current.memory": "3996",
                "clocks.current.sm": "1950",
                "clocks.max.graphics": "2062",
                "clocks.max.memory": "3996",
                "clocks.max.sm": "2062",
                "driver_version": "595.71.05",
                "index": "2",
                "name": "NVIDIA GB200",
                "pci.bus_id": "00000018:01:00.0",
                "persistence_mode": "Enabled",
                "power.draw": "210.09",
                "power.limit": "1200.00",
                "pstate": "P0",
                "temperature.gpu": "36",
                "uuid": "GPU-19bf3c4b-1e4c-1afc-3db0-adf098d28d8b"
              },
              {
                "clocks.applications.graphics": "[Requested functionality has been deprecated]",
                "clocks.applications.memory": "[Requested functionality has been deprecated]",
                "clocks.current.graphics": "1950",
                "clocks.current.memory": "3996",
                "clocks.current.sm": "1950",
                "clocks.max.graphics": "2062",
                "clocks.max.memory": "3996",
                "clocks.max.sm": "2062",
                "driver_version": "595.71.05",
                "index": "3",
                "name": "NVIDIA GB200",
                "pci.bus_id": "00000019:01:00.0",
                "persistence_mode": "Enabled",
                "power.draw": "232.84",
                "power.limit": "1200.00",
                "pstate": "P0",
                "temperature.gpu": "36",
                "uuid": "GPU-14a91ec2-4299-59e4-c682-00a36868d987"
              }
            ],
            "topology": {
              "arguments": [
                "nvidia-smi",
                "topo",
                "-m"
              ],
              "returncode": 0,
              "stderr": "",
              "stdout": "\u001b[4mGPU0\tGPU1\tGPU2\tGPU3\tNIC0\tNIC1\tNIC2\tNIC3\tNIC4\tNIC5\tNIC6\tNIC7\tNIC8\tNIC9\tNIC10\tNIC11\tNIC12\tCPU Affinity\tNUMA Affinity\tGPU NUMA ID\u001b[0m\nGPU0\t X \tNV18\tNV18\tNV18\tNODE\tNODE\tSYS\tSYS\tNODE\tNODE\tNODE\tNODE\tNODE\tNODE\tNODE\tNODE\tNODE\t0-71\t0\t\tN/A\nGPU1\tNV18\t X \tNV18\tNV18\tNODE\tNODE\tSYS\tSYS\tNODE\tNODE\tNODE\tNODE\tNODE\tNODE\tNODE\tNODE\tNODE\t0-71\t0\t\tN/A\nGPU2\tNV18\tNV18\t X \tNV18\tSYS\tSYS\tNODE\tNODE\tSYS\tSYS\tSYS\tSYS\tSYS\tSYS\tSYS\tSYS\tSYS\t72-143\t1\t\tN/A\nGPU3\tNV18\tNV18\tNV18\t X \tSYS\tSYS\tNODE\tNODE\tSYS\tSYS\tSYS\tSYS\tSYS\tSYS\tSYS\tSYS\tSYS\t72-143\t1\t\tN/A\nNIC0\tNODE\tNODE\tSYS\tSYS\t X \tNODE\tSYS\tSYS\tNODE\tNODE\tNODE\tNODE\tNODE\tNODE\tNODE\tNODE\tNODE\t\t\t\t\nNIC1\tNODE\tNODE\tSYS\tSYS\tNODE\t X \tSYS\tSYS\tNODE\tNODE\tNODE\tNODE\tNODE\tNODE\tNODE\tNODE\tNODE\t\t\t\t\nNIC2\tSYS\tSYS\tNODE\tNODE\tSYS\tSYS\t X \tNODE\tSYS\tSYS\tSYS\tSYS\tSYS\tSYS\tSYS\tSYS\tSYS\t\t\t\t\nNIC3\tSYS\tSYS\tNODE\tNODE\tSYS\tSYS\tNODE\t X \tSYS\tSYS\tSYS\tSYS\tSYS\tSYS\tSYS\tSYS\tSYS\t\t\t\t\nNIC4\tNODE\tNODE\tSYS\tSYS\tNODE\tNODE\tSYS\tSYS\t X \tPIX\tPIX\tPIX\tPIX\tPIX\tPIX\tPIX\tPIX\t\t\t\t\nNIC5\tNODE\tNODE\tSYS\tSYS\tNODE\tNODE\tSYS\tSYS\tPIX\t X \tPIX\tPIX\tPIX\tPIX\tPIX\tPIX\tPIX\t\t\t\t\nNIC6\tNODE\tNODE\tSYS\tSYS\tNODE\tNODE\tSYS\tSYS\tPIX\tPIX\t X \tPIX\tPIX\tPIX\tPIX\tPIX\tPIX\t\t\t\t\nNIC7\tNODE\tNODE\tSYS\tSYS\tNODE\tNODE\tSYS\tSYS\tPIX\tPIX\tPIX\t X \tPIX\tPIX\tPIX\tPIX\tPIX\t\t\t\t\nNIC8\tNODE\tNODE\tSYS\tSYS\tNODE\tNODE\tSYS\tSYS\tPIX\tPIX\tPIX\tPIX\t X \tPIX\tPIX\tPIX\tPIX\t\t\t\t\nNIC9\tNODE\tNODE\tSYS\tSYS\tNODE\tNODE\tSYS\tSYS\tPIX\tPIX\tPIX\tPIX\tPIX\t X \tPIX\tPIX\tPIX\t\t\t\t\nNIC10\tNODE\tNODE\tSYS\tSYS\tNODE\tNODE\tSYS\tSYS\tPIX\tPIX\tPIX\tPIX\tPIX\tPIX\t X \tPIX\tPIX\t\t\t\t\nNIC11\tNODE\tNODE\tSYS\tSYS\tNODE\tNODE\tSYS\tSYS\tPIX\tPIX\tPIX\tPIX\tPIX\tPIX\tPIX\t X \tPIX\t\t\t\t\nNIC12\tNODE\tNODE\tSYS\tSYS\tNODE\tNODE\tSYS\tSYS\tPIX\tPIX\tPIX\tPIX\tPIX\tPIX\tPIX\tPIX\t X \t\t\t\t\n\nLegend:\n\n  X    = Self\n  SYS  = Connection traversing PCIe as well as the SMP interconnect between NUMA nodes (e.g., QPI/UPI)\n  NODE = Connection traversing PCIe as well as the interconnect between PCIe Host Bridges within a NUMA node\n  PHB  = Connection traversing PCIe as well as a PCIe Host Bridge (typically the CPU)\n  PXB  = Connection traversing multiple PCIe bridges (without traversing the PCIe Host Bridge)\n  PIX  = Connection traversing at most a single PCIe bridge\n  NV#  = Connection traversing a bonded set of # NVLinks\n\nNIC Legend:\n\n  NIC0: ibp0\n  NIC1: ibp1\n  NIC2: ibp2\n  NIC3: ibp3\n  NIC4: mlx5_0\n  NIC5: mlx5_1\n  NIC6: mlx5_2\n  NIC7: mlx5_3\n  NIC8: mlx5_4\n  NIC9: mlx5_5\n  NIC10: mlx5_6\n  NIC11: mlx5_7\n  NIC12: mlx5_8"
            }
          },
          "before": {
            "field_errors": {},
            "gpus": [
              {
                "clocks.applications.graphics": "[Requested functionality has been deprecated]",
                "clocks.applications.memory": "[Requested functionality has been deprecated]",
                "clocks.current.graphics": "1950",
                "clocks.current.memory": "3996",
                "clocks.current.sm": "1950",
                "clocks.max.graphics": "2062",
                "clocks.max.memory": "3996",
                "clocks.max.sm": "2062",
                "driver_version": "595.71.05",
                "index": "0",
                "name": "NVIDIA GB200",
                "pci.bus_id": "00000008:01:00.0",
                "persistence_mode": "Enabled",
                "power.draw": "212.37",
                "power.limit": "1200.00",
                "pstate": "P0",
                "temperature.gpu": "36",
                "uuid": "GPU-64efb995-783a-a11a-c868-580e18809080"
              },
              {
                "clocks.applications.graphics": "[Requested functionality has been deprecated]",
                "clocks.applications.memory": "[Requested functionality has been deprecated]",
                "clocks.current.graphics": "1950",
                "clocks.current.memory": "3996",
                "clocks.current.sm": "1950",
                "clocks.max.graphics": "2062",
                "clocks.max.memory": "3996",
                "clocks.max.sm": "2062",
                "driver_version": "595.71.05",
                "index": "1",
                "name": "NVIDIA GB200",
                "pci.bus_id": "00000009:01:00.0",
                "persistence_mode": "Enabled",
                "power.draw": "203.54",
                "power.limit": "1200.00",
                "pstate": "P0",
                "temperature.gpu": "36",
                "uuid": "GPU-84233fbe-ed84-cfff-821c-7acc555c2503"
              },
              {
                "clocks.applications.graphics": "[Requested functionality has been deprecated]",
                "clocks.applications.memory": "[Requested functionality has been deprecated]",
                "clocks.current.graphics": "1950",
                "clocks.current.memory": "3996",
                "clocks.current.sm": "1950",
                "clocks.max.graphics": "2062",
                "clocks.max.memory": "3996",
                "clocks.max.sm": "2062",
                "driver_version": "595.71.05",
                "index": "2",
                "name": "NVIDIA GB200",
                "pci.bus_id": "00000018:01:00.0",
                "persistence_mode": "Enabled",
                "power.draw": "209.52",
                "power.limit": "1200.00",
                "pstate": "P0",
                "temperature.gpu": "36",
                "uuid": "GPU-19bf3c4b-1e4c-1afc-3db0-adf098d28d8b"
              },
              {
                "clocks.applications.graphics": "[Requested functionality has been deprecated]",
                "clocks.applications.memory": "[Requested functionality has been deprecated]",
                "clocks.current.graphics": "1950",
                "clocks.current.memory": "3996",
                "clocks.current.sm": "1950",
                "clocks.max.graphics": "2062",
                "clocks.max.memory": "3996",
                "clocks.max.sm": "2062",
                "driver_version": "595.71.05",
                "index": "3",
                "name": "NVIDIA GB200",
                "pci.bus_id": "00000019:01:00.0",
                "persistence_mode": "Enabled",
                "power.draw": "231.06",
                "power.limit": "1200.00",
                "pstate": "P0",
                "temperature.gpu": "36",
                "uuid": "GPU-14a91ec2-4299-59e4-c682-00a36868d987"
              }
            ],
            "topology": {
              "arguments": [
                "nvidia-smi",
                "topo",
                "-m"
              ],
              "returncode": 0,
              "stderr": "",
              "stdout": "\u001b[4mGPU0\tGPU1\tGPU2\tGPU3\tNIC0\tNIC1\tNIC2\tNIC3\tNIC4\tNIC5\tNIC6\tNIC7\tNIC8\tNIC9\tNIC10\tNIC11\tNIC12\tCPU Affinity\tNUMA Affinity\tGPU NUMA ID\u001b[0m\nGPU0\t X \tNV18\tNV18\tNV18\tNODE\tNODE\tSYS\tSYS\tNODE\tNODE\tNODE\tNODE\tNODE\tNODE\tNODE\tNODE\tNODE\t0-71\t0\t\tN/A\nGPU1\tNV18\t X \tNV18\tNV18\tNODE\tNODE\tSYS\tSYS\tNODE\tNODE\tNODE\tNODE\tNODE\tNODE\tNODE\tNODE\tNODE\t0-71\t0\t\tN/A\nGPU2\tNV18\tNV18\t X \tNV18\tSYS\tSYS\tNODE\tNODE\tSYS\tSYS\tSYS\tSYS\tSYS\tSYS\tSYS\tSYS\tSYS\t72-143\t1\t\tN/A\nGPU3\tNV18\tNV18\tNV18\t X \tSYS\tSYS\tNODE\tNODE\tSYS\tSYS\tSYS\tSYS\tSYS\tSYS\tSYS\tSYS\tSYS\t72-143\t1\t\tN/A\nNIC0\tNODE\tNODE\tSYS\tSYS\t X \tNODE\tSYS\tSYS\tNODE\tNODE\tNODE\tNODE\tNODE\tNODE\tNODE\tNODE\tNODE\t\t\t\t\nNIC1\tNODE\tNODE\tSYS\tSYS\tNODE\t X \tSYS\tSYS\tNODE\tNODE\tNODE\tNODE\tNODE\tNODE\tNODE\tNODE\tNODE\t\t\t\t\nNIC2\tSYS\tSYS\tNODE\tNODE\tSYS\tSYS\t X \tNODE\tSYS\tSYS\tSYS\tSYS\tSYS\tSYS\tSYS\tSYS\tSYS\t\t\t\t\nNIC3\tSYS\tSYS\tNODE\tNODE\tSYS\tSYS\tNODE\t X \tSYS\tSYS\tSYS\tSYS\tSYS\tSYS\tSYS\tSYS\tSYS\t\t\t\t\nNIC4\tNODE\tNODE\tSYS\tSYS\tNODE\tNODE\tSYS\tSYS\t X \tPIX\tPIX\tPIX\tPIX\tPIX\tPIX\tPIX\tPIX\t\t\t\t\nNIC5\tNODE\tNODE\tSYS\tSYS\tNODE\tNODE\tSYS\tSYS\tPIX\t X \tPIX\tPIX\tPIX\tPIX\tPIX\tPIX\tPIX\t\t\t\t\nNIC6\tNODE\tNODE\tSYS\tSYS\tNODE\tNODE\tSYS\tSYS\tPIX\tPIX\t X \tPIX\tPIX\tPIX\tPIX\tPIX\tPIX\t\t\t\t\nNIC7\tNODE\tNODE\tSYS\tSYS\tNODE\tNODE\tSYS\tSYS\tPIX\tPIX\tPIX\t X \tPIX\tPIX\tPIX\tPIX\tPIX\t\t\t\t\nNIC8\tNODE\tNODE\tSYS\tSYS\tNODE\tNODE\tSYS\tSYS\tPIX\tPIX\tPIX\tPIX\t X \tPIX\tPIX\tPIX\tPIX\t\t\t\t\nNIC9\tNODE\tNODE\tSYS\tSYS\tNODE\tNODE\tSYS\tSYS\tPIX\tPIX\tPIX\tPIX\tPIX\t X \tPIX\tPIX\tPIX\t\t\t\t\nNIC10\tNODE\tNODE\tSYS\tSYS\tNODE\tNODE\tSYS\tSYS\tPIX\tPIX\tPIX\tPIX\tPIX\tPIX\t X \tPIX\tPIX\t\t\t\t\nNIC11\tNODE\tNODE\tSYS\tSYS\tNODE\tNODE\tSYS\tSYS\tPIX\tPIX\tPIX\tPIX\tPIX\tPIX\tPIX\t X \tPIX\t\t\t\t\nNIC12\tNODE\tNODE\tSYS\tSYS\tNODE\tNODE\tSYS\tSYS\tPIX\tPIX\tPIX\tPIX\tPIX\tPIX\tPIX\tPIX\t X \t\t\t\t\n\nLegend:\n\n  X    = Self\n  SYS  = Connection traversing PCIe as well as the SMP interconnect between NUMA nodes (e.g., QPI/UPI)\n  NODE = Connection traversing PCIe as well as the interconnect between PCIe Host Bridges within a NUMA node\n  PHB  = Connection traversing PCIe as well as a PCIe Host Bridge (typically the CPU)\n  PXB  = Connection traversing multiple PCIe bridges (without traversing the PCIe Host Bridge)\n  PIX  = Connection traversing at most a single PCIe bridge\n  NV#  = Connection traversing a bonded set of # NVLinks\n\nNIC Legend:\n\n  NIC0: ibp0\n  NIC1: ibp1\n  NIC2: ibp2\n  NIC3: ibp3\n  NIC4: mlx5_0\n  NIC5: mlx5_1\n  NIC6: mlx5_2\n  NIC7: mlx5_3\n  NIC8: mlx5_4\n  NIC9: mlx5_5\n  NIC10: mlx5_6\n  NIC11: mlx5_7\n  NIC12: mlx5_8"
            }
          }
        },
        "mok_oracle_post_route": {
          "after": {
            "field_errors": {},
            "gpus": [
              {
                "clocks.applications.graphics": "[Requested functionality has been deprecated]",
                "clocks.applications.memory": "[Requested functionality has been deprecated]",
                "clocks.current.graphics": "1950",
                "clocks.current.memory": "3996",
                "clocks.current.sm": "1950",
                "clocks.max.graphics": "2062",
                "clocks.max.memory": "3996",
                "clocks.max.sm": "2062",
                "driver_version": "595.71.05",
                "index": "0",
                "name": "NVIDIA GB200",
                "pci.bus_id": "00000008:01:00.0",
                "persistence_mode": "Enabled",
                "power.draw": "224.84",
                "power.limit": "1200.00",
                "pstate": "P0",
                "temperature.gpu": "36",
                "uuid": "GPU-64efb995-783a-a11a-c868-580e18809080"
              },
              {
                "clocks.applications.graphics": "[Requested functionality has been deprecated]",
                "clocks.applications.memory": "[Requested functionality has been deprecated]",
                "clocks.current.graphics": "1950",
                "clocks.current.memory": "3996",
                "clocks.current.sm": "1950",
                "clocks.max.graphics": "2062",
                "clocks.max.memory": "3996",
                "clocks.max.sm": "2062",
                "driver_version": "595.71.05",
                "index": "1",
                "name": "NVIDIA GB200",
                "pci.bus_id": "00000009:01:00.0",
                "persistence_mode": "Enabled",
                "power.draw": "218.01",
                "power.limit": "1200.00",
                "pstate": "P0",
                "temperature.gpu": "36",
                "uuid": "GPU-84233fbe-ed84-cfff-821c-7acc555c2503"
              },
              {
                "clocks.applications.graphics": "[Requested functionality has been deprecated]",
                "clocks.applications.memory": "[Requested functionality has been deprecated]",
                "clocks.current.graphics": "1950",
                "clocks.current.memory": "3996",
                "clocks.current.sm": "1950",
                "clocks.max.graphics": "2062",
                "clocks.max.memory": "3996",
                "clocks.max.sm": "2062",
                "driver_version": "595.71.05",
                "index": "2",
                "name": "NVIDIA GB200",
                "pci.bus_id": "00000018:01:00.0",
                "persistence_mode": "Enabled",
                "power.draw": "220.10",
                "power.limit": "1200.00",
                "pstate": "P0",
                "temperature.gpu": "36",
                "uuid": "GPU-19bf3c4b-1e4c-1afc-3db0-adf098d28d8b"
              },
              {
                "clocks.applications.graphics": "[Requested functionality has been deprecated]",
                "clocks.applications.memory": "[Requested functionality has been deprecated]",
                "clocks.current.graphics": "1950",
                "clocks.current.memory": "3996",
                "clocks.current.sm": "1950",
                "clocks.max.graphics": "2062",
                "clocks.max.memory": "3996",
                "clocks.max.sm": "2062",
                "driver_version": "595.71.05",
                "index": "3",
                "name": "NVIDIA GB200",
                "pci.bus_id": "00000019:01:00.0",
                "persistence_mode": "Enabled",
                "power.draw": "242.36",
                "power.limit": "1200.00",
                "pstate": "P0",
                "temperature.gpu": "36",
                "uuid": "GPU-14a91ec2-4299-59e4-c682-00a36868d987"
              }
            ],
            "topology": {
              "arguments": [
                "nvidia-smi",
                "topo",
                "-m"
              ],
              "returncode": 0,
              "stderr": "",
              "stdout": "\u001b[4mGPU0\tGPU1\tGPU2\tGPU3\tNIC0\tNIC1\tNIC2\tNIC3\tNIC4\tNIC5\tNIC6\tNIC7\tNIC8\tNIC9\tNIC10\tNIC11\tNIC12\tCPU Affinity\tNUMA Affinity\tGPU NUMA ID\u001b[0m\nGPU0\t X \tNV18\tNV18\tNV18\tNODE\tNODE\tSYS\tSYS\tNODE\tNODE\tNODE\tNODE\tNODE\tNODE\tNODE\tNODE\tNODE\t0-71\t0\t\tN/A\nGPU1\tNV18\t X \tNV18\tNV18\tNODE\tNODE\tSYS\tSYS\tNODE\tNODE\tNODE\tNODE\tNODE\tNODE\tNODE\tNODE\tNODE\t0-71\t0\t\tN/A\nGPU2\tNV18\tNV18\t X \tNV18\tSYS\tSYS\tNODE\tNODE\tSYS\tSYS\tSYS\tSYS\tSYS\tSYS\tSYS\tSYS\tSYS\t72-143\t1\t\tN/A\nGPU3\tNV18\tNV18\tNV18\t X \tSYS\tSYS\tNODE\tNODE\tSYS\tSYS\tSYS\tSYS\tSYS\tSYS\tSYS\tSYS\tSYS\t72-143\t1\t\tN/A\nNIC0\tNODE\tNODE\tSYS\tSYS\t X \tNODE\tSYS\tSYS\tNODE\tNODE\tNODE\tNODE\tNODE\tNODE\tNODE\tNODE\tNODE\t\t\t\t\nNIC1\tNODE\tNODE\tSYS\tSYS\tNODE\t X \tSYS\tSYS\tNODE\tNODE\tNODE\tNODE\tNODE\tNODE\tNODE\tNODE\tNODE\t\t\t\t\nNIC2\tSYS\tSYS\tNODE\tNODE\tSYS\tSYS\t X \tNODE\tSYS\tSYS\tSYS\tSYS\tSYS\tSYS\tSYS\tSYS\tSYS\t\t\t\t\nNIC3\tSYS\tSYS\tNODE\tNODE\tSYS\tSYS\tNODE\t X \tSYS\tSYS\tSYS\tSYS\tSYS\tSYS\tSYS\tSYS\tSYS\t\t\t\t\nNIC4\tNODE\tNODE\tSYS\tSYS\tNODE\tNODE\tSYS\tSYS\t X \tPIX\tPIX\tPIX\tPIX\tPIX\tPIX\tPIX\tPIX\t\t\t\t\nNIC5\tNODE\tNODE\tSYS\tSYS\tNODE\tNODE\tSYS\tSYS\tPIX\t X \tPIX\tPIX\tPIX\tPIX\tPIX\tPIX\tPIX\t\t\t\t\nNIC6\tNODE\tNODE\tSYS\tSYS\tNODE\tNODE\tSYS\tSYS\tPIX\tPIX\t X \tPIX\tPIX\tPIX\tPIX\tPIX\tPIX\t\t\t\t\nNIC7\tNODE\tNODE\tSYS\tSYS\tNODE\tNODE\tSYS\tSYS\tPIX\tPIX\tPIX\t X \tPIX\tPIX\tPIX\tPIX\tPIX\t\t\t\t\nNIC8\tNODE\tNODE\tSYS\tSYS\tNODE\tNODE\tSYS\tSYS\tPIX\tPIX\tPIX\tPIX\t X \tPIX\tPIX\tPIX\tPIX\t\t\t\t\nNIC9\tNODE\tNODE\tSYS\tSYS\tNODE\tNODE\tSYS\tSYS\tPIX\tPIX\tPIX\tPIX\tPIX\t X \tPIX\tPIX\tPIX\t\t\t\t\nNIC10\tNODE\tNODE\tSYS\tSYS\tNODE\tNODE\tSYS\tSYS\tPIX\tPIX\tPIX\tPIX\tPIX\tPIX\t X \tPIX\tPIX\t\t\t\t\nNIC11\tNODE\tNODE\tSYS\tSYS\tNODE\tNODE\tSYS\tSYS\tPIX\tPIX\tPIX\tPIX\tPIX\tPIX\tPIX\t X \tPIX\t\t\t\t\nNIC12\tNODE\tNODE\tSYS\tSYS\tNODE\tNODE\tSYS\tSYS\tPIX\tPIX\tPIX\tPIX\tPIX\tPIX\tPIX\tPIX\t X \t\t\t\t\n\nLegend:\n\n  X    = Self\n  SYS  = Connection traversing PCIe as well as the SMP interconnect between NUMA nodes (e.g., QPI/UPI)\n  NODE = Connection traversing PCIe as well as the interconnect between PCIe Host Bridges within a NUMA node\n  PHB  = Connection traversing PCIe as well as a PCIe Host Bridge (typically the CPU)\n  PXB  = Connection traversing multiple PCIe bridges (without traversing the PCIe Host Bridge)\n  PIX  = Connection traversing at most a single PCIe bridge\n  NV#  = Connection traversing a bonded set of # NVLinks\n\nNIC Legend:\n\n  NIC0: ibp0\n  NIC1: ibp1\n  NIC2: ibp2\n  NIC3: ibp3\n  NIC4: mlx5_0\n  NIC5: mlx5_1\n  NIC6: mlx5_2\n  NIC7: mlx5_3\n  NIC8: mlx5_4\n  NIC9: mlx5_5\n  NIC10: mlx5_6\n  NIC11: mlx5_7\n  NIC12: mlx5_8"
            }
          },
          "before": {
            "field_errors": {},
            "gpus": [
              {
                "clocks.applications.graphics": "[Requested functionality has been deprecated]",
                "clocks.applications.memory": "[Requested functionality has been deprecated]",
                "clocks.current.graphics": "1950",
                "clocks.current.memory": "3996",
                "clocks.current.sm": "1950",
                "clocks.max.graphics": "2062",
                "clocks.max.memory": "3996",
                "clocks.max.sm": "2062",
                "driver_version": "595.71.05",
                "index": "0",
                "name": "NVIDIA GB200",
                "pci.bus_id": "00000008:01:00.0",
                "persistence_mode": "Enabled",
                "power.draw": "212.44",
                "power.limit": "1200.00",
                "pstate": "P0",
                "temperature.gpu": "36",
                "uuid": "GPU-64efb995-783a-a11a-c868-580e18809080"
              },
              {
                "clocks.applications.graphics": "[Requested functionality has been deprecated]",
                "clocks.applications.memory": "[Requested functionality has been deprecated]",
                "clocks.current.graphics": "1950",
                "clocks.current.memory": "3996",
                "clocks.current.sm": "1950",
                "clocks.max.graphics": "2062",
                "clocks.max.memory": "3996",
                "clocks.max.sm": "2062",
                "driver_version": "595.71.05",
                "index": "1",
                "name": "NVIDIA GB200",
                "pci.bus_id": "00000009:01:00.0",
                "persistence_mode": "Enabled",
                "power.draw": "203.62",
                "power.limit": "1200.00",
                "pstate": "P0",
                "temperature.gpu": "36",
                "uuid": "GPU-84233fbe-ed84-cfff-821c-7acc555c2503"
              },
              {
                "clocks.applications.graphics": "[Requested functionality has been deprecated]",
                "clocks.applications.memory": "[Requested functionality has been deprecated]",
                "clocks.current.graphics": "1950",
                "clocks.current.memory": "3996",
                "clocks.current.sm": "1950",
                "clocks.max.graphics": "2062",
                "clocks.max.memory": "3996",
                "clocks.max.sm": "2062",
                "driver_version": "595.71.05",
                "index": "2",
                "name": "NVIDIA GB200",
                "pci.bus_id": "00000018:01:00.0",
                "persistence_mode": "Enabled",
                "power.draw": "208.42",
                "power.limit": "1200.00",
                "pstate": "P0",
                "temperature.gpu": "36",
                "uuid": "GPU-19bf3c4b-1e4c-1afc-3db0-adf098d28d8b"
              },
              {
                "clocks.applications.graphics": "[Requested functionality has been deprecated]",
                "clocks.applications.memory": "[Requested functionality has been deprecated]",
                "clocks.current.graphics": "1950",
                "clocks.current.memory": "3996",
                "clocks.current.sm": "1950",
                "clocks.max.graphics": "2062",
                "clocks.max.memory": "3996",
                "clocks.max.sm": "2062",
                "driver_version": "595.71.05",
                "index": "3",
                "name": "NVIDIA GB200",
                "pci.bus_id": "00000019:01:00.0",
                "persistence_mode": "Enabled",
                "power.draw": "230.21",
                "power.limit": "1200.00",
                "pstate": "P0",
                "temperature.gpu": "36",
                "uuid": "GPU-14a91ec2-4299-59e4-c682-00a36868d987"
              }
            ],
            "topology": {
              "arguments": [
                "nvidia-smi",
                "topo",
                "-m"
              ],
              "returncode": 0,
              "stderr": "",
              "stdout": "\u001b[4mGPU0\tGPU1\tGPU2\tGPU3\tNIC0\tNIC1\tNIC2\tNIC3\tNIC4\tNIC5\tNIC6\tNIC7\tNIC8\tNIC9\tNIC10\tNIC11\tNIC12\tCPU Affinity\tNUMA Affinity\tGPU NUMA ID\u001b[0m\nGPU0\t X \tNV18\tNV18\tNV18\tNODE\tNODE\tSYS\tSYS\tNODE\tNODE\tNODE\tNODE\tNODE\tNODE\tNODE\tNODE\tNODE\t0-71\t0\t\tN/A\nGPU1\tNV18\t X \tNV18\tNV18\tNODE\tNODE\tSYS\tSYS\tNODE\tNODE\tNODE\tNODE\tNODE\tNODE\tNODE\tNODE\tNODE\t0-71\t0\t\tN/A\nGPU2\tNV18\tNV18\t X \tNV18\tSYS\tSYS\tNODE\tNODE\tSYS\tSYS\tSYS\tSYS\tSYS\tSYS\tSYS\tSYS\tSYS\t72-143\t1\t\tN/A\nGPU3\tNV18\tNV18\tNV18\t X \tSYS\tSYS\tNODE\tNODE\tSYS\tSYS\tSYS\tSYS\tSYS\tSYS\tSYS\tSYS\tSYS\t72-143\t1\t\tN/A\nNIC0\tNODE\tNODE\tSYS\tSYS\t X \tNODE\tSYS\tSYS\tNODE\tNODE\tNODE\tNODE\tNODE\tNODE\tNODE\tNODE\tNODE\t\t\t\t\nNIC1\tNODE\tNODE\tSYS\tSYS\tNODE\t X \tSYS\tSYS\tNODE\tNODE\tNODE\tNODE\tNODE\tNODE\tNODE\tNODE\tNODE\t\t\t\t\nNIC2\tSYS\tSYS\tNODE\tNODE\tSYS\tSYS\t X \tNODE\tSYS\tSYS\tSYS\tSYS\tSYS\tSYS\tSYS\tSYS\tSYS\t\t\t\t\nNIC3\tSYS\tSYS\tNODE\tNODE\tSYS\tSYS\tNODE\t X \tSYS\tSYS\tSYS\tSYS\tSYS\tSYS\tSYS\tSYS\tSYS\t\t\t\t\nNIC4\tNODE\tNODE\tSYS\tSYS\tNODE\tNODE\tSYS\tSYS\t X \tPIX\tPIX\tPIX\tPIX\tPIX\tPIX\tPIX\tPIX\t\t\t\t\nNIC5\tNODE\tNODE\tSYS\tSYS\tNODE\tNODE\tSYS\tSYS\tPIX\t X \tPIX\tPIX\tPIX\tPIX\tPIX\tPIX\tPIX\t\t\t\t\nNIC6\tNODE\tNODE\tSYS\tSYS\tNODE\tNODE\tSYS\tSYS\tPIX\tPIX\t X \tPIX\tPIX\tPIX\tPIX\tPIX\tPIX\t\t\t\t\nNIC7\tNODE\tNODE\tSYS\tSYS\tNODE\tNODE\tSYS\tSYS\tPIX\tPIX\tPIX\t X \tPIX\tPIX\tPIX\tPIX\tPIX\t\t\t\t\nNIC8\tNODE\tNODE\tSYS\tSYS\tNODE\tNODE\tSYS\tSYS\tPIX\tPIX\tPIX\tPIX\t X \tPIX\tPIX\tPIX\tPIX\t\t\t\t\nNIC9\tNODE\tNODE\tSYS\tSYS\tNODE\tNODE\tSYS\tSYS\tPIX\tPIX\tPIX\tPIX\tPIX\t X \tPIX\tPIX\tPIX\t\t\t\t\nNIC10\tNODE\tNODE\tSYS\tSYS\tNODE\tNODE\tSYS\tSYS\tPIX\tPIX\tPIX\tPIX\tPIX\tPIX\t X \tPIX\tPIX\t\t\t\t\nNIC11\tNODE\tNODE\tSYS\tSYS\tNODE\tNODE\tSYS\tSYS\tPIX\tPIX\tPIX\tPIX\tPIX\tPIX\tPIX\t X \tPIX\t\t\t\t\nNIC12\tNODE\tNODE\tSYS\tSYS\tNODE\tNODE\tSYS\tSYS\tPIX\tPIX\tPIX\tPIX\tPIX\tPIX\tPIX\tPIX\t X \t\t\t\t\n\nLegend:\n\n  X    = Self\n  SYS  = Connection traversing PCIe as well as the SMP interconnect between NUMA nodes (e.g., QPI/UPI)\n  NODE = Connection traversing PCIe as well as the interconnect between PCIe Host Bridges within a NUMA node\n  PHB  = Connection traversing PCIe as well as a PCIe Host Bridge (typically the CPU)\n  PXB  = Connection traversing multiple PCIe bridges (without traversing the PCIe Host Bridge)\n  PIX  = Connection traversing at most a single PCIe bridge\n  NV#  = Connection traversing a bonded set of # NVLinks\n\nNIC Legend:\n\n  NIC0: ibp0\n  NIC1: ibp1\n  NIC2: ibp2\n  NIC3: ibp3\n  NIC4: mlx5_0\n  NIC5: mlx5_1\n  NIC6: mlx5_2\n  NIC7: mlx5_3\n  NIC8: mlx5_4\n  NIC9: mlx5_5\n  NIC10: mlx5_6\n  NIC11: mlx5_7\n  NIC12: mlx5_8"
            }
          }
        },
        "natural_end_to_end_mok_oracle": {
          "after": {
            "field_errors": {},
            "gpus": [
              {
                "clocks.applications.graphics": "[Requested functionality has been deprecated]",
                "clocks.applications.memory": "[Requested functionality has been deprecated]",
                "clocks.current.graphics": "1950",
                "clocks.current.memory": "3996",
                "clocks.current.sm": "1950",
                "clocks.max.graphics": "2062",
                "clocks.max.memory": "3996",
                "clocks.max.sm": "2062",
                "driver_version": "595.71.05",
                "index": "0",
                "name": "NVIDIA GB200",
                "pci.bus_id": "00000008:01:00.0",
                "persistence_mode": "Enabled",
                "power.draw": "219.92",
                "power.limit": "1200.00",
                "pstate": "P0",
                "temperature.gpu": "36",
                "uuid": "GPU-64efb995-783a-a11a-c868-580e18809080"
              },
              {
                "clocks.applications.graphics": "[Requested functionality has been deprecated]",
                "clocks.applications.memory": "[Requested functionality has been deprecated]",
                "clocks.current.graphics": "1950",
                "clocks.current.memory": "3996",
                "clocks.current.sm": "1950",
                "clocks.max.graphics": "2062",
                "clocks.max.memory": "3996",
                "clocks.max.sm": "2062",
                "driver_version": "595.71.05",
                "index": "1",
                "name": "NVIDIA GB200",
                "pci.bus_id": "00000009:01:00.0",
                "persistence_mode": "Enabled",
                "power.draw": "219.73",
                "power.limit": "1200.00",
                "pstate": "P0",
                "temperature.gpu": "36",
                "uuid": "GPU-84233fbe-ed84-cfff-821c-7acc555c2503"
              },
              {
                "clocks.applications.graphics": "[Requested functionality has been deprecated]",
                "clocks.applications.memory": "[Requested functionality has been deprecated]",
                "clocks.current.graphics": "1950",
                "clocks.current.memory": "3996",
                "clocks.current.sm": "1950",
                "clocks.max.graphics": "2062",
                "clocks.max.memory": "3996",
                "clocks.max.sm": "2062",
                "driver_version": "595.71.05",
                "index": "2",
                "name": "NVIDIA GB200",
                "pci.bus_id": "00000018:01:00.0",
                "persistence_mode": "Enabled",
                "power.draw": "216.00",
                "power.limit": "1200.00",
                "pstate": "P0",
                "temperature.gpu": "36",
                "uuid": "GPU-19bf3c4b-1e4c-1afc-3db0-adf098d28d8b"
              },
              {
                "clocks.applications.graphics": "[Requested functionality has been deprecated]",
                "clocks.applications.memory": "[Requested functionality has been deprecated]",
                "clocks.current.graphics": "1950",
                "clocks.current.memory": "3996",
                "clocks.current.sm": "1950",
                "clocks.max.graphics": "2062",
                "clocks.max.memory": "3996",
                "clocks.max.sm": "2062",
                "driver_version": "595.71.05",
                "index": "3",
                "name": "NVIDIA GB200",
                "pci.bus_id": "00000019:01:00.0",
                "persistence_mode": "Enabled",
                "power.draw": "240.65",
                "power.limit": "1200.00",
                "pstate": "P0",
                "temperature.gpu": "36",
                "uuid": "GPU-14a91ec2-4299-59e4-c682-00a36868d987"
              }
            ],
            "topology": {
              "arguments": [
                "nvidia-smi",
                "topo",
                "-m"
              ],
              "returncode": 0,
              "stderr": "",
              "stdout": "\u001b[4mGPU0\tGPU1\tGPU2\tGPU3\tNIC0\tNIC1\tNIC2\tNIC3\tNIC4\tNIC5\tNIC6\tNIC7\tNIC8\tNIC9\tNIC10\tNIC11\tNIC12\tCPU Affinity\tNUMA Affinity\tGPU NUMA ID\u001b[0m\nGPU0\t X \tNV18\tNV18\tNV18\tNODE\tNODE\tSYS\tSYS\tNODE\tNODE\tNODE\tNODE\tNODE\tNODE\tNODE\tNODE\tNODE\t0-71\t0\t\tN/A\nGPU1\tNV18\t X \tNV18\tNV18\tNODE\tNODE\tSYS\tSYS\tNODE\tNODE\tNODE\tNODE\tNODE\tNODE\tNODE\tNODE\tNODE\t0-71\t0\t\tN/A\nGPU2\tNV18\tNV18\t X \tNV18\tSYS\tSYS\tNODE\tNODE\tSYS\tSYS\tSYS\tSYS\tSYS\tSYS\tSYS\tSYS\tSYS\t72-143\t1\t\tN/A\nGPU3\tNV18\tNV18\tNV18\t X \tSYS\tSYS\tNODE\tNODE\tSYS\tSYS\tSYS\tSYS\tSYS\tSYS\tSYS\tSYS\tSYS\t72-143\t1\t\tN/A\nNIC0\tNODE\tNODE\tSYS\tSYS\t X \tNODE\tSYS\tSYS\tNODE\tNODE\tNODE\tNODE\tNODE\tNODE\tNODE\tNODE\tNODE\t\t\t\t\nNIC1\tNODE\tNODE\tSYS\tSYS\tNODE\t X \tSYS\tSYS\tNODE\tNODE\tNODE\tNODE\tNODE\tNODE\tNODE\tNODE\tNODE\t\t\t\t\nNIC2\tSYS\tSYS\tNODE\tNODE\tSYS\tSYS\t X \tNODE\tSYS\tSYS\tSYS\tSYS\tSYS\tSYS\tSYS\tSYS\tSYS\t\t\t\t\nNIC3\tSYS\tSYS\tNODE\tNODE\tSYS\tSYS\tNODE\t X \tSYS\tSYS\tSYS\tSYS\tSYS\tSYS\tSYS\tSYS\tSYS\t\t\t\t\nNIC4\tNODE\tNODE\tSYS\tSYS\tNODE\tNODE\tSYS\tSYS\t X \tPIX\tPIX\tPIX\tPIX\tPIX\tPIX\tPIX\tPIX\t\t\t\t\nNIC5\tNODE\tNODE\tSYS\tSYS\tNODE\tNODE\tSYS\tSYS\tPIX\t X \tPIX\tPIX\tPIX\tPIX\tPIX\tPIX\tPIX\t\t\t\t\nNIC6\tNODE\tNODE\tSYS\tSYS\tNODE\tNODE\tSYS\tSYS\tPIX\tPIX\t X \tPIX\tPIX\tPIX\tPIX\tPIX\tPIX\t\t\t\t\nNIC7\tNODE\tNODE\tSYS\tSYS\tNODE\tNODE\tSYS\tSYS\tPIX\tPIX\tPIX\t X \tPIX\tPIX\tPIX\tPIX\tPIX\t\t\t\t\nNIC8\tNODE\tNODE\tSYS\tSYS\tNODE\tNODE\tSYS\tSYS\tPIX\tPIX\tPIX\tPIX\t X \tPIX\tPIX\tPIX\tPIX\t\t\t\t\nNIC9\tNODE\tNODE\tSYS\tSYS\tNODE\tNODE\tSYS\tSYS\tPIX\tPIX\tPIX\tPIX\tPIX\t X \tPIX\tPIX\tPIX\t\t\t\t\nNIC10\tNODE\tNODE\tSYS\tSYS\tNODE\tNODE\tSYS\tSYS\tPIX\tPIX\tPIX\tPIX\tPIX\tPIX\t X \tPIX\tPIX\t\t\t\t\nNIC11\tNODE\tNODE\tSYS\tSYS\tNODE\tNODE\tSYS\tSYS\tPIX\tPIX\tPIX\tPIX\tPIX\tPIX\tPIX\t X \tPIX\t\t\t\t\nNIC12\tNODE\tNODE\tSYS\tSYS\tNODE\tNODE\tSYS\tSYS\tPIX\tPIX\tPIX\tPIX\tPIX\tPIX\tPIX\tPIX\t X \t\t\t\t\n\nLegend:\n\n  X    = Self\n  SYS  = Connection traversing PCIe as well as the SMP interconnect between NUMA nodes (e.g., QPI/UPI)\n  NODE = Connection traversing PCIe as well as the interconnect between PCIe Host Bridges within a NUMA node\n  PHB  = Connection traversing PCIe as well as a PCIe Host Bridge (typically the CPU)\n  PXB  = Connection traversing multiple PCIe bridges (without traversing the PCIe Host Bridge)\n  PIX  = Connection traversing at most a single PCIe bridge\n  NV#  = Connection traversing a bonded set of # NVLinks\n\nNIC Legend:\n\n  NIC0: ibp0\n  NIC1: ibp1\n  NIC2: ibp2\n  NIC3: ibp3\n  NIC4: mlx5_0\n  NIC5: mlx5_1\n  NIC6: mlx5_2\n  NIC7: mlx5_3\n  NIC8: mlx5_4\n  NIC9: mlx5_5\n  NIC10: mlx5_6\n  NIC11: mlx5_7\n  NIC12: mlx5_8"
            }
          },
          "before": {
            "field_errors": {},
            "gpus": [
              {
                "clocks.applications.graphics": "[Requested functionality has been deprecated]",
                "clocks.applications.memory": "[Requested functionality has been deprecated]",
                "clocks.current.graphics": "1950",
                "clocks.current.memory": "3996",
                "clocks.current.sm": "1950",
                "clocks.max.graphics": "2062",
                "clocks.max.memory": "3996",
                "clocks.max.sm": "2062",
                "driver_version": "595.71.05",
                "index": "0",
                "name": "NVIDIA GB200",
                "pci.bus_id": "00000008:01:00.0",
                "persistence_mode": "Enabled",
                "power.draw": "212.45",
                "power.limit": "1200.00",
                "pstate": "P0",
                "temperature.gpu": "36",
                "uuid": "GPU-64efb995-783a-a11a-c868-580e18809080"
              },
              {
                "clocks.applications.graphics": "[Requested functionality has been deprecated]",
                "clocks.applications.memory": "[Requested functionality has been deprecated]",
                "clocks.current.graphics": "1950",
                "clocks.current.memory": "3996",
                "clocks.current.sm": "1950",
                "clocks.max.graphics": "2062",
                "clocks.max.memory": "3996",
                "clocks.max.sm": "2062",
                "driver_version": "595.71.05",
                "index": "1",
                "name": "NVIDIA GB200",
                "pci.bus_id": "00000009:01:00.0",
                "persistence_mode": "Enabled",
                "power.draw": "203.23",
                "power.limit": "1200.00",
                "pstate": "P0",
                "temperature.gpu": "36",
                "uuid": "GPU-84233fbe-ed84-cfff-821c-7acc555c2503"
              },
              {
                "clocks.applications.graphics": "[Requested functionality has been deprecated]",
                "clocks.applications.memory": "[Requested functionality has been deprecated]",
                "clocks.current.graphics": "1950",
                "clocks.current.memory": "3996",
                "clocks.current.sm": "1950",
                "clocks.max.graphics": "2062",
                "clocks.max.memory": "3996",
                "clocks.max.sm": "2062",
                "driver_version": "595.71.05",
                "index": "2",
                "name": "NVIDIA GB200",
                "pci.bus_id": "00000018:01:00.0",
                "persistence_mode": "Enabled",
                "power.draw": "207.41",
                "power.limit": "1200.00",
                "pstate": "P0",
                "temperature.gpu": "36",
                "uuid": "GPU-19bf3c4b-1e4c-1afc-3db0-adf098d28d8b"
              },
              {
                "clocks.applications.graphics": "[Requested functionality has been deprecated]",
                "clocks.applications.memory": "[Requested functionality has been deprecated]",
                "clocks.current.graphics": "1950",
                "clocks.current.memory": "3996",
                "clocks.current.sm": "1950",
                "clocks.max.graphics": "2062",
                "clocks.max.memory": "3996",
                "clocks.max.sm": "2062",
                "driver_version": "595.71.05",
                "index": "3",
                "name": "NVIDIA GB200",
                "pci.bus_id": "00000019:01:00.0",
                "persistence_mode": "Enabled",
                "power.draw": "230.17",
                "power.limit": "1200.00",
                "pstate": "P0",
                "temperature.gpu": "36",
                "uuid": "GPU-14a91ec2-4299-59e4-c682-00a36868d987"
              }
            ],
            "topology": {
              "arguments": [
                "nvidia-smi",
                "topo",
                "-m"
              ],
              "returncode": 0,
              "stderr": "",
              "stdout": "\u001b[4mGPU0\tGPU1\tGPU2\tGPU3\tNIC0\tNIC1\tNIC2\tNIC3\tNIC4\tNIC5\tNIC6\tNIC7\tNIC8\tNIC9\tNIC10\tNIC11\tNIC12\tCPU Affinity\tNUMA Affinity\tGPU NUMA ID\u001b[0m\nGPU0\t X \tNV18\tNV18\tNV18\tNODE\tNODE\tSYS\tSYS\tNODE\tNODE\tNODE\tNODE\tNODE\tNODE\tNODE\tNODE\tNODE\t0-71\t0\t\tN/A\nGPU1\tNV18\t X \tNV18\tNV18\tNODE\tNODE\tSYS\tSYS\tNODE\tNODE\tNODE\tNODE\tNODE\tNODE\tNODE\tNODE\tNODE\t0-71\t0\t\tN/A\nGPU2\tNV18\tNV18\t X \tNV18\tSYS\tSYS\tNODE\tNODE\tSYS\tSYS\tSYS\tSYS\tSYS\tSYS\tSYS\tSYS\tSYS\t72-143\t1\t\tN/A\nGPU3\tNV18\tNV18\tNV18\t X \tSYS\tSYS\tNODE\tNODE\tSYS\tSYS\tSYS\tSYS\tSYS\tSYS\tSYS\tSYS\tSYS\t72-143\t1\t\tN/A\nNIC0\tNODE\tNODE\tSYS\tSYS\t X \tNODE\tSYS\tSYS\tNODE\tNODE\tNODE\tNODE\tNODE\tNODE\tNODE\tNODE\tNODE\t\t\t\t\nNIC1\tNODE\tNODE\tSYS\tSYS\tNODE\t X \tSYS\tSYS\tNODE\tNODE\tNODE\tNODE\tNODE\tNODE\tNODE\tNODE\tNODE\t\t\t\t\nNIC2\tSYS\tSYS\tNODE\tNODE\tSYS\tSYS\t X \tNODE\tSYS\tSYS\tSYS\tSYS\tSYS\tSYS\tSYS\tSYS\tSYS\t\t\t\t\nNIC3\tSYS\tSYS\tNODE\tNODE\tSYS\tSYS\tNODE\t X \tSYS\tSYS\tSYS\tSYS\tSYS\tSYS\tSYS\tSYS\tSYS\t\t\t\t\nNIC4\tNODE\tNODE\tSYS\tSYS\tNODE\tNODE\tSYS\tSYS\t X \tPIX\tPIX\tPIX\tPIX\tPIX\tPIX\tPIX\tPIX\t\t\t\t\nNIC5\tNODE\tNODE\tSYS\tSYS\tNODE\tNODE\tSYS\tSYS\tPIX\t X \tPIX\tPIX\tPIX\tPIX\tPIX\tPIX\tPIX\t\t\t\t\nNIC6\tNODE\tNODE\tSYS\tSYS\tNODE\tNODE\tSYS\tSYS\tPIX\tPIX\t X \tPIX\tPIX\tPIX\tPIX\tPIX\tPIX\t\t\t\t\nNIC7\tNODE\tNODE\tSYS\tSYS\tNODE\tNODE\tSYS\tSYS\tPIX\tPIX\tPIX\t X \tPIX\tPIX\tPIX\tPIX\tPIX\t\t\t\t\nNIC8\tNODE\tNODE\tSYS\tSYS\tNODE\tNODE\tSYS\tSYS\tPIX\tPIX\tPIX\tPIX\t X \tPIX\tPIX\tPIX\tPIX\t\t\t\t\nNIC9\tNODE\tNODE\tSYS\tSYS\tNODE\tNODE\tSYS\tSYS\tPIX\tPIX\tPIX\tPIX\tPIX\t X \tPIX\tPIX\tPIX\t\t\t\t\nNIC10\tNODE\tNODE\tSYS\tSYS\tNODE\tNODE\tSYS\tSYS\tPIX\tPIX\tPIX\tPIX\tPIX\tPIX\t X \tPIX\tPIX\t\t\t\t\nNIC11\tNODE\tNODE\tSYS\tSYS\tNODE\tNODE\tSYS\tSYS\tPIX\tPIX\tPIX\tPIX\tPIX\tPIX\tPIX\t X \tPIX\t\t\t\t\nNIC12\tNODE\tNODE\tSYS\tSYS\tNODE\tNODE\tSYS\tSYS\tPIX\tPIX\tPIX\tPIX\tPIX\tPIX\tPIX\tPIX\t X \t\t\t\t\n\nLegend:\n\n  X    = Self\n  SYS  = Connection traversing PCIe as well as the SMP interconnect between NUMA nodes (e.g., QPI/UPI)\n  NODE = Connection traversing PCIe as well as the interconnect between PCIe Host Bridges within a NUMA node\n  PHB  = Connection traversing PCIe as well as a PCIe Host Bridge (typically the CPU)\n  PXB  = Connection traversing multiple PCIe bridges (without traversing the PCIe Host Bridge)\n  PIX  = Connection traversing at most a single PCIe bridge\n  NV#  = Connection traversing a bonded set of # NVLinks\n\nNIC Legend:\n\n  NIC0: ibp0\n  NIC1: ibp1\n  NIC2: ibp2\n  NIC3: ibp3\n  NIC4: mlx5_0\n  NIC5: mlx5_1\n  NIC6: mlx5_2\n  NIC7: mlx5_3\n  NIC8: mlx5_4\n  NIC9: mlx5_5\n  NIC10: mlx5_6\n  NIC11: mlx5_7\n  NIC12: mlx5_8"
            }
          }
        },
        "natural_end_to_end_shuttle": {
          "after": {
            "field_errors": {},
            "gpus": [
              {
                "clocks.applications.graphics": "[Requested functionality has been deprecated]",
                "clocks.applications.memory": "[Requested functionality has been deprecated]",
                "clocks.current.graphics": "1950",
                "clocks.current.memory": "3996",
                "clocks.current.sm": "1950",
                "clocks.max.graphics": "2062",
                "clocks.max.memory": "3996",
                "clocks.max.sm": "2062",
                "driver_version": "595.71.05",
                "index": "0",
                "name": "NVIDIA GB200",
                "pci.bus_id": "00000008:01:00.0",
                "persistence_mode": "Enabled",
                "power.draw": "229.80",
                "power.limit": "1200.00",
                "pstate": "P0",
                "temperature.gpu": "36",
                "uuid": "GPU-64efb995-783a-a11a-c868-580e18809080"
              },
              {
                "clocks.applications.graphics": "[Requested functionality has been deprecated]",
                "clocks.applications.memory": "[Requested functionality has been deprecated]",
                "clocks.current.graphics": "1950",
                "clocks.current.memory": "3996",
                "clocks.current.sm": "1950",
                "clocks.max.graphics": "2062",
                "clocks.max.memory": "3996",
                "clocks.max.sm": "2062",
                "driver_version": "595.71.05",
                "index": "1",
                "name": "NVIDIA GB200",
                "pci.bus_id": "00000009:01:00.0",
                "persistence_mode": "Enabled",
                "power.draw": "214.98",
                "power.limit": "1200.00",
                "pstate": "P0",
                "temperature.gpu": "36",
                "uuid": "GPU-84233fbe-ed84-cfff-821c-7acc555c2503"
              },
              {
                "clocks.applications.graphics": "[Requested functionality has been deprecated]",
                "clocks.applications.memory": "[Requested functionality has been deprecated]",
                "clocks.current.graphics": "1950",
                "clocks.current.memory": "3996",
                "clocks.current.sm": "1950",
                "clocks.max.graphics": "2062",
                "clocks.max.memory": "3996",
                "clocks.max.sm": "2062",
                "driver_version": "595.71.05",
                "index": "2",
                "name": "NVIDIA GB200",
                "pci.bus_id": "00000018:01:00.0",
                "persistence_mode": "Enabled",
                "power.draw": "225.38",
                "power.limit": "1200.00",
                "pstate": "P0",
                "temperature.gpu": "36",
                "uuid": "GPU-19bf3c4b-1e4c-1afc-3db0-adf098d28d8b"
              },
              {
                "clocks.applications.graphics": "[Requested functionality has been deprecated]",
                "clocks.applications.memory": "[Requested functionality has been deprecated]",
                "clocks.current.graphics": "1950",
                "clocks.current.memory": "3996",
                "clocks.current.sm": "1950",
                "clocks.max.graphics": "2062",
                "clocks.max.memory": "3996",
                "clocks.max.sm": "2062",
                "driver_version": "595.71.05",
                "index": "3",
                "name": "NVIDIA GB200",
                "pci.bus_id": "00000019:01:00.0",
                "persistence_mode": "Enabled",
                "power.draw": "246.29",
                "power.limit": "1200.00",
                "pstate": "P0",
                "temperature.gpu": "36",
                "uuid": "GPU-14a91ec2-4299-59e4-c682-00a36868d987"
              }
            ],
            "topology": {
              "arguments": [
                "nvidia-smi",
                "topo",
                "-m"
              ],
              "returncode": 0,
              "stderr": "",
              "stdout": "\u001b[4mGPU0\tGPU1\tGPU2\tGPU3\tNIC0\tNIC1\tNIC2\tNIC3\tNIC4\tNIC5\tNIC6\tNIC7\tNIC8\tNIC9\tNIC10\tNIC11\tNIC12\tCPU Affinity\tNUMA Affinity\tGPU NUMA ID\u001b[0m\nGPU0\t X \tNV18\tNV18\tNV18\tNODE\tNODE\tSYS\tSYS\tNODE\tNODE\tNODE\tNODE\tNODE\tNODE\tNODE\tNODE\tNODE\t0-71\t0\t\tN/A\nGPU1\tNV18\t X \tNV18\tNV18\tNODE\tNODE\tSYS\tSYS\tNODE\tNODE\tNODE\tNODE\tNODE\tNODE\tNODE\tNODE\tNODE\t0-71\t0\t\tN/A\nGPU2\tNV18\tNV18\t X \tNV18\tSYS\tSYS\tNODE\tNODE\tSYS\tSYS\tSYS\tSYS\tSYS\tSYS\tSYS\tSYS\tSYS\t72-143\t1\t\tN/A\nGPU3\tNV18\tNV18\tNV18\t X \tSYS\tSYS\tNODE\tNODE\tSYS\tSYS\tSYS\tSYS\tSYS\tSYS\tSYS\tSYS\tSYS\t72-143\t1\t\tN/A\nNIC0\tNODE\tNODE\tSYS\tSYS\t X \tNODE\tSYS\tSYS\tNODE\tNODE\tNODE\tNODE\tNODE\tNODE\tNODE\tNODE\tNODE\t\t\t\t\nNIC1\tNODE\tNODE\tSYS\tSYS\tNODE\t X \tSYS\tSYS\tNODE\tNODE\tNODE\tNODE\tNODE\tNODE\tNODE\tNODE\tNODE\t\t\t\t\nNIC2\tSYS\tSYS\tNODE\tNODE\tSYS\tSYS\t X \tNODE\tSYS\tSYS\tSYS\tSYS\tSYS\tSYS\tSYS\tSYS\tSYS\t\t\t\t\nNIC3\tSYS\tSYS\tNODE\tNODE\tSYS\tSYS\tNODE\t X \tSYS\tSYS\tSYS\tSYS\tSYS\tSYS\tSYS\tSYS\tSYS\t\t\t\t\nNIC4\tNODE\tNODE\tSYS\tSYS\tNODE\tNODE\tSYS\tSYS\t X \tPIX\tPIX\tPIX\tPIX\tPIX\tPIX\tPIX\tPIX\t\t\t\t\nNIC5\tNODE\tNODE\tSYS\tSYS\tNODE\tNODE\tSYS\tSYS\tPIX\t X \tPIX\tPIX\tPIX\tPIX\tPIX\tPIX\tPIX\t\t\t\t\nNIC6\tNODE\tNODE\tSYS\tSYS\tNODE\tNODE\tSYS\tSYS\tPIX\tPIX\t X \tPIX\tPIX\tPIX\tPIX\tPIX\tPIX\t\t\t\t\nNIC7\tNODE\tNODE\tSYS\tSYS\tNODE\tNODE\tSYS\tSYS\tPIX\tPIX\tPIX\t X \tPIX\tPIX\tPIX\tPIX\tPIX\t\t\t\t\nNIC8\tNODE\tNODE\tSYS\tSYS\tNODE\tNODE\tSYS\tSYS\tPIX\tPIX\tPIX\tPIX\t X \tPIX\tPIX\tPIX\tPIX\t\t\t\t\nNIC9\tNODE\tNODE\tSYS\tSYS\tNODE\tNODE\tSYS\tSYS\tPIX\tPIX\tPIX\tPIX\tPIX\t X \tPIX\tPIX\tPIX\t\t\t\t\nNIC10\tNODE\tNODE\tSYS\tSYS\tNODE\tNODE\tSYS\tSYS\tPIX\tPIX\tPIX\tPIX\tPIX\tPIX\t X \tPIX\tPIX\t\t\t\t\nNIC11\tNODE\tNODE\tSYS\tSYS\tNODE\tNODE\tSYS\tSYS\tPIX\tPIX\tPIX\tPIX\tPIX\tPIX\tPIX\t X \tPIX\t\t\t\t\nNIC12\tNODE\tNODE\tSYS\tSYS\tNODE\tNODE\tSYS\tSYS\tPIX\tPIX\tPIX\tPIX\tPIX\tPIX\tPIX\tPIX\t X \t\t\t\t\n\nLegend:\n\n  X    = Self\n  SYS  = Connection traversing PCIe as well as the SMP interconnect between NUMA nodes (e.g., QPI/UPI)\n  NODE = Connection traversing PCIe as well as the interconnect between PCIe Host Bridges within a NUMA node\n  PHB  = Connection traversing PCIe as well as a PCIe Host Bridge (typically the CPU)\n  PXB  = Connection traversing multiple PCIe bridges (without traversing the PCIe Host Bridge)\n  PIX  = Connection traversing at most a single PCIe bridge\n  NV#  = Connection traversing a bonded set of # NVLinks\n\nNIC Legend:\n\n  NIC0: ibp0\n  NIC1: ibp1\n  NIC2: ibp2\n  NIC3: ibp3\n  NIC4: mlx5_0\n  NIC5: mlx5_1\n  NIC6: mlx5_2\n  NIC7: mlx5_3\n  NIC8: mlx5_4\n  NIC9: mlx5_5\n  NIC10: mlx5_6\n  NIC11: mlx5_7\n  NIC12: mlx5_8"
            }
          },
          "before": {
            "field_errors": {},
            "gpus": [
              {
                "clocks.applications.graphics": "[Requested functionality has been deprecated]",
                "clocks.applications.memory": "[Requested functionality has been deprecated]",
                "clocks.current.graphics": "1950",
                "clocks.current.memory": "3996",
                "clocks.current.sm": "1950",
                "clocks.max.graphics": "2062",
                "clocks.max.memory": "3996",
                "clocks.max.sm": "2062",
                "driver_version": "595.71.05",
                "index": "0",
                "name": "NVIDIA GB200",
                "pci.bus_id": "00000008:01:00.0",
                "persistence_mode": "Enabled",
                "power.draw": "212.37",
                "power.limit": "1200.00",
                "pstate": "P0",
                "temperature.gpu": "36",
                "uuid": "GPU-64efb995-783a-a11a-c868-580e18809080"
              },
              {
                "clocks.applications.graphics": "[Requested functionality has been deprecated]",
                "clocks.applications.memory": "[Requested functionality has been deprecated]",
                "clocks.current.graphics": "1950",
                "clocks.current.memory": "3996",
                "clocks.current.sm": "1950",
                "clocks.max.graphics": "2062",
                "clocks.max.memory": "3996",
                "clocks.max.sm": "2062",
                "driver_version": "595.71.05",
                "index": "1",
                "name": "NVIDIA GB200",
                "pci.bus_id": "00000009:01:00.0",
                "persistence_mode": "Enabled",
                "power.draw": "203.47",
                "power.limit": "1200.00",
                "pstate": "P0",
                "temperature.gpu": "36",
                "uuid": "GPU-84233fbe-ed84-cfff-821c-7acc555c2503"
              },
              {
                "clocks.applications.graphics": "[Requested functionality has been deprecated]",
                "clocks.applications.memory": "[Requested functionality has been deprecated]",
                "clocks.current.graphics": "1950",
                "clocks.current.memory": "3996",
                "clocks.current.sm": "1950",
                "clocks.max.graphics": "2062",
                "clocks.max.memory": "3996",
                "clocks.max.sm": "2062",
                "driver_version": "595.71.05",
                "index": "2",
                "name": "NVIDIA GB200",
                "pci.bus_id": "00000018:01:00.0",
                "persistence_mode": "Enabled",
                "power.draw": "207.96",
                "power.limit": "1200.00",
                "pstate": "P0",
                "temperature.gpu": "36",
                "uuid": "GPU-19bf3c4b-1e4c-1afc-3db0-adf098d28d8b"
              },
              {
                "clocks.applications.graphics": "[Requested functionality has been deprecated]",
                "clocks.applications.memory": "[Requested functionality has been deprecated]",
                "clocks.current.graphics": "1950",
                "clocks.current.memory": "3996",
                "clocks.current.sm": "1950",
                "clocks.max.graphics": "2062",
                "clocks.max.memory": "3996",
                "clocks.max.sm": "2062",
                "driver_version": "595.71.05",
                "index": "3",
                "name": "NVIDIA GB200",
                "pci.bus_id": "00000019:01:00.0",
                "persistence_mode": "Enabled",
                "power.draw": "230.13",
                "power.limit": "1200.00",
                "pstate": "P0",
                "temperature.gpu": "36",
                "uuid": "GPU-14a91ec2-4299-59e4-c682-00a36868d987"
              }
            ],
            "topology": {
              "arguments": [
                "nvidia-smi",
                "topo",
                "-m"
              ],
              "returncode": 0,
              "stderr": "",
              "stdout": "\u001b[4mGPU0\tGPU1\tGPU2\tGPU3\tNIC0\tNIC1\tNIC2\tNIC3\tNIC4\tNIC5\tNIC6\tNIC7\tNIC8\tNIC9\tNIC10\tNIC11\tNIC12\tCPU Affinity\tNUMA Affinity\tGPU NUMA ID\u001b[0m\nGPU0\t X \tNV18\tNV18\tNV18\tNODE\tNODE\tSYS\tSYS\tNODE\tNODE\tNODE\tNODE\tNODE\tNODE\tNODE\tNODE\tNODE\t0-71\t0\t\tN/A\nGPU1\tNV18\t X \tNV18\tNV18\tNODE\tNODE\tSYS\tSYS\tNODE\tNODE\tNODE\tNODE\tNODE\tNODE\tNODE\tNODE\tNODE\t0-71\t0\t\tN/A\nGPU2\tNV18\tNV18\t X \tNV18\tSYS\tSYS\tNODE\tNODE\tSYS\tSYS\tSYS\tSYS\tSYS\tSYS\tSYS\tSYS\tSYS\t72-143\t1\t\tN/A\nGPU3\tNV18\tNV18\tNV18\t X \tSYS\tSYS\tNODE\tNODE\tSYS\tSYS\tSYS\tSYS\tSYS\tSYS\tSYS\tSYS\tSYS\t72-143\t1\t\tN/A\nNIC0\tNODE\tNODE\tSYS\tSYS\t X \tNODE\tSYS\tSYS\tNODE\tNODE\tNODE\tNODE\tNODE\tNODE\tNODE\tNODE\tNODE\t\t\t\t\nNIC1\tNODE\tNODE\tSYS\tSYS\tNODE\t X \tSYS\tSYS\tNODE\tNODE\tNODE\tNODE\tNODE\tNODE\tNODE\tNODE\tNODE\t\t\t\t\nNIC2\tSYS\tSYS\tNODE\tNODE\tSYS\tSYS\t X \tNODE\tSYS\tSYS\tSYS\tSYS\tSYS\tSYS\tSYS\tSYS\tSYS\t\t\t\t\nNIC3\tSYS\tSYS\tNODE\tNODE\tSYS\tSYS\tNODE\t X \tSYS\tSYS\tSYS\tSYS\tSYS\tSYS\tSYS\tSYS\tSYS\t\t\t\t\nNIC4\tNODE\tNODE\tSYS\tSYS\tNODE\tNODE\tSYS\tSYS\t X \tPIX\tPIX\tPIX\tPIX\tPIX\tPIX\tPIX\tPIX\t\t\t\t\nNIC5\tNODE\tNODE\tSYS\tSYS\tNODE\tNODE\tSYS\tSYS\tPIX\t X \tPIX\tPIX\tPIX\tPIX\tPIX\tPIX\tPIX\t\t\t\t\nNIC6\tNODE\tNODE\tSYS\tSYS\tNODE\tNODE\tSYS\tSYS\tPIX\tPIX\t X \tPIX\tPIX\tPIX\tPIX\tPIX\tPIX\t\t\t\t\nNIC7\tNODE\tNODE\tSYS\tSYS\tNODE\tNODE\tSYS\tSYS\tPIX\tPIX\tPIX\t X \tPIX\tPIX\tPIX\tPIX\tPIX\t\t\t\t\nNIC8\tNODE\tNODE\tSYS\tSYS\tNODE\tNODE\tSYS\tSYS\tPIX\tPIX\tPIX\tPIX\t X \tPIX\tPIX\tPIX\tPIX\t\t\t\t\nNIC9\tNODE\tNODE\tSYS\tSYS\tNODE\tNODE\tSYS\tSYS\tPIX\tPIX\tPIX\tPIX\tPIX\t X \tPIX\tPIX\tPIX\t\t\t\t\nNIC10\tNODE\tNODE\tSYS\tSYS\tNODE\tNODE\tSYS\tSYS\tPIX\tPIX\tPIX\tPIX\tPIX\tPIX\t X \tPIX\tPIX\t\t\t\t\nNIC11\tNODE\tNODE\tSYS\tSYS\tNODE\tNODE\tSYS\tSYS\tPIX\tPIX\tPIX\tPIX\tPIX\tPIX\tPIX\t X \tPIX\t\t\t\t\nNIC12\tNODE\tNODE\tSYS\tSYS\tNODE\tNODE\tSYS\tSYS\tPIX\tPIX\tPIX\tPIX\tPIX\tPIX\tPIX\tPIX\t X \t\t\t\t\n\nLegend:\n\n  X    = Self\n  SYS  = Connection traversing PCIe as well as the SMP interconnect between NUMA nodes (e.g., QPI/UPI)\n  NODE = Connection traversing PCIe as well as the interconnect between PCIe Host Bridges within a NUMA node\n  PHB  = Connection traversing PCIe as well as a PCIe Host Bridge (typically the CPU)\n  PXB  = Connection traversing multiple PCIe bridges (without traversing the PCIe Host Bridge)\n  PIX  = Connection traversing at most a single PCIe bridge\n  NV#  = Connection traversing a bonded set of # NVLinks\n\nNIC Legend:\n\n  NIC0: ibp0\n  NIC1: ibp1\n  NIC2: ibp2\n  NIC3: ibp3\n  NIC4: mlx5_0\n  NIC5: mlx5_1\n  NIC6: mlx5_2\n  NIC7: mlx5_3\n  NIC8: mlx5_4\n  NIC9: mlx5_5\n  NIC10: mlx5_6\n  NIC11: mlx5_7\n  NIC12: mlx5_8"
            }
          }
        },
        "natural_router_contract_topk_fold": {
          "after": {
            "field_errors": {},
            "gpus": [
              {
                "clocks.applications.graphics": "[Requested functionality has been deprecated]",
                "clocks.applications.memory": "[Requested functionality has been deprecated]",
                "clocks.current.graphics": "1950",
                "clocks.current.memory": "3996",
                "clocks.current.sm": "1950",
                "clocks.max.graphics": "2062",
                "clocks.max.memory": "3996",
                "clocks.max.sm": "2062",
                "driver_version": "595.71.05",
                "index": "0",
                "name": "NVIDIA GB200",
                "pci.bus_id": "00000008:01:00.0",
                "persistence_mode": "Enabled",
                "power.draw": "212.37",
                "power.limit": "1200.00",
                "pstate": "P0",
                "temperature.gpu": "36",
                "uuid": "GPU-64efb995-783a-a11a-c868-580e18809080"
              },
              {
                "clocks.applications.graphics": "[Requested functionality has been deprecated]",
                "clocks.applications.memory": "[Requested functionality has been deprecated]",
                "clocks.current.graphics": "1950",
                "clocks.current.memory": "3996",
                "clocks.current.sm": "1950",
                "clocks.max.graphics": "2062",
                "clocks.max.memory": "3996",
                "clocks.max.sm": "2062",
                "driver_version": "595.71.05",
                "index": "1",
                "name": "NVIDIA GB200",
                "pci.bus_id": "00000009:01:00.0",
                "persistence_mode": "Enabled",
                "power.draw": "203.24",
                "power.limit": "1200.00",
                "pstate": "P0",
                "temperature.gpu": "36",
                "uuid": "GPU-84233fbe-ed84-cfff-821c-7acc555c2503"
              },
              {
                "clocks.applications.graphics": "[Requested functionality has been deprecated]",
                "clocks.applications.memory": "[Requested functionality has been deprecated]",
                "clocks.current.graphics": "1950",
                "clocks.current.memory": "3996",
                "clocks.current.sm": "1950",
                "clocks.max.graphics": "2062",
                "clocks.max.memory": "3996",
                "clocks.max.sm": "2062",
                "driver_version": "595.71.05",
                "index": "2",
                "name": "NVIDIA GB200",
                "pci.bus_id": "00000018:01:00.0",
                "persistence_mode": "Enabled",
                "power.draw": "207.90",
                "power.limit": "1200.00",
                "pstate": "P0",
                "temperature.gpu": "36",
                "uuid": "GPU-19bf3c4b-1e4c-1afc-3db0-adf098d28d8b"
              },
              {
                "clocks.applications.graphics": "[Requested functionality has been deprecated]",
                "clocks.applications.memory": "[Requested functionality has been deprecated]",
                "clocks.current.graphics": "1950",
                "clocks.current.memory": "3996",
                "clocks.current.sm": "1950",
                "clocks.max.graphics": "2062",
                "clocks.max.memory": "3996",
                "clocks.max.sm": "2062",
                "driver_version": "595.71.05",
                "index": "3",
                "name": "NVIDIA GB200",
                "pci.bus_id": "00000019:01:00.0",
                "persistence_mode": "Enabled",
                "power.draw": "229.97",
                "power.limit": "1200.00",
                "pstate": "P0",
                "temperature.gpu": "36",
                "uuid": "GPU-14a91ec2-4299-59e4-c682-00a36868d987"
              }
            ],
            "topology": {
              "arguments": [
                "nvidia-smi",
                "topo",
                "-m"
              ],
              "returncode": 0,
              "stderr": "",
              "stdout": "\u001b[4mGPU0\tGPU1\tGPU2\tGPU3\tNIC0\tNIC1\tNIC2\tNIC3\tNIC4\tNIC5\tNIC6\tNIC7\tNIC8\tNIC9\tNIC10\tNIC11\tNIC12\tCPU Affinity\tNUMA Affinity\tGPU NUMA ID\u001b[0m\nGPU0\t X \tNV18\tNV18\tNV18\tNODE\tNODE\tSYS\tSYS\tNODE\tNODE\tNODE\tNODE\tNODE\tNODE\tNODE\tNODE\tNODE\t0-71\t0\t\tN/A\nGPU1\tNV18\t X \tNV18\tNV18\tNODE\tNODE\tSYS\tSYS\tNODE\tNODE\tNODE\tNODE\tNODE\tNODE\tNODE\tNODE\tNODE\t0-71\t0\t\tN/A\nGPU2\tNV18\tNV18\t X \tNV18\tSYS\tSYS\tNODE\tNODE\tSYS\tSYS\tSYS\tSYS\tSYS\tSYS\tSYS\tSYS\tSYS\t72-143\t1\t\tN/A\nGPU3\tNV18\tNV18\tNV18\t X \tSYS\tSYS\tNODE\tNODE\tSYS\tSYS\tSYS\tSYS\tSYS\tSYS\tSYS\tSYS\tSYS\t72-143\t1\t\tN/A\nNIC0\tNODE\tNODE\tSYS\tSYS\t X \tNODE\tSYS\tSYS\tNODE\tNODE\tNODE\tNODE\tNODE\tNODE\tNODE\tNODE\tNODE\t\t\t\t\nNIC1\tNODE\tNODE\tSYS\tSYS\tNODE\t X \tSYS\tSYS\tNODE\tNODE\tNODE\tNODE\tNODE\tNODE\tNODE\tNODE\tNODE\t\t\t\t\nNIC2\tSYS\tSYS\tNODE\tNODE\tSYS\tSYS\t X \tNODE\tSYS\tSYS\tSYS\tSYS\tSYS\tSYS\tSYS\tSYS\tSYS\t\t\t\t\nNIC3\tSYS\tSYS\tNODE\tNODE\tSYS\tSYS\tNODE\t X \tSYS\tSYS\tSYS\tSYS\tSYS\tSYS\tSYS\tSYS\tSYS\t\t\t\t\nNIC4\tNODE\tNODE\tSYS\tSYS\tNODE\tNODE\tSYS\tSYS\t X \tPIX\tPIX\tPIX\tPIX\tPIX\tPIX\tPIX\tPIX\t\t\t\t\nNIC5\tNODE\tNODE\tSYS\tSYS\tNODE\tNODE\tSYS\tSYS\tPIX\t X \tPIX\tPIX\tPIX\tPIX\tPIX\tPIX\tPIX\t\t\t\t\nNIC6\tNODE\tNODE\tSYS\tSYS\tNODE\tNODE\tSYS\tSYS\tPIX\tPIX\t X \tPIX\tPIX\tPIX\tPIX\tPIX\tPIX\t\t\t\t\nNIC7\tNODE\tNODE\tSYS\tSYS\tNODE\tNODE\tSYS\tSYS\tPIX\tPIX\tPIX\t X \tPIX\tPIX\tPIX\tPIX\tPIX\t\t\t\t\nNIC8\tNODE\tNODE\tSYS\tSYS\tNODE\tNODE\tSYS\tSYS\tPIX\tPIX\tPIX\tPIX\t X \tPIX\tPIX\tPIX\tPIX\t\t\t\t\nNIC9\tNODE\tNODE\tSYS\tSYS\tNODE\tNODE\tSYS\tSYS\tPIX\tPIX\tPIX\tPIX\tPIX\t X \tPIX\tPIX\tPIX\t\t\t\t\nNIC10\tNODE\tNODE\tSYS\tSYS\tNODE\tNODE\tSYS\tSYS\tPIX\tPIX\tPIX\tPIX\tPIX\tPIX\t X \tPIX\tPIX\t\t\t\t\nNIC11\tNODE\tNODE\tSYS\tSYS\tNODE\tNODE\tSYS\tSYS\tPIX\tPIX\tPIX\tPIX\tPIX\tPIX\tPIX\t X \tPIX\t\t\t\t\nNIC12\tNODE\tNODE\tSYS\tSYS\tNODE\tNODE\tSYS\tSYS\tPIX\tPIX\tPIX\tPIX\tPIX\tPIX\tPIX\tPIX\t X \t\t\t\t\n\nLegend:\n\n  X    = Self\n  SYS  = Connection traversing PCIe as well as the SMP interconnect between NUMA nodes (e.g., QPI/UPI)\n  NODE = Connection traversing PCIe as well as the interconnect between PCIe Host Bridges within a NUMA node\n  PHB  = Connection traversing PCIe as well as a PCIe Host Bridge (typically the CPU)\n  PXB  = Connection traversing multiple PCIe bridges (without traversing the PCIe Host Bridge)\n  PIX  = Connection traversing at most a single PCIe bridge\n  NV#  = Connection traversing a bonded set of # NVLinks\n\nNIC Legend:\n\n  NIC0: ibp0\n  NIC1: ibp1\n  NIC2: ibp2\n  NIC3: ibp3\n  NIC4: mlx5_0\n  NIC5: mlx5_1\n  NIC6: mlx5_2\n  NIC7: mlx5_3\n  NIC8: mlx5_4\n  NIC9: mlx5_5\n  NIC10: mlx5_6\n  NIC11: mlx5_7\n  NIC12: mlx5_8"
            }
          },
          "before": {
            "field_errors": {},
            "gpus": [
              {
                "clocks.applications.graphics": "[Requested functionality has been deprecated]",
                "clocks.applications.memory": "[Requested functionality has been deprecated]",
                "clocks.current.graphics": "1950",
                "clocks.current.memory": "3996",
                "clocks.current.sm": "1950",
                "clocks.max.graphics": "2062",
                "clocks.max.memory": "3996",
                "clocks.max.sm": "2062",
                "driver_version": "595.71.05",
                "index": "0",
                "name": "NVIDIA GB200",
                "pci.bus_id": "00000008:01:00.0",
                "persistence_mode": "Enabled",
                "power.draw": "212.38",
                "power.limit": "1200.00",
                "pstate": "P0",
                "temperature.gpu": "36",
                "uuid": "GPU-64efb995-783a-a11a-c868-580e18809080"
              },
              {
                "clocks.applications.graphics": "[Requested functionality has been deprecated]",
                "clocks.applications.memory": "[Requested functionality has been deprecated]",
                "clocks.current.graphics": "1950",
                "clocks.current.memory": "3996",
                "clocks.current.sm": "1950",
                "clocks.max.graphics": "2062",
                "clocks.max.memory": "3996",
                "clocks.max.sm": "2062",
                "driver_version": "595.71.05",
                "index": "1",
                "name": "NVIDIA GB200",
                "pci.bus_id": "00000009:01:00.0",
                "persistence_mode": "Enabled",
                "power.draw": "203.47",
                "power.limit": "1200.00",
                "pstate": "P0",
                "temperature.gpu": "36",
                "uuid": "GPU-84233fbe-ed84-cfff-821c-7acc555c2503"
              },
              {
                "clocks.applications.graphics": "[Requested functionality has been deprecated]",
                "clocks.applications.memory": "[Requested functionality has been deprecated]",
                "clocks.current.graphics": "1950",
                "clocks.current.memory": "3996",
                "clocks.current.sm": "1950",
                "clocks.max.graphics": "2062",
                "clocks.max.memory": "3996",
                "clocks.max.sm": "2062",
                "driver_version": "595.71.05",
                "index": "2",
                "name": "NVIDIA GB200",
                "pci.bus_id": "00000018:01:00.0",
                "persistence_mode": "Enabled",
                "power.draw": "207.91",
                "power.limit": "1200.00",
                "pstate": "P0",
                "temperature.gpu": "36",
                "uuid": "GPU-19bf3c4b-1e4c-1afc-3db0-adf098d28d8b"
              },
              {
                "clocks.applications.graphics": "[Requested functionality has been deprecated]",
                "clocks.applications.memory": "[Requested functionality has been deprecated]",
                "clocks.current.graphics": "1950",
                "clocks.current.memory": "3996",
                "clocks.current.sm": "1950",
                "clocks.max.graphics": "2062",
                "clocks.max.memory": "3996",
                "clocks.max.sm": "2062",
                "driver_version": "595.71.05",
                "index": "3",
                "name": "NVIDIA GB200",
                "pci.bus_id": "00000019:01:00.0",
                "persistence_mode": "Enabled",
                "power.draw": "230.10",
                "power.limit": "1200.00",
                "pstate": "P0",
                "temperature.gpu": "36",
                "uuid": "GPU-14a91ec2-4299-59e4-c682-00a36868d987"
              }
            ],
            "topology": {
              "arguments": [
                "nvidia-smi",
                "topo",
                "-m"
              ],
              "returncode": 0,
              "stderr": "",
              "stdout": "\u001b[4mGPU0\tGPU1\tGPU2\tGPU3\tNIC0\tNIC1\tNIC2\tNIC3\tNIC4\tNIC5\tNIC6\tNIC7\tNIC8\tNIC9\tNIC10\tNIC11\tNIC12\tCPU Affinity\tNUMA Affinity\tGPU NUMA ID\u001b[0m\nGPU0\t X \tNV18\tNV18\tNV18\tNODE\tNODE\tSYS\tSYS\tNODE\tNODE\tNODE\tNODE\tNODE\tNODE\tNODE\tNODE\tNODE\t0-71\t0\t\tN/A\nGPU1\tNV18\t X \tNV18\tNV18\tNODE\tNODE\tSYS\tSYS\tNODE\tNODE\tNODE\tNODE\tNODE\tNODE\tNODE\tNODE\tNODE\t0-71\t0\t\tN/A\nGPU2\tNV18\tNV18\t X \tNV18\tSYS\tSYS\tNODE\tNODE\tSYS\tSYS\tSYS\tSYS\tSYS\tSYS\tSYS\tSYS\tSYS\t72-143\t1\t\tN/A\nGPU3\tNV18\tNV18\tNV18\t X \tSYS\tSYS\tNODE\tNODE\tSYS\tSYS\tSYS\tSYS\tSYS\tSYS\tSYS\tSYS\tSYS\t72-143\t1\t\tN/A\nNIC0\tNODE\tNODE\tSYS\tSYS\t X \tNODE\tSYS\tSYS\tNODE\tNODE\tNODE\tNODE\tNODE\tNODE\tNODE\tNODE\tNODE\t\t\t\t\nNIC1\tNODE\tNODE\tSYS\tSYS\tNODE\t X \tSYS\tSYS\tNODE\tNODE\tNODE\tNODE\tNODE\tNODE\tNODE\tNODE\tNODE\t\t\t\t\nNIC2\tSYS\tSYS\tNODE\tNODE\tSYS\tSYS\t X \tNODE\tSYS\tSYS\tSYS\tSYS\tSYS\tSYS\tSYS\tSYS\tSYS\t\t\t\t\nNIC3\tSYS\tSYS\tNODE\tNODE\tSYS\tSYS\tNODE\t X \tSYS\tSYS\tSYS\tSYS\tSYS\tSYS\tSYS\tSYS\tSYS\t\t\t\t\nNIC4\tNODE\tNODE\tSYS\tSYS\tNODE\tNODE\tSYS\tSYS\t X \tPIX\tPIX\tPIX\tPIX\tPIX\tPIX\tPIX\tPIX\t\t\t\t\nNIC5\tNODE\tNODE\tSYS\tSYS\tNODE\tNODE\tSYS\tSYS\tPIX\t X \tPIX\tPIX\tPIX\tPIX\tPIX\tPIX\tPIX\t\t\t\t\nNIC6\tNODE\tNODE\tSYS\tSYS\tNODE\tNODE\tSYS\tSYS\tPIX\tPIX\t X \tPIX\tPIX\tPIX\tPIX\tPIX\tPIX\t\t\t\t\nNIC7\tNODE\tNODE\tSYS\tSYS\tNODE\tNODE\tSYS\tSYS\tPIX\tPIX\tPIX\t X \tPIX\tPIX\tPIX\tPIX\tPIX\t\t\t\t\nNIC8\tNODE\tNODE\tSYS\tSYS\tNODE\tNODE\tSYS\tSYS\tPIX\tPIX\tPIX\tPIX\t X \tPIX\tPIX\tPIX\tPIX\t\t\t\t\nNIC9\tNODE\tNODE\tSYS\tSYS\tNODE\tNODE\tSYS\tSYS\tPIX\tPIX\tPIX\tPIX\tPIX\t X \tPIX\tPIX\tPIX\t\t\t\t\nNIC10\tNODE\tNODE\tSYS\tSYS\tNODE\tNODE\tSYS\tSYS\tPIX\tPIX\tPIX\tPIX\tPIX\tPIX\t X \tPIX\tPIX\t\t\t\t\nNIC11\tNODE\tNODE\tSYS\tSYS\tNODE\tNODE\tSYS\tSYS\tPIX\tPIX\tPIX\tPIX\tPIX\tPIX\tPIX\t X \tPIX\t\t\t\t\nNIC12\tNODE\tNODE\tSYS\tSYS\tNODE\tNODE\tSYS\tSYS\tPIX\tPIX\tPIX\tPIX\tPIX\tPIX\tPIX\tPIX\t X \t\t\t\t\n\nLegend:\n\n  X    = Self\n  SYS  = Connection traversing PCIe as well as the SMP interconnect between NUMA nodes (e.g., QPI/UPI)\n  NODE = Connection traversing PCIe as well as the interconnect between PCIe Host Bridges within a NUMA node\n  PHB  = Connection traversing PCIe as well as a PCIe Host Bridge (typically the CPU)\n  PXB  = Connection traversing multiple PCIe bridges (without traversing the PCIe Host Bridge)\n  PIX  = Connection traversing at most a single PCIe bridge\n  NV#  = Connection traversing a bonded set of # NVLinks\n\nNIC Legend:\n\n  NIC0: ibp0\n  NIC1: ibp1\n  NIC2: ibp2\n  NIC3: ibp3\n  NIC4: mlx5_0\n  NIC5: mlx5_1\n  NIC6: mlx5_2\n  NIC7: mlx5_3\n  NIC8: mlx5_4\n  NIC9: mlx5_5\n  NIC10: mlx5_6\n  NIC11: mlx5_7\n  NIC12: mlx5_8"
            }
          }
        },
        "natural_runtime_layout_and_payload_dispatch": {
          "after": {
            "field_errors": {},
            "gpus": [
              {
                "clocks.applications.graphics": "[Requested functionality has been deprecated]",
                "clocks.applications.memory": "[Requested functionality has been deprecated]",
                "clocks.current.graphics": "1950",
                "clocks.current.memory": "3996",
                "clocks.current.sm": "1950",
                "clocks.max.graphics": "2062",
                "clocks.max.memory": "3996",
                "clocks.max.sm": "2062",
                "driver_version": "595.71.05",
                "index": "0",
                "name": "NVIDIA GB200",
                "pci.bus_id": "00000008:01:00.0",
                "persistence_mode": "Enabled",
                "power.draw": "212.52",
                "power.limit": "1200.00",
                "pstate": "P0",
                "temperature.gpu": "36",
                "uuid": "GPU-64efb995-783a-a11a-c868-580e18809080"
              },
              {
                "clocks.applications.graphics": "[Requested functionality has been deprecated]",
                "clocks.applications.memory": "[Requested functionality has been deprecated]",
                "clocks.current.graphics": "1950",
                "clocks.current.memory": "3996",
                "clocks.current.sm": "1950",
                "clocks.max.graphics": "2062",
                "clocks.max.memory": "3996",
                "clocks.max.sm": "2062",
                "driver_version": "595.71.05",
                "index": "1",
                "name": "NVIDIA GB200",
                "pci.bus_id": "00000009:01:00.0",
                "persistence_mode": "Enabled",
                "power.draw": "204.34",
                "power.limit": "1200.00",
                "pstate": "P0",
                "temperature.gpu": "36",
                "uuid": "GPU-84233fbe-ed84-cfff-821c-7acc555c2503"
              },
              {
                "clocks.applications.graphics": "[Requested functionality has been deprecated]",
                "clocks.applications.memory": "[Requested functionality has been deprecated]",
                "clocks.current.graphics": "1950",
                "clocks.current.memory": "3996",
                "clocks.current.sm": "1950",
                "clocks.max.graphics": "2062",
                "clocks.max.memory": "3996",
                "clocks.max.sm": "2062",
                "driver_version": "595.71.05",
                "index": "2",
                "name": "NVIDIA GB200",
                "pci.bus_id": "00000018:01:00.0",
                "persistence_mode": "Enabled",
                "power.draw": "207.81",
                "power.limit": "1200.00",
                "pstate": "P0",
                "temperature.gpu": "36",
                "uuid": "GPU-19bf3c4b-1e4c-1afc-3db0-adf098d28d8b"
              },
              {
                "clocks.applications.graphics": "[Requested functionality has been deprecated]",
                "clocks.applications.memory": "[Requested functionality has been deprecated]",
                "clocks.current.graphics": "1950",
                "clocks.current.memory": "3996",
                "clocks.current.sm": "1950",
                "clocks.max.graphics": "2062",
                "clocks.max.memory": "3996",
                "clocks.max.sm": "2062",
                "driver_version": "595.71.05",
                "index": "3",
                "name": "NVIDIA GB200",
                "pci.bus_id": "00000019:01:00.0",
                "persistence_mode": "Enabled",
                "power.draw": "230.35",
                "power.limit": "1200.00",
                "pstate": "P0",
                "temperature.gpu": "36",
                "uuid": "GPU-14a91ec2-4299-59e4-c682-00a36868d987"
              }
            ],
            "topology": {
              "arguments": [
                "nvidia-smi",
                "topo",
                "-m"
              ],
              "returncode": 0,
              "stderr": "",
              "stdout": "\u001b[4mGPU0\tGPU1\tGPU2\tGPU3\tNIC0\tNIC1\tNIC2\tNIC3\tNIC4\tNIC5\tNIC6\tNIC7\tNIC8\tNIC9\tNIC10\tNIC11\tNIC12\tCPU Affinity\tNUMA Affinity\tGPU NUMA ID\u001b[0m\nGPU0\t X \tNV18\tNV18\tNV18\tNODE\tNODE\tSYS\tSYS\tNODE\tNODE\tNODE\tNODE\tNODE\tNODE\tNODE\tNODE\tNODE\t0-71\t0\t\tN/A\nGPU1\tNV18\t X \tNV18\tNV18\tNODE\tNODE\tSYS\tSYS\tNODE\tNODE\tNODE\tNODE\tNODE\tNODE\tNODE\tNODE\tNODE\t0-71\t0\t\tN/A\nGPU2\tNV18\tNV18\t X \tNV18\tSYS\tSYS\tNODE\tNODE\tSYS\tSYS\tSYS\tSYS\tSYS\tSYS\tSYS\tSYS\tSYS\t72-143\t1\t\tN/A\nGPU3\tNV18\tNV18\tNV18\t X \tSYS\tSYS\tNODE\tNODE\tSYS\tSYS\tSYS\tSYS\tSYS\tSYS\tSYS\tSYS\tSYS\t72-143\t1\t\tN/A\nNIC0\tNODE\tNODE\tSYS\tSYS\t X \tNODE\tSYS\tSYS\tNODE\tNODE\tNODE\tNODE\tNODE\tNODE\tNODE\tNODE\tNODE\t\t\t\t\nNIC1\tNODE\tNODE\tSYS\tSYS\tNODE\t X \tSYS\tSYS\tNODE\tNODE\tNODE\tNODE\tNODE\tNODE\tNODE\tNODE\tNODE\t\t\t\t\nNIC2\tSYS\tSYS\tNODE\tNODE\tSYS\tSYS\t X \tNODE\tSYS\tSYS\tSYS\tSYS\tSYS\tSYS\tSYS\tSYS\tSYS\t\t\t\t\nNIC3\tSYS\tSYS\tNODE\tNODE\tSYS\tSYS\tNODE\t X \tSYS\tSYS\tSYS\tSYS\tSYS\tSYS\tSYS\tSYS\tSYS\t\t\t\t\nNIC4\tNODE\tNODE\tSYS\tSYS\tNODE\tNODE\tSYS\tSYS\t X \tPIX\tPIX\tPIX\tPIX\tPIX\tPIX\tPIX\tPIX\t\t\t\t\nNIC5\tNODE\tNODE\tSYS\tSYS\tNODE\tNODE\tSYS\tSYS\tPIX\t X \tPIX\tPIX\tPIX\tPIX\tPIX\tPIX\tPIX\t\t\t\t\nNIC6\tNODE\tNODE\tSYS\tSYS\tNODE\tNODE\tSYS\tSYS\tPIX\tPIX\t X \tPIX\tPIX\tPIX\tPIX\tPIX\tPIX\t\t\t\t\nNIC7\tNODE\tNODE\tSYS\tSYS\tNODE\tNODE\tSYS\tSYS\tPIX\tPIX\tPIX\t X \tPIX\tPIX\tPIX\tPIX\tPIX\t\t\t\t\nNIC8\tNODE\tNODE\tSYS\tSYS\tNODE\tNODE\tSYS\tSYS\tPIX\tPIX\tPIX\tPIX\t X \tPIX\tPIX\tPIX\tPIX\t\t\t\t\nNIC9\tNODE\tNODE\tSYS\tSYS\tNODE\tNODE\tSYS\tSYS\tPIX\tPIX\tPIX\tPIX\tPIX\t X \tPIX\tPIX\tPIX\t\t\t\t\nNIC10\tNODE\tNODE\tSYS\tSYS\tNODE\tNODE\tSYS\tSYS\tPIX\tPIX\tPIX\tPIX\tPIX\tPIX\t X \tPIX\tPIX\t\t\t\t\nNIC11\tNODE\tNODE\tSYS\tSYS\tNODE\tNODE\tSYS\tSYS\tPIX\tPIX\tPIX\tPIX\tPIX\tPIX\tPIX\t X \tPIX\t\t\t\t\nNIC12\tNODE\tNODE\tSYS\tSYS\tNODE\tNODE\tSYS\tSYS\tPIX\tPIX\tPIX\tPIX\tPIX\tPIX\tPIX\tPIX\t X \t\t\t\t\n\nLegend:\n\n  X    = Self\n  SYS  = Connection traversing PCIe as well as the SMP interconnect between NUMA nodes (e.g., QPI/UPI)\n  NODE = Connection traversing PCIe as well as the interconnect between PCIe Host Bridges within a NUMA node\n  PHB  = Connection traversing PCIe as well as a PCIe Host Bridge (typically the CPU)\n  PXB  = Connection traversing multiple PCIe bridges (without traversing the PCIe Host Bridge)\n  PIX  = Connection traversing at most a single PCIe bridge\n  NV#  = Connection traversing a bonded set of # NVLinks\n\nNIC Legend:\n\n  NIC0: ibp0\n  NIC1: ibp1\n  NIC2: ibp2\n  NIC3: ibp3\n  NIC4: mlx5_0\n  NIC5: mlx5_1\n  NIC6: mlx5_2\n  NIC7: mlx5_3\n  NIC8: mlx5_4\n  NIC9: mlx5_5\n  NIC10: mlx5_6\n  NIC11: mlx5_7\n  NIC12: mlx5_8"
            }
          },
          "before": {
            "field_errors": {},
            "gpus": [
              {
                "clocks.applications.graphics": "[Requested functionality has been deprecated]",
                "clocks.applications.memory": "[Requested functionality has been deprecated]",
                "clocks.current.graphics": "1950",
                "clocks.current.memory": "3996",
                "clocks.current.sm": "1950",
                "clocks.max.graphics": "2062",
                "clocks.max.memory": "3996",
                "clocks.max.sm": "2062",
                "driver_version": "595.71.05",
                "index": "0",
                "name": "NVIDIA GB200",
                "pci.bus_id": "00000008:01:00.0",
                "persistence_mode": "Enabled",
                "power.draw": "212.47",
                "power.limit": "1200.00",
                "pstate": "P0",
                "temperature.gpu": "36",
                "uuid": "GPU-64efb995-783a-a11a-c868-580e18809080"
              },
              {
                "clocks.applications.graphics": "[Requested functionality has been deprecated]",
                "clocks.applications.memory": "[Requested functionality has been deprecated]",
                "clocks.current.graphics": "1950",
                "clocks.current.memory": "3996",
                "clocks.current.sm": "1950",
                "clocks.max.graphics": "2062",
                "clocks.max.memory": "3996",
                "clocks.max.sm": "2062",
                "driver_version": "595.71.05",
                "index": "1",
                "name": "NVIDIA GB200",
                "pci.bus_id": "00000009:01:00.0",
                "persistence_mode": "Enabled",
                "power.draw": "203.16",
                "power.limit": "1200.00",
                "pstate": "P0",
                "temperature.gpu": "36",
                "uuid": "GPU-84233fbe-ed84-cfff-821c-7acc555c2503"
              },
              {
                "clocks.applications.graphics": "[Requested functionality has been deprecated]",
                "clocks.applications.memory": "[Requested functionality has been deprecated]",
                "clocks.current.graphics": "1950",
                "clocks.current.memory": "3996",
                "clocks.current.sm": "1950",
                "clocks.max.graphics": "2062",
                "clocks.max.memory": "3996",
                "clocks.max.sm": "2062",
                "driver_version": "595.71.05",
                "index": "2",
                "name": "NVIDIA GB200",
                "pci.bus_id": "00000018:01:00.0",
                "persistence_mode": "Enabled",
                "power.draw": "207.75",
                "power.limit": "1200.00",
                "pstate": "P0",
                "temperature.gpu": "36",
                "uuid": "GPU-19bf3c4b-1e4c-1afc-3db0-adf098d28d8b"
              },
              {
                "clocks.applications.graphics": "[Requested functionality has been deprecated]",
                "clocks.applications.memory": "[Requested functionality has been deprecated]",
                "clocks.current.graphics": "1950",
                "clocks.current.memory": "3996",
                "clocks.current.sm": "1950",
                "clocks.max.graphics": "2062",
                "clocks.max.memory": "3996",
                "clocks.max.sm": "2062",
                "driver_version": "595.71.05",
                "index": "3",
                "name": "NVIDIA GB200",
                "pci.bus_id": "00000019:01:00.0",
                "persistence_mode": "Enabled",
                "power.draw": "230.11",
                "power.limit": "1200.00",
                "pstate": "P0",
                "temperature.gpu": "36",
                "uuid": "GPU-14a91ec2-4299-59e4-c682-00a36868d987"
              }
            ],
            "topology": {
              "arguments": [
                "nvidia-smi",
                "topo",
                "-m"
              ],
              "returncode": 0,
              "stderr": "",
              "stdout": "\u001b[4mGPU0\tGPU1\tGPU2\tGPU3\tNIC0\tNIC1\tNIC2\tNIC3\tNIC4\tNIC5\tNIC6\tNIC7\tNIC8\tNIC9\tNIC10\tNIC11\tNIC12\tCPU Affinity\tNUMA Affinity\tGPU NUMA ID\u001b[0m\nGPU0\t X \tNV18\tNV18\tNV18\tNODE\tNODE\tSYS\tSYS\tNODE\tNODE\tNODE\tNODE\tNODE\tNODE\tNODE\tNODE\tNODE\t0-71\t0\t\tN/A\nGPU1\tNV18\t X \tNV18\tNV18\tNODE\tNODE\tSYS\tSYS\tNODE\tNODE\tNODE\tNODE\tNODE\tNODE\tNODE\tNODE\tNODE\t0-71\t0\t\tN/A\nGPU2\tNV18\tNV18\t X \tNV18\tSYS\tSYS\tNODE\tNODE\tSYS\tSYS\tSYS\tSYS\tSYS\tSYS\tSYS\tSYS\tSYS\t72-143\t1\t\tN/A\nGPU3\tNV18\tNV18\tNV18\t X \tSYS\tSYS\tNODE\tNODE\tSYS\tSYS\tSYS\tSYS\tSYS\tSYS\tSYS\tSYS\tSYS\t72-143\t1\t\tN/A\nNIC0\tNODE\tNODE\tSYS\tSYS\t X \tNODE\tSYS\tSYS\tNODE\tNODE\tNODE\tNODE\tNODE\tNODE\tNODE\tNODE\tNODE\t\t\t\t\nNIC1\tNODE\tNODE\tSYS\tSYS\tNODE\t X \tSYS\tSYS\tNODE\tNODE\tNODE\tNODE\tNODE\tNODE\tNODE\tNODE\tNODE\t\t\t\t\nNIC2\tSYS\tSYS\tNODE\tNODE\tSYS\tSYS\t X \tNODE\tSYS\tSYS\tSYS\tSYS\tSYS\tSYS\tSYS\tSYS\tSYS\t\t\t\t\nNIC3\tSYS\tSYS\tNODE\tNODE\tSYS\tSYS\tNODE\t X \tSYS\tSYS\tSYS\tSYS\tSYS\tSYS\tSYS\tSYS\tSYS\t\t\t\t\nNIC4\tNODE\tNODE\tSYS\tSYS\tNODE\tNODE\tSYS\tSYS\t X \tPIX\tPIX\tPIX\tPIX\tPIX\tPIX\tPIX\tPIX\t\t\t\t\nNIC5\tNODE\tNODE\tSYS\tSYS\tNODE\tNODE\tSYS\tSYS\tPIX\t X \tPIX\tPIX\tPIX\tPIX\tPIX\tPIX\tPIX\t\t\t\t\nNIC6\tNODE\tNODE\tSYS\tSYS\tNODE\tNODE\tSYS\tSYS\tPIX\tPIX\t X \tPIX\tPIX\tPIX\tPIX\tPIX\tPIX\t\t\t\t\nNIC7\tNODE\tNODE\tSYS\tSYS\tNODE\tNODE\tSYS\tSYS\tPIX\tPIX\tPIX\t X \tPIX\tPIX\tPIX\tPIX\tPIX\t\t\t\t\nNIC8\tNODE\tNODE\tSYS\tSYS\tNODE\tNODE\tSYS\tSYS\tPIX\tPIX\tPIX\tPIX\t X \tPIX\tPIX\tPIX\tPIX\t\t\t\t\nNIC9\tNODE\tNODE\tSYS\tSYS\tNODE\tNODE\tSYS\tSYS\tPIX\tPIX\tPIX\tPIX\tPIX\t X \tPIX\tPIX\tPIX\t\t\t\t\nNIC10\tNODE\tNODE\tSYS\tSYS\tNODE\tNODE\tSYS\tSYS\tPIX\tPIX\tPIX\tPIX\tPIX\tPIX\t X \tPIX\tPIX\t\t\t\t\nNIC11\tNODE\tNODE\tSYS\tSYS\tNODE\tNODE\tSYS\tSYS\tPIX\tPIX\tPIX\tPIX\tPIX\tPIX\tPIX\t X \tPIX\t\t\t\t\nNIC12\tNODE\tNODE\tSYS\tSYS\tNODE\tNODE\tSYS\tSYS\tPIX\tPIX\tPIX\tPIX\tPIX\tPIX\tPIX\tPIX\t X \t\t\t\t\n\nLegend:\n\n  X    = Self\n  SYS  = Connection traversing PCIe as well as the SMP interconnect between NUMA nodes (e.g., QPI/UPI)\n  NODE = Connection traversing PCIe as well as the interconnect between PCIe Host Bridges within a NUMA node\n  PHB  = Connection traversing PCIe as well as a PCIe Host Bridge (typically the CPU)\n  PXB  = Connection traversing multiple PCIe bridges (without traversing the PCIe Host Bridge)\n  PIX  = Connection traversing at most a single PCIe bridge\n  NV#  = Connection traversing a bonded set of # NVLinks\n\nNIC Legend:\n\n  NIC0: ibp0\n  NIC1: ibp1\n  NIC2: ibp2\n  NIC3: ibp3\n  NIC4: mlx5_0\n  NIC5: mlx5_1\n  NIC6: mlx5_2\n  NIC7: mlx5_3\n  NIC8: mlx5_4\n  NIC9: mlx5_5\n  NIC10: mlx5_6\n  NIC11: mlx5_7\n  NIC12: mlx5_8"
            }
          }
        },
        "natural_shuttle_post_route": {
          "after": {
            "field_errors": {},
            "gpus": [
              {
                "clocks.applications.graphics": "[Requested functionality has been deprecated]",
                "clocks.applications.memory": "[Requested functionality has been deprecated]",
                "clocks.current.graphics": "1950",
                "clocks.current.memory": "3996",
                "clocks.current.sm": "1950",
                "clocks.max.graphics": "2062",
                "clocks.max.memory": "3996",
                "clocks.max.sm": "2062",
                "driver_version": "595.71.05",
                "index": "0",
                "name": "NVIDIA GB200",
                "pci.bus_id": "00000008:01:00.0",
                "persistence_mode": "Enabled",
                "power.draw": "227.40",
                "power.limit": "1200.00",
                "pstate": "P0",
                "temperature.gpu": "36",
                "uuid": "GPU-64efb995-783a-a11a-c868-580e18809080"
              },
              {
                "clocks.applications.graphics": "[Requested functionality has been deprecated]",
                "clocks.applications.memory": "[Requested functionality has been deprecated]",
                "clocks.current.graphics": "1950",
                "clocks.current.memory": "3996",
                "clocks.current.sm": "1950",
                "clocks.max.graphics": "2062",
                "clocks.max.memory": "3996",
                "clocks.max.sm": "2062",
                "driver_version": "595.71.05",
                "index": "1",
                "name": "NVIDIA GB200",
                "pci.bus_id": "00000009:01:00.0",
                "persistence_mode": "Enabled",
                "power.draw": "216.10",
                "power.limit": "1200.00",
                "pstate": "P0",
                "temperature.gpu": "36",
                "uuid": "GPU-84233fbe-ed84-cfff-821c-7acc555c2503"
              },
              {
                "clocks.applications.graphics": "[Requested functionality has been deprecated]",
                "clocks.applications.memory": "[Requested functionality has been deprecated]",
                "clocks.current.graphics": "1950",
                "clocks.current.memory": "3996",
                "clocks.current.sm": "1950",
                "clocks.max.graphics": "2062",
                "clocks.max.memory": "3996",
                "clocks.max.sm": "2062",
                "driver_version": "595.71.05",
                "index": "2",
                "name": "NVIDIA GB200",
                "pci.bus_id": "00000018:01:00.0",
                "persistence_mode": "Enabled",
                "power.draw": "223.82",
                "power.limit": "1200.00",
                "pstate": "P0",
                "temperature.gpu": "36",
                "uuid": "GPU-19bf3c4b-1e4c-1afc-3db0-adf098d28d8b"
              },
              {
                "clocks.applications.graphics": "[Requested functionality has been deprecated]",
                "clocks.applications.memory": "[Requested functionality has been deprecated]",
                "clocks.current.graphics": "1950",
                "clocks.current.memory": "3996",
                "clocks.current.sm": "1950",
                "clocks.max.graphics": "2062",
                "clocks.max.memory": "3996",
                "clocks.max.sm": "2062",
                "driver_version": "595.71.05",
                "index": "3",
                "name": "NVIDIA GB200",
                "pci.bus_id": "00000019:01:00.0",
                "persistence_mode": "Enabled",
                "power.draw": "244.70",
                "power.limit": "1200.00",
                "pstate": "P0",
                "temperature.gpu": "36",
                "uuid": "GPU-14a91ec2-4299-59e4-c682-00a36868d987"
              }
            ],
            "topology": {
              "arguments": [
                "nvidia-smi",
                "topo",
                "-m"
              ],
              "returncode": 0,
              "stderr": "",
              "stdout": "\u001b[4mGPU0\tGPU1\tGPU2\tGPU3\tNIC0\tNIC1\tNIC2\tNIC3\tNIC4\tNIC5\tNIC6\tNIC7\tNIC8\tNIC9\tNIC10\tNIC11\tNIC12\tCPU Affinity\tNUMA Affinity\tGPU NUMA ID\u001b[0m\nGPU0\t X \tNV18\tNV18\tNV18\tNODE\tNODE\tSYS\tSYS\tNODE\tNODE\tNODE\tNODE\tNODE\tNODE\tNODE\tNODE\tNODE\t0-71\t0\t\tN/A\nGPU1\tNV18\t X \tNV18\tNV18\tNODE\tNODE\tSYS\tSYS\tNODE\tNODE\tNODE\tNODE\tNODE\tNODE\tNODE\tNODE\tNODE\t0-71\t0\t\tN/A\nGPU2\tNV18\tNV18\t X \tNV18\tSYS\tSYS\tNODE\tNODE\tSYS\tSYS\tSYS\tSYS\tSYS\tSYS\tSYS\tSYS\tSYS\t72-143\t1\t\tN/A\nGPU3\tNV18\tNV18\tNV18\t X \tSYS\tSYS\tNODE\tNODE\tSYS\tSYS\tSYS\tSYS\tSYS\tSYS\tSYS\tSYS\tSYS\t72-143\t1\t\tN/A\nNIC0\tNODE\tNODE\tSYS\tSYS\t X \tNODE\tSYS\tSYS\tNODE\tNODE\tNODE\tNODE\tNODE\tNODE\tNODE\tNODE\tNODE\t\t\t\t\nNIC1\tNODE\tNODE\tSYS\tSYS\tNODE\t X \tSYS\tSYS\tNODE\tNODE\tNODE\tNODE\tNODE\tNODE\tNODE\tNODE\tNODE\t\t\t\t\nNIC2\tSYS\tSYS\tNODE\tNODE\tSYS\tSYS\t X \tNODE\tSYS\tSYS\tSYS\tSYS\tSYS\tSYS\tSYS\tSYS\tSYS\t\t\t\t\nNIC3\tSYS\tSYS\tNODE\tNODE\tSYS\tSYS\tNODE\t X \tSYS\tSYS\tSYS\tSYS\tSYS\tSYS\tSYS\tSYS\tSYS\t\t\t\t\nNIC4\tNODE\tNODE\tSYS\tSYS\tNODE\tNODE\tSYS\tSYS\t X \tPIX\tPIX\tPIX\tPIX\tPIX\tPIX\tPIX\tPIX\t\t\t\t\nNIC5\tNODE\tNODE\tSYS\tSYS\tNODE\tNODE\tSYS\tSYS\tPIX\t X \tPIX\tPIX\tPIX\tPIX\tPIX\tPIX\tPIX\t\t\t\t\nNIC6\tNODE\tNODE\tSYS\tSYS\tNODE\tNODE\tSYS\tSYS\tPIX\tPIX\t X \tPIX\tPIX\tPIX\tPIX\tPIX\tPIX\t\t\t\t\nNIC7\tNODE\tNODE\tSYS\tSYS\tNODE\tNODE\tSYS\tSYS\tPIX\tPIX\tPIX\t X \tPIX\tPIX\tPIX\tPIX\tPIX\t\t\t\t\nNIC8\tNODE\tNODE\tSYS\tSYS\tNODE\tNODE\tSYS\tSYS\tPIX\tPIX\tPIX\tPIX\t X \tPIX\tPIX\tPIX\tPIX\t\t\t\t\nNIC9\tNODE\tNODE\tSYS\tSYS\tNODE\tNODE\tSYS\tSYS\tPIX\tPIX\tPIX\tPIX\tPIX\t X \tPIX\tPIX\tPIX\t\t\t\t\nNIC10\tNODE\tNODE\tSYS\tSYS\tNODE\tNODE\tSYS\tSYS\tPIX\tPIX\tPIX\tPIX\tPIX\tPIX\t X \tPIX\tPIX\t\t\t\t\nNIC11\tNODE\tNODE\tSYS\tSYS\tNODE\tNODE\tSYS\tSYS\tPIX\tPIX\tPIX\tPIX\tPIX\tPIX\tPIX\t X \tPIX\t\t\t\t\nNIC12\tNODE\tNODE\tSYS\tSYS\tNODE\tNODE\tSYS\tSYS\tPIX\tPIX\tPIX\tPIX\tPIX\tPIX\tPIX\tPIX\t X \t\t\t\t\n\nLegend:\n\n  X    = Self\n  SYS  = Connection traversing PCIe as well as the SMP interconnect between NUMA nodes (e.g., QPI/UPI)\n  NODE = Connection traversing PCIe as well as the interconnect between PCIe Host Bridges within a NUMA node\n  PHB  = Connection traversing PCIe as well as a PCIe Host Bridge (typically the CPU)\n  PXB  = Connection traversing multiple PCIe bridges (without traversing the PCIe Host Bridge)\n  PIX  = Connection traversing at most a single PCIe bridge\n  NV#  = Connection traversing a bonded set of # NVLinks\n\nNIC Legend:\n\n  NIC0: ibp0\n  NIC1: ibp1\n  NIC2: ibp2\n  NIC3: ibp3\n  NIC4: mlx5_0\n  NIC5: mlx5_1\n  NIC6: mlx5_2\n  NIC7: mlx5_3\n  NIC8: mlx5_4\n  NIC9: mlx5_5\n  NIC10: mlx5_6\n  NIC11: mlx5_7\n  NIC12: mlx5_8"
            }
          },
          "before": {
            "field_errors": {},
            "gpus": [
              {
                "clocks.applications.graphics": "[Requested functionality has been deprecated]",
                "clocks.applications.memory": "[Requested functionality has been deprecated]",
                "clocks.current.graphics": "1950",
                "clocks.current.memory": "3996",
                "clocks.current.sm": "1950",
                "clocks.max.graphics": "2062",
                "clocks.max.memory": "3996",
                "clocks.max.sm": "2062",
                "driver_version": "595.71.05",
                "index": "0",
                "name": "NVIDIA GB200",
                "pci.bus_id": "00000008:01:00.0",
                "persistence_mode": "Enabled",
                "power.draw": "212.46",
                "power.limit": "1200.00",
                "pstate": "P0",
                "temperature.gpu": "36",
                "uuid": "GPU-64efb995-783a-a11a-c868-580e18809080"
              },
              {
                "clocks.applications.graphics": "[Requested functionality has been deprecated]",
                "clocks.applications.memory": "[Requested functionality has been deprecated]",
                "clocks.current.graphics": "1950",
                "clocks.current.memory": "3996",
                "clocks.current.sm": "1950",
                "clocks.max.graphics": "2062",
                "clocks.max.memory": "3996",
                "clocks.max.sm": "2062",
                "driver_version": "595.71.05",
                "index": "1",
                "name": "NVIDIA GB200",
                "pci.bus_id": "00000009:01:00.0",
                "persistence_mode": "Enabled",
                "power.draw": "202.93",
                "power.limit": "1200.00",
                "pstate": "P0",
                "temperature.gpu": "36",
                "uuid": "GPU-84233fbe-ed84-cfff-821c-7acc555c2503"
              },
              {
                "clocks.applications.graphics": "[Requested functionality has been deprecated]",
                "clocks.applications.memory": "[Requested functionality has been deprecated]",
                "clocks.current.graphics": "1950",
                "clocks.current.memory": "3996",
                "clocks.current.sm": "1950",
                "clocks.max.graphics": "2062",
                "clocks.max.memory": "3996",
                "clocks.max.sm": "2062",
                "driver_version": "595.71.05",
                "index": "2",
                "name": "NVIDIA GB200",
                "pci.bus_id": "00000018:01:00.0",
                "persistence_mode": "Enabled",
                "power.draw": "207.60",
                "power.limit": "1200.00",
                "pstate": "P0",
                "temperature.gpu": "36",
                "uuid": "GPU-19bf3c4b-1e4c-1afc-3db0-adf098d28d8b"
              },
              {
                "clocks.applications.graphics": "[Requested functionality has been deprecated]",
                "clocks.applications.memory": "[Requested functionality has been deprecated]",
                "clocks.current.graphics": "1950",
                "clocks.current.memory": "3996",
                "clocks.current.sm": "1950",
                "clocks.max.graphics": "2062",
                "clocks.max.memory": "3996",
                "clocks.max.sm": "2062",
                "driver_version": "595.71.05",
                "index": "3",
                "name": "NVIDIA GB200",
                "pci.bus_id": "00000019:01:00.0",
                "persistence_mode": "Enabled",
                "power.draw": "229.01",
                "power.limit": "1200.00",
                "pstate": "P0",
                "temperature.gpu": "36",
                "uuid": "GPU-14a91ec2-4299-59e4-c682-00a36868d987"
              }
            ],
            "topology": {
              "arguments": [
                "nvidia-smi",
                "topo",
                "-m"
              ],
              "returncode": 0,
              "stderr": "",
              "stdout": "\u001b[4mGPU0\tGPU1\tGPU2\tGPU3\tNIC0\tNIC1\tNIC2\tNIC3\tNIC4\tNIC5\tNIC6\tNIC7\tNIC8\tNIC9\tNIC10\tNIC11\tNIC12\tCPU Affinity\tNUMA Affinity\tGPU NUMA ID\u001b[0m\nGPU0\t X \tNV18\tNV18\tNV18\tNODE\tNODE\tSYS\tSYS\tNODE\tNODE\tNODE\tNODE\tNODE\tNODE\tNODE\tNODE\tNODE\t0-71\t0\t\tN/A\nGPU1\tNV18\t X \tNV18\tNV18\tNODE\tNODE\tSYS\tSYS\tNODE\tNODE\tNODE\tNODE\tNODE\tNODE\tNODE\tNODE\tNODE\t0-71\t0\t\tN/A\nGPU2\tNV18\tNV18\t X \tNV18\tSYS\tSYS\tNODE\tNODE\tSYS\tSYS\tSYS\tSYS\tSYS\tSYS\tSYS\tSYS\tSYS\t72-143\t1\t\tN/A\nGPU3\tNV18\tNV18\tNV18\t X \tSYS\tSYS\tNODE\tNODE\tSYS\tSYS\tSYS\tSYS\tSYS\tSYS\tSYS\tSYS\tSYS\t72-143\t1\t\tN/A\nNIC0\tNODE\tNODE\tSYS\tSYS\t X \tNODE\tSYS\tSYS\tNODE\tNODE\tNODE\tNODE\tNODE\tNODE\tNODE\tNODE\tNODE\t\t\t\t\nNIC1\tNODE\tNODE\tSYS\tSYS\tNODE\t X \tSYS\tSYS\tNODE\tNODE\tNODE\tNODE\tNODE\tNODE\tNODE\tNODE\tNODE\t\t\t\t\nNIC2\tSYS\tSYS\tNODE\tNODE\tSYS\tSYS\t X \tNODE\tSYS\tSYS\tSYS\tSYS\tSYS\tSYS\tSYS\tSYS\tSYS\t\t\t\t\nNIC3\tSYS\tSYS\tNODE\tNODE\tSYS\tSYS\tNODE\t X \tSYS\tSYS\tSYS\tSYS\tSYS\tSYS\tSYS\tSYS\tSYS\t\t\t\t\nNIC4\tNODE\tNODE\tSYS\tSYS\tNODE\tNODE\tSYS\tSYS\t X \tPIX\tPIX\tPIX\tPIX\tPIX\tPIX\tPIX\tPIX\t\t\t\t\nNIC5\tNODE\tNODE\tSYS\tSYS\tNODE\tNODE\tSYS\tSYS\tPIX\t X \tPIX\tPIX\tPIX\tPIX\tPIX\tPIX\tPIX\t\t\t\t\nNIC6\tNODE\tNODE\tSYS\tSYS\tNODE\tNODE\tSYS\tSYS\tPIX\tPIX\t X \tPIX\tPIX\tPIX\tPIX\tPIX\tPIX\t\t\t\t\nNIC7\tNODE\tNODE\tSYS\tSYS\tNODE\tNODE\tSYS\tSYS\tPIX\tPIX\tPIX\t X \tPIX\tPIX\tPIX\tPIX\tPIX\t\t\t\t\nNIC8\tNODE\tNODE\tSYS\tSYS\tNODE\tNODE\tSYS\tSYS\tPIX\tPIX\tPIX\tPIX\t X \tPIX\tPIX\tPIX\tPIX\t\t\t\t\nNIC9\tNODE\tNODE\tSYS\tSYS\tNODE\tNODE\tSYS\tSYS\tPIX\tPIX\tPIX\tPIX\tPIX\t X \tPIX\tPIX\tPIX\t\t\t\t\nNIC10\tNODE\tNODE\tSYS\tSYS\tNODE\tNODE\tSYS\tSYS\tPIX\tPIX\tPIX\tPIX\tPIX\tPIX\t X \tPIX\tPIX\t\t\t\t\nNIC11\tNODE\tNODE\tSYS\tSYS\tNODE\tNODE\tSYS\tSYS\tPIX\tPIX\tPIX\tPIX\tPIX\tPIX\tPIX\t X \tPIX\t\t\t\t\nNIC12\tNODE\tNODE\tSYS\tSYS\tNODE\tNODE\tSYS\tSYS\tPIX\tPIX\tPIX\tPIX\tPIX\tPIX\tPIX\tPIX\t X \t\t\t\t\n\nLegend:\n\n  X    = Self\n  SYS  = Connection traversing PCIe as well as the SMP interconnect between NUMA nodes (e.g., QPI/UPI)\n  NODE = Connection traversing PCIe as well as the interconnect between PCIe Host Bridges within a NUMA node\n  PHB  = Connection traversing PCIe as well as a PCIe Host Bridge (typically the CPU)\n  PXB  = Connection traversing multiple PCIe bridges (without traversing the PCIe Host Bridge)\n  PIX  = Connection traversing at most a single PCIe bridge\n  NV#  = Connection traversing a bonded set of # NVLinks\n\nNIC Legend:\n\n  NIC0: ibp0\n  NIC1: ibp1\n  NIC2: ibp2\n  NIC3: ibp3\n  NIC4: mlx5_0\n  NIC5: mlx5_1\n  NIC6: mlx5_2\n  NIC7: mlx5_3\n  NIC8: mlx5_4\n  NIC9: mlx5_5\n  NIC10: mlx5_6\n  NIC11: mlx5_7\n  NIC12: mlx5_8"
            }
          }
        },
        "official_combine_with_shared_bias": {
          "after": {
            "field_errors": {},
            "gpus": [
              {
                "clocks.applications.graphics": "[Requested functionality has been deprecated]",
                "clocks.applications.memory": "[Requested functionality has been deprecated]",
                "clocks.current.graphics": "1950",
                "clocks.current.memory": "3996",
                "clocks.current.sm": "1950",
                "clocks.max.graphics": "2062",
                "clocks.max.memory": "3996",
                "clocks.max.sm": "2062",
                "driver_version": "595.71.05",
                "index": "0",
                "name": "NVIDIA GB200",
                "pci.bus_id": "00000008:01:00.0",
                "persistence_mode": "Enabled",
                "power.draw": "212.52",
                "power.limit": "1200.00",
                "pstate": "P0",
                "temperature.gpu": "36",
                "uuid": "GPU-64efb995-783a-a11a-c868-580e18809080"
              },
              {
                "clocks.applications.graphics": "[Requested functionality has been deprecated]",
                "clocks.applications.memory": "[Requested functionality has been deprecated]",
                "clocks.current.graphics": "1950",
                "clocks.current.memory": "3996",
                "clocks.current.sm": "1950",
                "clocks.max.graphics": "2062",
                "clocks.max.memory": "3996",
                "clocks.max.sm": "2062",
                "driver_version": "595.71.05",
                "index": "1",
                "name": "NVIDIA GB200",
                "pci.bus_id": "00000009:01:00.0",
                "persistence_mode": "Enabled",
                "power.draw": "203.85",
                "power.limit": "1200.00",
                "pstate": "P0",
                "temperature.gpu": "36",
                "uuid": "GPU-84233fbe-ed84-cfff-821c-7acc555c2503"
              },
              {
                "clocks.applications.graphics": "[Requested functionality has been deprecated]",
                "clocks.applications.memory": "[Requested functionality has been deprecated]",
                "clocks.current.graphics": "1950",
                "clocks.current.memory": "3996",
                "clocks.current.sm": "1950",
                "clocks.max.graphics": "2062",
                "clocks.max.memory": "3996",
                "clocks.max.sm": "2062",
                "driver_version": "595.71.05",
                "index": "2",
                "name": "NVIDIA GB200",
                "pci.bus_id": "00000018:01:00.0",
                "persistence_mode": "Enabled",
                "power.draw": "210.29",
                "power.limit": "1200.00",
                "pstate": "P0",
                "temperature.gpu": "36",
                "uuid": "GPU-19bf3c4b-1e4c-1afc-3db0-adf098d28d8b"
              },
              {
                "clocks.applications.graphics": "[Requested functionality has been deprecated]",
                "clocks.applications.memory": "[Requested functionality has been deprecated]",
                "clocks.current.graphics": "1950",
                "clocks.current.memory": "3996",
                "clocks.current.sm": "1950",
                "clocks.max.graphics": "2062",
                "clocks.max.memory": "3996",
                "clocks.max.sm": "2062",
                "driver_version": "595.71.05",
                "index": "3",
                "name": "NVIDIA GB200",
                "pci.bus_id": "00000019:01:00.0",
                "persistence_mode": "Enabled",
                "power.draw": "232.24",
                "power.limit": "1200.00",
                "pstate": "P0",
                "temperature.gpu": "36",
                "uuid": "GPU-14a91ec2-4299-59e4-c682-00a36868d987"
              }
            ],
            "topology": {
              "arguments": [
                "nvidia-smi",
                "topo",
                "-m"
              ],
              "returncode": 0,
              "stderr": "",
              "stdout": "\u001b[4mGPU0\tGPU1\tGPU2\tGPU3\tNIC0\tNIC1\tNIC2\tNIC3\tNIC4\tNIC5\tNIC6\tNIC7\tNIC8\tNIC9\tNIC10\tNIC11\tNIC12\tCPU Affinity\tNUMA Affinity\tGPU NUMA ID\u001b[0m\nGPU0\t X \tNV18\tNV18\tNV18\tNODE\tNODE\tSYS\tSYS\tNODE\tNODE\tNODE\tNODE\tNODE\tNODE\tNODE\tNODE\tNODE\t0-71\t0\t\tN/A\nGPU1\tNV18\t X \tNV18\tNV18\tNODE\tNODE\tSYS\tSYS\tNODE\tNODE\tNODE\tNODE\tNODE\tNODE\tNODE\tNODE\tNODE\t0-71\t0\t\tN/A\nGPU2\tNV18\tNV18\t X \tNV18\tSYS\tSYS\tNODE\tNODE\tSYS\tSYS\tSYS\tSYS\tSYS\tSYS\tSYS\tSYS\tSYS\t72-143\t1\t\tN/A\nGPU3\tNV18\tNV18\tNV18\t X \tSYS\tSYS\tNODE\tNODE\tSYS\tSYS\tSYS\tSYS\tSYS\tSYS\tSYS\tSYS\tSYS\t72-143\t1\t\tN/A\nNIC0\tNODE\tNODE\tSYS\tSYS\t X \tNODE\tSYS\tSYS\tNODE\tNODE\tNODE\tNODE\tNODE\tNODE\tNODE\tNODE\tNODE\t\t\t\t\nNIC1\tNODE\tNODE\tSYS\tSYS\tNODE\t X \tSYS\tSYS\tNODE\tNODE\tNODE\tNODE\tNODE\tNODE\tNODE\tNODE\tNODE\t\t\t\t\nNIC2\tSYS\tSYS\tNODE\tNODE\tSYS\tSYS\t X \tNODE\tSYS\tSYS\tSYS\tSYS\tSYS\tSYS\tSYS\tSYS\tSYS\t\t\t\t\nNIC3\tSYS\tSYS\tNODE\tNODE\tSYS\tSYS\tNODE\t X \tSYS\tSYS\tSYS\tSYS\tSYS\tSYS\tSYS\tSYS\tSYS\t\t\t\t\nNIC4\tNODE\tNODE\tSYS\tSYS\tNODE\tNODE\tSYS\tSYS\t X \tPIX\tPIX\tPIX\tPIX\tPIX\tPIX\tPIX\tPIX\t\t\t\t\nNIC5\tNODE\tNODE\tSYS\tSYS\tNODE\tNODE\tSYS\tSYS\tPIX\t X \tPIX\tPIX\tPIX\tPIX\tPIX\tPIX\tPIX\t\t\t\t\nNIC6\tNODE\tNODE\tSYS\tSYS\tNODE\tNODE\tSYS\tSYS\tPIX\tPIX\t X \tPIX\tPIX\tPIX\tPIX\tPIX\tPIX\t\t\t\t\nNIC7\tNODE\tNODE\tSYS\tSYS\tNODE\tNODE\tSYS\tSYS\tPIX\tPIX\tPIX\t X \tPIX\tPIX\tPIX\tPIX\tPIX\t\t\t\t\nNIC8\tNODE\tNODE\tSYS\tSYS\tNODE\tNODE\tSYS\tSYS\tPIX\tPIX\tPIX\tPIX\t X \tPIX\tPIX\tPIX\tPIX\t\t\t\t\nNIC9\tNODE\tNODE\tSYS\tSYS\tNODE\tNODE\tSYS\tSYS\tPIX\tPIX\tPIX\tPIX\tPIX\t X \tPIX\tPIX\tPIX\t\t\t\t\nNIC10\tNODE\tNODE\tSYS\tSYS\tNODE\tNODE\tSYS\tSYS\tPIX\tPIX\tPIX\tPIX\tPIX\tPIX\t X \tPIX\tPIX\t\t\t\t\nNIC11\tNODE\tNODE\tSYS\tSYS\tNODE\tNODE\tSYS\tSYS\tPIX\tPIX\tPIX\tPIX\tPIX\tPIX\tPIX\t X \tPIX\t\t\t\t\nNIC12\tNODE\tNODE\tSYS\tSYS\tNODE\tNODE\tSYS\tSYS\tPIX\tPIX\tPIX\tPIX\tPIX\tPIX\tPIX\tPIX\t X \t\t\t\t\n\nLegend:\n\n  X    = Self\n  SYS  = Connection traversing PCIe as well as the SMP interconnect between NUMA nodes (e.g., QPI/UPI)\n  NODE = Connection traversing PCIe as well as the interconnect between PCIe Host Bridges within a NUMA node\n  PHB  = Connection traversing PCIe as well as a PCIe Host Bridge (typically the CPU)\n  PXB  = Connection traversing multiple PCIe bridges (without traversing the PCIe Host Bridge)\n  PIX  = Connection traversing at most a single PCIe bridge\n  NV#  = Connection traversing a bonded set of # NVLinks\n\nNIC Legend:\n\n  NIC0: ibp0\n  NIC1: ibp1\n  NIC2: ibp2\n  NIC3: ibp3\n  NIC4: mlx5_0\n  NIC5: mlx5_1\n  NIC6: mlx5_2\n  NIC7: mlx5_3\n  NIC8: mlx5_4\n  NIC9: mlx5_5\n  NIC10: mlx5_6\n  NIC11: mlx5_7\n  NIC12: mlx5_8"
            }
          },
          "before": {
            "field_errors": {},
            "gpus": [
              {
                "clocks.applications.graphics": "[Requested functionality has been deprecated]",
                "clocks.applications.memory": "[Requested functionality has been deprecated]",
                "clocks.current.graphics": "1950",
                "clocks.current.memory": "3996",
                "clocks.current.sm": "1950",
                "clocks.max.graphics": "2062",
                "clocks.max.memory": "3996",
                "clocks.max.sm": "2062",
                "driver_version": "595.71.05",
                "index": "0",
                "name": "NVIDIA GB200",
                "pci.bus_id": "00000008:01:00.0",
                "persistence_mode": "Enabled",
                "power.draw": "212.37",
                "power.limit": "1200.00",
                "pstate": "P0",
                "temperature.gpu": "36",
                "uuid": "GPU-64efb995-783a-a11a-c868-580e18809080"
              },
              {
                "clocks.applications.graphics": "[Requested functionality has been deprecated]",
                "clocks.applications.memory": "[Requested functionality has been deprecated]",
                "clocks.current.graphics": "1950",
                "clocks.current.memory": "3996",
                "clocks.current.sm": "1950",
                "clocks.max.graphics": "2062",
                "clocks.max.memory": "3996",
                "clocks.max.sm": "2062",
                "driver_version": "595.71.05",
                "index": "1",
                "name": "NVIDIA GB200",
                "pci.bus_id": "00000009:01:00.0",
                "persistence_mode": "Enabled",
                "power.draw": "203.39",
                "power.limit": "1200.00",
                "pstate": "P0",
                "temperature.gpu": "36",
                "uuid": "GPU-84233fbe-ed84-cfff-821c-7acc555c2503"
              },
              {
                "clocks.applications.graphics": "[Requested functionality has been deprecated]",
                "clocks.applications.memory": "[Requested functionality has been deprecated]",
                "clocks.current.graphics": "1950",
                "clocks.current.memory": "3996",
                "clocks.current.sm": "1950",
                "clocks.max.graphics": "2062",
                "clocks.max.memory": "3996",
                "clocks.max.sm": "2062",
                "driver_version": "595.71.05",
                "index": "2",
                "name": "NVIDIA GB200",
                "pci.bus_id": "00000018:01:00.0",
                "persistence_mode": "Enabled",
                "power.draw": "210.03",
                "power.limit": "1200.00",
                "pstate": "P0",
                "temperature.gpu": "36",
                "uuid": "GPU-19bf3c4b-1e4c-1afc-3db0-adf098d28d8b"
              },
              {
                "clocks.applications.graphics": "[Requested functionality has been deprecated]",
                "clocks.applications.memory": "[Requested functionality has been deprecated]",
                "clocks.current.graphics": "1950",
                "clocks.current.memory": "3996",
                "clocks.current.sm": "1950",
                "clocks.max.graphics": "2062",
                "clocks.max.memory": "3996",
                "clocks.max.sm": "2062",
                "driver_version": "595.71.05",
                "index": "3",
                "name": "NVIDIA GB200",
                "pci.bus_id": "00000019:01:00.0",
                "persistence_mode": "Enabled",
                "power.draw": "232.12",
                "power.limit": "1200.00",
                "pstate": "P0",
                "temperature.gpu": "36",
                "uuid": "GPU-14a91ec2-4299-59e4-c682-00a36868d987"
              }
            ],
            "topology": {
              "arguments": [
                "nvidia-smi",
                "topo",
                "-m"
              ],
              "returncode": 0,
              "stderr": "",
              "stdout": "\u001b[4mGPU0\tGPU1\tGPU2\tGPU3\tNIC0\tNIC1\tNIC2\tNIC3\tNIC4\tNIC5\tNIC6\tNIC7\tNIC8\tNIC9\tNIC10\tNIC11\tNIC12\tCPU Affinity\tNUMA Affinity\tGPU NUMA ID\u001b[0m\nGPU0\t X \tNV18\tNV18\tNV18\tNODE\tNODE\tSYS\tSYS\tNODE\tNODE\tNODE\tNODE\tNODE\tNODE\tNODE\tNODE\tNODE\t0-71\t0\t\tN/A\nGPU1\tNV18\t X \tNV18\tNV18\tNODE\tNODE\tSYS\tSYS\tNODE\tNODE\tNODE\tNODE\tNODE\tNODE\tNODE\tNODE\tNODE\t0-71\t0\t\tN/A\nGPU2\tNV18\tNV18\t X \tNV18\tSYS\tSYS\tNODE\tNODE\tSYS\tSYS\tSYS\tSYS\tSYS\tSYS\tSYS\tSYS\tSYS\t72-143\t1\t\tN/A\nGPU3\tNV18\tNV18\tNV18\t X \tSYS\tSYS\tNODE\tNODE\tSYS\tSYS\tSYS\tSYS\tSYS\tSYS\tSYS\tSYS\tSYS\t72-143\t1\t\tN/A\nNIC0\tNODE\tNODE\tSYS\tSYS\t X \tNODE\tSYS\tSYS\tNODE\tNODE\tNODE\tNODE\tNODE\tNODE\tNODE\tNODE\tNODE\t\t\t\t\nNIC1\tNODE\tNODE\tSYS\tSYS\tNODE\t X \tSYS\tSYS\tNODE\tNODE\tNODE\tNODE\tNODE\tNODE\tNODE\tNODE\tNODE\t\t\t\t\nNIC2\tSYS\tSYS\tNODE\tNODE\tSYS\tSYS\t X \tNODE\tSYS\tSYS\tSYS\tSYS\tSYS\tSYS\tSYS\tSYS\tSYS\t\t\t\t\nNIC3\tSYS\tSYS\tNODE\tNODE\tSYS\tSYS\tNODE\t X \tSYS\tSYS\tSYS\tSYS\tSYS\tSYS\tSYS\tSYS\tSYS\t\t\t\t\nNIC4\tNODE\tNODE\tSYS\tSYS\tNODE\tNODE\tSYS\tSYS\t X \tPIX\tPIX\tPIX\tPIX\tPIX\tPIX\tPIX\tPIX\t\t\t\t\nNIC5\tNODE\tNODE\tSYS\tSYS\tNODE\tNODE\tSYS\tSYS\tPIX\t X \tPIX\tPIX\tPIX\tPIX\tPIX\tPIX\tPIX\t\t\t\t\nNIC6\tNODE\tNODE\tSYS\tSYS\tNODE\tNODE\tSYS\tSYS\tPIX\tPIX\t X \tPIX\tPIX\tPIX\tPIX\tPIX\tPIX\t\t\t\t\nNIC7\tNODE\tNODE\tSYS\tSYS\tNODE\tNODE\tSYS\tSYS\tPIX\tPIX\tPIX\t X \tPIX\tPIX\tPIX\tPIX\tPIX\t\t\t\t\nNIC8\tNODE\tNODE\tSYS\tSYS\tNODE\tNODE\tSYS\tSYS\tPIX\tPIX\tPIX\tPIX\t X \tPIX\tPIX\tPIX\tPIX\t\t\t\t\nNIC9\tNODE\tNODE\tSYS\tSYS\tNODE\tNODE\tSYS\tSYS\tPIX\tPIX\tPIX\tPIX\tPIX\t X \tPIX\tPIX\tPIX\t\t\t\t\nNIC10\tNODE\tNODE\tSYS\tSYS\tNODE\tNODE\tSYS\tSYS\tPIX\tPIX\tPIX\tPIX\tPIX\tPIX\t X \tPIX\tPIX\t\t\t\t\nNIC11\tNODE\tNODE\tSYS\tSYS\tNODE\tNODE\tSYS\tSYS\tPIX\tPIX\tPIX\tPIX\tPIX\tPIX\tPIX\t X \tPIX\t\t\t\t\nNIC12\tNODE\tNODE\tSYS\tSYS\tNODE\tNODE\tSYS\tSYS\tPIX\tPIX\tPIX\tPIX\tPIX\tPIX\tPIX\tPIX\t X \t\t\t\t\n\nLegend:\n\n  X    = Self\n  SYS  = Connection traversing PCIe as well as the SMP interconnect between NUMA nodes (e.g., QPI/UPI)\n  NODE = Connection traversing PCIe as well as the interconnect between PCIe Host Bridges within a NUMA node\n  PHB  = Connection traversing PCIe as well as a PCIe Host Bridge (typically the CPU)\n  PXB  = Connection traversing multiple PCIe bridges (without traversing the PCIe Host Bridge)\n  PIX  = Connection traversing at most a single PCIe bridge\n  NV#  = Connection traversing a bonded set of # NVLinks\n\nNIC Legend:\n\n  NIC0: ibp0\n  NIC1: ibp1\n  NIC2: ibp2\n  NIC3: ibp3\n  NIC4: mlx5_0\n  NIC5: mlx5_1\n  NIC6: mlx5_2\n  NIC7: mlx5_3\n  NIC8: mlx5_4\n  NIC9: mlx5_5\n  NIC10: mlx5_6\n  NIC11: mlx5_7\n  NIC12: mlx5_8"
            }
          }
        },
        "official_dispatch_combine_identity": {
          "after": {
            "field_errors": {},
            "gpus": [
              {
                "clocks.applications.graphics": "[Requested functionality has been deprecated]",
                "clocks.applications.memory": "[Requested functionality has been deprecated]",
                "clocks.current.graphics": "1950",
                "clocks.current.memory": "3996",
                "clocks.current.sm": "1950",
                "clocks.max.graphics": "2062",
                "clocks.max.memory": "3996",
                "clocks.max.sm": "2062",
                "driver_version": "595.71.05",
                "index": "0",
                "name": "NVIDIA GB200",
                "pci.bus_id": "00000008:01:00.0",
                "persistence_mode": "Enabled",
                "power.draw": "212.58",
                "power.limit": "1200.00",
                "pstate": "P0",
                "temperature.gpu": "36",
                "uuid": "GPU-64efb995-783a-a11a-c868-580e18809080"
              },
              {
                "clocks.applications.graphics": "[Requested functionality has been deprecated]",
                "clocks.applications.memory": "[Requested functionality has been deprecated]",
                "clocks.current.graphics": "1950",
                "clocks.current.memory": "3996",
                "clocks.current.sm": "1950",
                "clocks.max.graphics": "2062",
                "clocks.max.memory": "3996",
                "clocks.max.sm": "2062",
                "driver_version": "595.71.05",
                "index": "1",
                "name": "NVIDIA GB200",
                "pci.bus_id": "00000009:01:00.0",
                "persistence_mode": "Enabled",
                "power.draw": "203.91",
                "power.limit": "1200.00",
                "pstate": "P0",
                "temperature.gpu": "36",
                "uuid": "GPU-84233fbe-ed84-cfff-821c-7acc555c2503"
              },
              {
                "clocks.applications.graphics": "[Requested functionality has been deprecated]",
                "clocks.applications.memory": "[Requested functionality has been deprecated]",
                "clocks.current.graphics": "1950",
                "clocks.current.memory": "3996",
                "clocks.current.sm": "1950",
                "clocks.max.graphics": "2062",
                "clocks.max.memory": "3996",
                "clocks.max.sm": "2062",
                "driver_version": "595.71.05",
                "index": "2",
                "name": "NVIDIA GB200",
                "pci.bus_id": "00000018:01:00.0",
                "persistence_mode": "Enabled",
                "power.draw": "207.97",
                "power.limit": "1200.00",
                "pstate": "P0",
                "temperature.gpu": "36",
                "uuid": "GPU-19bf3c4b-1e4c-1afc-3db0-adf098d28d8b"
              },
              {
                "clocks.applications.graphics": "[Requested functionality has been deprecated]",
                "clocks.applications.memory": "[Requested functionality has been deprecated]",
                "clocks.current.graphics": "1950",
                "clocks.current.memory": "3996",
                "clocks.current.sm": "1950",
                "clocks.max.graphics": "2062",
                "clocks.max.memory": "3996",
                "clocks.max.sm": "2062",
                "driver_version": "595.71.05",
                "index": "3",
                "name": "NVIDIA GB200",
                "pci.bus_id": "00000019:01:00.0",
                "persistence_mode": "Enabled",
                "power.draw": "229.64",
                "power.limit": "1200.00",
                "pstate": "P0",
                "temperature.gpu": "36",
                "uuid": "GPU-14a91ec2-4299-59e4-c682-00a36868d987"
              }
            ],
            "topology": {
              "arguments": [
                "nvidia-smi",
                "topo",
                "-m"
              ],
              "returncode": 0,
              "stderr": "",
              "stdout": "\u001b[4mGPU0\tGPU1\tGPU2\tGPU3\tNIC0\tNIC1\tNIC2\tNIC3\tNIC4\tNIC5\tNIC6\tNIC7\tNIC8\tNIC9\tNIC10\tNIC11\tNIC12\tCPU Affinity\tNUMA Affinity\tGPU NUMA ID\u001b[0m\nGPU0\t X \tNV18\tNV18\tNV18\tNODE\tNODE\tSYS\tSYS\tNODE\tNODE\tNODE\tNODE\tNODE\tNODE\tNODE\tNODE\tNODE\t0-71\t0\t\tN/A\nGPU1\tNV18\t X \tNV18\tNV18\tNODE\tNODE\tSYS\tSYS\tNODE\tNODE\tNODE\tNODE\tNODE\tNODE\tNODE\tNODE\tNODE\t0-71\t0\t\tN/A\nGPU2\tNV18\tNV18\t X \tNV18\tSYS\tSYS\tNODE\tNODE\tSYS\tSYS\tSYS\tSYS\tSYS\tSYS\tSYS\tSYS\tSYS\t72-143\t1\t\tN/A\nGPU3\tNV18\tNV18\tNV18\t X \tSYS\tSYS\tNODE\tNODE\tSYS\tSYS\tSYS\tSYS\tSYS\tSYS\tSYS\tSYS\tSYS\t72-143\t1\t\tN/A\nNIC0\tNODE\tNODE\tSYS\tSYS\t X \tNODE\tSYS\tSYS\tNODE\tNODE\tNODE\tNODE\tNODE\tNODE\tNODE\tNODE\tNODE\t\t\t\t\nNIC1\tNODE\tNODE\tSYS\tSYS\tNODE\t X \tSYS\tSYS\tNODE\tNODE\tNODE\tNODE\tNODE\tNODE\tNODE\tNODE\tNODE\t\t\t\t\nNIC2\tSYS\tSYS\tNODE\tNODE\tSYS\tSYS\t X \tNODE\tSYS\tSYS\tSYS\tSYS\tSYS\tSYS\tSYS\tSYS\tSYS\t\t\t\t\nNIC3\tSYS\tSYS\tNODE\tNODE\tSYS\tSYS\tNODE\t X \tSYS\tSYS\tSYS\tSYS\tSYS\tSYS\tSYS\tSYS\tSYS\t\t\t\t\nNIC4\tNODE\tNODE\tSYS\tSYS\tNODE\tNODE\tSYS\tSYS\t X \tPIX\tPIX\tPIX\tPIX\tPIX\tPIX\tPIX\tPIX\t\t\t\t\nNIC5\tNODE\tNODE\tSYS\tSYS\tNODE\tNODE\tSYS\tSYS\tPIX\t X \tPIX\tPIX\tPIX\tPIX\tPIX\tPIX\tPIX\t\t\t\t\nNIC6\tNODE\tNODE\tSYS\tSYS\tNODE\tNODE\tSYS\tSYS\tPIX\tPIX\t X \tPIX\tPIX\tPIX\tPIX\tPIX\tPIX\t\t\t\t\nNIC7\tNODE\tNODE\tSYS\tSYS\tNODE\tNODE\tSYS\tSYS\tPIX\tPIX\tPIX\t X \tPIX\tPIX\tPIX\tPIX\tPIX\t\t\t\t\nNIC8\tNODE\tNODE\tSYS\tSYS\tNODE\tNODE\tSYS\tSYS\tPIX\tPIX\tPIX\tPIX\t X \tPIX\tPIX\tPIX\tPIX\t\t\t\t\nNIC9\tNODE\tNODE\tSYS\tSYS\tNODE\tNODE\tSYS\tSYS\tPIX\tPIX\tPIX\tPIX\tPIX\t X \tPIX\tPIX\tPIX\t\t\t\t\nNIC10\tNODE\tNODE\tSYS\tSYS\tNODE\tNODE\tSYS\tSYS\tPIX\tPIX\tPIX\tPIX\tPIX\tPIX\t X \tPIX\tPIX\t\t\t\t\nNIC11\tNODE\tNODE\tSYS\tSYS\tNODE\tNODE\tSYS\tSYS\tPIX\tPIX\tPIX\tPIX\tPIX\tPIX\tPIX\t X \tPIX\t\t\t\t\nNIC12\tNODE\tNODE\tSYS\tSYS\tNODE\tNODE\tSYS\tSYS\tPIX\tPIX\tPIX\tPIX\tPIX\tPIX\tPIX\tPIX\t X \t\t\t\t\n\nLegend:\n\n  X    = Self\n  SYS  = Connection traversing PCIe as well as the SMP interconnect between NUMA nodes (e.g., QPI/UPI)\n  NODE = Connection traversing PCIe as well as the interconnect between PCIe Host Bridges within a NUMA node\n  PHB  = Connection traversing PCIe as well as a PCIe Host Bridge (typically the CPU)\n  PXB  = Connection traversing multiple PCIe bridges (without traversing the PCIe Host Bridge)\n  PIX  = Connection traversing at most a single PCIe bridge\n  NV#  = Connection traversing a bonded set of # NVLinks\n\nNIC Legend:\n\n  NIC0: ibp0\n  NIC1: ibp1\n  NIC2: ibp2\n  NIC3: ibp3\n  NIC4: mlx5_0\n  NIC5: mlx5_1\n  NIC6: mlx5_2\n  NIC7: mlx5_3\n  NIC8: mlx5_4\n  NIC9: mlx5_5\n  NIC10: mlx5_6\n  NIC11: mlx5_7\n  NIC12: mlx5_8"
            }
          },
          "before": {
            "field_errors": {},
            "gpus": [
              {
                "clocks.applications.graphics": "[Requested functionality has been deprecated]",
                "clocks.applications.memory": "[Requested functionality has been deprecated]",
                "clocks.current.graphics": "1950",
                "clocks.current.memory": "3996",
                "clocks.current.sm": "1950",
                "clocks.max.graphics": "2062",
                "clocks.max.memory": "3996",
                "clocks.max.sm": "2062",
                "driver_version": "595.71.05",
                "index": "0",
                "name": "NVIDIA GB200",
                "pci.bus_id": "00000008:01:00.0",
                "persistence_mode": "Enabled",
                "power.draw": "228.11",
                "power.limit": "1200.00",
                "pstate": "P0",
                "temperature.gpu": "36",
                "uuid": "GPU-64efb995-783a-a11a-c868-580e18809080"
              },
              {
                "clocks.applications.graphics": "[Requested functionality has been deprecated]",
                "clocks.applications.memory": "[Requested functionality has been deprecated]",
                "clocks.current.graphics": "1950",
                "clocks.current.memory": "3996",
                "clocks.current.sm": "1950",
                "clocks.max.graphics": "2062",
                "clocks.max.memory": "3996",
                "clocks.max.sm": "2062",
                "driver_version": "595.71.05",
                "index": "1",
                "name": "NVIDIA GB200",
                "pci.bus_id": "00000009:01:00.0",
                "persistence_mode": "Enabled",
                "power.draw": "217.29",
                "power.limit": "1200.00",
                "pstate": "P0",
                "temperature.gpu": "36",
                "uuid": "GPU-84233fbe-ed84-cfff-821c-7acc555c2503"
              },
              {
                "clocks.applications.graphics": "[Requested functionality has been deprecated]",
                "clocks.applications.memory": "[Requested functionality has been deprecated]",
                "clocks.current.graphics": "1950",
                "clocks.current.memory": "3996",
                "clocks.current.sm": "1950",
                "clocks.max.graphics": "2062",
                "clocks.max.memory": "3996",
                "clocks.max.sm": "2062",
                "driver_version": "595.71.05",
                "index": "2",
                "name": "NVIDIA GB200",
                "pci.bus_id": "00000018:01:00.0",
                "persistence_mode": "Enabled",
                "power.draw": "221.24",
                "power.limit": "1200.00",
                "pstate": "P0",
                "temperature.gpu": "36",
                "uuid": "GPU-19bf3c4b-1e4c-1afc-3db0-adf098d28d8b"
              },
              {
                "clocks.applications.graphics": "[Requested functionality has been deprecated]",
                "clocks.applications.memory": "[Requested functionality has been deprecated]",
                "clocks.current.graphics": "1950",
                "clocks.current.memory": "3996",
                "clocks.current.sm": "1950",
                "clocks.max.graphics": "2062",
                "clocks.max.memory": "3996",
                "clocks.max.sm": "2062",
                "driver_version": "595.71.05",
                "index": "3",
                "name": "NVIDIA GB200",
                "pci.bus_id": "00000019:01:00.0",
                "persistence_mode": "Enabled",
                "power.draw": "240.32",
                "power.limit": "1200.00",
                "pstate": "P0",
                "temperature.gpu": "36",
                "uuid": "GPU-14a91ec2-4299-59e4-c682-00a36868d987"
              }
            ],
            "topology": {
              "arguments": [
                "nvidia-smi",
                "topo",
                "-m"
              ],
              "returncode": 0,
              "stderr": "",
              "stdout": "\u001b[4mGPU0\tGPU1\tGPU2\tGPU3\tNIC0\tNIC1\tNIC2\tNIC3\tNIC4\tNIC5\tNIC6\tNIC7\tNIC8\tNIC9\tNIC10\tNIC11\tNIC12\tCPU Affinity\tNUMA Affinity\tGPU NUMA ID\u001b[0m\nGPU0\t X \tNV18\tNV18\tNV18\tNODE\tNODE\tSYS\tSYS\tNODE\tNODE\tNODE\tNODE\tNODE\tNODE\tNODE\tNODE\tNODE\t0-71\t0\t\tN/A\nGPU1\tNV18\t X \tNV18\tNV18\tNODE\tNODE\tSYS\tSYS\tNODE\tNODE\tNODE\tNODE\tNODE\tNODE\tNODE\tNODE\tNODE\t0-71\t0\t\tN/A\nGPU2\tNV18\tNV18\t X \tNV18\tSYS\tSYS\tNODE\tNODE\tSYS\tSYS\tSYS\tSYS\tSYS\tSYS\tSYS\tSYS\tSYS\t72-143\t1\t\tN/A\nGPU3\tNV18\tNV18\tNV18\t X \tSYS\tSYS\tNODE\tNODE\tSYS\tSYS\tSYS\tSYS\tSYS\tSYS\tSYS\tSYS\tSYS\t72-143\t1\t\tN/A\nNIC0\tNODE\tNODE\tSYS\tSYS\t X \tNODE\tSYS\tSYS\tNODE\tNODE\tNODE\tNODE\tNODE\tNODE\tNODE\tNODE\tNODE\t\t\t\t\nNIC1\tNODE\tNODE\tSYS\tSYS\tNODE\t X \tSYS\tSYS\tNODE\tNODE\tNODE\tNODE\tNODE\tNODE\tNODE\tNODE\tNODE\t\t\t\t\nNIC2\tSYS\tSYS\tNODE\tNODE\tSYS\tSYS\t X \tNODE\tSYS\tSYS\tSYS\tSYS\tSYS\tSYS\tSYS\tSYS\tSYS\t\t\t\t\nNIC3\tSYS\tSYS\tNODE\tNODE\tSYS\tSYS\tNODE\t X \tSYS\tSYS\tSYS\tSYS\tSYS\tSYS\tSYS\tSYS\tSYS\t\t\t\t\nNIC4\tNODE\tNODE\tSYS\tSYS\tNODE\tNODE\tSYS\tSYS\t X \tPIX\tPIX\tPIX\tPIX\tPIX\tPIX\tPIX\tPIX\t\t\t\t\nNIC5\tNODE\tNODE\tSYS\tSYS\tNODE\tNODE\tSYS\tSYS\tPIX\t X \tPIX\tPIX\tPIX\tPIX\tPIX\tPIX\tPIX\t\t\t\t\nNIC6\tNODE\tNODE\tSYS\tSYS\tNODE\tNODE\tSYS\tSYS\tPIX\tPIX\t X \tPIX\tPIX\tPIX\tPIX\tPIX\tPIX\t\t\t\t\nNIC7\tNODE\tNODE\tSYS\tSYS\tNODE\tNODE\tSYS\tSYS\tPIX\tPIX\tPIX\t X \tPIX\tPIX\tPIX\tPIX\tPIX\t\t\t\t\nNIC8\tNODE\tNODE\tSYS\tSYS\tNODE\tNODE\tSYS\tSYS\tPIX\tPIX\tPIX\tPIX\t X \tPIX\tPIX\tPIX\tPIX\t\t\t\t\nNIC9\tNODE\tNODE\tSYS\tSYS\tNODE\tNODE\tSYS\tSYS\tPIX\tPIX\tPIX\tPIX\tPIX\t X \tPIX\tPIX\tPIX\t\t\t\t\nNIC10\tNODE\tNODE\tSYS\tSYS\tNODE\tNODE\tSYS\tSYS\tPIX\tPIX\tPIX\tPIX\tPIX\tPIX\t X \tPIX\tPIX\t\t\t\t\nNIC11\tNODE\tNODE\tSYS\tSYS\tNODE\tNODE\tSYS\tSYS\tPIX\tPIX\tPIX\tPIX\tPIX\tPIX\tPIX\t X \tPIX\t\t\t\t\nNIC12\tNODE\tNODE\tSYS\tSYS\tNODE\tNODE\tSYS\tSYS\tPIX\tPIX\tPIX\tPIX\tPIX\tPIX\tPIX\tPIX\t X \t\t\t\t\n\nLegend:\n\n  X    = Self\n  SYS  = Connection traversing PCIe as well as the SMP interconnect between NUMA nodes (e.g., QPI/UPI)\n  NODE = Connection traversing PCIe as well as the interconnect between PCIe Host Bridges within a NUMA node\n  PHB  = Connection traversing PCIe as well as a PCIe Host Bridge (typically the CPU)\n  PXB  = Connection traversing multiple PCIe bridges (without traversing the PCIe Host Bridge)\n  PIX  = Connection traversing at most a single PCIe bridge\n  NV#  = Connection traversing a bonded set of # NVLinks\n\nNIC Legend:\n\n  NIC0: ibp0\n  NIC1: ibp1\n  NIC2: ibp2\n  NIC3: ibp3\n  NIC4: mlx5_0\n  NIC5: mlx5_1\n  NIC6: mlx5_2\n  NIC7: mlx5_3\n  NIC8: mlx5_4\n  NIC9: mlx5_5\n  NIC10: mlx5_6\n  NIC11: mlx5_7\n  NIC12: mlx5_8"
            }
          }
        },
        "payload_reverse_transport_and_generated_merge": {
          "after": {
            "field_errors": {},
            "gpus": [
              {
                "clocks.applications.graphics": "[Requested functionality has been deprecated]",
                "clocks.applications.memory": "[Requested functionality has been deprecated]",
                "clocks.current.graphics": "1950",
                "clocks.current.memory": "3996",
                "clocks.current.sm": "1950",
                "clocks.max.graphics": "2062",
                "clocks.max.memory": "3996",
                "clocks.max.sm": "2062",
                "driver_version": "595.71.05",
                "index": "0",
                "name": "NVIDIA GB200",
                "pci.bus_id": "00000008:01:00.0",
                "persistence_mode": "Enabled",
                "power.draw": "212.71",
                "power.limit": "1200.00",
                "pstate": "P0",
                "temperature.gpu": "36",
                "uuid": "GPU-64efb995-783a-a11a-c868-580e18809080"
              },
              {
                "clocks.applications.graphics": "[Requested functionality has been deprecated]",
                "clocks.applications.memory": "[Requested functionality has been deprecated]",
                "clocks.current.graphics": "1950",
                "clocks.current.memory": "3996",
                "clocks.current.sm": "1950",
                "clocks.max.graphics": "2062",
                "clocks.max.memory": "3996",
                "clocks.max.sm": "2062",
                "driver_version": "595.71.05",
                "index": "1",
                "name": "NVIDIA GB200",
                "pci.bus_id": "00000009:01:00.0",
                "persistence_mode": "Enabled",
                "power.draw": "203.60",
                "power.limit": "1200.00",
                "pstate": "P0",
                "temperature.gpu": "36",
                "uuid": "GPU-84233fbe-ed84-cfff-821c-7acc555c2503"
              },
              {
                "clocks.applications.graphics": "[Requested functionality has been deprecated]",
                "clocks.applications.memory": "[Requested functionality has been deprecated]",
                "clocks.current.graphics": "1950",
                "clocks.current.memory": "3996",
                "clocks.current.sm": "1950",
                "clocks.max.graphics": "2062",
                "clocks.max.memory": "3996",
                "clocks.max.sm": "2062",
                "driver_version": "595.71.05",
                "index": "2",
                "name": "NVIDIA GB200",
                "pci.bus_id": "00000018:01:00.0",
                "persistence_mode": "Enabled",
                "power.draw": "209.46",
                "power.limit": "1200.00",
                "pstate": "P0",
                "temperature.gpu": "36",
                "uuid": "GPU-19bf3c4b-1e4c-1afc-3db0-adf098d28d8b"
              },
              {
                "clocks.applications.graphics": "[Requested functionality has been deprecated]",
                "clocks.applications.memory": "[Requested functionality has been deprecated]",
                "clocks.current.graphics": "1950",
                "clocks.current.memory": "3996",
                "clocks.current.sm": "1950",
                "clocks.max.graphics": "2062",
                "clocks.max.memory": "3996",
                "clocks.max.sm": "2062",
                "driver_version": "595.71.05",
                "index": "3",
                "name": "NVIDIA GB200",
                "pci.bus_id": "00000019:01:00.0",
                "persistence_mode": "Enabled",
                "power.draw": "232.37",
                "power.limit": "1200.00",
                "pstate": "P0",
                "temperature.gpu": "36",
                "uuid": "GPU-14a91ec2-4299-59e4-c682-00a36868d987"
              }
            ],
            "topology": {
              "arguments": [
                "nvidia-smi",
                "topo",
                "-m"
              ],
              "returncode": 0,
              "stderr": "",
              "stdout": "\u001b[4mGPU0\tGPU1\tGPU2\tGPU3\tNIC0\tNIC1\tNIC2\tNIC3\tNIC4\tNIC5\tNIC6\tNIC7\tNIC8\tNIC9\tNIC10\tNIC11\tNIC12\tCPU Affinity\tNUMA Affinity\tGPU NUMA ID\u001b[0m\nGPU0\t X \tNV18\tNV18\tNV18\tNODE\tNODE\tSYS\tSYS\tNODE\tNODE\tNODE\tNODE\tNODE\tNODE\tNODE\tNODE\tNODE\t0-71\t0\t\tN/A\nGPU1\tNV18\t X \tNV18\tNV18\tNODE\tNODE\tSYS\tSYS\tNODE\tNODE\tNODE\tNODE\tNODE\tNODE\tNODE\tNODE\tNODE\t0-71\t0\t\tN/A\nGPU2\tNV18\tNV18\t X \tNV18\tSYS\tSYS\tNODE\tNODE\tSYS\tSYS\tSYS\tSYS\tSYS\tSYS\tSYS\tSYS\tSYS\t72-143\t1\t\tN/A\nGPU3\tNV18\tNV18\tNV18\t X \tSYS\tSYS\tNODE\tNODE\tSYS\tSYS\tSYS\tSYS\tSYS\tSYS\tSYS\tSYS\tSYS\t72-143\t1\t\tN/A\nNIC0\tNODE\tNODE\tSYS\tSYS\t X \tNODE\tSYS\tSYS\tNODE\tNODE\tNODE\tNODE\tNODE\tNODE\tNODE\tNODE\tNODE\t\t\t\t\nNIC1\tNODE\tNODE\tSYS\tSYS\tNODE\t X \tSYS\tSYS\tNODE\tNODE\tNODE\tNODE\tNODE\tNODE\tNODE\tNODE\tNODE\t\t\t\t\nNIC2\tSYS\tSYS\tNODE\tNODE\tSYS\tSYS\t X \tNODE\tSYS\tSYS\tSYS\tSYS\tSYS\tSYS\tSYS\tSYS\tSYS\t\t\t\t\nNIC3\tSYS\tSYS\tNODE\tNODE\tSYS\tSYS\tNODE\t X \tSYS\tSYS\tSYS\tSYS\tSYS\tSYS\tSYS\tSYS\tSYS\t\t\t\t\nNIC4\tNODE\tNODE\tSYS\tSYS\tNODE\tNODE\tSYS\tSYS\t X \tPIX\tPIX\tPIX\tPIX\tPIX\tPIX\tPIX\tPIX\t\t\t\t\nNIC5\tNODE\tNODE\tSYS\tSYS\tNODE\tNODE\tSYS\tSYS\tPIX\t X \tPIX\tPIX\tPIX\tPIX\tPIX\tPIX\tPIX\t\t\t\t\nNIC6\tNODE\tNODE\tSYS\tSYS\tNODE\tNODE\tSYS\tSYS\tPIX\tPIX\t X \tPIX\tPIX\tPIX\tPIX\tPIX\tPIX\t\t\t\t\nNIC7\tNODE\tNODE\tSYS\tSYS\tNODE\tNODE\tSYS\tSYS\tPIX\tPIX\tPIX\t X \tPIX\tPIX\tPIX\tPIX\tPIX\t\t\t\t\nNIC8\tNODE\tNODE\tSYS\tSYS\tNODE\tNODE\tSYS\tSYS\tPIX\tPIX\tPIX\tPIX\t X \tPIX\tPIX\tPIX\tPIX\t\t\t\t\nNIC9\tNODE\tNODE\tSYS\tSYS\tNODE\tNODE\tSYS\tSYS\tPIX\tPIX\tPIX\tPIX\tPIX\t X \tPIX\tPIX\tPIX\t\t\t\t\nNIC10\tNODE\tNODE\tSYS\tSYS\tNODE\tNODE\tSYS\tSYS\tPIX\tPIX\tPIX\tPIX\tPIX\tPIX\t X \tPIX\tPIX\t\t\t\t\nNIC11\tNODE\tNODE\tSYS\tSYS\tNODE\tNODE\tSYS\tSYS\tPIX\tPIX\tPIX\tPIX\tPIX\tPIX\tPIX\t X \tPIX\t\t\t\t\nNIC12\tNODE\tNODE\tSYS\tSYS\tNODE\tNODE\tSYS\tSYS\tPIX\tPIX\tPIX\tPIX\tPIX\tPIX\tPIX\tPIX\t X \t\t\t\t\n\nLegend:\n\n  X    = Self\n  SYS  = Connection traversing PCIe as well as the SMP interconnect between NUMA nodes (e.g., QPI/UPI)\n  NODE = Connection traversing PCIe as well as the interconnect between PCIe Host Bridges within a NUMA node\n  PHB  = Connection traversing PCIe as well as a PCIe Host Bridge (typically the CPU)\n  PXB  = Connection traversing multiple PCIe bridges (without traversing the PCIe Host Bridge)\n  PIX  = Connection traversing at most a single PCIe bridge\n  NV#  = Connection traversing a bonded set of # NVLinks\n\nNIC Legend:\n\n  NIC0: ibp0\n  NIC1: ibp1\n  NIC2: ibp2\n  NIC3: ibp3\n  NIC4: mlx5_0\n  NIC5: mlx5_1\n  NIC6: mlx5_2\n  NIC7: mlx5_3\n  NIC8: mlx5_4\n  NIC9: mlx5_5\n  NIC10: mlx5_6\n  NIC11: mlx5_7\n  NIC12: mlx5_8"
            }
          },
          "before": {
            "field_errors": {},
            "gpus": [
              {
                "clocks.applications.graphics": "[Requested functionality has been deprecated]",
                "clocks.applications.memory": "[Requested functionality has been deprecated]",
                "clocks.current.graphics": "1950",
                "clocks.current.memory": "3996",
                "clocks.current.sm": "1950",
                "clocks.max.graphics": "2062",
                "clocks.max.memory": "3996",
                "clocks.max.sm": "2062",
                "driver_version": "595.71.05",
                "index": "0",
                "name": "NVIDIA GB200",
                "pci.bus_id": "00000008:01:00.0",
                "persistence_mode": "Enabled",
                "power.draw": "212.39",
                "power.limit": "1200.00",
                "pstate": "P0",
                "temperature.gpu": "36",
                "uuid": "GPU-64efb995-783a-a11a-c868-580e18809080"
              },
              {
                "clocks.applications.graphics": "[Requested functionality has been deprecated]",
                "clocks.applications.memory": "[Requested functionality has been deprecated]",
                "clocks.current.graphics": "1950",
                "clocks.current.memory": "3996",
                "clocks.current.sm": "1950",
                "clocks.max.graphics": "2062",
                "clocks.max.memory": "3996",
                "clocks.max.sm": "2062",
                "driver_version": "595.71.05",
                "index": "1",
                "name": "NVIDIA GB200",
                "pci.bus_id": "00000009:01:00.0",
                "persistence_mode": "Enabled",
                "power.draw": "203.24",
                "power.limit": "1200.00",
                "pstate": "P0",
                "temperature.gpu": "36",
                "uuid": "GPU-84233fbe-ed84-cfff-821c-7acc555c2503"
              },
              {
                "clocks.applications.graphics": "[Requested functionality has been deprecated]",
                "clocks.applications.memory": "[Requested functionality has been deprecated]",
                "clocks.current.graphics": "1950",
                "clocks.current.memory": "3996",
                "clocks.current.sm": "1950",
                "clocks.max.graphics": "2062",
                "clocks.max.memory": "3996",
                "clocks.max.sm": "2062",
                "driver_version": "595.71.05",
                "index": "2",
                "name": "NVIDIA GB200",
                "pci.bus_id": "00000018:01:00.0",
                "persistence_mode": "Enabled",
                "power.draw": "210.20",
                "power.limit": "1200.00",
                "pstate": "P0",
                "temperature.gpu": "36",
                "uuid": "GPU-19bf3c4b-1e4c-1afc-3db0-adf098d28d8b"
              },
              {
                "clocks.applications.graphics": "[Requested functionality has been deprecated]",
                "clocks.applications.memory": "[Requested functionality has been deprecated]",
                "clocks.current.graphics": "1950",
                "clocks.current.memory": "3996",
                "clocks.current.sm": "1950",
                "clocks.max.graphics": "2062",
                "clocks.max.memory": "3996",
                "clocks.max.sm": "2062",
                "driver_version": "595.71.05",
                "index": "3",
                "name": "NVIDIA GB200",
                "pci.bus_id": "00000019:01:00.0",
                "persistence_mode": "Enabled",
                "power.draw": "232.03",
                "power.limit": "1200.00",
                "pstate": "P0",
                "temperature.gpu": "36",
                "uuid": "GPU-14a91ec2-4299-59e4-c682-00a36868d987"
              }
            ],
            "topology": {
              "arguments": [
                "nvidia-smi",
                "topo",
                "-m"
              ],
              "returncode": 0,
              "stderr": "",
              "stdout": "\u001b[4mGPU0\tGPU1\tGPU2\tGPU3\tNIC0\tNIC1\tNIC2\tNIC3\tNIC4\tNIC5\tNIC6\tNIC7\tNIC8\tNIC9\tNIC10\tNIC11\tNIC12\tCPU Affinity\tNUMA Affinity\tGPU NUMA ID\u001b[0m\nGPU0\t X \tNV18\tNV18\tNV18\tNODE\tNODE\tSYS\tSYS\tNODE\tNODE\tNODE\tNODE\tNODE\tNODE\tNODE\tNODE\tNODE\t0-71\t0\t\tN/A\nGPU1\tNV18\t X \tNV18\tNV18\tNODE\tNODE\tSYS\tSYS\tNODE\tNODE\tNODE\tNODE\tNODE\tNODE\tNODE\tNODE\tNODE\t0-71\t0\t\tN/A\nGPU2\tNV18\tNV18\t X \tNV18\tSYS\tSYS\tNODE\tNODE\tSYS\tSYS\tSYS\tSYS\tSYS\tSYS\tSYS\tSYS\tSYS\t72-143\t1\t\tN/A\nGPU3\tNV18\tNV18\tNV18\t X \tSYS\tSYS\tNODE\tNODE\tSYS\tSYS\tSYS\tSYS\tSYS\tSYS\tSYS\tSYS\tSYS\t72-143\t1\t\tN/A\nNIC0\tNODE\tNODE\tSYS\tSYS\t X \tNODE\tSYS\tSYS\tNODE\tNODE\tNODE\tNODE\tNODE\tNODE\tNODE\tNODE\tNODE\t\t\t\t\nNIC1\tNODE\tNODE\tSYS\tSYS\tNODE\t X \tSYS\tSYS\tNODE\tNODE\tNODE\tNODE\tNODE\tNODE\tNODE\tNODE\tNODE\t\t\t\t\nNIC2\tSYS\tSYS\tNODE\tNODE\tSYS\tSYS\t X \tNODE\tSYS\tSYS\tSYS\tSYS\tSYS\tSYS\tSYS\tSYS\tSYS\t\t\t\t\nNIC3\tSYS\tSYS\tNODE\tNODE\tSYS\tSYS\tNODE\t X \tSYS\tSYS\tSYS\tSYS\tSYS\tSYS\tSYS\tSYS\tSYS\t\t\t\t\nNIC4\tNODE\tNODE\tSYS\tSYS\tNODE\tNODE\tSYS\tSYS\t X \tPIX\tPIX\tPIX\tPIX\tPIX\tPIX\tPIX\tPIX\t\t\t\t\nNIC5\tNODE\tNODE\tSYS\tSYS\tNODE\tNODE\tSYS\tSYS\tPIX\t X \tPIX\tPIX\tPIX\tPIX\tPIX\tPIX\tPIX\t\t\t\t\nNIC6\tNODE\tNODE\tSYS\tSYS\tNODE\tNODE\tSYS\tSYS\tPIX\tPIX\t X \tPIX\tPIX\tPIX\tPIX\tPIX\tPIX\t\t\t\t\nNIC7\tNODE\tNODE\tSYS\tSYS\tNODE\tNODE\tSYS\tSYS\tPIX\tPIX\tPIX\t X \tPIX\tPIX\tPIX\tPIX\tPIX\t\t\t\t\nNIC8\tNODE\tNODE\tSYS\tSYS\tNODE\tNODE\tSYS\tSYS\tPIX\tPIX\tPIX\tPIX\t X \tPIX\tPIX\tPIX\tPIX\t\t\t\t\nNIC9\tNODE\tNODE\tSYS\tSYS\tNODE\tNODE\tSYS\tSYS\tPIX\tPIX\tPIX\tPIX\tPIX\t X \tPIX\tPIX\tPIX\t\t\t\t\nNIC10\tNODE\tNODE\tSYS\tSYS\tNODE\tNODE\tSYS\tSYS\tPIX\tPIX\tPIX\tPIX\tPIX\tPIX\t X \tPIX\tPIX\t\t\t\t\nNIC11\tNODE\tNODE\tSYS\tSYS\tNODE\tNODE\tSYS\tSYS\tPIX\tPIX\tPIX\tPIX\tPIX\tPIX\tPIX\t X \tPIX\t\t\t\t\nNIC12\tNODE\tNODE\tSYS\tSYS\tNODE\tNODE\tSYS\tSYS\tPIX\tPIX\tPIX\tPIX\tPIX\tPIX\tPIX\tPIX\t X \t\t\t\t\n\nLegend:\n\n  X    = Self\n  SYS  = Connection traversing PCIe as well as the SMP interconnect between NUMA nodes (e.g., QPI/UPI)\n  NODE = Connection traversing PCIe as well as the interconnect between PCIe Host Bridges within a NUMA node\n  PHB  = Connection traversing PCIe as well as a PCIe Host Bridge (typically the CPU)\n  PXB  = Connection traversing multiple PCIe bridges (without traversing the PCIe Host Bridge)\n  PIX  = Connection traversing at most a single PCIe bridge\n  NV#  = Connection traversing a bonded set of # NVLinks\n\nNIC Legend:\n\n  NIC0: ibp0\n  NIC1: ibp1\n  NIC2: ibp2\n  NIC3: ibp3\n  NIC4: mlx5_0\n  NIC5: mlx5_1\n  NIC6: mlx5_2\n  NIC7: mlx5_3\n  NIC8: mlx5_4\n  NIC9: mlx5_5\n  NIC10: mlx5_6\n  NIC11: mlx5_7\n  NIC12: mlx5_8"
            }
          }
        }
      },
      "final": {
        "field_errors": {},
        "gpus": [
          {
            "clocks.applications.graphics": "[Requested functionality has been deprecated]",
            "clocks.applications.memory": "[Requested functionality has been deprecated]",
            "clocks.current.graphics": "1950",
            "clocks.current.memory": "3996",
            "clocks.current.sm": "1950",
            "clocks.max.graphics": "2062",
            "clocks.max.memory": "3996",
            "clocks.max.sm": "2062",
            "driver_version": "595.71.05",
            "index": "0",
            "name": "NVIDIA GB200",
            "pci.bus_id": "00000008:01:00.0",
            "persistence_mode": "Enabled",
            "power.draw": "212.47",
            "power.limit": "1200.00",
            "pstate": "P0",
            "temperature.gpu": "36",
            "uuid": "GPU-64efb995-783a-a11a-c868-580e18809080"
          },
          {
            "clocks.applications.graphics": "[Requested functionality has been deprecated]",
            "clocks.applications.memory": "[Requested functionality has been deprecated]",
            "clocks.current.graphics": "1950",
            "clocks.current.memory": "3996",
            "clocks.current.sm": "1950",
            "clocks.max.graphics": "2062",
            "clocks.max.memory": "3996",
            "clocks.max.sm": "2062",
            "driver_version": "595.71.05",
            "index": "1",
            "name": "NVIDIA GB200",
            "pci.bus_id": "00000009:01:00.0",
            "persistence_mode": "Enabled",
            "power.draw": "203.63",
            "power.limit": "1200.00",
            "pstate": "P0",
            "temperature.gpu": "36",
            "uuid": "GPU-84233fbe-ed84-cfff-821c-7acc555c2503"
          },
          {
            "clocks.applications.graphics": "[Requested functionality has been deprecated]",
            "clocks.applications.memory": "[Requested functionality has been deprecated]",
            "clocks.current.graphics": "1950",
            "clocks.current.memory": "3996",
            "clocks.current.sm": "1950",
            "clocks.max.graphics": "2062",
            "clocks.max.memory": "3996",
            "clocks.max.sm": "2062",
            "driver_version": "595.71.05",
            "index": "2",
            "name": "NVIDIA GB200",
            "pci.bus_id": "00000018:01:00.0",
            "persistence_mode": "Enabled",
            "power.draw": "207.68",
            "power.limit": "1200.00",
            "pstate": "P0",
            "temperature.gpu": "36",
            "uuid": "GPU-19bf3c4b-1e4c-1afc-3db0-adf098d28d8b"
          },
          {
            "clocks.applications.graphics": "[Requested functionality has been deprecated]",
            "clocks.applications.memory": "[Requested functionality has been deprecated]",
            "clocks.current.graphics": "1950",
            "clocks.current.memory": "3996",
            "clocks.current.sm": "1950",
            "clocks.max.graphics": "2062",
            "clocks.max.memory": "3996",
            "clocks.max.sm": "2062",
            "driver_version": "595.71.05",
            "index": "3",
            "name": "NVIDIA GB200",
            "pci.bus_id": "00000019:01:00.0",
            "persistence_mode": "Enabled",
            "power.draw": "229.83",
            "power.limit": "1200.00",
            "pstate": "P0",
            "temperature.gpu": "36",
            "uuid": "GPU-14a91ec2-4299-59e4-c682-00a36868d987"
          }
        ],
        "topology": {
          "arguments": [
            "nvidia-smi",
            "topo",
            "-m"
          ],
          "returncode": 0,
          "stderr": "",
          "stdout": "\u001b[4mGPU0\tGPU1\tGPU2\tGPU3\tNIC0\tNIC1\tNIC2\tNIC3\tNIC4\tNIC5\tNIC6\tNIC7\tNIC8\tNIC9\tNIC10\tNIC11\tNIC12\tCPU Affinity\tNUMA Affinity\tGPU NUMA ID\u001b[0m\nGPU0\t X \tNV18\tNV18\tNV18\tNODE\tNODE\tSYS\tSYS\tNODE\tNODE\tNODE\tNODE\tNODE\tNODE\tNODE\tNODE\tNODE\t0-71\t0\t\tN/A\nGPU1\tNV18\t X \tNV18\tNV18\tNODE\tNODE\tSYS\tSYS\tNODE\tNODE\tNODE\tNODE\tNODE\tNODE\tNODE\tNODE\tNODE\t0-71\t0\t\tN/A\nGPU2\tNV18\tNV18\t X \tNV18\tSYS\tSYS\tNODE\tNODE\tSYS\tSYS\tSYS\tSYS\tSYS\tSYS\tSYS\tSYS\tSYS\t72-143\t1\t\tN/A\nGPU3\tNV18\tNV18\tNV18\t X \tSYS\tSYS\tNODE\tNODE\tSYS\tSYS\tSYS\tSYS\tSYS\tSYS\tSYS\tSYS\tSYS\t72-143\t1\t\tN/A\nNIC0\tNODE\tNODE\tSYS\tSYS\t X \tNODE\tSYS\tSYS\tNODE\tNODE\tNODE\tNODE\tNODE\tNODE\tNODE\tNODE\tNODE\t\t\t\t\nNIC1\tNODE\tNODE\tSYS\tSYS\tNODE\t X \tSYS\tSYS\tNODE\tNODE\tNODE\tNODE\tNODE\tNODE\tNODE\tNODE\tNODE\t\t\t\t\nNIC2\tSYS\tSYS\tNODE\tNODE\tSYS\tSYS\t X \tNODE\tSYS\tSYS\tSYS\tSYS\tSYS\tSYS\tSYS\tSYS\tSYS\t\t\t\t\nNIC3\tSYS\tSYS\tNODE\tNODE\tSYS\tSYS\tNODE\t X \tSYS\tSYS\tSYS\tSYS\tSYS\tSYS\tSYS\tSYS\tSYS\t\t\t\t\nNIC4\tNODE\tNODE\tSYS\tSYS\tNODE\tNODE\tSYS\tSYS\t X \tPIX\tPIX\tPIX\tPIX\tPIX\tPIX\tPIX\tPIX\t\t\t\t\nNIC5\tNODE\tNODE\tSYS\tSYS\tNODE\tNODE\tSYS\tSYS\tPIX\t X \tPIX\tPIX\tPIX\tPIX\tPIX\tPIX\tPIX\t\t\t\t\nNIC6\tNODE\tNODE\tSYS\tSYS\tNODE\tNODE\tSYS\tSYS\tPIX\tPIX\t X \tPIX\tPIX\tPIX\tPIX\tPIX\tPIX\t\t\t\t\nNIC7\tNODE\tNODE\tSYS\tSYS\tNODE\tNODE\tSYS\tSYS\tPIX\tPIX\tPIX\t X \tPIX\tPIX\tPIX\tPIX\tPIX\t\t\t\t\nNIC8\tNODE\tNODE\tSYS\tSYS\tNODE\tNODE\tSYS\tSYS\tPIX\tPIX\tPIX\tPIX\t X \tPIX\tPIX\tPIX\tPIX\t\t\t\t\nNIC9\tNODE\tNODE\tSYS\tSYS\tNODE\tNODE\tSYS\tSYS\tPIX\tPIX\tPIX\tPIX\tPIX\t X \tPIX\tPIX\tPIX\t\t\t\t\nNIC10\tNODE\tNODE\tSYS\tSYS\tNODE\tNODE\tSYS\tSYS\tPIX\tPIX\tPIX\tPIX\tPIX\tPIX\t X \tPIX\tPIX\t\t\t\t\nNIC11\tNODE\tNODE\tSYS\tSYS\tNODE\tNODE\tSYS\tSYS\tPIX\tPIX\tPIX\tPIX\tPIX\tPIX\tPIX\t X \tPIX\t\t\t\t\nNIC12\tNODE\tNODE\tSYS\tSYS\tNODE\tNODE\tSYS\tSYS\tPIX\tPIX\tPIX\tPIX\tPIX\tPIX\tPIX\tPIX\t X \t\t\t\t\n\nLegend:\n\n  X    = Self\n  SYS  = Connection traversing PCIe as well as the SMP interconnect between NUMA nodes (e.g., QPI/UPI)\n  NODE = Connection traversing PCIe as well as the interconnect between PCIe Host Bridges within a NUMA node\n  PHB  = Connection traversing PCIe as well as a PCIe Host Bridge (typically the CPU)\n  PXB  = Connection traversing multiple PCIe bridges (without traversing the PCIe Host Bridge)\n  PIX  = Connection traversing at most a single PCIe bridge\n  NV#  = Connection traversing a bonded set of # NVLinks\n\nNIC Legend:\n\n  NIC0: ibp0\n  NIC1: ibp1\n  NIC2: ibp2\n  NIC3: ibp3\n  NIC4: mlx5_0\n  NIC5: mlx5_1\n  NIC6: mlx5_2\n  NIC7: mlx5_3\n  NIC8: mlx5_4\n  NIC9: mlx5_5\n  NIC10: mlx5_6\n  NIC11: mlx5_7\n  NIC12: mlx5_8"
        }
      },
      "initial": {
        "field_errors": {},
        "gpus": [
          {
            "clocks.applications.graphics": "[Requested functionality has been deprecated]",
            "clocks.applications.memory": "[Requested functionality has been deprecated]",
            "clocks.current.graphics": "1950",
            "clocks.current.memory": "3996",
            "clocks.current.sm": "1950",
            "clocks.max.graphics": "2062",
            "clocks.max.memory": "3996",
            "clocks.max.sm": "2062",
            "driver_version": "595.71.05",
            "index": "0",
            "name": "NVIDIA GB200",
            "pci.bus_id": "00000008:01:00.0",
            "persistence_mode": "Enabled",
            "power.draw": "212.37",
            "power.limit": "1200.00",
            "pstate": "P0",
            "temperature.gpu": "36",
            "uuid": "GPU-64efb995-783a-a11a-c868-580e18809080"
          },
          {
            "clocks.applications.graphics": "[Requested functionality has been deprecated]",
            "clocks.applications.memory": "[Requested functionality has been deprecated]",
            "clocks.current.graphics": "1950",
            "clocks.current.memory": "3996",
            "clocks.current.sm": "1950",
            "clocks.max.graphics": "2062",
            "clocks.max.memory": "3996",
            "clocks.max.sm": "2062",
            "driver_version": "595.71.05",
            "index": "1",
            "name": "NVIDIA GB200",
            "pci.bus_id": "00000009:01:00.0",
            "persistence_mode": "Enabled",
            "power.draw": "203.61",
            "power.limit": "1200.00",
            "pstate": "P0",
            "temperature.gpu": "36",
            "uuid": "GPU-84233fbe-ed84-cfff-821c-7acc555c2503"
          },
          {
            "clocks.applications.graphics": "[Requested functionality has been deprecated]",
            "clocks.applications.memory": "[Requested functionality has been deprecated]",
            "clocks.current.graphics": "1950",
            "clocks.current.memory": "3996",
            "clocks.current.sm": "1950",
            "clocks.max.graphics": "2062",
            "clocks.max.memory": "3996",
            "clocks.max.sm": "2062",
            "driver_version": "595.71.05",
            "index": "2",
            "name": "NVIDIA GB200",
            "pci.bus_id": "00000018:01:00.0",
            "persistence_mode": "Enabled",
            "power.draw": "207.97",
            "power.limit": "1200.00",
            "pstate": "P0",
            "temperature.gpu": "36",
            "uuid": "GPU-19bf3c4b-1e4c-1afc-3db0-adf098d28d8b"
          },
          {
            "clocks.applications.graphics": "[Requested functionality has been deprecated]",
            "clocks.applications.memory": "[Requested functionality has been deprecated]",
            "clocks.current.graphics": "1950",
            "clocks.current.memory": "3996",
            "clocks.current.sm": "1950",
            "clocks.max.graphics": "2062",
            "clocks.max.memory": "3996",
            "clocks.max.sm": "2062",
            "driver_version": "595.71.05",
            "index": "3",
            "name": "NVIDIA GB200",
            "pci.bus_id": "00000019:01:00.0",
            "persistence_mode": "Enabled",
            "power.draw": "229.79",
            "power.limit": "1200.00",
            "pstate": "P0",
            "temperature.gpu": "36",
            "uuid": "GPU-14a91ec2-4299-59e4-c682-00a36868d987"
          }
        ],
        "topology": {
          "arguments": [
            "nvidia-smi",
            "topo",
            "-m"
          ],
          "returncode": 0,
          "stderr": "",
          "stdout": "\u001b[4mGPU0\tGPU1\tGPU2\tGPU3\tNIC0\tNIC1\tNIC2\tNIC3\tNIC4\tNIC5\tNIC6\tNIC7\tNIC8\tNIC9\tNIC10\tNIC11\tNIC12\tCPU Affinity\tNUMA Affinity\tGPU NUMA ID\u001b[0m\nGPU0\t X \tNV18\tNV18\tNV18\tNODE\tNODE\tSYS\tSYS\tNODE\tNODE\tNODE\tNODE\tNODE\tNODE\tNODE\tNODE\tNODE\t0-71\t0\t\tN/A\nGPU1\tNV18\t X \tNV18\tNV18\tNODE\tNODE\tSYS\tSYS\tNODE\tNODE\tNODE\tNODE\tNODE\tNODE\tNODE\tNODE\tNODE\t0-71\t0\t\tN/A\nGPU2\tNV18\tNV18\t X \tNV18\tSYS\tSYS\tNODE\tNODE\tSYS\tSYS\tSYS\tSYS\tSYS\tSYS\tSYS\tSYS\tSYS\t72-143\t1\t\tN/A\nGPU3\tNV18\tNV18\tNV18\t X \tSYS\tSYS\tNODE\tNODE\tSYS\tSYS\tSYS\tSYS\tSYS\tSYS\tSYS\tSYS\tSYS\t72-143\t1\t\tN/A\nNIC0\tNODE\tNODE\tSYS\tSYS\t X \tNODE\tSYS\tSYS\tNODE\tNODE\tNODE\tNODE\tNODE\tNODE\tNODE\tNODE\tNODE\t\t\t\t\nNIC1\tNODE\tNODE\tSYS\tSYS\tNODE\t X \tSYS\tSYS\tNODE\tNODE\tNODE\tNODE\tNODE\tNODE\tNODE\tNODE\tNODE\t\t\t\t\nNIC2\tSYS\tSYS\tNODE\tNODE\tSYS\tSYS\t X \tNODE\tSYS\tSYS\tSYS\tSYS\tSYS\tSYS\tSYS\tSYS\tSYS\t\t\t\t\nNIC3\tSYS\tSYS\tNODE\tNODE\tSYS\tSYS\tNODE\t X \tSYS\tSYS\tSYS\tSYS\tSYS\tSYS\tSYS\tSYS\tSYS\t\t\t\t\nNIC4\tNODE\tNODE\tSYS\tSYS\tNODE\tNODE\tSYS\tSYS\t X \tPIX\tPIX\tPIX\tPIX\tPIX\tPIX\tPIX\tPIX\t\t\t\t\nNIC5\tNODE\tNODE\tSYS\tSYS\tNODE\tNODE\tSYS\tSYS\tPIX\t X \tPIX\tPIX\tPIX\tPIX\tPIX\tPIX\tPIX\t\t\t\t\nNIC6\tNODE\tNODE\tSYS\tSYS\tNODE\tNODE\tSYS\tSYS\tPIX\tPIX\t X \tPIX\tPIX\tPIX\tPIX\tPIX\tPIX\t\t\t\t\nNIC7\tNODE\tNODE\tSYS\tSYS\tNODE\tNODE\tSYS\tSYS\tPIX\tPIX\tPIX\t X \tPIX\tPIX\tPIX\tPIX\tPIX\t\t\t\t\nNIC8\tNODE\tNODE\tSYS\tSYS\tNODE\tNODE\tSYS\tSYS\tPIX\tPIX\tPIX\tPIX\t X \tPIX\tPIX\tPIX\tPIX\t\t\t\t\nNIC9\tNODE\tNODE\tSYS\tSYS\tNODE\tNODE\tSYS\tSYS\tPIX\tPIX\tPIX\tPIX\tPIX\t X \tPIX\tPIX\tPIX\t\t\t\t\nNIC10\tNODE\tNODE\tSYS\tSYS\tNODE\tNODE\tSYS\tSYS\tPIX\tPIX\tPIX\tPIX\tPIX\tPIX\t X \tPIX\tPIX\t\t\t\t\nNIC11\tNODE\tNODE\tSYS\tSYS\tNODE\tNODE\tSYS\tSYS\tPIX\tPIX\tPIX\tPIX\tPIX\tPIX\tPIX\t X \tPIX\t\t\t\t\nNIC12\tNODE\tNODE\tSYS\tSYS\tNODE\tNODE\tSYS\tSYS\tPIX\tPIX\tPIX\tPIX\tPIX\tPIX\tPIX\tPIX\t X \t\t\t\t\n\nLegend:\n\n  X    = Self\n  SYS  = Connection traversing PCIe as well as the SMP interconnect between NUMA nodes (e.g., QPI/UPI)\n  NODE = Connection traversing PCIe as well as the interconnect between PCIe Host Bridges within a NUMA node\n  PHB  = Connection traversing PCIe as well as a PCIe Host Bridge (typically the CPU)\n  PXB  = Connection traversing multiple PCIe bridges (without traversing the PCIe Host Bridge)\n  PIX  = Connection traversing at most a single PCIe bridge\n  NV#  = Connection traversing a bonded set of # NVLinks\n\nNIC Legend:\n\n  NIC0: ibp0\n  NIC1: ibp1\n  NIC2: ibp2\n  NIC3: ibp3\n  NIC4: mlx5_0\n  NIC5: mlx5_1\n  NIC6: mlx5_2\n  NIC7: mlx5_3\n  NIC8: mlx5_4\n  NIC9: mlx5_5\n  NIC10: mlx5_6\n  NIC11: mlx5_7\n  NIC12: mlx5_8"
        }
      }
    },
    "nccl": [
      2,
      28,
      9
    ],
    "toolchain": {
      "nvcc": {
        "arguments": [
          "nvcc",
          "--version"
        ],
        "returncode": 0,
        "stderr": "",
        "stdout": "nvcc: NVIDIA (R) Cuda compiler driver\nCopyright (c) 2005-2025 NVIDIA Corporation\nBuilt on Wed_Aug_20_01:57:39_PM_PDT_2025\nCuda compilation tools, release 13.0, V13.0.88\nBuild cuda_13.0.r13.0/compiler.36424714_0"
      },
      "platform": {
        "arguments": [
          "uname",
          "-a"
        ],
        "returncode": 0,
        "stderr": "",
        "stdout": "Linux sh5rxs64 6.17.13-155-gdec5393c-coreweave-arm64 #1 SMP PREEMPT_DYNAMIC Thu Jun 25 20:54:25 UTC 2026 aarch64 GNU/Linux"
      },
      "ptxas": {
        "arguments": [
          "ptxas",
          "--version"
        ],
        "returncode": 0,
        "stderr": "",
        "stdout": "ptxas: NVIDIA (R) Ptx optimizing assembler\nCopyright (c) 2005-2025 NVIDIA Corporation\nBuilt on Wed_Aug_20_01:53:56_PM_PDT_2025\nCuda compilation tools, release 13.0, V13.0.88\nBuild cuda_13.0.r13.0/compiler.36424714_0"
      },
      "python": "3.12.13 (main, Aug  5 2026, 01:16:26) [GCC 14.2.0]"
    },
    "torch": "2.10.0+cu130",
    "torch_cuda": "13.0"
  },
  "generated_code_audit": {
    "accepted_path_external_semantic_kernels": [],
    "atomic_audit": {
      "generated_rank_fold": "none",
      "generated_relation_plan": "none; stable warp-prefix placement and one deterministic overflow value per group",
      "generated_route_slot_fold": "none",
      "grouped_gemm_control": "backend may use queue/semaphore primitives; each semantic output tile has unique ownership",
      "semantic_accumulation": "none",
      "transport_control": "DeepEP may use internal readiness/counter atomics; these do not choose semantic order or accumulate semantic values"
    },
    "expert_oracle_only": [
      "complete MoK BF16 forward"
    ],
    "generated_shuttle_kernels": [
      "fixed-capacity runtime RelationPlan skeleton",
      "generic adjacent-pair Map skeleton with generated ScalarExpression",
      "generic indexed ordered-Fold skeleton with generated contribution/update expressions",
      "generic partitioned ordered-Fold plus base-Map skeleton with generated expressions"
    ],
    "generic_communication_primitives": [
      "DeepEP payload dispatch/permutation",
      "torch.distributed.all_to_all_single payload return"
    ],
    "generic_compute_primitives": [
      "standalone_sm100_grouped_gemm"
    ],
    "legacy_control_only": [
      "DeepEP semantic combine"
    ],
    "semantic_body_generation": {
      "compile_guard": "generated CUDA include must exactly match selected Map/Fold IR before build",
      "runtime_guard": "loaded extension exports and matches selected Map/Fold IR digest",
      "selected_program_sha256": "3048c6b922de317e556ff4e1a6fe9c81a22bfc9ba4d6582d0245fbf275f81fba"
    }
  },
  "matched_boundary": {
    "acceptance_metric": "median rank-maximum natural-program end-to-end latency",
    "common_excluded": [
      "host input creation",
      "weight creation",
      "StableHLO import and compile time",
      "workspace allocation",
      "correctness hashing"
    ],
    "launch_order": "shuttle_first",
    "oracle_included": [
      "identical BF16 router Contract",
      "identical top-k selection",
      "identical FP32 normalized route-weight Fold/Maps",
      "MoK schedule construction",
      "complete MoK BF16 forward"
    ],
    "oracle_median_ms": 3.5924479961395264,
    "passes_1_2x": true,
    "post_route": {
      "oracle_median_ms": 3.457520008087158,
      "ratio": 1.151960951296693,
      "shuttle_median_ms": 3.9829280376434326
    },
    "ratio": 1.1407708706880537,
    "route_fixture_used": false,
    "shuttle_included": [
      "BF16 router Contract",
      "top-k selection",
      "FP32 normalized route-weight Fold/Maps",
      "DeepEP payload-only dispatch and runtime layout",
      "generated fixed-capacity receiver RelationPlan",
      "generic grouped W13",
      "generated SwiGLU Map",
      "generic grouped W2",
      "payload-only reverse all_to_all_single",
      "generated deterministic rank-ordered Fold merge and shared Map"
    ],
    "shuttle_median_ms": 4.098160028457642
  },
  "rank_records": [
    {
      "assignments": 12370,
      "correctness": {
        "coarse_output_sha256": "6900c1709db138392fa80e961d2d7231ea9958dd77c1d313933485e2b6ea274f",
        "coarse_selected_bitwise_equal": true,
        "finite": true,
        "generated_official_maximum_absolute_error": 0.0,
        "generated_overlap_output_sha256": "6900c1709db138392fa80e961d2d7231ea9958dd77c1d313933485e2b6ea274f",
        "generated_repeat_bitwise_equal": true,
        "maximum_absolute_error": 0.0,
        "mean_absolute_error": 0.0,
        "natural_generated_output_sha256": "6900c1709db138392fa80e961d2d7231ea9958dd77c1d313933485e2b6ea274f",
        "natural_generated_repeat_bitwise_equal": true,
        "natural_mok_output_sha256": "fa843d2c51e9ae49fbf7993d0c10c3cbb3437a8790d36c5bf1596998ae220243",
        "natural_shuttle_mok_maximum_absolute_error": 0.0001220703125,
        "natural_shuttle_mok_mean_absolute_error": 2.6596760562824784e-06,
        "overlap_output_sha256": "6900c1709db138392fa80e961d2d7231ea9958dd77c1d313933485e2b6ea274f",
        "overlap_repeat_bitwise_equal": true,
        "repeated_generated_overlap_output_sha256": "6900c1709db138392fa80e961d2d7231ea9958dd77c1d313933485e2b6ea274f",
        "repeated_natural_generated_output_sha256": "6900c1709db138392fa80e961d2d7231ea9958dd77c1d313933485e2b6ea274f",
        "repeated_overlap_output_sha256": "6900c1709db138392fa80e961d2d7231ea9958dd77c1d313933485e2b6ea274f",
        "sequential_output_sha256": "6900c1709db138392fa80e961d2d7231ea9958dd77c1d313933485e2b6ea274f",
        "sequential_overlap_bitwise_equal": true
      },
      "generated_device_relation": {
        "edge_destination_rows_exact": true,
        "edge_weights_exact": true,
        "exact": true,
        "group_counts_exact": true,
        "overflow": 0,
        "padded_source_rows_exact": true
      },
      "independent_semantic_reference": {
        "atol": 0.125,
        "finite": true,
        "fixture": {
          "path": "/tmp/shuttle-map-fold-replay/semantic-smoke-rank0.npz",
          "routed_weight_sha256": {
            "down": "fbd6eaa8c5f0fef98a89064217d0f59c72eb61356afa33beba056d749a928b5c",
            "gate": "69c62ed0dea40746361fe28bd99c255a32b5061643e1c49db10462263d7aed8f",
            "up": "74ed9965bdb808f2a6b0cf7f4052ee2f8eaca40d79b60d666bc0a4fb30b252ce"
          },
          "sha256": "4e4769dbc8813b0bc5fb34830a353e188dd030fe9f06d34a95ad62ad7636d635",
          "shared_weight_sha256": {
            "down": "811d0aaec322e33db511ed4591021d0cc12e4ea5fd5fda54792562ffb5772d89",
            "gate": "c4ffd63224d45dce73f54107ebe040614dbb5f25600735018dec9f165d49bf8f",
            "up": "0571b1dc9ed553d7159c670e2a37f06208af3c31c3f1298789517631c99f9af8"
          },
          "weight_generation": {
            "routed_seed": 50000,
            "shared_seed": 60000
          }
        },
        "generated_output_sha256": "bdeeb91ff00009d28e59d43cce2a89d8cde65ecdef489e993d315151e60bb74d",
        "independent": true,
        "maximum_absolute_error": 0.0001220703125,
        "mean_absolute_error": 4.7195289880619384e-06,
        "passed": true,
        "physical_ordering_difference": "generated path first collapses routes per owner to BF16, then returns payload with all-to-all and combines owners in fixed rank order",
        "reference": "source-ordered Torch BF16 boundaries with FP32 route-slot accumulation",
        "reference_output_sha256": "dc2357b17d3473c0d7fbaf84c77e9e6e745107631d22abc0e3216bbc5fd853d7",
        "rtol": 0.05,
        "shape": {
          "global_experts": 8,
          "hidden_size": 256,
          "intermediate_size": 256,
          "local_tokens": 256,
          "top_k": 2
        }
      },
      "mapping": {
        "compiler_assignments": 12370,
        "compiler_padded_rows": 24576,
        "compiler_receiver_rows": 6776,
        "deep_ep_reported_expert_counts_exact": true,
        "deep_receiver_rows": 6776,
        "exact": true,
        "expert_counts_exact": true,
        "legalization": "DeepEP source-rank prefix plus recv_src_idx to compiler global source-token relation",
        "payload_exact": true,
        "source_rank_counts": [
          1722,
          1676,
          1684,
          1694
        ],
        "topk_invalid_route_weights": "ignored because DeepEP marks these routes with local expert -1",
        "topk_local_expert_exact": true,
        "topk_valid_route_weight_exact": true
      },
      "padded_rows": 24576,
      "rank": 0,
      "received_tokens": 6776
    },
    {
      "assignments": 12336,
      "correctness": {
        "coarse_output_sha256": "b600e95b2391b5eeabc54066b4476ea56df4189d9d558ef45d9a48c837a5e3c4",
        "coarse_selected_bitwise_equal": true,
        "finite": true,
        "generated_official_maximum_absolute_error": 2.9103830456733704e-11,
        "generated_overlap_output_sha256": "0ee00ff7d772d3cf19810b1f313491b5d5d58ce04699cfcd326a55eeb2b22e96",
        "generated_repeat_bitwise_equal": true,
        "maximum_absolute_error": 0.0,
        "mean_absolute_error": 0.0,
        "natural_generated_output_sha256": "0ee00ff7d772d3cf19810b1f313491b5d5d58ce04699cfcd326a55eeb2b22e96",
        "natural_generated_repeat_bitwise_equal": true,
        "natural_mok_output_sha256": "a95c19cd88ee8946a02107726a6adbf6e3aa0c35d949559a5f7caf505000f9aa",
        "natural_shuttle_mok_maximum_absolute_error": 0.0001220703125,
        "natural_shuttle_mok_mean_absolute_error": 2.6617694857122842e-06,
        "overlap_output_sha256": "b600e95b2391b5eeabc54066b4476ea56df4189d9d558ef45d9a48c837a5e3c4",
        "overlap_repeat_bitwise_equal": true,
        "repeated_generated_overlap_output_sha256": "0ee00ff7d772d3cf19810b1f313491b5d5d58ce04699cfcd326a55eeb2b22e96",
        "repeated_natural_generated_output_sha256": "0ee00ff7d772d3cf19810b1f313491b5d5d58ce04699cfcd326a55eeb2b22e96",
        "repeated_overlap_output_sha256": "b600e95b2391b5eeabc54066b4476ea56df4189d9d558ef45d9a48c837a5e3c4",
        "sequential_output_sha256": "b600e95b2391b5eeabc54066b4476ea56df4189d9d558ef45d9a48c837a5e3c4",
        "sequential_overlap_bitwise_equal": true
      },
      "generated_device_relation": {
        "edge_destination_rows_exact": true,
        "edge_weights_exact": true,
        "exact": true,
        "group_counts_exact": true,
        "overflow": 0,
        "padded_source_rows_exact": true
      },
      "independent_semantic_reference": {
        "atol": 0.125,
        "finite": true,
        "fixture": {
          "path": "/tmp/shuttle-map-fold-replay/semantic-smoke-rank1.npz",
          "routed_weight_sha256": {
            "down": "d1d34d87f60b2dcc20ee4d8517e12a9f2244b292a0071d994cc99283e6ea46bc",
            "gate": "3e5e426d64dcf3e1f332cbd92e9330167f4ac68d1a4d971ab00209abd4424714",
            "up": "408ca27a2a87422a4154873113c98b9be9851671d6369b485c914e9cd0726c1b"
          },
          "sha256": "192dc50247e1c415ae22275871788f7a5a642c1e91c4a7b0cd0914d6b22414c2",
          "shared_weight_sha256": {
            "down": "811d0aaec322e33db511ed4591021d0cc12e4ea5fd5fda54792562ffb5772d89",
            "gate": "c4ffd63224d45dce73f54107ebe040614dbb5f25600735018dec9f165d49bf8f",
            "up": "0571b1dc9ed553d7159c670e2a37f06208af3c31c3f1298789517631c99f9af8"
          },
          "weight_generation": {
            "routed_seed": 50001,
            "shared_seed": 60000
          }
        },
        "generated_output_sha256": "0b9037174dc9e455917d8b58e41ca36f502389816f1e77b9b5aae3f72c807bf5",
        "independent": true,
        "maximum_absolute_error": 0.0001220703125,
        "mean_absolute_error": 4.808878657058813e-06,
        "passed": true,
        "physical_ordering_difference": "generated path first collapses routes per owner to BF16, then returns payload with all-to-all and combines owners in fixed rank order",
        "reference": "source-ordered Torch BF16 boundaries with FP32 route-slot accumulation",
        "reference_output_sha256": "1c17772f7be459ebaeedba2e35af0b81857fa1d287965e031a4832e7def1ccc9",
        "rtol": 0.05,
        "shape": {
          "global_experts": 8,
          "hidden_size": 256,
          "intermediate_size": 256,
          "local_tokens": 256,
          "top_k": 2
        }
      },
      "mapping": {
        "compiler_assignments": 12336,
        "compiler_padded_rows": 24576,
        "compiler_receiver_rows": 6740,
        "deep_ep_reported_expert_counts_exact": true,
        "deep_receiver_rows": 6740,
        "exact": true,
        "expert_counts_exact": true,
        "legalization": "DeepEP source-rank prefix plus recv_src_idx to compiler global source-token relation",
        "payload_exact": true,
        "source_rank_counts": [
          1690,
          1697,
          1674,
          1679
        ],
        "topk_invalid_route_weights": "ignored because DeepEP marks these routes with local expert -1",
        "topk_local_expert_exact": true,
        "topk_valid_route_weight_exact": true
      },
      "padded_rows": 24576,
      "rank": 1,
      "received_tokens": 6740
    },
    {
      "assignments": 12292,
      "correctness": {
        "coarse_output_sha256": "701a572a24e45d0bed9c3a81f61d165a154085653134a82dcae08e3ee387bee9",
        "coarse_selected_bitwise_equal": true,
        "finite": true,
        "generated_official_maximum_absolute_error": 0.0,
        "generated_overlap_output_sha256": "701a572a24e45d0bed9c3a81f61d165a154085653134a82dcae08e3ee387bee9",
        "generated_repeat_bitwise_equal": true,
        "maximum_absolute_error": 0.0,
        "mean_absolute_error": 0.0,
        "natural_generated_output_sha256": "701a572a24e45d0bed9c3a81f61d165a154085653134a82dcae08e3ee387bee9",
        "natural_generated_repeat_bitwise_equal": true,
        "natural_mok_output_sha256": "eebd44e58b4f011b01bd0b7e6e04b277201cc9b9ef77f159eb8ce92497e08240",
        "natural_shuttle_mok_maximum_absolute_error": 0.0001220703125,
        "natural_shuttle_mok_mean_absolute_error": 2.667012722668005e-06,
        "overlap_output_sha256": "701a572a24e45d0bed9c3a81f61d165a154085653134a82dcae08e3ee387bee9",
        "overlap_repeat_bitwise_equal": true,
        "repeated_generated_overlap_output_sha256": "701a572a24e45d0bed9c3a81f61d165a154085653134a82dcae08e3ee387bee9",
        "repeated_natural_generated_output_sha256": "701a572a24e45d0bed9c3a81f61d165a154085653134a82dcae08e3ee387bee9",
        "repeated_overlap_output_sha256": "701a572a24e45d0bed9c3a81f61d165a154085653134a82dcae08e3ee387bee9",
        "sequential_output_sha256": "701a572a24e45d0bed9c3a81f61d165a154085653134a82dcae08e3ee387bee9",
        "sequential_overlap_bitwise_equal": true
      },
      "generated_device_relation": {
        "edge_destination_rows_exact": true,
        "edge_weights_exact": true,
        "exact": true,
        "group_counts_exact": true,
        "overflow": 0,
        "padded_source_rows_exact": true
      },
      "independent_semantic_reference": {
        "atol": 0.125,
        "finite": true,
        "fixture": {
          "path": "/tmp/shuttle-map-fold-replay/semantic-smoke-rank2.npz",
          "routed_weight_sha256": {
            "down": "01ccf878826e153db6b5e5909be0267dc8d8140c32ed7f65b9b8537270e5c15e",
            "gate": "eff0f77aff074dd1de6674d5e520a139347d68b3d7a499241e6a466732bd1454",
            "up": "e6917f04be90b4eab890661ecffc14431b37d9efd03c5ad77f19eace0d95b666"
          },
          "sha256": "7678ab33e53175c5fbffd5ad70888535ad93592b2aaefbd940ac10af33e20c6b",
          "shared_weight_sha256": {
            "down": "811d0aaec322e33db511ed4591021d0cc12e4ea5fd5fda54792562ffb5772d89",
            "gate": "c4ffd63224d45dce73f54107ebe040614dbb5f25600735018dec9f165d49bf8f",
            "up": "0571b1dc9ed553d7159c670e2a37f06208af3c31c3f1298789517631c99f9af8"
          },
          "weight_generation": {
            "routed_seed": 50002,
            "shared_seed": 60000
          }
        },
        "generated_output_sha256": "2641cf751219497ac11430e30f93bb56f99f4e3ba8f37f38affdaa088e8b5dd7",
        "independent": true,
        "maximum_absolute_error": 0.0001220703125,
        "mean_absolute_error": 4.7849516704445705e-06,
        "passed": true,
        "physical_ordering_difference": "generated path first collapses routes per owner to BF16, then returns payload with all-to-all and combines owners in fixed rank order",
        "reference": "source-ordered Torch BF16 boundaries with FP32 route-slot accumulation",
        "reference_output_sha256": "56446127e2ea0a77d29eb54b0c7c6463695e2f3693a525fede813f21abda1a9f",
        "rtol": 0.05,
        "shape": {
          "global_experts": 8,
          "hidden_size": 256,
          "intermediate_size": 256,
          "local_tokens": 256,
          "top_k": 2
        }
      },
      "mapping": {
        "compiler_assignments": 12292,
        "compiler_padded_rows": 24576,
        "compiler_receiver_rows": 6793,
        "deep_ep_reported_expert_counts_exact": true,
        "deep_receiver_rows": 6793,
        "exact": true,
        "expert_counts_exact": true,
        "legalization": "DeepEP source-rank prefix plus recv_src_idx to compiler global source-token relation",
        "payload_exact": true,
        "source_rank_counts": [
          1693,
          1722,
          1705,
          1673
        ],
        "topk_invalid_route_weights": "ignored because DeepEP marks these routes with local expert -1",
        "topk_local_expert_exact": true,
        "topk_valid_route_weight_exact": true
      },
      "padded_rows": 24576,
      "rank": 2,
      "received_tokens": 6793
    },
    {
      "assignments": 12154,
      "correctness": {
        "coarse_output_sha256": "af5afadfdb106ccbf9af0db33f0d1dc26a30569628efd634f8ec148729a652b0",
        "coarse_selected_bitwise_equal": true,
        "finite": true,
        "generated_official_maximum_absolute_error": 0.0,
        "generated_overlap_output_sha256": "af5afadfdb106ccbf9af0db33f0d1dc26a30569628efd634f8ec148729a652b0",
        "generated_repeat_bitwise_equal": true,
        "maximum_absolute_error": 0.0,
        "mean_absolute_error": 0.0,
        "natural_generated_output_sha256": "af5afadfdb106ccbf9af0db33f0d1dc26a30569628efd634f8ec148729a652b0",
        "natural_generated_repeat_bitwise_equal": true,
        "natural_mok_output_sha256": "9d1d970177374afc356f5c30922af8695cf431db12365ea5b927db5d2855a2bf",
        "natural_shuttle_mok_maximum_absolute_error": 0.0001220703125,
        "natural_shuttle_mok_mean_absolute_error": 2.6619497930369107e-06,
        "overlap_output_sha256": "af5afadfdb106ccbf9af0db33f0d1dc26a30569628efd634f8ec148729a652b0",
        "overlap_repeat_bitwise_equal": true,
        "repeated_generated_overlap_output_sha256": "af5afadfdb106ccbf9af0db33f0d1dc26a30569628efd634f8ec148729a652b0",
        "repeated_natural_generated_output_sha256": "af5afadfdb106ccbf9af0db33f0d1dc26a30569628efd634f8ec148729a652b0",
        "repeated_overlap_output_sha256": "af5afadfdb106ccbf9af0db33f0d1dc26a30569628efd634f8ec148729a652b0",
        "sequential_output_sha256": "af5afadfdb106ccbf9af0db33f0d1dc26a30569628efd634f8ec148729a652b0",
        "sequential_overlap_bitwise_equal": true
      },
      "generated_device_relation": {
        "edge_destination_rows_exact": true,
        "edge_weights_exact": true,
        "exact": true,
        "group_counts_exact": true,
        "overflow": 0,
        "padded_source_rows_exact": true
      },
      "independent_semantic_reference": {
        "atol": 0.125,
        "finite": true,
        "fixture": {
          "path": "/tmp/shuttle-map-fold-replay/semantic-smoke-rank3.npz",
          "routed_weight_sha256": {
            "down": "a6b82bd9ce9edc5291b81fd2f8a58825ddc7d2e54bb984f1034b6adbce74f494",
            "gate": "6ec6862daf8c41953ad1b062b1c2f8b6624311714b34bcdfeccf9205f8b77509",
            "up": "a3084c7f0d713aa618cd254258563568b722d29b1a64eaf2b94c7c87f85377be"
          },
          "sha256": "15d46d173a34cb56515dd131bd7cafdad601f140b7214afcbfb57a6f0dcd033d",
          "shared_weight_sha256": {
            "down": "811d0aaec322e33db511ed4591021d0cc12e4ea5fd5fda54792562ffb5772d89",
            "gate": "c4ffd63224d45dce73f54107ebe040614dbb5f25600735018dec9f165d49bf8f",
            "up": "0571b1dc9ed553d7159c670e2a37f06208af3c31c3f1298789517631c99f9af8"
          },
          "weight_generation": {
            "routed_seed": 50003,
            "shared_seed": 60000
          }
        },
        "generated_output_sha256": "b8c4077f993c6e02621364295ca135583ef8ed8903e04719b43cfb0f763527ed",
        "independent": true,
        "maximum_absolute_error": 0.0001220703125,
        "mean_absolute_error": 4.685757630795706e-06,
        "passed": true,
        "physical_ordering_difference": "generated path first collapses routes per owner to BF16, then returns payload with all-to-all and combines owners in fixed rank order",
        "reference": "source-ordered Torch BF16 boundaries with FP32 route-slot accumulation",
        "reference_output_sha256": "94853a191173a00e3be139a79ba4693998062b6a22114ea4dfb593ad7ed010eb",
        "rtol": 0.05,
        "shape": {
          "global_experts": 8,
          "hidden_size": 256,
          "intermediate_size": 256,
          "local_tokens": 256,
          "top_k": 2
        }
      },
      "mapping": {
        "compiler_assignments": 12154,
        "compiler_padded_rows": 24576,
        "compiler_receiver_rows": 6770,
        "deep_ep_reported_expert_counts_exact": true,
        "deep_receiver_rows": 6770,
        "exact": true,
        "expert_counts_exact": true,
        "legalization": "DeepEP source-rank prefix plus recv_src_idx to compiler global source-token relation",
        "payload_exact": true,
        "source_rank_counts": [
          1696,
          1695,
          1695,
          1684
        ],
        "topk_invalid_route_weights": "ignored because DeepEP marks these routes with local expert -1",
        "topk_local_expert_exact": true,
        "topk_valid_route_weight_exact": true
      },
      "padded_rows": 24576,
      "rank": 3,
      "received_tokens": 6770
    }
  ],
  "routing_frontend": {
    "natural_stablehlo": {
      "forward_transport": "deepep_dispatch",
      "merge": "generated_source_ordered_fold",
      "physical_stage_count": 18,
      "portable_artifact_sha256": "8de1fb6d4e63488219008eb363dbb53bd83a8d46bd22c2c2d42f9bed74389126",
      "reverse_transport": "all_to_all_single",
      "runtime_lineage": "router shapes and route Relation are read from the recovered StableHLO plan",
      "semantic_input": "ordinary JAX shared-plus-routed MoE",
      "semantic_operations": [
        "Contract",
        "selection",
        "Relation",
        "SegmentedContract",
        "Map",
        "Fold"
      ]
    },
    "route_fixture_path": null,
    "route_fixture_sha256": null,
    "route_weights_sha256": "cab3ef4ca2ac1ce06630c28852b028350cf3ff9e88e5598dbcc5a6dde07422d2",
    "router_weight_sha256": "c28c5d404c64f524e3d4dc925d82f60f6c36a95d15b3ce3a4f0034b359c4b35e",
    "selected_experts_sha256": "3e604a6a5ddb00678285bdb1a767d17f6c7838e3cd5f7412e8cff7e8f28f990e",
    "source": "natural_stablehlo"
  },
  "schedule": {
    "clean_cross_rank_return": "all_to_all_single payload permutation; no reduction in transport",
    "clean_semantic_merge": "generated fixed owner-rank FP32 fold plus shared add; no atomics",
    "coarse_materialization_ablation": "explicit copies after dispatch packing, W13, SwiGLU, and W2 on routed and shared paths",
    "cross_rank_combine": "not used by accepted natural Shuttle phase; legacy control only",
    "deepep_sms": 56,
    "gate_up_layout": "concatenated_e_2i_k",
    "merge": "fixed route-slot order, explicit FP32 RN multiply then RN add, no atomics",
    "overlap": "generated shared expert on current stream while async DeepEP dispatch runs",
    "padding_quantum": 256,
    "shared_add": "generated Map after the source-ordered Fold"
  },
  "schema_version": 2,
  "shape": {
    "global_experts": 384,
    "hidden_size": 7168,
    "intermediate_size": 3072,
    "local_experts": 96,
    "local_tokens": 2048,
    "top_k": 6,
    "world_size": 4
  },
  "source": {
    "deepep_commit": "7febc6e25660af0f54d95dd781ecdcd62265ecca",
    "generated_map_fold_generator_sha256": "5c9a3477b14c879e68122e05c1f535b95c5bc2f906e6bb94c874ac6945025b66",
    "generated_map_fold_include_sha256": "c151c8775e928a1167b543a54abf63dc0c357ce5794cc40ebcc00551e6d4d435",
    "generated_map_fold_program_sha256": "3048c6b922de317e556ff4e1a6fe9c81a22bfc9ba4d6582d0245fbf275f81fba",
    "mok_commit": "3e1cf43ab93ad040afed52a45ab03cb490ffe4be",
    "mok_dirty": false,
    "mok_local_modifications": [],
    "probe_extension": "/tmp/mok-gmm-probe-map-fold-31f600f228/_mok_gmm_probe.cpython-312-aarch64-linux-gnu.so",
    "probe_extension_sha256": "1e08e83fbc51ab681e589af6bf173f02823eae9add710779c30a59b1c3d699f4",
    "probe_source_sha256": "dfc06d0991c90dc58d63e0f10eafdc92477e0bdcfa6c6bf3d11abbf731a1983a",
    "shuttle_revision": "31f600f22837ec4a3c4c3eaf07c2e4a9a5ddc268",
    "thunderkittens_commit": "1c3920d993404dd49a6d4c7267ea11d583bd5c68",
    "thunderkittens_dirty": false,
    "thunderkittens_local_modifications": []
  },
  "status": "ok",
  "timing": {
    "compiler_routed_already_dispatched": {
      "maximum_ms": 3.218751907348633,
      "mean_ms": 3.217487931251526,
      "median_ms": 3.217487931251526,
      "minimum_ms": 3.216223955154419,
      "per_rank_samples_ms": [
        [
          3.1991679668426514,
          3.205728054046631
        ],
        [
          3.174367904663086,
          3.1599040031433105
        ],
        [
          3.178816080093384,
          3.169951915740967
        ],
        [
          3.216223955154419,
          3.218751907348633
        ]
      ],
      "rank_max_samples_ms": [
        3.216223955154419,
        3.218751907348633
      ]
    },
    "full_coarse_materialized_sequential": {
      "maximum_ms": 4.302495956420898,
      "mean_ms": 4.302047967910767,
      "median_ms": 4.302047967910767,
      "minimum_ms": 4.301599979400635,
      "per_rank_samples_ms": [
        [
          4.292191982269287,
          4.295231819152832
        ],
        [
          4.297664165496826,
          4.30185604095459
        ],
        [
          4.301599979400635,
          4.302495956420898
        ],
        [
          4.297728061676025,
          4.296224117279053
        ]
      ],
      "rank_max_samples_ms": [
        4.301599979400635,
        4.302495956420898
      ]
    },
    "full_generated_overlap_shared_with_async_dispatch": {
      "maximum_ms": 3.8679358959198,
      "mean_ms": 3.8589760065078735,
      "median_ms": 3.8589760065078735,
      "minimum_ms": 3.8500161170959473,
      "per_rank_samples_ms": [
        [
          3.845439910888672,
          3.855168104171753
        ],
        [
          3.8488640785217285,
          3.8679358959198
        ],
        [
          3.8500161170959473,
          3.8633921146392822
        ],
        [
          3.8399360179901123,
          3.8442559242248535
        ]
      ],
      "rank_max_samples_ms": [
        3.8500161170959473,
        3.8679358959198
      ]
    },
    "full_generated_sequential": {
      "maximum_ms": 3.9287359714508057,
      "mean_ms": 3.9276000261306763,
      "median_ms": 3.9276000261306763,
      "minimum_ms": 3.926464080810547,
      "per_rank_samples_ms": [
        [
          3.909696102142334,
          3.912832021713257
        ],
        [
          3.9115519523620605,
          3.926464080810547
        ],
        [
          3.9287359714508057,
          3.9249279499053955
        ],
        [
          3.914016008377075,
          3.9046080112457275
        ]
      ],
      "rank_max_samples_ms": [
        3.9287359714508057,
        3.926464080810547
      ]
    },
    "full_overlap_shared_with_async_dispatch": {
      "maximum_ms": 3.85699200630188,
      "mean_ms": 3.839311957359314,
      "median_ms": 3.839311957359314,
      "minimum_ms": 3.821631908416748,
      "per_rank_samples_ms": [
        [
          3.844480037689209,
          3.8168320655822754
        ],
        [
          3.8569600582122803,
          3.81548810005188
        ],
        [
          3.85699200630188,
          3.8192639350891113
        ],
        [
          3.853055953979492,
          3.821631908416748
        ]
      ],
      "rank_max_samples_ms": [
        3.85699200630188,
        3.821631908416748
      ]
    },
    "full_sequential": {
      "maximum_ms": 3.97161602973938,
      "mean_ms": 3.961408019065857,
      "median_ms": 3.961408019065857,
      "minimum_ms": 3.951200008392334,
      "per_rank_samples_ms": [
        [
          3.966207981109619,
          3.94598388671875
        ],
        [
          3.971328020095825,
          3.951200008392334
        ],
        [
          3.9695041179656982,
          3.948863983154297
        ],
        [
          3.97161602973938,
          3.9488000869750977
        ]
      ],
      "rank_max_samples_ms": [
        3.97161602973938,
        3.951200008392334
      ]
    },
    "generated_receiver_relation_plan": {
      "maximum_ms": 0.14550399780273438,
      "mean_ms": 0.1427999958395958,
      "median_ms": 0.1427999958395958,
      "minimum_ms": 0.14009599387645721,
      "per_rank_samples_ms": [
        [
          0.1443520039319992,
          0.13926400244235992
        ],
        [
          0.14243200421333313,
          0.13763199746608734
        ],
        [
          0.13929599523544312,
          0.13875199854373932
        ],
        [
          0.14550399780273438,
          0.14009599387645721
        ]
      ],
      "rank_max_samples_ms": [
        0.14550399780273438,
        0.14009599387645721
      ]
    },
    "generated_shared_expert": {
      "maximum_ms": 0.2571519911289215,
      "mean_ms": 0.25193599611520767,
      "median_ms": 0.25193599611520767,
      "minimum_ms": 0.24672000110149384,
      "per_rank_samples_ms": [
        [
          0.2504960000514984,
          0.24672000110149384
        ],
        [
          0.2306240051984787,
          0.23129600286483765
        ],
        [
          0.2571519911289215,
          0.24502399563789368
        ],
        [
          0.24534399807453156,
          0.2401600033044815
        ]
      ],
      "rank_max_samples_ms": [
        0.2571519911289215,
        0.24672000110149384
      ]
    },
    "mok_oracle_post_route": {
      "maximum_ms": 3.463871955871582,
      "mean_ms": 3.457520008087158,
      "median_ms": 3.457520008087158,
      "minimum_ms": 3.4511680603027344,
      "per_rank_samples_ms": [
        [
          3.4376320838928223,
          3.458400011062622
        ],
        [
          3.442784070968628,
          3.4605441093444824
        ],
        [
          3.449215888977051,
          3.463871955871582
        ],
        [
          3.4511680603027344,
          3.4629440307617188
        ]
      ],
      "rank_max_samples_ms": [
        3.4511680603027344,
        3.463871955871582
      ]
    },
    "natural_end_to_end_mok_oracle": {
      "maximum_ms": 3.6285760402679443,
      "mean_ms": 3.5924479961395264,
      "median_ms": 3.5924479961395264,
      "minimum_ms": 3.5563199520111084,
      "per_rank_samples_ms": [
        [
          3.613568067550659,
          3.552639961242676
        ],
        [
          3.624799966812134,
          3.556191921234131
        ],
        [
          3.6278719902038574,
          3.5563199520111084
        ],
        [
          3.6285760402679443,
          3.5560319423675537
        ]
      ],
      "rank_max_samples_ms": [
        3.6285760402679443,
        3.5563199520111084
      ]
    },
    "natural_end_to_end_shuttle": {
      "maximum_ms": 4.1135358810424805,
      "mean_ms": 4.098160028457642,
      "median_ms": 4.098160028457642,
      "minimum_ms": 4.082784175872803,
      "per_rank_samples_ms": [
        [
          4.0939202308654785,
          4.0794878005981445
        ],
        [
          4.112671852111816,
          4.082208156585693
        ],
        [
          4.0999040603637695,
          4.081151962280273
        ],
        [
          4.1135358810424805,
          4.082784175872803
        ]
      ],
      "rank_max_samples_ms": [
        4.1135358810424805,
        4.082784175872803
      ]
    },
    "natural_router_contract_topk_fold": {
      "maximum_ms": 0.17318400740623474,
      "mean_ms": 0.1534080058336258,
      "median_ms": 0.1534080058336258,
      "minimum_ms": 0.13363200426101685,
      "per_rank_samples_ms": [
        [
          0.1608320027589798,
          0.12995199859142303
        ],
        [
          0.17228800058364868,
          0.13177600502967834
        ],
        [
          0.15663999319076538,
          0.11327999830245972
        ],
        [
          0.17318400740623474,
          0.13363200426101685
        ]
      ],
      "rank_max_samples_ms": [
        0.17318400740623474,
        0.13363200426101685
      ]
    },
    "natural_runtime_layout_and_payload_dispatch": {
      "maximum_ms": 0.3078080117702484,
      "mean_ms": 0.3017280101776123,
      "median_ms": 0.3017280101776123,
      "minimum_ms": 0.2956480085849762,
      "per_rank_samples_ms": [
        [
          0.2987520098686218,
          0.28649601340293884
        ],
        [
          0.2810240089893341,
          0.2956480085849762
        ],
        [
          0.3078080117702484,
          0.2947840094566345
        ],
        [
          0.28300800919532776,
          0.29228800535202026
        ]
      ],
      "rank_max_samples_ms": [
        0.3078080117702484,
        0.2956480085849762
      ]
    },
    "natural_shuttle_post_route": {
      "maximum_ms": 3.9847359657287598,
      "mean_ms": 3.9829280376434326,
      "median_ms": 3.9829280376434326,
      "minimum_ms": 3.9811201095581055,
      "per_rank_samples_ms": [
        [
          3.983423948287964,
          3.9707839488983154
        ],
        [
          3.9847359657287598,
          3.9811201095581055
        ],
        [
          3.9746880531311035,
          3.976576089859009
        ],
        [
          3.9760959148406982,
          3.9759039878845215
        ]
      ],
      "rank_max_samples_ms": [
        3.9847359657287598,
        3.9811201095581055
      ]
    },
    "official_combine_with_shared_bias": {
      "maximum_ms": 0.2762880027294159,
      "mean_ms": 0.27193599939346313,
      "median_ms": 0.27193599939346313,
      "minimum_ms": 0.2675839960575104,
      "per_rank_samples_ms": [
        [
          0.2762880027294159,
          0.2620159983634949
        ],
        [
          0.2719680070877075,
          0.2672959864139557
        ],
        [
          0.2706559896469116,
          0.26607999205589294
        ],
        [
          0.2680320143699646,
          0.2675839960575104
        ]
      ],
      "rank_max_samples_ms": [
        0.2762880027294159,
        0.2675839960575104
      ]
    },
    "official_dispatch_combine_identity": {
      "maximum_ms": 0.47171199321746826,
      "mean_ms": 0.46723200380802155,
      "median_ms": 0.46723200380802155,
      "minimum_ms": 0.46275201439857483,
      "per_rank_samples_ms": [
        [
          0.47171199321746826,
          0.46275201439857483
        ],
        [
          0.4639360010623932,
          0.46239998936653137
        ],
        [
          0.4684799909591675,
          0.46140798926353455
        ],
        [
          0.4638719856739044,
          0.46160000562667847
        ]
      ],
      "rank_max_samples_ms": [
        0.47171199321746826,
        0.46275201439857483
      ]
    },
    "payload_reverse_transport_and_generated_merge": {
      "maximum_ms": 0.31407999992370605,
      "mean_ms": 0.3094079941511154,
      "median_ms": 0.3094079941511154,
      "minimum_ms": 0.3047359883785248,
      "per_rank_samples_ms": [
        [
          0.3094399869441986,
          0.2994239926338196
        ],
        [
          0.31353598833084106,
          0.3047359883785248
        ],
        [
          0.3140160143375397,
          0.3033919930458069
        ],
        [
          0.31407999992370605,
          0.3006719946861267
        ]
      ],
      "rank_max_samples_ms": [
        0.31407999992370605,
        0.3047359883785248
      ]
    }
  }
}
/tmp/mok-route-env/lib/python3.12/site-packages/torch/distributed/c10d_logger.py:83: UserWarning: barrier(): using the device under current context. You can specify `device_id` in `init_process_group` to mute this warning.
  return func(*args, **kwargs)
