{
  "variant": "dsp_phase_benefit_overlap_retention_penalty_nnls",
  "params": {
    "rho": [
      0.0001168268520611656,
      2.0,
      0.003754342051064358,
      0.01982244987753433,
      0.2826765065885044,
      0.0010523576927740624,
      0.6063348901495152,
      2.0,
      0.08805402772772719,
      1.370821638969771,
      0.04350778480817177,
      0.306584300272511,
      1.998005757307337,
      0.051561639391847415,
      0.01853273051849154,
      0.29454925222446804,
      1.9105418505910525,
      0.04947146144460533,
      0.9127883077210579,
      0.009370890190529583,
      2.0,
      0.014468382529422997,
      0.08974284131980444,
      0.0048213534728919006,
      0.4702596305605478,
      0.10729073962980634,
      0.34178534521186343,
      0.25868134214616634,
      0.23357633475802436,
      0.022261942116294706,
      0.8413880729940448,
      0.001073531669983662,
      0.16131329313830473,
      0.044924499889436066,
      0.046803434890574855,
      0.16326612415898112,
      0.000767426788660102,
      0.08021198112501705,
      0.06525983724956137
    ],
    "tau": [
      3.641604310724272,
      4.57285141411043,
      0.5098364657019525,
      1.965515349314431,
      0.9801054216166718,
      -2.0,
      -0.7047379266557005,
      -2.0,
      3.10664832959877,
      -0.7690544219370103,
      1.478727170173081,
      -1.9987736965837033,
      -2.0,
      2.483801321234823,
      -0.6380850016118845,
      -0.2973644986779698,
      -0.008441410785799944,
      -2.0,
      1.9627229966848505,
      1.7416979314327201,
      -0.47853825051657445,
      4.982689438571255,
      -2.0,
      3.7717630642256954,
      1.4484094056460086,
      -1.1553149125593338,
      0.2869084351793228,
      1.859913340890001,
      2.296431771158571,
      4.144637345737153,
      -0.4622641410034162,
      -2.0,
      2.260167691399872,
      7.249403648655807,
      4.033132013528756,
      3.844391432551662,
      1.6658813293375598,
      1.4539172086307248,
      5.8523344937453325
    ],
    "gamma": 34.36546551159591,
    "lam": 0.020933995249231518
  },
  "intercept": 0.7942122469027867,
  "benefit_coef": [
    1.14344576924285,
    0.0004492049208163448,
    0.0316865951426567,
    0.016932535078169268,
    0.0012051151636944596,
    0.9203686871749536,
    0.0004898855480129186,
    0.00012728127409960944,
    0.001979617367370556,
    0.00111185535229744,
    0.005915921446332922,
    0.005700010419962023,
    0.000488680220812422,
    0.008218262193033583,
    0.009858068110009992,
    0.0015313189960736752,
    0.0003639736403566679,
    0.02144767642533408,
    0.0004801558881566811,
    0.03895025048331081,
    0.0003474452886237021,
    0.010347890185502619,
    0.0007254438194522686,
    0.16877647746598476,
    0.0005227749652088449,
    0.009382460422243239,
    0.0017849387619196216,
    0.0005316131133689062,
    0.006749126963671679,
    0.0,
    0.0039225429070573435,
    0.9915928777062049,
    0.008052179405018532,
    0.0,
    0.0028935942325929035,
    0.0005940057174462399,
    0.09957082044032269,
    0.02790713174845017,
    0.000795264025186801
  ],
  "penalty_coef": [
    0.08347133823215744,
    2.7472745587409113,
    0.003955030742391521,
    0.0593172708206592,
    0.007556382249469648,
    0.0039602031269492305,
    0.0031955133554853157,
    0.002052441978660527,
    0.13658772543382164,
    0.0076023348759190045,
    0.035420819882174034,
    0.005298549325460458,
    0.0028225284714932628,
    0.21956740780522194,
    0.0035891620440607307,
    0.00518564039013394,
    0.003868098667453859,
    0.0043910430948744614,
    0.0890280923848263,
    0.035591773130973246,
    0.0007738753209298784,
    6.605214871378639,
    0.0009543240219387238,
    5.127369280360846,
    0.010022641280943712,
    0.004589551272674203,
    0.006335701135186487,
    0.0077513639590008655,
    0.0595629307380842,
    0.01813703993653574,
    0.022278269585492876,
    0.002654942008447902,
    0.03254935541102407,
    3.133132537663803,
    0.08268638749990703,
    0.053461912509596476,
    0.004778757687123149,
    0.12378731385752038,
    8.180833982402035
  ],
  "metrics": {
    "variant": "dsp_phase_benefit_overlap_retention_penalty_nnls",
    "description": "Canonical DSP plus a simple scalar overlap-retention exposure term.",
    "phase_mode": "benefit_gain",
    "retention_mode": "overlap_scalar",
    "penalty_mode": "log_softplus_squared",
    "linear_mode": "nnls",
    "m_dependent_params_per_domain": 4,
    "total_param_count": 159,
    "fitted_gamma": 34.36546551159591,
    "fitted_gamma_benefit": 34.36546551159591,
    "fitted_gamma_saturation": 1.0,
    "fitted_gamma_penalty": 1.0,
    "fitted_lam": 0.020933995249231518,
    "train_rmse": 0.0056821569462290255,
    "train_spearman": 0.9611039774500105,
    "train_pearson": 0.9519037254737558,
    "cv_rmse": 0.008913845931826923,
    "cv_mae": 0.006738590768749091,
    "oof_spearman": 0.9006240789215768,
    "oof_pearson": 0.8797137451967081,
    "cv_foldmean_regret_at_1": 0.0002805471420287642,
    "cv_regret_at_1": 0.012275218963622936,
    "lower_tail_optimism": 0.004311247388360171,
    "raw_predicted_optimum_value": 0.7171487919333805,
    "raw_nearest_observed_tv": 0.5,
    "raw_nearest_observed_run_name": "baseline_stratified",
    "raw_nearest_observed_value": 0.9688005447387696,
    "raw_phase0_support_gt_1e3": 1,
    "raw_phase1_support_gt_1e3": 7,
    "phase0_max_weight": 0.999677244648826,
    "phase1_max_weight": 0.4444368013751001,
    "optimum_success": true,
    "optimum_message": "CONVERGENCE: NORM OF PROJECTED GRADIENT <= PGTOL"
  }
}
