{
  "result": {
    "Baseline": 3.093841075897217,
    "learning_rate=0.004": 3.0983355045318604,
    "train_batch_size=128": 3.114278554916382
  },
  "name": {
    "Baseline": "sweep-300m-24B-cautious820e4dlr0.008-wd0.1-minlr0-warmup2000-b10-fe0a65",
    "learning_rate=0.004": "sweep-300m-24B-cautious2e72c8lr0.004-wd0.1-minlr0-warmup2000-b10-13950f",
    "train_batch_size=128": "sweep-300m-24B-cautious1c558clr0.008-wd0.1-minlr0-warmup2000-b10-69130a"
  },
  "num_left": 0,
  "best_config": {
    "beta1": 0.98,
    "beta2": 0.98,
    "epsilon": 1e-25,
    "learning_rate": 0.008,
    "max_grad_norm": 1,
    "min_lr_ratio": 0,
    "train_batch_size": 256,
    "warmup": 2000,
    "weight_decay": 0.1
  },
  "min_loss": 3.093841075897217,
  "approximate_best_config_list": [
    {
      "train_batch_size": 256,
      "learning_rate": 0.008,
      "warmup": 2000
    },
    {
      "train_batch_size": 256,
      "learning_rate": 0.004,
      "warmup": 2000
    }
  ],
  "baseline": {
    "loss": 3.093841075897217,
    "wandb_id": "sweep-300m-24B-cautious820e4dlr0.008-wd0.1-minlr0-warmup2000-b10-fe0a65"
  },
  "ablations": [
    {
      "param": "learning_rate",
      "value": 0.004,
      "loss": 3.0983355045318604,
      "wandb_id": "sweep-300m-24B-cautious2e72c8lr0.004-wd0.1-minlr0-warmup2000-b10-13950f"
    },
    {
      "param": "train_batch_size",
      "value": 128,
      "loss": 3.114278554916382,
      "wandb_id": "sweep-300m-24B-cautious1c558clr0.008-wd0.1-minlr0-warmup2000-b10-69130a"
    }
  ]
}
