{
  "result": {
    "Baseline": 2.945103168487549,
    "learning_rate=0.004": 2.9442315101623535,
    "train_batch_size=128": 2.9632439613342285
  },
  "name": {
    "Baseline": "sweep-520m-42B-muon92eab1lr0.008-wd0.1-minlr0-warmup0-b10.8-b20.-f2fd04",
    "learning_rate=0.004": "sweep-520m-42B-muonrde8a35lr0.004-wd0.1-minlr0-warmup0-b10.8-b20-0393ec",
    "train_batch_size=128": "sweep-520m-42B-muonc58c06lr0.008-wd0.1-minlr0-warmup0-b10.8-b20.-dfd7f2"
  },
  "num_left": 0,
  "best_config": {
    "beta1": 0.8,
    "beta2": 0.98,
    "decay": 1,
    "epsilon": 1e-25,
    "learning_rate": 0.008,
    "lr_schedule": "linear",
    "max_grad_norm": 2,
    "min_lr_ratio": 0,
    "momentum": 0.98,
    "muon_epsilon": 1e-05,
    "muon_to_adam_lr": 0.3,
    "train_batch_size": 256,
    "warmup": 0,
    "weight_decay": 0.1
  },
  "min_loss": 2.9442315101623535,
  "baseline": {
    "loss": 2.945103168487549,
    "wandb_id": "sweep-520m-42B-muon92eab1lr0.008-wd0.1-minlr0-warmup0-b10.8-b20.-f2fd04"
  },
  "ablations": [
    {
      "param": "learning_rate",
      "value": 0.004,
      "loss": 2.9442315101623535,
      "wandb_id": "sweep-520m-42B-muonrde8a35lr0.004-wd0.1-minlr0-warmup0-b10.8-b20-0393ec"
    },
    {
      "param": "train_batch_size",
      "value": 128,
      "loss": 2.9632439613342285,
      "wandb_id": "sweep-520m-42B-muonc58c06lr0.008-wd0.1-minlr0-warmup0-b10.8-b20.-dfd7f2"
    }
  ]
}