{
  "result": {
    "Baseline": 3.079275369644165,
    "learning_rate=0.008": 3.0879828929901123,
    "train_batch_size=256": 3.083444833755493
  },
  "name": {
    "Baseline": "sweep-300m-24B-muon25115alr0.004-wd0.1-minlr0-warmup0-b10.8-b20.-f7ddef",
    "learning_rate=0.008": "sweep-300m-24B-muond28b65lr0.008-wd0.1-minlr0-warmup0-b10.8-b20.-55461d",
    "train_batch_size=256": "sweep-300m-24B-muon3a0740lr0.004-wd0.1-minlr0-warmup0-b10.8-b20.-e71893"
  },
  "num_left": 0,
  "best_config": {
    "beta1": 0.8,
    "beta2": 0.98,
    "decay": 0.8,
    "epsilon": 1e-15,
    "learning_rate": 0.004,
    "lr_schedule": "linear",
    "max_grad_norm": 1,
    "min_lr_ratio": 0,
    "momentum": 0.98,
    "muon_epsilon": 1e-05,
    "muon_to_adam_lr": 0.3,
    "train_batch_size": 128,
    "warmup": 0,
    "weight_decay": 0.1
  },
  "min_loss": 3.079275369644165,
  "approximate_best_config_list": [
    {
      "warmup": 0,
      "learning_rate": 0.004,
      "train_batch_size": 128
    },
    {
      "warmup": 0,
      "learning_rate": 0.004,
      "train_batch_size": 256
    }
  ],
  "baseline": {
    "loss": 3.079275369644165,
    "wandb_id": "sweep-300m-24B-muon25115alr0.004-wd0.1-minlr0-warmup0-b10.8-b20.-f7ddef"
  },
  "ablations": [
    {
      "param": "learning_rate",
      "value": 0.008,
      "loss": 3.0879828929901123,
      "wandb_id": "sweep-300m-24B-muond28b65lr0.008-wd0.1-minlr0-warmup0-b10.8-b20.-55461d"
    },
    {
      "param": "train_batch_size",
      "value": 256,
      "loss": 3.083444833755493,
      "wandb_id": "sweep-300m-24B-muon3a0740lr0.004-wd0.1-minlr0-warmup0-b10.8-b20.-e71893"
    }
  ]
}
