{
  "result": {
    "Baseline": 2.958468198776245,
    "learning_rate=0.008": 7.0745697021484375,
    "train_batch_size=128": 7.1394524574279785,
    "weight_decay=0.2": 2.961704730987549
  },
  "name": {
    "Baseline": "sweep-520m-42B-adamwbc2b89lr0.004-wd0.1-minlr0-warmup1000-b10.9--50dbd9",
    "learning_rate=0.008": "sweep-520m-42B-adamwf6bfb1lr0.008-wd0.1-minlr0-warmup1000-b10.9--c0b516",
    "train_batch_size=128": "sweep-520m-42B-adamwf14f39lr0.004-wd0.1-minlr0-warmup1000-b10.9--48b1c7",
    "weight_decay=0.2": "sweep-520m-42B-adamwffc6bdlr0.004-wd0.2-minlr0-warmup1000-b10.9--69bc03"
  },
  "num_left": 0,
  "best_config": {
    "beta1": 0.9,
    "beta2": 0.98,
    "epsilon": 1e-10,
    "learning_rate": 0.004,
    "max_grad_norm": 1,
    "min_lr_ratio": 0,
    "nesterov": false,
    "train_batch_size": 256,
    "warmup": 1000,
    "weight_decay": 0.1
  },
  "min_loss": 2.958468198776245,
  "approximate_best_config_list": [
    {
      "warmup": 1000,
      "learning_rate": 0.004,
      "weight_decay": 0.1,
      "train_batch_size": 256
    },
    {
      "warmup": 1000,
      "learning_rate": 0.004,
      "weight_decay": 0.2,
      "train_batch_size": 256
    }
  ],
  "baseline": {
    "loss": 2.958468198776245,
    "wandb_id": "sweep-520m-42B-adamwbc2b89lr0.004-wd0.1-minlr0-warmup1000-b10.9--50dbd9"
  },
  "ablations": [
    {
      "param": "learning_rate",
      "value": 0.008,
      "loss": 7.0745697021484375,
      "wandb_id": "sweep-520m-42B-adamwf6bfb1lr0.008-wd0.1-minlr0-warmup1000-b10.9--c0b516"
    },
    {
      "param": "train_batch_size",
      "value": 128,
      "loss": 7.1394524574279785,
      "wandb_id": "sweep-520m-42B-adamwf14f39lr0.004-wd0.1-minlr0-warmup1000-b10.9--48b1c7"
    },
    {
      "param": "weight_decay",
      "value": 0.2,
      "loss": 2.961704730987549,
      "wandb_id": "sweep-520m-42B-adamwffc6bdlr0.004-wd0.2-minlr0-warmup1000-b10.9--69bc03"
    }
  ]
}
