variant,surrogate_variant,stage,chosen_rank,start_id,success,message,eta,lam,reg,beta,a_broad_text,a_tech_code,a_reasoning,tau_broad_text,tau_tech_code,tau_reasoning,cv_rmse,cv_regret_at_1,cv_foldmean_regret_at_1,lower_tail_optimism,objective
power_family_penalty_no_l2,power_family_penalty,refine,0,3,True,Optimization terminated successfully.,5.131954422476287,0.03979027186985877,0.0,0.1448169095111599,0.6243781082883318,0.02,1.2455140025626625,2.9164035701174007,6.491137894394052,8.0,0.010647086222888125,0.007417559623718262,0.004482030868530229,0.003271143393097198,0.012506759462863235
power_family_penalty_no_l2,power_family_penalty,refine,1,6,True,Optimization terminated successfully.,6.231837154284447,6.14421235332821e-06,0.0,0.15023965176071621,0.6552180565348346,0.02,0.4985812562688234,3.1897705190492784,7.474047106152118,5.137811615755555,0.010876193182197447,0.0,0.004482030868530229,0.0027314769189626734,0.012466033185105295
power_family_penalty_no_l2,power_family_penalty,refine,2,7,True,Optimization terminated successfully.,6.77669276119352,6.14421235332821e-06,0.0,0.13513131548295845,0.5971287779380205,0.15995845511628223,0.5055794593456856,3.1823844164013746,6.261347101928738,5.518820157094477,0.010946162909264328,0.0,0.004482030868530229,0.002833358186848195,0.012586943546114936
