variant,surrogate_variant,stage,chosen_rank,start_id,success,message,eta,lam,reg,beta,a_broad_text,a_tech_code,a_reasoning,tau_broad_text,tau_tech_code,tau_reasoning,cv_rmse,cv_regret_at_1,cv_foldmean_regret_at_1,lower_tail_optimism,objective
power_family_penalty_no_l2,power_family_penalty,refine,0,2,True,Optimization terminated successfully.,10.819624272247207,0.010257913270410987,0.0,0.6806772197057335,0.8249865542139,0.3423623563636996,1.4289744251655372,1.9580232955869474,8.0,6.8566246670581315,0.11497524076095905,0.0,0.0,0.029713634644247193,0.12983205808308265
power_family_penalty_no_l2,power_family_penalty,refine,1,4,True,Optimization terminated successfully.,11.789607735865918,6.14421235332821e-06,0.0,0.6628885215023456,0.8053681595094343,0.5318424723240216,1.8018613017867935,1.9809151748075022,8.0,6.5317522954872285,0.11416391221909702,0.0,0.0,0.029361123886321467,0.12884447416225775
power_family_penalty_no_l2,power_family_penalty,refine,2,8,True,Optimization terminated successfully.,10.576313760182508,0.00168675634732588,0.0,0.6306788489166663,0.02,0.07429700315484235,0.2105717553684731,4.101368676653293,8.0,7.9795163198425305,0.11883166001546945,0.031426550088188954,0.042544229684908785,0.02869135943390397,0.13530455121666687
