variant,surrogate_variant,stage,chosen_rank,start_id,success,message,eta,lam,reg,beta,a_broad_text,a_tech_code,a_reasoning,tau_broad_text,tau_tech_code,tau_reasoning,cv_rmse,cv_regret_at_1,cv_foldmean_regret_at_1,lower_tail_optimism,objective
power_family_penalty_no_l2,power_family_penalty,refine,0,2,True,Optimization terminated successfully.,9.728667233704313,6.14421235332821e-06,0.0,0.89824027661832,0.1812779856977488,0.21422072340821358,1.1622353244053216,0.9231348571285601,5.215748426868517,8.0,0.0264102520649204,0.011049785395579326,0.0,0.006008945989897059,0.029414725059868932
power_family_penalty_no_l2,power_family_penalty,refine,1,4,True,Optimization terminated successfully.,10.2312247377883,0.004244967444627631,0.0,0.6130492132836871,0.13013015093958027,0.4946382732933012,0.6135287989246431,3.3339807694809913,6.731746807469774,5.7642476261564735,0.02659988247874983,0.01931322918755951,0.012768433334816942,0.007572997711871415,0.031024803001426383
power_family_penalty_no_l2,power_family_penalty,refine,2,5,True,Optimization terminated successfully.,9.050421416977288,0.15329176141066603,0.0,0.8049036021603677,0.05244147448696598,0.20981854498768313,0.2473817833765285,3.5897421501719506,6.03065790875156,8.0,0.026745273553492453,0.011049785395579326,0.011115744576420904,0.006430643979783829,0.030516382772205412
