variant,surrogate_variant,stage,chosen_rank,start_id,success,message,eta,lam,reg,beta,a_broad_text,a_tech_code,a_reasoning,tau_broad_text,tau_tech_code,tau_reasoning,cv_rmse,cv_regret_at_1,cv_foldmean_regret_at_1,lower_tail_optimism,objective
power_family_penalty_no_l2,power_family_penalty,refine,0,7,True,Optimization terminated successfully.,6.286252311064091,0.0004317976659698516,0.0,0.40589664501540296,0.7260780262444488,0.02,0.7144200515601886,2.7789200090057236,3.725558511782042,8.0,0.00814282478870086,0.0,0.003966426849365235,0.0031292319165861547,0.009905762089462198
power_family_penalty_no_l2,power_family_penalty,refine,1,0,True,Optimization terminated successfully.,6.2997269310986175,0.0006186828478446043,0.0,0.4043050282637993,0.7274560012285051,0.02,0.7248773985739247,2.770201558402753,3.720639350993801,8.0,0.008143543279449831,0.0,0.003966426849365235,0.00312710211995295,0.009905415681894568
power_family_penalty_no_l2,power_family_penalty,refine,2,3,True,Optimization terminated successfully.,6.47489323898936,0.06520884478003806,0.0,0.4930322555986928,0.6080998990353178,0.02,0.02,2.2183616786473324,3.8034909004939284,6.318813169983934,0.008042195920654121,0.0,0.003966426849365235,0.0032454567328310054,0.009863245629537885
