{
  "round": 1,
  "alpha_C_RUBRIC_3j": 0.308931908741493,
  "alpha_C_EXAMPLES_3j": 0.30426096635177946,
  "alpha_C_RUBRIC_gpt_cla": 0.515096065873742,
  "alpha_C_EXAMPLES_gpt_cla": 0.40546856742229487
}