{
  "beta1": 0.9,
  "beta2": 0.98,
  "epsilon": 9.136660312841142e-11,
  "learning_rate": 0.0029559079770073993,
  "max_grad_norm": 1.5046765459101437,
  "min_lr_ratio": 0.0,
  "train_batch_size": 288.38924101491966,
  "warmup": 950.710473241983,
  "weight_decay": 0.17809872144738392
}
