{
  "variant": "dsp_phase_benefit_saturation_nnls",
  "params": {
    "rho": [
      0.04550735505829322,
      0.41189895062802256,
      0.7329712782311546,
      0.43287827336152335,
      0.1328363984474801,
      0.1364702487766136,
      1.8208504944941233,
      1.1937469272331585,
      0.7162324638571409,
      0.09182954763860773,
      0.05260692678646957,
      0.8194037972604331,
      0.11312331427437491,
      0.4867465461200611,
      0.10549748454308779,
      0.17199456861429419,
      0.1779809446152646,
      0.09535419662903329,
      0.6846109567100014,
      1.453141198850137,
      0.28764765880512994,
      0.12882477032543999,
      0.2725428367287541,
      0.033717150546319255,
      1.8444065490171322,
      0.010097915105441021,
      0.10066901312948597,
      0.1382103493998484,
      0.20677066229688615,
      0.01177885439383252,
      0.6478205340444982,
      0.011895917264950647,
      0.39277691859828906,
      0.03700098702370107,
      0.19851537297847036,
      0.48638102903421604,
      0.07334723923739034,
      0.22916206973087624,
      0.661995287600115
    ],
    "tau": [
      5.224507758651343,
      -0.17292836491387997,
      2.7954555213390075,
      1.406623608649889,
      1.7569658038201323,
      0.17962020200485124,
      0.9634558618097357,
      2.0205083579748306,
      3.037427977810907,
      1.7036398215473585,
      0.8763697895529471,
      0.9898343561912306,
      -0.6212071765350002,
      1.2402696633989185,
      1.6102486161598348,
      -0.4168333760175851,
      0.9247014152769535,
      0.31222373555199645,
      1.3582842385601825,
      0.7301322666262064,
      1.593101917910495,
      1.426599638252112,
      1.2788955726858038,
      2.3979475155468917,
      0.7077022104167056,
      -1.6357838243488685,
      2.314157070993553,
      3.2737789407074565,
      3.012249515340638,
      2.715694305741957,
      -1.7865961186020587,
      0.8281353641735768,
      0.8833202993880912,
      3.3399448835826004,
      5.44586119105101,
      4.830256731528155,
      2.4036564269456258,
      -1.5142388773667144,
      2.6059643844870446
    ],
    "gamma_benefit": 0.00011148194811762853,
    "gamma_saturation": 8.503133500653622
  },
  "intercept": 1.1643307105495757,
  "benefit_coef": [
    0.013228109440689481,
    0.00015649668132549293,
    0.0,
    0.0037673927104189195,
    0.006823421953097695,
    0.00749368199331282,
    0.000910463158158332,
    0.0,
    0.007520936372042188,
    0.014859003410805293,
    0.016415757189889656,
    0.010257273942435623,
    0.012139933958998332,
    0.0,
    0.0024827320627066945,
    0.008713448720396769,
    0.002832134122395934,
    0.02963187164823241,
    0.0004225668299812907,
    0.004917785781471081,
    0.0,
    0.007275906279981944,
    0.0,
    0.08581293560453226,
    0.0017337876771677861,
    0.31872175932416713,
    0.020612312205480727,
    0.0025400635574973083,
    0.04780741121947316,
    0.0,
    0.020068526420227488,
    0.237596899286787,
    0.0432088454342967,
    0.0,
    0.029675381552189316,
    0.006734569015528328,
    0.006185299188450399,
    0.040448818069061844,
    0.0002924319722956033
  ],
  "penalty_coef": [
    0.7305030218172829,
    0.00017255107564352205,
    0.012828653299544999,
    0.006150976186006771,
    0.009141052681586033,
    0.0024928522351623595,
    0.00570463973922597,
    0.00016028131047726528,
    0.034451480957433965,
    0.0,
    0.005191162531788741,
    0.0349178692415702,
    0.0020140296555054144,
    0.0015760587372307074,
    0.006835084849434513,
    0.0012801090805855567,
    0.003653241086117397,
    0.007172355048541276,
    0.00818041195138605,
    0.00010860570635265462,
    0.0031550111318587714,
    0.003923967065599261,
    0.002235695151867417,
    0.10057507536199307,
    0.002160826663761237,
    0.0016752840743302373,
    0.04962381988632269,
    0.025119869604282124,
    0.014263845540973711,
    0.003228531572968789,
    0.003786752034636083,
    0.000828821064031864,
    0.005008849371149451,
    0.008129559279272103,
    1.1389457461925798,
    0.305896117307737,
    0.0034870115307794602,
    0.003099672055002174,
    0.004617929835661429
  ],
  "metrics": {
    "variant": "dsp_phase_benefit_saturation_nnls",
    "description": "Canonical DSP plus a separate phase-1 saturation multiplier; penalty exposure remains phase-neutral.",
    "phase_mode": "benefit_saturation",
    "retention_mode": "none",
    "penalty_mode": "log_softplus_squared",
    "linear_mode": "nnls",
    "m_dependent_params_per_domain": 4,
    "total_param_count": 159,
    "fitted_gamma": NaN,
    "fitted_gamma_benefit": 0.00011148194811762853,
    "fitted_gamma_saturation": 8.503133500653622,
    "fitted_gamma_penalty": 1.0,
    "fitted_lam": NaN,
    "train_rmse": 0.006208729986824259,
    "train_spearman": 0.9287023383590718,
    "train_pearson": 0.9467228810004475,
    "cv_rmse": 0.008777693942254666,
    "cv_mae": 0.006799824498393131,
    "oof_spearman": 0.86737910137885,
    "oof_pearson": 0.8921964842374746,
    "cv_foldmean_regret_at_1": 0.00822074413299565,
    "cv_regret_at_1": 0.0,
    "lower_tail_optimism": 0.004927263356396624,
    "raw_predicted_optimum_value": 0.9398945986619084,
    "raw_nearest_observed_tv": 0.7672580077249763,
    "raw_nearest_observed_run_name": "run_00145",
    "raw_nearest_observed_value": 1.092031717300415,
    "raw_phase0_support_gt_1e3": 2,
    "raw_phase1_support_gt_1e3": 16,
    "phase0_max_weight": 0.9682302342319167,
    "phase1_max_weight": 0.37550044402607546,
    "optimum_success": true,
    "optimum_message": "CONVERGENCE: NORM OF PROJECTED GRADIENT <= PGTOL"
  }
}
