{
  "three_phase_starcoder": {
    "0": {
      "avg_lr_remaining": 0.011450651963241399,
      "avg_lr_to_next_boundary": 0.019999999552965164,
      "budget_frac_consumed": 0.0,
      "budget_frac_remaining": 1.0,
      "cumulative_starcoder_exposure": 0.0,
      "decision_index": 0.0,
      "delta_prev_action": 0.0,
      "global_step": 0.0,
      "grad/norm/total": 0.9859360456466675,
      "last_eval_loss": 11.76329231262207,
      "last_obj_bpb": 5.073256015777588,
      "last_train_loss": 11.76282787322998,
      "num_phases_total": 3.0,
      "optim/adam_lr": 0.0,
      "optim/learning_rate": 0.0,
      "prev_action_starcoder": 0.5,
      "remaining_decisions": 2.0,
      "steps_since_last_eval_frac": 0.0,
      "train_eval_gap": 0.00046443939208984375
    },
    "1": {
      "avg_lr_remaining": 0.009313315065810457,
      "avg_lr_to_next_boundary": 0.015122998040169477,
      "budget_frac_consumed": 0.32995456134218804,
      "budget_frac_remaining": 0.670045438657812,
      "cumulative_starcoder_exposure": 0.3188837412207325,
      "decision_index": 1.0,
      "delta_prev_action": 0.0,
      "global_step": 1888.0,
      "grad/norm/total": 0.33704425394535065,
      "last_eval_loss": 4.164622068405151,
      "last_obj_bpb": 1.1265336871147156,
      "last_train_loss": 3.710461735725403,
      "num_phases_total": 3.0,
      "optim/adam_lr": 0.00800000037997961,
      "optim/learning_rate": 0.019999999552965164,
      "prev_action_starcoder": 0.3188837412207325,
      "remaining_decisions": 1.0,
      "steps_since_last_eval_frac": 0.1551904928346732,
      "train_eval_gap": 0.4515960216522217
    },
    "2": {
      "avg_lr_remaining": 0.0035036320914514363,
      "avg_lr_to_next_boundary": 0.0035036320914514363,
      "budget_frac_consumed": 0.6698706745893045,
      "budget_frac_remaining": 0.3301293254106955,
      "cumulative_starcoder_exposure": 0.35477340715182826,
      "decision_index": 2.0,
      "delta_prev_action": 0.0,
      "global_step": 3833.0,
      "grad/norm/total": 0.25779902935028076,
      "last_eval_loss": 3.778483271598816,
      "last_obj_bpb": 0.9681814312934875,
      "last_train_loss": 3.195233941078186,
      "num_phases_total": 3.0,
      "optim/adam_lr": 0.0049514975398778915,
      "optim/learning_rate": 0.01237874198704958,
      "prev_action_starcoder": 0.3496230282249695,
      "remaining_decisions": 0.0,
      "steps_since_last_eval_frac": 0.14557846906675986,
      "train_eval_gap": 0.5271128416061401
    }
  },
  "two_phase_starcoder": {
    "0": {
      "avg_lr_remaining": 0.012747277660916248,
      "avg_lr_to_next_boundary": 0.019999999552965164,
      "budget_frac_consumed": 0.0,
      "budget_frac_remaining": 1.0,
      "cumulative_starcoder_exposure": 0.0,
      "decision_index": 0.0,
      "delta_prev_action": 0.0,
      "global_step": 0.0,
      "grad/norm/total": 1.1450475454330444,
      "last_eval_loss": 11.76329231262207,
      "last_obj_bpb": 5.073256015777588,
      "last_train_loss": 11.763073921203613,
      "num_phases_total": 2.0,
      "optim/adam_lr": 0.0,
      "optim/learning_rate": 0.0,
      "prev_action_starcoder": 0.5,
      "remaining_decisions": 1.0,
      "steps_since_last_eval_frac": 0.0,
      "train_eval_gap": 0.00021839141845703125
    },
    "1": {
      "avg_lr_remaining": 0.009120916714891791,
      "avg_lr_to_next_boundary": 0.009120916714891791,
      "budget_frac_consumed": 0.4992134242265338,
      "budget_frac_remaining": 0.5007865757734662,
      "cumulative_starcoder_exposure": 0.05496307074316204,
      "decision_index": 1.0,
      "delta_prev_action": 0.0,
      "global_step": 1904.0,
      "grad/norm/total": 0.34989821910858154,
      "last_eval_loss": 4.327110290527344,
      "last_obj_bpb": 1.2638218402862549,
      "last_train_loss": 3.9969229698181152,
      "num_phases_total": 2.0,
      "optim/adam_lr": 0.00800000037997961,
      "optim/learning_rate": 0.019999999552965164,
      "prev_action_starcoder": 0.05496307074316204,
      "remaining_decisions": 0.0,
      "steps_since_last_eval_frac": 0.2370214997378081,
      "train_eval_gap": 0.3912997245788574
    }
  }
}
