{
  "0": {
    "avg_lr_remaining": 0.011450651963241397,
    "avg_lr_to_next_boundary": 0.019999999552965164,
    "budget_frac_consumed": 0.0,
    "budget_frac_remaining": 1.0,
    "cumulative_starcoder_exposure": 0.0,
    "decision_index": 0.0,
    "delta_prev_action": 0.0,
    "global_step": 0.0,
    "grad/norm/total": 0.9914535470306873,
    "last_eval_loss": 11.76329231262207,
    "last_obj_bpb": 5.073256015777588,
    "last_train_loss": 11.762732517719268,
    "num_phases_total": 3.0,
    "optim/adam_lr": 0.0,
    "optim/learning_rate": 0.0,
    "prev_action_starcoder": 0.5,
    "remaining_decisions": 2.0,
    "steps_since_last_eval_frac": 1.0,
    "train_eval_gap": 0.0005597949028015136
  },
  "1": {
    "avg_lr_remaining": 0.009313315065810457,
    "avg_lr_to_next_boundary": 0.015122998040169477,
    "budget_frac_consumed": 0.3299545613421881,
    "budget_frac_remaining": 0.6700454386578121,
    "cumulative_starcoder_exposure": 0.3916025051934813,
    "decision_index": 1.0,
    "delta_prev_action": 0.0,
    "global_step": 1888.0,
    "grad/norm/total": 0.335699156485498,
    "last_eval_loss": 4.300050467252731,
    "last_obj_bpb": 1.2764273166656495,
    "last_train_loss": 3.4800118364393713,
    "num_phases_total": 3.0,
    "optim/adam_lr": 0.00800000037997961,
    "optim/learning_rate": 0.019999999552965164,
    "prev_action_starcoder": 0.3916025051934813,
    "remaining_decisions": 1.0,
    "steps_since_last_eval_frac": 0.1551904928346732,
    "train_eval_gap": 0.8200386308133603
  },
  "2": {
    "avg_lr_remaining": 0.0035036320914514363,
    "avg_lr_to_next_boundary": 0.0035036320914514363,
    "budget_frac_consumed": 0.6698706745893046,
    "budget_frac_remaining": 0.33012932541069556,
    "cumulative_starcoder_exposure": 0.39905140156876023,
    "decision_index": 2.0,
    "delta_prev_action": 0.014679496044444285,
    "global_step": 3833.0,
    "grad/norm/total": 0.2592754244804382,
    "last_eval_loss": 3.937287360429764,
    "last_obj_bpb": 1.0684903290122747,
    "last_train_loss": 2.9939373821020125,
    "num_phases_total": 3.0,
    "optim/adam_lr": 0.0049514975398778915,
    "optim/learning_rate": 0.01237874198704958,
    "prev_action_starcoder": 0.4062820012379255,
    "remaining_decisions": 0.0,
    "steps_since_last_eval_frac": 0.14557846906675986,
    "train_eval_gap": 0.9433499783277511
  }
}
