{
  "result": {
    "Baseline": 3.200423002243042
  },
  "name": {
    "Baseline": "sweep-130m-42B-nadamw6383f8lr0.008-wd0.1-minlr0-warmup2000-b10.9-d7e8d3"
  },
  "num_left": 0,
  "best_config": {
    "beta1": 0.95,
    "beta2": 0.98,
    "epsilon": 1e-10,
    "learning_rate": 0.008,
    "max_grad_norm": 1,
    "min_lr_ratio": 0,
    "nesterov": true,
    "train_batch_size": 256,
    "warmup": 2000,
    "weight_decay": 0.1
  },
  "min_loss": 3.200423002243042,
  "baseline": {
    "loss": 3.200423002243042,
    "wandb_id": "sweep-130m-42B-nadamw6383f8lr0.008-wd0.1-minlr0-warmup2000-b10.9-d7e8d3"
  }
}