{
  "variant": "dsp_phase_benefit_penalty_signed",
  "params": {
    "rho": [
      0.05423375629727596,
      0.6594446243110602,
      0.41164950293488245,
      0.4395116689442754,
      0.5206851017936769,
      0.1990204641872586,
      0.8130455962204507,
      1.9985299185920486,
      0.3743497463833795,
      0.8557008204397308,
      0.5066546874021622,
      0.735682838090988,
      0.6700086317758319,
      0.5646962826816208,
      2.0,
      0.6730045113814802,
      0.29571709697114434,
      0.09257239269230247,
      0.9862771682887265,
      0.48293906811149995,
      0.20111764648793368,
      0.47876310100844177,
      0.1950621043931523,
      0.5077775782917209,
      0.6570817108450708,
      0.2473281203401144,
      2.0,
      0.15459956302081326,
      0.8926368994560717,
      0.01072757855978903,
      0.555354914145393,
      0.02648451986686893,
      1.9680289429151552,
      0.008653690201297496,
      0.502875010833848,
      0.014019414375985018,
      0.24173327096201652,
      1.4046572054700612,
      0.0944491166564377
    ],
    "tau": [
      2.921841698110004,
      0.8194289606993335,
      1.610432515042342,
      0.0683192975492364,
      0.1247039439738543,
      -1.999447976518496,
      0.20698754468842528,
      0.7386331164319808,
      -0.2816482563912738,
      -0.5231079378564849,
      -0.3871304864278101,
      0.09274141185365505,
      0.2812766043658141,
      3.4286412613443593,
      0.5853775925243561,
      -0.13888792720276313,
      0.6666757787332035,
      -1.8285892564007658,
      3.1105708396855367,
      1.1751490194460423,
      1.2125543178299827,
      3.533520256539441,
      2.2406580380453187,
      1.5370543303977398,
      1.7429858725652683,
      -2.0,
      1.5316973968841703,
      1.8201965020384847,
      0.5169854108653199,
      2.5631800717240183,
      1.7404097486114583,
      -2.0,
      -2.0,
      4.247791113088407,
      6.424989853963628,
      4.404165239839008,
      2.738547814083633,
      -2.0,
      3.449611354172295
    ],
    "gamma": 1.702208036073679
  },
  "intercept": 0.7165371809497421,
  "benefit_coef": [
    0.009633765350172057,
    0.000225121896600452,
    0.0004387893129541402,
    0.0076402829938881835,
    0.006539855302178735,
    0.018487194218743012,
    9.189696594741593e-05,
    -0.0019296125900174295,
    0.0031748063890130883,
    0.004916392557486661,
    0.0035753149429117157,
    0.01791246448261411,
    0.0029923411410290777,
    0.0010910137316260805,
    -0.0011839457319116292,
    0.005089362568022621,
    0.0019839675164970965,
    0.123608426173362,
    -0.0051755768353791655,
    0.004956835723269871,
    -0.00017842810893903252,
    0.0028284802462597396,
    -0.004184490421178215,
    0.023365185113563572,
    0.0014324383141446852,
    0.03905422658136092,
    0.005825531307131656,
    -0.0005648860312132962,
    0.02958696275134394,
    0.0004503765019258924,
    0.04627382568819616,
    0.4433304803671592,
    0.021923971764247537,
    -0.019833083304889622,
    0.004351022961456825,
    -0.0282883430276737,
    0.0017019405779695829,
    0.02531055308394429,
    -0.008998544380642008
  ],
  "penalty_coef": [
    0.03771041750606284,
    0.011581584661890933,
    0.011630644445251685,
    0.010021768244355727,
    0.005729905828320342,
    0.00430548103172365,
    0.009267152363927875,
    0.010911198282805543,
    0.0036134960864560384,
    0.012836415578219183,
    0.00682824775208267,
    0.03751788089194717,
    0.017561863116391897,
    1.3766185117789316,
    0.00906439575358711,
    0.0102093615030754,
    0.010696281588527243,
    0.009245337553914632,
    0.651404316015822,
    0.019644807526183476,
    0.005561944974182879,
    0.4561120657528064,
    0.022610266536595557,
    0.14982867882151812,
    0.022458104941386323,
    0.005487518445784056,
    0.029791185102996855,
    0.01161123356389635,
    0.009327889121908331,
    0.00533769499592698,
    1.2417345080142712,
    0.006617242132132922,
    0.0005601245215404492,
    0.02221146337841303,
    10.128553639253981,
    0.19297675463138997,
    0.01720760901825974,
    0.010574281200571415,
    0.06905299734842697
  ],
  "metrics": {
    "variant": "dsp_phase_benefit_penalty_signed",
    "description": "Tests nonnegative-head assumption by using a signed ridge linear head.",
    "phase_mode": "benefit_gain",
    "retention_mode": "none",
    "penalty_mode": "log_softplus_squared",
    "linear_mode": "signed_ridge",
    "m_dependent_params_per_domain": 4,
    "total_param_count": 158,
    "fitted_gamma": 1.702208036073679,
    "fitted_gamma_benefit": 1.702208036073679,
    "fitted_gamma_saturation": 1.0,
    "fitted_gamma_penalty": 1.0,
    "fitted_lam": NaN,
    "train_rmse": 0.006709417979000486,
    "train_spearman": 0.9317607103348334,
    "train_pearson": 0.9374878782178448,
    "cv_rmse": 0.010177907589220773,
    "cv_mae": 0.007779069270092046,
    "oof_spearman": 0.8335092405254608,
    "oof_pearson": 0.8533129543109326,
    "cv_foldmean_regret_at_1": 0.005373954772949307,
    "cv_regret_at_1": 0.0,
    "lower_tail_optimism": 0.00574452479519478,
    "raw_predicted_optimum_value": 0.8240708355619317,
    "raw_nearest_observed_tv": 0.9077823796245249,
    "raw_nearest_observed_run_name": "run_00201",
    "raw_nearest_observed_value": 1.0943256616592407,
    "raw_phase0_support_gt_1e3": 2,
    "raw_phase1_support_gt_1e3": 1,
    "phase0_max_weight": 0.9875741698829229,
    "phase1_max_weight": 0.9999999969914037,
    "optimum_success": true,
    "optimum_message": "CONVERGENCE: NORM OF PROJECTED GRADIENT <= PGTOL"
  }
}
