{
  "variant": "dsp_effective_exposure_penalty_nnls",
  "params": {
    "rho": [
      0.7478519432569447,
      2.0,
      1.6262354071687113,
      2.0,
      1.7364031380901521,
      2.0,
      2.0,
      1.5971359209870049,
      2.0,
      2.0,
      1.7165006863896985,
      2.0,
      2.0,
      2.0,
      2.0,
      2.0,
      2.0,
      1.9869611234866247,
      1.4017473490003658,
      2.0,
      1.9241456675239679,
      1.9764580298370753,
      1.3435258506015484,
      2.0,
      2.0,
      2.0,
      1.8229585384496345,
      0.7428562825551368,
      0.3952943154575197,
      0.021949447951320235,
      1.856429828905798,
      1.6237967983495638,
      0.3076221074722239,
      0.08984899977887213,
      0.09761949430387085,
      1.1920416551963784,
      0.6735434892127355,
      0.46482577027173544,
      1.325655909452577
    ],
    "tau": [
      4.317429689459309,
      0.6412974343443428,
      1.883312486752045,
      1.815292354269172,
      1.8982827422017734,
      -0.7609112525208883,
      1.0740388384518609,
      1.6525195002539157,
      2.8813673191777207,
      1.3566656693085286,
      -0.040206163856181636,
      0.4043243063472527,
      -1.2124931975450501,
      0.24414437761406368,
      1.4803814105720023,
      -0.8737724548651853,
      1.1750237107736947,
      -0.23955598937481315,
      0.7556345346345028,
      2.682734161968725,
      2.7546933958693014,
      3.3551993318881936,
      1.7001919230212457,
      0.9161058810443028,
      2.4146134342906254,
      1.5270549811519198,
      2.617241669742565,
      4.107631369680869,
      2.134313844742413,
      4.025762460114523,
      0.0902029134199089,
      1.4126893615272442,
      3.344564775149415,
      5.543263690146774,
      4.145842769502661,
      6.11136040742748,
      3.8742053728094903,
      1.82743999355897,
      1.6363581711972124
    ],
    "gamma": 14.36223672393163
  },
  "intercept": 0.9401730815196186,
  "benefit_coef": [
    0.013712165840713705,
    0.0004848018035790969,
    0.0,
    0.0025728848375558546,
    0.010028081234551053,
    0.0011353794958902077,
    0.0,
    0.005795262667253447,
    0.004309159413174729,
    0.0,
    0.002363079578442231,
    0.0,
    0.0013391345919164111,
    0.005011301928321403,
    0.0,
    0.002683472120798477,
    0.0,
    0.0013895865986518837,
    0.0025078994173061368,
    0.000698840914696168,
    0.00283359821114597,
    0.008662552420958348,
    0.0,
    0.0,
    0.0,
    0.0,
    0.006695063748998169,
    0.0,
    0.025628459813406355,
    0.006324089696558604,
    6.643315395432386e-05,
    0.0024888957539771646,
    0.025869453857730026,
    0.0,
    0.02151636403206201,
    0.0029321606222451166,
    0.0,
    0.014295011686331922,
    0.0
  ],
  "penalty_coef": [
    0.010409265151153037,
    0.002624571460112363,
    0.004384394262294941,
    0.009587629676601948,
    0.005110374517801242,
    0.001988008914845008,
    0.00505516332904268,
    0.01016679312212547,
    0.016862634256624875,
    0.013745311925375776,
    0.0023520645129871606,
    0.007372893891337693,
    0.002018327248920687,
    0.003535450102842704,
    0.00559942574532723,
    0.0018084215535445632,
    0.004478304380246034,
    0.004646738354786561,
    0.00535096907745772,
    0.02345940478873345,
    0.00562885832136098,
    0.04205911165378609,
    0.0035470637922730146,
    0.0025990427565457243,
    0.0075268043262499435,
    0.005128158505718884,
    0.009552448663246267,
    0.03096898341703862,
    0.0,
    0.0061212444719746986,
    0.013106949597793714,
    0.0016203258782572284,
    0.01792346261518695,
    0.030539107589009993,
    0.009326860486339896,
    0.34673803064749575,
    0.006156457105116259,
    0.06178255888215065,
    0.0034574709477480097
  ],
  "metrics": {
    "variant": "dsp_effective_exposure_penalty_nnls",
    "description": "Empirical comparator: phase-1 multiplier enters exposure for benefit and penalty.",
    "phase_mode": "effective_exposure",
    "retention_mode": "none",
    "penalty_mode": "log_softplus_squared",
    "linear_mode": "nnls",
    "m_dependent_params_per_domain": 4,
    "total_param_count": 158,
    "fitted_gamma": 14.36223672393163,
    "fitted_gamma_benefit": 0.0,
    "fitted_gamma_saturation": 14.36223672393163,
    "fitted_gamma_penalty": 14.36223672393163,
    "fitted_lam": NaN,
    "train_rmse": 0.005012930456592681,
    "train_spearman": 0.9575045479735533,
    "train_pearson": 0.9627715156009375,
    "cv_rmse": 0.00710622624626826,
    "cv_mae": 0.00561791570753439,
    "oof_spearman": 0.9196449172558817,
    "oof_pearson": 0.924731197265555,
    "cv_foldmean_regret_at_1": 0.0010215401649475097,
    "cv_regret_at_1": 0.0006219148635864258,
    "lower_tail_optimism": 0.004280037782386002,
    "raw_predicted_optimum_value": 0.8397185149829995,
    "raw_nearest_observed_tv": 0.49999999999999994,
    "raw_nearest_observed_run_name": "baseline_stratified",
    "raw_nearest_observed_value": 0.9688005447387696,
    "raw_phase0_support_gt_1e3": 20,
    "raw_phase1_support_gt_1e3": 2,
    "phase0_max_weight": 0.27177994887114376,
    "phase1_max_weight": 0.9321157689315951,
    "optimum_success": true,
    "optimum_message": "CONVERGENCE: NORM OF PROJECTED GRADIENT <= PGTOL"
  }
}
