{
  "target": "eval/uncheatable_eval/bpb",
  "rows": 641,
  "domains": 39,
  "model_count": 11,
  "ridge_grid": [
    1e-08,
    1e-07,
    1e-06,
    1e-05,
    0.0001,
    0.001,
    0.01,
    0.1,
    1.0,
    10.0,
    100.0,
    1000.0,
    10000.0
  ],
  "constants": {
    "n0": 102648576.0,
    "d0": 5999951872.0,
    "alpha": 0.154791,
    "beta": 0.146425,
    "gamma": 0.014295,
    "delta": 1.063376
  }
}
