{
  "variant": "dsp_benefit_effective_exposure_nnls",
  "params": {
    "rho": [
      0.10691508277727585,
      0.7672932406882317,
      0.8235608249291643,
      1.1814841907766425,
      1.7098855996772448,
      0.874264021576948,
      1.0,
      1.931706556540141,
      1.8363580603815608,
      1.0622570382475665,
      1.0271770155426754,
      1.10855731662974,
      1.0,
      0.9999939463212874,
      1.2628318725790444,
      1.151782462864609,
      0.9741939945094009,
      0.9828517316045164,
      1.6825322529642035,
      0.8429192415983231,
      0.30524896048366096,
      1.1000034826826464,
      0.6717629253007742,
      0.2903048601346143,
      0.9818734109009669,
      1.1916946622588576,
      0.7077265556502713,
      0.6251655420290897,
      0.31895970707170723,
      0.016189583987442413,
      0.9716577414306962,
      1.9117082011007334,
      0.25301762800516897,
      0.05490628213789244,
      0.09007776319489963,
      0.7950944600518216,
      0.302307067594661,
      0.25912383827706814,
      0.6817426418039837
    ],
    "tau": [
      3.5696890458570274,
      0.23726915537384768,
      1.2719204760498866,
      1.795803993870571,
      1.0060694052749741,
      -1.1555557917717405,
      1.0539193582768127,
      2.0838326623069356,
      3.1587859699710013,
      0.789356535029159,
      -0.5704294777851214,
      0.6470201970369182,
      -1.3687025224032132,
      1.3462168331360198,
      -0.19216714946381863,
      -0.8211624878376294,
      1.6622566324571824,
      -0.9077721678301569,
      0.4173161483900278,
      2.5789127438255215,
      2.5369643433018965,
      3.5901699697540406,
      0.22506212104122533,
      0.5812635036164762,
      1.9850696341461949,
      0.8972823298002107,
      2.0603136776324047,
      3.378378368395866,
      1.5564145841345964,
      2.48901089031999,
      -0.5286792245593225,
      0.9737424090681972,
      2.431708047531359,
      5.274149733438192,
      3.6214444936404218,
      7.201281560030242,
      3.363027855319789,
      1.245331001877134,
      1.3107584400130716
    ],
    "gamma_benefit": 0.0042332982612139055,
    "gamma_effective": 13.984557779683811
  },
  "intercept": 0.9376256783455218,
  "benefit_coef": [
    0.00693846247279697,
    0.0017223858261164024,
    0.0,
    0.0016630584250881205,
    0.012516091571796126,
    0.0,
    0.0,
    0.005055733237138008,
    0.003258527741335421,
    0.0013268587983074533,
    0.002304692232375984,
    0.0,
    0.0,
    0.0,
    0.0,
    0.0031456471901817377,
    0.0,
    0.002392874253798198,
    0.0040765806886914665,
    0.0006615710115198928,
    0.0008117471689348979,
    0.005606709310031638,
    0.0,
    0.0,
    0.0,
    0.0,
    0.003863435901177749,
    0.0,
    0.026917310547583784,
    0.018064974056721677,
    0.0,
    0.002591139578419204,
    0.029910366637526966,
    0.0,
    0.02160364344953024,
    0.0011779664282396236,
    0.0,
    0.03901432036299945,
    0.0004297407613718255
  ],
  "penalty_coef": [
    0.003973189196445263,
    0.0017623859722487385,
    0.002222020934152202,
    0.008050028272579696,
    0.0019815301246819948,
    0.0012503055027548227,
    0.004042325622111926,
    0.014091261373331165,
    0.020568684924710236,
    0.005795886510731757,
    0.0015506564812121394,
    0.007247739107286024,
    0.0015481601446076167,
    0.006564637733725103,
    0.001641478756320669,
    0.0016248265601082987,
    0.005724725100769481,
    0.002797211069105444,
    0.003715030463372567,
    0.01685349122119435,
    0.003536070973960297,
    0.053048782900142595,
    0.001290622719783328,
    0.000697596439581325,
    0.003609230164951792,
    0.001214623813016135,
    0.0031304199225302577,
    0.00961792716021888,
    0.0,
    0.002971832491022674,
    0.006197154688467639,
    0.0,
    0.006416961297875169,
    0.02013737909678564,
    0.004068974565972578,
    2.3452177217608896,
    0.0016438306098862413,
    0.04151146227586177,
    0.0022896560082452137
  ],
  "metrics": {
    "variant": "dsp_benefit_effective_exposure_nnls",
    "description": "Canonical benefit premium plus one tied effective-exposure multiplier for saturation and penalty.",
    "phase_mode": "benefit_effective_exposure",
    "retention_mode": "none",
    "penalty_mode": "log_softplus_squared",
    "linear_mode": "nnls",
    "m_dependent_params_per_domain": 4,
    "total_param_count": 159,
    "fitted_gamma": NaN,
    "fitted_gamma_benefit": 0.0042332982612139055,
    "fitted_gamma_saturation": 13.984557779683811,
    "fitted_gamma_penalty": 13.984557779683811,
    "fitted_lam": NaN,
    "train_rmse": 0.005067687598897018,
    "train_spearman": 0.9589676893838845,
    "train_pearson": 0.9619375977047309,
    "cv_rmse": 0.0071121683091192114,
    "cv_mae": 0.00570546117839095,
    "oof_spearman": 0.9207786825038178,
    "oof_pearson": 0.9242103378835977,
    "cv_foldmean_regret_at_1": 0.0010215401649475097,
    "cv_regret_at_1": 0.0006219148635864258,
    "lower_tail_optimism": 0.0035494243275216246,
    "raw_predicted_optimum_value": 0.8547195970545821,
    "raw_nearest_observed_tv": 0.49999999999999983,
    "raw_nearest_observed_run_name": "baseline_stratified",
    "raw_nearest_observed_value": 0.9688005447387696,
    "raw_phase0_support_gt_1e3": 17,
    "raw_phase1_support_gt_1e3": 3,
    "phase0_max_weight": 0.2667981035441537,
    "phase1_max_weight": 0.9018515878962151,
    "optimum_success": true,
    "optimum_message": "CONVERGENCE: NORM OF PROJECTED GRADIENT <= PGTOL"
  }
}
