{
  "variant": "dsp_penalty_phase_only_nnls",
  "params": {
    "rho": [
      0.024529803812767672,
      0.10851654090676792,
      0.07145284812655923,
      0.1596965981630631,
      0.07599669926944425,
      0.06983808011776756,
      0.12458333406986681,
      0.11960835121908454,
      0.09316517342299474,
      0.09555474903989583,
      0.14110770795803546,
      0.12281966126305341,
      0.11419795869742382,
      0.14170393143694035,
      0.0940542526033557,
      0.09394190983837508,
      0.09525413057378442,
      0.12132966259322808,
      0.13466970449030202,
      0.10211478234015149,
      0.048901433919416315,
      0.14723308175993552,
      0.08373418858116898,
      0.17550814845102075,
      0.10863235621131123,
      0.11130137325861574,
      0.13578021686739916,
      0.0671857101454763,
      0.14455799867714036,
      0.0027827427645368387,
      0.12900908187778307,
      0.06834266186272484,
      0.07567038657813019,
      0.0056530496627066424,
      0.02993393909244798,
      0.03045006428336259,
      0.02446849629611131,
      0.12641408579313054,
      0.08360600971544445
    ],
    "tau": [
      1.2382342346977413,
      -0.0955129834633837,
      0.6403022128854642,
      0.19270471042325665,
      -0.18912573851162395,
      -0.8898979363054769,
      0.18945689773111762,
      -0.09108282970999372,
      0.14673682760656037,
      -1.0048977166187514,
      0.3479576540169154,
      -0.7170779099326186,
      -0.7398612543168956,
      0.0994323212469768,
      0.0904946583178902,
      -0.3816521095779124,
      -0.3286339609266323,
      -0.38482381174170444,
      -0.09652483503535657,
      0.03253225068946973,
      0.23980348399299656,
      0.7740442030598899,
      0.5666418149131631,
      0.5750503242427903,
      -0.04550368797686036,
      -0.555650986297762,
      -0.7472337313428781,
      1.1366433053674718,
      -0.7167829651875309,
      4.443730421988572,
      -0.8041012756188219,
      -0.7936567698449631,
      -0.02922936529999669,
      4.331017811768091,
      1.255683948821869,
      1.2044731258149444,
      0.7455025252815446,
      -0.48918095071553414,
      1.1737306606670406
    ],
    "gamma_penalty": 0.11252677359472084
  },
  "intercept": 0.1703894275721478,
  "benefit_coef": [
    0.23107366765692905,
    0.08444577113243193,
    0.05986590127197886,
    0.0878765212232415,
    0.11950447744638662,
    0.47307719482002564,
    0.04268446442344201,
    0.04122176960076719,
    0.07237992826599644,
    0.41170789719489775,
    0.08139640777948784,
    0.464666221889116,
    0.15226439361392236,
    0.10743045925910703,
    0.05906973637949598,
    0.252020873433762,
    0.05724323662021258,
    0.3380805540945908,
    0.051690994232686166,
    0.16456292252017907,
    0.08262112223408773,
    0.061402657262797936,
    0.004051460593124375,
    0.20841440498523658,
    0.054746866884122336,
    0.2757016787690562,
    0.16121885352832663,
    0.03447080602917937,
    0.429222265642078,
    0.0,
    1.0733174417844284,
    0.6128295894303755,
    0.6519948300988089,
    0.0027540278686083142,
    0.18470222278977344,
    0.0843825374799174,
    0.1587619985960372,
    0.7765118499722865,
    0.03176175389312867
  ],
  "penalty_coef": [
    0.027583372326917512,
    0.014077179848941884,
    0.013007201889553606,
    0.026386435710291124,
    0.013243201147250227,
    0.027670025389890218,
    0.014596473250496412,
    0.012099456344624303,
    0.01173308374351765,
    0.029654381584131098,
    0.029034677015673045,
    0.049233755272506056,
    0.01942607329862415,
    0.029276993772824066,
    0.013329977784189519,
    0.027253397728673967,
    0.009086573622314069,
    0.050105499130247554,
    0.015619482402755215,
    0.025133363219540888,
    0.00870380730634375,
    0.025241399405283405,
    0.004385750920768988,
    0.10880719311943486,
    0.009492958868162446,
    0.029811414900565953,
    0.017489820652441142,
    0.01177325265356029,
    0.04194557870978076,
    0.025864648203305547,
    0.10910861072118959,
    0.03275707137275705,
    0.06266908150023112,
    0.03148955297662235,
    0.023918255793002243,
    0.01279111906808212,
    0.012947471745356572,
    0.09183152890383586,
    0.014470606717328038
  ],
  "metrics": {
    "variant": "dsp_penalty_phase_only_nnls",
    "description": "Tests whether phase effects are mainly faster phase-1 overexposure penalty.",
    "phase_mode": "penalty_only",
    "retention_mode": "none",
    "penalty_mode": "log_softplus_squared",
    "linear_mode": "nnls",
    "m_dependent_params_per_domain": 4,
    "total_param_count": 158,
    "fitted_gamma": NaN,
    "fitted_gamma_benefit": 0.0,
    "fitted_gamma_saturation": 1.0,
    "fitted_gamma_penalty": 0.11252677359472084,
    "fitted_lam": NaN,
    "train_rmse": 0.00664757704708238,
    "train_spearman": 0.94397303010405,
    "train_pearson": 0.9335439624746817,
    "cv_rmse": 0.01085527152798088,
    "cv_mae": 0.008264678450525982,
    "oof_spearman": 0.8310757518603615,
    "oof_pearson": 0.8209820248951609,
    "cv_foldmean_regret_at_1": 0.0009761810302734153,
    "cv_regret_at_1": 0.004677474498748779,
    "lower_tail_optimism": 0.005568896718823522,
    "raw_predicted_optimum_value": 0.6924330113706005,
    "raw_nearest_observed_tv": 0.5,
    "raw_nearest_observed_run_name": "baseline_stratified",
    "raw_nearest_observed_value": 0.9688005447387696,
    "raw_phase0_support_gt_1e3": 15,
    "raw_phase1_support_gt_1e3": 2,
    "phase0_max_weight": 0.8093639857708155,
    "phase1_max_weight": 0.5658828138590487,
    "optimum_success": true,
    "optimum_message": "CONVERGENCE: NORM OF PROJECTED GRADIENT <= PGTOL"
  }
}
