{
  "benefit_coef": [
    0.18674636412832915,
    0.0,
    0.0,
    0.0243703764845418,
    0.051965965145973854,
    0.0,
    0.0,
    0.017237076328896202,
    0.06413410888799077,
    0.0,
    0.0,
    0.0,
    0.021492228173137406,
    0.0,
    0.0,
    0.018741249092225104,
    0.07331596888509641,
    0.0,
    0.0,
    0.1705971726844943,
    0.018883398949800664,
    0.07346808716768549,
    0.0,
    0.08564991579482467,
    0.0,
    0.0,
    0.12707570282674466,
    0.019495836581206266,
    0.39675498579938034,
    1.606929378633074,
    0.0,
    0.028117407620068757,
    0.3379948023145545,
    0.20050664314383562,
    0.5609961566862137,
    0.0,
    0.0,
    0.34888138967874754,
    0.027374573801287896
  ],
  "intercept": -2.2545306783263035,
  "params": {
    "gamma": 9.231095327914629,
    "rho": [
      0.13822854876170335,
      1.0328442264670246,
      0.780888019972382,
      0.9064228280499058,
      0.2685034522260194,
      1.0808781681867279,
      0.8536489841052134,
      0.41516466588818246,
      1.8749342120739236,
      0.9953136101061174,
      1.0401856210658997,
      0.9279607148954372,
      0.7453327788223709,
      1.0493109524381161,
      0.9014433809876627,
      0.8694016464179921,
      1.1027509573745085,
      1.087892796675157,
      0.8760421485159497,
      0.159042656967331,
      0.37681772786307605,
      1.6106915483975963,
      0.7279602366268831,
      0.2899084108090624,
      1.0237798048766713,
      1.1125635964504272,
      1.3008508024581094,
      0.8540831339598003,
      2.0,
      0.019536015564936244,
      0.8121277982414324,
      0.75543694792064,
      1.8248219354867072,
      0.016024692083008014,
      0.11529187150012457,
      0.18810682863606956,
      0.3589029712472275,
      1.0511090848693676,
      0.5175418527496013
    ],
    "tau": [
      2.5037172896142073,
      1.9942299667657255,
      2.051249884095954,
      1.8363047904562952,
      3.191126704395404,
      -1.3019317735398062,
      0.9379007187344178,
      2.464670018600148,
      3.522446718089308,
      0.10195920075959881,
      1.1852003774787347,
      0.8024500585648975,
      -1.2398027200742956,
      1.7240505335703775,
      2.2851953355314287,
      -0.0835251293923587,
      0.6551739846574753,
      -0.14826665685419674,
      0.49715624988545,
      2.4009038517201757,
      3.696286209174408,
      4.256713036919156,
      2.285425005964348,
      1.1804319319662573,
      2.7639802859395752,
      1.1147904294728783,
      1.8697049971626702,
      2.7143245998253396,
      1.8021979906448387,
      0.4373745467016072,
      0.3190156500619481,
      1.248259056603202,
      2.9368345212766793,
      4.884402598605206,
      3.0803879127808496,
      6.263983669451154,
      3.137569263235137,
      0.8259256987140352,
      2.146730959145348
    ]
  },
  "penalty_coef": [
    0.10705885422378594,
    0.2610198757594744,
    0.16227195937597982,
    0.2645184980828148,
    0.792042555020805,
    0.042936053450363665,
    0.14085273972654883,
    1.046905158625148,
    1.6925113229403925,
    0.08252987191040585,
    0.19360933404594777,
    0.40973946553272317,
    0.06492284827943991,
    0.37354769136128113,
    0.41996959089389235,
    0.0660994824226792,
    0.10401172035698768,
    0.10883445005830499,
    0.12386993383377778,
    0.5427421818602266,
    0.6395324713154669,
    7.170137572238892,
    0.18331584077385016,
    0.0,
    0.38572251541686914,
    0.06374682339677622,
    0.1216022420653664,
    0.22041602545930275,
    0.16384662020370938,
    0.08394615479883885,
    0.24355053335041382,
    0.0,
    0.5324806179382018,
    0.7254618196378251,
    0.12675238588597873,
    15.992053671597287,
    0.12195252725858705,
    0.5700386632257137,
    0.20596847961505574
  ],
  "target_id": "issue5416_aggregate",
  "variant": {
    "description": "Empirical comparator: phase-1 multiplier enters exposure for benefit and penalty.",
    "linear_mode": "nnls",
    "name": "dsp_effective_exposure_penalty_nnls",
    "penalty_mode": "log_softplus_squared",
    "phase_mode": "effective_exposure",
    "retention_mode": "none"
  }
}
