{
  "benefit_coef": [
    0.7697729940443574,
    0.0,
    1.6811981925299988,
    0.0,
    0.0,
    0.6628620290788512,
    0.02139158007326555,
    0.0,
    0.4909751766871318,
    0.0,
    0.0,
    0.0,
    0.3838861810793522,
    0.5367181074153115,
    0.1887769428880075,
    3.7869556063822993,
    0.19454456307142343,
    0.0,
    0.5564145035357795,
    0.0,
    0.10531281821948647,
    0.0,
    0.2542765374970495,
    0.0,
    0.0,
    0.0,
    0.037113955072279284,
    0.0,
    1.012825747583344,
    0.0,
    1.022908895077617,
    0.0,
    0.0,
    0.0,
    0.0,
    0.0,
    0.3687492088272576,
    1.2792313600460872,
    0.0
  ],
  "intercept": 5.087548139692435,
  "params": {
    "gamma": 100.00000000000004,
    "rho": [
      0.25636137092682565,
      2.0,
      1.8037661347639955,
      2.0,
      1.7597734985021902,
      1.9713421339001702,
      2.0,
      2.0,
      1.273236801640812,
      2.0,
      2.0,
      2.0,
      2.0,
      1.9102402433419974,
      1.344693210881166,
      2.0,
      1.8866549042055272,
      2.0,
      1.9989807331206482,
      2.0,
      2.0,
      2.0,
      2.0,
      2.0,
      2.0,
      1.6019990390013155,
      0.1618336517014356,
      1.1297029425865297,
      1.9811014221170122,
      0.057573949646307104,
      0.18172037946156247,
      2.0,
      2.0,
      0.27238829700069317,
      0.5929491333039935,
      0.5865250896225694,
      0.4713940599159116,
      1.7296677731583285,
      1.3408232081016702
    ],
    "tau": [
      2.3155954657395355,
      3.607640784048504,
      1.284788089103186,
      3.860199559930368,
      3.5946420650199626,
      -0.06884500574155128,
      1.1315342740570156,
      2.2605557364391484,
      1.778233619513444,
      1.6935968994128496,
      4.07675751900166,
      1.554227910674007,
      -2.0,
      2.358297739593183,
      3.4041638223819572,
      0.35118693771884946,
      2.310585280779214,
      3.5884337827631443,
      0.3016430898569944,
      2.374332463885886,
      3.1074120831762926,
      3.9351541759198705,
      1.88951427887434,
      3.3178278285700378,
      3.3867357810430465,
      2.0884143018695767,
      2.191581509590912,
      3.1114426172134406,
      1.164082631518481,
      5.525540678592376,
      1.294858106793166,
      2.7771551743092697,
      2.5841418507046843,
      6.352907310572067,
      2.9603724787394907,
      4.647049397956809,
      4.352991715567958,
      1.394838550519715,
      0.7744124669403619
    ]
  },
  "penalty_coef": [
    0.054502553321517315,
    0.1864234521399688,
    0.032214245116922294,
    0.49662821920422373,
    0.12813246505635337,
    0.0535963514380588,
    0.04497686859223384,
    0.11216978398411899,
    0.033236672264580665,
    0.10718493465508377,
    0.838021315249019,
    0.1620468714824071,
    0.03443454691481236,
    0.11912934089220785,
    0.11746747306789738,
    0.055934405151705106,
    0.06515171050874738,
    1.3767563325213839,
    0.04027016345269754,
    0.05022854402908904,
    0.08025378218100607,
    0.3908086127405639,
    0.04507982735132459,
    0.2968749041708881,
    0.0975702527663661,
    0.04717521617244029,
    0.0,
    0.01462073351679685,
    0.07855602726389044,
    0.1044442776160559,
    0.6503132374890329,
    0.20007176054419704,
    0.12424722007347494,
    0.8976813437736068,
    0.030715140619411316,
    0.18757215709657554,
    0.07291732531681927,
    0.0,
    0.026966453180367847
  ],
  "target_id": "item__lm_eval/arc_challenge_5shot/choice_logprob",
  "variant": {
    "description": "Empirical comparator: phase-1 multiplier enters exposure for benefit and penalty.",
    "linear_mode": "nnls",
    "name": "dsp_effective_exposure_penalty_nnls",
    "penalty_mode": "log_softplus_squared",
    "phase_mode": "effective_exposure",
    "retention_mode": "none"
  }
}
