{
  "benefit_coef": [
    0.16033221956053398,
    13.924816758040324,
    0.4562826488168105,
    1.4034504158951375,
    0.0,
    0.5151534976074202,
    0.0,
    0.029577610933658984,
    0.0,
    0.0,
    0.3131327221432062,
    28.076635869160622,
    1.9630293599681778,
    0.0,
    0.0,
    0.0,
    0.041629999701044196,
    1.7759056629407248,
    0.0,
    0.4218363760619063,
    0.5533103948680459,
    3.3974812862672445,
    0.0,
    0.0,
    0.29253311000276716,
    0.0,
    0.0,
    0.09028559866569569,
    0.0,
    0.0,
    0.0,
    0.09361737395716604,
    0.053293571745230334,
    0.0,
    0.0,
    0.0,
    0.0,
    0.6422599762094114,
    0.11366337360176597
  ],
  "intercept": -7.572318550022617,
  "params": {
    "gamma": 0.05939585417412626,
    "rho": [
      0.10968931797487932,
      0.06181646513724048,
      0.3271596522448265,
      0.24946122429782827,
      0.25,
      0.25344834565415403,
      0.25,
      0.2538522189579627,
      0.25,
      0.24638954154274376,
      0.22138208705347928,
      0.2902378291351903,
      0.24216399596908098,
      0.25,
      0.250783762963369,
      0.25,
      0.2563414671493107,
      0.25097901803019795,
      0.2486641185723745,
      0.16605757811278407,
      0.11657369120896513,
      0.1842136720921838,
      0.16763373886623717,
      0.25,
      0.3957048530285771,
      0.25,
      0.25,
      0.13663254659988436,
      0.25,
      0.005588341258522776,
      0.25,
      0.25191628843583624,
      0.2459972107207559,
      0.011329269647155785,
      0.07411864166299918,
      0.07331563620282117,
      0.083979578099146,
      0.26908880893383286,
      0.1953628980303838
    ],
    "tau": [
      1.810486740148977,
      1.8147385619514578,
      1.2111450351388215,
      0.4558459044775614,
      1.4200838184504099,
      0.25470606011934455,
      0.7502969306562944,
      0.562162323441728,
      1.0090889656829833,
      -0.010305786329995492,
      0.4979589514432333,
      -0.10277169252290182,
      0.18763205805273053,
      0.41229191299533297,
      0.936787904565621,
      0.2445552278526745,
      0.9340476811188249,
      0.01727066593796662,
      0.3376942120349112,
      0.5430888537758336,
      1.7792169939516684,
      1.006722759556977,
      2.965091576103016,
      0.1892180440239159,
      0.9355274404794363,
      0.37505951458348613,
      0.6915861008788086,
      1.7404953093606335,
      0.5209609129397488,
      4.5775204735747055,
      -0.35153564940335214,
      0.21352875002735194,
      0.5283365212072931,
      4.378815715544562,
      2.59703082502304,
      2.9272731726318346,
      1.297218655509493,
      -0.10147064829263873,
      1.399854535408848
    ]
  },
  "penalty_coef": [
    0.20949144493419783,
    10.276616137563598,
    0.18898851154013283,
    0.5054948751914218,
    0.030360652566103676,
    0.28073728293462563,
    0.09854676620197819,
    0.0,
    0.08792637005087846,
    0.001112110552272509,
    0.0,
    8.808591520306182,
    1.035473308116671,
    0.027070023692079406,
    0.19578782856294638,
    0.19321323425690998,
    0.08552759885547892,
    1.0494658164885615,
    0.02589877959035573,
    0.0,
    0.4059666151036995,
    1.7258361334447456,
    2.5970460872231325,
    0.17404592886659484,
    0.1965397185316424,
    0.45365038418273523,
    0.0,
    0.0,
    0.044147894298162904,
    0.46823084436762374,
    0.3495558541650506,
    0.0,
    0.1143353435756116,
    0.270941861915774,
    0.2904228517562015,
    0.36887742868347057,
    0.09512827332372169,
    0.0,
    0.07248446684270693
  ],
  "target_id": "item__lm_eval/boolq_10shot/choice_logprob",
  "variant": {
    "description": "Empirical comparator: phase-1 multiplier enters exposure for benefit and penalty.",
    "linear_mode": "nnls",
    "name": "dsp_effective_exposure_penalty_nnls",
    "penalty_mode": "log_softplus_squared",
    "phase_mode": "effective_exposure",
    "retention_mode": "none"
  }
}
