{
  "benefit_coef": [
    0.0,
    0.0,
    0.0,
    0.0,
    0.08172585737050161,
    0.11316066139368725,
    0.0,
    0.0,
    0.2993561221056871,
    0.0,
    0.0,
    0.0,
    0.03671205560075178,
    0.044703737747082056,
    0.0,
    0.25159917107658303,
    0.0,
    0.0,
    0.11425847528483514,
    0.2871130753021152,
    0.01894015843364576,
    0.4460351288122122,
    0.0,
    0.0,
    0.0,
    0.0,
    0.0,
    0.42566654935965653,
    159.1729081174594,
    0.21174505906062024,
    0.0,
    0.0,
    2.381746018796492,
    0.0,
    14.819543901836195,
    0.0,
    0.0,
    0.23600597200328208,
    0.15156905876394422
  ],
  "intercept": -5.467821336312598,
  "params": {
    "gamma": 15.12251647193724,
    "rho": [
      1.3755646016321477,
      2.0,
      1.665230208351827,
      2.0,
      1.9059207115353904,
      1.991699578421879,
      1.9629007309391209,
      2.0,
      2.0,
      1.9312735122307616,
      1.999999108181593,
      1.8957937817918387,
      2.0,
      2.0,
      1.7584948161894478,
      1.8872582365330963,
      1.6705482430330736,
      1.9999999973650182,
      1.9999974801842308,
      2.0,
      1.344650234659842,
      2.0,
      1.5540081326214021,
      2.0,
      1.7835923564867604,
      2.0,
      1.696644988550301,
      1.8787164762072472,
      0.0016138633658587618,
      0.04112543405888489,
      1.8636070131701685,
      1.999997385466855,
      0.12498758594612903,
      0.08926077861091324,
      0.00608044365239835,
      0.6815408977401437,
      0.753513361804238,
      0.7317905841994724,
      0.549196262389366
    ],
    "tau": [
      3.2527700000370188,
      1.0937146367101975,
      2.588369670076139,
      1.4123435714833525,
      2.241413692005224,
      -0.7920737050020499,
      2.8567653270598377,
      2.5797930287551183,
      2.4534936182134888,
      0.2437387073205008,
      0.9147157332481954,
      0.4264993742982254,
      -0.21779510884247086,
      0.8714970552589991,
      1.0944326298733722,
      -0.7749146066552548,
      2.5539764239445173,
      0.6925662663191401,
      0.6699322524741077,
      1.541932568342408,
      2.8110337007675708,
      2.573213549171025,
      1.5018339195415045,
      0.12169304669286984,
      1.9259432107176453,
      0.05280772668361912,
      2.415660175536305,
      2.470338430397367,
      2.6542956148150822,
      4.419470432637145,
      -0.3086505999728093,
      1.02167810133846,
      1.6052565914700077,
      4.6197753744724235,
      3.098326708121477,
      4.007474240227853,
      4.676045234301596,
      1.9323351625270646,
      3.154527292150411
    ]
  },
  "penalty_coef": [
    0.3868232481450026,
    0.20146376697474722,
    0.3889706817103102,
    0.41074384666463926,
    0.38466806882302756,
    0.11208195998126758,
    1.7576633819595469,
    1.350214844091982,
    0.45526531086758143,
    0.2814451519922283,
    0.22695365635669118,
    0.4289819910025054,
    0.15409427579243046,
    0.26760127537378425,
    0.18377551111670984,
    0.11620693532526326,
    0.7861400980717133,
    0.49386231021270766,
    0.2610914378366255,
    0.44932360675538696,
    0.34774292543247926,
    0.7318098967492951,
    0.1417893300083315,
    0.19303880389652955,
    0.26389247307144487,
    0.1545315758723025,
    0.7819245433658539,
    0.15297767289265543,
    4.224515128020325,
    0.2739674663870272,
    0.6526915407369558,
    0.3223882909281264,
    0.3457662266498885,
    0.4076396978245434,
    1.987702804609645,
    0.6756664330846691,
    0.7173926025739061,
    3.343454275517371,
    0.0
  ],
  "target_id": "item__teacher_forced/humaneval_10shot_canonical_solution/bpb",
  "variant": {
    "description": "Empirical comparator: phase-1 multiplier enters exposure for benefit and penalty.",
    "linear_mode": "nnls",
    "name": "dsp_effective_exposure_penalty_nnls",
    "penalty_mode": "log_softplus_squared",
    "phase_mode": "effective_exposure",
    "retention_mode": "none"
  }
}
