{
  "benefit_coef": [
    0.608149537611596,
    0.0,
    0.29579200218068885,
    0.260142001150167,
    0.2888499651391924,
    0.009296616621085614,
    0.0,
    0.0,
    0.0,
    0.27928332637159076,
    0.0,
    0.0,
    0.0,
    0.14161880660909837,
    0.05575168941040465,
    0.7193185756399083,
    0.03051619739824231,
    0.03176543472485124,
    0.3511083174526822,
    15.101131467476751,
    0.5688314793281251,
    0.0,
    0.0,
    0.0,
    0.0077559022754781,
    0.12645607350334354,
    0.3464726125464123,
    0.16971091613634437,
    0.5940266893541615,
    4.732659100533577,
    0.0,
    0.20618084109971369,
    0.0,
    0.0,
    0.0,
    1.4984976063997955,
    0.0,
    1.2109248042775673,
    0.0
  ],
  "intercept": -4.2904311456790785,
  "params": {
    "gamma": 9.231359310166283,
    "rho": [
      0.1525041949687981,
      0.5024286965137429,
      0.5318297939455278,
      0.8803377631692667,
      0.4637164432776098,
      0.38187129586865554,
      1.0552257485125225,
      0.7849040988001023,
      0.3283446773298905,
      0.225046954139278,
      0.3389689680907779,
      0.5458960513705742,
      0.0877876778037559,
      0.32543087354918465,
      0.17353034398146766,
      0.25018917188449263,
      0.303525769884924,
      0.4250266593297407,
      1.5733987235221676,
      0.0067970787813996245,
      0.05234372165574098,
      0.5234232779976973,
      0.5219155222713754,
      0.8046149253841981,
      0.21343004795037746,
      0.5211605957766636,
      1.403193820862456,
      0.18050130871140485,
      0.41309471764533745,
      0.030064416825641968,
      0.2261908040171309,
      0.31052036550363343,
      0.46864215137317605,
      0.03979444625878791,
      0.1638337044812381,
      0.007083046350611869,
      0.12322358646256298,
      2.0,
      0.6555520109393548
    ],
    "tau": [
      1.047617525316418,
      0.24405022042166724,
      3.4279283568216026,
      0.6151642258796335,
      1.8011177078200513,
      1.9787990133429818,
      2.4988786054953485,
      1.097574842924482,
      3.1934678706560744,
      1.5577204192830671,
      1.1518096150547736,
      0.8998879736844606,
      -1.685998389578929,
      1.1331985401712117,
      0.6893032943096751,
      -0.20321660855296544,
      -0.5972764602595587,
      0.8181298710064083,
      -0.13678557802848582,
      0.9535771137011657,
      1.7763812459194626,
      3.647410838544547,
      0.8267014652950192,
      1.034857485703586,
      1.5264222338125282,
      0.8467734177115134,
      0.8670937674018498,
      2.6790078146138088,
      -0.6359648775649204,
      -1.2888036603664434,
      -1.2124081003057325,
      1.0032592352794063,
      2.1320907283570234,
      7.222215137993674,
      2.2895195875199366,
      6.2812875560320105,
      1.0220689351591006,
      -0.2846456416539238,
      5.879816567435404
    ]
  },
  "penalty_coef": [
    0.1636652334183017,
    0.022255258060237305,
    1.1677483766104653,
    0.15705279171587103,
    0.24334135062575685,
    1.5996860528182353,
    1.4537650491594616,
    0.3340241610920241,
    1.5568330540939586,
    0.0,
    0.026896363104314886,
    0.8136451289169352,
    0.1179549747251279,
    0.3128378807935002,
    0.1565703012669951,
    0.20462774538002595,
    0.06840468933116406,
    0.5352808745587101,
    0.14447637985728057,
    0.0,
    0.00633298059334413,
    2.877569009367855,
    0.07858079249903324,
    0.2147217426302042,
    0.19757546011501365,
    0.0,
    0.0,
    0.605457732627283,
    0.1646417237252528,
    0.11954117241600835,
    0.09871324294612978,
    0.05827074687620631,
    0.6746917333768437,
    35.804779868183374,
    0.16664182100003033,
    55.50155578331373,
    0.05473887743363331,
    0.2255719756572535,
    134.51731623719388
  ],
  "target_id": "item__eval/uncheatable_eval/wikipedia_english/bpb",
  "variant": {
    "description": "Empirical comparator: phase-1 multiplier enters exposure for benefit and penalty.",
    "linear_mode": "nnls",
    "name": "dsp_effective_exposure_penalty_nnls",
    "penalty_mode": "log_softplus_squared",
    "phase_mode": "effective_exposure",
    "retention_mode": "none"
  }
}
