{
  "benefit_coef": [
    1.3802263736376257,
    0.11729858538949246,
    0.0,
    0.0,
    0.7983088815578618,
    0.22630923200957923,
    0.0,
    0.33014007644735105,
    0.0,
    0.06474019043337294,
    0.0005251276141711596,
    0.3328677733047058,
    0.1445645966892616,
    0.31031732976237747,
    0.0,
    0.09935293681637859,
    0.0,
    0.08723835859281989,
    0.2561104621962461,
    0.38837788564673875,
    0.0,
    0.5243249254396334,
    0.2464956933404096,
    0.0,
    0.0,
    0.0,
    0.0,
    4.038966714508552,
    2.0239866824887933,
    0.2790919260970185,
    0.27345747794998454,
    0.3200533800481145,
    1.8716567654387026,
    0.0,
    0.5242780455230025,
    0.4720381276879065,
    0.0,
    3.522816362611869,
    0.5277306897637267
  ],
  "intercept": 3.1888283537251616,
  "params": {
    "gamma": 18.096619177095466,
    "rho": [
      1.6631365481717417,
      1.2227750839534417,
      1.461126372155011,
      1.8352702660203144,
      1.74889703018825,
      2.0,
      1.9766341349919898,
      1.1999537217078986,
      2.0,
      0.8215518271110968,
      1.8964439986003838,
      2.0,
      1.952792164001901,
      2.0,
      1.650832697731277,
      1.818696609350331,
      1.7774265863931022,
      1.6040205539516095,
      0.926256497772584,
      1.8951304135614373,
      1.3158289354427706,
      2.0,
      1.5899346559715668,
      2.0,
      1.6540973486627257,
      2.0,
      1.8046117672239093,
      2.0,
      0.23799577570479172,
      0.02409145449776426,
      1.9538219494523912,
      0.9935771606680321,
      0.2936836293954441,
      0.08705955482658319,
      0.10648252172382935,
      2.0,
      0.7802636663942778,
      0.08357543993105432,
      1.9554018203856567
    ],
    "tau": [
      1.6695371578840188,
      -0.5172504731942433,
      2.2001767879177367,
      2.862611396797954,
      2.4088619094854997,
      -1.9352488626173328,
      1.3087014361703964,
      2.5248774429179517,
      5.571576594607991,
      1.3980290873516592,
      1.327937546695571,
      -1.164986557412217,
      -2.0,
      -1.0748010366798582,
      0.7134908114170178,
      -0.5293946397615241,
      5.523889517168973,
      -1.9345304432068393,
      -0.4346094330380029,
      0.23674950372828432,
      2.719538302492735,
      2.773693755633715,
      -1.0379358913983396,
      -0.6235455700880639,
      2.107741649478053,
      1.634893065823926,
      3.39653560529578,
      3.827819158378887,
      2.1431281521162466,
      2.92966010220342,
      -0.960261498498775,
      -0.9909210917505131,
      1.4356138853349292,
      5.307625451590517,
      3.808602790578972,
      3.7247952641605413,
      4.939881376077046,
      2.2566719269780724,
      -0.27889187487999023
    ]
  },
  "penalty_coef": [
    0.07165061598632265,
    0.057633829275926626,
    0.16830883609823563,
    1.4547315671823315,
    0.33529528317731166,
    0.04569651309530827,
    0.22211345960335882,
    0.8830465294844811,
    31.624933848910622,
    0.7843070343242735,
    0.19947366532072477,
    0.10682088938020148,
    0.054340777537825805,
    0.06023869306416807,
    0.1129848249431357,
    0.07596347621002808,
    51.36464623023945,
    0.0759774118247862,
    0.10484652526723022,
    0.11040889279236753,
    0.17554842446472763,
    0.6541862641697312,
    0.03996564492034112,
    0.07163377086263427,
    0.1773612358040247,
    0.4005370854785083,
    1.7287103278578653,
    0.6500800405546104,
    0.0,
    0.07637353431874583,
    0.35023306477444627,
    0.07282578317091978,
    0.0,
    0.48263026466847336,
    0.17998824074721956,
    0.38038175679000485,
    1.05209830713272,
    7.346962215685417,
    0.03784241200408794
  ],
  "target_id": "item__eval/uncheatable_eval/github_cpp/bpb",
  "variant": {
    "description": "Empirical comparator: phase-1 multiplier enters exposure for benefit and penalty.",
    "linear_mode": "nnls",
    "name": "dsp_effective_exposure_penalty_nnls",
    "penalty_mode": "log_softplus_squared",
    "phase_mode": "effective_exposure",
    "retention_mode": "none"
  }
}
