{
  "benefit_coef": [
    0.7043789427965068,
    0.0,
    0.0,
    0.019051581891053156,
    0.09822678792341623,
    0.32498164350209724,
    0.0,
    0.0,
    0.19976451928087802,
    0.0,
    0.6719444948340537,
    0.03606354849138452,
    0.17112376540801433,
    1.624288986978466,
    3.3384538934571295,
    0.19184811892325787,
    0.5293647386530307,
    0.0,
    1.101455057756549,
    0.0,
    0.5205270850795604,
    0.0,
    0.0,
    0.0,
    0.0,
    0.15117047614065018,
    0.0,
    0.0,
    0.2158842275456092,
    0.09907921773722576,
    0.3014800702220356,
    0.2287890433539249,
    0.28553096670685446,
    1.2441867914259477,
    0.0,
    0.8542753420114585,
    0.0,
    1.3036317237634019,
    0.0
  ],
  "intercept": -3.2742654678568033,
  "params": {
    "gamma": 22.992341989585665,
    "rho": [
      0.5002158821062641,
      0.9999991524075635,
      0.5000547514557186,
      0.9288338310335454,
      1.0141962932975515,
      1.4010806837980248,
      1.0,
      1.1035217853824681,
      0.20618825223011916,
      0.7208327801280858,
      1.6376101886605954,
      1.0006182334562792,
      0.9475457600088196,
      0.15074009570032706,
      0.032909209440684366,
      0.9423748170440626,
      0.039795678495631495,
      1.0101434632133635,
      2.0,
      1.0,
      0.38358027238776127,
      0.38276830319121563,
      0.6705349554649487,
      1.0910142208643485,
      0.907962575716459,
      1.9851714292392784,
      1.0295236896837712,
      1.0173185183797107,
      0.8245857016527985,
      0.024980326587173265,
      0.9742039889758025,
      0.525611201601568,
      0.1467591846283698,
      0.018304383122288083,
      0.2692167302533079,
      0.3620781448084394,
      0.4910638259469199,
      0.29902363345323607,
      1.2874395299651034
    ],
    "tau": [
      -1.9940640219964585,
      0.6805054624432311,
      4.349242081359281,
      2.266311925285049,
      2.4106017000877316,
      -0.6853889153715791,
      -2.0,
      1.6573863029866565,
      2.193651531467109,
      2.6828101554830703,
      0.5774885987902877,
      -0.2836425536890738,
      -1.851138205350819,
      1.3084269507640491,
      2.0897976538252987,
      0.2779480222636675,
      3.9859435624639628,
      0.19932124901100737,
      -0.5052614499383081,
      3.8590192643442016,
      3.19452408061195,
      4.755944022453936,
      3.158349123887441,
      0.6151713942341531,
      3.8586461780423993,
      1.27500419998021,
      1.9043638938325271,
      2.554110711076248,
      2.1380639443577802,
      2.1183677669138663,
      0.35233617122773003,
      1.8663443607597574,
      2.6730544915949395,
      1.8664046298968386,
      3.304371264621809,
      6.2386392871678655,
      2.5251713401371996,
      0.9823324998367948,
      3.38717726810583
    ]
  },
  "penalty_coef": [
    0.041406897711745154,
    0.031455338090863226,
    0.9972397389378823,
    0.5834151584408744,
    0.32843814049625647,
    0.09627433873533253,
    0.04685786782460327,
    0.0,
    0.13091411852212645,
    3.2479276918211832,
    0.16033244132659408,
    0.21064231743587017,
    0.07578325489978441,
    0.06610841552313446,
    0.5744238111869858,
    0.164701500653967,
    3.3582120926413777,
    0.16156968592228518,
    0.06459283043448857,
    1.86345194799976,
    0.2701126487456966,
    7.380807388317492,
    0.19356895080001582,
    0.16856114782965131,
    2.0895606826543895,
    0.3306213335171877,
    0.23042722048036393,
    0.08376798541623262,
    0.5572177558177667,
    0.08159435223752565,
    0.4002983620846153,
    0.49300538147990675,
    0.8916179928233506,
    0.13263412041575748,
    0.10807237577894593,
    17.0509496576705,
    0.11312358886525421,
    0.5603430668026034,
    0.5272014673603796
  ],
  "target_id": "item__lm_eval/piqa/choice_logprob",
  "variant": {
    "description": "Empirical comparator: phase-1 multiplier enters exposure for benefit and penalty.",
    "linear_mode": "nnls",
    "name": "dsp_effective_exposure_penalty_nnls",
    "penalty_mode": "log_softplus_squared",
    "phase_mode": "effective_exposure",
    "retention_mode": "none"
  }
}
