{
  "benefit_coef": [
    0.6230058685898977,
    0.0,
    0.6784980543519108,
    121.83088192568253,
    0.7452293257351295,
    0.0,
    0.0,
    0.06860793027839576,
    0.0,
    0.0,
    0.0,
    0.07585328064224278,
    0.1275895326373178,
    0.0,
    0.0,
    0.27899767767638795,
    0.43360504414204304,
    0.0,
    0.19859524108187304,
    0.2005276237614075,
    0.04073495633113458,
    0.1560663464215465,
    0.0,
    0.0,
    0.07821812549609099,
    0.0,
    0.34796331922808443,
    2.0041166358058846,
    0.1172291084645101,
    3.147907238854344,
    0.38095975410253025,
    0.0,
    0.31201395521169795,
    0.0,
    2.3084315900208603,
    0.5331470862758447,
    0.15749070432967593,
    0.25180551300003856,
    0.0
  ],
  "intercept": -2.3508124330767664,
  "params": {
    "gamma": 10.006774959524739,
    "rho": [
      2.0,
      2.0,
      2.0,
      0.0033063943098826944,
      0.37477482574348303,
      2.0,
      2.0,
      1.733199300214036,
      2.0,
      2.0,
      2.0,
      1.9990024212386797,
      1.9302679990360208,
      2.0,
      2.0,
      2.0,
      1.4995381445925746,
      1.996696434515905,
      1.9849546087685834,
      1.7294394257403993,
      0.5660845056991577,
      1.9983845450478417,
      1.350314065952304,
      2.0,
      2.0,
      2.0,
      2.0,
      2.0,
      2.0,
      0.02454357068415075,
      2.0,
      2.0,
      2.0,
      0.06652247277784333,
      2.0,
      0.038468580975938325,
      0.6605714805856395,
      2.0,
      1.3093830704748184
    ],
    "tau": [
      2.4630746977883486,
      0.8219953771764511,
      3.407056025119467,
      1.9492123514167816,
      2.5543950575437457,
      -2.0,
      2.1212204896745672,
      1.6491390244488668,
      0.6047839466143125,
      1.0138823506609167,
      1.4106140631701982,
      1.632497698130629,
      -1.9541115894421002,
      1.5229658209985972,
      2.4353006185492028,
      -0.300132967831372,
      0.3813594637499381,
      1.3131296180768353,
      -0.33772037600683047,
      2.406784483224401,
      4.776806074508032,
      3.1574448285731895,
      1.4243169847300317,
      -2.0,
      0.3271212329040308,
      2.667331511444887,
      1.197189761686902,
      3.030850955612574,
      1.771372430768731,
      0.5847595792840028,
      -1.1786013348723077,
      -0.26575594983195333,
      -0.049074351928935764,
      5.326694785224143,
      1.3632391431312767,
      7.414621675017938,
      2.1187555790301453,
      0.1882372418263232,
      2.166733558026013
    ]
  },
  "penalty_coef": [
    0.37219714506577123,
    0.16987872268039406,
    1.7078390835334933,
    3.23277348355452,
    0.0,
    0.048523613049307995,
    0.9648134999358713,
    0.7192162839612893,
    0.1378312773366027,
    0.42252782816532464,
    0.34457012907943463,
    1.2131058377971544,
    0.08221996751923034,
    0.4937426098465737,
    1.1852778415527059,
    0.1966183698680422,
    0.18925720198006324,
    0.8298964597883537,
    0.11246743215343544,
    0.02221024521170471,
    3.9782550566941293,
    1.2688956890711056,
    0.14377973634564978,
    0.06635658265950131,
    0.09887460398123163,
    3.943469025394929,
    0.19275767570798436,
    1.0042274363255537,
    0.9874323934582079,
    0.17884718143802905,
    0.299234976604453,
    0.12927404407786608,
    0.18498181139173872,
    2.263788346050601,
    0.12743434125403647,
    411.5939428786409,
    0.20929921927825784,
    0.367630079841781,
    0.46840845846631335
  ],
  "target_id": "item__eval/uncheatable_eval/bbc_news/bpb",
  "variant": {
    "description": "Empirical comparator: phase-1 multiplier enters exposure for benefit and penalty.",
    "linear_mode": "nnls",
    "name": "dsp_effective_exposure_penalty_nnls",
    "penalty_mode": "log_softplus_squared",
    "phase_mode": "effective_exposure",
    "retention_mode": "none"
  }
}
