{
  "benefit_coef": [
    0.1292711333203811,
    0.0,
    0.06427501041981605,
    0.0,
    0.018168030730520264,
    0.0,
    0.0,
    0.18197735783110977,
    0.012508513504104375,
    0.0,
    0.0,
    0.0,
    30.99099845816813,
    0.5499975787979645,
    0.32841291429840425,
    0.7787689828265183,
    0.12194947125942683,
    0.6917455203174048,
    0.05935836451100092,
    0.04051300082275605,
    0.02960044085165535,
    0.06796857503959815,
    0.0,
    0.0,
    0.09183945740990675,
    0.0,
    0.29884266908559726,
    0.016611866855007172,
    0.32344853183797617,
    4.3651475213404485,
    1.662319532570886,
    0.0,
    0.5375318210964897,
    0.06730291522801812,
    0.07280028235912031,
    0.061670008804566696,
    0.5327567361287087,
    0.8437934141048945,
    0.2648500183907832
  ],
  "intercept": -8.276479862059016,
  "params": {
    "gamma": 7.085977450629349,
    "rho": [
      0.2515864466665476,
      0.48126105047057477,
      0.8452056508169197,
      0.5503977801968503,
      0.3403480745383551,
      0.6696304938392522,
      1.2235877845447698,
      1.067876878266174,
      0.3609837612946754,
      0.1991076283176987,
      0.3527760675435748,
      0.5194106142487106,
      0.07693880470346887,
      0.2447996724314686,
      0.14879473611736832,
      0.3355055763556268,
      0.29147839470150627,
      0.46874696665559495,
      0.7764703763706713,
      1.1183329607469028,
      0.3287298699655636,
      1.486036934264683,
      0.20804121132962988,
      0.6948577829361193,
      0.7732697368394038,
      0.5573833256876574,
      0.36626651838636193,
      0.16627497291753315,
      0.37660199419790763,
      0.020695188114532734,
      0.2597387969063027,
      0.46259102554674963,
      0.6775735751742382,
      0.013093535861042324,
      0.14813633280085894,
      0.17378339247953023,
      0.09827120005977284,
      0.5289319371187134,
      0.6720828352650032
    ],
    "tau": [
      2.137261241243267,
      -0.21508051519261795,
      3.1080658542455724,
      2.3976009524531277,
      2.0136342744336755,
      0.6984304516735204,
      0.9843107163699355,
      2.216342655677244,
      2.864337969096045,
      1.4384926119256718,
      2.3253222420187,
      0.3053420598681375,
      -0.07353841271329817,
      1.1422835983207213,
      2.125870730845397,
      -0.27783489648424925,
      1.8649563404700966,
      0.8813171039342151,
      1.3155503261870056,
      0.3293409979971446,
      1.6579316774003654,
      1.168955915748531,
      1.2108838847259098,
      1.7111332737934997,
      1.1922983028043361,
      0.7744010552814765,
      0.7943829757767427,
      3.492847298649726,
      0.9618414825986537,
      0.5450309303785383,
      -1.6950577233999224,
      1.0635054399686859,
      -1.4034578064831371,
      6.777334060360088,
      2.4443904328891226,
      4.869312018483007,
      1.5024855955671057,
      -0.17834024943992607,
      1.1317695743634284
    ]
  },
  "penalty_coef": [
    0.3394942179769128,
    0.03652943788074473,
    1.1277302130359412,
    1.4881025646840151,
    0.5032827249010928,
    0.1728895996098771,
    0.2599182708031974,
    0.662465004273504,
    1.1582776673589399,
    1.3280994628182534,
    2.1605161510956443,
    0.4113512540688458,
    3.111307985004843,
    0.0,
    0.5352371015579511,
    0.2821484579164239,
    0.7197422035674691,
    0.0,
    0.0,
    0.14356288617808308,
    0.2326601851896148,
    0.16318617793449636,
    0.13268243450331169,
    1.138772566600514,
    0.2064933313726577,
    0.43350040596979983,
    0.274152418494344,
    1.8327638361285168,
    0.620646067980049,
    0.24467522090518806,
    0.0,
    0.40368121825851,
    0.15174719025234018,
    34.82829974071068,
    0.32926244768756385,
    3.4551974271938617,
    0.18056430406502585,
    0.07423320783985884,
    0.23192799202113312
  ],
  "target_id": "item__lm_eval/hellaswag_5shot/choice_logprob",
  "variant": {
    "description": "Empirical comparator: phase-1 multiplier enters exposure for benefit and penalty.",
    "linear_mode": "nnls",
    "name": "dsp_effective_exposure_penalty_nnls",
    "penalty_mode": "log_softplus_squared",
    "phase_mode": "effective_exposure",
    "retention_mode": "none"
  }
}
