{
  "benefit_coef": [
    0.6156976773959301,
    0.3180295409073692,
    0.20106738955791031,
    0.14218418924068377,
    0.08773506776696412,
    0.02976369067167069,
    0.0,
    0.0,
    0.0,
    0.4637879436566051,
    0.0,
    0.10711281482672835,
    13.629110743696511,
    0.0,
    0.0,
    0.0,
    0.008007154907538002,
    0.07025796370175533,
    0.0554079762015931,
    0.0,
    0.19507681203566518,
    0.0397219511532521,
    0.0,
    29.37812457692159,
    0.0,
    0.0,
    0.7224756178561651,
    0.0,
    0.0,
    0.6649893873488225,
    6.662565525293706,
    0.34115695578536787,
    0.020966234998386426,
    0.0014327471695949317,
    0.11494643583679012,
    0.0,
    2.507750185169054,
    0.18026023474069808,
    0.3208233230903995
  ],
  "intercept": -8.944903568081116,
  "params": {
    "gamma": 14.757907786226498,
    "rho": [
      0.9770949120908317,
      1.2789942923082245,
      0.37965559256011305,
      0.4648892307320934,
      0.27649476278002294,
      0.6551368198595265,
      1.250988834734184,
      1.0406998585507272,
      0.3092321482309496,
      0.1910788316174299,
      0.3231836569577328,
      0.5062906113341418,
      0.08058075252538838,
      0.45877499097259516,
      0.23750954601233337,
      0.2968812514574476,
      0.2327612709942036,
      0.4185461525258167,
      0.6566256421480867,
      0.4820775277144609,
      0.06531100700360765,
      0.5640304759943889,
      0.180434827186466,
      0.017132764196569037,
      1.098392969844706,
      0.35232307377165395,
      2.0,
      0.1351880213410315,
      0.33034719086886144,
      0.007942219884153981,
      0.25897974969772425,
      0.4421922108224137,
      0.07607253516798361,
      0.024614125573854024,
      0.14265827879827328,
      0.18394939763642754,
      0.02707520263340794,
      0.9434752948447285,
      0.405246835720999
    ],
    "tau": [
      2.671010141353291,
      -0.38760566050693296,
      2.522032014404472,
      1.5840693722644632,
      2.4725427406747738,
      0.2893146369857194,
      1.6038675506933742,
      2.100921369048421,
      5.0551965689530345,
      1.9385687867449406,
      1.9286461754817097,
      0.08535983081261064,
      -0.18473410078859953,
      1.793611592017704,
      1.988758511678565,
      -0.74349812232041,
      1.9638983181065404,
      0.5495509761256465,
      -0.8717824065744711,
      1.764113613086842,
      2.582677539799379,
      2.1887818203786527,
      2.355932437954487,
      2.779986034928552,
      1.1145170643065176,
      2.262795821435296,
      0.4577264002470578,
      4.069302984650475,
      1.9179168451421564,
      3.8681816946846572,
      -1.1601656290916225,
      0.5336691013861914,
      1.4263520180770777,
      5.728458716017363,
      3.112730695420153,
      6.293622289841583,
      1.004963283182551,
      -0.16773333951479155,
      0.7277373521171165
    ]
  },
  "penalty_coef": [
    0.34720026545356614,
    0.0778423201140134,
    0.4407332180639038,
    0.3675524649667379,
    0.5588621084512473,
    0.22985100074373055,
    0.5248248104824675,
    0.7885704903110559,
    28.74766738982508,
    0.0,
    0.4635177432129599,
    0.4481213011941801,
    1.3888485973956055,
    0.45253696748860245,
    0.4046145787683125,
    0.04358531906889454,
    0.38224146045022556,
    0.3871224009203325,
    0.07767387367346362,
    0.3167775833688538,
    0.3827063003408316,
    0.5688996047537701,
    0.3517621081024116,
    7.381830026523784,
    0.0,
    2.3595046092560588,
    0.16257180001309413,
    2.2547566109998356,
    0.7586623132765945,
    0.3501128550388868,
    0.7443540617399792,
    0.3091535605935479,
    0.41685894982051447,
    2.198706054524462,
    0.3621466585651726,
    21.762061964923653,
    0.2558357164998002,
    0.20354718413633224,
    0.12984446375879188
  ],
  "target_id": "item__eval/uncheatable_eval/ao3_english/bpb",
  "variant": {
    "description": "Empirical comparator: phase-1 multiplier enters exposure for benefit and penalty.",
    "linear_mode": "nnls",
    "name": "dsp_effective_exposure_penalty_nnls",
    "penalty_mode": "log_softplus_squared",
    "phase_mode": "effective_exposure",
    "retention_mode": "none"
  }
}
