{
  "benefit_coef": [
    0.0,
    0.0,
    0.193567057413056,
    1.4072750337386217,
    0.4308815071239304,
    0.10887050156986042,
    0.22791595139934356,
    0.0,
    0.0,
    0.0,
    0.6707075465547423,
    0.0,
    0.15890850430771666,
    0.0,
    0.0,
    0.08092824542501575,
    0.4789084407209067,
    0.0,
    2.743322293220217,
    0.24243749929705768,
    1.2210861114265874,
    0.0,
    0.8615377877520382,
    0.0,
    1.2348459974603505,
    0.2897358357537725,
    1.6753770389470497,
    0.0,
    0.7672668592004975,
    0.0,
    0.6454622282869991,
    0.8701199870350782,
    0.0,
    0.8812387371629281,
    0.11052252097694448,
    1.1277109966272723,
    0.0,
    0.5031921305035919,
    0.0
  ],
  "intercept": 3.09990716537949,
  "params": {
    "gamma": 60.74412716917328,
    "rho": [
      0.8369190475422766,
      2.0,
      0.12272350832872549,
      1.8415245368431303,
      1.9560991985418947,
      2.0,
      1.3220094727407623,
      1.0734726850814356,
      1.9807038412726772,
      2.0,
      2.0,
      2.0,
      1.8740977622856427,
      2.0,
      2.0,
      0.11415169722607096,
      1.9678426979764165,
      2.0,
      2.0,
      1.8435961219066423,
      0.9530163469059364,
      2.0,
      1.5833654918181008,
      2.0,
      2.0,
      2.0,
      1.7124410285255396,
      1.2945561663377863,
      1.8683337575564323,
      0.04470673006818222,
      1.4214378001876702,
      2.0,
      2.0,
      0.21192960384839898,
      0.5911802580802533,
      0.040641731266070014,
      0.6709400092788956,
      0.27375726536863443,
      0.3096713344086991
    ],
    "tau": [
      3.0800845555948104,
      3.177314030511274,
      4.178156622725984,
      0.6817566371216394,
      3.2102304548387885,
      0.6713594119726456,
      1.5135803556106953,
      3.49693571593812,
      1.899192068592183,
      0.4451313139813956,
      3.4233305099729976,
      1.696680293896115,
      0.5595211374189694,
      3.3751287933787135,
      4.0494079886032806,
      3.507171496873758,
      3.964512555861142,
      0.3891951633484586,
      0.7604815215460756,
      3.2817723401765733,
      4.551686380271783,
      3.689686272657163,
      4.018515752118702,
      0.7809527098471887,
      4.028386046234587,
      0.7712738965606687,
      1.1441217863469133,
      3.191550665395687,
      2.344973242678181,
      6.095254950913424,
      0.3835276683714371,
      0.6372156530658287,
      3.772572111669028,
      5.291135105851309,
      2.1653365130492883,
      4.906544701648168,
      3.6305534025788067,
      2.5681241290686843,
      2.8972565794106857
    ]
  },
  "penalty_coef": [
    0.16955980121431108,
    0.6364008537704392,
    0.5780888642184402,
    0.1444797721035148,
    0.5166610672144699,
    0.1554343715957937,
    0.13302917435787057,
    1.2646098491017386,
    0.13739292969668712,
    0.17962651975455396,
    1.217496564376894,
    0.5539917325316418,
    0.1641413153392159,
    1.3322036717915184,
    1.405705399573217,
    2.5384594087431225,
    1.1839818845388304,
    0.18413218784091528,
    0.20876320271249418,
    0.6211889148968712,
    0.8536000921378801,
    0.8892661747557069,
    0.6626006891387272,
    0.17981623000033678,
    0.8234356270820528,
    0.17259370318591788,
    0.13556981982291882,
    0.031569680512642126,
    0.3427015358886898,
    0.5224183725268103,
    0.540721654567259,
    0.16633310687096617,
    1.2966182204570664,
    0.47359634771395387,
    0.08496620498895323,
    0.338650493312391,
    0.0,
    1.656101869874429,
    0.11309901201837247
  ],
  "target_id": "item__lm_eval/mmlu_sl_verb_5shot/choice_logprob",
  "variant": {
    "description": "Empirical comparator: phase-1 multiplier enters exposure for benefit and penalty.",
    "linear_mode": "nnls",
    "name": "dsp_effective_exposure_penalty_nnls",
    "penalty_mode": "log_softplus_squared",
    "phase_mode": "effective_exposure",
    "retention_mode": "none"
  }
}
