{
  "benefit_coef": [
    1.2695260342783163,
    0.0,
    0.0,
    0.41977360283240406,
    0.5093069289566048,
    0.7778507906936116,
    0.0,
    0.0,
    0.0,
    0.0,
    0.3952556973141716,
    0.0,
    0.0,
    0.5733681595617675,
    0.6122327837280279,
    0.08983831436719864,
    0.0,
    0.0,
    0.3318428110304401,
    0.0,
    0.1759239425854518,
    0.0,
    0.33859133349803017,
    0.0,
    0.0,
    0.0,
    0.3481584522218127,
    1.961464386391351,
    0.7028725122012831,
    0.21458932061328057,
    0.523585284239447,
    0.0,
    0.0,
    0.5516042239505072,
    0.0,
    0.7589438009475911,
    1.814817527774253,
    0.5982685946068943,
    0.0
  ],
  "intercept": 2.642479619295576,
  "params": {
    "gamma": 45.016373765242655,
    "rho": [
      0.8457001922806068,
      2.0,
      1.6130082261444785,
      2.0,
      1.8879683530836298,
      1.9976567864917036,
      2.0,
      1.9150769943868822,
      1.9533826849027303,
      2.0,
      2.0,
      2.0,
      1.8421361089995179,
      1.636839100217209,
      1.9702339917827159,
      2.0,
      2.0,
      2.0,
      2.0,
      2.0,
      1.129632856323061,
      2.0,
      1.499082961364235,
      1.9729923154439657,
      2.0,
      1.9315773800648508,
      2.0,
      1.2538544242570375,
      1.9999747927290525,
      0.042055785907181384,
      2.0,
      2.0,
      2.0,
      0.08183108267253725,
      0.5929491333039935,
      0.6012257170777214,
      0.6815643495915517,
      1.396566592250537,
      1.3408232081016702
    ],
    "tau": [
      3.2601178841424217,
      2.0653377743316623,
      2.8330296145318914,
      1.6922306136065326,
      2.6173396038597407,
      1.7825664655402482,
      2.071164847108238,
      1.9756820337991159,
      2.6557711043187755,
      1.773867077208046,
      1.8849357192492655,
      1.2987371554128093,
      1.5615644802608448,
      2.1534753031429488,
      2.70834802415429,
      1.681615488300144,
      2.4114494655524807,
      1.4473887540767525,
      1.790075341627862,
      2.0819039005237796,
      2.928999500715066,
      2.531958158748917,
      2.7388725960267775,
      1.7884390943882806,
      2.679757755440267,
      1.6718763582811724,
      2.191581509590912,
      3.252560028403597,
      1.9775474067421592,
      6.0484329735374605,
      1.121010457352913,
      1.7960477732439684,
      2.596028652920201,
      5.528912708757927,
      3.7826874256280894,
      3.8813519207822393,
      3.6491520576657983,
      1.394838550519715,
      2.959206359832063
    ]
  },
  "penalty_coef": [
    0.257074518786204,
    0.20205065120262003,
    0.16087410698590504,
    0.26981421683266293,
    0.2738471044483035,
    0.6746343402246481,
    0.34664852120312234,
    0.22168597445577276,
    0.23474181697204607,
    0.9149310837571484,
    0.30439977697548876,
    0.4182498804136495,
    0.4449405631482752,
    0.3804446887540861,
    0.35368249408459557,
    0.272776115187012,
    0.28505668354846897,
    0.41509860323098435,
    0.2731696146222092,
    0.14950556731784992,
    0.21783018348787445,
    0.24734557707112803,
    0.209309036930091,
    0.46644387720005587,
    0.26038582152512035,
    0.017951376056899424,
    0.0,
    0.04480493109873095,
    0.37603652499910456,
    0.46233459612465533,
    1.1227755807802122,
    0.1795985420310632,
    0.4644245838344839,
    0.7136766781947482,
    0.17738863814677008,
    0.2572239186259833,
    0.1279402283992907,
    0.0,
    0.2298664761653
  ],
  "target_id": "item__lm_eval/arc_easy/choice_logprob",
  "variant": {
    "description": "Empirical comparator: phase-1 multiplier enters exposure for benefit and penalty.",
    "linear_mode": "nnls",
    "name": "dsp_effective_exposure_penalty_nnls",
    "penalty_mode": "log_softplus_squared",
    "phase_mode": "effective_exposure",
    "retention_mode": "none"
  }
}
