{
  "benefit_coef": [
    0.00024458553891095543,
    0.0,
    0.0,
    0.007415085201132287,
    0.1265749384322161,
    0.0,
    0.0,
    0.07013668449356224,
    0.0,
    0.0,
    0.0,
    0.0,
    0.0,
    7.05573445427355,
    0.0,
    0.07153146814493286,
    0.0,
    7.135323080092914,
    0.12322827378829336,
    0.0,
    0.0,
    0.013130509587841005,
    0.0,
    0.0,
    0.11384869033840378,
    0.0,
    0.38555489394706693,
    0.0,
    0.18033974588022056,
    4.693858864485858,
    0.9589896197033198,
    0.0,
    0.0,
    0.0,
    0.014248636656358086,
    0.27280642456568555,
    0.6253960544917821,
    0.5401405296891428,
    0.0
  ],
  "intercept": -4.936236310048206,
  "params": {
    "gamma": 6.666283467151376,
    "rho": [
      0.46513858356133425,
      1.092119440856103,
      1.160199460259428,
      1.1413534762936401,
      1.1394019583169785,
      1.0353860181838008,
      0.980741110079775,
      1.1322968139821026,
      1.252763057701135,
      0.9712042254679428,
      1.070898225033425,
      1.0087056796542437,
      1.0168817769742107,
      0.025314426529279344,
      0.8781045164596605,
      0.8869788555094067,
      0.8004192680744902,
      0.06664596271821309,
      1.102477673664233,
      1.1564448671714764,
      0.6494063562300768,
      1.122141085407264,
      0.6628307267392674,
      1.0892076113232325,
      0.6273803139856877,
      1.0432033545862285,
      1.8051568943895895,
      0.8934819738704828,
      1.134392594045044,
      0.024984975224690665,
      1.3735313103322813,
      1.0902523385880827,
      0.9213263093353682,
      0.006922382951656041,
      0.25830532110955395,
      0.031750030917606364,
      0.8029626825735826,
      1.9916284243463305,
      0.6242638214683451
    ],
    "tau": [
      1.8065206512149576,
      1.435985455792781,
      2.8927420580912853,
      2.3284298256743536,
      1.727840788532577,
      1.1034352960157476,
      0.46546814226496613,
      1.5472292140194739,
      1.631814746650793,
      0.34982575821450207,
      1.924506952184056,
      0.0688091235895021,
      1.0526156875950865,
      1.5830354358664107,
      2.1314652823487084,
      1.4606593563129975,
      2.386335305948087,
      1.0398139218367104,
      1.277272325570778,
      1.6297872622086045,
      1.9493089111634427,
      1.777769889298888,
      1.058225826740993,
      0.18872806151214241,
      1.3478460099817697,
      0.40976278314697845,
      0.3138208351776412,
      3.52452056594804,
      1.1882588356504975,
      -0.6699933741566761,
      0.6917484553292921,
      1.3130116392942153,
      2.1278205911378696,
      7.745836151185204,
      2.424580080483429,
      5.139329244966777,
      2.5113448978580424,
      0.677406878355011,
      2.4857851136259588
    ]
  },
  "penalty_coef": [
    0.23222632321463343,
    0.09327292363892539,
    0.7236418799281825,
    1.169972888745765,
    0.31143366659733185,
    0.1488454305176016,
    0.12131274357904785,
    0.10115709995742025,
    0.21526188548583608,
    0.29600207434344233,
    1.1861232582163292,
    0.2145820576365175,
    0.8023949473051978,
    0.6262380534109545,
    0.2322217167980103,
    0.7101586997838801,
    1.073839757239272,
    0.9560884018237473,
    0.0,
    0.4277481943168686,
    0.2700406165888053,
    0.22269014560341793,
    0.10921241068866318,
    0.14875299957582402,
    0.22695126001832527,
    0.2432337456679257,
    0.14467459049175033,
    1.6322043306128686,
    0.6085064790477325,
    0.17517442375592016,
    0.5061916303257044,
    0.5122942267141998,
    1.9185204819172048,
    201.4214018473577,
    0.2613109238781329,
    7.940099042443738,
    0.2694334858253978,
    0.0,
    0.7104771143588587
  ],
  "target_id": "item__lm_eval/hellaswag_0shot/choice_logprob",
  "variant": {
    "description": "Empirical comparator: phase-1 multiplier enters exposure for benefit and penalty.",
    "linear_mode": "nnls",
    "name": "dsp_effective_exposure_penalty_nnls",
    "penalty_mode": "log_softplus_squared",
    "phase_mode": "effective_exposure",
    "retention_mode": "none"
  }
}
