{
  "benefit_coef": [
    0.0,
    0.0,
    0.0,
    0.08691959006422467,
    0.4839635749891305,
    0.0,
    0.0,
    0.5484897927737121,
    0.0,
    0.20281033455107503,
    0.5433582642423339,
    0.0,
    0.14334841677209165,
    0.0,
    0.0802362904160014,
    0.3661665815545563,
    0.3353602978885208,
    0.28095891254806404,
    1.4096516124584306,
    0.12177704572710718,
    2.9924135075475893,
    0.0,
    0.0,
    0.0,
    0.28177184640583136,
    0.0,
    0.0,
    0.5295458213272028,
    26.13473846544985,
    0.0,
    0.0,
    1.1936663064547408,
    0.0,
    0.40234225765244735,
    0.0,
    0.16678992061816486,
    0.0,
    0.0,
    0.08776110487410657
  ],
  "intercept": -5.52421396509468,
  "params": {
    "gamma": 3.5311013581153703,
    "rho": [
      0.9166255738595499,
      0.5705332975645262,
      0.25913762483352387,
      0.3873311035282683,
      0.27334762347797653,
      0.20443130086472996,
      0.8188410832964892,
      0.7261035365848983,
      1.4063385608233954,
      0.29484523843818994,
      1.5094426004842096,
      0.40888612854221457,
      1.0330791374308483,
      0.3693179792674354,
      0.2972851142119043,
      1.007746941352316,
      0.7332705720168063,
      0.5594171125313167,
      0.37985031541566405,
      0.18753796027368222,
      0.11272171627667028,
      0.6230754794530952,
      0.6703016115165779,
      0.41725629974781164,
      0.27128527186322404,
      0.9212508397242919,
      0.20380987231484618,
      0.10053951181487425,
      0.13641660604343864,
      0.002313429067115659,
      0.6552827466192541,
      0.3270136036228559,
      0.5397488218683125,
      0.021195141531328218,
      0.17076602285630832,
      0.18245724850977482,
      0.0987767256194269,
      1.3519395094089293,
      0.5551934120595907
    ],
    "tau": [
      2.9535996778749474,
      2.2370084279661833,
      2.522239441701122,
      1.4502035007648675,
      1.5059625544563493,
      -0.3519958936762369,
      1.1099279733994967,
      0.5573265725154194,
      0.41465870013200007,
      0.6636435447479326,
      0.521414561614944,
      -0.45398092211315194,
      -0.06618017640512058,
      1.2779762115444016,
      1.480167963939427,
      1.559655691348376,
      1.45093977571238,
      1.3521754618389006,
      1.8710152238547508,
      2.0019239278962258,
      0.1604458029760034,
      2.3775237078192624,
      2.2757737540600185,
      1.1138876317275745,
      1.8148222224117467,
      0.9919619481472377,
      1.452942902161638,
      2.0584717904147127,
      -0.3163106104809675,
      5.384180981222694,
      -0.48635630404931257,
      1.680216477339496,
      0.5460946608453527,
      4.735037623680435,
      1.7638099681427237,
      2.3984285286790272,
      2.6189998261108096,
      -0.7305919772501898,
      2.1755863120164243
    ]
  },
  "penalty_coef": [
    0.7580077028414753,
    0.7137590859358383,
    0.0,
    0.6868975547914433,
    0.6583280940015951,
    0.03037775604622124,
    0.1461383752215702,
    0.3769659095161431,
    0.09785624907998458,
    1.0737023949306936,
    0.2723212711160215,
    0.3876999847349008,
    0.009917114449121607,
    0.1342600573014129,
    0.2831190815219368,
    2.293735751531487,
    0.3305824614649031,
    2.1515436997604453,
    5.249346379840392,
    0.5508113789960929,
    0.40601569719072655,
    0.07416683945862558,
    0.05495746030837097,
    1.5193066486148656,
    0.1200885336496624,
    0.03735526769146547,
    0.24238220770064842,
    0.11892273409324736,
    3.201737891181354,
    0.8403306380877731,
    0.18146959111652605,
    3.482959063419442,
    0.1494937358241355,
    1.1803370193095069,
    0.08570080626733705,
    0.0,
    0.0,
    0.26655193823758655,
    0.33197956907774384
  ],
  "target_id": "item__mcq_smooth/medmcqa_5shot/choice_logprob",
  "variant": {
    "description": "Empirical comparator: phase-1 multiplier enters exposure for benefit and penalty.",
    "linear_mode": "nnls",
    "name": "dsp_effective_exposure_penalty_nnls",
    "penalty_mode": "log_softplus_squared",
    "phase_mode": "effective_exposure",
    "retention_mode": "none"
  }
}
