{
  "benefit_coef": [
    1.3547518579798186,
    0.0,
    0.0,
    0.17347115601109603,
    0.48415665361878313,
    1.099982920480776,
    0.9172323953383097,
    0.0,
    0.889061180041159,
    0.0,
    0.569867695871155,
    8.353103384651453,
    0.0,
    2.021693709952739,
    0.08521504142760566,
    0.0,
    0.0,
    0.0,
    0.0,
    0.0,
    0.0,
    0.0,
    0.0,
    0.0,
    0.2940046099929186,
    0.0,
    0.20531664290388843,
    0.0,
    0.0,
    0.0,
    0.0,
    0.0,
    0.654642117776703,
    0.0,
    0.0,
    0.0,
    0.0,
    0.0,
    0.14951470649714543
  ],
  "intercept": -4.793000019620949,
  "params": {
    "gamma": 0.5563690935800365,
    "rho": [
      0.1400631304597685,
      0.5,
      0.40366901896233076,
      0.41993237409348616,
      0.5003836531825093,
      0.5237597171919561,
      0.46248725303676186,
      0.5,
      0.8680238582958799,
      0.5000033288349257,
      0.44592063910690505,
      0.5080293925729994,
      0.5,
      0.4723340214521442,
      0.42888205841234023,
      0.5,
      0.5,
      0.5,
      0.5,
      0.5,
      0.3334586933999233,
      0.500001144131349,
      0.3352674777324743,
      0.5,
      0.6466542644584842,
      0.5,
      0.4802705318010968,
      0.2776364065907647,
      0.5,
      0.011176682517045552,
      0.5,
      0.5,
      0.6178503419458353,
      0.02265853929431156,
      0.13078985232827356,
      0.14663168952130268,
      0.16795915619829196,
      0.5,
      0.389793552128805
    ],
    "tau": [
      2.61609155345864,
      1.1294561451634644,
      1.722393363331916,
      0.9166676849170982,
      1.4967528708485551,
      0.7241929439150644,
      1.2361929244352636,
      1.439414716459134,
      1.5330308990880046,
      0.5165317074197144,
      1.0309932796669465,
      0.3706080572771634,
      0.5085496335538847,
      0.9480106030709671,
      1.5014295503721957,
      0.6164618455946266,
      1.5822977098366142,
      0.5039997146060566,
      0.9104958398016404,
      0.5739174151864558,
      2.0634690152068917,
      1.3960879830836546,
      1.7973951251735607,
      0.7664553625105807,
      1.4767509748139513,
      0.598318673038244,
      1.205409007342765,
      2.216223757921267,
      1.187478519739683,
      5.280202669481177,
      0.175589191394868,
      0.4365490276998322,
      1.1994988844636751,
      4.79688732680834,
      2.6066817282812096,
      2.8069265029975288,
      2.9032698777736954,
      0.3003113614328935,
      1.9935905830154506
    ]
  },
  "penalty_coef": [
    2.0435907643312525,
    0.369685500572214,
    0.342047176882789,
    0.0,
    0.5088743448705142,
    1.0410763144214807,
    1.2620974887132521,
    1.6630832930350117,
    0.4816523124987849,
    0.0036449154278552975,
    0.4473758034965517,
    7.501115446652558,
    0.8494330733331559,
    2.1918446855463207,
    0.46946653760441753,
    0.5862332297849933,
    0.38609446253255464,
    0.10209084937776372,
    0.5579287277962619,
    0.31203933189077426,
    0.003498245584686896,
    0.056678425969146295,
    0.28719294543903195,
    0.18891390308542486,
    0.7632163985786842,
    0.4934348417806073,
    0.8158835996779773,
    0.6319537050047602,
    0.533380967850747,
    1.004017004797996,
    0.6624992537156847,
    0.7029162655139289,
    0.9090551517192353,
    1.0569652653669492,
    0.4195390176865458,
    0.0,
    0.5055253415037914,
    0.19159935408684378,
    0.0
  ],
  "target_id": "item__lm_eval/winogrande_5shot/choice_logprob",
  "variant": {
    "description": "Empirical comparator: phase-1 multiplier enters exposure for benefit and penalty.",
    "linear_mode": "nnls",
    "name": "dsp_effective_exposure_penalty_nnls",
    "penalty_mode": "log_softplus_squared",
    "phase_mode": "effective_exposure",
    "retention_mode": "none"
  }
}
