{
  "benefit_coef": [
    0.0,
    1.149476102655592,
    0.23304297464565105,
    0.0,
    0.003948608392211495,
    0.4281640640532346,
    0.0,
    0.0,
    1.9446026318990235,
    0.0,
    0.0,
    0.0,
    0.0,
    0.0,
    0.5360193748878651,
    0.07196722769401451,
    0.0,
    0.23804499955359743,
    0.0,
    0.19322634702131197,
    0.2075119895929572,
    0.0,
    0.38284571703189496,
    0.4110785585889555,
    0.1347416400923936,
    0.0,
    0.0,
    0.0,
    0.0,
    0.5455966970072528,
    1.3889402818555627,
    0.0,
    0.0,
    0.0,
    0.0,
    0.8872212391920334,
    0.0,
    0.34879186025880204,
    0.0
  ],
  "intercept": 4.668680476713258,
  "params": {
    "gamma": 8.62270144644626,
    "rho": [
      0.9026353263306924,
      2.0,
      1.6365376492672534,
      2.0,
      1.9927920785886222,
      1.99916363524773,
      2.0,
      2.0,
      2.0,
      2.0,
      2.0,
      2.0,
      2.0,
      2.0,
      1.992183921034565,
      1.998456250695144,
      2.0,
      1.9897023797926097,
      2.0,
      1.9891946928079212,
      1.1393855787867402,
      2.0,
      1.3331403036761713,
      2.0,
      2.0,
      2.0,
      2.0,
      1.1105456263630589,
      2.0,
      0.0449903422227205,
      1.9964129397632047,
      2.0,
      2.0,
      0.09063415717724625,
      0.5929491333039935,
      0.5835635501690071,
      0.6718366247931679,
      2.0,
      1.3408232081016702
    ],
    "tau": [
      3.3623819502467547,
      2.19741312570548,
      2.886518410638574,
      1.9164470089071741,
      2.5586026264087587,
      1.736473363680036,
      2.209439031742366,
      2.092643954886621,
      2.6332203908138907,
      1.4889052920406396,
      1.9976565982762042,
      1.3957741798840513,
      1.7213185906950748,
      1.934173994353877,
      2.4700681741414536,
      1.7725774835970782,
      2.444372769250522,
      1.4944416134145861,
      1.8501510906356216,
      2.0430888537758336,
      3.0910422097443626,
      2.394970199627578,
      3.0015605850338245,
      1.7212018512970029,
      2.521714578081041,
      1.6750831417686607,
      2.1902957381693087,
      3.24057577321985,
      2.136217581760319,
      5.9946159587049666,
      1.189426771321225,
      1.7984465884030452,
      2.073689749965701,
      5.539343840494886,
      3.7501620792655808,
      3.807755326688306,
      3.629530279376258,
      1.394838550519715,
      2.9915108687440295
    ]
  },
  "penalty_coef": [
    0.0,
    0.09152649973037186,
    0.5284000880046079,
    0.1273208074896337,
    0.23622366932971595,
    0.6400483063982022,
    0.5253212426555391,
    0.6924771780082628,
    0.6624859557907965,
    0.00446308329507738,
    0.7351004555398235,
    1.1247450476718979,
    0.08617131380263374,
    0.6950017815402872,
    0.1509682747727156,
    0.2072493903697783,
    0.09811631385315926,
    0.0,
    0.0,
    0.0,
    0.0036292529184291456,
    0.6340047389900648,
    0.5541657649804778,
    0.6763204057236973,
    0.0,
    0.0,
    0.25670159017399957,
    0.24470519555045162,
    0.32868748157795635,
    1.356205700611027,
    4.390800255448257,
    0.08856741853813396,
    0.0,
    2.3070402188386705,
    0.3298795504023289,
    0.03826417376013681,
    0.2443940296737145,
    0.0,
    0.7873192308247382
  ],
  "target_id": "item__mcq_smooth/truthfulqa_mc1_0shot/choice_logprob",
  "variant": {
    "description": "Empirical comparator: phase-1 multiplier enters exposure for benefit and penalty.",
    "linear_mode": "nnls",
    "name": "dsp_effective_exposure_penalty_nnls",
    "penalty_mode": "log_softplus_squared",
    "phase_mode": "effective_exposure",
    "retention_mode": "none"
  }
}
