{
  "benefit_coef": [
    0.5944757334464579,
    0.6793734344641796,
    0.5767988457189142,
    0.21233150940410658,
    0.3579850849969357,
    0.1667599066158699,
    0.07724589524130611,
    0.8782949818118193,
    0.0,
    0.21034333581278278,
    0.0,
    0.15604273680480615,
    0.1907475526472586,
    0.0,
    0.0,
    0.0,
    0.07738767829106317,
    0.27660859313625163,
    0.22222844395718896,
    0.0056172969984946315,
    0.6653757907509084,
    1.6077532145182358,
    0.0,
    0.0,
    0.0,
    0.0,
    0.8744728860765894,
    0.592597659697296,
    0.19903458415148798,
    0.0,
    0.0,
    0.0,
    0.37893342049241713,
    0.0,
    0.0,
    0.0,
    2.3335305502257806,
    0.0,
    0.0
  ],
  "intercept": 0.00010309644624001642,
  "params": {
    "gamma": 34.54473187128692,
    "rho": [
      0.09896212630004622,
      1.8477402961244926,
      0.314585511037526,
      0.844112944955284,
      0.6719658020107575,
      1.6431807253809074,
      0.8653512936972189,
      2.0,
      1.0,
      1.1057000371704568,
      1.0319353997704088,
      0.4661748293395122,
      0.7588626262664298,
      0.627410571824889,
      0.9955505315798786,
      1.0,
      0.8928470388715652,
      1.1776822251417918,
      1.1980686150191218,
      0.9858624445063083,
      0.5072429410419715,
      1.9925296516195279,
      0.6705349554649487,
      0.9560216555388066,
      0.9707223446680558,
      1.0,
      1.428783799319346,
      0.12438896300720285,
      0.25707107659655276,
      0.020621431229747036,
      0.8018943490440447,
      0.993543581964565,
      0.5323392059743796,
      0.0464926955570257,
      0.29647456665199673,
      0.2932625448112847,
      0.03127500266570609,
      1.0138455455883506,
      0.6615103860702848
    ],
    "tau": [
      2.559916427874033,
      0.2869596385769648,
      2.2367560448898187,
      2.491942050847372,
      3.155747181151608,
      -0.14658377779335993,
      2.823761356272511,
      0.7667451701469364,
      0.994623275760538,
      0.33785962514315565,
      3.316528871365954,
      1.1721248453320403,
      -0.30929369654605404,
      2.3120663291961914,
      2.939502676010303,
      -1.2154082524891763,
      3.3366123126712703,
      0.39923872087050083,
      0.9432143232520587,
      2.834724486449551,
      3.133573888020747,
      2.6889548996875474,
      1.4006232608059324,
      0.890802717496771,
      3.705220992705837,
      0.19997815469876287,
      -1.6401592133527658,
      2.950659004311676,
      2.665483190349445,
      6.763810831848461,
      -1.5378256697145802,
      2.3403591947520277,
      1.3174388436388444,
      6.213691100501781,
      3.5312538303632555,
      4.516423856358241,
      3.1305534025788067,
      0.16857879457145766,
      2.5040107203875146
    ]
  },
  "penalty_coef": [
    0.12476300664052975,
    0.07385783391124699,
    0.14552857048478313,
    0.33257696445150087,
    0.5125613899856774,
    0.09803834538224553,
    0.793632096199205,
    0.09661740281993313,
    0.07793437124348494,
    0.24564157552948301,
    1.5278193266356437,
    0.5623178402775063,
    0.10136596518068715,
    0.45331301596455204,
    0.4325856713510955,
    0.04728643236940465,
    0.8666884916406854,
    0.21663942334332817,
    0.09539246182678839,
    0.3788013818301925,
    0.18791407283642572,
    0.3136119070498637,
    0.06535822893912326,
    0.22434283628276575,
    1.1603600166157515,
    0.10738983421816842,
    0.04249490845193643,
    0.05761731793598913,
    0.58560789405347,
    1.3922055274050311,
    0.13292577644556222,
    0.4464896388863868,
    0.14076454230558,
    1.1279237077801334,
    0.1939252196171003,
    0.40425579743075735,
    0.0,
    0.15016611767089708,
    0.016456430460950792
  ],
  "target_id": "item__teacher_forced/gsm8k_5shot_gold_solution/bpb",
  "variant": {
    "description": "Empirical comparator: phase-1 multiplier enters exposure for benefit and penalty.",
    "linear_mode": "nnls",
    "name": "dsp_effective_exposure_penalty_nnls",
    "penalty_mode": "log_softplus_squared",
    "phase_mode": "effective_exposure",
    "retention_mode": "none"
  }
}
