{
  "benefit_coef": [
    0.24008871611443128,
    0.742184715276491,
    0.0,
    0.0,
    0.0,
    0.1027427391831539,
    0.034476576427130264,
    0.0,
    0.0,
    0.0,
    0.0,
    0.0,
    0.0,
    0.0,
    0.6368645052667196,
    0.0,
    0.18584037452291707,
    3.2588822187442226,
    0.843155111928885,
    0.1693204528680779,
    1.1573728302520567,
    0.0,
    0.058173598007887135,
    0.0,
    0.12559945186311947,
    0.0,
    0.0,
    0.2675359916923216,
    0.0,
    0.0,
    172.53581770788753,
    0.5061115550002434,
    0.17490836372239474,
    0.7585546317308514,
    0.0,
    1.2352614360329817,
    1.4083022647231174,
    0.0,
    0.5082899629145174
  ],
  "intercept": -18.79169278339268,
  "params": {
    "gamma": 4.438155805062541,
    "rho": [
      0.23195334850872099,
      0.39839414199211987,
      0.6320011018003632,
      0.5380966443833191,
      0.363697197351792,
      0.6387467646879164,
      1.0456555239560366,
      0.9702606751020526,
      0.26301265934783913,
      0.20617109931556263,
      0.32321443055545596,
      0.5114818753968113,
      0.09820788978492413,
      0.4405812091632425,
      0.20407792817234294,
      0.3107586582066646,
      0.303147863974619,
      0.3844445202466465,
      0.8029893579826836,
      0.9117124296336676,
      0.6177079078882467,
      1.343738193808004,
      0.20747167049491852,
      0.6394965940698029,
      1.096519268935568,
      0.5340584179062436,
      0.2971266930807659,
      0.17117911128257773,
      0.36292638605225885,
      0.013039279167504324,
      0.09377289755253812,
      0.4324938333966772,
      0.4114725041373697,
      0.02847199119744787,
      0.15891068464226535,
      0.48115768625997996,
      0.04130740757618001,
      0.43902264597714524,
      0.5181707287733733
    ],
    "tau": [
      3.5897342285640677,
      0.20137291959680817,
      3.014601668183086,
      1.5839728565878473,
      2.1733902815504464,
      0.9566918372088022,
      0.9803956516562389,
      2.2512496388001626,
      3.2144719937446142,
      1.9318300637463734,
      1.436319128729768,
      0.6901298677030039,
      -0.2903843153805118,
      0.9284985016486789,
      1.9037635996289792,
      -0.25844020218258273,
      1.8445102066426773,
      0.9176774405619477,
      1.353834770620095,
      0.13768042013219736,
      1.3075128761437302,
      1.0099655791086952,
      1.1320259117542573,
      2.115453181531746,
      1.0273010481207296,
      0.9726448683381619,
      0.6659947049981929,
      3.4538040434051642,
      1.8660900895386219,
      5.337731116804294,
      -1.3679648150761068,
      0.82915138830799,
      1.6206606581534004,
      5.44347213309385,
      2.2631965939905623,
      4.212868542140543,
      1.5878454626976906,
      -0.13206465153587268,
      2.7085613412543856
    ]
  },
  "penalty_coef": [
    0.8671452648198802,
    0.24840588745320424,
    0.9473402710110085,
    0.8902419374935934,
    0.6165431439263567,
    0.30909934056706845,
    0.2148077863686116,
    3.740361052261211,
    0.8665274260278484,
    0.0,
    1.0588359122448217,
    1.0009744812920296,
    0.12200118294238917,
    0.05410287527172065,
    1.4909420159367148,
    0.0009053223920586877,
    0.770099468707173,
    4.29509726333414,
    1.412967195701138,
    0.10537901807578574,
    0.24567873076728547,
    0.0,
    0.20708309474716713,
    1.353763321784004,
    0.13681903390472785,
    0.5548368467618655,
    0.16899318646144304,
    2.324718016757241,
    0.942532343052194,
    1.5867550328323758,
    6.851195406755316,
    0.7911625911294876,
    0.0,
    3.2992874512865837,
    0.09427120547492648,
    0.4501108100290133,
    0.2246399222344842,
    0.017644338025390508,
    0.9257260691302979
  ],
  "target_id": "item__lm_eval/wsc273_0shot/choice_logprob",
  "variant": {
    "description": "Empirical comparator: phase-1 multiplier enters exposure for benefit and penalty.",
    "linear_mode": "nnls",
    "name": "dsp_effective_exposure_penalty_nnls",
    "penalty_mode": "log_softplus_squared",
    "phase_mode": "effective_exposure",
    "retention_mode": "none"
  }
}
