{
  "benefit_coef": [
    1.017017910712842,
    0.10330042479209757,
    0.0,
    0.1406143195798414,
    0.21814625585103614,
    0.0,
    0.0,
    0.42735597900312,
    0.1641839017997565,
    0.1453800365886758,
    0.29772169133045373,
    0.0,
    0.06603045705787283,
    0.24296262283379974,
    0.0,
    0.0,
    0.0,
    0.0,
    0.0,
    0.07515680466602596,
    0.018719272041201135,
    0.5434523420641445,
    0.0,
    0.0,
    0.0,
    0.0,
    0.3858765521905688,
    0.0,
    22.243736435916894,
    0.02999325627475328,
    0.08292415988638041,
    0.17841827707407462,
    1.4353450044750142,
    0.0,
    2.595622061778602,
    0.0,
    0.0,
    1.9345230386523664,
    0.3126531374950312
  ],
  "intercept": 0.4229336263536126,
  "params": {
    "gamma": 20.901384629460786,
    "rho": [
      1.048765113559067,
      0.9680258504000643,
      1.614676075849323,
      1.884078082152193,
      0.9576484627600306,
      2.0,
      2.0,
      0.7356203845299533,
      2.0,
      1.5027114989962893,
      1.985682939309853,
      0.42901419504152105,
      2.0,
      2.0,
      1.9938658289404738,
      2.0,
      2.0,
      2.0,
      1.1644438818413354,
      1.9998509475206077,
      1.0771631034092908,
      2.0,
      1.3168855870232719,
      2.0,
      1.9990050723912423,
      2.0,
      2.0,
      0.9316453647254718,
      0.011769295114860573,
      0.016196204853975545,
      2.0,
      0.7303632217499982,
      0.2995700031135889,
      0.08700664924275017,
      0.07645173821229408,
      0.25577182430045703,
      0.5149812583120302,
      0.0902696845350087,
      1.2556501977248409
    ],
    "tau": [
      -0.7513425418633038,
      1.0228045763007758,
      -1.9766379678608579,
      1.6647326915364988,
      2.0090743419064734,
      -1.5944220550054,
      -1.0209231521044533,
      0.78893101609896,
      3.6048992877167843,
      1.006871393174381,
      -1.6534182296221693,
      -1.4281109831268948,
      -2.0,
      -1.5902151146426906,
      1.4640076653960323,
      -2.0,
      3.3234474076772127,
      -1.53938552739911,
      1.6061129674364787,
      4.100926460389303,
      2.131916496415919,
      3.191221246260151,
      1.677677516514519,
      -0.6341025534350845,
      1.6652001546553417,
      1.4978854909527652,
      4.037741538931593,
      7.205111199201909,
      2.208107456285205,
      4.511943731679061,
      -0.8793396631704421,
      -0.05959504765210246,
      1.3467774844552307,
      4.588416260850843,
      3.750857770799397,
      7.133970579744272,
      3.6683579892240026,
      3.2954687562283866,
      -1.4989866094829822
    ]
  },
  "penalty_coef": [
    0.0183921475956922,
    0.09034450123361142,
    0.01921678032493513,
    0.2732029090191897,
    0.12917514628639415,
    0.03296694298444922,
    0.03620628669501781,
    0.1327146110187638,
    0.8000595700128961,
    0.3768629721742956,
    0.031092324915458644,
    0.046833079275931236,
    0.03014775718871186,
    0.03924247851551289,
    0.11876286249916097,
    0.027353561690553838,
    0.8706995458616354,
    0.061595493870690764,
    0.20977517130389567,
    4.96728515423905,
    0.06116474085364818,
    0.8110079427047008,
    0.08099713489406811,
    0.05158566693752364,
    0.08469453429189243,
    0.20147839404144208,
    2.6207104460470916,
    105.72930550223198,
    2.277461886247245,
    0.1414530714695592,
    0.20130106957029947,
    0.055207269960239586,
    0.0,
    0.17478529097736614,
    0.0,
    34.394001065145005,
    0.10331159026567377,
    25.63214091686232,
    0.018673329427069483
  ],
  "target_id": "item__eval/uncheatable_eval/github_python/bpb",
  "variant": {
    "description": "Empirical comparator: phase-1 multiplier enters exposure for benefit and penalty.",
    "linear_mode": "nnls",
    "name": "dsp_effective_exposure_penalty_nnls",
    "penalty_mode": "log_softplus_squared",
    "phase_mode": "effective_exposure",
    "retention_mode": "none"
  }
}
