{
  "benefit_coef": [
    1.8848646524101733,
    0.03178000862769559,
    0.0,
    0.05570186371775726,
    0.4662931498430669,
    0.2368229984595487,
    0.0,
    0.049014830048836076,
    0.0,
    0.04983961849217719,
    0.11530945589180654,
    0.0,
    0.2770963133261999,
    0.1993668775609706,
    0.0,
    0.0,
    0.3227240729189033,
    0.4733069692075963,
    0.2738223040093457,
    0.0,
    0.0,
    0.4293479478717336,
    0.07071079895835827,
    0.10747179270364834,
    0.0,
    0.31652329935748463,
    0.4727234010481542,
    1.8365658718668052,
    0.2631885735421937,
    0.0018433308072801074,
    0.28190856372825396,
    173.6719904991344,
    0.0,
    0.0,
    0.0,
    0.0,
    0.0,
    0.17905487729892905,
    0.0
  ],
  "intercept": -10.380132212190313,
  "params": {
    "gamma": 12.391455618428191,
    "rho": [
      0.06271609421159384,
      1.5262447986346959,
      1.6310368180234416,
      1.7884049224571696,
      1.999586769883839,
      2.0,
      2.0,
      2.0,
      1.9579523874740825,
      1.703069207913513,
      1.9979798018082013,
      1.9823691552102578,
      2.0,
      1.5071841198832017,
      2.0,
      1.9875109753952145,
      0.5974465462346773,
      2.0,
      1.7530080639651744,
      1.9997780212151794,
      1.0571262043279803,
      1.290267521744881,
      0.8997955138700168,
      2.0,
      2.0,
      0.5060551651286171,
      1.841139030832743,
      2.0,
      0.6739971577174432,
      0.037812255899443266,
      2.0,
      0.005114580860794872,
      1.7227520087667487,
      0.09063497856380366,
      1.1640125382723987,
      0.6167419830441241,
      1.1242966547102868,
      2.0,
      1.193537092903005
    ],
    "tau": [
      3.041748349723838,
      0.7088782347974162,
      2.4088688007254606,
      1.9148655472436793,
      2.8215563626522346,
      -1.7515718419070017,
      0.8303637254552524,
      0.8802755372865263,
      2.064857600746916,
      0.0031439613314798017,
      0.1491543666634042,
      -1.1362458959616382,
      -1.9653985957108573,
      0.803976169731397,
      0.9741969669701851,
      1.0730038295947035,
      0.34256402183127543,
      -1.7383748036921427,
      -0.8223920166987195,
      1.35475975891942,
      3.0876128621104315,
      2.0957155159015532,
      0.9938187115593445,
      -1.5458845590882537,
      2.1071764187909476,
      1.7028539310407376,
      2.1792691502575727,
      -0.22439238378390677,
      1.3272390583935034,
      4.32861436522414,
      -2.0,
      1.122504721697181,
      1.8988407027803667,
      5.329932292369566,
      3.108800810414229,
      4.271395589081252,
      7.215256420708455,
      0.12222152733885545,
      1.7828006585103622
    ]
  },
  "penalty_coef": [
    0.0,
    0.23098666227276915,
    0.5211633975298092,
    0.947212389910887,
    1.3691507410720638,
    0.10260605815184852,
    0.2829972282852586,
    0.2663951453017736,
    0.4980235860477639,
    0.4217905260752725,
    0.20185648243414608,
    0.22241971929521787,
    0.1133174977283375,
    0.37844574941100434,
    0.2369315635796788,
    0.6499562368961642,
    0.18937257892660456,
    0.17714235573735504,
    0.13125028778311265,
    0.41540312605211344,
    0.6883370612901271,
    0.5654985665957325,
    0.147281983887391,
    0.11865268878260075,
    0.5737255640567887,
    0.0,
    0.0,
    0.03650160098816552,
    0.5611295193208433,
    0.43594185379016503,
    0.34631227950816423,
    3.442476340488088,
    0.7623975878436737,
    1.5572150730220387,
    0.386467410741114,
    1.6133964902452376,
    100.78576788879585,
    0.413974146408468,
    0.216918791760097
  ],
  "target_id": "item__eval/uncheatable_eval/arxiv_physics/bpb",
  "variant": {
    "description": "Empirical comparator: phase-1 multiplier enters exposure for benefit and penalty.",
    "linear_mode": "nnls",
    "name": "dsp_effective_exposure_penalty_nnls",
    "penalty_mode": "log_softplus_squared",
    "phase_mode": "effective_exposure",
    "retention_mode": "none"
  }
}
