{
  "benefit_coef": [
    0.0,
    0.0726498709972398,
    0.6681179125066468,
    0.3856214107777734,
    0.3930959507447164,
    0.0,
    0.0,
    0.0,
    0.0,
    46.21123766610595,
    0.0,
    0.19735875521635202,
    0.10773512208455896,
    0.10647711937338285,
    0.0,
    0.18701835607579015,
    0.45174940964250204,
    0.3493704464820247,
    0.16567086587216617,
    0.3843472018010218,
    0.12348329184861775,
    0.3394942609721442,
    0.0,
    1277.0352474821577,
    0.0,
    0.0,
    0.5155541301057954,
    0.0,
    0.6888509815722407,
    3.922599702474318,
    0.5093616045406136,
    0.18154932994286047,
    0.06362261529811787,
    0.0,
    1.4026602267471122,
    1.0834796133065383,
    0.0,
    0.14176176409810948,
    0.2009439931078963
  ],
  "intercept": -4.615157331786866,
  "params": {
    "gamma": 8.779580019702077,
    "rho": [
      0.36243794909825156,
      0.7512895314491363,
      2.0,
      1.1210645385890796,
      0.5190292749197455,
      1.0881376570249346,
      1.0014177040842096,
      0.7175891689935509,
      0.5294707057976487,
      0.004308251705771291,
      0.9998772965389499,
      1.3883936965913295,
      1.458993054824915,
      0.4328918029793957,
      1.0340679897097746,
      1.1467199674198694,
      1.0717507588380089,
      0.8670282250239052,
      2.0,
      0.10235072509601392,
      0.4788487822098831,
      0.36147680907311186,
      0.6465661353611935,
      0.00021662779479798459,
      0.6075043398827206,
      1.0,
      2.0,
      0.6007602638096362,
      0.6277182206039353,
      0.02508554061485214,
      2.0,
      0.5876023244384366,
      0.6828205350507294,
      0.04821523200787509,
      1.5146041121351113,
      0.01437585056109449,
      0.33591831239658393,
      2.0,
      0.6112824426693578
    ],
    "tau": [
      2.831566781112113,
      2.3833398964102814,
      4.271506818106839,
      0.01286183324844418,
      1.5944459678105671,
      -1.6101577995592964,
      3.566865735527821,
      2.6770734792439406,
      4.6332303519039835,
      1.0865024943366515,
      -1.437449607030687,
      -1.6835864789174633,
      -2.0,
      2.8023262417927377,
      2.903256592272551,
      0.7316232175910181,
      -0.2684273331438476,
      0.803233601421859,
      -1.5284656816249702,
      3.839169181487806,
      2.396962408433493,
      0.9437654755428647,
      0.9266619519579223,
      1.221647319034874,
      -0.8144422092732225,
      0.3206752864446207,
      -0.9237378750994354,
      4.784794880730143,
      -0.8127785607811513,
      -1.2280893197291407,
      0.7802943105296687,
      -0.6875691314783955,
      -0.4042152947697969,
      5.9461051134929255,
      0.5611688081752103,
      5.674468189978459,
      3.9469181108425486,
      0.14136520753849594,
      0.54203840251545
    ]
  },
  "penalty_coef": [
    0.5387709286707688,
    0.3941821799083352,
    4.374679728688318,
    0.06910111538395439,
    0.2733797142372925,
    0.07742092295852045,
    8.140528762316897,
    1.676502481105503,
    19.43204550664205,
    0.0,
    0.032925058941394254,
    0.16371013555854458,
    0.10808227763463223,
    0.9826344701294399,
    1.4875717407764482,
    0.0,
    0.08418081480834674,
    0.6877105276598205,
    0.05653405831356132,
    3.728813743361286,
    0.30167697126498394,
    0.21785717486977788,
    0.1138928567755397,
    0.0,
    0.016827996717328028,
    0.19449172906508472,
    0.06893007509485115,
    10.860831532175196,
    0.18381267412387955,
    0.11981588062033804,
    0.07427344654756501,
    0.12667743975271806,
    0.13360704372783655,
    5.488066925345412,
    0.07979747618658956,
    12.128225528277305,
    1.1417823204207058,
    0.07334284441401245,
    0.13471607010165645
  ],
  "target_id": "item__mcq_smooth/swag_0shot/choice_logprob",
  "variant": {
    "description": "Empirical comparator: phase-1 multiplier enters exposure for benefit and penalty.",
    "linear_mode": "nnls",
    "name": "dsp_effective_exposure_penalty_nnls",
    "penalty_mode": "log_softplus_squared",
    "phase_mode": "effective_exposure",
    "retention_mode": "none"
  }
}
