{
  "benefit_coef": [
    0.9223578590715609,
    0.0,
    0.418357842650036,
    0.0,
    0.0,
    0.01684244591346305,
    0.0,
    0.0,
    0.0,
    0.03635847734649044,
    0.21113138572276877,
    0.09141093613002761,
    0.0,
    0.0,
    0.0,
    0.6871245230482522,
    0.0,
    0.0,
    0.0,
    0.0,
    0.0,
    0.09804271281158779,
    0.19301846206536458,
    0.15007630838502634,
    0.0,
    0.309897927550024,
    1.3243353656039034,
    0.0,
    0.4069201029481809,
    0.22944891224191938,
    0.7626516094826603,
    0.0,
    0.0,
    0.12904923293705714,
    0.0,
    0.0,
    0.2579864366099463,
    0.884742795051183,
    0.0
  ],
  "intercept": -0.8584993196103347,
  "params": {
    "gamma": 33.2547088849902,
    "rho": [
      0.9181381603534445,
      2.0,
      1.5007682638752067,
      2.0,
      1.9083398980715953,
      2.0,
      2.0,
      2.0,
      2.0,
      1.9051949142315228,
      2.0,
      1.8415149958472423,
      2.0,
      2.0,
      2.0,
      2.0,
      2.0,
      2.0,
      2.0,
      2.0,
      1.1416712518145942,
      1.9999961308238845,
      1.3299729787858843,
      1.999884741285379,
      2.0,
      1.9253827894704916,
      1.6797470764462532,
      1.1719566743795589,
      2.0,
      0.03977224766821322,
      2.0,
      2.0,
      2.0,
      0.09061627496686643,
      0.5929491333039935,
      0.5865250896225694,
      0.6718333740825361,
      1.999681121795053,
      1.3408232081016702
    ],
    "tau": [
      3.365503902840544,
      2.181969936585888,
      2.8980936081553397,
      1.8101003025153808,
      2.5035016747623104,
      1.5842888685243712,
      2.245000819396915,
      2.1363400906812227,
      2.6555373360777548,
      1.530469616760095,
      1.8898381746819528,
      1.3832220283239702,
      1.6589080590672949,
      1.8580930197845844,
      2.4804198692653747,
      1.756783329432316,
      2.4015226730612365,
      1.5071389404547042,
      1.787310803417058,
      2.031554879704844,
      3.0881653826742324,
      2.3323787720362756,
      3.0168612147197402,
      1.6889357859601688,
      2.5295140038917596,
      1.6617865761685682,
      2.191581509590912,
      3.240041629015646,
      2.1575783319662665,
      5.7752994669189,
      1.1319940651727107,
      1.7327840647921118,
      2.174616982813982,
      5.6669528442964445,
      3.7549698659916793,
      3.852205814623206,
      3.6312907028295998,
      1.3948611051342725,
      2.992698649361052
    ]
  },
  "penalty_coef": [
    0.2506225599681295,
    0.20154531202159054,
    0.17505459804686643,
    0.3111125721279844,
    0.23732310665097325,
    0.4529298541529752,
    0.2624609652208979,
    0.3098649092106793,
    0.13827153141881526,
    0.441271356837405,
    0.2652527358589656,
    0.4613075008993197,
    0.4462650834304273,
    0.2553795274005157,
    0.2023726494155325,
    0.37685605052411675,
    0.2648764416019598,
    0.38618772948854274,
    0.19462917655455672,
    0.14442402434746004,
    0.25621863416736185,
    0.2579438269385029,
    0.22221463516160705,
    0.28804704009855253,
    0.19399102634115006,
    0.15422478051334498,
    0.0,
    0.0757885368914238,
    0.43588474948179606,
    0.4757250073768521,
    1.5635407807859614,
    0.2613984498535097,
    0.3671527427204906,
    1.443755451160694,
    0.13399570807047692,
    0.1932303185922543,
    0.11735786602268121,
    0.07808810907079439,
    0.19851138017086528
  ],
  "target_id": "item__lm_eval/arc_easy_5shot/choice_logprob",
  "variant": {
    "description": "Empirical comparator: phase-1 multiplier enters exposure for benefit and penalty.",
    "linear_mode": "nnls",
    "name": "dsp_effective_exposure_penalty_nnls",
    "penalty_mode": "log_softplus_squared",
    "phase_mode": "effective_exposure",
    "retention_mode": "none"
  }
}
