{
  "benefit_coef": [
    0.19990328957409276,
    0.0,
    0.0,
    0.0,
    0.0,
    1.0168163284003855,
    0.0,
    0.0,
    5.029688547572886,
    0.0,
    0.0,
    0.0,
    0.0,
    0.0,
    0.9404487106906746,
    4.154202038294075,
    0.0,
    0.6108489950151641,
    0.0,
    0.0,
    0.0,
    0.0,
    2.3832156559056803,
    0.03541869361637521,
    0.46212517507243334,
    0.755994428226455,
    0.48506009570820485,
    0.0,
    2.081726001829032,
    0.0,
    0.09957957417300493,
    0.0,
    0.0,
    3.771275888699447,
    0.0,
    0.37558990391843033,
    0.011083892354529426,
    0.6319979488163558,
    0.0
  ],
  "intercept": 11.526996220259766,
  "params": {
    "gamma": 100.00000000000004,
    "rho": [
      0.156358063755819,
      1.922235600070927,
      1.4520744489503832,
      2.0,
      1.713144252967002,
      1.9999931819569354,
      1.727476038282757,
      1.6977821015629004,
      2.0,
      1.0094587484756794,
      1.906042014277289,
      1.749707405434201,
      1.6367056911766573,
      1.7310076903378062,
      1.9783337900685158,
      2.0,
      1.696847443489564,
      0.04132017056899468,
      2.0,
      1.497964972948264,
      1.300215096442238,
      1.581244728154441,
      2.0,
      1.7596039252137157,
      0.8390558693454412,
      2.0,
      0.27864600270403855,
      1.3322918964524981,
      2.0,
      0.0773023263177452,
      1.0193112127745398,
      1.8332682542390777,
      0.8628797244876207,
      0.004301421119642596,
      0.6062140290323049,
      0.6629974572760036,
      0.6017163867107131,
      1.2526897372236858,
      1.5043148418389216
    ],
    "tau": [
      5.14060210690406,
      2.259858312187801,
      4.419305652230297,
      2.6457010682050877,
      5.205189400662316,
      0.031788214391445496,
      1.5405228881692214,
      1.0274325356854164,
      4.454261643996634,
      6.035711497880183,
      1.7290330802335212,
      3.180258475700828,
      -0.6989458806555877,
      3.211860669164064,
      5.826266220109074,
      -2.0,
      3.3857366156995443,
      4.382773370317136,
      2.4070200465803135,
      1.3650829364535737,
      7.146124380849616,
      7.135600091168588,
      0.2579866599926096,
      1.7915770601556769,
      2.648997806732682,
      1.5816068302782882,
      2.3900939783050608,
      0.7831685654428208,
      2.4512635620792316,
      5.5643236551145945,
      3.6689966444569224,
      2.089629086751938,
      -0.5131743584341671,
      2.189746549621952,
      5.9712296839002414,
      2.5661224938464238,
      6.562155795264566,
      0.9760225642358267,
      1.240832717749152
    ]
  },
  "penalty_coef": [
    0.5397226173519332,
    0.0324282234308428,
    0.19571951718017958,
    0.13510550892583786,
    1.5540351735676816,
    0.05003088758077372,
    0.08341872925730168,
    0.0129355566014649,
    0.5804269497621048,
    93.22405606208957,
    0.0888772683247221,
    1.4132825032620968,
    0.0436667441262065,
    0.18280961583813876,
    3.0436034929130242,
    0.02343333165948166,
    0.16072326544689483,
    5.360981214711152,
    0.13988039475149894,
    0.029502396822710726,
    8.435154063235478,
    26.544988486658976,
    0.019327866289172557,
    0.07699558470841446,
    0.08298076629456486,
    0.0,
    0.036888947216740714,
    0.021717137945844355,
    0.24190166431895518,
    0.17801717136829903,
    5.5484012096075475,
    0.0453133567256552,
    0.031776285207330196,
    0.19235639297557586,
    0.6495932416822273,
    0.04806631987240913,
    1.240391318843827,
    0.06631290975894463,
    0.03945670523034417
  ],
  "target_id": "item__lm_eval/openbookqa_0shot/choice_logprob",
  "variant": {
    "description": "Empirical comparator: phase-1 multiplier enters exposure for benefit and penalty.",
    "linear_mode": "nnls",
    "name": "dsp_effective_exposure_penalty_nnls",
    "penalty_mode": "log_softplus_squared",
    "phase_mode": "effective_exposure",
    "retention_mode": "none"
  }
}
