{
  "benefit_coef": [
    0.42072800754743855,
    0.0,
    0.09651341513282675,
    0.20747121354855397,
    0.22780266353578452,
    0.040083874298651664,
    0.0,
    0.0,
    0.0,
    0.0,
    0.0,
    0.20673443696817692,
    0.0,
    0.0,
    0.0,
    0.0,
    0.3928054823820847,
    0.0,
    0.10394573193670467,
    0.0,
    0.2721068117622587,
    0.0,
    0.0,
    0.35329688953829236,
    0.0,
    0.0,
    0.6730936365421367,
    0.0,
    0.0,
    0.0,
    0.0,
    0.0,
    0.0,
    0.0,
    0.0,
    0.0,
    0.0,
    0.26492137756199025,
    0.0
  ],
  "intercept": -2.3682855975045287,
  "params": {
    "gamma": 5.7928638985866385,
    "rho": [
      1.2015406368482062,
      2.0,
      1.4972261818373716,
      1.953068510829317,
      1.8413619838416184,
      2.0,
      2.0,
      2.0,
      2.0,
      2.0,
      2.0,
      1.971762841393648,
      2.0,
      2.0,
      2.0,
      2.0,
      1.8769963889932908,
      1.9999993200550443,
      2.0,
      2.0,
      1.1322792739561773,
      2.0,
      1.3410699109298974,
      1.8509601442528316,
      2.0,
      2.0,
      1.496213520565193,
      1.1105456263630589,
      2.0,
      0.04470673006818222,
      2.0,
      2.0,
      2.0,
      0.09063415717724625,
      0.5929491333039935,
      0.5865250896225694,
      0.6718366247931679,
      1.9903169604997402,
      1.3408232081016702
    ],
    "tau": [
      3.430410909114862,
      2.2138357241875513,
      2.853828448606095,
      1.916667684917098,
      2.563354352573185,
      1.7442767075583137,
      2.2982861173236135,
      2.0973757524832415,
      2.627343342598306,
      1.4981481459160138,
      2.0032334906601443,
      1.399769168537557,
      1.7289651021600412,
      1.8730718574746394,
      2.440145612306644,
      1.7925267311000528,
      2.447209821392616,
      1.4944416134145861,
      1.9339525845268937,
      2.033232816861297,
      3.14150963484623,
      2.448244209565011,
      2.924945244873741,
      1.7216371826985977,
      2.521714578081041,
      1.8153862755620755,
      2.2636818433855606,
      3.3439062782863362,
      2.129595898467698,
      6.192311503151864,
      1.2125234029681267,
      1.7569153748283348,
      1.62557374554495,
      5.3675699133897945,
      3.6627676728034304,
      3.695939605116853,
      3.653601642286611,
      1.3971881587477801,
      2.988622312352879
    ]
  },
  "penalty_coef": [
    0.3053878393547832,
    0.6564982436367374,
    0.7556595707306549,
    0.0,
    0.9769517400053288,
    1.5985429378832072,
    0.9557155318270668,
    1.1187806621562308,
    0.7538166926491374,
    0.6023676200805016,
    0.5097892925833896,
    4.530373412807495,
    0.5948061787086011,
    0.8800944172823829,
    0.859093432673287,
    0.5340460715235831,
    1.6557217595354101,
    0.0,
    0.0920558280215276,
    0.0,
    0.7037243078169876,
    0.12292254876559204,
    0.6306808868331052,
    0.0,
    0.0,
    3.022860751170869,
    1.0847258440045047,
    1.9635647529804054,
    0.7884969095367,
    5.203062664579029,
    0.920538935069499,
    0.9058076508067886,
    0.42726232429720573,
    2.47180732996281,
    0.7151624290477893,
    0.5152596396952919,
    1.4091239676720548,
    4.116225386592799,
    0.4910797088952476
  ],
  "target_id": "item__lm_eval/copa_0shot/choice_logprob",
  "variant": {
    "description": "Empirical comparator: phase-1 multiplier enters exposure for benefit and penalty.",
    "linear_mode": "nnls",
    "name": "dsp_effective_exposure_penalty_nnls",
    "penalty_mode": "log_softplus_squared",
    "phase_mode": "effective_exposure",
    "retention_mode": "none"
  }
}
