{
  "benefit_coef": [
    0.0,
    0.0,
    0.0,
    0.5581938913212753,
    0.0,
    0.433363109344142,
    0.0,
    0.0,
    1.5077550246008413,
    0.7771591975715203,
    3.0858030685103666,
    0.0,
    0.6771369777573939,
    0.0,
    0.0,
    0.22898503264349193,
    0.0,
    0.05966003755889121,
    0.03818913553545817,
    0.0,
    1.8963236257447624,
    0.0,
    1.0283382146077837,
    0.0,
    0.0,
    0.3506286753662481,
    1.6581509844359668,
    3.7922722515306684,
    0.0,
    0.0,
    0.17576867583048927,
    0.5463557615384556,
    0.0,
    2.9359131780858028,
    0.0,
    0.0,
    0.0,
    0.0,
    0.0
  ],
  "intercept": 7.271596908507681,
  "params": {
    "gamma": 57.14362469187536,
    "rho": [
      0.9026353263306924,
      0.29680557306761074,
      1.6102040144564345,
      0.4143402028317846,
      2.0,
      2.0,
      2.0,
      2.0,
      1.894468737477981,
      2.0,
      2.0,
      2.0,
      1.9152113619769247,
      2.0,
      2.0,
      0.5918574941031421,
      2.0,
      1.3121250054138507,
      2.0,
      2.0,
      1.394175380107038,
      2.0,
      1.891335992089012,
      2.0,
      2.0,
      1.3485406357742937,
      0.9923003401066711,
      1.8185893865835345,
      2.0,
      0.04470673006818222,
      1.296841180653964,
      1.346225432812794,
      1.4958549431386101,
      0.06688794963549308,
      0.5929491333039935,
      0.03785586741140258,
      0.6718366247931679,
      2.0,
      1.3408232081016702
    ],
    "tau": [
      5.340705095235524,
      1.4461402796591056,
      2.6346675917798548,
      1.735364260723708,
      0.9729003518958679,
      0.4415447953966558,
      -1.2982324341833977,
      4.116822466844243,
      1.2484059743386948,
      0.8261123810114187,
      2.0316941197368856,
      1.3363393474067045,
      -0.03853475406838722,
      1.1133838859860397,
      0.33907689515301515,
      1.975350769620785,
      1.700359861522029,
      1.0818901766256108,
      0.4665688320912797,
      2.197315601226888,
      2.3454730472299317,
      5.999568673443436,
      3.9273294835509467,
      -1.2894408868636418,
      3.8860293290811727,
      1.2051496922156526,
      -1.0342350610177768,
      3.1976569074411287,
      -0.9587065676711585,
      7.70035324205607,
      1.5569589883116246,
      -0.14516261438350764,
      1.5318940896404016,
      6.494449555074674,
      4.867015994199732,
      3.408013580517312,
      3.6306328821106026,
      -1.127024639213528,
      3.2695569546523138
    ]
  },
  "penalty_coef": [
    1.6294153686590385,
    0.13491258328353276,
    0.08708189878821644,
    0.15098301237839398,
    0.0673870130150547,
    0.07844879161000273,
    0.0504088485560867,
    1.8135438415761516,
    0.08700522349110955,
    0.18738838554599482,
    0.29256588189033034,
    0.4793573772977172,
    0.0869018610784522,
    0.1327983627902755,
    0.034934286208280936,
    0.2257364515936954,
    0.13045823080382501,
    0.2905029787964862,
    0.1142727253777549,
    0.11570104502372015,
    0.09510228609974432,
    18.71361370117645,
    0.34530401441533126,
    0.04662338526922402,
    0.728794026062208,
    0.17754326456937933,
    0.04056634294858693,
    0.029724861590744365,
    0.056856455418186486,
    2.1906891546808107,
    1.4211689666566167,
    0.1016396086820377,
    0.09376229317593424,
    0.5960043917386776,
    0.34406202634166766,
    0.06949453034609543,
    0.0,
    0.16529289307867734,
    0.19252514474134208
  ],
  "target_id": "item__lm_eval/csqa_5shot/choice_logprob",
  "variant": {
    "description": "Empirical comparator: phase-1 multiplier enters exposure for benefit and penalty.",
    "linear_mode": "nnls",
    "name": "dsp_effective_exposure_penalty_nnls",
    "penalty_mode": "log_softplus_squared",
    "phase_mode": "effective_exposure",
    "retention_mode": "none"
  }
}
