{
  "benefit_coef": [
    0.9341534299692198,
    0.0,
    0.0,
    0.0,
    0.1726298050921595,
    0.3917985380910584,
    0.0,
    0.0,
    0.13395197681283505,
    0.0,
    0.6415678355725407,
    0.0,
    0.34828197855174714,
    0.6577518329232037,
    0.7018732366717195,
    0.0,
    0.0,
    0.0,
    1.0466854958380807,
    0.0,
    0.5793478820124486,
    0.1554746950462053,
    0.0,
    0.0,
    0.0,
    0.0,
    0.28184602861299035,
    0.0,
    0.8005126600934062,
    0.0,
    0.6262612910168026,
    0.08531991217690851,
    0.0,
    0.0,
    0.0,
    1.4680077425520575,
    2.3777183833997504,
    1.099307087585406,
    0.0
  ],
  "intercept": -0.6474241440998403,
  "params": {
    "gamma": 37.38084569838854,
    "rho": [
      0.3341948049154635,
      2.0,
      0.8321278503936027,
      1.6994676411933212,
      1.9999488312087963,
      2.0,
      2.0,
      2.0,
      1.162942006286552,
      2.0,
      1.7049791249525004,
      2.0,
      1.7306848845357428,
      0.23791225589227014,
      0.06587173615296431,
      1.152527227966547,
      2.0,
      2.0,
      2.0,
      2.0,
      0.23026457098685743,
      1.9786537285179988,
      1.3410699109298974,
      2.0,
      2.0,
      2.0,
      1.263508320597339,
      1.1105456263630589,
      2.0,
      0.04470673006818222,
      2.0,
      1.5162251811255385,
      2.0,
      0.09285251650566771,
      0.5929491333039935,
      0.20514142276858283,
      1.1733999271749993,
      0.2755978020794691,
      0.6973861829204905
    ],
    "tau": [
      0.8239242623096072,
      2.313791859873478,
      3.0609728261386135,
      1.2949464840529865,
      3.129519578107399,
      0.17776183068447476,
      -0.46895708139987086,
      2.295607330443177,
      3.357963789389172,
      3.2439586907131375,
      1.9483536085272462,
      -0.40859334551728976,
      -1.06592354735559,
      2.0155143643087623,
      3.110865046967566,
      1.094716807755604,
      4.462109673560467,
      0.820680152586358,
      -0.30052463328696494,
      4.006929858519641,
      2.6121133943703643,
      3.661369357226136,
      2.2293613220775264,
      2.0284581880819146,
      4.264427818022028,
      2.349269775186698,
      1.9005037162346576,
      3.1409257413700424,
      2.4263839051869827,
      2.949863271116605,
      -0.5646440591434558,
      1.1068571034561834,
      1.8650895629713231,
      4.745395730197148,
      5.182014490304128,
      5.202685322074315,
      3.1485793741946035,
      1.7578422092036274,
      3.7444334652012317
    ]
  },
  "penalty_coef": [
    0.08120275164332859,
    0.10358417093869002,
    0.20118462147266009,
    0.20561272799265215,
    0.5314908643774953,
    0.15495492054026716,
    0.0729495972398603,
    0.16939766723637406,
    0.34970403911917836,
    4.871007147445682,
    0.33684595740040274,
    0.16126063196492807,
    0.09294232217596285,
    0.0,
    0.2952457285624109,
    0.2301079766921433,
    2.6245562272291023,
    0.2198806645973303,
    0.07804098609023552,
    2.059882105311107,
    0.17071046682546845,
    1.2085702368129188,
    0.1043687262714967,
    0.5893906346380257,
    1.8283519335907714,
    0.8653467830545855,
    0.20534320506621861,
    0.12858956515575684,
    0.6180184678790566,
    0.09709265307174567,
    0.25490454122527095,
    0.19215277316588694,
    0.23822985515803835,
    0.4435622935208901,
    0.9985186454639388,
    1.558707502933066,
    0.16601243963664034,
    0.9524353178002831,
    0.6296921816283336
  ],
  "target_id": "item__lm_eval/piqa_5shot/choice_logprob",
  "variant": {
    "description": "Empirical comparator: phase-1 multiplier enters exposure for benefit and penalty.",
    "linear_mode": "nnls",
    "name": "dsp_effective_exposure_penalty_nnls",
    "penalty_mode": "log_softplus_squared",
    "phase_mode": "effective_exposure",
    "retention_mode": "none"
  }
}
