{
  "benefit_coef": [
    500.8658052618975,
    0.0,
    0.0,
    0.02705508552398365,
    0.22514060232346486,
    0.0,
    0.0,
    0.08389761655527057,
    0.10925594252609727,
    19.927045649687813,
    0.0,
    0.0,
    2.0461844160487317,
    0.2811418628424231,
    0.0,
    0.2965768067422171,
    0.2767454488654854,
    0.38822452961163023,
    0.0,
    0.0044173609502117465,
    0.03857521831698,
    0.5129250397526756,
    0.22234077562790053,
    0.0,
    0.07145982933576939,
    6.706859832160063,
    66.41194554177052,
    0.1256235153620743,
    0.6798357071457538,
    2.26161328006965,
    9.809776321676857,
    209.04360667613093,
    0.0,
    1.3247054781697298,
    0.0,
    0.0,
    3.342461247313772,
    1.0804242440350027,
    0.2559934280496621
  ],
  "intercept": -9.280270001005546,
  "params": {
    "gamma": 10.451963656043866,
    "rho": [
      0.000218064382123072,
      0.5508116164680394,
      0.655211454001074,
      0.45185542635182946,
      0.264105771542156,
      0.6439299353521547,
      1.2456442037515576,
      1.3423428721600537,
      0.25025338980401707,
      0.18470024917108227,
      0.35799659030248127,
      0.5129097253747372,
      0.057605484842437917,
      1.355520835982624,
      0.20903011688044093,
      0.7520839274508115,
      0.8696846749531206,
      0.42184145783684907,
      0.6669869459600181,
      0.9928785369533915,
      0.053677784981337226,
      1.379191544619106,
      0.17951104362045092,
      0.6389744930342554,
      1.9613228605019786,
      0.04245460912927602,
      0.03831959214757553,
      0.13463334188117254,
      1.2458538220773967,
      0.01817207405281941,
      0.045656608952059044,
      0.005185048305888364,
      0.4472660552460187,
      0.011645811697970953,
      0.2283496861726208,
      0.18804512882066224,
      0.03937541464010223,
      0.3421079915517226,
      0.43949657276948156
    ],
    "tau": [
      3.5126269705523008,
      -0.007902348157530761,
      2.91838073529787,
      2.94271724783038,
      2.5819808661015893,
      -1.1980939058717666,
      0.8505513499574685,
      2.4172634749251434,
      4.109011624296146,
      -1.3246141147112538,
      -1.329622607278297,
      0.18060522119715203,
      -1.659538700953022,
      -0.5264949112931926,
      -0.3399375157574233,
      -0.1104028977128437,
      -0.9180653032508873,
      0.43175481100432156,
      -1.5395865583856854,
      0.2940636285550443,
      3.8009381615087667,
      2.171700516065661,
      -0.33950325827202227,
      -1.5617622037247487,
      0.7945810187580898,
      1.1266244761749857,
      0.5147214396410247,
      0.8580966565008553,
      0.40012111732042754,
      0.010987310775275101,
      -1.6771633058663766,
      0.9950824405667255,
      -0.1566363723547296,
      4.224482510068163,
      5.881154780067683,
      4.0339285188159035,
      -1.6081380968473276,
      -0.1674248006802711,
      0.7500461320355728
    ]
  },
  "penalty_coef": [
    4.477362056847531,
    0.05583120280912499,
    0.6661006836893395,
    1.537096636593493,
    0.8137046743247387,
    0.02928624133428469,
    0.1241426154296557,
    0.4532070715467832,
    5.157106648231101,
    1.710101301860572,
    0.0595778214555382,
    0.11973816339613283,
    0.12063467715104648,
    0.09068797680725942,
    0.05906499681007155,
    0.16273360647451168,
    0.05754291849579237,
    0.2435617211768004,
    0.03171310311834103,
    0.06636043540341172,
    1.2683209784308311,
    0.20914436156325705,
    0.04730436348334662,
    0.06387408706481838,
    0.11178730640309467,
    0.3614532836202601,
    5.194734805671675,
    0.025839006369871447,
    0.14778833683244896,
    0.11084775810815799,
    0.2524537114261742,
    3.1218586964210275,
    0.04933542104034206,
    0.6998761423635815,
    10.185783444046274,
    0.6406789358990769,
    0.10397442594029438,
    0.2306132778360592,
    0.07780007648127457
  ],
  "target_id": "item__eval/uncheatable_eval/arxiv_computer_science/bpb",
  "variant": {
    "description": "Empirical comparator: phase-1 multiplier enters exposure for benefit and penalty.",
    "linear_mode": "nnls",
    "name": "dsp_effective_exposure_penalty_nnls",
    "penalty_mode": "log_softplus_squared",
    "phase_mode": "effective_exposure",
    "retention_mode": "none"
  }
}
