{
  "variant": "domain_no_phase_penalty_157",
  "params": {
    "rho": [
      0.45321332618846294,
      1.0,
      0.8131177035843556,
      1.0,
      1.000046419848972,
      0.9999934080725181,
      1.0,
      1.0,
      1.0,
      1.0,
      0.9999833370790072,
      1.0000031644875718,
      1.0,
      1.0,
      1.0,
      1.0,
      1.0,
      1.000010605114732,
      1.0,
      1.0,
      0.573315682712915,
      1.0000264534951173,
      0.6717629253007742,
      0.999996463598975,
      1.0000344761417055,
      1.0,
      1.0,
      0.555772434042684,
      1.000015470036674,
      0.022261942116294706,
      1.0,
      0.9999892669765087,
      1.000120398791309,
      0.044924499889436066,
      0.297758547004599,
      0.293550666658711,
      0.3367717446063678,
      1.0000002647188375,
      0.67117813391385
    ],
    "tau": [
      2.8644069555786578,
      1.6978340470754083,
      2.3928512667727606,
      1.4167240629623419,
      2.0594578070313148,
      1.2372572588213027,
      1.709859179010334,
      1.5947434023048943,
      2.1390120067346245,
      0.9906114549093796,
      1.4988347839539449,
      0.8961989672635079,
      1.2236028862464925,
      1.436007767522037,
      1.9702954342058425,
      1.272761426727067,
      1.9447777485632822,
      0.9974516858430934,
      1.3506351533886893,
      1.5433587302375442,
      2.591804079476922,
      1.8944917086369133,
      2.508058397013821,
      1.2238989311449533,
      2.022683162006255,
      1.175111937672838,
      1.6923615997764652,
      2.7408250985474027,
      1.6384159463395167,
      5.5003233337150785,
      0.6894539041163138,
      1.298553466141227,
      1.5767345874678316,
      5.042115377997706,
      3.2509885919160846,
      3.3075289707329945,
      3.130964084607348,
      0.8950534127217152,
      2.494846600136755
    ]
  },
  "intercept": 0.933192998346621,
  "benefit_coef": [
    0.0075334600661583085,
    0.0,
    0.0,
    0.0,
    0.0012351338792018615,
    0.0002465897194984379,
    0.0,
    0.0,
    0.0,
    0.0,
    0.008064474040929758,
    0.003634888886464233,
    0.0,
    0.0,
    0.0,
    0.0,
    0.0,
    0.01561024048014266,
    0.0,
    0.0,
    0.0033982193987009772,
    0.010633052098092293,
    0.0,
    0.01572938166216475,
    0.00345591529659709,
    0.0,
    0.0,
    0.0,
    0.019706852563768768,
    0.0,
    0.0,
    0.003237106225415899,
    0.01877388867823336,
    0.0,
    0.010617881314381863,
    0.0,
    0.0,
    0.01858816132227293,
    0.0
  ],
  "penalty_coef": [
    0.008020445476182091,
    0.0029599696608081623,
    0.013775321115363583,
    0.017023386608261443,
    0.009267604011953045,
    0.0231904760733529,
    0.02386277592372663,
    0.027475224691405856,
    0.010057500629021185,
    0.009533145309903847,
    0.03223566717878902,
    0.022669546101028528,
    0.033943518238233016,
    0.019551322166946525,
    0.01927743410920159,
    0.009758938121606334,
    0.019485909697473148,
    0.07713684931440161,
    0.03408077167243136,
    0.0028458900597915443,
    0.022934878206039268,
    0.03442240131233529,
    0.017253574938552462,
    0.061603109033297736,
    0.006120354442313303,
    0.0021759096639053076,
    0.02153962903377669,
    0.02124889346763166,
    0.017833499566589913,
    0.07212926806705325,
    0.0399695848252741,
    0.022697211881751417,
    0.0008354128387088002,
    0.04927024417712785,
    0.016727515233597487,
    0.012510715464966116,
    0.004102849414267863,
    0.06745341816644601,
    0.01905185715005588
  ],
  "metrics": {
    "variant": "domain_no_phase_penalty_157",
    "description": "Raw total exposure, per-domain saturation and penalty, no phase term.",
    "fit_scale": "300m_6b",
    "fit_run_set": "swarm_like_300m",
    "fit_row_count": 242,
    "total_param_count": 157,
    "train_rmse": 0.014187460844186813,
    "train_spearman": 0.6394880529169477,
    "train_pearson": 0.6439798226014073,
    "cv_rmse": 0.019480101271621746,
    "cv_mae": 0.015189054679466263,
    "oof_spearman": 0.3064667378762689,
    "oof_pearson": 0.2979795577058017,
    "cv_foldmean_regret_at_1": 0.00564682483673089,
    "cv_regret_at_1": 0.0,
    "lower_tail_optimism": 0.010248053073817603,
    "raw_predicted_optimum_value": 0.9211069406483827,
    "raw_nearest_observed_tv": 0.5000000000000001,
    "raw_nearest_observed_run_name": "baseline_stratified",
    "raw_nearest_observed_value": 0.9688005447387696,
    "raw_phase0_lt_1e4": 37,
    "raw_phase1_lt_1e4": 28,
    "phase0_max_weight": 0.9393764766857856,
    "phase1_max_weight": 0.13823943897152202,
    "optimum_success": true,
    "optimum_message": "CONVERGENCE: NORM OF PROJECTED GRADIENT <= PGTOL"
  }
}
