{
  "grouped_oof_summary": [
    {
      "n": 641,
      "rmse": 0.026801058851985943,
      "mae": 0.01588403449643379,
      "pearson": 0.9403467288650326,
      "spearman": 0.928529458935367,
      "actual_std": 0.07844420156998826,
      "predicted_std": 0.0762074302269439,
      "predicted_actual_std_ratio": 0.9714858294395577,
      "regret_at_1": 0.041498541831970215,
      "chosen_actual": 0.8275384306907654,
      "best_actual": 0.7860398888587952,
      "top8_overlap": 0.625,
      "model": "dsp_vs_centered_no_amp",
      "description": "Centered variable-scale DSP with no mixture-effect amplitude scaling.",
      "split": "grouped_oof",
      "parameter_count": 163,
      "train_objective": 0.021407765573599517,
      "optimizer_success": true,
      "optimizer_message": "CONVERGENCE: RELATIVE REDUCTION OF F <= FACTR*EPSMCH"
    },
    {
      "n": 641,
      "rmse": 0.02711471027909578,
      "mae": 0.015713394522936203,
      "pearson": 0.9391186566702011,
      "spearman": 0.9233392898800066,
      "actual_std": 0.07844420156998826,
      "predicted_std": 0.07662390461810892,
      "predicted_actual_std_ratio": 0.9767950095042365,
      "regret_at_1": 0.041498541831970215,
      "chosen_actual": 0.8275384306907654,
      "best_actual": 0.7860398888587952,
      "top8_overlap": 0.75,
      "model": "dsp_vs_centered_shared_amp",
      "description": "Centered variable-scale DSP with one shared N-dependent mixture amplitude.",
      "split": "grouped_oof",
      "parameter_count": 164,
      "train_objective": 0.020839253212589486,
      "optimizer_success": true,
      "optimizer_message": "CONVERGENCE: RELATIVE REDUCTION OF F <= FACTR*EPSMCH"
    },
    {
      "n": 641,
      "rmse": 0.02633433504161532,
      "mae": 0.015310009467271101,
      "pearson": 0.9425533766229819,
      "spearman": 0.9273912603700412,
      "actual_std": 0.07844420156998826,
      "predicted_std": 0.076547071049683,
      "predicted_actual_std_ratio": 0.9758155417183687,
      "regret_at_1": 0.023234963417053223,
      "chosen_actual": 0.8092748522758484,
      "best_actual": 0.7860398888587952,
      "top8_overlap": 0.75,
      "model": "dsp_vs_centered_split_amp",
      "description": "Centered variable-scale DSP with separate N-dependent benefit and penalty amplitudes.",
      "split": "grouped_oof",
      "parameter_count": 165,
      "train_objective": 0.020703723764981523,
      "optimizer_success": true,
      "optimizer_message": "CONVERGENCE: RELATIVE REDUCTION OF F <= FACTR*EPSMCH"
    },
    {
      "n": 641,
      "rmse": 0.026579752634864107,
      "mae": 0.01566334439896564,
      "pearson": 0.9414435164448478,
      "spearman": 0.9303883206730139,
      "actual_std": 0.07844420156998826,
      "predicted_std": 0.07648303002135376,
      "predicted_actual_std_ratio": 0.9749991521440278,
      "regret_at_1": 0.041498541831970215,
      "chosen_actual": 0.8275384306907654,
      "best_actual": 0.7860398888587952,
      "top8_overlap": 0.625,
      "model": "dsp_vs_centered_exposure_scaled",
      "description": "Centered variable-scale DSP with a learned D-dependent multiplier inside DSP exposure.",
      "split": "grouped_oof",
      "parameter_count": 164,
      "train_objective": 0.02132868192792868,
      "optimizer_success": true,
      "optimizer_message": "CONVERGENCE: RELATIVE REDUCTION OF F <= FACTR*EPSMCH"
    }
  ],
  "leave_scale_summary": [
    {
      "n": 39,
      "rmse": 0.011688307415891986,
      "mae": 0.009999435875335215,
      "pearson": 0.8361565459793325,
      "spearman": 0.8220647773279353,
      "actual_std": 0.018844469993040718,
      "predicted_std": 0.018861699381660768,
      "predicted_actual_std_ratio": 1.0009142941471112,
      "regret_at_1": 0.0,
      "chosen_actual": 1.055487871170044,
      "best_actual": 1.055487871170044,
      "top8_overlap": 0.625,
      "model": "dsp_vs_centered_no_amp",
      "split": "leave_scale_130m_2p6b",
      "scale": "130m_2p6b"
    },
    {
      "n": 4,
      "rmse": 0.016117500547931943,
      "mae": 0.01355578060712967,
      "pearson": 0.5996101731999517,
      "spearman": 0.7999999999999999,
      "actual_std": 0.01834397465097202,
      "predicted_std": 0.009770201850106559,
      "predicted_actual_std_ratio": 0.5326109546051325,
      "regret_at_1": 0.0,
      "chosen_actual": 0.7860398888587952,
      "best_actual": 0.7860398888587952,
      "top8_overlap": 1.0,
      "model": "dsp_vs_centered_no_amp",
      "split": "leave_scale_1_2b_24b",
      "scale": "1_2b_24b"
    },
    {
      "n": 268,
      "rmse": 0.018334598176642534,
      "mae": 0.015069410147818334,
      "pearson": 0.7684676265506751,
      "spearman": 0.7425686404450742,
      "actual_std": 0.01987911839371482,
      "predicted_std": 0.0222110144454219,
      "predicted_actual_std_ratio": 1.1173037961504548,
      "regret_at_1": 0.0,
      "chosen_actual": 0.9346421957015992,
      "best_actual": 0.9346421957015992,
      "top8_overlap": 0.5,
      "model": "dsp_vs_centered_no_amp",
      "split": "leave_scale_300m_6b",
      "scale": "300m_6b"
    },
    {
      "n": 37,
      "rmse": 0.012619179445017595,
      "mae": 0.009688462066847111,
      "pearson": 0.8181333545731244,
      "spearman": 0.8615457562825983,
      "actual_std": 0.019612114745099423,
      "predicted_std": 0.02126470960370699,
      "predicted_actual_std_ratio": 1.0842639807122538,
      "regret_at_1": 0.004697144031524658,
      "chosen_actual": 0.8469223380088806,
      "best_actual": 0.842225193977356,
      "top8_overlap": 0.75,
      "model": "dsp_vs_centered_no_amp",
      "split": "leave_scale_520m_10p4b",
      "scale": "520m_10p4b"
    },
    {
      "n": 293,
      "rmse": 0.04451056085043691,
      "mae": 0.020516335605397677,
      "pearson": 0.40241150991123975,
      "spearman": 0.7471650919132017,
      "actual_std": 0.04334024561371067,
      "predicted_std": 0.029801410551004368,
      "predicted_actual_std_ratio": 0.68761517451061,
      "regret_at_1": 0.035741209983825684,
      "chosen_actual": 1.0675599575042725,
      "best_actual": 1.0318187475204468,
      "top8_overlap": 0.375,
      "model": "dsp_vs_centered_no_amp",
      "split": "leave_scale_60m_1p2b",
      "scale": "60m_1p2b"
    },
    {
      "n": 39,
      "rmse": 0.07328651293497489,
      "mae": 0.059502925287120687,
      "pearson": 0.10533066036748139,
      "spearman": -0.03502024291497976,
      "actual_std": 0.018844469993040718,
      "predicted_std": 0.072171125144424,
      "predicted_actual_std_ratio": 3.829830458011123,
      "regret_at_1": 0.0,
      "chosen_actual": 1.055487871170044,
      "best_actual": 1.055487871170044,
      "top8_overlap": 0.25,
      "model": "dsp_vs_centered_shared_amp",
      "split": "leave_scale_130m_2p6b",
      "scale": "130m_2p6b"
    },
    {
      "n": 4,
      "rmse": 0.0174772973162887,
      "mae": 0.0152496601713972,
      "pearson": 0.4408432624106623,
      "spearman": 0.39999999999999997,
      "actual_std": 0.01834397465097202,
      "predicted_std": 0.002792769937875835,
      "predicted_actual_std_ratio": 0.1522445375668817,
      "regret_at_1": 0.041498541831970215,
      "chosen_actual": 0.8275384306907654,
      "best_actual": 0.7860398888587952,
      "top8_overlap": 1.0,
      "model": "dsp_vs_centered_shared_amp",
      "split": "leave_scale_1_2b_24b",
      "scale": "1_2b_24b"
    },
    {
      "n": 268,
      "rmse": 0.016832157142601115,
      "mae": 0.013694568263759786,
      "pearson": 0.7746007651132476,
      "spearman": 0.747214389603297,
      "actual_std": 0.01987911839371482,
      "predicted_std": 0.020459585441709175,
      "predicted_actual_std_ratio": 1.0291998385691934,
      "regret_at_1": 0.0,
      "chosen_actual": 0.9346421957015992,
      "best_actual": 0.9346421957015992,
      "top8_overlap": 0.5,
      "model": "dsp_vs_centered_shared_amp",
      "split": "leave_scale_300m_6b",
      "scale": "300m_6b"
    },
    {
      "n": 37,