{
  "variant": "dsp_effective_exposure_penalty_nnls",
  "params": {
    "rho": [
      0.06451899879268669,
      1.035278432900165,
      0.8132991052301201,
      0.8356957132803724,
      0.574621248552961,
      0.9802523943791842,
      1.0,
      0.9574877986119953,
      0.999157023976334,
      1.0051903604862926,
      0.9748893020373425,
      1.612963070031394,
      1.0,
      0.9952889553147688,
      1.0,
      0.9963376510796765,
      0.9975083375242322,
      1.0097433633047945,
      0.9940840664150421,
      1.9594004401447183,
      1.7852164505378112,
      0.24215458328908265,
      0.43755738309968034,
      0.4925259667434382,
      1.1532673251630565,
      0.949511622160722,
      0.28528609685095907,
      0.5552734354281684,
      1.1521565160381968,
      0.037545246666210966,
      1.0671166648811585,
      0.999229592221379,
      0.9076804441518875,
      0.059471361192602386,
      0.0007327138907940174,
      0.2932625448112847,
      0.2006548392646771,
      1.7489218095893855,
      0.6581306488483618
    ],
    "tau": [
      4.501349384967824,
      0.15238018187183014,
      1.9167905365435256,
      2.7386869635201716,
      2.4851955751152794,
      -1.2304690432136192,
      0.2222550664565096,
      0.8343306141301895,
      1.1669268739190124,
      -0.0797600125630954,
      -0.22942691617972713,
      0.6789490202007835,
      0.17249573291089854,
      0.7774704335811741,
      0.17488995283944792,
      1.1786649465260346,
      0.5304589742760835,
      -1.5956809926656987,
      1.7481602373709508,
      0.9903256408125295,
      2.2619641313575998,
      3.7012529473894866,
      3.630641483221391,
      1.455626210153847,
      1.6817844901703622,
      1.4273012822054536,
      2.219575858155353,
      1.7787755103538794,
      1.6438517119110445,
      0.1093606236048832,
      0.633236909468217,
      1.4513445860992948,
      1.4978124328436904,
      -1.8098914100564127,
      3.5932417810556787,
      6.030719665728665,
      4.45542198702544,
      0.3932260090709697,
      2.080025805029413
    ],
    "gamma": 5.843979515849108
  },
  "intercept": 0.9335026647437127,
  "benefit_coef": [
    0.00495452426452302,
    0.0031740305720325762,
    0.0,
    0.0,
    0.0020819855077267215,
    0.00390820207732619,
    0.0,
    0.0,
    0.0,
    0.0,
    0.002477991245504596,
    0.0038939369490192653,
    0.0,
    0.0,
    0.0,
    0.0,
    0.00197766274392587,
    0.0,
    0.0,
    0.002704569551718209,
    0.009001777299746678,
    0.0010296500818474813,
    0.0,
    0.0,
    0.0,
    0.0,
    0.004017055769411528,
    0.0,
    0.036867875664609466,
    0.02153132994984168,
    0.007701045953664391,
    0.0,
    0.02817941678692248,
    0.03807038959462163,
    3.3674991540454764,
    0.0,
    0.0006718317130638586,
    0.012691888315991244,
    0.0
  ],
  "penalty_coef": [
    0.15499114742983433,
    0.004213325857895338,
    0.010780720154316765,
    0.0933330150899314,
    0.023744521750108476,
    0.003130172542648395,
    0.004498026579501207,
    0.007326060762713117,
    0.006223651581793356,
    0.00844315576707689,
    0.0045999940720530715,
    0.029683373051128784,
    0.006255187129427449,
    0.010642793025894777,
    0.003302474784817164,
    0.018792667695731936,
    0.00578749353700672,
    0.0031328483358720213,
    0.04012731121831624,
    0.008694679877931936,
    0.010442705508547345,
    0.21165415497531367,
    0.08642864357054976,
    0.011970340151567265,
    0.008797942300958225,
    0.008615452458580156,
    0.027480369017176088,
    0.005656720608185309,
    0.0,
    0.0018537847324777352,
    0.06706469425700419,
    0.006374391994439578,
    0.0,
    0.0016672656761457865,
    0.1776301353858526,
    1.945270029522536,
    0.08778075108826078,
    0.02234429259605821,
    0.01073037621878917
  ],
  "metrics": {
    "variant": "dsp_effective_exposure_penalty_nnls",
    "description": "Empirical comparator: phase-1 multiplier enters exposure for benefit and penalty.",
    "phase_mode": "effective_exposure",
    "retention_mode": "none",
    "penalty_mode": "log_softplus_squared",
    "linear_mode": "nnls",
    "m_dependent_params_per_domain": 4,
    "total_param_count": 158,
    "fitted_gamma": 5.843979515849108,
    "fitted_gamma_benefit": 0.0,
    "fitted_gamma_saturation": 5.843979515849108,
    "fitted_gamma_penalty": 5.843979515849108,
    "fitted_lam": NaN,
    "train_rmse": 0.005563281734639518,
    "train_spearman": 0.9439112191532663,
    "train_pearson": 0.9574589101834132,
    "cv_rmse": 0.007280250457301021,
    "cv_mae": 0.005895840202070809,
    "oof_spearman": 0.9035757635028351,
    "oof_pearson": 0.9263880051775594,
    "cv_foldmean_regret_at_1": 0.002564620971679732,
    "cv_regret_at_1": 0.0,
    "lower_tail_optimism": 0.003167299638160366,
    "raw_predicted_optimum_value": 0.914214589408247,
    "raw_nearest_observed_tv": 0.8092461089187183,
    "raw_nearest_observed_run_name": "run_00200",
    "raw_nearest_observed_value": 1.0687605142593384,
    "raw_phase0_support_gt_1e3": 9,
    "raw_phase1_support_gt_1e3": 2,
    "phase0_max_weight": 0.7934391266070179,
    "phase1_max_weight": 0.8209789479747192,
    "optimum_success": true,
    "optimum_message": "CONVERGENCE: NORM OF PROJECTED GRADIENT <= PGTOL"
  }
}
