run_order,run_name,component_position,component,bpb,provenance
3,apriori_swarm_003_proportional_repeat_block0,0,olmo_base_eval/easy_bpb/minerva_math_algebra/bpb,1.153176772257188,wandb_summary_validated
3,apriori_swarm_003_proportional_repeat_block0,1,olmo_base_eval/easy_bpb/minerva_math_counting_and_probability/bpb,1.0297237346577102,wandb_summary_validated
3,apriori_swarm_003_proportional_repeat_block0,2,olmo_base_eval/easy_bpb/minerva_math_geometry/bpb,1.173498713849927,wandb_summary_validated
3,apriori_swarm_003_proportional_repeat_block0,3,olmo_base_eval/easy_bpb/minerva_math_intermediate_algebra/bpb,1.117802548145566,wandb_summary_validated
3,apriori_swarm_003_proportional_repeat_block0,4,olmo_base_eval/easy_bpb/minerva_math_number_theory/bpb,1.1253013897788802,wandb_summary_validated
3,apriori_swarm_003_proportional_repeat_block0,5,olmo_base_eval/easy_bpb/minerva_math_prealgebra/bpb,1.0549660643566732,wandb_summary_validated
3,apriori_swarm_003_proportional_repeat_block0,6,olmo_base_eval/easy_bpb/minerva_math_precalculus/bpb,0.977483353486044,wandb_summary_validated
3,apriori_swarm_003_proportional_repeat_block0,7,olmo_base_eval/easy_bpb/codex_humaneval/bpb,1.0204000343622528,wandb_summary_validated
3,apriori_swarm_003_proportional_repeat_block0,8,olmo_base_eval/easy_bpb/mbpp/bpb,1.1328818797448907,wandb_summary_validated
3,apriori_swarm_003_proportional_repeat_block0,9,olmo_base_eval/easy_bpb/mt_mbpp_bash/bpb,1.2633861152947936,wandb_summary_validated
3,apriori_swarm_003_proportional_repeat_block0,10,olmo_base_eval/easy_bpb/mt_mbpp_c/bpb,0.7129310105754453,wandb_summary_validated
3,apriori_swarm_003_proportional_repeat_block0,11,olmo_base_eval/easy_bpb/mt_mbpp_cpp/bpb,0.6772720672064974,wandb_summary_validated
3,apriori_swarm_003_proportional_repeat_block0,12,olmo_base_eval/easy_bpb/mt_mbpp_csharp/bpb,0.5715512778653447,wandb_summary_validated
3,apriori_swarm_003_proportional_repeat_block0,13,olmo_base_eval/easy_bpb/mt_mbpp_go/bpb,0.8589535145134398,wandb_summary_validated
3,apriori_swarm_003_proportional_repeat_block0,14,olmo_base_eval/easy_bpb/mt_mbpp_haskell/bpb,1.697036888930658,wandb_summary_validated
3,apriori_swarm_003_proportional_repeat_block0,15,olmo_base_eval/easy_bpb/mt_mbpp_java/bpb,0.5037676349970559,wandb_summary_validated
3,apriori_swarm_003_proportional_repeat_block0,16,olmo_base_eval/easy_bpb/mt_mbpp_javascript/bpb,0.8318639819649934,wandb_summary_validated
3,apriori_swarm_003_proportional_repeat_block0,17,olmo_base_eval/easy_bpb/mt_mbpp_matlab/bpb,1.2316603730518703,wandb_summary_validated
3,apriori_swarm_003_proportional_repeat_block0,18,olmo_base_eval/easy_bpb/mt_mbpp_php/bpb,0.724627283600581,wandb_summary_validated
3,apriori_swarm_003_proportional_repeat_block0,19,olmo_base_eval/easy_bpb/mt_mbpp_python/bpb,1.132077992645634,wandb_summary_validated
3,apriori_swarm_003_proportional_repeat_block0,20,olmo_base_eval/easy_bpb/mt_mbpp_r/bpb,1.2553997216813404,wandb_summary_validated
3,apriori_swarm_003_proportional_repeat_block0,21,olmo_base_eval/easy_bpb/mt_mbpp_ruby/bpb,1.2951121252826645,wandb_summary_validated
3,apriori_swarm_003_proportional_repeat_block0,22,olmo_base_eval/easy_bpb/mt_mbpp_rust/bpb,1.0742694628767169,wandb_summary_validated
3,apriori_swarm_003_proportional_repeat_block0,23,olmo_base_eval/easy_bpb/mt_mbpp_scala/bpb,1.2962280000933692,wandb_summary_validated
3,apriori_swarm_003_proportional_repeat_block0,24,olmo_base_eval/easy_bpb/mt_mbpp_swift/bpb,0.8927487085041865,wandb_summary_validated
3,apriori_swarm_003_proportional_repeat_block0,25,olmo_base_eval/easy_bpb/mt_mbpp_typescript/bpb,0.7895187275206123,wandb_summary_validated
3,apriori_swarm_003_proportional_repeat_block0,26,olmo_base_eval/easy_bpb/arc_easy/bpb,1.1237329859198395,wandb_summary_validated
3,apriori_swarm_003_proportional_repeat_block0,27,olmo_base_eval/easy_bpb/arc_challenge/bpb,1.2508870189438097,wandb_summary_validated
3,apriori_swarm_003_proportional_repeat_block0,28,mmlu_stem,1.8471504061425765,wandb_summary_validated
3,apriori_swarm_003_proportional_repeat_block0,29,mmlu_humanities,1.027435233305775,wandb_summary_validated
3,apriori_swarm_003_proportional_repeat_block0,30,mmlu_social_sciences,1.1910835602210386,wandb_summary_validated
3,apriori_swarm_003_proportional_repeat_block0,31,mmlu_other,1.4224833080250816,wandb_summary_validated
3,apriori_swarm_003_proportional_repeat_block0,32,olmo_base_eval/easy_bpb/csqa/bpb,1.4191978224009427,wandb_summary_validated
3,apriori_swarm_003_proportional_repeat_block0,33,olmo_base_eval/easy_bpb/hellaswag/bpb,0.9905702212261233,wandb_summary_validated
3,apriori_swarm_003_proportional_repeat_block0,34,olmo_base_eval/easy_bpb/winogrande/bpb,1.4182656458059772,wandb_summary_validated
3,apriori_swarm_003_proportional_repeat_block0,35,olmo_base_eval/easy_bpb/socialiqa/bpb,1.3218780924928553,wandb_summary_validated
3,apriori_swarm_003_proportional_repeat_block0,36,olmo_base_eval/easy_bpb/piqa/bpb,1.2628326382267803,wandb_summary_validated
3,apriori_swarm_003_proportional_repeat_block0,37,olmo_base_eval/easy_bpb/coqa/bpb,0.8401360664627107,wandb_summary_validated
3,apriori_swarm_003_proportional_repeat_block0,38,olmo_base_eval/easy_bpb/drop/bpb,1.836173958573465,wandb_summary_validated
3,apriori_swarm_003_proportional_repeat_block0,39,olmo_base_eval/easy_bpb/jeopardy/bpb,1.5830780793927064,wandb_summary_validated
3,apriori_swarm_003_proportional_repeat_block0,40,olmo_base_eval/easy_bpb/naturalqs/bpb,1.5856864967230855,wandb_summary_validated
3,apriori_swarm_003_proportional_repeat_block0,41,olmo_base_eval/easy_bpb/squad/bpb,0.6711789051191014,wandb_summary_validated
3,apriori_swarm_003_proportional_repeat_block0,42,olmo_base_eval/easy_bpb/sciq/bpb,1.1899755659674516,wandb_summary_validated
3,apriori_swarm_003_proportional_repeat_block0,43,olmo_base_eval/easy_bpb/basic_skills_arithmetic/bpb,2.41589554695884,wandb_summary_validated
3,apriori_swarm_003_proportional_repeat_block0,44,olmo_base_eval/easy_bpb/basic_skills_coding/bpb,1.0910047122178894,wandb_summary_validated
3,apriori_swarm_003_proportional_repeat_block0,45,olmo_base_eval/easy_bpb/basic_skills_common_knowledge/bpb,1.2487758912205056,wandb_summary_validated
3,apriori_swarm_003_proportional_repeat_block0,46,olmo_base_eval/easy_bpb/basic_skills_logical_reasoning/bpb,0.445738913813104,wandb_summary_validated
3,apriori_swarm_003_proportional_repeat_block0,47,olmo_base_eval/easy_bpb/basic_skills_pattern/bpb,1.5726303432932258,wandb_summary_validated
3,apriori_swarm_003_proportional_repeat_block0,48,olmo_base_eval/easy_bpb/basic_skills_string_operations/bpb,2.940046119489826,wandb_summary_validated
3,apriori_swarm_003_proportional_repeat_block0,49,olmo_base_eval/easy_bpb/lambada/bpb,0.9867423999420474,wandb_summary_validated
3,apriori_swarm_003_proportional_repeat_block0,50,olmo_base_eval/easy_bpb/medmcqa/bpb,1.8751054808528564,wandb_summary_validated
4,apriori_swarm_004_proportional_repeat_block1,0,olmo_base_eval/easy_bpb/minerva_math_algebra/bpb,1.1399518722189899,wandb_summary_validated
4,apriori_swarm_004_proportional_repeat_block1,1,olmo_base_eval/easy_bpb/minerva_math_counting_and_probability/bpb,1.0211898236787096,wandb_summary_validated
4,apriori_swarm_004_proportional_repeat_block1,2,olmo_base_eval/easy_bpb/minerva_math_geometry/bpb,1.1738364820184461,wandb_summary_validated
4,apriori_swarm_004_proportional_repeat_block1,3,olmo_base_eval/easy_bpb/minerva_math_intermediate_algebra/bpb,1.1189596459085065,wandb_summary_validated
4,apriori_swarm_004_proportional_repeat_block1,4,olmo_base_eval/easy_bpb/minerva_math_number_theory/bpb,1.1193032510312546,wandb_summary_validated
4,apriori_swarm_004_proportional_repeat_block1,5,olmo_base_eval/easy_bpb/minerva_math_prealgebra/bpb,1.0503090877497472,wandb_summary_validated
4,apriori_swarm_004_proportional_repeat_block1,6,olmo_base_eval/easy_bpb/minerva_math_precalculus/bpb,0.9778507977411384,wandb_summary_validated
4,apriori_swarm_004_proportional_repeat_block1,7,olmo_base_eval/easy_bpb/codex_humaneval/bpb,1.0134171554058211,wandb_summary_validated
4,apriori_swarm_004_proportional_repeat_block1,8,olmo_base_eval/easy_bpb/mbpp/bpb,1.1454610551943618,wandb_summary_validated
4,apriori_swarm_004_proportional_repeat_block1,9,olmo_base_eval/easy_bpb/mt_mbpp_bash/bpb,1.2701098026637276,wandb_summary_validated
4,apriori_swarm_004_proportional_repeat_block1,10,olmo_base_eval/easy_bpb/mt_mbpp_c/bpb,0.7322315712454146,wandb_summary_validated
4,apriori_swarm_004_proportional_repeat_block1,11,olmo_base_eval/easy_bpb/mt_mbpp_cpp/bpb,0.706414236580403,wandb_summary_validated
4,apriori_swarm_004_proportional_repeat_block1,12,olmo_base_eval/easy_bpb/mt_mbpp_csharp/bpb,0.5827178567904808,wandb_summary_validated
4,apriori_swarm_004_proportional_repeat_block1,13,olmo_base_eval/easy_bpb/mt_mbpp_go/bpb,0.8477807422449508,wandb_summary_validated
4,apriori_swarm_004_proportional_repeat_block1,14,olmo_base_eval/easy_bpb/mt_mbpp_haskell/bpb,1.7348424603135248,wandb_summary_validated
4,apriori_swarm_004_proportional_repeat_block1,15,olmo_base_eval/easy_bpb/mt_mbpp_java/bpb,0.52414476381757,wandb_summary_validated
4,apriori_swarm_004_proportional_repeat_block1,16,olmo_base_eval/easy_bpb/mt_mbpp_javascript/bpb,0.8440922297266101,wandb_summary_validated
4,apriori_swarm_004_proportional_repeat_block1,17,olmo_base_eval/easy_bpb/mt_mbpp_matlab/bpb,1.2529994568525187,wandb_summary_validated
4,apriori_swarm_004_proportional_repeat_block1,18,olmo_base_eval/easy_bpb/mt_mbpp_php/bpb,0.7553337164832723,wandb_summary_validated
4,apriori_swarm_004_proportional_repeat_block1,19,olmo_base_eval/easy_bpb/mt_mbpp_python/bpb,1.143995130904963,wandb_summary_validated
4,apriori_swarm_004_proportional_repeat_block1,20,olmo_base_eval/easy_bpb/mt_mbpp_r/bpb,1.2622279922261,wandb_summary_validated
4,apriori_swarm_004_proportional_repeat_block1,21,olmo_base_eval/easy_bpb/mt_mbpp_ruby/bpb,1.2778713934791726,wandb_summary_validated
4,apriori_swarm_004_proportional_repeat_block1,22,olmo_base_eval/easy_bpb/mt_mbpp_rust/bpb,1.1375830600881354,wandb_summary_validated
4,apriori_swarm_004_proportional_repeat_block1,23,olmo_base_eval/easy_bpb/mt_mbpp_scala/bpb,1.318090207215004,wandb_summary_validated
4,apriori_swarm_004_proportional_repeat_block1,24,olmo_base_eval/easy_bpb/mt_mbpp_swift/bpb,0.9597019457465891,wandb_summary_validated
4,apriori_swarm_004_proportional_repeat_block1,25,olmo_base_eval/easy_bpb/mt_mbpp_typescript/bpb,0.8129894914823823,wandb_summary_validated
4,apriori_swarm_004_proportional_repeat_block1,26,olmo_base_eval/easy_bpb/arc_easy/bpb,1.1050852228047052,wandb_summary_validated
4,apriori_swarm_004_proportional_repeat_block1,27,olmo_base_eval/easy_bpb/arc_challenge/bpb,1.2287311169512016,wandb_summary_validated
4,apriori_swarm_004_proportional_repeat_block1,28,mmlu_stem,1.84023841515146,wandb_summary_validated
4,apriori_swarm_004_proportional_repeat_block1,29,mmlu_humanities,1.023925907694576,wandb_summary_validated
4,apriori_swarm_004_proportional_repeat_block1,30,mmlu_social_sciences,1.1903772638138663,wandb_summary_validated
4,apriori_swarm_004_proportional_repeat_block1,31,mmlu_other,1.4077887421040767,wandb_summary_validated
4,apriori_swarm_004_proportional_repeat_block1,32,olmo_base_eval/easy_bpb/csqa/bpb,1.4251145336107072,wandb_summary_validated
4,apriori_swarm_004_proportional_repeat_block1,33,olmo_base_eval/easy_bpb/hellaswag/bpb,0.9843154046889498,wandb_summary_validated
4,apriori_swarm_004_proportional_repeat_block1,34,olmo_base_eval/easy_bpb/winogrande/bpb,1.4400517502537873,wandb_summary_validated
4,apriori_swarm_004_proportional_repeat_block1,35,olmo_base_eval/easy_bpb/socialiqa/bpb,1.2956201710649922,wandb_summary_validated
4,apriori_swarm_004_proportional_repeat_block1,36,olmo_base_eval/easy_bpb/piqa/bpb,1.2598693265405692,wandb_summary_validated
4,apriori_swarm_004_proportional_repeat_block1,37,olmo_base_eval/easy_bpb/coqa/bpb,0.8396086989575889,wandb_summary_validated
4,apriori_swarm_004_proportional_repeat_block1,38,olmo_base_eval/easy_bpb/drop/bpb,1.8262654996031187,wandb_summary_validated
4,apriori_swarm_004_proportional_repeat_block1,39,olmo_base_eval/easy_bpb/jeopardy/bpb,1.5703539762575145,wandb_summary_validated
4,apriori_swarm_004_proportional_repeat_block1,40,olmo_base_eval/easy_bpb/naturalqs/bpb,1.6206596925732473,wandb_summary_validated
4,apriori_swarm_004_proportional_repeat_block1,41,olmo_base_eval/easy_bpb/squad/bpb,0.6413497233518589,wandb_summary_validated
4,apriori_swarm_004_proportional_repeat_block1,42,olmo_base_eval/easy_bpb/sciq/bpb,1.17763692243313,wandb_summary_validated
4,apriori_swarm_004_proportional_repeat_block1,43,olmo_base_eval/easy_bpb/basic_skills_arithmetic/bpb,2.3774599827124008,wandb_summary_validated
4,apriori_swarm_004_proportional_repeat_block1,44,olmo_base_eval/easy_bpb/basic_skills_coding/bpb,1.0951599997881287,wandb_summary_validated
4,apriori_swarm_004_proportional_repeat_block1,45,olmo_base_eval/easy_bpb/basic_skills_common_knowledge/bpb,1.1682121472170892,wandb_summary_validated
4,apriori_swarm_004_proportional_repeat_block1,46,olmo_base_eval/easy_bpb/basic_skills_logical_reasoning/bpb,0.43786407291929047,wandb_summary_validated
4,apriori_swarm_004_proportional_repeat_block1,47,olmo_base_eval/easy_bpb/basic_skills_pattern/bpb,1.6022683459271387,wandb_summary_validated
4,apriori_swarm_004_proportional_repeat_block1,48,olmo_base_eval/easy_bpb/basic_skills_string_operations/bpb,2.9591682702882602,wandb_summary_validated
4,apriori_swarm_004_proportional_repeat_block1,49,olmo_base_eval/easy_bpb/lambada/bpb,0.9796113634966065,wandb_summary_validated
4,apriori_swarm_004_proportional_repeat_block1,50,olmo_base_eval/easy_bpb/medmcqa/bpb,1.8738981571590223,wandb_summary_validated
5,apriori_swarm_005_proportional_repeat_block2,0,olmo_base_eval/easy_bpb/minerva_math_algebra/bpb,1.1551114082801417,wandb_summary_validated
5,apriori_swarm_005_proportional_repeat_block2,1,olmo_base_eval/easy_bpb/minerva_math_counting_and_probability/bpb,1.0264189038888603,wandb_summary_validated
5,apriori_swarm_005_proportional_repeat_block2,2,olmo_base_eval/easy_bpb/minerva_math_geometry/bpb,1.1820826176343082,wandb_summary_validated
5,apriori_swarm_005_proportional_repeat_block2,3,olmo_base_eval/easy_bpb/minerva_math_intermediate_algebra/bpb,1.1298143640562535,wandb_summary_validated
5,apriori_swarm_005_proportional_repeat_block2,4,olmo_base_eval/easy_bpb/minerva_math_number_theory/bpb,1.1250737873356016,wandb_summary_validated
5,apriori_swarm_005_proportional_repeat_block2,5,olmo_base_eval/easy_bpb/minerva_math_prealgebra/bpb,1.0583779403184068,wandb_summary_validated
5,apriori_swarm_005_proportional_repeat_block2,6,olmo_base_eval/easy_bpb/minerva_math_precalculus/bpb,0.9879226869300552,wandb_summary_validated
5,apriori_swarm_005_proportional_repeat_block2,7,olmo_base_eval/easy_bpb/codex_humaneval/bpb,1.0053635035616886,wandb_summary_validated
5,apriori_swarm_005_proportional_repeat_block2,8,olmo_base_eval/easy_bpb/mbpp/bpb,1.1299747538820757,wandb_summary_validated
5,apriori_swarm_005_proportional_repeat_block2,9,olmo_base_eval/easy_bpb/mt_mbpp_bash/bpb,1.2152167178909254,wandb_summary_validated
5,apriori_swarm_005_proportional_repeat_block2,10,olmo_base_eval/easy_bpb/mt_mbpp_c/bpb,0.708494584697897,wandb_summary_validated
5,apriori_swarm_005_proportional_repeat_block2,11,olmo_base_eval/easy_bpb/mt_mbpp_cpp/bpb,0.6786742511962467,wandb_summary_validated
5,apriori_swarm_005_proportional_repeat_block2,12,olmo_base_eval/easy_bpb/mt_mbpp_csharp/bpb,0.5777363765779864,wandb_summary_validated
5,apriori_swarm_005_proportional_repeat_block2,13,olmo_base_eval/easy_bpb/mt_mbpp_go/bpb,0.8265254399084201,wandb_summary_validated
5,apriori_swarm_005_proportional_repeat_block2,14,olmo_base_eval/easy_bpb/mt_mbpp_haskell/bpb,1.7493398424058944,wandb_summary_validated
5,apriori_swarm_005_proportional_repeat_block2,15,olmo_base_eval/easy_bpb/mt_mbpp_java/bpb,0.5007509177690671,wandb_summary_validated
5,apriori_swarm_005_proportional_repeat_block2,16,olmo_base_eval/easy_bpb/mt_mbpp_javascript/bpb,0.8114349021195482,wandb_summary_validated
5,apriori_swarm_005_proportional_repeat_block2,17,olmo_base_eval/easy_bpb/mt_mbpp_matlab/bpb,1.2222353410551703,wandb_summary_validated
5,apriori_swarm_005_proportional_repeat_block2,18,olmo_base_eval/easy_bpb/mt_mbpp_php/bpb,0.7457019404876475,wandb_summary_validated
5,apriori_swarm_005_proportional_repeat_block2,19,olmo_base_eval/easy_bpb/mt_mbpp_python/bpb,1.1297026173814684,wandb_summary_validated
5,apriori_swarm_005_proportional_repeat_block2,20,olmo_base_eval/easy_bpb/mt_mbpp_r/bpb,1.243965029909212,wandb_summary_validated
5,apriori_swarm_005_proportional_repeat_block2,21,olmo_base_eval/easy_bpb/mt_mbpp_ruby/bpb,1.3226823196393274,wandb_summary_validated
5,apriori_swarm_005_proportional_repeat_block2,22,olmo_base_eval/easy_bpb/mt_mbpp_rust/bpb,1.0295607022415572,wandb_summary_validated
5,apriori_swarm_005_proportional_repeat_block2,23,olmo_base_eval/easy_bpb/mt_mbpp_scala/bpb,1.3097162008176706,wandb_summary_validated
5,apriori_swarm_005_proportional_repeat_block2,24,olmo_base_eval/easy_bpb/mt_mbpp_swift/bpb,0.9309858290754016,wandb_summary_validated
5,apriori_swarm_005_proportional_repeat_block2,25,olmo_base_eval/easy_bpb/mt_mbpp_typescript/bpb,0.7825073167738492,wandb_summary_validated
5,apriori_swarm_005_proportional_repeat_block2,26,olmo_base_eval/easy_bpb/arc_easy/bpb,1.0858277696500995,wandb_summary_validated
5,apriori_swarm_005_proportional_repeat_block2,27,olmo_base_eval/easy_bpb/arc_challenge/bpb,1.2376855794531525,wandb_summary_validated
5,apriori_swarm_005_proportional_repeat_block2,28,mmlu_stem,1.8350812186705765,wandb_summary_validated
5,apriori_swarm_005_proportional_repeat_block2,29,mmlu_humanities,1.014200072186901,wandb_summary_validated
5,apriori_swarm_005_proportional_repeat_block2,30,mmlu_social_sciences,1.1700673857802144,wandb_summary_validated
5,apriori_swarm_005_proportional_repeat_block2,31,mmlu_other,1.4004324906464292,wandb_summary_validated
5,apriori_swarm_005_proportional_repeat_block2,32,olmo_base_eval/easy_bpb/csqa/bpb,1.382715483414349,wandb_summary_validated
5,apriori_swarm_005_proportional_repeat_block2,33,olmo_base_eval/easy_bpb/hellaswag/bpb,0.985472881270307,wandb_summary_validated
5,apriori_swarm_005_proportional_repeat_block2,34,olmo_base_eval/easy_bpb/winogrande/bpb,1.4193561249690367,wandb_summary_validated
5,apriori_swarm_005_proportional_repeat_block2,35,olmo_base_eval/easy_bpb/socialiqa/bpb,1.2948471885644202,wandb_summary_validated
5,apriori_swarm_005_proportional_repeat_block2,36,olmo_base_eval/easy_bpb/piqa/bpb,1.2670881471093476,wandb_summary_validated
5,apriori_swarm_005_proportional_repeat_block2,37,olmo_base_eval/easy_bpb/coqa/bpb,0.8121117045126404,wandb_summary_validated
5,apriori_swarm_005_proportional_repeat_block2,38,olmo_base_eval/easy_bpb/drop/bpb,1.828072299441884,wandb_summary_validated
5,apriori_swarm_005_proportional_repeat_block2,39,olmo_base_eval/easy_bpb/jeopardy/bpb,1.5287131250325718,wandb_summary_validated
5,apriori_swarm_005_proportional_repeat_block2,40,olmo_base_eval/easy_bpb/naturalqs/bpb,1.583803330387446,wandb_summary_validated
5,apriori_swarm_005_proportional_repeat_block2,41,olmo_base_eval/easy_bpb/squad/bpb,0.6142270087889123,wandb_summary_validated
5,apriori_swarm_005_proportional_repeat_block2,42,olmo_base_eval/easy_bpb/sciq/bpb,1.172690231498013,wandb_summary_validated
5,apriori_swarm_005_proportional_repeat_block2,43,olmo_base_eval/easy_bpb/basic_skills_arithmetic/bpb,2.360012819690643,wandb_summary_validated
5,apriori_swarm_005_proportional_repeat_block2,44,olmo_base_eval/easy_bpb/basic_skills_coding/bpb,1.1284015392320577,wandb_summary_validated
5,apriori_swarm_005_proportional_repeat_block2,45,olmo_base_eval/easy_bpb/basic_skills_common_knowledge/bpb,1.13049187437857,wandb_summary_validated
5,apriori_swarm_005_proportional_repeat_block2,46,olmo_base_eval/easy_bpb/basic_skills_logical_reasoning/bpb,0.4459690352552968,wandb_summary_validated
5,apriori_swarm_005_proportional_repeat_block2,47,olmo_base_eval/easy_bpb/basic_skills_pattern/bpb,1.6081315309462842,wandb_summary_validated
5,apriori_swarm_005_proportional_repeat_block2,48,olmo_base_eval/easy_bpb/basic_skills_string_operations/bpb,2.968891187920911,wandb_summary_validated
5,apriori_swarm_005_proportional_repeat_block2,49,olmo_base_eval/easy_bpb/lambada/bpb,0.9797864545354327,wandb_summary_validated
5,apriori_swarm_005_proportional_repeat_block2,50,olmo_base_eval/easy_bpb/medmcqa/bpb,1.8575065108174693,wandb_summary_validated
45,apriori_swarm_045_anchor_B_small_pools_forward,0,olmo_base_eval/easy_bpb/minerva_math_algebra/bpb,1.0711308537177027,wandb_summary_validated
45,apriori_swarm_045_anchor_B_small_pools_forward,1,olmo_base_eval/easy_bpb/minerva_math_counting_and_probability/bpb,0.97569040560793,wandb_summary_validated
45,apriori_swarm_045_anchor_B_small_pools_forward,2,olmo_base_eval/easy_bpb/minerva_math_geometry/bpb,1.1051257233029905,wandb_summary_validated
45,apriori_swarm_045_anchor_B_small_pools_forward,3,olmo_base_eval/easy_bpb/minerva_math_intermediate_algebra/bpb,1.038830011576149,wandb_summary_validated
45,apriori_swarm_045_anchor_B_small_pools_forward,4,olmo_base_eval/easy_bpb/minerva_math_number_theory/bpb,1.0651564130850761,wandb_summary_validated
45,apriori_swarm_045_anchor_B_small_pools_forward,5,olmo_base_eval/easy_bpb/minerva_math_prealgebra/bpb,0.9938296405991707,wandb_summary_validated
45,apriori_swarm_045_anchor_B_small_pools_forward,6,olmo_base_eval/easy_bpb/minerva_math_precalculus/bpb,0.9045102598006443,wandb_summary_validated
45,apriori_swarm_045_anchor_B_small_pools_forward,7,olmo_base_eval/easy_bpb/codex_humaneval/bpb,0.9673375292336295,wandb_summary_validated
45,apriori_swarm_045_anchor_B_small_pools_forward,8,olmo_base_eval/easy_bpb/mbpp/bpb,1.0891082625735704,wandb_summary_validated
45,apriori_swarm_045_anchor_B_small_pools_forward,9,olmo_base_eval/easy_bpb/mt_mbpp_bash/bpb,1.2297704867733175,wandb_summary_validated
45,apriori_swarm_045_anchor_B_small_pools_forward,10,olmo_base_eval/easy_bpb/mt_mbpp_c/bpb,0.6933592274569473,wandb_summary_validated
45,apriori_swarm_045_anchor_B_small_pools_forward,11,olmo_base_eval/easy_bpb/mt_mbpp_cpp/bpb,0.6579582705275694,wandb_summary_validated
45,apriori_swarm_045_anchor_B_small_pools_forward,12,olmo_base_eval/easy_bpb/mt_mbpp_csharp/bpb,0.5584703190024985,wandb_summary_validated
45,apriori_swarm_045_anchor_B_small_pools_forward,13,olmo_base_eval/easy_bpb/mt_mbpp_go/bpb,0.8187516651629401,wandb_summary_validated
45,apriori_swarm_045_anchor_B_small_pools_forward,14,olmo_base_eval/easy_bpb/mt_mbpp_haskell/bpb,1.6667198199331956,wandb_summary_validated
45,apriori_swarm_045_anchor_B_small_pools_forward,15,olmo_base_eval/easy_bpb/mt_mbpp_java/bpb,0.49114002814297014,wandb_summary_validated
45,apriori_swarm_045_anchor_B_small_pools_forward,16,olmo_base_eval/easy_bpb/mt_mbpp_javascript/bpb,0.799948365570936,wandb_summary_validated
45,apriori_swarm_045_anchor_B_small_pools_forward,17,olmo_base_eval/easy_bpb/mt_mbpp_matlab/bpb,1.17408100334672,wandb_summary_validated
45,apriori_swarm_045_anchor_B_small_pools_forward,18,olmo_base_eval/easy_bpb/mt_mbpp_php/bpb,0.7263183049786875,wandb_summary_validated
45,apriori_swarm_045_anchor_B_small_pools_forward,19,olmo_base_eval/easy_bpb/mt_mbpp_python/bpb,1.0884613630647815,wandb_summary_validated
45,apriori_swarm_045_anchor_B_small_pools_forward,20,olmo_base_eval/easy_bpb/mt_mbpp_r/bpb,1.2181743946611119,wandb_summary_validated
45,apriori_swarm_045_anchor_B_small_pools_forward,21,olmo_base_eval/easy_bpb/mt_mbpp_ruby/bpb,1.2643362619475937,wandb_summary_validated
45,apriori_swarm_045_anchor_B_small_pools_forward,22,olmo_base_eval/easy_bpb/mt_mbpp_rust/bpb,1.0243937906961484,wandb_summary_validated
45,apriori_swarm_045_anchor_B_small_pools_forward,23,olmo_base_eval/easy_bpb/mt_mbpp_scala/bpb,1.2751193874094335,wandb_summary_validated
45,apriori_swarm_045_anchor_B_small_pools_forward,24,olmo_base_eval/easy_bpb/mt_mbpp_swift/bpb,0.8576256127128524,wandb_summary_validated
45,apriori_swarm_045_anchor_B_small_pools_forward,25,olmo_base_eval/easy_bpb/mt_mbpp_typescript/bpb,0.7640586099451905,wandb_summary_validated
45,apriori_swarm_045_anchor_B_small_pools_forward,26,olmo_base_eval/easy_bpb/arc_easy/bpb,1.0485734005227394,wandb_summary_validated
45,apriori_swarm_045_anchor_B_small_pools_forward,27,olmo_base_eval/easy_bpb/arc_challenge/bpb,1.2056543579467314,wandb_summary_validated
45,apriori_swarm_045_anchor_B_small_pools_forward,28,mmlu_stem,1.761379388062196,wandb_summary_validated
45,apriori_swarm_045_anchor_B_small_pools_forward,29,mmlu_humanities,0.9919527103498472,wandb_summary_validated
45,apriori_swarm_045_anchor_B_small_pools_forward,30,mmlu_social_sciences,1.156851173304568,wandb_summary_validated
45,apriori_swarm_045_anchor_B_small_pools_forward,31,mmlu_other,1.387941685432771,wandb_summary_validated
45,apriori_swarm_045_anchor_B_small_pools_forward,32,olmo_base_eval/easy_bpb/csqa/bpb,1.3873177616506185,wandb_summary_validated
45,apriori_swarm_045_anchor_B_small_pools_forward,33,olmo_base_eval/easy_bpb/hellaswag/bpb,0.9782760969568944,wandb_summary_validated
45,apriori_swarm_045_anchor_B_small_pools_forward,34,olmo_base_eval/easy_bpb/winogrande/bpb,1.4167735941121866,wandb_summary_validated
45,apriori_swarm_045_anchor_B_small_pools_forward,35,olmo_base_eval/easy_bpb/socialiqa/bpb,1.2645533505473632,wandb_summary_validated
45,apriori_swarm_045_anchor_B_small_pools_forward,36,olmo_base_eval/easy_bpb/piqa/bpb,1.245272997154866,wandb_summary_validated
45,apriori_swarm_045_anchor_B_small_pools_forward,37,olmo_base_eval/easy_bpb/coqa/bpb,0.8228102481457422,wandb_summary_validated
45,apriori_swarm_045_anchor_B_small_pools_forward,38,olmo_base_eval/easy_bpb/drop/bpb,1.7671219989320166,wandb_summary_validated
45,apriori_swarm_045_anchor_B_small_pools_forward,39,olmo_base_eval/easy_bpb/jeopardy/bpb,1.5259350663192948,wandb_summary_validated
45,apriori_swarm_045_anchor_B_small_pools_forward,40,olmo_base_eval/easy_bpb/naturalqs/bpb,1.605475090500082,wandb_summary_validated
45,apriori_swarm_045_anchor_B_small_pools_forward,41,olmo_base_eval/easy_bpb/squad/bpb,0.5712332165977712,wandb_summary_validated
45,apriori_swarm_045_anchor_B_small_pools_forward,42,olmo_base_eval/easy_bpb/sciq/bpb,1.1249464264071547,wandb_summary_validated
45,apriori_swarm_045_anchor_B_small_pools_forward,43,olmo_base_eval/easy_bpb/basic_skills_arithmetic/bpb,2.20764184854908,wandb_summary_validated
45,apriori_swarm_045_anchor_B_small_pools_forward,44,olmo_base_eval/easy_bpb/basic_skills_coding/bpb,0.906418390626223,wandb_summary_validated
45,apriori_swarm_045_anchor_B_small_pools_forward,45,olmo_base_eval/easy_bpb/basic_skills_common_knowledge/bpb,1.0278639332481765,wandb_summary_validated
45,apriori_swarm_045_anchor_B_small_pools_forward,46,olmo_base_eval/easy_bpb/basic_skills_logical_reasoning/bpb,0.43299561169820816,wandb_summary_validated
45,apriori_swarm_045_anchor_B_small_pools_forward,47,olmo_base_eval/easy_bpb/basic_skills_pattern/bpb,1.50907865126038,wandb_summary_validated
45,apriori_swarm_045_anchor_B_small_pools_forward,48,olmo_base_eval/easy_bpb/basic_skills_string_operations/bpb,2.83471036414721,wandb_summary_validated
45,apriori_swarm_045_anchor_B_small_pools_forward,49,olmo_base_eval/easy_bpb/lambada/bpb,0.9771757349312543,wandb_summary_validated
45,apriori_swarm_045_anchor_B_small_pools_forward,50,olmo_base_eval/easy_bpb/medmcqa/bpb,1.8751969200097791,wandb_summary_validated
48,apriori_swarm_048_anchor_B_small_pools_forward_repeat,0,olmo_base_eval/easy_bpb/minerva_math_algebra/bpb,1.0664899914047568,wandb_summary_validated
48,apriori_swarm_048_anchor_B_small_pools_forward_repeat,1,olmo_base_eval/easy_bpb/minerva_math_counting_and_probability/bpb,0.972977808609559,wandb_summary_validated
48,apriori_swarm_048_anchor_B_small_pools_forward_repeat,2,olmo_base_eval/easy_bpb/minerva_math_geometry/bpb,1.1071649562731545,wandb_summary_validated
48,apriori_swarm_048_anchor_B_small_pools_forward_repeat,3,olmo_base_eval/easy_bpb/minerva_math_intermediate_algebra/bpb,1.0385540053106113,wandb_summary_validated
48,apriori_swarm_048_anchor_B_small_pools_forward_repeat,4,olmo_base_eval/easy_bpb/minerva_math_number_theory/bpb,1.057368832177604,wandb_summary_validated
48,apriori_swarm_048_anchor_B_small_pools_forward_repeat,5,olmo_base_eval/easy_bpb/minerva_math_prealgebra/bpb,0.9867229256990183,wandb_summary_validated
48,apriori_swarm_048_anchor_B_small_pools_forward_repeat,6,olmo_base_eval/easy_bpb/minerva_math_precalculus/bpb,0.9071923029116818,wandb_summary_validated
48,apriori_swarm_048_anchor_B_small_pools_forward_repeat,7,olmo_base_eval/easy_bpb/codex_humaneval/bpb,0.9402279709377719,wandb_summary_validated
48,apriori_swarm_048_anchor_B_small_pools_forward_repeat,8,olmo_base_eval/easy_bpb/mbpp/bpb,1.0976657163221337,wandb_summary_validated
48,apriori_swarm_048_anchor_B_small_pools_forward_repeat,9,olmo_base_eval/easy_bpb/mt_mbpp_bash/bpb,1.2340562486732738,wandb_summary_validated
48,apriori_swarm_048_anchor_B_small_pools_forward_repeat,10,olmo_base_eval/easy_bpb/mt_mbpp_c/bpb,0.6988820899374202,wandb_summary_validated
48,apriori_swarm_048_anchor_B_small_pools_forward_repeat,11,olmo_base_eval/easy_bpb/mt_mbpp_cpp/bpb,0.6786919764937072,wandb_summary_validated
48,apriori_swarm_048_anchor_B_small_pools_forward_repeat,12,olmo_base_eval/easy_bpb/mt_mbpp_csharp/bpb,0.5629781019806049,wandb_summary_validated
48,apriori_swarm_048_anchor_B_small_pools_forward_repeat,13,olmo_base_eval/easy_bpb/mt_mbpp_go/bpb,0.8116825775361414,wandb_summary_validated
48,apriori_swarm_048_anchor_B_small_pools_forward_repeat,14,olmo_base_eval/easy_bpb/mt_mbpp_haskell/bpb,1.6792091220040193,wandb_summary_validated
48,apriori_swarm_048_anchor_B_small_pools_forward_repeat,15,olmo_base_eval/easy_bpb/mt_mbpp_java/bpb,0.49987095262617715,wandb_summary_validated
48,apriori_swarm_048_anchor_B_small_pools_forward_repeat,16,olmo_base_eval/easy_bpb/mt_mbpp_javascript/bpb,0.8179928032216024,wandb_summary_validated
48,apriori_swarm_048_anchor_B_small_pools_forward_repeat,17,olmo_base_eval/easy_bpb/mt_mbpp_matlab/bpb,1.191333575945381,wandb_summary_validated
48,apriori_swarm_048_anchor_B_small_pools_forward_repeat,18,olmo_base_eval/easy_bpb/mt_mbpp_php/bpb,0.7309296104886412,wandb_summary_validated
48,apriori_swarm_048_anchor_B_small_pools_forward_repeat,19,olmo_base_eval/easy_bpb/mt_mbpp_python/bpb,1.0996473250485719,wandb_summary_validated
48,apriori_swarm_048_anchor_B_small_pools_forward_repeat,20,olmo_base_eval/easy_bpb/mt_mbpp_r/bpb,1.2011167916228347,wandb_summary_validated
48,apriori_swarm_048_anchor_B_small_pools_forward_repeat,21,olmo_base_eval/easy_bpb/mt_mbpp_ruby/bpb,1.225705458517276,wandb_summary_validated
48,apriori_swarm_048_anchor_B_small_pools_forward_repeat,22,olmo_base_eval/easy_bpb/mt_mbpp_rust/bpb,1.0982847927777224,wandb_summary_validated
48,apriori_swarm_048_anchor_B_small_pools_forward_repeat,23,olmo_base_eval/easy_bpb/mt_mbpp_scala/bpb,1.2612453408164181,wandb_summary_validated
48,apriori_swarm_048_anchor_B_small_pools_forward_repeat,24,olmo_base_eval/easy_bpb/mt_mbpp_swift/bpb,0.9328446216705797,wandb_summary_validated
48,apriori_swarm_048_anchor_B_small_pools_forward_repeat,25,olmo_base_eval/easy_bpb/mt_mbpp_typescript/bpb,0.7692511740084577,wandb_summary_validated
48,apriori_swarm_048_anchor_B_small_pools_forward_repeat,26,olmo_base_eval/easy_bpb/arc_easy/bpb,1.0484493534275656,wandb_summary_validated
48,apriori_swarm_048_anchor_B_small_pools_forward_repeat,27,olmo_base_eval/easy_bpb/arc_challenge/bpb,1.2066984326146535,wandb_summary_validated
48,apriori_swarm_048_anchor_B_small_pools_forward_repeat,28,mmlu_stem,1.7840016950099529,wandb_summary_validated
48,apriori_swarm_048_anchor_B_small_pools_forward_repeat,29,mmlu_humanities,0.9919223666601954,wandb_summary_validated
48,apriori_swarm_048_anchor_B_small_pools_forward_repeat,30,mmlu_social_sciences,1.1503836272878925,wandb_summary_validated
48,apriori_swarm_048_anchor_B_small_pools_forward_repeat,31,mmlu_other,1.380799276030467,wandb_summary_validated
48,apriori_swarm_048_anchor_B_small_pools_forward_repeat,32,olmo_base_eval/easy_bpb/csqa/bpb,1.3853567923497498,wandb_summary_validated
48,apriori_swarm_048_anchor_B_small_pools_forward_repeat,33,olmo_base_eval/easy_bpb/hellaswag/bpb,0.978730606453867,wandb_summary_validated
48,apriori_swarm_048_anchor_B_small_pools_forward_repeat,34,olmo_base_eval/easy_bpb/winogrande/bpb,1.4323749293600134,wandb_summary_validated
48,apriori_swarm_048_anchor_B_small_pools_forward_repeat,35,olmo_base_eval/easy_bpb/socialiqa/bpb,1.2883360425915402,wandb_summary_validated
48,apriori_swarm_048_anchor_B_small_pools_forward_repeat,36,olmo_base_eval/easy_bpb/piqa/bpb,1.2456344116934754,wandb_summary_validated
48,apriori_swarm_048_anchor_B_small_pools_forward_repeat,37,olmo_base_eval/easy_bpb/coqa/bpb,0.8901691858613391,wandb_summary_validated
48,apriori_swarm_048_anchor_B_small_pools_forward_repeat,38,olmo_base_eval/easy_bpb/drop/bpb,1.867628941329841,wandb_summary_validated
48,apriori_swarm_048_anchor_B_small_pools_forward_repeat,39,olmo_base_eval/easy_bpb/jeopardy/bpb,1.5636944453055353,wandb_summary_validated
48,apriori_swarm_048_anchor_B_small_pools_forward_repeat,40,olmo_base_eval/easy_bpb/naturalqs/bpb,1.579592977908485,wandb_summary_validated
48,apriori_swarm_048_anchor_B_small_pools_forward_repeat,41,olmo_base_eval/easy_bpb/squad/bpb,0.6168309281273695,wandb_summary_validated
48,apriori_swarm_048_anchor_B_small_pools_forward_repeat,42,olmo_base_eval/easy_bpb/sciq/bpb,1.1481762368692146,wandb_summary_validated
48,apriori_swarm_048_anchor_B_small_pools_forward_repeat,43,olmo_base_eval/easy_bpb/basic_skills_arithmetic/bpb,2.233785325207783,wandb_summary_validated
48,apriori_swarm_048_anchor_B_small_pools_forward_repeat,44,olmo_base_eval/easy_bpb/basic_skills_coding/bpb,1.0072676657452377,wandb_summary_validated
48,apriori_swarm_048_anchor_B_small_pools_forward_repeat,45,olmo_base_eval/easy_bpb/basic_skills_common_knowledge/bpb,1.15530536864194,wandb_summary_validated
48,apriori_swarm_048_anchor_B_small_pools_forward_repeat,46,olmo_base_eval/easy_bpb/basic_skills_logical_reasoning/bpb,0.4573906334522529,wandb_summary_validated
48,apriori_swarm_048_anchor_B_small_pools_forward_repeat,47,olmo_base_eval/easy_bpb/basic_skills_pattern/bpb,1.5931653182236163,wandb_summary_validated
48,apriori_swarm_048_anchor_B_small_pools_forward_repeat,48,olmo_base_eval/easy_bpb/basic_skills_string_operations/bpb,2.8813933340291764,wandb_summary_validated
48,apriori_swarm_048_anchor_B_small_pools_forward_repeat,49,olmo_base_eval/easy_bpb/lambada/bpb,0.9655424490179402,wandb_summary_validated
48,apriori_swarm_048_anchor_B_small_pools_forward_repeat,50,olmo_base_eval/easy_bpb/medmcqa/bpb,1.8962101658169703,wandb_summary_validated
49,apriori_swarm_049_subsample_A_proportional_dolmino_synth_qa_pool0.5_block0,0,olmo_base_eval/easy_bpb/minerva_math_algebra/bpb,1.1597969468285956,wandb_summary_validated
49,apriori_swarm_049_subsample_A_proportional_dolmino_synth_qa_pool0.5_block0,1,olmo_base_eval/easy_bpb/minerva_math_counting_and_probability/bpb,1.0321507086687205,wandb_summary_validated
49,apriori_swarm_049_subsample_A_proportional_dolmino_synth_qa_pool0.5_block0,2,olmo_base_eval/easy_bpb/minerva_math_geometry/bpb,1.1717735287056728,wandb_summary_validated
49,apriori_swarm_049_subsample_A_proportional_dolmino_synth_qa_pool0.5_block0,3,olmo_base_eval/easy_bpb/minerva_math_intermediate_algebra/bpb,1.127567680335415,wandb_summary_validated
49,apriori_swarm_049_subsample_A_proportional_dolmino_synth_qa_pool0.5_block0,4,olmo_base_eval/easy_bpb/minerva_math_number_theory/bpb,1.126318054233579,wandb_summary_validated
49,apriori_swarm_049_subsample_A_proportional_dolmino_synth_qa_pool0.5_block0,5,olmo_base_eval/easy_bpb/minerva_math_prealgebra/bpb,1.058121477876916,wandb_summary_validated
49,apriori_swarm_049_subsample_A_proportional_dolmino_synth_qa_pool0.5_block0,6,olmo_base_eval/easy_bpb/minerva_math_precalculus/bpb,0.9834207112990888,wandb_summary_validated
49,apriori_swarm_049_subsample_A_proportional_dolmino_synth_qa_pool0.5_block0,7,olmo_base_eval/easy_bpb/codex_humaneval/bpb,1.0526019171812875,wandb_summary_validated
49,apriori_swarm_049_subsample_A_proportional_dolmino_synth_qa_pool0.5_block0,8,olmo_base_eval/easy_bpb/mbpp/bpb,1.1451609915618552,wandb_summary_validated
49,apriori_swarm_049_subsample_A_proportional_dolmino_synth_qa_pool0.5_block0,9,olmo_base_eval/easy_bpb/mt_mbpp_bash/bpb,1.2794916724243093,wandb_summary_validated
49,apriori_swarm_049_subsample_A_proportional_dolmino_synth_qa_pool0.5_block0,10,olmo_base_eval/easy_bpb/mt_mbpp_c/bpb,0.7198628495572276,wandb_summary_validated
49,apriori_swarm_049_subsample_A_proportional_dolmino_synth_qa_pool0.5_block0,11,olmo_base_eval/easy_bpb/mt_mbpp_cpp/bpb,0.6861099754280042,wandb_summary_validated
49,apriori_swarm_049_subsample_A_proportional_dolmino_synth_qa_pool0.5_block0,12,olmo_base_eval/easy_bpb/mt_mbpp_csharp/bpb,0.5883912307977003,wandb_summary_validated
49,apriori_swarm_049_subsample_A_proportional_dolmino_synth_qa_pool0.5_block0,13,olmo_base_eval/easy_bpb/mt_mbpp_go/bpb,0.8505961062297385,wandb_summary_validated
49,apriori_swarm_049_subsample_A_proportional_dolmino_synth_qa_pool0.5_block0,14,olmo_base_eval/easy_bpb/mt_mbpp_haskell/bpb,1.6756402843098555,wandb_summary_validated
49,apriori_swarm_049_subsample_A_proportional_dolmino_synth_qa_pool0.5_block0,15,olmo_base_eval/easy_bpb/mt_mbpp_java/bpb,0.5066093416258347,wandb_summary_validated
49,apriori_swarm_049_subsample_A_proportional_dolmino_synth_qa_pool0.5_block0,16,olmo_base_eval/easy_bpb/mt_mbpp_javascript/bpb,0.8353174347289961,wandb_summary_validated
49,apriori_swarm_049_subsample_A_proportional_dolmino_synth_qa_pool0.5_block0,17,olmo_base_eval/easy_bpb/mt_mbpp_matlab/bpb,1.237046536092978,wandb_summary_validated
49,apriori_swarm_049_subsample_A_proportional_dolmino_synth_qa_pool0.5_block0,18,olmo_base_eval/easy_bpb/mt_mbpp_php/bpb,0.7246213252514824,wandb_summary_validated
49,apriori_swarm_049_subsample_A_proportional_dolmino_synth_qa_pool0.5_block0,19,olmo_base_eval/easy_bpb/mt_mbpp_python/bpb,1.1450399448756128,wandb_summary_validated
49,apriori_swarm_049_subsample_A_proportional_dolmino_synth_qa_pool0.5_block0,20,olmo_base_eval/easy_bpb/mt_mbpp_r/bpb,1.2398185656411218,wandb_summary_validated
49,apriori_swarm_049_subsample_A_proportional_dolmino_synth_qa_pool0.5_block0,21,olmo_base_eval/easy_bpb/mt_mbpp_ruby/bpb,1.274869337880991,wandb_summary_validated
49,apriori_swarm_049_subsample_A_proportional_dolmino_synth_qa_pool0.5_block0,22,olmo_base_eval/easy_bpb/mt_mbpp_rust/bpb,1.0670397926005881,wandb_summary_validated
49,apriori_swarm_049_subsample_A_proportional_dolmino_synth_qa_pool0.5_block0,23,olmo_base_eval/easy_bpb/mt_mbpp_scala/bpb,1.3286970244566505,wandb_summary_validated
49,apriori_swarm_049_subsample_A_proportional_dolmino_synth_qa_pool0.5_block0,24,olmo_base_eval/easy_bpb/mt_mbpp_swift/bpb,0.8976874689935894,wandb_summary_validated
49,apriori_swarm_049_subsample_A_proportional_dolmino_synth_qa_pool0.5_block0,25,olmo_base_eval/easy_bpb/mt_mbpp_typescript/bpb,0.7964415561721256,wandb_summary_validated
49,apriori_swarm_049_subsample_A_proportional_dolmino_synth_qa_pool0.5_block0,26,olmo_base_eval/easy_bpb/arc_easy/bpb,1.0808899493452073,wandb_summary_validated
49,apriori_swarm_049_subsample_A_proportional_dolmino_synth_qa_pool0.5_block0,27,olmo_base_eval/easy_bpb/arc_challenge/bpb,1.2464373416994925,wandb_summary_validated
49,apriori_swarm_049_subsample_A_proportional_dolmino_synth_qa_pool0.5_block0,28,mmlu_stem,1.8400519224105296,wandb_summary_validated
49,apriori_swarm_049_subsample_A_proportional_dolmino_synth_qa_pool0.5_block0,29,mmlu_humanities,1.0089979953872974,wandb_summary_validated
49,apriori_swarm_049_subsample_A_proportional_dolmino_synth_qa_pool0.5_block0,30,mmlu_social_sciences,1.1827115674270556,wandb_summary_validated
49,apriori_swarm_049_subsample_A_proportional_dolmino_synth_qa_pool0.5_block0,31,mmlu_other,1.410688446967919,wandb_summary_validated
49,apriori_swarm_049_subsample_A_proportional_dolmino_synth_qa_pool0.5_block0,32,olmo_base_eval/easy_bpb/csqa/bpb,1.432761360503965,wandb_summary_validated
49,apriori_swarm_049_subsample_A_proportional_dolmino_synth_qa_pool0.5_block0,33,olmo_base_eval/easy_bpb/hellaswag/bpb,0.9858693164763715,wandb_summary_validated
49,apriori_swarm_049_subsample_A_proportional_dolmino_synth_qa_pool0.5_block0,34,olmo_base_eval/easy_bpb/winogrande/bpb,1.4358054620567975,wandb_summary_validated
49,apriori_swarm_049_subsample_A_proportional_dolmino_synth_qa_pool0.5_block0,35,olmo_base_eval/easy_bpb/socialiqa/bpb,1.3256141545097953,wandb_summary_validated
49,apriori_swarm_049_subsample_A_proportional_dolmino_synth_qa_pool0.5_block0,36,olmo_base_eval/easy_bpb/piqa/bpb,1.266586575582806,wandb_summary_validated
49,apriori_swarm_049_subsample_A_proportional_dolmino_synth_qa_pool0.5_block0,37,olmo_base_eval/easy_bpb/coqa/bpb,0.8133781215851531,wandb_summary_validated
49,apriori_swarm_049_subsample_A_proportional_dolmino_synth_qa_pool0.5_block0,38,olmo_base_eval/easy_bpb/drop/bpb,1.812090777131155,wandb_summary_validated
49,apriori_swarm_049_subsample_A_proportional_dolmino_synth_qa_pool0.5_block0,39,olmo_base_eval/easy_bpb/jeopardy/bpb,1.593510098659348,wandb_summary_validated
49,apriori_swarm_049_subsample_A_proportional_dolmino_synth_qa_pool0.5_block0,40,olmo_base_eval/easy_bpb/naturalqs/bpb,1.6119222901574128,wandb_summary_validated
49,apriori_swarm_049_subsample_A_proportional_dolmino_synth_qa_pool0.5_block0,41,olmo_base_eval/easy_bpb/squad/bpb,0.6543489878039421,wandb_summary_validated
49,apriori_swarm_049_subsample_A_proportional_dolmino_synth_qa_pool0.5_block0,42,olmo_base_eval/easy_bpb/sciq/bpb,1.1817134735383403,wandb_summary_validated
49,apriori_swarm_049_subsample_A_proportional_dolmino_synth_qa_pool0.5_block0,43,olmo_base_eval/easy_bpb/basic_skills_arithmetic/bpb,2.3082416928812153,wandb_summary_validated
49,apriori_swarm_049_subsample_A_proportional_dolmino_synth_qa_pool0.5_block0,44,olmo_base_eval/easy_bpb/basic_skills_coding/bpb,1.1223267080522241,wandb_summary_validated
49,apriori_swarm_049_subsample_A_proportional_dolmino_synth_qa_pool0.5_block0,45,olmo_base_eval/easy_bpb/basic_skills_common_knowledge/bpb,1.2492171300631516,wandb_summary_validated
49,apriori_swarm_049_subsample_A_proportional_dolmino_synth_qa_pool0.5_block0,46,olmo_base_eval/easy_bpb/basic_skills_logical_reasoning/bpb,0.40848179001799173,wandb_summary_validated
49,apriori_swarm_049_subsample_A_proportional_dolmino_synth_qa_pool0.5_block0,47,olmo_base_eval/easy_bpb/basic_skills_pattern/bpb,1.5931514413967116,wandb_summary_validated
49,apriori_swarm_049_subsample_A_proportional_dolmino_synth_qa_pool0.5_block0,48,olmo_base_eval/easy_bpb/basic_skills_string_operations/bpb,2.975990918672441,wandb_summary_validated
49,apriori_swarm_049_subsample_A_proportional_dolmino_synth_qa_pool0.5_block0,49,olmo_base_eval/easy_bpb/lambada/bpb,0.9784254621322857,wandb_summary_validated
49,apriori_swarm_049_subsample_A_proportional_dolmino_synth_qa_pool0.5_block0,50,olmo_base_eval/easy_bpb/medmcqa/bpb,1.8626018097444819,wandb_summary_validated
50,apriori_swarm_050_subsample_A_proportional_dolmino_synth_qa_pool0.25_block0,0,olmo_base_eval/easy_bpb/minerva_math_algebra/bpb,1.1581821121399656,wandb_summary_validated
50,apriori_swarm_050_subsample_A_proportional_dolmino_synth_qa_pool0.25_block0,1,olmo_base_eval/easy_bpb/minerva_math_counting_and_probability/bpb,1.0354969939909182,wandb_summary_validated
50,apriori_swarm_050_subsample_A_proportional_dolmino_synth_qa_pool0.25_block0,2,olmo_base_eval/easy_bpb/minerva_math_geometry/bpb,1.1666162448858424,wandb_summary_validated
50,apriori_swarm_050_subsample_A_proportional_dolmino_synth_qa_pool0.25_block0,3,olmo_base_eval/easy_bpb/minerva_math_intermediate_algebra/bpb,1.1318815241896214,wandb_summary_validated
50,apriori_swarm_050_subsample_A_proportional_dolmino_synth_qa_pool0.25_block0,4,olmo_base_eval/easy_bpb/minerva_math_number_theory/bpb,1.1269488334846611,wandb_summary_validated
50,apriori_swarm_050_subsample_A_proportional_dolmino_synth_qa_pool0.25_block0,5,olmo_base_eval/easy_bpb/minerva_math_prealgebra/bpb,1.0582602941654242,wandb_summary_validated
50,apriori_swarm_050_subsample_A_proportional_dolmino_synth_qa_pool0.25_block0,6,olmo_base_eval/easy_bpb/minerva_math_precalculus/bpb,0.9882054259519654,wandb_summary_validated
50,apriori_swarm_050_subsample_A_proportional_dolmino_synth_qa_pool0.25_block0,7,olmo_base_eval/easy_bpb/codex_humaneval/bpb,1.0089936246028808,wandb_summary_validated
50,apriori_swarm_050_subsample_A_proportional_dolmino_synth_qa_pool0.25_block0,8,olmo_base_eval/easy_bpb/mbpp/bpb,1.1475774633924818,wandb_summary_validated
50,apriori_swarm_050_subsample_A_proportional_dolmino_synth_qa_pool0.25_block0,9,olmo_base_eval/easy_bpb/mt_mbpp_bash/bpb,1.2749981532278527,wandb_summary_validated
50,apriori_swarm_050_subsample_A_proportional_dolmino_synth_qa_pool0.25_block0,10,olmo_base_eval/easy_bpb/mt_mbpp_c/bpb,0.7109465790522134,wandb_summary_validated
50,apriori_swarm_050_subsample_A_proportional_dolmino_synth_qa_pool0.25_block0,11,olmo_base_eval/easy_bpb/mt_mbpp_cpp/bpb,0.6783972765555838,wandb_summary_validated
50,apriori_swarm_050_subsample_A_proportional_dolmino_synth_qa_pool0.25_block0,12,olmo_base_eval/easy_bpb/mt_mbpp_csharp/bpb,0.5783868346250024,wandb_summary_validated
50,apriori_swarm_050_subsample_A_proportional_dolmino_synth_qa_pool0.25_block0,13,olmo_base_eval/easy_bpb/mt_mbpp_go/bpb,0.855350537563449,wandb_summary_validated
50,apriori_swarm_050_subsample_A_proportional_dolmino_synth_qa_pool0.25_block0,14,olmo_base_eval/easy_bpb/mt_mbpp_haskell/bpb,1.7005556343229182,wandb_summary_validated
50,apriori_swarm_050_subsample_A_proportional_dolmino_synth_qa_pool0.25_block0,15,olmo_base_eval/easy_bpb/mt_mbpp_java/bpb,0.5058619274674125,wandb_summary_validated
50,apriori_swarm_050_subsample_A_proportional_dolmino_synth_qa_pool0.25_block0,16,olmo_base_eval/easy_bpb/mt_mbpp_javascript/bpb,0.8257531963475697,wandb_summary_validated
50,apriori_swarm_050_subsample_A_proportional_dolmino_synth_qa_pool0.25_block0,17,olmo_base_eval/easy_bpb/mt_mbpp_matlab/bpb,1.2319609793887047,wandb_summary_validated
50,apriori_swarm_050_subsample_A_proportional_dolmino_synth_qa_pool0.25_block0,18,olmo_base_eval/easy_bpb/mt_mbpp_php/bpb,0.7269046055516177,wandb_summary_validated
50,apriori_swarm_050_subsample_A_proportional_dolmino_synth_qa_pool0.25_block0,19,olmo_base_eval/easy_bpb/mt_mbpp_python/bpb,1.1491836714653676,wandb_summary_validated
50,apriori_swarm_050_subsample_A_proportional_dolmino_synth_qa_pool0.25_block0,20,olmo_base_eval/easy_bpb/mt_mbpp_r/bpb,1.2441585415269154,wandb_summary_validated
50,apriori_swarm_050_subsample_A_proportional_dolmino_synth_qa_pool0.25_block0,21,olmo_base_eval/easy_bpb/mt_mbpp_ruby/bpb,1.2879506130781884,wandb_summary_validated
50,apriori_swarm_050_subsample_A_proportional_dolmino_synth_qa_pool0.25_block0,22,olmo_base_eval/easy_bpb/mt_mbpp_rust/bpb,1.0571542920907642,wandb_summary_validated
50,apriori_swarm_050_subsample_A_proportional_dolmino_synth_qa_pool0.25_block0,23,olmo_base_eval/easy_bpb/mt_mbpp_scala/bpb,1.3336797132805578,wandb_summary_validated
50,apriori_swarm_050_subsample_A_proportional_dolmino_synth_qa_pool0.25_block0,24,olmo_base_eval/easy_bpb/mt_mbpp_swift/bpb,0.9032850346886987,wandb_summary_validated
50,apriori_swarm_050_subsample_A_proportional_dolmino_synth_qa_pool0.25_block0,25,olmo_base_eval/easy_bpb/mt_mbpp_typescript/bpb,0.7900904626000288,wandb_summary_validated
50,apriori_swarm_050_subsample_A_proportional_dolmino_synth_qa_pool0.25_block0,26,olmo_base_eval/easy_bpb/arc_easy/bpb,1.1164109995455864,wandb_summary_validated
50,apriori_swarm_050_subsample_A_proportional_dolmino_synth_qa_pool0.25_block0,27,olmo_base_eval/easy_bpb/arc_challenge/bpb,1.243050653069707,wandb_summary_validated
50,apriori_swarm_050_subsample_A_proportional_dolmino_synth_qa_pool0.25_block0,28,mmlu_stem,1.8583018363998751,wandb_summary_validated
50,apriori_swarm_050_subsample_A_proportional_dolmino_synth_qa_pool0.25_block0,29,mmlu_humanities,1.0152775536448935,wandb_summary_validated
50,apriori_swarm_050_subsample_A_proportional_dolmino_synth_qa_pool0.25_block0,30,mmlu_social_sciences,1.1885660075344318,wandb_summary_validated
50,apriori_swarm_050_subsample_A_proportional_dolmino_synth_qa_pool0.25_block0,31,mmlu_other,1.407958520193894,wandb_summary_validated
50,apriori_swarm_050_subsample_A_proportional_dolmino_synth_qa_pool0.25_block0,32,olmo_base_eval/easy_bpb/csqa/bpb,1.4265095784541795,wandb_summary_validated
50,apriori_swarm_050_subsample_A_proportional_dolmino_synth_qa_pool0.25_block0,33,olmo_base_eval/easy_bpb/hellaswag/bpb,0.9869158556584261,wandb_summary_validated
50,apriori_swarm_050_subsample_A_proportional_dolmino_synth_qa_pool0.25_block0,34,olmo_base_eval/easy_bpb/winogrande/bpb,1.4236455318294512,wandb_summary_validated
50,apriori_swarm_050_subsample_A_proportional_dolmino_synth_qa_pool0.25_block0,35,olmo_base_eval/easy_bpb/socialiqa/bpb,1.2897054319196468,wandb_summary_validated
50,apriori_swarm_050_subsample_A_proportional_dolmino_synth_qa_pool0.25_block0,36,olmo_base_eval/easy_bpb/piqa/bpb,1.272746356436688,wandb_summary_validated
50,apriori_swarm_050_subsample_A_proportional_dolmino_synth_qa_pool0.25_block0,37,olmo_base_eval/easy_bpb/coqa/bpb,0.8535521857258268,wandb_summary_validated
50,apriori_swarm_050_subsample_A_proportional_dolmino_synth_qa_pool0.25_block0,38,olmo_base_eval/easy_bpb/drop/bpb,1.8444717362126661,wandb_summary_validated
50,apriori_swarm_050_subsample_A_proportional_dolmino_synth_qa_pool0.25_block0,39,olmo_base_eval/easy_bpb/jeopardy/bpb,1.5724460245330565,wandb_summary_validated
50,apriori_swarm_050_subsample_A_proportional_dolmino_synth_qa_pool0.25_block0,40,olmo_base_eval/easy_bpb/naturalqs/bpb,1.5798895145904657,wandb_summary_validated
50,apriori_swarm_050_subsample_A_proportional_dolmino_synth_qa_pool0.25_block0,41,olmo_base_eval/easy_bpb/squad/bpb,0.6366289897007587,wandb_summary_validated
50,apriori_swarm_050_subsample_A_proportional_dolmino_synth_qa_pool0.25_block0,42,olmo_base_eval/easy_bpb/sciq/bpb,1.1896230273940003,wandb_summary_validated
50,apriori_swarm_050_subsample_A_proportional_dolmino_synth_qa_pool0.25_block0,43,olmo_base_eval/easy_bpb/basic_skills_arithmetic/bpb,2.359544348805432,wandb_summary_validated
50,apriori_swarm_050_subsample_A_proportional_dolmino_synth_qa_pool0.25_block0,44,olmo_base_eval/easy_bpb/basic_skills_coding/bpb,1.0753676164067898,wandb_summary_validated
50,apriori_swarm_050_subsample_A_proportional_dolmino_synth_qa_pool0.25_block0,45,olmo_base_eval/easy_bpb/basic_skills_common_knowledge/bpb,1.2208314483700067,wandb_summary_validated
50,apriori_swarm_050_subsample_A_proportional_dolmino_synth_qa_pool0.25_block0,46,olmo_base_eval/easy_bpb/basic_skills_logical_reasoning/bpb,0.41755077627977205,wandb_summary_validated
50,apriori_swarm_050_subsample_A_proportional_dolmino_synth_qa_pool0.25_block0,47,olmo_base_eval/easy_bpb/basic_skills_pattern/bpb,1.5745987800199666,wandb_summary_validated
50,apriori_swarm_050_subsample_A_proportional_dolmino_synth_qa_pool0.25_block0,48,olmo_base_eval/easy_bpb/basic_skills_string_operations/bpb,2.85778437158826,wandb_summary_validated
50,apriori_swarm_050_subsample_A_proportional_dolmino_synth_qa_pool0.25_block0,49,olmo_base_eval/easy_bpb/lambada/bpb,0.9766434111692175,wandb_summary_validated
50,apriori_swarm_050_subsample_A_proportional_dolmino_synth_qa_pool0.25_block0,50,olmo_base_eval/easy_bpb/medmcqa/bpb,1.870681882599419,wandb_summary_validated
51,apriori_swarm_051_subsample_A_proportional_dolmino_olmocr_pdfs_hq_pool0.5_block0,0,olmo_base_eval/easy_bpb/minerva_math_algebra/bpb,1.1552066198793158,wandb_summary_validated
51,apriori_swarm_051_subsample_A_proportional_dolmino_olmocr_pdfs_hq_pool0.5_block0,1,olmo_base_eval/easy_bpb/minerva_math_counting_and_probability/bpb,1.0282595231468794,wandb_summary_validated
51,apriori_swarm_051_subsample_A_proportional_dolmino_olmocr_pdfs_hq_pool0.5_block0,2,olmo_base_eval/easy_bpb/minerva_math_geometry/bpb,1.1730609532865324,wandb_summary_validated
51,apriori_swarm_051_subsample_A_proportional_dolmino_olmocr_pdfs_hq_pool0.5_block0,3,olmo_base_eval/easy_bpb/minerva_math_intermediate_algebra/bpb,1.129725689120077,wandb_summary_validated
51,apriori_swarm_051_subsample_A_proportional_dolmino_olmocr_pdfs_hq_pool0.5_block0,4,olmo_base_eval/easy_bpb/minerva_math_number_theory/bpb,1.1244424455026731,wandb_summary_validated
51,apriori_swarm_051_subsample_A_proportional_dolmino_olmocr_pdfs_hq_pool0.5_block0,5,olmo_base_eval/easy_bpb/minerva_math_prealgebra/bpb,1.0535272194117262,wandb_summary_validated
51,apriori_swarm_051_subsample_A_proportional_dolmino_olmocr_pdfs_hq_pool0.5_block0,6,olmo_base_eval/easy_bpb/minerva_math_precalculus/bpb,0.9842399362625661,wandb_summary_validated
51,apriori_swarm_051_subsample_A_proportional_dolmino_olmocr_pdfs_hq_pool0.5_block0,7,olmo_base_eval/easy_bpb/codex_humaneval/bpb,0.9915549154768903,wandb_summary_validated
51,apriori_swarm_051_subsample_A_proportional_dolmino_olmocr_pdfs_hq_pool0.5_block0,8,olmo_base_eval/easy_bpb/mbpp/bpb,1.1215038014386762,wandb_summary_validated
51,apriori_swarm_051_subsample_A_proportional_dolmino_olmocr_pdfs_hq_pool0.5_block0,9,olmo_base_eval/easy_bpb/mt_mbpp_bash/bpb,1.26303175051126,wandb_summary_validated
51,apriori_swarm_051_subsample_A_proportional_dolmino_olmocr_pdfs_hq_pool0.5_block0,10,olmo_base_eval/easy_bpb/mt_mbpp_c/bpb,0.7110961465524944,wandb_summary_validated
51,apriori_swarm_051_subsample_A_proportional_dolmino_olmocr_pdfs_hq_pool0.5_block0,11,olmo_base_eval/easy_bpb/mt_mbpp_cpp/bpb,0.6812903903885223,wandb_summary_validated
51,apriori_swarm_051_subsample_A_proportional_dolmino_olmocr_pdfs_hq_pool0.5_block0,12,olmo_base_eval/easy_bpb/mt_mbpp_csharp/bpb,0.567918215718802,wandb_summary_validated
51,apriori_swarm_051_subsample_A_proportional_dolmino_olmocr_pdfs_hq_pool0.5_block0,13,olmo_base_eval/easy_bpb/mt_mbpp_go/bpb,0.8476234944117361,wandb_summary_validated
51,apriori_swarm_051_subsample_A_proportional_dolmino_olmocr_pdfs_hq_pool0.5_block0,14,olmo_base_eval/easy_bpb/mt_mbpp_haskell/bpb,1.6871179010509034,wandb_summary_validated
51,apriori_swarm_051_subsample_A_proportional_dolmino_olmocr_pdfs_hq_pool0.5_block0,15,olmo_base_eval/easy_bpb/mt_mbpp_java/bpb,0.49904574774158594,wandb_summary_validated
51,apriori_swarm_051_subsample_A_proportional_dolmino_olmocr_pdfs_hq_pool0.5_block0,16,olmo_base_eval/easy_bpb/mt_mbpp_javascript/bpb,0.8374111506703109,wandb_summary_validated
51,apriori_swarm_051_subsample_A_proportional_dolmino_olmocr_pdfs_hq_pool0.5_block0,17,olmo_base_eval/easy_bpb/mt_mbpp_matlab/bpb,1.2342614038837794,wandb_summary_validated
51,apriori_swarm_051_subsample_A_proportional_dolmino_olmocr_pdfs_hq_pool0.5_block0,18,olmo_base_eval/easy_bpb/mt_mbpp_php/bpb,0.7309460210941027,wandb_summary_validated
51,apriori_swarm_051_subsample_A_proportional_dolmino_olmocr_pdfs_hq_pool0.5_block0,19,olmo_base_eval/easy_bpb/mt_mbpp_python/bpb,1.119768964244044,wandb_summary_validated
51,apriori_swarm_051_subsample_A_proportional_dolmino_olmocr_pdfs_hq_pool0.5_block0,20,olmo_base_eval/easy_bpb/mt_mbpp_r/bpb,1.257427383198297,wandb_summary_validated
51,apriori_swarm_051_subsample_A_proportional_dolmino_olmocr_pdfs_hq_pool0.5_block0,21,olmo_base_eval/easy_bpb/mt_mbpp_ruby/bpb,1.2772493568960226,wandb_summary_validated
51,apriori_swarm_051_subsample_A_proportional_dolmino_olmocr_pdfs_hq_pool0.5_block0,22,olmo_base_eval/easy_bpb/mt_mbpp_rust/bpb,1.0563516397897605,wandb_summary_validated
51,apriori_swarm_051_subsample_A_proportional_dolmino_olmocr_pdfs_hq_pool0.5_block0,23,olmo_base_eval/easy_bpb/mt_mbpp_scala/bpb,1.339539092341553,wandb_summary_validated
51,apriori_swarm_051_subsample_A_proportional_dolmino_olmocr_pdfs_hq_pool0.5_block0,24,olmo_base_eval/easy_bpb/mt_mbpp_swift/bpb,0.906137390302338,wandb_summary_validated
51,apriori_swarm_051_subsample_A_proportional_dolmino_olmocr_pdfs_hq_pool0.5_block0,25,olmo_base_eval/easy_bpb/mt_mbpp_typescript/bpb,0.8009767433805756,wandb_summary_validated
51,apriori_swarm_051_subsample_A_proportional_dolmino_olmocr_pdfs_hq_pool0.5_block0,26,olmo_base_eval/easy_bpb/arc_easy/bpb,1.103747452846606,wandb_summary_validated
51,apriori_swarm_051_subsample_A_proportional_dolmino_olmocr_pdfs_hq_pool0.5_block0,27,olmo_base_eval/easy_bpb/arc_challenge/bpb,1.2479755759499584,wandb_summary_validated
51,apriori_swarm_051_subsample_A_proportional_dolmino_olmocr_pdfs_hq_pool0.5_block0,28,mmlu_stem,1.8664878427996554,wandb_summary_validated
51,apriori_swarm_051_subsample_A_proportional_dolmino_olmocr_pdfs_hq_pool0.5_block0,29,mmlu_humanities,0.9986911302912662,wandb_summary_validated
51,apriori_swarm_051_subsample_A_proportional_dolmino_olmocr_pdfs_hq_pool0.5_block0,30,mmlu_social_sciences,1.183722974581369,wandb_summary_validated
51,apriori_swarm_051_subsample_A_proportional_dolmino_olmocr_pdfs_hq_pool0.5_block0,31,mmlu_other,1.4110300228426957,wandb_summary_validated
51,apriori_swarm_051_subsample_A_proportional_dolmino_olmocr_pdfs_hq_pool0.5_block0,32,olmo_base_eval/easy_bpb/csqa/bpb,1.4416897897972978,wandb_summary_validated
51,apriori_swarm_051_subsample_A_proportional_dolmino_olmocr_pdfs_hq_pool0.5_block0,33,olmo_base_eval/easy_bpb/hellaswag/bpb,0.9876568914646381,wandb_summary_validated
51,apriori_swarm_051_subsample_A_proportional_dolmino_olmocr_pdfs_hq_pool0.5_block0,34,olmo_base_eval/easy_bpb/winogrande/bpb,1.4341185823409046,wandb_summary_validated
51,apriori_swarm_051_subsample_A_proportional_dolmino_olmocr_pdfs_hq_pool0.5_block0,35,olmo_base_eval/easy_bpb/socialiqa/bpb,1.3004888808650605,wandb_summary_validated
51,apriori_swarm_051_subsample_A_proportional_dolmino_olmocr_pdfs_hq_pool0.5_block0,36,olmo_base_eval/easy_bpb/piqa/bpb,1.2720648119160056,wandb_summary_validated
51,apriori_swarm_051_subsample_A_proportional_dolmino_olmocr_pdfs_hq_pool0.5_block0,37,olmo_base_eval/easy_bpb/coqa/bpb,0.8086326021740615,wandb_summary_validated
51,apriori_swarm_051_subsample_A_proportional_dolmino_olmocr_pdfs_hq_pool0.5_block0,38,olmo_base_eval/easy_bpb/drop/bpb,1.8244621771204426,wandb_summary_validated
51,apriori_swarm_051_subsample_A_proportional_dolmino_olmocr_pdfs_hq_pool0.5_block0,39,olmo_base_eval/easy_bpb/jeopardy/bpb,1.5507130671972313,wandb_summary_validated
51,apriori_swarm_051_subsample_A_proportional_dolmino_olmocr_pdfs_hq_pool0.5_block0,40,olmo_base_eval/easy_bpb/naturalqs/bpb,1.5781952430625412,wandb_summary_validated
51,apriori_swarm_051_subsample_A_proportional_dolmino_olmocr_pdfs_hq_pool0.5_block0,41,olmo_base_eval/easy_bpb/squad/bpb,0.636710205373493,wandb_summary_validated
51,apriori_swarm_051_subsample_A_proportional_dolmino_olmocr_pdfs_hq_pool0.5_block0,42,olmo_base_eval/easy_bpb/sciq/bpb,1.1732020689888327,wandb_summary_validated
51,apriori_swarm_051_subsample_A_proportional_dolmino_olmocr_pdfs_hq_pool0.5_block0,43,olmo_base_eval/easy_bpb/basic_skills_arithmetic/bpb,2.431312747228849,wandb_summary_validated
51,apriori_swarm_051_subsample_A_proportional_dolmino_olmocr_pdfs_hq_pool0.5_block0,44,olmo_base_eval/easy_bpb/basic_skills_coding/bpb,1.0789850615470866,wandb_summary_validated
51,apriori_swarm_051_subsample_A_proportional_dolmino_olmocr_pdfs_hq_pool0.5_block0,45,olmo_base_eval/easy_bpb/basic_skills_common_knowledge/bpb,1.1564208121398032,wandb_summary_validated
51,apriori_swarm_051_subsample_A_proportional_dolmino_olmocr_pdfs_hq_pool0.5_block0,46,olmo_base_eval/easy_bpb/basic_skills_logical_reasoning/bpb,0.42057926454215483,wandb_summary_validated
51,apriori_swarm_051_subsample_A_proportional_dolmino_olmocr_pdfs_hq_pool0.5_block0,47,olmo_base_eval/easy_bpb/basic_skills_pattern/bpb,1.5876969699100985,wandb_summary_validated
51,apriori_swarm_051_subsample_A_proportional_dolmino_olmocr_pdfs_hq_pool0.5_block0,48,olmo_base_eval/easy_bpb/basic_skills_string_operations/bpb,2.9354995386599243,wandb_summary_validated
51,apriori_swarm_051_subsample_A_proportional_dolmino_olmocr_pdfs_hq_pool0.5_block0,49,olmo_base_eval/easy_bpb/lambada/bpb,0.9791347726655577,wandb_summary_validated
51,apriori_swarm_051_subsample_A_proportional_dolmino_olmocr_pdfs_hq_pool0.5_block0,50,olmo_base_eval/easy_bpb/medmcqa/bpb,1.8731731637334352,wandb_summary_validated
52,apriori_swarm_052_subsample_A_proportional_dolmino_olmocr_pdfs_hq_pool0.25_block0,0,olmo_base_eval/easy_bpb/minerva_math_algebra/bpb,1.1590520123358188,wandb_summary_validated
52,apriori_swarm_052_subsample_A_proportional_dolmino_olmocr_pdfs_hq_pool0.25_block0,1,olmo_base_eval/easy_bpb/minerva_math_counting_and_probability/bpb,1.0304313563382734,wandb_summary_validated
52,apriori_swarm_052_subsample_A_proportional_dolmino_olmocr_pdfs_hq_pool0.25_block0,2,olmo_base_eval/easy_bpb/minerva_math_geometry/bpb,1.1732994575158449,wandb_summary_validated
52,apriori_swarm_052_subsample_A_proportional_dolmino_olmocr_pdfs_hq_pool0.25_block0,3,olmo_base_eval/easy_bpb/minerva_math_intermediate_algebra/bpb,1.1266675080129098,wandb_summary_validated
52,apriori_swarm_052_subsample_A_proportional_dolmino_olmocr_pdfs_hq_pool0.25_block0,4,olmo_base_eval/easy_bpb/minerva_math_number_theory/bpb,1.124754427685746,wandb_summary_validated
52,apriori_swarm_052_subsample_A_proportional_dolmino_olmocr_pdfs_hq_pool0.25_block0,5,olmo_base_eval/easy_bpb/minerva_math_prealgebra/bpb,1.0559885588780016,wandb_summary_validated
52,apriori_swarm_052_subsample_A_proportional_dolmino_olmocr_pdfs_hq_pool0.25_block0,6,olmo_base_eval/easy_bpb/minerva_math_precalculus/bpb,0.9796491482457654,wandb_summary_validated
52,apriori_swarm_052_subsample_A_proportional_dolmino_olmocr_pdfs_hq_pool0.25_block0,7,olmo_base_eval/easy_bpb/codex_humaneval/bpb,1.0315126762397038,wandb_summary_validated
52,apriori_swarm_052_subsample_A_proportional_dolmino_olmocr_pdfs_hq_pool0.25_block0,8,olmo_base_eval/easy_bpb/mbpp/bpb,1.139911020755507,wandb_summary_validated
52,apriori_swarm_052_subsample_A_proportional_dolmino_olmocr_pdfs_hq_pool0.25_block0,9,olmo_base_eval/easy_bpb/mt_mbpp_bash/bpb,1.2778397282829317,wandb_summary_validated
52,apriori_swarm_052_subsample_A_proportional_dolmino_olmocr_pdfs_hq_pool0.25_block0,10,olmo_base_eval/easy_bpb/mt_mbpp_c/bpb,0.7203503760481614,wandb_summary_validated
52,apriori_swarm_052_subsample_A_proportional_dolmino_olmocr_pdfs_hq_pool0.25_block0,11,olmo_base_eval/easy_bpb/mt_mbpp_cpp/bpb,0.6799122427302376,wandb_summary_validated
52,apriori_swarm_052_subsample_A_proportional_dolmino_olmocr_pdfs_hq_pool0.25_block0,12,olmo_base_eval/easy_bpb/mt_mbpp_csharp/bpb,0.5724144481683133,wandb_summary_validated
52,apriori_swarm_052_subsample_A_proportional_dolmino_olmocr_pdfs_hq_pool0.25_block0,13,olmo_base_eval/easy_bpb/mt_mbpp_go/bpb,0.8539035986871526,wandb_summary_validated
52,apriori_swarm_052_subsample_A_proportional_dolmino_olmocr_pdfs_hq_pool0.25_block0,14,olmo_base_eval/easy_bpb/mt_mbpp_haskell/bpb,1.712682092441408,wandb_summary_validated
52,apriori_swarm_052_subsample_A_proportional_dolmino_olmocr_pdfs_hq_pool0.25_block0,15,olmo_base_eval/easy_bpb/mt_mbpp_java/bpb,0.5068829029470812,wandb_summary_validated
52,apriori_swarm_052_subsample_A_proportional_dolmino_olmocr_pdfs_hq_pool0.25_block0,16,olmo_base_eval/easy_bpb/mt_mbpp_javascript/bpb,0.8288093000624699,wandb_summary_validated
52,apriori_swarm_052_subsample_A_proportional_dolmino_olmocr_pdfs_hq_pool0.25_block0,17,olmo_base_eval/easy_bpb/mt_mbpp_matlab/bpb,1.246984150638174,wandb_summary_validated
52,apriori_swarm_052_subsample_A_proportional_dolmino_olmocr_pdfs_hq_pool0.25_block0,18,olmo_base_eval/easy_bpb/mt_mbpp_php/bpb,0.7319816726082942,wandb_summary_validated
52,apriori_swarm_052_subsample_A_proportional_dolmino_olmocr_pdfs_hq_pool0.25_block0,19,olmo_base_eval/easy_bpb/mt_mbpp_python/bpb,1.1378439668104419,wandb_summary_validated
52,apriori_swarm_052_subsample_A_proportional_dolmino_olmocr_pdfs_hq_pool0.25_block0,20,olmo_base_eval/easy_bpb/mt_mbpp_r/bpb,1.2678858659362773,wandb_summary_validated
52,apriori_swarm_052_subsample_A_proportional_dolmino_olmocr_pdfs_hq_pool0.25_block0,21,olmo_base_eval/easy_bpb/mt_mbpp_ruby/bpb,1.3065499633915976,wandb_summary_validated
52,apriori_swarm_052_subsample_A_proportional_dolmino_olmocr_pdfs_hq_pool0.25_block0,22,olmo_base_eval/easy_bpb/mt_mbpp_rust/bpb,1.068887669905247,wandb_summary_validated
52,apriori_swarm_052_subsample_A_proportional_dolmino_olmocr_pdfs_hq_pool0.25_block0,23,olmo_base_eval/easy_bpb/mt_mbpp_scala/bpb,1.3168764013611876,wandb_summary_validated
52,apriori_swarm_052_subsample_A_proportional_dolmino_olmocr_pdfs_hq_pool0.25_block0,24,olmo_base_eval/easy_bpb/mt_mbpp_swift/bpb,0.8933865492131529,wandb_summary_validated
52,apriori_swarm_052_subsample_A_proportional_dolmino_olmocr_pdfs_hq_pool0.25_block0,25,olmo_base_eval/easy_bpb/mt_mbpp_typescript/bpb,0.7891227420275073,wandb_summary_validated
52,apriori_swarm_052_subsample_A_proportional_dolmino_olmocr_pdfs_hq_pool0.25_block0,26,olmo_base_eval/easy_bpb/arc_easy/bpb,1.1208189175464687,wandb_summary_validated
52,apriori_swarm_052_subsample_A_proportional_dolmino_olmocr_pdfs_hq_pool0.25_block0,27,olmo_base_eval/easy_bpb/arc_challenge/bpb,1.2459581240574509,wandb_summary_validated
52,apriori_swarm_052_subsample_A_proportional_dolmino_olmocr_pdfs_hq_pool0.25_block0,28,mmlu_stem,1.833631979488666,wandb_summary_validated
52,apriori_swarm_052_subsample_A_proportional_dolmino_olmocr_pdfs_hq_pool0.25_block0,29,mmlu_humanities,1.0145290601144537,wandb_summary_validated
52,apriori_swarm_052_subsample_A_proportional_dolmino_olmocr_pdfs_hq_pool0.25_block0,30,mmlu_social_sciences,1.1878977517270313,wandb_summary_validated
52,apriori_swarm_052_subsample_A_proportional_dolmino_olmocr_pdfs_hq_pool0.25_block0,31,mmlu_other,1.4123062136081879,wandb_summary_validated
52,apriori_swarm_052_subsample_A_proportional_dolmino_olmocr_pdfs_hq_pool0.25_block0,32,olmo_base_eval/easy_bpb/csqa/bpb,1.399565685018387,wandb_summary_validated
52,apriori_swarm_052_subsample_A_proportional_dolmino_olmocr_pdfs_hq_pool0.25_block0,33,olmo_base_eval/easy_bpb/hellaswag/bpb,0.9878473758444254,wandb_summary_validated
52,apriori_swarm_052_subsample_A_proportional_dolmino_olmocr_pdfs_hq_pool0.25_block0,34,olmo_base_eval/easy_bpb/winogrande/bpb,1.4239534401310059,wandb_summary_validated
52,apriori_swarm_052_subsample_A_proportional_dolmino_olmocr_pdfs_hq_pool0.25_block0,35,olmo_base_eval/easy_bpb/socialiqa/bpb,1.3044647934911864,wandb_summary_validated
52,apriori_swarm_052_subsample_A_proportional_dolmino_olmocr_pdfs_hq_pool0.25_block0,36,olmo_base_eval/easy_bpb/piqa/bpb,1.2895931120871362,wandb_summary_validated
52,apriori_swarm_052_subsample_A_proportional_dolmino_olmocr_pdfs_hq_pool0.25_block0,37,olmo_base_eval/easy_bpb/coqa/bpb,0.8823978732097653,wandb_summary_validated
52,apriori_swarm_052_subsample_A_proportional_dolmino_olmocr_pdfs_hq_pool0.25_block0,38,olmo_base_eval/easy_bpb/drop/bpb,1.8387032861693002,wandb_summary_validated
52,apriori_swarm_052_subsample_A_proportional_dolmino_olmocr_pdfs_hq_pool0.25_block0,39,olmo_base_eval/easy_bpb/jeopardy/bpb,1.5841061657951492,wandb_summary_validated
52,apriori_swarm_052_subsample_A_proportional_dolmino_olmocr_pdfs_hq_pool0.25_block0,40,olmo_base_eval/easy_bpb/naturalqs/bpb,1.5984168539045414,wandb_summary_validated
52,apriori_swarm_052_subsample_A_proportional_dolmino_olmocr_pdfs_hq_pool0.25_block0,41,olmo_base_eval/easy_bpb/squad/bpb,0.6845772371671262,wandb_summary_validated
52,apriori_swarm_052_subsample_A_proportional_dolmino_olmocr_pdfs_hq_pool0.25_block0,42,olmo_base_eval/easy_bpb/sciq/bpb,1.1881288652435595,wandb_summary_validated
52,apriori_swarm_052_subsample_A_proportional_dolmino_olmocr_pdfs_hq_pool0.25_block0,43,olmo_base_eval/easy_bpb/basic_skills_arithmetic/bpb,2.371940744719605,wandb_summary_validated
52,apriori_swarm_052_subsample_A_proportional_dolmino_olmocr_pdfs_hq_pool0.25_block0,44,olmo_base_eval/easy_bpb/basic_skills_coding/bpb,1.0761149038701672,wandb_summary_validated
52,apriori_swarm_052_subsample_A_proportional_dolmino_olmocr_pdfs_hq_pool0.25_block0,45,olmo_base_eval/easy_bpb/basic_skills_common_knowledge/bpb,1.1617900323164787,wandb_summary_validated
52,apriori_swarm_052_subsample_A_proportional_dolmino_olmocr_pdfs_hq_pool0.25_block0,46,olmo_base_eval/easy_bpb/basic_skills_logical_reasoning/bpb,0.4759581481963239,wandb_summary_validated
52,apriori_swarm_052_subsample_A_proportional_dolmino_olmocr_pdfs_hq_pool0.25_block0,47,olmo_base_eval/easy_bpb/basic_skills_pattern/bpb,1.5969482477716461,wandb_summary_validated
52,apriori_swarm_052_subsample_A_proportional_dolmino_olmocr_pdfs_hq_pool0.25_block0,48,olmo_base_eval/easy_bpb/basic_skills_string_operations/bpb,2.9290035344872427,wandb_summary_validated
52,apriori_swarm_052_subsample_A_proportional_dolmino_olmocr_pdfs_hq_pool0.25_block0,49,olmo_base_eval/easy_bpb/lambada/bpb,0.9735712068377462,wandb_summary_validated
52,apriori_swarm_052_subsample_A_proportional_dolmino_olmocr_pdfs_hq_pool0.25_block0,50,olmo_base_eval/easy_bpb/medmcqa/bpb,1.8692555652901721,wandb_summary_validated
53,apriori_swarm_053_subsample_A_proportional_dolma3_stack_edu_pool0.5_block0,0,olmo_base_eval/easy_bpb/minerva_math_algebra/bpb,1.1633389797667297,wandb_summary_validated
53,apriori_swarm_053_subsample_A_proportional_dolma3_stack_edu_pool0.5_block0,1,olmo_base_eval/easy_bpb/minerva_math_counting_and_probability/bpb,1.0333559099391156,wandb_summary_validated
53,apriori_swarm_053_subsample_A_proportional_dolma3_stack_edu_pool0.5_block0,2,olmo_base_eval/easy_bpb/minerva_math_geometry/bpb,1.1696692038990186,wandb_summary_validated
53,apriori_swarm_053_subsample_A_proportional_dolma3_stack_edu_pool0.5_block0,3,olmo_base_eval/easy_bpb/minerva_math_intermediate_algebra/bpb,1.1249851825719759,wandb_summary_validated
53,apriori_swarm_053_subsample_A_proportional_dolma3_stack_edu_pool0.5_block0,4,olmo_base_eval/easy_bpb/minerva_math_number_theory/bpb,1.1346705829135604,wandb_summary_validated
53,apriori_swarm_053_subsample_A_proportional_dolma3_stack_edu_pool0.5_block0,5,olmo_base_eval/easy_bpb/minerva_math_prealgebra/bpb,1.058299245121137,wandb_summary_validated
53,apriori_swarm_053_subsample_A_proportional_dolma3_stack_edu_pool0.5_block0,6,olmo_base_eval/easy_bpb/minerva_math_precalculus/bpb,0.9834733827235735,wandb_summary_validated
53,apriori_swarm_053_subsample_A_proportional_dolma3_stack_edu_pool0.5_block0,7,olmo_base_eval/easy_bpb/codex_humaneval/bpb,1.0553831626638694,wandb_summary_validated
53,apriori_swarm_053_subsample_A_proportional_dolma3_stack_edu_pool0.5_block0,8,olmo_base_eval/easy_bpb/mbpp/bpb,1.1313247418255195,wandb_summary_validated
53,apriori_swarm_053_subsample_A_proportional_dolma3_stack_edu_pool0.5_block0,9,olmo_base_eval/easy_bpb/mt_mbpp_bash/bpb,1.2868311828006442,wandb_summary_validated
53,apriori_swarm_053_subsample_A_proportional_dolma3_stack_edu_pool0.5_block0,10,olmo_base_eval/easy_bpb/mt_mbpp_c/bpb,0.7164302963174427,wandb_summary_validated
53,apriori_swarm_053_subsample_A_proportional_dolma3_stack_edu_pool0.5_block0,11,olmo_base_eval/easy_bpb/mt_mbpp_cpp/bpb,0.683250961494868,wandb_summary_validated
53,apriori_swarm_053_subsample_A_proportional_dolma3_stack_edu_pool0.5_block0,12,olmo_base_eval/easy_bpb/mt_mbpp_csharp/bpb,0.5698582597640642,wandb_summary_validated
53,apriori_swarm_053_subsample_A_proportional_dolma3_stack_edu_pool0.5_block0,13,olmo_base_eval/easy_bpb/mt_mbpp_go/bpb,0.8379751794753653,wandb_summary_validated
53,apriori_swarm_053_subsample_A_proportional_dolma3_stack_edu_pool0.5_block0,14,olmo_base_eval/easy_bpb/mt_mbpp_haskell/bpb,1.6911258041224844,wandb_summary_validated
53,apriori_swarm_053_subsample_A_proportional_dolma3_stack_edu_pool0.5_block0,15,olmo_base_eval/easy_bpb/mt_mbpp_java/bpb,0.5105395929248746,wandb_summary_validated
53,apriori_swarm_053_subsample_A_proportional_dolma3_stack_edu_pool0.5_block0,16,olmo_base_eval/easy_bpb/mt_mbpp_javascript/bpb,0.8418618069156075,wandb_summary_validated
53,apriori_swarm_053_subsample_A_proportional_dolma3_stack_edu_pool0.5_block0,17,olmo_base_eval/easy_bpb/mt_mbpp_matlab/bpb,1.2386075941029233,wandb_summary_validated
53,apriori_swarm_053_subsample_A_proportional_dolma3_stack_edu_pool0.5_block0,18,olmo_base_eval/easy_bpb/mt_mbpp_php/bpb,0.7388102912013106,wandb_summary_validated
53,apriori_swarm_053_subsample_A_proportional_dolma3_stack_edu_pool0.5_block0,19,olmo_base_eval/easy_bpb/mt_mbpp_python/bpb,1.1312655254471464,wandb_summary_validated
53,apriori_swarm_053_subsample_A_proportional_dolma3_stack_edu_pool0.5_block0,20,olmo_base_eval/easy_bpb/mt_mbpp_r/bpb,1.265016574500153,wandb_summary_validated
53,apriori_swarm_053_subsample_A_proportional_dolma3_stack_edu_pool0.5_block0,21,olmo_base_eval/easy_bpb/mt_mbpp_ruby/bpb,1.2770672666979206,wandb_summary_validated
53,apriori_swarm_053_subsample_A_proportional_dolma3_stack_edu_pool0.5_block0,22,olmo_base_eval/easy_bpb/mt_mbpp_rust/bpb,1.0820337316591924,wandb_summary_validated
53,apriori_swarm_053_subsample_A_proportional_dolma3_stack_edu_pool0.5_block0,23,olmo_base_eval/easy_bpb/mt_mbpp_scala/bpb,1.3149872617309168,wandb_summary_validated
53,apriori_swarm_053_subsample_A_proportional_dolma3_stack_edu_pool0.5_block0,24,olmo_base_eval/easy_bpb/mt_mbpp_swift/bpb,0.8992481214364892,wandb_summary_validated
53,apriori_swarm_053_subsample_A_proportional_dolma3_stack_edu_pool0.5_block0,25,olmo_base_eval/easy_bpb/mt_mbpp_typescript/bpb,0.8010510314182648,wandb_summary_validated
53,apriori_swarm_053_subsample_A_proportional_dolma3_stack_edu_pool0.5_block0,26,olmo_base_eval/easy_bpb/arc_easy/bpb,1.1232096692190037,wandb_summary_validated
53,apriori_swarm_053_subsample_A_proportional_dolma3_stack_edu_pool0.5_block0,27,olmo_base_eval/easy_bpb/arc_challenge/bpb,1.2605959199984111,wandb_summary_validated
53,apriori_swarm_053_subsample_A_proportional_dolma3_stack_edu_pool0.5_block0,28,mmlu_stem,1.8665638915223637,wandb_summary_validated
53,apriori_swarm_053_subsample_A_proportional_dolma3_stack_edu_pool0.5_block0,29,mmlu_humanities,1.0182794511998117,wandb_summary_validated
53,apriori_swarm_053_subsample_A_proportional_dolma3_stack_edu_pool0.5_block0,30,mmlu_social_sciences,1.1987416167315559,wandb_summary_validated
53,apriori_swarm_053_subsample_A_proportional_dolma3_stack_edu_pool0.5_block0,31,mmlu_other,1.4198316653526466,wandb_summary_validated
53,apriori_swarm_053_subsample_A_proportional_dolma3_stack_edu_pool0.5_block0,32,olmo_base_eval/easy_bpb/csqa/bpb,1.4218627995597948,wandb_summary_validated
53,apriori_swarm_053_subsample_A_proportional_dolma3_stack_edu_pool0.5_block0,33,olmo_base_eval/easy_bpb/hellaswag/bpb,0.9838975322046163,wandb_summary_validated
53,apriori_swarm_053_subsample_A_proportional_dolma3_stack_edu_pool0.5_block0,34,olmo_base_eval/easy_bpb/winogrande/bpb,1.4274695469146246,wandb_summary_validated
53,apriori_swarm_053_subsample_A_proportional_dolma3_stack_edu_pool0.5_block0,35,olmo_base_eval/easy_bpb/socialiqa/bpb,1.3274439261169169,wandb_summary_validated
53,apriori_swarm_053_subsample_A_proportional_dolma3_stack_edu_pool0.5_block0,36,olmo_base_eval/easy_bpb/piqa/bpb,1.2791744935833187,wandb_summary_validated
53,apriori_swarm_053_subsample_A_proportional_dolma3_stack_edu_pool0.5_block0,37,olmo_base_eval/easy_bpb/coqa/bpb,0.8295299970033954,wandb_summary_validated
53,apriori_swarm_053_subsample_A_proportional_dolma3_stack_edu_pool0.5_block0,38,olmo_base_eval/easy_bpb/drop/bpb,1.8209456709812863,wandb_summary_validated
53,apriori_swarm_053_subsample_A_proportional_dolma3_stack_edu_pool0.5_block0,39,olmo_base_eval/easy_bpb/jeopardy/bpb,1.6067045497999606,wandb_summary_validated
53,apriori_swarm_053_subsample_A_proportional_dolma3_stack_edu_pool0.5_block0,40,olmo_base_eval/easy_bpb/naturalqs/bpb,1.5752076469781409,wandb_summary_validated
53,apriori_swarm_053_subsample_A_proportional_dolma3_stack_edu_pool0.5_block0,41,olmo_base_eval/easy_bpb/squad/bpb,0.6028456389888813,wandb_summary_validated
53,apriori_swarm_053_subsample_A_proportional_dolma3_stack_edu_pool0.5_block0,42,olmo_base_eval/easy_bpb/sciq/bpb,1.163019669658859,wandb_summary_validated
53,apriori_swarm_053_subsample_A_proportional_dolma3_stack_edu_pool0.5_block0,43,olmo_base_eval/easy_bpb/basic_skills_arithmetic/bpb,2.3381170795036232,wandb_summary_validated
53,apriori_swarm_053_subsample_A_proportional_dolma3_stack_edu_pool0.5_block0,44,olmo_base_eval/easy_bpb/basic_skills_coding/bpb,1.0809130726048044,wandb_summary_validated
53,apriori_swarm_053_subsample_A_proportional_dolma3_stack_edu_pool0.5_block0,45,olmo_base_eval/easy_bpb/basic_skills_common_knowledge/bpb,1.2031196034939395,wandb_summary_validated
53,apriori_swarm_053_subsample_A_proportional_dolma3_stack_edu_pool0.5_block0,46,olmo_base_eval/easy_bpb/basic_skills_logical_reasoning/bpb,0.4286607905626928,wandb_summary_validated
53,apriori_swarm_053_subsample_A_proportional_dolma3_stack_edu_pool0.5_block0,47,olmo_base_eval/easy_bpb/basic_skills_pattern/bpb,1.5812102176644187,wandb_summary_validated
53,apriori_swarm_053_subsample_A_proportional_dolma3_stack_edu_pool0.5_block0,48,olmo_base_eval/easy_bpb/basic_skills_string_operations/bpb,2.8345029106830912,wandb_summary_validated
53,apriori_swarm_053_subsample_A_proportional_dolma3_stack_edu_pool0.5_block0,49,olmo_base_eval/easy_bpb/lambada/bpb,0.9721878216571794,wandb_summary_validated
53,apriori_swarm_053_subsample_A_proportional_dolma3_stack_edu_pool0.5_block0,50,olmo_base_eval/easy_bpb/medmcqa/bpb,1.8743786054107139,wandb_summary_validated
54,apriori_swarm_054_subsample_A_proportional_dolma3_stack_edu_pool0.25_block0,0,olmo_base_eval/easy_bpb/minerva_math_algebra/bpb,1.171183138518889,wandb_summary_validated
54,apriori_swarm_054_subsample_A_proportional_dolma3_stack_edu_pool0.25_block0,1,olmo_base_eval/easy_bpb/minerva_math_counting_and_probability/bpb,1.0347180946350982,wandb_summary_validated
54,apriori_swarm_054_subsample_A_proportional_dolma3_stack_edu_pool0.25_block0,2,olmo_base_eval/easy_bpb/minerva_math_geometry/bpb,1.1759763512518704,wandb_summary_validated
54,apriori_swarm_054_subsample_A_proportional_dolma3_stack_edu_pool0.25_block0,3,olmo_base_eval/easy_bpb/minerva_math_intermediate_algebra/bpb,1.1185296406747671,wandb_summary_validated
54,apriori_swarm_054_subsample_A_proportional_dolma3_stack_edu_pool0.25_block0,4,olmo_base_eval/easy_bpb/minerva_math_number_theory/bpb,1.1394139776206291,wandb_summary_validated
54,apriori_swarm_054_subsample_A_proportional_dolma3_stack_edu_pool0.25_block0,5,olmo_base_eval/easy_bpb/minerva_math_prealgebra/bpb,1.0668018429011097,wandb_summary_validated
54,apriori_swarm_054_subsample_A_proportional_dolma3_stack_edu_pool0.25_block0,6,olmo_base_eval/easy_bpb/minerva_math_precalculus/bpb,0.9743616260691307,wandb_summary_validated
54,apriori_swarm_054_subsample_A_proportional_dolma3_stack_edu_pool0.25_block0,7,olmo_base_eval/easy_bpb/codex_humaneval/bpb,0.9997243735186999,wandb_summary_validated
54,apriori_swarm_054_subsample_A_proportional_dolma3_stack_edu_pool0.25_block0,8,olmo_base_eval/easy_bpb/mbpp/bpb,1.135787525934235,wandb_summary_validated
54,apriori_swarm_054_subsample_A_proportional_dolma3_stack_edu_pool0.25_block0,9,olmo_base_eval/easy_bpb/mt_mbpp_bash/bpb,1.277470746375627,wandb_summary_validated
54,apriori_swarm_054_subsample_A_proportional_dolma3_stack_edu_pool0.25_block0,10,olmo_base_eval/easy_bpb/mt_mbpp_c/bpb,0.7059753534387013,wandb_summary_validated
54,apriori_swarm_054_subsample_A_proportional_dolma3_stack_edu_pool0.25_block0,11,olmo_base_eval/easy_bpb/mt_mbpp_cpp/bpb,0.6836727195597255,wandb_summary_validated
54,apriori_swarm_054_subsample_A_proportional_dolma3_stack_edu_pool0.25_block0,12,olmo_base_eval/easy_bpb/mt_mbpp_csharp/bpb,0.5822091430765192,wandb_summary_validated
54,apriori_swarm_054_subsample_A_proportional_dolma3_stack_edu_pool0.25_block0,13,olmo_base_eval/easy_bpb/mt_mbpp_go/bpb,0.8576825800565724,wandb_summary_validated
54,apriori_swarm_054_subsample_A_proportional_dolma3_stack_edu_pool0.25_block0,14,olmo_base_eval/easy_bpb/mt_mbpp_haskell/bpb,1.7054952493227997,wandb_summary_validated
54,apriori_swarm_054_subsample_A_proportional_dolma3_stack_edu_pool0.25_block0,15,olmo_base_eval/easy_bpb/mt_mbpp_java/bpb,0.508399549518349,wandb_summary_validated
54,apriori_swarm_054_subsample_A_proportional_dolma3_stack_edu_pool0.25_block0,16,olmo_base_eval/easy_bpb/mt_mbpp_javascript/bpb,0.8208228596949871,wandb_summary_validated
54,apriori_swarm_054_subsample_A_proportional_dolma3_stack_edu_pool0.25_block0,17,olmo_base_eval/easy_bpb/mt_mbpp_matlab/bpb,1.24845875150104,wandb_summary_validated
54,apriori_swarm_054_subsample_A_proportional_dolma3_stack_edu_pool0.25_block0,18,olmo_base_eval/easy_bpb/mt_mbpp_php/bpb,0.7364487741696102,wandb_summary_validated
54,apriori_swarm_054_subsample_A_proportional_dolma3_stack_edu_pool0.25_block0,19,olmo_base_eval/easy_bpb/mt_mbpp_python/bpb,1.1354205048973158,wandb_summary_validated
54,apriori_swarm_054_subsample_A_proportional_dolma3_stack_edu_pool0.25_block0,20,olmo_base_eval/easy_bpb/mt_mbpp_r/bpb,1.2769508819420679,wandb_summary_validated
54,apriori_swarm_054_subsample_A_proportional_dolma3_stack_edu_pool0.25_block0,21,olmo_base_eval/easy_bpb/mt_mbpp_ruby/bpb,1.2930343435769278,wandb_summary_validated
54,apriori_swarm_054_subsample_A_proportional_dolma3_stack_edu_pool0.25_block0,22,olmo_base_eval/easy_bpb/mt_mbpp_rust/bpb,1.0938382235647854,wandb_summary_validated
54,apriori_swarm_054_subsample_A_proportional_dolma3_stack_edu_pool0.25_block0,23,olmo_base_eval/easy_bpb/mt_mbpp_scala/bpb,1.3149297939593174,wandb_summary_validated
54,apriori_swarm_054_subsample_A_proportional_dolma3_stack_edu_pool0.25_block0,24,olmo_base_eval/easy_bpb/mt_mbpp_swift/bpb,0.892083982753775,wandb_summary_validated
54,apriori_swarm_054_subsample_A_proportional_dolma3_stack_edu_pool0.25_block0,25,olmo_base_eval/easy_bpb/mt_mbpp_typescript/bpb,0.770806358849779,wandb_summary_validated
54,apriori_swarm_054_subsample_A_proportional_dolma3_stack_edu_pool0.25_block0,26,olmo_base_eval/easy_bpb/arc_easy/bpb,1.0852677460365443,wandb_summary_validated
54,apriori_swarm_054_subsample_A_proportional_dolma3_stack_edu_pool0.25_block0,27,olmo_base_eval/easy_bpb/arc_challenge/bpb,1.227907700980475,wandb_summary_validated
54,apriori_swarm_054_subsample_A_proportional_dolma3_stack_edu_pool0.25_block0,28,mmlu_stem,1.8334669891718867,wandb_summary_validated
54,apriori_swarm_054_subsample_A_proportional_dolma3_stack_edu_pool0.25_block0,29,mmlu_humanities,1.0106007037258222,wandb_summary_validated
54,apriori_swarm_054_subsample_A_proportional_dolma3_stack_edu_pool0.25_block0,30,mmlu_social_sciences,1.1754898482581295,wandb_summary_validated
54,apriori_swarm_054_subsample_A_proportional_dolma3_stack_edu_pool0.25_block0,31,mmlu_other,1.4153889784405003,wandb_summary_validated
54,apriori_swarm_054_subsample_A_proportional_dolma3_stack_edu_pool0.25_block0,32,olmo_base_eval/easy_bpb/csqa/bpb,1.4411064219987526,wandb_summary_validated
54,apriori_swarm_054_subsample_A_proportional_dolma3_stack_edu_pool0.25_block0,33,olmo_base_eval/easy_bpb/hellaswag/bpb,0.9864262458739446,wandb_summary_validated
54,apriori_swarm_054_subsample_A_proportional_dolma3_stack_edu_pool0.25_block0,34,olmo_base_eval/easy_bpb/winogrande/bpb,1.4171146660385854,wandb_summary_validated
54,apriori_swarm_054_subsample_A_proportional_dolma3_stack_edu_pool0.25_block0,35,olmo_base_eval/easy_bpb/socialiqa/bpb,1.317532000342783,wandb_summary_validated
54,apriori_swarm_054_subsample_A_proportional_dolma3_stack_edu_pool0.25_block0,36,olmo_base_eval/easy_bpb/piqa/bpb,1.2765381881288278,wandb_summary_validated
54,apriori_swarm_054_subsample_A_proportional_dolma3_stack_edu_pool0.25_block0,37,olmo_base_eval/easy_bpb/coqa/bpb,0.7820319661370637,wandb_summary_validated
54,apriori_swarm_054_subsample_A_proportional_dolma3_stack_edu_pool0.25_block0,38,olmo_base_eval/easy_bpb/drop/bpb,1.845594094898131,wandb_summary_validated
54,apriori_swarm_054_subsample_A_proportional_dolma3_stack_edu_pool0.25_block0,39,olmo_base_eval/easy_bpb/jeopardy/bpb,1.554425047422979,wandb_summary_validated
54,apriori_swarm_054_subsample_A_proportional_dolma3_stack_edu_pool0.25_block0,40,olmo_base_eval/easy_bpb/naturalqs/bpb,1.624123527804871,wandb_summary_validated
54,apriori_swarm_054_subsample_A_proportional_dolma3_stack_edu_pool0.25_block0,41,olmo_base_eval/easy_bpb/squad/bpb,0.6005941778146598,wandb_summary_validated
54,apriori_swarm_054_subsample_A_proportional_dolma3_stack_edu_pool0.25_block0,42,olmo_base_eval/easy_bpb/sciq/bpb,1.182056244173442,wandb_summary_validated
54,apriori_swarm_054_subsample_A_proportional_dolma3_stack_edu_pool0.25_block0,43,olmo_base_eval/easy_bpb/basic_skills_arithmetic/bpb,2.3347676344255976,wandb_summary_validated
54,apriori_swarm_054_subsample_A_proportional_dolma3_stack_edu_pool0.25_block0,44,olmo_base_eval/easy_bpb/basic_skills_coding/bpb,1.0410428343230458,wandb_summary_validated
54,apriori_swarm_054_subsample_A_proportional_dolma3_stack_edu_pool0.25_block0,45,olmo_base_eval/easy_bpb/basic_skills_common_knowledge/bpb,1.2012213571138235,wandb_summary_validated
54,apriori_swarm_054_subsample_A_proportional_dolma3_stack_edu_pool0.25_block0,46,olmo_base_eval/easy_bpb/basic_skills_logical_reasoning/bpb,0.4456176004371485,wandb_summary_validated
54,apriori_swarm_054_subsample_A_proportional_dolma3_stack_edu_pool0.25_block0,47,olmo_base_eval/easy_bpb/basic_skills_pattern/bpb,1.64200370849115,wandb_summary_validated
54,apriori_swarm_054_subsample_A_proportional_dolma3_stack_edu_pool0.25_block0,48,olmo_base_eval/easy_bpb/basic_skills_string_operations/bpb,3.0085558921019606,wandb_summary_validated
54,apriori_swarm_054_subsample_A_proportional_dolma3_stack_edu_pool0.25_block0,49,olmo_base_eval/easy_bpb/lambada/bpb,0.9800712265655994,wandb_summary_validated
54,apriori_swarm_054_subsample_A_proportional_dolma3_stack_edu_pool0.25_block0,50,olmo_base_eval/easy_bpb/medmcqa/bpb,1.861397773082592,wandb_summary_validated
55,apriori_swarm_055_subsample_A_proportional_cc_high_group_pool0.5_block0,0,olmo_base_eval/easy_bpb/minerva_math_algebra/bpb,1.1658233864248664,wandb_summary_validated
55,apriori_swarm_055_subsample_A_proportional_cc_high_group_pool0.5_block0,1,olmo_base_eval/easy_bpb/minerva_math_counting_and_probability/bpb,1.0372365719346934,wandb_summary_validated
55,apriori_swarm_055_subsample_A_proportional_cc_high_group_pool0.5_block0,2,olmo_base_eval/easy_bpb/minerva_math_geometry/bpb,1.1813419962876506,wandb_summary_validated
55,apriori_swarm_055_subsample_A_proportional_cc_high_group_pool0.5_block0,3,olmo_base_eval/easy_bpb/minerva_math_intermediate_algebra/bpb,1.1270776826229165,wandb_summary_validated
55,apriori_swarm_055_subsample_A_proportional_cc_high_group_pool0.5_block0,4,olmo_base_eval/easy_bpb/minerva_math_number_theory/bpb,1.1346833498760671,wandb_summary_validated
55,apriori_swarm_055_subsample_A_proportional_cc_high_group_pool0.5_block0,5,olmo_base_eval/easy_bpb/minerva_math_prealgebra/bpb,1.0646458987177736,wandb_summary_validated
55,apriori_swarm_055_subsample_A_proportional_cc_high_group_pool0.5_block0,6,olmo_base_eval/easy_bpb/minerva_math_precalculus/bpb,0.9805505110243601,wandb_summary_validated
55,apriori_swarm_055_subsample_A_proportional_cc_high_group_pool0.5_block0,7,olmo_base_eval/easy_bpb/codex_humaneval/bpb,1.025003816646835,wandb_summary_validated
55,apriori_swarm_055_subsample_A_proportional_cc_high_group_pool0.5_block0,8,olmo_base_eval/easy_bpb/mbpp/bpb,1.1343692517441843,wandb_summary_validated
55,apriori_swarm_055_subsample_A_proportional_cc_high_group_pool0.5_block0,9,olmo_base_eval/easy_bpb/mt_mbpp_bash/bpb,1.2869568590643996,wandb_summary_validated
55,apriori_swarm_055_subsample_A_proportional_cc_high_group_pool0.5_block0,10,olmo_base_eval/easy_bpb/mt_mbpp_c/bpb,0.714385163946544,wandb_summary_validated
55,apriori_swarm_055_subsample_A_proportional_cc_high_group_pool0.5_block0,11,olmo_base_eval/easy_bpb/mt_mbpp_cpp/bpb,0.685647375223209,wandb_summary_validated
55,apriori_swarm_055_subsample_A_proportional_cc_high_group_pool0.5_block0,12,olmo_base_eval/easy_bpb/mt_mbpp_csharp/bpb,0.577090681922969,wandb_summary_validated
55,apriori_swarm_055_subsample_A_proportional_cc_high_group_pool0.5_block0,13,olmo_base_eval/easy_bpb/mt_mbpp_go/bpb,0.8570491012969046,wandb_summary_validated
55,apriori_swarm_055_subsample_A_proportional_cc_high_group_pool0.5_block0,14,olmo_base_eval/easy_bpb/mt_mbpp_haskell/bpb,1.712427353544954,wandb_summary_validated
55,apriori_swarm_055_subsample_A_proportional_cc_high_group_pool0.5_block0,15,olmo_base_eval/easy_bpb/mt_mbpp_java/bpb,0.5042919211202299,wandb_summary_validated
55,apriori_swarm_055_subsample_A_proportional_cc_high_group_pool0.5_block0,16,olmo_base_eval/easy_bpb/mt_mbpp_javascript/bpb,0.8276950155136301,wandb_summary_validated
55,apriori_swarm_055_subsample_A_proportional_cc_high_group_pool0.5_block0,17,olmo_base_eval/easy_bpb/mt_mbpp_matlab/bpb,1.2150910931279377,wandb_summary_validated
55,apriori_swarm_055_subsample_A_proportional_cc_high_group_pool0.5_block0,18,olmo_base_eval/easy_bpb/mt_mbpp_php/bpb,0.7309050220868408,wandb_summary_validated
55,apriori_swarm_055_subsample_A_proportional_cc_high_group_pool0.5_block0,19,olmo_base_eval/easy_bpb/mt_mbpp_python/bpb,1.134726368520357,wandb_summary_validated
55,apriori_swarm_055_subsample_A_proportional_cc_high_group_pool0.5_block0,20,olmo_base_eval/easy_bpb/mt_mbpp_r/bpb,1.2437495902247846,wandb_summary_validated
55,apriori_swarm_055_subsample_A_proportional_cc_high_group_pool0.5_block0,21,olmo_base_eval/easy_bpb/mt_mbpp_ruby/bpb,1.2917483003311492,wandb_summary_validated
55,apriori_swarm_055_subsample_A_proportional_cc_high_group_pool0.5_block0,22,olmo_base_eval/easy_bpb/mt_mbpp_rust/bpb,1.0640924829579161,wandb_summary_validated
55,apriori_swarm_055_subsample_A_proportional_cc_high_group_pool0.5_block0,23,olmo_base_eval/easy_bpb/mt_mbpp_scala/bpb,1.307882756680953,wandb_summary_validated
55,apriori_swarm_055_subsample_A_proportional_cc_high_group_pool0.5_block0,24,olmo_base_eval/easy_bpb/mt_mbpp_swift/bpb,0.9013376514638554,wandb_summary_validated
55,apriori_swarm_055_subsample_A_proportional_cc_high_group_pool0.5_block0,25,olmo_base_eval/easy_bpb/mt_mbpp_typescript/bpb,0.7916374645852204,wandb_summary_validated
55,apriori_swarm_055_subsample_A_proportional_cc_high_group_pool0.5_block0,26,olmo_base_eval/easy_bpb/arc_easy/bpb,1.0887252942269043,wandb_summary_validated
55,apriori_swarm_055_subsample_A_proportional_cc_high_group_pool0.5_block0,27,olmo_base_eval/easy_bpb/arc_challenge/bpb,1.2380471072982289,wandb_summary_validated
55,apriori_swarm_055_subsample_A_proportional_cc_high_group_pool0.5_block0,28,mmlu_stem,1.8331621733404027,wandb_summary_validated
55,apriori_swarm_055_subsample_A_proportional_cc_high_group_pool0.5_block0,29,mmlu_humanities,1.0043531963672747,wandb_summary_validated
55,apriori_swarm_055_subsample_A_proportional_cc_high_group_pool0.5_block0,30,mmlu_social_sciences,1.174339261833286,wandb_summary_validated
55,apriori_swarm_055_subsample_A_proportional_cc_high_group_pool0.5_block0,31,mmlu_other,1.4078123760576122,wandb_summary_validated
55,apriori_swarm_055_subsample_A_proportional_cc_high_group_pool0.5_block0,32,olmo_base_eval/easy_bpb/csqa/bpb,1.4273165574775062,wandb_summary_validated
55,apriori_swarm_055_subsample_A_proportional_cc_high_group_pool0.5_block0,33,olmo_base_eval/easy_bpb/hellaswag/bpb,0.9908676931731563,wandb_summary_validated
55,apriori_swarm_055_subsample_A_proportional_cc_high_group_pool0.5_block0,34,olmo_base_eval/easy_bpb/winogrande/bpb,1.4436104508494894,wandb_summary_validated
55,apriori_swarm_055_subsample_A_proportional_cc_high_group_pool0.5_block0,35,olmo_base_eval/easy_bpb/socialiqa/bpb,1.2810820761594528,wandb_summary_validated
55,apriori_swarm_055_subsample_A_proportional_cc_high_group_pool0.5_block0,36,olmo_base_eval/easy_bpb/piqa/bpb,1.2888145882383841,wandb_summary_validated
55,apriori_swarm_055_subsample_A_proportional_cc_high_group_pool0.5_block0,37,olmo_base_eval/easy_bpb/coqa/bpb,0.8077600572764516,wandb_summary_validated
55,apriori_swarm_055_subsample_A_proportional_cc_high_group_pool0.5_block0,38,olmo_base_eval/easy_bpb/drop/bpb,1.9131000508349454,wandb_summary_validated
55,apriori_swarm_055_subsample_A_proportional_cc_high_group_pool0.5_block0,39,olmo_base_eval/easy_bpb/jeopardy/bpb,1.5850845654933938,wandb_summary_validated
55,apriori_swarm_055_subsample_A_proportional_cc_high_group_pool0.5_block0,40,olmo_base_eval/easy_bpb/naturalqs/bpb,1.5836166927577857,wandb_summary_validated
55,apriori_swarm_055_subsample_A_proportional_cc_high_group_pool0.5_block0,41,olmo_base_eval/easy_bpb/squad/bpb,0.6298775922828866,wandb_summary_validated
55,apriori_swarm_055_subsample_A_proportional_cc_high_group_pool0.5_block0,42,olmo_base_eval/easy_bpb/sciq/bpb,1.2089770181990238,wandb_summary_validated
55,apriori_swarm_055_subsample_A_proportional_cc_high_group_pool0.5_block0,43,olmo_base_eval/easy_bpb/basic_skills_arithmetic/bpb,2.3018800823313788,wandb_summary_validated
55,apriori_swarm_055_subsample_A_proportional_cc_high_group_pool0.5_block0,44,olmo_base_eval/easy_bpb/basic_skills_coding/bpb,1.0780533100519265,wandb_summary_validated
55,apriori_swarm_055_subsample_A_proportional_cc_high_group_pool0.5_block0,45,olmo_base_eval/easy_bpb/basic_skills_common_knowledge/bpb,1.1854861904995895,wandb_summary_validated
55,apriori_swarm_055_subsample_A_proportional_cc_high_group_pool0.5_block0,46,olmo_base_eval/easy_bpb/basic_skills_logical_reasoning/bpb,0.45142345318862837,wandb_summary_validated
55,apriori_swarm_055_subsample_A_proportional_cc_high_group_pool0.5_block0,47,olmo_base_eval/easy_bpb/basic_skills_pattern/bpb,1.6229451805317212,wandb_summary_validated
55,apriori_swarm_055_subsample_A_proportional_cc_high_group_pool0.5_block0,48,olmo_base_eval/easy_bpb/basic_skills_string_operations/bpb,2.9051172349462564,wandb_summary_validated
55,apriori_swarm_055_subsample_A_proportional_cc_high_group_pool0.5_block0,49,olmo_base_eval/easy_bpb/lambada/bpb,0.9836855920385302,wandb_summary_validated
55,apriori_swarm_055_subsample_A_proportional_cc_high_group_pool0.5_block0,50,olmo_base_eval/easy_bpb/medmcqa/bpb,1.8742945403541458,wandb_summary_validated
56,apriori_swarm_056_subsample_A_proportional_cc_high_group_pool0.25_block0,0,olmo_base_eval/easy_bpb/minerva_math_algebra/bpb,1.1590694259160645,wandb_summary_validated
56,apriori_swarm_056_subsample_A_proportional_cc_high_group_pool0.25_block0,1,olmo_base_eval/easy_bpb/minerva_math_counting_and_probability/bpb,1.0341359005948134,wandb_summary_validated
56,apriori_swarm_056_subsample_A_proportional_cc_high_group_pool0.25_block0,2,olmo_base_eval/easy_bpb/minerva_math_geometry/bpb,1.178884334360003,wandb_summary_validated
56,apriori_swarm_056_subsample_A_proportional_cc_high_group_pool0.25_block0,3,olmo_base_eval/easy_bpb/minerva_math_intermediate_algebra/bpb,1.1259322165315744,wandb_summary_validated
56,apriori_swarm_056_subsample_A_proportional_cc_high_group_pool0.25_block0,4,olmo_base_eval/easy_bpb/minerva_math_number_theory/bpb,1.1284285941443322,wandb_summary_validated
56,apriori_swarm_056_subsample_A_proportional_cc_high_group_pool0.25_block0,5,olmo_base_eval/easy_bpb/minerva_math_prealgebra/bpb,1.0557469197571416,wandb_summary_validated
56,apriori_swarm_056_subsample_A_proportional_cc_high_group_pool0.25_block0,6,olmo_base_eval/easy_bpb/minerva_math_precalculus/bpb,0.9793038616118304,wandb_summary_validated
56,apriori_swarm_056_subsample_A_proportional_cc_high_group_pool0.25_block0,7,olmo_base_eval/easy_bpb/codex_humaneval/bpb,1.0185987193454098,wandb_summary_validated
56,apriori_swarm_056_subsample_A_proportional_cc_high_group_pool0.25_block0,8,olmo_base_eval/easy_bpb/mbpp/bpb,1.1290897073055417,wandb_summary_validated
56,apriori_swarm_056_subsample_A_proportional_cc_high_group_pool0.25_block0,9,olmo_base_eval/easy_bpb/mt_mbpp_bash/bpb,1.2721542091923093,wandb_summary_validated
56,apriori_swarm_056_subsample_A_proportional_cc_high_group_pool0.25_block0,10,olmo_base_eval/easy_bpb/mt_mbpp_c/bpb,0.7117132948607552,wandb_summary_validated
56,apriori_swarm_056_subsample_A_proportional_cc_high_group_pool0.25_block0,11,olmo_base_eval/easy_bpb/mt_mbpp_cpp/bpb,0.6797979519974492,wandb_summary_validated
56,apriori_swarm_056_subsample_A_proportional_cc_high_group_pool0.25_block0,12,olmo_base_eval/easy_bpb/mt_mbpp_csharp/bpb,0.5728094695038614,wandb_summary_validated
56,apriori_swarm_056_subsample_A_proportional_cc_high_group_pool0.25_block0,13,olmo_base_eval/easy_bpb/mt_mbpp_go/bpb,0.8494792485989017,wandb_summary_validated
56,apriori_swarm_056_subsample_A_proportional_cc_high_group_pool0.25_block0,14,olmo_base_eval/easy_bpb/mt_mbpp_haskell/bpb,1.7010475548271762,wandb_summary_validated
56,apriori_swarm_056_subsample_A_proportional_cc_high_group_pool0.25_block0,15,olmo_base_eval/easy_bpb/mt_mbpp_java/bpb,0.49844922140098036,wandb_summary_validated
56,apriori_swarm_056_subsample_A_proportional_cc_high_group_pool0.25_block0,16,olmo_base_eval/easy_bpb/mt_mbpp_javascript/bpb,0.8241139211624814,wandb_summary_validated
56,apriori_swarm_056_subsample_A_proportional_cc_high_group_pool0.25_block0,17,olmo_base_eval/easy_bpb/mt_mbpp_matlab/bpb,1.228063415329887,wandb_summary_validated
56,apriori_swarm_056_subsample_A_proportional_cc_high_group_pool0.25_block0,18,olmo_base_eval/easy_bpb/mt_mbpp_php/bpb,0.7199966119869717,wandb_summary_validated
56,apriori_swarm_056_subsample_A_proportional_cc_high_group_pool0.25_block0,19,olmo_base_eval/easy_bpb/mt_mbpp_python/bpb,1.1290215926448524,wandb_summary_validated
56,apriori_swarm_056_subsample_A_proportional_cc_high_group_pool0.25_block0,20,olmo_base_eval/easy_bpb/mt_mbpp_r/bpb,1.2641023423519449,wandb_summary_validated
56,apriori_swarm_056_subsample_A_proportional_cc_high_group_pool0.25_block0,21,olmo_base_eval/easy_bpb/mt_mbpp_ruby/bpb,1.2987830664171232,wandb_summary_validated
56,apriori_swarm_056_subsample_A_proportional_cc_high_group_pool0.25_block0,22,olmo_base_eval/easy_bpb/mt_mbpp_rust/bpb,1.0542149561265224,wandb_summary_validated
56,apriori_swarm_056_subsample_A_proportional_cc_high_group_pool0.25_block0,23,olmo_base_eval/easy_bpb/mt_mbpp_scala/bpb,1.3046192865412167,wandb_summary_validated
56,apriori_swarm_056_subsample_A_proportional_cc_high_group_pool0.25_block0,24,olmo_base_eval/easy_bpb/mt_mbpp_swift/bpb,0.8818112628886626,wandb_summary_validated
56,apriori_swarm_056_subsample_A_proportional_cc_high_group_pool0.25_block0,25,olmo_base_eval/easy_bpb/mt_mbpp_typescript/bpb,0.7949945582610195,wandb_summary_validated
56,apriori_swarm_056_subsample_A_proportional_cc_high_group_pool0.25_block0,26,olmo_base_eval/easy_bpb/arc_easy/bpb,1.1032054564316414,wandb_summary_validated
56,apriori_swarm_056_subsample_A_proportional_cc_high_group_pool0.25_block0,27,olmo_base_eval/easy_bpb/arc_challenge/bpb,1.2572989511379973,wandb_summary_validated
56,apriori_swarm_056_subsample_A_proportional_cc_high_group_pool0.25_block0,28,mmlu_stem,1.8471995746760885,wandb_summary_validated
56,apriori_swarm_056_subsample_A_proportional_cc_high_group_pool0.25_block0,29,mmlu_humanities,1.0284347228424902,wandb_summary_validated
56,apriori_swarm_056_subsample_A_proportional_cc_high_group_pool0.25_block0,30,mmlu_social_sciences,1.1867964111760794,wandb_summary_validated
56,apriori_swarm_056_subsample_A_proportional_cc_high_group_pool0.25_block0,31,mmlu_other,1.4175776879567832,wandb_summary_validated
56,apriori_swarm_056_subsample_A_proportional_cc_high_group_pool0.25_block0,32,olmo_base_eval/easy_bpb/csqa/bpb,1.4530265544761773,wandb_summary_validated
56,apriori_swarm_056_subsample_A_proportional_cc_high_group_pool0.25_block0,33,olmo_base_eval/easy_bpb/hellaswag/bpb,0.9882171111779054,wandb_summary_validated
56,apriori_swarm_056_subsample_A_proportional_cc_high_group_pool0.25_block0,34,olmo_base_eval/easy_bpb/winogrande/bpb,1.4205163983243267,wandb_summary_validated
56,apriori_swarm_056_subsample_A_proportional_cc_high_group_pool0.25_block0,35,olmo_base_eval/easy_bpb/socialiqa/bpb,1.3011619379287416,wandb_summary_validated
56,apriori_swarm_056_subsample_A_proportional_cc_high_group_pool0.25_block0,36,olmo_base_eval/easy_bpb/piqa/bpb,1.274202918951636,wandb_summary_validated
56,apriori_swarm_056_subsample_A_proportional_cc_high_group_pool0.25_block0,37,olmo_base_eval/easy_bpb/coqa/bpb,0.8614376930608956,wandb_summary_validated
56,apriori_swarm_056_subsample_A_proportional_cc_high_group_pool0.25_block0,38,olmo_base_eval/easy_bpb/drop/bpb,1.751237561349448,wandb_summary_validated
56,apriori_swarm_056_subsample_A_proportional_cc_high_group_pool0.25_block0,39,olmo_base_eval/easy_bpb/jeopardy/bpb,1.564390635456249,wandb_summary_validated
56,apriori_swarm_056_subsample_A_proportional_cc_high_group_pool0.25_block0,40,olmo_base_eval/easy_bpb/naturalqs/bpb,1.5996178114247013,wandb_summary_validated
56,apriori_swarm_056_subsample_A_proportional_cc_high_group_pool0.25_block0,41,olmo_base_eval/easy_bpb/squad/bpb,0.6396943184204983,wandb_summary_validated
56,apriori_swarm_056_subsample_A_proportional_cc_high_group_pool0.25_block0,42,olmo_base_eval/easy_bpb/sciq/bpb,1.1693952154004255,wandb_summary_validated
56,apriori_swarm_056_subsample_A_proportional_cc_high_group_pool0.25_block0,43,olmo_base_eval/easy_bpb/basic_skills_arithmetic/bpb,2.3318772263191208,wandb_summary_validated
56,apriori_swarm_056_subsample_A_proportional_cc_high_group_pool0.25_block0,44,olmo_base_eval/easy_bpb/basic_skills_coding/bpb,1.038713480275815,wandb_summary_validated
56,apriori_swarm_056_subsample_A_proportional_cc_high_group_pool0.25_block0,45,olmo_base_eval/easy_bpb/basic_skills_common_knowledge/bpb,1.1540970881168322,wandb_summary_validated
56,apriori_swarm_056_subsample_A_proportional_cc_high_group_pool0.25_block0,46,olmo_base_eval/easy_bpb/basic_skills_logical_reasoning/bpb,0.41681909127791555,wandb_summary_validated
56,apriori_swarm_056_subsample_A_proportional_cc_high_group_pool0.25_block0,47,olmo_base_eval/easy_bpb/basic_skills_pattern/bpb,1.6157477271273089,wandb_summary_validated
56,apriori_swarm_056_subsample_A_proportional_cc_high_group_pool0.25_block0,48,olmo_base_eval/easy_bpb/basic_skills_string_operations/bpb,2.93871176153332,wandb_summary_validated
56,apriori_swarm_056_subsample_A_proportional_cc_high_group_pool0.25_block0,49,olmo_base_eval/easy_bpb/lambada/bpb,0.9824828290032732,wandb_summary_validated
56,apriori_swarm_056_subsample_A_proportional_cc_high_group_pool0.25_block0,50,olmo_base_eval/easy_bpb/medmcqa/bpb,1.866528614497034,wandb_summary_validated
57,apriori_swarm_057_subsample_B_small_pools_forward_dolmino_synth_qa_pool0.5_block0,0,olmo_base_eval/easy_bpb/minerva_math_algebra/bpb,1.0730218796232098,wandb_summary_validated
57,apriori_swarm_057_subsample_B_small_pools_forward_dolmino_synth_qa_pool0.5_block0,1,olmo_base_eval/easy_bpb/minerva_math_counting_and_probability/bpb,0.9718534198064657,wandb_summary_validated
57,apriori_swarm_057_subsample_B_small_pools_forward_dolmino_synth_qa_pool0.5_block0,2,olmo_base_eval/easy_bpb/minerva_math_geometry/bpb,1.0994945610803717,wandb_summary_validated
57,apriori_swarm_057_subsample_B_small_pools_forward_dolmino_synth_qa_pool0.5_block0,3,olmo_base_eval/easy_bpb/minerva_math_intermediate_algebra/bpb,1.0456794078313758,wandb_summary_validated
57,apriori_swarm_057_subsample_B_small_pools_forward_dolmino_synth_qa_pool0.5_block0,4,olmo_base_eval/easy_bpb/minerva_math_number_theory/bpb,1.0645023487648906,wandb_summary_validated
57,apriori_swarm_057_subsample_B_small_pools_forward_dolmino_synth_qa_pool0.5_block0,5,olmo_base_eval/easy_bpb/minerva_math_prealgebra/bpb,0.9890087884604419,wandb_summary_validated
57,apriori_swarm_057_subsample_B_small_pools_forward_dolmino_synth_qa_pool0.5_block0,6,olmo_base_eval/easy_bpb/minerva_math_precalculus/bpb,0.9073974953497413,wandb_summary_validated
57,apriori_swarm_057_subsample_B_small_pools_forward_dolmino_synth_qa_pool0.5_block0,7,olmo_base_eval/easy_bpb/codex_humaneval/bpb,0.9691948059793677,wandb_summary_validated
57,apriori_swarm_057_subsample_B_small_pools_forward_dolmino_synth_qa_pool0.5_block0,8,olmo_base_eval/easy_bpb/mbpp/bpb,1.0874128922023958,wandb_summary_validated
57,apriori_swarm_057_subsample_B_small_pools_forward_dolmino_synth_qa_pool0.5_block0,9,olmo_base_eval/easy_bpb/mt_mbpp_bash/bpb,1.2170128760262318,wandb_summary_validated
57,apriori_swarm_057_subsample_B_small_pools_forward_dolmino_synth_qa_pool0.5_block0,10,olmo_base_eval/easy_bpb/mt_mbpp_c/bpb,0.6903235978574601,wandb_summary_validated
57,apriori_swarm_057_subsample_B_small_pools_forward_dolmino_synth_qa_pool0.5_block0,11,olmo_base_eval/easy_bpb/mt_mbpp_cpp/bpb,0.6591282531100496,wandb_summary_validated
57,apriori_swarm_057_subsample_B_small_pools_forward_dolmino_synth_qa_pool0.5_block0,12,olmo_base_eval/easy_bpb/mt_mbpp_csharp/bpb,0.5564788804857972,wandb_summary_validated
57,apriori_swarm_057_subsample_B_small_pools_forward_dolmino_synth_qa_pool0.5_block0,13,olmo_base_eval/easy_bpb/mt_mbpp_go/bpb,0.8007540710694682,wandb_summary_validated
57,apriori_swarm_057_subsample_B_small_pools_forward_dolmino_synth_qa_pool0.5_block0,14,olmo_base_eval/easy_bpb/mt_mbpp_haskell/bpb,1.622404011758097,wandb_summary_validated
57,apriori_swarm_057_subsample_B_small_pools_forward_dolmino_synth_qa_pool0.5_block0,15,olmo_base_eval/easy_bpb/mt_mbpp_java/bpb,0.48462207172365435,wandb_summary_validated
57,apriori_swarm_057_subsample_B_small_pools_forward_dolmino_synth_qa_pool0.5_block0,16,olmo_base_eval/easy_bpb/mt_mbpp_javascript/bpb,0.8032558244220569,wandb_summary_validated
57,apriori_swarm_057_subsample_B_small_pools_forward_dolmino_synth_qa_pool0.5_block0,17,olmo_base_eval/easy_bpb/mt_mbpp_matlab/bpb,1.1784003672052188,wandb_summary_validated
57,apriori_swarm_057_subsample_B_small_pools_forward_dolmino_synth_qa_pool0.5_block0,18,olmo_base_eval/easy_bpb/mt_mbpp_php/bpb,0.7106858129038343,wandb_summary_validated
57,apriori_swarm_057_subsample_B_small_pools_forward_dolmino_synth_qa_pool0.5_block0,19,olmo_base_eval/easy_bpb/mt_mbpp_python/bpb,1.090653288786407,wandb_summary_validated
57,apriori_swarm_057_subsample_B_small_pools_forward_dolmino_synth_qa_pool0.5_block0,20,olmo_base_eval/easy_bpb/mt_mbpp_r/bpb,1.1905713543332408,wandb_summary_validated
57,apriori_swarm_057_subsample_B_small_pools_forward_dolmino_synth_qa_pool0.5_block0,21,olmo_base_eval/easy_bpb/mt_mbpp_ruby/bpb,1.246984960127133,wandb_summary_validated
57,apriori_swarm_057_subsample_B_small_pools_forward_dolmino_synth_qa_pool0.5_block0,22,olmo_base_eval/easy_bpb/mt_mbpp_rust/bpb,1.0313117971124688,wandb_summary_validated
57,apriori_swarm_057_subsample_B_small_pools_forward_dolmino_synth_qa_pool0.5_block0,23,olmo_base_eval/easy_bpb/mt_mbpp_scala/bpb,1.2774382609065216,wandb_summary_validated
57,apriori_swarm_057_subsample_B_small_pools_forward_dolmino_synth_qa_pool0.5_block0,24,olmo_base_eval/easy_bpb/mt_mbpp_swift/bpb,0.8532902164700753,wandb_summary_validated
57,apriori_swarm_057_subsample_B_small_pools_forward_dolmino_synth_qa_pool0.5_block0,25,olmo_base_eval/easy_bpb/mt_mbpp_typescript/bpb,0.764884639072782,wandb_summary_validated
57,apriori_swarm_057_subsample_B_small_pools_forward_dolmino_synth_qa_pool0.5_block0,26,olmo_base_eval/easy_bpb/arc_easy/bpb,1.0912547658674594,wandb_summary_validated
57,apriori_swarm_057_subsample_B_small_pools_forward_dolmino_synth_qa_pool0.5_block0,27,olmo_base_eval/easy_bpb/arc_challenge/bpb,1.2106948839510527,wandb_summary_validated
57,apriori_swarm_057_subsample_B_small_pools_forward_dolmino_synth_qa_pool0.5_block0,28,mmlu_stem,1.7918756744667212,wandb_summary_validated
57,apriori_swarm_057_subsample_B_small_pools_forward_dolmino_synth_qa_pool0.5_block0,29,mmlu_humanities,0.9916303755364378,wandb_summary_validated
57,apriori_swarm_057_subsample_B_small_pools_forward_dolmino_synth_qa_pool0.5_block0,30,mmlu_social_sciences,1.1673911606253848,wandb_summary_validated
57,apriori_swarm_057_subsample_B_small_pools_forward_dolmino_synth_qa_pool0.5_block0,31,mmlu_other,1.3872019375703417,wandb_summary_validated
57,apriori_swarm_057_subsample_B_small_pools_forward_dolmino_synth_qa_pool0.5_block0,32,olmo_base_eval/easy_bpb/csqa/bpb,1.496971380387698,wandb_summary_validated
57,apriori_swarm_057_subsample_B_small_pools_forward_dolmino_synth_qa_pool0.5_block0,33,olmo_base_eval/easy_bpb/hellaswag/bpb,0.9802337637604694,wandb_summary_validated
57,apriori_swarm_057_subsample_B_small_pools_forward_dolmino_synth_qa_pool0.5_block0,34,olmo_base_eval/easy_bpb/winogrande/bpb,1.423186840468179,wandb_summary_validated
57,apriori_swarm_057_subsample_B_small_pools_forward_dolmino_synth_qa_pool0.5_block0,35,olmo_base_eval/easy_bpb/socialiqa/bpb,1.3182314641321593,wandb_summary_validated
57,apriori_swarm_057_subsample_B_small_pools_forward_dolmino_synth_qa_pool0.5_block0,36,olmo_base_eval/easy_bpb/piqa/bpb,1.2555460749424026,wandb_summary_validated
57,apriori_swarm_057_subsample_B_small_pools_forward_dolmino_synth_qa_pool0.5_block0,37,olmo_base_eval/easy_bpb/coqa/bpb,0.810499466398105,wandb_summary_validated
57,apriori_swarm_057_subsample_B_small_pools_forward_dolmino_synth_qa_pool0.5_block0,38,olmo_base_eval/easy_bpb/drop/bpb,1.7951201795335092,wandb_summary_validated
57,apriori_swarm_057_subsample_B_small_pools_forward_dolmino_synth_qa_pool0.5_block0,39,olmo_base_eval/easy_bpb/jeopardy/bpb,1.5302483186423395,wandb_summary_validated
57,apriori_swarm_057_subsample_B_small_pools_forward_dolmino_synth_qa_pool0.5_block0,40,olmo_base_eval/easy_bpb/naturalqs/bpb,1.578821939528725,wandb_summary_validated
57,apriori_swarm_057_subsample_B_small_pools_forward_dolmino_synth_qa_pool0.5_block0,41,olmo_base_eval/easy_bpb/squad/bpb,0.6297436418222547,wandb_summary_validated
57,apriori_swarm_057_subsample_B_small_pools_forward_dolmino_synth_qa_pool0.5_block0,42,olmo_base_eval/easy_bpb/sciq/bpb,1.1797934557687035,wandb_summary_validated
57,apriori_swarm_057_subsample_B_small_pools_forward_dolmino_synth_qa_pool0.5_block0,43,olmo_base_eval/easy_bpb/basic_skills_arithmetic/bpb,2.236071384636505,wandb_summary_validated
57,apriori_swarm_057_subsample_B_small_pools_forward_dolmino_synth_qa_pool0.5_block0,44,olmo_base_eval/easy_bpb/basic_skills_coding/bpb,0.9396804181058528,wandb_summary_validated
57,apriori_swarm_057_subsample_B_small_pools_forward_dolmino_synth_qa_pool0.5_block0,45,olmo_base_eval/easy_bpb/basic_skills_common_knowledge/bpb,1.0177409540688047,wandb_summary_validated
57,apriori_swarm_057_subsample_B_small_pools_forward_dolmino_synth_qa_pool0.5_block0,46,olmo_base_eval/easy_bpb/basic_skills_logical_reasoning/bpb,0.4473163150235064,wandb_summary_validated
57,apriori_swarm_057_subsample_B_small_pools_forward_dolmino_synth_qa_pool0.5_block0,47,olmo_base_eval/easy_bpb/basic_skills_pattern/bpb,1.5864785858137536,wandb_summary_validated
57,apriori_swarm_057_subsample_B_small_pools_forward_dolmino_synth_qa_pool0.5_block0,48,olmo_base_eval/easy_bpb/basic_skills_string_operations/bpb,2.807027294936978,wandb_summary_validated
57,apriori_swarm_057_subsample_B_small_pools_forward_dolmino_synth_qa_pool0.5_block0,49,olmo_base_eval/easy_bpb/lambada/bpb,0.9743903740367337,wandb_summary_validated
57,apriori_swarm_057_subsample_B_small_pools_forward_dolmino_synth_qa_pool0.5_block0,50,olmo_base_eval/easy_bpb/medmcqa/bpb,1.8666575227751723,wandb_summary_validated
58,apriori_swarm_058_subsample_B_small_pools_forward_dolmino_synth_qa_pool0.25_block0,0,olmo_base_eval/easy_bpb/minerva_math_algebra/bpb,1.070540986786055,wandb_summary_validated
58,apriori_swarm_058_subsample_B_small_pools_forward_dolmino_synth_qa_pool0.25_block0,1,olmo_base_eval/easy_bpb/minerva_math_counting_and_probability/bpb,0.9679311032127937,wandb_summary_validated
58,apriori_swarm_058_subsample_B_small_pools_forward_dolmino_synth_qa_pool0.25_block0,2,olmo_base_eval/easy_bpb/minerva_math_geometry/bpb,1.094006152462515,wandb_summary_validated
58,apriori_swarm_058_subsample_B_small_pools_forward_dolmino_synth_qa_pool0.25_block0,3,olmo_base_eval/easy_bpb/minerva_math_intermediate_algebra/bpb,1.0395426144282016,wandb_summary_validated
58,apriori_swarm_058_subsample_B_small_pools_forward_dolmino_synth_qa_pool0.25_block0,4,olmo_base_eval/easy_bpb/minerva_math_number_theory/bpb,1.0574230851712587,wandb_summary_validated
58,apriori_swarm_058_subsample_B_small_pools_forward_dolmino_synth_qa_pool0.25_block0,5,olmo_base_eval/easy_bpb/minerva_math_prealgebra/bpb,0.9856436230898827,wandb_summary_validated
58,apriori_swarm_058_subsample_B_small_pools_forward_dolmino_synth_qa_pool0.25_block0,6,olmo_base_eval/easy_bpb/minerva_math_precalculus/bpb,0.9044476412803101,wandb_summary_validated
58,apriori_swarm_058_subsample_B_small_pools_forward_dolmino_synth_qa_pool0.25_block0,7,olmo_base_eval/easy_bpb/codex_humaneval/bpb,0.9487345703657177,wandb_summary_validated
58,apriori_swarm_058_subsample_B_small_pools_forward_dolmino_synth_qa_pool0.25_block0,8,olmo_base_eval/easy_bpb/mbpp/bpb,1.0849261822823908,wandb_summary_validated
58,apriori_swarm_058_subsample_B_small_pools_forward_dolmino_synth_qa_pool0.25_block0,9,olmo_base_eval/easy_bpb/mt_mbpp_bash/bpb,1.2274533942770263,wandb_summary_validated
58,apriori_swarm_058_subsample_B_small_pools_forward_dolmino_synth_qa_pool0.25_block0,10,olmo_base_eval/easy_bpb/mt_mbpp_c/bpb,0.6939069801645797,wandb_summary_validated
58,apriori_swarm_058_subsample_B_small_pools_forward_dolmino_synth_qa_pool0.25_block0,11,olmo_base_eval/easy_bpb/mt_mbpp_cpp/bpb,0.6593748929189021,wandb_summary_validated
58,apriori_swarm_058_subsample_B_small_pools_forward_dolmino_synth_qa_pool0.25_block0,12,olmo_base_eval/easy_bpb/mt_mbpp_csharp/bpb,0.5415745520557553,wandb_summary_validated
58,apriori_swarm_058_subsample_B_small_pools_forward_dolmino_synth_qa_pool0.25_block0,13,olmo_base_eval/easy_bpb/mt_mbpp_go/bpb,0.7954651111926969,wandb_summary_validated
58,apriori_swarm_058_subsample_B_small_pools_forward_dolmino_synth_qa_pool0.25_block0,14,olmo_base_eval/easy_bpb/mt_mbpp_haskell/bpb,1.6311170129545944,wandb_summary_validated
58,apriori_swarm_058_subsample_B_small_pools_forward_dolmino_synth_qa_pool0.25_block0,15,olmo_base_eval/easy_bpb/mt_mbpp_java/bpb,0.4893810679644317,wandb_summary_validated
58,apriori_swarm_058_subsample_B_small_pools_forward_dolmino_synth_qa_pool0.25_block0,16,olmo_base_eval/easy_bpb/mt_mbpp_javascript/bpb,0.7912883628650559,wandb_summary_validated
58,apriori_swarm_058_subsample_B_small_pools_forward_dolmino_synth_qa_pool0.25_block0,17,olmo_base_eval/easy_bpb/mt_mbpp_matlab/bpb,1.175658401470357,wandb_summary_validated
58,apriori_swarm_058_subsample_B_small_pools_forward_dolmino_synth_qa_pool0.25_block0,18,olmo_base_eval/easy_bpb/mt_mbpp_php/bpb,0.7137346589669283,wandb_summary_validated
58,apriori_swarm_058_subsample_B_small_pools_forward_dolmino_synth_qa_pool0.25_block0,19,olmo_base_eval/easy_bpb/mt_mbpp_python/bpb,1.0838768802156347,wandb_summary_validated
58,apriori_swarm_058_subsample_B_small_pools_forward_dolmino_synth_qa_pool0.25_block0,20,olmo_base_eval/easy_bpb/mt_mbpp_r/bpb,1.2085062497124335,wandb_summary_validated
58,apriori_swarm_058_subsample_B_small_pools_forward_dolmino_synth_qa_pool0.25_block0,21,olmo_base_eval/easy_bpb/mt_mbpp_ruby/bpb,1.2395993484095675,wandb_summary_validated
58,apriori_swarm_058_subsample_B_small_pools_forward_dolmino_synth_qa_pool0.25_block0,22,olmo_base_eval/easy_bpb/mt_mbpp_rust/bpb,1.0341031280449635,wandb_summary_validated
58,apriori_swarm_058_subsample_B_small_pools_forward_dolmino_synth_qa_pool0.25_block0,23,olmo_base_eval/easy_bpb/mt_mbpp_scala/bpb,1.265020707971451,wandb_summary_validated
58,apriori_swarm_058_subsample_B_small_pools_forward_dolmino_synth_qa_pool0.25_block0,24,olmo_base_eval/easy_bpb/mt_mbpp_swift/bpb,0.8527068752865123,wandb_summary_validated
58,apriori_swarm_058_subsample_B_small_pools_forward_dolmino_synth_qa_pool0.25_block0,25,olmo_base_eval/easy_bpb/mt_mbpp_typescript/bpb,0.7589670992280491,wandb_summary_validated
58,apriori_swarm_058_subsample_B_small_pools_forward_dolmino_synth_qa_pool0.25_block0,26,olmo_base_eval/easy_bpb/arc_easy/bpb,1.083493645191176,wandb_summary_validated
58,apriori_swarm_058_subsample_B_small_pools_forward_dolmino_synth_qa_pool0.25_block0,27,olmo_base_eval/easy_bpb/arc_challenge/bpb,1.2320351251426542,wandb_summary_validated
58,apriori_swarm_058_subsample_B_small_pools_forward_dolmino_synth_qa_pool0.25_block0,28,mmlu_stem,1.790586382152202,wandb_summary_validated
58,apriori_swarm_058_subsample_B_small_pools_forward_dolmino_synth_qa_pool0.25_block0,29,mmlu_humanities,1.0020847623280593,wandb_summary_validated
58,apriori_swarm_058_subsample_B_small_pools_forward_dolmino_synth_qa_pool0.25_block0,30,mmlu_social_sciences,1.1742453401680881,wandb_summary_validated
58,apriori_swarm_058_subsample_B_small_pools_forward_dolmino_synth_qa_pool0.25_block0,31,mmlu_other,1.4036161077891165,wandb_summary_validated
58,apriori_swarm_058_subsample_B_small_pools_forward_dolmino_synth_qa_pool0.25_block0,32,olmo_base_eval/easy_bpb/csqa/bpb,1.4343718811068649,wandb_summary_validated
58,apriori_swarm_058_subsample_B_small_pools_forward_dolmino_synth_qa_pool0.25_block0,33,olmo_base_eval/easy_bpb/hellaswag/bpb,0.9808118381158906,wandb_summary_validated
58,apriori_swarm_058_subsample_B_small_pools_forward_dolmino_synth_qa_pool0.25_block0,34,olmo_base_eval/easy_bpb/winogrande/bpb,1.405834395646124,wandb_summary_validated
58,apriori_swarm_058_subsample_B_small_pools_forward_dolmino_synth_qa_pool0.25_block0,35,olmo_base_eval/easy_bpb/socialiqa/bpb,1.3172464068261187,wandb_summary_validated
58,apriori_swarm_058_subsample_B_small_pools_forward_dolmino_synth_qa_pool0.25_block0,36,olmo_base_eval/easy_bpb/piqa/bpb,1.2650508227424169,wandb_summary_validated
58,apriori_swarm_058_subsample_B_small_pools_forward_dolmino_synth_qa_pool0.25_block0,37,olmo_base_eval/easy_bpb/coqa/bpb,0.8490417661684467,wandb_summary_validated
58,apriori_swarm_058_subsample_B_small_pools_forward_dolmino_synth_qa_pool0.25_block0,38,olmo_base_eval/easy_bpb/drop/bpb,1.8130786767178955,wandb_summary_validated
58,apriori_swarm_058_subsample_B_small_pools_forward_dolmino_synth_qa_pool0.25_block0,39,olmo_base_eval/easy_bpb/jeopardy/bpb,1.5293567807284478,wandb_summary_validated
58,apriori_swarm_058_subsample_B_small_pools_forward_dolmino_synth_qa_pool0.25_block0,40,olmo_base_eval/easy_bpb/naturalqs/bpb,1.6010050623113679,wandb_summary_validated
58,apriori_swarm_058_subsample_B_small_pools_forward_dolmino_synth_qa_pool0.25_block0,41,olmo_base_eval/easy_bpb/squad/bpb,0.6449953360578051,wandb_summary_validated
58,apriori_swarm_058_subsample_B_small_pools_forward_dolmino_synth_qa_pool0.25_block0,42,olmo_base_eval/easy_bpb/sciq/bpb,1.135211391240333,wandb_summary_validated
58,apriori_swarm_058_subsample_B_small_pools_forward_dolmino_synth_qa_pool0.25_block0,43,olmo_base_eval/easy_bpb/basic_skills_arithmetic/bpb,2.2418755477817727,wandb_summary_validated
58,apriori_swarm_058_subsample_B_small_pools_forward_dolmino_synth_qa_pool0.25_block0,44,olmo_base_eval/easy_bpb/basic_skills_coding/bpb,1.0261496715973921,wandb_summary_validated
58,apriori_swarm_058_subsample_B_small_pools_forward_dolmino_synth_qa_pool0.25_block0,45,olmo_base_eval/easy_bpb/basic_skills_common_knowledge/bpb,1.1185101854046866,wandb_summary_validated
58,apriori_swarm_058_subsample_B_small_pools_forward_dolmino_synth_qa_pool0.25_block0,46,olmo_base_eval/easy_bpb/basic_skills_logical_reasoning/bpb,0.4122239560100047,wandb_summary_validated
58,apriori_swarm_058_subsample_B_small_pools_forward_dolmino_synth_qa_pool0.25_block0,47,olmo_base_eval/easy_bpb/basic_skills_pattern/bpb,1.6444590720042462,wandb_summary_validated
58,apriori_swarm_058_subsample_B_small_pools_forward_dolmino_synth_qa_pool0.25_block0,48,olmo_base_eval/easy_bpb/basic_skills_string_operations/bpb,2.7740066536098067,wandb_summary_validated
58,apriori_swarm_058_subsample_B_small_pools_forward_dolmino_synth_qa_pool0.25_block0,49,olmo_base_eval/easy_bpb/lambada/bpb,0.9659640773636318,wandb_summary_validated
58,apriori_swarm_058_subsample_B_small_pools_forward_dolmino_synth_qa_pool0.25_block0,50,olmo_base_eval/easy_bpb/medmcqa/bpb,1.8880904598936519,wandb_summary_validated
59,apriori_swarm_059_subsample_B_small_pools_forward_dolmino_olmocr_pdfs_hq_pool0.5_block0,0,olmo_base_eval/easy_bpb/minerva_math_algebra/bpb,1.0703483914857066,wandb_summary_validated
59,apriori_swarm_059_subsample_B_small_pools_forward_dolmino_olmocr_pdfs_hq_pool0.5_block0,1,olmo_base_eval/easy_bpb/minerva_math_counting_and_probability/bpb,0.9731767625492515,wandb_summary_validated
59,apriori_swarm_059_subsample_B_small_pools_forward_dolmino_olmocr_pdfs_hq_pool0.5_block0,2,olmo_base_eval/easy_bpb/minerva_math_geometry/bpb,1.1005320081622612,wandb_summary_validated
59,apriori_swarm_059_subsample_B_small_pools_forward_dolmino_olmocr_pdfs_hq_pool0.5_block0,3,olmo_base_eval/easy_bpb/minerva_math_intermediate_algebra/bpb,1.049163726682583,wandb_summary_validated
59,apriori_swarm_059_subsample_B_small_pools_forward_dolmino_olmocr_pdfs_hq_pool0.5_block0,4,olmo_base_eval/easy_bpb/minerva_math_number_theory/bpb,1.0604751443140632,wandb_summary_validated
59,apriori_swarm_059_subsample_B_small_pools_forward_dolmino_olmocr_pdfs_hq_pool0.5_block0,5,olmo_base_eval/easy_bpb/minerva_math_prealgebra/bpb,0.9915057400424259,wandb_summary_validated
59,apriori_swarm_059_subsample_B_small_pools_forward_dolmino_olmocr_pdfs_hq_pool0.5_block0,6,olmo_base_eval/easy_bpb/minerva_math_precalculus/bpb,0.9123477016110819,wandb_summary_validated
59,apriori_swarm_059_subsample_B_small_pools_forward_dolmino_olmocr_pdfs_hq_pool0.5_block0,7,olmo_base_eval/easy_bpb/codex_humaneval/bpb,0.9757859752860505,wandb_summary_validated
59,apriori_swarm_059_subsample_B_small_pools_forward_dolmino_olmocr_pdfs_hq_pool0.5_block0,8,olmo_base_eval/easy_bpb/mbpp/bpb,1.090012428963706,wandb_summary_validated
59,apriori_swarm_059_subsample_B_small_pools_forward_dolmino_olmocr_pdfs_hq_pool0.5_block0,9,olmo_base_eval/easy_bpb/mt_mbpp_bash/bpb,1.2207441746205376,wandb_summary_validated
59,apriori_swarm_059_subsample_B_small_pools_forward_dolmino_olmocr_pdfs_hq_pool0.5_block0,10,olmo_base_eval/easy_bpb/mt_mbpp_c/bpb,0.6932429700673852,wandb_summary_validated
59,apriori_swarm_059_subsample_B_small_pools_forward_dolmino_olmocr_pdfs_hq_pool0.5_block0,11,olmo_base_eval/easy_bpb/mt_mbpp_cpp/bpb,0.661844765554766,wandb_summary_validated
59,apriori_swarm_059_subsample_B_small_pools_forward_dolmino_olmocr_pdfs_hq_pool0.5_block0,12,olmo_base_eval/easy_bpb/mt_mbpp_csharp/bpb,0.5557298801153094,wandb_summary_validated
59,apriori_swarm_059_subsample_B_small_pools_forward_dolmino_olmocr_pdfs_hq_pool0.5_block0,13,olmo_base_eval/easy_bpb/mt_mbpp_go/bpb,0.8057498729294619,wandb_summary_validated
59,apriori_swarm_059_subsample_B_small_pools_forward_dolmino_olmocr_pdfs_hq_pool0.5_block0,14,olmo_base_eval/easy_bpb/mt_mbpp_haskell/bpb,1.6404307013464108,wandb_summary_validated
59,apriori_swarm_059_subsample_B_small_pools_forward_dolmino_olmocr_pdfs_hq_pool0.5_block0,15,olmo_base_eval/easy_bpb/mt_mbpp_java/bpb,0.48551203537533566,wandb_summary_validated
59,apriori_swarm_059_subsample_B_small_pools_forward_dolmino_olmocr_pdfs_hq_pool0.5_block0,16,olmo_base_eval/easy_bpb/mt_mbpp_javascript/bpb,0.7936997000799598,wandb_summary_validated
59,apriori_swarm_059_subsample_B_small_pools_forward_dolmino_olmocr_pdfs_hq_pool0.5_block0,17,olmo_base_eval/easy_bpb/mt_mbpp_matlab/bpb,1.1841426464694202,wandb_summary_validated
59,apriori_swarm_059_subsample_B_small_pools_forward_dolmino_olmocr_pdfs_hq_pool0.5_block0,18,olmo_base_eval/easy_bpb/mt_mbpp_php/bpb,0.7090506605058129,wandb_summary_validated
59,apriori_swarm_059_subsample_B_small_pools_forward_dolmino_olmocr_pdfs_hq_pool0.5_block0,19,olmo_base_eval/easy_bpb/mt_mbpp_python/bpb,1.0886729647431008,wandb_summary_validated
59,apriori_swarm_059_subsample_B_small_pools_forward_dolmino_olmocr_pdfs_hq_pool0.5_block0,20,olmo_base_eval/easy_bpb/mt_mbpp_r/bpb,1.194377536225049,wandb_summary_validated
59,apriori_swarm_059_subsample_B_small_pools_forward_dolmino_olmocr_pdfs_hq_pool0.5_block0,21,olmo_base_eval/easy_bpb/mt_mbpp_ruby/bpb,1.2517112818880602,wandb_summary_validated
59,apriori_swarm_059_subsample_B_small_pools_forward_dolmino_olmocr_pdfs_hq_pool0.5_block0,22,olmo_base_eval/easy_bpb/mt_mbpp_rust/bpb,1.0304855272573934,wandb_summary_validated
59,apriori_swarm_059_subsample_B_small_pools_forward_dolmino_olmocr_pdfs_hq_pool0.5_block0,23,olmo_base_eval/easy_bpb/mt_mbpp_scala/bpb,1.2589120015402309,wandb_summary_validated
59,apriori_swarm_059_subsample_B_small_pools_forward_dolmino_olmocr_pdfs_hq_pool0.5_block0,24,olmo_base_eval/easy_bpb/mt_mbpp_swift/bpb,0.8673001548606178,wandb_summary_validated
59,apriori_swarm_059_subsample_B_small_pools_forward_dolmino_olmocr_pdfs_hq_pool0.5_block0,25,olmo_base_eval/easy_bpb/mt_mbpp_typescript/bpb,0.7537548811794824,wandb_summary_validated
59,apriori_swarm_059_subsample_B_small_pools_forward_dolmino_olmocr_pdfs_hq_pool0.5_block0,26,olmo_base_eval/easy_bpb/arc_easy/bpb,1.0659390569414702,wandb_summary_validated
59,apriori_swarm_059_subsample_B_small_pools_forward_dolmino_olmocr_pdfs_hq_pool0.5_block0,27,olmo_base_eval/easy_bpb/arc_challenge/bpb,1.1974288947300638,wandb_summary_validated
59,apriori_swarm_059_subsample_B_small_pools_forward_dolmino_olmocr_pdfs_hq_pool0.5_block0,28,mmlu_stem,1.7691056658621012,wandb_summary_validated
59,apriori_swarm_059_subsample_B_small_pools_forward_dolmino_olmocr_pdfs_hq_pool0.5_block0,29,mmlu_humanities,1.0025017765217683,wandb_summary_validated
59,apriori_swarm_059_subsample_B_small_pools_forward_dolmino_olmocr_pdfs_hq_pool0.5_block0,30,mmlu_social_sciences,1.1613487065186523,wandb_summary_validated
59,apriori_swarm_059_subsample_B_small_pools_forward_dolmino_olmocr_pdfs_hq_pool0.5_block0,31,mmlu_other,1.3809486717966972,wandb_summary_validated
59,apriori_swarm_059_subsample_B_small_pools_forward_dolmino_olmocr_pdfs_hq_pool0.5_block0,32,olmo_base_eval/easy_bpb/csqa/bpb,1.443036282948216,wandb_summary_validated
59,apriori_swarm_059_subsample_B_small_pools_forward_dolmino_olmocr_pdfs_hq_pool0.5_block0,33,olmo_base_eval/easy_bpb/hellaswag/bpb,0.9762486480915946,wandb_summary_validated
59,apriori_swarm_059_subsample_B_small_pools_forward_dolmino_olmocr_pdfs_hq_pool0.5_block0,34,olmo_base_eval/easy_bpb/winogrande/bpb,1.4285918417036305,wandb_summary_validated
59,apriori_swarm_059_subsample_B_small_pools_forward_dolmino_olmocr_pdfs_hq_pool0.5_block0,35,olmo_base_eval/easy_bpb/socialiqa/bpb,1.2625859707028464,wandb_summary_validated
59,apriori_swarm_059_subsample_B_small_pools_forward_dolmino_olmocr_pdfs_hq_pool0.5_block0,36,olmo_base_eval/easy_bpb/piqa/bpb,1.2385845162158937,wandb_summary_validated
59,apriori_swarm_059_subsample_B_small_pools_forward_dolmino_olmocr_pdfs_hq_pool0.5_block0,37,olmo_base_eval/easy_bpb/coqa/bpb,0.894508158657342,wandb_summary_validated
59,apriori_swarm_059_subsample_B_small_pools_forward_dolmino_olmocr_pdfs_hq_pool0.5_block0,38,olmo_base_eval/easy_bpb/drop/bpb,1.8201764999149252,wandb_summary_validated
59,apriori_swarm_059_subsample_B_small_pools_forward_dolmino_olmocr_pdfs_hq_pool0.5_block0,39,olmo_base_eval/easy_bpb/jeopardy/bpb,1.539805623162718,wandb_summary_validated
59,apriori_swarm_059_subsample_B_small_pools_forward_dolmino_olmocr_pdfs_hq_pool0.5_block0,40,olmo_base_eval/easy_bpb/naturalqs/bpb,1.5765873852740417,wandb_summary_validated
59,apriori_swarm_059_subsample_B_small_pools_forward_dolmino_olmocr_pdfs_hq_pool0.5_block0,41,olmo_base_eval/easy_bpb/squad/bpb,0.5881554328433386,wandb_summary_validated
59,apriori_swarm_059_subsample_B_small_pools_forward_dolmino_olmocr_pdfs_hq_pool0.5_block0,42,olmo_base_eval/easy_bpb/sciq/bpb,1.1475427174486907,wandb_summary_validated
59,apriori_swarm_059_subsample_B_small_pools_forward_dolmino_olmocr_pdfs_hq_pool0.5_block0,43,olmo_base_eval/easy_bpb/basic_skills_arithmetic/bpb,2.201577746302609,wandb_summary_validated
59,apriori_swarm_059_subsample_B_small_pools_forward_dolmino_olmocr_pdfs_hq_pool0.5_block0,44,olmo_base_eval/easy_bpb/basic_skills_coding/bpb,0.9359761551992452,wandb_summary_validated
59,apriori_swarm_059_subsample_B_small_pools_forward_dolmino_olmocr_pdfs_hq_pool0.5_block0,45,olmo_base_eval/easy_bpb/basic_skills_common_knowledge/bpb,1.1667288509259897,wandb_summary_validated
59,apriori_swarm_059_subsample_B_small_pools_forward_dolmino_olmocr_pdfs_hq_pool0.5_block0,46,olmo_base_eval/easy_bpb/basic_skills_logical_reasoning/bpb,0.4698361625917435,wandb_summary_validated
59,apriori_swarm_059_subsample_B_small_pools_forward_dolmino_olmocr_pdfs_hq_pool0.5_block0,47,olmo_base_eval/easy_bpb/basic_skills_pattern/bpb,1.6151044407357709,wandb_summary_validated
59,apriori_swarm_059_subsample_B_small_pools_forward_dolmino_olmocr_pdfs_hq_pool0.5_block0,48,olmo_base_eval/easy_bpb/basic_skills_string_operations/bpb,2.8684405312553607,wandb_summary_validated
59,apriori_swarm_059_subsample_B_small_pools_forward_dolmino_olmocr_pdfs_hq_pool0.5_block0,49,olmo_base_eval/easy_bpb/lambada/bpb,0.9619972649662193,wandb_summary_validated
59,apriori_swarm_059_subsample_B_small_pools_forward_dolmino_olmocr_pdfs_hq_pool0.5_block0,50,olmo_base_eval/easy_bpb/medmcqa/bpb,1.8645464661347273,wandb_summary_validated
60,apriori_swarm_060_subsample_B_small_pools_forward_dolmino_olmocr_pdfs_hq_pool0.25_block0,0,olmo_base_eval/easy_bpb/minerva_math_algebra/bpb,1.0751238636916862,wandb_summary_validated
60,apriori_swarm_060_subsample_B_small_pools_forward_dolmino_olmocr_pdfs_hq_pool0.25_block0,1,olmo_base_eval/easy_bpb/minerva_math_counting_and_probability/bpb,0.9779359495913768,wandb_summary_validated
60,apriori_swarm_060_subsample_B_small_pools_forward_dolmino_olmocr_pdfs_hq_pool0.25_block0,2,olmo_base_eval/easy_bpb/minerva_math_geometry/bpb,1.1016059954252893,wandb_summary_validated
60,apriori_swarm_060_subsample_B_small_pools_forward_dolmino_olmocr_pdfs_hq_pool0.25_block0,3,olmo_base_eval/easy_bpb/minerva_math_intermediate_algebra/bpb,1.0445559042723236,wandb_summary_validated
60,apriori_swarm_060_subsample_B_small_pools_forward_dolmino_olmocr_pdfs_hq_pool0.25_block0,4,olmo_base_eval/easy_bpb/minerva_math_number_theory/bpb,1.0653362227020966,wandb_summary_validated
60,apriori_swarm_060_subsample_B_small_pools_forward_dolmino_olmocr_pdfs_hq_pool0.25_block0,5,olmo_base_eval/easy_bpb/minerva_math_prealgebra/bpb,0.9938107292943679,wandb_summary_validated
60,apriori_swarm_060_subsample_B_small_pools_forward_dolmino_olmocr_pdfs_hq_pool0.25_block0,6,olmo_base_eval/easy_bpb/minerva_math_precalculus/bpb,0.9092360265201661,wandb_summary_validated
60,apriori_swarm_060_subsample_B_small_pools_forward_dolmino_olmocr_pdfs_hq_pool0.25_block0,7,olmo_base_eval/easy_bpb/codex_humaneval/bpb,0.947819194384536,wandb_summary_validated
60,apriori_swarm_060_subsample_B_small_pools_forward_dolmino_olmocr_pdfs_hq_pool0.25_block0,8,olmo_base_eval/easy_bpb/mbpp/bpb,1.1020693537338269,wandb_summary_validated
60,apriori_swarm_060_subsample_B_small_pools_forward_dolmino_olmocr_pdfs_hq_pool0.25_block0,9,olmo_base_eval/easy_bpb/mt_mbpp_bash/bpb,1.2133490267417244,wandb_summary_validated
60,apriori_swarm_060_subsample_B_small_pools_forward_dolmino_olmocr_pdfs_hq_pool0.25_block0,10,olmo_base_eval/easy_bpb/mt_mbpp_c/bpb,0.7046177119703715,wandb_summary_validated
60,apriori_swarm_060_subsample_B_small_pools_forward_dolmino_olmocr_pdfs_hq_pool0.25_block0,11,olmo_base_eval/easy_bpb/mt_mbpp_cpp/bpb,0.6665235226479079,wandb_summary_validated
60,apriori_swarm_060_subsample_B_small_pools_forward_dolmino_olmocr_pdfs_hq_pool0.25_block0,12,olmo_base_eval/easy_bpb/mt_mbpp_csharp/bpb,0.560076552737444,wandb_summary_validated
60,apriori_swarm_060_subsample_B_small_pools_forward_dolmino_olmocr_pdfs_hq_pool0.25_block0,13,olmo_base_eval/easy_bpb/mt_mbpp_go/bpb,0.8147629242895995,wandb_summary_validated
60,apriori_swarm_060_subsample_B_small_pools_forward_dolmino_olmocr_pdfs_hq_pool0.25_block0,14,olmo_base_eval/easy_bpb/mt_mbpp_haskell/bpb,1.6263330707997155,wandb_summary_validated
60,apriori_swarm_060_subsample_B_small_pools_forward_dolmino_olmocr_pdfs_hq_pool0.25_block0,15,olmo_base_eval/easy_bpb/mt_mbpp_java/bpb,0.4934707299217975,wandb_summary_validated
60,apriori_swarm_060_subsample_B_small_pools_forward_dolmino_olmocr_pdfs_hq_pool0.25_block0,16,olmo_base_eval/easy_bpb/mt_mbpp_javascript/bpb,0.7937268867763513,wandb_summary_validated
60,apriori_swarm_060_subsample_B_small_pools_forward_dolmino_olmocr_pdfs_hq_pool0.25_block0,17,olmo_base_eval/easy_bpb/mt_mbpp_matlab/bpb,1.1571143141553186,wandb_summary_validated
60,apriori_swarm_060_subsample_B_small_pools_forward_dolmino_olmocr_pdfs_hq_pool0.25_block0,18,olmo_base_eval/easy_bpb/mt_mbpp_php/bpb,0.7126892297385512,wandb_summary_validated
60,apriori_swarm_060_subsample_B_small_pools_forward_dolmino_olmocr_pdfs_hq_pool0.25_block0,19,olmo_base_eval/easy_bpb/mt_mbpp_python/bpb,1.103088536882967,wandb_summary_validated
60,apriori_swarm_060_subsample_B_small_pools_forward_dolmino_olmocr_pdfs_hq_pool0.25_block0,20,olmo_base_eval/easy_bpb/mt_mbpp_r/bpb,1.1884259583019832,wandb_summary_validated
60,apriori_swarm_060_subsample_B_small_pools_forward_dolmino_olmocr_pdfs_hq_pool0.25_block0,21,olmo_base_eval/easy_bpb/mt_mbpp_ruby/bpb,1.2529986155552801,wandb_summary_validated
60,apriori_swarm_060_subsample_B_small_pools_forward_dolmino_olmocr_pdfs_hq_pool0.25_block0,22,olmo_base_eval/easy_bpb/mt_mbpp_rust/bpb,1.0267860682155017,wandb_summary_validated
60,apriori_swarm_060_subsample_B_small_pools_forward_dolmino_olmocr_pdfs_hq_pool0.25_block0,23,olmo_base_eval/easy_bpb/mt_mbpp_scala/bpb,1.259241641948609,wandb_summary_validated
60,apriori_swarm_060_subsample_B_small_pools_forward_dolmino_olmocr_pdfs_hq_pool0.25_block0,24,olmo_base_eval/easy_bpb/mt_mbpp_swift/bpb,0.8748011618841539,wandb_summary_validated
60,apriori_swarm_060_subsample_B_small_pools_forward_dolmino_olmocr_pdfs_hq_pool0.25_block0,25,olmo_base_eval/easy_bpb/mt_mbpp_typescript/bpb,0.7607261370545869,wandb_summary_validated
60,apriori_swarm_060_subsample_B_small_pools_forward_dolmino_olmocr_pdfs_hq_pool0.25_block0,26,olmo_base_eval/easy_bpb/arc_easy/bpb,1.0412336726868487,wandb_summary_validated
60,apriori_swarm_060_subsample_B_small_pools_forward_dolmino_olmocr_pdfs_hq_pool0.25_block0,27,olmo_base_eval/easy_bpb/arc_challenge/bpb,1.1793895516233954,wandb_summary_validated
60,apriori_swarm_060_subsample_B_small_pools_forward_dolmino_olmocr_pdfs_hq_pool0.25_block0,28,mmlu_stem,1.7462113258831722,wandb_summary_validated
60,apriori_swarm_060_subsample_B_small_pools_forward_dolmino_olmocr_pdfs_hq_pool0.25_block0,29,mmlu_humanities,0.9903084981393435,wandb_summary_validated
60,apriori_swarm_060_subsample_B_small_pools_forward_dolmino_olmocr_pdfs_hq_pool0.25_block0,30,mmlu_social_sciences,1.1423063424822635,wandb_summary_validated
60,apriori_swarm_060_subsample_B_small_pools_forward_dolmino_olmocr_pdfs_hq_pool0.25_block0,31,mmlu_other,1.3715848875886887,wandb_summary_validated
60,apriori_swarm_060_subsample_B_small_pools_forward_dolmino_olmocr_pdfs_hq_pool0.25_block0,32,olmo_base_eval/easy_bpb/csqa/bpb,1.4096064685392453,wandb_summary_validated
60,apriori_swarm_060_subsample_B_small_pools_forward_dolmino_olmocr_pdfs_hq_pool0.25_block0,33,olmo_base_eval/easy_bpb/hellaswag/bpb,0.9813327884743316,wandb_summary_validated
60,apriori_swarm_060_subsample_B_small_pools_forward_dolmino_olmocr_pdfs_hq_pool0.25_block0,34,olmo_base_eval/easy_bpb/winogrande/bpb,1.400548890525452,wandb_summary_validated
60,apriori_swarm_060_subsample_B_small_pools_forward_dolmino_olmocr_pdfs_hq_pool0.25_block0,35,olmo_base_eval/easy_bpb/socialiqa/bpb,1.2812803075599837,wandb_summary_validated
60,apriori_swarm_060_subsample_B_small_pools_forward_dolmino_olmocr_pdfs_hq_pool0.25_block0,36,olmo_base_eval/easy_bpb/piqa/bpb,1.247208006430843,wandb_summary_validated
60,apriori_swarm_060_subsample_B_small_pools_forward_dolmino_olmocr_pdfs_hq_pool0.25_block0,37,olmo_base_eval/easy_bpb/coqa/bpb,0.7499384436023655,wandb_summary_validated
60,apriori_swarm_060_subsample_B_small_pools_forward_dolmino_olmocr_pdfs_hq_pool0.25_block0,38,olmo_base_eval/easy_bpb/drop/bpb,1.747256557961948,wandb_summary_validated
60,apriori_swarm_060_subsample_B_small_pools_forward_dolmino_olmocr_pdfs_hq_pool0.25_block0,39,olmo_base_eval/easy_bpb/jeopardy/bpb,1.5360208689152874,wandb_summary_validated
60,apriori_swarm_060_subsample_B_small_pools_forward_dolmino_olmocr_pdfs_hq_pool0.25_block0,40,olmo_base_eval/easy_bpb/naturalqs/bpb,1.5940294026745334,wandb_summary_validated
60,apriori_swarm_060_subsample_B_small_pools_forward_dolmino_olmocr_pdfs_hq_pool0.25_block0,41,olmo_base_eval/easy_bpb/squad/bpb,0.5718153648959843,wandb_summary_validated
60,apriori_swarm_060_subsample_B_small_pools_forward_dolmino_olmocr_pdfs_hq_pool0.25_block0,42,olmo_base_eval/easy_bpb/sciq/bpb,1.1286439753031126,wandb_summary_validated
60,apriori_swarm_060_subsample_B_small_pools_forward_dolmino_olmocr_pdfs_hq_pool0.25_block0,43,olmo_base_eval/easy_bpb/basic_skills_arithmetic/bpb,2.1562150832420985,wandb_summary_validated
60,apriori_swarm_060_subsample_B_small_pools_forward_dolmino_olmocr_pdfs_hq_pool0.25_block0,44,olmo_base_eval/easy_bpb/basic_skills_coding/bpb,0.9787437428909483,wandb_summary_validated
60,apriori_swarm_060_subsample_B_small_pools_forward_dolmino_olmocr_pdfs_hq_pool0.25_block0,45,olmo_base_eval/easy_bpb/basic_skills_common_knowledge/bpb,1.1766400046254226,wandb_summary_validated
60,apriori_swarm_060_subsample_B_small_pools_forward_dolmino_olmocr_pdfs_hq_pool0.25_block0,46,olmo_base_eval/easy_bpb/basic_skills_logical_reasoning/bpb,0.4593886497711332,wandb_summary_validated
60,apriori_swarm_060_subsample_B_small_pools_forward_dolmino_olmocr_pdfs_hq_pool0.25_block0,47,olmo_base_eval/easy_bpb/basic_skills_pattern/bpb,1.5849851307612468,wandb_summary_validated
60,apriori_swarm_060_subsample_B_small_pools_forward_dolmino_olmocr_pdfs_hq_pool0.25_block0,48,olmo_base_eval/easy_bpb/basic_skills_string_operations/bpb,2.898487813003133,wandb_summary_validated
60,apriori_swarm_060_subsample_B_small_pools_forward_dolmino_olmocr_pdfs_hq_pool0.25_block0,49,olmo_base_eval/easy_bpb/lambada/bpb,0.9853365066361913,wandb_summary_validated
60,apriori_swarm_060_subsample_B_small_pools_forward_dolmino_olmocr_pdfs_hq_pool0.25_block0,50,olmo_base_eval/easy_bpb/medmcqa/bpb,1.8629092075046667,wandb_summary_validated
61,apriori_swarm_061_subsample_B_small_pools_forward_dolma3_stack_edu_pool0.5_block0,0,olmo_base_eval/easy_bpb/minerva_math_algebra/bpb,1.07356573759602,wandb_summary_validated
61,apriori_swarm_061_subsample_B_small_pools_forward_dolma3_stack_edu_pool0.5_block0,1,olmo_base_eval/easy_bpb/minerva_math_counting_and_probability/bpb,0.976837123196622,wandb_summary_validated
61,apriori_swarm_061_subsample_B_small_pools_forward_dolma3_stack_edu_pool0.5_block0,2,olmo_base_eval/easy_bpb/minerva_math_geometry/bpb,1.100443321530912,wandb_summary_validated
61,apriori_swarm_061_subsample_B_small_pools_forward_dolma3_stack_edu_pool0.5_block0,3,olmo_base_eval/easy_bpb/minerva_math_intermediate_algebra/bpb,1.0451435156822697,wandb_summary_validated
61,apriori_swarm_061_subsample_B_small_pools_forward_dolma3_stack_edu_pool0.5_block0,4,olmo_base_eval/easy_bpb/minerva_math_number_theory/bpb,1.0611376419831333,wandb_summary_validated
61,apriori_swarm_061_subsample_B_small_pools_forward_dolma3_stack_edu_pool0.5_block0,5,olmo_base_eval/easy_bpb/minerva_math_prealgebra/bpb,0.9890367112485119,wandb_summary_validated
61,apriori_swarm_061_subsample_B_small_pools_forward_dolma3_stack_edu_pool0.5_block0,6,olmo_base_eval/easy_bpb/minerva_math_precalculus/bpb,0.9104974283101342,wandb_summary_validated
61,apriori_swarm_061_subsample_B_small_pools_forward_dolma3_stack_edu_pool0.5_block0,7,olmo_base_eval/easy_bpb/codex_humaneval/bpb,0.9878873434822951,wandb_summary_validated
61,apriori_swarm_061_subsample_B_small_pools_forward_dolma3_stack_edu_pool0.5_block0,8,olmo_base_eval/easy_bpb/mbpp/bpb,1.0980934891707799,wandb_summary_validated
61,apriori_swarm_061_subsample_B_small_pools_forward_dolma3_stack_edu_pool0.5_block0,9,olmo_base_eval/easy_bpb/mt_mbpp_bash/bpb,1.229901615582017,wandb_summary_validated
61,apriori_swarm_061_subsample_B_small_pools_forward_dolma3_stack_edu_pool0.5_block0,10,olmo_base_eval/easy_bpb/mt_mbpp_c/bpb,0.6978856244731126,wandb_summary_validated
61,apriori_swarm_061_subsample_B_small_pools_forward_dolma3_stack_edu_pool0.5_block0,11,olmo_base_eval/easy_bpb/mt_mbpp_cpp/bpb,0.6692694900301349,wandb_summary_validated
61,apriori_swarm_061_subsample_B_small_pools_forward_dolma3_stack_edu_pool0.5_block0,12,olmo_base_eval/easy_bpb/mt_mbpp_csharp/bpb,0.5466231871359261,wandb_summary_validated
61,apriori_swarm_061_subsample_B_small_pools_forward_dolma3_stack_edu_pool0.5_block0,13,olmo_base_eval/easy_bpb/mt_mbpp_go/bpb,0.8069161292202258,wandb_summary_validated
61,apriori_swarm_061_subsample_B_small_pools_forward_dolma3_stack_edu_pool0.5_block0,14,olmo_base_eval/easy_bpb/mt_mbpp_haskell/bpb,1.645090248313056,wandb_summary_validated
61,apriori_swarm_061_subsample_B_small_pools_forward_dolma3_stack_edu_pool0.5_block0,15,olmo_base_eval/easy_bpb/mt_mbpp_java/bpb,0.491501031656768,wandb_summary_validated
61,apriori_swarm_061_subsample_B_small_pools_forward_dolma3_stack_edu_pool0.5_block0,16,olmo_base_eval/easy_bpb/mt_mbpp_javascript/bpb,0.7989949226621916,wandb_summary_validated
61,apriori_swarm_061_subsample_B_small_pools_forward_dolma3_stack_edu_pool0.5_block0,17,olmo_base_eval/easy_bpb/mt_mbpp_matlab/bpb,1.188531138044688,wandb_summary_validated
61,apriori_swarm_061_subsample_B_small_pools_forward_dolma3_stack_edu_pool0.5_block0,18,olmo_base_eval/easy_bpb/mt_mbpp_php/bpb,0.7176700162015915,wandb_summary_validated
61,apriori_swarm_061_subsample_B_small_pools_forward_dolma3_stack_edu_pool0.5_block0,19,olmo_base_eval/easy_bpb/mt_mbpp_python/bpb,1.096014848196497,wandb_summary_validated
61,apriori_swarm_061_subsample_B_small_pools_forward_dolma3_stack_edu_pool0.5_block0,20,olmo_base_eval/easy_bpb/mt_mbpp_r/bpb,1.204642373582297,wandb_summary_validated
61,apriori_swarm_061_subsample_B_small_pools_forward_dolma3_stack_edu_pool0.5_block0,21,olmo_base_eval/easy_bpb/mt_mbpp_ruby/bpb,1.2487442233667303,wandb_summary_validated
61,apriori_swarm_061_subsample_B_small_pools_forward_dolma3_stack_edu_pool0.5_block0,22,olmo_base_eval/easy_bpb/mt_mbpp_rust/bpb,1.037911065104078,wandb_summary_validated
61,apriori_swarm_061_subsample_B_small_pools_forward_dolma3_stack_edu_pool0.5_block0,23,olmo_base_eval/easy_bpb/mt_mbpp_scala/bpb,1.2658301755038615,wandb_summary_validated
61,apriori_swarm_061_subsample_B_small_pools_forward_dolma3_stack_edu_pool0.5_block0,24,olmo_base_eval/easy_bpb/mt_mbpp_swift/bpb,0.868280198931897,wandb_summary_validated
61,apriori_swarm_061_subsample_B_small_pools_forward_dolma3_stack_edu_pool0.5_block0,25,olmo_base_eval/easy_bpb/mt_mbpp_typescript/bpb,0.7614467482357067,wandb_summary_validated
61,apriori_swarm_061_subsample_B_small_pools_forward_dolma3_stack_edu_pool0.5_block0,26,olmo_base_eval/easy_bpb/arc_easy/bpb,1.0632421767100213,wandb_summary_validated
61,apriori_swarm_061_subsample_B_small_pools_forward_dolma3_stack_edu_pool0.5_block0,27,olmo_base_eval/easy_bpb/arc_challenge/bpb,1.2020352341559652,wandb_summary_validated
61,apriori_swarm_061_subsample_B_small_pools_forward_dolma3_stack_edu_pool0.5_block0,28,mmlu_stem,1.787655433273053,wandb_summary_validated
61,apriori_swarm_061_subsample_B_small_pools_forward_dolma3_stack_edu_pool0.5_block0,29,mmlu_humanities,0.9949122379566812,wandb_summary_validated
61,apriori_swarm_061_subsample_B_small_pools_forward_dolma3_stack_edu_pool0.5_block0,30,mmlu_social_sciences,1.1588148353578498,wandb_summary_validated
61,apriori_swarm_061_subsample_B_small_pools_forward_dolma3_stack_edu_pool0.5_block0,31,mmlu_other,1.386773013474889,wandb_summary_validated
61,apriori_swarm_061_subsample_B_small_pools_forward_dolma3_stack_edu_pool0.5_block0,32,olmo_base_eval/easy_bpb/csqa/bpb,1.4338003477253565,wandb_summary_validated
61,apriori_swarm_061_subsample_B_small_pools_forward_dolma3_stack_edu_pool0.5_block0,33,olmo_base_eval/easy_bpb/hellaswag/bpb,0.9834154298273065,wandb_summary_validated
61,apriori_swarm_061_subsample_B_small_pools_forward_dolma3_stack_edu_pool0.5_block0,34,olmo_base_eval/easy_bpb/winogrande/bpb,1.41601439046633,wandb_summary_validated
61,apriori_swarm_061_subsample_B_small_pools_forward_dolma3_stack_edu_pool0.5_block0,35,olmo_base_eval/easy_bpb/socialiqa/bpb,1.2925108249615103,wandb_summary_validated
61,apriori_swarm_061_subsample_B_small_pools_forward_dolma3_stack_edu_pool0.5_block0,36,olmo_base_eval/easy_bpb/piqa/bpb,1.2473681435660715,wandb_summary_validated
61,apriori_swarm_061_subsample_B_small_pools_forward_dolma3_stack_edu_pool0.5_block0,37,olmo_base_eval/easy_bpb/coqa/bpb,0.8066656923134624,wandb_summary_validated
61,apriori_swarm_061_subsample_B_small_pools_forward_dolma3_stack_edu_pool0.5_block0,38,olmo_base_eval/easy_bpb/drop/bpb,1.8147023716068147,wandb_summary_validated
61,apriori_swarm_061_subsample_B_small_pools_forward_dolma3_stack_edu_pool0.5_block0,39,olmo_base_eval/easy_bpb/jeopardy/bpb,1.5405116854790077,wandb_summary_validated
61,apriori_swarm_061_subsample_B_small_pools_forward_dolma3_stack_edu_pool0.5_block0,40,olmo_base_eval/easy_bpb/naturalqs/bpb,1.5896131241922955,wandb_summary_validated
61,apriori_swarm_061_subsample_B_small_pools_forward_dolma3_stack_edu_pool0.5_block0,41,olmo_base_eval/easy_bpb/squad/bpb,0.5630844011318052,wandb_summary_validated
61,apriori_swarm_061_subsample_B_small_pools_forward_dolma3_stack_edu_pool0.5_block0,42,olmo_base_eval/easy_bpb/sciq/bpb,1.1462820080085445,wandb_summary_validated
61,apriori_swarm_061_subsample_B_small_pools_forward_dolma3_stack_edu_pool0.5_block0,43,olmo_base_eval/easy_bpb/basic_skills_arithmetic/bpb,2.2143223251178803,wandb_summary_validated
61,apriori_swarm_061_subsample_B_small_pools_forward_dolma3_stack_edu_pool0.5_block0,44,olmo_base_eval/easy_bpb/basic_skills_coding/bpb,0.9597365924902669,wandb_summary_validated
61,apriori_swarm_061_subsample_B_small_pools_forward_dolma3_stack_edu_pool0.5_block0,45,olmo_base_eval/easy_bpb/basic_skills_common_knowledge/bpb,1.0371973351272896,wandb_summary_validated
61,apriori_swarm_061_subsample_B_small_pools_forward_dolma3_stack_edu_pool0.5_block0,46,olmo_base_eval/easy_bpb/basic_skills_logical_reasoning/bpb,0.4382295998589192,wandb_summary_validated
61,apriori_swarm_061_subsample_B_small_pools_forward_dolma3_stack_edu_pool0.5_block0,47,olmo_base_eval/easy_bpb/basic_skills_pattern/bpb,1.4783316594328806,wandb_summary_validated
61,apriori_swarm_061_subsample_B_small_pools_forward_dolma3_stack_edu_pool0.5_block0,48,olmo_base_eval/easy_bpb/basic_skills_string_operations/bpb,2.857998672851484,wandb_summary_validated
61,apriori_swarm_061_subsample_B_small_pools_forward_dolma3_stack_edu_pool0.5_block0,49,olmo_base_eval/easy_bpb/lambada/bpb,0.9771038692356975,wandb_summary_validated
61,apriori_swarm_061_subsample_B_small_pools_forward_dolma3_stack_edu_pool0.5_block0,50,olmo_base_eval/easy_bpb/medmcqa/bpb,1.8668586699385692,wandb_summary_validated
62,apriori_swarm_062_subsample_B_small_pools_forward_dolma3_stack_edu_pool0.25_block0,0,olmo_base_eval/easy_bpb/minerva_math_algebra/bpb,1.0626877036670124,wandb_summary_validated
62,apriori_swarm_062_subsample_B_small_pools_forward_dolma3_stack_edu_pool0.25_block0,1,olmo_base_eval/easy_bpb/minerva_math_counting_and_probability/bpb,0.9646672535287245,wandb_summary_validated
62,apriori_swarm_062_subsample_B_small_pools_forward_dolma3_stack_edu_pool0.25_block0,2,olmo_base_eval/easy_bpb/minerva_math_geometry/bpb,1.0910055684101045,wandb_summary_validated
62,apriori_swarm_062_subsample_B_small_pools_forward_dolma3_stack_edu_pool0.25_block0,3,olmo_base_eval/easy_bpb/minerva_math_intermediate_algebra/bpb,1.0289799011264795,wandb_summary_validated
62,apriori_swarm_062_subsample_B_small_pools_forward_dolma3_stack_edu_pool0.25_block0,4,olmo_base_eval/easy_bpb/minerva_math_number_theory/bpb,1.0541427472865277,wandb_summary_validated
62,apriori_swarm_062_subsample_B_small_pools_forward_dolma3_stack_edu_pool0.25_block0,5,olmo_base_eval/easy_bpb/minerva_math_prealgebra/bpb,0.9813934552273583,wandb_summary_validated
62,apriori_swarm_062_subsample_B_small_pools_forward_dolma3_stack_edu_pool0.25_block0,6,olmo_base_eval/easy_bpb/minerva_math_precalculus/bpb,0.8950963542676442,wandb_summary_validated
62,apriori_swarm_062_subsample_B_small_pools_forward_dolma3_stack_edu_pool0.25_block0,7,olmo_base_eval/easy_bpb/codex_humaneval/bpb,0.9719299694051455,wandb_summary_validated
62,apriori_swarm_062_subsample_B_small_pools_forward_dolma3_stack_edu_pool0.25_block0,8,olmo_base_eval/easy_bpb/mbpp/bpb,1.1005399539660572,wandb_summary_validated
62,apriori_swarm_062_subsample_B_small_pools_forward_dolma3_stack_edu_pool0.25_block0,9,olmo_base_eval/easy_bpb/mt_mbpp_bash/bpb,1.228810276961906,wandb_summary_validated
62,apriori_swarm_062_subsample_B_small_pools_forward_dolma3_stack_edu_pool0.25_block0,10,olmo_base_eval/easy_bpb/mt_mbpp_c/bpb,0.6982108729858479,wandb_summary_validated
62,apriori_swarm_062_subsample_B_small_pools_forward_dolma3_stack_edu_pool0.25_block0,11,olmo_base_eval/easy_bpb/mt_mbpp_cpp/bpb,0.6592609933088774,wandb_summary_validated
62,apriori_swarm_062_subsample_B_small_pools_forward_dolma3_stack_edu_pool0.25_block0,12,olmo_base_eval/easy_bpb/mt_mbpp_csharp/bpb,0.554924148969663,wandb_summary_validated
62,apriori_swarm_062_subsample_B_small_pools_forward_dolma3_stack_edu_pool0.25_block0,13,olmo_base_eval/easy_bpb/mt_mbpp_go/bpb,0.824941259418873,wandb_summary_validated
62,apriori_swarm_062_subsample_B_small_pools_forward_dolma3_stack_edu_pool0.25_block0,14,olmo_base_eval/easy_bpb/mt_mbpp_haskell/bpb,1.6436198240815048,wandb_summary_validated
62,apriori_swarm_062_subsample_B_small_pools_forward_dolma3_stack_edu_pool0.25_block0,15,olmo_base_eval/easy_bpb/mt_mbpp_java/bpb,0.4910914001118512,wandb_summary_validated
62,apriori_swarm_062_subsample_B_small_pools_forward_dolma3_stack_edu_pool0.25_block0,16,olmo_base_eval/easy_bpb/mt_mbpp_javascript/bpb,0.8208992749731788,wandb_summary_validated
62,apriori_swarm_062_subsample_B_small_pools_forward_dolma3_stack_edu_pool0.25_block0,17,olmo_base_eval/easy_bpb/mt_mbpp_matlab/bpb,1.2010166839229997,wandb_summary_validated
62,apriori_swarm_062_subsample_B_small_pools_forward_dolma3_stack_edu_pool0.25_block0,18,olmo_base_eval/easy_bpb/mt_mbpp_php/bpb,0.7082335711162095,wandb_summary_validated
62,apriori_swarm_062_subsample_B_small_pools_forward_dolma3_stack_edu_pool0.25_block0,19,olmo_base_eval/easy_bpb/mt_mbpp_python/bpb,1.0994612291066588,wandb_summary_validated
62,apriori_swarm_062_subsample_B_small_pools_forward_dolma3_stack_edu_pool0.25_block0,20,olmo_base_eval/easy_bpb/mt_mbpp_r/bpb,1.220923059674796,wandb_summary_validated
62,apriori_swarm_062_subsample_B_small_pools_forward_dolma3_stack_edu_pool0.25_block0,21,olmo_base_eval/easy_bpb/mt_mbpp_ruby/bpb,1.2691543421199856,wandb_summary_validated
62,apriori_swarm_062_subsample_B_small_pools_forward_dolma3_stack_edu_pool0.25_block0,22,olmo_base_eval/easy_bpb/mt_mbpp_rust/bpb,1.0431564331865923,wandb_summary_validated
62,apriori_swarm_062_subsample_B_small_pools_forward_dolma3_stack_edu_pool0.25_block0,23,olmo_base_eval/easy_bpb/mt_mbpp_scala/bpb,1.285330799425589,wandb_summary_validated
62,apriori_swarm_062_subsample_B_small_pools_forward_dolma3_stack_edu_pool0.25_block0,24,olmo_base_eval/easy_bpb/mt_mbpp_swift/bpb,0.8829052033408162,wandb_summary_validated
62,apriori_swarm_062_subsample_B_small_pools_forward_dolma3_stack_edu_pool0.25_block0,25,olmo_base_eval/easy_bpb/mt_mbpp_typescript/bpb,0.7693062659539501,wandb_summary_validated
62,apriori_swarm_062_subsample_B_small_pools_forward_dolma3_stack_edu_pool0.25_block0,26,olmo_base_eval/easy_bpb/arc_easy/bpb,1.0813932170144978,wandb_summary_validated
62,apriori_swarm_062_subsample_B_small_pools_forward_dolma3_stack_edu_pool0.25_block0,27,olmo_base_eval/easy_bpb/arc_challenge/bpb,1.2006785438224172,wandb_summary_validated
62,apriori_swarm_062_subsample_B_small_pools_forward_dolma3_stack_edu_pool0.25_block0,28,mmlu_stem,1.7713542567770704,wandb_summary_validated
62,apriori_swarm_062_subsample_B_small_pools_forward_dolma3_stack_edu_pool0.25_block0,29,mmlu_humanities,1.0058666167903503,wandb_summary_validated
62,apriori_swarm_062_subsample_B_small_pools_forward_dolma3_stack_edu_pool0.25_block0,30,mmlu_social_sciences,1.1571186151329298,wandb_summary_validated
62,apriori_swarm_062_subsample_B_small_pools_forward_dolma3_stack_edu_pool0.25_block0,31,mmlu_other,1.3667204305881706,wandb_summary_validated
62,apriori_swarm_062_subsample_B_small_pools_forward_dolma3_stack_edu_pool0.25_block0,32,olmo_base_eval/easy_bpb/csqa/bpb,1.4303302405094402,wandb_summary_validated
62,apriori_swarm_062_subsample_B_small_pools_forward_dolma3_stack_edu_pool0.25_block0,33,olmo_base_eval/easy_bpb/hellaswag/bpb,0.9803513750575963,wandb_summary_validated
62,apriori_swarm_062_subsample_B_small_pools_forward_dolma3_stack_edu_pool0.25_block0,34,olmo_base_eval/easy_bpb/winogrande/bpb,1.4088581550368087,wandb_summary_validated
62,apriori_swarm_062_subsample_B_small_pools_forward_dolma3_stack_edu_pool0.25_block0,35,olmo_base_eval/easy_bpb/socialiqa/bpb,1.311626126960768,wandb_summary_validated
62,apriori_swarm_062_subsample_B_small_pools_forward_dolma3_stack_edu_pool0.25_block0,36,olmo_base_eval/easy_bpb/piqa/bpb,1.2430704691839813,wandb_summary_validated
62,apriori_swarm_062_subsample_B_small_pools_forward_dolma3_stack_edu_pool0.25_block0,37,olmo_base_eval/easy_bpb/coqa/bpb,0.8302766023397165,wandb_summary_validated
62,apriori_swarm_062_subsample_B_small_pools_forward_dolma3_stack_edu_pool0.25_block0,38,olmo_base_eval/easy_bpb/drop/bpb,1.7862209695751843,wandb_summary_validated
62,apriori_swarm_062_subsample_B_small_pools_forward_dolma3_stack_edu_pool0.25_block0,39,olmo_base_eval/easy_bpb/jeopardy/bpb,1.5356376174460582,wandb_summary_validated
62,apriori_swarm_062_subsample_B_small_pools_forward_dolma3_stack_edu_pool0.25_block0,40,olmo_base_eval/easy_bpb/naturalqs/bpb,1.5920675052861517,wandb_summary_validated
62,apriori_swarm_062_subsample_B_small_pools_forward_dolma3_stack_edu_pool0.25_block0,41,olmo_base_eval/easy_bpb/squad/bpb,0.5924179270737556,wandb_summary_validated
62,apriori_swarm_062_subsample_B_small_pools_forward_dolma3_stack_edu_pool0.25_block0,42,olmo_base_eval/easy_bpb/sciq/bpb,1.1257884668028382,wandb_summary_validated
62,apriori_swarm_062_subsample_B_small_pools_forward_dolma3_stack_edu_pool0.25_block0,43,olmo_base_eval/easy_bpb/basic_skills_arithmetic/bpb,2.239817966839312,wandb_summary_validated
62,apriori_swarm_062_subsample_B_small_pools_forward_dolma3_stack_edu_pool0.25_block0,44,olmo_base_eval/easy_bpb/basic_skills_coding/bpb,0.9854671157978563,wandb_summary_validated
62,apriori_swarm_062_subsample_B_small_pools_forward_dolma3_stack_edu_pool0.25_block0,45,olmo_base_eval/easy_bpb/basic_skills_common_knowledge/bpb,1.1295191923588241,wandb_summary_validated
62,apriori_swarm_062_subsample_B_small_pools_forward_dolma3_stack_edu_pool0.25_block0,46,olmo_base_eval/easy_bpb/basic_skills_logical_reasoning/bpb,0.4311968544865541,wandb_summary_validated
62,apriori_swarm_062_subsample_B_small_pools_forward_dolma3_stack_edu_pool0.25_block0,47,olmo_base_eval/easy_bpb/basic_skills_pattern/bpb,1.590836506784049,wandb_summary_validated
62,apriori_swarm_062_subsample_B_small_pools_forward_dolma3_stack_edu_pool0.25_block0,48,olmo_base_eval/easy_bpb/basic_skills_string_operations/bpb,2.9386596390856337,wandb_summary_validated
62,apriori_swarm_062_subsample_B_small_pools_forward_dolma3_stack_edu_pool0.25_block0,49,olmo_base_eval/easy_bpb/lambada/bpb,0.9777918102294766,wandb_summary_validated
62,apriori_swarm_062_subsample_B_small_pools_forward_dolma3_stack_edu_pool0.25_block0,50,olmo_base_eval/easy_bpb/medmcqa/bpb,1.8633331647881652,wandb_summary_validated
63,apriori_swarm_063_subsample_B_small_pools_forward_cc_high_group_pool0.5_block0,0,olmo_base_eval/easy_bpb/minerva_math_algebra/bpb,1.0634170182961116,wandb_summary_validated
63,apriori_swarm_063_subsample_B_small_pools_forward_cc_high_group_pool0.5_block0,1,olmo_base_eval/easy_bpb/minerva_math_counting_and_probability/bpb,0.9730492970586196,wandb_summary_validated
63,apriori_swarm_063_subsample_B_small_pools_forward_cc_high_group_pool0.5_block0,2,olmo_base_eval/easy_bpb/minerva_math_geometry/bpb,1.094943993407184,wandb_summary_validated
63,apriori_swarm_063_subsample_B_small_pools_forward_cc_high_group_pool0.5_block0,3,olmo_base_eval/easy_bpb/minerva_math_intermediate_algebra/bpb,1.0318928886227545,wandb_summary_validated
63,apriori_swarm_063_subsample_B_small_pools_forward_cc_high_group_pool0.5_block0,4,olmo_base_eval/easy_bpb/minerva_math_number_theory/bpb,1.0511255847147982,wandb_summary_validated
63,apriori_swarm_063_subsample_B_small_pools_forward_cc_high_group_pool0.5_block0,5,olmo_base_eval/easy_bpb/minerva_math_prealgebra/bpb,0.9827845934919496,wandb_summary_validated
63,apriori_swarm_063_subsample_B_small_pools_forward_cc_high_group_pool0.5_block0,6,olmo_base_eval/easy_bpb/minerva_math_precalculus/bpb,0.8976870123026018,wandb_summary_validated
63,apriori_swarm_063_subsample_B_small_pools_forward_cc_high_group_pool0.5_block0,7,olmo_base_eval/easy_bpb/codex_humaneval/bpb,0.9765388663106135,wandb_summary_validated
63,apriori_swarm_063_subsample_B_small_pools_forward_cc_high_group_pool0.5_block0,8,olmo_base_eval/easy_bpb/mbpp/bpb,1.0842418588578955,wandb_summary_validated
63,apriori_swarm_063_subsample_B_small_pools_forward_cc_high_group_pool0.5_block0,9,olmo_base_eval/easy_bpb/mt_mbpp_bash/bpb,1.2076346796153385,wandb_summary_validated
63,apriori_swarm_063_subsample_B_small_pools_forward_cc_high_group_pool0.5_block0,10,olmo_base_eval/easy_bpb/mt_mbpp_c/bpb,0.6965467656419299,wandb_summary_validated
63,apriori_swarm_063_subsample_B_small_pools_forward_cc_high_group_pool0.5_block0,11,olmo_base_eval/easy_bpb/mt_mbpp_cpp/bpb,0.6659528274425418,wandb_summary_validated
63,apriori_swarm_063_subsample_B_small_pools_forward_cc_high_group_pool0.5_block0,12,olmo_base_eval/easy_bpb/mt_mbpp_csharp/bpb,0.5531656584365596,wandb_summary_validated
63,apriori_swarm_063_subsample_B_small_pools_forward_cc_high_group_pool0.5_block0,13,olmo_base_eval/easy_bpb/mt_mbpp_go/bpb,0.7988365757990253,wandb_summary_validated
63,apriori_swarm_063_subsample_B_small_pools_forward_cc_high_group_pool0.5_block0,14,olmo_base_eval/easy_bpb/mt_mbpp_haskell/bpb,1.6334391807566497,wandb_summary_validated
63,apriori_swarm_063_subsample_B_small_pools_forward_cc_high_group_pool0.5_block0,15,olmo_base_eval/easy_bpb/mt_mbpp_java/bpb,0.4822155197883234,wandb_summary_validated
63,apriori_swarm_063_subsample_B_small_pools_forward_cc_high_group_pool0.5_block0,16,olmo_base_eval/easy_bpb/mt_mbpp_javascript/bpb,0.8061381407317761,wandb_summary_validated
63,apriori_swarm_063_subsample_B_small_pools_forward_cc_high_group_pool0.5_block0,17,olmo_base_eval/easy_bpb/mt_mbpp_matlab/bpb,1.1564035695144896,wandb_summary_validated
63,apriori_swarm_063_subsample_B_small_pools_forward_cc_high_group_pool0.5_block0,18,olmo_base_eval/easy_bpb/mt_mbpp_php/bpb,0.7187856933268031,wandb_summary_validated
63,apriori_swarm_063_subsample_B_small_pools_forward_cc_high_group_pool0.5_block0,19,olmo_base_eval/easy_bpb/mt_mbpp_python/bpb,1.0834994597906888,wandb_summary_validated
63,apriori_swarm_063_subsample_B_small_pools_forward_cc_high_group_pool0.5_block0,20,olmo_base_eval/easy_bpb/mt_mbpp_r/bpb,1.185616127683587,wandb_summary_validated
63,apriori_swarm_063_subsample_B_small_pools_forward_cc_high_group_pool0.5_block0,21,olmo_base_eval/easy_bpb/mt_mbpp_ruby/bpb,1.237797076258781,wandb_summary_validated
63,apriori_swarm_063_subsample_B_small_pools_forward_cc_high_group_pool0.5_block0,22,olmo_base_eval/easy_bpb/mt_mbpp_rust/bpb,1.0236584606924717,wandb_summary_validated
63,apriori_swarm_063_subsample_B_small_pools_forward_cc_high_group_pool0.5_block0,23,olmo_base_eval/easy_bpb/mt_mbpp_scala/bpb,1.284622616744958,wandb_summary_validated
63,apriori_swarm_063_subsample_B_small_pools_forward_cc_high_group_pool0.5_block0,24,olmo_base_eval/easy_bpb/mt_mbpp_swift/bpb,0.8740644412706366,wandb_summary_validated
63,apriori_swarm_063_subsample_B_small_pools_forward_cc_high_group_pool0.5_block0,25,olmo_base_eval/easy_bpb/mt_mbpp_typescript/bpb,0.7708759029261606,wandb_summary_validated
63,apriori_swarm_063_subsample_B_small_pools_forward_cc_high_group_pool0.5_block0,26,olmo_base_eval/easy_bpb/arc_easy/bpb,1.0551591345121942,wandb_summary_validated
63,apriori_swarm_063_subsample_B_small_pools_forward_cc_high_group_pool0.5_block0,27,olmo_base_eval/easy_bpb/arc_challenge/bpb,1.2088006881717086,wandb_summary_validated
63,apriori_swarm_063_subsample_B_small_pools_forward_cc_high_group_pool0.5_block0,28,mmlu_stem,1.7762275665555927,wandb_summary_validated
63,apriori_swarm_063_subsample_B_small_pools_forward_cc_high_group_pool0.5_block0,29,mmlu_humanities,0.9950633732951779,wandb_summary_validated
63,apriori_swarm_063_subsample_B_small_pools_forward_cc_high_group_pool0.5_block0,30,mmlu_social_sciences,1.1704829608528946,wandb_summary_validated
63,apriori_swarm_063_subsample_B_small_pools_forward_cc_high_group_pool0.5_block0,31,mmlu_other,1.3933652582429774,wandb_summary_validated
63,apriori_swarm_063_subsample_B_small_pools_forward_cc_high_group_pool0.5_block0,32,olmo_base_eval/easy_bpb/csqa/bpb,1.4486204078177345,wandb_summary_validated
63,apriori_swarm_063_subsample_B_small_pools_forward_cc_high_group_pool0.5_block0,33,olmo_base_eval/easy_bpb/hellaswag/bpb,0.9826272763679804,wandb_summary_validated
63,apriori_swarm_063_subsample_B_small_pools_forward_cc_high_group_pool0.5_block0,34,olmo_base_eval/easy_bpb/winogrande/bpb,1.4109621372617267,wandb_summary_validated
63,apriori_swarm_063_subsample_B_small_pools_forward_cc_high_group_pool0.5_block0,35,olmo_base_eval/easy_bpb/socialiqa/bpb,1.2861207656071734,wandb_summary_validated
63,apriori_swarm_063_subsample_B_small_pools_forward_cc_high_group_pool0.5_block0,36,olmo_base_eval/easy_bpb/piqa/bpb,1.2504224718711765,wandb_summary_validated
63,apriori_swarm_063_subsample_B_small_pools_forward_cc_high_group_pool0.5_block0,37,olmo_base_eval/easy_bpb/coqa/bpb,0.8221282880626107,wandb_summary_validated
63,apriori_swarm_063_subsample_B_small_pools_forward_cc_high_group_pool0.5_block0,38,olmo_base_eval/easy_bpb/drop/bpb,1.833777449491853,wandb_summary_validated
63,apriori_swarm_063_subsample_B_small_pools_forward_cc_high_group_pool0.5_block0,39,olmo_base_eval/easy_bpb/jeopardy/bpb,1.5250037547275863,wandb_summary_validated
63,apriori_swarm_063_subsample_B_small_pools_forward_cc_high_group_pool0.5_block0,40,olmo_base_eval/easy_bpb/naturalqs/bpb,1.581070659895421,wandb_summary_validated
63,apriori_swarm_063_subsample_B_small_pools_forward_cc_high_group_pool0.5_block0,41,olmo_base_eval/easy_bpb/squad/bpb,0.6023223205912319,wandb_summary_validated
63,apriori_swarm_063_subsample_B_small_pools_forward_cc_high_group_pool0.5_block0,42,olmo_base_eval/easy_bpb/sciq/bpb,1.1392274201321584,wandb_summary_validated
63,apriori_swarm_063_subsample_B_small_pools_forward_cc_high_group_pool0.5_block0,43,olmo_base_eval/easy_bpb/basic_skills_arithmetic/bpb,2.2460745428042337,wandb_summary_validated
63,apriori_swarm_063_subsample_B_small_pools_forward_cc_high_group_pool0.5_block0,44,olmo_base_eval/easy_bpb/basic_skills_coding/bpb,0.9647809007368633,wandb_summary_validated
63,apriori_swarm_063_subsample_B_small_pools_forward_cc_high_group_pool0.5_block0,45,olmo_base_eval/easy_bpb/basic_skills_common_knowledge/bpb,1.1011578981548655,wandb_summary_validated
63,apriori_swarm_063_subsample_B_small_pools_forward_cc_high_group_pool0.5_block0,46,olmo_base_eval/easy_bpb/basic_skills_logical_reasoning/bpb,0.45385957958626866,wandb_summary_validated
63,apriori_swarm_063_subsample_B_small_pools_forward_cc_high_group_pool0.5_block0,47,olmo_base_eval/easy_bpb/basic_skills_pattern/bpb,1.583262593073745,wandb_summary_validated
63,apriori_swarm_063_subsample_B_small_pools_forward_cc_high_group_pool0.5_block0,48,olmo_base_eval/easy_bpb/basic_skills_string_operations/bpb,2.833645694122316,wandb_summary_validated
63,apriori_swarm_063_subsample_B_small_pools_forward_cc_high_group_pool0.5_block0,49,olmo_base_eval/easy_bpb/lambada/bpb,0.9704619980951383,wandb_summary_validated
63,apriori_swarm_063_subsample_B_small_pools_forward_cc_high_group_pool0.5_block0,50,olmo_base_eval/easy_bpb/medmcqa/bpb,1.8610994284555047,wandb_summary_validated
64,apriori_swarm_064_subsample_B_small_pools_forward_cc_high_group_pool0.25_block0,0,olmo_base_eval/easy_bpb/minerva_math_algebra/bpb,1.0731191673059068,wandb_summary_validated
64,apriori_swarm_064_subsample_B_small_pools_forward_cc_high_group_pool0.25_block0,1,olmo_base_eval/easy_bpb/minerva_math_counting_and_probability/bpb,0.9755181464922604,wandb_summary_validated
64,apriori_swarm_064_subsample_B_small_pools_forward_cc_high_group_pool0.25_block0,2,olmo_base_eval/easy_bpb/minerva_math_geometry/bpb,1.0939918094539502,wandb_summary_validated
64,apriori_swarm_064_subsample_B_small_pools_forward_cc_high_group_pool0.25_block0,3,olmo_base_eval/easy_bpb/minerva_math_intermediate_algebra/bpb,1.036849681708738,wandb_summary_validated
64,apriori_swarm_064_subsample_B_small_pools_forward_cc_high_group_pool0.25_block0,4,olmo_base_eval/easy_bpb/minerva_math_number_theory/bpb,1.0590229736992494,wandb_summary_validated
64,apriori_swarm_064_subsample_B_small_pools_forward_cc_high_group_pool0.25_block0,5,olmo_base_eval/easy_bpb/minerva_math_prealgebra/bpb,0.9863708173803963,wandb_summary_validated
64,apriori_swarm_064_subsample_B_small_pools_forward_cc_high_group_pool0.25_block0,6,olmo_base_eval/easy_bpb/minerva_math_precalculus/bpb,0.9000003764407234,wandb_summary_validated
64,apriori_swarm_064_subsample_B_small_pools_forward_cc_high_group_pool0.25_block0,7,olmo_base_eval/easy_bpb/codex_humaneval/bpb,0.9716299811300492,wandb_summary_validated
64,apriori_swarm_064_subsample_B_small_pools_forward_cc_high_group_pool0.25_block0,8,olmo_base_eval/easy_bpb/mbpp/bpb,1.1021205351741938,wandb_summary_validated
64,apriori_swarm_064_subsample_B_small_pools_forward_cc_high_group_pool0.25_block0,9,olmo_base_eval/easy_bpb/mt_mbpp_bash/bpb,1.2090814631203286,wandb_summary_validated
64,apriori_swarm_064_subsample_B_small_pools_forward_cc_high_group_pool0.25_block0,10,olmo_base_eval/easy_bpb/mt_mbpp_c/bpb,0.693001988925864,wandb_summary_validated
64,apriori_swarm_064_subsample_B_small_pools_forward_cc_high_group_pool0.25_block0,11,olmo_base_eval/easy_bpb/mt_mbpp_cpp/bpb,0.6650215262640083,wandb_summary_validated
64,apriori_swarm_064_subsample_B_small_pools_forward_cc_high_group_pool0.25_block0,12,olmo_base_eval/easy_bpb/mt_mbpp_csharp/bpb,0.5493036249188656,wandb_summary_validated
64,apriori_swarm_064_subsample_B_small_pools_forward_cc_high_group_pool0.25_block0,13,olmo_base_eval/easy_bpb/mt_mbpp_go/bpb,0.8053678765145077,wandb_summary_validated
64,apriori_swarm_064_subsample_B_small_pools_forward_cc_high_group_pool0.25_block0,14,olmo_base_eval/easy_bpb/mt_mbpp_haskell/bpb,1.612260716840901,wandb_summary_validated
64,apriori_swarm_064_subsample_B_small_pools_forward_cc_high_group_pool0.25_block0,15,olmo_base_eval/easy_bpb/mt_mbpp_java/bpb,0.48493815479599145,wandb_summary_validated
64,apriori_swarm_064_subsample_B_small_pools_forward_cc_high_group_pool0.25_block0,16,olmo_base_eval/easy_bpb/mt_mbpp_javascript/bpb,0.8099209324068557,wandb_summary_validated
64,apriori_swarm_064_subsample_B_small_pools_forward_cc_high_group_pool0.25_block0,17,olmo_base_eval/easy_bpb/mt_mbpp_matlab/bpb,1.186538893941773,wandb_summary_validated
64,apriori_swarm_064_subsample_B_small_pools_forward_cc_high_group_pool0.25_block0,18,olmo_base_eval/easy_bpb/mt_mbpp_php/bpb,0.710410482273781,wandb_summary_validated
64,apriori_swarm_064_subsample_B_small_pools_forward_cc_high_group_pool0.25_block0,19,olmo_base_eval/easy_bpb/mt_mbpp_python/bpb,1.1022132863222853,wandb_summary_validated
64,apriori_swarm_064_subsample_B_small_pools_forward_cc_high_group_pool0.25_block0,20,olmo_base_eval/easy_bpb/mt_mbpp_r/bpb,1.2001559811118871,wandb_summary_validated
64,apriori_swarm_064_subsample_B_small_pools_forward_cc_high_group_pool0.25_block0,21,olmo_base_eval/easy_bpb/mt_mbpp_ruby/bpb,1.2473822338548861,wandb_summary_validated
64,apriori_swarm_064_subsample_B_small_pools_forward_cc_high_group_pool0.25_block0,22,olmo_base_eval/easy_bpb/mt_mbpp_rust/bpb,1.020153076161335,wandb_summary_validated
64,apriori_swarm_064_subsample_B_small_pools_forward_cc_high_group_pool0.25_block0,23,olmo_base_eval/easy_bpb/mt_mbpp_scala/bpb,1.2484574939353565,wandb_summary_validated
64,apriori_swarm_064_subsample_B_small_pools_forward_cc_high_group_pool0.25_block0,24,olmo_base_eval/easy_bpb/mt_mbpp_swift/bpb,0.8808184265089672,wandb_summary_validated
64,apriori_swarm_064_subsample_B_small_pools_forward_cc_high_group_pool0.25_block0,25,olmo_base_eval/easy_bpb/mt_mbpp_typescript/bpb,0.7648332701061619,wandb_summary_validated
64,apriori_swarm_064_subsample_B_small_pools_forward_cc_high_group_pool0.25_block0,26,olmo_base_eval/easy_bpb/arc_easy/bpb,1.061708707865104,wandb_summary_validated
64,apriori_swarm_064_subsample_B_small_pools_forward_cc_high_group_pool0.25_block0,27,olmo_base_eval/easy_bpb/arc_challenge/bpb,1.1983004027946143,wandb_summary_validated
64,apriori_swarm_064_subsample_B_small_pools_forward_cc_high_group_pool0.25_block0,28,mmlu_stem,1.7769379504934895,wandb_summary_validated
64,apriori_swarm_064_subsample_B_small_pools_forward_cc_high_group_pool0.25_block0,29,mmlu_humanities,1.0177677860931096,wandb_summary_validated
64,apriori_swarm_064_subsample_B_small_pools_forward_cc_high_group_pool0.25_block0,30,mmlu_social_sciences,1.1664492217408604,wandb_summary_validated
64,apriori_swarm_064_subsample_B_small_pools_forward_cc_high_group_pool0.25_block0,31,mmlu_other,1.3777357683765912,wandb_summary_validated
64,apriori_swarm_064_subsample_B_small_pools_forward_cc_high_group_pool0.25_block0,32,olmo_base_eval/easy_bpb/csqa/bpb,1.4421934927039015,wandb_summary_validated
64,apriori_swarm_064_subsample_B_small_pools_forward_cc_high_group_pool0.25_block0,33,olmo_base_eval/easy_bpb/hellaswag/bpb,0.9838622601445209,wandb_summary_validated
64,apriori_swarm_064_subsample_B_small_pools_forward_cc_high_group_pool0.25_block0,34,olmo_base_eval/easy_bpb/winogrande/bpb,1.4111140583002604,wandb_summary_validated
64,apriori_swarm_064_subsample_B_small_pools_forward_cc_high_group_pool0.25_block0,35,olmo_base_eval/easy_bpb/socialiqa/bpb,1.2895532952659736,wandb_summary_validated
64,apriori_swarm_064_subsample_B_small_pools_forward_cc_high_group_pool0.25_block0,36,olmo_base_eval/easy_bpb/piqa/bpb,1.2444820371830823,wandb_summary_validated
64,apriori_swarm_064_subsample_B_small_pools_forward_cc_high_group_pool0.25_block0,37,olmo_base_eval/easy_bpb/coqa/bpb,0.8341114435626762,wandb_summary_validated
64,apriori_swarm_064_subsample_B_small_pools_forward_cc_high_group_pool0.25_block0,38,olmo_base_eval/easy_bpb/drop/bpb,1.8026323869589262,wandb_summary_validated
64,apriori_swarm_064_subsample_B_small_pools_forward_cc_high_group_pool0.25_block0,39,olmo_base_eval/easy_bpb/jeopardy/bpb,1.5207439521711323,wandb_summary_validated
64,apriori_swarm_064_subsample_B_small_pools_forward_cc_high_group_pool0.25_block0,40,olmo_base_eval/easy_bpb/naturalqs/bpb,1.5825937638612009,wandb_summary_validated
64,apriori_swarm_064_subsample_B_small_pools_forward_cc_high_group_pool0.25_block0,41,olmo_base_eval/easy_bpb/squad/bpb,0.5839661407205052,wandb_summary_validated
64,apriori_swarm_064_subsample_B_small_pools_forward_cc_high_group_pool0.25_block0,42,olmo_base_eval/easy_bpb/sciq/bpb,1.1626169273591556,wandb_summary_validated
64,apriori_swarm_064_subsample_B_small_pools_forward_cc_high_group_pool0.25_block0,43,olmo_base_eval/easy_bpb/basic_skills_arithmetic/bpb,2.1848543733347126,wandb_summary_validated
64,apriori_swarm_064_subsample_B_small_pools_forward_cc_high_group_pool0.25_block0,44,olmo_base_eval/easy_bpb/basic_skills_coding/bpb,0.9429712301094578,wandb_summary_validated
64,apriori_swarm_064_subsample_B_small_pools_forward_cc_high_group_pool0.25_block0,45,olmo_base_eval/easy_bpb/basic_skills_common_knowledge/bpb,1.108337628049621,wandb_summary_validated
64,apriori_swarm_064_subsample_B_small_pools_forward_cc_high_group_pool0.25_block0,46,olmo_base_eval/easy_bpb/basic_skills_logical_reasoning/bpb,0.4178145635897714,wandb_summary_validated
64,apriori_swarm_064_subsample_B_small_pools_forward_cc_high_group_pool0.25_block0,47,olmo_base_eval/easy_bpb/basic_skills_pattern/bpb,1.6155084226689709,wandb_summary_validated
64,apriori_swarm_064_subsample_B_small_pools_forward_cc_high_group_pool0.25_block0,48,olmo_base_eval/easy_bpb/basic_skills_string_operations/bpb,2.848891394028174,wandb_summary_validated
64,apriori_swarm_064_subsample_B_small_pools_forward_cc_high_group_pool0.25_block0,49,olmo_base_eval/easy_bpb/lambada/bpb,0.9660518934956152,wandb_summary_validated
64,apriori_swarm_064_subsample_B_small_pools_forward_cc_high_group_pool0.25_block0,50,olmo_base_eval/easy_bpb/medmcqa/bpb,1.857983711766306,wandb_summary_validated
65,apriori_swarm_065_subsample_A_proportional_dolmino_synth_qa_pool0.5_block1,0,olmo_base_eval/easy_bpb/minerva_math_algebra/bpb,1.145991023972378,wandb_summary_validated
65,apriori_swarm_065_subsample_A_proportional_dolmino_synth_qa_pool0.5_block1,1,olmo_base_eval/easy_bpb/minerva_math_counting_and_probability/bpb,1.0243829844685972,wandb_summary_validated
65,apriori_swarm_065_subsample_A_proportional_dolmino_synth_qa_pool0.5_block1,2,olmo_base_eval/easy_bpb/minerva_math_geometry/bpb,1.1794935553463628,wandb_summary_validated
65,apriori_swarm_065_subsample_A_proportional_dolmino_synth_qa_pool0.5_block1,3,olmo_base_eval/easy_bpb/minerva_math_intermediate_algebra/bpb,1.1258941894421879,wandb_summary_validated
65,apriori_swarm_065_subsample_A_proportional_dolmino_synth_qa_pool0.5_block1,4,olmo_base_eval/easy_bpb/minerva_math_number_theory/bpb,1.120817952025692,wandb_summary_validated
65,apriori_swarm_065_subsample_A_proportional_dolmino_synth_qa_pool0.5_block1,5,olmo_base_eval/easy_bpb/minerva_math_prealgebra/bpb,1.0518263446644536,wandb_summary_validated
65,apriori_swarm_065_subsample_A_proportional_dolmino_synth_qa_pool0.5_block1,6,olmo_base_eval/easy_bpb/minerva_math_precalculus/bpb,0.9866926499911836,wandb_summary_validated
65,apriori_swarm_065_subsample_A_proportional_dolmino_synth_qa_pool0.5_block1,7,olmo_base_eval/easy_bpb/codex_humaneval/bpb,0.9999458351470876,wandb_summary_validated
65,apriori_swarm_065_subsample_A_proportional_dolmino_synth_qa_pool0.5_block1,8,olmo_base_eval/easy_bpb/mbpp/bpb,1.1397300636233363,wandb_summary_validated
65,apriori_swarm_065_subsample_A_proportional_dolmino_synth_qa_pool0.5_block1,9,olmo_base_eval/easy_bpb/mt_mbpp_bash/bpb,1.2421834230228512,wandb_summary_validated
65,apriori_swarm_065_subsample_A_proportional_dolmino_synth_qa_pool0.5_block1,10,olmo_base_eval/easy_bpb/mt_mbpp_c/bpb,0.7207028649590811,wandb_summary_validated
65,apriori_swarm_065_subsample_A_proportional_dolmino_synth_qa_pool0.5_block1,11,olmo_base_eval/easy_bpb/mt_mbpp_cpp/bpb,0.6871491772256496,wandb_summary_validated
65,apriori_swarm_065_subsample_A_proportional_dolmino_synth_qa_pool0.5_block1,12,olmo_base_eval/easy_bpb/mt_mbpp_csharp/bpb,0.5772499275263199,wandb_summary_validated
65,apriori_swarm_065_subsample_A_proportional_dolmino_synth_qa_pool0.5_block1,13,olmo_base_eval/easy_bpb/mt_mbpp_go/bpb,0.8428471938943097,wandb_summary_validated
65,apriori_swarm_065_subsample_A_proportional_dolmino_synth_qa_pool0.5_block1,14,olmo_base_eval/easy_bpb/mt_mbpp_haskell/bpb,1.7281986992983984,wandb_summary_validated
65,apriori_swarm_065_subsample_A_proportional_dolmino_synth_qa_pool0.5_block1,15,olmo_base_eval/easy_bpb/mt_mbpp_java/bpb,0.5149651865612906,wandb_summary_validated
65,apriori_swarm_065_subsample_A_proportional_dolmino_synth_qa_pool0.5_block1,16,olmo_base_eval/easy_bpb/mt_mbpp_javascript/bpb,0.8315792403517581,wandb_summary_validated
65,apriori_swarm_065_subsample_A_proportional_dolmino_synth_qa_pool0.5_block1,17,olmo_base_eval/easy_bpb/mt_mbpp_matlab/bpb,1.2513454169687324,wandb_summary_validated
65,apriori_swarm_065_subsample_A_proportional_dolmino_synth_qa_pool0.5_block1,18,olmo_base_eval/easy_bpb/mt_mbpp_php/bpb,0.7520098283764455,wandb_summary_validated
65,apriori_swarm_065_subsample_A_proportional_dolmino_synth_qa_pool0.5_block1,19,olmo_base_eval/easy_bpb/mt_mbpp_python/bpb,1.139827345457872,wandb_summary_validated
65,apriori_swarm_065_subsample_A_proportional_dolmino_synth_qa_pool0.5_block1,20,olmo_base_eval/easy_bpb/mt_mbpp_r/bpb,1.243490976902495,wandb_summary_validated
65,apriori_swarm_065_subsample_A_proportional_dolmino_synth_qa_pool0.5_block1,21,olmo_base_eval/easy_bpb/mt_mbpp_ruby/bpb,1.2683603270706252,wandb_summary_validated
65,apriori_swarm_065_subsample_A_proportional_dolmino_synth_qa_pool0.5_block1,22,olmo_base_eval/easy_bpb/mt_mbpp_rust/bpb,1.150167186786026,wandb_summary_validated
65,apriori_swarm_065_subsample_A_proportional_dolmino_synth_qa_pool0.5_block1,23,olmo_base_eval/easy_bpb/mt_mbpp_scala/bpb,1.3128293682252636,wandb_summary_validated
65,apriori_swarm_065_subsample_A_proportional_dolmino_synth_qa_pool0.5_block1,24,olmo_base_eval/easy_bpb/mt_mbpp_swift/bpb,0.9565076863566923,wandb_summary_validated
65,apriori_swarm_065_subsample_A_proportional_dolmino_synth_qa_pool0.5_block1,25,olmo_base_eval/easy_bpb/mt_mbpp_typescript/bpb,0.7968548413890008,wandb_summary_validated
65,apriori_swarm_065_subsample_A_proportional_dolmino_synth_qa_pool0.5_block1,26,olmo_base_eval/easy_bpb/arc_easy/bpb,1.099940726617569,wandb_summary_validated
65,apriori_swarm_065_subsample_A_proportional_dolmino_synth_qa_pool0.5_block1,27,olmo_base_eval/easy_bpb/arc_challenge/bpb,1.2324750099322985,wandb_summary_validated
65,apriori_swarm_065_subsample_A_proportional_dolmino_synth_qa_pool0.5_block1,28,mmlu_stem,1.8261200461276432,wandb_summary_validated
65,apriori_swarm_065_subsample_A_proportional_dolmino_synth_qa_pool0.5_block1,29,mmlu_humanities,1.0135244551052411,wandb_summary_validated
65,apriori_swarm_065_subsample_A_proportional_dolmino_synth_qa_pool0.5_block1,30,mmlu_social_sciences,1.1841977973743825,wandb_summary_validated
65,apriori_swarm_065_subsample_A_proportional_dolmino_synth_qa_pool0.5_block1,31,mmlu_other,1.4017649570991872,wandb_summary_validated
65,apriori_swarm_065_subsample_A_proportional_dolmino_synth_qa_pool0.5_block1,32,olmo_base_eval/easy_bpb/csqa/bpb,1.4489317180648034,wandb_summary_validated
65,apriori_swarm_065_subsample_A_proportional_dolmino_synth_qa_pool0.5_block1,33,olmo_base_eval/easy_bpb/hellaswag/bpb,0.9851116541544499,wandb_summary_validated
65,apriori_swarm_065_subsample_A_proportional_dolmino_synth_qa_pool0.5_block1,34,olmo_base_eval/easy_bpb/winogrande/bpb,1.4288121528210265,wandb_summary_validated
65,apriori_swarm_065_subsample_A_proportional_dolmino_synth_qa_pool0.5_block1,35,olmo_base_eval/easy_bpb/socialiqa/bpb,1.2910815165547171,wandb_summary_validated
65,apriori_swarm_065_subsample_A_proportional_dolmino_synth_qa_pool0.5_block1,36,olmo_base_eval/easy_bpb/piqa/bpb,1.256416369327733,wandb_summary_validated
65,apriori_swarm_065_subsample_A_proportional_dolmino_synth_qa_pool0.5_block1,37,olmo_base_eval/easy_bpb/coqa/bpb,0.8402508846634407,wandb_summary_validated
65,apriori_swarm_065_subsample_A_proportional_dolmino_synth_qa_pool0.5_block1,38,olmo_base_eval/easy_bpb/drop/bpb,1.763891346955779,wandb_summary_validated
65,apriori_swarm_065_subsample_A_proportional_dolmino_synth_qa_pool0.5_block1,39,olmo_base_eval/easy_bpb/jeopardy/bpb,1.5837107122571872,wandb_summary_validated
65,apriori_swarm_065_subsample_A_proportional_dolmino_synth_qa_pool0.5_block1,40,olmo_base_eval/easy_bpb/naturalqs/bpb,1.5829155069838152,wandb_summary_validated
65,apriori_swarm_065_subsample_A_proportional_dolmino_synth_qa_pool0.5_block1,41,olmo_base_eval/easy_bpb/squad/bpb,0.6729730189659691,wandb_summary_validated
65,apriori_swarm_065_subsample_A_proportional_dolmino_synth_qa_pool0.5_block1,42,olmo_base_eval/easy_bpb/sciq/bpb,1.2011451141811786,wandb_summary_validated
65,apriori_swarm_065_subsample_A_proportional_dolmino_synth_qa_pool0.5_block1,43,olmo_base_eval/easy_bpb/basic_skills_arithmetic/bpb,2.3291514204478823,wandb_summary_validated
65,apriori_swarm_065_subsample_A_proportional_dolmino_synth_qa_pool0.5_block1,44,olmo_base_eval/easy_bpb/basic_skills_coding/bpb,1.116370145616623,wandb_summary_validated
65,apriori_swarm_065_subsample_A_proportional_dolmino_synth_qa_pool0.5_block1,45,olmo_base_eval/easy_bpb/basic_skills_common_knowledge/bpb,1.116006377094814,wandb_summary_validated
65,apriori_swarm_065_subsample_A_proportional_dolmino_synth_qa_pool0.5_block1,46,olmo_base_eval/easy_bpb/basic_skills_logical_reasoning/bpb,0.43136466610033897,wandb_summary_validated
65,apriori_swarm_065_subsample_A_proportional_dolmino_synth_qa_pool0.5_block1,47,olmo_base_eval/easy_bpb/basic_skills_pattern/bpb,1.584359046141077,wandb_summary_validated
65,apriori_swarm_065_subsample_A_proportional_dolmino_synth_qa_pool0.5_block1,48,olmo_base_eval/easy_bpb/basic_skills_string_operations/bpb,2.841264139290557,wandb_summary_validated
65,apriori_swarm_065_subsample_A_proportional_dolmino_synth_qa_pool0.5_block1,49,olmo_base_eval/easy_bpb/lambada/bpb,0.9940773374224087,wandb_summary_validated
65,apriori_swarm_065_subsample_A_proportional_dolmino_synth_qa_pool0.5_block1,50,olmo_base_eval/easy_bpb/medmcqa/bpb,1.8770311609120576,wandb_summary_validated
66,apriori_swarm_066_subsample_A_proportional_dolmino_synth_qa_pool0.25_block1,0,olmo_base_eval/easy_bpb/minerva_math_algebra/bpb,1.1475270450569026,wandb_summary_validated
66,apriori_swarm_066_subsample_A_proportional_dolmino_synth_qa_pool0.25_block1,1,olmo_base_eval/easy_bpb/minerva_math_counting_and_probability/bpb,1.0228153301663903,wandb_summary_validated
66,apriori_swarm_066_subsample_A_proportional_dolmino_synth_qa_pool0.25_block1,2,olmo_base_eval/easy_bpb/minerva_math_geometry/bpb,1.18011682609418,wandb_summary_validated
66,apriori_swarm_066_subsample_A_proportional_dolmino_synth_qa_pool0.25_block1,3,olmo_base_eval/easy_bpb/minerva_math_intermediate_algebra/bpb,1.1244041338472783,wandb_summary_validated
66,apriori_swarm_066_subsample_A_proportional_dolmino_synth_qa_pool0.25_block1,4,olmo_base_eval/easy_bpb/minerva_math_number_theory/bpb,1.1252328411787318,wandb_summary_validated
66,apriori_swarm_066_subsample_A_proportional_dolmino_synth_qa_pool0.25_block1,5,olmo_base_eval/easy_bpb/minerva_math_prealgebra/bpb,1.057774462465428,wandb_summary_validated
66,apriori_swarm_066_subsample_A_proportional_dolmino_synth_qa_pool0.25_block1,6,olmo_base_eval/easy_bpb/minerva_math_precalculus/bpb,0.9812724159475905,wandb_summary_validated
66,apriori_swarm_066_subsample_A_proportional_dolmino_synth_qa_pool0.25_block1,7,olmo_base_eval/easy_bpb/codex_humaneval/bpb,1.0002394821574585,wandb_summary_validated
66,apriori_swarm_066_subsample_A_proportional_dolmino_synth_qa_pool0.25_block1,8,olmo_base_eval/easy_bpb/mbpp/bpb,1.1336546149992879,wandb_summary_validated
66,apriori_swarm_066_subsample_A_proportional_dolmino_synth_qa_pool0.25_block1,9,olmo_base_eval/easy_bpb/mt_mbpp_bash/bpb,1.2524264378650098,wandb_summary_validated
66,apriori_swarm_066_subsample_A_proportional_dolmino_synth_qa_pool0.25_block1,10,olmo_base_eval/easy_bpb/mt_mbpp_c/bpb,0.7274813171594358,wandb_summary_validated
66,apriori_swarm_066_subsample_A_proportional_dolmino_synth_qa_pool0.25_block1,11,olmo_base_eval/easy_bpb/mt_mbpp_cpp/bpb,0.705174251992529,wandb_summary_validated
66,apriori_swarm_066_subsample_A_proportional_dolmino_synth_qa_pool0.25_block1,12,olmo_base_eval/easy_bpb/mt_mbpp_csharp/bpb,0.5795441975193854,wandb_summary_validated
66,apriori_swarm_066_subsample_A_proportional_dolmino_synth_qa_pool0.25_block1,13,olmo_base_eval/easy_bpb/mt_mbpp_go/bpb,0.8333126719328137,wandb_summary_validated
66,apriori_swarm_066_subsample_A_proportional_dolmino_synth_qa_pool0.25_block1,14,olmo_base_eval/easy_bpb/mt_mbpp_haskell/bpb,1.7143456160487798,wandb_summary_validated
66,apriori_swarm_066_subsample_A_proportional_dolmino_synth_qa_pool0.25_block1,15,olmo_base_eval/easy_bpb/mt_mbpp_java/bpb,0.5244879021821203,wandb_summary_validated
66,apriori_swarm_066_subsample_A_proportional_dolmino_synth_qa_pool0.25_block1,16,olmo_base_eval/easy_bpb/mt_mbpp_javascript/bpb,0.8390641759464891,wandb_summary_validated
66,apriori_swarm_066_subsample_A_proportional_dolmino_synth_qa_pool0.25_block1,17,olmo_base_eval/easy_bpb/mt_mbpp_matlab/bpb,1.2426114581377645,wandb_summary_validated
66,apriori_swarm_066_subsample_A_proportional_dolmino_synth_qa_pool0.25_block1,18,olmo_base_eval/easy_bpb/mt_mbpp_php/bpb,0.7426907167445818,wandb_summary_validated
66,apriori_swarm_066_subsample_A_proportional_dolmino_synth_qa_pool0.25_block1,19,olmo_base_eval/easy_bpb/mt_mbpp_python/bpb,1.1337488313995323,wandb_summary_validated
66,apriori_swarm_066_subsample_A_proportional_dolmino_synth_qa_pool0.25_block1,20,olmo_base_eval/easy_bpb/mt_mbpp_r/bpb,1.2677930784391136,wandb_summary_validated
66,apriori_swarm_066_subsample_A_proportional_dolmino_synth_qa_pool0.25_block1,21,olmo_base_eval/easy_bpb/mt_mbpp_ruby/bpb,1.280588646780681,wandb_summary_validated
66,apriori_swarm_066_subsample_A_proportional_dolmino_synth_qa_pool0.25_block1,22,olmo_base_eval/easy_bpb/mt_mbpp_rust/bpb,1.1283358312748517,wandb_summary_validated
66,apriori_swarm_066_subsample_A_proportional_dolmino_synth_qa_pool0.25_block1,23,olmo_base_eval/easy_bpb/mt_mbpp_scala/bpb,1.317552230999737,wandb_summary_validated
66,apriori_swarm_066_subsample_A_proportional_dolmino_synth_qa_pool0.25_block1,24,olmo_base_eval/easy_bpb/mt_mbpp_swift/bpb,0.9583390511119528,wandb_summary_validated
66,apriori_swarm_066_subsample_A_proportional_dolmino_synth_qa_pool0.25_block1,25,olmo_base_eval/easy_bpb/mt_mbpp_typescript/bpb,0.8061784345939688,wandb_summary_validated
66,apriori_swarm_066_subsample_A_proportional_dolmino_synth_qa_pool0.25_block1,26,olmo_base_eval/easy_bpb/arc_easy/bpb,1.1032939871850276,wandb_summary_validated
66,apriori_swarm_066_subsample_A_proportional_dolmino_synth_qa_pool0.25_block1,27,olmo_base_eval/easy_bpb/arc_challenge/bpb,1.2345788221778726,wandb_summary_validated
66,apriori_swarm_066_subsample_A_proportional_dolmino_synth_qa_pool0.25_block1,28,mmlu_stem,1.8358803455195989,wandb_summary_validated
66,apriori_swarm_066_subsample_A_proportional_dolmino_synth_qa_pool0.25_block1,29,mmlu_humanities,1.0243450387414739,wandb_summary_validated
66,apriori_swarm_066_subsample_A_proportional_dolmino_synth_qa_pool0.25_block1,30,mmlu_social_sciences,1.1838649141218975,wandb_summary_validated
66,apriori_swarm_066_subsample_A_proportional_dolmino_synth_qa_pool0.25_block1,31,mmlu_other,1.4065284777457618,wandb_summary_validated
66,apriori_swarm_066_subsample_A_proportional_dolmino_synth_qa_pool0.25_block1,32,olmo_base_eval/easy_bpb/csqa/bpb,1.4281749594568005,wandb_summary_validated
66,apriori_swarm_066_subsample_A_proportional_dolmino_synth_qa_pool0.25_block1,33,olmo_base_eval/easy_bpb/hellaswag/bpb,0.9842883609363203,wandb_summary_validated
66,apriori_swarm_066_subsample_A_proportional_dolmino_synth_qa_pool0.25_block1,34,olmo_base_eval/easy_bpb/winogrande/bpb,1.4284598547745773,wandb_summary_validated
66,apriori_swarm_066_subsample_A_proportional_dolmino_synth_qa_pool0.25_block1,35,olmo_base_eval/easy_bpb/socialiqa/bpb,1.3075808094128185,wandb_summary_validated
66,apriori_swarm_066_subsample_A_proportional_dolmino_synth_qa_pool0.25_block1,36,olmo_base_eval/easy_bpb/piqa/bpb,1.2421006192561543,wandb_summary_validated
66,apriori_swarm_066_subsample_A_proportional_dolmino_synth_qa_pool0.25_block1,37,olmo_base_eval/easy_bpb/coqa/bpb,0.8928033766376465,wandb_summary_validated
66,apriori_swarm_066_subsample_A_proportional_dolmino_synth_qa_pool0.25_block1,38,olmo_base_eval/easy_bpb/drop/bpb,1.8238082617428222,wandb_summary_validated
66,apriori_swarm_066_subsample_A_proportional_dolmino_synth_qa_pool0.25_block1,39,olmo_base_eval/easy_bpb/jeopardy/bpb,1.5758863938425256,wandb_summary_validated
66,apriori_swarm_066_subsample_A_proportional_dolmino_synth_qa_pool0.25_block1,40,olmo_base_eval/easy_bpb/naturalqs/bpb,1.6071266734660317,wandb_summary_validated
66,apriori_swarm_066_subsample_A_proportional_dolmino_synth_qa_pool0.25_block1,41,olmo_base_eval/easy_bpb/squad/bpb,0.6752736243434281,wandb_summary_validated
66,apriori_swarm_066_subsample_A_proportional_dolmino_synth_qa_pool0.25_block1,42,olmo_base_eval/easy_bpb/sciq/bpb,1.166187584410431,wandb_summary_validated
66,apriori_swarm_066_subsample_A_proportional_dolmino_synth_qa_pool0.25_block1,43,olmo_base_eval/easy_bpb/basic_skills_arithmetic/bpb,2.3262231479050963,wandb_summary_validated
66,apriori_swarm_066_subsample_A_proportional_dolmino_synth_qa_pool0.25_block1,44,olmo_base_eval/easy_bpb/basic_skills_coding/bpb,1.0830908778048167,wandb_summary_validated
66,apriori_swarm_066_subsample_A_proportional_dolmino_synth_qa_pool0.25_block1,45,olmo_base_eval/easy_bpb/basic_skills_common_knowledge/bpb,1.0957303376765015,wandb_summary_validated
66,apriori_swarm_066_subsample_A_proportional_dolmino_synth_qa_pool0.25_block1,46,olmo_base_eval/easy_bpb/basic_skills_logical_reasoning/bpb,0.4334617117965553,wandb_summary_validated
66,apriori_swarm_066_subsample_A_proportional_dolmino_synth_qa_pool0.25_block1,47,olmo_base_eval/easy_bpb/basic_skills_pattern/bpb,1.6249808531192582,wandb_summary_validated
66,apriori_swarm_066_subsample_A_proportional_dolmino_synth_qa_pool0.25_block1,48,olmo_base_eval/easy_bpb/basic_skills_string_operations/bpb,2.9013192684823053,wandb_summary_validated
66,apriori_swarm_066_subsample_A_proportional_dolmino_synth_qa_pool0.25_block1,49,olmo_base_eval/easy_bpb/lambada/bpb,0.9863600597335699,wandb_summary_validated
66,apriori_swarm_066_subsample_A_proportional_dolmino_synth_qa_pool0.25_block1,50,olmo_base_eval/easy_bpb/medmcqa/bpb,1.8668135414087539,wandb_summary_validated
67,apriori_swarm_067_subsample_A_proportional_dolmino_olmocr_pdfs_hq_pool0.5_block1,0,olmo_base_eval/easy_bpb/minerva_math_algebra/bpb,1.1519500184836517,wandb_summary_validated
67,apriori_swarm_067_subsample_A_proportional_dolmino_olmocr_pdfs_hq_pool0.5_block1,1,olmo_base_eval/easy_bpb/minerva_math_counting_and_probability/bpb,1.0332190409896342,wandb_summary_validated
67,apriori_swarm_067_subsample_A_proportional_dolmino_olmocr_pdfs_hq_pool0.5_block1,2,olmo_base_eval/easy_bpb/minerva_math_geometry/bpb,1.1894854112725886,wandb_summary_validated
67,apriori_swarm_067_subsample_A_proportional_dolmino_olmocr_pdfs_hq_pool0.5_block1,3,olmo_base_eval/easy_bpb/minerva_math_intermediate_algebra/bpb,1.128992275478822,wandb_summary_validated
67,apriori_swarm_067_subsample_A_proportional_dolmino_olmocr_pdfs_hq_pool0.5_block1,4,olmo_base_eval/easy_bpb/minerva_math_number_theory/bpb,1.125325443488364,wandb_summary_validated
67,apriori_swarm_067_subsample_A_proportional_dolmino_olmocr_pdfs_hq_pool0.5_block1,5,olmo_base_eval/easy_bpb/minerva_math_prealgebra/bpb,1.0606538483044752,wandb_summary_validated
67,apriori_swarm_067_subsample_A_proportional_dolmino_olmocr_pdfs_hq_pool0.5_block1,6,olmo_base_eval/easy_bpb/minerva_math_precalculus/bpb,0.9916585239464374,wandb_summary_validated
67,apriori_swarm_067_subsample_A_proportional_dolmino_olmocr_pdfs_hq_pool0.5_block1,7,olmo_base_eval/easy_bpb/codex_humaneval/bpb,0.9967680010912084,wandb_summary_validated
67,apriori_swarm_067_subsample_A_proportional_dolmino_olmocr_pdfs_hq_pool0.5_block1,8,olmo_base_eval/easy_bpb/mbpp/bpb,1.134874280107356,wandb_summary_validated
67,apriori_swarm_067_subsample_A_proportional_dolmino_olmocr_pdfs_hq_pool0.5_block1,9,olmo_base_eval/easy_bpb/mt_mbpp_bash/bpb,1.2763767976153053,wandb_summary_validated
67,apriori_swarm_067_subsample_A_proportional_dolmino_olmocr_pdfs_hq_pool0.5_block1,10,olmo_base_eval/easy_bpb/mt_mbpp_c/bpb,0.7295567779530682,wandb_summary_validated
67,apriori_swarm_067_subsample_A_proportional_dolmino_olmocr_pdfs_hq_pool0.5_block1,11,olmo_base_eval/easy_bpb/mt_mbpp_cpp/bpb,0.7011266627925039,wandb_summary_validated
67,apriori_swarm_067_subsample_A_proportional_dolmino_olmocr_pdfs_hq_pool0.5_block1,12,olmo_base_eval/easy_bpb/mt_mbpp_csharp/bpb,0.5803823268448197,wandb_summary_validated
67,apriori_swarm_067_subsample_A_proportional_dolmino_olmocr_pdfs_hq_pool0.5_block1,13,olmo_base_eval/easy_bpb/mt_mbpp_go/bpb,0.8511064948953958,wandb_summary_validated
67,apriori_swarm_067_subsample_A_proportional_dolmino_olmocr_pdfs_hq_pool0.5_block1,14,olmo_base_eval/easy_bpb/mt_mbpp_haskell/bpb,1.7553069688685323,wandb_summary_validated
67,apriori_swarm_067_subsample_A_proportional_dolmino_olmocr_pdfs_hq_pool0.5_block1,15,olmo_base_eval/easy_bpb/mt_mbpp_java/bpb,0.5210826143161217,wandb_summary_validated
67,apriori_swarm_067_subsample_A_proportional_dolmino_olmocr_pdfs_hq_pool0.5_block1,16,olmo_base_eval/easy_bpb/mt_mbpp_javascript/bpb,0.8481493330899675,wandb_summary_validated
67,apriori_swarm_067_subsample_A_proportional_dolmino_olmocr_pdfs_hq_pool0.5_block1,17,olmo_base_eval/easy_bpb/mt_mbpp_matlab/bpb,1.2425512968790609,wandb_summary_validated
67,apriori_swarm_067_subsample_A_proportional_dolmino_olmocr_pdfs_hq_pool0.5_block1,18,olmo_base_eval/easy_bpb/mt_mbpp_php/bpb,0.7556784619117456,wandb_summary_validated
67,apriori_swarm_067_subsample_A_proportional_dolmino_olmocr_pdfs_hq_pool0.5_block1,19,olmo_base_eval/easy_bpb/mt_mbpp_python/bpb,1.1324475883458316,wandb_summary_validated
67,apriori_swarm_067_subsample_A_proportional_dolmino_olmocr_pdfs_hq_pool0.5_block1,20,olmo_base_eval/easy_bpb/mt_mbpp_r/bpb,1.2802897527314525,wandb_summary_validated
67,apriori_swarm_067_subsample_A_proportional_dolmino_olmocr_pdfs_hq_pool0.5_block1,21,olmo_base_eval/easy_bpb/mt_mbpp_ruby/bpb,1.2936954448874802,wandb_summary_validated
67,apriori_swarm_067_subsample_A_proportional_dolmino_olmocr_pdfs_hq_pool0.5_block1,22,olmo_base_eval/easy_bpb/mt_mbpp_rust/bpb,1.1507947739443891,wandb_summary_validated
67,apriori_swarm_067_subsample_A_proportional_dolmino_olmocr_pdfs_hq_pool0.5_block1,23,olmo_base_eval/easy_bpb/mt_mbpp_scala/bpb,1.3300664704431229,wandb_summary_validated
67,apriori_swarm_067_subsample_A_proportional_dolmino_olmocr_pdfs_hq_pool0.5_block1,24,olmo_base_eval/easy_bpb/mt_mbpp_swift/bpb,0.978697373944751,wandb_summary_validated
67,apriori_swarm_067_subsample_A_proportional_dolmino_olmocr_pdfs_hq_pool0.5_block1,25,olmo_base_eval/easy_bpb/mt_mbpp_typescript/bpb,0.8132065887003799,wandb_summary_validated
67,apriori_swarm_067_subsample_A_proportional_dolmino_olmocr_pdfs_hq_pool0.5_block1,26,olmo_base_eval/easy_bpb/arc_easy/bpb,1.1325093388086607,wandb_summary_validated
67,apriori_swarm_067_subsample_A_proportional_dolmino_olmocr_pdfs_hq_pool0.5_block1,27,olmo_base_eval/easy_bpb/arc_challenge/bpb,1.2564694936750433,wandb_summary_validated
67,apriori_swarm_067_subsample_A_proportional_dolmino_olmocr_pdfs_hq_pool0.5_block1,28,mmlu_stem,1.8495298022640294,wandb_summary_validated
67,apriori_swarm_067_subsample_A_proportional_dolmino_olmocr_pdfs_hq_pool0.5_block1,29,mmlu_humanities,1.0185182375813924,wandb_summary_validated
67,apriori_swarm_067_subsample_A_proportional_dolmino_olmocr_pdfs_hq_pool0.5_block1,30,mmlu_social_sciences,1.1845733503293703,wandb_summary_validated
67,apriori_swarm_067_subsample_A_proportional_dolmino_olmocr_pdfs_hq_pool0.5_block1,31,mmlu_other,1.403849117510653,wandb_summary_validated
67,apriori_swarm_067_subsample_A_proportional_dolmino_olmocr_pdfs_hq_pool0.5_block1,32,olmo_base_eval/easy_bpb/csqa/bpb,1.3900748209885647,wandb_summary_validated
67,apriori_swarm_067_subsample_A_proportional_dolmino_olmocr_pdfs_hq_pool0.5_block1,33,olmo_base_eval/easy_bpb/hellaswag/bpb,0.9815290972925222,wandb_summary_validated
67,apriori_swarm_067_subsample_A_proportional_dolmino_olmocr_pdfs_hq_pool0.5_block1,34,olmo_base_eval/easy_bpb/winogrande/bpb,1.4384314495022985,wandb_summary_validated
67,apriori_swarm_067_subsample_A_proportional_dolmino_olmocr_pdfs_hq_pool0.5_block1,35,olmo_base_eval/easy_bpb/socialiqa/bpb,1.3072086329563692,wandb_summary_validated
67,apriori_swarm_067_subsample_A_proportional_dolmino_olmocr_pdfs_hq_pool0.5_block1,36,olmo_base_eval/easy_bpb/piqa/bpb,1.2669480357952603,wandb_summary_validated
67,apriori_swarm_067_subsample_A_proportional_dolmino_olmocr_pdfs_hq_pool0.5_block1,37,olmo_base_eval/easy_bpb/coqa/bpb,0.8534962008630848,wandb_summary_validated
67,apriori_swarm_067_subsample_A_proportional_dolmino_olmocr_pdfs_hq_pool0.5_block1,38,olmo_base_eval/easy_bpb/drop/bpb,1.8374484729362088,wandb_summary_validated
67,apriori_swarm_067_subsample_A_proportional_dolmino_olmocr_pdfs_hq_pool0.5_block1,39,olmo_base_eval/easy_bpb/jeopardy/bpb,1.6086684838387053,wandb_summary_validated
67,apriori_swarm_067_subsample_A_proportional_dolmino_olmocr_pdfs_hq_pool0.5_block1,40,olmo_base_eval/easy_bpb/naturalqs/bpb,1.601313246820961,wandb_summary_validated
67,apriori_swarm_067_subsample_A_proportional_dolmino_olmocr_pdfs_hq_pool0.5_block1,41,olmo_base_eval/easy_bpb/squad/bpb,0.6675032175385001,wandb_summary_validated
67,apriori_swarm_067_subsample_A_proportional_dolmino_olmocr_pdfs_hq_pool0.5_block1,42,olmo_base_eval/easy_bpb/sciq/bpb,1.1881752454492542,wandb_summary_validated
67,apriori_swarm_067_subsample_A_proportional_dolmino_olmocr_pdfs_hq_pool0.5_block1,43,olmo_base_eval/easy_bpb/basic_skills_arithmetic/bpb,2.326224454885636,wandb_summary_validated
67,apriori_swarm_067_subsample_A_proportional_dolmino_olmocr_pdfs_hq_pool0.5_block1,44,olmo_base_eval/easy_bpb/basic_skills_coding/bpb,1.0565983592206485,wandb_summary_validated
67,apriori_swarm_067_subsample_A_proportional_dolmino_olmocr_pdfs_hq_pool0.5_block1,45,olmo_base_eval/easy_bpb/basic_skills_common_knowledge/bpb,1.1225078170598553,wandb_summary_validated
67,apriori_swarm_067_subsample_A_proportional_dolmino_olmocr_pdfs_hq_pool0.5_block1,46,olmo_base_eval/easy_bpb/basic_skills_logical_reasoning/bpb,0.4516966107807244,wandb_summary_validated
67,apriori_swarm_067_subsample_A_proportional_dolmino_olmocr_pdfs_hq_pool0.5_block1,47,olmo_base_eval/easy_bpb/basic_skills_pattern/bpb,1.603862518307817,wandb_summary_validated
67,apriori_swarm_067_subsample_A_proportional_dolmino_olmocr_pdfs_hq_pool0.5_block1,48,olmo_base_eval/easy_bpb/basic_skills_string_operations/bpb,2.86960648849305,wandb_summary_validated
67,apriori_swarm_067_subsample_A_proportional_dolmino_olmocr_pdfs_hq_pool0.5_block1,49,olmo_base_eval/easy_bpb/lambada/bpb,0.9841071442530744,wandb_summary_validated
67,apriori_swarm_067_subsample_A_proportional_dolmino_olmocr_pdfs_hq_pool0.5_block1,50,olmo_base_eval/easy_bpb/medmcqa/bpb,1.8885460507999858,wandb_summary_validated
68,apriori_swarm_068_subsample_A_proportional_dolmino_olmocr_pdfs_hq_pool0.25_block1,0,olmo_base_eval/easy_bpb/minerva_math_algebra/bpb,1.1477457199461314,wandb_summary_validated
68,apriori_swarm_068_subsample_A_proportional_dolmino_olmocr_pdfs_hq_pool0.25_block1,1,olmo_base_eval/easy_bpb/minerva_math_counting_and_probability/bpb,1.029292726151298,wandb_summary_validated
68,apriori_swarm_068_subsample_A_proportional_dolmino_olmocr_pdfs_hq_pool0.25_block1,2,olmo_base_eval/easy_bpb/minerva_math_geometry/bpb,1.1790089190446287,wandb_summary_validated
68,apriori_swarm_068_subsample_A_proportional_dolmino_olmocr_pdfs_hq_pool0.25_block1,3,olmo_base_eval/easy_bpb/minerva_math_intermediate_algebra/bpb,1.1208696061656014,wandb_summary_validated
68,apriori_swarm_068_subsample_A_proportional_dolmino_olmocr_pdfs_hq_pool0.25_block1,4,olmo_base_eval/easy_bpb/minerva_math_number_theory/bpb,1.1242624847993665,wandb_summary_validated
68,apriori_swarm_068_subsample_A_proportional_dolmino_olmocr_pdfs_hq_pool0.25_block1,5,olmo_base_eval/easy_bpb/minerva_math_prealgebra/bpb,1.0538571179724567,wandb_summary_validated
68,apriori_swarm_068_subsample_A_proportional_dolmino_olmocr_pdfs_hq_pool0.25_block1,6,olmo_base_eval/easy_bpb/minerva_math_precalculus/bpb,0.9820067944656703,wandb_summary_validated
68,apriori_swarm_068_subsample_A_proportional_dolmino_olmocr_pdfs_hq_pool0.25_block1,7,olmo_base_eval/easy_bpb/codex_humaneval/bpb,1.0062300100592896,wandb_summary_validated
68,apriori_swarm_068_subsample_A_proportional_dolmino_olmocr_pdfs_hq_pool0.25_block1,8,olmo_base_eval/easy_bpb/mbpp/bpb,1.134608013446376,wandb_summary_validated
68,apriori_swarm_068_subsample_A_proportional_dolmino_olmocr_pdfs_hq_pool0.25_block1,9,olmo_base_eval/easy_bpb/mt_mbpp_bash/bpb,1.2697888525061913,wandb_summary_validated
68,apriori_swarm_068_subsample_A_proportional_dolmino_olmocr_pdfs_hq_pool0.25_block1,10,olmo_base_eval/easy_bpb/mt_mbpp_c/bpb,0.7300485971806114,wandb_summary_validated
68,apriori_swarm_068_subsample_A_proportional_dolmino_olmocr_pdfs_hq_pool0.25_block1,11,olmo_base_eval/easy_bpb/mt_mbpp_cpp/bpb,0.6993819358244987,wandb_summary_validated
68,apriori_swarm_068_subsample_A_proportional_dolmino_olmocr_pdfs_hq_pool0.25_block1,12,olmo_base_eval/easy_bpb/mt_mbpp_csharp/bpb,0.5842527026929334,wandb_summary_validated
68,apriori_swarm_068_subsample_A_proportional_dolmino_olmocr_pdfs_hq_pool0.25_block1,13,olmo_base_eval/easy_bpb/mt_mbpp_go/bpb,0.8584412241240168,wandb_summary_validated
68,apriori_swarm_068_subsample_A_proportional_dolmino_olmocr_pdfs_hq_pool0.25_block1,14,olmo_base_eval/easy_bpb/mt_mbpp_haskell/bpb,1.7594615926009125,wandb_summary_validated
68,apriori_swarm_068_subsample_A_proportional_dolmino_olmocr_pdfs_hq_pool0.25_block1,15,olmo_base_eval/easy_bpb/mt_mbpp_java/bpb,0.5151483424522959,wandb_summary_validated
68,apriori_swarm_068_subsample_A_proportional_dolmino_olmocr_pdfs_hq_pool0.25_block1,16,olmo_base_eval/easy_bpb/mt_mbpp_javascript/bpb,0.8512125682455554,wandb_summary_validated
68,apriori_swarm_068_subsample_A_proportional_dolmino_olmocr_pdfs_hq_pool0.25_block1,17,olmo_base_eval/easy_bpb/mt_mbpp_matlab/bpb,1.246577445668017,wandb_summary_validated
68,apriori_swarm_068_subsample_A_proportional_dolmino_olmocr_pdfs_hq_pool0.25_block1,18,olmo_base_eval/easy_bpb/mt_mbpp_php/bpb,0.7464772384492611,wandb_summary_validated
68,apriori_swarm_068_subsample_A_proportional_dolmino_olmocr_pdfs_hq_pool0.25_block1,19,olmo_base_eval/easy_bpb/mt_mbpp_python/bpb,1.136285513102198,wandb_summary_validated
68,apriori_swarm_068_subsample_A_proportional_dolmino_olmocr_pdfs_hq_pool0.25_block1,20,olmo_base_eval/easy_bpb/mt_mbpp_r/bpb,1.2780357591948692,wandb_summary_validated
68,apriori_swarm_068_subsample_A_proportional_dolmino_olmocr_pdfs_hq_pool0.25_block1,21,olmo_base_eval/easy_bpb/mt_mbpp_ruby/bpb,1.309986372644287,wandb_summary_validated
68,apriori_swarm_068_subsample_A_proportional_dolmino_olmocr_pdfs_hq_pool0.25_block1,22,olmo_base_eval/easy_bpb/mt_mbpp_rust/bpb,1.1220456503002205,wandb_summary_validated
68,apriori_swarm_068_subsample_A_proportional_dolmino_olmocr_pdfs_hq_pool0.25_block1,23,olmo_base_eval/easy_bpb/mt_mbpp_scala/bpb,1.3385642235362196,wandb_summary_validated
68,apriori_swarm_068_subsample_A_proportional_dolmino_olmocr_pdfs_hq_pool0.25_block1,24,olmo_base_eval/easy_bpb/mt_mbpp_swift/bpb,0.9742432508426065,wandb_summary_validated
68,apriori_swarm_068_subsample_A_proportional_dolmino_olmocr_pdfs_hq_pool0.25_block1,25,olmo_base_eval/easy_bpb/mt_mbpp_typescript/bpb,0.8049716612899058,wandb_summary_validated
68,apriori_swarm_068_subsample_A_proportional_dolmino_olmocr_pdfs_hq_pool0.25_block1,26,olmo_base_eval/easy_bpb/arc_easy/bpb,1.0766757691131892,wandb_summary_validated
68,apriori_swarm_068_subsample_A_proportional_dolmino_olmocr_pdfs_hq_pool0.25_block1,27,olmo_base_eval/easy_bpb/arc_challenge/bpb,1.2268325492164505,wandb_summary_validated
68,apriori_swarm_068_subsample_A_proportional_dolmino_olmocr_pdfs_hq_pool0.25_block1,28,mmlu_stem,1.8232960582037856,wandb_summary_validated
68,apriori_swarm_068_subsample_A_proportional_dolmino_olmocr_pdfs_hq_pool0.25_block1,29,mmlu_humanities,1.0024577247152044,wandb_summary_validated
68,apriori_swarm_068_subsample_A_proportional_dolmino_olmocr_pdfs_hq_pool0.25_block1,30,mmlu_social_sciences,1.1828503968083481,wandb_summary_validated
68,apriori_swarm_068_subsample_A_proportional_dolmino_olmocr_pdfs_hq_pool0.25_block1,31,mmlu_other,1.3907773591181,wandb_summary_validated
68,apriori_swarm_068_subsample_A_proportional_dolmino_olmocr_pdfs_hq_pool0.25_block1,32,olmo_base_eval/easy_bpb/csqa/bpb,1.3946566268462008,wandb_summary_validated
68,apriori_swarm_068_subsample_A_proportional_dolmino_olmocr_pdfs_hq_pool0.25_block1,33,olmo_base_eval/easy_bpb/hellaswag/bpb,0.9843515579032842,wandb_summary_validated
68,apriori_swarm_068_subsample_A_proportional_dolmino_olmocr_pdfs_hq_pool0.25_block1,34,olmo_base_eval/easy_bpb/winogrande/bpb,1.406275854974228,wandb_summary_validated
68,apriori_swarm_068_subsample_A_proportional_dolmino_olmocr_pdfs_hq_pool0.25_block1,35,olmo_base_eval/easy_bpb/socialiqa/bpb,1.2883221626225827,wandb_summary_validated
68,apriori_swarm_068_subsample_A_proportional_dolmino_olmocr_pdfs_hq_pool0.25_block1,36,olmo_base_eval/easy_bpb/piqa/bpb,1.2628159769947587,wandb_summary_validated
68,apriori_swarm_068_subsample_A_proportional_dolmino_olmocr_pdfs_hq_pool0.25_block1,37,olmo_base_eval/easy_bpb/coqa/bpb,0.8617521416363194,wandb_summary_validated
68,apriori_swarm_068_subsample_A_proportional_dolmino_olmocr_pdfs_hq_pool0.25_block1,38,olmo_base_eval/easy_bpb/drop/bpb,1.8309130440268466,wandb_summary_validated
68,apriori_swarm_068_subsample_A_proportional_dolmino_olmocr_pdfs_hq_pool0.25_block1,39,olmo_base_eval/easy_bpb/jeopardy/bpb,1.620306371804075,wandb_summary_validated
68,apriori_swarm_068_subsample_A_proportional_dolmino_olmocr_pdfs_hq_pool0.25_block1,40,olmo_base_eval/easy_bpb/naturalqs/bpb,1.5705737138116813,wandb_summary_validated
68,apriori_swarm_068_subsample_A_proportional_dolmino_olmocr_pdfs_hq_pool0.25_block1,41,olmo_base_eval/easy_bpb/squad/bpb,0.675683208306945,wandb_summary_validated
68,apriori_swarm_068_subsample_A_proportional_dolmino_olmocr_pdfs_hq_pool0.25_block1,42,olmo_base_eval/easy_bpb/sciq/bpb,1.1600558709076045,wandb_summary_validated
68,apriori_swarm_068_subsample_A_proportional_dolmino_olmocr_pdfs_hq_pool0.25_block1,43,olmo_base_eval/easy_bpb/basic_skills_arithmetic/bpb,2.3665359519001368,wandb_summary_validated
68,apriori_swarm_068_subsample_A_proportional_dolmino_olmocr_pdfs_hq_pool0.25_block1,44,olmo_base_eval/easy_bpb/basic_skills_coding/bpb,1.058603102134315,wandb_summary_validated
68,apriori_swarm_068_subsample_A_proportional_dolmino_olmocr_pdfs_hq_pool0.25_block1,45,olmo_base_eval/easy_bpb/basic_skills_common_knowledge/bpb,1.1086003675529181,wandb_summary_validated
68,apriori_swarm_068_subsample_A_proportional_dolmino_olmocr_pdfs_hq_pool0.25_block1,46,olmo_base_eval/easy_bpb/basic_skills_logical_reasoning/bpb,0.43117066800304743,wandb_summary_validated
68,apriori_swarm_068_subsample_A_proportional_dolmino_olmocr_pdfs_hq_pool0.25_block1,47,olmo_base_eval/easy_bpb/basic_skills_pattern/bpb,1.5595970730374558,wandb_summary_validated
68,apriori_swarm_068_subsample_A_proportional_dolmino_olmocr_pdfs_hq_pool0.25_block1,48,olmo_base_eval/easy_bpb/basic_skills_string_operations/bpb,2.9112217083885192,wandb_summary_validated
68,apriori_swarm_068_subsample_A_proportional_dolmino_olmocr_pdfs_hq_pool0.25_block1,49,olmo_base_eval/easy_bpb/lambada/bpb,0.9899065711253247,wandb_summary_validated
68,apriori_swarm_068_subsample_A_proportional_dolmino_olmocr_pdfs_hq_pool0.25_block1,50,olmo_base_eval/easy_bpb/medmcqa/bpb,1.8599842301996716,wandb_summary_validated
69,apriori_swarm_069_subsample_A_proportional_dolma3_stack_edu_pool0.5_block1,0,olmo_base_eval/easy_bpb/minerva_math_algebra/bpb,1.1477030365977816,wandb_summary_validated
69,apriori_swarm_069_subsample_A_proportional_dolma3_stack_edu_pool0.5_block1,1,olmo_base_eval/easy_bpb/minerva_math_counting_and_probability/bpb,1.0295248616005672,wandb_summary_validated
69,apriori_swarm_069_subsample_A_proportional_dolma3_stack_edu_pool0.5_block1,2,olmo_base_eval/easy_bpb/minerva_math_geometry/bpb,1.18048777181834,wandb_summary_validated
69,apriori_swarm_069_subsample_A_proportional_dolma3_stack_edu_pool0.5_block1,3,olmo_base_eval/easy_bpb/minerva_math_intermediate_algebra/bpb,1.1212806342748962,wandb_summary_validated
69,apriori_swarm_069_subsample_A_proportional_dolma3_stack_edu_pool0.5_block1,4,olmo_base_eval/easy_bpb/minerva_math_number_theory/bpb,1.124167056018226,wandb_summary_validated
69,apriori_swarm_069_subsample_A_proportional_dolma3_stack_edu_pool0.5_block1,5,olmo_base_eval/easy_bpb/minerva_math_prealgebra/bpb,1.0594180369899382,wandb_summary_validated
69,apriori_swarm_069_subsample_A_proportional_dolma3_stack_edu_pool0.5_block1,6,olmo_base_eval/easy_bpb/minerva_math_precalculus/bpb,0.9805942803992453,wandb_summary_validated
69,apriori_swarm_069_subsample_A_proportional_dolma3_stack_edu_pool0.5_block1,7,olmo_base_eval/easy_bpb/codex_humaneval/bpb,1.0062791947102514,wandb_summary_validated
69,apriori_swarm_069_subsample_A_proportional_dolma3_stack_edu_pool0.5_block1,8,olmo_base_eval/easy_bpb/mbpp/bpb,1.1366919648914922,wandb_summary_validated
69,apriori_swarm_069_subsample_A_proportional_dolma3_stack_edu_pool0.5_block1,9,olmo_base_eval/easy_bpb/mt_mbpp_bash/bpb,1.3025819680253092,wandb_summary_validated
69,apriori_swarm_069_subsample_A_proportional_dolma3_stack_edu_pool0.5_block1,10,olmo_base_eval/easy_bpb/mt_mbpp_c/bpb,0.7282816312788503,wandb_summary_validated
69,apriori_swarm_069_subsample_A_proportional_dolma3_stack_edu_pool0.5_block1,11,olmo_base_eval/easy_bpb/mt_mbpp_cpp/bpb,0.6987013702564372,wandb_summary_validated
69,apriori_swarm_069_subsample_A_proportional_dolma3_stack_edu_pool0.5_block1,12,olmo_base_eval/easy_bpb/mt_mbpp_csharp/bpb,0.5898981712522244,wandb_summary_validated
69,apriori_swarm_069_subsample_A_proportional_dolma3_stack_edu_pool0.5_block1,13,olmo_base_eval/easy_bpb/mt_mbpp_go/bpb,0.871194459659086,wandb_summary_validated
69,apriori_swarm_069_subsample_A_proportional_dolma3_stack_edu_pool0.5_block1,14,olmo_base_eval/easy_bpb/mt_mbpp_haskell/bpb,1.7315756983754051,wandb_summary_validated
69,apriori_swarm_069_subsample_A_proportional_dolma3_stack_edu_pool0.5_block1,15,olmo_base_eval/easy_bpb/mt_mbpp_java/bpb,0.5220190989797332,wandb_summary_validated
69,apriori_swarm_069_subsample_A_proportional_dolma3_stack_edu_pool0.5_block1,16,olmo_base_eval/easy_bpb/mt_mbpp_javascript/bpb,0.8497539009615654,wandb_summary_validated
69,apriori_swarm_069_subsample_A_proportional_dolma3_stack_edu_pool0.5_block1,17,olmo_base_eval/easy_bpb/mt_mbpp_matlab/bpb,1.25171937054626,wandb_summary_validated
69,apriori_swarm_069_subsample_A_proportional_dolma3_stack_edu_pool0.5_block1,18,olmo_base_eval/easy_bpb/mt_mbpp_php/bpb,0.758972544173566,wandb_summary_validated
69,apriori_swarm_069_subsample_A_proportional_dolma3_stack_edu_pool0.5_block1,19,olmo_base_eval/easy_bpb/mt_mbpp_python/bpb,1.1368417626095906,wandb_summary_validated
69,apriori_swarm_069_subsample_A_proportional_dolma3_stack_edu_pool0.5_block1,20,olmo_base_eval/easy_bpb/mt_mbpp_r/bpb,1.254178443324097,wandb_summary_validated
69,apriori_swarm_069_subsample_A_proportional_dolma3_stack_edu_pool0.5_block1,21,olmo_base_eval/easy_bpb/mt_mbpp_ruby/bpb,1.2806623509814188,wandb_summary_validated
69,apriori_swarm_069_subsample_A_proportional_dolma3_stack_edu_pool0.5_block1,22,olmo_base_eval/easy_bpb/mt_mbpp_rust/bpb,1.1490961937833692,wandb_summary_validated
69,apriori_swarm_069_subsample_A_proportional_dolma3_stack_edu_pool0.5_block1,23,olmo_base_eval/easy_bpb/mt_mbpp_scala/bpb,1.3230809578418568,wandb_summary_validated
69,apriori_swarm_069_subsample_A_proportional_dolma3_stack_edu_pool0.5_block1,24,olmo_base_eval/easy_bpb/mt_mbpp_swift/bpb,0.9461496937087899,wandb_summary_validated
69,apriori_swarm_069_subsample_A_proportional_dolma3_stack_edu_pool0.5_block1,25,olmo_base_eval/easy_bpb/mt_mbpp_typescript/bpb,0.8031376257023303,wandb_summary_validated
69,apriori_swarm_069_subsample_A_proportional_dolma3_stack_edu_pool0.5_block1,26,olmo_base_eval/easy_bpb/arc_easy/bpb,1.0938512994209855,wandb_summary_validated
69,apriori_swarm_069_subsample_A_proportional_dolma3_stack_edu_pool0.5_block1,27,olmo_base_eval/easy_bpb/arc_challenge/bpb,1.2405884170475068,wandb_summary_validated
69,apriori_swarm_069_subsample_A_proportional_dolma3_stack_edu_pool0.5_block1,28,mmlu_stem,1.8311383554290788,wandb_summary_validated
69,apriori_swarm_069_subsample_A_proportional_dolma3_stack_edu_pool0.5_block1,29,mmlu_humanities,1.041541206893605,wandb_summary_validated
69,apriori_swarm_069_subsample_A_proportional_dolma3_stack_edu_pool0.5_block1,30,mmlu_social_sciences,1.183720489366262,wandb_summary_validated
69,apriori_swarm_069_subsample_A_proportional_dolma3_stack_edu_pool0.5_block1,31,mmlu_other,1.390997525933885,wandb_summary_validated
69,apriori_swarm_069_subsample_A_proportional_dolma3_stack_edu_pool0.5_block1,32,olmo_base_eval/easy_bpb/csqa/bpb,1.4018278619727174,wandb_summary_validated
69,apriori_swarm_069_subsample_A_proportional_dolma3_stack_edu_pool0.5_block1,33,olmo_base_eval/easy_bpb/hellaswag/bpb,0.9845588078236603,wandb_summary_validated
69,apriori_swarm_069_subsample_A_proportional_dolma3_stack_edu_pool0.5_block1,34,olmo_base_eval/easy_bpb/winogrande/bpb,1.4273483862454772,wandb_summary_validated
69,apriori_swarm_069_subsample_A_proportional_dolma3_stack_edu_pool0.5_block1,35,olmo_base_eval/easy_bpb/socialiqa/bpb,1.280957455604206,wandb_summary_validated
69,apriori_swarm_069_subsample_A_proportional_dolma3_stack_edu_pool0.5_block1,36,olmo_base_eval/easy_bpb/piqa/bpb,1.2555211625712108,wandb_summary_validated
69,apriori_swarm_069_subsample_A_proportional_dolma3_stack_edu_pool0.5_block1,37,olmo_base_eval/easy_bpb/coqa/bpb,0.821932980264857,wandb_summary_validated
69,apriori_swarm_069_subsample_A_proportional_dolma3_stack_edu_pool0.5_block1,38,olmo_base_eval/easy_bpb/drop/bpb,1.8757899697884162,wandb_summary_validated
69,apriori_swarm_069_subsample_A_proportional_dolma3_stack_edu_pool0.5_block1,39,olmo_base_eval/easy_bpb/jeopardy/bpb,1.5438992234848912,wandb_summary_validated
69,apriori_swarm_069_subsample_A_proportional_dolma3_stack_edu_pool0.5_block1,40,olmo_base_eval/easy_bpb/naturalqs/bpb,1.572288832439863,wandb_summary_validated
69,apriori_swarm_069_subsample_A_proportional_dolma3_stack_edu_pool0.5_block1,41,olmo_base_eval/easy_bpb/squad/bpb,0.6277820697440023,wandb_summary_validated
69,apriori_swarm_069_subsample_A_proportional_dolma3_stack_edu_pool0.5_block1,42,olmo_base_eval/easy_bpb/sciq/bpb,1.1904265113022816,wandb_summary_validated
69,apriori_swarm_069_subsample_A_proportional_dolma3_stack_edu_pool0.5_block1,43,olmo_base_eval/easy_bpb/basic_skills_arithmetic/bpb,2.342619706638313,wandb_summary_validated
69,apriori_swarm_069_subsample_A_proportional_dolma3_stack_edu_pool0.5_block1,44,olmo_base_eval/easy_bpb/basic_skills_coding/bpb,1.0414828457040253,wandb_summary_validated
69,apriori_swarm_069_subsample_A_proportional_dolma3_stack_edu_pool0.5_block1,45,olmo_base_eval/easy_bpb/basic_skills_common_knowledge/bpb,1.1334806403985236,wandb_summary_validated
69,apriori_swarm_069_subsample_A_proportional_dolma3_stack_edu_pool0.5_block1,46,olmo_base_eval/easy_bpb/basic_skills_logical_reasoning/bpb,0.42918660808561904,wandb_summary_validated
69,apriori_swarm_069_subsample_A_proportional_dolma3_stack_edu_pool0.5_block1,47,olmo_base_eval/easy_bpb/basic_skills_pattern/bpb,1.5471031903415642,wandb_summary_validated
69,apriori_swarm_069_subsample_A_proportional_dolma3_stack_edu_pool0.5_block1,48,olmo_base_eval/easy_bpb/basic_skills_string_operations/bpb,2.9141600721125616,wandb_summary_validated
69,apriori_swarm_069_subsample_A_proportional_dolma3_stack_edu_pool0.5_block1,49,olmo_base_eval/easy_bpb/lambada/bpb,0.9880595791092036,wandb_summary_validated
69,apriori_swarm_069_subsample_A_proportional_dolma3_stack_edu_pool0.5_block1,50,olmo_base_eval/easy_bpb/medmcqa/bpb,1.8435997691846462,wandb_summary_validated
70,apriori_swarm_070_subsample_A_proportional_dolma3_stack_edu_pool0.25_block1,0,olmo_base_eval/easy_bpb/minerva_math_algebra/bpb,1.1561594639107606,wandb_summary_validated
70,apriori_swarm_070_subsample_A_proportional_dolma3_stack_edu_pool0.25_block1,1,olmo_base_eval/easy_bpb/minerva_math_counting_and_probability/bpb,1.0295446396609302,wandb_summary_validated
70,apriori_swarm_070_subsample_A_proportional_dolma3_stack_edu_pool0.25_block1,2,olmo_base_eval/easy_bpb/minerva_math_geometry/bpb,1.186442835016885,wandb_summary_validated
70,apriori_swarm_070_subsample_A_proportional_dolma3_stack_edu_pool0.25_block1,3,olmo_base_eval/easy_bpb/minerva_math_intermediate_algebra/bpb,1.1283635418470932,wandb_summary_validated
70,apriori_swarm_070_subsample_A_proportional_dolma3_stack_edu_pool0.25_block1,4,olmo_base_eval/easy_bpb/minerva_math_number_theory/bpb,1.1266999714730486,wandb_summary_validated
70,apriori_swarm_070_subsample_A_proportional_dolma3_stack_edu_pool0.25_block1,5,olmo_base_eval/easy_bpb/minerva_math_prealgebra/bpb,1.0648267600919483,wandb_summary_validated
70,apriori_swarm_070_subsample_A_proportional_dolma3_stack_edu_pool0.25_block1,6,olmo_base_eval/easy_bpb/minerva_math_precalculus/bpb,0.9838931951308343,wandb_summary_validated
70,apriori_swarm_070_subsample_A_proportional_dolma3_stack_edu_pool0.25_block1,7,olmo_base_eval/easy_bpb/codex_humaneval/bpb,1.0344103034837204,wandb_summary_validated
70,apriori_swarm_070_subsample_A_proportional_dolma3_stack_edu_pool0.25_block1,8,olmo_base_eval/easy_bpb/mbpp/bpb,1.141746963081946,wandb_summary_validated
70,apriori_swarm_070_subsample_A_proportional_dolma3_stack_edu_pool0.25_block1,9,olmo_base_eval/easy_bpb/mt_mbpp_bash/bpb,1.2724654073711763,wandb_summary_validated
70,apriori_swarm_070_subsample_A_proportional_dolma3_stack_edu_pool0.25_block1,10,olmo_base_eval/easy_bpb/mt_mbpp_c/bpb,0.7306403687546927,wandb_summary_validated
70,apriori_swarm_070_subsample_A_proportional_dolma3_stack_edu_pool0.25_block1,11,olmo_base_eval/easy_bpb/mt_mbpp_cpp/bpb,0.6977322231894773,wandb_summary_validated
70,apriori_swarm_070_subsample_A_proportional_dolma3_stack_edu_pool0.25_block1,12,olmo_base_eval/easy_bpb/mt_mbpp_csharp/bpb,0.5821401435702315,wandb_summary_validated
70,apriori_swarm_070_subsample_A_proportional_dolma3_stack_edu_pool0.25_block1,13,olmo_base_eval/easy_bpb/mt_mbpp_go/bpb,0.8588188992116883,wandb_summary_validated
70,apriori_swarm_070_subsample_A_proportional_dolma3_stack_edu_pool0.25_block1,14,olmo_base_eval/easy_bpb/mt_mbpp_haskell/bpb,1.7463124932323613,wandb_summary_validated
70,apriori_swarm_070_subsample_A_proportional_dolma3_stack_edu_pool0.25_block1,15,olmo_base_eval/easy_bpb/mt_mbpp_java/bpb,0.5134680679520643,wandb_summary_validated
70,apriori_swarm_070_subsample_A_proportional_dolma3_stack_edu_pool0.25_block1,16,olmo_base_eval/easy_bpb/mt_mbpp_javascript/bpb,0.8435925475183158,wandb_summary_validated
70,apriori_swarm_070_subsample_A_proportional_dolma3_stack_edu_pool0.25_block1,17,olmo_base_eval/easy_bpb/mt_mbpp_matlab/bpb,1.2584480706740595,wandb_summary_validated
70,apriori_swarm_070_subsample_A_proportional_dolma3_stack_edu_pool0.25_block1,18,olmo_base_eval/easy_bpb/mt_mbpp_php/bpb,0.7435083683435735,wandb_summary_validated
70,apriori_swarm_070_subsample_A_proportional_dolma3_stack_edu_pool0.25_block1,19,olmo_base_eval/easy_bpb/mt_mbpp_python/bpb,1.1400174399935672,wandb_summary_validated
70,apriori_swarm_070_subsample_A_proportional_dolma3_stack_edu_pool0.25_block1,20,olmo_base_eval/easy_bpb/mt_mbpp_r/bpb,1.2721668504468373,wandb_summary_validated
70,apriori_swarm_070_subsample_A_proportional_dolma3_stack_edu_pool0.25_block1,21,olmo_base_eval/easy_bpb/mt_mbpp_ruby/bpb,1.3010755093667483,wandb_summary_validated
70,apriori_swarm_070_subsample_A_proportional_dolma3_stack_edu_pool0.25_block1,22,olmo_base_eval/easy_bpb/mt_mbpp_rust/bpb,1.158229976152539,wandb_summary_validated
70,apriori_swarm_070_subsample_A_proportional_dolma3_stack_edu_pool0.25_block1,23,olmo_base_eval/easy_bpb/mt_mbpp_scala/bpb,1.3500850794471835,wandb_summary_validated
70,apriori_swarm_070_subsample_A_proportional_dolma3_stack_edu_pool0.25_block1,24,olmo_base_eval/easy_bpb/mt_mbpp_swift/bpb,0.9438220412286216,wandb_summary_validated
70,apriori_swarm_070_subsample_A_proportional_dolma3_stack_edu_pool0.25_block1,25,olmo_base_eval/easy_bpb/mt_mbpp_typescript/bpb,0.7989704079994178,wandb_summary_validated
70,apriori_swarm_070_subsample_A_proportional_dolma3_stack_edu_pool0.25_block1,26,olmo_base_eval/easy_bpb/arc_easy/bpb,1.0810591397009588,wandb_summary_validated
70,apriori_swarm_070_subsample_A_proportional_dolma3_stack_edu_pool0.25_block1,27,olmo_base_eval/easy_bpb/arc_challenge/bpb,1.2187161076953117,wandb_summary_validated
70,apriori_swarm_070_subsample_A_proportional_dolma3_stack_edu_pool0.25_block1,28,mmlu_stem,1.8247950951899963,wandb_summary_validated
70,apriori_swarm_070_subsample_A_proportional_dolma3_stack_edu_pool0.25_block1,29,mmlu_humanities,1.017618177736471,wandb_summary_validated
70,apriori_swarm_070_subsample_A_proportional_dolma3_stack_edu_pool0.25_block1,30,mmlu_social_sciences,1.1878497138749788,wandb_summary_validated
70,apriori_swarm_070_subsample_A_proportional_dolma3_stack_edu_pool0.25_block1,31,mmlu_other,1.3932831875193628,wandb_summary_validated
70,apriori_swarm_070_subsample_A_proportional_dolma3_stack_edu_pool0.25_block1,32,olmo_base_eval/easy_bpb/csqa/bpb,1.438506393966742,wandb_summary_validated
70,apriori_swarm_070_subsample_A_proportional_dolma3_stack_edu_pool0.25_block1,33,olmo_base_eval/easy_bpb/hellaswag/bpb,0.9829559315268245,wandb_summary_validated
70,apriori_swarm_070_subsample_A_proportional_dolma3_stack_edu_pool0.25_block1,34,olmo_base_eval/easy_bpb/winogrande/bpb,1.4250785451346273,wandb_summary_validated
70,apriori_swarm_070_subsample_A_proportional_dolma3_stack_edu_pool0.25_block1,35,olmo_base_eval/easy_bpb/socialiqa/bpb,1.3075417743091833,wandb_summary_validated
70,apriori_swarm_070_subsample_A_proportional_dolma3_stack_edu_pool0.25_block1,36,olmo_base_eval/easy_bpb/piqa/bpb,1.256447039174771,wandb_summary_validated
70,apriori_swarm_070_subsample_A_proportional_dolma3_stack_edu_pool0.25_block1,37,olmo_base_eval/easy_bpb/coqa/bpb,0.829232870872232,wandb_summary_validated
70,apriori_swarm_070_subsample_A_proportional_dolma3_stack_edu_pool0.25_block1,38,olmo_base_eval/easy_bpb/drop/bpb,1.7937722463376977,wandb_summary_validated
70,apriori_swarm_070_subsample_A_proportional_dolma3_stack_edu_pool0.25_block1,39,olmo_base_eval/easy_bpb/jeopardy/bpb,1.5444108123817701,wandb_summary_validated
70,apriori_swarm_070_subsample_A_proportional_dolma3_stack_edu_pool0.25_block1,40,olmo_base_eval/easy_bpb/naturalqs/bpb,1.5812121247456445,wandb_summary_validated
70,apriori_swarm_070_subsample_A_proportional_dolma3_stack_edu_pool0.25_block1,41,olmo_base_eval/easy_bpb/squad/bpb,0.6834491064611019,wandb_summary_validated
70,apriori_swarm_070_subsample_A_proportional_dolma3_stack_edu_pool0.25_block1,42,olmo_base_eval/easy_bpb/sciq/bpb,1.1729890441303132,wandb_summary_validated
70,apriori_swarm_070_subsample_A_proportional_dolma3_stack_edu_pool0.25_block1,43,olmo_base_eval/easy_bpb/basic_skills_arithmetic/bpb,2.3163327145366464,wandb_summary_validated
70,apriori_swarm_070_subsample_A_proportional_dolma3_stack_edu_pool0.25_block1,44,olmo_base_eval/easy_bpb/basic_skills_coding/bpb,1.0597144590492478,wandb_summary_validated
70,apriori_swarm_070_subsample_A_proportional_dolma3_stack_edu_pool0.25_block1,45,olmo_base_eval/easy_bpb/basic_skills_common_knowledge/bpb,1.1751954402753757,wandb_summary_validated
70,apriori_swarm_070_subsample_A_proportional_dolma3_stack_edu_pool0.25_block1,46,olmo_base_eval/easy_bpb/basic_skills_logical_reasoning/bpb,0.45006828055510656,wandb_summary_validated
70,apriori_swarm_070_subsample_A_proportional_dolma3_stack_edu_pool0.25_block1,47,olmo_base_eval/easy_bpb/basic_skills_pattern/bpb,1.6011259481865403,wandb_summary_validated
70,apriori_swarm_070_subsample_A_proportional_dolma3_stack_edu_pool0.25_block1,48,olmo_base_eval/easy_bpb/basic_skills_string_operations/bpb,2.8645506203346423,wandb_summary_validated
70,apriori_swarm_070_subsample_A_proportional_dolma3_stack_edu_pool0.25_block1,49,olmo_base_eval/easy_bpb/lambada/bpb,0.9956301796391164,wandb_summary_validated
70,apriori_swarm_070_subsample_A_proportional_dolma3_stack_edu_pool0.25_block1,50,olmo_base_eval/easy_bpb/medmcqa/bpb,1.8544540497635533,wandb_summary_validated
71,apriori_swarm_071_subsample_A_proportional_cc_high_group_pool0.5_block1,0,olmo_base_eval/easy_bpb/minerva_math_algebra/bpb,1.15472364778817,wandb_summary_validated
71,apriori_swarm_071_subsample_A_proportional_cc_high_group_pool0.5_block1,1,olmo_base_eval/easy_bpb/minerva_math_counting_and_probability/bpb,1.0315812074451898,wandb_summary_validated
71,apriori_swarm_071_subsample_A_proportional_cc_high_group_pool0.5_block1,2,olmo_base_eval/easy_bpb/minerva_math_geometry/bpb,1.1807689264781847,wandb_summary_validated
71,apriori_swarm_071_subsample_A_proportional_cc_high_group_pool0.5_block1,3,olmo_base_eval/easy_bpb/minerva_math_intermediate_algebra/bpb,1.1225294693629198,wandb_summary_validated
71,apriori_swarm_071_subsample_A_proportional_cc_high_group_pool0.5_block1,4,olmo_base_eval/easy_bpb/minerva_math_number_theory/bpb,1.1278261266008394,wandb_summary_validated
71,apriori_swarm_071_subsample_A_proportional_cc_high_group_pool0.5_block1,5,olmo_base_eval/easy_bpb/minerva_math_prealgebra/bpb,1.0620022261308457,wandb_summary_validated
71,apriori_swarm_071_subsample_A_proportional_cc_high_group_pool0.5_block1,6,olmo_base_eval/easy_bpb/minerva_math_precalculus/bpb,0.9824609609840897,wandb_summary_validated
71,apriori_swarm_071_subsample_A_proportional_cc_high_group_pool0.5_block1,7,olmo_base_eval/easy_bpb/codex_humaneval/bpb,0.9886304747261779,wandb_summary_validated
71,apriori_swarm_071_subsample_A_proportional_cc_high_group_pool0.5_block1,8,olmo_base_eval/easy_bpb/mbpp/bpb,1.1375543308279763,wandb_summary_validated
71,apriori_swarm_071_subsample_A_proportional_cc_high_group_pool0.5_block1,9,olmo_base_eval/easy_bpb/mt_mbpp_bash/bpb,1.2474484884739327,wandb_summary_validated
71,apriori_swarm_071_subsample_A_proportional_cc_high_group_pool0.5_block1,10,olmo_base_eval/easy_bpb/mt_mbpp_c/bpb,0.7231214121583686,wandb_summary_validated
71,apriori_swarm_071_subsample_A_proportional_cc_high_group_pool0.5_block1,11,olmo_base_eval/easy_bpb/mt_mbpp_cpp/bpb,0.7051902581886124,wandb_summary_validated
71,apriori_swarm_071_subsample_A_proportional_cc_high_group_pool0.5_block1,12,olmo_base_eval/easy_bpb/mt_mbpp_csharp/bpb,0.5744159071323376,wandb_summary_validated
71,apriori_swarm_071_subsample_A_proportional_cc_high_group_pool0.5_block1,13,olmo_base_eval/easy_bpb/mt_mbpp_go/bpb,0.8470561362458824,wandb_summary_validated
71,apriori_swarm_071_subsample_A_proportional_cc_high_group_pool0.5_block1,14,olmo_base_eval/easy_bpb/mt_mbpp_haskell/bpb,1.7469136311754165,wandb_summary_validated
71,apriori_swarm_071_subsample_A_proportional_cc_high_group_pool0.5_block1,15,olmo_base_eval/easy_bpb/mt_mbpp_java/bpb,0.5181816634172465,wandb_summary_validated
71,apriori_swarm_071_subsample_A_proportional_cc_high_group_pool0.5_block1,16,olmo_base_eval/easy_bpb/mt_mbpp_javascript/bpb,0.8423769852363917,wandb_summary_validated
71,apriori_swarm_071_subsample_A_proportional_cc_high_group_pool0.5_block1,17,olmo_base_eval/easy_bpb/mt_mbpp_matlab/bpb,1.2568447146787238,wandb_summary_validated
71,apriori_swarm_071_subsample_A_proportional_cc_high_group_pool0.5_block1,18,olmo_base_eval/easy_bpb/mt_mbpp_php/bpb,0.7554143404516028,wandb_summary_validated
71,apriori_swarm_071_subsample_A_proportional_cc_high_group_pool0.5_block1,19,olmo_base_eval/easy_bpb/mt_mbpp_python/bpb,1.1376312594843023,wandb_summary_validated
71,apriori_swarm_071_subsample_A_proportional_cc_high_group_pool0.5_block1,20,olmo_base_eval/easy_bpb/mt_mbpp_r/bpb,1.2646794891673596,wandb_summary_validated
71,apriori_swarm_071_subsample_A_proportional_cc_high_group_pool0.5_block1,21,olmo_base_eval/easy_bpb/mt_mbpp_ruby/bpb,1.2605092150673805,wandb_summary_validated
71,apriori_swarm_071_subsample_A_proportional_cc_high_group_pool0.5_block1,22,olmo_base_eval/easy_bpb/mt_mbpp_rust/bpb,1.1557237076819775,wandb_summary_validated
71,apriori_swarm_071_subsample_A_proportional_cc_high_group_pool0.5_block1,23,olmo_base_eval/easy_bpb/mt_mbpp_scala/bpb,1.3380946476259998,wandb_summary_validated
71,apriori_swarm_071_subsample_A_proportional_cc_high_group_pool0.5_block1,24,olmo_base_eval/easy_bpb/mt_mbpp_swift/bpb,0.9646350133288468,wandb_summary_validated
71,apriori_swarm_071_subsample_A_proportional_cc_high_group_pool0.5_block1,25,olmo_base_eval/easy_bpb/mt_mbpp_typescript/bpb,0.8103916264809822,wandb_summary_validated
71,apriori_swarm_071_subsample_A_proportional_cc_high_group_pool0.5_block1,26,olmo_base_eval/easy_bpb/arc_easy/bpb,1.0970701056037295,wandb_summary_validated
71,apriori_swarm_071_subsample_A_proportional_cc_high_group_pool0.5_block1,27,olmo_base_eval/easy_bpb/arc_challenge/bpb,1.2515683495797805,wandb_summary_validated
71,apriori_swarm_071_subsample_A_proportional_cc_high_group_pool0.5_block1,28,mmlu_stem,1.837778363504383,wandb_summary_validated
71,apriori_swarm_071_subsample_A_proportional_cc_high_group_pool0.5_block1,29,mmlu_humanities,1.034379823609914,wandb_summary_validated
71,apriori_swarm_071_subsample_A_proportional_cc_high_group_pool0.5_block1,30,mmlu_social_sciences,1.1820322614492103,wandb_summary_validated
71,apriori_swarm_071_subsample_A_proportional_cc_high_group_pool0.5_block1,31,mmlu_other,1.4080046360908638,wandb_summary_validated
71,apriori_swarm_071_subsample_A_proportional_cc_high_group_pool0.5_block1,32,olmo_base_eval/easy_bpb/csqa/bpb,1.4329061526195241,wandb_summary_validated
71,apriori_swarm_071_subsample_A_proportional_cc_high_group_pool0.5_block1,33,olmo_base_eval/easy_bpb/hellaswag/bpb,0.9853522782833636,wandb_summary_validated
71,apriori_swarm_071_subsample_A_proportional_cc_high_group_pool0.5_block1,34,olmo_base_eval/easy_bpb/winogrande/bpb,1.4303879508983255,wandb_summary_validated
71,apriori_swarm_071_subsample_A_proportional_cc_high_group_pool0.5_block1,35,olmo_base_eval/easy_bpb/socialiqa/bpb,1.3291875412770586,wandb_summary_validated
71,apriori_swarm_071_subsample_A_proportional_cc_high_group_pool0.5_block1,36,olmo_base_eval/easy_bpb/piqa/bpb,1.2730597578432787,wandb_summary_validated
71,apriori_swarm_071_subsample_A_proportional_cc_high_group_pool0.5_block1,37,olmo_base_eval/easy_bpb/coqa/bpb,0.8267245928337499,wandb_summary_validated
71,apriori_swarm_071_subsample_A_proportional_cc_high_group_pool0.5_block1,38,olmo_base_eval/easy_bpb/drop/bpb,1.844235884920215,wandb_summary_validated
71,apriori_swarm_071_subsample_A_proportional_cc_high_group_pool0.5_block1,39,olmo_base_eval/easy_bpb/jeopardy/bpb,1.580278432155327,wandb_summary_validated
71,apriori_swarm_071_subsample_A_proportional_cc_high_group_pool0.5_block1,40,olmo_base_eval/easy_bpb/naturalqs/bpb,1.5929793736509381,wandb_summary_validated
71,apriori_swarm_071_subsample_A_proportional_cc_high_group_pool0.5_block1,41,olmo_base_eval/easy_bpb/squad/bpb,0.6093862454563141,wandb_summary_validated
71,apriori_swarm_071_subsample_A_proportional_cc_high_group_pool0.5_block1,42,olmo_base_eval/easy_bpb/sciq/bpb,1.1651457129393417,wandb_summary_validated
71,apriori_swarm_071_subsample_A_proportional_cc_high_group_pool0.5_block1,43,olmo_base_eval/easy_bpb/basic_skills_arithmetic/bpb,2.341020134275759,wandb_summary_validated
71,apriori_swarm_071_subsample_A_proportional_cc_high_group_pool0.5_block1,44,olmo_base_eval/easy_bpb/basic_skills_coding/bpb,1.076186154466299,wandb_summary_validated
71,apriori_swarm_071_subsample_A_proportional_cc_high_group_pool0.5_block1,45,olmo_base_eval/easy_bpb/basic_skills_common_knowledge/bpb,1.0973707506002892,wandb_summary_validated
71,apriori_swarm_071_subsample_A_proportional_cc_high_group_pool0.5_block1,46,olmo_base_eval/easy_bpb/basic_skills_logical_reasoning/bpb,0.46777350553051955,wandb_summary_validated
71,apriori_swarm_071_subsample_A_proportional_cc_high_group_pool0.5_block1,47,olmo_base_eval/easy_bpb/basic_skills_pattern/bpb,1.536889360155341,wandb_summary_validated
71,apriori_swarm_071_subsample_A_proportional_cc_high_group_pool0.5_block1,48,olmo_base_eval/easy_bpb/basic_skills_string_operations/bpb,2.984877274713447,wandb_summary_validated
71,apriori_swarm_071_subsample_A_proportional_cc_high_group_pool0.5_block1,49,olmo_base_eval/easy_bpb/lambada/bpb,0.9953236200060598,wandb_summary_validated
71,apriori_swarm_071_subsample_A_proportional_cc_high_group_pool0.5_block1,50,olmo_base_eval/easy_bpb/medmcqa/bpb,1.8616476540993916,wandb_summary_validated
72,apriori_swarm_072_subsample_A_proportional_cc_high_group_pool0.25_block1,0,olmo_base_eval/easy_bpb/minerva_math_algebra/bpb,1.1515882601913334,wandb_summary_validated
72,apriori_swarm_072_subsample_A_proportional_cc_high_group_pool0.25_block1,1,olmo_base_eval/easy_bpb/minerva_math_counting_and_probability/bpb,1.0273064872264923,wandb_summary_validated
72,apriori_swarm_072_subsample_A_proportional_cc_high_group_pool0.25_block1,2,olmo_base_eval/easy_bpb/minerva_math_geometry/bpb,1.1866469952111203,wandb_summary_validated
72,apriori_swarm_072_subsample_A_proportional_cc_high_group_pool0.25_block1,3,olmo_base_eval/easy_bpb/minerva_math_intermediate_algebra/bpb,1.1263435937786899,wandb_summary_validated
72,apriori_swarm_072_subsample_A_proportional_cc_high_group_pool0.25_block1,4,olmo_base_eval/easy_bpb/minerva_math_number_theory/bpb,1.1248010708587588,wandb_summary_validated
72,apriori_swarm_072_subsample_A_proportional_cc_high_group_pool0.25_block1,5,olmo_base_eval/easy_bpb/minerva_math_prealgebra/bpb,1.0568730883445228,wandb_summary_validated
72,apriori_swarm_072_subsample_A_proportional_cc_high_group_pool0.25_block1,6,olmo_base_eval/easy_bpb/minerva_math_precalculus/bpb,0.9834782678080689,wandb_summary_validated
72,apriori_swarm_072_subsample_A_proportional_cc_high_group_pool0.25_block1,7,olmo_base_eval/easy_bpb/codex_humaneval/bpb,1.0142269120961076,wandb_summary_validated
72,apriori_swarm_072_subsample_A_proportional_cc_high_group_pool0.25_block1,8,olmo_base_eval/easy_bpb/mbpp/bpb,1.1435211630003503,wandb_summary_validated
72,apriori_swarm_072_subsample_A_proportional_cc_high_group_pool0.25_block1,9,olmo_base_eval/easy_bpb/mt_mbpp_bash/bpb,1.2511757962841124,wandb_summary_validated
72,apriori_swarm_072_subsample_A_proportional_cc_high_group_pool0.25_block1,10,olmo_base_eval/easy_bpb/mt_mbpp_c/bpb,0.7211305230178313,wandb_summary_validated
72,apriori_swarm_072_subsample_A_proportional_cc_high_group_pool0.25_block1,11,olmo_base_eval/easy_bpb/mt_mbpp_cpp/bpb,0.6947051341498975,wandb_summary_validated
72,apriori_swarm_072_subsample_A_proportional_cc_high_group_pool0.25_block1,12,olmo_base_eval/easy_bpb/mt_mbpp_csharp/bpb,0.5801331628723472,wandb_summary_validated
72,apriori_swarm_072_subsample_A_proportional_cc_high_group_pool0.25_block1,13,olmo_base_eval/easy_bpb/mt_mbpp_go/bpb,0.8636081594720061,wandb_summary_validated
72,apriori_swarm_072_subsample_A_proportional_cc_high_group_pool0.25_block1,14,olmo_base_eval/easy_bpb/mt_mbpp_haskell/bpb,1.7269759043672204,wandb_summary_validated
72,apriori_swarm_072_subsample_A_proportional_cc_high_group_pool0.25_block1,15,olmo_base_eval/easy_bpb/mt_mbpp_java/bpb,0.5186491252001557,wandb_summary_validated
72,apriori_swarm_072_subsample_A_proportional_cc_high_group_pool0.25_block1,16,olmo_base_eval/easy_bpb/mt_mbpp_javascript/bpb,0.8430244498812007,wandb_summary_validated
72,apriori_swarm_072_subsample_A_proportional_cc_high_group_pool0.25_block1,17,olmo_base_eval/easy_bpb/mt_mbpp_matlab/bpb,1.246488336704837,wandb_summary_validated
72,apriori_swarm_072_subsample_A_proportional_cc_high_group_pool0.25_block1,18,olmo_base_eval/easy_bpb/mt_mbpp_php/bpb,0.7433463905667791,wandb_summary_validated
72,apriori_swarm_072_subsample_A_proportional_cc_high_group_pool0.25_block1,19,olmo_base_eval/easy_bpb/mt_mbpp_python/bpb,1.1417908916231259,wandb_summary_validated
72,apriori_swarm_072_subsample_A_proportional_cc_high_group_pool0.25_block1,20,olmo_base_eval/easy_bpb/mt_mbpp_r/bpb,1.2494975257812753,wandb_summary_validated
72,apriori_swarm_072_subsample_A_proportional_cc_high_group_pool0.25_block1,21,olmo_base_eval/easy_bpb/mt_mbpp_ruby/bpb,1.2618785053390194,wandb_summary_validated
72,apriori_swarm_072_subsample_A_proportional_cc_high_group_pool0.25_block1,22,olmo_base_eval/easy_bpb/mt_mbpp_rust/bpb,1.1590269355843035,wandb_summary_validated
72,apriori_swarm_072_subsample_A_proportional_cc_high_group_pool0.25_block1,23,olmo_base_eval/easy_bpb/mt_mbpp_scala/bpb,1.3374266729053332,wandb_summary_validated
72,apriori_swarm_072_subsample_A_proportional_cc_high_group_pool0.25_block1,24,olmo_base_eval/easy_bpb/mt_mbpp_swift/bpb,0.9772850909411733,wandb_summary_validated
72,apriori_swarm_072_subsample_A_proportional_cc_high_group_pool0.25_block1,25,olmo_base_eval/easy_bpb/mt_mbpp_typescript/bpb,0.8043558827979154,wandb_summary_validated
72,apriori_swarm_072_subsample_A_proportional_cc_high_group_pool0.25_block1,26,olmo_base_eval/easy_bpb/arc_easy/bpb,1.0952138431494793,wandb_summary_validated
72,apriori_swarm_072_subsample_A_proportional_cc_high_group_pool0.25_block1,27,olmo_base_eval/easy_bpb/arc_challenge/bpb,1.233701748344832,wandb_summary_validated
72,apriori_swarm_072_subsample_A_proportional_cc_high_group_pool0.25_block1,28,mmlu_stem,1.8438389397093977,wandb_summary_validated
72,apriori_swarm_072_subsample_A_proportional_cc_high_group_pool0.25_block1,29,mmlu_humanities,1.0384014749107349,wandb_summary_validated
72,apriori_swarm_072_subsample_A_proportional_cc_high_group_pool0.25_block1,30,mmlu_social_sciences,1.184958088129899,wandb_summary_validated
72,apriori_swarm_072_subsample_A_proportional_cc_high_group_pool0.25_block1,31,mmlu_other,1.397212785328578,wandb_summary_validated
72,apriori_swarm_072_subsample_A_proportional_cc_high_group_pool0.25_block1,32,olmo_base_eval/easy_bpb/csqa/bpb,1.4005926779356124,wandb_summary_validated
72,apriori_swarm_072_subsample_A_proportional_cc_high_group_pool0.25_block1,33,olmo_base_eval/easy_bpb/hellaswag/bpb,0.9854262258863206,wandb_summary_validated
72,apriori_swarm_072_subsample_A_proportional_cc_high_group_pool0.25_block1,34,olmo_base_eval/easy_bpb/winogrande/bpb,1.4331918137859203,wandb_summary_validated
72,apriori_swarm_072_subsample_A_proportional_cc_high_group_pool0.25_block1,35,olmo_base_eval/easy_bpb/socialiqa/bpb,1.2997584933957018,wandb_summary_validated
72,apriori_swarm_072_subsample_A_proportional_cc_high_group_pool0.25_block1,36,olmo_base_eval/easy_bpb/piqa/bpb,1.2720813795769883,wandb_summary_validated
72,apriori_swarm_072_subsample_A_proportional_cc_high_group_pool0.25_block1,37,olmo_base_eval/easy_bpb/coqa/bpb,0.7577940745986661,wandb_summary_validated
72,apriori_swarm_072_subsample_A_proportional_cc_high_group_pool0.25_block1,38,olmo_base_eval/easy_bpb/drop/bpb,1.8428600459248174,wandb_summary_validated
72,apriori_swarm_072_subsample_A_proportional_cc_high_group_pool0.25_block1,39,olmo_base_eval/easy_bpb/jeopardy/bpb,1.569035161698961,wandb_summary_validated
72,apriori_swarm_072_subsample_A_proportional_cc_high_group_pool0.25_block1,40,olmo_base_eval/easy_bpb/naturalqs/bpb,1.6120344578259538,wandb_summary_validated
72,apriori_swarm_072_subsample_A_proportional_cc_high_group_pool0.25_block1,41,olmo_base_eval/easy_bpb/squad/bpb,0.6326955512525179,wandb_summary_validated
72,apriori_swarm_072_subsample_A_proportional_cc_high_group_pool0.25_block1,42,olmo_base_eval/easy_bpb/sciq/bpb,1.15710109816332,wandb_summary_validated
72,apriori_swarm_072_subsample_A_proportional_cc_high_group_pool0.25_block1,43,olmo_base_eval/easy_bpb/basic_skills_arithmetic/bpb,2.2952261227386845,wandb_summary_validated
72,apriori_swarm_072_subsample_A_proportional_cc_high_group_pool0.25_block1,44,olmo_base_eval/easy_bpb/basic_skills_coding/bpb,1.0786031768261093,wandb_summary_validated
72,apriori_swarm_072_subsample_A_proportional_cc_high_group_pool0.25_block1,45,olmo_base_eval/easy_bpb/basic_skills_common_knowledge/bpb,1.1875933552499138,wandb_summary_validated
72,apriori_swarm_072_subsample_A_proportional_cc_high_group_pool0.25_block1,46,olmo_base_eval/easy_bpb/basic_skills_logical_reasoning/bpb,0.4430923334875155,wandb_summary_validated
72,apriori_swarm_072_subsample_A_proportional_cc_high_group_pool0.25_block1,47,olmo_base_eval/easy_bpb/basic_skills_pattern/bpb,1.5836944404677111,wandb_summary_validated
72,apriori_swarm_072_subsample_A_proportional_cc_high_group_pool0.25_block1,48,olmo_base_eval/easy_bpb/basic_skills_string_operations/bpb,3.0164814887185596,wandb_summary_validated
72,apriori_swarm_072_subsample_A_proportional_cc_high_group_pool0.25_block1,49,olmo_base_eval/easy_bpb/lambada/bpb,0.9749656578631213,wandb_summary_validated
72,apriori_swarm_072_subsample_A_proportional_cc_high_group_pool0.25_block1,50,olmo_base_eval/easy_bpb/medmcqa/bpb,1.8724890502208447,wandb_summary_validated
73,apriori_swarm_073_subsample_B_small_pools_forward_dolmino_synth_qa_pool0.5_block1,0,olmo_base_eval/easy_bpb/minerva_math_algebra/bpb,1.0637182112295924,wandb_summary_validated
73,apriori_swarm_073_subsample_B_small_pools_forward_dolmino_synth_qa_pool0.5_block1,1,olmo_base_eval/easy_bpb/minerva_math_counting_and_probability/bpb,0.965177293975201,wandb_summary_validated
73,apriori_swarm_073_subsample_B_small_pools_forward_dolmino_synth_qa_pool0.5_block1,2,olmo_base_eval/easy_bpb/minerva_math_geometry/bpb,1.1041243992662644,wandb_summary_validated
73,apriori_swarm_073_subsample_B_small_pools_forward_dolmino_synth_qa_pool0.5_block1,3,olmo_base_eval/easy_bpb/minerva_math_intermediate_algebra/bpb,1.0353958981931357,wandb_summary_validated
73,apriori_swarm_073_subsample_B_small_pools_forward_dolmino_synth_qa_pool0.5_block1,4,olmo_base_eval/easy_bpb/minerva_math_number_theory/bpb,1.0548650560329973,wandb_summary_validated
73,apriori_swarm_073_subsample_B_small_pools_forward_dolmino_synth_qa_pool0.5_block1,5,olmo_base_eval/easy_bpb/minerva_math_prealgebra/bpb,0.9855326520395674,wandb_summary_validated
73,apriori_swarm_073_subsample_B_small_pools_forward_dolmino_synth_qa_pool0.5_block1,6,olmo_base_eval/easy_bpb/minerva_math_precalculus/bpb,0.9052890808365576,wandb_summary_validated
73,apriori_swarm_073_subsample_B_small_pools_forward_dolmino_synth_qa_pool0.5_block1,7,olmo_base_eval/easy_bpb/codex_humaneval/bpb,0.9441771642568275,wandb_summary_validated
73,apriori_swarm_073_subsample_B_small_pools_forward_dolmino_synth_qa_pool0.5_block1,8,olmo_base_eval/easy_bpb/mbpp/bpb,1.0967570035778405,wandb_summary_validated
73,apriori_swarm_073_subsample_B_small_pools_forward_dolmino_synth_qa_pool0.5_block1,9,olmo_base_eval/easy_bpb/mt_mbpp_bash/bpb,1.2069815422241872,wandb_summary_validated
73,apriori_swarm_073_subsample_B_small_pools_forward_dolmino_synth_qa_pool0.5_block1,10,olmo_base_eval/easy_bpb/mt_mbpp_c/bpb,0.6961804465560408,wandb_summary_validated
73,apriori_swarm_073_subsample_B_small_pools_forward_dolmino_synth_qa_pool0.5_block1,11,olmo_base_eval/easy_bpb/mt_mbpp_cpp/bpb,0.6696334541102351,wandb_summary_validated
73,apriori_swarm_073_subsample_B_small_pools_forward_dolmino_synth_qa_pool0.5_block1,12,olmo_base_eval/easy_bpb/mt_mbpp_csharp/bpb,0.5535385917642328,wandb_summary_validated
73,apriori_swarm_073_subsample_B_small_pools_forward_dolmino_synth_qa_pool0.5_block1,13,olmo_base_eval/easy_bpb/mt_mbpp_go/bpb,0.8260180456601762,wandb_summary_validated
73,apriori_swarm_073_subsample_B_small_pools_forward_dolmino_synth_qa_pool0.5_block1,14,olmo_base_eval/easy_bpb/mt_mbpp_haskell/bpb,1.6339521306332594,wandb_summary_validated
73,apriori_swarm_073_subsample_B_small_pools_forward_dolmino_synth_qa_pool0.5_block1,15,olmo_base_eval/easy_bpb/mt_mbpp_java/bpb,0.5041698184711177,wandb_summary_validated
73,apriori_swarm_073_subsample_B_small_pools_forward_dolmino_synth_qa_pool0.5_block1,16,olmo_base_eval/easy_bpb/mt_mbpp_javascript/bpb,0.8071347508353146,wandb_summary_validated
73,apriori_swarm_073_subsample_B_small_pools_forward_dolmino_synth_qa_pool0.5_block1,17,olmo_base_eval/easy_bpb/mt_mbpp_matlab/bpb,1.1938844406972349,wandb_summary_validated
73,apriori_swarm_073_subsample_B_small_pools_forward_dolmino_synth_qa_pool0.5_block1,18,olmo_base_eval/easy_bpb/mt_mbpp_php/bpb,0.7093378039002919,wandb_summary_validated
73,apriori_swarm_073_subsample_B_small_pools_forward_dolmino_synth_qa_pool0.5_block1,19,olmo_base_eval/easy_bpb/mt_mbpp_python/bpb,1.0957177822654895,wandb_summary_validated
73,apriori_swarm_073_subsample_B_small_pools_forward_dolmino_synth_qa_pool0.5_block1,20,olmo_base_eval/easy_bpb/mt_mbpp_r/bpb,1.1954043627848283,wandb_summary_validated
73,apriori_swarm_073_subsample_B_small_pools_forward_dolmino_synth_qa_pool0.5_block1,21,olmo_base_eval/easy_bpb/mt_mbpp_ruby/bpb,1.2301309608192634,wandb_summary_validated
73,apriori_swarm_073_subsample_B_small_pools_forward_dolmino_synth_qa_pool0.5_block1,22,olmo_base_eval/easy_bpb/mt_mbpp_rust/bpb,1.104969685850244,wandb_summary_validated
73,apriori_swarm_073_subsample_B_small_pools_forward_dolmino_synth_qa_pool0.5_block1,23,olmo_base_eval/easy_bpb/mt_mbpp_scala/bpb,1.2547795161661652,wandb_summary_validated
73,apriori_swarm_073_subsample_B_small_pools_forward_dolmino_synth_qa_pool0.5_block1,24,olmo_base_eval/easy_bpb/mt_mbpp_swift/bpb,0.9269259515184041,wandb_summary_validated
73,apriori_swarm_073_subsample_B_small_pools_forward_dolmino_synth_qa_pool0.5_block1,25,olmo_base_eval/easy_bpb/mt_mbpp_typescript/bpb,0.7600589994805742,wandb_summary_validated
73,apriori_swarm_073_subsample_B_small_pools_forward_dolmino_synth_qa_pool0.5_block1,26,olmo_base_eval/easy_bpb/arc_easy/bpb,1.0676780322708408,wandb_summary_validated
73,apriori_swarm_073_subsample_B_small_pools_forward_dolmino_synth_qa_pool0.5_block1,27,olmo_base_eval/easy_bpb/arc_challenge/bpb,1.2095761467529482,wandb_summary_validated
73,apriori_swarm_073_subsample_B_small_pools_forward_dolmino_synth_qa_pool0.5_block1,28,mmlu_stem,1.7857193414998975,wandb_summary_validated
73,apriori_swarm_073_subsample_B_small_pools_forward_dolmino_synth_qa_pool0.5_block1,29,mmlu_humanities,0.9957863235339977,wandb_summary_validated
73,apriori_swarm_073_subsample_B_small_pools_forward_dolmino_synth_qa_pool0.5_block1,30,mmlu_social_sciences,1.1620829151978067,wandb_summary_validated
73,apriori_swarm_073_subsample_B_small_pools_forward_dolmino_synth_qa_pool0.5_block1,31,mmlu_other,1.3894201659995709,wandb_summary_validated
73,apriori_swarm_073_subsample_B_small_pools_forward_dolmino_synth_qa_pool0.5_block1,32,olmo_base_eval/easy_bpb/csqa/bpb,1.4376704488474872,wandb_summary_validated
73,apriori_swarm_073_subsample_B_small_pools_forward_dolmino_synth_qa_pool0.5_block1,33,olmo_base_eval/easy_bpb/hellaswag/bpb,0.9803487653846518,wandb_summary_validated
73,apriori_swarm_073_subsample_B_small_pools_forward_dolmino_synth_qa_pool0.5_block1,34,olmo_base_eval/easy_bpb/winogrande/bpb,1.4327840440906756,wandb_summary_validated
73,apriori_swarm_073_subsample_B_small_pools_forward_dolmino_synth_qa_pool0.5_block1,35,olmo_base_eval/easy_bpb/socialiqa/bpb,1.2920247857169602,wandb_summary_validated
73,apriori_swarm_073_subsample_B_small_pools_forward_dolmino_synth_qa_pool0.5_block1,36,olmo_base_eval/easy_bpb/piqa/bpb,1.2625251774740087,wandb_summary_validated
73,apriori_swarm_073_subsample_B_small_pools_forward_dolmino_synth_qa_pool0.5_block1,37,olmo_base_eval/easy_bpb/coqa/bpb,0.8325870421235213,wandb_summary_validated
73,apriori_swarm_073_subsample_B_small_pools_forward_dolmino_synth_qa_pool0.5_block1,38,olmo_base_eval/easy_bpb/drop/bpb,1.8089820770710423,wandb_summary_validated
73,apriori_swarm_073_subsample_B_small_pools_forward_dolmino_synth_qa_pool0.5_block1,39,olmo_base_eval/easy_bpb/jeopardy/bpb,1.5697000246936896,wandb_summary_validated
73,apriori_swarm_073_subsample_B_small_pools_forward_dolmino_synth_qa_pool0.5_block1,40,olmo_base_eval/easy_bpb/naturalqs/bpb,1.6202790188689755,wandb_summary_validated
73,apriori_swarm_073_subsample_B_small_pools_forward_dolmino_synth_qa_pool0.5_block1,41,olmo_base_eval/easy_bpb/squad/bpb,0.5934742763824339,wandb_summary_validated
73,apriori_swarm_073_subsample_B_small_pools_forward_dolmino_synth_qa_pool0.5_block1,42,olmo_base_eval/easy_bpb/sciq/bpb,1.147747694544877,wandb_summary_validated
73,apriori_swarm_073_subsample_B_small_pools_forward_dolmino_synth_qa_pool0.5_block1,43,olmo_base_eval/easy_bpb/basic_skills_arithmetic/bpb,2.217141328393097,wandb_summary_validated
73,apriori_swarm_073_subsample_B_small_pools_forward_dolmino_synth_qa_pool0.5_block1,44,olmo_base_eval/easy_bpb/basic_skills_coding/bpb,0.9668219593558712,wandb_summary_validated
73,apriori_swarm_073_subsample_B_small_pools_forward_dolmino_synth_qa_pool0.5_block1,45,olmo_base_eval/easy_bpb/basic_skills_common_knowledge/bpb,1.188638074165377,wandb_summary_validated
73,apriori_swarm_073_subsample_B_small_pools_forward_dolmino_synth_qa_pool0.5_block1,46,olmo_base_eval/easy_bpb/basic_skills_logical_reasoning/bpb,0.4387448813909163,wandb_summary_validated
73,apriori_swarm_073_subsample_B_small_pools_forward_dolmino_synth_qa_pool0.5_block1,47,olmo_base_eval/easy_bpb/basic_skills_pattern/bpb,1.6056225181465176,wandb_summary_validated
73,apriori_swarm_073_subsample_B_small_pools_forward_dolmino_synth_qa_pool0.5_block1,48,olmo_base_eval/easy_bpb/basic_skills_string_operations/bpb,2.9407984778194947,wandb_summary_validated
73,apriori_swarm_073_subsample_B_small_pools_forward_dolmino_synth_qa_pool0.5_block1,49,olmo_base_eval/easy_bpb/lambada/bpb,0.9810084314573905,wandb_summary_validated
73,apriori_swarm_073_subsample_B_small_pools_forward_dolmino_synth_qa_pool0.5_block1,50,olmo_base_eval/easy_bpb/medmcqa/bpb,1.8626868263183514,wandb_summary_validated
74,apriori_swarm_074_subsample_B_small_pools_forward_dolmino_synth_qa_pool0.25_block1,0,olmo_base_eval/easy_bpb/minerva_math_algebra/bpb,1.0744573756194993,wandb_summary_validated
74,apriori_swarm_074_subsample_B_small_pools_forward_dolmino_synth_qa_pool0.25_block1,1,olmo_base_eval/easy_bpb/minerva_math_counting_and_probability/bpb,0.9771112432621605,wandb_summary_validated
74,apriori_swarm_074_subsample_B_small_pools_forward_dolmino_synth_qa_pool0.25_block1,2,olmo_base_eval/easy_bpb/minerva_math_geometry/bpb,1.1112195795526454,wandb_summary_validated
74,apriori_swarm_074_subsample_B_small_pools_forward_dolmino_synth_qa_pool0.25_block1,3,olmo_base_eval/easy_bpb/minerva_math_intermediate_algebra/bpb,1.0458608909126597,wandb_summary_validated
74,apriori_swarm_074_subsample_B_small_pools_forward_dolmino_synth_qa_pool0.25_block1,4,olmo_base_eval/easy_bpb/minerva_math_number_theory/bpb,1.0654191300144962,wandb_summary_validated
74,apriori_swarm_074_subsample_B_small_pools_forward_dolmino_synth_qa_pool0.25_block1,5,olmo_base_eval/easy_bpb/minerva_math_prealgebra/bpb,0.9930999560633106,wandb_summary_validated
74,apriori_swarm_074_subsample_B_small_pools_forward_dolmino_synth_qa_pool0.25_block1,6,olmo_base_eval/easy_bpb/minerva_math_precalculus/bpb,0.9129015945784791,wandb_summary_validated
74,apriori_swarm_074_subsample_B_small_pools_forward_dolmino_synth_qa_pool0.25_block1,7,olmo_base_eval/easy_bpb/codex_humaneval/bpb,0.9480642931441496,wandb_summary_validated
74,apriori_swarm_074_subsample_B_small_pools_forward_dolmino_synth_qa_pool0.25_block1,8,olmo_base_eval/easy_bpb/mbpp/bpb,1.095690492635997,wandb_summary_validated
74,apriori_swarm_074_subsample_B_small_pools_forward_dolmino_synth_qa_pool0.25_block1,9,olmo_base_eval/easy_bpb/mt_mbpp_bash/bpb,1.228366060205096,wandb_summary_validated
74,apriori_swarm_074_subsample_B_small_pools_forward_dolmino_synth_qa_pool0.25_block1,10,olmo_base_eval/easy_bpb/mt_mbpp_c/bpb,0.6984142264514226,wandb_summary_validated
74,apriori_swarm_074_subsample_B_small_pools_forward_dolmino_synth_qa_pool0.25_block1,11,olmo_base_eval/easy_bpb/mt_mbpp_cpp/bpb,0.679025092057396,wandb_summary_validated
74,apriori_swarm_074_subsample_B_small_pools_forward_dolmino_synth_qa_pool0.25_block1,12,olmo_base_eval/easy_bpb/mt_mbpp_csharp/bpb,0.5561334706103679,wandb_summary_validated
74,apriori_swarm_074_subsample_B_small_pools_forward_dolmino_synth_qa_pool0.25_block1,13,olmo_base_eval/easy_bpb/mt_mbpp_go/bpb,0.8175389266084602,wandb_summary_validated
74,apriori_swarm_074_subsample_B_small_pools_forward_dolmino_synth_qa_pool0.25_block1,14,olmo_base_eval/easy_bpb/mt_mbpp_haskell/bpb,1.6622420764583183,wandb_summary_validated
74,apriori_swarm_074_subsample_B_small_pools_forward_dolmino_synth_qa_pool0.25_block1,15,olmo_base_eval/easy_bpb/mt_mbpp_java/bpb,0.5031442505058206,wandb_summary_validated
74,apriori_swarm_074_subsample_B_small_pools_forward_dolmino_synth_qa_pool0.25_block1,16,olmo_base_eval/easy_bpb/mt_mbpp_javascript/bpb,0.8220248135281504,wandb_summary_validated
74,apriori_swarm_074_subsample_B_small_pools_forward_dolmino_synth_qa_pool0.25_block1,17,olmo_base_eval/easy_bpb/mt_mbpp_matlab/bpb,1.177833664160354,wandb_summary_validated
74,apriori_swarm_074_subsample_B_small_pools_forward_dolmino_synth_qa_pool0.25_block1,18,olmo_base_eval/easy_bpb/mt_mbpp_php/bpb,0.7173561131074699,wandb_summary_validated
74,apriori_swarm_074_subsample_B_small_pools_forward_dolmino_synth_qa_pool0.25_block1,19,olmo_base_eval/easy_bpb/mt_mbpp_python/bpb,1.0946883496425075,wandb_summary_validated
74,apriori_swarm_074_subsample_B_small_pools_forward_dolmino_synth_qa_pool0.25_block1,20,olmo_base_eval/easy_bpb/mt_mbpp_r/bpb,1.196136331742768,wandb_summary_validated
74,apriori_swarm_074_subsample_B_small_pools_forward_dolmino_synth_qa_pool0.25_block1,21,olmo_base_eval/easy_bpb/mt_mbpp_ruby/bpb,1.223464321618476,wandb_summary_validated
74,apriori_swarm_074_subsample_B_small_pools_forward_dolmino_synth_qa_pool0.25_block1,22,olmo_base_eval/easy_bpb/mt_mbpp_rust/bpb,1.1020561120221017,wandb_summary_validated
74,apriori_swarm_074_subsample_B_small_pools_forward_dolmino_synth_qa_pool0.25_block1,23,olmo_base_eval/easy_bpb/mt_mbpp_scala/bpb,1.2657349696863909,wandb_summary_validated
74,apriori_swarm_074_subsample_B_small_pools_forward_dolmino_synth_qa_pool0.25_block1,24,olmo_base_eval/easy_bpb/mt_mbpp_swift/bpb,0.926877086588528,wandb_summary_validated
74,apriori_swarm_074_subsample_B_small_pools_forward_dolmino_synth_qa_pool0.25_block1,25,olmo_base_eval/easy_bpb/mt_mbpp_typescript/bpb,0.7788803903570283,wandb_summary_validated
74,apriori_swarm_074_subsample_B_small_pools_forward_dolmino_synth_qa_pool0.25_block1,26,olmo_base_eval/easy_bpb/arc_easy/bpb,1.0632293377027617,wandb_summary_validated
74,apriori_swarm_074_subsample_B_small_pools_forward_dolmino_synth_qa_pool0.25_block1,27,olmo_base_eval/easy_bpb/arc_challenge/bpb,1.198641328363523,wandb_summary_validated
74,apriori_swarm_074_subsample_B_small_pools_forward_dolmino_synth_qa_pool0.25_block1,28,mmlu_stem,1.7662754232145101,wandb_summary_validated
74,apriori_swarm_074_subsample_B_small_pools_forward_dolmino_synth_qa_pool0.25_block1,29,mmlu_humanities,0.9775320438433308,wandb_summary_validated
74,apriori_swarm_074_subsample_B_small_pools_forward_dolmino_synth_qa_pool0.25_block1,30,mmlu_social_sciences,1.1625194950602822,wandb_summary_validated
74,apriori_swarm_074_subsample_B_small_pools_forward_dolmino_synth_qa_pool0.25_block1,31,mmlu_other,1.3896078781912422,wandb_summary_validated
74,apriori_swarm_074_subsample_B_small_pools_forward_dolmino_synth_qa_pool0.25_block1,32,olmo_base_eval/easy_bpb/csqa/bpb,1.4339140534287442,wandb_summary_validated
74,apriori_swarm_074_subsample_B_small_pools_forward_dolmino_synth_qa_pool0.25_block1,33,olmo_base_eval/easy_bpb/hellaswag/bpb,0.9838570936163129,wandb_summary_validated
74,apriori_swarm_074_subsample_B_small_pools_forward_dolmino_synth_qa_pool0.25_block1,34,olmo_base_eval/easy_bpb/winogrande/bpb,1.4298317596616446,wandb_summary_validated
74,apriori_swarm_074_subsample_B_small_pools_forward_dolmino_synth_qa_pool0.25_block1,35,olmo_base_eval/easy_bpb/socialiqa/bpb,1.3077429660886661,wandb_summary_validated
74,apriori_swarm_074_subsample_B_small_pools_forward_dolmino_synth_qa_pool0.25_block1,36,olmo_base_eval/easy_bpb/piqa/bpb,1.2479633772196146,wandb_summary_validated
74,apriori_swarm_074_subsample_B_small_pools_forward_dolmino_synth_qa_pool0.25_block1,37,olmo_base_eval/easy_bpb/coqa/bpb,0.8334141977897481,wandb_summary_validated
74,apriori_swarm_074_subsample_B_small_pools_forward_dolmino_synth_qa_pool0.25_block1,38,olmo_base_eval/easy_bpb/drop/bpb,1.832484939201682,wandb_summary_validated
74,apriori_swarm_074_subsample_B_small_pools_forward_dolmino_synth_qa_pool0.25_block1,39,olmo_base_eval/easy_bpb/jeopardy/bpb,1.5345135919564403,wandb_summary_validated
74,apriori_swarm_074_subsample_B_small_pools_forward_dolmino_synth_qa_pool0.25_block1,40,olmo_base_eval/easy_bpb/naturalqs/bpb,1.593038687106024,wandb_summary_validated
74,apriori_swarm_074_subsample_B_small_pools_forward_dolmino_synth_qa_pool0.25_block1,41,olmo_base_eval/easy_bpb/squad/bpb,0.618622224548364,wandb_summary_validated
74,apriori_swarm_074_subsample_B_small_pools_forward_dolmino_synth_qa_pool0.25_block1,42,olmo_base_eval/easy_bpb/sciq/bpb,1.163114266826174,wandb_summary_validated
74,apriori_swarm_074_subsample_B_small_pools_forward_dolmino_synth_qa_pool0.25_block1,43,olmo_base_eval/easy_bpb/basic_skills_arithmetic/bpb,2.212140253375544,wandb_summary_validated
74,apriori_swarm_074_subsample_B_small_pools_forward_dolmino_synth_qa_pool0.25_block1,44,olmo_base_eval/easy_bpb/basic_skills_coding/bpb,1.0411742109884423,wandb_summary_validated
74,apriori_swarm_074_subsample_B_small_pools_forward_dolmino_synth_qa_pool0.25_block1,45,olmo_base_eval/easy_bpb/basic_skills_common_knowledge/bpb,1.154356179373791,wandb_summary_validated
74,apriori_swarm_074_subsample_B_small_pools_forward_dolmino_synth_qa_pool0.25_block1,46,olmo_base_eval/easy_bpb/basic_skills_logical_reasoning/bpb,0.44892786886256925,wandb_summary_validated
74,apriori_swarm_074_subsample_B_small_pools_forward_dolmino_synth_qa_pool0.25_block1,47,olmo_base_eval/easy_bpb/basic_skills_pattern/bpb,1.5752942410499755,wandb_summary_validated
74,apriori_swarm_074_subsample_B_small_pools_forward_dolmino_synth_qa_pool0.25_block1,48,olmo_base_eval/easy_bpb/basic_skills_string_operations/bpb,2.967531298262872,wandb_summary_validated
74,apriori_swarm_074_subsample_B_small_pools_forward_dolmino_synth_qa_pool0.25_block1,49,olmo_base_eval/easy_bpb/lambada/bpb,0.9729020843743672,wandb_summary_validated
74,apriori_swarm_074_subsample_B_small_pools_forward_dolmino_synth_qa_pool0.25_block1,50,olmo_base_eval/easy_bpb/medmcqa/bpb,1.860180168969015,wandb_summary_validated
75,apriori_swarm_075_subsample_B_small_pools_forward_dolmino_olmocr_pdfs_hq_pool0.5_block1,0,olmo_base_eval/easy_bpb/minerva_math_algebra/bpb,1.0712306965953733,wandb_summary_validated
75,apriori_swarm_075_subsample_B_small_pools_forward_dolmino_olmocr_pdfs_hq_pool0.5_block1,1,olmo_base_eval/easy_bpb/minerva_math_counting_and_probability/bpb,0.9709388324246001,wandb_summary_validated
75,apriori_swarm_075_subsample_B_small_pools_forward_dolmino_olmocr_pdfs_hq_pool0.5_block1,2,olmo_base_eval/easy_bpb/minerva_math_geometry/bpb,1.110287026295439,wandb_summary_validated
75,apriori_swarm_075_subsample_B_small_pools_forward_dolmino_olmocr_pdfs_hq_pool0.5_block1,3,olmo_base_eval/easy_bpb/minerva_math_intermediate_algebra/bpb,1.0408315456145927,wandb_summary_validated
75,apriori_swarm_075_subsample_B_small_pools_forward_dolmino_olmocr_pdfs_hq_pool0.5_block1,4,olmo_base_eval/easy_bpb/minerva_math_number_theory/bpb,1.0616910599612115,wandb_summary_validated
75,apriori_swarm_075_subsample_B_small_pools_forward_dolmino_olmocr_pdfs_hq_pool0.5_block1,5,olmo_base_eval/easy_bpb/minerva_math_prealgebra/bpb,0.9863687946143008,wandb_summary_validated
75,apriori_swarm_075_subsample_B_small_pools_forward_dolmino_olmocr_pdfs_hq_pool0.5_block1,6,olmo_base_eval/easy_bpb/minerva_math_precalculus/bpb,0.9113457593667115,wandb_summary_validated
75,apriori_swarm_075_subsample_B_small_pools_forward_dolmino_olmocr_pdfs_hq_pool0.5_block1,7,olmo_base_eval/easy_bpb/codex_humaneval/bpb,0.9478310021460854,wandb_summary_validated
75,apriori_swarm_075_subsample_B_small_pools_forward_dolmino_olmocr_pdfs_hq_pool0.5_block1,8,olmo_base_eval/easy_bpb/mbpp/bpb,1.0979442919115114,wandb_summary_validated
75,apriori_swarm_075_subsample_B_small_pools_forward_dolmino_olmocr_pdfs_hq_pool0.5_block1,9,olmo_base_eval/easy_bpb/mt_mbpp_bash/bpb,1.2418997286746778,wandb_summary_validated
75,apriori_swarm_075_subsample_B_small_pools_forward_dolmino_olmocr_pdfs_hq_pool0.5_block1,10,olmo_base_eval/easy_bpb/mt_mbpp_c/bpb,0.7049666766914685,wandb_summary_validated
75,apriori_swarm_075_subsample_B_small_pools_forward_dolmino_olmocr_pdfs_hq_pool0.5_block1,11,olmo_base_eval/easy_bpb/mt_mbpp_cpp/bpb,0.683911895823521,wandb_summary_validated
75,apriori_swarm_075_subsample_B_small_pools_forward_dolmino_olmocr_pdfs_hq_pool0.5_block1,12,olmo_base_eval/easy_bpb/mt_mbpp_csharp/bpb,0.5718538736620852,wandb_summary_validated
75,apriori_swarm_075_subsample_B_small_pools_forward_dolmino_olmocr_pdfs_hq_pool0.5_block1,13,olmo_base_eval/easy_bpb/mt_mbpp_go/bpb,0.8350149719076249,wandb_summary_validated
75,apriori_swarm_075_subsample_B_small_pools_forward_dolmino_olmocr_pdfs_hq_pool0.5_block1,14,olmo_base_eval/easy_bpb/mt_mbpp_haskell/bpb,1.6790970053085439,wandb_summary_validated
75,apriori_swarm_075_subsample_B_small_pools_forward_dolmino_olmocr_pdfs_hq_pool0.5_block1,15,olmo_base_eval/easy_bpb/mt_mbpp_java/bpb,0.511019424040832,wandb_summary_validated
75,apriori_swarm_075_subsample_B_small_pools_forward_dolmino_olmocr_pdfs_hq_pool0.5_block1,16,olmo_base_eval/easy_bpb/mt_mbpp_javascript/bpb,0.8153768865518756,wandb_summary_validated
75,apriori_swarm_075_subsample_B_small_pools_forward_dolmino_olmocr_pdfs_hq_pool0.5_block1,17,olmo_base_eval/easy_bpb/mt_mbpp_matlab/bpb,1.2029979398530797,wandb_summary_validated
75,apriori_swarm_075_subsample_B_small_pools_forward_dolmino_olmocr_pdfs_hq_pool0.5_block1,18,olmo_base_eval/easy_bpb/mt_mbpp_php/bpb,0.7237187838113239,wandb_summary_validated
75,apriori_swarm_075_subsample_B_small_pools_forward_dolmino_olmocr_pdfs_hq_pool0.5_block1,19,olmo_base_eval/easy_bpb/mt_mbpp_python/bpb,1.0984260903155534,wandb_summary_validated
75,apriori_swarm_075_subsample_B_small_pools_forward_dolmino_olmocr_pdfs_hq_pool0.5_block1,20,olmo_base_eval/easy_bpb/mt_mbpp_r/bpb,1.2247322091568653,wandb_summary_validated
75,apriori_swarm_075_subsample_B_small_pools_forward_dolmino_olmocr_pdfs_hq_pool0.5_block1,21,olmo_base_eval/easy_bpb/mt_mbpp_ruby/bpb,1.2345808587479767,wandb_summary_validated
75,apriori_swarm_075_subsample_B_small_pools_forward_dolmino_olmocr_pdfs_hq_pool0.5_block1,22,olmo_base_eval/easy_bpb/mt_mbpp_rust/bpb,1.1286230012100462,wandb_summary_validated
75,apriori_swarm_075_subsample_B_small_pools_forward_dolmino_olmocr_pdfs_hq_pool0.5_block1,23,olmo_base_eval/easy_bpb/mt_mbpp_scala/bpb,1.2650192338424555,wandb_summary_validated
75,apriori_swarm_075_subsample_B_small_pools_forward_dolmino_olmocr_pdfs_hq_pool0.5_block1,24,olmo_base_eval/easy_bpb/mt_mbpp_swift/bpb,0.9389548737647931,wandb_summary_validated
75,apriori_swarm_075_subsample_B_small_pools_forward_dolmino_olmocr_pdfs_hq_pool0.5_block1,25,olmo_base_eval/easy_bpb/mt_mbpp_typescript/bpb,0.7718375193966436,wandb_summary_validated
75,apriori_swarm_075_subsample_B_small_pools_forward_dolmino_olmocr_pdfs_hq_pool0.5_block1,26,olmo_base_eval/easy_bpb/arc_easy/bpb,1.076646732128953,wandb_summary_validated
75,apriori_swarm_075_subsample_B_small_pools_forward_dolmino_olmocr_pdfs_hq_pool0.5_block1,27,olmo_base_eval/easy_bpb/arc_challenge/bpb,1.2170213645295913,wandb_summary_validated
75,apriori_swarm_075_subsample_B_small_pools_forward_dolmino_olmocr_pdfs_hq_pool0.5_block1,28,mmlu_stem,1.787606726267669,wandb_summary_validated
75,apriori_swarm_075_subsample_B_small_pools_forward_dolmino_olmocr_pdfs_hq_pool0.5_block1,29,mmlu_humanities,1.0005951507759037,wandb_summary_validated
75,apriori_swarm_075_subsample_B_small_pools_forward_dolmino_olmocr_pdfs_hq_pool0.5_block1,30,mmlu_social_sciences,1.1631393989391274,wandb_summary_validated
75,apriori_swarm_075_subsample_B_small_pools_forward_dolmino_olmocr_pdfs_hq_pool0.5_block1,31,mmlu_other,1.378974902354613,wandb_summary_validated
75,apriori_swarm_075_subsample_B_small_pools_forward_dolmino_olmocr_pdfs_hq_pool0.5_block1,32,olmo_base_eval/easy_bpb/csqa/bpb,1.4140843476553355,wandb_summary_validated
75,apriori_swarm_075_subsample_B_small_pools_forward_dolmino_olmocr_pdfs_hq_pool0.5_block1,33,olmo_base_eval/easy_bpb/hellaswag/bpb,0.9774037854657794,wandb_summary_validated
75,apriori_swarm_075_subsample_B_small_pools_forward_dolmino_olmocr_pdfs_hq_pool0.5_block1,34,olmo_base_eval/easy_bpb/winogrande/bpb,1.4163505968780539,wandb_summary_validated
75,apriori_swarm_075_subsample_B_small_pools_forward_dolmino_olmocr_pdfs_hq_pool0.5_block1,35,olmo_base_eval/easy_bpb/socialiqa/bpb,1.300750630852076,wandb_summary_validated
75,apriori_swarm_075_subsample_B_small_pools_forward_dolmino_olmocr_pdfs_hq_pool0.5_block1,36,olmo_base_eval/easy_bpb/piqa/bpb,1.2489836273309534,wandb_summary_validated
75,apriori_swarm_075_subsample_B_small_pools_forward_dolmino_olmocr_pdfs_hq_pool0.5_block1,37,olmo_base_eval/easy_bpb/coqa/bpb,0.8345763458038647,wandb_summary_validated
75,apriori_swarm_075_subsample_B_small_pools_forward_dolmino_olmocr_pdfs_hq_pool0.5_block1,38,olmo_base_eval/easy_bpb/drop/bpb,1.805813868974741,wandb_summary_validated
75,apriori_swarm_075_subsample_B_small_pools_forward_dolmino_olmocr_pdfs_hq_pool0.5_block1,39,olmo_base_eval/easy_bpb/jeopardy/bpb,1.5672472357042249,wandb_summary_validated
75,apriori_swarm_075_subsample_B_small_pools_forward_dolmino_olmocr_pdfs_hq_pool0.5_block1,40,olmo_base_eval/easy_bpb/naturalqs/bpb,1.5799640711268557,wandb_summary_validated
75,apriori_swarm_075_subsample_B_small_pools_forward_dolmino_olmocr_pdfs_hq_pool0.5_block1,41,olmo_base_eval/easy_bpb/squad/bpb,0.6394613373887992,wandb_summary_validated
75,apriori_swarm_075_subsample_B_small_pools_forward_dolmino_olmocr_pdfs_hq_pool0.5_block1,42,olmo_base_eval/easy_bpb/sciq/bpb,1.124712212373756,wandb_summary_validated
75,apriori_swarm_075_subsample_B_small_pools_forward_dolmino_olmocr_pdfs_hq_pool0.5_block1,43,olmo_base_eval/easy_bpb/basic_skills_arithmetic/bpb,2.2282919036670457,wandb_summary_validated
75,apriori_swarm_075_subsample_B_small_pools_forward_dolmino_olmocr_pdfs_hq_pool0.5_block1,44,olmo_base_eval/easy_bpb/basic_skills_coding/bpb,0.9453726189789033,wandb_summary_validated
75,apriori_swarm_075_subsample_B_small_pools_forward_dolmino_olmocr_pdfs_hq_pool0.5_block1,45,olmo_base_eval/easy_bpb/basic_skills_common_knowledge/bpb,1.1550196767998937,wandb_summary_validated
75,apriori_swarm_075_subsample_B_small_pools_forward_dolmino_olmocr_pdfs_hq_pool0.5_block1,46,olmo_base_eval/easy_bpb/basic_skills_logical_reasoning/bpb,0.4316193025568478,wandb_summary_validated
75,apriori_swarm_075_subsample_B_small_pools_forward_dolmino_olmocr_pdfs_hq_pool0.5_block1,47,olmo_base_eval/easy_bpb/basic_skills_pattern/bpb,1.5556069348139066,wandb_summary_validated
75,apriori_swarm_075_subsample_B_small_pools_forward_dolmino_olmocr_pdfs_hq_pool0.5_block1,48,olmo_base_eval/easy_bpb/basic_skills_string_operations/bpb,2.880241725415718,wandb_summary_validated
75,apriori_swarm_075_subsample_B_small_pools_forward_dolmino_olmocr_pdfs_hq_pool0.5_block1,49,olmo_base_eval/easy_bpb/lambada/bpb,0.9729293518299059,wandb_summary_validated
75,apriori_swarm_075_subsample_B_small_pools_forward_dolmino_olmocr_pdfs_hq_pool0.5_block1,50,olmo_base_eval/easy_bpb/medmcqa/bpb,1.8687089443125628,wandb_summary_validated
76,apriori_swarm_076_subsample_B_small_pools_forward_dolmino_olmocr_pdfs_hq_pool0.25_block1,0,olmo_base_eval/easy_bpb/minerva_math_algebra/bpb,1.0691981028592632,wandb_summary_validated
76,apriori_swarm_076_subsample_B_small_pools_forward_dolmino_olmocr_pdfs_hq_pool0.25_block1,1,olmo_base_eval/easy_bpb/minerva_math_counting_and_probability/bpb,0.9708029017175563,wandb_summary_validated
76,apriori_swarm_076_subsample_B_small_pools_forward_dolmino_olmocr_pdfs_hq_pool0.25_block1,2,olmo_base_eval/easy_bpb/minerva_math_geometry/bpb,1.1058119206618728,wandb_summary_validated
76,apriori_swarm_076_subsample_B_small_pools_forward_dolmino_olmocr_pdfs_hq_pool0.25_block1,3,olmo_base_eval/easy_bpb/minerva_math_intermediate_algebra/bpb,1.038181614293092,wandb_summary_validated
76,apriori_swarm_076_subsample_B_small_pools_forward_dolmino_olmocr_pdfs_hq_pool0.25_block1,4,olmo_base_eval/easy_bpb/minerva_math_number_theory/bpb,1.0617134391676863,wandb_summary_validated
76,apriori_swarm_076_subsample_B_small_pools_forward_dolmino_olmocr_pdfs_hq_pool0.25_block1,5,olmo_base_eval/easy_bpb/minerva_math_prealgebra/bpb,0.9896470401597643,wandb_summary_validated
76,apriori_swarm_076_subsample_B_small_pools_forward_dolmino_olmocr_pdfs_hq_pool0.25_block1,6,olmo_base_eval/easy_bpb/minerva_math_precalculus/bpb,0.90884719052225,wandb_summary_validated
76,apriori_swarm_076_subsample_B_small_pools_forward_dolmino_olmocr_pdfs_hq_pool0.25_block1,7,olmo_base_eval/easy_bpb/codex_humaneval/bpb,0.9537290466242081,wandb_summary_validated
76,apriori_swarm_076_subsample_B_small_pools_forward_dolmino_olmocr_pdfs_hq_pool0.25_block1,8,olmo_base_eval/easy_bpb/mbpp/bpb,1.0822061333774464,wandb_summary_validated
76,apriori_swarm_076_subsample_B_small_pools_forward_dolmino_olmocr_pdfs_hq_pool0.25_block1,9,olmo_base_eval/easy_bpb/mt_mbpp_bash/bpb,1.2166101133948242,wandb_summary_validated
76,apriori_swarm_076_subsample_B_small_pools_forward_dolmino_olmocr_pdfs_hq_pool0.25_block1,10,olmo_base_eval/easy_bpb/mt_mbpp_c/bpb,0.7023290044537115,wandb_summary_validated
76,apriori_swarm_076_subsample_B_small_pools_forward_dolmino_olmocr_pdfs_hq_pool0.25_block1,11,olmo_base_eval/easy_bpb/mt_mbpp_cpp/bpb,0.6758700674974318,wandb_summary_validated
76,apriori_swarm_076_subsample_B_small_pools_forward_dolmino_olmocr_pdfs_hq_pool0.25_block1,12,olmo_base_eval/easy_bpb/mt_mbpp_csharp/bpb,0.5622308980006687,wandb_summary_validated
76,apriori_swarm_076_subsample_B_small_pools_forward_dolmino_olmocr_pdfs_hq_pool0.25_block1,13,olmo_base_eval/easy_bpb/mt_mbpp_go/bpb,0.8287730731429366,wandb_summary_validated
76,apriori_swarm_076_subsample_B_small_pools_forward_dolmino_olmocr_pdfs_hq_pool0.25_block1,14,olmo_base_eval/easy_bpb/mt_mbpp_haskell/bpb,1.6730054583682552,wandb_summary_validated
76,apriori_swarm_076_subsample_B_small_pools_forward_dolmino_olmocr_pdfs_hq_pool0.25_block1,15,olmo_base_eval/easy_bpb/mt_mbpp_java/bpb,0.5057037071314802,wandb_summary_validated
76,apriori_swarm_076_subsample_B_small_pools_forward_dolmino_olmocr_pdfs_hq_pool0.25_block1,16,olmo_base_eval/easy_bpb/mt_mbpp_javascript/bpb,0.8203618745570896,wandb_summary_validated
76,apriori_swarm_076_subsample_B_small_pools_forward_dolmino_olmocr_pdfs_hq_pool0.25_block1,17,olmo_base_eval/easy_bpb/mt_mbpp_matlab/bpb,1.1818086402797943,wandb_summary_validated
76,apriori_swarm_076_subsample_B_small_pools_forward_dolmino_olmocr_pdfs_hq_pool0.25_block1,18,olmo_base_eval/easy_bpb/mt_mbpp_php/bpb,0.7076164827096059,wandb_summary_validated
76,apriori_swarm_076_subsample_B_small_pools_forward_dolmino_olmocr_pdfs_hq_pool0.25_block1,19,olmo_base_eval/easy_bpb/mt_mbpp_python/bpb,1.0798510343990864,wandb_summary_validated
76,apriori_swarm_076_subsample_B_small_pools_forward_dolmino_olmocr_pdfs_hq_pool0.25_block1,20,olmo_base_eval/easy_bpb/mt_mbpp_r/bpb,1.208020277073069,wandb_summary_validated
76,apriori_swarm_076_subsample_B_small_pools_forward_dolmino_olmocr_pdfs_hq_pool0.25_block1,21,olmo_base_eval/easy_bpb/mt_mbpp_ruby/bpb,1.2168951195453692,wandb_summary_validated
76,apriori_swarm_076_subsample_B_small_pools_forward_dolmino_olmocr_pdfs_hq_pool0.25_block1,22,olmo_base_eval/easy_bpb/mt_mbpp_rust/bpb,1.1373229965098954,wandb_summary_validated
76,apriori_swarm_076_subsample_B_small_pools_forward_dolmino_olmocr_pdfs_hq_pool0.25_block1,23,olmo_base_eval/easy_bpb/mt_mbpp_scala/bpb,1.2735932887052475,wandb_summary_validated
76,apriori_swarm_076_subsample_B_small_pools_forward_dolmino_olmocr_pdfs_hq_pool0.25_block1,24,olmo_base_eval/easy_bpb/mt_mbpp_swift/bpb,0.9291372070138405,wandb_summary_validated
76,apriori_swarm_076_subsample_B_small_pools_forward_dolmino_olmocr_pdfs_hq_pool0.25_block1,25,olmo_base_eval/easy_bpb/mt_mbpp_typescript/bpb,0.7761540580120129,wandb_summary_validated
76,apriori_swarm_076_subsample_B_small_pools_forward_dolmino_olmocr_pdfs_hq_pool0.25_block1,26,olmo_base_eval/easy_bpb/arc_easy/bpb,1.07401983246376,wandb_summary_validated
76,apriori_swarm_076_subsample_B_small_pools_forward_dolmino_olmocr_pdfs_hq_pool0.25_block1,27,olmo_base_eval/easy_bpb/arc_challenge/bpb,1.2087615647258965,wandb_summary_validated
76,apriori_swarm_076_subsample_B_small_pools_forward_dolmino_olmocr_pdfs_hq_pool0.25_block1,28,mmlu_stem,1.794138862445215,wandb_summary_validated
76,apriori_swarm_076_subsample_B_small_pools_forward_dolmino_olmocr_pdfs_hq_pool0.25_block1,29,mmlu_humanities,0.9982857888824385,wandb_summary_validated
76,apriori_swarm_076_subsample_B_small_pools_forward_dolmino_olmocr_pdfs_hq_pool0.25_block1,30,mmlu_social_sciences,1.1599299043656026,wandb_summary_validated
76,apriori_swarm_076_subsample_B_small_pools_forward_dolmino_olmocr_pdfs_hq_pool0.25_block1,31,mmlu_other,1.3787209025007465,wandb_summary_validated
76,apriori_swarm_076_subsample_B_small_pools_forward_dolmino_olmocr_pdfs_hq_pool0.25_block1,32,olmo_base_eval/easy_bpb/csqa/bpb,1.4398344136774246,wandb_summary_validated
76,apriori_swarm_076_subsample_B_small_pools_forward_dolmino_olmocr_pdfs_hq_pool0.25_block1,33,olmo_base_eval/easy_bpb/hellaswag/bpb,0.9858160586648818,wandb_summary_validated
76,apriori_swarm_076_subsample_B_small_pools_forward_dolmino_olmocr_pdfs_hq_pool0.25_block1,34,olmo_base_eval/easy_bpb/winogrande/bpb,1.4198721762175628,wandb_summary_validated
76,apriori_swarm_076_subsample_B_small_pools_forward_dolmino_olmocr_pdfs_hq_pool0.25_block1,35,olmo_base_eval/easy_bpb/socialiqa/bpb,1.2991392049527521,wandb_summary_validated
76,apriori_swarm_076_subsample_B_small_pools_forward_dolmino_olmocr_pdfs_hq_pool0.25_block1,36,olmo_base_eval/easy_bpb/piqa/bpb,1.2492220641838028,wandb_summary_validated
76,apriori_swarm_076_subsample_B_small_pools_forward_dolmino_olmocr_pdfs_hq_pool0.25_block1,37,olmo_base_eval/easy_bpb/coqa/bpb,0.8252161194795611,wandb_summary_validated
76,apriori_swarm_076_subsample_B_small_pools_forward_dolmino_olmocr_pdfs_hq_pool0.25_block1,38,olmo_base_eval/easy_bpb/drop/bpb,1.823082310009127,wandb_summary_validated
76,apriori_swarm_076_subsample_B_small_pools_forward_dolmino_olmocr_pdfs_hq_pool0.25_block1,39,olmo_base_eval/easy_bpb/jeopardy/bpb,1.5774679395512663,wandb_summary_validated
76,apriori_swarm_076_subsample_B_small_pools_forward_dolmino_olmocr_pdfs_hq_pool0.25_block1,40,olmo_base_eval/easy_bpb/naturalqs/bpb,1.5681173960683923,wandb_summary_validated
76,apriori_swarm_076_subsample_B_small_pools_forward_dolmino_olmocr_pdfs_hq_pool0.25_block1,41,olmo_base_eval/easy_bpb/squad/bpb,0.607173789846699,wandb_summary_validated
76,apriori_swarm_076_subsample_B_small_pools_forward_dolmino_olmocr_pdfs_hq_pool0.25_block1,42,olmo_base_eval/easy_bpb/sciq/bpb,1.1455398827712826,wandb_summary_validated
76,apriori_swarm_076_subsample_B_small_pools_forward_dolmino_olmocr_pdfs_hq_pool0.25_block1,43,olmo_base_eval/easy_bpb/basic_skills_arithmetic/bpb,2.3122425321325,wandb_summary_validated
76,apriori_swarm_076_subsample_B_small_pools_forward_dolmino_olmocr_pdfs_hq_pool0.25_block1,44,olmo_base_eval/easy_bpb/basic_skills_coding/bpb,0.9898793929673466,wandb_summary_validated
76,apriori_swarm_076_subsample_B_small_pools_forward_dolmino_olmocr_pdfs_hq_pool0.25_block1,45,olmo_base_eval/easy_bpb/basic_skills_common_knowledge/bpb,1.1610977169728116,wandb_summary_validated
76,apriori_swarm_076_subsample_B_small_pools_forward_dolmino_olmocr_pdfs_hq_pool0.25_block1,46,olmo_base_eval/easy_bpb/basic_skills_logical_reasoning/bpb,0.4197181272726203,wandb_summary_validated
76,apriori_swarm_076_subsample_B_small_pools_forward_dolmino_olmocr_pdfs_hq_pool0.25_block1,47,olmo_base_eval/easy_bpb/basic_skills_pattern/bpb,1.4514884769738232,wandb_summary_validated
76,apriori_swarm_076_subsample_B_small_pools_forward_dolmino_olmocr_pdfs_hq_pool0.25_block1,48,olmo_base_eval/easy_bpb/basic_skills_string_operations/bpb,2.963326035960648,wandb_summary_validated
76,apriori_swarm_076_subsample_B_small_pools_forward_dolmino_olmocr_pdfs_hq_pool0.25_block1,49,olmo_base_eval/easy_bpb/lambada/bpb,0.9694303226256055,wandb_summary_validated
76,apriori_swarm_076_subsample_B_small_pools_forward_dolmino_olmocr_pdfs_hq_pool0.25_block1,50,olmo_base_eval/easy_bpb/medmcqa/bpb,1.8631925815141275,wandb_summary_validated
77,apriori_swarm_077_subsample_B_small_pools_forward_dolma3_stack_edu_pool0.5_block1,0,olmo_base_eval/easy_bpb/minerva_math_algebra/bpb,1.0744851283467827,wandb_summary_validated
77,apriori_swarm_077_subsample_B_small_pools_forward_dolma3_stack_edu_pool0.5_block1,1,olmo_base_eval/easy_bpb/minerva_math_counting_and_probability/bpb,0.9709291751948113,wandb_summary_validated
77,apriori_swarm_077_subsample_B_small_pools_forward_dolma3_stack_edu_pool0.5_block1,2,olmo_base_eval/easy_bpb/minerva_math_geometry/bpb,1.104407694232739,wandb_summary_validated
77,apriori_swarm_077_subsample_B_small_pools_forward_dolma3_stack_edu_pool0.5_block1,3,olmo_base_eval/easy_bpb/minerva_math_intermediate_algebra/bpb,1.0373548277180078,wandb_summary_validated
77,apriori_swarm_077_subsample_B_small_pools_forward_dolma3_stack_edu_pool0.5_block1,4,olmo_base_eval/easy_bpb/minerva_math_number_theory/bpb,1.0622022242647526,wandb_summary_validated
77,apriori_swarm_077_subsample_B_small_pools_forward_dolma3_stack_edu_pool0.5_block1,5,olmo_base_eval/easy_bpb/minerva_math_prealgebra/bpb,0.9933014862056014,wandb_summary_validated
77,apriori_swarm_077_subsample_B_small_pools_forward_dolma3_stack_edu_pool0.5_block1,6,olmo_base_eval/easy_bpb/minerva_math_precalculus/bpb,0.905629015795758,wandb_summary_validated
77,apriori_swarm_077_subsample_B_small_pools_forward_dolma3_stack_edu_pool0.5_block1,7,olmo_base_eval/easy_bpb/codex_humaneval/bpb,0.9416694075397734,wandb_summary_validated
77,apriori_swarm_077_subsample_B_small_pools_forward_dolma3_stack_edu_pool0.5_block1,8,olmo_base_eval/easy_bpb/mbpp/bpb,1.0838784946145426,wandb_summary_validated
77,apriori_swarm_077_subsample_B_small_pools_forward_dolma3_stack_edu_pool0.5_block1,9,olmo_base_eval/easy_bpb/mt_mbpp_bash/bpb,1.238174662431787,wandb_summary_validated
77,apriori_swarm_077_subsample_B_small_pools_forward_dolma3_stack_edu_pool0.5_block1,10,olmo_base_eval/easy_bpb/mt_mbpp_c/bpb,0.6918196791990998,wandb_summary_validated
77,apriori_swarm_077_subsample_B_small_pools_forward_dolma3_stack_edu_pool0.5_block1,11,olmo_base_eval/easy_bpb/mt_mbpp_cpp/bpb,0.6606128332672186,wandb_summary_validated
77,apriori_swarm_077_subsample_B_small_pools_forward_dolma3_stack_edu_pool0.5_block1,12,olmo_base_eval/easy_bpb/mt_mbpp_csharp/bpb,0.557894000103432,wandb_summary_validated
77,apriori_swarm_077_subsample_B_small_pools_forward_dolma3_stack_edu_pool0.5_block1,13,olmo_base_eval/easy_bpb/mt_mbpp_go/bpb,0.8206189831264414,wandb_summary_validated
77,apriori_swarm_077_subsample_B_small_pools_forward_dolma3_stack_edu_pool0.5_block1,14,olmo_base_eval/easy_bpb/mt_mbpp_haskell/bpb,1.6584487145460751,wandb_summary_validated
77,apriori_swarm_077_subsample_B_small_pools_forward_dolma3_stack_edu_pool0.5_block1,15,olmo_base_eval/easy_bpb/mt_mbpp_java/bpb,0.49397429480614036,wandb_summary_validated
77,apriori_swarm_077_subsample_B_small_pools_forward_dolma3_stack_edu_pool0.5_block1,16,olmo_base_eval/easy_bpb/mt_mbpp_javascript/bpb,0.7939596700870933,wandb_summary_validated
77,apriori_swarm_077_subsample_B_small_pools_forward_dolma3_stack_edu_pool0.5_block1,17,olmo_base_eval/easy_bpb/mt_mbpp_matlab/bpb,1.155617402571739,wandb_summary_validated
77,apriori_swarm_077_subsample_B_small_pools_forward_dolma3_stack_edu_pool0.5_block1,18,olmo_base_eval/easy_bpb/mt_mbpp_php/bpb,0.7082919328174461,wandb_summary_validated
77,apriori_swarm_077_subsample_B_small_pools_forward_dolma3_stack_edu_pool0.5_block1,19,olmo_base_eval/easy_bpb/mt_mbpp_python/bpb,1.0853327520535234,wandb_summary_validated
77,apriori_swarm_077_subsample_B_small_pools_forward_dolma3_stack_edu_pool0.5_block1,20,olmo_base_eval/easy_bpb/mt_mbpp_r/bpb,1.1794259155203857,wandb_summary_validated
77,apriori_swarm_077_subsample_B_small_pools_forward_dolma3_stack_edu_pool0.5_block1,21,olmo_base_eval/easy_bpb/mt_mbpp_ruby/bpb,1.2181486296481558,wandb_summary_validated
77,apriori_swarm_077_subsample_B_small_pools_forward_dolma3_stack_edu_pool0.5_block1,22,olmo_base_eval/easy_bpb/mt_mbpp_rust/bpb,1.1004714680245988,wandb_summary_validated
77,apriori_swarm_077_subsample_B_small_pools_forward_dolma3_stack_edu_pool0.5_block1,23,olmo_base_eval/easy_bpb/mt_mbpp_scala/bpb,1.252033005344428,wandb_summary_validated
77,apriori_swarm_077_subsample_B_small_pools_forward_dolma3_stack_edu_pool0.5_block1,24,olmo_base_eval/easy_bpb/mt_mbpp_swift/bpb,0.8948534633364802,wandb_summary_validated
77,apriori_swarm_077_subsample_B_small_pools_forward_dolma3_stack_edu_pool0.5_block1,25,olmo_base_eval/easy_bpb/mt_mbpp_typescript/bpb,0.7472617881485856,wandb_summary_validated
77,apriori_swarm_077_subsample_B_small_pools_forward_dolma3_stack_edu_pool0.5_block1,26,olmo_base_eval/easy_bpb/arc_easy/bpb,1.0364984956115673,wandb_summary_validated
77,apriori_swarm_077_subsample_B_small_pools_forward_dolma3_stack_edu_pool0.5_block1,27,olmo_base_eval/easy_bpb/arc_challenge/bpb,1.1950734568628074,wandb_summary_validated
77,apriori_swarm_077_subsample_B_small_pools_forward_dolma3_stack_edu_pool0.5_block1,28,mmlu_stem,1.776939799893514,wandb_summary_validated
77,apriori_swarm_077_subsample_B_small_pools_forward_dolma3_stack_edu_pool0.5_block1,29,mmlu_humanities,0.9890054115831504,wandb_summary_validated
77,apriori_swarm_077_subsample_B_small_pools_forward_dolma3_stack_edu_pool0.5_block1,30,mmlu_social_sciences,1.1499613979406649,wandb_summary_validated
77,apriori_swarm_077_subsample_B_small_pools_forward_dolma3_stack_edu_pool0.5_block1,31,mmlu_other,1.3706734533134501,wandb_summary_validated
77,apriori_swarm_077_subsample_B_small_pools_forward_dolma3_stack_edu_pool0.5_block1,32,olmo_base_eval/easy_bpb/csqa/bpb,1.42397939372829,wandb_summary_validated
77,apriori_swarm_077_subsample_B_small_pools_forward_dolma3_stack_edu_pool0.5_block1,33,olmo_base_eval/easy_bpb/hellaswag/bpb,0.9749747758705299,wandb_summary_validated
77,apriori_swarm_077_subsample_B_small_pools_forward_dolma3_stack_edu_pool0.5_block1,34,olmo_base_eval/easy_bpb/winogrande/bpb,1.4126608625979127,wandb_summary_validated
77,apriori_swarm_077_subsample_B_small_pools_forward_dolma3_stack_edu_pool0.5_block1,35,olmo_base_eval/easy_bpb/socialiqa/bpb,1.3119208666073114,wandb_summary_validated
77,apriori_swarm_077_subsample_B_small_pools_forward_dolma3_stack_edu_pool0.5_block1,36,olmo_base_eval/easy_bpb/piqa/bpb,1.232269277208966,wandb_summary_validated
77,apriori_swarm_077_subsample_B_small_pools_forward_dolma3_stack_edu_pool0.5_block1,37,olmo_base_eval/easy_bpb/coqa/bpb,0.811869259846835,wandb_summary_validated
77,apriori_swarm_077_subsample_B_small_pools_forward_dolma3_stack_edu_pool0.5_block1,38,olmo_base_eval/easy_bpb/drop/bpb,1.8240095213498464,wandb_summary_validated
77,apriori_swarm_077_subsample_B_small_pools_forward_dolma3_stack_edu_pool0.5_block1,39,olmo_base_eval/easy_bpb/jeopardy/bpb,1.550236223704401,wandb_summary_validated
77,apriori_swarm_077_subsample_B_small_pools_forward_dolma3_stack_edu_pool0.5_block1,40,olmo_base_eval/easy_bpb/naturalqs/bpb,1.6050523429726982,wandb_summary_validated
77,apriori_swarm_077_subsample_B_small_pools_forward_dolma3_stack_edu_pool0.5_block1,41,olmo_base_eval/easy_bpb/squad/bpb,0.5704714144440834,wandb_summary_validated
77,apriori_swarm_077_subsample_B_small_pools_forward_dolma3_stack_edu_pool0.5_block1,42,olmo_base_eval/easy_bpb/sciq/bpb,1.1521358444944316,wandb_summary_validated
77,apriori_swarm_077_subsample_B_small_pools_forward_dolma3_stack_edu_pool0.5_block1,43,olmo_base_eval/easy_bpb/basic_skills_arithmetic/bpb,2.2337643875656967,wandb_summary_validated
77,apriori_swarm_077_subsample_B_small_pools_forward_dolma3_stack_edu_pool0.5_block1,44,olmo_base_eval/easy_bpb/basic_skills_coding/bpb,0.9766924046012533,wandb_summary_validated
77,apriori_swarm_077_subsample_B_small_pools_forward_dolma3_stack_edu_pool0.5_block1,45,olmo_base_eval/easy_bpb/basic_skills_common_knowledge/bpb,1.1250030554455572,wandb_summary_validated
77,apriori_swarm_077_subsample_B_small_pools_forward_dolma3_stack_edu_pool0.5_block1,46,olmo_base_eval/easy_bpb/basic_skills_logical_reasoning/bpb,0.3975713334076085,wandb_summary_validated
77,apriori_swarm_077_subsample_B_small_pools_forward_dolma3_stack_edu_pool0.5_block1,47,olmo_base_eval/easy_bpb/basic_skills_pattern/bpb,1.5368606284143398,wandb_summary_validated
77,apriori_swarm_077_subsample_B_small_pools_forward_dolma3_stack_edu_pool0.5_block1,48,olmo_base_eval/easy_bpb/basic_skills_string_operations/bpb,2.857110284506956,wandb_summary_validated
77,apriori_swarm_077_subsample_B_small_pools_forward_dolma3_stack_edu_pool0.5_block1,49,olmo_base_eval/easy_bpb/lambada/bpb,0.966989424991134,wandb_summary_validated
77,apriori_swarm_077_subsample_B_small_pools_forward_dolma3_stack_edu_pool0.5_block1,50,olmo_base_eval/easy_bpb/medmcqa/bpb,1.8543953491372638,wandb_summary_validated
78,apriori_swarm_078_subsample_B_small_pools_forward_dolma3_stack_edu_pool0.25_block1,0,olmo_base_eval/easy_bpb/minerva_math_algebra/bpb,1.0731937295314,wandb_summary_validated
78,apriori_swarm_078_subsample_B_small_pools_forward_dolma3_stack_edu_pool0.25_block1,1,olmo_base_eval/easy_bpb/minerva_math_counting_and_probability/bpb,0.9736688880708791,wandb_summary_validated
78,apriori_swarm_078_subsample_B_small_pools_forward_dolma3_stack_edu_pool0.25_block1,2,olmo_base_eval/easy_bpb/minerva_math_geometry/bpb,1.1123865125515824,wandb_summary_validated
78,apriori_swarm_078_subsample_B_small_pools_forward_dolma3_stack_edu_pool0.25_block1,3,olmo_base_eval/easy_bpb/minerva_math_intermediate_algebra/bpb,1.0441406799605266,wandb_summary_validated
78,apriori_swarm_078_subsample_B_small_pools_forward_dolma3_stack_edu_pool0.25_block1,4,olmo_base_eval/easy_bpb/minerva_math_number_theory/bpb,1.0649568006031689,wandb_summary_validated
78,apriori_swarm_078_subsample_B_small_pools_forward_dolma3_stack_edu_pool0.25_block1,5,olmo_base_eval/easy_bpb/minerva_math_prealgebra/bpb,0.994717961525651,wandb_summary_validated
78,apriori_swarm_078_subsample_B_small_pools_forward_dolma3_stack_edu_pool0.25_block1,6,olmo_base_eval/easy_bpb/minerva_math_precalculus/bpb,0.918529234139098,wandb_summary_validated
78,apriori_swarm_078_subsample_B_small_pools_forward_dolma3_stack_edu_pool0.25_block1,7,olmo_base_eval/easy_bpb/codex_humaneval/bpb,0.9891707370550658,wandb_summary_validated
78,apriori_swarm_078_subsample_B_small_pools_forward_dolma3_stack_edu_pool0.25_block1,8,olmo_base_eval/easy_bpb/mbpp/bpb,1.0985289595761143,wandb_summary_validated
78,apriori_swarm_078_subsample_B_small_pools_forward_dolma3_stack_edu_pool0.25_block1,9,olmo_base_eval/easy_bpb/mt_mbpp_bash/bpb,1.2346172015049182,wandb_summary_validated
78,apriori_swarm_078_subsample_B_small_pools_forward_dolma3_stack_edu_pool0.25_block1,10,olmo_base_eval/easy_bpb/mt_mbpp_c/bpb,0.707021341402828,wandb_summary_validated
78,apriori_swarm_078_subsample_B_small_pools_forward_dolma3_stack_edu_pool0.25_block1,11,olmo_base_eval/easy_bpb/mt_mbpp_cpp/bpb,0.6774403857048366,wandb_summary_validated
78,apriori_swarm_078_subsample_B_small_pools_forward_dolma3_stack_edu_pool0.25_block1,12,olmo_base_eval/easy_bpb/mt_mbpp_csharp/bpb,0.559887597566381,wandb_summary_validated
78,apriori_swarm_078_subsample_B_small_pools_forward_dolma3_stack_edu_pool0.25_block1,13,olmo_base_eval/easy_bpb/mt_mbpp_go/bpb,0.8313412472647614,wandb_summary_validated
78,apriori_swarm_078_subsample_B_small_pools_forward_dolma3_stack_edu_pool0.25_block1,14,olmo_base_eval/easy_bpb/mt_mbpp_haskell/bpb,1.72351788971858,wandb_summary_validated
78,apriori_swarm_078_subsample_B_small_pools_forward_dolma3_stack_edu_pool0.25_block1,15,olmo_base_eval/easy_bpb/mt_mbpp_java/bpb,0.500362906459859,wandb_summary_validated
78,apriori_swarm_078_subsample_B_small_pools_forward_dolma3_stack_edu_pool0.25_block1,16,olmo_base_eval/easy_bpb/mt_mbpp_javascript/bpb,0.8166664837237643,wandb_summary_validated
78,apriori_swarm_078_subsample_B_small_pools_forward_dolma3_stack_edu_pool0.25_block1,17,olmo_base_eval/easy_bpb/mt_mbpp_matlab/bpb,1.1913476915439254,wandb_summary_validated
78,apriori_swarm_078_subsample_B_small_pools_forward_dolma3_stack_edu_pool0.25_block1,18,olmo_base_eval/easy_bpb/mt_mbpp_php/bpb,0.7261996262054203,wandb_summary_validated
78,apriori_swarm_078_subsample_B_small_pools_forward_dolma3_stack_edu_pool0.25_block1,19,olmo_base_eval/easy_bpb/mt_mbpp_python/bpb,1.0985185597124283,wandb_summary_validated
78,apriori_swarm_078_subsample_B_small_pools_forward_dolma3_stack_edu_pool0.25_block1,20,olmo_base_eval/easy_bpb/mt_mbpp_r/bpb,1.2084288460812769,wandb_summary_validated
78,apriori_swarm_078_subsample_B_small_pools_forward_dolma3_stack_edu_pool0.25_block1,21,olmo_base_eval/easy_bpb/mt_mbpp_ruby/bpb,1.2378391821006145,wandb_summary_validated
78,apriori_swarm_078_subsample_B_small_pools_forward_dolma3_stack_edu_pool0.25_block1,22,olmo_base_eval/easy_bpb/mt_mbpp_rust/bpb,1.1023993464938646,wandb_summary_validated
78,apriori_swarm_078_subsample_B_small_pools_forward_dolma3_stack_edu_pool0.25_block1,23,olmo_base_eval/easy_bpb/mt_mbpp_scala/bpb,1.2529172652060756,wandb_summary_validated
78,apriori_swarm_078_subsample_B_small_pools_forward_dolma3_stack_edu_pool0.25_block1,24,olmo_base_eval/easy_bpb/mt_mbpp_swift/bpb,0.9135919320046169,wandb_summary_validated
78,apriori_swarm_078_subsample_B_small_pools_forward_dolma3_stack_edu_pool0.25_block1,25,olmo_base_eval/easy_bpb/mt_mbpp_typescript/bpb,0.7646819910011767,wandb_summary_validated
78,apriori_swarm_078_subsample_B_small_pools_forward_dolma3_stack_edu_pool0.25_block1,26,olmo_base_eval/easy_bpb/arc_easy/bpb,1.0423289498024497,wandb_summary_validated
78,apriori_swarm_078_subsample_B_small_pools_forward_dolma3_stack_edu_pool0.25_block1,27,olmo_base_eval/easy_bpb/arc_challenge/bpb,1.192575871158731,wandb_summary_validated
78,apriori_swarm_078_subsample_B_small_pools_forward_dolma3_stack_edu_pool0.25_block1,28,mmlu_stem,1.7621490166895373,wandb_summary_validated
78,apriori_swarm_078_subsample_B_small_pools_forward_dolma3_stack_edu_pool0.25_block1,29,mmlu_humanities,1.0093118015408582,wandb_summary_validated
78,apriori_swarm_078_subsample_B_small_pools_forward_dolma3_stack_edu_pool0.25_block1,30,mmlu_social_sciences,1.147792805363354,wandb_summary_validated
78,apriori_swarm_078_subsample_B_small_pools_forward_dolma3_stack_edu_pool0.25_block1,31,mmlu_other,1.3904452113546901,wandb_summary_validated
78,apriori_swarm_078_subsample_B_small_pools_forward_dolma3_stack_edu_pool0.25_block1,32,olmo_base_eval/easy_bpb/csqa/bpb,1.4191111834067804,wandb_summary_validated
78,apriori_swarm_078_subsample_B_small_pools_forward_dolma3_stack_edu_pool0.25_block1,33,olmo_base_eval/easy_bpb/hellaswag/bpb,0.9773235146267656,wandb_summary_validated
78,apriori_swarm_078_subsample_B_small_pools_forward_dolma3_stack_edu_pool0.25_block1,34,olmo_base_eval/easy_bpb/winogrande/bpb,1.396108941713642,wandb_summary_validated
78,apriori_swarm_078_subsample_B_small_pools_forward_dolma3_stack_edu_pool0.25_block1,35,olmo_base_eval/easy_bpb/socialiqa/bpb,1.2991425100545717,wandb_summary_validated
78,apriori_swarm_078_subsample_B_small_pools_forward_dolma3_stack_edu_pool0.25_block1,36,olmo_base_eval/easy_bpb/piqa/bpb,1.2447888691215192,wandb_summary_validated
78,apriori_swarm_078_subsample_B_small_pools_forward_dolma3_stack_edu_pool0.25_block1,37,olmo_base_eval/easy_bpb/coqa/bpb,0.8498918996229378,wandb_summary_validated
78,apriori_swarm_078_subsample_B_small_pools_forward_dolma3_stack_edu_pool0.25_block1,38,olmo_base_eval/easy_bpb/drop/bpb,1.7991255080697934,wandb_summary_validated
78,apriori_swarm_078_subsample_B_small_pools_forward_dolma3_stack_edu_pool0.25_block1,39,olmo_base_eval/easy_bpb/jeopardy/bpb,1.550212656449002,wandb_summary_validated
78,apriori_swarm_078_subsample_B_small_pools_forward_dolma3_stack_edu_pool0.25_block1,40,olmo_base_eval/easy_bpb/naturalqs/bpb,1.5988845989349083,wandb_summary_validated
78,apriori_swarm_078_subsample_B_small_pools_forward_dolma3_stack_edu_pool0.25_block1,41,olmo_base_eval/easy_bpb/squad/bpb,0.6083491227653752,wandb_summary_validated
78,apriori_swarm_078_subsample_B_small_pools_forward_dolma3_stack_edu_pool0.25_block1,42,olmo_base_eval/easy_bpb/sciq/bpb,1.1466858238493722,wandb_summary_validated
78,apriori_swarm_078_subsample_B_small_pools_forward_dolma3_stack_edu_pool0.25_block1,43,olmo_base_eval/easy_bpb/basic_skills_arithmetic/bpb,2.2857219452112827,wandb_summary_validated
78,apriori_swarm_078_subsample_B_small_pools_forward_dolma3_stack_edu_pool0.25_block1,44,olmo_base_eval/easy_bpb/basic_skills_coding/bpb,0.9915038161132413,wandb_summary_validated
78,apriori_swarm_078_subsample_B_small_pools_forward_dolma3_stack_edu_pool0.25_block1,45,olmo_base_eval/easy_bpb/basic_skills_common_knowledge/bpb,1.0842066600859794,wandb_summary_validated
78,apriori_swarm_078_subsample_B_small_pools_forward_dolma3_stack_edu_pool0.25_block1,46,olmo_base_eval/easy_bpb/basic_skills_logical_reasoning/bpb,0.4201214070259731,wandb_summary_validated
78,apriori_swarm_078_subsample_B_small_pools_forward_dolma3_stack_edu_pool0.25_block1,47,olmo_base_eval/easy_bpb/basic_skills_pattern/bpb,1.5560184885494222,wandb_summary_validated
78,apriori_swarm_078_subsample_B_small_pools_forward_dolma3_stack_edu_pool0.25_block1,48,olmo_base_eval/easy_bpb/basic_skills_string_operations/bpb,2.9232277648316805,wandb_summary_validated
78,apriori_swarm_078_subsample_B_small_pools_forward_dolma3_stack_edu_pool0.25_block1,49,olmo_base_eval/easy_bpb/lambada/bpb,0.9665848641526738,wandb_summary_validated
78,apriori_swarm_078_subsample_B_small_pools_forward_dolma3_stack_edu_pool0.25_block1,50,olmo_base_eval/easy_bpb/medmcqa/bpb,1.862128862030983,wandb_summary_validated
79,apriori_swarm_079_subsample_B_small_pools_forward_cc_high_group_pool0.5_block1,0,olmo_base_eval/easy_bpb/minerva_math_algebra/bpb,1.0597246757393382,wandb_summary_validated
79,apriori_swarm_079_subsample_B_small_pools_forward_cc_high_group_pool0.5_block1,1,olmo_base_eval/easy_bpb/minerva_math_counting_and_probability/bpb,0.9699970042921429,wandb_summary_validated
79,apriori_swarm_079_subsample_B_small_pools_forward_cc_high_group_pool0.5_block1,2,olmo_base_eval/easy_bpb/minerva_math_geometry/bpb,1.0998848714529093,wandb_summary_validated
79,apriori_swarm_079_subsample_B_small_pools_forward_cc_high_group_pool0.5_block1,3,olmo_base_eval/easy_bpb/minerva_math_intermediate_algebra/bpb,1.0362793676033222,wandb_summary_validated
79,apriori_swarm_079_subsample_B_small_pools_forward_cc_high_group_pool0.5_block1,4,olmo_base_eval/easy_bpb/minerva_math_number_theory/bpb,1.0568158323507804,wandb_summary_validated
79,apriori_swarm_079_subsample_B_small_pools_forward_cc_high_group_pool0.5_block1,5,olmo_base_eval/easy_bpb/minerva_math_prealgebra/bpb,0.9826899219201277,wandb_summary_validated
79,apriori_swarm_079_subsample_B_small_pools_forward_cc_high_group_pool0.5_block1,6,olmo_base_eval/easy_bpb/minerva_math_precalculus/bpb,0.9070462999598269,wandb_summary_validated
79,apriori_swarm_079_subsample_B_small_pools_forward_cc_high_group_pool0.5_block1,7,olmo_base_eval/easy_bpb/codex_humaneval/bpb,0.9770570906982956,wandb_summary_validated
79,apriori_swarm_079_subsample_B_small_pools_forward_cc_high_group_pool0.5_block1,8,olmo_base_eval/easy_bpb/mbpp/bpb,1.0891468352196079,wandb_summary_validated
79,apriori_swarm_079_subsample_B_small_pools_forward_cc_high_group_pool0.5_block1,9,olmo_base_eval/easy_bpb/mt_mbpp_bash/bpb,1.2111352424772952,wandb_summary_validated
79,apriori_swarm_079_subsample_B_small_pools_forward_cc_high_group_pool0.5_block1,10,olmo_base_eval/easy_bpb/mt_mbpp_c/bpb,0.6987389924409031,wandb_summary_validated
79,apriori_swarm_079_subsample_B_small_pools_forward_cc_high_group_pool0.5_block1,11,olmo_base_eval/easy_bpb/mt_mbpp_cpp/bpb,0.6735177880948434,wandb_summary_validated
79,apriori_swarm_079_subsample_B_small_pools_forward_cc_high_group_pool0.5_block1,12,olmo_base_eval/easy_bpb/mt_mbpp_csharp/bpb,0.5680861249025021,wandb_summary_validated
79,apriori_swarm_079_subsample_B_small_pools_forward_cc_high_group_pool0.5_block1,13,olmo_base_eval/easy_bpb/mt_mbpp_go/bpb,0.831503503539653,wandb_summary_validated
79,apriori_swarm_079_subsample_B_small_pools_forward_cc_high_group_pool0.5_block1,14,olmo_base_eval/easy_bpb/mt_mbpp_haskell/bpb,1.6230714029526419,wandb_summary_validated
79,apriori_swarm_079_subsample_B_small_pools_forward_cc_high_group_pool0.5_block1,15,olmo_base_eval/easy_bpb/mt_mbpp_java/bpb,0.5007984171541703,wandb_summary_validated
79,apriori_swarm_079_subsample_B_small_pools_forward_cc_high_group_pool0.5_block1,16,olmo_base_eval/easy_bpb/mt_mbpp_javascript/bpb,0.8077146846997376,wandb_summary_validated
79,apriori_swarm_079_subsample_B_small_pools_forward_cc_high_group_pool0.5_block1,17,olmo_base_eval/easy_bpb/mt_mbpp_matlab/bpb,1.1861153224286587,wandb_summary_validated
79,apriori_swarm_079_subsample_B_small_pools_forward_cc_high_group_pool0.5_block1,18,olmo_base_eval/easy_bpb/mt_mbpp_php/bpb,0.7313419992084367,wandb_summary_validated
79,apriori_swarm_079_subsample_B_small_pools_forward_cc_high_group_pool0.5_block1,19,olmo_base_eval/easy_bpb/mt_mbpp_python/bpb,1.0889862203669893,wandb_summary_validated
79,apriori_swarm_079_subsample_B_small_pools_forward_cc_high_group_pool0.5_block1,20,olmo_base_eval/easy_bpb/mt_mbpp_r/bpb,1.195042065911172,wandb_summary_validated
79,apriori_swarm_079_subsample_B_small_pools_forward_cc_high_group_pool0.5_block1,21,olmo_base_eval/easy_bpb/mt_mbpp_ruby/bpb,1.2280701784317265,wandb_summary_validated
79,apriori_swarm_079_subsample_B_small_pools_forward_cc_high_group_pool0.5_block1,22,olmo_base_eval/easy_bpb/mt_mbpp_rust/bpb,1.118407469021288,wandb_summary_validated
79,apriori_swarm_079_subsample_B_small_pools_forward_cc_high_group_pool0.5_block1,23,olmo_base_eval/easy_bpb/mt_mbpp_scala/bpb,1.2458310120082117,wandb_summary_validated
79,apriori_swarm_079_subsample_B_small_pools_forward_cc_high_group_pool0.5_block1,24,olmo_base_eval/easy_bpb/mt_mbpp_swift/bpb,0.9235255405833921,wandb_summary_validated
79,apriori_swarm_079_subsample_B_small_pools_forward_cc_high_group_pool0.5_block1,25,olmo_base_eval/easy_bpb/mt_mbpp_typescript/bpb,0.7609108981251168,wandb_summary_validated
79,apriori_swarm_079_subsample_B_small_pools_forward_cc_high_group_pool0.5_block1,26,olmo_base_eval/easy_bpb/arc_easy/bpb,1.0675782339042774,wandb_summary_validated
79,apriori_swarm_079_subsample_B_small_pools_forward_cc_high_group_pool0.5_block1,27,olmo_base_eval/easy_bpb/arc_challenge/bpb,1.2231146114156783,wandb_summary_validated
79,apriori_swarm_079_subsample_B_small_pools_forward_cc_high_group_pool0.5_block1,28,mmlu_stem,1.7918946509194287,wandb_summary_validated
79,apriori_swarm_079_subsample_B_small_pools_forward_cc_high_group_pool0.5_block1,29,mmlu_humanities,1.0188897485811423,wandb_summary_validated
79,apriori_swarm_079_subsample_B_small_pools_forward_cc_high_group_pool0.5_block1,30,mmlu_social_sciences,1.1646414737952202,wandb_summary_validated
79,apriori_swarm_079_subsample_B_small_pools_forward_cc_high_group_pool0.5_block1,31,mmlu_other,1.391274826789713,wandb_summary_validated
79,apriori_swarm_079_subsample_B_small_pools_forward_cc_high_group_pool0.5_block1,32,olmo_base_eval/easy_bpb/csqa/bpb,1.4215673584007604,wandb_summary_validated
79,apriori_swarm_079_subsample_B_small_pools_forward_cc_high_group_pool0.5_block1,33,olmo_base_eval/easy_bpb/hellaswag/bpb,0.9744945385989376,wandb_summary_validated
79,apriori_swarm_079_subsample_B_small_pools_forward_cc_high_group_pool0.5_block1,34,olmo_base_eval/easy_bpb/winogrande/bpb,1.4054515769199887,wandb_summary_validated
79,apriori_swarm_079_subsample_B_small_pools_forward_cc_high_group_pool0.5_block1,35,olmo_base_eval/easy_bpb/socialiqa/bpb,1.325246956795589,wandb_summary_validated
79,apriori_swarm_079_subsample_B_small_pools_forward_cc_high_group_pool0.5_block1,36,olmo_base_eval/easy_bpb/piqa/bpb,1.2377908297179676,wandb_summary_validated
79,apriori_swarm_079_subsample_B_small_pools_forward_cc_high_group_pool0.5_block1,37,olmo_base_eval/easy_bpb/coqa/bpb,0.8261230642468603,wandb_summary_validated
79,apriori_swarm_079_subsample_B_small_pools_forward_cc_high_group_pool0.5_block1,38,olmo_base_eval/easy_bpb/drop/bpb,1.7934212394521634,wandb_summary_validated
79,apriori_swarm_079_subsample_B_small_pools_forward_cc_high_group_pool0.5_block1,39,olmo_base_eval/easy_bpb/jeopardy/bpb,1.5617652614469766,wandb_summary_validated
79,apriori_swarm_079_subsample_B_small_pools_forward_cc_high_group_pool0.5_block1,40,olmo_base_eval/easy_bpb/naturalqs/bpb,1.5904780411939368,wandb_summary_validated
79,apriori_swarm_079_subsample_B_small_pools_forward_cc_high_group_pool0.5_block1,41,olmo_base_eval/easy_bpb/squad/bpb,0.569070695070051,wandb_summary_validated
79,apriori_swarm_079_subsample_B_small_pools_forward_cc_high_group_pool0.5_block1,42,olmo_base_eval/easy_bpb/sciq/bpb,1.1403698020871154,wandb_summary_validated
79,apriori_swarm_079_subsample_B_small_pools_forward_cc_high_group_pool0.5_block1,43,olmo_base_eval/easy_bpb/basic_skills_arithmetic/bpb,2.2447111149409884,wandb_summary_validated
79,apriori_swarm_079_subsample_B_small_pools_forward_cc_high_group_pool0.5_block1,44,olmo_base_eval/easy_bpb/basic_skills_coding/bpb,1.0183528577745806,wandb_summary_validated
79,apriori_swarm_079_subsample_B_small_pools_forward_cc_high_group_pool0.5_block1,45,olmo_base_eval/easy_bpb/basic_skills_common_knowledge/bpb,1.085154136759425,wandb_summary_validated
79,apriori_swarm_079_subsample_B_small_pools_forward_cc_high_group_pool0.5_block1,46,olmo_base_eval/easy_bpb/basic_skills_logical_reasoning/bpb,0.3671873368717056,wandb_summary_validated
79,apriori_swarm_079_subsample_B_small_pools_forward_cc_high_group_pool0.5_block1,47,olmo_base_eval/easy_bpb/basic_skills_pattern/bpb,1.6053372346646861,wandb_summary_validated
79,apriori_swarm_079_subsample_B_small_pools_forward_cc_high_group_pool0.5_block1,48,olmo_base_eval/easy_bpb/basic_skills_string_operations/bpb,2.8655457522048042,wandb_summary_validated
79,apriori_swarm_079_subsample_B_small_pools_forward_cc_high_group_pool0.5_block1,49,olmo_base_eval/easy_bpb/lambada/bpb,0.9563716718275903,wandb_summary_validated
79,apriori_swarm_079_subsample_B_small_pools_forward_cc_high_group_pool0.5_block1,50,olmo_base_eval/easy_bpb/medmcqa/bpb,1.8820171288265077,wandb_summary_validated
80,apriori_swarm_080_subsample_B_small_pools_forward_cc_high_group_pool0.25_block1,0,olmo_base_eval/easy_bpb/minerva_math_algebra/bpb,1.0752295268363352,wandb_summary_validated
80,apriori_swarm_080_subsample_B_small_pools_forward_cc_high_group_pool0.25_block1,1,olmo_base_eval/easy_bpb/minerva_math_counting_and_probability/bpb,0.9677921898627652,wandb_summary_validated
80,apriori_swarm_080_subsample_B_small_pools_forward_cc_high_group_pool0.25_block1,2,olmo_base_eval/easy_bpb/minerva_math_geometry/bpb,1.1056275962189368,wandb_summary_validated
80,apriori_swarm_080_subsample_B_small_pools_forward_cc_high_group_pool0.25_block1,3,olmo_base_eval/easy_bpb/minerva_math_intermediate_algebra/bpb,1.0406029782856243,wandb_summary_validated
80,apriori_swarm_080_subsample_B_small_pools_forward_cc_high_group_pool0.25_block1,4,olmo_base_eval/easy_bpb/minerva_math_number_theory/bpb,1.0632282264041302,wandb_summary_validated
80,apriori_swarm_080_subsample_B_small_pools_forward_cc_high_group_pool0.25_block1,5,olmo_base_eval/easy_bpb/minerva_math_prealgebra/bpb,0.9884888609488701,wandb_summary_validated
80,apriori_swarm_080_subsample_B_small_pools_forward_cc_high_group_pool0.25_block1,6,olmo_base_eval/easy_bpb/minerva_math_precalculus/bpb,0.9108716040925594,wandb_summary_validated
80,apriori_swarm_080_subsample_B_small_pools_forward_cc_high_group_pool0.25_block1,7,olmo_base_eval/easy_bpb/codex_humaneval/bpb,0.9531185423370384,wandb_summary_validated
80,apriori_swarm_080_subsample_B_small_pools_forward_cc_high_group_pool0.25_block1,8,olmo_base_eval/easy_bpb/mbpp/bpb,1.0930646242643711,wandb_summary_validated
80,apriori_swarm_080_subsample_B_small_pools_forward_cc_high_group_pool0.25_block1,9,olmo_base_eval/easy_bpb/mt_mbpp_bash/bpb,1.2175737234903552,wandb_summary_validated
80,apriori_swarm_080_subsample_B_small_pools_forward_cc_high_group_pool0.25_block1,10,olmo_base_eval/easy_bpb/mt_mbpp_c/bpb,0.695459014006988,wandb_summary_validated
80,apriori_swarm_080_subsample_B_small_pools_forward_cc_high_group_pool0.25_block1,11,olmo_base_eval/easy_bpb/mt_mbpp_cpp/bpb,0.6637044534561465,wandb_summary_validated
80,apriori_swarm_080_subsample_B_small_pools_forward_cc_high_group_pool0.25_block1,12,olmo_base_eval/easy_bpb/mt_mbpp_csharp/bpb,0.5477378928131804,wandb_summary_validated
80,apriori_swarm_080_subsample_B_small_pools_forward_cc_high_group_pool0.25_block1,13,olmo_base_eval/easy_bpb/mt_mbpp_go/bpb,0.8194578419673109,wandb_summary_validated
80,apriori_swarm_080_subsample_B_small_pools_forward_cc_high_group_pool0.25_block1,14,olmo_base_eval/easy_bpb/mt_mbpp_haskell/bpb,1.6756947606798307,wandb_summary_validated
80,apriori_swarm_080_subsample_B_small_pools_forward_cc_high_group_pool0.25_block1,15,olmo_base_eval/easy_bpb/mt_mbpp_java/bpb,0.4931481861190958,wandb_summary_validated
80,apriori_swarm_080_subsample_B_small_pools_forward_cc_high_group_pool0.25_block1,16,olmo_base_eval/easy_bpb/mt_mbpp_javascript/bpb,0.8081161633986351,wandb_summary_validated
80,apriori_swarm_080_subsample_B_small_pools_forward_cc_high_group_pool0.25_block1,17,olmo_base_eval/easy_bpb/mt_mbpp_matlab/bpb,1.2064019226612968,wandb_summary_validated
80,apriori_swarm_080_subsample_B_small_pools_forward_cc_high_group_pool0.25_block1,18,olmo_base_eval/easy_bpb/mt_mbpp_php/bpb,0.7131136466820729,wandb_summary_validated
80,apriori_swarm_080_subsample_B_small_pools_forward_cc_high_group_pool0.25_block1,19,olmo_base_eval/easy_bpb/mt_mbpp_python/bpb,1.0961351948943825,wandb_summary_validated
80,apriori_swarm_080_subsample_B_small_pools_forward_cc_high_group_pool0.25_block1,20,olmo_base_eval/easy_bpb/mt_mbpp_r/bpb,1.18143129051659,wandb_summary_validated
80,apriori_swarm_080_subsample_B_small_pools_forward_cc_high_group_pool0.25_block1,21,olmo_base_eval/easy_bpb/mt_mbpp_ruby/bpb,1.234239522003189,wandb_summary_validated
80,apriori_swarm_080_subsample_B_small_pools_forward_cc_high_group_pool0.25_block1,22,olmo_base_eval/easy_bpb/mt_mbpp_rust/bpb,1.1241779389477822,wandb_summary_validated
80,apriori_swarm_080_subsample_B_small_pools_forward_cc_high_group_pool0.25_block1,23,olmo_base_eval/easy_bpb/mt_mbpp_scala/bpb,1.2631824829382237,wandb_summary_validated
80,apriori_swarm_080_subsample_B_small_pools_forward_cc_high_group_pool0.25_block1,24,olmo_base_eval/easy_bpb/mt_mbpp_swift/bpb,0.9365012319462469,wandb_summary_validated
80,apriori_swarm_080_subsample_B_small_pools_forward_cc_high_group_pool0.25_block1,25,olmo_base_eval/easy_bpb/mt_mbpp_typescript/bpb,0.7567117629337062,wandb_summary_validated
80,apriori_swarm_080_subsample_B_small_pools_forward_cc_high_group_pool0.25_block1,26,olmo_base_eval/easy_bpb/arc_easy/bpb,1.0796858652991608,wandb_summary_validated
80,apriori_swarm_080_subsample_B_small_pools_forward_cc_high_group_pool0.25_block1,27,olmo_base_eval/easy_bpb/arc_challenge/bpb,1.215097827413813,wandb_summary_validated
80,apriori_swarm_080_subsample_B_small_pools_forward_cc_high_group_pool0.25_block1,28,mmlu_stem,1.7956307928046038,wandb_summary_validated
80,apriori_swarm_080_subsample_B_small_pools_forward_cc_high_group_pool0.25_block1,29,mmlu_humanities,0.9905068183350002,wandb_summary_validated
80,apriori_swarm_080_subsample_B_small_pools_forward_cc_high_group_pool0.25_block1,30,mmlu_social_sciences,1.166337849602957,wandb_summary_validated
80,apriori_swarm_080_subsample_B_small_pools_forward_cc_high_group_pool0.25_block1,31,mmlu_other,1.3921562814987387,wandb_summary_validated
80,apriori_swarm_080_subsample_B_small_pools_forward_cc_high_group_pool0.25_block1,32,olmo_base_eval/easy_bpb/csqa/bpb,1.4321090165940553,wandb_summary_validated
80,apriori_swarm_080_subsample_B_small_pools_forward_cc_high_group_pool0.25_block1,33,olmo_base_eval/easy_bpb/hellaswag/bpb,0.9817452011109412,wandb_summary_validated
80,apriori_swarm_080_subsample_B_small_pools_forward_cc_high_group_pool0.25_block1,34,olmo_base_eval/easy_bpb/winogrande/bpb,1.4000703834349832,wandb_summary_validated
80,apriori_swarm_080_subsample_B_small_pools_forward_cc_high_group_pool0.25_block1,35,olmo_base_eval/easy_bpb/socialiqa/bpb,1.287811756433276,wandb_summary_validated
80,apriori_swarm_080_subsample_B_small_pools_forward_cc_high_group_pool0.25_block1,36,olmo_base_eval/easy_bpb/piqa/bpb,1.2444706870517015,wandb_summary_validated
80,apriori_swarm_080_subsample_B_small_pools_forward_cc_high_group_pool0.25_block1,37,olmo_base_eval/easy_bpb/coqa/bpb,0.8627134351363792,wandb_summary_validated
80,apriori_swarm_080_subsample_B_small_pools_forward_cc_high_group_pool0.25_block1,38,olmo_base_eval/easy_bpb/drop/bpb,1.8116383959952431,wandb_summary_validated
80,apriori_swarm_080_subsample_B_small_pools_forward_cc_high_group_pool0.25_block1,39,olmo_base_eval/easy_bpb/jeopardy/bpb,1.5423357318897573,wandb_summary_validated
80,apriori_swarm_080_subsample_B_small_pools_forward_cc_high_group_pool0.25_block1,40,olmo_base_eval/easy_bpb/naturalqs/bpb,1.5736011318323575,wandb_summary_validated
80,apriori_swarm_080_subsample_B_small_pools_forward_cc_high_group_pool0.25_block1,41,olmo_base_eval/easy_bpb/squad/bpb,0.5670106316473046,wandb_summary_validated
80,apriori_swarm_080_subsample_B_small_pools_forward_cc_high_group_pool0.25_block1,42,olmo_base_eval/easy_bpb/sciq/bpb,1.1444711028422008,wandb_summary_validated
80,apriori_swarm_080_subsample_B_small_pools_forward_cc_high_group_pool0.25_block1,43,olmo_base_eval/easy_bpb/basic_skills_arithmetic/bpb,2.1885275352075713,wandb_summary_validated
80,apriori_swarm_080_subsample_B_small_pools_forward_cc_high_group_pool0.25_block1,44,olmo_base_eval/easy_bpb/basic_skills_coding/bpb,0.9612934691398947,wandb_summary_validated
80,apriori_swarm_080_subsample_B_small_pools_forward_cc_high_group_pool0.25_block1,45,olmo_base_eval/easy_bpb/basic_skills_common_knowledge/bpb,1.0970421415618778,wandb_summary_validated
80,apriori_swarm_080_subsample_B_small_pools_forward_cc_high_group_pool0.25_block1,46,olmo_base_eval/easy_bpb/basic_skills_logical_reasoning/bpb,0.38465261075873663,wandb_summary_validated
80,apriori_swarm_080_subsample_B_small_pools_forward_cc_high_group_pool0.25_block1,47,olmo_base_eval/easy_bpb/basic_skills_pattern/bpb,1.5535645621898895,wandb_summary_validated
80,apriori_swarm_080_subsample_B_small_pools_forward_cc_high_group_pool0.25_block1,48,olmo_base_eval/easy_bpb/basic_skills_string_operations/bpb,2.7882785640497962,wandb_summary_validated
80,apriori_swarm_080_subsample_B_small_pools_forward_cc_high_group_pool0.25_block1,49,olmo_base_eval/easy_bpb/lambada/bpb,0.9536111918282815,wandb_summary_validated
80,apriori_swarm_080_subsample_B_small_pools_forward_cc_high_group_pool0.25_block1,50,olmo_base_eval/easy_bpb/medmcqa/bpb,1.8532391416215768,wandb_summary_validated
