{
  "variant": "dsp_saturation_penalty_split_nnls",
  "params": {
    "rho": [
      0.050370718456886156,
      0.46282994102918656,
      0.652121055058693,
      0.49120958697962697,
      0.7740182509372837,
      0.8730130952136275,
      1.135431421495696,
      0.6668108796503964,
      0.43377694407752093,
      0.19518303250178973,
      0.3604456263374226,
      0.5779579532273628,
      0.09982103518557688,
      0.5069495428571025,
      0.17268084819832633,
      0.9720825219496624,
      0.2892836013215117,
      0.4097908818852413,
      0.9293962548144483,
      1.6149554056674482,
      0.09519486113282596,
      1.1227789741928502,
      0.21728916937205114,
      0.6066592348614211,
      1.1838193063450302,
      0.5677784433956348,
      0.548437496369189,
      0.14941670725297776,
      0.07120076226125177,
      0.00480449312438588,
      0.2739066463067517,
      0.4424706754013424,
      0.07096617131395574,
      0.10416558681402638,
      0.01825625363452338,
      0.47769241737249657,
      0.05266594912726965,
      0.3516384165621907,
      0.6424870103886153
    ],
    "tau": [
      3.7022889653125803,
      -0.3157203798914277,
      1.6095047892823737,
      2.4032429898235534,
      2.458742085069609,
      -0.8850712162239616,
      1.8225551955088275,
      2.1556358201218213,
      3.3798680333030697,
      1.1653174171830387,
      -0.9084274913838085,
      0.3073992327806018,
      -0.38065353255278506,
      0.5366300238100561,
      -0.24880617428739843,
      -0.3636611946096826,
      2.3976144970081363,
      -0.01686371593961948,
      -1.4815023794502744,
      1.2214415971992705,
      0.5787231621540923,
      3.2614970570256547,
      1.1497773890033047,
      1.4101562015194065,
      1.6881997238094233,
      0.4260140183992755,
      1.7166493992177814,
      1.9654184257787406,
      2.533816540653489,
      4.199611419778161,
      -1.2001531292377163,
      0.2441650380177003,
      2.938681521158988,
      5.713893647044742,
      3.381891612368554,
      5.677218951659958,
      2.814054929047648,
      -0.08113743488077814,
      0.7927210400732491
    ],
    "gamma_saturation": 69.93662889742565,
    "gamma_penalty": 5.654080286326541
  },
  "intercept": 0.8937424675083544,
  "benefit_coef": [
    0.0063125744715537896,
    0.0,
    0.0,
    0.0018280491017904684,
    0.007574850971157899,
    0.0023988529880370106,
    0.0,
    0.005023385340289008,
    0.0005611673874250091,
    0.0,
    0.0,
    0.00443945736267726,
    0.0,
    0.0,
    0.0,
    0.008120667187367956,
    0.0,
    0.0,
    0.010776017867823189,
    0.001791404333001756,
    0.0005891151101912404,
    0.0029559198190872763,
    0.0010039223440649302,
    0.002923116978333334,
    0.012349693179186187,
    0.0,
    0.007824431828584442,
    0.005501631092138947,
    0.024501347574853696,
    0.005856312721705065,
    0.00022113540932412537,
    0.0032560927941972704,
    0.02046969324107199,
    0.0400178983292355,
    0.019730913574211882,
    0.004533451349076645,
    0.0,
    0.009246533805168126,
    0.0
  ],
  "penalty_coef": [
    0.022490068610773125,
    0.0026388738991733073,
    0.006786569881640344,
    0.05685606042501801,
    0.02557170270124861,
    0.0037681147591864562,
    0.02644617254210979,
    0.043936068340625606,
    0.101249841848777,
    0.03228480983694133,
    0.0024993061488136196,
    0.01881618429773397,
    0.00581990209037793,
    0.007349847315295113,
    0.00291934148652189,
    0.005107580909578486,
    0.0379044413839448,
    0.010219313082190805,
    0.0026396956148631084,
    0.0106254745421116,
    0.0023304066307293938,
    0.11354251181997223,
    0.004671810317127346,
    0.017793660188089234,
    0.007589189258250507,
    0.005019438460901822,
    0.01106603922132201,
    0.006475242478417687,
    0.012902961134420122,
    0.015811999931382787,
    0.007432077644152269,
    0.0025456282800291868,
    0.0,
    0.1267880282243317,
    0.01389566425185236,
    0.6443565869801386,
    0.006833066825849718,
    0.010741209094385732,
    0.0035650978464947577
  ],
  "metrics": {
    "variant": "dsp_saturation_penalty_split_nnls",
    "description": "Unties effective exposure into separate saturation and penalty multipliers, with no benefit premium.",
    "phase_mode": "saturation_penalty",
    "retention_mode": "none",
    "penalty_mode": "log_softplus_squared",
    "linear_mode": "nnls",
    "m_dependent_params_per_domain": 4,
    "total_param_count": 159,
    "fitted_gamma": NaN,
    "fitted_gamma_benefit": 0.0,
    "fitted_gamma_saturation": 69.93662889742565,
    "fitted_gamma_penalty": 5.654080286326541,
    "fitted_lam": NaN,
    "train_rmse": 0.004269438733342488,
    "train_spearman": 0.9678168160501872,
    "train_pearson": 0.9731375291227689,
    "cv_rmse": 0.006406628735480194,
    "cv_mae": 0.005115972389675791,
    "oof_spearman": 0.9293119806133765,
    "oof_pearson": 0.9392328248034375,
    "cv_foldmean_regret_at_1": 0.0,
    "cv_regret_at_1": 0.00022238492965698242,
    "lower_tail_optimism": 0.003456825825643274,
    "raw_predicted_optimum_value": 0.7874765018842265,
    "raw_nearest_observed_tv": 0.5,
    "raw_nearest_observed_run_name": "baseline_stratified",
    "raw_nearest_observed_value": 0.9688005447387696,
    "raw_phase0_support_gt_1e3": 1,
    "raw_phase1_support_gt_1e3": 24,
    "phase0_max_weight": 1.0,
    "phase1_max_weight": 0.7077520412074644,
    "optimum_success": true,
    "optimum_message": "CONVERGENCE: NORM OF PROJECTED GRADIENT <= PGTOL"
  }
}
