{
  "variant": "dsp_saturation_penalty_split_nnls",
  "params": {
    "rho": [
      0.0368011112669316,
      0.32088353469575376,
      0.6366675499645552,
      0.4769236425205673,
      0.5603537829610303,
      0.615989112060753,
      1.1821410500092235,
      0.8705578392720335,
      0.31374649879263505,
      0.2002833774926784,
      0.310465463744286,
      1.8300094412888228,
      0.09813927327132546,
      0.44685808167933566,
      0.17182342611348736,
      0.3113448466598571,
      0.4238970369541674,
      0.16518563949780224,
      0.7208226413682383,
      2.0,
      0.2918677394840767,
      0.9583457242538614,
      0.1494945920609474,
      0.07387369362753618,
      0.7047410872595862,
      0.016249239001891614,
      0.06108064380146433,
      0.16464881741160287,
      0.4122378525746999,
      0.013039279167504324,
      0.21209828516690868,
      0.3486587195355412,
      0.5342315528711004,
      0.02491927617722572,
      0.11990977796742924,
      0.047755201032005826,
      0.049212089131033615,
      1.1582919211821356,
      0.5716979834864211
    ],
    "tau": [
      5.550742561692058,
      -0.5534150498471739,
      2.0413635934688728,
      2.2221068153806067,
      2.3789362677444728,
      -0.5073643968683077,
      0.633667208256235,
      1.4231729435964084,
      2.7496512077770046,
      2.467732547405483,
      -0.3405646145887473,
      1.4414682476586675,
      -0.46916718508289346,
      1.1243500849655903,
      0.029289238664791675,
      0.4825069998336344,
      1.6741368766680556,
      -1.7444886053276896,
      -0.05706105947538311,
      1.3650590414990362,
      1.275668377996059,
      3.7037175782858682,
      2.158838694763105,
      1.82835661709158,
      -0.1578206694581761,
      -0.5739108596395321,
      2.592275758412109,
      1.2284711895121776,
      2.188401102609717,
      3.225807817116952,
      -0.7433667439433091,
      0.759106853182639,
      1.6030278838447067,
      2.98349285618547,
      5.849463187235691,
      6.342005109203762,
      2.455774711879548,
      -0.9449638958312583,
      1.6037989996498685
    ],
    "gamma_saturation": 13.000007983493672,
    "gamma_penalty": 4.279243435841029
  },
  "intercept": 0.9380065222861743,
  "benefit_coef": [
    0.006272612338356294,
    0.0,
    0.0,
    0.0005370802544402717,
    0.0020904796002758717,
    0.0,
    0.0006062863316670452,
    0.0,
    0.0,
    0.0,
    0.0,
    0.0021297252357745317,
    0.0,
    0.0,
    0.00036343929864139353,
    0.0,
    0.0,
    0.01093673968042651,
    0.0006510760237085467,
    0.0024553070583125274,
    0.0,
    0.0,
    0.004004453240762729,
    0.017590084259648624,
    0.001107708725572498,
    0.09988712257322262,
    0.01213989211407315,
    0.002736367805213258,
    0.031757330158159326,
    0.0,
    0.0071716170061871315,
    0.0,
    0.02775764644637118,
    0.004746661849897959,
    0.02542326787584065,
    0.0006929230610208147,
    0.008965787071322746,
    0.01561009284242684,
    0.0
  ],
  "penalty_coef": [
    1.3985873749744893,
    0.0026166249500135684,
    0.012924702141830524,
    0.04817873239325347,
    0.02373151628972397,
    0.0038775810970150906,
    0.007194322438275935,
    0.012041747592182338,
    0.04166822514510927,
    0.2768734939299349,
    0.003614041532341751,
    0.09136880023495694,
    0.004267645534744527,
    0.016109014403391544,
    0.0030837062660163898,
    0.009641516077531354,
    0.017757910537431715,
    0.004222860633459812,
    0.005536774469712133,
    0.014177123527614749,
    0.004150424640563012,
    0.2588743187585293,
    0.01596573882705644,
    0.04982949532572094,
    0.0021056757334146138,
    0.004093555598384765,
    0.0717753602252235,
    0.004205499922328539,
    0.002101493358493561,
    0.006022811522193897,
    0.012832605086223798,
    0.0007140836142558443,
    0.0,
    0.00786534747585926,
    2.4735065571032178,
    4.734844586047252,
    0.010313131138339296,
    0.00808570487170245,
    0.006883626440247538
  ],
  "metrics": {
    "variant": "dsp_saturation_penalty_split_nnls",
    "description": "Unties effective exposure into separate saturation and penalty multipliers, with no benefit premium.",
    "phase_mode": "saturation_penalty",
    "retention_mode": "none",
    "penalty_mode": "log_softplus_squared",
    "linear_mode": "nnls",
    "m_dependent_params_per_domain": 4,
    "total_param_count": 159,
    "fitted_gamma": NaN,
    "fitted_gamma_benefit": 0.0,
    "fitted_gamma_saturation": 13.000007983493672,
    "fitted_gamma_penalty": 4.279243435841029,
    "fitted_lam": NaN,
    "train_rmse": 0.005219444952471806,
    "train_spearman": 0.9447672584853525,
    "train_pearson": 0.9626540539735037,
    "cv_rmse": 0.007321075580315103,
    "cv_mae": 0.005808218553608826,
    "oof_spearman": 0.8977248913122169,
    "oof_pearson": 0.9262133708538637,
    "cv_foldmean_regret_at_1": 0.002564620971679732,
    "cv_regret_at_1": 0.0,
    "lower_tail_optimism": 0.0034863941868624407,
    "raw_predicted_optimum_value": 0.9123004811110565,
    "raw_nearest_observed_tv": 0.8265579089607117,
    "raw_nearest_observed_run_name": "run_00178",
    "raw_nearest_observed_value": 1.0749270915985107,
    "raw_phase0_support_gt_1e3": 1,
    "raw_phase1_support_gt_1e3": 14,
    "phase0_max_weight": 0.9999991850160431,
    "phase1_max_weight": 0.6918991942449815,
    "optimum_success": true,
    "optimum_message": "CONVERGENCE: NORM OF PROJECTED GRADIENT <= PGTOL"
  }
}
