candidate_id,target,target_label,epoch_cap,bucket_position,domain,runtime_count,weight,proportional_weight,full_uncheatable_optimum_weight,materialized_epochs,cap_active
wspu_worsened_cap02,uncheatable_worsened,Uncheatable worsened trio,2,0,dolma3_arxiv,5,0.00244140625,0.0040417726214116954,0.02099609375,0.5468725432367925,False
wspu_worsened_cap02,uncheatable_worsened,Uncheatable worsened trio,2,1,dolma3_cc/art_and_design_high,38,0.0185546875,0.016341700024385182,0.0029296875,1.0279555962427793,False
wspu_worsened_cap02,uncheatable_worsened,Uncheatable worsened trio,2,2,dolma3_cc/art_and_design_low,0,0.0,0.006632910236026645,0.0,0.0,False
wspu_worsened_cap02,uncheatable_worsened,Uncheatable worsened trio,2,3,dolma3_cc/crime_and_law_high,99,0.04833984375,0.0219961630999221,0.01318359375,1.9896480290577936,True
wspu_worsened_cap02,uncheatable_worsened,Uncheatable worsened trio,2,4,dolma3_cc/crime_and_law_low,44,0.021484375,0.009880807972021378,0.0087890625,1.9685579776929734,True
wspu_worsened_cap02,uncheatable_worsened,Uncheatable worsened trio,2,5,dolma3_cc/education_and_jobs_high,21,0.01025390625,0.03596412161185751,0.01318359375,0.2581296127665045,False
wspu_worsened_cap02,uncheatable_worsened,Uncheatable worsened trio,2,6,dolma3_cc/education_and_jobs_low,0,0.0,0.017616064987960596,0.0,0.0,False
wspu_worsened_cap02,uncheatable_worsened,Uncheatable worsened trio,2,7,dolma3_cc/electronics_and_hardware_high,7,0.00341796875,0.01897568936230047,0.0146484375,0.16307540678161697,False
wspu_worsened_cap02,uncheatable_worsened,Uncheatable worsened trio,2,8,dolma3_cc/electronics_and_hardware_low,0,0.0,0.00891925713424284,0.0,0.0,False
wspu_worsened_cap02,uncheatable_worsened,Uncheatable worsened trio,2,9,dolma3_cc/entertainment_high,274,0.1337890625,0.0606049913397554,0.01708984375,1.9986196916112198,True
wspu_worsened_cap02,uncheatable_worsened,Uncheatable worsened trio,2,10,dolma3_cc/entertainment_low,72,0.03515625,0.02205491173716609,0.00244140625,1.4431622663269752,False
wspu_worsened_cap02,uncheatable_worsened,Uncheatable worsened trio,2,11,dolma3_cc/finance_and_business_high,24,0.01171875,0.07786004609365799,0.0009765625,0.136265080757693,False
wspu_worsened_cap02,uncheatable_worsened,Uncheatable worsened trio,2,12,dolma3_cc/finance_and_business_low,19,0.00927734375,0.03709966164665425,0.00341796875,0.2263975093921436,False
wspu_worsened_cap02,uncheatable_worsened,Uncheatable worsened trio,2,13,dolma3_cc/food_and_dining_high,2,0.0009765625,0.02445302715630018,0.00048828125,0.03615641463984178,False
wspu_worsened_cap02,uncheatable_worsened,Uncheatable worsened trio,2,14,dolma3_cc/food_and_dining_low,0,0.0,0.012036210703071088,0.001953125,0.0,False
wspu_worsened_cap02,uncheatable_worsened,Uncheatable worsened trio,2,15,dolma3_cc/games_high,98,0.0478515625,0.03234018759289552,0.0205078125,1.339588879613661,False
wspu_worsened_cap02,uncheatable_worsened,Uncheatable worsened trio,2,16,dolma3_cc/games_low,10,0.0048828125,0.012124970556605505,0.00048828125,0.3645921385684675,False
wspu_worsened_cap02,uncheatable_worsened,Uncheatable worsened trio,2,17,dolma3_cc/health_high,4,0.001953125,0.06233059103919839,0.0,0.02836917713507602,False
wspu_worsened_cap02,uncheatable_worsened,Uncheatable worsened trio,2,18,dolma3_cc/health_low,66,0.0322265625,0.026565357446222893,0.0009765625,1.0982880655050575,False
wspu_worsened_cap02,uncheatable_worsened,Uncheatable worsened trio,2,19,dolma3_cc/history_and_geography_high,87,0.04248046875,0.0193391600820501,0.01904296875,1.9887016634148327,True
wspu_worsened_cap02,uncheatable_worsened,Uncheatable worsened trio,2,20,dolma3_cc/history_and_geography_low,13,0.00634765625,0.005322054367593216,0.00537109375,1.0798216688464892,False
wspu_worsened_cap02,uncheatable_worsened,Uncheatable worsened trio,2,21,dolma3_cc/industrial_high,22,0.0107421875,0.011690160431395485,0.013671875,0.8319365449911581,False
wspu_worsened_cap02,uncheatable_worsened,Uncheatable worsened trio,2,22,dolma3_cc/industrial_low,25,0.01220703125,0.006189591154405127,0.01318359375,1.7855254228570154,False
wspu_worsened_cap02,uncheatable_worsened,Uncheatable worsened trio,2,23,dolma3_cc/literature_high,167,0.08154296875,0.03697748779106642,0.10888671875,1.99648964266725,True
wspu_worsened_cap02,uncheatable_worsened,Uncheatable worsened trio,2,24,dolma3_cc/literature_low,44,0.021484375,0.009859327578240708,0.015625,1.972846850357499,True
wspu_worsened_cap02,uncheatable_worsened,Uncheatable worsened trio,2,25,dolma3_cc/science_math_and_technology_high,42,0.0205078125,0.03478704926566068,0.12353515625,0.5337276360671486,False
wspu_worsened_cap02,uncheatable_worsened,Uncheatable worsened trio,2,26,dolma3_cc/science_math_and_technology_low,17,0.00830078125,0.015879788098040967,0.03955078125,0.4732517311083244,False
wspu_worsened_cap02,uncheatable_worsened,Uncheatable worsened trio,2,27,dolma3_finemath_3plus,14,0.0068359375,0.004866841497454691,0.01708984375,1.2716536025827538,False
wspu_worsened_cap02,uncheatable_worsened,Uncheatable worsened trio,2,28,dolma3_stack_edu,0,0.0,0.019190204935443485,0.10302734375,0.0,False
wspu_worsened_cap02,uncheatable_worsened,Uncheatable worsened trio,2,29,dolma3_wikipedia,0,0.0,0.0005251805879418041,0.001953125,0.0,False
wspu_worsened_cap02,uncheatable_worsened,Uncheatable worsened trio,2,30,dolmino_common_crawl_hq,426,0.2080078125,0.18859216494964032,0.0380859375,0.9985594954095773,False
wspu_worsened_cap02,uncheatable_worsened,Uncheatable worsened trio,2,31,dolmino_olmocr_pdfs_hq,31,0.01513671875,0.029471752782588265,0.158203125,0.4649901155035829,False
wspu_worsened_cap02,uncheatable_worsened,Uncheatable worsened trio,2,32,dolmino_stack_edu_fim,0,0.0,0.019163297489321513,0.1005859375,0.0,False
wspu_worsened_cap02,uncheatable_worsened,Uncheatable worsened trio,2,33,dolmino_stem_heavy_crawl,3,0.00146484375,0.0007462684143601883,0.0048828125,1.7771094931449916,True
wspu_worsened_cap02,uncheatable_worsened,Uncheatable worsened trio,2,34,dolmino_synth_code,8,0.00390625,0.002699634074874129,0.015625,1.3100053778269538,False
wspu_worsened_cap02,uncheatable_worsened,Uncheatable worsened trio,2,35,dolmino_synth_instruction,11,0.00537109375,0.002573622349037877,0.00927734375,1.889451978710722,True
wspu_worsened_cap02,uncheatable_worsened,Uncheatable worsened trio,2,36,dolmino_synth_math,14,0.0068359375,0.003123324696968583,0.01318359375,1.9815219754271218,True
wspu_worsened_cap02,uncheatable_worsened,Uncheatable worsened trio,2,37,dolmino_synth_qa,341,0.16650390625,0.07545387599021859,0.07275390625,1.9978405225292606,True
wspu_worsened_cap02,uncheatable_worsened,Uncheatable worsened trio,2,38,dolmino_synth_thinking,0,0.0,0.005710771102042307,0.00439453125,0.0,False
wspu_worsened_cap03,uncheatable_worsened,Uncheatable worsened trio,3,0,dolma3_arxiv,4,0.001953125,0.0040417726214116954,0.02099609375,0.437498034589434,False
wspu_worsened_cap03,uncheatable_worsened,Uncheatable worsened trio,3,1,dolma3_cc/art_and_design_high,32,0.015625,0.016341700024385182,0.0029296875,0.8656468178886563,False
wspu_worsened_cap03,uncheatable_worsened,Uncheatable worsened trio,3,2,dolma3_cc/art_and_design_low,0,0.0,0.006632910236026645,0.0,0.0,False
wspu_worsened_cap03,uncheatable_worsened,Uncheatable worsened trio,3,3,dolma3_cc/crime_and_law_high,149,0.07275390625,0.0219961630999221,0.01318359375,2.994520771006174,True
wspu_worsened_cap03,uncheatable_worsened,Uncheatable worsened trio,3,4,dolma3_cc/crime_and_law_low,67,0.03271484375,0.009880807972021378,0.0087890625,2.9975769205779366,True
wspu_worsened_cap03,uncheatable_worsened,Uncheatable worsened trio,3,5,dolma3_cc/education_and_jobs_high,14,0.0068359375,0.03596412161185751,0.01318359375,0.172086408511003,False
wspu_worsened_cap03,uncheatable_worsened,Uncheatable worsened trio,3,6,dolma3_cc/education_and_jobs_low,0,0.0,0.017616064987960596,0.0,0.0,False
wspu_worsened_cap03,uncheatable_worsened,Uncheatable worsened trio,3,7,dolma3_cc/electronics_and_hardware_high,6,0.0029296875,0.01897568936230047,0.0146484375,0.13977892009852882,False
wspu_worsened_cap03,uncheatable_worsened,Uncheatable worsened trio,3,8,dolma3_cc/electronics_and_hardware_low,0,0.0,0.00891925713424284,0.0,0.0,False
wspu_worsened_cap03,uncheatable_worsened,Uncheatable worsened trio,3,9,dolma3_cc/entertainment_high,307,0.14990234375,0.0606049913397554,0.01708984375,2.2393293624987023,False
wspu_worsened_cap03,uncheatable_worsened,Uncheatable worsened trio,3,10,dolma3_cc/entertainment_low,56,0.02734375,0.02205491173716609,0.00244140625,1.122459540476536,False
wspu_worsened_cap03,uncheatable_worsened,Uncheatable worsened trio,3,11,dolma3_cc/finance_and_business_high,14,0.0068359375,0.07786004609365799,0.0009765625,0.07948796377532093,False
wspu_worsened_cap03,uncheatable_worsened,Uncheatable worsened trio,3,12,dolma3_cc/finance_and_business_low,12,0.005859375,0.03709966164665425,0.00341796875,0.14298790066872227,False
wspu_worsened_cap03,uncheatable_worsened,Uncheatable worsened trio,3,13,dolma3_cc/food_and_dining_high,2,0.0009765625,0.02445302715630018,0.00048828125,0.03615641463984178,False
wspu_worsened_cap03,uncheatable_worsened,Uncheatable worsened trio,3,14,dolma3_cc/food_and_dining_low,0,0.0,0.012036210703071088,0.001953125,0.0,False
wspu_worsened_cap03,uncheatable_worsened,Uncheatable worsened trio,3,15,dolma3_cc/games_high,77,0.03759765625,0.03234018759289552,0.0205078125,1.052534119696448,False
wspu_worsened_cap03,uncheatable_worsened,Uncheatable worsened trio,3,16,dolma3_cc/games_low,8,0.00390625,0.012124970556605505,0.00048828125,0.291673710854774,False
wspu_worsened_cap03,uncheatable_worsened,Uncheatable worsened trio,3,17,dolma3_cc/health_high,2,0.0009765625,0.06233059103919839,0.0,0.01418458856753801,False
wspu_worsened_cap03,uncheatable_worsened,Uncheatable worsened trio,3,18,dolma3_cc/health_low,44,0.021484375,0.026565357446222893,0.0009765625,0.7321920436700384,False
wspu_worsened_cap03,uncheatable_worsened,Uncheatable worsened trio,3,19,dolma3_cc/history_and_geography_high,107,0.05224609375,0.0193391600820501,0.01904296875,2.4458744596021504,False
wspu_worsened_cap03,uncheatable_worsened,Uncheatable worsened trio,3,20,dolma3_cc/history_and_geography_low,11,0.00537109375,0.005322054367593216,0.00537109375,0.9136952582547218,False
wspu_worsened_cap03,uncheatable_worsened,Uncheatable worsened trio,3,21,dolma3_cc/industrial_high,17,0.00830078125,0.011690160431395485,0.013671875,0.6428600574931677,False
wspu_worsened_cap03,uncheatable_worsened,Uncheatable worsened trio,3,22,dolma3_cc/industrial_low,23,0.01123046875,0.006189591154405127,0.01318359375,1.642683389028454,False
wspu_worsened_cap03,uncheatable_worsened,Uncheatable worsened trio,3,23,dolma3_cc/literature_high,250,0.1220703125,0.03697748779106642,0.10888671875,2.988756950100674,True
wspu_worsened_cap03,uncheatable_worsened,Uncheatable worsened trio,3,24,dolma3_cc/literature_low,62,0.0302734375,0.009859327578240708,0.015625,2.779920561867385,False
wspu_worsened_cap03,uncheatable_worsened,Uncheatable worsened trio,3,25,dolma3_cc/science_math_and_technology_high,33,0.01611328125,0.03478704926566068,0.12353515625,0.4193574283384739,False
wspu_worsened_cap03,uncheatable_worsened,Uncheatable worsened trio,3,26,dolma3_cc/science_math_and_technology_low,14,0.0068359375,0.015879788098040967,0.03955078125,0.38973671973626717,False
wspu_worsened_cap03,uncheatable_worsened,Uncheatable worsened trio,3,27,dolma3_finemath_3plus,12,0.005859375,0.004866841497454691,0.01708984375,1.0899888022137891,False
wspu_worsened_cap03,uncheatable_worsened,Uncheatable worsened trio,3,28,dolma3_stack_edu,0,0.0,0.019190204935443485,0.10302734375,0.0,False
wspu_worsened_cap03,uncheatable_worsened,Uncheatable worsened trio,3,29,dolma3_wikipedia,0,0.0,0.0005251805879418041,0.001953125,0.0,False
wspu_worsened_cap03,uncheatable_worsened,Uncheatable worsened trio,3,30,dolmino_common_crawl_hq,299,0.14599609375,0.18859216494964032,0.0380859375,0.7008668758860649,False
wspu_worsened_cap03,uncheatable_worsened,Uncheatable worsened trio,3,31,dolmino_olmocr_pdfs_hq,24,0.01171875,0.029471752782588265,0.158203125,0.3599923474866448,False
wspu_worsened_cap03,uncheatable_worsened,Uncheatable worsened trio,3,32,dolmino_stack_edu_fim,0,0.0,0.019163297489321513,0.1005859375,0.0,False
wspu_worsened_cap03,uncheatable_worsened,Uncheatable worsened trio,3,33,dolmino_stem_heavy_crawl,5,0.00244140625,0.0007462684143601883,0.0048828125,2.9618491552416524,True
wspu_worsened_cap03,uncheatable_worsened,Uncheatable worsened trio,3,34,dolmino_synth_code,8,0.00390625,0.002699634074874129,0.015625,1.3100053778269538,False
wspu_worsened_cap03,uncheatable_worsened,Uncheatable worsened trio,3,35,dolmino_synth_instruction,17,0.00830078125,0.002573622349037877,0.00927734375,2.9200621489165703,True
wspu_worsened_cap03,uncheatable_worsened,Uncheatable worsened trio,3,36,dolmino_synth_math,19,0.00927734375,0.003123324696968583,0.01318359375,2.6892083952225225,False
wspu_worsened_cap03,uncheatable_worsened,Uncheatable worsened trio,3,37,dolmino_synth_qa,353,0.17236328125,0.07545387599021859,0.07275390625,2.0681457608587364,False
wspu_worsened_cap03,uncheatable_worsened,Uncheatable worsened trio,3,38,dolmino_synth_thinking,0,0.0,0.005710771102042307,0.00439453125,0.0,False
wspu_worsened_cap04,uncheatable_worsened,Uncheatable worsened trio,4,0,dolma3_arxiv,4,0.001953125,0.0040417726214116954,0.02099609375,0.437498034589434,False
wspu_worsened_cap04,uncheatable_worsened,Uncheatable worsened trio,4,1,dolma3_cc/art_and_design_high,29,0.01416015625,0.016341700024385182,0.0029296875,0.7844924287115947,False
wspu_worsened_cap04,uncheatable_worsened,Uncheatable worsened trio,4,2,dolma3_cc/art_and_design_low,0,0.0,0.006632910236026645,0.0,0.0,False
wspu_worsened_cap04,uncheatable_worsened,Uncheatable worsened trio,4,3,dolma3_cc/crime_and_law_high,199,0.09716796875,0.0219961630999221,0.01318359375,3.999393512954555,True
wspu_worsened_cap04,uncheatable_worsened,Uncheatable worsened trio,4,4,dolma3_cc/crime_and_law_low,67,0.03271484375,0.009880807972021378,0.0087890625,2.9975769205779366,False
wspu_worsened_cap04,uncheatable_worsened,Uncheatable worsened trio,4,5,dolma3_cc/education_and_jobs_high,12,0.005859375,0.03596412161185751,0.01318359375,0.147502635866574,False
wspu_worsened_cap04,uncheatable_worsened,Uncheatable worsened trio,4,6,dolma3_cc/education_and_jobs_low,0,0.0,0.017616064987960596,0.0,0.0,False
wspu_worsened_cap04,uncheatable_worsened,Uncheatable worsened trio,4,7,dolma3_cc/electronics_and_hardware_high,5,0.00244140625,0.01897568936230047,0.0146484375,0.1164824334154407,False
wspu_worsened_cap04,uncheatable_worsened,Uncheatable worsened trio,4,8,dolma3_cc/electronics_and_hardware_low,0,0.0,0.00891925713424284,0.0,0.0,False
wspu_worsened_cap04,uncheatable_worsened,Uncheatable worsened trio,4,9,dolma3_cc/entertainment_high,283,0.13818359375,0.0606049913397554,0.01708984375,2.064267783671442,False
wspu_worsened_cap04,uncheatable_worsened,Uncheatable worsened trio,4,10,dolma3_cc/entertainment_low,51,0.02490234375,0.02205491173716609,0.00244140625,1.0222399386482741,False
wspu_worsened_cap04,uncheatable_worsened,Uncheatable worsened trio,4,11,dolma3_cc/finance_and_business_high,11,0.00537109375,0.07786004609365799,0.0009765625,0.062454828680609295,False
wspu_worsened_cap04,uncheatable_worsened,Uncheatable worsened trio,4,12,dolma3_cc/finance_and_business_low,11,0.00537109375,0.03709966164665425,0.00341796875,0.13107224227966208,False
wspu_worsened_cap04,uncheatable_worsened,Uncheatable worsened trio,4,13,dolma3_cc/food_and_dining_high,1,0.00048828125,0.02445302715630018,0.00048828125,0.01807820731992089,False
wspu_worsened_cap04,uncheatable_worsened,Uncheatable worsened trio,4,14,dolma3_cc/food_and_dining_low,0,0.0,0.012036210703071088,0.001953125,0.0,False
wspu_worsened_cap04,uncheatable_worsened,Uncheatable worsened trio,4,15,dolma3_cc/games_high,71,0.03466796875,0.03234018759289552,0.0205078125,0.9705184740058156,False
wspu_worsened_cap04,uncheatable_worsened,Uncheatable worsened trio,4,16,dolma3_cc/games_low,8,0.00390625,0.012124970556605505,0.00048828125,0.291673710854774,False
wspu_worsened_cap04,uncheatable_worsened,Uncheatable worsened trio,4,17,dolma3_cc/health_high,1,0.00048828125,0.06233059103919839,0.0,0.007092294283769005,False
wspu_worsened_cap04,uncheatable_worsened,Uncheatable worsened trio,4,18,dolma3_cc/health_low,37,0.01806640625,0.026565357446222893,0.0009765625,0.6157069458134414,False
wspu_worsened_cap04,uncheatable_worsened,Uncheatable worsened trio,4,19,dolma3_cc/history_and_geography_high,103,0.05029296875,0.0193391600820501,0.01904296875,2.354439900364687,False
wspu_worsened_cap04,uncheatable_worsened,Uncheatable worsened trio,4,20,dolma3_cc/history_and_geography_low,11,0.00537109375,0.005322054367593216,0.00537109375,0.9136952582547218,False
wspu_worsened_cap04,uncheatable_worsened,Uncheatable worsened trio,4,21,dolma3_cc/industrial_high,15,0.00732421875,0.011690160431395485,0.013671875,0.5672294624939714,False
wspu_worsened_cap04,uncheatable_worsened,Uncheatable worsened trio,4,22,dolma3_cc/industrial_low,23,0.01123046875,0.006189591154405127,0.01318359375,1.642683389028454,False
wspu_worsened_cap04,uncheatable_worsened,Uncheatable worsened trio,4,23,dolma3_cc/literature_high,334,0.1630859375,0.03697748779106642,0.10888671875,3.9929792853345,True
wspu_worsened_cap04,uncheatable_worsened,Uncheatable worsened trio,4,24,dolma3_cc/literature_low,59,0.02880859375,0.009859327578240708,0.015625,2.645408276615737,False
wspu_worsened_cap04,uncheatable_worsened,Uncheatable worsened trio,4,25,dolma3_cc/science_math_and_technology_high,30,0.0146484375,0.03478704926566068,0.12353515625,0.381234025762249,False
wspu_worsened_cap04,uncheatable_worsened,Uncheatable worsened trio,4,26,dolma3_cc/science_math_and_technology_low,13,0.00634765625,0.015879788098040967,0.03955078125,0.3618983826122481,False
wspu_worsened_cap04,uncheatable_worsened,Uncheatable worsened trio,4,27,dolma3_finemath_3plus,12,0.005859375,0.004866841497454691,0.01708984375,1.0899888022137891,False
wspu_worsened_cap04,uncheatable_worsened,Uncheatable worsened trio,4,28,dolma3_stack_edu,0,0.0,0.019190204935443485,0.10302734375,0.0,False
wspu_worsened_cap04,uncheatable_worsened,Uncheatable worsened trio,4,29,dolma3_wikipedia,0,0.0,0.0005251805879418041,0.001953125,0.0,False
wspu_worsened_cap04,uncheatable_worsened,Uncheatable worsened trio,4,30,dolmino_common_crawl_hq,259,0.12646484375,0.18859216494964032,0.0380859375,0.6071054209180294,False
wspu_worsened_cap04,uncheatable_worsened,Uncheatable worsened trio,4,31,dolmino_olmocr_pdfs_hq,22,0.0107421875,0.029471752782588265,0.158203125,0.3299929851960911,False
wspu_worsened_cap04,uncheatable_worsened,Uncheatable worsened trio,4,32,dolmino_stack_edu_fim,0,0.0,0.019163297489321513,0.1005859375,0.0,False
wspu_worsened_cap04,uncheatable_worsened,Uncheatable worsened trio,4,33,dolmino_stem_heavy_crawl,6,0.0029296875,0.0007462684143601883,0.0048828125,3.554218986289983,True
wspu_worsened_cap04,uncheatable_worsened,Uncheatable worsened trio,4,34,dolmino_synth_code,7,0.00341796875,0.002699634074874129,0.015625,1.1462547055985846,False
wspu_worsened_cap04,uncheatable_worsened,Uncheatable worsened trio,4,35,dolmino_synth_instruction,20,0.009765625,0.002573622349037877,0.00927734375,3.4353672340194947,False
wspu_worsened_cap04,uncheatable_worsened,Uncheatable worsened trio,4,36,dolmino_synth_math,18,0.0087890625,0.003123324696968583,0.01318359375,2.5476711112634423,False
wspu_worsened_cap04,uncheatable_worsened,Uncheatable worsened trio,4,37,dolmino_synth_qa,326,0.1591796875,0.07545387599021859,0.07275390625,1.9099589746174164,False
wspu_worsened_cap04,uncheatable_worsened,Uncheatable worsened trio,4,38,dolmino_synth_thinking,0,0.0,0.005710771102042307,0.00439453125,0.0,False
wspu_worsened_cap05,uncheatable_worsened,Uncheatable worsened trio,5,0,dolma3_arxiv,4,0.001953125,0.0040417726214116954,0.02099609375,0.437498034589434,False
wspu_worsened_cap05,uncheatable_worsened,Uncheatable worsened trio,5,1,dolma3_cc/art_and_design_high,28,0.013671875,0.016341700024385182,0.0029296875,0.7574409656525742,False
wspu_worsened_cap05,uncheatable_worsened,Uncheatable worsened trio,5,2,dolma3_cc/art_and_design_low,0,0.0,0.006632910236026645,0.0,0.0,False
wspu_worsened_cap05,uncheatable_worsened,Uncheatable worsened trio,5,3,dolma3_cc/crime_and_law_high,193,0.09423828125,0.0219961630999221,0.01318359375,3.878808783920749,False
wspu_worsened_cap05,uncheatable_worsened,Uncheatable worsened trio,5,4,dolma3_cc/crime_and_law_low,66,0.0322265625,0.009880807972021378,0.0087890625,2.95283696653946,False
wspu_worsened_cap05,uncheatable_worsened,Uncheatable worsened trio,5,5,dolma3_cc/education_and_jobs_high,11,0.00537109375,0.03596412161185751,0.01318359375,0.1352107495443595,False
wspu_worsened_cap05,uncheatable_worsened,Uncheatable worsened trio,5,6,dolma3_cc/education_and_jobs_low,0,0.0,0.017616064987960596,0.0,0.0,False
wspu_worsened_cap05,uncheatable_worsened,Uncheatable worsened trio,5,7,dolma3_cc/electronics_and_hardware_high,5,0.00244140625,0.01897568936230047,0.0146484375,0.1164824334154407,False
wspu_worsened_cap05,uncheatable_worsened,Uncheatable worsened trio,5,8,dolma3_cc/electronics_and_hardware_low,0,0.0,0.00891925713424284,0.0,0.0,False
wspu_worsened_cap05,uncheatable_worsened,Uncheatable worsened trio,5,9,dolma3_cc/entertainment_high,269,0.13134765625,0.0606049913397554,0.01708984375,1.9621485293555405,False
wspu_worsened_cap05,uncheatable_worsened,Uncheatable worsened trio,5,10,dolma3_cc/entertainment_low,48,0.0234375,0.02205491173716609,0.00244140625,0.9621081775513167,False
wspu_worsened_cap05,uncheatable_worsened,Uncheatable worsened trio,5,11,dolma3_cc/finance_and_business_high,10,0.0048828125,0.07786004609365799,0.0009765625,0.05677711698237209,False
wspu_worsened_cap05,uncheatable_worsened,Uncheatable worsened trio,5,12,dolma3_cc/finance_and_business_low,10,0.0048828125,0.03709966164665425,0.00341796875,0.1191565838906019,False
wspu_worsened_cap05,uncheatable_worsened,Uncheatable worsened trio,5,13,dolma3_cc/food_and_dining_high,1,0.00048828125,0.02445302715630018,0.00048828125,0.01807820731992089,False
wspu_worsened_cap05,uncheatable_worsened,Uncheatable worsened trio,5,14,dolma3_cc/food_and_dining_low,0,0.0,0.012036210703071088,0.001953125,0.0,False
wspu_worsened_cap05,uncheatable_worsened,Uncheatable worsened trio,5,15,dolma3_cc/games_high,67,0.03271484375,0.03234018759289552,0.0205078125,0.9158413768787274,False
wspu_worsened_cap05,uncheatable_worsened,Uncheatable worsened trio,5,16,dolma3_cc/games_low,7,0.00341796875,0.012124970556605505,0.00048828125,0.25521449699792725,False
wspu_worsened_cap05,uncheatable_worsened,Uncheatable worsened trio,5,17,dolma3_cc/health_high,1,0.00048828125,0.06233059103919839,0.0,0.007092294283769005,False
wspu_worsened_cap05,uncheatable_worsened,Uncheatable worsened trio,5,18,dolma3_cc/health_low,34,0.0166015625,0.026565357446222893,0.0009765625,0.565784761017757,False
wspu_worsened_cap05,uncheatable_worsened,Uncheatable worsened trio,5,19,dolma3_cc/history_and_geography_high,100,0.048828125,0.0193391600820501,0.01904296875,2.2858639809365893,False
wspu_worsened_cap05,uncheatable_worsened,Uncheatable worsened trio,5,20,dolma3_cc/history_and_geography_low,10,0.0048828125,0.005322054367593216,0.00537109375,0.8306320529588379,False
wspu_worsened_cap05,uncheatable_worsened,Uncheatable worsened trio,5,21,dolma3_cc/industrial_high,14,0.0068359375,0.011690160431395485,0.013671875,0.5294141649943733,False
wspu_worsened_cap05,uncheatable_worsened,Uncheatable worsened trio,5,22,dolma3_cc/industrial_low,22,0.0107421875,0.006189591154405127,0.01318359375,1.5712623721141734,False
wspu_worsened_cap05,uncheatable_worsened,Uncheatable worsened trio,5,23,dolma3_cc/literature_high,418,0.2041015625,0.03697748779106642,0.10888671875,4.997201620568327,True
wspu_worsened_cap05,uncheatable_worsened,Uncheatable worsened trio,5,24,dolma3_cc/literature_low,58,0.0283203125,0.009859327578240708,0.015625,2.6005708481985215,False
wspu_worsened_cap05,uncheatable_worsened,Uncheatable worsened trio,5,25,dolma3_cc/science_math_and_technology_high,29,0.01416015625,0.03478704926566068,0.12353515625,0.3685262249035074,False
wspu_worsened_cap05,uncheatable_worsened,Uncheatable worsened trio,5,26,dolma3_cc/science_math_and_technology_low,13,0.00634765625,0.015879788098040967,0.03955078125,0.3618983826122481,False
wspu_worsened_cap05,uncheatable_worsened,Uncheatable worsened trio,5,27,dolma3_finemath_3plus,12,0.005859375,0.004866841497454691,0.01708984375,1.0899888022137891,False
wspu_worsened_cap05,uncheatable_worsened,Uncheatable worsened trio,5,28,dolma3_stack_edu,0,0.0,0.019190204935443485,0.10302734375,0.0,False
wspu_worsened_cap05,uncheatable_worsened,Uncheatable worsened trio,5,29,dolma3_wikipedia,0,0.0,0.0005251805879418041,0.001953125,0.0,False
wspu_worsened_cap05,uncheatable_worsened,Uncheatable worsened trio,5,30,dolmino_common_crawl_hq,237,0.11572265625,0.18859216494964032,0.0380859375,0.5555366206856099,False
wspu_worsened_cap05,uncheatable_worsened,Uncheatable worsened trio,5,31,dolmino_olmocr_pdfs_hq,21,0.01025390625,0.029471752782588265,0.158203125,0.3149933040508142,False
wspu_worsened_cap05,uncheatable_worsened,Uncheatable worsened trio,5,32,dolmino_stack_edu_fim,0,0.0,0.019163297489321513,0.1005859375,0.0,False
wspu_worsened_cap05,uncheatable_worsened,Uncheatable worsened trio,5,33,dolmino_stem_heavy_crawl,6,0.0029296875,0.0007462684143601883,0.0048828125,3.554218986289983,False
wspu_worsened_cap05,uncheatable_worsened,Uncheatable worsened trio,5,34,dolmino_synth_code,7,0.00341796875,0.002699634074874129,0.015625,1.1462547055985846,False
wspu_worsened_cap05,uncheatable_worsened,Uncheatable worsened trio,5,35,dolmino_synth_instruction,19,0.00927734375,0.002573622349037877,0.00927734375,3.26359887231852,False
wspu_worsened_cap05,uncheatable_worsened,Uncheatable worsened trio,5,36,dolmino_synth_math,18,0.0087890625,0.003123324696968583,0.01318359375,2.5476711112634423,False
wspu_worsened_cap05,uncheatable_worsened,Uncheatable worsened trio,5,37,dolmino_synth_qa,310,0.1513671875,0.07545387599021859,0.07275390625,1.8162186568447825,False
wspu_worsened_cap05,uncheatable_worsened,Uncheatable worsened trio,5,38,dolmino_synth_thinking,0,0.0,0.005710771102042307,0.00439453125,0.0,False
wspu_worsened_cap06,uncheatable_worsened,Uncheatable worsened trio,6,0,dolma3_arxiv,4,0.001953125,0.0040417726214116954,0.02099609375,0.437498034589434,False
wspu_worsened_cap06,uncheatable_worsened,Uncheatable worsened trio,6,1,dolma3_cc/art_and_design_high,27,0.01318359375,0.016341700024385182,0.0029296875,0.7303895025935537,False
wspu_worsened_cap06,uncheatable_worsened,Uncheatable worsened trio,6,2,dolma3_cc/art_and_design_low,0,0.0,0.006632910236026645,0.0,0.0,False
wspu_worsened_cap06,uncheatable_worsened,Uncheatable worsened trio,6,3,dolma3_cc/crime_and_law_high,186,0.0908203125,0.0219961630999221,0.01318359375,3.7381266000479756,False
wspu_worsened_cap06,uncheatable_worsened,Uncheatable worsened trio,6,4,dolma3_cc/crime_and_law_low,64,0.03125,0.009880807972021378,0.0087890625,2.8633570584625065,False
wspu_worsened_cap06,uncheatable_worsened,Uncheatable worsened trio,6,5,dolma3_cc/education_and_jobs_high,11,0.00537109375,0.03596412161185751,0.01318359375,0.1352107495443595,False
wspu_worsened_cap06,uncheatable_worsened,Uncheatable worsened trio,6,6,dolma3_cc/education_and_jobs_low,0,0.0,0.017616064987960596,0.0,0.0,False
wspu_worsened_cap06,uncheatable_worsened,Uncheatable worsened trio,6,7,dolma3_cc/electronics_and_hardware_high,4,0.001953125,0.01897568936230047,0.0146484375,0.09318594673235256,False
wspu_worsened_cap06,uncheatable_worsened,Uncheatable worsened trio,6,8,dolma3_cc/electronics_and_hardware_low,0,0.0,0.00891925713424284,0.0,0.0,False
wspu_worsened_cap06,uncheatable_worsened,Uncheatable worsened trio,6,9,dolma3_cc/entertainment_high,255,0.12451171875,0.0606049913397554,0.01708984375,1.8600292750396388,False
wspu_worsened_cap06,uncheatable_worsened,Uncheatable worsened trio,6,10,dolma3_cc/entertainment_low,45,0.02197265625,0.02205491173716609,0.00244140625,0.9019764164543594,False
wspu_worsened_cap06,uncheatable_worsened,Uncheatable worsened trio,6,11,dolma3_cc/finance_and_business_high,9,0.00439453125,0.07786004609365799,0.0009765625,0.051099405284134876,False
wspu_worsened_cap06,uncheatable_worsened,Uncheatable worsened trio,6,12,dolma3_cc/finance_and_business_low,9,0.00439453125,0.03709966164665425,0.00341796875,0.10724092550154171,False
wspu_worsened_cap06,uncheatable_worsened,Uncheatable worsened trio,6,13,dolma3_cc/food_and_dining_high,1,0.00048828125,0.02445302715630018,0.00048828125,0.01807820731992089,False
wspu_worsened_cap06,uncheatable_worsened,Uncheatable worsened trio,6,14,dolma3_cc/food_and_dining_low,0,0.0,0.012036210703071088,0.001953125,0.0,False
wspu_worsened_cap06,uncheatable_worsened,Uncheatable worsened trio,6,15,dolma3_cc/games_high,63,0.03076171875,0.03234018759289552,0.0205078125,0.8611642797516392,False
wspu_worsened_cap06,uncheatable_worsened,Uncheatable worsened trio,6,16,dolma3_cc/games_low,7,0.00341796875,0.012124970556605505,0.00048828125,0.25521449699792725,False
wspu_worsened_cap06,uncheatable_worsened,Uncheatable worsened trio,6,17,dolma3_cc/health_high,1,0.00048828125,0.06233059103919839,0.0,0.007092294283769005,False
wspu_worsened_cap06,uncheatable_worsened,Uncheatable worsened trio,6,18,dolma3_cc/health_low,31,0.01513671875,0.026565357446222893,0.0009765625,0.5158625762220725,False
wspu_worsened_cap06,uncheatable_worsened,Uncheatable worsened trio,6,19,dolma3_cc/history_and_geography_high,97,0.04736328125,0.0193391600820501,0.01904296875,2.2172880615084916,False
wspu_worsened_cap06,uncheatable_worsened,Uncheatable worsened trio,6,20,dolma3_cc/history_and_geography_low,10,0.0048828125,0.005322054367593216,0.00537109375,0.8306320529588379,False
wspu_worsened_cap06,uncheatable_worsened,Uncheatable worsened trio,6,21,dolma3_cc/industrial_high,13,0.00634765625,0.011690160431395485,0.013671875,0.49159886749477527,False
wspu_worsened_cap06,uncheatable_worsened,Uncheatable worsened trio,6,22,dolma3_cc/industrial_low,22,0.0107421875,0.006189591154405127,0.01318359375,1.5712623721141734,False
wspu_worsened_cap06,uncheatable_worsened,Uncheatable worsened trio,6,23,dolma3_cc/literature_high,501,0.24462890625,0.03697748779106642,0.10888671875,5.989468928001751,True
wspu_worsened_cap06,uncheatable_worsened,Uncheatable worsened trio,6,24,dolma3_cc/literature_low,56,0.02734375,0.009859327578240708,0.015625,2.5108959913640896,False
wspu_worsened_cap06,uncheatable_worsened,Uncheatable worsened trio,6,25,dolma3_cc/science_math_and_technology_high,27,0.01318359375,0.03478704926566068,0.12353515625,0.3431106231860241,False
wspu_worsened_cap06,uncheatable_worsened,Uncheatable worsened trio,6,26,dolma3_cc/science_math_and_technology_low,12,0.005859375,0.015879788098040967,0.03955078125,0.334060045488229,False
wspu_worsened_cap06,uncheatable_worsened,Uncheatable worsened trio,6,27,dolma3_finemath_3plus,11,0.00537109375,0.004866841497454691,0.01708984375,0.9991564020293067,False
wspu_worsened_cap06,uncheatable_worsened,Uncheatable worsened trio,6,28,dolma3_stack_edu,0,0.0,0.019190204935443485,0.10302734375,0.0,False
wspu_worsened_cap06,uncheatable_worsened,Uncheatable worsened trio,6,29,dolma3_wikipedia,0,0.0,0.0005251805879418041,0.001953125,0.0,False
wspu_worsened_cap06,uncheatable_worsened,Uncheatable worsened trio,6,30,dolmino_common_crawl_hq,217,0.10595703125,0.18859216494964032,0.0380859375,0.5086558932015922,False
wspu_worsened_cap06,uncheatable_worsened,Uncheatable worsened trio,6,31,dolmino_olmocr_pdfs_hq,20,0.009765625,0.029471752782588265,0.158203125,0.2999936229055373,False
wspu_worsened_cap06,uncheatable_worsened,Uncheatable worsened trio,6,32,dolmino_stack_edu_fim,0,0.0,0.019163297489321513,0.1005859375,0.0,False
wspu_worsened_cap06,uncheatable_worsened,Uncheatable worsened trio,6,33,dolmino_stem_heavy_crawl,6,0.0029296875,0.0007462684143601883,0.0048828125,3.554218986289983,False
wspu_worsened_cap06,uncheatable_worsened,Uncheatable worsened trio,6,34,dolmino_synth_code,7,0.00341796875,0.002699634074874129,0.015625,1.1462547055985846,False
wspu_worsened_cap06,uncheatable_worsened,Uncheatable worsened trio,6,35,dolmino_synth_instruction,19,0.00927734375,0.002573622349037877,0.00927734375,3.26359887231852,False
wspu_worsened_cap06,uncheatable_worsened,Uncheatable worsened trio,6,36,dolmino_synth_math,18,0.0087890625,0.003123324696968583,0.01318359375,2.5476711112634423,False
wspu_worsened_cap06,uncheatable_worsened,Uncheatable worsened trio,6,37,dolmino_synth_qa,295,0.14404296875,0.07545387599021859,0.07275390625,1.7283371089329382,False
wspu_worsened_cap06,uncheatable_worsened,Uncheatable worsened trio,6,38,dolmino_synth_thinking,0,0.0,0.005710771102042307,0.00439453125,0.0,False
wspu_worsened_cap07,uncheatable_worsened,Uncheatable worsened trio,7,0,dolma3_arxiv,4,0.001953125,0.0040417726214116954,0.02099609375,0.437498034589434,False
wspu_worsened_cap07,uncheatable_worsened,Uncheatable worsened trio,7,1,dolma3_cc/art_and_design_high,27,0.01318359375,0.016341700024385182,0.0029296875,0.7303895025935537,False
wspu_worsened_cap07,uncheatable_worsened,Uncheatable worsened trio,7,2,dolma3_cc/art_and_design_low,0,0.0,0.006632910236026645,0.0,0.0,False
wspu_worsened_cap07,uncheatable_worsened,Uncheatable worsened trio,7,3,dolma3_cc/crime_and_law_high,186,0.0908203125,0.0219961630999221,0.01318359375,3.7381266000479756,False
wspu_worsened_cap07,uncheatable_worsened,Uncheatable worsened trio,7,4,dolma3_cc/crime_and_law_low,64,0.03125,0.009880807972021378,0.0087890625,2.8633570584625065,False
wspu_worsened_cap07,uncheatable_worsened,Uncheatable worsened trio,7,5,dolma3_cc/education_and_jobs_high,11,0.00537109375,0.03596412161185751,0.01318359375,0.1352107495443595,False
wspu_worsened_cap07,uncheatable_worsened,Uncheatable worsened trio,7,6,dolma3_cc/education_and_jobs_low,0,0.0,0.017616064987960596,0.0,0.0,False
wspu_worsened_cap07,uncheatable_worsened,Uncheatable worsened trio,7,7,dolma3_cc/electronics_and_hardware_high,4,0.001953125,0.01897568936230047,0.0146484375,0.09318594673235256,False
wspu_worsened_cap07,uncheatable_worsened,Uncheatable worsened trio,7,8,dolma3_cc/electronics_and_hardware_low,0,0.0,0.00891925713424284,0.0,0.0,False
wspu_worsened_cap07,uncheatable_worsened,Uncheatable worsened trio,7,9,dolma3_cc/entertainment_high,255,0.12451171875,0.0606049913397554,0.01708984375,1.8600292750396388,False
wspu_worsened_cap07,uncheatable_worsened,Uncheatable worsened trio,7,10,dolma3_cc/entertainment_low,45,0.02197265625,0.02205491173716609,0.00244140625,0.9019764164543594,False
wspu_worsened_cap07,uncheatable_worsened,Uncheatable worsened trio,7,11,dolma3_cc/finance_and_business_high,9,0.00439453125,0.07786004609365799,0.0009765625,0.051099405284134876,False
wspu_worsened_cap07,uncheatable_worsened,Uncheatable worsened trio,7,12,dolma3_cc/finance_and_business_low,9,0.00439453125,0.03709966164665425,0.00341796875,0.10724092550154171,False
wspu_worsened_cap07,uncheatable_worsened,Uncheatable worsened trio,7,13,dolma3_cc/food_and_dining_high,1,0.00048828125,0.02445302715630018,0.00048828125,0.01807820731992089,False
wspu_worsened_cap07,uncheatable_worsened,Uncheatable worsened trio,7,14,dolma3_cc/food_and_dining_low,0,0.0,0.012036210703071088,0.001953125,0.0,False
wspu_worsened_cap07,uncheatable_worsened,Uncheatable worsened trio,7,15,dolma3_cc/games_high,63,0.03076171875,0.03234018759289552,0.0205078125,0.8611642797516392,False
wspu_worsened_cap07,uncheatable_worsened,Uncheatable worsened trio,7,16,dolma3_cc/games_low,7,0.00341796875,0.012124970556605505,0.00048828125,0.25521449699792725,False
wspu_worsened_cap07,uncheatable_worsened,Uncheatable worsened trio,7,17,dolma3_cc/health_high,1,0.00048828125,0.06233059103919839,0.0,0.007092294283769005,False
wspu_worsened_cap07,uncheatable_worsened,Uncheatable worsened trio,7,18,dolma3_cc/health_low,30,0.0146484375,0.026565357446222893,0.0009765625,0.4992218479568444,False
wspu_worsened_cap07,uncheatable_worsened,Uncheatable worsened trio,7,19,dolma3_cc/history_and_geography_high,97,0.04736328125,0.0193391600820501,0.01904296875,2.2172880615084916,False
wspu_worsened_cap07,uncheatable_worsened,Uncheatable worsened trio,7,20,dolma3_cc/history_and_geography_low,10,0.0048828125,0.005322054367593216,0.00537109375,0.8306320529588379,False
wspu_worsened_cap07,uncheatable_worsened,Uncheatable worsened trio,7,21,dolma3_cc/industrial_high,13,0.00634765625,0.011690160431395485,0.013671875,0.49159886749477527,False
wspu_worsened_cap07,uncheatable_worsened,Uncheatable worsened trio,7,22,dolma3_cc/industrial_low,22,0.0107421875,0.006189591154405127,0.01318359375,1.5712623721141734,False
wspu_worsened_cap07,uncheatable_worsened,Uncheatable worsened trio,7,23,dolma3_cc/literature_high,503,0.24560546875,0.03697748779106642,0.10888671875,6.013378983602556,False
wspu_worsened_cap07,uncheatable_worsened,Uncheatable worsened trio,7,24,dolma3_cc/literature_low,56,0.02734375,0.009859327578240708,0.015625,2.5108959913640896,False
wspu_worsened_cap07,uncheatable_worsened,Uncheatable worsened trio,7,25,dolma3_cc/science_math_and_technology_high,27,0.01318359375,0.03478704926566068,0.12353515625,0.3431106231860241,False
wspu_worsened_cap07,uncheatable_worsened,Uncheatable worsened trio,7,26,dolma3_cc/science_math_and_technology_low,12,0.005859375,0.015879788098040967,0.03955078125,0.334060045488229,False
wspu_worsened_cap07,uncheatable_worsened,Uncheatable worsened trio,7,27,dolma3_finemath_3plus,11,0.00537109375,0.004866841497454691,0.01708984375,0.9991564020293067,False
wspu_worsened_cap07,uncheatable_worsened,Uncheatable worsened trio,7,28,dolma3_stack_edu,0,0.0,0.019190204935443485,0.10302734375,0.0,False
wspu_worsened_cap07,uncheatable_worsened,Uncheatable worsened trio,7,29,dolma3_wikipedia,0,0.0,0.0005251805879418041,0.001953125,0.0,False
wspu_worsened_cap07,uncheatable_worsened,Uncheatable worsened trio,7,30,dolmino_common_crawl_hq,216,0.10546875,0.18859216494964032,0.0380859375,0.5063118568273913,False
wspu_worsened_cap07,uncheatable_worsened,Uncheatable worsened trio,7,31,dolmino_olmocr_pdfs_hq,20,0.009765625,0.029471752782588265,0.158203125,0.2999936229055373,False
wspu_worsened_cap07,uncheatable_worsened,Uncheatable worsened trio,7,32,dolmino_stack_edu_fim,0,0.0,0.019163297489321513,0.1005859375,0.0,False
wspu_worsened_cap07,uncheatable_worsened,Uncheatable worsened trio,7,33,dolmino_stem_heavy_crawl,6,0.0029296875,0.0007462684143601883,0.0048828125,3.554218986289983,False
wspu_worsened_cap07,uncheatable_worsened,Uncheatable worsened trio,7,34,dolmino_synth_code,7,0.00341796875,0.002699634074874129,0.015625,1.1462547055985846,False
wspu_worsened_cap07,uncheatable_worsened,Uncheatable worsened trio,7,35,dolmino_synth_instruction,19,0.00927734375,0.002573622349037877,0.00927734375,3.26359887231852,False
wspu_worsened_cap07,uncheatable_worsened,Uncheatable worsened trio,7,36,dolmino_synth_math,18,0.0087890625,0.003123324696968583,0.01318359375,2.5476711112634423,False
wspu_worsened_cap07,uncheatable_worsened,Uncheatable worsened trio,7,37,dolmino_synth_qa,295,0.14404296875,0.07545387599021859,0.07275390625,1.7283371089329382,False
wspu_worsened_cap07,uncheatable_worsened,Uncheatable worsened trio,7,38,dolmino_synth_thinking,0,0.0,0.005710771102042307,0.00439453125,0.0,False
wspu_worsened_cap08,uncheatable_worsened,Uncheatable worsened trio,8,0,dolma3_arxiv,4,0.001953125,0.0040417726214116954,0.02099609375,0.437498034589434,False
wspu_worsened_cap08,uncheatable_worsened,Uncheatable worsened trio,8,1,dolma3_cc/art_and_design_high,27,0.01318359375,0.016341700024385182,0.0029296875,0.7303895025935537,False
wspu_worsened_cap08,uncheatable_worsened,Uncheatable worsened trio,8,2,dolma3_cc/art_and_design_low,0,0.0,0.006632910236026645,0.0,0.0,False
wspu_worsened_cap08,uncheatable_worsened,Uncheatable worsened trio,8,3,dolma3_cc/crime_and_law_high,186,0.0908203125,0.0219961630999221,0.01318359375,3.7381266000479756,False
wspu_worsened_cap08,uncheatable_worsened,Uncheatable worsened trio,8,4,dolma3_cc/crime_and_law_low,64,0.03125,0.009880807972021378,0.0087890625,2.8633570584625065,False
wspu_worsened_cap08,uncheatable_worsened,Uncheatable worsened trio,8,5,dolma3_cc/education_and_jobs_high,11,0.00537109375,0.03596412161185751,0.01318359375,0.1352107495443595,False
wspu_worsened_cap08,uncheatable_worsened,Uncheatable worsened trio,8,6,dolma3_cc/education_and_jobs_low,0,0.0,0.017616064987960596,0.0,0.0,False
wspu_worsened_cap08,uncheatable_worsened,Uncheatable worsened trio,8,7,dolma3_cc/electronics_and_hardware_high,4,0.001953125,0.01897568936230047,0.0146484375,0.09318594673235256,False
wspu_worsened_cap08,uncheatable_worsened,Uncheatable worsened trio,8,8,dolma3_cc/electronics_and_hardware_low,0,0.0,0.00891925713424284,0.0,0.0,False
wspu_worsened_cap08,uncheatable_worsened,Uncheatable worsened trio,8,9,dolma3_cc/entertainment_high,255,0.12451171875,0.0606049913397554,0.01708984375,1.8600292750396388,False
wspu_worsened_cap08,uncheatable_worsened,Uncheatable worsened trio,8,10,dolma3_cc/entertainment_low,45,0.02197265625,0.02205491173716609,0.00244140625,0.9019764164543594,False
wspu_worsened_cap08,uncheatable_worsened,Uncheatable worsened trio,8,11,dolma3_cc/finance_and_business_high,9,0.00439453125,0.07786004609365799,0.0009765625,0.051099405284134876,False
wspu_worsened_cap08,uncheatable_worsened,Uncheatable worsened trio,8,12,dolma3_cc/finance_and_business_low,9,0.00439453125,0.03709966164665425,0.00341796875,0.10724092550154171,False
wspu_worsened_cap08,uncheatable_worsened,Uncheatable worsened trio,8,13,dolma3_cc/food_and_dining_high,1,0.00048828125,0.02445302715630018,0.00048828125,0.01807820731992089,False
wspu_worsened_cap08,uncheatable_worsened,Uncheatable worsened trio,8,14,dolma3_cc/food_and_dining_low,0,0.0,0.012036210703071088,0.001953125,0.0,False
wspu_worsened_cap08,uncheatable_worsened,Uncheatable worsened trio,8,15,dolma3_cc/games_high,63,0.03076171875,0.03234018759289552,0.0205078125,0.8611642797516392,False
wspu_worsened_cap08,uncheatable_worsened,Uncheatable worsened trio,8,16,dolma3_cc/games_low,7,0.00341796875,0.012124970556605505,0.00048828125,0.25521449699792725,False
wspu_worsened_cap08,uncheatable_worsened,Uncheatable worsened trio,8,17,dolma3_cc/health_high,1,0.00048828125,0.06233059103919839,0.0,0.007092294283769005,False
wspu_worsened_cap08,uncheatable_worsened,Uncheatable worsened trio,8,18,dolma3_cc/health_low,30,0.0146484375,0.026565357446222893,0.0009765625,0.4992218479568444,False
wspu_worsened_cap08,uncheatable_worsened,Uncheatable worsened trio,8,19,dolma3_cc/history_and_geography_high,97,0.04736328125,0.0193391600820501,0.01904296875,2.2172880615084916,False
wspu_worsened_cap08,uncheatable_worsened,Uncheatable worsened trio,8,20,dolma3_cc/history_and_geography_low,10,0.0048828125,0.005322054367593216,0.00537109375,0.8306320529588379,False
wspu_worsened_cap08,uncheatable_worsened,Uncheatable worsened trio,8,21,dolma3_cc/industrial_high,13,0.00634765625,0.011690160431395485,0.013671875,0.49159886749477527,False
wspu_worsened_cap08,uncheatable_worsened,Uncheatable worsened trio,8,22,dolma3_cc/industrial_low,22,0.0107421875,0.006189591154405127,0.01318359375,1.5712623721141734,False
wspu_worsened_cap08,uncheatable_worsened,Uncheatable worsened trio,8,23,dolma3_cc/literature_high,503,0.24560546875,0.03697748779106642,0.10888671875,6.013378983602556,False
wspu_worsened_cap08,uncheatable_worsened,Uncheatable worsened trio,8,24,dolma3_cc/literature_low,56,0.02734375,0.009859327578240708,0.015625,2.5108959913640896,False
wspu_worsened_cap08,uncheatable_worsened,Uncheatable worsened trio,8,25,dolma3_cc/science_math_and_technology_high,27,0.01318359375,0.03478704926566068,0.12353515625,0.3431106231860241,False
wspu_worsened_cap08,uncheatable_worsened,Uncheatable worsened trio,8,26,dolma3_cc/science_math_and_technology_low,12,0.005859375,0.015879788098040967,0.03955078125,0.334060045488229,False
wspu_worsened_cap08,uncheatable_worsened,Uncheatable worsened trio,8,27,dolma3_finemath_3plus,11,0.00537109375,0.004866841497454691,0.01708984375,0.9991564020293067,False
wspu_worsened_cap08,uncheatable_worsened,Uncheatable worsened trio,8,28,dolma3_stack_edu,0,0.0,0.019190204935443485,0.10302734375,0.0,False
wspu_worsened_cap08,uncheatable_worsened,Uncheatable worsened trio,8,29,dolma3_wikipedia,0,0.0,0.0005251805879418041,0.001953125,0.0,False
wspu_worsened_cap08,uncheatable_worsened,Uncheatable worsened trio,8,30,dolmino_common_crawl_hq,216,0.10546875,0.18859216494964032,0.0380859375,0.5063118568273913,False
wspu_worsened_cap08,uncheatable_worsened,Uncheatable worsened trio,8,31,dolmino_olmocr_pdfs_hq,20,0.009765625,0.029471752782588265,0.158203125,0.2999936229055373,False
wspu_worsened_cap08,uncheatable_worsened,Uncheatable worsened trio,8,32,dolmino_stack_edu_fim,0,0.0,0.019163297489321513,0.1005859375,0.0,False
wspu_worsened_cap08,uncheatable_worsened,Uncheatable worsened trio,8,33,dolmino_stem_heavy_crawl,6,0.0029296875,0.0007462684143601883,0.0048828125,3.554218986289983,False
wspu_worsened_cap08,uncheatable_worsened,Uncheatable worsened trio,8,34,dolmino_synth_code,7,0.00341796875,0.002699634074874129,0.015625,1.1462547055985846,False
wspu_worsened_cap08,uncheatable_worsened,Uncheatable worsened trio,8,35,dolmino_synth_instruction,19,0.00927734375,0.002573622349037877,0.00927734375,3.26359887231852,False
wspu_worsened_cap08,uncheatable_worsened,Uncheatable worsened trio,8,36,dolmino_synth_math,18,0.0087890625,0.003123324696968583,0.01318359375,2.5476711112634423,False
wspu_worsened_cap08,uncheatable_worsened,Uncheatable worsened trio,8,37,dolmino_synth_qa,295,0.14404296875,0.07545387599021859,0.07275390625,1.7283371089329382,False
wspu_worsened_cap08,uncheatable_worsened,Uncheatable worsened trio,8,38,dolmino_synth_thinking,0,0.0,0.005710771102042307,0.00439453125,0.0,False
wspu_worsened_cap09,uncheatable_worsened,Uncheatable worsened trio,9,0,dolma3_arxiv,4,0.001953125,0.0040417726214116954,0.02099609375,0.437498034589434,False
wspu_worsened_cap09,uncheatable_worsened,Uncheatable worsened trio,9,1,dolma3_cc/art_and_design_high,27,0.01318359375,0.016341700024385182,0.0029296875,0.7303895025935537,False
wspu_worsened_cap09,uncheatable_worsened,Uncheatable worsened trio,9,2,dolma3_cc/art_and_design_low,0,0.0,0.006632910236026645,0.0,0.0,False
wspu_worsened_cap09,uncheatable_worsened,Uncheatable worsened trio,9,3,dolma3_cc/crime_and_law_high,186,0.0908203125,0.0219961630999221,0.01318359375,3.7381266000479756,False
wspu_worsened_cap09,uncheatable_worsened,Uncheatable worsened trio,9,4,dolma3_cc/crime_and_law_low,64,0.03125,0.009880807972021378,0.0087890625,2.8633570584625065,False
wspu_worsened_cap09,uncheatable_worsened,Uncheatable worsened trio,9,5,dolma3_cc/education_and_jobs_high,11,0.00537109375,0.03596412161185751,0.01318359375,0.1352107495443595,False
wspu_worsened_cap09,uncheatable_worsened,Uncheatable worsened trio,9,6,dolma3_cc/education_and_jobs_low,0,0.0,0.017616064987960596,0.0,0.0,False
wspu_worsened_cap09,uncheatable_worsened,Uncheatable worsened trio,9,7,dolma3_cc/electronics_and_hardware_high,4,0.001953125,0.01897568936230047,0.0146484375,0.09318594673235256,False
wspu_worsened_cap09,uncheatable_worsened,Uncheatable worsened trio,9,8,dolma3_cc/electronics_and_hardware_low,0,0.0,0.00891925713424284,0.0,0.0,False
wspu_worsened_cap09,uncheatable_worsened,Uncheatable worsened trio,9,9,dolma3_cc/entertainment_high,255,0.12451171875,0.0606049913397554,0.01708984375,1.8600292750396388,False
wspu_worsened_cap09,uncheatable_worsened,Uncheatable worsened trio,9,10,dolma3_cc/entertainment_low,45,0.02197265625,0.02205491173716609,0.00244140625,0.9019764164543594,False
wspu_worsened_cap09,uncheatable_worsened,Uncheatable worsened trio,9,11,dolma3_cc/finance_and_business_high,9,0.00439453125,0.07786004609365799,0.0009765625,0.051099405284134876,False
wspu_worsened_cap09,uncheatable_worsened,Uncheatable worsened trio,9,12,dolma3_cc/finance_and_business_low,9,0.00439453125,0.03709966164665425,0.00341796875,0.10724092550154171,False
wspu_worsened_cap09,uncheatable_worsened,Uncheatable worsened trio,9,13,dolma3_cc/food_and_dining_high,1,0.00048828125,0.02445302715630018,0.00048828125,0.01807820731992089,False
wspu_worsened_cap09,uncheatable_worsened,Uncheatable worsened trio,9,14,dolma3_cc/food_and_dining_low,0,0.0,0.012036210703071088,0.001953125,0.0,False
wspu_worsened_cap09,uncheatable_worsened,Uncheatable worsened trio,9,15,dolma3_cc/games_high,63,0.03076171875,0.03234018759289552,0.0205078125,0.8611642797516392,False
wspu_worsened_cap09,uncheatable_worsened,Uncheatable worsened trio,9,16,dolma3_cc/games_low,7,0.00341796875,0.012124970556605505,0.00048828125,0.25521449699792725,False
wspu_worsened_cap09,uncheatable_worsened,Uncheatable worsened trio,9,17,dolma3_cc/health_high,1,0.00048828125,0.06233059103919839,0.0,0.007092294283769005,False
wspu_worsened_cap09,uncheatable_worsened,Uncheatable worsened trio,9,18,dolma3_cc/health_low,30,0.0146484375,0.026565357446222893,0.0009765625,0.4992218479568444,False
wspu_worsened_cap09,uncheatable_worsened,Uncheatable worsened trio,9,19,dolma3_cc/history_and_geography_high,97,0.04736328125,0.0193391600820501,0.01904296875,2.2172880615084916,False
wspu_worsened_cap09,uncheatable_worsened,Uncheatable worsened trio,9,20,dolma3_cc/history_and_geography_low,10,0.0048828125,0.005322054367593216,0.00537109375,0.8306320529588379,False
wspu_worsened_cap09,uncheatable_worsened,Uncheatable worsened trio,9,21,dolma3_cc/industrial_high,13,0.00634765625,0.011690160431395485,0.013671875,0.49159886749477527,False
wspu_worsened_cap09,uncheatable_worsened,Uncheatable worsened trio,9,22,dolma3_cc/industrial_low,22,0.0107421875,0.006189591154405127,0.01318359375,1.5712623721141734,False
wspu_worsened_cap09,uncheatable_worsened,Uncheatable worsened trio,9,23,dolma3_cc/literature_high,503,0.24560546875,0.03697748779106642,0.10888671875,6.013378983602556,False
wspu_worsened_cap09,uncheatable_worsened,Uncheatable worsened trio,9,24,dolma3_cc/literature_low,56,0.02734375,0.009859327578240708,0.015625,2.5108959913640896,False
wspu_worsened_cap09,uncheatable_worsened,Uncheatable worsened trio,9,25,dolma3_cc/science_math_and_technology_high,27,0.01318359375,0.03478704926566068,0.12353515625,0.3431106231860241,False
wspu_worsened_cap09,uncheatable_worsened,Uncheatable worsened trio,9,26,dolma3_cc/science_math_and_technology_low,12,0.005859375,0.015879788098040967,0.03955078125,0.334060045488229,False
wspu_worsened_cap09,uncheatable_worsened,Uncheatable worsened trio,9,27,dolma3_finemath_3plus,11,0.00537109375,0.004866841497454691,0.01708984375,0.9991564020293067,False
wspu_worsened_cap09,uncheatable_worsened,Uncheatable worsened trio,9,28,dolma3_stack_edu,0,0.0,0.019190204935443485,0.10302734375,0.0,False
wspu_worsened_cap09,uncheatable_worsened,Uncheatable worsened trio,9,29,dolma3_wikipedia,0,0.0,0.0005251805879418041,0.001953125,0.0,False
wspu_worsened_cap09,uncheatable_worsened,Uncheatable worsened trio,9,30,dolmino_common_crawl_hq,216,0.10546875,0.18859216494964032,0.0380859375,0.5063118568273913,False
wspu_worsened_cap09,uncheatable_worsened,Uncheatable worsened trio,9,31,dolmino_olmocr_pdfs_hq,20,0.009765625,0.029471752782588265,0.158203125,0.2999936229055373,False
wspu_worsened_cap09,uncheatable_worsened,Uncheatable worsened trio,9,32,dolmino_stack_edu_fim,0,0.0,0.019163297489321513,0.1005859375,0.0,False
wspu_worsened_cap09,uncheatable_worsened,Uncheatable worsened trio,9,33,dolmino_stem_heavy_crawl,6,0.0029296875,0.0007462684143601883,0.0048828125,3.554218986289983,False
wspu_worsened_cap09,uncheatable_worsened,Uncheatable worsened trio,9,34,dolmino_synth_code,7,0.00341796875,0.002699634074874129,0.015625,1.1462547055985846,False
wspu_worsened_cap09,uncheatable_worsened,Uncheatable worsened trio,9,35,dolmino_synth_instruction,19,0.00927734375,0.002573622349037877,0.00927734375,3.26359887231852,False
wspu_worsened_cap09,uncheatable_worsened,Uncheatable worsened trio,9,36,dolmino_synth_math,18,0.0087890625,0.003123324696968583,0.01318359375,2.5476711112634423,False
wspu_worsened_cap09,uncheatable_worsened,Uncheatable worsened trio,9,37,dolmino_synth_qa,295,0.14404296875,0.07545387599021859,0.07275390625,1.7283371089329382,False
wspu_worsened_cap09,uncheatable_worsened,Uncheatable worsened trio,9,38,dolmino_synth_thinking,0,0.0,0.005710771102042307,0.00439453125,0.0,False
wspu_worsened_cap10,uncheatable_worsened,Uncheatable worsened trio,10,0,dolma3_arxiv,4,0.001953125,0.0040417726214116954,0.02099609375,0.437498034589434,False
wspu_worsened_cap10,uncheatable_worsened,Uncheatable worsened trio,10,1,dolma3_cc/art_and_design_high,27,0.01318359375,0.016341700024385182,0.0029296875,0.7303895025935537,False
wspu_worsened_cap10,uncheatable_worsened,Uncheatable worsened trio,10,2,dolma3_cc/art_and_design_low,0,0.0,0.006632910236026645,0.0,0.0,False
wspu_worsened_cap10,uncheatable_worsened,Uncheatable worsened trio,10,3,dolma3_cc/crime_and_law_high,186,0.0908203125,0.0219961630999221,0.01318359375,3.7381266000479756,False
wspu_worsened_cap10,uncheatable_worsened,Uncheatable worsened trio,10,4,dolma3_cc/crime_and_law_low,64,0.03125,0.009880807972021378,0.0087890625,2.8633570584625065,False
wspu_worsened_cap10,uncheatable_worsened,Uncheatable worsened trio,10,5,dolma3_cc/education_and_jobs_high,11,0.00537109375,0.03596412161185751,0.01318359375,0.1352107495443595,False
wspu_worsened_cap10,uncheatable_worsened,Uncheatable worsened trio,10,6,dolma3_cc/education_and_jobs_low,0,0.0,0.017616064987960596,0.0,0.0,False
wspu_worsened_cap10,uncheatable_worsened,Uncheatable worsened trio,10,7,dolma3_cc/electronics_and_hardware_high,4,0.001953125,0.01897568936230047,0.0146484375,0.09318594673235256,False
wspu_worsened_cap10,uncheatable_worsened,Uncheatable worsened trio,10,8,dolma3_cc/electronics_and_hardware_low,0,0.0,0.00891925713424284,0.0,0.0,False
wspu_worsened_cap10,uncheatable_worsened,Uncheatable worsened trio,10,9,dolma3_cc/entertainment_high,255,0.12451171875,0.0606049913397554,0.01708984375,1.8600292750396388,False
wspu_worsened_cap10,uncheatable_worsened,Uncheatable worsened trio,10,10,dolma3_cc/entertainment_low,45,0.02197265625,0.02205491173716609,0.00244140625,0.9019764164543594,False
wspu_worsened_cap10,uncheatable_worsened,Uncheatable worsened trio,10,11,dolma3_cc/finance_and_business_high,9,0.00439453125,0.07786004609365799,0.0009765625,0.051099405284134876,False
wspu_worsened_cap10,uncheatable_worsened,Uncheatable worsened trio,10,12,dolma3_cc/finance_and_business_low,9,0.00439453125,0.03709966164665425,0.00341796875,0.10724092550154171,False
wspu_worsened_cap10,uncheatable_worsened,Uncheatable worsened trio,10,13,dolma3_cc/food_and_dining_high,1,0.00048828125,0.02445302715630018,0.00048828125,0.01807820731992089,False
wspu_worsened_cap10,uncheatable_worsened,Uncheatable worsened trio,10,14,dolma3_cc/food_and_dining_low,0,0.0,0.012036210703071088,0.001953125,0.0,False
wspu_worsened_cap10,uncheatable_worsened,Uncheatable worsened trio,10,15,dolma3_cc/games_high,63,0.03076171875,0.03234018759289552,0.0205078125,0.8611642797516392,False
wspu_worsened_cap10,uncheatable_worsened,Uncheatable worsened trio,10,16,dolma3_cc/games_low,7,0.00341796875,0.012124970556605505,0.00048828125,0.25521449699792725,False
wspu_worsened_cap10,uncheatable_worsened,Uncheatable worsened trio,10,17,dolma3_cc/health_high,1,0.00048828125,0.06233059103919839,0.0,0.007092294283769005,False
wspu_worsened_cap10,uncheatable_worsened,Uncheatable worsened trio,10,18,dolma3_cc/health_low,30,0.0146484375,0.026565357446222893,0.0009765625,0.4992218479568444,False
wspu_worsened_cap10,uncheatable_worsened,Uncheatable worsened trio,10,19,dolma3_cc/history_and_geography_high,97,0.04736328125,0.0193391600820501,0.01904296875,2.2172880615084916,False
wspu_worsened_cap10,uncheatable_worsened,Uncheatable worsened trio,10,20,dolma3_cc/history_and_geography_low,10,0.0048828125,0.005322054367593216,0.00537109375,0.8306320529588379,False
wspu_worsened_cap10,uncheatable_worsened,Uncheatable worsened trio,10,21,dolma3_cc/industrial_high,13,0.00634765625,0.011690160431395485,0.013671875,0.49159886749477527,False
wspu_worsened_cap10,uncheatable_worsened,Uncheatable worsened trio,10,22,dolma3_cc/industrial_low,22,0.0107421875,0.006189591154405127,0.01318359375,1.5712623721141734,False
wspu_worsened_cap10,uncheatable_worsened,Uncheatable worsened trio,10,23,dolma3_cc/literature_high,503,0.24560546875,0.03697748779106642,0.10888671875,6.013378983602556,False
wspu_worsened_cap10,uncheatable_worsened,Uncheatable worsened trio,10,24,dolma3_cc/literature_low,56,0.02734375,0.009859327578240708,0.015625,2.5108959913640896,False
wspu_worsened_cap10,uncheatable_worsened,Uncheatable worsened trio,10,25,dolma3_cc/science_math_and_technology_high,27,0.01318359375,0.03478704926566068,0.12353515625,0.3431106231860241,False
wspu_worsened_cap10,uncheatable_worsened,Uncheatable worsened trio,10,26,dolma3_cc/science_math_and_technology_low,12,0.005859375,0.015879788098040967,0.03955078125,0.334060045488229,False
wspu_worsened_cap10,uncheatable_worsened,Uncheatable worsened trio,10,27,dolma3_finemath_3plus,11,0.00537109375,0.004866841497454691,0.01708984375,0.9991564020293067,False
wspu_worsened_cap10,uncheatable_worsened,Uncheatable worsened trio,10,28,dolma3_stack_edu,0,0.0,0.019190204935443485,0.10302734375,0.0,False
wspu_worsened_cap10,uncheatable_worsened,Uncheatable worsened trio,10,29,dolma3_wikipedia,0,0.0,0.0005251805879418041,0.001953125,0.0,False
wspu_worsened_cap10,uncheatable_worsened,Uncheatable worsened trio,10,30,dolmino_common_crawl_hq,216,0.10546875,0.18859216494964032,0.0380859375,0.5063118568273913,False
wspu_worsened_cap10,uncheatable_worsened,Uncheatable worsened trio,10,31,dolmino_olmocr_pdfs_hq,20,0.009765625,0.029471752782588265,0.158203125,0.2999936229055373,False
wspu_worsened_cap10,uncheatable_worsened,Uncheatable worsened trio,10,32,dolmino_stack_edu_fim,0,0.0,0.019163297489321513,0.1005859375,0.0,False
wspu_worsened_cap10,uncheatable_worsened,Uncheatable worsened trio,10,33,dolmino_stem_heavy_crawl,6,0.0029296875,0.0007462684143601883,0.0048828125,3.554218986289983,False
wspu_worsened_cap10,uncheatable_worsened,Uncheatable worsened trio,10,34,dolmino_synth_code,7,0.00341796875,0.002699634074874129,0.015625,1.1462547055985846,False
wspu_worsened_cap10,uncheatable_worsened,Uncheatable worsened trio,10,35,dolmino_synth_instruction,19,0.00927734375,0.002573622349037877,0.00927734375,3.26359887231852,False
wspu_worsened_cap10,uncheatable_worsened,Uncheatable worsened trio,10,36,dolmino_synth_math,18,0.0087890625,0.003123324696968583,0.01318359375,2.5476711112634423,False
wspu_worsened_cap10,uncheatable_worsened,Uncheatable worsened trio,10,37,dolmino_synth_qa,295,0.14404296875,0.07545387599021859,0.07275390625,1.7283371089329382,False
wspu_worsened_cap10,uncheatable_worsened,Uncheatable worsened trio,10,38,dolmino_synth_thinking,0,0.0,0.005710771102042307,0.00439453125,0.0,False
wspu_worsened_cap11,uncheatable_worsened,Uncheatable worsened trio,11,0,dolma3_arxiv,4,0.001953125,0.0040417726214116954,0.02099609375,0.437498034589434,False
wspu_worsened_cap11,uncheatable_worsened,Uncheatable worsened trio,11,1,dolma3_cc/art_and_design_high,27,0.01318359375,0.016341700024385182,0.0029296875,0.7303895025935537,False
wspu_worsened_cap11,uncheatable_worsened,Uncheatable worsened trio,11,2,dolma3_cc/art_and_design_low,0,0.0,0.006632910236026645,0.0,0.0,False
wspu_worsened_cap11,uncheatable_worsened,Uncheatable worsened trio,11,3,dolma3_cc/crime_and_law_high,186,0.0908203125,0.0219961630999221,0.01318359375,3.7381266000479756,False
wspu_worsened_cap11,uncheatable_worsened,Uncheatable worsened trio,11,4,dolma3_cc/crime_and_law_low,64,0.03125,0.009880807972021378,0.0087890625,2.8633570584625065,False
wspu_worsened_cap11,uncheatable_worsened,Uncheatable worsened trio,11,5,dolma3_cc/education_and_jobs_high,11,0.00537109375,0.03596412161185751,0.01318359375,0.1352107495443595,False
wspu_worsened_cap11,uncheatable_worsened,Uncheatable worsened trio,11,6,dolma3_cc/education_and_jobs_low,0,0.0,0.017616064987960596,0.0,0.0,False
wspu_worsened_cap11,uncheatable_worsened,Uncheatable worsened trio,11,7,dolma3_cc/electronics_and_hardware_high,4,0.001953125,0.01897568936230047,0.0146484375,0.09318594673235256,False
wspu_worsened_cap11,uncheatable_worsened,Uncheatable worsened trio,11,8,dolma3_cc/electronics_and_hardware_low,0,0.0,0.00891925713424284,0.0,0.0,False
wspu_worsened_cap11,uncheatable_worsened,Uncheatable worsened trio,11,9,dolma3_cc/entertainment_high,255,0.12451171875,0.0606049913397554,0.01708984375,1.8600292750396388,False
wspu_worsened_cap11,uncheatable_worsened,Uncheatable worsened trio,11,10,dolma3_cc/entertainment_low,45,0.02197265625,0.02205491173716609,0.00244140625,0.9019764164543594,False
wspu_worsened_cap11,uncheatable_worsened,Uncheatable worsened trio,11,11,dolma3_cc/finance_and_business_high,9,0.00439453125,0.07786004609365799,0.0009765625,0.051099405284134876,False
wspu_worsened_cap11,uncheatable_worsened,Uncheatable worsened trio,11,12,dolma3_cc/finance_and_business_low,9,0.00439453125,0.03709966164665425,0.00341796875,0.10724092550154171,False
wspu_worsened_cap11,uncheatable_worsened,Uncheatable worsened trio,11,13,dolma3_cc/food_and_dining_high,1,0.00048828125,0.02445302715630018,0.00048828125,0.01807820731992089,False
wspu_worsened_cap11,uncheatable_worsened,Uncheatable worsened trio,11,14,dolma3_cc/food_and_dining_low,0,0.0,0.012036210703071088,0.001953125,0.0,False
wspu_worsened_cap11,uncheatable_worsened,Uncheatable worsened trio,11,15,dolma3_cc/games_high,63,0.03076171875,0.03234018759289552,0.0205078125,0.8611642797516392,False
wspu_worsened_cap11,uncheatable_worsened,Uncheatable worsened trio,11,16,dolma3_cc/games_low,7,0.00341796875,0.012124970556605505,0.00048828125,0.25521449699792725,False
wspu_worsened_cap11,uncheatable_worsened,Uncheatable worsened trio,11,17,dolma3_cc/health_high,1,0.00048828125,0.06233059103919839,0.0,0.007092294283769005,False
wspu_worsened_cap11,uncheatable_worsened,Uncheatable worsened trio,11,18,dolma3_cc/health_low,30,0.0146484375,0.026565357446222893,0.0009765625,0.4992218479568444,False
wspu_worsened_cap11,uncheatable_worsened,Uncheatable worsened trio,11,19,dolma3_cc/history_and_geography_high,97,0.04736328125,0.0193391600820501,0.01904296875,2.2172880615084916,False
wspu_worsened_cap11,uncheatable_worsened,Uncheatable worsened trio,11,20,dolma3_cc/history_and_geography_low,10,0.0048828125,0.005322054367593216,0.00537109375,0.8306320529588379,False
wspu_worsened_cap11,uncheatable_worsened,Uncheatable worsened trio,11,21,dolma3_cc/industrial_high,13,0.00634765625,0.011690160431395485,0.013671875,0.49159886749477527,False
wspu_worsened_cap11,uncheatable_worsened,Uncheatable worsened trio,11,22,dolma3_cc/industrial_low,22,0.0107421875,0.006189591154405127,0.01318359375,1.5712623721141734,False
wspu_worsened_cap11,uncheatable_worsened,Uncheatable worsened trio,11,23,dolma3_cc/literature_high,503,0.24560546875,0.03697748779106642,0.10888671875,6.013378983602556,False
wspu_worsened_cap11,uncheatable_worsened,Uncheatable worsened trio,11,24,dolma3_cc/literature_low,56,0.02734375,0.009859327578240708,0.015625,2.5108959913640896,False
wspu_worsened_cap11,uncheatable_worsened,Uncheatable worsened trio,11,25,dolma3_cc/science_math_and_technology_high,27,0.01318359375,0.03478704926566068,0.12353515625,0.3431106231860241,False
wspu_worsened_cap11,uncheatable_worsened,Uncheatable worsened trio,11,26,dolma3_cc/science_math_and_technology_low,12,0.005859375,0.015879788098040967,0.03955078125,0.334060045488229,False
wspu_worsened_cap11,uncheatable_worsened,Uncheatable worsened trio,11,27,dolma3_finemath_3plus,11,0.00537109375,0.004866841497454691,0.01708984375,0.9991564020293067,False
wspu_worsened_cap11,uncheatable_worsened,Uncheatable worsened trio,11,28,dolma3_stack_edu,0,0.0,0.019190204935443485,0.10302734375,0.0,False
wspu_worsened_cap11,uncheatable_worsened,Uncheatable worsened trio,11,29,dolma3_wikipedia,0,0.0,0.0005251805879418041,0.001953125,0.0,False
wspu_worsened_cap11,uncheatable_worsened,Uncheatable worsened trio,11,30,dolmino_common_crawl_hq,216,0.10546875,0.18859216494964032,0.0380859375,0.5063118568273913,False
wspu_worsened_cap11,uncheatable_worsened,Uncheatable worsened trio,11,31,dolmino_olmocr_pdfs_hq,20,0.009765625,0.029471752782588265,0.158203125,0.2999936229055373,False
wspu_worsened_cap11,uncheatable_worsened,Uncheatable worsened trio,11,32,dolmino_stack_edu_fim,0,0.0,0.019163297489321513,0.1005859375,0.0,False
wspu_worsened_cap11,uncheatable_worsened,Uncheatable worsened trio,11,33,dolmino_stem_heavy_crawl,6,0.0029296875,0.0007462684143601883,0.0048828125,3.554218986289983,False
wspu_worsened_cap11,uncheatable_worsened,Uncheatable worsened trio,11,34,dolmino_synth_code,7,0.00341796875,0.002699634074874129,0.015625,1.1462547055985846,False
wspu_worsened_cap11,uncheatable_worsened,Uncheatable worsened trio,11,35,dolmino_synth_instruction,19,0.00927734375,0.002573622349037877,0.00927734375,3.26359887231852,False
wspu_worsened_cap11,uncheatable_worsened,Uncheatable worsened trio,11,36,dolmino_synth_math,18,0.0087890625,0.003123324696968583,0.01318359375,2.5476711112634423,False
wspu_worsened_cap11,uncheatable_worsened,Uncheatable worsened trio,11,37,dolmino_synth_qa,295,0.14404296875,0.07545387599021859,0.07275390625,1.7283371089329382,False
wspu_worsened_cap11,uncheatable_worsened,Uncheatable worsened trio,11,38,dolmino_synth_thinking,0,0.0,0.005710771102042307,0.00439453125,0.0,False
wspu_worsened_cap12,uncheatable_worsened,Uncheatable worsened trio,12,0,dolma3_arxiv,4,0.001953125,0.0040417726214116954,0.02099609375,0.437498034589434,False
wspu_worsened_cap12,uncheatable_worsened,Uncheatable worsened trio,12,1,dolma3_cc/art_and_design_high,27,0.01318359375,0.016341700024385182,0.0029296875,0.7303895025935537,False
wspu_worsened_cap12,uncheatable_worsened,Uncheatable worsened trio,12,2,dolma3_cc/art_and_design_low,0,0.0,0.006632910236026645,0.0,0.0,False
wspu_worsened_cap12,uncheatable_worsened,Uncheatable worsened trio,12,3,dolma3_cc/crime_and_law_high,186,0.0908203125,0.0219961630999221,0.01318359375,3.7381266000479756,False
wspu_worsened_cap12,uncheatable_worsened,Uncheatable worsened trio,12,4,dolma3_cc/crime_and_law_low,64,0.03125,0.009880807972021378,0.0087890625,2.8633570584625065,False
wspu_worsened_cap12,uncheatable_worsened,Uncheatable worsened trio,12,5,dolma3_cc/education_and_jobs_high,11,0.00537109375,0.03596412161185751,0.01318359375,0.1352107495443595,False
wspu_worsened_cap12,uncheatable_worsened,Uncheatable worsened trio,12,6,dolma3_cc/education_and_jobs_low,0,0.0,0.017616064987960596,0.0,0.0,False
wspu_worsened_cap12,uncheatable_worsened,Uncheatable worsened trio,12,7,dolma3_cc/electronics_and_hardware_high,4,0.001953125,0.01897568936230047,0.0146484375,0.09318594673235256,False
wspu_worsened_cap12,uncheatable_worsened,Uncheatable worsened trio,12,8,dolma3_cc/electronics_and_hardware_low,0,0.0,0.00891925713424284,0.0,0.0,False
wspu_worsened_cap12,uncheatable_worsened,Uncheatable worsened trio,12,9,dolma3_cc/entertainment_high,255,0.12451171875,0.0606049913397554,0.01708984375,1.8600292750396388,False
wspu_worsened_cap12,uncheatable_worsened,Uncheatable worsened trio,12,10,dolma3_cc/entertainment_low,45,0.02197265625,0.02205491173716609,0.00244140625,0.9019764164543594,False
wspu_worsened_cap12,uncheatable_worsened,Uncheatable worsened trio,12,11,dolma3_cc/finance_and_business_high,9,0.00439453125,0.07786004609365799,0.0009765625,0.051099405284134876,False
wspu_worsened_cap12,uncheatable_worsened,Uncheatable worsened trio,12,12,dolma3_cc/finance_and_business_low,9,0.00439453125,0.03709966164665425,0.00341796875,0.10724092550154171,False
wspu_worsened_cap12,uncheatable_worsened,Uncheatable worsened trio,12,13,dolma3_cc/food_and_dining_high,1,0.00048828125,0.02445302715630018,0.00048828125,0.01807820731992089,False
wspu_worsened_cap12,uncheatable_worsened,Uncheatable worsened trio,12,14,dolma3_cc/food_and_dining_low,0,0.0,0.012036210703071088,0.001953125,0.0,False
wspu_worsened_cap12,uncheatable_worsened,Uncheatable worsened trio,12,15,dolma3_cc/games_high,63,0.03076171875,0.03234018759289552,0.0205078125,0.8611642797516392,False
wspu_worsened_cap12,uncheatable_worsened,Uncheatable worsened trio,12,16,dolma3_cc/games_low,7,0.00341796875,0.012124970556605505,0.00048828125,0.25521449699792725,False
wspu_worsened_cap12,uncheatable_worsened,Uncheatable worsened trio,12,17,dolma3_cc/health_high,1,0.00048828125,0.06233059103919839,0.0,0.007092294283769005,False
wspu_worsened_cap12,uncheatable_worsened,Uncheatable worsened trio,12,18,dolma3_cc/health_low,30,0.0146484375,0.026565357446222893,0.0009765625,0.4992218479568444,False
wspu_worsened_cap12,uncheatable_worsened,Uncheatable worsened trio,12,19,dolma3_cc/history_and_geography_high,97,0.04736328125,0.0193391600820501,0.01904296875,2.2172880615084916,False
wspu_worsened_cap12,uncheatable_worsened,Uncheatable worsened trio,12,20,dolma3_cc/history_and_geography_low,10,0.0048828125,0.005322054367593216,0.00537109375,0.8306320529588379,False
wspu_worsened_cap12,uncheatable_worsened,Uncheatable worsened trio,12,21,dolma3_cc/industrial_high,13,0.00634765625,0.011690160431395485,0.013671875,0.49159886749477527,False
wspu_worsened_cap12,uncheatable_worsened,Uncheatable worsened trio,12,22,dolma3_cc/industrial_low,22,0.0107421875,0.006189591154405127,0.01318359375,1.5712623721141734,False
wspu_worsened_cap12,uncheatable_worsened,Uncheatable worsened trio,12,23,dolma3_cc/literature_high,503,0.24560546875,0.03697748779106642,0.10888671875,6.013378983602556,False
wspu_worsened_cap12,uncheatable_worsened,Uncheatable worsened trio,12,24,dolma3_cc/literature_low,56,0.02734375,0.009859327578240708,0.015625,2.5108959913640896,False
wspu_worsened_cap12,uncheatable_worsened,Uncheatable worsened trio,12,25,dolma3_cc/science_math_and_technology_high,27,0.01318359375,0.03478704926566068,0.12353515625,0.3431106231860241,False
wspu_worsened_cap12,uncheatable_worsened,Uncheatable worsened trio,12,26,dolma3_cc/science_math_and_technology_low,12,0.005859375,0.015879788098040967,0.03955078125,0.334060045488229,False
wspu_worsened_cap12,uncheatable_worsened,Uncheatable worsened trio,12,27,dolma3_finemath_3plus,11,0.00537109375,0.004866841497454691,0.01708984375,0.9991564020293067,False
wspu_worsened_cap12,uncheatable_worsened,Uncheatable worsened trio,12,28,dolma3_stack_edu,0,0.0,0.019190204935443485,0.10302734375,0.0,False
wspu_worsened_cap12,uncheatable_worsened,Uncheatable worsened trio,12,29,dolma3_wikipedia,0,0.0,0.0005251805879418041,0.001953125,0.0,False
wspu_worsened_cap12,uncheatable_worsened,Uncheatable worsened trio,12,30,dolmino_common_crawl_hq,216,0.10546875,0.18859216494964032,0.0380859375,0.5063118568273913,False
wspu_worsened_cap12,uncheatable_worsened,Uncheatable worsened trio,12,31,dolmino_olmocr_pdfs_hq,20,0.009765625,0.029471752782588265,0.158203125,0.2999936229055373,False
wspu_worsened_cap12,uncheatable_worsened,Uncheatable worsened trio,12,32,dolmino_stack_edu_fim,0,0.0,0.019163297489321513,0.1005859375,0.0,False
wspu_worsened_cap12,uncheatable_worsened,Uncheatable worsened trio,12,33,dolmino_stem_heavy_crawl,6,0.0029296875,0.0007462684143601883,0.0048828125,3.554218986289983,False
wspu_worsened_cap12,uncheatable_worsened,Uncheatable worsened trio,12,34,dolmino_synth_code,7,0.00341796875,0.002699634074874129,0.015625,1.1462547055985846,False
wspu_worsened_cap12,uncheatable_worsened,Uncheatable worsened trio,12,35,dolmino_synth_instruction,19,0.00927734375,0.002573622349037877,0.00927734375,3.26359887231852,False
wspu_worsened_cap12,uncheatable_worsened,Uncheatable worsened trio,12,36,dolmino_synth_math,18,0.0087890625,0.003123324696968583,0.01318359375,2.5476711112634423,False
wspu_worsened_cap12,uncheatable_worsened,Uncheatable worsened trio,12,37,dolmino_synth_qa,295,0.14404296875,0.07545387599021859,0.07275390625,1.7283371089329382,False
wspu_worsened_cap12,uncheatable_worsened,Uncheatable worsened trio,12,38,dolmino_synth_thinking,0,0.0,0.005710771102042307,0.00439453125,0.0,False
wspu_worsened_cap13,uncheatable_worsened,Uncheatable worsened trio,13,0,dolma3_arxiv,4,0.001953125,0.0040417726214116954,0.02099609375,0.437498034589434,False
wspu_worsened_cap13,uncheatable_worsened,Uncheatable worsened trio,13,1,dolma3_cc/art_and_design_high,27,0.01318359375,0.016341700024385182,0.0029296875,0.7303895025935537,False
wspu_worsened_cap13,uncheatable_worsened,Uncheatable worsened trio,13,2,dolma3_cc/art_and_design_low,0,0.0,0.006632910236026645,0.0,0.0,False
wspu_worsened_cap13,uncheatable_worsened,Uncheatable worsened trio,13,3,dolma3_cc/crime_and_law_high,186,0.0908203125,0.0219961630999221,0.01318359375,3.7381266000479756,False
wspu_worsened_cap13,uncheatable_worsened,Uncheatable worsened trio,13,4,dolma3_cc/crime_and_law_low,64,0.03125,0.009880807972021378,0.0087890625,2.8633570584625065,False
wspu_worsened_cap13,uncheatable_worsened,Uncheatable worsened trio,13,5,dolma3_cc/education_and_jobs_high,11,0.00537109375,0.03596412161185751,0.01318359375,0.1352107495443595,False
wspu_worsened_cap13,uncheatable_worsened,Uncheatable worsened trio,13,6,dolma3_cc/education_and_jobs_low,0,0.0,0.017616064987960596,0.0,0.0,False
wspu_worsened_cap13,uncheatable_worsened,Uncheatable worsened trio,13,7,dolma3_cc/electronics_and_hardware_high,4,0.001953125,0.01897568936230047,0.0146484375,0.09318594673235256,False
wspu_worsened_cap13,uncheatable_worsened,Uncheatable worsened trio,13,8,dolma3_cc/electronics_and_hardware_low,0,0.0,0.00891925713424284,0.0,0.0,False
wspu_worsened_cap13,uncheatable_worsened,Uncheatable worsened trio,13,9,dolma3_cc/entertainment_high,255,0.12451171875,0.0606049913397554,0.01708984375,1.8600292750396388,False
wspu_worsened_cap13,uncheatable_worsened,Uncheatable worsened trio,13,10,dolma3_cc/entertainment_low,45,0.02197265625,0.02205491173716609,0.00244140625,0.9019764164543594,False
wspu_worsened_cap13,uncheatable_worsened,Uncheatable worsened trio,13,11,dolma3_cc/finance_and_business_high,9,0.00439453125,0.07786004609365799,0.0009765625,0.051099405284134876,False
wspu_worsened_cap13,uncheatable_worsened,Uncheatable worsened trio,13,12,dolma3_cc/finance_and_business_low,9,0.00439453125,0.03709966164665425,0.00341796875,0.10724092550154171,False
wspu_worsened_cap13,uncheatable_worsened,Uncheatable worsened trio,13,13,dolma3_cc/food_and_dining_high,1,0.00048828125,0.02445302715630018,0.00048828125,0.01807820731992089,False
wspu_worsened_cap13,uncheatable_worsened,Uncheatable worsened trio,13,14,dolma3_cc/food_and_dining_low,0,0.0,0.012036210703071088,0.001953125,0.0,False
wspu_worsened_cap13,uncheatable_worsened,Uncheatable worsened trio,13,15,dolma3_cc/games_high,63,0.03076171875,0.03234018759289552,0.0205078125,0.8611642797516392,False
wspu_worsened_cap13,uncheatable_worsened,Uncheatable worsened trio,13,16,dolma3_cc/games_low,7,0.00341796875,0.012124970556605505,0.00048828125,0.25521449699792725,False
wspu_worsened_cap13,uncheatable_worsened,Uncheatable worsened trio,13,17,dolma3_cc/health_high,1,0.00048828125,0.06233059103919839,0.0,0.007092294283769005,False
wspu_worsened_cap13,uncheatable_worsened,Uncheatable worsened trio,13,18,dolma3_cc/health_low,30,0.0146484375,0.026565357446222893,0.0009765625,0.4992218479568444,False
wspu_worsened_cap13,uncheatable_worsened,Uncheatable worsened trio,13,19,dolma3_cc/history_and_geography_high,97,0.04736328125,0.0193391600820501,0.01904296875,2.2172880615084916,False
wspu_worsened_cap13,uncheatable_worsened,Uncheatable worsened trio,13,20,dolma3_cc/history_and_geography_low,10,0.0048828125,0.005322054367593216,0.00537109375,0.8306320529588379,False
wspu_worsened_cap13,uncheatable_worsened,Uncheatable worsened trio,13,21,dolma3_cc/industrial_high,13,0.00634765625,0.011690160431395485,0.013671875,0.49159886749477527,False
wspu_worsened_cap13,uncheatable_worsened,Uncheatable worsened trio,13,22,dolma3_cc/industrial_low,22,0.0107421875,0.006189591154405127,0.01318359375,1.5712623721141734,False
wspu_worsened_cap13,uncheatable_worsened,Uncheatable worsened trio,13,23,dolma3_cc/literature_high,503,0.24560546875,0.03697748779106642,0.10888671875,6.013378983602556,False
wspu_worsened_cap13,uncheatable_worsened,Uncheatable worsened trio,13,24,dolma3_cc/literature_low,56,0.02734375,0.009859327578240708,0.015625,2.5108959913640896,False
wspu_worsened_cap13,uncheatable_worsened,Uncheatable worsened trio,13,25,dolma3_cc/science_math_and_technology_high,27,0.01318359375,0.03478704926566068,0.12353515625,0.3431106231860241,False
wspu_worsened_cap13,uncheatable_worsened,Uncheatable worsened trio,13,26,dolma3_cc/science_math_and_technology_low,12,0.005859375,0.015879788098040967,0.03955078125,0.334060045488229,False
wspu_worsened_cap13,uncheatable_worsened,Uncheatable worsened trio,13,27,dolma3_finemath_3plus,11,0.00537109375,0.004866841497454691,0.01708984375,0.9991564020293067,False
wspu_worsened_cap13,uncheatable_worsened,Uncheatable worsened trio,13,28,dolma3_stack_edu,0,0.0,0.019190204935443485,0.10302734375,0.0,False
wspu_worsened_cap13,uncheatable_worsened,Uncheatable worsened trio,13,29,dolma3_wikipedia,0,0.0,0.0005251805879418041,0.001953125,0.0,False
wspu_worsened_cap13,uncheatable_worsened,Uncheatable worsened trio,13,30,dolmino_common_crawl_hq,216,0.10546875,0.18859216494964032,0.0380859375,0.5063118568273913,False
wspu_worsened_cap13,uncheatable_worsened,Uncheatable worsened trio,13,31,dolmino_olmocr_pdfs_hq,20,0.009765625,0.029471752782588265,0.158203125,0.2999936229055373,False
wspu_worsened_cap13,uncheatable_worsened,Uncheatable worsened trio,13,32,dolmino_stack_edu_fim,0,0.0,0.019163297489321513,0.1005859375,0.0,False
wspu_worsened_cap13,uncheatable_worsened,Uncheatable worsened trio,13,33,dolmino_stem_heavy_crawl,6,0.0029296875,0.0007462684143601883,0.0048828125,3.554218986289983,False
wspu_worsened_cap13,uncheatable_worsened,Uncheatable worsened trio,13,34,dolmino_synth_code,7,0.00341796875,0.002699634074874129,0.015625,1.1462547055985846,False
wspu_worsened_cap13,uncheatable_worsened,Uncheatable worsened trio,13,35,dolmino_synth_instruction,19,0.00927734375,0.002573622349037877,0.00927734375,3.26359887231852,False
wspu_worsened_cap13,uncheatable_worsened,Uncheatable worsened trio,13,36,dolmino_synth_math,18,0.0087890625,0.003123324696968583,0.01318359375,2.5476711112634423,False
wspu_worsened_cap13,uncheatable_worsened,Uncheatable worsened trio,13,37,dolmino_synth_qa,295,0.14404296875,0.07545387599021859,0.07275390625,1.7283371089329382,False
wspu_worsened_cap13,uncheatable_worsened,Uncheatable worsened trio,13,38,dolmino_synth_thinking,0,0.0,0.005710771102042307,0.00439453125,0.0,False
wspu_worsened_cap14,uncheatable_worsened,Uncheatable worsened trio,14,0,dolma3_arxiv,4,0.001953125,0.0040417726214116954,0.02099609375,0.437498034589434,False
wspu_worsened_cap14,uncheatable_worsened,Uncheatable worsened trio,14,1,dolma3_cc/art_and_design_high,27,0.01318359375,0.016341700024385182,0.0029296875,0.7303895025935537,False
wspu_worsened_cap14,uncheatable_worsened,Uncheatable worsened trio,14,2,dolma3_cc/art_and_design_low,0,0.0,0.006632910236026645,0.0,0.0,False
wspu_worsened_cap14,uncheatable_worsened,Uncheatable worsened trio,14,3,dolma3_cc/crime_and_law_high,186,0.0908203125,0.0219961630999221,0.01318359375,3.7381266000479756,False
wspu_worsened_cap14,uncheatable_worsened,Uncheatable worsened trio,14,4,dolma3_cc/crime_and_law_low,64,0.03125,0.009880807972021378,0.0087890625,2.8633570584625065,False
wspu_worsened_cap14,uncheatable_worsened,Uncheatable worsened trio,14,5,dolma3_cc/education_and_jobs_high,11,0.00537109375,0.03596412161185751,0.01318359375,0.1352107495443595,False
wspu_worsened_cap14,uncheatable_worsened,Uncheatable worsened trio,14,6,dolma3_cc/education_and_jobs_low,0,0.0,0.017616064987960596,0.0,0.0,False
wspu_worsened_cap14,uncheatable_worsened,Uncheatable worsened trio,14,7,dolma3_cc/electronics_and_hardware_high,4,0.001953125,0.01897568936230047,0.0146484375,0.09318594673235256,False
wspu_worsened_cap14,uncheatable_worsened,Uncheatable worsened trio,14,8,dolma3_cc/electronics_and_hardware_low,0,0.0,0.00891925713424284,0.0,0.0,False
wspu_worsened_cap14,uncheatable_worsened,Uncheatable worsened trio,14,9,dolma3_cc/entertainment_high,255,0.12451171875,0.0606049913397554,0.01708984375,1.8600292750396388,False
wspu_worsened_cap14,uncheatable_worsened,Uncheatable worsened trio,14,10,dolma3_cc/entertainment_low,45,0.02197265625,0.02205491173716609,0.00244140625,0.9019764164543594,False
wspu_worsened_cap14,uncheatable_worsened,Uncheatable worsened trio,14,11,dolma3_cc/finance_and_business_high,9,0.00439453125,0.07786004609365799,0.0009765625,0.051099405284134876,False
wspu_worsened_cap14,uncheatable_worsened,Uncheatable worsened trio,14,12,dolma3_cc/finance_and_business_low,9,0.00439453125,0.03709966164665425,0.00341796875,0.10724092550154171,False
wspu_worsened_cap14,uncheatable_worsened,Uncheatable worsened trio,14,13,dolma3_cc/food_and_dining_high,1,0.00048828125,0.02445302715630018,0.00048828125,0.01807820731992089,False
wspu_worsened_cap14,uncheatable_worsened,Uncheatable worsened trio,14,14,dolma3_cc/food_and_dining_low,0,0.0,0.012036210703071088,0.001953125,0.0,False
wspu_worsened_cap14,uncheatable_worsened,Uncheatable worsened trio,14,15,dolma3_cc/games_high,63,0.03076171875,0.03234018759289552,0.0205078125,0.8611642797516392,False
wspu_worsened_cap14,uncheatable_worsened,Uncheatable worsened trio,14,16,dolma3_cc/games_low,7,0.00341796875,0.012124970556605505,0.00048828125,0.25521449699792725,False
wspu_worsened_cap14,uncheatable_worsened,Uncheatable worsened trio,14,17,dolma3_cc/health_high,1,0.00048828125,0.06233059103919839,0.0,0.007092294283769005,False
wspu_worsened_cap14,uncheatable_worsened,Uncheatable worsened trio,14,18,dolma3_cc/health_low,30,0.0146484375,0.026565357446222893,0.0009765625,0.4992218479568444,False
wspu_worsened_cap14,uncheatable_worsened,Uncheatable worsened trio,14,19,dolma3_cc/history_and_geography_high,97,0.04736328125,0.0193391600820501,0.01904296875,2.2172880615084916,False
wspu_worsened_cap14,uncheatable_worsened,Uncheatable worsened trio,14,20,dolma3_cc/history_and_geography_low,10,0.0048828125,0.005322054367593216,0.00537109375,0.8306320529588379,False
wspu_worsened_cap14,uncheatable_worsened,Uncheatable worsened trio,14,21,dolma3_cc/industrial_high,13,0.00634765625,0.011690160431395485,0.013671875,0.49159886749477527,False
wspu_worsened_cap14,uncheatable_worsened,Uncheatable worsened trio,14,22,dolma3_cc/industrial_low,22,0.0107421875,0.006189591154405127,0.01318359375,1.5712623721141734,False
wspu_worsened_cap14,uncheatable_worsened,Uncheatable worsened trio,14,23,dolma3_cc/literature_high,503,0.24560546875,0.03697748779106642,0.10888671875,6.013378983602556,False
wspu_worsened_cap14,uncheatable_worsened,Uncheatable worsened trio,14,24,dolma3_cc/literature_low,56,0.02734375,0.009859327578240708,0.015625,2.5108959913640896,False
wspu_worsened_cap14,uncheatable_worsened,Uncheatable worsened trio,14,25,dolma3_cc/science_math_and_technology_high,27,0.01318359375,0.03478704926566068,0.12353515625,0.3431106231860241,False
wspu_worsened_cap14,uncheatable_worsened,Uncheatable worsened trio,14,26,dolma3_cc/science_math_and_technology_low,12,0.005859375,0.015879788098040967,0.03955078125,0.334060045488229,False
wspu_worsened_cap14,uncheatable_worsened,Uncheatable worsened trio,14,27,dolma3_finemath_3plus,11,0.00537109375,0.004866841497454691,0.01708984375,0.9991564020293067,False
wspu_worsened_cap14,uncheatable_worsened,Uncheatable worsened trio,14,28,dolma3_stack_edu,0,0.0,0.019190204935443485,0.10302734375,0.0,False
wspu_worsened_cap14,uncheatable_worsened,Uncheatable worsened trio,14,29,dolma3_wikipedia,0,0.0,0.0005251805879418041,0.001953125,0.0,False
wspu_worsened_cap14,uncheatable_worsened,Uncheatable worsened trio,14,30,dolmino_common_crawl_hq,216,0.10546875,0.18859216494964032,0.0380859375,0.5063118568273913,False
wspu_worsened_cap14,uncheatable_worsened,Uncheatable worsened trio,14,31,dolmino_olmocr_pdfs_hq,20,0.009765625,0.029471752782588265,0.158203125,0.2999936229055373,False
wspu_worsened_cap14,uncheatable_worsened,Uncheatable worsened trio,14,32,dolmino_stack_edu_fim,0,0.0,0.019163297489321513,0.1005859375,0.0,False
wspu_worsened_cap14,uncheatable_worsened,Uncheatable worsened trio,14,33,dolmino_stem_heavy_crawl,6,0.0029296875,0.0007462684143601883,0.0048828125,3.554218986289983,False
wspu_worsened_cap14,uncheatable_worsened,Uncheatable worsened trio,14,34,dolmino_synth_code,7,0.00341796875,0.002699634074874129,0.015625,1.1462547055985846,False
wspu_worsened_cap14,uncheatable_worsened,Uncheatable worsened trio,14,35,dolmino_synth_instruction,19,0.00927734375,0.002573622349037877,0.00927734375,3.26359887231852,False
wspu_worsened_cap14,uncheatable_worsened,Uncheatable worsened trio,14,36,dolmino_synth_math,18,0.0087890625,0.003123324696968583,0.01318359375,2.5476711112634423,False
wspu_worsened_cap14,uncheatable_worsened,Uncheatable worsened trio,14,37,dolmino_synth_qa,295,0.14404296875,0.07545387599021859,0.07275390625,1.7283371089329382,False
wspu_worsened_cap14,uncheatable_worsened,Uncheatable worsened trio,14,38,dolmino_synth_thinking,0,0.0,0.005710771102042307,0.00439453125,0.0,False
wspu_worsened_cap15,uncheatable_worsened,Uncheatable worsened trio,15,0,dolma3_arxiv,4,0.001953125,0.0040417726214116954,0.02099609375,0.437498034589434,False
wspu_worsened_cap15,uncheatable_worsened,Uncheatable worsened trio,15,1,dolma3_cc/art_and_design_high,27,0.01318359375,0.016341700024385182,0.0029296875,0.7303895025935537,False
wspu_worsened_cap15,uncheatable_worsened,Uncheatable worsened trio,15,2,dolma3_cc/art_and_design_low,0,0.0,0.006632910236026645,0.0,0.0,False
wspu_worsened_cap15,uncheatable_worsened,Uncheatable worsened trio,15,3,dolma3_cc/crime_and_law_high,186,0.0908203125,0.0219961630999221,0.01318359375,3.7381266000479756,False
wspu_worsened_cap15,uncheatable_worsened,Uncheatable worsened trio,15,4,dolma3_cc/crime_and_law_low,64,0.03125,0.009880807972021378,0.0087890625,2.8633570584625065,False
wspu_worsened_cap15,uncheatable_worsened,Uncheatable worsened trio,15,5,dolma3_cc/education_and_jobs_high,11,0.00537109375,0.03596412161185751,0.01318359375,0.1352107495443595,False
wspu_worsened_cap15,uncheatable_worsened,Uncheatable worsened trio,15,6,dolma3_cc/education_and_jobs_low,0,0.0,0.017616064987960596,0.0,0.0,False
wspu_worsened_cap15,uncheatable_worsened,Uncheatable worsened trio,15,7,dolma3_cc/electronics_and_hardware_high,4,0.001953125,0.01897568936230047,0.0146484375,0.09318594673235256,False
wspu_worsened_cap15,uncheatable_worsened,Uncheatable worsened trio,15,8,dolma3_cc/electronics_and_hardware_low,0,0.0,0.00891925713424284,0.0,0.0,False
wspu_worsened_cap15,uncheatable_worsened,Uncheatable worsened trio,15,9,dolma3_cc/entertainment_high,255,0.12451171875,0.0606049913397554,0.01708984375,1.8600292750396388,False
wspu_worsened_cap15,uncheatable_worsened,Uncheatable worsened trio,15,10,dolma3_cc/entertainment_low,45,0.02197265625,0.02205491173716609,0.00244140625,0.9019764164543594,False
wspu_worsened_cap15,uncheatable_worsened,Uncheatable worsened trio,15,11,dolma3_cc/finance_and_business_high,9,0.00439453125,0.07786004609365799,0.0009765625,0.051099405284134876,False
wspu_worsened_cap15,uncheatable_worsened,Uncheatable worsened trio,15,12,dolma3_cc/finance_and_business_low,9,0.00439453125,0.03709966164665425,0.00341796875,0.10724092550154171,False
wspu_worsened_cap15,uncheatable_worsened,Uncheatable worsened trio,15,13,dolma3_cc/food_and_dining_high,1,0.00048828125,0.02445302715630018,0.00048828125,0.01807820731992089,False
wspu_worsened_cap15,uncheatable_worsened,Uncheatable worsened trio,15,14,dolma3_cc/food_and_dining_low,0,0.0,0.012036210703071088,0.001953125,0.0,False
wspu_worsened_cap15,uncheatable_worsened,Uncheatable worsened trio,15,15,dolma3_cc/games_high,63,0.03076171875,0.03234018759289552,0.0205078125,0.8611642797516392,False
wspu_worsened_cap15,uncheatable_worsened,Uncheatable worsened trio,15,16,dolma3_cc/games_low,7,0.00341796875,0.012124970556605505,0.00048828125,0.25521449699792725,False
wspu_worsened_cap15,uncheatable_worsened,Uncheatable worsened trio,15,17,dolma3_cc/health_high,1,0.00048828125,0.06233059103919839,0.0,0.007092294283769005,False
wspu_worsened_cap15,uncheatable_worsened,Uncheatable worsened trio,15,18,dolma3_cc/health_low,30,0.0146484375,0.026565357446222893,0.0009765625,0.4992218479568444,False
wspu_worsened_cap15,uncheatable_worsened,Uncheatable worsened trio,15,19,dolma3_cc/history_and_geography_high,97,0.04736328125,0.0193391600820501,0.01904296875,2.2172880615084916,False
wspu_worsened_cap15,uncheatable_worsened,Uncheatable worsened trio,15,20,dolma3_cc/history_and_geography_low,10,0.0048828125,0.005322054367593216,0.00537109375,0.8306320529588379,False
wspu_worsened_cap15,uncheatable_worsened,Uncheatable worsened trio,15,21,dolma3_cc/industrial_high,13,0.00634765625,0.011690160431395485,0.013671875,0.49159886749477527,False
wspu_worsened_cap15,uncheatable_worsened,Uncheatable worsened trio,15,22,dolma3_cc/industrial_low,22,0.0107421875,0.006189591154405127,0.01318359375,1.5712623721141734,False
wspu_worsened_cap15,uncheatable_worsened,Uncheatable worsened trio,15,23,dolma3_cc/literature_high,503,0.24560546875,0.03697748779106642,0.10888671875,6.013378983602556,False
wspu_worsened_cap15,uncheatable_worsened,Uncheatable worsened trio,15,24,dolma3_cc/literature_low,56,0.02734375,0.009859327578240708,0.015625,2.5108959913640896,False
wspu_worsened_cap15,uncheatable_worsened,Uncheatable worsened trio,15,25,dolma3_cc/science_math_and_technology_high,27,0.01318359375,0.03478704926566068,0.12353515625,0.3431106231860241,False
wspu_worsened_cap15,uncheatable_worsened,Uncheatable worsened trio,15,26,dolma3_cc/science_math_and_technology_low,12,0.005859375,0.015879788098040967,0.03955078125,0.334060045488229,False
wspu_worsened_cap15,uncheatable_worsened,Uncheatable worsened trio,15,27,dolma3_finemath_3plus,11,0.00537109375,0.004866841497454691,0.01708984375,0.9991564020293067,False
wspu_worsened_cap15,uncheatable_worsened,Uncheatable worsened trio,15,28,dolma3_stack_edu,0,0.0,0.019190204935443485,0.10302734375,0.0,False
wspu_worsened_cap15,uncheatable_worsened,Uncheatable worsened trio,15,29,dolma3_wikipedia,0,0.0,0.0005251805879418041,0.001953125,0.0,False
wspu_worsened_cap15,uncheatable_worsened,Uncheatable worsened trio,15,30,dolmino_common_crawl_hq,216,0.10546875,0.18859216494964032,0.0380859375,0.5063118568273913,False
wspu_worsened_cap15,uncheatable_worsened,Uncheatable worsened trio,15,31,dolmino_olmocr_pdfs_hq,20,0.009765625,0.029471752782588265,0.158203125,0.2999936229055373,False
wspu_worsened_cap15,uncheatable_worsened,Uncheatable worsened trio,15,32,dolmino_stack_edu_fim,0,0.0,0.019163297489321513,0.1005859375,0.0,False
wspu_worsened_cap15,uncheatable_worsened,Uncheatable worsened trio,15,33,dolmino_stem_heavy_crawl,6,0.0029296875,0.0007462684143601883,0.0048828125,3.554218986289983,False
wspu_worsened_cap15,uncheatable_worsened,Uncheatable worsened trio,15,34,dolmino_synth_code,7,0.00341796875,0.002699634074874129,0.015625,1.1462547055985846,False
wspu_worsened_cap15,uncheatable_worsened,Uncheatable worsened trio,15,35,dolmino_synth_instruction,19,0.00927734375,0.002573622349037877,0.00927734375,3.26359887231852,False
wspu_worsened_cap15,uncheatable_worsened,Uncheatable worsened trio,15,36,dolmino_synth_math,18,0.0087890625,0.003123324696968583,0.01318359375,2.5476711112634423,False
wspu_worsened_cap15,uncheatable_worsened,Uncheatable worsened trio,15,37,dolmino_synth_qa,295,0.14404296875,0.07545387599021859,0.07275390625,1.7283371089329382,False
wspu_worsened_cap15,uncheatable_worsened,Uncheatable worsened trio,15,38,dolmino_synth_thinking,0,0.0,0.005710771102042307,0.00439453125,0.0,False
wspu_worsened_cap16,uncheatable_worsened,Uncheatable worsened trio,16,0,dolma3_arxiv,4,0.001953125,0.0040417726214116954,0.02099609375,0.437498034589434,False
wspu_worsened_cap16,uncheatable_worsened,Uncheatable worsened trio,16,1,dolma3_cc/art_and_design_high,27,0.01318359375,0.016341700024385182,0.0029296875,0.7303895025935537,False
wspu_worsened_cap16,uncheatable_worsened,Uncheatable worsened trio,16,2,dolma3_cc/art_and_design_low,0,0.0,0.006632910236026645,0.0,0.0,False
wspu_worsened_cap16,uncheatable_worsened,Uncheatable worsened trio,16,3,dolma3_cc/crime_and_law_high,186,0.0908203125,0.0219961630999221,0.01318359375,3.7381266000479756,False
wspu_worsened_cap16,uncheatable_worsened,Uncheatable worsened trio,16,4,dolma3_cc/crime_and_law_low,64,0.03125,0.009880807972021378,0.0087890625,2.8633570584625065,False
wspu_worsened_cap16,uncheatable_worsened,Uncheatable worsened trio,16,5,dolma3_cc/education_and_jobs_high,11,0.00537109375,0.03596412161185751,0.01318359375,0.1352107495443595,False
wspu_worsened_cap16,uncheatable_worsened,Uncheatable worsened trio,16,6,dolma3_cc/education_and_jobs_low,0,0.0,0.017616064987960596,0.0,0.0,False
wspu_worsened_cap16,uncheatable_worsened,Uncheatable worsened trio,16,7,dolma3_cc/electronics_and_hardware_high,4,0.001953125,0.01897568936230047,0.0146484375,0.09318594673235256,False
wspu_worsened_cap16,uncheatable_worsened,Uncheatable worsened trio,16,8,dolma3_cc/electronics_and_hardware_low,0,0.0,0.00891925713424284,0.0,0.0,False
wspu_worsened_cap16,uncheatable_worsened,Uncheatable worsened trio,16,9,dolma3_cc/entertainment_high,255,0.12451171875,0.0606049913397554,0.01708984375,1.8600292750396388,False
wspu_worsened_cap16,uncheatable_worsened,Uncheatable worsened trio,16,10,dolma3_cc/entertainment_low,45,0.02197265625,0.02205491173716609,0.00244140625,0.9019764164543594,False
wspu_worsened_cap16,uncheatable_worsened,Uncheatable worsened trio,16,11,dolma3_cc/finance_and_business_high,9,0.00439453125,0.07786004609365799,0.0009765625,0.051099405284134876,False
wspu_worsened_cap16,uncheatable_worsened,Uncheatable worsened trio,16,12,dolma3_cc/finance_and_business_low,9,0.00439453125,0.03709966164665425,0.00341796875,0.10724092550154171,False
wspu_worsened_cap16,uncheatable_worsened,Uncheatable worsened trio,16,13,dolma3_cc/food_and_dining_high,1,0.00048828125,0.02445302715630018,0.00048828125,0.01807820731992089,False
wspu_worsened_cap16,uncheatable_worsened,Uncheatable worsened trio,16,14,dolma3_cc/food_and_dining_low,0,0.0,0.012036210703071088,0.001953125,0.0,False
wspu_worsened_cap16,uncheatable_worsened,Uncheatable worsened trio,16,15,dolma3_cc/games_high,63,0.03076171875,0.03234018759289552,0.0205078125,0.8611642797516392,False
wspu_worsened_cap16,uncheatable_worsened,Uncheatable worsened trio,16,16,dolma3_cc/games_low,7,0.00341796875,0.012124970556605505,0.00048828125,0.25521449699792725,False
wspu_worsened_cap16,uncheatable_worsened,Uncheatable worsened trio,16,17,dolma3_cc/health_high,1,0.00048828125,0.06233059103919839,0.0,0.007092294283769005,False
wspu_worsened_cap16,uncheatable_worsened,Uncheatable worsened trio,16,18,dolma3_cc/health_low,30,0.0146484375,0.026565357446222893,0.0009765625,0.4992218479568444,False
wspu_worsened_cap16,uncheatable_worsened,Uncheatable worsened trio,16,19,dolma3_cc/history_and_geography_high,97,0.04736328125,0.0193391600820501,0.01904296875,2.2172880615084916,False
wspu_worsened_cap16,uncheatable_worsened,Uncheatable worsened trio,16,20,dolma3_cc/history_and_geography_low,10,0.0048828125,0.005322054367593216,0.00537109375,0.8306320529588379,False
wspu_worsened_cap16,uncheatable_worsened,Uncheatable worsened trio,16,21,dolma3_cc/industrial_high,13,0.00634765625,0.011690160431395485,0.013671875,0.49159886749477527,False
wspu_worsened_cap16,uncheatable_worsened,Uncheatable worsened trio,16,22,dolma3_cc/industrial_low,22,0.0107421875,0.006189591154405127,0.01318359375,1.5712623721141734,False
wspu_worsened_cap16,uncheatable_worsened,Uncheatable worsened trio,16,23,dolma3_cc/literature_high,503,0.24560546875,0.03697748779106642,0.10888671875,6.013378983602556,False
wspu_worsened_cap16,uncheatable_worsened,Uncheatable worsened trio,16,24,dolma3_cc/literature_low,56,0.02734375,0.009859327578240708,0.015625,2.5108959913640896,False
wspu_worsened_cap16,uncheatable_worsened,Uncheatable worsened trio,16,25,dolma3_cc/science_math_and_technology_high,27,0.01318359375,0.03478704926566068,0.12353515625,0.3431106231860241,False
wspu_worsened_cap16,uncheatable_worsened,Uncheatable worsened trio,16,26,dolma3_cc/science_math_and_technology_low,12,0.005859375,0.015879788098040967,0.03955078125,0.334060045488229,False
wspu_worsened_cap16,uncheatable_worsened,Uncheatable worsened trio,16,27,dolma3_finemath_3plus,11,0.00537109375,0.004866841497454691,0.01708984375,0.9991564020293067,False
wspu_worsened_cap16,uncheatable_worsened,Uncheatable worsened trio,16,28,dolma3_stack_edu,0,0.0,0.019190204935443485,0.10302734375,0.0,False
wspu_worsened_cap16,uncheatable_worsened,Uncheatable worsened trio,16,29,dolma3_wikipedia,0,0.0,0.0005251805879418041,0.001953125,0.0,False
wspu_worsened_cap16,uncheatable_worsened,Uncheatable worsened trio,16,30,dolmino_common_crawl_hq,216,0.10546875,0.18859216494964032,0.0380859375,0.5063118568273913,False
wspu_worsened_cap16,uncheatable_worsened,Uncheatable worsened trio,16,31,dolmino_olmocr_pdfs_hq,20,0.009765625,0.029471752782588265,0.158203125,0.2999936229055373,False
wspu_worsened_cap16,uncheatable_worsened,Uncheatable worsened trio,16,32,dolmino_stack_edu_fim,0,0.0,0.019163297489321513,0.1005859375,0.0,False
wspu_worsened_cap16,uncheatable_worsened,Uncheatable worsened trio,16,33,dolmino_stem_heavy_crawl,6,0.0029296875,0.0007462684143601883,0.0048828125,3.554218986289983,False
wspu_worsened_cap16,uncheatable_worsened,Uncheatable worsened trio,16,34,dolmino_synth_code,7,0.00341796875,0.002699634074874129,0.015625,1.1462547055985846,False
wspu_worsened_cap16,uncheatable_worsened,Uncheatable worsened trio,16,35,dolmino_synth_instruction,19,0.00927734375,0.002573622349037877,0.00927734375,3.26359887231852,False
wspu_worsened_cap16,uncheatable_worsened,Uncheatable worsened trio,16,36,dolmino_synth_math,18,0.0087890625,0.003123324696968583,0.01318359375,2.5476711112634423,False
wspu_worsened_cap16,uncheatable_worsened,Uncheatable worsened trio,16,37,dolmino_synth_qa,295,0.14404296875,0.07545387599021859,0.07275390625,1.7283371089329382,False
wspu_worsened_cap16,uncheatable_worsened,Uncheatable worsened trio,16,38,dolmino_synth_thinking,0,0.0,0.005710771102042307,0.00439453125,0.0,False
wspu_worsened_cap17,uncheatable_worsened,Uncheatable worsened trio,17,0,dolma3_arxiv,4,0.001953125,0.0040417726214116954,0.02099609375,0.437498034589434,False
wspu_worsened_cap17,uncheatable_worsened,Uncheatable worsened trio,17,1,dolma3_cc/art_and_design_high,27,0.01318359375,0.016341700024385182,0.0029296875,0.7303895025935537,False
wspu_worsened_cap17,uncheatable_worsened,Uncheatable worsened trio,17,2,dolma3_cc/art_and_design_low,0,0.0,0.006632910236026645,0.0,0.0,False
wspu_worsened_cap17,uncheatable_worsened,Uncheatable worsened trio,17,3,dolma3_cc/crime_and_law_high,186,0.0908203125,0.0219961630999221,0.01318359375,3.7381266000479756,False
wspu_worsened_cap17,uncheatable_worsened,Uncheatable worsened trio,17,4,dolma3_cc/crime_and_law_low,64,0.03125,0.009880807972021378,0.0087890625,2.8633570584625065,False
wspu_worsened_cap17,uncheatable_worsened,Uncheatable worsened trio,17,5,dolma3_cc/education_and_jobs_high,11,0.00537109375,0.03596412161185751,0.01318359375,0.1352107495443595,False
wspu_worsened_cap17,uncheatable_worsened,Uncheatable worsened trio,17,6,dolma3_cc/education_and_jobs_low,0,0.0,0.017616064987960596,0.0,0.0,False
wspu_worsened_cap17,uncheatable_worsened,Uncheatable worsened trio,17,7,dolma3_cc/electronics_and_hardware_high,4,0.001953125,0.01897568936230047,0.0146484375,0.09318594673235256,False
wspu_worsened_cap17,uncheatable_worsened,Uncheatable worsened trio,17,8,dolma3_cc/electronics_and_hardware_low,0,0.0,0.00891925713424284,0.0,0.0,False
wspu_worsened_cap17,uncheatable_worsened,Uncheatable worsened trio,17,9,dolma3_cc/entertainment_high,255,0.12451171875,0.0606049913397554,0.01708984375,1.8600292750396388,False
wspu_worsened_cap17,uncheatable_worsened,Uncheatable worsened trio,17,10,dolma3_cc/entertainment_low,45,0.02197265625,0.02205491173716609,0.00244140625,0.9019764164543594,False
wspu_worsened_cap17,uncheatable_worsened,Uncheatable worsened trio,17,11,dolma3_cc/finance_and_business_high,9,0.00439453125,0.07786004609365799,0.0009765625,0.051099405284134876,False
wspu_worsened_cap17,uncheatable_worsened,Uncheatable worsened trio,17,12,dolma3_cc/finance_and_business_low,9,0.00439453125,0.03709966164665425,0.00341796875,0.10724092550154171,False
wspu_worsened_cap17,uncheatable_worsened,Uncheatable worsened trio,17,13,dolma3_cc/food_and_dining_high,1,0.00048828125,0.02445302715630018,0.00048828125,0.01807820731992089,False
wspu_worsened_cap17,uncheatable_worsened,Uncheatable worsened trio,17,14,dolma3_cc/food_and_dining_low,0,0.0,0.012036210703071088,0.001953125,0.0,False
wspu_worsened_cap17,uncheatable_worsened,Uncheatable worsened trio,17,15,dolma3_cc/games_high,63,0.03076171875,0.03234018759289552,0.0205078125,0.8611642797516392,False
wspu_worsened_cap17,uncheatable_worsened,Uncheatable worsened trio,17,16,dolma3_cc/games_low,7,0.00341796875,0.012124970556605505,0.00048828125,0.25521449699792725,False
wspu_worsened_cap17,uncheatable_worsened,Uncheatable worsened trio,17,17,dolma3_cc/health_high,1,0.00048828125,0.06233059103919839,0.0,0.007092294283769005,False
wspu_worsened_cap17,uncheatable_worsened,Uncheatable worsened trio,17,18,dolma3_cc/health_low,30,0.0146484375,0.026565357446222893,0.0009765625,0.4992218479568444,False
wspu_worsened_cap17,uncheatable_worsened,Uncheatable worsened trio,17,19,dolma3_cc/history_and_geography_high,97,0.04736328125,0.0193391600820501,0.01904296875,2.2172880615084916,False
wspu_worsened_cap17,uncheatable_worsened,Uncheatable worsened trio,17,20,dolma3_cc/history_and_geography_low,10,0.0048828125,0.005322054367593216,0.00537109375,0.8306320529588379,False
wspu_worsened_cap17,uncheatable_worsened,Uncheatable worsened trio,17,21,dolma3_cc/industrial_high,13,0.00634765625,0.011690160431395485,0.013671875,0.49159886749477527,False
wspu_worsened_cap17,uncheatable_worsened,Uncheatable worsened trio,17,22,dolma3_cc/industrial_low,22,0.0107421875,0.006189591154405127,0.01318359375,1.5712623721141734,False
wspu_worsened_cap17,uncheatable_worsened,Uncheatable worsened trio,17,23,dolma3_cc/literature_high,503,0.24560546875,0.03697748779106642,0.10888671875,6.013378983602556,False
wspu_worsened_cap17,uncheatable_worsened,Uncheatable worsened trio,17,24,dolma3_cc/literature_low,56,0.02734375,0.009859327578240708,0.015625,2.5108959913640896,False
wspu_worsened_cap17,uncheatable_worsened,Uncheatable worsened trio,17,25,dolma3_cc/science_math_and_technology_high,27,0.01318359375,0.03478704926566068,0.12353515625,0.3431106231860241,False
wspu_worsened_cap17,uncheatable_worsened,Uncheatable worsened trio,17,26,dolma3_cc/science_math_and_technology_low,12,0.005859375,0.015879788098040967,0.03955078125,0.334060045488229,False
wspu_worsened_cap17,uncheatable_worsened,Uncheatable worsened trio,17,27,dolma3_finemath_3plus,11,0.00537109375,0.004866841497454691,0.01708984375,0.9991564020293067,False
wspu_worsened_cap17,uncheatable_worsened,Uncheatable worsened trio,17,28,dolma3_stack_edu,0,0.0,0.019190204935443485,0.10302734375,0.0,False
wspu_worsened_cap17,uncheatable_worsened,Uncheatable worsened trio,17,29,dolma3_wikipedia,0,0.0,0.0005251805879418041,0.001953125,0.0,False
wspu_worsened_cap17,uncheatable_worsened,Uncheatable worsened trio,17,30,dolmino_common_crawl_hq,216,0.10546875,0.18859216494964032,0.0380859375,0.5063118568273913,False
wspu_worsened_cap17,uncheatable_worsened,Uncheatable worsened trio,17,31,dolmino_olmocr_pdfs_hq,20,0.009765625,0.029471752782588265,0.158203125,0.2999936229055373,False
wspu_worsened_cap17,uncheatable_worsened,Uncheatable worsened trio,17,32,dolmino_stack_edu_fim,0,0.0,0.019163297489321513,0.1005859375,0.0,False
wspu_worsened_cap17,uncheatable_worsened,Uncheatable worsened trio,17,33,dolmino_stem_heavy_crawl,6,0.0029296875,0.0007462684143601883,0.0048828125,3.554218986289983,False
wspu_worsened_cap17,uncheatable_worsened,Uncheatable worsened trio,17,34,dolmino_synth_code,7,0.00341796875,0.002699634074874129,0.015625,1.1462547055985846,False
wspu_worsened_cap17,uncheatable_worsened,Uncheatable worsened trio,17,35,dolmino_synth_instruction,19,0.00927734375,0.002573622349037877,0.00927734375,3.26359887231852,False
wspu_worsened_cap17,uncheatable_worsened,Uncheatable worsened trio,17,36,dolmino_synth_math,18,0.0087890625,0.003123324696968583,0.01318359375,2.5476711112634423,False
wspu_worsened_cap17,uncheatable_worsened,Uncheatable worsened trio,17,37,dolmino_synth_qa,295,0.14404296875,0.07545387599021859,0.07275390625,1.7283371089329382,False
wspu_worsened_cap17,uncheatable_worsened,Uncheatable worsened trio,17,38,dolmino_synth_thinking,0,0.0,0.005710771102042307,0.00439453125,0.0,False
wspu_worsened_cap18,uncheatable_worsened,Uncheatable worsened trio,18,0,dolma3_arxiv,4,0.001953125,0.0040417726214116954,0.02099609375,0.437498034589434,False
wspu_worsened_cap18,uncheatable_worsened,Uncheatable worsened trio,18,1,dolma3_cc/art_and_design_high,27,0.01318359375,0.016341700024385182,0.0029296875,0.7303895025935537,False
wspu_worsened_cap18,uncheatable_worsened,Uncheatable worsened trio,18,2,dolma3_cc/art_and_design_low,0,0.0,0.006632910236026645,0.0,0.0,False
wspu_worsened_cap18,uncheatable_worsened,Uncheatable worsened trio,18,3,dolma3_cc/crime_and_law_high,186,0.0908203125,0.0219961630999221,0.01318359375,3.7381266000479756,False
wspu_worsened_cap18,uncheatable_worsened,Uncheatable worsened trio,18,4,dolma3_cc/crime_and_law_low,64,0.03125,0.009880807972021378,0.0087890625,2.8633570584625065,False
wspu_worsened_cap18,uncheatable_worsened,Uncheatable worsened trio,18,5,dolma3_cc/education_and_jobs_high,11,0.00537109375,0.03596412161185751,0.01318359375,0.1352107495443595,False
wspu_worsened_cap18,uncheatable_worsened,Uncheatable worsened trio,18,6,dolma3_cc/education_and_jobs_low,0,0.0,0.017616064987960596,0.0,0.0,False
wspu_worsened_cap18,uncheatable_worsened,Uncheatable worsened trio,18,7,dolma3_cc/electronics_and_hardware_high,4,0.001953125,0.01897568936230047,0.0146484375,0.09318594673235256,False
wspu_worsened_cap18,uncheatable_worsened,Uncheatable worsened trio,18,8,dolma3_cc/electronics_and_hardware_low,0,0.0,0.00891925713424284,0.0,0.0,False
wspu_worsened_cap18,uncheatable_worsened,Uncheatable worsened trio,18,9,dolma3_cc/entertainment_high,255,0.12451171875,0.0606049913397554,0.01708984375,1.8600292750396388,False
wspu_worsened_cap18,uncheatable_worsened,Uncheatable worsened trio,18,10,dolma3_cc/entertainment_low,45,0.02197265625,0.02205491173716609,0.00244140625,0.9019764164543594,False
wspu_worsened_cap18,uncheatable_worsened,Uncheatable worsened trio,18,11,dolma3_cc/finance_and_business_high,9,0.00439453125,0.07786004609365799,0.0009765625,0.051099405284134876,False
wspu_worsened_cap18,uncheatable_worsened,Uncheatable worsened trio,18,12,dolma3_cc/finance_and_business_low,9,0.00439453125,0.03709966164665425,0.00341796875,0.10724092550154171,False
wspu_worsened_cap18,uncheatable_worsened,Uncheatable worsened trio,18,13,dolma3_cc/food_and_dining_high,1,0.00048828125,0.02445302715630018,0.00048828125,0.01807820731992089,False
wspu_worsened_cap18,uncheatable_worsened,Uncheatable worsened trio,18,14,dolma3_cc/food_and_dining_low,0,0.0,0.012036210703071088,0.001953125,0.0,False
wspu_worsened_cap18,uncheatable_worsened,Uncheatable worsened trio,18,15,dolma3_cc/games_high,63,0.03076171875,0.03234018759289552,0.0205078125,0.8611642797516392,False
wspu_worsened_cap18,uncheatable_worsened,Uncheatable worsened trio,18,16,dolma3_cc/games_low,7,0.00341796875,0.012124970556605505,0.00048828125,0.25521449699792725,False
wspu_worsened_cap18,uncheatable_worsened,Uncheatable worsened trio,18,17,dolma3_cc/health_high,1,0.00048828125,0.06233059103919839,0.0,0.007092294283769005,False
wspu_worsened_cap18,uncheatable_worsened,Uncheatable worsened trio,18,18,dolma3_cc/health_low,30,0.0146484375,0.026565357446222893,0.0009765625,0.4992218479568444,False
wspu_worsened_cap18,uncheatable_worsened,Uncheatable worsened trio,18,19,dolma3_cc/history_and_geography_high,97,0.04736328125,0.0193391600820501,0.01904296875,2.2172880615084916,False
wspu_worsened_cap18,uncheatable_worsened,Uncheatable worsened trio,18,20,dolma3_cc/history_and_geography_low,10,0.0048828125,0.005322054367593216,0.00537109375,0.8306320529588379,False
wspu_worsened_cap18,uncheatable_worsened,Uncheatable worsened trio,18,21,dolma3_cc/industrial_high,13,0.00634765625,0.011690160431395485,0.013671875,0.49159886749477527,False
wspu_worsened_cap18,uncheatable_worsened,Uncheatable worsened trio,18,22,dolma3_cc/industrial_low,22,0.0107421875,0.006189591154405127,0.01318359375,1.5712623721141734,False
wspu_worsened_cap18,uncheatable_worsened,Uncheatable worsened trio,18,23,dolma3_cc/literature_high,503,0.24560546875,0.03697748779106642,0.10888671875,6.013378983602556,False
wspu_worsened_cap18,uncheatable_worsened,Uncheatable worsened trio,18,24,dolma3_cc/literature_low,56,0.02734375,0.009859327578240708,0.015625,2.5108959913640896,False
wspu_worsened_cap18,uncheatable_worsened,Uncheatable worsened trio,18,25,dolma3_cc/science_math_and_technology_high,27,0.01318359375,0.03478704926566068,0.12353515625,0.3431106231860241,False
wspu_worsened_cap18,uncheatable_worsened,Uncheatable worsened trio,18,26,dolma3_cc/science_math_and_technology_low,12,0.005859375,0.015879788098040967,0.03955078125,0.334060045488229,False
wspu_worsened_cap18,uncheatable_worsened,Uncheatable worsened trio,18,27,dolma3_finemath_3plus,11,0.00537109375,0.004866841497454691,0.01708984375,0.9991564020293067,False
wspu_worsened_cap18,uncheatable_worsened,Uncheatable worsened trio,18,28,dolma3_stack_edu,0,0.0,0.019190204935443485,0.10302734375,0.0,False
wspu_worsened_cap18,uncheatable_worsened,Uncheatable worsened trio,18,29,dolma3_wikipedia,0,0.0,0.0005251805879418041,0.001953125,0.0,False
wspu_worsened_cap18,uncheatable_worsened,Uncheatable worsened trio,18,30,dolmino_common_crawl_hq,216,0.10546875,0.18859216494964032,0.0380859375,0.5063118568273913,False
wspu_worsened_cap18,uncheatable_worsened,Uncheatable worsened trio,18,31,dolmino_olmocr_pdfs_hq,20,0.009765625,0.029471752782588265,0.158203125,0.2999936229055373,False
wspu_worsened_cap18,uncheatable_worsened,Uncheatable worsened trio,18,32,dolmino_stack_edu_fim,0,0.0,0.019163297489321513,0.1005859375,0.0,False
wspu_worsened_cap18,uncheatable_worsened,Uncheatable worsened trio,18,33,dolmino_stem_heavy_crawl,6,0.0029296875,0.0007462684143601883,0.0048828125,3.554218986289983,False
wspu_worsened_cap18,uncheatable_worsened,Uncheatable worsened trio,18,34,dolmino_synth_code,7,0.00341796875,0.002699634074874129,0.015625,1.1462547055985846,False
wspu_worsened_cap18,uncheatable_worsened,Uncheatable worsened trio,18,35,dolmino_synth_instruction,19,0.00927734375,0.002573622349037877,0.00927734375,3.26359887231852,False
wspu_worsened_cap18,uncheatable_worsened,Uncheatable worsened trio,18,36,dolmino_synth_math,18,0.0087890625,0.003123324696968583,0.01318359375,2.5476711112634423,False
wspu_worsened_cap18,uncheatable_worsened,Uncheatable worsened trio,18,37,dolmino_synth_qa,295,0.14404296875,0.07545387599021859,0.07275390625,1.7283371089329382,False
wspu_worsened_cap18,uncheatable_worsened,Uncheatable worsened trio,18,38,dolmino_synth_thinking,0,0.0,0.005710771102042307,0.00439453125,0.0,False
wspu_worsened_cap19,uncheatable_worsened,Uncheatable worsened trio,19,0,dolma3_arxiv,4,0.001953125,0.0040417726214116954,0.02099609375,0.437498034589434,False
wspu_worsened_cap19,uncheatable_worsened,Uncheatable worsened trio,19,1,dolma3_cc/art_and_design_high,27,0.01318359375,0.016341700024385182,0.0029296875,0.7303895025935537,False
wspu_worsened_cap19,uncheatable_worsened,Uncheatable worsened trio,19,2,dolma3_cc/art_and_design_low,0,0.0,0.006632910236026645,0.0,0.0,False
wspu_worsened_cap19,uncheatable_worsened,Uncheatable worsened trio,19,3,dolma3_cc/crime_and_law_high,186,0.0908203125,0.0219961630999221,0.01318359375,3.7381266000479756,False
wspu_worsened_cap19,uncheatable_worsened,Uncheatable worsened trio,19,4,dolma3_cc/crime_and_law_low,64,0.03125,0.009880807972021378,0.0087890625,2.8633570584625065,False
wspu_worsened_cap19,uncheatable_worsened,Uncheatable worsened trio,19,5,dolma3_cc/education_and_jobs_high,11,0.00537109375,0.03596412161185751,0.01318359375,0.1352107495443595,False
wspu_worsened_cap19,uncheatable_worsened,Uncheatable worsened trio,19,6,dolma3_cc/education_and_jobs_low,0,0.0,0.017616064987960596,0.0,0.0,False
wspu_worsened_cap19,uncheatable_worsened,Uncheatable worsened trio,19,7,dolma3_cc/electronics_and_hardware_high,4,0.001953125,0.01897568936230047,0.0146484375,0.09318594673235256,False
wspu_worsened_cap19,uncheatable_worsened,Uncheatable worsened trio,19,8,dolma3_cc/electronics_and_hardware_low,0,0.0,0.00891925713424284,0.0,0.0,False
wspu_worsened_cap19,uncheatable_worsened,Uncheatable worsened trio,19,9,dolma3_cc/entertainment_high,255,0.12451171875,0.0606049913397554,0.01708984375,1.8600292750396388,False
wspu_worsened_cap19,uncheatable_worsened,Uncheatable worsened trio,19,10,dolma3_cc/entertainment_low,45,0.02197265625,0.02205491173716609,0.00244140625,0.9019764164543594,False
wspu_worsened_cap19,uncheatable_worsened,Uncheatable worsened trio,19,11,dolma3_cc/finance_and_business_high,9,0.00439453125,0.07786004609365799,0.0009765625,0.051099405284134876,False
wspu_worsened_cap19,uncheatable_worsened,Uncheatable worsened trio,19,12,dolma3_cc/finance_and_business_low,9,0.00439453125,0.03709966164665425,0.00341796875,0.10724092550154171,False
wspu_worsened_cap19,uncheatable_worsened,Uncheatable worsened trio,19,13,dolma3_cc/food_and_dining_high,1,0.00048828125,0.02445302715630018,0.00048828125,0.01807820731992089,False
wspu_worsened_cap19,uncheatable_worsened,Uncheatable worsened trio,19,14,dolma3_cc/food_and_dining_low,0,0.0,0.012036210703071088,0.001953125,0.0,False
wspu_worsened_cap19,uncheatable_worsened,Uncheatable worsened trio,19,15,dolma3_cc/games_high,63,0.03076171875,0.03234018759289552,0.0205078125,0.8611642797516392,False
wspu_worsened_cap19,uncheatable_worsened,Uncheatable worsened trio,19,16,dolma3_cc/games_low,7,0.00341796875,0.012124970556605505,0.00048828125,0.25521449699792725,False
wspu_worsened_cap19,uncheatable_worsened,Uncheatable worsened trio,19,17,dolma3_cc/health_high,1,0.00048828125,0.06233059103919839,0.0,0.007092294283769005,False
wspu_worsened_cap19,uncheatable_worsened,Uncheatable worsened trio,19,18,dolma3_cc/health_low,30,0.0146484375,0.026565357446222893,0.0009765625,0.4992218479568444,False
wspu_worsened_cap19,uncheatable_worsened,Uncheatable worsened trio,19,19,dolma3_cc/history_and_geography_high,97,0.04736328125,0.0193391600820501,0.01904296875,2.2172880615084916,False
wspu_worsened_cap19,uncheatable_worsened,Uncheatable worsened trio,19,20,dolma3_cc/history_and_geography_low,10,0.0048828125,0.005322054367593216,0.00537109375,0.8306320529588379,False
wspu_worsened_cap19,uncheatable_worsened,Uncheatable worsened trio,19,21,dolma3_cc/industrial_high,13,0.00634765625,0.011690160431395485,0.013671875,0.49159886749477527,False
wspu_worsened_cap19,uncheatable_worsened,Uncheatable worsened trio,19,22,dolma3_cc/industrial_low,22,0.0107421875,0.006189591154405127,0.01318359375,1.5712623721141734,False
wspu_worsened_cap19,uncheatable_worsened,Uncheatable worsened trio,19,23,dolma3_cc/literature_high,503,0.24560546875,0.03697748779106642,0.10888671875,6.013378983602556,False
wspu_worsened_cap19,uncheatable_worsened,Uncheatable worsened trio,19,24,dolma3_cc/literature_low,56,0.02734375,0.009859327578240708,0.015625,2.5108959913640896,False
wspu_worsened_cap19,uncheatable_worsened,Uncheatable worsened trio,19,25,dolma3_cc/science_math_and_technology_high,27,0.01318359375,0.03478704926566068,0.12353515625,0.3431106231860241,False
wspu_worsened_cap19,uncheatable_worsened,Uncheatable worsened trio,19,26,dolma3_cc/science_math_and_technology_low,12,0.005859375,0.015879788098040967,0.03955078125,0.334060045488229,False
wspu_worsened_cap19,uncheatable_worsened,Uncheatable worsened trio,19,27,dolma3_finemath_3plus,11,0.00537109375,0.004866841497454691,0.01708984375,0.9991564020293067,False
wspu_worsened_cap19,uncheatable_worsened,Uncheatable worsened trio,19,28,dolma3_stack_edu,0,0.0,0.019190204935443485,0.10302734375,0.0,False
wspu_worsened_cap19,uncheatable_worsened,Uncheatable worsened trio,19,29,dolma3_wikipedia,0,0.0,0.0005251805879418041,0.001953125,0.0,False
wspu_worsened_cap19,uncheatable_worsened,Uncheatable worsened trio,19,30,dolmino_common_crawl_hq,216,0.10546875,0.18859216494964032,0.0380859375,0.5063118568273913,False
wspu_worsened_cap19,uncheatable_worsened,Uncheatable worsened trio,19,31,dolmino_olmocr_pdfs_hq,20,0.009765625,0.029471752782588265,0.158203125,0.2999936229055373,False
wspu_worsened_cap19,uncheatable_worsened,Uncheatable worsened trio,19,32,dolmino_stack_edu_fim,0,0.0,0.019163297489321513,0.1005859375,0.0,False
wspu_worsened_cap19,uncheatable_worsened,Uncheatable worsened trio,19,33,dolmino_stem_heavy_crawl,6,0.0029296875,0.0007462684143601883,0.0048828125,3.554218986289983,False
wspu_worsened_cap19,uncheatable_worsened,Uncheatable worsened trio,19,34,dolmino_synth_code,7,0.00341796875,0.002699634074874129,0.015625,1.1462547055985846,False
wspu_worsened_cap19,uncheatable_worsened,Uncheatable worsened trio,19,35,dolmino_synth_instruction,19,0.00927734375,0.002573622349037877,0.00927734375,3.26359887231852,False
wspu_worsened_cap19,uncheatable_worsened,Uncheatable worsened trio,19,36,dolmino_synth_math,18,0.0087890625,0.003123324696968583,0.01318359375,2.5476711112634423,False
wspu_worsened_cap19,uncheatable_worsened,Uncheatable worsened trio,19,37,dolmino_synth_qa,295,0.14404296875,0.07545387599021859,0.07275390625,1.7283371089329382,False
wspu_worsened_cap19,uncheatable_worsened,Uncheatable worsened trio,19,38,dolmino_synth_thinking,0,0.0,0.005710771102042307,0.00439453125,0.0,False
wspu_worsened_cap20,uncheatable_worsened,Uncheatable worsened trio,20,0,dolma3_arxiv,4,0.001953125,0.0040417726214116954,0.02099609375,0.437498034589434,False
wspu_worsened_cap20,uncheatable_worsened,Uncheatable worsened trio,20,1,dolma3_cc/art_and_design_high,27,0.01318359375,0.016341700024385182,0.0029296875,0.7303895025935537,False
wspu_worsened_cap20,uncheatable_worsened,Uncheatable worsened trio,20,2,dolma3_cc/art_and_design_low,0,0.0,0.006632910236026645,0.0,0.0,False
wspu_worsened_cap20,uncheatable_worsened,Uncheatable worsened trio,20,3,dolma3_cc/crime_and_law_high,186,0.0908203125,0.0219961630999221,0.01318359375,3.7381266000479756,False
wspu_worsened_cap20,uncheatable_worsened,Uncheatable worsened trio,20,4,dolma3_cc/crime_and_law_low,64,0.03125,0.009880807972021378,0.0087890625,2.8633570584625065,False
wspu_worsened_cap20,uncheatable_worsened,Uncheatable worsened trio,20,5,dolma3_cc/education_and_jobs_high,11,0.00537109375,0.03596412161185751,0.01318359375,0.1352107495443595,False
wspu_worsened_cap20,uncheatable_worsened,Uncheatable worsened trio,20,6,dolma3_cc/education_and_jobs_low,0,0.0,0.017616064987960596,0.0,0.0,False
wspu_worsened_cap20,uncheatable_worsened,Uncheatable worsened trio,20,7,dolma3_cc/electronics_and_hardware_high,4,0.001953125,0.01897568936230047,0.0146484375,0.09318594673235256,False
wspu_worsened_cap20,uncheatable_worsened,Uncheatable worsened trio,20,8,dolma3_cc/electronics_and_hardware_low,0,0.0,0.00891925713424284,0.0,0.0,False
wspu_worsened_cap20,uncheatable_worsened,Uncheatable worsened trio,20,9,dolma3_cc/entertainment_high,255,0.12451171875,0.0606049913397554,0.01708984375,1.8600292750396388,False
wspu_worsened_cap20,uncheatable_worsened,Uncheatable worsened trio,20,10,dolma3_cc/entertainment_low,45,0.02197265625,0.02205491173716609,0.00244140625,0.9019764164543594,False
wspu_worsened_cap20,uncheatable_worsened,Uncheatable worsened trio,20,11,dolma3_cc/finance_and_business_high,9,0.00439453125,0.07786004609365799,0.0009765625,0.051099405284134876,False
wspu_worsened_cap20,uncheatable_worsened,Uncheatable worsened trio,20,12,dolma3_cc/finance_and_business_low,9,0.00439453125,0.03709966164665425,0.00341796875,0.10724092550154171,False
wspu_worsened_cap20,uncheatable_worsened,Uncheatable worsened trio,20,13,dolma3_cc/food_and_dining_high,1,0.00048828125,0.02445302715630018,0.00048828125,0.01807820731992089,False
wspu_worsened_cap20,uncheatable_worsened,Uncheatable worsened trio,20,14,dolma3_cc/food_and_dining_low,0,0.0,0.012036210703071088,0.001953125,0.0,False
wspu_worsened_cap20,uncheatable_worsened,Uncheatable worsened trio,20,15,dolma3_cc/games_high,63,0.03076171875,0.03234018759289552,0.0205078125,0.8611642797516392,False
wspu_worsened_cap20,uncheatable_worsened,Uncheatable worsened trio,20,16,dolma3_cc/games_low,7,0.00341796875,0.012124970556605505,0.00048828125,0.25521449699792725,False
wspu_worsened_cap20,uncheatable_worsened,Uncheatable worsened trio,20,17,dolma3_cc/health_high,1,0.00048828125,0.06233059103919839,0.0,0.007092294283769005,False
wspu_worsened_cap20,uncheatable_worsened,Uncheatable worsened trio,20,18,dolma3_cc/health_low,30,0.0146484375,0.026565357446222893,0.0009765625,0.4992218479568444,False
wspu_worsened_cap20,uncheatable_worsened,Uncheatable worsened trio,20,19,dolma3_cc/history_and_geography_high,97,0.04736328125,0.0193391600820501,0.01904296875,2.2172880615084916,False
wspu_worsened_cap20,uncheatable_worsened,Uncheatable worsened trio,20,20,dolma3_cc/history_and_geography_low,10,0.0048828125,0.005322054367593216,0.00537109375,0.8306320529588379,False
wspu_worsened_cap20,uncheatable_worsened,Uncheatable worsened trio,20,21,dolma3_cc/industrial_high,13,0.00634765625,0.011690160431395485,0.013671875,0.49159886749477527,False
wspu_worsened_cap20,uncheatable_worsened,Uncheatable worsened trio,20,22,dolma3_cc/industrial_low,22,0.0107421875,0.006189591154405127,0.01318359375,1.5712623721141734,False
wspu_worsened_cap20,uncheatable_worsened,Uncheatable worsened trio,20,23,dolma3_cc/literature_high,503,0.24560546875,0.03697748779106642,0.10888671875,6.013378983602556,False
wspu_worsened_cap20,uncheatable_worsened,Uncheatable worsened trio,20,24,dolma3_cc/literature_low,56,0.02734375,0.009859327578240708,0.015625,2.5108959913640896,False
wspu_worsened_cap20,uncheatable_worsened,Uncheatable worsened trio,20,25,dolma3_cc/science_math_and_technology_high,27,0.01318359375,0.03478704926566068,0.12353515625,0.3431106231860241,False
wspu_worsened_cap20,uncheatable_worsened,Uncheatable worsened trio,20,26,dolma3_cc/science_math_and_technology_low,12,0.005859375,0.015879788098040967,0.03955078125,0.334060045488229,False
wspu_worsened_cap20,uncheatable_worsened,Uncheatable worsened trio,20,27,dolma3_finemath_3plus,11,0.00537109375,0.004866841497454691,0.01708984375,0.9991564020293067,False
wspu_worsened_cap20,uncheatable_worsened,Uncheatable worsened trio,20,28,dolma3_stack_edu,0,0.0,0.019190204935443485,0.10302734375,0.0,False
wspu_worsened_cap20,uncheatable_worsened,Uncheatable worsened trio,20,29,dolma3_wikipedia,0,0.0,0.0005251805879418041,0.001953125,0.0,False
wspu_worsened_cap20,uncheatable_worsened,Uncheatable worsened trio,20,30,dolmino_common_crawl_hq,216,0.10546875,0.18859216494964032,0.0380859375,0.5063118568273913,False
wspu_worsened_cap20,uncheatable_worsened,Uncheatable worsened trio,20,31,dolmino_olmocr_pdfs_hq,20,0.009765625,0.029471752782588265,0.158203125,0.2999936229055373,False
wspu_worsened_cap20,uncheatable_worsened,Uncheatable worsened trio,20,32,dolmino_stack_edu_fim,0,0.0,0.019163297489321513,0.1005859375,0.0,False
wspu_worsened_cap20,uncheatable_worsened,Uncheatable worsened trio,20,33,dolmino_stem_heavy_crawl,6,0.0029296875,0.0007462684143601883,0.0048828125,3.554218986289983,False
wspu_worsened_cap20,uncheatable_worsened,Uncheatable worsened trio,20,34,dolmino_synth_code,7,0.00341796875,0.002699634074874129,0.015625,1.1462547055985846,False
wspu_worsened_cap20,uncheatable_worsened,Uncheatable worsened trio,20,35,dolmino_synth_instruction,19,0.00927734375,0.002573622349037877,0.00927734375,3.26359887231852,False
wspu_worsened_cap20,uncheatable_worsened,Uncheatable worsened trio,20,36,dolmino_synth_math,18,0.0087890625,0.003123324696968583,0.01318359375,2.5476711112634423,False
wspu_worsened_cap20,uncheatable_worsened,Uncheatable worsened trio,20,37,dolmino_synth_qa,295,0.14404296875,0.07545387599021859,0.07275390625,1.7283371089329382,False
wspu_worsened_cap20,uncheatable_worsened,Uncheatable worsened trio,20,38,dolmino_synth_thinking,0,0.0,0.005710771102042307,0.00439453125,0.0,False
