{
  "kind": "pcf2b",
  "base_mode": "frontier",
  "alpha": 0.068,
  "gap": 0.3,
  "cont": {
    "kind": "power_twostage_scaleamp",
    "beta_model": {
      "beta_mode": "scale_p1fam3",
      "beta_min": 0.05,
      "beta_max": 1.5,
      "beta_mean": [
        -0.4682242208888039,
        -0.2612192498670867,
        0.5182039376030925,
        0.34315125253487133,
        0.1386448098620362
      ],
      "beta_std": [
        0.702550700380169,
        0.5762458485001685,
        0.11231615625300341,
        0.11772718755699269,
        0.029737690468865995
      ],
      "b_coef": [
        -0.38896666992385337,
        -0.12889022376657017,
        -0.1288902237665679,
        -0.20824585364313267,
        0.1386500688121778,
        0.23705997666036066
      ],
      "n_params": 6,
      "reg_beta": 0.01,
      "robust_scale": 0.3,
      "triple_rmse": 0.42376773916494864,
      "triple_n": 16,
      "success": true
    },
    "amp_model": {
      "amp_mode": "scale_fam6",
      "amp_mean": [
        -0.46822422088880367,
        -0.2612192498670869,
        0.5541356376155356,
        0.2896311873516267,
        0.15623317503283776,
        0.5155638953901204,
        0.3488603864862828,
        0.13557571812359687
      ],
      "amp_std": [
        0.7025507003801694,
        0.5762458485001684,
        0.0936327279006332,
        0.08161013076723786,
        0.05577273663814119,
        0.10417717736076319,
        0.11027675703537021,
        0.030423128811297103
      ],
      "a_coef": [
        -3.1374671638826803,
        0.09409974380482984,
        0.09409973827869009,
        19.323383958638626,
        16.73518813992411,
        11.558790359284382,
        52.83785794773628,
        55.66240016914803,
        15.212472699173816
      ],
      "n_params": 9,
      "reg_amp": 0.0,
      "pair_rmse": 0.004084620380964685,
      "pair_n": 58,
      "success": true
    },
    "amp_mode": "scale_fam6",
    "beta_mode": "scale_p1fam3",
    "beta_min": 0.05,
    "beta_max": 1.5,
    "n_params": 15,
    "pair_rmse": 0.004084620380964685,
    "triple_rmse": 0.42376773916494864
  },
  "fit": {
    "coef": [
      0.012120420982067502,
      0.029895042157985094,
      0.01462467775156309,
      -0.1368233503855535,
      0.14874429054876354,
      -0.05095633925611677,
      0.04598243007203817,
      -0.1302342436415253,
      0.03621334012941523,
      -0.026553092084702124,
      0.002551429772532345,
      -0.018215616610865182,
      -0.018226816910868145,
      0.002512336510320862,
      -0.007266658634216866,
      0.009738651664633023,
      -0.013197220754709058,
      0.007366929738223333,
      -0.05323876453980901,
      0.028947757842687695,
      -0.02595059322671987,
      -0.014821103272637444,
      0.005041889133376923,
      -0.0037452031743624744,
      0.0004289602389471296,
      0.06183436554813184,
      -0.0072354121475603946,
      0.014199217768362216,
      0.003116675743760817,
      0.0404665136102213,
      0.0019437865563556376,
      0.011920915653979607,
      -0.050596033784585236,
      -0.03909404400979629,
      -0.00020032668848162283,
      -0.008836426571739806,
      0.023975743653923867,
      0.008428580880590198,
      -0.008047271637898716,
      -0.0019472289004721372,
      0.0032040132419985067,
      0.01386732168454722,
      0.0008875720111606307,
      -0.00991718159547015,
      0.0061646184501194055,
      -0.005078295031586453,
      0.003378970764736149,
      0.00019828296746338405,
      -0.0018115618727896068,
      -0.0048889887224969905,
      0.002198766838559813,
      -0.00014361706645012567,
      0.0013961812641176074,
      0.0031920033189055006,
      -0.0011671883125786773,
      0.0026296697738914833,
      -0.003707964154290464,
      0.003115000559886006,
      -0.001385607626671747,
      -0.0009452345739803106,
      0.0015665146024434222,
      -0.010549508896787052,
      -0.004037468280976922,
      0.03831469731006713,
      0.0021491649640917147,
      0.00017491388477977677,
      0.03050097474743577,
      0.0005653689193211195,
      0.0012033858685094017,
      -0.020192184791058804,
      0.011798736841979234,
      -0.0034571184576107925,
      -0.027764821797738645,
      -0.03852831539301268,
      0.01800401879886181,
      -0.016746494806865526,
      -0.00563521213104825,
      0.0033840126081488165,
      0.001844349871206353,
      0.004651058599036404,
      -0.002272004110026029,
      -0.002192586464572228,
      -0.0028590631824736835,
      0.0021050696916758943,
      0.0042702059535669615,
      0.0057127505992892146,
      0.010918959812405352,
      0.006121847650071162,
      0.003317689805465114,
      0.013637717147795667,
      0.0078070670484186415,
      0.016945579106159445,
      0.0029957241140693806,
      0.0013447454699023567,
      0.0025835996666834326,
      0.004282100242667359,
      -0.005839904373831098,
      0.0003885273783784144,
      0.008977708290950483,
      0.000877573432014726,
      -0.005666626360464882,
      0.004739163509407289,
      0.007132362831079932,
      0.0006658466627569376,
      -0.005049003479590228,
      -0.00837630436595658,
      0.007194234516067503,
      0.019036334264898935,
      -0.03630161120772017,
      0.003155064447662226,
      0.013532775506942788,
      -0.020994969838192597,
      -0.010462362697695233,
      -0.001312567944100108,
      -0.0033051263422088934,
      -0.015455166055438075,
      0.00037085508006530775,
      -0.005648011888880878,
      -0.013383739431825768,
      -0.005222168116607299,
      0.003943769206746099,
      0.023923929808482406,
      0.0061597429558370295,
      -3.781894868786612e-05,
      -0.011094520079891722,
      -0.007861247291165076,
      -0.006673894197416582,
      -0.00243525797148962,
      -0.01047876300035805,
      -0.007434462026185557,
      -0.005532053062538412,
      -0.008892077784183494,
      -0.005880144444003272,
      -0.009119863948865773,
      -0.002489023254369353,
      0.006192223220358155,
      0.013681626769077457,
      -0.010409928808279647,
      -0.011360301971876563,
      0.022958966099799555,
      0.013313331694915878,
      -0.02211132632812246,
      0.008038428131940622,
      0.010175893864401668,
      0.007054237637020718,
      -0.011766217182415746,
      -0.008923163702228466,
      0.02000750256089979,
      -0.0023307011625448002,
      0.014550050354803506,
      -0.009833639949988978,
      0.00481964624530608,
      -0.004902231915380834,
      0.006783769213445636,
      0.010778465479400959,
      0.003238451636561645,
      0.004886818336799782,
      0.0004919585328922781,
      -0.02042977399164311,
      -0.017071116008314787,
      -0.007920289263864467,
      -0.016415325737904735,
      0.006614350404421861,
      0.005212212315695751,
      -0.0055392689165953005,
      0.0037127657781013245,
      0.00615761705434595,
      -0.007351757876688364,
      -0.00047537328566714886,
      -0.008573355392939479,
      0.003317442667377742,
      0.0068845925447416625,
      0.0073533048406456145,
      0.004281774359319156,
      -0.0056263791353403205,
      -0.013368593614599859,
      -0.0013649302167983795,
      0.0048020324709651474,
      -0.011740100439818834,
      -0.020757014485085212,
      -0.041934841087846196,
      -0.012934772669552516,
      -0.006612460593580397,
      -0.020564502161584185,
      0.005461490511918466,
      -0.0069101149677794635,
      -0.022719526825661793,
      -0.004868604896085108,
      -0.029082340330344805,
      -0.0018522841772984967,
      -0.0159093029243928,
      -0.02759954584502528,
      -0.02123796783212864
    ],
    "intercept": -0.5615330076635626,