{
  "kind": "pcf2b",
  "base_mode": "frontier",
  "alpha": 0.068,
  "gap": 0.3,
  "cont": {
    "kind": "power_twostage_scaleamp",
    "beta_model": {
      "beta_mode": "scale_p1fam3",
      "beta_min": 0.05,
      "beta_max": 1.5,
      "beta_mean": [
        -0.2798581550139958,
        -0.12319107720366101,
        0.5242595669749777,
        0.34454267237108593,
        0.13119776065393643
      ],
      "beta_std": [
        0.8660406810951408,
        0.6803114830863465,
        0.09852916235200525,
        0.10565336543628347,
        0.0300520730535335
      ],
      "b_coef": [
        -0.6747109284027387,
        -0.0783974044922916,
        -0.09636202556565639,
        -0.16555205779471288,
        0.08571056911674148,
        0.24152731489525378
      ],
      "n_params": 6,
      "reg_beta": 0.01,
      "robust_scale": 0.3,
      "triple_rmse": 0.37424151102177683,
      "triple_n": 29,
      "success": true
    },
    "amp_model": {
      "amp_mode": "scale_fam6",
      "amp_mean": [
        -0.12681072649071376,
        -0.011043186914627348,
        0.5432690789967081,
        0.29152731472273435,
        0.16520360628055775,
        0.5192589920841585,
        0.3495351686714943,
        0.1312058392443475
      ],
      "amp_std": [
        0.9519132291760913,
        0.7355359275344069,
        0.09391446595399637,
        0.0773398158055283,
        0.0531401478192719,
        0.09703761198415524,
        0.1039806482439346,
        0.030439548949832817
      ],
      "a_coef": [
        -2.925133133867522,
        0.23324193382045647,
        -0.07837391291940932,
        47.58148300150913,
        39.105944469995585,
        26.977572040436517,
        -20.73131173056577,
        -22.454709705118077,
        -6.722874101784949
      ],
      "n_params": 9,
      "reg_amp": 0.0,
      "pair_rmse": 0.0037628012974188483,
      "pair_n": 96,
      "success": true
    },
    "amp_mode": "scale_fam6",
    "beta_mode": "scale_p1fam3",
    "beta_min": 0.05,
    "beta_max": 1.5,
    "n_params": 15,
    "pair_rmse": 0.0037628012974188483,
    "triple_rmse": 0.37424151102177683
  },
  "fit": {
    "coef": [
      0.014930552401213545,
      0.03412434133790048,
      0.016023595215941277,
      -0.1516590176422744,
      0.16511709776404876,
      -0.05999143076553716,
      0.06349596138367201,
      -0.15510143374965804,
      0.035885766992777936,
      -0.02659365914461499,
      0.002426629603280888,
      -0.020360311435984765,
      -0.02001109648408235,
      0.0032443785058349772,
      -0.010558582128329214,
      0.009586823619830548,
      -0.007129254705041197,
      0.008492411696493155,
      -0.05390470794750444,
      0.032916495697987984,
      -0.030425701261904713,
      -0.018105976111286573,
      0.005665235337436191,
      -0.0027033469447518095,
      0.0009186703095702725,
      0.07259293893711752,
      -0.00741103009453422,
      0.01634985429957579,
      -0.0014886558691821626,
      0.04175920422340333,
      -0.0012965629847233463,
      0.015487814282393427,
      -0.0752061731992285,
      -0.04842302661775022,
      0.0016604579481437505,
      -0.013557571116811416,
      0.02764947057634821,
      0.007972737375104023,
      -0.009359128061627555,
      -0.001955621275445768,
      0.003437314768812824,
      0.017094750507560267,
      0.0013141128352270905,
      -0.013842335308617318,
      0.00963753417057075,
      -0.005890434824873756,
      0.003773747490219651,
      -5.923899312333647e-05,
      -0.004064717347604287,
      -0.005270218057548561,
      0.0003863323542291089,
      -5.286459201229566e-05,
      0.0009936244481660074,
      0.0014219921042975712,
      -0.002716735659918578,
      0.0035313684737585407,
      -0.004421795523322687,
      0.002804726214822827,
      -0.0018658592872378044,
      0.001965923305277317,
      0.003554193849588698,
      -0.012240357670260014,
      -0.004496057412111702,
      0.04159194765585107,
      0.0007531456755958597,
      0.001481467265754496,
      0.0425682783955118,
      -0.00022850610731772197,
      -8.181314084270166e-05,
      -0.02063819128817616,
      0.010022964070683848,
      -0.0032476215920523082,
      -0.03234229704902233,
      -0.04563855209994267,
      0.02054802255007284,
      -0.018875948633164795,
      -0.006432644370175303,
      0.0047570725164618015,
      0.0021425066154884534,
      0.004233279451920976,
      -0.004574371242496027,
      -0.003292297239377988,
      -0.0031515125111715903,
      0.0019220570138755429,
      0.004950168244905968,
      0.005381463301609098,
      0.011115465733795824,
      0.007776599402003989,
      0.002445701688588489,
      0.01707651021747231,
      0.006250311009672114,
      0.021885671767925555,
      0.0033578239877765075,
      0.0006359743383184158,
      0.0016529177790865289,
      0.0052686203535148805,
      -0.008462991262050754,
      -0.0010850218251614923,
      0.010876996850551188,
      0.002982641049706133,
      -0.005354311006159228,
      0.004331608209978663,
      0.00800118025846614,
      0.0018990064608536944,
      -0.006658563409293875,
      -0.0072528534253371,
      0.0066502448996706735,
      0.02086290032120564,
      -0.039439927934625627,
      0.003745777242582238,
      0.01347510222293446,
      -0.025387978863388068,
      -0.01244172328769849,
      -0.00046912459697454024,
      -0.0035250743557825323,
      -0.014626538301776584,
      0.0019125604318896011,
      -0.005828640443570549,
      -0.013935361521580519,
      -0.005238608487481446,
      0.006973676873984114,
      0.027985350926867016,
      0.0025640525022098634,
      0.0010770930390404565,
      -0.011785741717155327,
      -0.00804460290037559,
      -0.004283637647856743,
      -0.0017194708422586865,
      -0.00807443212195889,
      -0.008447762004536834,
      -0.004563514002561509,
      -0.0071901010791250025,
      -0.003930850165392698,
      -0.009672628489469773,
      -0.0009157365997800158,
      0.006927048341689112,
      0.0141714912170921,
      -0.013592646382345027,
      -0.013340405219976224,
      0.024791508042276516,
      0.013813728373877121,
      -0.0255525155907838,
      0.00942689710638404,
      0.008903585678004993,
      0.010564303476350494,
      -0.011387474856156179,
      -0.008740920407990667,
      0.018558184069252994,
      0.0012222501785945376,
      0.01472696927766701,
      -0.009330901800909359,
      0.008371003772861728,
      -0.002162377775070866,
      0.009578016674899636,
      0.010439965765149816,
      0.0015670456211862862,
      0.003979383968936879,
      -3.9221751081592306e-06,
      -0.020781888118605908,
      -0.016336409649350105,
      -0.009129316691102484,
      -0.019243667596035567,
      0.00614399709501235,
      0.00573235612015446,
      -0.006334838912087431,
      0.002153083264258574,
      0.00755823361638301,
      -0.010469933088609589,
      0.0012944089622317176,
      -0.014314818579046748,
      0.002611684761653366,
      0.007683959080741582,
      0.008112545189803599,
      0.0028177723107570426,
      -0.005899633722365865,
      -0.013781670072677403,
      -0.00385790622950488,
      0.0024391297405913994,
      -0.01425112057078379,
      -0.02256191498926469,
      -0.04825753370942761,
      -0.016820367779676104,
      -0.007349945340867929,
      -0.030931831804218417,
      0.005969360979260396,
      -0.00832197389241637,
      -0.02706129229565671,
      -0.010623733545243647,
      -0.03373987009183893,
      -0.0005892012502503767,
      -0.017319029847969247,
      -0.030294728309121843,
      -0.023175221017040025
    ],
    "intercept": -0.734168356808771,