{
  "kind": "pcf2b",
  "base_mode": "p1fam10",
  "alpha": 4.64,
  "gap": 0.25,
  "cont": {
    "kind": "power_twostage_scaleamp",
    "beta_model": {
      "beta_mode": "scale_p1fam3",
      "beta_min": 0.05,
      "beta_max": 1.5,
      "beta_mean": [
        -0.4682242208888039,
        -0.2612192498670867,
        0.5182039376030925,
        0.34315125253487133,
        0.1386448098620362
      ],
      "beta_std": [
        0.702550700380169,
        0.5762458485001685,
        0.11231615625300341,
        0.11772718755699269,
        0.029737690468865995
      ],
      "b_coef": [
        -0.38896666992385337,
        -0.12889022376657017,
        -0.1288902237665679,
        -0.20824585364313267,
        0.1386500688121778,
        0.23705997666036066
      ],
      "n_params": 6,
      "reg_beta": 0.01,
      "robust_scale": 0.3,
      "triple_rmse": 0.42376773916494864,
      "triple_n": 16,
      "success": true
    },
    "amp_model": {
      "amp_mode": "scale_fam6",
      "amp_mean": [
        -0.46822422088880367,
        -0.2612192498670869,
        0.5541356376155356,
        0.2896311873516267,
        0.15623317503283776,
        0.5155638953901204,
        0.3488603864862828,
        0.13557571812359687
      ],
      "amp_std": [
        0.7025507003801694,
        0.5762458485001684,
        0.0936327279006332,
        0.08161013076723786,
        0.05577273663814119,
        0.10417717736076319,
        0.11027675703537021,
        0.030423128811297103
      ],
      "a_coef": [
        -3.1374671638826803,
        0.09409974380482984,
        0.09409973827869009,
        19.323383958638626,
        16.73518813992411,
        11.558790359284382,
        52.83785794773628,
        55.66240016914803,
        15.212472699173816
      ],
      "n_params": 9,
      "reg_amp": 0.0,
      "pair_rmse": 0.004084620380964685,
      "pair_n": 58,
      "success": true
    },
    "amp_mode": "scale_fam6",
    "beta_mode": "scale_p1fam3",
    "beta_min": 0.05,
    "beta_max": 1.5,
    "n_params": 15,
    "pair_rmse": 0.004084620380964685,
    "triple_rmse": 0.42376773916494864
  },
  "fit": {
    "coef": [
      -0.00023748299751712176,
      0.007233131227082995,
      0.006022977419877829,
      -0.07065249943097747,
      0.025494610247180555,
      -0.019299660864156555,
      -0.0011112448960072343,
      0.017018458718971764,
      0.0016902950104422288,
      -0.0011290888792425736,
      0.0011251755393906287,
      -0.0052329588728858316,
      -0.005547878235843907,
      -0.019418641092052567,
      -0.004093310729402084,
      0.0033707494196892427,
      -0.015211142686409168,
      0.00919189441378237,
      -0.013632050297638325,
      -0.017190434189819196,
      -0.001579174414036375,
      -0.002248127086119281,
      -0.0007651451210676496,
      -0.013943363137218796,
      -0.008317762504347596,
      -0.0010216676755062022,
      -0.004491939598863556,
      0.02165471731778532,
      -0.005473084870834916,
      -0.0008575209738478767,
      -0.009651654478137863,
      -0.011289754145672796,
      -0.05336677954401715,
      -0.040005048074585894,
      -0.0013338354846180519,
      -0.009498504837697954,
      0.023648417940644706,
      0.0011428076710694342,
      0.0026651966580375835,
      0.0014712821099827687,
      0.0006359178886209041,
      0.00015674111008157058,
      0.004713807292325964,
      0.006387616242254274,
      0.008905552864839572,
      0.002021478002245717,
      0.004473343473062649,
      0.00022106128992500294,
      0.004243918503625579,
      0.004117203302598926,
      0.0011368431490327722,
      0.0009715948663794456,
      0.005252582639497449,
      0.0033726240022996464,
      0.0035948502622129897,
      0.0019036635393149591,
      0.001847026259244298,
      0.007567478748910841,
      0.008293985525730489,
      -0.0011576869361033767,
      0.0014137901471967089,
      0.001979898726921104,
      0.005206693946607695,
      -0.007116317670224666,
      0.0024033239765628694,
      0.00841633048107389,
      -0.011694113646823115,
      0.0021457039275009013,
      0.0020064742398204134,
      -0.028548959218124465,
      0.020358807746703143,
      0.005064506051156687,
      -0.0027462391642883765,
      -0.0030001679280510403,
      -0.0038335924268439537,
      0.0015407517879469823,
      -0.0002374829975179763,
      0.0011251755393898069,
      -0.0015791744140361632,
      -0.009651654478138183,
      -0.008707865527253255,
      0.0072331312270774465,
      -0.00523295887289097,
      -0.0022481270861220795,
      -0.011289754145671543,
      -0.016233907397067083
    ],
    "intercept": -0.65406511328426,
    "Xm": [
      0.5304611071436856,
      0.5251869057820259,
      -0.005274201361660239,
      0.7190249892672441,
      11.599581910628999,
      8.342925637561127,
      3.502760403214529,
      4.471307545186654,
      1.7006801669258127,
      1.6912378188909476,
      0.3212006586676383,
      0.3300277631389956,
      0.008827104471356977,
      0.5669512299357633,
      1.2529986314494428,
      1.2141537289844022,
      1.1035839977319692,
      0.00367383781433614,
      0.9944798566389319,
      1.0037283927910956,
      0.14833823418867612,
      0.14478533107897928,
      -0.003552903109696737,
      0.3688787341381968,
      41.03075960032973,
      19.7537905073248,
      3.694504838947228,
      0.08874892498377623,
      0.4749170332659523,
      0.46527155151258814,
      3.170077056830696,
      3.1602377631946337,
      -0.10473580003528563,
      -0.8839079105806033,
      0.39306937854423074,
      0.17316398320014564,
      1.9716061443078927,
      0.023569422925634867,
      0.023367560868452056,
      0.024862764240716605,
      0.023292054669580748,
      0.023676456208136968,
      0.022504941057224448,
      0.02212523215320437,
      0.023987038189395304,
      0.024570874988716435,
      0.024954469183274243,
      0.025292103431704856,
      0.024539146106212825,
      0.025072652210101954,
      0.02342486791007534,
      0.023730924921731948,
      0.024850716093737745,
      0.025108516055721248,
      0.02276865181208368,
      0.02270256820313597,
      0.024090777991600292,
      0.026353218201876288,
      0.02395822380520681,
      0.024565577014842254,
      0.02324870518172494,
      0.02622988833782686,
      0.024626514181061838,
      0.03987017540236328,
      0.02489434953457194,
      0.023224013098296217,
      0.033571668577177714,
      0.028925820316623715,
      0.028677063079175887,
      0.04076228878595941,
      0.02940827758737011,
      0.024588543861863158,
      0.023011766885274683,
      0.024397161242210096,
      0.02802580620118442,
      0.023169199484948496,
      0.5304611071436856,
      0.3212006586676383,
      0.14833823418867612,
      3.170077056830696,
      0.13030728402070738,
      0.5251869057820259,
      0.3300277631389956,
      0.14478533107897928,
      3.1602377631946337,
      0.13316363856605876
    ],