{
  "kind": "pcf2b",
  "base_mode": "p1fam10",
  "alpha": 4.64,
  "gap": 0.25,
  "cont": {
    "kind": "power_twostage_scaleamp",
    "beta_model": {
      "beta_mode": "scale_p1fam3",
      "beta_min": 0.05,
      "beta_max": 1.5,
      "beta_mean": [
        -0.2798581550139958,
        -0.12319107720366101,
        0.5242595669749777,
        0.34454267237108593,
        0.13119776065393643
      ],
      "beta_std": [
        0.8660406810951408,
        0.6803114830863465,
        0.09852916235200525,
        0.10565336543628347,
        0.0300520730535335
      ],
      "b_coef": [
        -0.6747109284027387,
        -0.0783974044922916,
        -0.09636202556565639,
        -0.16555205779471288,
        0.08571056911674148,
        0.24152731489525378
      ],
      "n_params": 6,
      "reg_beta": 0.01,
      "robust_scale": 0.3,
      "triple_rmse": 0.37424151102177683,
      "triple_n": 29,
      "success": true
    },
    "amp_model": {
      "amp_mode": "scale_fam6",
      "amp_mean": [
        -0.12681072649071376,
        -0.011043186914627348,
        0.5432690789967081,
        0.29152731472273435,
        0.16520360628055775,
        0.5192589920841585,
        0.3495351686714943,
        0.1312058392443475
      ],
      "amp_std": [
        0.9519132291760913,
        0.7355359275344069,
        0.09391446595399637,
        0.0773398158055283,
        0.0531401478192719,
        0.09703761198415524,
        0.1039806482439346,
        0.030439548949832817
      ],
      "a_coef": [
        -2.925133133867522,
        0.23324193382045647,
        -0.07837391291940932,
        47.58148300150913,
        39.105944469995585,
        26.977572040436517,
        -20.73131173056577,
        -22.454709705118077,
        -6.722874101784949
      ],
      "n_params": 9,
      "reg_amp": 0.0,
      "pair_rmse": 0.0037628012974188483,
      "pair_n": 96,
      "success": true
    },
    "amp_mode": "scale_fam6",
    "beta_mode": "scale_p1fam3",
    "beta_min": 0.05,
    "beta_max": 1.5,
    "n_params": 15,
    "pair_rmse": 0.0037628012974188483,
    "triple_rmse": 0.37424151102177683
  },
  "fit": {
    "coef": [
      -4.097146062579036e-05,
      0.008223261148685075,
      0.0067501447532038895,
      -0.07922512086805424,
      0.028934577275032403,
      -0.022163803805380532,
      -0.0003204587230372483,
      0.020632183321654805,
      0.0013940536411995066,
      -0.0016104550879741581,
      0.0011302945594217934,
      -0.005927607504879928,
      -0.006162030499764203,
      -0.021156829035512026,
      -0.00606923819922001,
      0.004654186575439871,
      -0.01873101595295342,
      0.010255034608596572,
      -0.014765098053131176,
      -0.019456456217873577,
      -0.0019030762027563495,
      -0.002698094685456308,
      -0.000870719809631931,
      -0.015531250004489123,
      -0.008902314397545928,
      -5.5166971638433706e-05,
      -0.006267712135038785,
      0.022374579450935097,
      -0.005717903132823614,
      0.00048157892451480063,
      -0.011133835664386353,
      -0.012965715502063394,
      -0.07806411728891885,
      -0.04803335682526591,
      -0.0006138521731779636,
      -0.014582361260433918,
      0.025774324232863407,
      0.0017363877213914666,
      0.0030335426063520603,
      0.001633500945135213,
      0.0005784104026790819,
      0.00013784715866806943,
      0.005398821395673629,
      0.007511687669231635,
      0.009827900485036851,
      0.0022409387318652837,
      0.004495756333130864,
      0.0005844012457147342,
      0.005481107136554371,
      0.004678764473501971,
      0.002091553615631015,
      0.0013786263488570366,
      0.006174932170578723,
      0.003577972658558952,
      0.004221530296816959,
      0.0023935972308058934,
      0.002272217252931306,
      0.008270992688628655,
      0.009476216980444568,
      -0.0012650420733632066,
      0.0015168522302022585,
      0.0027343166869138805,
      0.005622229301953868,
      -0.009222919881943277,
      0.002738709433955561,
      0.009505995056074641,
      -0.014330642025377203,
      0.0025319904272555985,
      0.00137184508445687,
      -0.0327785731181091,
      0.02307828976345558,
      0.006033180269067882,
      -0.002823248990946278,
      -0.003435152619842244,
      -0.004668669695405,
      0.00176096367397884,
      -4.097146062630184e-05,
      0.0011302945594218804,
      -0.0019030762027570632,
      -0.011133835664385786,
      -0.009817687281999393,
      0.008223261148696514,
      -0.005927607504872633,
      -0.0026980946854572277,
      -0.012965715502063975,
      -0.017436421420402946
    ],
    "intercept": -0.8458232886811742,
    "Xm": [
      0.5301487239781703,
      0.526656024438725,
      -0.00349269953944523,
      0.720322136744269,
      11.590380133258115,
      8.336015827864193,
      3.5042640419204165,
      4.463939536379985,
      1.7047432213886977,
      1.697831784347544,
      0.3201358334265218,
      0.32986738009948946,
      0.009731546672967195,
      0.5669738853244501,
      1.2551976607402897,
      1.2136605302501973,
      1.1079404532401431,
      0.0035165679268162765,
      0.9952900874163235,
      1.0067157193469845,
      0.14971544259530808,
      0.14347659546178612,
      -0.006238847133521968,
      0.3677058079887621,
      42.44112798477536,
      20.036101034144387,
      3.8930626067851817,
      0.08870771411288556,
      0.4789371784154472,
      0.46372695960791127,
      3.1789704872204676,
      3.1682744633024402,
      -0.04669447657681536,
      -0.7606033345948188,
      0.40679359375303925,
      0.22496185594332055,
      1.828278820839573,
      0.02417890949432296,
      0.023224207532587294,
      0.02471538019949251,
      0.02344949567131804,
      0.023681720569306605,
      0.021998918845184318,
      0.022227166476989472,
      0.024079195106801714,
      0.024389917355745725,
      0.025710206718711114,
      0.0252091378805719,
      0.02484195287798105,
      0.02485918032972329,
      0.023316644354352982,
      0.023486942376580153,
      0.025185041560123553,
      0.025505751504031483,
      0.023172872744397062,
      0.022693153857537854,
      0.02412896786304792,
      0.026781205274307808,
      0.023912265401298528,
      0.024067178063929138,
      0.0234823878029895,
      0.026343818085682362,
      0.025046734245798973,
      0.03878216689855441,
      0.024871893925704037,
      0.023420442711200543,
      0.03274202482924996,
      0.029359599195574865,
      0.028937072226456338,
      0.04025210326004469,
      0.029132851994765282,
      0.02501753671834164,
      0.02290920709355267,
      0.024455222397153514,
      0.027543231544595526,
      0.02288829501199331,
      0.5301487239781703,
      0.3201358334265218,
      0.14971544259530808,
      3.1789704872204676,
      0.12886944225339436,
      0.526656024438725,
      0.32986738009948946,
      0.14347659546178612,
      3.1682744633024402,
      0.13167284572507187
    ],