{
  "kind": "pcf2b",
  "base_mode": "p1fam6",
  "alpha": 3.0,
  "gap": 0.25,
  "cont": {
    "kind": "power_twostage_scaleamp",
    "beta_model": {
      "beta_mode": "scale_p1fam3",
      "beta_min": 0.05,
      "beta_max": 1.5,
      "beta_mean": [
        -0.2798581550139958,
        -0.12319107720366101,
        0.5242595669749777,
        0.34454267237108593,
        0.13119776065393643
      ],
      "beta_std": [
        0.8660406810951408,
        0.6803114830863465,
        0.09852916235200525,
        0.10565336543628347,
        0.0300520730535335
      ],
      "b_coef": [
        -0.6747109284027387,
        -0.0783974044922916,
        -0.09636202556565639,
        -0.16555205779471288,
        0.08571056911674148,
        0.24152731489525378
      ],
      "n_params": 6,
      "reg_beta": 0.01,
      "robust_scale": 0.3,
      "triple_rmse": 0.37424151102177683,
      "triple_n": 29,
      "success": true
    },
    "amp_model": {
      "amp_mode": "scale_fam6",
      "amp_mean": [
        -0.12681072649071376,
        -0.011043186914627348,
        0.5432690789967081,
        0.29152731472273435,
        0.16520360628055775,
        0.5192589920841585,
        0.3495351686714943,
        0.1312058392443475
      ],
      "amp_std": [
        0.9519132291760913,
        0.7355359275344069,
        0.09391446595399637,
        0.0773398158055283,
        0.0531401478192719,
        0.09703761198415524,
        0.1039806482439346,
        0.030439548949832817
      ],
      "a_coef": [
        -2.925133133867522,
        0.23324193382045647,
        -0.07837391291940932,
        47.58148300150913,
        39.105944469995585,
        26.977572040436517,
        -20.73131173056577,
        -22.454709705118077,
        -6.722874101784949
      ],
      "n_params": 9,
      "reg_amp": 0.0,
      "pair_rmse": 0.0037628012974188483,
      "pair_n": 96,
      "success": true
    },
    "amp_mode": "scale_fam6",
    "beta_mode": "scale_p1fam3",
    "beta_min": 0.05,
    "beta_max": 1.5,
    "n_params": 15,
    "pair_rmse": 0.0037628012974188483,
    "triple_rmse": 0.37424151102177683
  },
  "fit": {
    "coef": [
      -0.0012940269295697376,
      0.007538302060978053,
      0.007185346278444948,
      -0.07439318937026032,
      0.03778814620661823,
      -0.024745245485247983,
      0.004353480720231851,
      0.017102057772758708,
      0.0032848352711009124,
      -0.0034268486025641294,
      0.0013310146583387545,
      -0.0054574218175904125,
      -0.005903522200958071,
      -0.0204909104402869,
      -0.003422110034099691,
      0.0039010971713409124,
      -0.01815166284004519,
      0.009554003007016742,
      -0.016317517749591302,
      -0.015776136919845314,
      -5.613725641348934e-05,
      -0.0024349472692164727,
      -0.001868739767127423,
      -0.016053771945338087,
      -0.011303273256908811,
      -0.00036481382269306446,
      -0.004761963158166975,
      0.025005426986492805,
      -0.011405597791074995,
      0.0019609592268834213,
      -0.012963623787509409,
      -0.011653114884553867,
      -0.07958123879015852,
      -0.049402014635349364,
      -0.0005241902099732272,
      -0.015134314290858503,
      0.02680277002329608,
      0.0018946636137182754,
      0.002741299966632992,
      0.0015867396464618216,
      0.0006474862776347912,
      0.0007906950889087197,
      0.006002999419980797,
      0.007505083086342389,
      0.008836087938394731,
      0.0030976893375002966,
      0.005011432629576746,
      0.002613897810325486,
      0.007084346483921162,
      0.004737648778660567,
      0.002429755955707907,
      0.0011999079756096133,
      0.0063244695034922515,
      0.003743813208109797,
      0.004990621019023499,
      0.0020846324935687474,
      0.0025685774859713147,
      0.007506564882926775,
      0.008914271520480733,
      -0.0003679316589212097,
      0.003186124223258368,
      0.004405141261364023,
      0.005378862265404015,
      -0.008965057704887846,
      0.002445110805877771,
      0.008302249421608409,
      -0.021800084045649905,
      0.0022803565563499243,
      0.0009095306495082576,
      -0.030747771897114796,
      0.021942170808726742,
      0.005583282914931239,
      -0.0037225767523646263,
      -0.003567833901537476,
      -0.004455056405592562,
      0.001883027740563102,
      -0.0012940269295705486,
      0.001331014658338533,
      -5.6137256414327205e-05,
      0.0075383020609797805,
      -0.005457421817576938,
      -0.0024349472692181432
    ],
    "intercept": -0.8458232886811742,
    "Xm": [
      0.5301487239781703,
      0.526656024438725,
      -0.00349269953944523,
      0.720322136744269,
      11.590380133258115,
      8.336015827864193,
      3.5042640419204165,
      4.463939536379985,
      1.7047432213886977,
      1.697831784347544,
      0.3201358334265218,
      0.32986738009948946,
      0.009731546672967195,
      0.5669738853244501,
      1.2551976607402897,
      1.2136605302501973,
      1.1079404532401431,
      0.0035165679268162765,
      0.9952900874163235,
      1.0067157193469845,
      0.14971544259530808,
      0.14347659546178612,
      -0.006238847133521968,
      0.3677058079887621,
      42.44112798477536,
      20.036101034144387,
      3.8930626067851817,
      0.08870771411288556,
      0.4789371784154472,
      0.46372695960791127,
      3.1789704872204676,
      3.1682744633024402,
      -0.04669447657681536,
      -0.7606033345948188,
      0.40679359375303925,
      0.22496185594332055,
      1.828278820839573,
      0.02417890949432296,
      0.023224207532587294,
      0.02471538019949251,
      0.02344949567131804,
      0.023681720569306605,
      0.021998918845184318,
      0.022227166476989472,
      0.024079195106801714,
      0.024389917355745725,
      0.025710206718711114,
      0.0252091378805719,
      0.02484195287798105,
      0.02485918032972329,
      0.023316644354352982,
      0.023486942376580153,
      0.025185041560123553,
      0.025505751504031483,
      0.023172872744397062,
      0.022693153857537854,
      0.02412896786304792,
      0.026781205274307808,
      0.023912265401298528,
      0.024067178063929138,
      0.0234823878029895,
      0.026343818085682362,
      0.025046734245798973,
      0.03878216689855441,
      0.024871893925704037,
      0.023420442711200543,
      0.03274202482924996,
      0.029359599195574865,
      0.028937072226456338,
      0.04025210326004469,
      0.029132851994765282,
      0.02501753671834164,
      0.02290920709355267,
      0.024455222397153514,
      0.027543231544595526,
      0.02288829501199331,
      0.5301487239781703,
      0.3201358334265218,
      0.14971544259530808,
      0.526656024438725,
      0.32986738009948946,
      0.14347659546178612
    ],