{
  "grouped_oof_summary": [
    {
      "n": 641,
      "rmse": 0.030165623586766426,
      "mae": 0.016951714949964253,
      "pearson": 0.9235183936310529,
      "spearman": 0.9108718671176754,
      "actual_std": 0.07844420156998826,
      "predicted_std": 0.07452608894446978,
      "predicted_actual_std_ratio": 0.9500522339815938,
      "regret_at_1": 0.041498541831970215,
      "chosen_actual": 0.8275384306907654,
      "best_actual": 0.7860398888587952,
      "top8_overlap": 0.625,
      "model": "dsp_vs_centered_no_amp",
      "description": "Centered variable-scale DSP with no mixture-effect amplitude scaling.",
      "split": "grouped_oof",
      "parameter_count": 163,
      "train_objective": 0.025360521125730312,
      "optimizer_success": true,
      "optimizer_message": "CONVERGENCE: RELATIVE REDUCTION OF F <= FACTR*EPSMCH"
    },
    {
      "n": 641,
      "rmse": 0.0304623641133021,
      "mae": 0.0172524786777716,
      "pearson": 0.9224356404219648,
      "spearman": 0.9022496974645343,
      "actual_std": 0.07844420156998826,
      "predicted_std": 0.07546719396808252,
      "predicted_actual_std_ratio": 0.9620493606624367,
      "regret_at_1": 0.041498541831970215,
      "chosen_actual": 0.8275384306907654,
      "best_actual": 0.7860398888587952,
      "top8_overlap": 0.75,
      "model": "dsp_vs_centered_shared_amp",
      "description": "Centered variable-scale DSP with one shared N-dependent mixture amplitude.",
      "split": "grouped_oof",
      "parameter_count": 164,
      "train_objective": 0.024120873248855944,
      "optimizer_success": true,
      "optimizer_message": "CONVERGENCE: NORM OF PROJECTED GRADIENT <= PGTOL"
    },
    {
      "n": 641,
      "rmse": 0.03066182018086052,
      "mae": 0.017320538036193055,
      "pearson": 0.9215457249688783,
      "spearman": 0.901083979106828,
      "actual_std": 0.07844420156998826,
      "predicted_std": 0.07570796546215754,
      "predicted_actual_std_ratio": 0.9651186951607961,
      "regret_at_1": 0.041498541831970215,
      "chosen_actual": 0.8275384306907654,
      "best_actual": 0.7860398888587952,
      "top8_overlap": 0.75,
      "model": "dsp_vs_centered_split_amp",
      "description": "Centered variable-scale DSP with separate N-dependent benefit and penalty amplitudes.",
      "split": "grouped_oof",
      "parameter_count": 165,
      "train_objective": 0.02408302576953301,
      "optimizer_success": true,
      "optimizer_message": "CONVERGENCE: RELATIVE REDUCTION OF F <= FACTR*EPSMCH"
    },
    {
      "n": 641,
      "rmse": 0.030166194475342217,
      "mae": 0.01670870026003339,
      "pearson": 0.9237497168725879,
      "spearman": 0.9109783012815841,
      "actual_std": 0.07844420156998826,
      "predicted_std": 0.07514333012205697,
      "predicted_actual_std_ratio": 0.9579207719389401,
      "regret_at_1": 0.0,
      "chosen_actual": 0.7860398888587952,
      "best_actual": 0.7860398888587952,
      "top8_overlap": 0.75,
      "model": "dsp_vs_centered_exposure_scaled",
      "description": "Centered variable-scale DSP with a learned D-dependent multiplier inside DSP exposure.",
      "split": "grouped_oof",
      "parameter_count": 164,
      "train_objective": 0.022404169150676438,
      "optimizer_success": true,
      "optimizer_message": "CONVERGENCE: RELATIVE REDUCTION OF F <= FACTR*EPSMCH"
    }
  ],
  "leave_scale_summary": [
    {
      "n": 39,
      "rmse": 0.014522574675030023,
      "mae": 0.012230638273370115,
      "pearson": 0.6711864464118193,
      "spearman": 0.5791497975708502,
      "actual_std": 0.018844469993040718,
      "predicted_std": 0.015351280520990182,
      "predicted_actual_std_ratio": 0.8146305269747265,
      "regret_at_1": 0.0,
      "chosen_actual": 1.055487871170044,
      "best_actual": 1.055487871170044,
      "top8_overlap": 0.625,
      "model": "dsp_vs_centered_no_amp",
      "split": "leave_scale_130m_2p6b",
      "scale": "130m_2p6b"
    },
    {
      "n": 4,
      "rmse": 0.039329607322368586,
      "mae": 0.036573878317402136,
      "pearson": -0.5867938931525155,
      "spearman": -0.6000000000000001,
      "actual_std": 0.01834397465097202,
      "predicted_std": 0.02308095005261704,
      "predicted_actual_std_ratio": 1.2582305902496445,
      "regret_at_1": 0.041498541831970215,
      "chosen_actual": 0.8275384306907654,
      "best_actual": 0.7860398888587952,
      "top8_overlap": 1.0,
      "model": "dsp_vs_centered_no_amp",
      "split": "leave_scale_1_2b_24b",
      "scale": "1_2b_24b"
    },
    {
      "n": 268,
      "rmse": 0.019657854963986792,
      "mae": 0.015847401605353997,
      "pearson": 0.5892201089617845,
      "spearman": 0.5400833017985133,
      "actual_std": 0.01987911839371482,
      "predicted_std": 0.02247116973378591,
      "predicted_actual_std_ratio": 1.1303906586164616,
      "regret_at_1": 0.0,
      "chosen_actual": 0.9346421957015992,
      "best_actual": 0.9346421957015992,
      "top8_overlap": 0.625,
      "model": "dsp_vs_centered_no_amp",
      "split": "leave_scale_300m_6b",
      "scale": "300m_6b"
    },
    {
      "n": 37,
      "rmse": 0.01723362308682562,
      "mae": 0.012083676439261625,
      "pearson": 0.7147283303444018,
      "spearman": 0.733760075865339,
      "actual_std": 0.019612114745099423,
      "predicted_std": 0.023830905563724174,
      "predicted_actual_std_ratio": 1.2151114692860403,
      "regret_at_1": 0.004697144031524658,
      "chosen_actual": 0.8469223380088806,
      "best_actual": 0.842225193977356,
      "top8_overlap": 0.75,
      "model": "dsp_vs_centered_no_amp",
      "split": "leave_scale_520m_10p4b",
      "scale": "520m_10p4b"
    },
    {
      "n": 293,
      "rmse": 0.044569455973759366,
      "mae": 0.021143498941196104,
      "pearson": 0.3097702159186866,
      "spearman": 0.7497293513604404,
      "actual_std": 0.04334024561371067,
      "predicted_std": 0.0293019146897735,
      "predicted_actual_std_ratio": 0.6760901853427395,
      "regret_at_1": 0.06080949306488037,
      "chosen_actual": 1.0926282405853271,
      "best_actual": 1.0318187475204468,
      "top8_overlap": 0.0,
      "model": "dsp_vs_centered_no_amp",
      "split": "leave_scale_60m_1p2b",
      "scale": "60m_1p2b"
    },
    {
      "n": 39,
      "rmse": 0.22171950296015172,
      "mae": 0.17543511764209274,
      "pearson": -0.07222563126699587,
      "spearman": -0.20182186234817817,
      "actual_std": 0.018844469993040718,
      "predicted_std": 0.2073062397658677,
      "predicted_actual_std_ratio": 11.000905827673908,
      "regret_at_1": 0.0,
      "chosen_actual": 1.055487871170044,
      "best_actual": 1.055487871170044,
      "top8_overlap": 0.375,
      "model": "dsp_vs_centered_shared_amp",
      "split": "leave_scale_130m_2p6b",
      "scale": "130m_2p6b"
    },
    {
      "n": 4,
      "rmse": 0.021444591702005706,
      "mae": 0.019851233596147794,
      "pearson": -0.6185275650231107,
      "spearman": -0.6000000000000001,
      "actual_std": 0.01834397465097202,
      "predicted_std": 0.003995889642366196,
      "predicted_actual_std_ratio": 0.21783117990486647,
      "regret_at_1": 0.041498541831970215,
      "chosen_actual": 0.8275384306907654,
      "best_actual": 0.7860398888587952,
      "top8_overlap": 1.0,
      "model": "dsp_vs_centered_shared_amp",
      "split": "leave_scale_1_2b_24b",
      "scale": "1_2b_24b"
    },
    {
      "n": 268,
      "rmse": 0.0172889027307777,
      "mae": 0.01376602527744547,
      "pearson": 0.612157905905657,
      "spearman": 0.5555273629762719,
      "actual_std": 0.01987911839371482,
      "predicted_std": 0.01922883730905289,
      "predicted_actual_std_ratio": 0.9672882332212716,
      "regret_at_1": 0.0,
      "chosen_actual": 0.9346421957015992,
      "best_actual": 0.9346421957015992,
      "top8_overlap": 0.625,
      "model": "dsp_vs_centered_shared_amp",
      "split": "leave_scale_300m_6b",
      "scale": "300m_6b"
    },
    {
      "n": 37,