{
  "cv": {
    "foldmax_regret_at_1": 0.014046669006347878,
    "foldmean_regret_at_1": 0.0028093338012695757,
    "foldmedian_regret_at_1": 0.0,
    "mae": 0.007861639889033704,
    "pearson": 0.8448543396193958,
    "r2": 0.7118453477933939,
    "rmse": 0.01034887537134136,
    "spearman": 0.8430408278264434
  },
  "linear_head": {
    "coef_standardized": [
      -0.0037636721559131153,
      -0.0017956026500929568,
      -0.0011687397080149778,
      -0.002201993802766345,
      -0.002639033510352566,
      -0.001875059738773993,
      -0.000700332045998447,
      -0.0009613400138023142,
      -0.0011825723343425903,
      -0.0026223566372409936,
      -0.0013380441353665095,
      -0.002578958550513944,
      -0.0026062529244261943,
      -0.0016423758151740157,
      -0.0011732449064835062,
      -0.003003466619474819,
      -0.000459618820348248,
      -0.002362677658491552,
      -0.0018147331321218217,
      -0.0026283944728416253,
      -0.0006673605834754327,
      -0.0026228868346992425,
      -0.0012686888230650924,
      -0.0044001704467496044,
      -0.0024933010847806936,
      -0.0031928675180158063,
      -0.0033173326768229333,
      -0.001923913750667315,
      -0.012089568968779446,
      0.0023850935076278586,
      -0.0029371944023606255,
      -0.003898534972226762,
      -0.012792107684084262,
      0.003316472132031281,
      -0.0019058519631401283,
      0.0011374093026487993,
      -0.002084113227231672,
      -0.0038813020070105333,
      -0.0009852176834024044,
      -0.0009161028299199531,
      0.0028716877443432697
    ],
    "intercept": 1.1175274272595555
  },
  "model": "P3",
  "observed_best": {
    "run_name": "run_00125",
    "value": 1.0571987628936768
  },
  "parameter_count": {
    "intercept": 1,
    "linear_coefficients": 41,
    "ridge_hyperparameter": 1,
    "shape_parameters": 3,
    "total_with_ridge_hyperparameter": 46,
    "total_without_ridge_hyperparameter": 45
  },
  "raw_optimum": {
    "nearest_observed_run_name": "baseline_unimax",
    "nearest_observed_tv": 0.610395453350873,
    "nearest_observed_value": 1.0834295749664309,
    "optimizer_message": "CONVERGENCE: RELATIVE REDUCTION OF F <= FACTR*EPSMCH",
    "optimizer_nit": 299,
    "optimizer_success": true,
    "optimizer_value": 0.9653005956504644,
    "p3_phase0_broad_text": 0.9930498131950957,
    "p3_phase0_entropy": 2.998112269490238,
    "p3_phase0_max_weight": 0.1297987140375532,
    "p3_phase0_reasoning": 0.005216844032950507,
    "p3_phase0_support_below_1e4": 29.0,
    "p3_phase0_tech_code": 0.0017333427719539607,
    "p3_phase1_broad_text": 0.02196169484130378,
    "p3_phase1_entropy": 1.138935283335426,
    "p3_phase1_max_weight": 0.46037834087775836,
    "p3_phase1_reasoning": 0.000180221578845789,
    "p3_phase1_support_below_1e4": 20.0,
    "p3_phase1_tech_code": 0.9778580835798506,
    "predicted_value": 0.9653005956504644
  },
  "row_count": 242,
  "run_set": "fit_swarm_60m_default",
  "scale": "60m_1p2b",
  "selected_params": {
    "a": 0.5,
    "eta": 2.0,
    "p": 2.0,
    "ridge_alpha": 0.0001
  },
  "target": "eval/uncheatable_eval/bpb",
  "train": {
    "mae": 0.006338596924823381,
    "pearson": 0.8987499101041763,
    "r2": 0.8077514009118314,
    "rmse": 0.008453020670851179,
    "spearman": 0.9024614729380228
  },
  "validated_grp_no_l2_optimum": {
    "grp_phase0_broad_text": 0.643764553073929,
    "grp_phase0_entropy": 2.7703925168371057,
    "grp_phase0_max_weight": 0.1546520307019418,
    "grp_phase0_reasoning": 0.014629957886900035,
    "grp_phase0_support_below_1e4": 25.0,
    "grp_phase0_tech_code": 0.3416054890391696,
    "grp_phase1_broad_text": 0.5927707117281357,
    "grp_phase1_entropy": 2.3720698778841363,
    "grp_phase1_max_weight": 0.197759650546656,
    "grp_phase1_reasoning": 0.004462409330079036,
    "grp_phase1_support_below_1e4": 25.0,
    "grp_phase1_tech_code": 0.4027668789417841,
    "nearest_observed_run_name": "baseline_unimax",
    "nearest_observed_tv": 0.5440299596557425,
    "nearest_observed_value": 1.0834295749664309,
    "phase_tv_vs_p3": 0.5236659465339669,
    "predicted_by_p3": 1.0263701454733238
  }
}