{
  "many_dsre_ceq": {
    "r2": 0.0624,
    "rmse": 0.0884,
    "spearman": 0.2569,
    "regret_at_1": 0.1146,
    "n_params": 162
  },
  "many_CLR-Ridge(a=0.06)": {
    "r2": 0.04110207150938461,
    "rmse": 0.08950894729296972,
    "spearman": 0.2068567607420871,
    "regret_at_1": 0.1283618609477993,
    "n_params": 39
  },
  "many_CLR-Ridge(a=0.10)": {
    "r2": 0.04404559102408989,
    "rmse": 0.08937145933411901,
    "spearman": 0.2058888584067762,
    "regret_at_1": 0.08487759658846246,
    "n_params": 39
  },
  "many_CLR-Ridge(a=0.14)": {
    "r2": 0.035011985217148434,
    "rmse": 0.08979273892852897,
    "spearman": 0.1854480299029526,
    "regret_at_1": 0.09921238788567059,
    "n_params": 39
  },
  "many_CLR-Ridge(a=0.20)": {
    "r2": 0.029580851562956534,
    "rmse": 0.09004506957902753,
    "spearman": 0.1674659648160214,
    "regret_at_1": 0.05392607980216733,
    "n_params": 39
  },
  "sc_CLR-Ridge(a=0.50)": {
    "r2": -1.6434499367601112,
    "rmse": 0.5319195313666923,
    "spearman": 0.1562372659823934,
    "regret_at_1": 0.21152697801589965,
    "n_params": 2
  },
  "sc_CLR-Ridge(a=0.80)": {
    "r2": -0.45183035474207656,
    "rmse": 0.39420155087112907,
    "spearman": 0.142436474070657,
    "regret_at_1": 0.21152697801589965,
    "n_params": 2
  },
  "sc_CLR-Ridge(a=0.95)": {
    "r2": -0.03904993298450954,
    "rmse": 0.3334867641173151,
    "spearman": 0.2729788951678007,
    "regret_at_1": 0.21152697801589965,
    "n_params": 2
  }
}
