{
  "DS-RE-CEQ": {
    "r2": -8552.670829543318,
    "spearman": 0.2744136003566407,
    "rmse": 1.003914947050677,
    "regret_at_1": 0.01541979312896733,
    "n_params": 162,
    "duration_s": 619.490603415994
  },
  "DS-RE-CEQ-ST(lite)": {
    "r2": 0.14929259485952961,
    "spearman": 0.4257021364150749,
    "rmse": 0.010011767609879083,
    "regret_at_1": 0.01688351631164564,
    "n_params": 84,
    "duration_s": 527.2980484160362
  },
  "CLR-Ridge(a=0.05)": {
    "r2": 0.4663628971296757,
    "spearman": 0.6241581221494462,
    "rmse": 0.007929460911483199,
    "regret_at_1": 0.00228726863861084,
    "n_params": 39,
    "duration_s": 0.018435667036101222
  },
  "CLR-Ridge(a=0.1)": {
    "r2": 0.49777963169383777,
    "spearman": 0.6316955865711054,
    "rmse": 0.007692505489396642,
    "regret_at_1": 0.00228726863861084,
    "n_params": 39,
    "duration_s": 0.013783582951873541
  },
  "CLR-Ridge(a=0.15)": {
    "r2": 0.5346069468466137,
    "spearman": 0.682861527382463,
    "rmse": 0.007405094445008522,
    "regret_at_1": 0.00036754608154296873,
    "n_params": 39,
    "duration_s": 0.015098333940841258
  },
  "CLR-Ridge(a=0.2)": {
    "r2": 0.5795974396883796,
    "spearman": 0.7277913994718975,
    "rmse": 0.007038065914496858,
    "regret_at_1": 0.00036754608154296873,
    "n_params": 39,
    "duration_s": 0.015310792019590735
  }
}
