{
  "best_anchor": {
    "alpha": 21.028453699784222,
    "anchor_mae": 0.004043835620736624,
    "anchor_rank_correct": false,
    "anchor_rmse": 0.005700941145103697,
    "cv_r2": 0.5523907661755749,
    "cv_regret_at_1": 0.0,
    "cv_rmse": 0.012816904084243186,
    "cv_spearman": 0.7333476218236686,
    "err_validated_global": 2.536284959608892e-05,
    "err_validated_pair": -0.00806230839187716,
    "eta": 9.748540969000416,
    "joint_score": 0.01686073970497981,
    "label": "sample_082",
    "lam": 1.7245914832849483,
    "pred_validated_global": 1.0438373993638783,
    "pred_validated_pair": 1.039873892703704,
    "reg": 0.038666040671251484,
    "tau": 2.468403936720543,
    "train_r2": 0.6419593030987308,
    "train_rmse": 0.01146304012509833,
    "train_spearman": 0.7929949247282331
  },
  "best_balanced_with_generic_like_cv": {
    "alpha": 22.254834657908457,
    "anchor_mae": 0.0075368389796356405,
    "anchor_rank_correct": true,
    "anchor_rmse": 0.00767937405599816,
    "cv_r2": 0.6653083729489799,
    "cv_regret_at_1": 0.0,
    "cv_rmse": 0.011082966987438329,
    "cv_spearman": 0.7869457494598951,
    "err_validated_global": -0.0060641393880751515,
    "err_validated_pair": -0.00900953857119613,
    "eta": 3.188453174818152,
    "joint_score": 0.01861980596707397,
    "label": "sample_158",
    "lam": 0.0018869462633027607,
    "pred_validated_global": 1.037747897126207,
    "pred_validated_pair": 1.038926662524385,
    "reg": 0.0006317058064724626,
    "tau": 2.768736619260676,
    "train_r2": 0.7324147600988853,
    "train_rmse": 0.009909795506037612,
    "train_spearman": 0.8328366654092796
  },
  "current": {
    "alpha": 8.0,
    "anchor_mae": 0.040869495288847035,
    "anchor_rank_correct": true,
    "anchor_rmse": 0.040978883599251864,
    "cv_r2": 0.7844895372443141,
    "cv_regret_at_1": 0.0,
    "cv_rmse": 0.008893399372349885,
    "cv_spearman": 0.8797537807345428,
    "err_validated_global": -0.0438616944593474,
    "err_validated_pair": -0.03787729611834667,
    "eta": 3.0,
    "joint_score": 0.04976289466119692,
    "label": "current",
    "lam": 1.0,
    "pred_validated_global": 0.9999503420549348,
    "pred_validated_pair": 1.0100589049772344,
    "reg": 0.01,
    "tau": 1.0,
    "train_r2": 0.8278025002293069,
    "train_rmse": 0.00794963220908222,
    "train_spearman": 0.8993227255581085
  },
  "generic_tuned_reference": {
    "anchor_mae": 0.0007870597827117631,
    "cv_rmse": 0.010701309236816867,
    "pred_validated_global": 1.0439171480723388,
    "pred_validated_pair": 1.0464730285069155
  }
}
