{
  "best_run": {
    "alpha": 1071.182953128221,
    "anchor_mae": 8.21265278005967e-10,
    "anchor_rank_correct": true,
    "anchor_rmse": 8.248690406122554e-10,
    "beta": 0.09926726664487918,
    "cv_foldmean_regret_at_1": 0.005738472938537553,
    "cv_r2": 0.7048459607433639,
    "cv_regret_at_1": 0.0,
    "cv_rmse": 0.010407777069429244,
    "cv_spearman": 0.8232973834916498,
    "duration": 4.327223417116329,
    "err_validated_global": -8.982865562501274e-10,
    "err_validated_pair": 7.442439997618067e-10,
    "eta": 12.381028096852717,
    "lam": 0.0010056811418181996,
    "nfev": 991,
    "nit": 620,
    "objective": 0.010522547349465273,
    "pred_validated_global": 1.0438099991017133,
    "pred_validated_pair": 1.047940000744244,
    "reg": 2.640846240796926e-06,
    "start_label": "chatgpt_tuned",
    "success": true,
    "tau": 3.1225701011292255,
    "train_r2": 0.7783981192859737,
    "train_rmse": 0.009018209844253026,
    "train_spearman": 0.8643282123383972
  },
  "best_run_params_only": {
    "alpha": 1071.182953128221,
    "beta": 0.09926726664487918,
    "eta": 12.381028096852717,
    "lam": 0.0010056811418181996,
    "reg": 2.640846240796926e-06,
    "tau": 3.1225701011292255
  },
  "delta_vs_reference": {
    "alpha": 1058.242072207869,
    "beta": -0.5641349001808024,
    "eta": -0.8483566759903205,
    "lam": -0.03462149631692288,
    "reg": -0.0010088312461420212,
    "tau": -0.15150508213856195
  },
  "reference_params": {
    "alpha": 12.94088092035213,
    "beta": 0.6634021668256815,
    "eta": 13.229384772843037,
    "lam": 0.035627177458741076,
    "reg": 0.0010114720923828182,
    "tau": 3.2740751832677875
  }
}
