{
  "best_by_deploy_tv": {
    "alpha": 12.938715292873805,
    "anchor_mae": 0.00077392068868809,
    "beta": 0.6632876287900595,
    "deploy_baseline_proportional_coeff": 0.0494131797692645,
    "deploy_best_observed_coeff": 0.03256956377454832,
    "deploy_coeff_l1_to_target": 0.013385881764189412,
    "deploy_predicted_value": 1.0435715142914628,
    "deploy_tv_to_target": 0.0027067511673324694,
    "deploy_validated_global_coeff": 0.9170844384387208,
    "deploy_validated_pair_coeff": 0.0009328180174664061,
    "duration": 2.2459297089953907,
    "eta": 13.14105584778264,
    "lam": 0.0356153112026088,
    "message": "CONVERGENCE: RELATIVE REDUCTION OF F <= FACTR*EPSMCH",
    "method": "L-BFGS-B",
    "nfev": 154,
    "nit": 2,
    "objective": 0.01174560648460795,
    "objective_name": "single_foldmean",
    "param_z_l2_to_target": 0.007189037954174751,
    "procedure": "current_from_tuned_lbfgsb",
    "reg": 0.0010114713086983894,
    "repeated_cv_regret_mean": 0.0,
    "repeated_cv_rmse_mean": 0.01045483700960597,
    "repeated_foldmean_regret_mean": 0.007295219103495252,
    "single_cv_foldmean_regret_at_1": 0.014033055305480869,
    "single_cv_r2": 0.6885621206073174,
    "single_cv_regret_at_1": 0.0,
    "single_cv_rmse": 0.010691024689810242,
    "start_label": "tuned",
    "success": true,
    "tau": 3.2715449384640807
  },
  "best_by_param_distance": {
    "alpha": 12.938715292873805,
    "anchor_mae": 0.00077392068868809,
    "beta": 0.6632876287900595,
    "deploy_baseline_proportional_coeff": 0.0494131797692645,
    "deploy_best_observed_coeff": 0.03256956377454832,
    "deploy_coeff_l1_to_target": 0.013385881764189412,
    "deploy_predicted_value": 1.0435715142914628,
    "deploy_tv_to_target": 0.0027067511673324694,
    "deploy_validated_global_coeff": 0.9170844384387208,
    "deploy_validated_pair_coeff": 0.0009328180174664061,
    "duration": 2.2459297089953907,
    "eta": 13.14105584778264,
    "lam": 0.0356153112026088,
    "message": "CONVERGENCE: RELATIVE REDUCTION OF F <= FACTR*EPSMCH",
    "method": "L-BFGS-B",
    "nfev": 154,
    "nit": 2,
    "objective": 0.01174560648460795,
    "objective_name": "single_foldmean",
    "param_z_l2_to_target": 0.007189037954174751,
    "procedure": "current_from_tuned_lbfgsb",
    "reg": 0.0010114713086983894,
    "repeated_cv_regret_mean": 0.0,
    "repeated_cv_rmse_mean": 0.01045483700960597,
    "repeated_foldmean_regret_mean": 0.007295219103495252,
    "single_cv_foldmean_regret_at_1": 0.014033055305480869,
    "single_cv_r2": 0.6885621206073174,
    "single_cv_regret_at_1": 0.0,
    "single_cv_rmse": 0.010691024689810242,
    "start_label": "tuned",
    "success": true,
    "tau": 3.2715449384640807
  },
  "target_anchor_coefficients": {
    "baseline_proportional": 0.05505826576758283,
    "best_observed": 0.02587662289245359,
    "validated_global": 0.9175270003197237,
    "validated_pair": 0.0015381110202398686
  },
  "target_params": {
    "alpha": 12.94088092035213,
    "beta": 0.6634021668256815,
    "eta": 13.229384772843037,
    "lam": 0.035627177458741076,
    "reg": 0.0010114720923828182,
    "tau": 3.2740751832677875
  },
  "target_predicted_value": 1.0436372226731572
}
