{
  "all_data_fit": {
    "coef": {
      "nemotron_signal": 0.4170854026328394,
      "penalty": 2.799575695930712,
      "starcoder_signal": 0.256532790192923
    },
    "intercept": 2.42117105828107,
    "params": {
      "alpha": 8.31415564086338,
      "eta": 0.9741879840630027,
      "lam": 2.5126908591663857,
      "reg": 1.522997974471263e-08,
      "tau": 3.2201247392305
    }
  },
  "c0": {
    "nemotron": 0.49999999999999994,
    "starcoder": 13.228933553284898
  },
  "c1": {
    "nemotron": 0.4999999999999999,
    "starcoder": 13.228933553284898
  },
  "subset_fit": {
    "coef": {
      "nemotron_signal": 0.5351224298550451,
      "penalty": 7.652298180937083e-10,
      "starcoder_signal": 0.15875901824668928
    },
    "intercept": 3.170679381957879,
    "params": {
      "alpha": 3.2241784509226266,
      "eta": 11.466202223327645,
      "lam": 6.13421235332821e-06,
      "reg": 0.011053976372359109,
      "tau": 15.0
    }
  }
}
