{
  "variant": "dsp_apple_repetition_shared_r1_phase_benefit_penalty_nnls",
  "params": {
    "rho": [
      0.056530099474266175,
      0.1814589535730512,
      0.13273724450195892,
      0.134019638552966,
      0.06045063735628112,
      0.11379982211717192,
      0.27257429316523984,
      0.1477776673361889,
      0.14312354301723876,
      0.0941072718297503,
      0.12357038448985515,
      0.1544873044687063,
      0.03910960899588543,
      0.13055983519090011,
      0.21972840377085726,
      0.11352917180074784,
      0.06318271345028766,
      0.08983718323838502,
      0.08605831846966441,
      0.11583614004029864,
      0.09452125733575166,
      0.12501295175981783,
      0.09843760464774148,
      0.1462411454995005,
      0.09162386986719556,
      0.07967731202417233,
      0.15930987451826714,
      0.06885732004272092,
      1.9406399441742168,
      0.0024249621947709282,
      0.14231821978618048,
      0.26228235638452924,
      0.11262122435090247,
      0.00653805800522061,
      0.035543485009241156,
      0.04434626332187508,
      0.04443514202568943,
      0.14197649122041994,
      0.08636135756729019
    ],
    "tau": [
      1.2422811201291835,
      -0.4308628493754301,
      -0.058640038147616175,
      0.9341149053763648,
      4.296474466409739,
      -0.9672908776750399,
      -2.0,
      -2.0,
      1.5072285496119802,
      -2.0,
      3.0365866981194043,
      0.7113178131101093,
      0.005024346213280989,
      -0.5755802843739835,
      0.17182443395781338,
      -1.3258287453732014,
      2.3805962902762983,
      -1.4407260388808396,
      -0.1360378471593232,
      3.2345099718303536,
      0.8696912052791205,
      4.324652883495189,
      1.2344831092006303,
      3.481675301352432,
      0.5281977085048455,
      0.5126907612940198,
      1.0515626779825082,
      0.8461603169123112,
      -1.80861625513908,
      3.275136457028184,
      0.47353877886583784,
      -1.8213798369636969,
      -0.2103238027424657,
      4.623755836505111,
      3.2933931238679204,
      1.5454402216420389,
      -1.5673128538665861,
      -0.8955603783351043,
      2.472576972254414
    ],
    "gamma": 30.87660833183591,
    "r1": 0.08733796322765466
  },
  "intercept": -5.915595838523257,
  "benefit_coef": [
    0.0011809712627006302,
    0.011841815316121787,
    0.03304348190940104,
    0.016394561899987795,
    0.03616556036691024,
    0.018952660313464837,
    0.008909525658687184,
    0.005585487576869787,
    0.004125146078074839,
    0.0,
    0.0,
    0.06706225877591986,
    0.0944111371620334,
    0.0,
    0.017248529628858776,
    0.004141082272008333,
    0.06847965157857892,
    0.04865867293007703,
    0.07380380599528753,
    0.0,
    0.02939963973051957,
    0.0,
    0.012111923765654824,
    0.011339790049673885,
    0.005964808090597601,
    0.11508422694087889,
    0.017494867315561043,
    0.011699018153955866,
    0.006013104038662728,
    1.679128350583413,
    0.0,
    0.042847917020655164,
    0.003593206683519575,
    0.1727484200860501,
    0.10147838196634411,
    0.0,
    0.03358482759356928,
    0.03764035747459418,
    0.0
  ],
  "penalty_coef": [
    0.09586450015583076,
    0.08069920694877929,
    0.04766134496162943,
    0.3173318256864,
    22.427187425676696,
    0.10711505356574198,
    0.054637884790722416,
    0.03833195321891064,
    0.24686020800600147,
    0.09158107150922998,
    10.978830483407723,
    1.2567770198924986,
    0.2605765718058352,
    0.06357064298502701,
    0.08136251705362736,
    0.0897823467338226,
    1.2882386418222127,
    0.108198510996245,
    0.09963062692844663,
    9.446908229837064,
    0.02875736324117744,
    32.95359664320782,
    0.12436450155666769,
    48.896111465768925,
    0.1624739357302578,
    0.3899626465238485,
    0.33437683205118823,
    0.0879648988170456,
    0.03854011492171776,
    0.08831798808408359,
    1.72921323066333,
    0.05123657854792187,
    0.10141490284925975,
    0.5300337870622621,
    0.5360099829498918,
    0.12005437746162767,
    0.01854518518578061,
    0.20398360584956732,
    0.6081211079394339
  ],
  "metrics": {
    "variant": "dsp_apple_repetition_shared_r1_phase_benefit_penalty_nnls",
    "description": "Apple-style repetition-aware DSP: shared r1 discounts physical repetition for saturation; phase-1 only changes benefit amplitude and penalty uses raw physical exposure.",
    "phase_mode": "benefit_gain",
    "retention_mode": "none",
    "repetition_mode": "apple_shared_r1",
    "penalty_mode": "log_softplus_squared",
    "linear_mode": "nnls",
    "m_dependent_params_per_domain": 4,
    "total_param_count": 159,
    "fitted_gamma": 30.87660833183591,
    "fitted_gamma_benefit": 30.87660833183591,
    "fitted_gamma_saturation": 1.0,
    "fitted_gamma_penalty": 1.0,
    "fitted_lam": NaN,
    "fitted_r1": 0.08733796322765466,
    "fitted_r1_min": NaN,
    "fitted_r1_median": NaN,
    "fitted_r1_max": NaN,
    "train_rmse": 0.005980199619846402,
    "train_spearman": 0.9758055805580557,
    "train_pearson": 0.994217364617387,
    "cv_rmse": 0.04050625927142908,
    "cv_mae": 0.03105750690432382,
    "oof_spearman": 0.5071347134713471,
    "oof_pearson": 0.7249183220926121,
    "cv_foldmean_regret_at_1": 0.020831394195556664,
    "cv_regret_at_1": 0.020707547664642334,
    "lower_tail_optimism": 0.033759554843646726,
    "raw_predicted_optimum_value": -2.959869782407835,
    "raw_nearest_observed_tv": 0.8071087776553653,
    "raw_nearest_observed_run_name": "run_00009",
    "raw_nearest_observed_value": 1.0114610195159912,
    "raw_phase0_support_gt_1e3": 1,
    "raw_phase1_support_gt_1e3": 14,
    "phase0_max_weight": 0.9999999999965541,
    "phase1_max_weight": 0.19909088134731487,
    "optimum_success": true,
    "optimum_message": "CONVERGENCE: RELATIVE REDUCTION OF F <= FACTR*EPSMCH"
  }
}
