{
  "variant": "dsp_apple_repetition_shared_r1_phase_benefit_penalty_nnls",
  "params": {
    "rho": [
      0.0016016080353792872,
      1.9065040792837102,
      0.029617360057778038,
      0.02777457118080669,
      0.5115127893232814,
      0.0004664071058176413,
      0.8016590590477845,
      2.0,
      0.10824957261366566,
      0.6944829516103891,
      0.03637190928655027,
      2.0,
      0.6527996847813186,
      0.02773954315941231,
      0.010912484787639586,
      0.06491504217183929,
      2.0,
      0.014130855807902222,
      0.9986138664820363,
      0.01058656836214844,
      2.0,
      0.0019015230625692738,
      0.9084784163200006,
      0.02221036592149932,
      0.44413368595233726,
      0.01578607209203492,
      0.5213172788414919,
      0.3166337244452114,
      0.22325061401567156,
      0.04452388423258941,
      0.23340674655267907,
      0.022058423816585623,
      0.07074103588310059,
      0.08984899977887213,
      0.10473394083363478,
      0.19098717719282618,
      0.0009832333005219082,
      0.04829265996666321,
      0.1559985039127268
    ],
    "tau": [
      3.3371852303758347,
      5.118904322877017,
      0.10144109001834753,
      3.1708531172631247,
      1.730640779039273,
      -2.0,
      -1.0159272220141544,
      -1.8911717804403194,
      4.17359133702966,
      -0.846110359584757,
      1.48380606151132,
      -1.88056777126033,
      -2.0,
      4.013069377407953,
      -0.7665052570701848,
      0.3533118319685583,
      -0.14055888296839103,
      -0.9189341414513559,
      1.6837190247197906,
      2.686622549379917,
      2.2737384677785766,
      4.836699846569042,
      -0.44387497104921686,
      4.218263544379723,
      2.1566605482178893,
      -1.8994677083057605,
      -0.24962390844880814,
      2.310996366326552,
      2.7483229416227184,
      4.3967511589874,
      0.4419861557513527,
      -1.5691055330543286,
      5.586023891628796,
      6.517441126528147,
      5.240290647306119,
      4.706449385457081,
      0.538814516811365,
      2.02704642945591,
      5.939038326026888
    ],
    "gamma": 51.34908068176091,
    "r1": 100.00000000000004
  },
  "intercept": 0.8139421830373241,
  "benefit_coef": [
    0.057891665875832096,
    0.00030518425981108287,
    0.002957137836686226,
    0.00784743125350762,
    0.0005391196995390744,
    1.3888153238186938,
    0.0002881894835639638,
    9.547106688765266e-05,
    0.0010945715481844134,
    0.0012342681424682281,
    0.004624707831749498,
    0.0007740080175518753,
    0.0006930441272207969,
    0.01037188123194389,
    0.01194315757457871,
    0.004653181234840408,
    0.00022472021099020193,
    0.05288931099507451,
    0.00030562727685022134,
    0.02269217119087149,
    0.00021697782661004054,
    0.05360104196692115,
    0.00012050444611572513,
    0.023944351490342842,
    0.0003600679120518148,
    0.041763584156957086,
    0.0008597180278227502,
    0.00032155507441215076,
    0.004733550366862033,
    0.0,
    0.009318658102630113,
    0.03127980229624419,
    0.01099694561874366,
    0.0,
    0.001142721720617888,
    0.00035373101270542523,
    0.05703645079992656,
    0.030953788550021906,
    0.00023965744775882034
  ],
  "penalty_coef": [
    0.04675892730876969,
    7.679835021317746,
    0.0028601567302686992,
    0.4436491640395865,
    0.014933682086945305,
    0.0038266528595236517,
    0.002610881131599418,
    0.0021663536514114254,
    0.9211632240703258,
    0.007624750145427137,
    0.03572423938557283,
    0.004610319127460105,
    0.003230958919002206,
    3.8385444814919047,
    0.0033526651191647314,
    0.009810955618774887,
    0.003518159720626196,
    0.008182540772745052,
    0.057913638827943995,
    0.15003936246066313,
    0.009710865197508379,
    5.239902130197936,
    0.0015456645511867971,
    11.423000855845428,
    0.023785644128124627,
    0.003071271715914738,
    0.003884317969011511,
    0.013376945785978185,
    0.11355984325524952,
    0.023905815352801903,
    0.06390619059464739,
    0.002912750799438301,
    19.33426835575243,
    0.8206440730105616,
    0.5471875639881773,
    0.21074065580904766,
    0.001940975695514605,
    0.32350776413308574,
    9.447986015064506
  ],
  "metrics": {
    "variant": "dsp_apple_repetition_shared_r1_phase_benefit_penalty_nnls",
    "description": "Apple-style repetition-aware DSP: shared r1 discounts physical repetition for saturation; phase-1 only changes benefit amplitude and penalty uses raw physical exposure.",
    "phase_mode": "benefit_gain",
    "retention_mode": "none",
    "repetition_mode": "apple_shared_r1",
    "penalty_mode": "log_softplus_squared",
    "linear_mode": "nnls",
    "m_dependent_params_per_domain": 4,
    "total_param_count": 159,
    "fitted_gamma": 51.34908068176091,
    "fitted_gamma_benefit": 51.34908068176091,
    "fitted_gamma_saturation": 1.0,
    "fitted_gamma_penalty": 1.0,
    "fitted_lam": NaN,
    "fitted_r1": 100.00000000000004,
    "fitted_r1_min": NaN,
    "fitted_r1_median": NaN,
    "fitted_r1_max": NaN,
    "train_rmse": 0.0057296965888521435,
    "train_spearman": 0.9605171967802423,
    "train_pearson": 0.9511144280367191,
    "cv_rmse": 0.00980721440283466,
    "cv_mae": 0.007117951103504535,
    "oof_spearman": 0.8932719626797333,
    "oof_pearson": 0.8580671830975581,
    "cv_foldmean_regret_at_1": 0.0002805471420287642,
    "cv_regret_at_1": 0.0006219148635864258,
    "lower_tail_optimism": 0.005641293263399452,
    "raw_predicted_optimum_value": 0.6957648284824504,
    "raw_nearest_observed_tv": 0.5,
    "raw_nearest_observed_run_name": "baseline_stratified",
    "raw_nearest_observed_value": 0.9688005447387696,
    "raw_phase0_support_gt_1e3": 1,
    "raw_phase1_support_gt_1e3": 3,
    "phase0_max_weight": 0.9999982623247853,
    "phase1_max_weight": 0.573588884549652,
    "optimum_success": true,
    "optimum_message": "CONVERGENCE: NORM OF PROJECTED GRADIENT <= PGTOL"
  }
}
