{
  "variant": "dsp_effective_exposure_exp_retention_penalty_nnls",
  "params": {
    "rho": [
      0.046519776138653456,
      0.4493340208549083,
      0.3913296886935872,
      0.19568301308183297,
      0.26555690132111254,
      0.3525124551871798,
      0.45937073803119577,
      0.34533461312952607,
      0.40346307742234266,
      0.5010984166630912,
      0.44757754300449254,
      0.5501908196999237,
      0.4002611358042228,
      0.40707974025293076,
      0.35281522302932306,
      0.5128985675656481,
      0.43588257703289696,
      0.337433527918287,
      0.5079297999855391,
      0.9198200030517624,
      0.2530036080104024,
      0.13055919850881326,
      0.11702008302250098,
      0.3912114153315576,
      0.2044914262248324,
      0.5215840964007912,
      0.27692511331653813,
      0.3021755787358276,
      1.416327801593739,
      0.02794126062499597,
      0.4537723859880607,
      0.2763362738285843,
      1.202412167473666,
      0.047774064272609766,
      0.05322297809071503,
      0.027402236821726232,
      0.11611592955087906,
      1.3124418257892858,
      0.3218363634815302
    ],
    "tau": [
      3.128431352349837,
      0.2613240078537974,
      1.595760980937253,
      2.0420811492032773,
      1.7416485908521577,
      -1.1016107323061446,
      0.44583709413707223,
      0.5815004641014356,
      0.9128971214365273,
      -0.4090872543658101,
      -0.39706949114478135,
      0.2935364483772261,
      -0.04062758589342604,
      0.920551949409483,
      0.10752064557808816,
      0.9384881829271543,
      0.367299602717922,
      -1.2073665807098994,
      1.319787497509731,
      0.6628297125431114,
      1.9241150232550306,
      2.334544392763025,
      2.2100609491932275,
      1.140701541037875,
      0.9246298782114852,
      0.951226913357688,
      1.4920602280895456,
      1.4393919193596125,
      1.1923183069005414,
      2.383177328956257,
      0.09724574457171911,
      0.5689121660253467,
      0.8141019843682722,
      0.7583029978494731,
      0.8798019092798892,
      5.542756760385773,
      3.8079541201910323,
      -0.10313030351303976,
      1.9633342467612058
    ],
    "gamma": 5.26030226419647,
    "lam": 0.08344167179180104
  },
  "intercept": 0.8751481361899169,
  "benefit_coef": [
    0.015529017251686872,
    0.004024902174616299,
    0.0,
    0.0007929050950727352,
    0.006926714813658675,
    0.001129433219543347,
    0.0,
    0.005371811440054853,
    0.0,
    0.0,
    0.004071795161378955,
    0.015338876211992605,
    0.0,
    0.0,
    0.0,
    0.0,
    0.0029956890207630937,
    0.0,
    0.0,
    0.004662154740504295,
    0.0028351531638782413,
    0.009088154300526638,
    0.004109368034681267,
    0.0,
    0.0,
    0.0,
    0.008598086467558693,
    0.0005513187855563738,
    0.03609000661609409,
    0.00282836016689533,
    0.03695907299115242,
    0.0,
    0.02700827579892962,
    0.02518921397349819,
    0.14850515574298795,
    0.0,
    0.0006300036881907113,
    0.018129982641735543,
    0.0011452159310977904
  ],
  "penalty_coef": [
    0.03446475667998882,
    0.0058551171998645745,
    0.009434293344547186,
    0.043951725523371336,
    0.014931023444287502,
    0.003725659343522805,
    0.006527186534367425,
    0.009029959086362185,
    0.005881981784674443,
    0.008396411170480431,
    0.005166499130783574,
    0.029717201635742967,
    0.006621885528925688,
    0.015041594733520479,
    0.0038809271996652637,
    0.017530919899881443,
    0.006428240014261959,
    0.0045656674183129405,
    0.028251116011212298,
    0.008938093407733569,
    0.009702445023353615,
    0.04177906029921348,
    0.018393356650633217,
    0.013535381488915314,
    0.0052294414211334255,
    0.0075968290944823606,
    0.016927374070301766,
    0.00538761764403965,
    0.0,
    0.0037942435755568106,
    0.05676351407665183,
    0.0038536301673135934,
    0.0,
    0.0031677484904043354,
    0.017001035552841656,
    1.0153824863377874,
    0.04303066286362506,
    0.01949719439913318,
    0.011787409862308458
  ],
  "metrics": {
    "variant": "dsp_effective_exposure_exp_retention_penalty_nnls",
    "description": "Original GRP-style interpolation: retained phase-0 exposure plus phase-1 multiplier.",
    "phase_mode": "effective_exposure",
    "retention_mode": "exp_phase0",
    "penalty_mode": "log_softplus_squared",
    "linear_mode": "nnls",
    "m_dependent_params_per_domain": 4,
    "total_param_count": 159,
    "fitted_gamma": 5.26030226419647,
    "fitted_gamma_benefit": 0.0,
    "fitted_gamma_saturation": 5.26030226419647,
    "fitted_gamma_penalty": 5.26030226419647,
    "fitted_lam": 0.08344167179180104,
    "train_rmse": 0.005590584754677288,
    "train_spearman": 0.9454903619369859,
    "train_pearson": 0.9570309149206087,
    "cv_rmse": 0.0076939448103379,
    "cv_mae": 0.006222638950749238,
    "oof_spearman": 0.8921271900022057,
    "oof_pearson": 0.9175319543367317,
    "cv_foldmean_regret_at_1": 0.002564620971679732,
    "cv_regret_at_1": 0.0,
    "lower_tail_optimism": 0.003473276213690202,
    "raw_predicted_optimum_value": 0.8942750480078552,
    "raw_nearest_observed_tv": 0.7611254823773332,
    "raw_nearest_observed_run_name": "run_00200",
    "raw_nearest_observed_value": 1.0687605142593384,
    "raw_phase0_support_gt_1e3": 10,
    "raw_phase1_support_gt_1e3": 4,
    "phase0_max_weight": 0.515365947710548,
    "phase1_max_weight": 0.9528096030872518,
    "optimum_success": true,
    "optimum_message": "CONVERGENCE: NORM OF PROJECTED GRADIENT <= PGTOL"
  }
}
