{
  "variants": [
    "power_family_penalty",
    "power_family_penalty_global_ftotal",
    "power_family_penalty_global_ftotal_pairces",
    "power_boxcox_family_penalty",
    "power_boxcox_family_penalty_global_ftotal",
    "power_boxcox_family_penalty_global_ftotal_pairces"
  ],
  "best_rows": [
    {
      "variant": "power_family_penalty_global_ftotal_pairces",
      "stage": "refine",
      "chosen_rank": 0,
      "start_id": 0,
      "success": true,
      "message": "Optimization terminated successfully.",
      "eta": 5.049151286292939,
      "lam": 0.009302144649822276,
      "reg": 0.007973626509344895,
      "beta": 0.2973791958853945,
      "a_broad_text": 0.38850726319776474,
      "a_tech_code": 0.02,
      "a_reasoning": 0.1289589000803356,
      "tau_broad_text": 2.8169808139340047,
      "tau_tech_code": 5.393093021388599,
      "tau_reasoning": 5.34045713497618,
      "cv_rmse": 0.009241240527415902,
      "cv_regret_at_1": 0.0,
      "cv_foldmean_regret_at_1": 0.0,
      "lower_tail_optimism": 0.0013465234115646462,
      "cv_depopt_best8": 0.04060547284738725,
      "cv_rawopt_nearest_tv": 0.5207328687986771,
      "objective": 0.019182378205923722,
      "train_rmse": 0.008103462908599333,
      "raw_predicted_optimum_value": 1.027202802759131,
      "raw_nearest_observed_tv": 0.5036800997061863,
      "raw_nearest_observed_run_name": "run_00125",
      "raw_nearest_observed_value": 1.0571987628936768,
      "raw_phase0_lt_1e4": 8,
      "raw_phase1_lt_1e4": 8,
      "anchor_mae": 0.008204559583543602,
      "anchor_rmse": 0.00861374705496949,
      "anchor_rank_correct": false,
      "pred_validated_global": 1.0382287666194052,
      "pred_validated_pair": 1.0371121142135076,
      "signal_feature_count": 29,
      "penalty_feature_count": 7,
      "linear_coefficient_count": 36,
      "intercept_count": 1,
      "linear_head_param_count": 37,
      "nonlinear_param_count": 12,
      "total_param_count": 49,
      "tau": 6.735562085494085,
      "pair_rho": 0.6864247749354148,
      "alpha": NaN
    },
    {
      "variant": "power_family_penalty_global_ftotal",
      "stage": "refine",
      "chosen_rank": 0,
      "start_id": 0,
      "success": true,
      "message": "Optimization terminated successfully.",
      "eta": 5.629446984450632,
      "lam": 0.057605787337894884,
      "reg": 0.01343874663593153,
      "beta": 0.24696697387569258,
      "a_broad_text": 0.2126030954817864,
      "a_tech_code": 0.02,
      "a_reasoning": 0.24271473882251926,
      "tau_broad_text": 2.5728293555137025,
      "tau_tech_code": 5.212930161678942,
      "tau_reasoning": 5.327439986488898,
      "cv_rmse": 0.009389194854175248,
      "cv_regret_at_1": 0.0,
      "cv_foldmean_regret_at_1": 0.0028093338012695757,
      "lower_tail_optimism": 0.0010365105045593952,
      "cv_depopt_best8": 0.03612889658561991,
      "cv_rawopt_nearest_tv": 0.5715605012929373,
      "objective": 0.019376411468009787,
      "train_rmse": 0.008213470784138139,
      "raw_predicted_optimum_value": 1.0309320599826377,
      "raw_nearest_observed_tv": 0.5626888193162592,
      "raw_nearest_observed_run_name": "run_00178",
      "raw_nearest_observed_value": 1.0749270915985107,
      "raw_phase0_lt_1e4": 19,
      "raw_phase1_lt_1e4": 17,
      "anchor_mae": 0.005801780561858538,
      "anchor_rmse": 0.005981840909937317,
      "anchor_rank_correct": true,
      "pred_validated_global": 1.0394648467013217,
      "pred_validated_pair": 1.0406815921749613,
      "signal_feature_count": 29,
      "penalty_feature_count": 7,
      "linear_coefficient_count": 36,
      "intercept_count": 1,
      "linear_head_param_count": 37,
      "nonlinear_param_count": 11,
      "total_param_count": 48,
      "tau": 8.0,
      "pair_rho": NaN,
      "alpha": NaN
    },
    {
      "variant": "power_boxcox_family_penalty_global_ftotal_pairces",
      "stage": "refine",
      "chosen_rank": 0,
      "start_id": 7,
      "success": true,
      "message": "Optimization terminated successfully.",
      "eta": 5.235788728609759,
      "lam": 5.827226523450401e-05,
      "reg": 0.005072142977458096,
      "beta": 0.32243638272617287,
      "a_broad_text": 0.4122629912116277,
      "a_tech_code": 0.02,
      "a_reasoning": 0.26689680690043016,
      "tau_broad_text": 2.8687744374343733,
      "tau_tech_code": 5.143806578494819,
      "tau_reasoning": 5.159698238371072,
      "cv_rmse": 0.008971443397865606,
      "cv_regret_at_1": 0.0,
      "cv_foldmean_regret_at_1": 0.0,
      "lower_tail_optimism": 0.0018723459409815484,
      "cv_depopt_best8": 0.04839206388369592,
      "cv_rawopt_nearest_tv": 0.5420312981989119,
      "objective": 0.020167135738715092,
      "train_rmse": 0.007856264449451639,
      "raw_predicted_optimum_value": 1.019644327097735,
      "raw_nearest_observed_tv": 0.5490867182157084,
      "raw_nearest_observed_run_name": "run_00125",
      "raw_nearest_observed_value": 1.0571987628936768,
      "raw_phase0_lt_1e4": 11,
      "raw_phase1_lt_1e4": 11,
      "anchor_mae": 0.015454000521272548,
      "anchor_rmse": 0.015607612546466344,
      "anchor_rank_correct": false,
      "pred_validated_global": 1.030540361465469,
      "pred_validated_pair": 1.030301637491986,
      "signal_feature_count": 29,
      "penalty_feature_count": 7,
      "linear_coefficient_count": 36,
      "intercept_count": 1,
      "linear_head_param_count": 37,
      "nonlinear_param_count": 13,
      "total_param_count": 50,
      "tau": 8.0,
      "pair_rho": 0.6679425421582365,
      "alpha": 1603.4234934100239
    },
    {
      "variant": "power_boxcox_family_penalty",
      "stage": "refine",
      "chosen_rank": 0,
      "start_id": 2,
      "success": true,
      "message": "Optimization terminated successfully.",
      "eta": 5.970663378272638,
      "lam": 1.1805484189379591e-05,
      "reg": 0.008487569043183627,
      "beta": 0.28868489951432713,
      "a_broad_text": 0.2532338334548216,
      "a_tech_code": 0.02,
      "a_reasoning": 0.23791296133771586,
      "tau_broad_text": 2.414249596965036,
      "tau_tech_code": 5.62069332819873,
      "tau_reasoning": 5.4884704870858885,
      "cv_rmse": 0.009167197851597276,
      "cv_regret_at_1": 0.0,
      "cv_foldmean_regret_at_1": 0.0028093338012695757,
      "lower_tail_optimism": 0.0012468529542485431,
      "cv_depopt_best8": 0.04180735042621921,
      "cv_rawopt_nearest_tv": 0.6118932735417746,
      "objective": 0.020230758796824694,
      "train_rmse": 0.007963704262844368,
      "raw_predicted_optimum_value": 1.0262058970834178,
      "raw_nearest_observed_tv": 0.5993384976067879,
      "raw_nearest_observed_run_name": "run_00152",
      "raw_nearest_observed_value": 1.0874489545822144,
      "raw_phase0_lt_1e4": 15,
      "raw_phase1_lt_1e4": 15,
      "anchor_mae": 0.011836694472808329,
      "anchor_rmse": 0.011911924517243993,
      "anchor_rank_correct": true,
      "pred_validated_global": 1.0333099467138633,
      "pred_validated_pair": 1.03476666434052,
      "signal_feature_count": 29,
      "penalty_feature_count": 3,
      "linear_coefficient_count": 32,
      "intercept_count": 1,
      "linear_head_param_count": 33,
      "nonlinear_param_count": 11,
      "total_param_count": 44,
      "tau": NaN,
      "pair_rho": NaN,
      "alpha": 2980.9579870417283
    },
    {
      "variant": "power_family_penalty",
      "stage": "refine",
      "chosen_rank": 0,
      "start_id": 3,
      "success": true,
      "message": "Optimization terminated successfully.",
      "eta": 6.627794351309641,
      "lam": 6.14421235332821e-06,
      "reg": 0.21636759823649684,
      "beta": 0.2629059619755788,
      "a_broad_text": 0.6462737477673589,
      "a_tech_code": 0.1657586322714625,
      "a_reasoning": 0.2076641777781618,
      "tau_broad_text": 3.193090495213877,
      "tau_tech_code": 6.2042610686315145,
      "tau_reasoning": 5.136810831800622,
      "cv_rmse": 0.009522115044355527,
      "cv_regret_at_1": 0.0,