{
  "phase_tv": {
    "phase0": 0.536993871107151,
    "phase1": 0.5972349974010105
  },
  "plot_png": "/Users/calvinxu/Projects/Work/Marin/marin/experiments/domain_phase_mix/exploratory/two_phase_many/grp_power_family_penalty_no_l2_60m_vs_300m_fit_weights.png",
  "rows": [
    {
      "cv_depopt_best8": 0.05627328049308757,
      "cv_foldmean_regret_at_1": 0.0020820379257202593,
      "cv_rawopt_nearest_tv": 0.5528221602935263,
      "cv_regret_at_1": NaN,
      "cv_rmse": 0.00872034786579222,
      "fit_row_count": 242,
      "fit_run_set": "fit_swarm_60m_default",
      "fit_scale": "60m_1p2b",
      "label": "60M-fit no-$L_2$ GRP",
      "lower_tail_optimism": 0.002776860539141558,
      "nearest_observed_run_name": "baseline_unimax",
      "nearest_observed_tv": 0.5440299596571186,
      "nearest_observed_value": 1.0834295749664309,
      "oof_spearman": 0.8697981957129449,
      "optimizer_message": "CONVERGENCE: NORM OF PROJECTED GRADIENT <= PGTOL",
      "optimizer_success": true,
      "param_a_broad_text": 0.48485414608456984,
      "param_a_reasoning": 1.0344800333570379,
      "param_a_tech_code": 0.04843166940506106,
      "param_beta": 0.1967681464478872,
      "param_eta": 5.222440513840459,
      "param_lam": 7.04928339546768e-06,
      "param_reg": 0.0,
      "param_tau_broad_text": 3.0915710553505598,
      "param_tau_reasoning": 4.860956465592155,
      "param_tau_tech_code": 8.0,
      "phase0_broad_text": 0.64376455307393,
      "phase0_max_weight": 0.15465203070194183,
      "phase0_reasoning": 0.014629957886900117,
      "phase0_tech_code": 0.34160548903916976,
      "phase1_broad_text": 0.5927707117281369,
      "phase1_max_weight": 0.19775965054665606,
      "phase1_reasoning": 0.004462409330079057,
      "phase1_tech_code": 0.40276687894178426,
      "predicted_optimum_value": 1.013866135880064,
      "total_param_count": 42,
      "train_rmse": 0.007597543767170279,
      "train_spearman": 0.9105341524554401
    },
    {
      "cv_depopt_best8": 0.0893111997305516,
      "cv_foldmean_regret_at_1": 0.00778886079788208,
      "cv_rawopt_nearest_tv": 0.5395053372657312,
      "cv_regret_at_1": 0.0006219148635864258,
      "cv_rmse": 0.011140622539220501,
      "fit_row_count": 242,
      "fit_run_set": "swarm_like_300m",
      "fit_scale": "300m_6b",
      "label": "300M-fit no-$L_2$ GRP",
      "lower_tail_optimism": 0.00501884660158474,
      "nearest_observed_run_name": "baseline_stratified",
      "nearest_observed_tv": 0.5000000000000001,
      "nearest_observed_value": 0.9688005447387696,
      "oof_spearman": 0.8040415047833632,
      "optimizer_message": "Optimization terminated successfully.",
      "optimizer_success": true,
      "param_a_broad_text": 1.5230901393571161,
      "param_a_reasoning": 1.1059058897511003,
      "param_a_tech_code": 0.31763067754296825,
      "param_beta": 1e-06,
      "param_eta": 2980.9579870417283,
      "param_lam": 54.598150033144236,
      "param_reg": 0.0,
      "param_tau_broad_text": 4.962785007027423,
      "param_tau_reasoning": 4.888977926796068,
      "param_tau_tech_code": 1.2986808264432412,
      "phase0_broad_text": 0.7948717914955296,
      "phase0_max_weight": 0.02564102977967536,
      "phase0_reasoning": 0.051282051064227695,
      "phase0_tech_code": 0.15384615744024344,
      "phase1_broad_text": 5.613329768256701e-06,
      "phase1_max_weight": 0.39390632190781094,
      "phase1_reasoning": 1.468587346119057e-07,
      "phase1_tech_code": 0.9999942398114973,
      "predicted_optimum_value": 0.8735908239314258,
      "total_param_count": 42,
      "train_rmse": 0.010102359355046619,
      "train_spearman": 0.8291147359423483
    }
  ],
  "weights_csv": "/Users/calvinxu/Projects/Work/Marin/marin/experiments/domain_phase_mix/exploratory/two_phase_many/grp_power_family_penalty_no_l2_60m_vs_300m_fit_weights.csv"
}
