{
  "best_rows": [
    {
      "variant": "power_boxcox_family",
      "stage": "refine",
      "chosen_rank": 1,
      "start_id": 46,
      "success": true,
      "message": "Optimization terminated successfully.",
      "eta": 6.017069418431188,
      "lam": 6.14421235332821e-06,
      "tau": 2.3488493456007715,
      "reg": 0.0036515020612254007,
      "beta": 0.32962028420165934,
      "alpha": 2980.9579870417283,
      "cv_rmse": 0.008536703074484973,
      "cv_regret_at_1": 0.0,
      "cv_foldmean_regret_at_1": 0.0,
      "lower_tail_optimism": 0.0022974373483859263,
      "objective": 0.009685421748677937,
      "train_rmse": 0.007584520356062446,
      "train_r2": 0.845226870403723,
      "train_spearman": 0.9097407707994909,
      "cv_r2": 0.8039261512526639,
      "cv_spearman": 0.8821951016091593,
      "anchor_mae": 0.026597369096294288,
      "anchor_rmse": 0.026927774170210025,
      "anchor_rank_correct": false,
      "pred_validated_global": 1.02141798212772,
      "pred_validated_pair": 1.0171372796796914,
      "raw_predicted_optimum_value": 0.9990440175201208,
      "raw_phase0_lt_1e4": 21,
      "raw_phase1_lt_1e4": 18,
      "a": NaN,
      "a_broad_text": 0.6798113306906852,
      "a_tech_code": 0.02,
      "a_reasoning": 0.49545160374432234
    },
    {
      "variant": "boxcox_family",
      "stage": "refine",
      "chosen_rank": 0,
      "start_id": 50,
      "success": true,
      "message": "Optimization terminated successfully.",
      "eta": 5.730000095523578,
      "lam": 6.14421235332821e-06,
      "tau": 1.6423732190470317,
      "reg": 1.0,
      "beta": 0.3780326188529827,
      "alpha": 0.8091616738118294,
      "cv_rmse": 0.008548959811133674,
      "cv_regret_at_1": 0.0,
      "cv_foldmean_regret_at_1": 0.0,
      "lower_tail_optimism": 0.0022740655436155333,
      "objective": 0.00968599258294144,
      "train_rmse": 0.007712140988416536,
      "train_r2": 0.8399744816123428,
      "train_spearman": 0.9095892069612679,
      "cv_r2": 0.8033627134135848,
      "cv_spearman": 0.8867665717910909,
      "anchor_mae": 0.025488504328969652,
      "anchor_rmse": 0.025695811234134752,
      "anchor_rank_correct": false,
      "pred_validated_global": 1.0215789274895617,
      "pred_validated_pair": 1.019194063852499,
      "raw_predicted_optimum_value": 1.003562791167561,
      "raw_phase0_lt_1e4": 19,
      "raw_phase1_lt_1e4": 19,
      "a": NaN,
      "a_broad_text": 0.3194817851640136,
      "a_tech_code": -0.41070358204028845,
      "a_reasoning": -0.05913546345091395
    },
    {
      "variant": "power_family",
      "stage": "refine",
      "chosen_rank": 2,
      "start_id": 21,
      "success": true,
      "message": "Optimization terminated successfully.",
      "eta": 5.65565253383774,
      "lam": 6.14421235332821e-06,
      "tau": 3.0779757785599164,
      "reg": 1.0,
      "beta": 0.24348264996373334,
      "alpha": NaN,
      "cv_rmse": 0.008639707483537675,
      "cv_regret_at_1": 0.0,
      "cv_foldmean_regret_at_1": 0.0,
      "lower_tail_optimism": 0.0014724556725396248,
      "objective": 0.009375935319807488,
      "train_rmse": 0.0076210623585737675,
      "train_r2": 0.8437318926402806,
      "train_spearman": 0.9193358625019635,
      "cv_r2": 0.7991659255067269,
      "cv_spearman": 0.8927698545452853,
      "anchor_mae": 0.020696722507430043,
      "anchor_rmse": 0.02116371226562519,
      "anchor_rank_correct": false,
      "pred_validated_global": 1.0275346341070732,
      "pred_validated_pair": 1.0228219208780667,
      "raw_predicted_optimum_value": 1.0034291822379393,
      "raw_phase0_lt_1e4": 19,
      "raw_phase1_lt_1e4": 19,
      "a": NaN,
      "a_broad_text": 0.6989001911065287,
      "a_tech_code": 0.20100427123878692,
      "a_reasoning": 0.16843105358589883
    },
    {
      "variant": "boxcox",
      "stage": "refine",
      "chosen_rank": 1,
      "start_id": 92,
      "success": true,
      "message": "Optimization terminated successfully.",
      "eta": 5.581160832198509,
      "lam": 0.047104259296652615,
      "tau": 0.9697072229857173,
      "reg": 1.0,
      "beta": 0.5087171956036372,
      "alpha": 2.993804207336834,
      "cv_rmse": 0.008870826806607984,
      "cv_regret_at_1": 0.0,
      "cv_foldmean_regret_at_1": 0.0028093338012695757,
      "lower_tail_optimism": 0.0023435447931332565,
      "objective": 0.010183065893238091,
      "train_rmse": 0.007932574444901917,
      "train_r2": 0.8306958378626718,
      "train_spearman": 0.9033293664250537,
      "cv_r2": 0.7882772519874789,
      "cv_spearman": 0.8780723958644241,
      "anchor_mae": 0.02877644886390429,
      "anchor_rmse": 0.029271499057052154,
      "anchor_rank_correct": false,
      "pred_validated_global": 1.0203942085426183,
      "pred_validated_pair": 1.013802893729573,
      "raw_predicted_optimum_value": 1.00717076460777,
      "raw_phase0_lt_1e4": 16,
      "raw_phase1_lt_1e4": 16,
      "a": -0.04192541958713611,
      "a_broad_text": NaN,
      "a_tech_code": NaN,
      "a_reasoning": NaN
    },
    {
      "variant": "log",
      "stage": "refine",
      "chosen_rank": 0,
      "start_id": 0,
      "success": true,
      "message": "Optimization terminated successfully.",
      "eta": 5.740779777528952,
      "lam": 6.14421235332821e-06,
      "tau": 1.0611522168781278,
      "reg": 1.0,
      "beta": 0.5918928869626863,
      "alpha": 4.130965496927685,
      "cv_rmse": 0.008892980935142961,
      "cv_regret_at_1": 0.0,
      "cv_foldmean_regret_at_1": 0.0028093338012695757,
      "lower_tail_optimism": 0.0023248195115326696,
      "objective": 0.010195857380972775,
      "train_rmse": 0.007934735228703362,
      "train_r2": 0.8306035905050282,
      "train_spearman": 0.9042903997009366,
      "cv_r2": 0.7872184126757933,
      "cv_spearman": 0.8793670389294683,
      "anchor_mae": 0.027507515090725687,
      "anchor_rmse": 0.028145030748989098,
      "anchor_rank_correct": false,
      "pred_validated_global": 1.0222589410196674,
      "pred_validated_pair": 1.0144760287988812,
      "raw_predicted_optimum_value": 1.008403037046003,
      "raw_phase0_lt_1e4": 19,
      "raw_phase1_lt_1e4": 22,
      "a": NaN,
      "a_broad_text": NaN,
      "a_tech_code": NaN,
      "a_reasoning": NaN
    },
    {
      "variant": "power",
      "stage": "refine",
      "chosen_rank": 2,
      "start_id": 10,
      "success": true,
      "message": "Optimization terminated successfully.",
      "eta": 5.786482098240183,
      "lam": 0.10976428302389951,
      "tau": 1.749200244118232,
      "reg": 1.0,
      "beta": 0.3738433120821614,
      "alpha": NaN,
      "cv_rmse": 0.009055848747498194,
      "cv_regret_at_1": 0.0,
      "cv_foldmean_regret_at_1": 0.0028093338012695757,
      "lower_tail_optimism": 0.0017851235435796524,
      "objective": 0.0100888772093515,
      "train_rmse": 0.00808213648511043,
      "train_r2": 0.8242514776662504,
      "train_spearman": 0.9057755559704511,
      "cv_r2": 0.7793531954572384,
      "cv_spearman": 0.8793103083308038,
      "anchor_mae": 0.03046817395588819,
      "anchor_rmse": 0.031001887607756046,
      "anchor_rank_correct": false,
      "pred_validated_global": 1.0190696014445333,
      "pred_validated_pair": 1.0117440506436903,
      "raw_predicted_optimum_value": 1.0015072246371572,
      "raw_phase0_lt_1e4": 16,
      "raw_phase1_lt_1e4": 17,
      "a": 0.2632810692822327,
      "a_broad_text": NaN,
      "a_tech_code": NaN,
      "a_reasoning": NaN
    }
  ],
  "deployment_rows": [
    {
      "variant": "boxcox",
      "predicted_optimum_value": 1.039838463516402,
      "raw_predicted_optimum_value": 1.0071659747157815,
      "hull_predicted_optimum_value": 1.0513144585772776,
      "gain_budget": 0.01168016060787756,
      "delta": 0.15000000000000002,
      "phase0_lt_1e4": 0,
      "phase1_lt_1e4": 0,
      "phase0_max_weight": 0.08466641384725226,
      "phase1_max_weight": 0.0818387716590403,
      "nearest_observed_run_name": "run_00125",