{
  "best_observed_actual": -1.3867148701503338,
  "best_observed_phase_weights": {
    "phase_0": {
      "dolma3_arxiv": 0.0181350085513107,
      "dolma3_cc/art_and_design_high": 0.0,
      "dolma3_cc/art_and_design_low": 0.0713439193326365,
      "dolma3_cc/crime_and_law_high": 0.0022679359602043,
      "dolma3_cc/crime_and_law_low": 0.0259064602494307,
      "dolma3_cc/education_and_jobs_high": 0.0226677956124777,
      "dolma3_cc/education_and_jobs_low": 0.0,
      "dolma3_cc/electronics_and_hardware_high": 0.127970172288731,
      "dolma3_cc/electronics_and_hardware_low": 0.1074743482009044,
      "dolma3_cc/entertainment_high": 0.0080789409639441,
      "dolma3_cc/entertainment_low": 0.0097043127841736,
      "dolma3_cc/finance_and_business_high": 0.0014935515435783,
      "dolma3_cc/finance_and_business_low": 0.0044570712332888,
      "dolma3_cc/food_and_dining_high": 0.0118338280055688,
      "dolma3_cc/food_and_dining_low": 0.0025198161191495,
      "dolma3_cc/games_high": 0.0130595445558137,
      "dolma3_cc/games_low": 0.0171160316749529,
      "dolma3_cc/health_high": 0.0546067641165695,
      "dolma3_cc/health_low": 0.0066474427506966,
      "dolma3_cc/history_and_geography_high": 0.0019152240713251,
      "dolma3_cc/history_and_geography_low": 0.0186574853172829,
      "dolma3_cc/industrial_high": 0.0056627865346732,
      "dolma3_cc/industrial_low": 0.0066247392959938,
      "dolma3_cc/literature_high": 0.0199411335431708,
      "dolma3_cc/literature_low": 0.0395223303450589,
      "dolma3_cc/science_math_and_technology_high": 0.012649602937513,
      "dolma3_cc/science_math_and_technology_low": 0.0010686592580843,
      "dolma3_finemath_3plus": 0.0978651616286743,
      "dolma3_stack_edu": 0.0144390601192833,
      "dolma3_wikipedia": 0.0193437585049435,
      "dolmino_common_crawl_hq": 0.012367903258437,
      "dolmino_olmocr_pdfs_hq": 0.0024999123835478,
      "dolmino_stack_edu_fim": 0.008973798469147,
      "dolmino_stem_heavy_crawl": 0.0385809344685133,
      "dolmino_synth_code": 0.1446418519846483,
      "dolmino_synth_instruction": 0.0,
      "dolmino_synth_math": 0.0098338802518531,
      "dolmino_synth_qa": 0.0164783644293452,
      "dolmino_synth_thinking": 0.023650469255072
    },
    "phase_1": {
      "dolma3_arxiv": 0.0168890470713543,
      "dolma3_cc/art_and_design_high": 0.0383322664955041,
      "dolma3_cc/art_and_design_low": 0.0038917339793184,
      "dolma3_cc/crime_and_law_high": 0.001810050355734,
      "dolma3_cc/crime_and_law_low": 0.0183763099522331,
      "dolma3_cc/education_and_jobs_high": 0.0643412977886522,
      "dolma3_cc/education_and_jobs_low": 0.0244873643784211,
      "dolma3_cc/electronics_and_hardware_high": 0.0402965277952536,
      "dolma3_cc/electronics_and_hardware_low": 0.0372665975234045,
      "dolma3_cc/entertainment_high": 0.0088360842652588,
      "dolma3_cc/entertainment_low": 0.0470736441220235,
      "dolma3_cc/finance_and_business_high": 0.0069642708284546,
      "dolma3_cc/finance_and_business_low": 0.0003973770093352,
      "dolma3_cc/food_and_dining_high": 0.0185100918769476,
      "dolma3_cc/food_and_dining_low": 0.0058608516647176,
      "dolma3_cc/games_high": 0.0111558560630467,
      "dolma3_cc/games_low": 0.0377722051743792,
      "dolma3_cc/health_high": 0.055312600916451,
      "dolma3_cc/health_low": 0.0109089970573563,
      "dolma3_cc/history_and_geography_high": 0.014564682906651,
      "dolma3_cc/history_and_geography_low": 0.0020402447070696,
      "dolma3_cc/industrial_high": 0.0132768566645997,
      "dolma3_cc/industrial_low": 0.0080598072217969,
      "dolma3_cc/literature_high": 0.0018570775173582,
      "dolma3_cc/literature_low": 0.0180999527175531,
      "dolma3_cc/science_math_and_technology_high": 0.0085589944975602,
      "dolma3_cc/science_math_and_technology_low": 0.0231648028936983,
      "dolma3_finemath_3plus": 0.0538785465616332,
      "dolma3_stack_edu": 0.012831752733171,
      "dolma3_wikipedia": 0.0045529867358193,
      "dolmino_common_crawl_hq": 0.01922174247224,
      "dolmino_olmocr_pdfs_hq": 0.0663134686449643,
      "dolmino_stack_edu_fim": 0.0141065368686389,
      "dolmino_stem_heavy_crawl": 0.0590709593454512,
      "dolmino_synth_code": 0.0038908557736333,
      "dolmino_synth_instruction": 0.0102445109550566,
      "dolmino_synth_math": 0.0587967709251199,
      "dolmino_synth_qa": 0.1266424822131396,
      "dolmino_synth_thinking": 0.0323437933269986
    }
  },
  "best_observed_predicted": -1.3870372523437435,
  "best_observed_run_name": "run_00028",
  "domain_names": [
    "dolma3_arxiv",
    "dolma3_cc/art_and_design_high",
    "dolma3_cc/art_and_design_low",
    "dolma3_cc/crime_and_law_high",
    "dolma3_cc/crime_and_law_low",
    "dolma3_cc/education_and_jobs_high",
    "dolma3_cc/education_and_jobs_low",
    "dolma3_cc/electronics_and_hardware_high",
    "dolma3_cc/electronics_and_hardware_low",
    "dolma3_cc/entertainment_high",
    "dolma3_cc/entertainment_low",
    "dolma3_cc/finance_and_business_high",
    "dolma3_cc/finance_and_business_low",
    "dolma3_cc/food_and_dining_high",
    "dolma3_cc/food_and_dining_low",
    "dolma3_cc/games_high",
    "dolma3_cc/games_low",
    "dolma3_cc/health_high",
    "dolma3_cc/health_low",
    "dolma3_cc/history_and_geography_high",
    "dolma3_cc/history_and_geography_low",
    "dolma3_cc/industrial_high",
    "dolma3_cc/industrial_low",
    "dolma3_cc/literature_high",
    "dolma3_cc/literature_low",
    "dolma3_cc/science_math_and_technology_high",
    "dolma3_cc/science_math_and_technology_low",
    "dolma3_finemath_3plus",
    "dolma3_stack_edu",
    "dolma3_wikipedia",
    "dolmino_common_crawl_hq",
    "dolmino_olmocr_pdfs_hq",
    "dolmino_stack_edu_fim",
    "dolmino_stem_heavy_crawl",
    "dolmino_synth_code",
    "dolmino_synth_instruction",
    "dolmino_synth_math",
    "dolmino_synth_qa",
    "dolmino_synth_thinking"
  ],
  "epoch_mode": "unit",
  "model": "Ordinal-Ladder Quality TSJL (shared)",
  "nearest_observed_actual": -1.3923714953596698,
  "nearest_observed_mean_phase_tv": 0.9008694627395017,
  "nearest_observed_predicted": -1.3943416034874936,
  "nearest_observed_run_name": "run_00195",
  "objective_metric": "choice_logprob_norm_mean",
  "phase_names": [
    "phase_0",
    "phase_1"
  ],
  "predicted_gap_vs_best_observed_actual": 3.286780692219067,
  "predicted_gap_vs_best_observed_predicted": 3.2871030744124767,
  "predicted_optimum_phase_weights": {
    "phase_0": {
      "dolma3_arxiv": 1.9287432010800728e-22,
      "dolma3_cc/art_and_design_high": 0.999996553786458,
      "dolma3_cc/art_and_design_low": 1.9287432010800728e-22,
      "dolma3_cc/crime_and_law_high": 1.9287432010800728e-22,
      "dolma3_cc/crime_and_law_low": 1.9287432010800728e-22,
      "dolma3_cc/education_and_jobs_high": 1.9287432010800728e-22,
      "dolma3_cc/education_and_jobs_low": 1.9287432010800728e-22,
      "dolma3_cc/electronics_and_hardware_high": 1.9287432010800728e-22,
      "dolma3_cc/electronics_and_hardware_low": 1.9287432010800728e-22,
      "dolma3_cc/entertainment_high": 1.9287432010800728e-22,
      "dolma3_cc/entertainment_low": 1.9287432010800728e-22,
      "dolma3_cc/finance_and_business_high": 1.9287432010800728e-22,
      "dolma3_cc/finance_and_business_low": 1.9287432010800728e-22,
      "dolma3_cc/food_and_dining_high": 1.9287432010800728e-22,
      "dolma3_cc/food_and_dining_low": 1.9287432010800728e-22,
      "dolma3_cc/games_high": 1.9287432010800728e-22,
      "dolma3_cc/games_low": 1.9287432010800728e-22,
      "dolma3_cc/health_high": 1.9287432010800728e-22,
      "dolma3_cc/health_low": 1.9287432010800728e-22,
      "dolma3_cc/history_and_geography_high": 1.9287432010800728e-22,
      "dolma3_cc/history_and_geography_low": 1.9287432010800728e-22,
      "dolma3_cc/industrial_high": 1.9287432010800728e-22,
      "dolma3_cc/industrial_low": 1.9287432010800728e-22,
      "dolma3_cc/literature_high": 1.9287432010800728e-22,