{
  "objective_metric": "eval/uncheatable_eval/bpb",
  "curve_points_csv": "/Users/calvinxu/Projects/Work/Marin/marin/experiments/domain_phase_mix/exploratory/two_phase_many/two_phase_many_grp_observed_hull_curve_points.csv",
  "plot": "/Users/calvinxu/Projects/Work/Marin/marin/experiments/domain_phase_mix/exploratory/two_phase_many/two_phase_many_grp_observed_hull_convergence_tracks.png",
  "best_observed_bpb": 1.0571987628936768,
  "hull_start_count": 8,
  "rows": [
    {
      "subset_size": 20,
      "tuning_method": "L-BFGS-B",
      "tuning_objective_name": "single_foldmean",
      "tuning_objective": 0.026576323351531275,
      "tuning_cv_rmse": 0.015822425291714563,
      "tuning_cv_r2": 0.5066453326385285,
      "tuning_cv_regret_at_1": 0.02953016757965088,
      "tuning_cv_foldmean_regret_at_1": 0.005195808410644531,
      "predicted_optimum_value": 1.0358667501191756,
      "fullswarm_chosen_run_name": "run_00125",
      "fullswarm_chosen_value": 1.0571987628936768,
      "fullswarm_regret_at_1": 0.0,
      "nearest_observed_run_name": "run_00200",
      "nearest_observed_value": 1.0687605142593384,
      "nearest_observed_tv_distance": 0.2912462144791523,
      "optimum_move_mean_phase_tv_vs_prev": NaN,
      "hull_anchor_count": 20,
      "hull_start_count": 8,
      "hull_nonzero_coeff_count": 7,
      "top_hull_run_names": [
        "run_00200",
        "baseline_olmix_loglinear",
        "run_00082",
        "run_00233",
        "run_00199"
      ],
      "top_hull_coeffs": [
        0.4437403762799702,
        0.2737508984558334,
        0.14855035473890407,
        0.13391601692811775,
        3.6380219678492154e-05
      ]
    },
    {
      "subset_size": 40,
      "tuning_method": "L-BFGS-B",
      "tuning_objective_name": "single_foldmean",
      "tuning_objective": 0.026682007057769536,
      "tuning_cv_rmse": 0.021411505823300182,
      "tuning_cv_r2": -0.21873089425875047,
      "tuning_cv_regret_at_1": 0.03754925727844238,
      "tuning_cv_foldmean_regret_at_1": 0.016191911697387696,
      "predicted_optimum_value": 1.061839617973384,
      "fullswarm_chosen_run_name": "run_00078",
      "fullswarm_chosen_value": 1.0926015377044678,
      "fullswarm_regret_at_1": 0.035402774810791016,
      "nearest_observed_run_name": "baseline_unimax",
      "nearest_observed_value": 1.0834295749664309,
      "nearest_observed_tv_distance": 0.30772600661980687,
      "optimum_move_mean_phase_tv_vs_prev": 0.1200715199795846,
      "hull_anchor_count": 40,
      "hull_start_count": 8,
      "hull_nonzero_coeff_count": 23,
      "top_hull_run_names": [
        "run_00200",
        "run_00233",
        "baseline_olmix_loglinear",
        "run_00155",
        "run_00238"
      ],
      "top_hull_coeffs": [
        0.37224296568891296,
        0.29552039486719206,
        0.18760690628830895,
        0.08910189436586603,
        0.05303860776919854
      ]
    },
    {
      "subset_size": 60,
      "tuning_method": "L-BFGS-B",
      "tuning_objective_name": "single_foldmean",
      "tuning_objective": 0.01436694899665398,
      "tuning_cv_rmse": 0.011400516507727951,
      "tuning_cv_r2": 0.6004043744407954,
      "tuning_cv_regret_at_1": 0.011017918586730735,
      "tuning_cv_foldmean_regret_at_1": 0.004017353057861328,
      "predicted_optimum_value": 1.0656176412450116,
      "fullswarm_chosen_run_name": "run_00223",
      "fullswarm_chosen_value": 1.0901886224746704,
      "fullswarm_regret_at_1": 0.03298985958099365,
      "nearest_observed_run_name": "run_00200",
      "nearest_observed_value": 1.0687605142593384,
      "nearest_observed_tv_distance": 0.30282181319536083,
      "optimum_move_mean_phase_tv_vs_prev": 0.11505123348372502,
      "hull_anchor_count": 60,
      "hull_start_count": 8,
      "hull_nonzero_coeff_count": 25,
      "top_hull_run_names": [
        "run_00200",
        "run_00233",
        "run_00207",
        "run_00159",
        "run_00213"
      ],
      "top_hull_coeffs": [
        0.3724527438321174,
        0.31492269582914806,
        0.07687347582963545,
        0.07597495532693314,
        0.0673773747877546
      ]
    },
    {
      "subset_size": 80,
      "tuning_method": "L-BFGS-B",
      "tuning_objective_name": "single_foldmean",
      "tuning_objective": 0.01578214922475643,
      "tuning_cv_rmse": 0.013540826575613271,
      "tuning_cv_r2": 0.4602858769375838,
      "tuning_cv_regret_at_1": 0.023841023445129395,
      "tuning_cv_foldmean_regret_at_1": 0.021170067787170455,
      "predicted_optimum_value": 1.0683287137937618,
      "fullswarm_chosen_run_name": "run_00125",
      "fullswarm_chosen_value": 1.0571987628936768,
      "fullswarm_regret_at_1": 0.0,
      "nearest_observed_run_name": "run_00200",
      "nearest_observed_value": 1.0687605142593384,
      "nearest_observed_tv_distance": 0.2846370318277224,
      "optimum_move_mean_phase_tv_vs_prev": 0.20738803787465315,
      "hull_anchor_count": 80,
      "hull_start_count": 8,
      "hull_nonzero_coeff_count": 8,
      "top_hull_run_names": [
        "run_00200",
        "run_00158",
        "baseline_olmix_loglinear",
        "baseline_proportional",
        "run_00155"
      ],
      "top_hull_coeffs": [
        0.3980850944631846,
        0.26890373877015294,
        0.1286321393873459,
        0.09094934694467338,
        0.05962757929477204
      ]
    },
    {
      "subset_size": 100,
      "tuning_method": "L-BFGS-B",
      "tuning_objective_name": "single_foldmean",
      "tuning_objective": 0.015506302508593629,
      "tuning_cv_rmse": 0.013559756279866223,
      "tuning_cv_r2": 0.4585365121988101,
      "tuning_cv_regret_at_1": 0.023841023445129395,
      "tuning_cv_foldmean_regret_at_1": 0.014149689674377441,
      "predicted_optimum_value": 1.0662162661898233,
      "fullswarm_chosen_run_name": "run_00125",
      "fullswarm_chosen_value": 1.0571987628936768,
      "fullswarm_regret_at_1": 0.0,
      "nearest_observed_run_name": "run_00200",
      "nearest_observed_value": 1.0687605142593384,
      "nearest_observed_tv_distance": 0.29760307694002236,
      "optimum_move_mean_phase_tv_vs_prev": 0.0661545290341431,
      "hull_anchor_count": 100,
      "hull_start_count": 8,
      "hull_nonzero_coeff_count": 10,
      "top_hull_run_names": [
        "run_00200",
        "baseline_olmix_loglinear",
        "run_00158",
        "run_00213",
        "baseline_proportional"
      ],
      "top_hull_coeffs": [
        0.3658011670370186,
        0.2081058063866234,
        0.2034306521230382,
        0.18554417613680022,
        0.03652611538724833
      ]
    },
    {
      "subset_size": 120,
      "tuning_method": "L-BFGS-B",
      "tuning_objective_name": "single_foldmean",
      "tuning_objective": 0.014207453732278517,
      "tuning_cv_rmse": 0.012442273043442333,
      "tuning_cv_r2": 0.5803054615122738,
      "tuning_cv_regret_at_1": 0.011017918586730735,
      "tuning_cv_foldmean_regret_at_1": 0.0065155506134033205,
      "predicted_optimum_value": 1.0644870756196474,
      "fullswarm_chosen_run_name": "run_00125",
      "fullswarm_chosen_value": 1.0571987628936768,
      "fullswarm_regret_at_1": 0.0,
      "nearest_observed_run_name": "run_00200",
      "nearest_observed_value": 1.0687605142593384,
      "nearest_observed_tv_distance": 0.2932063093464357,
      "optimum_move_mean_phase_tv_vs_prev": 0.08392054410182184,
      "hull_anchor_count": 120,
      "hull_start_count": 8,
      "hull_nonzero_coeff_count": 13,
      "top_hull_run_names": [
        "run_00200",
        "run_00158",
        "baseline_olmix_loglinear",
        "run_00155",
        "baseline_proportional"
      ],
      "top_hull_coeffs": [
        0.3964571184628544,
        0.2223286683143116,
        0.14690780947049706,
        0.12074257444167605,
        0.11004851968745084
      ]
    },
    {
      "subset_size": 140,
      "tuning_method": "L-BFGS-B",
      "tuning_objective_name": "single_foldmean",
      "tuning_objective": 0.015867437904741634,