{
  "variant": "trustblend_top8actual_cap",
  "tuning_procedure": "observed_only",
  "curve_points_csv": "/Users/calvinxu/Downloads/chatgpt_pro_grp_recovery_packet_updated/reference_outputs/convergence_observed_only_trustblend_top8actual_cap.csv",
  "plot": "/Users/calvinxu/Downloads/chatgpt_pro_grp_recovery_packet_updated/reference_outputs/convergence_observed_only_trustblend_top8actual_cap.png",
  "best_observed_bpb": 1.0571987628936768,
  "rows": [
    {
      "subset_size": 20,
      "variant": "trustblend_top8actual_cap",
      "tuning_procedure": "observed_only",
      "predicted_optimum_value": 1.054731801189714,
      "fullswarm_chosen_run_name": "run_00125",
      "fullswarm_chosen_value": 1.0571987628936768,
      "fullswarm_regret_at_1": 0.0,
      "nearest_observed_run_name": "run_00200",
      "nearest_observed_value": 1.0687605142593384,
      "nearest_observed_tv_distance": 0.19339905158832688,
      "optimum_move_mean_phase_tv_vs_prev": NaN,
      "tuning_objective": 0.007548356768418976,
      "tuning_cv_rmse": 0.0073441608510743574,
      "tuning_cv_r2": 0.8937087550007665,
      "tuning_cv_regret_at_1": 0.0,
      "tuning_cv_foldmean_regret_at_1": 0.0,
      "alpha": 6.832386661085146,
      "eta": 4.187356699163683,
      "lam": 6.14421235332821e-06,
      "tau": 1.2696179150580318,
      "reg": 0.013059951812759457,
      "beta": 0.2971920237194328,
      "deployment_delta": 0.037500000000000006,
      "deployment_realized_gain": 0.005862828307482637,
      "deployment_gain_budget": 0.0073441608510743574,
      "deployment_raw_predicted_optimum_value": 0.9739585656320295,
      "deployment_hull_predicted_optimum_value": 1.0605946294971966,
      "phase0_broad_text": 0.7402200858579924,
      "phase0_tech_code": 0.21430584291617708,
      "phase0_reasoning": 0.045474071225828916,
      "phase1_broad_text": 0.6890662342051064,
      "phase1_tech_code": 0.2756767211742504,
      "phase1_reasoning": 0.03525704462064182,
      "tuning_lower_tail_optimism": 0.0004083918346892368
    },
    {
      "subset_size": 40,
      "variant": "trustblend_top8actual_cap",
      "tuning_procedure": "observed_only",
      "predicted_optimum_value": 1.052487586941019,
      "fullswarm_chosen_run_name": "run_00125",
      "fullswarm_chosen_value": 1.0571987628936768,
      "fullswarm_regret_at_1": 0.0,
      "nearest_observed_run_name": "run_00200",
      "nearest_observed_value": 1.0687605142593384,
      "nearest_observed_tv_distance": 0.2330791177271081,
      "optimum_move_mean_phase_tv_vs_prev": 0.0801900097449591,
      "tuning_objective": 0.012775640545130128,
      "tuning_cv_rmse": 0.011573419097011636,
      "tuning_cv_r2": 0.6439288739704423,
      "tuning_cv_regret_at_1": 0.02161848545074463,
      "tuning_cv_foldmean_regret_at_1": 0.0012009859085083008,
      "alpha": 2980.9579870417283,
      "eta": 9.21592846364082,
      "lam": 1.5912303083921793e-05,
      "tau": 0.5495876778753448,
      "reg": 1.0,
      "beta": 0.5294813439260218,
      "deployment_delta": 0.1125,
      "deployment_realized_gain": 0.011871208029481828,
      "deployment_gain_budget": 0.012774405005519938,
      "deployment_raw_predicted_optimum_value": 0.9956622578505976,
      "deployment_hull_predicted_optimum_value": 1.064358794970501,
      "phase0_broad_text": 0.7514005034927791,
      "phase0_tech_code": 0.19949863488874425,
      "phase0_reasoning": 0.049100861618475315,
      "phase1_broad_text": 0.675011677147928,
      "phase1_tech_code": 0.2890070997940998,
      "phase1_reasoning": 0.03598122305797072,
      "tuning_lower_tail_optimism": 0.0022843443053861545
    },
    {
      "subset_size": 60,
      "variant": "trustblend_top8actual_cap",
      "tuning_procedure": "observed_only",
      "predicted_optimum_value": 1.055613271051755,
      "fullswarm_chosen_run_name": "run_00125",
      "fullswarm_chosen_value": 1.0571987628936768,
      "fullswarm_regret_at_1": 0.0,
      "nearest_observed_run_name": "run_00200",
      "nearest_observed_value": 1.0687605142593384,
      "nearest_observed_tv_distance": 0.2194069672104096,
      "optimum_move_mean_phase_tv_vs_prev": 0.11971109555022147,
      "tuning_objective": 0.010272444158419713,
      "tuning_cv_rmse": 0.009315850687196498,
      "tuning_cv_r2": 0.7331810271399348,
      "tuning_cv_regret_at_1": 0.0,
      "tuning_cv_foldmean_regret_at_1": 0.0004888534545898438,
      "alpha": 2980.9579870417283,
      "eta": 2.232233138770474,
      "lam": 0.9453625458835007,
      "tau": 0.029792937608881086,
      "reg": 1.0,
      "beta": 0.999999,
      "deployment_delta": 0.0625,
      "deployment_realized_gain": 0.009456875188865288,
      "deployment_gain_budget": 0.009804704141786342,
      "deployment_raw_predicted_optimum_value": 0.9977946055182777,
      "deployment_hull_predicted_optimum_value": 1.0650701462406202,
      "phase0_broad_text": 0.6953860784522692,
      "phase0_tech_code": 0.2573488604658162,
      "phase0_reasoning": 0.047265061081913314,
      "phase1_broad_text": 0.6938008086113149,
      "phase1_tech_code": 0.2765268343627827,
      "phase1_reasoning": 0.029672357025900827,
      "tuning_lower_tail_optimism": 0.0018643015969874474
    },
    {
      "subset_size": 80,
      "variant": "trustblend_top8actual_cap",
      "tuning_procedure": "observed_only",
      "predicted_optimum_value": 1.0540410997997107,
      "fullswarm_chosen_run_name": "run_00200",
      "fullswarm_chosen_value": 1.0687605142593384,
      "fullswarm_regret_at_1": 0.011561751365661621,
      "nearest_observed_run_name": "run_00200",
      "nearest_observed_value": 1.0687605142593384,
      "nearest_observed_tv_distance": 0.2329950079671178,
      "optimum_move_mean_phase_tv_vs_prev": 0.20669142110586952,
      "tuning_objective": 0.012400471371839984,
      "tuning_cv_rmse": 0.011305983077061856,
      "tuning_cv_r2": 0.6237382309675863,
      "tuning_cv_regret_at_1": 0.0,
      "tuning_cv_foldmean_regret_at_1": 0.003237199783325195,
      "alpha": 0.21700685478518647,
      "eta": 11.839193487252961,
      "lam": 6.14421235332821e-06,
      "tau": 4.6488864958642235,
      "reg": 0.9177944517244545,
      "beta": 0.1169523718299023,
      "deployment_delta": 0.125,
      "deployment_realized_gain": 0.014067599043573242,
      "deployment_gain_budget": 0.014543182860387052,
      "deployment_raw_predicted_optimum_value": 1.0006763564153454,
      "deployment_hull_predicted_optimum_value": 1.068108698843284,
      "phase0_broad_text": 0.636463148524393,
      "phase0_tech_code": 0.31185693090108363,
      "phase0_reasoning": 0.05167992057452184,
      "phase1_broad_text": 0.6721342652454892,
      "phase1_tech_code": 0.3135547745232009,
      "phase1_reasoning": 0.014310960231308536,
      "tuning_lower_tail_optimism": 0.0018652566112237385
    },
    {
      "subset_size": 100,
      "variant": "trustblend_top8actual_cap",
      "tuning_procedure": "observed_only",
      "predicted_optimum_value": 1.0413558094466562,
      "fullswarm_chosen_run_name": "run_00125",
      "fullswarm_chosen_value": 1.0571987628936768,
      "fullswarm_regret_at_1": 0.0,
      "nearest_observed_run_name": "baseline_unimax",
      "nearest_observed_value": 1.0834295749664309,
      "nearest_observed_tv_distance": 0.20454112240399502,
      "optimum_move_mean_phase_tv_vs_prev": 0.367380081939354,
      "tuning_objective": 0.011766299403666625,
      "tuning_cv_rmse": 0.010262210306084346,
      "tuning_cv_r2": 0.689867535678627,
      "tuning_cv_regret_at_1": 0.011017918586730735,
      "tuning_cv_foldmean_regret_at_1": 8.242130279541015e-05,
      "alpha": 108.03938288700046,
      "eta": 5.386952288486059,
      "lam": 6.14421235332821e-06,
      "tau": 1.0502946011757004,
      "reg": 1.0,
      "beta": 0.9969837907530886,
      "deployment_delta": 0.0625,
      "deployment_realized_gain": 0.008920188805026541,
      "deployment_gain_budget": 0.010344631608879756,