{
  "objective_metric": "eval/uncheatable_eval/bpb",
  "curve_points_csv": "/Users/calvinxu/Projects/Work/Marin/marin/experiments/domain_phase_mix/exploratory/two_phase_many/two_phase_many_grp_power_family_observed_only_trustblend_top8actual_cap_curve_points.csv",
  "plot": "/Users/calvinxu/Projects/Work/Marin/marin/experiments/domain_phase_mix/exploratory/two_phase_many/two_phase_many_grp_power_family_observed_only_trustblend_top8actual_cap_convergence_tracks.png",
  "best_observed_bpb": 1.0571987628936768,
  "rows": [
    {
      "subset_size": 20,
      "predicted_optimum_value": 1.0526829930558286,
      "subset_best_observed_run_name": "run_00200",
      "subset_best_observed_bpb": 1.0687605142593384,
      "fullswarm_chosen_run_name": "run_00125",
      "fullswarm_chosen_value": 1.0571987628936768,
      "fullswarm_regret_at_1": 0.0,
      "nearest_observed_run_name": "run_00200",
      "nearest_observed_value": 1.0687605142593384,
      "nearest_observed_tv_distance": 0.23016999812890976,
      "optimum_move_mean_phase_tv_vs_prev": null,
      "tuning_objective": 0.007779945070830813,
      "tuning_cv_rmse": 0.00732157667990831,
      "tuning_cv_regret_at_1": 0.0,
      "tuning_cv_foldmean_regret_at_1": 0.0,
      "tuning_lower_tail_optimism": 0.0009167367818450067,
      "deployment_delta": 0.037500000000000006,
      "deployment_gain_budget": 0.00732157667990831,
      "deployment_raw_predicted_optimum_value": 0.9681027993406703,
      "deployment_hull_predicted_optimum_value": 1.0598770177540375,
      "phase0_broad_text": 0.750035577397195,
      "phase0_tech_code": 0.2084721408963942,
      "phase0_reasoning": 0.041492281706409374,
      "phase1_broad_text": 0.7173433880259783,
      "phase1_tech_code": 0.2509554705167129,
      "phase1_reasoning": 0.03170114145730726
    },
    {
      "subset_size": 40,
      "predicted_optimum_value": 1.0540250008489969,
      "subset_best_observed_run_name": "run_00200",
      "subset_best_observed_bpb": 1.0687605142593384,
      "fullswarm_chosen_run_name": "run_00180",
      "fullswarm_chosen_value": 1.0931031703948977,
      "fullswarm_regret_at_1": 0.035904407501220925,
      "nearest_observed_run_name": "run_00200",
      "nearest_observed_value": 1.0687605142593384,
      "nearest_observed_tv_distance": 0.19379599295241312,
      "optimum_move_mean_phase_tv_vs_prev": 0.07470648184205932,
      "tuning_objective": 0.011991763949791777,
      "tuning_cv_rmse": 0.010787513368037254,
      "tuning_cv_regret_at_1": 0.0,
      "tuning_cv_foldmean_regret_at_1": 0.0008245229721069336,
      "tuning_lower_tail_optimism": 0.0023260488662983545,
      "deployment_delta": 0.05,
      "deployment_gain_budget": 0.011612036340144188,
      "deployment_raw_predicted_optimum_value": 0.9516754694257271,
      "deployment_hull_predicted_optimum_value": 1.064477529495297,
      "phase0_broad_text": 0.7377163095754132,
      "phase0_tech_code": 0.20928928169197814,
      "phase0_reasoning": 0.05299440873260719,
      "phase1_broad_text": 0.6710343916238357,
      "phase1_tech_code": 0.29721208714644975,
      "phase1_reasoning": 0.031753521229712964
    },
    {
      "subset_size": 60,
      "predicted_optimum_value": 1.057381348927473,
      "subset_best_observed_run_name": "run_00200",
      "subset_best_observed_bpb": 1.0687605142593384,
      "fullswarm_chosen_run_name": "run_00125",
      "fullswarm_chosen_value": 1.0571987628936768,
      "fullswarm_regret_at_1": 0.0,
      "nearest_observed_run_name": "run_00200",
      "nearest_observed_value": 1.0687605142593384,
      "nearest_observed_tv_distance": 0.20427784025006718,
      "optimum_move_mean_phase_tv_vs_prev": 0.07626018886114151,
      "tuning_objective": 0.009888545570360278,
      "tuning_cv_rmse": 0.009770684038495105,
      "tuning_cv_regret_at_1": 0.0,
      "tuning_cv_foldmean_regret_at_1": 0.0004888534545898438,
      "tuning_lower_tail_optimism": 0.00018683771827136356,
      "deployment_delta": 0.05,
      "deployment_gain_budget": 0.010259537493084949,
      "deployment_raw_predicted_optimum_value": 0.9943380937523966,
      "deployment_hull_predicted_optimum_value": 1.0659150749477166,
      "phase0_broad_text": 0.7014822122463304,
      "phase0_tech_code": 0.25284774212297234,
      "phase0_reasoning": 0.045670045630695655,
      "phase1_broad_text": 0.6889623208672505,
      "phase1_tech_code": 0.2798288506822352,
      "phase1_reasoning": 0.03120882845051273
    },
    {
      "subset_size": 80,
      "predicted_optimum_value": 1.0576625395846329,
      "subset_best_observed_run_name": "run_00200",
      "subset_best_observed_bpb": 1.0687605142593384,
      "fullswarm_chosen_run_name": "run_00200",
      "fullswarm_chosen_value": 1.0687605142593384,
      "fullswarm_regret_at_1": 0.011561751365661621,
      "nearest_observed_run_name": "run_00200",
      "nearest_observed_value": 1.0687605142593384,
      "nearest_observed_tv_distance": 0.1943218867011255,
      "optimum_move_mean_phase_tv_vs_prev": 0.12928630483306772,
      "tuning_objective": 0.011523163095417009,
      "tuning_cv_rmse": 0.010507371689929136,
      "tuning_cv_regret_at_1": 0.0,
      "tuning_cv_foldmean_regret_at_1": 0.0,
      "tuning_lower_tail_optimism": 0.002031582810975744,
      "deployment_delta": 0.037500000000000006,
      "deployment_gain_budget": 0.010507371689929136,
      "deployment_raw_predicted_optimum_value": 0.9764499381493545,
      "deployment_hull_predicted_optimum_value": 1.066324992305126,
      "phase0_broad_text": 0.7266199808446446,
      "phase0_tech_code": 0.22569108401234775,
      "phase0_reasoning": 0.04768893514300594,
      "phase1_broad_text": 0.7215577229726604,
      "phase1_tech_code": 0.2670810696423464,
      "phase1_reasoning": 0.011361207384991464
    },
    {
      "subset_size": 100,
      "predicted_optimum_value": 1.0421577284233958,
      "subset_best_observed_run_name": "run_00200",
      "subset_best_observed_bpb": 1.0687605142593384,
      "fullswarm_chosen_run_name": "run_00125",
      "fullswarm_chosen_value": 1.0571987628936768,
      "fullswarm_regret_at_1": 0.0,
      "nearest_observed_run_name": "baseline_unimax",
      "nearest_observed_value": 1.0834295749664309,
      "nearest_observed_tv_distance": 0.2390437823255044,
      "optimum_move_mean_phase_tv_vs_prev": 0.19953802793579478,
      "tuning_objective": 0.011787448304361197,
      "tuning_cv_rmse": 0.009987534892426162,
      "tuning_cv_regret_at_1": 0.023841023445129395,
      "tuning_cv_foldmean_regret_at_1": 0.0005489349365234375,
      "tuning_lower_tail_optimism": 0.0035449333302177257,
      "deployment_delta": 0.0625,
      "deployment_gain_budget": 0.0105364698289496,
      "deployment_raw_predicted_optimum_value": 0.9870403362638844,
      "deployment_hull_predicted_optimum_value": 1.051488867634181,
      "phase0_broad_text": 0.7998870390323596,
      "phase0_tech_code": 0.17001665933331417,
      "phase0_reasoning": 0.030096301634324675,
      "phase1_broad_text": 0.7979944497942735,
      "phase1_tech_code": 0.1873183582154824,
      "phase1_reasoning": 0.01468719199024266
    },
    {
      "subset_size": 140,
      "predicted_optimum_value": 1.0448382968222258,
      "subset_best_observed_run_name": "run_00200",
      "subset_best_observed_bpb": 1.0687605142593384,
      "fullswarm_chosen_run_name": "run_00125",
      "fullswarm_chosen_value": 1.0571987628936768,
      "fullswarm_regret_at_1": 0.0,
      "nearest_observed_run_name": "baseline_stratified",
      "nearest_observed_value": 1.078909158706665,
      "nearest_observed_tv_distance": 0.2851480588926082,
      "optimum_move_mean_phase_tv_vs_prev": 0.13094653656722946,
      "tuning_objective": 0.010705480798271902,
      "tuning_cv_rmse": 0.009777533300003858,
      "tuning_cv_regret_at_1": 0.0,
      "tuning_cv_foldmean_regret_at_1": 0.002820944786071866,
      "tuning_lower_tail_optimism": 0.0015738005179289018,
      "deployment_delta": 0.1,