{
  "objective_metric": "eval/uncheatable_eval/bpb",
  "curve_points_csv": "/Users/calvinxu/Projects/Work/Marin/marin/experiments/domain_phase_mix/exploratory/two_phase_many/two_phase_many_grp_power_family_observed_only_trustblend_top8actual_cap_curve_points.csv",
  "plot": "/Users/calvinxu/Projects/Work/Marin/marin/experiments/domain_phase_mix/exploratory/two_phase_many/two_phase_many_grp_power_family_observed_only_trustblend_top8actual_cap_convergence_tracks.png",
  "best_observed_bpb": 1.0571987628936768,
  "rows": [
    {
      "subset_size": 20,
      "predicted_optimum_value": 1.0526829930558286,
      "subset_best_observed_run_name": "run_00200",
      "subset_best_observed_bpb": 1.0687605142593384,
      "fullswarm_chosen_run_name": "run_00125",
      "fullswarm_chosen_value": 1.0571987628936768,
      "fullswarm_regret_at_1": 0.0,
      "nearest_observed_run_name": "run_00200",
      "nearest_observed_value": 1.0687605142593384,
      "nearest_observed_tv_distance": 0.23016999812890976,
      "optimum_move_mean_phase_tv_vs_prev": null,
      "tuning_objective": 0.007779945070830813,
      "tuning_cv_rmse": 0.00732157667990831,
      "tuning_cv_regret_at_1": 0.0,
      "tuning_cv_foldmean_regret_at_1": 0.0,
      "tuning_lower_tail_optimism": 0.0009167367818450067,
      "deployment_delta": 0.037500000000000006,
      "deployment_gain_budget": 0.00732157667990831,
      "deployment_raw_predicted_optimum_value": 0.9681027993406703,
      "deployment_hull_predicted_optimum_value": 1.0598770177540375,
      "phase0_broad_text": 0.750035577397195,
      "phase0_tech_code": 0.2084721408963942,
      "phase0_reasoning": 0.041492281706409374,
      "phase1_broad_text": 0.7173433880259783,
      "phase1_tech_code": 0.2509554705167129,
      "phase1_reasoning": 0.03170114145730726
    },
    {
      "subset_size": 40,
      "predicted_optimum_value": 1.0540250008489969,
      "subset_best_observed_run_name": "run_00200",
      "subset_best_observed_bpb": 1.0687605142593384,
      "fullswarm_chosen_run_name": "run_00180",
      "fullswarm_chosen_value": 1.0931031703948977,
      "fullswarm_regret_at_1": 0.035904407501220925,
      "nearest_observed_run_name": "run_00200",
      "nearest_observed_value": 1.0687605142593384,
      "nearest_observed_tv_distance": 0.19379599295241312,
      "optimum_move_mean_phase_tv_vs_prev": 0.07470648184205932,
      "tuning_objective": 0.011991763949791777,
      "tuning_cv_rmse": 0.010787513368037254,
      "tuning_cv_regret_at_1": 0.0,
      "tuning_cv_foldmean_regret_at_1": 0.0008245229721069336,
      "tuning_lower_tail_optimism": 0.0023260488662983545,
      "deployment_delta": 0.05,
      "deployment_gain_budget": 0.011612036340144188,
      "deployment_raw_predicted_optimum_value": 0.9516754694257271,
      "deployment_hull_predicted_optimum_value": 1.064477529495297,
      "phase0_broad_text": 0.7377163095754132,
      "phase0_tech_code": 0.20928928169197814,
      "phase0_reasoning": 0.05299440873260719,
      "phase1_broad_text": 0.6710343916238357,
      "phase1_tech_code": 0.29721208714644975,
      "phase1_reasoning": 0.031753521229712964
    },
    {
      "subset_size": 60,
      "predicted_optimum_value": 1.0573813253642892,
      "subset_best_observed_run_name": "run_00200",
      "subset_best_observed_bpb": 1.0687605142593384,
      "fullswarm_chosen_run_name": "run_00125",
      "fullswarm_chosen_value": 1.0571987628936768,
      "fullswarm_regret_at_1": 0.0,
      "nearest_observed_run_name": "run_00200",
      "nearest_observed_value": 1.0687605142593384,
      "nearest_observed_tv_distance": 0.20427324400900665,
      "optimum_move_mean_phase_tv_vs_prev": 0.07626422652916094,
      "tuning_objective": 0.009888545570450992,
      "tuning_cv_rmse": 0.00977068403804604,
      "tuning_cv_regret_at_1": 0.0,
      "tuning_cv_foldmean_regret_at_1": 0.0004888534545898438,
      "tuning_lower_tail_optimism": 0.00018683771935091976,
      "deployment_delta": 0.05,
      "deployment_gain_budget": 0.010259537492635884,
      "deployment_raw_predicted_optimum_value": 0.9943380937677115,
      "deployment_hull_predicted_optimum_value": 1.0659151187789326,
      "phase0_broad_text": 0.7014807086781281,
      "phase0_tech_code": 0.2528484882312711,
      "phase0_reasoning": 0.045670803090599295,
      "phase1_broad_text": 0.6889620841915726,
      "phase1_tech_code": 0.27983031604115194,
      "phase1_reasoning": 0.031207599767273896
    },
    {
      "subset_size": 80,
      "predicted_optimum_value": 1.0552009645818627,
      "subset_best_observed_run_name": "run_00200",
      "subset_best_observed_bpb": 1.0687605142593384,
      "fullswarm_chosen_run_name": "run_00200",
      "fullswarm_chosen_value": 1.0687605142593384,
      "fullswarm_regret_at_1": 0.011561751365661621,
      "nearest_observed_run_name": "run_00200",
      "nearest_observed_value": 1.0687605142593384,
      "nearest_observed_tv_distance": 0.22933080836552927,
      "optimum_move_mean_phase_tv_vs_prev": 0.10067495465988781,
      "tuning_objective": 0.01117319495768225,
      "tuning_cv_rmse": 0.010069237987864136,
      "tuning_cv_regret_at_1": 0.0,
      "tuning_cv_foldmean_regret_at_1": 0.0012403249740600586,
      "tuning_lower_tail_optimism": 0.002083881442230225,
      "deployment_delta": 0.05,
      "deployment_gain_budget": 0.011309562961924195,
      "deployment_raw_predicted_optimum_value": 0.9826760159285508,
      "deployment_hull_predicted_optimum_value": 1.0655118717502092,
      "phase0_broad_text": 0.7361110171607173,
      "phase0_tech_code": 0.22453911106683178,
      "phase0_reasoning": 0.039349871772449446,
      "phase1_broad_text": 0.7293462125157762,
      "phase1_tech_code": 0.2493764889091894,
      "phase1_reasoning": 0.021277298575032653
    },
    {
      "subset_size": 100,
      "predicted_optimum_value": 1.0422036108628518,
      "subset_best_observed_run_name": "run_00200",
      "subset_best_observed_bpb": 1.0687605142593384,
      "fullswarm_chosen_run_name": "run_00125",
      "fullswarm_chosen_value": 1.0571987628936768,
      "fullswarm_regret_at_1": 0.0,
      "nearest_observed_run_name": "baseline_unimax",
      "nearest_observed_value": 1.0834295749664309,
      "nearest_observed_tv_distance": 0.23085563001736814,
      "optimum_move_mean_phase_tv_vs_prev": 0.19608685262992337,
      "tuning_objective": 0.011767582027093482,
      "tuning_cv_rmse": 0.01007117211351365,
      "tuning_cv_regret_at_1": 0.023841023445129395,
      "tuning_cv_foldmean_regret_at_1": 0.0005489349365234375,
      "tuning_lower_tail_optimism": 0.00333792633350732,
      "deployment_delta": 0.0625,
      "deployment_gain_budget": 0.010620107050037087,
      "deployment_raw_predicted_optimum_value": 0.9907609298773544,
      "deployment_hull_predicted_optimum_value": 1.0515300362530544,
      "phase0_broad_text": 0.8289206462685508,
      "phase0_tech_code": 0.1421747434239059,
      "phase0_reasoning": 0.02890461030754178,
      "phase1_broad_text": 0.7849767314950915,
      "phase1_tech_code": 0.19996254691016696,
      "phase1_reasoning": 0.015060721594739836
    },
    {
      "subset_size": 140,
      "predicted_optimum_value": 1.0403252085179036,
      "subset_best_observed_run_name": "run_00200",
      "subset_best_observed_bpb": 1.0687605142593384,
      "fullswarm_chosen_run_name": "run_00125",
      "fullswarm_chosen_value": 1.0571987628936768,
      "fullswarm_regret_at_1": 0.0,
      "nearest_observed_run_name": "baseline_unimax",
      "nearest_observed_value": 1.0834295749664309,
      "nearest_observed_tv_distance": 0.27107438204458467,
      "optimum_move_mean_phase_tv_vs_prev": 0.188992524150902,
      "tuning_objective": 0.011528586376045888,
      "tuning_cv_rmse": 0.010480732024068313,
      "tuning_cv_regret_at_1": 0.006166577339172363,
      "tuning_cv_foldmean_regret_at_1": 0.002035713195800826,
      "tuning_lower_tail_optimism": 0.0018921373843750662,
      "deployment_delta": 0.1625,