{
  "objective_metric": "eval/uncheatable_eval/bpb",
  "curve_points_csv": "/Users/calvinxu/Projects/Work/Marin/marin/experiments/domain_phase_mix/exploratory/two_phase_many/two_phase_many_grp_retuned_curve_points.csv",
  "plot": "/Users/calvinxu/Projects/Work/Marin/marin/experiments/domain_phase_mix/exploratory/two_phase_many/two_phase_many_grp_retuned_convergence_tracks.png",
  "best_observed_bpb": 1.0571987628936768,
  "rows": [
    {
      "subset_size": 20,
      "run_id": 340,
      "run_name": "baseline_genericfamily_retuned_k020_uncheatable_bpb",
      "policy": "feature_bayes_linear_observed_retuned",
      "tuning_method": "L-BFGS-B",
      "predicted_optimum_value": 0.9563081744120708,
      "fullswarm_chosen_run_name": "run_00125",
      "fullswarm_chosen_value": 1.0571987628936768,
      "fullswarm_regret_at_1": 0.0,
      "observed_best_value": 1.0571987628936768,
      "gap_below_observed_best": -0.10089058848160593,
      "nearest_observed_run_name": "baseline_unimax",
      "nearest_observed_value": 1.0834295749664309,
      "nearest_observed_tv_distance": 0.5729850382478148,
      "optimum_move_mean_phase_tv_vs_prev": NaN,
      "phase0_max_weight": 0.12412199656936602,
      "phase1_max_weight": 0.1607632307303774,
      "phase0_support_below_1e4": 20,
      "phase1_support_below_1e4": 26,
      "tuning_objective": 0.022981545026393498,
      "tuning_cv_rmse": 0.01399531072956754,
      "tuning_cv_r2": 0.6140080705711366,
      "tuning_cv_spearman": 0.7789473684210525,
      "tuning_cv_regret_at_1": 0.02161848545074463,
      "tuning_cv_foldmean_regret_at_1": 0.005195808410644531,
      "tuning_anchor_mae": 0.008882318128613065,
      "tuning_anchor_rmse": 0.012161377539909769,
      "alpha": 9.289600642800357,
      "eta": 3.1255339087949428,
      "lam": 0.035260666739753276,
      "tau": 3.289138119714526,
      "reg": 0.0010416762267030323,
      "beta": 0.21106322053504
    },
    {
      "subset_size": 40,
      "run_id": 341,
      "run_name": "baseline_genericfamily_retuned_k040_uncheatable_bpb",
      "policy": "feature_bayes_linear_observed_retuned",
      "tuning_method": "L-BFGS-B",
      "predicted_optimum_value": 1.0030053922723667,
      "fullswarm_chosen_run_name": "run_00078",
      "fullswarm_chosen_value": 1.0926015377044678,
      "fullswarm_regret_at_1": 0.035402774810791016,
      "observed_best_value": 1.0571987628936768,
      "gap_below_observed_best": -0.05419337062131002,
      "nearest_observed_run_name": "run_00074",
      "nearest_observed_value": 1.089533448219299,
      "nearest_observed_tv_distance": 0.6110525520747367,
      "optimum_move_mean_phase_tv_vs_prev": 0.6607892089396161,
      "phase0_max_weight": 0.31339482420341136,
      "phase1_max_weight": 0.24216326100657914,
      "phase0_support_below_1e4": 22,
      "phase1_support_below_1e4": 26,
      "tuning_objective": 0.02474527082177653,
      "tuning_cv_rmse": 0.021455137917574776,
      "tuning_cv_r2": -0.2237029837678548,
      "tuning_cv_spearman": 0.5369606003752346,
      "tuning_cv_regret_at_1": 0.03754925727844238,
      "tuning_cv_foldmean_regret_at_1": 0.016191911697387696,
      "tuning_anchor_mae": 0.0029662946702539994,
      "tuning_anchor_rmse": 0.004194973868076267,
      "alpha": 12.803122882509863,
      "eta": 12.079343146864582,
      "lam": 0.0356477093382509,
      "tau": 3.369499040184642,
      "reg": 0.0010124244850930075,
      "beta": 0.669168597688422
    },
    {
      "subset_size": 60,
      "run_id": 342,
      "run_name": "baseline_genericfamily_retuned_k060_uncheatable_bpb",
      "policy": "feature_bayes_linear_observed_retuned",
      "tuning_method": "L-BFGS-B",
      "predicted_optimum_value": 1.0213665368369904,
      "fullswarm_chosen_run_name": "run_00125",
      "fullswarm_chosen_value": 1.0571987628936768,
      "fullswarm_regret_at_1": 0.0,
      "observed_best_value": 1.0571987628936768,
      "gap_below_observed_best": -0.035832226056686345,
      "nearest_observed_run_name": "run_00013",
      "nearest_observed_value": 1.1040574312210083,
      "nearest_observed_tv_distance": 0.6843192906779423,
      "optimum_move_mean_phase_tv_vs_prev": 0.5216331965880218,
      "phase0_max_weight": 0.5872303425827615,
      "phase1_max_weight": 0.2182821358128251,
      "phase0_support_below_1e4": 26,
      "phase1_support_below_1e4": 25,
      "tuning_objective": 0.015142899419621287,
      "tuning_cv_rmse": 0.014557814389487245,
      "tuning_cv_r2": 0.3484255809386215,
      "tuning_cv_spearman": 0.740372325646013,
      "tuning_cv_regret_at_1": 0.011017918586730735,
      "tuning_cv_foldmean_regret_at_1": 0.008814597129821777,
      "tuning_anchor_mae": 0.0004087930875376067,
      "tuning_anchor_rmse": 0.00057812042827693,
      "alpha": 13.52979709618794,
      "eta": 13.80433762014586,
      "lam": 0.036482454630432204,
      "tau": 3.9413893396058373,
      "reg": 0.0010135476401343434,
      "beta": 0.6595558992867772
    },
    {
      "subset_size": 80,
      "run_id": 343,
      "run_name": "baseline_genericfamily_retuned_k080_uncheatable_bpb",
      "policy": "feature_bayes_linear_observed_retuned",
      "tuning_method": "L-BFGS-B",
      "predicted_optimum_value": 1.0305904539640405,
      "fullswarm_chosen_run_name": "run_00125",
      "fullswarm_chosen_value": 1.0571987628936768,
      "fullswarm_regret_at_1": 0.0,
      "observed_best_value": 1.0571987628936768,
      "gap_below_observed_best": -0.026608308929636282,
      "nearest_observed_run_name": "run_00089",
      "nearest_observed_value": 1.1072170734405518,
      "nearest_observed_tv_distance": 0.5930519145137971,
      "optimum_move_mean_phase_tv_vs_prev": 0.32503331062417284,
      "phase0_max_weight": 0.4743540303745699,
      "phase1_max_weight": 0.24674981160193632,
      "phase0_support_below_1e4": 21,
      "phase1_support_below_1e4": 23,
      "tuning_objective": 0.013965344259414553,
      "tuning_cv_rmse": 0.013278889431795568,
      "tuning_cv_r2": 0.48096464648803816,
      "tuning_cv_spearman": 0.7469057665260197,
      "tuning_cv_regret_at_1": 0.023841023445129395,
      "tuning_cv_foldmean_regret_at_1": 0.01793286800384526,
      "tuning_anchor_mae": 0.00032779746754207917,
      "tuning_anchor_rmse": 0.00046357242297651583,
      "alpha": 13.075808985254428,
      "eta": 14.560646017178476,
      "lam": 0.03579888800697147,
      "tau": 3.3272300364032286,
      "reg": 0.0010114911074330796,
      "beta": 0.6633330322271531
    },
    {
      "subset_size": 100,
      "run_id": 344,
      "run_name": "baseline_genericfamily_retuned_k100_uncheatable_bpb",
      "policy": "feature_bayes_linear_observed_retuned",
      "tuning_method": "L-BFGS-B",
      "predicted_optimum_value": 1.0282937204696923,
      "fullswarm_chosen_run_name": "run_00125",
      "fullswarm_chosen_value": 1.0571987628936768,
      "fullswarm_regret_at_1": 0.0,
      "observed_best_value": 1.0571987628936768,
      "gap_below_observed_best": -0.028905042423984506,
      "nearest_observed_run_name": "run_00018",
      "nearest_observed_value": 1.093284010887146,
      "nearest_observed_tv_distance": 0.6393913622352448,
      "optimum_move_mean_phase_tv_vs_prev": 0.13495913934209713,
      "phase0_max_weight": 0.49755184427680466,
      "phase1_max_weight": 0.24930122166862975,
      "phase0_support_below_1e4": 22,
      "phase1_support_below_1e4": 21,
      "tuning_objective": 0.014288617266598639,
      "tuning_cv_rmse": 0.01363699843536375,
      "tuning_cv_r2": 0.4523501281404113,
      "tuning_cv_spearman": 0.7009420942094208,
      "tuning_cv_regret_at_1": 0.023841023445129395,
      "tuning_cv_foldmean_regret_at_1": 0.010912489891052247,
      "tuning_anchor_mae": 0.00043336903341384403,
      "tuning_anchor_rmse": 0.0006128647830787685,
      "alpha": 12.943158988742063,
      "eta": 13.098169382806782,
      "lam": 0.03560276486086676,
      "tau": 3.266812237393584,
      "reg": 0.001011486583230634,