{
  "dsre_ceq": {
    "phase_0": {
      "dolma3_arxiv": 0.006652708809658241,
      "dolma3_cc/art_and_design_high": 0.03612078001850866,
      "dolma3_cc/art_and_design_low": 0.03698838745418753,
      "dolma3_cc/crime_and_law_high": 0.007616018791274385,
      "dolma3_cc/crime_and_law_low": 0.0008384504545669383,
      "dolma3_cc/education_and_jobs_high": 0.015128148597114642,
      "dolma3_cc/education_and_jobs_low": 0.03129128982477164,
      "dolma3_cc/electronics_and_hardware_high": 0.04618899625925157,
      "dolma3_cc/electronics_and_hardware_low": 0.034279119170958584,
      "dolma3_cc/entertainment_high": 0.04457863195648717,
      "dolma3_cc/entertainment_low": 0.007184911544637408,
      "dolma3_cc/finance_and_business_high": 0.037194032149734164,
      "dolma3_cc/finance_and_business_low": 0.016319358929054516,
      "dolma3_cc/food_and_dining_high": 0.08159847811268145,
      "dolma3_cc/food_and_dining_low": 0.049514214205175044,
      "dolma3_cc/games_high": 0.010467823074701756,
      "dolma3_cc/games_low": 0.00508777976052851,
      "dolma3_cc/health_high": 0.013656908032499658,
      "dolma3_cc/health_low": 0.008471241016067426,
      "dolma3_cc/history_and_geography_high": 0.04355601206082373,
      "dolma3_cc/history_and_geography_low": 0.008736075637001624,
      "dolma3_cc/industrial_high": 0.03881605006300683,
      "dolma3_cc/industrial_low": 0.027746062752527955,
      "dolma3_cc/literature_high": 0.03348106287423012,
      "dolma3_cc/literature_low": 0.04906296785792682,
      "dolma3_cc/science_math_and_technology_high": 0.020522682068894786,
      "dolma3_cc/science_math_and_technology_low": 0.02286741337796325,
      "dolma3_finemath_3plus": 0.0018400519411198204,
      "dolma3_stack_edu": 0.03558066677483267,
      "dolma3_wikipedia": 0.0891178464019103,
      "dolmino_common_crawl_hq": 0.010225455202084304,
      "dolmino_olmocr_pdfs_hq": 0.006846033210392493,
      "dolmino_stack_edu_fim": 0.0032457490832942565,
      "dolmino_stem_heavy_crawl": 0.0031584503288914307,
      "dolmino_synth_code": 0.019006675858963193,
      "dolmino_synth_instruction": 0.012204349435171208,
      "dolmino_synth_math": 0.01908465934041721,
      "dolmino_synth_qa": 0.004734516165146124,
      "dolmino_synth_thinking": 0.060989941403542657
    },
    "phase_1": {
      "dolma3_arxiv": 0.03242129984316329,
      "dolma3_cc/art_and_design_high": 0.03696915090031732,
      "dolma3_cc/art_and_design_low": 0.02166172163474238,
      "dolma3_cc/crime_and_law_high": 0.03311452790405235,
      "dolma3_cc/crime_and_law_low": 0.04603342700908985,
      "dolma3_cc/education_and_jobs_high": 0.032168164754804295,
      "dolma3_cc/education_and_jobs_low": 0.011940835109689754,
      "dolma3_cc/electronics_and_hardware_high": 0.007249441080358291,
      "dolma3_cc/electronics_and_hardware_low": 0.05017226305003696,
      "dolma3_cc/entertainment_high": 0.0011568203615118509,
      "dolma3_cc/entertainment_low": 0.016272263409519983,
      "dolma3_cc/finance_and_business_high": 0.00018324551499171172,
      "dolma3_cc/finance_and_business_low": 0.0407190286051111,
      "dolma3_cc/food_and_dining_high": 0.029687085653787835,
      "dolma3_cc/food_and_dining_low": 0.029760981387716344,
      "dolma3_cc/games_high": 0.0008875240341209561,
      "dolma3_cc/games_low": 0.0163139051624654,
      "dolma3_cc/health_high": 0.00997747291906115,
      "dolma3_cc/health_low": 0.02839823208797227,
      "dolma3_cc/history_and_geography_high": 0.014852982536289288,
      "dolma3_cc/history_and_geography_low": 0.0388831132627366,
      "dolma3_cc/industrial_high": 0.01337703061011465,
      "dolma3_cc/industrial_low": 0.0021593558760596176,
      "dolma3_cc/literature_high": 0.021479175522072555,
      "dolma3_cc/literature_low": 0.003209735296812041,
      "dolma3_cc/science_math_and_technology_high": 0.05117633862388736,
      "dolma3_cc/science_math_and_technology_low": 0.005107210897219033,
      "dolma3_finemath_3plus": 0.004906038791853501,
      "dolma3_stack_edu": 0.006458504012769377,
      "dolma3_wikipedia": 0.0016151963815863018,
      "dolmino_common_crawl_hq": 0.021105753865593754,
      "dolmino_olmocr_pdfs_hq": 0.04153007118981492,
      "dolmino_stack_edu_fim": 0.01961459393176946,
      "dolmino_stem_heavy_crawl": 0.13518260016745712,
      "dolmino_synth_code": 0.03778825026796642,
      "dolmino_synth_instruction": 0.0012270816530916238,
      "dolmino_synth_math": 0.058803305261282475,
      "dolmino_synth_qa": 0.07629928077988876,
      "dolmino_synth_thinking": 0.00013699064922184133
    }
  },
  "olmix_loglinear": {
    "phase_0": {
      "dolma3_arxiv": 0.0,
      "dolma3_cc/art_and_design_high": 0.0,
      "dolma3_cc/art_and_design_low": 0.0,
      "dolma3_cc/crime_and_law_high": 0.0,
      "dolma3_cc/crime_and_law_low": 0.0,
      "dolma3_cc/education_and_jobs_high": 0.0,
      "dolma3_cc/education_and_jobs_low": 1.0,
      "dolma3_cc/electronics_and_hardware_high": 0.0,
      "dolma3_cc/electronics_and_hardware_low": 0.0,
      "dolma3_cc/entertainment_high": 0.0,
      "dolma3_cc/entertainment_low": 0.0,
      "dolma3_cc/finance_and_business_high": 0.0,
      "dolma3_cc/finance_and_business_low": 0.0,
      "dolma3_cc/food_and_dining_high": 0.0,
      "dolma3_cc/food_and_dining_low": 0.0,
      "dolma3_cc/games_high": 0.0,
      "dolma3_cc/games_low": 0.0,
      "dolma3_cc/health_high": 0.0,
      "dolma3_cc/health_low": 0.0,
      "dolma3_cc/history_and_geography_high": 0.0,
      "dolma3_cc/history_and_geography_low": 0.0,
      "dolma3_cc/industrial_high": 0.0,
      "dolma3_cc/industrial_low": 0.0,
      "dolma3_cc/literature_high": 0.0,
      "dolma3_cc/literature_low": 0.0,
      "dolma3_cc/science_math_and_technology_high": 0.0,
      "dolma3_cc/science_math_and_technology_low": 0.0,
      "dolma3_finemath_3plus": 0.0,
      "dolma3_stack_edu": 0.0,
      "dolma3_wikipedia": 0.0,
      "dolmino_common_crawl_hq": 0.0,
      "dolmino_olmocr_pdfs_hq": 0.0,
      "dolmino_stack_edu_fim": 0.0,
      "dolmino_stem_heavy_crawl": 0.0,
      "dolmino_synth_code": 0.0,
      "dolmino_synth_instruction": 0.0,
      "dolmino_synth_math": 0.0,
      "dolmino_synth_qa": 0.0,
      "dolmino_synth_thinking": 0.0
    },
    "phase_1": {
      "dolma3_arxiv": 0.0,
      "dolma3_cc/art_and_design_high": 0.0,
      "dolma3_cc/art_and_design_low": 0.0,
      "dolma3_cc/crime_and_law_high": 0.0,
      "dolma3_cc/crime_and_law_low": 0.0,
      "dolma3_cc/education_and_jobs_high": 0.0,
      "dolma3_cc/education_and_jobs_low": 0.0,
      "dolma3_cc/electronics_and_hardware_high": 0.0,
      "dolma3_cc/electronics_and_hardware_low": 0.0,
      "dolma3_cc/entertainment_high": 0.0,
      "dolma3_cc/entertainment_low": 0.0,
      "dolma3_cc/finance_and_business_high": 0.0,
      "dolma3_cc/finance_and_business_low": 0.0,
      "dolma3_cc/food_and_dining_high": 0.0,
      "dolma3_cc/food_and_dining_low": 0.0,
      "dolma3_cc/games_high": 0.0,
      "dolma3_cc/games_low": 0.0,
      "dolma3_cc/health_high": 0.0,
      "dolma3_cc/health_low": 0.0,
      "dolma3_cc/history_and_geography_high": 0.0,
      "dolma3_cc/history_and_geography_low": 0.0,
      "dolma3_cc/industrial_high": 0.0,
      "dolma3_cc/industrial_low": 0.0,
      "dolma3_cc/literature_high": 0.0,
      "dolma3_cc/literature_low": 0.0,
      "dolma3_cc/science_math_and_technology_high": 0.0,
      "dolma3_cc/science_math_and_technology_low": 0.0,
      "dolma3_finemath_3plus": 0.0,
      "dolma3_stack_edu": 0.0,
      "dolma3_wikipedia": 0.0,
      "dolmino_common_crawl_hq": 0.0,
      "dolmino_olmocr_pdfs_hq": 0.0,
      "dolmino_stack_edu_fim": 0.0,
      "dolmino_stem_heavy_crawl": 0.0,
      "dolmino_synth_code": 0.0,
      "dolmino_synth_instruction": 0.0,
      "dolmino_synth_math": 0.0,
      "dolmino_synth_qa": 1.0,
      "dolmino_synth_thinking": 0.0
    }
  }
}
