slug,family_scheme,eta,lam,beta,a_broad_text,a_tech_code,a_reasoning,tau_broad_text,tau_tech_code,tau_reasoning,reg,signal_feature_count,penalty_feature_count,linear_coefficient_count,intercept_count,linear_head_param_count,nonlinear_param_count,total_param_count
all_suite_accuracy_mean_raw,default,6.716866357777381,6.14421235332821e-06,0.26572632322975615,0.6726819038685562,0.16606703565390837,0.20669314163980956,3.183744956582774,6.202922585690935,5.136920393554798,0.0,29,3,32,1,33,9,42
all_suite_accuracy_mean_logit,default,7.2492975977224985,6.144215107098291e-06,0.1843651312202338,0.8519394601647567,0.16619345487068624,0.20182839880682554,2.772824720630625,6.19275368041501,5.1374132820928455,0.0,29,3,32,1,33,9,42
all_suite_bpb_mean,default,372.40526317171197,6.144223705134968e-06,0.0014108993792630148,0.02,0.2140438253426257,0.9987070308757223,-1.2035433064228043,5.393687248921132,8.0,0.0,29,3,32,1,33,9,42
olmo_base_easy_overlap_no_mmlu_accuracy_raw,default,5.862438064961042,6.14421235332821e-06,0.1741026957958965,0.5893381358771721,0.16456050236388484,0.20630233602999867,2.78559496298017,6.206274140104182,5.136004832197283,0.0,29,3,32,1,33,9,42
olmo_base_easy_overlap_no_mmlu_accuracy_logit,default,5.511103020805865,6.1442187878216135e-06,0.15739364165611877,0.5867526509632346,0.1620455560422961,0.20523277621002914,2.824567174999522,6.209577162379397,5.138742030485956,0.0,29,3,32,1,33,9,42
