slug,family_scheme,eta,lam,beta,a_broad_text,a_tech_code,a_reasoning,tau_broad_text,tau_tech_code,tau_reasoning,reg,signal_feature_count,penalty_feature_count,linear_coefficient_count,intercept_count,linear_head_param_count,nonlinear_param_count,total_param_count
olmo_base_easy_overlap_accuracy_raw,default,8.168663884044566,6.14421235332821e-06,0.09361060427328122,0.5561113384752991,0.02,0.06543990811664582,2.609993916389856,8.0,7.361454625891227,0.0,29,3,32,1,33,9,42
olmo_base_easy_overlap_accuracy_raw,qa_reasoning,7.196874015864269,6.14421235332821e-06,0.10992918761414826,0.8411487074700611,0.02,0.29457066696494355,3.1887121075150104,8.0,4.4894924114448065,0.0,29,3,32,1,33,9,42
olmo_base_easy_overlap_accuracy_raw,qa_tech,7.8763789995483675,6.14421235332821e-06,0.11412804676787242,0.7821879964253577,0.4965711347895789,0.02,2.8717063275462067,8.0,4.579235702228856,0.0,29,3,32,1,33,9,42
olmo_base_easy_overlap_accuracy_raw,synthetic_tech,8.432034610704482,0.00018714759336431003,0.1513577393835771,1.133447282175383,0.3160533488108652,1.0000000004154548,0.02093032657039281,8.0,8.0,0.0,29,3,32,1,33,9,42
