{
  "benefit_coef": [
    0.041058892966706055,
    0.019021136713241127,
    0.0019011097785968578,
    0.02646888753835652,
    0.011863895195750322,
    0.2032397211237784,
    0.0,
    0.01143077629597735,
    0.0009979475246875873,
    0.10516948949704867,
    0.004337298746328238,
    0.10250450059508018,
    0.0,
    0.0,
    0.045462058491751174,
    0.06555387931136884,
    0.0,
    0.09657545586964751,
    0.002454189374711813,
    4.3586280145153,
    0.0,
    2.6033581491363877,
    0.0067771274916647774,
    0.04424943095905198,
    0.008708654892444918,
    0.038561081325435384,
    0.017917334172139938,
    0.007919767846369932,
    0.024622117290108013,
    0.761663958740912,
    0.07846339692035775,
    0.02904989929481811,
    0.08207936538820908,
    1.1690886360933275,
    0.32989061511958745,
    0.1117664905403976,
    0.05780878274483614,
    0.04646288038280553,
    0.022055251907016394
  ],
  "intercept": -0.6669883402866029,
  "params": {
    "gamma_benefit": 17.140670669337677,
    "gamma_penalty": 9.956506813072512,
    "gamma_saturation": 0.6426634556731223,
    "rho": [
      0.15385083678888284,
      0.6710577500829359,
      1.4401752369899823,
      0.3325549334553524,
      0.5518511126970106,
      0.12797719742490646,
      1.5840584071121926,
      0.9127857853039649,
      1.041248983510308,
      0.4187991610277129,
      0.8270284247202832,
      0.9278588219750609,
      0.7680389537756878,
      0.5481771593572594,
      0.3048934823892221,
      0.48860392095127564,
      0.12918267767118324,
      0.5176176507860235,
      0.43367964843739326,
      0.016028595899395173,
      0.4859414641620619,
      0.014649273498397945,
      0.24997302655769116,
      1.7304051678272665,
      1.012242945059458,
      0.7047689173169197,
      0.8403167421092576,
      0.15910979951609203,
      1.6642531525645845,
      0.0036995095765808396,
      2.0,
      1.3492749765344023,
      0.25270121033077797,
      0.0028313053496017804,
      0.040363707371554036,
      0.05698864509810441,
      0.038546398276494906,
      2.0,
      0.15892560813522674
    ],
    "tau": [
      3.2855184047794257,
      0.06299945593668321,
      1.9549877924630659,
      1.5456827397950266,
      1.1813164515799515,
      -1.5209806731988844,
      0.8420121251575485,
      2.00618754287765,
      3.6541636123372774,
      0.6035972989501138,
      3.0635602630321275,
      0.012223694672890306,
      0.1608937784316421,
      0.7033001138114044,
      0.028937899238462354,
      0.295204647705002,
      1.6817294792971733,
      -0.2516101095234505,
      2.7067440010007484,
      1.169260996552633,
      0.9237202227681446,
      1.9411253813681928,
      1.5597768615166154,
      -0.5527949103410251,
      2.5347683971277197,
      1.277111348405436,
      1.9176972290250454,
      1.6384927296386642,
      1.3053182209679213,
      4.693725625449984,
      -0.3308195675753628,
      1.6720806418598555,
      2.3881219800248514,
      4.862047076578675,
      7.124559220563471,
      5.328282982960321,
      1.7852628983257761,
      -1.3423349731676308,
      1.9928874467124844
    ]
  },
  "penalty_coef": [
    0.0460424164813127,
    0.013429365346628115,
    0.043583445398516114,
    0.008865613510113952,
    0.0243169385344645,
    0.027608942623894513,
    0.04382617515586254,
    0.3419309346303589,
    0.7486417348267996,
    0.07125199319614128,
    0.9478920930393978,
    0.18628266051066406,
    0.07582187715385416,
    0.024373232268630793,
    0.04977403460595876,
    0.08441245743904084,
    0.13734836721336693,
    0.07924508970179402,
    0.7718303302977334,
    0.3829069551229193,
    0.010083425450998761,
    0.5886602301380454,
    0.04864347763016904,
    0.009564818977980906,
    0.12457677644455216,
    0.052330780704743556,
    0.01130041568300669,
    0.03813743310717772,
    0.0,
    0.8376714168614569,
    0.08932004374421326,
    0.0,
    0.09025377497089776,
    1.2827010132911902,
    220.29662279906995,
    4.461278959414293,
    0.03841326232676161,
    0.010878497201233689,
    0.1228658595271083
  ],
  "variant": {
    "description": "Decouples phase-1 benefit, saturation, and penalty multipliers as separate global scalars.",
    "linear_mode": "nnls",
    "name": "dsp_phase_benefit_saturation_penalty_nnls",
    "penalty_mode": "log_softplus_squared",
    "phase_mode": "benefit_saturation_penalty",
    "repetition_mode": "none",
    "retention_mode": "none"
  }
}
