{
  "variant": "domain_phase_benefit_penalty_158",
  "params": {
    "rho": [
      0.00010000000000000009,
      0.09892051683235567,
      0.008792890913874302,
      0.11237270185124829,
      0.5539189273959676,
      0.012170631155267004,
      1.0513826470539298,
      1.6531528894132013,
      0.13155042264118713,
      0.46110186286206406,
      0.05665033525869033,
      0.6648134716897798,
      2.0,
      0.1357420931341237,
      0.11058546758140775,
      0.3755938041890789,
      1.447098112916223,
      0.1257151765782785,
      0.7422146482862082,
      0.05033843189532168,
      0.05948930164330143,
      0.025934477438272267,
      0.28600538335574033,
      0.07825177317762849,
      0.2546733613212293,
      0.2211992663979493,
      0.5015930826751586,
      0.23774717796248385,
      0.27147768788818066,
      0.0023039673849435055,
      0.7524609388887117,
      0.07284917148742301,
      0.18987717970996418,
      0.02130293915240148,
      0.1561435864876644,
      0.26365081300212523,
      0.0020817497368513195,
      0.2903904281782074,
      0.06912436140027195
    ],
    "tau": [
      4.3358965431257275,
      2.8628512005165483,
      1.0302215654311557,
      2.330590712950495,
      0.8517642573172376,
      -2.0,
      -0.22017332754519456,
      -1.011982299231447,
      1.2430381753356314,
      -0.4948434170918881,
      1.3330266058013829,
      -0.9822027417922367,
      -1.805846167764908,
      3.2120069476053446,
      -1.6184381457934514,
      0.9162017520051171,
      -0.7209789212574309,
      0.5294119659830773,
      1.5729089774666012,
      1.175354358338893,
      -0.6713701347613984,
      4.6278798368806475,
      -1.065764336768939,
      2.207918065231653,
      1.2469960805943188,
      -1.0828653919440863,
      0.6545319999896724,
      1.6734022902129955,
      0.5153873528029164,
      3.958983860472901,
      -0.6695260431778397,
      -1.7700480826651157,
      1.3954338878425296,
      6.48734714188854,
      5.940992927283834,
      3.5823387472024297,
      0.7954185170681816,
      -0.0759773446722801,
      4.196294700914757
    ],
    "gamma": 28.0994207500136
  },
  "intercept": 0.8125740407172803,
  "benefit_coef": [
    1.6541635089968572,
    0.003425650630150224,
    0.016716569480115923,
    0.003919854564827775,
    0.0009671747126252592,
    0.08996702383100298,
    0.0005448602411128302,
    0.0002354760703527555,
    0.0017150866923977995,
    0.0033654395039832284,
    0.006217936554650636,
    0.00359084278388529,
    0.000568962799416204,
    0.0041378809558961895,
    0.0025446674673217577,
    0.0014343319596137063,
    0.00045477937381480625,
    0.010690492507220345,
    0.0006627842395379329,
    0.009979734568556328,
    0.0022360278249467405,
    0.008344995152650395,
    0.0004562728841527015,
    0.015325763565560875,
    0.0009506224527616445,
    0.005803539004402488,
    0.0017567493633406676,
    0.0006826914427694987,
    0.0076178353303530495,
    0.0,
    0.0054669682532458505,
    0.01763537434427344,
    0.008415065873524842,
    0.0,
    0.0017058476218135138,
    0.0006568632343956217,
    0.047387730971855155,
    0.009553605626001646,
    0.0008315643920943744
  ],
  "penalty_coef": [
    0.28780159016218787,
    0.17678623688796644,
    0.00629062955321709,
    0.10997962158591984,
    0.005415218360611323,
    0.003898264224647014,
    0.004399662561946366,
    0.0031319943575061253,
    0.008503175990485378,
    0.010599324791044041,
    0.029216882620559752,
    0.010281857938207059,
    0.0030814060828611538,
    0.8964019550096277,
    0.0022318815439507805,
    0.020713894035865422,
    0.0024331932701801753,
    0.036295794842029674,
    0.04721451444320176,
    0.01775889381993779,
    0.0014019226339412416,
    3.649296713230569,
    0.0013083183007298954,
    0.3036552629072292,
    0.008301548211889569,
    0.004740216780771635,
    0.007936915103153065,
    0.007213183448409945,
    0.006045366310316071,
    0.014924771698664796,
    0.017881152159111496,
    0.002718392608428244,
    0.008678850454324847,
    0.7873841858339488,
    1.6245999057671556,
    0.03681031510014709,
    0.002528165560803945,
    0.017633313546917252,
    0.38048313174262655
  ],
  "metrics": {
    "variant": "domain_phase_benefit_penalty_158",
    "description": "Raw total exposure with global phase-1 benefit premium; penalties see raw exposure only.",
    "fit_scale": "300m_6b",
    "fit_run_set": "swarm_like_300m",
    "fit_row_count": 242,
    "total_param_count": 158,
    "train_rmse": 0.005655956132005892,
    "train_spearman": 0.9586154516369532,
    "train_pearson": 0.9523552951495978,
    "cv_rmse": 0.00884820792335386,
    "cv_mae": 0.006686781326257376,
    "oof_spearman": 0.899625789730153,
    "oof_pearson": 0.8817619503667764,
    "cv_foldmean_regret_at_1": 0.0002006411552428755,
    "cv_regret_at_1": 0.012275218963622936,
    "lower_tail_optimism": 0.0044967138675431366,
    "raw_predicted_optimum_value": 0.7334386415401064,
    "raw_nearest_observed_tv": 0.49999999999999994,
    "raw_nearest_observed_run_name": "baseline_stratified",
    "raw_nearest_observed_value": 0.9688005447387696,
    "raw_phase0_lt_1e4": 36,
    "raw_phase1_lt_1e4": 34,
    "phase0_max_weight": 0.9567133095611966,
    "phase1_max_weight": 0.43697998521494696,
    "optimum_success": true,
    "optimum_message": "CONVERGENCE: NORM OF PROJECTED GRADIENT <= PGTOL"
  }
}
