{
  "benefit_coef": [
    0.2516566495652798,
    0.09241809490784302,
    0.0,
    0.8548805659202428,
    0.4321589358031276,
    0.48237625603230394,
    0.2230311111108755,
    0.0,
    0.0,
    0.050066257951779825,
    0.12695721994960787,
    2.848988408030788,
    0.0,
    0.0,
    0.0,
    0.10633258108045783,
    0.0,
    1.0201272940966177,
    0.0,
    1.0037768299414818,
    0.33880142545366954,
    1.2753619887359855,
    0.0,
    1.8294736508854805,
    0.07819799445234235,
    0.07292386922544722,
    0.0,
    0.0,
    0.22614595555927944,
    0.0,
    0.7559040620457897,
    0.2720703115929497,
    0.14660305921609074,
    0.0567683068878632,
    15.54357043339597,
    0.3230833013300454,
    0.0,
    0.8038760198384698,
    0.0
  ],
  "intercept": -0.995670818244132,
  "params": {
    "rho": [
      0.3368771467416588,
      1.2969139971167096,
      0.17601890757763078,
      0.24772365542594235,
      2.0,
      0.6990728504468606,
      0.30463953024693846,
      0.42381619442402385,
      1.7831580506551805,
      0.26185000831060734,
      0.5607813154347261,
      0.17028554722044847,
      1.5840584071121926,
      0.9503679579414334,
      1.0551756293006807,
      0.4475572735910519,
      0.9498142608643305,
      0.9005049786211999,
      0.7680389537756878,
      0.1377324149593991,
      0.10080234347191325,
      0.15846694827502217,
      0.08652703501275036,
      0.5446897940743839,
      0.9064871993999615,
      0.2246856137568172,
      0.7680011169377812,
      0.24130979796272609,
      0.5464500799163019,
      0.00798173323006439,
      0.23334653919083898,
      2.0,
      0.5452291087188962,
      0.009126672838830762,
      0.007034597203995089,
      0.05956044351589106,
      0.3594238266343721,
      0.46577370039929383,
      0.2644364754888102
    ],
    "tau": [
      3.417015037443877,
      0.1712854381309612,
      1.8539638267368905,
      1.6626599832435511,
      0.7735996635558652,
      0.04905408877986451,
      0.8383315581973223,
      -0.5802646344526586,
      2.449338974807451,
      1.1354336546654908,
      0.59907910258139,
      0.4891531716935655,
      0.091229065646515,
      0.4955372042731408,
      1.9766117289305734,
      0.8812254000237185,
      2.926420540115543,
      -0.15390221788035438,
      1.0331009025551776,
      0.871559784262149,
      2.4630881219426675,
      2.39810831261948,
      -0.800790474345921,
      -0.05446617832538348,
      3.953828197792895,
      0.613207093989288,
      -0.9056922179049197,
      2.217073354334818,
      1.4717199965023422,
      6.9452646508565525,
      1.277486009600404,
      1.0864114475093518,
      0.9518034390696134,
      5.464874731843584,
      2.195397935307852,
      2.3675097495494026,
      1.4520389299287524,
      1.315194709767809,
      2.788400451341665
    ]
  },
  "penalty_coef": [
    0.24937097735842223,
    0.0,
    0.09669137923254281,
    1.4011828515064937,
    0.09220145548064623,
    0.35957432516885457,
    0.21134346132467313,
    0.06135216483372032,
    0.04890985362378933,
    0.0,
    0.1475411010587897,
    0.8079172773277483,
    0.17256595395154412,
    0.013852770902008656,
    0.3895343462385623,
    0.0,
    1.2170638752339964,
    0.7230196913804352,
    0.19524169823959037,
    0.20924873571354996,
    0.6406406447263265,
    3.8138398999758105,
    0.02300515719178691,
    0.8588729386156124,
    0.9840001785684395,
    0.0,
    0.01576040001958966,
    0.1690570954688183,
    0.29861459595073414,
    19.47972062800676,
    0.0,
    0.40062531788431427,
    0.0,
    2.3088447636064315,
    1.2798687693898751,
    0.12461574002119657,
    0.0,
    1.872434453828745,
    0.32235431913186924
  ],
  "variant": {
    "description": "Control: per-domain saturation and penalty with no phase term.",
    "linear_mode": "nnls",
    "name": "dsp_no_phase_penalty_nnls",
    "penalty_mode": "log_softplus_squared",
    "phase_mode": "none",
    "retention_mode": "none"
  }
}
