{
  "variant": "domain_phase_benefit_penalty_premium_159",
  "params": {
    "rho": [
      0.12403529273556535,
      0.4558367286161189,
      0.6365255449621819,
      0.5380966443833191,
      0.3807428732557761,
      0.6440166867420656,
      1.2456442314104155,
      0.9702606751020526,
      0.3055133368159007,
      0.20619309181920578,
      0.3352602245435705,
      0.5146753347806996,
      0.09820788978492413,
      0.42899871932596906,
      0.20902846426460503,
      0.2904762834155368,
      0.34159533668204745,
      0.4006939780538501,
      0.666972939003927,
      1.0433669663907021,
      0.26485437088469216,
      1.332309075633955,
      0.21084474069785072,
      0.6049993953553596,
      0.941088539084565,
      0.5542627698721053,
      0.32661250612304216,
      0.1457662010137967,
      0.6926995691419465,
      0.012985949883719225,
      0.2466265797867263,
      0.4015915825976004,
      0.525370816759409,
      0.03279998405317061,
      0.12233563126899673,
      0.1839231680152276,
      0.09373443066332747,
      0.4691845849406919,
      0.5809532131706675
    ],
    "tau": [
      3.5591520761056934,
      0.20831828046121165,
      3.074663479991959,
      2.0149762274732597,
      2.1821470087452104,
      0.922848483772131,
      1.0102379316026402,
      2.3070953413782376,
      3.1068905727821132,
      1.9321183437611094,
      1.9941478388152947,
      0.6874856096650586,
      0.027674643852249433,
      0.9597559540702317,
      2.175583041196176,
      -0.2950337303551745,
      1.6818419630671877,
      0.9042563296617786,
      1.604239898575335,
      0.038367417699468026,
      1.7045101550795438,
      0.9337843087193838,
      0.9416389560105568,
      2.10725619571621,
      1.050109207267457,
      0.9448556234049165,
      0.9855108374398496,
      3.5260005906899208,
      2.194701029247842,
      4.837979798841624,
      -1.5566917831246647,
      0.8401754888355152,
      1.73066356759158,
      5.072832694079887,
      1.9579933925360136,
      4.285929747580707,
      1.5609358708109995,
      -0.13416929998039423,
      2.620068388530579
    ],
    "gamma": 3.3763675669508713,
    "delta": 17.388735055468874
  },
  "intercept": 0.9842034767122894,
  "benefit_coef": [
    0.004511599772688165,
    0.0,
    0.0,
    0.0,
    0.004160064660882924,
    0.0,
    0.0,
    0.0,
    0.0,
    0.0,
    0.0015058469315263343,
    0.0,
    0.0,
    0.0,
    0.0,
    0.0,
    0.0,
    0.0,
    0.0,
    0.00026801770054917754,
    0.0002608569199006899,
    0.0,
    0.0,
    0.0004783656877870316,
    0.0,
    0.0006426661146229106,
    0.001835875349812728,
    0.0,
    0.017271051991327654,
    0.0,
    0.0,
    0.006643598968828636,
    0.01890824669587423,
    0.0,
    0.01707977422998341,
    0.0017534378242373254,
    0.0022957282596006304,
    0.0029816876387189903,
    0.0
  ],
  "penalty_coef": [
    0.0,
    0.00017555700567775247,
    0.007082430028773578,
    0.00236824530376338,
    0.005780778648182975,
    0.0009723198343770633,
    0.0013534139762633934,
    0.014316757794509298,
    0.015126593470298773,
    0.007095177532659782,
    0.012332324665275236,
    9.275676829802019e-05,
    0.0006351887227142987,
    0.0018028655303552572,
    0.006336081749231752,
    0.00030577062775703545,
    0.0032772786866450436,
    0.001594644368563844,
    0.00798954626328605,
    0.00022290798175996656,
    0.0008787746435559009,
    0.0008135364539304853,
    0.0006081226461628512,
    0.000490905672348946,
    0.0005349772028489083,
    0.0,
    0.0,
    0.0095160728772229,
    0.0,
    0.009112213642201085,
    1.942940470818281e-05,
    0.0,
    0.0015943493374092374,
    0.016959897851536294,
    0.0017402741182878673,
    0.014183579302655774,
    0.0,
    0.0,
    0.005061371680286447
  ],
  "metrics": {
    "variant": "domain_phase_benefit_penalty_premium_159",
    "description": "Raw total exposure with separate global phase-1 benefit and penalty premia.",
    "fit_scale": "300m_6b",
    "fit_run_set": "swarm_like_300m",
    "fit_row_count": 242,
    "total_param_count": 159,
    "train_rmse": 0.007268821567183995,
    "train_spearman": 0.9316125333980232,
    "train_pearson": 0.9199810559939181,
    "cv_rmse": 0.010231834893009962,
    "cv_mae": 0.007794102635535621,
    "oof_spearman": 0.8658990254614549,
    "oof_pearson": 0.8413807382700671,
    "cv_foldmean_regret_at_1": 0.0009761810302734153,
    "cv_regret_at_1": 0.0006219148635864258,
    "lower_tail_optimism": 0.006073634260572172,
    "raw_predicted_optimum_value": 0.8064477554318618,
    "raw_nearest_observed_tv": 0.5,
    "raw_nearest_observed_run_name": "baseline_stratified",
    "raw_nearest_observed_value": 0.9688005447387696,
    "raw_phase0_lt_1e4": 33,
    "raw_phase1_lt_1e4": 35,
    "phase0_max_weight": 0.32944047866341886,
    "phase1_max_weight": 0.3763279460427724,
    "optimum_success": true,
    "optimum_message": "CONVERGENCE: NORM OF PROJECTED GRADIENT <= PGTOL"
  }
}
