{
  "variant": "dsp_phase_benefit_saturation_penalty_nnls",
  "params": {
    "rho": [
      0.06524088301234726,
      0.41588391739804687,
      0.6655180930765124,
      0.4435344803292665,
      0.7524115163235546,
      0.6573469090339197,
      1.2456442314104155,
      0.7514785127120748,
      0.3081489392527584,
      0.19273013190217414,
      0.32321443055545596,
      0.5114118895958114,
      0.0949343308396142,
      0.4137636387201567,
      0.20652047451397063,
      0.9170333755313216,
      0.3522421592484705,
      0.36870803383768963,
      1.1309105615066724,
      0.7939468172798443,
      0.07688277780140566,
      0.35945741932877173,
      0.19819538453313645,
      0.4520980349990407,
      1.3240097295284874,
      0.3811281079736043,
      0.29222591677750687,
      0.15565280245296526,
      0.043034240901466125,
      0.005387488243862151,
      0.31878730776633096,
      0.38506754795336184,
      0.05323275705196448,
      0.06510903579946177,
      0.014926703226772227,
      0.44468784838788694,
      0.030738344866344938,
      0.26239240191525004,
      0.5809532131706675
    ],
    "tau": [
      3.8259605709387077,
      -0.3819592264662973,
      1.3497371880252165,
      2.3458089611587583,
      2.276907430436333,
      -1.2239186299942162,
      1.879140568870761,
      2.182416479516901,
      3.5982835022318316,
      1.44587448848456,
      -0.8327226737622051,
      0.2995360844985525,
      -1.2430024190214761,
      0.36426593824782577,
      0.12166791561231079,
      -0.44711444535980654,
      2.6848911836566693,
      -0.13405759119416435,
      -0.7910944822456055,
      1.1367382275578104,
      1.3779371960672726,
      3.0003371121351488,
      1.2824593607319887,
      1.7110139851903778,
      1.637525275912724,
      0.799241518641389,
      1.4438068553236092,
      2.189258317653216,
      2.4342067204916273,
      4.252291235271015,
      -1.0447875883170297,
      0.44407596703815677,
      2.655135398899317,
      5.408217045737269,
      3.328384169949639,
      5.8149436372521475,
      2.4227432118218566,
      0.4885433700563141,
      0.9787492564879551
    ],
    "gamma_benefit": 0.0020439395790329473,
    "gamma_saturation": 98.16658041308006,
    "gamma_penalty": 5.527306741244998
  },
  "intercept": 0.8940994090576999,
  "benefit_coef": [
    0.007228297135791009,
    0.00044307922103391267,
    0.0,
    0.0019056364298658112,
    0.006297299352558441,
    0.003020694010524181,
    0.0,
    0.005454080965629335,
    0.0,
    0.0,
    0.0,
    0.004442621114566568,
    0.0,
    0.0,
    0.0,
    0.009375330743111572,
    0.00034861869551085244,
    0.0009590902017718743,
    0.01326780493410687,
    0.0005077893103095126,
    0.0,
    0.0,
    0.0007671794534738131,
    0.0031924580933307568,
    0.017023540965201832,
    0.00017383471946319363,
    0.005933925852017992,
    0.005994043051474402,
    0.02494952085045648,
    0.006166985083621912,
    0.0003572607455295656,
    0.002572326773825697,
    0.019827479332964512,
    0.03648499879495316,
    0.01915773813838165,
    0.00385057581424527,
    0.000399052501251007,
    0.009453579424463033,
    0.0
  ],
  "penalty_coef": [
    0.02725035470662838,
    0.002565745816705465,
    0.005370617798600495,
    0.05490737227950634,
    0.020331153313944455,
    0.0032102154591423736,
    0.030347367539904344,
    0.0474431524810854,
    0.15013785369006952,
    0.04999675622843996,
    0.0026124657165183633,
    0.018977037913858675,
    0.0035324477064158214,
    0.006462197842093056,
    0.003698065301365421,
    0.0048539183935450095,
    0.058839917384515925,
    0.009767720078571384,
    0.003670624993108162,
    0.010089704819914747,
    0.00415734439551117,
    0.079342751597617,
    0.005272442592631759,
    0.02946487396489629,
    0.007454573001593142,
    0.008136745922436111,
    0.008479635288508707,
    0.008572132701405413,
    0.013698719176579216,
    0.016764851160510918,
    0.008044375509722423,
    0.003012495342185126,
    0.0,
    0.08271809390768774,
    0.012935192388217718,
    0.8497166698537705,
    0.0047107365977129235,
    0.019830517166710762,
    0.004130543646953516
  ],
  "metrics": {
    "variant": "dsp_phase_benefit_saturation_penalty_nnls",
    "description": "Decouples phase-1 benefit, saturation, and penalty multipliers as separate global scalars.",
    "phase_mode": "benefit_saturation_penalty",
    "retention_mode": "none",
    "penalty_mode": "log_softplus_squared",
    "linear_mode": "nnls",
    "m_dependent_params_per_domain": 4,
    "total_param_count": 160,
    "fitted_gamma": NaN,
    "fitted_gamma_benefit": 0.0020439395790329473,
    "fitted_gamma_saturation": 98.16658041308006,
    "fitted_gamma_penalty": 5.527306741244998,
    "fitted_lam": NaN,
    "train_rmse": 0.004391195354521297,
    "train_spearman": 0.9666398678092379,
    "train_pearson": 0.971560819321653,
    "cv_rmse": 0.006634633625905031,
    "cv_mae": 0.005368016536740912,
    "oof_spearman": 0.9261520015952306,
    "oof_pearson": 0.934772066273277,
    "cv_foldmean_regret_at_1": 0.0,
    "cv_regret_at_1": 0.00022238492965698242,
    "lower_tail_optimism": 0.0027591180102406734,
    "raw_predicted_optimum_value": 0.7849735192788527,
    "raw_nearest_observed_tv": 0.499955530117902,
    "raw_nearest_observed_run_name": "baseline_olmix_loglinear_uncheatable_bpb",
    "raw_nearest_observed_value": 0.956061840057373,
    "raw_phase0_support_gt_1e3": 1,
    "raw_phase1_support_gt_1e3": 24,
    "phase0_max_weight": 0.9999999971246671,
    "phase1_max_weight": 0.7234780563261533,
    "optimum_success": true,
    "optimum_message": "CONVERGENCE: NORM OF PROJECTED GRADIENT <= PGTOL"
  }
}
