{
  "variant": "domain_effective_exposure_penalty_158",
  "params": {
    "rho": [
      0.05979650500636375,
      0.12502008427263722,
      0.1163202047232738,
      0.11528280816233379,
      0.14011370633708944,
      0.12500000000000003,
      0.09020551417283089,
      0.09621851540887338,
      0.10521428001989216,
      0.15273798940609457,
      0.12565215352502254,
      0.05675854099883745,
      0.12500000000000003,
      0.10481921763651667,
      0.13250246987136408,
      0.12500000000000003,
      0.11639978723539458,
      0.12500000000000003,
      0.1168448642251734,
      0.11408693397944109,
      0.07346335657228424,
      0.057906255682397226,
      0.08328977655126979,
      0.11427689758061105,
      0.12500000000000003,
      0.1209937650487895,
      0.11048996364725625,
      0.057649433311466255,
      0.351248880006913,
      0.002975277326881353,
      0.12621408520879762,
      0.1152035055051118,
      0.24148404275590898,
      0.0091315597659133,
      0.08499036335763394,
      0.013700744567418797,
      0.03952210526052985,
      0.15028211697089586,
      0.0931543210378071
    ],
    "tau": [
      1.3847649426278235,
      0.22571649438167982,
      0.9048416372278291,
      -0.06332054754835174,
      0.6036148410792743,
      -0.34346931571775074,
      -0.1040895881298212,
      -0.045152292190401455,
      0.5935060707984268,
      -0.4065275049045916,
      -0.024639829571306764,
      -0.582847367915891,
      -0.6230899694695327,
      -0.05040740824191465,
      0.38602641065370596,
      -0.32411647775854796,
      0.3062451508573246,
      -0.6349621939601748,
      -0.01352027557103978,
      0.006023508355282641,
      1.0945091223189924,
      0.20082334895615786,
      0.9514983556498127,
      -0.27634258589074706,
      0.6286037200710785,
      -0.7153746427905027,
      0.14554677712139905,
      1.1906888324962532,
      0.18493080766076378,
      4.283857758332107,
      -0.6009223196771021,
      -0.20144769057239398,
      0.14611706701033328,
      3.8286733852459447,
      1.829448666815395,
      1.557136575747004,
      1.6299200796507383,
      -0.6997400539890893,
      1.0419993418901365
    ],
    "gamma": 14.080102738084896
  },
  "intercept": 0.23028525714352654,
  "benefit_coef": [
    0.013825054691964796,
    0.00012370527023838082,
    0.0037573469631288826,
    0.034488230018144383,
    0.008312757223162395,
    0.0,
    0.021807796807121332,
    0.09989067008340119,
    0.022868787296315002,
    0.04447386143138112,
    0.014102519533883364,
    0.016317696304285544,
    0.0,
    0.04134733330653001,
    0.0007925635478646798,
    0.0,
    0.009015916260947318,
    0.0,
    0.030367971872990878,
    0.023833249394020123,
    0.007257239489826202,
    0.13514305642623842,
    0.0011780473348048253,
    0.0,
    0.0,
    0.838140082656337,
    0.01115789797500213,
    0.012639265123678833,
    0.02883024631714117,
    0.0,
    4.49273907647829,
    0.006942296461652398,
    0.0380647972151706,
    0.016863196897742478,
    0.02501312965593324,
    0.19669145453323048,
    0.006892905338771826,
    1.254706762600133,
    0.004207316373123839
  ],
  "penalty_coef": [
    0.001093970477749679,
    0.0011948915271637029,
    0.0019154396482248693,
    0.004922932920004715,
    0.0020069812973925313,
    0.0016385785126674002,
    0.0034902556173854416,
    0.01184174417508358,
    0.0039003699373930585,
    0.006326080603697332,
    0.0033468915155342913,
    0.0029292246473862954,
    0.0019435804285038983,
    0.0063433942202866704,
    0.0020422258110377213,
    0.0014767683494698414,
    0.002794259417451491,
    0.0024274969078477504,
    0.005674706545303936,
    0.0034636999084290162,
    0.001618295734289283,
    0.01233995677030112,
    0.001721801065590638,
    0.00010297509230256145,
    0.0008353430721558302,
    0.07023606592946845,
    0.001340082839635509,
    0.00245813949128633,
    0.0,
    0.005922040245968303,
    0.4197548173988177,
    0.0,
    0.001522254454239678,
    0.006898154432465168,
    0.0009125660913067695,
    0.01616180720304704,
    0.0008756797204072222,
    0.12512927406091456,
    0.0021636787294538914
  ],
  "metrics": {
    "variant": "domain_effective_exposure_penalty_158",
    "description": "Domain-wise analogue of old GRP: phase-1 multiplier enters exposure for both benefit and penalty.",
    "fit_scale": "300m_6b",
    "fit_run_set": "swarm_like_300m",
    "fit_row_count": 242,
    "total_param_count": 158,
    "train_rmse": 0.004940524698486106,
    "train_spearman": 0.9595493897015337,
    "train_pearson": 0.9638592600585348,
    "cv_rmse": 0.008024103639498688,
    "cv_mae": 0.006353162190261091,
    "oof_spearman": 0.9053640474487954,
    "oof_pearson": 0.9054508479791693,
    "cv_foldmean_regret_at_1": 0.0004976272583007812,
    "cv_regret_at_1": 0.0006219148635864258,
    "lower_tail_optimism": 0.004636779553610574,
    "raw_predicted_optimum_value": 0.8649375754660097,
    "raw_nearest_observed_tv": 0.5,
    "raw_nearest_observed_run_name": "baseline_stratified",
    "raw_nearest_observed_value": 0.9688005447387696,
    "raw_phase0_lt_1e4": 21,
    "raw_phase1_lt_1e4": 33,
    "phase0_max_weight": 0.20354895093460787,
    "phase1_max_weight": 0.6948920335558804,
    "optimum_success": true,
    "optimum_message": "CONVERGENCE: NORM OF PROJECTED GRADIENT <= PGTOL"
  }
}
