{
  "result": {
    "Baseline": 2.7871193885803223
  },
  "name": {
    "Baseline": "sweep-1.2b-96B-adamw71c224lr0.002-wd0.2-minlr0.0-warmup1000-b10.-66682a"
  },
  "num_left": 0,
  "best_config": {
    "beta1": 0.9,
    "beta2": 0.98,
    "epsilon": 1e-10,
    "learning_rate": 0.002,
    "max_grad_norm": 1,
    "min_lr_ratio": 0.0,
    "nesterov": false,
    "train_batch_size": 256,
    "warmup": 1000,
    "weight_decay": 0.2
  },
  "min_loss": 2.7871193885803223,
  "baseline": {
    "loss": 2.7871193885803223,
    "wandb_id": "sweep-1.2b-96B-adamw71c224lr0.002-wd0.2-minlr0.0-warmup1000-b10.-66682a"
  }
}