raw_rank,package,score,source_id,source_url,status,reason,evidence_urls,discovery_routes
1,networkx,193056560,,,excluded,General graph algorithms.,,
2,firecrawl-py,5316784,,,excluded,General web crawling platform.,,
3,rdkit,4420489,github:rdkit/rdkit,https://github.com/rdkit/rdkit,selected source,,https://pypi.org/pypi/rdkit/json;https://pypi.org/pypi/rdkit-pypi/json;https://github.com/rdkit/rdkit,
4,intervaltree,4326351,,,excluded,General interval data structure.,,
5,biopython,3955738,github:biopython/biopython,https://github.com/biopython/biopython,selected source,,https://raw.githubusercontent.com/conda-forge/biopython-feedstock/08272f2fd511e3106e9808b5ba5add1848e96815/recipe/meta.yaml;https://pypi.org/pypi/biopython/json;https://github.com/biopython/biopython,
6,simsimd,3136357,,,excluded,General numerical kernels.,,
7,igraph,2625753,,,excluded,General graph algorithms.,,
8,nibabel,1792174,github:nipy/nibabel,https://github.com/nipy/nibabel,selected source,,https://pypi.org/pypi/nibabel/json;https://github.com/nipy/nibabel,
9,gemmi,1402457,github:project-gemmi/gemmi,https://github.com/project-gemmi/gemmi,selected source,,https://pypi.org/pypi/gemmi/json;https://github.com/project-gemmi/gemmi,
10,anndata,1249332,github:scverse/anndata,https://github.com/scverse/anndata,selected source,,https://pypi.org/pypi/anndata/json;https://github.com/scverse/anndata,
11,pubchempy,1110032,github:mcs07/pubchempy,https://github.com/mcs07/PubChemPy,selected source,,https://pypi.org/pypi/pubchempy/json;https://github.com/mcs07/PubChemPy,
12,pysam,1083777,github:pysam-developers/pysam,https://github.com/pysam-developers/pysam,selected source,,https://raw.githubusercontent.com/bioconda/bioconda-recipes/254ba2d4bcda7fe6ed2baa586bac6c35885a4b10/recipes/pysam/meta.yaml;https://pypi.org/pypi/pysam/json;https://github.com/pysam-developers/pysam,
13,biotite,778918,github:biotite-dev/biotite,https://github.com/biotite-dev/biotite,selected source,,https://pypi.org/pypi/biotite/json;https://github.com/biotite-dev/biotite,
14,pymatgen,743567,,,excluded,"Materials science, not biological genomics.",,
15,scanpy,721639,github:scverse/scanpy,https://github.com/scverse/scanpy,selected source,,https://pypi.org/pypi/scanpy/json;https://github.com/scverse/scanpy,
16,firecrawl,700098,,,excluded,General web crawling platform.,,
17,planarity,574942,,,excluded,General graph algorithms.,,
18,python-igraph,525248,,,excluded,General graph algorithms.,,
19,pymatgen-core,499279,,,excluded,"Materials science, not biological genomics.",,
20,prefixcommons,460892,github:prefixcommons/prefixcommons-py,https://github.com/prefixcommons/prefixcommons-py,selected source,,https://pypi.org/pypi/prefixcommons/json;https://github.com/prefixcommons/prefixcommons-py,
21,prefixmaps,460232,github:linkml/prefixmaps,https://github.com/linkml/prefixmaps,selected source,,https://pypi.org/pypi/prefixmaps/json;https://github.com/linkml/prefixmaps,
22,json-flattener,458262,,,excluded,General JSON transformation.,,
23,primer3-py,352222,github:libnano/primer3-py,https://github.com/libnano/primer3-py,selected source,,https://pypi.org/pypi/primer3-py/json;https://github.com/libnano/primer3-py,
24,pyfaidx,345027,github:mdshw5/pyfaidx,https://github.com/mdshw5/pyfaidx,selected source,,https://raw.githubusercontent.com/bioconda/bioconda-recipes/254ba2d4bcda7fe6ed2baa586bac6c35885a4b10/recipes/pyfaidx/meta.yaml;https://pypi.org/pypi/pyfaidx/json;https://github.com/mdshw5/pyfaidx,
25,cellpylib,342157,,,excluded,General cellular automata; cellular terminology is not a biological-data scope.,,
26,mne,341667,github:mne-tools/mne-python,https://github.com/mne-tools/mne-python,selected source,,https://pypi.org/pypi/mne/json;https://github.com/mne-tools/mne-python,
27,pgmpy,318813,,,excluded,General probabilistic modeling.,,
28,pyteomics,290671,github:levitsky/pyteomics,https://github.com/levitsky/pyteomics,selected source,,https://pypi.org/pypi/pyteomics/json;https://github.com/levitsky/pyteomics,
29,mrcfile,269738,github:ccpem/mrcfile,https://github.com/ccpem/mrcfile,selected source,,https://pypi.org/pypi/mrcfile/json;https://github.com/ccpem/mrcfile,
30,fhirclient,269382,github:smart-on-fhir/client-py,https://github.com/smart-on-fhir/client-py,selected source,,https://pypi.org/pypi/fhirclient/json;https://github.com/smart-on-fhir/client-py,
31,edlib,253747,github:martinsos/edlib,https://github.com/Martinsos/edlib,selected source,,https://raw.githubusercontent.com/bioconda/bioconda-recipes/254ba2d4bcda7fe6ed2baa586bac6c35885a4b10/recipes/python-edlib/meta.yaml;https://pypi.org/pypi/edlib/json;https://github.com/Martinsos/edlib,
32,py3dmol,251203,github:3dmol/3dmol.js,https://github.com/3dmol/3Dmol.js,selected source,,https://pypi.org/pypi/py3dmol/json;https://github.com/3dmol/3Dmol.js,
33,chemicals,250268,,,excluded,Industrial chemical engineering.,,
34,numkong,249044,,,excluded,General numerical kernels.,,
35,thermo,238198,,,excluded,Industrial chemical engineering.,,
36,biothings-client,235388,github:biothings/biothings_client.py,https://github.com/biothings/biothings_client.py,selected source,,https://pypi.org/pypi/biothings-client/json;https://github.com/biothings/biothings_client.py,
37,mygene,229131,github:biothings/mygene.py,https://github.com/biothings/mygene.py,selected source,,https://pypi.org/pypi/mygene/json;https://github.com/biothings/mygene.py,
38,snakemake,184004,github:snakemake/snakemake,https://github.com/snakemake/snakemake,selected source,,https://raw.githubusercontent.com/bioconda/bioconda-recipes/254ba2d4bcda7fe6ed2baa586bac6c35885a4b10/recipes/snakemake/meta.yaml;https://pypi.org/pypi/snakemake/json;https://github.com/snakemake/snakemake,
39,more-click,182591,,,excluded,General command-line framework utilities.,,
40,pyopenms,177983,github:openms/openms,https://github.com/OpenMS/OpenMS,selected source,,https://pypi.org/pypi/pyopenms/json;https://github.com/OpenMS/OpenMS,
41,mdanalysis,177011,github:mdanalysis/mdanalysis,https://github.com/MDAnalysis/mdanalysis,selected source,,https://pypi.org/pypi/mdanalysis/json;https://github.com/MDAnalysis/mdanalysis,
42,gseapy,175593,github:zqfang/gseapy,https://github.com/zqfang/GSEApy,selected source,,https://raw.githubusercontent.com/bioconda/bioconda-recipes/254ba2d4bcda7fe6ed2baa586bac6c35885a4b10/recipes/gseapy/meta.yaml;https://pypi.org/pypi/gseapy/json;https://github.com/zqfang/GSEApy,
43,mdtraj,174402,github:mdtraj/mdtraj,https://github.com/mdtraj/mdtraj,selected source,,https://pypi.org/pypi/mdtraj/json;https://github.com/mdtraj/mdtraj,
44,openslide-python,173744,github:openslide/openslide-python,https://github.com/openslide/openslide-python,selected source,,https://pypi.org/pypi/openslide-python/json;https://github.com/openslide/openslide-python,
45,pybigwig,172456,github:deeptools/pybigwig,https://github.com/deeptools/pyBigWig,selected source,,https://raw.githubusercontent.com/bioconda/bioconda-recipes/254ba2d4bcda7fe6ed2baa586bac6c35885a4b10/recipes/pybigwig/meta.yaml;https://pypi.org/pypi/pybigwig/json;https://github.com/deeptools/pyBigWig,
46,seqio,170107,,,excluded,Historical metadata matched a microscopy package; current PyPI identity is Google SeqIO for general ML datasets.,,
47,nnunetv2,162482,github:mic-dkfz/nnunet,https://github.com/MIC-DKFZ/nnUNet,selected source,,https://pypi.org/pypi/nnunetv2/json;https://github.com/MIC-DKFZ/nnUNet,
48,connected-components-3d,160806,github:seung-lab/connected-components-3d,https://github.com/seung-lab/connected-components-3d,selected source,,https://pypi.org/pypi/connected-components-3d/json;https://github.com/seung-lab/connected-components-3d,
49,fastobo,160165,github:fastobo/fastobo-py,https://github.com/fastobo/fastobo-py,selected source,,https://pypi.org/pypi/fastobo/json;https://github.com/fastobo/fastobo-py,
50,pronto,147334,github:althonos/pronto,https://github.com/althonos/pronto,selected source,,https://pypi.org/pypi/pronto/json;https://github.com/althonos/pronto,
51,rust,141889,github:jackcurragh/rust,https://github.com/JackCurragh/RUST,selected source,,https://pypi.org/pypi/rust/json;https://github.com/JackCurragh/RUST,
52,cyvcf2,139807,github:brentp/cyvcf2,https://github.com/brentp/cyvcf2,selected source,,https://raw.githubusercontent.com/bioconda/bioconda-recipes/254ba2d4bcda7fe6ed2baa586bac6c35885a4b10/recipes/cyvcf2/meta.yaml;https://pypi.org/pypi/cyvcf2/json;https://github.com/brentp/cyvcf2,
53,pybedtools,137663,github:daler/pybedtools,https://github.com/daler/pybedtools,selected source,,https://raw.githubusercontent.com/bioconda/bioconda-recipes/254ba2d4bcda7fe6ed2baa586bac6c35885a4b10/recipes/pybedtools/meta.yaml;https://pypi.org/pypi/pybedtools/json;https://github.com/daler/pybedtools,
54,tmtools,135118,github:jvkersch/tmtools,https://github.com/jvkersch/tmtools,selected source,,https://pypi.org/pypi/tmtools/json;https://github.com/jvkersch/tmtools,
55,nilearn,133894,github:nilearn/nilearn,https://github.com/nilearn/nilearn,selected source,,https://pypi.org/pypi/nilearn/json;https://github.com/nilearn/nilearn,
56,pynwb,129433,github:neurodatawithoutborders/pynwb,https://github.com/NeurodataWithoutBorders/pynwb,selected source,,https://pypi.org/pypi/pynwb/json;https://github.com/NeurodataWithoutBorders/pynwb,
57,cwltool,124685,github:common-workflow-language/cwltool,https://github.com/common-workflow-language/cwltool,selected source,,https://pypi.org/pypi/cwltool/json;https://github.com/common-workflow-language/cwltool,
58,sssom,123552,github:mapping-commons/sssom-py,https://github.com/mapping-commons/sssom-py,selected source,,https://pypi.org/pypi/sssom/json;https://github.com/mapping-commons/sssom-py,
59,gprofiler-official,123463,https://files.pythonhosted.org/packages/ec/c1/d9252620d09a064247d1623ebc4732d624921a2ed80a677f8b9ce61810dd/gprofiler-official-1.0.0.tar.gz,https://files.pythonhosted.org/packages/ec/c1/d9252620d09a064247d1623ebc4732d624921a2ed80a677f8b9ce61810dd/gprofiler-official-1.0.0.tar.gz,selected source,,https://pypi.org/pypi/gprofiler-official/json,
60,neurokit2,123342,github:neuropsychology/neurokit,https://github.com/neuropsychology/NeuroKit,selected source,,https://pypi.org/pypi/neurokit2/json;https://github.com/neuropsychology/NeuroKit,
61,eutils,122910,github:biocommons/eutils,https://github.com/biocommons/eutils,selected source,,https://pypi.org/pypi/eutils/json;https://github.com/biocommons/eutils,
62,ome-types,117801,github:tlambert03/ome-types,https://github.com/tlambert03/ome-types,selected source,,https://pypi.org/pypi/ome-types/json;https://github.com/tlambert03/ome-types,
63,ndex2,115466,github:ndexbio/ndex2-client,https://github.com/ndexbio/ndex2-client,selected source,,https://pypi.org/pypi/ndex2/json;https://github.com/ndexbio/ndex2-client,
64,mudata,114678,github:scverse/mudata,https://github.com/scverse/mudata,selected source,,https://pypi.org/pypi/mudata/json;https://github.com/scverse/mudata,
65,pyhmmer,112915,github:althonos/pyhmmer,https://github.com/althonos/pyhmmer,selected source,,https://raw.githubusercontent.com/bioconda/bioconda-recipes/254ba2d4bcda7fe6ed2baa586bac6c35885a4b10/recipes/pyhmmer/meta.yaml;https://pypi.org/pypi/pyhmmer/json;https://github.com/althonos/pyhmmer,
66,napari-plugin-engine,108577,github:napari/napari-plugin-engine,https://github.com/napari/napari-plugin-engine,selected source,,https://pypi.org/pypi/napari-plugin-engine/json;https://github.com/napari/napari-plugin-engine,
67,ols-client,107881,github:cthoyt/ols-client,https://github.com/cthoyt/ols-client,selected source,,https://pypi.org/pypi/ols-client/json;https://github.com/cthoyt/ols-client,
68,openbabel-wheel,106683,github:openbabel/openbabel,https://github.com/openbabel/openbabel,selected source,,https://pypi.org/pypi/openbabel-wheel/json;https://pypi.org/pypi/openbabel/json;https://github.com/openbabel/openbabel,
69,cwl-upgrader,106087,github:common-workflow-language/cwl-upgrader,https://github.com/common-workflow-language/cwl-upgrader,selected source,,https://pypi.org/pypi/cwl-upgrader/json;https://github.com/common-workflow-language/cwl-upgrader,
70,napari,105860,github:napari/napari,https://github.com/napari/napari,selected source,,https://pypi.org/pypi/napari/json;https://github.com/napari/napari,
71,ete3,105013,github:etetoolkit/ete,https://github.com/etetoolkit/ete,selected source,,https://pypi.org/pypi/ete3/json;https://github.com/etetoolkit/ete,
72,logomaker,104869,github:jbkinney/logomaker,https://github.com/jbkinney/logomaker,selected source,,https://pypi.org/pypi/logomaker/json;https://github.com/jbkinney/logomaker,
73,pdbeccdutils,101565,github:pdbeurope/ccdutils,https://github.com/PDBeurope/ccdutils,selected source,,https://pypi.org/pypi/pdbeccdutils/json;https://github.com/PDBeurope/ccdutils,
74,neo,96554,github:neuralensemble/python-neo,https://github.com/NeuralEnsemble/python-neo,selected source,,https://pypi.org/pypi/neo/json;https://github.com/NeuralEnsemble/python-neo,
75,cellpose,96085,github:mouseland/cellpose,https://github.com/MouseLand/cellpose,selected source,,https://pypi.org/pypi/cellpose/json;https://github.com/MouseLand/cellpose,
76,dendropy,93312,github:jeetsukumaran/dendropy,https://github.com/jeetsukumaran/DendroPy,selected source,,https://raw.githubusercontent.com/bioconda/bioconda-recipes/254ba2d4bcda7fe6ed2baa586bac6c35885a4b10/recipes/dendropy/meta.yaml;https://pypi.org/pypi/dendropy/json;https://github.com/jeetsukumaran/DendroPy,
77,networkit,92812,,,excluded,General graph algorithms.,,
78,vesin,92788,,,excluded,General atomistic neighbor-list library; no biological scope established by the reviewed README.,,
79,chematic,88051,github:kent-tokyo/chematic,https://github.com/kent-tokyo/chematic,selected source,,https://pypi.org/pypi/chematic/json;https://github.com/kent-tokyo/chematic,
80,fitz,87836,,,excluded,"Current PyPI release is an undescribed 0.0.0 placeholder (August 11, 2026); historical neuroimaging metadata does not establish current biological source identity.",,
81,property-cached,85745,,,excluded,General Python property caching.,,
82,bioregistry,85374,github:biopragmatics/bioregistry,https://github.com/biopragmatics/bioregistry,selected source,,https://pypi.org/pypi/bioregistry/json;https://github.com/biopragmatics/bioregistry,
83,scikit-bio,83338,github:scikit-bio/scikit-bio,https://github.com/scikit-bio/scikit-bio,selected source,,https://pypi.org/pypi/scikit-bio/json;https://github.com/scikit-bio/scikit-bio,
84,fastcluster,80698,,,excluded,General clustering.,,
85,biom-format,79825,github:biocore/biom-format,https://github.com/biocore/biom-format,selected source,,https://pypi.org/pypi/biom-format/json;https://github.com/biocore/biom-format,
86,bioblend,79637,github:galaxyproject/bioblend,https://github.com/galaxyproject/bioblend,selected source,,https://pypi.org/pypi/bioblend/json;https://github.com/galaxyproject/bioblend,
87,trackpy,78048,github:soft-matter/trackpy,https://github.com/soft-matter/trackpy,selected source,,https://pypi.org/pypi/trackpy/json;https://github.com/soft-matter/trackpy,
88,nipype,77697,github:nipy/nipype,https://github.com/nipy/nipype,selected source,,https://pypi.org/pypi/nipype/json;https://github.com/nipy/nipype,
89,rdkit-pypi,77330,github:rdkit/rdkit,https://github.com/rdkit/rdkit,selected source,,https://pypi.org/pypi/rdkit/json;https://pypi.org/pypi/rdkit-pypi/json;https://github.com/rdkit/rdkit,
90,pyxdameraulevenshtein,76665,,,excluded,General string distance.,,
91,harmonypy,76481,github:slowkow/harmonypy,https://github.com/slowkow/harmonypy,selected source,,https://pypi.org/pypi/harmonypy/json;https://github.com/slowkow/harmonypy,
92,yacman,75892,,,excluded,General YAML configuration.,,
93,flowio,75354,github:whitews/flowio,https://github.com/whitews/FlowIO,selected source,,https://pypi.org/pypi/flowio/json;https://github.com/whitews/FlowIO,
94,bx-python,73674,github:bxlab/bx-python,https://github.com/bxlab/bx-python,selected source,,https://raw.githubusercontent.com/bioconda/bioconda-recipes/254ba2d4bcda7fe6ed2baa586bac6c35885a4b10/recipes/bx-python/meta.yaml;https://pypi.org/pypi/bx-python/json;https://github.com/bxlab/bx-python,
95,omnipath,72485,github:saezlab/omnipath,https://github.com/saezlab/omnipath,selected source,,https://pypi.org/pypi/omnipath/json;https://github.com/saezlab/omnipath,
96,descriptastorus,71801,github:bp-kelley/descriptastorus,https://github.com/bp-kelley/descriptastorus,selected source,,https://pypi.org/pypi/descriptastorus/json;https://github.com/bp-kelley/descriptastorus,
97,negspacy,70089,github:jenojp/negspacy,https://github.com/jenojp/negspacy,selected source,,https://pypi.org/pypi/negspacy/json;https://github.com/jenojp/negspacy,
98,pdb-tools,69870,github:haddocking/pdb-tools,https://github.com/haddocking/pdb-tools,selected source,,https://pypi.org/pypi/pdb-tools/json;https://github.com/haddocking/pdb-tools,
99,nglview,69861,github:nglviewer/nglview,https://github.com/nglviewer/nglview,selected source,,https://pypi.org/pypi/nglview/json;https://github.com/nglviewer/nglview,
100,tiledbsoma,69183,github:single-cell-data/tiledb-soma,https://github.com/single-cell-data/TileDB-SOMA,selected source,,https://pypi.org/pypi/tiledbsoma/json;https://github.com/single-cell-data/TileDB-SOMA,
101,squidpy,68203,github:scverse/squidpy,https://github.com/scverse/squidpy,selected source,,https://pypi.org/pypi/squidpy/json;https://github.com/scverse/squidpy,
102,meeko,67250,github:forlilab/meeko,https://github.com/forlilab/Meeko,selected source,,https://pypi.org/pypi/meeko/json;https://github.com/forlilab/Meeko,
103,packmol,66315,github:m3g/packmol,https://github.com/m3g/packmol,selected source,,https://pypi.org/pypi/packmol/json;https://github.com/m3g/packmol,
104,datamol,65979,github:datamol-io/datamol,https://github.com/datamol-io/datamol,selected source,,https://pypi.org/pypi/datamol/json;https://github.com/datamol-io/datamol,
105,bed-reader,65066,github:fastlmm/bed-reader,https://github.com/fastlmm/bed-reader,selected source,,https://pypi.org/pypi/bed-reader/json;https://github.com/fastlmm/bed-reader,
106,bioutils,64737,github:biocommons/bioutils,https://github.com/biocommons/bioutils,selected source,,https://pypi.org/pypi/bioutils/json;https://github.com/biocommons/bioutils,
107,viennarna,64217,github:viennarna/viennarna,https://github.com/ViennaRNA/ViennaRNA,selected source,,https://raw.githubusercontent.com/bioconda/bioconda-recipes/254ba2d4bcda7fe6ed2baa586bac6c35885a4b10/recipes/viennarna/meta.yaml;https://pypi.org/pypi/viennarna/json;https://github.com/ViennaRNA/ViennaRNA,
108,phylo-treetime,63102,github:neherlab/treetime,https://github.com/neherlab/treetime,selected source,,https://raw.githubusercontent.com/bioconda/bioconda-recipes/254ba2d4bcda7fe6ed2baa586bac6c35885a4b10/recipes/treetime/meta.yaml;https://pypi.org/pypi/phylo-treetime/json;https://github.com/neherlab/treetime,
109,epam-indigo,62398,github:epam/indigo,https://github.com/epam/Indigo,selected source,,https://pypi.org/pypi/epam-indigo/json;https://github.com/epam/Indigo,
110,pymbar,61187,github:choderalab/pymbar,https://github.com/choderalab/pymbar,selected source,,https://pypi.org/pypi/pymbar/json;https://github.com/choderalab/pymbar,
111,scrublet,60809,github:swolock/scrublet,https://github.com/swolock/scrublet,selected source,,https://pypi.org/pypi/scrublet/json;https://github.com/swolock/scrublet,
112,fabio,60308,,,excluded,General X-ray detector image I/O; no biological scope established by the reviewed README.,,
113,pymzml,59813,github:pymzml/pymzml,https://github.com/pymzml/pymzML,selected source,,https://pypi.org/pypi/pymzml/json;https://github.com/pymzml/pymzML,
114,chemprop,59662,github:chemprop/chemprop,https://github.com/chemprop/chemprop,selected source,,https://pypi.org/pypi/chemprop/json;https://github.com/chemprop/chemprop,
115,pysnptools,58086,github:fastlmm/pysnptools,https://github.com/fastlmm/PySnpTools,selected source,,https://pypi.org/pypi/pysnptools/json;https://github.com/fastlmm/PySnpTools,
116,pyranges,57838,github:pyranges/pyranges0,https://github.com/pyranges/pyranges0,selected source,,https://raw.githubusercontent.com/bioconda/bioconda-recipes/254ba2d4bcda7fe6ed2baa586bac6c35885a4b10/recipes/pyranges/meta.yaml;https://pypi.org/pypi/pyranges/json;https://github.com/pyranges/pyranges0,
117,biocommons-seqrepo,56800,github:biocommons/biocommons.seqrepo,https://github.com/biocommons/biocommons.seqrepo,selected source,,https://pypi.org/pypi/biocommons-seqrepo/json;https://github.com/biocommons/biocommons.seqrepo,
118,pybids,56644,github:bids-standard/pybids,https://github.com/bids-standard/pybids,selected source,,https://pypi.org/pypi/pybids/json;https://github.com/bids-standard/pybids,
119,cellxgene-census,56398,github:chanzuckerberg/cellxgene-census,https://github.com/chanzuckerberg/cellxgene-census,selected source,,https://pypi.org/pypi/cellxgene-census/json;https://github.com/chanzuckerberg/cellxgene-census,
120,ncls,56098,github:pyranges/ncls,https://github.com/pyranges/ncls,selected source,,https://raw.githubusercontent.com/bioconda/bioconda-recipes/254ba2d4bcda7fe6ed2baa586bac6c35885a4b10/recipes/ncls/meta.yaml;https://pypi.org/pypi/ncls/json;https://github.com/pyranges/ncls,
121,mappy,55652,github:lh3/minimap2,https://github.com/lh3/minimap2,selected source,,https://raw.githubusercontent.com/bioconda/bioconda-recipes/254ba2d4bcda7fe6ed2baa586bac6c35885a4b10/recipes/minimap2/meta.yaml;https://raw.githubusercontent.com/bioconda/bioconda-recipes/254ba2d4bcda7fe6ed2baa586bac6c35885a4b10/recipes/mappy/meta.yaml;https://pypi.org/pypi/mappy/json;https://github.com/lh3/minimap2,
122,scvi-tools,55483,github:scverse/scvi-tools,https://github.com/scverse/scvi-tools,selected source,,https://pypi.org/pypi/scvi-tools/json;https://github.com/scverse/scvi-tools,
123,vina,55398,github:ccsb-scripps/autodock-vina,https://github.com/ccsb-scripps/AutoDock-Vina,selected source,,https://pypi.org/pypi/vina/json;https://github.com/ccsb-scripps/AutoDock-Vina,
124,pyrodigal,54591,github:althonos/pyrodigal,https://github.com/althonos/pyrodigal,selected source,,https://raw.githubusercontent.com/bioconda/bioconda-recipes/254ba2d4bcda7fe6ed2baa586bac6c35885a4b10/recipes/pyrodigal/meta.yaml;https://pypi.org/pypi/pyrodigal/json;https://github.com/althonos/pyrodigal,
125,cobra,53851,github:opencobra/cobrapy,https://github.com/opencobra/cobrapy,selected source,,https://pypi.org/pypi/cobra/json;https://github.com/opencobra/cobrapy,
126,hydride,53772,github:biotite-dev/hydride,https://github.com/biotite-dev/hydride,selected source,,https://pypi.org/pypi/hydride/json;https://github.com/biotite-dev/hydride,
127,pyfamsa,52503,github:althonos/pyfamsa,https://github.com/althonos/pyfamsa,selected source,,https://pypi.org/pypi/pyfamsa/json;https://github.com/althonos/pyfamsa,
128,scoring-matrices,52426,github:althonos/scoring-matrices,https://github.com/althonos/scoring-matrices,selected source,,https://pypi.org/pypi/scoring-matrices/json;https://github.com/althonos/scoring-matrices,
129,pygad,52134,,,excluded,General optimization inspired by genetics.,,
130,scikit-multilearn,51927,,,excluded,General machine learning.,,
131,easydev,51841,,,excluded,General development utilities.,,
132,dnaio,51678,github:marcelm/dnaio,https://github.com/marcelm/dnaio,selected source,,https://raw.githubusercontent.com/bioconda/bioconda-recipes/254ba2d4bcda7fe6ed2baa586bac6c35885a4b10/recipes/dnaio/meta.yaml;https://pypi.org/pypi/dnaio/json;https://github.com/marcelm/dnaio,
133,propka,51295,github:jensengroup/propka,https://github.com/jensengroup/propka,selected source,,https://pypi.org/pypi/propka/json,
134,pycifrw,50194,,,excluded,General crystallographic file I/O; reviewed project scope does not establish biological analysis.,,
135,pyfastx,50169,github:lmdu/pyfastx,https://github.com/lmdu/pyfastx,selected source,,https://raw.githubusercontent.com/bioconda/bioconda-recipes/254ba2d4bcda7fe6ed2baa586bac6c35885a4b10/recipes/pyfastx/meta.yaml;https://pypi.org/pypi/pyfastx/json;https://github.com/lmdu/pyfastx,
136,pyliftover,49488,github:konstantint/pyliftover,https://github.com/konstantint/pyliftover,selected source,,https://pypi.org/pypi/pyliftover/json;https://github.com/konstantint/pyliftover,
137,obonet,49081,github:dhimmel/obonet,https://github.com/dhimmel/obonet,selected source,,https://pypi.org/pypi/obonet/json;https://github.com/dhimmel/obonet,
138,radboy,48767,,,excluded,Retail/list-management application; cellular means mobile devices.,,
139,dandi,48548,github:dandi/dandi-cli,https://github.com/dandi/dandi-cli,selected source,,https://pypi.org/pypi/dandi/json;https://github.com/dandi/dandi-cli,
140,pyradiomics,47570,github:aim-harvard/pyradiomics,https://github.com/AIM-Harvard/pyradiomics,selected source,,https://pypi.org/pypi/pyradiomics/json;https://github.com/AIM-Harvard/pyradiomics,
141,habanero,47321,,,excluded,General publication metadata client.,,
142,rcsb-api,46508,github:rcsb/py-rcsb-api,https://github.com/rcsb/py-rcsb-api,selected source,,https://pypi.org/pypi/rcsb-api/json;https://github.com/rcsb/py-rcsb-api,
143,mhctools,46239,github:openvax/mhctools,https://github.com/openvax/mhctools,selected source,,https://pypi.org/pypi/mhctools/json;https://github.com/openvax/mhctools,
144,prolif,45523,github:chemosim-lab/prolif,https://github.com/chemosim-lab/ProLIF,selected source,,https://pypi.org/pypi/prolif/json;https://github.com/chemosim-lab/ProLIF,
145,gffutils,45126,github:daler/gffutils,https://github.com/daler/gffutils,selected source,,https://raw.githubusercontent.com/bioconda/bioconda-recipes/254ba2d4bcda7fe6ed2baa586bac6c35885a4b10/recipes/gffutils/meta.yaml;https://pypi.org/pypi/gffutils/json;https://github.com/daler/gffutils,
146,hgvs,44959,github:biocommons/hgvs,https://github.com/biocommons/hgvs,selected source,,https://pypi.org/pypi/hgvs/json;https://github.com/biocommons/hgvs,
147,medspacy-quickumls,44824,github:medspacy/quickumls,https://github.com/medspacy/QuickUMLS,selected source,,https://pypi.org/pypi/medspacy-quickumls/json,
148,napari-plugin-manager,44723,github:napari/napari-plugin-manager,https://github.com/napari/napari-plugin-manager,selected source,,https://pypi.org/pypi/napari-plugin-manager/json;https://github.com/napari/napari-plugin-manager,
149,alphagenome,44327,github:google-deepmind/alphagenome,https://github.com/google-deepmind/alphagenome,selected source,,https://pypi.org/pypi/alphagenome/json;https://github.com/google-deepmind/alphagenome,
150,cg,44069,github:clinical-genomics/cg,https://github.com/Clinical-Genomics/cg,selected source,,https://pypi.org/pypi/cg/json;https://github.com/Clinical-Genomics/cg,
151,bioversions,43521,github:biopragmatics/bioversions,https://github.com/biopragmatics/bioversions,selected source,,https://pypi.org/pypi/bioversions/json;https://github.com/biopragmatics/bioversions,
152,prody,43080,github:prody/prody,https://github.com/prody/ProDy,selected source,,https://pypi.org/pypi/prody/json;https://github.com/prody/ProDy,
153,bioframe,42566,github:open2c/bioframe,https://github.com/open2c/bioframe,selected source,,https://pypi.org/pypi/bioframe/json;https://github.com/open2c/bioframe,
154,cutadapt,42560,github:marcelm/cutadapt,https://github.com/marcelm/cutadapt,selected source,,https://raw.githubusercontent.com/bioconda/bioconda-recipes/254ba2d4bcda7fe6ed2baa586bac6c35885a4b10/recipes/cutadapt/meta.yaml;https://pypi.org/pypi/cutadapt/json;https://github.com/marcelm/cutadapt,
155,fancyimpute,42490,,,excluded,General matrix imputation.,,
156,palantir,42110,github:dpeerlab/palantir,https://github.com/dpeerlab/Palantir,selected source,,https://pypi.org/pypi/palantir/json;https://github.com/dpeerlab/Palantir,
157,pephubclient,41704,github:pepkit/pephubclient,https://github.com/pepkit/pephubclient,selected source,,https://pypi.org/pypi/pephubclient/json,
158,drug-named-entity-recognition,41459,github:fastdatascience/drug_named_entity_recognition,https://github.com/fastdatascience/drug_named_entity_recognition,selected source,,https://pypi.org/pypi/drug-named-entity-recognition/json;https://github.com/fastdatascience/drug_named_entity_recognition,
159,gget,39828,github:scverse/gget,https://github.com/scverse/gget,selected source,,https://pypi.org/pypi/gget/json;https://github.com/scverse/gget,
160,sorted-nearest,39447,github:pyranges/sorted_nearest,https://github.com/pyranges/sorted_nearest,selected source,,https://raw.githubusercontent.com/bioconda/bioconda-recipes/254ba2d4bcda7fe6ed2baa586bac6c35885a4b10/recipes/sorted_nearest/meta.yaml;https://pypi.org/pypi/sorted-nearest/json;https://github.com/pyranges/sorted_nearest,
161,biolink-model,39339,github:biolink/biolink-model,https://github.com/biolink/biolink-model,selected source,,https://pypi.org/pypi/biolink-model/json,
162,pybigtools,39033,github:jackh726/bigtools,https://github.com/jackh726/bigtools,selected source,,https://pypi.org/pypi/pybigtools/json;https://github.com/jackh726/bigtools,
163,isa-rwval,38873,github:isa-tools/isa-rwval,https://github.com/ISA-tools/isa-rwval,selected source,,https://pypi.org/pypi/isa-rwval/json;https://github.com/ISA-tools/isa-rwval,
164,loompy,38616,github:linnarsson-lab/loompy,https://github.com/linnarsson-lab/loompy,selected source,,https://pypi.org/pypi/loompy/json;https://github.com/linnarsson-lab/loompy,
165,fooof,38495,github:fooof-tools/fooof,https://github.com/fooof-tools/fooof,selected source,,https://pypi.org/pypi/fooof/json;https://pypi.org/pypi/specparam/json;https://github.com/fooof-tools/fooof,
166,varcode,38352,github:openvax/varcode,https://github.com/openvax/varcode,selected source,,https://pypi.org/pypi/varcode/json;https://github.com/openvax/varcode,
167,bmt,38178,github:biolink/biolink-model-toolkit,https://github.com/biolink/biolink-model-toolkit,selected source,,https://pypi.org/pypi/bmt/json;https://github.com/biolink/biolink-model-toolkit,
168,pyensembl,38001,github:openvax/pyensembl,https://github.com/openvax/pyensembl,selected source,,https://pypi.org/pypi/pyensembl/json,
169,specparam,37819,github:fooof-tools/fooof,https://github.com/fooof-tools/fooof,selected source,,https://pypi.org/pypi/fooof/json;https://pypi.org/pypi/specparam/json;https://github.com/fooof-tools/fooof,
170,fprime-fpy,37434,,,excluded,Flight-software sequencing language; sequence keyword is unrelated to biology.,,
171,mmcif-pdbx,36914,github:electrostatics/mmcif_pdbx,https://github.com/Electrostatics/mmcif_pdbx,selected source,,https://pypi.org/pypi/mmcif-pdbx/json;https://github.com/Electrostatics/mmcif_pdbx,
172,mhcgnomes,36284,github:pirl-unc/mhcgnomes,https://github.com/pirl-unc/mhcgnomes,selected source,,https://pypi.org/pypi/mhcgnomes/json;https://github.com/pirl-unc/mhcgnomes,
173,alchemlyb,35964,github:alchemistry/alchemlyb,https://github.com/alchemistry/alchemlyb,selected source,,https://pypi.org/pypi/alchemlyb/json;https://github.com/alchemistry/alchemlyb,
174,genomepy,35249,github:vanheeringen-lab/genomepy,https://github.com/vanheeringen-lab/genomepy,selected source,,https://pypi.org/pypi/genomepy/json;https://github.com/vanheeringen-lab/genomepy,
175,tangermeme,35229,github:jmschrei/tangermeme,https://github.com/jmschrei/tangermeme,selected source,,https://pypi.org/pypi/tangermeme/json;https://github.com/jmschrei/tangermeme,
176,somadata,35187,github:somalogic/canopy,https://github.com/SomaLogic/Canopy,selected source,,https://pypi.org/pypi/somadata/json;https://github.com/SomaLogic/Canopy,
177,parasail,35161,github:jeffdaily/parasail-python,https://github.com/jeffdaily/parasail-python,selected source,,https://raw.githubusercontent.com/bioconda/bioconda-recipes/254ba2d4bcda7fe6ed2baa586bac6c35885a4b10/recipes/parasail-python/meta.yaml;https://pypi.org/pypi/parasail/json;https://github.com/jeffdaily/parasail-python,
178,tooluniverse,34967,,,excluded,General scientific tool/agent integration runtime; same scope rule as excluded general scientific agent platforms.,,
179,gtfparse,34815,github:openvax/gtfparse,https://github.com/openvax/gtfparse,selected source,,https://pypi.org/pypi/gtfparse/json;https://github.com/openvax/gtfparse,
180,bionty,34512,github:laminlabs/bionty,https://github.com/laminlabs/bionty,selected source,,https://pypi.org/pypi/bionty/json;https://github.com/laminlabs/bionty,
181,vesin-torch,34396,,,excluded,PyTorch interface to the same general neighbor-list library excluded as vesin.,,
182,lammps,34284,github:lammps/lammps,https://github.com/lammps/lammps,selected source,,https://pypi.org/pypi/lammps/json;https://github.com/lammps/lammps,
183,topiary,33947,github:openvax/topiary,https://github.com/openvax/topiary,selected source,,https://pypi.org/pypi/topiary/json;https://github.com/openvax/topiary,
184,isovar,33563,github:openvax/isovar,https://github.com/openvax/isovar,selected source,,https://pypi.org/pypi/isovar/json;https://github.com/openvax/isovar,
185,memelite,33479,github:jmschrei/memesuite-lite,https://github.com/jmschrei/memesuite-lite,selected source,,https://pypi.org/pypi/memelite/json;https://github.com/jmschrei/memesuite-lite,
186,pyjaspar,33410,github:asntech/pyjaspar,https://github.com/asntech/pyjaspar,selected source,,https://pypi.org/pypi/pyjaspar/json;https://github.com/asntech/pyjaspar,
187,pdb2pqr,33231,github:electrostatics/pdb2pqr,https://github.com/Electrostatics/pdb2pqr,selected source,,https://pypi.org/pypi/pdb2pqr/json,
188,e3fp,33118,github:keiserlab/e3fp,https://github.com/keiserlab/e3fp,selected source,,https://pypi.org/pypi/e3fp/json;https://github.com/keiserlab/e3fp,
189,piper,33034,github:databio/pypiper,https://github.com/databio/pypiper,selected source,,https://pypi.org/pypi/piper/json;https://github.com/databio/pypiper,
190,ngff-zarr,32814,github:fideus-labs/ngff-zarr,https://github.com/fideus-labs/ngff-zarr,selected source,,https://pypi.org/pypi/ngff-zarr/json;https://github.com/fideus-labs/ngff-zarr,
191,scikit-fingerprints,32642,github:mlcil/scikit-fingerprints,https://github.com/MLCIL/scikit-fingerprints,selected source,,https://pypi.org/pypi/scikit-fingerprints/json;https://github.com/MLCIL/scikit-fingerprints,
192,nolds,32530,,,excluded,General nonlinear time-series measures; no dedicated biological workflow in reviewed package scope.,,
193,hitlist,32477,github:pirl-unc/hitlist,https://github.com/pirl-unc/hitlist,selected source,,https://pypi.org/pypi/hitlist/json;https://github.com/pirl-unc/hitlist,
194,transformnd,31971,github:clbarnes/transformnd,https://github.com/clbarnes/transformnd,selected source,,https://pypi.org/pypi/transformnd/json;https://github.com/clbarnes/transformnd,
195,tskit,31755,github:tskit-dev/tskit,https://github.com/tskit-dev/tskit,selected source,,https://pypi.org/pypi/tskit/json;https://github.com/tskit-dev/tskit,
196,pyfai,31279,,,excluded,General detector-image azimuthal integration for diffraction; biological scope not established.,,
197,decoupler,31244,github:scverse/decoupler,https://github.com/scverse/decoupler,selected source,,https://pypi.org/pypi/decoupler/json;https://github.com/scverse/decoupler,
198,jarvis-tools,31172,,,excluded,Atomistic materials design.,,
199,lamindb,30401,github:laminlabs/lamindb,https://github.com/laminlabs/lamindb,selected source,,https://pypi.org/pypi/lamindb/json;https://pypi.org/pypi/lamindb-core/json;https://github.com/laminlabs/lamindb,
200,scispacy,30345,github:allenai/scispacy,https://github.com/allenai/scispacy,selected source,,https://pypi.org/pypi/scispacy/json;https://github.com/allenai/scispacy,
201,braindecode,30268,github:braindecode/braindecode,https://github.com/braindecode/braindecode,selected source,,https://pypi.org/pypi/braindecode/json;https://github.com/braindecode/braindecode,
202,marsilea,30242,github:marsilea-viz/marsilea,https://github.com/Marsilea-viz/marsilea,selected source,,https://pypi.org/pypi/marsilea/json;https://github.com/Marsilea-viz/marsilea,
203,ledidi,30061,github:jmschrei/ledidi,https://github.com/jmschrei/ledidi,selected source,,https://pypi.org/pypi/ledidi/json;https://github.com/jmschrei/ledidi,
204,openbabel,29875,github:openbabel/openbabel,https://github.com/openbabel/openbabel,selected source,,https://pypi.org/pypi/openbabel-wheel/json;https://pypi.org/pypi/openbabel/json;https://github.com/openbabel/openbabel,
205,elephant,29596,github:neuralensemble/elephant,https://github.com/NeuralEnsemble/elephant,selected source,,https://pypi.org/pypi/elephant/json;https://github.com/NeuralEnsemble/elephant,
206,centrosome,29501,github:cellprofiler/centrosome,https://github.com/CellProfiler/centrosome,selected source,,https://pypi.org/pypi/centrosome/json;https://github.com/CellProfiler/centrosome,
207,vaxrank,29452,github:openvax/vaxrank,https://github.com/openvax/vaxrank,selected source,,https://pypi.org/pypi/vaxrank/json;https://github.com/openvax/vaxrank,
208,fcsparser,29409,github:eyurtsev/fcsparser,https://github.com/eyurtsev/fcsparser,selected source,,https://pypi.org/pypi/fcsparser/json,
209,msprime,29121,github:tskit-dev/msprime,https://github.com/tskit-dev/msprime,selected source,,https://pypi.org/pypi/msprime/json;https://github.com/tskit-dev/msprime,
210,bpnet-lite,29097,github:jmschrei/bpnet-lite,https://github.com/jmschrei/bpnet-lite,selected source,,https://pypi.org/pypi/bpnet-lite/json;https://github.com/jmschrei/bpnet-lite,
211,mol-hume,28794,https://files.pythonhosted.org/packages/80/83/cf3f09a8d7ab1fffb48452d6d4d509e7e8587371fc99c7408b2f32b4bb15/mol_hume-1.0.1.tar.gz,https://files.pythonhosted.org/packages/80/83/cf3f09a8d7ab1fffb48452d6d4d509e7e8587371fc99c7408b2f32b4bb15/mol_hume-1.0.1.tar.gz,selected source,,https://pypi.org/pypi/mol-hume/json,
212,smoldyn,28789,github:ssandrews/smoldyn,https://github.com/ssandrews/Smoldyn,selected source,,https://pypi.org/pypi/smoldyn/json,
213,medical-named-entity-recognition,28747,github:fastdatascience/medical_named_entity_recognition,https://github.com/fastdatascience/medical_named_entity_recognition,selected source,,https://pypi.org/pypi/medical-named-entity-recognition/json;https://github.com/fastdatascience/medical_named_entity_recognition,
214,tmol,28506,github:uw-ipd/tmol,https://github.com/uw-ipd/tmol,selected source,,https://pypi.org/pypi/tmol/json;https://github.com/uw-ipd/tmol,
215,refgenie,28456,github:refgenie/refgenie,https://github.com/refgenie/refgenie,selected source,,https://pypi.org/pypi/refgenie/json;https://github.com/refgenie/refgenie,
216,multiqc,28333,github:multiqc/multiqc,https://github.com/MultiQC/MultiQC,selected source,,https://raw.githubusercontent.com/bioconda/bioconda-recipes/254ba2d4bcda7fe6ed2baa586bac6c35885a4b10/recipes/multiqc/meta.yaml;https://pypi.org/pypi/multiqc/json;https://github.com/MultiQC/MultiQC,
217,pymatviz,28304,,,excluded,Materials-informatics visualization.,,
218,datacache,27695,github:openvax/datacache,https://github.com/openvax/datacache,selected source,,https://pypi.org/pypi/datacache/json;https://github.com/openvax/datacache,
219,sccoord,27494,https://files.pythonhosted.org/packages/18/9a/d93f18f0752a6a2ccb5ea32bd37f11aede844a6cf33c03e3c18e4aebf3b9/sccoord-1.6.100.tar.gz,https://files.pythonhosted.org/packages/18/9a/d93f18f0752a6a2ccb5ea32bd37f11aede844a6cf33c03e3c18e4aebf3b9/sccoord-1.6.100.tar.gz,selected source,,https://pypi.org/pypi/sccoord/json,
220,posebusters,27165,github:maabuu/posebusters,https://github.com/maabuu/posebusters,selected source,,https://pypi.org/pypi/posebusters/json;https://github.com/maabuu/posebusters,
221,sella,27004,,,excluded,General atomic saddle-point optimization; no biological scope established.,,
222,brian2,26777,github:brian-team/brian2,https://github.com/brian-team/brian2,selected source,,https://pypi.org/pypi/brian2/json;https://github.com/brian-team/brian2,
223,bioio,26701,github:bioio-devs/bioio,https://github.com/bioio-devs/bioio,selected source,,https://pypi.org/pypi/bioio/json;https://github.com/bioio-devs/bioio,
224,dclab,26549,github:dc-analysis/dclab,https://github.com/DC-analysis/dclab,selected source,,https://pypi.org/pypi/dclab/json;https://github.com/DC-analysis/dclab,
225,aicspylibczi,26382,github:bioio-devs/aicspylibczi,https://github.com/bioio-devs/aicspylibczi,selected source,,https://pypi.org/pypi/aicspylibczi/json;https://github.com/bioio-devs/aicspylibczi,
226,dockq,26337,github:wallnerlab/dockq,https://github.com/wallnerlab/DockQ,selected source,,https://pypi.org/pypi/dockq/json;https://github.com/wallnerlab/DockQ,
227,seam,25693,,,excluded,Current project is a smart-device API; historical metadata does not establish biological scope.,,
228,parmed,25527,github:parmed/parmed,https://github.com/ParmEd/ParmEd,selected source,,https://pypi.org/pypi/parmed/json,
229,synapseclient,25500,github:sage-bionetworks/synapsepythonclient,https://github.com/Sage-Bionetworks/synapsePythonClient,selected source,,https://pypi.org/pypi/synapseclient/json;https://github.com/Sage-Bionetworks/synapsePythonClient,
230,crypt4gh,25462,github:ega-archive/crypt4gh,https://github.com/EGA-archive/crypt4gh,selected source,,https://pypi.org/pypi/crypt4gh/json;https://github.com/EGA-archive/crypt4gh,
231,hyperspy,25142,,,excluded,General multidimensional signal analysis; biological scope not established by reviewed package description.,,
232,lamindb-core,24411,github:laminlabs/lamindb,https://github.com/laminlabs/lamindb,selected source,,https://pypi.org/pypi/lamindb/json;https://pypi.org/pypi/lamindb-core/json;https://github.com/laminlabs/lamindb,
233,neuroharmonize,24099,github:rpomponio/neuroharmonize,https://github.com/rpomponio/neuroHarmonize,selected source,,https://pypi.org/pypi/neuroharmonize/json;https://github.com/rpomponio/neuroHarmonize,
234,geoparse,23928,github:guma44/geoparse,https://github.com/guma44/GEOparse,selected source,,https://pypi.org/pypi/geoparse/json;https://github.com/guma44/GEOparse,
235,biopandas,23926,github:biopandas/biopandas,https://github.com/BioPandas/biopandas,selected source,,https://pypi.org/pypi/biopandas/json;https://github.com/BioPandas/biopandas,
236,matchms,23920,github:matchms/matchms,https://github.com/matchms/matchms,selected source,,https://pypi.org/pypi/matchms/json;https://github.com/matchms/matchms,
237,morfeus-ml,23750,github:digital-chemistry-laboratory/morfeus,https://github.com/digital-chemistry-laboratory/morfeus,selected source,,https://pypi.org/pypi/morfeus-ml/json;https://github.com/digital-chemistry-laboratory/morfeus,
238,molmass,23680,github:cgohlke/molmass,https://github.com/cgohlke/molmass,selected source,,https://pypi.org/pypi/molmass/json;https://github.com/cgohlke/molmass,
239,nf-core,23678,github:nf-core/tools,https://github.com/nf-core/tools,selected source,,https://pypi.org/pypi/nf-core/json;https://github.com/nf-core/tools,
240,biomcp-python,23234,github:genomoncology/biomcp,https://github.com/genomoncology/biomcp,selected source,,https://pypi.org/pypi/biomcp-python/json;https://github.com/genomoncology/biomcp,
241,aot-biomaps,23117,github:lucasduclos/acoustooptictomography,https://github.com/LucasDuclos/AcoustoOpticTomography,selected source,,https://pypi.org/pypi/aot-biomaps/json;https://github.com/LucasDuclos/AcoustoOpticTomography,
242,jax-md,23101,github:jax-md/jax-md,https://github.com/jax-md/jax-md,selected source,,https://pypi.org/pypi/jax-md/json;https://github.com/jax-md/jax-md,
243,starfish,23064,github:spacetx/starfish,https://github.com/spacetx/starfish,selected source,,https://pypi.org/pypi/starfish/json;https://github.com/spacetx/starfish,
244,molify,23060,,,excluded,General atomistic structure construction and molecular simulation interfaces; biological scope not established.,,
245,structuregraph-helpers,22592,,,excluded,General structure graph utilities associated with materials modeling.,,
246,templateflow,22400,github:templateflow/python-client,https://github.com/templateflow/python-client,selected source,,https://pypi.org/pypi/templateflow/json;https://github.com/templateflow/python-client,
247,dimorphite-dl,22370,github:durrantlab/dimorphite_dl,https://github.com/durrantlab/dimorphite_dl,selected source,,https://pypi.org/pypi/dimorphite-dl/json;https://github.com/durrantlab/dimorphite_dl,
248,metapub,22350,github:metapub/metapub,https://github.com/metapub/metapub,selected source,,https://pypi.org/pypi/metapub/json,
249,goatools,21313,github:tanghaibao/goatools,https://github.com/tanghaibao/goatools,selected source,,https://pypi.org/pypi/goatools/json;https://github.com/tanghaibao/goatools,
250,promb,21219,github:msdllcpapers/promb,https://github.com/MSDLLCpapers/promb,below cutoff; eligibility not exhaustively reviewed,,https://pypi.org/pypi/promb/json;https://github.com/MSDLLCpapers/promb,
251,miniwdl,21192,github:chanzuckerberg/miniwdl,https://github.com/chanzuckerberg/miniwdl,below cutoff; eligibility not exhaustively reviewed,,https://pypi.org/pypi/miniwdl/json;https://github.com/chanzuckerberg/miniwdl,
252,upet,21182,,,excluded,Interatomic potentials for materials modeling.,,
253,sequence-align,20990,github:kensho-technologies/sequence_align,https://github.com/kensho-technologies/sequence_align,below cutoff; eligibility not exhaustively reviewed,,https://pypi.org/pypi/sequence-align/json;https://github.com/kensho-technologies/sequence_align,
254,upd,20613,,,excluded,General software dependency update tool.,,
255,kups,20563,github:cusp-ai-oss/kups,https://github.com/cusp-ai-oss/kUPS,below cutoff; eligibility not exhaustively reviewed,,https://pypi.org/pypi/kups/json;https://github.com/cusp-ai-oss/kUPS,
256,visual-genome,20388,,,excluded,General computer-vision dataset; genome keyword is unrelated to biological genomics.,,
257,myvariant,20032,github:biothings/myvariant.py,https://github.com/biothings/myvariant.py,below cutoff; eligibility not exhaustively reviewed,,https://pypi.org/pypi/myvariant/json;https://github.com/biothings/myvariant.py,
258,niworkflows,20004,github:nipreps/niworkflows,https://github.com/nipreps/niworkflows,below cutoff; eligibility not exhaustively reviewed,,https://pypi.org/pypi/niworkflows/json;https://github.com/nipreps/niworkflows,
259,robocrys,19889,,,excluded,General crystal-structure descriptions for materials.,,
260,star-magic-program,19809,,,excluded,Downhole gauge and generic physics/engineering software; no biological scope.,,
261,plinkio,19696,github:mfranberg/libplinkio,https://github.com/mfranberg/libplinkio,below cutoff; eligibility not exhaustively reviewed,,https://pypi.org/pypi/plinkio/json;https://github.com/mfranberg/libplinkio,
262,pymol-open-source,19430,github:schrodinger/pymol-open-source,https://github.com/schrodinger/pymol-open-source,below cutoff; eligibility not exhaustively reviewed,,https://pypi.org/pypi/pymol-open-source/json;https://github.com/schrodinger/pymol-open-source,
263,taggd,19376,github:jfnavarro/taggd,https://github.com/jfnavarro/taggd,below cutoff; eligibility not exhaustively reviewed,,https://pypi.org/pypi/taggd/json;https://github.com/jfnavarro/taggd,
264,efel,19352,github:openbraininstitute/efel,https://github.com/openbraininstitute/efel,below cutoff; eligibility not exhaustively reviewed,,https://pypi.org/pypi/efel/json,
265,linkml-validator,19352,,,excluded,General schema validation.,,
266,tiffslide,19334,github:bayer-group/tiffslide,https://github.com/Bayer-Group/tiffslide,below cutoff; eligibility not exhaustively reviewed,,https://pypi.org/pypi/tiffslide/json;https://github.com/Bayer-Group/tiffslide,
267,admet-ai,19313,github:swansonk14/admet_ai,https://github.com/swansonk14/admet_ai,below cutoff; eligibility not exhaustively reviewed,,https://pypi.org/pypi/admet-ai/json;https://github.com/swansonk14/admet_ai,
268,hail,19286,github:hail-is/hail,https://github.com/hail-is/hail,below cutoff; eligibility not exhaustively reviewed,,https://pypi.org/pypi/hail/json;https://github.com/hail-is/hail,
269,datajoint,19203,github:datajoint/datajoint-python,https://github.com/datajoint/datajoint-python,below cutoff; eligibility not exhaustively reviewed,,https://pypi.org/pypi/datajoint/json;https://github.com/datajoint/datajoint-python,
270,pymcr,19185,github:usnistgov/pymcr,https://github.com/usnistgov/pyMCR,below cutoff; eligibility not exhaustively reviewed,,https://pypi.org/pypi/pymcr/json;https://github.com/usnistgov/pyMCR,
271,screed,18698,github:dib-lab/screed,https://github.com/dib-lab/screed,below cutoff; eligibility not exhaustively reviewed,,https://pypi.org/pypi/screed/json;https://github.com/dib-lab/screed,
272,colormap,18542,,,excluded,General colormap utilities.,,
273,mhcflurry,18534,github:openvax/mhcflurry,https://github.com/openvax/mhcflurry,below cutoff; eligibility not exhaustively reviewed,,https://pypi.org/pypi/mhcflurry/json;https://github.com/openvax/mhcflurry,
274,altanalyze,18361,http://www.altanalyze.org,http://www.altanalyze.org,below cutoff; eligibility not exhaustively reviewed,,https://pypi.org/pypi/altanalyze/json,
275,pydna,18336,github:pydna-group/pydna,https://github.com/pydna-group/pydna,below cutoff; eligibility not exhaustively reviewed,,https://pypi.org/pypi/pydna/json;https://github.com/pydna-group/pydna,
276,morphio,18276,github:openbraininstitute/morphio,https://github.com/openbraininstitute/morphio,below cutoff; eligibility not exhaustively reviewed,,https://pypi.org/pypi/morphio/json,
277,leabra-psyneulink,18273,github:dillontsmith/leabra,https://github.com/dillontsmith/leabra,below cutoff; eligibility not exhaustively reviewed,,https://pypi.org/pypi/leabra-psyneulink/json;https://github.com/dillontsmith/leabra,
278,memori,18234,,,excluded,General AI memory SDK.,,
279,rainbow-api,18158,github:evanyeyeye/rainbow,https://github.com/evanyeyeye/rainbow,below cutoff; eligibility not exhaustively reviewed,,https://pypi.org/pypi/rainbow-api/json;https://github.com/evanyeyeye/rainbow,
280,tablassert,18094,github:skyeav/tablassert,https://github.com/SkyeAv/Tablassert,below cutoff; eligibility not exhaustively reviewed,,https://pypi.org/pypi/tablassert/json;https://github.com/SkyeAv/Tablassert,
281,kinisi,17891,github:kinisi-dev/kinisi,https://github.com/kinisi-dev/kinisi,below cutoff; eligibility not exhaustively reviewed,,https://pypi.org/pypi/kinisi/json;https://github.com/kinisi-dev/kinisi,
282,pyclustering,17881,,,excluded,General clustering algorithms.,,
283,ipi,17820,github:i-pi/i-pi,https://github.com/i-pi/i-pi,below cutoff; eligibility not exhaustively reviewed,,https://pypi.org/pypi/ipi/json;https://github.com/i-pi/i-pi,
284,modeci-mdf,17761,github:modeci/mdf,https://github.com/ModECI/MDF,below cutoff; eligibility not exhaustively reviewed,,https://pypi.org/pypi/modeci-mdf/json;https://github.com/ModECI/MDF,
285,pyvcf,17349,github:jamescasbon/pyvcf,https://github.com/jamescasbon/PyVCF,below cutoff; eligibility not exhaustively reviewed,,https://pypi.org/pypi/pyvcf/json;https://github.com/jamescasbon/PyVCF,
286,bgen,17304,github:jeremymcrae/bgen,https://github.com/jeremymcrae/bgen,below cutoff; eligibility not exhaustively reviewed,,https://pypi.org/pypi/bgen/json;https://github.com/jeremymcrae/bgen,
287,chemfiles,17193,github:chemfiles/chemfiles.py,https://github.com/chemfiles/chemfiles.py,below cutoff; eligibility not exhaustively reviewed,,https://pypi.org/pypi/chemfiles/json;https://github.com/chemfiles/chemfiles.py,
288,medmnist,17188,github:medmnist/medmnist,https://github.com/MedMNIST/MedMNIST,below cutoff; eligibility not exhaustively reviewed,,https://pypi.org/pypi/medmnist/json;https://github.com/MedMNIST/MedMNIST,
289,ccp4i2,17142,github:ccp4/ccp4i2,https://github.com/ccp4/ccp4i2,below cutoff; eligibility not exhaustively reviewed,,https://pypi.org/pypi/ccp4i2/json;https://github.com/ccp4/ccp4i2,
290,pyquante2,16997,github:rpmuller/pyquante2,https://github.com/rpmuller/pyquante2,below cutoff; eligibility not exhaustively reviewed,,https://pypi.org/pypi/pyquante2/json;https://github.com/rpmuller/pyquante2,
291,htseq,16779,github:htseq/htseq,https://github.com/htseq/htseq,below cutoff; eligibility not exhaustively reviewed,,https://raw.githubusercontent.com/bioconda/bioconda-recipes/254ba2d4bcda7fe6ed2baa586bac6c35885a4b10/recipes/htseq/meta.yaml;https://pypi.org/pypi/htseq/json;https://github.com/htseq/htseq,
292,snntorch,16677,,,excluded,General brain-inspired machine learning; same exclusion as GitHub screen.,,
293,hbat,16662,github:abhishektiwari/hbat,https://github.com/abhishektiwari/hbat,below cutoff; eligibility not exhaustively reviewed,,https://pypi.org/pypi/hbat/json;https://github.com/abhishektiwari/hbat,
294,latch,16652,github:latchbio/latch,https://github.com/latchbio/latch,below cutoff; eligibility not exhaustively reviewed,,https://pypi.org/pypi/latch/json;https://github.com/latchbio/latch,
295,molviewspec,16426,github:molstar/mol-view-spec,https://github.com/molstar/mol-view-spec,below cutoff; eligibility not exhaustively reviewed,,https://pypi.org/pypi/molviewspec/json;https://github.com/molstar/mol-view-spec,
296,bioservices,16253,github:cokelaer/bioservices,https://github.com/cokelaer/bioservices,below cutoff; eligibility not exhaustively reviewed,,https://pypi.org/pypi/bioservices/json;https://github.com/cokelaer/bioservices,
297,pmapper,16099,github:drrdom/pmapper,https://github.com/DrrDom/pmapper,below cutoff; eligibility not exhaustively reviewed,,https://pypi.org/pypi/pmapper/json;https://github.com/DrrDom/pmapper,
298,liana,15838,github:scverse/liana,https://github.com/scverse/liana,below cutoff; eligibility not exhaustively reviewed,,https://pypi.org/pypi/liana/json;https://github.com/scverse/liana,
299,interlap,15812,http://brentp.github.io/interlap,http://brentp.github.io/interlap,below cutoff; eligibility not exhaustively reviewed,,https://pypi.org/pypi/interlap/json,
300,cloud-volume,15768,github:seung-lab/cloud-volume,https://github.com/seung-lab/cloud-volume,below cutoff; eligibility not exhaustively reviewed,,https://pypi.org/pypi/cloud-volume/json;https://github.com/seung-lab/cloud-volume,
301,biomart,15715,github:sebriois/biomart,https://github.com/sebriois/biomart,below cutoff; eligibility not exhaustively reviewed,,https://pypi.org/pypi/biomart/json;https://github.com/sebriois/biomart,
302,btrack,15474,github:quantumjot/btrack,https://github.com/quantumjot/btrack,below cutoff; eligibility not exhaustively reviewed,,https://pypi.org/pypi/btrack/json;https://github.com/quantumjot/btrack,
303,pygbif,15474,github:gbif/pygbif,https://github.com/gbif/pygbif,below cutoff; eligibility not exhaustively reviewed,,https://pypi.org/pypi/pygbif/json;https://github.com/gbif/pygbif,
304,vdjtools,15203,github:antigenomics/vdjtools,https://github.com/antigenomics/vdjtools,below cutoff; eligibility not exhaustively reviewed,,https://pypi.org/pypi/vdjtools/json;https://github.com/antigenomics/vdjtools,
305,pdex,15124,https://files.pythonhosted.org/packages/a7/bf/c4a8b47f55557cf555711ba8aaff56f7ddacf64795f99629caf8fe9e4af0/pdex-0.3.0.tar.gz,https://files.pythonhosted.org/packages/a7/bf/c4a8b47f55557cf555711ba8aaff56f7ddacf64795f99629caf8fe9e4af0/pdex-0.3.0.tar.gz,below cutoff; eligibility not exhaustively reviewed,,https://pypi.org/pypi/pdex/json,
306,nitime,14797,github:nipy/nitime,https://github.com/nipy/nitime,below cutoff; eligibility not exhaustively reviewed,,https://pypi.org/pypi/nitime/json;https://github.com/nipy/nitime,
307,opentrons,14787,github:opentrons/opentrons,https://github.com/Opentrons/opentrons,below cutoff; eligibility not exhaustively reviewed,,https://pypi.org/pypi/opentrons/json;https://github.com/Opentrons/opentrons,
308,macs3,14652,github:macs3-project/macs,https://github.com/macs3-project/MACS,below cutoff; eligibility not exhaustively reviewed,,https://raw.githubusercontent.com/bioconda/bioconda-recipes/254ba2d4bcda7fe6ed2baa586bac6c35885a4b10/recipes/macs2/meta.yaml;https://pypi.org/pypi/macs3/json;https://github.com/macs3-project/MACS,
309,celltypist,14602,github:teichlab/celltypist,https://github.com/Teichlab/celltypist,below cutoff; eligibility not exhaustively reviewed,,https://pypi.org/pypi/celltypist/json;https://github.com/Teichlab/celltypist,
310,nitransforms,14377,github:nipy/nitransforms,https://github.com/nipy/nitransforms,below cutoff; eligibility not exhaustively reviewed,,https://pypi.org/pypi/nitransforms/json;https://github.com/nipy/nitransforms,
311,seguid,14272,github:seguid/seguid-python,https://github.com/seguid/seguid-python,below cutoff; eligibility not exhaustively reviewed,,https://pypi.org/pypi/seguid/json;https://github.com/seguid/seguid-python,
312,muon,14244,github:scverse/muon,https://github.com/scverse/muon,below cutoff; eligibility not exhaustively reviewed,,https://pypi.org/pypi/muon/json;https://github.com/scverse/muon,
313,escapepod,14166,github:rnabioco/escapepod-rs,https://github.com/rnabioco/escapepod-rs,below cutoff; eligibility not exhaustively reviewed,,https://pypi.org/pypi/escapepod/json;https://github.com/rnabioco/escapepod-rs,
314,py2bit,13957,github:deeptools/py2bit,https://github.com/deeptools/py2bit,below cutoff; eligibility not exhaustively reviewed,,https://raw.githubusercontent.com/bioconda/bioconda-recipes/254ba2d4bcda7fe6ed2baa586bac6c35885a4b10/recipes/py2bit/meta.yaml;https://pypi.org/pypi/py2bit/json;https://github.com/deeptools/py2bit,
315,arda-mapper,13896,github:antigenomics/arda,https://github.com/antigenomics/arda,below cutoff; eligibility not exhaustively reviewed,,https://pypi.org/pypi/arda-mapper/json;https://github.com/antigenomics/arda,
316,biocutils,13807,github:biocpy/biocutils,https://github.com/BiocPy/biocutils,below cutoff; eligibility not exhaustively reviewed,,https://pypi.org/pypi/biocutils/json;https://github.com/BiocPy/biocutils,
317,pyvcf3,13792,github:dridk/pyvcf3,https://github.com/dridk/PyVCF3,below cutoff; eligibility not exhaustively reviewed,,https://raw.githubusercontent.com/bioconda/bioconda-recipes/254ba2d4bcda7fe6ed2baa586bac6c35885a4b10/recipes/pyvcf3/meta.yaml;https://pypi.org/pypi/pyvcf3/json;https://github.com/dridk/PyVCF3,
318,nd2reader,13660,github:rbnvrw/nd2reader,https://github.com/rbnvrw/nd2reader,below cutoff; eligibility not exhaustively reviewed,,https://pypi.org/pypi/nd2reader/json,
319,bnlearn,13625,github:erdogant/bnlearn,https://github.com/erdogant/bnlearn,below cutoff; eligibility not exhaustively reviewed,,https://pypi.org/pypi/bnlearn/json;https://github.com/erdogant/bnlearn,
320,osteosarc,13579,github:iskandr/osteosarc,https://github.com/iskandr/osteosarc,below cutoff; eligibility not exhaustively reviewed,,https://pypi.org/pypi/osteosarc/json;https://github.com/iskandr/osteosarc,
321,toil,13570,github:databiosphere/toil,https://github.com/DataBiosphere/toil,below cutoff; eligibility not exhaustively reviewed,,https://pypi.org/pypi/toil/json;https://github.com/DataBiosphere/toil,
322,pyabf,13418,github:swharden/pyabf,https://github.com/swharden/pyABF,below cutoff; eligibility not exhaustively reviewed,,https://pypi.org/pypi/pyabf/json;https://github.com/swharden/pyABF,
323,liftover,13277,github:jeremymcrae/liftover,https://github.com/jeremymcrae/liftover,below cutoff; eligibility not exhaustively reviewed,,https://pypi.org/pypi/liftover/json;https://github.com/jeremymcrae/liftover,
324,napari-omero,13113,github:ome/napari-omero,https://github.com/ome/napari-omero,below cutoff; eligibility not exhaustively reviewed,,https://pypi.org/pypi/napari-omero/json;https://github.com/ome/napari-omero,
325,moss,13024,github:usemoss/moss-samples,https://github.com/usemoss/moss-samples,below cutoff; eligibility not exhaustively reviewed,,https://pypi.org/pypi/moss/json,
326,openneuro-py,12888,github:openneuro-py/openneuro-py,https://github.com/openneuro-py/openneuro-py,below cutoff; eligibility not exhaustively reviewed,,https://pypi.org/pypi/openneuro-py/json;https://github.com/openneuro-py/openneuro-py,
327,intermine,12834,http://www.intermine.org,http://www.intermine.org,below cutoff; eligibility not exhaustively reviewed,,https://pypi.org/pypi/intermine/json,
328,webknossos,12632,github:scalableminds/webknossos-libs,https://github.com/scalableminds/webknossos-libs,below cutoff; eligibility not exhaustively reviewed,,https://pypi.org/pypi/webknossos/json;https://github.com/scalableminds/webknossos-libs,
329,suffix-tree,12531,github:cceh/suffix-tree,https://github.com/cceh/suffix-tree,below cutoff; eligibility not exhaustively reviewed,,https://pypi.org/pypi/suffix-tree/json;https://github.com/cceh/suffix-tree,
330,deeptoolsintervals,12520,github:deeptools/deeptools_intervals,https://github.com/deeptools/deeptools_intervals,below cutoff; eligibility not exhaustively reviewed,,https://pypi.org/pypi/deeptoolsintervals/json;https://github.com/deeptools/deeptools_intervals,
331,cooler,12428,github:open2c/cooler,https://github.com/open2c/cooler,below cutoff; eligibility not exhaustively reviewed,,https://raw.githubusercontent.com/bioconda/bioconda-recipes/254ba2d4bcda7fe6ed2baa586bac6c35885a4b10/recipes/cooler/meta.yaml;https://pypi.org/pypi/cooler/json;https://github.com/open2c/cooler,
332,delphi-epidata,12383,github:cmu-delphi/delphi-epidata,https://github.com/cmu-delphi/delphi-epidata,below cutoff; eligibility not exhaustively reviewed,,https://pypi.org/pypi/delphi-epidata/json;https://github.com/cmu-delphi/delphi-epidata,
333,dara-xrd,12372,github:cedergrouphub/dara,https://github.com/CederGroupHub/dara,below cutoff; eligibility not exhaustively reviewed,,https://pypi.org/pypi/dara-xrd/json;https://github.com/CederGroupHub/dara,
334,atomworks,12322,github:rosettacommons/atomworks,https://github.com/RosettaCommons/atomworks,below cutoff; eligibility not exhaustively reviewed,,https://pypi.org/pypi/atomworks/json;https://github.com/RosettaCommons/atomworks,
335,graphblas-algorithms,12303,github:python-graphblas/graphblas-algorithms,https://github.com/python-graphblas/graphblas-algorithms,below cutoff; eligibility not exhaustively reviewed,,https://pypi.org/pypi/graphblas-algorithms/json;https://github.com/python-graphblas/graphblas-algorithms,
336,copasi-basico,12293,github:copasi/basico,https://github.com/copasi/basico,below cutoff; eligibility not exhaustively reviewed,,https://pypi.org/pypi/copasi-basico/json;https://github.com/copasi/basico,
337,scprep,12234,github:krishnaswamylab/scprep,https://github.com/KrishnaswamyLab/scprep,below cutoff; eligibility not exhaustively reviewed,,https://pypi.org/pypi/scprep/json;https://github.com/KrishnaswamyLab/scprep,
338,isospecpy,12153,github:matteolacki/isospec,https://github.com/matteolacki/isospec,below cutoff; eligibility not exhaustively reviewed,,https://pypi.org/pypi/isospecpy/json,
339,sourmash,12115,github:sourmash-bio/sourmash,https://github.com/sourmash-bio/sourmash,below cutoff; eligibility not exhaustively reviewed,,https://raw.githubusercontent.com/bioconda/bioconda-recipes/254ba2d4bcda7fe6ed2baa586bac6c35885a4b10/recipes/sourmash/meta.yaml;https://pypi.org/pypi/sourmash/json;https://github.com/sourmash-bio/sourmash,
340,colabfold-legacy-kernels,12079,github:mirditalab/colabfold-legacy-kernels,https://github.com/mirditalab/colabfold-legacy-kernels,below cutoff; eligibility not exhaustively reviewed,,https://pypi.org/pypi/colabfold-legacy-kernels/json;https://github.com/mirditalab/colabfold-legacy-kernels,
341,mordred,12061,github:mordred-descriptor/mordred,https://github.com/mordred-descriptor/mordred,below cutoff; eligibility not exhaustively reviewed,,https://pypi.org/pypi/mordred/json;https://github.com/mordred-descriptor/mordred,
342,slideio,12055,github:booritas/slideio,https://github.com/Booritas/slideio,below cutoff; eligibility not exhaustively reviewed,,https://pypi.org/pypi/slideio/json;https://github.com/Booritas/slideio,
343,biocframe,12051,github:biocpy/biocframe,https://github.com/BiocPy/biocframe,below cutoff; eligibility not exhaustively reviewed,,https://pypi.org/pypi/biocframe/json;https://github.com/BiocPy/biocframe,
344,adsorpy,12017,github:joostfwmaas/adsorpy,https://github.com/JoostFWMaas/AdsorPy,below cutoff; eligibility not exhaustively reviewed,,https://pypi.org/pypi/adsorpy/json;https://github.com/JoostFWMaas/AdsorPy,
345,velocyto,11979,github:velocyto-team/velocyto.py,https://github.com/velocyto-team/velocyto.py,below cutoff; eligibility not exhaustively reviewed,,https://pypi.org/pypi/velocyto/json;https://github.com/velocyto-team/velocyto.py,
346,useq-schema,11781,github:pymmcore-plus/useq-schema,https://github.com/pymmcore-plus/useq-schema,below cutoff; eligibility not exhaustively reviewed,,https://pypi.org/pypi/useq-schema/json;https://github.com/pymmcore-plus/useq-schema,
347,colabfold-binaries,11772,github:mirditalab/colabfold-binaries,https://github.com/mirditalab/colabfold-binaries,below cutoff; eligibility not exhaustively reviewed,,https://pypi.org/pypi/colabfold-binaries/json;https://github.com/mirditalab/colabfold-binaries,
348,barcode,11770,github:jfjlaros/barcode,https://github.com/jfjlaros/barcode,below cutoff; eligibility not exhaustively reviewed,,https://pypi.org/pypi/barcode/json;https://github.com/jfjlaros/barcode,
349,deeptools,11699,github:deeptools/deeptools,https://github.com/deeptools/deepTools,below cutoff; eligibility not exhaustively reviewed,,https://raw.githubusercontent.com/bioconda/bioconda-recipes/254ba2d4bcda7fe6ed2baa586bac6c35885a4b10/recipes/deeptools/meta.yaml;https://pypi.org/pypi/deeptools/json;https://github.com/deeptools/deepTools,
350,sure-tools,11515,github:zengflab/sure,https://github.com/ZengFLab/SURE,below cutoff; eligibility not exhaustively reviewed,,https://pypi.org/pypi/sure-tools/json;https://github.com/ZengFLab/SURE,
351,biopytools,11500,,,below cutoff; eligibility not exhaustively reviewed,,,
352,mols2grid,11378,,,below cutoff; eligibility not exhaustively reviewed,,,
353,nested-dict,11357,,,below cutoff; eligibility not exhaustively reviewed,,,
354,pymatgen-analysis-diffusion,11345,,,below cutoff; eligibility not exhaustively reviewed,,,
355,flowutils,11318,,,below cutoff; eligibility not exhaustively reviewed,,,
356,scib,11315,,,below cutoff; eligibility not exhaustively reviewed,,,
357,openmmforcefields,11288,,,below cutoff; eligibility not exhaustively reviewed,,,
358,chemdataextractor,11240,,,below cutoff; eligibility not exhaustively reviewed,,,
359,deepmd-kit,11184,,,below cutoff; eligibility not exhaustively reviewed,,,
360,plip,11024,,,below cutoff; eligibility not exhaustively reviewed,,,
361,lib-pod5,11013,,,below cutoff; eligibility not exhaustively reviewed,,,
362,fp-tools-bio,10986,,,below cutoff; eligibility not exhaustively reviewed,,,
363,opfunu,10923,,,below cutoff; eligibility not exhaustively reviewed,,,
364,cell-eval2,10855,,,below cutoff; eligibility not exhaustively reviewed,,,
365,pyobis,10842,,,below cutoff; eligibility not exhaustively reviewed,,,
366,ga4gh-vrs,10797,,,below cutoff; eligibility not exhaustively reviewed,,,
367,skeletor,10699,,,below cutoff; eligibility not exhaustively reviewed,,,
368,kalign-python,10679,,,below cutoff; eligibility not exhaustively reviewed,,,
369,crossmap,10644,,,below cutoff; eligibility not exhaustively reviewed,,,
370,meds,10577,,,below cutoff; eligibility not exhaustively reviewed,,,
371,toolshed,10573,,,below cutoff; eligibility not exhaustively reviewed,,,
372,commonnexus,10532,,,below cutoff; eligibility not exhaustively reviewed,,,
373,torchnep,10465,,,below cutoff; eligibility not exhaustively reviewed,,,
374,scvelo,10099,,,below cutoff; eligibility not exhaustively reviewed,,,
375,pydra,10027,,,below cutoff; eligibility not exhaustively reviewed,,,
376,ms-entropy,10022,,,below cutoff; eligibility not exhaustively reviewed,,,
377,unimol-tools,10003,,,below cutoff; eligibility not exhaustively reviewed,,,
378,scimap,9983,,,below cutoff; eligibility not exhaustively reviewed,,,
379,questplus,9830,,,below cutoff; eligibility not exhaustively reviewed,,,
380,partsegcore-compiled-backend,9781,,,below cutoff; eligibility not exhaustively reviewed,,,
381,brainglobe-atlasapi,9780,,,below cutoff; eligibility not exhaustively reviewed,,,
382,biomero,9771,,,below cutoff; eligibility not exhaustively reviewed,,,
383,brainglobe-space,9770,,,below cutoff; eligibility not exhaustively reviewed,,,
384,inmoose,9770,,,below cutoff; eligibility not exhaustively reviewed,,,
385,alphabase,9696,,,below cutoff; eligibility not exhaustively reviewed,,,
386,genomicranges,9608,,,below cutoff; eligibility not exhaustively reviewed,,,
387,fitter,9499,,,below cutoff; eligibility not exhaustively reviewed,,,
388,thyra,9492,,,below cutoff; eligibility not exhaustively reviewed,,,
389,medchem,9478,,,below cutoff; eligibility not exhaustively reviewed,,,
390,aesop,9438,,,below cutoff; eligibility not exhaustively reviewed,,,
391,python-bioformats,9433,,,below cutoff; eligibility not exhaustively reviewed,,,
392,oncoref,9424,,,below cutoff; eligibility not exhaustively reviewed,,,
393,kimimaro,9417,,,below cutoff; eligibility not exhaustively reviewed,,,
394,dgread,9380,,,below cutoff; eligibility not exhaustively reviewed,,,
395,polars-bio,9354,,,below cutoff; eligibility not exhaustively reviewed,,,
396,sapiopycommons,9300,,,below cutoff; eligibility not exhaustively reviewed,,,
397,lingpy,9221,,,below cutoff; eligibility not exhaustively reviewed,,,
398,phenograph,9187,,,below cutoff; eligibility not exhaustively reviewed,,,
399,aicsimageio,9175,,,below cutoff; eligibility not exhaustively reviewed,,,
400,biosimulators-utils,9161,,,below cutoff; eligibility not exhaustively reviewed,,,
401,scitrack,9141,,,below cutoff; eligibility not exhaustively reviewed,,,
402,galaxy-sequence-utils,9078,,,below cutoff; eligibility not exhaustively reviewed,,,
403,crowe-logic,9063,,,below cutoff; eligibility not exhaustively reviewed,,,
404,avitai-artifex,9062,,,below cutoff; eligibility not exhaustively reviewed,,,
405,bgen-limix,8956,,,below cutoff; eligibility not exhaustively reviewed,,,
406,morie,8915,,,below cutoff; eligibility not exhaustively reviewed,,,
407,pysensemakr,8884,,,below cutoff; eligibility not exhaustively reviewed,,,
408,hedtools,8846,,,below cutoff; eligibility not exhaustively reviewed,,,
409,consenrich,8740,,,below cutoff; eligibility not exhaustively reviewed,,,
410,ete4,8740,,,below cutoff; eligibility not exhaustively reviewed,,,
411,sigma2,8684,,,below cutoff; eligibility not exhaustively reviewed,,,
412,pynapple,8668,,,below cutoff; eligibility not exhaustively reviewed,,,
413,pymmcore-plus,8605,,,below cutoff; eligibility not exhaustively reviewed,,,
414,pod5,8604,,,below cutoff; eligibility not exhaustively reviewed,,,
415,nextflow,8597,,,below cutoff; eligibility not exhaustively reviewed,,,
416,nimare,8564,,,below cutoff; eligibility not exhaustively reviewed,,,
417,mne-qt-browser,8543,,,below cutoff; eligibility not exhaustively reviewed,,,
418,molvs,8482,,,below cutoff; eligibility not exhaustively reviewed,,,
419,prodigy-prot,8478,,,below cutoff; eligibility not exhaustively reviewed,,,
420,qtl,8459,,,below cutoff; eligibility not exhaustively reviewed,,,
421,phenoms,8444,,,below cutoff; eligibility not exhaustively reviewed,,,
422,datalad-installer,8433,,,below cutoff; eligibility not exhaustively reviewed,,,
423,cogent3,8424,,,below cutoff; eligibility not exhaustively reviewed,,,
424,phenopackets,8409,,,below cutoff; eligibility not exhaustively reviewed,,,
425,pykvfinder,8391,,,below cutoff; eligibility not exhaustively reviewed,,,
426,treeswift,8303,,,below cutoff; eligibility not exhaustively reviewed,,,
427,ome-writers,8298,,,below cutoff; eligibility not exhaustively reviewed,,,
428,allopockets,8229,,,below cutoff; eligibility not exhaustively reviewed,,,
429,permetrics,8224,,,below cutoff; eligibility not exhaustively reviewed,,,
430,tensorqtl,8205,,,below cutoff; eligibility not exhaustively reviewed,,,
431,genetools,8171,,,below cutoff; eligibility not exhaustively reviewed,,,
432,deeplabcut,8168,,,below cutoff; eligibility not exhaustively reviewed,,,
433,macs2,7917,,,below cutoff; eligibility not exhaustively reviewed,,,
434,colabfold,7911,,,below cutoff; eligibility not exhaustively reviewed,,,
435,pmcxcl,7908,,,below cutoff; eligibility not exhaustively reviewed,,,
436,dans-diffraction,7880,,,below cutoff; eligibility not exhaustively reviewed,,,
437,sgffp,7870,,,below cutoff; eligibility not exhaustively reviewed,,,
438,opentfraw,7778,,,below cutoff; eligibility not exhaustively reviewed,,,
439,graphistry,7745,,,below cutoff; eligibility not exhaustively reviewed,,,
440,vermouth,7745,,,below cutoff; eligibility not exhaustively reviewed,,,
441,allensdk,7729,,,below cutoff; eligibility not exhaustively reviewed,,,
442,pdbe-mmcif-validator,7720,,,below cutoff; eligibility not exhaustively reviewed,,,
443,pymca5,7689,,,below cutoff; eligibility not exhaustively reviewed,,,
444,combat,7685,,,below cutoff; eligibility not exhaustively reviewed,,,
445,kisao,7640,,,below cutoff; eligibility not exhaustively reviewed,,,
446,spec2nexus,7625,,,below cutoff; eligibility not exhaustively reviewed,,,
447,pyxem,7615,,,below cutoff; eligibility not exhaustively reviewed,,,
448,biocypher,7563,,,below cutoff; eligibility not exhaustively reviewed,,,
449,iris-vector-graph,7536,,,below cutoff; eligibility not exhaustively reviewed,,,
450,infercnvpy,7522,,,below cutoff; eligibility not exhaustively reviewed,,,
451,pyboolnet,7492,,,below cutoff; eligibility not exhaustively reviewed,,,
452,octp-pp,7474,,,below cutoff; eligibility not exhaustively reviewed,,,
453,summarizedexperiment,7439,,,below cutoff; eligibility not exhaustively reviewed,,,
454,pyhpo,7424,,,below cutoff; eligibility not exhaustively reviewed,,,
455,bigraph-viz,7416,,,below cutoff; eligibility not exhaustively reviewed,,,
456,tsarina,7391,,,below cutoff; eligibility not exhaustively reviewed,,,
457,kikuchipy,7388,,,below cutoff; eligibility not exhaustively reviewed,,,
458,basepair,7360,,,below cutoff; eligibility not exhaustively reviewed,,,
459,mmpdb,7325,,,below cutoff; eligibility not exhaustively reviewed,,,
460,pytabix,7214,,,below cutoff; eligibility not exhaustively reviewed,,,
461,biosim-schema,7195,,,below cutoff; eligibility not exhaustively reviewed,,,
462,phate,7188,,,below cutoff; eligibility not exhaustively reviewed,,,
463,amici,7186,,,below cutoff; eligibility not exhaustively reviewed,,,
464,codex,7171,,,below cutoff; eligibility not exhaustively reviewed,,,
465,fastlmm,7165,,,below cutoff; eligibility not exhaustively reviewed,,,
466,deepforest,7121,,,below cutoff; eligibility not exhaustively reviewed,,,
467,pykeen,7097,,,below cutoff; eligibility not exhaustively reviewed,,,
468,neuroglancer-scripts,7096,,,below cutoff; eligibility not exhaustively reviewed,,,
469,xnat,7075,,,below cutoff; eligibility not exhaustively reviewed,,,
470,hstrat,7059,,,below cutoff; eligibility not exhaustively reviewed,,,
471,ncempy,7002,,,below cutoff; eligibility not exhaustively reviewed,,,
472,oxbow,6954,,,below cutoff; eligibility not exhaustively reviewed,,,
473,cellprofiler,6941,,,below cutoff; eligibility not exhaustively reviewed,,,
474,mealpy,6927,,,below cutoff; eligibility not exhaustively reviewed,,,
475,physical-validation,6918,,,below cutoff; eligibility not exhaustively reviewed,,,
476,pyimzml,6911,,,below cutoff; eligibility not exhaustively reviewed,,,
477,faker-biology,6910,,,below cutoff; eligibility not exhaustively reviewed,,,
478,nipy,6876,,,below cutoff; eligibility not exhaustively reviewed,,,
479,escher,6874,,,below cutoff; eligibility not exhaustively reviewed,,,
480,peptidebuilder,6822,,,below cutoff; eligibility not exhaustively reviewed,,,
481,twobitreader,6813,,,below cutoff; eligibility not exhaustively reviewed,,,
482,genvarloader,6810,,,below cutoff; eligibility not exhaustively reviewed,,,
483,cryio,6789,,,below cutoff; eligibility not exhaustively reviewed,,,
484,fretbursts,6733,,,below cutoff; eligibility not exhaustively reviewed,,,
485,prokaryote,6666,,,below cutoff; eligibility not exhaustively reviewed,,,
486,pyedr,6647,,,below cutoff; eligibility not exhaustively reviewed,,,
487,modlamp,6608,,,below cutoff; eligibility not exhaustively reviewed,,,
488,larixite,6600,,,below cutoff; eligibility not exhaustively reviewed,,,
489,mtscomp,6595,,,below cutoff; eligibility not exhaustively reviewed,,,
490,neuropythy,6556,,,below cutoff; eligibility not exhaustively reviewed,,,
491,ipfx,6532,,,below cutoff; eligibility not exhaustively reviewed,,,
492,plantcv,6528,,,below cutoff; eligibility not exhaustively reviewed,,,
493,resolwe-bio,6388,,,below cutoff; eligibility not exhaustively reviewed,,,
494,fwdpy11,6324,,,below cutoff; eligibility not exhaustively reviewed,,,
495,countmut,6312,,,below cutoff; eligibility not exhaustively reviewed,,,
496,navis,6286,,,below cutoff; eligibility not exhaustively reviewed,,,
497,arpeggia,6251,,,below cutoff; eligibility not exhaustively reviewed,,,
498,pybwa,6241,,,below cutoff; eligibility not exhaustively reviewed,,,
499,mdanalysistests,6190,,,below cutoff; eligibility not exhaustively reviewed,,,
500,spectrum-utils,6162,,,below cutoff; eligibility not exhaustively reviewed,,,
501,pymef,6151,,,below cutoff; eligibility not exhaustively reviewed,,,
502,openwraw,6122,,,below cutoff; eligibility not exhaustively reviewed,,,
503,powerfit-em,6114,,,below cutoff; eligibility not exhaustively reviewed,,,
504,atomman,6090,,,below cutoff; eligibility not exhaustively reviewed,,,
505,pysradb,6086,,,below cutoff; eligibility not exhaustively reviewed,,,
506,pynmrstar,6080,,,below cutoff; eligibility not exhaustively reviewed,,,
507,umi-tools,6035,,,below cutoff; eligibility not exhaustively reviewed,,,
508,weblogo,6025,,,below cutoff; eligibility not exhaustively reviewed,,,
509,meld,6016,,,below cutoff; eligibility not exhaustively reviewed,,,
510,thunor,5951,,,below cutoff; eligibility not exhaustively reviewed,,,
511,curryreader,5896,,,below cutoff; eligibility not exhaustively reviewed,,,
512,ndx-ophys-devices,5836,,,below cutoff; eligibility not exhaustively reviewed,,,
513,olga,5820,,,below cutoff; eligibility not exhaustively reviewed,,,
514,fisx,5813,,,below cutoff; eligibility not exhaustively reviewed,,,
515,ngs-tools,5808,,,below cutoff; eligibility not exhaustively reviewed,,,
516,pairtools,5783,,,below cutoff; eligibility not exhaustively reviewed,,,
517,mhd-model,5768,,,below cutoff; eligibility not exhaustively reviewed,,,
518,phylib,5766,,,below cutoff; eligibility not exhaustively reviewed,,,
519,prodigy-lig,5758,,,below cutoff; eligibility not exhaustively reviewed,,,
520,smfbursts,5757,,,below cutoff; eligibility not exhaustively reviewed,,,
521,tcren,5749,,,below cutoff; eligibility not exhaustively reviewed,,,
522,triqler,5727,,,below cutoff; eligibility not exhaustively reviewed,,,
523,molgr,5717,,,below cutoff; eligibility not exhaustively reviewed,,,
524,hmmer,5714,,,below cutoff; eligibility not exhaustively reviewed,,,
525,cell-eval,5704,,,below cutoff; eligibility not exhaustively reviewed,,,
526,chemformula,5700,,,below cutoff; eligibility not exhaustively reviewed,,,
527,freud-analysis,5692,,,below cutoff; eligibility not exhaustively reviewed,,,
528,smappy-smlm,5688,,,below cutoff; eligibility not exhaustively reviewed,,,
529,eegdash,5671,,,below cutoff; eligibility not exhaustively reviewed,,,
530,seqfold,5670,,,below cutoff; eligibility not exhaustively reviewed,,,
531,pysmiles,5656,,,below cutoff; eligibility not exhaustively reviewed,,,
532,prismalign,5551,,,below cutoff; eligibility not exhaustively reviewed,,,
533,aaindex,5528,,,below cutoff; eligibility not exhaustively reviewed,,,
534,panedr,5525,,,below cutoff; eligibility not exhaustively reviewed,,,
535,medimages4tests,5486,,,below cutoff; eligibility not exhaustively reviewed,,,
536,kastore,5476,,,below cutoff; eligibility not exhaustively reviewed,,,
537,slurm-viewer,5457,,,below cutoff; eligibility not exhaustively reviewed,,,
538,jaxley,5455,,,below cutoff; eligibility not exhaustively reviewed,,,
539,pyopls,5455,,,below cutoff; eligibility not exhaustively reviewed,,,
540,pyranges1,5450,,,below cutoff; eligibility not exhaustively reviewed,,,
541,hdmf-docutils,5444,,,below cutoff; eligibility not exhaustively reviewed,,,
542,kb-python,5441,,,below cutoff; eligibility not exhaustively reviewed,,,
543,scanorama,5440,,,below cutoff; eligibility not exhaustively reviewed,,,
544,pyscal3,5408,,,below cutoff; eligibility not exhaustively reviewed,,,
545,bel-resources,5373,,,below cutoff; eligibility not exhaustively reviewed,,,
546,mhcnames,5281,,,below cutoff; eligibility not exhaustively reviewed,,,
547,mearec,5272,,,below cutoff; eligibility not exhaustively reviewed,,,
548,squiggle,5268,,,below cutoff; eligibility not exhaustively reviewed,,,
549,snapatac2,5233,,,below cutoff; eligibility not exhaustively reviewed,,,
550,peptides,5194,,,below cutoff; eligibility not exhaustively reviewed,,,
551,sdrf-pipelines,5193,,,below cutoff; eligibility not exhaustively reviewed,,,
552,dash-bio,5192,,,below cutoff; eligibility not exhaustively reviewed,,,
553,pyobo,5175,,,below cutoff; eligibility not exhaustively reviewed,,,
554,de-shell,5158,,,below cutoff; eligibility not exhaustively reviewed,,,
555,samcore,5150,,,below cutoff; eligibility not exhaustively reviewed,,,
556,dcm2bids,5145,,,below cutoff; eligibility not exhaustively reviewed,,,
557,pymetadata,5134,,,below cutoff; eligibility not exhaustively reviewed,,,
558,deeplc,5121,,,below cutoff; eligibility not exhaustively reviewed,,,
559,cgrtools-plus,5116,,,below cutoff; eligibility not exhaustively reviewed,,,
560,heaserver,5103,,,below cutoff; eligibility not exhaustively reviewed,,,
561,pynumpress,5097,,,below cutoff; eligibility not exhaustively reviewed,,,
562,coralsnake,5058,,,below cutoff; eligibility not exhaustively reviewed,,,
563,edrn-labcas-ui,5044,,,below cutoff; eligibility not exhaustively reviewed,,,
564,sqsgenerator,5037,,,below cutoff; eligibility not exhaustively reviewed,,,
565,snps,5001,,,below cutoff; eligibility not exhaustively reviewed,,,
566,arvados-python-client,4994,,,below cutoff; eligibility not exhaustively reviewed,,,
567,lunapi,4991,,,below cutoff; eligibility not exhaustively reviewed,,,
568,cnvkit,4974,,,below cutoff; eligibility not exhaustively reviewed,,,
569,pymisha,4962,,,below cutoff; eligibility not exhaustively reviewed,,,
570,ssm-simulators,4948,,,below cutoff; eligibility not exhaustively reviewed,,,
571,psm-utils,4945,,,below cutoff; eligibility not exhaustively reviewed,,,
572,phylotypy,4935,,,below cutoff; eligibility not exhaustively reviewed,,,
573,emd,4930,,,below cutoff; eligibility not exhaustively reviewed,,,
574,singlecellexperiment,4927,,,below cutoff; eligibility not exhaustively reviewed,,,
575,scdataset,4912,,,below cutoff; eligibility not exhaustively reviewed,,,
576,brainweb,4902,,,below cutoff; eligibility not exhaustively reviewed,,,
577,neurolab,4822,,,below cutoff; eligibility not exhaustively reviewed,,,
578,sbml2cellml,4818,,,below cutoff; eligibility not exhaustively reviewed,,,
579,uliplot,4818,,,below cutoff; eligibility not exhaustively reviewed,,,
580,psgscoring,4811,,,below cutoff; eligibility not exhaustively reviewed,,,
581,protocol,4809,,,below cutoff; eligibility not exhaustively reviewed,,,
582,glycowork,4794,,,below cutoff; eligibility not exhaustively reviewed,,,
583,smilespe,4779,,,below cutoff; eligibility not exhaustively reviewed,,,
584,molfeat,4773,,,below cutoff; eligibility not exhaustively reviewed,,,
585,sdcflows,4773,,,below cutoff; eligibility not exhaustively reviewed,,,
586,moleditpy,4749,,,below cutoff; eligibility not exhaustively reviewed,,,
587,cellrank,4740,,,below cutoff; eligibility not exhaustively reviewed,,,
588,treesak,4732,,,below cutoff; eligibility not exhaustively reviewed,,,
589,natal-core,4730,,,below cutoff; eligibility not exhaustively reviewed,,,
590,pyentrp,4724,,,below cutoff; eligibility not exhaustively reviewed,,,
591,myokit,4719,,,below cutoff; eligibility not exhaustively reviewed,,,
592,fcd,4716,,,below cutoff; eligibility not exhaustively reviewed,,,
593,scholion,4703,,,below cutoff; eligibility not exhaustively reviewed,,,
594,cellprofiler-nightly,4697,,,below cutoff; eligibility not exhaustively reviewed,,,
595,quantify-core,4692,,,below cutoff; eligibility not exhaustively reviewed,,,
596,nanofilt,4684,,,below cutoff; eligibility not exhaustively reviewed,,,
597,ms2pip,4655,,,below cutoff; eligibility not exhaustively reviewed,,,
598,sevenbridges-python,4612,,,below cutoff; eligibility not exhaustively reviewed,,,
599,potentials,4593,,,below cutoff; eligibility not exhaustively reviewed,,,
600,pygauss,4588,,,below cutoff; eligibility not exhaustively reviewed,,,
601,icebug,4580,,,below cutoff; eligibility not exhaustively reviewed,,,
602,ambidose,4568,,,below cutoff; eligibility not exhaustively reviewed,,,
603,pyfastaq,4562,,,below cutoff; eligibility not exhaustively reviewed,,,
604,pysb,4539,,,below cutoff; eligibility not exhaustively reviewed,,,
605,alpharaw,4537,,,below cutoff; eligibility not exhaustively reviewed,,,
606,bioinfokit,4537,,,below cutoff; eligibility not exhaustively reviewed,,,
607,hypermnesia-mcp,4537,,,below cutoff; eligibility not exhaustively reviewed,,,
608,presto,4535,,,below cutoff; eligibility not exhaustively reviewed,,,
609,nimfa,4534,,,below cutoff; eligibility not exhaustively reviewed,,,
610,p2smi,4531,,,below cutoff; eligibility not exhaustively reviewed,,,
611,qnorm,4531,,,below cutoff; eligibility not exhaustively reviewed,,,
612,pirlygenes,4530,,,below cutoff; eligibility not exhaustively reviewed,,,
613,markov-clustering,4527,,,below cutoff; eligibility not exhaustively reviewed,,,
614,readzor,4513,,,below cutoff; eligibility not exhaustively reviewed,,,
615,sistr-cmd,4511,,,below cutoff; eligibility not exhaustively reviewed,,,
616,leech-core,4492,,,below cutoff; eligibility not exhaustively reviewed,,,
617,gala,4479,,,below cutoff; eligibility not exhaustively reviewed,,,
618,entrezpy,4457,,,below cutoff; eligibility not exhaustively reviewed,,,
619,fastmolwidget,4441,,,below cutoff; eligibility not exhaustively reviewed,,,
620,pygrowup,4441,,,below cutoff; eligibility not exhaustively reviewed,,,
621,wellmap,4441,,,below cutoff; eligibility not exhaustively reviewed,,,
622,pywgcna,4431,,,below cutoff; eligibility not exhaustively reviewed,,,
623,obi-one,4423,,,below cutoff; eligibility not exhaustively reviewed,,,
624,biobear,4403,,,below cutoff; eligibility not exhaustively reviewed,,,
625,pyslim,4401,,,below cutoff; eligibility not exhaustively reviewed,,,
626,sapiopylib,4392,,,below cutoff; eligibility not exhaustively reviewed,,,
627,midsv,4391,,,below cutoff; eligibility not exhaustively reviewed,,,
628,surfacetopography,4388,,,below cutoff; eligibility not exhaustively reviewed,,,
629,pylattica,4387,,,below cutoff; eligibility not exhaustively reviewed,,,
630,cortex,4385,,,below cutoff; eligibility not exhaustively reviewed,,,
631,pybel,4377,,,below cutoff; eligibility not exhaustively reviewed,,,
632,egcg-core,4364,,,below cutoff; eligibility not exhaustively reviewed,,,
633,dartbrains-tools,4357,,,below cutoff; eligibility not exhaustively reviewed,,,
634,deeptime,4338,,,below cutoff; eligibility not exhaustively reviewed,,,
635,seamm-manager,4338,,,below cutoff; eligibility not exhaustively reviewed,,,
636,glypy,4333,,,below cutoff; eligibility not exhaustively reviewed,,,
637,muni,4329,,,below cutoff; eligibility not exhaustively reviewed,,,
638,pubmed-parser,4317,,,below cutoff; eligibility not exhaustively reviewed,,,
639,biopipen,4302,,,below cutoff; eligibility not exhaustively reviewed,,,
640,phasorpy,4300,,,below cutoff; eligibility not exhaustively reviewed,,,
641,picopore,4298,,,below cutoff; eligibility not exhaustively reviewed,,,
642,lfdfiles,4279,,,below cutoff; eligibility not exhaustively reviewed,,,
643,pyrodigal-gv,4273,,,below cutoff; eligibility not exhaustively reviewed,,,
644,pycat-napari,4227,,,below cutoff; eligibility not exhaustively reviewed,,,
645,stpipeline,4210,,,below cutoff; eligibility not exhaustively reviewed,,,
646,wickra-genome,4187,,,below cutoff; eligibility not exhaustively reviewed,,,
647,imdclient,4159,,,below cutoff; eligibility not exhaustively reviewed,,,
648,pydtmc,4153,,,below cutoff; eligibility not exhaustively reviewed,,,
649,flowerevolver,4145,,,below cutoff; eligibility not exhaustively reviewed,,,
650,alphadia-search-rs,4132,,,below cutoff; eligibility not exhaustively reviewed,,,
651,vitessce,4132,,,below cutoff; eligibility not exhaustively reviewed,,,
652,iohub,4130,,,below cutoff; eligibility not exhaustively reviewed,,,
653,reports,4122,,,below cutoff; eligibility not exhaustively reviewed,,,
654,manubot,4113,,,below cutoff; eligibility not exhaustively reviewed,,,
655,ddi-fw,4072,,,below cutoff; eligibility not exhaustively reviewed,,,
656,pendingai,4053,,,below cutoff; eligibility not exhaustively reviewed,,,
657,neo4j-utils,4052,,,below cutoff; eligibility not exhaustively reviewed,,,
658,safe-mol,4042,,,below cutoff; eligibility not exhaustively reviewed,,,
659,pygpcca,4041,,,below cutoff; eligibility not exhaustively reviewed,,,
660,iplotx,4033,,,below cutoff; eligibility not exhaustively reviewed,,,
661,reactome2py,4033,,,below cutoff; eligibility not exhaustively reviewed,,,
662,dedupe-hcluster,4017,,,below cutoff; eligibility not exhaustively reviewed,,,
663,pmcx,4010,,,below cutoff; eligibility not exhaustively reviewed,,,
664,acpype,4003,,,below cutoff; eligibility not exhaustively reviewed,,,
665,aimnet,3999,,,below cutoff; eligibility not exhaustively reviewed,,,
666,moleditpy-linux,3994,,,below cutoff; eligibility not exhaustively reviewed,,,
667,gdock,3992,,,below cutoff; eligibility not exhaustively reviewed,,,
668,lammps-step,3988,,,below cutoff; eligibility not exhaustively reviewed,,,
669,pyphetools,3976,,,below cutoff; eligibility not exhaustively reviewed,,,
670,crem,3974,,,below cutoff; eligibility not exhaustively reviewed,,,
671,brainstate,3972,,,below cutoff; eligibility not exhaustively reviewed,,,
672,brain-isotopic-distribution,3971,,,below cutoff; eligibility not exhaustively reviewed,,,
673,bigraph-schema,3964,,,below cutoff; eligibility not exhaustively reviewed,,,
674,dadi,3958,,,below cutoff; eligibility not exhaustively reviewed,,,
675,ailist,3955,,,below cutoff; eligibility not exhaustively reviewed,,,
676,scilink,3941,,,below cutoff; eligibility not exhaustively reviewed,,,
677,ssqueezepy,3921,,,below cutoff; eligibility not exhaustively reviewed,,,
678,tacular,3918,,,below cutoff; eligibility not exhaustively reviewed,,,
679,cellprofiler-library-nightly,3915,,,below cutoff; eligibility not exhaustively reviewed,,,
680,abmptools,3891,,,below cutoff; eligibility not exhaustively reviewed,,,
681,mhcmatch,3882,,,below cutoff; eligibility not exhaustively reviewed,,,
682,quast,3882,,,below cutoff; eligibility not exhaustively reviewed,,,
683,rnanorm,3881,,,below cutoff; eligibility not exhaustively reviewed,,,
684,milia-py,3877,,,below cutoff; eligibility not exhaustively reviewed,,,
685,mirpy-lib,3866,,,below cutoff; eligibility not exhaustively reviewed,,,
686,alphafold3-pytorch,3850,,,below cutoff; eligibility not exhaustively reviewed,,,
687,gimmemotifs,3844,,,below cutoff; eligibility not exhaustively reviewed,,,
688,arbor,3840,,,below cutoff; eligibility not exhaustively reviewed,,,
689,cellprofiler-core-nightly,3835,,,below cutoff; eligibility not exhaustively reviewed,,,
690,lf-backup,3835,,,below cutoff; eligibility not exhaustively reviewed,,,
691,pafpy,3832,,,below cutoff; eligibility not exhaustively reviewed,,,
692,seamm,3829,,,below cutoff; eligibility not exhaustively reviewed,,,
693,bdext,3828,,,below cutoff; eligibility not exhaustively reviewed,,,
694,cirpy,3818,,,below cutoff; eligibility not exhaustively reviewed,,,
695,peptacular,3813,,,below cutoff; eligibility not exhaustively reviewed,,,
696,aquamarine-dredge,3810,,,below cutoff; eligibility not exhaustively reviewed,,,
697,dcurves,3794,,,below cutoff; eligibility not exhaustively reviewed,,,
698,resdk,3789,,,below cutoff; eligibility not exhaustively reviewed,,,
699,aseview,3774,,,below cutoff; eligibility not exhaustively reviewed,,,
700,rc-foundry,3774,,,below cutoff; eligibility not exhaustively reviewed,,,
701,biosak,3766,,,below cutoff; eligibility not exhaustively reviewed,,,
702,brainunit,3758,,,below cutoff; eligibility not exhaustively reviewed,,,
703,drugbank-downloader,3755,,,below cutoff; eligibility not exhaustively reviewed,,,
704,cpdb-protein,3748,,,below cutoff; eligibility not exhaustively reviewed,,,
705,toytree,3739,,,below cutoff; eligibility not exhaustively reviewed,,,
706,linkapy,3733,,,below cutoff; eligibility not exhaustively reviewed,,,
707,kgx,3730,,,below cutoff; eligibility not exhaustively reviewed,,,
708,seqtree,3722,,,below cutoff; eligibility not exhaustively reviewed,,,
709,fides,3718,,,below cutoff; eligibility not exhaustively reviewed,,,
710,nextstrain-augur,3716,,,below cutoff; eligibility not exhaustively reviewed,,,
711,ibl-photometry,3707,,,below cutoff; eligibility not exhaustively reviewed,,,
712,elapid,3696,,,below cutoff; eligibility not exhaustively reviewed,,,
713,bio-hansel,3651,,,below cutoff; eligibility not exhaustively reviewed,,,
714,graphein,3649,,,below cutoff; eligibility not exhaustively reviewed,,,
715,brainevent,3640,,,below cutoff; eligibility not exhaustively reviewed,,,
716,brisc,3636,,,below cutoff; eligibility not exhaustively reviewed,,,
717,assist,3634,,,below cutoff; eligibility not exhaustively reviewed,,,
718,spc-io,3624,,,below cutoff; eligibility not exhaustively reviewed,,,
719,nextflowpy,3618,,,below cutoff; eligibility not exhaustively reviewed,,,
720,cmappy,3614,,,below cutoff; eligibility not exhaustively reviewed,,,
721,pyberny,3609,,,below cutoff; eligibility not exhaustively reviewed,,,
722,mne-lsl,3607,,,below cutoff; eligibility not exhaustively reviewed,,,
723,fpsim2,3596,,,below cutoff; eligibility not exhaustively reviewed,,,
724,ghga-service-commons,3596,,,below cutoff; eligibility not exhaustively reviewed,,,
725,sparse-convolution,3584,,,below cutoff; eligibility not exhaustively reviewed,,,
726,pynn,3583,,,below cutoff; eligibility not exhaustively reviewed,,,
727,saiunit,3577,,,below cutoff; eligibility not exhaustively reviewed,,,
728,rhapso,3572,,,below cutoff; eligibility not exhaustively reviewed,,,
729,sbmlutils,3546,,,below cutoff; eligibility not exhaustively reviewed,,,
730,kipoi,3544,,,below cutoff; eligibility not exhaustively reviewed,,,
731,uliengineering,3544,,,below cutoff; eligibility not exhaustively reviewed,,,
732,brainpy,3540,,,below cutoff; eligibility not exhaustively reviewed,,,
733,pywikipathways,3527,,,below cutoff; eligibility not exhaustively reviewed,,,
734,nltools,3520,,,below cutoff; eligibility not exhaustively reviewed,,,
735,scirpy,3471,,,below cutoff; eligibility not exhaustively reviewed,,,
736,molsystem,3468,,,below cutoff; eligibility not exhaustively reviewed,,,
737,nnunet,3463,,,below cutoff; eligibility not exhaustively reviewed,,,
738,splito,3463,,,below cutoff; eligibility not exhaustively reviewed,,,
739,phy,3460,,,below cutoff; eligibility not exhaustively reviewed,,,
740,pwseqdist,3458,,,below cutoff; eligibility not exhaustively reviewed,,,
741,robot-obo-tool,3416,,,below cutoff; eligibility not exhaustively reviewed,,,
742,cp-measure,3411,,,below cutoff; eligibility not exhaustively reviewed,,,
743,openhcs,3397,,,below cutoff; eligibility not exhaustively reviewed,,,
744,libneuroml,3372,,,below cutoff; eligibility not exhaustively reviewed,,,
745,brian,3370,,,below cutoff; eligibility not exhaustively reviewed,,,
746,kipoi-utils,3365,,,below cutoff; eligibility not exhaustively reviewed,,,
747,pylocuszoom,3362,,,below cutoff; eligibility not exhaustively reviewed,,,
748,ihmtools,3357,,,below cutoff; eligibility not exhaustively reviewed,,,
749,em-database,3330,,,below cutoff; eligibility not exhaustively reviewed,,,
750,gc3pie,3324,,,below cutoff; eligibility not exhaustively reviewed,,,
751,intern,3317,,,below cutoff; eligibility not exhaustively reviewed,,,
752,ga4gh-cat-vrs,3316,,,below cutoff; eligibility not exhaustively reviewed,,,
753,braintools,3308,,,below cutoff; eligibility not exhaustively reviewed,,,
754,nmdc-schema,3306,,,below cutoff; eligibility not exhaustively reviewed,,,
755,pypesto,3306,,,below cutoff; eligibility not exhaustively reviewed,,,
756,pyopal,3290,,,below cutoff; eligibility not exhaustively reviewed,,,
757,pydustmasker,3285,,,below cutoff; eligibility not exhaustively reviewed,,,
758,molsym,3277,,,below cutoff; eligibility not exhaustively reviewed,,,
759,kipoi-conda,3269,,,below cutoff; eligibility not exhaustively reviewed,,,
760,topoly,3262,,,below cutoff; eligibility not exhaustively reviewed,,,
761,est,3260,,,below cutoff; eligibility not exhaustively reviewed,,,
762,cafaeval,3245,,,below cutoff; eligibility not exhaustively reviewed,,,
763,geneyxpgxparser,3245,,,below cutoff; eligibility not exhaustively reviewed,,,
764,msp-sc,3234,,,below cutoff; eligibility not exhaustively reviewed,,,
765,haddock3,3232,,,below cutoff; eligibility not exhaustively reviewed,,,
766,neuromaps,3226,,,below cutoff; eligibility not exhaustively reviewed,,,
767,scout-browser,3219,,,below cutoff; eligibility not exhaustively reviewed,,,
768,ifes-apt-tc-data-modeling,3217,,,below cutoff; eligibility not exhaustively reviewed,,,
769,pubmed-search-mcp,3217,,,below cutoff; eligibility not exhaustively reviewed,,,
770,rocco,3212,,,below cutoff; eligibility not exhaustively reviewed,,,
771,ms2rescore,3200,,,below cutoff; eligibility not exhaustively reviewed,,,
772,xgi,3197,,,below cutoff; eligibility not exhaustively reviewed,,,
773,mdahole2,3196,,,below cutoff; eligibility not exhaustively reviewed,,,
774,zmip,3191,,,below cutoff; eligibility not exhaustively reviewed,,,
775,paste-bio,3189,,,below cutoff; eligibility not exhaustively reviewed,,,
776,bluepyopt,3152,,,below cutoff; eligibility not exhaustively reviewed,,,
777,vntyper,3152,,,below cutoff; eligibility not exhaustively reviewed,,,
778,mokapot,3149,,,below cutoff; eligibility not exhaustively reviewed,,,
779,dmri-amico,3148,,,below cutoff; eligibility not exhaustively reviewed,,,
780,spym,3144,,,below cutoff; eligibility not exhaustively reviewed,,,
781,pathsimanalysis,3138,,,below cutoff; eligibility not exhaustively reviewed,,,
782,mini3di,3123,,,below cutoff; eligibility not exhaustively reviewed,,,
783,cooltools,3119,,,below cutoff; eligibility not exhaustively reviewed,,,
784,scgpt,3116,,,below cutoff; eligibility not exhaustively reviewed,,,
785,localcider,3114,,,below cutoff; eligibility not exhaustively reviewed,,,
786,equilibrator-cache,3112,,,below cutoff; eligibility not exhaustively reviewed,,,
787,grape-recipe-pipeline,3110,,,below cutoff; eligibility not exhaustively reviewed,,,
788,sbol3,3107,,,below cutoff; eligibility not exhaustively reviewed,,,
789,brainrender,3085,,,below cutoff; eligibility not exhaustively reviewed,,,
790,hammingdist,3070,,,below cutoff; eligibility not exhaustively reviewed,,,
791,eleven,3069,,,below cutoff; eligibility not exhaustively reviewed,,,
792,sniffles,3069,,,below cutoff; eligibility not exhaustively reviewed,,,
793,fil-finder,3066,,,below cutoff; eligibility not exhaustively reviewed,,,
794,waterdynamics,3063,,,below cutoff; eligibility not exhaustively reviewed,,,
795,zna,3058,,,below cutoff; eligibility not exhaustively reviewed,,,
796,cromwell-tools,3052,,,below cutoff; eligibility not exhaustively reviewed,,,
797,fcswrite,3046,,,below cutoff; eligibility not exhaustively reviewed,,,
798,adpbulk,3033,,,below cutoff; eligibility not exhaustively reviewed,,,
799,pyrle,3030,,,below cutoff; eligibility not exhaustively reviewed,,,
800,cell-load,3028,,,below cutoff; eligibility not exhaustively reviewed,,,
801,molop,3028,,,below cutoff; eligibility not exhaustively reviewed,,,
802,doubletdetection,3018,,,below cutoff; eligibility not exhaustively reviewed,,,
803,pyfcs,3012,,,below cutoff; eligibility not exhaustively reviewed,,,
804,jamica,3000,,,below cutoff; eligibility not exhaustively reviewed,,,
805,abbreviation-extractor,2986,,,below cutoff; eligibility not exhaustively reviewed,,,
806,hpo-drift,2969,,,below cutoff; eligibility not exhaustively reviewed,,,
807,hpo3,2956,,,below cutoff; eligibility not exhaustively reviewed,,,
808,pdbecif,2954,,,below cutoff; eligibility not exhaustively reviewed,,,
809,protfasta,2953,,,below cutoff; eligibility not exhaustively reviewed,,,
810,equilibrator-api,2952,,,below cutoff; eligibility not exhaustively reviewed,,,
811,ncbi-genome-download,2950,,,below cutoff; eligibility not exhaustively reviewed,,,
812,taxonomy,2941,,,below cutoff; eligibility not exhaustively reviewed,,,
813,ensembl-rest,2926,,,below cutoff; eligibility not exhaustively reviewed,,,
814,molecularnodes,2918,,,below cutoff; eligibility not exhaustively reviewed,,,
815,hotspotsc,2911,,,below cutoff; eligibility not exhaustively reviewed,,,
816,specimux-suite,2902,,,below cutoff; eligibility not exhaustively reviewed,,,
817,eke-biomarker,2888,,,below cutoff; eligibility not exhaustively reviewed,,,
818,eke-publications,2888,,,below cutoff; eligibility not exhaustively reviewed,,,
819,edrnsite-policy,2886,,,below cutoff; eligibility not exhaustively reviewed,,,
820,netneurotools,2880,,,below cutoff; eligibility not exhaustively reviewed,,,
821,openfold3,2879,,,below cutoff; eligibility not exhaustively reviewed,,,
822,mzmlpy,2877,,,below cutoff; eligibility not exhaustively reviewed,,,
823,downstream,2869,,,below cutoff; eligibility not exhaustively reviewed,,,
824,multiassayexperiment,2861,,,below cutoff; eligibility not exhaustively reviewed,,,
825,scarf,2845,,,below cutoff; eligibility not exhaustively reviewed,,,
826,spacr,2841,,,below cutoff; eligibility not exhaustively reviewed,,,
827,soma-pathology,2839,,,below cutoff; eligibility not exhaustively reviewed,,,
828,methylprep,2834,,,below cutoff; eligibility not exhaustively reviewed,,,
829,ruffus,2834,,,below cutoff; eligibility not exhaustively reviewed,,,
830,depthcharge-ms,2826,,,below cutoff; eligibility not exhaustively reviewed,,,
831,bluepyefe,2823,,,below cutoff; eligibility not exhaustively reviewed,,,
832,illuminate,2813,,,below cutoff; eligibility not exhaustively reviewed,,,
833,brainpy-state,2809,,,below cutoff; eligibility not exhaustively reviewed,,,
834,rdkit-to-params,2808,,,below cutoff; eligibility not exhaustively reviewed,,,
835,clinicaltrials-downloader,2805,,,below cutoff; eligibility not exhaustively reviewed,,,
836,midas-hkls,2801,,,below cutoff; eligibility not exhaustively reviewed,,,
837,mirobody,2801,,,below cutoff; eligibility not exhaustively reviewed,,,
838,pynxtools-apm,2798,,,below cutoff; eligibility not exhaustively reviewed,,,
839,mdanalysisdata,2786,,,below cutoff; eligibility not exhaustively reviewed,,,
840,biothings,2785,,,below cutoff; eligibility not exhaustively reviewed,,,
841,csa,2781,,,below cutoff; eligibility not exhaustively reviewed,,,
842,moses-hplc,2777,,,below cutoff; eligibility not exhaustively reviewed,,,
843,prseq,2777,,,below cutoff; eligibility not exhaustively reviewed,,,
844,nanoplot,2774,,,below cutoff; eligibility not exhaustively reviewed,,,
845,python-catmaid,2769,,,below cutoff; eligibility not exhaustively reviewed,,,
846,python-microscopy,2750,,,below cutoff; eligibility not exhaustively reviewed,,,
847,openszraw,2742,,,below cutoff; eligibility not exhaustively reviewed,,,
848,pyddm,2738,,,below cutoff; eligibility not exhaustively reviewed,,,
849,neurodsp,2737,,,below cutoff; eligibility not exhaustively reviewed,,,
850,abtem,2734,,,below cutoff; eligibility not exhaustively reviewed,,,
851,directlfq,2720,,,below cutoff; eligibility not exhaustively reviewed,,,
852,wdl-aid,2720,,,below cutoff; eligibility not exhaustively reviewed,,,
853,alphatims,2707,,,below cutoff; eligibility not exhaustively reviewed,,,
854,divik,2705,,,below cutoff; eligibility not exhaustively reviewed,,,
855,molframe,2700,,,below cutoff; eligibility not exhaustively reviewed,,,
856,diplib,2699,,,below cutoff; eligibility not exhaustively reviewed,,,
857,protmapper,2696,,,below cutoff; eligibility not exhaustively reviewed,,,
858,metapredict,2694,,,below cutoff; eligibility not exhaustively reviewed,,,
859,fusion-tools,2693,,,below cutoff; eligibility not exhaustively reviewed,,,
860,pyvolve,2686,,,below cutoff; eligibility not exhaustively reviewed,,,
861,pyeuropepmc,2684,,,below cutoff; eligibility not exhaustively reviewed,,,
862,trytond-health-icd10,2679,,,below cutoff; eligibility not exhaustively reviewed,,,
863,trytond-health-inpatient,2675,,,below cutoff; eligibility not exhaustively reviewed,,,
864,xfab,2672,,,below cutoff; eligibility not exhaustively reviewed,,,
865,paftacular,2670,,,below cutoff; eligibility not exhaustively reviewed,,,
866,ewoksfluo,2669,,,below cutoff; eligibility not exhaustively reviewed,,,
867,tdfpy,2668,,,below cutoff; eligibility not exhaustively reviewed,,,
868,clypto,2666,,,below cutoff; eligibility not exhaustively reviewed,,,
869,trackhub,2645,,,below cutoff; eligibility not exhaustively reviewed,,,
870,ga4gh-gkm-metaschema,2643,,,below cutoff; eligibility not exhaustively reviewed,,,
871,olimex-ekg-emg,2639,,,below cutoff; eligibility not exhaustively reviewed,,,
872,agr-curation-api-client,2636,,,below cutoff; eligibility not exhaustively reviewed,,,
873,pycombo,2636,,,below cutoff; eligibility not exhaustively reviewed,,,
874,python-nexus,2622,,,below cutoff; eligibility not exhaustively reviewed,,,
875,im2deep,2621,,,below cutoff; eligibility not exhaustively reviewed,,,
876,clipkit,2615,,,below cutoff; eligibility not exhaustively reviewed,,,
877,indra,2608,,,below cutoff; eligibility not exhaustively reviewed,,,
878,pynxtools-em,2608,,,below cutoff; eligibility not exhaustively reviewed,,,
879,pdb2sql,2601,,,below cutoff; eligibility not exhaustively reviewed,,,
880,pyafv,2586,,,below cutoff; eligibility not exhaustively reviewed,,,
881,vivarium-core,2586,,,below cutoff; eligibility not exhaustively reviewed,,,
882,nanoget,2585,,,below cutoff; eligibility not exhaustively reviewed,,,
883,harmony-pytorch,2580,,,below cutoff; eligibility not exhaustively reviewed,,,
884,whatshap,2578,,,below cutoff; eligibility not exhaustively reviewed,,,
885,opentimspy,2575,,,below cutoff; eligibility not exhaustively reviewed,,,
886,adeft,2570,,,below cutoff; eligibility not exhaustively reviewed,,,
887,biorazer,2564,,,below cutoff; eligibility not exhaustively reviewed,,,
888,rcsbsearchapi,2560,,,below cutoff; eligibility not exhaustively reviewed,,,
889,gemini,2544,,,below cutoff; eligibility not exhaustively reviewed,,,
890,sirna-data-grabber,2544,,,below cutoff; eligibility not exhaustively reviewed,,,
891,changeo,2541,,,below cutoff; eligibility not exhaustively reviewed,,,
892,pyemma,2531,,,below cutoff; eligibility not exhaustively reviewed,,,
893,sse-for-py,2515,,,below cutoff; eligibility not exhaustively reviewed,,,
894,pytmhmm-binaries,2508,,,below cutoff; eligibility not exhaustively reviewed,,,
895,zndraw,2508,,,below cutoff; eligibility not exhaustively reviewed,,,
896,neurodocker,2503,,,below cutoff; eligibility not exhaustively reviewed,,,
897,cstag,2497,,,below cutoff; eligibility not exhaustively reviewed,,,
898,multiview-stitcher,2495,,,below cutoff; eligibility not exhaustively reviewed,,,
899,polaris-lib,2493,,,below cutoff; eligibility not exhaustively reviewed,,,
900,bg-atlasapi,2490,,,below cutoff; eligibility not exhaustively reviewed,,,
901,dmri-dicelib,2489,,,below cutoff; eligibility not exhaustively reviewed,,,
902,nanomesh,2483,,,below cutoff; eligibility not exhaustively reviewed,,,
903,connectome-kg,2475,,,below cutoff; eligibility not exhaustively reviewed,,,
904,uce-model,2469,,,below cutoff; eligibility not exhaustively reviewed,,,
905,pysces,2463,,,below cutoff; eligibility not exhaustively reviewed,,,
906,rebop,2460,,,below cutoff; eligibility not exhaustively reviewed,,,
907,brian2genn,2457,,,below cutoff; eligibility not exhaustively reviewed,,,
908,apstools,2456,,,below cutoff; eligibility not exhaustively reviewed,,,
909,openaraw,2452,,,below cutoff; eligibility not exhaustively reviewed,,,
910,ancpbids,2451,,,below cutoff; eligibility not exhaustively reviewed,,,
911,khmer,2451,,,below cutoff; eligibility not exhaustively reviewed,,,
912,kipoiseq,2450,,,below cutoff; eligibility not exhaustively reviewed,,,
913,aaanalysis,2447,,,below cutoff; eligibility not exhaustively reviewed,,,
914,cruzdb,2445,,,below cutoff; eligibility not exhaustively reviewed,,,
915,pyisogen,2442,,,below cutoff; eligibility not exhaustively reviewed,,,
916,ephysiopy,2441,,,below cutoff; eligibility not exhaustively reviewed,,,
917,blobtoolkit,2440,,,below cutoff; eligibility not exhaustively reviewed,,,
918,pmmc,2438,,,below cutoff; eligibility not exhaustively reviewed,,,
919,wurst,2436,,,below cutoff; eligibility not exhaustively reviewed,,,
920,pynv,2429,,,below cutoff; eligibility not exhaustively reviewed,,,
921,orange3-bioinformatics,2427,,,below cutoff; eligibility not exhaustively reviewed,,,
922,stmol,2425,,,below cutoff; eligibility not exhaustively reviewed,,,
923,component-contribution,2420,,,below cutoff; eligibility not exhaustively reviewed,,,
924,plant-genomics-mcp,2416,,,below cutoff; eligibility not exhaustively reviewed,,,
925,arvados-fuse,2411,,,below cutoff; eligibility not exhaustively reviewed,,,
926,oddt,2406,,,below cutoff; eligibility not exhaustively reviewed,,,
927,lightmotif,2405,,,below cutoff; eligibility not exhaustively reviewed,,,
928,opensxraw,2402,,,below cutoff; eligibility not exhaustively reviewed,,,
929,spoligotyper,2389,,,below cutoff; eligibility not exhaustively reviewed,,,
930,bio2zarr,2388,,,below cutoff; eligibility not exhaustively reviewed,,,
931,needletail,2385,,,below cutoff; eligibility not exhaustively reviewed,,,
932,genki,2375,,,below cutoff; eligibility not exhaustively reviewed,,,
933,mmdf,2369,,,below cutoff; eligibility not exhaustively reviewed,,,
934,multiqc-pivot,2366,,,below cutoff; eligibility not exhaustively reviewed,,,
935,pymafft,2366,,,below cutoff; eligibility not exhaustively reviewed,,,
936,blobtk,2361,,,below cutoff; eligibility not exhaustively reviewed,,,
937,atomap,2355,,,below cutoff; eligibility not exhaustively reviewed,,,
938,cell2cell,2355,,,below cutoff; eligibility not exhaustively reviewed,,,
939,cellstream,2353,,,below cutoff; eligibility not exhaustively reviewed,,,
940,onecodex,2353,,,below cutoff; eligibility not exhaustively reviewed,,,
941,ont-pyguppy-client-lib,2353,,,below cutoff; eligibility not exhaustively reviewed,,,
942,earthlens-land,2347,,,below cutoff; eligibility not exhaustively reviewed,,,
943,esm2quinox,2342,,,below cutoff; eligibility not exhaustively reviewed,,,
944,firecloud,2338,,,below cutoff; eligibility not exhaustively reviewed,,,
945,cryolo,2331,,,below cutoff; eligibility not exhaustively reviewed,,,
946,pybbi,2330,,,below cutoff; eligibility not exhaustively reviewed,,,
947,tsinfer,2330,,,below cutoff; eligibility not exhaustively reviewed,,,
948,tszip,2328,,,below cutoff; eligibility not exhaustively reviewed,,,
949,scikit-maad,2327,,,below cutoff; eligibility not exhaustively reviewed,,,
950,basicpy,2326,,,below cutoff; eligibility not exhaustively reviewed,,,
951,cogent,2325,,,below cutoff; eligibility not exhaustively reviewed,,,
952,biofluff,2317,,,below cutoff; eligibility not exhaustively reviewed,,,
953,pyconfind,2313,,,below cutoff; eligibility not exhaustively reviewed,,,
954,chmpy,2312,,,below cutoff; eligibility not exhaustively reviewed,,,
955,fafbseg,2312,,,below cutoff; eligibility not exhaustively reviewed,,,
956,pypet,2310,,,below cutoff; eligibility not exhaustively reviewed,,,
957,sctenifoldxct,2310,,,below cutoff; eligibility not exhaustively reviewed,,,
958,gilda,2305,,,below cutoff; eligibility not exhaustively reviewed,,,
959,corneto,2296,,,below cutoff; eligibility not exhaustively reviewed,,,
960,neuron-morphology,2296,,,below cutoff; eligibility not exhaustively reviewed,,,
961,seqcleave,2294,,,below cutoff; eligibility not exhaustively reviewed,,,
962,ipymol,2292,,,below cutoff; eligibility not exhaustively reviewed,,,
963,xponge,2292,,,below cutoff; eligibility not exhaustively reviewed,,,
964,ait-core,2290,,,below cutoff; eligibility not exhaustively reviewed,,,
965,bioclients,2288,,,below cutoff; eligibility not exhaustively reviewed,,,
966,hic-straw,2288,,,below cutoff; eligibility not exhaustively reviewed,,,
967,reacher2p,2288,,,below cutoff; eligibility not exhaustively reviewed,,,
968,hicmatrix,2286,,,below cutoff; eligibility not exhaustively reviewed,,,
969,anndata2ri,2274,,,below cutoff; eligibility not exhaustively reviewed,,,
970,msbuddy,2266,,,below cutoff; eligibility not exhaustively reviewed,,,
971,biopb,2264,,,below cutoff; eligibility not exhaustively reviewed,,,
972,cellphonedb,2258,,,below cutoff; eligibility not exhaustively reviewed,,,
973,xlsxgrep,2253,,,below cutoff; eligibility not exhaustively reviewed,,,
974,pyspike,2244,,,below cutoff; eligibility not exhaustively reviewed,,,
975,alchemtest,2239,,,below cutoff; eligibility not exhaustively reviewed,,,
976,promotercalculator,2231,,,below cutoff; eligibility not exhaustively reviewed,,,
977,pyopencga,2219,,,below cutoff; eligibility not exhaustively reviewed,,,
978,arvados-cwl-runner,2216,,,below cutoff; eligibility not exhaustively reviewed,,,
979,plumed,2213,,,below cutoff; eligibility not exhaustively reviewed,,,
980,pymummer,2212,,,below cutoff; eligibility not exhaustively reviewed,,,
981,pichemist,2211,,,below cutoff; eligibility not exhaustively reviewed,,,
982,atlasfold,2205,,,below cutoff; eligibility not exhaustively reviewed,,,
983,go3,2205,,,below cutoff; eligibility not exhaustively reviewed,,,
984,kernel-elastic-autoencoder,2204,,,below cutoff; eligibility not exhaustively reviewed,,,
985,pybiopax,2204,,,below cutoff; eligibility not exhaustively reviewed,,,
986,midas-dfxm,2202,,,below cutoff; eligibility not exhaustively reviewed,,,
987,simlord,2196,,,below cutoff; eligibility not exhaustively reviewed,,,
988,pxblat,2190,,,below cutoff; eligibility not exhaustively reviewed,,,
989,pyfasta,2189,,,below cutoff; eligibility not exhaustively reviewed,,,
990,amplikyzer,2178,,,below cutoff; eligibility not exhaustively reviewed,,,
991,pygenometracks,2174,,,below cutoff; eligibility not exhaustively reviewed,,,
992,bionumpy,2172,,,below cutoff; eligibility not exhaustively reviewed,,,
993,cutseq,2172,,,below cutoff; eligibility not exhaustively reviewed,,,
994,pypomp,2172,,,below cutoff; eligibility not exhaustively reviewed,,,
995,ontobio,2168,,,below cutoff; eligibility not exhaustively reviewed,,,
996,heaobject,2163,,,below cutoff; eligibility not exhaustively reviewed,,,
997,swift-commander,2151,,,below cutoff; eligibility not exhaustively reviewed,,,
998,glmtools,2150,,,below cutoff; eligibility not exhaustively reviewed,,,
999,cellacdc,2139,,,below cutoff; eligibility not exhaustively reviewed,,,
1000,pxmeter,2137,,,below cutoff; eligibility not exhaustively reviewed,,,
