{
  "variant": "dsp_effective_exposure_penalty_nnls",
  "params": {
    "rho": [
      0.0547624388985967,
      0.12502813985890004,
      0.09322364855793155,
      0.16837886884310663,
      0.12302792545529287,
      0.15147741453493643,
      0.15563310307688055,
      0.1251658784788729,
      0.11477343073343434,
      1.0845629992904269,
      0.1811166008538765,
      0.12557396853123312,
      0.3001717986036534,
      0.19710038004034353,
      0.12104268001127656,
      0.008523887364904567,
      0.11047175379928158,
      0.12499999392422112,
      0.13888486892658744,
      0.25598479696654614,
      0.06759249492954693,
      0.1249036653901253,
      0.09736069759194356,
      0.44201607326376813,
      0.11872129334105994,
      0.20486636813272802,
      0.09962034843555585,
      0.07150066748565204,
      0.12500000000000003,
      0.0025037005959682567,
      0.07651649397801569,
      0.12095982218119197,
      0.12504079024332024,
      0.008956815092181259,
      0.04005946711002445,
      0.04396381964818249,
      0.043642857759340806,
      0.0010862720689152187,
      0.10329490766531402
    ],
    "tau": [
      1.3040755810613784,
      -0.5052199579275516,
      0.046405795923177506,
      -0.14197628019231112,
      0.5091037144619858,
      0.004582157164011021,
      -1.5484790389277892,
      -0.17864639606690183,
      0.6881973438552199,
      2.4958225358474353,
      -0.6000525874850254,
      0.4344576637358085,
      -0.0632507367494845,
      0.10715176706660182,
      0.27474209003339467,
      -1.3036374405169413,
      -0.14770000696080435,
      -0.3912729706295341,
      -0.04982189345388462,
      -0.37296248079385347,
      0.7122063427692731,
      0.22013828424401638,
      0.3433414152265184,
      1.0218726887285308,
      0.5813894738358587,
      -0.39807756433310776,
      -0.35282358340312403,
      0.41526816713735915,
      -0.013388990723525663,
      1.3928479454709184,
      -2.0,
      -1.1909143770576271,
      -0.3478692126443927,
      4.40220688041591,
      1.9040582881746193,
      1.800198690577262,
      1.853515144432486,
      -1.9188274766080333,
      0.9213816970870874
    ],
    "gamma": 0.032757927894058715
  },
  "intercept": -6.691551342329652,
  "benefit_coef": [
    0.33336250839627474,
    0.0,
    0.0,
    0.5307923194547622,
    0.36128950247328045,
    6.481399684204851,
    3.8272457343230917,
    1.6129541042829962,
    0.0,
    0.3439014806166586,
    6.873168862786537,
    5.942447133841679,
    1.7636014135991422,
    1.50468298600928,
    0.0,
    0.0,
    1.3896017591472707,
    0.0,
    0.2464691138861774,
    0.9196486445639067,
    0.0,
    0.600261548877026,
    0.0,
    0.5738531002359359,
    0.11495435156296754,
    1.4441228479522288,
    23.79249514434474,
    0.3611631444142827,
    0.0,
    0.19000728336412903,
    0.0,
    4.315219828711929,
    0.0,
    0.28128100556862,
    0.07114775146363296,
    0.0,
    0.0,
    8.186610268997915,
    0.0
  ],
  "penalty_coef": [
    0.07274309705947411,
    0.015918295394503595,
    0.01222153391592262,
    0.1187656291053418,
    0.09294831824350219,
    1.259776778254969,
    0.25747900445735394,
    0.21913727755661827,
    0.034078367511563484,
    19.61949530505776,
    0.8820855992807373,
    1.8889693958078886,
    0.6231663012975768,
    0.35959136582846135,
    0.03565388306783302,
    0.016233336967814458,
    0.1755663367997624,
    0.014825358579094306,
    0.07841733594195786,
    0.16206566799306515,
    0.017545033144725584,
    0.11398609199364244,
    0.011130662757810236,
    1.2155694676663906,
    0.06785780872444416,
    0.24864478776261337,
    2.177023919882302,
    0.057971691777582025,
    0.029596878759090638,
    0.013804050431542737,
    0.0437072037639872,
    0.28638237217412965,
    0.011218743688273757,
    0.29556624036746826,
    0.04186462106445896,
    0.03181913988558311,
    0.034325551981362126,
    0.05595567031852089,
    0.026215325333178514
  ],
  "metrics": {
    "variant": "dsp_effective_exposure_penalty_nnls",
    "description": "Empirical comparator: phase-1 multiplier enters exposure for benefit and penalty.",
    "phase_mode": "effective_exposure",
    "retention_mode": "none",
    "repetition_mode": "none",
    "penalty_mode": "log_softplus_squared",
    "linear_mode": "nnls",
    "m_dependent_params_per_domain": 4,
    "total_param_count": 158,
    "fitted_gamma": 0.032757927894058715,
    "fitted_gamma_benefit": 0.0,
    "fitted_gamma_saturation": 0.032757927894058715,
    "fitted_gamma_penalty": 0.032757927894058715,
    "fitted_lam": NaN,
    "fitted_r1": NaN,
    "fitted_r1_min": NaN,
    "fitted_r1_median": NaN,
    "fitted_r1_max": NaN,
    "train_rmse": 0.02105651564675182,
    "train_spearman": 0.7036783678367836,
    "train_pearson": 0.924446322558554,
    "cv_rmse": 0.11417159597715004,
    "cv_mae": 0.07416388721368256,
    "oof_spearman": 0.16249624962496248,
    "oof_pearson": 0.23696644142564888,
    "cv_foldmean_regret_at_1": 0.04099075794219973,
    "cv_regret_at_1": 0.05578422546386719,
    "lower_tail_optimism": 0.11102181022771293,
    "raw_predicted_optimum_value": 0.32485125623205136,
    "raw_nearest_observed_tv": 0.7373338448994864,
    "raw_nearest_observed_run_name": "run_00180",
    "raw_nearest_observed_value": 0.9784300327301024,
    "raw_phase0_support_gt_1e3": 17,
    "raw_phase1_support_gt_1e3": 11,
    "phase0_max_weight": 0.655948579708097,
    "phase1_max_weight": 0.5270201377553169,
    "optimum_success": true,
    "optimum_message": "CONVERGENCE: NORM OF PROJECTED GRADIENT <= PGTOL"
  }
}
