{
  "result": {
    "Baseline": 2.90018892288208,
    "learning_rate=0.001": 2.908565044403076,
    "train_batch_size=256": 2.901893138885498
  },
  "name": {
    "Baseline": "sweep-520m-85B-kronc2a9f5lr0.0005-wd0.5-b10.95-plr0.2-pis1-gn1-n-7f654e",
    "learning_rate=0.001": "sweep-520m-85B-kronea1c73lr0.001-wd0.5-b10.95-plr0.2-pis1-gn1-no-82b169",
    "train_batch_size=256": "sweep-520m-85B-kronf21245lr0.0005-wd0.5-b10.95-plr0.2-pis1-gn1-n-6bceac"
  },
  "num_left": 0,
  "best_config": {
    "beta1": 0.95,
    "block_size": 256,
    "learning_rate": 0.0005,
    "max_grad_norm": 1,
    "min_lr_ratio": 0,
    "normalize_grads": true,
    "partition_grads_into_blocks": true,
    "preconditioner_init_scale": 1,
    "preconditioner_lr": 0.2,
    "preconditioner_update_probability": 0.1,
    "train_batch_size": 128,
    "update_prob_flat_start": 2000,
    "warmup": 1000,
    "weight_decay": 0.5
  },
  "min_loss": 2.90018892288208,
  "approximate_best_config_list": [
    {
      "train_batch_size": 128,
      "warmup": 1000,
      "learning_rate": 0.0005
    },
    {
      "train_batch_size": 256,
      "warmup": 1000,
      "learning_rate": 0.0005
    }
  ],
  "baseline": {
    "loss": 2.90018892288208,
    "wandb_id": "sweep-520m-85B-kronc2a9f5lr0.0005-wd0.5-b10.95-plr0.2-pis1-gn1-n-7f654e"
  },
  "ablations": [
    {
      "param": "learning_rate",
      "value": 0.001,
      "loss": 2.908565044403076,
      "wandb_id": "sweep-520m-85B-kronea1c73lr0.001-wd0.5-b10.95-plr0.2-pis1-gn1-no-82b169"
    },
    {
      "param": "train_batch_size",
      "value": 256,
      "loss": 2.901893138885498,
      "wandb_id": "sweep-520m-85B-kronf21245lr0.0005-wd0.5-b10.95-plr0.2-pis1-gn1-n-6bceac"
    }
  ]
}
