stage,chosen_rank,start_id,success,message,eta,lam,reg,beta,a_broad_text,a_tech_code,a_reasoning,tau_broad_text,tau_tech_code,tau_reasoning,cv_rmse,cv_regret_at_1,cv_foldmean_regret_at_1,lower_tail_optimism,cv_depopt_best8,cv_rawopt_nearest_tv,objective,oof_spearman,oof_pearson
refine,0,6,True,Optimization terminated successfully.,2.8801582682362032,0.0,0.0,0.999999,2.0,0.43147265531197776,0.030323320677737905,8.0,8.0,8.0,0.013016609277569372,0.0006219148635864258,0.011016201972961426,0.004372389990694723,,,0.015753614371564806,0.781453412536023,0.7145214654460137
refine,1,14,True,Optimization terminated successfully.,3.1202112348843674,0.0,0.0,0.999999,2.0,0.4345936280247485,0.0570996907487739,8.0,8.0,1.0978332822965766,0.012981355223618013,0.0006219148635864258,0.011016201972961426,0.004442417915101174,,,0.01575337427981667,0.7803899254924026,0.7162667564906329
refine,2,13,True,Optimization terminated successfully.,2.907800145907536,0.0,0.0,0.999999,2.0,0.4332472472703065,0.03169138461162339,8.0,8.0,8.0,0.013009149339497891,0.0006219148635864258,0.011016201972961426,0.004392178498868082,,,0.01575604868758,0.7811257298243341,0.7149096721875747
refine,3,11,True,Optimization terminated successfully.,3.626505541340224,0.0,0.0,0.999999,2.0,0.43245173272953547,0.02,8.0,-2.0,1.5465545306358863,0.012979990519537509,0.0006219148635864258,0.011016201972961426,0.004598215274195899,,,0.01582990825528353,0.7741656474210228,0.7161113783804036
