{
  "benefit_coef": [
    2.891753694619278,
    1.1757070599214872,
    1.1268291312819156,
    1.53163969451855,
    0.420835476282215,
    2.6521064642324115,
    0.5920368080873719,
    0.4798744770324317,
    0.3821917949400276,
    3.9823423739879518,
    0.4897715680887257,
    4.796036652246391,
    1.5917189533289122,
    1.0198894667084244,
    0.590503973383004,
    1.9990568819683772,
    0.6296545852823926,
    3.0053837794627385,
    1.537490806436577,
    1.4002178686933355,
    0.7730762223826235,
    0.4512256813197229,
    0.4670827513447824,
    1.4918878984871473,
    0.7440361452092181,
    4.328413480418777,
    0.6947943017695544,
    0.44261011231583175,
    3.08800975071157,
    0.0,
    4.167851091427398,
    2.7249045605123317,
    8.225704871376562,
    0.08748737332138526,
    0.275869728304234,
    0.3827342519813822,
    1.717402205411666,
    3.7868633994956067,
    0.3404768314768562
  ],
  "intercept": -4.182058368961128,
  "params": {
    "gamma": 4.687796589491476,
    "rho": [
      0.011012023419819822,
      0.0867989873103178,
      0.03535237168699999,
      0.08818716452231616,
      0.180286113691191,
      0.0839655674545994,
      0.14404432522621607,
      0.12724304025003144,
      0.11493021976046515,
      0.09542785674385011,
      0.2498466612543191,
      0.09271283776628994,
      0.09378753197623971,
      0.14188855927967775,
      0.11085355631878999,
      0.09022783898309654,
      0.08668065226447355,
      0.12747415905247503,
      0.08947769418253262,
      0.09620479140878609,
      0.03886487210916032,
      0.13856323936607406,
      0.05383306415923545,
      0.23602831753362036,
      0.07740509963975904,
      0.0644182913456056,
      0.20426908785889966,
      0.061119045471136335,
      0.05089000551813977,
      0.0027941706292613877,
      0.3080795221914192,
      0.1010653243853003,
      0.01842049218270761,
      0.006482960479608896,
      0.2064143551259358,
      0.058162811192715075,
      0.011808332951266159,
      0.1485048648630481,
      0.05383135810919849
    ],
    "tau": [
      1.683200776293199,
      -0.30330417386872927,
      0.5666389515442063,
      -0.21346388098729985,
      0.6413357049887357,
      -1.04750211293089,
      0.05482557440627729,
      -0.38343661834032766,
      0.7082578088870236,
      -0.8426966515671435,
      0.7193802682971523,
      -1.2940580844003007,
      -1.6508459939689364,
      0.5035177616776574,
      -0.0762621025294527,
      0.7911702177420795,
      -0.668473537032114,
      -0.36869858002330863,
      -0.4513725029241579,
      0.2962360174615019,
      0.5101689917823747,
      2.746349543226096,
      -0.24326768449132494,
      2.01974260383467,
      -0.297231570979981,
      -1.2557201650648673,
      -0.2380112364479335,
      0.685880324896674,
      0.5015909047704041,
      5.544407275084778,
      0.14540376990296108,
      -0.3383075524674532,
      1.3269726717603798,
      6.202033921378867,
      2.650386438755898,
      1.7595732564806654,
      1.2381337303881275,
      0.16713841649850325,
      1.9067158661689463
    ]
  },
  "penalty_coef": [
    0.3118017058028738,
    0.14800016763540919,
    0.1474747028552344,
    0.196454746319616,
    0.17084784730803418,
    0.2152941632124653,
    0.19754985453847376,
    0.14113578134651228,
    0.14918328240434184,
    0.33067238072506433,
    0.3941161387473395,
    0.33126983396115,
    0.11777342922251714,
    0.4466084578007944,
    0.15361987412663328,
    0.8182593873296109,
    0.09981211408516297,
    0.5220987259503297,
    0.21051750942189704,
    0.2541135818463538,
    0.106004152718248,
    3.0051165425440765,
    0.06264232966583679,
    8.649770946145491,
    0.09863073444342267,
    0.19711784302601834,
    0.1580191618293023,
    0.1135308597646973,
    0.4534765228222046,
    2.4842138819316366,
    2.6102612263027543,
    0.33510723055456815,
    1.2032062314948524,
    11.447866940918722,
    0.1687199392711668,
    0.1673639172814591,
    0.14371199775031548,
    1.1615812106172296,
    0.3409913597231381
  ],
  "variant": {
    "description": "Canonical reduced-bias DSP: phase-1 premium only multiplies the benefit signal.",
    "linear_mode": "nnls",
    "name": "dsp_phase_benefit_penalty_nnls",
    "penalty_mode": "log_softplus_squared",
    "phase_mode": "benefit_gain",
    "repetition_mode": "none",
    "retention_mode": "none"
  }
}
