{
  "benefit_coef": [
    84.33960830399556,
    0.09720032458334973,
    2.288688672589346,
    1.9794040200052074,
    0.10758041619413304,
    4.202259571046697,
    0.2200661268996712,
    0.02043589185347044,
    0.33970419011634584,
    0.8081050155821015,
    0.5234031838246915,
    0.8400170756012235,
    0.43335622629715703,
    1.3569203054392804,
    0.14114533116489486,
    0.9281754252597385,
    0.03954854510899289,
    1.079635217772752,
    0.36524810163281113,
    11.715773924002363,
    0.584914008557898,
    1.993464281715673,
    0.1843739138705348,
    1.3832393817775281,
    1.1703013698715008,
    1.70750409068728,
    0.10315143291493369,
    0.03343140382721014,
    1.6226910953176032,
    0.0,
    0.3077630295684192,
    0.14966844153887368,
    5.749071428773918,
    0.009890848606544832,
    0.08939151772799696,
    0.08863870119918235,
    2.2101592051066197,
    2.0944364679048255,
    0.19168355516826346
  ],
  "intercept": -2.51736124267702,
  "params": {
    "gamma": 16.684154992314838,
    "r1": 100.00000000000004,
    "rho": [
      0.00010000000000000009,
      0.37353374757947017,
      0.004250175417164615,
      0.017107186046674508,
      0.2071677803875635,
      0.014709144022524297,
      0.09892690220795734,
      1.2402112396406193,
      0.03099213366059817,
      0.12908164988705345,
      0.05244562553233397,
      0.1484407946177681,
      0.09700973060035033,
      0.029714480752625144,
      0.13202599058944348,
      0.05078190116645213,
      0.6196529066826912,
      0.09056327946661871,
      0.09706485276352804,
      0.0029987077099240932,
      0.012610709976495084,
      0.007118807072235226,
      0.03534092511505767,
      0.06604205922990408,
      0.013616739598833532,
      0.04368732595343547,
      0.437039783021137,
      0.485339856607937,
      0.02709125928997772,
      0.013039279167504324,
      1.259570181888035,
      0.6093023302067048,
      0.007160824625828526,
      0.02733876157980227,
      0.15753009992169154,
      0.06538242528755997,
      0.0024284891215170766,
      0.07114121326061132,
      0.022015091606103016
    ],
    "tau": [
      2.2380998049297287,
      -0.718430047000548,
      1.7717336321795063,
      2.501341374080477,
      1.2487415632834205,
      -1.9440202562704276,
      0.2937257568875964,
      0.3567775498412246,
      3.5183967973655785,
      -0.3836601520373619,
      1.68061457224384,
      -1.4892272300186766,
      -2.0,
      0.5451218057162762,
      -1.486090940128973,
      1.5047527580428197,
      -0.18451479474161187,
      0.3177952090442191,
      0.8229753541976366,
      1.8826127227334628,
      0.6677393221990493,
      4.5153114491425725,
      -0.49372544442140015,
      3.121349643277185,
      0.8045332999159481,
      -1.7320844806823217,
      2.0056903572985147,
      3.355609850333316,
      1.1455657069974745,
      5.1080728170295195,
      -1.1842035992397844,
      0.30887159353993027,
      1.8914083484996012,
      6.982838745978017,
      6.052188832415492,
      2.5818736592441853,
      0.7484327524851211,
      0.5271516008728162,
      3.5831859000197057
    ]
  },
  "penalty_coef": [
    0.3123890540932341,
    0.05282593081958026,
    0.34471983443645626,
    3.445478331587428,
    0.20017696495189927,
    0.09709435598195842,
    0.1779961680339798,
    0.19529016333044139,
    6.39795574866139,
    0.2623007271544419,
    1.0718186298882448,
    0.18829779500993338,
    0.0813219030025892,
    0.3472816419972957,
    0.056698851703458196,
    1.3465027366798912,
    0.07921286158999186,
    0.6226923718422387,
    0.4594773068561819,
    1.0987044843235472,
    0.08462114133861005,
    65.9851184120749,
    0.043510307503565,
    38.41010725653985,
    0.1604933299616657,
    0.09212681823023414,
    0.8738881310236449,
    1.120445615693384,
    0.5582838738752222,
    1.4705268351031566,
    0.31278048508379763,
    0.22153305522234343,
    1.4609538296536162,
    49.7532139669447,
    40.882237432096176,
    0.2643194504932001,
    0.06026783243213714,
    1.0641210569119093,
    3.1039974305972318
  ],
  "variant": {
    "description": "Apple-style repetition-aware DSP: shared r1 discounts physical repetition for saturation; phase-1 only changes benefit amplitude and penalty uses raw physical exposure.",
    "linear_mode": "nnls",
    "name": "dsp_apple_repetition_shared_r1_phase_benefit_penalty_nnls",
    "penalty_mode": "log_softplus_squared",
    "phase_mode": "benefit_gain",
    "repetition_mode": "apple_shared_r1",
    "retention_mode": "none"
  }
}
