candidate_id,component,bpb
olmixq_u_kl0_cap12,minerva_math_algebra,1.3787553805275792
olmixq_u_kl0_cap12,minerva_math_counting_and_probability,1.1958988697976998
olmixq_u_kl0_cap12,minerva_math_geometry,1.350412426133147
olmixq_u_kl0_cap12,minerva_math_intermediate_algebra,1.285584473965141
olmixq_u_kl0_cap12,minerva_math_number_theory,1.3201402565485807
olmixq_u_kl0_cap12,minerva_math_prealgebra,1.2737251518044825
olmixq_u_kl0_cap12,minerva_math_precalculus,1.0873558863760797
olmixq_u_kl0_cap12,codex_humaneval,0.986123336624666
olmixq_u_kl0_cap12,mbpp,1.0710679112658348
olmixq_u_kl0_cap12,mt_mbpp_bash,1.0875587467194336
olmixq_u_kl0_cap12,mt_mbpp_c,0.6364365516682359
olmixq_u_kl0_cap12,mt_mbpp_cpp,0.6238228037552435
olmixq_u_kl0_cap12,mt_mbpp_csharp,0.52120141675546
olmixq_u_kl0_cap12,mt_mbpp_go,0.7505762894147001
olmixq_u_kl0_cap12,mt_mbpp_haskell,1.7372987662490358
olmixq_u_kl0_cap12,mt_mbpp_java,0.4643426004178963
olmixq_u_kl0_cap12,mt_mbpp_javascript,0.7628544366569256
olmixq_u_kl0_cap12,mt_mbpp_matlab,1.2606911178089446
olmixq_u_kl0_cap12,mt_mbpp_php,0.6897584562907959
olmixq_u_kl0_cap12,mt_mbpp_python,1.0714766993325695
olmixq_u_kl0_cap12,mt_mbpp_r,1.247617103544679
olmixq_u_kl0_cap12,mt_mbpp_ruby,1.2324201563067867
olmixq_u_kl0_cap12,mt_mbpp_rust,0.8560120338365104
olmixq_u_kl0_cap12,mt_mbpp_scala,1.276797681637405
olmixq_u_kl0_cap12,mt_mbpp_swift,0.8238477531969588
olmixq_u_kl0_cap12,mt_mbpp_typescript,0.7268803879258937
olmixq_u_kl0_cap12,arc_easy,1.3559534470535264
olmixq_u_kl0_cap12,arc_challenge,1.4462347346392712
olmixq_u_kl0_cap12,mmlu_stem,2.0667661241526654
olmixq_u_kl0_cap12,mmlu_humanities,1.1623723829747479
olmixq_u_kl0_cap12,mmlu_social_sciences,1.4098324917389577
olmixq_u_kl0_cap12,mmlu_other,1.7046363903475887
olmixq_u_kl0_cap12,csqa,1.670442901397933
olmixq_u_kl0_cap12,hellaswag,1.1377011981351708
olmixq_u_kl0_cap12,winogrande,1.4787605177690712
olmixq_u_kl0_cap12,socialiqa,1.5046783936285115
olmixq_u_kl0_cap12,piqa,1.5304378290461687
olmixq_u_kl0_cap12,coqa,1.4078414581564442
olmixq_u_kl0_cap12,drop,2.254191187233711
olmixq_u_kl0_cap12,jeopardy,1.8714380917676823
olmixq_u_kl0_cap12,naturalqs,2.1824054497279146
olmixq_u_kl0_cap12,squad,1.2030254854647093
olmixq_u_kl0_cap12,sciq,1.4698573338251886
olmixq_u_kl0_cap12,basic_skills_arithmetic,2.4834140710912105
olmixq_u_kl0_cap12,basic_skills_coding,1.000408544599572
olmixq_u_kl0_cap12,basic_skills_common_knowledge,1.5727282802328155
olmixq_u_kl0_cap12,basic_skills_logical_reasoning,0.5035859295053094
olmixq_u_kl0_cap12,basic_skills_pattern,1.8064226909280954
olmixq_u_kl0_cap12,basic_skills_string_operations,2.9906759928603153
olmixq_u_kl0_cap12,lambada,1.0816667837896128
olmixq_u_kl0_cap12,medmcqa,2.118895090537544
olmixq_u_kl0_cap04,minerva_math_algebra,1.2189289080595769
olmixq_u_kl0_cap04,minerva_math_counting_and_probability,1.0730414633120735
olmixq_u_kl0_cap04,minerva_math_geometry,1.2111646495656025
olmixq_u_kl0_cap04,minerva_math_intermediate_algebra,1.1811520089942733
olmixq_u_kl0_cap04,minerva_math_number_theory,1.1827524100160507
olmixq_u_kl0_cap04,minerva_math_prealgebra,1.1127681599355046
olmixq_u_kl0_cap04,minerva_math_precalculus,1.0122951490871044
olmixq_u_kl0_cap04,codex_humaneval,0.8661351643782047
olmixq_u_kl0_cap04,mbpp,0.974165924553955
olmixq_u_kl0_cap04,mt_mbpp_bash,0.9709466697230168
olmixq_u_kl0_cap04,mt_mbpp_c,0.5803327062930597
olmixq_u_kl0_cap04,mt_mbpp_cpp,0.5573464433588836
olmixq_u_kl0_cap04,mt_mbpp_csharp,0.46084590222974825
olmixq_u_kl0_cap04,mt_mbpp_go,0.6582754845549695
olmixq_u_kl0_cap04,mt_mbpp_haskell,1.5844338499528214
olmixq_u_kl0_cap04,mt_mbpp_java,0.4152668486702325
olmixq_u_kl0_cap04,mt_mbpp_javascript,0.6874257358818142
olmixq_u_kl0_cap04,mt_mbpp_matlab,1.153494996391028
olmixq_u_kl0_cap04,mt_mbpp_php,0.606898354189129
olmixq_u_kl0_cap04,mt_mbpp_python,0.9740632561958152
olmixq_u_kl0_cap04,mt_mbpp_r,1.0973308107717021
olmixq_u_kl0_cap04,mt_mbpp_ruby,1.0225884922335564
olmixq_u_kl0_cap04,mt_mbpp_rust,0.8071400701899661
olmixq_u_kl0_cap04,mt_mbpp_scala,1.15612905683386
olmixq_u_kl0_cap04,mt_mbpp_swift,0.736730040500784
olmixq_u_kl0_cap04,mt_mbpp_typescript,0.6402590767751147
olmixq_u_kl0_cap04,arc_easy,1.0599708645500707
olmixq_u_kl0_cap04,arc_challenge,1.1990813874190445
olmixq_u_kl0_cap04,mmlu_stem,1.7855558563217755
olmixq_u_kl0_cap04,mmlu_humanities,1.0209490182581045
olmixq_u_kl0_cap04,mmlu_social_sciences,1.2002921623838192
olmixq_u_kl0_cap04,mmlu_other,1.4078419767575114
olmixq_u_kl0_cap04,csqa,1.5449383912572492
olmixq_u_kl0_cap04,hellaswag,1.0224542071839948
olmixq_u_kl0_cap04,winogrande,1.414198001975494
olmixq_u_kl0_cap04,socialiqa,1.331388916201061
olmixq_u_kl0_cap04,piqa,1.314712815482537
olmixq_u_kl0_cap04,coqa,0.8168484927314055
olmixq_u_kl0_cap04,drop,1.8168858189343422
olmixq_u_kl0_cap04,jeopardy,1.5381105168016864
olmixq_u_kl0_cap04,naturalqs,1.6767513607695843
olmixq_u_kl0_cap04,squad,0.5899637148380146
olmixq_u_kl0_cap04,sciq,1.1286629382190838
olmixq_u_kl0_cap04,basic_skills_arithmetic,2.311397898340338
olmixq_u_kl0_cap04,basic_skills_coding,0.8623271459460939
olmixq_u_kl0_cap04,basic_skills_common_knowledge,1.1822440365041642
olmixq_u_kl0_cap04,basic_skills_logical_reasoning,0.33672798386268094
olmixq_u_kl0_cap04,basic_skills_pattern,1.633177450590247
olmixq_u_kl0_cap04,basic_skills_string_operations,2.8375731516643414
olmixq_u_kl0_cap04,lambada,0.986064813482973
olmixq_u_kl0_cap04,medmcqa,1.9066298807807092
olmixq_u_kl0p005_cap12,minerva_math_algebra,1.2818618910527837
olmixq_u_kl0p005_cap12,minerva_math_counting_and_probability,1.1190684454055677
olmixq_u_kl0p005_cap12,minerva_math_geometry,1.2854419808808881
olmixq_u_kl0p005_cap12,minerva_math_intermediate_algebra,1.2342557117961401
olmixq_u_kl0p005_cap12,minerva_math_number_theory,1.2307318654821302
olmixq_u_kl0p005_cap12,minerva_math_prealgebra,1.1797103608245532
olmixq_u_kl0p005_cap12,minerva_math_precalculus,1.0538742988524568
olmixq_u_kl0p005_cap12,codex_humaneval,0.9031507609477484
olmixq_u_kl0p005_cap12,mbpp,1.0383618842882916
olmixq_u_kl0p005_cap12,mt_mbpp_bash,1.1165762900364193
olmixq_u_kl0p005_cap12,mt_mbpp_c,0.6219979126938997
olmixq_u_kl0p005_cap12,mt_mbpp_cpp,0.5921409501615976
olmixq_u_kl0p005_cap12,mt_mbpp_csharp,0.5090628301522101
olmixq_u_kl0p005_cap12,mt_mbpp_go,0.7302873776540884
olmixq_u_kl0p005_cap12,mt_mbpp_haskell,1.6812714967055435
olmixq_u_kl0p005_cap12,mt_mbpp_java,0.4490346013329954
olmixq_u_kl0p005_cap12,mt_mbpp_javascript,0.7215709932901956
olmixq_u_kl0p005_cap12,mt_mbpp_matlab,1.2096579382027064
olmixq_u_kl0p005_cap12,mt_mbpp_php,0.6620964875295585
olmixq_u_kl0p005_cap12,mt_mbpp_python,1.0391154220835437
olmixq_u_kl0p005_cap12,mt_mbpp_r,1.2026748745858167
olmixq_u_kl0p005_cap12,mt_mbpp_ruby,1.1052256010065198
olmixq_u_kl0p005_cap12,mt_mbpp_rust,0.8603554295178075
olmixq_u_kl0p005_cap12,mt_mbpp_scala,1.2146689638160364
olmixq_u_kl0p005_cap12,mt_mbpp_swift,0.7976817371043182
olmixq_u_kl0p005_cap12,mt_mbpp_typescript,0.679539354261211
olmixq_u_kl0p005_cap12,arc_easy,1.1643264753310452
olmixq_u_kl0p005_cap12,arc_challenge,1.30021339747758
olmixq_u_kl0p005_cap12,mmlu_stem,1.9013802641996707
olmixq_u_kl0p005_cap12,mmlu_humanities,1.08470210128489
olmixq_u_kl0p005_cap12,mmlu_social_sciences,1.2584538836750516
olmixq_u_kl0p005_cap12,mmlu_other,1.5135827730989073
olmixq_u_kl0p005_cap12,csqa,1.6063391462432224
olmixq_u_kl0p005_cap12,hellaswag,1.0804910981873366
olmixq_u_kl0p005_cap12,winogrande,1.4296205871342873
olmixq_u_kl0p005_cap12,socialiqa,1.4543909550943255
olmixq_u_kl0p005_cap12,piqa,1.3913056017137646
olmixq_u_kl0p005_cap12,coqa,0.7997082832913952
olmixq_u_kl0p005_cap12,drop,1.9174240407075407
olmixq_u_kl0p005_cap12,jeopardy,1.6572073365368545
olmixq_u_kl0p005_cap12,naturalqs,1.7823510434203775
olmixq_u_kl0p005_cap12,squad,0.7510804985774696
olmixq_u_kl0p005_cap12,sciq,1.2924053098685144
olmixq_u_kl0p005_cap12,basic_skills_arithmetic,2.340442594194486
olmixq_u_kl0p005_cap12,basic_skills_coding,0.9890241706177608
olmixq_u_kl0p005_cap12,basic_skills_common_knowledge,1.3482034062054569
olmixq_u_kl0p005_cap12,basic_skills_logical_reasoning,0.4701780173559469
olmixq_u_kl0p005_cap12,basic_skills_pattern,1.7171844763746595
olmixq_u_kl0p005_cap12,basic_skills_string_operations,2.9345314752027347
olmixq_u_kl0p005_cap12,lambada,1.03694665450776
olmixq_u_kl0p005_cap12,medmcqa,1.9805993742691264
olmixq_u_kl0_nocap_cap17,minerva_math_algebra,1.4570444586633864
olmixq_u_kl0_nocap_cap17,minerva_math_counting_and_probability,1.294722112748039
olmixq_u_kl0_nocap_cap17,minerva_math_geometry,1.4754778725751179
olmixq_u_kl0_nocap_cap17,minerva_math_intermediate_algebra,1.3936730452977344
olmixq_u_kl0_nocap_cap17,minerva_math_number_theory,1.4176302561921188
olmixq_u_kl0_nocap_cap17,minerva_math_prealgebra,1.3520714817586215
olmixq_u_kl0_nocap_cap17,minerva_math_precalculus,1.1854934351540587
olmixq_u_kl0_nocap_cap17,codex_humaneval,1.0235806624804493
olmixq_u_kl0_nocap_cap17,mbpp,1.1506579541899613
olmixq_u_kl0_nocap_cap17,mt_mbpp_bash,1.1071386962038907
olmixq_u_kl0_nocap_cap17,mt_mbpp_c,0.6842257480254805
olmixq_u_kl0_nocap_cap17,mt_mbpp_cpp,0.6592157269504999
olmixq_u_kl0_nocap_cap17,mt_mbpp_csharp,0.5743362868840495
olmixq_u_kl0_nocap_cap17,mt_mbpp_go,0.7750823754194844
olmixq_u_kl0_nocap_cap17,mt_mbpp_haskell,1.938803287200496
olmixq_u_kl0_nocap_cap17,mt_mbpp_java,0.4920155687630283
olmixq_u_kl0_nocap_cap17,mt_mbpp_javascript,0.7864757421914735
olmixq_u_kl0_nocap_cap17,mt_mbpp_matlab,1.3237552593342556
olmixq_u_kl0_nocap_cap17,mt_mbpp_php,0.7300767566559521
olmixq_u_kl0_nocap_cap17,mt_mbpp_python,1.1511252373649201
olmixq_u_kl0_nocap_cap17,mt_mbpp_r,1.3313532271583253
olmixq_u_kl0_nocap_cap17,mt_mbpp_ruby,1.2660234946155222
olmixq_u_kl0_nocap_cap17,mt_mbpp_rust,1.0336806098808262
olmixq_u_kl0_nocap_cap17,mt_mbpp_scala,1.3873199471661528
olmixq_u_kl0_nocap_cap17,mt_mbpp_swift,0.9359052022543464
olmixq_u_kl0_nocap_cap17,mt_mbpp_typescript,0.7517412060117511
olmixq_u_kl0_nocap_cap17,arc_easy,1.6997604437786344
olmixq_u_kl0_nocap_cap17,arc_challenge,1.6519745631019165
olmixq_u_kl0_nocap_cap17,mmlu_stem,2.359941522516158
olmixq_u_kl0_nocap_cap17,mmlu_humanities,1.2980081507401005
olmixq_u_kl0_nocap_cap17,mmlu_social_sciences,1.6098864088745963
olmixq_u_kl0_nocap_cap17,mmlu_other,1.9656619357527878
olmixq_u_kl0_nocap_cap17,csqa,1.9386247654056488
olmixq_u_kl0_nocap_cap17,hellaswag,1.2349261057634437
olmixq_u_kl0_nocap_cap17,winogrande,1.5334675120455643
olmixq_u_kl0_nocap_cap17,socialiqa,1.6323832090788781
olmixq_u_kl0_nocap_cap17,piqa,1.6042156051702803
olmixq_u_kl0_nocap_cap17,coqa,1.4407996171866304
olmixq_u_kl0_nocap_cap17,drop,2.28451429449857
olmixq_u_kl0_nocap_cap17,jeopardy,2.0531202773704176
olmixq_u_kl0_nocap_cap17,naturalqs,2.2519657778093025
olmixq_u_kl0_nocap_cap17,squad,1.376452659360891
olmixq_u_kl0_nocap_cap17,sciq,1.7861405522751825
olmixq_u_kl0_nocap_cap17,basic_skills_arithmetic,2.5104328736283685
olmixq_u_kl0_nocap_cap17,basic_skills_coding,1.0875229747046138
olmixq_u_kl0_nocap_cap17,basic_skills_common_knowledge,1.8185330038839407
olmixq_u_kl0_nocap_cap17,basic_skills_logical_reasoning,0.6609194951183285
olmixq_u_kl0_nocap_cap17,basic_skills_pattern,2.020115256882998
olmixq_u_kl0_nocap_cap17,basic_skills_string_operations,3.278740723100645
olmixq_u_kl0_nocap_cap17,lambada,1.1679996127326069
olmixq_u_kl0_nocap_cap17,medmcqa,2.439426009870497
olmixq_u_kl0_cap08,minerva_math_algebra,1.3022571429022611
olmixq_u_kl0_cap08,minerva_math_counting_and_probability,1.1382066972491987
olmixq_u_kl0_cap08,minerva_math_geometry,1.2936138371185024
olmixq_u_kl0_cap08,minerva_math_intermediate_algebra,1.2356212743825288
olmixq_u_kl0_cap08,minerva_math_number_theory,1.2463586351652964
olmixq_u_kl0_cap08,minerva_math_prealgebra,1.2014471436149172
olmixq_u_kl0_cap08,minerva_math_precalculus,1.0572655763959888
olmixq_u_kl0_cap08,codex_humaneval,0.9493485905104769
olmixq_u_kl0_cap08,mbpp,1.0420785979958838
olmixq_u_kl0_cap08,mt_mbpp_bash,1.0590268577245112
olmixq_u_kl0_cap08,mt_mbpp_c,0.6211809201564986
olmixq_u_kl0_cap08,mt_mbpp_cpp,0.6047098748784691
olmixq_u_kl0_cap08,mt_mbpp_csharp,0.4955196364370005
olmixq_u_kl0_cap08,mt_mbpp_go,0.7164021020675467
olmixq_u_kl0_cap08,mt_mbpp_haskell,1.7122030061549722
olmixq_u_kl0_cap08,mt_mbpp_java,0.4536906957010122
olmixq_u_kl0_cap08,mt_mbpp_javascript,0.7392063962939104
olmixq_u_kl0_cap08,mt_mbpp_matlab,1.2353004595737824
olmixq_u_kl0_cap08,mt_mbpp_php,0.6611131717713011
olmixq_u_kl0_cap08,mt_mbpp_python,1.0382958886438152
olmixq_u_kl0_cap08,mt_mbpp_r,1.182531262963584
olmixq_u_kl0_cap08,mt_mbpp_ruby,1.1581453716274297
olmixq_u_kl0_cap08,mt_mbpp_rust,0.823598341145414
olmixq_u_kl0_cap08,mt_mbpp_scala,1.2345757381010158
olmixq_u_kl0_cap08,mt_mbpp_swift,0.782821523736451
olmixq_u_kl0_cap08,mt_mbpp_typescript,0.7042596637725851
olmixq_u_kl0_cap08,arc_easy,1.2637702914473299
olmixq_u_kl0_cap08,arc_challenge,1.3393189809366908
olmixq_u_kl0_cap08,mmlu_stem,1.981770958248382
olmixq_u_kl0_cap08,mmlu_humanities,1.1118694170524652
olmixq_u_kl0_cap08,mmlu_social_sciences,1.326801919950884
olmixq_u_kl0_cap08,mmlu_other,1.5963619838644973
olmixq_u_kl0_cap08,csqa,1.720329740059815
olmixq_u_kl0_cap08,hellaswag,1.118583668060369
olmixq_u_kl0_cap08,winogrande,1.4577586315299786
olmixq_u_kl0_cap08,socialiqa,1.4985598491322183
olmixq_u_kl0_cap08,piqa,1.4490212347277156
olmixq_u_kl0_cap08,coqa,0.9567349293699645
olmixq_u_kl0_cap08,drop,2.0859359250358205
olmixq_u_kl0_cap08,jeopardy,1.694493284116013
olmixq_u_kl0_cap08,naturalqs,1.9305586731656816
olmixq_u_kl0_cap08,squad,0.9085445625675612
olmixq_u_kl0_cap08,sciq,1.4108687510965696
olmixq_u_kl0_cap08,basic_skills_arithmetic,2.3757940875758043
olmixq_u_kl0_cap08,basic_skills_coding,0.9433437639444173
olmixq_u_kl0_cap08,basic_skills_common_knowledge,1.346846716494902
olmixq_u_kl0_cap08,basic_skills_logical_reasoning,0.47632641858172187
olmixq_u_kl0_cap08,basic_skills_pattern,1.894984913102599
olmixq_u_kl0_cap08,basic_skills_string_operations,2.9858206447536912
olmixq_u_kl0_cap08,lambada,1.056621732278336
olmixq_u_kl0_cap08,medmcqa,2.0620602043325422
olmixq_u_kl0p005_cap04,minerva_math_algebra,1.2480349394585213
olmixq_u_kl0p005_cap04,minerva_math_counting_and_probability,1.086466265271459
olmixq_u_kl0p005_cap04,minerva_math_geometry,1.2373642699488236
olmixq_u_kl0p005_cap04,minerva_math_intermediate_algebra,1.210828979264976
olmixq_u_kl0p005_cap04,minerva_math_number_theory,1.1978182127786057
olmixq_u_kl0p005_cap04,minerva_math_prealgebra,1.134888212280994
olmixq_u_kl0p005_cap04,minerva_math_precalculus,1.0375601506713572
olmixq_u_kl0p005_cap04,codex_humaneval,0.859183607551039
olmixq_u_kl0p005_cap04,mbpp,0.9915179176963865
olmixq_u_kl0p005_cap04,mt_mbpp_bash,1.0049209140061663
olmixq_u_kl0p005_cap04,mt_mbpp_c,0.5874411115794858
olmixq_u_kl0p005_cap04,mt_mbpp_cpp,0.5601788355065844
olmixq_u_kl0p005_cap04,mt_mbpp_csharp,0.474487453565383
olmixq_u_kl0p005_cap04,mt_mbpp_go,0.66034417010537
olmixq_u_kl0p005_cap04,mt_mbpp_haskell,1.6496922080916459
olmixq_u_kl0p005_cap04,mt_mbpp_java,0.42988763156449783
olmixq_u_kl0p005_cap04,mt_mbpp_javascript,0.6954081893847587
olmixq_u_kl0p005_cap04,mt_mbpp_matlab,1.154674015956007
olmixq_u_kl0p005_cap04,mt_mbpp_php,0.6234344600324723
olmixq_u_kl0p005_cap04,mt_mbpp_python,0.9902982084834373
olmixq_u_kl0p005_cap04,mt_mbpp_r,1.1346917272627728
olmixq_u_kl0p005_cap04,mt_mbpp_ruby,1.0739785837678462
olmixq_u_kl0p005_cap04,mt_mbpp_rust,0.8325463986934444
olmixq_u_kl0p005_cap04,mt_mbpp_scala,1.1648757992657113
olmixq_u_kl0p005_cap04,mt_mbpp_swift,0.7551527394200773
olmixq_u_kl0p005_cap04,mt_mbpp_typescript,0.6453587813575357
olmixq_u_kl0p005_cap04,arc_easy,1.0731781856059646
olmixq_u_kl0p005_cap04,arc_challenge,1.2100654032318006
olmixq_u_kl0p005_cap04,mmlu_stem,1.7890203154135138
olmixq_u_kl0p005_cap04,mmlu_humanities,1.0124616642407829
olmixq_u_kl0p005_cap04,mmlu_social_sciences,1.1839986471275774
olmixq_u_kl0p005_cap04,mmlu_other,1.3962401179827792
olmixq_u_kl0p005_cap04,csqa,1.4731363446916212
olmixq_u_kl0p005_cap04,hellaswag,1.0274144535299392
olmixq_u_kl0p005_cap04,winogrande,1.4267360703643956
olmixq_u_kl0p005_cap04,socialiqa,1.3248704718504034
olmixq_u_kl0p005_cap04,piqa,1.300772736286694
olmixq_u_kl0p005_cap04,coqa,0.7540810830711316
olmixq_u_kl0p005_cap04,drop,1.8325068210721227
olmixq_u_kl0p005_cap04,jeopardy,1.5147028046781124
olmixq_u_kl0p005_cap04,naturalqs,1.6285685287760263
olmixq_u_kl0p005_cap04,squad,0.5691756816858946
olmixq_u_kl0p005_cap04,sciq,1.12128072262466
olmixq_u_kl0p005_cap04,basic_skills_arithmetic,2.3814259583809783
olmixq_u_kl0p005_cap04,basic_skills_coding,0.8812249354229987
olmixq_u_kl0p005_cap04,basic_skills_common_knowledge,1.1254479660187844
olmixq_u_kl0p005_cap04,basic_skills_logical_reasoning,0.4005659777077328
olmixq_u_kl0p005_cap04,basic_skills_pattern,1.535242631523362
olmixq_u_kl0p005_cap04,basic_skills_string_operations,2.7807808142306567
olmixq_u_kl0p005_cap04,lambada,0.9972040295914486
olmixq_u_kl0p005_cap04,medmcqa,1.8869489811593565
olmixq_u_kl0_cap01,minerva_math_algebra,1.1739968388837019
olmixq_u_kl0_cap01,minerva_math_counting_and_probability,1.0524889722024793
olmixq_u_kl0_cap01,minerva_math_geometry,1.193346718107296
olmixq_u_kl0_cap01,minerva_math_intermediate_algebra,1.139187277510838
olmixq_u_kl0_cap01,minerva_math_number_theory,1.1384876540090154
olmixq_u_kl0_cap01,minerva_math_prealgebra,1.0833539663226512
olmixq_u_kl0_cap01,minerva_math_precalculus,0.9918370582575767
olmixq_u_kl0_cap01,codex_humaneval,1.010312149651385
olmixq_u_kl0_cap01,mbpp,1.128843844622088
olmixq_u_kl0_cap01,mt_mbpp_bash,1.2088161976638936
olmixq_u_kl0_cap01,mt_mbpp_c,0.7142564045190458
olmixq_u_kl0_cap01,mt_mbpp_cpp,0.6825314965233868
olmixq_u_kl0_cap01,mt_mbpp_csharp,0.5703099027079184
olmixq_u_kl0_cap01,mt_mbpp_go,0.8354025155591623
olmixq_u_kl0_cap01,mt_mbpp_haskell,1.7079847818859082
olmixq_u_kl0_cap01,mt_mbpp_java,0.5067761701553684
olmixq_u_kl0_cap01,mt_mbpp_javascript,0.8333467998782129
olmixq_u_kl0_cap01,mt_mbpp_matlab,1.2179860033273453
olmixq_u_kl0_cap01,mt_mbpp_php,0.7527304418331794
olmixq_u_kl0_cap01,mt_mbpp_python,1.1295204780628758
olmixq_u_kl0_cap01,mt_mbpp_r,1.2467601849209498
olmixq_u_kl0_cap01,mt_mbpp_ruby,1.2827605830530344
olmixq_u_kl0_cap01,mt_mbpp_rust,1.0872867311816277
olmixq_u_kl0_cap01,mt_mbpp_scala,1.3134022907900276
olmixq_u_kl0_cap01,mt_mbpp_swift,0.9459448406987516
olmixq_u_kl0_cap01,mt_mbpp_typescript,0.7930892160954738
olmixq_u_kl0_cap01,arc_easy,1.0966160059233163
olmixq_u_kl0_cap01,arc_challenge,1.2452737838094112
olmixq_u_kl0_cap01,mmlu_stem,1.830748860977317
olmixq_u_kl0_cap01,mmlu_humanities,1.011607755434032
olmixq_u_kl0_cap01,mmlu_social_sciences,1.1934209280961952
olmixq_u_kl0_cap01,mmlu_other,1.419966025322362
olmixq_u_kl0_cap01,csqa,1.4565969978245346
olmixq_u_kl0_cap01,hellaswag,0.9853478204645404
olmixq_u_kl0_cap01,winogrande,1.4104677284020102
olmixq_u_kl0_cap01,socialiqa,1.3114655136778912
olmixq_u_kl0_cap01,piqa,1.2779285828485987
olmixq_u_kl0_cap01,coqa,0.846286538373434
olmixq_u_kl0_cap01,drop,1.842978431809244
olmixq_u_kl0_cap01,jeopardy,1.6025472008220867
olmixq_u_kl0_cap01,naturalqs,1.6139656496921122
olmixq_u_kl0_cap01,squad,0.6151249392208862
olmixq_u_kl0_cap01,sciq,1.1719085275438448
olmixq_u_kl0_cap01,basic_skills_arithmetic,2.325737205641312
olmixq_u_kl0_cap01,basic_skills_coding,1.0936742211738562
olmixq_u_kl0_cap01,basic_skills_common_knowledge,1.2016478049390766
olmixq_u_kl0_cap01,basic_skills_logical_reasoning,0.4358663342221275
olmixq_u_kl0_cap01,basic_skills_pattern,1.6218559265412167
olmixq_u_kl0_cap01,basic_skills_string_operations,2.889096674819642
olmixq_u_kl0_cap01,lambada,0.9886627330297619
olmixq_u_kl0_cap01,medmcqa,1.9114317416327182
olmixq_u_kl0p005_cap08,minerva_math_algebra,1.210744636159726
olmixq_u_kl0p005_cap08,minerva_math_counting_and_probability,1.0657330552806925
olmixq_u_kl0p005_cap08,minerva_math_geometry,1.223275945650031
olmixq_u_kl0p005_cap08,minerva_math_intermediate_algebra,1.1788726624676957
olmixq_u_kl0p005_cap08,minerva_math_number_theory,1.170726667654291
olmixq_u_kl0p005_cap08,minerva_math_prealgebra,1.1057050176996668
olmixq_u_kl0p005_cap08,minerva_math_precalculus,1.011752759463346
olmixq_u_kl0p005_cap08,codex_humaneval,0.9009888089325092
olmixq_u_kl0p005_cap08,mbpp,1.0168750993981748
olmixq_u_kl0p005_cap08,mt_mbpp_bash,1.0771114017053371
olmixq_u_kl0p005_cap08,mt_mbpp_c,0.6106309829656184
olmixq_u_kl0p005_cap08,mt_mbpp_cpp,0.5773129535825517
olmixq_u_kl0p005_cap08,mt_mbpp_csharp,0.49134958004527163
olmixq_u_kl0p005_cap08,mt_mbpp_go,0.7118905274881533
olmixq_u_kl0p005_cap08,mt_mbpp_haskell,1.6548757146998205
olmixq_u_kl0p005_cap08,mt_mbpp_java,0.4335287355435979
olmixq_u_kl0p005_cap08,mt_mbpp_javascript,0.7261410366924747
olmixq_u_kl0p005_cap08,mt_mbpp_matlab,1.1704912357588027
olmixq_u_kl0p005_cap08,mt_mbpp_php,0.647719370279793
olmixq_u_kl0p005_cap08,mt_mbpp_python,1.01715830984859
olmixq_u_kl0p005_cap08,mt_mbpp_r,1.1617914267864327
olmixq_u_kl0p005_cap08,mt_mbpp_ruby,1.0731840202215148
olmixq_u_kl0p005_cap08,mt_mbpp_rust,0.8379266663500226
olmixq_u_kl0p005_cap08,mt_mbpp_scala,1.2217482223539409
olmixq_u_kl0p005_cap08,mt_mbpp_swift,0.7876809187807092
olmixq_u_kl0p005_cap08,mt_mbpp_typescript,0.6807872683276833
olmixq_u_kl0p005_cap08,arc_easy,1.189204647823808
olmixq_u_kl0p005_cap08,arc_challenge,1.2954986307177339
olmixq_u_kl0p005_cap08,mmlu_stem,1.8599357856045975
olmixq_u_kl0p005_cap08,mmlu_humanities,1.0548033594843356
olmixq_u_kl0p005_cap08,mmlu_social_sciences,1.2326746511693345
olmixq_u_kl0p005_cap08,mmlu_other,1.4794158244827016
olmixq_u_kl0p005_cap08,csqa,1.6180654227702467
olmixq_u_kl0p005_cap08,hellaswag,1.0586122531598228
olmixq_u_kl0p005_cap08,winogrande,1.4513477862624051
olmixq_u_kl0p005_cap08,socialiqa,1.4787391840618693
olmixq_u_kl0p005_cap08,piqa,1.3892188079884011
olmixq_u_kl0p005_cap08,coqa,0.8054984703306171
olmixq_u_kl0p005_cap08,drop,1.9416233306375805
olmixq_u_kl0p005_cap08,jeopardy,1.590361375310736
olmixq_u_kl0p005_cap08,naturalqs,1.7069487851600076
olmixq_u_kl0p005_cap08,squad,0.6616327841884899
olmixq_u_kl0p005_cap08,sciq,1.2771380746238916
olmixq_u_kl0p005_cap08,basic_skills_arithmetic,2.351317857494573
olmixq_u_kl0p005_cap08,basic_skills_coding,0.9827693482512084
olmixq_u_kl0p005_cap08,basic_skills_common_knowledge,1.186311231325339
olmixq_u_kl0p005_cap08,basic_skills_logical_reasoning,0.4499291060973929
olmixq_u_kl0p005_cap08,basic_skills_pattern,1.695619231055416
olmixq_u_kl0p005_cap08,basic_skills_string_operations,2.8546297093375124
olmixq_u_kl0p005_cap08,lambada,1.0230765287979746
olmixq_u_kl0p005_cap08,medmcqa,1.9720128861449893
olmixq_u_kl0p05_cap04,minerva_math_algebra,1.1894198927805097
olmixq_u_kl0p05_cap04,minerva_math_counting_and_probability,1.047697024398983
olmixq_u_kl0p05_cap04,minerva_math_geometry,1.1940424074518605
olmixq_u_kl0p05_cap04,minerva_math_intermediate_algebra,1.164909056901663
olmixq_u_kl0p05_cap04,minerva_math_number_theory,1.1506343928690785
olmixq_u_kl0p05_cap04,minerva_math_prealgebra,1.090830587222117
olmixq_u_kl0p05_cap04,minerva_math_precalculus,1.0010433865838682
olmixq_u_kl0p05_cap04,codex_humaneval,0.8956319348254564
olmixq_u_kl0p05_cap04,mbpp,1.0072369087070074
olmixq_u_kl0p05_cap04,mt_mbpp_bash,1.084569553292918
olmixq_u_kl0p05_cap04,mt_mbpp_c,0.6094817380852355
olmixq_u_kl0p05_cap04,mt_mbpp_cpp,0.5823057948314874
olmixq_u_kl0p05_cap04,mt_mbpp_csharp,0.4872714353423711
olmixq_u_kl0p05_cap04,mt_mbpp_go,0.7000161845854621
olmixq_u_kl0p05_cap04,mt_mbpp_haskell,1.5843988872104244
olmixq_u_kl0p05_cap04,mt_mbpp_java,0.4353065468645464
olmixq_u_kl0p05_cap04,mt_mbpp_javascript,0.7150153714917477
olmixq_u_kl0p05_cap04,mt_mbpp_matlab,1.1763752934634573
olmixq_u_kl0p05_cap04,mt_mbpp_php,0.632385463527743
olmixq_u_kl0p05_cap04,mt_mbpp_python,1.009010148646247
olmixq_u_kl0p05_cap04,mt_mbpp_r,1.1215643659101093
olmixq_u_kl0p05_cap04,mt_mbpp_ruby,1.1066433733499763
olmixq_u_kl0p05_cap04,mt_mbpp_rust,0.8562620903938284
olmixq_u_kl0p05_cap04,mt_mbpp_scala,1.1587550589241118
olmixq_u_kl0p05_cap04,mt_mbpp_swift,0.7697600683351963
olmixq_u_kl0p05_cap04,mt_mbpp_typescript,0.6699408124556655
olmixq_u_kl0p05_cap04,arc_easy,1.0985214257950664
olmixq_u_kl0p05_cap04,arc_challenge,1.217829987364785
olmixq_u_kl0p05_cap04,mmlu_stem,1.8464167365391293
olmixq_u_kl0p05_cap04,mmlu_humanities,1.0159601775334994
olmixq_u_kl0p05_cap04,mmlu_social_sciences,1.1778820297690487
olmixq_u_kl0p05_cap04,mmlu_other,1.4076916334037886
olmixq_u_kl0p05_cap04,csqa,1.4916933962187895
olmixq_u_kl0p05_cap04,hellaswag,0.9984387569890083
olmixq_u_kl0p05_cap04,winogrande,1.3959153938871167
olmixq_u_kl0p05_cap04,socialiqa,1.3610751403124515
olmixq_u_kl0p05_cap04,piqa,1.2935544246619073
olmixq_u_kl0p05_cap04,coqa,0.7938533139884781
olmixq_u_kl0p05_cap04,drop,1.826813892973849
olmixq_u_kl0p05_cap04,jeopardy,1.5962548839812398
olmixq_u_kl0p05_cap04,naturalqs,1.607272248015815
olmixq_u_kl0p05_cap04,squad,0.6428824613919261
olmixq_u_kl0p05_cap04,sciq,1.1916254802099646
olmixq_u_kl0p05_cap04,basic_skills_arithmetic,2.314738636091705
olmixq_u_kl0p05_cap04,basic_skills_coding,0.9484334986427517
olmixq_u_kl0p05_cap04,basic_skills_common_knowledge,1.1905520470570847
olmixq_u_kl0p05_cap04,basic_skills_logical_reasoning,0.4843009307926837
olmixq_u_kl0p05_cap04,basic_skills_pattern,1.6178631569690733
olmixq_u_kl0p05_cap04,basic_skills_string_operations,2.957034851570897
olmixq_u_kl0p05_cap04,lambada,0.9635397577263278
olmixq_u_kl0p05_cap04,medmcqa,1.8969921146808393
olmixq_u_kl0p01_cap04,minerva_math_algebra,1.2163222450833395
olmixq_u_kl0p01_cap04,minerva_math_counting_and_probability,1.0677995313867155
olmixq_u_kl0p01_cap04,minerva_math_geometry,1.2112616834085734
olmixq_u_kl0p01_cap04,minerva_math_intermediate_algebra,1.1981931299048802
olmixq_u_kl0p01_cap04,minerva_math_number_theory,1.1682454349057967
olmixq_u_kl0p01_cap04,minerva_math_prealgebra,1.1056918947270953
olmixq_u_kl0p01_cap04,minerva_math_precalculus,1.028586284774188
olmixq_u_kl0p01_cap04,codex_humaneval,0.8732878785569007
olmixq_u_kl0p01_cap04,mbpp,0.9781086110944127
olmixq_u_kl0p01_cap04,mt_mbpp_bash,0.9871482658794906
olmixq_u_kl0p01_cap04,mt_mbpp_c,0.59330228365132
olmixq_u_kl0p01_cap04,mt_mbpp_cpp,0.5613528094728409
olmixq_u_kl0p01_cap04,mt_mbpp_csharp,0.47266807233817204
olmixq_u_kl0p01_cap04,mt_mbpp_go,0.6645148994297102
olmixq_u_kl0p01_cap04,mt_mbpp_haskell,1.6265872051264398
olmixq_u_kl0p01_cap04,mt_mbpp_java,0.42849511621713854
olmixq_u_kl0p01_cap04,mt_mbpp_javascript,0.6926313086559277
olmixq_u_kl0p01_cap04,mt_mbpp_matlab,1.159257288044481
olmixq_u_kl0p01_cap04,mt_mbpp_php,0.6297987656229368
olmixq_u_kl0p01_cap04,mt_mbpp_python,0.9796047062428012
olmixq_u_kl0p01_cap04,mt_mbpp_r,1.1356958668565729
olmixq_u_kl0p01_cap04,mt_mbpp_ruby,1.0646255378442253
olmixq_u_kl0p01_cap04,mt_mbpp_rust,0.8411696670255725
olmixq_u_kl0p01_cap04,mt_mbpp_scala,1.1690905579861492
olmixq_u_kl0p01_cap04,mt_mbpp_swift,0.7472331270796856
olmixq_u_kl0p01_cap04,mt_mbpp_typescript,0.6454594773124617
olmixq_u_kl0p01_cap04,arc_easy,1.0729630599617306
olmixq_u_kl0p01_cap04,arc_challenge,1.2194400722827958
olmixq_u_kl0p01_cap04,mmlu_stem,1.8009296794065583
olmixq_u_kl0p01_cap04,mmlu_humanities,1.0179294662388092
olmixq_u_kl0p01_cap04,mmlu_social_sciences,1.1954988416933765
olmixq_u_kl0p01_cap04,mmlu_other,1.4180825961532173
olmixq_u_kl0p01_cap04,csqa,1.5198098353616
olmixq_u_kl0p01_cap04,hellaswag,1.0142851260192085
olmixq_u_kl0p01_cap04,winogrande,1.4236677025695372
olmixq_u_kl0p01_cap04,socialiqa,1.3462225989066563
olmixq_u_kl0p01_cap04,piqa,1.3126263276480894
olmixq_u_kl0p01_cap04,coqa,0.7839737644670343
olmixq_u_kl0p01_cap04,drop,1.8678220835797246
olmixq_u_kl0p01_cap04,jeopardy,1.510678600288519
olmixq_u_kl0p01_cap04,naturalqs,1.6277700540740079
olmixq_u_kl0p01_cap04,squad,0.6392360215349951
olmixq_u_kl0p01_cap04,sciq,1.1241614837094345
olmixq_u_kl0p01_cap04,basic_skills_arithmetic,2.3531388873337242
olmixq_u_kl0p01_cap04,basic_skills_coding,0.867114262455843
olmixq_u_kl0p01_cap04,basic_skills_common_knowledge,1.1716550479980459
olmixq_u_kl0p01_cap04,basic_skills_logical_reasoning,0.42662822898674035
olmixq_u_kl0p01_cap04,basic_skills_pattern,1.6219262432560178
olmixq_u_kl0p01_cap04,basic_skills_string_operations,2.8926588048793884
olmixq_u_kl0p01_cap04,lambada,0.9619059505012496
olmixq_u_kl0p01_cap04,medmcqa,1.895450773870487
olmixq_u_kl0p01_cap08,minerva_math_algebra,1.260379734795358
olmixq_u_kl0p01_cap08,minerva_math_counting_and_probability,1.0948090355474924
olmixq_u_kl0p01_cap08,minerva_math_geometry,1.2488676729179742
olmixq_u_kl0p01_cap08,minerva_math_intermediate_algebra,1.2180861212876735
olmixq_u_kl0p01_cap08,minerva_math_number_theory,1.2064891855953126
olmixq_u_kl0p01_cap08,minerva_math_prealgebra,1.1549269312935408
olmixq_u_kl0p01_cap08,minerva_math_precalculus,1.0382542101443961
olmixq_u_kl0p01_cap08,codex_humaneval,0.9324642394569536
olmixq_u_kl0p01_cap08,mbpp,1.0095771222590801
olmixq_u_kl0p01_cap08,mt_mbpp_bash,1.0329584454011576
olmixq_u_kl0p01_cap08,mt_mbpp_c,0.5993268812455982
olmixq_u_kl0p01_cap08,mt_mbpp_cpp,0.5672242840405406
olmixq_u_kl0p01_cap08,mt_mbpp_csharp,0.4993791190593931
olmixq_u_kl0p01_cap08,mt_mbpp_go,0.6934350426696086
olmixq_u_kl0p01_cap08,mt_mbpp_haskell,1.621538258350308
olmixq_u_kl0p01_cap08,mt_mbpp_java,0.44063785826877916
olmixq_u_kl0p01_cap08,mt_mbpp_javascript,0.7043371168688307
olmixq_u_kl0p01_cap08,mt_mbpp_matlab,1.1597070427474998
olmixq_u_kl0p01_cap08,mt_mbpp_php,0.6350854570180257
olmixq_u_kl0p01_cap08,mt_mbpp_python,1.0083638025503898
olmixq_u_kl0p01_cap08,mt_mbpp_r,1.1239641599282852
olmixq_u_kl0p01_cap08,mt_mbpp_ruby,1.0417788166019823
olmixq_u_kl0p01_cap08,mt_mbpp_rust,0.8925025530561398
olmixq_u_kl0p01_cap08,mt_mbpp_scala,1.1438724791194657
olmixq_u_kl0p01_cap08,mt_mbpp_swift,0.7774463808280667
olmixq_u_kl0p01_cap08,mt_mbpp_typescript,0.6551621092487417
olmixq_u_kl0p01_cap08,arc_easy,1.1265654727669387
olmixq_u_kl0p01_cap08,arc_challenge,1.2411949286014408
olmixq_u_kl0p01_cap08,mmlu_stem,1.8293331643131645
olmixq_u_kl0p01_cap08,mmlu_humanities,1.0260859216628464
olmixq_u_kl0p01_cap08,mmlu_social_sciences,1.2129289680843154
olmixq_u_kl0p01_cap08,mmlu_other,1.4439746173345838
olmixq_u_kl0p01_cap08,csqa,1.536158305180705
olmixq_u_kl0p01_cap08,hellaswag,1.0401375230635195
olmixq_u_kl0p01_cap08,winogrande,1.4385045753863144
olmixq_u_kl0p01_cap08,socialiqa,1.357969098725794
olmixq_u_kl0p01_cap08,piqa,1.363665241513533
olmixq_u_kl0p01_cap08,coqa,0.8357442429088725
olmixq_u_kl0p01_cap08,drop,1.922819331916071
olmixq_u_kl0p01_cap08,jeopardy,1.6150884742962015
olmixq_u_kl0p01_cap08,naturalqs,1.7115944714536406
olmixq_u_kl0p01_cap08,squad,0.6168479559469885
olmixq_u_kl0p01_cap08,sciq,1.2201476909972908
olmixq_u_kl0p01_cap08,basic_skills_arithmetic,2.359832602350575
olmixq_u_kl0p01_cap08,basic_skills_coding,0.9089806944594223
olmixq_u_kl0p01_cap08,basic_skills_common_knowledge,1.2015090945169242
olmixq_u_kl0p01_cap08,basic_skills_logical_reasoning,0.38729793274180857
olmixq_u_kl0p01_cap08,basic_skills_pattern,1.6007934810106597
olmixq_u_kl0p01_cap08,basic_skills_string_operations,2.948705707982239
olmixq_u_kl0p01_cap08,lambada,0.9899082911972819
olmixq_u_kl0p01_cap08,medmcqa,1.951083129947296
olmixq_u_kl0p01_cap12,minerva_math_algebra,1.2652400276075468
olmixq_u_kl0p01_cap12,minerva_math_counting_and_probability,1.1069325838209088
olmixq_u_kl0p01_cap12,minerva_math_geometry,1.2473642617748124
olmixq_u_kl0p01_cap12,minerva_math_intermediate_algebra,1.2094672392259909
olmixq_u_kl0p01_cap12,minerva_math_number_theory,1.214516686697936
olmixq_u_kl0p01_cap12,minerva_math_prealgebra,1.1620891211736866
olmixq_u_kl0p01_cap12,minerva_math_precalculus,1.027733441384875
olmixq_u_kl0p01_cap12,codex_humaneval,0.9377823658855329
olmixq_u_kl0p01_cap12,mbpp,1.0257910774587538
olmixq_u_kl0p01_cap12,mt_mbpp_bash,1.0554711698404582
olmixq_u_kl0p01_cap12,mt_mbpp_c,0.6106064064155464
olmixq_u_kl0p01_cap12,mt_mbpp_cpp,0.5734014115762949
olmixq_u_kl0p01_cap12,mt_mbpp_csharp,0.49835945636338225
olmixq_u_kl0p01_cap12,mt_mbpp_go,0.7096226427707215
olmixq_u_kl0p01_cap12,mt_mbpp_haskell,1.6388794890022966
olmixq_u_kl0p01_cap12,mt_mbpp_java,0.43962315718448575
olmixq_u_kl0p01_cap12,mt_mbpp_javascript,0.7200051936860953
olmixq_u_kl0p01_cap12,mt_mbpp_matlab,1.1458625921113446
olmixq_u_kl0p01_cap12,mt_mbpp_php,0.6444428404942332
olmixq_u_kl0p01_cap12,mt_mbpp_python,1.0264696979417836
olmixq_u_kl0p01_cap12,mt_mbpp_r,1.1431227071398404
olmixq_u_kl0p01_cap12,mt_mbpp_ruby,1.0636355142992513
olmixq_u_kl0p01_cap12,mt_mbpp_rust,0.915435128566165
olmixq_u_kl0p01_cap12,mt_mbpp_scala,1.1670803693786125
olmixq_u_kl0p01_cap12,mt_mbpp_swift,0.8070571109538113
olmixq_u_kl0p01_cap12,mt_mbpp_typescript,0.6682633131123874
olmixq_u_kl0p01_cap12,arc_easy,1.0764579075596183
olmixq_u_kl0p01_cap12,arc_challenge,1.2418264371163577
olmixq_u_kl0p01_cap12,mmlu_stem,1.7987553317992486
olmixq_u_kl0p01_cap12,mmlu_humanities,1.0371644197274459
olmixq_u_kl0p01_cap12,mmlu_social_sciences,1.2045835160250562
olmixq_u_kl0p01_cap12,mmlu_other,1.446407795808216
olmixq_u_kl0p01_cap12,csqa,1.5154685388202485
olmixq_u_kl0p01_cap12,hellaswag,1.0461470374159363
olmixq_u_kl0p01_cap12,winogrande,1.4252689849567166
olmixq_u_kl0p01_cap12,socialiqa,1.3733146984149753
olmixq_u_kl0p01_cap12,piqa,1.3738640518411371
olmixq_u_kl0p01_cap12,coqa,0.7694049693547453
olmixq_u_kl0p01_cap12,drop,1.829859054499905
olmixq_u_kl0p01_cap12,jeopardy,1.6011019679758167
olmixq_u_kl0p01_cap12,naturalqs,1.6935497507261796
olmixq_u_kl0p01_cap12,squad,0.6155812464180793
olmixq_u_kl0p01_cap12,sciq,1.1501816016608353
olmixq_u_kl0p01_cap12,basic_skills_arithmetic,2.39044791933307
olmixq_u_kl0p01_cap12,basic_skills_coding,1.0133286424199204
olmixq_u_kl0p01_cap12,basic_skills_common_knowledge,1.2936091086905939
olmixq_u_kl0p01_cap12,basic_skills_logical_reasoning,0.4388004994084652
olmixq_u_kl0p01_cap12,basic_skills_pattern,1.7195138729620818
olmixq_u_kl0p01_cap12,basic_skills_string_operations,2.9001777420229016
olmixq_u_kl0p01_cap12,lambada,0.984101699526104
olmixq_u_kl0p01_cap12,medmcqa,1.917372418234682
olmixq_u_kl0p025_cap08,minerva_math_algebra,1.186603401961896
olmixq_u_kl0p025_cap08,minerva_math_counting_and_probability,1.0452748150115165
olmixq_u_kl0p025_cap08,minerva_math_geometry,1.1840737501790408
olmixq_u_kl0p025_cap08,minerva_math_intermediate_algebra,1.164916372569702
olmixq_u_kl0p025_cap08,minerva_math_number_theory,1.146907954811378
olmixq_u_kl0p025_cap08,minerva_math_prealgebra,1.083373915846721
olmixq_u_kl0p025_cap08,minerva_math_precalculus,0.9895477337702066
olmixq_u_kl0p025_cap08,codex_humaneval,0.8726940612233801
olmixq_u_kl0p025_cap08,mbpp,0.9773089752692319
olmixq_u_kl0p025_cap08,mt_mbpp_bash,0.9972734162777401
olmixq_u_kl0p025_cap08,mt_mbpp_c,0.6059775236207
olmixq_u_kl0p025_cap08,mt_mbpp_cpp,0.5748887061453651
olmixq_u_kl0p025_cap08,mt_mbpp_csharp,0.4815382026407782
olmixq_u_kl0p025_cap08,mt_mbpp_go,0.6800538342018113
olmixq_u_kl0p025_cap08,mt_mbpp_haskell,1.57436856315455
olmixq_u_kl0p025_cap08,mt_mbpp_java,0.42742886856555623
olmixq_u_kl0p025_cap08,mt_mbpp_javascript,0.6923909425667123
olmixq_u_kl0p025_cap08,mt_mbpp_matlab,1.1437242112794133
olmixq_u_kl0p025_cap08,mt_mbpp_php,0.6255318340854544
olmixq_u_kl0p025_cap08,mt_mbpp_python,0.9784815305191112
olmixq_u_kl0p025_cap08,mt_mbpp_r,1.1139426010572273
olmixq_u_kl0p025_cap08,mt_mbpp_ruby,1.0186577149062315
olmixq_u_kl0p025_cap08,mt_mbpp_rust,0.8457969295531464
olmixq_u_kl0p025_cap08,mt_mbpp_scala,1.146230424988049
olmixq_u_kl0p025_cap08,mt_mbpp_swift,0.7413392829080809
olmixq_u_kl0p025_cap08,mt_mbpp_typescript,0.6497494350521936
olmixq_u_kl0p025_cap08,arc_easy,1.078540063744785
olmixq_u_kl0p025_cap08,arc_challenge,1.2205819995727438
olmixq_u_kl0p025_cap08,mmlu_stem,1.808950163678225
olmixq_u_kl0p025_cap08,mmlu_humanities,1.0179116777214074
olmixq_u_kl0p025_cap08,mmlu_social_sciences,1.178913684371644
olmixq_u_kl0p025_cap08,mmlu_other,1.404383441242091
olmixq_u_kl0p025_cap08,csqa,1.47259164368614
olmixq_u_kl0p025_cap08,hellaswag,1.009254236587318
olmixq_u_kl0p025_cap08,winogrande,1.4077645110114958
olmixq_u_kl0p025_cap08,socialiqa,1.3371237305478125
olmixq_u_kl0p025_cap08,piqa,1.2965158273330537
olmixq_u_kl0p025_cap08,coqa,0.8107175242545913
olmixq_u_kl0p025_cap08,drop,1.882513500620726
olmixq_u_kl0p025_cap08,jeopardy,1.5898284446185098
olmixq_u_kl0p025_cap08,naturalqs,1.613360624693307
olmixq_u_kl0p025_cap08,squad,0.6434548334129967
olmixq_u_kl0p025_cap08,sciq,1.1271734036253929
olmixq_u_kl0p025_cap08,basic_skills_arithmetic,2.374949002719307
olmixq_u_kl0p025_cap08,basic_skills_coding,0.8833769829638679
olmixq_u_kl0p025_cap08,basic_skills_common_knowledge,1.1337459579074338
olmixq_u_kl0p025_cap08,basic_skills_logical_reasoning,0.3964479231315751
olmixq_u_kl0p025_cap08,basic_skills_pattern,1.6911247212076077
olmixq_u_kl0p025_cap08,basic_skills_string_operations,2.848658622891694
olmixq_u_kl0p025_cap08,lambada,0.9593569557693603
olmixq_u_kl0p025_cap08,medmcqa,1.9149800133115724
olmixq_u_kl0p025_cap04,minerva_math_algebra,1.1934508783142155
olmixq_u_kl0p025_cap04,minerva_math_counting_and_probability,1.0525707694682847
olmixq_u_kl0p025_cap04,minerva_math_geometry,1.1921251095598902
olmixq_u_kl0p025_cap04,minerva_math_intermediate_algebra,1.1569398961945048
olmixq_u_kl0p025_cap04,minerva_math_number_theory,1.1530288058370133
olmixq_u_kl0p025_cap04,minerva_math_prealgebra,1.0924394667722366
olmixq_u_kl0p025_cap04,minerva_math_precalculus,0.9837095464026693
olmixq_u_kl0p025_cap04,codex_humaneval,0.8672754123190022
olmixq_u_kl0p025_cap04,mbpp,0.9822625592794745
olmixq_u_kl0p025_cap04,mt_mbpp_bash,1.023144613523868
olmixq_u_kl0p025_cap04,mt_mbpp_c,0.6046811954452415
olmixq_u_kl0p025_cap04,mt_mbpp_cpp,0.5722157299578793
olmixq_u_kl0p025_cap04,mt_mbpp_csharp,0.49012924546910674
olmixq_u_kl0p025_cap04,mt_mbpp_go,0.6812066060298391
olmixq_u_kl0p025_cap04,mt_mbpp_haskell,1.5983299747572643
olmixq_u_kl0p025_cap04,mt_mbpp_java,0.43207368892126624
olmixq_u_kl0p025_cap04,mt_mbpp_javascript,0.7045081446685294
olmixq_u_kl0p025_cap04,mt_mbpp_matlab,1.1555008507817106
olmixq_u_kl0p025_cap04,mt_mbpp_php,0.6187934411212624
olmixq_u_kl0p025_cap04,mt_mbpp_python,0.981411479675405
olmixq_u_kl0p025_cap04,mt_mbpp_r,1.125063248455777
olmixq_u_kl0p025_cap04,mt_mbpp_ruby,1.0239536688400543
olmixq_u_kl0p025_cap04,mt_mbpp_rust,0.8422466502721221
olmixq_u_kl0p025_cap04,mt_mbpp_scala,1.1624422161472208
olmixq_u_kl0p025_cap04,mt_mbpp_swift,0.7422833810664636
olmixq_u_kl0p025_cap04,mt_mbpp_typescript,0.6624093425817569
olmixq_u_kl0p025_cap04,arc_easy,1.105962787777686
olmixq_u_kl0p025_cap04,arc_challenge,1.2069225021338335
olmixq_u_kl0p025_cap04,mmlu_stem,1.8011193986337797
olmixq_u_kl0p025_cap04,mmlu_humanities,1.0192450578324495
olmixq_u_kl0p025_cap04,mmlu_social_sciences,1.1854789120522045
olmixq_u_kl0p025_cap04,mmlu_other,1.4187622295988973
olmixq_u_kl0p025_cap04,csqa,1.532748813483144
olmixq_u_kl0p025_cap04,hellaswag,1.011030481716339
olmixq_u_kl0p025_cap04,winogrande,1.406755086849275
olmixq_u_kl0p025_cap04,socialiqa,1.3390712700178287
olmixq_u_kl0p025_cap04,piqa,1.302974190566575
olmixq_u_kl0p025_cap04,coqa,0.8317566682149283
olmixq_u_kl0p025_cap04,drop,1.901735563560738
olmixq_u_kl0p025_cap04,jeopardy,1.5297457668074108
olmixq_u_kl0p025_cap04,naturalqs,1.5955064612937981
olmixq_u_kl0p025_cap04,squad,0.6104728900608654
olmixq_u_kl0p025_cap04,sciq,1.1713919246605478
olmixq_u_kl0p025_cap04,basic_skills_arithmetic,2.3082549412945133
olmixq_u_kl0p025_cap04,basic_skills_coding,0.9005953086728747
olmixq_u_kl0p025_cap04,basic_skills_common_knowledge,1.1258451298511427
olmixq_u_kl0p025_cap04,basic_skills_logical_reasoning,0.43839871719218737
olmixq_u_kl0p025_cap04,basic_skills_pattern,1.6245896718214468
olmixq_u_kl0p025_cap04,basic_skills_string_operations,2.742157843046533
olmixq_u_kl0p025_cap04,lambada,0.9547849744158327
olmixq_u_kl0p025_cap04,medmcqa,1.8878591637124387
olmixq_u_kl0p1_cap04,minerva_math_algebra,1.176685662638028
olmixq_u_kl0p1_cap04,minerva_math_counting_and_probability,1.0486780209474071
olmixq_u_kl0p1_cap04,minerva_math_geometry,1.1943311535562522
olmixq_u_kl0p1_cap04,minerva_math_intermediate_algebra,1.138022378756217
olmixq_u_kl0p1_cap04,minerva_math_number_theory,1.1454204286913023
olmixq_u_kl0p1_cap04,minerva_math_prealgebra,1.0800465816115978
olmixq_u_kl0p1_cap04,minerva_math_precalculus,0.9837017437831136
olmixq_u_kl0p1_cap04,codex_humaneval,0.9173735047914136
olmixq_u_kl0p1_cap04,mbpp,1.0283994399210068
olmixq_u_kl0p1_cap04,mt_mbpp_bash,1.0555861334547942
olmixq_u_kl0p1_cap04,mt_mbpp_c,0.6255297927266945
olmixq_u_kl0p1_cap04,mt_mbpp_cpp,0.5916540972043215
olmixq_u_kl0p1_cap04,mt_mbpp_csharp,0.5005842930531187
olmixq_u_kl0p1_cap04,mt_mbpp_go,0.7088586586246937
olmixq_u_kl0p1_cap04,mt_mbpp_haskell,1.6140169754016167
olmixq_u_kl0p1_cap04,mt_mbpp_java,0.4430139135898076
olmixq_u_kl0p1_cap04,mt_mbpp_javascript,0.7214165813915188
olmixq_u_kl0p1_cap04,mt_mbpp_matlab,1.1871060411758558
olmixq_u_kl0p1_cap04,mt_mbpp_php,0.6523946510306843
olmixq_u_kl0p1_cap04,mt_mbpp_python,1.0264751489083623
olmixq_u_kl0p1_cap04,mt_mbpp_r,1.148639658785148
olmixq_u_kl0p1_cap04,mt_mbpp_ruby,1.1232688665752484
olmixq_u_kl0p1_cap04,mt_mbpp_rust,0.8618717957998574
olmixq_u_kl0p1_cap04,mt_mbpp_scala,1.1943324398130173
olmixq_u_kl0p1_cap04,mt_mbpp_swift,0.7700995840821274
olmixq_u_kl0p1_cap04,mt_mbpp_typescript,0.6876023674331259
olmixq_u_kl0p1_cap04,arc_easy,1.1096753000597874
olmixq_u_kl0p1_cap04,arc_challenge,1.2369771996977164
olmixq_u_kl0p1_cap04,mmlu_stem,1.838049940385418
olmixq_u_kl0p1_cap04,mmlu_humanities,1.018890883427309
olmixq_u_kl0p1_cap04,mmlu_social_sciences,1.1760921973255811
olmixq_u_kl0p1_cap04,mmlu_other,1.4103805488719474
olmixq_u_kl0p1_cap04,csqa,1.4649849630794263
olmixq_u_kl0p1_cap04,hellaswag,0.9941825259330968
olmixq_u_kl0p1_cap04,winogrande,1.401523998372825
olmixq_u_kl0p1_cap04,socialiqa,1.3145712502300417
olmixq_u_kl0p1_cap04,piqa,1.284880606010752
olmixq_u_kl0p1_cap04,coqa,0.8310873663434876
olmixq_u_kl0p1_cap04,drop,1.856746807016725
olmixq_u_kl0p1_cap04,jeopardy,1.58444247297225
olmixq_u_kl0p1_cap04,naturalqs,1.6168439326254096
olmixq_u_kl0p1_cap04,squad,0.697588712776914
olmixq_u_kl0p1_cap04,sciq,1.1725541571131337
olmixq_u_kl0p1_cap04,basic_skills_arithmetic,2.349586518387355
olmixq_u_kl0p1_cap04,basic_skills_coding,0.930600796648244
olmixq_u_kl0p1_cap04,basic_skills_common_knowledge,1.1689295416678656
olmixq_u_kl0p1_cap04,basic_skills_logical_reasoning,0.46831542422287237
olmixq_u_kl0p1_cap04,basic_skills_pattern,1.5483132511344548
olmixq_u_kl0p1_cap04,basic_skills_string_operations,2.8188992005048927
olmixq_u_kl0p1_cap04,lambada,0.9863498750865716
olmixq_u_kl0p1_cap04,medmcqa,1.9335588141033953
olmixq_u_kl0p075_cap04,minerva_math_algebra,1.1635085951504105
olmixq_u_kl0p075_cap04,minerva_math_counting_and_probability,1.0399516914985745
olmixq_u_kl0p075_cap04,minerva_math_geometry,1.17963513579376
olmixq_u_kl0p075_cap04,minerva_math_intermediate_algebra,1.1368080086216956
olmixq_u_kl0p075_cap04,minerva_math_number_theory,1.1358669937078119
olmixq_u_kl0p075_cap04,minerva_math_prealgebra,1.0699025301501104
olmixq_u_kl0p075_cap04,minerva_math_precalculus,0.9771015692947135
olmixq_u_kl0p075_cap04,codex_humaneval,0.9030088887358081
olmixq_u_kl0p075_cap04,mbpp,1.019865820363944
olmixq_u_kl0p075_cap04,mt_mbpp_bash,1.0494516919705723
olmixq_u_kl0p075_cap04,mt_mbpp_c,0.6039445389823742
olmixq_u_kl0p075_cap04,mt_mbpp_cpp,0.5828818075622846
olmixq_u_kl0p075_cap04,mt_mbpp_csharp,0.48511737543774375
olmixq_u_kl0p075_cap04,mt_mbpp_go,0.7032016519556937
olmixq_u_kl0p075_cap04,mt_mbpp_haskell,1.6123236890311785
olmixq_u_kl0p075_cap04,mt_mbpp_java,0.43808048608881267
olmixq_u_kl0p075_cap04,mt_mbpp_javascript,0.7281678072328401
olmixq_u_kl0p075_cap04,mt_mbpp_matlab,1.1721227424818126
olmixq_u_kl0p075_cap04,mt_mbpp_php,0.6375920288941795
olmixq_u_kl0p075_cap04,mt_mbpp_python,1.0197594317289127
olmixq_u_kl0p075_cap04,mt_mbpp_r,1.1327791425357452
olmixq_u_kl0p075_cap04,mt_mbpp_ruby,1.1332075277806652
olmixq_u_kl0p075_cap04,mt_mbpp_rust,0.8355526722254286
olmixq_u_kl0p075_cap04,mt_mbpp_scala,1.1814841359858692
olmixq_u_kl0p075_cap04,mt_mbpp_swift,0.789636287785757
olmixq_u_kl0p075_cap04,mt_mbpp_typescript,0.6897903891133759
olmixq_u_kl0p075_cap04,arc_easy,1.1212158036436295
olmixq_u_kl0p075_cap04,arc_challenge,1.2490196246296437
olmixq_u_kl0p075_cap04,mmlu_stem,1.8631189381738025
olmixq_u_kl0p075_cap04,mmlu_humanities,1.0301323923487098
olmixq_u_kl0p075_cap04,mmlu_social_sciences,1.1892101769340293
olmixq_u_kl0p075_cap04,mmlu_other,1.4174765864347048
olmixq_u_kl0p075_cap04,csqa,1.4426564252550875
olmixq_u_kl0p075_cap04,hellaswag,0.9951241568636245
olmixq_u_kl0p075_cap04,winogrande,1.4128514971929056
olmixq_u_kl0p075_cap04,socialiqa,1.3167771322498705
olmixq_u_kl0p075_cap04,piqa,1.2827613673762615
olmixq_u_kl0p075_cap04,coqa,0.7708503261634885
olmixq_u_kl0p075_cap04,drop,1.7807152452324602
olmixq_u_kl0p075_cap04,jeopardy,1.5972720164497793
olmixq_u_kl0p075_cap04,naturalqs,1.6312168022670994
olmixq_u_kl0p075_cap04,squad,0.652448532549676
olmixq_u_kl0p075_cap04,sciq,1.1716747264710123
olmixq_u_kl0p075_cap04,basic_skills_arithmetic,2.342683015746293
olmixq_u_kl0p075_cap04,basic_skills_coding,0.9041784253408849
olmixq_u_kl0p075_cap04,basic_skills_common_knowledge,1.1074333552199664
olmixq_u_kl0p075_cap04,basic_skills_logical_reasoning,0.48314811310253053
olmixq_u_kl0p075_cap04,basic_skills_pattern,1.6018892860875176
olmixq_u_kl0p075_cap04,basic_skills_string_operations,2.8054090210113127
olmixq_u_kl0p075_cap04,lambada,0.9823611700433801
olmixq_u_kl0p075_cap04,medmcqa,1.8922653071069877
olmixq_u_kl0p2_cap04,minerva_math_algebra,1.1813084644697067
olmixq_u_kl0p2_cap04,minerva_math_counting_and_probability,1.0485295552750662
olmixq_u_kl0p2_cap04,minerva_math_geometry,1.191191383348913
olmixq_u_kl0p2_cap04,minerva_math_intermediate_algebra,1.1508561473123624
olmixq_u_kl0p2_cap04,minerva_math_number_theory,1.1432334323191
olmixq_u_kl0p2_cap04,minerva_math_prealgebra,1.081585654846074
olmixq_u_kl0p2_cap04,minerva_math_precalculus,1.001376989541935
olmixq_u_kl0p2_cap04,codex_humaneval,0.9624660331950634
olmixq_u_kl0p2_cap04,mbpp,1.0377249130401185
olmixq_u_kl0p2_cap04,mt_mbpp_bash,1.1035735050662023
olmixq_u_kl0p2_cap04,mt_mbpp_c,0.6368596010917864
olmixq_u_kl0p2_cap04,mt_mbpp_cpp,0.6113270837520005
olmixq_u_kl0p2_cap04,mt_mbpp_csharp,0.5109482535125218
olmixq_u_kl0p2_cap04,mt_mbpp_go,0.7281913449383708
olmixq_u_kl0p2_cap04,mt_mbpp_haskell,1.630387816666309
olmixq_u_kl0p2_cap04,mt_mbpp_java,0.44941554775602927
olmixq_u_kl0p2_cap04,mt_mbpp_javascript,0.7284835726767996
olmixq_u_kl0p2_cap04,mt_mbpp_matlab,1.190886081249437
olmixq_u_kl0p2_cap04,mt_mbpp_php,0.6756909097196102
olmixq_u_kl0p2_cap04,mt_mbpp_python,1.0376389211176795
olmixq_u_kl0p2_cap04,mt_mbpp_r,1.1597659156598787
olmixq_u_kl0p2_cap04,mt_mbpp_ruby,1.1599853969847924
olmixq_u_kl0p2_cap04,mt_mbpp_rust,0.9046862915619649
olmixq_u_kl0p2_cap04,mt_mbpp_scala,1.2275563417710278
olmixq_u_kl0p2_cap04,mt_mbpp_swift,0.8184492059981439
olmixq_u_kl0p2_cap04,mt_mbpp_typescript,0.6876089165064808
olmixq_u_kl0p2_cap04,arc_easy,1.1099028292898383
olmixq_u_kl0p2_cap04,arc_challenge,1.2383524462617552
olmixq_u_kl0p2_cap04,mmlu_stem,1.8566710890937532
olmixq_u_kl0p2_cap04,mmlu_humanities,1.0293592245354644
olmixq_u_kl0p2_cap04,mmlu_social_sciences,1.1959359820995434
olmixq_u_kl0p2_cap04,mmlu_other,1.422029096420215
olmixq_u_kl0p2_cap04,csqa,1.3962302285285166
olmixq_u_kl0p2_cap04,hellaswag,0.9918062936905452
olmixq_u_kl0p2_cap04,winogrande,1.426231633960778
olmixq_u_kl0p2_cap04,socialiqa,1.3180492400331605
olmixq_u_kl0p2_cap04,piqa,1.2614960800370048
olmixq_u_kl0p2_cap04,coqa,0.8694554682572699
olmixq_u_kl0p2_cap04,drop,1.8067969644484805
olmixq_u_kl0p2_cap04,jeopardy,1.5490740083807437
olmixq_u_kl0p2_cap04,naturalqs,1.609704363850575
olmixq_u_kl0p2_cap04,squad,0.6913121963564947
olmixq_u_kl0p2_cap04,sciq,1.1965689824453638
olmixq_u_kl0p2_cap04,basic_skills_arithmetic,2.301455572971335
olmixq_u_kl0p2_cap04,basic_skills_coding,0.9780279456207598
olmixq_u_kl0p2_cap04,basic_skills_common_knowledge,1.1917015847434407
olmixq_u_kl0p2_cap04,basic_skills_logical_reasoning,0.4425910770241282
olmixq_u_kl0p2_cap04,basic_skills_pattern,1.6158330491762607
olmixq_u_kl0p2_cap04,basic_skills_string_operations,2.864318699555553
olmixq_u_kl0p2_cap04,lambada,0.9683660824817203
olmixq_u_kl0p2_cap04,medmcqa,1.889978780771341
olmixq_u_kl0p5_cap04,minerva_math_algebra,1.1546922798225456
olmixq_u_kl0p5_cap04,minerva_math_counting_and_probability,1.033011916624809
olmixq_u_kl0p5_cap04,minerva_math_geometry,1.1714978144460955
olmixq_u_kl0p5_cap04,minerva_math_intermediate_algebra,1.118874027739845
olmixq_u_kl0p5_cap04,minerva_math_number_theory,1.129621840302368
olmixq_u_kl0p5_cap04,minerva_math_prealgebra,1.0579774084092524
olmixq_u_kl0p5_cap04,minerva_math_precalculus,0.9720820734896384
olmixq_u_kl0p5_cap04,codex_humaneval,0.9537842664089798
olmixq_u_kl0p5_cap04,mbpp,1.0577080446943627
olmixq_u_kl0p5_cap04,mt_mbpp_bash,1.1398294282369124
olmixq_u_kl0p5_cap04,mt_mbpp_c,0.6580424411358531
olmixq_u_kl0p5_cap04,mt_mbpp_cpp,0.6279957774172363
olmixq_u_kl0p5_cap04,mt_mbpp_csharp,0.5237718329649522
olmixq_u_kl0p5_cap04,mt_mbpp_go,0.7456612158822344
olmixq_u_kl0p5_cap04,mt_mbpp_haskell,1.6553659676491723
olmixq_u_kl0p5_cap04,mt_mbpp_java,0.46738653466088254
olmixq_u_kl0p5_cap04,mt_mbpp_javascript,0.7683594819899938
olmixq_u_kl0p5_cap04,mt_mbpp_matlab,1.1960726393654972
olmixq_u_kl0p5_cap04,mt_mbpp_php,0.6932260598221794
olmixq_u_kl0p5_cap04,mt_mbpp_python,1.0583765411223744
olmixq_u_kl0p5_cap04,mt_mbpp_r,1.1894298255728286
olmixq_u_kl0p5_cap04,mt_mbpp_ruby,1.2068802842326614
olmixq_u_kl0p5_cap04,mt_mbpp_rust,0.9507581484859803
olmixq_u_kl0p5_cap04,mt_mbpp_scala,1.2848564870423345
olmixq_u_kl0p5_cap04,mt_mbpp_swift,0.865449416219169
olmixq_u_kl0p5_cap04,mt_mbpp_typescript,0.729818810887886
olmixq_u_kl0p5_cap04,arc_easy,1.0918813480623386
olmixq_u_kl0p5_cap04,arc_challenge,1.2330491349926676
olmixq_u_kl0p5_cap04,mmlu_stem,1.8361535680051608
olmixq_u_kl0p5_cap04,mmlu_humanities,1.0061134937614296
olmixq_u_kl0p5_cap04,mmlu_social_sciences,1.1761046922299336
olmixq_u_kl0p5_cap04,mmlu_other,1.4064459441494641
olmixq_u_kl0p5_cap04,csqa,1.387382457025121
olmixq_u_kl0p5_cap04,hellaswag,0.987489217201433
olmixq_u_kl0p5_cap04,winogrande,1.4240441747068986
olmixq_u_kl0p5_cap04,socialiqa,1.3185425725519002
olmixq_u_kl0p5_cap04,piqa,1.2765951509458973
olmixq_u_kl0p5_cap04,coqa,0.8730647930450929
olmixq_u_kl0p5_cap04,drop,1.8602656384819563
olmixq_u_kl0p5_cap04,jeopardy,1.5366777224172266
olmixq_u_kl0p5_cap04,naturalqs,1.5966538317660721
olmixq_u_kl0p5_cap04,squad,0.6984516216792437
olmixq_u_kl0p5_cap04,sciq,1.1534848678114638
olmixq_u_kl0p5_cap04,basic_skills_arithmetic,2.3031778345046208
olmixq_u_kl0p5_cap04,basic_skills_coding,0.971940952008438
olmixq_u_kl0p5_cap04,basic_skills_common_knowledge,1.1731908886129276
olmixq_u_kl0p5_cap04,basic_skills_logical_reasoning,0.475663762739858
olmixq_u_kl0p5_cap04,basic_skills_pattern,1.5864687936975967
olmixq_u_kl0p5_cap04,basic_skills_string_operations,2.939334515010528
olmixq_u_kl0p5_cap04,lambada,0.9869213082184295
olmixq_u_kl0p5_cap04,medmcqa,1.864577072129003
olmixq_t9_kl0_cap04,minerva_math_algebra,1.0314804132388282
olmixq_t9_kl0_cap04,minerva_math_counting_and_probability,0.946391774857622
olmixq_t9_kl0_cap04,minerva_math_geometry,1.0356260622663502
olmixq_t9_kl0_cap04,minerva_math_intermediate_algebra,1.0159647337589814
olmixq_t9_kl0_cap04,minerva_math_number_theory,1.029780574429616
olmixq_t9_kl0_cap04,minerva_math_prealgebra,0.9546738254974657
olmixq_t9_kl0_cap04,minerva_math_precalculus,0.8641809109027403
olmixq_t9_kl0_cap04,codex_humaneval,0.8292096475372472
olmixq_t9_kl0_cap04,mbpp,0.9438189729340927
olmixq_t9_kl0_cap04,mt_mbpp_bash,0.9826949693479942
olmixq_t9_kl0_cap04,mt_mbpp_c,0.5761618677208703
olmixq_t9_kl0_cap04,mt_mbpp_cpp,0.5403965559532
olmixq_t9_kl0_cap04,mt_mbpp_csharp,0.46104748582398264
olmixq_t9_kl0_cap04,mt_mbpp_go,0.6470819887223247
olmixq_t9_kl0_cap04,mt_mbpp_haskell,1.5195055801333324
olmixq_t9_kl0_cap04,mt_mbpp_java,0.4052890331037443
olmixq_t9_kl0_cap04,mt_mbpp_javascript,0.6730372222568273
olmixq_t9_kl0_cap04,mt_mbpp_matlab,1.097405478167681
olmixq_t9_kl0_cap04,mt_mbpp_php,0.5988507173026587
olmixq_t9_kl0_cap04,mt_mbpp_python,0.9419577537620583
olmixq_t9_kl0_cap04,mt_mbpp_r,1.0783960785918492
olmixq_t9_kl0_cap04,mt_mbpp_ruby,0.9987147052295049
olmixq_t9_kl0_cap04,mt_mbpp_rust,0.811844311190356
olmixq_t9_kl0_cap04,mt_mbpp_scala,1.1290254919561935
olmixq_t9_kl0_cap04,mt_mbpp_swift,0.7314535449639967
olmixq_t9_kl0_cap04,mt_mbpp_typescript,0.6267959815508811
olmixq_t9_kl0_cap04,arc_easy,1.0734950961550005
olmixq_t9_kl0_cap04,arc_challenge,1.2373339024695427
olmixq_t9_kl0_cap04,mmlu_stem,1.7926148046084291
olmixq_t9_kl0_cap04,mmlu_humanities,1.0464217580846495
olmixq_t9_kl0_cap04,mmlu_social_sciences,1.1927641961451936
olmixq_t9_kl0_cap04,mmlu_other,1.4067906696551007
olmixq_t9_kl0_cap04,csqa,1.5250653496436781
olmixq_t9_kl0_cap04,hellaswag,1.0165850381378025
olmixq_t9_kl0_cap04,winogrande,1.4009465524472666
olmixq_t9_kl0_cap04,socialiqa,1.322278148174965
olmixq_t9_kl0_cap04,piqa,1.334519582491761
olmixq_t9_kl0_cap04,coqa,0.8004105455177062
olmixq_t9_kl0_cap04,drop,1.8163924930939825
olmixq_t9_kl0_cap04,jeopardy,1.5532664693797105
olmixq_t9_kl0_cap04,naturalqs,1.599610090284215
olmixq_t9_kl0_cap04,squad,0.6166065350271748
olmixq_t9_kl0_cap04,sciq,1.1797536883268134
olmixq_t9_kl0_cap04,basic_skills_arithmetic,2.051688371800519
olmixq_t9_kl0_cap04,basic_skills_coding,0.835986387989102
olmixq_t9_kl0_cap04,basic_skills_common_knowledge,1.1231712633871398
olmixq_t9_kl0_cap04,basic_skills_logical_reasoning,0.4164725998691786
olmixq_t9_kl0_cap04,basic_skills_pattern,1.6365249355447435
olmixq_t9_kl0_cap04,basic_skills_string_operations,2.6694972945834974
olmixq_t9_kl0_cap04,lambada,0.9839990682832234
olmixq_t9_kl0_cap04,medmcqa,1.8792973667622637
olmixq_t9_kl0_cap01,minerva_math_algebra,1.1661925889396474
olmixq_t9_kl0_cap01,minerva_math_counting_and_probability,1.0403138558890765
olmixq_t9_kl0_cap01,minerva_math_geometry,1.1946369778478731
olmixq_t9_kl0_cap01,minerva_math_intermediate_algebra,1.1466963994887278
olmixq_t9_kl0_cap01,minerva_math_number_theory,1.1449834429996786
olmixq_t9_kl0_cap01,minerva_math_prealgebra,1.0662947141526387
olmixq_t9_kl0_cap01,minerva_math_precalculus,0.9972789967179934
olmixq_t9_kl0_cap01,codex_humaneval,0.9936184157504686
olmixq_t9_kl0_cap01,mbpp,1.1325487660113653
olmixq_t9_kl0_cap01,mt_mbpp_bash,1.2360461771484936
olmixq_t9_kl0_cap01,mt_mbpp_c,0.705076594675784
olmixq_t9_kl0_cap01,mt_mbpp_cpp,0.6790487093161743
olmixq_t9_kl0_cap01,mt_mbpp_csharp,0.5738115395852483
olmixq_t9_kl0_cap01,mt_mbpp_go,0.8533014112679791
olmixq_t9_kl0_cap01,mt_mbpp_haskell,1.7080068575739897
olmixq_t9_kl0_cap01,mt_mbpp_java,0.5094641887259943
olmixq_t9_kl0_cap01,mt_mbpp_javascript,0.8155098313487824
olmixq_t9_kl0_cap01,mt_mbpp_matlab,1.2285138034941074
olmixq_t9_kl0_cap01,mt_mbpp_php,0.709163607478388
olmixq_t9_kl0_cap01,mt_mbpp_python,1.1326801500531223
olmixq_t9_kl0_cap01,mt_mbpp_r,1.2272944584552317
olmixq_t9_kl0_cap01,mt_mbpp_ruby,1.2481040539761667
olmixq_t9_kl0_cap01,mt_mbpp_rust,1.076481734973243
olmixq_t9_kl0_cap01,mt_mbpp_scala,1.340802157695644
olmixq_t9_kl0_cap01,mt_mbpp_swift,0.9320096090982031
olmixq_t9_kl0_cap01,mt_mbpp_typescript,0.778563083258219
olmixq_t9_kl0_cap01,arc_easy,1.1075910619083287
olmixq_t9_kl0_cap01,arc_challenge,1.236765039160171
olmixq_t9_kl0_cap01,mmlu_stem,1.8491234884737575
olmixq_t9_kl0_cap01,mmlu_humanities,1.0335853134335022
olmixq_t9_kl0_cap01,mmlu_social_sciences,1.1912456877681674
olmixq_t9_kl0_cap01,mmlu_other,1.4282499303912746
olmixq_t9_kl0_cap01,csqa,1.427749350163182
olmixq_t9_kl0_cap01,hellaswag,0.9904269337883937
olmixq_t9_kl0_cap01,winogrande,1.4249140299386465
olmixq_t9_kl0_cap01,socialiqa,1.3560905028614376
olmixq_t9_kl0_cap01,piqa,1.2725319423665524
olmixq_t9_kl0_cap01,coqa,0.836812004295008
olmixq_t9_kl0_cap01,drop,1.8658250775892513
olmixq_t9_kl0_cap01,jeopardy,1.6442811471743741
olmixq_t9_kl0_cap01,naturalqs,1.5994708536862563
olmixq_t9_kl0_cap01,squad,0.6555907781627691
olmixq_t9_kl0_cap01,sciq,1.2246754240849995
olmixq_t9_kl0_cap01,basic_skills_arithmetic,2.360359378694429
olmixq_t9_kl0_cap01,basic_skills_coding,1.0895847051538952
olmixq_t9_kl0_cap01,basic_skills_common_knowledge,1.2127767110301495
olmixq_t9_kl0_cap01,basic_skills_logical_reasoning,0.4396772312894417
olmixq_t9_kl0_cap01,basic_skills_pattern,1.5648285443670216
olmixq_t9_kl0_cap01,basic_skills_string_operations,2.912226270625635
olmixq_t9_kl0_cap01,lambada,0.9672693246480026
olmixq_t9_kl0_cap01,medmcqa,1.9150556393769882
olmixq_t9_kl0_cap12,minerva_math_algebra,1.1541908621832397
olmixq_t9_kl0_cap12,minerva_math_counting_and_probability,1.04720750212566
olmixq_t9_kl0_cap12,minerva_math_geometry,1.1456716272530452
olmixq_t9_kl0_cap12,minerva_math_intermediate_algebra,1.0932795140841076
olmixq_t9_kl0_cap12,minerva_math_number_theory,1.1580068331927809
olmixq_t9_kl0_cap12,minerva_math_prealgebra,1.0927085197180195
olmixq_t9_kl0_cap12,minerva_math_precalculus,0.9492309601882685
olmixq_t9_kl0_cap12,codex_humaneval,0.8758476151271044
olmixq_t9_kl0_cap12,mbpp,1.049188905647908
olmixq_t9_kl0_cap12,mt_mbpp_bash,1.0124604665834456
olmixq_t9_kl0_cap12,mt_mbpp_c,0.5975462230052281
olmixq_t9_kl0_cap12,mt_mbpp_cpp,0.5745466715054707
olmixq_t9_kl0_cap12,mt_mbpp_csharp,0.4743189069026766
olmixq_t9_kl0_cap12,mt_mbpp_go,0.6993694525809054
olmixq_t9_kl0_cap12,mt_mbpp_haskell,1.7126635123568283
olmixq_t9_kl0_cap12,mt_mbpp_java,0.4325715456253641
olmixq_t9_kl0_cap12,mt_mbpp_javascript,0.7044369205721792
olmixq_t9_kl0_cap12,mt_mbpp_matlab,1.2548639928415555
olmixq_t9_kl0_cap12,mt_mbpp_php,0.6625502522706787
olmixq_t9_kl0_cap12,mt_mbpp_python,1.03857671906948
olmixq_t9_kl0_cap12,mt_mbpp_r,1.1755770939646206
olmixq_t9_kl0_cap12,mt_mbpp_ruby,1.0775397659894466
olmixq_t9_kl0_cap12,mt_mbpp_rust,0.8057171913356557
olmixq_t9_kl0_cap12,mt_mbpp_scala,1.2790978673346387
olmixq_t9_kl0_cap12,mt_mbpp_swift,0.7598798501952981
olmixq_t9_kl0_cap12,mt_mbpp_typescript,0.6421730316279672
olmixq_t9_kl0_cap12,arc_easy,1.1446623421712974
olmixq_t9_kl0_cap12,arc_challenge,1.2529041805026095
olmixq_t9_kl0_cap12,mmlu_stem,1.8638280635519886
olmixq_t9_kl0_cap12,mmlu_humanities,1.0486616383353313
olmixq_t9_kl0_cap12,mmlu_social_sciences,1.232802060326808
olmixq_t9_kl0_cap12,mmlu_other,1.4690617758606002
olmixq_t9_kl0_cap12,csqa,1.5710562660629195
olmixq_t9_kl0_cap12,hellaswag,1.029935655873703
olmixq_t9_kl0_cap12,winogrande,1.4023960511751459
olmixq_t9_kl0_cap12,socialiqa,1.3557710760062118
olmixq_t9_kl0_cap12,piqa,1.3470769863456837
olmixq_t9_kl0_cap12,coqa,0.8414592181784272
olmixq_t9_kl0_cap12,drop,1.7991191695698725
olmixq_t9_kl0_cap12,jeopardy,1.5709083029278637
olmixq_t9_kl0_cap12,naturalqs,1.6989937063171778
olmixq_t9_kl0_cap12,squad,0.6671865830904586
olmixq_t9_kl0_cap12,sciq,1.2586960545805264
olmixq_t9_kl0_cap12,basic_skills_arithmetic,2.18093070583628
olmixq_t9_kl0_cap12,basic_skills_coding,0.8653811041712893
olmixq_t9_kl0_cap12,basic_skills_common_knowledge,1.209155768869277
olmixq_t9_kl0_cap12,basic_skills_logical_reasoning,0.5438717492176453
olmixq_t9_kl0_cap12,basic_skills_pattern,1.7030393488323594
olmixq_t9_kl0_cap12,basic_skills_string_operations,2.78432327320167
olmixq_t9_kl0_cap12,lambada,1.0405619437393738
olmixq_t9_kl0_cap12,medmcqa,2.088480946327941
olmixq_t9_kl0_cap08,minerva_math_algebra,1.0441772278018826
olmixq_t9_kl0_cap08,minerva_math_counting_and_probability,0.9580597409187528
olmixq_t9_kl0_cap08,minerva_math_geometry,1.0578254940769254
olmixq_t9_kl0_cap08,minerva_math_intermediate_algebra,1.0261403667853681
olmixq_t9_kl0_cap08,minerva_math_number_theory,1.0545416878849059
olmixq_t9_kl0_cap08,minerva_math_prealgebra,0.9778617822464826
olmixq_t9_kl0_cap08,minerva_math_precalculus,0.8793870585918783
olmixq_t9_kl0_cap08,codex_humaneval,0.7824644063040868
olmixq_t9_kl0_cap08,mbpp,0.9131499871131339
olmixq_t9_kl0_cap08,mt_mbpp_bash,0.9142456901299797
olmixq_t9_kl0_cap08,mt_mbpp_c,0.5478945102528598
olmixq_t9_kl0_cap08,mt_mbpp_cpp,0.5201173866151152
olmixq_t9_kl0_cap08,mt_mbpp_csharp,0.4405075444142272
olmixq_t9_kl0_cap08,mt_mbpp_go,0.6257149137511787
olmixq_t9_kl0_cap08,mt_mbpp_haskell,1.5635722037821815
olmixq_t9_kl0_cap08,mt_mbpp_java,0.391879638336658
olmixq_t9_kl0_cap08,mt_mbpp_javascript,0.6461913389977862
olmixq_t9_kl0_cap08,mt_mbpp_matlab,1.1517678863403826
olmixq_t9_kl0_cap08,mt_mbpp_php,0.584364915756103
olmixq_t9_kl0_cap08,mt_mbpp_python,0.9087896068260786
olmixq_t9_kl0_cap08,mt_mbpp_r,1.0640493343870558
olmixq_t9_kl0_cap08,mt_mbpp_ruby,0.9740294368710812
olmixq_t9_kl0_cap08,mt_mbpp_rust,0.7180972128809988
olmixq_t9_kl0_cap08,mt_mbpp_scala,1.1070349803247765
olmixq_t9_kl0_cap08,mt_mbpp_swift,0.6715600913754439
olmixq_t9_kl0_cap08,mt_mbpp_typescript,0.5905558889191406
olmixq_t9_kl0_cap08,arc_easy,1.0920926212133824
olmixq_t9_kl0_cap08,arc_challenge,1.2419640647990209
olmixq_t9_kl0_cap08,mmlu_stem,1.8506230700791508
olmixq_t9_kl0_cap08,mmlu_humanities,1.0398675512725355
olmixq_t9_kl0_cap08,mmlu_social_sciences,1.2070168616777193
olmixq_t9_kl0_cap08,mmlu_other,1.4543230172844535
olmixq_t9_kl0_cap08,csqa,1.5373962924161872
olmixq_t9_kl0_cap08,hellaswag,1.0260329261372867
olmixq_t9_kl0_cap08,winogrande,1.4141891880970463
olmixq_t9_kl0_cap08,socialiqa,1.392902173815098
olmixq_t9_kl0_cap08,piqa,1.3404974916415844
olmixq_t9_kl0_cap08,coqa,0.7729847967898705
olmixq_t9_kl0_cap08,drop,1.8496761696299797
olmixq_t9_kl0_cap08,jeopardy,1.5613808761546781
olmixq_t9_kl0_cap08,naturalqs,1.6867607835889404
olmixq_t9_kl0_cap08,squad,0.6722154799966175
olmixq_t9_kl0_cap08,sciq,1.1981174119945641
olmixq_t9_kl0_cap08,basic_skills_arithmetic,2.0551071671166854
olmixq_t9_kl0_cap08,basic_skills_coding,0.7105443902877812
olmixq_t9_kl0_cap08,basic_skills_common_knowledge,1.1715737538599502
olmixq_t9_kl0_cap08,basic_skills_logical_reasoning,0.4445520431705413
olmixq_t9_kl0_cap08,basic_skills_pattern,1.6745794748620597
olmixq_t9_kl0_cap08,basic_skills_string_operations,2.8160442550477964
olmixq_t9_kl0_cap08,lambada,1.0239120113600382
olmixq_t9_kl0_cap08,medmcqa,2.0148850258887925
olmixq_t9_kl0p005_cap08,minerva_math_algebra,1.0443985860321876
olmixq_t9_kl0p005_cap08,minerva_math_counting_and_probability,0.9516160012955208
olmixq_t9_kl0p005_cap08,minerva_math_geometry,1.0483169825225593
olmixq_t9_kl0p005_cap08,minerva_math_intermediate_algebra,1.026327038737692
olmixq_t9_kl0p005_cap08,minerva_math_number_theory,1.050763229285741
olmixq_t9_kl0p005_cap08,minerva_math_prealgebra,0.970996661468402
olmixq_t9_kl0p005_cap08,minerva_math_precalculus,0.8915410677320537
olmixq_t9_kl0p005_cap08,codex_humaneval,0.7922131439008407
olmixq_t9_kl0p005_cap08,mbpp,0.9313593159037382
olmixq_t9_kl0p005_cap08,mt_mbpp_bash,0.9138262400138341
olmixq_t9_kl0p005_cap08,mt_mbpp_c,0.5471050338299674
olmixq_t9_kl0p005_cap08,mt_mbpp_cpp,0.5215593533562906
olmixq_t9_kl0p005_cap08,mt_mbpp_csharp,0.4414332755862226
olmixq_t9_kl0p005_cap08,mt_mbpp_go,0.6250761498160854
olmixq_t9_kl0p005_cap08,mt_mbpp_haskell,1.513675787869373
olmixq_t9_kl0p005_cap08,mt_mbpp_java,0.3820144503819545
olmixq_t9_kl0p005_cap08,mt_mbpp_javascript,0.627948071844094
olmixq_t9_kl0p005_cap08,mt_mbpp_matlab,1.1441447143039705
olmixq_t9_kl0p005_cap08,mt_mbpp_php,0.5781252134032543
olmixq_t9_kl0p005_cap08,mt_mbpp_python,0.9259306462849203
olmixq_t9_kl0p005_cap08,mt_mbpp_r,1.0651811670658355
olmixq_t9_kl0p005_cap08,mt_mbpp_ruby,0.9194928139025786
olmixq_t9_kl0p005_cap08,mt_mbpp_rust,0.7600862987589703
olmixq_t9_kl0p005_cap08,mt_mbpp_scala,1.0522790212971094
olmixq_t9_kl0p005_cap08,mt_mbpp_swift,0.6462511795224325
olmixq_t9_kl0p005_cap08,mt_mbpp_typescript,0.578466099622912
olmixq_t9_kl0p005_cap08,arc_easy,1.134252054977967
olmixq_t9_kl0p005_cap08,arc_challenge,1.2541606710621378
olmixq_t9_kl0p005_cap08,mmlu_stem,1.8400874011739934
olmixq_t9_kl0p005_cap08,mmlu_humanities,1.0424677951379022
olmixq_t9_kl0p005_cap08,mmlu_social_sciences,1.2182528122033236
olmixq_t9_kl0p005_cap08,mmlu_other,1.4366620673804384
olmixq_t9_kl0p005_cap08,csqa,1.536988249682339
olmixq_t9_kl0p005_cap08,hellaswag,1.022100822039708
olmixq_t9_kl0p005_cap08,winogrande,1.4096631620508715
olmixq_t9_kl0p005_cap08,socialiqa,1.3439215888411138
olmixq_t9_kl0p005_cap08,piqa,1.3171169029687435
olmixq_t9_kl0p005_cap08,coqa,0.8391122342358658
olmixq_t9_kl0p005_cap08,drop,1.7746164094384003
olmixq_t9_kl0p005_cap08,jeopardy,1.544173855825935
olmixq_t9_kl0p005_cap08,naturalqs,1.6433141331673087
olmixq_t9_kl0p005_cap08,squad,0.626197172498097
olmixq_t9_kl0p005_cap08,sciq,1.2145631214223251
olmixq_t9_kl0p005_cap08,basic_skills_arithmetic,2.0581510060874075
olmixq_t9_kl0p005_cap08,basic_skills_coding,0.6892094450452021
olmixq_t9_kl0p005_cap08,basic_skills_common_knowledge,1.1839681955177819
olmixq_t9_kl0p005_cap08,basic_skills_logical_reasoning,0.42342833770941485
olmixq_t9_kl0p005_cap08,basic_skills_pattern,1.6425776637881193
olmixq_t9_kl0p005_cap08,basic_skills_string_operations,2.749579297245126
olmixq_t9_kl0p005_cap08,lambada,0.9809805458923772
olmixq_t9_kl0p005_cap08,medmcqa,1.946927299761914
olmixq_t9_kl0_nocap_cap17,minerva_math_algebra,1.2296249208326535
olmixq_t9_kl0_nocap_cap17,minerva_math_counting_and_probability,1.0982757161399834
olmixq_t9_kl0_nocap_cap17,minerva_math_geometry,1.2184459843619675
olmixq_t9_kl0_nocap_cap17,minerva_math_intermediate_algebra,1.1938584496052265
olmixq_t9_kl0_nocap_cap17,minerva_math_number_theory,1.2139071294356942
olmixq_t9_kl0_nocap_cap17,minerva_math_prealgebra,1.1444266801595377
olmixq_t9_kl0_nocap_cap17,minerva_math_precalculus,1.0282628021918485
olmixq_t9_kl0_nocap_cap17,codex_humaneval,0.8948933711929566
olmixq_t9_kl0_nocap_cap17,mbpp,1.1273279689755598
olmixq_t9_kl0_nocap_cap17,mt_mbpp_bash,1.1312708148499582
olmixq_t9_kl0_nocap_cap17,mt_mbpp_c,0.6488497057425776
olmixq_t9_kl0_nocap_cap17,mt_mbpp_cpp,0.5887424257892108
olmixq_t9_kl0_nocap_cap17,mt_mbpp_csharp,0.5169402136461985
olmixq_t9_kl0_nocap_cap17,mt_mbpp_go,0.7181324115085982
olmixq_t9_kl0_nocap_cap17,mt_mbpp_haskell,1.902106857290873
olmixq_t9_kl0_nocap_cap17,mt_mbpp_java,0.4641647419620491
olmixq_t9_kl0_nocap_cap17,mt_mbpp_javascript,0.7451736781325566
olmixq_t9_kl0_nocap_cap17,mt_mbpp_matlab,1.369631524716566
olmixq_t9_kl0_nocap_cap17,mt_mbpp_php,0.6758867970245789
olmixq_t9_kl0_nocap_cap17,mt_mbpp_python,1.120017593411749
olmixq_t9_kl0_nocap_cap17,mt_mbpp_r,1.3814420507525342
olmixq_t9_kl0_nocap_cap17,mt_mbpp_ruby,1.1118863018255452
olmixq_t9_kl0_nocap_cap17,mt_mbpp_rust,0.909014354401939
olmixq_t9_kl0_nocap_cap17,mt_mbpp_scala,1.328577090093225
olmixq_t9_kl0_nocap_cap17,mt_mbpp_swift,0.822086074846816
olmixq_t9_kl0_nocap_cap17,mt_mbpp_typescript,0.7018078599280841
olmixq_t9_kl0_nocap_cap17,arc_easy,1.1519110920873812
olmixq_t9_kl0_nocap_cap17,arc_challenge,1.2906387461974742
olmixq_t9_kl0_nocap_cap17,mmlu_stem,1.9384438250009977
olmixq_t9_kl0_nocap_cap17,mmlu_humanities,1.0897895609403743
olmixq_t9_kl0_nocap_cap17,mmlu_social_sciences,1.253900915699714
olmixq_t9_kl0_nocap_cap17,mmlu_other,1.507462555029298
olmixq_t9_kl0_nocap_cap17,csqa,1.6207189638543382
olmixq_t9_kl0_nocap_cap17,hellaswag,1.0526112337141473
olmixq_t9_kl0_nocap_cap17,winogrande,1.4088511071897434
olmixq_t9_kl0_nocap_cap17,socialiqa,1.392211790347346
olmixq_t9_kl0_nocap_cap17,piqa,1.3395634591532244
olmixq_t9_kl0_nocap_cap17,coqa,0.9113427535608779
olmixq_t9_kl0_nocap_cap17,drop,1.8334137080738138
olmixq_t9_kl0_nocap_cap17,jeopardy,1.6401886933354588
olmixq_t9_kl0_nocap_cap17,naturalqs,1.7179123868980324
olmixq_t9_kl0_nocap_cap17,squad,0.6695207682627662
olmixq_t9_kl0_nocap_cap17,sciq,1.2575840273583805
olmixq_t9_kl0_nocap_cap17,basic_skills_arithmetic,2.1815095225643177
olmixq_t9_kl0_nocap_cap17,basic_skills_coding,0.8462242442483725
olmixq_t9_kl0_nocap_cap17,basic_skills_common_knowledge,1.2321052875128915
olmixq_t9_kl0_nocap_cap17,basic_skills_logical_reasoning,0.4645299842771107
olmixq_t9_kl0_nocap_cap17,basic_skills_pattern,1.9022754752324238
olmixq_t9_kl0_nocap_cap17,basic_skills_string_operations,2.867661254804623
olmixq_t9_kl0_nocap_cap17,lambada,1.0983337896436176
olmixq_t9_kl0_nocap_cap17,medmcqa,2.077393222846239
olmixq_t9_kl0p005_cap04,minerva_math_algebra,1.0366199986615292
olmixq_t9_kl0p005_cap04,minerva_math_counting_and_probability,0.9449453391660565
olmixq_t9_kl0p005_cap04,minerva_math_geometry,1.0440135461078655
olmixq_t9_kl0p005_cap04,minerva_math_intermediate_algebra,1.0047093620354302
olmixq_t9_kl0p005_cap04,minerva_math_number_theory,1.0359572280973977
olmixq_t9_kl0p005_cap04,minerva_math_prealgebra,0.9544546893456929
olmixq_t9_kl0p005_cap04,minerva_math_precalculus,0.8581999751735059
olmixq_t9_kl0p005_cap04,codex_humaneval,0.8231722123664506
olmixq_t9_kl0p005_cap04,mbpp,0.9513599421131372
olmixq_t9_kl0p005_cap04,mt_mbpp_bash,0.9643277007043097
olmixq_t9_kl0p005_cap04,mt_mbpp_c,0.5662208842173528
olmixq_t9_kl0p005_cap04,mt_mbpp_cpp,0.5400954295540376
olmixq_t9_kl0p005_cap04,mt_mbpp_csharp,0.4463392951757301
olmixq_t9_kl0p005_cap04,mt_mbpp_go,0.6380815173369947
olmixq_t9_kl0p005_cap04,mt_mbpp_haskell,1.5288079969538415
olmixq_t9_kl0p005_cap04,mt_mbpp_java,0.4030059374224628
olmixq_t9_kl0p005_cap04,mt_mbpp_javascript,0.6491408531310375
olmixq_t9_kl0p005_cap04,mt_mbpp_matlab,1.1042175153518994
olmixq_t9_kl0p005_cap04,mt_mbpp_php,0.5977830699220313
olmixq_t9_kl0p005_cap04,mt_mbpp_python,0.9497750540827605
olmixq_t9_kl0p005_cap04,mt_mbpp_r,1.0869343996700798
olmixq_t9_kl0p005_cap04,mt_mbpp_ruby,0.9854464343953894
olmixq_t9_kl0p005_cap04,mt_mbpp_rust,0.8006442699336553
olmixq_t9_kl0p005_cap04,mt_mbpp_scala,1.1049955341631774
olmixq_t9_kl0p005_cap04,mt_mbpp_swift,0.7188204341002014
olmixq_t9_kl0p005_cap04,mt_mbpp_typescript,0.6110735432357813
olmixq_t9_kl0p005_cap04,arc_easy,1.1028659555158458
olmixq_t9_kl0p005_cap04,arc_challenge,1.2091125335683919
olmixq_t9_kl0p005_cap04,mmlu_stem,1.8009286261476416
olmixq_t9_kl0p005_cap04,mmlu_humanities,1.0249388338912
olmixq_t9_kl0p005_cap04,mmlu_social_sciences,1.1939394845705293
olmixq_t9_kl0p005_cap04,mmlu_other,1.3974116270043808
olmixq_t9_kl0p005_cap04,csqa,1.511560565749985
olmixq_t9_kl0p005_cap04,hellaswag,1.0052873106095475
olmixq_t9_kl0p005_cap04,winogrande,1.3980682594200355
olmixq_t9_kl0p005_cap04,socialiqa,1.29007397305696
olmixq_t9_kl0p005_cap04,piqa,1.2839946093354093
olmixq_t9_kl0p005_cap04,coqa,0.8212497089548622
olmixq_t9_kl0p005_cap04,drop,1.8208841161631724
olmixq_t9_kl0p005_cap04,jeopardy,1.548716431773921
olmixq_t9_kl0p005_cap04,naturalqs,1.5838520571943215
olmixq_t9_kl0p005_cap04,squad,0.6980908564678798
olmixq_t9_kl0p005_cap04,sciq,1.1806834412340879
olmixq_t9_kl0p005_cap04,basic_skills_arithmetic,2.135612371372472
olmixq_t9_kl0p005_cap04,basic_skills_coding,0.8143857104223614
olmixq_t9_kl0p005_cap04,basic_skills_common_knowledge,1.2015972290956125
olmixq_t9_kl0p005_cap04,basic_skills_logical_reasoning,0.38786274084432476
olmixq_t9_kl0p005_cap04,basic_skills_pattern,1.5009907826041264
olmixq_t9_kl0p005_cap04,basic_skills_string_operations,2.7736847045473465
olmixq_t9_kl0p005_cap04,lambada,0.9904139680142175
olmixq_t9_kl0p005_cap04,medmcqa,1.8842398920454542
olmixq_t9_kl0p005_cap12,minerva_math_algebra,1.105046792892081
olmixq_t9_kl0p005_cap12,minerva_math_counting_and_probability,0.9859065780432225
olmixq_t9_kl0p005_cap12,minerva_math_geometry,1.080925240370678
olmixq_t9_kl0p005_cap12,minerva_math_intermediate_algebra,1.0638874693861808
olmixq_t9_kl0p005_cap12,minerva_math_number_theory,1.0926719686591926
olmixq_t9_kl0p005_cap12,minerva_math_prealgebra,1.0290208339397806
olmixq_t9_kl0p005_cap12,minerva_math_precalculus,0.91381882405988
olmixq_t9_kl0p005_cap12,codex_humaneval,0.8121641859143007
olmixq_t9_kl0p005_cap12,mbpp,0.9347378025470563
olmixq_t9_kl0p005_cap12,mt_mbpp_bash,0.9253757966873069
olmixq_t9_kl0p005_cap12,mt_mbpp_c,0.5553306705351092
olmixq_t9_kl0p005_cap12,mt_mbpp_cpp,0.528711138697411
olmixq_t9_kl0p005_cap12,mt_mbpp_csharp,0.4443148834267152
olmixq_t9_kl0p005_cap12,mt_mbpp_go,0.6206946655712552
olmixq_t9_kl0p005_cap12,mt_mbpp_haskell,1.5558383952159687
olmixq_t9_kl0p005_cap12,mt_mbpp_java,0.38678594104961955
olmixq_t9_kl0p005_cap12,mt_mbpp_javascript,0.6450308937614443
olmixq_t9_kl0p005_cap12,mt_mbpp_matlab,1.1623117703211894
olmixq_t9_kl0p005_cap12,mt_mbpp_php,0.592813654252253
olmixq_t9_kl0p005_cap12,mt_mbpp_python,0.9293130547258798
olmixq_t9_kl0p005_cap12,mt_mbpp_r,1.0963171377953618
olmixq_t9_kl0p005_cap12,mt_mbpp_ruby,0.9069849094564041
olmixq_t9_kl0p005_cap12,mt_mbpp_rust,0.7887645853975626
olmixq_t9_kl0p005_cap12,mt_mbpp_scala,1.0777358277018925
olmixq_t9_kl0p005_cap12,mt_mbpp_swift,0.6661544613362792
olmixq_t9_kl0p005_cap12,mt_mbpp_typescript,0.5969443274840155
olmixq_t9_kl0p005_cap12,arc_easy,1.0780969429947422
olmixq_t9_kl0p005_cap12,arc_challenge,1.2293713915885114
olmixq_t9_kl0p005_cap12,mmlu_stem,1.8365489548677867
olmixq_t9_kl0p005_cap12,mmlu_humanities,1.0591560621216956
olmixq_t9_kl0p005_cap12,mmlu_social_sciences,1.2173909298099417
olmixq_t9_kl0p005_cap12,mmlu_other,1.4437254280708822
olmixq_t9_kl0p005_cap12,csqa,1.521054632293103
olmixq_t9_kl0p005_cap12,hellaswag,1.0198264392301526
olmixq_t9_kl0p005_cap12,winogrande,1.3934828625708469
olmixq_t9_kl0p005_cap12,socialiqa,1.3433288286889025
olmixq_t9_kl0p005_cap12,piqa,1.3142808212452703
olmixq_t9_kl0p005_cap12,coqa,0.8450603160897905
olmixq_t9_kl0p005_cap12,drop,1.7846105645756074
olmixq_t9_kl0p005_cap12,jeopardy,1.5553230779352092
olmixq_t9_kl0p005_cap12,naturalqs,1.6489742523260102
olmixq_t9_kl0p005_cap12,squad,0.6560751905572968
olmixq_t9_kl0p005_cap12,sciq,1.2142145011180945
olmixq_t9_kl0p005_cap12,basic_skills_arithmetic,2.050804077746838
olmixq_t9_kl0p005_cap12,basic_skills_coding,0.7430253088774696
olmixq_t9_kl0p005_cap12,basic_skills_common_knowledge,1.164845282505131
olmixq_t9_kl0p005_cap12,basic_skills_logical_reasoning,0.4149611005845707
olmixq_t9_kl0p005_cap12,basic_skills_pattern,1.668158782031757
olmixq_t9_kl0p005_cap12,basic_skills_string_operations,2.8571166547070606
olmixq_t9_kl0p005_cap12,lambada,1.0215258956261424
olmixq_t9_kl0p005_cap12,medmcqa,1.9682053182508947
olmixq_t9_kl0p005_nocap_cap14,minerva_math_algebra,1.0988397949236537
olmixq_t9_kl0p005_nocap_cap14,minerva_math_counting_and_probability,0.9899460534254251
olmixq_t9_kl0p005_nocap_cap14,minerva_math_geometry,1.06886424244693
olmixq_t9_kl0p005_nocap_cap14,minerva_math_intermediate_algebra,1.046292089451245
olmixq_t9_kl0p005_nocap_cap14,minerva_math_number_theory,1.0941888455123503
olmixq_t9_kl0p005_nocap_cap14,minerva_math_prealgebra,1.0333522265779702
olmixq_t9_kl0p005_nocap_cap14,minerva_math_precalculus,0.8886347008494948
olmixq_t9_kl0p005_nocap_cap14,codex_humaneval,0.7849515926918493
olmixq_t9_kl0p005_nocap_cap14,mbpp,0.9426939904958545
olmixq_t9_kl0p005_nocap_cap14,mt_mbpp_bash,0.9218220274810426
olmixq_t9_kl0p005_nocap_cap14,mt_mbpp_c,0.5667647436718432
olmixq_t9_kl0p005_nocap_cap14,mt_mbpp_cpp,0.537584389690286
olmixq_t9_kl0p005_nocap_cap14,mt_mbpp_csharp,0.4548278630347136
olmixq_t9_kl0p005_nocap_cap14,mt_mbpp_go,0.6335513032767451
olmixq_t9_kl0p005_nocap_cap14,mt_mbpp_haskell,1.5758880715796
olmixq_t9_kl0p005_nocap_cap14,mt_mbpp_java,0.391151642081523
olmixq_t9_kl0p005_nocap_cap14,mt_mbpp_javascript,0.6538118818821015
olmixq_t9_kl0p005_nocap_cap14,mt_mbpp_matlab,1.2104714408587038
olmixq_t9_kl0p005_nocap_cap14,mt_mbpp_php,0.5915578030470218
olmixq_t9_kl0p005_nocap_cap14,mt_mbpp_python,0.9387205214233355
olmixq_t9_kl0p005_nocap_cap14,mt_mbpp_r,1.0969429331265235
olmixq_t9_kl0p005_nocap_cap14,mt_mbpp_ruby,0.9410703830778172
olmixq_t9_kl0p005_nocap_cap14,mt_mbpp_rust,0.7920766237407497
olmixq_t9_kl0p005_nocap_cap14,mt_mbpp_scala,1.1026716115805022
olmixq_t9_kl0p005_nocap_cap14,mt_mbpp_swift,0.6771728427631761
olmixq_t9_kl0p005_nocap_cap14,mt_mbpp_typescript,0.6083723006986519
olmixq_t9_kl0p005_nocap_cap14,arc_easy,1.1126144445783763
olmixq_t9_kl0p005_nocap_cap14,arc_challenge,1.2296136451985649
olmixq_t9_kl0p005_nocap_cap14,mmlu_stem,1.8529784809487588
olmixq_t9_kl0p005_nocap_cap14,mmlu_humanities,1.0426291821229925
olmixq_t9_kl0p005_nocap_cap14,mmlu_social_sciences,1.2075574839218253
olmixq_t9_kl0p005_nocap_cap14,mmlu_other,1.4263288249156818
olmixq_t9_kl0p005_nocap_cap14,csqa,1.5458999555310577
olmixq_t9_kl0p005_nocap_cap14,hellaswag,1.0181886895544299
olmixq_t9_kl0p005_nocap_cap14,winogrande,1.4135468534880027
olmixq_t9_kl0p005_nocap_cap14,socialiqa,1.3585330114085334
olmixq_t9_kl0p005_nocap_cap14,piqa,1.3182435991484545
olmixq_t9_kl0p005_nocap_cap14,coqa,0.9066383891052434
olmixq_t9_kl0p005_nocap_cap14,drop,1.8069453234702226
olmixq_t9_kl0p005_nocap_cap14,jeopardy,1.5799576559706834
olmixq_t9_kl0p005_nocap_cap14,naturalqs,1.6564989641169592
olmixq_t9_kl0p005_nocap_cap14,squad,0.69025835418844
olmixq_t9_kl0p005_nocap_cap14,sciq,1.210898465439564
olmixq_t9_kl0p005_nocap_cap14,basic_skills_arithmetic,2.130897329292488
olmixq_t9_kl0p005_nocap_cap14,basic_skills_coding,0.716616632365299
olmixq_t9_kl0p005_nocap_cap14,basic_skills_common_knowledge,1.1009325413555162
olmixq_t9_kl0p005_nocap_cap14,basic_skills_logical_reasoning,0.3980961906933826
olmixq_t9_kl0p005_nocap_cap14,basic_skills_pattern,1.4912554280798154
olmixq_t9_kl0p005_nocap_cap14,basic_skills_string_operations,2.828047923625613
olmixq_t9_kl0p005_nocap_cap14,lambada,1.0178961289620228
olmixq_t9_kl0p005_nocap_cap14,medmcqa,1.9599187460424607
olmixq_t9_kl0p01_cap04,minerva_math_algebra,1.0422530444605773
olmixq_t9_kl0p01_cap04,minerva_math_counting_and_probability,0.9466802996028106
olmixq_t9_kl0p01_cap04,minerva_math_geometry,1.0489951860095006
olmixq_t9_kl0p01_cap04,minerva_math_intermediate_algebra,1.0162968668483883
olmixq_t9_kl0p01_cap04,minerva_math_number_theory,1.040277866334563
olmixq_t9_kl0p01_cap04,minerva_math_prealgebra,0.961870561713876
olmixq_t9_kl0p01_cap04,minerva_math_precalculus,0.8777818379387092
olmixq_t9_kl0p01_cap04,codex_humaneval,0.844932181805537
olmixq_t9_kl0p01_cap04,mbpp,0.9668667894941609
olmixq_t9_kl0p01_cap04,mt_mbpp_bash,0.9799656604198439
olmixq_t9_kl0p01_cap04,mt_mbpp_c,0.571264848755582
olmixq_t9_kl0p01_cap04,mt_mbpp_cpp,0.5410600129289602
olmixq_t9_kl0p01_cap04,mt_mbpp_csharp,0.4611249216843741
olmixq_t9_kl0p01_cap04,mt_mbpp_go,0.6511112971586279
olmixq_t9_kl0p01_cap04,mt_mbpp_haskell,1.507682683701695
olmixq_t9_kl0p01_cap04,mt_mbpp_java,0.40398357638453153
olmixq_t9_kl0p01_cap04,mt_mbpp_javascript,0.6489942737527282
olmixq_t9_kl0p01_cap04,mt_mbpp_matlab,1.1018926783704446
olmixq_t9_kl0p01_cap04,mt_mbpp_php,0.5900878525610296
olmixq_t9_kl0p01_cap04,mt_mbpp_python,0.9663729378523612
olmixq_t9_kl0p01_cap04,mt_mbpp_r,1.0885414788613192
olmixq_t9_kl0p01_cap04,mt_mbpp_ruby,0.997928758028615
olmixq_t9_kl0p01_cap04,mt_mbpp_rust,0.8138048104814056
olmixq_t9_kl0p01_cap04,mt_mbpp_scala,1.1014538897742985
olmixq_t9_kl0p01_cap04,mt_mbpp_swift,0.7185956739540004
olmixq_t9_kl0p01_cap04,mt_mbpp_typescript,0.609855620751085
olmixq_t9_kl0p01_cap04,arc_easy,1.0922333445446346
olmixq_t9_kl0p01_cap04,arc_challenge,1.2384870457779111
olmixq_t9_kl0p01_cap04,mmlu_stem,1.8029892965755017
olmixq_t9_kl0p01_cap04,mmlu_humanities,1.0320899960175376
olmixq_t9_kl0p01_cap04,mmlu_social_sciences,1.1865520808555707
olmixq_t9_kl0p01_cap04,mmlu_other,1.401633509088741
olmixq_t9_kl0p01_cap04,csqa,1.4974715551749067
olmixq_t9_kl0p01_cap04,hellaswag,0.9992077263201904
olmixq_t9_kl0p01_cap04,winogrande,1.3886856205345937
olmixq_t9_kl0p01_cap04,socialiqa,1.3497779544677178
olmixq_t9_kl0p01_cap04,piqa,1.2812625150271368
olmixq_t9_kl0p01_cap04,coqa,0.7909305047912433
olmixq_t9_kl0p01_cap04,drop,1.766645243873479
olmixq_t9_kl0p01_cap04,jeopardy,1.5344358610895263
olmixq_t9_kl0p01_cap04,naturalqs,1.6018822743885748
olmixq_t9_kl0p01_cap04,squad,0.6292527750502108
olmixq_t9_kl0p01_cap04,sciq,1.1714086371568568
olmixq_t9_kl0p01_cap04,basic_skills_arithmetic,2.113731185155683
olmixq_t9_kl0p01_cap04,basic_skills_coding,0.833712641884713
olmixq_t9_kl0p01_cap04,basic_skills_common_knowledge,1.070028304777857
olmixq_t9_kl0p01_cap04,basic_skills_logical_reasoning,0.39641085488047634
olmixq_t9_kl0p01_cap04,basic_skills_pattern,1.5558122898448947
olmixq_t9_kl0p01_cap04,basic_skills_string_operations,2.6837349044041305
olmixq_t9_kl0p01_cap04,lambada,0.9697430989819902
olmixq_t9_kl0p01_cap04,medmcqa,1.8832035296190053
olmixq_t9_kl0p01_cap08,minerva_math_algebra,1.0361107839083947
olmixq_t9_kl0p01_cap08,minerva_math_counting_and_probability,0.9495375885722305
olmixq_t9_kl0p01_cap08,minerva_math_geometry,1.0453970635803824
olmixq_t9_kl0p01_cap08,minerva_math_intermediate_algebra,1.0039105347228292
olmixq_t9_kl0p01_cap08,minerva_math_number_theory,1.0331242760835642
olmixq_t9_kl0p01_cap08,minerva_math_prealgebra,0.9634270757347453
olmixq_t9_kl0p01_cap08,minerva_math_precalculus,0.8675028733606948
olmixq_t9_kl0p01_cap08,codex_humaneval,0.8291939750801783
olmixq_t9_kl0p01_cap08,mbpp,0.9246328461045246
olmixq_t9_kl0p01_cap08,mt_mbpp_bash,0.9284597474393531
olmixq_t9_kl0p01_cap08,mt_mbpp_c,0.5487412685365158
olmixq_t9_kl0p01_cap08,mt_mbpp_cpp,0.5216317580417963
olmixq_t9_kl0p01_cap08,mt_mbpp_csharp,0.447409314793427
olmixq_t9_kl0p01_cap08,mt_mbpp_go,0.6271998639423676
olmixq_t9_kl0p01_cap08,mt_mbpp_haskell,1.5497289879050196
olmixq_t9_kl0p01_cap08,mt_mbpp_java,0.37998056616083004
olmixq_t9_kl0p01_cap08,mt_mbpp_javascript,0.6306745789598329
olmixq_t9_kl0p01_cap08,mt_mbpp_matlab,1.1224477339515848
olmixq_t9_kl0p01_cap08,mt_mbpp_php,0.5738912079876293
olmixq_t9_kl0p01_cap08,mt_mbpp_python,0.9218146844841336
olmixq_t9_kl0p01_cap08,mt_mbpp_r,1.0362443421035714
olmixq_t9_kl0p01_cap08,mt_mbpp_ruby,0.9429956665854083
olmixq_t9_kl0p01_cap08,mt_mbpp_rust,0.7656571433335684
olmixq_t9_kl0p01_cap08,mt_mbpp_scala,1.0869727740401869
olmixq_t9_kl0p01_cap08,mt_mbpp_swift,0.6853608017563101
olmixq_t9_kl0p01_cap08,mt_mbpp_typescript,0.5849832201952972
olmixq_t9_kl0p01_cap08,arc_easy,1.155320635287362
olmixq_t9_kl0p01_cap08,arc_challenge,1.242095204148159
olmixq_t9_kl0p01_cap08,mmlu_stem,1.8054952732005949
olmixq_t9_kl0p01_cap08,mmlu_humanities,1.0211901604081244
olmixq_t9_kl0p01_cap08,mmlu_social_sciences,1.195693146766651
olmixq_t9_kl0p01_cap08,mmlu_other,1.417346247789935
olmixq_t9_kl0p01_cap08,csqa,1.5848299267723678
olmixq_t9_kl0p01_cap08,hellaswag,1.0168819355589156
olmixq_t9_kl0p01_cap08,winogrande,1.4515197955941703
olmixq_t9_kl0p01_cap08,socialiqa,1.35124976376712
olmixq_t9_kl0p01_cap08,piqa,1.3005932967290412
olmixq_t9_kl0p01_cap08,coqa,0.8407038663771745
olmixq_t9_kl0p01_cap08,drop,1.8204287747671848
olmixq_t9_kl0p01_cap08,jeopardy,1.561874116561799
olmixq_t9_kl0p01_cap08,naturalqs,1.6544996903777676
olmixq_t9_kl0p01_cap08,squad,0.6158165048650829
olmixq_t9_kl0p01_cap08,sciq,1.2526197174297873
olmixq_t9_kl0p01_cap08,basic_skills_arithmetic,2.1232135486467576
olmixq_t9_kl0p01_cap08,basic_skills_coding,0.7219666720883936
olmixq_t9_kl0p01_cap08,basic_skills_common_knowledge,1.155639670702056
olmixq_t9_kl0p01_cap08,basic_skills_logical_reasoning,0.41291737272595386
olmixq_t9_kl0p01_cap08,basic_skills_pattern,1.5601724261141232
olmixq_t9_kl0p01_cap08,basic_skills_string_operations,2.6216332214213947
olmixq_t9_kl0p01_cap08,lambada,0.9922174928305418
olmixq_t9_kl0p01_cap08,medmcqa,1.9188397648333855
olmixq_t9_kl0p025_cap08,minerva_math_algebra,1.0390852285019763
olmixq_t9_kl0p025_cap08,minerva_math_counting_and_probability,0.9386203562018094
olmixq_t9_kl0p025_cap08,minerva_math_geometry,1.0194647055154373
olmixq_t9_kl0p025_cap08,minerva_math_intermediate_algebra,1.0080589995407618
olmixq_t9_kl0p025_cap08,minerva_math_number_theory,1.032864115401313
olmixq_t9_kl0p025_cap08,minerva_math_prealgebra,0.9625975794342826
olmixq_t9_kl0p025_cap08,minerva_math_precalculus,0.8579754430284896
olmixq_t9_kl0p025_cap08,codex_humaneval,0.8277389265071035
olmixq_t9_kl0p025_cap08,mbpp,0.9401460485082752
olmixq_t9_kl0p025_cap08,mt_mbpp_bash,0.9509935552836913
olmixq_t9_kl0p025_cap08,mt_mbpp_c,0.5526154436001288
olmixq_t9_kl0p025_cap08,mt_mbpp_cpp,0.5249053351017247
olmixq_t9_kl0p025_cap08,mt_mbpp_csharp,0.4423596072866724
olmixq_t9_kl0p025_cap08,mt_mbpp_go,0.6359006415200867
olmixq_t9_kl0p025_cap08,mt_mbpp_haskell,1.5838110252529343
olmixq_t9_kl0p025_cap08,mt_mbpp_java,0.3963835964708459
olmixq_t9_kl0p025_cap08,mt_mbpp_javascript,0.6637545346063921
olmixq_t9_kl0p025_cap08,mt_mbpp_matlab,1.1109293965819982
olmixq_t9_kl0p025_cap08,mt_mbpp_php,0.5772884608456373
olmixq_t9_kl0p025_cap08,mt_mbpp_python,0.939714407694929
olmixq_t9_kl0p025_cap08,mt_mbpp_r,1.0592113390746423
olmixq_t9_kl0p025_cap08,mt_mbpp_ruby,0.9936378120658282
olmixq_t9_kl0p025_cap08,mt_mbpp_rust,0.7783499920334465
olmixq_t9_kl0p025_cap08,mt_mbpp_scala,1.112473771485798
olmixq_t9_kl0p025_cap08,mt_mbpp_swift,0.6559626654771383
olmixq_t9_kl0p025_cap08,mt_mbpp_typescript,0.6185377423085865
olmixq_t9_kl0p025_cap08,arc_easy,1.1473969254617238
olmixq_t9_kl0p025_cap08,arc_challenge,1.2441289928189905
olmixq_t9_kl0p025_cap08,mmlu_stem,1.8014493923475021
olmixq_t9_kl0p025_cap08,mmlu_humanities,1.013248731427193
olmixq_t9_kl0p025_cap08,mmlu_social_sciences,1.2067557568086704
olmixq_t9_kl0p025_cap08,mmlu_other,1.411004464271994
olmixq_t9_kl0p025_cap08,csqa,1.5019806064625205
olmixq_t9_kl0p025_cap08,hellaswag,1.0001113878771422
olmixq_t9_kl0p025_cap08,winogrande,1.4274405031053805
olmixq_t9_kl0p025_cap08,socialiqa,1.3498707191904242
olmixq_t9_kl0p025_cap08,piqa,1.280167185879495
olmixq_t9_kl0p025_cap08,coqa,0.7817068550011189
olmixq_t9_kl0p025_cap08,drop,1.7976251378564636
olmixq_t9_kl0p025_cap08,jeopardy,1.5301719674259455
olmixq_t9_kl0p025_cap08,naturalqs,1.6204905419817928
olmixq_t9_kl0p025_cap08,squad,0.6531045186304164
olmixq_t9_kl0p025_cap08,sciq,1.2321955222699643
olmixq_t9_kl0p025_cap08,basic_skills_arithmetic,1.9665698096458424
olmixq_t9_kl0p025_cap08,basic_skills_coding,0.7816878987056122
olmixq_t9_kl0p025_cap08,basic_skills_common_knowledge,1.0810343587185032
olmixq_t9_kl0p025_cap08,basic_skills_logical_reasoning,0.4358850502582772
olmixq_t9_kl0p025_cap08,basic_skills_pattern,1.4615585164383
olmixq_t9_kl0p025_cap08,basic_skills_string_operations,2.6401312912160755
olmixq_t9_kl0p025_cap08,lambada,0.9944260556627202
olmixq_t9_kl0p025_cap08,medmcqa,1.8652169306885116
olmixq_t9_kl0p01_cap12,minerva_math_algebra,1.072261227376047
olmixq_t9_kl0p01_cap12,minerva_math_counting_and_probability,0.9717003892909705
olmixq_t9_kl0p01_cap12,minerva_math_geometry,1.068868907292394
olmixq_t9_kl0p01_cap12,minerva_math_intermediate_algebra,1.0293226003068132
olmixq_t9_kl0p01_cap12,minerva_math_number_theory,1.062368583216056
olmixq_t9_kl0p01_cap12,minerva_math_prealgebra,1.0013655691992709
olmixq_t9_kl0p01_cap12,minerva_math_precalculus,0.8899101195929797
olmixq_t9_kl0p01_cap12,codex_humaneval,0.7900882845713066
olmixq_t9_kl0p01_cap12,mbpp,0.9426213754697089
olmixq_t9_kl0p01_cap12,mt_mbpp_bash,0.9294041641358831
olmixq_t9_kl0p01_cap12,mt_mbpp_c,0.5565049777647163
olmixq_t9_kl0p01_cap12,mt_mbpp_cpp,0.5271220626197537
olmixq_t9_kl0p01_cap12,mt_mbpp_csharp,0.44883544315682655
olmixq_t9_kl0p01_cap12,mt_mbpp_go,0.6172706058647185
olmixq_t9_kl0p01_cap12,mt_mbpp_haskell,1.593112703889434
olmixq_t9_kl0p01_cap12,mt_mbpp_java,0.397378648411866
olmixq_t9_kl0p01_cap12,mt_mbpp_javascript,0.6386221655982176
olmixq_t9_kl0p01_cap12,mt_mbpp_matlab,1.1543026073174314
olmixq_t9_kl0p01_cap12,mt_mbpp_php,0.5765304685968412
olmixq_t9_kl0p01_cap12,mt_mbpp_python,0.9417128628312392
olmixq_t9_kl0p01_cap12,mt_mbpp_r,1.054146796657263
olmixq_t9_kl0p01_cap12,mt_mbpp_ruby,0.9547948237898293
olmixq_t9_kl0p01_cap12,mt_mbpp_rust,0.7798721151489418
olmixq_t9_kl0p01_cap12,mt_mbpp_scala,1.0995522576793777
olmixq_t9_kl0p01_cap12,mt_mbpp_swift,0.6760499717099492
olmixq_t9_kl0p01_cap12,mt_mbpp_typescript,0.5867851699647775
olmixq_t9_kl0p01_cap12,arc_easy,1.0677899202852612
olmixq_t9_kl0p01_cap12,arc_challenge,1.2167056892487442
olmixq_t9_kl0p01_cap12,mmlu_stem,1.7994411839423983
olmixq_t9_kl0p01_cap12,mmlu_humanities,1.02595093285488
olmixq_t9_kl0p01_cap12,mmlu_social_sciences,1.1841439782954315
olmixq_t9_kl0p01_cap12,mmlu_other,1.4059059754137098
olmixq_t9_kl0p01_cap12,csqa,1.5475808212260678
olmixq_t9_kl0p01_cap12,hellaswag,1.010546934247705
olmixq_t9_kl0p01_cap12,winogrande,1.405703483218812
olmixq_t9_kl0p01_cap12,socialiqa,1.3283712709587474
olmixq_t9_kl0p01_cap12,piqa,1.2913833414125426
olmixq_t9_kl0p01_cap12,coqa,0.801462925923116
olmixq_t9_kl0p01_cap12,drop,1.8088174010292848
olmixq_t9_kl0p01_cap12,jeopardy,1.5929885251966343
olmixq_t9_kl0p01_cap12,naturalqs,1.6268820149263994
olmixq_t9_kl0p01_cap12,squad,0.648223861428309
olmixq_t9_kl0p01_cap12,sciq,1.1715728688012303
olmixq_t9_kl0p01_cap12,basic_skills_arithmetic,2.0725463511509186
olmixq_t9_kl0p01_cap12,basic_skills_coding,0.8201137375568024
olmixq_t9_kl0p01_cap12,basic_skills_common_knowledge,1.1275919394717673
olmixq_t9_kl0p01_cap12,basic_skills_logical_reasoning,0.3694982130058646
olmixq_t9_kl0p01_cap12,basic_skills_pattern,1.6201029314593756
olmixq_t9_kl0p01_cap12,basic_skills_string_operations,2.672550686161646
olmixq_t9_kl0p01_cap12,lambada,1.0120102470607928
olmixq_t9_kl0p01_cap12,medmcqa,1.9090482510929208
olmixq_t9_kl0p025_cap04,minerva_math_algebra,1.0429315630886518
olmixq_t9_kl0p025_cap04,minerva_math_counting_and_probability,0.9537558807443891
olmixq_t9_kl0p025_cap04,minerva_math_geometry,1.0406851456770672
olmixq_t9_kl0p025_cap04,minerva_math_intermediate_algebra,1.009471291347462
olmixq_t9_kl0p025_cap04,minerva_math_number_theory,1.0401031624975827
olmixq_t9_kl0p025_cap04,minerva_math_prealgebra,0.9673241315699677
olmixq_t9_kl0p025_cap04,minerva_math_precalculus,0.8639497182649254
olmixq_t9_kl0p025_cap04,codex_humaneval,0.8484335405634877
olmixq_t9_kl0p025_cap04,mbpp,0.9390399913700053
olmixq_t9_kl0p025_cap04,mt_mbpp_bash,0.992090528396171
olmixq_t9_kl0p025_cap04,mt_mbpp_c,0.5584845024481006
olmixq_t9_kl0p025_cap04,mt_mbpp_cpp,0.5358904406577991
olmixq_t9_kl0p025_cap04,mt_mbpp_csharp,0.45011397136672043
olmixq_t9_kl0p025_cap04,mt_mbpp_go,0.6518524916768113
olmixq_t9_kl0p025_cap04,mt_mbpp_haskell,1.5557701756882525
olmixq_t9_kl0p025_cap04,mt_mbpp_java,0.39785053536602216
olmixq_t9_kl0p025_cap04,mt_mbpp_javascript,0.659873006915892
olmixq_t9_kl0p025_cap04,mt_mbpp_matlab,1.1251555724930278
olmixq_t9_kl0p025_cap04,mt_mbpp_php,0.5940991211448127
olmixq_t9_kl0p025_cap04,mt_mbpp_python,0.9383929422917863
olmixq_t9_kl0p025_cap04,mt_mbpp_r,1.074399985082947
olmixq_t9_kl0p025_cap04,mt_mbpp_ruby,1.0126246861574684
olmixq_t9_kl0p025_cap04,mt_mbpp_rust,0.806415387377419
olmixq_t9_kl0p025_cap04,mt_mbpp_scala,1.1048092096202764
olmixq_t9_kl0p025_cap04,mt_mbpp_swift,0.6761468891658129
olmixq_t9_kl0p025_cap04,mt_mbpp_typescript,0.6194570969550911
olmixq_t9_kl0p025_cap04,arc_easy,1.1045539604625478
olmixq_t9_kl0p025_cap04,arc_challenge,1.2301873186332246
olmixq_t9_kl0p025_cap04,mmlu_stem,1.782333271000302
olmixq_t9_kl0p025_cap04,mmlu_humanities,1.0244232664755457
olmixq_t9_kl0p025_cap04,mmlu_social_sciences,1.1899763829588368
olmixq_t9_kl0p025_cap04,mmlu_other,1.3988351879736167
olmixq_t9_kl0p025_cap04,csqa,1.5742242513957585
olmixq_t9_kl0p025_cap04,hellaswag,1.0005145460155023
olmixq_t9_kl0p025_cap04,winogrande,1.4299098620311097
olmixq_t9_kl0p025_cap04,socialiqa,1.3337350495777849
olmixq_t9_kl0p025_cap04,piqa,1.2636299498897734
olmixq_t9_kl0p025_cap04,coqa,0.726691795766457
olmixq_t9_kl0p025_cap04,drop,1.7702196959341883
olmixq_t9_kl0p025_cap04,jeopardy,1.5473531215554885
olmixq_t9_kl0p025_cap04,naturalqs,1.598911704718602
olmixq_t9_kl0p025_cap04,squad,0.6057445248783363
olmixq_t9_kl0p025_cap04,sciq,1.2280670764023844
olmixq_t9_kl0p025_cap04,basic_skills_arithmetic,2.0548651055600224
olmixq_t9_kl0p025_cap04,basic_skills_coding,0.8085704771256429
olmixq_t9_kl0p025_cap04,basic_skills_common_knowledge,1.1206799701686634
olmixq_t9_kl0p025_cap04,basic_skills_logical_reasoning,0.43218997517028845
olmixq_t9_kl0p025_cap04,basic_skills_pattern,1.6953056006731642
olmixq_t9_kl0p025_cap04,basic_skills_string_operations,2.758550918716425
olmixq_t9_kl0p025_cap04,lambada,0.9923002581032115
olmixq_t9_kl0p025_cap04,medmcqa,1.8712126235037592
olmixq_t9_kl0p05_cap08,minerva_math_algebra,1.0598185571953767
olmixq_t9_kl0p05_cap08,minerva_math_counting_and_probability,0.9624754684095158
olmixq_t9_kl0p05_cap08,minerva_math_geometry,1.060595418095367
olmixq_t9_kl0p05_cap08,minerva_math_intermediate_algebra,1.0206713337836528
olmixq_t9_kl0p05_cap08,minerva_math_number_theory,1.051954913528998
olmixq_t9_kl0p05_cap08,minerva_math_prealgebra,0.9843489953149632
olmixq_t9_kl0p05_cap08,minerva_math_precalculus,0.8851108348171962
olmixq_t9_kl0p05_cap08,codex_humaneval,0.8344294554195324
olmixq_t9_kl0p05_cap08,mbpp,0.9394811254450058
olmixq_t9_kl0p05_cap08,mt_mbpp_bash,0.9937682459741253
olmixq_t9_kl0p05_cap08,mt_mbpp_c,0.5657358304258686
olmixq_t9_kl0p05_cap08,mt_mbpp_cpp,0.5362010677955152
olmixq_t9_kl0p05_cap08,mt_mbpp_csharp,0.45354732468745046
olmixq_t9_kl0p05_cap08,mt_mbpp_go,0.6606512046521632
olmixq_t9_kl0p05_cap08,mt_mbpp_haskell,1.5587942342576155
olmixq_t9_kl0p05_cap08,mt_mbpp_java,0.40366574839606933
olmixq_t9_kl0p05_cap08,mt_mbpp_javascript,0.6579801593285144
olmixq_t9_kl0p05_cap08,mt_mbpp_matlab,1.119962006234864
olmixq_t9_kl0p05_cap08,mt_mbpp_php,0.5954188525055335
olmixq_t9_kl0p05_cap08,mt_mbpp_python,0.9385664559115943
olmixq_t9_kl0p05_cap08,mt_mbpp_r,1.0691920376939759
olmixq_t9_kl0p05_cap08,mt_mbpp_ruby,0.9656649510715024
olmixq_t9_kl0p05_cap08,mt_mbpp_rust,0.7815619307731255
olmixq_t9_kl0p05_cap08,mt_mbpp_scala,1.1180047967188629
olmixq_t9_kl0p05_cap08,mt_mbpp_swift,0.7126636773360983
olmixq_t9_kl0p05_cap08,mt_mbpp_typescript,0.6143031333058362
olmixq_t9_kl0p05_cap08,arc_easy,1.1295026139698314
olmixq_t9_kl0p05_cap08,arc_challenge,1.2688650687551408
olmixq_t9_kl0p05_cap08,mmlu_stem,1.8125857273326906
olmixq_t9_kl0p05_cap08,mmlu_humanities,1.0198282797041132
olmixq_t9_kl0p05_cap08,mmlu_social_sciences,1.2043698833926333
olmixq_t9_kl0p05_cap08,mmlu_other,1.4194048854988863
olmixq_t9_kl0p05_cap08,csqa,1.5172308906159957
olmixq_t9_kl0p05_cap08,hellaswag,0.9971026935904758
olmixq_t9_kl0p05_cap08,winogrande,1.433035768494006
olmixq_t9_kl0p05_cap08,socialiqa,1.3579101091027073
olmixq_t9_kl0p05_cap08,piqa,1.2846248459188638
olmixq_t9_kl0p05_cap08,coqa,0.7521471008235914
olmixq_t9_kl0p05_cap08,drop,1.8162417373698398
olmixq_t9_kl0p05_cap08,jeopardy,1.5872809564291201
olmixq_t9_kl0p05_cap08,naturalqs,1.6458227747877139
olmixq_t9_kl0p05_cap08,squad,0.635815313257101
olmixq_t9_kl0p05_cap08,sciq,1.2248684343401417
olmixq_t9_kl0p05_cap08,basic_skills_arithmetic,2.111007920203545
olmixq_t9_kl0p05_cap08,basic_skills_coding,0.821007655485706
olmixq_t9_kl0p05_cap08,basic_skills_common_knowledge,1.0719623228243789
olmixq_t9_kl0p05_cap08,basic_skills_logical_reasoning,0.4677755459461319
olmixq_t9_kl0p05_cap08,basic_skills_pattern,1.6914907464888218
olmixq_t9_kl0p05_cap08,basic_skills_string_operations,2.7260962535343305
olmixq_t9_kl0p05_cap08,lambada,0.999153598105381
olmixq_t9_kl0p05_cap08,medmcqa,1.8774454223969212
olmixq_t9_kl0p075_cap04,minerva_math_algebra,1.050082444637234
olmixq_t9_kl0p075_cap04,minerva_math_counting_and_probability,0.9558403526722146
olmixq_t9_kl0p075_cap04,minerva_math_geometry,1.0714262677245323
olmixq_t9_kl0p075_cap04,minerva_math_intermediate_algebra,1.0208577666031882
olmixq_t9_kl0p075_cap04,minerva_math_number_theory,1.0445355898549173
olmixq_t9_kl0p075_cap04,minerva_math_prealgebra,0.9746476342604523
olmixq_t9_kl0p075_cap04,minerva_math_precalculus,0.8896422252315637
olmixq_t9_kl0p075_cap04,codex_humaneval,0.8108579299900108
olmixq_t9_kl0p075_cap04,mbpp,0.9658013662239529
olmixq_t9_kl0p075_cap04,mt_mbpp_bash,1.0184742253087835
olmixq_t9_kl0p075_cap04,mt_mbpp_c,0.5717720299332124
olmixq_t9_kl0p075_cap04,mt_mbpp_cpp,0.5494776339789178
olmixq_t9_kl0p075_cap04,mt_mbpp_csharp,0.44960416941255726
olmixq_t9_kl0p075_cap04,mt_mbpp_go,0.6519211540192744
olmixq_t9_kl0p075_cap04,mt_mbpp_haskell,1.5538493961461723
olmixq_t9_kl0p075_cap04,mt_mbpp_java,0.4055314903951483
olmixq_t9_kl0p075_cap04,mt_mbpp_javascript,0.6851674443663801
olmixq_t9_kl0p075_cap04,mt_mbpp_matlab,1.1169950888872708
olmixq_t9_kl0p075_cap04,mt_mbpp_php,0.6035702980555582
olmixq_t9_kl0p075_cap04,mt_mbpp_python,0.9627463966172183
olmixq_t9_kl0p075_cap04,mt_mbpp_r,1.0746390049322958
olmixq_t9_kl0p075_cap04,mt_mbpp_ruby,1.0047602353006357
olmixq_t9_kl0p075_cap04,mt_mbpp_rust,0.8156354655756626
olmixq_t9_kl0p075_cap04,mt_mbpp_scala,1.1181565682490648
olmixq_t9_kl0p075_cap04,mt_mbpp_swift,0.7182383179707065
olmixq_t9_kl0p075_cap04,mt_mbpp_typescript,0.643367894791304
olmixq_t9_kl0p075_cap04,arc_easy,1.1217728604711619
olmixq_t9_kl0p075_cap04,arc_challenge,1.242415753904026
olmixq_t9_kl0p075_cap04,mmlu_stem,1.8320332529052308
olmixq_t9_kl0p075_cap04,mmlu_humanities,1.0314022114022376
olmixq_t9_kl0p075_cap04,mmlu_social_sciences,1.1956938584614636
olmixq_t9_kl0p075_cap04,mmlu_other,1.424787554148069
olmixq_t9_kl0p075_cap04,csqa,1.5069513235233147
olmixq_t9_kl0p075_cap04,hellaswag,0.9996637695629581
olmixq_t9_kl0p075_cap04,winogrande,1.412561413373908
olmixq_t9_kl0p075_cap04,socialiqa,1.3397062046032078
olmixq_t9_kl0p075_cap04,piqa,1.2771409193778946
olmixq_t9_kl0p075_cap04,coqa,0.7947145082694588
olmixq_t9_kl0p075_cap04,drop,1.8327438096603745
olmixq_t9_kl0p075_cap04,jeopardy,1.5791199517030952
olmixq_t9_kl0p075_cap04,naturalqs,1.6143873548581278
olmixq_t9_kl0p075_cap04,squad,0.6540717222957914
olmixq_t9_kl0p075_cap04,sciq,1.1924165331565388
olmixq_t9_kl0p075_cap04,basic_skills_arithmetic,2.097827941326791
olmixq_t9_kl0p075_cap04,basic_skills_coding,0.85034185027005
olmixq_t9_kl0p075_cap04,basic_skills_common_knowledge,1.1181264234790393
olmixq_t9_kl0p075_cap04,basic_skills_logical_reasoning,0.4622040884671378
olmixq_t9_kl0p075_cap04,basic_skills_pattern,1.6308659627881845
olmixq_t9_kl0p075_cap04,basic_skills_string_operations,2.8444508782154627
olmixq_t9_kl0p075_cap04,lambada,0.9896067588591908
olmixq_t9_kl0p075_cap04,medmcqa,1.924348995530393
olmixq_t9_kl0p05_cap04,minerva_math_algebra,1.0412308215028347
olmixq_t9_kl0p05_cap04,minerva_math_counting_and_probability,0.9513403537082832
olmixq_t9_kl0p05_cap04,minerva_math_geometry,1.0646972902419913
olmixq_t9_kl0p05_cap04,minerva_math_intermediate_algebra,1.0218961608446175
olmixq_t9_kl0p05_cap04,minerva_math_number_theory,1.0393476981871188
olmixq_t9_kl0p05_cap04,minerva_math_prealgebra,0.965218900992228
olmixq_t9_kl0p05_cap04,minerva_math_precalculus,0.8864925689703423
olmixq_t9_kl0p05_cap04,codex_humaneval,0.8097303717550304
olmixq_t9_kl0p05_cap04,mbpp,0.954806120064703
olmixq_t9_kl0p05_cap04,mt_mbpp_bash,1.0117947894346562
olmixq_t9_kl0p05_cap04,mt_mbpp_c,0.5650760767055716
olmixq_t9_kl0p05_cap04,mt_mbpp_cpp,0.5377723209397071
olmixq_t9_kl0p05_cap04,mt_mbpp_csharp,0.4568606882200516
olmixq_t9_kl0p05_cap04,mt_mbpp_go,0.6648151155311591
olmixq_t9_kl0p05_cap04,mt_mbpp_haskell,1.5409359286442086
olmixq_t9_kl0p05_cap04,mt_mbpp_java,0.40383937465509767
olmixq_t9_kl0p05_cap04,mt_mbpp_javascript,0.6683700687884125
olmixq_t9_kl0p05_cap04,mt_mbpp_matlab,1.1029582606292492
olmixq_t9_kl0p05_cap04,mt_mbpp_php,0.6080086916759772
olmixq_t9_kl0p05_cap04,mt_mbpp_python,0.9516153277521714
olmixq_t9_kl0p05_cap04,mt_mbpp_r,1.0685797930164382
olmixq_t9_kl0p05_cap04,mt_mbpp_ruby,0.976205823562577
olmixq_t9_kl0p05_cap04,mt_mbpp_rust,0.7978652051003017
olmixq_t9_kl0p05_cap04,mt_mbpp_scala,1.1123181925127896
olmixq_t9_kl0p05_cap04,mt_mbpp_swift,0.7090484112448803
olmixq_t9_kl0p05_cap04,mt_mbpp_typescript,0.6348740729236624
olmixq_t9_kl0p05_cap04,arc_easy,1.1691288426257767
olmixq_t9_kl0p05_cap04,arc_challenge,1.280069773977772
olmixq_t9_kl0p05_cap04,mmlu_stem,1.7914889672443222
olmixq_t9_kl0p05_cap04,mmlu_humanities,1.0188530776661755
olmixq_t9_kl0p05_cap04,mmlu_social_sciences,1.1973599416210783
olmixq_t9_kl0p05_cap04,mmlu_other,1.4098836409161926
olmixq_t9_kl0p05_cap04,csqa,1.514172119373843
olmixq_t9_kl0p05_cap04,hellaswag,0.9994695261941364
olmixq_t9_kl0p05_cap04,winogrande,1.427053800754501
olmixq_t9_kl0p05_cap04,socialiqa,1.3381921320815344
olmixq_t9_kl0p05_cap04,piqa,1.2768048984052804
olmixq_t9_kl0p05_cap04,coqa,0.8078845216484856
olmixq_t9_kl0p05_cap04,drop,1.7452133659984816
olmixq_t9_kl0p05_cap04,jeopardy,1.6358261457518668
olmixq_t9_kl0p05_cap04,naturalqs,1.6075262831765078
olmixq_t9_kl0p05_cap04,squad,0.6445625659739431
olmixq_t9_kl0p05_cap04,sciq,1.2248261417528457
olmixq_t9_kl0p05_cap04,basic_skills_arithmetic,2.1667975334035154
olmixq_t9_kl0p05_cap04,basic_skills_coding,0.8479615304273386
olmixq_t9_kl0p05_cap04,basic_skills_common_knowledge,1.0957485690819266
olmixq_t9_kl0p05_cap04,basic_skills_logical_reasoning,0.41965404478444795
olmixq_t9_kl0p05_cap04,basic_skills_pattern,1.6170174399854296
olmixq_t9_kl0p05_cap04,basic_skills_string_operations,2.8486122001272083
olmixq_t9_kl0p05_cap04,lambada,0.9911030789653675
olmixq_t9_kl0p05_cap04,medmcqa,1.8686371845258636
olmixq_t9_kl0p075_cap08,minerva_math_algebra,1.0553437414742144
olmixq_t9_kl0p075_cap08,minerva_math_counting_and_probability,0.9540786699615946
olmixq_t9_kl0p075_cap08,minerva_math_geometry,1.0622237746644558
olmixq_t9_kl0p075_cap08,minerva_math_intermediate_algebra,1.0128099645777626
olmixq_t9_kl0p075_cap08,minerva_math_number_theory,1.0473261117413692
olmixq_t9_kl0p075_cap08,minerva_math_prealgebra,0.9779320540983193
olmixq_t9_kl0p075_cap08,minerva_math_precalculus,0.8793225686287707
olmixq_t9_kl0p075_cap08,codex_humaneval,0.8472046836038777
olmixq_t9_kl0p075_cap08,mbpp,0.9696223382670279
olmixq_t9_kl0p075_cap08,mt_mbpp_bash,1.0177632149906954
olmixq_t9_kl0p075_cap08,mt_mbpp_c,0.5665782243531925
olmixq_t9_kl0p075_cap08,mt_mbpp_cpp,0.5407751370031828
olmixq_t9_kl0p075_cap08,mt_mbpp_csharp,0.4626075800732798
olmixq_t9_kl0p075_cap08,mt_mbpp_go,0.6491481781822143
olmixq_t9_kl0p075_cap08,mt_mbpp_haskell,1.5776740963266245
olmixq_t9_kl0p075_cap08,mt_mbpp_java,0.40698891132162435
olmixq_t9_kl0p075_cap08,mt_mbpp_javascript,0.6733962168329678
olmixq_t9_kl0p075_cap08,mt_mbpp_matlab,1.1356508290050067
olmixq_t9_kl0p075_cap08,mt_mbpp_php,0.5945324661336845
olmixq_t9_kl0p075_cap08,mt_mbpp_python,0.9684323103936809
olmixq_t9_kl0p075_cap08,mt_mbpp_r,1.0708252804713996
olmixq_t9_kl0p075_cap08,mt_mbpp_ruby,0.9925324633792776
olmixq_t9_kl0p075_cap08,mt_mbpp_rust,0.8093363989443391
olmixq_t9_kl0p075_cap08,mt_mbpp_scala,1.1285596588246742
olmixq_t9_kl0p075_cap08,mt_mbpp_swift,0.7296522958866486
olmixq_t9_kl0p075_cap08,mt_mbpp_typescript,0.6317059255638005
olmixq_t9_kl0p075_cap08,arc_easy,1.1395008051976623
olmixq_t9_kl0p075_cap08,arc_challenge,1.258680236194789
olmixq_t9_kl0p075_cap08,mmlu_stem,1.8101363050858976
olmixq_t9_kl0p075_cap08,mmlu_humanities,1.0258045145632786
olmixq_t9_kl0p075_cap08,mmlu_social_sciences,1.1913997472949338
olmixq_t9_kl0p075_cap08,mmlu_other,1.4171759038282858
olmixq_t9_kl0p075_cap08,csqa,1.4981575489745527
olmixq_t9_kl0p075_cap08,hellaswag,0.9985766829083029
olmixq_t9_kl0p075_cap08,winogrande,1.427413839259437
olmixq_t9_kl0p075_cap08,socialiqa,1.3084324474607805
olmixq_t9_kl0p075_cap08,piqa,1.2950161189248834
olmixq_t9_kl0p075_cap08,coqa,0.792503093112931
olmixq_t9_kl0p075_cap08,drop,1.8052438316774866
olmixq_t9_kl0p075_cap08,jeopardy,1.5742313079460963
olmixq_t9_kl0p075_cap08,naturalqs,1.6029280962713968
olmixq_t9_kl0p075_cap08,squad,0.659213103374393
olmixq_t9_kl0p075_cap08,sciq,1.205765550858926
olmixq_t9_kl0p075_cap08,basic_skills_arithmetic,2.0376013789818064
olmixq_t9_kl0p075_cap08,basic_skills_coding,0.8151301880443824
olmixq_t9_kl0p075_cap08,basic_skills_common_knowledge,1.082641788025372
olmixq_t9_kl0p075_cap08,basic_skills_logical_reasoning,0.416437280471141
olmixq_t9_kl0p075_cap08,basic_skills_pattern,1.5682383495854788
olmixq_t9_kl0p075_cap08,basic_skills_string_operations,2.6265825941798293
olmixq_t9_kl0p075_cap08,lambada,0.987328373095095
olmixq_t9_kl0p075_cap08,medmcqa,1.902807018221119
olmixq_t9_kl0p1_cap04,minerva_math_algebra,1.0643355627335105
olmixq_t9_kl0p1_cap04,minerva_math_counting_and_probability,0.973398811989084
olmixq_t9_kl0p1_cap04,minerva_math_geometry,1.0808316631576123
olmixq_t9_kl0p1_cap04,minerva_math_intermediate_algebra,1.0291761961970745
olmixq_t9_kl0p1_cap04,minerva_math_number_theory,1.0557763338089488
olmixq_t9_kl0p1_cap04,minerva_math_prealgebra,0.991741750257631
olmixq_t9_kl0p1_cap04,minerva_math_precalculus,0.8913183544894641
olmixq_t9_kl0p1_cap04,codex_humaneval,0.8439995014629643
olmixq_t9_kl0p1_cap04,mbpp,0.9716646139331244
olmixq_t9_kl0p1_cap04,mt_mbpp_bash,1.0236252637067786
olmixq_t9_kl0p1_cap04,mt_mbpp_c,0.5735073920044065
olmixq_t9_kl0p1_cap04,mt_mbpp_cpp,0.5436844652280654
olmixq_t9_kl0p1_cap04,mt_mbpp_csharp,0.46051655973390376
olmixq_t9_kl0p1_cap04,mt_mbpp_go,0.6600958544718222
olmixq_t9_kl0p1_cap04,mt_mbpp_haskell,1.556050223443253
olmixq_t9_kl0p1_cap04,mt_mbpp_java,0.41457294667514843
olmixq_t9_kl0p1_cap04,mt_mbpp_javascript,0.6699815183835192
olmixq_t9_kl0p1_cap04,mt_mbpp_matlab,1.122845626286426
olmixq_t9_kl0p1_cap04,mt_mbpp_php,0.6062740957947932
olmixq_t9_kl0p1_cap04,mt_mbpp_python,0.9710604214673856
olmixq_t9_kl0p1_cap04,mt_mbpp_r,1.0978229329139833
olmixq_t9_kl0p1_cap04,mt_mbpp_ruby,0.9879965466874845
olmixq_t9_kl0p1_cap04,mt_mbpp_rust,0.8192418685626569
olmixq_t9_kl0p1_cap04,mt_mbpp_scala,1.1136735304659928
olmixq_t9_kl0p1_cap04,mt_mbpp_swift,0.7268260882289774
olmixq_t9_kl0p1_cap04,mt_mbpp_typescript,0.6319758449757145
olmixq_t9_kl0p1_cap04,arc_easy,1.1015531114763937
olmixq_t9_kl0p1_cap04,arc_challenge,1.2418131368634344
olmixq_t9_kl0p1_cap04,mmlu_stem,1.8274594777352413
olmixq_t9_kl0p1_cap04,mmlu_humanities,1.0315464519138984
olmixq_t9_kl0p1_cap04,mmlu_social_sciences,1.192734632594954
olmixq_t9_kl0p1_cap04,mmlu_other,1.4198339220510507
olmixq_t9_kl0p1_cap04,csqa,1.4579431326516503
olmixq_t9_kl0p1_cap04,hellaswag,1.001201647677704
olmixq_t9_kl0p1_cap04,winogrande,1.4298842809846852
olmixq_t9_kl0p1_cap04,socialiqa,1.2956705922224263
olmixq_t9_kl0p1_cap04,piqa,1.2926606905784477
olmixq_t9_kl0p1_cap04,coqa,0.76096045304556
olmixq_t9_kl0p1_cap04,drop,1.7977402451393234
olmixq_t9_kl0p1_cap04,jeopardy,1.6377473658755717
olmixq_t9_kl0p1_cap04,naturalqs,1.6136621972135867
olmixq_t9_kl0p1_cap04,squad,0.6396485854317864
olmixq_t9_kl0p1_cap04,sciq,1.2103268631785549
olmixq_t9_kl0p1_cap04,basic_skills_arithmetic,2.1414641206552982
olmixq_t9_kl0p1_cap04,basic_skills_coding,0.8466494396114144
olmixq_t9_kl0p1_cap04,basic_skills_common_knowledge,1.1586810754216512
olmixq_t9_kl0p1_cap04,basic_skills_logical_reasoning,0.41382563460714966
olmixq_t9_kl0p1_cap04,basic_skills_pattern,1.5715537138071267
olmixq_t9_kl0p1_cap04,basic_skills_string_operations,2.906754906588481
olmixq_t9_kl0p1_cap04,lambada,0.9945075237860143
olmixq_t9_kl0p1_cap04,medmcqa,1.888900745789685
olmixq_t9_kl0p2_cap04,minerva_math_algebra,1.081816452220482
olmixq_t9_kl0p2_cap04,minerva_math_counting_and_probability,0.9852759601149728
olmixq_t9_kl0p2_cap04,minerva_math_geometry,1.1037164791102194
olmixq_t9_kl0p2_cap04,minerva_math_intermediate_algebra,1.0496674551882175
olmixq_t9_kl0p2_cap04,minerva_math_number_theory,1.0704429993529692
olmixq_t9_kl0p2_cap04,minerva_math_prealgebra,1.004273010859281
olmixq_t9_kl0p2_cap04,minerva_math_precalculus,0.9170545840944008
olmixq_t9_kl0p2_cap04,codex_humaneval,0.847293662909428
olmixq_t9_kl0p2_cap04,mbpp,0.9890141667830293
olmixq_t9_kl0p2_cap04,mt_mbpp_bash,1.063979382439693
olmixq_t9_kl0p2_cap04,mt_mbpp_c,0.5860183809022683
olmixq_t9_kl0p2_cap04,mt_mbpp_cpp,0.556949331101212
olmixq_t9_kl0p2_cap04,mt_mbpp_csharp,0.4819123744824509
olmixq_t9_kl0p2_cap04,mt_mbpp_go,0.7238508316630429
olmixq_t9_kl0p2_cap04,mt_mbpp_haskell,1.5682070379734083
olmixq_t9_kl0p2_cap04,mt_mbpp_java,0.4295762582946373
olmixq_t9_kl0p2_cap04,mt_mbpp_javascript,0.7051398218545054
olmixq_t9_kl0p2_cap04,mt_mbpp_matlab,1.1435276475842837
olmixq_t9_kl0p2_cap04,mt_mbpp_php,0.6327113593333643
olmixq_t9_kl0p2_cap04,mt_mbpp_python,0.9891093036241966
olmixq_t9_kl0p2_cap04,mt_mbpp_r,1.1198908257474656
olmixq_t9_kl0p2_cap04,mt_mbpp_ruby,1.0479776792001871
olmixq_t9_kl0p2_cap04,mt_mbpp_rust,0.8382373170510099
olmixq_t9_kl0p2_cap04,mt_mbpp_scala,1.1920741523736222
olmixq_t9_kl0p2_cap04,mt_mbpp_swift,0.7476044477839456
olmixq_t9_kl0p2_cap04,mt_mbpp_typescript,0.6704617771783578
olmixq_t9_kl0p2_cap04,arc_easy,1.1377936819420515
olmixq_t9_kl0p2_cap04,arc_challenge,1.2648306847668707
olmixq_t9_kl0p2_cap04,mmlu_stem,1.8427136111515707
olmixq_t9_kl0p2_cap04,mmlu_humanities,1.02793674051285
olmixq_t9_kl0p2_cap04,mmlu_social_sciences,1.189733193938148
olmixq_t9_kl0p2_cap04,mmlu_other,1.4208822632822635
olmixq_t9_kl0p2_cap04,csqa,1.4619086539334993
olmixq_t9_kl0p2_cap04,hellaswag,0.992994933911951
olmixq_t9_kl0p2_cap04,winogrande,1.413184441994743
olmixq_t9_kl0p2_cap04,socialiqa,1.3065692542735459
olmixq_t9_kl0p2_cap04,piqa,1.271453069849653
olmixq_t9_kl0p2_cap04,coqa,0.8807110324438723
olmixq_t9_kl0p2_cap04,drop,1.8131874628799198
olmixq_t9_kl0p2_cap04,jeopardy,1.6273607519605564
olmixq_t9_kl0p2_cap04,naturalqs,1.6103836419117623
olmixq_t9_kl0p2_cap04,squad,0.6324342715661212
olmixq_t9_kl0p2_cap04,sciq,1.2140083629840486
olmixq_t9_kl0p2_cap04,basic_skills_arithmetic,2.11841303365323
olmixq_t9_kl0p2_cap04,basic_skills_coding,0.9084527856707417
olmixq_t9_kl0p2_cap04,basic_skills_common_knowledge,1.1553965461498035
olmixq_t9_kl0p2_cap04,basic_skills_logical_reasoning,0.44833982940801254
olmixq_t9_kl0p2_cap04,basic_skills_pattern,1.6883282635553347
olmixq_t9_kl0p2_cap04,basic_skills_string_operations,2.874534709936961
olmixq_t9_kl0p2_cap04,lambada,0.9917071280180783
olmixq_t9_kl0p2_cap04,medmcqa,1.9001372112076997
olmixq_t9_kl0p5_cap04,minerva_math_algebra,1.1009451514857094
olmixq_t9_kl0p5_cap04,minerva_math_counting_and_probability,0.9918365823570753
olmixq_t9_kl0p5_cap04,minerva_math_geometry,1.1203765267366694
olmixq_t9_kl0p5_cap04,minerva_math_intermediate_algebra,1.0704195405536387
olmixq_t9_kl0p5_cap04,minerva_math_number_theory,1.0824677802022447
olmixq_t9_kl0p5_cap04,minerva_math_prealgebra,1.018896998664813
olmixq_t9_kl0p5_cap04,minerva_math_precalculus,0.9361533381080969
olmixq_t9_kl0p5_cap04,codex_humaneval,0.9092762797195265
olmixq_t9_kl0p5_cap04,mbpp,1.0276666079259575
olmixq_t9_kl0p5_cap04,mt_mbpp_bash,1.0990124076729104
olmixq_t9_kl0p5_cap04,mt_mbpp_c,0.6131641930033339
olmixq_t9_kl0p5_cap04,mt_mbpp_cpp,0.580633665132564
olmixq_t9_kl0p5_cap04,mt_mbpp_csharp,0.49041268832244134
olmixq_t9_kl0p5_cap04,mt_mbpp_go,0.7230272665632893
olmixq_t9_kl0p5_cap04,mt_mbpp_haskell,1.6194909973759206
olmixq_t9_kl0p5_cap04,mt_mbpp_java,0.4426191092804283
olmixq_t9_kl0p5_cap04,mt_mbpp_javascript,0.7245118540754629
olmixq_t9_kl0p5_cap04,mt_mbpp_matlab,1.158611657692369
olmixq_t9_kl0p5_cap04,mt_mbpp_php,0.6531007139015358
olmixq_t9_kl0p5_cap04,mt_mbpp_python,1.0292296630564484
olmixq_t9_kl0p5_cap04,mt_mbpp_r,1.1533897674523053
olmixq_t9_kl0p5_cap04,mt_mbpp_ruby,1.0518661367202333
olmixq_t9_kl0p5_cap04,mt_mbpp_rust,0.9010433627037939
olmixq_t9_kl0p5_cap04,mt_mbpp_scala,1.2080165082891172
olmixq_t9_kl0p5_cap04,mt_mbpp_swift,0.7928511635431663
olmixq_t9_kl0p5_cap04,mt_mbpp_typescript,0.68556180110192
olmixq_t9_kl0p5_cap04,arc_easy,1.1165867391359174
olmixq_t9_kl0p5_cap04,arc_challenge,1.2446449891846245
olmixq_t9_kl0p5_cap04,mmlu_stem,1.829649655648474
olmixq_t9_kl0p5_cap04,mmlu_humanities,1.004168179575196
olmixq_t9_kl0p5_cap04,mmlu_social_sciences,1.182604269240325
olmixq_t9_kl0p5_cap04,mmlu_other,1.4158995398693957
olmixq_t9_kl0p5_cap04,csqa,1.4180386548281698
olmixq_t9_kl0p5_cap04,hellaswag,0.9926787235599026
olmixq_t9_kl0p5_cap04,winogrande,1.401207704470284
olmixq_t9_kl0p5_cap04,socialiqa,1.3119127862197497
olmixq_t9_kl0p5_cap04,piqa,1.2759216181293405
olmixq_t9_kl0p5_cap04,coqa,0.8379148027738779
olmixq_t9_kl0p5_cap04,drop,1.880974244297349
olmixq_t9_kl0p5_cap04,jeopardy,1.5993194847053651
olmixq_t9_kl0p5_cap04,naturalqs,1.657414298977882
olmixq_t9_kl0p5_cap04,squad,0.6584949683838571
olmixq_t9_kl0p5_cap04,sciq,1.1692756683647214
olmixq_t9_kl0p5_cap04,basic_skills_arithmetic,2.1843120008309507
olmixq_t9_kl0p5_cap04,basic_skills_coding,0.8967889784691142
olmixq_t9_kl0p5_cap04,basic_skills_common_knowledge,1.1198808031591105
olmixq_t9_kl0p5_cap04,basic_skills_logical_reasoning,0.43944191291958384
olmixq_t9_kl0p5_cap04,basic_skills_pattern,1.5625109720912855
olmixq_t9_kl0p5_cap04,basic_skills_string_operations,2.9471054833035817
olmixq_t9_kl0p5_cap04,lambada,0.9873766935756578
olmixq_t9_kl0p5_cap04,medmcqa,1.8964829436933182
