{
  "model_id": "a3s_srg99_alt_C_finemath_stackfim",
  "train_regime": "seed7_train",
  "selected": false,
  "formula": "L(w,N,D,mu)=L_S2(w,N,D)+r_semantic_pruned(w)+Phi_sparse(w)",
  "constant_count": 99,
  "fitted_param_count": 82,
  "s2_base_constant_count": 61,
  "s2_base_fitted_param_count": 52,
  "residual_feature_count": 30,
  "residual_ridge": 3.0,
  "residual_feature_names": [
    "intercept",
    "p0_broad_text_share",
    "p0_tech_code_share",
    "p0_reasoning_share",
    "p1_broad_text_share",
    "p1_tech_code_share",
    "p1_reasoning_share",
    "p0_sqrt_broad_text",
    "p0_sqrt_tech_code",
    "p0_sqrt_reasoning",
    "p1_sqrt_broad_text",
    "p1_sqrt_tech_code",
    "p1_sqrt_reasoning",
    "p0_domain_entropy_norm",
    "p0_family_entropy_norm",
    "p0_max_weight",
    "p1_domain_entropy_norm",
    "p1_family_entropy_norm",
    "p1_max_weight",
    "p1_dolma3_stack_edu",
    "p1_dolma3_arxiv",
    "p1_dolma3_wikipedia",
    "p1_dolmino_common_crawl_hq",
    "p1_dolmino_olmocr_pdfs_hq",
    "p1_dolmino_stem_heavy_crawl",
    "p1_dolmino_synth_code",
    "p1_dolmino_synth_instruction",
    "p1_dolmino_synth_math",
    "p1_dolmino_synth_qa",
    "p1_dolmino_synth_thinking"
  ],
  "residual_dropped_feature_names": [
    "p1_dolma3_finemath_3plus",
    "p1_dolmino_stack_edu_fim"
  ],
  "residual_keep_indices_in_mrc32": [
    0,
    1,
    2,
    3,
    4,
    5,
    6,
    7,
    8,
    9,
    10,
    11,
    12,
    13,
    14,
    15,
    16,
    17,
    18,
    19,
    20,
    22,
    23,
    24,
    26,
    27,
    28,
    29,
    30,
    31
  ],
  "residual_center": [
    0.0,
    0.7279548260007356,
    0.1972563521992257,
    0.07478882180003844,
    0.7325573160319535,
    0.19381327663158693,
    0.0736294073364592,
    0.85173969481453,
    0.4354759890164225,
    0.2630876209610803,
    0.8528492103418682,
    0.42995822078098417,
    0.25969502296284863,
    0.8757236474752804,
    0.6500768625248227,
    0.12321798151653665,
    0.8756132426817342,
    0.6376772963757754,
    0.12365489459481721,
    0.027272071626599968,
    0.025332758972167278,
    0.036438611447682075,
    0.027818447536633546,
    0.025123899156729204,
    0.03193888153772288,
    0.025272028071146556,
    0.024521775628849225,
    0.025542397780414495,
    0.02394649479891913,
    0.025161136908690856
  ],
  "residual_scale": [
    1.0,
    0.08377900233521972,
    0.07619969568817692,
    0.04330428351626599,
    0.0928565579459176,
    0.09115517701141328,
    0.04169112895813025,
    0.04994315046116462,
    0.087275513114469,
    0.0746573874246703,
    0.07214943139904227,
    0.09460023791956111,
    0.07866322129676999,
    0.027661297022099716,
    0.11500752890384443,
    0.035275343143110274,
    0.06277587446168405,
    0.12267515887540742,
    0.06606665845346406,
    0.029514965186901873,
    0.026953572232716418,
    0.036141754481266254,
    0.031069149169718337,
    0.02396257130238012,
    0.030112255148065172,
    0.02768097510354432,
    0.02445245559834275,
    0.024975529584192007,
    0.024027010078963348,
    0.02713511571648552
  ],
  "residual_coefficients_standardized": [
    4.75593889780798e-05,
    -1.52733608820057e-05,
    -0.0008253817185600023,
    0.0014819185888103634,
    -0.0017126689063642702,
    0.0016043332845598055,
    0.0003067620217119393,
    0.00044980345359161883,
    0.00023321306032226242,
    -0.0008114114492085443,
    0.00031029224163097986,
    -0.0012371954135463694,
    -0.002568265437967927,
    -0.00010738481270858175,
    0.0001610386686252578,
    -0.0008286850399258392,
    0.002135216214599387,
    0.00028679873504276754,
    0.00031704283000311395,
    -0.0021441422135526386,
    -0.0005894442187285773,
    -0.0008695536018434958,
    -0.00041426644084731167,
    -0.002322024641314823,
    -0.0005996885405097873,
    -0.003108932870383588,
    0.0012652471724487083,
    0.0009143024731268995,
    -0.0009023311283348124,
    0.0001301329927381244
  ],
  "guardrail": {
    "constant_count": 8,
    "constants": {
      "broad_cap": 0.5,
      "broad_share_thr": 0.7,
      "tech_thr": 0.9,
      "reason_hi_thr": 0.2,
      "lam_broad": 8.0,
      "lam_tech": 5.0,
      "reason_floor": 0.015,
      "lam_floor": 0.5
    },
    "formula": "Phi=sum_p lam_broad[max_broad_p-cap]_+[broad_share_p-thr]_+ + lam_tech[p1_tech-thr]_+[p0_reason-thr]_+ + lam_floor[floor-p0_reason]_+"
  },
  "domain_names": [
    "dolma3_cc/art_and_design_high",
    "dolma3_cc/art_and_design_low",
    "dolma3_cc/crime_and_law_high",
    "dolma3_cc/crime_and_law_low",
    "dolma3_cc/education_and_jobs_high",
    "dolma3_cc/education_and_jobs_low",
    "dolma3_cc/electronics_and_hardware_high",
    "dolma3_cc/electronics_and_hardware_low",
    "dolma3_cc/entertainment_high",
    "dolma3_cc/entertainment_low",
    "dolma3_cc/finance_and_business_high",
    "dolma3_cc/finance_and_business_low",
    "dolma3_cc/food_and_dining_high",
    "dolma3_cc/food_and_dining_low",
    "dolma3_cc/games_high",
    "dolma3_cc/games_low",
    "dolma3_cc/health_high",
    "dolma3_cc/health_low",
    "dolma3_cc/history_and_geography_high",
    "dolma3_cc/history_and_geography_low",
    "dolma3_cc/industrial_high",
    "dolma3_cc/industrial_low",
    "dolma3_cc/literature_high",
    "dolma3_cc/literature_low",
    "dolma3_cc/science_math_and_technology_high",
    "dolma3_cc/science_math_and_technology_low",
    "dolma3_stack_edu",
    "dolma3_arxiv",
    "dolma3_finemath_3plus",
    "dolma3_wikipedia",
    "dolmino_common_crawl_hq",
    "dolmino_olmocr_pdfs_hq",
    "dolmino_stack_edu_fim",
    "dolmino_stem_heavy_crawl",
    "dolmino_synth_code",
    "dolmino_synth_instruction",
    "dolmino_synth_math",
    "dolmino_synth_qa",
    "dolmino_synth_thinking"
  ],
  "all_mrc32_feature_names": [
    "intercept",
    "p0_broad_text_share",
    "p0_tech_code_share",
    "p0_reasoning_share",
    "p1_broad_text_share",
    "p1_tech_code_share",
    "p1_reasoning_share",
    "p0_sqrt_broad_text",
    "p0_sqrt_tech_code",
    "p0_sqrt_reasoning",
    "p1_sqrt_broad_text",
    "p1_sqrt_tech_code",
    "p1_sqrt_reasoning",
    "p0_domain_entropy_norm",
    "p0_family_entropy_norm",
    "p0_max_weight",
    "p1_domain_entropy_norm",
    "p1_family_entropy_norm",
    "p1_max_weight",
    "p1_dolma3_stack_edu",
    "p1_dolma3_arxiv",
    "p1_dolma3_finemath_3plus",
    "p1_dolma3_wikipedia",
    "p1_dolmino_common_crawl_hq",
    "p1_dolmino_olmocr_pdfs_hq",
    "p1_dolmino_stack_edu_fim",
    "p1_dolmino_stem_heavy_crawl",
    "p1_dolmino_synth_code",
    "p1_dolmino_synth_instruction",
    "p1_dolmino_synth_math",
    "p1_dolmino_synth_qa",
    "p1_dolmino_synth_thinking"
  ],
  "s2_family_masks": {
    "broad_text": [
      0,
      1,
      2,
      3,
      4,
      5,
      6,
      7,
      8,
      9,
      10,
      11,
      12,
      13,
      14,
      15,
      16,
      17,
      18,
      19,
      20,
      21,
      22,
      23,
      24,
      25,
      29,
      30,
      31,
      33,
      37
    ],
    "tech_code": [
      26,
      27,
      28,
      32,
      34,
      36
    ],
    "reasoning": [
      35,
      38
    ]
  },
  "semantic_family_masks": {
    "broad_text": [
      0,
      1,
      2,
      3,
      4,
      5,
      6,
      7,
      8,
      9,
      10,
      11,
      12,
      13,
      14,
      15,
      16,
      17,
      18,
      19,
      20,
      21,
      22,
      23,
      24,
      25,
      29,
      30,
      31
    ],
    "tech_code": [
      26,
      27,
      28,
      32,
      33,
      34,
      36
    ],
    "reasoning": [
      35,
      37,
      38
    ]
  },
  "exponents": {
    "alpha": 0.2,
    "beta": 0.25,
    "gamma": 0.3,
    "delta": 0.65
  },
  "N0": 102648576.0,
  "D0": 5999951872.0
}
