{
  "model_id": "a3s_srg99_alt_C_finemath_stackfim",
  "train_regime": "all_non_900m_train",
  "selected": false,
  "formula": "L(w,N,D,mu)=L_S2(w,N,D)+r_semantic_pruned(w)+Phi_sparse(w)",
  "constant_count": 99,
  "fitted_param_count": 82,
  "s2_base_constant_count": 61,
  "s2_base_fitted_param_count": 52,
  "residual_feature_count": 30,
  "residual_ridge": 3.0,
  "residual_feature_names": [
    "intercept",
    "p0_broad_text_share",
    "p0_tech_code_share",
    "p0_reasoning_share",
    "p1_broad_text_share",
    "p1_tech_code_share",
    "p1_reasoning_share",
    "p0_sqrt_broad_text",
    "p0_sqrt_tech_code",
    "p0_sqrt_reasoning",
    "p1_sqrt_broad_text",
    "p1_sqrt_tech_code",
    "p1_sqrt_reasoning",
    "p0_domain_entropy_norm",
    "p0_family_entropy_norm",
    "p0_max_weight",
    "p1_domain_entropy_norm",
    "p1_family_entropy_norm",
    "p1_max_weight",
    "p1_dolma3_stack_edu",
    "p1_dolma3_arxiv",
    "p1_dolma3_wikipedia",
    "p1_dolmino_common_crawl_hq",
    "p1_dolmino_olmocr_pdfs_hq",
    "p1_dolmino_stem_heavy_crawl",
    "p1_dolmino_synth_code",
    "p1_dolmino_synth_instruction",
    "p1_dolmino_synth_math",
    "p1_dolmino_synth_qa",
    "p1_dolmino_synth_thinking"
  ],
  "residual_dropped_feature_names": [
    "p1_dolma3_finemath_3plus",
    "p1_dolmino_stack_edu_fim"
  ],
  "residual_keep_indices_in_mrc32": [
    0,
    1,
    2,
    3,
    4,
    5,
    6,
    7,
    8,
    9,
    10,
    11,
    12,
    13,
    14,
    15,
    16,
    17,
    18,
    19,
    20,
    22,
    23,
    24,
    26,
    27,
    28,
    29,
    30,
    31
  ],
  "residual_center": [
    0.0,
    0.7258973785674947,
    0.19897520839718444,
    0.07512741303532096,
    0.7368838717701514,
    0.19019511021620683,
    0.07292101801364162,
    0.8505189926460532,
    0.43760715790759797,
    0.264010647000275,
    0.8555588429948555,
    0.42584083194470257,
    0.25847451874484895,
    0.877039133410647,
    0.653326155395134,
    0.12207820410544225,
    0.8763567784767187,
    0.6323842664506457,
    0.12318747516508523,
    0.026910229345439084,
    0.025519911368699594,
    0.03664392113197945,
    0.027411607937618734,
    0.02546932156452418,
    0.031054128050433054,
    0.025059153007897166,
    0.0242997440347751,
    0.025230245518157446,
    0.023903256580578604,
    0.024718017398287866
  ],
  "residual_scale": [
    1.0,
    0.0839415155211227,
    0.07589784191560685,
    0.04252678472931423,
    0.09179380050361415,
    0.08921565604050666,
    0.04147825556081163,
    0.05014799812391669,
    0.08645914494845885,
    0.07365997085131878,
    0.07002098216574476,
    0.09409939460405928,
    0.07817890491213321,
    0.028222233227735944,
    0.11456310718477773,
    0.03525750923241242,
    0.06027640962255586,
    0.12347820079263794,
    0.06345757893529115,
    0.028405992436625015,
    0.026814239720166142,
    0.03625742211710647,
    0.030018602271802617,
    0.025058121530494887,
    0.02926162390288305,
    0.02902576473146561,
    0.02442627319922527,
    0.02438427731911952,
    0.02431280814377744,
    0.026390721392634948
  ],
  "residual_coefficients_standardized": [
    -4.420553048861678e-05,
    -0.0001757032180887724,
    -0.0005731851187057564,
    0.0013697792651621535,
    -0.001961605067347078,
    0.0018090568634448042,
    0.00045004277734813383,
    0.00011860212757891624,
    -6.445256995986058e-05,
    -0.0006254203377762881,
    0.0008380556930335045,
    -0.001098692014523764,
    -0.0027885087304865717,
    -0.00018185128052027554,
    -0.00044281321387627603,
    -0.0008836938758840526,
    0.002669990385906738,
    0.0005538304173775342,
    0.0010968321091914214,
    -0.002445376813879467,
    -0.0006859620495696263,
    -0.0006751570804202806,
    -0.0004076515180781914,
    -0.002705661249419662,
    -0.0007466541765883768,
    -0.003507116975466882,
    0.0012780723348210091,
    0.0007408446037784476,
    -0.0008216545550987963,
    0.00028135550982262184
  ],
  "guardrail": {
    "constant_count": 8,
    "constants": {
      "broad_cap": 0.5,
      "broad_share_thr": 0.7,
      "tech_thr": 0.9,
      "reason_hi_thr": 0.2,
      "lam_broad": 8.0,
      "lam_tech": 5.0,
      "reason_floor": 0.015,
      "lam_floor": 0.5
    },
    "formula": "Phi=sum_p lam_broad[max_broad_p-cap]_+[broad_share_p-thr]_+ + lam_tech[p1_tech-thr]_+[p0_reason-thr]_+ + lam_floor[floor-p0_reason]_+"
  },
  "domain_names": [
    "dolma3_cc/art_and_design_high",
    "dolma3_cc/art_and_design_low",
    "dolma3_cc/crime_and_law_high",
    "dolma3_cc/crime_and_law_low",
    "dolma3_cc/education_and_jobs_high",
    "dolma3_cc/education_and_jobs_low",
    "dolma3_cc/electronics_and_hardware_high",
    "dolma3_cc/electronics_and_hardware_low",
    "dolma3_cc/entertainment_high",
    "dolma3_cc/entertainment_low",
    "dolma3_cc/finance_and_business_high",
    "dolma3_cc/finance_and_business_low",
    "dolma3_cc/food_and_dining_high",
    "dolma3_cc/food_and_dining_low",
    "dolma3_cc/games_high",
    "dolma3_cc/games_low",
    "dolma3_cc/health_high",
    "dolma3_cc/health_low",
    "dolma3_cc/history_and_geography_high",
    "dolma3_cc/history_and_geography_low",
    "dolma3_cc/industrial_high",
    "dolma3_cc/industrial_low",
    "dolma3_cc/literature_high",
    "dolma3_cc/literature_low",
    "dolma3_cc/science_math_and_technology_high",
    "dolma3_cc/science_math_and_technology_low",
    "dolma3_stack_edu",
    "dolma3_arxiv",
    "dolma3_finemath_3plus",
    "dolma3_wikipedia",
    "dolmino_common_crawl_hq",
    "dolmino_olmocr_pdfs_hq",
    "dolmino_stack_edu_fim",
    "dolmino_stem_heavy_crawl",
    "dolmino_synth_code",
    "dolmino_synth_instruction",
    "dolmino_synth_math",
    "dolmino_synth_qa",
    "dolmino_synth_thinking"
  ],
  "all_mrc32_feature_names": [
    "intercept",
    "p0_broad_text_share",
    "p0_tech_code_share",
    "p0_reasoning_share",
    "p1_broad_text_share",
    "p1_tech_code_share",
    "p1_reasoning_share",
    "p0_sqrt_broad_text",
    "p0_sqrt_tech_code",
    "p0_sqrt_reasoning",
    "p1_sqrt_broad_text",
    "p1_sqrt_tech_code",
    "p1_sqrt_reasoning",
    "p0_domain_entropy_norm",
    "p0_family_entropy_norm",
    "p0_max_weight",
    "p1_domain_entropy_norm",
    "p1_family_entropy_norm",
    "p1_max_weight",
    "p1_dolma3_stack_edu",
    "p1_dolma3_arxiv",
    "p1_dolma3_finemath_3plus",
    "p1_dolma3_wikipedia",
    "p1_dolmino_common_crawl_hq",
    "p1_dolmino_olmocr_pdfs_hq",
    "p1_dolmino_stack_edu_fim",
    "p1_dolmino_stem_heavy_crawl",
    "p1_dolmino_synth_code",
    "p1_dolmino_synth_instruction",
    "p1_dolmino_synth_math",
    "p1_dolmino_synth_qa",
    "p1_dolmino_synth_thinking"
  ],
  "s2_family_masks": {
    "broad_text": [
      0,
      1,
      2,
      3,
      4,
      5,
      6,
      7,
      8,
      9,
      10,
      11,
      12,
      13,
      14,
      15,
      16,
      17,
      18,
      19,
      20,
      21,
      22,
      23,
      24,
      25,
      29,
      30,
      31,
      33,
      37
    ],
    "tech_code": [
      26,
      27,
      28,
      32,
      34,
      36
    ],
    "reasoning": [
      35,
      38
    ]
  },
  "semantic_family_masks": {
    "broad_text": [
      0,
      1,
      2,
      3,
      4,
      5,
      6,
      7,
      8,
      9,
      10,
      11,
      12,
      13,
      14,
      15,
      16,
      17,
      18,
      19,
      20,
      21,
      22,
      23,
      24,
      25,
      29,
      30,
      31
    ],
    "tech_code": [
      26,
      27,
      28,
      32,
      33,
      34,
      36
    ],
    "reasoning": [
      35,
      37,
      38
    ]
  },
  "exponents": {
    "alpha": 0.2,
    "beta": 0.25,
    "gamma": 0.3,
    "delta": 0.65
  },
  "N0": 102648576.0,
  "D0": 5999951872.0
}
