{
  "all_scalar_count_including_fixed_exponents": 100,
  "anchor_reference": {
    "D0": 5999951872.0,
    "N0": 102648576.0,
    "display": "100M/6B",
    "scale": "300m_6b"
  },
  "blocks": {
    "extra_scale_coefficients": [
      0.05101163151639867
    ],
    "intercept": 0.983351619600653,
    "power_coefficients_phase_domain": [
      [
        -0.023933432945382457,
        -0.04897273254390884,
        -0.016382258124822153,
        -0.028428357447101215,
        0.002569804157664267,
        -0.0009197597037231309,
        0.017838091459874226,
        -0.0031949256193452504,
        0.01649933220248643,
        -0.028120370080957226,
        0.029091370719645022,
        -0.01216020562036762,
        -0.025010156666517524,
        0.017716841412803733,
        -0.0027893067087516837,
        2.933866616942248e-05,
        -0.018913292043974784,
        0.013960200859532836,
        0.012075845276053964,
        -0.03436662602105262,
        -0.038781843579714745,
        -0.002990865764768269,
        0.0010530321730146126,
        -0.05361419483087039,
        0.029132912781507293,
        0.0020788391947036927,
        0.04636191425413024,
        -0.0031163894201553547,
        0.0061817539595243306,
        -0.0332159074360091,
        -0.03651929386482609,
        -0.03602235930397115,
        -0.051572071304856706,
        0.04045029229848607,
        0.05841766324504597,
        0.14634292291200687,
        -0.0016879244142239999,
        0.03981930902480969,
        0.022697201318503595
      ],
      [
        -0.0905992749525599,
        -0.07448905239393841,
        -0.08132837750087431,
        -0.0856459856538217,
        -0.04908701483817624,
        -0.028548683340580493,
        -0.04910254564362712,
        -0.07316410476761218,
        -0.0570555912347276,
        -0.0382779086099607,
        -0.08954846945130855,
        -0.04053484938793932,
        -0.07419351756002245,
        -0.06973588577638536,
        -0.0640350011241518,
        -0.05408574827863209,
        -0.08084983180959447,
        -0.058856947153449454,
        -0.08973185280886313,
        -0.032388110407561725,
        -0.06594656281904508,
        -0.09546568862046209,
        -0.10343561000024945,
        -0.0556993975387067,
        -0.013753996813137333,
        -0.031090656240727644,
        -0.12335610753564705,
        -0.04421902657493955,
        -0.013290024209842209,
        0.013135308626970385,
        -0.0907304847863281,
        -0.12827066092916023,
        -0.18015234978190636,
        0.06259156615428227,
        -0.03639025857449145,
        -0.024978577915779607,
        0.0001883776565000918,
        -0.02878932559134199,
        0.037905957645018626
      ]
    ],
    "safety_coefficients_phase_domain_family_scarcity": [
      [
        3.715256087426806e-17,
        0.1292443135230895,
        0.26583058021313183
      ],
      [
        6.976213637033824e-21,
        0.13260878201970486,
        2.8692265449666837e-39
      ]
    ],
    "scale_coefficients_rows_A_B_C_cols_intercept_meanTech_meanReasoning": [
      [
        0.3199517264186162,
        0.07247530548724039,
        0.05762282825512861
      ],
      [
        0.08153075285098653,
        0.044932461886444286,
        0.08632926450605054
      ],
      [
        4.689230782326336e-23,
        3.4124533762171723e-19,
        1.4348548911527734e-14
      ]
    ]
  },
  "coefficients": [
    0.983351619600653,
    -0.023933432945382457,
    -0.04897273254390884,
    -0.016382258124822153,
    -0.028428357447101215,
    0.002569804157664267,
    -0.0009197597037231309,
    0.017838091459874226,
    -0.0031949256193452504,
    0.01649933220248643,
    -0.028120370080957226,
    0.029091370719645022,
    -0.01216020562036762,
    -0.025010156666517524,
    0.017716841412803733,
    -0.0027893067087516837,
    2.933866616942248e-05,
    -0.018913292043974784,
    0.013960200859532836,
    0.012075845276053964,
    -0.03436662602105262,
    -0.038781843579714745,
    -0.002990865764768269,
    0.0010530321730146126,
    -0.05361419483087039,
    0.029132912781507293,
    0.0020788391947036927,
    0.04636191425413024,
    -0.0031163894201553547,
    0.0061817539595243306,
    -0.0332159074360091,
    -0.03651929386482609,
    -0.03602235930397115,
    -0.051572071304856706,
    0.04045029229848607,
    0.05841766324504597,
    0.14634292291200687,
    -0.0016879244142239999,
    0.03981930902480969,
    0.022697201318503595,
    -0.0905992749525599,
    -0.07448905239393841,
    -0.08132837750087431,
    -0.0856459856538217,
    -0.04908701483817624,
    -0.028548683340580493,
    -0.04910254564362712,
    -0.07316410476761218,
    -0.0570555912347276,
    -0.0382779086099607,
    -0.08954846945130855,
    -0.04053484938793932,
    -0.07419351756002245,
    -0.06973588577638536,
    -0.0640350011241518,
    -0.05408574827863209,
    -0.08084983180959447,
    -0.058856947153449454,
    -0.08973185280886313,
    -0.032388110407561725,
    -0.06594656281904508,
    -0.09546568862046209,
    -0.10343561000024945,
    -0.0556993975387067,
    -0.013753996813137333,
    -0.031090656240727644,
    -0.12335610753564705,
    -0.04421902657493955,
    -0.013290024209842209,
    0.013135308626970385,
    -0.0907304847863281,
    -0.12827066092916023,
    -0.18015234978190636,
    0.06259156615428227,
    -0.03639025857449145,
    -0.024978577915779607,
    0.0001883776565000918,
    -0.02878932559134199,
    0.037905957645018626,
    3.715256087426806e-17,
    0.1292443135230895,
    0.26583058021313183,
    6.976213637033824e-21,
    0.13260878201970486,
    2.8692265449666837e-39,
    0.3199517264186162,
    0.07247530548724039,
    0.05762282825512861,
    0.08153075285098653,
    0.044932461886444286,
    0.08632926450605054,
    4.689230782326336e-23,
    3.4124533762171723e-19,
    1.4348548911527734e-14,
    0.05101163151639867
  ],
  "domains": [
    "dolma3_cc/art_and_design_high",
    "dolma3_cc/art_and_design_low",
    "dolma3_cc/crime_and_law_high",
    "dolma3_cc/crime_and_law_low",
    "dolma3_cc/education_and_jobs_high",
    "dolma3_cc/education_and_jobs_low",
    "dolma3_cc/electronics_and_hardware_high",
    "dolma3_cc/electronics_and_hardware_low",
    "dolma3_cc/entertainment_high",
    "dolma3_cc/entertainment_low",
    "dolma3_cc/finance_and_business_high",
    "dolma3_cc/finance_and_business_low",
    "dolma3_cc/food_and_dining_high",
    "dolma3_cc/food_and_dining_low",
    "dolma3_cc/games_high",
    "dolma3_cc/games_low",
    "dolma3_cc/health_high",
    "dolma3_cc/health_low",
    "dolma3_cc/history_and_geography_high",
    "dolma3_cc/history_and_geography_low",
    "dolma3_cc/industrial_high",
    "dolma3_cc/industrial_low",
    "dolma3_cc/literature_high",
    "dolma3_cc/literature_low",
    "dolma3_cc/science_math_and_technology_high",
    "dolma3_cc/science_math_and_technology_low",
    "dolma3_stack_edu",
    "dolma3_arxiv",
    "dolma3_finemath_3plus",
    "dolma3_wikipedia",
    "dolmino_common_crawl_hq",
    "dolmino_olmocr_pdfs_hq",
    "dolmino_stack_edu_fim",
    "dolmino_stem_heavy_crawl",
    "dolmino_synth_code",
    "dolmino_synth_instruction",
    "dolmino_synth_math",
    "dolmino_synth_qa",
    "dolmino_synth_thinking"
  ],
  "exponents": {
    "alpha_N": 0.18,
    "beta_D": 0.26,
    "gamma_ND": 0.11
  },
  "extra_terms": [
    {
      "carrier": "const",
      "exponent": 0.22,
      "kind": "D"
    }
  ],