{
  "all_scalar_count_including_fixed_exponents": 100,
  "anchor_reference": {
    "D0": 5999951872.0,
    "N0": 102648576.0,
    "display": "100M/6B",
    "scale": "300m_6b"
  },
  "blocks": {
    "extra_scale_coefficients": [
      0.06107468393030572
    ],
    "intercept": 1.0194584645070777,
    "power_coefficients_phase_domain": [
      [
        -0.023259401436425447,
        -0.04258282800753679,
        -0.012504915580170393,
        -0.028719233005609725,
        0.004820058726713264,
        0.003024650690613478,
        0.017234355049428034,
        0.0014488270221757321,
        0.022156464952960354,
        -0.023243638611089825,
        0.030690941697891255,
        -0.00880658668449661,
        -0.019733284812510042,
        0.01996959497744635,
        0.002599631473278268,
        0.005907214828431378,
        -0.01609490716753796,
        0.01655664974037607,
        0.01738781037392016,
        -0.029998913523110286,
        -0.038685753818498404,
        -0.0010943603538554742,
        0.005431615053603477,
        -0.05045366231833089,
        0.01941694191363912,
        -0.006283104666203394,
        0.03914711417783939,
        -0.014229971193259213,
        -0.0031609773110761108,
        -0.02876495891678822,
        -0.03178052838400564,
        -0.03839105285059926,
        -0.05498007354107028,
        0.02777896190875124,
        0.05013607772211543,
        0.13184952109755613,
        -0.014622802181438263,
        0.026168991659415854,
        0.00830512738784713
      ],
      [
        -0.0891765822374546,
        -0.07116894939379578,
        -0.07918346320862912,
        -0.08585093775676357,
        -0.047700310444085445,
        -0.026588107432742748,
        -0.048384415266450105,
        -0.07243290473012111,
        -0.05476586998877495,
        -0.03817641741631098,
        -0.08892372584680412,
        -0.04025739315318213,
        -0.07297299572992019,
        -0.06978861724353065,
        -0.06292989375015448,
        -0.051819777770176684,
        -0.08261049444563026,
        -0.05612319665808831,
        -0.09152436283009166,
        -0.03052368005659437,
        -0.06452936735525808,
        -0.09272648350903143,
        -0.10403216838389412,
        -0.05275782069233092,
        -0.026198808528085715,
        -0.04136814759753486,
        -0.12981686242833346,
        -0.05497078663848616,
        -0.023827338068492503,
        0.014758875189080707,
        -0.08903304560899321,
        -0.12979637745495828,
        -0.1854752094451413,
        0.052607090829839664,
        -0.04845945603418365,
        -0.03697562334183611,
        -0.014162801836766045,
        -0.04150551981782005,
        0.023430973955359365
      ]
    ],
    "safety_coefficients_phase_domain_family_scarcity": [
      [
        0.01928564370057935,
        0.1018877682245634,
        0.2683311027826253
      ],
      [
        8.52685687473634e-14,
        0.10921063822413796,
        1.4549460576424363e-12
      ]
    ],
    "scale_coefficients_rows_A_B_C_cols_intercept_meanTech_meanReasoning": [
      [
        0.3056582958113989,
        0.0914524428114656,
        0.14758825433678735
      ],
      [
        0.05095555759751533,
        0.04967305050385562,
        0.07529148984712906
      ],
      [
        1.01619185711422e-23,
        1.8038901210676447e-19,
        1.2992891060659775e-16
      ]
    ]
  },
  "coefficients": [
    1.0194584645070777,
    -0.023259401436425447,
    -0.04258282800753679,
    -0.012504915580170393,
    -0.028719233005609725,
    0.004820058726713264,
    0.003024650690613478,
    0.017234355049428034,
    0.0014488270221757321,
    0.022156464952960354,
    -0.023243638611089825,
    0.030690941697891255,
    -0.00880658668449661,
    -0.019733284812510042,
    0.01996959497744635,
    0.002599631473278268,
    0.005907214828431378,
    -0.01609490716753796,
    0.01655664974037607,
    0.01738781037392016,
    -0.029998913523110286,
    -0.038685753818498404,
    -0.0010943603538554742,
    0.005431615053603477,
    -0.05045366231833089,
    0.01941694191363912,
    -0.006283104666203394,
    0.03914711417783939,
    -0.014229971193259213,
    -0.0031609773110761108,
    -0.02876495891678822,
    -0.03178052838400564,
    -0.03839105285059926,
    -0.05498007354107028,
    0.02777896190875124,
    0.05013607772211543,
    0.13184952109755613,
    -0.014622802181438263,
    0.026168991659415854,
    0.00830512738784713,
    -0.0891765822374546,
    -0.07116894939379578,
    -0.07918346320862912,
    -0.08585093775676357,
    -0.047700310444085445,
    -0.026588107432742748,
    -0.048384415266450105,
    -0.07243290473012111,
    -0.05476586998877495,
    -0.03817641741631098,
    -0.08892372584680412,
    -0.04025739315318213,
    -0.07297299572992019,
    -0.06978861724353065,
    -0.06292989375015448,
    -0.051819777770176684,
    -0.08261049444563026,
    -0.05612319665808831,
    -0.09152436283009166,
    -0.03052368005659437,
    -0.06452936735525808,
    -0.09272648350903143,
    -0.10403216838389412,
    -0.05275782069233092,
    -0.026198808528085715,
    -0.04136814759753486,
    -0.12981686242833346,
    -0.05497078663848616,
    -0.023827338068492503,
    0.014758875189080707,
    -0.08903304560899321,
    -0.12979637745495828,
    -0.1854752094451413,
    0.052607090829839664,
    -0.04845945603418365,
    -0.03697562334183611,
    -0.014162801836766045,
    -0.04150551981782005,
    0.023430973955359365,
    0.01928564370057935,
    0.1018877682245634,
    0.2683311027826253,
    8.52685687473634e-14,
    0.10921063822413796,
    1.4549460576424363e-12,
    0.3056582958113989,
    0.0914524428114656,
    0.14758825433678735,
    0.05095555759751533,
    0.04967305050385562,
    0.07529148984712906,
    1.01619185711422e-23,
    1.8038901210676447e-19,
    1.2992891060659775e-16,
    0.06107468393030572
  ],
  "domains": [
    "dolma3_cc/art_and_design_high",
    "dolma3_cc/art_and_design_low",
    "dolma3_cc/crime_and_law_high",
    "dolma3_cc/crime_and_law_low",
    "dolma3_cc/education_and_jobs_high",
    "dolma3_cc/education_and_jobs_low",
    "dolma3_cc/electronics_and_hardware_high",
    "dolma3_cc/electronics_and_hardware_low",
    "dolma3_cc/entertainment_high",
    "dolma3_cc/entertainment_low",
    "dolma3_cc/finance_and_business_high",
    "dolma3_cc/finance_and_business_low",
    "dolma3_cc/food_and_dining_high",
    "dolma3_cc/food_and_dining_low",
    "dolma3_cc/games_high",
    "dolma3_cc/games_low",
    "dolma3_cc/health_high",
    "dolma3_cc/health_low",
    "dolma3_cc/history_and_geography_high",
    "dolma3_cc/history_and_geography_low",
    "dolma3_cc/industrial_high",
    "dolma3_cc/industrial_low",
    "dolma3_cc/literature_high",
    "dolma3_cc/literature_low",
    "dolma3_cc/science_math_and_technology_high",
    "dolma3_cc/science_math_and_technology_low",
    "dolma3_stack_edu",
    "dolma3_arxiv",
    "dolma3_finemath_3plus",
    "dolma3_wikipedia",
    "dolmino_common_crawl_hq",
    "dolmino_olmocr_pdfs_hq",
    "dolmino_stack_edu_fim",
    "dolmino_stem_heavy_crawl",
    "dolmino_synth_code",
    "dolmino_synth_instruction",
    "dolmino_synth_math",
    "dolmino_synth_qa",
    "dolmino_synth_thinking"
  ],
  "exponents": {
    "alpha_N": 0.18,
    "beta_D": 0.26,
    "gamma_ND": 0.11
  },
  "extra_terms": [
    {
      "carrier": "const",
      "exponent": 0.3,
      "kind": "D"
    }
  ],