{
  "all_scalar_count_including_fixed_exponents": 100,
  "anchor_reference": {
    "D0": 5999951872.0,
    "N0": 102648576.0,
    "display": "100M/6B",
    "scale": "300m_6b"
  },
  "blocks": {
    "extra_scale_coefficients": [
      0.049169675224339446
    ],
    "intercept": 1.0341636889486472,
    "power_coefficients_phase_domain": [
      [
        -0.020415492499888374,
        -0.02885987472947729,
        -0.011057356418423484,
        -0.02457050963494219,
        0.0017567374756257764,
        -0.002582101111650958,
        0.004913258177836921,
        -0.004635904210684141,
        0.022704368989356623,
        -0.01916372785904655,
        0.02431997758588911,
        -0.007303655429339417,
        -0.01154464556364373,
        0.01106070024720812,
        0.009427256754595782,
        0.009016912380013023,
        -0.013334058661921585,
        0.015262953552113734,
        0.00860539216506742,
        -0.015204939228757453,
        -0.03534741066738532,
        -0.0034485895461669725,
        -8.932204111304473e-06,
        -0.044098477043108486,
        0.012753951288235525,
        -0.008515708263256679,
        0.016547720417558875,
        -0.017407897246706973,
        -0.0101830921604939,
        -0.028294457331644575,
        -0.027516477636008542,
        -0.0311265715999069,
        -0.03992807615012611,
        0.01878179838706786,
        0.03305219244397261,
        0.08988189402147473,
        -0.019696688045735936,
        0.017199175299563392,
        0.0034760719592071406
      ],
      [
        -0.05655120401843011,
        -0.03420389336084183,
        -0.048977289281180406,
        -0.05453444298010759,
        -0.02380047858683469,
        -0.007997180556035995,
        -0.024092927289738896,
        -0.03824561963739232,
        -0.028768518253371622,
        -0.015138030425957643,
        -0.05753566412806458,
        -0.026103191782142057,
        -0.03908928665962314,
        -0.0437587167655668,
        -0.037613483057870455,
        -0.030012988136167987,
        -0.05108856007806788,
        -0.02430779706789482,
        -0.059759669227048354,
        -0.011929310467831055,
        -0.039203471457941064,
        -0.05746892268455229,
        -0.07801394102827394,
        -0.03505866781435456,
        -0.013803306695783325,
        -0.032744533619262564,
        -0.10688191900235636,
        -0.03722996285466804,
        -0.01678400337205251,
        0.03102446516862675,
        -0.05849686547097354,
        -0.09020982961583304,
        -0.15091572069730824,
        0.045428988863274726,
        -0.04057873511399674,
        -0.02435390113123902,
        -0.014685071886131322,
        -0.029056644426965053,
        0.01918062960896964
      ]
    ],
    "safety_coefficients_phase_domain_family_scarcity": [
      [
        0.01503359888339534,
        0.08948801762244897,
        0.2661173621059915
      ],
      [
        3.069801182219545e-14,
        0.0806026776650601,
        5.027409499285953e-12
      ]
    ],
    "scale_coefficients_rows_A_B_C_cols_intercept_meanTech_meanReasoning": [
      [
        0.2923386707817696,
        0.19191081152551803,
        0.10440461845790698
      ],
      [
        0.041377405405276096,
        0.020006633644215482,
        0.09397693124509085
      ],
      [
        1.1285269282622542e-19,
        1.0190330346635756e-12,
        9.259585211825483e-13
      ]
    ]
  },
  "coefficients": [
    1.0341636889486472,
    -0.020415492499888374,
    -0.02885987472947729,
    -0.011057356418423484,
    -0.02457050963494219,
    0.0017567374756257764,
    -0.002582101111650958,
    0.004913258177836921,
    -0.004635904210684141,
    0.022704368989356623,
    -0.01916372785904655,
    0.02431997758588911,
    -0.007303655429339417,
    -0.01154464556364373,
    0.01106070024720812,
    0.009427256754595782,
    0.009016912380013023,
    -0.013334058661921585,
    0.015262953552113734,
    0.00860539216506742,
    -0.015204939228757453,
    -0.03534741066738532,
    -0.0034485895461669725,
    -8.932204111304473e-06,
    -0.044098477043108486,
    0.012753951288235525,
    -0.008515708263256679,
    0.016547720417558875,
    -0.017407897246706973,
    -0.0101830921604939,
    -0.028294457331644575,
    -0.027516477636008542,
    -0.0311265715999069,
    -0.03992807615012611,
    0.01878179838706786,
    0.03305219244397261,
    0.08988189402147473,
    -0.019696688045735936,
    0.017199175299563392,
    0.0034760719592071406,
    -0.05655120401843011,
    -0.03420389336084183,
    -0.048977289281180406,
    -0.05453444298010759,
    -0.02380047858683469,
    -0.007997180556035995,
    -0.024092927289738896,
    -0.03824561963739232,
    -0.028768518253371622,
    -0.015138030425957643,
    -0.05753566412806458,
    -0.026103191782142057,
    -0.03908928665962314,
    -0.0437587167655668,
    -0.037613483057870455,
    -0.030012988136167987,
    -0.05108856007806788,
    -0.02430779706789482,
    -0.059759669227048354,
    -0.011929310467831055,
    -0.039203471457941064,
    -0.05746892268455229,
    -0.07801394102827394,
    -0.03505866781435456,
    -0.013803306695783325,
    -0.032744533619262564,
    -0.10688191900235636,
    -0.03722996285466804,
    -0.01678400337205251,
    0.03102446516862675,
    -0.05849686547097354,
    -0.09020982961583304,
    -0.15091572069730824,
    0.045428988863274726,
    -0.04057873511399674,
    -0.02435390113123902,
    -0.014685071886131322,
    -0.029056644426965053,
    0.01918062960896964,
    0.01503359888339534,
    0.08948801762244897,
    0.2661173621059915,
    3.069801182219545e-14,
    0.0806026776650601,
    5.027409499285953e-12,
    0.2923386707817696,
    0.19191081152551803,
    0.10440461845790698,
    0.041377405405276096,
    0.020006633644215482,
    0.09397693124509085,
    1.1285269282622542e-19,
    1.0190330346635756e-12,
    9.259585211825483e-13,
    0.049169675224339446
  ],
  "domains": [
    "dolma3_cc/art_and_design_high",
    "dolma3_cc/art_and_design_low",
    "dolma3_cc/crime_and_law_high",
    "dolma3_cc/crime_and_law_low",
    "dolma3_cc/education_and_jobs_high",
    "dolma3_cc/education_and_jobs_low",
    "dolma3_cc/electronics_and_hardware_high",
    "dolma3_cc/electronics_and_hardware_low",
    "dolma3_cc/entertainment_high",
    "dolma3_cc/entertainment_low",
    "dolma3_cc/finance_and_business_high",
    "dolma3_cc/finance_and_business_low",
    "dolma3_cc/food_and_dining_high",
    "dolma3_cc/food_and_dining_low",
    "dolma3_cc/games_high",
    "dolma3_cc/games_low",
    "dolma3_cc/health_high",
    "dolma3_cc/health_low",
    "dolma3_cc/history_and_geography_high",
    "dolma3_cc/history_and_geography_low",
    "dolma3_cc/industrial_high",
    "dolma3_cc/industrial_low",
    "dolma3_cc/literature_high",
    "dolma3_cc/literature_low",
    "dolma3_cc/science_math_and_technology_high",
    "dolma3_cc/science_math_and_technology_low",
    "dolma3_stack_edu",
    "dolma3_arxiv",
    "dolma3_finemath_3plus",
    "dolma3_wikipedia",
    "dolmino_common_crawl_hq",
    "dolmino_olmocr_pdfs_hq",
    "dolmino_stack_edu_fim",
    "dolmino_stem_heavy_crawl",
    "dolmino_synth_code",
    "dolmino_synth_instruction",
    "dolmino_synth_math",
    "dolmino_synth_qa",
    "dolmino_synth_thinking"
  ],
  "exponents": {
    "alpha_N": 0.18,
    "beta_D": 0.26,
    "gamma_ND": 0.11
  },
  "extra_terms": [
    {
      "carrier": "const",
      "exponent": 0.4,
      "kind": "D"
    }
  ],