{
  "all_scalar_count_including_fixed_exponents": 98,
  "anchor_reference": {
    "D0": 5999951872.0,
    "N0": 102648576.0,
    "display": "100M/6B",
    "scale": "300m_6b"
  },
  "blocks": {
    "extra_scale_coefficients": [],
    "intercept": 1.0153861742928325,
    "power_coefficients_phase_domain": [
      [
        -0.02223908267184914,
        -0.035649795385554454,
        -0.01162147670690904,
        -0.025872623711352988,
        0.005258994624608834,
        0.0007233735828150752,
        0.01575253831632062,
        0.0006754886225817031,
        0.02115722164490099,
        -0.020790188200154994,
        0.028545037498453087,
        -0.008868747765441514,
        -0.017290607869440675,
        0.01812149567211243,
        0.0030796769231073366,
        0.006512700562564421,
        -0.014322348040688585,
        0.015299395542369282,
        0.016120595068234315,
        -0.025205675212506728,
        -0.037292879631899846,
        -0.0007595585018534911,
        0.005199479799323245,
        -0.04663441382555621,
        0.01744844827566973,
        -0.009990236363643863,
        0.028342424012908703,
        -0.013910435419828442,
        -0.004647002798119564,
        -0.027702762971213962,
        -0.028385876046024126,
        -0.03285304055543274,
        -0.049158705687532195,
        0.02452904519667165,
        0.04292034179456392,
        0.11421855590039613,
        -0.015783309891840052,
        0.02096572957483329,
        0.005712097204054641
      ],
      [
        -0.06943335231012508,
        -0.052892781181861574,
        -0.06034407063700232,
        -0.06786646672998352,
        -0.0328125175020915,
        -0.017074414272637693,
        -0.03391193344785707,
        -0.05435470517361305,
        -0.04139933526832968,
        -0.022826653296372876,
        -0.0712088242031398,
        -0.02790076199943726,
        -0.05418899181702328,
        -0.05298198661307866,
        -0.04900298126844077,
        -0.03742914419916203,
        -0.06471998039426438,
        -0.03974072281209565,
        -0.07340515974546936,
        -0.017582427388636836,
        -0.049041648091962445,
        -0.07148696748932841,
        -0.08587283991048096,
        -0.04083554703813175,
        -0.017127195674688254,
        -0.035364851329538156,
        -0.11690263776082105,
        -0.04534228299116981,
        -0.018987002698223353,
        0.02486898698053221,
        -0.07078108023797605,
        -0.10591505151237669,
        -0.16685998450984577,
        0.05195245150579703,
        -0.04227332945566919,
        -0.030108390313738898,
        -0.009927941045861857,
        -0.034357095261389095,
        0.02197300763831219
      ]
    ],
    "safety_coefficients_phase_domain_family_scarcity": [
      [
        0.008173966718537337,
        0.10107693568288667,
        0.2705694942309756
      ],
      [
        1.87771413076703e-15,
        0.09936543220319671,
        9.226103386479069e-15
      ]
    ],
    "scale_coefficients_rows_A_B_C_cols_intercept_meanTech_meanReasoning": [
      [
        0.3198556846011001,
        0.05766830440663629,
        0.10059305856471822
      ],
      [
        0.11229179629924418,
        0.07575257821347393,
        0.12256065019974656
      ],
      [
        4.2198438129790585e-22,
        9.181624067224832e-20,
        1.9732953603214029e-16
      ]
    ]
  },
  "coefficients": [
    1.0153861742928325,
    -0.02223908267184914,
    -0.035649795385554454,
    -0.01162147670690904,
    -0.025872623711352988,
    0.005258994624608834,
    0.0007233735828150752,
    0.01575253831632062,
    0.0006754886225817031,
    0.02115722164490099,
    -0.020790188200154994,
    0.028545037498453087,
    -0.008868747765441514,
    -0.017290607869440675,
    0.01812149567211243,
    0.0030796769231073366,
    0.006512700562564421,
    -0.014322348040688585,
    0.015299395542369282,
    0.016120595068234315,
    -0.025205675212506728,
    -0.037292879631899846,
    -0.0007595585018534911,
    0.005199479799323245,
    -0.04663441382555621,
    0.01744844827566973,
    -0.009990236363643863,
    0.028342424012908703,
    -0.013910435419828442,
    -0.004647002798119564,
    -0.027702762971213962,
    -0.028385876046024126,
    -0.03285304055543274,
    -0.049158705687532195,
    0.02452904519667165,
    0.04292034179456392,
    0.11421855590039613,
    -0.015783309891840052,
    0.02096572957483329,
    0.005712097204054641,
    -0.06943335231012508,
    -0.052892781181861574,
    -0.06034407063700232,
    -0.06786646672998352,
    -0.0328125175020915,
    -0.017074414272637693,
    -0.03391193344785707,
    -0.05435470517361305,
    -0.04139933526832968,
    -0.022826653296372876,
    -0.0712088242031398,
    -0.02790076199943726,
    -0.05418899181702328,
    -0.05298198661307866,
    -0.04900298126844077,
    -0.03742914419916203,
    -0.06471998039426438,
    -0.03974072281209565,
    -0.07340515974546936,
    -0.017582427388636836,
    -0.049041648091962445,
    -0.07148696748932841,
    -0.08587283991048096,
    -0.04083554703813175,
    -0.017127195674688254,
    -0.035364851329538156,
    -0.11690263776082105,
    -0.04534228299116981,
    -0.018987002698223353,
    0.02486898698053221,
    -0.07078108023797605,
    -0.10591505151237669,
    -0.16685998450984577,
    0.05195245150579703,
    -0.04227332945566919,
    -0.030108390313738898,
    -0.009927941045861857,
    -0.034357095261389095,
    0.02197300763831219,
    0.008173966718537337,
    0.10107693568288667,
    0.2705694942309756,
    1.87771413076703e-15,
    0.09936543220319671,
    9.226103386479069e-15,
    0.3198556846011001,
    0.05766830440663629,
    0.10059305856471822,
    0.11229179629924418,
    0.07575257821347393,
    0.12256065019974656,
    4.2198438129790585e-22,
    9.181624067224832e-20,
    1.9732953603214029e-16
  ],
  "domains": [
    "dolma3_cc/art_and_design_high",
    "dolma3_cc/art_and_design_low",
    "dolma3_cc/crime_and_law_high",
    "dolma3_cc/crime_and_law_low",
    "dolma3_cc/education_and_jobs_high",
    "dolma3_cc/education_and_jobs_low",
    "dolma3_cc/electronics_and_hardware_high",
    "dolma3_cc/electronics_and_hardware_low",
    "dolma3_cc/entertainment_high",
    "dolma3_cc/entertainment_low",
    "dolma3_cc/finance_and_business_high",
    "dolma3_cc/finance_and_business_low",
    "dolma3_cc/food_and_dining_high",
    "dolma3_cc/food_and_dining_low",
    "dolma3_cc/games_high",
    "dolma3_cc/games_low",
    "dolma3_cc/health_high",
    "dolma3_cc/health_low",
    "dolma3_cc/history_and_geography_high",
    "dolma3_cc/history_and_geography_low",
    "dolma3_cc/industrial_high",
    "dolma3_cc/industrial_low",
    "dolma3_cc/literature_high",
    "dolma3_cc/literature_low",
    "dolma3_cc/science_math_and_technology_high",
    "dolma3_cc/science_math_and_technology_low",
    "dolma3_stack_edu",
    "dolma3_arxiv",
    "dolma3_finemath_3plus",
    "dolma3_wikipedia",
    "dolmino_common_crawl_hq",
    "dolmino_olmocr_pdfs_hq",
    "dolmino_stack_edu_fim",
    "dolmino_stem_heavy_crawl",
    "dolmino_synth_code",
    "dolmino_synth_instruction",
    "dolmino_synth_math",
    "dolmino_synth_qa",
    "dolmino_synth_thinking"
  ],
  "exponents": {
    "alpha_N": 0.18,
    "beta_D": 0.26,
    "gamma_ND": 0.11
  },
  "extra_terms": [],