{
  "all_scalar_count_including_fixed_exponents": 98,
  "anchor_reference": {
    "D0": 5999951872.0,
    "N0": 102648576.0,
    "display": "100M/6B",
    "scale": "300m_6b"
  },
  "blocks": {
    "extra_scale_coefficients": [],
    "intercept": 1.0262095898539019,
    "power_coefficients_phase_domain": [
      [
        -0.021211868979574326,
        -0.027805170405032605,
        -0.009356363250962462,
        -0.023688081874359838,
        0.006159954012571254,
        -0.00012197504317791924,
        0.014189918535904763,
        0.0021012354795850383,
        0.02173381502709808,
        -0.016584440477753468,
        0.02692800383487598,
        -0.007958669393618821,
        -0.012804748042574742,
        0.017453387060553924,
        0.005880085926529035,
        0.00879057152307128,
        -0.011841557333421675,
        0.01518454622641142,
        0.017349335597456463,
        -0.019467968402948007,
        -0.035561511893706134,
        0.0005522543520856875,
        0.006996391810520967,
        -0.042017246903687,
        0.012398407382228126,
        -0.015659729420057257,
        0.01700485277554903,
        -0.0176739893327865,
        -0.008121142492344647,
        -0.022208120029292816,
        -0.02373364559609856,
        -0.02965113999429303,
        -0.04481213782365803,
        0.019397511491246237,
        0.03499984207824449,
        0.09470695009498693,
        -0.020832668044717447,
        0.011859405132840364,
        -0.0017159583453925456
      ],
      [
        -0.053524645059611374,
        -0.03772804885430734,
        -0.044931672921854064,
        -0.0541521879995898,
        -0.020885929548866793,
        -0.00931684677588,
        -0.022976731828086707,
        -0.04004648453570228,
        -0.030404900312510218,
        -0.011386669899369862,
        -0.057015951730580654,
        -0.018018931373256625,
        -0.03934752876586227,
        -0.039932667192552763,
        -0.03759987427618974,
        -0.025655601864887623,
        -0.05096993149586403,
        -0.02619640455274167,
        -0.06041752185194595,
        -0.007469958220780094,
        -0.03655823941358577,
        -0.054169617075223005,
        -0.0718309006105047,
        -0.03087780930518377,
        -0.013620964735406728,
        -0.033641609166234536,
        -0.10736913354888568,
        -0.04027619462831874,
        -0.01838230134098879,
        0.03246407022629654,
        -0.055086631601763594,
        -0.08691650784829649,
        -0.1512195385497596,
        0.04759387822282761,
        -0.0409723758405247,
        -0.027781383031690473,
        -0.010944931646321354,
        -0.03175340949362398,
        0.016164435662722215
      ]
    ],
    "safety_coefficients_phase_domain_family_scarcity": [
      [
        0.022235221096540962,
        0.08725590983127782,
        0.2628295234865833
      ],
      [
        5.452216527123536e-13,
        0.08170934202529596,
        9.528786988519046e-12
      ]
    ],
    "scale_coefficients_rows_A_B_C_cols_intercept_meanTech_meanReasoning": [
      [
        0.31486538792681024,
        0.05964310718184781,
        0.14544844130136034
      ],
      [
        0.1081133676258349,
        0.08641659026755039,
        0.13878128820456245
      ],
      [
        4.879070248675826e-16,
        3.0430374753384725e-12,
        2.3083848146793574e-12
      ]
    ]
  },
  "coefficients": [
    1.0262095898539019,
    -0.021211868979574326,
    -0.027805170405032605,
    -0.009356363250962462,
    -0.023688081874359838,
    0.006159954012571254,
    -0.00012197504317791924,
    0.014189918535904763,
    0.0021012354795850383,
    0.02173381502709808,
    -0.016584440477753468,
    0.02692800383487598,
    -0.007958669393618821,
    -0.012804748042574742,
    0.017453387060553924,
    0.005880085926529035,
    0.00879057152307128,
    -0.011841557333421675,
    0.01518454622641142,
    0.017349335597456463,
    -0.019467968402948007,
    -0.035561511893706134,
    0.0005522543520856875,
    0.006996391810520967,
    -0.042017246903687,
    0.012398407382228126,
    -0.015659729420057257,
    0.01700485277554903,
    -0.0176739893327865,
    -0.008121142492344647,
    -0.022208120029292816,
    -0.02373364559609856,
    -0.02965113999429303,
    -0.04481213782365803,
    0.019397511491246237,
    0.03499984207824449,
    0.09470695009498693,
    -0.020832668044717447,
    0.011859405132840364,
    -0.0017159583453925456,
    -0.053524645059611374,
    -0.03772804885430734,
    -0.044931672921854064,
    -0.0541521879995898,
    -0.020885929548866793,
    -0.00931684677588,
    -0.022976731828086707,
    -0.04004648453570228,
    -0.030404900312510218,
    -0.011386669899369862,
    -0.057015951730580654,
    -0.018018931373256625,
    -0.03934752876586227,
    -0.039932667192552763,
    -0.03759987427618974,
    -0.025655601864887623,
    -0.05096993149586403,
    -0.02619640455274167,
    -0.06041752185194595,
    -0.007469958220780094,
    -0.03655823941358577,
    -0.054169617075223005,
    -0.0718309006105047,
    -0.03087780930518377,
    -0.013620964735406728,
    -0.033641609166234536,
    -0.10736913354888568,
    -0.04027619462831874,
    -0.01838230134098879,
    0.03246407022629654,
    -0.055086631601763594,
    -0.08691650784829649,
    -0.1512195385497596,
    0.04759387822282761,
    -0.0409723758405247,
    -0.027781383031690473,
    -0.010944931646321354,
    -0.03175340949362398,
    0.016164435662722215,
    0.022235221096540962,
    0.08725590983127782,
    0.2628295234865833,
    5.452216527123536e-13,
    0.08170934202529596,
    9.528786988519046e-12,
    0.31486538792681024,
    0.05964310718184781,
    0.14544844130136034,
    0.1081133676258349,
    0.08641659026755039,
    0.13878128820456245,
    4.879070248675826e-16,
    3.0430374753384725e-12,
    2.3083848146793574e-12
  ],
  "domains": [
    "dolma3_cc/art_and_design_high",
    "dolma3_cc/art_and_design_low",
    "dolma3_cc/crime_and_law_high",
    "dolma3_cc/crime_and_law_low",
    "dolma3_cc/education_and_jobs_high",
    "dolma3_cc/education_and_jobs_low",
    "dolma3_cc/electronics_and_hardware_high",
    "dolma3_cc/electronics_and_hardware_low",
    "dolma3_cc/entertainment_high",
    "dolma3_cc/entertainment_low",
    "dolma3_cc/finance_and_business_high",
    "dolma3_cc/finance_and_business_low",
    "dolma3_cc/food_and_dining_high",
    "dolma3_cc/food_and_dining_low",
    "dolma3_cc/games_high",
    "dolma3_cc/games_low",
    "dolma3_cc/health_high",
    "dolma3_cc/health_low",
    "dolma3_cc/history_and_geography_high",
    "dolma3_cc/history_and_geography_low",
    "dolma3_cc/industrial_high",
    "dolma3_cc/industrial_low",
    "dolma3_cc/literature_high",
    "dolma3_cc/literature_low",
    "dolma3_cc/science_math_and_technology_high",
    "dolma3_cc/science_math_and_technology_low",
    "dolma3_stack_edu",
    "dolma3_arxiv",
    "dolma3_finemath_3plus",
    "dolma3_wikipedia",
    "dolmino_common_crawl_hq",
    "dolmino_olmocr_pdfs_hq",
    "dolmino_stack_edu_fim",
    "dolmino_stem_heavy_crawl",
    "dolmino_synth_code",
    "dolmino_synth_instruction",
    "dolmino_synth_math",
    "dolmino_synth_qa",
    "dolmino_synth_thinking"
  ],
  "exponents": {
    "alpha_N": 0.18,
    "beta_D": 0.26,
    "gamma_ND": 0.11
  },
  "extra_terms": [],