{
  "all_scalar_count_including_fixed_exponents": 100,
  "anchor_reference": {
    "D0": 5999951872.0,
    "N0": 102648576.0,
    "display": "100M/6B",
    "scale": "300m_6b"
  },
  "blocks": {
    "extra_scale_coefficients": [
      0.0645195938773068
    ],
    "intercept": 1.0291622013942272,
    "power_coefficients_phase_domain": [
      [
        -0.023368692047172207,
        -0.04416604531161144,
        -0.015224582859545416,
        -0.030675986759099855,
        -0.0011515003302320045,
        -0.0007903971957025888,
        0.005475303251528712,
        -0.007301276130377897,
        0.022893008252672573,
        -0.027751635583820537,
        0.026420315426245577,
        -0.008081323363199186,
        -0.019091795055016025,
        0.011808536207344006,
        0.006330651854693519,
        0.0052585139924495585,
        -0.018605373188505372,
        0.016814690462995656,
        0.0063166138152688815,
        -0.025384703011226126,
        -0.03916107564433735,
        -0.004982115052763687,
        -0.003286503417973956,
        -0.05403778343425891,
        0.018875790048819882,
        0.0007819404700596182,
        0.03729806943603558,
        -0.01628662365600772,
        -0.007127861685112007,
        -0.03509050547624037,
        -0.03803998491954614,
        -0.039657174965516934,
        -0.05077532850921787,
        0.026679334906970775,
        0.04744213862340179,
        0.12341103808126615,
        -0.014121909135980316,
        0.030069236788757312,
        0.01142728978538068
      ],
      [
        -0.09303803950278053,
        -0.06685245270805577,
        -0.08355158539739699,
        -0.08596330826843274,
        -0.05157166443943925,
        -0.0253513206102061,
        -0.04840199766823359,
        -0.0702063029836273,
        -0.05257075996011244,
        -0.04314936096846564,
        -0.08926626565916382,
        -0.04993622160182872,
        -0.07234716689597945,
        -0.0732382623082872,
        -0.06276217945010731,
        -0.056723130121472384,
        -0.08202999050393348,
        -0.05222194897530055,
        -0.09044909575473555,
        -0.035403140566338025,
        -0.06813187972978244,
        -0.09635280387871767,
        -0.11161859451236897,
        -0.05945601482663624,
        -0.025138169574908487,
        -0.041156262995458145,
        -0.12944360545075087,
        -0.05152288073911816,
        -0.023502867767948278,
        0.014311754728563218,
        -0.09309003694576183,
        -0.13221589667731884,
        -0.18617809215805545,
        0.04883292638197052,
        -0.04946745807612911,
        -0.03354442230905686,
        -0.019592484223103213,
        -0.040484950740577924,
        0.02556176878233944
      ]
    ],
    "safety_coefficients_phase_domain_family_scarcity": [
      [
        0.008923499847187898,
        0.1044869797940975,
        0.2694964104813635
      ],
      [
        8.691258843618708e-16,
        0.10837009892680051,
        2.7720769312288317e-21
      ]
    ],
    "scale_coefficients_rows_A_B_C_cols_intercept_meanTech_meanReasoning": [
      [
        0.30216053534387416,
        0.1693261772766991,
        0.06329752131335312
      ],
      [
        0.05273588439393653,
        0.010650605709810817,
        0.07245419022361207
      ],
      [
        9.31860645956171e-21,
        2.666053486655476e-13,
        6.54313127113462e-14
      ]
    ]
  },
  "coefficients": [
    1.0291622013942272,
    -0.023368692047172207,
    -0.04416604531161144,
    -0.015224582859545416,
    -0.030675986759099855,
    -0.0011515003302320045,
    -0.0007903971957025888,
    0.005475303251528712,
    -0.007301276130377897,
    0.022893008252672573,
    -0.027751635583820537,
    0.026420315426245577,
    -0.008081323363199186,
    -0.019091795055016025,
    0.011808536207344006,
    0.006330651854693519,
    0.0052585139924495585,
    -0.018605373188505372,
    0.016814690462995656,
    0.0063166138152688815,
    -0.025384703011226126,
    -0.03916107564433735,
    -0.004982115052763687,
    -0.003286503417973956,
    -0.05403778343425891,
    0.018875790048819882,
    0.0007819404700596182,
    0.03729806943603558,
    -0.01628662365600772,
    -0.007127861685112007,
    -0.03509050547624037,
    -0.03803998491954614,
    -0.039657174965516934,
    -0.05077532850921787,
    0.026679334906970775,
    0.04744213862340179,
    0.12341103808126615,
    -0.014121909135980316,
    0.030069236788757312,
    0.01142728978538068,
    -0.09303803950278053,
    -0.06685245270805577,
    -0.08355158539739699,
    -0.08596330826843274,
    -0.05157166443943925,
    -0.0253513206102061,
    -0.04840199766823359,
    -0.0702063029836273,
    -0.05257075996011244,
    -0.04314936096846564,
    -0.08926626565916382,
    -0.04993622160182872,
    -0.07234716689597945,
    -0.0732382623082872,
    -0.06276217945010731,
    -0.056723130121472384,
    -0.08202999050393348,
    -0.05222194897530055,
    -0.09044909575473555,
    -0.035403140566338025,
    -0.06813187972978244,
    -0.09635280387871767,
    -0.11161859451236897,
    -0.05945601482663624,
    -0.025138169574908487,
    -0.041156262995458145,
    -0.12944360545075087,
    -0.05152288073911816,
    -0.023502867767948278,
    0.014311754728563218,
    -0.09309003694576183,
    -0.13221589667731884,
    -0.18617809215805545,
    0.04883292638197052,
    -0.04946745807612911,
    -0.03354442230905686,
    -0.019592484223103213,
    -0.040484950740577924,
    0.02556176878233944,
    0.008923499847187898,
    0.1044869797940975,
    0.2694964104813635,
    8.691258843618708e-16,
    0.10837009892680051,
    2.7720769312288317e-21,
    0.30216053534387416,
    0.1693261772766991,
    0.06329752131335312,
    0.05273588439393653,
    0.010650605709810817,
    0.07245419022361207,
    9.31860645956171e-21,
    2.666053486655476e-13,
    6.54313127113462e-14,
    0.0645195938773068
  ],
  "domains": [
    "dolma3_cc/art_and_design_high",
    "dolma3_cc/art_and_design_low",
    "dolma3_cc/crime_and_law_high",
    "dolma3_cc/crime_and_law_low",
    "dolma3_cc/education_and_jobs_high",
    "dolma3_cc/education_and_jobs_low",
    "dolma3_cc/electronics_and_hardware_high",
    "dolma3_cc/electronics_and_hardware_low",
    "dolma3_cc/entertainment_high",
    "dolma3_cc/entertainment_low",
    "dolma3_cc/finance_and_business_high",
    "dolma3_cc/finance_and_business_low",
    "dolma3_cc/food_and_dining_high",
    "dolma3_cc/food_and_dining_low",
    "dolma3_cc/games_high",
    "dolma3_cc/games_low",
    "dolma3_cc/health_high",
    "dolma3_cc/health_low",
    "dolma3_cc/history_and_geography_high",
    "dolma3_cc/history_and_geography_low",
    "dolma3_cc/industrial_high",
    "dolma3_cc/industrial_low",
    "dolma3_cc/literature_high",
    "dolma3_cc/literature_low",
    "dolma3_cc/science_math_and_technology_high",
    "dolma3_cc/science_math_and_technology_low",
    "dolma3_stack_edu",
    "dolma3_arxiv",
    "dolma3_finemath_3plus",
    "dolma3_wikipedia",
    "dolmino_common_crawl_hq",
    "dolmino_olmocr_pdfs_hq",
    "dolmino_stack_edu_fim",
    "dolmino_stem_heavy_crawl",
    "dolmino_synth_code",
    "dolmino_synth_instruction",
    "dolmino_synth_math",
    "dolmino_synth_qa",
    "dolmino_synth_thinking"
  ],
  "exponents": {
    "alpha_N": 0.18,
    "beta_D": 0.26,
    "gamma_ND": 0.11
  },
  "extra_terms": [
    {
      "carrier": "const",
      "exponent": 0.3,
      "kind": "D"
    }
  ],