{
  "all_scalar_count_including_fixed_exponents": 100,
  "anchor_reference": {
    "D0": 5999951872.0,
    "N0": 102648576.0,
    "display": "100M/6B",
    "scale": "300m_6b"
  },
  "blocks": {
    "extra_scale_coefficients": [
      0.048787947294975126
    ],
    "intercept": 1.0275341987115982,
    "power_coefficients_phase_domain": [
      [
        -0.021390752089155557,
        -0.028841330190297842,
        -0.009921776866591962,
        -0.024304699220007,
        0.006168337892362008,
        -0.0008622728187857585,
        0.013148137249846458,
        0.0016683075100790829,
        0.021286750268449915,
        -0.016653539479675607,
        0.026334360535520643,
        -0.008432531484257866,
        -0.013153394610643227,
        0.016446465622499948,
        0.005233835125768583,
        0.007969914402334884,
        -0.01217799989542095,
        0.014137733449481306,
        0.01632635419634119,
        -0.020083873251886042,
        -0.03626048281723589,
        -0.0007441932239622456,
        0.005895430320470861,
        -0.04242902678964937,
        0.01272219762410974,
        -0.015251417653009351,
        0.0172218396410444,
        -0.017824144121706863,
        -0.008020160520910024,
        -0.023642416062076742,
        -0.024285439763760918,
        -0.031019056947194278,
        -0.044070189539406876,
        0.019807450367444666,
        0.034677842848791544,
        0.09632286900126927,
        -0.020803897515611527,
        0.013610584693792824,
        -0.0002090187166708741
      ],
      [
        -0.05412497913555422,
        -0.03856686955157186,
        -0.045803140313863774,
        -0.054352753203874,
        -0.021094396120043126,
        -0.009817660856589078,
        -0.024110308943827718,
        -0.04064199584751631,
        -0.031229540604724076,
        -0.01137460930344082,
        -0.05727074624267856,
        -0.01907973676600432,
        -0.04001772338881911,
        -0.040867502547989466,
        -0.038590138250485205,
        -0.026428187835647547,
        -0.05192893814589583,
        -0.02716001213238656,
        -0.061357620538221386,
        -0.008344521749416436,
        -0.03704677644184157,
        -0.05494597071843916,
        -0.0727945944521081,
        -0.031039321764673354,
        -0.013707751860831362,
        -0.03336868270507917,
        -0.10665962175788742,
        -0.040075388788961504,
        -0.018008823116968473,
        0.031644266140845034,
        -0.05555389960083563,
        -0.08877489943155963,
        -0.15117977078359204,
        0.04815831456974738,
        -0.040412569679443136,
        -0.026967468930378668,
        -0.01015289059077569,
        -0.029269912541133498,
        0.017578677305566445
      ]
    ],
    "safety_coefficients_phase_domain_family_scarcity": [
      [
        0.021760696849665088,
        0.0877215944439747,
        0.2641693561744511
      ],
      [
        1.3884527825996199e-09,
        0.08206099115184966,
        1.4066142090228652e-08
      ]
    ],
    "scale_coefficients_rows_A_B_C_cols_intercept_meanTech_meanReasoning": [
      [
        0.2958524932098137,
        0.10392812295698359,
        0.2291654990650085
      ],
      [
        0.0363412201099862,
        0.05942690548400424,
        0.08691705340838467
      ],
      [
        2.074763888701293e-15,
        2.761070650754586e-12,
        3.398692230488642e-14
      ]
    ]
  },
  "coefficients": [
    1.0275341987115982,
    -0.021390752089155557,
    -0.028841330190297842,
    -0.009921776866591962,
    -0.024304699220007,
    0.006168337892362008,
    -0.0008622728187857585,
    0.013148137249846458,
    0.0016683075100790829,
    0.021286750268449915,
    -0.016653539479675607,
    0.026334360535520643,
    -0.008432531484257866,
    -0.013153394610643227,
    0.016446465622499948,
    0.005233835125768583,
    0.007969914402334884,
    -0.01217799989542095,
    0.014137733449481306,
    0.01632635419634119,
    -0.020083873251886042,
    -0.03626048281723589,
    -0.0007441932239622456,
    0.005895430320470861,
    -0.04242902678964937,
    0.01272219762410974,
    -0.015251417653009351,
    0.0172218396410444,
    -0.017824144121706863,
    -0.008020160520910024,
    -0.023642416062076742,
    -0.024285439763760918,
    -0.031019056947194278,
    -0.044070189539406876,
    0.019807450367444666,
    0.034677842848791544,
    0.09632286900126927,
    -0.020803897515611527,
    0.013610584693792824,
    -0.0002090187166708741,
    -0.05412497913555422,
    -0.03856686955157186,
    -0.045803140313863774,
    -0.054352753203874,
    -0.021094396120043126,
    -0.009817660856589078,
    -0.024110308943827718,
    -0.04064199584751631,
    -0.031229540604724076,
    -0.01137460930344082,
    -0.05727074624267856,
    -0.01907973676600432,
    -0.04001772338881911,
    -0.040867502547989466,
    -0.038590138250485205,
    -0.026428187835647547,
    -0.05192893814589583,
    -0.02716001213238656,
    -0.061357620538221386,
    -0.008344521749416436,
    -0.03704677644184157,
    -0.05494597071843916,
    -0.0727945944521081,
    -0.031039321764673354,
    -0.013707751860831362,
    -0.03336868270507917,
    -0.10665962175788742,
    -0.040075388788961504,
    -0.018008823116968473,
    0.031644266140845034,
    -0.05555389960083563,
    -0.08877489943155963,
    -0.15117977078359204,
    0.04815831456974738,
    -0.040412569679443136,
    -0.026967468930378668,
    -0.01015289059077569,
    -0.029269912541133498,
    0.017578677305566445,
    0.021760696849665088,
    0.0877215944439747,
    0.2641693561744511,
    1.3884527825996199e-09,
    0.08206099115184966,
    1.4066142090228652e-08,
    0.2958524932098137,
    0.10392812295698359,
    0.2291654990650085,
    0.0363412201099862,
    0.05942690548400424,
    0.08691705340838467,
    2.074763888701293e-15,
    2.761070650754586e-12,
    3.398692230488642e-14,
    0.048787947294975126
  ],
  "domains": [
    "dolma3_cc/art_and_design_high",
    "dolma3_cc/art_and_design_low",
    "dolma3_cc/crime_and_law_high",
    "dolma3_cc/crime_and_law_low",
    "dolma3_cc/education_and_jobs_high",
    "dolma3_cc/education_and_jobs_low",
    "dolma3_cc/electronics_and_hardware_high",
    "dolma3_cc/electronics_and_hardware_low",
    "dolma3_cc/entertainment_high",
    "dolma3_cc/entertainment_low",
    "dolma3_cc/finance_and_business_high",
    "dolma3_cc/finance_and_business_low",
    "dolma3_cc/food_and_dining_high",
    "dolma3_cc/food_and_dining_low",
    "dolma3_cc/games_high",
    "dolma3_cc/games_low",
    "dolma3_cc/health_high",
    "dolma3_cc/health_low",
    "dolma3_cc/history_and_geography_high",
    "dolma3_cc/history_and_geography_low",
    "dolma3_cc/industrial_high",
    "dolma3_cc/industrial_low",
    "dolma3_cc/literature_high",
    "dolma3_cc/literature_low",
    "dolma3_cc/science_math_and_technology_high",
    "dolma3_cc/science_math_and_technology_low",
    "dolma3_stack_edu",
    "dolma3_arxiv",
    "dolma3_finemath_3plus",
    "dolma3_wikipedia",
    "dolmino_common_crawl_hq",
    "dolmino_olmocr_pdfs_hq",
    "dolmino_stack_edu_fim",
    "dolmino_stem_heavy_crawl",
    "dolmino_synth_code",
    "dolmino_synth_instruction",
    "dolmino_synth_math",
    "dolmino_synth_qa",
    "dolmino_synth_thinking"
  ],
  "exponents": {
    "alpha_N": 0.18,
    "beta_D": 0.26,
    "gamma_ND": 0.11
  },
  "extra_terms": [
    {
      "carrier": "const",
      "exponent": 0.4,
      "kind": "D"
    }
  ],