{
  "all_scalar_count_including_fixed_exponents": 100,
  "anchor_reference": {
    "D0": 5999951872.0,
    "N0": 102648576.0,
    "display": "100M/6B",
    "scale": "300m_6b"
  },
  "blocks": {
    "extra_scale_coefficients": [
      0.063606559099314
    ],
    "intercept": 1.0247103974292628,
    "power_coefficients_phase_domain": [
      [
        -0.02192560282285349,
        -0.03747263466389082,
        -0.014109057695859132,
        -0.02768039435182709,
        0.00012305114503674596,
        -0.0026351424327484972,
        0.004969360669809525,
        -0.007224224105099056,
        0.02182547560712606,
        -0.024394814130722243,
        0.02493217990839185,
        -0.008378435388746695,
        -0.016471588743228727,
        0.010503436831396422,
        0.006563230556224102,
        0.005906100200102554,
        -0.01643493230586731,
        0.015050857957610013,
        0.0058857056430825444,
        -0.0210017974550748,
        -0.0377760001375448,
        -0.005292720474224993,
        -0.0027671991144724586,
        -0.04967863952425291,
        0.017643561120592267,
        -0.0025698920175402807,
        0.027626395975607447,
        -0.014831549032556218,
        -0.007569979938529317,
        -0.03431071065093263,
        -0.03365897880686503,
        -0.03467172699263497,
        -0.04417328501172979,
        0.023955442129829228,
        0.04066909704304618,
        0.10818823045572629,
        -0.015108038134260211,
        0.02624042902825515,
        0.010379797624100214
      ],
      [
        -0.07298929773451489,
        -0.04931951630999482,
        -0.06473218101257222,
        -0.06809837696314881,
        -0.03624794074627666,
        -0.015922730184077364,
        -0.03486425568272295,
        -0.052527802164539734,
        -0.03968024312020377,
        -0.02717372647168421,
        -0.07156952694548316,
        -0.03700447440998599,
        -0.05402799761341935,
        -0.057096872053751205,
        -0.04930690002307168,
        -0.04228520438758813,
        -0.06469933910136914,
        -0.037179287176662384,
        -0.07283945875313484,
        -0.02261690269502444,
        -0.05219510959137376,
        -0.07536383706628541,
        -0.09277721209550778,
        -0.046268364138514644,
        -0.01640820990179205,
        -0.03468647061586799,
        -0.11591077562226546,
        -0.041907657777799034,
        -0.01782780652104279,
        0.023640905846544075,
        -0.07463509266982774,
        -0.10933459870490758,
        -0.16682088900578543,
        0.049274772170220485,
        -0.042240410941838225,
        -0.02655243993227563,
        -0.014315773259949042,
        -0.03156981243412413,
        0.025125008818245274
      ]
    ],
    "safety_coefficients_phase_domain_family_scarcity": [
      [
        2.528722482243673e-07,
        0.10380237344528798,
        0.2723828794783163
      ],
      [
        6.26492774905243e-20,
        0.0985338116345419,
        2.649352873920208e-18
      ]
    ],
    "scale_coefficients_rows_A_B_C_cols_intercept_meanTech_meanReasoning": [
      [
        0.30107323239004996,
        0.1730428732401259,
        0.06823196053796933
      ],
      [
        0.05157110629395969,
        0.01505768138467555,
        0.08452358256616369
      ],
      [
        1.9353446937163385e-32,
        1.9927529350742172e-26,
        1.937195656959878e-28
      ]
    ]
  },
  "coefficients": [
    1.0247103974292628,
    -0.02192560282285349,
    -0.03747263466389082,
    -0.014109057695859132,
    -0.02768039435182709,
    0.00012305114503674596,
    -0.0026351424327484972,
    0.004969360669809525,
    -0.007224224105099056,
    0.02182547560712606,
    -0.024394814130722243,
    0.02493217990839185,
    -0.008378435388746695,
    -0.016471588743228727,
    0.010503436831396422,
    0.006563230556224102,
    0.005906100200102554,
    -0.01643493230586731,
    0.015050857957610013,
    0.0058857056430825444,
    -0.0210017974550748,
    -0.0377760001375448,
    -0.005292720474224993,
    -0.0027671991144724586,
    -0.04967863952425291,
    0.017643561120592267,
    -0.0025698920175402807,
    0.027626395975607447,
    -0.014831549032556218,
    -0.007569979938529317,
    -0.03431071065093263,
    -0.03365897880686503,
    -0.03467172699263497,
    -0.04417328501172979,
    0.023955442129829228,
    0.04066909704304618,
    0.10818823045572629,
    -0.015108038134260211,
    0.02624042902825515,
    0.010379797624100214,
    -0.07298929773451489,
    -0.04931951630999482,
    -0.06473218101257222,
    -0.06809837696314881,
    -0.03624794074627666,
    -0.015922730184077364,
    -0.03486425568272295,
    -0.052527802164539734,
    -0.03968024312020377,
    -0.02717372647168421,
    -0.07156952694548316,
    -0.03700447440998599,
    -0.05402799761341935,
    -0.057096872053751205,
    -0.04930690002307168,
    -0.04228520438758813,
    -0.06469933910136914,
    -0.037179287176662384,
    -0.07283945875313484,
    -0.02261690269502444,
    -0.05219510959137376,
    -0.07536383706628541,
    -0.09277721209550778,
    -0.046268364138514644,
    -0.01640820990179205,
    -0.03468647061586799,
    -0.11591077562226546,
    -0.041907657777799034,
    -0.01782780652104279,
    0.023640905846544075,
    -0.07463509266982774,
    -0.10933459870490758,
    -0.16682088900578543,
    0.049274772170220485,
    -0.042240410941838225,
    -0.02655243993227563,
    -0.014315773259949042,
    -0.03156981243412413,
    0.025125008818245274,
    2.528722482243673e-07,
    0.10380237344528798,
    0.2723828794783163,
    6.26492774905243e-20,
    0.0985338116345419,
    2.649352873920208e-18,
    0.30107323239004996,
    0.1730428732401259,
    0.06823196053796933,
    0.05157110629395969,
    0.01505768138467555,
    0.08452358256616369,
    1.9353446937163385e-32,
    1.9927529350742172e-26,
    1.937195656959878e-28,
    0.063606559099314
  ],
  "domains": [
    "dolma3_cc/art_and_design_high",
    "dolma3_cc/art_and_design_low",
    "dolma3_cc/crime_and_law_high",
    "dolma3_cc/crime_and_law_low",
    "dolma3_cc/education_and_jobs_high",
    "dolma3_cc/education_and_jobs_low",
    "dolma3_cc/electronics_and_hardware_high",
    "dolma3_cc/electronics_and_hardware_low",
    "dolma3_cc/entertainment_high",
    "dolma3_cc/entertainment_low",
    "dolma3_cc/finance_and_business_high",
    "dolma3_cc/finance_and_business_low",
    "dolma3_cc/food_and_dining_high",
    "dolma3_cc/food_and_dining_low",
    "dolma3_cc/games_high",
    "dolma3_cc/games_low",
    "dolma3_cc/health_high",
    "dolma3_cc/health_low",
    "dolma3_cc/history_and_geography_high",
    "dolma3_cc/history_and_geography_low",
    "dolma3_cc/industrial_high",
    "dolma3_cc/industrial_low",
    "dolma3_cc/literature_high",
    "dolma3_cc/literature_low",
    "dolma3_cc/science_math_and_technology_high",
    "dolma3_cc/science_math_and_technology_low",
    "dolma3_stack_edu",
    "dolma3_arxiv",
    "dolma3_finemath_3plus",
    "dolma3_wikipedia",
    "dolmino_common_crawl_hq",
    "dolmino_olmocr_pdfs_hq",
    "dolmino_stack_edu_fim",
    "dolmino_stem_heavy_crawl",
    "dolmino_synth_code",
    "dolmino_synth_instruction",
    "dolmino_synth_math",
    "dolmino_synth_qa",
    "dolmino_synth_thinking"
  ],
  "exponents": {
    "alpha_N": 0.18,
    "beta_D": 0.26,
    "gamma_ND": 0.11
  },
  "extra_terms": [
    {
      "carrier": "const",
      "exponent": 0.3,
      "kind": "D"
    }
  ],