{
  "all_scalar_count_including_fixed_exponents": 98,
  "anchor_reference": {
    "D0": 5999951872.0,
    "N0": 102648576.0,
    "display": "100M/6B",
    "scale": "300m_6b"
  },
  "blocks": {
    "extra_scale_coefficients": [],
    "intercept": 1.0184962241030626,
    "power_coefficients_phase_domain": [
      [
        -0.022717003081825445,
        -0.04120966004145364,
        -0.01175776333404872,
        -0.02785512153817043,
        0.005124125167305593,
        0.00400525367944905,
        0.01827985710257131,
        0.0020886658775669613,
        0.022832280692691248,
        -0.022709618264935956,
        0.03137565377398011,
        -0.008109488606402393,
        -0.019068200284750838,
        0.02099580043008896,
        0.0033743335159478996,
        0.007042684668024231,
        -0.015562680725016603,
        0.017715933989070357,
        0.01852116627240161,
        -0.02908633952735834,
        -0.03775459498561969,
        0.0001838561225443015,
        0.006483498407874901,
        -0.049692322488895546,
        0.018828634226614977,
        -0.00678557407132452,
        0.03870304274855135,
        -0.01405927315184917,
        -0.0031612526132001988,
        -0.027197369237058126,
        -0.03098330219673535,
        -0.0370739878882394,
        -0.05572369060662623,
        0.027540005798361616,
        0.05018020367791978,
        0.13038220270803705,
        -0.014664412219817577,
        0.02461392668764594,
        0.007070382161778695
      ],
      [
        -0.08856067302064684,
        -0.07022193660665933,
        -0.07838624338557422,
        -0.0856698556541709,
        -0.04745650561395504,
        -0.026126245018660746,
        -0.047490439803475906,
        -0.07176438632449474,
        -0.05405351183918013,
        -0.03806208606379499,
        -0.0886552529063916,
        -0.03942558377692874,
        -0.07221413937020255,
        -0.06885522212051141,
        -0.06204363696889344,
        -0.05100391550708211,
        -0.08177451088389975,
        -0.055098967994116725,
        -0.090535860678819,
        -0.029653433167852072,
        -0.06408181816859697,
        -0.09181641042174671,
        -0.10341757942963414,
        -0.05252573984030425,
        -0.02663447894374347,
        -0.04182120545729769,
        -0.13087702268345916,
        -0.055400448763319295,
        -0.024273873279316124,
        0.015551649297205497,
        -0.08869268273974625,
        -0.1282011870721472,
        -0.1856839704701911,
        0.05195444466190648,
        -0.04917951822942525,
        -0.03775367861831505,
        -0.015070860016709188,
        -0.043879348698219245,
        0.02207655633625417
      ]
    ],
    "safety_coefficients_phase_domain_family_scarcity": [
      [
        0.019730466674837344,
        0.10124102156797671,
        0.26763636588370676
      ],
      [
        7.523825115124599e-17,
        0.10866480224597362,
        1.8923870918627566e-16
      ]
    ],
    "scale_coefficients_rows_A_B_C_cols_intercept_meanTech_meanReasoning": [
      [
        0.32078595348212136,
        0.05715193174119795,
        0.08495469677407122
      ],
      [
        0.11435362936721333,
        0.07131654406915884,
        0.11327334680612217
      ],
      [
        2.8071211067131967e-28,
        2.234289023946436e-19,
        4.703125074451896e-15
      ]
    ]
  },
  "coefficients": [
    1.0184962241030626,
    -0.022717003081825445,
    -0.04120966004145364,
    -0.01175776333404872,
    -0.02785512153817043,
    0.005124125167305593,
    0.00400525367944905,
    0.01827985710257131,
    0.0020886658775669613,
    0.022832280692691248,
    -0.022709618264935956,
    0.03137565377398011,
    -0.008109488606402393,
    -0.019068200284750838,
    0.02099580043008896,
    0.0033743335159478996,
    0.007042684668024231,
    -0.015562680725016603,
    0.017715933989070357,
    0.01852116627240161,
    -0.02908633952735834,
    -0.03775459498561969,
    0.0001838561225443015,
    0.006483498407874901,
    -0.049692322488895546,
    0.018828634226614977,
    -0.00678557407132452,
    0.03870304274855135,
    -0.01405927315184917,
    -0.0031612526132001988,
    -0.027197369237058126,
    -0.03098330219673535,
    -0.0370739878882394,
    -0.05572369060662623,
    0.027540005798361616,
    0.05018020367791978,
    0.13038220270803705,
    -0.014664412219817577,
    0.02461392668764594,
    0.007070382161778695,
    -0.08856067302064684,
    -0.07022193660665933,
    -0.07838624338557422,
    -0.0856698556541709,
    -0.04745650561395504,
    -0.026126245018660746,
    -0.047490439803475906,
    -0.07176438632449474,
    -0.05405351183918013,
    -0.03806208606379499,
    -0.0886552529063916,
    -0.03942558377692874,
    -0.07221413937020255,
    -0.06885522212051141,
    -0.06204363696889344,
    -0.05100391550708211,
    -0.08177451088389975,
    -0.055098967994116725,
    -0.090535860678819,
    -0.029653433167852072,
    -0.06408181816859697,
    -0.09181641042174671,
    -0.10341757942963414,
    -0.05252573984030425,
    -0.02663447894374347,
    -0.04182120545729769,
    -0.13087702268345916,
    -0.055400448763319295,
    -0.024273873279316124,
    0.015551649297205497,
    -0.08869268273974625,
    -0.1282011870721472,
    -0.1856839704701911,
    0.05195444466190648,
    -0.04917951822942525,
    -0.03775367861831505,
    -0.015070860016709188,
    -0.043879348698219245,
    0.02207655633625417,
    0.019730466674837344,
    0.10124102156797671,
    0.26763636588370676,
    7.523825115124599e-17,
    0.10866480224597362,
    1.8923870918627566e-16,
    0.32078595348212136,
    0.05715193174119795,
    0.08495469677407122,
    0.11435362936721333,
    0.07131654406915884,
    0.11327334680612217,
    2.8071211067131967e-28,
    2.234289023946436e-19,
    4.703125074451896e-15
  ],
  "domains": [
    "dolma3_cc/art_and_design_high",
    "dolma3_cc/art_and_design_low",
    "dolma3_cc/crime_and_law_high",
    "dolma3_cc/crime_and_law_low",
    "dolma3_cc/education_and_jobs_high",
    "dolma3_cc/education_and_jobs_low",
    "dolma3_cc/electronics_and_hardware_high",
    "dolma3_cc/electronics_and_hardware_low",
    "dolma3_cc/entertainment_high",
    "dolma3_cc/entertainment_low",
    "dolma3_cc/finance_and_business_high",
    "dolma3_cc/finance_and_business_low",
    "dolma3_cc/food_and_dining_high",
    "dolma3_cc/food_and_dining_low",
    "dolma3_cc/games_high",
    "dolma3_cc/games_low",
    "dolma3_cc/health_high",
    "dolma3_cc/health_low",
    "dolma3_cc/history_and_geography_high",
    "dolma3_cc/history_and_geography_low",
    "dolma3_cc/industrial_high",
    "dolma3_cc/industrial_low",
    "dolma3_cc/literature_high",
    "dolma3_cc/literature_low",
    "dolma3_cc/science_math_and_technology_high",
    "dolma3_cc/science_math_and_technology_low",
    "dolma3_stack_edu",
    "dolma3_arxiv",
    "dolma3_finemath_3plus",
    "dolma3_wikipedia",
    "dolmino_common_crawl_hq",
    "dolmino_olmocr_pdfs_hq",
    "dolmino_stack_edu_fim",
    "dolmino_stem_heavy_crawl",
    "dolmino_synth_code",
    "dolmino_synth_instruction",
    "dolmino_synth_math",
    "dolmino_synth_qa",
    "dolmino_synth_thinking"
  ],
  "exponents": {
    "alpha_N": 0.18,
    "beta_D": 0.26,
    "gamma_ND": 0.11
  },
  "extra_terms": [],