{
  "all_scalar_count_including_fixed_exponents": 100,
  "anchor_reference": {
    "D0": 5999951872.0,
    "N0": 102648576.0,
    "display": "100M/6B",
    "scale": "300m_6b"
  },
  "blocks": {
    "extra_scale_coefficients": [
      0.05257110626540815
    ],
    "intercept": 1.0275137537568835,
    "power_coefficients_phase_domain": [
      [
        -0.02144549387459345,
        -0.02882994673587647,
        -0.009941848678973764,
        -0.024317028806476768,
        0.006131371304486406,
        -0.0008764797984832866,
        0.01323980515737737,
        0.0016851785843602777,
        0.02130190664816938,
        -0.01672755695349933,
        0.026403846363804894,
        -0.008425744429792378,
        -0.013185871965783661,
        0.016551922904587922,
        0.0052707777668811575,
        0.007973273423465684,
        -0.012201234120280511,
        0.014167742351962583,
        0.0163569529756055,
        -0.020109461198557325,
        -0.036289711391012884,
        -0.0006738665654668886,
        0.006047602283473052,
        -0.04245229652980968,
        0.012832848323096132,
        -0.015219810633324648,
        0.017299108350442193,
        -0.017777257315489733,
        -0.008046584928690578,
        -0.02364887952972464,
        -0.024266344119216757,
        -0.030929587279106812,
        -0.04403314604220538,
        0.019733413084189307,
        0.0348145716348694,
        0.09616477499941091,
        -0.020811901754348505,
        0.013464701867597408,
        -0.00037798808284057235
      ],
      [
        -0.054098068218499114,
        -0.03855064733181494,
        -0.04575420517674214,
        -0.054342941450594026,
        -0.021085978478913164,
        -0.009767422325482833,
        -0.023980612569282495,
        -0.04063822233111725,
        -0.031163100986763555,
        -0.011383544005325576,
        -0.057248083122489975,
        -0.018957267202330576,
        -0.040024788112685214,
        -0.0408448957424799,
        -0.03853031685928489,
        -0.026397497995261105,
        -0.05185571050366811,
        -0.027144126972625863,
        -0.06134338498050967,
        -0.008311855160748746,
        -0.03701405076789663,
        -0.054964266384901504,
        -0.07257684844812756,
        -0.031002989793746074,
        -0.013534733157893698,
        -0.03333560460418729,
        -0.10656628591918692,
        -0.0400617391601301,
        -0.018041429939637713,
        0.03165616793518307,
        -0.055490354178827,
        -0.08863804035972196,
        -0.15114793620085432,
        0.048149513323831404,
        -0.04041395922329476,
        -0.027102816989443106,
        -0.01020410838973184,
        -0.02944460593690885,
        0.017445926568738584
      ]
    ],
    "safety_coefficients_phase_domain_family_scarcity": [
      [
        0.02180275437711177,
        0.08773560785794826,
        0.2640856690778123
      ],
      [
        1.1606773843040578e-09,
        0.0820851486954156,
        1.1991431216021583e-08
      ]
    ],
    "scale_coefficients_rows_A_B_C_cols_intercept_meanTech_meanReasoning": [
      [
        0.29652862436785593,
        0.10164047324462966,
        0.22464434933182356
      ],
      [
        0.04082266548464079,
        0.06040714849274071,
        0.09070834746672733
      ],
      [
        6.845546904070626e-16,
        1.9798617891290387e-12,
        1.1411210720055814e-14
      ]
    ]
  },
  "coefficients": [
    1.0275137537568835,
    -0.02144549387459345,
    -0.02882994673587647,
    -0.009941848678973764,
    -0.024317028806476768,
    0.006131371304486406,
    -0.0008764797984832866,
    0.01323980515737737,
    0.0016851785843602777,
    0.02130190664816938,
    -0.01672755695349933,
    0.026403846363804894,
    -0.008425744429792378,
    -0.013185871965783661,
    0.016551922904587922,
    0.0052707777668811575,
    0.007973273423465684,
    -0.012201234120280511,
    0.014167742351962583,
    0.0163569529756055,
    -0.020109461198557325,
    -0.036289711391012884,
    -0.0006738665654668886,
    0.006047602283473052,
    -0.04245229652980968,
    0.012832848323096132,
    -0.015219810633324648,
    0.017299108350442193,
    -0.017777257315489733,
    -0.008046584928690578,
    -0.02364887952972464,
    -0.024266344119216757,
    -0.030929587279106812,
    -0.04403314604220538,
    0.019733413084189307,
    0.0348145716348694,
    0.09616477499941091,
    -0.020811901754348505,
    0.013464701867597408,
    -0.00037798808284057235,
    -0.054098068218499114,
    -0.03855064733181494,
    -0.04575420517674214,
    -0.054342941450594026,
    -0.021085978478913164,
    -0.009767422325482833,
    -0.023980612569282495,
    -0.04063822233111725,
    -0.031163100986763555,
    -0.011383544005325576,
    -0.057248083122489975,
    -0.018957267202330576,
    -0.040024788112685214,
    -0.0408448957424799,
    -0.03853031685928489,
    -0.026397497995261105,
    -0.05185571050366811,
    -0.027144126972625863,
    -0.06134338498050967,
    -0.008311855160748746,
    -0.03701405076789663,
    -0.054964266384901504,
    -0.07257684844812756,
    -0.031002989793746074,
    -0.013534733157893698,
    -0.03333560460418729,
    -0.10656628591918692,
    -0.0400617391601301,
    -0.018041429939637713,
    0.03165616793518307,
    -0.055490354178827,
    -0.08863804035972196,
    -0.15114793620085432,
    0.048149513323831404,
    -0.04041395922329476,
    -0.027102816989443106,
    -0.01020410838973184,
    -0.02944460593690885,
    0.017445926568738584,
    0.02180275437711177,
    0.08773560785794826,
    0.2640856690778123,
    1.1606773843040578e-09,
    0.0820851486954156,
    1.1991431216021583e-08,
    0.29652862436785593,
    0.10164047324462966,
    0.22464434933182356,
    0.04082266548464079,
    0.06040714849274071,
    0.09070834746672733,
    6.845546904070626e-16,
    1.9798617891290387e-12,
    1.1411210720055814e-14,
    0.05257110626540815
  ],
  "domains": [
    "dolma3_cc/art_and_design_high",
    "dolma3_cc/art_and_design_low",
    "dolma3_cc/crime_and_law_high",
    "dolma3_cc/crime_and_law_low",
    "dolma3_cc/education_and_jobs_high",
    "dolma3_cc/education_and_jobs_low",
    "dolma3_cc/electronics_and_hardware_high",
    "dolma3_cc/electronics_and_hardware_low",
    "dolma3_cc/entertainment_high",
    "dolma3_cc/entertainment_low",
    "dolma3_cc/finance_and_business_high",
    "dolma3_cc/finance_and_business_low",
    "dolma3_cc/food_and_dining_high",
    "dolma3_cc/food_and_dining_low",
    "dolma3_cc/games_high",
    "dolma3_cc/games_low",
    "dolma3_cc/health_high",
    "dolma3_cc/health_low",
    "dolma3_cc/history_and_geography_high",
    "dolma3_cc/history_and_geography_low",
    "dolma3_cc/industrial_high",
    "dolma3_cc/industrial_low",
    "dolma3_cc/literature_high",
    "dolma3_cc/literature_low",
    "dolma3_cc/science_math_and_technology_high",
    "dolma3_cc/science_math_and_technology_low",
    "dolma3_stack_edu",
    "dolma3_arxiv",
    "dolma3_finemath_3plus",
    "dolma3_wikipedia",
    "dolmino_common_crawl_hq",
    "dolmino_olmocr_pdfs_hq",
    "dolmino_stack_edu_fim",
    "dolmino_stem_heavy_crawl",
    "dolmino_synth_code",
    "dolmino_synth_instruction",
    "dolmino_synth_math",
    "dolmino_synth_qa",
    "dolmino_synth_thinking"
  ],
  "exponents": {
    "alpha_N": 0.18,
    "beta_D": 0.26,
    "gamma_ND": 0.11
  },
  "extra_terms": [
    {
      "carrier": "const",
      "exponent": 0.36,
      "kind": "D"
    }
  ],