{
  "all_scalar_count_including_fixed_exponents": 100,
  "anchor_reference": {
    "D0": 5999951872.0,
    "N0": 102648576.0,
    "display": "100M/6B",
    "scale": "300m_6b"
  },
  "blocks": {
    "extra_scale_coefficients": [
      0.06013623138236875
    ],
    "intercept": 1.0163371904731884,
    "power_coefficients_phase_domain": [
      [
        -0.022617787690223025,
        -0.036742784694689015,
        -0.012238533439185502,
        -0.02655349122738738,
        0.005096698291048107,
        -7.338611282254913e-05,
        0.014901165608298888,
        0.00019970319057308107,
        0.020655004970853225,
        -0.02114290524752502,
        0.02803201491542925,
        -0.00939307953387475,
        -0.01778692373121783,
        0.017305913355393922,
        0.0024644025030041905,
        0.005617611001265358,
        -0.014739980563380585,
        0.014328595107802995,
        0.015165282399881895,
        -0.025927583479909973,
        -0.03806156532772244,
        -0.001863908673810191,
        0.004373677074526735,
        -0.047194855837760445,
        0.017984305728229455,
        -0.009532460824374648,
        0.02873230781687629,
        -0.013998331034597968,
        -0.004618560375804971,
        -0.02907971137595148,
        -0.02898340748158361,
        -0.03397359872710725,
        -0.048439378072093954,
        0.024765964274529373,
        0.04289629397691368,
        0.11547359677869527,
        -0.01575823148757786,
        0.02233202805573397,
        0.0067959939620121194
      ],
      [
        -0.06995334030993598,
        -0.05369325069650452,
        -0.061052296562251564,
        -0.06802290012296763,
        -0.03300829595293421,
        -0.017463636113509463,
        -0.03469991892605207,
        -0.0549208120681029,
        -0.04202886511646954,
        -0.02287405741818583,
        -0.07141219287893522,
        -0.028636964857725,
        -0.0548438044145096,
        -0.05380520479672057,
        -0.04979491472481858,
        -0.03812347122900155,
        -0.06545801389054026,
        -0.04063057015527742,
        -0.07426572114878514,
        -0.01834395063831476,
        -0.04942822264024727,
        -0.07227127626123424,
        -0.08636233094937128,
        -0.04098578519095494,
        -0.01677328516856528,
        -0.03499346057217074,
        -0.11599366204564185,
        -0.04502745305769802,
        -0.018634568657860402,
        0.02414958314376744,
        -0.07108476052215962,
        -0.10734657580341735,
        -0.166710662084788,
        0.052510932104321735,
        -0.041676290213542445,
        -0.029520466190229203,
        -0.009198473665606574,
        -0.032311404095676705,
        0.02311178134967183
      ]
    ],
    "safety_coefficients_phase_domain_family_scarcity": [
      [
        0.0077103212174376955,
        0.10165262223392173,
        0.2713999978297502
      ],
      [
        3.542385812305927e-13,
        0.09985065234983595,
        1.3218778396908175e-12
      ]
    ],
    "scale_coefficients_rows_A_B_C_cols_intercept_meanTech_meanReasoning": [
      [
        0.3048581431092156,
        0.09158721230790914,
        0.16313193802331974
      ],
      [
        0.04977298016020314,
        0.0546334958651153,
        0.08566804208376366
      ],
      [
        2.0705976683631016e-21,
        3.7979918784905786e-18,
        3.4882438962452316e-20
      ]
    ]
  },
  "coefficients": [
    1.0163371904731884,
    -0.022617787690223025,
    -0.036742784694689015,
    -0.012238533439185502,
    -0.02655349122738738,
    0.005096698291048107,
    -7.338611282254913e-05,
    0.014901165608298888,
    0.00019970319057308107,
    0.020655004970853225,
    -0.02114290524752502,
    0.02803201491542925,
    -0.00939307953387475,
    -0.01778692373121783,
    0.017305913355393922,
    0.0024644025030041905,
    0.005617611001265358,
    -0.014739980563380585,
    0.014328595107802995,
    0.015165282399881895,
    -0.025927583479909973,
    -0.03806156532772244,
    -0.001863908673810191,
    0.004373677074526735,
    -0.047194855837760445,
    0.017984305728229455,
    -0.009532460824374648,
    0.02873230781687629,
    -0.013998331034597968,
    -0.004618560375804971,
    -0.02907971137595148,
    -0.02898340748158361,
    -0.03397359872710725,
    -0.048439378072093954,
    0.024765964274529373,
    0.04289629397691368,
    0.11547359677869527,
    -0.01575823148757786,
    0.02233202805573397,
    0.0067959939620121194,
    -0.06995334030993598,
    -0.05369325069650452,
    -0.061052296562251564,
    -0.06802290012296763,
    -0.03300829595293421,
    -0.017463636113509463,
    -0.03469991892605207,
    -0.0549208120681029,
    -0.04202886511646954,
    -0.02287405741818583,
    -0.07141219287893522,
    -0.028636964857725,
    -0.0548438044145096,
    -0.05380520479672057,
    -0.04979491472481858,
    -0.03812347122900155,
    -0.06545801389054026,
    -0.04063057015527742,
    -0.07426572114878514,
    -0.01834395063831476,
    -0.04942822264024727,
    -0.07227127626123424,
    -0.08636233094937128,
    -0.04098578519095494,
    -0.01677328516856528,
    -0.03499346057217074,
    -0.11599366204564185,
    -0.04502745305769802,
    -0.018634568657860402,
    0.02414958314376744,
    -0.07108476052215962,
    -0.10734657580341735,
    -0.166710662084788,
    0.052510932104321735,
    -0.041676290213542445,
    -0.029520466190229203,
    -0.009198473665606574,
    -0.032311404095676705,
    0.02311178134967183,
    0.0077103212174376955,
    0.10165262223392173,
    0.2713999978297502,
    3.542385812305927e-13,
    0.09985065234983595,
    1.3218778396908175e-12,
    0.3048581431092156,
    0.09158721230790914,
    0.16313193802331974,
    0.04977298016020314,
    0.0546334958651153,
    0.08566804208376366,
    2.0705976683631016e-21,
    3.7979918784905786e-18,
    3.4882438962452316e-20,
    0.06013623138236875
  ],
  "domains": [
    "dolma3_cc/art_and_design_high",
    "dolma3_cc/art_and_design_low",
    "dolma3_cc/crime_and_law_high",
    "dolma3_cc/crime_and_law_low",
    "dolma3_cc/education_and_jobs_high",
    "dolma3_cc/education_and_jobs_low",
    "dolma3_cc/electronics_and_hardware_high",
    "dolma3_cc/electronics_and_hardware_low",
    "dolma3_cc/entertainment_high",
    "dolma3_cc/entertainment_low",
    "dolma3_cc/finance_and_business_high",
    "dolma3_cc/finance_and_business_low",
    "dolma3_cc/food_and_dining_high",
    "dolma3_cc/food_and_dining_low",
    "dolma3_cc/games_high",
    "dolma3_cc/games_low",
    "dolma3_cc/health_high",
    "dolma3_cc/health_low",
    "dolma3_cc/history_and_geography_high",
    "dolma3_cc/history_and_geography_low",
    "dolma3_cc/industrial_high",
    "dolma3_cc/industrial_low",
    "dolma3_cc/literature_high",
    "dolma3_cc/literature_low",
    "dolma3_cc/science_math_and_technology_high",
    "dolma3_cc/science_math_and_technology_low",
    "dolma3_stack_edu",
    "dolma3_arxiv",
    "dolma3_finemath_3plus",
    "dolma3_wikipedia",
    "dolmino_common_crawl_hq",
    "dolmino_olmocr_pdfs_hq",
    "dolmino_stack_edu_fim",
    "dolmino_stem_heavy_crawl",
    "dolmino_synth_code",
    "dolmino_synth_instruction",
    "dolmino_synth_math",
    "dolmino_synth_qa",
    "dolmino_synth_thinking"
  ],
  "exponents": {
    "alpha_N": 0.18,
    "beta_D": 0.26,
    "gamma_ND": 0.11
  },
  "extra_terms": [
    {
      "carrier": "const",
      "exponent": 0.3,
      "kind": "D"
    }
  ],