{
  "all_scalar_count_including_fixed_exponents": 98,
  "anchor_reference": {
    "D0": 5999951872.0,
    "N0": 102648576.0,
    "display": "100M/6B",
    "scale": "300m_6b"
  },
  "blocks": {
    "extra_scale_coefficients": [],
    "intercept": 1.034136230909117,
    "power_coefficients_phase_domain": [
      [
        -0.01998249534735099,
        -0.028160730355005048,
        -0.010778398183772577,
        -0.02433694253317322,
        0.0017625781576372497,
        -0.002122449243378275,
        0.005780707611018088,
        -0.004374914384221892,
        0.023012675152672316,
        -0.01889192977757639,
        0.02469971208178521,
        -0.006897250332640419,
        -0.01120784022256861,
        0.011692764289303964,
        0.010174387042643764,
        0.009683441837131173,
        -0.013235027675885382,
        0.016128276750979904,
        0.009204812544907584,
        -0.014642142339309362,
        -0.034679281860446914,
        -0.0025341872983068213,
        0.000550730411415865,
        -0.04387747573501364,
        0.011885189646542935,
        -0.009234231013921452,
        0.01589617240975319,
        -0.01778880809720343,
        -0.010653892881200699,
        -0.027079395017224044,
        -0.02709408617944985,
        -0.03014776739684707,
        -0.04098199512995272,
        0.018405761149452717,
        0.03275228454655232,
        0.08842795018411688,
        -0.020228791967187774,
        0.0158250202109387,
        0.0022059243354826696
      ],
      [
        -0.056106323495555985,
        -0.0334103357633094,
        -0.04834709312839098,
        -0.054168996359607535,
        -0.02335938053372121,
        -0.007558217553917508,
        -0.023418982693463358,
        -0.0374132673189113,
        -0.02806924566694606,
        -0.014845286246383291,
        -0.057309510965102006,
        -0.025364003572798843,
        -0.03834906040945386,
        -0.042988515974704135,
        -0.03692162607434464,
        -0.02927525301399118,
        -0.05013219146599588,
        -0.023556990792912805,
        -0.058767377714706706,
        -0.011302868555209967,
        -0.03863294944727698,
        -0.056831601485865746,
        -0.07734139233319538,
        -0.03492905403044763,
        -0.01415002174816907,
        -0.03346336858649945,
        -0.1078023308509081,
        -0.03756103643561775,
        -0.01733292520856212,
        0.03193909888137186,
        -0.058098516452370366,
        -0.088863807562954,
        -0.15113831042814302,
        0.044850606738834474,
        -0.041157124976079415,
        -0.02510869611192258,
        -0.015611241327229327,
        -0.03078316321793242,
        0.018062356685932052
      ]
    ],
    "safety_coefficients_phase_domain_family_scarcity": [
      [
        0.015778673425966394,
        0.08890224710212723,
        0.2645497094410753
      ],
      [
        9.00734915189721e-24,
        0.07997586721113811,
        3.195976565453301e-32
      ]
    ],
    "scale_coefficients_rows_A_B_C_cols_intercept_meanTech_meanReasoning": [
      [
        0.30845960278887247,
        0.1548685022999403,
        0.04682899091302354
      ],
      [
        0.11486933761959434,
        0.044997290079914695,
        0.13316291633949848
      ],
      [
        2.5183557852403204e-42,
        1.001132489707731e-30,
        2.4776933958458705e-19
      ]
    ]
  },
  "coefficients": [
    1.034136230909117,
    -0.01998249534735099,
    -0.028160730355005048,
    -0.010778398183772577,
    -0.02433694253317322,
    0.0017625781576372497,
    -0.002122449243378275,
    0.005780707611018088,
    -0.004374914384221892,
    0.023012675152672316,
    -0.01889192977757639,
    0.02469971208178521,
    -0.006897250332640419,
    -0.01120784022256861,
    0.011692764289303964,
    0.010174387042643764,
    0.009683441837131173,
    -0.013235027675885382,
    0.016128276750979904,
    0.009204812544907584,
    -0.014642142339309362,
    -0.034679281860446914,
    -0.0025341872983068213,
    0.000550730411415865,
    -0.04387747573501364,
    0.011885189646542935,
    -0.009234231013921452,
    0.01589617240975319,
    -0.01778880809720343,
    -0.010653892881200699,
    -0.027079395017224044,
    -0.02709408617944985,
    -0.03014776739684707,
    -0.04098199512995272,
    0.018405761149452717,
    0.03275228454655232,
    0.08842795018411688,
    -0.020228791967187774,
    0.0158250202109387,
    0.0022059243354826696,
    -0.056106323495555985,
    -0.0334103357633094,
    -0.04834709312839098,
    -0.054168996359607535,
    -0.02335938053372121,
    -0.007558217553917508,
    -0.023418982693463358,
    -0.0374132673189113,
    -0.02806924566694606,
    -0.014845286246383291,
    -0.057309510965102006,
    -0.025364003572798843,
    -0.03834906040945386,
    -0.042988515974704135,
    -0.03692162607434464,
    -0.02927525301399118,
    -0.05013219146599588,
    -0.023556990792912805,
    -0.058767377714706706,
    -0.011302868555209967,
    -0.03863294944727698,
    -0.056831601485865746,
    -0.07734139233319538,
    -0.03492905403044763,
    -0.01415002174816907,
    -0.03346336858649945,
    -0.1078023308509081,
    -0.03756103643561775,
    -0.01733292520856212,
    0.03193909888137186,
    -0.058098516452370366,
    -0.088863807562954,
    -0.15113831042814302,
    0.044850606738834474,
    -0.041157124976079415,
    -0.02510869611192258,
    -0.015611241327229327,
    -0.03078316321793242,
    0.018062356685932052,
    0.015778673425966394,
    0.08890224710212723,
    0.2645497094410753,
    9.00734915189721e-24,
    0.07997586721113811,
    3.195976565453301e-32,
    0.30845960278887247,
    0.1548685022999403,
    0.04682899091302354,
    0.11486933761959434,
    0.044997290079914695,
    0.13316291633949848,
    2.5183557852403204e-42,
    1.001132489707731e-30,
    2.4776933958458705e-19
  ],
  "domains": [
    "dolma3_cc/art_and_design_high",
    "dolma3_cc/art_and_design_low",
    "dolma3_cc/crime_and_law_high",
    "dolma3_cc/crime_and_law_low",
    "dolma3_cc/education_and_jobs_high",
    "dolma3_cc/education_and_jobs_low",
    "dolma3_cc/electronics_and_hardware_high",
    "dolma3_cc/electronics_and_hardware_low",
    "dolma3_cc/entertainment_high",
    "dolma3_cc/entertainment_low",
    "dolma3_cc/finance_and_business_high",
    "dolma3_cc/finance_and_business_low",
    "dolma3_cc/food_and_dining_high",
    "dolma3_cc/food_and_dining_low",
    "dolma3_cc/games_high",
    "dolma3_cc/games_low",
    "dolma3_cc/health_high",
    "dolma3_cc/health_low",
    "dolma3_cc/history_and_geography_high",
    "dolma3_cc/history_and_geography_low",
    "dolma3_cc/industrial_high",
    "dolma3_cc/industrial_low",
    "dolma3_cc/literature_high",
    "dolma3_cc/literature_low",
    "dolma3_cc/science_math_and_technology_high",
    "dolma3_cc/science_math_and_technology_low",
    "dolma3_stack_edu",
    "dolma3_arxiv",
    "dolma3_finemath_3plus",
    "dolma3_wikipedia",
    "dolmino_common_crawl_hq",
    "dolmino_olmocr_pdfs_hq",
    "dolmino_stack_edu_fim",
    "dolmino_stem_heavy_crawl",
    "dolmino_synth_code",
    "dolmino_synth_instruction",
    "dolmino_synth_math",
    "dolmino_synth_qa",
    "dolmino_synth_thinking"
  ],
  "exponents": {
    "alpha_N": 0.18,
    "beta_D": 0.26,
    "gamma_ND": 0.11
  },
  "extra_terms": [],