{
  "all_scalar_count_including_fixed_exponents": 100,
  "anchor_reference": {
    "D0": 5999951872.0,
    "N0": 102648576.0,
    "display": "100M/6B",
    "scale": "300m_6b"
  },
  "blocks": {
    "extra_scale_coefficients": [
      0.05442744148147105
    ],
    "intercept": 1.034465004414479,
    "power_coefficients_phase_domain": [
      [
        -0.02040157071533127,
        -0.028897844180595638,
        -0.01114423723693996,
        -0.024679271763732104,
        0.0017041771190150887,
        -0.0026459867724733456,
        0.004939838609027326,
        -0.004694763623654101,
        0.022677437012394983,
        -0.01920545823823503,
        0.024330206507074917,
        -0.007311644192269687,
        -0.011584556661152575,
        0.011086650497828506,
        0.009476222961680485,
        0.008998527503386483,
        -0.01341732875206778,
        0.01526903722573671,
        0.008553215168969102,
        -0.015218665127404475,
        -0.03537448056224366,
        -0.003456080460768598,
        -4.819414530583314e-06,
        -0.04416505940583936,
        0.012732498370316337,
        -0.008554126190118272,
        0.016540229087551706,
        -0.017456287515062188,
        -0.010286597271443572,
        -0.02833163159939892,
        -0.02753892622150762,
        -0.031118452165639608,
        -0.039956575485495416,
        0.018708514502639915,
        0.03303772498824039,
        0.08975989324714344,
        -0.019792954924316663,
        0.017148705437327768,
        0.003386482576344282
      ],
      [
        -0.05658510444682917,
        -0.03417798014768248,
        -0.04899341963213615,
        -0.05450839079403948,
        -0.023773155863164516,
        -0.00798620503327675,
        -0.024054933454588603,
        -0.03819023790174751,
        -0.028739667116837616,
        -0.01512347653132472,
        -0.05752801835429833,
        -0.026063449674485015,
        -0.039076015292121506,
        -0.043780101786720135,
        -0.037622015853379966,
        -0.030012631061833574,
        -0.05105506671603564,
        -0.02431895111656638,
        -0.059718009752089275,
        -0.011930053868034399,
        -0.03918579084836366,
        -0.05753224549534395,
        -0.07788624471752957,
        -0.03503875951417024,
        -0.013740474694358774,
        -0.03280698617602456,
        -0.10682926272285242,
        -0.037245863750788394,
        -0.016870275412354592,
        0.03106436264265223,
        -0.058492053713867925,
        -0.09018731865166238,
        -0.15093380638938372,
        0.0453947943713176,
        -0.04062150988195544,
        -0.024463388371919276,
        -0.014756283617205719,
        -0.02906457102225515,
        0.019116168501882608
      ]
    ],
    "safety_coefficients_phase_domain_family_scarcity": [
      [
        0.015014055733589878,
        0.08948155577530743,
        0.26608020798994997
      ],
      [
        1.8738443240409844e-13,
        0.08056071995202364,
        2.0968789938797536e-11
      ]
    ],
    "scale_coefficients_rows_A_B_C_cols_intercept_meanTech_meanReasoning": [
      [
        0.2930947258608168,
        0.19020988358411767,
        0.10263681736026714
      ],
      [
        0.04379516481835402,
        0.020734412919573644,
        0.09544775912903057
      ],
      [
        3.081620584381254e-19,
        2.5459365434189324e-12,
        3.1309648404305525e-12
      ]
    ]
  },
  "coefficients": [
    1.034465004414479,
    -0.02040157071533127,
    -0.028897844180595638,
    -0.01114423723693996,
    -0.024679271763732104,
    0.0017041771190150887,
    -0.0026459867724733456,
    0.004939838609027326,
    -0.004694763623654101,
    0.022677437012394983,
    -0.01920545823823503,
    0.024330206507074917,
    -0.007311644192269687,
    -0.011584556661152575,
    0.011086650497828506,
    0.009476222961680485,
    0.008998527503386483,
    -0.01341732875206778,
    0.01526903722573671,
    0.008553215168969102,
    -0.015218665127404475,
    -0.03537448056224366,
    -0.003456080460768598,
    -4.819414530583314e-06,
    -0.04416505940583936,
    0.012732498370316337,
    -0.008554126190118272,
    0.016540229087551706,
    -0.017456287515062188,
    -0.010286597271443572,
    -0.02833163159939892,
    -0.02753892622150762,
    -0.031118452165639608,
    -0.039956575485495416,
    0.018708514502639915,
    0.03303772498824039,
    0.08975989324714344,
    -0.019792954924316663,
    0.017148705437327768,
    0.003386482576344282,
    -0.05658510444682917,
    -0.03417798014768248,
    -0.04899341963213615,
    -0.05450839079403948,
    -0.023773155863164516,
    -0.00798620503327675,
    -0.024054933454588603,
    -0.03819023790174751,
    -0.028739667116837616,
    -0.01512347653132472,
    -0.05752801835429833,
    -0.026063449674485015,
    -0.039076015292121506,
    -0.043780101786720135,
    -0.037622015853379966,
    -0.030012631061833574,
    -0.05105506671603564,
    -0.02431895111656638,
    -0.059718009752089275,
    -0.011930053868034399,
    -0.03918579084836366,
    -0.05753224549534395,
    -0.07788624471752957,
    -0.03503875951417024,
    -0.013740474694358774,
    -0.03280698617602456,
    -0.10682926272285242,
    -0.037245863750788394,
    -0.016870275412354592,
    0.03106436264265223,
    -0.058492053713867925,
    -0.09018731865166238,
    -0.15093380638938372,
    0.0453947943713176,
    -0.04062150988195544,
    -0.024463388371919276,
    -0.014756283617205719,
    -0.02906457102225515,
    0.019116168501882608,
    0.015014055733589878,
    0.08948155577530743,
    0.26608020798994997,
    1.8738443240409844e-13,
    0.08056071995202364,
    2.0968789938797536e-11,
    0.2930947258608168,
    0.19020988358411767,
    0.10263681736026714,
    0.04379516481835402,
    0.020734412919573644,
    0.09544775912903057,
    3.081620584381254e-19,
    2.5459365434189324e-12,
    3.1309648404305525e-12,
    0.05442744148147105
  ],
  "domains": [
    "dolma3_cc/art_and_design_high",
    "dolma3_cc/art_and_design_low",
    "dolma3_cc/crime_and_law_high",
    "dolma3_cc/crime_and_law_low",
    "dolma3_cc/education_and_jobs_high",
    "dolma3_cc/education_and_jobs_low",
    "dolma3_cc/electronics_and_hardware_high",
    "dolma3_cc/electronics_and_hardware_low",
    "dolma3_cc/entertainment_high",
    "dolma3_cc/entertainment_low",
    "dolma3_cc/finance_and_business_high",
    "dolma3_cc/finance_and_business_low",
    "dolma3_cc/food_and_dining_high",
    "dolma3_cc/food_and_dining_low",
    "dolma3_cc/games_high",
    "dolma3_cc/games_low",
    "dolma3_cc/health_high",
    "dolma3_cc/health_low",
    "dolma3_cc/history_and_geography_high",
    "dolma3_cc/history_and_geography_low",
    "dolma3_cc/industrial_high",
    "dolma3_cc/industrial_low",
    "dolma3_cc/literature_high",
    "dolma3_cc/literature_low",
    "dolma3_cc/science_math_and_technology_high",
    "dolma3_cc/science_math_and_technology_low",
    "dolma3_stack_edu",
    "dolma3_arxiv",
    "dolma3_finemath_3plus",
    "dolma3_wikipedia",
    "dolmino_common_crawl_hq",
    "dolmino_olmocr_pdfs_hq",
    "dolmino_stack_edu_fim",
    "dolmino_stem_heavy_crawl",
    "dolmino_synth_code",
    "dolmino_synth_instruction",
    "dolmino_synth_math",
    "dolmino_synth_qa",
    "dolmino_synth_thinking"
  ],
  "exponents": {
    "alpha_N": 0.18,
    "beta_D": 0.26,
    "gamma_ND": 0.11
  },
  "extra_terms": [
    {
      "carrier": "const",
      "exponent": 0.36,
      "kind": "D"
    }
  ],