{
  "all_scalar_count_including_fixed_exponents": 98,
  "anchor_reference": {
    "D0": 5999951872.0,
    "N0": 102648576.0,
    "display": "100M/6B",
    "scale": "300m_6b"
  },
  "blocks": {
    "extra_scale_coefficients": [],
    "intercept": 1.028743929407318,
    "power_coefficients_phase_domain": [
      [
        -0.02274931584511558,
        -0.043134927705546944,
        -0.014634598491416061,
        -0.03002751057729473,
        -0.0008289573023037391,
        -1.6160520043333193e-05,
        0.006447490207879091,
        -0.006723167614786208,
        0.023467800538436202,
        -0.027158937155895558,
        0.026993434281187913,
        -0.007470718182254543,
        -0.018479159033192485,
        0.012545877105158913,
        0.007130503792161308,
        0.006220813841761845,
        -0.0181822574170761,
        0.017764857637311487,
        0.007153135946354628,
        -0.024620404048340917,
        -0.03831863880578544,
        -0.003964088633879485,
        -0.0025580102332774753,
        -0.05343026481330015,
        0.018040058145077868,
        0.00010319181429078806,
        0.036598440249195056,
        -0.016481848872599656,
        -0.0073706398071815985,
        -0.03371870396472366,
        -0.03733681839043513,
        -0.03860479188445213,
        -0.05171159504656952,
        0.026467044515741743,
        0.04715909622284634,
        0.1221159747783524,
        -0.01448854605633021,
        0.02873948719136604,
        0.010323180886879566
      ],
      [
        -0.09248992828693088,
        -0.06603171327798217,
        -0.08286520304521378,
        -0.08564021174832104,
        -0.05113652206595125,
        -0.02489083995808527,
        -0.04779883631725959,
        -0.06946508912176541,
        -0.05194166016699912,
        -0.04280907427363764,
        -0.0890208132044718,
        -0.04929216373297742,
        -0.07158618263964175,
        -0.0724398806308383,
        -0.06205060615553896,
        -0.05590965520535286,
        -0.08113013448063157,
        -0.05140312037874862,
        -0.08947328344457837,
        -0.03474376528842059,
        -0.06760114280904259,
        -0.09555754484696288,
        -0.11116268877405755,
        -0.059245885058039606,
        -0.025787249164495676,
        -0.0418293817499027,
        -0.13059243532053663,
        -0.051990648658406385,
        -0.023994539257806397,
        0.015117518329671457,
        -0.09270414743082905,
        -0.13095202902331862,
        -0.1864626864518581,
        0.04824789690950026,
        -0.050089961883816786,
        -0.03427658019828711,
        -0.02053675270820236,
        -0.04237608713364441,
        0.02440708983041347
      ]
    ],
    "safety_coefficients_phase_domain_family_scarcity": [
      [
        0.00977338827070178,
        0.10378696547484917,
        0.26850878824018715
      ],
      [
        3.6480513000624823e-23,
        0.10773513673138632,
        3.757871385577419e-24
      ]
    ],
    "scale_coefficients_rows_A_B_C_cols_intercept_meanTech_meanReasoning": [
      [
        0.3143247341704211,
        0.14095931856879657,
        0.01879275458509005
      ],
      [
        0.12128577083800055,
        0.03051418708780344,
        0.10288572393267423
      ],
      [
        5.907842748102674e-45,
        2.4681693202022306e-45,
        4.274799001800008e-19
      ]
    ]
  },
  "coefficients": [
    1.028743929407318,
    -0.02274931584511558,
    -0.043134927705546944,
    -0.014634598491416061,
    -0.03002751057729473,
    -0.0008289573023037391,
    -1.6160520043333193e-05,
    0.006447490207879091,
    -0.006723167614786208,
    0.023467800538436202,
    -0.027158937155895558,
    0.026993434281187913,
    -0.007470718182254543,
    -0.018479159033192485,
    0.012545877105158913,
    0.007130503792161308,
    0.006220813841761845,
    -0.0181822574170761,
    0.017764857637311487,
    0.007153135946354628,
    -0.024620404048340917,
    -0.03831863880578544,
    -0.003964088633879485,
    -0.0025580102332774753,
    -0.05343026481330015,
    0.018040058145077868,
    0.00010319181429078806,
    0.036598440249195056,
    -0.016481848872599656,
    -0.0073706398071815985,
    -0.03371870396472366,
    -0.03733681839043513,
    -0.03860479188445213,
    -0.05171159504656952,
    0.026467044515741743,
    0.04715909622284634,
    0.1221159747783524,
    -0.01448854605633021,
    0.02873948719136604,
    0.010323180886879566,
    -0.09248992828693088,
    -0.06603171327798217,
    -0.08286520304521378,
    -0.08564021174832104,
    -0.05113652206595125,
    -0.02489083995808527,
    -0.04779883631725959,
    -0.06946508912176541,
    -0.05194166016699912,
    -0.04280907427363764,
    -0.0890208132044718,
    -0.04929216373297742,
    -0.07158618263964175,
    -0.0724398806308383,
    -0.06205060615553896,
    -0.05590965520535286,
    -0.08113013448063157,
    -0.05140312037874862,
    -0.08947328344457837,
    -0.03474376528842059,
    -0.06760114280904259,
    -0.09555754484696288,
    -0.11116268877405755,
    -0.059245885058039606,
    -0.025787249164495676,
    -0.0418293817499027,
    -0.13059243532053663,
    -0.051990648658406385,
    -0.023994539257806397,
    0.015117518329671457,
    -0.09270414743082905,
    -0.13095202902331862,
    -0.1864626864518581,
    0.04824789690950026,
    -0.050089961883816786,
    -0.03427658019828711,
    -0.02053675270820236,
    -0.04237608713364441,
    0.02440708983041347,
    0.00977338827070178,
    0.10378696547484917,
    0.26850878824018715,
    3.6480513000624823e-23,
    0.10773513673138632,
    3.757871385577419e-24,
    0.3143247341704211,
    0.14095931856879657,
    0.01879275458509005,
    0.12128577083800055,
    0.03051418708780344,
    0.10288572393267423,
    5.907842748102674e-45,
    2.4681693202022306e-45,
    4.274799001800008e-19
  ],
  "domains": [
    "dolma3_cc/art_and_design_high",
    "dolma3_cc/art_and_design_low",
    "dolma3_cc/crime_and_law_high",
    "dolma3_cc/crime_and_law_low",
    "dolma3_cc/education_and_jobs_high",
    "dolma3_cc/education_and_jobs_low",
    "dolma3_cc/electronics_and_hardware_high",
    "dolma3_cc/electronics_and_hardware_low",
    "dolma3_cc/entertainment_high",
    "dolma3_cc/entertainment_low",
    "dolma3_cc/finance_and_business_high",
    "dolma3_cc/finance_and_business_low",
    "dolma3_cc/food_and_dining_high",
    "dolma3_cc/food_and_dining_low",
    "dolma3_cc/games_high",
    "dolma3_cc/games_low",
    "dolma3_cc/health_high",
    "dolma3_cc/health_low",
    "dolma3_cc/history_and_geography_high",
    "dolma3_cc/history_and_geography_low",
    "dolma3_cc/industrial_high",
    "dolma3_cc/industrial_low",
    "dolma3_cc/literature_high",
    "dolma3_cc/literature_low",
    "dolma3_cc/science_math_and_technology_high",
    "dolma3_cc/science_math_and_technology_low",
    "dolma3_stack_edu",
    "dolma3_arxiv",
    "dolma3_finemath_3plus",
    "dolma3_wikipedia",
    "dolmino_common_crawl_hq",
    "dolmino_olmocr_pdfs_hq",
    "dolmino_stack_edu_fim",
    "dolmino_stem_heavy_crawl",
    "dolmino_synth_code",
    "dolmino_synth_instruction",
    "dolmino_synth_math",
    "dolmino_synth_qa",
    "dolmino_synth_thinking"
  ],
  "exponents": {
    "alpha_N": 0.18,
    "beta_D": 0.26,
    "gamma_ND": 0.11
  },
  "extra_terms": [],