{
  "all_scalar_count_including_fixed_exponents": 100,
  "anchor_reference": {
    "D0": 5999951872.0,
    "N0": 102648576.0,
    "display": "100M/6B",
    "scale": "300m_6b"
  },
  "blocks": {
    "extra_scale_coefficients": [
      0.04989719228006293
    ],
    "intercept": 0.9932586495936886,
    "power_coefficients_phase_domain": [
      [
        -0.02379595456160537,
        -0.050265558689609295,
        -0.018871269231626592,
        -0.030792238951491656,
        -0.002686865169195987,
        -0.004044277922810186,
        0.006388159654805331,
        -0.011615737039903614,
        0.01774589258894087,
        -0.03203995872294314,
        0.0249074721816477,
        -0.011159116329331684,
        -0.02397018198245247,
        0.009625372897023938,
        0.0012032095680735188,
        -0.0004915710941808924,
        -0.021049850657360352,
        0.0141634812209708,
        0.0013444922985982215,
        -0.029278084031554515,
        -0.03883783034342121,
        -0.0068285251336136586,
        -0.006337697521659974,
        -0.056717920688953545,
        0.02810056713265944,
        0.008768062293494267,
        0.04476304900748212,
        -0.00614580400399611,
        0.002186564100300441,
        -0.03711923224407302,
        -0.042749862642011756,
        -0.037926476581193566,
        -0.047767342063006216,
        0.040663494910480505,
        0.05563442580913973,
        0.1376873348312893,
        -0.00242302836918364,
        0.04301418597720552,
        0.024976506271635255
      ],
      [
        -0.09407722906767242,
        -0.07004940296121792,
        -0.08528272339579374,
        -0.08580206463370381,
        -0.05290700906541461,
        -0.027011299900972424,
        -0.049323961309459964,
        -0.07064012143296236,
        -0.05474406504414926,
        -0.043014022323991236,
        -0.08908598789097713,
        -0.05021540778382142,
        -0.07334913393158977,
        -0.07312630882517603,
        -0.06365487002845752,
        -0.05869708742533483,
        -0.08000704562141958,
        -0.05461280154737509,
        -0.08897725452574864,
        -0.03755362943623532,
        -0.06917516500708054,
        -0.09918241424887306,
        -0.1108775749800924,
        -0.06227808772395786,
        -0.012098139056148047,
        -0.031237306324445144,
        -0.12307488154070796,
        -0.040644113245269425,
        -0.01304179153136676,
        0.012876177551244662,
        -0.09478654774038922,
        -0.13102934520952705,
        -0.1802367726546722,
        0.05846195270865841,
        -0.037531263622598295,
        -0.02166582100399222,
        -0.006034110613143747,
        -0.028189985564044114,
        0.04028390756181529
      ]
    ],
    "safety_coefficients_phase_domain_family_scarcity": [
      [
        7.101086782210267e-25,
        0.13057304924735172,
        0.26125644195285774
      ],
      [
        5.685787013926676e-29,
        0.13126930133643563,
        1.2429454211403185e-57
      ]
    ],
    "scale_coefficients_rows_A_B_C_cols_intercept_meanTech_meanReasoning": [
      [
        0.3149899738489536,
        0.14119745375758486,
        0.010509522245072928
      ],
      [
        0.08836258810134698,
        0.006502970712281685,
        0.0788716788402269
      ],
      [
        1.5138083444808803e-27,
        5.294323114760685e-21,
        1.1080002282435024e-17
      ]
    ]
  },
  "coefficients": [
    0.9932586495936886,
    -0.02379595456160537,
    -0.050265558689609295,
    -0.018871269231626592,
    -0.030792238951491656,
    -0.002686865169195987,
    -0.004044277922810186,
    0.006388159654805331,
    -0.011615737039903614,
    0.01774589258894087,
    -0.03203995872294314,
    0.0249074721816477,
    -0.011159116329331684,
    -0.02397018198245247,
    0.009625372897023938,
    0.0012032095680735188,
    -0.0004915710941808924,
    -0.021049850657360352,
    0.0141634812209708,
    0.0013444922985982215,
    -0.029278084031554515,
    -0.03883783034342121,
    -0.0068285251336136586,
    -0.006337697521659974,
    -0.056717920688953545,
    0.02810056713265944,
    0.008768062293494267,
    0.04476304900748212,
    -0.00614580400399611,
    0.002186564100300441,
    -0.03711923224407302,
    -0.042749862642011756,
    -0.037926476581193566,
    -0.047767342063006216,
    0.040663494910480505,
    0.05563442580913973,
    0.1376873348312893,
    -0.00242302836918364,
    0.04301418597720552,
    0.024976506271635255,
    -0.09407722906767242,
    -0.07004940296121792,
    -0.08528272339579374,
    -0.08580206463370381,
    -0.05290700906541461,
    -0.027011299900972424,
    -0.049323961309459964,
    -0.07064012143296236,
    -0.05474406504414926,
    -0.043014022323991236,
    -0.08908598789097713,
    -0.05021540778382142,
    -0.07334913393158977,
    -0.07312630882517603,
    -0.06365487002845752,
    -0.05869708742533483,
    -0.08000704562141958,
    -0.05461280154737509,
    -0.08897725452574864,
    -0.03755362943623532,
    -0.06917516500708054,
    -0.09918241424887306,
    -0.1108775749800924,
    -0.06227808772395786,
    -0.012098139056148047,
    -0.031237306324445144,
    -0.12307488154070796,
    -0.040644113245269425,
    -0.01304179153136676,
    0.012876177551244662,
    -0.09478654774038922,
    -0.13102934520952705,
    -0.1802367726546722,
    0.05846195270865841,
    -0.037531263622598295,
    -0.02166582100399222,
    -0.006034110613143747,
    -0.028189985564044114,
    0.04028390756181529,
    7.101086782210267e-25,
    0.13057304924735172,
    0.26125644195285774,
    5.685787013926676e-29,
    0.13126930133643563,
    1.2429454211403185e-57,
    0.3149899738489536,
    0.14119745375758486,
    0.010509522245072928,
    0.08836258810134698,
    0.006502970712281685,
    0.0788716788402269,
    1.5138083444808803e-27,
    5.294323114760685e-21,
    1.1080002282435024e-17,
    0.04989719228006293
  ],
  "domains": [
    "dolma3_cc/art_and_design_high",
    "dolma3_cc/art_and_design_low",
    "dolma3_cc/crime_and_law_high",
    "dolma3_cc/crime_and_law_low",
    "dolma3_cc/education_and_jobs_high",
    "dolma3_cc/education_and_jobs_low",
    "dolma3_cc/electronics_and_hardware_high",
    "dolma3_cc/electronics_and_hardware_low",
    "dolma3_cc/entertainment_high",
    "dolma3_cc/entertainment_low",
    "dolma3_cc/finance_and_business_high",
    "dolma3_cc/finance_and_business_low",
    "dolma3_cc/food_and_dining_high",
    "dolma3_cc/food_and_dining_low",
    "dolma3_cc/games_high",
    "dolma3_cc/games_low",
    "dolma3_cc/health_high",
    "dolma3_cc/health_low",
    "dolma3_cc/history_and_geography_high",
    "dolma3_cc/history_and_geography_low",
    "dolma3_cc/industrial_high",
    "dolma3_cc/industrial_low",
    "dolma3_cc/literature_high",
    "dolma3_cc/literature_low",
    "dolma3_cc/science_math_and_technology_high",
    "dolma3_cc/science_math_and_technology_low",
    "dolma3_stack_edu",
    "dolma3_arxiv",
    "dolma3_finemath_3plus",
    "dolma3_wikipedia",
    "dolmino_common_crawl_hq",
    "dolmino_olmocr_pdfs_hq",
    "dolmino_stack_edu_fim",
    "dolmino_stem_heavy_crawl",
    "dolmino_synth_code",
    "dolmino_synth_instruction",
    "dolmino_synth_math",
    "dolmino_synth_qa",
    "dolmino_synth_thinking"
  ],
  "exponents": {
    "alpha_N": 0.18,
    "beta_D": 0.26,
    "gamma_ND": 0.11
  },
  "extra_terms": [
    {
      "carrier": "const",
      "exponent": 0.22,
      "kind": "D"
    }
  ],