{
  "all_scalar_count_including_fixed_exponents": 98,
  "anchor_reference": {
    "D0": 5999951872.0,
    "N0": 102648576.0,
    "display": "100M/6B",
    "scale": "300m_6b"
  },
  "blocks": {
    "extra_scale_coefficients": [],
    "intercept": 1.0244448681866263,
    "power_coefficients_phase_domain": [
      [
        -0.021498341201994887,
        -0.03669640711028567,
        -0.013687441604534521,
        -0.027207773808325272,
        0.0002709367680196348,
        -0.0020688943574715788,
        0.005715307642810292,
        -0.006832352319717735,
        0.02220817651375,
        -0.023999388887158798,
        0.02529331914170099,
        -0.007955926672875225,
        -0.01604232787670443,
        0.011047072003110869,
        0.007158970028794106,
        0.006623032084522738,
        -0.016148742947030278,
        0.015835558478879564,
        0.006521279112942615,
        -0.020442228457719168,
        -0.03714052360837492,
        -0.004484227356177785,
        -0.0022652880326352823,
        -0.04929248535949123,
        0.016861829760285305,
        -0.003173949530290021,
        0.027000947471263782,
        -0.015064711824768297,
        -0.007826296881759521,
        -0.03325833323953966,
        -0.033169456781508046,
        -0.03376666787570055,
        -0.04502678227514703,
        0.023660709813852158,
        0.04036600204756396,
        0.10701758397054353,
        -0.015429221797428814,
        0.02507072147298335,
        0.009383781948359352
      ],
      [
        -0.07251676367491434,
        -0.04863930116116443,
        -0.06414118254763725,
        -0.06781881079086742,
        -0.03590153986403102,
        -0.015558807494964268,
        -0.034349531007896214,
        -0.05189164468941164,
        -0.03912515753796454,
        -0.02692181280039924,
        -0.07138495092690567,
        -0.036459444143994546,
        -0.05338150088968437,
        -0.056392180146979984,
        -0.048709840584136695,
        -0.04160550864358521,
        -0.06392543414299783,
        -0.03646992029631028,
        -0.07199792281903475,
        -0.02204795489464439,
        -0.05174133850059931,
        -0.07464004982788512,
        -0.09241848380115428,
        -0.0461687654359894,
        -0.016973266263060026,
        -0.03527566925378831,
        -0.11691512549125034,
        -0.04229494962510808,
        -0.01824210483848935,
        0.02436268245475835,
        -0.07430929657172684,
        -0.10817011744146526,
        -0.1670955577193112,
        0.04876310123675542,
        -0.042767373680497836,
        -0.027138799376989313,
        -0.015103634850025941,
        -0.03322019766596394,
        0.02412815844941324
      ]
    ],
    "safety_coefficients_phase_domain_family_scarcity": [
      [
        2.6846719888341474e-06,
        0.10326096916028055,
        0.2716655587928675
      ],
      [
        4.0716805263289754e-25,
        0.09794669593609001,
        3.269468594223006e-23
      ]
    ],
    "scale_coefficients_rows_A_B_C_cols_intercept_meanTech_meanReasoning": [
      [
        0.3131342525047611,
        0.14491222434919684,
        0.024040054234160484
      ],
      [
        0.11923335991100387,
        0.034487208461653186,
        0.11402817196296006
      ],
      [
        5.872878323087679e-40,
        3.485090147166416e-41,
        9.92689621327013e-35
      ]
    ]
  },
  "coefficients": [
    1.0244448681866263,
    -0.021498341201994887,
    -0.03669640711028567,
    -0.013687441604534521,
    -0.027207773808325272,
    0.0002709367680196348,
    -0.0020688943574715788,
    0.005715307642810292,
    -0.006832352319717735,
    0.02220817651375,
    -0.023999388887158798,
    0.02529331914170099,
    -0.007955926672875225,
    -0.01604232787670443,
    0.011047072003110869,
    0.007158970028794106,
    0.006623032084522738,
    -0.016148742947030278,
    0.015835558478879564,
    0.006521279112942615,
    -0.020442228457719168,
    -0.03714052360837492,
    -0.004484227356177785,
    -0.0022652880326352823,
    -0.04929248535949123,
    0.016861829760285305,
    -0.003173949530290021,
    0.027000947471263782,
    -0.015064711824768297,
    -0.007826296881759521,
    -0.03325833323953966,
    -0.033169456781508046,
    -0.03376666787570055,
    -0.04502678227514703,
    0.023660709813852158,
    0.04036600204756396,
    0.10701758397054353,
    -0.015429221797428814,
    0.02507072147298335,
    0.009383781948359352,
    -0.07251676367491434,
    -0.04863930116116443,
    -0.06414118254763725,
    -0.06781881079086742,
    -0.03590153986403102,
    -0.015558807494964268,
    -0.034349531007896214,
    -0.05189164468941164,
    -0.03912515753796454,
    -0.02692181280039924,
    -0.07138495092690567,
    -0.036459444143994546,
    -0.05338150088968437,
    -0.056392180146979984,
    -0.048709840584136695,
    -0.04160550864358521,
    -0.06392543414299783,
    -0.03646992029631028,
    -0.07199792281903475,
    -0.02204795489464439,
    -0.05174133850059931,
    -0.07464004982788512,
    -0.09241848380115428,
    -0.0461687654359894,
    -0.016973266263060026,
    -0.03527566925378831,
    -0.11691512549125034,
    -0.04229494962510808,
    -0.01824210483848935,
    0.02436268245475835,
    -0.07430929657172684,
    -0.10817011744146526,
    -0.1670955577193112,
    0.04876310123675542,
    -0.042767373680497836,
    -0.027138799376989313,
    -0.015103634850025941,
    -0.03322019766596394,
    0.02412815844941324,
    2.6846719888341474e-06,
    0.10326096916028055,
    0.2716655587928675,
    4.0716805263289754e-25,
    0.09794669593609001,
    3.269468594223006e-23,
    0.3131342525047611,
    0.14491222434919684,
    0.024040054234160484,
    0.11923335991100387,
    0.034487208461653186,
    0.11402817196296006,
    5.872878323087679e-40,
    3.485090147166416e-41,
    9.92689621327013e-35
  ],
  "domains": [
    "dolma3_cc/art_and_design_high",
    "dolma3_cc/art_and_design_low",
    "dolma3_cc/crime_and_law_high",
    "dolma3_cc/crime_and_law_low",
    "dolma3_cc/education_and_jobs_high",
    "dolma3_cc/education_and_jobs_low",
    "dolma3_cc/electronics_and_hardware_high",
    "dolma3_cc/electronics_and_hardware_low",
    "dolma3_cc/entertainment_high",
    "dolma3_cc/entertainment_low",
    "dolma3_cc/finance_and_business_high",
    "dolma3_cc/finance_and_business_low",
    "dolma3_cc/food_and_dining_high",
    "dolma3_cc/food_and_dining_low",
    "dolma3_cc/games_high",
    "dolma3_cc/games_low",
    "dolma3_cc/health_high",
    "dolma3_cc/health_low",
    "dolma3_cc/history_and_geography_high",
    "dolma3_cc/history_and_geography_low",
    "dolma3_cc/industrial_high",
    "dolma3_cc/industrial_low",
    "dolma3_cc/literature_high",
    "dolma3_cc/literature_low",
    "dolma3_cc/science_math_and_technology_high",
    "dolma3_cc/science_math_and_technology_low",
    "dolma3_stack_edu",
    "dolma3_arxiv",
    "dolma3_finemath_3plus",
    "dolma3_wikipedia",
    "dolmino_common_crawl_hq",
    "dolmino_olmocr_pdfs_hq",
    "dolmino_stack_edu_fim",
    "dolmino_stem_heavy_crawl",
    "dolmino_synth_code",
    "dolmino_synth_instruction",
    "dolmino_synth_math",
    "dolmino_synth_qa",
    "dolmino_synth_thinking"
  ],
  "exponents": {
    "alpha_N": 0.18,
    "beta_D": 0.26,
    "gamma_ND": 0.11
  },
  "extra_terms": [],