{
  "result": {
    "Baseline": 2.905993938446045,
    "learning_rate=0.004": 2.900200366973877,
    "train_batch_size=128": 2.92993688583374
  },
  "name": {
    "Baseline": "sweep-520m-85B-muongc58c06lr0.008-wd0.1-minlr0-warmup0-b10.8-b20-498482",
    "learning_rate=0.004": "sweep-520m-85B-muong0ea950lr0.004-wd0.1-minlr0-warmup0-b10.8-b20-9ac240",
    "train_batch_size=128": "sweep-520m-85B-muong1d8a02lr0.008-wd0.1-minlr0-warmup0-b10.8-b20-913852"
  },
  "num_left": 0,
  "best_config": {
    "beta1": 0.8,
    "beta2": 0.98,
    "decay": 1,
    "epsilon": 1e-25,
    "learning_rate": 0.008,
    "lr_schedule": "linear",
    "max_grad_norm": 2,
    "min_lr_ratio": 0,
    "momentum": 0.98,
    "muon_epsilon": 1e-05,
    "muon_to_adam_lr": 0.3,
    "train_batch_size": 256,
    "warmup": 0,
    "weight_decay": 0.1
  },
  "min_loss": 2.900200366973877,
  "approximate_best_config_list": [
    {
      "warmup": 0,
      "learning_rate": 0.008,
      "train_batch_size": 256
    },
    {
      "warmup": 0,
      "learning_rate": 0.004,
      "train_batch_size": 256
    }
  ],
  "baseline": {
    "loss": 2.905993938446045,
    "wandb_id": "sweep-520m-85B-muongc58c06lr0.008-wd0.1-minlr0-warmup0-b10.8-b20-498482"
  },
  "ablations": [
    {
      "param": "learning_rate",
      "value": 0.004,
      "loss": 2.900200366973877,
      "wandb_id": "sweep-520m-85B-muong0ea950lr0.004-wd0.1-minlr0-warmup0-b10.8-b20-9ac240"
    },
    {
      "param": "train_batch_size",
      "value": 128,
      "loss": 2.92993688583374,
      "wandb_id": "sweep-520m-85B-muong1d8a02lr0.008-wd0.1-minlr0-warmup0-b10.8-b20-913852"
    }
  ]
}
