{
  "variant": "dsp_phase_benefit_saturation_penalty_nnls",
  "params": {
    "rho": [
      0.0582242401980266,
      0.38935216435503917,
      0.18383600199224895,
      0.23734358882174977,
      1.4588059957399635,
      0.7156507231933356,
      1.2141584129258567,
      0.2986848694052834,
      2.0,
      0.36569173621425266,
      1.5052079783241255,
      1.0811566380397726,
      0.29649892970080344,
      0.5955281462471662,
      1.029290756205257,
      0.5424452651228961,
      0.34370401332536465,
      0.12436324715920391,
      0.17433135367926297,
      1.4279246774089687,
      1.9242759526185267,
      0.1866509257347092,
      0.1606695764524487,
      0.042503957308436154,
      0.18493931080759105,
      0.08821988128287805,
      0.23487614060315617,
      0.052765438607281195,
      0.5814612849790111,
      0.0008042965942994919,
      0.7324082505039962,
      0.34839976391891075,
      0.4583781256217497,
      0.02380764353261128,
      0.11405321988422319,
      0.04003485026809757,
      0.06587600222664514,
      0.7043451969395017,
      0.8899975801579649
    ],
    "tau": [
      4.717683040580636,
      0.003839943215597079,
      2.3608569183650614,
      -0.3506967950937026,
      1.961014580357465,
      -0.40209341179699004,
      -0.4131696861973008,
      0.449462298581798,
      0.2719000914677824,
      0.5643030731727438,
      -0.33902243760243905,
      1.1333008701157388,
      0.7450867909494822,
      1.4408207010209755,
      0.28767965450591554,
      1.5358974076692968,
      0.8052706503618957,
      -1.2899083760936598,
      -1.0274902799565198,
      2.2670167413708455,
      0.957569970264992,
      2.9355546426096977,
      1.884198063495282,
      0.4109928727044954,
      1.028052834202908,
      -0.7075137462032814,
      0.5011009716164145,
      2.231299965693461,
      0.5105762916921852,
      3.608498155508619,
      0.5140920088017374,
      0.8244083614558381,
      0.20095939932383897,
      2.2630934396652638,
      4.280329473048024,
      6.913652448874348,
      4.110070113021085,
      -1.2384972645719234,
      2.673856632231565
    ],
    "gamma_benefit": 0.0021053155561197947,
    "gamma_saturation": 9.467781015493852,
    "gamma_penalty": 4.521504708772709
  },
  "intercept": 0.9706923668717914,
  "benefit_coef": [
    0.006083068074378631,
    0.0,
    0.0,
    0.010344961546158292,
    0.0,
    0.0,
    0.0004392190561823576,
    0.0,
    0.006158977465544327,
    0.0,
    0.0,
    0.005000152108760119,
    0.0,
    0.0,
    0.0,
    0.0,
    0.0009223538271327433,
    0.011724204772918303,
    0.005138108160927813,
    0.00030932948483021553,
    0.011971033787468421,
    0.004918345212016639,
    0.005331334410411486,
    0.052395609335059906,
    0.0,
    0.029613629427925146,
    0.010363683215666449,
    0.0007717330093144127,
    0.03399851356695331,
    0.05492649219242218,
    0.007196974228684351,
    0.0006617257304263181,
    0.02992782632840931,
    0.014441414449214188,
    0.02680210774388853,
    0.0,
    0.0028822043284927597,
    0.022971769969828415,
    0.0
  ],
  "penalty_coef": [
    0.26797794381304746,
    0.0031178536773083646,
    0.01663577387984652,
    0.004265172458405837,
    0.011064659255869889,
    0.0036689498614701633,
    0.00294176814414709,
    0.004030879936677291,
    0.0027117167143426006,
    0.011871046714500033,
    0.0032385551995793337,
    0.05511564292289136,
    0.01029922803632613,
    0.021516940976794036,
    0.0032988186665943507,
    0.03045996114371788,
    0.006616370223116708,
    0.004423058053961793,
    0.00343233659860894,
    0.04186454147715824,
    0.003054124913520532,
    0.07293708975920485,
    0.011320103630888059,
    0.00787040687964839,
    0.004469371933089004,
    0.0033462556560598764,
    0.005685410128270912,
    0.009841947891486614,
    0.0,
    0.010618912321006533,
    0.046846249569022655,
    0.0,
    0.0006100061471696527,
    0.005465422811286657,
    0.15713396619464112,
    12.672728434518916,
    0.06625133579539164,
    0.007464226204852394,
    0.02265280789876053
  ],
  "metrics": {
    "variant": "dsp_phase_benefit_saturation_penalty_nnls",
    "description": "Decouples phase-1 benefit, saturation, and penalty multipliers as separate global scalars.",
    "phase_mode": "benefit_saturation_penalty",
    "retention_mode": "none",
    "penalty_mode": "log_softplus_squared",
    "linear_mode": "nnls",
    "m_dependent_params_per_domain": 4,
    "total_param_count": 160,
    "fitted_gamma": NaN,
    "fitted_gamma_benefit": 0.0021053155561197947,
    "fitted_gamma_saturation": 9.467781015493852,
    "fitted_gamma_penalty": 4.521504708772709,
    "fitted_lam": NaN,
    "train_rmse": 0.004952026404794745,
    "train_spearman": 0.9527942148336969,
    "train_pearson": 0.9664494339314829,
    "cv_rmse": 0.006766193683670276,
    "cv_mae": 0.005332994604346718,
    "oof_spearman": 0.9164934054912681,
    "oof_pearson": 0.9366955890399657,
    "cv_foldmean_regret_at_1": 0.002564620971679732,
    "cv_regret_at_1": 0.0,
    "lower_tail_optimism": 0.0028682064438246987,
    "raw_predicted_optimum_value": 0.9347784505596526,
    "raw_nearest_observed_tv": 0.7566120366997136,
    "raw_nearest_observed_run_name": "run_00200",
    "raw_nearest_observed_value": 1.0687605142593384,
    "raw_phase0_support_gt_1e3": 1,
    "raw_phase1_support_gt_1e3": 18,
    "phase0_max_weight": 0.9999998657510694,
    "phase1_max_weight": 0.24934664156864864,
    "optimum_success": true,
    "optimum_message": "CONVERGENCE: NORM OF PROJECTED GRADIENT <= PGTOL"
  }
}
