{
  "variant": "dsp_phase_benefit_penalty_phase_nnls",
  "params": {
    "rho": [
      0.12821229269908602,
      0.22945945796658718,
      0.40160062039353533,
      0.5087229711287033,
      0.43702105002647484,
      0.2978149683997362,
      0.11308195966923362,
      0.3049785486389893,
      0.4713626400218527,
      0.5702839964537985,
      0.5928373541368608,
      0.7214863041448399,
      0.23980898665570854,
      1.0340045016569062,
      0.4999305064422838,
      0.3681831504820949,
      0.5100631625312101,
      0.20033495395611936,
      0.26192238846676325,
      0.33456158881082737,
      0.0826339855575815,
      0.27946328647131874,
      0.24697150022152173,
      0.5503915439203,
      0.07010483797220114,
      0.506563706405383,
      2.0,
      0.10224462343012729,
      2.0,
      0.011176682517045552,
      0.8176202243513859,
      0.3077322159590213,
      1.7336622223210447,
      0.05268857642774871,
      0.3664713825263174,
      0.1208929782335741,
      0.11108605283142715,
      0.2501345318006235,
      0.029122730458266285
    ],
    "tau": [
      3.7719206887015937,
      1.474304150895437,
      0.8949093794193466,
      1.4888960299787386,
      1.3003019544305499,
      -1.393808550972773,
      0.3925199727715455,
      0.2759594104900511,
      1.2698910816818836,
      0.41236441328096,
      0.4262963901418175,
      1.4088715205347908,
      0.11959457985771765,
      0.7192874464107198,
      1.579523015027398,
      0.5399908492861872,
      1.654691471481812,
      -1.4873614752260678,
      1.0078814606616155,
      1.5230024205345245,
      1.8851676659204262,
      1.9329177537657347,
      2.797613580152995,
      0.8419946819545934,
      0.3169987019579467,
      0.7813947897767498,
      3.1872583858857415,
      2.770932081517251,
      1.6826371646653513,
      2.386777704216062,
      -0.15272192251189534,
      0.4813856650654672,
      1.2509601184723291,
      2.851421364491763,
      7.197903327383937,
      5.21162648333771,
      3.3578794788128463,
      4.656902062931383,
      1.5353022324065377
    ],
    "gamma_benefit": 0.7031093469940464,
    "gamma_penalty": 5.836306937966628
  },
  "intercept": 0.90677627666919,
  "benefit_coef": [
    0.005005352278099286,
    0.010156406930806937,
    0.003009972651836069,
    0.0,
    0.005359238089601135,
    0.00663567150076847,
    0.016925347059883817,
    0.014661697662256631,
    0.0,
    0.008138291356599965,
    0.005889817179307468,
    0.008293597492052872,
    0.01636875726877956,
    0.008995113687555933,
    0.0,
    0.010334596586838846,
    0.0,
    0.001227637024514607,
    0.01533476275594036,
    0.010282670888176536,
    0.015030399129788015,
    0.010678725210691027,
    0.0,
    0.005408850896093919,
    0.019483674682835447,
    0.0,
    0.0021069678607910317,
    0.0030924818595238052,
    0.027443006491275797,
    0.0,
    0.0343837488637677,
    0.0,
    0.01818644948832693,
    0.006800975990231046,
    0.012577402089231342,
    0.0,
    0.0005316426895000867,
    0.0,
    0.03358536992866027
  ],
  "penalty_coef": [
    0.050388972764365374,
    0.016970194174529767,
    0.004702115389685179,
    0.015730159895032115,
    0.006839812060574974,
    0.003175362012934884,
    0.007572778304402579,
    0.00792264265369067,
    0.0070889333905971765,
    0.019482244756449107,
    0.00951961433233084,
    0.09383985902000838,
    0.0092686233882975,
    0.013602924461607841,
    0.012067663039652524,
    0.01250929857655523,
    0.016825047512175555,
    0.003252427724041758,
    0.021957716552901952,
    0.020462999188854268,
    0.010817303175186256,
    0.022363324093544093,
    0.025400509258613393,
    0.01275056984573232,
    0.003924118739256716,
    0.0057143880891031675,
    0.13992540633094822,
    0.02073982590725156,
    0.0037548591561794844,
    0.003347024603066454,
    0.03833198919397586,
    0.0021426999602765884,
    0.0,
    0.006378882007831629,
    23.981888312662484,
    0.4444064314988056,
    0.017570292119433176,
    12.54614797973468,
    0.008703755780891243
  ],
  "metrics": {
    "variant": "dsp_phase_benefit_penalty_phase_nnls",
    "description": "Canonical DSP plus a separate phase-1 penalty multiplier; saturation exposure remains phase-neutral.",
    "phase_mode": "benefit_penalty",
    "retention_mode": "none",
    "penalty_mode": "log_softplus_squared",
    "linear_mode": "nnls",
    "m_dependent_params_per_domain": 4,
    "total_param_count": 159,
    "fitted_gamma": NaN,
    "fitted_gamma_benefit": 0.7031093469940464,
    "fitted_gamma_saturation": 1.0,
    "fitted_gamma_penalty": 5.836306937966628,
    "fitted_lam": NaN,
    "train_rmse": 0.00587408942129428,
    "train_spearman": 0.9463785768324937,
    "train_pearson": 0.9524902345532844,
    "cv_rmse": 0.008916564791722079,
    "cv_mae": 0.006774348904126047,
    "oof_spearman": 0.8799707541063005,
    "oof_pearson": 0.8875711719683249,
    "cv_foldmean_regret_at_1": 0.002564620971679732,
    "cv_regret_at_1": 0.0,
    "lower_tail_optimism": 0.004318398106588886,
    "raw_predicted_optimum_value": 0.9010592894039066,
    "raw_nearest_observed_tv": 0.7681249437212979,
    "raw_nearest_observed_run_name": "run_00178",
    "raw_nearest_observed_value": 1.0749270915985107,
    "raw_phase0_support_gt_1e3": 18,
    "raw_phase1_support_gt_1e3": 2,
    "phase0_max_weight": 0.7009949133828957,
    "phase1_max_weight": 0.8222627542754197,
    "optimum_success": true,
    "optimum_message": "CONVERGENCE: NORM OF PROJECTED GRADIENT <= PGTOL"
  }
}
