{
  "result": {
    "Baseline": 3.4766781330108643,
    "beta1=0.8": 3.493129014968872,
    "beta1=0.9": 3.4794716835021973,
    "beta1=0.98": 3.479436159133911,
    "decay=0.0": 3.778730869293213,
    "decay=0.2": 3.525129556655884,
    "decay=0.4": 3.4929444789886475,
    "decay=0.6": 3.4801552295684814,
    "decay=1.0": 3.4774279594421387,
    "learning_rate=0.008": 3.4896862506866455,
    "learning_rate=0.032": 3.508962631225586,
    "learning_rate=0.064": 5.195110321044922,
    "learning_rate=0.128": 6.308431148529053,
    "max_grad_norm=0": 3.478159666061402,
    "max_grad_norm=2.0": 3.478159666061402,
    "momentum=0.8": 3.480130195617676,
    "momentum=0.9": 3.4737958908081055,
    "momentum=0.98": 3.4957094192504883,
    "scion_epsilon=1e-20": 3.4766781330108643,
    "scion_epsilon=1e-10": 3.476876735687256,
    "scion_epsilon=1e-05": 3.477344512939453,
    "scion_to_signum_lr=0.1": 3.47656774520874,
    "scion_to_signum_lr=0.3": 3.480633020401001,
    "scion_to_signum_lr=0.4": 3.4846038818359375,
    "scion_to_signum_lr=0.5": 3.488070249557495,
    "scion_to_signum_lr=0.6": 3.4904584884643555,
    "train_batch_size=256": 3.5046651363372803,
    "train_batch_size=512": 3.58257794380188,
    "train_batch_size=1024": 3.761362791061402,
    "weight_decay=0": 3.536892890930176,
    "weight_decay=0.2": 3.4949417114257812
  },
  "name": {
    "Baseline": "sweep-130m-2B-scion88e825lr0.016-wd0.1-minlr0-warmup0-b10.95-gn1-09a932",
    "beta1=0.8": "sweep-130m-2B-scion76ae21lr0.016-wd0.1-minlr0-warmup0-b10.8-gn1--382a96",
    "beta1=0.9": "sweep-130m-2B-scione9cd68lr0.016-wd0.1-minlr0-warmup0-b10.9-gn1--16327d",
    "beta1=0.98": "sweep-130m-2B-scion298bd3lr0.016-wd0.1-minlr0-warmup0-b10.98-gn1-ca3133",
    "decay=0.0": "sweep-130m-2B-scione7f648lr0.016-wd0.1-minlr0-warmup0-b10.95-gn1-c67748",
    "decay=0.2": "sweep-130m-2B-scion1a724elr0.016-wd0.1-minlr0-warmup0-b10.95-gn1-32726f",
    "decay=0.4": "sweep-130m-2B-sciona3bd94lr0.016-wd0.1-minlr0-warmup0-b10.95-gn1-47edd4",
    "decay=0.6": "sweep-130m-2B-scion4f23ealr0.016-wd0.1-minlr0-warmup0-b10.95-gn1-ec1bf5",
    "decay=1.0": "sweep-130m-2B-sciond05cc9lr0.016-wd0.1-minlr0-warmup0-b10.95-gn1-e01433",
    "learning_rate=0.008": "sweep-130m-2B-scion0c58eflr0.008-wd0.1-minlr0-warmup0-b10.95-gn1-649961",
    "learning_rate=0.032": "sweep-130m-2B-scion96b754lr0.032-wd0.1-minlr0-warmup0-b10.95-gn1-c69eb3",
    "learning_rate=0.064": "sweep-130m-2B-scion67b228lr0.064-wd0.1-minlr0-warmup0-b10.95-gn1-c13476",
    "learning_rate=0.128": "sweep-130m-2B-scion8f1585lr0.128-wd0.1-minlr0-warmup0-b10.95-gn1-6644ed",
    "max_grad_norm=0": "sweep-130m-2B-scion9c4dc9lr0.016-wd0.1-minlr0-warmup0-b10.95-gn0-5bdf0c",
    "max_grad_norm=2.0": "sweep-130m-2B-scion304c58lr0.016-wd0.1-minlr0-warmup0-b10.95-gn2-f8f8e8",
    "momentum=0.8": "sweep-130m-2B-scion79fee1lr0.016-wd0.1-minlr0-warmup0-b10.95-gn1-b7e1e6",
    "momentum=0.9": "sweep-130m-2B-scion5684eclr0.016-wd0.1-minlr0-warmup0-b10.95-gn1-1d55ac",
    "momentum=0.98": "sweep-130m-2B-scion52669clr0.016-wd0.1-minlr0-warmup0-b10.95-gn1-0becd6",
    "scion_epsilon=1e-20": "sweep-130m-2B-scion2b053alr0.016-wd0.1-minlr0-warmup0-b10.95-gn1-9c862f",
    "scion_epsilon=1e-10": "sweep-130m-2B-scionbd616clr0.016-wd0.1-minlr0-warmup0-b10.95-gn1-ddb0e6",
    "scion_epsilon=1e-05": "sweep-130m-2B-sciond84c90lr0.016-wd0.1-minlr0-warmup0-b10.95-gn1-3f4d04",
    "scion_to_signum_lr=0.1": "sweep-130m-2B-scion840d88lr0.016-wd0.1-minlr0-warmup0-b10.95-gn1-61f5f7",
    "scion_to_signum_lr=0.3": "sweep-130m-2B-scion8e26felr0.016-wd0.1-minlr0-warmup0-b10.95-gn1-382d16",
    "scion_to_signum_lr=0.4": "sweep-130m-2B-scionf020a1lr0.016-wd0.1-minlr0-warmup0-b10.95-gn1-f5cf5d",
    "scion_to_signum_lr=0.5": "sweep-130m-2B-sciona0879alr0.016-wd0.1-minlr0-warmup0-b10.95-gn1-99b18a",
    "scion_to_signum_lr=0.6": "sweep-130m-2B-scion4bb4a4lr0.016-wd0.1-minlr0-warmup0-b10.95-gn1-e076fe",
    "train_batch_size=256": "sweep-130m-2B-scion5a7263lr0.016-wd0.1-minlr0-warmup0-b10.95-gn1-4dcd4d",
    "train_batch_size=512": "sweep-130m-2B-scionb67125lr0.016-wd0.1-minlr0-warmup0-b10.95-gn1-debbed",
    "train_batch_size=1024": "sweep-130m-2B-scionb3e82dlr0.016-wd0.1-minlr0-warmup0-b10.95-gn1-8a367e",
    "weight_decay=0": "sweep-130m-2B-scion5931c7lr0.016-wd0-minlr0-warmup0-b10.95-gn1-s-e03372",
    "weight_decay=0.2": "sweep-130m-2B-scion6d1cdflr0.016-wd0.2-minlr0-warmup0-b10.95-gn1-78231c"
  },
  "num_left": 0,
  "best_config": {
    "beta1": 0.95,
    "decay": 0.8,
    "learning_rate": 0.016,
    "lr_schedule": "linear",
    "max_grad_norm": 1,
    "min_lr_ratio": 0,
    "momentum": 0.95,
    "scion_epsilon": 1e-15,
    "scion_to_signum_lr": 0.2,
    "train_batch_size": 128,
    "warmup": 0,
    "weight_decay": 0.1
  },
  "min_loss": 3.4737958908081055,
  "approximate_best_config_list": [
    {
      "max_grad_norm": 1,
      "train_batch_size": 128,
      "scion_to_signum_lr": 0.2,
      "decay": 0.8,
      "momentum": 0.95,
      "scion_epsilon": 1e-15,
      "learning_rate": 0.016,
      "weight_decay": 0.1,
      "warmup": 0,
      "beta1": 0.95
    },
    {
      "max_grad_norm": 1,
      "train_batch_size": 128,
      "scion_to_signum_lr": 0.2,
      "decay": 0.8,
      "momentum": 0.9,
      "scion_epsilon": 1e-15,
      "learning_rate": 0.016,
      "weight_decay": 0.1,
      "warmup": 0,
      "beta1": 0.95
    },
    {
      "max_grad_norm": 1,
      "train_batch_size": 128,
      "scion_to_signum_lr": 0.2,
      "decay": 0.8,
      "momentum": 0.8,
      "scion_epsilon": 1e-05,
      "learning_rate": 0.016,
      "weight_decay": 0.1,
      "warmup": 0,
      "beta1": 0.95
    },
    {
      "max_grad_norm": 1,
      "train_batch_size": 128,
      "scion_to_signum_lr": 0.2,
      "decay": 0.8,
      "momentum": 0.95,
      "scion_epsilon": 1e-20,
      "learning_rate": 0.016,
      "weight_decay": 0.1,
      "warmup": 0,
      "beta1": 0.95
    },
    {
      "max_grad_norm": 2,
      "train_batch_size": 128,
      "scion_to_signum_lr": 0.2,
      "decay": 0.8,
      "momentum": 0.95,
      "scion_epsilon": 1e-15,
      "learning_rate": 0.016,
      "weight_decay": 0.1,
      "warmup": 0,
      "beta1": 0.95
    },
    {
      "max_grad_norm": 1,
      "train_batch_size": 128,
      "scion_to_signum_lr": 0.2,
      "decay": 0.8,
      "momentum": 0.95,
      "scion_epsilon": 1e-10,
      "learning_rate": 0.016,
      "weight_decay": 0.1,
      "warmup": 0,
      "beta1": 0.95
    },
    {
      "max_grad_norm": 0,
      "train_batch_size": 128,
      "scion_to_signum_lr": 0.2,
      "decay": 0.8,
      "momentum": 0.95,
      "scion_epsilon": 1e-15,
      "learning_rate": 0.016,
      "weight_decay": 0.1,
      "warmup": 0,
      "beta1": 0.95
    },
    {
      "max_grad_norm": 1,
      "train_batch_size": 128,
      "scion_to_signum_lr": 0.2,
      "decay": 1,
      "momentum": 0.95,
      "scion_epsilon": 1e-15,
      "learning_rate": 0.016,
      "weight_decay": 0.1,
      "warmup": 0,
      "beta1": 0.95
    },
    {
      "max_grad_norm": 1,
      "train_batch_size": 128,
      "scion_to_signum_lr": 0.1,
      "decay": 0.8,
      "momentum": 0.95,
      "scion_epsilon": 1e-15,
      "learning_rate": 0.016,
      "weight_decay": 0.1,
      "warmup": 0,
      "beta1": 0.95
    },
    {
      "max_grad_norm": 1,
      "train_batch_size": 128,
      "scion_to_signum_lr": 0.2,
      "decay": 0.8,
      "momentum": 0.95,
      "scion_epsilon": 1e-05,
      "learning_rate": 0.016,
      "weight_decay": 0.1,
      "warmup": 0,
      "beta1": 0.95
    }
  ],
  "baseline": {
    "loss": 3.4766781330108643,
    "wandb_id": "sweep-130m-2B-scion88e825lr0.016-wd0.1-minlr0-warmup0-b10.95-gn1-09a932"
  },
  "ablations": [
    {
      "param": "beta1",
      "value": 0.8,
      "loss": 3.493129014968872,
      "wandb_id": "sweep-130m-2B-scion76ae21lr0.016-wd0.1-minlr0-warmup0-b10.8-gn1--382a96"
    },
    {
      "param": "beta1",
      "value": 0.9,
      "loss": 3.4794716835021973,