{
  "model": "moe_iteration_02",
  "description": "DeepSeek-style MoE with AF load balancing (bias_rate=0.01) + 0.001 aux loss, sigmoid routing, qk_mult=1.3, sliding_window=4096 (half on non-4th layers), init_std=0.5/sqrt(d), beta1=0.96, AdamW, 2 leading dense layers, 1 shared expert at hidden_dim, k=4, e=64, expert_dim=hidden_dim/2, warmup=0.1, cooldown=0.2, wd=0.1, router_z_loss_coef=0.001, z_loss_weight=1e-4.",
  "metric": "eval/uncheatable_eval/macro_loss",
  "predictions": {
    "1e18": {
      "optimal_tokens": 1122449848.1366374,
      "optimal_model_params": 292913315.86200154,
      "predicted_loss": 3.4867468700154802
    },
    "1e19": {
      "optimal_tokens": 4302307979.136358,
      "optimal_model_params": 1265904406.4398203,
      "predicted_loss": 2.927473165583603
    },
    "1e20": {
      "optimal_tokens": 16490584392.7621,
      "optimal_model_params": 5470949524.871548,
      "predicted_loss": 2.3681994611517307
    },
    "1e21": {
      "optimal_tokens": 63207788687.73594,
      "optimal_model_params": 23644193472.609474,
      "predicted_loss": 1.8089257567198533
    }
  },
  "best_1e19_run": {
    "name": "isoflop-moe-v3-1e+20-d1536",
    "hidden_dim": 1536,
    "mean_mfu": 20.604474567834963,
    "tokens": 19955520326.558903,
    "tokens_per_second": 728219.9675054201,
    "total_params": 3859173248,
    "active_params": 886460288,
    "runtime_seconds": 34097.943089395,
    "resource_type": "v5p-8",
    "hardware_flops_per_second": 17600000000000000
  }
}
