{
  "kind": "pcf2b",
  "base_mode": "p1fam6",
  "alpha": 3.0,
  "gap": 0.25,
  "cont": {
    "kind": "power_twostage_scaleamp",
    "beta_model": {
      "beta_mode": "scale_p1fam3",
      "beta_min": 0.05,
      "beta_max": 1.5,
      "beta_mean": [
        -0.4682242208888039,
        -0.2612192498670867,
        0.5182039376030925,
        0.34315125253487133,
        0.1386448098620362
      ],
      "beta_std": [
        0.702550700380169,
        0.5762458485001685,
        0.11231615625300341,
        0.11772718755699269,
        0.029737690468865995
      ],
      "b_coef": [
        -0.38896666992385337,
        -0.12889022376657017,
        -0.1288902237665679,
        -0.20824585364313267,
        0.1386500688121778,
        0.23705997666036066
      ],
      "n_params": 6,
      "reg_beta": 0.01,
      "robust_scale": 0.3,
      "triple_rmse": 0.42376773916494864,
      "triple_n": 16,
      "success": true
    },
    "amp_model": {
      "amp_mode": "scale_fam6",
      "amp_mean": [
        -0.46822422088880367,
        -0.2612192498670869,
        0.5541356376155356,
        0.2896311873516267,
        0.15623317503283776,
        0.5155638953901204,
        0.3488603864862828,
        0.13557571812359687
      ],
      "amp_std": [
        0.7025507003801694,
        0.5762458485001684,
        0.0936327279006332,
        0.08161013076723786,
        0.05577273663814119,
        0.10417717736076319,
        0.11027675703537021,
        0.030423128811297103
      ],
      "a_coef": [
        -3.1374671638826803,
        0.09409974380482984,
        0.09409973827869009,
        19.323383958638626,
        16.73518813992411,
        11.558790359284382,
        52.83785794773628,
        55.66240016914803,
        15.212472699173816
      ],
      "n_params": 9,
      "reg_amp": 0.0,
      "pair_rmse": 0.004084620380964685,
      "pair_n": 58,
      "success": true
    },
    "amp_mode": "scale_fam6",
    "beta_mode": "scale_p1fam3",
    "beta_min": 0.05,
    "beta_max": 1.5,
    "n_params": 15,
    "pair_rmse": 0.004084620380964685,
    "triple_rmse": 0.42376773916494864
  },
  "fit": {
    "coef": [
      -0.001273844141465302,
      0.006788105804905243,
      0.006476112090705193,
      -0.06662786272408432,
      0.033981994505387095,
      -0.021912993166780883,
      0.0029775631844612665,
      0.0140979352499423,
      0.00330474841965645,
      -0.0026598819360533613,
      0.001211036241754859,
      -0.004925997294188694,
      -0.005343135639947812,
      -0.01853282365660531,
      -0.0014413004607223222,
      0.0025350529742047398,
      -0.014756875135576811,
      0.008540863274029222,
      -0.01483031144385213,
      -0.013464634887962693,
      9.965771585905226e-05,
      -0.0020855020848355213,
      -0.0017253188701803726,
      -0.014179627690993728,
      -0.010490202175455703,
      -0.0014710074743430912,
      -0.002751366387594242,
      0.024349752731859232,
      -0.010564394812099332,
      0.0003813961617233793,
      -0.011161199748672659,
      -0.009888597795564955,
      -0.054384823967655434,
      -0.041329837020705605,
      -0.0009813116187093226,
      -0.009733568885583944,
      0.02481568445275349,
      0.0014582528025745781,
      0.00248605074128901,
      0.001454649677436819,
      0.0007334800198510152,
      0.0008971426052602557,
      0.005304509306139301,
      0.006209276676450636,
      0.008040253334417878,
      0.002791192664294862,
      0.0048960980410540315,
      0.0022520596277741736,
      0.005774074662457244,
      0.004273188421461535,
      0.0015319588242846066,
      0.0008625495750473973,
      0.005401209560375071,
      0.003462850278344669,
      0.004318088074270226,
      0.0017331123476396135,
      0.002082752899549433,
      0.00693161743311534,
      0.007676142132316421,
      -0.00021937769636208533,
      0.0029613840434332813,
      0.003651833046873733,
      0.004841468141686914,
      -0.006950974171298463,
      0.002145090973644113,
      0.007375960203895532,
      -0.018653550308455173,
      0.002073047442063135,
      0.001515531180280901,
      -0.026844598442823584,
      0.019150699496879777,
      0.004765983091273053,
      -0.003744827864130164,
      -0.0032835912971693297,
      -0.0036364836301966998,
      0.0015617275606733267,
      -0.0012738441414653192,
      0.001211036241753503,
      9.965771585761888e-05,
      0.006788105804903155,
      -0.004925997294195214,
      -0.0020855020848371576
    ],
    "intercept": -0.65406511328426,
    "Xm": [
      0.5304611071436856,
      0.5251869057820259,
      -0.005274201361660239,
      0.7190249892672441,
      11.599581910628999,
      8.342925637561127,
      3.502760403214529,
      4.471307545186654,
      1.7006801669258127,
      1.6912378188909476,
      0.3212006586676383,
      0.3300277631389956,
      0.008827104471356977,
      0.5669512299357633,
      1.2529986314494428,
      1.2141537289844022,
      1.1035839977319692,
      0.00367383781433614,
      0.9944798566389319,
      1.0037283927910956,
      0.14833823418867612,
      0.14478533107897928,
      -0.003552903109696737,
      0.3688787341381968,
      41.03075960032973,
      19.7537905073248,
      3.694504838947228,
      0.08874892498377623,
      0.4749170332659523,
      0.46527155151258814,
      3.170077056830696,
      3.1602377631946337,
      -0.10473580003528563,
      -0.8839079105806033,
      0.39306937854423074,
      0.17316398320014564,
      1.9716061443078927,
      0.023569422925634867,
      0.023367560868452056,
      0.024862764240716605,
      0.023292054669580748,
      0.023676456208136968,
      0.022504941057224448,
      0.02212523215320437,
      0.023987038189395304,
      0.024570874988716435,
      0.024954469183274243,
      0.025292103431704856,
      0.024539146106212825,
      0.025072652210101954,
      0.02342486791007534,
      0.023730924921731948,
      0.024850716093737745,
      0.025108516055721248,
      0.02276865181208368,
      0.02270256820313597,
      0.024090777991600292,
      0.026353218201876288,
      0.02395822380520681,
      0.024565577014842254,
      0.02324870518172494,
      0.02622988833782686,
      0.024626514181061838,
      0.03987017540236328,
      0.02489434953457194,
      0.023224013098296217,
      0.033571668577177714,
      0.028925820316623715,
      0.028677063079175887,
      0.04076228878595941,
      0.02940827758737011,
      0.024588543861863158,
      0.023011766885274683,
      0.024397161242210096,
      0.02802580620118442,
      0.023169199484948496,
      0.5304611071436856,
      0.3212006586676383,
      0.14833823418867612,
      0.5251869057820259,
      0.3300277631389956,
      0.14478533107897928
    ],