candidate_id,phase,domain,runtime_count,weight
olmixq_t9_kl0_cap01,phase_0,dolma3_cc/art_and_design_high,0,0.0
olmixq_t9_kl0_cap01,phase_0,dolma3_cc/art_and_design_low,15,0.00732421875
olmixq_t9_kl0_cap01,phase_0,dolma3_cc/crime_and_law_high,49,0.02392578125
olmixq_t9_kl0_cap01,phase_0,dolma3_cc/crime_and_law_low,22,0.0107421875
olmixq_t9_kl0_cap01,phase_0,dolma3_cc/education_and_jobs_high,81,0.03955078125
olmixq_t9_kl0_cap01,phase_0,dolma3_cc/education_and_jobs_low,0,0.0
olmixq_t9_kl0_cap01,phase_0,dolma3_cc/electronics_and_hardware_high,42,0.0205078125
olmixq_t9_kl0_cap01,phase_0,dolma3_cc/electronics_and_hardware_low,20,0.009765625
olmixq_t9_kl0_cap01,phase_0,dolma3_cc/entertainment_high,137,0.06689453125
olmixq_t9_kl0_cap01,phase_0,dolma3_cc/entertainment_low,49,0.02392578125
olmixq_t9_kl0_cap01,phase_0,dolma3_cc/finance_and_business_high,176,0.0859375
olmixq_t9_kl0_cap01,phase_0,dolma3_cc/finance_and_business_low,83,0.04052734375
olmixq_t9_kl0_cap01,phase_0,dolma3_cc/food_and_dining_high,55,0.02685546875
olmixq_t9_kl0_cap01,phase_0,dolma3_cc/food_and_dining_low,27,0.01318359375
olmixq_t9_kl0_cap01,phase_0,dolma3_cc/games_high,73,0.03564453125
olmixq_t9_kl0_cap01,phase_0,dolma3_cc/games_low,27,0.01318359375
olmixq_t9_kl0_cap01,phase_0,dolma3_cc/health_high,46,0.0224609375
olmixq_t9_kl0_cap01,phase_0,dolma3_cc/health_low,60,0.029296875
olmixq_t9_kl0_cap01,phase_0,dolma3_cc/history_and_geography_high,43,0.02099609375
olmixq_t9_kl0_cap01,phase_0,dolma3_cc/history_and_geography_low,0,0.0
olmixq_t9_kl0_cap01,phase_0,dolma3_cc/industrial_high,26,0.0126953125
olmixq_t9_kl0_cap01,phase_0,dolma3_cc/industrial_low,14,0.0068359375
olmixq_t9_kl0_cap01,phase_0,dolma3_cc/literature_high,83,0.04052734375
olmixq_t9_kl0_cap01,phase_0,dolma3_cc/literature_low,22,0.0107421875
olmixq_t9_kl0_cap01,phase_0,dolma3_cc/science_math_and_technology_high,78,0.0380859375
olmixq_t9_kl0_cap01,phase_0,dolma3_cc/science_math_and_technology_low,35,0.01708984375
olmixq_t9_kl0_cap01,phase_0,dolma3_stack_edu,43,0.02099609375
olmixq_t9_kl0_cap01,phase_0,dolma3_arxiv,0,0.0
olmixq_t9_kl0_cap01,phase_0,dolma3_finemath_3plus,11,0.00537109375
olmixq_t9_kl0_cap01,phase_0,dolma3_wikipedia,1,0.00048828125
olmixq_t9_kl0_cap01,phase_0,dolmino_common_crawl_hq,426,0.2080078125
olmixq_t9_kl0_cap01,phase_0,dolmino_olmocr_pdfs_hq,66,0.0322265625
olmixq_t9_kl0_cap01,phase_0,dolmino_stack_edu_fim,43,0.02099609375
olmixq_t9_kl0_cap01,phase_0,dolmino_stem_heavy_crawl,0,0.0
olmixq_t9_kl0_cap01,phase_0,dolmino_synth_code,6,0.0029296875
olmixq_t9_kl0_cap01,phase_0,dolmino_synth_instruction,0,0.0
olmixq_t9_kl0_cap01,phase_0,dolmino_synth_math,7,0.00341796875
olmixq_t9_kl0_cap01,phase_0,dolmino_synth_qa,170,0.0830078125
olmixq_t9_kl0_cap01,phase_0,dolmino_synth_thinking,12,0.005859375
olmixq_t9_kl0_cap01,phase_1,dolma3_cc/art_and_design_high,0,0.0
olmixq_t9_kl0_cap01,phase_1,dolma3_cc/art_and_design_low,15,0.00732421875
olmixq_t9_kl0_cap01,phase_1,dolma3_cc/crime_and_law_high,49,0.02392578125
olmixq_t9_kl0_cap01,phase_1,dolma3_cc/crime_and_law_low,22,0.0107421875
olmixq_t9_kl0_cap01,phase_1,dolma3_cc/education_and_jobs_high,81,0.03955078125
olmixq_t9_kl0_cap01,phase_1,dolma3_cc/education_and_jobs_low,0,0.0
olmixq_t9_kl0_cap01,phase_1,dolma3_cc/electronics_and_hardware_high,42,0.0205078125
olmixq_t9_kl0_cap01,phase_1,dolma3_cc/electronics_and_hardware_low,20,0.009765625
olmixq_t9_kl0_cap01,phase_1,dolma3_cc/entertainment_high,137,0.06689453125
olmixq_t9_kl0_cap01,phase_1,dolma3_cc/entertainment_low,49,0.02392578125
olmixq_t9_kl0_cap01,phase_1,dolma3_cc/finance_and_business_high,176,0.0859375
olmixq_t9_kl0_cap01,phase_1,dolma3_cc/finance_and_business_low,83,0.04052734375
olmixq_t9_kl0_cap01,phase_1,dolma3_cc/food_and_dining_high,55,0.02685546875
olmixq_t9_kl0_cap01,phase_1,dolma3_cc/food_and_dining_low,27,0.01318359375
olmixq_t9_kl0_cap01,phase_1,dolma3_cc/games_high,73,0.03564453125
olmixq_t9_kl0_cap01,phase_1,dolma3_cc/games_low,27,0.01318359375
olmixq_t9_kl0_cap01,phase_1,dolma3_cc/health_high,46,0.0224609375
olmixq_t9_kl0_cap01,phase_1,dolma3_cc/health_low,60,0.029296875
olmixq_t9_kl0_cap01,phase_1,dolma3_cc/history_and_geography_high,43,0.02099609375
olmixq_t9_kl0_cap01,phase_1,dolma3_cc/history_and_geography_low,0,0.0
olmixq_t9_kl0_cap01,phase_1,dolma3_cc/industrial_high,26,0.0126953125
olmixq_t9_kl0_cap01,phase_1,dolma3_cc/industrial_low,14,0.0068359375
olmixq_t9_kl0_cap01,phase_1,dolma3_cc/literature_high,83,0.04052734375
olmixq_t9_kl0_cap01,phase_1,dolma3_cc/literature_low,22,0.0107421875
olmixq_t9_kl0_cap01,phase_1,dolma3_cc/science_math_and_technology_high,78,0.0380859375
olmixq_t9_kl0_cap01,phase_1,dolma3_cc/science_math_and_technology_low,35,0.01708984375
olmixq_t9_kl0_cap01,phase_1,dolma3_stack_edu,43,0.02099609375
olmixq_t9_kl0_cap01,phase_1,dolma3_arxiv,0,0.0
olmixq_t9_kl0_cap01,phase_1,dolma3_finemath_3plus,11,0.00537109375
olmixq_t9_kl0_cap01,phase_1,dolma3_wikipedia,1,0.00048828125
olmixq_t9_kl0_cap01,phase_1,dolmino_common_crawl_hq,426,0.2080078125
olmixq_t9_kl0_cap01,phase_1,dolmino_olmocr_pdfs_hq,66,0.0322265625
olmixq_t9_kl0_cap01,phase_1,dolmino_stack_edu_fim,43,0.02099609375
olmixq_t9_kl0_cap01,phase_1,dolmino_stem_heavy_crawl,0,0.0
olmixq_t9_kl0_cap01,phase_1,dolmino_synth_code,6,0.0029296875
olmixq_t9_kl0_cap01,phase_1,dolmino_synth_instruction,0,0.0
olmixq_t9_kl0_cap01,phase_1,dolmino_synth_math,7,0.00341796875
olmixq_t9_kl0_cap01,phase_1,dolmino_synth_qa,170,0.0830078125
olmixq_t9_kl0_cap01,phase_1,dolmino_synth_thinking,12,0.005859375
olmixq_t9_kl0_cap04,phase_0,dolma3_cc/art_and_design_high,0,0.0
olmixq_t9_kl0_cap04,phase_0,dolma3_cc/art_and_design_low,0,0.0
olmixq_t9_kl0_cap04,phase_0,dolma3_cc/crime_and_law_high,0,0.0
olmixq_t9_kl0_cap04,phase_0,dolma3_cc/crime_and_law_low,0,0.0
olmixq_t9_kl0_cap04,phase_0,dolma3_cc/education_and_jobs_high,0,0.0
olmixq_t9_kl0_cap04,phase_0,dolma3_cc/education_and_jobs_low,0,0.0
olmixq_t9_kl0_cap04,phase_0,dolma3_cc/electronics_and_hardware_high,0,0.0
olmixq_t9_kl0_cap04,phase_0,dolma3_cc/electronics_and_hardware_low,0,0.0
olmixq_t9_kl0_cap04,phase_0,dolma3_cc/entertainment_high,57,0.02783203125
olmixq_t9_kl0_cap04,phase_0,dolma3_cc/entertainment_low,199,0.09716796875
olmixq_t9_kl0_cap04,phase_0,dolma3_cc/finance_and_business_high,0,0.0
olmixq_t9_kl0_cap04,phase_0,dolma3_cc/finance_and_business_low,0,0.0
olmixq_t9_kl0_cap04,phase_0,dolma3_cc/food_and_dining_high,0,0.0
olmixq_t9_kl0_cap04,phase_0,dolma3_cc/food_and_dining_low,0,0.0
olmixq_t9_kl0_cap04,phase_0,dolma3_cc/games_high,4,0.001953125
olmixq_t9_kl0_cap04,phase_0,dolma3_cc/games_low,0,0.0
olmixq_t9_kl0_cap04,phase_0,dolma3_cc/health_high,0,0.0
olmixq_t9_kl0_cap04,phase_0,dolma3_cc/health_low,240,0.1171875
olmixq_t9_kl0_cap04,phase_0,dolma3_cc/history_and_geography_high,0,0.0
olmixq_t9_kl0_cap04,phase_0,dolma3_cc/history_and_geography_low,0,0.0
olmixq_t9_kl0_cap04,phase_0,dolma3_cc/industrial_high,0,0.0
olmixq_t9_kl0_cap04,phase_0,dolma3_cc/industrial_low,0,0.0
olmixq_t9_kl0_cap04,phase_0,dolma3_cc/literature_high,334,0.1630859375
olmixq_t9_kl0_cap04,phase_0,dolma3_cc/literature_low,0,0.0
olmixq_t9_kl0_cap04,phase_0,dolma3_cc/science_math_and_technology_high,0,0.0
olmixq_t9_kl0_cap04,phase_0,dolma3_cc/science_math_and_technology_low,0,0.0
olmixq_t9_kl0_cap04,phase_0,dolma3_stack_edu,173,0.08447265625
olmixq_t9_kl0_cap04,phase_0,dolma3_arxiv,0,0.0
olmixq_t9_kl0_cap04,phase_0,dolma3_finemath_3plus,39,0.01904296875
olmixq_t9_kl0_cap04,phase_0,dolma3_wikipedia,0,0.0
olmixq_t9_kl0_cap04,phase_0,dolmino_common_crawl_hq,0,0.0
olmixq_t9_kl0_cap04,phase_0,dolmino_olmocr_pdfs_hq,68,0.033203125
olmixq_t9_kl0_cap04,phase_0,dolmino_stack_edu_fim,173,0.08447265625
olmixq_t9_kl0_cap04,phase_0,dolmino_stem_heavy_crawl,0,0.0
olmixq_t9_kl0_cap04,phase_0,dolmino_synth_code,0,0.0
olmixq_t9_kl0_cap04,phase_0,dolmino_synth_instruction,0,0.0
olmixq_t9_kl0_cap04,phase_0,dolmino_synth_math,28,0.013671875
olmixq_t9_kl0_cap04,phase_0,dolmino_synth_qa,682,0.3330078125
olmixq_t9_kl0_cap04,phase_0,dolmino_synth_thinking,51,0.02490234375
olmixq_t9_kl0_cap04,phase_1,dolma3_cc/art_and_design_high,0,0.0
olmixq_t9_kl0_cap04,phase_1,dolma3_cc/art_and_design_low,0,0.0
olmixq_t9_kl0_cap04,phase_1,dolma3_cc/crime_and_law_high,0,0.0
olmixq_t9_kl0_cap04,phase_1,dolma3_cc/crime_and_law_low,0,0.0
olmixq_t9_kl0_cap04,phase_1,dolma3_cc/education_and_jobs_high,0,0.0
olmixq_t9_kl0_cap04,phase_1,dolma3_cc/education_and_jobs_low,0,0.0
olmixq_t9_kl0_cap04,phase_1,dolma3_cc/electronics_and_hardware_high,0,0.0
olmixq_t9_kl0_cap04,phase_1,dolma3_cc/electronics_and_hardware_low,0,0.0
olmixq_t9_kl0_cap04,phase_1,dolma3_cc/entertainment_high,57,0.02783203125
olmixq_t9_kl0_cap04,phase_1,dolma3_cc/entertainment_low,199,0.09716796875
olmixq_t9_kl0_cap04,phase_1,dolma3_cc/finance_and_business_high,0,0.0
olmixq_t9_kl0_cap04,phase_1,dolma3_cc/finance_and_business_low,0,0.0
olmixq_t9_kl0_cap04,phase_1,dolma3_cc/food_and_dining_high,0,0.0
olmixq_t9_kl0_cap04,phase_1,dolma3_cc/food_and_dining_low,0,0.0
olmixq_t9_kl0_cap04,phase_1,dolma3_cc/games_high,4,0.001953125
olmixq_t9_kl0_cap04,phase_1,dolma3_cc/games_low,0,0.0
olmixq_t9_kl0_cap04,phase_1,dolma3_cc/health_high,0,0.0
olmixq_t9_kl0_cap04,phase_1,dolma3_cc/health_low,240,0.1171875
olmixq_t9_kl0_cap04,phase_1,dolma3_cc/history_and_geography_high,0,0.0
olmixq_t9_kl0_cap04,phase_1,dolma3_cc/history_and_geography_low,0,0.0
olmixq_t9_kl0_cap04,phase_1,dolma3_cc/industrial_high,0,0.0
olmixq_t9_kl0_cap04,phase_1,dolma3_cc/industrial_low,0,0.0
olmixq_t9_kl0_cap04,phase_1,dolma3_cc/literature_high,334,0.1630859375
olmixq_t9_kl0_cap04,phase_1,dolma3_cc/literature_low,0,0.0
olmixq_t9_kl0_cap04,phase_1,dolma3_cc/science_math_and_technology_high,0,0.0
olmixq_t9_kl0_cap04,phase_1,dolma3_cc/science_math_and_technology_low,0,0.0
olmixq_t9_kl0_cap04,phase_1,dolma3_stack_edu,173,0.08447265625
olmixq_t9_kl0_cap04,phase_1,dolma3_arxiv,0,0.0
olmixq_t9_kl0_cap04,phase_1,dolma3_finemath_3plus,39,0.01904296875
olmixq_t9_kl0_cap04,phase_1,dolma3_wikipedia,0,0.0
olmixq_t9_kl0_cap04,phase_1,dolmino_common_crawl_hq,0,0.0
olmixq_t9_kl0_cap04,phase_1,dolmino_olmocr_pdfs_hq,68,0.033203125
olmixq_t9_kl0_cap04,phase_1,dolmino_stack_edu_fim,173,0.08447265625
olmixq_t9_kl0_cap04,phase_1,dolmino_stem_heavy_crawl,0,0.0
olmixq_t9_kl0_cap04,phase_1,dolmino_synth_code,0,0.0
olmixq_t9_kl0_cap04,phase_1,dolmino_synth_instruction,0,0.0
olmixq_t9_kl0_cap04,phase_1,dolmino_synth_math,28,0.013671875
olmixq_t9_kl0_cap04,phase_1,dolmino_synth_qa,682,0.3330078125
olmixq_t9_kl0_cap04,phase_1,dolmino_synth_thinking,51,0.02490234375
olmixq_t9_kl0_cap08,phase_0,dolma3_cc/art_and_design_high,0,0.0
olmixq_t9_kl0_cap08,phase_0,dolma3_cc/art_and_design_low,0,0.0
olmixq_t9_kl0_cap08,phase_0,dolma3_cc/crime_and_law_high,0,0.0
olmixq_t9_kl0_cap08,phase_0,dolma3_cc/crime_and_law_low,0,0.0
olmixq_t9_kl0_cap08,phase_0,dolma3_cc/education_and_jobs_high,0,0.0
olmixq_t9_kl0_cap08,phase_0,dolma3_cc/education_and_jobs_low,0,0.0
olmixq_t9_kl0_cap08,phase_0,dolma3_cc/electronics_and_hardware_high,0,0.0
olmixq_t9_kl0_cap08,phase_0,dolma3_cc/electronics_and_hardware_low,0,0.0
olmixq_t9_kl0_cap08,phase_0,dolma3_cc/entertainment_high,0,0.0
olmixq_t9_kl0_cap08,phase_0,dolma3_cc/entertainment_low,0,0.0
olmixq_t9_kl0_cap08,phase_0,dolma3_cc/finance_and_business_high,0,0.0
olmixq_t9_kl0_cap08,phase_0,dolma3_cc/finance_and_business_low,0,0.0
olmixq_t9_kl0_cap08,phase_0,dolma3_cc/food_and_dining_high,0,0.0
olmixq_t9_kl0_cap08,phase_0,dolma3_cc/food_and_dining_low,0,0.0
olmixq_t9_kl0_cap08,phase_0,dolma3_cc/games_high,0,0.0
olmixq_t9_kl0_cap08,phase_0,dolma3_cc/games_low,0,0.0
olmixq_t9_kl0_cap08,phase_0,dolma3_cc/health_high,0,0.0
olmixq_t9_kl0_cap08,phase_0,dolma3_cc/health_low,0,0.0
olmixq_t9_kl0_cap08,phase_0,dolma3_cc/history_and_geography_high,0,0.0
olmixq_t9_kl0_cap08,phase_0,dolma3_cc/history_and_geography_low,0,0.0
olmixq_t9_kl0_cap08,phase_0,dolma3_cc/industrial_high,0,0.0
olmixq_t9_kl0_cap08,phase_0,dolma3_cc/industrial_low,0,0.0
olmixq_t9_kl0_cap08,phase_0,dolma3_cc/literature_high,338,0.1650390625
olmixq_t9_kl0_cap08,phase_0,dolma3_cc/literature_low,0,0.0
olmixq_t9_kl0_cap08,phase_0,dolma3_cc/science_math_and_technology_high,0,0.0
olmixq_t9_kl0_cap08,phase_0,dolma3_cc/science_math_and_technology_low,0,0.0
olmixq_t9_kl0_cap08,phase_0,dolma3_stack_edu,251,0.12255859375
olmixq_t9_kl0_cap08,phase_0,dolma3_arxiv,0,0.0
olmixq_t9_kl0_cap08,phase_0,dolma3_finemath_3plus,0,0.0
olmixq_t9_kl0_cap08,phase_0,dolma3_wikipedia,0,0.0
olmixq_t9_kl0_cap08,phase_0,dolmino_common_crawl_hq,0,0.0
olmixq_t9_kl0_cap08,phase_0,dolmino_olmocr_pdfs_hq,0,0.0
olmixq_t9_kl0_cap08,phase_0,dolmino_stack_edu_fim,346,0.1689453125
olmixq_t9_kl0_cap08,phase_0,dolmino_stem_heavy_crawl,0,0.0
olmixq_t9_kl0_cap08,phase_0,dolmino_synth_code,0,0.0
olmixq_t9_kl0_cap08,phase_0,dolmino_synth_instruction,0,0.0
olmixq_t9_kl0_cap08,phase_0,dolmino_synth_math,22,0.0107421875
olmixq_t9_kl0_cap08,phase_0,dolmino_synth_qa,988,0.482421875
olmixq_t9_kl0_cap08,phase_0,dolmino_synth_thinking,103,0.05029296875
olmixq_t9_kl0_cap08,phase_1,dolma3_cc/art_and_design_high,0,0.0
olmixq_t9_kl0_cap08,phase_1,dolma3_cc/art_and_design_low,0,0.0
olmixq_t9_kl0_cap08,phase_1,dolma3_cc/crime_and_law_high,0,0.0
olmixq_t9_kl0_cap08,phase_1,dolma3_cc/crime_and_law_low,0,0.0
olmixq_t9_kl0_cap08,phase_1,dolma3_cc/education_and_jobs_high,0,0.0
olmixq_t9_kl0_cap08,phase_1,dolma3_cc/education_and_jobs_low,0,0.0
olmixq_t9_kl0_cap08,phase_1,dolma3_cc/electronics_and_hardware_high,0,0.0
olmixq_t9_kl0_cap08,phase_1,dolma3_cc/electronics_and_hardware_low,0,0.0
olmixq_t9_kl0_cap08,phase_1,dolma3_cc/entertainment_high,0,0.0
olmixq_t9_kl0_cap08,phase_1,dolma3_cc/entertainment_low,0,0.0
olmixq_t9_kl0_cap08,phase_1,dolma3_cc/finance_and_business_high,0,0.0
olmixq_t9_kl0_cap08,phase_1,dolma3_cc/finance_and_business_low,0,0.0
olmixq_t9_kl0_cap08,phase_1,dolma3_cc/food_and_dining_high,0,0.0
olmixq_t9_kl0_cap08,phase_1,dolma3_cc/food_and_dining_low,0,0.0
olmixq_t9_kl0_cap08,phase_1,dolma3_cc/games_high,0,0.0
olmixq_t9_kl0_cap08,phase_1,dolma3_cc/games_low,0,0.0
olmixq_t9_kl0_cap08,phase_1,dolma3_cc/health_high,0,0.0
olmixq_t9_kl0_cap08,phase_1,dolma3_cc/health_low,0,0.0
olmixq_t9_kl0_cap08,phase_1,dolma3_cc/history_and_geography_high,0,0.0
olmixq_t9_kl0_cap08,phase_1,dolma3_cc/history_and_geography_low,0,0.0
olmixq_t9_kl0_cap08,phase_1,dolma3_cc/industrial_high,0,0.0
olmixq_t9_kl0_cap08,phase_1,dolma3_cc/industrial_low,0,0.0
olmixq_t9_kl0_cap08,phase_1,dolma3_cc/literature_high,338,0.1650390625
olmixq_t9_kl0_cap08,phase_1,dolma3_cc/literature_low,0,0.0
olmixq_t9_kl0_cap08,phase_1,dolma3_cc/science_math_and_technology_high,0,0.0
olmixq_t9_kl0_cap08,phase_1,dolma3_cc/science_math_and_technology_low,0,0.0
olmixq_t9_kl0_cap08,phase_1,dolma3_stack_edu,251,0.12255859375
olmixq_t9_kl0_cap08,phase_1,dolma3_arxiv,0,0.0
olmixq_t9_kl0_cap08,phase_1,dolma3_finemath_3plus,0,0.0
olmixq_t9_kl0_cap08,phase_1,dolma3_wikipedia,0,0.0
olmixq_t9_kl0_cap08,phase_1,dolmino_common_crawl_hq,0,0.0
olmixq_t9_kl0_cap08,phase_1,dolmino_olmocr_pdfs_hq,0,0.0
olmixq_t9_kl0_cap08,phase_1,dolmino_stack_edu_fim,346,0.1689453125
olmixq_t9_kl0_cap08,phase_1,dolmino_stem_heavy_crawl,0,0.0
olmixq_t9_kl0_cap08,phase_1,dolmino_synth_code,0,0.0
olmixq_t9_kl0_cap08,phase_1,dolmino_synth_instruction,0,0.0
olmixq_t9_kl0_cap08,phase_1,dolmino_synth_math,22,0.0107421875
olmixq_t9_kl0_cap08,phase_1,dolmino_synth_qa,988,0.482421875
olmixq_t9_kl0_cap08,phase_1,dolmino_synth_thinking,103,0.05029296875
olmixq_t9_kl0_cap12,phase_0,dolma3_cc/art_and_design_high,0,0.0
olmixq_t9_kl0_cap12,phase_0,dolma3_cc/art_and_design_low,0,0.0
olmixq_t9_kl0_cap12,phase_0,dolma3_cc/crime_and_law_high,0,0.0
olmixq_t9_kl0_cap12,phase_0,dolma3_cc/crime_and_law_low,0,0.0
olmixq_t9_kl0_cap12,phase_0,dolma3_cc/education_and_jobs_high,0,0.0
olmixq_t9_kl0_cap12,phase_0,dolma3_cc/education_and_jobs_low,0,0.0
olmixq_t9_kl0_cap12,phase_0,dolma3_cc/electronics_and_hardware_high,0,0.0
olmixq_t9_kl0_cap12,phase_0,dolma3_cc/electronics_and_hardware_low,0,0.0
olmixq_t9_kl0_cap12,phase_0,dolma3_cc/entertainment_high,0,0.0
olmixq_t9_kl0_cap12,phase_0,dolma3_cc/entertainment_low,0,0.0
olmixq_t9_kl0_cap12,phase_0,dolma3_cc/finance_and_business_high,0,0.0
olmixq_t9_kl0_cap12,phase_0,dolma3_cc/finance_and_business_low,0,0.0
olmixq_t9_kl0_cap12,phase_0,dolma3_cc/food_and_dining_high,0,0.0
olmixq_t9_kl0_cap12,phase_0,dolma3_cc/food_and_dining_low,0,0.0
olmixq_t9_kl0_cap12,phase_0,dolma3_cc/games_high,0,0.0
olmixq_t9_kl0_cap12,phase_0,dolma3_cc/games_low,0,0.0
olmixq_t9_kl0_cap12,phase_0,dolma3_cc/health_high,0,0.0
olmixq_t9_kl0_cap12,phase_0,dolma3_cc/health_low,0,0.0
olmixq_t9_kl0_cap12,phase_0,dolma3_cc/history_and_geography_high,0,0.0
olmixq_t9_kl0_cap12,phase_0,dolma3_cc/history_and_geography_low,0,0.0
olmixq_t9_kl0_cap12,phase_0,dolma3_cc/industrial_high,0,0.0
olmixq_t9_kl0_cap12,phase_0,dolma3_cc/industrial_low,0,0.0
olmixq_t9_kl0_cap12,phase_0,dolma3_cc/literature_high,291,0.14208984375
olmixq_t9_kl0_cap12,phase_0,dolma3_cc/literature_low,0,0.0
olmixq_t9_kl0_cap12,phase_0,dolma3_cc/science_math_and_technology_high,0,0.0
olmixq_t9_kl0_cap12,phase_0,dolma3_cc/science_math_and_technology_low,0,0.0
olmixq_t9_kl0_cap12,phase_0,dolma3_stack_edu,45,0.02197265625
olmixq_t9_kl0_cap12,phase_0,dolma3_arxiv,0,0.0
olmixq_t9_kl0_cap12,phase_0,dolma3_finemath_3plus,0,0.0
olmixq_t9_kl0_cap12,phase_0,dolma3_wikipedia,0,0.0
olmixq_t9_kl0_cap12,phase_0,dolmino_common_crawl_hq,0,0.0
olmixq_t9_kl0_cap12,phase_0,dolmino_olmocr_pdfs_hq,0,0.0
olmixq_t9_kl0_cap12,phase_0,dolmino_stack_edu_fim,520,0.25390625
olmixq_t9_kl0_cap12,phase_0,dolmino_stem_heavy_crawl,0,0.0
olmixq_t9_kl0_cap12,phase_0,dolmino_synth_code,0,0.0
olmixq_t9_kl0_cap12,phase_0,dolmino_synth_instruction,0,0.0
olmixq_t9_kl0_cap12,phase_0,dolmino_synth_math,0,0.0
olmixq_t9_kl0_cap12,phase_0,dolmino_synth_qa,1037,0.50634765625
olmixq_t9_kl0_cap12,phase_0,dolmino_synth_thinking,155,0.07568359375
olmixq_t9_kl0_cap12,phase_1,dolma3_cc/art_and_design_high,0,0.0
olmixq_t9_kl0_cap12,phase_1,dolma3_cc/art_and_design_low,0,0.0
olmixq_t9_kl0_cap12,phase_1,dolma3_cc/crime_and_law_high,0,0.0
olmixq_t9_kl0_cap12,phase_1,dolma3_cc/crime_and_law_low,0,0.0
olmixq_t9_kl0_cap12,phase_1,dolma3_cc/education_and_jobs_high,0,0.0
olmixq_t9_kl0_cap12,phase_1,dolma3_cc/education_and_jobs_low,0,0.0
olmixq_t9_kl0_cap12,phase_1,dolma3_cc/electronics_and_hardware_high,0,0.0
olmixq_t9_kl0_cap12,phase_1,dolma3_cc/electronics_and_hardware_low,0,0.0
olmixq_t9_kl0_cap12,phase_1,dolma3_cc/entertainment_high,0,0.0
olmixq_t9_kl0_cap12,phase_1,dolma3_cc/entertainment_low,0,0.0
olmixq_t9_kl0_cap12,phase_1,dolma3_cc/finance_and_business_high,0,0.0
olmixq_t9_kl0_cap12,phase_1,dolma3_cc/finance_and_business_low,0,0.0
olmixq_t9_kl0_cap12,phase_1,dolma3_cc/food_and_dining_high,0,0.0
olmixq_t9_kl0_cap12,phase_1,dolma3_cc/food_and_dining_low,0,0.0
olmixq_t9_kl0_cap12,phase_1,dolma3_cc/games_high,0,0.0
olmixq_t9_kl0_cap12,phase_1,dolma3_cc/games_low,0,0.0
olmixq_t9_kl0_cap12,phase_1,dolma3_cc/health_high,0,0.0
olmixq_t9_kl0_cap12,phase_1,dolma3_cc/health_low,0,0.0
olmixq_t9_kl0_cap12,phase_1,dolma3_cc/history_and_geography_high,0,0.0
olmixq_t9_kl0_cap12,phase_1,dolma3_cc/history_and_geography_low,0,0.0
olmixq_t9_kl0_cap12,phase_1,dolma3_cc/industrial_high,0,0.0
olmixq_t9_kl0_cap12,phase_1,dolma3_cc/industrial_low,0,0.0
olmixq_t9_kl0_cap12,phase_1,dolma3_cc/literature_high,291,0.14208984375
olmixq_t9_kl0_cap12,phase_1,dolma3_cc/literature_low,0,0.0
olmixq_t9_kl0_cap12,phase_1,dolma3_cc/science_math_and_technology_high,0,0.0
olmixq_t9_kl0_cap12,phase_1,dolma3_cc/science_math_and_technology_low,0,0.0
olmixq_t9_kl0_cap12,phase_1,dolma3_stack_edu,45,0.02197265625
olmixq_t9_kl0_cap12,phase_1,dolma3_arxiv,0,0.0
olmixq_t9_kl0_cap12,phase_1,dolma3_finemath_3plus,0,0.0
olmixq_t9_kl0_cap12,phase_1,dolma3_wikipedia,0,0.0
olmixq_t9_kl0_cap12,phase_1,dolmino_common_crawl_hq,0,0.0
olmixq_t9_kl0_cap12,phase_1,dolmino_olmocr_pdfs_hq,0,0.0
olmixq_t9_kl0_cap12,phase_1,dolmino_stack_edu_fim,520,0.25390625
olmixq_t9_kl0_cap12,phase_1,dolmino_stem_heavy_crawl,0,0.0
olmixq_t9_kl0_cap12,phase_1,dolmino_synth_code,0,0.0
olmixq_t9_kl0_cap12,phase_1,dolmino_synth_instruction,0,0.0
olmixq_t9_kl0_cap12,phase_1,dolmino_synth_math,0,0.0
olmixq_t9_kl0_cap12,phase_1,dolmino_synth_qa,1037,0.50634765625
olmixq_t9_kl0_cap12,phase_1,dolmino_synth_thinking,155,0.07568359375
olmixq_t9_kl0_nocap_cap17,phase_0,dolma3_cc/art_and_design_high,0,0.0
olmixq_t9_kl0_nocap_cap17,phase_0,dolma3_cc/art_and_design_low,0,0.0
olmixq_t9_kl0_nocap_cap17,phase_0,dolma3_cc/crime_and_law_high,0,0.0
olmixq_t9_kl0_nocap_cap17,phase_0,dolma3_cc/crime_and_law_low,0,0.0
olmixq_t9_kl0_nocap_cap17,phase_0,dolma3_cc/education_and_jobs_high,0,0.0
olmixq_t9_kl0_nocap_cap17,phase_0,dolma3_cc/education_and_jobs_low,0,0.0
olmixq_t9_kl0_nocap_cap17,phase_0,dolma3_cc/electronics_and_hardware_high,0,0.0
olmixq_t9_kl0_nocap_cap17,phase_0,dolma3_cc/electronics_and_hardware_low,0,0.0
olmixq_t9_kl0_nocap_cap17,phase_0,dolma3_cc/entertainment_high,0,0.0
olmixq_t9_kl0_nocap_cap17,phase_0,dolma3_cc/entertainment_low,0,0.0
olmixq_t9_kl0_nocap_cap17,phase_0,dolma3_cc/finance_and_business_high,0,0.0
olmixq_t9_kl0_nocap_cap17,phase_0,dolma3_cc/finance_and_business_low,0,0.0
olmixq_t9_kl0_nocap_cap17,phase_0,dolma3_cc/food_and_dining_high,0,0.0
olmixq_t9_kl0_nocap_cap17,phase_0,dolma3_cc/food_and_dining_low,0,0.0
olmixq_t9_kl0_nocap_cap17,phase_0,dolma3_cc/games_high,0,0.0
olmixq_t9_kl0_nocap_cap17,phase_0,dolma3_cc/games_low,0,0.0
olmixq_t9_kl0_nocap_cap17,phase_0,dolma3_cc/health_high,0,0.0
olmixq_t9_kl0_nocap_cap17,phase_0,dolma3_cc/health_low,0,0.0
olmixq_t9_kl0_nocap_cap17,phase_0,dolma3_cc/history_and_geography_high,0,0.0
olmixq_t9_kl0_nocap_cap17,phase_0,dolma3_cc/history_and_geography_low,0,0.0
olmixq_t9_kl0_nocap_cap17,phase_0,dolma3_cc/industrial_high,0,0.0
olmixq_t9_kl0_nocap_cap17,phase_0,dolma3_cc/industrial_low,0,0.0
olmixq_t9_kl0_nocap_cap17,phase_0,dolma3_cc/literature_high,221,0.10791015625
olmixq_t9_kl0_nocap_cap17,phase_0,dolma3_cc/literature_low,0,0.0
olmixq_t9_kl0_nocap_cap17,phase_0,dolma3_cc/science_math_and_technology_high,0,0.0
olmixq_t9_kl0_nocap_cap17,phase_0,dolma3_cc/science_math_and_technology_low,0,0.0
olmixq_t9_kl0_nocap_cap17,phase_0,dolma3_stack_edu,0,0.0
olmixq_t9_kl0_nocap_cap17,phase_0,dolma3_arxiv,0,0.0
olmixq_t9_kl0_nocap_cap17,phase_0,dolma3_finemath_3plus,0,0.0
olmixq_t9_kl0_nocap_cap17,phase_0,dolma3_wikipedia,0,0.0
olmixq_t9_kl0_nocap_cap17,phase_0,dolmino_common_crawl_hq,0,0.0
olmixq_t9_kl0_nocap_cap17,phase_0,dolmino_olmocr_pdfs_hq,0,0.0
olmixq_t9_kl0_nocap_cap17,phase_0,dolmino_stack_edu_fim,553,0.27001953125
olmixq_t9_kl0_nocap_cap17,phase_0,dolmino_stem_heavy_crawl,0,0.0
olmixq_t9_kl0_nocap_cap17,phase_0,dolmino_synth_code,0,0.0
olmixq_t9_kl0_nocap_cap17,phase_0,dolmino_synth_instruction,0,0.0
olmixq_t9_kl0_nocap_cap17,phase_0,dolmino_synth_math,0,0.0
olmixq_t9_kl0_nocap_cap17,phase_0,dolmino_synth_qa,1060,0.517578125
olmixq_t9_kl0_nocap_cap17,phase_0,dolmino_synth_thinking,214,0.1044921875
olmixq_t9_kl0_nocap_cap17,phase_1,dolma3_cc/art_and_design_high,0,0.0
olmixq_t9_kl0_nocap_cap17,phase_1,dolma3_cc/art_and_design_low,0,0.0
olmixq_t9_kl0_nocap_cap17,phase_1,dolma3_cc/crime_and_law_high,0,0.0
olmixq_t9_kl0_nocap_cap17,phase_1,dolma3_cc/crime_and_law_low,0,0.0
olmixq_t9_kl0_nocap_cap17,phase_1,dolma3_cc/education_and_jobs_high,0,0.0
olmixq_t9_kl0_nocap_cap17,phase_1,dolma3_cc/education_and_jobs_low,0,0.0
olmixq_t9_kl0_nocap_cap17,phase_1,dolma3_cc/electronics_and_hardware_high,0,0.0
olmixq_t9_kl0_nocap_cap17,phase_1,dolma3_cc/electronics_and_hardware_low,0,0.0
olmixq_t9_kl0_nocap_cap17,phase_1,dolma3_cc/entertainment_high,0,0.0
olmixq_t9_kl0_nocap_cap17,phase_1,dolma3_cc/entertainment_low,0,0.0
olmixq_t9_kl0_nocap_cap17,phase_1,dolma3_cc/finance_and_business_high,0,0.0
olmixq_t9_kl0_nocap_cap17,phase_1,dolma3_cc/finance_and_business_low,0,0.0
olmixq_t9_kl0_nocap_cap17,phase_1,dolma3_cc/food_and_dining_high,0,0.0
olmixq_t9_kl0_nocap_cap17,phase_1,dolma3_cc/food_and_dining_low,0,0.0
olmixq_t9_kl0_nocap_cap17,phase_1,dolma3_cc/games_high,0,0.0
olmixq_t9_kl0_nocap_cap17,phase_1,dolma3_cc/games_low,0,0.0
olmixq_t9_kl0_nocap_cap17,phase_1,dolma3_cc/health_high,0,0.0
olmixq_t9_kl0_nocap_cap17,phase_1,dolma3_cc/health_low,0,0.0
olmixq_t9_kl0_nocap_cap17,phase_1,dolma3_cc/history_and_geography_high,0,0.0
olmixq_t9_kl0_nocap_cap17,phase_1,dolma3_cc/history_and_geography_low,0,0.0
olmixq_t9_kl0_nocap_cap17,phase_1,dolma3_cc/industrial_high,0,0.0
olmixq_t9_kl0_nocap_cap17,phase_1,dolma3_cc/industrial_low,0,0.0
olmixq_t9_kl0_nocap_cap17,phase_1,dolma3_cc/literature_high,221,0.10791015625
olmixq_t9_kl0_nocap_cap17,phase_1,dolma3_cc/literature_low,0,0.0
olmixq_t9_kl0_nocap_cap17,phase_1,dolma3_cc/science_math_and_technology_high,0,0.0
olmixq_t9_kl0_nocap_cap17,phase_1,dolma3_cc/science_math_and_technology_low,0,0.0
olmixq_t9_kl0_nocap_cap17,phase_1,dolma3_stack_edu,0,0.0
olmixq_t9_kl0_nocap_cap17,phase_1,dolma3_arxiv,0,0.0
olmixq_t9_kl0_nocap_cap17,phase_1,dolma3_finemath_3plus,0,0.0
olmixq_t9_kl0_nocap_cap17,phase_1,dolma3_wikipedia,0,0.0
olmixq_t9_kl0_nocap_cap17,phase_1,dolmino_common_crawl_hq,0,0.0
olmixq_t9_kl0_nocap_cap17,phase_1,dolmino_olmocr_pdfs_hq,0,0.0
olmixq_t9_kl0_nocap_cap17,phase_1,dolmino_stack_edu_fim,553,0.27001953125
olmixq_t9_kl0_nocap_cap17,phase_1,dolmino_stem_heavy_crawl,0,0.0
olmixq_t9_kl0_nocap_cap17,phase_1,dolmino_synth_code,0,0.0
olmixq_t9_kl0_nocap_cap17,phase_1,dolmino_synth_instruction,0,0.0
olmixq_t9_kl0_nocap_cap17,phase_1,dolmino_synth_math,0,0.0
olmixq_t9_kl0_nocap_cap17,phase_1,dolmino_synth_qa,1060,0.517578125
olmixq_t9_kl0_nocap_cap17,phase_1,dolmino_synth_thinking,214,0.1044921875
olmixq_t9_kl0p005_cap04,phase_0,dolma3_cc/art_and_design_high,1,0.00048828125
olmixq_t9_kl0p005_cap04,phase_0,dolma3_cc/art_and_design_low,4,0.001953125
olmixq_t9_kl0p005_cap04,phase_0,dolma3_cc/crime_and_law_high,0,0.0
olmixq_t9_kl0p005_cap04,phase_0,dolma3_cc/crime_and_law_low,0,0.0
olmixq_t9_kl0p005_cap04,phase_0,dolma3_cc/education_and_jobs_high,1,0.00048828125
olmixq_t9_kl0p005_cap04,phase_0,dolma3_cc/education_and_jobs_low,0,0.0
olmixq_t9_kl0p005_cap04,phase_0,dolma3_cc/electronics_and_hardware_high,1,0.00048828125
olmixq_t9_kl0p005_cap04,phase_0,dolma3_cc/electronics_and_hardware_low,1,0.00048828125
olmixq_t9_kl0p005_cap04,phase_0,dolma3_cc/entertainment_high,93,0.04541015625
olmixq_t9_kl0p005_cap04,phase_0,dolma3_cc/entertainment_low,75,0.03662109375
olmixq_t9_kl0p005_cap04,phase_0,dolma3_cc/finance_and_business_high,7,0.00341796875
olmixq_t9_kl0p005_cap04,phase_0,dolma3_cc/finance_and_business_low,1,0.00048828125
olmixq_t9_kl0p005_cap04,phase_0,dolma3_cc/food_and_dining_high,31,0.01513671875
olmixq_t9_kl0p005_cap04,phase_0,dolma3_cc/food_and_dining_low,6,0.0029296875
olmixq_t9_kl0p005_cap04,phase_0,dolma3_cc/games_high,55,0.02685546875
olmixq_t9_kl0p005_cap04,phase_0,dolma3_cc/games_low,3,0.00146484375
olmixq_t9_kl0p005_cap04,phase_0,dolma3_cc/health_high,45,0.02197265625
olmixq_t9_kl0p005_cap04,phase_0,dolma3_cc/health_low,128,0.0625
olmixq_t9_kl0p005_cap04,phase_0,dolma3_cc/history_and_geography_high,1,0.00048828125
olmixq_t9_kl0p005_cap04,phase_0,dolma3_cc/history_and_geography_low,0,0.0
olmixq_t9_kl0p005_cap04,phase_0,dolma3_cc/industrial_high,0,0.0
olmixq_t9_kl0p005_cap04,phase_0,dolma3_cc/industrial_low,0,0.0
olmixq_t9_kl0p005_cap04,phase_0,dolma3_cc/literature_high,334,0.1630859375
olmixq_t9_kl0p005_cap04,phase_0,dolma3_cc/literature_low,0,0.0
olmixq_t9_kl0p005_cap04,phase_0,dolma3_cc/science_math_and_technology_high,18,0.0087890625
olmixq_t9_kl0p005_cap04,phase_0,dolma3_cc/science_math_and_technology_low,25,0.01220703125
olmixq_t9_kl0p005_cap04,phase_0,dolma3_stack_edu,173,0.08447265625
olmixq_t9_kl0p005_cap04,phase_0,dolma3_arxiv,0,0.0
olmixq_t9_kl0p005_cap04,phase_0,dolma3_finemath_3plus,24,0.01171875
olmixq_t9_kl0p005_cap04,phase_0,dolma3_wikipedia,0,0.0
olmixq_t9_kl0p005_cap04,phase_0,dolmino_common_crawl_hq,23,0.01123046875
olmixq_t9_kl0p005_cap04,phase_0,dolmino_olmocr_pdfs_hq,64,0.03125
olmixq_t9_kl0p005_cap04,phase_0,dolmino_stack_edu_fim,173,0.08447265625
olmixq_t9_kl0p005_cap04,phase_0,dolmino_stem_heavy_crawl,0,0.0
olmixq_t9_kl0p005_cap04,phase_0,dolmino_synth_code,0,0.0
olmixq_t9_kl0p005_cap04,phase_0,dolmino_synth_instruction,0,0.0
olmixq_t9_kl0p005_cap04,phase_0,dolmino_synth_math,28,0.013671875
olmixq_t9_kl0p005_cap04,phase_0,dolmino_synth_qa,682,0.3330078125
olmixq_t9_kl0p005_cap04,phase_0,dolmino_synth_thinking,51,0.02490234375
olmixq_t9_kl0p005_cap04,phase_1,dolma3_cc/art_and_design_high,1,0.00048828125
olmixq_t9_kl0p005_cap04,phase_1,dolma3_cc/art_and_design_low,4,0.001953125
olmixq_t9_kl0p005_cap04,phase_1,dolma3_cc/crime_and_law_high,0,0.0
olmixq_t9_kl0p005_cap04,phase_1,dolma3_cc/crime_and_law_low,0,0.0
olmixq_t9_kl0p005_cap04,phase_1,dolma3_cc/education_and_jobs_high,1,0.00048828125
olmixq_t9_kl0p005_cap04,phase_1,dolma3_cc/education_and_jobs_low,0,0.0
olmixq_t9_kl0p005_cap04,phase_1,dolma3_cc/electronics_and_hardware_high,1,0.00048828125
olmixq_t9_kl0p005_cap04,phase_1,dolma3_cc/electronics_and_hardware_low,1,0.00048828125
olmixq_t9_kl0p005_cap04,phase_1,dolma3_cc/entertainment_high,93,0.04541015625
olmixq_t9_kl0p005_cap04,phase_1,dolma3_cc/entertainment_low,75,0.03662109375
olmixq_t9_kl0p005_cap04,phase_1,dolma3_cc/finance_and_business_high,7,0.00341796875
olmixq_t9_kl0p005_cap04,phase_1,dolma3_cc/finance_and_business_low,1,0.00048828125
olmixq_t9_kl0p005_cap04,phase_1,dolma3_cc/food_and_dining_high,31,0.01513671875
olmixq_t9_kl0p005_cap04,phase_1,dolma3_cc/food_and_dining_low,6,0.0029296875
olmixq_t9_kl0p005_cap04,phase_1,dolma3_cc/games_high,55,0.02685546875
olmixq_t9_kl0p005_cap04,phase_1,dolma3_cc/games_low,3,0.00146484375
olmixq_t9_kl0p005_cap04,phase_1,dolma3_cc/health_high,45,0.02197265625
olmixq_t9_kl0p005_cap04,phase_1,dolma3_cc/health_low,128,0.0625
olmixq_t9_kl0p005_cap04,phase_1,dolma3_cc/history_and_geography_high,1,0.00048828125
olmixq_t9_kl0p005_cap04,phase_1,dolma3_cc/history_and_geography_low,0,0.0
olmixq_t9_kl0p005_cap04,phase_1,dolma3_cc/industrial_high,0,0.0
olmixq_t9_kl0p005_cap04,phase_1,dolma3_cc/industrial_low,0,0.0
olmixq_t9_kl0p005_cap04,phase_1,dolma3_cc/literature_high,334,0.1630859375
olmixq_t9_kl0p005_cap04,phase_1,dolma3_cc/literature_low,0,0.0
olmixq_t9_kl0p005_cap04,phase_1,dolma3_cc/science_math_and_technology_high,18,0.0087890625
olmixq_t9_kl0p005_cap04,phase_1,dolma3_cc/science_math_and_technology_low,25,0.01220703125
olmixq_t9_kl0p005_cap04,phase_1,dolma3_stack_edu,173,0.08447265625
olmixq_t9_kl0p005_cap04,phase_1,dolma3_arxiv,0,0.0
olmixq_t9_kl0p005_cap04,phase_1,dolma3_finemath_3plus,24,0.01171875
olmixq_t9_kl0p005_cap04,phase_1,dolma3_wikipedia,0,0.0
olmixq_t9_kl0p005_cap04,phase_1,dolmino_common_crawl_hq,23,0.01123046875
olmixq_t9_kl0p005_cap04,phase_1,dolmino_olmocr_pdfs_hq,64,0.03125
olmixq_t9_kl0p005_cap04,phase_1,dolmino_stack_edu_fim,173,0.08447265625
olmixq_t9_kl0p005_cap04,phase_1,dolmino_stem_heavy_crawl,0,0.0
olmixq_t9_kl0p005_cap04,phase_1,dolmino_synth_code,0,0.0
olmixq_t9_kl0p005_cap04,phase_1,dolmino_synth_instruction,0,0.0
olmixq_t9_kl0p005_cap04,phase_1,dolmino_synth_math,28,0.013671875
olmixq_t9_kl0p005_cap04,phase_1,dolmino_synth_qa,682,0.3330078125
olmixq_t9_kl0p005_cap04,phase_1,dolmino_synth_thinking,51,0.02490234375
olmixq_t9_kl0p005_cap08,phase_0,dolma3_cc/art_and_design_high,1,0.00048828125
olmixq_t9_kl0p005_cap08,phase_0,dolma3_cc/art_and_design_low,0,0.0
olmixq_t9_kl0p005_cap08,phase_0,dolma3_cc/crime_and_law_high,0,0.0
olmixq_t9_kl0p005_cap08,phase_0,dolma3_cc/crime_and_law_low,0,0.0
olmixq_t9_kl0p005_cap08,phase_0,dolma3_cc/education_and_jobs_high,0,0.0
olmixq_t9_kl0p005_cap08,phase_0,dolma3_cc/education_and_jobs_low,0,0.0
olmixq_t9_kl0p005_cap08,phase_0,dolma3_cc/electronics_and_hardware_high,0,0.0
olmixq_t9_kl0p005_cap08,phase_0,dolma3_cc/electronics_and_hardware_low,0,0.0
olmixq_t9_kl0p005_cap08,phase_0,dolma3_cc/entertainment_high,40,0.01953125
olmixq_t9_kl0p005_cap08,phase_0,dolma3_cc/entertainment_low,17,0.00830078125
olmixq_t9_kl0p005_cap08,phase_0,dolma3_cc/finance_and_business_high,4,0.001953125
olmixq_t9_kl0p005_cap08,phase_0,dolma3_cc/finance_and_business_low,0,0.0
olmixq_t9_kl0p005_cap08,phase_0,dolma3_cc/food_and_dining_high,5,0.00244140625
olmixq_t9_kl0p005_cap08,phase_0,dolma3_cc/food_and_dining_low,1,0.00048828125
olmixq_t9_kl0p005_cap08,phase_0,dolma3_cc/games_high,15,0.00732421875
olmixq_t9_kl0p005_cap08,phase_0,dolma3_cc/games_low,1,0.00048828125
olmixq_t9_kl0p005_cap08,phase_0,dolma3_cc/health_high,41,0.02001953125
olmixq_t9_kl0p005_cap08,phase_0,dolma3_cc/health_low,28,0.013671875
olmixq_t9_kl0p005_cap08,phase_0,dolma3_cc/history_and_geography_high,0,0.0
olmixq_t9_kl0p005_cap08,phase_0,dolma3_cc/history_and_geography_low,0,0.0
olmixq_t9_kl0p005_cap08,phase_0,dolma3_cc/industrial_high,0,0.0
olmixq_t9_kl0p005_cap08,phase_0,dolma3_cc/industrial_low,0,0.0
olmixq_t9_kl0p005_cap08,phase_0,dolma3_cc/literature_high,318,0.1552734375
olmixq_t9_kl0p005_cap08,phase_0,dolma3_cc/literature_low,0,0.0
olmixq_t9_kl0p005_cap08,phase_0,dolma3_cc/science_math_and_technology_high,11,0.00537109375
olmixq_t9_kl0p005_cap08,phase_0,dolma3_cc/science_math_and_technology_low,5,0.00244140625
olmixq_t9_kl0p005_cap08,phase_0,dolma3_stack_edu,214,0.1044921875
olmixq_t9_kl0p005_cap08,phase_0,dolma3_arxiv,0,0.0
olmixq_t9_kl0p005_cap08,phase_0,dolma3_finemath_3plus,0,0.0
olmixq_t9_kl0p005_cap08,phase_0,dolma3_wikipedia,0,0.0
olmixq_t9_kl0p005_cap08,phase_0,dolmino_common_crawl_hq,16,0.0078125
olmixq_t9_kl0p005_cap08,phase_0,dolmino_olmocr_pdfs_hq,16,0.0078125
olmixq_t9_kl0p005_cap08,phase_0,dolmino_stack_edu_fim,346,0.1689453125
olmixq_t9_kl0p005_cap08,phase_0,dolmino_stem_heavy_crawl,0,0.0
olmixq_t9_kl0p005_cap08,phase_0,dolmino_synth_code,0,0.0
olmixq_t9_kl0p005_cap08,phase_0,dolmino_synth_instruction,0,0.0
olmixq_t9_kl0p005_cap08,phase_0,dolmino_synth_math,20,0.009765625
olmixq_t9_kl0p005_cap08,phase_0,dolmino_synth_qa,846,0.4130859375
olmixq_t9_kl0p005_cap08,phase_0,dolmino_synth_thinking,103,0.05029296875
olmixq_t9_kl0p005_cap08,phase_1,dolma3_cc/art_and_design_high,1,0.00048828125
olmixq_t9_kl0p005_cap08,phase_1,dolma3_cc/art_and_design_low,0,0.0
olmixq_t9_kl0p005_cap08,phase_1,dolma3_cc/crime_and_law_high,0,0.0
olmixq_t9_kl0p005_cap08,phase_1,dolma3_cc/crime_and_law_low,0,0.0
olmixq_t9_kl0p005_cap08,phase_1,dolma3_cc/education_and_jobs_high,0,0.0
olmixq_t9_kl0p005_cap08,phase_1,dolma3_cc/education_and_jobs_low,0,0.0
olmixq_t9_kl0p005_cap08,phase_1,dolma3_cc/electronics_and_hardware_high,0,0.0
olmixq_t9_kl0p005_cap08,phase_1,dolma3_cc/electronics_and_hardware_low,0,0.0
olmixq_t9_kl0p005_cap08,phase_1,dolma3_cc/entertainment_high,40,0.01953125
olmixq_t9_kl0p005_cap08,phase_1,dolma3_cc/entertainment_low,17,0.00830078125
olmixq_t9_kl0p005_cap08,phase_1,dolma3_cc/finance_and_business_high,4,0.001953125
olmixq_t9_kl0p005_cap08,phase_1,dolma3_cc/finance_and_business_low,0,0.0
olmixq_t9_kl0p005_cap08,phase_1,dolma3_cc/food_and_dining_high,5,0.00244140625
olmixq_t9_kl0p005_cap08,phase_1,dolma3_cc/food_and_dining_low,1,0.00048828125
olmixq_t9_kl0p005_cap08,phase_1,dolma3_cc/games_high,15,0.00732421875
olmixq_t9_kl0p005_cap08,phase_1,dolma3_cc/games_low,1,0.00048828125
olmixq_t9_kl0p005_cap08,phase_1,dolma3_cc/health_high,41,0.02001953125
olmixq_t9_kl0p005_cap08,phase_1,dolma3_cc/health_low,28,0.013671875
olmixq_t9_kl0p005_cap08,phase_1,dolma3_cc/history_and_geography_high,0,0.0
olmixq_t9_kl0p005_cap08,phase_1,dolma3_cc/history_and_geography_low,0,0.0
olmixq_t9_kl0p005_cap08,phase_1,dolma3_cc/industrial_high,0,0.0
olmixq_t9_kl0p005_cap08,phase_1,dolma3_cc/industrial_low,0,0.0
olmixq_t9_kl0p005_cap08,phase_1,dolma3_cc/literature_high,318,0.1552734375
olmixq_t9_kl0p005_cap08,phase_1,dolma3_cc/literature_low,0,0.0
olmixq_t9_kl0p005_cap08,phase_1,dolma3_cc/science_math_and_technology_high,11,0.00537109375
olmixq_t9_kl0p005_cap08,phase_1,dolma3_cc/science_math_and_technology_low,5,0.00244140625
olmixq_t9_kl0p005_cap08,phase_1,dolma3_stack_edu,214,0.1044921875
olmixq_t9_kl0p005_cap08,phase_1,dolma3_arxiv,0,0.0
olmixq_t9_kl0p005_cap08,phase_1,dolma3_finemath_3plus,0,0.0
olmixq_t9_kl0p005_cap08,phase_1,dolma3_wikipedia,0,0.0
olmixq_t9_kl0p005_cap08,phase_1,dolmino_common_crawl_hq,16,0.0078125
olmixq_t9_kl0p005_cap08,phase_1,dolmino_olmocr_pdfs_hq,16,0.0078125
olmixq_t9_kl0p005_cap08,phase_1,dolmino_stack_edu_fim,346,0.1689453125
olmixq_t9_kl0p005_cap08,phase_1,dolmino_stem_heavy_crawl,0,0.0
olmixq_t9_kl0p005_cap08,phase_1,dolmino_synth_code,0,0.0
olmixq_t9_kl0p005_cap08,phase_1,dolmino_synth_instruction,0,0.0
olmixq_t9_kl0p005_cap08,phase_1,dolmino_synth_math,20,0.009765625
olmixq_t9_kl0p005_cap08,phase_1,dolmino_synth_qa,846,0.4130859375
olmixq_t9_kl0p005_cap08,phase_1,dolmino_synth_thinking,103,0.05029296875
olmixq_t9_kl0p005_cap12,phase_0,dolma3_cc/art_and_design_high,1,0.00048828125
olmixq_t9_kl0p005_cap12,phase_0,dolma3_cc/art_and_design_low,0,0.0
olmixq_t9_kl0p005_cap12,phase_0,dolma3_cc/crime_and_law_high,0,0.0
olmixq_t9_kl0p005_cap12,phase_0,dolma3_cc/crime_and_law_low,0,0.0
olmixq_t9_kl0p005_cap12,phase_0,dolma3_cc/education_and_jobs_high,0,0.0
olmixq_t9_kl0p005_cap12,phase_0,dolma3_cc/education_and_jobs_low,0,0.0
olmixq_t9_kl0p005_cap12,phase_0,dolma3_cc/electronics_and_hardware_high,0,0.0
olmixq_t9_kl0p005_cap12,phase_0,dolma3_cc/electronics_and_hardware_low,0,0.0
olmixq_t9_kl0p005_cap12,phase_0,dolma3_cc/entertainment_high,42,0.0205078125
olmixq_t9_kl0p005_cap12,phase_0,dolma3_cc/entertainment_low,16,0.0078125
olmixq_t9_kl0p005_cap12,phase_0,dolma3_cc/finance_and_business_high,5,0.00244140625
olmixq_t9_kl0p005_cap12,phase_0,dolma3_cc/finance_and_business_low,0,0.0
olmixq_t9_kl0p005_cap12,phase_0,dolma3_cc/food_and_dining_high,4,0.001953125
olmixq_t9_kl0p005_cap12,phase_0,dolma3_cc/food_and_dining_low,1,0.00048828125
olmixq_t9_kl0p005_cap12,phase_0,dolma3_cc/games_high,15,0.00732421875
olmixq_t9_kl0p005_cap12,phase_0,dolma3_cc/games_low,1,0.00048828125
olmixq_t9_kl0p005_cap12,phase_0,dolma3_cc/health_high,43,0.02099609375
olmixq_t9_kl0p005_cap12,phase_0,dolma3_cc/health_low,24,0.01171875
olmixq_t9_kl0p005_cap12,phase_0,dolma3_cc/history_and_geography_high,0,0.0
olmixq_t9_kl0p005_cap12,phase_0,dolma3_cc/history_and_geography_low,0,0.0
olmixq_t9_kl0p005_cap12,phase_0,dolma3_cc/industrial_high,0,0.0
olmixq_t9_kl0p005_cap12,phase_0,dolma3_cc/industrial_low,0,0.0
olmixq_t9_kl0p005_cap12,phase_0,dolma3_cc/literature_high,278,0.1357421875
olmixq_t9_kl0p005_cap12,phase_0,dolma3_cc/literature_low,0,0.0
olmixq_t9_kl0p005_cap12,phase_0,dolma3_cc/science_math_and_technology_high,11,0.00537109375
olmixq_t9_kl0p005_cap12,phase_0,dolma3_cc/science_math_and_technology_low,4,0.001953125
olmixq_t9_kl0p005_cap12,phase_0,dolma3_stack_edu,150,0.0732421875
olmixq_t9_kl0p005_cap12,phase_0,dolma3_arxiv,0,0.0
olmixq_t9_kl0p005_cap12,phase_0,dolma3_finemath_3plus,0,0.0
olmixq_t9_kl0p005_cap12,phase_0,dolma3_wikipedia,0,0.0
olmixq_t9_kl0p005_cap12,phase_0,dolmino_common_crawl_hq,18,0.0087890625
olmixq_t9_kl0p005_cap12,phase_0,dolmino_olmocr_pdfs_hq,13,0.00634765625
olmixq_t9_kl0p005_cap12,phase_0,dolmino_stack_edu_fim,396,0.193359375
olmixq_t9_kl0p005_cap12,phase_0,dolmino_stem_heavy_crawl,0,0.0
olmixq_t9_kl0p005_cap12,phase_0,dolmino_synth_code,0,0.0
olmixq_t9_kl0p005_cap12,phase_0,dolmino_synth_instruction,0,0.0
olmixq_t9_kl0p005_cap12,phase_0,dolmino_synth_math,1,0.00048828125
olmixq_t9_kl0p005_cap12,phase_0,dolmino_synth_qa,870,0.4248046875
olmixq_t9_kl0p005_cap12,phase_0,dolmino_synth_thinking,155,0.07568359375
olmixq_t9_kl0p005_cap12,phase_1,dolma3_cc/art_and_design_high,1,0.00048828125
olmixq_t9_kl0p005_cap12,phase_1,dolma3_cc/art_and_design_low,0,0.0
olmixq_t9_kl0p005_cap12,phase_1,dolma3_cc/crime_and_law_high,0,0.0
olmixq_t9_kl0p005_cap12,phase_1,dolma3_cc/crime_and_law_low,0,0.0
olmixq_t9_kl0p005_cap12,phase_1,dolma3_cc/education_and_jobs_high,0,0.0
olmixq_t9_kl0p005_cap12,phase_1,dolma3_cc/education_and_jobs_low,0,0.0
olmixq_t9_kl0p005_cap12,phase_1,dolma3_cc/electronics_and_hardware_high,0,0.0
olmixq_t9_kl0p005_cap12,phase_1,dolma3_cc/electronics_and_hardware_low,0,0.0
olmixq_t9_kl0p005_cap12,phase_1,dolma3_cc/entertainment_high,42,0.0205078125
olmixq_t9_kl0p005_cap12,phase_1,dolma3_cc/entertainment_low,16,0.0078125
olmixq_t9_kl0p005_cap12,phase_1,dolma3_cc/finance_and_business_high,5,0.00244140625
olmixq_t9_kl0p005_cap12,phase_1,dolma3_cc/finance_and_business_low,0,0.0
olmixq_t9_kl0p005_cap12,phase_1,dolma3_cc/food_and_dining_high,4,0.001953125
olmixq_t9_kl0p005_cap12,phase_1,dolma3_cc/food_and_dining_low,1,0.00048828125
olmixq_t9_kl0p005_cap12,phase_1,dolma3_cc/games_high,15,0.00732421875
olmixq_t9_kl0p005_cap12,phase_1,dolma3_cc/games_low,1,0.00048828125
olmixq_t9_kl0p005_cap12,phase_1,dolma3_cc/health_high,43,0.02099609375
olmixq_t9_kl0p005_cap12,phase_1,dolma3_cc/health_low,24,0.01171875
olmixq_t9_kl0p005_cap12,phase_1,dolma3_cc/history_and_geography_high,0,0.0
olmixq_t9_kl0p005_cap12,phase_1,dolma3_cc/history_and_geography_low,0,0.0
olmixq_t9_kl0p005_cap12,phase_1,dolma3_cc/industrial_high,0,0.0
olmixq_t9_kl0p005_cap12,phase_1,dolma3_cc/industrial_low,0,0.0
olmixq_t9_kl0p005_cap12,phase_1,dolma3_cc/literature_high,278,0.1357421875
olmixq_t9_kl0p005_cap12,phase_1,dolma3_cc/literature_low,0,0.0
olmixq_t9_kl0p005_cap12,phase_1,dolma3_cc/science_math_and_technology_high,11,0.00537109375
olmixq_t9_kl0p005_cap12,phase_1,dolma3_cc/science_math_and_technology_low,4,0.001953125
olmixq_t9_kl0p005_cap12,phase_1,dolma3_stack_edu,150,0.0732421875
olmixq_t9_kl0p005_cap12,phase_1,dolma3_arxiv,0,0.0
olmixq_t9_kl0p005_cap12,phase_1,dolma3_finemath_3plus,0,0.0
olmixq_t9_kl0p005_cap12,phase_1,dolma3_wikipedia,0,0.0
olmixq_t9_kl0p005_cap12,phase_1,dolmino_common_crawl_hq,18,0.0087890625
olmixq_t9_kl0p005_cap12,phase_1,dolmino_olmocr_pdfs_hq,13,0.00634765625
olmixq_t9_kl0p005_cap12,phase_1,dolmino_stack_edu_fim,396,0.193359375
olmixq_t9_kl0p005_cap12,phase_1,dolmino_stem_heavy_crawl,0,0.0
olmixq_t9_kl0p005_cap12,phase_1,dolmino_synth_code,0,0.0
olmixq_t9_kl0p005_cap12,phase_1,dolmino_synth_instruction,0,0.0
olmixq_t9_kl0p005_cap12,phase_1,dolmino_synth_math,1,0.00048828125
olmixq_t9_kl0p005_cap12,phase_1,dolmino_synth_qa,870,0.4248046875
olmixq_t9_kl0p005_cap12,phase_1,dolmino_synth_thinking,155,0.07568359375
olmixq_t9_kl0p005_nocap_cap14,phase_0,dolma3_cc/art_and_design_high,1,0.00048828125
olmixq_t9_kl0p005_nocap_cap14,phase_0,dolma3_cc/art_and_design_low,0,0.0
olmixq_t9_kl0p005_nocap_cap14,phase_0,dolma3_cc/crime_and_law_high,0,0.0
olmixq_t9_kl0p005_nocap_cap14,phase_0,dolma3_cc/crime_and_law_low,0,0.0
olmixq_t9_kl0p005_nocap_cap14,phase_0,dolma3_cc/education_and_jobs_high,0,0.0
olmixq_t9_kl0p005_nocap_cap14,phase_0,dolma3_cc/education_and_jobs_low,0,0.0
olmixq_t9_kl0p005_nocap_cap14,phase_0,dolma3_cc/electronics_and_hardware_high,0,0.0
olmixq_t9_kl0p005_nocap_cap14,phase_0,dolma3_cc/electronics_and_hardware_low,0,0.0
olmixq_t9_kl0p005_nocap_cap14,phase_0,dolma3_cc/entertainment_high,42,0.0205078125
olmixq_t9_kl0p005_nocap_cap14,phase_0,dolma3_cc/entertainment_low,15,0.00732421875
olmixq_t9_kl0p005_nocap_cap14,phase_0,dolma3_cc/finance_and_business_high,5,0.00244140625
olmixq_t9_kl0p005_nocap_cap14,phase_0,dolma3_cc/finance_and_business_low,0,0.0
olmixq_t9_kl0p005_nocap_cap14,phase_0,dolma3_cc/food_and_dining_high,3,0.00146484375
olmixq_t9_kl0p005_nocap_cap14,phase_0,dolma3_cc/food_and_dining_low,1,0.00048828125
olmixq_t9_kl0p005_nocap_cap14,phase_0,dolma3_cc/games_high,15,0.00732421875
olmixq_t9_kl0p005_nocap_cap14,phase_0,dolma3_cc/games_low,1,0.00048828125
olmixq_t9_kl0p005_nocap_cap14,phase_0,dolma3_cc/health_high,43,0.02099609375
olmixq_t9_kl0p005_nocap_cap14,phase_0,dolma3_cc/health_low,22,0.0107421875
olmixq_t9_kl0p005_nocap_cap14,phase_0,dolma3_cc/history_and_geography_high,0,0.0
olmixq_t9_kl0p005_nocap_cap14,phase_0,dolma3_cc/history_and_geography_low,0,0.0
olmixq_t9_kl0p005_nocap_cap14,phase_0,dolma3_cc/industrial_high,0,0.0
olmixq_t9_kl0p005_nocap_cap14,phase_0,dolma3_cc/industrial_low,0,0.0
olmixq_t9_kl0p005_nocap_cap14,phase_0,dolma3_cc/literature_high,260,0.126953125
olmixq_t9_kl0p005_nocap_cap14,phase_0,dolma3_cc/literature_low,0,0.0
olmixq_t9_kl0p005_nocap_cap14,phase_0,dolma3_cc/science_math_and_technology_high,10,0.0048828125
olmixq_t9_kl0p005_nocap_cap14,phase_0,dolma3_cc/science_math_and_technology_low,4,0.001953125
olmixq_t9_kl0p005_nocap_cap14,phase_0,dolma3_stack_edu,148,0.072265625
olmixq_t9_kl0p005_nocap_cap14,phase_0,dolma3_arxiv,0,0.0
olmixq_t9_kl0p005_nocap_cap14,phase_0,dolma3_finemath_3plus,0,0.0
olmixq_t9_kl0p005_nocap_cap14,phase_0,dolma3_wikipedia,0,0.0
olmixq_t9_kl0p005_nocap_cap14,phase_0,dolmino_common_crawl_hq,19,0.00927734375
olmixq_t9_kl0p005_nocap_cap14,phase_0,dolmino_olmocr_pdfs_hq,11,0.00537109375
olmixq_t9_kl0p005_nocap_cap14,phase_0,dolmino_stack_edu_fim,384,0.1875
olmixq_t9_kl0p005_nocap_cap14,phase_0,dolmino_stem_heavy_crawl,0,0.0
olmixq_t9_kl0p005_nocap_cap14,phase_0,dolmino_synth_code,0,0.0
olmixq_t9_kl0p005_nocap_cap14,phase_0,dolmino_synth_instruction,0,0.0
olmixq_t9_kl0p005_nocap_cap14,phase_0,dolmino_synth_math,0,0.0
olmixq_t9_kl0p005_nocap_cap14,phase_0,dolmino_synth_qa,885,0.43212890625
olmixq_t9_kl0p005_nocap_cap14,phase_0,dolmino_synth_thinking,179,0.08740234375
olmixq_t9_kl0p005_nocap_cap14,phase_1,dolma3_cc/art_and_design_high,1,0.00048828125
olmixq_t9_kl0p005_nocap_cap14,phase_1,dolma3_cc/art_and_design_low,0,0.0
olmixq_t9_kl0p005_nocap_cap14,phase_1,dolma3_cc/crime_and_law_high,0,0.0
olmixq_t9_kl0p005_nocap_cap14,phase_1,dolma3_cc/crime_and_law_low,0,0.0
olmixq_t9_kl0p005_nocap_cap14,phase_1,dolma3_cc/education_and_jobs_high,0,0.0
olmixq_t9_kl0p005_nocap_cap14,phase_1,dolma3_cc/education_and_jobs_low,0,0.0
olmixq_t9_kl0p005_nocap_cap14,phase_1,dolma3_cc/electronics_and_hardware_high,0,0.0
olmixq_t9_kl0p005_nocap_cap14,phase_1,dolma3_cc/electronics_and_hardware_low,0,0.0
olmixq_t9_kl0p005_nocap_cap14,phase_1,dolma3_cc/entertainment_high,42,0.0205078125
olmixq_t9_kl0p005_nocap_cap14,phase_1,dolma3_cc/entertainment_low,15,0.00732421875
olmixq_t9_kl0p005_nocap_cap14,phase_1,dolma3_cc/finance_and_business_high,5,0.00244140625
olmixq_t9_kl0p005_nocap_cap14,phase_1,dolma3_cc/finance_and_business_low,0,0.0
olmixq_t9_kl0p005_nocap_cap14,phase_1,dolma3_cc/food_and_dining_high,3,0.00146484375
olmixq_t9_kl0p005_nocap_cap14,phase_1,dolma3_cc/food_and_dining_low,1,0.00048828125
olmixq_t9_kl0p005_nocap_cap14,phase_1,dolma3_cc/games_high,15,0.00732421875
olmixq_t9_kl0p005_nocap_cap14,phase_1,dolma3_cc/games_low,1,0.00048828125
olmixq_t9_kl0p005_nocap_cap14,phase_1,dolma3_cc/health_high,43,0.02099609375
olmixq_t9_kl0p005_nocap_cap14,phase_1,dolma3_cc/health_low,22,0.0107421875
olmixq_t9_kl0p005_nocap_cap14,phase_1,dolma3_cc/history_and_geography_high,0,0.0
olmixq_t9_kl0p005_nocap_cap14,phase_1,dolma3_cc/history_and_geography_low,0,0.0
olmixq_t9_kl0p005_nocap_cap14,phase_1,dolma3_cc/industrial_high,0,0.0
olmixq_t9_kl0p005_nocap_cap14,phase_1,dolma3_cc/industrial_low,0,0.0
olmixq_t9_kl0p005_nocap_cap14,phase_1,dolma3_cc/literature_high,260,0.126953125
olmixq_t9_kl0p005_nocap_cap14,phase_1,dolma3_cc/literature_low,0,0.0
olmixq_t9_kl0p005_nocap_cap14,phase_1,dolma3_cc/science_math_and_technology_high,10,0.0048828125
olmixq_t9_kl0p005_nocap_cap14,phase_1,dolma3_cc/science_math_and_technology_low,4,0.001953125
olmixq_t9_kl0p005_nocap_cap14,phase_1,dolma3_stack_edu,148,0.072265625
olmixq_t9_kl0p005_nocap_cap14,phase_1,dolma3_arxiv,0,0.0
olmixq_t9_kl0p005_nocap_cap14,phase_1,dolma3_finemath_3plus,0,0.0
olmixq_t9_kl0p005_nocap_cap14,phase_1,dolma3_wikipedia,0,0.0
olmixq_t9_kl0p005_nocap_cap14,phase_1,dolmino_common_crawl_hq,19,0.00927734375
olmixq_t9_kl0p005_nocap_cap14,phase_1,dolmino_olmocr_pdfs_hq,11,0.00537109375
olmixq_t9_kl0p005_nocap_cap14,phase_1,dolmino_stack_edu_fim,384,0.1875
olmixq_t9_kl0p005_nocap_cap14,phase_1,dolmino_stem_heavy_crawl,0,0.0
olmixq_t9_kl0p005_nocap_cap14,phase_1,dolmino_synth_code,0,0.0
olmixq_t9_kl0p005_nocap_cap14,phase_1,dolmino_synth_instruction,0,0.0
olmixq_t9_kl0p005_nocap_cap14,phase_1,dolmino_synth_math,0,0.0
olmixq_t9_kl0p005_nocap_cap14,phase_1,dolmino_synth_qa,885,0.43212890625
olmixq_t9_kl0p005_nocap_cap14,phase_1,dolmino_synth_thinking,179,0.08740234375
olmixq_t9_kl0p01_cap04,phase_0,dolma3_cc/art_and_design_high,4,0.001953125
olmixq_t9_kl0p01_cap04,phase_0,dolma3_cc/art_and_design_low,6,0.0029296875
olmixq_t9_kl0p01_cap04,phase_0,dolma3_cc/crime_and_law_high,4,0.001953125
olmixq_t9_kl0p01_cap04,phase_0,dolma3_cc/crime_and_law_low,1,0.00048828125
olmixq_t9_kl0p01_cap04,phase_0,dolma3_cc/education_and_jobs_high,6,0.0029296875
olmixq_t9_kl0p01_cap04,phase_0,dolma3_cc/education_and_jobs_low,1,0.00048828125
olmixq_t9_kl0p01_cap04,phase_0,dolma3_cc/electronics_and_hardware_high,6,0.0029296875
olmixq_t9_kl0p01_cap04,phase_0,dolma3_cc/electronics_and_hardware_low,3,0.00146484375
olmixq_t9_kl0p01_cap04,phase_0,dolma3_cc/entertainment_high,87,0.04248046875
olmixq_t9_kl0p01_cap04,phase_0,dolma3_cc/entertainment_low,49,0.02392578125
olmixq_t9_kl0p01_cap04,phase_0,dolma3_cc/finance_and_business_high,26,0.0126953125
olmixq_t9_kl0p01_cap04,phase_0,dolma3_cc/finance_and_business_low,8,0.00390625
olmixq_t9_kl0p01_cap04,phase_0,dolma3_cc/food_and_dining_high,33,0.01611328125
olmixq_t9_kl0p01_cap04,phase_0,dolma3_cc/food_and_dining_low,10,0.0048828125
olmixq_t9_kl0p01_cap04,phase_0,dolma3_cc/games_high,50,0.0244140625
olmixq_t9_kl0p01_cap04,phase_0,dolma3_cc/games_low,7,0.00341796875
olmixq_t9_kl0p01_cap04,phase_0,dolma3_cc/health_high,63,0.03076171875
olmixq_t9_kl0p01_cap04,phase_0,dolma3_cc/health_low,72,0.03515625
olmixq_t9_kl0p01_cap04,phase_0,dolma3_cc/history_and_geography_high,6,0.0029296875
olmixq_t9_kl0p01_cap04,phase_0,dolma3_cc/history_and_geography_low,0,0.0
olmixq_t9_kl0p01_cap04,phase_0,dolma3_cc/industrial_high,2,0.0009765625
olmixq_t9_kl0p01_cap04,phase_0,dolma3_cc/industrial_low,0,0.0
olmixq_t9_kl0p01_cap04,phase_0,dolma3_cc/literature_high,334,0.1630859375
olmixq_t9_kl0p01_cap04,phase_0,dolma3_cc/literature_low,3,0.00146484375
olmixq_t9_kl0p01_cap04,phase_0,dolma3_cc/science_math_and_technology_high,30,0.0146484375
olmixq_t9_kl0p01_cap04,phase_0,dolma3_cc/science_math_and_technology_low,25,0.01220703125
olmixq_t9_kl0p01_cap04,phase_0,dolma3_stack_edu,173,0.08447265625
olmixq_t9_kl0p01_cap04,phase_0,dolma3_arxiv,0,0.0
olmixq_t9_kl0p01_cap04,phase_0,dolma3_finemath_3plus,16,0.0078125
olmixq_t9_kl0p01_cap04,phase_0,dolma3_wikipedia,0,0.0
olmixq_t9_kl0p01_cap04,phase_0,dolmino_common_crawl_hq,72,0.03515625
olmixq_t9_kl0p01_cap04,phase_0,dolmino_olmocr_pdfs_hq,57,0.02783203125
olmixq_t9_kl0p01_cap04,phase_0,dolmino_stack_edu_fim,173,0.08447265625
olmixq_t9_kl0p01_cap04,phase_0,dolmino_stem_heavy_crawl,0,0.0
olmixq_t9_kl0p01_cap04,phase_0,dolmino_synth_code,0,0.0
olmixq_t9_kl0p01_cap04,phase_0,dolmino_synth_instruction,0,0.0
olmixq_t9_kl0p01_cap04,phase_0,dolmino_synth_math,28,0.013671875
olmixq_t9_kl0p01_cap04,phase_0,dolmino_synth_qa,642,0.3134765625
olmixq_t9_kl0p01_cap04,phase_0,dolmino_synth_thinking,51,0.02490234375
olmixq_t9_kl0p01_cap04,phase_1,dolma3_cc/art_and_design_high,4,0.001953125
olmixq_t9_kl0p01_cap04,phase_1,dolma3_cc/art_and_design_low,6,0.0029296875
olmixq_t9_kl0p01_cap04,phase_1,dolma3_cc/crime_and_law_high,4,0.001953125
olmixq_t9_kl0p01_cap04,phase_1,dolma3_cc/crime_and_law_low,1,0.00048828125
olmixq_t9_kl0p01_cap04,phase_1,dolma3_cc/education_and_jobs_high,6,0.0029296875
olmixq_t9_kl0p01_cap04,phase_1,dolma3_cc/education_and_jobs_low,1,0.00048828125
olmixq_t9_kl0p01_cap04,phase_1,dolma3_cc/electronics_and_hardware_high,6,0.0029296875
olmixq_t9_kl0p01_cap04,phase_1,dolma3_cc/electronics_and_hardware_low,3,0.00146484375
olmixq_t9_kl0p01_cap04,phase_1,dolma3_cc/entertainment_high,87,0.04248046875
olmixq_t9_kl0p01_cap04,phase_1,dolma3_cc/entertainment_low,49,0.02392578125
olmixq_t9_kl0p01_cap04,phase_1,dolma3_cc/finance_and_business_high,26,0.0126953125
olmixq_t9_kl0p01_cap04,phase_1,dolma3_cc/finance_and_business_low,8,0.00390625
olmixq_t9_kl0p01_cap04,phase_1,dolma3_cc/food_and_dining_high,33,0.01611328125
olmixq_t9_kl0p01_cap04,phase_1,dolma3_cc/food_and_dining_low,10,0.0048828125
olmixq_t9_kl0p01_cap04,phase_1,dolma3_cc/games_high,50,0.0244140625
olmixq_t9_kl0p01_cap04,phase_1,dolma3_cc/games_low,7,0.00341796875
olmixq_t9_kl0p01_cap04,phase_1,dolma3_cc/health_high,63,0.03076171875
olmixq_t9_kl0p01_cap04,phase_1,dolma3_cc/health_low,72,0.03515625
olmixq_t9_kl0p01_cap04,phase_1,dolma3_cc/history_and_geography_high,6,0.0029296875
olmixq_t9_kl0p01_cap04,phase_1,dolma3_cc/history_and_geography_low,0,0.0
olmixq_t9_kl0p01_cap04,phase_1,dolma3_cc/industrial_high,2,0.0009765625
olmixq_t9_kl0p01_cap04,phase_1,dolma3_cc/industrial_low,0,0.0
olmixq_t9_kl0p01_cap04,phase_1,dolma3_cc/literature_high,334,0.1630859375
olmixq_t9_kl0p01_cap04,phase_1,dolma3_cc/literature_low,3,0.00146484375
olmixq_t9_kl0p01_cap04,phase_1,dolma3_cc/science_math_and_technology_high,30,0.0146484375
olmixq_t9_kl0p01_cap04,phase_1,dolma3_cc/science_math_and_technology_low,25,0.01220703125
olmixq_t9_kl0p01_cap04,phase_1,dolma3_stack_edu,173,0.08447265625
olmixq_t9_kl0p01_cap04,phase_1,dolma3_arxiv,0,0.0
olmixq_t9_kl0p01_cap04,phase_1,dolma3_finemath_3plus,16,0.0078125
olmixq_t9_kl0p01_cap04,phase_1,dolma3_wikipedia,0,0.0
olmixq_t9_kl0p01_cap04,phase_1,dolmino_common_crawl_hq,72,0.03515625
olmixq_t9_kl0p01_cap04,phase_1,dolmino_olmocr_pdfs_hq,57,0.02783203125
olmixq_t9_kl0p01_cap04,phase_1,dolmino_stack_edu_fim,173,0.08447265625
olmixq_t9_kl0p01_cap04,phase_1,dolmino_stem_heavy_crawl,0,0.0
olmixq_t9_kl0p01_cap04,phase_1,dolmino_synth_code,0,0.0
olmixq_t9_kl0p01_cap04,phase_1,dolmino_synth_instruction,0,0.0
olmixq_t9_kl0p01_cap04,phase_1,dolmino_synth_math,28,0.013671875
olmixq_t9_kl0p01_cap04,phase_1,dolmino_synth_qa,642,0.3134765625
olmixq_t9_kl0p01_cap04,phase_1,dolmino_synth_thinking,51,0.02490234375
olmixq_t9_kl0p01_cap08,phase_0,dolma3_cc/art_and_design_high,5,0.00244140625
olmixq_t9_kl0p01_cap08,phase_0,dolma3_cc/art_and_design_low,2,0.0009765625
olmixq_t9_kl0p01_cap08,phase_0,dolma3_cc/crime_and_law_high,3,0.00146484375
olmixq_t9_kl0p01_cap08,phase_0,dolma3_cc/crime_and_law_low,0,0.0
olmixq_t9_kl0p01_cap08,phase_0,dolma3_cc/education_and_jobs_high,6,0.0029296875
olmixq_t9_kl0p01_cap08,phase_0,dolma3_cc/education_and_jobs_low,1,0.00048828125
olmixq_t9_kl0p01_cap08,phase_0,dolma3_cc/electronics_and_hardware_high,5,0.00244140625
olmixq_t9_kl0p01_cap08,phase_0,dolma3_cc/electronics_and_hardware_low,2,0.0009765625
olmixq_t9_kl0p01_cap08,phase_0,dolma3_cc/entertainment_high,76,0.037109375
olmixq_t9_kl0p01_cap08,phase_0,dolma3_cc/entertainment_low,29,0.01416015625
olmixq_t9_kl0p01_cap08,phase_0,dolma3_cc/finance_and_business_high,26,0.0126953125
olmixq_t9_kl0p01_cap08,phase_0,dolma3_cc/finance_and_business_low,6,0.0029296875
olmixq_t9_kl0p01_cap08,phase_0,dolma3_cc/food_and_dining_high,17,0.00830078125
olmixq_t9_kl0p01_cap08,phase_0,dolma3_cc/food_and_dining_low,5,0.00244140625
olmixq_t9_kl0p01_cap08,phase_0,dolma3_cc/games_high,33,0.01611328125
olmixq_t9_kl0p01_cap08,phase_0,dolma3_cc/games_low,5,0.00244140625
olmixq_t9_kl0p01_cap08,phase_0,dolma3_cc/health_high,80,0.0390625
olmixq_t9_kl0p01_cap08,phase_0,dolma3_cc/health_low,43,0.02099609375
olmixq_t9_kl0p01_cap08,phase_0,dolma3_cc/history_and_geography_high,6,0.0029296875
olmixq_t9_kl0p01_cap08,phase_0,dolma3_cc/history_and_geography_low,0,0.0
olmixq_t9_kl0p01_cap08,phase_0,dolma3_cc/industrial_high,1,0.00048828125
olmixq_t9_kl0p01_cap08,phase_0,dolma3_cc/industrial_low,0,0.0
olmixq_t9_kl0p01_cap08,phase_0,dolma3_cc/literature_high,248,0.12109375
olmixq_t9_kl0p01_cap08,phase_0,dolma3_cc/literature_low,3,0.00146484375
olmixq_t9_kl0p01_cap08,phase_0,dolma3_cc/science_math_and_technology_high,30,0.0146484375
olmixq_t9_kl0p01_cap08,phase_0,dolma3_cc/science_math_and_technology_low,14,0.0068359375
olmixq_t9_kl0p01_cap08,phase_0,dolma3_stack_edu,170,0.0830078125
olmixq_t9_kl0p01_cap08,phase_0,dolma3_arxiv,0,0.0
olmixq_t9_kl0p01_cap08,phase_0,dolma3_finemath_3plus,2,0.0009765625
olmixq_t9_kl0p01_cap08,phase_0,dolma3_wikipedia,0,0.0
olmixq_t9_kl0p01_cap08,phase_0,dolmino_common_crawl_hq,85,0.04150390625
olmixq_t9_kl0p01_cap08,phase_0,dolmino_olmocr_pdfs_hq,34,0.0166015625
olmixq_t9_kl0p01_cap08,phase_0,dolmino_stack_edu_fim,337,0.16455078125
olmixq_t9_kl0p01_cap08,phase_0,dolmino_stem_heavy_crawl,0,0.0
olmixq_t9_kl0p01_cap08,phase_0,dolmino_synth_code,0,0.0
olmixq_t9_kl0p01_cap08,phase_0,dolmino_synth_instruction,0,0.0
olmixq_t9_kl0p01_cap08,phase_0,dolmino_synth_math,16,0.0078125
olmixq_t9_kl0p01_cap08,phase_0,dolmino_synth_qa,655,0.31982421875
olmixq_t9_kl0p01_cap08,phase_0,dolmino_synth_thinking,103,0.05029296875
olmixq_t9_kl0p01_cap08,phase_1,dolma3_cc/art_and_design_high,5,0.00244140625
olmixq_t9_kl0p01_cap08,phase_1,dolma3_cc/art_and_design_low,2,0.0009765625
olmixq_t9_kl0p01_cap08,phase_1,dolma3_cc/crime_and_law_high,3,0.00146484375
olmixq_t9_kl0p01_cap08,phase_1,dolma3_cc/crime_and_law_low,0,0.0
olmixq_t9_kl0p01_cap08,phase_1,dolma3_cc/education_and_jobs_high,6,0.0029296875
olmixq_t9_kl0p01_cap08,phase_1,dolma3_cc/education_and_jobs_low,1,0.00048828125
olmixq_t9_kl0p01_cap08,phase_1,dolma3_cc/electronics_and_hardware_high,5,0.00244140625
olmixq_t9_kl0p01_cap08,phase_1,dolma3_cc/electronics_and_hardware_low,2,0.0009765625
olmixq_t9_kl0p01_cap08,phase_1,dolma3_cc/entertainment_high,76,0.037109375
olmixq_t9_kl0p01_cap08,phase_1,dolma3_cc/entertainment_low,29,0.01416015625
olmixq_t9_kl0p01_cap08,phase_1,dolma3_cc/finance_and_business_high,26,0.0126953125
olmixq_t9_kl0p01_cap08,phase_1,dolma3_cc/finance_and_business_low,6,0.0029296875
olmixq_t9_kl0p01_cap08,phase_1,dolma3_cc/food_and_dining_high,17,0.00830078125
olmixq_t9_kl0p01_cap08,phase_1,dolma3_cc/food_and_dining_low,5,0.00244140625
olmixq_t9_kl0p01_cap08,phase_1,dolma3_cc/games_high,33,0.01611328125
olmixq_t9_kl0p01_cap08,phase_1,dolma3_cc/games_low,5,0.00244140625
olmixq_t9_kl0p01_cap08,phase_1,dolma3_cc/health_high,80,0.0390625
olmixq_t9_kl0p01_cap08,phase_1,dolma3_cc/health_low,43,0.02099609375
olmixq_t9_kl0p01_cap08,phase_1,dolma3_cc/history_and_geography_high,6,0.0029296875
olmixq_t9_kl0p01_cap08,phase_1,dolma3_cc/history_and_geography_low,0,0.0
olmixq_t9_kl0p01_cap08,phase_1,dolma3_cc/industrial_high,1,0.00048828125
olmixq_t9_kl0p01_cap08,phase_1,dolma3_cc/industrial_low,0,0.0
olmixq_t9_kl0p01_cap08,phase_1,dolma3_cc/literature_high,248,0.12109375
olmixq_t9_kl0p01_cap08,phase_1,dolma3_cc/literature_low,3,0.00146484375
olmixq_t9_kl0p01_cap08,phase_1,dolma3_cc/science_math_and_technology_high,30,0.0146484375
olmixq_t9_kl0p01_cap08,phase_1,dolma3_cc/science_math_and_technology_low,14,0.0068359375
olmixq_t9_kl0p01_cap08,phase_1,dolma3_stack_edu,170,0.0830078125
olmixq_t9_kl0p01_cap08,phase_1,dolma3_arxiv,0,0.0
olmixq_t9_kl0p01_cap08,phase_1,dolma3_finemath_3plus,2,0.0009765625
olmixq_t9_kl0p01_cap08,phase_1,dolma3_wikipedia,0,0.0
olmixq_t9_kl0p01_cap08,phase_1,dolmino_common_crawl_hq,85,0.04150390625
olmixq_t9_kl0p01_cap08,phase_1,dolmino_olmocr_pdfs_hq,34,0.0166015625
olmixq_t9_kl0p01_cap08,phase_1,dolmino_stack_edu_fim,337,0.16455078125
olmixq_t9_kl0p01_cap08,phase_1,dolmino_stem_heavy_crawl,0,0.0
olmixq_t9_kl0p01_cap08,phase_1,dolmino_synth_code,0,0.0
olmixq_t9_kl0p01_cap08,phase_1,dolmino_synth_instruction,0,0.0
olmixq_t9_kl0p01_cap08,phase_1,dolmino_synth_math,16,0.0078125
olmixq_t9_kl0p01_cap08,phase_1,dolmino_synth_qa,655,0.31982421875
olmixq_t9_kl0p01_cap08,phase_1,dolmino_synth_thinking,103,0.05029296875
olmixq_t9_kl0p01_cap12,phase_0,dolma3_cc/art_and_design_high,5,0.00244140625
olmixq_t9_kl0p01_cap12,phase_0,dolma3_cc/art_and_design_low,2,0.0009765625
olmixq_t9_kl0p01_cap12,phase_0,dolma3_cc/crime_and_law_high,3,0.00146484375
olmixq_t9_kl0p01_cap12,phase_0,dolma3_cc/crime_and_law_low,0,0.0
olmixq_t9_kl0p01_cap12,phase_0,dolma3_cc/education_and_jobs_high,6,0.0029296875
olmixq_t9_kl0p01_cap12,phase_0,dolma3_cc/education_and_jobs_low,2,0.0009765625
olmixq_t9_kl0p01_cap12,phase_0,dolma3_cc/electronics_and_hardware_high,5,0.00244140625
olmixq_t9_kl0p01_cap12,phase_0,dolma3_cc/electronics_and_hardware_low,2,0.0009765625
olmixq_t9_kl0p01_cap12,phase_0,dolma3_cc/entertainment_high,76,0.037109375
olmixq_t9_kl0p01_cap12,phase_0,dolma3_cc/entertainment_low,28,0.013671875
olmixq_t9_kl0p01_cap12,phase_0,dolma3_cc/finance_and_business_high,26,0.0126953125
olmixq_t9_kl0p01_cap12,phase_0,dolma3_cc/finance_and_business_low,6,0.0029296875
olmixq_t9_kl0p01_cap12,phase_0,dolma3_cc/food_and_dining_high,15,0.00732421875
olmixq_t9_kl0p01_cap12,phase_0,dolma3_cc/food_and_dining_low,5,0.00244140625
olmixq_t9_kl0p01_cap12,phase_0,dolma3_cc/games_high,33,0.01611328125
olmixq_t9_kl0p01_cap12,phase_0,dolma3_cc/games_low,5,0.00244140625
olmixq_t9_kl0p01_cap12,phase_0,dolma3_cc/health_high,83,0.04052734375
olmixq_t9_kl0p01_cap12,phase_0,dolma3_cc/health_low,39,0.01904296875
olmixq_t9_kl0p01_cap12,phase_0,dolma3_cc/history_and_geography_high,6,0.0029296875
olmixq_t9_kl0p01_cap12,phase_0,dolma3_cc/history_and_geography_low,0,0.0
olmixq_t9_kl0p01_cap12,phase_0,dolma3_cc/industrial_high,1,0.00048828125
olmixq_t9_kl0p01_cap12,phase_0,dolma3_cc/industrial_low,0,0.0
olmixq_t9_kl0p01_cap12,phase_0,dolma3_cc/literature_high,220,0.107421875
olmixq_t9_kl0p01_cap12,phase_0,dolma3_cc/literature_low,3,0.00146484375
olmixq_t9_kl0p01_cap12,phase_0,dolma3_cc/science_math_and_technology_high,30,0.0146484375
olmixq_t9_kl0p01_cap12,phase_0,dolma3_cc/science_math_and_technology_low,13,0.00634765625
olmixq_t9_kl0p01_cap12,phase_0,dolma3_stack_edu,166,0.0810546875
olmixq_t9_kl0p01_cap12,phase_0,dolma3_arxiv,0,0.0
olmixq_t9_kl0p01_cap12,phase_0,dolma3_finemath_3plus,1,0.00048828125
olmixq_t9_kl0p01_cap12,phase_0,dolma3_wikipedia,0,0.0
olmixq_t9_kl0p01_cap12,phase_0,dolmino_common_crawl_hq,90,0.0439453125
olmixq_t9_kl0p01_cap12,phase_0,dolmino_olmocr_pdfs_hq,30,0.0146484375
olmixq_t9_kl0p01_cap12,phase_0,dolmino_stack_edu_fim,321,0.15673828125
olmixq_t9_kl0p01_cap12,phase_0,dolmino_stem_heavy_crawl,0,0.0
olmixq_t9_kl0p01_cap12,phase_0,dolmino_synth_code,0,0.0
olmixq_t9_kl0p01_cap12,phase_0,dolmino_synth_instruction,0,0.0
olmixq_t9_kl0p01_cap12,phase_0,dolmino_synth_math,3,0.00146484375
olmixq_t9_kl0p01_cap12,phase_0,dolmino_synth_qa,671,0.32763671875
olmixq_t9_kl0p01_cap12,phase_0,dolmino_synth_thinking,152,0.07421875
olmixq_t9_kl0p01_cap12,phase_1,dolma3_cc/art_and_design_high,5,0.00244140625
olmixq_t9_kl0p01_cap12,phase_1,dolma3_cc/art_and_design_low,2,0.0009765625
olmixq_t9_kl0p01_cap12,phase_1,dolma3_cc/crime_and_law_high,3,0.00146484375
olmixq_t9_kl0p01_cap12,phase_1,dolma3_cc/crime_and_law_low,0,0.0
olmixq_t9_kl0p01_cap12,phase_1,dolma3_cc/education_and_jobs_high,6,0.0029296875
olmixq_t9_kl0p01_cap12,phase_1,dolma3_cc/education_and_jobs_low,2,0.0009765625
olmixq_t9_kl0p01_cap12,phase_1,dolma3_cc/electronics_and_hardware_high,5,0.00244140625
olmixq_t9_kl0p01_cap12,phase_1,dolma3_cc/electronics_and_hardware_low,2,0.0009765625
olmixq_t9_kl0p01_cap12,phase_1,dolma3_cc/entertainment_high,76,0.037109375
olmixq_t9_kl0p01_cap12,phase_1,dolma3_cc/entertainment_low,28,0.013671875
olmixq_t9_kl0p01_cap12,phase_1,dolma3_cc/finance_and_business_high,26,0.0126953125
olmixq_t9_kl0p01_cap12,phase_1,dolma3_cc/finance_and_business_low,6,0.0029296875
olmixq_t9_kl0p01_cap12,phase_1,dolma3_cc/food_and_dining_high,15,0.00732421875
olmixq_t9_kl0p01_cap12,phase_1,dolma3_cc/food_and_dining_low,5,0.00244140625
olmixq_t9_kl0p01_cap12,phase_1,dolma3_cc/games_high,33,0.01611328125
olmixq_t9_kl0p01_cap12,phase_1,dolma3_cc/games_low,5,0.00244140625
olmixq_t9_kl0p01_cap12,phase_1,dolma3_cc/health_high,83,0.04052734375
olmixq_t9_kl0p01_cap12,phase_1,dolma3_cc/health_low,39,0.01904296875
olmixq_t9_kl0p01_cap12,phase_1,dolma3_cc/history_and_geography_high,6,0.0029296875
olmixq_t9_kl0p01_cap12,phase_1,dolma3_cc/history_and_geography_low,0,0.0
olmixq_t9_kl0p01_cap12,phase_1,dolma3_cc/industrial_high,1,0.00048828125
olmixq_t9_kl0p01_cap12,phase_1,dolma3_cc/industrial_low,0,0.0
olmixq_t9_kl0p01_cap12,phase_1,dolma3_cc/literature_high,220,0.107421875
olmixq_t9_kl0p01_cap12,phase_1,dolma3_cc/literature_low,3,0.00146484375
olmixq_t9_kl0p01_cap12,phase_1,dolma3_cc/science_math_and_technology_high,30,0.0146484375
olmixq_t9_kl0p01_cap12,phase_1,dolma3_cc/science_math_and_technology_low,13,0.00634765625
olmixq_t9_kl0p01_cap12,phase_1,dolma3_stack_edu,166,0.0810546875
olmixq_t9_kl0p01_cap12,phase_1,dolma3_arxiv,0,0.0
olmixq_t9_kl0p01_cap12,phase_1,dolma3_finemath_3plus,1,0.00048828125
olmixq_t9_kl0p01_cap12,phase_1,dolma3_wikipedia,0,0.0
olmixq_t9_kl0p01_cap12,phase_1,dolmino_common_crawl_hq,90,0.0439453125
olmixq_t9_kl0p01_cap12,phase_1,dolmino_olmocr_pdfs_hq,30,0.0146484375
olmixq_t9_kl0p01_cap12,phase_1,dolmino_stack_edu_fim,321,0.15673828125
olmixq_t9_kl0p01_cap12,phase_1,dolmino_stem_heavy_crawl,0,0.0
olmixq_t9_kl0p01_cap12,phase_1,dolmino_synth_code,0,0.0
olmixq_t9_kl0p01_cap12,phase_1,dolmino_synth_instruction,0,0.0
olmixq_t9_kl0p01_cap12,phase_1,dolmino_synth_math,3,0.00146484375
olmixq_t9_kl0p01_cap12,phase_1,dolmino_synth_qa,671,0.32763671875
olmixq_t9_kl0p01_cap12,phase_1,dolmino_synth_thinking,152,0.07421875
olmixq_t9_kl0p025_cap04,phase_0,dolma3_cc/art_and_design_high,12,0.005859375
olmixq_t9_kl0p025_cap04,phase_0,dolma3_cc/art_and_design_low,8,0.00390625
olmixq_t9_kl0p025_cap04,phase_0,dolma3_cc/crime_and_law_high,14,0.0068359375
olmixq_t9_kl0p025_cap04,phase_0,dolma3_cc/crime_and_law_low,5,0.00244140625
olmixq_t9_kl0p025_cap04,phase_0,dolma3_cc/education_and_jobs_high,25,0.01220703125
olmixq_t9_kl0p025_cap04,phase_0,dolma3_cc/education_and_jobs_low,8,0.00390625
olmixq_t9_kl0p025_cap04,phase_0,dolma3_cc/electronics_and_hardware_high,15,0.00732421875
olmixq_t9_kl0p025_cap04,phase_0,dolma3_cc/electronics_and_hardware_low,8,0.00390625
olmixq_t9_kl0p025_cap04,phase_0,dolma3_cc/entertainment_high,102,0.0498046875
olmixq_t9_kl0p025_cap04,phase_0,dolma3_cc/entertainment_low,44,0.021484375
olmixq_t9_kl0p025_cap04,phase_0,dolma3_cc/finance_and_business_high,66,0.0322265625
olmixq_t9_kl0p025_cap04,phase_0,dolma3_cc/finance_and_business_low,25,0.01220703125
olmixq_t9_kl0p025_cap04,phase_0,dolma3_cc/food_and_dining_high,41,0.02001953125
olmixq_t9_kl0p025_cap04,phase_0,dolma3_cc/food_and_dining_low,16,0.0078125
olmixq_t9_kl0p025_cap04,phase_0,dolma3_cc/games_high,54,0.0263671875
olmixq_t9_kl0p025_cap04,phase_0,dolma3_cc/games_low,12,0.005859375
olmixq_t9_kl0p025_cap04,phase_0,dolma3_cc/health_high,93,0.04541015625
olmixq_t9_kl0p025_cap04,phase_0,dolma3_cc/health_low,62,0.0302734375
olmixq_t9_kl0p025_cap04,phase_0,dolma3_cc/history_and_geography_high,18,0.0087890625
olmixq_t9_kl0p025_cap04,phase_0,dolma3_cc/history_and_geography_low,2,0.0009765625
olmixq_t9_kl0p025_cap04,phase_0,dolma3_cc/industrial_high,7,0.00341796875
olmixq_t9_kl0p025_cap04,phase_0,dolma3_cc/industrial_low,2,0.0009765625
olmixq_t9_kl0p025_cap04,phase_0,dolma3_cc/literature_high,204,0.099609375
olmixq_t9_kl0p025_cap04,phase_0,dolma3_cc/literature_low,8,0.00390625
olmixq_t9_kl0p025_cap04,phase_0,dolma3_cc/science_math_and_technology_high,50,0.0244140625
olmixq_t9_kl0p025_cap04,phase_0,dolma3_cc/science_math_and_technology_low,29,0.01416015625
olmixq_t9_kl0p025_cap04,phase_0,dolma3_stack_edu,173,0.08447265625
olmixq_t9_kl0p025_cap04,phase_0,dolma3_arxiv,0,0.0
olmixq_t9_kl0p025_cap04,phase_0,dolma3_finemath_3plus,13,0.00634765625
olmixq_t9_kl0p025_cap04,phase_0,dolma3_wikipedia,0,0.0
olmixq_t9_kl0p025_cap04,phase_0,dolmino_common_crawl_hq,187,0.09130859375
olmixq_t9_kl0p025_cap04,phase_0,dolmino_olmocr_pdfs_hq,59,0.02880859375
olmixq_t9_kl0p025_cap04,phase_0,dolmino_stack_edu_fim,173,0.08447265625
olmixq_t9_kl0p025_cap04,phase_0,dolmino_stem_heavy_crawl,0,0.0
olmixq_t9_kl0p025_cap04,phase_0,dolmino_synth_code,0,0.0
olmixq_t9_kl0p025_cap04,phase_0,dolmino_synth_instruction,0,0.0
olmixq_t9_kl0p025_cap04,phase_0,dolmino_synth_math,28,0.013671875
olmixq_t9_kl0p025_cap04,phase_0,dolmino_synth_qa,434,0.2119140625
olmixq_t9_kl0p025_cap04,phase_0,dolmino_synth_thinking,51,0.02490234375
olmixq_t9_kl0p025_cap04,phase_1,dolma3_cc/art_and_design_high,12,0.005859375
olmixq_t9_kl0p025_cap04,phase_1,dolma3_cc/art_and_design_low,8,0.00390625
olmixq_t9_kl0p025_cap04,phase_1,dolma3_cc/crime_and_law_high,14,0.0068359375
olmixq_t9_kl0p025_cap04,phase_1,dolma3_cc/crime_and_law_low,5,0.00244140625
olmixq_t9_kl0p025_cap04,phase_1,dolma3_cc/education_and_jobs_high,25,0.01220703125
olmixq_t9_kl0p025_cap04,phase_1,dolma3_cc/education_and_jobs_low,8,0.00390625
olmixq_t9_kl0p025_cap04,phase_1,dolma3_cc/electronics_and_hardware_high,15,0.00732421875
olmixq_t9_kl0p025_cap04,phase_1,dolma3_cc/electronics_and_hardware_low,8,0.00390625
olmixq_t9_kl0p025_cap04,phase_1,dolma3_cc/entertainment_high,102,0.0498046875
olmixq_t9_kl0p025_cap04,phase_1,dolma3_cc/entertainment_low,44,0.021484375
olmixq_t9_kl0p025_cap04,phase_1,dolma3_cc/finance_and_business_high,66,0.0322265625
olmixq_t9_kl0p025_cap04,phase_1,dolma3_cc/finance_and_business_low,25,0.01220703125
olmixq_t9_kl0p025_cap04,phase_1,dolma3_cc/food_and_dining_high,41,0.02001953125
olmixq_t9_kl0p025_cap04,phase_1,dolma3_cc/food_and_dining_low,16,0.0078125
olmixq_t9_kl0p025_cap04,phase_1,dolma3_cc/games_high,54,0.0263671875
olmixq_t9_kl0p025_cap04,phase_1,dolma3_cc/games_low,12,0.005859375
olmixq_t9_kl0p025_cap04,phase_1,dolma3_cc/health_high,93,0.04541015625
olmixq_t9_kl0p025_cap04,phase_1,dolma3_cc/health_low,62,0.0302734375
olmixq_t9_kl0p025_cap04,phase_1,dolma3_cc/history_and_geography_high,18,0.0087890625
olmixq_t9_kl0p025_cap04,phase_1,dolma3_cc/history_and_geography_low,2,0.0009765625
olmixq_t9_kl0p025_cap04,phase_1,dolma3_cc/industrial_high,7,0.00341796875
olmixq_t9_kl0p025_cap04,phase_1,dolma3_cc/industrial_low,2,0.0009765625
olmixq_t9_kl0p025_cap04,phase_1,dolma3_cc/literature_high,204,0.099609375
olmixq_t9_kl0p025_cap04,phase_1,dolma3_cc/literature_low,8,0.00390625
olmixq_t9_kl0p025_cap04,phase_1,dolma3_cc/science_math_and_technology_high,50,0.0244140625
olmixq_t9_kl0p025_cap04,phase_1,dolma3_cc/science_math_and_technology_low,29,0.01416015625
olmixq_t9_kl0p025_cap04,phase_1,dolma3_stack_edu,173,0.08447265625
olmixq_t9_kl0p025_cap04,phase_1,dolma3_arxiv,0,0.0
olmixq_t9_kl0p025_cap04,phase_1,dolma3_finemath_3plus,13,0.00634765625
olmixq_t9_kl0p025_cap04,phase_1,dolma3_wikipedia,0,0.0
olmixq_t9_kl0p025_cap04,phase_1,dolmino_common_crawl_hq,187,0.09130859375
olmixq_t9_kl0p025_cap04,phase_1,dolmino_olmocr_pdfs_hq,59,0.02880859375
olmixq_t9_kl0p025_cap04,phase_1,dolmino_stack_edu_fim,173,0.08447265625
olmixq_t9_kl0p025_cap04,phase_1,dolmino_stem_heavy_crawl,0,0.0
olmixq_t9_kl0p025_cap04,phase_1,dolmino_synth_code,0,0.0
olmixq_t9_kl0p025_cap04,phase_1,dolmino_synth_instruction,0,0.0
olmixq_t9_kl0p025_cap04,phase_1,dolmino_synth_math,28,0.013671875
olmixq_t9_kl0p025_cap04,phase_1,dolmino_synth_qa,434,0.2119140625
olmixq_t9_kl0p025_cap04,phase_1,dolmino_synth_thinking,51,0.02490234375
olmixq_t9_kl0p025_cap08,phase_0,dolma3_cc/art_and_design_high,12,0.005859375
olmixq_t9_kl0p025_cap08,phase_0,dolma3_cc/art_and_design_low,6,0.0029296875
olmixq_t9_kl0p025_cap08,phase_0,dolma3_cc/crime_and_law_high,13,0.00634765625
olmixq_t9_kl0p025_cap08,phase_0,dolma3_cc/crime_and_law_low,4,0.001953125
olmixq_t9_kl0p025_cap08,phase_0,dolma3_cc/education_and_jobs_high,24,0.01171875
olmixq_t9_kl0p025_cap08,phase_0,dolma3_cc/education_and_jobs_low,8,0.00390625
olmixq_t9_kl0p025_cap08,phase_0,dolma3_cc/electronics_and_hardware_high,14,0.0068359375
olmixq_t9_kl0p025_cap08,phase_0,dolma3_cc/electronics_and_hardware_low,6,0.0029296875
olmixq_t9_kl0p025_cap08,phase_0,dolma3_cc/entertainment_high,96,0.046875
olmixq_t9_kl0p025_cap08,phase_0,dolma3_cc/entertainment_low,37,0.01806640625
olmixq_t9_kl0p025_cap08,phase_0,dolma3_cc/finance_and_business_high,64,0.03125
olmixq_t9_kl0p025_cap08,phase_0,dolma3_cc/finance_and_business_low,23,0.01123046875
olmixq_t9_kl0p025_cap08,phase_0,dolma3_cc/food_and_dining_high,31,0.01513671875
olmixq_t9_kl0p025_cap08,phase_0,dolma3_cc/food_and_dining_low,12,0.005859375
olmixq_t9_kl0p025_cap08,phase_0,dolma3_cc/games_high,48,0.0234375
olmixq_t9_kl0p025_cap08,phase_0,dolma3_cc/games_low,11,0.00537109375
olmixq_t9_kl0p025_cap08,phase_0,dolma3_cc/health_high,101,0.04931640625
olmixq_t9_kl0p025_cap08,phase_0,dolma3_cc/health_low,50,0.0244140625
olmixq_t9_kl0p025_cap08,phase_0,dolma3_cc/history_and_geography_high,18,0.0087890625
olmixq_t9_kl0p025_cap08,phase_0,dolma3_cc/history_and_geography_low,2,0.0009765625
olmixq_t9_kl0p025_cap08,phase_0,dolma3_cc/industrial_high,6,0.0029296875
olmixq_t9_kl0p025_cap08,phase_0,dolma3_cc/industrial_low,2,0.0009765625
olmixq_t9_kl0p025_cap08,phase_0,dolma3_cc/literature_high,161,0.07861328125
olmixq_t9_kl0p025_cap08,phase_0,dolma3_cc/literature_low,8,0.00390625
olmixq_t9_kl0p025_cap08,phase_0,dolma3_cc/science_math_and_technology_high,49,0.02392578125
olmixq_t9_kl0p025_cap08,phase_0,dolma3_cc/science_math_and_technology_low,24,0.01171875
olmixq_t9_kl0p025_cap08,phase_0,dolma3_stack_edu,164,0.080078125
olmixq_t9_kl0p025_cap08,phase_0,dolma3_arxiv,0,0.0
olmixq_t9_kl0p025_cap08,phase_0,dolma3_finemath_3plus,6,0.0029296875
olmixq_t9_kl0p025_cap08,phase_0,dolma3_wikipedia,0,0.0
olmixq_t9_kl0p025_cap08,phase_0,dolmino_common_crawl_hq,194,0.0947265625
olmixq_t9_kl0p025_cap08,phase_0,dolmino_olmocr_pdfs_hq,48,0.0234375
olmixq_t9_kl0p025_cap08,phase_0,dolmino_stack_edu_fim,248,0.12109375
olmixq_t9_kl0p025_cap08,phase_0,dolmino_stem_heavy_crawl,0,0.0
olmixq_t9_kl0p025_cap08,phase_0,dolmino_synth_code,0,0.0
olmixq_t9_kl0p025_cap08,phase_0,dolmino_synth_instruction,0,0.0
olmixq_t9_kl0p025_cap08,phase_0,dolmino_synth_math,13,0.00634765625
olmixq_t9_kl0p025_cap08,phase_0,dolmino_synth_qa,442,0.2158203125
olmixq_t9_kl0p025_cap08,phase_0,dolmino_synth_thinking,103,0.05029296875
olmixq_t9_kl0p025_cap08,phase_1,dolma3_cc/art_and_design_high,12,0.005859375
olmixq_t9_kl0p025_cap08,phase_1,dolma3_cc/art_and_design_low,6,0.0029296875
olmixq_t9_kl0p025_cap08,phase_1,dolma3_cc/crime_and_law_high,13,0.00634765625
olmixq_t9_kl0p025_cap08,phase_1,dolma3_cc/crime_and_law_low,4,0.001953125
olmixq_t9_kl0p025_cap08,phase_1,dolma3_cc/education_and_jobs_high,24,0.01171875
olmixq_t9_kl0p025_cap08,phase_1,dolma3_cc/education_and_jobs_low,8,0.00390625
olmixq_t9_kl0p025_cap08,phase_1,dolma3_cc/electronics_and_hardware_high,14,0.0068359375
olmixq_t9_kl0p025_cap08,phase_1,dolma3_cc/electronics_and_hardware_low,6,0.0029296875
olmixq_t9_kl0p025_cap08,phase_1,dolma3_cc/entertainment_high,96,0.046875
olmixq_t9_kl0p025_cap08,phase_1,dolma3_cc/entertainment_low,37,0.01806640625
olmixq_t9_kl0p025_cap08,phase_1,dolma3_cc/finance_and_business_high,64,0.03125
olmixq_t9_kl0p025_cap08,phase_1,dolma3_cc/finance_and_business_low,23,0.01123046875
olmixq_t9_kl0p025_cap08,phase_1,dolma3_cc/food_and_dining_high,31,0.01513671875
olmixq_t9_kl0p025_cap08,phase_1,dolma3_cc/food_and_dining_low,12,0.005859375
olmixq_t9_kl0p025_cap08,phase_1,dolma3_cc/games_high,48,0.0234375
olmixq_t9_kl0p025_cap08,phase_1,dolma3_cc/games_low,11,0.00537109375
olmixq_t9_kl0p025_cap08,phase_1,dolma3_cc/health_high,101,0.04931640625
olmixq_t9_kl0p025_cap08,phase_1,dolma3_cc/health_low,50,0.0244140625
olmixq_t9_kl0p025_cap08,phase_1,dolma3_cc/history_and_geography_high,18,0.0087890625
olmixq_t9_kl0p025_cap08,phase_1,dolma3_cc/history_and_geography_low,2,0.0009765625
olmixq_t9_kl0p025_cap08,phase_1,dolma3_cc/industrial_high,6,0.0029296875
olmixq_t9_kl0p025_cap08,phase_1,dolma3_cc/industrial_low,2,0.0009765625
olmixq_t9_kl0p025_cap08,phase_1,dolma3_cc/literature_high,161,0.07861328125
olmixq_t9_kl0p025_cap08,phase_1,dolma3_cc/literature_low,8,0.00390625
olmixq_t9_kl0p025_cap08,phase_1,dolma3_cc/science_math_and_technology_high,49,0.02392578125
olmixq_t9_kl0p025_cap08,phase_1,dolma3_cc/science_math_and_technology_low,24,0.01171875
olmixq_t9_kl0p025_cap08,phase_1,dolma3_stack_edu,164,0.080078125
olmixq_t9_kl0p025_cap08,phase_1,dolma3_arxiv,0,0.0
olmixq_t9_kl0p025_cap08,phase_1,dolma3_finemath_3plus,6,0.0029296875
olmixq_t9_kl0p025_cap08,phase_1,dolma3_wikipedia,0,0.0
olmixq_t9_kl0p025_cap08,phase_1,dolmino_common_crawl_hq,194,0.0947265625
olmixq_t9_kl0p025_cap08,phase_1,dolmino_olmocr_pdfs_hq,48,0.0234375
olmixq_t9_kl0p025_cap08,phase_1,dolmino_stack_edu_fim,248,0.12109375
olmixq_t9_kl0p025_cap08,phase_1,dolmino_stem_heavy_crawl,0,0.0
olmixq_t9_kl0p025_cap08,phase_1,dolmino_synth_code,0,0.0
olmixq_t9_kl0p025_cap08,phase_1,dolmino_synth_instruction,0,0.0
olmixq_t9_kl0p025_cap08,phase_1,dolmino_synth_math,13,0.00634765625
olmixq_t9_kl0p025_cap08,phase_1,dolmino_synth_qa,442,0.2158203125
olmixq_t9_kl0p025_cap08,phase_1,dolmino_synth_thinking,103,0.05029296875
olmixq_t9_kl0p05_cap04,phase_0,dolma3_cc/art_and_design_high,17,0.00830078125
olmixq_t9_kl0p05_cap04,phase_0,dolma3_cc/art_and_design_low,9,0.00439453125
olmixq_t9_kl0p05_cap04,phase_0,dolma3_cc/crime_and_law_high,21,0.01025390625
olmixq_t9_kl0p05_cap04,phase_0,dolma3_cc/crime_and_law_low,9,0.00439453125
olmixq_t9_kl0p05_cap04,phase_0,dolma3_cc/education_and_jobs_high,39,0.01904296875
olmixq_t9_kl0p05_cap04,phase_0,dolma3_cc/education_and_jobs_low,15,0.00732421875
olmixq_t9_kl0p05_cap04,phase_0,dolma3_cc/electronics_and_hardware_high,21,0.01025390625
olmixq_t9_kl0p05_cap04,phase_0,dolma3_cc/electronics_and_hardware_low,11,0.00537109375
olmixq_t9_kl0p05_cap04,phase_0,dolma3_cc/entertainment_high,104,0.05078125
olmixq_t9_kl0p05_cap04,phase_0,dolma3_cc/entertainment_low,41,0.02001953125
olmixq_t9_kl0p05_cap04,phase_0,dolma3_cc/finance_and_business_high,90,0.0439453125
olmixq_t9_kl0p05_cap04,phase_0,dolma3_cc/finance_and_business_low,38,0.0185546875
olmixq_t9_kl0p05_cap04,phase_0,dolma3_cc/food_and_dining_high,42,0.0205078125
olmixq_t9_kl0p05_cap04,phase_0,dolma3_cc/food_and_dining_low,18,0.0087890625
olmixq_t9_kl0p05_cap04,phase_0,dolma3_cc/games_high,54,0.0263671875
olmixq_t9_kl0p05_cap04,phase_0,dolma3_cc/games_low,15,0.00732421875
olmixq_t9_kl0p05_cap04,phase_0,dolma3_cc/health_high,101,0.04931640625
olmixq_t9_kl0p05_cap04,phase_0,dolma3_cc/health_low,55,0.02685546875
olmixq_t9_kl0p05_cap04,phase_0,dolma3_cc/history_and_geography_high,25,0.01220703125
olmixq_t9_kl0p05_cap04,phase_0,dolma3_cc/history_and_geography_low,4,0.001953125
olmixq_t9_kl0p05_cap04,phase_0,dolma3_cc/industrial_high,11,0.00537109375
olmixq_t9_kl0p05_cap04,phase_0,dolma3_cc/industrial_low,5,0.00244140625
olmixq_t9_kl0p05_cap04,phase_0,dolma3_cc/literature_high,137,0.06689453125
olmixq_t9_kl0p05_cap04,phase_0,dolma3_cc/literature_low,11,0.00537109375
olmixq_t9_kl0p05_cap04,phase_0,dolma3_cc/science_math_and_technology_high,57,0.02783203125
olmixq_t9_kl0p05_cap04,phase_0,dolma3_cc/science_math_and_technology_low,29,0.01416015625
olmixq_t9_kl0p05_cap04,phase_0,dolma3_stack_edu,173,0.08447265625
olmixq_t9_kl0p05_cap04,phase_0,dolma3_arxiv,1,0.00048828125
olmixq_t9_kl0p05_cap04,phase_0,dolma3_finemath_3plus,11,0.00537109375
olmixq_t9_kl0p05_cap04,phase_0,dolma3_wikipedia,0,0.0
olmixq_t9_kl0p05_cap04,phase_0,dolmino_common_crawl_hq,249,0.12158203125
olmixq_t9_kl0p05_cap04,phase_0,dolmino_olmocr_pdfs_hq,57,0.02783203125
olmixq_t9_kl0p05_cap04,phase_0,dolmino_stack_edu_fim,173,0.08447265625
olmixq_t9_kl0p05_cap04,phase_0,dolmino_stem_heavy_crawl,0,0.0
olmixq_t9_kl0p05_cap04,phase_0,dolmino_synth_code,1,0.00048828125
olmixq_t9_kl0p05_cap04,phase_0,dolmino_synth_instruction,0,0.0
olmixq_t9_kl0p05_cap04,phase_0,dolmino_synth_math,28,0.013671875
olmixq_t9_kl0p05_cap04,phase_0,dolmino_synth_qa,325,0.15869140625
olmixq_t9_kl0p05_cap04,phase_0,dolmino_synth_thinking,51,0.02490234375
olmixq_t9_kl0p05_cap04,phase_1,dolma3_cc/art_and_design_high,17,0.00830078125
olmixq_t9_kl0p05_cap04,phase_1,dolma3_cc/art_and_design_low,9,0.00439453125
olmixq_t9_kl0p05_cap04,phase_1,dolma3_cc/crime_and_law_high,21,0.01025390625
olmixq_t9_kl0p05_cap04,phase_1,dolma3_cc/crime_and_law_low,9,0.00439453125
olmixq_t9_kl0p05_cap04,phase_1,dolma3_cc/education_and_jobs_high,39,0.01904296875
olmixq_t9_kl0p05_cap04,phase_1,dolma3_cc/education_and_jobs_low,15,0.00732421875
olmixq_t9_kl0p05_cap04,phase_1,dolma3_cc/electronics_and_hardware_high,21,0.01025390625
olmixq_t9_kl0p05_cap04,phase_1,dolma3_cc/electronics_and_hardware_low,11,0.00537109375
olmixq_t9_kl0p05_cap04,phase_1,dolma3_cc/entertainment_high,104,0.05078125
olmixq_t9_kl0p05_cap04,phase_1,dolma3_cc/entertainment_low,41,0.02001953125
olmixq_t9_kl0p05_cap04,phase_1,dolma3_cc/finance_and_business_high,90,0.0439453125
olmixq_t9_kl0p05_cap04,phase_1,dolma3_cc/finance_and_business_low,38,0.0185546875
olmixq_t9_kl0p05_cap04,phase_1,dolma3_cc/food_and_dining_high,42,0.0205078125
olmixq_t9_kl0p05_cap04,phase_1,dolma3_cc/food_and_dining_low,18,0.0087890625
olmixq_t9_kl0p05_cap04,phase_1,dolma3_cc/games_high,54,0.0263671875
olmixq_t9_kl0p05_cap04,phase_1,dolma3_cc/games_low,15,0.00732421875
olmixq_t9_kl0p05_cap04,phase_1,dolma3_cc/health_high,101,0.04931640625
olmixq_t9_kl0p05_cap04,phase_1,dolma3_cc/health_low,55,0.02685546875
olmixq_t9_kl0p05_cap04,phase_1,dolma3_cc/history_and_geography_high,25,0.01220703125
olmixq_t9_kl0p05_cap04,phase_1,dolma3_cc/history_and_geography_low,4,0.001953125
olmixq_t9_kl0p05_cap04,phase_1,dolma3_cc/industrial_high,11,0.00537109375
olmixq_t9_kl0p05_cap04,phase_1,dolma3_cc/industrial_low,5,0.00244140625
olmixq_t9_kl0p05_cap04,phase_1,dolma3_cc/literature_high,137,0.06689453125
olmixq_t9_kl0p05_cap04,phase_1,dolma3_cc/literature_low,11,0.00537109375
olmixq_t9_kl0p05_cap04,phase_1,dolma3_cc/science_math_and_technology_high,57,0.02783203125
olmixq_t9_kl0p05_cap04,phase_1,dolma3_cc/science_math_and_technology_low,29,0.01416015625
olmixq_t9_kl0p05_cap04,phase_1,dolma3_stack_edu,173,0.08447265625
olmixq_t9_kl0p05_cap04,phase_1,dolma3_arxiv,1,0.00048828125
olmixq_t9_kl0p05_cap04,phase_1,dolma3_finemath_3plus,11,0.00537109375
olmixq_t9_kl0p05_cap04,phase_1,dolma3_wikipedia,0,0.0
olmixq_t9_kl0p05_cap04,phase_1,dolmino_common_crawl_hq,249,0.12158203125
olmixq_t9_kl0p05_cap04,phase_1,dolmino_olmocr_pdfs_hq,57,0.02783203125
olmixq_t9_kl0p05_cap04,phase_1,dolmino_stack_edu_fim,173,0.08447265625
olmixq_t9_kl0p05_cap04,phase_1,dolmino_stem_heavy_crawl,0,0.0
olmixq_t9_kl0p05_cap04,phase_1,dolmino_synth_code,1,0.00048828125
olmixq_t9_kl0p05_cap04,phase_1,dolmino_synth_instruction,0,0.0
olmixq_t9_kl0p05_cap04,phase_1,dolmino_synth_math,28,0.013671875
olmixq_t9_kl0p05_cap04,phase_1,dolmino_synth_qa,325,0.15869140625
olmixq_t9_kl0p05_cap04,phase_1,dolmino_synth_thinking,51,0.02490234375
olmixq_t9_kl0p05_cap08,phase_0,dolma3_cc/art_and_design_high,17,0.00830078125
olmixq_t9_kl0p05_cap08,phase_0,dolma3_cc/art_and_design_low,8,0.00390625
olmixq_t9_kl0p05_cap08,phase_0,dolma3_cc/crime_and_law_high,21,0.01025390625
olmixq_t9_kl0p05_cap08,phase_0,dolma3_cc/crime_and_law_low,8,0.00390625
olmixq_t9_kl0p05_cap08,phase_0,dolma3_cc/education_and_jobs_high,38,0.0185546875
olmixq_t9_kl0p05_cap08,phase_0,dolma3_cc/education_and_jobs_low,15,0.00732421875
olmixq_t9_kl0p05_cap08,phase_0,dolma3_cc/electronics_and_hardware_high,20,0.009765625
olmixq_t9_kl0p05_cap08,phase_0,dolma3_cc/electronics_and_hardware_low,10,0.0048828125
olmixq_t9_kl0p05_cap08,phase_0,dolma3_cc/entertainment_high,103,0.05029296875
olmixq_t9_kl0p05_cap08,phase_0,dolma3_cc/entertainment_low,40,0.01953125
olmixq_t9_kl0p05_cap08,phase_0,dolma3_cc/finance_and_business_high,90,0.0439453125
olmixq_t9_kl0p05_cap08,phase_0,dolma3_cc/finance_and_business_low,37,0.01806640625
olmixq_t9_kl0p05_cap08,phase_0,dolma3_cc/food_and_dining_high,38,0.0185546875
olmixq_t9_kl0p05_cap08,phase_0,dolma3_cc/food_and_dining_low,17,0.00830078125
olmixq_t9_kl0p05_cap08,phase_0,dolma3_cc/games_high,54,0.0263671875
olmixq_t9_kl0p05_cap08,phase_0,dolma3_cc/games_low,15,0.00732421875
olmixq_t9_kl0p05_cap08,phase_0,dolma3_cc/health_high,103,0.05029296875
olmixq_t9_kl0p05_cap08,phase_0,dolma3_cc/health_low,51,0.02490234375
olmixq_t9_kl0p05_cap08,phase_0,dolma3_cc/history_and_geography_high,26,0.0126953125
olmixq_t9_kl0p05_cap08,phase_0,dolma3_cc/history_and_geography_low,4,0.001953125
olmixq_t9_kl0p05_cap08,phase_0,dolma3_cc/industrial_high,11,0.00537109375
olmixq_t9_kl0p05_cap08,phase_0,dolma3_cc/industrial_low,5,0.00244140625
olmixq_t9_kl0p05_cap08,phase_0,dolma3_cc/literature_high,124,0.060546875
olmixq_t9_kl0p05_cap08,phase_0,dolma3_cc/literature_low,11,0.00537109375
olmixq_t9_kl0p05_cap08,phase_0,dolma3_cc/science_math_and_technology_high,56,0.02734375
olmixq_t9_kl0p05_cap08,phase_0,dolma3_cc/science_math_and_technology_low,28,0.013671875
olmixq_t9_kl0p05_cap08,phase_0,dolma3_stack_edu,151,0.07373046875
olmixq_t9_kl0p05_cap08,phase_0,dolma3_arxiv,1,0.00048828125
olmixq_t9_kl0p05_cap08,phase_0,dolma3_finemath_3plus,9,0.00439453125
olmixq_t9_kl0p05_cap08,phase_0,dolma3_wikipedia,0,0.0
olmixq_t9_kl0p05_cap08,phase_0,dolmino_common_crawl_hq,252,0.123046875
olmixq_t9_kl0p05_cap08,phase_0,dolmino_olmocr_pdfs_hq,53,0.02587890625
olmixq_t9_kl0p05_cap08,phase_0,dolmino_stack_edu_fim,199,0.09716796875
olmixq_t9_kl0p05_cap08,phase_0,dolmino_stem_heavy_crawl,0,0.0
olmixq_t9_kl0p05_cap08,phase_0,dolmino_synth_code,1,0.00048828125
olmixq_t9_kl0p05_cap08,phase_0,dolmino_synth_instruction,0,0.0
olmixq_t9_kl0p05_cap08,phase_0,dolmino_synth_math,14,0.0068359375
olmixq_t9_kl0p05_cap08,phase_0,dolmino_synth_qa,332,0.162109375
olmixq_t9_kl0p05_cap08,phase_0,dolmino_synth_thinking,86,0.0419921875
olmixq_t9_kl0p05_cap08,phase_1,dolma3_cc/art_and_design_high,17,0.00830078125
olmixq_t9_kl0p05_cap08,phase_1,dolma3_cc/art_and_design_low,8,0.00390625
olmixq_t9_kl0p05_cap08,phase_1,dolma3_cc/crime_and_law_high,21,0.01025390625
olmixq_t9_kl0p05_cap08,phase_1,dolma3_cc/crime_and_law_low,8,0.00390625
olmixq_t9_kl0p05_cap08,phase_1,dolma3_cc/education_and_jobs_high,38,0.0185546875
olmixq_t9_kl0p05_cap08,phase_1,dolma3_cc/education_and_jobs_low,15,0.00732421875
olmixq_t9_kl0p05_cap08,phase_1,dolma3_cc/electronics_and_hardware_high,20,0.009765625
olmixq_t9_kl0p05_cap08,phase_1,dolma3_cc/electronics_and_hardware_low,10,0.0048828125
olmixq_t9_kl0p05_cap08,phase_1,dolma3_cc/entertainment_high,103,0.05029296875
olmixq_t9_kl0p05_cap08,phase_1,dolma3_cc/entertainment_low,40,0.01953125
olmixq_t9_kl0p05_cap08,phase_1,dolma3_cc/finance_and_business_high,90,0.0439453125
olmixq_t9_kl0p05_cap08,phase_1,dolma3_cc/finance_and_business_low,37,0.01806640625
olmixq_t9_kl0p05_cap08,phase_1,dolma3_cc/food_and_dining_high,38,0.0185546875
olmixq_t9_kl0p05_cap08,phase_1,dolma3_cc/food_and_dining_low,17,0.00830078125
olmixq_t9_kl0p05_cap08,phase_1,dolma3_cc/games_high,54,0.0263671875
olmixq_t9_kl0p05_cap08,phase_1,dolma3_cc/games_low,15,0.00732421875
olmixq_t9_kl0p05_cap08,phase_1,dolma3_cc/health_high,103,0.05029296875
olmixq_t9_kl0p05_cap08,phase_1,dolma3_cc/health_low,51,0.02490234375
olmixq_t9_kl0p05_cap08,phase_1,dolma3_cc/history_and_geography_high,26,0.0126953125
olmixq_t9_kl0p05_cap08,phase_1,dolma3_cc/history_and_geography_low,4,0.001953125
olmixq_t9_kl0p05_cap08,phase_1,dolma3_cc/industrial_high,11,0.00537109375
olmixq_t9_kl0p05_cap08,phase_1,dolma3_cc/industrial_low,5,0.00244140625
olmixq_t9_kl0p05_cap08,phase_1,dolma3_cc/literature_high,124,0.060546875
olmixq_t9_kl0p05_cap08,phase_1,dolma3_cc/literature_low,11,0.00537109375
olmixq_t9_kl0p05_cap08,phase_1,dolma3_cc/science_math_and_technology_high,56,0.02734375
olmixq_t9_kl0p05_cap08,phase_1,dolma3_cc/science_math_and_technology_low,28,0.013671875
olmixq_t9_kl0p05_cap08,phase_1,dolma3_stack_edu,151,0.07373046875
olmixq_t9_kl0p05_cap08,phase_1,dolma3_arxiv,1,0.00048828125
olmixq_t9_kl0p05_cap08,phase_1,dolma3_finemath_3plus,9,0.00439453125
olmixq_t9_kl0p05_cap08,phase_1,dolma3_wikipedia,0,0.0
olmixq_t9_kl0p05_cap08,phase_1,dolmino_common_crawl_hq,252,0.123046875
olmixq_t9_kl0p05_cap08,phase_1,dolmino_olmocr_pdfs_hq,53,0.02587890625
olmixq_t9_kl0p05_cap08,phase_1,dolmino_stack_edu_fim,199,0.09716796875
olmixq_t9_kl0p05_cap08,phase_1,dolmino_stem_heavy_crawl,0,0.0
olmixq_t9_kl0p05_cap08,phase_1,dolmino_synth_code,1,0.00048828125
olmixq_t9_kl0p05_cap08,phase_1,dolmino_synth_instruction,0,0.0
olmixq_t9_kl0p05_cap08,phase_1,dolmino_synth_math,14,0.0068359375
olmixq_t9_kl0p05_cap08,phase_1,dolmino_synth_qa,332,0.162109375
olmixq_t9_kl0p05_cap08,phase_1,dolmino_synth_thinking,86,0.0419921875
olmixq_t9_kl0p075_cap04,phase_0,dolma3_cc/art_and_design_high,20,0.009765625
olmixq_t9_kl0p075_cap04,phase_0,dolma3_cc/art_and_design_low,10,0.0048828125
olmixq_t9_kl0p075_cap04,phase_0,dolma3_cc/crime_and_law_high,25,0.01220703125
olmixq_t9_kl0p075_cap04,phase_0,dolma3_cc/crime_and_law_low,11,0.00537109375
olmixq_t9_kl0p075_cap04,phase_0,dolma3_cc/education_and_jobs_high,46,0.0224609375
olmixq_t9_kl0p075_cap04,phase_0,dolma3_cc/education_and_jobs_low,18,0.0087890625
olmixq_t9_kl0p075_cap04,phase_0,dolma3_cc/electronics_and_hardware_high,24,0.01171875
olmixq_t9_kl0p075_cap04,phase_0,dolma3_cc/electronics_and_hardware_low,12,0.005859375
olmixq_t9_kl0p075_cap04,phase_0,dolma3_cc/entertainment_high,106,0.0517578125
olmixq_t9_kl0p075_cap04,phase_0,dolma3_cc/entertainment_low,42,0.0205078125
olmixq_t9_kl0p075_cap04,phase_0,dolma3_cc/finance_and_business_high,103,0.05029296875
olmixq_t9_kl0p075_cap04,phase_0,dolma3_cc/finance_and_business_low,45,0.02197265625
olmixq_t9_kl0p075_cap04,phase_0,dolma3_cc/food_and_dining_high,43,0.02099609375
olmixq_t9_kl0p075_cap04,phase_0,dolma3_cc/food_and_dining_low,19,0.00927734375
olmixq_t9_kl0p075_cap04,phase_0,dolma3_cc/games_high,56,0.02734375
olmixq_t9_kl0p075_cap04,phase_0,dolma3_cc/games_low,17,0.00830078125
olmixq_t9_kl0p075_cap04,phase_0,dolma3_cc/health_high,103,0.05029296875
olmixq_t9_kl0p075_cap04,phase_0,dolma3_cc/health_low,54,0.0263671875
olmixq_t9_kl0p075_cap04,phase_0,dolma3_cc/history_and_geography_high,28,0.013671875
olmixq_t9_kl0p075_cap04,phase_0,dolma3_cc/history_and_geography_low,5,0.00244140625
olmixq_t9_kl0p075_cap04,phase_0,dolma3_cc/industrial_high,13,0.00634765625
olmixq_t9_kl0p075_cap04,phase_0,dolma3_cc/industrial_low,6,0.0029296875
olmixq_t9_kl0p075_cap04,phase_0,dolma3_cc/literature_high,117,0.05712890625
olmixq_t9_kl0p075_cap04,phase_0,dolma3_cc/literature_low,12,0.005859375
olmixq_t9_kl0p075_cap04,phase_0,dolma3_cc/science_math_and_technology_high,60,0.029296875
olmixq_t9_kl0p075_cap04,phase_0,dolma3_cc/science_math_and_technology_low,30,0.0146484375
olmixq_t9_kl0p075_cap04,phase_0,dolma3_stack_edu,148,0.072265625
olmixq_t9_kl0p075_cap04,phase_0,dolma3_arxiv,2,0.0009765625
olmixq_t9_kl0p075_cap04,phase_0,dolma3_finemath_3plus,11,0.00537109375
olmixq_t9_kl0p075_cap04,phase_0,dolma3_wikipedia,0,0.0
olmixq_t9_kl0p075_cap04,phase_0,dolmino_common_crawl_hq,293,0.14306640625
olmixq_t9_kl0p075_cap04,phase_0,dolmino_olmocr_pdfs_hq,57,0.02783203125
olmixq_t9_kl0p075_cap04,phase_0,dolmino_stack_edu_fim,173,0.08447265625
olmixq_t9_kl0p075_cap04,phase_0,dolmino_stem_heavy_crawl,0,0.0
olmixq_t9_kl0p075_cap04,phase_0,dolmino_synth_code,2,0.0009765625
olmixq_t9_kl0p075_cap04,phase_0,dolmino_synth_instruction,0,0.0
olmixq_t9_kl0p075_cap04,phase_0,dolmino_synth_math,22,0.0107421875
olmixq_t9_kl0p075_cap04,phase_0,dolmino_synth_qa,264,0.12890625
olmixq_t9_kl0p075_cap04,phase_0,dolmino_synth_thinking,51,0.02490234375
olmixq_t9_kl0p075_cap04,phase_1,dolma3_cc/art_and_design_high,20,0.009765625
olmixq_t9_kl0p075_cap04,phase_1,dolma3_cc/art_and_design_low,10,0.0048828125
olmixq_t9_kl0p075_cap04,phase_1,dolma3_cc/crime_and_law_high,25,0.01220703125
olmixq_t9_kl0p075_cap04,phase_1,dolma3_cc/crime_and_law_low,11,0.00537109375
olmixq_t9_kl0p075_cap04,phase_1,dolma3_cc/education_and_jobs_high,46,0.0224609375
olmixq_t9_kl0p075_cap04,phase_1,dolma3_cc/education_and_jobs_low,18,0.0087890625
olmixq_t9_kl0p075_cap04,phase_1,dolma3_cc/electronics_and_hardware_high,24,0.01171875
olmixq_t9_kl0p075_cap04,phase_1,dolma3_cc/electronics_and_hardware_low,12,0.005859375
olmixq_t9_kl0p075_cap04,phase_1,dolma3_cc/entertainment_high,106,0.0517578125
olmixq_t9_kl0p075_cap04,phase_1,dolma3_cc/entertainment_low,42,0.0205078125
olmixq_t9_kl0p075_cap04,phase_1,dolma3_cc/finance_and_business_high,103,0.05029296875
olmixq_t9_kl0p075_cap04,phase_1,dolma3_cc/finance_and_business_low,45,0.02197265625
olmixq_t9_kl0p075_cap04,phase_1,dolma3_cc/food_and_dining_high,43,0.02099609375
olmixq_t9_kl0p075_cap04,phase_1,dolma3_cc/food_and_dining_low,19,0.00927734375
olmixq_t9_kl0p075_cap04,phase_1,dolma3_cc/games_high,56,0.02734375
olmixq_t9_kl0p075_cap04,phase_1,dolma3_cc/games_low,17,0.00830078125
olmixq_t9_kl0p075_cap04,phase_1,dolma3_cc/health_high,103,0.05029296875
olmixq_t9_kl0p075_cap04,phase_1,dolma3_cc/health_low,54,0.0263671875
olmixq_t9_kl0p075_cap04,phase_1,dolma3_cc/history_and_geography_high,28,0.013671875
olmixq_t9_kl0p075_cap04,phase_1,dolma3_cc/history_and_geography_low,5,0.00244140625
olmixq_t9_kl0p075_cap04,phase_1,dolma3_cc/industrial_high,13,0.00634765625
olmixq_t9_kl0p075_cap04,phase_1,dolma3_cc/industrial_low,6,0.0029296875
olmixq_t9_kl0p075_cap04,phase_1,dolma3_cc/literature_high,117,0.05712890625
olmixq_t9_kl0p075_cap04,phase_1,dolma3_cc/literature_low,12,0.005859375
olmixq_t9_kl0p075_cap04,phase_1,dolma3_cc/science_math_and_technology_high,60,0.029296875
olmixq_t9_kl0p075_cap04,phase_1,dolma3_cc/science_math_and_technology_low,30,0.0146484375
olmixq_t9_kl0p075_cap04,phase_1,dolma3_stack_edu,148,0.072265625
olmixq_t9_kl0p075_cap04,phase_1,dolma3_arxiv,2,0.0009765625
olmixq_t9_kl0p075_cap04,phase_1,dolma3_finemath_3plus,11,0.00537109375
olmixq_t9_kl0p075_cap04,phase_1,dolma3_wikipedia,0,0.0
olmixq_t9_kl0p075_cap04,phase_1,dolmino_common_crawl_hq,293,0.14306640625
olmixq_t9_kl0p075_cap04,phase_1,dolmino_olmocr_pdfs_hq,57,0.02783203125
olmixq_t9_kl0p075_cap04,phase_1,dolmino_stack_edu_fim,173,0.08447265625
olmixq_t9_kl0p075_cap04,phase_1,dolmino_stem_heavy_crawl,0,0.0
olmixq_t9_kl0p075_cap04,phase_1,dolmino_synth_code,2,0.0009765625
olmixq_t9_kl0p075_cap04,phase_1,dolmino_synth_instruction,0,0.0
olmixq_t9_kl0p075_cap04,phase_1,dolmino_synth_math,22,0.0107421875
olmixq_t9_kl0p075_cap04,phase_1,dolmino_synth_qa,264,0.12890625
olmixq_t9_kl0p075_cap04,phase_1,dolmino_synth_thinking,51,0.02490234375
olmixq_t9_kl0p075_cap08,phase_0,dolma3_cc/art_and_design_high,20,0.009765625
olmixq_t9_kl0p075_cap08,phase_0,dolma3_cc/art_and_design_low,10,0.0048828125
olmixq_t9_kl0p075_cap08,phase_0,dolma3_cc/crime_and_law_high,25,0.01220703125
olmixq_t9_kl0p075_cap08,phase_0,dolma3_cc/crime_and_law_low,11,0.00537109375
olmixq_t9_kl0p075_cap08,phase_0,dolma3_cc/education_and_jobs_high,45,0.02197265625
olmixq_t9_kl0p075_cap08,phase_0,dolma3_cc/education_and_jobs_low,18,0.0087890625
olmixq_t9_kl0p075_cap08,phase_0,dolma3_cc/electronics_and_hardware_high,24,0.01171875
olmixq_t9_kl0p075_cap08,phase_0,dolma3_cc/electronics_and_hardware_low,12,0.005859375
olmixq_t9_kl0p075_cap08,phase_0,dolma3_cc/entertainment_high,106,0.0517578125
olmixq_t9_kl0p075_cap08,phase_0,dolma3_cc/entertainment_low,41,0.02001953125
olmixq_t9_kl0p075_cap08,phase_0,dolma3_cc/finance_and_business_high,103,0.05029296875
olmixq_t9_kl0p075_cap08,phase_0,dolma3_cc/finance_and_business_low,45,0.02197265625
olmixq_t9_kl0p075_cap08,phase_0,dolma3_cc/food_and_dining_high,41,0.02001953125
olmixq_t9_kl0p075_cap08,phase_0,dolma3_cc/food_and_dining_low,19,0.00927734375
olmixq_t9_kl0p075_cap08,phase_0,dolma3_cc/games_high,56,0.02734375
olmixq_t9_kl0p075_cap08,phase_0,dolma3_cc/games_low,17,0.00830078125
olmixq_t9_kl0p075_cap08,phase_0,dolma3_cc/health_high,104,0.05078125
olmixq_t9_kl0p075_cap08,phase_0,dolma3_cc/health_low,52,0.025390625
olmixq_t9_kl0p075_cap08,phase_0,dolma3_cc/history_and_geography_high,29,0.01416015625
olmixq_t9_kl0p075_cap08,phase_0,dolma3_cc/history_and_geography_low,5,0.00244140625
olmixq_t9_kl0p075_cap08,phase_0,dolma3_cc/industrial_high,13,0.00634765625
olmixq_t9_kl0p075_cap08,phase_0,dolma3_cc/industrial_low,6,0.0029296875
olmixq_t9_kl0p075_cap08,phase_0,dolma3_cc/literature_high,111,0.05419921875
olmixq_t9_kl0p075_cap08,phase_0,dolma3_cc/literature_low,12,0.005859375
olmixq_t9_kl0p075_cap08,phase_0,dolma3_cc/science_math_and_technology_high,59,0.02880859375
olmixq_t9_kl0p075_cap08,phase_0,dolma3_cc/science_math_and_technology_low,29,0.01416015625
olmixq_t9_kl0p075_cap08,phase_0,dolma3_stack_edu,142,0.0693359375
olmixq_t9_kl0p075_cap08,phase_0,dolma3_arxiv,2,0.0009765625
olmixq_t9_kl0p075_cap08,phase_0,dolma3_finemath_3plus,10,0.0048828125
olmixq_t9_kl0p075_cap08,phase_0,dolma3_wikipedia,0,0.0
olmixq_t9_kl0p075_cap08,phase_0,dolmino_common_crawl_hq,294,0.1435546875
olmixq_t9_kl0p075_cap08,phase_0,dolmino_olmocr_pdfs_hq,55,0.02685546875
olmixq_t9_kl0p075_cap08,phase_0,dolmino_stack_edu_fim,176,0.0859375
olmixq_t9_kl0p075_cap08,phase_0,dolmino_stem_heavy_crawl,0,0.0
olmixq_t9_kl0p075_cap08,phase_0,dolmino_synth_code,2,0.0009765625
olmixq_t9_kl0p075_cap08,phase_0,dolmino_synth_instruction,0,0.0
olmixq_t9_kl0p075_cap08,phase_0,dolmino_synth_math,15,0.00732421875
olmixq_t9_kl0p075_cap08,phase_0,dolmino_synth_qa,266,0.1298828125
olmixq_t9_kl0p075_cap08,phase_0,dolmino_synth_thinking,73,0.03564453125
olmixq_t9_kl0p075_cap08,phase_1,dolma3_cc/art_and_design_high,20,0.009765625
olmixq_t9_kl0p075_cap08,phase_1,dolma3_cc/art_and_design_low,10,0.0048828125
olmixq_t9_kl0p075_cap08,phase_1,dolma3_cc/crime_and_law_high,25,0.01220703125
olmixq_t9_kl0p075_cap08,phase_1,dolma3_cc/crime_and_law_low,11,0.00537109375
olmixq_t9_kl0p075_cap08,phase_1,dolma3_cc/education_and_jobs_high,45,0.02197265625
olmixq_t9_kl0p075_cap08,phase_1,dolma3_cc/education_and_jobs_low,18,0.0087890625
olmixq_t9_kl0p075_cap08,phase_1,dolma3_cc/electronics_and_hardware_high,24,0.01171875
olmixq_t9_kl0p075_cap08,phase_1,dolma3_cc/electronics_and_hardware_low,12,0.005859375
olmixq_t9_kl0p075_cap08,phase_1,dolma3_cc/entertainment_high,106,0.0517578125
olmixq_t9_kl0p075_cap08,phase_1,dolma3_cc/entertainment_low,41,0.02001953125
olmixq_t9_kl0p075_cap08,phase_1,dolma3_cc/finance_and_business_high,103,0.05029296875
olmixq_t9_kl0p075_cap08,phase_1,dolma3_cc/finance_and_business_low,45,0.02197265625
olmixq_t9_kl0p075_cap08,phase_1,dolma3_cc/food_and_dining_high,41,0.02001953125
olmixq_t9_kl0p075_cap08,phase_1,dolma3_cc/food_and_dining_low,19,0.00927734375
olmixq_t9_kl0p075_cap08,phase_1,dolma3_cc/games_high,56,0.02734375
olmixq_t9_kl0p075_cap08,phase_1,dolma3_cc/games_low,17,0.00830078125
olmixq_t9_kl0p075_cap08,phase_1,dolma3_cc/health_high,104,0.05078125
olmixq_t9_kl0p075_cap08,phase_1,dolma3_cc/health_low,52,0.025390625
olmixq_t9_kl0p075_cap08,phase_1,dolma3_cc/history_and_geography_high,29,0.01416015625
olmixq_t9_kl0p075_cap08,phase_1,dolma3_cc/history_and_geography_low,5,0.00244140625
olmixq_t9_kl0p075_cap08,phase_1,dolma3_cc/industrial_high,13,0.00634765625
olmixq_t9_kl0p075_cap08,phase_1,dolma3_cc/industrial_low,6,0.0029296875
olmixq_t9_kl0p075_cap08,phase_1,dolma3_cc/literature_high,111,0.05419921875
olmixq_t9_kl0p075_cap08,phase_1,dolma3_cc/literature_low,12,0.005859375
olmixq_t9_kl0p075_cap08,phase_1,dolma3_cc/science_math_and_technology_high,59,0.02880859375
olmixq_t9_kl0p075_cap08,phase_1,dolma3_cc/science_math_and_technology_low,29,0.01416015625
olmixq_t9_kl0p075_cap08,phase_1,dolma3_stack_edu,142,0.0693359375
olmixq_t9_kl0p075_cap08,phase_1,dolma3_arxiv,2,0.0009765625
olmixq_t9_kl0p075_cap08,phase_1,dolma3_finemath_3plus,10,0.0048828125
olmixq_t9_kl0p075_cap08,phase_1,dolma3_wikipedia,0,0.0
olmixq_t9_kl0p075_cap08,phase_1,dolmino_common_crawl_hq,294,0.1435546875
olmixq_t9_kl0p075_cap08,phase_1,dolmino_olmocr_pdfs_hq,55,0.02685546875
olmixq_t9_kl0p075_cap08,phase_1,dolmino_stack_edu_fim,176,0.0859375
olmixq_t9_kl0p075_cap08,phase_1,dolmino_stem_heavy_crawl,0,0.0
olmixq_t9_kl0p075_cap08,phase_1,dolmino_synth_code,2,0.0009765625
olmixq_t9_kl0p075_cap08,phase_1,dolmino_synth_instruction,0,0.0
olmixq_t9_kl0p075_cap08,phase_1,dolmino_synth_math,15,0.00732421875
olmixq_t9_kl0p075_cap08,phase_1,dolmino_synth_qa,266,0.1298828125
olmixq_t9_kl0p075_cap08,phase_1,dolmino_synth_thinking,73,0.03564453125
olmixq_t9_kl0p1_cap04,phase_0,dolma3_cc/art_and_design_high,21,0.01025390625
olmixq_t9_kl0p1_cap04,phase_0,dolma3_cc/art_and_design_low,11,0.00537109375
olmixq_t9_kl0p1_cap04,phase_0,dolma3_cc/crime_and_law_high,28,0.013671875
olmixq_t9_kl0p1_cap04,phase_0,dolma3_cc/crime_and_law_low,13,0.00634765625
olmixq_t9_kl0p1_cap04,phase_0,dolma3_cc/education_and_jobs_high,50,0.0244140625
olmixq_t9_kl0p1_cap04,phase_0,dolma3_cc/education_and_jobs_low,21,0.01025390625
olmixq_t9_kl0p1_cap04,phase_0,dolma3_cc/electronics_and_hardware_high,26,0.0126953125
olmixq_t9_kl0p1_cap04,phase_0,dolma3_cc/electronics_and_hardware_low,13,0.00634765625
olmixq_t9_kl0p1_cap04,phase_0,dolma3_cc/entertainment_high,108,0.052734375
olmixq_t9_kl0p1_cap04,phase_0,dolma3_cc/entertainment_low,42,0.0205078125
olmixq_t9_kl0p1_cap04,phase_0,dolma3_cc/finance_and_business_high,111,0.05419921875
olmixq_t9_kl0p1_cap04,phase_0,dolma3_cc/finance_and_business_low,49,0.02392578125
olmixq_t9_kl0p1_cap04,phase_0,dolma3_cc/food_and_dining_high,44,0.021484375
olmixq_t9_kl0p1_cap04,phase_0,dolma3_cc/food_and_dining_low,20,0.009765625
olmixq_t9_kl0p1_cap04,phase_0,dolma3_cc/games_high,58,0.0283203125
olmixq_t9_kl0p1_cap04,phase_0,dolma3_cc/games_low,18,0.0087890625
olmixq_t9_kl0p1_cap04,phase_0,dolma3_cc/health_high,104,0.05078125
olmixq_t9_kl0p1_cap04,phase_0,dolma3_cc/health_low,53,0.02587890625
olmixq_t9_kl0p1_cap04,phase_0,dolma3_cc/history_and_geography_high,30,0.0146484375
olmixq_t9_kl0p1_cap04,phase_0,dolma3_cc/history_and_geography_low,6,0.0029296875
olmixq_t9_kl0p1_cap04,phase_0,dolma3_cc/industrial_high,14,0.0068359375
olmixq_t9_kl0p1_cap04,phase_0,dolma3_cc/industrial_low,7,0.00341796875
olmixq_t9_kl0p1_cap04,phase_0,dolma3_cc/literature_high,107,0.05224609375
olmixq_t9_kl0p1_cap04,phase_0,dolma3_cc/literature_low,13,0.00634765625
olmixq_t9_kl0p1_cap04,phase_0,dolma3_cc/science_math_and_technology_high,61,0.02978515625
olmixq_t9_kl0p1_cap04,phase_0,dolma3_cc/science_math_and_technology_low,30,0.0146484375
olmixq_t9_kl0p1_cap04,phase_0,dolma3_stack_edu,136,0.06640625
olmixq_t9_kl0p1_cap04,phase_0,dolma3_arxiv,3,0.00146484375
olmixq_t9_kl0p1_cap04,phase_0,dolma3_finemath_3plus,11,0.00537109375
olmixq_t9_kl0p1_cap04,phase_0,dolma3_wikipedia,0,0.0
olmixq_t9_kl0p1_cap04,phase_0,dolmino_common_crawl_hq,310,0.1513671875
olmixq_t9_kl0p1_cap04,phase_0,dolmino_olmocr_pdfs_hq,57,0.02783203125
olmixq_t9_kl0p1_cap04,phase_0,dolmino_stack_edu_fim,163,0.07958984375
olmixq_t9_kl0p1_cap04,phase_0,dolmino_stem_heavy_crawl,0,0.0
olmixq_t9_kl0p1_cap04,phase_0,dolmino_synth_code,2,0.0009765625
olmixq_t9_kl0p1_cap04,phase_0,dolmino_synth_instruction,0,0.0
olmixq_t9_kl0p1_cap04,phase_0,dolmino_synth_math,18,0.0087890625
olmixq_t9_kl0p1_cap04,phase_0,dolmino_synth_qa,239,0.11669921875
olmixq_t9_kl0p1_cap04,phase_0,dolmino_synth_thinking,51,0.02490234375
olmixq_t9_kl0p1_cap04,phase_1,dolma3_cc/art_and_design_high,21,0.01025390625
olmixq_t9_kl0p1_cap04,phase_1,dolma3_cc/art_and_design_low,11,0.00537109375
olmixq_t9_kl0p1_cap04,phase_1,dolma3_cc/crime_and_law_high,28,0.013671875
olmixq_t9_kl0p1_cap04,phase_1,dolma3_cc/crime_and_law_low,13,0.00634765625
olmixq_t9_kl0p1_cap04,phase_1,dolma3_cc/education_and_jobs_high,50,0.0244140625
olmixq_t9_kl0p1_cap04,phase_1,dolma3_cc/education_and_jobs_low,21,0.01025390625
olmixq_t9_kl0p1_cap04,phase_1,dolma3_cc/electronics_and_hardware_high,26,0.0126953125
olmixq_t9_kl0p1_cap04,phase_1,dolma3_cc/electronics_and_hardware_low,13,0.00634765625
olmixq_t9_kl0p1_cap04,phase_1,dolma3_cc/entertainment_high,108,0.052734375
olmixq_t9_kl0p1_cap04,phase_1,dolma3_cc/entertainment_low,42,0.0205078125
olmixq_t9_kl0p1_cap04,phase_1,dolma3_cc/finance_and_business_high,111,0.05419921875
olmixq_t9_kl0p1_cap04,phase_1,dolma3_cc/finance_and_business_low,49,0.02392578125
olmixq_t9_kl0p1_cap04,phase_1,dolma3_cc/food_and_dining_high,44,0.021484375
olmixq_t9_kl0p1_cap04,phase_1,dolma3_cc/food_and_dining_low,20,0.009765625
olmixq_t9_kl0p1_cap04,phase_1,dolma3_cc/games_high,58,0.0283203125
olmixq_t9_kl0p1_cap04,phase_1,dolma3_cc/games_low,18,0.0087890625
olmixq_t9_kl0p1_cap04,phase_1,dolma3_cc/health_high,104,0.05078125
olmixq_t9_kl0p1_cap04,phase_1,dolma3_cc/health_low,53,0.02587890625
olmixq_t9_kl0p1_cap04,phase_1,dolma3_cc/history_and_geography_high,30,0.0146484375
olmixq_t9_kl0p1_cap04,phase_1,dolma3_cc/history_and_geography_low,6,0.0029296875
olmixq_t9_kl0p1_cap04,phase_1,dolma3_cc/industrial_high,14,0.0068359375
olmixq_t9_kl0p1_cap04,phase_1,dolma3_cc/industrial_low,7,0.00341796875
olmixq_t9_kl0p1_cap04,phase_1,dolma3_cc/literature_high,107,0.05224609375
olmixq_t9_kl0p1_cap04,phase_1,dolma3_cc/literature_low,13,0.00634765625
olmixq_t9_kl0p1_cap04,phase_1,dolma3_cc/science_math_and_technology_high,61,0.02978515625
olmixq_t9_kl0p1_cap04,phase_1,dolma3_cc/science_math_and_technology_low,30,0.0146484375
olmixq_t9_kl0p1_cap04,phase_1,dolma3_stack_edu,136,0.06640625
olmixq_t9_kl0p1_cap04,phase_1,dolma3_arxiv,3,0.00146484375
olmixq_t9_kl0p1_cap04,phase_1,dolma3_finemath_3plus,11,0.00537109375
olmixq_t9_kl0p1_cap04,phase_1,dolma3_wikipedia,0,0.0
olmixq_t9_kl0p1_cap04,phase_1,dolmino_common_crawl_hq,310,0.1513671875
olmixq_t9_kl0p1_cap04,phase_1,dolmino_olmocr_pdfs_hq,57,0.02783203125
olmixq_t9_kl0p1_cap04,phase_1,dolmino_stack_edu_fim,163,0.07958984375
olmixq_t9_kl0p1_cap04,phase_1,dolmino_stem_heavy_crawl,0,0.0
olmixq_t9_kl0p1_cap04,phase_1,dolmino_synth_code,2,0.0009765625
olmixq_t9_kl0p1_cap04,phase_1,dolmino_synth_instruction,0,0.0
olmixq_t9_kl0p1_cap04,phase_1,dolmino_synth_math,18,0.0087890625
olmixq_t9_kl0p1_cap04,phase_1,dolmino_synth_qa,239,0.11669921875
olmixq_t9_kl0p1_cap04,phase_1,dolmino_synth_thinking,51,0.02490234375
olmixq_t9_kl0p2_cap04,phase_0,dolma3_cc/art_and_design_high,25,0.01220703125
olmixq_t9_kl0p2_cap04,phase_0,dolma3_cc/art_and_design_low,12,0.005859375
olmixq_t9_kl0p2_cap04,phase_0,dolma3_cc/crime_and_law_high,34,0.0166015625
olmixq_t9_kl0p2_cap04,phase_0,dolma3_cc/crime_and_law_low,15,0.00732421875
olmixq_t9_kl0p2_cap04,phase_0,dolma3_cc/education_and_jobs_high,58,0.0283203125
olmixq_t9_kl0p2_cap04,phase_0,dolma3_cc/education_and_jobs_low,25,0.01220703125
olmixq_t9_kl0p2_cap04,phase_0,dolma3_cc/electronics_and_hardware_high,30,0.0146484375
olmixq_t9_kl0p2_cap04,phase_0,dolma3_cc/electronics_and_hardware_low,15,0.00732421875
olmixq_t9_kl0p2_cap04,phase_0,dolma3_cc/entertainment_high,112,0.0546875
olmixq_t9_kl0p2_cap04,phase_0,dolma3_cc/entertainment_low,43,0.02099609375
olmixq_t9_kl0p2_cap04,phase_0,dolma3_cc/finance_and_business_high,127,0.06201171875
olmixq_t9_kl0p2_cap04,phase_0,dolma3_cc/finance_and_business_low,58,0.0283203125
olmixq_t9_kl0p2_cap04,phase_0,dolma3_cc/food_and_dining_high,46,0.0224609375
olmixq_t9_kl0p2_cap04,phase_0,dolma3_cc/food_and_dining_low,22,0.0107421875
olmixq_t9_kl0p2_cap04,phase_0,dolma3_cc/games_high,61,0.02978515625
olmixq_t9_kl0p2_cap04,phase_0,dolma3_cc/games_low,20,0.009765625
olmixq_t9_kl0p2_cap04,phase_0,dolma3_cc/health_high,108,0.052734375
olmixq_t9_kl0p2_cap04,phase_0,dolma3_cc/health_low,53,0.02587890625
olmixq_t9_kl0p2_cap04,phase_0,dolma3_cc/history_and_geography_high,33,0.01611328125
olmixq_t9_kl0p2_cap04,phase_0,dolma3_cc/history_and_geography_low,7,0.00341796875
olmixq_t9_kl0p2_cap04,phase_0,dolma3_cc/industrial_high,18,0.0087890625
olmixq_t9_kl0p2_cap04,phase_0,dolma3_cc/industrial_low,9,0.00439453125
olmixq_t9_kl0p2_cap04,phase_0,dolma3_cc/literature_high,92,0.044921875
olmixq_t9_kl0p2_cap04,phase_0,dolma3_cc/literature_low,15,0.00732421875
olmixq_t9_kl0p2_cap04,phase_0,dolma3_cc/science_math_and_technology_high,63,0.03076171875
olmixq_t9_kl0p2_cap04,phase_0,dolma3_cc/science_math_and_technology_low,31,0.01513671875
olmixq_t9_kl0p2_cap04,phase_0,dolma3_stack_edu,116,0.056640625
olmixq_t9_kl0p2_cap04,phase_0,dolma3_arxiv,4,0.001953125
olmixq_t9_kl0p2_cap04,phase_0,dolma3_finemath_3plus,11,0.00537109375
olmixq_t9_kl0p2_cap04,phase_0,dolma3_wikipedia,0,0.0
olmixq_t9_kl0p2_cap04,phase_0,dolmino_common_crawl_hq,340,0.166015625
olmixq_t9_kl0p2_cap04,phase_0,dolmino_olmocr_pdfs_hq,58,0.0283203125
olmixq_t9_kl0p2_cap04,phase_0,dolmino_stack_edu_fim,129,0.06298828125
olmixq_t9_kl0p2_cap04,phase_0,dolmino_stem_heavy_crawl,0,0.0
olmixq_t9_kl0p2_cap04,phase_0,dolmino_synth_code,3,0.00146484375
olmixq_t9_kl0p2_cap04,phase_0,dolmino_synth_instruction,1,0.00048828125
olmixq_t9_kl0p2_cap04,phase_0,dolmino_synth_math,13,0.00634765625
olmixq_t9_kl0p2_cap04,phase_0,dolmino_synth_qa,196,0.095703125
olmixq_t9_kl0p2_cap04,phase_0,dolmino_synth_thinking,45,0.02197265625
olmixq_t9_kl0p2_cap04,phase_1,dolma3_cc/art_and_design_high,25,0.01220703125
olmixq_t9_kl0p2_cap04,phase_1,dolma3_cc/art_and_design_low,12,0.005859375
olmixq_t9_kl0p2_cap04,phase_1,dolma3_cc/crime_and_law_high,34,0.0166015625
olmixq_t9_kl0p2_cap04,phase_1,dolma3_cc/crime_and_law_low,15,0.00732421875
olmixq_t9_kl0p2_cap04,phase_1,dolma3_cc/education_and_jobs_high,58,0.0283203125
olmixq_t9_kl0p2_cap04,phase_1,dolma3_cc/education_and_jobs_low,25,0.01220703125
olmixq_t9_kl0p2_cap04,phase_1,dolma3_cc/electronics_and_hardware_high,30,0.0146484375
olmixq_t9_kl0p2_cap04,phase_1,dolma3_cc/electronics_and_hardware_low,15,0.00732421875
olmixq_t9_kl0p2_cap04,phase_1,dolma3_cc/entertainment_high,112,0.0546875
olmixq_t9_kl0p2_cap04,phase_1,dolma3_cc/entertainment_low,43,0.02099609375
olmixq_t9_kl0p2_cap04,phase_1,dolma3_cc/finance_and_business_high,127,0.06201171875
olmixq_t9_kl0p2_cap04,phase_1,dolma3_cc/finance_and_business_low,58,0.0283203125
olmixq_t9_kl0p2_cap04,phase_1,dolma3_cc/food_and_dining_high,46,0.0224609375
olmixq_t9_kl0p2_cap04,phase_1,dolma3_cc/food_and_dining_low,22,0.0107421875
olmixq_t9_kl0p2_cap04,phase_1,dolma3_cc/games_high,61,0.02978515625
olmixq_t9_kl0p2_cap04,phase_1,dolma3_cc/games_low,20,0.009765625
olmixq_t9_kl0p2_cap04,phase_1,dolma3_cc/health_high,108,0.052734375
olmixq_t9_kl0p2_cap04,phase_1,dolma3_cc/health_low,53,0.02587890625
olmixq_t9_kl0p2_cap04,phase_1,dolma3_cc/history_and_geography_high,33,0.01611328125
olmixq_t9_kl0p2_cap04,phase_1,dolma3_cc/history_and_geography_low,7,0.00341796875
olmixq_t9_kl0p2_cap04,phase_1,dolma3_cc/industrial_high,18,0.0087890625
olmixq_t9_kl0p2_cap04,phase_1,dolma3_cc/industrial_low,9,0.00439453125
olmixq_t9_kl0p2_cap04,phase_1,dolma3_cc/literature_high,92,0.044921875
olmixq_t9_kl0p2_cap04,phase_1,dolma3_cc/literature_low,15,0.00732421875
olmixq_t9_kl0p2_cap04,phase_1,dolma3_cc/science_math_and_technology_high,63,0.03076171875
olmixq_t9_kl0p2_cap04,phase_1,dolma3_cc/science_math_and_technology_low,31,0.01513671875
olmixq_t9_kl0p2_cap04,phase_1,dolma3_stack_edu,116,0.056640625
olmixq_t9_kl0p2_cap04,phase_1,dolma3_arxiv,4,0.001953125
olmixq_t9_kl0p2_cap04,phase_1,dolma3_finemath_3plus,11,0.00537109375
olmixq_t9_kl0p2_cap04,phase_1,dolma3_wikipedia,0,0.0
olmixq_t9_kl0p2_cap04,phase_1,dolmino_common_crawl_hq,340,0.166015625
olmixq_t9_kl0p2_cap04,phase_1,dolmino_olmocr_pdfs_hq,58,0.0283203125
olmixq_t9_kl0p2_cap04,phase_1,dolmino_stack_edu_fim,129,0.06298828125
olmixq_t9_kl0p2_cap04,phase_1,dolmino_stem_heavy_crawl,0,0.0
olmixq_t9_kl0p2_cap04,phase_1,dolmino_synth_code,3,0.00146484375
olmixq_t9_kl0p2_cap04,phase_1,dolmino_synth_instruction,1,0.00048828125
olmixq_t9_kl0p2_cap04,phase_1,dolmino_synth_math,13,0.00634765625
olmixq_t9_kl0p2_cap04,phase_1,dolmino_synth_qa,196,0.095703125
olmixq_t9_kl0p2_cap04,phase_1,dolmino_synth_thinking,45,0.02197265625
olmixq_t9_kl0p5_cap04,phase_0,dolma3_cc/art_and_design_high,28,0.013671875
olmixq_t9_kl0p5_cap04,phase_0,dolma3_cc/art_and_design_low,13,0.00634765625
olmixq_t9_kl0p5_cap04,phase_0,dolma3_cc/crime_and_law_high,39,0.01904296875
olmixq_t9_kl0p5_cap04,phase_0,dolma3_cc/crime_and_law_low,18,0.0087890625
olmixq_t9_kl0p5_cap04,phase_0,dolma3_cc/education_and_jobs_high,65,0.03173828125
olmixq_t9_kl0p5_cap04,phase_0,dolma3_cc/education_and_jobs_low,30,0.0146484375
olmixq_t9_kl0p5_cap04,phase_0,dolma3_cc/electronics_and_hardware_high,34,0.0166015625
olmixq_t9_kl0p5_cap04,phase_0,dolma3_cc/electronics_and_hardware_low,17,0.00830078125
olmixq_t9_kl0p5_cap04,phase_0,dolma3_cc/entertainment_high,116,0.056640625
olmixq_t9_kl0p5_cap04,phase_0,dolma3_cc/entertainment_low,44,0.021484375
olmixq_t9_kl0p5_cap04,phase_0,dolma3_cc/finance_and_business_high,141,0.06884765625
olmixq_t9_kl0p5_cap04,phase_0,dolma3_cc/finance_and_business_low,66,0.0322265625
olmixq_t9_kl0p5_cap04,phase_0,dolma3_cc/food_and_dining_high,48,0.0234375
olmixq_t9_kl0p5_cap04,phase_0,dolma3_cc/food_and_dining_low,23,0.01123046875
olmixq_t9_kl0p5_cap04,phase_0,dolma3_cc/games_high,64,0.03125
olmixq_t9_kl0p5_cap04,phase_0,dolma3_cc/games_low,22,0.0107421875
olmixq_t9_kl0p5_cap04,phase_0,dolma3_cc/health_high,113,0.05517578125
olmixq_t9_kl0p5_cap04,phase_0,dolma3_cc/health_low,54,0.0263671875
olmixq_t9_kl0p5_cap04,phase_0,dolma3_cc/history_and_geography_high,36,0.017578125
olmixq_t9_kl0p5_cap04,phase_0,dolma3_cc/history_and_geography_low,9,0.00439453125
olmixq_t9_kl0p5_cap04,phase_0,dolma3_cc/industrial_high,20,0.009765625
olmixq_t9_kl0p5_cap04,phase_0,dolma3_cc/industrial_low,10,0.0048828125
olmixq_t9_kl0p5_cap04,phase_0,dolma3_cc/literature_high,83,0.04052734375
olmixq_t9_kl0p5_cap04,phase_0,dolma3_cc/literature_low,17,0.00830078125
olmixq_t9_kl0p5_cap04,phase_0,dolma3_cc/science_math_and_technology_high,66,0.0322265625
olmixq_t9_kl0p5_cap04,phase_0,dolma3_cc/science_math_and_technology_low,32,0.015625
olmixq_t9_kl0p5_cap04,phase_0,dolma3_stack_edu,90,0.0439453125
olmixq_t9_kl0p5_cap04,phase_0,dolma3_arxiv,6,0.0029296875
olmixq_t9_kl0p5_cap04,phase_0,dolma3_finemath_3plus,11,0.00537109375
olmixq_t9_kl0p5_cap04,phase_0,dolma3_wikipedia,0,0.0
olmixq_t9_kl0p5_cap04,phase_0,dolmino_common_crawl_hq,365,0.17822265625
olmixq_t9_kl0p5_cap04,phase_0,dolmino_olmocr_pdfs_hq,59,0.02880859375
olmixq_t9_kl0p5_cap04,phase_0,dolmino_stack_edu_fim,96,0.046875
olmixq_t9_kl0p5_cap04,phase_0,dolmino_stem_heavy_crawl,1,0.00048828125
olmixq_t9_kl0p5_cap04,phase_0,dolmino_synth_code,4,0.001953125
olmixq_t9_kl0p5_cap04,phase_0,dolmino_synth_instruction,2,0.0009765625
olmixq_t9_kl0p5_cap04,phase_0,dolmino_synth_math,10,0.0048828125
olmixq_t9_kl0p5_cap04,phase_0,dolmino_synth_qa,168,0.08203125
olmixq_t9_kl0p5_cap04,phase_0,dolmino_synth_thinking,28,0.013671875
olmixq_t9_kl0p5_cap04,phase_1,dolma3_cc/art_and_design_high,28,0.013671875
olmixq_t9_kl0p5_cap04,phase_1,dolma3_cc/art_and_design_low,13,0.00634765625
olmixq_t9_kl0p5_cap04,phase_1,dolma3_cc/crime_and_law_high,39,0.01904296875
olmixq_t9_kl0p5_cap04,phase_1,dolma3_cc/crime_and_law_low,18,0.0087890625
olmixq_t9_kl0p5_cap04,phase_1,dolma3_cc/education_and_jobs_high,65,0.03173828125
olmixq_t9_kl0p5_cap04,phase_1,dolma3_cc/education_and_jobs_low,30,0.0146484375
olmixq_t9_kl0p5_cap04,phase_1,dolma3_cc/electronics_and_hardware_high,34,0.0166015625
olmixq_t9_kl0p5_cap04,phase_1,dolma3_cc/electronics_and_hardware_low,17,0.00830078125
olmixq_t9_kl0p5_cap04,phase_1,dolma3_cc/entertainment_high,116,0.056640625
olmixq_t9_kl0p5_cap04,phase_1,dolma3_cc/entertainment_low,44,0.021484375
olmixq_t9_kl0p5_cap04,phase_1,dolma3_cc/finance_and_business_high,141,0.06884765625
olmixq_t9_kl0p5_cap04,phase_1,dolma3_cc/finance_and_business_low,66,0.0322265625
olmixq_t9_kl0p5_cap04,phase_1,dolma3_cc/food_and_dining_high,48,0.0234375
olmixq_t9_kl0p5_cap04,phase_1,dolma3_cc/food_and_dining_low,23,0.01123046875
olmixq_t9_kl0p5_cap04,phase_1,dolma3_cc/games_high,64,0.03125
olmixq_t9_kl0p5_cap04,phase_1,dolma3_cc/games_low,22,0.0107421875
olmixq_t9_kl0p5_cap04,phase_1,dolma3_cc/health_high,113,0.05517578125
olmixq_t9_kl0p5_cap04,phase_1,dolma3_cc/health_low,54,0.0263671875
olmixq_t9_kl0p5_cap04,phase_1,dolma3_cc/history_and_geography_high,36,0.017578125
olmixq_t9_kl0p5_cap04,phase_1,dolma3_cc/history_and_geography_low,9,0.00439453125
olmixq_t9_kl0p5_cap04,phase_1,dolma3_cc/industrial_high,20,0.009765625
olmixq_t9_kl0p5_cap04,phase_1,dolma3_cc/industrial_low,10,0.0048828125
olmixq_t9_kl0p5_cap04,phase_1,dolma3_cc/literature_high,83,0.04052734375
olmixq_t9_kl0p5_cap04,phase_1,dolma3_cc/literature_low,17,0.00830078125
olmixq_t9_kl0p5_cap04,phase_1,dolma3_cc/science_math_and_technology_high,66,0.0322265625
olmixq_t9_kl0p5_cap04,phase_1,dolma3_cc/science_math_and_technology_low,32,0.015625
olmixq_t9_kl0p5_cap04,phase_1,dolma3_stack_edu,90,0.0439453125
olmixq_t9_kl0p5_cap04,phase_1,dolma3_arxiv,6,0.0029296875
olmixq_t9_kl0p5_cap04,phase_1,dolma3_finemath_3plus,11,0.00537109375
olmixq_t9_kl0p5_cap04,phase_1,dolma3_wikipedia,0,0.0
olmixq_t9_kl0p5_cap04,phase_1,dolmino_common_crawl_hq,365,0.17822265625
olmixq_t9_kl0p5_cap04,phase_1,dolmino_olmocr_pdfs_hq,59,0.02880859375
olmixq_t9_kl0p5_cap04,phase_1,dolmino_stack_edu_fim,96,0.046875
olmixq_t9_kl0p5_cap04,phase_1,dolmino_stem_heavy_crawl,1,0.00048828125
olmixq_t9_kl0p5_cap04,phase_1,dolmino_synth_code,4,0.001953125
olmixq_t9_kl0p5_cap04,phase_1,dolmino_synth_instruction,2,0.0009765625
olmixq_t9_kl0p5_cap04,phase_1,dolmino_synth_math,10,0.0048828125
olmixq_t9_kl0p5_cap04,phase_1,dolmino_synth_qa,168,0.08203125
olmixq_t9_kl0p5_cap04,phase_1,dolmino_synth_thinking,28,0.013671875
