{
  "beta1": 0.9770133217479398,
  "beta2": 0.98,
  "epsilon": 9.999999998901484e-11,
  "learning_rate": 0.004398214880187545,
  "max_grad_norm": 1.0,
  "min_lr_ratio": 0.0,
  "train_batch_size": 178.71461714076577,
  "warmup": 4521.945096088573,
  "weight_decay": 0.1
}
