{
  "beta1": 0.9,
  "beta2": 0.98,
  "epsilon": 8.101041625966858e-11,
  "learning_rate": 0.00290361523752658,
  "max_grad_norm": 1.3216856553521268,
  "min_lr_ratio": 0.0,
  "train_batch_size": 263.3135917668793,
  "warmup": 1045.4376023758668,
  "weight_decay": 0.1900557961706113
}