{
  "benefit_coef": [
    32.77675207106919,
    0.06941299742029451,
    0.3232634176581566,
    0.7167759270565169,
    0.27831465645377435,
    0.6151220122366247,
    0.06672713355405176,
    0.005365550125253779,
    0.10472291196805403,
    0.2056081490806238,
    0.28932869800149974,
    0.20966462924980073,
    0.14921371897076385,
    0.46790657023348314,
    0.04190811701145198,
    0.18710596821419725,
    0.00986796315535101,
    0.24736230131776402,
    0.12161081568978827,
    2.495079142609794,
    0.020249213795564547,
    5.944864007647148,
    0.0574604950799149,
    1.4141340289548145,
    2.059380506604627,
    0.779591723843449,
    0.22335580901925875,
    0.040300831027677494,
    0.289351195706872,
    0.0,
    0.11702091196817908,
    0.06401139850651792,
    8.909873973159302,
    0.0014188758872244098,
    0.10050758848029853,
    0.08336439610313558,
    0.3385269500073791,
    0.8638877637236813,
    0.01384809836381747
  ],
  "intercept": -1.7578287507542512,
  "params": {
    "gamma": 39.796570860136576,
    "r1": [
      100.00000000000004,
      13.241596992405745,
      87.25279948969646,
      25.152614907914533,
      12.482188597946216,
      9.420535971507592,
      1.7919432429557103,
      3.43571981069955,
      22.261140394634182,
      6.035241709794322,
      14.398921575773048,
      1.9707147476129185,
      7.1895157418553906,
      7.67669691882073,
      5.919117751661025,
      4.796795435680237,
      3.1390552380240524,
      3.5356597136337466,
      0.667737251743806,
      20.884216463557802,
      1.2722401613670973,
      14.128197484955919,
      14.29128137951727,
      0.7276407484930895,
      6.96933327690135,
      8.690089673975429,
      1.9443661196683268,
      1.71807523914229,
      39.80184168649126,
      0.26395414722958355,
      2.831707306794307,
      2.8836409905612,
      100.00000000000004,
      1.8851941053991619,
      8.33510947723007,
      42.70999023804412,
      100.00000000000004,
      8.418476846481092,
      7.623798610709599
    ],
    "rho": [
      0.00010000000000000009,
      0.17909131363127395,
      0.011333700234283723,
      0.018347007901445056,
      0.02527886228139097,
      0.03935310859485005,
      0.1256794036577592,
      1.9995931521491785,
      0.04138874028628757,
      0.2038296777280377,
      0.033735464653203776,
      0.2337536143960197,
      0.10558119356963092,
      0.031527083829217345,
      0.19717910888955267,
      0.09263531087190881,
      1.5127361486351827,
      0.14605078281362432,
      0.12319012340692168,
      0.0053544743869852725,
      0.3256102682631342,
      0.0009382651182239996,
      0.04741379335459656,
      0.025263367597775605,
      0.002938698654076907,
      0.03642484655234876,
      0.06440276499938087,
      0.12085623905479531,
      0.06051376485847053,
      0.013039279167504324,
      1.2850534354423953,
      0.5667112446289811,
      0.0018106549038331764,
      0.03308938003503485,
      0.04854851149545944,
      0.021954777506319977,
      0.005638079780364384,
      0.06687768074323774,
      0.14399727012258812
    ],
    "tau": [
      4.48202097668258,
      -0.1598614498970942,
      1.9907064991768324,
      3.250888478416225,
      1.515191709703481,
      -2.0,
      -0.11080992123532611,
      -0.22180860392166962,
      3.332310407770785,
      -1.9794361706193528,
      1.196885323717719,
      -1.8904518120389684,
      -2.0,
      -0.5997699421833768,
      -1.6561232148860132,
      0.7692175795669235,
      1.129713816401174,
      -0.0487759281540639,
      0.03494016688421222,
      1.596807568606514,
      2.692067792475223,
      4.5557433738550275,
      -1.2017194474147492,
      3.273653271610162,
      0.9269320966585484,
      -1.839841209341778,
      1.491979171736442,
      4.969075988837419,
      0.8636463156204317,
      5.471576500893868,
      -0.9523829709354054,
      0.272903695857824,
      3.1152407956798847,
      8.0,
      5.574842874853654,
      3.2930025765817734,
      0.997938471156591,
      -0.14991027865191742,
      5.388406437932442
    ]
  },
  "penalty_coef": [
    5.743003088734112,
    0.06562885999284448,
    0.36456412513301983,
    8.129663789136417,
    0.2538299186880778,
    0.07524624314599974,
    0.08702514842656943,
    0.10818505885416162,
    3.4462215585610267,
    0.06433804080201584,
    0.3734215765841765,
    0.11301872091010202,
    0.062421195639883915,
    0.08801563597565419,
    0.04017050173628727,
    0.32966047637980433,
    0.18868941845581716,
    0.30709673964833367,
    0.14368459937933878,
    0.5011813305742823,
    0.23566844425631991,
    58.02318978016886,
    0.022791994184795262,
    30.703803916687754,
    0.11031742157646485,
    0.06066684130999552,
    0.33802640112701293,
    13.795452689726972,
    0.25381668673041025,
    2.326743186374339,
    0.214530456216055,
    0.1342581504426276,
    6.2873453865077265,
    318.0816302392116,
    15.185022054868371,
    0.5179196451115411,
    0.05114917346572287,
    0.34204180515246496,
    60.40461277766253
  ],
  "variant": {
    "description": "Apple-style repetition-aware DSP: per-domain r1 discounts physical repetition for saturation; phase-1 only changes benefit amplitude and penalty uses raw physical exposure.",
    "linear_mode": "nnls",
    "name": "dsp_apple_repetition_per_domain_r1_phase_benefit_penalty_nnls",
    "penalty_mode": "log_softplus_squared",
    "phase_mode": "benefit_gain",
    "repetition_mode": "apple_per_domain_r1",
    "retention_mode": "none"
  }
}
