{
  "beta1": 0.9,
  "beta2": 0.98,
  "epsilon": 9.868953309053456e-11,
  "learning_rate": 0.003008201045224368,
  "max_grad_norm": 1.6874884707688125,
  "min_lr_ratio": 0.0,
  "train_batch_size": 307.75557466629266,
  "warmup": 855.9919619464781,
  "weight_decay": 0.16614110361348366
}
