{
  "variant": "dsp_phase_benefit_exp_retention_penalty_nnls",
  "params": {
    "rho": [
      0.05972891163419821,
      0.11575215976654107,
      0.10233239835397566,
      0.1185066287755036,
      0.11264370934116225,
      0.11852735270474957,
      0.1259748351339099,
      0.12093791421475114,
      0.11723423500238565,
      0.11447788458490561,
      0.12030508201304509,
      0.1482645449671074,
      0.1254054682724214,
      0.13772616708821994,
      0.11742452437197189,
      0.12220950692448594,
      0.12468724595882019,
      0.10645948797069298,
      0.12441427164694695,
      0.13565269628580082,
      0.07046808803803992,
      0.14857892313051524,
      0.08133383211121294,
      0.1372885386536573,
      0.11911138940552675,
      0.10438710899352611,
      0.1377737923132468,
      0.0718022029688693,
      0.06106186508009691,
      0.0029101601283828484,
      0.1250880947884813,
      0.09518496009683641,
      0.1759008983652633,
      0.005664634823577892,
      0.06388667895193136,
      0.040926642588356266,
      0.03889651538423297,
      0.13802004928835768,
      0.07914153784609908
    ],
    "tau": [
      1.4855962600305437,
      0.09945286171673096,
      0.8910210818084664,
      -0.21917800850578328,
      0.46400160451637956,
      -0.3989917688562969,
      0.22024118893455388,
      0.09370381424356693,
      0.5962614021705375,
      -0.6278796503896883,
      -0.006445248328682196,
      -0.22316246713813787,
      -0.298737904698365,
      0.08052793417388415,
      0.47193214325131255,
      -0.2408259229568351,
      0.44341257795174577,
      -0.9910279940445699,
      -0.13362445523656336,
      0.18965555345644433,
      1.0923886929704234,
      0.6098488162836109,
      1.0102597128260788,
      -0.08396489747299138,
      0.5261229026636394,
      -0.5997029879830179,
      0.26849734020395205,
      1.2469360616675984,
      0.03244322531391931,
      3.9025560071470453,
      -0.8602564859777275,
      -0.7459819360905127,
      0.5903486972092613,
      3.2404505013667184,
      2.1405067705910055,
      2.011975561845344,
      1.5612071930331626,
      -0.5900173443017056,
      0.9949591794879454
    ],
    "gamma": 0.02034428682340195,
    "lam": 1.539020304055246
  },
  "intercept": -2.349618972279287,
  "benefit_coef": [
    0.20595739439677277,
    0.23132173648182802,
    0.03252742169729914,
    0.896830037169636,
    0.1511099450528218,
    0.20530813032546313,
    0.07845392118975543,
    0.10324241569002059,
    0.037716756962745006,
    0.331879870575859,
    0.09834464253084103,
    4.437589892764161,
    0.1970907447975081,
    0.0978218427481318,
    0.054143605711441195,
    0.16449897830246077,
    0.03669163158286383,
    7.032049157269971,
    0.12582456375736373,
    0.35083025262473894,
    0.03879026123912306,
    0.18557390063510182,
    0.09280261770033728,
    1.1413785571361732,
    0.06015303161149672,
    4.374547335227701,
    0.4916161731705747,
    0.06142175412459581,
    11.047124654130206,
    0.019215216409114978,
    1.0471538609911766,
    3.059220764704756,
    0.7997910404459534,
    0.0,
    0.2099685340986807,
    0.12435522027455297,
    0.13891238457096408,
    13.466698235683136,
    0.03365826737739801
  ],
  "penalty_coef": [
    0.04818277582271053,
    0.02444769359775444,
    0.0,
    0.09405316455219384,
    0.018399751312808105,
    0.0,
    0.0,
    0.0,
    0.0,
    0.0,
    0.0,
    0.6527802800246191,
    0.0,
    0.0,
    0.0,
    0.0,
    0.0,
    0.3815461506131489,
    0.0,
    0.05169180055924337,
    0.0,
    0.0448432749398479,
    0.015473300525681995,
    0.1455296869887049,
    0.0,
    0.31704967568894604,
    0.0896824145166027,
    0.005850418330825599,
    0.8714515319317151,
    0.0,
    0.0,
    0.17316608451112253,
    0.23630239122299018,
    0.0029287419626850488,
    0.13481247217391984,
    0.048598296605265934,
    0.017590953513009825,
    1.3440001337375764,
    0.0
  ],
  "metrics": {
    "variant": "dsp_phase_benefit_exp_retention_penalty_nnls",
    "description": "Canonical DSP plus original GRP-style exponential phase-0 retention.",
    "phase_mode": "benefit_gain",
    "retention_mode": "exp_phase0",
    "penalty_mode": "log_softplus_squared",
    "linear_mode": "nnls",
    "m_dependent_params_per_domain": 4,
    "total_param_count": 159,
    "fitted_gamma": 0.02034428682340195,
    "fitted_gamma_benefit": 0.02034428682340195,
    "fitted_gamma_saturation": 1.0,
    "fitted_gamma_penalty": 1.0,
    "fitted_lam": 1.539020304055246,
    "train_rmse": 0.006280234430727867,
    "train_spearman": 0.9343508431902748,
    "train_pearson": 0.9454654434173768,
    "cv_rmse": 0.009182392172289043,
    "cv_mae": 0.007215963116819723,
    "oof_spearman": 0.8724416722656382,
    "oof_pearson": 0.8829601893727455,
    "cv_foldmean_regret_at_1": 0.005413818359375044,
    "cv_regret_at_1": 0.0,
    "lower_tail_optimism": 0.005000807783556082,
    "raw_predicted_optimum_value": 0.7417742878274254,
    "raw_nearest_observed_tv": 0.7607452034888633,
    "raw_nearest_observed_run_name": "run_00200",
    "raw_nearest_observed_value": 1.0687605142593384,
    "raw_phase0_support_gt_1e3": 6,
    "raw_phase1_support_gt_1e3": 2,
    "phase0_max_weight": 0.5270225049271652,
    "phase1_max_weight": 0.5232417312286812,
    "optimum_success": true,
    "optimum_message": "CONVERGENCE: NORM OF PROJECTED GRADIENT <= PGTOL"
  }
}
