method,target,population,repeat,fold,row_id,prediction,uncertainty
weibull_softplus_unscaled,uncheatable,panel_oof,0,0,7,1.0848759312303593,
weibull_softplus_unscaled,uncheatable,panel_oof,0,0,8,1.1315901874948637,
weibull_softplus_unscaled,uncheatable,panel_oof,0,0,25,1.088864065268703,
weibull_softplus_unscaled,uncheatable,panel_oof,0,0,35,1.075813047662951,
weibull_softplus_unscaled,uncheatable,panel_oof,0,0,51,1.0712223662007538,
weibull_softplus_unscaled,uncheatable,panel_oof,0,0,56,1.040007856256199,
weibull_softplus_unscaled,uncheatable,panel_oof,0,0,69,1.0856492885851354,
weibull_softplus_unscaled,uncheatable,panel_oof,0,0,81,1.0341727134874568,
weibull_softplus_unscaled,uncheatable,panel_oof,0,0,86,1.082758890453455,
weibull_softplus_unscaled,uncheatable,panel_oof,0,0,99,1.0752362100861204,
weibull_softplus_unscaled,uncheatable,panel_oof,0,0,100,1.087910590942662,
weibull_softplus_unscaled,uncheatable,panel_oof,0,0,106,1.1027808336210119,
weibull_softplus_unscaled,uncheatable,panel_oof,0,0,107,1.1180072671118202,
weibull_softplus_unscaled,uncheatable,panel_oof,0,0,126,1.066318298386162,
weibull_softplus_unscaled,uncheatable,panel_oof,0,0,136,1.1061929491666622,
weibull_softplus_unscaled,uncheatable,panel_oof,0,0,137,1.0615192945502478,
weibull_softplus_unscaled,uncheatable,panel_oof,0,0,140,1.0761997997104187,
weibull_softplus_unscaled,uncheatable,panel_oof,0,0,141,1.0673255061908389,
weibull_softplus_unscaled,uncheatable,panel_oof,0,0,142,1.0742040350569546,
weibull_softplus_unscaled,uncheatable,panel_oof,0,0,145,1.065715708452389,
weibull_softplus_unscaled,uncheatable,panel_oof,0,0,147,1.0792185871341422,
weibull_softplus_unscaled,uncheatable,panel_oof,0,0,163,1.0708522605282624,
weibull_softplus_unscaled,uncheatable,panel_oof,0,0,165,1.068292213451647,
weibull_softplus_unscaled,uncheatable,panel_oof,0,0,169,1.1058476260438903,
weibull_softplus_unscaled,uncheatable,panel_oof,0,0,171,1.0929773903580968,
weibull_softplus_unscaled,uncheatable,panel_oof,0,0,187,1.1112768008233016,
weibull_softplus_unscaled,uncheatable,panel_oof,0,0,188,1.0770444630639473,
weibull_softplus_unscaled,uncheatable,panel_oof,0,0,191,1.054582081705048,
weibull_softplus_unscaled,uncheatable,panel_oof,0,0,195,1.0600879944164523,
weibull_softplus_unscaled,uncheatable,panel_oof,0,0,197,1.0746340115170816,
weibull_softplus_unscaled,uncheatable,panel_oof,0,0,200,1.0332368689998788,
weibull_softplus_unscaled,uncheatable,panel_oof,0,0,208,1.084124811131467,
weibull_softplus_unscaled,uncheatable,panel_oof,0,0,209,1.0584052766848902,
weibull_softplus_unscaled,uncheatable,panel_oof,0,0,210,1.098502526157644,
weibull_softplus_unscaled,uncheatable,panel_oof,0,0,217,1.0785110413306733,
weibull_softplus_unscaled,uncheatable,panel_oof,0,0,219,1.0863226969291113,
weibull_softplus_unscaled,uncheatable,panel_oof,0,0,220,1.0623704211558205,
weibull_softplus_unscaled,uncheatable,panel_oof,0,0,223,1.0469615584859653,
weibull_softplus_unscaled,uncheatable,panel_oof,0,0,233,1.056287796626992,
weibull_softplus_unscaled,uncheatable,panel_oof,0,0,237,1.0763377886037708,
weibull_softplus_unscaled,uncheatable,panel_oof,0,1,0,1.0238549430083796,
weibull_softplus_unscaled,uncheatable,panel_oof,0,1,1,1.01142450757369,
weibull_softplus_unscaled,uncheatable,panel_oof,0,1,241,1.0240702359400866,
weibull_softplus_unscaled,uncheatable,panel_oof,0,1,242,1.0236834308077323,
weibull_softplus_unscaled,uncheatable,panel_oof,0,1,243,1.0246531562980996,
weibull_softplus_unscaled,uncheatable,panel_oof,0,1,244,1.0261655900146018,
weibull_softplus_unscaled,uncheatable,panel_oof,0,1,245,1.0228574542258175,
weibull_softplus_unscaled,uncheatable,panel_oof,0,1,246,1.0218691651087852,
weibull_softplus_unscaled,uncheatable,panel_oof,0,1,247,1.0241705813415152,
weibull_softplus_unscaled,uncheatable,panel_oof,0,1,248,1.0229751701950334,
weibull_softplus_unscaled,uncheatable,panel_oof,0,1,249,1.0217610917779738,
weibull_softplus_unscaled,uncheatable,panel_oof,0,1,250,1.0223294928068485,
weibull_softplus_unscaled,uncheatable,panel_oof,0,1,251,1.0172468607894218,
weibull_softplus_unscaled,uncheatable,panel_oof,0,1,252,1.0228811055280609,
weibull_softplus_unscaled,uncheatable,panel_oof,0,1,253,1.0230244597225537,
weibull_softplus_unscaled,uncheatable,panel_oof,0,1,254,1.02288612690767,
weibull_softplus_unscaled,uncheatable,panel_oof,0,1,255,1.0242177508306805,
weibull_softplus_unscaled,uncheatable,panel_oof,0,1,256,1.0243194024593691,
weibull_softplus_unscaled,uncheatable,panel_oof,0,1,257,1.0177009547163522,
weibull_softplus_unscaled,uncheatable,panel_oof,0,1,258,1.0216087799530562,
weibull_softplus_unscaled,uncheatable,panel_oof,0,1,259,1.0265307229084442,
weibull_softplus_unscaled,uncheatable,panel_oof,0,1,260,1.0257902085685922,
weibull_softplus_unscaled,uncheatable,panel_oof,0,1,261,1.0242519030312929,
weibull_softplus_unscaled,uncheatable,panel_oof,0,1,262,1.0268115029737586,
weibull_softplus_unscaled,uncheatable,panel_oof,0,1,263,1.0293852938748607,
weibull_softplus_unscaled,uncheatable,panel_oof,0,1,264,1.0255727039914035,
weibull_softplus_unscaled,uncheatable,panel_oof,0,1,265,1.0263849632871762,
weibull_softplus_unscaled,uncheatable,panel_oof,0,1,266,1.0269270568330038,
weibull_softplus_unscaled,uncheatable,panel_oof,0,1,267,1.0508920090041078,
weibull_softplus_unscaled,uncheatable,panel_oof,0,1,268,1.0261328004732309,
weibull_softplus_unscaled,uncheatable,panel_oof,0,1,269,1.0273278833565573,
weibull_softplus_unscaled,uncheatable,panel_oof,0,1,270,1.0247598864122947,
weibull_softplus_unscaled,uncheatable,panel_oof,0,1,271,1.021908490002204,
weibull_softplus_unscaled,uncheatable,panel_oof,0,1,272,1.0268049155504673,
weibull_softplus_unscaled,uncheatable,panel_oof,0,1,273,1.0474771380740262,
weibull_softplus_unscaled,uncheatable,panel_oof,0,1,274,1.0278120631155503,
weibull_softplus_unscaled,uncheatable,panel_oof,0,1,275,1.0382303079397226,
weibull_softplus_unscaled,uncheatable,panel_oof,0,1,276,1.028617300814409,
weibull_softplus_unscaled,uncheatable,panel_oof,0,1,277,1.0273785393797508,
weibull_softplus_unscaled,uncheatable,panel_oof,0,1,278,1.0299233509557157,
weibull_softplus_unscaled,uncheatable,panel_oof,0,1,279,1.0239549556978835,
weibull_softplus_unscaled,uncheatable,panel_oof,0,2,3,1.0639394109254738,
weibull_softplus_unscaled,uncheatable,panel_oof,0,2,5,1.1730289845172588,
weibull_softplus_unscaled,uncheatable,panel_oof,0,2,6,1.0988936539997023,
weibull_softplus_unscaled,uncheatable,panel_oof,0,2,10,1.0954171642255879,
weibull_softplus_unscaled,uncheatable,panel_oof,0,2,15,1.0859615064477939,
weibull_softplus_unscaled,uncheatable,panel_oof,0,2,20,1.106769315232801,
weibull_softplus_unscaled,uncheatable,panel_oof,0,2,26,1.057316692823576,
weibull_softplus_unscaled,uncheatable,panel_oof,0,2,29,1.0814747543305077,
weibull_softplus_unscaled,uncheatable,panel_oof,0,2,30,1.0693631080480577,
weibull_softplus_unscaled,uncheatable,panel_oof,0,2,34,1.0529394379010601,
weibull_softplus_unscaled,uncheatable,panel_oof,0,2,39,1.08851445408883,
weibull_softplus_unscaled,uncheatable,panel_oof,0,2,41,1.1046868128258207,
weibull_softplus_unscaled,uncheatable,panel_oof,0,2,46,1.085963472351123,
weibull_softplus_unscaled,uncheatable,panel_oof,0,2,48,1.0493487264738737,
weibull_softplus_unscaled,uncheatable,panel_oof,0,2,57,1.110899310152075,
weibull_softplus_unscaled,uncheatable,panel_oof,0,2,62,1.0765203272794834,
weibull_softplus_unscaled,uncheatable,panel_oof,0,2,65,1.0768611572069686,
weibull_softplus_unscaled,uncheatable,panel_oof,0,2,68,1.0953061360411636,
weibull_softplus_unscaled,uncheatable,panel_oof,0,2,73,1.0531238451097558,
weibull_softplus_unscaled,uncheatable,panel_oof,0,2,79,1.0986126234352707,
weibull_softplus_unscaled,uncheatable,panel_oof,0,2,83,1.0526340445088416,
weibull_softplus_unscaled,uncheatable,panel_oof,0,2,84,1.0868538337328246,
weibull_softplus_unscaled,uncheatable,panel_oof,0,2,87,1.085366853511629,
weibull_softplus_unscaled,uncheatable,panel_oof,0,2,90,1.0482592760064036,
weibull_softplus_unscaled,uncheatable,panel_oof,0,2,91,1.1055747906239395,
weibull_softplus_unscaled,uncheatable,panel_oof,0,2,98,1.0457921921479945,
weibull_softplus_unscaled,uncheatable,panel_oof,0,2,101,1.061563296005808,
weibull_softplus_unscaled,uncheatable,panel_oof,0,2,105,1.079844196851714,
weibull_softplus_unscaled,uncheatable,panel_oof,0,2,109,1.0981775043035529,
weibull_softplus_unscaled,uncheatable,panel_oof,0,2,112,1.069088733146505,
weibull_softplus_unscaled,uncheatable,panel_oof,0,2,113,1.1117921790197356,
weibull_softplus_unscaled,uncheatable,panel_oof,0,2,115,1.0708976758795192,
weibull_softplus_unscaled,uncheatable,panel_oof,0,2,116,1.0980680351437044,
weibull_softplus_unscaled,uncheatable,panel_oof,0,2,119,1.0660797668105662,
weibull_softplus_unscaled,uncheatable,panel_oof,0,2,122,1.0744478793398353,
weibull_softplus_unscaled,uncheatable,panel_oof,0,2,123,1.0691223283241333,
weibull_softplus_unscaled,uncheatable,panel_oof,0,2,124,1.1007091882855486,
weibull_softplus_unscaled,uncheatable,panel_oof,0,2,133,1.1184322121966925,
weibull_softplus_unscaled,uncheatable,panel_oof,0,2,134,1.074157950775244,
weibull_softplus_unscaled,uncheatable,panel_oof,0,2,135,1.0707757097185777,
weibull_softplus_unscaled,uncheatable,panel_oof,0,2,138,1.0837186849674292,
weibull_softplus_unscaled,uncheatable,panel_oof,0,2,144,1.0836572290498712,
weibull_softplus_unscaled,uncheatable,panel_oof,0,2,151,1.079712623629591,
weibull_softplus_unscaled,uncheatable,panel_oof,0,2,152,1.0459840802776608,
weibull_softplus_unscaled,uncheatable,panel_oof,0,2,154,1.073689123577057,
weibull_softplus_unscaled,uncheatable,panel_oof,0,2,157,1.104437014481028,
weibull_softplus_unscaled,uncheatable,panel_oof,0,2,158,1.0609758310039847,
weibull_softplus_unscaled,uncheatable,panel_oof,0,2,160,1.085692698330158,
weibull_softplus_unscaled,uncheatable,panel_oof,0,2,166,1.0723704628691175,
weibull_softplus_unscaled,uncheatable,panel_oof,0,2,172,1.0460073682876758,
weibull_softplus_unscaled,uncheatable,panel_oof,0,2,175,1.065402438924555,
weibull_softplus_unscaled,uncheatable,panel_oof,0,2,176,1.0523365532001479,
weibull_softplus_unscaled,uncheatable,panel_oof,0,2,182,1.0898348063158063,
weibull_softplus_unscaled,uncheatable,panel_oof,0,2,183,1.0770021875729663,
weibull_softplus_unscaled,uncheatable,panel_oof,0,2,196,1.1166581262028332,
weibull_softplus_unscaled,uncheatable,panel_oof,0,2,198,1.0842888179579786,
weibull_softplus_unscaled,uncheatable,panel_oof,0,2,205,1.07936704516539,
weibull_softplus_unscaled,uncheatable,panel_oof,0,2,211,1.0855610819735175,
weibull_softplus_unscaled,uncheatable,panel_oof,0,2,213,1.0212123301120022,
weibull_softplus_unscaled,uncheatable,panel_oof,0,2,215,1.0473163142767916,
weibull_softplus_unscaled,uncheatable,panel_oof,0,2,222,1.0553124918791332,
weibull_softplus_unscaled,uncheatable,panel_oof,0,2,224,1.1204846548366443,
weibull_softplus_unscaled,uncheatable,panel_oof,0,2,226,1.104003543958025,
weibull_softplus_unscaled,uncheatable,panel_oof,0,2,227,1.0607375477157632,
weibull_softplus_unscaled,uncheatable,panel_oof,0,2,229,1.0340015850077577,
weibull_softplus_unscaled,uncheatable,panel_oof,0,2,235,1.0678604001254894,
weibull_softplus_unscaled,uncheatable,panel_oof,0,2,236,1.073241755667452,
weibull_softplus_unscaled,uncheatable,panel_oof,0,2,238,1.0718703641729204,
weibull_softplus_unscaled,uncheatable,panel_oof,0,3,2,1.095727806411238,
weibull_softplus_unscaled,uncheatable,panel_oof,0,3,4,1.0977899441799814,
weibull_softplus_unscaled,uncheatable,panel_oof,0,3,9,1.1082118288314786,
weibull_softplus_unscaled,uncheatable,panel_oof,0,3,11,1.0813741728798418,
weibull_softplus_unscaled,uncheatable,panel_oof,0,3,12,1.1077529693960955,
weibull_softplus_unscaled,uncheatable,panel_oof,0,3,13,1.0624098732992815,
weibull_softplus_unscaled,uncheatable,panel_oof,0,3,14,1.0887812150072083,
weibull_softplus_unscaled,uncheatable,panel_oof,0,3,16,1.0466463194989957,
weibull_softplus_unscaled,uncheatable,panel_oof,0,3,17,1.1046118375527159,
weibull_softplus_unscaled,uncheatable,panel_oof,0,3,21,1.091903361833938,
weibull_softplus_unscaled,uncheatable,panel_oof,0,3,22,1.0719444024879616,
weibull_softplus_unscaled,uncheatable,panel_oof,0,3,23,1.1039713002226812,
weibull_softplus_unscaled,uncheatable,panel_oof,0,3,24,1.0483087138536704,
weibull_softplus_unscaled,uncheatable,panel_oof,0,3,27,1.0626664968386899,
weibull_softplus_unscaled,uncheatable,panel_oof,0,3,32,1.0575066588165631,
weibull_softplus_unscaled,uncheatable,panel_oof,0,3,33,1.0728233394043434,
weibull_softplus_unscaled,uncheatable,panel_oof,0,3,36,1.079573072950193,
weibull_softplus_unscaled,uncheatable,panel_oof,0,3,37,1.0671322315902907,
weibull_softplus_unscaled,uncheatable,panel_oof,0,3,38,1.0859782150583435,
weibull_softplus_unscaled,uncheatable,panel_oof,0,3,40,1.072955836399211,
weibull_softplus_unscaled,uncheatable,panel_oof,0,3,43,1.088209590641234,
weibull_softplus_unscaled,uncheatable,panel_oof,0,3,44,1.1060496528986092,
weibull_softplus_unscaled,uncheatable,panel_oof,0,3,45,1.0909315904720687,
weibull_softplus_unscaled,uncheatable,panel_oof,0,3,49,1.078324882486462,
weibull_softplus_unscaled,uncheatable,panel_oof,0,3,50,1.0919199395890944,
weibull_softplus_unscaled,uncheatable,panel_oof,0,3,52,1.076123269362606,
weibull_softplus_unscaled,uncheatable,panel_oof,0,3,53,1.0600219644659605,
weibull_softplus_unscaled,uncheatable,panel_oof,0,3,54,1.0522815263376506,
weibull_softplus_unscaled,uncheatable,panel_oof,0,3,55,1.0541936809426287,
weibull_softplus_unscaled,uncheatable,panel_oof,0,3,58,1.097262556627109,
weibull_softplus_unscaled,uncheatable,panel_oof,0,3,59,1.056891875640797,
weibull_softplus_unscaled,uncheatable,panel_oof,0,3,61,1.0540941344907135,
weibull_softplus_unscaled,uncheatable,panel_oof,0,3,63,1.0485745738052605,
weibull_softplus_unscaled,uncheatable,panel_oof,0,3,64,1.101953833332959,
weibull_softplus_unscaled,uncheatable,panel_oof,0,3,66,1.0834235112676638,
weibull_softplus_unscaled,uncheatable,panel_oof,0,3,67,1.081851967316961,
weibull_softplus_unscaled,uncheatable,panel_oof,0,3,70,1.091036088455042,
weibull_softplus_unscaled,uncheatable,panel_oof,0,3,71,1.0756229054959991,
weibull_softplus_unscaled,uncheatable,panel_oof,0,3,72,1.0758969928576807,
weibull_softplus_unscaled,uncheatable,panel_oof,0,3,74,1.0542579123696287,
weibull_softplus_unscaled,uncheatable,panel_oof,0,3,75,1.0740447323000264,
weibull_softplus_unscaled,uncheatable,panel_oof,0,3,78,1.0830927901924179,
weibull_softplus_unscaled,uncheatable,panel_oof,0,3,85,1.076169254488516,
weibull_softplus_unscaled,uncheatable,panel_oof,0,3,88,1.1006828732954135,
weibull_softplus_unscaled,uncheatable,panel_oof,0,3,89,1.0738633550948802,
weibull_softplus_unscaled,uncheatable,panel_oof,0,3,92,1.0527448687817813,
weibull_softplus_unscaled,uncheatable,panel_oof,0,3,93,1.0718797513166192,
weibull_softplus_unscaled,uncheatable,panel_oof,0,3,94,1.0600435667981651,
weibull_softplus_unscaled,uncheatable,panel_oof,0,3,95,1.0859053953194469,
weibull_softplus_unscaled,uncheatable,panel_oof,0,3,96,1.0821877100771302,
weibull_softplus_unscaled,uncheatable,panel_oof,0,3,97,1.0567726814416805,
weibull_softplus_unscaled,uncheatable,panel_oof,0,3,102,1.0631168395043287,
weibull_softplus_unscaled,uncheatable,panel_oof,0,3,108,1.0919379741281074,
weibull_softplus_unscaled,uncheatable,panel_oof,0,3,110,1.0813303851079872,
weibull_softplus_unscaled,uncheatable,panel_oof,0,3,111,1.0823823547643303,
weibull_softplus_unscaled,uncheatable,panel_oof,0,3,117,1.1301785529245767,
weibull_softplus_unscaled,uncheatable,panel_oof,0,3,120,1.068678094700726,
weibull_softplus_unscaled,uncheatable,panel_oof,0,3,121,1.05801673862632,
weibull_softplus_unscaled,uncheatable,panel_oof,0,3,127,1.0592647358556033,
weibull_softplus_unscaled,uncheatable,panel_oof,0,3,128,1.0866163928131374,
weibull_softplus_unscaled,uncheatable,panel_oof,0,3,129,1.0660087065241308,
weibull_softplus_unscaled,uncheatable,panel_oof,0,3,130,1.0826174952532432,
weibull_softplus_unscaled,uncheatable,panel_oof,0,3,132,1.1182722744425797,
weibull_softplus_unscaled,uncheatable,panel_oof,0,3,139,1.0710582532197492,
weibull_softplus_unscaled,uncheatable,panel_oof,0,3,143,1.0909483090705274,
weibull_softplus_unscaled,uncheatable,panel_oof,0,3,146,1.1045692072104698,
weibull_softplus_unscaled,uncheatable,panel_oof,0,3,148,1.0590540086229367,
weibull_softplus_unscaled,uncheatable,panel_oof,0,3,149,1.1125836541449496,
weibull_softplus_unscaled,uncheatable,panel_oof,0,3,150,1.0856854832565337,
weibull_softplus_unscaled,uncheatable,panel_oof,0,3,153,1.096854324290169,
weibull_softplus_unscaled,uncheatable,panel_oof,0,3,156,1.0625107753405514,
weibull_softplus_unscaled,uncheatable,panel_oof,0,3,159,1.0860065314366927,
weibull_softplus_unscaled,uncheatable,panel_oof,0,3,161,1.1231889042150005,
weibull_softplus_unscaled,uncheatable,panel_oof,0,3,164,1.0880064321453535,
weibull_softplus_unscaled,uncheatable,panel_oof,0,3,167,1.0766256956023392,
weibull_softplus_unscaled,uncheatable,panel_oof,0,3,170,1.070951888401496,
weibull_softplus_unscaled,uncheatable,panel_oof,0,3,173,1.0796072152259253,
weibull_softplus_unscaled,uncheatable,panel_oof,0,3,174,1.063726334581009,
weibull_softplus_unscaled,uncheatable,panel_oof,0,3,177,1.0689539647712072,
weibull_softplus_unscaled,uncheatable,panel_oof,0,3,180,1.0695489829989435,
weibull_softplus_unscaled,uncheatable,panel_oof,0,3,181,1.0883477917230535,
weibull_softplus_unscaled,uncheatable,panel_oof,0,3,184,1.0564111808868435,
weibull_softplus_unscaled,uncheatable,panel_oof,0,3,185,1.0768427211704974,
weibull_softplus_unscaled,uncheatable,panel_oof,0,3,189,1.0828859732999954,
weibull_softplus_unscaled,uncheatable,panel_oof,0,3,190,1.0793496276983983,
weibull_softplus_unscaled,uncheatable,panel_oof,0,3,192,1.043589501574211,
weibull_softplus_unscaled,uncheatable,panel_oof,0,3,194,1.060911752201086,
weibull_softplus_unscaled,uncheatable,panel_oof,0,3,201,1.0318231542825145,
weibull_softplus_unscaled,uncheatable,panel_oof,0,3,203,1.0589623943488062,
weibull_softplus_unscaled,uncheatable,panel_oof,0,3,204,1.077650677791452,
weibull_softplus_unscaled,uncheatable,panel_oof,0,3,206,1.051405873032037,
weibull_softplus_unscaled,uncheatable,panel_oof,0,3,214,1.0681785748970225,
weibull_softplus_unscaled,uncheatable,panel_oof,0,3,218,1.0429458550305513,
weibull_softplus_unscaled,uncheatable,panel_oof,0,3,225,1.0946369739417405,
weibull_softplus_unscaled,uncheatable,panel_oof,0,3,228,1.0617857506191704,
weibull_softplus_unscaled,uncheatable,panel_oof,0,3,232,1.0780670151162592,
weibull_softplus_unscaled,uncheatable,panel_oof,0,3,234,1.0789971625578474,
weibull_softplus_unscaled,uncheatable,panel_oof,0,3,240,1.0328531088046855,
weibull_softplus_unscaled,uncheatable,panel_oof,0,4,18,1.0827024164174528,
weibull_softplus_unscaled,uncheatable,panel_oof,0,4,19,1.0924842339490972,
weibull_softplus_unscaled,uncheatable,panel_oof,0,4,28,1.1207562541206735,
weibull_softplus_unscaled,uncheatable,panel_oof,0,4,31,1.0710473787053418,
weibull_softplus_unscaled,uncheatable,panel_oof,0,4,42,1.0591031894045444,
weibull_softplus_unscaled,uncheatable,panel_oof,0,4,47,1.0621396802481036,
weibull_softplus_unscaled,uncheatable,panel_oof,0,4,60,1.0584085278755533,
weibull_softplus_unscaled,uncheatable,panel_oof,0,4,76,1.1277017154218072,
weibull_softplus_unscaled,uncheatable,panel_oof,0,4,77,1.0889947880144986,
weibull_softplus_unscaled,uncheatable,panel_oof,0,4,80,1.0932522664765432,
weibull_softplus_unscaled,uncheatable,panel_oof,0,4,82,1.0638687964409224,
weibull_softplus_unscaled,uncheatable,panel_oof,0,4,103,1.0853302305192076,
weibull_softplus_unscaled,uncheatable,panel_oof,0,4,104,1.0949737018276409,
weibull_softplus_unscaled,uncheatable,panel_oof,0,4,114,1.0740445807928958,
weibull_softplus_unscaled,uncheatable,panel_oof,0,4,118,1.0701195123202112,
weibull_softplus_unscaled,uncheatable,panel_oof,0,4,125,0.9943951427794526,
weibull_softplus_unscaled,uncheatable,panel_oof,0,4,131,1.0712497414260287,
weibull_softplus_unscaled,uncheatable,panel_oof,0,4,155,1.0538939773838911,
weibull_softplus_unscaled,uncheatable,panel_oof,0,4,162,1.074535658477852,
weibull_softplus_unscaled,uncheatable,panel_oof,0,4,168,1.0193217215143007,
weibull_softplus_unscaled,uncheatable,panel_oof,0,4,178,1.032205312121571,
weibull_softplus_unscaled,uncheatable,panel_oof,0,4,179,1.0948361350188587,
weibull_softplus_unscaled,uncheatable,panel_oof,0,4,186,1.0602072415876327,
weibull_softplus_unscaled,uncheatable,panel_oof,0,4,193,1.0728628713481594,
weibull_softplus_unscaled,uncheatable,panel_oof,0,4,199,1.0712542332032742,
weibull_softplus_unscaled,uncheatable,panel_oof,0,4,202,1.060909605592996,
weibull_softplus_unscaled,uncheatable,panel_oof,0,4,207,1.092201105083437,
weibull_softplus_unscaled,uncheatable,panel_oof,0,4,212,1.0667512966611863,
weibull_softplus_unscaled,uncheatable,panel_oof,0,4,216,1.0829424821021623,
weibull_softplus_unscaled,uncheatable,panel_oof,0,4,221,1.0645764184950044,
weibull_softplus_unscaled,uncheatable,panel_oof,0,4,230,1.0512979895920793,
weibull_softplus_unscaled,uncheatable,panel_oof,0,4,231,1.0666325473934117,
weibull_softplus_unscaled,uncheatable,panel_oof,0,4,239,1.0772965602590572,
weibull_softplus_unscaled,uncheatable,external_development,0,-1,delphi_3e18_39bucket:0066da643d35e694a311d26516399114a1c69adba1f7795b773b704d93c0e945,1.057066701502252,0.005489942277835212
weibull_softplus_unscaled,uncheatable,external_development,0,-1,delphi_3e18_39bucket:015ce47db7b4ac2a312c1dfa614d699adb8526230f5a7355c112e4e546f4bb96,1.0355793292441509,0.00594545916614274
weibull_softplus_unscaled,uncheatable,external_development,0,-1,delphi_3e18_39bucket:01985d1f15bebd8fef77b5150d00df90b1460ff11f8dbeb34a83d3755d4831ca,0.9862943216797678,0.0032103611981662734
weibull_softplus_unscaled,uncheatable,external_development,0,-1,delphi_3e18_39bucket:02c70e578e5784e551eefe679886439d9c803cedd53b283f3333a0c5fbe3e5cf,1.0470317175189077,0.005385236290043489
weibull_softplus_unscaled,uncheatable,external_development,0,-1,delphi_3e18_39bucket:037a604380dcbb0bd031ab6fe4d27d6f859ec425fb267f14b984c1fb545aefe5,1.0436357705944892,0.005736078164333633
weibull_softplus_unscaled,uncheatable,external_development,0,-1,delphi_3e18_39bucket:039e773502afbad67dfd37ee20068668a2092188b0245ddd91d40a1560e905f6,1.000182364990454,0.003723428560018102
weibull_softplus_unscaled,uncheatable,external_development,0,-1,delphi_3e18_39bucket:06d61998a2b7fe732abe0607cc0fc7812e544c3828ed26a47d4283ddb7891cb9,1.0369009551768307,0.005997625549269988
weibull_softplus_unscaled,uncheatable,external_development,0,-1,delphi_3e18_39bucket:06f1f5c4286bcf9fe2c2ccf5d91303fe3cf919c815f3a926d5a2ff3de43fc683,1.044269065507465,0.005996980995550578
weibull_softplus_unscaled,uncheatable,external_development,0,-1,delphi_3e18_39bucket:073bad81517f75d40c9eb877348b38c8734b28dc6cb239c2089c9c35e9510223,0.9921575305704453,0.003142813659168823
weibull_softplus_unscaled,uncheatable,external_development,0,-1,delphi_3e18_39bucket:0788d5de28276914dae1c6388f1ab105867ad1d4a087d52bf0b8519d80129c89,1.0368807886510492,0.005798669729653691
weibull_softplus_unscaled,uncheatable,external_development,0,-1,delphi_3e18_39bucket:07ec2043780a0d9df429ba7b4f371cf9415daa1341f5b29b929b522684e38b91,1.042769656470158,0.006775572798492666
weibull_softplus_unscaled,uncheatable,external_development,0,-1,delphi_3e18_39bucket:081b3e9c9806710005689ad55a35ca2b5545880488e77cee8042740337e79dfd,0.9720328032553998,0.002668709430720712
weibull_softplus_unscaled,uncheatable,external_development,0,-1,delphi_3e18_39bucket:082fedafa9e0b95f220f553903813794bb9dc21b592587587dd5fa4dca612f6c,1.0728192337676283,0.007094255872300062
weibull_softplus_unscaled,uncheatable,external_development,0,-1,delphi_3e18_39bucket:0849e8468f1ed33aa84061be6ed119421f912af5683193c8b0f037cee11a3763,1.0409505640528183,0.005876677611978456
weibull_softplus_unscaled,uncheatable,external_development,0,-1,delphi_3e18_39bucket:090b9d521ba31e364d7c8479c9c8b5369806b9c8557af616f883945e0307ccfb,0.9576839161101605,0.007225170377174484
weibull_softplus_unscaled,uncheatable,external_development,0,-1,delphi_3e18_39bucket:095c671d2e8d76d30acb22a88707854961f0bd8fa702605dcc65c6c64231b117,1.0353145939164667,0.006102989519786481
weibull_softplus_unscaled,uncheatable,external_development,0,-1,delphi_3e18_39bucket:09ab1aa79a519d8cbef31696066513a006253831fb687b610438ea9b39faef2c,1.0529425860470176,0.004573534393985597
weibull_softplus_unscaled,uncheatable,external_development,0,-1,delphi_3e18_39bucket:09de561eed4cac3d6052c3e7ccd15b7d2bf21ffe6620953c40d04597b793517c,0.9739138827843532,0.003003910446917838
weibull_softplus_unscaled,uncheatable,external_development,0,-1,delphi_3e18_39bucket:0a4c90180e2e9f06b17432216267636bc90d169f9f68bad8b789d271cb541e26,1.0194254464127472,0.0031086850646014886
weibull_softplus_unscaled,uncheatable,external_development,0,-1,delphi_3e18_39bucket:0a69a64824dbbec7bffe6fbd96bf614be79fa346a55fb8dad697d2aed91a31fe,0.9766977204413956,0.004600534295640318
weibull_softplus_unscaled,uncheatable,external_development,0,-1,delphi_3e18_39bucket:0bdc7ed5abac4cf71f3695dd33cb4ebeb179a0cbf41d9859e4d47fa71dcc9890,1.0383696806839768,0.00615998151974678
weibull_softplus_unscaled,uncheatable,external_development,0,-1,delphi_3e18_39bucket:0c6db73ff59b9cdac2e2428761ffc68d8764b26faefabce9cdbe0ad6133514fb,1.0062726968686984,0.004308597173569513
weibull_softplus_unscaled,uncheatable,external_development,0,-1,delphi_3e18_39bucket:0c87eb28b1c95ec40d341aff414b3e73bc9300563def3b5d974082fe44509895,1.037766180067496,0.0059108674258644646
weibull_softplus_unscaled,uncheatable,external_development,0,-1,delphi_3e18_39bucket:0ceaf50f71a5360954adeab2244cb20579f98a42ad87a9a61d09e18433fe7860,1.0358502897546682,0.005976996505099557
weibull_softplus_unscaled,uncheatable,external_development,0,-1,delphi_3e18_39bucket:0d019862e6437cdaea853e5908403f80164cfeaa2305fa7fbfaafa4c22decd1c,1.0470813436465676,0.008858029856353528
weibull_softplus_unscaled,uncheatable,external_development,0,-1,delphi_3e18_39bucket:0da14a6e57c138c21227eebbd44f186ea18272987a7f24f9edce875f3f5c35b2,1.03656944147698,0.0060515572284633315
weibull_softplus_unscaled,uncheatable,external_development,0,-1,delphi_3e18_39bucket:0fb57d38488e9d032a8a2d6e385eebbe0bb87510b042d12426a68166e3ec53b2,1.00261872983769,0.004755858472395905
weibull_softplus_unscaled,uncheatable,external_development,0,-1,delphi_3e18_39bucket:0feea1b96a7083ed86e477633fc1c9df6d6198dd4ea8753a30f116ddbf453981,1.064929139591213,0.00562101749000702
weibull_softplus_unscaled,uncheatable,external_development,0,-1,delphi_3e18_39bucket:100cd66fd89a88c77157afcbddc20547cc115238f2281abf552b8c0d0374cc36,1.0531936595072169,0.0073286734744386055
weibull_softplus_unscaled,uncheatable,external_development,0,-1,delphi_3e18_39bucket:115087d05bce1abc0d1e7590a4cc0b36b643cd94c47ca5e044580bd8ff9fa514,0.9683726377940879,0.0052669950148041805
weibull_softplus_unscaled,uncheatable,external_development,0,-1,delphi_3e18_39bucket:11779cf375492aed45ded6491e0158468a427484e8fd2f0823363b5961fadc1f,1.0380640785465247,0.005952460690495814
weibull_softplus_unscaled,uncheatable,external_development,0,-1,delphi_3e18_39bucket:1186365305df843132a2b49cf1f4f3279bc6792218502b2ddb658ff6a8909811,1.0453222895151728,0.00579791776259784
weibull_softplus_unscaled,uncheatable,external_development,0,-1,delphi_3e18_39bucket:12d604c09575e6918d0c5273fb68b7ac720021d46bd7bf002aec8f2e388e7d73,1.0377106711256299,0.005797056887795022
weibull_softplus_unscaled,uncheatable,external_development,0,-1,delphi_3e18_39bucket:135c4820815edaaf0da56c8dc5f7697728f00c530e1af6d5c97db7883c693f3b,1.0374162453469493,0.005877262401317053
weibull_softplus_unscaled,uncheatable,external_development,0,-1,delphi_3e18_39bucket:14ae27b209bb3f3e584f2a754f2f606b14c6a91a854a6960f5f2002189a9c63f,0.989233851721889,0.0036982049010083834
weibull_softplus_unscaled,uncheatable,external_development,0,-1,delphi_3e18_39bucket:1583e0fcd8684efdb53f5dba40c3ee266a316d16da17c423933aa17c59399bb4,0.9745582481022717,0.004107565460742361
weibull_softplus_unscaled,uncheatable,external_development,0,-1,delphi_3e18_39bucket:15c3e3115300d4216bc495f2d6a911ae81e09297053b4e3fd8413b93b1724706,1.0384646114540363,0.005843144531501269
weibull_softplus_unscaled,uncheatable,external_development,0,-1,delphi_3e18_39bucket:15cefcc71eaf2cb32279921de35d7fd07a1c62a60826b15c7da6d9680aca7d5a,1.0444837021790003,0.0055788106490213965
weibull_softplus_unscaled,uncheatable,external_development,0,-1,delphi_3e18_39bucket:168c44d2006162a6a570833acdedfc0e9cbace3ee8b4582d93c0d17b9a8f62dc,1.0373082914633263,0.006049412661902131
weibull_softplus_unscaled,uncheatable,external_development,0,-1,delphi_3e18_39bucket:16d569d49dc699da09d873f84439c1b3d09b1fb0a49da1a014bdd6055ed7e867,1.0214476364240257,0.004962762142273805
weibull_softplus_unscaled,uncheatable,external_development,0,-1,delphi_3e18_39bucket:180f3fe5f075a653053c6abb3614d3d97e4e8bd81a9bf3339b610420a3e507e1,0.9980300780647025,0.013236348120902165
weibull_softplus_unscaled,uncheatable,external_development,0,-1,delphi_3e18_39bucket:18a99a3351245092d3769f803d6ed42ad1446d61d00a6145d3ab0f7eb370ad43,1.0340729938386517,0.005905136980830778
weibull_softplus_unscaled,uncheatable,external_development,0,-1,delphi_3e18_39bucket:19e6d0a05b7cc0e501b20e580b9d694acf4b47aafcdbc8afc3840bc26b8e9183,1.0314929261518384,0.005827742200256421
weibull_softplus_unscaled,uncheatable,external_development,0,-1,delphi_3e18_39bucket:1abe87613ee3136eb10062b5549438b1593f06bc22629e4f06a79dc512925a09,0.9726763769232543,0.0017401971801528269
weibull_softplus_unscaled,uncheatable,external_development,0,-1,delphi_3e18_39bucket:1bd2258fc50c2f2300cfee3ccf288fcf65b55a83f6f4e754166ad83968fd2bc5,1.0390663966871714,0.006048253018287726
weibull_softplus_unscaled,uncheatable,external_development,0,-1,delphi_3e18_39bucket:1c82f47a17303f1c725bb67357c5df989e689eab6ce331e314ec3f25166ddb7f,1.028681024505439,0.005735190000979741
weibull_softplus_unscaled,uncheatable,external_development,0,-1,delphi_3e18_39bucket:1f764babd33705edc89b9384b3ade86c50adefb121d72a48eead725f2f99fdbb,1.0470024050322584,0.004679883012662961
weibull_softplus_unscaled,uncheatable,external_development,0,-1,delphi_3e18_39bucket:1fe407b2a7e4115cdc2112c39a9854a82c434b11738b0b2dd1f7b59520c84b02,1.034940283439672,0.00561925999139602
weibull_softplus_unscaled,uncheatable,external_development,0,-1,delphi_3e18_39bucket:202a3f2963f0ed3ef838aa9f839dd983ff320011e5f90369bb10036d62d3bf07,1.0379645191074576,0.006027884337215403
weibull_softplus_unscaled,uncheatable,external_development,0,-1,delphi_3e18_39bucket:2128777c4bf7443fc7122204d45cffef5ed9ca0a3758737f512f8ac019f2614e,1.043551166618609,0.005670919471103777
weibull_softplus_unscaled,uncheatable,external_development,0,-1,delphi_3e18_39bucket:217fcc24bb6f19269acad2fd83783863fb8c38fe10b23c82e8d4650e3c20af96,0.9854150018994038,0.007280269494949844
weibull_softplus_unscaled,uncheatable,external_development,0,-1,delphi_3e18_39bucket:2217566357ae6eb4d1e0a63ed7d1b5f74bf85feb4a34fc2294075abf4779dc8a,0.9812981176725006,0.009346431082532976
weibull_softplus_unscaled,uncheatable,external_development,0,-1,delphi_3e18_39bucket:22435fb72d5378f38e67f149c5327cefd8299de7f2802d207068e148a654d87a,0.9753608008002264,0.004568911299976861
weibull_softplus_unscaled,uncheatable,external_development,0,-1,delphi_3e18_39bucket:22a7988dd0f948879fe6e14a81339e522012c662009155e7f837141a0aedb54d,1.0420673995123426,0.005894709628134213
weibull_softplus_unscaled,uncheatable,external_development,0,-1,delphi_3e18_39bucket:24181403664e888f5ff00f929ba54136d4c20243873de0479bbadd0a903d7e2e,1.0519143869168333,0.005903545010530449
weibull_softplus_unscaled,uncheatable,external_development,0,-1,delphi_3e18_39bucket:244c4cf1cc1aff8a4fa4a6620ac3c4e89194a0edec3d369e2d5c5a3ffc611fbd,1.035323225035167,0.0059404929951993824
weibull_softplus_unscaled,uncheatable,external_development,0,-1,delphi_3e18_39bucket:24a04b7131ccb2123cd83ebdebea1822f4208833dbaa020fb854f48dfeb82baa,1.0359482690214967,0.005943228676989935
weibull_softplus_unscaled,uncheatable,external_development,0,-1,delphi_3e18_39bucket:257cf9d7063698fc7195b8f86bda6fdb70aa44cc6560c09437872f7afc15b3c7,1.0368154638648481,0.005886322990056709
weibull_softplus_unscaled,uncheatable,external_development,0,-1,delphi_3e18_39bucket:2805171d708ffa47ad55eebdded48bbe9184de34aaa01c764857896330bd5ed8,0.9763251213494304,0.003314784627427854
weibull_softplus_unscaled,uncheatable,external_development,0,-1,delphi_3e18_39bucket:282bea38b4b390edde05c433f2aa287cb076b5c90b87ddfff2ac785476ee2a80,1.0444303704258462,0.009715447063264713
weibull_softplus_unscaled,uncheatable,external_development,0,-1,delphi_3e18_39bucket:28e9f00790cb0f3bd8eab6e67ab5ed390d4a8f9511b50e2c3b127fed84907f83,1.0363285700393012,0.006131950441173822
weibull_softplus_unscaled,uncheatable,external_development,0,-1,delphi_3e18_39bucket:29879913509e18c14302d4122cd80d460dbe36a86de1b841546532b10ae498e9,0.9804515178127068,0.0032746804731568777
weibull_softplus_unscaled,uncheatable,external_development,0,-1,delphi_3e18_39bucket:299a6f250e2580967240f5ac6e8f3e6810fda3f8762c8a4f373c4b03d7aee9b1,1.0451031286511372,0.005833079042573371
weibull_softplus_unscaled,uncheatable,external_development,0,-1,delphi_3e18_39bucket:2a97310a9690d4c4d3fba3c8cf2f4c53bec70f4ee6e7bc2798951d5fce110b5c,1.035937768447524,0.006014995855681375
weibull_softplus_unscaled,uncheatable,external_development,0,-1,delphi_3e18_39bucket:2b4110349a3372d8cdd796df984fe3dd3f6933ac30c77acc1b554a35885f884f,1.032781479895292,0.006220114029097233
weibull_softplus_unscaled,uncheatable,external_development,0,-1,delphi_3e18_39bucket:2b989adc23ee2e9de7f2785a0f77bb06f18f1c8af0a8159044271123a563cdb9,0.9839142364955824,0.00307817028076182
weibull_softplus_unscaled,uncheatable,external_development,0,-1,delphi_3e18_39bucket:2ce3f8060361ed87fadf5817cc4086427964c54e0a33c206fcb381675b97ea5f,1.0365702496441562,0.006067225918472519
weibull_softplus_unscaled,uncheatable,external_development,0,-1,delphi_3e18_39bucket:2e081ca88a4ffb992e9ae7b70b9b191276a26b63479089cd5b158410e587852e,1.0214057617123982,0.004678984181171863
weibull_softplus_unscaled,uncheatable,external_development,0,-1,delphi_3e18_39bucket:2e1738bd99d25f424f7d12a0418d3b95df9b3cb8832b62a765de68ab5fdfe411,1.038000296530179,0.007090137873986729
weibull_softplus_unscaled,uncheatable,external_development,0,-1,delphi_3e18_39bucket:2f021c092554cc1c442218ef631eef0b2b67a217256c18aa0380762934be6ef9,0.9726485438743245,0.002575131478072176
weibull_softplus_unscaled,uncheatable,external_development,0,-1,delphi_3e18_39bucket:2fd7ffa44744c71d0e734f0e0d4f05d854c74467a9c167f25018fd17cfe99306,1.0270115454376356,0.005489112966126962
weibull_softplus_unscaled,uncheatable,external_development,0,-1,delphi_3e18_39bucket:303bf27116162aaf5aad23c1dceb815464d35b45e7e0b3d737d78f0e445a7c48,1.0077703292722748,0.00495309724050801
weibull_softplus_unscaled,uncheatable,external_development,0,-1,delphi_3e18_39bucket:307e2ea17fda955025a3eb6f93191ebffc2a9ec7af3c27ab44f0b073b39a03a0,0.9798852230314312,0.012148327215837942
weibull_softplus_unscaled,uncheatable,external_development,0,-1,delphi_3e18_39bucket:3277a3d2dd0f9018971fbcb563df43c5c3d38d364fb0a15494e2fde4c841ab06,1.037491395918373,0.006088473281634333
weibull_softplus_unscaled,uncheatable,external_development,0,-1,delphi_3e18_39bucket:329d432004aa55ff655af8af17bade03a9b3dd241ea3c9e87a7dbbeb1dc1b1d6,1.0325244743065696,0.0063632004310504135
weibull_softplus_unscaled,uncheatable,external_development,0,-1,delphi_3e18_39bucket:3398acf60037cd5b4392f15953e36c3f7d33dfa5fb55428c42d6dc324f33ee6d,1.050473080051054,0.005762510045917383
weibull_softplus_unscaled,uncheatable,external_development,0,-1,delphi_3e18_39bucket:3614e5ff6454c53dc1b4848cee125d2bf986629dee4783b90415bc92736347a1,0.9472266519529521,0.00546390224436109
weibull_softplus_unscaled,uncheatable,external_development,0,-1,delphi_3e18_39bucket:36c1fb12dabe2ea3b14dcba0b6662780fe8c2edd811e604dc693d72ef1aad4b2,1.0509435551766866,0.005291256343678727
weibull_softplus_unscaled,uncheatable,external_development,0,-1,delphi_3e18_39bucket:378ccee7c37fc46dc3d8e46e4b4332bddd5bd6559bdcb485d925508370a96bfe,1.0371856650644387,0.005978380569171603
weibull_softplus_unscaled,uncheatable,external_development,0,-1,delphi_3e18_39bucket:38b51fbcfa5c77121be6726dc68a28ce5ab9452aefd61be07d82e359fbdedf79,0.9554505891205431,0.005698895787733556
weibull_softplus_unscaled,uncheatable,external_development,0,-1,delphi_3e18_39bucket:391b0859fe53bf6c9da14d9694a7f85f766f8d8225b48942c840d1f3bebe7876,0.9828779889771552,0.0028168375719800176
weibull_softplus_unscaled,uncheatable,external_development,0,-1,delphi_3e18_39bucket:391d81c8e67fe577eba6e9ee08f60d31bf3c4e751a772944fa9e620fd84cebdb,1.023783882154172,0.004684480446704327
weibull_softplus_unscaled,uncheatable,external_development,0,-1,delphi_3e18_39bucket:39df5a66a6bcbdc5f52f9f37dfd15b1fdd08a415743db8fb17cc8b0512ac963f,1.073120452669261,0.0069505130015222434
weibull_softplus_unscaled,uncheatable,external_development,0,-1,delphi_3e18_39bucket:3a337cea08c5cd9c8a8b50d435117d13ca5818fbfbab1e6a87ff1e567e25c835,1.0383324169498696,0.005908426447805541
weibull_softplus_unscaled,uncheatable,external_development,0,-1,delphi_3e18_39bucket:3c5d1d0ddb5500239d26944a313e0c966e43abfabc203fcdb07d5db66f8dc712,0.9822264503916329,0.00507699805639716
weibull_softplus_unscaled,uncheatable,external_development,0,-1,delphi_3e18_39bucket:3d3cd30314fd09b91f22ba82b732e228369abd03b55a27da937e0bca5a083a0a,1.0348803628260956,0.005926766516372033
weibull_softplus_unscaled,uncheatable,external_development,0,-1,delphi_3e18_39bucket:3d45f3bc22316f2c3a26d5af2662f5cc5b2e1214d7bf88bc7dfa2b034b89b076,0.9729624670124839,0.0017667652118760447
weibull_softplus_unscaled,uncheatable,external_development,0,-1,delphi_3e18_39bucket:3d7af05751d62a9d5ef924d05c8f988d625bdd60428e935601184be98b0ac0df,1.0420429623480927,0.005742931117165668
weibull_softplus_unscaled,uncheatable,external_development,0,-1,delphi_3e18_39bucket:3de18a523f9dbadd83062cb454ad019820e391183b58003dd91dda53a4b13e1b,1.0460034327389112,0.013493585415914555
weibull_softplus_unscaled,uncheatable,external_development,0,-1,delphi_3e18_39bucket:3ec760a2d3f08ec7acbde5dd5b70f25acbb174767b5f8e54d028852120660c2d,0.976465370379279,0.004559022405176093
weibull_softplus_unscaled,uncheatable,external_development,0,-1,delphi_3e18_39bucket:3f18082665844ac4fa26e9c9e87ec9528a72d448eff278e6eb0fb7e1d4dc39bc,0.9974104778538424,0.0038658470025152818
weibull_softplus_unscaled,uncheatable,external_development,0,-1,delphi_3e18_39bucket:410691cfb41376383b24b9260d41e57810fbaa6978569d90f35459312770dd15,1.0483863713772783,0.0052284403152890934
weibull_softplus_unscaled,uncheatable,external_development,0,-1,delphi_3e18_39bucket:4148bb820fc709c78f6daf88c6822b7f28c7d1aba87c815125bab9cc0c715d32,1.011723097927778,0.014339121354784441
weibull_softplus_unscaled,uncheatable,external_development,0,-1,delphi_3e18_39bucket:419ee81cda8173e88f7ada544fce6e041beb00f9371af74edf51e3240616e6ae,0.9679958537563553,0.00276342033931245
weibull_softplus_unscaled,uncheatable,external_development,0,-1,delphi_3e18_39bucket:4287fd6ebf54e5dc56f478f75201af36dfaf1da75b19013f8ed1d1bb0d131b51,1.0574526392351875,0.00509099327500162
weibull_softplus_unscaled,uncheatable,external_development,0,-1,delphi_3e18_39bucket:42a399ba5c0ec06b23cf6c90f7a2d7bb620e8bf74eb4ae6131c11a97455e81cb,1.0496249279072796,0.005780557451886124
weibull_softplus_unscaled,uncheatable,external_development,0,-1,delphi_3e18_39bucket:42d578942c429bb75d62f6e2a7b33a9636af248dbf978094a0685abfa6f6bef6,1.0489329660555888,0.0048396226780080525
weibull_softplus_unscaled,uncheatable,external_development,0,-1,delphi_3e18_39bucket:435fc59b9f74ea68a12a16abcf01b49d1d751709400f056661ece786c4fb97f4,1.040657649602553,0.005582357311955158
weibull_softplus_unscaled,uncheatable,external_development,0,-1,delphi_3e18_39bucket:43a1b832b41d7b3705abe45be2d9a39f606803f539c4bfc22f9bdb84abd4ecdd,1.0313885905990576,0.005824649093288931
weibull_softplus_unscaled,uncheatable,external_development,0,-1,delphi_3e18_39bucket:43b243c94270528cefddfad2d85a2e86ee8e2e18b6fd46b04f3c346b72054bfc,1.0406105418517777,0.0061794425141562985
weibull_softplus_unscaled,uncheatable,external_development,0,-1,delphi_3e18_39bucket:44ce79a61450d4abf95809bf0fa221ae9d748008c8b5ae22fd8d3212c27a3fea,0.9826917805128741,0.003195963168376466
weibull_softplus_unscaled,uncheatable,external_development,0,-1,delphi_3e18_39bucket:450946512768dd9a9e7ac0b8b0bfe70503c57901a1407ee4764ad2b8be47d6fc,1.0846754172102058,0.009178918957928058
weibull_softplus_unscaled,uncheatable,external_development,0,-1,delphi_3e18_39bucket:454b420da2501cc8413ce34639b91fba6c924e92d4acb602a12a4188a7bbac06,0.9970644107389237,0.0038307478745167136
weibull_softplus_unscaled,uncheatable,external_development,0,-1,delphi_3e18_39bucket:45c4ebe12e4506146427d7cf86c80df51ee3636fdc90eec46c6fbcda132736d3,1.039726143094747,0.005661059459125056
weibull_softplus_unscaled,uncheatable,external_development,0,-1,delphi_3e18_39bucket:46346afc1e8f516e3cf8db030395bc5bdba3094e0d1d6ce3d9212fbb3736b08f,1.056957725893394,0.005298383828305637
weibull_softplus_unscaled,uncheatable,external_development,0,-1,delphi_3e18_39bucket:4656bf4bdeffbc234b5b12cc443ad2055c6daa70555f643727a48d11562171df,1.0365207482003043,0.006158661555317341
weibull_softplus_unscaled,uncheatable,external_development,0,-1,delphi_3e18_39bucket:479b4c0d010ec8af266c712fad85c52a6b25371b206b9d3bea78ede611674b9e,1.0804813347573017,0.005836294941659143
weibull_softplus_unscaled,uncheatable,external_development,0,-1,delphi_3e18_39bucket:47f173bc0284dd1f8264d5a01dd8a2fcd9c04165efed2d185d16e1684ae02254,0.9843311787659998,0.003861128525885599
weibull_softplus_unscaled,uncheatable,external_development,0,-1,delphi_3e18_39bucket:4925c3287b201af1db9d1972026e9bf6b2b76a75673de01b83cd6af4965a90c1,0.978697817978762,0.003029658962754941
weibull_softplus_unscaled,uncheatable,external_development,0,-1,delphi_3e18_39bucket:49605a406a87e4b29ff1058b67cff48d00f583ed007d73fd163a37ab3f1ef415,0.9785502943897949,0.003053988907457869
weibull_softplus_unscaled,uncheatable,external_development,0,-1,delphi_3e18_39bucket:4bea36f1a59704fdf3254fce13b499f62c5ce572c840a274eab13868a56e5f0c,1.0386691198826434,0.005790263361918637
weibull_softplus_unscaled,uncheatable,external_development,0,-1,delphi_3e18_39bucket:4d2a9f8e18ebd65e0860eaa7996c71b4bc666ece79a59f99599bf658eaaf1ca6,1.083164894671021,0.004924487460473409
weibull_softplus_unscaled,uncheatable,external_development,0,-1,delphi_3e18_39bucket:4dcd25089f067b1c4aa3d94b5a6046e58c872c7192b21d095899daf4324f9073,1.0836514347059472,0.011070829402633351
weibull_softplus_unscaled,uncheatable,external_development,0,-1,delphi_3e18_39bucket:4e32a5e9dd28c61c48e02bb2a44b9b07dfd0aba290fffff332f5119d1899e78e,1.0368302788030102,0.006008670049942641
weibull_softplus_unscaled,uncheatable,external_development,0,-1,delphi_3e18_39bucket:4f14ed9f6b84f8d07a49a046c1f0bc460e6188f73344c8a04a447d11f045e2fb,1.0355891249632139,0.006449503589941455
weibull_softplus_unscaled,uncheatable,external_development,0,-1,delphi_3e18_39bucket:5117115fda784e176c6f2f6b252905a9552ad3c50be88f0849fedb7b153ef185,1.0427460929059693,0.005645462944103118
weibull_softplus_unscaled,uncheatable,external_development,0,-1,delphi_3e18_39bucket:514be0373f3adf0fa2a0f1d347bb9657c5a350d6221c93c56156da4fca342645,0.9963800494520691,0.012904971184181449
weibull_softplus_unscaled,uncheatable,external_development,0,-1,delphi_3e18_39bucket:51ba2b4f2f488f8c496f545e752754c9e324fea095988aeafc121d14587f9440,0.9679902242437008,0.00316379076108541
weibull_softplus_unscaled,uncheatable,external_development,0,-1,delphi_3e18_39bucket:520b93fe83078f785e1745d02d62d4de498b2d844861b920f20ad9fddb96d966,1.001932472753587,0.005383119485701126
weibull_softplus_unscaled,uncheatable,external_development,0,-1,delphi_3e18_39bucket:5268fc7970fdd1757c78b3d28d3b4a01e39ae7eb48d9eff786688b6aa8419e2c,1.045874520135772,0.004875478881613095
weibull_softplus_unscaled,uncheatable,external_development,0,-1,delphi_3e18_39bucket:52eef22c85f32ba5c3c3bbd6b018e3ef32c028af3c84a8cce95f051e36bdb0ef,1.0368259322344837,0.005996078708410246
weibull_softplus_unscaled,uncheatable,external_development,0,-1,delphi_3e18_39bucket:5302a3d504bc827eb82480e47fa5f9369b2a34a9073980d5a79b7b11472c3d35,0.9693548392264741,0.002247000898265309
weibull_softplus_unscaled,uncheatable,external_development,0,-1,delphi_3e18_39bucket:5304e9320d8a83ce4fc5f0c3d55748a46b482bd39654250154a2e9b9b1f11612,0.9694785723864323,0.0026564852918436023
weibull_softplus_unscaled,uncheatable,external_development,0,-1,delphi_3e18_39bucket:547f1880e12c632add60347ae92abf186e58bd4549de02831f05f117476ccd27,0.9762685813186699,0.0027583514281978344
weibull_softplus_unscaled,uncheatable,external_development,0,-1,delphi_3e18_39bucket:55870bf717d572ace521b0a7c6b31246156cc64b0ab6dd344e4f110a1c37e000,1.0374074364130084,0.006143501015076294
weibull_softplus_unscaled,uncheatable,external_development,0,-1,delphi_3e18_39bucket:5653d17dd718ed001c50f11b1296a0b6c437549494c3ad1c8cb1b53da2629181,1.024431911777421,0.012558248464467719
weibull_softplus_unscaled,uncheatable,external_development,0,-1,delphi_3e18_39bucket:569f2fae296c65c150355a111967e64f0458d6d4e4e6695bdad8510e2d957522,0.9809829800711239,0.0024496312007997825
weibull_softplus_unscaled,uncheatable,external_development,0,-1,delphi_3e18_39bucket:577ebf44b0802041939fa396b991d55566e0430342ea4e86916d0a09526dfc7b,1.0069074903346524,0.0042001053269591065
weibull_softplus_unscaled,uncheatable,external_development,0,-1,delphi_3e18_39bucket:57e67b1e673016dfe6e90bf3eec613b57b4f45fb8628057d9be4b6887b097974,1.0357025698629203,0.006028835426365447
weibull_softplus_unscaled,uncheatable,external_development,0,-1,delphi_3e18_39bucket:587d99c210755fe678009083951edbaf5f30125b9a9228c07223908788f4efbf,0.9962736218791495,0.0038899321884779503
weibull_softplus_unscaled,uncheatable,external_development,0,-1,delphi_3e18_39bucket:593cd68cc1f7693b8781f426fd8bf633d814852c98cef69f1dc0e05aa749a4a8,1.0394773860396476,0.005879416141836043
weibull_softplus_unscaled,uncheatable,external_development,0,-1,delphi_3e18_39bucket:5969f449d772b308738c1973bb8124a9388da3145bdcd4dbf580903e8aa5ae45,0.9954731951075917,0.0052857120598020935
weibull_softplus_unscaled,uncheatable,external_development,0,-1,delphi_3e18_39bucket:5a6c87e0a035e4d18b7e137b2cc16b00806f8d1ef126cc1b3e98ec648866cd95,0.9991371662870038,0.005689027517862594
weibull_softplus_unscaled,uncheatable,external_development,0,-1,delphi_3e18_39bucket:5a988330e74f91960f06cf673b3d4fb431b8fa721e3c7765a95b86088e8b3640,1.036520486325935,0.005774688717224332
weibull_softplus_unscaled,uncheatable,external_development,0,-1,delphi_3e18_39bucket:5a9ed51807418fe4ffaa4a95d2420907cd771b791ccbe7a8b543f2adf9061a8e,1.037760213145232,0.0057849160192541575
weibull_softplus_unscaled,uncheatable,external_development,0,-1,delphi_3e18_39bucket:5bab89a350083bbb82d43430d716a115110122a55cabce94a4c485ba7cfc7890,0.9662480137240017,0.0018436794891749401
weibull_softplus_unscaled,uncheatable,external_development,0,-1,delphi_3e18_39bucket:5baf1bd5753c211b529cb2dfdeb4556a9e7d9e60dca85172f893af225d6a49b6,1.0362595535053205,0.005865253730938211
weibull_softplus_unscaled,uncheatable,external_development,0,-1,delphi_3e18_39bucket:5d327ac229879291117268bc6336e58c8152465241259a6f06a7977096c2cbab,0.9907399454254341,0.012855071023525209
weibull_softplus_unscaled,uncheatable,external_development,0,-1,delphi_3e18_39bucket:5d3c191f384bc2fdb869709ada4835079a8ea387a239c05a383b6d50feb82419,1.0858707037089252,0.008301837291957347
weibull_softplus_unscaled,uncheatable,external_development,0,-1,delphi_3e18_39bucket:5d81c990ff3f85d604963810f29b83410738a33c030bdad16230497701c673cc,0.9847319069956353,0.0037814279489800603
weibull_softplus_unscaled,uncheatable,external_development,0,-1,delphi_3e18_39bucket:5da4a1f0602a1c573a15377a4719b3b792d3be63656c74bcdef8bd988e67c292,0.9749377463889894,0.007705479379014917
weibull_softplus_unscaled,uncheatable,external_development,0,-1,delphi_3e18_39bucket:5df7ed0b68454fcec31de8326a1e4b7f97af17db946f06b0c2c6be55a0a58023,1.0648696127943986,0.0032326476691447448
weibull_softplus_unscaled,uncheatable,external_development,0,-1,delphi_3e18_39bucket:5e82fa8032d14849cb8dc9fd8900615e0f644f4dcc5f56d9fdcb7be65d280bd9,1.0369753855226902,0.005982107022548361
weibull_softplus_unscaled,uncheatable,external_development,0,-1,delphi_3e18_39bucket:5f70df28cce5d870961ea81fd9171415d174214efb666d244008771b3f8a8132,0.9855062485555629,0.005568657103149222
weibull_softplus_unscaled,uncheatable,external_development,0,-1,delphi_3e18_39bucket:5f8f1118125ab64ed7032396f431fe7a879ad10627850bcd4cebb2b9c12c9c22,1.036015736276164,0.005759102183175494
weibull_softplus_unscaled,uncheatable,external_development,0,-1,delphi_3e18_39bucket:5fa5cf047ffb05b34ab17af47ca76b8ed3cf45d172b6ee69c5619c55231222bc,1.0350778193991865,0.006027778907935112
weibull_softplus_unscaled,uncheatable,external_development,0,-1,delphi_3e18_39bucket:5fb6419e901016333ce5c075f123385864a29743541a4465e59b81d1d53f1921,0.9696050528186653,0.005763532649880905
weibull_softplus_unscaled,uncheatable,external_development,0,-1,delphi_3e18_39bucket:6233cb472d97f01738aec435e826103682ccfd8390ef3bf6783341c9818b9043,0.9952713520260266,0.0013149761763789744
weibull_softplus_unscaled,uncheatable,external_development,0,-1,delphi_3e18_39bucket:635528e5e2a0e881124caf31eb8cf68a81b7afe38b50630e57e736edbdd31013,0.989797800037705,0.004071949263306396
weibull_softplus_unscaled,uncheatable,external_development,0,-1,delphi_3e18_39bucket:643213b3d69a274b198c42fc5df8e2e33accfef69d26786274a4e3f0d3ff1eba,0.9715837828407057,0.0025335639856042796
weibull_softplus_unscaled,uncheatable,external_development,0,-1,delphi_3e18_39bucket:64f4ce182df0f4dc266d00d5177554ae26d369be6d6fdc42e4020ce4c159e038,1.006296062143769,0.004756417446166802
weibull_softplus_unscaled,uncheatable,external_development,0,-1,delphi_3e18_39bucket:657cba1c0ea3a729af39bff18b4377567929bd7f9ece5bd5dd9fe573efdf1846,1.0561311245605531,0.0051906960471688295
weibull_softplus_unscaled,uncheatable,external_development,0,-1,delphi_3e18_39bucket:65ccd2db176dadefe0a7cf70618e1e83b58fd25b8cdb66dafce02ef9cc006744,1.0377252162871238,0.00652294300666069
weibull_softplus_unscaled,uncheatable,external_development,0,-1,delphi_3e18_39bucket:65d781957ad30514765e476d9aef03613f438cb06683bdb6e47eeadeb5f9a3d0,1.0353914317691608,0.0058679424533078705
weibull_softplus_unscaled,uncheatable,external_development,0,-1,delphi_3e18_39bucket:661739490c9b84b6c95c10cd02b37a24bbca1d52fa7a8b7e180f2963642f363a,1.0384688968716134,0.00607892454662121
weibull_softplus_unscaled,uncheatable,external_development,0,-1,delphi_3e18_39bucket:665264aa06d922541d30ea5dffa5ab727ff9eecc9ba769dc6409f816a5ea281e,1.0316338793989597,0.00484041615984945
weibull_softplus_unscaled,uncheatable,external_development,0,-1,delphi_3e18_39bucket:6683ff87838073a568adf59ff7c6498c94372836209739b03bbd5d504c540273,1.0364950347416668,0.005966081186033554
weibull_softplus_unscaled,uncheatable,external_development,0,-1,delphi_3e18_39bucket:67219c03d0898c3bde8548203483153b8dab3ed4fff577a865554213c097934e,0.993927827043249,0.005014694331470468
weibull_softplus_unscaled,uncheatable,external_development,0,-1,delphi_3e18_39bucket:67c596ca345b4ee037b293caa94b2bf053cca70944eb5962eb9081967b56c5a1,1.0565860908772495,0.00603267333068244
weibull_softplus_unscaled,uncheatable,external_development,0,-1,delphi_3e18_39bucket:6804300e425006b08f97520a7f6c9bba13378a0b6b02edcbfec5611e5ca0c44d,0.9831430183560095,0.0021711978545465387
weibull_softplus_unscaled,uncheatable,external_development,0,-1,delphi_3e18_39bucket:68195b7435e250fecfae0a4a43494aec7a31a5058003835e9123c0d9e17c5779,1.036378921045493,0.005987244832031092
weibull_softplus_unscaled,uncheatable,external_development,0,-1,delphi_3e18_39bucket:685f65df9a5d97bc32080e3b868a666285be0939d78e0a811d378657ee757244,0.9600302974125978,0.0052659488666415765
weibull_softplus_unscaled,uncheatable,external_development,0,-1,delphi_3e18_39bucket:6a6a57cc90489b1821b2d65721b9c2e1d907405a1cb08fb12b0a637f75a245c7,1.0535585903788482,0.005639341653051313
weibull_softplus_unscaled,uncheatable,external_development,0,-1,delphi_3e18_39bucket:6b35fe0f0f1836e028d532783d26a896a624c7a1b735b664c912826d6046ade7,1.036558550970649,0.005955615160729486
weibull_softplus_unscaled,uncheatable,external_development,0,-1,delphi_3e18_39bucket:6be8998407711e41d66a8387ce4264ca2d324918221eafcce587dcead56348cf,0.9842159766076302,0.003370107164649842
weibull_softplus_unscaled,uncheatable,external_development,0,-1,delphi_3e18_39bucket:6c651e55ddca05236b7de3e3673e1b135e1bafa15edb691f8d6ccfe12505a49c,0.9995180651822753,0.0039398124463469455
weibull_softplus_unscaled,uncheatable,external_development,0,-1,delphi_3e18_39bucket:6eff5c2c6d0c6033485ec4cb97a6edae6de89063ea34c89f669ff4e4e0629eea,1.0439725512812417,0.005888158730373565
weibull_softplus_unscaled,uncheatable,external_development,0,-1,delphi_3e18_39bucket:6f2ceecb1630469201c7035fa1c46b5e3575989940074cd8c176f47a5250cda2,1.0422190630547792,0.006046741173530344
weibull_softplus_unscaled,uncheatable,external_development,0,-1,delphi_3e18_39bucket:6f5f12ad402436790f3d03055f3eb56f3931fe179faa1d08d6bfed2b23726d8d,0.9845149118238485,0.012773376228950178
weibull_softplus_unscaled,uncheatable,external_development,0,-1,delphi_3e18_39bucket:7085b12019ff35a054c005d424eb8596134e288c7ecaa2596bb4b5711eb66326,0.990531753815153,0.00486334817248099
weibull_softplus_unscaled,uncheatable,external_development,0,-1,delphi_3e18_39bucket:7132c13eee4b70ca34a33f9a9ae7366f1bfa0fced8aaf9fa0323bc319b97506a,1.0416896901966137,0.0058144455398225
weibull_softplus_unscaled,uncheatable,external_development,0,-1,delphi_3e18_39bucket:71eb42d48f6b6a336390c690ce1e47364dfe485e2a4f06e168075c88b0def0a9,1.0800829906195353,0.0057614394500588445
weibull_softplus_unscaled,uncheatable,external_development,0,-1,delphi_3e18_39bucket:73b73bcfae2235917fe2f1124d67bf7e8f4de12dc6dcc34da1357fa35965dccd,1.038961128615743,0.006113871438897749
weibull_softplus_unscaled,uncheatable,external_development,0,-1,delphi_3e18_39bucket:73e4938531467186d1056d6cf58b170c580574db409beae1e74fb1f8405d458a,1.0369515451667048,0.0057307876241241345
weibull_softplus_unscaled,uncheatable,external_development,0,-1,delphi_3e18_39bucket:742dd349c1fbc18af63f516a37aaff216490071ad5e744e3cf744b4b49367d40,1.048543237025622,0.0058555213780363945
weibull_softplus_unscaled,uncheatable,external_development,0,-1,delphi_3e18_39bucket:74bdb4e6f472459381f30133f60e19e24a54f6c7d8a9fc845b5471d668934b4d,1.0021718889126292,0.005734997705288898
weibull_softplus_unscaled,uncheatable,external_development,0,-1,delphi_3e18_39bucket:779582b98316a575f87b769bfc22d3510587f0f16a442ad2616825ec6f00f94d,1.0371969253701097,0.005927743358598172
weibull_softplus_unscaled,uncheatable,external_development,0,-1,delphi_3e18_39bucket:789182d5189317aa9b8640cc1bce52e2c170dc32657677d3a4108620bcbb7f05,1.0413275930861166,0.0062888052716442875
weibull_softplus_unscaled,uncheatable,external_development,0,-1,delphi_3e18_39bucket:78b2e8346a4519dfef462b8376a77bc4e1d601f8933e6641020cf0eb7e48efc0,1.022577896280525,0.00531661219838068
weibull_softplus_unscaled,uncheatable,external_development,0,-1,delphi_3e18_39bucket:79342538155564afca7e514f857df1aab57ae43c2a727fc37d051d30c6d25bbd,1.0725680162840936,0.005834440184543407
weibull_softplus_unscaled,uncheatable,external_development,0,-1,delphi_3e18_39bucket:79b7dc536837224e4eff768fb8683996c85a942a48afb91148b576ea01130da8,1.0368203209339155,0.00522658758977522
weibull_softplus_unscaled,uncheatable,external_development,0,-1,delphi_3e18_39bucket:79faa6a5b2de9e64c364af44aaa762e31a637c87c7c6d57002f957ef71cbeb84,0.9799455476739998,0.0026663923982270014
weibull_softplus_unscaled,uncheatable,external_development,0,-1,delphi_3e18_39bucket:7a8a1571857b7cc2f62797b819c02b7601a261a232ede9b2b2a40a8e02631529,1.0372836699033399,0.006994429655005488
weibull_softplus_unscaled,uncheatable,external_development,0,-1,delphi_3e18_39bucket:7ab74cb0c3631183b76fefb3117496ce670fa45cf520e299bb7f3bce074e8658,1.0837938657865411,0.005561239786949925
weibull_softplus_unscaled,uncheatable,external_development,0,-1,delphi_3e18_39bucket:7c9cf8d99e2a20bfcf7060b220169c9ae7c13a5c2cfaa96022cc97b063759fec,1.001853888307943,0.004677232766436973
weibull_softplus_unscaled,uncheatable,external_development,0,-1,delphi_3e18_39bucket:7d6e5bdf2421a78af620ea6ac7975078e405a629c7642ced529ef76b1f6bba54,1.008683176890566,0.014823793590102646
weibull_softplus_unscaled,uncheatable,external_development,0,-1,delphi_3e18_39bucket:7e50a540822cd1f63f18761885d1cd012c7c060ebeb687febf7e9be0ca69e06f,1.0413043830390314,0.005845302495885138
weibull_softplus_unscaled,uncheatable,external_development,0,-1,delphi_3e18_39bucket:7e55a3661a634ab042b0d907f35856d18f479e608ad474942aa5a6ecf7f9f033,0.983936291853853,0.0033017049112778214
weibull_softplus_unscaled,uncheatable,external_development,0,-1,delphi_3e18_39bucket:7ea661be2a7587559cb8925e1eb21820cb040c4cd7a883b0f24803c308d3fb41,0.9810326546424053,0.002842255953472241
weibull_softplus_unscaled,uncheatable,external_development,0,-1,delphi_3e18_39bucket:7ed367f16179f0147cfe76808f461bb876363b57665b8e5485529577f7dd5210,0.9789150711807676,0.004307797864748311
weibull_softplus_unscaled,uncheatable,external_development,0,-1,delphi_3e18_39bucket:80b7399fe369d7309377bca271430df48654b77c59f6f9809f09f49a62c14c95,0.9668690058348033,0.005289462392051065
weibull_softplus_unscaled,uncheatable,external_development,0,-1,delphi_3e18_39bucket:80c15a27d3c6defe26f889f7936ebab693f93a38ab4040725e65f243f2688f9e,1.0681378241579955,0.0066049873180225906
weibull_softplus_unscaled,uncheatable,external_development,0,-1,delphi_3e18_39bucket:80cd1b3538923f0a877e5c9e8a78b526e337a71951c52c3ed2fabe91e7daeb69,0.9765731430840783,0.003926665443975953
weibull_softplus_unscaled,uncheatable,external_development,0,-1,delphi_3e18_39bucket:80ef0b613e000a82657443770642af353463be1258804e7d9a261d13e6d4476b,1.0372731497649972,0.008980121144678263
weibull_softplus_unscaled,uncheatable,external_development,0,-1,delphi_3e18_39bucket:81329096cd24fadc9f75ffda9d87c90de1dd4f27e19160c1a0ab25986bc2213e,0.9828092295335165,0.003247375510267894
weibull_softplus_unscaled,uncheatable,external_development,0,-1,delphi_3e18_39bucket:81cb45a36b39811750d0ff0f4375bddfcf30514d23437ee76f5f2fb9aeef22de,0.9716286348795435,0.0020920896779658836
weibull_softplus_unscaled,uncheatable,external_development,0,-1,delphi_3e18_39bucket:83255fbba7f49b8b85c42635b9dfbb84761b39c2df55f527fecbf415d75bdb19,0.9558079890228905,0.005769146022038736
weibull_softplus_unscaled,uncheatable,external_development,0,-1,delphi_3e18_39bucket:834ca3cc6431aa04fe7c1039a47a2b6cb51197eca105e28b5fdd395b13a59c18,1.0359138936091807,0.006206948744755968
weibull_softplus_unscaled,uncheatable,external_development,0,-1,delphi_3e18_39bucket:848ee17fdc86ef605e6b967b8be1b2327ef85ba9fcd80de8caf8ec6cb2bfae35,1.0436876697805282,0.005598812556404936
weibull_softplus_unscaled,uncheatable,external_development,0,-1,delphi_3e18_39bucket:851897897f6a702a132a53ae8f04f9f597629831dfbe696325a3cb4810870279,1.038333954082645,0.0056598293495577524
weibull_softplus_unscaled,uncheatable,external_development,0,-1,delphi_3e18_39bucket:85cf736312d9c54d30d33e799831eace88d4de508ed9795dc06bd89296394ffd,0.9945491147038421,0.005008678597701886
weibull_softplus_unscaled,uncheatable,external_development,0,-1,delphi_3e18_39bucket:86420d557a137f4d0cf021827bb1dfd00123496c140b53f73d1886b1fcfec8be,1.0377180057681823,0.005949485454405932
weibull_softplus_unscaled,uncheatable,external_development,0,-1,delphi_3e18_39bucket:869e1d284e219525aaf5d7d275906629688a62da31308f8af724cf8e4e5d9f87,0.9838471973512586,0.00345099978233339
weibull_softplus_unscaled,uncheatable,external_development,0,-1,delphi_3e18_39bucket:87080ec1cfff7cc2b32c2fdc42c41a6796e01bcbfb8616fe6e2dde53b69a4109,1.0755068347816932,0.005190854592500091
weibull_softplus_unscaled,uncheatable,external_development,0,-1,delphi_3e18_39bucket:8742e8c2e0296f55b1c137dd55f16cb74ac4383a6910e9d287ebe64de86fef97,0.972512511397905,0.003431009661652507
weibull_softplus_unscaled,uncheatable,external_development,0,-1,delphi_3e18_39bucket:8764bd229418c70dbbe599973cafc92f4d5c6b32008b9660f4dc1c2b9ea05ee6,0.9628952794257206,0.0023731444195724
weibull_softplus_unscaled,uncheatable,external_development,0,-1,delphi_3e18_39bucket:87837653d9cdc600c37c55a28dbdbbafffdc6e81c912de2423ff4dd6118f5f0a,1.0349987931155429,0.0058557325648053524
weibull_softplus_unscaled,uncheatable,external_development,0,-1,delphi_3e18_39bucket:8784616bf6a6f4416513634feed4c1d09697d7626e853b9132f5d5b1a5ec5286,1.038127289063845,0.006046669518461629
weibull_softplus_unscaled,uncheatable,external_development,0,-1,delphi_3e18_39bucket:87be168549724da95ae6d032411d12303a0ae7fc9c2ecc38ead4f252668fcd3d,1.0457959940747084,0.006169580824756976
weibull_softplus_unscaled,uncheatable,external_development,0,-1,delphi_3e18_39bucket:886ef9a3b6898b33d1cbfe224fde8ae46669dd21b00953a088e52e85aea29e34,1.056902484004115,0.005480002326282358
weibull_softplus_unscaled,uncheatable,external_development,0,-1,delphi_3e18_39bucket:888cfaf89d4295f594e70e228c529e053cfd95543a8db5dfe5873174591305d6,0.9685179355099556,0.0026635155817852398
weibull_softplus_unscaled,uncheatable,external_development,0,-1,delphi_3e18_39bucket:88da80acdbb077326baf06c1ee5ed44df4ccf2d1c95d0225144a1ef721799941,1.0364435348840149,0.006017064278686058
weibull_softplus_unscaled,uncheatable,external_development,0,-1,delphi_3e18_39bucket:8910b0578fdda4c18bd7e50f1db6f6ae52d07ac262aa4cb6226715890111fba5,1.0383266407968819,0.0048310732961530985
weibull_softplus_unscaled,uncheatable,external_development,0,-1,delphi_3e18_39bucket:8a5e02daa1e8fdf2a742a34c43f9a70bb723cb9f61bc5fcfe9694679bdaca30e,1.0360908912643234,0.0058665557260324545
weibull_softplus_unscaled,uncheatable,external_development,0,-1,delphi_3e18_39bucket:8b6fc2228a641c15336b0a2f6243168c75a92ef85a25feac87bdbcb80fa0ce3e,0.9548829022753298,0.005768620770301337
weibull_softplus_unscaled,uncheatable,external_development,0,-1,delphi_3e18_39bucket:8baefda61a7b076070dd2fdfae9c2833cb8c470bc0be085535e8c1a510789ee8,1.0495176431701958,0.005638980054415884
weibull_softplus_unscaled,uncheatable,external_development,0,-1,delphi_3e18_39bucket:8bb9f580b38a5691e7f2030d568ef8db3f7430366b33433322edc9652cacd6f5,1.0396353022888571,0.005593315464443047
weibull_softplus_unscaled,uncheatable,external_development,0,-1,delphi_3e18_39bucket:8bbe93b0af46157c7aaa17bf2587b4a436032d818670734d30f256fccaef3ed1,1.0314160614481922,0.005865264952770119
weibull_softplus_unscaled,uncheatable,external_development,0,-1,delphi_3e18_39bucket:8bd59c49ec1cdc852b27915a9a7ac596f0f8a73500f6591ee9c6557d34bd8c27,1.0358445449407823,0.0060798886219313765
weibull_softplus_unscaled,uncheatable,external_development,0,-1,delphi_3e18_39bucket:8c377f234db2429719cde7dad4993aee8d5ba1a1b9fc4bb1edecd7ce3c71c7ba,1.040303956061781,0.005783185463357264
weibull_softplus_unscaled,uncheatable,external_development,0,-1,delphi_3e18_39bucket:8d8d29d13a22ae384d9c1d2602fbdc405a2944615cac1839a8fed0a4f1cf92cd,1.0038195398883654,0.0082152811832636
weibull_softplus_unscaled,uncheatable,external_development,0,-1,delphi_3e18_39bucket:8e07c6e265071fba3115ceab986006dd4518361d77cde815c233b3b70a3ffdc0,1.0353086256217052,0.005903742752094437
weibull_softplus_unscaled,uncheatable,external_development,0,-1,delphi_3e18_39bucket:8ed5f5516a187a4a2554d9c9c8146015a7f00b116e579433a44c39a9c8006f31,0.9712394621897905,0.01063862009430264
weibull_softplus_unscaled,uncheatable,external_development,0,-1,delphi_3e18_39bucket:8ef412ceada2d7ce755116002b185f9a484e1bd67269fffa0bb96a36e49f1b57,0.9883329583627143,0.0033255393051300846
weibull_softplus_unscaled,uncheatable,external_development,0,-1,delphi_3e18_39bucket:8f9d336e61271fad2de609d91cff46986aa0a18d154f1bb47311d58529798e70,0.9725136640955026,0.002145649079505708
weibull_softplus_unscaled,uncheatable,external_development,0,-1,delphi_3e18_39bucket:8fd1ba3a337f5601be326ee3fa5f02778374cd45763940f906a747ef581271a2,0.9976261050826403,0.0035944653411150965
weibull_softplus_unscaled,uncheatable,external_development,0,-1,delphi_3e18_39bucket:90dba2fc8d83436f4853eb165d137a40b833acc83db632ba583aa912e43b733d,0.9675979253801477,0.0022997732026935327
weibull_softplus_unscaled,uncheatable,external_development,0,-1,delphi_3e18_39bucket:90f52ac0608eb5e98056e42a1f2c4baf179f331a5a38fab70ead512319850a58,0.9685295097487464,0.005260280219123176
weibull_softplus_unscaled,uncheatable,external_development,0,-1,delphi_3e18_39bucket:915788dcc658ef8459d4fe90196613e360eb9a4655570e26ccf506b5a28854fa,0.9798871943660565,0.002526344066687546
weibull_softplus_unscaled,uncheatable,external_development,0,-1,delphi_3e18_39bucket:91ab6eb5ae7849b9e87fba2106c491587834053d24b5391eedf4835d5a9ceefb,1.0388893486282842,0.006049965967763914
weibull_softplus_unscaled,uncheatable,external_development,0,-1,delphi_3e18_39bucket:937f2ad80bf81c490b47d4ffa2a834687d935ca5b8d1aac556126ed037de7674,1.0277575553559766,0.007541230217624389
weibull_softplus_unscaled,uncheatable,external_development,0,-1,delphi_3e18_39bucket:9402f0aef28710392a371f6c2d00b98a0838d825536798d42069e950307c4c99,0.955611765548161,0.0056754032039595965
weibull_softplus_unscaled,uncheatable,external_development,0,-1,delphi_3e18_39bucket:970c37b900cddf2525317a138fb131ccad6daea8791d001f37f7afb455709750,1.0280451736998653,0.005385367335612883
weibull_softplus_unscaled,uncheatable,external_development,0,-1,delphi_3e18_39bucket:97a9a5ebb9cef7528b5a1da0e741881159e16d17debe1bae0a412102ad3ef173,0.9573991703852365,0.004603390641604638
weibull_softplus_unscaled,uncheatable,external_development,0,-1,delphi_3e18_39bucket:99a1fe189ce40a2f048415cf2c9d05a5d0869a5118c2c936a4376cb325c23e68,0.9677483282318922,0.005150799435182325
weibull_softplus_unscaled,uncheatable,external_development,0,-1,delphi_3e18_39bucket:9a343b0b93b0bad4f87152437bb40a403f7be5b9f572cfae5e7703e50bc7093a,1.0851208708045834,0.007242078535944829
weibull_softplus_unscaled,uncheatable,external_development,0,-1,delphi_3e18_39bucket:9a66aeb4da20d6cb985f60b618c35fa92cb849c3995c7701c5b8b9785a935f95,1.0379271007676132,0.005809196408797564
weibull_softplus_unscaled,uncheatable,external_development,0,-1,delphi_3e18_39bucket:9b478f9223e98b33f203281ad106af33651a711905e81c6425afe46d362783dd,0.9685866083216916,0.003227813514043684
weibull_softplus_unscaled,uncheatable,external_development,0,-1,delphi_3e18_39bucket:9b5151b872ae7af3e6ea7b0848ca27f2df40cf9db2959053862a77d7bb2ce64a,1.037348174190383,0.005876459923135005
weibull_softplus_unscaled,uncheatable,external_development,0,-1,delphi_3e18_39bucket:9c6db70647e13c5852166d57e3fc232c7b5e9b140a9ad0d9b86579435f1b927e,1.0379118538073495,0.005886414845931938
weibull_softplus_unscaled,uncheatable,external_development,0,-1,delphi_3e18_39bucket:9cb37ee04e914fba68e7aa6ea382c6a5dcc2b405ec78b251b537abc8f70b15f2,1.0890756664145673,0.007926252144406891
weibull_softplus_unscaled,uncheatable,external_development,0,-1,delphi_3e18_39bucket:9d67ecf7ca42caa8c17072acc340447c75d621fa7f6328d104f5c9aaeb7ec6e0,0.9909305582223732,0.0038148964484589444
weibull_softplus_unscaled,uncheatable,external_development,0,-1,delphi_3e18_39bucket:9dd4959b60a619086be7a961944fc3ecdd885a9e689014e9469cefc96b05d519,1.0439230284018144,0.0056993996731587865
weibull_softplus_unscaled,uncheatable,external_development,0,-1,delphi_3e18_39bucket:9e9c69194eb0212d58b2cd82c37cfb3cd0425cc53145c90e62e8fdaa0146b72c,1.0608251130267896,0.004761797164025148
weibull_softplus_unscaled,uncheatable,external_development,0,-1,delphi_3e18_39bucket:a06702de740002664665137e4b38e0b8da850b54fa2b60043b07648bc7865e0d,1.0386452218344409,0.005926415353551509
weibull_softplus_unscaled,uncheatable,external_development,0,-1,delphi_3e18_39bucket:a0bbc1f698c1a18d7f21e9791cce50f2a1d00723e1a937c8b85e7b03774f3749,1.0371050116457272,0.005935044875544478
weibull_softplus_unscaled,uncheatable,external_development,0,-1,delphi_3e18_39bucket:a112249e06f01c4b89fb7ab08cab57efeda282d92742f4cc252467705cf190b3,0.971139523028464,0.0028256729591509227
weibull_softplus_unscaled,uncheatable,external_development,0,-1,delphi_3e18_39bucket:a1a917b1981fc2cad2c2759dccf963b51fb941fd9816c49087f7b119545d4161,0.9754154990390456,0.002528062803884599
weibull_softplus_unscaled,uncheatable,external_development,0,-1,delphi_3e18_39bucket:a1f87c7627ab9c948d93247605933c7e9d12b8ea41ba1996c0c22c23f0c60e1e,1.0382662576954136,0.006016078486008627
weibull_softplus_unscaled,uncheatable,external_development,0,-1,delphi_3e18_39bucket:a25dabb3c98aa39ea49c61f7537a84bdce96e8f918213f095826eb4df2bfcd91,1.036938633269296,0.006181514150002433
weibull_softplus_unscaled,uncheatable,external_development,0,-1,delphi_3e18_39bucket:a2e9ef04947000c42a5fce44f079afd6c9a82405871f0ae796e3a23c09bdcd60,1.0485521456519193,0.017074840457757628
weibull_softplus_unscaled,uncheatable,external_development,0,-1,delphi_3e18_39bucket:a315b6115cd413de8d5e39509e9b2bcb130fb31b515f2b998f7a274d483f99de,1.0366579692686446,0.005902442395685682
weibull_softplus_unscaled,uncheatable,external_development,0,-1,delphi_3e18_39bucket:a33494886bea818345f1c4e736142dd31e9b8963c77dda49d14b97936f38ad95,1.019968683701743,0.006933710671155305
weibull_softplus_unscaled,uncheatable,external_development,0,-1,delphi_3e18_39bucket:a446352f8ea28f09e4c49fbb12b233c435b553f9d70c492c7073b7bf49c30026,0.9782525352601336,0.0029507291204562422
weibull_softplus_unscaled,uncheatable,external_development,0,-1,delphi_3e18_39bucket:a4464fbeb7558934945cefd27711b340531f10f3393f5ab055b29227f11a2f02,1.0352806470359408,0.0059548340110457355
weibull_softplus_unscaled,uncheatable,external_development,0,-1,delphi_3e18_39bucket:a49233d8ca277189ab0cffa6075e2cba9b34d183388b505c02e9a17d70d7b1a8,1.0283123418729958,0.00575469168817197
weibull_softplus_unscaled,uncheatable,external_development,0,-1,delphi_3e18_39bucket:a570734958ce849cebca1348408f996861bd51f2f76876b6595f3aa361d871f5,0.962705202401889,0.008754208075747713
weibull_softplus_unscaled,uncheatable,external_development,0,-1,delphi_3e18_39bucket:a64059ebf6ac3d0875b9f311b2e3e574ff090986e2a18e0768c17721dee9a572,1.044135598061731,0.005776171384928305
weibull_softplus_unscaled,uncheatable,external_development,0,-1,delphi_3e18_39bucket:a65d5c88e37d14e7e1c7bc24772a174122d7735d5bb9401952c2c43a9e52bcb0,1.0379138983230636,0.005925951323304967
weibull_softplus_unscaled,uncheatable,external_development,0,-1,delphi_3e18_39bucket:a6f8ee66180ee4f314eaefad2d4a4d32b2dca4cca30189c172ec69c8e429a20f,0.9754476140616724,0.004262628597631164
weibull_softplus_unscaled,uncheatable,external_development,0,-1,delphi_3e18_39bucket:a8c855f7247f4bb844661b84227e13a55c58f2bdeda554bdaadb6541e5fd19bc,1.0384861935190328,0.005881493793458507
weibull_softplus_unscaled,uncheatable,external_development,0,-1,delphi_3e18_39bucket:a9443e4734c22f757147884341c62ae38299464729f87ed9ebc619cf23b893a1,1.0365049619750057,0.006041379525662648
weibull_softplus_unscaled,uncheatable,external_development,0,-1,delphi_3e18_39bucket:a96abbfe9e29b29f06fdb9be2935742296725f23def7ac46e67be6129f5ca741,1.0566513940348168,0.005721061129276508
weibull_softplus_unscaled,uncheatable,external_development,0,-1,delphi_3e18_39bucket:a98036a6d9c1a1c7fb42982be7cae6f1e1d167bb4c7f7e78ebb546027f1e558f,1.0435343043175935,0.004655019090919886
weibull_softplus_unscaled,uncheatable,external_development,0,-1,delphi_3e18_39bucket:a9fad6c5f1a36df4b0cd5664cd0bb595654bf66783a68cba6267d2877016bdfc,0.9889825439743762,0.011864841827589614
weibull_softplus_unscaled,uncheatable,external_development,0,-1,delphi_3e18_39bucket:aaabe532cd33109c14120ccd2d5f0e2d56bd18382aaad7be18cdb28330125142,0.9752394808337009,0.006596961162651276
weibull_softplus_unscaled,uncheatable,external_development,0,-1,delphi_3e18_39bucket:abbb4c8d6968fb6ed79c1966d74bed13487aa096585bb6b17f377885c682253b,1.0985119679624484,0.006323009285021883
weibull_softplus_unscaled,uncheatable,external_development,0,-1,delphi_3e18_39bucket:acf47cd01afab11ff0fcb7160374abce76a2944fe7a7540d228c251e9321640d,0.9679110099696603,0.002370269478174907
weibull_softplus_unscaled,uncheatable,external_development,0,-1,delphi_3e18_39bucket:ad6cc7dabe4a5d5d4ba13920311e4ef81127a10801519d719266222379ae77b0,0.9913368940362758,0.0021281470127785633
weibull_softplus_unscaled,uncheatable,external_development,0,-1,delphi_3e18_39bucket:ae0dded03badca9af71c45d67446f487f2de6f1c7152b6c1a2d3ecada8a9d714,1.0355962781435992,0.006043042491222597
weibull_softplus_unscaled,uncheatable,external_development,0,-1,delphi_3e18_39bucket:aeda5764b036cc36a476e458c4e1694138347c0c0a1c32ba56e16b7ce7f3a535,1.0562306509681072,0.0052634066805829095
weibull_softplus_unscaled,uncheatable,external_development,0,-1,delphi_3e18_39bucket:af23052e9bb0568d854252c7e9d912d01127effa106d2a440fdce6cbb8742532,0.9751156102311025,0.003776451194628444
weibull_softplus_unscaled,uncheatable,external_development,0,-1,delphi_3e18_39bucket:afa7f9d2a6f67b5b722977318dc8a6e962bfa28bfccde83b219c44fa7eb9c05c,1.037539403210047,0.005941984817515918
weibull_softplus_unscaled,uncheatable,external_development,0,-1,delphi_3e18_39bucket:b0cb7fc00e70c87e1210c38349ab8e80c514b61f5bf14e6e4d3a1e054d88183c,0.9744757404137909,0.0038734529853109395
weibull_softplus_unscaled,uncheatable,external_development,0,-1,delphi_3e18_39bucket:b1168e54ae7e32586bd89eeaf38a318cd349cbd8750efb93612a79f756b5f1f7,1.0382925139145756,0.006003123673060431
weibull_softplus_unscaled,uncheatable,external_development,0,-1,delphi_3e18_39bucket:b24484975c0fdb42bc7d421c371e91d35f685b6538fffc7050e857d97e5348ff,0.9919590797655027,0.004438321416662989
weibull_softplus_unscaled,uncheatable,external_development,0,-1,delphi_3e18_39bucket:b284b63dfdbaa4d3a41a6cf73e5e7366a85962b9ae5dd51f141c10c51a17444f,1.0414590629788791,0.004274124948812794
weibull_softplus_unscaled,uncheatable,external_development,0,-1,delphi_3e18_39bucket:b2e9ddb8f35e322ed0b092df87cdc78e620b2de7818b2a7c9891ff0e9a2b2203,0.9583546123511815,0.0052587148034273085
weibull_softplus_unscaled,uncheatable,external_development,0,-1,delphi_3e18_39bucket:b3c3cd22e3dae4f77235a1bb86fcf08ae715bc018b78109510794e1bfbbec0d2,0.9950300335960887,0.004668177202290565
weibull_softplus_unscaled,uncheatable,external_development,0,-1,delphi_3e18_39bucket:b4019bdf109781eac2e9182593f4f84c5c51635d447918682e7ed12d25efdf1b,1.0361596639724622,0.005986977708457304
weibull_softplus_unscaled,uncheatable,external_development,0,-1,delphi_3e18_39bucket:b49abfda63831b53ca2aab365cc35c3e6cd1bc8420b1e0028f54bd7f8961b11f,1.0363779130236286,0.005512635661508625
weibull_softplus_unscaled,uncheatable,external_development,0,-1,delphi_3e18_39bucket:b4db7f9f5c435c1903537d5c944758a1e93d54c6a0fa3ddd19122f4e7b7298a0,0.9748878664103786,0.002512396530137239
weibull_softplus_unscaled,uncheatable,external_development,0,-1,delphi_3e18_39bucket:b5ee1f40e4fe0358ac680a969cd93dfe1b00c483ee3b2d4ff4bc73bd6424437b,1.089238651212805,0.009344803672016047
weibull_softplus_unscaled,uncheatable,external_development,0,-1,delphi_3e18_39bucket:b6430b97f099d96863ae8ad7779c1bddc164c591ab12cc5ea266142e19a7cdfd,1.0362850701316906,0.005912746261300789
weibull_softplus_unscaled,uncheatable,external_development,0,-1,delphi_3e18_39bucket:b6667136b81fbf1c226a8cff4ee0a7b9650067bfa77ddd0dae276509b612ea9d,1.034021819538775,0.005727481585239908
weibull_softplus_unscaled,uncheatable,external_development,0,-1,delphi_3e18_39bucket:b785f71525744bfa0a8934b482dd570356bebd37292a9b70af0b1a2cf45d9e69,0.9635562814047798,0.006361718339116924
weibull_softplus_unscaled,uncheatable,external_development,0,-1,delphi_3e18_39bucket:b8bf59231f485a24fb35df8862c073595e1cb0cd30c999520e88797d047bfeda,1.0364359148605375,0.005930359469112849
weibull_softplus_unscaled,uncheatable,external_development,0,-1,delphi_3e18_39bucket:b8c7bfd7161a0da8577d236f09c0ed25722a71943281d19f8b06065999e36ffd,1.0407435112755397,0.005814564508111507
weibull_softplus_unscaled,uncheatable,external_development,0,-1,delphi_3e18_39bucket:bab1f73b1a1be66a924b70bb0fdb3a032f1ca3a1e246edb80c0f38d75143aed8,1.0367550763482334,0.005982228888534652
weibull_softplus_unscaled,uncheatable,external_development,0,-1,delphi_3e18_39bucket:bb05f6aa43742ac092f7a6e36533b05e86a566f5ab7b747c98cf9c510521f22c,1.0415516962998133,0.009239509063500235
weibull_softplus_unscaled,uncheatable,external_development,0,-1,delphi_3e18_39bucket:bc889b21107abd278efdaad769b5ab10949627f1ec05986ab2cab83a6d126c08,0.982739967314569,0.008567051000444923
weibull_softplus_unscaled,uncheatable,external_development,0,-1,delphi_3e18_39bucket:bd84fea18d97e337ca86db382439fe7990518cd6d78bfa8837b2e317c2bcd4ae,1.0353701682010399,0.0059865415315624336
weibull_softplus_unscaled,uncheatable,external_development,0,-1,delphi_3e18_39bucket:bf919587f3da29d0e32d10ac8a4e6f6c80f5a696953a34e5d9856c2fce2ce46b,1.0364611355734286,0.006077584039487734
weibull_softplus_unscaled,uncheatable,external_development,0,-1,delphi_3e18_39bucket:bfaa7baec03312fbaf797f310dcd3f2449da03d92fbbfc7d39721ffba14fafde,1.0391682398717392,0.005808303939728616
weibull_softplus_unscaled,uncheatable,external_development,0,-1,delphi_3e18_39bucket:c00c0d5d9f7b8d4f9d4a1f2f6845f4dd0f7effdd60e8da9e988daf574adff818,1.0384630412377716,0.023008412124363633
weibull_softplus_unscaled,uncheatable,external_development,0,-1,delphi_3e18_39bucket:c054206f3c5615aa9b65c1b4c95b0fadd81c68829800edd74567f03e9a7344c7,1.0674198899166503,0.005562711099410885
weibull_softplus_unscaled,uncheatable,external_development,0,-1,delphi_3e18_39bucket:c05a1f0d7a09bbace45fa324f3b36f15945893a87c2ef8e65fd0ec3dc505ca12,1.0354057052152639,0.006140669423777737
weibull_softplus_unscaled,uncheatable,external_development,0,-1,delphi_3e18_39bucket:c08749305f6303b7d46f8c9478053948d5c036a6450977e8de388609b95a2443,1.035975181563796,0.006170702419879926
weibull_softplus_unscaled,uncheatable,external_development,0,-1,delphi_3e18_39bucket:c15c0a441754e3ca9b7ba442214315eb793714c1637ea6042915542863b4e52e,1.035743250137676,0.006002807156660555
weibull_softplus_unscaled,uncheatable,external_development,0,-1,delphi_3e18_39bucket:c2302ab8648345d0d2ed04a6a36d63bacb517001b059421011708c9eeb062a9b,1.0879150919474756,0.010005632607409918
weibull_softplus_unscaled,uncheatable,external_development,0,-1,delphi_3e18_39bucket:c25ebde7be5ebfe94bf12ac46a8dfb1fa5129c16c0776b56097d2c0b50badcf3,1.0417470792215358,0.005485050003510839
weibull_softplus_unscaled,uncheatable,external_development,0,-1,delphi_3e18_39bucket:c2a96b7bef323ee258a79c3d89b1a60204189ab465b1c089c9361f2274b34cee,1.0371257889655832,0.006105706523643344
weibull_softplus_unscaled,uncheatable,external_development,0,-1,delphi_3e18_39bucket:c404d7ca8f49357e32b5fe2d2331593e2c60a0fc7de1d05930f61c6534d6f758,0.9892745946487185,0.007460992493370333
weibull_softplus_unscaled,uncheatable,external_development,0,-1,delphi_3e18_39bucket:c4fc6809d2c27027b17ae596b8cb3ece12ace1af46d86d143cb6eeb4b1466ed4,1.0299674596843638,0.0044531593726581855
weibull_softplus_unscaled,uncheatable,external_development,0,-1,delphi_3e18_39bucket:c5b98b2371c8e5cfcb49f4a4f60aff9c21930087466aee3ea9f5c9e6dedd132b,1.0377627762920467,0.005940099388593995
weibull_softplus_unscaled,uncheatable,external_development,0,-1,delphi_3e18_39bucket:c5ffa8e3d7c670e959036ab38016e0e17064fa12ac2fcba643c70b1ef25297b3,0.982012934092329,0.003909752640201301
weibull_softplus_unscaled,uncheatable,external_development,0,-1,delphi_3e18_39bucket:c6601f428a7e18377f34fa8ee9b58bb6a20e42c3abcadc04e7e64aef3ca82f2a,1.037599675180432,0.005966478384371697
weibull_softplus_unscaled,uncheatable,external_development,0,-1,delphi_3e18_39bucket:c6cbc3ebaf486eecd75d04f449fdcc92c804765f512d2bceecde5c1aaa30dd39,0.9863034257291633,0.0032110354774392957
weibull_softplus_unscaled,uncheatable,external_development,0,-1,delphi_3e18_39bucket:c721e392dcf2947fea2da8fcf1ef91d058c717ffb8e74e8402734e31f22578fc,1.0660467360364674,0.005664667913340739
weibull_softplus_unscaled,uncheatable,external_development,0,-1,delphi_3e18_39bucket:c87ec77627abffb947457fe5ff94cee77dd2737df36b8233de3411db0560dfd6,1.042845907764846,0.005580862122955031
weibull_softplus_unscaled,uncheatable,external_development,0,-1,delphi_3e18_39bucket:c8a7abc202e6fa1b3d7cc9e00542979084efdddd63313db5c25669da85ad2b19,0.979667665625161,0.0025799330450456855
weibull_softplus_unscaled,uncheatable,external_development,0,-1,delphi_3e18_39bucket:c8a7b68f3dd8d7d2600dc1e56fb8af9e5dcb176edc162738d4eaff7b540cd53b,0.9904421626887505,0.0029609660976998783
weibull_softplus_unscaled,uncheatable,external_development,0,-1,delphi_3e18_39bucket:ca102ba62bbf29559c65ef5d820f9064d4e3c710e012829a4c0fd18013c5f806,1.0363057061304108,0.006185571706421352
weibull_softplus_unscaled,uncheatable,external_development,0,-1,delphi_3e18_39bucket:ca5106858b9b57cf944d35ebd150b6feca9287a4f1d0cc9d182be3e623f00fa6,0.9883821004643449,0.00443448297357489
weibull_softplus_unscaled,uncheatable,external_development,0,-1,delphi_3e18_39bucket:ca69ddeae35c4c684203106971843457fd269090a8b5885ef26b440471941286,1.041550102253579,0.005768406192853685
weibull_softplus_unscaled,uncheatable,external_development,0,-1,delphi_3e18_39bucket:ca71f5d232644557d07fcacb22abf1fe46660152bebbf6ab27caf4b6998d06a8,1.0373779584542635,0.005893243302098995
weibull_softplus_unscaled,uncheatable,external_development,0,-1,delphi_3e18_39bucket:cb32fd5b0fd8a23c495ee8d05996c1926f4be32607954211152e0db19572b8c9,0.9736530894989874,0.0027594836670294474
weibull_softplus_unscaled,uncheatable,external_development,0,-1,delphi_3e18_39bucket:cb466766fe3b5296e1b15a347ff4fd4692400efc5cce4a696639c2129805162a,0.9884099668623177,0.0038421815180723364
weibull_softplus_unscaled,uncheatable,external_development,0,-1,delphi_3e18_39bucket:cc2d283f3d5584275c7938fd4a0fadb9bbd9543dc9b5ae965f2d87df95c479ff,1.00348636578692,0.004315126263597049
weibull_softplus_unscaled,uncheatable,external_development,0,-1,delphi_3e18_39bucket:cc8d689416c08c842058dd84255bb52de8103b71eb9f8f618204a90c83157584,1.0367448561013886,0.006735866236751158
weibull_softplus_unscaled,uncheatable,external_development,0,-1,delphi_3e18_39bucket:cce19bcdfb95a772d1f465a94498e69474d7f7235d46ab401d3d0543e73f9e3b,1.0365639505577144,0.006038303941132142
weibull_softplus_unscaled,uncheatable,external_development,0,-1,delphi_3e18_39bucket:cd1cd78d6325f56e5c761e7042369262a032ce78f12fc6d47e4ebf1ce0894339,0.9804403234040736,0.005917418605677699
weibull_softplus_unscaled,uncheatable,external_development,0,-1,delphi_3e18_39bucket:cd8eec34fcd41e0cd76c6ef4d520fa83d6c6b5a1828c92c8c556ba4c806a58e7,0.9929407718506664,0.004305762431043722
weibull_softplus_unscaled,uncheatable,external_development,0,-1,delphi_3e18_39bucket:d0464cb13d27d2a18ba98c8b83432b1ae53015c4d57e01bf932603caedbbac7d,1.0835387122180486,0.008958389804447325
weibull_softplus_unscaled,uncheatable,external_development,0,-1,delphi_3e18_39bucket:d097ba261d98ffe38b995691fc506821678d330c54b489b4d0e645e75c5e4e2e,0.9712021578152029,0.003057821893896831
weibull_softplus_unscaled,uncheatable,external_development,0,-1,delphi_3e18_39bucket:d0b59aacb13e8749a0d761af5008890d6865d701d8550e40a60ca86f2e67ccb2,0.9789391281134997,0.0029178502230057172
weibull_softplus_unscaled,uncheatable,external_development,0,-1,delphi_3e18_39bucket:d160bb3271ba96668590d3b3c7781ad51718216823831c921585a8f73ffc9cf7,1.0574969954209754,0.00610341482293415
weibull_softplus_unscaled,uncheatable,external_development,0,-1,delphi_3e18_39bucket:d1926d64591176c8020bee54efe637a248f4f8f8bf927613049d062dccff4228,1.0396675847081382,0.005766289351971131
weibull_softplus_unscaled,uncheatable,external_development,0,-1,delphi_3e18_39bucket:d22385a3b372ad3742331c911e6df47b6459dcc8f7e6ce58cd5dfc1ca901a754,1.03900532447256,0.0059172062004342356
weibull_softplus_unscaled,uncheatable,external_development,0,-1,delphi_3e18_39bucket:d2cb05198ef956cc89df9b6aee5c76ace3aa353ea2a7316011503bff3c873c17,1.0024345874056038,0.0034819631713422644
weibull_softplus_unscaled,uncheatable,external_development,0,-1,delphi_3e18_39bucket:d2e1cc893f01a2f4943b13a6c01ee72024f580a689c62fa909560c73a65054e5,1.0371701877034885,0.006092718995830615
weibull_softplus_unscaled,uncheatable,external_development,0,-1,delphi_3e18_39bucket:d3a383c91e3c36378540e209e50999c8d005ae2b08fa6bcda7f383834b2d5dd7,1.0141759226236273,0.003631550654754276
weibull_softplus_unscaled,uncheatable,external_development,0,-1,delphi_3e18_39bucket:d3b53955f30411b3c382fe4844d1526d3c14d09844153a940230c4beceeddb73,0.9614295647069222,0.0032991117810685965
weibull_softplus_unscaled,uncheatable,external_development,0,-1,delphi_3e18_39bucket:d3bba0f2b0ea428ec64283ded20ce739bbf9f7fab261d2b9b90cfb1bc9c6c75e,0.9723581507334229,0.006220988777632638
weibull_softplus_unscaled,uncheatable,external_development,0,-1,delphi_3e18_39bucket:d3ffb3bd8e28eedb08376603e2c85cc3e83cc89ca533199775e943278e32c509,0.9845417701170687,0.004095086818750747
weibull_softplus_unscaled,uncheatable,external_development,0,-1,delphi_3e18_39bucket:d527a2813816791f311d6f8c670a30cc1ce84f41c6b7365ae771b1f53ebf6e7e,1.0265319774345503,0.005739123612371232
weibull_softplus_unscaled,uncheatable,external_development,0,-1,delphi_3e18_39bucket:d65c8bd6c68862d250311137ac89042ba916da88e21f9cf04f7119fc9e25a489,1.0370310472686153,0.006005690773094276
weibull_softplus_unscaled,uncheatable,external_development,0,-1,delphi_3e18_39bucket:d6c7da8dacb3efe4cbd45ee0cdd899a5a606cc57be51472b188809093554e699,1.0361428342014447,0.0060945357628745455
weibull_softplus_unscaled,uncheatable,external_development,0,-1,delphi_3e18_39bucket:d6e102b380bcd9b39d2f2c4079d81d416738002f9b25316b3da9ac88d43b5a75,1.0522881440096463,0.00916841807760005
weibull_softplus_unscaled,uncheatable,external_development,0,-1,delphi_3e18_39bucket:d6f6db3e0cc1a598f7eb00a7cdd40d78f821a9336eb0eaafc14da93a04575fc5,1.0607302874193345,0.0057729385917474115
weibull_softplus_unscaled,uncheatable,external_development,0,-1,delphi_3e18_39bucket:d82c377f5bda11f52b93db01e55fa25c844255cf016ad96b80cba7cc1e618d90,1.0456036468573355,0.005525220894626139
weibull_softplus_unscaled,uncheatable,external_development,0,-1,delphi_3e18_39bucket:d87d478ea93a73fe0faec12048b20970bdefd41aa65888c79d1d35c24ec3556f,1.043882584900024,0.005439793346227765
weibull_softplus_unscaled,uncheatable,external_development,0,-1,delphi_3e18_39bucket:d941fe99995a0f675ffc09f1d7883ac2d032a87a00fdfc22e934c5e5ca0b3452,1.0493455482502962,0.005238047393373646
weibull_softplus_unscaled,uncheatable,external_development,0,-1,delphi_3e18_39bucket:da68fd5e623c705387752f321a8116e319a7ae87670618ba096558effd2df550,0.99763147610407,0.0038931643251708184
weibull_softplus_unscaled,uncheatable,external_development,0,-1,delphi_3e18_39bucket:dac1e0885f0941e15f72456af8f56424e1b8630c37344b54346219c98f5c5f0b,0.9796576653427719,0.0029664898712605994
weibull_softplus_unscaled,uncheatable,external_development,0,-1,delphi_3e18_39bucket:dc1f33b2668dfbb787d82df7f8e734431a829bbec2fbf8e9888d6eb582289a3d,0.9769593021910258,0.00479505514515172
weibull_softplus_unscaled,uncheatable,external_development,0,-1,delphi_3e18_39bucket:dd42df7f0cbc461aa02a49d493e5c4c2ea94713026c4e3fffdf7e482f0a766ad,1.0550014724396686,0.005327002586583481
weibull_softplus_unscaled,uncheatable,external_development,0,-1,delphi_3e18_39bucket:de0e4fef934b64c948d7c068f622295aabe99cb83c95ee0ad68b73c366c57402,1.0038028116004698,0.003637725927130036
weibull_softplus_unscaled,uncheatable,external_development,0,-1,delphi_3e18_39bucket:e021fd14fbb714ef3bc7fe5df146588cfff0a72ec3ea45ae16d31eea5646ae09,1.0368742573750245,0.00584364474924473
weibull_softplus_unscaled,uncheatable,external_development,0,-1,delphi_3e18_39bucket:e0965c961694035e43a1da45a771f8e07c074674ecad18c76460f7ac0eef2137,0.9979384483358902,0.0035521593560039018
weibull_softplus_unscaled,uncheatable,external_development,0,-1,delphi_3e18_39bucket:e0a4d646094bff9aad92ca04cd9c5ca30c296001c0b7d65c3c20a1df0bd8ef08,1.044226797796664,0.0058492142137155515
weibull_softplus_unscaled,uncheatable,external_development,0,-1,delphi_3e18_39bucket:e0f79d9bac30fb11db8b83b66ba5e36c77c69e8b4eeece18a5b2a234d3198745,1.0368070256104156,0.005999332232770733
weibull_softplus_unscaled,uncheatable,external_development,0,-1,delphi_3e18_39bucket:e188885cf2c9eba933b968231574f63edf90b3467074b7a9229ed11c950259ad,1.0372282358540734,0.005934676635904324
weibull_softplus_unscaled,uncheatable,external_development,0,-1,delphi_3e18_39bucket:e283e505de0059b81a2b58a66a9af312bc1f3c7a7440e50c3fdcb3ff8213a34f,1.059425053317753,0.0032440928507547363
weibull_softplus_unscaled,uncheatable,external_development,0,-1,delphi_3e18_39bucket:e29801c3f5ba907bd5cc224343efa34e4693142ccec5ad71fd943c60b2b3a689,1.0324969105975406,0.005867561972121738
weibull_softplus_unscaled,uncheatable,external_development,0,-1,delphi_3e18_39bucket:e371bb5a7b5ad1a86dec663c9450a27400d377093eb89ae1812af20716ad2945,0.9867839723070795,0.002513298249269714
weibull_softplus_unscaled,uncheatable,external_development,0,-1,delphi_3e18_39bucket:e5053e4f4ef86036c3ebe93d055c63ec2da1a1a029cde76ea807a3890d0fd10c,0.9883931654426443,0.00259756778076368
weibull_softplus_unscaled,uncheatable,external_development,0,-1,delphi_3e18_39bucket:e539e936365493312d15f1130d1c083871a779dc98689047fcb9d5ebd05191ce,0.9802851492745595,0.003649774152378032
weibull_softplus_unscaled,uncheatable,external_development,0,-1,delphi_3e18_39bucket:e55f4d10b3aedd9111e412c962fa53c063269d47d4571a980ba950ed937266ad,1.0366923292332744,0.0059925440238517615
weibull_softplus_unscaled,uncheatable,external_development,0,-1,delphi_3e18_39bucket:e65243af3fc92306e4aa4ea80d2c3f7aa6058bba97560ecd10959066d8d64383,1.0664849615692824,0.0069074657665938784
weibull_softplus_unscaled,uncheatable,external_development,0,-1,delphi_3e18_39bucket:e7d55ec7f15fc194cb4e857322dc1533eddb16463ccf163eabfcdd530a051d5e,0.9645978868586399,0.002822344619727439
weibull_softplus_unscaled,uncheatable,external_development,0,-1,delphi_3e18_39bucket:e8042bb6d92f9c8c01d49ad73be7ff4b06f2e492202d1354da9b6f4aad4c91da,1.034315500350998,0.006070082743235106
weibull_softplus_unscaled,uncheatable,external_development,0,-1,delphi_3e18_39bucket:e890ab2bc556a0858503bfe95cb5a9f21eb6c1c6dc14818358fbe0f1f321f9eb,1.0358483515038248,0.005986722918080782
weibull_softplus_unscaled,uncheatable,external_development,0,-1,delphi_3e18_39bucket:e8afda03cd027d866c486aa919868e64ae6d1ddf97b54508d64398d495332317,1.0381689626893156,0.005801263449945946
weibull_softplus_unscaled,uncheatable,external_development,0,-1,delphi_3e18_39bucket:e8b6cae0ec44706b02ee30aefc28d571a4f78b62cff170d303c1ccd448092f43,0.9997193014762558,0.014069602388040498
weibull_softplus_unscaled,uncheatable,external_development,0,-1,delphi_3e18_39bucket:e8cac18abed6dd3d662e4660ad3b431000e291340c4fe937b2937ad6a00fdb1c,1.0390954652484787,0.0058297132353088916
weibull_softplus_unscaled,uncheatable,external_development,0,-1,delphi_3e18_39bucket:e8df5e6e4d008b052d6e1ad64acc1fec9b2a47d27ba17bf21c0cd6d7b4b6cad5,0.9868467111299718,0.004573481312280066
weibull_softplus_unscaled,uncheatable,external_development,0,-1,delphi_3e18_39bucket:e8e86e247324e07114d17c3fe9b93415a22bc9d717bbeb492e8a949f59ffc574,1.042021345426615,0.0053865882531298976
weibull_softplus_unscaled,uncheatable,external_development,0,-1,delphi_3e18_39bucket:e9089fdfad382692c27f48d26c1957224471952b2a50bd7a47fc12615326767e,0.9896081117253872,0.013635965049952714
weibull_softplus_unscaled,uncheatable,external_development,0,-1,delphi_3e18_39bucket:e94c007e41ca009494ae3d9ae036d21271d6bb27b49c3b9d77a9d9148a879241,0.9834486542969769,0.00337988425784513
weibull_softplus_unscaled,uncheatable,external_development,0,-1,delphi_3e18_39bucket:e94c9cbd4ee682a9780bbcea3bf6df3497572253ed953eef164fa75ea4f66a2c,1.0610765101822883,0.007378058453637453
weibull_softplus_unscaled,uncheatable,external_development,0,-1,delphi_3e18_39bucket:e9c1eda31f2f4a0c52041968162f0f0ce4999866274b5690e4e05fda24a4bc2d,0.9837210203569083,0.0032004983961850886
weibull_softplus_unscaled,uncheatable,external_development,0,-1,delphi_3e18_39bucket:ea37effb52c1862ed6fafb478558f7d891c703943be66cd2416bd5c491bf7f6b,0.9868938409120123,0.0029440165003762867
weibull_softplus_unscaled,uncheatable,external_development,0,-1,delphi_3e18_39bucket:ea53229a9873c03ace1ba85e1e21a11a8844f0ff68de915348cd78997910f2e1,1.0349954966661037,0.006140852016923231
weibull_softplus_unscaled,uncheatable,external_development,0,-1,delphi_3e18_39bucket:ea6e21bef589c2d52505ca81bef558a5da03e4625174320ea8242417e2382d77,1.033845123372486,0.0062379313522507975
weibull_softplus_unscaled,uncheatable,external_development,0,-1,delphi_3e18_39bucket:ea75e35453ea2a7fe2d3b283ddc673d53edfeee1ba389a2c21264bdf18ac8ca2,1.0368852304989509,0.005985224223309225
weibull_softplus_unscaled,uncheatable,external_development,0,-1,delphi_3e18_39bucket:eafdbafe546506e8a5b90e6662ecdb9d4f1334f4e7f19e3081382c6da61f7293,1.0353702765343824,0.006004926716907162
weibull_softplus_unscaled,uncheatable,external_development,0,-1,delphi_3e18_39bucket:ec06eca900d6ea9ba81679ee6cca83871b018289aec1505cba76db1fc87b6802,1.064803379221412,0.003873174718429225
weibull_softplus_unscaled,uncheatable,external_development,0,-1,delphi_3e18_39bucket:eccc22ab3929ddd9f2ac2480fd08560ef5ae820c2344f602a9dc02fbaf098cfe,1.037553227016428,0.0056252680341926245
weibull_softplus_unscaled,uncheatable,external_development,0,-1,delphi_3e18_39bucket:ed3e3b2774ff74e2b11ba21111ec69a02f045de419b00bf3bb3900c8304d9c61,1.0378682659796503,0.006041310144459104
weibull_softplus_unscaled,uncheatable,external_development,0,-1,delphi_3e18_39bucket:ed64cdd21c9e4cbfada10d701c2ea8ddca896eddd8c54397fc1fdb7be3fd0e7e,1.034087222994859,0.006145894693035034
weibull_softplus_unscaled,uncheatable,external_development,0,-1,delphi_3e18_39bucket:ee02c34fe2e5760160a4803e862cb1c4a623ee45da4d9adfdaa5aa9483dc78e3,1.0380854456280177,0.005806694133451607
weibull_softplus_unscaled,uncheatable,external_development,0,-1,delphi_3e18_39bucket:ef418394bcf5783471166488c9835661c9087d4cd65379ce6a2798094e0ed89b,1.0378695209140827,0.0057644502692238385
weibull_softplus_unscaled,uncheatable,external_development,0,-1,delphi_3e18_39bucket:ef9f5d7e0f8cb99f585632847718d0452011c825e16f7d382f995c653e9ac9e7,1.051291050956356,0.005598247635934886
weibull_softplus_unscaled,uncheatable,external_development,0,-1,delphi_3e18_39bucket:ef9f6cff6e4ea378dedecb72fceac0bdaad839d03f007c4afe577e29dbb99b4e,0.9493116222034765,0.0051811218391721835
weibull_softplus_unscaled,uncheatable,external_development,0,-1,delphi_3e18_39bucket:effc4e48644f5aac8669d7cfde80db853124d6263860d16ab4f3958b1ac4eeb5,0.9976349820139236,0.004527444025934922
weibull_softplus_unscaled,uncheatable,external_development,0,-1,delphi_3e18_39bucket:f16199e7f2cdb043d550805be1d6c2cedde580382205dfe6009222e5329ab998,1.0349026910664831,0.005636733253175449
weibull_softplus_unscaled,uncheatable,external_development,0,-1,delphi_3e18_39bucket:f232b9fe34f7b04ebbfe91eb3239213c0003a3e608e279780f47e6c545811bb3,1.0391319116791624,0.005890409621828038
weibull_softplus_unscaled,uncheatable,external_development,0,-1,delphi_3e18_39bucket:f2d3993c551000c1ee508c463805bd652f0f40a241a54fdf69aecee07fd2bb47,1.038961784172018,0.005863922241925441
weibull_softplus_unscaled,uncheatable,external_development,0,-1,delphi_3e18_39bucket:f387ec3241cb7be9b883e93ed53e1940f5fbf725f14ef13b1c76e1634c9e0704,1.0739584435430036,0.00569289701074808
weibull_softplus_unscaled,uncheatable,external_development,0,-1,delphi_3e18_39bucket:f52b9b33b05c41f331ddaef90666b37968827a31c9dbdee6bdd5c5554069af4b,1.057108113332534,0.011303190547247901
weibull_softplus_unscaled,uncheatable,external_development,0,-1,delphi_3e18_39bucket:f597d4a7586698fbbc1b854337589ff532c04fd4a54699ae6665043e95934555,0.9718826664833646,0.0025811372714731914
weibull_softplus_unscaled,uncheatable,external_development,0,-1,delphi_3e18_39bucket:f5c02be0cf834281311018f3922cb87d91ee62b6d20f4e7ac201af5ee0954f38,1.0352319488112838,0.005936478987633659
weibull_softplus_unscaled,uncheatable,external_development,0,-1,delphi_3e18_39bucket:f6841e17099bc045d728b98540d5fb888d83f06d8ee4a4939cce171c39ff9c1a,1.043215956366741,0.0055077984300872145
weibull_softplus_unscaled,uncheatable,external_development,0,-1,delphi_3e18_39bucket:f81afa5c14bbd67cc1fb496dcd8cd5779f46fed3843ce430341122b0cfff0750,0.990921714914243,0.010986997094740537
weibull_softplus_unscaled,uncheatable,external_development,0,-1,delphi_3e18_39bucket:f8a8e264e7f30fe85c514e532e5f6bce8d2037da8458a757b0383f7dbf072f25,1.0340420919192534,0.0059043884403632675
weibull_softplus_unscaled,uncheatable,external_development,0,-1,delphi_3e18_39bucket:f95f22b464a3ca2eee25bd948f390a4ef40e83d2198fc976127df60c1e1668aa,1.0194038301164272,0.004805427033168396
weibull_softplus_unscaled,uncheatable,external_development,0,-1,delphi_3e18_39bucket:f9bb0369b872fcb08e26e8d0629e52b1cb543956824511bc69a1d81d84b8e766,0.9764160526000731,0.002833307070669239
weibull_softplus_unscaled,uncheatable,external_development,0,-1,delphi_3e18_39bucket:f9e349b2e05d04e16162ae18c9cde10806824cee16faba2af2564f533559151d,1.0323818210334919,0.005878048326394583
weibull_softplus_unscaled,uncheatable,external_development,0,-1,delphi_3e18_39bucket:f9e5fad6cd843eef1ec963c775019a7ed2d37fb9fc6d6458f98c8bb15b000248,1.0567305638805777,0.005279188498791698
weibull_softplus_unscaled,uncheatable,external_development,0,-1,delphi_3e18_39bucket:fa0294460f0573041da6b1435affe244e46d5459cf24f4d451fa7776c77261f6,0.947147901386449,0.00552275445747665
weibull_softplus_unscaled,uncheatable,external_development,0,-1,delphi_3e18_39bucket:fafbc2ba18f1c7971ddf8e7eff5f92f1b11469cf1d80181209696d8655812553,1.0445648797824516,0.005679843555683031
weibull_softplus_unscaled,uncheatable,external_development,0,-1,delphi_3e18_39bucket:fb8cb11729c2b4e023d88d084293e65ec1f03e521aada50a0bde80863e530aa8,0.9866958317542995,0.003905379857242593
weibull_softplus_unscaled,uncheatable,external_development,0,-1,delphi_3e18_39bucket:fcd0fd12a7c5020965f6947e8301e946fa54ac35b888fd77a64acdb284227b4d,1.0375269413160773,0.006024577817381288
weibull_softplus_unscaled,uncheatable,external_development,0,-1,delphi_3e18_39bucket:fd1878ded789f2edc41ab9255de95e0c7d881b315872d556b913e69f7cf031fc,0.9587379722841205,0.002987017855389392
weibull_softplus_unscaled,uncheatable,external_development,0,-1,delphi_3e18_39bucket:fde889913d2682952bec8de25fd72402715ccecae048d5f22ad1228540aa83cf,1.0266090536437242,0.005695335986893862
weibull_softplus_unscaled,uncheatable,external_development,0,-1,delphi_3e18_39bucket:fef2793a1123d329057bd31024def73e90c2aa567a327913bb8366c7204fc414,1.0626339798323685,0.0047809404480535665
weibull_softplus_unscaled,uncheatable,external_development,0,-1,delphi_3e18_39bucket:ff65381e6c6fa2fd41b3444cc7dae32b0a07f1eaf50d99b9dc409da261b0a1ac,1.0534708158094135,0.005434865508096461
weibull_softplus_unscaled@kappa_floor_link,uncheatable,panel_oof,0,0,7,1.0834319404143034,
weibull_softplus_unscaled@kappa_floor_link,uncheatable,panel_oof,0,0,8,1.1361051964303779,
weibull_softplus_unscaled@kappa_floor_link,uncheatable,panel_oof,0,0,25,1.0876959325487041,
weibull_softplus_unscaled@kappa_floor_link,uncheatable,panel_oof,0,0,35,1.075078825804289,
weibull_softplus_unscaled@kappa_floor_link,uncheatable,panel_oof,0,0,51,1.0754725494819073,
weibull_softplus_unscaled@kappa_floor_link,uncheatable,panel_oof,0,0,56,1.041508406012237,
weibull_softplus_unscaled@kappa_floor_link,uncheatable,panel_oof,0,0,69,1.0874503670121838,
weibull_softplus_unscaled@kappa_floor_link,uncheatable,panel_oof,0,0,81,1.0344944624076513,
weibull_softplus_unscaled@kappa_floor_link,uncheatable,panel_oof,0,0,86,1.0808783069436902,
weibull_softplus_unscaled@kappa_floor_link,uncheatable,panel_oof,0,0,99,1.0747151567496274,
weibull_softplus_unscaled@kappa_floor_link,uncheatable,panel_oof,0,0,100,1.086592322554829,
weibull_softplus_unscaled@kappa_floor_link,uncheatable,panel_oof,0,0,106,1.1019725396247333,
weibull_softplus_unscaled@kappa_floor_link,uncheatable,panel_oof,0,0,107,1.1201466915706146,
weibull_softplus_unscaled@kappa_floor_link,uncheatable,panel_oof,0,0,126,1.0664430909634106,
weibull_softplus_unscaled@kappa_floor_link,uncheatable,panel_oof,0,0,136,1.111253163052238,
weibull_softplus_unscaled@kappa_floor_link,uncheatable,panel_oof,0,0,137,1.0644860936251166,
weibull_softplus_unscaled@kappa_floor_link,uncheatable,panel_oof,0,0,140,1.07206602432391,
weibull_softplus_unscaled@kappa_floor_link,uncheatable,panel_oof,0,0,141,1.0662541022594716,
weibull_softplus_unscaled@kappa_floor_link,uncheatable,panel_oof,0,0,142,1.0699103889462083,
weibull_softplus_unscaled@kappa_floor_link,uncheatable,panel_oof,0,0,145,1.0635705413002725,
weibull_softplus_unscaled@kappa_floor_link,uncheatable,panel_oof,0,0,147,1.077598967078947,
weibull_softplus_unscaled@kappa_floor_link,uncheatable,panel_oof,0,0,163,1.0662313183990044,
weibull_softplus_unscaled@kappa_floor_link,uncheatable,panel_oof,0,0,165,1.0661421652744822,
weibull_softplus_unscaled@kappa_floor_link,uncheatable,panel_oof,0,0,169,1.1113772916150473,
weibull_softplus_unscaled@kappa_floor_link,uncheatable,panel_oof,0,0,171,1.0944068554266173,
weibull_softplus_unscaled@kappa_floor_link,uncheatable,panel_oof,0,0,187,1.1152794491482432,
weibull_softplus_unscaled@kappa_floor_link,uncheatable,panel_oof,0,0,188,1.0712287146942365,
weibull_softplus_unscaled@kappa_floor_link,uncheatable,panel_oof,0,0,191,1.0466159627187848,
weibull_softplus_unscaled@kappa_floor_link,uncheatable,panel_oof,0,0,195,1.0596576079752213,
weibull_softplus_unscaled@kappa_floor_link,uncheatable,panel_oof,0,0,197,1.0742015340591498,
weibull_softplus_unscaled@kappa_floor_link,uncheatable,panel_oof,0,0,200,1.0349124037566486,
weibull_softplus_unscaled@kappa_floor_link,uncheatable,panel_oof,0,0,208,1.0841174957245863,
weibull_softplus_unscaled@kappa_floor_link,uncheatable,panel_oof,0,0,209,1.0567434543507028,
weibull_softplus_unscaled@kappa_floor_link,uncheatable,panel_oof,0,0,210,1.1009428760956435,
weibull_softplus_unscaled@kappa_floor_link,uncheatable,panel_oof,0,0,217,1.0791343585654927,
weibull_softplus_unscaled@kappa_floor_link,uncheatable,panel_oof,0,0,219,1.0848729489428088,
weibull_softplus_unscaled@kappa_floor_link,uncheatable,panel_oof,0,0,220,1.0605447050154235,
weibull_softplus_unscaled@kappa_floor_link,uncheatable,panel_oof,0,0,223,1.0468361330998008,
weibull_softplus_unscaled@kappa_floor_link,uncheatable,panel_oof,0,0,233,1.0572903119265922,
weibull_softplus_unscaled@kappa_floor_link,uncheatable,panel_oof,0,0,237,1.0713001405125002,
weibull_softplus_unscaled@kappa_floor_link,uncheatable,panel_oof,0,1,0,1.0268873477329048,
weibull_softplus_unscaled@kappa_floor_link,uncheatable,panel_oof,0,1,1,1.0165174104928607,
weibull_softplus_unscaled@kappa_floor_link,uncheatable,panel_oof,0,1,241,1.026866831313403,
weibull_softplus_unscaled@kappa_floor_link,uncheatable,panel_oof,0,1,242,1.0265018079963242,
weibull_softplus_unscaled@kappa_floor_link,uncheatable,panel_oof,0,1,243,1.0270708697068613,
weibull_softplus_unscaled@kappa_floor_link,uncheatable,panel_oof,0,1,244,1.0279950368746866,
weibull_softplus_unscaled@kappa_floor_link,uncheatable,panel_oof,0,1,245,1.025209349317823,
weibull_softplus_unscaled@kappa_floor_link,uncheatable,panel_oof,0,1,246,1.0253950632361644,
weibull_softplus_unscaled@kappa_floor_link,uncheatable,panel_oof,0,1,247,1.02625599382847,
weibull_softplus_unscaled@kappa_floor_link,uncheatable,panel_oof,0,1,248,1.0262185050555097,
weibull_softplus_unscaled@kappa_floor_link,uncheatable,panel_oof,0,1,249,1.0255444292796039,
weibull_softplus_unscaled@kappa_floor_link,uncheatable,panel_oof,0,1,250,1.0258090823736443,
weibull_softplus_unscaled@kappa_floor_link,uncheatable,panel_oof,0,1,251,1.0220913969748429,
weibull_softplus_unscaled@kappa_floor_link,uncheatable,panel_oof,0,1,252,1.0248232200207132,
weibull_softplus_unscaled@kappa_floor_link,uncheatable,panel_oof,0,1,253,1.02529166908114,
weibull_softplus_unscaled@kappa_floor_link,uncheatable,panel_oof,0,1,254,1.0261917100556914,
weibull_softplus_unscaled@kappa_floor_link,uncheatable,panel_oof,0,1,255,1.0264669501548243,
weibull_softplus_unscaled@kappa_floor_link,uncheatable,panel_oof,0,1,256,1.0268410906942806,
weibull_softplus_unscaled@kappa_floor_link,uncheatable,panel_oof,0,1,257,1.0226755580864046,
weibull_softplus_unscaled@kappa_floor_link,uncheatable,panel_oof,0,1,258,1.0250658399431858,
weibull_softplus_unscaled@kappa_floor_link,uncheatable,panel_oof,0,1,259,1.0290541867455918,
weibull_softplus_unscaled@kappa_floor_link,uncheatable,panel_oof,0,1,260,1.027922371446368,
weibull_softplus_unscaled@kappa_floor_link,uncheatable,panel_oof,0,1,261,1.0264805955737792,
weibull_softplus_unscaled@kappa_floor_link,uncheatable,panel_oof,0,1,262,1.0286582146754646,
weibull_softplus_unscaled@kappa_floor_link,uncheatable,panel_oof,0,1,263,1.029590221654269,
weibull_softplus_unscaled@kappa_floor_link,uncheatable,panel_oof,0,1,264,1.0281349337507986,
weibull_softplus_unscaled@kappa_floor_link,uncheatable,panel_oof,0,1,265,1.029181998928561,
weibull_softplus_unscaled@kappa_floor_link,uncheatable,panel_oof,0,1,266,1.028573617687302,
weibull_softplus_unscaled@kappa_floor_link,uncheatable,panel_oof,0,1,267,1.0459797091197032,
weibull_softplus_unscaled@kappa_floor_link,uncheatable,panel_oof,0,1,268,1.0286752767712775,
weibull_softplus_unscaled@kappa_floor_link,uncheatable,panel_oof,0,1,269,1.028836057117061,
weibull_softplus_unscaled@kappa_floor_link,uncheatable,panel_oof,0,1,270,1.0269262401321968,
weibull_softplus_unscaled@kappa_floor_link,uncheatable,panel_oof,0,1,271,1.023117855726789,
weibull_softplus_unscaled@kappa_floor_link,uncheatable,panel_oof,0,1,272,1.0291920673266497,
weibull_softplus_unscaled@kappa_floor_link,uncheatable,panel_oof,0,1,273,1.0449972005196866,
weibull_softplus_unscaled@kappa_floor_link,uncheatable,panel_oof,0,1,274,1.0277733662835278,
weibull_softplus_unscaled@kappa_floor_link,uncheatable,panel_oof,0,1,275,1.0357700214132857,
weibull_softplus_unscaled@kappa_floor_link,uncheatable,panel_oof,0,1,276,1.0301330876159729,
weibull_softplus_unscaled@kappa_floor_link,uncheatable,panel_oof,0,1,277,1.0292800210875364,
weibull_softplus_unscaled@kappa_floor_link,uncheatable,panel_oof,0,1,278,1.0309922454124147,
weibull_softplus_unscaled@kappa_floor_link,uncheatable,panel_oof,0,1,279,1.027160972685214,
weibull_softplus_unscaled@kappa_floor_link,uncheatable,panel_oof,0,2,3,1.062631472804541,
weibull_softplus_unscaled@kappa_floor_link,uncheatable,panel_oof,0,2,5,1.1968562348080358,
weibull_softplus_unscaled@kappa_floor_link,uncheatable,panel_oof,0,2,6,1.0920204953046388,
weibull_softplus_unscaled@kappa_floor_link,uncheatable,panel_oof,0,2,10,1.0927311274325695,
weibull_softplus_unscaled@kappa_floor_link,uncheatable,panel_oof,0,2,15,1.0832587850416915,
weibull_softplus_unscaled@kappa_floor_link,uncheatable,panel_oof,0,2,20,1.1044523067241117,
weibull_softplus_unscaled@kappa_floor_link,uncheatable,panel_oof,0,2,26,1.0533176220849414,
weibull_softplus_unscaled@kappa_floor_link,uncheatable,panel_oof,0,2,29,1.082535137211438,
weibull_softplus_unscaled@kappa_floor_link,uncheatable,panel_oof,0,2,30,1.0615071224570674,
weibull_softplus_unscaled@kappa_floor_link,uncheatable,panel_oof,0,2,34,1.0574031818599814,
weibull_softplus_unscaled@kappa_floor_link,uncheatable,panel_oof,0,2,39,1.0861857079279158,
weibull_softplus_unscaled@kappa_floor_link,uncheatable,panel_oof,0,2,41,1.1048004578678574,
weibull_softplus_unscaled@kappa_floor_link,uncheatable,panel_oof,0,2,46,1.0835078594021206,
weibull_softplus_unscaled@kappa_floor_link,uncheatable,panel_oof,0,2,48,1.0497001014211294,
weibull_softplus_unscaled@kappa_floor_link,uncheatable,panel_oof,0,2,57,1.1096973223585047,
weibull_softplus_unscaled@kappa_floor_link,uncheatable,panel_oof,0,2,62,1.0803620571358459,
weibull_softplus_unscaled@kappa_floor_link,uncheatable,panel_oof,0,2,65,1.0723557551771397,
weibull_softplus_unscaled@kappa_floor_link,uncheatable,panel_oof,0,2,68,1.0952440896510995,
weibull_softplus_unscaled@kappa_floor_link,uncheatable,panel_oof,0,2,73,1.0550097837018466,
weibull_softplus_unscaled@kappa_floor_link,uncheatable,panel_oof,0,2,79,1.0995513397657368,
weibull_softplus_unscaled@kappa_floor_link,uncheatable,panel_oof,0,2,83,1.0541900558045036,
weibull_softplus_unscaled@kappa_floor_link,uncheatable,panel_oof,0,2,84,1.0857524091749824,
weibull_softplus_unscaled@kappa_floor_link,uncheatable,panel_oof,0,2,87,1.082183299621701,
weibull_softplus_unscaled@kappa_floor_link,uncheatable,panel_oof,0,2,90,1.0491179338209893,
weibull_softplus_unscaled@kappa_floor_link,uncheatable,panel_oof,0,2,91,1.1041839129174271,
weibull_softplus_unscaled@kappa_floor_link,uncheatable,panel_oof,0,2,98,1.050556454054389,
weibull_softplus_unscaled@kappa_floor_link,uncheatable,panel_oof,0,2,101,1.073606335216893,
weibull_softplus_unscaled@kappa_floor_link,uncheatable,panel_oof,0,2,105,1.073161559201496,
weibull_softplus_unscaled@kappa_floor_link,uncheatable,panel_oof,0,2,109,1.094276625134531,
weibull_softplus_unscaled@kappa_floor_link,uncheatable,panel_oof,0,2,112,1.0668036915498513,
weibull_softplus_unscaled@kappa_floor_link,uncheatable,panel_oof,0,2,113,1.1136458313774762,
weibull_softplus_unscaled@kappa_floor_link,uncheatable,panel_oof,0,2,115,1.0675665972000035,
weibull_softplus_unscaled@kappa_floor_link,uncheatable,panel_oof,0,2,116,1.1001986365308898,
weibull_softplus_unscaled@kappa_floor_link,uncheatable,panel_oof,0,2,119,1.0587135439739137,
weibull_softplus_unscaled@kappa_floor_link,uncheatable,panel_oof,0,2,122,1.0746931094573304,
weibull_softplus_unscaled@kappa_floor_link,uncheatable,panel_oof,0,2,123,1.0653674022019604,
weibull_softplus_unscaled@kappa_floor_link,uncheatable,panel_oof,0,2,124,1.0973161940696508,
weibull_softplus_unscaled@kappa_floor_link,uncheatable,panel_oof,0,2,133,1.1244839484919984,
weibull_softplus_unscaled@kappa_floor_link,uncheatable,panel_oof,0,2,134,1.0724323719391067,
weibull_softplus_unscaled@kappa_floor_link,uncheatable,panel_oof,0,2,135,1.065820108234944,
weibull_softplus_unscaled@kappa_floor_link,uncheatable,panel_oof,0,2,138,1.0803424090812987,
weibull_softplus_unscaled@kappa_floor_link,uncheatable,panel_oof,0,2,144,1.080768208645735,
weibull_softplus_unscaled@kappa_floor_link,uncheatable,panel_oof,0,2,151,1.0799543794821225,
weibull_softplus_unscaled@kappa_floor_link,uncheatable,panel_oof,0,2,152,1.0449629766052493,
weibull_softplus_unscaled@kappa_floor_link,uncheatable,panel_oof,0,2,154,1.0745191273223877,
weibull_softplus_unscaled@kappa_floor_link,uncheatable,panel_oof,0,2,157,1.1055823252402652,
weibull_softplus_unscaled@kappa_floor_link,uncheatable,panel_oof,0,2,158,1.063463699547488,
weibull_softplus_unscaled@kappa_floor_link,uncheatable,panel_oof,0,2,160,1.0840602532525037,
weibull_softplus_unscaled@kappa_floor_link,uncheatable,panel_oof,0,2,166,1.0681062364256335,
weibull_softplus_unscaled@kappa_floor_link,uncheatable,panel_oof,0,2,172,1.0474276675379215,
weibull_softplus_unscaled@kappa_floor_link,uncheatable,panel_oof,0,2,175,1.064381468471837,
weibull_softplus_unscaled@kappa_floor_link,uncheatable,panel_oof,0,2,176,1.0512743874247361,
weibull_softplus_unscaled@kappa_floor_link,uncheatable,panel_oof,0,2,182,1.0840461240675792,
weibull_softplus_unscaled@kappa_floor_link,uncheatable,panel_oof,0,2,183,1.0754786712403699,
weibull_softplus_unscaled@kappa_floor_link,uncheatable,panel_oof,0,2,196,1.11556233272032,
weibull_softplus_unscaled@kappa_floor_link,uncheatable,panel_oof,0,2,198,1.0799573530147828,
weibull_softplus_unscaled@kappa_floor_link,uncheatable,panel_oof,0,2,205,1.0805223624820157,
weibull_softplus_unscaled@kappa_floor_link,uncheatable,panel_oof,0,2,211,1.0856838771839672,
weibull_softplus_unscaled@kappa_floor_link,uncheatable,panel_oof,0,2,213,1.0291938765750612,
weibull_softplus_unscaled@kappa_floor_link,uncheatable,panel_oof,0,2,215,1.0458483996329018,
weibull_softplus_unscaled@kappa_floor_link,uncheatable,panel_oof,0,2,222,1.0544584364070704,
weibull_softplus_unscaled@kappa_floor_link,uncheatable,panel_oof,0,2,224,1.1250073555690188,
weibull_softplus_unscaled@kappa_floor_link,uncheatable,panel_oof,0,2,226,1.1045985720556493,
weibull_softplus_unscaled@kappa_floor_link,uncheatable,panel_oof,0,2,227,1.0588209619727758,
weibull_softplus_unscaled@kappa_floor_link,uncheatable,panel_oof,0,2,229,1.042797674601905,
weibull_softplus_unscaled@kappa_floor_link,uncheatable,panel_oof,0,2,235,1.0628152145270227,
weibull_softplus_unscaled@kappa_floor_link,uncheatable,panel_oof,0,2,236,1.066957457866046,
weibull_softplus_unscaled@kappa_floor_link,uncheatable,panel_oof,0,2,238,1.0695608858181345,
weibull_softplus_unscaled@kappa_floor_link,uncheatable,panel_oof,0,3,2,1.0935422633634904,
weibull_softplus_unscaled@kappa_floor_link,uncheatable,panel_oof,0,3,4,1.0963576802262434,
weibull_softplus_unscaled@kappa_floor_link,uncheatable,panel_oof,0,3,9,1.1171600197086395,
weibull_softplus_unscaled@kappa_floor_link,uncheatable,panel_oof,0,3,11,1.083856973393059,
weibull_softplus_unscaled@kappa_floor_link,uncheatable,panel_oof,0,3,12,1.1136682195058158,
weibull_softplus_unscaled@kappa_floor_link,uncheatable,panel_oof,0,3,13,1.0763835867705662,
weibull_softplus_unscaled@kappa_floor_link,uncheatable,panel_oof,0,3,14,1.0856227762669644,
weibull_softplus_unscaled@kappa_floor_link,uncheatable,panel_oof,0,3,16,1.0463703324699334,
weibull_softplus_unscaled@kappa_floor_link,uncheatable,panel_oof,0,3,17,1.109023779331785,
weibull_softplus_unscaled@kappa_floor_link,uncheatable,panel_oof,0,3,21,1.0860839687537918,
weibull_softplus_unscaled@kappa_floor_link,uncheatable,panel_oof,0,3,22,1.0708122239523723,
weibull_softplus_unscaled@kappa_floor_link,uncheatable,panel_oof,0,3,23,1.106501319201,
weibull_softplus_unscaled@kappa_floor_link,uncheatable,panel_oof,0,3,24,1.0405756906892494,
weibull_softplus_unscaled@kappa_floor_link,uncheatable,panel_oof,0,3,27,1.066028125008376,
weibull_softplus_unscaled@kappa_floor_link,uncheatable,panel_oof,0,3,32,1.0561881746212758,
weibull_softplus_unscaled@kappa_floor_link,uncheatable,panel_oof,0,3,33,1.0743318640579043,
weibull_softplus_unscaled@kappa_floor_link,uncheatable,panel_oof,0,3,36,1.0841774497076182,
weibull_softplus_unscaled@kappa_floor_link,uncheatable,panel_oof,0,3,37,1.0632663536172866,
weibull_softplus_unscaled@kappa_floor_link,uncheatable,panel_oof,0,3,38,1.0875593501969758,
weibull_softplus_unscaled@kappa_floor_link,uncheatable,panel_oof,0,3,40,1.0687961580623877,
weibull_softplus_unscaled@kappa_floor_link,uncheatable,panel_oof,0,3,43,1.090283510533125,
weibull_softplus_unscaled@kappa_floor_link,uncheatable,panel_oof,0,3,44,1.1106017887099668,
weibull_softplus_unscaled@kappa_floor_link,uncheatable,panel_oof,0,3,45,1.0876101635107815,
weibull_softplus_unscaled@kappa_floor_link,uncheatable,panel_oof,0,3,49,1.0793935466373497,
weibull_softplus_unscaled@kappa_floor_link,uncheatable,panel_oof,0,3,50,1.1003109014297228,
weibull_softplus_unscaled@kappa_floor_link,uncheatable,panel_oof,0,3,52,1.0721180616478463,
weibull_softplus_unscaled@kappa_floor_link,uncheatable,panel_oof,0,3,53,1.0588103345235007,
weibull_softplus_unscaled@kappa_floor_link,uncheatable,panel_oof,0,3,54,1.0531961835399766,
weibull_softplus_unscaled@kappa_floor_link,uncheatable,panel_oof,0,3,55,1.0565735295388083,
weibull_softplus_unscaled@kappa_floor_link,uncheatable,panel_oof,0,3,58,1.1009305240102516,
weibull_softplus_unscaled@kappa_floor_link,uncheatable,panel_oof,0,3,59,1.0545500782002015,
weibull_softplus_unscaled@kappa_floor_link,uncheatable,panel_oof,0,3,61,1.0553852460546493,
weibull_softplus_unscaled@kappa_floor_link,uncheatable,panel_oof,0,3,63,1.0478036655593908,
weibull_softplus_unscaled@kappa_floor_link,uncheatable,panel_oof,0,3,64,1.1011199425071243,
weibull_softplus_unscaled@kappa_floor_link,uncheatable,panel_oof,0,3,66,1.0838966961397773,
weibull_softplus_unscaled@kappa_floor_link,uncheatable,panel_oof,0,3,67,1.083258390742119,
weibull_softplus_unscaled@kappa_floor_link,uncheatable,panel_oof,0,3,70,1.0899280370239293,
weibull_softplus_unscaled@kappa_floor_link,uncheatable,panel_oof,0,3,71,1.0878889797927447,
weibull_softplus_unscaled@kappa_floor_link,uncheatable,panel_oof,0,3,72,1.0728536129204174,
weibull_softplus_unscaled@kappa_floor_link,uncheatable,panel_oof,0,3,74,1.066381391483926,
weibull_softplus_unscaled@kappa_floor_link,uncheatable,panel_oof,0,3,75,1.0718506530229828,
weibull_softplus_unscaled@kappa_floor_link,uncheatable,panel_oof,0,3,78,1.078451854474692,
weibull_softplus_unscaled@kappa_floor_link,uncheatable,panel_oof,0,3,85,1.074553130245424,
weibull_softplus_unscaled@kappa_floor_link,uncheatable,panel_oof,0,3,88,1.0955845753575657,
weibull_softplus_unscaled@kappa_floor_link,uncheatable,panel_oof,0,3,89,1.074822796572831,
weibull_softplus_unscaled@kappa_floor_link,uncheatable,panel_oof,0,3,92,1.0535962044672942,
weibull_softplus_unscaled@kappa_floor_link,uncheatable,panel_oof,0,3,93,1.0715710777903218,
weibull_softplus_unscaled@kappa_floor_link,uncheatable,panel_oof,0,3,94,1.059438532020536,
weibull_softplus_unscaled@kappa_floor_link,uncheatable,panel_oof,0,3,95,1.0851901093706724,
weibull_softplus_unscaled@kappa_floor_link,uncheatable,panel_oof,0,3,96,1.0797437335347033,
weibull_softplus_unscaled@kappa_floor_link,uncheatable,panel_oof,0,3,97,1.0600306216543016,
weibull_softplus_unscaled@kappa_floor_link,uncheatable,panel_oof,0,3,102,1.0600790375138525,
weibull_softplus_unscaled@kappa_floor_link,uncheatable,panel_oof,0,3,108,1.0916989933164314,
weibull_softplus_unscaled@kappa_floor_link,uncheatable,panel_oof,0,3,110,1.0777633940387332,
weibull_softplus_unscaled@kappa_floor_link,uncheatable,panel_oof,0,3,111,1.073331391565958,
weibull_softplus_unscaled@kappa_floor_link,uncheatable,panel_oof,0,3,117,1.1411991786458926,
weibull_softplus_unscaled@kappa_floor_link,uncheatable,panel_oof,0,3,120,1.0665615990218513,
weibull_softplus_unscaled@kappa_floor_link,uncheatable,panel_oof,0,3,121,1.059339339599563,
weibull_softplus_unscaled@kappa_floor_link,uncheatable,panel_oof,0,3,127,1.057917404035369,
weibull_softplus_unscaled@kappa_floor_link,uncheatable,panel_oof,0,3,128,1.0883430519605184,
weibull_softplus_unscaled@kappa_floor_link,uncheatable,panel_oof,0,3,129,1.0701705321989503,
weibull_softplus_unscaled@kappa_floor_link,uncheatable,panel_oof,0,3,130,1.082650505513604,
weibull_softplus_unscaled@kappa_floor_link,uncheatable,panel_oof,0,3,132,1.1233847539745798,
weibull_softplus_unscaled@kappa_floor_link,uncheatable,panel_oof,0,3,139,1.0689046456793188,
weibull_softplus_unscaled@kappa_floor_link,uncheatable,panel_oof,0,3,143,1.0935745350167023,
weibull_softplus_unscaled@kappa_floor_link,uncheatable,panel_oof,0,3,146,1.1009115881445626,
weibull_softplus_unscaled@kappa_floor_link,uncheatable,panel_oof,0,3,148,1.0587509354615139,
weibull_softplus_unscaled@kappa_floor_link,uncheatable,panel_oof,0,3,149,1.1170054416396005,
weibull_softplus_unscaled@kappa_floor_link,uncheatable,panel_oof,0,3,150,1.0867299466303204,
weibull_softplus_unscaled@kappa_floor_link,uncheatable,panel_oof,0,3,153,1.0959823734849357,
weibull_softplus_unscaled@kappa_floor_link,uncheatable,panel_oof,0,3,156,1.0565528634682797,
weibull_softplus_unscaled@kappa_floor_link,uncheatable,panel_oof,0,3,159,1.0783266893898686,
weibull_softplus_unscaled@kappa_floor_link,uncheatable,panel_oof,0,3,161,1.1233581209032062,
weibull_softplus_unscaled@kappa_floor_link,uncheatable,panel_oof,0,3,164,1.0815869974912737,
weibull_softplus_unscaled@kappa_floor_link,uncheatable,panel_oof,0,3,167,1.079036916367539,
weibull_softplus_unscaled@kappa_floor_link,uncheatable,panel_oof,0,3,170,1.072225522557206,
weibull_softplus_unscaled@kappa_floor_link,uncheatable,panel_oof,0,3,173,1.0765640751791428,
weibull_softplus_unscaled@kappa_floor_link,uncheatable,panel_oof,0,3,174,1.0576997893048357,
weibull_softplus_unscaled@kappa_floor_link,uncheatable,panel_oof,0,3,177,1.0638467772219866,
weibull_softplus_unscaled@kappa_floor_link,uncheatable,panel_oof,0,3,180,1.0687486007065647,
weibull_softplus_unscaled@kappa_floor_link,uncheatable,panel_oof,0,3,181,1.0940534796069774,
weibull_softplus_unscaled@kappa_floor_link,uncheatable,panel_oof,0,3,184,1.0553929976540446,
weibull_softplus_unscaled@kappa_floor_link,uncheatable,panel_oof,0,3,185,1.0743137978426844,
weibull_softplus_unscaled@kappa_floor_link,uncheatable,panel_oof,0,3,189,1.0781096812285518,
weibull_softplus_unscaled@kappa_floor_link,uncheatable,panel_oof,0,3,190,1.0761250848417605,
weibull_softplus_unscaled@kappa_floor_link,uncheatable,panel_oof,0,3,192,1.0435200552616757,
weibull_softplus_unscaled@kappa_floor_link,uncheatable,panel_oof,0,3,194,1.059253976008685,
weibull_softplus_unscaled@kappa_floor_link,uncheatable,panel_oof,0,3,201,1.034234286952036,
weibull_softplus_unscaled@kappa_floor_link,uncheatable,panel_oof,0,3,203,1.055551782108694,
weibull_softplus_unscaled@kappa_floor_link,uncheatable,panel_oof,0,3,204,1.0733543762050934,
weibull_softplus_unscaled@kappa_floor_link,uncheatable,panel_oof,0,3,206,1.056833099928372,
weibull_softplus_unscaled@kappa_floor_link,uncheatable,panel_oof,0,3,214,1.0636993578884955,
weibull_softplus_unscaled@kappa_floor_link,uncheatable,panel_oof,0,3,218,1.0369306098082651,
weibull_softplus_unscaled@kappa_floor_link,uncheatable,panel_oof,0,3,225,1.0864839283692516,
weibull_softplus_unscaled@kappa_floor_link,uncheatable,panel_oof,0,3,228,1.0576848564892112,
weibull_softplus_unscaled@kappa_floor_link,uncheatable,panel_oof,0,3,232,1.0802758409283386,
weibull_softplus_unscaled@kappa_floor_link,uncheatable,panel_oof,0,3,234,1.0820048576180894,
weibull_softplus_unscaled@kappa_floor_link,uncheatable,panel_oof,0,3,240,1.0360054564585413,
weibull_softplus_unscaled@kappa_floor_link,uncheatable,panel_oof,0,4,18,1.0818183713042102,
weibull_softplus_unscaled@kappa_floor_link,uncheatable,panel_oof,0,4,19,1.0974454077755813,
weibull_softplus_unscaled@kappa_floor_link,uncheatable,panel_oof,0,4,28,1.1241234859630298,
weibull_softplus_unscaled@kappa_floor_link,uncheatable,panel_oof,0,4,31,1.0637470374415847,
weibull_softplus_unscaled@kappa_floor_link,uncheatable,panel_oof,0,4,42,1.0586326920173268,
weibull_softplus_unscaled@kappa_floor_link,uncheatable,panel_oof,0,4,47,1.0657187516203366,
weibull_softplus_unscaled@kappa_floor_link,uncheatable,panel_oof,0,4,60,1.0580310000537723,
weibull_softplus_unscaled@kappa_floor_link,uncheatable,panel_oof,0,4,76,1.1316549295245752,
weibull_softplus_unscaled@kappa_floor_link,uncheatable,panel_oof,0,4,77,1.0885177757451223,
weibull_softplus_unscaled@kappa_floor_link,uncheatable,panel_oof,0,4,80,1.0873444882973518,
weibull_softplus_unscaled@kappa_floor_link,uncheatable,panel_oof,0,4,82,1.0608807231518502,
weibull_softplus_unscaled@kappa_floor_link,uncheatable,panel_oof,0,4,103,1.0928197433861633,
weibull_softplus_unscaled@kappa_floor_link,uncheatable,panel_oof,0,4,104,1.0942663254832508,
weibull_softplus_unscaled@kappa_floor_link,uncheatable,panel_oof,0,4,114,1.0742770683935063,
weibull_softplus_unscaled@kappa_floor_link,uncheatable,panel_oof,0,4,118,1.0677851501662556,
weibull_softplus_unscaled@kappa_floor_link,uncheatable,panel_oof,0,4,125,1.0083147809412452,
weibull_softplus_unscaled@kappa_floor_link,uncheatable,panel_oof,0,4,131,1.064496786580888,
weibull_softplus_unscaled@kappa_floor_link,uncheatable,panel_oof,0,4,155,1.0541651899439013,
weibull_softplus_unscaled@kappa_floor_link,uncheatable,panel_oof,0,4,162,1.0705447378664288,
weibull_softplus_unscaled@kappa_floor_link,uncheatable,panel_oof,0,4,168,1.025999238410915,
weibull_softplus_unscaled@kappa_floor_link,uncheatable,panel_oof,0,4,178,1.031727571948945,
weibull_softplus_unscaled@kappa_floor_link,uncheatable,panel_oof,0,4,179,1.0940301286062517,
weibull_softplus_unscaled@kappa_floor_link,uncheatable,panel_oof,0,4,186,1.0578658243801278,
weibull_softplus_unscaled@kappa_floor_link,uncheatable,panel_oof,0,4,193,1.0689994046039697,
weibull_softplus_unscaled@kappa_floor_link,uncheatable,panel_oof,0,4,199,1.0738403003199815,
weibull_softplus_unscaled@kappa_floor_link,uncheatable,panel_oof,0,4,202,1.063061272566556,
weibull_softplus_unscaled@kappa_floor_link,uncheatable,panel_oof,0,4,207,1.0905443287482153,
weibull_softplus_unscaled@kappa_floor_link,uncheatable,panel_oof,0,4,212,1.0704854706397096,
weibull_softplus_unscaled@kappa_floor_link,uncheatable,panel_oof,0,4,216,1.0760194654400406,
weibull_softplus_unscaled@kappa_floor_link,uncheatable,panel_oof,0,4,221,1.0575924987006724,
weibull_softplus_unscaled@kappa_floor_link,uncheatable,panel_oof,0,4,230,1.0530448323879256,
weibull_softplus_unscaled@kappa_floor_link,uncheatable,panel_oof,0,4,231,1.0643460550388324,
weibull_softplus_unscaled@kappa_floor_link,uncheatable,panel_oof,0,4,239,1.0753642402125703,
weibull_softplus_unscaled@kappa_floor_link,uncheatable,external_development,0,-1,delphi_3e18_39bucket:0066da643d35e694a311d26516399114a1c69adba1f7795b773b704d93c0e945,1.0545695352437603,0.004740306339366687
weibull_softplus_unscaled@kappa_floor_link,uncheatable,external_development,0,-1,delphi_3e18_39bucket:015ce47db7b4ac2a312c1dfa614d699adb8526230f5a7355c112e4e546f4bb96,1.036808921929362,0.004892485788154857
weibull_softplus_unscaled@kappa_floor_link,uncheatable,external_development,0,-1,delphi_3e18_39bucket:01985d1f15bebd8fef77b5150d00df90b1460ff11f8dbeb34a83d3755d4831ca,0.9982886457048126,0.002571430458341678
weibull_softplus_unscaled@kappa_floor_link,uncheatable,external_development,0,-1,delphi_3e18_39bucket:02c70e578e5784e551eefe679886439d9c803cedd53b283f3333a0c5fbe3e5cf,1.0459345448617123,0.004439767185123074
weibull_softplus_unscaled@kappa_floor_link,uncheatable,external_development,0,-1,delphi_3e18_39bucket:037a604380dcbb0bd031ab6fe4d27d6f859ec425fb267f14b984c1fb545aefe5,1.0427118841449166,0.004686674302981984
weibull_softplus_unscaled@kappa_floor_link,uncheatable,external_development,0,-1,delphi_3e18_39bucket:039e773502afbad67dfd37ee20068668a2092188b0245ddd91d40a1560e905f6,1.0075194552386957,0.0022506254855198292
weibull_softplus_unscaled@kappa_floor_link,uncheatable,external_development,0,-1,delphi_3e18_39bucket:06d61998a2b7fe732abe0607cc0fc7812e544c3828ed26a47d4283ddb7891cb9,1.0373644763238294,0.004925339590462284
weibull_softplus_unscaled@kappa_floor_link,uncheatable,external_development,0,-1,delphi_3e18_39bucket:06f1f5c4286bcf9fe2c2ccf5d91303fe3cf919c815f3a926d5a2ff3de43fc683,1.0455102053522651,0.005134040471498329
weibull_softplus_unscaled@kappa_floor_link,uncheatable,external_development,0,-1,delphi_3e18_39bucket:073bad81517f75d40c9eb877348b38c8734b28dc6cb239c2089c9c35e9510223,1.00112041056832,0.003219016534810353
weibull_softplus_unscaled@kappa_floor_link,uncheatable,external_development,0,-1,delphi_3e18_39bucket:0788d5de28276914dae1c6388f1ab105867ad1d4a087d52bf0b8519d80129c89,1.0373604571104518,0.004706795427819732
weibull_softplus_unscaled@kappa_floor_link,uncheatable,external_development,0,-1,delphi_3e18_39bucket:07ec2043780a0d9df429ba7b4f371cf9415daa1341f5b29b929b522684e38b91,1.0374149427344737,0.004363944976944979
weibull_softplus_unscaled@kappa_floor_link,uncheatable,external_development,0,-1,delphi_3e18_39bucket:081b3e9c9806710005689ad55a35ca2b5545880488e77cee8042740337e79dfd,0.9935308181056139,0.003903747629260384
weibull_softplus_unscaled@kappa_floor_link,uncheatable,external_development,0,-1,delphi_3e18_39bucket:082fedafa9e0b95f220f553903813794bb9dc21b592587587dd5fa4dca612f6c,1.064814854206631,0.00522371004795767
weibull_softplus_unscaled@kappa_floor_link,uncheatable,external_development,0,-1,delphi_3e18_39bucket:0849e8468f1ed33aa84061be6ed119421f912af5683193c8b0f037cee11a3763,1.0421261826064183,0.005002237690424624
weibull_softplus_unscaled@kappa_floor_link,uncheatable,external_development,0,-1,delphi_3e18_39bucket:090b9d521ba31e364d7c8479c9c8b5369806b9c8557af616f883945e0307ccfb,0.979389771728689,0.005037543694158066
weibull_softplus_unscaled@kappa_floor_link,uncheatable,external_development,0,-1,delphi_3e18_39bucket:095c671d2e8d76d30acb22a88707854961f0bd8fa702605dcc65c6c64231b117,1.0372815758155065,0.0051982019707189995
weibull_softplus_unscaled@kappa_floor_link,uncheatable,external_development,0,-1,delphi_3e18_39bucket:09ab1aa79a519d8cbef31696066513a006253831fb687b610438ea9b39faef2c,1.055032477573636,0.005187043911156643
weibull_softplus_unscaled@kappa_floor_link,uncheatable,external_development,0,-1,delphi_3e18_39bucket:09de561eed4cac3d6052c3e7ccd15b7d2bf21ffe6620953c40d04597b793517c,0.9896319342969726,0.0028174150620728835
weibull_softplus_unscaled@kappa_floor_link,uncheatable,external_development,0,-1,delphi_3e18_39bucket:0a4c90180e2e9f06b17432216267636bc90d169f9f68bad8b789d271cb541e26,1.0230338290513667,0.0007807621329019407
weibull_softplus_unscaled@kappa_floor_link,uncheatable,external_development,0,-1,delphi_3e18_39bucket:0a69a64824dbbec7bffe6fbd96bf614be79fa346a55fb8dad697d2aed91a31fe,0.9965923495729159,0.0026099545608655635
weibull_softplus_unscaled@kappa_floor_link,uncheatable,external_development,0,-1,delphi_3e18_39bucket:0bdc7ed5abac4cf71f3695dd33cb4ebeb179a0cbf41d9859e4d47fa71dcc9890,1.0385390296180437,0.004935728075178597
weibull_softplus_unscaled@kappa_floor_link,uncheatable,external_development,0,-1,delphi_3e18_39bucket:0c6db73ff59b9cdac2e2428761ffc68d8764b26faefabce9cdbe0ad6133514fb,1.0104963581610173,0.0034807825467413657
weibull_softplus_unscaled@kappa_floor_link,uncheatable,external_development,0,-1,delphi_3e18_39bucket:0c87eb28b1c95ec40d341aff414b3e73bc9300563def3b5d974082fe44509895,1.0384044452418717,0.004805371797905233
weibull_softplus_unscaled@kappa_floor_link,uncheatable,external_development,0,-1,delphi_3e18_39bucket:0ceaf50f71a5360954adeab2244cb20579f98a42ad87a9a61d09e18433fe7860,1.0369399321355397,0.0048737474120549235
weibull_softplus_unscaled@kappa_floor_link,uncheatable,external_development,0,-1,delphi_3e18_39bucket:0d019862e6437cdaea853e5908403f80164cfeaa2305fa7fbfaafa4c22decd1c,1.047405391585628,0.00817679945381326
weibull_softplus_unscaled@kappa_floor_link,uncheatable,external_development,0,-1,delphi_3e18_39bucket:0da14a6e57c138c21227eebbd44f186ea18272987a7f24f9edce875f3f5c35b2,1.036729536736136,0.004671602736289704
weibull_softplus_unscaled@kappa_floor_link,uncheatable,external_development,0,-1,delphi_3e18_39bucket:0fb57d38488e9d032a8a2d6e385eebbe0bb87510b042d12426a68166e3ec53b2,1.0093207213026438,0.0029517944855835484
weibull_softplus_unscaled@kappa_floor_link,uncheatable,external_development,0,-1,delphi_3e18_39bucket:0feea1b96a7083ed86e477633fc1c9df6d6198dd4ea8753a30f116ddbf453981,1.0570685076877102,0.004068219281156113
weibull_softplus_unscaled@kappa_floor_link,uncheatable,external_development,0,-1,delphi_3e18_39bucket:100cd66fd89a88c77157afcbddc20547cc115238f2281abf552b8c0d0374cc36,1.0508820667748209,0.005821359859007078
weibull_softplus_unscaled@kappa_floor_link,uncheatable,external_development,0,-1,delphi_3e18_39bucket:115087d05bce1abc0d1e7590a4cc0b36b643cd94c47ca5e044580bd8ff9fa514,0.9871953469823384,0.005100887104687745
weibull_softplus_unscaled@kappa_floor_link,uncheatable,external_development,0,-1,delphi_3e18_39bucket:11779cf375492aed45ded6491e0158468a427484e8fd2f0823363b5961fadc1f,1.0384029095052505,0.004881545407259599
weibull_softplus_unscaled@kappa_floor_link,uncheatable,external_development,0,-1,delphi_3e18_39bucket:1186365305df843132a2b49cf1f4f3279bc6792218502b2ddb658ff6a8909811,1.0456771921617907,0.0044056462449518835
weibull_softplus_unscaled@kappa_floor_link,uncheatable,external_development,0,-1,delphi_3e18_39bucket:12d604c09575e6918d0c5273fb68b7ac720021d46bd7bf002aec8f2e388e7d73,1.038454978428125,0.004745256808403042
weibull_softplus_unscaled@kappa_floor_link,uncheatable,external_development,0,-1,delphi_3e18_39bucket:135c4820815edaaf0da56c8dc5f7697728f00c530e1af6d5c97db7883c693f3b,1.0381270802492797,0.004933405001347887
weibull_softplus_unscaled@kappa_floor_link,uncheatable,external_development,0,-1,delphi_3e18_39bucket:14ae27b209bb3f3e584f2a754f2f606b14c6a91a854a6960f5f2002189a9c63f,1.000729755856981,0.0021722066001272694
weibull_softplus_unscaled@kappa_floor_link,uncheatable,external_development,0,-1,delphi_3e18_39bucket:1583e0fcd8684efdb53f5dba40c3ee266a316d16da17c423933aa17c59399bb4,0.9951230975217482,0.0025729356872951923
weibull_softplus_unscaled@kappa_floor_link,uncheatable,external_development,0,-1,delphi_3e18_39bucket:15c3e3115300d4216bc495f2d6a911ae81e09297053b4e3fd8413b93b1724706,1.0384433107337396,0.004700051051663544
weibull_softplus_unscaled@kappa_floor_link,uncheatable,external_development,0,-1,delphi_3e18_39bucket:15cefcc71eaf2cb32279921de35d7fd07a1c62a60826b15c7da6d9680aca7d5a,1.0453338161686254,0.004753516426205774
weibull_softplus_unscaled@kappa_floor_link,uncheatable,external_development,0,-1,delphi_3e18_39bucket:168c44d2006162a6a570833acdedfc0e9cbace3ee8b4582d93c0d17b9a8f62dc,1.038296344667705,0.004975364413228192
weibull_softplus_unscaled@kappa_floor_link,uncheatable,external_development,0,-1,delphi_3e18_39bucket:16d569d49dc699da09d873f84439c1b3d09b1fb0a49da1a014bdd6055ed7e867,1.0210437483619041,0.0033048295838513345
weibull_softplus_unscaled@kappa_floor_link,uncheatable,external_development,0,-1,delphi_3e18_39bucket:180f3fe5f075a653053c6abb3614d3d97e4e8bd81a9bf3339b610420a3e507e1,1.0217248849737366,0.007422436496669005
weibull_softplus_unscaled@kappa_floor_link,uncheatable,external_development,0,-1,delphi_3e18_39bucket:18a99a3351245092d3769f803d6ed42ad1446d61d00a6145d3ab0f7eb370ad43,1.034921895188634,0.0047272707691926544
weibull_softplus_unscaled@kappa_floor_link,uncheatable,external_development,0,-1,delphi_3e18_39bucket:19e6d0a05b7cc0e501b20e580b9d694acf4b47aafcdbc8afc3840bc26b8e9183,1.032473586913384,0.004587632563520855
weibull_softplus_unscaled@kappa_floor_link,uncheatable,external_development,0,-1,delphi_3e18_39bucket:1abe87613ee3136eb10062b5549438b1593f06bc22629e4f06a79dc512925a09,0.9917302424500248,0.0030115771703391934
weibull_softplus_unscaled@kappa_floor_link,uncheatable,external_development,0,-1,delphi_3e18_39bucket:1bd2258fc50c2f2300cfee3ccf288fcf65b55a83f6f4e754166ad83968fd2bc5,1.040053418802463,0.005036524610608051
weibull_softplus_unscaled@kappa_floor_link,uncheatable,external_development,0,-1,delphi_3e18_39bucket:1c82f47a17303f1c725bb67357c5df989e689eab6ce331e314ec3f25166ddb7f,1.0299939618487308,0.004417018735309987
weibull_softplus_unscaled@kappa_floor_link,uncheatable,external_development,0,-1,delphi_3e18_39bucket:1f764babd33705edc89b9384b3ade86c50adefb121d72a48eead725f2f99fdbb,1.0502450990429741,0.00462112382943575
weibull_softplus_unscaled@kappa_floor_link,uncheatable,external_development,0,-1,delphi_3e18_39bucket:1fe407b2a7e4115cdc2112c39a9854a82c434b11738b0b2dd1f7b59520c84b02,1.0346183789685428,0.004200062556527677
weibull_softplus_unscaled@kappa_floor_link,uncheatable,external_development,0,-1,delphi_3e18_39bucket:202a3f2963f0ed3ef838aa9f839dd983ff320011e5f90369bb10036d62d3bf07,1.0382024043715277,0.005162969346957546
weibull_softplus_unscaled@kappa_floor_link,uncheatable,external_development,0,-1,delphi_3e18_39bucket:2128777c4bf7443fc7122204d45cffef5ed9ca0a3758737f512f8ac019f2614e,1.044984933542536,0.005086566827126125
weibull_softplus_unscaled@kappa_floor_link,uncheatable,external_development,0,-1,delphi_3e18_39bucket:217fcc24bb6f19269acad2fd83783863fb8c38fe10b23c82e8d4650e3c20af96,1.004464562826674,0.004437780950179723
weibull_softplus_unscaled@kappa_floor_link,uncheatable,external_development,0,-1,delphi_3e18_39bucket:2217566357ae6eb4d1e0a63ed7d1b5f74bf85feb4a34fc2294075abf4779dc8a,0.9911327010065946,0.004854070097712411
weibull_softplus_unscaled@kappa_floor_link,uncheatable,external_development,0,-1,delphi_3e18_39bucket:22435fb72d5378f38e67f149c5327cefd8299de7f2802d207068e148a654d87a,0.9965167360044163,0.003768273934127213
weibull_softplus_unscaled@kappa_floor_link,uncheatable,external_development,0,-1,delphi_3e18_39bucket:22a7988dd0f948879fe6e14a81339e522012c662009155e7f837141a0aedb54d,1.041858527881935,0.004661469597259565
weibull_softplus_unscaled@kappa_floor_link,uncheatable,external_development,0,-1,delphi_3e18_39bucket:24181403664e888f5ff00f929ba54136d4c20243873de0479bbadd0a903d7e2e,1.0487253339907845,0.004556690077028017
weibull_softplus_unscaled@kappa_floor_link,uncheatable,external_development,0,-1,delphi_3e18_39bucket:244c4cf1cc1aff8a4fa4a6620ac3c4e89194a0edec3d369e2d5c5a3ffc611fbd,1.0360830027275418,0.004850185011201836
weibull_softplus_unscaled@kappa_floor_link,uncheatable,external_development,0,-1,delphi_3e18_39bucket:24a04b7131ccb2123cd83ebdebea1822f4208833dbaa020fb854f48dfeb82baa,1.0372632368967412,0.004713756505021755
weibull_softplus_unscaled@kappa_floor_link,uncheatable,external_development,0,-1,delphi_3e18_39bucket:257cf9d7063698fc7195b8f86bda6fdb70aa44cc6560c09437872f7afc15b3c7,1.0374229500472527,0.0047848605591134935
weibull_softplus_unscaled@kappa_floor_link,uncheatable,external_development,0,-1,delphi_3e18_39bucket:2805171d708ffa47ad55eebdded48bbe9184de34aaa01c764857896330bd5ed8,0.9938133047881808,0.0028084909734206226
weibull_softplus_unscaled@kappa_floor_link,uncheatable,external_development,0,-1,delphi_3e18_39bucket:282bea38b4b390edde05c433f2aa287cb076b5c90b87ddfff2ac785476ee2a80,1.0442919275154212,0.006219382413515786
weibull_softplus_unscaled@kappa_floor_link,uncheatable,external_development,0,-1,delphi_3e18_39bucket:28e9f00790cb0f3bd8eab6e67ab5ed390d4a8f9511b50e2c3b127fed84907f83,1.0371602247121068,0.004938465357811426
weibull_softplus_unscaled@kappa_floor_link,uncheatable,external_development,0,-1,delphi_3e18_39bucket:29879913509e18c14302d4122cd80d460dbe36a86de1b841546532b10ae498e9,1.001308713584593,0.0028984652252284577
weibull_softplus_unscaled@kappa_floor_link,uncheatable,external_development,0,-1,delphi_3e18_39bucket:299a6f250e2580967240f5ac6e8f3e6810fda3f8762c8a4f373c4b03d7aee9b1,1.0460014112963565,0.005192625737280129
weibull_softplus_unscaled@kappa_floor_link,uncheatable,external_development,0,-1,delphi_3e18_39bucket:2a97310a9690d4c4d3fba3c8cf2f4c53bec70f4ee6e7bc2798951d5fce110b5c,1.0368077583081519,0.004840438341555303
weibull_softplus_unscaled@kappa_floor_link,uncheatable,external_development,0,-1,delphi_3e18_39bucket:2b4110349a3372d8cdd796df984fe3dd3f6933ac30c77acc1b554a35885f884f,1.0340669633525004,0.004914547199897102
weibull_softplus_unscaled@kappa_floor_link,uncheatable,external_development,0,-1,delphi_3e18_39bucket:2b989adc23ee2e9de7f2785a0f77bb06f18f1c8af0a8159044271123a563cdb9,0.998425244012031,0.0019986464733944722
weibull_softplus_unscaled@kappa_floor_link,uncheatable,external_development,0,-1,delphi_3e18_39bucket:2ce3f8060361ed87fadf5817cc4086427964c54e0a33c206fcb381675b97ea5f,1.0373895212991484,0.004891968680817116
weibull_softplus_unscaled@kappa_floor_link,uncheatable,external_development,0,-1,delphi_3e18_39bucket:2e081ca88a4ffb992e9ae7b70b9b191276a26b63479089cd5b158410e587852e,1.021397127527903,0.003772753349034362
weibull_softplus_unscaled@kappa_floor_link,uncheatable,external_development,0,-1,delphi_3e18_39bucket:2e1738bd99d25f424f7d12a0418d3b95df9b3cb8832b62a765de68ab5fdfe411,1.038570332822935,0.0066257584861230045
weibull_softplus_unscaled@kappa_floor_link,uncheatable,external_development,0,-1,delphi_3e18_39bucket:2f021c092554cc1c442218ef631eef0b2b67a217256c18aa0380762934be6ef9,0.9912370751754771,0.002717335885143011
weibull_softplus_unscaled@kappa_floor_link,uncheatable,external_development,0,-1,delphi_3e18_39bucket:2fd7ffa44744c71d0e734f0e0d4f05d854c74467a9c167f25018fd17cfe99306,1.0276687258783674,0.004366025921201712
weibull_softplus_unscaled@kappa_floor_link,uncheatable,external_development,0,-1,delphi_3e18_39bucket:303bf27116162aaf5aad23c1dceb815464d35b45e7e0b3d737d78f0e445a7c48,1.012921143895531,0.0032747698933720346
weibull_softplus_unscaled@kappa_floor_link,uncheatable,external_development,0,-1,delphi_3e18_39bucket:307e2ea17fda955025a3eb6f93191ebffc2a9ec7af3c27ab44f0b073b39a03a0,1.002930084695962,0.005893325362767159
weibull_softplus_unscaled@kappa_floor_link,uncheatable,external_development,0,-1,delphi_3e18_39bucket:3277a3d2dd0f9018971fbcb563df43c5c3d38d364fb0a15494e2fde4c841ab06,1.0381596197275327,0.004847716862280606
weibull_softplus_unscaled@kappa_floor_link,uncheatable,external_development,0,-1,delphi_3e18_39bucket:329d432004aa55ff655af8af17bade03a9b3dd241ea3c9e87a7dbbeb1dc1b1d6,1.033586910130815,0.004886228544840112
weibull_softplus_unscaled@kappa_floor_link,uncheatable,external_development,0,-1,delphi_3e18_39bucket:3398acf60037cd5b4392f15953e36c3f7d33dfa5fb55428c42d6dc324f33ee6d,1.0473153024873758,0.004317924607661023
weibull_softplus_unscaled@kappa_floor_link,uncheatable,external_development,0,-1,delphi_3e18_39bucket:3614e5ff6454c53dc1b4848cee125d2bf986629dee4783b90415bc92736347a1,0.9747685807624351,0.0039161192090979525
weibull_softplus_unscaled@kappa_floor_link,uncheatable,external_development,0,-1,delphi_3e18_39bucket:36c1fb12dabe2ea3b14dcba0b6662780fe8c2edd811e604dc693d72ef1aad4b2,1.0515133345977818,0.005366603120671325
weibull_softplus_unscaled@kappa_floor_link,uncheatable,external_development,0,-1,delphi_3e18_39bucket:378ccee7c37fc46dc3d8e46e4b4332bddd5bd6559bdcb485d925508370a96bfe,1.0375564005199018,0.004627497461272371
weibull_softplus_unscaled@kappa_floor_link,uncheatable,external_development,0,-1,delphi_3e18_39bucket:38b51fbcfa5c77121be6726dc68a28ce5ab9452aefd61be07d82e359fbdedf79,0.9766024726546356,0.0038822199826606067
weibull_softplus_unscaled@kappa_floor_link,uncheatable,external_development,0,-1,delphi_3e18_39bucket:391b0859fe53bf6c9da14d9694a7f85f766f8d8225b48942c840d1f3bebe7876,0.9962301133346247,0.0023606530174605333
weibull_softplus_unscaled@kappa_floor_link,uncheatable,external_development,0,-1,delphi_3e18_39bucket:391d81c8e67fe577eba6e9ee08f60d31bf3c4e751a772944fa9e620fd84cebdb,1.0228234478676297,0.003253629067255688
weibull_softplus_unscaled@kappa_floor_link,uncheatable,external_development,0,-1,delphi_3e18_39bucket:39df5a66a6bcbdc5f52f9f37dfd15b1fdd08a415743db8fb17cc8b0512ac963f,1.0672522407871312,0.005598804618932192
weibull_softplus_unscaled@kappa_floor_link,uncheatable,external_development,0,-1,delphi_3e18_39bucket:3a337cea08c5cd9c8a8b50d435117d13ca5818fbfbab1e6a87ff1e567e25c835,1.0386534339088795,0.004868383393888101
weibull_softplus_unscaled@kappa_floor_link,uncheatable,external_development,0,-1,delphi_3e18_39bucket:3c5d1d0ddb5500239d26944a313e0c966e43abfabc203fcdb07d5db66f8dc712,0.9906197138148269,0.0042160375593036994
weibull_softplus_unscaled@kappa_floor_link,uncheatable,external_development,0,-1,delphi_3e18_39bucket:3d3cd30314fd09b91f22ba82b732e228369abd03b55a27da937e0bca5a083a0a,1.0357199655979217,0.004723685035265223
weibull_softplus_unscaled@kappa_floor_link,uncheatable,external_development,0,-1,delphi_3e18_39bucket:3d45f3bc22316f2c3a26d5af2662f5cc5b2e1214d7bf88bc7dfa2b034b89b076,0.9918022005175864,0.0029683278605038025
weibull_softplus_unscaled@kappa_floor_link,uncheatable,external_development,0,-1,delphi_3e18_39bucket:3d7af05751d62a9d5ef924d05c8f988d625bdd60428e935601184be98b0ac0df,1.0409848480150774,0.004519082806686574
weibull_softplus_unscaled@kappa_floor_link,uncheatable,external_development,0,-1,delphi_3e18_39bucket:3de18a523f9dbadd83062cb454ad019820e391183b58003dd91dda53a4b13e1b,1.0735529237022312,0.012542078088173213
weibull_softplus_unscaled@kappa_floor_link,uncheatable,external_development,0,-1,delphi_3e18_39bucket:3ec760a2d3f08ec7acbde5dd5b70f25acbb174767b5f8e54d028852120660c2d,0.9980003219663136,0.004499165242340617
weibull_softplus_unscaled@kappa_floor_link,uncheatable,external_development,0,-1,delphi_3e18_39bucket:3f18082665844ac4fa26e9c9e87ec9528a72d448eff278e6eb0fb7e1d4dc39bc,1.0041519952278377,0.0030268800122444494
weibull_softplus_unscaled@kappa_floor_link,uncheatable,external_development,0,-1,delphi_3e18_39bucket:410691cfb41376383b24b9260d41e57810fbaa6978569d90f35459312770dd15,1.0459039344026797,0.004294375985407982
weibull_softplus_unscaled@kappa_floor_link,uncheatable,external_development,0,-1,delphi_3e18_39bucket:4148bb820fc709c78f6daf88c6822b7f28c7d1aba87c815125bab9cc0c715d32,1.0327339869064969,0.00799266430373137
weibull_softplus_unscaled@kappa_floor_link,uncheatable,external_development,0,-1,delphi_3e18_39bucket:419ee81cda8173e88f7ada544fce6e041beb00f9371af74edf51e3240616e6ae,0.988517396505507,0.003159609456187496
weibull_softplus_unscaled@kappa_floor_link,uncheatable,external_development,0,-1,delphi_3e18_39bucket:4287fd6ebf54e5dc56f478f75201af36dfaf1da75b19013f8ed1d1bb0d131b51,1.0525348932615364,0.004185868838329189
weibull_softplus_unscaled@kappa_floor_link,uncheatable,external_development,0,-1,delphi_3e18_39bucket:42a399ba5c0ec06b23cf6c90f7a2d7bb620e8bf74eb4ae6131c11a97455e81cb,1.0498998689811834,0.0064137237901035656
weibull_softplus_unscaled@kappa_floor_link,uncheatable,external_development,0,-1,delphi_3e18_39bucket:42d578942c429bb75d62f6e2a7b33a9636af248dbf978094a0685abfa6f6bef6,1.047111770313345,0.00436603897345355
weibull_softplus_unscaled@kappa_floor_link,uncheatable,external_development,0,-1,delphi_3e18_39bucket:435fc59b9f74ea68a12a16abcf01b49d1d751709400f056661ece786c4fb97f4,1.0406984432675512,0.0046245162733981405
weibull_softplus_unscaled@kappa_floor_link,uncheatable,external_development,0,-1,delphi_3e18_39bucket:43a1b832b41d7b3705abe45be2d9a39f606803f539c4bfc22f9bdb84abd4ecdd,1.0323612082128721,0.004586711570524656
weibull_softplus_unscaled@kappa_floor_link,uncheatable,external_development,0,-1,delphi_3e18_39bucket:43b243c94270528cefddfad2d85a2e86ee8e2e18b6fd46b04f3c346b72054bfc,1.038783648784422,0.004789252469293815
weibull_softplus_unscaled@kappa_floor_link,uncheatable,external_development,0,-1,delphi_3e18_39bucket:44ce79a61450d4abf95809bf0fa221ae9d748008c8b5ae22fd8d3212c27a3fea,0.9980481346335961,0.0019552417159547537
weibull_softplus_unscaled@kappa_floor_link,uncheatable,external_development,0,-1,delphi_3e18_39bucket:450946512768dd9a9e7ac0b8b0bfe70503c57901a1407ee4764ad2b8be47d6fc,1.093733543055979,0.004429785515443649
weibull_softplus_unscaled@kappa_floor_link,uncheatable,external_development,0,-1,delphi_3e18_39bucket:454b420da2501cc8413ce34639b91fba6c924e92d4acb602a12a4188a7bbac06,1.0034114274011554,0.0031771272086945058
weibull_softplus_unscaled@kappa_floor_link,uncheatable,external_development,0,-1,delphi_3e18_39bucket:45c4ebe12e4506146427d7cf86c80df51ee3636fdc90eec46c6fbcda132736d3,1.0409240096343204,0.004804273484139985
weibull_softplus_unscaled@kappa_floor_link,uncheatable,external_development,0,-1,delphi_3e18_39bucket:46346afc1e8f516e3cf8db030395bc5bdba3094e0d1d6ce3d9212fbb3736b08f,1.0543186096459687,0.004560706826090079
weibull_softplus_unscaled@kappa_floor_link,uncheatable,external_development,0,-1,delphi_3e18_39bucket:4656bf4bdeffbc234b5b12cc443ad2055c6daa70555f643727a48d11562171df,1.0365606801092375,0.004530697211212847
weibull_softplus_unscaled@kappa_floor_link,uncheatable,external_development,0,-1,delphi_3e18_39bucket:479b4c0d010ec8af266c712fad85c52a6b25371b206b9d3bea78ede611674b9e,1.0757946697694742,0.006295516946810959
weibull_softplus_unscaled@kappa_floor_link,uncheatable,external_development,0,-1,delphi_3e18_39bucket:47f173bc0284dd1f8264d5a01dd8a2fcd9c04165efed2d185d16e1684ae02254,0.9954022291916496,0.002864680323111753
weibull_softplus_unscaled@kappa_floor_link,uncheatable,external_development,0,-1,delphi_3e18_39bucket:4925c3287b201af1db9d1972026e9bf6b2b76a75673de01b83cd6af4965a90c1,0.9956265057072442,0.002112027088747615
weibull_softplus_unscaled@kappa_floor_link,uncheatable,external_development,0,-1,delphi_3e18_39bucket:49605a406a87e4b29ff1058b67cff48d00f583ed007d73fd163a37ab3f1ef415,0.9942208230583827,0.002364748722142209
weibull_softplus_unscaled@kappa_floor_link,uncheatable,external_development,0,-1,delphi_3e18_39bucket:4bea36f1a59704fdf3254fce13b499f62c5ce572c840a274eab13868a56e5f0c,1.0390733073639349,0.004914281895489959
weibull_softplus_unscaled@kappa_floor_link,uncheatable,external_development,0,-1,delphi_3e18_39bucket:4d2a9f8e18ebd65e0860eaa7996c71b4bc666ece79a59f99599bf658eaaf1ca6,1.0745105392989287,0.0064985769822030765
weibull_softplus_unscaled@kappa_floor_link,uncheatable,external_development,0,-1,delphi_3e18_39bucket:4dcd25089f067b1c4aa3d94b5a6046e58c872c7192b21d095899daf4324f9073,1.078545453352878,0.008955994271047936
weibull_softplus_unscaled@kappa_floor_link,uncheatable,external_development,0,-1,delphi_3e18_39bucket:4e32a5e9dd28c61c48e02bb2a44b9b07dfd0aba290fffff332f5119d1899e78e,1.0378201431273557,0.0049328757510499225
weibull_softplus_unscaled@kappa_floor_link,uncheatable,external_development,0,-1,delphi_3e18_39bucket:4f14ed9f6b84f8d07a49a046c1f0bc460e6188f73344c8a04a447d11f045e2fb,1.0364529750395899,0.0051922172483393515
weibull_softplus_unscaled@kappa_floor_link,uncheatable,external_development,0,-1,delphi_3e18_39bucket:5117115fda784e176c6f2f6b252905a9552ad3c50be88f0849fedb7b153ef185,1.0420492907310654,0.004496026148200519
weibull_softplus_unscaled@kappa_floor_link,uncheatable,external_development,0,-1,delphi_3e18_39bucket:514be0373f3adf0fa2a0f1d347bb9657c5a350d6221c93c56156da4fca342645,1.014313582583224,0.006681164614601163
weibull_softplus_unscaled@kappa_floor_link,uncheatable,external_development,0,-1,delphi_3e18_39bucket:51ba2b4f2f488f8c496f545e752754c9e324fea095988aeafc121d14587f9440,0.9889567269245726,0.00419754977523285
weibull_softplus_unscaled@kappa_floor_link,uncheatable,external_development,0,-1,delphi_3e18_39bucket:520b93fe83078f785e1745d02d62d4de498b2d844861b920f20ad9fddb96d966,1.0103545544642745,0.004094107018174288
weibull_softplus_unscaled@kappa_floor_link,uncheatable,external_development,0,-1,delphi_3e18_39bucket:5268fc7970fdd1757c78b3d28d3b4a01e39ae7eb48d9eff786688b6aa8419e2c,1.0458021310451504,0.004505024124398352
weibull_softplus_unscaled@kappa_floor_link,uncheatable,external_development,0,-1,delphi_3e18_39bucket:52eef22c85f32ba5c3c3bbd6b018e3ef32c028af3c84a8cce95f051e36bdb0ef,1.0397500108680062,0.0043098305500148155
weibull_softplus_unscaled@kappa_floor_link,uncheatable,external_development,0,-1,delphi_3e18_39bucket:5302a3d504bc827eb82480e47fa5f9369b2a34a9073980d5a79b7b11472c3d35,0.9897167148620023,0.0030124628550695794
weibull_softplus_unscaled@kappa_floor_link,uncheatable,external_development,0,-1,delphi_3e18_39bucket:5304e9320d8a83ce4fc5f0c3d55748a46b482bd39654250154a2e9b9b1f11612,0.9935366053892203,0.003766375053577521
weibull_softplus_unscaled@kappa_floor_link,uncheatable,external_development,0,-1,delphi_3e18_39bucket:547f1880e12c632add60347ae92abf186e58bd4549de02831f05f117476ccd27,0.9950115653934776,0.0023246925989835092
weibull_softplus_unscaled@kappa_floor_link,uncheatable,external_development,0,-1,delphi_3e18_39bucket:55870bf717d572ace521b0a7c6b31246156cc64b0ab6dd344e4f110a1c37e000,1.038047721382283,0.0051666484364633085
weibull_softplus_unscaled@kappa_floor_link,uncheatable,external_development,0,-1,delphi_3e18_39bucket:5653d17dd718ed001c50f11b1296a0b6c437549494c3ad1c8cb1b53da2629181,1.0525985633705384,0.007974693972283458
weibull_softplus_unscaled@kappa_floor_link,uncheatable,external_development,0,-1,delphi_3e18_39bucket:569f2fae296c65c150355a111967e64f0458d6d4e4e6695bdad8510e2d957522,0.9987182534544572,0.0023559536762299657
weibull_softplus_unscaled@kappa_floor_link,uncheatable,external_development,0,-1,delphi_3e18_39bucket:577ebf44b0802041939fa396b991d55566e0430342ea4e86916d0a09526dfc7b,1.0104844571332798,0.0033769610826173044
weibull_softplus_unscaled@kappa_floor_link,uncheatable,external_development,0,-1,delphi_3e18_39bucket:57e67b1e673016dfe6e90bf3eec613b57b4f45fb8628057d9be4b6887b097974,1.0365870048968675,0.004831239454963765
weibull_softplus_unscaled@kappa_floor_link,uncheatable,external_development,0,-1,delphi_3e18_39bucket:587d99c210755fe678009083951edbaf5f30125b9a9228c07223908788f4efbf,1.003266467054078,0.003066179451352447
weibull_softplus_unscaled@kappa_floor_link,uncheatable,external_development,0,-1,delphi_3e18_39bucket:593cd68cc1f7693b8781f426fd8bf633d814852c98cef69f1dc0e05aa749a4a8,1.0395629532280561,0.004715459909751258
weibull_softplus_unscaled@kappa_floor_link,uncheatable,external_development,0,-1,delphi_3e18_39bucket:5969f449d772b308738c1973bb8124a9388da3145bdcd4dbf580903e8aa5ae45,1.0052519570998375,0.0038635712352952586
weibull_softplus_unscaled@kappa_floor_link,uncheatable,external_development,0,-1,delphi_3e18_39bucket:5a6c87e0a035e4d18b7e137b2cc16b00806f8d1ef126cc1b3e98ec648866cd95,1.007764919199512,0.0036772798279168946
weibull_softplus_unscaled@kappa_floor_link,uncheatable,external_development,0,-1,delphi_3e18_39bucket:5a988330e74f91960f06cf673b3d4fb431b8fa721e3c7765a95b86088e8b3640,1.0373693107623585,0.004637342900365672
weibull_softplus_unscaled@kappa_floor_link,uncheatable,external_development,0,-1,delphi_3e18_39bucket:5a9ed51807418fe4ffaa4a95d2420907cd771b791ccbe7a8b543f2adf9061a8e,1.0383701232060476,0.004818338620403947
weibull_softplus_unscaled@kappa_floor_link,uncheatable,external_development,0,-1,delphi_3e18_39bucket:5bab89a350083bbb82d43430d716a115110122a55cabce94a4c485ba7cfc7890,0.9884778748121625,0.0034354935578527167
weibull_softplus_unscaled@kappa_floor_link,uncheatable,external_development,0,-1,delphi_3e18_39bucket:5baf1bd5753c211b529cb2dfdeb4556a9e7d9e60dca85172f893af225d6a49b6,1.0371766988307223,0.004828884756238355
weibull_softplus_unscaled@kappa_floor_link,uncheatable,external_development,0,-1,delphi_3e18_39bucket:5d327ac229879291117268bc6336e58c8152465241259a6f06a7977096c2cbab,0.9951720098331343,0.007583721466886143
weibull_softplus_unscaled@kappa_floor_link,uncheatable,external_development,0,-1,delphi_3e18_39bucket:5d3c191f384bc2fdb869709ada4835079a8ea387a239c05a383b6d50feb82419,1.0820364570178669,0.007634490611513269
weibull_softplus_unscaled@kappa_floor_link,uncheatable,external_development,0,-1,delphi_3e18_39bucket:5d81c990ff3f85d604963810f29b83410738a33c030bdad16230497701c673cc,0.9981463690563963,0.0022846154735752973
weibull_softplus_unscaled@kappa_floor_link,uncheatable,external_development,0,-1,delphi_3e18_39bucket:5da4a1f0602a1c573a15377a4719b3b792d3be63656c74bcdef8bd988e67c292,0.9864620660360148,0.004191172161381836
weibull_softplus_unscaled@kappa_floor_link,uncheatable,external_development,0,-1,delphi_3e18_39bucket:5df7ed0b68454fcec31de8326a1e4b7f97af17db946f06b0c2c6be55a0a58023,1.060343477577709,0.0040802326501421
weibull_softplus_unscaled@kappa_floor_link,uncheatable,external_development,0,-1,delphi_3e18_39bucket:5e82fa8032d14849cb8dc9fd8900615e0f644f4dcc5f56d9fdcb7be65d280bd9,1.0376377060542898,0.00492550121268097
weibull_softplus_unscaled@kappa_floor_link,uncheatable,external_development,0,-1,delphi_3e18_39bucket:5f70df28cce5d870961ea81fd9171415d174214efb666d244008771b3f8a8132,0.9945022434271221,0.0030572774735844717
weibull_softplus_unscaled@kappa_floor_link,uncheatable,external_development,0,-1,delphi_3e18_39bucket:5f8f1118125ab64ed7032396f431fe7a879ad10627850bcd4cebb2b9c12c9c22,1.0369718926817795,0.004775797360198475
weibull_softplus_unscaled@kappa_floor_link,uncheatable,external_development,0,-1,delphi_3e18_39bucket:5fa5cf047ffb05b34ab17af47ca76b8ed3cf45d172b6ee69c5619c55231222bc,1.0371110286863519,0.004612153366222952
weibull_softplus_unscaled@kappa_floor_link,uncheatable,external_development,0,-1,delphi_3e18_39bucket:5fb6419e901016333ce5c075f123385864a29743541a4465e59b81d1d53f1921,0.9823488939343505,0.002616528315714241
weibull_softplus_unscaled@kappa_floor_link,uncheatable,external_development,0,-1,delphi_3e18_39bucket:6233cb472d97f01738aec435e826103682ccfd8390ef3bf6783341c9818b9043,1.000144755096069,0.0025790543732964718
weibull_softplus_unscaled@kappa_floor_link,uncheatable,external_development,0,-1,delphi_3e18_39bucket:635528e5e2a0e881124caf31eb8cf68a81b7afe38b50630e57e736edbdd31013,0.9973388429723838,0.0023394829399151803
weibull_softplus_unscaled@kappa_floor_link,uncheatable,external_development,0,-1,delphi_3e18_39bucket:643213b3d69a274b198c42fc5df8e2e33accfef69d26786274a4e3f0d3ff1eba,0.9900026106768616,0.002849747785443414
weibull_softplus_unscaled@kappa_floor_link,uncheatable,external_development,0,-1,delphi_3e18_39bucket:64f4ce182df0f4dc266d00d5177554ae26d369be6d6fdc42e4020ce4c159e038,1.0101295892774003,0.0036586308692622385
weibull_softplus_unscaled@kappa_floor_link,uncheatable,external_development,0,-1,delphi_3e18_39bucket:657cba1c0ea3a729af39bff18b4377567929bd7f9ece5bd5dd9fe573efdf1846,1.048906675856427,0.004416494168463046
weibull_softplus_unscaled@kappa_floor_link,uncheatable,external_development,0,-1,delphi_3e18_39bucket:65ccd2db176dadefe0a7cf70618e1e83b58fd25b8cdb66dafce02ef9cc006744,1.0382421299663607,0.005187510730638057
weibull_softplus_unscaled@kappa_floor_link,uncheatable,external_development,0,-1,delphi_3e18_39bucket:65d781957ad30514765e476d9aef03613f438cb06683bdb6e47eeadeb5f9a3d0,1.036411456234071,0.004653947655101931
weibull_softplus_unscaled@kappa_floor_link,uncheatable,external_development,0,-1,delphi_3e18_39bucket:661739490c9b84b6c95c10cd02b37a24bbca1d52fa7a8b7e180f2963642f363a,1.0390036585025995,0.005104215547721626
weibull_softplus_unscaled@kappa_floor_link,uncheatable,external_development,0,-1,delphi_3e18_39bucket:665264aa06d922541d30ea5dffa5ab727ff9eecc9ba769dc6409f816a5ea281e,1.03336992305665,0.004323696851857884
weibull_softplus_unscaled@kappa_floor_link,uncheatable,external_development,0,-1,delphi_3e18_39bucket:6683ff87838073a568adf59ff7c6498c94372836209739b03bbd5d504c540273,1.0372467213269103,0.004760517806487756
weibull_softplus_unscaled@kappa_floor_link,uncheatable,external_development,0,-1,delphi_3e18_39bucket:67219c03d0898c3bde8548203483153b8dab3ed4fff577a865554213c097934e,1.0061304559908915,0.003956960875676946
weibull_softplus_unscaled@kappa_floor_link,uncheatable,external_development,0,-1,delphi_3e18_39bucket:67c596ca345b4ee037b293caa94b2bf053cca70944eb5962eb9081967b56c5a1,1.053114429819272,0.006062891580211569
weibull_softplus_unscaled@kappa_floor_link,uncheatable,external_development,0,-1,delphi_3e18_39bucket:6804300e425006b08f97520a7f6c9bba13378a0b6b02edcbfec5611e5ca0c44d,1.0005142117559,0.002122372574499155
weibull_softplus_unscaled@kappa_floor_link,uncheatable,external_development,0,-1,delphi_3e18_39bucket:68195b7435e250fecfae0a4a43494aec7a31a5058003835e9123c0d9e17c5779,1.0373224993025394,0.004888453361038393
weibull_softplus_unscaled@kappa_floor_link,uncheatable,external_development,0,-1,delphi_3e18_39bucket:685f65df9a5d97bc32080e3b868a666285be0939d78e0a811d378657ee757244,0.9867604406626638,0.005094778379340924
weibull_softplus_unscaled@kappa_floor_link,uncheatable,external_development,0,-1,delphi_3e18_39bucket:6a6a57cc90489b1821b2d65721b9c2e1d907405a1cb08fb12b0a637f75a245c7,1.051022604327446,0.004574379546422049
weibull_softplus_unscaled@kappa_floor_link,uncheatable,external_development,0,-1,delphi_3e18_39bucket:6b35fe0f0f1836e028d532783d26a896a624c7a1b735b664c912826d6046ade7,1.0374884869826129,0.004902376187474787
weibull_softplus_unscaled@kappa_floor_link,uncheatable,external_development,0,-1,delphi_3e18_39bucket:6be8998407711e41d66a8387ce4264ca2d324918221eafcce587dcead56348cf,0.9984246439034299,0.002081724118611687
weibull_softplus_unscaled@kappa_floor_link,uncheatable,external_development,0,-1,delphi_3e18_39bucket:6c651e55ddca05236b7de3e3673e1b135e1bafa15edb691f8d6ccfe12505a49c,1.0064601096632888,0.003158636250184363
weibull_softplus_unscaled@kappa_floor_link,uncheatable,external_development,0,-1,delphi_3e18_39bucket:6eff5c2c6d0c6033485ec4cb97a6edae6de89063ea34c89f669ff4e4e0629eea,1.0433111532573502,0.004998026570428317
weibull_softplus_unscaled@kappa_floor_link,uncheatable,external_development,0,-1,delphi_3e18_39bucket:6f2ceecb1630469201c7035fa1c46b5e3575989940074cd8c176f47a5250cda2,1.0414278783586775,0.004788229085927069
weibull_softplus_unscaled@kappa_floor_link,uncheatable,external_development,0,-1,delphi_3e18_39bucket:6f5f12ad402436790f3d03055f3eb56f3931fe179faa1d08d6bfed2b23726d8d,1.0077648900687501,0.00662825724267344
weibull_softplus_unscaled@kappa_floor_link,uncheatable,external_development,0,-1,delphi_3e18_39bucket:7085b12019ff35a054c005d424eb8596134e288c7ecaa2596bb4b5711eb66326,1.0015613526634626,0.004077734531722981
weibull_softplus_unscaled@kappa_floor_link,uncheatable,external_development,0,-1,delphi_3e18_39bucket:7132c13eee4b70ca34a33f9a9ae7366f1bfa0fced8aaf9fa0323bc319b97506a,1.0414880428797963,0.004724526302877701
weibull_softplus_unscaled@kappa_floor_link,uncheatable,external_development,0,-1,delphi_3e18_39bucket:71eb42d48f6b6a336390c690ce1e47364dfe485e2a4f06e168075c88b0def0a9,1.08198970806712,0.007084003250370086
weibull_softplus_unscaled@kappa_floor_link,uncheatable,external_development,0,-1,delphi_3e18_39bucket:73b73bcfae2235917fe2f1124d67bf7e8f4de12dc6dcc34da1357fa35965dccd,1.038868701282977,0.005028146711655186
weibull_softplus_unscaled@kappa_floor_link,uncheatable,external_development,0,-1,delphi_3e18_39bucket:73e4938531467186d1056d6cf58b170c580574db409beae1e74fb1f8405d458a,1.037879706833674,0.004759296091827639
weibull_softplus_unscaled@kappa_floor_link,uncheatable,external_development,0,-1,delphi_3e18_39bucket:742dd349c1fbc18af63f516a37aaff216490071ad5e744e3cf744b4b49367d40,1.0458976854457913,0.00511046425640415
weibull_softplus_unscaled@kappa_floor_link,uncheatable,external_development,0,-1,delphi_3e18_39bucket:74bdb4e6f472459381f30133f60e19e24a54f6c7d8a9fc845b5471d668934b4d,1.0204259408872418,0.004158068740372536
weibull_softplus_unscaled@kappa_floor_link,uncheatable,external_development,0,-1,delphi_3e18_39bucket:779582b98316a575f87b769bfc22d3510587f0f16a442ad2616825ec6f00f94d,1.0377040886439532,0.004812542376907692
weibull_softplus_unscaled@kappa_floor_link,uncheatable,external_development,0,-1,delphi_3e18_39bucket:789182d5189317aa9b8640cc1bce52e2c170dc32657677d3a4108620bcbb7f05,1.041238882084167,0.005109482503694139
weibull_softplus_unscaled@kappa_floor_link,uncheatable,external_development,0,-1,delphi_3e18_39bucket:78b2e8346a4519dfef462b8376a77bc4e1d601f8933e6641020cf0eb7e48efc0,1.023546091892271,0.004310819038288915
weibull_softplus_unscaled@kappa_floor_link,uncheatable,external_development,0,-1,delphi_3e18_39bucket:79342538155564afca7e514f857df1aab57ae43c2a727fc37d051d30c6d25bbd,1.0642086660108652,0.005378423939069292
weibull_softplus_unscaled@kappa_floor_link,uncheatable,external_development,0,-1,delphi_3e18_39bucket:79b7dc536837224e4eff768fb8683996c85a942a48afb91148b576ea01130da8,1.0379101239077286,0.0040470226770101606
weibull_softplus_unscaled@kappa_floor_link,uncheatable,external_development,0,-1,delphi_3e18_39bucket:79faa6a5b2de9e64c364af44aaa762e31a637c87c7c6d57002f957ef71cbeb84,0.9976515957871488,0.002172421274714623
weibull_softplus_unscaled@kappa_floor_link,uncheatable,external_development,0,-1,delphi_3e18_39bucket:7a8a1571857b7cc2f62797b819c02b7601a261a232ede9b2b2a40a8e02631529,1.0381136736508156,0.005192440474433005
weibull_softplus_unscaled@kappa_floor_link,uncheatable,external_development,0,-1,delphi_3e18_39bucket:7ab74cb0c3631183b76fefb3117496ce670fa45cf520e299bb7f3bce074e8658,1.075161212273858,0.004373406312616513
weibull_softplus_unscaled@kappa_floor_link,uncheatable,external_development,0,-1,delphi_3e18_39bucket:7c9cf8d99e2a20bfcf7060b220169c9ae7c13a5c2cfaa96022cc97b063759fec,1.0073145955918277,0.003182197421203211
weibull_softplus_unscaled@kappa_floor_link,uncheatable,external_development,0,-1,delphi_3e18_39bucket:7d6e5bdf2421a78af620ea6ac7975078e405a629c7642ced529ef76b1f6bba54,1.0341659285404723,0.007810675645576476
weibull_softplus_unscaled@kappa_floor_link,uncheatable,external_development,0,-1,delphi_3e18_39bucket:7e50a540822cd1f63f18761885d1cd012c7c060ebeb687febf7e9be0ca69e06f,1.04205122002042,0.005122358591164112
weibull_softplus_unscaled@kappa_floor_link,uncheatable,external_development,0,-1,delphi_3e18_39bucket:7e55a3661a634ab042b0d907f35856d18f479e608ad474942aa5a6ecf7f9f033,0.9965696372010812,0.0024984122081392157
weibull_softplus_unscaled@kappa_floor_link,uncheatable,external_development,0,-1,delphi_3e18_39bucket:7ea661be2a7587559cb8925e1eb21820cb040c4cd7a883b0f24803c308d3fb41,0.9977202256673756,0.0021276779664053686
weibull_softplus_unscaled@kappa_floor_link,uncheatable,external_development,0,-1,delphi_3e18_39bucket:7ed367f16179f0147cfe76808f461bb876363b57665b8e5485529577f7dd5210,0.9935137903726268,0.003908676769732021
weibull_softplus_unscaled@kappa_floor_link,uncheatable,external_development,0,-1,delphi_3e18_39bucket:80b7399fe369d7309377bca271430df48654b77c59f6f9809f09f49a62c14c95,0.9865203680810539,0.005220234561576059
weibull_softplus_unscaled@kappa_floor_link,uncheatable,external_development,0,-1,delphi_3e18_39bucket:80c15a27d3c6defe26f889f7936ebab693f93a38ab4040725e65f243f2688f9e,1.061224408388049,0.004490447086151295
weibull_softplus_unscaled@kappa_floor_link,uncheatable,external_development,0,-1,delphi_3e18_39bucket:80cd1b3538923f0a877e5c9e8a78b526e337a71951c52c3ed2fabe91e7daeb69,0.9919586927252185,0.004191950580082663
weibull_softplus_unscaled@kappa_floor_link,uncheatable,external_development,0,-1,delphi_3e18_39bucket:80ef0b613e000a82657443770642af353463be1258804e7d9a261d13e6d4476b,1.0247330323943689,0.00821854968375452
weibull_softplus_unscaled@kappa_floor_link,uncheatable,external_development,0,-1,delphi_3e18_39bucket:81329096cd24fadc9f75ffda9d87c90de1dd4f27e19160c1a0ab25986bc2213e,0.9981771620100487,0.0021100323588635556
weibull_softplus_unscaled@kappa_floor_link,uncheatable,external_development,0,-1,delphi_3e18_39bucket:81cb45a36b39811750d0ff0f4375bddfcf30514d23437ee76f5f2fb9aeef22de,0.9911487802284643,0.0029871546392614906
weibull_softplus_unscaled@kappa_floor_link,uncheatable,external_development,0,-1,delphi_3e18_39bucket:83255fbba7f49b8b85c42635b9dfbb84761b39c2df55f527fecbf415d75bdb19,0.9756051192103645,0.0037359745623206358
weibull_softplus_unscaled@kappa_floor_link,uncheatable,external_development,0,-1,delphi_3e18_39bucket:834ca3cc6431aa04fe7c1039a47a2b6cb51197eca105e28b5fdd395b13a59c18,1.0367379701225277,0.005042063275868664
weibull_softplus_unscaled@kappa_floor_link,uncheatable,external_development,0,-1,delphi_3e18_39bucket:848ee17fdc86ef605e6b967b8be1b2327ef85ba9fcd80de8caf8ec6cb2bfae35,1.0430191104140358,0.004647162741861609
weibull_softplus_unscaled@kappa_floor_link,uncheatable,external_development,0,-1,delphi_3e18_39bucket:851897897f6a702a132a53ae8f04f9f597629831dfbe696325a3cb4810870279,1.0390070076876885,0.004640138325721222
weibull_softplus_unscaled@kappa_floor_link,uncheatable,external_development,0,-1,delphi_3e18_39bucket:85cf736312d9c54d30d33e799831eace88d4de508ed9795dc06bd89296394ffd,0.9993372625148083,0.0020845830502295866
weibull_softplus_unscaled@kappa_floor_link,uncheatable,external_development,0,-1,delphi_3e18_39bucket:86420d557a137f4d0cf021827bb1dfd00123496c140b53f73d1886b1fcfec8be,1.038246765801535,0.004877215377030958
weibull_softplus_unscaled@kappa_floor_link,uncheatable,external_development,0,-1,delphi_3e18_39bucket:869e1d284e219525aaf5d7d275906629688a62da31308f8af724cf8e4e5d9f87,0.9978177845856344,0.0019947516318723816
weibull_softplus_unscaled@kappa_floor_link,uncheatable,external_development,0,-1,delphi_3e18_39bucket:87080ec1cfff7cc2b32c2fdc42c41a6796e01bcbfb8616fe6e2dde53b69a4109,1.074117584956661,0.006667435441304247
weibull_softplus_unscaled@kappa_floor_link,uncheatable,external_development,0,-1,delphi_3e18_39bucket:8742e8c2e0296f55b1c137dd55f16cb74ac4383a6910e9d287ebe64de86fef97,0.9968626923031982,0.004025806391880218
weibull_softplus_unscaled@kappa_floor_link,uncheatable,external_development,0,-1,delphi_3e18_39bucket:8764bd229418c70dbbe599973cafc92f4d5c6b32008b9660f4dc1c2b9ea05ee6,0.9861431390193394,0.003528932990247512
weibull_softplus_unscaled@kappa_floor_link,uncheatable,external_development,0,-1,delphi_3e18_39bucket:87837653d9cdc600c37c55a28dbdbbafffdc6e81c912de2423ff4dd6118f5f0a,1.0364867016842263,0.00489004005982034
weibull_softplus_unscaled@kappa_floor_link,uncheatable,external_development,0,-1,delphi_3e18_39bucket:8784616bf6a6f4416513634feed4c1d09697d7626e853b9132f5d5b1a5ec5286,1.0384080684085992,0.0049637603413439655
weibull_softplus_unscaled@kappa_floor_link,uncheatable,external_development,0,-1,delphi_3e18_39bucket:87be168549724da95ae6d032411d12303a0ae7fc9c2ecc38ead4f252668fcd3d,1.0440927377901013,0.004826911044171998
weibull_softplus_unscaled@kappa_floor_link,uncheatable,external_development,0,-1,delphi_3e18_39bucket:886ef9a3b6898b33d1cbfe224fde8ae46669dd21b00953a088e52e85aea29e34,1.054422423952048,0.004555138769504954
weibull_softplus_unscaled@kappa_floor_link,uncheatable,external_development,0,-1,delphi_3e18_39bucket:888cfaf89d4295f594e70e228c529e053cfd95543a8db5dfe5873174591305d6,0.9914992363139532,0.003975651281974925
weibull_softplus_unscaled@kappa_floor_link,uncheatable,external_development,0,-1,delphi_3e18_39bucket:88da80acdbb077326baf06c1ee5ed44df4ccf2d1c95d0225144a1ef721799941,1.0370373437860638,0.004827036688159342
weibull_softplus_unscaled@kappa_floor_link,uncheatable,external_development,0,-1,delphi_3e18_39bucket:8910b0578fdda4c18bd7e50f1db6f6ae52d07ac262aa4cb6226715890111fba5,1.0395277000883385,0.003657261449376948
weibull_softplus_unscaled@kappa_floor_link,uncheatable,external_development,0,-1,delphi_3e18_39bucket:8a5e02daa1e8fdf2a742a34c43f9a70bb723cb9f61bc5fcfe9694679bdaca30e,1.0369963658917367,0.004794754035125683
weibull_softplus_unscaled@kappa_floor_link,uncheatable,external_development,0,-1,delphi_3e18_39bucket:8b6fc2228a641c15336b0a2f6243168c75a92ef85a25feac87bdbcb80fa0ce3e,0.9759093993702348,0.00385528236188421
weibull_softplus_unscaled@kappa_floor_link,uncheatable,external_development,0,-1,delphi_3e18_39bucket:8baefda61a7b076070dd2fdfae9c2833cb8c470bc0be085535e8c1a510789ee8,1.050676315339309,0.005260920781066933
weibull_softplus_unscaled@kappa_floor_link,uncheatable,external_development,0,-1,delphi_3e18_39bucket:8bb9f580b38a5691e7f2030d568ef8db3f7430366b33433322edc9652cacd6f5,1.040879932446638,0.005417937751159679
weibull_softplus_unscaled@kappa_floor_link,uncheatable,external_development,0,-1,delphi_3e18_39bucket:8bbe93b0af46157c7aaa17bf2587b4a436032d818670734d30f256fccaef3ed1,1.032007345138015,0.004700168156579255
weibull_softplus_unscaled@kappa_floor_link,uncheatable,external_development,0,-1,delphi_3e18_39bucket:8bd59c49ec1cdc852b27915a9a7ac596f0f8a73500f6591ee9c6557d34bd8c27,1.0367622851164922,0.004838951582530859
weibull_softplus_unscaled@kappa_floor_link,uncheatable,external_development,0,-1,delphi_3e18_39bucket:8c377f234db2429719cde7dad4993aee8d5ba1a1b9fc4bb1edecd7ce3c71c7ba,1.0402561476060868,0.004708177258662405
weibull_softplus_unscaled@kappa_floor_link,uncheatable,external_development,0,-1,delphi_3e18_39bucket:8d8d29d13a22ae384d9c1d2602fbdc405a2944615cac1839a8fed0a4f1cf92cd,1.0275788705639064,0.004822994223792012
weibull_softplus_unscaled@kappa_floor_link,uncheatable,external_development,0,-1,delphi_3e18_39bucket:8e07c6e265071fba3115ceab986006dd4518361d77cde815c233b3b70a3ffdc0,1.0362629625187414,0.0047791174425368815
weibull_softplus_unscaled@kappa_floor_link,uncheatable,external_development,0,-1,delphi_3e18_39bucket:8ed5f5516a187a4a2554d9c9c8146015a7f00b116e579433a44c39a9c8006f31,0.994117483227156,0.005151405514395978
weibull_softplus_unscaled@kappa_floor_link,uncheatable,external_development,0,-1,delphi_3e18_39bucket:8ef412ceada2d7ce755116002b185f9a484e1bd67269fffa0bb96a36e49f1b57,0.9990091487475725,0.0030082085835850514
weibull_softplus_unscaled@kappa_floor_link,uncheatable,external_development,0,-1,delphi_3e18_39bucket:8f9d336e61271fad2de609d91cff46986aa0a18d154f1bb47311d58529798e70,0.9916687172751353,0.0030420742006093374
weibull_softplus_unscaled@kappa_floor_link,uncheatable,external_development,0,-1,delphi_3e18_39bucket:8fd1ba3a337f5601be326ee3fa5f02778374cd45763940f906a747ef581271a2,1.0045267417680699,0.00317720460611089
weibull_softplus_unscaled@kappa_floor_link,uncheatable,external_development,0,-1,delphi_3e18_39bucket:90dba2fc8d83436f4853eb165d137a40b833acc83db632ba583aa912e43b733d,0.9905730664829054,0.003498912860066173
weibull_softplus_unscaled@kappa_floor_link,uncheatable,external_development,0,-1,delphi_3e18_39bucket:90f52ac0608eb5e98056e42a1f2c4baf179f331a5a38fab70ead512319850a58,0.9872534968897707,0.005084709520139896
weibull_softplus_unscaled@kappa_floor_link,uncheatable,external_development,0,-1,delphi_3e18_39bucket:915788dcc658ef8459d4fe90196613e360eb9a4655570e26ccf506b5a28854fa,0.9944512952042815,0.002804156208415214
weibull_softplus_unscaled@kappa_floor_link,uncheatable,external_development,0,-1,delphi_3e18_39bucket:91ab6eb5ae7849b9e87fba2106c491587834053d24b5391eedf4835d5a9ceefb,1.0382937900367175,0.004796616551805542
weibull_softplus_unscaled@kappa_floor_link,uncheatable,external_development,0,-1,delphi_3e18_39bucket:937f2ad80bf81c490b47d4ffa2a834687d935ca5b8d1aac556126ed037de7674,1.02037303638606,0.004685205024824811
weibull_softplus_unscaled@kappa_floor_link,uncheatable,external_development,0,-1,delphi_3e18_39bucket:9402f0aef28710392a371f6c2d00b98a0838d825536798d42069e950307c4c99,0.976797261472727,0.003882313931615135
weibull_softplus_unscaled@kappa_floor_link,uncheatable,external_development,0,-1,delphi_3e18_39bucket:970c37b900cddf2525317a138fb131ccad6daea8791d001f37f7afb455709750,1.0282200991908743,0.004414161927433958
weibull_softplus_unscaled@kappa_floor_link,uncheatable,external_development,0,-1,delphi_3e18_39bucket:97a9a5ebb9cef7528b5a1da0e741881159e16d17debe1bae0a412102ad3ef173,0.9789806348692496,0.0037595595619866347
weibull_softplus_unscaled@kappa_floor_link,uncheatable,external_development,0,-1,delphi_3e18_39bucket:99a1fe189ce40a2f048415cf2c9d05a5d0869a5118c2c936a4376cb325c23e68,0.9866971243147407,0.005063001475851557
weibull_softplus_unscaled@kappa_floor_link,uncheatable,external_development,0,-1,delphi_3e18_39bucket:9a343b0b93b0bad4f87152437bb40a403f7be5b9f572cfae5e7703e50bc7093a,1.0796793780623535,0.005537598178046214
weibull_softplus_unscaled@kappa_floor_link,uncheatable,external_development,0,-1,delphi_3e18_39bucket:9a66aeb4da20d6cb985f60b618c35fa92cb849c3995c7701c5b8b9785a935f95,1.0385057940814961,0.004788735601047921
weibull_softplus_unscaled@kappa_floor_link,uncheatable,external_development,0,-1,delphi_3e18_39bucket:9b478f9223e98b33f203281ad106af33651a711905e81c6425afe46d362783dd,0.9895362424455738,0.004190464867985327
weibull_softplus_unscaled@kappa_floor_link,uncheatable,external_development,0,-1,delphi_3e18_39bucket:9b5151b872ae7af3e6ea7b0848ca27f2df40cf9db2959053862a77d7bb2ce64a,1.0380537592914298,0.004849335651679155
weibull_softplus_unscaled@kappa_floor_link,uncheatable,external_development,0,-1,delphi_3e18_39bucket:9c6db70647e13c5852166d57e3fc232c7b5e9b140a9ad0d9b86579435f1b927e,1.0385178925703975,0.004900665292556505
weibull_softplus_unscaled@kappa_floor_link,uncheatable,external_development,0,-1,delphi_3e18_39bucket:9cb37ee04e914fba68e7aa6ea382c6a5dcc2b405ec78b251b537abc8f70b15f2,1.0996535713963453,0.007915902660946127
weibull_softplus_unscaled@kappa_floor_link,uncheatable,external_development,0,-1,delphi_3e18_39bucket:9d67ecf7ca42caa8c17072acc340447c75d621fa7f6328d104f5c9aaeb7ec6e0,1.0012910027919242,0.0022312053922038566
weibull_softplus_unscaled@kappa_floor_link,uncheatable,external_development,0,-1,delphi_3e18_39bucket:9dd4959b60a619086be7a961944fc3ecdd885a9e689014e9469cefc96b05d519,1.0431595362636097,0.0045558418510357876
weibull_softplus_unscaled@kappa_floor_link,uncheatable,external_development,0,-1,delphi_3e18_39bucket:9e9c69194eb0212d58b2cd82c37cfb3cd0425cc53145c90e62e8fdaa0146b72c,1.0673852065937068,0.005525754999325178
weibull_softplus_unscaled@kappa_floor_link,uncheatable,external_development,0,-1,delphi_3e18_39bucket:a06702de740002664665137e4b38e0b8da850b54fa2b60043b07648bc7865e0d,1.0392311539725556,0.004929245661732331
weibull_softplus_unscaled@kappa_floor_link,uncheatable,external_development,0,-1,delphi_3e18_39bucket:a0bbc1f698c1a18d7f21e9791cce50f2a1d00723e1a937c8b85e7b03774f3749,1.0378658330618658,0.004817675468967266
weibull_softplus_unscaled@kappa_floor_link,uncheatable,external_development,0,-1,delphi_3e18_39bucket:a112249e06f01c4b89fb7ab08cab57efeda282d92742f4cc252467705cf190b3,0.9900218420279555,0.0028894642023971316
weibull_softplus_unscaled@kappa_floor_link,uncheatable,external_development,0,-1,delphi_3e18_39bucket:a1a917b1981fc2cad2c2759dccf963b51fb941fd9816c49087f7b119545d4161,0.9970382799767245,0.003051252559899626
weibull_softplus_unscaled@kappa_floor_link,uncheatable,external_development,0,-1,delphi_3e18_39bucket:a1f87c7627ab9c948d93247605933c7e9d12b8ea41ba1996c0c22c23f0c60e1e,1.0387196489813721,0.004880066854366907
weibull_softplus_unscaled@kappa_floor_link,uncheatable,external_development,0,-1,delphi_3e18_39bucket:a25dabb3c98aa39ea49c61f7537a84bdce96e8f918213f095826eb4df2bfcd91,1.0362860641000653,0.0042650892876919325
weibull_softplus_unscaled@kappa_floor_link,uncheatable,external_development,0,-1,delphi_3e18_39bucket:a2e9ef04947000c42a5fce44f079afd6c9a82405871f0ae796e3a23c09bdcd60,1.0865361227218227,0.01539313373888249
weibull_softplus_unscaled@kappa_floor_link,uncheatable,external_development,0,-1,delphi_3e18_39bucket:a315b6115cd413de8d5e39509e9b2bcb130fb31b515f2b998f7a274d483f99de,1.0377324373280188,0.004745413643237799
weibull_softplus_unscaled@kappa_floor_link,uncheatable,external_development,0,-1,delphi_3e18_39bucket:a33494886bea818345f1c4e736142dd31e9b8963c77dda49d14b97936f38ad95,1.017640858273624,0.004005970792416957
weibull_softplus_unscaled@kappa_floor_link,uncheatable,external_development,0,-1,delphi_3e18_39bucket:a446352f8ea28f09e4c49fbb12b233c435b553f9d70c492c7073b7bf49c30026,1.0005452221669908,0.0035120610865161913
weibull_softplus_unscaled@kappa_floor_link,uncheatable,external_development,0,-1,delphi_3e18_39bucket:a4464fbeb7558934945cefd27711b340531f10f3393f5ab055b29227f11a2f02,1.036614549234642,0.00485074353452533
weibull_softplus_unscaled@kappa_floor_link,uncheatable,external_development,0,-1,delphi_3e18_39bucket:a49233d8ca277189ab0cffa6075e2cba9b34d183388b505c02e9a17d70d7b1a8,1.029585103006294,0.004435330150140778
weibull_softplus_unscaled@kappa_floor_link,uncheatable,external_development,0,-1,delphi_3e18_39bucket:a570734958ce849cebca1348408f996861bd51f2f76876b6595f3aa361d871f5,0.985119371334084,0.004934559794450957
weibull_softplus_unscaled@kappa_floor_link,uncheatable,external_development,0,-1,delphi_3e18_39bucket:a64059ebf6ac3d0875b9f311b2e3e574ff090986e2a18e0768c17721dee9a572,1.043940948337753,0.004990237733993026
weibull_softplus_unscaled@kappa_floor_link,uncheatable,external_development,0,-1,delphi_3e18_39bucket:a65d5c88e37d14e7e1c7bc24772a174122d7735d5bb9401952c2c43a9e52bcb0,1.0384039887658658,0.004831230391118746
weibull_softplus_unscaled@kappa_floor_link,uncheatable,external_development,0,-1,delphi_3e18_39bucket:a6f8ee66180ee4f314eaefad2d4a4d32b2dca4cca30189c172ec69c8e429a20f,0.9997854791275731,0.004199338960327358
weibull_softplus_unscaled@kappa_floor_link,uncheatable,external_development,0,-1,delphi_3e18_39bucket:a8c855f7247f4bb844661b84227e13a55c58f2bdeda554bdaadb6541e5fd19bc,1.0387487274144385,0.004885978290433737
weibull_softplus_unscaled@kappa_floor_link,uncheatable,external_development,0,-1,delphi_3e18_39bucket:a9443e4734c22f757147884341c62ae38299464729f87ed9ebc619cf23b893a1,1.0368100922220336,0.004781450970280981
weibull_softplus_unscaled@kappa_floor_link,uncheatable,external_development,0,-1,delphi_3e18_39bucket:a96abbfe9e29b29f06fdb9be2935742296725f23def7ac46e67be6129f5ca741,1.0590012849847568,0.004400065470637623
weibull_softplus_unscaled@kappa_floor_link,uncheatable,external_development,0,-1,delphi_3e18_39bucket:a98036a6d9c1a1c7fb42982be7cae6f1e1d167bb4c7f7e78ebb546027f1e558f,1.0423521065594425,0.004364891032313736
weibull_softplus_unscaled@kappa_floor_link,uncheatable,external_development,0,-1,delphi_3e18_39bucket:a9fad6c5f1a36df4b0cd5664cd0bb595654bf66783a68cba6267d2877016bdfc,0.9949513567957493,0.006907941370267059
weibull_softplus_unscaled@kappa_floor_link,uncheatable,external_development,0,-1,delphi_3e18_39bucket:aaabe532cd33109c14120ccd2d5f0e2d56bd18382aaad7be18cdb28330125142,0.9925794992855778,0.0032844059586207993
weibull_softplus_unscaled@kappa_floor_link,uncheatable,external_development,0,-1,delphi_3e18_39bucket:abbb4c8d6968fb6ed79c1966d74bed13487aa096585bb6b17f377885c682253b,1.0915966980364777,0.0061399615017885675
weibull_softplus_unscaled@kappa_floor_link,uncheatable,external_development,0,-1,delphi_3e18_39bucket:acf47cd01afab11ff0fcb7160374abce76a2944fe7a7540d228c251e9321640d,0.9887115401326045,0.003228462246328105
weibull_softplus_unscaled@kappa_floor_link,uncheatable,external_development,0,-1,delphi_3e18_39bucket:ad6cc7dabe4a5d5d4ba13920311e4ef81127a10801519d719266222379ae77b0,1.0104989652107472,0.0033595087402860575
weibull_softplus_unscaled@kappa_floor_link,uncheatable,external_development,0,-1,delphi_3e18_39bucket:ae0dded03badca9af71c45d67446f487f2de6f1c7152b6c1a2d3ecada8a9d714,1.0364410750733668,0.004804368354080862
weibull_softplus_unscaled@kappa_floor_link,uncheatable,external_development,0,-1,delphi_3e18_39bucket:aeda5764b036cc36a476e458c4e1694138347c0c0a1c32ba56e16b7ce7f3a535,1.0571585653732156,0.0038484121977862057
weibull_softplus_unscaled@kappa_floor_link,uncheatable,external_development,0,-1,delphi_3e18_39bucket:af23052e9bb0568d854252c7e9d912d01127effa106d2a440fdce6cbb8742532,0.9947756499663194,0.0024682459969480415
weibull_softplus_unscaled@kappa_floor_link,uncheatable,external_development,0,-1,delphi_3e18_39bucket:afa7f9d2a6f67b5b722977318dc8a6e962bfa28bfccde83b219c44fa7eb9c05c,1.0380844238441371,0.004878508602025886
weibull_softplus_unscaled@kappa_floor_link,uncheatable,external_development,0,-1,delphi_3e18_39bucket:b0cb7fc00e70c87e1210c38349ab8e80c514b61f5bf14e6e4d3a1e054d88183c,0.9947403818404259,0.002518610436117486
weibull_softplus_unscaled@kappa_floor_link,uncheatable,external_development,0,-1,delphi_3e18_39bucket:b1168e54ae7e32586bd89eeaf38a318cd349cbd8750efb93612a79f756b5f1f7,1.0387761907097695,0.00487886397548081
weibull_softplus_unscaled@kappa_floor_link,uncheatable,external_development,0,-1,delphi_3e18_39bucket:b24484975c0fdb42bc7d421c371e91d35f685b6538fffc7050e857d97e5348ff,1.0024326646172586,0.0023034136967399533
weibull_softplus_unscaled@kappa_floor_link,uncheatable,external_development,0,-1,delphi_3e18_39bucket:b284b63dfdbaa4d3a41a6cf73e5e7366a85962b9ae5dd51f141c10c51a17444f,1.042465292682601,0.0031577904217678357
weibull_softplus_unscaled@kappa_floor_link,uncheatable,external_development,0,-1,delphi_3e18_39bucket:b2e9ddb8f35e322ed0b092df87cdc78e620b2de7818b2a7c9891ff0e9a2b2203,0.9779290453413136,0.004212169378168635
weibull_softplus_unscaled@kappa_floor_link,uncheatable,external_development,0,-1,delphi_3e18_39bucket:b3c3cd22e3dae4f77235a1bb86fcf08ae715bc018b78109510794e1bfbbec0d2,1.0059819386590747,0.0037356193424614823
weibull_softplus_unscaled@kappa_floor_link,uncheatable,external_development,0,-1,delphi_3e18_39bucket:b4019bdf109781eac2e9182593f4f84c5c51635d447918682e7ed12d25efdf1b,1.0371857016670516,0.0048893229483088505
weibull_softplus_unscaled@kappa_floor_link,uncheatable,external_development,0,-1,delphi_3e18_39bucket:b49abfda63831b53ca2aab365cc35c3e6cd1bc8420b1e0028f54bd7f8961b11f,1.037313681620942,0.0043563152370729614
weibull_softplus_unscaled@kappa_floor_link,uncheatable,external_development,0,-1,delphi_3e18_39bucket:b4db7f9f5c435c1903537d5c944758a1e93d54c6a0fa3ddd19122f4e7b7298a0,0.9955844585343382,0.0027264611498928576
weibull_softplus_unscaled@kappa_floor_link,uncheatable,external_development,0,-1,delphi_3e18_39bucket:b5ee1f40e4fe0358ac680a969cd93dfe1b00c483ee3b2d4ff4bc73bd6424437b,1.084414635567775,0.007790239613434674
weibull_softplus_unscaled@kappa_floor_link,uncheatable,external_development,0,-1,delphi_3e18_39bucket:b6430b97f099d96863ae8ad7779c1bddc164c591ab12cc5ea266142e19a7cdfd,1.0371801806179528,0.004836893320791916
weibull_softplus_unscaled@kappa_floor_link,uncheatable,external_development,0,-1,delphi_3e18_39bucket:b6667136b81fbf1c226a8cff4ee0a7b9650067bfa77ddd0dae276509b612ea9d,1.0352229061070517,0.004350260547354584
weibull_softplus_unscaled@kappa_floor_link,uncheatable,external_development,0,-1,delphi_3e18_39bucket:b785f71525744bfa0a8934b482dd570356bebd37292a9b70af0b1a2cf45d9e69,0.9783776968905558,0.0031439308438428047
weibull_softplus_unscaled@kappa_floor_link,uncheatable,external_development,0,-1,delphi_3e18_39bucket:b8bf59231f485a24fb35df8862c073595e1cb0cd30c999520e88797d047bfeda,1.0374443303770704,0.004915477755734494
weibull_softplus_unscaled@kappa_floor_link,uncheatable,external_development,0,-1,delphi_3e18_39bucket:b8c7bfd7161a0da8577d236f09c0ed25722a71943281d19f8b06065999e36ffd,1.0405261964334342,0.004789035207674875
weibull_softplus_unscaled@kappa_floor_link,uncheatable,external_development,0,-1,delphi_3e18_39bucket:bab1f73b1a1be66a924b70bb0fdb3a032f1ca3a1e246edb80c0f38d75143aed8,1.0372803557806716,0.0049630453440096985
weibull_softplus_unscaled@kappa_floor_link,uncheatable,external_development,0,-1,delphi_3e18_39bucket:bb05f6aa43742ac092f7a6e36533b05e86a566f5ab7b747c98cf9c510521f22c,1.0337898759067508,0.004191118552897824
weibull_softplus_unscaled@kappa_floor_link,uncheatable,external_development,0,-1,delphi_3e18_39bucket:bc889b21107abd278efdaad769b5ab10949627f1ec05986ab2cab83a6d126c08,1.0021107378563068,0.003721347819234926
weibull_softplus_unscaled@kappa_floor_link,uncheatable,external_development,0,-1,delphi_3e18_39bucket:bd84fea18d97e337ca86db382439fe7990518cd6d78bfa8837b2e317c2bcd4ae,1.0366038579459498,0.00489728252659169
weibull_softplus_unscaled@kappa_floor_link,uncheatable,external_development,0,-1,delphi_3e18_39bucket:bf919587f3da29d0e32d10ac8a4e6f6c80f5a696953a34e5d9856c2fce2ce46b,1.0372995492452057,0.004918996792664453
weibull_softplus_unscaled@kappa_floor_link,uncheatable,external_development,0,-1,delphi_3e18_39bucket:bfaa7baec03312fbaf797f310dcd3f2449da03d92fbbfc7d39721ffba14fafde,1.0398232715027635,0.00488294152841914
weibull_softplus_unscaled@kappa_floor_link,uncheatable,external_development,0,-1,delphi_3e18_39bucket:c00c0d5d9f7b8d4f9d4a1f2f6845f4dd0f7effdd60e8da9e988daf574adff818,1.072325988911915,0.0183760898538814
weibull_softplus_unscaled@kappa_floor_link,uncheatable,external_development,0,-1,delphi_3e18_39bucket:c054206f3c5615aa9b65c1b4c95b0fadd81c68829800edd74567f03e9a7344c7,1.0577860475144751,0.003991908551223129
weibull_softplus_unscaled@kappa_floor_link,uncheatable,external_development,0,-1,delphi_3e18_39bucket:c05a1f0d7a09bbace45fa324f3b36f15945893a87c2ef8e65fd0ec3dc505ca12,1.036392313481975,0.004807258146627225
weibull_softplus_unscaled@kappa_floor_link,uncheatable,external_development,0,-1,delphi_3e18_39bucket:c08749305f6303b7d46f8c9478053948d5c036a6450977e8de388609b95a2443,1.0361855370333055,0.0049875738413816635
weibull_softplus_unscaled@kappa_floor_link,uncheatable,external_development,0,-1,delphi_3e18_39bucket:c15c0a441754e3ca9b7ba442214315eb793714c1637ea6042915542863b4e52e,1.0364963329910588,0.004872771802441452
weibull_softplus_unscaled@kappa_floor_link,uncheatable,external_development,0,-1,delphi_3e18_39bucket:c2302ab8648345d0d2ed04a6a36d63bacb517001b059421011708c9eeb062a9b,1.095440818915435,0.0015739921201094495
weibull_softplus_unscaled@kappa_floor_link,uncheatable,external_development,0,-1,delphi_3e18_39bucket:c25ebde7be5ebfe94bf12ac46a8dfb1fa5129c16c0776b56097d2c0b50badcf3,1.04404635878235,0.003920528665808776
weibull_softplus_unscaled@kappa_floor_link,uncheatable,external_development,0,-1,delphi_3e18_39bucket:c2a96b7bef323ee258a79c3d89b1a60204189ab465b1c089c9361f2274b34cee,1.037705339694313,0.004936361967142586
weibull_softplus_unscaled@kappa_floor_link,uncheatable,external_development,0,-1,delphi_3e18_39bucket:c404d7ca8f49357e32b5fe2d2331593e2c60a0fc7de1d05930f61c6534d6f758,0.9932143261733251,0.005743486333438329
weibull_softplus_unscaled@kappa_floor_link,uncheatable,external_development,0,-1,delphi_3e18_39bucket:c4fc6809d2c27027b17ae596b8cb3ece12ace1af46d86d143cb6eeb4b1466ed4,1.0319143088256384,0.004116741507648496
weibull_softplus_unscaled@kappa_floor_link,uncheatable,external_development,0,-1,delphi_3e18_39bucket:c5b98b2371c8e5cfcb49f4a4f60aff9c21930087466aee3ea9f5c9e6dedd132b,1.0386660565157455,0.005022367740575977
weibull_softplus_unscaled@kappa_floor_link,uncheatable,external_development,0,-1,delphi_3e18_39bucket:c5ffa8e3d7c670e959036ab38016e0e17064fa12ac2fcba643c70b1ef25297b3,0.9921126200743324,0.0037531067109477906
weibull_softplus_unscaled@kappa_floor_link,uncheatable,external_development,0,-1,delphi_3e18_39bucket:c6601f428a7e18377f34fa8ee9b58bb6a20e42c3abcadc04e7e64aef3ca82f2a,1.0381304831439064,0.004823904250639425
weibull_softplus_unscaled@kappa_floor_link,uncheatable,external_development,0,-1,delphi_3e18_39bucket:c6cbc3ebaf486eecd75d04f449fdcc92c804765f512d2bceecde5c1aaa30dd39,0.9982939864249945,0.0025701214028524956
weibull_softplus_unscaled@kappa_floor_link,uncheatable,external_development,0,-1,delphi_3e18_39bucket:c721e392dcf2947fea2da8fcf1ef91d058c717ffb8e74e8402734e31f22578fc,1.0618425783798502,0.003158850801220791
weibull_softplus_unscaled@kappa_floor_link,uncheatable,external_development,0,-1,delphi_3e18_39bucket:c87ec77627abffb947457fe5ff94cee77dd2737df36b8233de3411db0560dfd6,1.043289434680069,0.004656788156191271
weibull_softplus_unscaled@kappa_floor_link,uncheatable,external_development,0,-1,delphi_3e18_39bucket:c8a7abc202e6fa1b3d7cc9e00542979084efdddd63313db5c25669da85ad2b19,0.9993066872090757,0.002628281598849539
weibull_softplus_unscaled@kappa_floor_link,uncheatable,external_development,0,-1,delphi_3e18_39bucket:c8a7b68f3dd8d7d2600dc1e56fb8af9e5dcb176edc162738d4eaff7b540cd53b,1.0000533476509061,0.0032720464952450297
weibull_softplus_unscaled@kappa_floor_link,uncheatable,external_development,0,-1,delphi_3e18_39bucket:ca102ba62bbf29559c65ef5d820f9064d4e3c710e012829a4c0fd18013c5f806,1.0372904838635422,0.004927686343646017
weibull_softplus_unscaled@kappa_floor_link,uncheatable,external_development,0,-1,delphi_3e18_39bucket:ca5106858b9b57cf944d35ebd150b6feca9287a4f1d0cc9d182be3e623f00fa6,0.9989378976122907,0.003991620348447155
weibull_softplus_unscaled@kappa_floor_link,uncheatable,external_development,0,-1,delphi_3e18_39bucket:ca69ddeae35c4c684203106971843457fd269090a8b5885ef26b440471941286,1.0412587089610388,0.004742463712602002
weibull_softplus_unscaled@kappa_floor_link,uncheatable,external_development,0,-1,delphi_3e18_39bucket:ca71f5d232644557d07fcacb22abf1fe46660152bebbf6ab27caf4b6998d06a8,1.0380533526675855,0.004769475742096257
weibull_softplus_unscaled@kappa_floor_link,uncheatable,external_development,0,-1,delphi_3e18_39bucket:cb32fd5b0fd8a23c495ee8d05996c1926f4be32607954211152e0db19572b8c9,0.9903311377971686,0.0029717855302237384
weibull_softplus_unscaled@kappa_floor_link,uncheatable,external_development,0,-1,delphi_3e18_39bucket:cb466766fe3b5296e1b15a347ff4fd4692400efc5cce4a696639c2129805162a,0.9984964449455176,0.0033906689043765896
weibull_softplus_unscaled@kappa_floor_link,uncheatable,external_development,0,-1,delphi_3e18_39bucket:cc2d283f3d5584275c7938fd4a0fadb9bbd9543dc9b5ae965f2d87df95c479ff,1.0081913148324384,0.003195424962273025
weibull_softplus_unscaled@kappa_floor_link,uncheatable,external_development,0,-1,delphi_3e18_39bucket:cc8d689416c08c842058dd84255bb52de8103b71eb9f8f618204a90c83157584,1.0389620391042023,0.0060731600880760276
weibull_softplus_unscaled@kappa_floor_link,uncheatable,external_development,0,-1,delphi_3e18_39bucket:cce19bcdfb95a772d1f465a94498e69474d7f7235d46ab401d3d0543e73f9e3b,1.0369742109488922,0.004762351508222927
weibull_softplus_unscaled@kappa_floor_link,uncheatable,external_development,0,-1,delphi_3e18_39bucket:cd1cd78d6325f56e5c761e7042369262a032ce78f12fc6d47e4ebf1ce0894339,1.001657339472107,0.004837196304071337
weibull_softplus_unscaled@kappa_floor_link,uncheatable,external_development,0,-1,delphi_3e18_39bucket:cd8eec34fcd41e0cd76c6ef4d520fa83d6c6b5a1828c92c8c556ba4c806a58e7,1.0031092342319174,0.0024628546638908186
weibull_softplus_unscaled@kappa_floor_link,uncheatable,external_development,0,-1,delphi_3e18_39bucket:d0464cb13d27d2a18ba98c8b83432b1ae53015c4d57e01bf932603caedbbac7d,1.0745732554387193,0.010056814735433874
weibull_softplus_unscaled@kappa_floor_link,uncheatable,external_development,0,-1,delphi_3e18_39bucket:d097ba261d98ffe38b995691fc506821678d330c54b489b4d0e645e75c5e4e2e,0.99272967929346,0.0034231710165346773
weibull_softplus_unscaled@kappa_floor_link,uncheatable,external_development,0,-1,delphi_3e18_39bucket:d0b59aacb13e8749a0d761af5008890d6865d701d8550e40a60ca86f2e67ccb2,0.9975248649568236,0.002256146787690145
weibull_softplus_unscaled@kappa_floor_link,uncheatable,external_development,0,-1,delphi_3e18_39bucket:d160bb3271ba96668590d3b3c7781ad51718216823831c921585a8f73ffc9cf7,1.0534907480842728,0.00528678994871294
weibull_softplus_unscaled@kappa_floor_link,uncheatable,external_development,0,-1,delphi_3e18_39bucket:d1926d64591176c8020bee54efe637a248f4f8f8bf927613049d062dccff4228,1.0398695403464973,0.004788295305767855
weibull_softplus_unscaled@kappa_floor_link,uncheatable,external_development,0,-1,delphi_3e18_39bucket:d22385a3b372ad3742331c911e6df47b6459dcc8f7e6ce58cd5dfc1ca901a754,1.0392025014967246,0.004819826914677744
weibull_softplus_unscaled@kappa_floor_link,uncheatable,external_development,0,-1,delphi_3e18_39bucket:d2cb05198ef956cc89df9b6aee5c76ace3aa353ea2a7316011503bff3c873c17,1.0096847531127073,0.0022439235926017694
weibull_softplus_unscaled@kappa_floor_link,uncheatable,external_development,0,-1,delphi_3e18_39bucket:d2e1cc893f01a2f4943b13a6c01ee72024f580a689c62fa909560c73a65054e5,1.03788499127894,0.0050533750902971315
weibull_softplus_unscaled@kappa_floor_link,uncheatable,external_development,0,-1,delphi_3e18_39bucket:d3a383c91e3c36378540e209e50999c8d005ae2b08fa6bcda7f383834b2d5dd7,1.0356146031152131,0.0037449369968601772
weibull_softplus_unscaled@kappa_floor_link,uncheatable,external_development,0,-1,delphi_3e18_39bucket:d3b53955f30411b3c382fe4844d1526d3c14d09844153a940230c4beceeddb73,0.9855160762649728,0.004128361921777567
weibull_softplus_unscaled@kappa_floor_link,uncheatable,external_development,0,-1,delphi_3e18_39bucket:d3bba0f2b0ea428ec64283ded20ce739bbf9f7fab261d2b9b90cfb1bc9c6c75e,0.9874073859920385,0.0032907444662228507
weibull_softplus_unscaled@kappa_floor_link,uncheatable,external_development,0,-1,delphi_3e18_39bucket:d3ffb3bd8e28eedb08376603e2c85cc3e83cc89ca533199775e943278e32c509,1.0062071074218386,0.0033625367723388116
weibull_softplus_unscaled@kappa_floor_link,uncheatable,external_development,0,-1,delphi_3e18_39bucket:d527a2813816791f311d6f8c670a30cc1ce84f41c6b7365ae771b1f53ebf6e7e,1.0278767221818856,0.0043271155334895445
weibull_softplus_unscaled@kappa_floor_link,uncheatable,external_development,0,-1,delphi_3e18_39bucket:d65c8bd6c68862d250311137ac89042ba916da88e21f9cf04f7119fc9e25a489,1.03724754571382,0.004953527138710363
weibull_softplus_unscaled@kappa_floor_link,uncheatable,external_development,0,-1,delphi_3e18_39bucket:d6c7da8dacb3efe4cbd45ee0cdd899a5a606cc57be51472b188809093554e699,1.0366308605530161,0.004954046199162924
weibull_softplus_unscaled@kappa_floor_link,uncheatable,external_development,0,-1,delphi_3e18_39bucket:d6e102b380bcd9b39d2f2c4079d81d416738002f9b25316b3da9ac88d43b5a75,1.0513211281535337,0.006363630846602223
weibull_softplus_unscaled@kappa_floor_link,uncheatable,external_development,0,-1,delphi_3e18_39bucket:d6f6db3e0cc1a598f7eb00a7cdd40d78f821a9336eb0eaafc14da93a04575fc5,1.0576918589361322,0.004761983510109109
weibull_softplus_unscaled@kappa_floor_link,uncheatable,external_development,0,-1,delphi_3e18_39bucket:d82c377f5bda11f52b93db01e55fa25c844255cf016ad96b80cba7cc1e618d90,1.0445953785277604,0.004507088317370032
weibull_softplus_unscaled@kappa_floor_link,uncheatable,external_development,0,-1,delphi_3e18_39bucket:d87d478ea93a73fe0faec12048b20970bdefd41aa65888c79d1d35c24ec3556f,1.045415717525764,0.00488115544366484
weibull_softplus_unscaled@kappa_floor_link,uncheatable,external_development,0,-1,delphi_3e18_39bucket:d941fe99995a0f675ffc09f1d7883ac2d032a87a00fdfc22e934c5e5ca0b3452,1.04772042895529,0.00419399030261777
weibull_softplus_unscaled@kappa_floor_link,uncheatable,external_development,0,-1,delphi_3e18_39bucket:da68fd5e623c705387752f321a8116e319a7ae87670618ba096558effd2df550,1.0077508273521543,0.001971993999143346
weibull_softplus_unscaled@kappa_floor_link,uncheatable,external_development,0,-1,delphi_3e18_39bucket:dac1e0885f0941e15f72456af8f56424e1b8630c37344b54346219c98f5c5f0b,0.9972529018434008,0.0020940754609548662
weibull_softplus_unscaled@kappa_floor_link,uncheatable,external_development,0,-1,delphi_3e18_39bucket:dc1f33b2668dfbb787d82df7f8e734431a829bbec2fbf8e9888d6eb582289a3d,0.9992705600290694,0.003123097647797666
weibull_softplus_unscaled@kappa_floor_link,uncheatable,external_development,0,-1,delphi_3e18_39bucket:dd42df7f0cbc461aa02a49d493e5c4c2ea94713026c4e3fffdf7e482f0a766ad,1.0519375898368017,0.004272134487567799
weibull_softplus_unscaled@kappa_floor_link,uncheatable,external_development,0,-1,delphi_3e18_39bucket:de0e4fef934b64c948d7c068f622295aabe99cb83c95ee0ad68b73c366c57402,1.0099212833232805,0.002245581205362878
weibull_softplus_unscaled@kappa_floor_link,uncheatable,external_development,0,-1,delphi_3e18_39bucket:e021fd14fbb714ef3bc7fe5df146588cfff0a72ec3ea45ae16d31eea5646ae09,1.0377617843309026,0.004813246063055999
weibull_softplus_unscaled@kappa_floor_link,uncheatable,external_development,0,-1,delphi_3e18_39bucket:e0965c961694035e43a1da45a771f8e07c074674ecad18c76460f7ac0eef2137,1.0037105124537424,0.0033138074935222567
weibull_softplus_unscaled@kappa_floor_link,uncheatable,external_development,0,-1,delphi_3e18_39bucket:e0a4d646094bff9aad92ca04cd9c5ca30c296001c0b7d65c3c20a1df0bd8ef08,1.0442791465653976,0.005000412320903702
weibull_softplus_unscaled@kappa_floor_link,uncheatable,external_development,0,-1,delphi_3e18_39bucket:e0f79d9bac30fb11db8b83b66ba5e36c77c69e8b4eeece18a5b2a234d3198745,1.0377324050716497,0.004913204789265101
weibull_softplus_unscaled@kappa_floor_link,uncheatable,external_development,0,-1,delphi_3e18_39bucket:e188885cf2c9eba933b968231574f63edf90b3467074b7a9229ed11c950259ad,1.0383138002254118,0.0048151845676625725
weibull_softplus_unscaled@kappa_floor_link,uncheatable,external_development,0,-1,delphi_3e18_39bucket:e283e505de0059b81a2b58a66a9af312bc1f3c7a7440e50c3fdcb3ff8213a34f,1.0609262575712846,0.0043083236789630995
weibull_softplus_unscaled@kappa_floor_link,uncheatable,external_development,0,-1,delphi_3e18_39bucket:e29801c3f5ba907bd5cc224343efa34e4693142ccec5ad71fd943c60b2b3a689,1.033469025526236,0.004639683361697151
weibull_softplus_unscaled@kappa_floor_link,uncheatable,external_development,0,-1,delphi_3e18_39bucket:e371bb5a7b5ad1a86dec663c9450a27400d377093eb89ae1812af20716ad2945,0.9964362347496284,0.0032657279634797933
weibull_softplus_unscaled@kappa_floor_link,uncheatable,external_development,0,-1,delphi_3e18_39bucket:e5053e4f4ef86036c3ebe93d055c63ec2da1a1a029cde76ea807a3890d0fd10c,0.9984362945841878,0.0033158868131273516
weibull_softplus_unscaled@kappa_floor_link,uncheatable,external_development,0,-1,delphi_3e18_39bucket:e539e936365493312d15f1130d1c083871a779dc98689047fcb9d5ebd05191ce,0.993804145846041,0.0037132540134700034
weibull_softplus_unscaled@kappa_floor_link,uncheatable,external_development,0,-1,delphi_3e18_39bucket:e55f4d10b3aedd9111e412c962fa53c063269d47d4571a980ba950ed937266ad,1.0373746976485752,0.004931623558369544
weibull_softplus_unscaled@kappa_floor_link,uncheatable,external_development,0,-1,delphi_3e18_39bucket:e65243af3fc92306e4aa4ea80d2c3f7aa6058bba97560ecd10959066d8d64383,1.0587297182141604,0.006666770214690444
weibull_softplus_unscaled@kappa_floor_link,uncheatable,external_development,0,-1,delphi_3e18_39bucket:e7d55ec7f15fc194cb4e857322dc1533eddb16463ccf163eabfcdd530a051d5e,0.9869447244492768,0.003534943417280785
weibull_softplus_unscaled@kappa_floor_link,uncheatable,external_development,0,-1,delphi_3e18_39bucket:e8042bb6d92f9c8c01d49ad73be7ff4b06f2e492202d1354da9b6f4aad4c91da,1.0358454796956327,0.005091884697360977
weibull_softplus_unscaled@kappa_floor_link,uncheatable,external_development,0,-1,delphi_3e18_39bucket:e890ab2bc556a0858503bfe95cb5a9f21eb6c1c6dc14818358fbe0f1f321f9eb,1.0369326944932928,0.0048936952458304836
weibull_softplus_unscaled@kappa_floor_link,uncheatable,external_development,0,-1,delphi_3e18_39bucket:e8afda03cd027d866c486aa919868e64ae6d1ddf97b54508d64398d495332317,1.0383151556951322,0.004517717515246107
weibull_softplus_unscaled@kappa_floor_link,uncheatable,external_development,0,-1,delphi_3e18_39bucket:e8b6cae0ec44706b02ee30aefc28d571a4f78b62cff170d303c1ccd448092f43,1.0179155692471795,0.0073827922449965335
weibull_softplus_unscaled@kappa_floor_link,uncheatable,external_development,0,-1,delphi_3e18_39bucket:e8cac18abed6dd3d662e4660ad3b431000e291340c4fe937b2937ad6a00fdb1c,1.0400066689671466,0.004714409162406665
weibull_softplus_unscaled@kappa_floor_link,uncheatable,external_development,0,-1,delphi_3e18_39bucket:e8df5e6e4d008b052d6e1ad64acc1fec9b2a47d27ba17bf21c0cd6d7b4b6cad5,1.008766682786795,0.003559401569710101
weibull_softplus_unscaled@kappa_floor_link,uncheatable,external_development,0,-1,delphi_3e18_39bucket:e8e86e247324e07114d17c3fe9b93415a22bc9d717bbeb492e8a949f59ffc574,1.0439640114254107,0.005074048387449817
weibull_softplus_unscaled@kappa_floor_link,uncheatable,external_development,0,-1,delphi_3e18_39bucket:e9089fdfad382692c27f48d26c1957224471952b2a50bd7a47fc12615326767e,1.0129205069605725,0.007772699864399585
weibull_softplus_unscaled@kappa_floor_link,uncheatable,external_development,0,-1,delphi_3e18_39bucket:e94c007e41ca009494ae3d9ae036d21271d6bb27b49c3b9d77a9d9148a879241,0.9968936882944295,0.0022175823031889896
weibull_softplus_unscaled@kappa_floor_link,uncheatable,external_development,0,-1,delphi_3e18_39bucket:e94c9cbd4ee682a9780bbcea3bf6df3497572253ed953eef164fa75ea4f66a2c,1.0595564895299843,0.004014373214466769
weibull_softplus_unscaled@kappa_floor_link,uncheatable,external_development,0,-1,delphi_3e18_39bucket:e9c1eda31f2f4a0c52041968162f0f0ce4999866274b5690e4e05fda24a4bc2d,0.9984795565368081,0.0019193669633512536
weibull_softplus_unscaled@kappa_floor_link,uncheatable,external_development,0,-1,delphi_3e18_39bucket:ea37effb52c1862ed6fafb478558f7d891c703943be66cd2416bd5c491bf7f6b,1.0039511806609631,0.0031850304978214353
weibull_softplus_unscaled@kappa_floor_link,uncheatable,external_development,0,-1,delphi_3e18_39bucket:ea53229a9873c03ace1ba85e1e21a11a8844f0ff68de915348cd78997910f2e1,1.0377187848154712,0.0045128138745281834
weibull_softplus_unscaled@kappa_floor_link,uncheatable,external_development,0,-1,delphi_3e18_39bucket:ea6e21bef589c2d52505ca81bef558a5da03e4625174320ea8242417e2382d77,1.0347382757904895,0.004885717672652605
weibull_softplus_unscaled@kappa_floor_link,uncheatable,external_development,0,-1,delphi_3e18_39bucket:ea75e35453ea2a7fe2d3b283ddc673d53edfeee1ba389a2c21264bdf18ac8ca2,1.0374773493759761,0.004743111397791406
weibull_softplus_unscaled@kappa_floor_link,uncheatable,external_development,0,-1,delphi_3e18_39bucket:eafdbafe546506e8a5b90e6662ecdb9d4f1334f4e7f19e3081382c6da61f7293,1.0361882986813218,0.004729323369014022
weibull_softplus_unscaled@kappa_floor_link,uncheatable,external_development,0,-1,delphi_3e18_39bucket:ec06eca900d6ea9ba81679ee6cca83871b018289aec1505cba76db1fc87b6802,1.0760437577124347,0.005767208472687333
weibull_softplus_unscaled@kappa_floor_link,uncheatable,external_development,0,-1,delphi_3e18_39bucket:eccc22ab3929ddd9f2ac2480fd08560ef5ae820c2344f602a9dc02fbaf098cfe,1.037895497277482,0.004565838556832373
weibull_softplus_unscaled@kappa_floor_link,uncheatable,external_development,0,-1,delphi_3e18_39bucket:ed3e3b2774ff74e2b11ba21111ec69a02f045de419b00bf3bb3900c8304d9c61,1.038496587980048,0.005017621577525558
weibull_softplus_unscaled@kappa_floor_link,uncheatable,external_development,0,-1,delphi_3e18_39bucket:ed64cdd21c9e4cbfada10d701c2ea8ddca896eddd8c54397fc1fdb7be3fd0e7e,1.0351863897019398,0.004917375074291352
weibull_softplus_unscaled@kappa_floor_link,uncheatable,external_development,0,-1,delphi_3e18_39bucket:ee02c34fe2e5760160a4803e862cb1c4a623ee45da4d9adfdaa5aa9483dc78e3,1.039420260250109,0.005002337062226202
weibull_softplus_unscaled@kappa_floor_link,uncheatable,external_development,0,-1,delphi_3e18_39bucket:ef418394bcf5783471166488c9835661c9087d4cd65379ce6a2798094e0ed89b,1.0384756387941514,0.004953458149093345
weibull_softplus_unscaled@kappa_floor_link,uncheatable,external_development,0,-1,delphi_3e18_39bucket:ef9f5d7e0f8cb99f585632847718d0452011c825e16f7d382f995c653e9ac9e7,1.0512042699263926,0.005263358076191076
weibull_softplus_unscaled@kappa_floor_link,uncheatable,external_development,0,-1,delphi_3e18_39bucket:ef9f6cff6e4ea378dedecb72fceac0bdaad839d03f007c4afe577e29dbb99b4e,0.9747139090545913,0.0037877814264694553
weibull_softplus_unscaled@kappa_floor_link,uncheatable,external_development,0,-1,delphi_3e18_39bucket:effc4e48644f5aac8669d7cfde80db853124d6263860d16ab4f3958b1ac4eeb5,1.0056202589546035,0.0028407570334627705
weibull_softplus_unscaled@kappa_floor_link,uncheatable,external_development,0,-1,delphi_3e18_39bucket:f16199e7f2cdb043d550805be1d6c2cedde580382205dfe6009222e5329ab998,1.0355236462049662,0.004057467677902353
weibull_softplus_unscaled@kappa_floor_link,uncheatable,external_development,0,-1,delphi_3e18_39bucket:f232b9fe34f7b04ebbfe91eb3239213c0003a3e608e279780f47e6c545811bb3,1.0395708628798426,0.004889162090222351
weibull_softplus_unscaled@kappa_floor_link,uncheatable,external_development,0,-1,delphi_3e18_39bucket:f2d3993c551000c1ee508c463805bd652f0f40a241a54fdf69aecee07fd2bb47,1.0399744772563593,0.004790043722891322
weibull_softplus_unscaled@kappa_floor_link,uncheatable,external_development,0,-1,delphi_3e18_39bucket:f387ec3241cb7be9b883e93ed53e1940f5fbf725f14ef13b1c76e1634c9e0704,1.0685463794593368,0.005580572355564315
weibull_softplus_unscaled@kappa_floor_link,uncheatable,external_development,0,-1,delphi_3e18_39bucket:f52b9b33b05c41f331ddaef90666b37968827a31c9dbdee6bdd5c5554069af4b,1.0566795156962998,0.011513362448708268
weibull_softplus_unscaled@kappa_floor_link,uncheatable,external_development,0,-1,delphi_3e18_39bucket:f597d4a7586698fbbc1b854337589ff532c04fd4a54699ae6665043e95934555,0.9933447711823211,0.003868054534294436
weibull_softplus_unscaled@kappa_floor_link,uncheatable,external_development,0,-1,delphi_3e18_39bucket:f5c02be0cf834281311018f3922cb87d91ee62b6d20f4e7ac201af5ee0954f38,1.036571876485214,0.004830418819593636
weibull_softplus_unscaled@kappa_floor_link,uncheatable,external_development,0,-1,delphi_3e18_39bucket:f6841e17099bc045d728b98540d5fb888d83f06d8ee4a4939cce171c39ff9c1a,1.0407847135866932,0.003936441996738794
weibull_softplus_unscaled@kappa_floor_link,uncheatable,external_development,0,-1,delphi_3e18_39bucket:f81afa5c14bbd67cc1fb496dcd8cd5779f46fed3843ce430341122b0cfff0750,1.0086401245590484,0.0047837231034747515
weibull_softplus_unscaled@kappa_floor_link,uncheatable,external_development,0,-1,delphi_3e18_39bucket:f8a8e264e7f30fe85c514e532e5f6bce8d2037da8458a757b0383f7dbf072f25,1.0348881890622748,0.004727343308795676
weibull_softplus_unscaled@kappa_floor_link,uncheatable,external_development,0,-1,delphi_3e18_39bucket:f95f22b464a3ca2eee25bd948f390a4ef40e83d2198fc976127df60c1e1668aa,1.0203282384892813,0.0037335139562435574
weibull_softplus_unscaled@kappa_floor_link,uncheatable,external_development,0,-1,delphi_3e18_39bucket:f9bb0369b872fcb08e26e8d0629e52b1cb543956824511bc69a1d81d84b8e766,0.9921129764376899,0.002955798261170725
weibull_softplus_unscaled@kappa_floor_link,uncheatable,external_development,0,-1,delphi_3e18_39bucket:f9e349b2e05d04e16162ae18c9cde10806824cee16faba2af2564f533559151d,1.0333363590752005,0.004649775783153575
weibull_softplus_unscaled@kappa_floor_link,uncheatable,external_development,0,-1,delphi_3e18_39bucket:f9e5fad6cd843eef1ec963c775019a7ed2d37fb9fc6d6458f98c8bb15b000248,1.0536919639371107,0.005031599284698453
weibull_softplus_unscaled@kappa_floor_link,uncheatable,external_development,0,-1,delphi_3e18_39bucket:fa0294460f0573041da6b1435affe244e46d5459cf24f4d451fa7776c77261f6,0.9749813027944305,0.003917423943199286
weibull_softplus_unscaled@kappa_floor_link,uncheatable,external_development,0,-1,delphi_3e18_39bucket:fafbc2ba18f1c7971ddf8e7eff5f92f1b11469cf1d80181209696d8655812553,1.0440765314682448,0.004824996085526077
weibull_softplus_unscaled@kappa_floor_link,uncheatable,external_development,0,-1,delphi_3e18_39bucket:fb8cb11729c2b4e023d88d084293e65ec1f03e521aada50a0bde80863e530aa8,0.9983974694943805,0.002555354155060504
weibull_softplus_unscaled@kappa_floor_link,uncheatable,external_development,0,-1,delphi_3e18_39bucket:fcd0fd12a7c5020965f6947e8301e946fa54ac35b888fd77a64acdb284227b4d,1.0379752481260769,0.00504515885314673
weibull_softplus_unscaled@kappa_floor_link,uncheatable,external_development,0,-1,delphi_3e18_39bucket:fd1878ded789f2edc41ab9255de95e0c7d881b315872d556b913e69f7cf031fc,0.9847414520062721,0.004146384868065454
weibull_softplus_unscaled@kappa_floor_link,uncheatable,external_development,0,-1,delphi_3e18_39bucket:fde889913d2682952bec8de25fd72402715ccecae048d5f22ad1228540aa83cf,1.0275860916635642,0.00449366044287858
weibull_softplus_unscaled@kappa_floor_link,uncheatable,external_development,0,-1,delphi_3e18_39bucket:fef2793a1123d329057bd31024def73e90c2aa567a327913bb8366c7204fc414,1.0578468225038975,0.00453034570128875
weibull_softplus_unscaled@kappa_floor_link,uncheatable,external_development,0,-1,delphi_3e18_39bucket:ff65381e6c6fa2fd41b3444cc7dae32b0a07f1eaf50d99b9dc409da261b0a1ac,1.0505877073178125,0.004601745911212095
weibull_softplus_unscaled@response_floor_link,uncheatable,panel_oof,0,0,7,1.0838484626189748,
weibull_softplus_unscaled@response_floor_link,uncheatable,panel_oof,0,0,8,1.136908627186508,
weibull_softplus_unscaled@response_floor_link,uncheatable,panel_oof,0,0,25,1.089180468696114,
weibull_softplus_unscaled@response_floor_link,uncheatable,panel_oof,0,0,35,1.0749070750294991,
weibull_softplus_unscaled@response_floor_link,uncheatable,panel_oof,0,0,51,1.0745379796781758,
weibull_softplus_unscaled@response_floor_link,uncheatable,panel_oof,0,0,56,1.0409524115125846,
weibull_softplus_unscaled@response_floor_link,uncheatable,panel_oof,0,0,69,1.086524216315614,
weibull_softplus_unscaled@response_floor_link,uncheatable,panel_oof,0,0,81,1.0359891264576562,
weibull_softplus_unscaled@response_floor_link,uncheatable,panel_oof,0,0,86,1.0813551191102297,
weibull_softplus_unscaled@response_floor_link,uncheatable,panel_oof,0,0,99,1.074290871386106,
weibull_softplus_unscaled@response_floor_link,uncheatable,panel_oof,0,0,100,1.088721425662142,
weibull_softplus_unscaled@response_floor_link,uncheatable,panel_oof,0,0,106,1.1018423665709154,
weibull_softplus_unscaled@response_floor_link,uncheatable,panel_oof,0,0,107,1.1210056662018162,
weibull_softplus_unscaled@response_floor_link,uncheatable,panel_oof,0,0,126,1.0663941492739495,
weibull_softplus_unscaled@response_floor_link,uncheatable,panel_oof,0,0,136,1.1149015629419319,
weibull_softplus_unscaled@response_floor_link,uncheatable,panel_oof,0,0,137,1.064198616246162,
weibull_softplus_unscaled@response_floor_link,uncheatable,panel_oof,0,0,140,1.0730256050797478,
weibull_softplus_unscaled@response_floor_link,uncheatable,panel_oof,0,0,141,1.0653862931454712,
weibull_softplus_unscaled@response_floor_link,uncheatable,panel_oof,0,0,142,1.0734001508007545,
weibull_softplus_unscaled@response_floor_link,uncheatable,panel_oof,0,0,145,1.062046295067831,
weibull_softplus_unscaled@response_floor_link,uncheatable,panel_oof,0,0,147,1.0787288945498772,
weibull_softplus_unscaled@response_floor_link,uncheatable,panel_oof,0,0,163,1.0670624204098942,
weibull_softplus_unscaled@response_floor_link,uncheatable,panel_oof,0,0,165,1.0657175847786127,
weibull_softplus_unscaled@response_floor_link,uncheatable,panel_oof,0,0,169,1.1147766890300124,
weibull_softplus_unscaled@response_floor_link,uncheatable,panel_oof,0,0,171,1.0937838703146805,
weibull_softplus_unscaled@response_floor_link,uncheatable,panel_oof,0,0,187,1.1155782607570193,
weibull_softplus_unscaled@response_floor_link,uncheatable,panel_oof,0,0,188,1.0718065307171902,
weibull_softplus_unscaled@response_floor_link,uncheatable,panel_oof,0,0,191,1.0483522444406828,
weibull_softplus_unscaled@response_floor_link,uncheatable,panel_oof,0,0,195,1.0614442903140542,
weibull_softplus_unscaled@response_floor_link,uncheatable,panel_oof,0,0,197,1.0733546685720694,
weibull_softplus_unscaled@response_floor_link,uncheatable,panel_oof,0,0,200,1.0353449339224214,
weibull_softplus_unscaled@response_floor_link,uncheatable,panel_oof,0,0,208,1.08710740492432,
weibull_softplus_unscaled@response_floor_link,uncheatable,panel_oof,0,0,209,1.0580744703547165,
weibull_softplus_unscaled@response_floor_link,uncheatable,panel_oof,0,0,210,1.1006834671101993,
weibull_softplus_unscaled@response_floor_link,uncheatable,panel_oof,0,0,217,1.080221700040476,
weibull_softplus_unscaled@response_floor_link,uncheatable,panel_oof,0,0,219,1.0850066810918957,
weibull_softplus_unscaled@response_floor_link,uncheatable,panel_oof,0,0,220,1.0606572314453486,
weibull_softplus_unscaled@response_floor_link,uncheatable,panel_oof,0,0,223,1.047722394213685,
weibull_softplus_unscaled@response_floor_link,uncheatable,panel_oof,0,0,233,1.0580943570395271,
weibull_softplus_unscaled@response_floor_link,uncheatable,panel_oof,0,0,237,1.0725992807413711,
weibull_softplus_unscaled@response_floor_link,uncheatable,panel_oof,0,1,0,1.0280048936668482,
weibull_softplus_unscaled@response_floor_link,uncheatable,panel_oof,0,1,1,1.0172760956462177,
weibull_softplus_unscaled@response_floor_link,uncheatable,panel_oof,0,1,241,1.0276956027832926,
weibull_softplus_unscaled@response_floor_link,uncheatable,panel_oof,0,1,242,1.0278750768577831,
weibull_softplus_unscaled@response_floor_link,uncheatable,panel_oof,0,1,243,1.0280571415061304,
weibull_softplus_unscaled@response_floor_link,uncheatable,panel_oof,0,1,244,1.028950700983427,
weibull_softplus_unscaled@response_floor_link,uncheatable,panel_oof,0,1,245,1.026370895620639,
weibull_softplus_unscaled@response_floor_link,uncheatable,panel_oof,0,1,246,1.026320216671963,
weibull_softplus_unscaled@response_floor_link,uncheatable,panel_oof,0,1,247,1.0275017628137428,
weibull_softplus_unscaled@response_floor_link,uncheatable,panel_oof,0,1,248,1.0273205958274527,
weibull_softplus_unscaled@response_floor_link,uncheatable,panel_oof,0,1,249,1.026257881447725,
weibull_softplus_unscaled@response_floor_link,uncheatable,panel_oof,0,1,250,1.0266695027587873,
weibull_softplus_unscaled@response_floor_link,uncheatable,panel_oof,0,1,251,1.023264011997814,
weibull_softplus_unscaled@response_floor_link,uncheatable,panel_oof,0,1,252,1.0260845748838086,
weibull_softplus_unscaled@response_floor_link,uncheatable,panel_oof,0,1,253,1.0260600149349028,
weibull_softplus_unscaled@response_floor_link,uncheatable,panel_oof,0,1,254,1.0271006255777326,
weibull_softplus_unscaled@response_floor_link,uncheatable,panel_oof,0,1,255,1.0274095519789266,
weibull_softplus_unscaled@response_floor_link,uncheatable,panel_oof,0,1,256,1.027712731481685,
weibull_softplus_unscaled@response_floor_link,uncheatable,panel_oof,0,1,257,1.0232607620053973,
weibull_softplus_unscaled@response_floor_link,uncheatable,panel_oof,0,1,258,1.02614611350378,
weibull_softplus_unscaled@response_floor_link,uncheatable,panel_oof,0,1,259,1.0294692114400736,
weibull_softplus_unscaled@response_floor_link,uncheatable,panel_oof,0,1,260,1.0290616171703046,
weibull_softplus_unscaled@response_floor_link,uncheatable,panel_oof,0,1,261,1.0276249105044135,
weibull_softplus_unscaled@response_floor_link,uncheatable,panel_oof,0,1,262,1.029519222540759,
weibull_softplus_unscaled@response_floor_link,uncheatable,panel_oof,0,1,263,1.0305202967702476,
weibull_softplus_unscaled@response_floor_link,uncheatable,panel_oof,0,1,264,1.0290292223507034,
weibull_softplus_unscaled@response_floor_link,uncheatable,panel_oof,0,1,265,1.0299792283128584,
weibull_softplus_unscaled@response_floor_link,uncheatable,panel_oof,0,1,266,1.0293621277178024,
weibull_softplus_unscaled@response_floor_link,uncheatable,panel_oof,0,1,267,1.0483579227802626,
weibull_softplus_unscaled@response_floor_link,uncheatable,panel_oof,0,1,268,1.02998831237399,
weibull_softplus_unscaled@response_floor_link,uncheatable,panel_oof,0,1,269,1.0300642925272903,
weibull_softplus_unscaled@response_floor_link,uncheatable,panel_oof,0,1,270,1.027831524357185,
weibull_softplus_unscaled@response_floor_link,uncheatable,panel_oof,0,1,271,1.0241739748200844,
weibull_softplus_unscaled@response_floor_link,uncheatable,panel_oof,0,1,272,1.0306714736839222,
weibull_softplus_unscaled@response_floor_link,uncheatable,panel_oof,0,1,273,1.0469857749911993,
weibull_softplus_unscaled@response_floor_link,uncheatable,panel_oof,0,1,274,1.0288239536371744,
weibull_softplus_unscaled@response_floor_link,uncheatable,panel_oof,0,1,275,1.037129809776055,
weibull_softplus_unscaled@response_floor_link,uncheatable,panel_oof,0,1,276,1.0310113727900785,
weibull_softplus_unscaled@response_floor_link,uncheatable,panel_oof,0,1,277,1.0303921567457492,
weibull_softplus_unscaled@response_floor_link,uncheatable,panel_oof,0,1,278,1.031369238501243,
weibull_softplus_unscaled@response_floor_link,uncheatable,panel_oof,0,1,279,1.0282134246878938,
weibull_softplus_unscaled@response_floor_link,uncheatable,panel_oof,0,2,3,1.0617297507598233,
weibull_softplus_unscaled@response_floor_link,uncheatable,panel_oof,0,2,5,1.1996110164227622,
weibull_softplus_unscaled@response_floor_link,uncheatable,panel_oof,0,2,6,1.0903505956912798,
weibull_softplus_unscaled@response_floor_link,uncheatable,panel_oof,0,2,10,1.0926328397590503,
weibull_softplus_unscaled@response_floor_link,uncheatable,panel_oof,0,2,15,1.0824060400046593,
weibull_softplus_unscaled@response_floor_link,uncheatable,panel_oof,0,2,20,1.1038296634116294,
weibull_softplus_unscaled@response_floor_link,uncheatable,panel_oof,0,2,26,1.0528594039990906,
weibull_softplus_unscaled@response_floor_link,uncheatable,panel_oof,0,2,29,1.079942736368637,
weibull_softplus_unscaled@response_floor_link,uncheatable,panel_oof,0,2,30,1.0609811803118414,
weibull_softplus_unscaled@response_floor_link,uncheatable,panel_oof,0,2,34,1.058106465667038,
weibull_softplus_unscaled@response_floor_link,uncheatable,panel_oof,0,2,39,1.084146332714325,
weibull_softplus_unscaled@response_floor_link,uncheatable,panel_oof,0,2,41,1.1047446720174132,
weibull_softplus_unscaled@response_floor_link,uncheatable,panel_oof,0,2,46,1.0843460524978954,
weibull_softplus_unscaled@response_floor_link,uncheatable,panel_oof,0,2,48,1.0497061726090875,
weibull_softplus_unscaled@response_floor_link,uncheatable,panel_oof,0,2,57,1.1118515889722753,
weibull_softplus_unscaled@response_floor_link,uncheatable,panel_oof,0,2,62,1.0800497331367378,
weibull_softplus_unscaled@response_floor_link,uncheatable,panel_oof,0,2,65,1.0721130420340361,
weibull_softplus_unscaled@response_floor_link,uncheatable,panel_oof,0,2,68,1.0960121283496354,
weibull_softplus_unscaled@response_floor_link,uncheatable,panel_oof,0,2,73,1.054132443100439,
weibull_softplus_unscaled@response_floor_link,uncheatable,panel_oof,0,2,79,1.0988971337508708,
weibull_softplus_unscaled@response_floor_link,uncheatable,panel_oof,0,2,83,1.053276165893137,
weibull_softplus_unscaled@response_floor_link,uncheatable,panel_oof,0,2,84,1.08623802329278,
weibull_softplus_unscaled@response_floor_link,uncheatable,panel_oof,0,2,87,1.0824169146550964,
weibull_softplus_unscaled@response_floor_link,uncheatable,panel_oof,0,2,90,1.0486730995405256,
weibull_softplus_unscaled@response_floor_link,uncheatable,panel_oof,0,2,91,1.103801827077312,
weibull_softplus_unscaled@response_floor_link,uncheatable,panel_oof,0,2,98,1.0503971935559755,
weibull_softplus_unscaled@response_floor_link,uncheatable,panel_oof,0,2,101,1.0705829170649954,
weibull_softplus_unscaled@response_floor_link,uncheatable,panel_oof,0,2,105,1.072429248751696,
weibull_softplus_unscaled@response_floor_link,uncheatable,panel_oof,0,2,109,1.0945606846910034,
weibull_softplus_unscaled@response_floor_link,uncheatable,panel_oof,0,2,112,1.0675967819274716,
weibull_softplus_unscaled@response_floor_link,uncheatable,panel_oof,0,2,113,1.1152633873426587,
weibull_softplus_unscaled@response_floor_link,uncheatable,panel_oof,0,2,115,1.0676554629093973,
weibull_softplus_unscaled@response_floor_link,uncheatable,panel_oof,0,2,116,1.0989281204517964,
weibull_softplus_unscaled@response_floor_link,uncheatable,panel_oof,0,2,119,1.0582738364275326,
weibull_softplus_unscaled@response_floor_link,uncheatable,panel_oof,0,2,122,1.0742388708250772,
weibull_softplus_unscaled@response_floor_link,uncheatable,panel_oof,0,2,123,1.065266202742651,
weibull_softplus_unscaled@response_floor_link,uncheatable,panel_oof,0,2,124,1.0973169651839183,
weibull_softplus_unscaled@response_floor_link,uncheatable,panel_oof,0,2,133,1.123662273298074,
weibull_softplus_unscaled@response_floor_link,uncheatable,panel_oof,0,2,134,1.0723821662698338,
weibull_softplus_unscaled@response_floor_link,uncheatable,panel_oof,0,2,135,1.0643808376713104,
weibull_softplus_unscaled@response_floor_link,uncheatable,panel_oof,0,2,138,1.079130277923352,
weibull_softplus_unscaled@response_floor_link,uncheatable,panel_oof,0,2,144,1.0802878193572991,
weibull_softplus_unscaled@response_floor_link,uncheatable,panel_oof,0,2,151,1.079213421334852,
weibull_softplus_unscaled@response_floor_link,uncheatable,panel_oof,0,2,152,1.0449042850476862,
weibull_softplus_unscaled@response_floor_link,uncheatable,panel_oof,0,2,154,1.0726392332550794,
weibull_softplus_unscaled@response_floor_link,uncheatable,panel_oof,0,2,157,1.1078505744458775,
weibull_softplus_unscaled@response_floor_link,uncheatable,panel_oof,0,2,158,1.0617219007805776,
weibull_softplus_unscaled@response_floor_link,uncheatable,panel_oof,0,2,160,1.0846638212415005,
weibull_softplus_unscaled@response_floor_link,uncheatable,panel_oof,0,2,166,1.0677570223003485,
weibull_softplus_unscaled@response_floor_link,uncheatable,panel_oof,0,2,172,1.047496973213076,
weibull_softplus_unscaled@response_floor_link,uncheatable,panel_oof,0,2,175,1.063012449383634,
weibull_softplus_unscaled@response_floor_link,uncheatable,panel_oof,0,2,176,1.0498479663260962,
weibull_softplus_unscaled@response_floor_link,uncheatable,panel_oof,0,2,182,1.0842454377781408,
weibull_softplus_unscaled@response_floor_link,uncheatable,panel_oof,0,2,183,1.0743626630033447,
weibull_softplus_unscaled@response_floor_link,uncheatable,panel_oof,0,2,196,1.1156970059756586,
weibull_softplus_unscaled@response_floor_link,uncheatable,panel_oof,0,2,198,1.0806219114347249,
weibull_softplus_unscaled@response_floor_link,uncheatable,panel_oof,0,2,205,1.0797806785392898,
weibull_softplus_unscaled@response_floor_link,uncheatable,panel_oof,0,2,211,1.0855764259624798,
weibull_softplus_unscaled@response_floor_link,uncheatable,panel_oof,0,2,213,1.0300261226210898,
weibull_softplus_unscaled@response_floor_link,uncheatable,panel_oof,0,2,215,1.0459867341987121,
weibull_softplus_unscaled@response_floor_link,uncheatable,panel_oof,0,2,222,1.053347589958332,
weibull_softplus_unscaled@response_floor_link,uncheatable,panel_oof,0,2,224,1.1241732447287474,
weibull_softplus_unscaled@response_floor_link,uncheatable,panel_oof,0,2,226,1.105104474468473,
weibull_softplus_unscaled@response_floor_link,uncheatable,panel_oof,0,2,227,1.0575276264733204,
weibull_softplus_unscaled@response_floor_link,uncheatable,panel_oof,0,2,229,1.0440575105349805,
weibull_softplus_unscaled@response_floor_link,uncheatable,panel_oof,0,2,235,1.064182495623236,
weibull_softplus_unscaled@response_floor_link,uncheatable,panel_oof,0,2,236,1.0649216643758503,
weibull_softplus_unscaled@response_floor_link,uncheatable,panel_oof,0,2,238,1.069911174504428,
weibull_softplus_unscaled@response_floor_link,uncheatable,panel_oof,0,3,2,1.0933143831402148,
weibull_softplus_unscaled@response_floor_link,uncheatable,panel_oof,0,3,4,1.097054864160829,
weibull_softplus_unscaled@response_floor_link,uncheatable,panel_oof,0,3,9,1.115588991829981,
weibull_softplus_unscaled@response_floor_link,uncheatable,panel_oof,0,3,11,1.0847931105523627,
weibull_softplus_unscaled@response_floor_link,uncheatable,panel_oof,0,3,12,1.1102478584576243,
weibull_softplus_unscaled@response_floor_link,uncheatable,panel_oof,0,3,13,1.0699619077370952,
weibull_softplus_unscaled@response_floor_link,uncheatable,panel_oof,0,3,14,1.0858161136734479,
weibull_softplus_unscaled@response_floor_link,uncheatable,panel_oof,0,3,16,1.0468821764782454,
weibull_softplus_unscaled@response_floor_link,uncheatable,panel_oof,0,3,17,1.1116485077423812,
weibull_softplus_unscaled@response_floor_link,uncheatable,panel_oof,0,3,21,1.0859295899240715,
weibull_softplus_unscaled@response_floor_link,uncheatable,panel_oof,0,3,22,1.0724064282297956,
weibull_softplus_unscaled@response_floor_link,uncheatable,panel_oof,0,3,23,1.1042561960927149,
weibull_softplus_unscaled@response_floor_link,uncheatable,panel_oof,0,3,24,1.0429201599903755,
weibull_softplus_unscaled@response_floor_link,uncheatable,panel_oof,0,3,27,1.0646286592000638,
weibull_softplus_unscaled@response_floor_link,uncheatable,panel_oof,0,3,32,1.0577086219957494,
weibull_softplus_unscaled@response_floor_link,uncheatable,panel_oof,0,3,33,1.0761138550760656,
weibull_softplus_unscaled@response_floor_link,uncheatable,panel_oof,0,3,36,1.081115944698912,
weibull_softplus_unscaled@response_floor_link,uncheatable,panel_oof,0,3,37,1.063604153634419,
weibull_softplus_unscaled@response_floor_link,uncheatable,panel_oof,0,3,38,1.0848684324601812,
weibull_softplus_unscaled@response_floor_link,uncheatable,panel_oof,0,3,40,1.0700644852887455,
weibull_softplus_unscaled@response_floor_link,uncheatable,panel_oof,0,3,43,1.0887990335464,
weibull_softplus_unscaled@response_floor_link,uncheatable,panel_oof,0,3,44,1.1093231942534914,
weibull_softplus_unscaled@response_floor_link,uncheatable,panel_oof,0,3,45,1.0879353686781512,
weibull_softplus_unscaled@response_floor_link,uncheatable,panel_oof,0,3,49,1.0790394150088547,
weibull_softplus_unscaled@response_floor_link,uncheatable,panel_oof,0,3,50,1.1011542143957842,
weibull_softplus_unscaled@response_floor_link,uncheatable,panel_oof,0,3,52,1.072751769239071,
weibull_softplus_unscaled@response_floor_link,uncheatable,panel_oof,0,3,53,1.0600564870472065,
weibull_softplus_unscaled@response_floor_link,uncheatable,panel_oof,0,3,54,1.0543037229440255,
weibull_softplus_unscaled@response_floor_link,uncheatable,panel_oof,0,3,55,1.0552229023691586,
weibull_softplus_unscaled@response_floor_link,uncheatable,panel_oof,0,3,58,1.100120222017296,
weibull_softplus_unscaled@response_floor_link,uncheatable,panel_oof,0,3,59,1.057344819698895,
weibull_softplus_unscaled@response_floor_link,uncheatable,panel_oof,0,3,61,1.0554584495183075,
weibull_softplus_unscaled@response_floor_link,uncheatable,panel_oof,0,3,63,1.0481038821467892,
weibull_softplus_unscaled@response_floor_link,uncheatable,panel_oof,0,3,64,1.1028325851781908,
weibull_softplus_unscaled@response_floor_link,uncheatable,panel_oof,0,3,66,1.081536687788189,
weibull_softplus_unscaled@response_floor_link,uncheatable,panel_oof,0,3,67,1.0833969438168927,
weibull_softplus_unscaled@response_floor_link,uncheatable,panel_oof,0,3,70,1.089793934913443,
weibull_softplus_unscaled@response_floor_link,uncheatable,panel_oof,0,3,71,1.0848191673406935,
weibull_softplus_unscaled@response_floor_link,uncheatable,panel_oof,0,3,72,1.0724940940757148,
weibull_softplus_unscaled@response_floor_link,uncheatable,panel_oof,0,3,74,1.062414716145637,
weibull_softplus_unscaled@response_floor_link,uncheatable,panel_oof,0,3,75,1.076899288492554,
weibull_softplus_unscaled@response_floor_link,uncheatable,panel_oof,0,3,78,1.0784924802762783,
weibull_softplus_unscaled@response_floor_link,uncheatable,panel_oof,0,3,85,1.0748195806578336,
weibull_softplus_unscaled@response_floor_link,uncheatable,panel_oof,0,3,88,1.0990032131420508,
weibull_softplus_unscaled@response_floor_link,uncheatable,panel_oof,0,3,89,1.0728144703379525,
weibull_softplus_unscaled@response_floor_link,uncheatable,panel_oof,0,3,92,1.054091803308439,
weibull_softplus_unscaled@response_floor_link,uncheatable,panel_oof,0,3,93,1.0721053099009765,
weibull_softplus_unscaled@response_floor_link,uncheatable,panel_oof,0,3,94,1.0589143773003888,
weibull_softplus_unscaled@response_floor_link,uncheatable,panel_oof,0,3,95,1.0873305393262307,
weibull_softplus_unscaled@response_floor_link,uncheatable,panel_oof,0,3,96,1.080176782879653,
weibull_softplus_unscaled@response_floor_link,uncheatable,panel_oof,0,3,97,1.0591393416792405,
weibull_softplus_unscaled@response_floor_link,uncheatable,panel_oof,0,3,102,1.0605242909831292,
weibull_softplus_unscaled@response_floor_link,uncheatable,panel_oof,0,3,108,1.092470367015453,
weibull_softplus_unscaled@response_floor_link,uncheatable,panel_oof,0,3,110,1.0783085360967872,
weibull_softplus_unscaled@response_floor_link,uncheatable,panel_oof,0,3,111,1.0754576176832178,
weibull_softplus_unscaled@response_floor_link,uncheatable,panel_oof,0,3,117,1.1447198678919883,
weibull_softplus_unscaled@response_floor_link,uncheatable,panel_oof,0,3,120,1.0661172098558094,
weibull_softplus_unscaled@response_floor_link,uncheatable,panel_oof,0,3,121,1.0584722826421644,
weibull_softplus_unscaled@response_floor_link,uncheatable,panel_oof,0,3,127,1.0582315690351294,
weibull_softplus_unscaled@response_floor_link,uncheatable,panel_oof,0,3,128,1.0863273736018595,
weibull_softplus_unscaled@response_floor_link,uncheatable,panel_oof,0,3,129,1.0677252254400598,
weibull_softplus_unscaled@response_floor_link,uncheatable,panel_oof,0,3,130,1.0835412570815883,
weibull_softplus_unscaled@response_floor_link,uncheatable,panel_oof,0,3,132,1.1261947138406079,
weibull_softplus_unscaled@response_floor_link,uncheatable,panel_oof,0,3,139,1.0688578736168042,
weibull_softplus_unscaled@response_floor_link,uncheatable,panel_oof,0,3,143,1.0916469522877625,
weibull_softplus_unscaled@response_floor_link,uncheatable,panel_oof,0,3,146,1.10300935887222,
weibull_softplus_unscaled@response_floor_link,uncheatable,panel_oof,0,3,148,1.0602890342244553,
weibull_softplus_unscaled@response_floor_link,uncheatable,panel_oof,0,3,149,1.1152507610463418,
weibull_softplus_unscaled@response_floor_link,uncheatable,panel_oof,0,3,150,1.087758149500025,
weibull_softplus_unscaled@response_floor_link,uncheatable,panel_oof,0,3,153,1.0995725816660316,
weibull_softplus_unscaled@response_floor_link,uncheatable,panel_oof,0,3,156,1.0586869590530856,
weibull_softplus_unscaled@response_floor_link,uncheatable,panel_oof,0,3,159,1.0812480653744996,
weibull_softplus_unscaled@response_floor_link,uncheatable,panel_oof,0,3,161,1.1229430499100037,
weibull_softplus_unscaled@response_floor_link,uncheatable,panel_oof,0,3,164,1.0820615824203543,
weibull_softplus_unscaled@response_floor_link,uncheatable,panel_oof,0,3,167,1.078844883578753,
weibull_softplus_unscaled@response_floor_link,uncheatable,panel_oof,0,3,170,1.0714769915044817,
weibull_softplus_unscaled@response_floor_link,uncheatable,panel_oof,0,3,173,1.0771462453291565,
weibull_softplus_unscaled@response_floor_link,uncheatable,panel_oof,0,3,174,1.057473106666727,
weibull_softplus_unscaled@response_floor_link,uncheatable,panel_oof,0,3,177,1.0628818437130556,
weibull_softplus_unscaled@response_floor_link,uncheatable,panel_oof,0,3,180,1.0696688485795347,
weibull_softplus_unscaled@response_floor_link,uncheatable,panel_oof,0,3,181,1.0920612965334784,
weibull_softplus_unscaled@response_floor_link,uncheatable,panel_oof,0,3,184,1.0565274185953935,
weibull_softplus_unscaled@response_floor_link,uncheatable,panel_oof,0,3,185,1.0745946697792972,
weibull_softplus_unscaled@response_floor_link,uncheatable,panel_oof,0,3,189,1.0790246921572217,
weibull_softplus_unscaled@response_floor_link,uncheatable,panel_oof,0,3,190,1.0772948129324402,
weibull_softplus_unscaled@response_floor_link,uncheatable,panel_oof,0,3,192,1.0451158520500332,
weibull_softplus_unscaled@response_floor_link,uncheatable,panel_oof,0,3,194,1.0601532571205337,
weibull_softplus_unscaled@response_floor_link,uncheatable,panel_oof,0,3,201,1.0349497974556559,
weibull_softplus_unscaled@response_floor_link,uncheatable,panel_oof,0,3,203,1.055797615494198,
weibull_softplus_unscaled@response_floor_link,uncheatable,panel_oof,0,3,204,1.0743249046553234,
weibull_softplus_unscaled@response_floor_link,uncheatable,panel_oof,0,3,206,1.0560535018949126,
weibull_softplus_unscaled@response_floor_link,uncheatable,panel_oof,0,3,214,1.064323910569657,
weibull_softplus_unscaled@response_floor_link,uncheatable,panel_oof,0,3,218,1.038298710372078,
weibull_softplus_unscaled@response_floor_link,uncheatable,panel_oof,0,3,225,1.0881940709633946,
weibull_softplus_unscaled@response_floor_link,uncheatable,panel_oof,0,3,228,1.0602971723107577,
weibull_softplus_unscaled@response_floor_link,uncheatable,panel_oof,0,3,232,1.080810462100377,
weibull_softplus_unscaled@response_floor_link,uncheatable,panel_oof,0,3,234,1.0813360938222818,
weibull_softplus_unscaled@response_floor_link,uncheatable,panel_oof,0,3,240,1.0368906976460297,
weibull_softplus_unscaled@response_floor_link,uncheatable,panel_oof,0,4,18,1.0827666074584292,
weibull_softplus_unscaled@response_floor_link,uncheatable,panel_oof,0,4,19,1.0931596120675997,
weibull_softplus_unscaled@response_floor_link,uncheatable,panel_oof,0,4,28,1.121764719816795,
weibull_softplus_unscaled@response_floor_link,uncheatable,panel_oof,0,4,31,1.0639968140329663,
weibull_softplus_unscaled@response_floor_link,uncheatable,panel_oof,0,4,42,1.058391084798537,
weibull_softplus_unscaled@response_floor_link,uncheatable,panel_oof,0,4,47,1.0643687096216015,
weibull_softplus_unscaled@response_floor_link,uncheatable,panel_oof,0,4,60,1.0587702309459415,
weibull_softplus_unscaled@response_floor_link,uncheatable,panel_oof,0,4,76,1.134974406478146,
weibull_softplus_unscaled@response_floor_link,uncheatable,panel_oof,0,4,77,1.0882368882157736,
weibull_softplus_unscaled@response_floor_link,uncheatable,panel_oof,0,4,80,1.0864793855827424,
weibull_softplus_unscaled@response_floor_link,uncheatable,panel_oof,0,4,82,1.0635967707109586,
weibull_softplus_unscaled@response_floor_link,uncheatable,panel_oof,0,4,103,1.092830384237542,
weibull_softplus_unscaled@response_floor_link,uncheatable,panel_oof,0,4,104,1.0945052978191852,
weibull_softplus_unscaled@response_floor_link,uncheatable,panel_oof,0,4,114,1.076293597168024,
weibull_softplus_unscaled@response_floor_link,uncheatable,panel_oof,0,4,118,1.0666381337480906,
weibull_softplus_unscaled@response_floor_link,uncheatable,panel_oof,0,4,125,1.0099842415599332,
weibull_softplus_unscaled@response_floor_link,uncheatable,panel_oof,0,4,131,1.066155507850873,
weibull_softplus_unscaled@response_floor_link,uncheatable,panel_oof,0,4,155,1.0549955362453665,
weibull_softplus_unscaled@response_floor_link,uncheatable,panel_oof,0,4,162,1.0722949623118172,
weibull_softplus_unscaled@response_floor_link,uncheatable,panel_oof,0,4,168,1.0282864411659474,
weibull_softplus_unscaled@response_floor_link,uncheatable,panel_oof,0,4,178,1.034808721398262,
weibull_softplus_unscaled@response_floor_link,uncheatable,panel_oof,0,4,179,1.0965367516585633,
weibull_softplus_unscaled@response_floor_link,uncheatable,panel_oof,0,4,186,1.0586179084605096,
weibull_softplus_unscaled@response_floor_link,uncheatable,panel_oof,0,4,193,1.0686483277815206,
weibull_softplus_unscaled@response_floor_link,uncheatable,panel_oof,0,4,199,1.0723012030936552,
weibull_softplus_unscaled@response_floor_link,uncheatable,panel_oof,0,4,202,1.0638216606091704,
weibull_softplus_unscaled@response_floor_link,uncheatable,panel_oof,0,4,207,1.0929478819608893,
weibull_softplus_unscaled@response_floor_link,uncheatable,panel_oof,0,4,212,1.0711850227937598,
weibull_softplus_unscaled@response_floor_link,uncheatable,panel_oof,0,4,216,1.0768902708084818,
weibull_softplus_unscaled@response_floor_link,uncheatable,panel_oof,0,4,221,1.0578471332589148,
weibull_softplus_unscaled@response_floor_link,uncheatable,panel_oof,0,4,230,1.0541031159809733,
weibull_softplus_unscaled@response_floor_link,uncheatable,panel_oof,0,4,231,1.0648464596682419,
weibull_softplus_unscaled@response_floor_link,uncheatable,panel_oof,0,4,239,1.0731901121339553,
weibull_softplus_unscaled@response_floor_link,uncheatable,external_development,0,-1,delphi_3e18_39bucket:0066da643d35e694a311d26516399114a1c69adba1f7795b773b704d93c0e945,1.055510445224896,0.004222812051154577
weibull_softplus_unscaled@response_floor_link,uncheatable,external_development,0,-1,delphi_3e18_39bucket:015ce47db7b4ac2a312c1dfa614d699adb8526230f5a7355c112e4e546f4bb96,1.03729391030909,0.004593943268874474
weibull_softplus_unscaled@response_floor_link,uncheatable,external_development,0,-1,delphi_3e18_39bucket:01985d1f15bebd8fef77b5150d00df90b1460ff11f8dbeb34a83d3755d4831ca,1.0031320337256053,0.00354749282180419
weibull_softplus_unscaled@response_floor_link,uncheatable,external_development,0,-1,delphi_3e18_39bucket:02c70e578e5784e551eefe679886439d9c803cedd53b283f3333a0c5fbe3e5cf,1.0468762174604835,0.004238965195007671
weibull_softplus_unscaled@response_floor_link,uncheatable,external_development,0,-1,delphi_3e18_39bucket:037a604380dcbb0bd031ab6fe4d27d6f859ec425fb267f14b984c1fb545aefe5,1.0440300922899026,0.004178013591238392
weibull_softplus_unscaled@response_floor_link,uncheatable,external_development,0,-1,delphi_3e18_39bucket:039e773502afbad67dfd37ee20068668a2092188b0245ddd91d40a1560e905f6,1.0106329292173453,0.0028711645148227116
weibull_softplus_unscaled@response_floor_link,uncheatable,external_development,0,-1,delphi_3e18_39bucket:06d61998a2b7fe732abe0607cc0fc7812e544c3828ed26a47d4283ddb7891cb9,1.037928988765442,0.004544884673756601
weibull_softplus_unscaled@response_floor_link,uncheatable,external_development,0,-1,delphi_3e18_39bucket:06f1f5c4286bcf9fe2c2ccf5d91303fe3cf919c815f3a926d5a2ff3de43fc683,1.0465647748992555,0.004720473697890487
weibull_softplus_unscaled@response_floor_link,uncheatable,external_development,0,-1,delphi_3e18_39bucket:073bad81517f75d40c9eb877348b38c8734b28dc6cb239c2089c9c35e9510223,1.0042427550227373,0.004320670831198025
weibull_softplus_unscaled@response_floor_link,uncheatable,external_development,0,-1,delphi_3e18_39bucket:0788d5de28276914dae1c6388f1ab105867ad1d4a087d52bf0b8519d80129c89,1.0379554870430878,0.004348824485896051
weibull_softplus_unscaled@response_floor_link,uncheatable,external_development,0,-1,delphi_3e18_39bucket:07ec2043780a0d9df429ba7b4f371cf9415daa1341f5b29b929b522684e38b91,1.0364646931231025,0.005053239983154111
weibull_softplus_unscaled@response_floor_link,uncheatable,external_development,0,-1,delphi_3e18_39bucket:081b3e9c9806710005689ad55a35ca2b5545880488e77cee8042740337e79dfd,1.0001702092909528,0.0043837841073838995
weibull_softplus_unscaled@response_floor_link,uncheatable,external_development,0,-1,delphi_3e18_39bucket:082fedafa9e0b95f220f553903813794bb9dc21b592587587dd5fa4dca612f6c,1.0630121916029212,0.004955051527304408
weibull_softplus_unscaled@response_floor_link,uncheatable,external_development,0,-1,delphi_3e18_39bucket:0849e8468f1ed33aa84061be6ed119421f912af5683193c8b0f037cee11a3763,1.042507838965069,0.004576375935370415
weibull_softplus_unscaled@response_floor_link,uncheatable,external_development,0,-1,delphi_3e18_39bucket:090b9d521ba31e364d7c8479c9c8b5369806b9c8557af616f883945e0307ccfb,0.9850685872440845,0.00421280408830424
weibull_softplus_unscaled@response_floor_link,uncheatable,external_development,0,-1,delphi_3e18_39bucket:095c671d2e8d76d30acb22a88707854961f0bd8fa702605dcc65c6c64231b117,1.0382947793451636,0.00483651357560427
weibull_softplus_unscaled@response_floor_link,uncheatable,external_development,0,-1,delphi_3e18_39bucket:09ab1aa79a519d8cbef31696066513a006253831fb687b610438ea9b39faef2c,1.0563355125471983,0.005225015989836751
weibull_softplus_unscaled@response_floor_link,uncheatable,external_development,0,-1,delphi_3e18_39bucket:09de561eed4cac3d6052c3e7ccd15b7d2bf21ffe6620953c40d04597b793517c,0.9952145558461106,0.004010971810434804
weibull_softplus_unscaled@response_floor_link,uncheatable,external_development,0,-1,delphi_3e18_39bucket:0a4c90180e2e9f06b17432216267636bc90d169f9f68bad8b789d271cb541e26,1.0245703051316015,0.0011134757155832017
weibull_softplus_unscaled@response_floor_link,uncheatable,external_development,0,-1,delphi_3e18_39bucket:0a69a64824dbbec7bffe6fbd96bf614be79fa346a55fb8dad697d2aed91a31fe,1.0038486347244255,0.0036968130967751853
weibull_softplus_unscaled@response_floor_link,uncheatable,external_development,0,-1,delphi_3e18_39bucket:0bdc7ed5abac4cf71f3695dd33cb4ebeb179a0cbf41d9859e4d47fa71dcc9890,1.038634053137169,0.004544274690868394
weibull_softplus_unscaled@response_floor_link,uncheatable,external_development,0,-1,delphi_3e18_39bucket:0c6db73ff59b9cdac2e2428761ffc68d8764b26faefabce9cdbe0ad6133514fb,1.012369604391652,0.004061479762955617
weibull_softplus_unscaled@response_floor_link,uncheatable,external_development,0,-1,delphi_3e18_39bucket:0c87eb28b1c95ec40d341aff414b3e73bc9300563def3b5d974082fe44509895,1.0390814340852852,0.004455708672758059
weibull_softplus_unscaled@response_floor_link,uncheatable,external_development,0,-1,delphi_3e18_39bucket:0ceaf50f71a5360954adeab2244cb20579f98a42ad87a9a61d09e18433fe7860,1.0374008824046987,0.00452019446748992
weibull_softplus_unscaled@response_floor_link,uncheatable,external_development,0,-1,delphi_3e18_39bucket:0d019862e6437cdaea853e5908403f80164cfeaa2305fa7fbfaafa4c22decd1c,1.0550346435521285,0.007152474686586171
weibull_softplus_unscaled@response_floor_link,uncheatable,external_development,0,-1,delphi_3e18_39bucket:0da14a6e57c138c21227eebbd44f186ea18272987a7f24f9edce875f3f5c35b2,1.0372882593385797,0.0043035296231820905
weibull_softplus_unscaled@response_floor_link,uncheatable,external_development,0,-1,delphi_3e18_39bucket:0fb57d38488e9d032a8a2d6e385eebbe0bb87510b042d12426a68166e3ec53b2,1.0122263405330654,0.0034219152168088367
weibull_softplus_unscaled@response_floor_link,uncheatable,external_development,0,-1,delphi_3e18_39bucket:0feea1b96a7083ed86e477633fc1c9df6d6198dd4ea8753a30f116ddbf453981,1.056444331899848,0.003629342831935058
weibull_softplus_unscaled@response_floor_link,uncheatable,external_development,0,-1,delphi_3e18_39bucket:100cd66fd89a88c77157afcbddc20547cc115238f2281abf552b8c0d0374cc36,1.0527197057566478,0.0052480558091613705
weibull_softplus_unscaled@response_floor_link,uncheatable,external_development,0,-1,delphi_3e18_39bucket:115087d05bce1abc0d1e7590a4cc0b36b643cd94c47ca5e044580bd8ff9fa514,0.9931024683230095,0.005483854515025747
weibull_softplus_unscaled@response_floor_link,uncheatable,external_development,0,-1,delphi_3e18_39bucket:11779cf375492aed45ded6491e0158468a427484e8fd2f0823363b5961fadc1f,1.0390605427163684,0.00460095719434668
weibull_softplus_unscaled@response_floor_link,uncheatable,external_development,0,-1,delphi_3e18_39bucket:1186365305df843132a2b49cf1f4f3279bc6792218502b2ddb658ff6a8909811,1.045912343266659,0.004313983776052919
weibull_softplus_unscaled@response_floor_link,uncheatable,external_development,0,-1,delphi_3e18_39bucket:12d604c09575e6918d0c5273fb68b7ac720021d46bd7bf002aec8f2e388e7d73,1.0389985136710296,0.004371189441628736
weibull_softplus_unscaled@response_floor_link,uncheatable,external_development,0,-1,delphi_3e18_39bucket:135c4820815edaaf0da56c8dc5f7697728f00c530e1af6d5c97db7883c693f3b,1.0386866075898435,0.004591074228668047
weibull_softplus_unscaled@response_floor_link,uncheatable,external_development,0,-1,delphi_3e18_39bucket:14ae27b209bb3f3e584f2a754f2f606b14c6a91a854a6960f5f2002189a9c63f,1.0052274892293003,0.0032713462886646448
weibull_softplus_unscaled@response_floor_link,uncheatable,external_development,0,-1,delphi_3e18_39bucket:1583e0fcd8684efdb53f5dba40c3ee266a316d16da17c423933aa17c59399bb4,1.0023198368048498,0.0037456997207265174
weibull_softplus_unscaled@response_floor_link,uncheatable,external_development,0,-1,delphi_3e18_39bucket:15c3e3115300d4216bc495f2d6a911ae81e09297053b4e3fd8413b93b1724706,1.038864512977682,0.004285357121419778
weibull_softplus_unscaled@response_floor_link,uncheatable,external_development,0,-1,delphi_3e18_39bucket:15cefcc71eaf2cb32279921de35d7fd07a1c62a60826b15c7da6d9680aca7d5a,1.046031388362422,0.004427175547634987
weibull_softplus_unscaled@response_floor_link,uncheatable,external_development,0,-1,delphi_3e18_39bucket:168c44d2006162a6a570833acdedfc0e9cbace3ee8b4582d93c0d17b9a8f62dc,1.0388989372563964,0.004653454837906171
weibull_softplus_unscaled@response_floor_link,uncheatable,external_development,0,-1,delphi_3e18_39bucket:16d569d49dc699da09d873f84439c1b3d09b1fb0a49da1a014bdd6055ed7e867,1.0216483717279892,0.003581387516517378
weibull_softplus_unscaled@response_floor_link,uncheatable,external_development,0,-1,delphi_3e18_39bucket:180f3fe5f075a653053c6abb3614d3d97e4e8bd81a9bf3339b610420a3e507e1,1.0279818199653166,0.00868013471405461
weibull_softplus_unscaled@response_floor_link,uncheatable,external_development,0,-1,delphi_3e18_39bucket:18a99a3351245092d3769f803d6ed42ad1446d61d00a6145d3ab0f7eb370ad43,1.0355143171007768,0.004409175505243257
weibull_softplus_unscaled@response_floor_link,uncheatable,external_development,0,-1,delphi_3e18_39bucket:19e6d0a05b7cc0e501b20e580b9d694acf4b47aafcdbc8afc3840bc26b8e9183,1.0331332746444175,0.0043104303858870485
weibull_softplus_unscaled@response_floor_link,uncheatable,external_development,0,-1,delphi_3e18_39bucket:1abe87613ee3136eb10062b5549438b1593f06bc22629e4f06a79dc512925a09,0.9981502068664889,0.003827723288076253
weibull_softplus_unscaled@response_floor_link,uncheatable,external_development,0,-1,delphi_3e18_39bucket:1bd2258fc50c2f2300cfee3ccf288fcf65b55a83f6f4e754166ad83968fd2bc5,1.04075140832125,0.004785889043702888
weibull_softplus_unscaled@response_floor_link,uncheatable,external_development,0,-1,delphi_3e18_39bucket:1c82f47a17303f1c725bb67357c5df989e689eab6ce331e314ec3f25166ddb7f,1.030634523066071,0.004176313517923037
weibull_softplus_unscaled@response_floor_link,uncheatable,external_development,0,-1,delphi_3e18_39bucket:1f764babd33705edc89b9384b3ade86c50adefb121d72a48eead725f2f99fdbb,1.051389678962602,0.004468983796037701
weibull_softplus_unscaled@response_floor_link,uncheatable,external_development,0,-1,delphi_3e18_39bucket:1fe407b2a7e4115cdc2112c39a9854a82c434b11738b0b2dd1f7b59520c84b02,1.0361040159849262,0.0038764536637914426
weibull_softplus_unscaled@response_floor_link,uncheatable,external_development,0,-1,delphi_3e18_39bucket:202a3f2963f0ed3ef838aa9f839dd983ff320011e5f90369bb10036d62d3bf07,1.038982895946635,0.004776539350472374
weibull_softplus_unscaled@response_floor_link,uncheatable,external_development,0,-1,delphi_3e18_39bucket:2128777c4bf7443fc7122204d45cffef5ed9ca0a3758737f512f8ac019f2614e,1.045334833658788,0.004622651402280334
weibull_softplus_unscaled@response_floor_link,uncheatable,external_development,0,-1,delphi_3e18_39bucket:217fcc24bb6f19269acad2fd83783863fb8c38fe10b23c82e8d4650e3c20af96,1.0120482993703908,0.0048020034785996365
weibull_softplus_unscaled@response_floor_link,uncheatable,external_development,0,-1,delphi_3e18_39bucket:2217566357ae6eb4d1e0a63ed7d1b5f74bf85feb4a34fc2294075abf4779dc8a,1.0009826019996915,0.005868928384695318
weibull_softplus_unscaled@response_floor_link,uncheatable,external_development,0,-1,delphi_3e18_39bucket:22435fb72d5378f38e67f149c5327cefd8299de7f2802d207068e148a654d87a,1.0042961907288173,0.0044602421764092445
weibull_softplus_unscaled@response_floor_link,uncheatable,external_development,0,-1,delphi_3e18_39bucket:22a7988dd0f948879fe6e14a81339e522012c662009155e7f837141a0aedb54d,1.0421577371389836,0.00431300351351523
weibull_softplus_unscaled@response_floor_link,uncheatable,external_development,0,-1,delphi_3e18_39bucket:24181403664e888f5ff00f929ba54136d4c20243873de0479bbadd0a903d7e2e,1.047934233076678,0.004273675481480986
weibull_softplus_unscaled@response_floor_link,uncheatable,external_development,0,-1,delphi_3e18_39bucket:244c4cf1cc1aff8a4fa4a6620ac3c4e89194a0edec3d369e2d5c5a3ffc611fbd,1.0366226301428152,0.004434427626078261
weibull_softplus_unscaled@response_floor_link,uncheatable,external_development,0,-1,delphi_3e18_39bucket:24a04b7131ccb2123cd83ebdebea1822f4208833dbaa020fb854f48dfeb82baa,1.037618440535761,0.004344421881159705
weibull_softplus_unscaled@response_floor_link,uncheatable,external_development,0,-1,delphi_3e18_39bucket:257cf9d7063698fc7195b8f86bda6fdb70aa44cc6560c09437872f7afc15b3c7,1.038004734689403,0.004417141224583073
weibull_softplus_unscaled@response_floor_link,uncheatable,external_development,0,-1,delphi_3e18_39bucket:2805171d708ffa47ad55eebdded48bbe9184de34aaa01c764857896330bd5ed8,1.0001541628117123,0.004053570029546407
weibull_softplus_unscaled@response_floor_link,uncheatable,external_development,0,-1,delphi_3e18_39bucket:282bea38b4b390edde05c433f2aa287cb076b5c90b87ddfff2ac785476ee2a80,1.043713944245107,0.006926589264656344
weibull_softplus_unscaled@response_floor_link,uncheatable,external_development,0,-1,delphi_3e18_39bucket:28e9f00790cb0f3bd8eab6e67ab5ed390d4a8f9511b50e2c3b127fed84907f83,1.0377460352937382,0.004599263803717416
weibull_softplus_unscaled@response_floor_link,uncheatable,external_development,0,-1,delphi_3e18_39bucket:29879913509e18c14302d4122cd80d460dbe36a86de1b841546532b10ae498e9,1.00862894472271,0.003507808425922621
weibull_softplus_unscaled@response_floor_link,uncheatable,external_development,0,-1,delphi_3e18_39bucket:299a6f250e2580967240f5ac6e8f3e6810fda3f8762c8a4f373c4b03d7aee9b1,1.0470809837034085,0.004712174903040157
weibull_softplus_unscaled@response_floor_link,uncheatable,external_development,0,-1,delphi_3e18_39bucket:2a97310a9690d4c4d3fba3c8cf2f4c53bec70f4ee6e7bc2798951d5fce110b5c,1.0374262605207396,0.004518497799245264
weibull_softplus_unscaled@response_floor_link,uncheatable,external_development,0,-1,delphi_3e18_39bucket:2b4110349a3372d8cdd796df984fe3dd3f6933ac30c77acc1b554a35885f884f,1.0344212286420857,0.004665482373981842
weibull_softplus_unscaled@response_floor_link,uncheatable,external_development,0,-1,delphi_3e18_39bucket:2b989adc23ee2e9de7f2785a0f77bb06f18f1c8af0a8159044271123a563cdb9,1.004480250182045,0.0031818111559024525
weibull_softplus_unscaled@response_floor_link,uncheatable,external_development,0,-1,delphi_3e18_39bucket:2ce3f8060361ed87fadf5817cc4086427964c54e0a33c206fcb381675b97ea5f,1.0380139175097793,0.004531611036231765
weibull_softplus_unscaled@response_floor_link,uncheatable,external_development,0,-1,delphi_3e18_39bucket:2e081ca88a4ffb992e9ae7b70b9b191276a26b63479089cd5b158410e587852e,1.0222205195681602,0.003898516245590141
weibull_softplus_unscaled@response_floor_link,uncheatable,external_development,0,-1,delphi_3e18_39bucket:2e1738bd99d25f424f7d12a0418d3b95df9b3cb8832b62a765de68ab5fdfe411,1.0369597170622618,0.006188423087587039
weibull_softplus_unscaled@response_floor_link,uncheatable,external_development,0,-1,delphi_3e18_39bucket:2f021c092554cc1c442218ef631eef0b2b67a217256c18aa0380762934be6ef9,0.9970842046317372,0.003757220111467908
weibull_softplus_unscaled@response_floor_link,uncheatable,external_development,0,-1,delphi_3e18_39bucket:2fd7ffa44744c71d0e734f0e0d4f05d854c74467a9c167f25018fd17cfe99306,1.0281941849408556,0.0042514958012124454
weibull_softplus_unscaled@response_floor_link,uncheatable,external_development,0,-1,delphi_3e18_39bucket:303bf27116162aaf5aad23c1dceb815464d35b45e7e0b3d737d78f0e445a7c48,1.0152399689500053,0.0035420747920880268
weibull_softplus_unscaled@response_floor_link,uncheatable,external_development,0,-1,delphi_3e18_39bucket:307e2ea17fda955025a3eb6f93191ebffc2a9ec7af3c27ab44f0b073b39a03a0,1.0089742269654962,0.005724676689165037
weibull_softplus_unscaled@response_floor_link,uncheatable,external_development,0,-1,delphi_3e18_39bucket:3277a3d2dd0f9018971fbcb563df43c5c3d38d364fb0a15494e2fde4c841ab06,1.03874557584948,0.00449035706360077
weibull_softplus_unscaled@response_floor_link,uncheatable,external_development,0,-1,delphi_3e18_39bucket:329d432004aa55ff655af8af17bade03a9b3dd241ea3c9e87a7dbbeb1dc1b1d6,1.0342736171819382,0.004584932166042289
weibull_softplus_unscaled@response_floor_link,uncheatable,external_development,0,-1,delphi_3e18_39bucket:3398acf60037cd5b4392f15953e36c3f7d33dfa5fb55428c42d6dc324f33ee6d,1.0474000977932665,0.0038190994958945254
weibull_softplus_unscaled@response_floor_link,uncheatable,external_development,0,-1,delphi_3e18_39bucket:3614e5ff6454c53dc1b4848cee125d2bf986629dee4783b90415bc92736347a1,0.9811584829063751,0.004274425964222041
weibull_softplus_unscaled@response_floor_link,uncheatable,external_development,0,-1,delphi_3e18_39bucket:36c1fb12dabe2ea3b14dcba0b6662780fe8c2edd811e604dc693d72ef1aad4b2,1.0531375009874364,0.004844064508791432
weibull_softplus_unscaled@response_floor_link,uncheatable,external_development,0,-1,delphi_3e18_39bucket:378ccee7c37fc46dc3d8e46e4b4332bddd5bd6559bdcb485d925508370a96bfe,1.037990533175167,0.004409543906906249
weibull_softplus_unscaled@response_floor_link,uncheatable,external_development,0,-1,delphi_3e18_39bucket:38b51fbcfa5c77121be6726dc68a28ce5ab9452aefd61be07d82e359fbdedf79,0.9828103212855359,0.003892738134373749
weibull_softplus_unscaled@response_floor_link,uncheatable,external_development,0,-1,delphi_3e18_39bucket:391b0859fe53bf6c9da14d9694a7f85f766f8d8225b48942c840d1f3bebe7876,1.0014743342963766,0.0033937112609312356
weibull_softplus_unscaled@response_floor_link,uncheatable,external_development,0,-1,delphi_3e18_39bucket:391d81c8e67fe577eba6e9ee08f60d31bf3c4e751a772944fa9e620fd84cebdb,1.023454923085375,0.003628422925522298
weibull_softplus_unscaled@response_floor_link,uncheatable,external_development,0,-1,delphi_3e18_39bucket:39df5a66a6bcbdc5f52f9f37dfd15b1fdd08a415743db8fb17cc8b0512ac963f,1.065814618707062,0.00577085541363923
weibull_softplus_unscaled@response_floor_link,uncheatable,external_development,0,-1,delphi_3e18_39bucket:3a337cea08c5cd9c8a8b50d435117d13ca5818fbfbab1e6a87ff1e567e25c835,1.0393549590836952,0.00452933117871168
weibull_softplus_unscaled@response_floor_link,uncheatable,external_development,0,-1,delphi_3e18_39bucket:3c5d1d0ddb5500239d26944a313e0c966e43abfabc203fcdb07d5db66f8dc712,0.9944796178492694,0.004629644017085271
weibull_softplus_unscaled@response_floor_link,uncheatable,external_development,0,-1,delphi_3e18_39bucket:3d3cd30314fd09b91f22ba82b732e228369abd03b55a27da937e0bca5a083a0a,1.0364586206789501,0.004501674569561369
weibull_softplus_unscaled@response_floor_link,uncheatable,external_development,0,-1,delphi_3e18_39bucket:3d45f3bc22316f2c3a26d5af2662f5cc5b2e1214d7bf88bc7dfa2b034b89b076,0.9981876062700425,0.0038030371188506
weibull_softplus_unscaled@response_floor_link,uncheatable,external_development,0,-1,delphi_3e18_39bucket:3d7af05751d62a9d5ef924d05c8f988d625bdd60428e935601184be98b0ac0df,1.0412945493473758,0.004052121492172108
weibull_softplus_unscaled@response_floor_link,uncheatable,external_development,0,-1,delphi_3e18_39bucket:3de18a523f9dbadd83062cb454ad019820e391183b58003dd91dda53a4b13e1b,1.0791758426864808,0.011554653731712647
weibull_softplus_unscaled@response_floor_link,uncheatable,external_development,0,-1,delphi_3e18_39bucket:3ec760a2d3f08ec7acbde5dd5b70f25acbb174767b5f8e54d028852120660c2d,1.0044368316174739,0.004900224986633545
weibull_softplus_unscaled@response_floor_link,uncheatable,external_development,0,-1,delphi_3e18_39bucket:3f18082665844ac4fa26e9c9e87ec9528a72d448eff278e6eb0fb7e1d4dc39bc,1.007341938502385,0.004245329870440299
weibull_softplus_unscaled@response_floor_link,uncheatable,external_development,0,-1,delphi_3e18_39bucket:410691cfb41376383b24b9260d41e57810fbaa6978569d90f35459312770dd15,1.0465657828778256,0.00387975344000793
weibull_softplus_unscaled@response_floor_link,uncheatable,external_development,0,-1,delphi_3e18_39bucket:4148bb820fc709c78f6daf88c6822b7f28c7d1aba87c815125bab9cc0c715d32,1.0385549154610638,0.009596588263182373
weibull_softplus_unscaled@response_floor_link,uncheatable,external_development,0,-1,delphi_3e18_39bucket:419ee81cda8173e88f7ada544fce6e041beb00f9371af74edf51e3240616e6ae,0.9948251667202341,0.004055826547927408
weibull_softplus_unscaled@response_floor_link,uncheatable,external_development,0,-1,delphi_3e18_39bucket:4287fd6ebf54e5dc56f478f75201af36dfaf1da75b19013f8ed1d1bb0d131b51,1.0532067012566668,0.0037385420513224616
weibull_softplus_unscaled@response_floor_link,uncheatable,external_development,0,-1,delphi_3e18_39bucket:42a399ba5c0ec06b23cf6c90f7a2d7bb620e8bf74eb4ae6131c11a97455e81cb,1.0498348314284187,0.006444051453196651
weibull_softplus_unscaled@response_floor_link,uncheatable,external_development,0,-1,delphi_3e18_39bucket:42d578942c429bb75d62f6e2a7b33a9636af248dbf978094a0685abfa6f6bef6,1.0475389806000308,0.003987348370800601
weibull_softplus_unscaled@response_floor_link,uncheatable,external_development,0,-1,delphi_3e18_39bucket:435fc59b9f74ea68a12a16abcf01b49d1d751709400f056661ece786c4fb97f4,1.0413793886138993,0.004275596247420033
weibull_softplus_unscaled@response_floor_link,uncheatable,external_development,0,-1,delphi_3e18_39bucket:43a1b832b41d7b3705abe45be2d9a39f606803f539c4bfc22f9bdb84abd4ecdd,1.0330013797670916,0.004312464521004314
weibull_softplus_unscaled@response_floor_link,uncheatable,external_development,0,-1,delphi_3e18_39bucket:43b243c94270528cefddfad2d85a2e86ee8e2e18b6fd46b04f3c346b72054bfc,1.039289618668794,0.0044388643811979454
weibull_softplus_unscaled@response_floor_link,uncheatable,external_development,0,-1,delphi_3e18_39bucket:44ce79a61450d4abf95809bf0fa221ae9d748008c8b5ae22fd8d3212c27a3fea,1.0038049614508102,0.0030848822595126463
weibull_softplus_unscaled@response_floor_link,uncheatable,external_development,0,-1,delphi_3e18_39bucket:450946512768dd9a9e7ac0b8b0bfe70503c57901a1407ee4764ad2b8be47d6fc,1.0973752170415496,0.005003003826218204
weibull_softplus_unscaled@response_floor_link,uncheatable,external_development,0,-1,delphi_3e18_39bucket:454b420da2501cc8413ce34639b91fba6c924e92d4acb602a12a4188a7bbac06,1.0065755924565671,0.004378563546394132
weibull_softplus_unscaled@response_floor_link,uncheatable,external_development,0,-1,delphi_3e18_39bucket:45c4ebe12e4506146427d7cf86c80df51ee3636fdc90eec46c6fbcda132736d3,1.0416027638072038,0.004520584078459009
weibull_softplus_unscaled@response_floor_link,uncheatable,external_development,0,-1,delphi_3e18_39bucket:46346afc1e8f516e3cf8db030395bc5bdba3094e0d1d6ce3d9212fbb3736b08f,1.0530206728791676,0.004190588780453686
weibull_softplus_unscaled@response_floor_link,uncheatable,external_development,0,-1,delphi_3e18_39bucket:4656bf4bdeffbc234b5b12cc443ad2055c6daa70555f643727a48d11562171df,1.037315941653015,0.00430132831614854
weibull_softplus_unscaled@response_floor_link,uncheatable,external_development,0,-1,delphi_3e18_39bucket:479b4c0d010ec8af266c712fad85c52a6b25371b206b9d3bea78ede611674b9e,1.0725205591313958,0.005561691611873604
weibull_softplus_unscaled@response_floor_link,uncheatable,external_development,0,-1,delphi_3e18_39bucket:47f173bc0284dd1f8264d5a01dd8a2fcd9c04165efed2d185d16e1684ae02254,0.9983836523436808,0.003771541581383705
weibull_softplus_unscaled@response_floor_link,uncheatable,external_development,0,-1,delphi_3e18_39bucket:4925c3287b201af1db9d1972026e9bf6b2b76a75673de01b83cd6af4965a90c1,1.0016956377303623,0.003227996114670009
weibull_softplus_unscaled@response_floor_link,uncheatable,external_development,0,-1,delphi_3e18_39bucket:49605a406a87e4b29ff1058b67cff48d00f583ed007d73fd163a37ab3f1ef415,0.9995380315640804,0.0034738907170025475
weibull_softplus_unscaled@response_floor_link,uncheatable,external_development,0,-1,delphi_3e18_39bucket:4bea36f1a59704fdf3254fce13b499f62c5ce572c840a274eab13868a56e5f0c,1.0396509102459626,0.004511907313726873
weibull_softplus_unscaled@response_floor_link,uncheatable,external_development,0,-1,delphi_3e18_39bucket:4d2a9f8e18ebd65e0860eaa7996c71b4bc666ece79a59f99599bf658eaaf1ca6,1.0778342525681308,0.00637253446180304
weibull_softplus_unscaled@response_floor_link,uncheatable,external_development,0,-1,delphi_3e18_39bucket:4dcd25089f067b1c4aa3d94b5a6046e58c872c7192b21d095899daf4324f9073,1.0859781214584645,0.007704698317602747
weibull_softplus_unscaled@response_floor_link,uncheatable,external_development,0,-1,delphi_3e18_39bucket:4e32a5e9dd28c61c48e02bb2a44b9b07dfd0aba290fffff332f5119d1899e78e,1.0384686377676002,0.00458312990472681
weibull_softplus_unscaled@response_floor_link,uncheatable,external_development,0,-1,delphi_3e18_39bucket:4f14ed9f6b84f8d07a49a046c1f0bc460e6188f73344c8a04a447d11f045e2fb,1.0370833098842809,0.004953812350412945
weibull_softplus_unscaled@response_floor_link,uncheatable,external_development,0,-1,delphi_3e18_39bucket:5117115fda784e176c6f2f6b252905a9552ad3c50be88f0849fedb7b153ef185,1.0425535723253252,0.004079027907575284
weibull_softplus_unscaled@response_floor_link,uncheatable,external_development,0,-1,delphi_3e18_39bucket:514be0373f3adf0fa2a0f1d347bb9657c5a350d6221c93c56156da4fca342645,1.0211546018240336,0.005997907920458094
weibull_softplus_unscaled@response_floor_link,uncheatable,external_development,0,-1,delphi_3e18_39bucket:51ba2b4f2f488f8c496f545e752754c9e324fea095988aeafc121d14587f9440,0.9957803625513548,0.004819366929000176
weibull_softplus_unscaled@response_floor_link,uncheatable,external_development,0,-1,delphi_3e18_39bucket:520b93fe83078f785e1745d02d62d4de498b2d844861b920f20ad9fddb96d966,1.0163896601704228,0.00468429836591492
weibull_softplus_unscaled@response_floor_link,uncheatable,external_development,0,-1,delphi_3e18_39bucket:5268fc7970fdd1757c78b3d28d3b4a01e39ae7eb48d9eff786688b6aa8419e2c,1.0474001289115342,0.003723430109082018
weibull_softplus_unscaled@response_floor_link,uncheatable,external_development,0,-1,delphi_3e18_39bucket:52eef22c85f32ba5c3c3bbd6b018e3ef32c028af3c84a8cce95f051e36bdb0ef,1.0395573098434179,0.003957575020198278
weibull_softplus_unscaled@response_floor_link,uncheatable,external_development,0,-1,delphi_3e18_39bucket:5302a3d504bc827eb82480e47fa5f9369b2a34a9073980d5a79b7b11472c3d35,0.9958255857436192,0.003963355419791124
weibull_softplus_unscaled@response_floor_link,uncheatable,external_development,0,-1,delphi_3e18_39bucket:5304e9320d8a83ce4fc5f0c3d55748a46b482bd39654250154a2e9b9b1f11612,1.0013360695510474,0.0043824504108660725
weibull_softplus_unscaled@response_floor_link,uncheatable,external_development,0,-1,delphi_3e18_39bucket:547f1880e12c632add60347ae92abf186e58bd4549de02831f05f117476ccd27,1.0014820985695152,0.003313799259311435
weibull_softplus_unscaled@response_floor_link,uncheatable,external_development,0,-1,delphi_3e18_39bucket:55870bf717d572ace521b0a7c6b31246156cc64b0ab6dd344e4f110a1c37e000,1.0383300890150515,0.004800169181021597
weibull_softplus_unscaled@response_floor_link,uncheatable,external_development,0,-1,delphi_3e18_39bucket:5653d17dd718ed001c50f11b1296a0b6c437549494c3ad1c8cb1b53da2629181,1.059540299898909,0.009794147420569211
weibull_softplus_unscaled@response_floor_link,uncheatable,external_development,0,-1,delphi_3e18_39bucket:569f2fae296c65c150355a111967e64f0458d6d4e4e6695bdad8510e2d957522,1.0052597336561904,0.003135546917199617
weibull_softplus_unscaled@response_floor_link,uncheatable,external_development,0,-1,delphi_3e18_39bucket:577ebf44b0802041939fa396b991d55566e0430342ea4e86916d0a09526dfc7b,1.0123962241242195,0.00410039858239119
weibull_softplus_unscaled@response_floor_link,uncheatable,external_development,0,-1,delphi_3e18_39bucket:57e67b1e673016dfe6e90bf3eec613b57b4f45fb8628057d9be4b6887b097974,1.0371670061267926,0.004509611751912585
weibull_softplus_unscaled@response_floor_link,uncheatable,external_development,0,-1,delphi_3e18_39bucket:587d99c210755fe678009083951edbaf5f30125b9a9228c07223908788f4efbf,1.0065672834125208,0.004313987678803286
weibull_softplus_unscaled@response_floor_link,uncheatable,external_development,0,-1,delphi_3e18_39bucket:593cd68cc1f7693b8781f426fd8bf633d814852c98cef69f1dc0e05aa749a4a8,1.039619334509954,0.004384226081701047
weibull_softplus_unscaled@response_floor_link,uncheatable,external_development,0,-1,delphi_3e18_39bucket:5969f449d772b308738c1973bb8124a9388da3145bdcd4dbf580903e8aa5ae45,1.0109788141194473,0.003957845854733899
weibull_softplus_unscaled@response_floor_link,uncheatable,external_development,0,-1,delphi_3e18_39bucket:5a6c87e0a035e4d18b7e137b2cc16b00806f8d1ef126cc1b3e98ec648866cd95,1.0132981348291532,0.0037255382116988312
weibull_softplus_unscaled@response_floor_link,uncheatable,external_development,0,-1,delphi_3e18_39bucket:5a988330e74f91960f06cf673b3d4fb431b8fa721e3c7765a95b86088e8b3640,1.0381916513949525,0.004279116421550533
weibull_softplus_unscaled@response_floor_link,uncheatable,external_development,0,-1,delphi_3e18_39bucket:5a9ed51807418fe4ffaa4a95d2420907cd771b791ccbe7a8b543f2adf9061a8e,1.0388550753949994,0.004468577391026965
weibull_softplus_unscaled@response_floor_link,uncheatable,external_development,0,-1,delphi_3e18_39bucket:5bab89a350083bbb82d43430d716a115110122a55cabce94a4c485ba7cfc7890,0.9947856378475164,0.004236319890925671
weibull_softplus_unscaled@response_floor_link,uncheatable,external_development,0,-1,delphi_3e18_39bucket:5baf1bd5753c211b529cb2dfdeb4556a9e7d9e60dca85172f893af225d6a49b6,1.0378073151295757,0.004497515494360005
weibull_softplus_unscaled@response_floor_link,uncheatable,external_development,0,-1,delphi_3e18_39bucket:5d327ac229879291117268bc6336e58c8152465241259a6f06a7977096c2cbab,1.0059446718601741,0.007987637324091051
weibull_softplus_unscaled@response_floor_link,uncheatable,external_development,0,-1,delphi_3e18_39bucket:5d3c191f384bc2fdb869709ada4835079a8ea387a239c05a383b6d50feb82419,1.0850312486738,0.008164227898209727
weibull_softplus_unscaled@response_floor_link,uncheatable,external_development,0,-1,delphi_3e18_39bucket:5d81c990ff3f85d604963810f29b83410738a33c030bdad16230497701c673cc,1.0026572878634523,0.0033724750599055165
weibull_softplus_unscaled@response_floor_link,uncheatable,external_development,0,-1,delphi_3e18_39bucket:5da4a1f0602a1c573a15377a4719b3b792d3be63656c74bcdef8bd988e67c292,0.9956239918795151,0.005101959188067727
weibull_softplus_unscaled@response_floor_link,uncheatable,external_development,0,-1,delphi_3e18_39bucket:5df7ed0b68454fcec31de8326a1e4b7f97af17db946f06b0c2c6be55a0a58023,1.0608533022255386,0.0039671659647870575
weibull_softplus_unscaled@response_floor_link,uncheatable,external_development,0,-1,delphi_3e18_39bucket:5e82fa8032d14849cb8dc9fd8900615e0f644f4dcc5f56d9fdcb7be65d280bd9,1.0382351636898197,0.004548966733821757
weibull_softplus_unscaled@response_floor_link,uncheatable,external_development,0,-1,delphi_3e18_39bucket:5f70df28cce5d870961ea81fd9171415d174214efb666d244008771b3f8a8132,0.9976762771885301,0.004033227326065132
weibull_softplus_unscaled@response_floor_link,uncheatable,external_development,0,-1,delphi_3e18_39bucket:5f8f1118125ab64ed7032396f431fe7a879ad10627850bcd4cebb2b9c12c9c22,1.0376450629554768,0.004472196276041809
weibull_softplus_unscaled@response_floor_link,uncheatable,external_development,0,-1,delphi_3e18_39bucket:5fa5cf047ffb05b34ab17af47ca76b8ed3cf45d172b6ee69c5619c55231222bc,1.037218844085159,0.004220987074999162
weibull_softplus_unscaled@response_floor_link,uncheatable,external_development,0,-1,delphi_3e18_39bucket:5fb6419e901016333ce5c075f123385864a29743541a4465e59b81d1d53f1921,0.989023126577587,0.003265065688692149
weibull_softplus_unscaled@response_floor_link,uncheatable,external_development,0,-1,delphi_3e18_39bucket:6233cb472d97f01738aec435e826103682ccfd8390ef3bf6783341c9818b9043,1.0038045136978127,0.0036207665977181537
weibull_softplus_unscaled@response_floor_link,uncheatable,external_development,0,-1,delphi_3e18_39bucket:635528e5e2a0e881124caf31eb8cf68a81b7afe38b50630e57e736edbdd31013,1.000712467459568,0.0031389013275132135
weibull_softplus_unscaled@response_floor_link,uncheatable,external_development,0,-1,delphi_3e18_39bucket:643213b3d69a274b198c42fc5df8e2e33accfef69d26786274a4e3f0d3ff1eba,0.996179478921788,0.00396063797526559
weibull_softplus_unscaled@response_floor_link,uncheatable,external_development,0,-1,delphi_3e18_39bucket:64f4ce182df0f4dc266d00d5177554ae26d369be6d6fdc42e4020ce4c159e038,1.0128294455556286,0.004709204927494637
weibull_softplus_unscaled@response_floor_link,uncheatable,external_development,0,-1,delphi_3e18_39bucket:657cba1c0ea3a729af39bff18b4377567929bd7f9ece5bd5dd9fe573efdf1846,1.0499810045833193,0.004011069878129421
weibull_softplus_unscaled@response_floor_link,uncheatable,external_development,0,-1,delphi_3e18_39bucket:65ccd2db176dadefe0a7cf70618e1e83b58fd25b8cdb66dafce02ef9cc006744,1.0387433813156859,0.004976831902247701
weibull_softplus_unscaled@response_floor_link,uncheatable,external_development,0,-1,delphi_3e18_39bucket:65d781957ad30514765e476d9aef03613f438cb06683bdb6e47eeadeb5f9a3d0,1.036791367365125,0.004326590693881163
weibull_softplus_unscaled@response_floor_link,uncheatable,external_development,0,-1,delphi_3e18_39bucket:661739490c9b84b6c95c10cd02b37a24bbca1d52fa7a8b7e180f2963642f363a,1.0398008804130572,0.0047234010985145285
weibull_softplus_unscaled@response_floor_link,uncheatable,external_development,0,-1,delphi_3e18_39bucket:665264aa06d922541d30ea5dffa5ab727ff9eecc9ba769dc6409f816a5ea281e,1.033680937403821,0.003920524344583892
weibull_softplus_unscaled@response_floor_link,uncheatable,external_development,0,-1,delphi_3e18_39bucket:6683ff87838073a568adf59ff7c6498c94372836209739b03bbd5d504c540273,1.0377878094908257,0.004396226594891248
weibull_softplus_unscaled@response_floor_link,uncheatable,external_development,0,-1,delphi_3e18_39bucket:67219c03d0898c3bde8548203483153b8dab3ed4fff577a865554213c097934e,1.013234647456536,0.0045105957606571415
weibull_softplus_unscaled@response_floor_link,uncheatable,external_development,0,-1,delphi_3e18_39bucket:67c596ca345b4ee037b293caa94b2bf053cca70944eb5962eb9081967b56c5a1,1.0538274732252937,0.005221629270142108
weibull_softplus_unscaled@response_floor_link,uncheatable,external_development,0,-1,delphi_3e18_39bucket:6804300e425006b08f97520a7f6c9bba13378a0b6b02edcbfec5611e5ca0c44d,1.0073164833704198,0.0029935342988365193
weibull_softplus_unscaled@response_floor_link,uncheatable,external_development,0,-1,delphi_3e18_39bucket:68195b7435e250fecfae0a4a43494aec7a31a5058003835e9123c0d9e17c5779,1.0379496504651209,0.004533000720323528
weibull_softplus_unscaled@response_floor_link,uncheatable,external_development,0,-1,delphi_3e18_39bucket:685f65df9a5d97bc32080e3b868a666285be0939d78e0a811d378657ee757244,0.9945191479606647,0.005477070197154009
weibull_softplus_unscaled@response_floor_link,uncheatable,external_development,0,-1,delphi_3e18_39bucket:6a6a57cc90489b1821b2d65721b9c2e1d907405a1cb08fb12b0a637f75a245c7,1.050321658201532,0.004339149654836515
weibull_softplus_unscaled@response_floor_link,uncheatable,external_development,0,-1,delphi_3e18_39bucket:6b35fe0f0f1836e028d532783d26a896a624c7a1b735b664c912826d6046ade7,1.0382170895981622,0.004532482577695145
weibull_softplus_unscaled@response_floor_link,uncheatable,external_development,0,-1,delphi_3e18_39bucket:6be8998407711e41d66a8387ce4264ca2d324918221eafcce587dcead56348cf,1.003992388251002,0.003327484240742104
weibull_softplus_unscaled@response_floor_link,uncheatable,external_development,0,-1,delphi_3e18_39bucket:6c651e55ddca05236b7de3e3673e1b135e1bafa15edb691f8d6ccfe12505a49c,1.0080582976542038,0.004014961028500254
weibull_softplus_unscaled@response_floor_link,uncheatable,external_development,0,-1,delphi_3e18_39bucket:6eff5c2c6d0c6033485ec4cb97a6edae6de89063ea34c89f669ff4e4e0629eea,1.0439335950683883,0.004463145746852033
weibull_softplus_unscaled@response_floor_link,uncheatable,external_development,0,-1,delphi_3e18_39bucket:6f2ceecb1630469201c7035fa1c46b5e3575989940074cd8c176f47a5250cda2,1.0411780913131188,0.00443122090321589
weibull_softplus_unscaled@response_floor_link,uncheatable,external_development,0,-1,delphi_3e18_39bucket:6f5f12ad402436790f3d03055f3eb56f3931fe179faa1d08d6bfed2b23726d8d,1.0139545780472248,0.0068259356801616475
weibull_softplus_unscaled@response_floor_link,uncheatable,external_development,0,-1,delphi_3e18_39bucket:7085b12019ff35a054c005d424eb8596134e288c7ecaa2596bb4b5711eb66326,1.0076076414157016,0.004265630787670397
weibull_softplus_unscaled@response_floor_link,uncheatable,external_development,0,-1,delphi_3e18_39bucket:7132c13eee4b70ca34a33f9a9ae7366f1bfa0fced8aaf9fa0323bc319b97506a,1.0425509276348386,0.0042309490421441115
weibull_softplus_unscaled@response_floor_link,uncheatable,external_development,0,-1,delphi_3e18_39bucket:71eb42d48f6b6a336390c690ce1e47364dfe485e2a4f06e168075c88b0def0a9,1.0853226622537124,0.007449798084917203
weibull_softplus_unscaled@response_floor_link,uncheatable,external_development,0,-1,delphi_3e18_39bucket:73b73bcfae2235917fe2f1124d67bf7e8f4de12dc6dcc34da1357fa35965dccd,1.039722096437076,0.004608725030927107
weibull_softplus_unscaled@response_floor_link,uncheatable,external_development,0,-1,delphi_3e18_39bucket:73e4938531467186d1056d6cf58b170c580574db409beae1e74fb1f8405d458a,1.0386527834358896,0.004432862616379669
weibull_softplus_unscaled@response_floor_link,uncheatable,external_development,0,-1,delphi_3e18_39bucket:742dd349c1fbc18af63f516a37aaff216490071ad5e744e3cf744b4b49367d40,1.0464145131545972,0.004427535820605536
weibull_softplus_unscaled@response_floor_link,uncheatable,external_development,0,-1,delphi_3e18_39bucket:74bdb4e6f472459381f30133f60e19e24a54f6c7d8a9fc845b5471d668934b4d,1.027082660061748,0.004632329528056297
weibull_softplus_unscaled@response_floor_link,uncheatable,external_development,0,-1,delphi_3e18_39bucket:779582b98316a575f87b769bfc22d3510587f0f16a442ad2616825ec6f00f94d,1.0382121819315386,0.00443349805416974
weibull_softplus_unscaled@response_floor_link,uncheatable,external_development,0,-1,delphi_3e18_39bucket:789182d5189317aa9b8640cc1bce52e2c170dc32657677d3a4108620bcbb7f05,1.0419506099579436,0.004644986132427711
weibull_softplus_unscaled@response_floor_link,uncheatable,external_development,0,-1,delphi_3e18_39bucket:78b2e8346a4519dfef462b8376a77bc4e1d601f8933e6641020cf0eb7e48efc0,1.0240881123106853,0.004273335929725838
weibull_softplus_unscaled@response_floor_link,uncheatable,external_development,0,-1,delphi_3e18_39bucket:79342538155564afca7e514f857df1aab57ae43c2a727fc37d051d30c6d25bbd,1.0651976059815262,0.004909316427027756
weibull_softplus_unscaled@response_floor_link,uncheatable,external_development,0,-1,delphi_3e18_39bucket:79b7dc536837224e4eff768fb8683996c85a942a48afb91148b576ea01130da8,1.0391367919726968,0.0036960541270475125
weibull_softplus_unscaled@response_floor_link,uncheatable,external_development,0,-1,delphi_3e18_39bucket:79faa6a5b2de9e64c364af44aaa762e31a637c87c7c6d57002f957ef71cbeb84,1.0041245926011473,0.0032517759820606803
weibull_softplus_unscaled@response_floor_link,uncheatable,external_development,0,-1,delphi_3e18_39bucket:7a8a1571857b7cc2f62797b819c02b7601a261a232ede9b2b2a40a8e02631529,1.0382962372438085,0.004988821327786751
weibull_softplus_unscaled@response_floor_link,uncheatable,external_development,0,-1,delphi_3e18_39bucket:7ab74cb0c3631183b76fefb3117496ce670fa45cf520e299bb7f3bce074e8658,1.0731843884319594,0.003763944490425421
weibull_softplus_unscaled@response_floor_link,uncheatable,external_development,0,-1,delphi_3e18_39bucket:7c9cf8d99e2a20bfcf7060b220169c9ae7c13a5c2cfaa96022cc97b063759fec,1.0090158042949917,0.004239139308073445
weibull_softplus_unscaled@response_floor_link,uncheatable,external_development,0,-1,delphi_3e18_39bucket:7d6e5bdf2421a78af620ea6ac7975078e405a629c7642ced529ef76b1f6bba54,1.0410226364089015,0.00975489996242884
weibull_softplus_unscaled@response_floor_link,uncheatable,external_development,0,-1,delphi_3e18_39bucket:7e50a540822cd1f63f18761885d1cd012c7c060ebeb687febf7e9be0ca69e06f,1.0424486072889505,0.004661711031858921
weibull_softplus_unscaled@response_floor_link,uncheatable,external_development,0,-1,delphi_3e18_39bucket:7e55a3661a634ab042b0d907f35856d18f479e608ad474942aa5a6ecf7f9f033,1.001280944417572,0.0035633444788463553
weibull_softplus_unscaled@response_floor_link,uncheatable,external_development,0,-1,delphi_3e18_39bucket:7ea661be2a7587559cb8925e1eb21820cb040c4cd7a883b0f24803c308d3fb41,1.0038999798316084,0.003130358171474081
weibull_softplus_unscaled@response_floor_link,uncheatable,external_development,0,-1,delphi_3e18_39bucket:7ed367f16179f0147cfe76808f461bb876363b57665b8e5485529577f7dd5210,0.9963787829887645,0.004695713055206404
weibull_softplus_unscaled@response_floor_link,uncheatable,external_development,0,-1,delphi_3e18_39bucket:80b7399fe369d7309377bca271430df48654b77c59f6f9809f09f49a62c14c95,0.9926320702764111,0.0056687731379681085
weibull_softplus_unscaled@response_floor_link,uncheatable,external_development,0,-1,delphi_3e18_39bucket:80c15a27d3c6defe26f889f7936ebab693f93a38ab4040725e65f243f2688f9e,1.0607546184074397,0.00411713772819226
weibull_softplus_unscaled@response_floor_link,uncheatable,external_development,0,-1,delphi_3e18_39bucket:80cd1b3538923f0a877e5c9e8a78b526e337a71951c52c3ed2fabe91e7daeb69,0.9973323334761512,0.005052597045430976
weibull_softplus_unscaled@response_floor_link,uncheatable,external_development,0,-1,delphi_3e18_39bucket:80ef0b613e000a82657443770642af353463be1258804e7d9a261d13e6d4476b,1.0290535738828246,0.009462326357237396
weibull_softplus_unscaled@response_floor_link,uncheatable,external_development,0,-1,delphi_3e18_39bucket:81329096cd24fadc9f75ffda9d87c90de1dd4f27e19160c1a0ab25986bc2213e,1.0041839583010446,0.003333055406559889
weibull_softplus_unscaled@response_floor_link,uncheatable,external_development,0,-1,delphi_3e18_39bucket:81cb45a36b39811750d0ff0f4375bddfcf30514d23437ee76f5f2fb9aeef22de,0.9975489510356222,0.003847670327509512
weibull_softplus_unscaled@response_floor_link,uncheatable,external_development,0,-1,delphi_3e18_39bucket:83255fbba7f49b8b85c42635b9dfbb84761b39c2df55f527fecbf415d75bdb19,0.9818383375863706,0.004018899425514701
weibull_softplus_unscaled@response_floor_link,uncheatable,external_development,0,-1,delphi_3e18_39bucket:834ca3cc6431aa04fe7c1039a47a2b6cb51197eca105e28b5fdd395b13a59c18,1.037359141106281,0.004731411452343532
weibull_softplus_unscaled@response_floor_link,uncheatable,external_development,0,-1,delphi_3e18_39bucket:848ee17fdc86ef605e6b967b8be1b2327ef85ba9fcd80de8caf8ec6cb2bfae35,1.0438841413525353,0.004313251427171976
weibull_softplus_unscaled@response_floor_link,uncheatable,external_development,0,-1,delphi_3e18_39bucket:851897897f6a702a132a53ae8f04f9f597629831dfbe696325a3cb4810870279,1.0395332210541797,0.004276401477239931
weibull_softplus_unscaled@response_floor_link,uncheatable,external_development,0,-1,delphi_3e18_39bucket:85cf736312d9c54d30d33e799831eace88d4de508ed9795dc06bd89296394ffd,1.0021451944936377,0.0027443330565368367
weibull_softplus_unscaled@response_floor_link,uncheatable,external_development,0,-1,delphi_3e18_39bucket:86420d557a137f4d0cf021827bb1dfd00123496c140b53f73d1886b1fcfec8be,1.0389038264848525,0.004523334614467239
weibull_softplus_unscaled@response_floor_link,uncheatable,external_development,0,-1,delphi_3e18_39bucket:869e1d284e219525aaf5d7d275906629688a62da31308f8af724cf8e4e5d9f87,1.003109721077363,0.003143135488857783
weibull_softplus_unscaled@response_floor_link,uncheatable,external_development,0,-1,delphi_3e18_39bucket:87080ec1cfff7cc2b32c2fdc42c41a6796e01bcbfb8616fe6e2dde53b69a4109,1.0719166449333908,0.006406587774571146
weibull_softplus_unscaled@response_floor_link,uncheatable,external_development,0,-1,delphi_3e18_39bucket:8742e8c2e0296f55b1c137dd55f16cb74ac4383a6910e9d287ebe64de86fef97,1.0046746839408875,0.004668523812034667
weibull_softplus_unscaled@response_floor_link,uncheatable,external_development,0,-1,delphi_3e18_39bucket:8764bd229418c70dbbe599973cafc92f4d5c6b32008b9660f4dc1c2b9ea05ee6,0.993309016148316,0.004456655468719758
weibull_softplus_unscaled@response_floor_link,uncheatable,external_development,0,-1,delphi_3e18_39bucket:87837653d9cdc600c37c55a28dbdbbafffdc6e81c912de2423ff4dd6118f5f0a,1.0369380693333823,0.004624055545910675
weibull_softplus_unscaled@response_floor_link,uncheatable,external_development,0,-1,delphi_3e18_39bucket:8784616bf6a6f4416513634feed4c1d09697d7626e853b9132f5d5b1a5ec5286,1.0391660163106962,0.004561972459012157
weibull_softplus_unscaled@response_floor_link,uncheatable,external_development,0,-1,delphi_3e18_39bucket:87be168549724da95ae6d032411d12303a0ae7fc9c2ecc38ead4f252668fcd3d,1.0442210597462809,0.004536648246333296
weibull_softplus_unscaled@response_floor_link,uncheatable,external_development,0,-1,delphi_3e18_39bucket:886ef9a3b6898b33d1cbfe224fde8ae46669dd21b00953a088e52e85aea29e34,1.055762349925025,0.004487774155999014
weibull_softplus_unscaled@response_floor_link,uncheatable,external_development,0,-1,delphi_3e18_39bucket:888cfaf89d4295f594e70e228c529e053cfd95543a8db5dfe5873174591305d6,0.9983270580268895,0.004486041242525317
weibull_softplus_unscaled@response_floor_link,uncheatable,external_development,0,-1,delphi_3e18_39bucket:88da80acdbb077326baf06c1ee5ed44df4ccf2d1c95d0225144a1ef721799941,1.037613032287776,0.004497434218486077
weibull_softplus_unscaled@response_floor_link,uncheatable,external_development,0,-1,delphi_3e18_39bucket:8910b0578fdda4c18bd7e50f1db6f6ae52d07ac262aa4cb6226715890111fba5,1.0408076217038822,0.0033070236773051504
weibull_softplus_unscaled@response_floor_link,uncheatable,external_development,0,-1,delphi_3e18_39bucket:8a5e02daa1e8fdf2a742a34c43f9a70bb723cb9f61bc5fcfe9694679bdaca30e,1.0374840825440566,0.0044348155742998
weibull_softplus_unscaled@response_floor_link,uncheatable,external_development,0,-1,delphi_3e18_39bucket:8b6fc2228a641c15336b0a2f6243168c75a92ef85a25feac87bdbcb80fa0ce3e,0.9821878163209032,0.0038994124922319207
weibull_softplus_unscaled@response_floor_link,uncheatable,external_development,0,-1,delphi_3e18_39bucket:8baefda61a7b076070dd2fdfae9c2833cb8c470bc0be085535e8c1a510789ee8,1.0522319176074313,0.004850987282715596
weibull_softplus_unscaled@response_floor_link,uncheatable,external_development,0,-1,delphi_3e18_39bucket:8bb9f580b38a5691e7f2030d568ef8db3f7430366b33433322edc9652cacd6f5,1.0411899693628937,0.005034746656482844
weibull_softplus_unscaled@response_floor_link,uncheatable,external_development,0,-1,delphi_3e18_39bucket:8bbe93b0af46157c7aaa17bf2587b4a436032d818670734d30f256fccaef3ed1,1.0330905572667715,0.00443796534894429
weibull_softplus_unscaled@response_floor_link,uncheatable,external_development,0,-1,delphi_3e18_39bucket:8bd59c49ec1cdc852b27915a9a7ac596f0f8a73500f6591ee9c6557d34bd8c27,1.0373223853093192,0.004490464009448232
weibull_softplus_unscaled@response_floor_link,uncheatable,external_development,0,-1,delphi_3e18_39bucket:8c377f234db2429719cde7dad4993aee8d5ba1a1b9fc4bb1edecd7ce3c71c7ba,1.040489921909171,0.004345021387127155
weibull_softplus_unscaled@response_floor_link,uncheatable,external_development,0,-1,delphi_3e18_39bucket:8d8d29d13a22ae384d9c1d2602fbdc405a2944615cac1839a8fed0a4f1cf92cd,1.0346278197823287,0.006019537971634088
weibull_softplus_unscaled@response_floor_link,uncheatable,external_development,0,-1,delphi_3e18_39bucket:8e07c6e265071fba3115ceab986006dd4518361d77cde815c233b3b70a3ffdc0,1.0369161807168437,0.004500982217117356
weibull_softplus_unscaled@response_floor_link,uncheatable,external_development,0,-1,delphi_3e18_39bucket:8ed5f5516a187a4a2554d9c9c8146015a7f00b116e579433a44c39a9c8006f31,0.9997721851618091,0.004655267037074673
weibull_softplus_unscaled@response_floor_link,uncheatable,external_development,0,-1,delphi_3e18_39bucket:8ef412ceada2d7ce755116002b185f9a484e1bd67269fffa0bb96a36e49f1b57,1.0018791189528773,0.003584750720827728
weibull_softplus_unscaled@response_floor_link,uncheatable,external_development,0,-1,delphi_3e18_39bucket:8f9d336e61271fad2de609d91cff46986aa0a18d154f1bb47311d58529798e70,0.998862131319344,0.004050396045894805
weibull_softplus_unscaled@response_floor_link,uncheatable,external_development,0,-1,delphi_3e18_39bucket:8fd1ba3a337f5601be326ee3fa5f02778374cd45763940f906a747ef581271a2,1.0072899220527227,0.004117449616476822
weibull_softplus_unscaled@response_floor_link,uncheatable,external_development,0,-1,delphi_3e18_39bucket:90dba2fc8d83436f4853eb165d137a40b833acc83db632ba583aa912e43b733d,0.9981580124191914,0.004193028783978877
weibull_softplus_unscaled@response_floor_link,uncheatable,external_development,0,-1,delphi_3e18_39bucket:90f52ac0608eb5e98056e42a1f2c4baf179f331a5a38fab70ead512319850a58,0.9931474227963604,0.005462254631796803
weibull_softplus_unscaled@response_floor_link,uncheatable,external_development,0,-1,delphi_3e18_39bucket:915788dcc658ef8459d4fe90196613e360eb9a4655570e26ccf506b5a28854fa,1.0004862234845573,0.0038741124057848544
weibull_softplus_unscaled@response_floor_link,uncheatable,external_development,0,-1,delphi_3e18_39bucket:91ab6eb5ae7849b9e87fba2106c491587834053d24b5391eedf4835d5a9ceefb,1.0387917922509784,0.0044358313055702665
weibull_softplus_unscaled@response_floor_link,uncheatable,external_development,0,-1,delphi_3e18_39bucket:937f2ad80bf81c490b47d4ffa2a834687d935ca5b8d1aac556126ed037de7674,1.024428804823958,0.005419683705294359
weibull_softplus_unscaled@response_floor_link,uncheatable,external_development,0,-1,delphi_3e18_39bucket:9402f0aef28710392a371f6c2d00b98a0838d825536798d42069e950307c4c99,0.9829666678902346,0.0039014596256474973
weibull_softplus_unscaled@response_floor_link,uncheatable,external_development,0,-1,delphi_3e18_39bucket:970c37b900cddf2525317a138fb131ccad6daea8791d001f37f7afb455709750,1.028717187633633,0.004233604930175808
weibull_softplus_unscaled@response_floor_link,uncheatable,external_development,0,-1,delphi_3e18_39bucket:97a9a5ebb9cef7528b5a1da0e741881159e16d17debe1bae0a412102ad3ef173,0.9840278060339649,0.00452244923650278
weibull_softplus_unscaled@response_floor_link,uncheatable,external_development,0,-1,delphi_3e18_39bucket:99a1fe189ce40a2f048415cf2c9d05a5d0869a5118c2c936a4376cb325c23e68,0.9926770352692956,0.005669386301769334
weibull_softplus_unscaled@response_floor_link,uncheatable,external_development,0,-1,delphi_3e18_39bucket:9a343b0b93b0bad4f87152437bb40a403f7be5b9f572cfae5e7703e50bc7093a,1.0825766399348478,0.0050646569250729365
weibull_softplus_unscaled@response_floor_link,uncheatable,external_development,0,-1,delphi_3e18_39bucket:9a66aeb4da20d6cb985f60b618c35fa92cb849c3995c7701c5b8b9785a935f95,1.0390994466710968,0.004416973925197505
weibull_softplus_unscaled@response_floor_link,uncheatable,external_development,0,-1,delphi_3e18_39bucket:9b478f9223e98b33f203281ad106af33651a711905e81c6425afe46d362783dd,0.9963106994779016,0.004771576991957379
weibull_softplus_unscaled@response_floor_link,uncheatable,external_development,0,-1,delphi_3e18_39bucket:9b5151b872ae7af3e6ea7b0848ca27f2df40cf9db2959053862a77d7bb2ce64a,1.0385765237442988,0.004491868593006252
weibull_softplus_unscaled@response_floor_link,uncheatable,external_development,0,-1,delphi_3e18_39bucket:9c6db70647e13c5852166d57e3fc232c7b5e9b140a9ad0d9b86579435f1b927e,1.039094322048288,0.0045134524334832
weibull_softplus_unscaled@response_floor_link,uncheatable,external_development,0,-1,delphi_3e18_39bucket:9cb37ee04e914fba68e7aa6ea382c6a5dcc2b405ec78b251b537abc8f70b15f2,1.1133858047466592,0.007064801018791895
weibull_softplus_unscaled@response_floor_link,uncheatable,external_development,0,-1,delphi_3e18_39bucket:9d67ecf7ca42caa8c17072acc340447c75d621fa7f6328d104f5c9aaeb7ec6e0,1.0053905544612127,0.0031514582533518705
weibull_softplus_unscaled@response_floor_link,uncheatable,external_development,0,-1,delphi_3e18_39bucket:9dd4959b60a619086be7a961944fc3ecdd885a9e689014e9469cefc96b05d519,1.04289917194283,0.004242353725362232
weibull_softplus_unscaled@response_floor_link,uncheatable,external_development,0,-1,delphi_3e18_39bucket:9e9c69194eb0212d58b2cd82c37cfb3cd0425cc53145c90e62e8fdaa0146b72c,1.06912510200488,0.005025901518315768
weibull_softplus_unscaled@response_floor_link,uncheatable,external_development,0,-1,delphi_3e18_39bucket:a06702de740002664665137e4b38e0b8da850b54fa2b60043b07648bc7865e0d,1.0398173260599837,0.004512083241290348
weibull_softplus_unscaled@response_floor_link,uncheatable,external_development,0,-1,delphi_3e18_39bucket:a0bbc1f698c1a18d7f21e9791cce50f2a1d00723e1a937c8b85e7b03774f3749,1.0384558558733992,0.0044737521757839205
weibull_softplus_unscaled@response_floor_link,uncheatable,external_development,0,-1,delphi_3e18_39bucket:a112249e06f01c4b89fb7ab08cab57efeda282d92742f4cc252467705cf190b3,0.9961006580599084,0.0038908177707364577
weibull_softplus_unscaled@response_floor_link,uncheatable,external_development,0,-1,delphi_3e18_39bucket:a1a917b1981fc2cad2c2759dccf963b51fb941fd9816c49087f7b119545d4161,1.0039015415253492,0.003614098159558879
weibull_softplus_unscaled@response_floor_link,uncheatable,external_development,0,-1,delphi_3e18_39bucket:a1f87c7627ab9c948d93247605933c7e9d12b8ea41ba1996c0c22c23f0c60e1e,1.0392411609253487,0.004493164564268557
weibull_softplus_unscaled@response_floor_link,uncheatable,external_development,0,-1,delphi_3e18_39bucket:a25dabb3c98aa39ea49c61f7537a84bdce96e8f918213f095826eb4df2bfcd91,1.037169897813568,0.004174831223484449
weibull_softplus_unscaled@response_floor_link,uncheatable,external_development,0,-1,delphi_3e18_39bucket:a2e9ef04947000c42a5fce44f079afd6c9a82405871f0ae796e3a23c09bdcd60,1.0940468985556024,0.01590198806038232
weibull_softplus_unscaled@response_floor_link,uncheatable,external_development,0,-1,delphi_3e18_39bucket:a315b6115cd413de8d5e39509e9b2bcb130fb31b515f2b998f7a274d483f99de,1.0381049630778134,0.0043861365003162785
weibull_softplus_unscaled@response_floor_link,uncheatable,external_development,0,-1,delphi_3e18_39bucket:a33494886bea818345f1c4e736142dd31e9b8963c77dda49d14b97936f38ad95,1.0209835911970826,0.00487808446166352
weibull_softplus_unscaled@response_floor_link,uncheatable,external_development,0,-1,delphi_3e18_39bucket:a446352f8ea28f09e4c49fbb12b233c435b553f9d70c492c7073b7bf49c30026,1.007325997110265,0.003876829526608721
weibull_softplus_unscaled@response_floor_link,uncheatable,external_development,0,-1,delphi_3e18_39bucket:a4464fbeb7558934945cefd27711b340531f10f3393f5ab055b29227f11a2f02,1.0369776998822582,0.004508153525787431
weibull_softplus_unscaled@response_floor_link,uncheatable,external_development,0,-1,delphi_3e18_39bucket:a49233d8ca277189ab0cffa6075e2cba9b34d183388b505c02e9a17d70d7b1a8,1.0302570647308684,0.00420961620857535
weibull_softplus_unscaled@response_floor_link,uncheatable,external_development,0,-1,delphi_3e18_39bucket:a570734958ce849cebca1348408f996861bd51f2f76876b6595f3aa361d871f5,0.9906889708381259,0.004205531696891994
weibull_softplus_unscaled@response_floor_link,uncheatable,external_development,0,-1,delphi_3e18_39bucket:a64059ebf6ac3d0875b9f311b2e3e574ff090986e2a18e0768c17721dee9a572,1.0446484564639436,0.004536624790627347
weibull_softplus_unscaled@response_floor_link,uncheatable,external_development,0,-1,delphi_3e18_39bucket:a65d5c88e37d14e7e1c7bc24772a174122d7735d5bb9401952c2c43a9e52bcb0,1.0388721723357808,0.004464898864203105
weibull_softplus_unscaled@response_floor_link,uncheatable,external_development,0,-1,delphi_3e18_39bucket:a6f8ee66180ee4f314eaefad2d4a4d32b2dca4cca30189c172ec69c8e429a20f,1.0075676788173942,0.004866519878753843
weibull_softplus_unscaled@response_floor_link,uncheatable,external_development,0,-1,delphi_3e18_39bucket:a8c855f7247f4bb844661b84227e13a55c58f2bdeda554bdaadb6541e5fd19bc,1.0394268250939582,0.004505205983107897
weibull_softplus_unscaled@response_floor_link,uncheatable,external_development,0,-1,delphi_3e18_39bucket:a9443e4734c22f757147884341c62ae38299464729f87ed9ebc619cf23b893a1,1.0373892273903096,0.004473816668117906
weibull_softplus_unscaled@response_floor_link,uncheatable,external_development,0,-1,delphi_3e18_39bucket:a96abbfe9e29b29f06fdb9be2935742296725f23def7ac46e67be6129f5ca741,1.060091589325014,0.004274601706931168
weibull_softplus_unscaled@response_floor_link,uncheatable,external_development,0,-1,delphi_3e18_39bucket:a98036a6d9c1a1c7fb42982be7cae6f1e1d167bb4c7f7e78ebb546027f1e558f,1.0421315666545001,0.004259835172848622
weibull_softplus_unscaled@response_floor_link,uncheatable,external_development,0,-1,delphi_3e18_39bucket:a9fad6c5f1a36df4b0cd5664cd0bb595654bf66783a68cba6267d2877016bdfc,1.005483524718377,0.007440921232648321
weibull_softplus_unscaled@response_floor_link,uncheatable,external_development,0,-1,delphi_3e18_39bucket:aaabe532cd33109c14120ccd2d5f0e2d56bd18382aaad7be18cdb28330125142,0.9992590242168773,0.003258651570446682
weibull_softplus_unscaled@response_floor_link,uncheatable,external_development,0,-1,delphi_3e18_39bucket:abbb4c8d6968fb6ed79c1966d74bed13487aa096585bb6b17f377885c682253b,1.0932356472540792,0.007154845722629237
weibull_softplus_unscaled@response_floor_link,uncheatable,external_development,0,-1,delphi_3e18_39bucket:acf47cd01afab11ff0fcb7160374abce76a2944fe7a7540d228c251e9321640d,0.9956541405192316,0.004040851679005109
weibull_softplus_unscaled@response_floor_link,uncheatable,external_development,0,-1,delphi_3e18_39bucket:ad6cc7dabe4a5d5d4ba13920311e4ef81127a10801519d719266222379ae77b0,1.017221920377351,0.003503132992863464
weibull_softplus_unscaled@response_floor_link,uncheatable,external_development,0,-1,delphi_3e18_39bucket:ae0dded03badca9af71c45d67446f487f2de6f1c7152b6c1a2d3ecada8a9d714,1.037092569942729,0.004509885945762151
weibull_softplus_unscaled@response_floor_link,uncheatable,external_development,0,-1,delphi_3e18_39bucket:aeda5764b036cc36a476e458c4e1694138347c0c0a1c32ba56e16b7ce7f3a535,1.060456653279695,0.003099998212529466
weibull_softplus_unscaled@response_floor_link,uncheatable,external_development,0,-1,delphi_3e18_39bucket:af23052e9bb0568d854252c7e9d912d01127effa106d2a440fdce6cbb8742532,1.0016901070202113,0.003707581410564616
weibull_softplus_unscaled@response_floor_link,uncheatable,external_development,0,-1,delphi_3e18_39bucket:afa7f9d2a6f67b5b722977318dc8a6e962bfa28bfccde83b219c44fa7eb9c05c,1.0387132898271672,0.004556798662274817
weibull_softplus_unscaled@response_floor_link,uncheatable,external_development,0,-1,delphi_3e18_39bucket:b0cb7fc00e70c87e1210c38349ab8e80c514b61f5bf14e6e4d3a1e054d88183c,1.0018133949583488,0.0037325089665635153
weibull_softplus_unscaled@response_floor_link,uncheatable,external_development,0,-1,delphi_3e18_39bucket:b1168e54ae7e32586bd89eeaf38a318cd349cbd8750efb93612a79f756b5f1f7,1.0394947714537173,0.004499313888948793
weibull_softplus_unscaled@response_floor_link,uncheatable,external_development,0,-1,delphi_3e18_39bucket:b24484975c0fdb42bc7d421c371e91d35f685b6538fffc7050e857d97e5348ff,1.0075272591323505,0.003644667988492832
weibull_softplus_unscaled@response_floor_link,uncheatable,external_development,0,-1,delphi_3e18_39bucket:b284b63dfdbaa4d3a41a6cf73e5e7366a85962b9ae5dd51f141c10c51a17444f,1.0437801246026064,0.0028220997137607673
weibull_softplus_unscaled@response_floor_link,uncheatable,external_development,0,-1,delphi_3e18_39bucket:b2e9ddb8f35e322ed0b092df87cdc78e620b2de7818b2a7c9891ff0e9a2b2203,0.9833234597330651,0.003790093279594813
weibull_softplus_unscaled@response_floor_link,uncheatable,external_development,0,-1,delphi_3e18_39bucket:b3c3cd22e3dae4f77235a1bb86fcf08ae715bc018b78109510794e1bfbbec0d2,1.0124431342005096,0.0045127739809102145
weibull_softplus_unscaled@response_floor_link,uncheatable,external_development,0,-1,delphi_3e18_39bucket:b4019bdf109781eac2e9182593f4f84c5c51635d447918682e7ed12d25efdf1b,1.0378369829451652,0.0045373633718628695
weibull_softplus_unscaled@response_floor_link,uncheatable,external_development,0,-1,delphi_3e18_39bucket:b49abfda63831b53ca2aab365cc35c3e6cd1bc8420b1e0028f54bd7f8961b11f,1.0383871273519327,0.004002407559568263
weibull_softplus_unscaled@response_floor_link,uncheatable,external_development,0,-1,delphi_3e18_39bucket:b4db7f9f5c435c1903537d5c944758a1e93d54c6a0fa3ddd19122f4e7b7298a0,1.0023779719382804,0.0034688219261643123
weibull_softplus_unscaled@response_floor_link,uncheatable,external_development,0,-1,delphi_3e18_39bucket:b5ee1f40e4fe0358ac680a969cd93dfe1b00c483ee3b2d4ff4bc73bd6424437b,1.0881388437668928,0.009504868891921219
weibull_softplus_unscaled@response_floor_link,uncheatable,external_development,0,-1,delphi_3e18_39bucket:b6430b97f099d96863ae8ad7779c1bddc164c591ab12cc5ea266142e19a7cdfd,1.0376954987520048,0.004475520075007687
weibull_softplus_unscaled@response_floor_link,uncheatable,external_development,0,-1,delphi_3e18_39bucket:b6667136b81fbf1c226a8cff4ee0a7b9650067bfa77ddd0dae276509b612ea9d,1.0353998403344498,0.0040476024627234194
weibull_softplus_unscaled@response_floor_link,uncheatable,external_development,0,-1,delphi_3e18_39bucket:b785f71525744bfa0a8934b482dd570356bebd37292a9b70af0b1a2cf45d9e69,0.98508546248708,0.003389188943198412
weibull_softplus_unscaled@response_floor_link,uncheatable,external_development,0,-1,delphi_3e18_39bucket:b8bf59231f485a24fb35df8862c073595e1cb0cd30c999520e88797d047bfeda,1.0382610888415853,0.004540139570900508
weibull_softplus_unscaled@response_floor_link,uncheatable,external_development,0,-1,delphi_3e18_39bucket:b8c7bfd7161a0da8577d236f09c0ed25722a71943281d19f8b06065999e36ffd,1.0412288537107885,0.004374615997958738
weibull_softplus_unscaled@response_floor_link,uncheatable,external_development,0,-1,delphi_3e18_39bucket:bab1f73b1a1be66a924b70bb0fdb3a032f1ca3a1e246edb80c0f38d75143aed8,1.0377238895146381,0.00456516179222074
weibull_softplus_unscaled@response_floor_link,uncheatable,external_development,0,-1,delphi_3e18_39bucket:bb05f6aa43742ac092f7a6e36533b05e86a566f5ab7b747c98cf9c510521f22c,1.032558629533841,0.004194244526783031
weibull_softplus_unscaled@response_floor_link,uncheatable,external_development,0,-1,delphi_3e18_39bucket:bc889b21107abd278efdaad769b5ab10949627f1ec05986ab2cab83a6d126c08,1.0085951610563297,0.003392666595910322
weibull_softplus_unscaled@response_floor_link,uncheatable,external_development,0,-1,delphi_3e18_39bucket:bd84fea18d97e337ca86db382439fe7990518cd6d78bfa8837b2e317c2bcd4ae,1.0370737190317687,0.004558916976941169
weibull_softplus_unscaled@response_floor_link,uncheatable,external_development,0,-1,delphi_3e18_39bucket:bf919587f3da29d0e32d10ac8a4e6f6c80f5a696953a34e5d9856c2fce2ce46b,1.037879468469674,0.004571123711116751
weibull_softplus_unscaled@response_floor_link,uncheatable,external_development,0,-1,delphi_3e18_39bucket:bfaa7baec03312fbaf797f310dcd3f2449da03d92fbbfc7d39721ffba14fafde,1.0404337734848887,0.004516912518709068
weibull_softplus_unscaled@response_floor_link,uncheatable,external_development,0,-1,delphi_3e18_39bucket:c00c0d5d9f7b8d4f9d4a1f2f6845f4dd0f7effdd60e8da9e988daf574adff818,1.0799916926642976,0.0185465385396099
weibull_softplus_unscaled@response_floor_link,uncheatable,external_development,0,-1,delphi_3e18_39bucket:c054206f3c5615aa9b65c1b4c95b0fadd81c68829800edd74567f03e9a7344c7,1.0585191661404758,0.003094381514142199
weibull_softplus_unscaled@response_floor_link,uncheatable,external_development,0,-1,delphi_3e18_39bucket:c05a1f0d7a09bbace45fa324f3b36f15945893a87c2ef8e65fd0ec3dc505ca12,1.0369444130895271,0.0044685679872489255
weibull_softplus_unscaled@response_floor_link,uncheatable,external_development,0,-1,delphi_3e18_39bucket:c08749305f6303b7d46f8c9478053948d5c036a6450977e8de388609b95a2443,1.036785033072159,0.004635412229290963
weibull_softplus_unscaled@response_floor_link,uncheatable,external_development,0,-1,delphi_3e18_39bucket:c15c0a441754e3ca9b7ba442214315eb793714c1637ea6042915542863b4e52e,1.0370440640945757,0.004471803296673566
weibull_softplus_unscaled@response_floor_link,uncheatable,external_development,0,-1,delphi_3e18_39bucket:c2302ab8648345d0d2ed04a6a36d63bacb517001b059421011708c9eeb062a9b,1.1089759153278802,0.0026353526936514376
weibull_softplus_unscaled@response_floor_link,uncheatable,external_development,0,-1,delphi_3e18_39bucket:c25ebde7be5ebfe94bf12ac46a8dfb1fa5129c16c0776b56097d2c0b50badcf3,1.0436326070903323,0.003554677682765933
weibull_softplus_unscaled@response_floor_link,uncheatable,external_development,0,-1,delphi_3e18_39bucket:c2a96b7bef323ee258a79c3d89b1a60204189ab465b1c089c9361f2274b34cee,1.0380770438122844,0.0045533934048053
weibull_softplus_unscaled@response_floor_link,uncheatable,external_development,0,-1,delphi_3e18_39bucket:c404d7ca8f49357e32b5fe2d2331593e2c60a0fc7de1d05930f61c6534d6f758,0.9974107294195775,0.005539607057076813
weibull_softplus_unscaled@response_floor_link,uncheatable,external_development,0,-1,delphi_3e18_39bucket:c4fc6809d2c27027b17ae596b8cb3ece12ace1af46d86d143cb6eeb4b1466ed4,1.0322591089814939,0.003699792328220271
weibull_softplus_unscaled@response_floor_link,uncheatable,external_development,0,-1,delphi_3e18_39bucket:c5b98b2371c8e5cfcb49f4a4f60aff9c21930087466aee3ea9f5c9e6dedd132b,1.0392749537322965,0.004587665295848906
weibull_softplus_unscaled@response_floor_link,uncheatable,external_development,0,-1,delphi_3e18_39bucket:c5ffa8e3d7c670e959036ab38016e0e17064fa12ac2fcba643c70b1ef25297b3,0.995423590747938,0.004452605737979119
weibull_softplus_unscaled@response_floor_link,uncheatable,external_development,0,-1,delphi_3e18_39bucket:c6601f428a7e18377f34fa8ee9b58bb6a20e42c3abcadc04e7e64aef3ca82f2a,1.038476116891407,0.004476792144313361
weibull_softplus_unscaled@response_floor_link,uncheatable,external_development,0,-1,delphi_3e18_39bucket:c6cbc3ebaf486eecd75d04f449fdcc92c804765f512d2bceecde5c1aaa30dd39,1.0031370886718152,0.003546268655888294
weibull_softplus_unscaled@response_floor_link,uncheatable,external_development,0,-1,delphi_3e18_39bucket:c721e392dcf2947fea2da8fcf1ef91d058c717ffb8e74e8402734e31f22578fc,1.0668025610342513,0.0017974748767461202
weibull_softplus_unscaled@response_floor_link,uncheatable,external_development,0,-1,delphi_3e18_39bucket:c87ec77627abffb947457fe5ff94cee77dd2737df36b8233de3411db0560dfd6,1.044436776874218,0.004146628927762601
weibull_softplus_unscaled@response_floor_link,uncheatable,external_development,0,-1,delphi_3e18_39bucket:c8a7abc202e6fa1b3d7cc9e00542979084efdddd63313db5c25669da85ad2b19,1.006328284472025,0.0034294274298177366
weibull_softplus_unscaled@response_floor_link,uncheatable,external_development,0,-1,delphi_3e18_39bucket:c8a7b68f3dd8d7d2600dc1e56fb8af9e5dcb176edc162738d4eaff7b540cd53b,1.0031576838264278,0.004409582310917408
weibull_softplus_unscaled@response_floor_link,uncheatable,external_development,0,-1,delphi_3e18_39bucket:ca102ba62bbf29559c65ef5d820f9064d4e3c710e012829a4c0fd18013c5f806,1.0377577830091242,0.004561730474635945
weibull_softplus_unscaled@response_floor_link,uncheatable,external_development,0,-1,delphi_3e18_39bucket:ca5106858b9b57cf944d35ebd150b6feca9287a4f1d0cc9d182be3e623f00fa6,1.0049209237291885,0.0043507274619439314
weibull_softplus_unscaled@response_floor_link,uncheatable,external_development,0,-1,delphi_3e18_39bucket:ca69ddeae35c4c684203106971843457fd269090a8b5885ef26b440471941286,1.0417278340899279,0.004337541486489293
weibull_softplus_unscaled@response_floor_link,uncheatable,external_development,0,-1,delphi_3e18_39bucket:ca71f5d232644557d07fcacb22abf1fe46660152bebbf6ab27caf4b6998d06a8,1.0386652596315549,0.004438602925753727
weibull_softplus_unscaled@response_floor_link,uncheatable,external_development,0,-1,delphi_3e18_39bucket:cb32fd5b0fd8a23c495ee8d05996c1926f4be32607954211152e0db19572b8c9,0.995885308635074,0.003832364502789151
weibull_softplus_unscaled@response_floor_link,uncheatable,external_development,0,-1,delphi_3e18_39bucket:cb466766fe3b5296e1b15a347ff4fd4692400efc5cce4a696639c2129805162a,1.0027416390059933,0.004275091856536823
weibull_softplus_unscaled@response_floor_link,uncheatable,external_development,0,-1,delphi_3e18_39bucket:cc2d283f3d5584275c7938fd4a0fadb9bbd9543dc9b5ae965f2d87df95c479ff,1.0096644541465394,0.004002827986952584
weibull_softplus_unscaled@response_floor_link,uncheatable,external_development,0,-1,delphi_3e18_39bucket:cc8d689416c08c842058dd84255bb52de8103b71eb9f8f618204a90c83157584,1.0415671344109798,0.005613225176506363
weibull_softplus_unscaled@response_floor_link,uncheatable,external_development,0,-1,delphi_3e18_39bucket:cce19bcdfb95a772d1f465a94498e69474d7f7235d46ab401d3d0543e73f9e3b,1.037533448514874,0.00438909349132865
weibull_softplus_unscaled@response_floor_link,uncheatable,external_development,0,-1,delphi_3e18_39bucket:cd1cd78d6325f56e5c761e7042369262a032ce78f12fc6d47e4ebf1ce0894339,1.007925271898571,0.005285718467808136
weibull_softplus_unscaled@response_floor_link,uncheatable,external_development,0,-1,delphi_3e18_39bucket:cd8eec34fcd41e0cd76c6ef4d520fa83d6c6b5a1828c92c8c556ba4c806a58e7,1.0069086321024487,0.0032950211395857527
weibull_softplus_unscaled@response_floor_link,uncheatable,external_development,0,-1,delphi_3e18_39bucket:d0464cb13d27d2a18ba98c8b83432b1ae53015c4d57e01bf932603caedbbac7d,1.075264179722423,0.008058734402815406
weibull_softplus_unscaled@response_floor_link,uncheatable,external_development,0,-1,delphi_3e18_39bucket:d097ba261d98ffe38b995691fc506821678d330c54b489b4d0e645e75c5e4e2e,1.000432913538985,0.004257013842123918
weibull_softplus_unscaled@response_floor_link,uncheatable,external_development,0,-1,delphi_3e18_39bucket:d0b59aacb13e8749a0d761af5008890d6865d701d8550e40a60ca86f2e67ccb2,1.004335402266646,0.003219490367988902
weibull_softplus_unscaled@response_floor_link,uncheatable,external_development,0,-1,delphi_3e18_39bucket:d160bb3271ba96668590d3b3c7781ad51718216823831c921585a8f73ffc9cf7,1.0544099457400193,0.0045912954262812364
weibull_softplus_unscaled@response_floor_link,uncheatable,external_development,0,-1,delphi_3e18_39bucket:d1926d64591176c8020bee54efe637a248f4f8f8bf927613049d062dccff4228,1.040705489021135,0.0042999096165657075
weibull_softplus_unscaled@response_floor_link,uncheatable,external_development,0,-1,delphi_3e18_39bucket:d22385a3b372ad3742331c911e6df47b6459dcc8f7e6ce58cd5dfc1ca901a754,1.0399822552385998,0.00441696274490339
weibull_softplus_unscaled@response_floor_link,uncheatable,external_development,0,-1,delphi_3e18_39bucket:d2cb05198ef956cc89df9b6aee5c76ace3aa353ea2a7316011503bff3c873c17,1.0137660111554265,0.00280037483692178
weibull_softplus_unscaled@response_floor_link,uncheatable,external_development,0,-1,delphi_3e18_39bucket:d2e1cc893f01a2f4943b13a6c01ee72024f580a689c62fa909560c73a65054e5,1.038280513638227,0.004689810974108685
weibull_softplus_unscaled@response_floor_link,uncheatable,external_development,0,-1,delphi_3e18_39bucket:d3a383c91e3c36378540e209e50999c8d005ae2b08fa6bcda7f383834b2d5dd7,1.0416648789496603,0.004953572780097159
weibull_softplus_unscaled@response_floor_link,uncheatable,external_development,0,-1,delphi_3e18_39bucket:d3b53955f30411b3c382fe4844d1526d3c14d09844153a940230c4beceeddb73,0.9920556013290602,0.004551677741337511
weibull_softplus_unscaled@response_floor_link,uncheatable,external_development,0,-1,delphi_3e18_39bucket:d3bba0f2b0ea428ec64283ded20ce739bbf9f7fab261d2b9b90cfb1bc9c6c75e,0.994831889393567,0.0038436642879977052
weibull_softplus_unscaled@response_floor_link,uncheatable,external_development,0,-1,delphi_3e18_39bucket:d3ffb3bd8e28eedb08376603e2c85cc3e83cc89ca533199775e943278e32c509,1.0135758391991354,0.0038463041113420996
weibull_softplus_unscaled@response_floor_link,uncheatable,external_development,0,-1,delphi_3e18_39bucket:d527a2813816791f311d6f8c670a30cc1ce84f41c6b7365ae771b1f53ebf6e7e,1.0297939800201068,0.004151137167372879
weibull_softplus_unscaled@response_floor_link,uncheatable,external_development,0,-1,delphi_3e18_39bucket:d65c8bd6c68862d250311137ac89042ba916da88e21f9cf04f7119fc9e25a489,1.0378067040855306,0.004561076524402244
weibull_softplus_unscaled@response_floor_link,uncheatable,external_development,0,-1,delphi_3e18_39bucket:d6c7da8dacb3efe4cbd45ee0cdd899a5a606cc57be51472b188809093554e699,1.0372262259815612,0.004591093531360738
weibull_softplus_unscaled@response_floor_link,uncheatable,external_development,0,-1,delphi_3e18_39bucket:d6e102b380bcd9b39d2f2c4079d81d416738002f9b25316b3da9ac88d43b5a75,1.0544773170367225,0.006164909413067685
weibull_softplus_unscaled@response_floor_link,uncheatable,external_development,0,-1,delphi_3e18_39bucket:d6f6db3e0cc1a598f7eb00a7cdd40d78f821a9336eb0eaafc14da93a04575fc5,1.0593028599910863,0.0050463445015770225
weibull_softplus_unscaled@response_floor_link,uncheatable,external_development,0,-1,delphi_3e18_39bucket:d82c377f5bda11f52b93db01e55fa25c844255cf016ad96b80cba7cc1e618d90,1.0443282740226416,0.004167396661069776
weibull_softplus_unscaled@response_floor_link,uncheatable,external_development,0,-1,delphi_3e18_39bucket:d87d478ea93a73fe0faec12048b20970bdefd41aa65888c79d1d35c24ec3556f,1.0459719795876845,0.004485579329732124
weibull_softplus_unscaled@response_floor_link,uncheatable,external_development,0,-1,delphi_3e18_39bucket:d941fe99995a0f675ffc09f1d7883ac2d032a87a00fdfc22e934c5e5ca0b3452,1.0496970010183786,0.003344284177570152
weibull_softplus_unscaled@response_floor_link,uncheatable,external_development,0,-1,delphi_3e18_39bucket:da68fd5e623c705387752f321a8116e319a7ae87670618ba096558effd2df550,1.0119864404829484,0.0033294761819757514
weibull_softplus_unscaled@response_floor_link,uncheatable,external_development,0,-1,delphi_3e18_39bucket:dac1e0885f0941e15f72456af8f56424e1b8630c37344b54346219c98f5c5f0b,1.0037884830943171,0.003158108765709718
weibull_softplus_unscaled@response_floor_link,uncheatable,external_development,0,-1,delphi_3e18_39bucket:dc1f33b2668dfbb787d82df7f8e734431a829bbec2fbf8e9888d6eb582289a3d,1.0067588458582377,0.004164713040446047
weibull_softplus_unscaled@response_floor_link,uncheatable,external_development,0,-1,delphi_3e18_39bucket:dd42df7f0cbc461aa02a49d493e5c4c2ea94713026c4e3fffdf7e482f0a766ad,1.0514911502734399,0.003916701221713104
weibull_softplus_unscaled@response_floor_link,uncheatable,external_development,0,-1,delphi_3e18_39bucket:de0e4fef934b64c948d7c068f622295aabe99cb83c95ee0ad68b73c366c57402,1.0138237826730747,0.002788069208351234
weibull_softplus_unscaled@response_floor_link,uncheatable,external_development,0,-1,delphi_3e18_39bucket:e021fd14fbb714ef3bc7fe5df146588cfff0a72ec3ea45ae16d31eea5646ae09,1.0384651993579894,0.004472329281680464
weibull_softplus_unscaled@response_floor_link,uncheatable,external_development,0,-1,delphi_3e18_39bucket:e0965c961694035e43a1da45a771f8e07c074674ecad18c76460f7ac0eef2137,1.0056768300877765,0.003953671485692828
weibull_softplus_unscaled@response_floor_link,uncheatable,external_development,0,-1,delphi_3e18_39bucket:e0a4d646094bff9aad92ca04cd9c5ca30c296001c0b7d65c3c20a1df0bd8ef08,1.0452245632331372,0.004811243595143749
weibull_softplus_unscaled@response_floor_link,uncheatable,external_development,0,-1,delphi_3e18_39bucket:e0f79d9bac30fb11db8b83b66ba5e36c77c69e8b4eeece18a5b2a234d3198745,1.0383544037977024,0.004560327335059443
weibull_softplus_unscaled@response_floor_link,uncheatable,external_development,0,-1,delphi_3e18_39bucket:e188885cf2c9eba933b968231574f63edf90b3467074b7a9229ed11c950259ad,1.0389162712271447,0.004477188312030758
weibull_softplus_unscaled@response_floor_link,uncheatable,external_development,0,-1,delphi_3e18_39bucket:e283e505de0059b81a2b58a66a9af312bc1f3c7a7440e50c3fdcb3ff8213a34f,1.0649856643298492,0.0029327203657514597
weibull_softplus_unscaled@response_floor_link,uncheatable,external_development,0,-1,delphi_3e18_39bucket:e29801c3f5ba907bd5cc224343efa34e4693142ccec5ad71fd943c60b2b3a689,1.0340451366119972,0.004343796210963059
weibull_softplus_unscaled@response_floor_link,uncheatable,external_development,0,-1,delphi_3e18_39bucket:e371bb5a7b5ad1a86dec663c9450a27400d377093eb89ae1812af20716ad2945,0.9993177974563381,0.0043031728407437585
weibull_softplus_unscaled@response_floor_link,uncheatable,external_development,0,-1,delphi_3e18_39bucket:e5053e4f4ef86036c3ebe93d055c63ec2da1a1a029cde76ea807a3890d0fd10c,1.0013555518985209,0.004420122722690662
weibull_softplus_unscaled@response_floor_link,uncheatable,external_development,0,-1,delphi_3e18_39bucket:e539e936365493312d15f1130d1c083871a779dc98689047fcb9d5ebd05191ce,0.9988576288455675,0.004657477905801997
weibull_softplus_unscaled@response_floor_link,uncheatable,external_development,0,-1,delphi_3e18_39bucket:e55f4d10b3aedd9111e412c962fa53c063269d47d4571a980ba950ed937266ad,1.0378682510381592,0.004548814259324209
weibull_softplus_unscaled@response_floor_link,uncheatable,external_development,0,-1,delphi_3e18_39bucket:e65243af3fc92306e4aa4ea80d2c3f7aa6058bba97560ecd10959066d8d64383,1.0590184978970139,0.005412731113795264
weibull_softplus_unscaled@response_floor_link,uncheatable,external_development,0,-1,delphi_3e18_39bucket:e7d55ec7f15fc194cb4e857322dc1533eddb16463ccf163eabfcdd530a051d5e,0.9934334654687178,0.00426568344175834
weibull_softplus_unscaled@response_floor_link,uncheatable,external_development,0,-1,delphi_3e18_39bucket:e8042bb6d92f9c8c01d49ad73be7ff4b06f2e492202d1354da9b6f4aad4c91da,1.035440098395764,0.004799654618526605
weibull_softplus_unscaled@response_floor_link,uncheatable,external_development,0,-1,delphi_3e18_39bucket:e890ab2bc556a0858503bfe95cb5a9f21eb6c1c6dc14818358fbe0f1f321f9eb,1.0374326585188824,0.004548954636208167
weibull_softplus_unscaled@response_floor_link,uncheatable,external_development,0,-1,delphi_3e18_39bucket:e8afda03cd027d866c486aa919868e64ae6d1ddf97b54508d64398d495332317,1.0389057219831475,0.004225246824027514
weibull_softplus_unscaled@response_floor_link,uncheatable,external_development,0,-1,delphi_3e18_39bucket:e8b6cae0ec44706b02ee30aefc28d571a4f78b62cff170d303c1ccd448092f43,1.0247773564798375,0.006150814273195625
weibull_softplus_unscaled@response_floor_link,uncheatable,external_development,0,-1,delphi_3e18_39bucket:e8cac18abed6dd3d662e4660ad3b431000e291340c4fe937b2937ad6a00fdb1c,1.040503220558128,0.004408086181316451
weibull_softplus_unscaled@response_floor_link,uncheatable,external_development,0,-1,delphi_3e18_39bucket:e8df5e6e4d008b052d6e1ad64acc1fec9b2a47d27ba17bf21c0cd6d7b4b6cad5,1.0161096959965956,0.004043635566287475
weibull_softplus_unscaled@response_floor_link,uncheatable,external_development,0,-1,delphi_3e18_39bucket:e8e86e247324e07114d17c3fe9b93415a22bc9d717bbeb492e8a949f59ffc574,1.044769048244866,0.004894163811263254
weibull_softplus_unscaled@response_floor_link,uncheatable,external_development,0,-1,delphi_3e18_39bucket:e9089fdfad382692c27f48d26c1957224471952b2a50bd7a47fc12615326767e,1.0192179409138493,0.00811426900212711
weibull_softplus_unscaled@response_floor_link,uncheatable,external_development,0,-1,delphi_3e18_39bucket:e94c007e41ca009494ae3d9ae036d21271d6bb27b49c3b9d77a9d9148a879241,1.001737750066884,0.003302725845440854
weibull_softplus_unscaled@response_floor_link,uncheatable,external_development,0,-1,delphi_3e18_39bucket:e94c9cbd4ee682a9780bbcea3bf6df3497572253ed953eef164fa75ea4f66a2c,1.0592704279285305,0.004657105371005359
weibull_softplus_unscaled@response_floor_link,uncheatable,external_development,0,-1,delphi_3e18_39bucket:e9c1eda31f2f4a0c52041968162f0f0ce4999866274b5690e4e05fda24a4bc2d,1.0039653748135338,0.0031565536838532695
weibull_softplus_unscaled@response_floor_link,uncheatable,external_development,0,-1,delphi_3e18_39bucket:ea37effb52c1862ed6fafb478558f7d891c703943be66cd2416bd5c491bf7f6b,1.0110060087666846,0.003589725021776341
weibull_softplus_unscaled@response_floor_link,uncheatable,external_development,0,-1,delphi_3e18_39bucket:ea53229a9873c03ace1ba85e1e21a11a8844f0ff68de915348cd78997910f2e1,1.0376541945409066,0.0041338014127322385
weibull_softplus_unscaled@response_floor_link,uncheatable,external_development,0,-1,delphi_3e18_39bucket:ea6e21bef589c2d52505ca81bef558a5da03e4625174320ea8242417e2382d77,1.0353833856684587,0.004559154637653782
weibull_softplus_unscaled@response_floor_link,uncheatable,external_development,0,-1,delphi_3e18_39bucket:ea75e35453ea2a7fe2d3b283ddc673d53edfeee1ba389a2c21264bdf18ac8ca2,1.0379747846237943,0.004460182586252943
weibull_softplus_unscaled@response_floor_link,uncheatable,external_development,0,-1,delphi_3e18_39bucket:eafdbafe546506e8a5b90e6662ecdb9d4f1334f4e7f19e3081382c6da61f7293,1.036772671133095,0.004446129566110627
weibull_softplus_unscaled@response_floor_link,uncheatable,external_development,0,-1,delphi_3e18_39bucket:ec06eca900d6ea9ba81679ee6cca83871b018289aec1505cba76db1fc87b6802,1.0800063940402915,0.006238786377795536
weibull_softplus_unscaled@response_floor_link,uncheatable,external_development,0,-1,delphi_3e18_39bucket:eccc22ab3929ddd9f2ac2480fd08560ef5ae820c2344f602a9dc02fbaf098cfe,1.0382382451087298,0.004252127922118216
weibull_softplus_unscaled@response_floor_link,uncheatable,external_development,0,-1,delphi_3e18_39bucket:ed3e3b2774ff74e2b11ba21111ec69a02f045de419b00bf3bb3900c8304d9c61,1.0392113984416271,0.0046400298811904
weibull_softplus_unscaled@response_floor_link,uncheatable,external_development,0,-1,delphi_3e18_39bucket:ed64cdd21c9e4cbfada10d701c2ea8ddca896eddd8c54397fc1fdb7be3fd0e7e,1.0355945014985615,0.004631505286740054
weibull_softplus_unscaled@response_floor_link,uncheatable,external_development,0,-1,delphi_3e18_39bucket:ee02c34fe2e5760160a4803e862cb1c4a623ee45da4d9adfdaa5aa9483dc78e3,1.040058619556028,0.004695209159901631
weibull_softplus_unscaled@response_floor_link,uncheatable,external_development,0,-1,delphi_3e18_39bucket:ef418394bcf5783471166488c9835661c9087d4cd65379ce6a2798094e0ed89b,1.039011219281659,0.0046306682744805564
weibull_softplus_unscaled@response_floor_link,uncheatable,external_development,0,-1,delphi_3e18_39bucket:ef9f5d7e0f8cb99f585632847718d0452011c825e16f7d382f995c653e9ac9e7,1.0507732612415956,0.004883160270122623
weibull_softplus_unscaled@response_floor_link,uncheatable,external_development,0,-1,delphi_3e18_39bucket:ef9f6cff6e4ea378dedecb72fceac0bdaad839d03f007c4afe577e29dbb99b4e,0.9806588867097994,0.004268068224431658
weibull_softplus_unscaled@response_floor_link,uncheatable,external_development,0,-1,delphi_3e18_39bucket:effc4e48644f5aac8669d7cfde80db853124d6263860d16ab4f3958b1ac4eeb5,1.0088158647696528,0.0034635012567139317
weibull_softplus_unscaled@response_floor_link,uncheatable,external_development,0,-1,delphi_3e18_39bucket:f16199e7f2cdb043d550805be1d6c2cedde580382205dfe6009222e5329ab998,1.0356081536897985,0.003692220426855966
weibull_softplus_unscaled@response_floor_link,uncheatable,external_development,0,-1,delphi_3e18_39bucket:f232b9fe34f7b04ebbfe91eb3239213c0003a3e608e279780f47e6c545811bb3,1.040116063228007,0.004476894844652071
weibull_softplus_unscaled@response_floor_link,uncheatable,external_development,0,-1,delphi_3e18_39bucket:f2d3993c551000c1ee508c463805bd652f0f40a241a54fdf69aecee07fd2bb47,1.0406243670155164,0.0044487322842205424
weibull_softplus_unscaled@response_floor_link,uncheatable,external_development,0,-1,delphi_3e18_39bucket:f387ec3241cb7be9b883e93ed53e1940f5fbf725f14ef13b1c76e1634c9e0704,1.0750613480310076,0.004484129663776644
weibull_softplus_unscaled@response_floor_link,uncheatable,external_development,0,-1,delphi_3e18_39bucket:f52b9b33b05c41f331ddaef90666b37968827a31c9dbdee6bdd5c5554069af4b,1.0533315279998379,0.010816372087740393
weibull_softplus_unscaled@response_floor_link,uncheatable,external_development,0,-1,delphi_3e18_39bucket:f597d4a7586698fbbc1b854337589ff532c04fd4a54699ae6665043e95934555,0.9999897500575334,0.00435787069107273
weibull_softplus_unscaled@response_floor_link,uncheatable,external_development,0,-1,delphi_3e18_39bucket:f5c02be0cf834281311018f3922cb87d91ee62b6d20f4e7ac201af5ee0954f38,1.0368080253939045,0.004528338670192439
weibull_softplus_unscaled@response_floor_link,uncheatable,external_development,0,-1,delphi_3e18_39bucket:f6841e17099bc045d728b98540d5fb888d83f06d8ee4a4939cce171c39ff9c1a,1.0410195289707365,0.0033945609645258247
weibull_softplus_unscaled@response_floor_link,uncheatable,external_development,0,-1,delphi_3e18_39bucket:f81afa5c14bbd67cc1fb496dcd8cd5779f46fed3843ce430341122b0cfff0750,1.015307349179903,0.004369149122486723
weibull_softplus_unscaled@response_floor_link,uncheatable,external_development,0,-1,delphi_3e18_39bucket:f8a8e264e7f30fe85c514e532e5f6bce8d2037da8458a757b0383f7dbf072f25,1.0354740851686897,0.004410002189952706
weibull_softplus_unscaled@response_floor_link,uncheatable,external_development,0,-1,delphi_3e18_39bucket:f95f22b464a3ca2eee25bd948f390a4ef40e83d2198fc976127df60c1e1668aa,1.0212188219295082,0.003927564597239363
weibull_softplus_unscaled@response_floor_link,uncheatable,external_development,0,-1,delphi_3e18_39bucket:f9bb0369b872fcb08e26e8d0629e52b1cb543956824511bc69a1d81d84b8e766,0.9980637055663845,0.004112105591586887
weibull_softplus_unscaled@response_floor_link,uncheatable,external_development,0,-1,delphi_3e18_39bucket:f9e349b2e05d04e16162ae18c9cde10806824cee16faba2af2564f533559151d,1.0339197789061823,0.004358277894728394
weibull_softplus_unscaled@response_floor_link,uncheatable,external_development,0,-1,delphi_3e18_39bucket:f9e5fad6cd843eef1ec963c775019a7ed2d37fb9fc6d6458f98c8bb15b000248,1.0552581704845556,0.004842507214887015
weibull_softplus_unscaled@response_floor_link,uncheatable,external_development,0,-1,delphi_3e18_39bucket:fa0294460f0573041da6b1435affe244e46d5459cf24f4d451fa7776c77261f6,0.981362456756868,0.00428575408145686
weibull_softplus_unscaled@response_floor_link,uncheatable,external_development,0,-1,delphi_3e18_39bucket:fafbc2ba18f1c7971ddf8e7eff5f92f1b11469cf1d80181209696d8655812553,1.0446629826989464,0.004352401222248722
weibull_softplus_unscaled@response_floor_link,uncheatable,external_development,0,-1,delphi_3e18_39bucket:fb8cb11729c2b4e023d88d084293e65ec1f03e521aada50a0bde80863e530aa8,1.0028205460208504,0.0035809943997048596
weibull_softplus_unscaled@response_floor_link,uncheatable,external_development,0,-1,delphi_3e18_39bucket:fcd0fd12a7c5020965f6947e8301e946fa54ac35b888fd77a64acdb284227b4d,1.0386877671037464,0.004672916586840579
weibull_softplus_unscaled@response_floor_link,uncheatable,external_development,0,-1,delphi_3e18_39bucket:fd1878ded789f2edc41ab9255de95e0c7d881b315872d556b913e69f7cf031fc,0.9923811592897728,0.004880972950525469
weibull_softplus_unscaled@response_floor_link,uncheatable,external_development,0,-1,delphi_3e18_39bucket:fde889913d2682952bec8de25fd72402715ccecae048d5f22ad1228540aa83cf,1.0293245215538995,0.004326979803864072
weibull_softplus_unscaled@response_floor_link,uncheatable,external_development,0,-1,delphi_3e18_39bucket:fef2793a1123d329057bd31024def73e90c2aa567a327913bb8366c7204fc414,1.0565228758390597,0.00504617805098484
weibull_softplus_unscaled@response_floor_link,uncheatable,external_development,0,-1,delphi_3e18_39bucket:ff65381e6c6fa2fd41b3444cc7dae32b0a07f1eaf50d99b9dc409da261b0a1ac,1.0533039572549625,0.0038586635669146147
weibull_softplus_unscaled,table9,panel_oof,0,0,7,1.2351885301326835,
weibull_softplus_unscaled,table9,panel_oof,0,0,8,1.3754782870238853,
weibull_softplus_unscaled,table9,panel_oof,0,0,25,1.2931098254999966,
weibull_softplus_unscaled,table9,panel_oof,0,0,35,1.2176184222834756,
weibull_softplus_unscaled,table9,panel_oof,0,0,51,1.2420546247799256,
weibull_softplus_unscaled,table9,panel_oof,0,0,56,1.1670458561988901,
weibull_softplus_unscaled,table9,panel_oof,0,0,69,1.2442803089519923,
weibull_softplus_unscaled,table9,panel_oof,0,0,81,1.1881100696196774,
weibull_softplus_unscaled,table9,panel_oof,0,0,86,1.2100139389686502,
weibull_softplus_unscaled,table9,panel_oof,0,0,99,1.2472006062210572,
weibull_softplus_unscaled,table9,panel_oof,0,0,100,1.2338190076681723,
weibull_softplus_unscaled,table9,panel_oof,0,0,106,1.3041480727231454,
weibull_softplus_unscaled,table9,panel_oof,0,0,107,1.2912441403748565,
weibull_softplus_unscaled,table9,panel_oof,0,0,126,1.2134004692622677,
weibull_softplus_unscaled,table9,panel_oof,0,0,136,1.2988074473433002,
weibull_softplus_unscaled,table9,panel_oof,0,0,137,1.197584888341463,
weibull_softplus_unscaled,table9,panel_oof,0,0,140,1.2019309362241413,
weibull_softplus_unscaled,table9,panel_oof,0,0,141,1.2085523628382573,
weibull_softplus_unscaled,table9,panel_oof,0,0,142,1.2484178900406695,
weibull_softplus_unscaled,table9,panel_oof,0,0,145,1.2106669664450762,
weibull_softplus_unscaled,table9,panel_oof,0,0,147,1.2429943961819716,
weibull_softplus_unscaled,table9,panel_oof,0,0,163,1.2166637478973104,
weibull_softplus_unscaled,table9,panel_oof,0,0,165,1.217123689468694,
weibull_softplus_unscaled,table9,panel_oof,0,0,169,1.2991770298673133,
weibull_softplus_unscaled,table9,panel_oof,0,0,171,1.305162472475483,
weibull_softplus_unscaled,table9,panel_oof,0,0,187,1.3212416076036928,
weibull_softplus_unscaled,table9,panel_oof,0,0,188,1.2068449659521092,
weibull_softplus_unscaled,table9,panel_oof,0,0,191,1.2449239934166423,
weibull_softplus_unscaled,table9,panel_oof,0,0,195,1.194159660780381,
weibull_softplus_unscaled,table9,panel_oof,0,0,197,1.2175508693009567,
weibull_softplus_unscaled,table9,panel_oof,0,0,200,1.1665476240732935,
weibull_softplus_unscaled,table9,panel_oof,0,0,208,1.2348549688831263,
weibull_softplus_unscaled,table9,panel_oof,0,0,209,1.2204017139945795,
weibull_softplus_unscaled,table9,panel_oof,0,0,210,1.250424672440728,
weibull_softplus_unscaled,table9,panel_oof,0,0,217,1.2372994590663469,
weibull_softplus_unscaled,table9,panel_oof,0,0,219,1.2620586579997335,
weibull_softplus_unscaled,table9,panel_oof,0,0,220,1.202583751499319,
weibull_softplus_unscaled,table9,panel_oof,0,0,223,1.1790272983666719,
weibull_softplus_unscaled,table9,panel_oof,0,0,233,1.180601711766243,
weibull_softplus_unscaled,table9,panel_oof,0,0,237,1.2246466111740573,
weibull_softplus_unscaled,table9,panel_oof,0,1,0,1.1539923265848357,
weibull_softplus_unscaled,table9,panel_oof,0,1,1,1.127675535983259,
weibull_softplus_unscaled,table9,panel_oof,0,1,241,1.1533873261954746,
weibull_softplus_unscaled,table9,panel_oof,0,1,242,1.1542346636639813,
weibull_softplus_unscaled,table9,panel_oof,0,1,243,1.1524732792534058,
weibull_softplus_unscaled,table9,panel_oof,0,1,244,1.1601307347459473,
weibull_softplus_unscaled,table9,panel_oof,0,1,245,1.1527056572696799,
weibull_softplus_unscaled,table9,panel_oof,0,1,246,1.152224899455488,
weibull_softplus_unscaled,table9,panel_oof,0,1,247,1.1550627273500202,
weibull_softplus_unscaled,table9,panel_oof,0,1,248,1.1628976000271067,
weibull_softplus_unscaled,table9,panel_oof,0,1,249,1.1476723975388767,
weibull_softplus_unscaled,table9,panel_oof,0,1,250,1.1539765683684258,
weibull_softplus_unscaled,table9,panel_oof,0,1,251,1.1452060504645587,
weibull_softplus_unscaled,table9,panel_oof,0,1,252,1.1524981671221455,
weibull_softplus_unscaled,table9,panel_oof,0,1,253,1.155596001956479,
weibull_softplus_unscaled,table9,panel_oof,0,1,254,1.1582984720545413,
weibull_softplus_unscaled,table9,panel_oof,0,1,255,1.1564958619775734,
weibull_softplus_unscaled,table9,panel_oof,0,1,256,1.15757821979031,
weibull_softplus_unscaled,table9,panel_oof,0,1,257,1.1534837324390619,
weibull_softplus_unscaled,table9,panel_oof,0,1,258,1.1606571041531304,
weibull_softplus_unscaled,table9,panel_oof,0,1,259,1.165465379759211,
weibull_softplus_unscaled,table9,panel_oof,0,1,260,1.1534950564403934,
weibull_softplus_unscaled,table9,panel_oof,0,1,261,1.1547684320468365,
weibull_softplus_unscaled,table9,panel_oof,0,1,262,1.1594608542628642,
weibull_softplus_unscaled,table9,panel_oof,0,1,263,1.163002006248708,
weibull_softplus_unscaled,table9,panel_oof,0,1,264,1.157736943196085,
weibull_softplus_unscaled,table9,panel_oof,0,1,265,1.1588927284755126,
weibull_softplus_unscaled,table9,panel_oof,0,1,266,1.1561360390178919,
weibull_softplus_unscaled,table9,panel_oof,0,1,267,1.1984231034755048,
weibull_softplus_unscaled,table9,panel_oof,0,1,268,1.1585381711550573,
weibull_softplus_unscaled,table9,panel_oof,0,1,269,1.1669804929595204,
weibull_softplus_unscaled,table9,panel_oof,0,1,270,1.1545899347622488,
weibull_softplus_unscaled,table9,panel_oof,0,1,271,1.143207198524065,
weibull_softplus_unscaled,table9,panel_oof,0,1,272,1.160816379063437,
weibull_softplus_unscaled,table9,panel_oof,0,1,273,1.1921659579287591,
weibull_softplus_unscaled,table9,panel_oof,0,1,274,1.1554303212650374,
weibull_softplus_unscaled,table9,panel_oof,0,1,275,1.163658697524885,
weibull_softplus_unscaled,table9,panel_oof,0,1,276,1.1787513300435735,
weibull_softplus_unscaled,table9,panel_oof,0,1,277,1.1655503187794556,
weibull_softplus_unscaled,table9,panel_oof,0,1,278,1.2018962962431095,
weibull_softplus_unscaled,table9,panel_oof,0,1,279,1.1623881585719014,
weibull_softplus_unscaled,table9,panel_oof,0,2,3,1.226915148902488,
weibull_softplus_unscaled,table9,panel_oof,0,2,5,1.3984536688481015,
weibull_softplus_unscaled,table9,panel_oof,0,2,6,1.2837921900770461,
weibull_softplus_unscaled,table9,panel_oof,0,2,10,1.2894703737563897,
weibull_softplus_unscaled,table9,panel_oof,0,2,15,1.254251224393388,
weibull_softplus_unscaled,table9,panel_oof,0,2,20,1.2919935831179181,
weibull_softplus_unscaled,table9,panel_oof,0,2,26,1.224878156867038,
weibull_softplus_unscaled,table9,panel_oof,0,2,29,1.2380134158789322,
weibull_softplus_unscaled,table9,panel_oof,0,2,30,1.225714130975242,
weibull_softplus_unscaled,table9,panel_oof,0,2,34,1.1669676396704063,
weibull_softplus_unscaled,table9,panel_oof,0,2,39,1.2623367269783485,
weibull_softplus_unscaled,table9,panel_oof,0,2,41,1.277104845126755,
weibull_softplus_unscaled,table9,panel_oof,0,2,46,1.2419892013352607,
weibull_softplus_unscaled,table9,panel_oof,0,2,48,1.196851032816248,
weibull_softplus_unscaled,table9,panel_oof,0,2,57,1.280669041831077,
weibull_softplus_unscaled,table9,panel_oof,0,2,62,1.2253837737262026,
weibull_softplus_unscaled,table9,panel_oof,0,2,65,1.2536206615242524,
weibull_softplus_unscaled,table9,panel_oof,0,2,68,1.241532844949623,
weibull_softplus_unscaled,table9,panel_oof,0,2,73,1.2217965461336466,
weibull_softplus_unscaled,table9,panel_oof,0,2,79,1.2370434022667394,
weibull_softplus_unscaled,table9,panel_oof,0,2,83,1.1707452936116045,
weibull_softplus_unscaled,table9,panel_oof,0,2,84,1.2387484911224613,
weibull_softplus_unscaled,table9,panel_oof,0,2,87,1.3323338848960184,
weibull_softplus_unscaled,table9,panel_oof,0,2,90,1.2147304635516925,
weibull_softplus_unscaled,table9,panel_oof,0,2,91,1.28550399409491,
weibull_softplus_unscaled,table9,panel_oof,0,2,98,1.1735521687202084,
weibull_softplus_unscaled,table9,panel_oof,0,2,101,1.1902690705510968,
weibull_softplus_unscaled,table9,panel_oof,0,2,105,1.2340571489586787,
weibull_softplus_unscaled,table9,panel_oof,0,2,109,1.261148312413408,
weibull_softplus_unscaled,table9,panel_oof,0,2,112,1.2169137605330174,
weibull_softplus_unscaled,table9,panel_oof,0,2,113,1.3038964304710787,
weibull_softplus_unscaled,table9,panel_oof,0,2,115,1.2328031122072964,
weibull_softplus_unscaled,table9,panel_oof,0,2,116,1.2643210943308432,
weibull_softplus_unscaled,table9,panel_oof,0,2,119,1.237112166057361,
weibull_softplus_unscaled,table9,panel_oof,0,2,122,1.2068877890129555,
weibull_softplus_unscaled,table9,panel_oof,0,2,123,1.208655837091194,
weibull_softplus_unscaled,table9,panel_oof,0,2,124,1.2336462523032226,
weibull_softplus_unscaled,table9,panel_oof,0,2,133,1.2712409716700745,
weibull_softplus_unscaled,table9,panel_oof,0,2,134,1.204120789018008,
weibull_softplus_unscaled,table9,panel_oof,0,2,135,1.2317148315087056,
weibull_softplus_unscaled,table9,panel_oof,0,2,138,1.2277397856554713,
weibull_softplus_unscaled,table9,panel_oof,0,2,144,1.233911403692452,
weibull_softplus_unscaled,table9,panel_oof,0,2,151,1.2232069013423152,
weibull_softplus_unscaled,table9,panel_oof,0,2,152,1.1958053666763666,
weibull_softplus_unscaled,table9,panel_oof,0,2,154,1.2204735440848369,
weibull_softplus_unscaled,table9,panel_oof,0,2,157,1.2875653362545378,
weibull_softplus_unscaled,table9,panel_oof,0,2,158,1.2148725260848066,
weibull_softplus_unscaled,table9,panel_oof,0,2,160,1.2457006725029232,
weibull_softplus_unscaled,table9,panel_oof,0,2,166,1.2533281552451916,
weibull_softplus_unscaled,table9,panel_oof,0,2,172,1.158639766108888,
weibull_softplus_unscaled,table9,panel_oof,0,2,175,1.2087726772725211,
weibull_softplus_unscaled,table9,panel_oof,0,2,176,1.2076425845778846,
weibull_softplus_unscaled,table9,panel_oof,0,2,182,1.2438588796438768,
weibull_softplus_unscaled,table9,panel_oof,0,2,183,1.2488440621053343,
weibull_softplus_unscaled,table9,panel_oof,0,2,196,1.3196894924948346,
weibull_softplus_unscaled,table9,panel_oof,0,2,198,1.2336127097360658,
weibull_softplus_unscaled,table9,panel_oof,0,2,205,1.2031071408342293,
weibull_softplus_unscaled,table9,panel_oof,0,2,211,1.253785555843532,
weibull_softplus_unscaled,table9,panel_oof,0,2,213,1.1194452408762827,
weibull_softplus_unscaled,table9,panel_oof,0,2,215,1.1763596542275043,
weibull_softplus_unscaled,table9,panel_oof,0,2,222,1.2040862564773156,
weibull_softplus_unscaled,table9,panel_oof,0,2,224,1.3372234668452134,
weibull_softplus_unscaled,table9,panel_oof,0,2,226,1.309730746549332,
weibull_softplus_unscaled,table9,panel_oof,0,2,227,1.2513381018003131,
weibull_softplus_unscaled,table9,panel_oof,0,2,229,1.1835204274336002,
weibull_softplus_unscaled,table9,panel_oof,0,2,235,1.2560369584837061,
weibull_softplus_unscaled,table9,panel_oof,0,2,236,1.2344710776278678,
weibull_softplus_unscaled,table9,panel_oof,0,2,238,1.2395289343535718,
weibull_softplus_unscaled,table9,panel_oof,0,3,2,1.2710349860966983,
weibull_softplus_unscaled,table9,panel_oof,0,3,4,1.2730867137614492,
weibull_softplus_unscaled,table9,panel_oof,0,3,9,1.3019631906710867,
weibull_softplus_unscaled,table9,panel_oof,0,3,11,1.2363202946945182,
weibull_softplus_unscaled,table9,panel_oof,0,3,12,1.2743363373039696,
weibull_softplus_unscaled,table9,panel_oof,0,3,13,1.2014586580467466,
weibull_softplus_unscaled,table9,panel_oof,0,3,14,1.2453269856492044,
weibull_softplus_unscaled,table9,panel_oof,0,3,16,1.2010207082966764,
weibull_softplus_unscaled,table9,panel_oof,0,3,17,1.2733085145804153,
weibull_softplus_unscaled,table9,panel_oof,0,3,21,1.2875202701013764,
weibull_softplus_unscaled,table9,panel_oof,0,3,22,1.2103154833272214,
weibull_softplus_unscaled,table9,panel_oof,0,3,23,1.2743365067219736,
weibull_softplus_unscaled,table9,panel_oof,0,3,24,1.1836303932194423,
weibull_softplus_unscaled,table9,panel_oof,0,3,27,1.1985844300616502,
weibull_softplus_unscaled,table9,panel_oof,0,3,32,1.2146309251958234,
weibull_softplus_unscaled,table9,panel_oof,0,3,33,1.269798426764905,
weibull_softplus_unscaled,table9,panel_oof,0,3,36,1.2216132647429614,
weibull_softplus_unscaled,table9,panel_oof,0,3,37,1.221694695159614,
weibull_softplus_unscaled,table9,panel_oof,0,3,38,1.234501138443745,
weibull_softplus_unscaled,table9,panel_oof,0,3,40,1.2214274073356535,
weibull_softplus_unscaled,table9,panel_oof,0,3,43,1.2538628906412232,
weibull_softplus_unscaled,table9,panel_oof,0,3,44,1.2829889192483024,
weibull_softplus_unscaled,table9,panel_oof,0,3,45,1.268882774791862,
weibull_softplus_unscaled,table9,panel_oof,0,3,49,1.2446896699426784,
weibull_softplus_unscaled,table9,panel_oof,0,3,50,1.2765092638789537,
weibull_softplus_unscaled,table9,panel_oof,0,3,52,1.2349605236538577,
weibull_softplus_unscaled,table9,panel_oof,0,3,53,1.2093376231542332,
weibull_softplus_unscaled,table9,panel_oof,0,3,54,1.1862819116177359,
weibull_softplus_unscaled,table9,panel_oof,0,3,55,1.1743753920567457,
weibull_softplus_unscaled,table9,panel_oof,0,3,58,1.2710863694127674,
weibull_softplus_unscaled,table9,panel_oof,0,3,59,1.2120153065547088,
weibull_softplus_unscaled,table9,panel_oof,0,3,61,1.2047271864945286,
weibull_softplus_unscaled,table9,panel_oof,0,3,63,1.179623377645795,
weibull_softplus_unscaled,table9,panel_oof,0,3,64,1.2697073412531266,
weibull_softplus_unscaled,table9,panel_oof,0,3,66,1.2234908660527584,
weibull_softplus_unscaled,table9,panel_oof,0,3,67,1.2265681469335101,
weibull_softplus_unscaled,table9,panel_oof,0,3,70,1.2638603478857018,
weibull_softplus_unscaled,table9,panel_oof,0,3,71,1.239024481188421,
weibull_softplus_unscaled,table9,panel_oof,0,3,72,1.2390791031295207,
weibull_softplus_unscaled,table9,panel_oof,0,3,74,1.1791236024785288,
weibull_softplus_unscaled,table9,panel_oof,0,3,75,1.2466940172640162,
weibull_softplus_unscaled,table9,panel_oof,0,3,78,1.2463253431395303,
weibull_softplus_unscaled,table9,panel_oof,0,3,85,1.230187921755633,
weibull_softplus_unscaled,table9,panel_oof,0,3,88,1.2914165860409863,
weibull_softplus_unscaled,table9,panel_oof,0,3,89,1.2216381841102404,
weibull_softplus_unscaled,table9,panel_oof,0,3,92,1.1884716730664415,
weibull_softplus_unscaled,table9,panel_oof,0,3,93,1.2087360678429855,
weibull_softplus_unscaled,table9,panel_oof,0,3,94,1.1911658240082028,
weibull_softplus_unscaled,table9,panel_oof,0,3,95,1.258659222809416,
weibull_softplus_unscaled,table9,panel_oof,0,3,96,1.2281587860569045,
weibull_softplus_unscaled,table9,panel_oof,0,3,97,1.1917137722147733,
weibull_softplus_unscaled,table9,panel_oof,0,3,102,1.2347203878380912,
weibull_softplus_unscaled,table9,panel_oof,0,3,108,1.2711693426779276,
weibull_softplus_unscaled,table9,panel_oof,0,3,110,1.2331471880593727,
weibull_softplus_unscaled,table9,panel_oof,0,3,111,1.2616302123508008,
weibull_softplus_unscaled,table9,panel_oof,0,3,117,1.3201218143793452,
weibull_softplus_unscaled,table9,panel_oof,0,3,120,1.208916964060439,
weibull_softplus_unscaled,table9,panel_oof,0,3,121,1.2044722898958038,
weibull_softplus_unscaled,table9,panel_oof,0,3,127,1.1989687603609651,
weibull_softplus_unscaled,table9,panel_oof,0,3,128,1.22965767179162,
weibull_softplus_unscaled,table9,panel_oof,0,3,129,1.2038071760781612,
weibull_softplus_unscaled,table9,panel_oof,0,3,130,1.2259655713116397,
weibull_softplus_unscaled,table9,panel_oof,0,3,132,1.3174190122669787,
weibull_softplus_unscaled,table9,panel_oof,0,3,139,1.2396169730630064,
weibull_softplus_unscaled,table9,panel_oof,0,3,143,1.244797605277642,
weibull_softplus_unscaled,table9,panel_oof,0,3,146,1.2804254412369611,
weibull_softplus_unscaled,table9,panel_oof,0,3,148,1.2151955484310175,
weibull_softplus_unscaled,table9,panel_oof,0,3,149,1.2987753484882343,
weibull_softplus_unscaled,table9,panel_oof,0,3,150,1.2600198715370006,
weibull_softplus_unscaled,table9,panel_oof,0,3,153,1.2410817556428637,
weibull_softplus_unscaled,table9,panel_oof,0,3,156,1.2048816848914792,
weibull_softplus_unscaled,table9,panel_oof,0,3,159,1.2661679369373706,
weibull_softplus_unscaled,table9,panel_oof,0,3,161,1.3475307323864316,
weibull_softplus_unscaled,table9,panel_oof,0,3,164,1.201317169054252,
weibull_softplus_unscaled,table9,panel_oof,0,3,167,1.2251127775931128,
weibull_softplus_unscaled,table9,panel_oof,0,3,170,1.2031346856308014,
weibull_softplus_unscaled,table9,panel_oof,0,3,173,1.2212985046645373,
weibull_softplus_unscaled,table9,panel_oof,0,3,174,1.2276227129622261,
weibull_softplus_unscaled,table9,panel_oof,0,3,177,1.2316541659891698,
weibull_softplus_unscaled,table9,panel_oof,0,3,180,1.2318593553456294,
weibull_softplus_unscaled,table9,panel_oof,0,3,181,1.2532080714140417,
weibull_softplus_unscaled,table9,panel_oof,0,3,184,1.1913267721382743,
weibull_softplus_unscaled,table9,panel_oof,0,3,185,1.2353377054397494,
weibull_softplus_unscaled,table9,panel_oof,0,3,189,1.2434586565039465,
weibull_softplus_unscaled,table9,panel_oof,0,3,190,1.2286254636421394,
weibull_softplus_unscaled,table9,panel_oof,0,3,192,1.1956229711811073,
weibull_softplus_unscaled,table9,panel_oof,0,3,194,1.2263155803113113,
weibull_softplus_unscaled,table9,panel_oof,0,3,201,1.1396793651161308,
weibull_softplus_unscaled,table9,panel_oof,0,3,203,1.2203424352019039,
weibull_softplus_unscaled,table9,panel_oof,0,3,204,1.2325094155967085,
weibull_softplus_unscaled,table9,panel_oof,0,3,206,1.1685280224511314,
weibull_softplus_unscaled,table9,panel_oof,0,3,214,1.240389846280415,
weibull_softplus_unscaled,table9,panel_oof,0,3,218,1.1663788611092012,
weibull_softplus_unscaled,table9,panel_oof,0,3,225,1.2850341329074908,
weibull_softplus_unscaled,table9,panel_oof,0,3,228,1.2187869686957944,
weibull_softplus_unscaled,table9,panel_oof,0,3,232,1.2199167361596444,
weibull_softplus_unscaled,table9,panel_oof,0,3,234,1.2220957979159266,
weibull_softplus_unscaled,table9,panel_oof,0,3,240,1.1534258085584375,
weibull_softplus_unscaled,table9,panel_oof,0,4,18,1.2401188658469438,
weibull_softplus_unscaled,table9,panel_oof,0,4,19,1.25292992655631,
weibull_softplus_unscaled,table9,panel_oof,0,4,28,1.2613361599619513,
weibull_softplus_unscaled,table9,panel_oof,0,4,31,1.2022615515616466,
weibull_softplus_unscaled,table9,panel_oof,0,4,42,1.2058493287837835,
weibull_softplus_unscaled,table9,panel_oof,0,4,47,1.1996011484321243,
weibull_softplus_unscaled,table9,panel_oof,0,4,60,1.207592799207863,
weibull_softplus_unscaled,table9,panel_oof,0,4,76,1.2885955325230047,
weibull_softplus_unscaled,table9,panel_oof,0,4,77,1.2483399830231923,
weibull_softplus_unscaled,table9,panel_oof,0,4,80,1.2708474752473653,
weibull_softplus_unscaled,table9,panel_oof,0,4,82,1.2075031756971923,
weibull_softplus_unscaled,table9,panel_oof,0,4,103,1.2471380046053917,
weibull_softplus_unscaled,table9,panel_oof,0,4,104,1.2582913916507565,
weibull_softplus_unscaled,table9,panel_oof,0,4,114,1.2344520845134288,
weibull_softplus_unscaled,table9,panel_oof,0,4,118,1.2052612760488697,
weibull_softplus_unscaled,table9,panel_oof,0,4,125,1.1060286136585566,
weibull_softplus_unscaled,table9,panel_oof,0,4,131,1.198571526257387,
weibull_softplus_unscaled,table9,panel_oof,0,4,155,1.1821495049302666,
weibull_softplus_unscaled,table9,panel_oof,0,4,162,1.2449325526563375,
weibull_softplus_unscaled,table9,panel_oof,0,4,168,1.1481263343493024,
weibull_softplus_unscaled,table9,panel_oof,0,4,178,1.1423034097460143,
weibull_softplus_unscaled,table9,panel_oof,0,4,179,1.260509701245243,
weibull_softplus_unscaled,table9,panel_oof,0,4,186,1.1959980018015086,
weibull_softplus_unscaled,table9,panel_oof,0,4,193,1.2223219029699406,
weibull_softplus_unscaled,table9,panel_oof,0,4,199,1.192993166555187,
weibull_softplus_unscaled,table9,panel_oof,0,4,202,1.21286330569293,
weibull_softplus_unscaled,table9,panel_oof,0,4,207,1.2594626272668867,
weibull_softplus_unscaled,table9,panel_oof,0,4,212,1.1948786376120848,
weibull_softplus_unscaled,table9,panel_oof,0,4,216,1.231573440561248,
weibull_softplus_unscaled,table9,panel_oof,0,4,221,1.2108070108654048,
weibull_softplus_unscaled,table9,panel_oof,0,4,230,1.1883319246136947,
weibull_softplus_unscaled,table9,panel_oof,0,4,231,1.214551345042358,
weibull_softplus_unscaled,table9,panel_oof,0,4,239,1.2276369762037445,
weibull_softplus_unscaled,table9,external_development,0,-1,delphi_3e18_39bucket:0066da643d35e694a311d26516399114a1c69adba1f7795b773b704d93c0e945,1.2202018810602997,0.017848652759196452
weibull_softplus_unscaled,table9,external_development,0,-1,delphi_3e18_39bucket:015ce47db7b4ac2a312c1dfa614d699adb8526230f5a7355c112e4e546f4bb96,1.1920223849305596,0.017485604122390676
weibull_softplus_unscaled,table9,external_development,0,-1,delphi_3e18_39bucket:01985d1f15bebd8fef77b5150d00df90b1460ff11f8dbeb34a83d3755d4831ca,1.1130935373767876,0.015092541528379447
weibull_softplus_unscaled,table9,external_development,0,-1,delphi_3e18_39bucket:02c70e578e5784e551eefe679886439d9c803cedd53b283f3333a0c5fbe3e5cf,1.2006473384932896,0.017177843003125023
weibull_softplus_unscaled,table9,external_development,0,-1,delphi_3e18_39bucket:037a604380dcbb0bd031ab6fe4d27d6f859ec425fb267f14b984c1fb545aefe5,1.2019098813055418,0.016493645458174607
weibull_softplus_unscaled,table9,external_development,0,-1,delphi_3e18_39bucket:039e773502afbad67dfd37ee20068668a2092188b0245ddd91d40a1560e905f6,1.1303825788523407,0.012575571066487011
weibull_softplus_unscaled,table9,external_development,0,-1,delphi_3e18_39bucket:073bad81517f75d40c9eb877348b38c8734b28dc6cb239c2089c9c35e9510223,1.0694435545428675,0.014838795556171989
weibull_softplus_unscaled,table9,external_development,0,-1,delphi_3e18_39bucket:0788d5de28276914dae1c6388f1ab105867ad1d4a087d52bf0b8519d80129c89,1.1928469994112603,0.01732309756767553
weibull_softplus_unscaled,table9,external_development,0,-1,delphi_3e18_39bucket:081b3e9c9806710005689ad55a35ca2b5545880488e77cee8042740337e79dfd,1.0667862239549857,0.009955763628859924
weibull_softplus_unscaled,table9,external_development,0,-1,delphi_3e18_39bucket:09ab1aa79a519d8cbef31696066513a006253831fb687b610438ea9b39faef2c,1.2211850924840144,0.015677846319991234
weibull_softplus_unscaled,table9,external_development,0,-1,delphi_3e18_39bucket:09de561eed4cac3d6052c3e7ccd15b7d2bf21ffe6620953c40d04597b793517c,1.1046137917551162,0.014674567438782607
weibull_softplus_unscaled,table9,external_development,0,-1,delphi_3e18_39bucket:0a4c90180e2e9f06b17432216267636bc90d169f9f68bad8b789d271cb541e26,1.1349684386204766,0.004450992661178728
weibull_softplus_unscaled,table9,external_development,0,-1,delphi_3e18_39bucket:0a69a64824dbbec7bffe6fbd96bf614be79fa346a55fb8dad697d2aed91a31fe,1.0349574799744525,0.010763390389827505
weibull_softplus_unscaled,table9,external_development,0,-1,delphi_3e18_39bucket:0c6db73ff59b9cdac2e2428761ffc68d8764b26faefabce9cdbe0ad6133514fb,1.115235161577425,0.015257020724689745
weibull_softplus_unscaled,table9,external_development,0,-1,delphi_3e18_39bucket:0c87eb28b1c95ec40d341aff414b3e73bc9300563def3b5d974082fe44509895,1.1940210629970878,0.017246699057011265
weibull_softplus_unscaled,table9,external_development,0,-1,delphi_3e18_39bucket:0da14a6e57c138c21227eebbd44f186ea18272987a7f24f9edce875f3f5c35b2,1.1911846446851098,0.01757235304706288
weibull_softplus_unscaled,table9,external_development,0,-1,delphi_3e18_39bucket:0fb57d38488e9d032a8a2d6e385eebbe0bb87510b042d12426a68166e3ec53b2,1.1475772323289628,0.015094113389484399
weibull_softplus_unscaled,table9,external_development,0,-1,delphi_3e18_39bucket:100cd66fd89a88c77157afcbddc20547cc115238f2281abf552b8c0d0374cc36,1.2239897438303218,0.019175018323782895
weibull_softplus_unscaled,table9,external_development,0,-1,delphi_3e18_39bucket:115087d05bce1abc0d1e7590a4cc0b36b643cd94c47ca5e044580bd8ff9fa514,1.0636087493789785,0.0009672305011474132
weibull_softplus_unscaled,table9,external_development,0,-1,delphi_3e18_39bucket:1186365305df843132a2b49cf1f4f3279bc6792218502b2ddb658ff6a8909811,1.2060014114779998,0.01734723328459094
weibull_softplus_unscaled,table9,external_development,0,-1,delphi_3e18_39bucket:14ae27b209bb3f3e584f2a754f2f606b14c6a91a854a6960f5f2002189a9c63f,1.0891373710858305,0.012800355989004896
weibull_softplus_unscaled,table9,external_development,0,-1,delphi_3e18_39bucket:1583e0fcd8684efdb53f5dba40c3ee266a316d16da17c423933aa17c59399bb4,1.0367645166630488,0.010991518726309539
weibull_softplus_unscaled,table9,external_development,0,-1,delphi_3e18_39bucket:168c44d2006162a6a570833acdedfc0e9cbace3ee8b4582d93c0d17b9a8f62dc,1.193521619753216,0.01721964621221719
weibull_softplus_unscaled,table9,external_development,0,-1,delphi_3e18_39bucket:180f3fe5f075a653053c6abb3614d3d97e4e8bd81a9bf3339b610420a3e507e1,1.09194595739298,0.004479154861567677
weibull_softplus_unscaled,table9,external_development,0,-1,delphi_3e18_39bucket:18a99a3351245092d3769f803d6ed42ad1446d61d00a6145d3ab0f7eb370ad43,1.1891441727500833,0.01723832808188881
weibull_softplus_unscaled,table9,external_development,0,-1,delphi_3e18_39bucket:19e6d0a05b7cc0e501b20e580b9d694acf4b47aafcdbc8afc3840bc26b8e9183,1.1860065086003635,0.01709964286988653
weibull_softplus_unscaled,table9,external_development,0,-1,delphi_3e18_39bucket:1abe87613ee3136eb10062b5549438b1593f06bc22629e4f06a79dc512925a09,1.0791962658238017,0.011888001170099593
weibull_softplus_unscaled,table9,external_development,0,-1,delphi_3e18_39bucket:1bd2258fc50c2f2300cfee3ccf288fcf65b55a83f6f4e754166ad83968fd2bc5,1.1964921372824846,0.016978593247302217
weibull_softplus_unscaled,table9,external_development,0,-1,delphi_3e18_39bucket:1c82f47a17303f1c725bb67357c5df989e689eab6ce331e314ec3f25166ddb7f,1.178438557491289,0.016853369922135805
weibull_softplus_unscaled,table9,external_development,0,-1,delphi_3e18_39bucket:1f764babd33705edc89b9384b3ade86c50adefb121d72a48eead725f2f99fdbb,1.2066008767819536,0.017488978129010162
weibull_softplus_unscaled,table9,external_development,0,-1,delphi_3e18_39bucket:217fcc24bb6f19269acad2fd83783863fb8c38fe10b23c82e8d4650e3c20af96,1.0214005779589646,0.009131816463617132
weibull_softplus_unscaled,table9,external_development,0,-1,delphi_3e18_39bucket:2217566357ae6eb4d1e0a63ed7d1b5f74bf85feb4a34fc2294075abf4779dc8a,1.0724647072613287,0.011761081075488062
weibull_softplus_unscaled,table9,external_development,0,-1,delphi_3e18_39bucket:22435fb72d5378f38e67f149c5327cefd8299de7f2802d207068e148a654d87a,1.0151599214306926,0.010607365540154783
weibull_softplus_unscaled,table9,external_development,0,-1,delphi_3e18_39bucket:244c4cf1cc1aff8a4fa4a6620ac3c4e89194a0edec3d369e2d5c5a3ffc611fbd,1.1912521697063245,0.017508675598997936
weibull_softplus_unscaled,table9,external_development,0,-1,delphi_3e18_39bucket:257cf9d7063698fc7195b8f86bda6fdb70aa44cc6560c09437872f7afc15b3c7,1.1926336089399672,0.017394316061968222
weibull_softplus_unscaled,table9,external_development,0,-1,delphi_3e18_39bucket:2805171d708ffa47ad55eebdded48bbe9184de34aaa01c764857896330bd5ed8,1.0496429558367706,0.01155934186591042
weibull_softplus_unscaled,table9,external_development,0,-1,delphi_3e18_39bucket:28e9f00790cb0f3bd8eab6e67ab5ed390d4a8f9511b50e2c3b127fed84907f83,1.1939319380168647,0.017614221687694696
weibull_softplus_unscaled,table9,external_development,0,-1,delphi_3e18_39bucket:29879913509e18c14302d4122cd80d460dbe36a86de1b841546532b10ae498e9,1.0365997495471184,0.010010189562058439
weibull_softplus_unscaled,table9,external_development,0,-1,delphi_3e18_39bucket:2a97310a9690d4c4d3fba3c8cf2f4c53bec70f4ee6e7bc2798951d5fce110b5c,1.1916002943242943,0.017351757234864897
weibull_softplus_unscaled,table9,external_development,0,-1,delphi_3e18_39bucket:2b989adc23ee2e9de7f2785a0f77bb06f18f1c8af0a8159044271123a563cdb9,1.069776626562229,0.012586248792352083
weibull_softplus_unscaled,table9,external_development,0,-1,delphi_3e18_39bucket:2f021c092554cc1c442218ef631eef0b2b67a217256c18aa0380762934be6ef9,1.0884931888644676,0.012382679352068519
weibull_softplus_unscaled,table9,external_development,0,-1,delphi_3e18_39bucket:303bf27116162aaf5aad23c1dceb815464d35b45e7e0b3d737d78f0e445a7c48,1.154900379532617,0.015524096603235444
weibull_softplus_unscaled,table9,external_development,0,-1,delphi_3e18_39bucket:329d432004aa55ff655af8af17bade03a9b3dd241ea3c9e87a7dbbeb1dc1b1d6,1.1844161173077121,0.01689609760104628
weibull_softplus_unscaled,table9,external_development,0,-1,delphi_3e18_39bucket:3614e5ff6454c53dc1b4848cee125d2bf986629dee4783b90415bc92736347a1,1.0673205907935912,0.00898436217927169
weibull_softplus_unscaled,table9,external_development,0,-1,delphi_3e18_39bucket:38b51fbcfa5c77121be6726dc68a28ce5ab9452aefd61be07d82e359fbdedf79,1.083235176129298,0.009359021664454004
weibull_softplus_unscaled,table9,external_development,0,-1,delphi_3e18_39bucket:391b0859fe53bf6c9da14d9694a7f85f766f8d8225b48942c840d1f3bebe7876,1.1058443629306205,0.013572607130487637
weibull_softplus_unscaled,table9,external_development,0,-1,delphi_3e18_39bucket:39df5a66a6bcbdc5f52f9f37dfd15b1fdd08a415743db8fb17cc8b0512ac963f,1.2480722031209257,0.01803307304496542
weibull_softplus_unscaled,table9,external_development,0,-1,delphi_3e18_39bucket:3c5d1d0ddb5500239d26944a313e0c966e43abfabc203fcdb07d5db66f8dc712,1.0825212861037412,0.011444901984904743
weibull_softplus_unscaled,table9,external_development,0,-1,delphi_3e18_39bucket:3d3cd30314fd09b91f22ba82b732e228369abd03b55a27da937e0bca5a083a0a,1.186669349040998,0.017117866853225066
weibull_softplus_unscaled,table9,external_development,0,-1,delphi_3e18_39bucket:3d45f3bc22316f2c3a26d5af2662f5cc5b2e1214d7bf88bc7dfa2b034b89b076,1.080241283839245,0.011974510358076422
weibull_softplus_unscaled,table9,external_development,0,-1,delphi_3e18_39bucket:3de18a523f9dbadd83062cb454ad019820e391183b58003dd91dda53a4b13e1b,1.0983499096411777,0.0069698267399989165
weibull_softplus_unscaled,table9,external_development,0,-1,delphi_3e18_39bucket:3ec760a2d3f08ec7acbde5dd5b70f25acbb174767b5f8e54d028852120660c2d,1.0680465275906286,0.00812729066851582
weibull_softplus_unscaled,table9,external_development,0,-1,delphi_3e18_39bucket:3f18082665844ac4fa26e9c9e87ec9528a72d448eff278e6eb0fb7e1d4dc39bc,1.1167068279690548,0.01719079706538441
weibull_softplus_unscaled,table9,external_development,0,-1,delphi_3e18_39bucket:4148bb820fc709c78f6daf88c6822b7f28c7d1aba87c815125bab9cc0c715d32,1.1174940920921748,0.005237930275892513
weibull_softplus_unscaled,table9,external_development,0,-1,delphi_3e18_39bucket:419ee81cda8173e88f7ada544fce6e041beb00f9371af74edf51e3240616e6ae,1.0765382618293642,0.011190948677592513
weibull_softplus_unscaled,table9,external_development,0,-1,delphi_3e18_39bucket:435fc59b9f74ea68a12a16abcf01b49d1d751709400f056661ece786c4fb97f4,1.1941617790090346,0.01695584873328204
weibull_softplus_unscaled,table9,external_development,0,-1,delphi_3e18_39bucket:43a1b832b41d7b3705abe45be2d9a39f606803f539c4bfc22f9bdb84abd4ecdd,1.1856353621937283,0.01710823284803046
weibull_softplus_unscaled,table9,external_development,0,-1,delphi_3e18_39bucket:44ce79a61450d4abf95809bf0fa221ae9d748008c8b5ae22fd8d3212c27a3fea,1.0740072947457002,0.010989678865886924
weibull_softplus_unscaled,table9,external_development,0,-1,delphi_3e18_39bucket:454b420da2501cc8413ce34639b91fba6c924e92d4acb602a12a4188a7bbac06,1.123859183839671,0.017875877461893536
weibull_softplus_unscaled,table9,external_development,0,-1,delphi_3e18_39bucket:45c4ebe12e4506146427d7cf86c80df51ee3636fdc90eec46c6fbcda132736d3,1.1963585366416423,0.017320979717844957
weibull_softplus_unscaled,table9,external_development,0,-1,delphi_3e18_39bucket:46346afc1e8f516e3cf8db030395bc5bdba3094e0d1d6ce3d9212fbb3736b08f,1.2149394826639768,0.0163307406253421
weibull_softplus_unscaled,table9,external_development,0,-1,delphi_3e18_39bucket:479b4c0d010ec8af266c712fad85c52a6b25371b206b9d3bea78ede611674b9e,1.2473154043107328,0.016456517071194783
weibull_softplus_unscaled,table9,external_development,0,-1,delphi_3e18_39bucket:47f173bc0284dd1f8264d5a01dd8a2fcd9c04165efed2d185d16e1684ae02254,1.1364655290885801,0.011022047335981324
weibull_softplus_unscaled,table9,external_development,0,-1,delphi_3e18_39bucket:4925c3287b201af1db9d1972026e9bf6b2b76a75673de01b83cd6af4965a90c1,1.0627618488900772,0.011780557416370687
weibull_softplus_unscaled,table9,external_development,0,-1,delphi_3e18_39bucket:49605a406a87e4b29ff1058b67cff48d00f583ed007d73fd163a37ab3f1ef415,1.1009703538793119,0.013044540778715774
weibull_softplus_unscaled,table9,external_development,0,-1,delphi_3e18_39bucket:4d2a9f8e18ebd65e0860eaa7996c71b4bc666ece79a59f99599bf658eaaf1ca6,1.2664429020012418,0.020056375466352215
weibull_softplus_unscaled,table9,external_development,0,-1,delphi_3e18_39bucket:4dcd25089f067b1c4aa3d94b5a6046e58c872c7192b21d095899daf4324f9073,1.2775511360152336,0.02168191584877125
weibull_softplus_unscaled,table9,external_development,0,-1,delphi_3e18_39bucket:51ba2b4f2f488f8c496f545e752754c9e324fea095988aeafc121d14587f9440,1.06063241695835,0.011612246373298081
weibull_softplus_unscaled,table9,external_development,0,-1,delphi_3e18_39bucket:520b93fe83078f785e1745d02d62d4de498b2d844861b920f20ad9fddb96d966,1.0953255664089174,0.010350092148178726
weibull_softplus_unscaled,table9,external_development,0,-1,delphi_3e18_39bucket:5268fc7970fdd1757c78b3d28d3b4a01e39ae7eb48d9eff786688b6aa8419e2c,1.2021444162285837,0.016641607702870678
weibull_softplus_unscaled,table9,external_development,0,-1,delphi_3e18_39bucket:5302a3d504bc827eb82480e47fa5f9369b2a34a9073980d5a79b7b11472c3d35,1.0811716302175967,0.011900047363109952
weibull_softplus_unscaled,table9,external_development,0,-1,delphi_3e18_39bucket:5304e9320d8a83ce4fc5f0c3d55748a46b482bd39654250154a2e9b9b1f11612,1.008098622774328,0.009488317701408025
weibull_softplus_unscaled,table9,external_development,0,-1,delphi_3e18_39bucket:547f1880e12c632add60347ae92abf186e58bd4549de02831f05f117476ccd27,1.0532849888449087,0.011229119005026336
weibull_softplus_unscaled,table9,external_development,0,-1,delphi_3e18_39bucket:5653d17dd718ed001c50f11b1296a0b6c437549494c3ad1c8cb1b53da2629181,1.0727558316363275,0.005894818185808988
weibull_softplus_unscaled,table9,external_development,0,-1,delphi_3e18_39bucket:569f2fae296c65c150355a111967e64f0458d6d4e4e6695bdad8510e2d957522,1.0558022145998067,0.009913714476343382
weibull_softplus_unscaled,table9,external_development,0,-1,delphi_3e18_39bucket:577ebf44b0802041939fa396b991d55566e0430342ea4e86916d0a09526dfc7b,1.136377668582931,0.01707952798673357
weibull_softplus_unscaled,table9,external_development,0,-1,delphi_3e18_39bucket:587d99c210755fe678009083951edbaf5f30125b9a9228c07223908788f4efbf,1.1163520958572253,0.017396983501533313
weibull_softplus_unscaled,table9,external_development,0,-1,delphi_3e18_39bucket:593cd68cc1f7693b8781f426fd8bf633d814852c98cef69f1dc0e05aa749a4a8,1.1958649974880595,0.01699107449844678
weibull_softplus_unscaled,table9,external_development,0,-1,delphi_3e18_39bucket:5969f449d772b308738c1973bb8124a9388da3145bdcd4dbf580903e8aa5ae45,1.0499101762396896,0.00544407300800386
weibull_softplus_unscaled,table9,external_development,0,-1,delphi_3e18_39bucket:5a6c87e0a035e4d18b7e137b2cc16b00806f8d1ef126cc1b3e98ec648866cd95,1.0544014606142085,0.005560881198792676
weibull_softplus_unscaled,table9,external_development,0,-1,delphi_3e18_39bucket:5bab89a350083bbb82d43430d716a115110122a55cabce94a4c485ba7cfc7890,1.0735536807246229,0.011155538718103243
weibull_softplus_unscaled,table9,external_development,0,-1,delphi_3e18_39bucket:5d327ac229879291117268bc6336e58c8152465241259a6f06a7977096c2cbab,1.0961479311113898,0.01205839074769596
weibull_softplus_unscaled,table9,external_development,0,-1,delphi_3e18_39bucket:5d81c990ff3f85d604963810f29b83410738a33c030bdad16230497701c673cc,1.1169875692952136,0.013242406458745111
weibull_softplus_unscaled,table9,external_development,0,-1,delphi_3e18_39bucket:5da4a1f0602a1c573a15377a4719b3b792d3be63656c74bcdef8bd988e67c292,1.0671509942582007,0.011333283999283763
weibull_softplus_unscaled,table9,external_development,0,-1,delphi_3e18_39bucket:5f70df28cce5d870961ea81fd9171415d174214efb666d244008771b3f8a8132,1.1413429906009172,0.012650777885512879
weibull_softplus_unscaled,table9,external_development,0,-1,delphi_3e18_39bucket:5f8f1118125ab64ed7032396f431fe7a879ad10627850bcd4cebb2b9c12c9c22,1.1922825903941727,0.017204490222486973
weibull_softplus_unscaled,table9,external_development,0,-1,delphi_3e18_39bucket:6233cb472d97f01738aec435e826103682ccfd8390ef3bf6783341c9818b9043,1.1010886149964043,0.014573096512871829
weibull_softplus_unscaled,table9,external_development,0,-1,delphi_3e18_39bucket:635528e5e2a0e881124caf31eb8cf68a81b7afe38b50630e57e736edbdd31013,1.119179931626069,0.012678197313658568
weibull_softplus_unscaled,table9,external_development,0,-1,delphi_3e18_39bucket:643213b3d69a274b198c42fc5df8e2e33accfef69d26786274a4e3f0d3ff1eba,1.0749661472417307,0.012450838575160494
weibull_softplus_unscaled,table9,external_development,0,-1,delphi_3e18_39bucket:64f4ce182df0f4dc266d00d5177554ae26d369be6d6fdc42e4020ce4c159e038,1.1515218591096499,0.01900688405140306
weibull_softplus_unscaled,table9,external_development,0,-1,delphi_3e18_39bucket:67219c03d0898c3bde8548203483153b8dab3ed4fff577a865554213c097934e,1.0788111596110097,0.009667743661664919
weibull_softplus_unscaled,table9,external_development,0,-1,delphi_3e18_39bucket:6804300e425006b08f97520a7f6c9bba13378a0b6b02edcbfec5611e5ca0c44d,1.0511399121993423,0.011131308612463742
weibull_softplus_unscaled,table9,external_development,0,-1,delphi_3e18_39bucket:68195b7435e250fecfae0a4a43494aec7a31a5058003835e9123c0d9e17c5779,1.1930011727844385,0.01736810358011107
weibull_softplus_unscaled,table9,external_development,0,-1,delphi_3e18_39bucket:685f65df9a5d97bc32080e3b868a666285be0939d78e0a811d378657ee757244,1.047947620475417,0.005293011797970759
weibull_softplus_unscaled,table9,external_development,0,-1,delphi_3e18_39bucket:6a6a57cc90489b1821b2d65721b9c2e1d907405a1cb08fb12b0a637f75a245c7,1.2163141111113887,0.016736844008954806
weibull_softplus_unscaled,table9,external_development,0,-1,delphi_3e18_39bucket:6b35fe0f0f1836e028d532783d26a896a624c7a1b735b664c912826d6046ade7,1.1923808801514038,0.017468117672079085
weibull_softplus_unscaled,table9,external_development,0,-1,delphi_3e18_39bucket:6be8998407711e41d66a8387ce4264ca2d324918221eafcce587dcead56348cf,1.069941306227752,0.012163788725480415
weibull_softplus_unscaled,table9,external_development,0,-1,delphi_3e18_39bucket:6c651e55ddca05236b7de3e3673e1b135e1bafa15edb691f8d6ccfe12505a49c,1.1321371339957187,0.014252763096130201
weibull_softplus_unscaled,table9,external_development,0,-1,delphi_3e18_39bucket:6eff5c2c6d0c6033485ec4cb97a6edae6de89063ea34c89f669ff4e4e0629eea,1.2040906723254565,0.01766732833817249
weibull_softplus_unscaled,table9,external_development,0,-1,delphi_3e18_39bucket:7085b12019ff35a054c005d424eb8596134e288c7ecaa2596bb4b5711eb66326,1.0473920376260386,0.005051620904757611
weibull_softplus_unscaled,table9,external_development,0,-1,delphi_3e18_39bucket:7132c13eee4b70ca34a33f9a9ae7366f1bfa0fced8aaf9fa0323bc319b97506a,1.2021305267929914,0.01589239266699107
weibull_softplus_unscaled,table9,external_development,0,-1,delphi_3e18_39bucket:71eb42d48f6b6a336390c690ce1e47364dfe485e2a4f06e168075c88b0def0a9,1.2639444844843393,0.013380469904432276
weibull_softplus_unscaled,table9,external_development,0,-1,delphi_3e18_39bucket:742dd349c1fbc18af63f516a37aaff216490071ad5e744e3cf744b4b49367d40,1.2109047101848658,0.017519421322428546
weibull_softplus_unscaled,table9,external_development,0,-1,delphi_3e18_39bucket:74bdb4e6f472459381f30133f60e19e24a54f6c7d8a9fc845b5471d668934b4d,1.0438091558789502,0.009338512156376601
weibull_softplus_unscaled,table9,external_development,0,-1,delphi_3e18_39bucket:789182d5189317aa9b8640cc1bce52e2c170dc32657677d3a4108620bcbb7f05,1.2021399785123181,0.017905966762258474
weibull_softplus_unscaled,table9,external_development,0,-1,delphi_3e18_39bucket:78b2e8346a4519dfef462b8376a77bc4e1d601f8933e6641020cf0eb7e48efc0,1.1683267739865608,0.017339435162828175
weibull_softplus_unscaled,table9,external_development,0,-1,delphi_3e18_39bucket:79faa6a5b2de9e64c364af44aaa762e31a637c87c7c6d57002f957ef71cbeb84,1.0571115624428735,0.010157877793832853
weibull_softplus_unscaled,table9,external_development,0,-1,delphi_3e18_39bucket:7c9cf8d99e2a20bfcf7060b220169c9ae7c13a5c2cfaa96022cc97b063759fec,1.1310078244133992,0.01419753001773373
weibull_softplus_unscaled,table9,external_development,0,-1,delphi_3e18_39bucket:7d6e5bdf2421a78af620ea6ac7975078e405a629c7642ced529ef76b1f6bba54,1.0571103566893554,0.007560862920786115
weibull_softplus_unscaled,table9,external_development,0,-1,delphi_3e18_39bucket:7e55a3661a634ab042b0d907f35856d18f479e608ad474942aa5a6ecf7f9f033,1.100470242192643,0.013613121968653226
weibull_softplus_unscaled,table9,external_development,0,-1,delphi_3e18_39bucket:7ea661be2a7587559cb8925e1eb21820cb040c4cd7a883b0f24803c308d3fb41,1.0645182765925947,0.010478809426775171
weibull_softplus_unscaled,table9,external_development,0,-1,delphi_3e18_39bucket:7ed367f16179f0147cfe76808f461bb876363b57665b8e5485529577f7dd5210,1.1205741129017048,0.012245907557008537
weibull_softplus_unscaled,table9,external_development,0,-1,delphi_3e18_39bucket:80b7399fe369d7309377bca271430df48654b77c59f6f9809f09f49a62c14c95,1.0608525229400798,0.0008080212579600644
weibull_softplus_unscaled,table9,external_development,0,-1,delphi_3e18_39bucket:80cd1b3538923f0a877e5c9e8a78b526e337a71951c52c3ed2fabe91e7daeb69,1.0778346123517433,0.010192387388249362
weibull_softplus_unscaled,table9,external_development,0,-1,delphi_3e18_39bucket:80ef0b613e000a82657443770642af353463be1258804e7d9a261d13e6d4476b,1.2828648098614368,0.015784083719389726
weibull_softplus_unscaled,table9,external_development,0,-1,delphi_3e18_39bucket:81329096cd24fadc9f75ffda9d87c90de1dd4f27e19160c1a0ab25986bc2213e,1.0611579375404077,0.011731187936375856
weibull_softplus_unscaled,table9,external_development,0,-1,delphi_3e18_39bucket:81cb45a36b39811750d0ff0f4375bddfcf30514d23437ee76f5f2fb9aeef22de,1.077500888228156,0.011747632418998533
weibull_softplus_unscaled,table9,external_development,0,-1,delphi_3e18_39bucket:83255fbba7f49b8b85c42635b9dfbb84761b39c2df55f527fecbf415d75bdb19,1.0840826237527939,0.01030658311419216
weibull_softplus_unscaled,table9,external_development,0,-1,delphi_3e18_39bucket:85cf736312d9c54d30d33e799831eace88d4de508ed9795dc06bd89296394ffd,1.1366784086798902,0.017206179734434505
weibull_softplus_unscaled,table9,external_development,0,-1,delphi_3e18_39bucket:869e1d284e219525aaf5d7d275906629688a62da31308f8af724cf8e4e5d9f87,1.0786112732103281,0.012543544324221893
weibull_softplus_unscaled,table9,external_development,0,-1,delphi_3e18_39bucket:8742e8c2e0296f55b1c137dd55f16cb74ac4383a6910e9d287ebe64de86fef97,1.0046324469256258,0.009183653607118676
weibull_softplus_unscaled,table9,external_development,0,-1,delphi_3e18_39bucket:8764bd229418c70dbbe599973cafc92f4d5c6b32008b9660f4dc1c2b9ea05ee6,1.0556668647133773,0.011332963431373067
weibull_softplus_unscaled,table9,external_development,0,-1,delphi_3e18_39bucket:87837653d9cdc600c37c55a28dbdbbafffdc6e81c912de2423ff4dd6118f5f0a,1.1919790255603533,0.01752704200154113
weibull_softplus_unscaled,table9,external_development,0,-1,delphi_3e18_39bucket:888cfaf89d4295f594e70e228c529e053cfd95543a8db5dfe5873174591305d6,1.061345976079458,0.009945597988329063
weibull_softplus_unscaled,table9,external_development,0,-1,delphi_3e18_39bucket:88da80acdbb077326baf06c1ee5ed44df4ccf2d1c95d0225144a1ef721799941,1.1919051248393968,0.017403370238529375
weibull_softplus_unscaled,table9,external_development,0,-1,delphi_3e18_39bucket:8a5e02daa1e8fdf2a742a34c43f9a70bb723cb9f61bc5fcfe9694679bdaca30e,1.1908289474919402,0.017410995762913696
weibull_softplus_unscaled,table9,external_development,0,-1,delphi_3e18_39bucket:8b6fc2228a641c15336b0a2f6243168c75a92ef85a25feac87bdbcb80fa0ce3e,1.0823182947860492,0.009614547507117608
weibull_softplus_unscaled,table9,external_development,0,-1,delphi_3e18_39bucket:8c377f234db2429719cde7dad4993aee8d5ba1a1b9fc4bb1edecd7ce3c71c7ba,1.1949351650969717,0.017062818198790294
weibull_softplus_unscaled,table9,external_development,0,-1,delphi_3e18_39bucket:8d8d29d13a22ae384d9c1d2602fbdc405a2944615cac1839a8fed0a4f1cf92cd,1.0467548966722515,0.006420888932001502
weibull_softplus_unscaled,table9,external_development,0,-1,delphi_3e18_39bucket:8e07c6e265071fba3115ceab986006dd4518361d77cde815c233b3b70a3ffdc0,1.188500952124158,0.017175629708045197
weibull_softplus_unscaled,table9,external_development,0,-1,delphi_3e18_39bucket:8ef412ceada2d7ce755116002b185f9a484e1bd67269fffa0bb96a36e49f1b57,1.0939599001754607,0.013102020816981684
weibull_softplus_unscaled,table9,external_development,0,-1,delphi_3e18_39bucket:8f9d336e61271fad2de609d91cff46986aa0a18d154f1bb47311d58529798e70,1.036796420996771,0.012380470525505938
weibull_softplus_unscaled,table9,external_development,0,-1,delphi_3e18_39bucket:8fd1ba3a337f5601be326ee3fa5f02778374cd45763940f906a747ef581271a2,1.0858623223705406,0.014851178061459368
weibull_softplus_unscaled,table9,external_development,0,-1,delphi_3e18_39bucket:90dba2fc8d83436f4853eb165d137a40b833acc83db632ba583aa912e43b733d,1.0157604891250775,0.009945618761457714
weibull_softplus_unscaled,table9,external_development,0,-1,delphi_3e18_39bucket:90f52ac0608eb5e98056e42a1f2c4baf179f331a5a38fab70ead512319850a58,1.0639797516592469,0.0009767763767114903
weibull_softplus_unscaled,table9,external_development,0,-1,delphi_3e18_39bucket:915788dcc658ef8459d4fe90196613e360eb9a4655570e26ccf506b5a28854fa,1.0644670567014876,0.01335058301751231
weibull_softplus_unscaled,table9,external_development,0,-1,delphi_3e18_39bucket:937f2ad80bf81c490b47d4ffa2a834687d935ca5b8d1aac556126ed037de7674,1.2338205628968844,0.0162847720442856
weibull_softplus_unscaled,table9,external_development,0,-1,delphi_3e18_39bucket:9402f0aef28710392a371f6c2d00b98a0838d825536798d42069e950307c4c99,1.0836671683262686,0.009260641834801606
weibull_softplus_unscaled,table9,external_development,0,-1,delphi_3e18_39bucket:97a9a5ebb9cef7528b5a1da0e741881159e16d17debe1bae0a412102ad3ef173,1.0882607476558723,0.010837726627886362
weibull_softplus_unscaled,table9,external_development,0,-1,delphi_3e18_39bucket:99a1fe189ce40a2f048415cf2c9d05a5d0869a5118c2c936a4376cb325c23e68,1.0656891391494567,0.001193373008980052
weibull_softplus_unscaled,table9,external_development,0,-1,delphi_3e18_39bucket:9a343b0b93b0bad4f87152437bb40a403f7be5b9f572cfae5e7703e50bc7093a,1.2608624130022967,0.01916415805390464
weibull_softplus_unscaled,table9,external_development,0,-1,delphi_3e18_39bucket:9a66aeb4da20d6cb985f60b618c35fa92cb849c3995c7701c5b8b9785a935f95,1.192542471124193,0.01713372486932366
weibull_softplus_unscaled,table9,external_development,0,-1,delphi_3e18_39bucket:9b478f9223e98b33f203281ad106af33651a711905e81c6425afe46d362783dd,1.0591210661011057,0.011280483590509548
weibull_softplus_unscaled,table9,external_development,0,-1,delphi_3e18_39bucket:9cb37ee04e914fba68e7aa6ea382c6a5dcc2b405ec78b251b537abc8f70b15f2,1.2668762615453524,0.014087965217850744
weibull_softplus_unscaled,table9,external_development,0,-1,delphi_3e18_39bucket:9d67ecf7ca42caa8c17072acc340447c75d621fa7f6328d104f5c9aaeb7ec6e0,1.124650714863602,0.01415003889747024
weibull_softplus_unscaled,table9,external_development,0,-1,delphi_3e18_39bucket:9dd4959b60a619086be7a961944fc3ecdd885a9e689014e9469cefc96b05d519,1.2018911450996934,0.016726876480268354
weibull_softplus_unscaled,table9,external_development,0,-1,delphi_3e18_39bucket:9e9c69194eb0212d58b2cd82c37cfb3cd0425cc53145c90e62e8fdaa0146b72c,1.2350136619898011,0.020405384210788535
weibull_softplus_unscaled,table9,external_development,0,-1,delphi_3e18_39bucket:a06702de740002664665137e4b38e0b8da850b54fa2b60043b07648bc7865e0d,1.1956229263848193,0.01738716080908328
weibull_softplus_unscaled,table9,external_development,0,-1,delphi_3e18_39bucket:a112249e06f01c4b89fb7ab08cab57efeda282d92742f4cc252467705cf190b3,1.082774977389434,0.011823716189563469
weibull_softplus_unscaled,table9,external_development,0,-1,delphi_3e18_39bucket:a1a917b1981fc2cad2c2759dccf963b51fb941fd9816c49087f7b119545d4161,1.039363883098702,0.009801873806964899
weibull_softplus_unscaled,table9,external_development,0,-1,delphi_3e18_39bucket:a2e9ef04947000c42a5fce44f079afd6c9a82405871f0ae796e3a23c09bdcd60,1.1058844410220408,0.009758109362436219
weibull_softplus_unscaled,table9,external_development,0,-1,delphi_3e18_39bucket:a33494886bea818345f1c4e736142dd31e9b8963c77dda49d14b97936f38ad95,1.2014973882972075,0.018619842688206083
weibull_softplus_unscaled,table9,external_development,0,-1,delphi_3e18_39bucket:a446352f8ea28f09e4c49fbb12b233c435b553f9d70c492c7073b7bf49c30026,1.0382401217888562,0.008859799894936602
weibull_softplus_unscaled,table9,external_development,0,-1,delphi_3e18_39bucket:a49233d8ca277189ab0cffa6075e2cba9b34d183388b505c02e9a17d70d7b1a8,1.1778163073354133,0.016943175339543155
weibull_softplus_unscaled,table9,external_development,0,-1,delphi_3e18_39bucket:a65d5c88e37d14e7e1c7bc24772a174122d7735d5bb9401952c2c43a9e52bcb0,1.1929969435413676,0.01727825508338283
weibull_softplus_unscaled,table9,external_development,0,-1,delphi_3e18_39bucket:a6f8ee66180ee4f314eaefad2d4a4d32b2dca4cca30189c172ec69c8e429a20f,1.003944563851601,0.00893615449964791
weibull_softplus_unscaled,table9,external_development,0,-1,delphi_3e18_39bucket:a9443e4734c22f757147884341c62ae38299464729f87ed9ebc619cf23b893a1,1.191943338204195,0.017415058973559168
weibull_softplus_unscaled,table9,external_development,0,-1,delphi_3e18_39bucket:a9fad6c5f1a36df4b0cd5664cd0bb595654bf66783a68cba6267d2877016bdfc,1.089094172805189,0.011452659029907124
weibull_softplus_unscaled,table9,external_development,0,-1,delphi_3e18_39bucket:acf47cd01afab11ff0fcb7160374abce76a2944fe7a7540d228c251e9321640d,1.0302336481569174,0.010652630079246736
weibull_softplus_unscaled,table9,external_development,0,-1,delphi_3e18_39bucket:ad6cc7dabe4a5d5d4ba13920311e4ef81127a10801519d719266222379ae77b0,1.0526599709831927,0.006936492911135068
weibull_softplus_unscaled,table9,external_development,0,-1,delphi_3e18_39bucket:ae0dded03badca9af71c45d67446f487f2de6f1c7152b6c1a2d3ecada8a9d714,1.1913097634932588,0.017326250685603933
weibull_softplus_unscaled,table9,external_development,0,-1,delphi_3e18_39bucket:af23052e9bb0568d854252c7e9d912d01127effa106d2a440fdce6cbb8742532,1.0467726589953228,0.011424530633788873
weibull_softplus_unscaled,table9,external_development,0,-1,delphi_3e18_39bucket:b0cb7fc00e70c87e1210c38349ab8e80c514b61f5bf14e6e4d3a1e054d88183c,1.0415210606406997,0.011208776920428017
weibull_softplus_unscaled,table9,external_development,0,-1,delphi_3e18_39bucket:b1168e54ae7e32586bd89eeaf38a318cd349cbd8750efb93612a79f756b5f1f7,1.1955837851433981,0.017007388833880036
weibull_softplus_unscaled,table9,external_development,0,-1,delphi_3e18_39bucket:b24484975c0fdb42bc7d421c371e91d35f685b6538fffc7050e857d97e5348ff,1.0832609700688027,0.010392547042151564
weibull_softplus_unscaled,table9,external_development,0,-1,delphi_3e18_39bucket:b2e9ddb8f35e322ed0b092df87cdc78e620b2de7818b2a7c9891ff0e9a2b2203,1.1053821485020365,0.011543785813818826
weibull_softplus_unscaled,table9,external_development,0,-1,delphi_3e18_39bucket:b3c3cd22e3dae4f77235a1bb86fcf08ae715bc018b78109510794e1bfbbec0d2,1.08303117916655,0.010659806873602014
weibull_softplus_unscaled,table9,external_development,0,-1,delphi_3e18_39bucket:b4019bdf109781eac2e9182593f4f84c5c51635d447918682e7ed12d25efdf1b,1.1935422129053492,0.017289032875091967
weibull_softplus_unscaled,table9,external_development,0,-1,delphi_3e18_39bucket:b4db7f9f5c435c1903537d5c944758a1e93d54c6a0fa3ddd19122f4e7b7298a0,1.0434027367701169,0.010422551640349935
weibull_softplus_unscaled,table9,external_development,0,-1,delphi_3e18_39bucket:b5ee1f40e4fe0358ac680a969cd93dfe1b00c483ee3b2d4ff4bc73bd6424437b,1.2609585766085702,0.021551971705233274
weibull_softplus_unscaled,table9,external_development,0,-1,delphi_3e18_39bucket:b6430b97f099d96863ae8ad7779c1bddc164c591ab12cc5ea266142e19a7cdfd,1.1913898118953419,0.01744254560488302
weibull_softplus_unscaled,table9,external_development,0,-1,delphi_3e18_39bucket:b785f71525744bfa0a8934b482dd570356bebd37292a9b70af0b1a2cf45d9e69,1.074967923119545,0.012024243889500316
weibull_softplus_unscaled,table9,external_development,0,-1,delphi_3e18_39bucket:b8bf59231f485a24fb35df8862c073595e1cb0cd30c999520e88797d047bfeda,1.1922924130251311,0.017525294593224692
weibull_softplus_unscaled,table9,external_development,0,-1,delphi_3e18_39bucket:b8c7bfd7161a0da8577d236f09c0ed25722a71943281d19f8b06065999e36ffd,1.1984860752571487,0.017198831753056004
weibull_softplus_unscaled,table9,external_development,0,-1,delphi_3e18_39bucket:bab1f73b1a1be66a924b70bb0fdb3a032f1ca3a1e246edb80c0f38d75143aed8,1.1925364781861523,0.017520473603236133
weibull_softplus_unscaled,table9,external_development,0,-1,delphi_3e18_39bucket:bd84fea18d97e337ca86db382439fe7990518cd6d78bfa8837b2e317c2bcd4ae,1.1909623086853194,0.01757431506438941
weibull_softplus_unscaled,table9,external_development,0,-1,delphi_3e18_39bucket:bf919587f3da29d0e32d10ac8a4e6f6c80f5a696953a34e5d9856c2fce2ce46b,1.1932915354608697,0.01753811018444803
weibull_softplus_unscaled,table9,external_development,0,-1,delphi_3e18_39bucket:c00c0d5d9f7b8d4f9d4a1f2f6845f4dd0f7effdd60e8da9e988daf574adff818,1.1077587907899447,0.011512887059507126
weibull_softplus_unscaled,table9,external_development,0,-1,delphi_3e18_39bucket:c08749305f6303b7d46f8c9478053948d5c036a6450977e8de388609b95a2443,1.1917282263603262,0.017727590802647318
weibull_softplus_unscaled,table9,external_development,0,-1,delphi_3e18_39bucket:c15c0a441754e3ca9b7ba442214315eb793714c1637ea6042915542863b4e52e,1.1915075703795934,0.017449947388425643
weibull_softplus_unscaled,table9,external_development,0,-1,delphi_3e18_39bucket:c404d7ca8f49357e32b5fe2d2331593e2c60a0fc7de1d05930f61c6534d6f758,1.1098594635198762,0.010591101966725015
weibull_softplus_unscaled,table9,external_development,0,-1,delphi_3e18_39bucket:c5ffa8e3d7c670e959036ab38016e0e17064fa12ac2fcba643c70b1ef25297b3,1.0697933761219085,0.013997360294875793
weibull_softplus_unscaled,table9,external_development,0,-1,delphi_3e18_39bucket:c6601f428a7e18377f34fa8ee9b58bb6a20e42c3abcadc04e7e64aef3ca82f2a,1.193538029325713,0.01721824918451538
weibull_softplus_unscaled,table9,external_development,0,-1,delphi_3e18_39bucket:c6cbc3ebaf486eecd75d04f449fdcc92c804765f512d2bceecde5c1aaa30dd39,1.113144104512775,0.015095796149224476
weibull_softplus_unscaled,table9,external_development,0,-1,delphi_3e18_39bucket:c721e392dcf2947fea2da8fcf1ef91d058c717ffb8e74e8402734e31f22578fc,1.2507857635971602,0.010590383257787748
weibull_softplus_unscaled,table9,external_development,0,-1,delphi_3e18_39bucket:c8a7abc202e6fa1b3d7cc9e00542979084efdddd63313db5c25669da85ad2b19,1.046099404086125,0.009223719238739323
weibull_softplus_unscaled,table9,external_development,0,-1,delphi_3e18_39bucket:c8a7b68f3dd8d7d2600dc1e56fb8af9e5dcb176edc162738d4eaff7b540cd53b,1.0642485228705996,0.014866578795454962
weibull_softplus_unscaled,table9,external_development,0,-1,delphi_3e18_39bucket:ca5106858b9b57cf944d35ebd150b6feca9287a4f1d0cc9d182be3e623f00fa6,1.0561751861979647,0.004814658497042094
weibull_softplus_unscaled,table9,external_development,0,-1,delphi_3e18_39bucket:cb32fd5b0fd8a23c495ee8d05996c1926f4be32607954211152e0db19572b8c9,1.054150993207481,0.011539376278792944
weibull_softplus_unscaled,table9,external_development,0,-1,delphi_3e18_39bucket:cb466766fe3b5296e1b15a347ff4fd4692400efc5cce4a696639c2129805162a,1.111082715352336,0.014154062498691795
weibull_softplus_unscaled,table9,external_development,0,-1,delphi_3e18_39bucket:cc2d283f3d5584275c7938fd4a0fadb9bbd9543dc9b5ae965f2d87df95c479ff,1.1293931539047621,0.015161798364654862
weibull_softplus_unscaled,table9,external_development,0,-1,delphi_3e18_39bucket:cce19bcdfb95a772d1f465a94498e69474d7f7235d46ab401d3d0543e73f9e3b,1.1915569448620582,0.01748866477893244
weibull_softplus_unscaled,table9,external_development,0,-1,delphi_3e18_39bucket:cd1cd78d6325f56e5c761e7042369262a032ce78f12fc6d47e4ebf1ce0894339,1.072205056161439,0.006760943486027981
weibull_softplus_unscaled,table9,external_development,0,-1,delphi_3e18_39bucket:cd8eec34fcd41e0cd76c6ef4d520fa83d6c6b5a1828c92c8c556ba4c806a58e7,1.131882035357814,0.014149280551062472
weibull_softplus_unscaled,table9,external_development,0,-1,delphi_3e18_39bucket:d097ba261d98ffe38b995691fc506821678d330c54b489b4d0e645e75c5e4e2e,1.0191501165685772,0.011490294433555016
weibull_softplus_unscaled,table9,external_development,0,-1,delphi_3e18_39bucket:d0b59aacb13e8749a0d761af5008890d6865d701d8550e40a60ca86f2e67ccb2,1.0493637722908389,0.011056530532822652
weibull_softplus_unscaled,table9,external_development,0,-1,delphi_3e18_39bucket:d160bb3271ba96668590d3b3c7781ad51718216823831c921585a8f73ffc9cf7,1.2263810954128944,0.018708687285754345
weibull_softplus_unscaled,table9,external_development,0,-1,delphi_3e18_39bucket:d1926d64591176c8020bee54efe637a248f4f8f8bf927613049d062dccff4228,1.195081108271657,0.017131341405339135
weibull_softplus_unscaled,table9,external_development,0,-1,delphi_3e18_39bucket:d22385a3b372ad3742331c911e6df47b6459dcc8f7e6ce58cd5dfc1ca901a754,1.1955232745964457,0.017089973829995626
weibull_softplus_unscaled,table9,external_development,0,-1,delphi_3e18_39bucket:d2cb05198ef956cc89df9b6aee5c76ace3aa353ea2a7316011503bff3c873c17,1.1190433923782446,0.01089673857779854
weibull_softplus_unscaled,table9,external_development,0,-1,delphi_3e18_39bucket:d3a383c91e3c36378540e209e50999c8d005ae2b08fa6bcda7f383834b2d5dd7,1.078776094177345,0.0023850661681195234
weibull_softplus_unscaled,table9,external_development,0,-1,delphi_3e18_39bucket:d3b53955f30411b3c382fe4844d1526d3c14d09844153a940230c4beceeddb73,1.066814519039812,0.008699362044717475
weibull_softplus_unscaled,table9,external_development,0,-1,delphi_3e18_39bucket:d3ffb3bd8e28eedb08376603e2c85cc3e83cc89ca533199775e943278e32c509,1.0339439908446928,0.009170809686811486
weibull_softplus_unscaled,table9,external_development,0,-1,delphi_3e18_39bucket:d6c7da8dacb3efe4cbd45ee0cdd899a5a606cc57be51472b188809093554e699,1.1917541338967548,0.017549556578240533
weibull_softplus_unscaled,table9,external_development,0,-1,delphi_3e18_39bucket:d6f6db3e0cc1a598f7eb00a7cdd40d78f821a9336eb0eaafc14da93a04575fc5,1.2183927964822137,0.018391826081210517
weibull_softplus_unscaled,table9,external_development,0,-1,delphi_3e18_39bucket:d82c377f5bda11f52b93db01e55fa25c844255cf016ad96b80cba7cc1e618d90,1.2007161244940372,0.016710975918637707
weibull_softplus_unscaled,table9,external_development,0,-1,delphi_3e18_39bucket:d87d478ea93a73fe0faec12048b20970bdefd41aa65888c79d1d35c24ec3556f,1.2054410818619967,0.018294799689903045
weibull_softplus_unscaled,table9,external_development,0,-1,delphi_3e18_39bucket:d941fe99995a0f675ffc09f1d7883ac2d032a87a00fdfc22e934c5e5ca0b3452,1.2170219418974213,0.01326927825006272
weibull_softplus_unscaled,table9,external_development,0,-1,delphi_3e18_39bucket:da68fd5e623c705387752f321a8116e319a7ae87670618ba096558effd2df550,1.0837317445589596,0.009035188103863709
weibull_softplus_unscaled,table9,external_development,0,-1,delphi_3e18_39bucket:dac1e0885f0941e15f72456af8f56424e1b8630c37344b54346219c98f5c5f0b,1.0551261668372098,0.011348891168119424
weibull_softplus_unscaled,table9,external_development,0,-1,delphi_3e18_39bucket:dc1f33b2668dfbb787d82df7f8e734431a829bbec2fbf8e9888d6eb582289a3d,1.037327918840674,0.010140229183711328
weibull_softplus_unscaled,table9,external_development,0,-1,delphi_3e18_39bucket:de0e4fef934b64c948d7c068f622295aabe99cb83c95ee0ad68b73c366c57402,1.1269357801182243,0.011308430470895778
weibull_softplus_unscaled,table9,external_development,0,-1,delphi_3e18_39bucket:e0965c961694035e43a1da45a771f8e07c074674ecad18c76460f7ac0eef2137,1.132397956208209,0.0153759014186367
weibull_softplus_unscaled,table9,external_development,0,-1,delphi_3e18_39bucket:e0a4d646094bff9aad92ca04cd9c5ca30c296001c0b7d65c3c20a1df0bd8ef08,1.204611933933214,0.01685986695472282
weibull_softplus_unscaled,table9,external_development,0,-1,delphi_3e18_39bucket:e283e505de0059b81a2b58a66a9af312bc1f3c7a7440e50c3fdcb3ff8213a34f,1.2208244224967686,0.01568938281181441
weibull_softplus_unscaled,table9,external_development,0,-1,delphi_3e18_39bucket:e29801c3f5ba907bd5cc224343efa34e4693142ccec5ad71fd943c60b2b3a689,1.185146013554448,0.01715490589554897
weibull_softplus_unscaled,table9,external_development,0,-1,delphi_3e18_39bucket:e371bb5a7b5ad1a86dec663c9450a27400d377093eb89ae1812af20716ad2945,1.0627031600592445,0.0155316915481659
weibull_softplus_unscaled,table9,external_development,0,-1,delphi_3e18_39bucket:e5053e4f4ef86036c3ebe93d055c63ec2da1a1a029cde76ea807a3890d0fd10c,1.0606120071045564,0.01496047786047656
weibull_softplus_unscaled,table9,external_development,0,-1,delphi_3e18_39bucket:e539e936365493312d15f1130d1c083871a779dc98689047fcb9d5ebd05191ce,1.090905594360447,0.012594964488496521
weibull_softplus_unscaled,table9,external_development,0,-1,delphi_3e18_39bucket:e55f4d10b3aedd9111e412c962fa53c063269d47d4571a980ba950ed937266ad,1.1924414784738602,0.017467397868845953
weibull_softplus_unscaled,table9,external_development,0,-1,delphi_3e18_39bucket:e65243af3fc92306e4aa4ea80d2c3f7aa6058bba97560ecd10959066d8d64383,1.2419586669016192,0.0187177565358585
weibull_softplus_unscaled,table9,external_development,0,-1,delphi_3e18_39bucket:e7d55ec7f15fc194cb4e857322dc1533eddb16463ccf163eabfcdd530a051d5e,1.070347626282199,0.010360685394679093
weibull_softplus_unscaled,table9,external_development,0,-1,delphi_3e18_39bucket:e890ab2bc556a0858503bfe95cb5a9f21eb6c1c6dc14818358fbe0f1f321f9eb,1.1914501202614536,0.017508918478684892
weibull_softplus_unscaled,table9,external_development,0,-1,delphi_3e18_39bucket:e8cac18abed6dd3d662e4660ad3b431000e291340c4fe937b2937ad6a00fdb1c,1.196094473718515,0.017257353236723335
weibull_softplus_unscaled,table9,external_development,0,-1,delphi_3e18_39bucket:e8df5e6e4d008b052d6e1ad64acc1fec9b2a47d27ba17bf21c0cd6d7b4b6cad5,1.0341571341747362,0.008779490098274162
weibull_softplus_unscaled,table9,external_development,0,-1,delphi_3e18_39bucket:e8e86e247324e07114d17c3fe9b93415a22bc9d717bbeb492e8a949f59ffc574,1.2030984847639723,0.016750163245334234
weibull_softplus_unscaled,table9,external_development,0,-1,delphi_3e18_39bucket:e94c007e41ca009494ae3d9ae036d21271d6bb27b49c3b9d77a9d9148a879241,1.1106726244047271,0.013510100403412408
weibull_softplus_unscaled,table9,external_development,0,-1,delphi_3e18_39bucket:e94c9cbd4ee682a9780bbcea3bf6df3497572253ed953eef164fa75ea4f66a2c,1.2321934441201852,0.017911369067257866
weibull_softplus_unscaled,table9,external_development,0,-1,delphi_3e18_39bucket:e9c1eda31f2f4a0c52041968162f0f0ce4999866274b5690e4e05fda24a4bc2d,1.0752659428401437,0.011243848718658888
weibull_softplus_unscaled,table9,external_development,0,-1,delphi_3e18_39bucket:ea37effb52c1862ed6fafb478558f7d891c703943be66cd2416bd5c491bf7f6b,1.0364729406397557,0.011742458530739294
weibull_softplus_unscaled,table9,external_development,0,-1,delphi_3e18_39bucket:ea6e21bef589c2d52505ca81bef558a5da03e4625174320ea8242417e2382d77,1.1869771428854885,0.017009576043698408
weibull_softplus_unscaled,table9,external_development,0,-1,delphi_3e18_39bucket:ec06eca900d6ea9ba81679ee6cca83871b018289aec1505cba76db1fc87b6802,1.2334688517213441,0.018326320679005043
weibull_softplus_unscaled,table9,external_development,0,-1,delphi_3e18_39bucket:ee02c34fe2e5760160a4803e862cb1c4a623ee45da4d9adfdaa5aa9483dc78e3,1.1956506326102667,0.0171790650347763
weibull_softplus_unscaled,table9,external_development,0,-1,delphi_3e18_39bucket:ef9f6cff6e4ea378dedecb72fceac0bdaad839d03f007c4afe577e29dbb99b4e,1.073565149934804,0.009886613939587048
weibull_softplus_unscaled,table9,external_development,0,-1,delphi_3e18_39bucket:effc4e48644f5aac8669d7cfde80db853124d6263860d16ab4f3958b1ac4eeb5,1.1384394114934437,0.014869456456179462
weibull_softplus_unscaled,table9,external_development,0,-1,delphi_3e18_39bucket:f232b9fe34f7b04ebbfe91eb3239213c0003a3e608e279780f47e6c545811bb3,1.1956103811628465,0.017392983528118005
weibull_softplus_unscaled,table9,external_development,0,-1,delphi_3e18_39bucket:f387ec3241cb7be9b883e93ed53e1940f5fbf725f14ef13b1c76e1634c9e0704,1.2483900150147946,0.01335296856448528
weibull_softplus_unscaled,table9,external_development,0,-1,delphi_3e18_39bucket:f597d4a7586698fbbc1b854337589ff532c04fd4a54699ae6665043e95934555,1.066956805305261,0.010046587761890335
weibull_softplus_unscaled,table9,external_development,0,-1,delphi_3e18_39bucket:f8a8e264e7f30fe85c514e532e5f6bce8d2037da8458a757b0383f7dbf072f25,1.1890297707391224,0.017241176727558215
weibull_softplus_unscaled,table9,external_development,0,-1,delphi_3e18_39bucket:f9bb0369b872fcb08e26e8d0629e52b1cb543956824511bc69a1d81d84b8e766,1.087782088818054,0.01339789379456207
weibull_softplus_unscaled,table9,external_development,0,-1,delphi_3e18_39bucket:f9e349b2e05d04e16162ae18c9cde10806824cee16faba2af2564f533559151d,1.1849517059672792,0.01718999676260737
weibull_softplus_unscaled,table9,external_development,0,-1,delphi_3e18_39bucket:f9e5fad6cd843eef1ec963c775019a7ed2d37fb9fc6d6458f98c8bb15b000248,1.2239178525828516,0.01745248401573014
weibull_softplus_unscaled,table9,external_development,0,-1,delphi_3e18_39bucket:fa0294460f0573041da6b1435affe244e46d5459cf24f4d451fa7776c77261f6,1.0673751206608724,0.008782498338761498
weibull_softplus_unscaled,table9,external_development,0,-1,delphi_3e18_39bucket:fafbc2ba18f1c7971ddf8e7eff5f92f1b11469cf1d80181209696d8655812553,1.2028667290505402,0.017474922177016863
weibull_softplus_unscaled,table9,external_development,0,-1,delphi_3e18_39bucket:fb8cb11729c2b4e023d88d084293e65ec1f03e521aada50a0bde80863e530aa8,1.11814560122097,0.014127487015312563
weibull_softplus_unscaled,table9,external_development,0,-1,delphi_3e18_39bucket:fd1878ded789f2edc41ab9255de95e0c7d881b315872d556b913e69f7cf031fc,1.046151504053622,0.0099809355340766
weibull_softplus_unscaled,table9,external_development,0,-1,delphi_3e18_39bucket:ff65381e6c6fa2fd41b3444cc7dae32b0a07f1eaf50d99b9dc409da261b0a1ac,1.2162150633072797,0.015277117056392281
weibull_softplus_unscaled@kappa_floor_link,table9,panel_oof,0,0,7,1.2357086778620912,
weibull_softplus_unscaled@kappa_floor_link,table9,panel_oof,0,0,8,1.3638927420840636,
weibull_softplus_unscaled@kappa_floor_link,table9,panel_oof,0,0,25,1.3014643618398303,
weibull_softplus_unscaled@kappa_floor_link,table9,panel_oof,0,0,35,1.2165501299373793,
weibull_softplus_unscaled@kappa_floor_link,table9,panel_oof,0,0,51,1.2479735845287656,
weibull_softplus_unscaled@kappa_floor_link,table9,panel_oof,0,0,56,1.1715981544037213,
weibull_softplus_unscaled@kappa_floor_link,table9,panel_oof,0,0,69,1.2419421843955005,
weibull_softplus_unscaled@kappa_floor_link,table9,panel_oof,0,0,81,1.178745517706561,
weibull_softplus_unscaled@kappa_floor_link,table9,panel_oof,0,0,86,1.210091106646987,
weibull_softplus_unscaled@kappa_floor_link,table9,panel_oof,0,0,99,1.2443850028544428,
weibull_softplus_unscaled@kappa_floor_link,table9,panel_oof,0,0,100,1.2341578306243588,
weibull_softplus_unscaled@kappa_floor_link,table9,panel_oof,0,0,106,1.3053953787576318,
weibull_softplus_unscaled@kappa_floor_link,table9,panel_oof,0,0,107,1.290737905004419,
weibull_softplus_unscaled@kappa_floor_link,table9,panel_oof,0,0,126,1.2107978357248077,
weibull_softplus_unscaled@kappa_floor_link,table9,panel_oof,0,0,136,1.30368767354746,
weibull_softplus_unscaled@kappa_floor_link,table9,panel_oof,0,0,137,1.2062570209658048,
weibull_softplus_unscaled@kappa_floor_link,table9,panel_oof,0,0,140,1.198822669687277,
weibull_softplus_unscaled@kappa_floor_link,table9,panel_oof,0,0,141,1.2050378554476022,
weibull_softplus_unscaled@kappa_floor_link,table9,panel_oof,0,0,142,1.2342557387661341,
weibull_softplus_unscaled@kappa_floor_link,table9,panel_oof,0,0,145,1.2043461514671079,
weibull_softplus_unscaled@kappa_floor_link,table9,panel_oof,0,0,147,1.2399921692173024,
weibull_softplus_unscaled@kappa_floor_link,table9,panel_oof,0,0,163,1.209443324598059,
weibull_softplus_unscaled@kappa_floor_link,table9,panel_oof,0,0,165,1.217283648855815,
weibull_softplus_unscaled@kappa_floor_link,table9,panel_oof,0,0,169,1.3105438733673809,
weibull_softplus_unscaled@kappa_floor_link,table9,panel_oof,0,0,171,1.297963765091771,
weibull_softplus_unscaled@kappa_floor_link,table9,panel_oof,0,0,187,1.3171175718270094,
weibull_softplus_unscaled@kappa_floor_link,table9,panel_oof,0,0,188,1.2018845871997803,
weibull_softplus_unscaled@kappa_floor_link,table9,panel_oof,0,0,191,1.2321088420757023,
weibull_softplus_unscaled@kappa_floor_link,table9,panel_oof,0,0,195,1.1953502080890963,
weibull_softplus_unscaled@kappa_floor_link,table9,panel_oof,0,0,197,1.218623827955203,
weibull_softplus_unscaled@kappa_floor_link,table9,panel_oof,0,0,200,1.1665971752341338,
weibull_softplus_unscaled@kappa_floor_link,table9,panel_oof,0,0,208,1.23735111448855,
weibull_softplus_unscaled@kappa_floor_link,table9,panel_oof,0,0,209,1.211246770826712,
weibull_softplus_unscaled@kappa_floor_link,table9,panel_oof,0,0,210,1.2540926921192816,
weibull_softplus_unscaled@kappa_floor_link,table9,panel_oof,0,0,217,1.2357120789255098,
weibull_softplus_unscaled@kappa_floor_link,table9,panel_oof,0,0,219,1.2549323186044912,
weibull_softplus_unscaled@kappa_floor_link,table9,panel_oof,0,0,220,1.2032574004651746,
weibull_softplus_unscaled@kappa_floor_link,table9,panel_oof,0,0,223,1.176148021302183,
weibull_softplus_unscaled@kappa_floor_link,table9,panel_oof,0,0,233,1.1821154409851857,
weibull_softplus_unscaled@kappa_floor_link,table9,panel_oof,0,0,237,1.2196032995297705,
weibull_softplus_unscaled@kappa_floor_link,table9,panel_oof,0,1,0,1.1691103585863316,
weibull_softplus_unscaled@kappa_floor_link,table9,panel_oof,0,1,1,1.1454821573513316,
weibull_softplus_unscaled@kappa_floor_link,table9,panel_oof,0,1,241,1.1682781142749181,
weibull_softplus_unscaled@kappa_floor_link,table9,panel_oof,0,1,242,1.168728499767352,
weibull_softplus_unscaled@kappa_floor_link,table9,panel_oof,0,1,243,1.1678283311161666,
weibull_softplus_unscaled@kappa_floor_link,table9,panel_oof,0,1,244,1.1718517349125577,
weibull_softplus_unscaled@kappa_floor_link,table9,panel_oof,0,1,245,1.1667186338022573,
weibull_softplus_unscaled@kappa_floor_link,table9,panel_oof,0,1,246,1.1673749860814318,
weibull_softplus_unscaled@kappa_floor_link,table9,panel_oof,0,1,247,1.168969672409475,
weibull_softplus_unscaled@kappa_floor_link,table9,panel_oof,0,1,248,1.1707742673727999,
weibull_softplus_unscaled@kappa_floor_link,table9,panel_oof,0,1,249,1.1630858267241044,
weibull_softplus_unscaled@kappa_floor_link,table9,panel_oof,0,1,250,1.167979885074966,
weibull_softplus_unscaled@kappa_floor_link,table9,panel_oof,0,1,251,1.162394304290087,
weibull_softplus_unscaled@kappa_floor_link,table9,panel_oof,0,1,252,1.1665425660109257,
weibull_softplus_unscaled@kappa_floor_link,table9,panel_oof,0,1,253,1.1693671865462028,
weibull_softplus_unscaled@kappa_floor_link,table9,panel_oof,0,1,254,1.1704587778571303,
weibull_softplus_unscaled@kappa_floor_link,table9,panel_oof,0,1,255,1.1687570230022208,
weibull_softplus_unscaled@kappa_floor_link,table9,panel_oof,0,1,256,1.1703751891776477,
weibull_softplus_unscaled@kappa_floor_link,table9,panel_oof,0,1,257,1.1656210595200467,
weibull_softplus_unscaled@kappa_floor_link,table9,panel_oof,0,1,258,1.169453968758688,
weibull_softplus_unscaled@kappa_floor_link,table9,panel_oof,0,1,259,1.1727461953541654,
weibull_softplus_unscaled@kappa_floor_link,table9,panel_oof,0,1,260,1.1690350769019884,
weibull_softplus_unscaled@kappa_floor_link,table9,panel_oof,0,1,261,1.1691497183821542,
weibull_softplus_unscaled@kappa_floor_link,table9,panel_oof,0,1,262,1.1727272139696971,
weibull_softplus_unscaled@kappa_floor_link,table9,panel_oof,0,1,263,1.172852080156463,
weibull_softplus_unscaled@kappa_floor_link,table9,panel_oof,0,1,264,1.171735154382319,
weibull_softplus_unscaled@kappa_floor_link,table9,panel_oof,0,1,265,1.1707722043019952,
weibull_softplus_unscaled@kappa_floor_link,table9,panel_oof,0,1,266,1.1702685701175235,
weibull_softplus_unscaled@kappa_floor_link,table9,panel_oof,0,1,267,1.2118914627848762,
weibull_softplus_unscaled@kappa_floor_link,table9,panel_oof,0,1,268,1.1728538927728396,
weibull_softplus_unscaled@kappa_floor_link,table9,panel_oof,0,1,269,1.179285767825957,
weibull_softplus_unscaled@kappa_floor_link,table9,panel_oof,0,1,270,1.1692630668284307,
weibull_softplus_unscaled@kappa_floor_link,table9,panel_oof,0,1,271,1.156221608262257,
weibull_softplus_unscaled@kappa_floor_link,table9,panel_oof,0,1,272,1.170212131956359,
weibull_softplus_unscaled@kappa_floor_link,table9,panel_oof,0,1,273,1.208009834684404,
weibull_softplus_unscaled@kappa_floor_link,table9,panel_oof,0,1,274,1.169455893402569,
weibull_softplus_unscaled@kappa_floor_link,table9,panel_oof,0,1,275,1.175960528607051,
weibull_softplus_unscaled@kappa_floor_link,table9,panel_oof,0,1,276,1.1787679483295388,
weibull_softplus_unscaled@kappa_floor_link,table9,panel_oof,0,1,277,1.178219808178158,
weibull_softplus_unscaled@kappa_floor_link,table9,panel_oof,0,1,278,1.1861567891895874,
weibull_softplus_unscaled@kappa_floor_link,table9,panel_oof,0,1,279,1.177778733176277,
weibull_softplus_unscaled@kappa_floor_link,table9,panel_oof,0,2,3,1.2182508957942144,
weibull_softplus_unscaled@kappa_floor_link,table9,panel_oof,0,2,5,1.4350016444553493,
weibull_softplus_unscaled@kappa_floor_link,table9,panel_oof,0,2,6,1.2691124410913854,
weibull_softplus_unscaled@kappa_floor_link,table9,panel_oof,0,2,10,1.2815164855079777,
weibull_softplus_unscaled@kappa_floor_link,table9,panel_oof,0,2,15,1.2490596539398031,
weibull_softplus_unscaled@kappa_floor_link,table9,panel_oof,0,2,20,1.2817400541111956,
weibull_softplus_unscaled@kappa_floor_link,table9,panel_oof,0,2,26,1.2138130894474002,
weibull_softplus_unscaled@kappa_floor_link,table9,panel_oof,0,2,29,1.2390260188865754,
weibull_softplus_unscaled@kappa_floor_link,table9,panel_oof,0,2,30,1.210761465888516,
weibull_softplus_unscaled@kappa_floor_link,table9,panel_oof,0,2,34,1.1687384018899247,
weibull_softplus_unscaled@kappa_floor_link,table9,panel_oof,0,2,39,1.2514454250337654,
weibull_softplus_unscaled@kappa_floor_link,table9,panel_oof,0,2,41,1.260006851571254,
weibull_softplus_unscaled@kappa_floor_link,table9,panel_oof,0,2,46,1.2359097274207298,
weibull_softplus_unscaled@kappa_floor_link,table9,panel_oof,0,2,48,1.1965665787782438,
weibull_softplus_unscaled@kappa_floor_link,table9,panel_oof,0,2,57,1.2734362609060923,
weibull_softplus_unscaled@kappa_floor_link,table9,panel_oof,0,2,62,1.2249233674596332,
weibull_softplus_unscaled@kappa_floor_link,table9,panel_oof,0,2,65,1.2388195690579127,
weibull_softplus_unscaled@kappa_floor_link,table9,panel_oof,0,2,68,1.237929417382263,
weibull_softplus_unscaled@kappa_floor_link,table9,panel_oof,0,2,73,1.2158768570555698,
weibull_softplus_unscaled@kappa_floor_link,table9,panel_oof,0,2,79,1.2308993836878508,
weibull_softplus_unscaled@kappa_floor_link,table9,panel_oof,0,2,83,1.1703102257316167,
weibull_softplus_unscaled@kappa_floor_link,table9,panel_oof,0,2,84,1.2333765915744992,
weibull_softplus_unscaled@kappa_floor_link,table9,panel_oof,0,2,87,1.3297859567189536,
weibull_softplus_unscaled@kappa_floor_link,table9,panel_oof,0,2,90,1.2108604870353512,
weibull_softplus_unscaled@kappa_floor_link,table9,panel_oof,0,2,91,1.278844671951512,
weibull_softplus_unscaled@kappa_floor_link,table9,panel_oof,0,2,98,1.1740463049815992,
weibull_softplus_unscaled@kappa_floor_link,table9,panel_oof,0,2,101,1.2033973234661137,
weibull_softplus_unscaled@kappa_floor_link,table9,panel_oof,0,2,105,1.2134052934035795,
weibull_softplus_unscaled@kappa_floor_link,table9,panel_oof,0,2,109,1.256268596488901,
weibull_softplus_unscaled@kappa_floor_link,table9,panel_oof,0,2,112,1.2060520454195867,
weibull_softplus_unscaled@kappa_floor_link,table9,panel_oof,0,2,113,1.3049592470109155,
weibull_softplus_unscaled@kappa_floor_link,table9,panel_oof,0,2,115,1.2167694340438273,
weibull_softplus_unscaled@kappa_floor_link,table9,panel_oof,0,2,116,1.2565903127243179,
weibull_softplus_unscaled@kappa_floor_link,table9,panel_oof,0,2,119,1.214339029221772,
weibull_softplus_unscaled@kappa_floor_link,table9,panel_oof,0,2,122,1.2081079510483899,
weibull_softplus_unscaled@kappa_floor_link,table9,panel_oof,0,2,123,1.2003601477469596,
weibull_softplus_unscaled@kappa_floor_link,table9,panel_oof,0,2,124,1.2265558985299265,
weibull_softplus_unscaled@kappa_floor_link,table9,panel_oof,0,2,133,1.2693121263814828,
weibull_softplus_unscaled@kappa_floor_link,table9,panel_oof,0,2,134,1.204318360904316,
weibull_softplus_unscaled@kappa_floor_link,table9,panel_oof,0,2,135,1.206457129776434,
weibull_softplus_unscaled@kappa_floor_link,table9,panel_oof,0,2,138,1.21677713166918,
weibull_softplus_unscaled@kappa_floor_link,table9,panel_oof,0,2,144,1.2252334583946145,
weibull_softplus_unscaled@kappa_floor_link,table9,panel_oof,0,2,151,1.218985382891404,
weibull_softplus_unscaled@kappa_floor_link,table9,panel_oof,0,2,152,1.1927216071036109,
weibull_softplus_unscaled@kappa_floor_link,table9,panel_oof,0,2,154,1.2172480579458211,
weibull_softplus_unscaled@kappa_floor_link,table9,panel_oof,0,2,157,1.2813216017549833,
weibull_softplus_unscaled@kappa_floor_link,table9,panel_oof,0,2,158,1.2090691268671732,
weibull_softplus_unscaled@kappa_floor_link,table9,panel_oof,0,2,160,1.2394902428759496,
weibull_softplus_unscaled@kappa_floor_link,table9,panel_oof,0,2,166,1.2413701547826772,
weibull_softplus_unscaled@kappa_floor_link,table9,panel_oof,0,2,172,1.153207103251881,
weibull_softplus_unscaled@kappa_floor_link,table9,panel_oof,0,2,175,1.203857045590943,
weibull_softplus_unscaled@kappa_floor_link,table9,panel_oof,0,2,176,1.1964693367087595,
weibull_softplus_unscaled@kappa_floor_link,table9,panel_oof,0,2,182,1.2479539616495607,
weibull_softplus_unscaled@kappa_floor_link,table9,panel_oof,0,2,183,1.2403285613826278,
weibull_softplus_unscaled@kappa_floor_link,table9,panel_oof,0,2,196,1.3102298045052234,
weibull_softplus_unscaled@kappa_floor_link,table9,panel_oof,0,2,198,1.2231720660751686,
weibull_softplus_unscaled@kappa_floor_link,table9,panel_oof,0,2,205,1.2013269298887637,
weibull_softplus_unscaled@kappa_floor_link,table9,panel_oof,0,2,211,1.2530155973458137,
weibull_softplus_unscaled@kappa_floor_link,table9,panel_oof,0,2,213,1.1295218360700936,
weibull_softplus_unscaled@kappa_floor_link,table9,panel_oof,0,2,215,1.1659549830080436,
weibull_softplus_unscaled@kappa_floor_link,table9,panel_oof,0,2,222,1.1980476756336742,
weibull_softplus_unscaled@kappa_floor_link,table9,panel_oof,0,2,224,1.3360465546273026,
weibull_softplus_unscaled@kappa_floor_link,table9,panel_oof,0,2,226,1.2970012930120522,
weibull_softplus_unscaled@kappa_floor_link,table9,panel_oof,0,2,227,1.2341943963351418,
weibull_softplus_unscaled@kappa_floor_link,table9,panel_oof,0,2,229,1.1853063642298842,
weibull_softplus_unscaled@kappa_floor_link,table9,panel_oof,0,2,235,1.2455582244644716,
weibull_softplus_unscaled@kappa_floor_link,table9,panel_oof,0,2,236,1.2161497713999192,
weibull_softplus_unscaled@kappa_floor_link,table9,panel_oof,0,2,238,1.2322111347541498,
weibull_softplus_unscaled@kappa_floor_link,table9,panel_oof,0,3,2,1.2607514949288077,
weibull_softplus_unscaled@kappa_floor_link,table9,panel_oof,0,3,4,1.2795605635986789,
weibull_softplus_unscaled@kappa_floor_link,table9,panel_oof,0,3,9,1.293563202071149,
weibull_softplus_unscaled@kappa_floor_link,table9,panel_oof,0,3,11,1.242846415279288,
weibull_softplus_unscaled@kappa_floor_link,table9,panel_oof,0,3,12,1.2794252110922044,
weibull_softplus_unscaled@kappa_floor_link,table9,panel_oof,0,3,13,1.2094031416041233,
weibull_softplus_unscaled@kappa_floor_link,table9,panel_oof,0,3,14,1.258704667258694,
weibull_softplus_unscaled@kappa_floor_link,table9,panel_oof,0,3,16,1.195149535198806,
weibull_softplus_unscaled@kappa_floor_link,table9,panel_oof,0,3,17,1.2737159527513096,
weibull_softplus_unscaled@kappa_floor_link,table9,panel_oof,0,3,21,1.2770534107020342,
weibull_softplus_unscaled@kappa_floor_link,table9,panel_oof,0,3,22,1.2089659249598226,
weibull_softplus_unscaled@kappa_floor_link,table9,panel_oof,0,3,23,1.2713569685135377,
weibull_softplus_unscaled@kappa_floor_link,table9,panel_oof,0,3,24,1.1766778784478178,
weibull_softplus_unscaled@kappa_floor_link,table9,panel_oof,0,3,27,1.1952960330918896,
weibull_softplus_unscaled@kappa_floor_link,table9,panel_oof,0,3,32,1.2094093927886544,
weibull_softplus_unscaled@kappa_floor_link,table9,panel_oof,0,3,33,1.2719367012719356,
weibull_softplus_unscaled@kappa_floor_link,table9,panel_oof,0,3,36,1.2200677676908263,
weibull_softplus_unscaled@kappa_floor_link,table9,panel_oof,0,3,37,1.2166694851149573,
weibull_softplus_unscaled@kappa_floor_link,table9,panel_oof,0,3,38,1.231322329292388,
weibull_softplus_unscaled@kappa_floor_link,table9,panel_oof,0,3,40,1.2087393855660558,
weibull_softplus_unscaled@kappa_floor_link,table9,panel_oof,0,3,43,1.2519800360661124,
weibull_softplus_unscaled@kappa_floor_link,table9,panel_oof,0,3,44,1.2819498288918667,
weibull_softplus_unscaled@kappa_floor_link,table9,panel_oof,0,3,45,1.259326123434179,
weibull_softplus_unscaled@kappa_floor_link,table9,panel_oof,0,3,49,1.235300275149692,
weibull_softplus_unscaled@kappa_floor_link,table9,panel_oof,0,3,50,1.2742281050975788,
weibull_softplus_unscaled@kappa_floor_link,table9,panel_oof,0,3,52,1.2303154811669361,
weibull_softplus_unscaled@kappa_floor_link,table9,panel_oof,0,3,53,1.2061309668132263,
weibull_softplus_unscaled@kappa_floor_link,table9,panel_oof,0,3,54,1.1789102510504743,
weibull_softplus_unscaled@kappa_floor_link,table9,panel_oof,0,3,55,1.1708396001176586,
weibull_softplus_unscaled@kappa_floor_link,table9,panel_oof,0,3,58,1.2672021423507083,
weibull_softplus_unscaled@kappa_floor_link,table9,panel_oof,0,3,59,1.2064998627874663,
weibull_softplus_unscaled@kappa_floor_link,table9,panel_oof,0,3,61,1.2016304666453017,
weibull_softplus_unscaled@kappa_floor_link,table9,panel_oof,0,3,63,1.1736122450304918,
weibull_softplus_unscaled@kappa_floor_link,table9,panel_oof,0,3,64,1.2632698220386334,
weibull_softplus_unscaled@kappa_floor_link,table9,panel_oof,0,3,66,1.221978824053293,
weibull_softplus_unscaled@kappa_floor_link,table9,panel_oof,0,3,67,1.2271314414209153,
weibull_softplus_unscaled@kappa_floor_link,table9,panel_oof,0,3,70,1.2605712245727365,
weibull_softplus_unscaled@kappa_floor_link,table9,panel_oof,0,3,71,1.238664681315997,
weibull_softplus_unscaled@kappa_floor_link,table9,panel_oof,0,3,72,1.2343955212407496,
weibull_softplus_unscaled@kappa_floor_link,table9,panel_oof,0,3,74,1.1846745683014492,
weibull_softplus_unscaled@kappa_floor_link,table9,panel_oof,0,3,75,1.2408178436452837,
weibull_softplus_unscaled@kappa_floor_link,table9,panel_oof,0,3,78,1.241476896594465,
weibull_softplus_unscaled@kappa_floor_link,table9,panel_oof,0,3,85,1.2116163308350152,
weibull_softplus_unscaled@kappa_floor_link,table9,panel_oof,0,3,88,1.2809757784849358,
weibull_softplus_unscaled@kappa_floor_link,table9,panel_oof,0,3,89,1.216009609397313,
weibull_softplus_unscaled@kappa_floor_link,table9,panel_oof,0,3,92,1.1866400152829377,
weibull_softplus_unscaled@kappa_floor_link,table9,panel_oof,0,3,93,1.2064646186479557,
weibull_softplus_unscaled@kappa_floor_link,table9,panel_oof,0,3,94,1.1896049091717067,
weibull_softplus_unscaled@kappa_floor_link,table9,panel_oof,0,3,95,1.249107256736338,
weibull_softplus_unscaled@kappa_floor_link,table9,panel_oof,0,3,96,1.2249926630920087,
weibull_softplus_unscaled@kappa_floor_link,table9,panel_oof,0,3,97,1.1904186102205203,
weibull_softplus_unscaled@kappa_floor_link,table9,panel_oof,0,3,102,1.2284369832938538,
weibull_softplus_unscaled@kappa_floor_link,table9,panel_oof,0,3,108,1.2654564413049645,
weibull_softplus_unscaled@kappa_floor_link,table9,panel_oof,0,3,110,1.2298673389060473,
weibull_softplus_unscaled@kappa_floor_link,table9,panel_oof,0,3,111,1.2493916148663695,
weibull_softplus_unscaled@kappa_floor_link,table9,panel_oof,0,3,117,1.3195281766828488,
weibull_softplus_unscaled@kappa_floor_link,table9,panel_oof,0,3,120,1.2078903354710973,
weibull_softplus_unscaled@kappa_floor_link,table9,panel_oof,0,3,121,1.2038321356820574,
weibull_softplus_unscaled@kappa_floor_link,table9,panel_oof,0,3,127,1.1916958329909404,
weibull_softplus_unscaled@kappa_floor_link,table9,panel_oof,0,3,128,1.214682230230733,
weibull_softplus_unscaled@kappa_floor_link,table9,panel_oof,0,3,129,1.1972879811859587,
weibull_softplus_unscaled@kappa_floor_link,table9,panel_oof,0,3,130,1.2207237448843702,
weibull_softplus_unscaled@kappa_floor_link,table9,panel_oof,0,3,132,1.3098969011328443,
weibull_softplus_unscaled@kappa_floor_link,table9,panel_oof,0,3,139,1.2380298825484957,
weibull_softplus_unscaled@kappa_floor_link,table9,panel_oof,0,3,143,1.2420270167589935,
weibull_softplus_unscaled@kappa_floor_link,table9,panel_oof,0,3,146,1.2796294773408883,
weibull_softplus_unscaled@kappa_floor_link,table9,panel_oof,0,3,148,1.2110193358957413,
weibull_softplus_unscaled@kappa_floor_link,table9,panel_oof,0,3,149,1.2944356902716216,
weibull_softplus_unscaled@kappa_floor_link,table9,panel_oof,0,3,150,1.2523695026804038,
weibull_softplus_unscaled@kappa_floor_link,table9,panel_oof,0,3,153,1.2413103790261037,
weibull_softplus_unscaled@kappa_floor_link,table9,panel_oof,0,3,156,1.1917896945820465,
weibull_softplus_unscaled@kappa_floor_link,table9,panel_oof,0,3,159,1.2476309870652873,
weibull_softplus_unscaled@kappa_floor_link,table9,panel_oof,0,3,161,1.3393659654679613,
weibull_softplus_unscaled@kappa_floor_link,table9,panel_oof,0,3,164,1.1915410771377175,
weibull_softplus_unscaled@kappa_floor_link,table9,panel_oof,0,3,167,1.2205216396850984,
weibull_softplus_unscaled@kappa_floor_link,table9,panel_oof,0,3,170,1.2021462430326153,
weibull_softplus_unscaled@kappa_floor_link,table9,panel_oof,0,3,173,1.2213051702478968,
weibull_softplus_unscaled@kappa_floor_link,table9,panel_oof,0,3,174,1.2228298464844372,
weibull_softplus_unscaled@kappa_floor_link,table9,panel_oof,0,3,177,1.2227199438978615,
weibull_softplus_unscaled@kappa_floor_link,table9,panel_oof,0,3,180,1.2222097663938345,
weibull_softplus_unscaled@kappa_floor_link,table9,panel_oof,0,3,181,1.2568382074981466,
weibull_softplus_unscaled@kappa_floor_link,table9,panel_oof,0,3,184,1.1840403054984352,
weibull_softplus_unscaled@kappa_floor_link,table9,panel_oof,0,3,185,1.228517659926821,
weibull_softplus_unscaled@kappa_floor_link,table9,panel_oof,0,3,189,1.2335053684546033,
weibull_softplus_unscaled@kappa_floor_link,table9,panel_oof,0,3,190,1.2243183132723168,
weibull_softplus_unscaled@kappa_floor_link,table9,panel_oof,0,3,192,1.1835581262901411,
weibull_softplus_unscaled@kappa_floor_link,table9,panel_oof,0,3,194,1.219395617468706,
weibull_softplus_unscaled@kappa_floor_link,table9,panel_oof,0,3,201,1.1428255229771265,
weibull_softplus_unscaled@kappa_floor_link,table9,panel_oof,0,3,203,1.2071705499580754,
weibull_softplus_unscaled@kappa_floor_link,table9,panel_oof,0,3,204,1.2281064700982705,
weibull_softplus_unscaled@kappa_floor_link,table9,panel_oof,0,3,206,1.1796227416094396,
weibull_softplus_unscaled@kappa_floor_link,table9,panel_oof,0,3,214,1.2288441289566743,
weibull_softplus_unscaled@kappa_floor_link,table9,panel_oof,0,3,218,1.159298992522485,
weibull_softplus_unscaled@kappa_floor_link,table9,panel_oof,0,3,225,1.2659567541758328,
weibull_softplus_unscaled@kappa_floor_link,table9,panel_oof,0,3,228,1.2147243930305147,
weibull_softplus_unscaled@kappa_floor_link,table9,panel_oof,0,3,232,1.2191751223701255,
weibull_softplus_unscaled@kappa_floor_link,table9,panel_oof,0,3,234,1.2240231273856557,
weibull_softplus_unscaled@kappa_floor_link,table9,panel_oof,0,3,240,1.1559104406087188,
weibull_softplus_unscaled@kappa_floor_link,table9,panel_oof,0,4,18,1.218942213593439,
weibull_softplus_unscaled@kappa_floor_link,table9,panel_oof,0,4,19,1.249716754364927,
weibull_softplus_unscaled@kappa_floor_link,table9,panel_oof,0,4,28,1.25032944193889,
weibull_softplus_unscaled@kappa_floor_link,table9,panel_oof,0,4,31,1.1908282519148221,
weibull_softplus_unscaled@kappa_floor_link,table9,panel_oof,0,4,42,1.1961206607260495,
weibull_softplus_unscaled@kappa_floor_link,table9,panel_oof,0,4,47,1.1986406707604864,
weibull_softplus_unscaled@kappa_floor_link,table9,panel_oof,0,4,60,1.2000365724905826,
weibull_softplus_unscaled@kappa_floor_link,table9,panel_oof,0,4,76,1.280224488849548,
weibull_softplus_unscaled@kappa_floor_link,table9,panel_oof,0,4,77,1.23837835623141,
weibull_softplus_unscaled@kappa_floor_link,table9,panel_oof,0,4,80,1.2569549027640483,
weibull_softplus_unscaled@kappa_floor_link,table9,panel_oof,0,4,82,1.200230567416328,
weibull_softplus_unscaled@kappa_floor_link,table9,panel_oof,0,4,103,1.242835252151005,
weibull_softplus_unscaled@kappa_floor_link,table9,panel_oof,0,4,104,1.2482618203764666,
weibull_softplus_unscaled@kappa_floor_link,table9,panel_oof,0,4,114,1.2285490496976799,
weibull_softplus_unscaled@kappa_floor_link,table9,panel_oof,0,4,118,1.197671946199041,
weibull_softplus_unscaled@kappa_floor_link,table9,panel_oof,0,4,125,1.119937505606815,
weibull_softplus_unscaled@kappa_floor_link,table9,panel_oof,0,4,131,1.188749313523457,
weibull_softplus_unscaled@kappa_floor_link,table9,panel_oof,0,4,155,1.1757427612698432,
weibull_softplus_unscaled@kappa_floor_link,table9,panel_oof,0,4,162,1.2266770637584368,
weibull_softplus_unscaled@kappa_floor_link,table9,panel_oof,0,4,168,1.1466491919314923,
weibull_softplus_unscaled@kappa_floor_link,table9,panel_oof,0,4,178,1.1395207879189186,
weibull_softplus_unscaled@kappa_floor_link,table9,panel_oof,0,4,179,1.247965178368358,
weibull_softplus_unscaled@kappa_floor_link,table9,panel_oof,0,4,186,1.1859953147839697,
weibull_softplus_unscaled@kappa_floor_link,table9,panel_oof,0,4,193,1.21743298340344,
weibull_softplus_unscaled@kappa_floor_link,table9,panel_oof,0,4,199,1.1903661380917803,
weibull_softplus_unscaled@kappa_floor_link,table9,panel_oof,0,4,202,1.2078323296160518,
weibull_softplus_unscaled@kappa_floor_link,table9,panel_oof,0,4,207,1.248457890774462,
weibull_softplus_unscaled@kappa_floor_link,table9,panel_oof,0,4,212,1.1956363422556828,
weibull_softplus_unscaled@kappa_floor_link,table9,panel_oof,0,4,216,1.2200505969148572,
weibull_softplus_unscaled@kappa_floor_link,table9,panel_oof,0,4,221,1.1935988066183454,
weibull_softplus_unscaled@kappa_floor_link,table9,panel_oof,0,4,230,1.1902927159677055,
weibull_softplus_unscaled@kappa_floor_link,table9,panel_oof,0,4,231,1.1992846615214692,
weibull_softplus_unscaled@kappa_floor_link,table9,panel_oof,0,4,239,1.2159772405031846,
weibull_softplus_unscaled@kappa_floor_link,table9,external_development,0,-1,delphi_3e18_39bucket:0066da643d35e694a311d26516399114a1c69adba1f7795b773b704d93c0e945,1.220815132595972,0.011300555998943947
weibull_softplus_unscaled@kappa_floor_link,table9,external_development,0,-1,delphi_3e18_39bucket:015ce47db7b4ac2a312c1dfa614d699adb8526230f5a7355c112e4e546f4bb96,1.1927060442069153,0.010970106732925526
weibull_softplus_unscaled@kappa_floor_link,table9,external_development,0,-1,delphi_3e18_39bucket:01985d1f15bebd8fef77b5150d00df90b1460ff11f8dbeb34a83d3755d4831ca,1.1237041124238356,0.006866379897936438
weibull_softplus_unscaled@kappa_floor_link,table9,external_development,0,-1,delphi_3e18_39bucket:02c70e578e5784e551eefe679886439d9c803cedd53b283f3333a0c5fbe3e5cf,1.2023380455488524,0.010607082391949369
weibull_softplus_unscaled@kappa_floor_link,table9,external_development,0,-1,delphi_3e18_39bucket:037a604380dcbb0bd031ab6fe4d27d6f859ec425fb267f14b984c1fb545aefe5,1.2013461878917808,0.010724766425344073
weibull_softplus_unscaled@kappa_floor_link,table9,external_development,0,-1,delphi_3e18_39bucket:039e773502afbad67dfd37ee20068668a2092188b0245ddd91d40a1560e905f6,1.1334712514741556,0.006112055504460271
weibull_softplus_unscaled@kappa_floor_link,table9,external_development,0,-1,delphi_3e18_39bucket:073bad81517f75d40c9eb877348b38c8734b28dc6cb239c2089c9c35e9510223,1.0906077681909638,0.006561499147701205
weibull_softplus_unscaled@kappa_floor_link,table9,external_development,0,-1,delphi_3e18_39bucket:0788d5de28276914dae1c6388f1ab105867ad1d4a087d52bf0b8519d80129c89,1.1935541555923357,0.010929356552901332
weibull_softplus_unscaled@kappa_floor_link,table9,external_development,0,-1,delphi_3e18_39bucket:081b3e9c9806710005689ad55a35ca2b5545880488e77cee8042740337e79dfd,1.094671084287452,0.005361150841302919
weibull_softplus_unscaled@kappa_floor_link,table9,external_development,0,-1,delphi_3e18_39bucket:09ab1aa79a519d8cbef31696066513a006253831fb687b610438ea9b39faef2c,1.2226384507104928,0.010236112644754079
weibull_softplus_unscaled@kappa_floor_link,table9,external_development,0,-1,delphi_3e18_39bucket:09de561eed4cac3d6052c3e7ccd15b7d2bf21ffe6620953c40d04597b793517c,1.1145182110083747,0.006553861355954179
weibull_softplus_unscaled@kappa_floor_link,table9,external_development,0,-1,delphi_3e18_39bucket:0a4c90180e2e9f06b17432216267636bc90d169f9f68bad8b789d271cb541e26,1.1397915276154267,0.002499917698326836
weibull_softplus_unscaled@kappa_floor_link,table9,external_development,0,-1,delphi_3e18_39bucket:0a69a64824dbbec7bffe6fbd96bf614be79fa346a55fb8dad697d2aed91a31fe,1.07521240443561,0.005519595336092805
weibull_softplus_unscaled@kappa_floor_link,table9,external_development,0,-1,delphi_3e18_39bucket:0c6db73ff59b9cdac2e2428761ffc68d8764b26faefabce9cdbe0ad6133514fb,1.121254568328919,0.007393147607759567
weibull_softplus_unscaled@kappa_floor_link,table9,external_development,0,-1,delphi_3e18_39bucket:0c87eb28b1c95ec40d341aff414b3e73bc9300563def3b5d974082fe44509895,1.1947551302850292,0.010831631659864645
weibull_softplus_unscaled@kappa_floor_link,table9,external_development,0,-1,delphi_3e18_39bucket:0da14a6e57c138c21227eebbd44f186ea18272987a7f24f9edce875f3f5c35b2,1.1914475867421552,0.010917837707180121
weibull_softplus_unscaled@kappa_floor_link,table9,external_development,0,-1,delphi_3e18_39bucket:0fb57d38488e9d032a8a2d6e385eebbe0bb87510b042d12426a68166e3ec53b2,1.1505424213127278,0.008140550986774988
weibull_softplus_unscaled@kappa_floor_link,table9,external_development,0,-1,delphi_3e18_39bucket:100cd66fd89a88c77157afcbddc20547cc115238f2281abf552b8c0d0374cc36,1.2231818326720916,0.011607963544022482
weibull_softplus_unscaled@kappa_floor_link,table9,external_development,0,-1,delphi_3e18_39bucket:115087d05bce1abc0d1e7590a4cc0b36b643cd94c47ca5e044580bd8ff9fa514,1.094841858787475,0.004652856638708541
weibull_softplus_unscaled@kappa_floor_link,table9,external_development,0,-1,delphi_3e18_39bucket:1186365305df843132a2b49cf1f4f3279bc6792218502b2ddb658ff6a8909811,1.2061806900155712,0.010548396648551199
weibull_softplus_unscaled@kappa_floor_link,table9,external_development,0,-1,delphi_3e18_39bucket:14ae27b209bb3f3e584f2a754f2f606b14c6a91a854a6960f5f2002189a9c63f,1.1035228100268917,0.00543272873057721
weibull_softplus_unscaled@kappa_floor_link,table9,external_development,0,-1,delphi_3e18_39bucket:1583e0fcd8684efdb53f5dba40c3ee266a316d16da17c423933aa17c59399bb4,1.0757694394286532,0.005304644991143114
weibull_softplus_unscaled@kappa_floor_link,table9,external_development,0,-1,delphi_3e18_39bucket:168c44d2006162a6a570833acdedfc0e9cbace3ee8b4582d93c0d17b9a8f62dc,1.1939759393008935,0.010851879602319639
weibull_softplus_unscaled@kappa_floor_link,table9,external_development,0,-1,delphi_3e18_39bucket:180f3fe5f075a653053c6abb3614d3d97e4e8bd81a9bf3339b610420a3e507e1,1.1267864497280127,0.01061105256277969
weibull_softplus_unscaled@kappa_floor_link,table9,external_development,0,-1,delphi_3e18_39bucket:18a99a3351245092d3769f803d6ed42ad1446d61d00a6145d3ab0f7eb370ad43,1.1895736271689192,0.010741646848765465
weibull_softplus_unscaled@kappa_floor_link,table9,external_development,0,-1,delphi_3e18_39bucket:19e6d0a05b7cc0e501b20e580b9d694acf4b47aafcdbc8afc3840bc26b8e9183,1.1863867441540048,0.010576843654980019
weibull_softplus_unscaled@kappa_floor_link,table9,external_development,0,-1,delphi_3e18_39bucket:1abe87613ee3136eb10062b5549438b1593f06bc22629e4f06a79dc512925a09,1.0993789749210543,0.005201810059832651
weibull_softplus_unscaled@kappa_floor_link,table9,external_development,0,-1,delphi_3e18_39bucket:1bd2258fc50c2f2300cfee3ccf288fcf65b55a83f6f4e754166ad83968fd2bc5,1.1967152691825311,0.010822127345913894
weibull_softplus_unscaled@kappa_floor_link,table9,external_development,0,-1,delphi_3e18_39bucket:1c82f47a17303f1c725bb67357c5df989e689eab6ce331e314ec3f25166ddb7f,1.1786303457151517,0.01013083438940685
weibull_softplus_unscaled@kappa_floor_link,table9,external_development,0,-1,delphi_3e18_39bucket:1f764babd33705edc89b9384b3ade86c50adefb121d72a48eead725f2f99fdbb,1.2075378914556,0.010750040676747575
weibull_softplus_unscaled@kappa_floor_link,table9,external_development,0,-1,delphi_3e18_39bucket:217fcc24bb6f19269acad2fd83783863fb8c38fe10b23c82e8d4650e3c20af96,1.0731941026635554,0.006067589732720682
weibull_softplus_unscaled@kappa_floor_link,table9,external_development,0,-1,delphi_3e18_39bucket:2217566357ae6eb4d1e0a63ed7d1b5f74bf85feb4a34fc2294075abf4779dc8a,1.0927054667074836,0.011606042470954791
weibull_softplus_unscaled@kappa_floor_link,table9,external_development,0,-1,delphi_3e18_39bucket:22435fb72d5378f38e67f149c5327cefd8299de7f2802d207068e148a654d87a,1.067445580471496,0.005718020461982477
weibull_softplus_unscaled@kappa_floor_link,table9,external_development,0,-1,delphi_3e18_39bucket:244c4cf1cc1aff8a4fa4a6620ac3c4e89194a0edec3d369e2d5c5a3ffc611fbd,1.1910859646249807,0.011005166484062204
weibull_softplus_unscaled@kappa_floor_link,table9,external_development,0,-1,delphi_3e18_39bucket:257cf9d7063698fc7195b8f86bda6fdb70aa44cc6560c09437872f7afc15b3c7,1.1932572601174702,0.010937997694832011
weibull_softplus_unscaled@kappa_floor_link,table9,external_development,0,-1,delphi_3e18_39bucket:2805171d708ffa47ad55eebdded48bbe9184de34aaa01c764857896330bd5ed8,1.0795413784026486,0.004989463893294724
weibull_softplus_unscaled@kappa_floor_link,table9,external_development,0,-1,delphi_3e18_39bucket:28e9f00790cb0f3bd8eab6e67ab5ed390d4a8f9511b50e2c3b127fed84907f83,1.1936631884087516,0.011149512041985074
weibull_softplus_unscaled@kappa_floor_link,table9,external_development,0,-1,delphi_3e18_39bucket:29879913509e18c14302d4122cd80d460dbe36a86de1b841546532b10ae498e9,1.0762122616123815,0.004362512833508063
weibull_softplus_unscaled@kappa_floor_link,table9,external_development,0,-1,delphi_3e18_39bucket:2a97310a9690d4c4d3fba3c8cf2f4c53bec70f4ee6e7bc2798951d5fce110b5c,1.1919104104602773,0.010845694545914606
weibull_softplus_unscaled@kappa_floor_link,table9,external_development,0,-1,delphi_3e18_39bucket:2b989adc23ee2e9de7f2785a0f77bb06f18f1c8af0a8159044271123a563cdb9,1.0907939086665996,0.004832504465281342
weibull_softplus_unscaled@kappa_floor_link,table9,external_development,0,-1,delphi_3e18_39bucket:2f021c092554cc1c442218ef631eef0b2b67a217256c18aa0380762934be6ef9,1.105227910860257,0.0051149394941594805
weibull_softplus_unscaled@kappa_floor_link,table9,external_development,0,-1,delphi_3e18_39bucket:303bf27116162aaf5aad23c1dceb815464d35b45e7e0b3d737d78f0e445a7c48,1.157003795135175,0.008647812531374683
weibull_softplus_unscaled@kappa_floor_link,table9,external_development,0,-1,delphi_3e18_39bucket:329d432004aa55ff655af8af17bade03a9b3dd241ea3c9e87a7dbbeb1dc1b1d6,1.1867279446474082,0.010465485718385945
weibull_softplus_unscaled@kappa_floor_link,table9,external_development,0,-1,delphi_3e18_39bucket:3614e5ff6454c53dc1b4848cee125d2bf986629dee4783b90415bc92736347a1,1.091550397736251,0.007055681470987617
weibull_softplus_unscaled@kappa_floor_link,table9,external_development,0,-1,delphi_3e18_39bucket:38b51fbcfa5c77121be6726dc68a28ce5ab9452aefd61be07d82e359fbdedf79,1.0991166019972378,0.007512859757251311
weibull_softplus_unscaled@kappa_floor_link,table9,external_development,0,-1,delphi_3e18_39bucket:391b0859fe53bf6c9da14d9694a7f85f766f8d8225b48942c840d1f3bebe7876,1.1163005577772314,0.005988633724422904
weibull_softplus_unscaled@kappa_floor_link,table9,external_development,0,-1,delphi_3e18_39bucket:39df5a66a6bcbdc5f52f9f37dfd15b1fdd08a415743db8fb17cc8b0512ac963f,1.2475402460678948,0.013983682065033734
weibull_softplus_unscaled@kappa_floor_link,table9,external_development,0,-1,delphi_3e18_39bucket:3c5d1d0ddb5500239d26944a313e0c966e43abfabc203fcdb07d5db66f8dc712,1.1041266601404445,0.009105336849567857
weibull_softplus_unscaled@kappa_floor_link,table9,external_development,0,-1,delphi_3e18_39bucket:3d3cd30314fd09b91f22ba82b732e228369abd03b55a27da937e0bca5a083a0a,1.1877252626342711,0.010769828883992494
weibull_softplus_unscaled@kappa_floor_link,table9,external_development,0,-1,delphi_3e18_39bucket:3d45f3bc22316f2c3a26d5af2662f5cc5b2e1214d7bf88bc7dfa2b034b89b076,1.0999481786040157,0.0052108208911870795
weibull_softplus_unscaled@kappa_floor_link,table9,external_development,0,-1,delphi_3e18_39bucket:3de18a523f9dbadd83062cb454ad019820e391183b58003dd91dda53a4b13e1b,1.142965857201213,0.012830548296816818
weibull_softplus_unscaled@kappa_floor_link,table9,external_development,0,-1,delphi_3e18_39bucket:3ec760a2d3f08ec7acbde5dd5b70f25acbb174767b5f8e54d028852120660c2d,1.0985536116853092,0.005609903479558583
weibull_softplus_unscaled@kappa_floor_link,table9,external_development,0,-1,delphi_3e18_39bucket:3f18082665844ac4fa26e9c9e87ec9528a72d448eff278e6eb0fb7e1d4dc39bc,1.1228595055185104,0.008175594373804537
weibull_softplus_unscaled@kappa_floor_link,table9,external_development,0,-1,delphi_3e18_39bucket:4148bb820fc709c78f6daf88c6822b7f28c7d1aba87c815125bab9cc0c715d32,1.1453213412983785,0.012490297659291692
weibull_softplus_unscaled@kappa_floor_link,table9,external_development,0,-1,delphi_3e18_39bucket:419ee81cda8173e88f7ada544fce6e041beb00f9371af74edf51e3240616e6ae,1.0992404881080557,0.004929926942442346
weibull_softplus_unscaled@kappa_floor_link,table9,external_development,0,-1,delphi_3e18_39bucket:435fc59b9f74ea68a12a16abcf01b49d1d751709400f056661ece786c4fb97f4,1.1956210842360206,0.010546620824566812
weibull_softplus_unscaled@kappa_floor_link,table9,external_development,0,-1,delphi_3e18_39bucket:43a1b832b41d7b3705abe45be2d9a39f606803f539c4bfc22f9bdb84abd4ecdd,1.1859783476107655,0.010569613419427897
weibull_softplus_unscaled@kappa_floor_link,table9,external_development,0,-1,delphi_3e18_39bucket:44ce79a61450d4abf95809bf0fa221ae9d748008c8b5ae22fd8d3212c27a3fea,1.0943502945814971,0.0041625425366949515
weibull_softplus_unscaled@kappa_floor_link,table9,external_development,0,-1,delphi_3e18_39bucket:454b420da2501cc8413ce34639b91fba6c924e92d4acb602a12a4188a7bbac06,1.125682904715442,0.008208384202559517
weibull_softplus_unscaled@kappa_floor_link,table9,external_development,0,-1,delphi_3e18_39bucket:45c4ebe12e4506146427d7cf86c80df51ee3636fdc90eec46c6fbcda132736d3,1.1972056240432565,0.010803652580763375
weibull_softplus_unscaled@kappa_floor_link,table9,external_development,0,-1,delphi_3e18_39bucket:46346afc1e8f516e3cf8db030395bc5bdba3094e0d1d6ce3d9212fbb3736b08f,1.2193358035119073,0.010643487261911767
weibull_softplus_unscaled@kappa_floor_link,table9,external_development,0,-1,delphi_3e18_39bucket:479b4c0d010ec8af266c712fad85c52a6b25371b206b9d3bea78ede611674b9e,1.258104020297321,0.008890782571002887
weibull_softplus_unscaled@kappa_floor_link,table9,external_development,0,-1,delphi_3e18_39bucket:47f173bc0284dd1f8264d5a01dd8a2fcd9c04165efed2d185d16e1684ae02254,1.135049617306993,0.007967305284070176
weibull_softplus_unscaled@kappa_floor_link,table9,external_development,0,-1,delphi_3e18_39bucket:4925c3287b201af1db9d1972026e9bf6b2b76a75673de01b83cd6af4965a90c1,1.0875879727459936,0.0043883903314180985
weibull_softplus_unscaled@kappa_floor_link,table9,external_development,0,-1,delphi_3e18_39bucket:49605a406a87e4b29ff1058b67cff48d00f583ed007d73fd163a37ab3f1ef415,1.1134557657693085,0.00557684118629152
weibull_softplus_unscaled@kappa_floor_link,table9,external_development,0,-1,delphi_3e18_39bucket:4d2a9f8e18ebd65e0860eaa7996c71b4bc666ece79a59f99599bf658eaaf1ca6,1.2700057033176826,0.02146309345408909
weibull_softplus_unscaled@kappa_floor_link,table9,external_development,0,-1,delphi_3e18_39bucket:4dcd25089f067b1c4aa3d94b5a6046e58c872c7192b21d095899daf4324f9073,1.2810728871745236,0.012713885373574946
weibull_softplus_unscaled@kappa_floor_link,table9,external_development,0,-1,delphi_3e18_39bucket:51ba2b4f2f488f8c496f545e752754c9e324fea095988aeafc121d14587f9440,1.0901791234015503,0.00538813678021957
weibull_softplus_unscaled@kappa_floor_link,table9,external_development,0,-1,delphi_3e18_39bucket:520b93fe83078f785e1745d02d62d4de498b2d844861b920f20ad9fddb96d966,1.110809241468032,0.005560958481113744
weibull_softplus_unscaled@kappa_floor_link,table9,external_development,0,-1,delphi_3e18_39bucket:5268fc7970fdd1757c78b3d28d3b4a01e39ae7eb48d9eff786688b6aa8419e2c,1.2019359250807722,0.010829469263041604
weibull_softplus_unscaled@kappa_floor_link,table9,external_development,0,-1,delphi_3e18_39bucket:5302a3d504bc827eb82480e47fa5f9369b2a34a9073980d5a79b7b11472c3d35,1.1008184351447268,0.004887607229300241
weibull_softplus_unscaled@kappa_floor_link,table9,external_development,0,-1,delphi_3e18_39bucket:5304e9320d8a83ce4fc5f0c3d55748a46b482bd39654250154a2e9b9b1f11612,1.0648098808986948,0.006059987218404208
weibull_softplus_unscaled@kappa_floor_link,table9,external_development,0,-1,delphi_3e18_39bucket:547f1880e12c632add60347ae92abf186e58bd4549de02831f05f117476ccd27,1.0827006299908617,0.004085817813922809
weibull_softplus_unscaled@kappa_floor_link,table9,external_development,0,-1,delphi_3e18_39bucket:5653d17dd718ed001c50f11b1296a0b6c437549494c3ad1c8cb1b53da2629181,1.120517834373349,0.006964959695657321
weibull_softplus_unscaled@kappa_floor_link,table9,external_development,0,-1,delphi_3e18_39bucket:569f2fae296c65c150355a111967e64f0458d6d4e4e6695bdad8510e2d957522,1.0849564904849869,0.003555342017782122
weibull_softplus_unscaled@kappa_floor_link,table9,external_development,0,-1,delphi_3e18_39bucket:577ebf44b0802041939fa396b991d55566e0430342ea4e86916d0a09526dfc7b,1.1382373783082687,0.008737642005105592
weibull_softplus_unscaled@kappa_floor_link,table9,external_development,0,-1,delphi_3e18_39bucket:587d99c210755fe678009083951edbaf5f30125b9a9228c07223908788f4efbf,1.1218949616872722,0.008131465583724963
weibull_softplus_unscaled@kappa_floor_link,table9,external_development,0,-1,delphi_3e18_39bucket:593cd68cc1f7693b8781f426fd8bf633d814852c98cef69f1dc0e05aa749a4a8,1.196500138429545,0.010810699783694795
weibull_softplus_unscaled@kappa_floor_link,table9,external_development,0,-1,delphi_3e18_39bucket:5969f449d772b308738c1973bb8124a9388da3145bdcd4dbf580903e8aa5ae45,1.0900235558277278,0.003641107986832209
weibull_softplus_unscaled@kappa_floor_link,table9,external_development,0,-1,delphi_3e18_39bucket:5a6c87e0a035e4d18b7e137b2cc16b00806f8d1ef126cc1b3e98ec648866cd95,1.0925633784271955,0.003368953444213138
weibull_softplus_unscaled@kappa_floor_link,table9,external_development,0,-1,delphi_3e18_39bucket:5bab89a350083bbb82d43430d716a115110122a55cabce94a4c485ba7cfc7890,1.0968066270440362,0.004665366435247977
weibull_softplus_unscaled@kappa_floor_link,table9,external_development,0,-1,delphi_3e18_39bucket:5d327ac229879291117268bc6336e58c8152465241259a6f06a7977096c2cbab,1.1053358235124566,0.021762043343151138
weibull_softplus_unscaled@kappa_floor_link,table9,external_development,0,-1,delphi_3e18_39bucket:5d81c990ff3f85d604963810f29b83410738a33c030bdad16230497701c673cc,1.125932340971994,0.006060956616069667
weibull_softplus_unscaled@kappa_floor_link,table9,external_development,0,-1,delphi_3e18_39bucket:5da4a1f0602a1c573a15377a4719b3b792d3be63656c74bcdef8bd988e67c292,1.0906019194776708,0.010840592451265337
weibull_softplus_unscaled@kappa_floor_link,table9,external_development,0,-1,delphi_3e18_39bucket:5f70df28cce5d870961ea81fd9171415d174214efb666d244008771b3f8a8132,1.1352658062001977,0.008704539759886006
weibull_softplus_unscaled@kappa_floor_link,table9,external_development,0,-1,delphi_3e18_39bucket:5f8f1118125ab64ed7032396f431fe7a879ad10627850bcd4cebb2b9c12c9c22,1.1927852932909584,0.010877781716635984
weibull_softplus_unscaled@kappa_floor_link,table9,external_development,0,-1,delphi_3e18_39bucket:6233cb472d97f01738aec435e826103682ccfd8390ef3bf6783341c9818b9043,1.1105258546402665,0.006820964055499158
weibull_softplus_unscaled@kappa_floor_link,table9,external_development,0,-1,delphi_3e18_39bucket:635528e5e2a0e881124caf31eb8cf68a81b7afe38b50630e57e736edbdd31013,1.1250758578454523,0.007017236111905653
weibull_softplus_unscaled@kappa_floor_link,table9,external_development,0,-1,delphi_3e18_39bucket:643213b3d69a274b198c42fc5df8e2e33accfef69d26786274a4e3f0d3ff1eba,1.095405609601756,0.005388931791383857
weibull_softplus_unscaled@kappa_floor_link,table9,external_development,0,-1,delphi_3e18_39bucket:64f4ce182df0f4dc266d00d5177554ae26d369be6d6fdc42e4020ce4c159e038,1.1432789111367527,0.009369562749765071
weibull_softplus_unscaled@kappa_floor_link,table9,external_development,0,-1,delphi_3e18_39bucket:67219c03d0898c3bde8548203483153b8dab3ed4fff577a865554213c097934e,1.1005493731204474,0.005032356526965726
weibull_softplus_unscaled@kappa_floor_link,table9,external_development,0,-1,delphi_3e18_39bucket:6804300e425006b08f97520a7f6c9bba13378a0b6b02edcbfec5611e5ca0c44d,1.0816177681166876,0.004129516766295304
weibull_softplus_unscaled@kappa_floor_link,table9,external_development,0,-1,delphi_3e18_39bucket:68195b7435e250fecfae0a4a43494aec7a31a5058003835e9123c0d9e17c5779,1.1931062774700576,0.01084481242352401
weibull_softplus_unscaled@kappa_floor_link,table9,external_development,0,-1,delphi_3e18_39bucket:685f65df9a5d97bc32080e3b868a666285be0939d78e0a811d378657ee757244,1.0848852179525983,0.0060003879556856455
weibull_softplus_unscaled@kappa_floor_link,table9,external_development,0,-1,delphi_3e18_39bucket:6a6a57cc90489b1821b2d65721b9c2e1d907405a1cb08fb12b0a637f75a245c7,1.2159477530130212,0.011391318906881491
weibull_softplus_unscaled@kappa_floor_link,table9,external_development,0,-1,delphi_3e18_39bucket:6b35fe0f0f1836e028d532783d26a896a624c7a1b735b664c912826d6046ade7,1.1928741275602435,0.010955754757025402
weibull_softplus_unscaled@kappa_floor_link,table9,external_development,0,-1,delphi_3e18_39bucket:6be8998407711e41d66a8387ce4264ca2d324918221eafcce587dcead56348cf,1.0912596836556316,0.0050005157716938985
weibull_softplus_unscaled@kappa_floor_link,table9,external_development,0,-1,delphi_3e18_39bucket:6c651e55ddca05236b7de3e3673e1b135e1bafa15edb691f8d6ccfe12505a49c,1.136240481844912,0.0070809402625071965
weibull_softplus_unscaled@kappa_floor_link,table9,external_development,0,-1,delphi_3e18_39bucket:6eff5c2c6d0c6033485ec4cb97a6edae6de89063ea34c89f669ff4e4e0629eea,1.204476495269278,0.011313615576126547
weibull_softplus_unscaled@kappa_floor_link,table9,external_development,0,-1,delphi_3e18_39bucket:7085b12019ff35a054c005d424eb8596134e288c7ecaa2596bb4b5711eb66326,1.0880755489670126,0.004200898554056973
weibull_softplus_unscaled@kappa_floor_link,table9,external_development,0,-1,delphi_3e18_39bucket:7132c13eee4b70ca34a33f9a9ae7366f1bfa0fced8aaf9fa0323bc319b97506a,1.2013634396102275,0.010664489835296555
weibull_softplus_unscaled@kappa_floor_link,table9,external_development,0,-1,delphi_3e18_39bucket:71eb42d48f6b6a336390c690ce1e47364dfe485e2a4f06e168075c88b0def0a9,1.269592894984389,0.009666566771643188
weibull_softplus_unscaled@kappa_floor_link,table9,external_development,0,-1,delphi_3e18_39bucket:742dd349c1fbc18af63f516a37aaff216490071ad5e744e3cf744b4b49367d40,1.2107566930678793,0.011662441766518632
weibull_softplus_unscaled@kappa_floor_link,table9,external_development,0,-1,delphi_3e18_39bucket:74bdb4e6f472459381f30133f60e19e24a54f6c7d8a9fc845b5471d668934b4d,1.088232653151431,0.0048245269748987485
weibull_softplus_unscaled@kappa_floor_link,table9,external_development,0,-1,delphi_3e18_39bucket:789182d5189317aa9b8640cc1bce52e2c170dc32657677d3a4108620bcbb7f05,1.2020017202465199,0.011134146594932438
weibull_softplus_unscaled@kappa_floor_link,table9,external_development,0,-1,delphi_3e18_39bucket:78b2e8346a4519dfef462b8376a77bc4e1d601f8933e6641020cf0eb7e48efc0,1.1677986515289254,0.010019777160835026
weibull_softplus_unscaled@kappa_floor_link,table9,external_development,0,-1,delphi_3e18_39bucket:79faa6a5b2de9e64c364af44aaa762e31a637c87c7c6d57002f957ef71cbeb84,1.085267855928088,0.0038037831259862035
weibull_softplus_unscaled@kappa_floor_link,table9,external_development,0,-1,delphi_3e18_39bucket:7c9cf8d99e2a20bfcf7060b220169c9ae7c13a5c2cfaa96022cc97b063759fec,1.1324870960447755,0.007131827824777287
weibull_softplus_unscaled@kappa_floor_link,table9,external_development,0,-1,delphi_3e18_39bucket:7d6e5bdf2421a78af620ea6ac7975078e405a629c7642ced529ef76b1f6bba54,1.0988263114623655,0.010352361321141122
weibull_softplus_unscaled@kappa_floor_link,table9,external_development,0,-1,delphi_3e18_39bucket:7e55a3661a634ab042b0d907f35856d18f479e608ad474942aa5a6ecf7f9f033,1.1118394088145476,0.0060506477223766075
weibull_softplus_unscaled@kappa_floor_link,table9,external_development,0,-1,delphi_3e18_39bucket:7ea661be2a7587559cb8925e1eb21820cb040c4cd7a883b0f24803c308d3fb41,1.0890675610116003,0.0038570389653236744
weibull_softplus_unscaled@kappa_floor_link,table9,external_development,0,-1,delphi_3e18_39bucket:7ed367f16179f0147cfe76808f461bb876363b57665b8e5485529577f7dd5210,1.1278221596510498,0.006892662555317506
weibull_softplus_unscaled@kappa_floor_link,table9,external_development,0,-1,delphi_3e18_39bucket:80b7399fe369d7309377bca271430df48654b77c59f6f9809f09f49a62c14c95,1.0930517863521674,0.004788347574730067
weibull_softplus_unscaled@kappa_floor_link,table9,external_development,0,-1,delphi_3e18_39bucket:80cd1b3538923f0a877e5c9e8a78b526e337a71951c52c3ed2fabe91e7daeb69,1.0985729044765278,0.004852245279251109
weibull_softplus_unscaled@kappa_floor_link,table9,external_development,0,-1,delphi_3e18_39bucket:80ef0b613e000a82657443770642af353463be1258804e7d9a261d13e6d4476b,1.2844176755453098,0.040887310317229024
weibull_softplus_unscaled@kappa_floor_link,table9,external_development,0,-1,delphi_3e18_39bucket:81329096cd24fadc9f75ffda9d87c90de1dd4f27e19160c1a0ab25986bc2213e,1.0862468104534533,0.004890769277933964
weibull_softplus_unscaled@kappa_floor_link,table9,external_development,0,-1,delphi_3e18_39bucket:81cb45a36b39811750d0ff0f4375bddfcf30514d23437ee76f5f2fb9aeef22de,1.0981574678512631,0.00508341390922942
weibull_softplus_unscaled@kappa_floor_link,table9,external_development,0,-1,delphi_3e18_39bucket:83255fbba7f49b8b85c42635b9dfbb84761b39c2df55f527fecbf415d75bdb19,1.0979736942195881,0.008210534025433845
weibull_softplus_unscaled@kappa_floor_link,table9,external_development,0,-1,delphi_3e18_39bucket:85cf736312d9c54d30d33e799831eace88d4de508ed9795dc06bd89296394ffd,1.1350242692524826,0.010047782311699026
weibull_softplus_unscaled@kappa_floor_link,table9,external_development,0,-1,delphi_3e18_39bucket:869e1d284e219525aaf5d7d275906629688a62da31308f8af724cf8e4e5d9f87,1.096884077826831,0.0049543542713849234
weibull_softplus_unscaled@kappa_floor_link,table9,external_development,0,-1,delphi_3e18_39bucket:8742e8c2e0296f55b1c137dd55f16cb74ac4383a6910e9d287ebe64de86fef97,1.064166147544412,0.006403855228294458
weibull_softplus_unscaled@kappa_floor_link,table9,external_development,0,-1,delphi_3e18_39bucket:8764bd229418c70dbbe599973cafc92f4d5c6b32008b9660f4dc1c2b9ea05ee6,1.0850780344427862,0.005358238147000051
weibull_softplus_unscaled@kappa_floor_link,table9,external_development,0,-1,delphi_3e18_39bucket:87837653d9cdc600c37c55a28dbdbbafffdc6e81c912de2423ff4dd6118f5f0a,1.1926990185811768,0.011004064661167035
weibull_softplus_unscaled@kappa_floor_link,table9,external_development,0,-1,delphi_3e18_39bucket:888cfaf89d4295f594e70e228c529e053cfd95543a8db5dfe5873174591305d6,1.0912314084083077,0.005205095729687245
weibull_softplus_unscaled@kappa_floor_link,table9,external_development,0,-1,delphi_3e18_39bucket:88da80acdbb077326baf06c1ee5ed44df4ccf2d1c95d0225144a1ef721799941,1.1922489456353045,0.010928643391469399
weibull_softplus_unscaled@kappa_floor_link,table9,external_development,0,-1,delphi_3e18_39bucket:8a5e02daa1e8fdf2a742a34c43f9a70bb723cb9f61bc5fcfe9694679bdaca30e,1.1918705367615958,0.01092373910048885
weibull_softplus_unscaled@kappa_floor_link,table9,external_development,0,-1,delphi_3e18_39bucket:8b6fc2228a641c15336b0a2f6243168c75a92ef85a25feac87bdbcb80fa0ce3e,1.0980348393039636,0.007700492199846966
weibull_softplus_unscaled@kappa_floor_link,table9,external_development,0,-1,delphi_3e18_39bucket:8c377f234db2429719cde7dad4993aee8d5ba1a1b9fc4bb1edecd7ce3c71c7ba,1.1966745225790507,0.010933558743952623
weibull_softplus_unscaled@kappa_floor_link,table9,external_development,0,-1,delphi_3e18_39bucket:8d8d29d13a22ae384d9c1d2602fbdc405a2944615cac1839a8fed0a4f1cf92cd,1.0938901063708482,0.0047306203593874396
weibull_softplus_unscaled@kappa_floor_link,table9,external_development,0,-1,delphi_3e18_39bucket:8e07c6e265071fba3115ceab986006dd4518361d77cde815c233b3b70a3ffdc0,1.189419143337568,0.010811568751729499
weibull_softplus_unscaled@kappa_floor_link,table9,external_development,0,-1,delphi_3e18_39bucket:8ef412ceada2d7ce755116002b185f9a484e1bd67269fffa0bb96a36e49f1b57,1.1150549251163455,0.006433031041489835
weibull_softplus_unscaled@kappa_floor_link,table9,external_development,0,-1,delphi_3e18_39bucket:8f9d336e61271fad2de609d91cff46986aa0a18d154f1bb47311d58529798e70,1.0744888356207136,0.005296054855398321
weibull_softplus_unscaled@kappa_floor_link,table9,external_development,0,-1,delphi_3e18_39bucket:8fd1ba3a337f5601be326ee3fa5f02778374cd45763940f906a747ef581271a2,1.1004860107006318,0.006649607399072588
weibull_softplus_unscaled@kappa_floor_link,table9,external_development,0,-1,delphi_3e18_39bucket:90dba2fc8d83436f4853eb165d137a40b833acc83db632ba583aa912e43b733d,1.0676219065794335,0.005848836381468726
weibull_softplus_unscaled@kappa_floor_link,table9,external_development,0,-1,delphi_3e18_39bucket:90f52ac0608eb5e98056e42a1f2c4baf179f331a5a38fab70ead512319850a58,1.0950633050786807,0.0046440172700927835
weibull_softplus_unscaled@kappa_floor_link,table9,external_development,0,-1,delphi_3e18_39bucket:915788dcc658ef8459d4fe90196613e360eb9a4655570e26ccf506b5a28854fa,1.0889064057482631,0.005494285588337895
weibull_softplus_unscaled@kappa_floor_link,table9,external_development,0,-1,delphi_3e18_39bucket:937f2ad80bf81c490b47d4ffa2a834687d935ca5b8d1aac556126ed037de7674,1.2212324130171919,0.023771369736547678
weibull_softplus_unscaled@kappa_floor_link,table9,external_development,0,-1,delphi_3e18_39bucket:9402f0aef28710392a371f6c2d00b98a0838d825536798d42069e950307c4c99,1.099559012226322,0.007459419084949168
weibull_softplus_unscaled@kappa_floor_link,table9,external_development,0,-1,delphi_3e18_39bucket:97a9a5ebb9cef7528b5a1da0e741881159e16d17debe1bae0a412102ad3ef173,1.1038009187938036,0.006653975990556217
weibull_softplus_unscaled@kappa_floor_link,table9,external_development,0,-1,delphi_3e18_39bucket:99a1fe189ce40a2f048415cf2c9d05a5d0869a5118c2c936a4376cb325c23e68,1.095257198041159,0.004663975594595145
weibull_softplus_unscaled@kappa_floor_link,table9,external_development,0,-1,delphi_3e18_39bucket:9a343b0b93b0bad4f87152437bb40a403f7be5b9f572cfae5e7703e50bc7093a,1.263635093523613,0.011841140172147699
weibull_softplus_unscaled@kappa_floor_link,table9,external_development,0,-1,delphi_3e18_39bucket:9a66aeb4da20d6cb985f60b618c35fa92cb849c3995c7701c5b8b9785a935f95,1.1935920307759944,0.010719301678867664
weibull_softplus_unscaled@kappa_floor_link,table9,external_development,0,-1,delphi_3e18_39bucket:9b478f9223e98b33f203281ad106af33651a711905e81c6425afe46d362783dd,1.0893666712924763,0.00521473746647534
weibull_softplus_unscaled@kappa_floor_link,table9,external_development,0,-1,delphi_3e18_39bucket:9cb37ee04e914fba68e7aa6ea382c6a5dcc2b405ec78b251b537abc8f70b15f2,1.2707843148994011,0.013681706103702947
weibull_softplus_unscaled@kappa_floor_link,table9,external_development,0,-1,delphi_3e18_39bucket:9d67ecf7ca42caa8c17072acc340447c75d621fa7f6328d104f5c9aaeb7ec6e0,1.1309483616071696,0.006760303794121001
weibull_softplus_unscaled@kappa_floor_link,table9,external_development,0,-1,delphi_3e18_39bucket:9dd4959b60a619086be7a961944fc3ecdd885a9e689014e9469cefc96b05d519,1.202273274342498,0.010859152317445163
weibull_softplus_unscaled@kappa_floor_link,table9,external_development,0,-1,delphi_3e18_39bucket:9e9c69194eb0212d58b2cd82c37cfb3cd0425cc53145c90e62e8fdaa0146b72c,1.2300286532675933,0.013161575823065309
weibull_softplus_unscaled@kappa_floor_link,table9,external_development,0,-1,delphi_3e18_39bucket:a06702de740002664665137e4b38e0b8da850b54fa2b60043b07648bc7865e0d,1.1962335638714925,0.010964975489718648
weibull_softplus_unscaled@kappa_floor_link,table9,external_development,0,-1,delphi_3e18_39bucket:a112249e06f01c4b89fb7ab08cab57efeda282d92742f4cc252467705cf190b3,1.1026652343156997,0.00518573727177939
weibull_softplus_unscaled@kappa_floor_link,table9,external_development,0,-1,delphi_3e18_39bucket:a1a917b1981fc2cad2c2759dccf963b51fb941fd9816c49087f7b119545d4161,1.077800277183001,0.003508698616188351
weibull_softplus_unscaled@kappa_floor_link,table9,external_development,0,-1,delphi_3e18_39bucket:a2e9ef04947000c42a5fce44f079afd6c9a82405871f0ae796e3a23c09bdcd60,1.1640253516886971,0.014002672123293956
weibull_softplus_unscaled@kappa_floor_link,table9,external_development,0,-1,delphi_3e18_39bucket:a33494886bea818345f1c4e736142dd31e9b8963c77dda49d14b97936f38ad95,1.183833228768394,0.014791231217705769
weibull_softplus_unscaled@kappa_floor_link,table9,external_development,0,-1,delphi_3e18_39bucket:a446352f8ea28f09e4c49fbb12b233c435b553f9d70c492c7073b7bf49c30026,1.079887293447301,0.0031040877490456815
weibull_softplus_unscaled@kappa_floor_link,table9,external_development,0,-1,delphi_3e18_39bucket:a49233d8ca277189ab0cffa6075e2cba9b34d183388b505c02e9a17d70d7b1a8,1.1780145265816886,0.010163906103382551
weibull_softplus_unscaled@kappa_floor_link,table9,external_development,0,-1,delphi_3e18_39bucket:a65d5c88e37d14e7e1c7bc24772a174122d7735d5bb9401952c2c43a9e52bcb0,1.194122288481008,0.010946703580833871
weibull_softplus_unscaled@kappa_floor_link,table9,external_development,0,-1,delphi_3e18_39bucket:a6f8ee66180ee4f314eaefad2d4a4d32b2dca4cca30189c172ec69c8e429a20f,1.064633101258464,0.006594234966025899
weibull_softplus_unscaled@kappa_floor_link,table9,external_development,0,-1,delphi_3e18_39bucket:a9443e4734c22f757147884341c62ae38299464729f87ed9ebc619cf23b893a1,1.1920468829139375,0.010951079922887234
weibull_softplus_unscaled@kappa_floor_link,table9,external_development,0,-1,delphi_3e18_39bucket:a9fad6c5f1a36df4b0cd5664cd0bb595654bf66783a68cba6267d2877016bdfc,1.1023239455112868,0.018080432576026973
weibull_softplus_unscaled@kappa_floor_link,table9,external_development,0,-1,delphi_3e18_39bucket:acf47cd01afab11ff0fcb7160374abce76a2944fe7a7540d228c251e9321640d,1.0744273613993884,0.005720012800385693
weibull_softplus_unscaled@kappa_floor_link,table9,external_development,0,-1,delphi_3e18_39bucket:ad6cc7dabe4a5d5d4ba13920311e4ef81127a10801519d719266222379ae77b0,1.0884409003162991,0.0026051240759590623
weibull_softplus_unscaled@kappa_floor_link,table9,external_development,0,-1,delphi_3e18_39bucket:ae0dded03badca9af71c45d67446f487f2de6f1c7152b6c1a2d3ecada8a9d714,1.1913568397285395,0.010803288848218436
weibull_softplus_unscaled@kappa_floor_link,table9,external_development,0,-1,delphi_3e18_39bucket:af23052e9bb0568d854252c7e9d912d01127effa106d2a440fdce6cbb8742532,1.0805298537699883,0.005156505775914661
weibull_softplus_unscaled@kappa_floor_link,table9,external_development,0,-1,delphi_3e18_39bucket:b0cb7fc00e70c87e1210c38349ab8e80c514b61f5bf14e6e4d3a1e054d88183c,1.0779407470255138,0.005204132234131682
weibull_softplus_unscaled@kappa_floor_link,table9,external_development,0,-1,delphi_3e18_39bucket:b1168e54ae7e32586bd89eeaf38a318cd349cbd8750efb93612a79f756b5f1f7,1.1956504986005525,0.010859999520643902
weibull_softplus_unscaled@kappa_floor_link,table9,external_development,0,-1,delphi_3e18_39bucket:b24484975c0fdb42bc7d421c371e91d35f685b6538fffc7050e857d97e5348ff,1.1024119275399107,0.005557154410338775
weibull_softplus_unscaled@kappa_floor_link,table9,external_development,0,-1,delphi_3e18_39bucket:b2e9ddb8f35e322ed0b092df87cdc78e620b2de7818b2a7c9891ff0e9a2b2203,1.1101909896395292,0.010604681924407907
weibull_softplus_unscaled@kappa_floor_link,table9,external_development,0,-1,delphi_3e18_39bucket:b3c3cd22e3dae4f77235a1bb86fcf08ae715bc018b78109510794e1bfbbec0d2,1.1037485718309106,0.005279166174683265
weibull_softplus_unscaled@kappa_floor_link,table9,external_development,0,-1,delphi_3e18_39bucket:b4019bdf109781eac2e9182593f4f84c5c51635d447918682e7ed12d25efdf1b,1.193329227017912,0.010789297985970657
weibull_softplus_unscaled@kappa_floor_link,table9,external_development,0,-1,delphi_3e18_39bucket:b4db7f9f5c435c1903537d5c944758a1e93d54c6a0fa3ddd19122f4e7b7298a0,1.0785721953771965,0.0037493843516304606
weibull_softplus_unscaled@kappa_floor_link,table9,external_development,0,-1,delphi_3e18_39bucket:b5ee1f40e4fe0358ac680a969cd93dfe1b00c483ee3b2d4ff4bc73bd6424437b,1.268048638485057,0.01500297445275857
weibull_softplus_unscaled@kappa_floor_link,table9,external_development,0,-1,delphi_3e18_39bucket:b6430b97f099d96863ae8ad7779c1bddc164c591ab12cc5ea266142e19a7cdfd,1.1922444126186864,0.01091852127115251
weibull_softplus_unscaled@kappa_floor_link,table9,external_development,0,-1,delphi_3e18_39bucket:b785f71525744bfa0a8934b482dd570356bebd37292a9b70af0b1a2cf45d9e69,1.0932483506415018,0.009121585451302539
weibull_softplus_unscaled@kappa_floor_link,table9,external_development,0,-1,delphi_3e18_39bucket:b8bf59231f485a24fb35df8862c073595e1cb0cd30c999520e88797d047bfeda,1.19273838945059,0.010990287910089193
weibull_softplus_unscaled@kappa_floor_link,table9,external_development,0,-1,delphi_3e18_39bucket:b8c7bfd7161a0da8577d236f09c0ed25722a71943281d19f8b06065999e36ffd,1.1990948339060252,0.01090066528129666
weibull_softplus_unscaled@kappa_floor_link,table9,external_development,0,-1,delphi_3e18_39bucket:bab1f73b1a1be66a924b70bb0fdb3a032f1ca3a1e246edb80c0f38d75143aed8,1.1927179840120519,0.011018673711073493
weibull_softplus_unscaled@kappa_floor_link,table9,external_development,0,-1,delphi_3e18_39bucket:bd84fea18d97e337ca86db382439fe7990518cd6d78bfa8837b2e317c2bcd4ae,1.1917882287162067,0.01096931403879357
weibull_softplus_unscaled@kappa_floor_link,table9,external_development,0,-1,delphi_3e18_39bucket:bf919587f3da29d0e32d10ac8a4e6f6c80f5a696953a34e5d9856c2fce2ce46b,1.193393110298934,0.011058830951988612
weibull_softplus_unscaled@kappa_floor_link,table9,external_development,0,-1,delphi_3e18_39bucket:c00c0d5d9f7b8d4f9d4a1f2f6845f4dd0f7effdd60e8da9e988daf574adff818,1.145434545285512,0.01975838980244287
weibull_softplus_unscaled@kappa_floor_link,table9,external_development,0,-1,delphi_3e18_39bucket:c08749305f6303b7d46f8c9478053948d5c036a6450977e8de388609b95a2443,1.1916533432745506,0.011251223206387887
weibull_softplus_unscaled@kappa_floor_link,table9,external_development,0,-1,delphi_3e18_39bucket:c15c0a441754e3ca9b7ba442214315eb793714c1637ea6042915542863b4e52e,1.1916873478123564,0.010976399493112604
weibull_softplus_unscaled@kappa_floor_link,table9,external_development,0,-1,delphi_3e18_39bucket:c404d7ca8f49357e32b5fe2d2331593e2c60a0fc7de1d05930f61c6534d6f758,1.1237320778319626,0.0172084994301291
weibull_softplus_unscaled@kappa_floor_link,table9,external_development,0,-1,delphi_3e18_39bucket:c5ffa8e3d7c670e959036ab38016e0e17064fa12ac2fcba643c70b1ef25297b3,1.0937551747617928,0.007851200763764143
weibull_softplus_unscaled@kappa_floor_link,table9,external_development,0,-1,delphi_3e18_39bucket:c6601f428a7e18377f34fa8ee9b58bb6a20e42c3abcadc04e7e64aef3ca82f2a,1.1941634867235456,0.010859832937733321
weibull_softplus_unscaled@kappa_floor_link,table9,external_development,0,-1,delphi_3e18_39bucket:c6cbc3ebaf486eecd75d04f449fdcc92c804765f512d2bceecde5c1aaa30dd39,1.1237482043387286,0.0068698103141411355
weibull_softplus_unscaled@kappa_floor_link,table9,external_development,0,-1,delphi_3e18_39bucket:c721e392dcf2947fea2da8fcf1ef91d058c717ffb8e74e8402734e31f22578fc,1.2475437310355666,0.010295364276213156
weibull_softplus_unscaled@kappa_floor_link,table9,external_development,0,-1,delphi_3e18_39bucket:c8a7abc202e6fa1b3d7cc9e00542979084efdddd63313db5c25669da85ad2b19,1.0807300946278375,0.0035778917821700086
weibull_softplus_unscaled@kappa_floor_link,table9,external_development,0,-1,delphi_3e18_39bucket:c8a7b68f3dd8d7d2600dc1e56fb8af9e5dcb176edc162738d4eaff7b540cd53b,1.0877267062642906,0.0065888830515043115
weibull_softplus_unscaled@kappa_floor_link,table9,external_development,0,-1,delphi_3e18_39bucket:ca5106858b9b57cf944d35ebd150b6feca9287a4f1d0cc9d182be3e623f00fa6,1.092259010247437,0.004693917821742053
weibull_softplus_unscaled@kappa_floor_link,table9,external_development,0,-1,delphi_3e18_39bucket:cb32fd5b0fd8a23c495ee8d05996c1926f4be32607954211152e0db19572b8c9,1.0879323233659135,0.005721237807980914
weibull_softplus_unscaled@kappa_floor_link,table9,external_development,0,-1,delphi_3e18_39bucket:cb466766fe3b5296e1b15a347ff4fd4692400efc5cce4a696639c2129805162a,1.1190730596645366,0.006603689992581708
weibull_softplus_unscaled@kappa_floor_link,table9,external_development,0,-1,delphi_3e18_39bucket:cc2d283f3d5584275c7938fd4a0fadb9bbd9543dc9b5ae965f2d87df95c479ff,1.1334513861246827,0.007591465268086934
weibull_softplus_unscaled@kappa_floor_link,table9,external_development,0,-1,delphi_3e18_39bucket:cce19bcdfb95a772d1f465a94498e69474d7f7235d46ab401d3d0543e73f9e3b,1.1919373811427265,0.010919339881666686
weibull_softplus_unscaled@kappa_floor_link,table9,external_development,0,-1,delphi_3e18_39bucket:cd1cd78d6325f56e5c761e7042369262a032ce78f12fc6d47e4ebf1ce0894339,1.1031999144341955,0.005841275730943989
weibull_softplus_unscaled@kappa_floor_link,table9,external_development,0,-1,delphi_3e18_39bucket:cd8eec34fcd41e0cd76c6ef4d520fa83d6c6b5a1828c92c8c556ba4c806a58e7,1.1375409414725866,0.007022782782030314
weibull_softplus_unscaled@kappa_floor_link,table9,external_development,0,-1,delphi_3e18_39bucket:d097ba261d98ffe38b995691fc506821678d330c54b489b4d0e645e75c5e4e2e,1.0672994816712715,0.0055156940983646235
weibull_softplus_unscaled@kappa_floor_link,table9,external_development,0,-1,delphi_3e18_39bucket:d0b59aacb13e8749a0d761af5008890d6865d701d8550e40a60ca86f2e67ccb2,1.0806499819558888,0.0043831107816966535
weibull_softplus_unscaled@kappa_floor_link,table9,external_development,0,-1,delphi_3e18_39bucket:d160bb3271ba96668590d3b3c7781ad51718216823831c921585a8f73ffc9cf7,1.2269266730902713,0.01258262692030365
weibull_softplus_unscaled@kappa_floor_link,table9,external_development,0,-1,delphi_3e18_39bucket:d1926d64591176c8020bee54efe637a248f4f8f8bf927613049d062dccff4228,1.1953505554797532,0.010843557010822851
weibull_softplus_unscaled@kappa_floor_link,table9,external_development,0,-1,delphi_3e18_39bucket:d22385a3b372ad3742331c911e6df47b6459dcc8f7e6ce58cd5dfc1ca901a754,1.1956671808403818,0.010836748523453588
weibull_softplus_unscaled@kappa_floor_link,table9,external_development,0,-1,delphi_3e18_39bucket:d2cb05198ef956cc89df9b6aee5c76ace3aa353ea2a7316011503bff3c873c17,1.1267966221098988,0.004371976719879844
weibull_softplus_unscaled@kappa_floor_link,table9,external_development,0,-1,delphi_3e18_39bucket:d3a383c91e3c36378540e209e50999c8d005ae2b08fa6bcda7f383834b2d5dd7,1.1119879814903513,0.0019334651969499914
weibull_softplus_unscaled@kappa_floor_link,table9,external_development,0,-1,delphi_3e18_39bucket:d3b53955f30411b3c382fe4844d1526d3c14d09844153a940230c4beceeddb73,1.0959878824676461,0.0040019891045243745
weibull_softplus_unscaled@kappa_floor_link,table9,external_development,0,-1,delphi_3e18_39bucket:d3ffb3bd8e28eedb08376603e2c85cc3e83cc89ca533199775e943278e32c509,1.0772529038277345,0.004392503261544635
weibull_softplus_unscaled@kappa_floor_link,table9,external_development,0,-1,delphi_3e18_39bucket:d6c7da8dacb3efe4cbd45ee0cdd899a5a606cc57be51472b188809093554e699,1.1920164058772524,0.011103961010068988
weibull_softplus_unscaled@kappa_floor_link,table9,external_development,0,-1,delphi_3e18_39bucket:d6f6db3e0cc1a598f7eb00a7cdd40d78f821a9336eb0eaafc14da93a04575fc5,1.2206353922224833,0.011444761246657763
weibull_softplus_unscaled@kappa_floor_link,table9,external_development,0,-1,delphi_3e18_39bucket:d82c377f5bda11f52b93db01e55fa25c844255cf016ad96b80cba7cc1e618d90,1.2032676614701407,0.010877598912849212
weibull_softplus_unscaled@kappa_floor_link,table9,external_development,0,-1,delphi_3e18_39bucket:d87d478ea93a73fe0faec12048b20970bdefd41aa65888c79d1d35c24ec3556f,1.2036347229912723,0.011609692585233623
weibull_softplus_unscaled@kappa_floor_link,table9,external_development,0,-1,delphi_3e18_39bucket:d941fe99995a0f675ffc09f1d7883ac2d032a87a00fdfc22e934c5e5ca0b3452,1.2148901181404153,0.01027890717375818
weibull_softplus_unscaled@kappa_floor_link,table9,external_development,0,-1,delphi_3e18_39bucket:da68fd5e623c705387752f321a8116e319a7ae87670618ba096558effd2df550,1.1046000173301662,0.005051562243430169
weibull_softplus_unscaled@kappa_floor_link,table9,external_development,0,-1,delphi_3e18_39bucket:dac1e0885f0941e15f72456af8f56424e1b8630c37344b54346219c98f5c5f0b,1.0834313047340016,0.00444035541484582
weibull_softplus_unscaled@kappa_floor_link,table9,external_development,0,-1,delphi_3e18_39bucket:dc1f33b2668dfbb787d82df7f8e734431a829bbec2fbf8e9888d6eb582289a3d,1.0770133479786934,0.006338276690969602
weibull_softplus_unscaled@kappa_floor_link,table9,external_development,0,-1,delphi_3e18_39bucket:de0e4fef934b64c948d7c068f622295aabe99cb83c95ee0ad68b73c366c57402,1.1333488260330873,0.004599274470768362
weibull_softplus_unscaled@kappa_floor_link,table9,external_development,0,-1,delphi_3e18_39bucket:e0965c961694035e43a1da45a771f8e07c074674ecad18c76460f7ac0eef2137,1.13831385529245,0.007937565323179055
weibull_softplus_unscaled@kappa_floor_link,table9,external_development,0,-1,delphi_3e18_39bucket:e0a4d646094bff9aad92ca04cd9c5ca30c296001c0b7d65c3c20a1df0bd8ef08,1.2045169660247006,0.011060431262323436
weibull_softplus_unscaled@kappa_floor_link,table9,external_development,0,-1,delphi_3e18_39bucket:e283e505de0059b81a2b58a66a9af312bc1f3c7a7440e50c3fdcb3ff8213a34f,1.2204183485574926,0.011185616119748753
weibull_softplus_unscaled@kappa_floor_link,table9,external_development,0,-1,delphi_3e18_39bucket:e29801c3f5ba907bd5cc224343efa34e4693142ccec5ad71fd943c60b2b3a689,1.1854191462907289,0.01053068987929686
weibull_softplus_unscaled@kappa_floor_link,table9,external_development,0,-1,delphi_3e18_39bucket:e371bb5a7b5ad1a86dec663c9450a27400d377093eb89ae1812af20716ad2945,1.0874501049277505,0.007190430333108925
weibull_softplus_unscaled@kappa_floor_link,table9,external_development,0,-1,delphi_3e18_39bucket:e5053e4f4ef86036c3ebe93d055c63ec2da1a1a029cde76ea807a3890d0fd10c,1.0859225682217502,0.006652866346720345
weibull_softplus_unscaled@kappa_floor_link,table9,external_development,0,-1,delphi_3e18_39bucket:e539e936365493312d15f1130d1c083871a779dc98689047fcb9d5ebd05191ce,1.1053514428171793,0.00558595381804339
weibull_softplus_unscaled@kappa_floor_link,table9,external_development,0,-1,delphi_3e18_39bucket:e55f4d10b3aedd9111e412c962fa53c063269d47d4571a980ba950ed937266ad,1.1927814976514952,0.010982209040052192
weibull_softplus_unscaled@kappa_floor_link,table9,external_development,0,-1,delphi_3e18_39bucket:e65243af3fc92306e4aa4ea80d2c3f7aa6058bba97560ecd10959066d8d64383,1.2411988896385155,0.014550304648585165
weibull_softplus_unscaled@kappa_floor_link,table9,external_development,0,-1,delphi_3e18_39bucket:e7d55ec7f15fc194cb4e857322dc1533eddb16463ccf163eabfcdd530a051d5e,1.0963146861386743,0.004616510094569599
weibull_softplus_unscaled@kappa_floor_link,table9,external_development,0,-1,delphi_3e18_39bucket:e890ab2bc556a0858503bfe95cb5a9f21eb6c1c6dc14818358fbe0f1f321f9eb,1.192204984784834,0.010950701883905288
weibull_softplus_unscaled@kappa_floor_link,table9,external_development,0,-1,delphi_3e18_39bucket:e8cac18abed6dd3d662e4660ad3b431000e291340c4fe937b2937ad6a00fdb1c,1.1967049247723283,0.010683804981118735
weibull_softplus_unscaled@kappa_floor_link,table9,external_development,0,-1,delphi_3e18_39bucket:e8df5e6e4d008b052d6e1ad64acc1fec9b2a47d27ba17bf21c0cd6d7b4b6cad5,1.078559497399794,0.004407247074142936
weibull_softplus_unscaled@kappa_floor_link,table9,external_development,0,-1,delphi_3e18_39bucket:e8e86e247324e07114d17c3fe9b93415a22bc9d717bbeb492e8a949f59ffc574,1.204080122983322,0.010666262731246693
weibull_softplus_unscaled@kappa_floor_link,table9,external_development,0,-1,delphi_3e18_39bucket:e94c007e41ca009494ae3d9ae036d21271d6bb27b49c3b9d77a9d9148a879241,1.1203439843607872,0.006020260400781642
weibull_softplus_unscaled@kappa_floor_link,table9,external_development,0,-1,delphi_3e18_39bucket:e94c9cbd4ee682a9780bbcea3bf6df3497572253ed953eef164fa75ea4f66a2c,1.2323357399904538,0.011041505021465187
weibull_softplus_unscaled@kappa_floor_link,table9,external_development,0,-1,delphi_3e18_39bucket:e9c1eda31f2f4a0c52041968162f0f0ce4999866274b5690e4e05fda24a4bc2d,1.0951550289276208,0.004372772367024886
weibull_softplus_unscaled@kappa_floor_link,table9,external_development,0,-1,delphi_3e18_39bucket:ea37effb52c1862ed6fafb478558f7d891c703943be66cd2416bd5c491bf7f6b,1.076866712758594,0.004779128020020474
weibull_softplus_unscaled@kappa_floor_link,table9,external_development,0,-1,delphi_3e18_39bucket:ea6e21bef589c2d52505ca81bef558a5da03e4625174320ea8242417e2382d77,1.1887540577098075,0.01059667091385446
weibull_softplus_unscaled@kappa_floor_link,table9,external_development,0,-1,delphi_3e18_39bucket:ec06eca900d6ea9ba81679ee6cca83871b018289aec1505cba76db1fc87b6802,1.235336439754924,0.011368742086084615
weibull_softplus_unscaled@kappa_floor_link,table9,external_development,0,-1,delphi_3e18_39bucket:ee02c34fe2e5760160a4803e862cb1c4a623ee45da4d9adfdaa5aa9483dc78e3,1.1964235400159595,0.010857168096591758
weibull_softplus_unscaled@kappa_floor_link,table9,external_development,0,-1,delphi_3e18_39bucket:ef9f6cff6e4ea378dedecb72fceac0bdaad839d03f007c4afe577e29dbb99b4e,1.094348093170258,0.006972827074985573
weibull_softplus_unscaled@kappa_floor_link,table9,external_development,0,-1,delphi_3e18_39bucket:effc4e48644f5aac8669d7cfde80db853124d6263860d16ab4f3958b1ac4eeb5,1.142658130537977,0.0077139690129161215
weibull_softplus_unscaled@kappa_floor_link,table9,external_development,0,-1,delphi_3e18_39bucket:f232b9fe34f7b04ebbfe91eb3239213c0003a3e608e279780f47e6c545811bb3,1.1963439169283996,0.010995182012026088
weibull_softplus_unscaled@kappa_floor_link,table9,external_development,0,-1,delphi_3e18_39bucket:f387ec3241cb7be9b883e93ed53e1940f5fbf725f14ef13b1c76e1634c9e0704,1.2476769403127488,0.011172952242603602
weibull_softplus_unscaled@kappa_floor_link,table9,external_development,0,-1,delphi_3e18_39bucket:f597d4a7586698fbbc1b854337589ff532c04fd4a54699ae6665043e95934555,1.0946161200539954,0.005348517554057117
weibull_softplus_unscaled@kappa_floor_link,table9,external_development,0,-1,delphi_3e18_39bucket:f8a8e264e7f30fe85c514e532e5f6bce8d2037da8458a757b0383f7dbf072f25,1.189446062822992,0.010739470858380841
weibull_softplus_unscaled@kappa_floor_link,table9,external_development,0,-1,delphi_3e18_39bucket:f9bb0369b872fcb08e26e8d0629e52b1cb543956824511bc69a1d81d84b8e766,1.1032337279186186,0.005883575935753009
weibull_softplus_unscaled@kappa_floor_link,table9,external_development,0,-1,delphi_3e18_39bucket:f9e349b2e05d04e16162ae18c9cde10806824cee16faba2af2564f533559151d,1.185222196815218,0.010543604958185257
weibull_softplus_unscaled@kappa_floor_link,table9,external_development,0,-1,delphi_3e18_39bucket:f9e5fad6cd843eef1ec963c775019a7ed2d37fb9fc6d6458f98c8bb15b000248,1.2238980501228371,0.012105446447078462
weibull_softplus_unscaled@kappa_floor_link,table9,external_development,0,-1,delphi_3e18_39bucket:fa0294460f0573041da6b1435affe244e46d5459cf24f4d451fa7776c77261f6,1.0917934636534965,0.006933075636083051
weibull_softplus_unscaled@kappa_floor_link,table9,external_development,0,-1,delphi_3e18_39bucket:fafbc2ba18f1c7971ddf8e7eff5f92f1b11469cf1d80181209696d8655812553,1.2036092936475704,0.011095038755159003
weibull_softplus_unscaled@kappa_floor_link,table9,external_development,0,-1,delphi_3e18_39bucket:fb8cb11729c2b4e023d88d084293e65ec1f03e521aada50a0bde80863e530aa8,1.1263579808886657,0.006748473513252458
weibull_softplus_unscaled@kappa_floor_link,table9,external_development,0,-1,delphi_3e18_39bucket:fd1878ded789f2edc41ab9255de95e0c7d881b315872d556b913e69f7cf031fc,1.0815024038465675,0.005505364962788793
weibull_softplus_unscaled@kappa_floor_link,table9,external_development,0,-1,delphi_3e18_39bucket:ff65381e6c6fa2fd41b3444cc7dae32b0a07f1eaf50d99b9dc409da261b0a1ac,1.2147951091058902,0.010687664504266751
weibull_softplus_unscaled@response_floor_link,table9,panel_oof,0,0,7,1.235628353176491,
weibull_softplus_unscaled@response_floor_link,table9,panel_oof,0,0,8,1.3764839781996279,
weibull_softplus_unscaled@response_floor_link,table9,panel_oof,0,0,25,1.2907038322498918,
weibull_softplus_unscaled@response_floor_link,table9,panel_oof,0,0,35,1.2183642076297536,
weibull_softplus_unscaled@response_floor_link,table9,panel_oof,0,0,51,1.2429974718794565,
weibull_softplus_unscaled@response_floor_link,table9,panel_oof,0,0,56,1.1707552197367832,
weibull_softplus_unscaled@response_floor_link,table9,panel_oof,0,0,69,1.2442716443129935,
weibull_softplus_unscaled@response_floor_link,table9,panel_oof,0,0,81,1.182963266519959,
weibull_softplus_unscaled@response_floor_link,table9,panel_oof,0,0,86,1.2052730167864136,
weibull_softplus_unscaled@response_floor_link,table9,panel_oof,0,0,99,1.2458021054959167,
weibull_softplus_unscaled@response_floor_link,table9,panel_oof,0,0,100,1.2351147002895397,
weibull_softplus_unscaled@response_floor_link,table9,panel_oof,0,0,106,1.3025545889989067,
weibull_softplus_unscaled@response_floor_link,table9,panel_oof,0,0,107,1.2932775280216604,
weibull_softplus_unscaled@response_floor_link,table9,panel_oof,0,0,126,1.2131109916328555,
weibull_softplus_unscaled@response_floor_link,table9,panel_oof,0,0,136,1.3102618669496715,
weibull_softplus_unscaled@response_floor_link,table9,panel_oof,0,0,137,1.2016218472579272,
weibull_softplus_unscaled@response_floor_link,table9,panel_oof,0,0,140,1.1978604711021432,
weibull_softplus_unscaled@response_floor_link,table9,panel_oof,0,0,141,1.2050629288986383,
weibull_softplus_unscaled@response_floor_link,table9,panel_oof,0,0,142,1.244535862611884,
weibull_softplus_unscaled@response_floor_link,table9,panel_oof,0,0,145,1.206127271520385,
weibull_softplus_unscaled@response_floor_link,table9,panel_oof,0,0,147,1.2427070179661408,
weibull_softplus_unscaled@response_floor_link,table9,panel_oof,0,0,163,1.2107950200366706,
weibull_softplus_unscaled@response_floor_link,table9,panel_oof,0,0,165,1.2164860884592654,
weibull_softplus_unscaled@response_floor_link,table9,panel_oof,0,0,169,1.3146013354278163,
weibull_softplus_unscaled@response_floor_link,table9,panel_oof,0,0,171,1.2960258501899,
weibull_softplus_unscaled@response_floor_link,table9,panel_oof,0,0,187,1.325937396185029,
weibull_softplus_unscaled@response_floor_link,table9,panel_oof,0,0,188,1.1990474407109235,
weibull_softplus_unscaled@response_floor_link,table9,panel_oof,0,0,191,1.2392218090885354,
weibull_softplus_unscaled@response_floor_link,table9,panel_oof,0,0,195,1.1947206539222215,
weibull_softplus_unscaled@response_floor_link,table9,panel_oof,0,0,197,1.2175416853847598,
weibull_softplus_unscaled@response_floor_link,table9,panel_oof,0,0,200,1.1692608408200271,
weibull_softplus_unscaled@response_floor_link,table9,panel_oof,0,0,208,1.2372647325625485,
weibull_softplus_unscaled@response_floor_link,table9,panel_oof,0,0,209,1.2172321689872247,
weibull_softplus_unscaled@response_floor_link,table9,panel_oof,0,0,210,1.254486137348507,
weibull_softplus_unscaled@response_floor_link,table9,panel_oof,0,0,217,1.2371272181736068,
weibull_softplus_unscaled@response_floor_link,table9,panel_oof,0,0,219,1.260167460048125,
weibull_softplus_unscaled@response_floor_link,table9,panel_oof,0,0,220,1.2015965814458007,
weibull_softplus_unscaled@response_floor_link,table9,panel_oof,0,0,223,1.1812555541456606,
weibull_softplus_unscaled@response_floor_link,table9,panel_oof,0,0,233,1.177904128251714,
weibull_softplus_unscaled@response_floor_link,table9,panel_oof,0,0,237,1.223267156085519,
weibull_softplus_unscaled@response_floor_link,table9,panel_oof,0,1,0,1.1462344440278955,
weibull_softplus_unscaled@response_floor_link,table9,panel_oof,0,1,1,1.1253550117734048,
weibull_softplus_unscaled@response_floor_link,table9,panel_oof,0,1,241,1.1464255278484685,
weibull_softplus_unscaled@response_floor_link,table9,panel_oof,0,1,242,1.146664701354911,
weibull_softplus_unscaled@response_floor_link,table9,panel_oof,0,1,243,1.145138262427325,
weibull_softplus_unscaled@response_floor_link,table9,panel_oof,0,1,244,1.152623631942502,
weibull_softplus_unscaled@response_floor_link,table9,panel_oof,0,1,245,1.1432699780732003,
weibull_softplus_unscaled@response_floor_link,table9,panel_oof,0,1,246,1.1439268332431758,
weibull_softplus_unscaled@response_floor_link,table9,panel_oof,0,1,247,1.1467369383864254,
weibull_softplus_unscaled@response_floor_link,table9,panel_oof,0,1,248,1.153640728666653,
weibull_softplus_unscaled@response_floor_link,table9,panel_oof,0,1,249,1.1397144742475491,
weibull_softplus_unscaled@response_floor_link,table9,panel_oof,0,1,250,1.145748311054489,
weibull_softplus_unscaled@response_floor_link,table9,panel_oof,0,1,251,1.1391957031918443,
weibull_softplus_unscaled@response_floor_link,table9,panel_oof,0,1,252,1.143327052313296,
weibull_softplus_unscaled@response_floor_link,table9,panel_oof,0,1,253,1.1473790967826678,
weibull_softplus_unscaled@response_floor_link,table9,panel_oof,0,1,254,1.1489574473610449,
weibull_softplus_unscaled@response_floor_link,table9,panel_oof,0,1,255,1.1474604356038345,
weibull_softplus_unscaled@response_floor_link,table9,panel_oof,0,1,256,1.1495360781934552,
weibull_softplus_unscaled@response_floor_link,table9,panel_oof,0,1,257,1.1447989044673226,
weibull_softplus_unscaled@response_floor_link,table9,panel_oof,0,1,258,1.1502082302524457,
weibull_softplus_unscaled@response_floor_link,table9,panel_oof,0,1,259,1.1540833081966295,
weibull_softplus_unscaled@response_floor_link,table9,panel_oof,0,1,260,1.1462884235274933,
weibull_softplus_unscaled@response_floor_link,table9,panel_oof,0,1,261,1.146016648556632,
weibull_softplus_unscaled@response_floor_link,table9,panel_oof,0,1,262,1.1512912435453808,
weibull_softplus_unscaled@response_floor_link,table9,panel_oof,0,1,263,1.1499520679853736,
weibull_softplus_unscaled@response_floor_link,table9,panel_oof,0,1,264,1.149327195474851,
weibull_softplus_unscaled@response_floor_link,table9,panel_oof,0,1,265,1.1500165223699281,
weibull_softplus_unscaled@response_floor_link,table9,panel_oof,0,1,266,1.1479910672670037,
weibull_softplus_unscaled@response_floor_link,table9,panel_oof,0,1,267,1.1934583224638535,
weibull_softplus_unscaled@response_floor_link,table9,panel_oof,0,1,268,1.1517672179531293,
weibull_softplus_unscaled@response_floor_link,table9,panel_oof,0,1,269,1.1586398654155259,
weibull_softplus_unscaled@response_floor_link,table9,panel_oof,0,1,270,1.1464912420005697,
weibull_softplus_unscaled@response_floor_link,table9,panel_oof,0,1,271,1.1357106968419242,
weibull_softplus_unscaled@response_floor_link,table9,panel_oof,0,1,272,1.151647648352645,
weibull_softplus_unscaled@response_floor_link,table9,panel_oof,0,1,273,1.1867569633571655,
weibull_softplus_unscaled@response_floor_link,table9,panel_oof,0,1,274,1.1473357291478177,
weibull_softplus_unscaled@response_floor_link,table9,panel_oof,0,1,275,1.152748105108861,
weibull_softplus_unscaled@response_floor_link,table9,panel_oof,0,1,276,1.1680850634634408,
weibull_softplus_unscaled@response_floor_link,table9,panel_oof,0,1,277,1.1581785939351903,
weibull_softplus_unscaled@response_floor_link,table9,panel_oof,0,1,278,1.1819134087872363,
weibull_softplus_unscaled@response_floor_link,table9,panel_oof,0,1,279,1.155049126439871,
weibull_softplus_unscaled@response_floor_link,table9,panel_oof,0,2,3,1.2422629130242373,
weibull_softplus_unscaled@response_floor_link,table9,panel_oof,0,2,5,1.4519978335190562,
weibull_softplus_unscaled@response_floor_link,table9,panel_oof,0,2,6,1.2774199995623017,
weibull_softplus_unscaled@response_floor_link,table9,panel_oof,0,2,10,1.303779506869622,
weibull_softplus_unscaled@response_floor_link,table9,panel_oof,0,2,15,1.2470864410246096,
weibull_softplus_unscaled@response_floor_link,table9,panel_oof,0,2,20,1.2888598243476523,
weibull_softplus_unscaled@response_floor_link,table9,panel_oof,0,2,26,1.2229541219128484,
weibull_softplus_unscaled@response_floor_link,table9,panel_oof,0,2,29,1.2403099968819444,
weibull_softplus_unscaled@response_floor_link,table9,panel_oof,0,2,30,1.2210501988784062,
weibull_softplus_unscaled@response_floor_link,table9,panel_oof,0,2,34,1.1750366040329143,
weibull_softplus_unscaled@response_floor_link,table9,panel_oof,0,2,39,1.254552439540558,
weibull_softplus_unscaled@response_floor_link,table9,panel_oof,0,2,41,1.2703392334578747,
weibull_softplus_unscaled@response_floor_link,table9,panel_oof,0,2,46,1.246174692162501,
weibull_softplus_unscaled@response_floor_link,table9,panel_oof,0,2,48,1.1969512773460842,
weibull_softplus_unscaled@response_floor_link,table9,panel_oof,0,2,57,1.2795972893854857,
weibull_softplus_unscaled@response_floor_link,table9,panel_oof,0,2,62,1.221586710191048,
weibull_softplus_unscaled@response_floor_link,table9,panel_oof,0,2,65,1.247136866279683,
weibull_softplus_unscaled@response_floor_link,table9,panel_oof,0,2,68,1.2454573759943026,
weibull_softplus_unscaled@response_floor_link,table9,panel_oof,0,2,73,1.2275812047079835,
weibull_softplus_unscaled@response_floor_link,table9,panel_oof,0,2,79,1.2318130833532588,
weibull_softplus_unscaled@response_floor_link,table9,panel_oof,0,2,83,1.1703340900352859,
weibull_softplus_unscaled@response_floor_link,table9,panel_oof,0,2,84,1.2347477676424095,
weibull_softplus_unscaled@response_floor_link,table9,panel_oof,0,2,87,1.360081015556001,
weibull_softplus_unscaled@response_floor_link,table9,panel_oof,0,2,90,1.2157330059408853,
weibull_softplus_unscaled@response_floor_link,table9,panel_oof,0,2,91,1.2895292568713679,
weibull_softplus_unscaled@response_floor_link,table9,panel_oof,0,2,98,1.1742078867612422,
weibull_softplus_unscaled@response_floor_link,table9,panel_oof,0,2,101,1.2051343643199397,
weibull_softplus_unscaled@response_floor_link,table9,panel_oof,0,2,105,1.2174261638718447,
weibull_softplus_unscaled@response_floor_link,table9,panel_oof,0,2,109,1.2545234238514147,
weibull_softplus_unscaled@response_floor_link,table9,panel_oof,0,2,112,1.2081534538936602,
weibull_softplus_unscaled@response_floor_link,table9,panel_oof,0,2,113,1.310549202249837,
weibull_softplus_unscaled@response_floor_link,table9,panel_oof,0,2,115,1.2320371051228118,
weibull_softplus_unscaled@response_floor_link,table9,panel_oof,0,2,116,1.2604229783512917,
weibull_softplus_unscaled@response_floor_link,table9,panel_oof,0,2,119,1.2212955392673894,
weibull_softplus_unscaled@response_floor_link,table9,panel_oof,0,2,122,1.2067424328088419,
weibull_softplus_unscaled@response_floor_link,table9,panel_oof,0,2,123,1.2011943568515535,
weibull_softplus_unscaled@response_floor_link,table9,panel_oof,0,2,124,1.2268636757242228,
weibull_softplus_unscaled@response_floor_link,table9,panel_oof,0,2,133,1.2756193615725244,
weibull_softplus_unscaled@response_floor_link,table9,panel_oof,0,2,134,1.2003853987826825,
weibull_softplus_unscaled@response_floor_link,table9,panel_oof,0,2,135,1.2105964409349999,
weibull_softplus_unscaled@response_floor_link,table9,panel_oof,0,2,138,1.2170396426133478,
weibull_softplus_unscaled@response_floor_link,table9,panel_oof,0,2,144,1.2298789945325888,
weibull_softplus_unscaled@response_floor_link,table9,panel_oof,0,2,151,1.2167569308308628,
weibull_softplus_unscaled@response_floor_link,table9,panel_oof,0,2,152,1.1936857522051847,
weibull_softplus_unscaled@response_floor_link,table9,panel_oof,0,2,154,1.2152849339302954,
weibull_softplus_unscaled@response_floor_link,table9,panel_oof,0,2,157,1.2960508444414696,
weibull_softplus_unscaled@response_floor_link,table9,panel_oof,0,2,158,1.2135393998445478,
weibull_softplus_unscaled@response_floor_link,table9,panel_oof,0,2,160,1.24342992555363,
weibull_softplus_unscaled@response_floor_link,table9,panel_oof,0,2,166,1.247645006717151,
weibull_softplus_unscaled@response_floor_link,table9,panel_oof,0,2,172,1.1558419256962078,
weibull_softplus_unscaled@response_floor_link,table9,panel_oof,0,2,175,1.2035022429951834,
weibull_softplus_unscaled@response_floor_link,table9,panel_oof,0,2,176,1.1956527988120953,
weibull_softplus_unscaled@response_floor_link,table9,panel_oof,0,2,182,1.2432263174416562,
weibull_softplus_unscaled@response_floor_link,table9,panel_oof,0,2,183,1.2408275434505667,
weibull_softplus_unscaled@response_floor_link,table9,panel_oof,0,2,196,1.3129750046992135,
weibull_softplus_unscaled@response_floor_link,table9,panel_oof,0,2,198,1.2278209145662484,
weibull_softplus_unscaled@response_floor_link,table9,panel_oof,0,2,205,1.2008920597355508,
weibull_softplus_unscaled@response_floor_link,table9,panel_oof,0,2,211,1.2644120648014086,
weibull_softplus_unscaled@response_floor_link,table9,panel_oof,0,2,213,1.1320659055995888,
weibull_softplus_unscaled@response_floor_link,table9,panel_oof,0,2,215,1.1717924445751517,
weibull_softplus_unscaled@response_floor_link,table9,panel_oof,0,2,222,1.2028587181918935,
weibull_softplus_unscaled@response_floor_link,table9,panel_oof,0,2,224,1.3575489302479693,
weibull_softplus_unscaled@response_floor_link,table9,panel_oof,0,2,226,1.3109491476373822,
weibull_softplus_unscaled@response_floor_link,table9,panel_oof,0,2,227,1.23826406629798,
weibull_softplus_unscaled@response_floor_link,table9,panel_oof,0,2,229,1.1908894279055269,
weibull_softplus_unscaled@response_floor_link,table9,panel_oof,0,2,235,1.2561935918012916,
weibull_softplus_unscaled@response_floor_link,table9,panel_oof,0,2,236,1.215670646131894,
weibull_softplus_unscaled@response_floor_link,table9,panel_oof,0,2,238,1.23319095428525,
weibull_softplus_unscaled@response_floor_link,table9,panel_oof,0,3,2,1.2691993996880133,
weibull_softplus_unscaled@response_floor_link,table9,panel_oof,0,3,4,1.2834438986996397,
weibull_softplus_unscaled@response_floor_link,table9,panel_oof,0,3,9,1.2941236657220831,
weibull_softplus_unscaled@response_floor_link,table9,panel_oof,0,3,11,1.2453030897613049,
weibull_softplus_unscaled@response_floor_link,table9,panel_oof,0,3,12,1.2747998113321517,
weibull_softplus_unscaled@response_floor_link,table9,panel_oof,0,3,13,1.2107536190703843,
weibull_softplus_unscaled@response_floor_link,table9,panel_oof,0,3,14,1.2469062201026058,
weibull_softplus_unscaled@response_floor_link,table9,panel_oof,0,3,16,1.199137689636177,
weibull_softplus_unscaled@response_floor_link,table9,panel_oof,0,3,17,1.2764157038938584,
weibull_softplus_unscaled@response_floor_link,table9,panel_oof,0,3,21,1.2877862718970894,
weibull_softplus_unscaled@response_floor_link,table9,panel_oof,0,3,22,1.2038754837299874,
weibull_softplus_unscaled@response_floor_link,table9,panel_oof,0,3,23,1.267386496945019,
weibull_softplus_unscaled@response_floor_link,table9,panel_oof,0,3,24,1.1802003655015478,
weibull_softplus_unscaled@response_floor_link,table9,panel_oof,0,3,27,1.190542280882622,
weibull_softplus_unscaled@response_floor_link,table9,panel_oof,0,3,32,1.2196418691293127,
weibull_softplus_unscaled@response_floor_link,table9,panel_oof,0,3,33,1.2755940699672481,
weibull_softplus_unscaled@response_floor_link,table9,panel_oof,0,3,36,1.2164809991049106,
weibull_softplus_unscaled@response_floor_link,table9,panel_oof,0,3,37,1.2173703351182712,
weibull_softplus_unscaled@response_floor_link,table9,panel_oof,0,3,38,1.2303461292855107,
weibull_softplus_unscaled@response_floor_link,table9,panel_oof,0,3,40,1.2145260302002923,
weibull_softplus_unscaled@response_floor_link,table9,panel_oof,0,3,43,1.253210268089453,
weibull_softplus_unscaled@response_floor_link,table9,panel_oof,0,3,44,1.2857325161381852,
weibull_softplus_unscaled@response_floor_link,table9,panel_oof,0,3,45,1.2653162721691764,
weibull_softplus_unscaled@response_floor_link,table9,panel_oof,0,3,49,1.2395485095162169,
weibull_softplus_unscaled@response_floor_link,table9,panel_oof,0,3,50,1.2802099406065066,
weibull_softplus_unscaled@response_floor_link,table9,panel_oof,0,3,52,1.2315610048119192,
weibull_softplus_unscaled@response_floor_link,table9,panel_oof,0,3,53,1.2112634038772907,
weibull_softplus_unscaled@response_floor_link,table9,panel_oof,0,3,54,1.1859543725701855,
weibull_softplus_unscaled@response_floor_link,table9,panel_oof,0,3,55,1.165571871989152,
weibull_softplus_unscaled@response_floor_link,table9,panel_oof,0,3,58,1.2766651185248308,
weibull_softplus_unscaled@response_floor_link,table9,panel_oof,0,3,59,1.216772714787508,
weibull_softplus_unscaled@response_floor_link,table9,panel_oof,0,3,61,1.1976556724774792,
weibull_softplus_unscaled@response_floor_link,table9,panel_oof,0,3,63,1.168344097960078,
weibull_softplus_unscaled@response_floor_link,table9,panel_oof,0,3,64,1.2646601092658787,
weibull_softplus_unscaled@response_floor_link,table9,panel_oof,0,3,66,1.2178270671732774,
weibull_softplus_unscaled@response_floor_link,table9,panel_oof,0,3,67,1.229886696556066,
weibull_softplus_unscaled@response_floor_link,table9,panel_oof,0,3,70,1.2599087635261044,
weibull_softplus_unscaled@response_floor_link,table9,panel_oof,0,3,71,1.242193708412226,
weibull_softplus_unscaled@response_floor_link,table9,panel_oof,0,3,72,1.2298855262379949,
weibull_softplus_unscaled@response_floor_link,table9,panel_oof,0,3,74,1.1901723827451471,
weibull_softplus_unscaled@response_floor_link,table9,panel_oof,0,3,75,1.2399113004867826,
weibull_softplus_unscaled@response_floor_link,table9,panel_oof,0,3,78,1.2459616988731714,
weibull_softplus_unscaled@response_floor_link,table9,panel_oof,0,3,85,1.2192853896059028,
weibull_softplus_unscaled@response_floor_link,table9,panel_oof,0,3,88,1.2942317771633927,
weibull_softplus_unscaled@response_floor_link,table9,panel_oof,0,3,89,1.2166138422224597,
weibull_softplus_unscaled@response_floor_link,table9,panel_oof,0,3,92,1.1868864012640992,
weibull_softplus_unscaled@response_floor_link,table9,panel_oof,0,3,93,1.20249777291318,
weibull_softplus_unscaled@response_floor_link,table9,panel_oof,0,3,94,1.1894873628515734,
weibull_softplus_unscaled@response_floor_link,table9,panel_oof,0,3,95,1.2578342809144774,
weibull_softplus_unscaled@response_floor_link,table9,panel_oof,0,3,96,1.2250255987309058,
weibull_softplus_unscaled@response_floor_link,table9,panel_oof,0,3,97,1.1865647833058501,
weibull_softplus_unscaled@response_floor_link,table9,panel_oof,0,3,102,1.2326795204644168,
weibull_softplus_unscaled@response_floor_link,table9,panel_oof,0,3,108,1.2743191871219588,
weibull_softplus_unscaled@response_floor_link,table9,panel_oof,0,3,110,1.22962451002085,
weibull_softplus_unscaled@response_floor_link,table9,panel_oof,0,3,111,1.2565726690012795,
weibull_softplus_unscaled@response_floor_link,table9,panel_oof,0,3,117,1.3254524348900014,
weibull_softplus_unscaled@response_floor_link,table9,panel_oof,0,3,120,1.2076830290874172,
weibull_softplus_unscaled@response_floor_link,table9,panel_oof,0,3,121,1.195625229962872,
weibull_softplus_unscaled@response_floor_link,table9,panel_oof,0,3,127,1.190439599576616,
weibull_softplus_unscaled@response_floor_link,table9,panel_oof,0,3,128,1.2175007136670135,
weibull_softplus_unscaled@response_floor_link,table9,panel_oof,0,3,129,1.1966392120915654,
weibull_softplus_unscaled@response_floor_link,table9,panel_oof,0,3,130,1.2220119712456965,
weibull_softplus_unscaled@response_floor_link,table9,panel_oof,0,3,132,1.3228145047773099,
weibull_softplus_unscaled@response_floor_link,table9,panel_oof,0,3,139,1.2320672526641507,
weibull_softplus_unscaled@response_floor_link,table9,panel_oof,0,3,143,1.2443877134400725,
weibull_softplus_unscaled@response_floor_link,table9,panel_oof,0,3,146,1.2826902047872641,
weibull_softplus_unscaled@response_floor_link,table9,panel_oof,0,3,148,1.2144613172688117,
weibull_softplus_unscaled@response_floor_link,table9,panel_oof,0,3,149,1.3010850961746134,
weibull_softplus_unscaled@response_floor_link,table9,panel_oof,0,3,150,1.2539282945897074,
weibull_softplus_unscaled@response_floor_link,table9,panel_oof,0,3,153,1.239831899821693,
weibull_softplus_unscaled@response_floor_link,table9,panel_oof,0,3,156,1.1980016004373497,
weibull_softplus_unscaled@response_floor_link,table9,panel_oof,0,3,159,1.2630895088352798,
weibull_softplus_unscaled@response_floor_link,table9,panel_oof,0,3,161,1.3491807253076455,
weibull_softplus_unscaled@response_floor_link,table9,panel_oof,0,3,164,1.1857289522272358,
weibull_softplus_unscaled@response_floor_link,table9,panel_oof,0,3,167,1.2273416630307776,
weibull_softplus_unscaled@response_floor_link,table9,panel_oof,0,3,170,1.2022055104474196,
weibull_softplus_unscaled@response_floor_link,table9,panel_oof,0,3,173,1.2225631398906605,
weibull_softplus_unscaled@response_floor_link,table9,panel_oof,0,3,174,1.2271269439671526,
weibull_softplus_unscaled@response_floor_link,table9,panel_oof,0,3,177,1.2233587012144556,
weibull_softplus_unscaled@response_floor_link,table9,panel_oof,0,3,180,1.2317092588768097,
weibull_softplus_unscaled@response_floor_link,table9,panel_oof,0,3,181,1.2583924799132449,
weibull_softplus_unscaled@response_floor_link,table9,panel_oof,0,3,184,1.1840126948384202,
weibull_softplus_unscaled@response_floor_link,table9,panel_oof,0,3,185,1.2289972711329442,
weibull_softplus_unscaled@response_floor_link,table9,panel_oof,0,3,189,1.2308001469279657,
weibull_softplus_unscaled@response_floor_link,table9,panel_oof,0,3,190,1.2215360755361815,
weibull_softplus_unscaled@response_floor_link,table9,panel_oof,0,3,192,1.1905471387977062,
weibull_softplus_unscaled@response_floor_link,table9,panel_oof,0,3,194,1.2260877967572497,
weibull_softplus_unscaled@response_floor_link,table9,panel_oof,0,3,201,1.1428780218089951,
weibull_softplus_unscaled@response_floor_link,table9,panel_oof,0,3,203,1.214291594104068,
weibull_softplus_unscaled@response_floor_link,table9,panel_oof,0,3,204,1.22758845282263,
weibull_softplus_unscaled@response_floor_link,table9,panel_oof,0,3,206,1.1728733073666455,
weibull_softplus_unscaled@response_floor_link,table9,panel_oof,0,3,214,1.2372197583232796,
weibull_softplus_unscaled@response_floor_link,table9,panel_oof,0,3,218,1.1591664914274795,
weibull_softplus_unscaled@response_floor_link,table9,panel_oof,0,3,225,1.2819779224826628,
weibull_softplus_unscaled@response_floor_link,table9,panel_oof,0,3,228,1.2215528712909047,
weibull_softplus_unscaled@response_floor_link,table9,panel_oof,0,3,232,1.2182675790356532,
weibull_softplus_unscaled@response_floor_link,table9,panel_oof,0,3,234,1.2183697100404995,
weibull_softplus_unscaled@response_floor_link,table9,panel_oof,0,3,240,1.1542042809151813,
weibull_softplus_unscaled@response_floor_link,table9,panel_oof,0,4,18,1.2307576425972253,
weibull_softplus_unscaled@response_floor_link,table9,panel_oof,0,4,19,1.2513938498959316,
weibull_softplus_unscaled@response_floor_link,table9,panel_oof,0,4,28,1.2507901631153902,
weibull_softplus_unscaled@response_floor_link,table9,panel_oof,0,4,31,1.19044314754352,
weibull_softplus_unscaled@response_floor_link,table9,panel_oof,0,4,42,1.201332857236448,
weibull_softplus_unscaled@response_floor_link,table9,panel_oof,0,4,47,1.202419625961871,
weibull_softplus_unscaled@response_floor_link,table9,panel_oof,0,4,60,1.2058329356557276,
weibull_softplus_unscaled@response_floor_link,table9,panel_oof,0,4,76,1.2870003919000323,
weibull_softplus_unscaled@response_floor_link,table9,panel_oof,0,4,77,1.251663753092445,
weibull_softplus_unscaled@response_floor_link,table9,panel_oof,0,4,80,1.2670617573486833,
weibull_softplus_unscaled@response_floor_link,table9,panel_oof,0,4,82,1.2087750006768552,
weibull_softplus_unscaled@response_floor_link,table9,panel_oof,0,4,103,1.2488648910447302,
weibull_softplus_unscaled@response_floor_link,table9,panel_oof,0,4,104,1.2574745700044216,
weibull_softplus_unscaled@response_floor_link,table9,panel_oof,0,4,114,1.2375172840236255,
weibull_softplus_unscaled@response_floor_link,table9,panel_oof,0,4,118,1.1991336806948494,
weibull_softplus_unscaled@response_floor_link,table9,panel_oof,0,4,125,1.1163359646199613,
weibull_softplus_unscaled@response_floor_link,table9,panel_oof,0,4,131,1.193607924687384,
weibull_softplus_unscaled@response_floor_link,table9,panel_oof,0,4,155,1.178386023758742,
weibull_softplus_unscaled@response_floor_link,table9,panel_oof,0,4,162,1.2434035866681308,
weibull_softplus_unscaled@response_floor_link,table9,panel_oof,0,4,168,1.1611377645009968,
weibull_softplus_unscaled@response_floor_link,table9,panel_oof,0,4,178,1.146968253988343,
weibull_softplus_unscaled@response_floor_link,table9,panel_oof,0,4,179,1.261617816625445,
weibull_softplus_unscaled@response_floor_link,table9,panel_oof,0,4,186,1.192806901964477,
weibull_softplus_unscaled@response_floor_link,table9,panel_oof,0,4,193,1.22484161899011,
weibull_softplus_unscaled@response_floor_link,table9,panel_oof,0,4,199,1.188148787443951,
weibull_softplus_unscaled@response_floor_link,table9,panel_oof,0,4,202,1.213123917922389,
weibull_softplus_unscaled@response_floor_link,table9,panel_oof,0,4,207,1.2584943601021068,
weibull_softplus_unscaled@response_floor_link,table9,panel_oof,0,4,212,1.203555342673229,
weibull_softplus_unscaled@response_floor_link,table9,panel_oof,0,4,216,1.2228353887470615,
weibull_softplus_unscaled@response_floor_link,table9,panel_oof,0,4,221,1.2063281298499886,
weibull_softplus_unscaled@response_floor_link,table9,panel_oof,0,4,230,1.189858667064334,
weibull_softplus_unscaled@response_floor_link,table9,panel_oof,0,4,231,1.207685611590974,
weibull_softplus_unscaled@response_floor_link,table9,panel_oof,0,4,239,1.221125490531048,
weibull_softplus_unscaled@response_floor_link,table9,external_development,0,-1,delphi_3e18_39bucket:0066da643d35e694a311d26516399114a1c69adba1f7795b773b704d93c0e945,1.219463390678808,0.020902768676515453
weibull_softplus_unscaled@response_floor_link,table9,external_development,0,-1,delphi_3e18_39bucket:015ce47db7b4ac2a312c1dfa614d699adb8526230f5a7355c112e4e546f4bb96,1.190522620183791,0.02059944066632764
weibull_softplus_unscaled@response_floor_link,table9,external_development,0,-1,delphi_3e18_39bucket:01985d1f15bebd8fef77b5150d00df90b1460ff11f8dbeb34a83d3755d4831ca,1.1218363792302721,0.015761473460169484
weibull_softplus_unscaled@response_floor_link,table9,external_development,0,-1,delphi_3e18_39bucket:02c70e578e5784e551eefe679886439d9c803cedd53b283f3333a0c5fbe3e5cf,1.2005071567897634,0.02003829554188091
weibull_softplus_unscaled@response_floor_link,table9,external_development,0,-1,delphi_3e18_39bucket:037a604380dcbb0bd031ab6fe4d27d6f859ec425fb267f14b984c1fb545aefe5,1.2017031335365433,0.019372714550865516
weibull_softplus_unscaled@response_floor_link,table9,external_development,0,-1,delphi_3e18_39bucket:039e773502afbad67dfd37ee20068668a2092188b0245ddd91d40a1560e905f6,1.1326494728585004,0.013921212820457446
weibull_softplus_unscaled@response_floor_link,table9,external_development,0,-1,delphi_3e18_39bucket:073bad81517f75d40c9eb877348b38c8734b28dc6cb239c2089c9c35e9510223,1.0928617911633536,0.01581469629493201
weibull_softplus_unscaled@response_floor_link,table9,external_development,0,-1,delphi_3e18_39bucket:0788d5de28276914dae1c6388f1ab105867ad1d4a087d52bf0b8519d80129c89,1.1914222456472792,0.020382269981759498
weibull_softplus_unscaled@response_floor_link,table9,external_development,0,-1,delphi_3e18_39bucket:081b3e9c9806710005689ad55a35ca2b5545880488e77cee8042740337e79dfd,1.1027300279455505,0.011297913936240026
weibull_softplus_unscaled@response_floor_link,table9,external_development,0,-1,delphi_3e18_39bucket:09ab1aa79a519d8cbef31696066513a006253831fb687b610438ea9b39faef2c,1.2244185930164648,0.019013071254656115
weibull_softplus_unscaled@response_floor_link,table9,external_development,0,-1,delphi_3e18_39bucket:09de561eed4cac3d6052c3e7ccd15b7d2bf21ffe6620953c40d04597b793517c,1.1142611028545133,0.01487870000833937
weibull_softplus_unscaled@response_floor_link,table9,external_development,0,-1,delphi_3e18_39bucket:0a4c90180e2e9f06b17432216267636bc90d169f9f68bad8b789d271cb541e26,1.1382831803426299,0.005255573554077211
weibull_softplus_unscaled@response_floor_link,table9,external_development,0,-1,delphi_3e18_39bucket:0a69a64824dbbec7bffe6fbd96bf614be79fa346a55fb8dad697d2aed91a31fe,1.0747326751550585,0.008773015040260828
weibull_softplus_unscaled@response_floor_link,table9,external_development,0,-1,delphi_3e18_39bucket:0c6db73ff59b9cdac2e2428761ffc68d8764b26faefabce9cdbe0ad6133514fb,1.120504665532432,0.016960707559232513
weibull_softplus_unscaled@response_floor_link,table9,external_development,0,-1,delphi_3e18_39bucket:0c87eb28b1c95ec40d341aff414b3e73bc9300563def3b5d974082fe44509895,1.1925389054399425,0.02021949918195395
weibull_softplus_unscaled@response_floor_link,table9,external_development,0,-1,delphi_3e18_39bucket:0da14a6e57c138c21227eebbd44f186ea18272987a7f24f9edce875f3f5c35b2,1.1889994011295375,0.020487419862608523
weibull_softplus_unscaled@response_floor_link,table9,external_development,0,-1,delphi_3e18_39bucket:0fb57d38488e9d032a8a2d6e385eebbe0bb87510b042d12426a68166e3ec53b2,1.147271035992488,0.0169129250215663
weibull_softplus_unscaled@response_floor_link,table9,external_development,0,-1,delphi_3e18_39bucket:100cd66fd89a88c77157afcbddc20547cc115238f2281abf552b8c0d0374cc36,1.224839621594497,0.021469081426937972
weibull_softplus_unscaled@response_floor_link,table9,external_development,0,-1,delphi_3e18_39bucket:115087d05bce1abc0d1e7590a4cc0b36b643cd94c47ca5e044580bd8ff9fa514,1.1108765446041498,0.012796648739009502
weibull_softplus_unscaled@response_floor_link,table9,external_development,0,-1,delphi_3e18_39bucket:1186365305df843132a2b49cf1f4f3279bc6792218502b2ddb658ff6a8909811,1.2063241550724633,0.0197570534511831
weibull_softplus_unscaled@response_floor_link,table9,external_development,0,-1,delphi_3e18_39bucket:14ae27b209bb3f3e584f2a754f2f606b14c6a91a854a6960f5f2002189a9c63f,1.1021284422687279,0.013479388893616667
weibull_softplus_unscaled@response_floor_link,table9,external_development,0,-1,delphi_3e18_39bucket:1583e0fcd8684efdb53f5dba40c3ee266a316d16da17c423933aa17c59399bb4,1.074803220702147,0.009730213871145867
weibull_softplus_unscaled@response_floor_link,table9,external_development,0,-1,delphi_3e18_39bucket:168c44d2006162a6a570833acdedfc0e9cbace3ee8b4582d93c0d17b9a8f62dc,1.1917295333593025,0.020318479575454188
weibull_softplus_unscaled@response_floor_link,table9,external_development,0,-1,delphi_3e18_39bucket:180f3fe5f075a653053c6abb3614d3d97e4e8bd81a9bf3339b610420a3e507e1,1.1502592095163768,0.016176838155141288
weibull_softplus_unscaled@response_floor_link,table9,external_development,0,-1,delphi_3e18_39bucket:18a99a3351245092d3769f803d6ed42ad1446d61d00a6145d3ab0f7eb370ad43,1.1871195902781344,0.020237641945520895
weibull_softplus_unscaled@response_floor_link,table9,external_development,0,-1,delphi_3e18_39bucket:19e6d0a05b7cc0e501b20e580b9d694acf4b47aafcdbc8afc3840bc26b8e9183,1.1837834873508541,0.02001988688579507
weibull_softplus_unscaled@response_floor_link,table9,external_development,0,-1,delphi_3e18_39bucket:1abe87613ee3136eb10062b5549438b1593f06bc22629e4f06a79dc512925a09,1.1027265118453684,0.012380880836153822
weibull_softplus_unscaled@response_floor_link,table9,external_development,0,-1,delphi_3e18_39bucket:1bd2258fc50c2f2300cfee3ccf288fcf65b55a83f6f4e754166ad83968fd2bc5,1.1947770194710725,0.02015336873761578
weibull_softplus_unscaled@response_floor_link,table9,external_development,0,-1,delphi_3e18_39bucket:1c82f47a17303f1c725bb67357c5df989e689eab6ce331e314ec3f25166ddb7f,1.1755317764906108,0.01954050353325056
weibull_softplus_unscaled@response_floor_link,table9,external_development,0,-1,delphi_3e18_39bucket:1f764babd33705edc89b9384b3ade86c50adefb121d72a48eead725f2f99fdbb,1.2072356319003483,0.019143179810995958
weibull_softplus_unscaled@response_floor_link,table9,external_development,0,-1,delphi_3e18_39bucket:217fcc24bb6f19269acad2fd83783863fb8c38fe10b23c82e8d4650e3c20af96,1.078452019738056,0.007426503788978728
weibull_softplus_unscaled@response_floor_link,table9,external_development,0,-1,delphi_3e18_39bucket:2217566357ae6eb4d1e0a63ed7d1b5f74bf85feb4a34fc2294075abf4779dc8a,1.109582709908973,0.01623167641875535
weibull_softplus_unscaled@response_floor_link,table9,external_development,0,-1,delphi_3e18_39bucket:22435fb72d5378f38e67f149c5327cefd8299de7f2802d207068e148a654d87a,1.0700803766127005,0.009234058591209357
weibull_softplus_unscaled@response_floor_link,table9,external_development,0,-1,delphi_3e18_39bucket:244c4cf1cc1aff8a4fa4a6620ac3c4e89194a0edec3d369e2d5c5a3ffc611fbd,1.1887708134079056,0.020806928061949632
weibull_softplus_unscaled@response_floor_link,table9,external_development,0,-1,delphi_3e18_39bucket:257cf9d7063698fc7195b8f86bda6fdb70aa44cc6560c09437872f7afc15b3c7,1.1910332186895647,0.020471557029804084
weibull_softplus_unscaled@response_floor_link,table9,external_development,0,-1,delphi_3e18_39bucket:2805171d708ffa47ad55eebdded48bbe9184de34aaa01c764857896330bd5ed8,1.0805816821191325,0.011517869635711431
weibull_softplus_unscaled@response_floor_link,table9,external_development,0,-1,delphi_3e18_39bucket:28e9f00790cb0f3bd8eab6e67ab5ed390d4a8f9511b50e2c3b127fed84907f83,1.1916665370265758,0.02064189611699126
weibull_softplus_unscaled@response_floor_link,table9,external_development,0,-1,delphi_3e18_39bucket:29879913509e18c14302d4122cd80d460dbe36a86de1b841546532b10ae498e9,1.0820093092766792,0.00942363883935509
weibull_softplus_unscaled@response_floor_link,table9,external_development,0,-1,delphi_3e18_39bucket:2a97310a9690d4c4d3fba3c8cf2f4c53bec70f4ee6e7bc2798951d5fce110b5c,1.1897854479233243,0.02040051089285695
weibull_softplus_unscaled@response_floor_link,table9,external_development,0,-1,delphi_3e18_39bucket:2b989adc23ee2e9de7f2785a0f77bb06f18f1c8af0a8159044271123a563cdb9,1.0913518961865114,0.012339490979655547
weibull_softplus_unscaled@response_floor_link,table9,external_development,0,-1,delphi_3e18_39bucket:2f021c092554cc1c442218ef631eef0b2b67a217256c18aa0380762934be6ef9,1.1065706487922249,0.012522341307563408
weibull_softplus_unscaled@response_floor_link,table9,external_development,0,-1,delphi_3e18_39bucket:303bf27116162aaf5aad23c1dceb815464d35b45e7e0b3d737d78f0e445a7c48,1.153504133326161,0.01759189012678872
weibull_softplus_unscaled@response_floor_link,table9,external_development,0,-1,delphi_3e18_39bucket:329d432004aa55ff655af8af17bade03a9b3dd241ea3c9e87a7dbbeb1dc1b1d6,1.1836305477549072,0.019807953438193623
weibull_softplus_unscaled@response_floor_link,table9,external_development,0,-1,delphi_3e18_39bucket:3614e5ff6454c53dc1b4848cee125d2bf986629dee4783b90415bc92736347a1,1.0998554504259013,0.011208472975424755
weibull_softplus_unscaled@response_floor_link,table9,external_development,0,-1,delphi_3e18_39bucket:38b51fbcfa5c77121be6726dc68a28ce5ab9452aefd61be07d82e359fbdedf79,1.1078210004795563,0.010779194864894875
weibull_softplus_unscaled@response_floor_link,table9,external_development,0,-1,delphi_3e18_39bucket:391b0859fe53bf6c9da14d9694a7f85f766f8d8225b48942c840d1f3bebe7876,1.1160146621014422,0.014324431790602034
weibull_softplus_unscaled@response_floor_link,table9,external_development,0,-1,delphi_3e18_39bucket:39df5a66a6bcbdc5f52f9f37dfd15b1fdd08a415743db8fb17cc8b0512ac963f,1.247132227251131,0.02287710840584521
weibull_softplus_unscaled@response_floor_link,table9,external_development,0,-1,delphi_3e18_39bucket:3c5d1d0ddb5500239d26944a313e0c966e43abfabc203fcdb07d5db66f8dc712,1.1161255634342753,0.014397952202248293
weibull_softplus_unscaled@response_floor_link,table9,external_development,0,-1,delphi_3e18_39bucket:3d3cd30314fd09b91f22ba82b732e228369abd03b55a27da937e0bca5a083a0a,1.1846777767100343,0.02019561176713387
weibull_softplus_unscaled@response_floor_link,table9,external_development,0,-1,delphi_3e18_39bucket:3d45f3bc22316f2c3a26d5af2662f5cc5b2e1214d7bf88bc7dfa2b034b89b076,1.1030847159526989,0.012457478920803991
weibull_softplus_unscaled@response_floor_link,table9,external_development,0,-1,delphi_3e18_39bucket:3de18a523f9dbadd83062cb454ad019820e391183b58003dd91dda53a4b13e1b,1.1712630435773073,0.018538661544898253
weibull_softplus_unscaled@response_floor_link,table9,external_development,0,-1,delphi_3e18_39bucket:3ec760a2d3f08ec7acbde5dd5b70f25acbb174767b5f8e54d028852120660c2d,1.110489405905624,0.010929219059343114
weibull_softplus_unscaled@response_floor_link,table9,external_development,0,-1,delphi_3e18_39bucket:3f18082665844ac4fa26e9c9e87ec9528a72d448eff278e6eb0fb7e1d4dc39bc,1.126246979332369,0.018516455111321672
weibull_softplus_unscaled@response_floor_link,table9,external_development,0,-1,delphi_3e18_39bucket:4148bb820fc709c78f6daf88c6822b7f28c7d1aba87c815125bab9cc0c715d32,1.1722139816499633,0.018945514027175227
weibull_softplus_unscaled@response_floor_link,table9,external_development,0,-1,delphi_3e18_39bucket:419ee81cda8173e88f7ada544fce6e041beb00f9371af74edf51e3240616e6ae,1.102793699551637,0.011670524871007724
weibull_softplus_unscaled@response_floor_link,table9,external_development,0,-1,delphi_3e18_39bucket:435fc59b9f74ea68a12a16abcf01b49d1d751709400f056661ece786c4fb97f4,1.193471067613748,0.019960308415696335
weibull_softplus_unscaled@response_floor_link,table9,external_development,0,-1,delphi_3e18_39bucket:43a1b832b41d7b3705abe45be2d9a39f606803f539c4bfc22f9bdb84abd4ecdd,1.1833835961697496,0.020022844655369257
weibull_softplus_unscaled@response_floor_link,table9,external_development,0,-1,delphi_3e18_39bucket:44ce79a61450d4abf95809bf0fa221ae9d748008c8b5ae22fd8d3212c27a3fea,1.0952284343563254,0.010565994681273214
weibull_softplus_unscaled@response_floor_link,table9,external_development,0,-1,delphi_3e18_39bucket:454b420da2501cc8413ce34639b91fba6c924e92d4acb602a12a4188a7bbac06,1.1316074879876679,0.018619779598494982
weibull_softplus_unscaled@response_floor_link,table9,external_development,0,-1,delphi_3e18_39bucket:45c4ebe12e4506146427d7cf86c80df51ee3636fdc90eec46c6fbcda132736d3,1.1953852181294606,0.019890738289269957
weibull_softplus_unscaled@response_floor_link,table9,external_development,0,-1,delphi_3e18_39bucket:46346afc1e8f516e3cf8db030395bc5bdba3094e0d1d6ce3d9212fbb3736b08f,1.216430813731482,0.020153766311041654
weibull_softplus_unscaled@response_floor_link,table9,external_development,0,-1,delphi_3e18_39bucket:479b4c0d010ec8af266c712fad85c52a6b25371b206b9d3bea78ede611674b9e,1.2557650514900494,0.025455207825127578
weibull_softplus_unscaled@response_floor_link,table9,external_development,0,-1,delphi_3e18_39bucket:47f173bc0284dd1f8264d5a01dd8a2fcd9c04165efed2d185d16e1684ae02254,1.1395415636990756,0.013222966165477992
weibull_softplus_unscaled@response_floor_link,table9,external_development,0,-1,delphi_3e18_39bucket:4925c3287b201af1db9d1972026e9bf6b2b76a75673de01b83cd6af4965a90c1,1.0880351291614412,0.011101230050796137
weibull_softplus_unscaled@response_floor_link,table9,external_development,0,-1,delphi_3e18_39bucket:49605a406a87e4b29ff1058b67cff48d00f583ed007d73fd163a37ab3f1ef415,1.1132987783282737,0.01349846555898756
weibull_softplus_unscaled@response_floor_link,table9,external_development,0,-1,delphi_3e18_39bucket:4d2a9f8e18ebd65e0860eaa7996c71b4bc666ece79a59f99599bf658eaaf1ca6,1.2745938965011951,0.026460495800341023
weibull_softplus_unscaled@response_floor_link,table9,external_development,0,-1,delphi_3e18_39bucket:4dcd25089f067b1c4aa3d94b5a6046e58c872c7192b21d095899daf4324f9073,1.2913119859707578,0.02328875089841157
weibull_softplus_unscaled@response_floor_link,table9,external_development,0,-1,delphi_3e18_39bucket:51ba2b4f2f488f8c496f545e752754c9e324fea095988aeafc121d14587f9440,1.0986917440630743,0.012498491960794325
weibull_softplus_unscaled@response_floor_link,table9,external_development,0,-1,delphi_3e18_39bucket:520b93fe83078f785e1745d02d62d4de498b2d844861b920f20ad9fddb96d966,1.11148420588404,0.010214720791568566
weibull_softplus_unscaled@response_floor_link,table9,external_development,0,-1,delphi_3e18_39bucket:5268fc7970fdd1757c78b3d28d3b4a01e39ae7eb48d9eff786688b6aa8419e2c,1.2001878873381946,0.019587906903394247
weibull_softplus_unscaled@response_floor_link,table9,external_development,0,-1,delphi_3e18_39bucket:5302a3d504bc827eb82480e47fa5f9369b2a34a9073980d5a79b7b11472c3d35,1.1034625636252735,0.01182751268435603
weibull_softplus_unscaled@response_floor_link,table9,external_development,0,-1,delphi_3e18_39bucket:5304e9320d8a83ce4fc5f0c3d55748a46b482bd39654250154a2e9b9b1f11612,1.0666442271524283,0.00937395564178239
weibull_softplus_unscaled@response_floor_link,table9,external_development,0,-1,delphi_3e18_39bucket:547f1880e12c632add60347ae92abf186e58bd4549de02831f05f117476ccd27,1.084392468519376,0.01015723273201665
weibull_softplus_unscaled@response_floor_link,table9,external_development,0,-1,delphi_3e18_39bucket:5653d17dd718ed001c50f11b1296a0b6c437549494c3ad1c8cb1b53da2629181,1.1429977947488088,0.01143571917988333
weibull_softplus_unscaled@response_floor_link,table9,external_development,0,-1,delphi_3e18_39bucket:569f2fae296c65c150355a111967e64f0458d6d4e4e6695bdad8510e2d957522,1.0886688329116594,0.008963726193955013
weibull_softplus_unscaled@response_floor_link,table9,external_development,0,-1,delphi_3e18_39bucket:577ebf44b0802041939fa396b991d55566e0430342ea4e86916d0a09526dfc7b,1.1385600741689923,0.01886079485459481
weibull_softplus_unscaled@response_floor_link,table9,external_development,0,-1,delphi_3e18_39bucket:587d99c210755fe678009083951edbaf5f30125b9a9228c07223908788f4efbf,1.126323485228104,0.01851221009454108
weibull_softplus_unscaled@response_floor_link,table9,external_development,0,-1,delphi_3e18_39bucket:593cd68cc1f7693b8781f426fd8bf633d814852c98cef69f1dc0e05aa749a4a8,1.1940332848955797,0.020189615692647978
weibull_softplus_unscaled@response_floor_link,table9,external_development,0,-1,delphi_3e18_39bucket:5969f449d772b308738c1973bb8124a9388da3145bdcd4dbf580903e8aa5ae45,1.097147948495321,0.008160540242979665
weibull_softplus_unscaled@response_floor_link,table9,external_development,0,-1,delphi_3e18_39bucket:5a6c87e0a035e4d18b7e137b2cc16b00806f8d1ef126cc1b3e98ec648866cd95,1.1006225658065487,0.008269817493217707
weibull_softplus_unscaled@response_floor_link,table9,external_development,0,-1,delphi_3e18_39bucket:5bab89a350083bbb82d43430d716a115110122a55cabce94a4c485ba7cfc7890,1.1016471033501962,0.010823523386460372
weibull_softplus_unscaled@response_floor_link,table9,external_development,0,-1,delphi_3e18_39bucket:5d327ac229879291117268bc6336e58c8152465241259a6f06a7977096c2cbab,1.124843811516812,0.01856344846338545
weibull_softplus_unscaled@response_floor_link,table9,external_development,0,-1,delphi_3e18_39bucket:5d81c990ff3f85d604963810f29b83410738a33c030bdad16230497701c673cc,1.1236186760439075,0.014112476177272354
weibull_softplus_unscaled@response_floor_link,table9,external_development,0,-1,delphi_3e18_39bucket:5da4a1f0602a1c573a15377a4719b3b792d3be63656c74bcdef8bd988e67c292,1.1073666318392605,0.016198004058746093
weibull_softplus_unscaled@response_floor_link,table9,external_development,0,-1,delphi_3e18_39bucket:5f70df28cce5d870961ea81fd9171415d174214efb666d244008771b3f8a8132,1.1400306532643207,0.015341154649767963
weibull_softplus_unscaled@response_floor_link,table9,external_development,0,-1,delphi_3e18_39bucket:5f8f1118125ab64ed7032396f431fe7a879ad10627850bcd4cebb2b9c12c9c22,1.1907035732670568,0.02036295864326169
weibull_softplus_unscaled@response_floor_link,table9,external_development,0,-1,delphi_3e18_39bucket:6233cb472d97f01738aec435e826103682ccfd8390ef3bf6783341c9818b9043,1.1145887988694145,0.01454373345220366
weibull_softplus_unscaled@response_floor_link,table9,external_development,0,-1,delphi_3e18_39bucket:635528e5e2a0e881124caf31eb8cf68a81b7afe38b50630e57e736edbdd31013,1.1214365322366207,0.013388858541304295
weibull_softplus_unscaled@response_floor_link,table9,external_development,0,-1,delphi_3e18_39bucket:643213b3d69a274b198c42fc5df8e2e33accfef69d26786274a4e3f0d3ff1eba,1.0964143544859501,0.012819398778313175
weibull_softplus_unscaled@response_floor_link,table9,external_development,0,-1,delphi_3e18_39bucket:64f4ce182df0f4dc266d00d5177554ae26d369be6d6fdc42e4020ce4c159e038,1.1546458339366905,0.020003965422996414
weibull_softplus_unscaled@response_floor_link,table9,external_development,0,-1,delphi_3e18_39bucket:67219c03d0898c3bde8548203483153b8dab3ed4fff577a865554213c097934e,1.103810434665371,0.009889376024681103
weibull_softplus_unscaled@response_floor_link,table9,external_development,0,-1,delphi_3e18_39bucket:6804300e425006b08f97520a7f6c9bba13378a0b6b02edcbfec5611e5ca0c44d,1.085645214454344,0.010535854799430113
weibull_softplus_unscaled@response_floor_link,table9,external_development,0,-1,delphi_3e18_39bucket:68195b7435e250fecfae0a4a43494aec7a31a5058003835e9123c0d9e17c5779,1.1914717502646064,0.020288010016563777
weibull_softplus_unscaled@response_floor_link,table9,external_development,0,-1,delphi_3e18_39bucket:685f65df9a5d97bc32080e3b868a666285be0939d78e0a811d378657ee757244,1.0997678970582967,0.00955276238941205
weibull_softplus_unscaled@response_floor_link,table9,external_development,0,-1,delphi_3e18_39bucket:6a6a57cc90489b1821b2d65721b9c2e1d907405a1cb08fb12b0a637f75a245c7,1.214259290636777,0.020503007762755845
weibull_softplus_unscaled@response_floor_link,table9,external_development,0,-1,delphi_3e18_39bucket:6b35fe0f0f1836e028d532783d26a896a624c7a1b735b664c912826d6046ade7,1.1907576669492745,0.020528269866666476
weibull_softplus_unscaled@response_floor_link,table9,external_development,0,-1,delphi_3e18_39bucket:6be8998407711e41d66a8387ce4264ca2d324918221eafcce587dcead56348cf,1.091630876238297,0.012562770059595094
weibull_softplus_unscaled@response_floor_link,table9,external_development,0,-1,delphi_3e18_39bucket:6c651e55ddca05236b7de3e3673e1b135e1bafa15edb691f8d6ccfe12505a49c,1.1332126934379017,0.015204983599092933
weibull_softplus_unscaled@response_floor_link,table9,external_development,0,-1,delphi_3e18_39bucket:6eff5c2c6d0c6033485ec4cb97a6edae6de89063ea34c89f669ff4e4e0629eea,1.204499723986789,0.02045594235697909
weibull_softplus_unscaled@response_floor_link,table9,external_development,0,-1,delphi_3e18_39bucket:7085b12019ff35a054c005d424eb8596134e288c7ecaa2596bb4b5711eb66326,1.0941807241849462,0.00832594688291294
weibull_softplus_unscaled@response_floor_link,table9,external_development,0,-1,delphi_3e18_39bucket:7132c13eee4b70ca34a33f9a9ae7366f1bfa0fced8aaf9fa0323bc319b97506a,1.2026952914213282,0.019288378967768288
weibull_softplus_unscaled@response_floor_link,table9,external_development,0,-1,delphi_3e18_39bucket:71eb42d48f6b6a336390c690ce1e47364dfe485e2a4f06e168075c88b0def0a9,1.2771026184865653,0.01900326194758398
weibull_softplus_unscaled@response_floor_link,table9,external_development,0,-1,delphi_3e18_39bucket:742dd349c1fbc18af63f516a37aaff216490071ad5e744e3cf744b4b49367d40,1.2103076508950024,0.02016449835166266
weibull_softplus_unscaled@response_floor_link,table9,external_development,0,-1,delphi_3e18_39bucket:74bdb4e6f472459381f30133f60e19e24a54f6c7d8a9fc845b5471d668934b4d,1.1034117299526647,0.010402993416222927
weibull_softplus_unscaled@response_floor_link,table9,external_development,0,-1,delphi_3e18_39bucket:789182d5189317aa9b8640cc1bce52e2c170dc32657677d3a4108620bcbb7f05,1.2008536647813783,0.02077501917457511
weibull_softplus_unscaled@response_floor_link,table9,external_development,0,-1,delphi_3e18_39bucket:78b2e8346a4519dfef462b8376a77bc4e1d601f8933e6641020cf0eb7e48efc0,1.165674125905766,0.019831678904591633
weibull_softplus_unscaled@response_floor_link,table9,external_development,0,-1,delphi_3e18_39bucket:79faa6a5b2de9e64c364af44aaa762e31a637c87c7c6d57002f957ef71cbeb84,1.0878201120253292,0.009596757028234619
weibull_softplus_unscaled@response_floor_link,table9,external_development,0,-1,delphi_3e18_39bucket:7c9cf8d99e2a20bfcf7060b220169c9ae7c13a5c2cfaa96022cc97b063759fec,1.131423756819316,0.01536449941928518
weibull_softplus_unscaled@response_floor_link,table9,external_development,0,-1,delphi_3e18_39bucket:7d6e5bdf2421a78af620ea6ac7975078e405a629c7642ced529ef76b1f6bba54,1.1100929518720477,0.01696891564488697
weibull_softplus_unscaled@response_floor_link,table9,external_development,0,-1,delphi_3e18_39bucket:7e55a3661a634ab042b0d907f35856d18f479e608ad474942aa5a6ecf7f9f033,1.1105336800514358,0.01437079381564801
weibull_softplus_unscaled@response_floor_link,table9,external_development,0,-1,delphi_3e18_39bucket:7ea661be2a7587559cb8925e1eb21820cb040c4cd7a883b0f24803c308d3fb41,1.0911060767634295,0.009798141279326418
weibull_softplus_unscaled@response_floor_link,table9,external_development,0,-1,delphi_3e18_39bucket:7ed367f16179f0147cfe76808f461bb876363b57665b8e5485529577f7dd5210,1.1288443202667318,0.01400694624895459
weibull_softplus_unscaled@response_floor_link,table9,external_development,0,-1,delphi_3e18_39bucket:80b7399fe369d7309377bca271430df48654b77c59f6f9809f09f49a62c14c95,1.1084982136341415,0.012668407648650279
weibull_softplus_unscaled@response_floor_link,table9,external_development,0,-1,delphi_3e18_39bucket:80cd1b3538923f0a877e5c9e8a78b526e337a71951c52c3ed2fabe91e7daeb69,1.107686320942849,0.012265101834143055
weibull_softplus_unscaled@response_floor_link,table9,external_development,0,-1,delphi_3e18_39bucket:80ef0b613e000a82657443770642af353463be1258804e7d9a261d13e6d4476b,1.3763771919680967,0.07780504927856617
weibull_softplus_unscaled@response_floor_link,table9,external_development,0,-1,delphi_3e18_39bucket:81329096cd24fadc9f75ffda9d87c90de1dd4f27e19160c1a0ab25986bc2213e,1.0876652953273984,0.012114911770644598
weibull_softplus_unscaled@response_floor_link,table9,external_development,0,-1,delphi_3e18_39bucket:81cb45a36b39811750d0ff0f4375bddfcf30514d23437ee76f5f2fb9aeef22de,1.10098315769855,0.012154714656358569
weibull_softplus_unscaled@response_floor_link,table9,external_development,0,-1,delphi_3e18_39bucket:83255fbba7f49b8b85c42635b9dfbb84761b39c2df55f527fecbf415d75bdb19,1.1059638756018175,0.012081061485958939
weibull_softplus_unscaled@response_floor_link,table9,external_development,0,-1,delphi_3e18_39bucket:85cf736312d9c54d30d33e799831eace88d4de508ed9795dc06bd89296394ffd,1.136518312309751,0.01682237587452065
weibull_softplus_unscaled@response_floor_link,table9,external_development,0,-1,delphi_3e18_39bucket:869e1d284e219525aaf5d7d275906629688a62da31308f8af724cf8e4e5d9f87,1.0958733546131985,0.01242954822319489
weibull_softplus_unscaled@response_floor_link,table9,external_development,0,-1,delphi_3e18_39bucket:8742e8c2e0296f55b1c137dd55f16cb74ac4383a6910e9d287ebe64de86fef97,1.0674500274061645,0.009786123748940388
weibull_softplus_unscaled@response_floor_link,table9,external_development,0,-1,delphi_3e18_39bucket:8764bd229418c70dbbe599973cafc92f4d5c6b32008b9660f4dc1c2b9ea05ee6,1.0890498264685582,0.01160032748730282
weibull_softplus_unscaled@response_floor_link,table9,external_development,0,-1,delphi_3e18_39bucket:87837653d9cdc600c37c55a28dbdbbafffdc6e81c912de2423ff4dd6118f5f0a,1.190655978543238,0.020631053824332824
weibull_softplus_unscaled@response_floor_link,table9,external_development,0,-1,delphi_3e18_39bucket:888cfaf89d4295f594e70e228c529e053cfd95543a8db5dfe5873174591305d6,1.098683187467639,0.010881737416379137
weibull_softplus_unscaled@response_floor_link,table9,external_development,0,-1,delphi_3e18_39bucket:88da80acdbb077326baf06c1ee5ed44df4ccf2d1c95d0225144a1ef721799941,1.1897150200650115,0.020410105934231964
weibull_softplus_unscaled@response_floor_link,table9,external_development,0,-1,delphi_3e18_39bucket:8a5e02daa1e8fdf2a742a34c43f9a70bb723cb9f61bc5fcfe9694679bdaca30e,1.1888603253975956,0.020361478847068123
weibull_softplus_unscaled@response_floor_link,table9,external_development,0,-1,delphi_3e18_39bucket:8b6fc2228a641c15336b0a2f6243168c75a92ef85a25feac87bdbcb80fa0ce3e,1.1066473767622842,0.011123076100624945
weibull_softplus_unscaled@response_floor_link,table9,external_development,0,-1,delphi_3e18_39bucket:8c377f234db2429719cde7dad4993aee8d5ba1a1b9fc4bb1edecd7ce3c71c7ba,1.1935920524084147,0.02024399157344655
weibull_softplus_unscaled@response_floor_link,table9,external_development,0,-1,delphi_3e18_39bucket:8d8d29d13a22ae384d9c1d2602fbdc405a2944615cac1839a8fed0a4f1cf92cd,1.108948247227573,0.007586870412295537
weibull_softplus_unscaled@response_floor_link,table9,external_development,0,-1,delphi_3e18_39bucket:8e07c6e265071fba3115ceab986006dd4518361d77cde815c233b3b70a3ffdc0,1.1866205759745652,0.020289379078776298
weibull_softplus_unscaled@response_floor_link,table9,external_development,0,-1,delphi_3e18_39bucket:8ef412ceada2d7ce755116002b185f9a484e1bd67269fffa0bb96a36e49f1b57,1.1073069994564875,0.012787637087672091
weibull_softplus_unscaled@response_floor_link,table9,external_development,0,-1,delphi_3e18_39bucket:8f9d336e61271fad2de609d91cff46986aa0a18d154f1bb47311d58529798e70,1.0744256945366726,0.012144268000205238
weibull_softplus_unscaled@response_floor_link,table9,external_development,0,-1,delphi_3e18_39bucket:8fd1ba3a337f5601be326ee3fa5f02778374cd45763940f906a747ef581271a2,1.1014382794610655,0.016093080972883887
weibull_softplus_unscaled@response_floor_link,table9,external_development,0,-1,delphi_3e18_39bucket:90dba2fc8d83436f4853eb165d137a40b833acc83db632ba583aa912e43b733d,1.067611732842554,0.009335718513140348
weibull_softplus_unscaled@response_floor_link,table9,external_development,0,-1,delphi_3e18_39bucket:90f52ac0608eb5e98056e42a1f2c4baf179f331a5a38fab70ead512319850a58,1.1111618309032427,0.012809497997143236
weibull_softplus_unscaled@response_floor_link,table9,external_development,0,-1,delphi_3e18_39bucket:915788dcc658ef8459d4fe90196613e360eb9a4655570e26ccf506b5a28854fa,1.0875072723031403,0.013619090965297675
weibull_softplus_unscaled@response_floor_link,table9,external_development,0,-1,delphi_3e18_39bucket:937f2ad80bf81c490b47d4ffa2a834687d935ca5b8d1aac556126ed037de7674,1.2782470587974324,0.057226677377149975
weibull_softplus_unscaled@response_floor_link,table9,external_development,0,-1,delphi_3e18_39bucket:9402f0aef28710392a371f6c2d00b98a0838d825536798d42069e950307c4c99,1.1083370095635727,0.010707321342749015
weibull_softplus_unscaled@response_floor_link,table9,external_development,0,-1,delphi_3e18_39bucket:97a9a5ebb9cef7528b5a1da0e741881159e16d17debe1bae0a412102ad3ef173,1.107527667952324,0.012116460712720708
weibull_softplus_unscaled@response_floor_link,table9,external_development,0,-1,delphi_3e18_39bucket:99a1fe189ce40a2f048415cf2c9d05a5d0869a5118c2c936a4376cb325c23e68,1.1094466233320899,0.012585876065750255
weibull_softplus_unscaled@response_floor_link,table9,external_development,0,-1,delphi_3e18_39bucket:9a343b0b93b0bad4f87152437bb40a403f7be5b9f572cfae5e7703e50bc7093a,1.2663267040470945,0.02257001832058913
weibull_softplus_unscaled@response_floor_link,table9,external_development,0,-1,delphi_3e18_39bucket:9a66aeb4da20d6cb985f60b618c35fa92cb849c3995c7701c5b8b9785a935f95,1.1912870259278647,0.02019224373484995
weibull_softplus_unscaled@response_floor_link,table9,external_development,0,-1,delphi_3e18_39bucket:9b478f9223e98b33f203281ad106af33651a711905e81c6425afe46d362783dd,1.0977968777571723,0.012126085743943376
weibull_softplus_unscaled@response_floor_link,table9,external_development,0,-1,delphi_3e18_39bucket:9cb37ee04e914fba68e7aa6ea382c6a5dcc2b405ec78b251b537abc8f70b15f2,1.2766122660182155,0.018214404147183727
weibull_softplus_unscaled@response_floor_link,table9,external_development,0,-1,delphi_3e18_39bucket:9d67ecf7ca42caa8c17072acc340447c75d621fa7f6328d104f5c9aaeb7ec6e0,1.1290138465083654,0.01523679141211965
weibull_softplus_unscaled@response_floor_link,table9,external_development,0,-1,delphi_3e18_39bucket:9dd4959b60a619086be7a961944fc3ecdd885a9e689014e9469cefc96b05d519,1.2000042450145512,0.020085113850976975
weibull_softplus_unscaled@response_floor_link,table9,external_development,0,-1,delphi_3e18_39bucket:9e9c69194eb0212d58b2cd82c37cfb3cd0425cc53145c90e62e8fdaa0146b72c,1.2338411745919928,0.023094482383918303
weibull_softplus_unscaled@response_floor_link,table9,external_development,0,-1,delphi_3e18_39bucket:a06702de740002664665137e4b38e0b8da850b54fa2b60043b07648bc7865e0d,1.1946118023735548,0.02042972089028365
weibull_softplus_unscaled@response_floor_link,table9,external_development,0,-1,delphi_3e18_39bucket:a112249e06f01c4b89fb7ab08cab57efeda282d92742f4cc252467705cf190b3,1.104947658190516,0.012464802165285588
weibull_softplus_unscaled@response_floor_link,table9,external_development,0,-1,delphi_3e18_39bucket:a1a917b1981fc2cad2c2759dccf963b51fb941fd9816c49087f7b119545d4161,1.083321829236943,0.007788338053025114
weibull_softplus_unscaled@response_floor_link,table9,external_development,0,-1,delphi_3e18_39bucket:a2e9ef04947000c42a5fce44f079afd6c9a82405871f0ae796e3a23c09bdcd60,1.1922174405172052,0.02487005626660629
weibull_softplus_unscaled@response_floor_link,table9,external_development,0,-1,delphi_3e18_39bucket:a33494886bea818345f1c4e736142dd31e9b8963c77dda49d14b97936f38ad95,1.2115439050662622,0.029447010858587173
weibull_softplus_unscaled@response_floor_link,table9,external_development,0,-1,delphi_3e18_39bucket:a446352f8ea28f09e4c49fbb12b233c435b553f9d70c492c7073b7bf49c30026,1.0883555249404142,0.006209538206864101
weibull_softplus_unscaled@response_floor_link,table9,external_development,0,-1,delphi_3e18_39bucket:a49233d8ca277189ab0cffa6075e2cba9b34d183388b505c02e9a17d70d7b1a8,1.1748702033501455,0.019605342324222633
weibull_softplus_unscaled@response_floor_link,table9,external_development,0,-1,delphi_3e18_39bucket:a65d5c88e37d14e7e1c7bc24772a174122d7735d5bb9401952c2c43a9e52bcb0,1.191380563859727,0.020442343525941965
weibull_softplus_unscaled@response_floor_link,table9,external_development,0,-1,delphi_3e18_39bucket:a6f8ee66180ee4f314eaefad2d4a4d32b2dca4cca30189c172ec69c8e429a20f,1.0689531892547488,0.010132004338507986
weibull_softplus_unscaled@response_floor_link,table9,external_development,0,-1,delphi_3e18_39bucket:a9443e4734c22f757147884341c62ae38299464729f87ed9ebc619cf23b893a1,1.189439163894435,0.020300392934216767
weibull_softplus_unscaled@response_floor_link,table9,external_development,0,-1,delphi_3e18_39bucket:a9fad6c5f1a36df4b0cd5664cd0bb595654bf66783a68cba6267d2877016bdfc,1.1209724638588725,0.017121799599767208
weibull_softplus_unscaled@response_floor_link,table9,external_development,0,-1,delphi_3e18_39bucket:acf47cd01afab11ff0fcb7160374abce76a2944fe7a7540d228c251e9321640d,1.0720751105718498,0.009724003190985236
weibull_softplus_unscaled@response_floor_link,table9,external_development,0,-1,delphi_3e18_39bucket:ad6cc7dabe4a5d5d4ba13920311e4ef81127a10801519d719266222379ae77b0,1.0986592332375464,0.006202014957456934
weibull_softplus_unscaled@response_floor_link,table9,external_development,0,-1,delphi_3e18_39bucket:ae0dded03badca9af71c45d67446f487f2de6f1c7152b6c1a2d3ecada8a9d714,1.1893585722222153,0.020332894660308392
weibull_softplus_unscaled@response_floor_link,table9,external_development,0,-1,delphi_3e18_39bucket:af23052e9bb0568d854252c7e9d912d01127effa106d2a440fdce6cbb8742532,1.0791983387852282,0.010890239300309296
weibull_softplus_unscaled@response_floor_link,table9,external_development,0,-1,delphi_3e18_39bucket:b0cb7fc00e70c87e1210c38349ab8e80c514b61f5bf14e6e4d3a1e054d88183c,1.076770859341459,0.01039778910566385
weibull_softplus_unscaled@response_floor_link,table9,external_development,0,-1,delphi_3e18_39bucket:b1168e54ae7e32586bd89eeaf38a318cd349cbd8750efb93612a79f756b5f1f7,1.1944495474554244,0.020172234154733234
weibull_softplus_unscaled@response_floor_link,table9,external_development,0,-1,delphi_3e18_39bucket:b24484975c0fdb42bc7d421c371e91d35f685b6538fffc7050e857d97e5348ff,1.1061394709497185,0.010064148810560539
weibull_softplus_unscaled@response_floor_link,table9,external_development,0,-1,delphi_3e18_39bucket:b2e9ddb8f35e322ed0b092df87cdc78e620b2de7818b2a7c9891ff0e9a2b2203,1.1191667149499709,0.014610174055356558
weibull_softplus_unscaled@response_floor_link,table9,external_development,0,-1,delphi_3e18_39bucket:b3c3cd22e3dae4f77235a1bb86fcf08ae715bc018b78109510794e1bfbbec0d2,1.1058801815890615,0.01053581366009044
weibull_softplus_unscaled@response_floor_link,table9,external_development,0,-1,delphi_3e18_39bucket:b4019bdf109781eac2e9182593f4f84c5c51635d447918682e7ed12d25efdf1b,1.192567094634124,0.02004911087856135
weibull_softplus_unscaled@response_floor_link,table9,external_development,0,-1,delphi_3e18_39bucket:b4db7f9f5c435c1903537d5c944758a1e93d54c6a0fa3ddd19122f4e7b7298a0,1.0823159925639714,0.008813281581613378
weibull_softplus_unscaled@response_floor_link,table9,external_development,0,-1,delphi_3e18_39bucket:b5ee1f40e4fe0358ac680a969cd93dfe1b00c483ee3b2d4ff4bc73bd6424437b,1.2677990030169988,0.02594772004790241
weibull_softplus_unscaled@response_floor_link,table9,external_development,0,-1,delphi_3e18_39bucket:b6430b97f099d96863ae8ad7779c1bddc164c591ab12cc5ea266142e19a7cdfd,1.1894693061655204,0.020460485777923823
weibull_softplus_unscaled@response_floor_link,table9,external_development,0,-1,delphi_3e18_39bucket:b785f71525744bfa0a8934b482dd570356bebd37292a9b70af0b1a2cf45d9e69,1.1002564398953063,0.014583533054673284
weibull_softplus_unscaled@response_floor_link,table9,external_development,0,-1,delphi_3e18_39bucket:b8bf59231f485a24fb35df8862c073595e1cb0cd30c999520e88797d047bfeda,1.1907751301956644,0.020576298127404646
weibull_softplus_unscaled@response_floor_link,table9,external_development,0,-1,delphi_3e18_39bucket:b8c7bfd7161a0da8577d236f09c0ed25722a71943281d19f8b06065999e36ffd,1.197261903546066,0.019961554838830258
weibull_softplus_unscaled@response_floor_link,table9,external_development,0,-1,delphi_3e18_39bucket:bab1f73b1a1be66a924b70bb0fdb3a032f1ca3a1e246edb80c0f38d75143aed8,1.1903966533214272,0.02057351107083541
weibull_softplus_unscaled@response_floor_link,table9,external_development,0,-1,delphi_3e18_39bucket:bd84fea18d97e337ca86db382439fe7990518cd6d78bfa8837b2e317c2bcd4ae,1.1889304499697175,0.0207066709973998
weibull_softplus_unscaled@response_floor_link,table9,external_development,0,-1,delphi_3e18_39bucket:bf919587f3da29d0e32d10ac8a4e6f6c80f5a696953a34e5d9856c2fce2ce46b,1.1912368276217609,0.02061434811922705
weibull_softplus_unscaled@response_floor_link,table9,external_development,0,-1,delphi_3e18_39bucket:c00c0d5d9f7b8d4f9d4a1f2f6845f4dd0f7effdd60e8da9e988daf574adff818,1.1647109067106052,0.02764391780081288
weibull_softplus_unscaled@response_floor_link,table9,external_development,0,-1,delphi_3e18_39bucket:c08749305f6303b7d46f8c9478053948d5c036a6450977e8de388609b95a2443,1.1887128734010868,0.020830840701004615
weibull_softplus_unscaled@response_floor_link,table9,external_development,0,-1,delphi_3e18_39bucket:c15c0a441754e3ca9b7ba442214315eb793714c1637ea6042915542863b4e52e,1.1893175437986205,0.020717303677040697
weibull_softplus_unscaled@response_floor_link,table9,external_development,0,-1,delphi_3e18_39bucket:c404d7ca8f49357e32b5fe2d2331593e2c60a0fc7de1d05930f61c6534d6f758,1.143072251681178,0.020422083400762726
weibull_softplus_unscaled@response_floor_link,table9,external_development,0,-1,delphi_3e18_39bucket:c5ffa8e3d7c670e959036ab38016e0e17064fa12ac2fcba643c70b1ef25297b3,1.1010745037857954,0.01378836129591509
weibull_softplus_unscaled@response_floor_link,table9,external_development,0,-1,delphi_3e18_39bucket:c6601f428a7e18377f34fa8ee9b58bb6a20e42c3abcadc04e7e64aef3ca82f2a,1.1917330644809856,0.020346459502407294
weibull_softplus_unscaled@response_floor_link,table9,external_development,0,-1,delphi_3e18_39bucket:c6cbc3ebaf486eecd75d04f449fdcc92c804765f512d2bceecde5c1aaa30dd39,1.1218808700981386,0.01576461334660027
weibull_softplus_unscaled@response_floor_link,table9,external_development,0,-1,delphi_3e18_39bucket:c721e392dcf2947fea2da8fcf1ef91d058c717ffb8e74e8402734e31f22578fc,1.270610205124873,0.018130668197276552
weibull_softplus_unscaled@response_floor_link,table9,external_development,0,-1,delphi_3e18_39bucket:c8a7abc202e6fa1b3d7cc9e00542979084efdddd63313db5c25669da85ad2b19,1.0855032628439525,0.008556267377541577
weibull_softplus_unscaled@response_floor_link,table9,external_development,0,-1,delphi_3e18_39bucket:c8a7b68f3dd8d7d2600dc1e56fb8af9e5dcb176edc162738d4eaff7b540cd53b,1.0905611229144474,0.015694696071153907
weibull_softplus_unscaled@response_floor_link,table9,external_development,0,-1,delphi_3e18_39bucket:ca5106858b9b57cf944d35ebd150b6feca9287a4f1d0cc9d182be3e623f00fa6,1.0970653710932696,0.00847040625739553
weibull_softplus_unscaled@response_floor_link,table9,external_development,0,-1,delphi_3e18_39bucket:cb32fd5b0fd8a23c495ee8d05996c1926f4be32607954211152e0db19572b8c9,1.0829985355571194,0.010603940107036811
weibull_softplus_unscaled@response_floor_link,table9,external_development,0,-1,delphi_3e18_39bucket:cb466766fe3b5296e1b15a347ff4fd4692400efc5cce4a696639c2129805162a,1.120092197671244,0.015545397920472423
weibull_softplus_unscaled@response_floor_link,table9,external_development,0,-1,delphi_3e18_39bucket:cc2d283f3d5584275c7938fd4a0fadb9bbd9543dc9b5ae965f2d87df95c479ff,1.1302656516377758,0.016515465955738967
weibull_softplus_unscaled@response_floor_link,table9,external_development,0,-1,delphi_3e18_39bucket:cce19bcdfb95a772d1f465a94498e69474d7f7235d46ab401d3d0543e73f9e3b,1.18951924739055,0.020487619021393625
weibull_softplus_unscaled@response_floor_link,table9,external_development,0,-1,delphi_3e18_39bucket:cd1cd78d6325f56e5c761e7042369262a032ce78f12fc6d47e4ebf1ce0894339,1.11767175591821,0.010864117812745515
weibull_softplus_unscaled@response_floor_link,table9,external_development,0,-1,delphi_3e18_39bucket:cd8eec34fcd41e0cd76c6ef4d520fa83d6c6b5a1828c92c8c556ba4c806a58e7,1.1345877161002256,0.015459297198969517
weibull_softplus_unscaled@response_floor_link,table9,external_development,0,-1,delphi_3e18_39bucket:d097ba261d98ffe38b995691fc506821678d330c54b489b4d0e645e75c5e4e2e,1.0685675188278414,0.010706535501312347
weibull_softplus_unscaled@response_floor_link,table9,external_development,0,-1,delphi_3e18_39bucket:d0b59aacb13e8749a0d761af5008890d6865d701d8550e40a60ca86f2e67ccb2,1.0833462167914307,0.010446028422278816
weibull_softplus_unscaled@response_floor_link,table9,external_development,0,-1,delphi_3e18_39bucket:d160bb3271ba96668590d3b3c7781ad51718216823831c921585a8f73ffc9cf7,1.2310167291486893,0.021105534226455124
weibull_softplus_unscaled@response_floor_link,table9,external_development,0,-1,delphi_3e18_39bucket:d1926d64591176c8020bee54efe637a248f4f8f8bf927613049d062dccff4228,1.193119815957298,0.0201439650305105
weibull_softplus_unscaled@response_floor_link,table9,external_development,0,-1,delphi_3e18_39bucket:d22385a3b372ad3742331c911e6df47b6459dcc8f7e6ce58cd5dfc1ca901a754,1.1942408403658185,0.0200964852086335
weibull_softplus_unscaled@response_floor_link,table9,external_development,0,-1,delphi_3e18_39bucket:d2cb05198ef956cc89df9b6aee5c76ace3aa353ea2a7316011503bff3c873c17,1.12422006088839,0.010565973261194553
weibull_softplus_unscaled@response_floor_link,table9,external_development,0,-1,delphi_3e18_39bucket:d3a383c91e3c36378540e209e50999c8d005ae2b08fa6bcda7f383834b2d5dd7,1.1294437627036817,0.0027686497449868654
weibull_softplus_unscaled@response_floor_link,table9,external_development,0,-1,delphi_3e18_39bucket:d3b53955f30411b3c382fe4844d1526d3c14d09844153a940230c4beceeddb73,1.105906201538179,0.008554505960183714
weibull_softplus_unscaled@response_floor_link,table9,external_development,0,-1,delphi_3e18_39bucket:d3ffb3bd8e28eedb08376603e2c85cc3e83cc89ca533199775e943278e32c509,1.085291546876868,0.008901322473245167
weibull_softplus_unscaled@response_floor_link,table9,external_development,0,-1,delphi_3e18_39bucket:d6c7da8dacb3efe4cbd45ee0cdd899a5a606cc57be51472b188809093554e699,1.189303378504127,0.020672885107919394
weibull_softplus_unscaled@response_floor_link,table9,external_development,0,-1,delphi_3e18_39bucket:d6f6db3e0cc1a598f7eb00a7cdd40d78f821a9336eb0eaafc14da93a04575fc5,1.2192828422403315,0.02118417133935185
weibull_softplus_unscaled@response_floor_link,table9,external_development,0,-1,delphi_3e18_39bucket:d82c377f5bda11f52b93db01e55fa25c844255cf016ad96b80cba7cc1e618d90,1.200109281438233,0.019986600494063957
weibull_softplus_unscaled@response_floor_link,table9,external_development,0,-1,delphi_3e18_39bucket:d87d478ea93a73fe0faec12048b20970bdefd41aa65888c79d1d35c24ec3556f,1.2029089902145575,0.021318261832937262
weibull_softplus_unscaled@response_floor_link,table9,external_development,0,-1,delphi_3e18_39bucket:d941fe99995a0f675ffc09f1d7883ac2d032a87a00fdfc22e934c5e5ca0b3452,1.2223159464787954,0.017641234566078294
weibull_softplus_unscaled@response_floor_link,table9,external_development,0,-1,delphi_3e18_39bucket:da68fd5e623c705387752f321a8116e319a7ae87670618ba096558effd2df550,1.1090674263466878,0.008996758827530931
weibull_softplus_unscaled@response_floor_link,table9,external_development,0,-1,delphi_3e18_39bucket:dac1e0885f0941e15f72456af8f56424e1b8630c37344b54346219c98f5c5f0b,1.0852721867618371,0.010835720941656477
weibull_softplus_unscaled@response_floor_link,table9,external_development,0,-1,delphi_3e18_39bucket:dc1f33b2668dfbb787d82df7f8e734431a829bbec2fbf8e9888d6eb582289a3d,1.080934840003209,0.011251707222874162
weibull_softplus_unscaled@response_floor_link,table9,external_development,0,-1,delphi_3e18_39bucket:de0e4fef934b64c948d7c068f622295aabe99cb83c95ee0ad68b73c366c57402,1.1308234163833806,0.011097766092968872
weibull_softplus_unscaled@response_floor_link,table9,external_development,0,-1,delphi_3e18_39bucket:e0965c961694035e43a1da45a771f8e07c074674ecad18c76460f7ac0eef2137,1.1352391030057274,0.01667300263247453
weibull_softplus_unscaled@response_floor_link,table9,external_development,0,-1,delphi_3e18_39bucket:e0a4d646094bff9aad92ca04cd9c5ca30c296001c0b7d65c3c20a1df0bd8ef08,1.2034742527589688,0.020307904145048305
weibull_softplus_unscaled@response_floor_link,table9,external_development,0,-1,delphi_3e18_39bucket:e283e505de0059b81a2b58a66a9af312bc1f3c7a7440e50c3fdcb3ff8213a34f,1.2203501812906028,0.0187130380767414
weibull_softplus_unscaled@response_floor_link,table9,external_development,0,-1,delphi_3e18_39bucket:e29801c3f5ba907bd5cc224343efa34e4693142ccec5ad71fd943c60b2b3a689,1.1826498869607682,0.02002522482627128
weibull_softplus_unscaled@response_floor_link,table9,external_development,0,-1,delphi_3e18_39bucket:e371bb5a7b5ad1a86dec663c9450a27400d377093eb89ae1812af20716ad2945,1.0913720602278396,0.015110365322824074
weibull_softplus_unscaled@response_floor_link,table9,external_development,0,-1,delphi_3e18_39bucket:e5053e4f4ef86036c3ebe93d055c63ec2da1a1a029cde76ea807a3890d0fd10c,1.0893642713156477,0.015446072324419925
weibull_softplus_unscaled@response_floor_link,table9,external_development,0,-1,delphi_3e18_39bucket:e539e936365493312d15f1130d1c083871a779dc98689047fcb9d5ebd05191ce,1.1096161067404053,0.013943266765276345
weibull_softplus_unscaled@response_floor_link,table9,external_development,0,-1,delphi_3e18_39bucket:e55f4d10b3aedd9111e412c962fa53c063269d47d4571a980ba950ed937266ad,1.1904833973363678,0.02056629080529913
weibull_softplus_unscaled@response_floor_link,table9,external_development,0,-1,delphi_3e18_39bucket:e65243af3fc92306e4aa4ea80d2c3f7aa6058bba97560ecd10959066d8d64383,1.245234748159871,0.022328042044610683
weibull_softplus_unscaled@response_floor_link,table9,external_development,0,-1,delphi_3e18_39bucket:e7d55ec7f15fc194cb4e857322dc1533eddb16463ccf163eabfcdd530a051d5e,1.1018365290514276,0.010544125753418862
weibull_softplus_unscaled@response_floor_link,table9,external_development,0,-1,delphi_3e18_39bucket:e890ab2bc556a0858503bfe95cb5a9f21eb6c1c6dc14818358fbe0f1f321f9eb,1.189523375406606,0.020627401076578816
weibull_softplus_unscaled@response_floor_link,table9,external_development,0,-1,delphi_3e18_39bucket:e8cac18abed6dd3d662e4660ad3b431000e291340c4fe937b2937ad6a00fdb1c,1.1952444415372794,0.02014107979220214
weibull_softplus_unscaled@response_floor_link,table9,external_development,0,-1,delphi_3e18_39bucket:e8df5e6e4d008b052d6e1ad64acc1fec9b2a47d27ba17bf21c0cd6d7b4b6cad5,1.0875746986696915,0.008697925369505448
weibull_softplus_unscaled@response_floor_link,table9,external_development,0,-1,delphi_3e18_39bucket:e8e86e247324e07114d17c3fe9b93415a22bc9d717bbeb492e8a949f59ffc574,1.203279963723308,0.01987524214822672
weibull_softplus_unscaled@response_floor_link,table9,external_development,0,-1,delphi_3e18_39bucket:e94c007e41ca009494ae3d9ae036d21271d6bb27b49c3b9d77a9d9148a879241,1.1193279498978312,0.014216580854329908
weibull_softplus_unscaled@response_floor_link,table9,external_development,0,-1,delphi_3e18_39bucket:e94c9cbd4ee682a9780bbcea3bf6df3497572253ed953eef164fa75ea4f66a2c,1.2356876676448971,0.0198109461406693
weibull_softplus_unscaled@response_floor_link,table9,external_development,0,-1,delphi_3e18_39bucket:e9c1eda31f2f4a0c52041968162f0f0ce4999866274b5690e4e05fda24a4bc2d,1.0953073317153834,0.011143979988570037
weibull_softplus_unscaled@response_floor_link,table9,external_development,0,-1,delphi_3e18_39bucket:ea37effb52c1862ed6fafb478558f7d891c703943be66cd2416bd5c491bf7f6b,1.085127181287715,0.01167294363499724
weibull_softplus_unscaled@response_floor_link,table9,external_development,0,-1,delphi_3e18_39bucket:ea6e21bef589c2d52505ca81bef558a5da03e4625174320ea8242417e2382d77,1.1858893225261964,0.020021770113422294
weibull_softplus_unscaled@response_floor_link,table9,external_development,0,-1,delphi_3e18_39bucket:ec06eca900d6ea9ba81679ee6cca83871b018289aec1505cba76db1fc87b6802,1.2395784578319247,0.02103988319048101
weibull_softplus_unscaled@response_floor_link,table9,external_development,0,-1,delphi_3e18_39bucket:ee02c34fe2e5760160a4803e862cb1c4a623ee45da4d9adfdaa5aa9483dc78e3,1.1945419209885797,0.020309872047460254
weibull_softplus_unscaled@response_floor_link,table9,external_development,0,-1,delphi_3e18_39bucket:ef9f6cff6e4ea378dedecb72fceac0bdaad839d03f007c4afe577e29dbb99b4e,1.1008671817739737,0.011569538618309104
weibull_softplus_unscaled@response_floor_link,table9,external_development,0,-1,delphi_3e18_39bucket:effc4e48644f5aac8669d7cfde80db853124d6263860d16ab4f3958b1ac4eeb5,1.1392925479017801,0.016523649897745435
weibull_softplus_unscaled@response_floor_link,table9,external_development,0,-1,delphi_3e18_39bucket:f232b9fe34f7b04ebbfe91eb3239213c0003a3e608e279780f47e6c545811bb3,1.1939143379727797,0.020490682482810444
weibull_softplus_unscaled@response_floor_link,table9,external_development,0,-1,delphi_3e18_39bucket:f387ec3241cb7be9b883e93ed53e1940f5fbf725f14ef13b1c76e1634c9e0704,1.2583438893521988,0.017032856952223063
weibull_softplus_unscaled@response_floor_link,table9,external_development,0,-1,delphi_3e18_39bucket:f597d4a7586698fbbc1b854337589ff532c04fd4a54699ae6665043e95934555,1.1024654356859562,0.011327584524725322
weibull_softplus_unscaled@response_floor_link,table9,external_development,0,-1,delphi_3e18_39bucket:f8a8e264e7f30fe85c514e532e5f6bce8d2037da8458a757b0383f7dbf072f25,1.1869936791692712,0.020238675781145857
weibull_softplus_unscaled@response_floor_link,table9,external_development,0,-1,delphi_3e18_39bucket:f9bb0369b872fcb08e26e8d0629e52b1cb543956824511bc69a1d81d84b8e766,1.1033185757351118,0.014203751228868829
weibull_softplus_unscaled@response_floor_link,table9,external_development,0,-1,delphi_3e18_39bucket:f9e349b2e05d04e16162ae18c9cde10806824cee16faba2af2564f533559151d,1.1824308736018097,0.02005218098238492
weibull_softplus_unscaled@response_floor_link,table9,external_development,0,-1,delphi_3e18_39bucket:f9e5fad6cd843eef1ec963c775019a7ed2d37fb9fc6d6458f98c8bb15b000248,1.2247811726089304,0.02157960943017332
weibull_softplus_unscaled@response_floor_link,table9,external_development,0,-1,delphi_3e18_39bucket:fa0294460f0573041da6b1435affe244e46d5459cf24f4d451fa7776c77261f6,1.1001266739716007,0.010997713897810228
weibull_softplus_unscaled@response_floor_link,table9,external_development,0,-1,delphi_3e18_39bucket:fafbc2ba18f1c7971ddf8e7eff5f92f1b11469cf1d80181209696d8655812553,1.2012687792464862,0.020548904318624592
weibull_softplus_unscaled@response_floor_link,table9,external_development,0,-1,delphi_3e18_39bucket:fb8cb11729c2b4e023d88d084293e65ec1f03e521aada50a0bde80863e530aa8,1.1238876631772583,0.015372262729069362
weibull_softplus_unscaled@response_floor_link,table9,external_development,0,-1,delphi_3e18_39bucket:fd1878ded789f2edc41ab9255de95e0c7d881b315872d556b913e69f7cf031fc,1.089140764687692,0.010549879568948269
weibull_softplus_unscaled@response_floor_link,table9,external_development,0,-1,delphi_3e18_39bucket:ff65381e6c6fa2fd41b3444cc7dae32b0a07f1eaf50d99b9dc409da261b0a1ac,1.2186426941323147,0.018171733981618598
