{
  "benefit_coef": [
    14.039267258677715,
    0.020754437969532264,
    0.187289009540332,
    0.07970423307039745,
    0.12880100911043216,
    0.08040716956304367,
    0.0,
    0.10926361464287125,
    0.30989477113971,
    0.019456759330954955,
    0.02528019009344416,
    0.0,
    0.0,
    0.0,
    0.0,
    0.18360586772287887,
    0.15906854493029385,
    0.037168470658213916,
    0.40680893577799215,
    0.0,
    0.05973586350924693,
    0.06389797922446164,
    0.00595584262667651,
    0.8454052262381933,
    0.17606394252857663,
    0.0,
    0.31156117188275995,
    0.2016204385438279,
    0.5116856524608272,
    0.30173447573037576,
    0.0015884121893997923,
    0.011845774667057543,
    0.7882521697404425,
    0.14175293940673445,
    0.503801703818146,
    0.2769845521888347,
    0.0,
    0.195759611693399,
    0.0
  ],
  "intercept": 12.786530708327382,
  "params": {
    "gamma_penalty": 6.6495670067211625,
    "gamma_saturation": 62.44150814225486,
    "rho": [
      2.0,
      0.9387111534070005,
      0.5437483466575972,
      1.0056762034234825,
      1.2083168720042028,
      1.2869645360733557,
      1.0,
      1.2053773352321475,
      2.0,
      1.0050404684647254,
      0.9997155901374133,
      1.293526120224912,
      1.0,
      1.0983379927886627,
      1.0,
      1.8240112453558903,
      0.7372844906318403,
      0.8054996702109473,
      1.3319250822964248,
      0.6412538386026173,
      0.24813036791833978,
      0.7274869590619997,
      0.7002387184571665,
      0.01713989334671957,
      0.5764749383038503,
      1.0436713871730443,
      0.7453863431147127,
      0.27936765264911917,
      1.0856273415522895,
      0.017205503358320075,
      0.8854868396349322,
      0.4886035449636002,
      1.8339944309533618,
      0.05119613904860464,
      0.033885901293632614,
      0.5820145416667112,
      0.33591831239658393,
      0.456982366462629,
      0.7071314347770462
    ],
    "tau": [
      3.5778292688115583,
      -0.4839718243110643,
      1.004158689846689,
      2.895427211868875,
      2.742077784001779,
      -2.0,
      0.7436744469212762,
      2.2329451253446764,
      2.302509508834919,
      -0.8171005504987258,
      -0.42492240871499537,
      0.7145606353612419,
      0.037229161903763554,
      2.114046840580438,
      1.2959173762265193,
      -0.009008149179257494,
      1.1824180890195763,
      0.35780397038211725,
      -2.0,
      1.9411717124968755,
      2.35004568399057,
      3.4321122209534485,
      1.6381558187276697,
      1.0832875629194254,
      0.1622016617206602,
      1.3622298604267444,
      2.1132563039936305,
      1.2430726426789227,
      3.2471064961570972,
      4.249506873689871,
      1.9252836054201736,
      0.8677645441791927,
      1.2862853149589173,
      5.6971036557706825,
      3.5181377696088467,
      5.424096664418035,
      2.996747976769845,
      1.3858391468488418,
      1.7376292187703766
    ]
  },
  "penalty_coef": [
    0.49473420478787855,
    0.0488270332260946,
    0.0966674305895055,
    2.1034535949919335,
    0.6478960787622872,
    0.05395929239412685,
    0.19517608763637023,
    1.1526777147429477,
    0.47502154901867677,
    0.06691726017809692,
    0.07462302948182829,
    0.5898125434971557,
    0.1935645876753689,
    0.9652084525871159,
    0.2149372118858455,
    0.13071129070396706,
    0.2101860825813993,
    0.31444629631773147,
    0.050716383580417336,
    0.3375845770267934,
    0.22420683817465908,
    2.9739506694052142,
    0.15220153594274366,
    0.3908876805287684,
    0.049938255195279516,
    0.26084307281447006,
    0.3886535691532923,
    0.09010893086520388,
    2.225567583871538,
    0.42066354077757273,
    5.0933222259578885,
    0.07031651601905003,
    0.0774432658612973,
    3.005476937146328,
    0.32881498504647577,
    7.50885993776948,
    0.21056849546820305,
    1.1689802627306327,
    0.20075810823807647
  ],
  "variant": {
    "description": "Unties effective exposure into separate saturation and penalty multipliers, with no benefit premium.",
    "linear_mode": "nnls",
    "name": "dsp_saturation_penalty_split_nnls",
    "penalty_mode": "log_softplus_squared",
    "phase_mode": "saturation_penalty",
    "retention_mode": "none"
  }
}
