{
  "variant": "dsp_no_phase_penalty_nnls",
  "params": {
    "rho": [
      0.05932782275651509,
      1.0170019908719528,
      2.0,
      0.49096414787250914,
      0.8582928598639911,
      1.2612261176554738,
      1.0,
      0.9918751522047423,
      1.0,
      1.049596210985162,
      0.13833825197690092,
      2.0,
      1.0,
      1.6841830673860338,
      1.0,
      0.8823808681442196,
      1.1744632705762892,
      1.2894731537386885,
      1.793043612839444,
      2.0,
      0.4816677429783979,
      2.0,
      0.9656048253157938,
      2.0,
      2.0,
      0.6628490467599194,
      0.21054773132636562,
      0.5552728131815294,
      2.0,
      0.01803368105001745,
      1.8200440223063201,
      0.9635506518259507,
      1.7411606316956503,
      0.0496418895226505,
      0.23318439645183828,
      0.29325324513210577,
      0.12923988206886125,
      0.35636770536658297,
      0.670445905855267
    ],
    "tau": [
      3.32628756381781,
      1.5973650483391417,
      2.031916998334062,
      2.326905185219032,
      3.001690811882927,
      1.7074296145238352,
      0.4043693430845379,
      1.493478905209677,
      2.3103864402299994,
      1.0645395992589817,
      2.5238821975258294,
      0.743737425135139,
      0.9135846142371936,
      1.2364720555860866,
      2.3658203856956854,
      1.380154501614137,
      0.4167480684127027,
      1.0125686630442619,
      1.1267348912265382,
      0.5850442667624792,
      2.608050047780627,
      1.863031426018632,
      -0.68165078900117,
      0.9168393162486191,
      1.8733151631963911,
      1.1750831417686607,
      2.88998065170364,
      4.7432330114815064,
      1.4968000214182349,
      1.1330750279802915,
      0.6106087842149035,
      1.492610642351195,
      0.6436551063223719,
      0.7347172838401186,
      1.3676254108655455,
      3.4593141745326155,
      3.8965969015152147,
      1.3998615424542424,
      2.800376733852792
    ]
  },
  "intercept": 1.0998625298274443,
  "benefit_coef": [
    0.019118932216649086,
    0.0,
    0.0,
    0.0,
    2.7965806700505055e-05,
    0.0,
    0.0,
    0.0,
    0.0,
    0.0,
    0.023370057454712403,
    0.009687562974737366,
    0.0,
    0.0029919091367690853,
    0.0,
    0.0,
    0.00284663746922363,
    0.0,
    0.0019139955144761348,
    0.00852673518109635,
    0.0016984627632548577,
    0.00992090758231451,
    0.004930688410679468,
    0.013754093538989362,
    0.003945295169884586,
    0.0,
    0.006771786991322168,
    0.0,
    0.03176706916802611,
    0.015858362047884326,
    0.0086371754955507,
    0.0,
    0.02831144966424872,
    0.009520925049135716,
    0.02203570010285845,
    0.0,
    0.0036116086302353865,
    0.07018287629057475,
    0.0
  ],
  "penalty_coef": [
    0.047696875465195375,
    0.002085392789622834,
    0.006047865022229642,
    0.045310034103329955,
    0.02843498977230081,
    0.024974038788115677,
    0.0036708699111579883,
    0.005931401896142546,
    0.012242356044309888,
    0.0,
    0.13502716163113623,
    0.029544779849556852,
    0.012548816527312774,
    0.011423028866700779,
    0.018187711434849988,
    0.004410227327610947,
    0.004504162935711583,
    0.005404959539848285,
    0.020108300801899532,
    0.002962072900228755,
    0.018235730445374423,
    0.016711803869187632,
    0.0012717011269691135,
    0.02653547699760169,
    0.005998764109453561,
    0.0,
    0.1748413007806764,
    0.5315294591171796,
    0.0,
    0.002281406189588271,
    0.07263876259934154,
    0.0,
    0.0,
    0.001991205028654495,
    0.005868116577917337,
    0.03346001746842539,
    0.03050769986624696,
    0.20034323800477696,
    0.010626599642343372
  ],
  "metrics": {
    "variant": "dsp_no_phase_penalty_nnls",
    "description": "Control: per-domain saturation and penalty with no phase term.",
    "phase_mode": "none",
    "retention_mode": "none",
    "penalty_mode": "log_softplus_squared",
    "linear_mode": "nnls",
    "m_dependent_params_per_domain": 4,
    "total_param_count": 157,
    "fitted_gamma": NaN,
    "fitted_gamma_benefit": 0.0,
    "fitted_gamma_saturation": 1.0,
    "fitted_gamma_penalty": 1.0,
    "fitted_lam": NaN,
    "train_rmse": 0.011354679166125113,
    "train_spearman": 0.7617094707500844,
    "train_pearson": 0.8081535593682494,
    "cv_rmse": 0.016290418441184687,
    "cv_mae": 0.012887393356110055,
    "oof_spearman": 0.5195832756501687,
    "oof_pearson": 0.5934878592726813,
    "cv_foldmean_regret_at_1": 0.0108720064163208,
    "cv_regret_at_1": 0.0,
    "lower_tail_optimism": 0.008715004952940518,
    "raw_predicted_optimum_value": 1.0367580831312933,
    "raw_nearest_observed_tv": 0.6451460868152068,
    "raw_nearest_observed_run_name": "run_00168",
    "raw_nearest_observed_value": 1.069382905960083,
    "raw_phase0_support_gt_1e3": 8,
    "raw_phase1_support_gt_1e3": 16,
    "phase0_max_weight": 0.43325812515147877,
    "phase1_max_weight": 0.16422833254662772,
    "optimum_success": true,
    "optimum_message": "CONVERGENCE: NORM OF PROJECTED GRADIENT <= PGTOL"
  }
}
