{
  "variant": "dsp_apple_repetition_per_domain_r1_phase_benefit_penalty_nnls",
  "params": {
    "rho": [
      0.00010000000000000009,
      0.32119494167543655,
      0.0066822483923342675,
      0.008302689361568777,
      0.012179595758878371,
      0.0005136816724992681,
      0.1500237618478495,
      2.0,
      0.06382353692213251,
      0.8091800331609355,
      0.006238741238743466,
      2.0,
      1.612295576683675,
      0.008978485714536945,
      0.03913323975028799,
      0.10308765371778207,
      1.6725359453981532,
      0.004037399387858982,
      0.34698742089936685,
      0.008982068031708201,
      2.0,
      0.003425939052687626,
      0.24314303121801265,
      0.003828691720633543,
      0.12915347289849582,
      0.02061158853637124,
      0.07821519073984474,
      0.031850810488668266,
      0.2286361780138097,
      0.022261942116294706,
      0.4011323335298487,
      0.12095463324417839,
      0.11852207385508479,
      0.044924499889436066,
      0.09166775364578177,
      0.16358228498468852,
      0.004400120768764449,
      0.013039199422879923,
      0.04204182195185415
    ],
    "tau": [
      3.3082068993633595,
      5.162547759418791,
      -0.10482047874797704,
      3.6552812005555118,
      1.2887361665221435,
      -2.0,
      -1.4069690936327037,
      -2.0,
      3.7327286041318573,
      -0.6795838108535429,
      1.6909188940019824,
      -1.9618236482437725,
      -2.0,
      4.040734801106923,
      -0.8551153907023147,
      0.479166400635581,
      -0.49593720457478624,
      -1.8920309576300136,
      1.6850647443614433,
      2.0665545586854277,
      2.4511253710827883,
      4.489517184450358,
      -1.30195869646736,
      4.0734485012094135,
      3.8306495526914133,
      -1.6955390290003085,
      -0.7888991021739844,
      1.955149856004636,
      2.81651094835346,
      4.004839459419424,
      -0.4421085540131044,
      -2.0,
      4.139575490676557,
      6.611376287145646,
      6.702187815300915,
      4.1350723787852655,
      -0.4008646581506837,
      0.8826863606468068,
      4.9943407451597315
    ],
    "gamma": 61.1257109015005,
    "r1": [
      100.00000000000004,
      5.666025274846976,
      100.00000000000004,
      10.584986644578699,
      1.0154885398338602,
      63.32379932237557,
      0.4230687390319905,
      2.685263493971125,
      10.5652882621588,
      2.4055907074009273,
      8.696180614248231,
      2.1945419937575883,
      1.7343772638246486,
      3.657024321756879,
      8.655868134799508,
      3.2087336636356554,
      0.2120973698191117,
      5.852164698437876,
      0.8421750330046582,
      56.79483430621227,
      1.3487648646407049,
      88.10490986029365,
      4.009936638636888,
      0.24806422083177432,
      0.503052726012408,
      2.8443446059067723,
      1.0455078177248223,
      2.305001017911759,
      100.00000000000004,
      2.0,
      2.0,
      13.624370593444722,
      100.00000000000004,
      2.0,
      76.10960642930827,
      17.979514485717893,
      73.76740326974893,
      2.808180575827519,
      16.29764616369925
    ]
  },
  "intercept": 0.8028651317808329,
  "benefit_coef": [
    0.7916923958608754,
    0.0005861264292267797,
    0.010697679206031584,
    0.020919901955096232,
    0.014833611925884537,
    1.0342011549223888,
    0.0010395025873512983,
    8.733223783531306e-05,
    0.0014933122931778896,
    0.000889154117495892,
    0.023283838164262913,
    0.0006713639724379713,
    0.00030255115320139,
    0.026240645133521735,
    0.0029735013137644315,
    0.002389763752329117,
    0.00020453903323295217,
    0.15434931005089955,
    0.0005602853466515612,
    0.02255274995343813,
    0.0001820254681744827,
    0.029348292630896604,
    0.0002175998814272285,
    0.12577920389899153,
    0.0009766368522133443,
    0.026516045900759115,
    0.00421664946416939,
    0.0023508301819085836,
    0.003909413757023732,
    0.0,
    0.00426252953614514,
    0.004888694300855552,
    0.005950036641407999,
    0.0,
    0.0010630673672142395,
    0.000341095185291488,
    0.011469997287428828,
    0.09558901794333216,
    0.0006271415488960495
  ],
  "penalty_coef": [
    0.043891542757567334,
    10.321877790418736,
    0.002394958897344559,
    1.0047603060267156,
    0.007939364545247867,
    0.003756397723689276,
    0.002136981791655269,
    0.0019873654425707583,
    0.36899086954304156,
    0.008232542524601396,
    0.04330409369115257,
    0.004614253524733587,
    0.0028980791102781425,
    4.0032199710393686,
    0.0030300554332499882,
    0.010792057104229943,
    0.0026737781928497318,
    0.00466751493429717,
    0.056395664629417426,
    0.05572104846427685,
    0.010918020449569717,
    2.721539762689819,
    0.001102862667105176,
    7.926654802831722,
    0.29560345022024703,
    0.003148240378651005,
    0.002554630030208522,
    0.008282802002926155,
    0.11591596787700108,
    0.015868270547981938,
    0.020701434884342625,
    0.0020819264001054856,
    0.849382420892877,
    0.9576341764553833,
    8.295288132767485,
    0.08301682102064022,
    0.0011178185392039877,
    0.05256214363374369,
    1.5616206306317397
  ],
  "metrics": {
    "variant": "dsp_apple_repetition_per_domain_r1_phase_benefit_penalty_nnls",
    "description": "Apple-style repetition-aware DSP: per-domain r1 discounts physical repetition for saturation; phase-1 only changes benefit amplitude and penalty uses raw physical exposure.",
    "phase_mode": "benefit_gain",
    "retention_mode": "none",
    "repetition_mode": "apple_per_domain_r1",
    "penalty_mode": "log_softplus_squared",
    "linear_mode": "nnls",
    "m_dependent_params_per_domain": 4,
    "total_param_count": 197,
    "fitted_gamma": 61.1257109015005,
    "fitted_gamma_benefit": 61.1257109015005,
    "fitted_gamma_saturation": 1.0,
    "fitted_gamma_penalty": 1.0,
    "fitted_lam": NaN,
    "fitted_r1": NaN,
    "fitted_r1_min": 0.2120973698191117,
    "fitted_r1_median": 3.657024321756879,
    "fitted_r1_max": 100.00000000000004,
    "train_rmse": 0.005659903017973531,
    "train_spearman": 0.9587619351230567,
    "train_pearson": 0.952293153786243,
    "cv_rmse": 0.008738960054468102,
    "cv_mae": 0.006620418004400327,
    "oof_spearman": 0.900558034344027,
    "oof_pearson": 0.8843951762921041,
    "cv_foldmean_regret_at_1": 0.0002805471420287642,
    "cv_regret_at_1": 0.0006219148635864258,
    "lower_tail_optimism": 0.00421741956484252,
    "raw_predicted_optimum_value": 0.701492042391932,
    "raw_nearest_observed_tv": 0.5,
    "raw_nearest_observed_run_name": "baseline_stratified",
    "raw_nearest_observed_value": 0.9688005447387696,
    "raw_phase0_support_gt_1e3": 1,
    "raw_phase1_support_gt_1e3": 2,
    "phase0_max_weight": 0.9999883414201612,
    "phase1_max_weight": 0.586610292275466,
    "optimum_success": true,
    "optimum_message": "CONVERGENCE: NORM OF PROJECTED GRADIENT <= PGTOL"
  }
}
