{
  "variant": "dsp_apple_repetition_per_domain_r1_phase_benefit_penalty_nnls",
  "params": {
    "rho": [
      0.05669926129035044,
      0.2714823104052384,
      0.10636456721803429,
      0.046168159711992375,
      0.04101156422490714,
      0.28285699049873997,
      0.17471060576209133,
      0.0991954586202972,
      0.1605278636699244,
      0.08697996366359358,
      0.13050581836617542,
      0.16930034028209565,
      0.02923122678015669,
      0.08438338416040157,
      0.21101592921751938,
      0.12556687248958173,
      0.09199314253868367,
      0.055466744851175,
      0.1006364331432074,
      0.12593611674383257,
      0.11816898497806406,
      0.1272947372614616,
      0.11806684333452919,
      0.17016313974734867,
      0.03192134503633952,
      0.02682380039212928,
      0.2495154335295136,
      0.06743770680296957,
      1.6656860570355951,
      0.0033846815919565546,
      0.1823919385807509,
      0.9221399158583905,
      0.10462102655379359,
      0.006576509935072549,
      0.03627018216040269,
      0.046969377504808806,
      0.042308032525747157,
      0.12186491114577276,
      0.09088708295650891
    ],
    "tau": [
      -1.9086241690719865,
      -2.0,
      -0.8305405362295395,
      1.0728351649968424,
      3.860255131625039,
      -1.1431019001159914,
      -1.944167914392131,
      -2.0,
      0.480137055892231,
      -1.99214314912426,
      3.345416211897311,
      0.5958166482407805,
      0.21786467098935092,
      3.3537775056330807,
      1.1442032097250936,
      0.18176724032466843,
      1.394315042327665,
      -1.9026110761860118,
      -1.7044373801925607,
      3.6850185637599644,
      1.2038949481471535,
      1.7346259460259639,
      0.3967482819011939,
      0.6680486124395286,
      1.0628023039452974,
      -1.8972839137877966,
      2.1236644874694113,
      -1.084128569423222,
      -1.7799614535360273,
      3.0752389951688315,
      -0.4819260576746984,
      -0.19324618711128078,
      -1.40359242731433,
      6.843084045368996,
      3.6670557300611524,
      1.48473477066318,
      -1.9931513753845012,
      -0.043127009202659015,
      2.8537287755734044
    ],
    "gamma": 4.242625075059255,
    "r1": [
      0.24733287719486596,
      0.44608028671433064,
      0.35041136582754984,
      16.300788397543162,
      2.9295389235916893,
      0.005455267025018311,
      0.14849205758742667,
      3.397764430594338,
      0.05666130403879259,
      0.15164257574706078,
      0.22455335377501096,
      0.5787313537687452,
      0.16778075747808316,
      0.4169577468643906,
      0.028301883346665776,
      0.2998543600477242,
      0.013871820555322137,
      0.8307322398321747,
      1.6105785516157802,
      0.3691220243170308,
      0.022043897397063607,
      0.305302264448215,
      0.10384459900357663,
      0.037346222849850404,
      0.7876328144915415,
      0.5856108104735538,
      0.8047551699975857,
      0.15433234840812077,
      0.021395690074787168,
      0.2014442828555864,
      0.25,
      5.831058855891894,
      0.10200835617810301,
      0.21630409676891438,
      0.15790063108459296,
      0.11135837050400214,
      0.4635075548014636,
      0.2625132189906001,
      0.14619308387477434
    ]
  },
  "intercept": -4.674842536226172,
  "benefit_coef": [
    0.00161579692848026,
    0.12720506070836904,
    0.3134348810287222,
    0.7499792056130108,
    0.4551184212632144,
    0.09606366784718764,
    0.0489909227947876,
    0.004423037085628814,
    0.0288907928524346,
    0.0,
    0.0,
    0.40107349089422606,
    0.6085283097725164,
    0.16989555028268927,
    0.1450996380807095,
    0.03018071945511377,
    0.429229416974515,
    0.42470552553500646,
    0.3216455728378152,
    0.0,
    0.2258360408197525,
    0.0,
    0.16703589807841362,
    0.23935622324220426,
    0.5740215067508102,
    2.558475199759821,
    0.06554684469823518,
    0.0394290441066366,
    0.03860721423557254,
    7.424463194748123,
    0.0,
    0.11281523748764649,
    0.13972078635886118,
    1.2287250846478133,
    0.7369208140194387,
    0.04986005690748103,
    0.13324519755545414,
    0.057760656659324845,
    0.0
  ],
  "penalty_coef": [
    0.014460088989995398,
    0.03781188751463197,
    0.020588389804803854,
    0.3922997888861288,
    9.07157856489542,
    0.08990143613654734,
    0.04810493575951367,
    0.03385713117495939,
    0.06265879701302382,
    0.07282403098323292,
    12.154694212320113,
    0.9850518014478641,
    0.2436023617518851,
    11.694358693531635,
    0.15846376482282018,
    0.2813633164320458,
    0.27709597096016086,
    0.06739576998610025,
    0.044846557220754105,
    18.689137329847394,
    0.016794370149174002,
    0.3208813666587897,
    0.0442995050095622,
    0.4683587604025293,
    0.20933674543097197,
    0.07598476508487517,
    1.2543363008442558,
    0.02401465027264797,
    0.02978356029250671,
    0.05900218120961408,
    0.4143644779441951,
    0.15727386531287058,
    0.03925915356414725,
    14.76793698992521,
    0.674354341214312,
    0.09123688069562415,
    0.014196613402502741,
    0.338311468402433,
    0.8167118350036082
  ],
  "metrics": {
    "variant": "dsp_apple_repetition_per_domain_r1_phase_benefit_penalty_nnls",
    "description": "Apple-style repetition-aware DSP: per-domain r1 discounts physical repetition for saturation; phase-1 only changes benefit amplitude and penalty uses raw physical exposure.",
    "phase_mode": "benefit_gain",
    "retention_mode": "none",
    "repetition_mode": "apple_per_domain_r1",
    "penalty_mode": "log_softplus_squared",
    "linear_mode": "nnls",
    "m_dependent_params_per_domain": 4,
    "total_param_count": 197,
    "fitted_gamma": 4.242625075059255,
    "fitted_gamma_benefit": 4.242625075059255,
    "fitted_gamma_saturation": 1.0,
    "fitted_gamma_penalty": 1.0,
    "fitted_lam": NaN,
    "fitted_r1": NaN,
    "fitted_r1_min": 0.005455267025018311,
    "fitted_r1_median": 0.24733287719486596,
    "fitted_r1_max": 16.300788397543162,
    "train_rmse": 0.0009459306628094103,
    "train_spearman": 0.9988358835883587,
    "train_pearson": 0.9998587272786601,
    "cv_rmse": 0.012124833047047888,
    "cv_mae": 0.009670203164264694,
    "oof_spearman": 0.925172517251725,
    "oof_pearson": 0.9759150955341203,
    "cv_foldmean_regret_at_1": 0.012530267238616988,
    "cv_regret_at_1": 0.017416536808013916,
    "lower_tail_optimism": 0.009258089859243234,
    "raw_predicted_optimum_value": -2.6147533015091513,
    "raw_nearest_observed_tv": 0.7985066279810676,
    "raw_nearest_observed_run_name": "run_00005",
    "raw_nearest_observed_value": 1.0214412212371826,
    "raw_phase0_support_gt_1e3": 1,
    "raw_phase1_support_gt_1e3": 13,
    "phase0_max_weight": 1.0,
    "phase1_max_weight": 0.20581288491462618,
    "optimum_success": true,
    "optimum_message": "CONVERGENCE: RELATIVE REDUCTION OF F <= FACTR*EPSMCH"
  }
}
