{
  "beta1": 0.9800771813159983,
  "beta2": 0.98,
  "epsilon": 9.999999998901484e-11,
  "learning_rate": 0.003989657193181451,
  "max_grad_norm": 1.0,
  "min_lr_ratio": 0.0,
  "train_batch_size": 208.52527884347364,
  "warmup": 4495.858101080172,
  "weight_decay": 0.1
}