suite,prompt_sha16,position,scenario,topk,tis_cap,behavior_tail_mass,current_tail_mass,behavior_cap_mass,behavior_log_ratio_abs_mean,exact_gradient_l1,exact_gradient_l2,error_l1,error_l2,relative_error_l1
val-gsm8k,e21f6062be8c8538,prompt,real_base_to_step8,1,1.001,0.0010315689168520147,0.0010053274947318797,0.00011234972201025049,5.7872336240612614e-05,4.6364824048615804e-06,2.3341289590086363e-06,4.636482397861739e-06,2.334128952068034e-06,0.999999998490269
val-gsm8k,e21f6062be8c8538,prompt,real_base_to_step8,1,1.05,0.0010315689168520147,0.0010053274947318797,8.67487162047673e-06,5.7872336240612614e-05,2.848728883646338e-07,1.6102805057473065e-07,2.8487288136331827e-07,1.6102804439404095e-07,0.9999999754230191
val-gsm8k,e21f6062be8c8538,prompt,real_base_to_step8,1,2.0,0.0010315689168520147,0.0010053274947318797,0.0,5.7872336240612614e-05,7.0014452313807695e-15,6.994405412445979e-15,0.0,0.0,
val-gsm8k,e21f6062be8c8538,prompt,real_base_to_step8,4,1.001,0.0005729917856139672,0.000562086946031656,0.00011234972201025049,5.7872336240612614e-05,4.6364824048615804e-06,2.3341289590086363e-06,4.636482397861739e-06,2.334128952068034e-06,0.999999998490269
val-gsm8k,e21f6062be8c8538,prompt,real_base_to_step8,4,1.05,0.0005729917856139672,0.000562086946031656,8.67487162047673e-06,5.7872336240612614e-05,2.848728883646338e-07,1.6102805057473065e-07,2.8487288136331827e-07,1.6102804439404095e-07,0.9999999754230191
val-gsm8k,e21f6062be8c8538,prompt,real_base_to_step8,4,2.0,0.0005729917856139672,0.000562086946031656,0.0,5.7872336240612614e-05,7.0014452313807695e-15,6.994405412445979e-15,0.0,0.0,
val-gsm8k,e21f6062be8c8538,prompt,real_base_to_step8,8,1.001,0.0004587330331823321,0.0004511454123768082,0.00011234972201025049,5.7872336240612614e-05,4.6364824048615804e-06,2.3341289590086363e-06,4.636482397861739e-06,2.334128952068034e-06,0.999999998490269
val-gsm8k,e21f6062be8c8538,prompt,real_base_to_step8,8,1.05,0.0004587330331823321,0.0004511454123768082,8.67487162047673e-06,5.7872336240612614e-05,2.848728883646338e-07,1.6102805057473065e-07,2.8487288136331827e-07,1.6102804439404095e-07,0.9999999754230191
val-gsm8k,e21f6062be8c8538,prompt,real_base_to_step8,8,2.0,0.0004587330331823321,0.0004511454123768082,0.0,5.7872336240612614e-05,7.0014452313807695e-15,6.994405412445979e-15,0.0,0.0,
val-gsm8k,e21f6062be8c8538,prompt,real_base_to_step8,32,1.001,0.0003638317168062579,0.00035841386478860864,0.00011234972201025049,5.7872336240612614e-05,4.6364824048615804e-06,2.3341289590086363e-06,4.03584904363446e-06,2.025112852015409e-06,0.8704549464919081
val-gsm8k,e21f6062be8c8538,prompt,real_base_to_step8,32,1.05,0.0003638317168062579,0.00035841386478860864,8.67487162047673e-06,5.7872336240612614e-05,2.848728883646338e-07,1.6102805057473065e-07,1.9911618930407428e-07,1.171995661883464e-07,0.6989650382215664
val-gsm8k,e21f6062be8c8538,prompt,real_base_to_step8,32,2.0,0.0003638317168062579,0.00035841386478860864,0.0,5.7872336240612614e-05,7.0014452313807695e-15,6.994405412445979e-15,0.0,0.0,
val-gsm8k,e21f6062be8c8538,prompt,real_base_to_step8,128,1.001,0.0002772110810326867,0.0002732625787818955,0.00011234972201025049,5.7872336240612614e-05,4.6364824048615804e-06,2.3341289590086363e-06,2.8171856825427027e-06,1.409056827825224e-06,0.6076127194160695
val-gsm8k,e21f6062be8c8538,prompt,real_base_to_step8,128,1.05,0.0002772110810326867,0.0002732625787818955,8.67487162047673e-06,5.7872336240612614e-05,2.848728883646338e-07,1.6102805057473065e-07,7.264472653041437e-08,3.684321964213848e-08,0.25500751211336764
val-gsm8k,e21f6062be8c8538,prompt,real_base_to_step8,128,2.0,0.0002772110810326867,0.0002732625787818955,0.0,5.7872336240612614e-05,7.0014452313807695e-15,6.994405412445979e-15,0.0,0.0,
val-gsm8k,e21f6062be8c8538,prompt,calibrated_0.016,1,1.001,0.0010315689168520147,0.0146744503913883,0.0009280548771500347,0.015999987714759717,0.026926586589007165,0.01448994523348952,0.0006408007678660668,0.00015269212636802093,0.023798069084912346
val-gsm8k,e21f6062be8c8538,prompt,calibrated_0.016,1,1.05,0.0010315689168520147,0.0146744503913883,0.0009261733557016988,0.015999987714759717,0.026837121854909312,0.014442933181830025,0.0006720641067911809,0.00016009693135817714,0.025042331678657274
val-gsm8k,e21f6062be8c8538,prompt,calibrated_0.016,1,2.0,0.0010315689168520147,0.0146744503913883,0.000895304903939584,0.015999987714759717,0.025133064333104006,0.013546121893062904,0.0012777971038805793,0.0003229906934940544,0.05084127772662919
val-gsm8k,e21f6062be8c8538,prompt,calibrated_0.016,4,1.001,0.0005729917856139672,0.005644111762365469,0.0009280548771500347,0.015999987714759717,0.026926586589007165,0.01448994523348952,0.0005345513101381965,5.5546336259290086e-05,0.019852175037902063
val-gsm8k,e21f6062be8c8538,prompt,calibrated_0.016,4,1.05,0.0005729917856139672,0.005644111762365469,0.0009261733557016988,0.015999987714759717,0.026837121854909312,0.014442933181830025,0.0005606842744314681,5.817625020929618e-05,0.020892116429724456
val-gsm8k,e21f6062be8c8538,prompt,calibrated_0.016,4,2.0,0.0005729917856139672,0.005644111762365469,0.000895304903939584,0.015999987714759717,0.025133064333104006,0.013546121893062904,0.0010672164305795813,0.00015512637441032482,0.04246264667272974
val-gsm8k,e21f6062be8c8538,prompt,calibrated_0.016,8,1.001,0.0004587330331823321,0.005457334747325608,0.0009280548771500347,0.015999987714759717,0.026926586589007165,0.01448994523348952,0.00039333017360661357,2.2702341604518815e-05,0.014607502228566596
val-gsm8k,e21f6062be8c8538,prompt,calibrated_0.016,8,1.05,0.0004587330331823321,0.005457334747325608,0.0009261733557016988,0.015999987714759717,0.026837121854909312,0.014442933181830025,0.0004125773130030095,2.4146049125608115e-05,0.015373381513619232
val-gsm8k,e21f6062be8c8538,prompt,calibrated_0.016,8,2.0,0.0004587330331823321,0.005457334747325608,0.000895304903939584,0.015999987714759717,0.025133064333104006,0.013546121893062904,0.000785614575410149,6.515223525343653e-05,0.031258208907513796
val-gsm8k,e21f6062be8c8538,prompt,calibrated_0.016,32,1.001,0.0003638317168062579,0.0047236927948415795,0.0009280548771500347,0.015999987714759717,0.026926586589007165,0.01448994523348952,0.00031741077026589573,1.552805556977567e-05,0.011788006222648337
val-gsm8k,e21f6062be8c8538,prompt,calibrated_0.016,32,1.05,0.0003638317168062579,0.0047236927948415795,0.0009261733557016988,0.015999987714759717,0.026837121854909312,0.014442933181830025,0.00033294350650809256,1.657664843562896e-05,0.012406080961591164
val-gsm8k,e21f6062be8c8538,prompt,calibrated_0.016,32,2.0,0.0003638317168062579,0.0047236927948415795,0.000895304903939584,0.015999987714759717,0.025133064333104006,0.013546121893062904,0.0006339829684716778,5.0546361683698e-05,0.02522505652590191
val-gsm8k,e21f6062be8c8538,prompt,calibrated_0.016,128,1.001,0.0002772110810326867,0.0035114335867921613,0.0009280548771500347,0.015999987714759717,0.026926586589007165,0.01448994523348952,0.00024710792015520235,9.470104052122923e-06,0.009177097859707353
val-gsm8k,e21f6062be8c8538,prompt,calibrated_0.016,128,1.05,0.0002772110810326867,0.0035114335867921613,0.0009261733557016988,0.015999987714759717,0.026837121854909312,0.014442933181830025,0.00025920100959427923,1.0310321173212326e-05,0.009658301325887656
val-gsm8k,e21f6062be8c8538,prompt,calibrated_0.016,128,2.0,0.0002772110810326867,0.0035114335867921613,0.000895304903939584,0.015999987714759717,0.025133064333104006,0.013546121893062904,0.0004935906379354709,3.988786797703196e-05,0.01963909499429157
val-gsm8k,e21f6062be8c8538,prompt,calibrated_0.05,1,1.001,0.0010315689168520147,0.04685873878081337,0.0009272061142376017,0.049999859973263214,0.0874194903904389,0.04678702892113762,0.0008050322658969349,0.00019849102941165702,0.009208841899002668
val-gsm8k,e21f6062be8c8538,prompt,calibrated_0.05,1,1.05,0.0010315689168520147,0.04685873878081337,0.0009257567774098067,0.049999859973263214,0.08733304314673598,0.046741961434115555,0.0008442185953260787,0.0002082568829919438,0.009666657257180793
val-gsm8k,e21f6062be8c8538,prompt,calibrated_0.05,1,2.0,0.0010315689168520147,0.04685873878081337,0.0009064062486875679,0.049999859973263214,0.0856784652395941,0.0458780481358984,0.0016033213422886772,0.0004089014070305496,0.018713236025004604
val-gsm8k,e21f6062be8c8538,prompt,calibrated_0.05,4,1.001,0.0005729917856139672,0.01867513064290961,0.0009272061142376017,0.049999859973263214,0.0874194903904389,0.04678702892113762,0.0006857725134819285,6.452946406996235e-05,0.007844618064222113
val-gsm8k,e21f6062be8c8538,prompt,calibrated_0.05,4,1.05,0.0005729917856139672,0.01867513064290961,0.0009257567774098067,0.049999859973263214,0.08733304314673598,0.046741961434115555,0.0007192281468276379,6.796193689217992e-05,0.008235464160102596
val-gsm8k,e21f6062be8c8538,prompt,calibrated_0.05,4,2.0,0.0005729917856139672,0.01867513064290961,0.0009064062486875679,0.049999859973263214,0.0856784652395941,0.0458780481358984,0.0013675305292719514,0.00016512380373227915,0.015961193112502
val-gsm8k,e21f6062be8c8538,prompt,calibrated_0.05,8,1.001,0.0004587330331823321,0.01842795576088918,0.0009272061142376017,0.049999859973263214,0.0874194903904389,0.04678702892113762,0.0005132994393037311,3.136142989081722e-05,0.00587168189852398
val-gsm8k,e21f6062be8c8538,prompt,calibrated_0.05,8,1.05,0.0004587330331823321,0.01842795576088918,0.0009257567774098067,0.049999859973263214,0.08733304314673598,0.046741961434115555,0.0005384037209376319,3.315350743184425e-05,0.006164948586905555
val-gsm8k,e21f6062be8c8538,prompt,calibrated_0.05,8,2.0,0.0004587330331823321,0.01842795576088918,0.0009064062486875679,0.049999859973263214,0.0856784652395941,0.0458780481358984,0.001024807912926559,7.517204662457466e-05,0.011961090923614845
val-gsm8k,e21f6062be8c8538,prompt,calibrated_0.05,32,1.001,0.0003638317168062579,0.01658843317276361,0.0009272061142376017,0.049999859973263214,0.0874194903904389,0.04678702892113762,0.0004106257586281995,2.220880426960792e-05,0.004697187741477726
val-gsm8k,e21f6062be8c8538,prompt,calibrated_0.05,32,1.05,0.0003638317168062579,0.01658843317276361,0.0009257567774098067,0.049999859973263214,0.08733304314673598,0.046741961434115555,0.0004307090865455105,2.3516245369322137e-05,0.004931799820851748
val-gsm8k,e21f6062be8c8538,prompt,calibrated_0.05,32,2.0,0.0003638317168062579,0.01658843317276361,0.0009064062486875679,0.049999859973263214,0.0856784652395941,0.0458780481358984,0.0008197957873878712,5.653830862823003e-05,0.009568282824574028
val-gsm8k,e21f6062be8c8538,prompt,calibrated_0.05,128,1.001,0.0002772110810326867,0.012468949419158023,0.0009272061142376017,0.049999859973263214,0.0874194903904389,0.04678702892113762,0.00032032218265241885,1.3559461138719656e-05,0.003664196407709242
val-gsm8k,e21f6062be8c8538,prompt,calibrated_0.05,128,1.05,0.0002772110810326867,0.012468949419158023,0.0009257567774098067,0.049999859973263214,0.08733304314673598,0.046741961434115555,0.00033599130835670855,1.4505761398070704e-05,0.0038472415050530163
val-gsm8k,e21f6062be8c8538,prompt,calibrated_0.05,128,2.0,0.0002772110810326867,0.012468949419158023,0.0009064062486875679,0.049999859973263214,0.0856784652395941,0.0458780481358984,0.0006395978755318094,4.083034972692815e-05,0.007465094919046655
val-gsm8k,e21f6062be8c8538,answer16,real_base_to_step8,1,1.001,0.049500320147407864,0.05302778532236681,0.04949998635317949,0.006928785497692976,0.006587083613025477,0.0039631095778904744,0.0008247863942991545,0.0005320026107241365,0.12521268026235458
val-gsm8k,e21f6062be8c8538,answer16,real_base_to_step8,1,1.05,0.049500320147407864,0.05302778532236681,0.0398620774971024,0.006928785497692976,0.0024665156304480274,0.001499071896259629,0.0008447611949033175,0.0004584158655427869,0.34249172576695647
val-gsm8k,e21f6062be8c8538,answer16,real_base_to_step8,1,2.0,0.049500320147407864,0.05302778532236681,0.0,0.006928785497692976,3.0822212791176485e-13,2.920518827209638e-13,0.0,0.0,
val-gsm8k,e21f6062be8c8538,answer16,real_base_to_step8,4,1.001,7.013930438450464e-05,7.855592612775181e-05,0.04949998635317949,0.006928785497692976,0.006587083613025477,0.0039631095778904744,6.962578954625381e-07,3.6552112336491593e-07,0.00010570047935716785
val-gsm8k,e21f6062be8c8538,answer16,real_base_to_step8,4,1.05,7.013930438450464e-05,7.855592612775181e-05,0.0398620774971024,0.006928785497692976,0.0024665156304480274,0.001499071896259629,7.303333919568768e-07,3.8444047721347327e-07,0.00029609923526988406
val-gsm8k,e21f6062be8c8538,answer16,real_base_to_step8,4,2.0,7.013930438450464e-05,7.855592612775181e-05,0.0,0.006928785497692976,3.0822212791176485e-13,2.920518827209638e-13,0.0,0.0,
val-gsm8k,e21f6062be8c8538,answer16,real_base_to_step8,8,1.001,2.092698125404496e-06,2.175308649233837e-06,0.04949998635317949,0.006928785497692976,0.006587083613025477,0.0039631095778904744,6.340700105600845e-08,3.058332644222594e-08,9.625959647851703e-06
val-gsm8k,e21f6062be8c8538,answer16,real_base_to_step8,8,1.05,2.092698125404496e-06,2.175308649233837e-06,0.0398620774971024,0.006928785497692976,0.0024665156304480274,0.001499071896259629,5.642492857727481e-08,3.736218047150371e-08,2.287637178566169e-05
val-gsm8k,e21f6062be8c8538,answer16,real_base_to_step8,8,2.0,2.092698125404496e-06,2.175308649233837e-06,0.0,0.006928785497692976,3.0822212791176485e-13,2.920518827209638e-13,0.0,0.0,
val-gsm8k,e21f6062be8c8538,answer16,real_base_to_step8,32,1.001,1.4544945213526141e-07,1.51080347857661e-07,0.04949998635317949,0.006928785497692976,0.006587083613025477,0.0039631095778904744,3.1139836900437088e-09,4.4084737123349887e-10,4.7274087790323977e-07
val-gsm8k,e21f6062be8c8538,answer16,real_base_to_step8,32,1.05,1.4544945213526141e-07,1.51080347857661e-07,0.0398620774971024,0.006928785497692976,0.0024665156304480274,0.001499071896259629,2.054290186928484e-09,1.0058204820420875e-09,8.328713435135763e-07
val-gsm8k,e21f6062be8c8538,answer16,real_base_to_step8,32,2.0,1.4544945213526141e-07,1.51080347857661e-07,0.0,0.006928785497692976,3.0822212791176485e-13,2.920518827209638e-13,0.0,0.0,
val-gsm8k,e21f6062be8c8538,answer16,real_base_to_step8,128,1.001,1.7882874093920216e-08,1.8479776234336332e-08,0.04949998635317949,0.006928785497692976,0.006587083613025477,0.0039631095778904744,3.3681098216197914e-10,2.6992140894581757e-11,5.113203383299401e-08
val-gsm8k,e21f6062be8c8538,answer16,real_base_to_step8,128,1.05,1.7882874093920216e-08,1.8479776234336332e-08,0.0398620774971024,0.006928785497692976,0.0024665156304480274,0.001499071896259629,1.4621319230234233e-10,6.996963479296458e-11,5.927924822263689e-08
val-gsm8k,e21f6062be8c8538,answer16,real_base_to_step8,128,2.0,1.7882874093920216e-08,1.8479776234336332e-08,0.0,0.006928785497692976,3.0822212791176485e-13,2.920518827209638e-13,0.0,0.0,
val-gsm8k,e21f6062be8c8538,answer16,calibrated_0.016,1,1.001,0.049500320147407864,0.05637248469170284,0.025002811993630945,0.015999994569506078,0.017433873628130904,0.011585345704332058,0.011727588803079074,0.00682410630220658,0.6726897907620314
val-gsm8k,e21f6062be8c8538,answer16,calibrated_0.016,1,1.05,0.049500320147407864,0.05637248469170284,0.02500279957119439,0.015999994569506078,0.015067035270949521,0.01040927144942467,0.012262838754952949,0.007181793402559375,0.813885315487162
val-gsm8k,e21f6062be8c8538,answer16,calibrated_0.016,1,2.0,0.049500320147407864,0.05637248469170284,6.490332118081874e-05,0.015999994569506078,3.779182587249448e-05,2.591928385337249e-05,3.7791826175719306e-05,2.591928405050412e-05,1.0000000080235558
val-gsm8k,e21f6062be8c8538,answer16,calibrated_0.016,4,1.001,7.013930438450464e-05,0.00015557227402267034,0.025002811993630945,0.015999994569506078,0.017433873628130904,0.011585345704332058,4.562082158119964e-06,2.580233040580171e-06,0.0002616792031094393
val-gsm8k,e21f6062be8c8538,answer16,calibrated_0.016,4,1.05,7.013930438450464e-05,0.00015557227402267034,0.02500279957119439,0.015999994569506078,0.015067035270949521,0.01040927144942467,4.785394732545725e-06,2.70593534229993e-06,0.0003176069244207822
val-gsm8k,e21f6062be8c8538,answer16,calibrated_0.016,4,2.0,7.013930438450464e-05,0.00015557227402267034,6.490332118081874e-05,0.015999994569506078,3.779182587249448e-05,2.591928385337249e-05,9.114057457754605e-06,5.703785711828475e-06,0.24116478226017565
val-gsm8k,e21f6062be8c8538,answer16,calibrated_0.016,8,1.001,2.092698125404496e-06,2.7443122876967675e-06,0.025002811993630945,0.015999994569506078,0.017433873628130904,0.011585345704332058,4.862243803863225e-07,1.9102907217451322e-07,2.788963547388355e-05
val-gsm8k,e21f6062be8c8538,answer16,calibrated_0.016,8,1.05,2.092698125404496e-06,2.7443122876967675e-06,0.02500279957119439,0.015999994569506078,0.015067035270949521,0.01040927144942467,5.100255003865703e-07,2.0303092489353882e-07,3.385042187894398e-05
val-gsm8k,e21f6062be8c8538,answer16,calibrated_0.016,8,2.0,2.092698125404496e-06,2.7443122876967675e-06,6.490332118081874e-05,0.015999994569506078,3.779182587249448e-05,2.591928385337249e-05,3.3743473369173204e-08,2.041286238870844e-08,0.0008928775625454039
val-gsm8k,e21f6062be8c8538,answer16,calibrated_0.016,32,1.001,1.4544945213526141e-07,2.0272534100136862e-07,0.025002811993630945,0.015999994569506078,0.017433873628130904,0.011585345704332058,2.597587238410804e-08,3.5690907726060028e-09,1.4899656231414893e-06
val-gsm8k,e21f6062be8c8538,answer16,calibrated_0.016,32,1.05,1.4544945213526141e-07,2.0272534100136862e-07,0.02500279957119439,0.015999994569506078,0.015067035270949521,0.01040927144942467,2.7247418681527126e-08,3.843852007785545e-09,1.8084127495249435e-06
val-gsm8k,e21f6062be8c8538,answer16,calibrated_0.016,32,2.0,1.4544945213526141e-07,2.0272534100136862e-07,6.490332118081874e-05,0.015999994569506078,3.779182587249448e-05,2.591928385337249e-05,3.660575386848566e-09,1.8173640359963265e-09,9.686156469917463e-05
val-gsm8k,e21f6062be8c8538,answer16,calibrated_0.016,128,1.001,1.7882874093920216e-08,2.62105484154844e-08,0.025002811993630945,0.015999994569506078,0.017433873628130904,0.011585345704332058,4.013808578703184e-09,3.673543503843026e-10,2.3023045046205873e-07
val-gsm8k,e21f6062be8c8538,answer16,calibrated_0.016,128,1.05,1.7882874093920216e-08,2.62105484154844e-08,0.02500279957119439,0.015999994569506078,0.015067035270949521,0.01040927144942467,4.210289003452873e-09,4.503478648009463e-10,2.794371240087727e-07
val-gsm8k,e21f6062be8c8538,answer16,calibrated_0.016,128,2.0,1.7882874093920216e-08,2.62105484154844e-08,6.490332118081874e-05,0.015999994569506078,3.779182587249448e-05,2.591928385337249e-05,1.1771181920145843e-09,5.761416480866621e-10,3.114742844090289e-05
val-gsm8k,e21f6062be8c8538,answer16,calibrated_0.05,1,1.001,0.049500320147407864,0.07740931136402182,0.02500281193733476,0.04999978214944246,0.062167262671209485,0.04212374421700926,0.03199638208000101,0.018403977885515465,0.5146821768431985
val-gsm8k,e21f6062be8c8538,answer16,calibrated_0.05,1,1.05,0.049500320147407864,0.07740931136402182,0.025002811729860908,0.04999978214944246,0.05985916737997139,0.0409947112622302,0.033485792770295106,0.01918586415279307,0.5594095981612217
val-gsm8k,e21f6062be8c8538,answer16,calibrated_0.05,1,2.0,0.049500320147407864,0.07740931136402182,0.009701941373143062,0.04999978214944246,0.040464650723867825,0.027842171854918035,0.040464650724135125,0.02784217185509735,1.0000000000066058
val-gsm8k,e21f6062be8c8538,answer16,calibrated_0.05,4,1.001,7.013930438450464e-05,0.00047245704881021235,0.02500281193733476,0.04999978214944246,0.062167262671209485,0.04212374421700926,8.0468886108953e-06,4.527472797502785e-06,0.00012943932650619864
val-gsm8k,e21f6062be8c8538,answer16,calibrated_0.05,4,1.05,7.013930438450464e-05,0.00047245704881021235,0.025002811729860908,0.04999978214944246,0.05985916737997139,0.0409947112622302,8.44077770345225e-06,4.749035421262255e-06,0.0001410106099517264
val-gsm8k,e21f6062be8c8538,answer16,calibrated_0.05,4,2.0,7.013930438450464e-05,0.00047245704881021235,0.009701941373143062,0.04999978214944246,0.040464650723867825,0.027842171854918035,1.607631582396873e-05,8.843577588404356e-06,0.00039729283550904876
val-gsm8k,e21f6062be8c8538,answer16,calibrated_0.05,8,1.001,2.092698125404496e-06,4.531271663656062e-06,0.02500281193733476,0.04999978214944246,0.062167262671209485,0.04212374421700926,1.1458535698079364e-06,4.5170687190946287e-07,1.8431784199155306e-05
val-gsm8k,e21f6062be8c8538,answer16,calibrated_0.05,8,1.05,2.092698125404496e-06,4.531271663656062e-06,0.025002811729860908,0.04999978214944246,0.05985916737997139,0.0409947112622302,1.2019442154200069e-06,4.7579045061441175e-07,2.0079534481165735e-05
val-gsm8k,e21f6062be8c8538,answer16,calibrated_0.05,8,2.0,2.092698125404496e-06,4.531271663656062e-06,0.009701941373143062,0.04999978214944246,0.040464650723867825,0.027842171854918035,2.2894142889410136e-06,1.2080069506755278e-06,5.657813049132824e-05
val-gsm8k,e21f6062be8c8538,answer16,calibrated_0.05,32,1.001,1.4544945213526141e-07,3.4557621929725435e-07,0.02500281193733476,0.04999978214944246,0.062167262671209485,0.04212374421700926,6.306711521392534e-08,8.626929450587017e-09,1.0144747010572912e-06
val-gsm8k,e21f6062be8c8538,answer16,calibrated_0.05,32,1.05,1.4544945213526141e-07,3.4557621929725435e-07,0.025002811729860908,0.04999978214944246,0.05985916737997139,0.0409947112622302,6.615431643931501e-08,9.113553090151951e-09,1.1051659977056403e-06
val-gsm8k,e21f6062be8c8538,answer16,calibrated_0.05,32,2.0,1.4544945213526141e-07,3.4557621929725435e-07,0.009701941373143062,0.04999978214944246,0.040464650723867825,0.027842171854918035,1.2600820728843093e-07,4.2464646787664696e-08,3.1140317544890056e-06
val-gsm8k,e21f6062be8c8538,answer16,calibrated_0.05,128,1.001,1.7882874093920216e-08,4.99304092519967e-08,0.02500281193733476,0.04999978214944246,0.062167262671209485,0.04212374421700926,9.41753584637608e-09,9.119788585221264e-10,1.514870599367321e-07
val-gsm8k,e21f6062be8c8538,answer16,calibrated_0.05,128,1.05,1.7882874093920216e-08,4.99304092519967e-08,0.025002811729860908,0.04999978214944246,0.05985916737997139,0.0409947112622302,9.878533727817735e-09,9.987165649325748e-10,1.650295879511857e-07
val-gsm8k,e21f6062be8c8538,answer16,calibrated_0.05,128,2.0,1.7882874093920216e-08,4.99304092519967e-08,0.009701941373143062,0.04999978214944246,0.040464650723867825,0.027842171854918035,1.8816254707381377e-08,5.2281122085165605e-09,4.6500474786707413e-07
val-gsm8k,e21f6062be8c8538,answer32,real_base_to_step8,1,1.001,0.5971338446836412,0.598696556023796,0.5066663056146067,0.005299354110431796,0.002101744157343529,0.001189183642928737,0.001442779925953531,0.0008436224722122016,0.686467913286417
val-gsm8k,e21f6062be8c8538,answer32,real_base_to_step8,1,1.05,0.5971338446836412,0.598696556023796,2.8956971114971858e-06,0.005299354110431796,2.631087698067286e-09,1.446007841002927e-09,2.631087966159383e-09,1.4460079232312188e-09,1.0000001018940181
val-gsm8k,e21f6062be8c8538,answer32,real_base_to_step8,1,2.0,0.5971338446836412,0.598696556023796,0.0,0.005299354110431796,2.680937942649801e-16,1.5975811075844541e-16,0.0,0.0,
val-gsm8k,e21f6062be8c8538,answer32,real_base_to_step8,4,1.001,0.056077086285419735,0.055499905923903824,0.5066663056146067,0.005299354110431796,0.002101744157343529,0.001189183642928737,3.567413690456258e-05,1.1855714548287741e-05,0.0169735868088019
val-gsm8k,e21f6062be8c8538,answer32,real_base_to_step8,4,1.05,0.056077086285419735,0.055499905923903824,2.8956971114971858e-06,0.005299354110431796,2.631087698067286e-09,1.446007841002927e-09,2.631087966159383e-09,1.4460079232312188e-09,1.0000001018940181
val-gsm8k,e21f6062be8c8538,answer32,real_base_to_step8,4,2.0,0.056077086285419735,0.055499905923903824,0.0,0.005299354110431796,2.680937942649801e-16,1.5975811075844541e-16,0.0,0.0,
val-gsm8k,e21f6062be8c8538,answer32,real_base_to_step8,8,1.001,0.00688579607055187,0.006866899803436503,0.5066663056146067,0.005299354110431796,0.002101744157343529,0.001189183642928737,3.567413690456258e-05,1.1855714548287741e-05,0.0169735868088019
val-gsm8k,e21f6062be8c8538,answer32,real_base_to_step8,8,1.05,0.00688579607055187,0.006866899803436503,2.8956971114971858e-06,0.005299354110431796,2.631087698067286e-09,1.446007841002927e-09,2.631087966159383e-09,1.4460079232312188e-09,1.0000001018940181
val-gsm8k,e21f6062be8c8538,answer32,real_base_to_step8,8,2.0,0.00688579607055187,0.006866899803436503,0.0,0.005299354110431796,2.680937942649801e-16,1.5975811075844541e-16,0.0,0.0,
val-gsm8k,e21f6062be8c8538,answer32,real_base_to_step8,32,1.001,0.0013587127377357908,0.0013569661999419632,0.5066663056146067,0.005299354110431796,0.002101744157343529,0.001189183642928737,1.099486051722614e-05,3.2575878335605695e-06,0.0052313030008005095
val-gsm8k,e21f6062be8c8538,answer32,real_base_to_step8,32,1.05,0.0013587127377357908,0.0013569661999419632,2.8956971114971858e-06,0.005299354110431796,2.631087698067286e-09,1.446007841002927e-09,2.631087966159383e-09,1.4460079232312188e-09,1.0000001018940181
val-gsm8k,e21f6062be8c8538,answer32,real_base_to_step8,32,2.0,0.0013587127377357908,0.0013569661999419632,0.0,0.005299354110431796,2.680937942649801e-16,1.5975811075844541e-16,0.0,0.0,
val-gsm8k,e21f6062be8c8538,answer32,real_base_to_step8,128,1.001,0.000459227510404042,0.0004576871098953775,0.5066663056146067,0.005299354110431796,0.002101744157343529,0.001189183642928737,2.9667859388889773e-06,8.590240548069707e-07,0.0014115828173105552
val-gsm8k,e21f6062be8c8538,answer32,real_base_to_step8,128,1.05,0.000459227510404042,0.0004576871098953775,2.8956971114971858e-06,0.005299354110431796,2.631087698067286e-09,1.446007841002927e-09,1.5800339092527547e-10,8.288072942702261e-11,0.06005249883587681
val-gsm8k,e21f6062be8c8538,answer32,real_base_to_step8,128,2.0,0.000459227510404042,0.0004576871098953775,0.0,0.005299354110431796,2.680937942649801e-16,1.5975811075844541e-16,0.0,0.0,
val-gsm8k,e21f6062be8c8538,answer32,calibrated_0.016,1,1.001,0.5971338446836412,0.5989324296531637,0.45556282134279713,0.0160004055515723,0.008080590356916557,0.00411477172495472,0.007340407819561586,0.003607337200114624,0.908399942991614
val-gsm8k,e21f6062be8c8538,answer32,calibrated_0.016,1,1.05,0.5971338446836412,0.5989324296531637,0.0022588665990515267,0.0160004055515723,0.00011362341868631485,4.4367845097670246e-05,0.00011362341869049031,4.4367845099407525e-05,1.0000000000367484
val-gsm8k,e21f6062be8c8538,answer32,calibrated_0.016,1,2.0,0.5971338446836412,0.5989324296531637,0.0,0.0160004055515723,4.196129296377463e-15,2.3856150858340125e-15,0.0,0.0,
val-gsm8k,e21f6062be8c8538,answer32,calibrated_0.016,4,1.001,0.056077086285419735,0.057322359432895355,0.45556282134279713,0.0160004055515723,0.008080590356916557,0.00411477172495472,0.00137813220850732,0.0006336510452165063,0.17054845594637918
val-gsm8k,e21f6062be8c8538,answer32,calibrated_0.016,4,1.05,0.056077086285419735,0.057322359432895355,0.0022588665990515267,0.0160004055515723,0.00011362341868631485,4.4367845097670246e-05,0.00011362341869049031,4.4367845099407525e-05,1.0000000000367484
val-gsm8k,e21f6062be8c8538,answer32,calibrated_0.016,4,2.0,0.056077086285419735,0.057322359432895355,0.0,0.0160004055515723,4.196129296377463e-15,2.3856150858340125e-15,0.0,0.0,
val-gsm8k,e21f6062be8c8538,answer32,calibrated_0.016,8,1.001,0.00688579607055187,0.0070565405707436,0.45556282134279713,0.0160004055515723,0.008080590356916557,0.00411477172495472,0.00023931595397101962,7.122752804427333e-05,0.02961614726158935
val-gsm8k,e21f6062be8c8538,answer32,calibrated_0.016,8,1.05,0.00688579607055187,0.0070565405707436,0.0022588665990515267,0.0160004055515723,0.00011362341868631485,4.4367845097670246e-05,0.00011362341869049031,4.4367845099407525e-05,1.0000000000367484
val-gsm8k,e21f6062be8c8538,answer32,calibrated_0.016,8,2.0,0.00688579607055187,0.0070565405707436,0.0,0.0160004055515723,4.196129296377463e-15,2.3856150858340125e-15,0.0,0.0,
val-gsm8k,e21f6062be8c8538,answer32,calibrated_0.016,32,1.001,0.0013587127377357908,0.0013895108186920584,0.45556282134279713,0.0160004055515723,0.008080590356916557,0.00411477172495472,4.7240563126363406e-05,7.804039412209021e-06,0.005846177202378287
val-gsm8k,e21f6062be8c8538,answer32,calibrated_0.016,32,1.05,0.0013587127377357908,0.0013895108186920584,0.0022588665990515267,0.0160004055515723,0.00011362341868631485,4.4367845097670246e-05,1.9873394253968144e-05,5.986683500506189e-06,0.17490579392645714
val-gsm8k,e21f6062be8c8538,answer32,calibrated_0.016,32,2.0,0.0013587127377357908,0.0013895108186920584,0.0,0.0160004055515723,4.196129296377463e-15,2.3856150858340125e-15,0.0,0.0,
val-gsm8k,e21f6062be8c8538,answer32,calibrated_0.016,128,1.001,0.000459227510404042,0.00046920806062921615,0.45556282134279713,0.0160004055515723,0.008080590356916557,0.00411477172495472,1.61083228583299e-05,2.596756511910077e-06,0.001993458664136096
val-gsm8k,e21f6062be8c8538,answer32,calibrated_0.016,128,1.05,0.000459227510404042,0.00046920806062921615,0.0022588665990515267,0.0160004055515723,0.00011362341868631485,4.4367845097670246e-05,6.954534390893679e-06,2.019083346772011e-06,0.06120687505533843
val-gsm8k,e21f6062be8c8538,answer32,calibrated_0.016,128,2.0,0.000459227510404042,0.00046920806062921615,0.0,0.0160004055515723,4.196129296377463e-15,2.3856150858340125e-15,0.0,0.0,
val-gsm8k,e21f6062be8c8538,answer32,calibrated_0.05,1,1.001,0.5971338446836412,0.60329170969166,0.4555722303918351,0.04999970056510749,0.025257124500845524,0.01292151356060815,0.021771009246378318,0.010566127178416729,0.8619749744532279
val-gsm8k,e21f6062be8c8538,answer32,calibrated_0.05,1,1.05,0.5971338446836412,0.60329170969166,0.07807349816919405,0.04999970056510749,0.00641174318231097,0.003172249267482408,0.006411743182306523,0.0031722492674806663,0.9999999999993064
val-gsm8k,e21f6062be8c8538,answer32,calibrated_0.05,1,2.0,0.5971338446836412,0.60329170969166,0.0,0.04999970056510749,5.350152216667933e-15,3.0591312126817885e-15,0.0,0.0,
val-gsm8k,e21f6062be8c8538,answer32,calibrated_0.05,4,1.001,0.056077086285419735,0.06016673061389121,0.4555722303918351,0.04999970056510749,0.025257124500845524,0.01292151356060815,0.00410461117981208,0.0018691199216870219,0.16251300418916143
val-gsm8k,e21f6062be8c8538,answer32,calibrated_0.05,4,1.05,0.056077086285419735,0.06016673061389121,0.07807349816919405,0.04999970056510749,0.00641174318231097,0.003172249267482408,0.004253655810487537,0.0020229150076309325,0.6634164359893157
val-gsm8k,e21f6062be8c8538,answer32,calibrated_0.05,4,2.0,0.056077086285419735,0.06016673061389121,0.0,0.04999970056510749,5.350152216667933e-15,3.0591312126817885e-15,0.0,0.0,
val-gsm8k,e21f6062be8c8538,answer32,calibrated_0.05,8,1.001,0.00688579607055187,0.007463296887719014,0.4555722303918351,0.04999970056510749,0.025257124500845524,0.01292151356060815,0.0007512200370215585,0.00022456383944697626,0.029742896385390592
val-gsm8k,e21f6062be8c8538,answer32,calibrated_0.05,8,1.05,0.00688579607055187,0.007463296887719014,0.07807349816919405,0.04999970056510749,0.00641174318231097,0.003172249267482408,0.0007870746404700161,0.0002551174895973679,0.1227551725155549
val-gsm8k,e21f6062be8c8538,answer32,calibrated_0.05,8,2.0,0.00688579607055187,0.007463296887719014,0.0,0.04999970056510749,5.350152216667933e-15,3.0591312126817885e-15,0.0,0.0,
val-gsm8k,e21f6062be8c8538,answer32,calibrated_0.05,32,1.001,0.0013587127377357908,0.0014640428475528493,0.4555722303918351,0.04999970056510749,0.025257124500845524,0.01292151356060815,0.000146549233574592,2.3584475798910562e-05,0.005802292876597494
val-gsm8k,e21f6062be8c8538,answer32,calibrated_0.05,32,1.05,0.0013587127377357908,0.0014640428475528493,0.07807349816919405,0.04999970056510749,0.00641174318231097,0.003172249267482408,0.00015368386100887447,3.6848234485084964e-05,0.023969123004312618
val-gsm8k,e21f6062be8c8538,answer32,calibrated_0.05,32,2.0,0.0013587127377357908,0.0014640428475528493,0.0,0.04999970056510749,5.350152216667933e-15,3.0591312126817885e-15,0.0,0.0,
val-gsm8k,e21f6062be8c8538,answer32,calibrated_0.05,128,1.001,0.000459227510404042,0.0004935831689032746,0.4555722303918351,0.04999970056510749,0.025257124500845524,0.01292151356060815,4.997895576865214e-05,7.733716693387695e-06,0.0019788062479946605
val-gsm8k,e21f6062be8c8538,answer32,calibrated_0.05,128,1.05,0.000459227510404042,0.0004935831689032746,0.07807349816919405,0.04999970056510749,0.00641174318231097,0.003172249267482408,5.242123158798364e-05,1.2474536968424548e-05,0.008175815858097044
val-gsm8k,e21f6062be8c8538,answer32,calibrated_0.05,128,2.0,0.000459227510404042,0.0004935831689032746,0.0,0.04999970056510749,5.350152216667933e-15,3.0591312126817885e-15,0.0,0.0,
val-gsm8k,e21f6062be8c8538,answer64,real_base_to_step8,1,1.001,7.384785077800356e-05,7.668016122374242e-05,7.381339043676611e-05,5.568202462994942e-06,5.517191434608585e-06,3.153893630432703e-06,2.2682396912119368e-06,1.1820825775687234e-06,0.41112216570619253
val-gsm8k,e21f6062be8c8538,answer64,real_base_to_step8,1,1.05,7.384785077800356e-05,7.668016122374242e-05,2.1413616181562625e-05,5.568202462994942e-06,1.84971712961808e-06,1.141479870498e-06,1.849717212665239e-06,1.1414799377787652e-06,1.000000044897221
val-gsm8k,e21f6062be8c8538,answer64,real_base_to_step8,1,2.0,7.384785077800356e-05,7.668016122374242e-05,0.0,5.568202462994942e-06,8.305104724099049e-14,8.304468232806542e-14,0.0,0.0,
val-gsm8k,e21f6062be8c8538,answer64,real_base_to_step8,4,1.001,1.1687864824933463e-05,1.1855276486861222e-05,7.381339043676611e-05,5.568202462994942e-06,5.517191434608585e-06,3.153893630432703e-06,1.5978129978511253e-07,6.274440194144163e-08,0.028960622751428626
val-gsm8k,e21f6062be8c8538,answer64,real_base_to_step8,4,1.05,1.1687864824933463e-05,1.1855276486861222e-05,2.1413616181562625e-05,5.568202462994942e-06,1.84971712961808e-06,1.141479870498e-06,2.5844291692525287e-08,1.3566994317873626e-08,0.01397202376444526
val-gsm8k,e21f6062be8c8538,answer64,real_base_to_step8,4,2.0,1.1687864824933463e-05,1.1855276486861222e-05,0.0,5.568202462994942e-06,8.305104724099049e-14,8.304468232806542e-14,0.0,0.0,
val-gsm8k,e21f6062be8c8538,answer64,real_base_to_step8,8,1.001,2.9289078182607343e-06,3.0448265430935708e-06,7.381339043676611e-05,5.568202462994942e-06,5.517191434608585e-06,3.153893630432703e-06,4.1505779233318686e-08,8.456146020003831e-09,0.007522990587739738
val-gsm8k,e21f6062be8c8538,answer64,real_base_to_step8,8,1.05,2.9289078182607343e-06,3.0448265430935708e-06,2.1413616181562625e-05,5.568202462994942e-06,1.84971712961808e-06,1.141479870498e-06,2.5844291692525287e-08,1.3566994317873626e-08,0.01397202376444526
val-gsm8k,e21f6062be8c8538,answer64,real_base_to_step8,8,2.0,2.9289078182607343e-06,3.0448265430935708e-06,0.0,5.568202462994942e-06,8.305104724099049e-14,8.304468232806542e-14,0.0,0.0,
val-gsm8k,e21f6062be8c8538,answer64,real_base_to_step8,32,1.001,7.778513457655085e-07,8.138916344723606e-07,7.381339043676611e-05,5.568202462994942e-06,5.517191434608585e-06,3.153893630432703e-06,1.2497779384664129e-08,1.4424435964206523e-09,0.0022652430195311463
val-gsm8k,e21f6062be8c8538,answer64,real_base_to_step8,32,1.05,7.778513457655085e-07,8.138916344723606e-07,2.1413616181562625e-05,5.568202462994942e-06,1.84971712961808e-06,1.141479870498e-06,1.050722341774968e-08,5.358873369492583e-09,0.005680448782954806
val-gsm8k,e21f6062be8c8538,answer64,real_base_to_step8,32,2.0,7.778513457655085e-07,8.138916344723606e-07,0.0,5.568202462994942e-06,8.305104724099049e-14,8.304468232806542e-14,0.0,0.0,
val-gsm8k,e21f6062be8c8538,answer64,real_base_to_step8,128,1.001,2.765910932962363e-07,2.8951255421025587e-07,7.381339043676611e-05,5.568202462994942e-06,5.517191434608585e-06,3.153893630432703e-06,3.753329798911264e-09,2.1085148086587116e-10,0.0006802971844274137
val-gsm8k,e21f6062be8c8538,answer64,real_base_to_step8,128,1.05,2.765910932962363e-07,2.8951255421025587e-07,2.1413616181562625e-05,5.568202462994942e-06,1.84971712961808e-06,1.141479870498e-06,3.0825514782333344e-09,1.5476065258585081e-09,0.001666498854811278
val-gsm8k,e21f6062be8c8538,answer64,real_base_to_step8,128,2.0,2.765910932962363e-07,2.8951255421025587e-07,0.0,5.568202462994942e-06,8.305104724099049e-14,8.304468232806542e-14,0.0,0.0,
val-gsm8k,e21f6062be8c8538,answer64,calibrated_0.016,1,1.001,7.384785077800356e-05,0.015618862807439616,6.087467909853624e-05,0.01600003978209046,0.030628414504888915,0.01741891493113587,9.553010378984262e-05,4.230018815442381e-05,0.0031190025776422115
val-gsm8k,e21f6062be8c8538,answer64,calibrated_0.016,1,1.05,7.384785077800356e-05,0.015618862807439616,6.087319418059604e-05,0.01600003978209046,0.030622542311616107,0.01741582081075027,0.00010020555474350614,4.4380784719442846e-05,0.003272280718034798
val-gsm8k,e21f6062be8c8538,answer64,calibrated_0.016,1,2.0,7.384785077800356e-05,0.015618862807439616,6.05498414133241e-05,0.01600003978209046,0.030508881558041354,0.01735594918956804,0.00019084997519798708,8.474787997260972e-05,0.00625555462709789
val-gsm8k,e21f6062be8c8538,answer64,calibrated_0.016,4,1.001,1.1687864824933463e-05,0.011691914040181902,6.087467909853624e-05,0.01600003978209046,0.030628414504888915,0.01741891493113587,9.421045978654943e-06,3.7849788350319007e-06,0.00030759169649970466
val-gsm8k,e21f6062be8c8538,answer64,calibrated_0.016,4,1.05,1.1687864824933463e-05,0.011691914040181902,6.087319418059604e-05,0.01600003978209046,0.030622542311616107,0.01741582081075027,9.881475446316592e-06,3.980938787631872e-06,0.00032268631865252524
val-gsm8k,e21f6062be8c8538,answer64,calibrated_0.016,4,2.0,1.1687864824933463e-05,0.011691914040181902,6.05498414133241e-05,0.01600003978209046,0.030508881558041354,0.01735594918956804,1.880610253300951e-05,7.850975547263743e-06,0.0006164140267558483
val-gsm8k,e21f6062be8c8538,answer64,calibrated_0.016,8,1.001,2.9289078182607343e-06,0.004034187822622702,6.087467909853624e-05,0.01600003978209046,0.030628414504888915,0.01741891493113587,5.556488710481514e-06,2.496376384397776e-06,0.00018141613923876424
val-gsm8k,e21f6062be8c8538,answer64,calibrated_0.016,8,1.05,2.9289078182607343e-06,0.004034187822622702,6.087319418059604e-05,0.01600003978209046,0.030622542311616107,0.01741582081075027,5.828355561581182e-06,2.6211078371645744e-06,0.00019032892508635057
val-gsm8k,e21f6062be8c8538,answer64,calibrated_0.016,8,2.0,2.9289078182607343e-06,0.004034187822622702,6.05498414133241e-05,0.01600003978209046,0.030508881558041354,0.01735594918956804,1.1098541145629078e-05,5.077136725852631e-06,0.00036378066251018594
val-gsm8k,e21f6062be8c8538,answer64,calibrated_0.016,32,1.001,7.778513457655085e-07,0.0006518091259014911,6.087467909853624e-05,0.01600003978209046,0.030628414504888915,0.01741891493113587,1.3672703757043606e-06,2.654306752949777e-07,4.464058612913563e-05
val-gsm8k,e21f6062be8c8538,answer64,calibrated_0.016,32,1.05,7.778513457655085e-07,0.0006518091259014911,6.087319418059604e-05,0.01600003978209046,0.030622542311616107,0.01741582081075027,1.4341956140171591e-06,2.803562516458705e-07,4.683463572105583e-05
val-gsm8k,e21f6062be8c8538,answer64,calibrated_0.016,32,2.0,7.778513457655085e-07,0.0006518091259014911,6.05498414133241e-05,0.01600003978209046,0.030508881558041354,0.01735594918956804,2.731668718053895e-06,6.0235162264243e-07,8.953683578524686e-05
val-gsm8k,e21f6062be8c8538,answer64,calibrated_0.016,128,1.001,2.765910932962363e-07,0.00038617833254807663,6.087467909853624e-05,0.01600003978209046,0.030628414504888915,0.01741891493113587,4.957663732710863e-07,1.0662285858747255e-07,1.618648504289871e-05
val-gsm8k,e21f6062be8c8538,answer64,calibrated_0.016,128,1.05,2.765910932962363e-07,0.00038617833254807663,6.087319418059604e-05,0.01600003978209046,0.030622542311616107,0.01741582081075027,5.200336913312154e-07,1.1266792466815823e-07,1.6982054789551227e-05
val-gsm8k,e21f6062be8c8538,answer64,calibrated_0.016,128,2.0,2.765910932962363e-07,0.00038617833254807663,6.05498414133241e-05,0.01600003978209046,0.030508881558041354,0.01735594918956804,9.905176382686995e-07,2.3533960233184144e-07,3.2466533929940954e-05
val-gsm8k,e21f6062be8c8538,answer64,calibrated_0.05,1,1.001,7.384785077800356e-05,0.04848252526149307,6.087411250737947e-05,0.04999932547714291,0.09214689772962516,0.052409251050913624,0.00011061186172527054,4.9013523220859576e-05,0.0012003861708923154
val-gsm8k,e21f6062be8c8538,answer64,calibrated_0.05,1,1.05,7.384785077800356e-05,0.04848252526149307,6.085345922918596e-05,0.04999932547714291,0.09214122332337724,0.052406450189416004,0.00011602399215990603,5.1419071128404284e-05,0.0012591974360130888
val-gsm8k,e21f6062be8c8538,answer64,calibrated_0.05,1,2.0,7.384785077800356e-05,0.04848252526149307,6.067976887895006e-05,0.04999932547714291,0.0920313410618075,0.052352221032516,0.00022094745660816438,9.80742046396093e-05,0.0024007849289056633
val-gsm8k,e21f6062be8c8538,answer64,calibrated_0.05,4,1.001,1.1687864824933463e-05,0.04133556048621648,6.087411250737947e-05,0.04999932547714291,0.09214689772962516,0.052409251050913624,1.1761233904228934e-05,5.328846091511327e-06,0.0001276357011902714
val-gsm8k,e21f6062be8c8538,answer64,calibrated_0.05,4,1.05,1.1687864824933463e-05,0.04133556048621648,6.085345922918596e-05,0.04999932547714291,0.09214122332337724,0.052406450189416004,1.2335721581846275e-05,5.596098255139903e-06,0.00013387842202347412
val-gsm8k,e21f6062be8c8538,answer64,calibrated_0.05,4,2.0,1.1687864824933463e-05,0.04133556048621648,6.067976887895006e-05,0.04999932547714291,0.0920313410618075,0.052352221032516,2.3470683414174177e-05,1.0814125196366529e-05,0.0002550292448570477
val-gsm8k,e21f6062be8c8538,answer64,calibrated_0.05,8,1.001,2.9289078182607343e-06,0.020824013069691102,6.087411250737947e-05,0.04999932547714291,0.09214689772962516,0.052409251050913624,5.637420747038002e-06,2.5318817780786085e-06,6.117862766882466e-05
val-gsm8k,e21f6062be8c8538,answer64,calibrated_0.05,8,1.05,2.9289078182607343e-06,0.020824013069691102,6.085345922918596e-05,0.04999932547714291,0.09214122332337724,0.052406450189416004,5.9127580638677035e-06,2.65792057275282e-06,6.417060519281789e-05
val-gsm8k,e21f6062be8c8538,answer64,calibrated_0.05,8,2.0,2.9289078182607343e-06,0.020824013069691102,6.067976887895006e-05,0.04999932547714291,0.0920313410618075,0.052352221032516,1.1248137354293114e-05,5.1291021751768915e-06,0.00012222072637992917
val-gsm8k,e21f6062be8c8538,answer64,calibrated_0.05,32,1.001,7.778513457655085e-07,0.0032698990162930482,6.087411250737947e-05,0.04999932547714291,0.09214689772962516,0.052409251050913624,1.424000171182906e-06,2.8468583686936717e-07,1.5453587763325114e-05
val-gsm8k,e21f6062be8c8538,answer64,calibrated_0.05,32,1.05,7.778513457655085e-07,0.0032698990162930482,6.085345922918596e-05,0.04999932547714291,0.09214122332337724,0.052406450189416004,1.4936881269421832e-06,3.0017700729760595e-07,1.6210856260286032e-05
val-gsm8k,e21f6062be8c8538,answer64,calibrated_0.05,32,2.0,7.778513457655085e-07,0.0032698990162930482,6.067976887895006e-05,0.04999932547714291,0.0920313410618075,0.052352221032516,2.8445051352047547e-06,6.28017045502065e-07,3.090800484255041e-05
val-gsm8k,e21f6062be8c8538,answer64,calibrated_0.05,128,1.001,2.765910932962363e-07,0.0022753729976811737,6.087411250737947e-05,0.04999932547714291,0.09214689772962516,0.052409251050913624,5.141783486140086e-07,1.1787710614669888e-07,5.579985450217719e-06
val-gsm8k,e21f6062be8c8538,answer64,calibrated_0.05,128,1.05,2.765910932962363e-07,0.0022753729976811737,6.085345922918596e-05,0.04999932547714291,0.09214122332337724,0.052406450189416004,5.393426810102175e-07,1.243047987661355e-07,5.853435211266404e-06
val-gsm8k,e21f6062be8c8538,answer64,calibrated_0.05,128,2.0,2.765910932962363e-07,0.0022753729976811737,6.067976887895006e-05,0.04999932547714291,0.0920313410618075,0.052352221032516,1.0271979935987044e-06,2.529957205849039e-07,1.1161393300884821e-05
val-gsm8k,e21f6062be8c8538,answer128,real_base_to_step8,1,1.001,0.2965571095412819,0.2973690286377222,0.16313963904845274,0.006045962977078285,0.004779465316469055,0.0025354054879528345,0.004375371103908194,0.0022036657276461083,0.9154520043971371
val-gsm8k,e21f6062be8c8538,answer128,real_base_to_step8,1,1.05,0.2965571095412819,0.2973690286377222,4.241242312102861e-06,0.006045962977078285,1.519417602852358e-07,8.976801308302832e-08,1.519417678580843e-07,8.97680163475921e-08,1.0000000498404682
val-gsm8k,e21f6062be8c8538,answer128,real_base_to_step8,1,2.0,0.2965571095412819,0.2973690286377222,0.0,0.006045962977078285,7.572916832795272e-15,5.408470061158393e-15,0.0,0.0,
val-gsm8k,e21f6062be8c8538,answer128,real_base_to_step8,4,1.001,0.11265883307377411,0.11223295852579528,0.16313963904845274,0.006045962977078285,0.004779465316469055,0.0025354054879528345,0.0011631839887628116,0.0006139138574351738,0.2433711538306845
val-gsm8k,e21f6062be8c8538,answer128,real_base_to_step8,4,1.05,0.11265883307377411,0.11223295852579528,4.241242312102861e-06,0.006045962977078285,1.519417602852358e-07,8.976801308302832e-08,1.519417678580843e-07,8.97680163475921e-08,1.0000000498404682
val-gsm8k,e21f6062be8c8538,answer128,real_base_to_step8,4,2.0,0.11265883307377411,0.11223295852579528,0.0,0.006045962977078285,7.572916832795272e-15,5.408470061158393e-15,0.0,0.0,
val-gsm8k,e21f6062be8c8538,answer128,real_base_to_step8,8,1.001,0.01094843570221165,0.011093383419490538,0.16313963904845274,0.006045962977078285,0.004779465316469055,0.0025354054879528345,9.270668305449152e-05,2.7119051792111682e-05,0.019396873272632266
val-gsm8k,e21f6062be8c8538,answer128,real_base_to_step8,8,1.05,0.01094843570221165,0.011093383419490538,4.241242312102861e-06,0.006045962977078285,1.519417602852358e-07,8.976801308302832e-08,1.519417678580843e-07,8.97680163475921e-08,1.0000000498404682
val-gsm8k,e21f6062be8c8538,answer128,real_base_to_step8,8,2.0,0.01094843570221165,0.011093383419490538,0.0,0.006045962977078285,7.572916832795272e-15,5.408470061158393e-15,0.0,0.0,
val-gsm8k,e21f6062be8c8538,answer128,real_base_to_step8,32,1.001,0.0006107163946227963,0.0006155556414940462,0.16313963904845274,0.006045962977078285,0.004779465316469055,0.0025354054879528345,8.287965615423464e-06,2.036515156821127e-06,0.0017340779912901215
val-gsm8k,e21f6062be8c8538,answer128,real_base_to_step8,32,1.05,0.0006107163946227963,0.0006155556414940462,4.241242312102861e-06,0.006045962977078285,1.519417602852358e-07,8.976801308302832e-08,1.519417678580843e-07,8.97680163475921e-08,1.0000000498404682
val-gsm8k,e21f6062be8c8538,answer128,real_base_to_step8,32,2.0,0.0006107163946227963,0.0006155556414940462,0.0,0.006045962977078285,7.572916832795272e-15,5.408470061158393e-15,0.0,0.0,
val-gsm8k,e21f6062be8c8538,answer128,real_base_to_step8,128,1.001,0.00011533688211425426,0.00011623342578669716,0.16313963904845274,0.006045962977078285,0.004779465316469055,0.0025354054879528345,1.4576908601544384e-06,2.8923162784953294e-07,0.0003049903626523945
val-gsm8k,e21f6062be8c8538,answer128,real_base_to_step8,128,1.05,0.00011533688211425426,0.00011623342578669716,4.241242312102861e-06,0.006045962977078285,1.519417602852358e-07,8.976801308302832e-08,8.91090366321095e-09,4.238118221079657e-09,0.05864683709391528
val-gsm8k,e21f6062be8c8538,answer128,real_base_to_step8,128,2.0,0.00011533688211425426,0.00011623342578669716,0.0,0.006045962977078285,7.572916832795272e-15,5.408470061158393e-15,0.0,0.0,
val-gsm8k,e21f6062be8c8538,answer128,calibrated_0.016,1,1.001,0.2965571095412819,0.29224420452051453,0.7886933657978528,0.015999808552687556,0.005869144795017173,0.0029350410509713155,0.006500461888506939,0.0036385776531722095,1.1075654316836323
val-gsm8k,e21f6062be8c8538,answer128,calibrated_0.016,1,1.05,0.2965571095412819,0.29224420452051453,0.038982436220460756,0.015999808552687556,0.0015267312884289105,0.0009519533019934468,0.001526731288435654,0.0009519533019963693,1.000000000004417
val-gsm8k,e21f6062be8c8538,answer128,calibrated_0.016,1,2.0,0.2965571095412819,0.29224420452051453,0.0,0.015999808552687556,7.359590812659093e-15,5.290564053848451e-15,0.0,0.0,
val-gsm8k,e21f6062be8c8538,answer128,calibrated_0.016,4,1.001,0.11265883307377411,0.11612659342500324,0.7886933657978528,0.015999808552687556,0.005869144795017173,0.0029350410509713155,0.002985392955415805,0.001638043102264414,0.5086589374912618
val-gsm8k,e21f6062be8c8538,answer128,calibrated_0.016,4,1.05,0.11265883307377411,0.11612659342500324,0.038982436220460756,0.015999808552687556,0.0015267312884289105,0.0009519533019934468,0.001526731288435654,0.0009519533019963693,1.000000000004417
val-gsm8k,e21f6062be8c8538,answer128,calibrated_0.016,4,2.0,0.11265883307377411,0.11612659342500324,0.0,0.015999808552687556,7.359590812659093e-15,5.290564053848451e-15,0.0,0.0,
val-gsm8k,e21f6062be8c8538,answer128,calibrated_0.016,8,1.001,0.01094843570221165,0.010822748780493897,0.7886933657978528,0.015999808552687556,0.005869144795017173,0.0029350410509713155,9.619351122331755e-05,4.100791354469169e-05,0.016389698087698325
val-gsm8k,e21f6062be8c8538,answer128,calibrated_0.016,8,1.05,0.01094843570221165,0.010822748780493897,0.038982436220460756,0.015999808552687556,0.0015267312884289105,0.0009519533019934468,3.6031856418081274e-06,2.12105649966027e-06,0.002360065369142989
val-gsm8k,e21f6062be8c8538,answer128,calibrated_0.016,8,2.0,0.01094843570221165,0.010822748780493897,0.0,0.015999808552687556,7.359590812659093e-15,5.290564053848451e-15,0.0,0.0,
val-gsm8k,e21f6062be8c8538,answer128,calibrated_0.016,32,1.001,0.0006107163946227963,0.000601746806694344,0.7886933657978528,0.015999808552687556,0.005869144795017173,0.0029350410509713155,7.979058638266434e-06,3.104133621052082e-06,0.0013594925524823564
val-gsm8k,e21f6062be8c8538,answer128,calibrated_0.016,32,1.05,0.0006107163946227963,0.000601746806694344,0.038982436220460756,0.015999808552687556,0.0015267312884289105,0.0009519533019934468,1.4565312380585967e-07,7.790721035500591e-08,9.540193805535003e-05
val-gsm8k,e21f6062be8c8538,answer128,calibrated_0.016,32,2.0,0.0006107163946227963,0.000601746806694344,0.0,0.015999808552687556,7.359590812659093e-15,5.290564053848451e-15,0.0,0.0,
val-gsm8k,e21f6062be8c8538,answer128,calibrated_0.016,128,1.001,0.00011533688211425426,0.00011334007156408582,0.7886933657978528,0.015999808552687556,0.005869144795017173,0.0029350410509713155,1.0886602594082468e-06,3.9721842171057535e-07,0.00018548873770033838
val-gsm8k,e21f6062be8c8538,answer128,calibrated_0.016,128,1.05,0.00011533688211425426,0.00011334007156408582,0.038982436220460756,0.015999808552687556,0.0015267312884289105,0.0009519533019934468,3.104005175138613e-08,1.3328870274669701e-08,2.03310510412923e-05
val-gsm8k,e21f6062be8c8538,answer128,calibrated_0.016,128,2.0,0.00011533688211425426,0.00011334007156408582,0.0,0.015999808552687556,7.359590812659093e-15,5.290564053848451e-15,0.0,0.0,
val-gsm8k,e21f6062be8c8538,answer128,calibrated_0.05,1,1.001,0.2965571095412819,0.2841749021421342,0.7886933669360046,0.050000580854795515,0.01972217290356729,0.010112660010633578,0.02196544969490549,0.012479607796827321,1.1137438963904653
val-gsm8k,e21f6062be8c8538,answer128,calibrated_0.05,1,1.05,0.2965571095412819,0.2841749021421342,0.08301104209123805,0.050000580854795515,0.014583962647166084,0.009105349188509936,0.01458396264717631,0.009105349188515128,1.0000000000007012
val-gsm8k,e21f6062be8c8538,answer128,calibrated_0.05,1,2.0,0.2965571095412819,0.2841749021421342,0.0,0.050000580854795515,1.2235459984738888e-14,8.880314554031132e-15,0.0,0.0,
val-gsm8k,e21f6062be8c8538,answer128,calibrated_0.05,4,1.001,0.11265883307377411,0.12427905405136108,0.7886933669360046,0.050000580854795515,0.01972217290356729,0.010112660010633578,0.009681212106477887,0.005318012231881847,0.490879587853465
val-gsm8k,e21f6062be8c8538,answer128,calibrated_0.05,4,1.05,0.11265883307377411,0.12427905405136108,0.08301104209123805,0.050000580854795515,0.014583962647166084,0.009105349188509936,0.010021635935406455,0.005455509597450101,0.6871682393779192
val-gsm8k,e21f6062be8c8538,answer128,calibrated_0.05,4,2.0,0.11265883307377411,0.12427905405136108,0.0,0.050000580854795515,1.2235459984738888e-14,8.880314554031132e-15,0.0,0.0,
val-gsm8k,e21f6062be8c8538,answer128,calibrated_0.05,8,1.001,0.01094843570221165,0.010545716574152045,0.7886933669360046,0.050000580854795515,0.01972217290356729,0.010112660010633578,0.0003203734322917974,0.00013783265670648341,0.016244327329360812
val-gsm8k,e21f6062be8c8538,answer128,calibrated_0.05,8,1.05,0.01094843570221165,0.010545716574152045,0.08301104209123805,0.050000580854795515,0.014583962647166084,0.009105349188509936,0.00014714875375709024,7.021824368407646e-05,0.010089764854525583
val-gsm8k,e21f6062be8c8538,answer128,calibrated_0.05,8,2.0,0.01094843570221165,0.010545716574152045,0.0,0.050000580854795515,1.2235459984738888e-14,8.880314554031132e-15,0.0,0.0,
val-gsm8k,e21f6062be8c8538,answer128,calibrated_0.05,32,1.001,0.0006107163946227963,0.0005831403498642674,0.7886933669360046,0.050000580854795515,0.01972217290356729,0.010112660010633578,2.6383295285170144e-05,1.0350578043778919e-05,0.00133774789492886
val-gsm8k,e21f6062be8c8538,answer128,calibrated_0.05,32,1.05,0.0006107163946227963,0.0005831403498642674,0.08301104209123805,0.050000580854795515,0.014583962647166084,0.009105349188509936,1.0707627611286318e-05,4.2952200946131665e-06,0.0007342056387786344
val-gsm8k,e21f6062be8c8538,answer128,calibrated_0.05,32,2.0,0.0006107163946227963,0.0005831403498642674,0.0,0.050000580854795515,1.2235459984738888e-14,8.880314554031132e-15,0.0,0.0,
val-gsm8k,e21f6062be8c8538,answer128,calibrated_0.05,128,1.001,0.00011533688211425426,0.00010916651673663543,0.7886933669360046,0.050000580854795515,0.01972217290356729,0.010112660010633578,3.6134194380984807e-06,1.3316343658274181e-06,0.0001832160916429698
val-gsm8k,e21f6062be8c8538,answer128,calibrated_0.05,128,1.05,0.00011533688211425426,0.00010916651673663543,0.08301104209123805,0.050000580854795515,0.014583962647166084,0.009105349188509936,1.5607265443647005e-06,5.855947050452076e-07,0.00010701663067328116
val-gsm8k,e21f6062be8c8538,answer128,calibrated_0.05,128,2.0,0.00011533688211425426,0.00010916651673663543,0.0,0.050000580854795515,1.2235459984738888e-14,8.880314554031132e-15,0.0,0.0,
val-gsm8k,e21f6062be8c8538,answer256,real_base_to_step8,1,1.001,0.35916777182755705,0.3585582837333676,0.08545776423227644,0.004274119029397631,0.002638509530905513,0.0016287721193932081,0.0026385095309352296,0.0016287721194058614,1.0000000000112628
val-gsm8k,e21f6062be8c8538,answer256,real_base_to_step8,1,1.05,0.35916777182755705,0.3585582837333676,7.049201330263718e-05,0.004274119029397631,3.300226607008402e-06,2.0036417641024864e-06,3.3002266429820314e-06,2.0036417783314096e-06,1.0000000109003513
val-gsm8k,e21f6062be8c8538,answer256,real_base_to_step8,1,2.0,0.35916777182755705,0.3585582837333676,0.0,0.004274119029397631,3.5979079234790486e-14,2.4937614648703006e-14,0.0,0.0,
val-gsm8k,e21f6062be8c8538,answer256,real_base_to_step8,4,1.001,0.0027076130668417363,0.002727528742715715,0.08545776423227644,0.004274119029397631,0.002638509530905513,0.0016287721193932081,4.4303589447992314e-05,1.657177093286347e-05,0.016791142472313798
val-gsm8k,e21f6062be8c8538,answer256,real_base_to_step8,4,1.05,0.0027076130668417363,0.002727528742715715,7.049201330263718e-05,0.004274119029397631,3.300226607008402e-06,2.0036417641024864e-06,3.3002266429820314e-06,2.0036417783314096e-06,1.0000000109003513
val-gsm8k,e21f6062be8c8538,answer256,real_base_to_step8,4,2.0,0.0027076130668417363,0.002727528742715715,0.0,0.004274119029397631,3.5979079234790486e-14,2.4937614648703006e-14,0.0,0.0,
val-gsm8k,e21f6062be8c8538,answer256,real_base_to_step8,8,1.001,0.0016090978578573386,0.0016127940994804728,0.08545776423227644,0.004274119029397631,0.002638509530905513,0.0016287721193932081,2.534600987196083e-05,1.0072059594866203e-05,0.009606184694456005
val-gsm8k,e21f6062be8c8538,answer256,real_base_to_step8,8,1.05,0.0016090978578573386,0.0016127940994804728,7.049201330263718e-05,0.004274119029397631,3.300226607008402e-06,2.0036417641024864e-06,3.3002266429820314e-06,2.0036417783314096e-06,1.0000000109003513
val-gsm8k,e21f6062be8c8538,answer256,real_base_to_step8,8,2.0,0.0016090978578573386,0.0016127940994804728,0.0,0.004274119029397631,3.5979079234790486e-14,2.4937614648703006e-14,0.0,0.0,
val-gsm8k,e21f6062be8c8538,answer256,real_base_to_step8,32,1.001,6.769816378146696e-05,6.824747288380053e-05,0.08545776423227644,0.004274119029397631,0.002638509530905513,0.0016287721193932081,6.635163298268334e-07,1.5464126251842396e-07,0.00025147391815527023
val-gsm8k,e21f6062be8c8538,answer256,real_base_to_step8,32,1.05,6.769816378146696e-05,6.824747288380053e-05,7.049201330263718e-05,0.004274119029397631,3.300226607008402e-06,2.0036417641024864e-06,9.542916104642405e-09,5.763234193615221e-09,0.0028915941967066596
val-gsm8k,e21f6062be8c8538,answer256,real_base_to_step8,32,2.0,6.769816378146696e-05,6.824747288380053e-05,0.0,0.004274119029397631,3.5979079234790486e-14,2.4937614648703006e-14,0.0,0.0,
val-gsm8k,e21f6062be8c8538,answer256,real_base_to_step8,128,1.001,7.601377367672029e-06,7.647376354536713e-06,0.08545776423227644,0.004274119029397631,0.002638509530905513,0.0016287721193932081,7.516658848800136e-08,1.491216578912685e-08,2.848827628157358e-05
val-gsm8k,e21f6062be8c8538,answer256,real_base_to_step8,128,1.05,7.601377367672029e-06,7.647376354536713e-06,7.049201330263718e-05,0.004274119029397631,3.300226607008402e-06,2.0036417641024864e-06,1.0170016644477489e-10,4.4478349102544625e-11,3.081611615057074e-05
val-gsm8k,e21f6062be8c8538,answer256,real_base_to_step8,128,2.0,7.601377367672029e-06,7.647376354536713e-06,0.0,0.004274119029397631,3.5979079234790486e-14,2.4937614648703006e-14,0.0,0.0,
val-gsm8k,e21f6062be8c8538,answer256,calibrated_0.016,1,1.001,0.35916777182755705,0.3670367178149394,0.33323953601450246,0.015999801417614097,0.010138541732462822,0.00604455975129935,0.0029597607848022085,0.001763678056656605,0.29193160741502744
val-gsm8k,e21f6062be8c8538,answer256,calibrated_0.016,1,1.05,0.35916777182755705,0.3670367178149394,7.976465181238845e-06,0.015999801417614097,4.3306979269846997e-07,1.8199955811629116e-07,4.3306982828068825e-07,1.8199957814393463e-07,1.0000000821627804
val-gsm8k,e21f6062be8c8538,answer256,calibrated_0.016,1,2.0,0.35916777182755705,0.3670367178149394,0.0,0.015999801417614097,3.5582829148456214e-14,2.4478508317668607e-14,0.0,0.0,
val-gsm8k,e21f6062be8c8538,answer256,calibrated_0.016,4,1.001,0.0027076130668417363,0.0026424379086490172,0.33323953601450246,0.015999801417614097,0.010138541732462822,0.00604455975129935,4.391144638961076e-05,2.0045136890589452e-05,0.004331140271288693
val-gsm8k,e21f6062be8c8538,answer256,calibrated_0.016,4,1.05,0.0027076130668417363,0.0026424379086490172,7.976465181238845e-06,0.015999801417614097,4.3306979269846997e-07,1.8199955811629116e-07,4.3306982828068825e-07,1.8199957814393463e-07,1.0000000821627804
val-gsm8k,e21f6062be8c8538,answer256,calibrated_0.016,4,2.0,0.0027076130668417363,0.0026424379086490172,0.0,0.015999801417614097,3.5582829148456214e-14,2.4478508317668607e-14,0.0,0.0,
val-gsm8k,e21f6062be8c8538,answer256,calibrated_0.016,8,1.001,0.0016090978578573386,0.0015592169252462292,0.33323953601450246,0.015999801417614097,0.010138541732462822,0.00604455975129935,1.893085027438621e-05,7.73169340879836e-06,0.0018672162894759411
val-gsm8k,e21f6062be8c8538,answer256,calibrated_0.016,8,1.05,0.0016090978578573386,0.0015592169252462292,7.976465181238845e-06,0.015999801417614097,4.3306979269846997e-07,1.8199955811629116e-07,4.3306982828068825e-07,1.8199957814393463e-07,1.0000000821627804
val-gsm8k,e21f6062be8c8538,answer256,calibrated_0.016,8,2.0,0.0016090978578573386,0.0015592169252462292,0.0,0.015999801417614097,3.5582829148456214e-14,2.4478508317668607e-14,0.0,0.0,
val-gsm8k,e21f6062be8c8538,answer256,calibrated_0.016,32,1.001,6.769816378146696e-05,6.565327970393032e-05,0.33323953601450246,0.015999801417614097,0.010138541732462822,0.00604455975129935,1.7100578764946734e-06,6.584935602378449e-07,0.0001686690178548263
val-gsm8k,e21f6062be8c8538,answer256,calibrated_0.016,32,1.05,6.769816378146696e-05,6.565327970393032e-05,7.976465181238845e-06,0.015999801417614097,4.3306979269846997e-07,1.8199955811629116e-07,4.3306982828068825e-07,1.8199957814393463e-07,1.0000000821627804
val-gsm8k,e21f6062be8c8538,answer256,calibrated_0.016,32,2.0,6.769816378146696e-05,6.565327970393032e-05,0.0,0.015999801417614097,3.5582829148456214e-14,2.4478508317668607e-14,0.0,0.0,
val-gsm8k,e21f6062be8c8538,answer256,calibrated_0.016,128,1.001,7.601377367672029e-06,7.456384349965698e-06,0.33323953601450246,0.015999801417614097,0.010138541732462822,0.00604455975129935,1.9619630288372464e-07,6.860970162004427e-08,1.9351530827704673e-05
val-gsm8k,e21f6062be8c8538,answer256,calibrated_0.016,128,1.05,7.601377367672029e-06,7.456384349965698e-06,7.976465181238845e-06,0.015999801417614097,4.3306979269846997e-07,1.8199955811629116e-07,4.1411526665117304e-08,1.51755703196421e-08,0.09562321677316934
val-gsm8k,e21f6062be8c8538,answer256,calibrated_0.016,128,2.0,7.601377367672029e-06,7.456384349965698e-06,0.0,0.015999801417614097,3.5582829148456214e-14,2.4478508317668607e-14,0.0,0.0,
val-gsm8k,e21f6062be8c8538,answer256,calibrated_0.05,1,1.001,0.35916777182755705,0.38392577872995975,0.33323954025199404,0.049999809601876284,0.03198529094789865,0.01906641166338042,0.00927224794009769,0.005552863430761742,0.28989099880946534
val-gsm8k,e21f6062be8c8538,answer256,calibrated_0.05,1,1.05,0.35916777182755705,0.38392577872995975,0.33312225988461475,0.049999809601876284,0.011572596573437184,0.007830015964817166,0.009487957793803502,0.005790932633244229,0.8198642140158419
val-gsm8k,e21f6062be8c8538,answer256,calibrated_0.05,1,2.0,0.35916777182755705,0.38392577872995975,0.0,0.049999809601876284,3.062574545419436e-14,2.0735166775119716e-14,0.0,0.0,
val-gsm8k,e21f6062be8c8538,answer256,calibrated_0.05,4,1.001,0.0027076130668417363,0.0025223225302459453,0.33323954025199404,0.049999809601876284,0.03198529094789865,0.01906641166338042,0.00014319863537809417,6.483653729387698e-05,0.004477015250896192
val-gsm8k,e21f6062be8c8538,answer256,calibrated_0.05,4,1.05,0.0027076130668417363,0.0025223225302459453,0.33312225988461475,0.049999809601876284,0.011572596573437184,0.007830015964817166,7.724456593145526e-05,3.750477133838434e-05,0.006674782572889154
val-gsm8k,e21f6062be8c8538,answer256,calibrated_0.05,4,2.0,0.0027076130668417363,0.0025223225302459453,0.0,0.049999809601876284,3.062574545419436e-14,2.0735166775119716e-14,0.0,0.0,
val-gsm8k,e21f6062be8c8538,answer256,calibrated_0.05,8,1.001,0.0016090978578573386,0.0014672292807201323,0.33323954025199404,0.049999809601876284,0.03198529094789865,0.01906641166338042,6.151495080067274e-05,2.481053658096109e-05,0.0019232262386130997
val-gsm8k,e21f6062be8c8538,answer256,calibrated_0.05,8,1.05,0.0016090978578573386,0.0014672292807201323,0.33312225988461475,0.049999809601876284,0.011572596573437184,0.007830015964817166,2.4657782345884115e-05,1.0006130454524064e-05,0.0021307043920015
val-gsm8k,e21f6062be8c8538,answer256,calibrated_0.05,8,2.0,0.0016090978578573386,0.0014672292807201323,0.0,0.049999809601876284,3.062574545419436e-14,2.0735166775119716e-14,0.0,0.0,
val-gsm8k,e21f6062be8c8538,answer256,calibrated_0.05,32,1.001,6.769816378146696e-05,6.217982497206416e-05,0.33323954025199404,0.049999809601876284,0.03198529094789865,0.01906641166338042,5.750543353033908e-06,2.188565405779521e-06,0.00017978712034857084
val-gsm8k,e21f6062be8c8538,answer256,calibrated_0.05,32,1.05,6.769816378146696e-05,6.217982497206416e-05,0.33312225988461475,0.049999809601876284,0.011572596573437184,0.007830015964817166,4.071294707749514e-06,1.5825647444370236e-06,0.0003518047727589882
val-gsm8k,e21f6062be8c8538,answer256,calibrated_0.05,32,2.0,6.769816378146696e-05,6.217982497206416e-05,0.0,0.049999809601876284,3.062574545419436e-14,2.0735166775119716e-14,0.0,0.0,
val-gsm8k,e21f6062be8c8538,answer256,calibrated_0.05,128,1.001,7.601377367672029e-06,7.220760675040163e-06,0.33323954025199404,0.049999809601876284,0.03198529094789865,0.01906641166338042,6.561672176709333e-07,2.261249856914437e-07,2.0514655275131764e-05
val-gsm8k,e21f6062be8c8538,answer256,calibrated_0.05,128,1.05,7.601377367672029e-06,7.220760675040163e-06,0.33312225988461475,0.049999809601876284,0.011572596573437184,0.007830015964817166,4.338504654398841e-07,1.5061664647422346e-07,3.748946597133697e-05
val-gsm8k,e21f6062be8c8538,answer256,calibrated_0.05,128,2.0,7.601377367672029e-06,7.220760675040163e-06,0.0,0.049999809601876284,3.062574545419436e-14,2.0735166775119716e-14,0.0,0.0,
val-gsm8k,52bb4e1ef15551fc,prompt,real_base_to_step8,1,1.001,0.0004838121528271243,0.0004762766920344988,9.012122398372545e-05,1.8912449603863797e-05,3.550459967105505e-06,1.7981471735312967e-06,3.5504599637738636e-06,1.7981471702443434e-06,0.9999999990616311
val-gsm8k,52bb4e1ef15551fc,prompt,real_base_to_step8,1,1.05,0.0004838121528271243,0.0004762766920344988,5.100294840234866e-06,1.8912449603863797e-05,2.570810935064612e-07,1.6729777781340633e-07,2.5708109017424225e-07,1.6729777525555233e-07,0.9999999870382575
val-gsm8k,52bb4e1ef15551fc,prompt,real_base_to_step8,1,2.0,0.0004838121528271243,0.0004762766920344988,0.0,1.8912449603863797e-05,3.332255268455987e-15,3.3306691045031836e-15,0.0,0.0,
val-gsm8k,52bb4e1ef15551fc,prompt,real_base_to_step8,4,1.001,0.0002877499071826686,0.00028531519885342127,9.012122398372545e-05,1.8912449603863797e-05,3.550459967105505e-06,1.7981471735312967e-06,3.5504599637738636e-06,1.7981471702443434e-06,0.9999999990616311
val-gsm8k,52bb4e1ef15551fc,prompt,real_base_to_step8,4,1.05,0.0002877499071826686,0.00028531519885342127,5.100294840234866e-06,1.8912449603863797e-05,2.570810935064612e-07,1.6729777781340633e-07,2.5708109017424225e-07,1.6729777525555233e-07,0.9999999870382575
val-gsm8k,52bb4e1ef15551fc,prompt,real_base_to_step8,4,2.0,0.0002877499071826686,0.00028531519885342127,0.0,1.8912449603863797e-05,3.332255268455987e-15,3.3306691045031836e-15,0.0,0.0,
val-gsm8k,52bb4e1ef15551fc,prompt,real_base_to_step8,8,1.001,0.00023411075446068137,0.00023283716738195534,9.012122398372545e-05,1.8912449603863797e-05,3.550459967105505e-06,1.7981471735312967e-06,3.5504599637738636e-06,1.7981471702443434e-06,0.9999999990616311
val-gsm8k,52bb4e1ef15551fc,prompt,real_base_to_step8,8,1.05,0.00023411075446068137,0.00023283716738195534,5.100294840234866e-06,1.8912449603863797e-05,2.570810935064612e-07,1.6729777781340633e-07,2.5708109017424225e-07,1.6729777525555233e-07,0.9999999870382575
val-gsm8k,52bb4e1ef15551fc,prompt,real_base_to_step8,8,2.0,0.00023411075446068137,0.00023283716738195534,0.0,1.8912449603863797e-05,3.332255268455987e-15,3.3306691045031836e-15,0.0,0.0,
val-gsm8k,52bb4e1ef15551fc,prompt,real_base_to_step8,32,1.001,0.00018477030893182083,0.00018359943481745464,9.012122398372545e-05,1.8912449603863797e-05,3.550459967105505e-06,1.7981471735312967e-06,2.474024868492052e-06,1.2385912627908592e-06,0.6968181281900183
val-gsm8k,52bb4e1ef15551fc,prompt,real_base_to_step8,32,1.05,0.00018477030893182083,0.00018359943481745464,5.100294840234866e-06,1.8912449603863797e-05,2.570810935064612e-07,1.6729777781340633e-07,4.2916678274000464e-08,2.1789990235161997e-08,0.16693829051618628
val-gsm8k,52bb4e1ef15551fc,prompt,real_base_to_step8,32,2.0,0.00018477030893182083,0.00018359943481745464,0.0,1.8912449603863797e-05,3.332255268455987e-15,3.3306691045031836e-15,0.0,0.0,
val-gsm8k,52bb4e1ef15551fc,prompt,real_base_to_step8,128,1.001,0.00014063804601860446,0.00013987801638523225,9.012122398372545e-05,1.8912449603863797e-05,3.550459967105505e-06,1.7981471735312967e-06,1.9057028267261848e-06,9.532849130793573e-07,0.5367481521780963
val-gsm8k,52bb4e1ef15551fc,prompt,real_base_to_step8,128,1.05,0.00014063804601860446,0.00013987801638523225,5.100294840234866e-06,1.8912449603863797e-05,2.570810935064612e-07,1.6729777781340633e-07,4.2916678274000464e-08,2.1789990235161997e-08,0.16693829051618628
val-gsm8k,52bb4e1ef15551fc,prompt,real_base_to_step8,128,2.0,0.00014063804601860446,0.00013987801638523225,0.0,1.8912449603863797e-05,3.332255268455987e-15,3.3306691045031836e-15,0.0,0.0,
val-gsm8k,52bb4e1ef15551fc,prompt,calibrated_0.016,1,1.001,0.0004838121528271243,0.014586570915788008,0.0001676752984277969,0.015999975429657136,0.028371447389644196,0.014990657327513025,0.0008311203982373164,0.00032523213331079074,0.029294254424985098
val-gsm8k,52bb4e1ef15551fc,prompt,calibrated_0.016,1,1.05,0.0004838121528271243,0.014586570915788008,0.00014038413624595697,0.015999975429657136,0.028357616909710004,0.014983399248960333,0.0008717514766878787,0.0003427809645649702,0.03074135176674102
val-gsm8k,52bb4e1ef15551fc,prompt,calibrated_0.016,1,2.0,0.0004838121528271243,0.014586570915788008,0.0001301752828024723,0.015999975429657136,0.028106084998720145,0.014857759730081105,0.001659054467291063,0.0006973044365222748,0.05902830178470643
val-gsm8k,52bb4e1ef15551fc,prompt,calibrated_0.016,4,1.001,0.0002877499071826686,0.014205907192002121,0.0001676752984277969,0.015999975429657136,0.028371447389644196,0.014990657327513025,0.00048057458700031603,0.00018480592237099188,0.0169386700791208
val-gsm8k,52bb4e1ef15551fc,prompt,calibrated_0.016,4,1.05,0.0002877499071826686,0.014205907192002121,0.00014038413624595697,0.015999975429657136,0.028357616909710004,0.014983399248960333,0.000504068246159055,0.0001948551919806484,0.017775409258260193
val-gsm8k,52bb4e1ef15551fc,prompt,calibrated_0.016,4,2.0,0.0002877499071826686,0.014205907192002121,0.0001301752828024723,0.015999975429657136,0.028106084998720145,0.014857759730081105,0.0009594017827403686,0.00039492759815680403,0.034135020326881406
val-gsm8k,52bb4e1ef15551fc,prompt,calibrated_0.016,8,1.001,0.00023411075446068137,0.00974885864183364,0.0001676752984277969,0.015999975429657136,0.028371447389644196,0.014990657327513025,0.0004164953976684924,0.0001517014194836542,0.014680089878689675
val-gsm8k,52bb4e1ef15551fc,prompt,calibrated_0.016,8,1.05,0.00023411075446068137,0.00974885864183364,0.00014038413624595697,0.015999975429657136,0.028357616909710004,0.014983399248960333,0.0004368634933473181,0.0001601093744615523,0.015405507971219208
val-gsm8k,52bb4e1ef15551fc,prompt,calibrated_0.016,8,2.0,0.00023411075446068137,0.00974885864183364,0.0001301752828024723,0.015999975429657136,0.028106084998720145,0.014857759730081105,0.0008316491010873988,0.0003285195598278178,0.02958964584093691
val-gsm8k,52bb4e1ef15551fc,prompt,calibrated_0.016,32,1.001,0.00018477030893182083,0.009525194747614204,0.0001676752984277969,0.015999975429657136,0.028371447389644196,0.014990657327513025,0.00032949413608012747,0.00011645573207278558,0.011613582188986081
val-gsm8k,52bb4e1ef15551fc,prompt,calibrated_0.016,32,1.05,0.00018477030893182083,0.009525194747614204,0.00014038413624595697,0.015999975429657136,0.028357616909710004,0.014983399248960333,0.00034560693276925944,0.000122975486637024,0.012187446281881299
val-gsm8k,52bb4e1ef15551fc,prompt,calibrated_0.016,32,2.0,0.00018477030893182083,0.009525194747614204,0.0001301752828024723,0.015999975429657136,0.028106084998720145,0.014857759730081105,0.0006578939244520931,0.00025474809010769784,0.023407526323287336
val-gsm8k,52bb4e1ef15551fc,prompt,calibrated_0.016,128,1.001,0.00014063804601860446,0.00801767134869096,0.0001676752984277969,0.015999975429657136,0.028371447389644196,0.014990657327513025,0.0002525583861466944,8.897370105658564e-05,0.008901850606285254
val-gsm8k,52bb4e1ef15551fc,prompt,calibrated_0.016,128,1.05,0.00014063804601860446,0.00801767134869096,0.00014038413624595697,0.015999975429657136,0.028357616909710004,0.014983399248960333,0.00026491107065785993,9.393495710283058e-05,0.009341795945030594
val-gsm8k,52bb4e1ef15551fc,prompt,calibrated_0.016,128,2.0,0.00014063804601860446,0.00801767134869096,0.0001301752828024723,0.015999975429657136,0.028106084998720145,0.014857759730081105,0.00050432296592581,0.00019489725343560616,0.01794355086981254
val-gsm8k,52bb4e1ef15551fc,prompt,calibrated_0.05,1,1.001,0.0004838121528271243,0.04727545630328006,0.00014052714038832037,0.05000058413168388,0.08972981368791574,0.046970056448215745,0.0008467060841325239,0.00031660329211029753,0.009436173433697355
val-gsm8k,52bb4e1ef15551fc,prompt,calibrated_0.05,1,1.05,0.0004838121528271243,0.04727545630328006,0.00014004680020627023,0.05000058413168388,0.08971678375503256,0.04696360323182629,0.0008879459533964506,0.0003339084544967168,0.009897211159741806
val-gsm8k,52bb4e1ef15551fc,prompt,calibrated_0.05,1,2.0,0.0004838121528271243,0.04727545630328006,0.00013095471980293727,0.05000058413168388,0.08947371203703372,0.04684314930291896,0.0016870246596683398,0.0006746894299314454,0.018854975626473057
val-gsm8k,52bb4e1ef15551fc,prompt,calibrated_0.05,4,1.001,0.0002877499071826686,0.046778438392228124,0.00014052714038832037,0.05000058413168388,0.08972981368791574,0.046970056448215745,0.00048359517570456946,0.00018104896822408785,0.005389459264749338
val-gsm8k,52bb4e1ef15551fc,prompt,calibrated_0.05,4,1.05,0.0002877499071826686,0.046778438392228124,0.00014004680020627023,0.05000058413168388,0.08971678375503256,0.04696360323182629,0.0005071822862664198,0.00019072177420685092,0.005653148330096819
val-gsm8k,52bb4e1ef15551fc,prompt,calibrated_0.05,4,2.0,0.0002877499071826686,0.046778438392228124,0.00013095471980293727,0.05000058413168388,0.08947371203703372,0.04684314930291896,0.0009640202522687203,0.0003827788184069589,0.010774340645101507
val-gsm8k,52bb4e1ef15551fc,prompt,calibrated_0.05,8,1.001,0.00023411075446068137,0.03701906836319466,0.00014052714038832037,0.05000058413168388,0.08972981368791574,0.046970056448215745,0.00042420793408813145,0.00015630306525690006,0.004727614119021192
val-gsm8k,52bb4e1ef15551fc,prompt,calibrated_0.05,8,1.05,0.00023411075446068137,0.03701906836319466,0.00014004680020627023,0.05000058413168388,0.08971678375503256,0.04696360323182629,0.0004449093100488018,0.00016471834417274125,0.004959042125981752
val-gsm8k,52bb4e1ef15551fc,prompt,calibrated_0.05,8,2.0,0.00023411075446068137,0.03701906836319466,0.00013095471980293727,0.05000058413168388,0.08947371203703372,0.04684314930291896,0.0008458968499275032,0.0003323782107712653,0.009454138323638358
val-gsm8k,52bb4e1ef15551fc,prompt,calibrated_0.05,32,1.001,0.00018477030893182083,0.03663953348079249,0.00014052714038832037,0.05000058413168388,0.08972981368791574,0.046970056448215745,0.00033552586099075844,0.00012034684795847483,0.0037392907351589096
val-gsm8k,52bb4e1ef15551fc,prompt,calibrated_0.05,32,1.05,0.00018477030893182083,0.03663953348079249,0.00014004680020627023,0.05000058413168388,0.08971678375503256,0.04696360323182629,0.0003518965381557272,0.00012687897597442145,0.003922304427637131
val-gsm8k,52bb4e1ef15551fc,prompt,calibrated_0.05,32,2.0,0.00018477030893182083,0.03663953348079249,0.00013095471980293727,0.05000058413168388,0.08947371203703372,0.04684314930291896,0.0006689246153844012,0.0002579991336253402,0.007476213964471812
val-gsm8k,52bb4e1ef15551fc,prompt,calibrated_0.05,128,1.001,0.00014063804601860446,0.03268833063490338,0.00014052714038832037,0.05000058413168388,0.08972981368791574,0.046970056448215745,0.00025816359347826317,9.245833863523569e-05,0.002877121693088181
val-gsm8k,52bb4e1ef15551fc,prompt,calibrated_0.05,128,1.05,0.00014063804601860446,0.03268833063490338,0.00014004680020627023,0.05000058413168388,0.08971678375503256,0.04696360323182629,0.00027076444470835006,9.746036555907783e-05,0.003017990986476506
val-gsm8k,52bb4e1ef15551fc,prompt,calibrated_0.05,128,2.0,0.00014063804601860446,0.03268833063490338,0.00013095471980293727,0.05000058413168388,0.08947371203703372,0.04684314930291896,0.0005147742793357631,0.00019839005541729229,0.005753357803269578
val-gsm8k,52bb4e1ef15551fc,answer16,real_base_to_step8,1,1.001,0.07758608023794408,0.07693120704379013,0.015697925958886656,0.0018228698614530068,0.0004649911696469761,0.00023992625749570245,0.0004649911696923839,0.00023992625753502722,1.000000000097653
val-gsm8k,52bb4e1ef15551fc,answer16,real_base_to_step8,1,1.05,0.07758608023794408,0.07693120704379013,1.3285397249765627e-07,0.0018228698614530068,1.3426384228655433e-09,8.822287811106648e-10,1.3426853248480622e-09,8.822592677966833e-10,1.0000349326979774
val-gsm8k,52bb4e1ef15551fc,answer16,real_base_to_step8,1,2.0,0.07758608023794408,0.07693120704379013,0.0,0.0018228698614530068,4.690199563661538e-14,4.3351523538392655e-14,0.0,0.0,
val-gsm8k,52bb4e1ef15551fc,answer16,real_base_to_step8,4,1.001,0.013265634571809915,0.013352557166605078,0.015697925958886656,0.0018228698614530068,0.0004649911696469761,0.00023992625749570245,0.000239967880618252,0.00011794953943057286,0.5160697584868912
val-gsm8k,52bb4e1ef15551fc,answer16,real_base_to_step8,4,1.05,0.013265634571809915,0.013352557166605078,1.3285397249765627e-07,0.0018228698614530068,1.3426384228655433e-09,8.822287811106648e-10,1.3426853248480622e-09,8.822592677966833e-10,1.0000349326979774
val-gsm8k,52bb4e1ef15551fc,answer16,real_base_to_step8,4,2.0,0.013265634571809915,0.013352557166605078,0.0,0.0018228698614530068,4.690199563661538e-14,4.3351523538392655e-14,0.0,0.0,
val-gsm8k,52bb4e1ef15551fc,answer16,real_base_to_step8,8,1.001,0.00404718517512915,0.003969391817723613,0.015697925958886656,0.0018228698614530068,0.0004649911696469761,0.00023992625749570245,5.577562752463766e-05,2.7069887858493304e-05,0.11994986392318553
val-gsm8k,52bb4e1ef15551fc,answer16,real_base_to_step8,8,1.05,0.00404718517512915,0.003969391817723613,1.3285397249765627e-07,0.0018228698614530068,1.3426384228655433e-09,8.822287811106648e-10,1.3426853248480622e-09,8.822592677966833e-10,1.0000349326979774
val-gsm8k,52bb4e1ef15551fc,answer16,real_base_to_step8,8,2.0,0.00404718517512915,0.003969391817723613,0.0,0.0018228698614530068,4.690199563661538e-14,4.3351523538392655e-14,0.0,0.0,
val-gsm8k,52bb4e1ef15551fc,answer16,real_base_to_step8,32,1.001,0.00039589004678055754,0.0003972108605059478,0.015697925958886656,0.0018228698614530068,0.0004649911696469761,0.00023992625749570245,5.070936849531502e-06,2.03711013137931e-06,0.01090544763114832
val-gsm8k,52bb4e1ef15551fc,answer16,real_base_to_step8,32,1.05,0.00039589004678055754,0.0003972108605059478,1.3285397249765627e-07,0.0018228698614530068,1.3426384228655433e-09,8.822287811106648e-10,1.3426853248480622e-09,8.822592677966833e-10,1.0000349326979774
val-gsm8k,52bb4e1ef15551fc,answer16,real_base_to_step8,32,2.0,0.00039589004678055754,0.0003972108605059478,0.0,0.0018228698614530068,4.690199563661538e-14,4.3351523538392655e-14,0.0,0.0,
val-gsm8k,52bb4e1ef15551fc,answer16,real_base_to_step8,128,1.001,6.066248439108786e-05,6.09199292582962e-05,0.015697925958886656,0.0018228698614530068,0.0004649911696469761,0.00023992625749570245,7.021727327796944e-07,2.463780320321677e-07,0.0015100775640810294
val-gsm8k,52bb4e1ef15551fc,answer16,real_base_to_step8,128,1.05,6.066248439108786e-05,6.09199292582962e-05,1.3285397249765627e-07,0.0018228698614530068,1.3426384228655433e-09,8.822287811106648e-10,1.3426853248480622e-09,8.822592677966833e-10,1.0000349326979774
val-gsm8k,52bb4e1ef15551fc,answer16,real_base_to_step8,128,2.0,6.066248439108786e-05,6.09199292582962e-05,0.0,0.0018228698614530068,4.690199563661538e-14,4.3351523538392655e-14,0.0,0.0,
val-gsm8k,52bb4e1ef15551fc,answer16,calibrated_0.016,1,1.001,0.07758608023794408,0.08272421060535966,0.060276910986340936,0.01599989713294125,0.014869231186363322,0.00904923466258102,0.0072076159508937246,0.004207626888606893,0.48473359923974285
val-gsm8k,52bb4e1ef15551fc,answer16,calibrated_0.016,1,1.05,0.07758608023794408,0.08272421060535966,0.060230221413740334,0.01599989713294125,0.00936962738775197,0.005963373348276605,0.00746388091461961,0.004821319970212596,0.7966038141897124
val-gsm8k,52bb4e1ef15551fc,answer16,calibrated_0.016,1,2.0,0.07758608023794408,0.08272421060535966,0.0,0.01599989713294125,6.305773466237285e-14,5.793264479030469e-14,0.0,0.0,
val-gsm8k,52bb4e1ef15551fc,answer16,calibrated_0.016,4,1.001,0.013265634571809915,0.010539871419727693,0.060276910986340936,0.01599989713294125,0.014869231186363322,0.00904923466258102,0.00012652899908780282,7.608598152625971e-05,0.008509451329524251
val-gsm8k,52bb4e1ef15551fc,answer16,calibrated_0.016,4,1.05,0.013265634571809915,0.010539871419727693,0.060230221413740334,0.01599989713294125,0.00936962738775197,0.005963373348276605,8.769987376243128e-05,5.509045039733574e-05,0.009360017227267016
val-gsm8k,52bb4e1ef15551fc,answer16,calibrated_0.016,4,2.0,0.013265634571809915,0.010539871419727693,0.0,0.01599989713294125,6.305773466237285e-14,5.793264479030469e-14,0.0,0.0,
val-gsm8k,52bb4e1ef15551fc,answer16,calibrated_0.016,8,1.001,0.00404718517512915,0.003070726095551386,0.060276910986340936,0.01599989713294125,0.014869231186363322,0.00904923466258102,0.00012652899908780282,7.608598152625971e-05,0.008509451329524251
val-gsm8k,52bb4e1ef15551fc,answer16,calibrated_0.016,8,1.05,0.00404718517512915,0.003070726095551386,0.060230221413740334,0.01599989713294125,0.00936962738775197,0.005963373348276605,8.769987376243128e-05,5.509045039733574e-05,0.009360017227267016
val-gsm8k,52bb4e1ef15551fc,answer16,calibrated_0.016,8,2.0,0.00404718517512915,0.003070726095551386,0.0,0.01599989713294125,6.305773466237285e-14,5.793264479030469e-14,0.0,0.0,
val-gsm8k,52bb4e1ef15551fc,answer16,calibrated_0.016,32,1.001,0.00039589004678055754,0.0003124928749517592,0.060276910986340936,0.01599989713294125,0.014869231186363322,0.00904923466258102,3.3443625445227567e-06,1.6070280586383375e-06,0.00022491832312015536
val-gsm8k,52bb4e1ef15551fc,answer16,calibrated_0.016,32,1.05,0.00039589004678055754,0.0003124928749517592,0.060230221413740334,0.01599989713294125,0.00936962738775197,0.005963373348276605,1.7389324521286749e-06,8.52389722674582e-07,0.00018559248731724563
val-gsm8k,52bb4e1ef15551fc,answer16,calibrated_0.016,32,2.0,0.00039589004678055754,0.0003124928749517592,0.0,0.01599989713294125,6.305773466237285e-14,5.793264479030469e-14,0.0,0.0,
val-gsm8k,52bb4e1ef15551fc,answer16,calibrated_0.016,128,1.001,6.066248439108786e-05,4.975032663041928e-05,0.060276910986340936,0.01599989713294125,0.014869231186363322,0.00904923466258102,1.4585517668408113e-06,6.89400013923356e-07,9.809194225041436e-05
val-gsm8k,52bb4e1ef15551fc,answer16,calibrated_0.016,128,1.05,6.066248439108786e-05,4.975032663041928e-05,0.060230221413740334,0.01599989713294125,0.00936962738775197,0.005963373348276605,8.327041331713492e-07,3.9687432336215634e-07,8.887270525398532e-05
val-gsm8k,52bb4e1ef15551fc,answer16,calibrated_0.016,128,2.0,6.066248439108786e-05,4.975032663041928e-05,0.0,0.01599989713294125,6.305773466237285e-14,5.793264479030469e-14,0.0,0.0,
val-gsm8k,52bb4e1ef15551fc,answer16,calibrated_0.05,1,1.001,0.07758608023794408,0.09733082985967509,0.06027688936465773,0.049999844819885106,0.04730207390172316,0.029055781147049323,0.018254714405240895,0.01077529171946541,0.3859178445995345
val-gsm8k,52bb4e1ef15551fc,answer16,calibrated_0.05,1,1.05,0.07758608023794408,0.09733082985967509,0.06023113822479602,0.049999844819885106,0.041908158511631134,0.02600435221143564,0.019111454841239425,0.011527701307604889,0.45603184487181075
val-gsm8k,52bb4e1ef15551fc,answer16,calibrated_0.05,1,2.0,0.07758608023794408,0.09733082985967509,1.419772524983575e-07,0.049999844819885106,6.527377733212612e-08,3.358774769664455e-08,6.527385505953395e-08,3.358780953253487e-08,1.0000011907907125
val-gsm8k,52bb4e1ef15551fc,answer16,calibrated_0.05,4,1.001,0.013265634571809915,0.007607364515158501,0.06027688936465773,0.049999844819885106,0.04730207390172316,0.029055781147049323,0.0004135598374324137,0.00024903132308354156,0.008742953602661134
val-gsm8k,52bb4e1ef15551fc,answer16,calibrated_0.05,4,1.05,0.013265634571809915,0.007607364515158501,0.06023113822479602,0.049999844819885106,0.041908158511631134,0.02600435221143564,0.00037407330378861866,0.00022797918799378187,0.008926025792443226
val-gsm8k,52bb4e1ef15551fc,answer16,calibrated_0.05,4,2.0,0.013265634571809915,0.007607364515158501,1.419772524983575e-07,0.049999844819885106,6.527377733212612e-08,3.358774769664455e-08,6.527385505953395e-08,3.358780953253487e-08,1.0000011907907125
val-gsm8k,52bb4e1ef15551fc,answer16,calibrated_0.05,8,1.001,0.00404718517512915,0.0020904936070479333,0.06027688936465773,0.049999844819885106,0.04730207390172316,0.029055781147049323,0.0004135598374324137,0.00024903132308354156,0.008742953602661134
val-gsm8k,52bb4e1ef15551fc,answer16,calibrated_0.05,8,1.05,0.00404718517512915,0.0020904936070479333,0.06023113822479602,0.049999844819885106,0.041908158511631134,0.02600435221143564,0.00037407330378861866,0.00022797918799378187,0.008926025792443226
val-gsm8k,52bb4e1ef15551fc,answer16,calibrated_0.05,8,2.0,0.00404718517512915,0.0020904936070479333,1.419772524983575e-07,0.049999844819885106,6.527377733212612e-08,3.358774769664455e-08,6.527385505953395e-08,3.358780953253487e-08,1.0000011907907125
val-gsm8k,52bb4e1ef15551fc,answer16,calibrated_0.05,32,1.001,0.00039589004678055754,0.00022085523622773198,0.06027688936465773,0.049999844819885106,0.04730207390172316,0.029055781147049323,1.0309175463156485e-05,4.8955515145642775e-06,0.0002179434137407014
val-gsm8k,52bb4e1ef15551fc,answer16,calibrated_0.05,32,1.05,0.00039589004678055754,0.00022085523622773198,0.06023113822479602,0.049999844819885106,0.041908158511631134,0.02600435221143564,8.623343468881722e-06,4.113608427230703e-06,0.00020576765420242483
val-gsm8k,52bb4e1ef15551fc,answer16,calibrated_0.05,32,2.0,0.00039589004678055754,0.00022085523622773198,1.419772524983575e-07,0.049999844819885106,6.527377733212612e-08,3.358774769664455e-08,6.527385505953395e-08,3.358780953253487e-08,1.0000011907907125
val-gsm8k,52bb4e1ef15551fc,answer16,calibrated_0.05,128,1.001,6.066248439108786e-05,3.7670342953964595e-05,0.06027688936465773,0.049999844819885106,0.04730207390172316,0.029055781147049323,4.5398977101017455e-06,2.1163453663780003e-06,9.59767159371074e-05
val-gsm8k,52bb4e1ef15551fc,answer16,calibrated_0.05,128,1.05,6.066248439108786e-05,3.7670342953964595e-05,0.06023113822479602,0.049999844819885106,0.041908158511631134,0.02600435221143564,3.832267240720939e-06,1.7918607916580977e-06,9.144441981761944e-05
val-gsm8k,52bb4e1ef15551fc,answer16,calibrated_0.05,128,2.0,6.066248439108786e-05,3.7670342953964595e-05,1.419772524983575e-07,0.049999844819885106,6.527377733212612e-08,3.358774769664455e-08,6.527385505953395e-08,3.358780953253487e-08,1.0000011907907125
val-gsm8k,52bb4e1ef15551fc,answer32,real_base_to_step8,1,1.001,1.2111825804435318e-05,1.2400634408789099e-05,1.0336657533793673e-05,5.727530330003452e-07,5.597960412583284e-07,3.611219315988236e-07,3.197409620294167e-07,1.8423496672083882e-07,0.5711740320826353
val-gsm8k,52bb4e1ef15551fc,answer32,real_base_to_step8,1,1.05,1.2111825804435318e-05,1.2400634408789099e-05,2.6536239468053836e-06,5.727530330003452e-07,1.878536288661496e-07,1.3279521918611232e-07,1.878539861382912e-07,1.327954718816835e-07,1.0000019018644664
val-gsm8k,52bb4e1ef15551fc,answer32,real_base_to_step8,1,2.0,1.2111825804435318e-05,1.2400634408789099e-05,0.0,5.727530330003452e-07,3.57274199658804e-13,3.572697693325291e-13,0.0,0.0,
val-gsm8k,52bb4e1ef15551fc,answer32,real_base_to_step8,4,1.001,2.208587290371466e-06,2.218385789188823e-06,1.0336657533793673e-05,5.727530330003452e-07,5.597960412583284e-07,3.611219315988236e-07,7.690526347812178e-09,2.79295791488773e-09,0.013738086340384176
val-gsm8k,52bb4e1ef15551fc,answer32,real_base_to_step8,4,1.05,2.208587290371466e-06,2.218385789188823e-06,2.6536239468053836e-06,5.727530330003452e-07,1.878536288661496e-07,1.3279521918611232e-07,1.0389216690633897e-10,5.7742679675367755e-11,0.0005530484959668505
val-gsm8k,52bb4e1ef15551fc,answer32,real_base_to_step8,4,2.0,2.208587290371466e-06,2.218385789188823e-06,0.0,5.727530330003452e-07,3.57274199658804e-13,3.572697693325291e-13,0.0,0.0,
val-gsm8k,52bb4e1ef15551fc,answer32,real_base_to_step8,8,1.001,6.067589495918991e-07,6.084040470245255e-07,1.0336657533793673e-05,5.727530330003452e-07,5.597960412583284e-07,3.611219315988236e-07,6.20341997158549e-09,2.6733614565819386e-09,0.011081571705368323
val-gsm8k,52bb4e1ef15551fc,answer32,real_base_to_step8,8,1.05,6.067589495918991e-07,6.084040470245255e-07,2.6536239468053836e-06,5.727530330003452e-07,1.878536288661496e-07,1.3279521918611232e-07,1.0389216690633897e-10,5.7742679675367755e-11,0.0005530484959668505
val-gsm8k,52bb4e1ef15551fc,answer32,real_base_to_step8,8,2.0,6.067589495918991e-07,6.084040470245255e-07,0.0,5.727530330003452e-07,3.57274199658804e-13,3.572697693325291e-13,0.0,0.0,
val-gsm8k,52bb4e1ef15551fc,answer32,real_base_to_step8,32,1.001,8.604777992037002e-08,8.69342575394122e-08,1.0336657533793673e-05,5.727530330003452e-07,5.597960412583284e-07,3.611219315988236e-07,1.001484780131606e-09,1.9591317527388007e-10,0.0017890172604301288
val-gsm8k,52bb4e1ef15551fc,answer32,real_base_to_step8,32,1.05,8.604777992037002e-08,8.69342575394122e-08,2.6536239468053836e-06,5.727530330003452e-07,1.878536288661496e-07,1.3279521918611232e-07,4.4300328407878624e-11,2.4234739956404867e-11,0.0002358236499090668
val-gsm8k,52bb4e1ef15551fc,answer32,real_base_to_step8,32,2.0,8.604777992037002e-08,8.69342575394122e-08,0.0,5.727530330003452e-07,3.57274199658804e-13,3.572697693325291e-13,0.0,0.0,
val-gsm8k,52bb4e1ef15551fc,answer32,real_base_to_step8,128,1.001,2.0552176976165437e-08,2.0856306011001072e-08,1.0336657533793673e-05,5.727530330003452e-07,5.597960412583284e-07,3.611219315988236e-07,2.909462380336104e-10,4.9247718091179995e-11,0.0005197361477934206
val-gsm8k,52bb4e1ef15551fc,answer32,real_base_to_step8,128,1.05,2.0552176976165437e-08,2.0856306011001072e-08,2.6536239468053836e-06,5.727530330003452e-07,1.878536288661496e-07,1.3279521918611232e-07,2.6672222032734416e-11,1.4030747592442527e-11,0.00014198406596520444
val-gsm8k,52bb4e1ef15551fc,answer32,real_base_to_step8,128,2.0,2.0552176976165437e-08,2.0856306011001072e-08,0.0,5.727530330003452e-07,3.57274199658804e-13,3.572697693325291e-13,0.0,0.0,
val-gsm8k,52bb4e1ef15551fc,answer32,calibrated_0.016,1,1.001,1.2111825804435318e-05,0.01572456732986851,8.231381105884464e-09,0.01600037810914727,0.030954430667498655,0.021683053849583456,2.386672014226038e-05,1.665415043474232e-05,0.000771027592095881
val-gsm8k,52bb4e1ef15551fc,answer32,calibrated_0.016,1,1.05,1.2111825804435318e-05,0.01572456732986851,8.229888681398386e-09,0.01600037810914727,0.03095442987363385,0.021683053570582683,2.5034891007036792e-05,1.7472229857082656e-05,0.0008087660186033934
val-gsm8k,52bb4e1ef15551fc,answer32,calibrated_0.016,1,2.0,1.2111825804435318e-05,0.01572456732986851,6.144510328051643e-09,0.01600037810914727,0.030954415184954228,0.021683048365915576,4.768309235032767e-05,3.33332524448229e-05,0.0015404294368159997
val-gsm8k,52bb4e1ef15551fc,answer32,calibrated_0.016,4,1.001,2.208587290371466e-06,0.01572451168778611,8.231381105884464e-09,0.01600037810914727,0.030954430667498655,0.021683053849583456,4.351858130971721e-06,3.023035337822837e-06,0.00014058918342636675
val-gsm8k,52bb4e1ef15551fc,answer32,calibrated_0.016,4,1.05,2.208587290371466e-06,0.01572451168778611,8.229888681398386e-09,0.01600037810914727,0.03095442987363385,0.021683053570582683,4.564841690442072e-06,3.171980039279582e-06,0.0001474697388734748
val-gsm8k,52bb4e1ef15551fc,answer32,calibrated_0.016,4,2.0,2.208587290371466e-06,0.01572451168778611,6.144510328051643e-09,0.01600037810914727,0.030954415184954228,0.021683048365915576,8.694105485012562e-06,6.05994530886823e-06,0.0002808680258717483
val-gsm8k,52bb4e1ef15551fc,answer32,calibrated_0.016,8,1.001,6.067589495918991e-07,0.01572449298514889,8.231381105884464e-09,0.01600037810914727,0.030954430667498655,0.021683053849583456,1.1955708230174385e-06,8.248953600854306e-07,3.862357656840242e-05
val-gsm8k,52bb4e1ef15551fc,answer32,calibrated_0.016,8,1.05,6.067589495918991e-07,0.01572449298514889,8.229888681398386e-09,0.01600037810914727,0.03095442987363385,0.021683053570582683,1.254079598902715e-06,8.656126160176808e-07,4.051373596678342e-05
val-gsm8k,52bb4e1ef15551fc,answer32,calibrated_0.016,8,2.0,6.067589495918991e-07,0.01572449298514889,6.144510328051643e-09,0.01600037810914727,0.030954415184954228,0.021683048365915576,2.388424121842261e-06,1.655252750589774e-06,7.715940060800063e-05
val-gsm8k,52bb4e1ef15551fc,answer32,calibrated_0.016,32,1.001,8.604777992037002e-08,0.01572448408241751,8.231381105884464e-09,0.01600037810914727,0.030954430667498655,0.021683053849583456,1.6969101420000137e-07,1.124094004418367e-07,5.481962050045795e-06
val-gsm8k,52bb4e1ef15551fc,answer32,calibrated_0.016,32,1.05,8.604777992037002e-08,0.01572448408241751,8.229888681398386e-09,0.01600037810914727,0.03095442987363385,0.021683053570582683,1.7799559801498676e-07,1.1795235625314262e-07,5.750246369958137e-06
val-gsm8k,52bb4e1ef15551fc,answer32,calibrated_0.016,32,2.0,8.604777992037002e-08,0.01572448408241751,6.144510328051643e-09,0.01600037810914727,0.030954415184954228,0.021683048365915576,3.389935458463986e-07,2.25612096398347e-07,1.0951379433948104e-05
val-gsm8k,52bb4e1ef15551fc,answer32,calibrated_0.016,128,1.001,2.0552176976165437e-08,0.015723567113169256,8.231381105884464e-09,0.01600037810914727,0.030954430667498655,0.021683053849583456,4.048965259988379e-08,2.659852662157907e-08,1.3080406173451889e-06
val-gsm8k,52bb4e1ef15551fc,answer32,calibrated_0.016,128,1.05,2.0552176976165437e-08,0.015723567113169256,8.229888681398386e-09,0.01600037810914727,0.03095442987363385,0.021683053570582683,4.2471256549808324e-08,2.790885817462595e-08,1.3720574639297168e-06
val-gsm8k,52bb4e1ef15551fc,answer32,calibrated_0.016,128,2.0,2.0552176976165437e-08,0.015723567113169256,6.144510328051643e-09,0.01600037810914727,0.030954415184954228,0.021683048365915576,8.088617051603647e-08,5.339400949223395e-08,2.6130737742172622e-06
val-gsm8k,52bb4e1ef15551fc,answer32,calibrated_0.05,1,1.001,1.2111825804435318e-05,0.0486171917811804,8.23078758269722e-09,0.04999684244434937,0.09250697646056065,0.06499468466839901,2.307476020767654e-05,1.6157089377867223e-05,0.00024943805419382845
val-gsm8k,52bb4e1ef15551fc,answer32,calibrated_0.05,1,1.05,1.2111825804435318e-05,0.0486171917811804,8.227896742440163e-09,0.04999684244434937,0.0925069756934676,0.06499468440898463,2.420395451429952e-05,1.6950226289599254e-05,0.0002616446417457434
val-gsm8k,52bb4e1ef15551fc,answer32,calibrated_0.05,1,2.0,1.2111825804435318e-05,0.0486171917811804,6.144509487393493e-09,0.04999684244434937,0.09250696179493034,0.06499467958300983,4.609646643779749e-05,3.232764185970239e-05,0.0004983026741272106
val-gsm8k,52bb4e1ef15551fc,answer32,calibrated_0.05,4,1.001,2.208587290371466e-06,0.04861714641024454,8.23078758269722e-09,0.04999684244434937,0.09250697646056065,0.06499468466839901,4.209050762378146e-06,2.933703744202118e-06,4.5499819834373565e-05
val-gsm8k,52bb4e1ef15551fc,answer32,calibrated_0.05,4,1.05,2.208587290371466e-06,0.04861714641024454,8.227896742440163e-09,0.04999684244434937,0.0925069756934676,0.06499468440898463,4.414964763909453e-06,3.0781165183675274e-06,4.772574966172218e-05
val-gsm8k,52bb4e1ef15551fc,answer32,calibrated_0.05,4,2.0,2.208587290371466e-06,0.04861714641024454,6.144509487393493e-09,0.04999684244434937,0.09250696179493034,0.06499467958300983,8.407144243913905e-06,5.8782070628442965e-06,9.088120591994884e-05
val-gsm8k,52bb4e1ef15551fc,answer32,calibrated_0.05,8,1.001,6.067589495918991e-07,0.04861712974368546,8.23078758269722e-09,0.04999684244434937,0.09250697646056065,0.06499468466839901,1.1570345619770917e-06,8.008152715383468e-07,1.25075384176066e-05
val-gsm8k,52bb4e1ef15551fc,answer32,calibrated_0.05,8,1.05,6.067589495918991e-07,0.04861712974368546,8.227896742440163e-09,0.04999684244434937,0.0925069756934676,0.06499468440898463,1.2136284867609057e-06,8.40301703746974e-07,1.3119318599090321e-05
val-gsm8k,52bb4e1ef15551fc,answer32,calibrated_0.05,8,2.0,6.067589495918991e-07,0.04861712974368546,6.144509487393493e-09,0.04999684244434937,0.09250696179493034,0.06499467958300983,2.3108268923717785e-06,1.6060750705075772e-06,2.4980032286590767e-05
val-gsm8k,52bb4e1ef15551fc,answer32,calibrated_0.05,32,1.001,8.604777992037002e-08,0.0486171216618358,8.23078758269722e-09,0.04999684244434937,0.09250697646056065,0.06499468466839901,1.6468913475958448e-07,1.0930803268770119e-07,1.7802888069722818e-06
val-gsm8k,52bb4e1ef15551fc,answer32,calibrated_0.05,32,1.05,8.604777992037002e-08,0.0486171216618358,8.227896742440163e-09,0.04999684244434937,0.0925069756934676,0.06499468440898463,1.7274516903339002e-07,1.1469351519748132e-07,1.8673745167694252e-06
val-gsm8k,52bb4e1ef15551fc,answer32,calibrated_0.05,32,2.0,8.604777992037002e-08,0.0486171216618358,6.144509487393493e-09,0.04999684244434937,0.09250696179493034,0.06499467958300983,3.2890284287034157e-07,2.1929750996506741e-07,3.5554388176692496e-06
val-gsm8k,52bb4e1ef15551fc,answer32,calibrated_0.05,128,1.001,2.0552176976165437e-08,0.04861591366201965,8.23078758269722e-09,0.04999684244434937,0.09250697646056065,0.06499468466839901,3.933117612614268e-08,2.5877607842266196e-08,4.2516983724909765e-07
val-gsm8k,52bb4e1ef15551fc,answer32,calibrated_0.05,128,1.05,2.0552176976165437e-08,0.04861591366201965,8.227896742440163e-09,0.04999684244434937,0.0925069756934676,0.06499468440898463,4.125532287381375e-08,2.7151374643992304e-08,4.45969858646314e-07
val-gsm8k,52bb4e1ef15551fc,answer32,calibrated_0.05,128,2.0,2.0552176976165437e-08,0.04861591366201965,6.144509487393493e-09,0.04999684244434937,0.09250696179493034,0.06499467958300983,7.85475263518506e-08,5.192441168068568e-08,8.490985416424652e-07
val-gsm8k,52bb4e1ef15551fc,answer64,real_base_to_step8,1,1.001,0.38830954038247567,0.3892462304363464,0.12509931055194376,0.006144180803302003,0.005162280284075871,0.0032343477667948067,0.004941767628000455,0.0030280431507618776,0.9572838660551553
val-gsm8k,52bb4e1ef15551fc,answer64,real_base_to_step8,1,1.05,0.38830954038247567,0.3892462304363464,0.0,0.006144180803302003,4.668468957700413e-14,3.1376219710346356e-14,0.0,0.0,
val-gsm8k,52bb4e1ef15551fc,answer64,real_base_to_step8,1,2.0,0.38830954038247567,0.3892462304363464,0.0,0.006144180803302003,4.668468957700413e-14,3.1376219710346356e-14,0.0,0.0,
val-gsm8k,52bb4e1ef15551fc,answer64,real_base_to_step8,4,1.001,0.005475144491401729,0.0053550227314517205,0.12509931055194376,0.006144180803302003,0.005162280284075871,0.0032343477667948067,7.727564336399149e-06,3.9199889620474586e-06,0.0014969284717523824
val-gsm8k,52bb4e1ef15551fc,answer64,real_base_to_step8,4,1.05,0.005475144491401729,0.0053550227314517205,0.0,0.006144180803302003,4.668468957700413e-14,3.1376219710346356e-14,0.0,0.0,
val-gsm8k,52bb4e1ef15551fc,answer64,real_base_to_step8,4,2.0,0.005475144491401729,0.0053550227314517205,0.0,0.006144180803302003,4.668468957700413e-14,3.1376219710346356e-14,0.0,0.0,
val-gsm8k,52bb4e1ef15551fc,answer64,real_base_to_step8,8,1.001,0.0003147107809453481,0.0003117745765175486,0.12509931055194376,0.006144180803302003,0.005162280284075871,0.0032343477667948067,1.966199259073417e-06,8.710516764319238e-07,0.00038087805211556763
val-gsm8k,52bb4e1ef15551fc,answer64,real_base_to_step8,8,1.05,0.0003147107809453481,0.0003117745765175486,0.0,0.006144180803302003,4.668468957700413e-14,3.1376219710346356e-14,0.0,0.0,
val-gsm8k,52bb4e1ef15551fc,answer64,real_base_to_step8,8,2.0,0.0003147107809453481,0.0003117745765175486,0.0,0.006144180803302003,4.668468957700413e-14,3.1376219710346356e-14,0.0,0.0,
val-gsm8k,52bb4e1ef15551fc,answer64,real_base_to_step8,32,1.001,3.750235751618852e-05,3.6932937763650774e-05,0.12509931055194376,0.006144180803302003,0.005162280284075871,0.0032343477667948067,6.823966887073807e-08,2.59915861058486e-08,1.3218900391991023e-05
val-gsm8k,52bb4e1ef15551fc,answer64,real_base_to_step8,32,1.05,3.750235751618852e-05,3.6932937763650774e-05,0.0,0.006144180803302003,4.668468957700413e-14,3.1376219710346356e-14,0.0,0.0,
val-gsm8k,52bb4e1ef15551fc,answer64,real_base_to_step8,32,2.0,3.750235751618852e-05,3.6932937763650774e-05,0.0,0.006144180803302003,4.668468957700413e-14,3.1376219710346356e-14,0.0,0.0,
val-gsm8k,52bb4e1ef15551fc,answer64,real_base_to_step8,128,1.001,4.577335055376876e-06,4.521736077453984e-06,0.12509931055194376,0.006144180803302003,0.005162280284075871,0.0032343477667948067,1.1661764810719852e-08,4.269398989547679e-09,2.259033638040343e-06
val-gsm8k,52bb4e1ef15551fc,answer64,real_base_to_step8,128,1.05,4.577335055376876e-06,4.521736077453984e-06,0.0,0.006144180803302003,4.668468957700413e-14,3.1376219710346356e-14,0.0,0.0,
val-gsm8k,52bb4e1ef15551fc,answer64,real_base_to_step8,128,2.0,4.577335055376876e-06,4.521736077453984e-06,0.0,0.006144180803302003,4.668468957700413e-14,3.1376219710346356e-14,0.0,0.0,
val-gsm8k,52bb4e1ef15551fc,answer64,calibrated_0.016,1,1.001,0.38830954038247567,0.38438087597959875,0.7413853613313537,0.016000255315156302,0.005919811587858919,0.0035916070113527253,0.006785702932842753,0.004231886116993642,1.1462700851425256
val-gsm8k,52bb4e1ef15551fc,answer64,calibrated_0.016,1,1.05,0.38830954038247567,0.38438087597959875,3.4718577666348434e-08,0.016000255315156302,4.408324795967356e-10,2.5254148089398704e-10,4.408546594847355e-10,2.5255028267491777e-10,1.000050313642997
val-gsm8k,52bb4e1ef15551fc,answer64,calibrated_0.016,1,2.0,0.38830954038247567,0.38438087597959875,0.0,0.016000255315156302,2.217988963325906e-14,1.4955843653038117e-14,0.0,0.0,
val-gsm8k,52bb4e1ef15551fc,answer64,calibrated_0.016,4,1.001,0.005475144491401729,0.00554481838363605,0.7413853613313537,0.016000255315156302,0.005919811587858919,0.0035916070113527253,6.848422658423449e-05,4.151466970830345e-05,0.01156864970579307
val-gsm8k,52bb4e1ef15551fc,answer64,calibrated_0.016,4,1.05,0.005475144491401729,0.00554481838363605,3.4718577666348434e-08,0.016000255315156302,4.408324795967356e-10,2.5254148089398704e-10,4.408546594847355e-10,2.5255028267491777e-10,1.000050313642997
val-gsm8k,52bb4e1ef15551fc,answer64,calibrated_0.016,4,2.0,0.005475144491401729,0.00554481838363605,0.0,0.016000255315156302,2.217988963325906e-14,1.4955843653038117e-14,0.0,0.0,
val-gsm8k,52bb4e1ef15551fc,answer64,calibrated_0.016,8,1.001,0.0003147107809453481,0.0003160812678170873,0.7413853613313537,0.016000255315156302,0.005919811587858919,0.0035916070113527253,3.8803471653414625e-06,1.2983105580890677e-06,0.0006554849099082407
val-gsm8k,52bb4e1ef15551fc,answer64,calibrated_0.016,8,1.05,0.0003147107809453481,0.0003160812678170873,3.4718577666348434e-08,0.016000255315156302,4.408324795967356e-10,2.5254148089398704e-10,4.408546594847355e-10,2.5255028267491777e-10,1.000050313642997
val-gsm8k,52bb4e1ef15551fc,answer64,calibrated_0.016,8,2.0,0.0003147107809453481,0.0003160812678170873,0.0,0.016000255315156302,2.217988963325906e-14,1.4955843653038117e-14,0.0,0.0,
val-gsm8k,52bb4e1ef15551fc,answer64,calibrated_0.016,32,1.001,3.750235751618852e-05,3.7651018694302206e-05,0.7413853613313537,0.016000255315156302,0.005919811587858919,0.0035916070113527253,4.855085592969677e-07,1.3866231067064968e-07,8.201419117674431e-05
val-gsm8k,52bb4e1ef15551fc,answer64,calibrated_0.016,32,1.05,3.750235751618852e-05,3.7651018694302206e-05,3.4718577666348434e-08,0.016000255315156302,4.408324795967356e-10,2.5254148089398704e-10,4.408546594847355e-10,2.5255028267491777e-10,1.000050313642997
val-gsm8k,52bb4e1ef15551fc,answer64,calibrated_0.016,32,2.0,3.750235751618852e-05,3.7651018694302206e-05,0.0,0.016000255315156302,2.217988963325906e-14,1.4955843653038117e-14,0.0,0.0,
val-gsm8k,52bb4e1ef15551fc,answer64,calibrated_0.016,128,1.001,4.577335055376876e-06,4.599179957380563e-06,0.7413853613313537,0.016000255315156302,0.005919811587858919,0.0035916070113527253,5.979159400139478e-08,1.5216302261663065e-08,1.0100252873591917e-05
val-gsm8k,52bb4e1ef15551fc,answer64,calibrated_0.016,128,1.05,4.577335055376876e-06,4.599179957380563e-06,3.4718577666348434e-08,0.016000255315156302,4.408324795967356e-10,2.5254148089398704e-10,4.408546594847355e-10,2.5255028267491777e-10,1.000050313642997
val-gsm8k,52bb4e1ef15551fc,answer64,calibrated_0.016,128,2.0,4.577335055376876e-06,4.599179957380563e-06,0.0,0.016000255315156302,2.217988963325906e-14,1.4955843653038117e-14,0.0,0.0,
val-gsm8k,52bb4e1ef15551fc,answer64,calibrated_0.05,1,1.001,0.38830954038247567,0.3766380022378055,0.7413854480661549,0.04999883370304929,0.01908542595979843,0.011544278152837187,0.022171410108429167,0.01389330314214973,1.161693228913573
val-gsm8k,52bb4e1ef15551fc,answer64,calibrated_0.05,1,1.05,0.38830954038247567,0.3766380022378055,0.1264536153377519,0.04999883370304929,0.011518063511045087,0.007205706324014936,0.011518063511054189,0.007205706324018724,1.0000000000007903
val-gsm8k,52bb4e1ef15551fc,answer64,calibrated_0.05,1,2.0,0.38830954038247567,0.3766380022378055,0.0,0.04999883370304929,1.2647737891856024e-14,8.565930062368406e-15,0.0,0.0,
val-gsm8k,52bb4e1ef15551fc,answer64,calibrated_0.05,4,1.001,0.005475144491401729,0.005694862540149438,0.7413854480661549,0.04999883370304929,0.01908542595979843,0.011544278152837187,0.00021901501283251522,0.00013317783004675193,0.01147551085806776
val-gsm8k,52bb4e1ef15551fc,answer64,calibrated_0.05,4,1.05,0.005475144491401729,0.005694862540149438,0.1264536153377519,0.04999883370304929,0.011518063511045087,0.007205706324014936,0.00019284756710990665,0.00011453946682704572,0.016743054674510014
val-gsm8k,52bb4e1ef15551fc,answer64,calibrated_0.05,4,2.0,0.005475144491401729,0.005694862540149438,0.0,0.04999883370304929,1.2647737891856024e-14,8.565930062368406e-15,0.0,0.0,
val-gsm8k,52bb4e1ef15551fc,answer64,calibrated_0.05,8,1.001,0.0003147107809453481,0.00031887849078485056,0.7413854480661549,0.04999883370304929,0.01908542595979843,0.011544278152837187,1.2286941956992062e-05,4.060253871550906e-06,0.0006437866245622861
val-gsm8k,52bb4e1ef15551fc,answer64,calibrated_0.05,8,1.05,0.0003147107809453481,0.00031887849078485056,0.1264536153377519,0.04999883370304929,0.011518063511045087,0.007205706324014936,4.880497395407978e-06,2.071932652197363e-06,0.00042372551520729963
val-gsm8k,52bb4e1ef15551fc,answer64,calibrated_0.05,8,2.0,0.0003147107809453481,0.00031887849078485056,0.0,0.04999883370304929,1.2647737891856024e-14,8.565930062368406e-15,0.0,0.0,
val-gsm8k,52bb4e1ef15551fc,answer64,calibrated_0.05,32,1.001,3.750235751618852e-05,3.795453852436342e-05,0.7413854480661549,0.04999883370304929,0.01908542595979843,0.011544278152837187,1.5381441388436816e-06,4.2646840124512043e-07,8.05926020243735e-05
val-gsm8k,52bb4e1ef15551fc,answer64,calibrated_0.05,32,1.05,3.750235751618852e-05,3.795453852436342e-05,0.1264536153377519,0.04999883370304929,0.011518063511045087,0.007205706324014936,4.756248798705289e-07,1.6878634649754956e-07,4.1293823342303596e-05
val-gsm8k,52bb4e1ef15551fc,answer64,calibrated_0.05,32,2.0,3.750235751618852e-05,3.795453852436342e-05,0.0,0.04999883370304929,1.2647737891856024e-14,8.565930062368406e-15,0.0,0.0,
val-gsm8k,52bb4e1ef15551fc,answer64,calibrated_0.05,128,1.001,4.577335055376876e-06,4.645000867281987e-06,0.7413854480661549,0.04999883370304929,0.01908542595979843,0.011544278152837187,1.893029254883021e-07,4.644406361496845e-08,9.918716296248775e-06
val-gsm8k,52bb4e1ef15551fc,answer64,calibrated_0.05,128,1.05,4.577335055376876e-06,4.645000867281987e-06,0.1264536153377519,0.04999883370304929,0.011518063511045087,0.007205706324014936,7.384394162247357e-08,2.5802443693159705e-08,6.411142077108878e-06
val-gsm8k,52bb4e1ef15551fc,answer64,calibrated_0.05,128,2.0,4.577335055376876e-06,4.645000867281987e-06,0.0,0.04999883370304929,1.2647737891856024e-14,8.565930062368406e-15,0.0,0.0,
val-gsm8k,52bb4e1ef15551fc,answer128,real_base_to_step8,1,1.001,0.4117522103233954,0.40734150859594054,0.644138074086452,0.00976405102714252,0.0029647082631206654,0.0017247432261425382,0.0007470701714270956,0.00042935928830804024,0.25198775229260706
val-gsm8k,52bb4e1ef15551fc,answer128,real_base_to_step8,1,1.05,0.4117522103233954,0.40734150859594054,1.2454457054044923e-05,0.00976405102714252,7.292812728944301e-07,4.301129658487099e-07,7.292812607349563e-07,4.3011296150232084e-07,0.9999999833267709
val-gsm8k,52bb4e1ef15551fc,answer128,real_base_to_step8,1,2.0,0.4117522103233954,0.40734150859594054,0.0,0.00976405102714252,1.2159798150503683e-14,7.898636129212236e-15,0.0,0.0,
val-gsm8k,52bb4e1ef15551fc,answer128,real_base_to_step8,4,1.001,0.010026800019913741,0.009977695689516756,0.644138074086452,0.00976405102714252,0.0029647082631206654,0.0017247432261425382,6.410408195449614e-05,3.17902188550438e-05,0.021622391232188183
val-gsm8k,52bb4e1ef15551fc,answer128,real_base_to_step8,4,1.05,0.010026800019913741,0.009977695689516756,1.2454457054044923e-05,0.00976405102714252,7.292812728944301e-07,4.301129658487099e-07,7.292812607349563e-07,4.3011296150232084e-07,0.9999999833267709
val-gsm8k,52bb4e1ef15551fc,answer128,real_base_to_step8,4,2.0,0.010026800019913741,0.009977695689516756,0.0,0.00976405102714252,1.2159798150503683e-14,7.898636129212236e-15,0.0,0.0,
val-gsm8k,52bb4e1ef15551fc,answer128,real_base_to_step8,8,1.001,0.0013533666678724975,0.00135307495814809,0.644138074086452,0.00976405102714252,0.0029647082631206654,0.0017247432261425382,1.3991141121450197e-05,5.246701079513923e-06,0.004719230318710368
val-gsm8k,52bb4e1ef15551fc,answer128,real_base_to_step8,8,1.05,0.0013533666678724975,0.00135307495814809,1.2454457054044923e-05,0.00976405102714252,7.292812728944301e-07,4.301129658487099e-07,7.292812607349563e-07,4.3011296150232084e-07,0.9999999833267709
val-gsm8k,52bb4e1ef15551fc,answer128,real_base_to_step8,8,2.0,0.0013533666678724975,0.00135307495814809,0.0,0.00976405102714252,1.2159798150503683e-14,7.898636129212236e-15,0.0,0.0,
val-gsm8k,52bb4e1ef15551fc,answer128,real_base_to_step8,32,1.001,0.00064529281513492,0.0006439155499395884,0.644138074086452,0.00976405102714252,0.0029647082631206654,0.0017247432261425382,3.843655591153257e-06,1.2762926254690032e-06,0.001296470090823509
val-gsm8k,52bb4e1ef15551fc,answer128,real_base_to_step8,32,1.05,0.00064529281513492,0.0006439155499395884,1.2454457054044923e-05,0.00976405102714252,7.292812728944301e-07,4.301129658487099e-07,1.1091387343878837e-08,6.369356570407553e-09,0.015208655091139866
val-gsm8k,52bb4e1ef15551fc,answer128,real_base_to_step8,32,2.0,0.00064529281513492,0.0006439155499395884,0.0,0.00976405102714252,1.2159798150503683e-14,7.898636129212236e-15,0.0,0.0,
val-gsm8k,52bb4e1ef15551fc,answer128,real_base_to_step8,128,1.001,0.0003191919132418175,0.000318608545076093,0.644138074086452,0.00976405102714252,0.0029647082631206654,0.0017247432261425382,1.6468076591295291e-06,5.368526742068907e-07,0.0005554703913416736
val-gsm8k,52bb4e1ef15551fc,answer128,real_base_to_step8,128,1.05,0.0003191919132418175,0.000318608545076093,1.2454457054044923e-05,0.00976405102714252,7.292812728944301e-07,4.301129658487099e-07,1.1091387343878837e-08,6.369356570407553e-09,0.015208655091139866
val-gsm8k,52bb4e1ef15551fc,answer128,real_base_to_step8,128,2.0,0.0003191919132418175,0.000318608545076093,0.0,0.00976405102714252,1.2159798150503683e-14,7.898636129212236e-15,0.0,0.0,
val-gsm8k,52bb4e1ef15551fc,answer128,calibrated_0.016,1,1.001,0.4117522103233954,0.4164207106605254,0.2936737352135935,0.015999652829312372,0.010813782984528265,0.005892134797370402,0.007221613803434538,0.003597877048708216,0.6678156768789243
val-gsm8k,52bb4e1ef15551fc,answer128,calibrated_0.016,1,1.05,0.4117522103233954,0.4164207106605254,0.050279203436229686,0.015999652829312372,0.0009917597949531706,0.0005540255368790823,0.000991759794951623,0.0005540255368784858,0.9999999999984396
val-gsm8k,52bb4e1ef15551fc,answer128,calibrated_0.016,1,2.0,0.4117522103233954,0.4164207106605254,0.0,0.015999652829312372,1.7318390498664438e-15,1.1060441977397916e-15,0.0,0.0,
val-gsm8k,52bb4e1ef15551fc,answer128,calibrated_0.016,4,1.001,0.010026800019913741,0.010304401263782386,0.2936737352135935,0.015999652829312372,0.010813782984528265,0.005892134797370402,0.00022605550959676153,8.825699096076478e-05,0.020904387476629472
val-gsm8k,52bb4e1ef15551fc,answer128,calibrated_0.016,4,1.05,0.010026800019913741,0.010304401263782386,0.050279203436229686,0.015999652829312372,0.0009917597949531706,0.0005540255368790823,0.00011187697808645604,3.8218744784837345e-05,0.11280652699955306
val-gsm8k,52bb4e1ef15551fc,answer128,calibrated_0.016,4,2.0,0.010026800019913741,0.010304401263782386,0.0,0.015999652829312372,1.7318390498664438e-15,1.1060441977397916e-15,0.0,0.0,
val-gsm8k,52bb4e1ef15551fc,answer128,calibrated_0.016,8,1.001,0.0013533666678724975,0.0014263764738279656,0.2936737352135935,0.015999652829312372,0.010813782984528265,0.005892134797370402,8.433567565144758e-05,1.513292347455713e-05,0.007798905875225181
val-gsm8k,52bb4e1ef15551fc,answer128,calibrated_0.016,8,1.05,0.0013533666678724975,0.0014263764738279656,0.050279203436229686,0.015999652829312372,0.0009917597949531706,0.0005540255368790823,8.84287145632986e-05,2.8378352332677446e-05,0.08916343958818584
val-gsm8k,52bb4e1ef15551fc,answer128,calibrated_0.016,8,2.0,0.0013533666678724975,0.0014263764738279656,0.0,0.015999652829312372,1.7318390498664438e-15,1.1060441977397916e-15,0.0,0.0,
val-gsm8k,52bb4e1ef15551fc,answer128,calibrated_0.016,32,1.001,0.00064529281513492,0.0006739167441707241,0.2936737352135935,0.015999652829312372,0.010813782984528265,0.005892134797370402,4.195440634020734e-05,7.368381173034463e-06,0.003879715951414346
val-gsm8k,52bb4e1ef15551fc,answer128,calibrated_0.016,32,1.05,0.00064529281513492,0.0006739167441707241,0.050279203436229686,0.015999652829312372,0.0009917597949531706,0.0005540255368790823,4.0165404474663295e-05,1.3187727812273173e-05,0.04049912557360711
val-gsm8k,52bb4e1ef15551fc,answer128,calibrated_0.016,32,2.0,0.00064529281513492,0.0006739167441707241,0.0,0.015999652829312372,1.7318390498664438e-15,1.1060441977397916e-15,0.0,0.0,
val-gsm8k,52bb4e1ef15551fc,answer128,calibrated_0.016,128,1.001,0.0003191919132418175,0.0003334743278871842,0.2936737352135935,0.015999652829312372,0.010813782984528265,0.005892134797370402,1.869871797058109e-05,2.845816505205503e-06,0.0017291560222111107
val-gsm8k,52bb4e1ef15551fc,answer128,calibrated_0.016,128,1.05,0.0003191919132418175,0.0003334743278871842,0.050279203436229686,0.015999652829312372,0.0009917597949531706,0.0005540255368790823,1.782896802876231e-05,5.757571508838628e-06,0.01797710304399279
val-gsm8k,52bb4e1ef15551fc,answer128,calibrated_0.016,128,2.0,0.0003191919132418175,0.0003334743278871842,0.0,0.015999652829312372,1.7318390498664438e-15,1.1060441977397916e-15,0.0,0.0,
val-gsm8k,52bb4e1ef15551fc,answer128,calibrated_0.05,1,1.001,0.4117522103233954,0.42685158076621804,0.2936741654270656,0.049999888347452406,0.03411981405983809,0.018634613534872273,0.021589395897264836,0.010827084435706567,0.6327524487502229
val-gsm8k,52bb4e1ef15551fc,answer128,calibrated_0.05,1,1.05,0.4117522103233954,0.42685158076621804,0.28767625613090364,0.049999888347452406,0.014709627422343056,0.008992287145278874,0.01470962742234087,0.00899228714527683,0.9999999999998515
val-gsm8k,52bb4e1ef15551fc,answer128,calibrated_0.05,1,2.0,0.4117522103233954,0.42685158076621804,2.880088259442089e-05,0.049999888347452406,4.9988410976745345e-06,2.250085169334058e-06,4.998841091873827e-06,2.250085166716284e-06,0.9999999988395895
val-gsm8k,52bb4e1ef15551fc,answer128,calibrated_0.05,4,1.001,0.010026800019913741,0.010940979813738207,0.2936741654270656,0.049999888347452406,0.03411981405983809,0.018634613534872273,0.0007253630895237584,0.00028825574644159566,0.02125929198358593
val-gsm8k,52bb4e1ef15551fc,answer128,calibrated_0.05,4,1.05,0.010026800019913741,0.010940979813738207,0.28767625613090364,0.049999888347452406,0.014709627422343056,0.008992287145278874,0.0007603665154104425,0.00027656104018506403,0.05169175898061773
val-gsm8k,52bb4e1ef15551fc,answer128,calibrated_0.05,4,2.0,0.010026800019913741,0.010940979813738207,2.880088259442089e-05,0.049999888347452406,4.9988410976745345e-06,2.250085169334058e-06,4.998841091873827e-06,2.250085166716284e-06,0.9999999988395895
val-gsm8k,52bb4e1ef15551fc,answer128,calibrated_0.05,8,1.001,0.0013533666678724975,0.0016232722677571717,0.2936741654270656,0.049999888347452406,0.03411981405983809,0.018634613534872273,0.0002603887315823995,4.547065129744977e-05,0.007631598786726657
val-gsm8k,52bb4e1ef15551fc,answer128,calibrated_0.05,8,1.05,0.0013533666678724975,0.0016232722677571717,0.28767625613090364,0.049999888347452406,0.014709627422343056,0.008992287145278874,0.0002731077692555576,5.534818008880352e-05,0.01856660005138696
val-gsm8k,52bb4e1ef15551fc,answer128,calibrated_0.05,8,2.0,0.0013533666678724975,0.0016232722677571717,2.880088259442089e-05,0.049999888347452406,4.9988410976745345e-06,2.250085169334058e-06,4.998841091873827e-06,2.250085166716284e-06,0.9999999988395895
val-gsm8k,52bb4e1ef15551fc,answer128,calibrated_0.05,32,1.001,0.00064529281513492,0.0007527340572470741,0.2936741654270656,0.049999888347452406,0.03411981405983809,0.018634613534872273,0.00012860044455223965,2.1365656231474376e-05,0.003769083979376466
val-gsm8k,52bb4e1ef15551fc,answer128,calibrated_0.05,32,1.05,0.00064529281513492,0.0007527340572470741,0.28767625613090364,0.049999888347452406,0.014709627422343056,0.008992287145278874,0.00013488746172634199,2.7959308379944415e-05,0.009170012118828782
val-gsm8k,52bb4e1ef15551fc,answer128,calibrated_0.05,32,2.0,0.00064529281513492,0.0007527340572470741,2.880088259442089e-05,0.049999888347452406,4.9988410976745345e-06,2.250085169334058e-06,3.2930365755961603e-06,1.7029482988173647e-06,0.6587600028190702
val-gsm8k,52bb4e1ef15551fc,answer128,calibrated_0.05,128,1.001,0.0003191919132418175,0.0003711162338518427,0.2936741654270656,0.049999888347452406,0.03411981405983809,0.018634613534872273,5.7036675925431024e-05,8.075731092338629e-06,0.001671658462892036
val-gsm8k,52bb4e1ef15551fc,answer128,calibrated_0.05,128,1.05,0.0003191919132418175,0.0003711162338518427,0.28767625613090364,0.049999888347452406,0.014709627422343056,0.008992287145278874,5.98267675306133e-05,1.1276750045508722e-05,0.004067184423701988
val-gsm8k,52bb4e1ef15551fc,answer128,calibrated_0.05,128,2.0,0.0003191919132418175,0.0003711162338518427,2.880088259442089e-05,0.049999888347452406,4.9988410976745345e-06,2.250085169334058e-06,3.1529235325417386e-07,1.171684596683392e-07,0.06307308976091441
val-gsm8k,52bb4e1ef15551fc,answer256,real_base_to_step8,1,1.001,0.579940118764716,0.5839121237728678,0.15312044383160672,0.024720116058188888,0.02075995385353854,0.011449755754815216,0.0199919169208045,0.0106731305168925,0.9630039190764806
val-gsm8k,52bb4e1ef15551fc,answer256,real_base_to_step8,1,1.05,0.579940118764716,0.5839121237728678,0.13088673368808842,0.024720116058188888,0.009640597382150722,0.005429050986118677,0.009640597382150326,0.005429050986118638,0.9999999999999589
val-gsm8k,52bb4e1ef15551fc,answer256,real_base_to_step8,1,2.0,0.579940118764716,0.5839121237728678,0.0,0.024720116058188888,5.633205401089802e-16,2.5722150685226497e-16,0.0,0.0,
val-gsm8k,52bb4e1ef15551fc,answer256,real_base_to_step8,4,1.001,0.26698439786946937,0.2636220823331874,0.15312044383160672,0.024720116058188888,0.02075995385353854,0.011449755754815216,0.0013858526253286458,0.0004284695006902487,0.06675605519674249
val-gsm8k,52bb4e1ef15551fc,answer256,real_base_to_step8,4,1.05,0.26698439786946937,0.2636220823331874,0.13088673368808842,0.024720116058188888,0.009640597382150722,0.005429050986118677,4.914052164351016e-05,1.616141852584972e-05,0.005097248613918093
val-gsm8k,52bb4e1ef15551fc,answer256,real_base_to_step8,4,2.0,0.26698439786946937,0.2636220823331874,0.0,0.024720116058188888,5.633205401089802e-16,2.5722150685226497e-16,0.0,0.0,
val-gsm8k,52bb4e1ef15551fc,answer256,real_base_to_step8,8,1.001,0.05089030648258141,0.05105540064560868,0.15312044383160672,0.024720116058188888,0.02075995385353854,0.011449755754815216,0.0012654217288930038,0.00037704178807196375,0.060954939390547455
val-gsm8k,52bb4e1ef15551fc,answer256,real_base_to_step8,8,1.05,0.05089030648258141,0.05105540064560868,0.13088673368808842,0.024720116058188888,0.009640597382150722,0.005429050986118677,4.914052164351016e-05,1.616141852584972e-05,0.005097248613918093
val-gsm8k,52bb4e1ef15551fc,answer256,real_base_to_step8,8,2.0,0.05089030648258141,0.05105540064560868,0.0,0.024720116058188888,5.633205401089802e-16,2.5722150685226497e-16,0.0,0.0,
val-gsm8k,52bb4e1ef15551fc,answer256,real_base_to_step8,32,1.001,0.004862145228298374,0.004920042650475336,0.15312044383160672,0.024720116058188888,0.02075995385353854,0.011449755754815216,0.0001025174262870886,1.7819178578945654e-05,0.004938229969601521
val-gsm8k,52bb4e1ef15551fc,answer256,real_base_to_step8,32,1.05,0.004862145228298374,0.004920042650475336,0.13088673368808842,0.024720116058188888,0.009640597382150722,0.005429050986118677,1.6302027561041442e-05,5.288860686241204e-06,0.0016909769088816176
val-gsm8k,52bb4e1ef15551fc,answer256,real_base_to_step8,32,2.0,0.004862145228298374,0.004920042650475336,0.0,0.024720116058188888,5.633205401089802e-16,2.5722150685226497e-16,0.0,0.0,
val-gsm8k,52bb4e1ef15551fc,answer256,real_base_to_step8,128,1.001,0.001316692868503402,0.0013329899463802048,0.15312044383160672,0.024720116058188888,0.02075995385353854,0.011449755754815216,2.351336459554099e-05,2.8025783080723126e-06,0.0011326308700601053
val-gsm8k,52bb4e1ef15551fc,answer256,real_base_to_step8,128,1.05,0.001316692868503402,0.0013329899463802048,0.13088673368808842,0.024720116058188888,0.009640597382150722,0.005429050986118677,1.7174036865243925e-06,4.3896133602726153e-07,0.00017814287003667576
val-gsm8k,52bb4e1ef15551fc,answer256,real_base_to_step8,128,2.0,0.001316692868503402,0.0013329899463802048,0.0,0.024720116058188888,5.633205401089802e-16,2.5722150685226497e-16,0.0,0.0,
val-gsm8k,52bb4e1ef15551fc,answer256,calibrated_0.016,1,1.001,0.579940118764716,0.5829519403642145,0.3660715857488463,0.01600029539767485,0.010190346339975315,0.0043412063900166355,0.009078497512613313,0.0035373235835462627,0.8908919490792601
val-gsm8k,52bb4e1ef15551fc,answer256,calibrated_0.016,1,1.05,0.579940118764716,0.5829519403642145,0.0016928839728699984,0.01600029539767485,0.00012494242942519743,4.877878247225641e-05,0.00012494242942852023,4.8778782473195815e-05,1.0000000000265947
val-gsm8k,52bb4e1ef15551fc,answer256,calibrated_0.016,1,2.0,0.579940118764716,0.5829519403642145,0.0,0.01600029539767485,3.3351114908028853e-15,1.5631937029665167e-15,0.0,0.0,
val-gsm8k,52bb4e1ef15551fc,answer256,calibrated_0.016,4,1.001,0.26698439786946937,0.2669761588905358,0.3660715857488463,0.01600029539767485,0.010190346339975315,0.0043412063900166355,0.004323912850203194,0.0017053708151099681,0.4243146116870517
val-gsm8k,52bb4e1ef15551fc,answer256,calibrated_0.016,4,1.05,0.26698439786946937,0.2669761588905358,0.0016928839728699984,0.01600029539767485,0.00012494242942519743,4.877878247225641e-05,0.00012494242942852023,4.8778782473195815e-05,1.0000000000265947
val-gsm8k,52bb4e1ef15551fc,answer256,calibrated_0.016,4,2.0,0.26698439786946937,0.2669761588905358,0.0,0.01600029539767485,3.3351114908028853e-15,1.5631937029665167e-15,0.0,0.0,
val-gsm8k,52bb4e1ef15551fc,answer256,calibrated_0.016,8,1.001,0.05089030648258141,0.051553982866528424,0.3660715857488463,0.01600029539767485,0.010190346339975315,0.0043412063900166355,0.0011903650286669734,0.00028082608379360424,0.11681300997566064
val-gsm8k,52bb4e1ef15551fc,answer256,calibrated_0.016,8,1.05,0.05089030648258141,0.051553982866528424,0.0016928839728699984,0.01600029539767485,0.00012494242942519743,4.877878247225641e-05,0.00012494242942852023,4.8778782473195815e-05,1.0000000000265947
val-gsm8k,52bb4e1ef15551fc,answer256,calibrated_0.016,8,2.0,0.05089030648258141,0.051553982866528424,0.0,0.01600029539767485,3.3351114908028853e-15,1.5631937029665167e-15,0.0,0.0,
val-gsm8k,52bb4e1ef15551fc,answer256,calibrated_0.016,32,1.001,0.004862145228298374,0.0049053874673168065,0.3660715857488463,0.01600029539767485,0.010190346339975315,0.0043412063900166355,0.00017086379816860694,3.6448718371434794e-05,0.016767221885122
val-gsm8k,52bb4e1ef15551fc,answer256,calibrated_0.016,32,1.05,0.004862145228298374,0.0049053874673168065,0.0016928839728699984,0.01600029539767485,0.00012494242942519743,4.877878247225641e-05,3.6931979340107304e-05,1.250846542686783e-05,0.29559197391962305
val-gsm8k,52bb4e1ef15551fc,answer256,calibrated_0.016,32,2.0,0.004862145228298374,0.0049053874673168065,0.0,0.01600029539767485,3.3351114908028853e-15,1.5631937029665167e-15,0.0,0.0,
val-gsm8k,52bb4e1ef15551fc,answer256,calibrated_0.016,128,1.001,0.001316692868503402,0.0013245910360415692,0.3660715857488463,0.01600029539767485,0.010190346339975315,0.0043412063900166355,4.1918204209842755e-05,8.538865502353037e-06,0.00411352105329369
val-gsm8k,52bb4e1ef15551fc,answer256,calibrated_0.016,128,1.05,0.001316692868503402,0.0013245910360415692,0.0016928839728699984,0.01600029539767485,0.00012494242942519743,4.877878247225641e-05,8.338001635963665e-06,2.045669952049456e-06,0.06673474875046828
val-gsm8k,52bb4e1ef15551fc,answer256,calibrated_0.016,128,2.0,0.001316692868503402,0.0013245910360415692,0.0,0.01600029539767485,3.3351114908028853e-15,1.5631937029665167e-15,0.0,0.0,
val-gsm8k,52bb4e1ef15551fc,answer256,calibrated_0.05,1,1.001,0.579940118764716,0.5897248776282853,0.36607242767752357,0.04999931264179234,0.03210849086375059,0.013759414064577612,0.02780031543869853,0.010750784216725907,0.8658244187391615
val-gsm8k,52bb4e1ef15551fc,answer256,calibrated_0.05,1,1.05,0.579940118764716,0.5897248776282853,0.31151850723130187,0.04999931264179234,0.014167961377844814,0.0062698409884172105,0.014167961377842608,0.006269840988416483,0.9999999999998442
val-gsm8k,52bb4e1ef15551fc,answer256,calibrated_0.05,1,2.0,0.579940118764716,0.5897248776282853,0.0,0.04999931264179234,3.66038591096567e-15,1.6999004425591285e-15,0.0,0.0,
val-gsm8k,52bb4e1ef15551fc,answer256,calibrated_0.05,4,1.001,0.26698439786946937,0.2671139185323101,0.36607242767752357,0.04999931264179234,0.03210849086375059,0.013759414064577612,0.013920320126225938,0.005473725625300352,0.4335401556334593
val-gsm8k,52bb4e1ef15551fc,answer256,calibrated_0.05,4,1.05,0.26698439786946937,0.2671139185323101,0.31151850723130187,0.04999931264179234,0.014167961377844814,0.0062698409884172105,0.005936407807734214,0.002129325176841684,0.41900225794074275
val-gsm8k,52bb4e1ef15551fc,answer256,calibrated_0.05,4,2.0,0.26698439786946937,0.2671139185323101,0.0,0.04999931264179234,3.66038591096567e-15,1.6999004425591285e-15,0.0,0.0,
val-gsm8k,52bb4e1ef15551fc,answer256,calibrated_0.05,8,1.001,0.05089030648258141,0.053075026287703594,0.36607242767752357,0.04999931264179234,0.03210849086375059,0.013759414064577612,0.0036050644567867875,0.0008439076505997647,0.11227760507600762
val-gsm8k,52bb4e1ef15551fc,answer256,calibrated_0.05,8,1.05,0.05089030648258141,0.053075026287703594,0.31151850723130187,0.04999931264179234,0.014167961377844814,0.0062698409884172105,0.0032407455418807063,0.0009423273112435553,0.22873760419395484
val-gsm8k,52bb4e1ef15551fc,answer256,calibrated_0.05,8,2.0,0.05089030648258141,0.053075026287703594,0.0,0.04999931264179234,3.66038591096567e-15,1.6999004425591285e-15,0.0,0.0,
val-gsm8k,52bb4e1ef15551fc,answer256,calibrated_0.05,32,1.001,0.004862145228298374,0.005020549166284567,0.36607242767752357,0.04999931264179234,0.03210849086375059,0.013759414064577612,0.0005290136428472442,0.00010956530575813624,0.016475817723482077
val-gsm8k,52bb4e1ef15551fc,answer256,calibrated_0.05,32,1.05,0.004862145228298374,0.005020549166284567,0.31151850723130187,0.04999931264179234,0.014167961377844814,0.0062698409884172105,0.00046268021373899225,0.00012056899432080469,0.03265679524384571
val-gsm8k,52bb4e1ef15551fc,answer256,calibrated_0.05,32,2.0,0.004862145228298374,0.005020549166284567,0.0,0.04999931264179234,3.66038591096567e-15,1.6999004425591285e-15,0.0,0.0,
val-gsm8k,52bb4e1ef15551fc,answer256,calibrated_0.05,128,1.001,0.001316692868503402,0.0013469665038254564,0.36607242767752357,0.04999931264179234,0.03210849086375059,0.013759414064577612,0.000130064105428314,2.4805797435223744e-05,0.004050769809774897
val-gsm8k,52bb4e1ef15551fc,answer256,calibrated_0.05,128,1.05,0.001316692868503402,0.0013469665038254564,0.31151850723130187,0.04999931264179234,0.014167961377844814,0.0062698409884172105,0.00010233443644820494,2.420465449108417e-05,0.007222947163607509
val-gsm8k,52bb4e1ef15551fc,answer256,calibrated_0.05,128,2.0,0.001316692868503402,0.0013469665038254564,0.0,0.04999931264179234,3.66038591096567e-15,1.6999004425591285e-15,0.0,0.0,
val-gsm8k,c75896d63fe7da0a,prompt,real_base_to_step8,1,1.001,0.0006911876593382006,0.0006723023576446668,6.53871494332813e-05,4.02044811645552e-05,1.937543231203483e-06,9.745642915754006e-07,1.9375432272045338e-06,9.745642876047634e-07,0.9999999979360722
val-gsm8k,c75896d63fe7da0a,prompt,real_base_to_step8,1,1.05,0.0006911876593382006,0.0006723023576446668,1.945403914504231e-06,4.02044811645552e-05,1.08123367554485e-07,6.85365417624563e-08,1.0812336355502283e-07,6.85365386118894e-08,0.999999963010196
val-gsm8k,c75896d63fe7da0a,prompt,real_base_to_step8,1,2.0,0.0006911876593382006,0.0006723023576446668,0.0,4.02044811645552e-05,3.9994790093732234e-15,3.996803061581833e-15,0.0,0.0,
val-gsm8k,c75896d63fe7da0a,prompt,real_base_to_step8,4,1.001,0.0003012349884751236,0.00029469124032837474,6.53871494332813e-05,4.02044811645552e-05,1.937543231203483e-06,9.745642915754006e-07,1.9375432272045338e-06,9.745642876047634e-07,0.9999999979360722
val-gsm8k,c75896d63fe7da0a,prompt,real_base_to_step8,4,1.05,0.0003012349884751236,0.00029469124032837474,1.945403914504231e-06,4.02044811645552e-05,1.08123367554485e-07,6.85365417624563e-08,1.0812336355502283e-07,6.85365386118894e-08,0.999999963010196
val-gsm8k,c75896d63fe7da0a,prompt,real_base_to_step8,4,2.0,0.0003012349884751236,0.00029469124032837474,0.0,4.02044811645552e-05,3.9994790093732234e-15,3.996803061581833e-15,0.0,0.0,
val-gsm8k,c75896d63fe7da0a,prompt,real_base_to_step8,8,1.001,0.00023562537607099536,0.00023154534476697316,6.53871494332813e-05,4.02044811645552e-05,1.937543231203483e-06,9.745642915754006e-07,1.919760484284295e-06,9.656882531494733e-07,0.9908220128290285
val-gsm8k,c75896d63fe7da0a,prompt,real_base_to_step8,8,1.05,0.00023562537607099536,0.00023154534476697316,1.945403914504231e-06,4.02044811645552e-05,1.08123367554485e-07,6.85365417624563e-08,1.0812336355502283e-07,6.85365386118894e-08,0.999999963010196
val-gsm8k,c75896d63fe7da0a,prompt,real_base_to_step8,8,2.0,0.00023562537607099536,0.00023154534476697316,0.0,4.02044811645552e-05,3.9994790093732234e-15,3.996803061581833e-15,0.0,0.0,
val-gsm8k,c75896d63fe7da0a,prompt,real_base_to_step8,32,1.001,0.00018403418019990152,0.0001812893535028901,6.53871494332813e-05,4.02044811645552e-05,1.937543231203483e-06,9.745642915754006e-07,1.8244179817293514e-06,9.172742529927686e-07,0.9416140772230073
val-gsm8k,c75896d63fe7da0a,prompt,real_base_to_step8,32,1.05,0.00018403418019990152,0.0001812893535028901,1.945403914504231e-06,4.02044811645552e-05,1.08123367554485e-07,6.85365417624563e-08,1.0812336355502283e-07,6.85365386118894e-08,0.999999963010196
val-gsm8k,c75896d63fe7da0a,prompt,real_base_to_step8,32,2.0,0.00018403418019990152,0.0001812893535028901,0.0,4.02044811645552e-05,3.9994790093732234e-15,3.996803061581833e-15,0.0,0.0,
val-gsm8k,c75896d63fe7da0a,prompt,real_base_to_step8,128,1.001,0.00013947378938728211,0.0001373482108820279,6.53871494332813e-05,4.02044811645552e-05,1.937543231203483e-06,9.745642915754006e-07,1.2001899074293463e-06,6.004727206028177e-07,0.619439033979057
val-gsm8k,c75896d63fe7da0a,prompt,real_base_to_step8,128,1.05,0.00013947378938728211,0.0001373482108820279,1.945403914504231e-06,4.02044811645552e-05,1.08123367554485e-07,6.85365417624563e-08,2.3941765437816704e-08,1.22465380858144e-08,0.2214300754714478
val-gsm8k,c75896d63fe7da0a,prompt,real_base_to_step8,128,2.0,0.00013947378938728211,0.0001373482108820279,0.0,4.02044811645552e-05,3.9994790093732234e-15,3.996803061581833e-15,0.0,0.0,
val-gsm8k,c75896d63fe7da0a,prompt,calibrated_0.016,1,1.001,0.0006911876593382006,0.014724647880284866,0.00014990245548268574,0.01600002376731028,0.02858842764236312,0.01500769958691949,0.0011648651997327123,0.0005000677022525751,0.04074603942213957
val-gsm8k,c75896d63fe7da0a,prompt,calibrated_0.016,1,1.05,0.0006911876593382006,0.014724647880284866,0.0001483527482723567,0.01600002376731028,0.02857408589982614,0.015000246906867805,0.0012217905164247892,0.0005275993841172772,0.0427586912389111
val-gsm8k,c75896d63fe7da0a,prompt,calibrated_0.016,1,2.0,0.0006911876593382006,0.014724647880284866,0.00012965686136467156,0.01600002376731028,0.028317058709687877,0.014865775271639766,0.002325139501834444,0.0010717560224273366,0.08211091150646108
val-gsm8k,c75896d63fe7da0a,prompt,calibrated_0.016,4,1.001,0.0003012349884751236,0.010535875723397804,0.00014990245548268574,0.01600002376731028,0.02858842764236312,0.01500769958691949,0.0004999574767506738,0.00015710391794616,0.017488106831374767
val-gsm8k,c75896d63fe7da0a,prompt,calibrated_0.016,4,1.05,0.0003012349884751236,0.010535875723397804,0.0001483527482723567,0.01600002376731028,0.02857408589982614,0.015000246906867805,0.0005243871247154005,0.00016680178148390214,0.018351842524508936
val-gsm8k,c75896d63fe7da0a,prompt,calibrated_0.016,4,2.0,0.0003012349884751236,0.010535875723397804,0.00012965686136467156,0.01600002376731028,0.028317058709687877,0.014865775271639766,0.000997811518632174,0.00036535905261373005,0.035237117274853166
val-gsm8k,c75896d63fe7da0a,prompt,calibrated_0.016,8,1.001,0.00023562537607099536,0.009330836535997877,0.00014990245548268574,0.01600002376731028,0.02858842764236312,0.01500769958691949,0.0004018378317139548,0.00011703177531456534,0.014055961270094492
val-gsm8k,c75896d63fe7da0a,prompt,calibrated_0.016,8,1.05,0.00023562537607099536,0.009330836535997877,0.0001483527482723567,0.01600002376731028,0.02857408589982614,0.015000246906867805,0.00042148046400951723,0.00012420434815221595,0.014750444353220123
val-gsm8k,c75896d63fe7da0a,prompt,calibrated_0.016,8,2.0,0.00023562537607099536,0.009330836535997877,0.00012965686136467156,0.01600002376731028,0.028317058709687877,0.014865775271639766,0.0008021215173361346,0.0002735108545956156,0.028326441865295548
val-gsm8k,c75896d63fe7da0a,prompt,calibrated_0.016,32,1.001,0.00018403418019990152,0.008789754534463847,0.00014990245548268574,0.01600002376731028,0.02858842764236312,0.01500769958691949,0.00031528240859784686,8.914714681022918e-05,0.011028322807465378
val-gsm8k,c75896d63fe7da0a,prompt,calibrated_0.016,32,1.05,0.00018403418019990152,0.008789754534463847,0.0001483527482723567,0.01600002376731028,0.02857408589982614,0.015000246906867805,0.0003306979254696982,9.449288701610891e-05,0.011573350994640578
val-gsm8k,c75896d63fe7da0a,prompt,calibrated_0.016,32,2.0,0.00018403418019990152,0.008789754534463847,0.00012965686136467156,0.01600002376731028,0.028317058709687877,0.014865775271639766,0.0006293951826477713,0.00020812489649205422,0.022226714613987845
val-gsm8k,c75896d63fe7da0a,prompt,calibrated_0.016,128,1.001,0.00013947378938728211,0.007678625497067793,0.00014990245548268574,0.01600002376731028,0.02858842764236312,0.01500769958691949,0.0002394226702767894,6.703468728178057e-05,0.008374810719635601
val-gsm8k,c75896d63fe7da0a,prompt,calibrated_0.016,128,1.05,0.00013947378938728211,0.007678625497067793,0.0001483527482723567,0.01600002376731028,0.02857408589982614,0.015000246906867805,0.00025113046169966343,7.107616518384055e-05,0.008788748748781198
val-gsm8k,c75896d63fe7da0a,prompt,calibrated_0.016,128,2.0,0.00013947378938728211,0.007678625497067793,0.00012965686136467156,0.01600002376731028,0.028317058709687877,0.014865775271639766,0.0004780261757962993,0.00015548593531012324,0.01688120862753151
val-gsm8k,c75896d63fe7da0a,prompt,calibrated_0.05,1,1.001,0.0006911876593382006,0.047367709528599325,0.00014865666742152445,0.049999094835473,0.08986999985483113,0.04672430897709114,0.0011628660980672828,0.000495487343345128,0.012939424723997825
val-gsm8k,c75896d63fe7da0a,prompt,calibrated_0.05,1,1.05,0.0006911876593382006,0.047367709528599325,0.00014805734920315199,0.049999094835473,0.08985624943100139,0.046717269143797514,0.0012195512545674259,0.0005220232763234001,0.013572247476274783
val-gsm8k,c75896d63fe7da0a,prompt,calibrated_0.05,1,2.0,0.0006911876593382006,0.047367709528599325,0.0001319688790025347,0.049999094835473,0.08960768658017552,0.046589331518777845,0.0023176811542355044,0.0010451454211881522,0.025864758289031196
val-gsm8k,c75896d63fe7da0a,prompt,calibrated_0.05,4,1.001,0.0003012349884751236,0.03852261225478901,0.00014865666742152445,0.049999094835473,0.08986999985483113,0.04672430897709114,0.0005154567592465943,0.00016818194406857865,0.00573558206386138
val-gsm8k,c75896d63fe7da0a,prompt,calibrated_0.05,4,1.05,0.0003012349884751236,0.03852261225478901,0.00014805734920315199,0.049999094835473,0.08985624943100139,0.046717269143797514,0.0005405515229698038,0.00017795559208588253,0.006015736539113857
val-gsm8k,c75896d63fe7da0a,prompt,calibrated_0.05,4,2.0,0.0003012349884751236,0.03852261225478901,0.0001319688790025347,0.049999094835473,0.08960768658017552,0.046589331518777845,0.0010263876356316807,0.0003760023752300499,0.011454236514780808
val-gsm8k,c75896d63fe7da0a,prompt,calibrated_0.05,8,1.001,0.00023562537607099536,0.036037551850965466,0.00014865666742152445,0.049999094835473,0.08986999985483113,0.04672430897709114,0.0004188763980581172,0.00012662214149588655,0.0046609146404221315
val-gsm8k,c75896d63fe7da0a,prompt,calibrated_0.05,8,1.05,0.00023562537607099536,0.036037551850965466,0.00014805734920315199,0.049999094835473,0.08985624943100139,0.046717269143797514,0.0004392858221263931,0.00013393872921953667,0.0048887620494744875
val-gsm8k,c75896d63fe7da0a,prompt,calibrated_0.05,8,2.0,0.00023562537607099536,0.036037551850965466,0.0001319688790025347,0.049999094835473,0.08960768658017552,0.046589331518777845,0.0008343324944222953,0.0002840484731051599,0.009310947824501476
val-gsm8k,c75896d63fe7da0a,prompt,calibrated_0.05,32,1.001,0.00018403418019990152,0.03489636701537349,0.00014865666742152445,0.049999094835473,0.08986999985483113,0.04672430897709114,0.00032893346417537593,9.68058941121859e-05,0.003660103090093568
val-gsm8k,c75896d63fe7da0a,prompt,calibrated_0.05,32,1.05,0.00018403418019990152,0.03489636701537349,0.00014805734920315199,0.049999094835473,0.08985624943100139,0.046717269143797514,0.00034497231666493936,0.00010230018970831983,0.00383915775307132
val-gsm8k,c75896d63fe7da0a,prompt,calibrated_0.05,32,2.0,0.00018403418019990152,0.03489636701537349,0.0001319688790025347,0.049999094835473,0.08960768658017552,0.046589331518777845,0.0006553038835948202,0.00021679737576216644,0.007313032046737352
val-gsm8k,c75896d63fe7da0a,prompt,calibrated_0.05,128,1.001,0.00013947378938728211,0.03174575687379071,0.00014865666742152445,0.049999094835473,0.08986999985483113,0.04672430897709114,0.0002507901311393874,7.381033391080124e-05,0.002790587866301256
val-gsm8k,c75896d63fe7da0a,prompt,calibrated_0.05,128,1.05,0.00013947378938728211,0.03174575687379071,0.00014805734920315199,0.049999094835473,0.08985624943100139,0.046717269143797514,0.00026302127408790873,7.800628684865481e-05,0.002927133902799681
val-gsm8k,c75896d63fe7da0a,prompt,calibrated_0.05,128,2.0,0.00013947378938728211,0.03174575687379071,0.0001319688790025347,0.049999094835473,0.08960768658017552,0.046589331518777845,0.0004998209473629995,0.0001640220920915197,0.005577880273873492
val-gsm8k,c75896d63fe7da0a,answer16,real_base_to_step8,1,1.001,0.0011243734815312273,0.0010859787075606746,1.1973904598314937e-06,7.799133839544005e-05,1.863681407775406e-08,1.2327325798556434e-08,1.8636822302304603e-08,1.2327332002144858e-08,1.0000004413066796
val-gsm8k,c75896d63fe7da0a,answer16,real_base_to_step8,1,1.05,0.0011243734815312273,0.0010859787075606746,0.0,7.799133839544005e-05,8.224570187809896e-15,8.21565125701528e-15,0.0,0.0,
val-gsm8k,c75896d63fe7da0a,answer16,real_base_to_step8,1,2.0,0.0011243734815312273,0.0010859787075606746,0.0,7.799133839544005e-05,8.224570187809896e-15,8.21565125701528e-15,0.0,0.0,
val-gsm8k,c75896d63fe7da0a,answer16,real_base_to_step8,4,1.001,0.000382688674702441,0.00036576019824720665,1.1973904598314937e-06,7.799133839544005e-05,1.863681407775406e-08,1.2327325798556434e-08,1.8636822302304603e-08,1.2327332002144858e-08,1.0000004413066796
val-gsm8k,c75896d63fe7da0a,answer16,real_base_to_step8,4,1.05,0.000382688674702441,0.00036576019824720665,0.0,7.799133839544005e-05,8.224570187809896e-15,8.21565125701528e-15,0.0,0.0,
val-gsm8k,c75896d63fe7da0a,answer16,real_base_to_step8,4,2.0,0.000382688674702441,0.00036576019824720665,0.0,7.799133839544005e-05,8.224570187809896e-15,8.21565125701528e-15,0.0,0.0,
val-gsm8k,c75896d63fe7da0a,answer16,real_base_to_step8,8,1.001,0.0001912661077772051,0.00018243867965443686,1.1973904598314937e-06,7.799133839544005e-05,1.863681407775406e-08,1.2327325798556434e-08,1.8636822302304603e-08,1.2327332002144858e-08,1.0000004413066796
val-gsm8k,c75896d63fe7da0a,answer16,real_base_to_step8,8,1.05,0.0001912661077772051,0.00018243867965443686,0.0,7.799133839544005e-05,8.224570187809896e-15,8.21565125701528e-15,0.0,0.0,
val-gsm8k,c75896d63fe7da0a,answer16,real_base_to_step8,8,2.0,0.0001912661077772051,0.00018243867965443686,0.0,7.799133839544005e-05,8.224570187809896e-15,8.21565125701528e-15,0.0,0.0,
val-gsm8k,c75896d63fe7da0a,answer16,real_base_to_step8,32,1.001,5.8554629678011456e-05,5.5668243718712295e-05,1.1973904598314937e-06,7.799133839544005e-05,1.863681407775406e-08,1.2327325798556434e-08,1.8636822302304603e-08,1.2327332002144858e-08,1.0000004413066796
val-gsm8k,c75896d63fe7da0a,answer16,real_base_to_step8,32,1.05,5.8554629678011456e-05,5.5668243718712295e-05,0.0,7.799133839544005e-05,8.224570187809896e-15,8.21565125701528e-15,0.0,0.0,
val-gsm8k,c75896d63fe7da0a,answer16,real_base_to_step8,32,2.0,5.8554629678011456e-05,5.5668243718712295e-05,0.0,7.799133839544005e-05,8.224570187809896e-15,8.21565125701528e-15,0.0,0.0,
val-gsm8k,c75896d63fe7da0a,answer16,real_base_to_step8,128,1.001,1.7888934368310705e-05,1.694824615117152e-05,1.1973904598314937e-06,7.799133839544005e-05,1.863681407775406e-08,1.2327325798556434e-08,7.918501479706348e-10,5.245537338582753e-10,0.04248849318703196
val-gsm8k,c75896d63fe7da0a,answer16,real_base_to_step8,128,1.05,1.7888934368310705e-05,1.694824615117152e-05,0.0,7.799133839544005e-05,8.224570187809896e-15,8.21565125701528e-15,0.0,0.0,
val-gsm8k,c75896d63fe7da0a,answer16,real_base_to_step8,128,2.0,1.7888934368310705e-05,1.694824615117152e-05,0.0,7.799133839544005e-05,8.224570187809896e-15,8.21565125701528e-15,0.0,0.0,
val-gsm8k,c75896d63fe7da0a,answer16,calibrated_0.016,1,1.001,0.0011243734815312273,0.015133987242090056,0.0006101779710506274,0.01599996715033212,0.02833941221541239,0.016415845239731566,0.0018897683922574683,0.0007789663160912088,0.0666834011197211
val-gsm8k,c75896d63fe7da0a,answer16,calibrated_0.016,1,1.05,0.0011243734815312273,0.015133987242090056,0.0006100895184911341,0.01599996715033212,0.028280517314736502,0.016389479957198652,0.0019820881341324637,0.0008195457994316489,0.07008670004419017
val-gsm8k,c75896d63fe7da0a,answer16,calibrated_0.016,1,2.0,0.0011243734815312273,0.015133987242090056,0.0001252523899737087,0.01599996715033212,0.027257480651198023,0.015924277185531414,0.00377065120286825,0.001624220220054622,0.13833454570213632
val-gsm8k,c75896d63fe7da0a,answer16,calibrated_0.016,4,1.001,0.000382688674702441,0.014113453625722567,0.0006101779710506274,0.01599996715033212,0.02833941221541239,0.016415845239731566,0.0006287714987555149,0.0002963827665427095,0.022187175018879096
val-gsm8k,c75896d63fe7da0a,answer16,calibrated_0.016,4,1.05,0.000382688674702441,0.014113453625722567,0.0006100895184911341,0.01599996715033212,0.028280517314736502,0.016389479957198652,0.0006595147128456722,0.0003118359626645277,0.02332046141539321
val-gsm8k,c75896d63fe7da0a,answer16,calibrated_0.016,4,2.0,0.000382688674702441,0.014113453625722567,0.0001252523899737087,0.01599996715033212,0.027257480651198023,0.015924277185531414,0.0012554422123760651,0.0006149766952417691,0.04605862986537187
val-gsm8k,c75896d63fe7da0a,answer16,calibrated_0.016,8,1.001,0.0001912661077772051,0.006279265113795259,0.0006101779710506274,0.01599996715033212,0.02833941221541239,0.016415845239731566,0.00032516225240711234,0.0001465540973850961,0.011473853089665453
val-gsm8k,c75896d63fe7da0a,answer16,calibrated_0.016,8,1.05,0.0001912661077772051,0.006279265113795259,0.0006100895184911341,0.01599996715033212,0.028280517314736502,0.016389479957198652,0.0003410705422335769,0.0001541903561529039,0.012060265321096187
val-gsm8k,c75896d63fe7da0a,answer16,calibrated_0.016,8,2.0,0.0001912661077772051,0.006279265113795259,0.0001252523899737087,0.01599996715033212,0.027257480651198023,0.015924277185531414,0.0006494468442454468,0.00030521752475016014,0.023826370916524973
val-gsm8k,c75896d63fe7da0a,answer16,calibrated_0.016,32,1.001,5.8554629678011456e-05,0.005571160594814496,0.0006101779710506274,0.01599996715033212,0.02833941221541239,0.016415845239731566,0.00010303436501647905,4.6708914674597715e-05,0.0036357269598006627
val-gsm8k,c75896d63fe7da0a,answer16,calibrated_0.016,32,1.05,5.8554629678011456e-05,0.005571160594814496,0.0006100895184911341,0.01599996715033212,0.028280517314736502,0.016389479957198652,0.00010807408017727469,4.9203309963207895e-05,0.003821502944041236
val-gsm8k,c75896d63fe7da0a,answer16,calibrated_0.016,32,2.0,5.8554629678011456e-05,0.005571160594814496,0.0001252523899737087,0.01599996715033212,0.027257480651198023,0.015924277185531414,0.0002057722618566383,9.83568087507945e-05,0.007549203262393004
val-gsm8k,c75896d63fe7da0a,answer16,calibrated_0.016,128,1.001,1.7888934368310705e-05,0.0012009565210111446,0.0006101779710506274,0.01599996715033212,0.02833941221541239,0.016415845239731566,3.0492254568145432e-05,1.1857106380091898e-05,0.001075966372780386
val-gsm8k,c75896d63fe7da0a,answer16,calibrated_0.016,128,1.05,1.7888934368310705e-05,0.0012009565210111446,0.0006100895184911341,0.01599996715033212,0.028280517314736502,0.016389479957198652,3.1984637142147206e-05,1.2510121712788967e-05,0.0011309777959924569
val-gsm8k,c75896d63fe7da0a,answer16,calibrated_0.016,128,2.0,1.7888934368310705e-05,0.0012009565210111446,0.0001252523899737087,0.01599996715033212,0.027257480651198023,0.015924277185531414,6.0917306099646565e-05,2.562345748411634e-05,0.002234883952745982
val-gsm8k,c75896d63fe7da0a,answer16,calibrated_0.05,1,1.001,0.0011243734815312273,0.04775048177557502,0.0006101420394910309,0.050000105350890556,0.08957671304986702,0.051629173349823816,0.002018855817382163,0.0008023287434440257,0.02253773049540536
val-gsm8k,c75896d63fe7da0a,answer16,calibrated_0.05,1,1.05,0.0011243734815312273,0.04775048177557502,0.0006100631441327534,0.050000105350890556,0.08951978894403632,0.051604131872773254,0.002117185804287616,0.0008435082058918992,0.02365047805922759
val-gsm8k,c75896d63fe7da0a,answer16,calibrated_0.05,1,2.0,0.0011243734815312273,0.04775048177557502,0.0006051321036754353,0.050000105350890556,0.08845252990265914,0.051123664325322074,0.004023244830656731,0.001648607971937089,0.045484790939097616
val-gsm8k,c75896d63fe7da0a,answer16,calibrated_0.05,4,1.001,0.000382688674702441,0.0466610464118125,0.0006101420394910309,0.050000105350890556,0.08957671304986702,0.051629173349823816,0.000640047513036747,0.00029116047434548964,0.007145244464154819
val-gsm8k,c75896d63fe7da0a,answer16,calibrated_0.05,4,1.05,0.000382688674702441,0.0466610464118125,0.0006100631441327534,0.050000105350890556,0.08951978894403632,0.051604131872773254,0.0006712888060694255,0.0003060989176603872,0.007498775566697153
val-gsm8k,c75896d63fe7da0a,answer16,calibrated_0.05,4,2.0,0.000382688674702441,0.0466610464118125,0.0006051321036754353,0.050000105350890556,0.08845252990265914,0.051123664325322074,0.0012766555335840875,0.0005985439375279696,0.01443322802625352
val-gsm8k,c75896d63fe7da0a,answer16,calibrated_0.05,8,1.001,0.0001912661077772051,0.025261015565505737,0.0006101420394910309,0.050000105350890556,0.08957671304986702,0.051629173349823816,0.00034443505248570727,0.00015756051587565396,0.0038451405589526554
val-gsm8k,c75896d63fe7da0a,answer16,calibrated_0.05,8,1.05,0.0001912661077772051,0.025261015565505737,0.0006100631441327534,0.050000105350890556,0.08951978894403632,0.051604131872773254,0.00036126808572845356,0.00016558830709056304,0.004035622625901205
val-gsm8k,c75896d63fe7da0a,answer16,calibrated_0.05,8,2.0,0.0001912661077772051,0.025261015565505737,0.0006051321036754353,0.050000105350890556,0.08845252990265914,0.051123664325322074,0.0006874467558273934,0.00032344501875686445,0.007771928701009678
val-gsm8k,c75896d63fe7da0a,answer16,calibrated_0.05,32,1.001,5.8554629678011456e-05,0.02401619099357316,0.0006101420394910309,0.050000105350890556,0.08957671304986702,0.051629173349823816,0.00010540657430114784,4.825405761299944e-05,0.0011767184875657183
val-gsm8k,c75896d63fe7da0a,answer16,calibrated_0.05,32,1.05,5.8554629678011456e-05,0.02401619099357316,0.0006100631441327534,0.050000105350890556,0.08951978894403632,0.051604131872773254,0.00011055165175775538,5.078013031789262e-05,0.0012349409338628715
val-gsm8k,c75896d63fe7da0a,answer16,calibrated_0.05,32,2.0,5.8554629678011456e-05,0.02401619099357316,0.0006051321036754353,0.050000105350890556,0.08845252990265914,0.051123664325322074,0.00021026452490908174,0.00010034883233340716,0.0023771454037603574
val-gsm8k,c75896d63fe7da0a,answer16,calibrated_0.05,128,1.001,1.7888934368310705e-05,0.005589482395222143,0.0006101420394910309,0.050000105350890556,0.08957671304986702,0.051629173349823816,3.2064108318164805e-05,1.3743400108293001e-05,0.00035795138297064816
val-gsm8k,c75896d63fe7da0a,answer16,calibrated_0.05,128,1.05,1.7888934368310705e-05,0.005589482395222143,0.0006100631441327534,0.050000105350890556,0.08951978894403632,0.051604131872773254,3.3632679447505534e-05,1.4468444315325554e-05,0.0003757010583272392
val-gsm8k,c75896d63fe7da0a,answer16,calibrated_0.05,128,2.0,1.7888934368310705e-05,0.005589482395222143,0.0006051321036754353,0.050000105350890556,0.08845252990265914,0.051123664325322074,6.403882914182678e-05,2.8836681138927985e-05,0.0007239909272499123
val-gsm8k,c75896d63fe7da0a,answer32,real_base_to_step8,1,1.001,0.006494842751589343,0.00658790553598535,0.004802408212411752,0.00022338643375727522,0.00021390933030235388,0.000149435104243995,8.638322345821399e-05,5.131447574638876e-05,0.4038310219386602
val-gsm8k,c75896d63fe7da0a,answer32,real_base_to_step8,1,1.05,0.006494842751589343,0.00658790553598535,9.81990948934323e-13,0.00022338643375727522,1.3748522259835207e-13,1.3479478241348914e-13,3.821855134777534e-15,2.687086755474125e-15,
val-gsm8k,c75896d63fe7da0a,answer32,real_base_to_step8,1,2.0,0.006494842751589343,0.00658790553598535,0.0,0.00022338643375727522,1.3768619088399481e-13,1.3678123937672696e-13,0.0,0.0,
val-gsm8k,c75896d63fe7da0a,answer32,real_base_to_step8,4,1.001,0.00013367055979963561,0.00013603467323960124,0.004802408212411752,0.00022338643375727522,0.00021390933030235388,0.000149435104243995,1.8138734864433973e-06,7.515330608814966e-07,0.008479637068095843
val-gsm8k,c75896d63fe7da0a,answer32,real_base_to_step8,4,1.05,0.00013367055979963561,0.00013603467323960124,9.81990948934323e-13,0.00022338643375727522,1.3748522259835207e-13,1.3479478241348914e-13,3.821855134777534e-15,2.687086755474125e-15,
val-gsm8k,c75896d63fe7da0a,answer32,real_base_to_step8,4,2.0,0.00013367055979963561,0.00013603467323960124,0.0,0.00022338643375727522,1.3768619088399481e-13,1.3678123937672696e-13,0.0,0.0,
val-gsm8k,c75896d63fe7da0a,answer32,real_base_to_step8,8,1.001,1.918924306074054e-05,1.9097419328090372e-05,0.004802408212411752,0.00022338643375727522,0.00021390933030235388,0.000149435104243995,1.7692786901731252e-07,9.246522344070866e-08,0.0008271161840730871
val-gsm8k,c75896d63fe7da0a,answer32,real_base_to_step8,8,1.05,1.918924306074054e-05,1.9097419328090372e-05,9.81990948934323e-13,0.00022338643375727522,1.3748522259835207e-13,1.3479478241348914e-13,3.821855134777534e-15,2.687086755474125e-15,
val-gsm8k,c75896d63fe7da0a,answer32,real_base_to_step8,8,2.0,1.918924306074054e-05,1.9097419328090372e-05,0.0,0.00022338643375727522,1.3768619088399481e-13,1.3678123937672696e-13,0.0,0.0,
val-gsm8k,c75896d63fe7da0a,answer32,real_base_to_step8,32,1.001,2.226846220056186e-06,2.237508574652215e-06,0.004802408212411752,0.00022338643375727522,0.00021390933030235388,0.000149435104243995,2.3998201367426596e-08,8.545003824553493e-09,0.00011218866111873623
val-gsm8k,c75896d63fe7da0a,answer32,real_base_to_step8,32,1.05,2.226846220056186e-06,2.237508574652215e-06,9.81990948934323e-13,0.00022338643375727522,1.3748522259835207e-13,1.3479478241348914e-13,3.821855134777534e-15,2.687086755474125e-15,
val-gsm8k,c75896d63fe7da0a,answer32,real_base_to_step8,32,2.0,2.226846220056186e-06,2.237508574652215e-06,0.0,0.00022338643375727522,1.3768619088399481e-13,1.3678123937672696e-13,0.0,0.0,
val-gsm8k,c75896d63fe7da0a,answer32,real_base_to_step8,128,1.001,3.956419740118273e-07,3.9656534293010676e-07,0.004802408212411752,0.00022338643375727522,0.00021390933030235388,0.000149435104243995,3.764711964598e-09,1.6273390506187226e-09,1.7599568748481903e-05
val-gsm8k,c75896d63fe7da0a,answer32,real_base_to_step8,128,1.05,3.956419740118273e-07,3.9656534293010676e-07,9.81990948934323e-13,0.00022338643375727522,1.3748522259835207e-13,1.3479478241348914e-13,3.821855134777534e-15,2.687086755474125e-15,
val-gsm8k,c75896d63fe7da0a,answer32,real_base_to_step8,128,2.0,3.956419740118273e-07,3.9656534293010676e-07,0.0,0.00022338643375727522,1.3768619088399481e-13,1.3678123937672696e-13,0.0,0.0,
val-gsm8k,c75896d63fe7da0a,answer32,calibrated_0.016,1,1.001,0.006494842751589343,0.01736339557307903,0.006493752925292583,0.01599993257502512,0.02134808490630412,0.012392437396717177,0.0026161509854471603,0.0012696304949532296,0.12254733841135358
val-gsm8k,c75896d63fe7da0a,answer32,calibrated_0.016,1,1.05,0.006494842751589343,0.01736339557307903,0.006493700244328742,0.01599993257502512,0.020722748477317962,0.012011622941179585,0.002744214125158734,0.0013317803930021144,0.132425200651468
val-gsm8k,c75896d63fe7da0a,answer32,calibrated_0.016,1,2.0,0.006494842751589343,0.01736339557307903,0.004845414229342223,0.01599993257502512,0.009361579689296797,0.00533540175431578,0.005224126837251378,0.002441327794444499,0.5580390287361634
val-gsm8k,c75896d63fe7da0a,answer32,calibrated_0.016,4,1.001,0.00013367055979963561,0.0037139347614304438,0.006493752925292583,0.01599993257502512,0.02134808490630412,0.012392437396717177,0.0001613385910063802,7.30837277326506e-05,0.007557520579222387
val-gsm8k,c75896d63fe7da0a,answer32,calibrated_0.016,4,1.05,0.00013367055979963561,0.0037139347614304438,0.006493700244328742,0.01599993257502512,0.020722748477317962,0.012011622941179585,0.00016923611343934642,7.666139074073422e-05,0.00816668279425306
val-gsm8k,c75896d63fe7da0a,answer32,calibrated_0.016,4,2.0,0.00013367055979963561,0.0037139347614304438,0.004845414229342223,0.01599993257502512,0.009361579689296797,0.00533540175431578,0.000322168163926122,0.00014271586160311377,0.03441386759698906
val-gsm8k,c75896d63fe7da0a,answer32,calibrated_0.016,8,1.001,1.918924306074054e-05,0.0017776786930933598,0.006493752925292583,0.01599993257502512,0.02134808490630412,0.012392437396717177,2.166389793904434e-05,1.113140287284772e-05,0.0010147935064960774
val-gsm8k,c75896d63fe7da0a,answer32,calibrated_0.016,8,1.05,1.918924306074054e-05,0.0017776786930933598,0.006493700244328742,0.01599993257502512,0.020722748477317962,0.012011622941179585,2.2724285797883706e-05,1.1677448153392504e-05,0.0010965864794796173
val-gsm8k,c75896d63fe7da0a,answer32,calibrated_0.016,8,2.0,1.918924306074054e-05,0.0017776786930933598,0.004845414229342223,0.01599993257502512,0.009361579689296797,0.00533540175431578,4.3276416995136036e-05,2.2386110673280313e-05,0.004622768638567962
val-gsm8k,c75896d63fe7da0a,answer32,calibrated_0.016,32,1.001,2.226846220056186e-06,1.71568747104999e-05,0.006493752925292583,0.01599993257502512,0.02134808490630412,0.012392437396717177,2.4388443933170104e-06,5.683712262196496e-07,0.00011424183499461427
val-gsm8k,c75896d63fe7da0a,answer32,calibrated_0.016,32,1.05,2.226846220056186e-06,1.71568747104999e-05,0.006493700244328742,0.01599993257502512,0.020722748477317962,0.012011622941179585,2.5582279512557334e-06,6.025660193616218e-07,0.00012345022447460751
val-gsm8k,c75896d63fe7da0a,answer32,calibrated_0.016,32,2.0,2.226846220056186e-06,1.71568747104999e-05,0.004845414229342223,0.01599993257502512,0.009361579689296797,0.00533540175431578,4.872800639694614e-06,1.4560434099969408e-06,0.0005205105122659741
val-gsm8k,c75896d63fe7da0a,answer32,calibrated_0.016,128,1.001,3.956419740118273e-07,2.682621142628875e-06,0.006493752925292583,0.01599993257502512,0.02134808490630412,0.012392437396717177,3.8292398625015074e-07,5.775288023477581e-08,1.7937158669303998e-05
val-gsm8k,c75896d63fe7da0a,answer32,calibrated_0.016,128,1.05,3.956419740118273e-07,2.682621142628875e-06,0.006493700244328742,0.01599993257502512,0.020722748477317962,0.012011622941179585,4.016685079469846e-07,6.187036860728838e-08,1.9382974627454942e-05
val-gsm8k,c75896d63fe7da0a,answer32,calibrated_0.016,128,2.0,3.956419740118273e-07,2.682621142628875e-06,0.004845414229342223,0.01599993257502512,0.009361579689296797,0.00533540175431578,7.650825354728e-07,1.7942231138015944e-07,8.172579424256013e-05
val-gsm8k,c75896d63fe7da0a,answer32,calibrated_0.05,1,1.001,0.006494842751589343,0.04840002661074395,0.0064937508414486655,0.04999961073796597,0.07974299111384725,0.04583084112780767,0.007757926970658076,0.004084975594088298,0.09728663124239045
val-gsm8k,c75896d63fe7da0a,answer32,calibrated_0.05,1,1.05,0.006494842751589343,0.04840002661074395,0.0064937001062558425,0.04999961073796597,0.07913741028362943,0.045521166078222354,0.008137684538050485,0.004284939359517525,0.10282980588933763
val-gsm8k,c75896d63fe7da0a,answer32,calibrated_0.05,1,2.0,0.006494842751589343,0.04840002661074395,0.006448299645381933,0.04999961073796597,0.06743468524113092,0.03979158984263604,0.015499318577073826,0.00816167869399993,0.22984193552104276
val-gsm8k,c75896d63fe7da0a,answer32,calibrated_0.05,4,1.001,0.00013367055979963561,0.029560065985101282,0.0064937508414486655,0.04999961073796597,0.07974299111384725,0.04583084112780767,0.0001759437941246033,9.176469695751168e-05,0.0022063856856511985
val-gsm8k,c75896d63fe7da0a,answer32,calibrated_0.05,4,1.05,0.00013367055979963561,0.029560065985101282,0.0064937001062558425,0.04999961073796597,0.07913741028362943,0.045521166078222354,0.00018455533980890905,9.6256483394876e-05,0.0023320871778272816
val-gsm8k,c75896d63fe7da0a,answer32,calibrated_0.05,4,2.0,0.00013367055979963561,0.029560065985101282,0.006448299645381933,0.04999961073796597,0.06743468524113092,0.03979158984263604,0.0003505085189037141,0.0001805829435346893,0.005197748275244057
val-gsm8k,c75896d63fe7da0a,answer32,calibrated_0.05,8,1.001,1.918924306074054e-05,0.019446688490481794,0.0064937508414486655,0.04999961073796597,0.07974299111384725,0.04583084112780767,2.3128362818086084e-05,1.190032316995084e-05,0.00029003630908534957
val-gsm8k,c75896d63fe7da0a,answer32,calibrated_0.05,8,1.05,1.918924306074054e-05,0.019446688490481794,0.0064937001062558425,0.04999961073796597,0.07913741028362943,0.045521166078222354,2.425980901628789e-05,1.2483504788664831e-05,0.0003065529808132518
val-gsm8k,c75896d63fe7da0a,answer32,calibrated_0.05,8,2.0,1.918924306074054e-05,0.019446688490481794,0.006448299645381933,0.04999961073796597,0.06743468524113092,0.03979158984263604,4.614692244002014e-05,2.381845924618604e-05,0.0006843202763534725
val-gsm8k,c75896d63fe7da0a,answer32,calibrated_0.05,32,1.001,2.226846220056186e-06,7.709235917884326e-05,0.0064937508414486655,0.04999961073796597,0.07974299111384725,0.04583084112780767,3.145571537233064e-06,8.374797187314261e-07,3.944637006081454e-05
val-gsm8k,c75896d63fe7da0a,answer32,calibrated_0.05,32,1.05,2.226846220056186e-06,7.709235917884326e-05,0.0064937001062558425,0.04999961073796597,0.07913741028362943,0.045521166078222354,3.2995487712263394e-06,8.827426405745762e-07,4.1693918961976606e-05
val-gsm8k,c75896d63fe7da0a,answer32,calibrated_0.05,32,2.0,2.226846220056186e-06,7.709235917884326e-05,0.006448299645381933,0.04999961073796597,0.06743468524113092,0.03979158984263604,6.284800530246131e-06,1.8522979317492149e-06,9.319833714316499e-05
val-gsm8k,c75896d63fe7da0a,answer32,calibrated_0.05,128,1.001,3.956419740118273e-07,1.06226751324534e-05,0.0064937508414486655,0.04999961073796597,0.07974299111384725,0.04583084112780767,5.198036875037379e-07,1.0327138091863132e-07,6.518487458811597e-06
val-gsm8k,c75896d63fe7da0a,answer32,calibrated_0.05,128,1.05,3.956419740118273e-07,1.06226751324534e-05,0.0064937001062558425,0.04999961073796597,0.07913741028362943,0.045521166078222354,5.452485891505075e-07,1.090564542790113e-07,6.889896790864524e-06
val-gsm8k,c75896d63fe7da0a,answer32,calibrated_0.05,128,2.0,3.956419740118273e-07,1.06226751324534e-05,0.006448299645381933,0.04999961073796597,0.06743468524113092,0.03979158984263604,1.0385675990873621e-06,2.3957902571547797e-07,1.5401089148317123e-05
val-gsm8k,c75896d63fe7da0a,answer64,real_base_to_step8,1,1.001,0.10600536643848589,0.112253646777151,0.1060042644258927,0.01234062198923413,0.010905593545698063,0.007686141372560461,8.418899535054638e-05,5.2141136276663634e-05,0.007719799477008427
val-gsm8k,c75896d63fe7da0a,answer64,real_base_to_step8,1,1.05,0.10600536643848589,0.112253646777151,0.10446621121260573,0.01234062198923413,0.0017409019558194353,0.0012295748635302928,8.150451443599762e-05,4.9587217188428346e-05,0.04681740643897076
val-gsm8k,c75896d63fe7da0a,answer64,real_base_to_step8,1,2.0,0.10600536643848589,0.112253646777151,0.0,0.01234062198923413,7.528219218170453e-14,6.735216633605151e-14,0.0,0.0,
val-gsm8k,c75896d63fe7da0a,answer64,real_base_to_step8,4,1.001,0.0001105918095310258,0.00011325437887967633,0.1060042644258927,0.01234062198923413,0.010905593545698063,0.007686141372560461,1.498208309840272e-06,8.765043148491734e-07,0.00013737980455279955
val-gsm8k,c75896d63fe7da0a,answer64,real_base_to_step8,4,1.05,0.0001105918095310258,0.00011325437887967633,0.10446621121260573,0.01234062198923413,0.0017409019558194353,0.0012295748635302928,9.617804162909378e-07,5.951343813517513e-07,0.0005524609890154508
val-gsm8k,c75896d63fe7da0a,answer64,real_base_to_step8,4,2.0,0.0001105918095310258,0.00011325437887967633,0.0,0.01234062198923413,7.528219218170453e-14,6.735216633605151e-14,0.0,0.0,
val-gsm8k,c75896d63fe7da0a,answer64,real_base_to_step8,8,1.001,5.586677148952125e-06,5.8159017745856085e-06,0.1060042644258927,0.01234062198923413,0.010905593545698063,0.007686141372560461,1.4183847888751076e-07,3.969517070154467e-08,1.3006030189293262e-05
val-gsm8k,c75896d63fe7da0a,answer64,real_base_to_step8,8,1.05,5.586677148952125e-06,5.8159017745856085e-06,0.10446621121260573,0.01234062198923413,0.0017409019558194353,0.0012295748635302928,9.489864214659498e-08,4.441811833060017e-08,5.451119279254677e-05
val-gsm8k,c75896d63fe7da0a,answer64,real_base_to_step8,8,2.0,5.586677148952125e-06,5.8159017745856085e-06,0.0,0.01234062198923413,7.528219218170453e-14,6.735216633605151e-14,0.0,0.0,
val-gsm8k,c75896d63fe7da0a,answer64,real_base_to_step8,32,1.001,1.3543341225185106e-06,1.4320650848078623e-06,0.1060042644258927,0.01234062198923413,0.010905593545698063,0.007686141372560461,2.5236200742665583e-08,3.6191928958939626e-09,2.314060269798018e-06
val-gsm8k,c75896d63fe7da0a,answer64,real_base_to_step8,32,1.05,1.3543341225185106e-06,1.4320650848078623e-06,0.10446621121260573,0.01234062198923413,0.0017409019558194353,0.0012295748635302928,2.6471527845758075e-08,8.318516938891116e-09,1.5205639672739661e-05
val-gsm8k,c75896d63fe7da0a,answer64,real_base_to_step8,32,2.0,1.3543341225185106e-06,1.4320650848078623e-06,0.0,0.01234062198923413,7.528219218170453e-14,6.735216633605151e-14,0.0,0.0,
val-gsm8k,c75896d63fe7da0a,answer64,real_base_to_step8,128,1.001,3.2322780101972224e-07,3.4117434832658644e-07,0.1060042644258927,0.01234062198923413,0.010905593545698063,0.007686141372560461,4.882988036797339e-09,3.7882271891026757e-10,4.477507818658375e-07
val-gsm8k,c75896d63fe7da0a,answer64,real_base_to_step8,128,1.05,3.2322780101972224e-07,3.4117434832658644e-07,0.10446621121260573,0.01234062198923413,0.0017409019558194353,0.0012295748635302928,5.122014717826581e-09,1.6277997075685525e-09,2.942161504675701e-06
val-gsm8k,c75896d63fe7da0a,answer64,real_base_to_step8,128,2.0,3.2322780101972224e-07,3.4117434832658644e-07,0.0,0.01234062198923413,7.528219218170453e-14,6.735216633605151e-14,0.0,0.0,
val-gsm8k,c75896d63fe7da0a,answer64,calibrated_0.016,1,1.001,0.10600536643848589,0.0981615595600202,0.8939950923123919,0.01599995710124828,0.0013644081587656743,0.0009589680864395913,6.251813221243644e-08,3.3272697521300745e-08,4.5820696549479816e-05
val-gsm8k,c75896d63fe7da0a,answer64,calibrated_0.016,1,1.05,0.10600536643848589,0.0981615595600202,2.8220306330334893e-07,0.01599995710124828,2.8820941639925207e-08,1.586781445082418e-08,2.88210211567664e-08,1.5867873868900995e-08,1.0000027589952538
val-gsm8k,c75896d63fe7da0a,answer64,calibrated_0.016,1,2.0,0.10600536643848589,0.0981615595600202,0.0,0.01599995710124828,7.95168906054019e-14,7.213282436570167e-14,0.0,0.0,
val-gsm8k,c75896d63fe7da0a,answer64,calibrated_0.016,4,1.001,0.0001105918095310258,6.59618534076582e-05,0.8939950923123919,0.01599995710124828,0.0013644081587656743,0.0009589680864395913,6.251813221243644e-08,3.3272697521300745e-08,4.5820696549479816e-05
val-gsm8k,c75896d63fe7da0a,answer64,calibrated_0.016,4,1.05,0.0001105918095310258,6.59618534076582e-05,2.8220306330334893e-07,0.01599995710124828,2.8820941639925207e-08,1.586781445082418e-08,2.88210211567664e-08,1.5867873868900995e-08,1.0000027589952538
val-gsm8k,c75896d63fe7da0a,answer64,calibrated_0.016,4,2.0,0.0001105918095310258,6.59618534076582e-05,0.0,0.01599995710124828,7.95168906054019e-14,7.213282436570167e-14,0.0,0.0,
val-gsm8k,c75896d63fe7da0a,answer64,calibrated_0.016,8,1.001,5.586677148952125e-06,4.563729967119529e-06,0.8939950923123919,0.01599995710124828,0.0013644081587656743,0.0009589680864395913,6.251813221243644e-08,3.3272697521300745e-08,4.5820696549479816e-05
val-gsm8k,c75896d63fe7da0a,answer64,calibrated_0.016,8,1.05,5.586677148952125e-06,4.563729967119529e-06,2.8220306330334893e-07,0.01599995710124828,2.8820941639925207e-08,1.586781445082418e-08,2.88210211567664e-08,1.5867873868900995e-08,1.0000027589952538
val-gsm8k,c75896d63fe7da0a,answer64,calibrated_0.016,8,2.0,5.586677148952125e-06,4.563729967119529e-06,0.0,0.01599995710124828,7.95168906054019e-14,7.213282436570167e-14,0.0,0.0,
val-gsm8k,c75896d63fe7da0a,answer64,calibrated_0.016,32,1.001,1.3543341225185106e-06,1.0636990466488425e-06,0.8939950923123919,0.01599995710124828,0.0013644081587656743,0.0009589680864395913,2.547659799645642e-08,1.2119157579190473e-08,1.867227034137943e-05
val-gsm8k,c75896d63fe7da0a,answer64,calibrated_0.016,32,1.05,1.3543341225185106e-06,1.0636990466488425e-06,2.8220306330334893e-07,0.01599995710124828,2.8820941639925207e-08,1.586781445082418e-08,1.1113937735296824e-08,5.2878848271429165e-09,0.3856202158190715
val-gsm8k,c75896d63fe7da0a,answer64,calibrated_0.016,32,2.0,1.3543341225185106e-06,1.0636990466488425e-06,0.0,0.01599995710124828,7.95168906054019e-14,7.213282436570167e-14,0.0,0.0,
val-gsm8k,c75896d63fe7da0a,answer64,calibrated_0.016,128,1.001,3.2322780101972224e-07,2.5459254557193917e-07,0.8939950923123919,0.01599995710124828,0.0013644081587656743,0.0009589680864395913,6.77169990588242e-09,3.1835208662872947e-09,4.9631042312210355e-06
val-gsm8k,c75896d63fe7da0a,answer64,calibrated_0.016,128,1.05,3.2322780101972224e-07,2.5459254557193917e-07,2.8220306330334893e-07,0.01599995710124828,2.8820941639925207e-08,1.586781445082418e-08,4.106848782278706e-09,1.9795949437220558e-09,0.1424953019782515
val-gsm8k,c75896d63fe7da0a,answer64,calibrated_0.016,128,2.0,3.2322780101972224e-07,2.5459254557193917e-07,0.0,0.01599995710124828,7.95168906054019e-14,7.213282436570167e-14,0.0,0.0,
val-gsm8k,c75896d63fe7da0a,answer64,calibrated_0.05,1,1.001,0.10600536643848589,0.08255688431571678,0.8939950923107959,0.04999988782449098,0.0037240494501689318,0.0026221922662414553,2.2769164224877045e-07,1.2243784701376773e-07,6.114087508651149e-05
val-gsm8k,c75896d63fe7da0a,answer64,calibrated_0.05,1,1.05,0.10600536643848589,0.08255688431571678,3.37592878014179e-07,0.04999988782449098,1.841373865963206e-07,1.008688727142627e-07,1.841375113610445e-07,1.0086896932982864e-07,1.000000677563238
val-gsm8k,c75896d63fe7da0a,answer64,calibrated_0.05,1,2.0,0.10600536643848589,0.08255688431571678,3.733960485740618e-09,0.04999988782449098,3.4733632190161828e-09,1.9487440046453236e-09,3.4734879838492786e-09,1.948838334086987e-09,1.0000359204682117
val-gsm8k,c75896d63fe7da0a,answer64,calibrated_0.05,4,1.001,0.0001105918095310258,2.1704731297958155e-05,0.8939950923107959,0.04999988782449098,0.0037240494501689318,0.0026221922662414553,2.2769164224877045e-07,1.2243784701376773e-07,6.114087508651149e-05
val-gsm8k,c75896d63fe7da0a,answer64,calibrated_0.05,4,1.05,0.0001105918095310258,2.1704731297958155e-05,3.37592878014179e-07,0.04999988782449098,1.841373865963206e-07,1.008688727142627e-07,1.841375113610445e-07,1.0086896932982864e-07,1.000000677563238
val-gsm8k,c75896d63fe7da0a,answer64,calibrated_0.05,4,2.0,0.0001105918095310258,2.1704731297958155e-05,3.733960485740618e-09,0.04999988782449098,3.4733632190161828e-09,1.9487440046453236e-09,3.4734879838492786e-09,1.948838334086987e-09,1.0000359204682117
val-gsm8k,c75896d63fe7da0a,answer64,calibrated_0.05,8,1.001,5.586677148952125e-06,3.1777433090118288e-06,0.8939950923107959,0.04999988782449098,0.0037240494501689318,0.0026221922662414553,2.2769164224877045e-07,1.2243784701376773e-07,6.114087508651149e-05
val-gsm8k,c75896d63fe7da0a,answer64,calibrated_0.05,8,1.05,5.586677148952125e-06,3.1777433090118288e-06,3.37592878014179e-07,0.04999988782449098,1.841373865963206e-07,1.008688727142627e-07,1.841375113610445e-07,1.0086896932982864e-07,1.000000677563238
val-gsm8k,c75896d63fe7da0a,answer64,calibrated_0.05,8,2.0,5.586677148952125e-06,3.1777433090118288e-06,3.733960485740618e-09,0.04999988782449098,3.4733632190161828e-09,1.9487440046453236e-09,3.4734879838492786e-09,1.948838334086987e-09,1.0000359204682117
val-gsm8k,c75896d63fe7da0a,answer64,calibrated_0.05,32,1.001,1.3543341225185106e-06,7.081509781281999e-07,0.8939950923107959,0.04999988782449098,0.0037240494501689318,0.0026221922662414553,9.421760636781652e-08,4.536507222772359e-08,2.5299773171256517e-05
val-gsm8k,c75896d63fe7da0a,answer64,calibrated_0.05,32,1.05,1.3543341225185106e-06,7.081509781281999e-07,3.37592878014179e-07,0.04999988782449098,1.841373865963206e-07,1.008688727142627e-07,7.715259010497822e-08,3.7202285632171565e-08,0.4189947056982934
val-gsm8k,c75896d63fe7da0a,answer64,calibrated_0.05,32,2.0,1.3543341225185106e-06,7.081509781281999e-07,3.733960485740618e-09,0.04999988782449098,3.4733632190161828e-09,1.9487440046453236e-09,3.4734879838492786e-09,1.948838334086987e-09,1.0000359204682117
val-gsm8k,c75896d63fe7da0a,answer64,calibrated_0.05,128,1.001,3.2322780101972224e-07,1.725576332528353e-07,0.8939950923107959,0.04999988782449098,0.0037240494501689318,0.0026221922662414553,2.7096111749393387e-08,1.3017914147556898e-08,7.2759806527714725e-06
val-gsm8k,c75896d63fe7da0a,answer64,calibrated_0.05,128,1.05,3.2322780101972224e-07,1.725576332528353e-07,3.37592878014179e-07,0.04999988782449098,1.841373865963206e-07,1.008688727142627e-07,2.3963033398898134e-08,1.1588740876893514e-08,0.13013670847534967
val-gsm8k,c75896d63fe7da0a,answer64,calibrated_0.05,128,2.0,3.2322780101972224e-07,1.725576332528353e-07,3.733960485740618e-09,0.04999988782449098,3.4733632190161828e-09,1.9487440046453236e-09,3.4734879838492786e-09,1.948838334086987e-09,1.0000359204682117
val-gsm8k,c75896d63fe7da0a,answer128,real_base_to_step8,1,1.001,0.4630776396135435,0.46620783632476887,0.3239771066887699,0.015274926993368892,0.00977813132331654,0.004746669075268157,0.007754416988698807,0.0033980965937504964,0.793036699170519
val-gsm8k,c75896d63fe7da0a,answer128,real_base_to_step8,1,1.05,0.4630776396135435,0.46620783632476887,0.014114730726500069,0.015274926993368892,0.00016132422233932004,8.91043734956444e-05,0.00016132422235006,8.910437349881076e-05,1.0000000000665739
val-gsm8k,c75896d63fe7da0a,answer128,real_base_to_step8,1,2.0,0.4630776396135435,0.46620783632476887,0.0,0.015274926993368892,1.1071044883215279e-14,6.302955691629847e-15,0.0,0.0,
val-gsm8k,c75896d63fe7da0a,answer128,real_base_to_step8,4,1.001,0.1450380786773793,0.1456692120780485,0.3239771066887699,0.015274926993368892,0.00977813132331654,0.004746669075268157,0.0037196716683536523,0.0014474240153164828,0.38040721129239413
val-gsm8k,c75896d63fe7da0a,answer128,real_base_to_step8,4,1.05,0.1450380786773793,0.1456692120780485,0.014114730726500069,0.015274926993368892,0.00016132422233932004,8.91043734956444e-05,0.00016132422235006,8.910437349881076e-05,1.0000000000665739
val-gsm8k,c75896d63fe7da0a,answer128,real_base_to_step8,4,2.0,0.1450380786773793,0.1456692120780485,0.0,0.015274926993368892,1.1071044883215279e-14,6.302955691629847e-15,0.0,0.0,
val-gsm8k,c75896d63fe7da0a,answer128,real_base_to_step8,8,1.001,0.03680269753036949,0.03711535808716737,0.3239771066887699,0.015274926993368892,0.00977813132331654,0.004746669075268157,0.0014577366964509083,0.0007331185627355807,0.1490813170993979
val-gsm8k,c75896d63fe7da0a,answer128,real_base_to_step8,8,1.05,0.03680269753036949,0.03711535808716737,0.014114730726500069,0.015274926993368892,0.00016132422233932004,8.91043734956444e-05,0.00016132422235006,8.910437349881076e-05,1.0000000000665739
val-gsm8k,c75896d63fe7da0a,answer128,real_base_to_step8,8,2.0,0.03680269753036949,0.03711535808716737,0.0,0.015274926993368892,1.1071044883215279e-14,6.302955691629847e-15,0.0,0.0,
val-gsm8k,c75896d63fe7da0a,answer128,real_base_to_step8,32,1.001,0.000879628705531157,0.0008873817968219125,0.3239771066887699,0.015274926993368892,0.00977813132331654,0.004746669075268157,1.7293420987076734e-05,4.112303221328677e-06,0.0017685813797406807
val-gsm8k,c75896d63fe7da0a,answer128,real_base_to_step8,32,1.05,0.000879628705531157,0.0008873817968219125,0.014114730726500069,0.015274926993368892,0.00016132422233932004,8.91043734956444e-05,1.4708582825800787e-06,5.798006035316667e-07,0.009117405069440598
val-gsm8k,c75896d63fe7da0a,answer128,real_base_to_step8,32,2.0,0.000879628705531157,0.0008873817968219125,0.0,0.015274926993368892,1.1071044883215279e-14,6.302955691629847e-15,0.0,0.0,
val-gsm8k,c75896d63fe7da0a,answer128,real_base_to_step8,128,1.001,0.00020960600461101804,0.00021168103893786126,0.3239771066887699,0.015274926993368892,0.00977813132331654,0.004746669075268157,4.028281954265202e-06,7.195826062589306e-07,0.0004119684857023267
val-gsm8k,c75896d63fe7da0a,answer128,real_base_to_step8,128,1.05,0.00020960600461101804,0.00021168103893786126,0.014114730726500069,0.015274926993368892,0.00016132422233932004,8.91043734956444e-05,1.847028951308417e-07,5.568454611106228e-08,0.0011449173128034568
val-gsm8k,c75896d63fe7da0a,answer128,real_base_to_step8,128,2.0,0.00020960600461101804,0.00021168103893786126,0.0,0.015274926993368892,1.1071044883215279e-14,6.302955691629847e-15,0.0,0.0,
val-gsm8k,c75896d63fe7da0a,answer128,calibrated_0.016,1,1.001,0.4630776396135435,0.47027656377993377,0.20848534035929733,0.01599933625293573,0.012319030929767952,0.005187195000943869,0.00914258686659417,0.0035672502876411185,0.7421514661921857
val-gsm8k,c75896d63fe7da0a,answer128,calibrated_0.016,1,1.05,0.4630776396135435,0.47027656377993377,0.05091782423999114,0.01599933625293573,0.0019394330837029109,0.0009792994361019838,0.0019394330837010656,0.0009792994361013394,0.9999999999990485
val-gsm8k,c75896d63fe7da0a,answer128,calibrated_0.016,1,2.0,0.4630776396135435,0.47027656377993377,0.0,0.01599933625293573,2.063515984811595e-15,1.1844132626887546e-15,0.0,0.0,
val-gsm8k,c75896d63fe7da0a,answer128,calibrated_0.016,4,1.001,0.1450380786773793,0.1510259415741201,0.20848534035929733,0.01599933625293573,0.012319030929767952,0.005187195000943869,0.0028388763057598894,0.0012588991891314273,0.23044639809288667
val-gsm8k,c75896d63fe7da0a,answer128,calibrated_0.016,4,1.05,0.1450380786773793,0.1510259415741201,0.05091782423999114,0.01599933625293573,0.0019394330837029109,0.0009792994361019838,0.0019394330837010656,0.0009792994361013394,0.9999999999990485
val-gsm8k,c75896d63fe7da0a,answer128,calibrated_0.016,4,2.0,0.1450380786773793,0.1510259415741201,0.0,0.01599933625293573,2.063515984811595e-15,1.1844132626887546e-15,0.0,0.0,
val-gsm8k,c75896d63fe7da0a,answer128,calibrated_0.016,8,1.001,0.03680269753036949,0.03773023523489371,0.20848534035929733,0.01599933625293573,0.012319030929767952,0.005187195000943869,0.0006612538382939156,0.00027643255520737797,0.05367742333498398
val-gsm8k,c75896d63fe7da0a,answer128,calibrated_0.016,8,1.05,0.03680269753036949,0.03773023523489371,0.05091782423999114,0.01599933625293573,0.0019394330837029109,0.0009792994361019838,0.00010809679000448749,6.0027220841464114e-05,0.05573628237696193
val-gsm8k,c75896d63fe7da0a,answer128,calibrated_0.016,8,2.0,0.03680269753036949,0.03773023523489371,0.0,0.01599933625293573,2.063515984811595e-15,1.1844132626887546e-15,0.0,0.0,
val-gsm8k,c75896d63fe7da0a,answer128,calibrated_0.016,32,1.001,0.000879628705531157,0.0008948289973294057,0.20848534035929733,0.01599933625293573,0.012319030929767952,0.005187195000943869,2.079823986245415e-05,3.6645654240271097e-06,0.0016883016189363459
val-gsm8k,c75896d63fe7da0a,answer128,calibrated_0.016,32,1.05,0.000879628705531157,0.0008948289973294057,0.05091782423999114,0.01599933625293573,0.0019394330837029109,0.0009792994361019838,4.140979168974495e-06,1.3915232915087452e-06,0.0021351492886097557
val-gsm8k,c75896d63fe7da0a,answer128,calibrated_0.016,32,2.0,0.000879628705531157,0.0008948289973294057,0.0,0.01599933625293573,2.063515984811595e-15,1.1844132626887546e-15,0.0,0.0,
val-gsm8k,c75896d63fe7da0a,answer128,calibrated_0.016,128,1.001,0.00020960600461101804,0.0002116083138639949,0.20848534035929733,0.01599933625293573,0.012319030929767952,0.005187195000943869,5.2550597886627365e-06,1.0620350326523803e-06,0.0004265806148732288
val-gsm8k,c75896d63fe7da0a,answer128,calibrated_0.016,128,1.05,0.00020960600461101804,0.0002116083138639949,0.05091782423999114,0.01599933625293573,0.0019394330837029109,0.0009792994361019838,7.009499370433882e-07,2.104772195505623e-07,0.0003614200164643382
val-gsm8k,c75896d63fe7da0a,answer128,calibrated_0.016,128,2.0,0.00020960600461101804,0.0002116083138639949,0.0,0.01599933625293573,2.063515984811595e-15,1.1844132626887546e-15,0.0,0.0,
val-gsm8k,c75896d63fe7da0a,answer128,calibrated_0.05,1,1.001,0.4630776396135435,0.48567099738651826,0.20853395448073533,0.049999320628211046,0.03896328309508479,0.016397717352405375,0.028376690975763705,0.011198295248102156,0.7282931191017479
val-gsm8k,c75896d63fe7da0a,answer128,calibrated_0.05,1,1.05,0.4630776396135435,0.48567099738651826,0.19407017783585484,0.049999320628211046,0.02403172316257493,0.010449689197157726,0.02403172316257953,0.010449689197160964,1.0000000000001914
val-gsm8k,c75896d63fe7da0a,answer128,calibrated_0.05,1,2.0,0.4630776396135435,0.48567099738651826,0.0,0.049999320628211046,8.190582801380253e-15,4.534272072590881e-15,0.0,0.0,
val-gsm8k,c75896d63fe7da0a,answer128,calibrated_0.05,4,1.001,0.1450380786773793,0.16421085900677512,0.20853395448073533,0.049999320628211046,0.03896328309508479,0.016397717352405375,0.00877415771903794,0.003923498899499297,0.22519041061364764
val-gsm8k,c75896d63fe7da0a,answer128,calibrated_0.05,4,1.05,0.1450380786773793,0.16421085900677512,0.19407017783585484,0.049999320628211046,0.02403172316257493,0.010449689197157726,0.009151078096759881,0.004070818412149112,0.38079159096718596
val-gsm8k,c75896d63fe7da0a,answer128,calibrated_0.05,4,2.0,0.1450380786773793,0.16421085900677512,0.0,0.049999320628211046,8.190582801380253e-15,4.534272072590881e-15,0.0,0.0,
val-gsm8k,c75896d63fe7da0a,answer128,calibrated_0.05,8,1.001,0.03680269753036949,0.03971390716034808,0.20853395448073533,0.049999320628211046,0.03896328309508479,0.016397717352405375,0.002033397140757621,0.0008544837668482028,0.052187520640788444
val-gsm8k,c75896d63fe7da0a,answer128,calibrated_0.05,8,1.05,0.03680269753036949,0.03971390716034808,0.19407017783585484,0.049999320628211046,0.02403172316257493,0.010449689197157726,0.00211701334398456,0.000840317407520504,0.08809244887114155
val-gsm8k,c75896d63fe7da0a,answer128,calibrated_0.05,8,2.0,0.03680269753036949,0.03971390716034808,0.0,0.049999320628211046,8.190582801380253e-15,4.534272072590881e-15,0.0,0.0,
val-gsm8k,c75896d63fe7da0a,answer128,calibrated_0.05,32,1.001,0.000879628705531157,0.0009281313758587765,0.20853395448073533,0.049999320628211046,0.03896328309508479,0.016397717352405375,6.384538361311093e-05,1.1004564707850245e-05,0.0016386037967412715
val-gsm8k,c75896d63fe7da0a,answer128,calibrated_0.05,32,1.05,0.000879628705531157,0.0009281313758587765,0.19407017783585484,0.049999320628211046,0.02403172316257493,0.010449689197157726,6.695430394604339e-05,1.897183837340492e-05,0.0027860800281817757
val-gsm8k,c75896d63fe7da0a,answer128,calibrated_0.05,32,2.0,0.000879628705531157,0.0009281313758587765,0.0,0.049999320628211046,8.190582801380253e-15,4.534272072590881e-15,0.0,0.0,
val-gsm8k,c75896d63fe7da0a,answer128,calibrated_0.05,128,1.001,0.00020960600461101804,0.00021615859991165587,0.20853395448073533,0.049999320628211046,0.03896328309508479,0.016397717352405375,1.608944648698754e-05,3.0512097902816133e-06,0.0004129386747960472
val-gsm8k,c75896d63fe7da0a,answer128,calibrated_0.05,128,1.05,0.00020960600461101804,0.00021615859991165587,0.19407017783585484,0.049999320628211046,0.02403172316257493,0.010449689197157726,1.3099935974992657e-05,3.681707414130443e-06,0.0005451101398918178
val-gsm8k,c75896d63fe7da0a,answer128,calibrated_0.05,128,2.0,0.00020960600461101804,0.00021615859991165587,0.0,0.049999320628211046,8.190582801380253e-15,4.534272072590881e-15,0.0,0.0,
val-gsm8k,c75896d63fe7da0a,answer256,real_base_to_step8,1,1.001,0.00010092882042322308,0.00010849365222911819,0.0001009269769665328,1.4859213003736312e-05,1.4926252920616707e-05,1.0476472479705445e-05,5.983352670371482e-08,2.9761221312970527e-08,0.004008609998901364
val-gsm8k,c75896d63fe7da0a,answer256,real_base_to_step8,1,1.05,0.00010092882042322308,0.00010849365222911819,0.00010047431552337522,1.4859213003736312e-05,5.0488994318601274e-06,3.5526300527788763e-06,6.276109391839346e-08,3.121623751000585e-08,0.012430648454265381
val-gsm8k,c75896d63fe7da0a,answer256,real_base_to_step8,1,2.0,0.00010092882042322308,0.00010849365222911819,0.0,1.4859213003736312e-05,3.7218712900148834e-13,3.721467599643552e-13,0.0,0.0,
val-gsm8k,c75896d63fe7da0a,answer256,real_base_to_step8,4,1.001,8.615074621140207e-07,9.117502956728322e-07,0.0001009269769665328,1.4859213003736312e-05,1.4926252920616707e-05,1.0476472479705445e-05,1.9180392177516665e-08,1.0475726702983537e-08,0.001285010530072419
val-gsm8k,c75896d63fe7da0a,answer256,real_base_to_step8,4,1.05,8.615074621140207e-07,9.117502956728322e-07,0.00010047431552337522,1.4859213003736312e-05,5.0488994318601274e-06,3.5526300527788763e-06,2.011928672125473e-08,1.1848862160459076e-08,0.00398488561572365
val-gsm8k,c75896d63fe7da0a,answer256,real_base_to_step8,4,2.0,8.615074621140207e-07,9.117502956728322e-07,0.0,1.4859213003736312e-05,3.7218712900148834e-13,3.721467599643552e-13,0.0,0.0,
val-gsm8k,c75896d63fe7da0a,answer256,real_base_to_step8,8,1.001,1.1626980719678858e-07,1.2115014178065492e-07,0.0001009269769665328,1.4859213003736312e-05,1.4926252920616707e-05,1.0476472479705445e-05,1.3179417573800143e-09,2.471184043204593e-10,8.829689302394328e-05
val-gsm8k,c75896d63fe7da0a,answer256,real_base_to_step8,8,1.05,1.1626980719678858e-07,1.2115014178065492e-07,0.00010047431552337522,1.4859213003736312e-05,5.0488994318601274e-06,3.5526300527788763e-06,9.098948548379681e-10,4.705227891180451e-10,0.0001802164743263152
val-gsm8k,c75896d63fe7da0a,answer256,real_base_to_step8,8,2.0,1.1626980719678858e-07,1.2115014178065492e-07,0.0,1.4859213003736312e-05,3.7218712900148834e-13,3.721467599643552e-13,0.0,0.0,
val-gsm8k,c75896d63fe7da0a,answer256,real_base_to_step8,32,1.001,1.8253124308379802e-08,1.912181430322658e-08,0.0001009269769665328,1.4859213003736312e-05,1.4926252920616707e-05,1.0476472479705445e-05,3.9511858269446315e-10,5.2051494777483653e-11,2.6471384666724385e-05
val-gsm8k,c75896d63fe7da0a,answer256,real_base_to_step8,32,1.05,1.8253124308379802e-08,1.912181430322658e-08,0.00010047431552337522,1.4859213003736312e-05,5.0488994318601274e-06,3.5526300527788763e-06,3.67084691275232e-10,1.8593559206170663e-10,7.270588298091526e-05
val-gsm8k,c75896d63fe7da0a,answer256,real_base_to_step8,32,2.0,1.8253124308379802e-08,1.912181430322658e-08,0.0,1.4859213003736312e-05,3.7218712900148834e-13,3.721467599643552e-13,0.0,0.0,
val-gsm8k,c75896d63fe7da0a,answer256,real_base_to_step8,128,1.001,5.994835368759894e-09,6.271238415762942e-09,0.0001009269769665328,1.4859213003736312e-05,1.4926252920616707e-05,1.0476472479705445e-05,1.0459880664807024e-10,6.304988248454301e-12,7.007706971358793e-06
val-gsm8k,c75896d63fe7da0a,answer256,real_base_to_step8,128,1.05,5.994835368759894e-09,6.271238415762942e-09,0.00010047431552337522,1.4859213003736312e-05,5.0488994318601274e-06,3.5526300527788763e-06,8.764837806315224e-11,4.3983237125555355e-11,1.7359897784864495e-05
val-gsm8k,c75896d63fe7da0a,answer256,real_base_to_step8,128,2.0,5.994835368759894e-09,6.271238415762942e-09,0.0,1.4859213003736312e-05,3.7218712900148834e-13,3.721467599643552e-13,0.0,0.0,
val-gsm8k,c75896d63fe7da0a,answer256,calibrated_0.016,1,1.001,0.00010092882042322308,0.015724046558652668,0.00010091723390083517,0.016000393603983098,0.030754736902734593,0.018211812957598373,0.00018442153918783044,0.00011135834913914603,0.005996524690524418
val-gsm8k,c75896d63fe7da0a,answer256,calibrated_0.016,1,1.05,0.00010092882042322308,0.015724046558652668,0.00010091717611385766,0.016000393603983098,0.030745002528258278,0.018207448997677764,0.0001934491629118506,0.00011680945649803656,0.006292052268788985
val-gsm8k,c75896d63fe7da0a,answer256,calibrated_0.016,1,2.0,0.00010092882042322308,0.015724046558652668,0.00010087042867981836,0.016000393603983098,0.030556324240143908,0.0181231683336913,0.0003684738257843888,0.00022249407514538192,0.012058840025669705
val-gsm8k,c75896d63fe7da0a,answer256,calibrated_0.016,4,1.001,8.615074621140207e-07,0.014101282863363922,0.00010091723390083517,0.016000393603983098,0.030754736902734593,0.018211812957598373,1.235693607496865e-06,6.453512252385518e-07,4.017896857335794e-05
val-gsm8k,c75896d63fe7da0a,answer256,calibrated_0.016,4,1.05,8.615074621140207e-07,0.014101282863363922,0.00010091717611385766,0.016000393603983098,0.030745002528258278,0.018207448997677764,1.2961781736126804e-06,6.769426311286295e-07,4.2158987380838236e-05
val-gsm8k,c75896d63fe7da0a,answer256,calibrated_0.016,4,2.0,8.615074621140207e-07,0.014101282863363922,0.00010087042867981836,0.016000393603983098,0.030556324240143908,0.0181231683336913,2.4681663373656596e-06,1.2884486546537846e-06,8.077432082367626e-05
val-gsm8k,c75896d63fe7da0a,answer256,calibrated_0.016,8,1.001,1.1626980719678858e-07,0.008573668216151435,0.00010091723390083517,0.016000393603983098,0.030754736902734593,0.018211812957598373,2.2484501270836578e-07,1.2148394564019676e-07,7.310906720465992e-06
val-gsm8k,c75896d63fe7da0a,answer256,calibrated_0.016,8,1.05,1.1626980719678858e-07,0.008573668216151435,0.00010091717611385766,0.016000393603983098,0.030745002528258278,0.018207448997677764,2.3584901861357793e-07,1.2743920608425692e-07,7.671133492241703e-06
val-gsm8k,c75896d63fe7da0a,answer256,calibrated_0.016,8,2.0,1.1626980719678858e-07,0.008573668216151435,0.00010087042867981836,0.016000393603983098,0.030556324240143908,0.0181231683336913,4.487831007200476e-07,2.3839008981650737e-07,1.468707745058062e-05
val-gsm8k,c75896d63fe7da0a,answer256,calibrated_0.016,32,1.001,1.8253124308379802e-08,0.00012649450855239936,0.00010091723390083517,0.016000393603983098,0.030754736902734593,0.018211812957598373,3.1702181364363686e-08,6.77308485730057e-09,1.0308064564046019e-06
val-gsm8k,c75896d63fe7da0a,answer256,calibrated_0.016,32,1.05,1.8253124308379802e-08,0.00012649450855239936,0.00010091717611385766,0.016000393603983098,0.030745002528258278,0.018207448997677764,3.325401547793084e-08,7.1496139174445506e-09,1.08160717981293e-06
val-gsm8k,c75896d63fe7da0a,answer256,calibrated_0.016,32,2.0,1.8253124308379802e-08,0.00012649450855239936,0.00010087042867981836,0.016000393603983098,0.030556324240143908,0.0181231683336913,6.334040768298167e-08,1.4992106520280148e-08,2.072906648888321e-06
val-gsm8k,c75896d63fe7da0a,answer256,calibrated_0.016,128,1.001,5.994835368759894e-09,8.650720812303027e-05,0.00010091723390083517,0.016000393603983098,0.030754736902734593,0.018211812957598373,1.0996709881564306e-08,2.6226124364687106e-09,3.575615007321529e-07
val-gsm8k,c75896d63fe7da0a,answer256,calibrated_0.016,128,1.05,5.994835368759894e-09,8.650720812303027e-05,0.00010091717611385766,0.016000393603983098,0.030745002528258278,0.018207448997677764,1.1535006939656955e-08,2.758734386018735e-09,3.7518315144241494e-07
val-gsm8k,c75896d63fe7da0a,answer256,calibrated_0.016,128,2.0,5.994835368759894e-09,8.650720812303027e-05,0.00010087042867981836,0.016000393603983098,0.030556324240143908,0.0181231683336913,2.1971350260549768e-08,5.4731322384133896e-09,7.190442832022485e-07
val-gsm8k,c75896d63fe7da0a,answer256,calibrated_0.05,1,1.001,0.00010092882042322308,0.04860932897678493,0.00010091718059273614,0.04999738330740252,0.09230070422692357,0.056913701027231464,0.00019408633399573517,0.00012057123561504167,0.002102761139487832
val-gsm8k,c75896d63fe7da0a,answer256,calibrated_0.05,1,1.05,0.00010092882042322308,0.04860932897678493,0.0001009167931496072,0.04999738330740252,0.09229129512260423,0.05690988068726501,0.00020358705137298893,0.00012647332148312744,0.002205918240745609
val-gsm8k,c75896d63fe7da0a,answer256,calibrated_0.05,1,2.0,0.00010092882042322308,0.04860932897678493,0.00010087043347457865,0.04999738330740252,0.09210892502589021,0.05683593868910159,0.0003877823947688937,0.00024090103819805858,0.004210041477086991
val-gsm8k,c75896d63fe7da0a,answer256,calibrated_0.05,4,1.001,8.615074621140207e-07,0.04643515079324328,0.00010091718059273614,0.04999738330740252,0.09230070422692357,0.056913701027231464,1.2408784699035694e-06,7.220530044812813e-07,1.34438678479943e-05
val-gsm8k,c75896d63fe7da0a,answer256,calibrated_0.05,4,1.05,8.615074621140207e-07,0.04643515079324328,0.0001009167931496072,0.04999738330740252,0.09229129512260423,0.05690988068726501,1.3016087339814179e-06,7.57396145454799e-07,1.4103266535075684e-05
val-gsm8k,c75896d63fe7da0a,answer256,calibrated_0.05,4,2.0,8.615074621140207e-07,0.04643515079324328,0.00010087043347457865,0.04999738330740252,0.09210892502589021,0.05683593868910159,2.476834096053274e-06,1.441220828239997e-06,2.6890272526327702e-05
val-gsm8k,c75896d63fe7da0a,answer256,calibrated_0.05,8,1.001,1.1626980719678858e-07,0.03360371306657085,0.00010091718059273614,0.04999738330740252,0.09230070422692357,0.056913701027231464,2.2511411930158653e-07,1.2265631357944286e-07,2.4389209290119593e-06
val-gsm8k,c75896d63fe7da0a,answer256,calibrated_0.05,8,1.05,1.1626980719678858e-07,0.03360371306657085,0.0001009167931496072,0.04999738330740252,0.09229129512260423,0.05690988068726501,2.361251442393556e-07,1.2866507551717124e-07,2.5584768739638502e-06
val-gsm8k,c75896d63fe7da0a,answer256,calibrated_0.05,8,2.0,1.1626980719678858e-07,0.03360371306657085,0.00010087043347457865,0.04999738330740252,0.09210892502589021,0.05683593868910159,4.480434759177483e-07,2.399845304257401e-07,4.864278633062009e-06
val-gsm8k,c75896d63fe7da0a,answer256,calibrated_0.05,32,1.001,1.8253124308379802e-08,0.00037157321832393406,0.00010091718059273614,0.04999738330740252,0.09230070422692357,0.056913701027231464,3.229332337955781e-08,7.168594459431388e-09,3.4987082330557165e-07
val-gsm8k,c75896d63fe7da0a,answer256,calibrated_0.05,32,1.05,1.8253124308379802e-08,0.00037157321832393406,0.0001009167931496072,0.04999738330740252,0.09229129512260423,0.05690988068726501,3.387405719528224e-08,7.55905006407615e-09,3.6703415149047696e-07
val-gsm8k,c75896d63fe7da0a,answer256,calibrated_0.05,32,2.0,1.8253124308379802e-08,0.00037157321832393406,0.00010087043347457865,0.04999738330740252,0.09210892502589021,0.05683593868910159,6.452044734135991e-08,1.557325114036973e-08,7.00479864716957e-07
val-gsm8k,c75896d63fe7da0a,answer256,calibrated_0.05,128,1.001,5.994835368759894e-09,0.0002763827562959957,0.00010091718059273614,0.04999738330740252,0.09230070422692357,0.056913701027231464,1.1168135308249017e-08,2.6986934021111905e-09,1.2099729251027034e-07
val-gsm8k,c75896d63fe7da0a,answer256,calibrated_0.05,128,1.05,5.994835368759894e-09,0.0002763827562959957,0.0001009167931496072,0.04999738330740252,0.09229129512260423,0.05690988068726501,1.1714816758526617e-08,2.837529593828052e-09,1.2693306278738518e-07
val-gsm8k,c75896d63fe7da0a,answer256,calibrated_0.05,128,2.0,5.994835368759894e-09,0.0002763827562959957,0.00010087043347457865,0.04999738330740252,0.09210892502589021,0.05683593868910159,2.231366688889934e-08,5.594186031751808e-09,2.422530377227544e-07
val-gsm8k,53c5ed9ea123af8d,prompt,real_base_to_step8,1,1.001,0.0005636648322292841,0.0005540803312594314,0.00010429549877004307,2.352051746186101e-05,3.979900322389693e-06,2.006036581026773e-06,3.979900318613652e-06,2.0060365772839656e-06,0.9999999990512223
val-gsm8k,53c5ed9ea123af8d,prompt,real_base_to_step8,1,1.05,0.0005636648322292841,0.0005540803312594314,5.8875262208478535e-06,2.352051746186101e-05,2.3709390124987734e-07,1.4583505683024692e-07,2.3709389747308105e-07,1.4583505376349214e-07,0.9999999840704621
val-gsm8k,53c5ed9ea123af8d,prompt,real_base_to_step8,1,2.0,0.0005636648322292841,0.0005540803312594314,0.0,2.352051746186101e-05,3.776843639328192e-15,3.7747583477307084e-15,0.0,0.0,
val-gsm8k,53c5ed9ea123af8d,prompt,real_base_to_step8,4,1.001,0.000304720758805533,0.00030129836208739617,0.00010429549877004307,2.352051746186101e-05,3.979900322389693e-06,2.006036581026773e-06,3.979900318613652e-06,2.0060365772839656e-06,0.9999999990512223
val-gsm8k,53c5ed9ea123af8d,prompt,real_base_to_step8,4,1.05,0.000304720758805533,0.00030129836208739617,5.8875262208478535e-06,2.352051746186101e-05,2.3709390124987734e-07,1.4583505683024692e-07,2.3709389747308105e-07,1.4583505376349214e-07,0.9999999840704621
val-gsm8k,53c5ed9ea123af8d,prompt,real_base_to_step8,4,2.0,0.000304720758805533,0.00030129836208739617,0.0,2.352051746186101e-05,3.776843639328192e-15,3.7747583477307084e-15,0.0,0.0,
val-gsm8k,53c5ed9ea123af8d,prompt,real_base_to_step8,8,1.001,0.0002519880429344071,0.0002503352363403815,0.00010429549877004307,2.352051746186101e-05,3.979900322389693e-06,2.006036581026773e-06,3.7308856018625175e-06,1.8785650965636355e-06,0.937431920310593
val-gsm8k,53c5ed9ea123af8d,prompt,real_base_to_step8,8,1.05,0.0002519880429344071,0.0002503352363403815,5.8875262208478535e-06,2.352051746186101e-05,2.3709390124987734e-07,1.4583505683024692e-07,2.3709389747308105e-07,1.4583505376349214e-07,0.9999999840704621
val-gsm8k,53c5ed9ea123af8d,prompt,real_base_to_step8,8,2.0,0.0002519880429344071,0.0002503352363403815,0.0,2.352051746186101e-05,3.776843639328192e-15,3.7747583477307084e-15,0.0,0.0,
val-gsm8k,53c5ed9ea123af8d,prompt,real_base_to_step8,32,1.001,0.00019742344307599767,0.00019617892981421643,0.00010429549877004307,2.352051746186101e-05,3.979900322389693e-06,2.006036581026773e-06,2.879027821650424e-06,1.4417820834205474e-06,0.7233919416156984
val-gsm8k,53c5ed9ea123af8d,prompt,real_base_to_step8,32,1.05,0.00019742344307599767,0.00019617892981421643,5.8875262208478535e-06,2.352051746186101e-05,2.3709390124987734e-07,1.4583505683024692e-07,5.93951937434604e-08,3.024681708896886e-08,0.25051337647383337
val-gsm8k,53c5ed9ea123af8d,prompt,real_base_to_step8,32,2.0,0.00019742344307599767,0.00019617892981421643,0.0,2.352051746186101e-05,3.776843639328192e-15,3.7747583477307084e-15,0.0,0.0,
val-gsm8k,53c5ed9ea123af8d,prompt,real_base_to_step8,128,1.001,0.00014961811100114162,0.00014858910932299548,0.00010429549877004307,2.352051746186101e-05,3.979900322389693e-06,2.006036581026773e-06,2.0512140982406574e-06,1.0260326801167995e-06,0.5153933345267868
val-gsm8k,53c5ed9ea123af8d,prompt,real_base_to_step8,128,1.05,0.00014961811100114162,0.00014858910932299548,5.8875262208478535e-06,2.352051746186101e-05,2.3709390124987734e-07,1.4583505683024692e-07,5.2959327488421385e-08,2.690610756628692e-08,0.22336857763627854
val-gsm8k,53c5ed9ea123af8d,prompt,real_base_to_step8,128,2.0,0.00014961811100114162,0.00014858910932299548,0.0,2.352051746186101e-05,3.776843639328192e-15,3.7747583477307084e-15,0.0,0.0,
val-gsm8k,53c5ed9ea123af8d,prompt,calibrated_0.016,1,1.001,0.0005636648322292841,0.0147907238225686,0.000314058154737438,0.01600005601592589,0.028437576595398268,0.018787072545272905,0.000656293903336411,0.0003634252177753052,0.023078404769645934
val-gsm8k,53c5ed9ea123af8d,prompt,calibrated_0.016,1,1.05,0.0005636648322292841,0.0147907238225686,0.000313207919765375,0.01600005601592589,0.028407329615334306,0.018769964394956873,0.000688359769626597,0.00038240490289400596,0.024231766200756146
val-gsm8k,53c5ed9ea123af8d,prompt,calibrated_0.016,1,2.0,0.0005636648322292841,0.0147907238225686,0.0002964823387124868,0.01600005601592589,0.02783909599544862,0.018445177428952523,0.0013097950160329036,0.0007565621627160562,0.04704876251179422
val-gsm8k,53c5ed9ea123af8d,prompt,calibrated_0.016,4,1.001,0.000304720758805533,0.0015390382465438122,0.000314058154737438,0.01600005601592589,0.028437576595398268,0.018787072545272905,0.0004686811686383463,0.00017941301556643642,0.016481051648901325
val-gsm8k,53c5ed9ea123af8d,prompt,calibrated_0.016,4,1.05,0.000304720758805533,0.0015390382465438122,0.000313207919765375,0.01600005601592589,0.028407329615334306,0.018769964394956873,0.0004916179776526175,0.00019014460645677613,0.017306025744399486
val-gsm8k,53c5ed9ea123af8d,prompt,calibrated_0.016,4,2.0,0.000304720758805533,0.0015390382465438122,0.0002964823387124868,0.01600005601592589,0.02783909599544862,0.018445177428952523,0.0009362855358367403,0.0004072100464685182,0.03363203805144436
val-gsm8k,53c5ed9ea123af8d,prompt,calibrated_0.016,8,1.001,0.0002519880429344071,0.0015349558913603572,0.000314058154737438,0.01600005601592589,0.028437576595398268,0.018787072545272905,0.00037469750530512067,0.00013123045329480819,0.013176140521262059
val-gsm8k,53c5ed9ea123af8d,prompt,calibrated_0.016,8,1.05,0.0002519880429344071,0.0015349558913603572,0.000313207919765375,0.01600005601592589,0.028407329615334306,0.018769964394956873,0.0003930344032479005,0.00013940355087863483,0.013835668771757417
val-gsm8k,53c5ed9ea123af8d,prompt,calibrated_0.016,8,2.0,0.0002519880429344071,0.0015349558913603572,0.0002964823387124868,0.01600005601592589,0.02783909599544862,0.018445177428952523,0.0007485206589940745,0.00030686380987486584,0.026887390995614557
val-gsm8k,53c5ed9ea123af8d,prompt,calibrated_0.016,32,1.001,0.00019742344307599767,0.0013210426894095103,0.000314058154737438,0.01600005601592589,0.028437576595398268,0.018787072545272905,0.0003005955175217815,0.00010312070612555626,0.010570363354042746
val-gsm8k,53c5ed9ea123af8d,prompt,calibrated_0.016,32,1.05,0.00019742344307599767,0.0013210426894095103,0.000313207919765375,0.01600005601592589,0.028407329615334306,0.018769964394956873,0.00031530667275081237,0.00010952811657701703,0.011099483021473778
val-gsm8k,53c5ed9ea123af8d,prompt,calibrated_0.016,32,2.0,0.00019742344307599767,0.0013210426894095103,0.0002964823387124868,0.01600005601592589,0.02783909599544862,0.018445177428952523,0.0006005030287336902,0.00024202482872697309,0.021570493123478782
val-gsm8k,53c5ed9ea123af8d,prompt,calibrated_0.016,128,1.001,0.00014961811100114162,0.0011247728259969043,0.000314058154737438,0.01600005601592589,0.028437576595398268,0.018787072545272905,0.00023376678004553353,7.878356744249991e-05,0.008220348146099107
val-gsm8k,53c5ed9ea123af8d,prompt,calibrated_0.016,128,1.05,0.00014961811100114162,0.0011247728259969043,0.000313207919765375,0.01600005601592589,0.028407329615334306,0.018769964394956873,0.0002452078678077992,8.362052915349643e-05,0.008631852100432408
val-gsm8k,53c5ed9ea123af8d,prompt,calibrated_0.016,128,2.0,0.00014961811100114162,0.0011247728259969043,0.0002964823387124868,0.01600005601592589,0.02783909599544862,0.018445177428952523,0.0004670100060129267,0.00018460812206246466,0.01677532941763905
val-gsm8k,53c5ed9ea123af8d,prompt,calibrated_0.05,1,1.001,0.0005636648322292841,0.047301743322938926,0.00031355763045604426,0.04999957242576429,0.08947095428057036,0.058719861936134155,0.0006798909468096924,0.0003592352229394783,0.007599013023574496
val-gsm8k,53c5ed9ea123af8d,prompt,calibrated_0.05,1,1.05,0.0005636648322292841,0.047301743322938926,0.00031265400497712087,0.04999957242576429,0.08944180722739502,0.0587034201373027,0.0007130261524217059,0.0003776619612346715,0.007971956007205029
val-gsm8k,53c5ed9ea123af8d,prompt,calibrated_0.05,1,2.0,0.0005636648322292841,0.047301743322938926,0.0002994689246527863,0.04999957242576429,0.08889040611882064,0.0583897339856777,0.0013547972604599323,0.000739304749378002,0.015241209030465696
val-gsm8k,53c5ed9ea123af8d,prompt,calibrated_0.05,4,1.001,0.000304720758805533,0.006022748167046916,0.00031355763045604426,0.04999957242576429,0.08947095428057036,0.058719861936134155,0.0005188992395538044,0.00018758763754935125,0.005799639041812358
val-gsm8k,53c5ed9ea123af8d,prompt,calibrated_0.05,4,1.05,0.000304720758805533,0.006022748167046916,0.00031265400497712087,0.04999957242576429,0.08944180722739502,0.0587034201373027,0.0005442828355405504,0.00019816128196700915,0.006085329136482863
val-gsm8k,53c5ed9ea123af8d,prompt,calibrated_0.05,4,2.0,0.000304720758805533,0.006022748167046916,0.0002994689246527863,0.04999957242576429,0.08889040611882064,0.0583897339856777,0.0010363324713185723,0.0004099017880962305,0.011658541304595874
val-gsm8k,53c5ed9ea123af8d,prompt,calibrated_0.05,8,1.001,0.0002519880429344071,0.006020681382684271,0.00031355763045604426,0.04999957242576429,0.08947095428057036,0.058719861936134155,0.00042094887319244466,0.00013878736006414275,0.004704866250474971
val-gsm8k,53c5ed9ea123af8d,prompt,calibrated_0.05,8,1.05,0.0002519880429344071,0.006020681382684271,0.00031265400497712087,0.04999957242576429,0.08944180722739502,0.0587034201373027,0.00044153902734558485,0.00014686752437165717,0.004936606728249856
val-gsm8k,53c5ed9ea123af8d,prompt,calibrated_0.05,8,2.0,0.0002519880429344071,0.006020681382684271,0.0002994689246527863,0.04999957242576429,0.08889040611882064,0.0583897339856777,0.0008406555457579112,0.00031025485758396954,0.009457213466143907
val-gsm8k,53c5ed9ea123af8d,prompt,calibrated_0.05,32,1.001,0.00019742344307599767,0.005574966027325131,0.00031355763045604426,0.04999957242576429,0.08947095428057036,0.058719861936134155,0.0003381365558526477,0.00010932717309534931,0.003779288581099642
val-gsm8k,53c5ed9ea123af8d,prompt,calibrated_0.05,32,1.05,0.00019742344307599767,0.005574966027325131,0.00031265400497712087,0.04999957242576429,0.08944180722739502,0.0587034201373027,0.000354677234796823,0.00011568468581340136,0.0039654524633552955
val-gsm8k,53c5ed9ea123af8d,prompt,calibrated_0.05,32,2.0,0.00019742344307599767,0.005574966027325131,0.0002994689246527863,0.04999957242576429,0.08889040611882064,0.0583897339856777,0.0006752953984544105,0.00024508868122922876,0.007596943561622801
val-gsm8k,53c5ed9ea123af8d,prompt,calibrated_0.05,128,1.001,0.00014961811100114162,0.0051283037545132495,0.00031355763045604426,0.04999957242576429,0.08947095428057036,0.058719861936134155,0.0002611812251848204,8.367923837137676e-05,0.0029191733483224834
val-gsm8k,53c5ed9ea123af8d,prompt,calibrated_0.05,128,1.05,0.00014961811100114162,0.0051283037545132495,0.00031265400497712087,0.04999957242576429,0.08944180722739502,0.0587034201373027,0.0002739585720879924,8.850135481790986e-05,0.003062981178270311
val-gsm8k,53c5ed9ea123af8d,prompt,calibrated_0.05,128,2.0,0.00014961811100114162,0.0051283037545132495,0.0002994689246527863,0.04999957242576429,0.08889040611882064,0.0583897339856777,0.0005216270709388169,0.00018731022468177917,0.0058682043846391375
val-gsm8k,53c5ed9ea123af8d,answer16,real_base_to_step8,1,1.001,0.031000068980052097,0.03255423662790716,0.030998850314862447,0.0030708732494036895,0.002947226293532902,0.0019115141509048743,0.0002298972604810983,0.00016246504067283908,0.07800461776062524
val-gsm8k,53c5ed9ea123af8d,answer16,real_base_to_step8,1,1.05,0.031000068980052097,0.03255423662790716,0.02233726589854,0.0030708732494036895,0.00024135633538885427,0.00016987585511937258,0.00023552077757859618,0.00016498102932489597,0.9758218163162931
val-gsm8k,53c5ed9ea123af8d,answer16,real_base_to_step8,1,2.0,0.031000068980052097,0.03255423662790716,0.0,0.0030708732494036895,3.1753706694172265e-13,3.073031524590728e-13,0.0,0.0,
val-gsm8k,53c5ed9ea123af8d,answer16,real_base_to_step8,4,1.001,2.502065063906317e-06,2.49809910349673e-06,0.030998850314862447,0.0030708732494036895,0.002947226293532902,0.0019115141509048743,4.710175753093823e-08,2.405038941222108e-08,1.5981724116093023e-05
val-gsm8k,53c5ed9ea123af8d,answer16,real_base_to_step8,4,1.05,2.502065063906317e-06,2.49809910349673e-06,0.02233726589854,0.0030708732494036895,0.00024135633538885427,0.00016987585511937258,3.2297764178091184e-09,1.7614998815331588e-09,1.3381776006026764e-05
val-gsm8k,53c5ed9ea123af8d,answer16,real_base_to_step8,4,2.0,2.502065063906317e-06,2.49809910349673e-06,0.0,0.0030708732494036895,3.1753706694172265e-13,3.073031524590728e-13,0.0,0.0,
val-gsm8k,53c5ed9ea123af8d,answer16,real_base_to_step8,8,1.001,6.934768895831141e-07,7.044815037341114e-07,0.030998850314862447,0.0030708732494036895,0.002947226293532902,0.0019115141509048743,1.8264491128147937e-08,5.9118589181219985e-09,6.197179757871225e-06
val-gsm8k,53c5ed9ea123af8d,answer16,real_base_to_step8,8,1.05,6.934768895831141e-07,7.044815037341114e-07,0.02233726589854,0.0030708732494036895,0.00024135633538885427,0.00016987585511937258,3.2297764178091184e-09,1.7614998815331588e-09,1.3381776006026764e-05
val-gsm8k,53c5ed9ea123af8d,answer16,real_base_to_step8,8,2.0,6.934768895831141e-07,7.044815037341114e-07,0.0,0.0030708732494036895,3.1753706694172265e-13,3.073031524590728e-13,0.0,0.0,
val-gsm8k,53c5ed9ea123af8d,answer16,real_base_to_step8,32,1.001,1.4136866214413877e-07,1.43032539146719e-07,0.030998850314862447,0.0030708732494036895,0.002947226293532902,0.0019115141509048743,4.0151195428226795e-09,1.5157366946910007e-09,1.3623383964892875e-06
val-gsm8k,53c5ed9ea123af8d,answer16,real_base_to_step8,32,1.05,1.4136866214413877e-07,1.43032539146719e-07,0.02233726589854,0.0030708732494036895,0.00024135633538885427,0.00016987585511937258,9.719347629917759e-10,5.634720521419395e-10,4.026970170167157e-06
val-gsm8k,53c5ed9ea123af8d,answer16,real_base_to_step8,32,2.0,1.4136866214413877e-07,1.43032539146719e-07,0.0,0.0030708732494036895,3.1753706694172265e-13,3.073031524590728e-13,0.0,0.0,
val-gsm8k,53c5ed9ea123af8d,answer16,real_base_to_step8,128,1.001,1.2532023402179135e-08,1.2693839904103823e-08,0.030998850314862447,0.0030708732494036895,0.002947226293532902,0.0019115141509048743,2.2864749799852694e-10,6.114472832391976e-11,7.758057075571296e-08
val-gsm8k,53c5ed9ea123af8d,answer16,real_base_to_step8,128,1.05,1.2532023402179135e-08,1.2693839904103823e-08,0.02233726589854,0.0030708732494036895,0.00024135633538885427,0.00016987585511937258,1.1120196822594695e-11,5.538486141488866e-12,4.607377222843027e-08
val-gsm8k,53c5ed9ea123af8d,answer16,real_base_to_step8,128,2.0,1.2532023402179135e-08,1.2693839904103823e-08,0.0,0.0030708732494036895,3.1753706694172265e-13,3.073031524590728e-13,0.0,0.0,
val-gsm8k,53c5ed9ea123af8d,answer16,calibrated_0.016,1,1.001,0.031000068980052097,0.02356644610438055,0.9689999603466728,0.016000044369870455,0.0003046960210008265,0.0001907660639733959,1.3892011221858462e-09,8.765943117265575e-10,4.559301817013482e-06
val-gsm8k,53c5ed9ea123af8d,answer16,calibrated_0.016,1,1.05,0.031000068980052097,0.02356644610438055,9.161626099182735e-09,0.016000044369870455,1.775851608203075e-10,1.2310174143212283e-10,1.7791353362856648e-10,1.2332742918180472e-10,1.0018491004920802
val-gsm8k,53c5ed9ea123af8d,answer16,calibrated_0.016,1,2.0,0.031000068980052097,0.02356644610438055,0.0,0.016000044369870455,3.2837281463477863e-13,3.2068547008036793e-13,0.0,0.0,
val-gsm8k,53c5ed9ea123af8d,answer16,calibrated_0.016,4,1.001,2.502065063906317e-06,2.071913899910721e-06,0.9689999603466728,0.016000044369870455,0.0003046960210008265,0.0001907660639733959,1.3892011221858462e-09,8.765943117265575e-10,4.559301817013482e-06
val-gsm8k,53c5ed9ea123af8d,answer16,calibrated_0.016,4,1.05,2.502065063906317e-06,2.071913899910721e-06,9.161626099182735e-09,0.016000044369870455,1.775851608203075e-10,1.2310174143212283e-10,1.7791353362856648e-10,1.2332742918180472e-10,1.0018491004920802
val-gsm8k,53c5ed9ea123af8d,answer16,calibrated_0.016,4,2.0,2.502065063906317e-06,2.071913899910721e-06,0.0,0.016000044369870455,3.2837281463477863e-13,3.2068547008036793e-13,0.0,0.0,
val-gsm8k,53c5ed9ea123af8d,answer16,calibrated_0.016,8,1.001,6.934768895831141e-07,5.806271867811338e-07,0.9689999603466728,0.016000044369870455,0.0003046960210008265,0.0001907660639733959,1.3892011221858462e-09,8.765943117265575e-10,4.559301817013482e-06
val-gsm8k,53c5ed9ea123af8d,answer16,calibrated_0.016,8,1.05,6.934768895831141e-07,5.806271867811338e-07,9.161626099182735e-09,0.016000044369870455,1.775851608203075e-10,1.2310174143212283e-10,1.7791353362856648e-10,1.2332742918180472e-10,1.0018491004920802
val-gsm8k,53c5ed9ea123af8d,answer16,calibrated_0.016,8,2.0,6.934768895831141e-07,5.806271867811338e-07,0.0,0.016000044369870455,3.2837281463477863e-13,3.2068547008036793e-13,0.0,0.0,
val-gsm8k,53c5ed9ea123af8d,answer16,calibrated_0.016,32,1.001,1.4136866214413877e-07,1.1516619027987107e-07,0.9689999603466728,0.016000044369870455,0.0003046960210008265,0.0001907660639733959,2.052973524882179e-11,1.0826020395876414e-11,6.737775958277481e-08
val-gsm8k,53c5ed9ea123af8d,answer16,calibrated_0.016,32,1.05,1.4136866214413877e-07,1.1516619027987107e-07,9.161626099182735e-09,0.016000044369870455,1.775851608203075e-10,1.2310174143212283e-10,2.8464164498594216e-12,1.4976252722465503e-12,0.016028458890997178
val-gsm8k,53c5ed9ea123af8d,answer16,calibrated_0.016,32,2.0,1.4136866214413877e-07,1.1516619027987107e-07,0.0,0.016000044369870455,3.2837281463477863e-13,3.2068547008036793e-13,0.0,0.0,
val-gsm8k,53c5ed9ea123af8d,answer16,calibrated_0.016,128,1.001,1.2532023402179135e-08,9.926209097780166e-09,0.9689999603466728,0.016000044369870455,0.0003046960210008265,0.0001907660639733959,2.052973524882179e-11,1.0826020395876414e-11,6.737775958277481e-08
val-gsm8k,53c5ed9ea123af8d,answer16,calibrated_0.016,128,1.05,1.2532023402179135e-08,9.926209097780166e-09,9.161626099182735e-09,0.016000044369870455,1.775851608203075e-10,1.2310174143212283e-10,2.8464164498594216e-12,1.4976252722465503e-12,0.016028458890997178
val-gsm8k,53c5ed9ea123af8d,answer16,calibrated_0.016,128,2.0,1.2532023402179135e-08,9.926209097780166e-09,0.0,0.016000044369870455,3.2837281463477863e-13,3.2068547008036793e-13,0.0,0.0,
val-gsm8k,53c5ed9ea123af8d,answer16,calibrated_0.05,1,1.001,0.031000068980052097,0.011870255652601124,0.968999960346115,0.04999986026953578,0.0004311458988397433,0.0002651644617175629,4.959532024994446e-09,3.1974129067588143e-09,1.150314090506495e-05
val-gsm8k,53c5ed9ea123af8d,answer16,calibrated_0.05,1,1.05,0.031000068980052097,0.011870255652601124,9.293332599417854e-09,0.04999986026953578,3.1705411912364078e-09,2.2109518658204966e-09,3.170871405076565e-09,2.211183049590714e-09,1.0001041506229504
val-gsm8k,53c5ed9ea123af8d,answer16,calibrated_0.05,1,2.0,0.031000068980052097,0.011870255652601124,1.5123555946534538e-13,0.04999986026953578,3.300937302886859e-13,2.9800937346862363e-13,5.763065995641553e-14,3.090473143984648e-14,
val-gsm8k,53c5ed9ea123af8d,answer16,calibrated_0.05,4,1.001,2.502065063906317e-06,1.316131322759554e-06,0.968999960346115,0.04999986026953578,0.0004311458988397433,0.0002651644617175629,4.959532024994446e-09,3.1974129067588143e-09,1.150314090506495e-05
val-gsm8k,53c5ed9ea123af8d,answer16,calibrated_0.05,4,1.05,2.502065063906317e-06,1.316131322759554e-06,9.293332599417854e-09,0.04999986026953578,3.1705411912364078e-09,2.2109518658204966e-09,3.170871405076565e-09,2.211183049590714e-09,1.0001041506229504
val-gsm8k,53c5ed9ea123af8d,answer16,calibrated_0.05,4,2.0,2.502065063906317e-06,1.316131322759554e-06,1.5123555946534538e-13,0.04999986026953578,3.300937302886859e-13,2.9800937346862363e-13,5.763065995641553e-14,3.090473143984648e-14,
val-gsm8k,53c5ed9ea123af8d,answer16,calibrated_0.05,8,1.001,6.934768895831141e-07,3.8638863537852275e-07,0.968999960346115,0.04999986026953578,0.0004311458988397433,0.0002651644617175629,4.959532024994446e-09,3.1974129067588143e-09,1.150314090506495e-05
val-gsm8k,53c5ed9ea123af8d,answer16,calibrated_0.05,8,1.05,6.934768895831141e-07,3.8638863537852275e-07,9.293332599417854e-09,0.04999986026953578,3.1705411912364078e-09,2.2109518658204966e-09,3.170871405076565e-09,2.211183049590714e-09,1.0001041506229504
val-gsm8k,53c5ed9ea123af8d,answer16,calibrated_0.05,8,2.0,6.934768895831141e-07,3.8638863537852275e-07,1.5123555946534538e-13,0.04999986026953578,3.300937302886859e-13,2.9800937346862363e-13,5.763065995641553e-14,3.090473143984648e-14,
val-gsm8k,53c5ed9ea123af8d,answer16,calibrated_0.05,32,1.001,1.4136866214413877e-07,7.161538000937063e-08,0.968999960346115,0.04999986026953578,0.0004311458988397433,0.0002651644617175629,7.580103808269826e-11,4.0338572154706055e-11,1.758129632838592e-07
val-gsm8k,53c5ed9ea123af8d,answer16,calibrated_0.05,32,1.05,1.4136866214413877e-07,7.161538000937063e-08,9.293332599417854e-09,0.04999986026953578,3.1705411912364078e-09,2.2109518658204966e-09,5.013439996939138e-11,2.6948896422737735e-11,0.01581256856336271
val-gsm8k,53c5ed9ea123af8d,answer16,calibrated_0.05,32,2.0,1.4136866214413877e-07,7.161538000937063e-08,1.5123555946534538e-13,0.04999986026953578,3.300937302886859e-13,2.9800937346862363e-13,5.763065995641553e-14,3.090473143984648e-14,
val-gsm8k,53c5ed9ea123af8d,answer16,calibrated_0.05,128,1.001,1.2532023402179135e-08,5.802615377563936e-09,0.968999960346115,0.04999986026953578,0.0004311458988397433,0.0002651644617175629,7.580103808269826e-11,4.0338572154706055e-11,1.758129632838592e-07
val-gsm8k,53c5ed9ea123af8d,answer16,calibrated_0.05,128,1.05,1.2532023402179135e-08,5.802615377563936e-09,9.293332599417854e-09,0.04999986026953578,3.1705411912364078e-09,2.2109518658204966e-09,5.013439996939138e-11,2.6948896422737735e-11,0.01581256856336271
val-gsm8k,53c5ed9ea123af8d,answer16,calibrated_0.05,128,2.0,1.2532023402179135e-08,5.802615377563936e-09,1.5123555946534538e-13,0.04999986026953578,3.300937302886859e-13,2.9800937346862363e-13,5.763065995641553e-14,3.090473143984648e-14,
val-gsm8k,53c5ed9ea123af8d,answer32,real_base_to_step8,1,1.001,0.08350469829402242,0.08533578599151694,0.08350445033776072,0.0036442288036043803,0.003196918130187087,0.0022590869373633224,1.3287314167582395e-06,7.876675635682803e-07,0.0004156288533671273
val-gsm8k,53c5ed9ea123af8d,answer32,real_base_to_step8,1,1.05,0.08350469829402242,0.08533578599151694,5.78953344192175e-07,0.0036442288036043803,3.8626681113906615e-08,2.621592140695259e-08,3.862696489546392e-08,2.6216097831466383e-08,1.000007346775574
val-gsm8k,53c5ed9ea123af8d,answer32,real_base_to_step8,1,2.0,0.08350469829402242,0.08533578599151694,0.0,0.0036442288036043803,2.837819132052908e-13,2.6069348988060704e-13,0.0,0.0,
val-gsm8k,53c5ed9ea123af8d,answer32,real_base_to_step8,4,1.001,1.4685822024801136e-06,1.5190384597596986e-06,0.08350445033776072,0.0036442288036043803,0.003196918130187087,0.0022590869373633224,5.491423396863981e-08,2.9468520070074255e-08,1.7177241246846124e-05
val-gsm8k,53c5ed9ea123af8d,answer32,real_base_to_step8,4,1.05,1.4685822024801136e-06,1.5190384597596986e-06,5.78953344192175e-07,0.0036442288036043803,3.8626681113906615e-08,2.621592140695259e-08,3.862696489546392e-08,2.6216097831466383e-08,1.000007346775574
val-gsm8k,53c5ed9ea123af8d,answer32,real_base_to_step8,4,2.0,1.4685822024801136e-06,1.5190384597596986e-06,0.0,0.0036442288036043803,2.837819132052908e-13,2.6069348988060704e-13,0.0,0.0,
val-gsm8k,53c5ed9ea123af8d,answer32,real_base_to_step8,8,1.001,3.0597172148974776e-07,3.079178368102272e-07,0.08350445033776072,0.0036442288036043803,0.003196918130187087,0.0022590869373633224,3.923855262341413e-09,1.681803178990099e-09,1.227386846503881e-06
val-gsm8k,53c5ed9ea123af8d,answer32,real_base_to_step8,8,1.05,3.0597172148974776e-07,3.079178368102272e-07,5.78953344192175e-07,0.0036442288036043803,3.8626681113906615e-08,2.621592140695259e-08,2.5898276722592567e-11,1.3567834260643178e-11,0.0006704763644130044
val-gsm8k,53c5ed9ea123af8d,answer32,real_base_to_step8,8,2.0,3.0597172148974776e-07,3.079178368102272e-07,0.0,0.0036442288036043803,2.837819132052908e-13,2.6069348988060704e-13,0.0,0.0,
val-gsm8k,53c5ed9ea123af8d,answer32,real_base_to_step8,32,1.001,3.040951915984566e-09,3.1047047925629586e-09,0.08350445033776072,0.0036442288036043803,0.003196918130187087,0.0022590869373633224,6.420951166607462e-11,1.3433869251065176e-11,2.0084815766713744e-08
val-gsm8k,53c5ed9ea123af8d,answer32,real_base_to_step8,32,1.05,3.040951915984566e-09,3.1047047925629586e-09,5.78953344192175e-07,0.0036442288036043803,3.8626681113906615e-08,2.621592140695259e-08,1.5148587486152505e-11,7.8809171765752e-12,0.00039217937056203927
val-gsm8k,53c5ed9ea123af8d,answer32,real_base_to_step8,32,2.0,3.040951915984566e-09,3.1047047925629586e-09,0.0,0.0036442288036043803,2.837819132052908e-13,2.6069348988060704e-13,0.0,0.0,
val-gsm8k,53c5ed9ea123af8d,answer32,real_base_to_step8,128,1.001,4.535214437486556e-10,4.6095783076771427e-10,0.08350445033776072,0.0036442288036043803,0.003196918130187087,0.0022590869373633224,8.482919966031909e-12,1.6602544347370565e-12,2.6534680028028996e-09
val-gsm8k,53c5ed9ea123af8d,answer32,real_base_to_step8,128,1.05,4.535214437486556e-10,4.6095783076771427e-10,5.78953344192175e-07,0.0036442288036043803,3.8626681113906615e-08,2.621592140695259e-08,9.783003874934674e-13,4.719958121789173e-13,2.532706303729661e-05
val-gsm8k,53c5ed9ea123af8d,answer32,real_base_to_step8,128,2.0,4.535214437486556e-10,4.6095783076771427e-10,0.0,0.0036442288036043803,2.837819132052908e-13,2.6069348988060704e-13,0.0,0.0,
val-gsm8k,53c5ed9ea123af8d,answer32,calibrated_0.016,1,1.001,0.08350469829402242,0.07569010759403316,0.916569398539091,0.01600036582484742,0.0010441170515640135,0.0007338363865166943,1.3172334021308548e-05,8.972970755238038e-06,0.012615763722637537
val-gsm8k,53c5ed9ea123af8d,answer32,calibrated_0.016,1,1.05,0.08350469829402242,0.07569010759403316,7.409361281966726e-05,0.01600036582484742,5.9115382032035935e-06,4.026849754531676e-06,5.911538487827936e-06,4.026849934240099e-06,1.000000048147256
val-gsm8k,53c5ed9ea123af8d,answer32,calibrated_0.016,1,2.0,0.08350469829402242,0.07569010759403316,0.0,0.01600036582484742,2.846703224720043e-13,2.640006499399826e-13,0.0,0.0,
val-gsm8k,53c5ed9ea123af8d,answer32,calibrated_0.016,4,1.001,1.4685822024801136e-06,1.4204367033309292e-06,0.916569398539091,0.01600036582484742,0.0010441170515640135,0.0007338363865166943,2.6881291716666213e-08,1.8203192679832802e-08,2.5745477172698156e-05
val-gsm8k,53c5ed9ea123af8d,answer32,calibrated_0.016,4,1.05,1.4685822024801136e-06,1.4204367033309292e-06,7.409361281966726e-05,0.01600036582484742,5.9115382032035935e-06,4.026849754531676e-06,1.2282047645629174e-08,8.349084095344369e-09,0.0020776399007238523
val-gsm8k,53c5ed9ea123af8d,answer32,calibrated_0.016,4,2.0,1.4685822024801136e-06,1.4204367033309292e-06,0.0,0.01600036582484742,2.846703224720043e-13,2.640006499399826e-13,0.0,0.0,
val-gsm8k,53c5ed9ea123af8d,answer32,calibrated_0.016,8,1.001,3.0597172148974776e-07,2.8054621600300246e-07,0.916569398539091,0.01600036582484742,0.0010441170515640135,0.0007338363865166943,3.4994496624626084e-10,1.845933332866629e-10,3.351587503738858e-07
val-gsm8k,53c5ed9ea123af8d,answer32,calibrated_0.016,8,1.05,3.0597172148974776e-07,2.8054621600300246e-07,7.409361281966726e-05,0.01600036582484742,5.9115382032035935e-06,4.026849754531676e-06,7.192435223946088e-11,4.3198012860804515e-11,1.2166774495423793e-05
val-gsm8k,53c5ed9ea123af8d,answer32,calibrated_0.016,8,2.0,3.0597172148974776e-07,2.8054621600300246e-07,0.0,0.01600036582484742,2.846703224720043e-13,2.640006499399826e-13,0.0,0.0,
val-gsm8k,53c5ed9ea123af8d,answer32,calibrated_0.016,32,1.001,3.040951915984566e-09,2.9369601882525933e-09,0.916569398539091,0.01600036582484742,0.0010441170515640135,0.0007338363865166943,7.510042436300906e-11,3.594044322096767e-11,7.192720801802243e-08
val-gsm8k,53c5ed9ea123af8d,answer32,calibrated_0.016,32,1.05,3.040951915984566e-09,2.9369601882525933e-09,7.409361281966726e-05,0.01600036582484742,5.9115382032035935e-06,4.026849754531676e-06,1.6188231730471154e-11,7.855083870892994e-12,2.7384127741403062e-06
val-gsm8k,53c5ed9ea123af8d,answer32,calibrated_0.016,32,2.0,3.040951915984566e-09,2.9369601882525933e-09,0.0,0.01600036582484742,2.846703224720043e-13,2.640006499399826e-13,0.0,0.0,
val-gsm8k,53c5ed9ea123af8d,answer32,calibrated_0.016,128,1.001,4.535214437486556e-10,4.33877223122154e-10,0.916569398539091,0.01600036582484742,0.0010441170515640135,0.0007338363865166943,1.1723486670834438e-11,5.5080388025552265e-12,1.1228134482885308e-08
val-gsm8k,53c5ed9ea123af8d,answer32,calibrated_0.016,128,1.05,4.535214437486556e-10,4.33877223122154e-10,7.409361281966726e-05,0.01600036582484742,5.9115382032035935e-06,4.026849754531676e-06,4.6206405642997595e-12,2.2017742126528376e-12,7.816308387884108e-07
val-gsm8k,53c5ed9ea123af8d,answer32,calibrated_0.016,128,2.0,4.535214437486556e-10,4.33877223122154e-10,0.0,0.01600036582484742,2.846703224720043e-13,2.640006499399826e-13,0.0,0.0,
val-gsm8k,53c5ed9ea123af8d,answer32,calibrated_0.05,1,1.001,0.08350469829402242,0.06036809137432281,0.916569398538819,0.05000004777319984,0.0026812841377269222,0.0018802219311521227,4.753404084060397e-05,3.261047455482352e-05,0.01772808788586699
val-gsm8k,53c5ed9ea123af8d,answer32,calibrated_0.05,1,1.05,0.08350469829402242,0.06036809137432281,7.409660084746334e-05,0.05000004777319984,4.027327637450373e-05,2.7629210986184557e-05,4.027327665825365e-05,2.762921116955723e-05,1.000000007045613
val-gsm8k,53c5ed9ea123af8d,answer32,calibrated_0.05,1,2.0,0.08350469829402242,0.06036809137432281,7.492532872009452e-14,0.05000004777319984,2.8347518703069604e-13,2.570327359924672e-13,2.1405325870442514e-14,1.1307189951370558e-14,
val-gsm8k,53c5ed9ea123af8d,answer32,calibrated_0.05,4,1.001,1.4685822024801136e-06,1.3261288616246128e-06,0.916569398538819,0.05000004777319984,0.0026812841377269222,0.0018802219311521227,9.718180997768551e-08,6.629275322015698e-08,3.624450262853234e-05
val-gsm8k,53c5ed9ea123af8d,answer32,calibrated_0.05,4,1.05,1.4685822024801136e-06,1.3261288616246128e-06,7.409660084746334e-05,0.05000004777319984,4.027327637450373e-05,2.7629210986184557e-05,8.248914874073058e-08,5.6336844229707097e-08,0.0020482353601842273
val-gsm8k,53c5ed9ea123af8d,answer32,calibrated_0.05,4,2.0,1.4685822024801136e-06,1.3261288616246128e-06,7.492532872009452e-14,0.05000004777319984,2.8347518703069604e-13,2.570327359924672e-13,2.1405325870442514e-14,1.1307189951370558e-14,
val-gsm8k,53c5ed9ea123af8d,answer32,calibrated_0.05,8,1.001,3.0597172148974776e-07,2.3050702905934698e-07,0.916569398538819,0.05000004777319984,0.0026812841377269222,0.0018802219311521227,1.2348531210143197e-09,6.583684701453971e-10,4.605454168916149e-07
val-gsm8k,53c5ed9ea123af8d,answer32,calibrated_0.05,8,1.05,3.0597172148974776e-07,2.3050702905934698e-07,7.409660084746334e-05,0.05000004777319984,4.027327637450373e-05,2.7629210986184557e-05,8.634148090493836e-10,4.641687924866063e-10,2.1438901593712788e-05
val-gsm8k,53c5ed9ea123af8d,answer32,calibrated_0.05,8,2.0,3.0597172148974776e-07,2.3050702905934698e-07,7.492532872009452e-14,0.05000004777319984,2.8347518703069604e-13,2.570327359924672e-13,2.1405325870442514e-14,1.1307189951370558e-14,
val-gsm8k,53c5ed9ea123af8d,answer32,calibrated_0.05,32,1.001,3.040951915984566e-09,2.751419583794174e-09,0.916569398538819,0.05000004777319984,0.0026812841377269222,0.0018802219311521227,2.6259585224708553e-10,1.274340978880316e-10,9.79366000612315e-08
val-gsm8k,53c5ed9ea123af8d,answer32,calibrated_0.05,32,1.05,3.040951915984566e-09,2.751419583794174e-09,7.409660084746334e-05,0.05000004777319984,4.027327637450373e-05,2.7629210986184557e-05,1.7597258459246256e-10,8.572174498304119e-11,4.3694628407205414e-06
val-gsm8k,53c5ed9ea123af8d,answer32,calibrated_0.05,32,2.0,3.040951915984566e-09,2.751419583794174e-09,7.492532872009452e-14,0.05000004777319984,2.8347518703069604e-13,2.570327359924672e-13,2.1405325870442514e-14,1.1307189951370558e-14,
val-gsm8k,53c5ed9ea123af8d,answer32,calibrated_0.05,128,1.001,4.535214437486556e-10,3.9986990732773487e-10,0.916569398538819,0.05000004777319984,0.0026812841377269222,0.0018802219311521227,4.257872166167212e-11,2.0317052532207016e-11,1.5879973726980137e-08
val-gsm8k,53c5ed9ea123af8d,answer32,calibrated_0.05,128,1.05,4.535214437486556e-10,3.9986990732773487e-10,7.409660084746334e-05,0.05000004777319984,4.027327637450373e-05,2.7629210986184557e-05,3.2895778716943386e-11,1.575610250170004e-11,8.168140682432556e-07
val-gsm8k,53c5ed9ea123af8d,answer32,calibrated_0.05,128,2.0,4.535214437486556e-10,3.9986990732773487e-10,7.492532872009452e-14,0.05000004777319984,2.8347518703069604e-13,2.570327359924672e-13,2.1405325870442514e-14,1.1307189951370558e-14,
val-gsm8k,53c5ed9ea123af8d,answer64,real_base_to_step8,1,1.001,0.005340087180348755,0.005672453996470863,0.005339771481142344,0.0006548559980249168,0.000650349324263405,0.0004589258602233698,1.0279649829397428e-06,6.823194103437071e-07,0.001580635121138983
val-gsm8k,53c5ed9ea123af8d,answer64,real_base_to_step8,1,1.05,0.005340087180348755,0.005672453996470863,0.005312534352748156,0.0006548559980249168,0.00013037364002108085,9.216035692888047e-05,1.0761263074168446e-06,6.423816207297819e-07,0.008254170914019426
val-gsm8k,53c5ed9ea123af8d,answer64,real_base_to_step8,1,2.0,0.005340087180348755,0.005672453996470863,0.0,0.0006548559980249168,1.7295485352355728e-13,1.7197631486345202e-13,0.0,0.0,
val-gsm8k,53c5ed9ea123af8d,answer64,real_base_to_step8,4,1.001,2.666922407477282e-06,2.805050376365307e-06,0.005339771481142344,0.0006548559980249168,0.000650349324263405,0.0004589258602233698,5.316502735470831e-08,2.3467241951006826e-08,8.174841638364703e-05
val-gsm8k,53c5ed9ea123af8d,answer64,real_base_to_step8,4,1.05,2.666922407477282e-06,2.805050376365307e-06,0.005312534352748156,0.0006548559980249168,0.00013037364002108085,9.216035692888047e-05,5.576743922802105e-08,3.153157347714711e-08,0.0004277508798481326
val-gsm8k,53c5ed9ea123af8d,answer64,real_base_to_step8,4,2.0,2.666922407477282e-06,2.805050376365307e-06,0.0,0.0006548559980249168,1.7295485352355728e-13,1.7197631486345202e-13,0.0,0.0,
val-gsm8k,53c5ed9ea123af8d,answer64,real_base_to_step8,8,1.001,8.868279726173795e-07,9.201157780769252e-07,0.005339771481142344,0.0006548559980249168,0.000650349324263405,0.0004589258602233698,2.9487352379568657e-08,1.5706311738456494e-08,4.534079037133844e-05
val-gsm8k,53c5ed9ea123af8d,answer64,real_base_to_step8,8,1.05,8.868279726173795e-07,9.201157780769252e-07,0.005312534352748156,0.0006548559980249168,0.00013037364002108085,9.216035692888047e-05,1.9713606171082858e-08,1.3054288538557656e-08,0.00015120852779668692
val-gsm8k,53c5ed9ea123af8d,answer64,real_base_to_step8,8,2.0,8.868279726173795e-07,9.201157780769252e-07,0.0,0.0006548559980249168,1.7295485352355728e-13,1.7197631486345202e-13,0.0,0.0,
val-gsm8k,53c5ed9ea123af8d,answer64,real_base_to_step8,32,1.001,6.024349049781173e-08,6.322172421886111e-08,0.005339771481142344,0.0006548559980249168,0.000650349324263405,0.0004589258602233698,8.278876792394652e-10,1.1470980555806943e-10,1.2729892203349986e-06
val-gsm8k,53c5ed9ea123af8d,answer64,real_base_to_step8,32,1.05,6.024349049781173e-08,6.322172421886111e-08,0.005312534352748156,0.0006548559980249168,0.00013037364002108085,9.216035692888047e-05,8.34148375063863e-10,4.2094114589007553e-10,6.398136731696567e-06
val-gsm8k,53c5ed9ea123af8d,answer64,real_base_to_step8,32,2.0,6.024349049781173e-08,6.322172421886111e-08,0.0,0.0006548559980249168,1.7295485352355728e-13,1.7197631486345202e-13,0.0,0.0,
val-gsm8k,53c5ed9ea123af8d,answer64,real_base_to_step8,128,1.001,1.5589484791816964e-08,1.635546592368281e-08,0.005339771481142344,0.0006548559980249168,0.000650349324263405,0.0004589258602233698,2.0447963586474878e-10,1.1225470745791918e-11,3.1441508161224794e-07
val-gsm8k,53c5ed9ea123af8d,answer64,real_base_to_step8,128,1.05,1.5589484791816964e-08,1.635546592368281e-08,0.005312534352748156,0.0006548559980249168,0.00013037364002108085,9.216035692888047e-05,2.0160288658335613e-10,1.0061207566253263e-10,1.5463469958402468e-06
val-gsm8k,53c5ed9ea123af8d,answer64,real_base_to_step8,128,2.0,1.5589484791816964e-08,1.635546592368281e-08,0.0,0.0006548559980249168,1.7295485352355728e-13,1.7197631486345202e-13,0.0,0.0,
val-gsm8k,53c5ed9ea123af8d,answer64,calibrated_0.016,1,1.001,0.005340087180348755,0.01801539725690979,1.866147349200618e-06,0.016000091728791674,0.029460024426423155,0.019433851522111918,0.008802993278758194,0.004915801282531448,0.2988114725004319
val-gsm8k,53c5ed9ea123af8d,answer64,calibrated_0.016,1,1.05,0.005340087180348755,0.01801539725690979,1.8661187439626656e-06,0.016000091728791674,0.029459844281374534,0.019433784307485855,0.009229428833480349,0.005160743527971421,0.3132884459717084
val-gsm8k,53c5ed9ea123af8d,answer64,calibrated_0.016,1,2.0,0.005340087180348755,0.01801539725690979,1.8653526248609074e-06,0.016000091728791674,0.0294563526704297,0.01943248162864266,0.01749705692023881,0.010711949217913309,0.5939994376087013
val-gsm8k,53c5ed9ea123af8d,answer64,calibrated_0.016,4,1.001,2.666922407477282e-06,0.014943592406579012,1.866147349200618e-06,0.016000091728791674,0.029460024426423155,0.019433851522111918,5.247131156055253e-06,2.8628900060089613e-06,0.000178110210640186
val-gsm8k,53c5ed9ea123af8d,answer64,calibrated_0.016,4,1.05,2.666922407477282e-06,0.014943592406579012,1.8661187439626656e-06,0.016000091728791674,0.029459844281374534,0.019433784307485855,5.502890167633076e-06,3.01291600694912e-06,0.0001867929142827201
val-gsm8k,53c5ed9ea123af8d,answer64,calibrated_0.016,4,2.0,2.666922407477282e-06,0.014943592406579012,1.8653526248609074e-06,0.016000091728791674,0.0294563526704297,0.01943248162864266,1.0461468347460549e-05,6.001504169976397e-06,0.00035515151738261494
val-gsm8k,53c5ed9ea123af8d,answer64,calibrated_0.016,8,1.001,8.868279726173795e-07,0.014852592740360158,1.866147349200618e-06,0.016000091728791674,0.029460024426423155,0.019433851522111918,1.7411496692103897e-06,1.130686350993859e-06,5.9102112204928296e-05
val-gsm8k,53c5ed9ea123af8d,answer64,calibrated_0.016,8,1.05,8.868279726173795e-07,0.014852592740360158,1.8661187439626656e-06,0.016000091728791674,0.029459844281374534,0.019433784307485855,1.826362413344245e-06,1.1864792494848785e-06,6.199497851721268e-05
val-gsm8k,53c5ed9ea123af8d,answer64,calibrated_0.016,8,2.0,8.868279726173795e-07,0.014852592740360158,1.8653526248609074e-06,0.016000091728791674,0.0294563526704297,0.01943248162864266,3.478431373313566e-06,2.2685581303741625e-06,0.00011808764690699311
val-gsm8k,53c5ed9ea123af8d,answer64,calibrated_0.016,32,1.001,6.024349049781173e-08,0.014797270490097355,1.866147349200618e-06,0.016000091728791674,0.029460024426423155,0.019433851522111918,1.1770611970285017e-07,6.786335846572663e-08,3.995452210055798e-06
val-gsm8k,53c5ed9ea123af8d,answer64,calibrated_0.016,32,1.05,6.024349049781173e-08,0.014797270490097355,1.8661187439626656e-06,0.016000091728791674,0.029459844281374534,0.019433784307485855,1.234584369908403e-07,7.138462494061197e-08,4.190736237831872e-06
val-gsm8k,53c5ed9ea123af8d,answer64,calibrated_0.016,32,2.0,6.024349049781173e-08,0.014797270490097355,1.8653526248609074e-06,0.016000091728791674,0.0294563526704297,0.01943248162864266,2.3496812630897133e-07,1.4008269991126832e-07,7.976823503503486e-06
val-gsm8k,53c5ed9ea123af8d,answer64,calibrated_0.016,128,1.001,1.5589484791816964e-08,0.001897255783642035,1.866147349200618e-06,0.016000091728791674,0.029460024426423155,0.019433851522111918,3.073990205064929e-08,1.257618129730472e-08,1.0434445540743747e-06
val-gsm8k,53c5ed9ea123af8d,answer64,calibrated_0.016,128,1.05,1.5589484791816964e-08,0.001897255783642035,1.8661187439626656e-06,0.016000091728791674,0.029459844281374534,0.019433784307485855,3.224449032553587e-08,1.3228248568262222e-08,1.0945234474956774e-06
val-gsm8k,53c5ed9ea123af8d,answer64,calibrated_0.016,128,2.0,1.5589484791816964e-08,0.001897255783642035,1.8653526248609074e-06,0.016000091728791674,0.0294563526704297,0.01943248162864266,6.141410108084283e-08,2.6094273880579227e-08,2.0849187191628954e-06
val-gsm8k,53c5ed9ea123af8d,answer64,calibrated_0.05,1,1.001,0.005340087180348755,0.050634755849091766,1.8661391602005871e-06,0.04999986332530869,0.09099750715680341,0.05907128290840258,0.009847036921564403,0.005376857677767919,0.10821216129136776
val-gsm8k,53c5ed9ea123af8d,answer64,calibrated_0.05,1,1.05,0.005340087180348755,0.050634755849091766,1.8660841953219373e-06,0.04999986332530869,0.09099733303209641,0.05907121850154363,0.010315726639343988,0.00563126877613208,0.11336295576602717
val-gsm8k,53c5ed9ea123af8d,answer64,calibrated_0.05,1,2.0,0.005340087180348755,0.050634755849091766,1.865364982224623e-06,0.04999986332530869,0.09099395785721236,0.05906997016831405,0.019402568061271025,0.011201919199184842,0.21322919145595928
val-gsm8k,53c5ed9ea123af8d,answer64,calibrated_0.05,4,1.001,2.666922407477282e-06,0.04777034355959846,1.8661391602005871e-06,0.04999986332530869,0.09099750715680341,0.05907128290840258,5.1624147061944064e-06,2.7407440881064802e-06,5.673138602905607e-05
val-gsm8k,53c5ed9ea123af8d,answer64,calibrated_0.05,4,1.05,2.666922407477282e-06,0.04777034355959846,1.8660841953219373e-06,0.04999986332530869,0.09099733303209641,0.05907121850154363,5.411739494725265e-06,2.8834648140060055e-06,5.947140772594342e-05
val-gsm8k,53c5ed9ea123af8d,answer64,calibrated_0.05,4,2.0,2.666922407477282e-06,0.04777034355959846,1.865364982224623e-06,0.04999986332530869,0.09099395785721236,0.05906997016831405,1.0245541295021443e-05,5.7264375700689794e-06,0.00011259584192500713
val-gsm8k,53c5ed9ea123af8d,answer64,calibrated_0.05,8,1.001,8.868279726173795e-07,0.047641720015187766,1.8661391602005871e-06,0.04999986332530869,0.09099750715680341,0.05907128290840258,1.688269112768724e-06,1.0746906784173697e-06,1.8552916069003556e-05
val-gsm8k,53c5ed9ea123af8d,answer64,calibrated_0.05,8,1.05,8.868279726173795e-07,0.047641720015187766,1.8660841953219373e-06,0.04999986332530869,0.09099733303209641,0.05907121850154363,1.7708606786564714e-06,1.1276672109515738e-06,1.9460577795525685e-05
val-gsm8k,53c5ed9ea123af8d,answer64,calibrated_0.05,8,2.0,8.868279726173795e-07,0.047641720015187766,1.865364982224623e-06,0.04999986332530869,0.09099395785721236,0.05906997016831405,3.37207968133451e-06,2.1551121275791837e-06,3.70582812391343e-05
val-gsm8k,53c5ed9ea123af8d,answer64,calibrated_0.05,32,1.001,6.024349049781173e-08,0.047541617366113016,1.8661391602005871e-06,0.04999986332530869,0.09099750715680341,0.05907128290840258,1.14779507045081e-07,6.459492568130125e-08,1.2613478174440246e-06
val-gsm8k,53c5ed9ea123af8d,answer64,calibrated_0.05,32,1.05,6.024349049781173e-08,0.047541617366113016,1.8660841953219373e-06,0.04999986332530869,0.09099733303209641,0.05907121850154363,1.2036972527716225e-07,6.79343122903089e-08,1.322783001065599e-06
val-gsm8k,53c5ed9ea123af8d,answer64,calibrated_0.05,32,2.0,6.024349049781173e-08,0.047541617366113016,1.865364982224623e-06,0.04999986332530869,0.09099395785721236,0.05906997016831405,2.287054932365912e-07,1.3306899428285354e-07,2.5134140620136083e-06
val-gsm8k,53c5ed9ea123af8d,answer64,calibrated_0.05,128,1.001,1.5589484791816964e-08,0.007961326973352018,1.8661391602005871e-06,0.04999986332530869,0.09099750715680341,0.05907128290840258,3.075979570119794e-08,1.2588109632958965e-08,3.380289929062984e-07
val-gsm8k,53c5ed9ea123af8d,answer64,calibrated_0.05,128,1.05,1.5589484791816964e-08,0.007961326973352018,1.8660841953219373e-06,0.04999986332530869,0.09099733303209641,0.05907121850154363,3.2264876867088495e-08,1.3236502934137686e-08,3.5456947793962364e-07
val-gsm8k,53c5ed9ea123af8d,answer64,calibrated_0.05,128,2.0,1.5589484791816964e-08,0.007961326973352018,1.865364982224623e-06,0.04999986332530869,0.09099395785721236,0.05906997016831405,6.144131769116511e-08,2.5998503736588395e-08,6.752241482624459e-07
val-gsm8k,53c5ed9ea123af8d,answer128,real_base_to_step8,1,1.001,0.3669282191569791,0.3645377817934428,0.6337013870509421,0.004852528353771939,0.0013035116690495706,0.0008988979614668732,6.75370183760881e-05,3.233777004296363e-05,0.051811594771016795
val-gsm8k,53c5ed9ea123af8d,answer128,real_base_to_step8,1,1.05,0.3669282191569791,0.3645377817934428,0.0004959900541498084,0.004852528353771939,1.3694718647868085e-05,6.040979518491871e-06,1.3694718674064954e-05,6.040979534425713e-06,1.0000000019129176
val-gsm8k,53c5ed9ea123af8d,answer128,real_base_to_step8,1,2.0,0.3669282191569791,0.3645377817934428,0.0,0.004852528353771939,2.6224557011975395e-14,1.9196269328080197e-14,0.0,0.0,
val-gsm8k,53c5ed9ea123af8d,answer128,real_base_to_step8,4,1.001,0.0004509053285354634,0.00046238790934034925,0.6337013870509421,0.004852528353771939,0.0013035116690495706,0.0008988979614668732,1.5273543130697824e-05,3.455123233142915e-06,0.011717227772754978
val-gsm8k,53c5ed9ea123af8d,answer128,real_base_to_step8,4,1.05,0.0004509053285354634,0.00046238790934034925,0.0004959900541498084,0.004852528353771939,1.3694718647868085e-05,6.040979518491871e-06,7.541124988088834e-06,3.0802029224402818e-06,0.5506593586910085
val-gsm8k,53c5ed9ea123af8d,answer128,real_base_to_step8,4,2.0,0.0004509053285354634,0.00046238790934034925,0.0,0.004852528353771939,2.6224557011975395e-14,1.9196269328080197e-14,0.0,0.0,
val-gsm8k,53c5ed9ea123af8d,answer128,real_base_to_step8,8,1.001,0.00029870226457741345,0.0003077120059138173,0.6337013870509421,0.004852528353771939,0.0013035116690495706,0.0008988979614668732,1.03080818901786e-05,2.274016893530306e-06,0.00790793219188788
val-gsm8k,53c5ed9ea123af8d,answer128,real_base_to_step8,8,1.05,0.00029870226457741345,0.0003077120059138173,0.0004959900541498084,0.004852528353771939,1.3694718647868085e-05,6.040979518491871e-06,5.638855394155816e-06,2.2850697721407095e-06,0.4117540154819932
val-gsm8k,53c5ed9ea123af8d,answer128,real_base_to_step8,8,2.0,0.00029870226457741345,0.0003077120059138173,0.0,0.004852528353771939,2.6224557011975395e-14,1.9196269328080197e-14,0.0,0.0,
val-gsm8k,53c5ed9ea123af8d,answer128,real_base_to_step8,32,1.001,5.600147618023795e-05,5.7991087172243796e-05,0.6337013870509421,0.004852528353771939,0.0013035116690495706,0.0008988979614668732,1.5687818879280162e-06,2.419125533477319e-07,0.0012035042916584415
val-gsm8k,53c5ed9ea123af8d,answer128,real_base_to_step8,32,1.05,5.600147618023795e-05,5.7991087172243796e-05,0.0004959900541498084,0.004852528353771939,1.3694718647868085e-05,6.040979518491871e-06,9.744829395014947e-07,3.8025867453273385e-07,0.07115757282484929
val-gsm8k,53c5ed9ea123af8d,answer128,real_base_to_step8,32,2.0,5.600147618023795e-05,5.7991087172243796e-05,0.0,0.004852528353771939,2.6224557011975395e-14,1.9196269328080197e-14,0.0,0.0,
val-gsm8k,53c5ed9ea123af8d,answer128,real_base_to_step8,128,1.001,1.1115667804497511e-05,1.149479153317978e-05,0.6337013870509421,0.004852528353771939,0.0013035116690495706,0.0008988979614668732,2.349108510079436e-07,1.809262823751966e-08,0.0001802138458639378
val-gsm8k,53c5ed9ea123af8d,answer128,real_base_to_step8,128,1.05,1.1115667804497511e-05,1.149479153317978e-05,0.0004959900541498084,0.004852528353771939,1.3694718647868085e-05,6.040979518491871e-06,1.0336141734967636e-07,3.8377806242590506e-08,0.0075475385809234624
val-gsm8k,53c5ed9ea123af8d,answer128,real_base_to_step8,128,2.0,1.1115667804497511e-05,1.149479153317978e-05,0.0,0.004852528353771939,2.6224557011975395e-14,1.9196269328080197e-14,0.0,0.0,
val-gsm8k,53c5ed9ea123af8d,answer128,calibrated_0.016,1,1.001,0.3669282191569791,0.3749233361810101,0.3665934703142118,0.015999665765276897,0.009569315926417793,0.0067525216795071685,4.1318293237928094e-05,1.7964744158571583e-05,0.004317789647205776
val-gsm8k,53c5ed9ea123af8d,answer128,calibrated_0.016,1,1.05,0.3669282191569791,0.3749233361810101,8.50359075802294e-05,0.015999665765276897,1.1439455946333531e-05,5.214721393555248e-06,1.1439455960165051e-05,5.214721401611077e-06,1.0000000012091064
val-gsm8k,53c5ed9ea123af8d,answer128,calibrated_0.016,1,2.0,0.3669282191569791,0.3749233361810101,0.0,0.015999665765276897,1.3834137450569322e-14,1.0081810669711752e-14,0.0,0.0,
val-gsm8k,53c5ed9ea123af8d,answer128,calibrated_0.016,4,1.001,0.0004509053285354634,0.0004418959869056404,0.3665934703142118,0.015999665765276897,0.009569315926417793,0.0067525216795071685,2.3074949897234654e-05,9.624071268682993e-06,0.0024113479035144155
val-gsm8k,53c5ed9ea123af8d,answer128,calibrated_0.016,4,1.05,0.0004509053285354634,0.0004418959869056404,8.50359075802294e-05,0.015999665765276897,1.1439455946333531e-05,5.214721393555248e-06,1.1439455960165051e-05,5.214721401611077e-06,1.0000000012091064
val-gsm8k,53c5ed9ea123af8d,answer128,calibrated_0.016,4,2.0,0.0004509053285354634,0.0004418959869056404,0.0,0.015999665765276897,1.3834137450569322e-14,1.0081810669711752e-14,0.0,0.0,
val-gsm8k,53c5ed9ea123af8d,answer128,calibrated_0.016,8,1.001,0.00029870226457741345,0.00029747614534925056,0.3665934703142118,0.015999665765276897,0.009569315926417793,0.0067525216795071685,2.170809755661402e-05,9.166676917159172e-06,0.0022685109075231773
val-gsm8k,53c5ed9ea123af8d,answer128,calibrated_0.016,8,1.05,0.00029870226457741345,0.00029747614534925056,8.50359075802294e-05,0.015999665765276897,1.1439455946333531e-05,5.214721393555248e-06,1.1439455960165051e-05,5.214721401611077e-06,1.0000000012091064
val-gsm8k,53c5ed9ea123af8d,answer128,calibrated_0.016,8,2.0,0.00029870226457741345,0.00029747614534925056,0.0,0.015999665765276897,1.3834137450569322e-14,1.0081810669711752e-14,0.0,0.0,
val-gsm8k,53c5ed9ea123af8d,answer128,calibrated_0.016,32,1.001,5.600147618023795e-05,5.5462258707148984e-05,0.3665934703142118,0.015999665765276897,0.009569315926417793,0.0067525216795071685,3.1789538739183906e-06,1.2736392869155168e-06,0.0003322028343888537
val-gsm8k,53c5ed9ea123af8d,answer128,calibrated_0.016,32,1.05,5.600147618023795e-05,5.5462258707148984e-05,8.50359075802294e-05,0.015999665765276897,1.1439455946333531e-05,5.214721393555248e-06,1.3479768118676422e-06,6.093020290828204e-07,0.11783574482837912
val-gsm8k,53c5ed9ea123af8d,answer128,calibrated_0.016,32,2.0,5.600147618023795e-05,5.5462258707148984e-05,0.0,0.015999665765276897,1.3834137450569322e-14,1.0081810669711752e-14,0.0,0.0,
val-gsm8k,53c5ed9ea123af8d,answer128,calibrated_0.016,128,1.001,1.1115667804497511e-05,1.0964961412449864e-05,0.3665934703142118,0.015999665765276897,0.009569315926417793,0.0067525216795071685,5.28202044083784e-07,1.9424518321263357e-07,5.519747160040862e-05
val-gsm8k,53c5ed9ea123af8d,answer128,calibrated_0.016,128,1.05,1.1115667804497511e-05,1.0964961412449864e-05,8.50359075802294e-05,0.015999665765276897,1.1439455946333531e-05,5.214721393555248e-06,2.0689032369059054e-07,7.690156303361021e-08,0.018085678607547864
val-gsm8k,53c5ed9ea123af8d,answer128,calibrated_0.016,128,2.0,1.1115667804497511e-05,1.0964961412449864e-05,0.0,0.015999665765276897,1.3834137450569322e-14,1.0081810669711752e-14,0.0,0.0,
val-gsm8k,53c5ed9ea123af8d,answer128,calibrated_0.05,1,1.001,0.3669282191569791,0.3920203979093859,0.36659350022206993,0.050000364610487236,0.0301553385855394,0.021276670415318583,0.00011269962316240562,4.648723311070176e-05,0.003737302529126609
val-gsm8k,53c5ed9ea123af8d,answer128,calibrated_0.05,1,1.05,0.3669282191569791,0.3920203979093859,0.3665765834957418,0.050000364610487236,0.008303754198860846,0.00583904155559311,0.00010757981758242957,5.3789452189452125e-05,0.012955563833667902
val-gsm8k,53c5ed9ea123af8d,answer128,calibrated_0.05,1,2.0,0.3669282191569791,0.3920203979093859,9.563090706864352e-09,0.050000364610487236,3.45509907504624e-09,1.968669437125594e-09,3.4551312441313668e-09,1.968684187103752e-09,1.000009310611484
val-gsm8k,53c5ed9ea123af8d,answer128,calibrated_0.05,4,1.001,0.0004509053285354634,0.0004335389010138926,0.36659350022206993,0.050000364610487236,0.0301553385855394,0.021276670415318583,8.200105006941715e-05,3.427320408248815e-05,0.002719287990642549
val-gsm8k,53c5ed9ea123af8d,answer128,calibrated_0.05,4,1.05,0.0004509053285354634,0.0004335389010138926,0.3665765834957418,0.050000364610487236,0.008303754198860846,0.00583904155559311,6.575028583821533e-05,2.837021398654988e-05,0.007918139706885268
val-gsm8k,53c5ed9ea123af8d,answer128,calibrated_0.05,4,2.0,0.0004509053285354634,0.0004335389010138926,9.563090706864352e-09,0.050000364610487236,3.45509907504624e-09,1.968669437125594e-09,3.4551312441313668e-09,1.968684187103752e-09,1.000009310611484
val-gsm8k,53c5ed9ea123af8d,answer128,calibrated_0.05,8,1.001,0.00029870226457741345,0.0003034055238096101,0.36659350022206993,0.050000364610487236,0.0301553385855394,0.021276670415318583,7.248297468285246e-05,2.9746424508211816e-05,0.0024036531533958875
val-gsm8k,53c5ed9ea123af8d,answer128,calibrated_0.05,8,1.05,0.00029870226457741345,0.0003034055238096101,0.3665765834957418,0.050000364610487236,0.008303754198860846,0.00583904155559311,6.472376207078386e-05,2.8054575402156863e-05,0.007794518060236299
val-gsm8k,53c5ed9ea123af8d,answer128,calibrated_0.05,8,2.0,0.00029870226457741345,0.0003034055238096101,9.563090706864352e-09,0.050000364610487236,3.45509907504624e-09,1.968669437125594e-09,3.4551312441313668e-09,1.968684187103752e-09,1.000009310611484
val-gsm8k,53c5ed9ea123af8d,answer128,calibrated_0.05,32,1.001,5.600147618023795e-05,5.549621988323986e-05,0.36659350022206993,0.050000364610487236,0.0301553385855394,0.021276670415318583,1.113027481330367e-05,4.474182548602827e-06,0.00036909798846168645
val-gsm8k,53c5ed9ea123af8d,answer128,calibrated_0.05,32,1.05,5.600147618023795e-05,5.549621988323986e-05,0.3665765834957418,0.050000364610487236,0.008303754198860846,0.00583904155559311,8.91727043877392e-06,3.6815514999911823e-06,0.0010738842004737134
val-gsm8k,53c5ed9ea123af8d,answer128,calibrated_0.05,32,2.0,5.600147618023795e-05,5.549621988323986e-05,9.563090706864352e-09,0.050000364610487236,3.45509907504624e-09,1.968669437125594e-09,3.4551312441313668e-09,1.968684187103752e-09,1.000009310611484
val-gsm8k,53c5ed9ea123af8d,answer128,calibrated_0.05,128,1.001,1.1115667804497511e-05,1.084484355442252e-05,0.36659350022206993,0.050000364610487236,0.0301553385855394,0.021276670415318583,1.8271618992144423e-06,6.67283856637081e-07,6.0591655903032506e-05
val-gsm8k,53c5ed9ea123af8d,answer128,calibrated_0.05,128,1.05,1.1115667804497511e-05,1.084484355442252e-05,0.3665765834957418,0.050000364610487236,0.008303754198860846,0.00583904155559311,1.4349493668152912e-06,5.252619823237122e-07,0.00017280730287177158
val-gsm8k,53c5ed9ea123af8d,answer128,calibrated_0.05,128,2.0,1.1115667804497511e-05,1.084484355442252e-05,9.563090706864352e-09,0.050000364610487236,3.45509907504624e-09,1.968669437125594e-09,3.4551312441313668e-09,1.968684187103752e-09,1.000009310611484
val-gsm8k,53c5ed9ea123af8d,answer256,real_base_to_step8,1,1.001,0.10070548324518387,0.08536569751230516,0.9065620070537618,0.0334661608915219,0.002327441019930833,0.0009668791810869847,0.001132524193617708,0.0007535805516071996,0.4865963020843228
val-gsm8k,53c5ed9ea123af8d,answer256,real_base_to_step8,1,1.05,0.10070548324518387,0.08536569751230516,0.006868194167343497,0.0334661608915219,0.0004464422278933222,0.00029719122127419827,0.0004464422278932,0.0002971912212741219,0.9999999999997263
val-gsm8k,53c5ed9ea123af8d,answer256,real_base_to_step8,1,2.0,0.10070548324518387,0.08536569751230516,0.0,0.0334661608915219,1.2408192555715203e-16,1.1115330735935176e-16,0.0,0.0,
val-gsm8k,53c5ed9ea123af8d,answer256,real_base_to_step8,4,1.001,0.03680526894032153,0.032045775034669766,0.9065620070537618,0.0334661608915219,0.002327441019930833,0.0009668791810869847,0.001132524193617708,0.0007535805516071996,0.4865963020843228
val-gsm8k,53c5ed9ea123af8d,answer256,real_base_to_step8,4,1.05,0.03680526894032153,0.032045775034669766,0.006868194167343497,0.0334661608915219,0.0004464422278933222,0.00029719122127419827,0.0004464422278932,0.0002971912212741219,0.9999999999997263
val-gsm8k,53c5ed9ea123af8d,answer256,real_base_to_step8,4,2.0,0.03680526894032153,0.032045775034669766,0.0,0.0334661608915219,1.2408192555715203e-16,1.1115330735935176e-16,0.0,0.0,
val-gsm8k,53c5ed9ea123af8d,answer256,real_base_to_step8,8,1.001,0.013931707962334996,0.01183893806112233,0.9065620070537618,0.0334661608915219,0.002327441019930833,0.0009668791810869847,4.7000105898426174e-05,2.441307842554803e-05,0.020193897716825032
val-gsm8k,53c5ed9ea123af8d,answer256,real_base_to_step8,8,1.05,0.013931707962334996,0.01183893806112233,0.006868194167343497,0.0334661608915219,0.0004464422278933222,0.00029719122127419827,1.7915718498719353e-05,1.0296270016564862e-05,0.04012998184168262
val-gsm8k,53c5ed9ea123af8d,answer256,real_base_to_step8,8,2.0,0.013931707962334996,0.01183893806112233,0.0,0.0334661608915219,1.2408192555715203e-16,1.1115330735935176e-16,0.0,0.0,
val-gsm8k,53c5ed9ea123af8d,answer256,real_base_to_step8,32,1.001,0.0029966088743935194,0.002579379428889982,0.9065620070537618,0.0334661608915219,0.002327441019930833,0.0009668791810869847,2.9285373731969117e-05,1.6511318073567175e-05,0.0125826491331838
val-gsm8k,53c5ed9ea123af8d,answer256,real_base_to_step8,32,1.05,0.0029966088743935194,0.002579379428889982,0.006868194167343497,0.0334661608915219,0.0004464422278933222,0.00029719122127419827,1.7915718498719353e-05,1.0296270016564862e-05,0.04012998184168262
val-gsm8k,53c5ed9ea123af8d,answer256,real_base_to_step8,32,2.0,0.0029966088743935194,0.002579379428889982,0.0,0.0334661608915219,1.2408192555715203e-16,1.1115330735935176e-16,0.0,0.0,
val-gsm8k,53c5ed9ea123af8d,answer256,real_base_to_step8,128,1.001,0.0005861893939449145,0.0005034385313820544,0.9065620070537618,0.0334661608915219,0.002327441019930833,0.0009668791810869847,3.154063269696148e-07,1.511935719138152e-07,0.000135516356491383
val-gsm8k,53c5ed9ea123af8d,answer256,real_base_to_step8,128,1.05,0.0005861893939449145,0.0005034385313820544,0.006868194167343497,0.0334661608915219,0.0004464422278933222,0.00029719122127419827,9.8952706300455e-08,5.00895327812162e-08,0.00022164728181604687
val-gsm8k,53c5ed9ea123af8d,answer256,real_base_to_step8,128,2.0,0.0005861893939449145,0.0005034385313820544,0.0,0.0334661608915219,1.2408192555715203e-16,1.1115330735935176e-16,0.0,0.0,
val-gsm8k,53c5ed9ea123af8d,answer256,calibrated_0.016,1,1.001,0.10070548324518387,0.10102403628609659,0.03947358694846289,0.01600004358227181,0.01516724236131674,0.008700344138159514,0.014984978701898816,0.008511158461670335,0.9879830719997739
val-gsm8k,53c5ed9ea123af8d,answer256,calibrated_0.016,1,1.05,0.10070548324518387,0.10102403628609659,0.03398059812381677,0.01600004358227181,0.011782488841888279,0.006777956231606472,0.011782488841900054,0.006777956231615695,1.0000000000009994
val-gsm8k,53c5ed9ea123af8d,answer256,calibrated_0.016,1,2.0,0.10070548324518387,0.10102403628609659,0.0,0.01600004358227181,1.284758996541968e-14,1.1557638974101595e-14,0.0,0.0,
val-gsm8k,53c5ed9ea123af8d,answer256,calibrated_0.016,4,1.001,0.03680526894032153,0.03803057149737622,0.03947358694846289,0.01600004358227181,0.01516724236131674,0.008700344138159514,0.006348776578143272,0.0036963823347037697,0.4185847649099019
val-gsm8k,53c5ed9ea123af8d,answer256,calibrated_0.016,4,1.05,0.03680526894032153,0.03803057149737622,0.03398059812381677,0.01600004358227181,0.011782488841888279,0.006777956231606472,0.006077030211308228,0.003857348463794683,0.5157679580992766
val-gsm8k,53c5ed9ea123af8d,answer256,calibrated_0.016,4,2.0,0.03680526894032153,0.03803057149737622,0.0,0.01600004358227181,1.284758996541968e-14,1.1557638974101595e-14,0.0,0.0,
val-gsm8k,53c5ed9ea123af8d,answer256,calibrated_0.016,8,1.001,0.013931707962334996,0.013966247923930432,0.03947358694846289,0.01600004358227181,0.01516724236131674,0.008700344138159514,0.0012321875118634854,0.0006097936545789839,0.08124004894957804
val-gsm8k,53c5ed9ea123af8d,answer256,calibrated_0.016,8,1.05,0.013931707962334996,0.013966247923930432,0.03398059812381677,0.01600004358227181,0.011782488841888279,0.006777956231606472,0.0007725755966022563,0.00040101594151906254,0.06556981355718748
val-gsm8k,53c5ed9ea123af8d,answer256,calibrated_0.016,8,2.0,0.013931707962334996,0.013966247923930432,0.0,0.01600004358227181,1.284758996541968e-14,1.1557638974101595e-14,0.0,0.0,
val-gsm8k,53c5ed9ea123af8d,answer256,calibrated_0.016,32,1.001,0.0029966088743935194,0.002824419364065593,0.03947358694846289,0.01600004358227181,0.01516724236131674,0.008700344138159514,0.00016424796354531826,7.529125318952678e-05,0.01082912500720791
val-gsm8k,53c5ed9ea123af8d,answer256,calibrated_0.016,32,1.05,0.0029966088743935194,0.002824419364065593,0.03398059812381677,0.01600004358227181,0.011782488841888279,0.006777956231606472,9.370540242939894e-05,4.320456215177936e-05,0.007952937930759083
val-gsm8k,53c5ed9ea123af8d,answer256,calibrated_0.016,32,2.0,0.0029966088743935194,0.002824419364065593,0.0,0.01600004358227181,1.284758996541968e-14,1.1557638974101595e-14,0.0,0.0,
val-gsm8k,53c5ed9ea123af8d,answer256,calibrated_0.016,128,1.001,0.0005861893939449145,0.0005682743120978102,0.03947358694846289,0.01600004358227181,0.01516724236131674,0.008700344138159514,4.918477511516735e-05,2.2273770330830894e-05,0.003242829114448026
val-gsm8k,53c5ed9ea123af8d,answer256,calibrated_0.016,128,1.05,0.0005861893939449145,0.0005682743120978102,0.03398059812381677,0.01600004358227181,0.011782488841888279,0.006777956231606472,3.053918553697854e-05,1.3864200261892774e-05,0.0025919129605629474
val-gsm8k,53c5ed9ea123af8d,answer256,calibrated_0.016,128,2.0,0.0005861893939449145,0.0005682743120978102,0.0,0.01600004358227181,1.284758996541968e-14,1.1557638974101595e-14,0.0,0.0,
val-gsm8k,53c5ed9ea123af8d,answer256,calibrated_0.05,1,1.001,0.10070548324518387,0.10841941747270518,0.039467151735318194,0.05000019974326613,0.047887839369065724,0.027701130019170354,0.040013860265290996,0.020920595779604728,0.8355745590630863
val-gsm8k,53c5ed9ea123af8d,answer256,calibrated_0.05,1,1.05,0.10070548324518387,0.10841941747270518,0.03877300777235096,0.05000019974326613,0.04437446555477806,0.02573452355649553,0.04171855571719808,0.023319837364047705,0.9401477898522206
val-gsm8k,53c5ed9ea123af8d,answer256,calibrated_0.05,1,2.0,0.10070548324518387,0.10841941747270518,0.010028267318416172,0.05000019974326613,0.0017822870631735044,0.001204199683042386,0.0017822870631760152,0.0012041996830439198,1.0000000000014087
val-gsm8k,53c5ed9ea123af8d,answer256,calibrated_0.05,4,1.001,0.03680526894032153,0.04397574784035352,0.039467151735318194,0.05000019974326613,0.047887839369065724,0.027701130019170354,0.01645322960417204,0.00912704783766273,0.3435784495802579
val-gsm8k,53c5ed9ea123af8d,answer256,calibrated_0.05,4,1.05,0.03680526894032153,0.04397574784035352,0.03877300777235096,0.05000019974326613,0.04437446555477806,0.02573452355649553,0.017228307593571527,0.00986403882274664,0.388248227402402
val-gsm8k,53c5ed9ea123af8d,answer256,calibrated_0.05,4,2.0,0.03680526894032153,0.04397574784035352,0.010028267318416172,0.05000019974326613,0.0017822870631735044,0.001204199683042386,0.0017822870631760152,0.0012041996830439198,1.0000000000014087
val-gsm8k,53c5ed9ea123af8d,answer256,calibrated_0.05,8,1.001,0.013931707962334996,0.014345572582858691,0.039467151735318194,0.05000019974326613,0.047887839369065724,0.027701130019170354,0.0033346383059163253,0.0015346145757385626,0.06963434454030543
val-gsm8k,53c5ed9ea123af8d,answer256,calibrated_0.05,8,1.05,0.013931707962334996,0.014345572582858691,0.03877300777235096,0.05000019974326613,0.04437446555477806,0.02573452355649553,0.003215228916871579,0.0016333365673143955,0.07245673557245529
val-gsm8k,53c5ed9ea123af8d,answer256,calibrated_0.05,8,2.0,0.013931707962334996,0.014345572582858691,0.010028267318416172,0.05000019974326613,0.0017822870631735044,0.001204199683042386,4.501806191452823e-06,2.179639687128635e-06,0.002525859208918342
val-gsm8k,53c5ed9ea123af8d,answer256,calibrated_0.05,32,1.001,0.0029966088743935194,0.0026367159000903226,0.039467151735318194,0.05000019974326613,0.047887839369065724,0.027701130019170354,0.00048400328910966556,0.00022034219443865452,0.010107018723052242
val-gsm8k,53c5ed9ea123af8d,answer256,calibrated_0.05,32,1.05,0.0029966088743935194,0.0026367159000903226,0.03877300777235096,0.05000019974326613,0.04437446555477806,0.02573452355649553,0.0004017639335078627,0.00018327068553409138,0.009053944165522517
val-gsm8k,53c5ed9ea123af8d,answer256,calibrated_0.05,32,2.0,0.0029966088743935194,0.0026367159000903226,0.010028267318416172,0.05000019974326613,0.0017822870631735044,0.001204199683042386,4.501806191452823e-06,2.179639687128635e-06,0.002525859208918342
val-gsm8k,53c5ed9ea123af8d,answer256,calibrated_0.05,128,1.001,0.0005861893939449145,0.0005603616489366641,0.039467151735318194,0.05000019974326613,0.047887839369065724,0.027701130019170354,0.00014940346525867964,6.71709778759438e-05,0.0031198623121675086
val-gsm8k,53c5ed9ea123af8d,answer256,calibrated_0.05,128,1.05,0.0005861893939449145,0.0005603616489366641,0.03877300777235096,0.05000019974326613,0.04437446555477806,0.02573452355649553,0.00012893618499692927,5.801842010214568e-05,0.0029056391639864145
val-gsm8k,53c5ed9ea123af8d,answer256,calibrated_0.05,128,2.0,0.0005861893939449145,0.0005603616489366641,0.010028267318416172,0.05000019974326613,0.0017822870631735044,0.001204199683042386,4.501806191452823e-06,2.179639687128635e-06,0.002525859208918342
val-math500,2e483202419b799c,prompt,real_base_to_step8,1,1.001,0.0012647393252488944,0.0012439719027601114,0.000119264243670988,4.377532414881074e-05,1.7560272464601915e-06,8.947620049005536e-07,1.7560272439041097e-06,8.947620023976667e-07,0.9999999985443951
val-math500,2e483202419b799c,prompt,real_base_to_step8,1,1.05,0.0012647393252488944,0.0012439719027601114,3.065382128155542e-10,4.377532414881074e-05,2.0553479284438317e-12,1.3800355818941242e-12,2.0527912334608804e-12,1.3781352008573342e-12,0.9987560767947998
val-math500,2e483202419b799c,prompt,real_base_to_step8,1,2.0,0.0012647393252488944,0.0012439719027601114,0.0,4.377532414881074e-05,2.5566949846227293e-15,2.5535133196831735e-15,0.0,0.0,
val-math500,2e483202419b799c,prompt,real_base_to_step8,4,1.001,0.0005624099407403496,0.0005559025849644411,0.000119264243670988,4.377532414881074e-05,1.7560272464601915e-06,8.947620049005536e-07,1.7560272439041097e-06,8.947620023976667e-07,0.9999999985443951
val-math500,2e483202419b799c,prompt,real_base_to_step8,4,1.05,0.0005624099407403496,0.0005559025849644411,3.065382128155542e-10,4.377532414881074e-05,2.0553479284438317e-12,1.3800355818941242e-12,2.0527912334608804e-12,1.3781352008573342e-12,0.9987560767947998
val-math500,2e483202419b799c,prompt,real_base_to_step8,4,2.0,0.0005624099407403496,0.0005559025849644411,0.0,4.377532414881074e-05,2.5566949846227293e-15,2.5535133196831735e-15,0.0,0.0,
val-math500,2e483202419b799c,prompt,real_base_to_step8,8,1.001,0.0004700499027706542,0.00046431209000100885,0.000119264243670988,4.377532414881074e-05,1.7560272464601915e-06,8.947620049005536e-07,1.4834011460246613e-06,7.494667995809401e-07,0.8447483653883553
val-math500,2e483202419b799c,prompt,real_base_to_step8,8,1.05,0.0004700499027706542,0.00046431209000100885,3.065382128155542e-10,4.377532414881074e-05,2.0553479284438317e-12,1.3800355818941242e-12,2.0527912334608804e-12,1.3781352008573342e-12,0.9987560767947998
val-math500,2e483202419b799c,prompt,real_base_to_step8,8,2.0,0.0004700499027706542,0.00046431209000100885,0.0,4.377532414881074e-05,2.5566949846227293e-15,2.5535133196831735e-15,0.0,0.0,
val-math500,2e483202419b799c,prompt,real_base_to_step8,32,1.001,0.00031833925213331846,0.0003149081798433633,0.000119264243670988,4.377532414881074e-05,1.7560272464601915e-06,8.947620049005536e-07,1.1100590978116892e-06,5.56416679892244e-07,0.6321422973643216
val-math500,2e483202419b799c,prompt,real_base_to_step8,32,1.05,0.00031833925213331846,0.0003149081798433633,3.065382128155542e-10,4.377532414881074e-05,2.0553479284438317e-12,1.3800355818941242e-12,2.0527912334608804e-12,1.3781352008573342e-12,0.9987560767947998
val-math500,2e483202419b799c,prompt,real_base_to_step8,32,2.0,0.00031833925213331846,0.0003149081798433633,0.0,4.377532414881074e-05,2.5566949846227293e-15,2.5535133196831735e-15,0.0,0.0,
val-math500,2e483202419b799c,prompt,real_base_to_step8,128,1.001,0.00023804132309009112,0.00023570493600596714,0.000119264243670988,4.377532414881074e-05,1.7560272464601915e-06,8.947620049005536e-07,8.373136192573379e-07,4.190025201330424e-07,0.4768226808241153
val-math500,2e483202419b799c,prompt,real_base_to_step8,128,1.05,0.00023804132309009112,0.00023570493600596714,3.065382128155542e-10,4.377532414881074e-05,2.0553479284438317e-12,1.3800355818941242e-12,2.0527912334608804e-12,1.3781352008573342e-12,0.9987560767947998
val-math500,2e483202419b799c,prompt,real_base_to_step8,128,2.0,0.00023804132309009112,0.00023570493600596714,0.0,4.377532414881074e-05,2.5566949846227293e-15,2.5535133196831735e-15,0.0,0.0,
val-math500,2e483202419b799c,prompt,calibrated_0.016,1,1.001,0.0012647393252488944,0.010441560311632007,5.4519048358811534e-05,0.016000110203110207,0.020471789381844012,0.011449010764915453,0.002428291996509932,0.0013125525861855693,0.11861649957494833
val-math500,2e483202419b799c,prompt,calibrated_0.016,1,1.05,0.0012647393252488944,0.010441560311632007,5.361101768012848e-05,0.016000110203110207,0.020466569142130422,0.01144666813575608,0.0025471150071879533,0.0013786738349195124,0.12445246633666208
val-math500,2e483202419b799c,prompt,calibrated_0.016,1,2.0,0.0012647393252488944,0.010441560311632007,4.1662053630966335e-05,0.016000110203110207,0.020379054182783674,0.011407391749113668,0.004850683360968281,0.00266675999763575,0.23802298759606627
val-math500,2e483202419b799c,prompt,calibrated_0.016,4,1.001,0.0005624099407403496,0.010439096443355219,5.4519048358811534e-05,0.016000110203110207,0.020471789381844012,0.011449010764915453,0.0010628698919770013,0.0005390481625158893,0.051918758646454115
val-math500,2e483202419b799c,prompt,calibrated_0.016,4,1.05,0.0005624099407403496,0.010439096443355219,5.361101768012848e-05,0.016000110203110207,0.020466569142130422,0.01144666813575608,0.001114857119072621,0.0005671518742053263,0.05447210577065836
val-math500,2e483202419b799c,prompt,calibrated_0.016,4,2.0,0.0005624099407403496,0.010439096443355219,4.1662053630966335e-05,0.016000110203110207,0.020379054182783674,0.011407391749113668,0.0021226316273127888,0.0011181799896220915,0.10415751429259158
val-math500,2e483202419b799c,prompt,calibrated_0.016,8,1.001,0.0004700499027706542,0.010430415023612588,5.4519048358811534e-05,0.016000110203110207,0.020471789381844012,0.011449010764915453,0.0008854096821221661,0.0004446483846388282,0.04325023404683016
val-math500,2e483202419b799c,prompt,calibrated_0.016,8,1.05,0.0004700499027706542,0.010430415023612588,5.361101768012848e-05,0.016000110203110207,0.020466569142130422,0.01144666813575608,0.0009287187416572989,0.00046776796737671314,0.04537735343954311
val-math500,2e483202419b799c,prompt,calibrated_0.016,8,2.0,0.0004700499027706542,0.010430415023612588,4.1662053630966335e-05,0.016000110203110207,0.020379054182783674,0.011407391749113668,0.0017682432975880914,0.0009220750943775387,0.08676768223531749
val-math500,2e483202419b799c,prompt,calibrated_0.016,32,1.001,0.00031833925213331846,0.01042245266799585,5.4519048358811534e-05,0.016000110203110207,0.020471789381844012,0.011449010764915453,0.0005937613415063886,0.0002844192062277396,0.029003880922738624
val-math500,2e483202419b799c,prompt,calibrated_0.016,32,1.05,0.00031833925213331846,0.01042245266799585,5.361101768012848e-05,0.016000110203110207,0.020466569142130422,0.01144666813575608,0.0006228020269235698,0.00029934485876945783,0.030430211463314198
val-math500,2e483202419b799c,prompt,calibrated_0.016,32,2.0,0.00031833925213331846,0.01042245266799585,4.1662053630966335e-05,0.016000110203110207,0.020379054182783674,0.011407391749113668,0.001185696010107931,0.0005946687383625946,0.0581820922341731
val-math500,2e483202419b799c,prompt,calibrated_0.016,128,1.001,0.00023804132309009112,0.010013034760395497,5.4519048358811534e-05,0.016000110203110207,0.020471789381844012,0.011449010764915453,0.00044953132579498526,0.0002149683960843487,0.02195857515971051
val-math500,2e483202419b799c,prompt,calibrated_0.016,128,1.05,0.00023804132309009112,0.010013034760395497,5.361101768012848e-05,0.016000110203110207,0.020466569142130422,0.01144666813575608,0.00047151852395080026,0.0002262321957431873,0.023038474141725083
val-math500,2e483202419b799c,prompt,calibrated_0.016,128,2.0,0.00023804132309009112,0.010013034760395497,4.1662053630966335e-05,0.016000110203110207,0.020379054182783674,0.011407391749113668,0.0008976727231452937,0.00045014730298700443,0.0440487922105655
val-math500,2e483202419b799c,prompt,calibrated_0.05,1,1.001,0.0012647393252488944,0.042553477297861575,5.4019306528276624e-05,0.05000016689811815,0.08131899630878398,0.04695164502475651,0.0023883986189721642,0.001327387495724655,0.029370734113625212
val-math500,2e483202419b799c,prompt,calibrated_0.05,1,1.05,0.0012647393252488944,0.042553477297861575,5.304423521900282e-05,0.05000016689811815,0.08131405031377789,0.04694949660336282,0.0025051694333681797,0.0013937270747102794,0.0308085678145552
val-math500,2e483202419b799c,prompt,calibrated_0.05,1,2.0,0.0012647393252488944,0.042553477297861575,4.1934716814945964e-05,0.05000016689811815,0.08122954873326538,0.04691276077631739,0.0047685860491928625,0.0026848024221836917,0.05870506636509254
val-math500,2e483202419b799c,prompt,calibrated_0.05,4,1.001,0.0005624099407403496,0.042552352993874686,5.4019306528276624e-05,0.05000016689811815,0.08131899630878398,0.04695164502475651,0.0010561354069378265,0.000552435640295728,0.012987560777649983
val-math500,2e483202419b799c,prompt,calibrated_0.05,4,1.05,0.0005624099407403496,0.042552352993874686,5.304423521900282e-05,0.05000016689811815,0.08131405031377789,0.04694949660336282,0.0011076958947954677,0.0005807535554611782,0.013622441515593513
val-math500,2e483202419b799c,prompt,calibrated_0.05,4,2.0,0.0005624099407403496,0.042552352993874686,4.1934716814945964e-05,0.05000016689811815,0.08122954873326538,0.04691276077631739,0.0021068332683039236,0.0011346603999530462,0.02593678410330903
val-math500,2e483202419b799c,prompt,calibrated_0.05,8,1.001,0.0004700499027706542,0.04254564341138881,5.4019306528276624e-05,0.05000016689811815,0.08131899630878398,0.04695164502475651,0.0008813807368761295,0.00045581187162561546,0.010838558970026588
val-math500,2e483202419b799c,prompt,calibrated_0.05,8,1.05,0.0004700499027706542,0.04254564341138881,5.304423521900282e-05,0.05000016689811815,0.08131405031377789,0.04694949660336282,0.0009244146562437896,0.0004791405461547828,0.011368449273853923
val-math500,2e483202419b799c,prompt,calibrated_0.05,8,2.0,0.0004700499027706542,0.04254564341138881,4.1934716814945964e-05,0.05000016689811815,0.08122954873326538,0.04691276077631739,0.001758242301252853,0.0009362444688222709,0.021645353552639055
val-math500,2e483202419b799c,prompt,calibrated_0.05,32,1.001,0.00031833925213331846,0.04253971327293159,5.4019306528276624e-05,0.05000016689811815,0.08131899630878398,0.04695164502475651,0.0005951339196366761,0.0002934397023357812,0.00731851039303089
val-math500,2e483202419b799c,prompt,calibrated_0.05,32,1.05,0.00031833925213331846,0.04253971327293159,5.304423521900282e-05,0.05000016689811815,0.08131405031377789,0.04694949660336282,0.0006241802465455801,0.00030857426386703845,0.007676167207720788
val-math500,2e483202419b799c,prompt,calibrated_0.05,32,2.0,0.00031833925213331846,0.04253971327293159,4.1934716814945964e-05,0.05000016689811815,0.08122954873326538,0.04691276077631739,0.0011868209488203989,0.000606696798508755,0.014610704692175253
val-math500,2e483202419b799c,prompt,calibrated_0.05,128,1.001,0.00023804132309009112,0.04175026418864972,5.4019306528276624e-05,0.05000016689811815,0.08131899630878398,0.04695164502475651,0.00044727687610579667,0.00022061524308737013,0.005500275414214407
val-math500,2e483202419b799c,prompt,calibrated_0.05,128,1.05,0.00023804132309009112,0.04175026418864972,5.304423521900282e-05,0.05000016689811815,0.08131405031377789,0.04694949660336282,0.00046910733701272444,0.00023199256353293628,0.005769080930079296
val-math500,2e483202419b799c,prompt,calibrated_0.05,128,2.0,0.00023804132309009112,0.04175026418864972,4.1934716814945964e-05,0.05000016689811815,0.08122954873326538,0.04691276077631739,0.0008918801136826734,0.00045698521519861303,0.010979749704277598
val-math500,2e483202419b799c,answer16,real_base_to_step8,1,1.001,1.2373349145157311e-08,1.2294677428384984e-08,2.1720015236477115e-09,2.0324371018607324e-10,4.112862585700605e-11,2.192363225582723e-11,4.1174589090589626e-11,2.1966704074919373e-11,1.0011175484866277
val-math500,2e483202419b799c,answer16,real_base_to_step8,1,1.05,1.2373349145157311e-08,1.2294677428384984e-08,1.1086000924541776e-18,2.0324371018607324e-10,4.5963236114266633e-14,4.5963233219481506e-14,2.3288683455595015e-21,1.5014070721094847e-21,
val-math500,2e483202419b799c,answer16,real_base_to_step8,1,2.0,1.2373349145157311e-08,1.2294677428384984e-08,0.0,2.0324371018607324e-10,4.5963233785398285e-14,4.596323321948148e-14,0.0,0.0,
val-math500,2e483202419b799c,answer16,real_base_to_step8,4,1.001,1.6468022507621181e-09,1.6606977198475569e-09,2.1720015236477115e-09,2.0324371018607324e-10,4.112862585700605e-11,2.192363225582723e-11,1.3827722783182946e-11,3.798908989612328e-12,0.33620677800562754
val-math500,2e483202419b799c,answer16,real_base_to_step8,4,1.05,1.6468022507621181e-09,1.6606977198475569e-09,1.1086000924541776e-18,2.0324371018607324e-10,4.5963236114266633e-14,4.5963233219481506e-14,2.3288683455595015e-21,1.5014070721094847e-21,
val-math500,2e483202419b799c,answer16,real_base_to_step8,4,2.0,1.6468022507621181e-09,1.6606977198475569e-09,0.0,2.0324371018607324e-10,4.5963233785398285e-14,4.596323321948148e-14,0.0,0.0,
val-math500,2e483202419b799c,answer16,real_base_to_step8,8,1.001,1.0231343218406534e-09,1.0360469778315007e-09,2.1720015236477115e-09,2.0324371018607324e-10,4.112862585700605e-11,2.192363225582723e-11,7.846975546884188e-12,2.1011538579718275e-12,0.19079109460564425
val-math500,2e483202419b799c,answer16,real_base_to_step8,8,1.05,1.0231343218406534e-09,1.0360469778315007e-09,1.1086000924541776e-18,2.0324371018607324e-10,4.5963236114266633e-14,4.5963233219481506e-14,2.3288683455595015e-21,1.5014070721094847e-21,
val-math500,2e483202419b799c,answer16,real_base_to_step8,8,2.0,1.0231343218406534e-09,1.0360469778315007e-09,0.0,2.0324371018607324e-10,4.5963233785398285e-14,4.596323321948148e-14,0.0,0.0,
val-math500,2e483202419b799c,answer16,real_base_to_step8,32,1.001,8.062752895080845e-11,8.151757527691157e-11,2.1720015236477115e-09,2.0324371018607324e-10,4.112862585700605e-11,2.192363225582723e-11,7.799981690156441e-13,1.9095097105862447e-13,0.01896484875831988
val-math500,2e483202419b799c,answer16,real_base_to_step8,32,1.05,8.062752895080845e-11,8.151757527691157e-11,1.1086000924541776e-18,2.0324371018607324e-10,4.5963236114266633e-14,4.5963233219481506e-14,2.3288683455595015e-21,1.5014070721094847e-21,
val-math500,2e483202419b799c,answer16,real_base_to_step8,32,2.0,8.062752895080845e-11,8.151757527691157e-11,0.0,2.0324371018607324e-10,4.5963233785398285e-14,4.596323321948148e-14,0.0,0.0,
val-math500,2e483202419b799c,answer16,real_base_to_step8,128,1.001,1.7673879792974503e-12,1.792093756045404e-12,2.1720015236477115e-09,2.0324371018607324e-10,4.112862585700605e-11,2.192363225582723e-11,1.2444648928740662e-14,1.3956892077796367e-15,0.00030257876769351825
val-math500,2e483202419b799c,answer16,real_base_to_step8,128,1.05,1.7673879792974503e-12,1.792093756045404e-12,1.1086000924541776e-18,2.0324371018607324e-10,4.5963236114266633e-14,4.5963233219481506e-14,2.3288683455595015e-21,1.5014070721094847e-21,
val-math500,2e483202419b799c,answer16,real_base_to_step8,128,2.0,1.7673879792974503e-12,1.792093756045404e-12,0.0,2.0324371018607324e-10,4.5963233785398285e-14,4.596323321948148e-14,0.0,0.0,
val-math500,2e483202419b799c,answer16,calibrated_0.016,1,1.001,1.2373349145157311e-08,0.015872153265528866,1.0077435254684812e-08,0.01599947895022995,0.031240436075732295,0.018743780881183825,2.446206317981855e-08,1.2469070989148692e-08,7.830256632947831e-07
val-math500,2e483202419b799c,answer16,calibrated_0.016,1,1.05,1.2373349145157311e-08,0.015872153265528866,1.007743325137067e-08,0.01599947895022995,0.03124043510381913,0.018743780478991855,2.5659426061096508e-08,1.3079871557916883e-08,8.213530309620961e-07
val-math500,2e483202419b799c,answer16,calibrated_0.016,1,2.0,1.2373349145157311e-08,0.015872153265528866,9.620091262443501e-10,0.01599947895022995,0.031240431819517862,0.018743778980603604,4.8629965782966186e-08,2.2853479284835528e-08,1.5566355184816616e-06
val-math500,2e483202419b799c,answer16,calibrated_0.016,4,1.001,1.6468022507621181e-09,0.015872139467887285,1.0077435254684812e-08,0.01599947895022995,0.031240436075732295,0.018743780881183825,3.2134676221066522e-09,1.5852487126020444e-09,1.02862444503548e-07
val-math500,2e483202419b799c,answer16,calibrated_0.016,4,1.05,1.6468022507621181e-09,0.015872139467887285,1.007743325137067e-08,0.01599947895022995,0.03124043510381913,0.018743780478991855,3.3706901064078048e-09,1.664608585708484e-09,1.0789510758112774e-07
val-math500,2e483202419b799c,answer16,calibrated_0.016,4,2.0,1.6468022507621181e-09,0.015872139467887285,9.620091262443501e-10,0.01599947895022995,0.031240431819517862,0.018743778980603604,6.418837478152747e-09,3.2044667472491364e-09,2.054657091565071e-07
val-math500,2e483202419b799c,answer16,calibrated_0.016,8,1.001,1.0231343218406534e-09,0.01575697867664476,1.0077435254684812e-08,0.01599947895022995,0.031240436075732295,0.018743780881183825,2.006343130354596e-09,9.8040208134344e-10,6.422263522477306e-08
val-math500,2e483202419b799c,answer16,calibrated_0.016,8,1.05,1.0231343218406534e-09,0.01575697867664476,1.007743325137067e-08,0.01599947895022995,0.03124043510381913,0.018743780478991855,2.1045313084180884e-09,1.028932645464536e-09,6.736562091482555e-08
val-math500,2e483202419b799c,answer16,calibrated_0.016,8,2.0,1.0231343218406534e-09,0.01575697867664476,9.620091262443501e-10,0.01599947895022995,0.031240431819517862,0.018743778980603604,4.008137911643104e-09,1.9707207970515902e-09,1.282996962013492e-07
val-math500,2e483202419b799c,answer16,calibrated_0.016,32,1.001,8.062752895080845e-11,0.015716091120845002,1.0077435254684812e-08,0.01599947895022995,0.031240436075732295,0.018743780881183825,1.4589919593252546e-10,6.610234273604557e-11,4.670203564983543e-09
val-math500,2e483202419b799c,answer16,calibrated_0.016,32,1.05,8.062752895080845e-11,0.015716091120845002,1.007743325137067e-08,0.01599947895022995,0.03124043510381913,0.018743780478991855,1.5303387052310836e-10,6.946889532186711e-11,4.898583198810827e-09
val-math500,2e483202419b799c,answer16,calibrated_0.016,32,2.0,8.062752895080845e-11,0.015716091120845002,9.620091262443501e-10,0.01599947895022995,0.031240431819517862,0.018743778980603604,2.913208079056435e-10,1.355319019045144e-10,9.325121035095202e-09
val-math500,2e483202419b799c,answer16,calibrated_0.016,128,1.001,1.7673879792974503e-12,0.01219040042844815,1.0077435254684812e-08,0.01599947895022995,0.031240436075732295,0.018743780881183825,3.489592195384298e-12,1.7523023060065759e-12,1.1170113589083439e-10
val-math500,2e483202419b799c,answer16,calibrated_0.016,128,1.05,1.7673879792974503e-12,0.01219040042844815,1.007743325137067e-08,0.01599947895022995,0.03124043510381913,0.018743780478991855,3.660456779336824e-12,1.8402401487973092e-12,1.1717048009005912e-10
val-math500,2e483202419b799c,answer16,calibrated_0.016,128,2.0,1.7673879792974503e-12,0.01219040042844815,9.620091262443501e-10,0.01599947895022995,0.031240431819517862,0.018743778980603604,6.9698372456834235e-12,3.5543580344229046e-12,2.2310310196573301e-10
val-math500,2e483202419b799c,answer16,calibrated_0.05,1,1.001,1.2373349145157311e-08,0.04877572359156128,1.0077434822136355e-08,0.05000542645232027,0.09279328548213894,0.057579731156536626,2.441321344351922e-08,1.301928486592978e-08,2.6309245670817775e-07
val-math500,2e483202419b799c,answer16,calibrated_0.05,1,1.05,1.2373349145157311e-08,0.04877572359156128,1.0077432175545792e-08,0.05000542645232027,0.09279328454272084,0.05757973078848564,2.560803895351087e-08,1.365689602363536e-08,2.7596866604847096e-07
val-math500,2e483202419b799c,answer16,calibrated_0.05,1,2.0,1.2373349145157311e-08,0.04877572359156128,9.620090213320965e-10,0.05000542645232027,0.09279328260036834,0.05757972963677415,4.7993701379870295e-08,2.3724114682738848e-08,5.172109449620848e-07
val-math500,2e483202419b799c,answer16,calibrated_0.05,4,1.001,1.6468022507621181e-09,0.04877570998094549,1.0077434822136355e-08,0.05000542645232027,0.09279328548213894,0.057579731156536626,3.152389555489525e-09,1.624468390436483e-09,3.397217308461725e-08
val-math500,2e483202419b799c,answer16,calibrated_0.05,4,1.05,1.6468022507621181e-09,0.04877570998094549,1.0077432175545792e-08,0.05000542645232027,0.09279328454272084,0.05757973078848564,3.3064767358526888e-09,1.705408274609789e-09,3.5632715795618045e-08
val-math500,2e483202419b799c,answer16,calibrated_0.05,4,2.0,1.6468022507621181e-09,0.04877570998094549,9.620090213320965e-10,0.05000542645232027,0.09279328260036834,0.05757972963677415,6.29375834815324e-09,3.2757787664275733e-09,6.782558146216778e-08
val-math500,2e483202419b799c,answer16,calibrated_0.05,8,1.001,1.0231343218406534e-09,0.04859410891504419,1.0077434822136355e-08,0.05000542645232027,0.09279328548213894,0.057579731156536626,1.9622997088731983e-09,1.0037057054957552e-09,2.114700108609589e-08
val-math500,2e483202419b799c,answer16,calibrated_0.05,8,1.05,1.0231343218406534e-09,0.04859410891504419,1.0077432175545792e-08,0.05000542645232027,0.09279328454272084,0.05757973078848564,2.0582883455512186e-09,1.053264271272696e-09,2.2181436465950388e-08
val-math500,2e483202419b799c,answer16,calibrated_0.05,8,2.0,1.0231343218406534e-09,0.04859410891504419,9.620090213320965e-10,0.05000542645232027,0.09279328260036834,0.05757972963677415,3.919174802777444e-09,2.014916256972448e-09,4.223554435137406e-08
val-math500,2e483202419b799c,answer16,calibrated_0.05,32,1.001,8.062752895080845e-11,0.04852921261997237,1.0077434822136355e-08,0.05000542645232027,0.09279328548213894,0.057579731156536626,1.4417321305228308e-10,6.978422646202953e-11,1.5537030756393884e-09
val-math500,2e483202419b799c,answer16,calibrated_0.05,32,1.05,8.062752895080845e-11,0.04852921261997237,1.0077432175545792e-08,0.05000542645232027,0.09279328454272084,0.05757973078848564,1.5121027130366738e-10,7.330313712452363e-11,1.629538948306675e-09
val-math500,2e483202419b799c,answer16,calibrated_0.05,32,2.0,8.062752895080845e-11,0.04852921261997237,9.620090213320965e-10,0.05000542645232027,0.09279328260036834,0.05757972963677415,2.875210698273352e-10,1.4223055444682475e-10,3.0985116785403376e-09
val-math500,2e483202419b799c,answer16,calibrated_0.05,128,1.001,1.7673879792974503e-12,0.041542544105244376,1.0077434822136355e-08,0.05000542645232027,0.09279328548213894,0.057579731156536626,3.4308437600448145e-12,1.755685218935983e-12,3.697297430755581e-11
val-math500,2e483202419b799c,answer16,calibrated_0.05,128,1.05,1.7673879792974503e-12,0.041542544105244376,1.0077432175545792e-08,0.05000542645232027,0.09279328454272084,0.05757973078848564,3.5985091122229968e-12,1.8434229693482238e-12,3.877984414450045e-11
val-math500,2e483202419b799c,answer16,calibrated_0.05,128,2.0,1.7673879792974503e-12,0.041542544105244376,9.620090213320965e-10,0.05000542645232027,0.09279328260036834,0.05757972963677415,6.84705910640773e-12,3.5535881414966e-12,7.378830573217108e-11
val-math500,2e483202419b799c,answer32,real_base_to_step8,1,1.001,0.12610990936366454,0.12825616914971985,0.12604324384412835,0.004278373635085696,0.003523667540526861,0.002491014888323849,2.1867328202508335e-05,1.4339222308028368e-05,0.006205843187816385
val-math500,2e483202419b799c,answer32,real_base_to_step8,1,1.05,0.12610990936366454,0.12825616914971985,4.829835992253551e-10,0.004278373635085696,1.8339729666899027e-12,1.1025442873256623e-12,2.081803896572406e-12,1.2523539085125783e-12,1.135133360405965
val-math500,2e483202419b799c,answer32,real_base_to_step8,1,2.0,0.12610990936366454,0.12825616914971985,0.0,0.004278373635085696,2.478309301343802e-13,2.1834614842198715e-13,0.0,0.0,
val-math500,2e483202419b799c,answer32,real_base_to_step8,4,1.001,1.542265626669348e-05,1.55831118791702e-05,0.12604324384412835,0.004278373635085696,0.003523667540526861,0.002491014888323849,1.4647219784709498e-07,5.4296178668186456e-08,4.1568109409434914e-05
val-math500,2e483202419b799c,answer32,real_base_to_step8,4,1.05,1.542265626669348e-05,1.55831118791702e-05,4.829835992253551e-10,0.004278373635085696,1.8339729666899027e-12,1.1025442873256623e-12,2.081803896572406e-12,1.2523539085125783e-12,1.135133360405965
val-math500,2e483202419b799c,answer32,real_base_to_step8,4,2.0,1.542265626669348e-05,1.55831118791702e-05,0.0,0.004278373635085696,2.478309301343802e-13,2.1834614842198715e-13,0.0,0.0,
val-math500,2e483202419b799c,answer32,real_base_to_step8,8,1.001,4.300187880354085e-06,4.308494713253912e-06,0.12604324384412835,0.004278373635085696,0.003523667540526861,0.002491014888323849,3.3028985256290725e-08,1.3280614179447263e-08,9.373468091530624e-06
val-math500,2e483202419b799c,answer32,real_base_to_step8,8,1.05,4.300187880354085e-06,4.308494713253912e-06,4.829835992253551e-10,0.004278373635085696,1.8339729666899027e-12,1.1025442873256623e-12,2.081803896572406e-12,1.2523539085125783e-12,1.135133360405965
val-math500,2e483202419b799c,answer32,real_base_to_step8,8,2.0,4.300187880354085e-06,4.308494713253912e-06,0.0,0.004278373635085696,2.478309301343802e-13,2.1834614842198715e-13,0.0,0.0,
val-math500,2e483202419b799c,answer32,real_base_to_step8,32,1.001,8.199466294211874e-07,8.250404371251854e-07,0.12604324384412835,0.004278373635085696,0.003523667540526861,0.002491014888323849,5.769231654454819e-09,1.15758015758908e-09,1.6372803586323015e-06
val-math500,2e483202419b799c,answer32,real_base_to_step8,32,1.05,8.199466294211874e-07,8.250404371251854e-07,4.829835992253551e-10,0.004278373635085696,1.8339729666899027e-12,1.1025442873256623e-12,2.081803896572406e-12,1.2523539085125783e-12,1.135133360405965
val-math500,2e483202419b799c,answer32,real_base_to_step8,32,2.0,8.199466294211874e-07,8.250404371251854e-07,0.0,0.004278373635085696,2.478309301343802e-13,2.1834614842198715e-13,0.0,0.0,
val-math500,2e483202419b799c,answer32,real_base_to_step8,128,1.001,1.8581365250200263e-07,1.8727467126501566e-07,0.12604324384412835,0.004278373635085696,0.003523667540526861,0.002491014888323849,1.4174565113412055e-09,2.3838922140598415e-10,4.0226738051719444e-07
val-math500,2e483202419b799c,answer32,real_base_to_step8,128,1.05,1.8581365250200263e-07,1.8727467126501566e-07,4.829835992253551e-10,0.004278373635085696,1.8339729666899027e-12,1.1025442873256623e-12,2.081803896572406e-12,1.2523539085125783e-12,1.135133360405965
val-math500,2e483202419b799c,answer32,real_base_to_step8,128,2.0,1.8581365250200263e-07,1.8727467126501566e-07,0.0,0.004278373635085696,2.478309301343802e-13,2.1834614842198715e-13,0.0,0.0,
val-math500,2e483202419b799c,answer32,calibrated_0.016,1,1.001,0.12610990936366454,0.12724179759711957,0.0007871616506782933,0.015999808837884853,0.027071995099748385,0.015175124434186874,0.02687160987963212,0.014553459907172302,0.9925980623379276
val-math500,2e483202419b799c,answer32,calibrated_0.016,1,1.05,0.12610990936366454,0.12724179759711957,0.0007871615313976747,0.015999808837884853,0.026995973665226672,0.015137892731697307,0.02699597366532302,0.015137892731766252,1.000000000003569
val-math500,2e483202419b799c,answer32,calibrated_0.016,1,2.0,0.12610990936366454,0.12724179759711957,0.0007849554711242329,0.015999808837884853,0.02552597618825663,0.014430699319443505,0.025525976188352974,0.014430699319511879,1.0000000000037743
val-math500,2e483202419b799c,answer32,calibrated_0.016,4,1.001,1.542265626669348e-05,0.008921997818573252,0.0007871616506782933,0.015999808837884853,0.027071995099748385,0.015175124434186874,2.4514711542197652e-05,1.29802998620172e-05,0.0009055376765499452
val-math500,2e483202419b799c,answer32,calibrated_0.016,4,1.05,1.542265626669348e-05,0.008921997818573252,0.0007871615313976747,0.015999808837884853,0.026995973665226672,0.015137892731697307,2.571461355304774e-05,1.3615683975188533e-05,0.0009525351399409074
val-math500,2e483202419b799c,answer32,calibrated_0.016,4,2.0,1.542265626669348e-05,0.008921997818573252,0.0007849554711242329,0.015999808837884853,0.02552597618825663,0.014430699319443505,4.894563040936811e-05,2.5768405373160635e-05,0.0019174831962699168
val-math500,2e483202419b799c,answer32,calibrated_0.016,8,1.001,4.300187880354085e-06,0.00042306902807521206,0.0007871616506782933,0.015999808837884853,0.027071995099748385,0.015175124434186874,5.569516685015594e-06,1.0863767544257302e-06,0.00020572982022545354
val-math500,2e483202419b799c,answer32,calibrated_0.016,8,1.05,4.300187880354085e-06,0.00042306902807521206,0.0007871615313976747,0.015999808837884853,0.026995973665226672,0.015137892731697307,5.842146125487981e-06,1.1399958159513856e-06,0.00021640805395410534
val-math500,2e483202419b799c,answer32,calibrated_0.016,8,2.0,4.300187880354085e-06,0.00042306902807521206,0.0007849554711242329,0.015999808837884853,0.02552597618825663,0.014430699319443505,1.112777970710798e-05,2.190120613739844e-06,0.0004359394377335264
val-math500,2e483202419b799c,answer32,calibrated_0.016,32,1.001,8.199466294211874e-07,0.00030848988740661424,0.0007871616506782933,0.015999808837884853,0.027071995099748385,0.015175124434186874,1.2098919220924543e-06,2.426004120549659e-07,4.469164232759851e-05
val-math500,2e483202419b799c,answer32,calibrated_0.016,32,1.05,8.199466294211874e-07,0.00030848988740661424,0.0007871615313976747,0.015999808837884853,0.026995973665226672,0.015137892731697307,1.269115569051956e-06,2.5532529950477795e-07,4.7011290823960726e-05
val-math500,2e483202419b799c,answer32,calibrated_0.016,32,2.0,8.199466294211874e-07,0.00030848988740661424,0.0007849554711242329,0.015999808837884853,0.02552597618825663,0.014430699319443505,2.4173122250891433e-06,5.16458689274631e-07,9.470008932317509e-05
val-math500,2e483202419b799c,answer32,calibrated_0.016,128,1.001,1.8581365250200263e-07,0.00010437624522452636,0.0007871616506782933,0.015999808837884853,0.027071995099748385,0.015175124434186874,2.981822100260927e-07,4.551185093006578e-08,1.1014415780123428e-05
val-math500,2e483202419b799c,answer32,calibrated_0.016,128,1.05,1.8581365250200263e-07,0.00010437624522452636,0.0007871615313976747,0.015999808837884853,0.026995973665226672,0.015137892731697307,3.1277843739581873e-07,4.789166675100305e-08,1.1586114332253423e-05
val-math500,2e483202419b799c,answer32,calibrated_0.016,128,2.0,1.8581365250200263e-07,0.00010437624522452636,0.0007849554711242329,0.015999808837884853,0.02552597618825663,0.014430699319443505,5.957653479513108e-07,9.680009739466355e-08,2.333957156261064e-05
val-math500,2e483202419b799c,answer32,calibrated_0.05,1,1.001,0.12610990936366454,0.15413989464832403,0.0007871615485610763,0.04999908241523453,0.08809660330210692,0.053055533511131694,0.07370060319062069,0.03980062293824924,0.8365884770594563
val-math500,2e483202419b799c,answer32,calibrated_0.05,1,1.05,0.12610990936366454,0.15413989464832403,0.0007871589890977381,0.04999908241523453,0.08802319890036676,0.05302779082836596,0.07681530167240512,0.041312920073261164,0.8726710984379489
val-math500,2e483202419b799c,answer32,calibrated_0.05,1,2.0,0.12610990936366454,0.15413989464832403,0.0007849575639300978,0.04999908241523453,0.08660174892850522,0.05249680324211318,0.08660174892859049,0.05249680324217002,1.0000000000009845
val-math500,2e483202419b799c,answer32,calibrated_0.05,4,1.001,1.542265626669348e-05,0.03914063297967657,0.0007871615485610763,0.04999908241523453,0.08809660330210692,0.053055533511131694,2.5527945442919627e-05,1.3498352638288452e-05,0.0002897721874176856
val-math500,2e483202419b799c,answer32,calibrated_0.05,4,1.05,1.542265626669348e-05,0.03914063297967657,0.0007871589890977381,0.04999908241523453,0.08802319890036676,0.05302779082836596,2.6777078972638407e-05,1.4158932895926469e-05,0.00030420479268138524
val-math500,2e483202419b799c,answer32,calibrated_0.05,4,2.0,1.542265626669348e-05,0.03914063297967657,0.0007849575639300978,0.04999908241523453,0.08660174892850522,0.05249680324211318,5.0846524297148036e-05,2.674903969887642e-05,0.0005871304555191465
val-math500,2e483202419b799c,answer32,calibrated_0.05,8,1.001,4.300187880354085e-06,0.00166147578295557,0.0007871615485610763,0.04999908241523453,0.08809660330210692,0.053055533511131694,6.812251342535803e-06,1.3523014820331146e-06,7.732706014980808e-05
val-math500,2e483202419b799c,answer32,calibrated_0.05,8,1.05,4.300187880354085e-06,0.00166147578295557,0.0007871589890977381,0.04999908241523453,0.08802319890036676,0.05302779082836596,7.145700403804061e-06,1.4188458439829741e-06,8.117974003526345e-05
val-math500,2e483202419b799c,answer32,calibrated_0.05,8,2.0,4.300187880354085e-06,0.00166147578295557,0.0007849575639300978,0.04999908241523453,0.08660174892850522,0.05249680324211318,1.3610383213288002e-05,2.7155985621938075e-06,0.00015716060451070294
val-math500,2e483202419b799c,answer32,calibrated_0.05,32,1.001,8.199466294211874e-07,0.0014236969803818641,0.0007871615485610763,0.04999908241523453,0.08809660330210692,0.053055533511131694,1.3078693016868765e-06,2.560312905620221e-07,1.4845853899745049e-05
val-math500,2e483202419b799c,answer32,calibrated_0.05,32,1.05,8.199466294211874e-07,0.0014236969803818641,0.0007871589890977381,0.04999908241523453,0.08802319890036676,0.05302779082836596,1.3718834132521933e-06,2.6930153362879084e-07,1.558547553815926e-05
val-math500,2e483202419b799c,answer32,calibrated_0.05,32,2.0,8.199466294211874e-07,0.0014236969803818641,0.0007849575639300978,0.04999908241523453,0.08660174892850522,0.05249680324211318,2.6129029656936146e-06,5.381410457675634e-07,3.0171480345630408e-05
val-math500,2e483202419b799c,answer32,calibrated_0.05,128,1.001,1.8581365250200263e-07,0.0005915729194431743,0.0007871615485610763,0.04999908241523453,0.08809660330210692,0.053055533511131694,3.2049165409822257e-07,5.520395081197949e-08,3.637956993633121e-06
val-math500,2e483202419b799c,answer32,calibrated_0.05,128,1.05,1.8581365250200263e-07,0.0005915729194431743,0.0007871589890977381,0.04999908241523453,0.08802319890036676,0.05302779082836596,3.361795197120707e-07,5.801904905698804e-08,3.8192149786852375e-06
val-math500,2e483202419b799c,answer32,calibrated_0.05,128,2.0,1.8581365250200263e-07,0.0005915729194431743,0.0007849575639300978,0.04999908241523453,0.08660174892850522,0.05249680324211318,6.403264689865765e-07,1.1438098882265748e-07,7.393920756902995e-06
val-math500,2e483202419b799c,answer64,real_base_to_step8,1,1.001,0.0006002176331256633,0.0005983555811927901,0.00020493955548792745,6.426088987792542e-06,2.2742494940549127e-06,1.553491455937189e-06,2.2742496380775916e-06,1.5534915612792905e-06,1.0000000633275634
val-math500,2e483202419b799c,answer64,real_base_to_step8,1,1.05,0.0006002176331256633,0.0005983555811927901,0.0,6.426088987792542e-06,1.440821433986742e-13,1.4399593422716372e-13,0.0,0.0,
val-math500,2e483202419b799c,answer64,real_base_to_step8,1,2.0,0.0006002176331256633,0.0005983555811927901,0.0,6.426088987792542e-06,1.440821433986742e-13,1.4399593422716372e-13,0.0,0.0,
val-math500,2e483202419b799c,answer64,real_base_to_step8,4,1.001,9.411744654069584e-05,9.400120671067269e-05,0.00020493955548792745,6.426088987792542e-06,2.2742494940549127e-06,1.553491455937189e-06,1.5797740976607146e-07,8.855414997609242e-08,0.06946353519217581
val-math500,2e483202419b799c,answer64,real_base_to_step8,4,1.05,9.411744654069584e-05,9.400120671067269e-05,0.0,6.426088987792542e-06,1.440821433986742e-13,1.4399593422716372e-13,0.0,0.0,
val-math500,2e483202419b799c,answer64,real_base_to_step8,4,2.0,9.411744654069584e-05,9.400120671067269e-05,0.0,6.426088987792542e-06,1.440821433986742e-13,1.4399593422716372e-13,0.0,0.0,
val-math500,2e483202419b799c,answer64,real_base_to_step8,8,1.001,3.6012745432921316e-05,3.5929920444251404e-05,0.00020493955548792745,6.426088987792542e-06,2.2742494940549127e-06,1.553491455937189e-06,9.841497429229499e-08,5.604892649839097e-08,0.043273605006645205
val-math500,2e483202419b799c,answer64,real_base_to_step8,8,1.05,3.6012745432921316e-05,3.5929920444251404e-05,0.0,6.426088987792542e-06,1.440821433986742e-13,1.4399593422716372e-13,0.0,0.0,
val-math500,2e483202419b799c,answer64,real_base_to_step8,8,2.0,3.6012745432921316e-05,3.5929920444251404e-05,0.0,6.426088987792542e-06,1.440821433986742e-13,1.4399593422716372e-13,0.0,0.0,
val-math500,2e483202419b799c,answer64,real_base_to_step8,32,1.001,6.83932536654114e-06,6.8022158783970036e-06,0.00020493955548792745,6.426088987792542e-06,2.2742494940549127e-06,1.553491455937189e-06,7.313467122921157e-09,3.7773777717933745e-09,0.003215771682939449
val-math500,2e483202419b799c,answer64,real_base_to_step8,32,1.05,6.83932536654114e-06,6.8022158783970036e-06,0.0,6.426088987792542e-06,1.440821433986742e-13,1.4399593422716372e-13,0.0,0.0,
val-math500,2e483202419b799c,answer64,real_base_to_step8,32,2.0,6.83932536654114e-06,6.8022158783970036e-06,0.0,6.426088987792542e-06,1.440821433986742e-13,1.4399593422716372e-13,0.0,0.0,
val-math500,2e483202419b799c,answer64,real_base_to_step8,128,1.001,1.99205923975849e-06,1.9785576911758325e-06,0.00020493955548792745,6.426088987792542e-06,2.2742494940549127e-06,1.553491455937189e-06,2.0071100822875875e-09,1.0158886644474992e-09,0.0008825373326604443
val-math500,2e483202419b799c,answer64,real_base_to_step8,128,1.05,1.99205923975849e-06,1.9785576911758325e-06,0.0,6.426088987792542e-06,1.440821433986742e-13,1.4399593422716372e-13,0.0,0.0,
val-math500,2e483202419b799c,answer64,real_base_to_step8,128,2.0,1.99205923975849e-06,1.9785576911758325e-06,0.0,6.426088987792542e-06,1.440821433986742e-13,1.4399593422716372e-13,0.0,0.0,
val-math500,2e483202419b799c,answer64,calibrated_0.016,1,1.001,0.0006002176331256633,0.014561559034950721,0.00035079278935857405,0.01599977570733936,0.027995445026294266,0.017407701533797365,0.0010010598087964097,0.000518543655179291,0.035757953047582586
val-math500,2e483202419b799c,answer64,calibrated_0.016,1,1.05,0.0006002176331256633,0.014561559034950721,0.00035066713102082395,0.01599977570733936,0.027961576521559246,0.017392699276935035,0.0010500553196970003,0.0005440582535838158,0.03755350914807593
val-math500,2e483202419b799c,answer64,calibrated_0.016,1,2.0,0.0006002176331256633,0.014561559034950721,0.00029989409225916487,0.01599977570733936,0.02735347802589118,0.017122972719751633,0.001999372501494043,0.0010478478593197581,0.07309390416829464
val-math500,2e483202419b799c,answer64,calibrated_0.016,4,1.001,9.411744654069584e-05,0.012742802878315985,0.00035079278935857405,0.01599977570733936,0.027995445026294266,0.017407701533797365,0.00015302944960846296,8.328457491785788e-05,0.00546622671883703
val-math500,2e483202419b799c,answer64,calibrated_0.016,4,1.05,9.411744654069584e-05,0.012742802878315985,0.00035066713102082395,0.01599977570733936,0.027961576521559246,0.017392699276935035,0.00016051396381199212,8.752291101857589e-05,0.005740519090124652
val-math500,2e483202419b799c,answer64,calibrated_0.016,4,2.0,9.411744654069584e-05,0.012742802878315985,0.00029989409225916487,0.01599977570733936,0.02735347802589118,0.017122972719751633,0.0003056021586739242,0.00017025892638639003,0.011172332760925661
val-math500,2e483202419b799c,answer64,calibrated_0.016,8,1.001,3.6012745432921316e-05,0.0024024670432337657,0.00035079278935857405,0.01599977570733936,0.027995445026294266,0.017407701533797365,6.414031637148968e-05,2.8017725948876194e-05,0.0022910982951421894
val-math500,2e483202419b799c,answer64,calibrated_0.016,8,1.05,3.6012745432921316e-05,0.0024024670432337657,0.00035066713102082395,0.01599977570733936,0.027961576521559246,0.017392699276935035,6.72790110068927e-05,2.9529362727184716e-05,0.0024061236659892364
val-math500,2e483202419b799c,answer64,calibrated_0.016,8,2.0,3.6012745432921316e-05,0.0024024670432337657,0.00029989409225916487,0.01599977570733936,0.02735347802589118,0.017122972719751633,0.0001281277114753825,5.949193500723937e-05,0.004684146979557935
val-math500,2e483202419b799c,answer64,calibrated_0.016,32,1.001,6.83932536654114e-06,0.002078758656063499,0.00035079278935857405,0.01599977570733936,0.027995445026294266,0.017407701533797365,1.2669622171430517e-05,6.114927129319295e-06,0.00045256012753256043
val-math500,2e483202419b799c,answer64,calibrated_0.016,32,1.05,6.83932536654114e-06,0.002078758656063499,0.00035066713102082395,0.01599977570733936,0.027961576521559246,0.017392699276935035,1.3289701755530308e-05,6.432696388309751e-06,0.00047528442272500384
val-math500,2e483202419b799c,answer64,calibrated_0.016,32,2.0,6.83932536654114e-06,0.002078758656063499,0.00029989409225916487,0.01599977570733936,0.02735347802589118,0.017122972719751633,2.5310501005633152e-05,1.2797064982126987e-05,0.0009253119834222081
val-math500,2e483202419b799c,answer64,calibrated_0.016,128,1.001,1.99205923975849e-06,0.00036499193680939525,0.00035079278935857405,0.01599977570733936,0.027995445026294266,0.017407701533797365,3.741378174007014e-06,1.6208869386956064e-06,0.00013364238969921661
val-math500,2e483202419b799c,answer64,calibrated_0.016,128,1.05,1.99205923975849e-06,0.00036499193680939525,0.00035066713102082395,0.01599977570733936,0.027961576521559246,0.017392699276935035,3.924515554382814e-06,1.7077285931585828e-06,0.0001403538727995859
val-math500,2e483202419b799c,answer64,calibrated_0.016,128,2.0,1.99205923975849e-06,0.00036499193680939525,0.00029989409225916487,0.01599977570733936,0.02735347802589118,0.017122972719751633,7.4750897131568045e-06,3.447088383559012e-06,0.00027327748617858865
val-math500,2e483202419b799c,answer64,calibrated_0.05,1,1.001,0.0006002176331256633,0.047205363828401375,0.00035078131409129864,0.04999963000174046,0.08927687342257445,0.054307786245643655,0.0010798612258414541,0.0005163488138323257,0.012095643411817798
val-math500,2e483202419b799c,answer64,calibrated_0.05,1,1.05,0.0006002176331256633,0.047205363828401375,0.00035064741761597597,0.04999963000174046,0.08924413643109505,0.05429379556423044,0.00113270170338642,0.0005417153676143821,0.012692169465508506
val-math500,2e483202419b799c,answer64,calibrated_0.05,1,2.0,0.0006002176331256633,0.047205363828401375,0.0002999049569163996,0.04999963000174046,0.08865507912629847,0.0540387441152268,0.002155375181709823,0.0010402720634589625,0.02431191989168793
val-math500,2e483202419b799c,answer64,calibrated_0.05,4,1.001,9.411744654069584e-05,0.0447901511825439,0.00035078131409129864,0.04999963000174046,0.08927687342257445,0.054307786245643655,0.00015119018390328048,7.579076506072318e-05,0.0016934977459128928
val-math500,2e483202419b799c,answer64,calibrated_0.05,4,1.05,9.411744654069584e-05,0.0447901511825439,0.00035064741761597597,0.04999963000174046,0.08924413643109505,0.05429379556423044,0.00015857267067406929,7.963574878258791e-05,0.0017768413367583254
val-math500,2e483202419b799c,answer64,calibrated_0.05,4,2.0,9.411744654069584e-05,0.0447901511825439,0.0002999049569163996,0.04999963000174046,0.08865507912629847,0.0540387441152268,0.00030164085667754525,0.00015467888871286236,0.0034024091980993684
val-math500,2e483202419b799c,answer64,calibrated_0.05,8,1.001,3.6012745432921316e-05,0.013426516876681808,0.00035078131409129864,0.04999963000174046,0.08927687342257445,0.054307786245643655,6.721584683888068e-05,2.908878220845565e-05,0.0007528920342083188
val-math500,2e483202419b799c,answer64,calibrated_0.05,8,1.05,3.6012745432921316e-05,0.013426516876681808,0.00035064741761597597,0.04999963000174046,0.08924413643109505,0.05429379556423044,7.050094804469125e-05,3.0624527899777376e-05,0.0007899784889411158
val-math500,2e483202419b799c,answer64,calibrated_0.05,8,2.0,3.6012745432921316e-05,0.013426516876681808,0.0002999049569163996,0.04999963000174046,0.08865507912629847,0.0540387441152268,0.00013417330658664376,6.092052642178334e-05,0.0015134305660649155
val-math500,2e483202419b799c,answer64,calibrated_0.05,32,1.001,6.83932536654114e-06,0.012762916708976406,0.00035078131409129864,0.04999963000174046,0.08927687342257445,0.054307786245643655,1.291444697072653e-05,5.968023648949821e-06,0.00014465612958462987
val-math500,2e483202419b799c,answer64,calibrated_0.05,32,1.05,6.83932536654114e-06,0.012762916708976406,0.00035064741761597597,0.04999963000174046,0.08924413643109505,0.05429379556423044,1.3545961308544182e-05,6.277097582699783e-06,0.00015178544888495786
val-math500,2e483202419b799c,answer64,calibrated_0.05,32,2.0,6.83932536654114e-06,0.012762916708976406,0.0002999049569163996,0.04999963000174046,0.08865507912629847,0.0540387441152268,2.578465747032401e-05,1.2406497447187555e-05,0.000290842416750777
val-math500,2e483202419b799c,answer64,calibrated_0.05,128,1.001,1.99205923975849e-06,0.003667200585205592,0.00035078131409129864,0.04999963000174046,0.08927687342257445,0.054307786245643655,3.862859524752711e-06,1.773783048608143e-06,4.326831100444824e-05
val-math500,2e483202419b799c,answer64,calibrated_0.05,128,1.05,1.99205923975849e-06,0.003667200585205592,0.00035064741761597597,0.04999963000174046,0.08924413643109505,0.05429379556423044,4.051888961614454e-06,1.866304625403052e-06,4.5402298948154395e-05
val-math500,2e483202419b799c,answer64,calibrated_0.05,128,2.0,1.99205923975849e-06,0.003667200585205592,0.0002999049569163996,0.04999963000174046,0.08865507912629847,0.0540387441152268,7.716324937230814e-06,3.7020850630538673e-06,8.703759573930445e-05
val-math500,2e483202419b799c,answer128,real_base_to_step8,1,1.001,0.6634187837576837,0.6652318725001961,0.4072340864542207,0.008288140023121598,0.0044980396010192965,0.0018075716307534514,0.004040157338793636,0.0014904852451913734,0.8982040393504095
val-math500,2e483202419b799c,answer128,real_base_to_step8,1,1.05,0.6634187837576837,0.6652318725001961,4.477769124034337e-07,0.008288140023121598,7.1236813861403274e-09,3.943311221333701e-09,7.1236650739549766e-09,3.943307846052507e-09,0.9999977101466971
val-math500,2e483202419b799c,answer128,real_base_to_step8,1,2.0,0.6634187837576837,0.6652318725001961,0.0,0.008288140023121598,1.6312200862141773e-14,7.804066853269173e-15,0.0,0.0,
val-math500,2e483202419b799c,answer128,real_base_to_step8,4,1.001,0.22112913587143343,0.22090069653858402,0.4072340864542207,0.008288140023121598,0.0044980396010192965,0.0018075716307534514,0.003331552449600426,0.001387669215730019,0.7406676563820083
val-math500,2e483202419b799c,answer128,real_base_to_step8,4,1.05,0.22112913587143343,0.22090069653858402,4.477769124034337e-07,0.008288140023121598,7.1236813861403274e-09,3.943311221333701e-09,7.1236650739549766e-09,3.943307846052507e-09,0.9999977101466971
val-math500,2e483202419b799c,answer128,real_base_to_step8,4,2.0,0.22112913587143343,0.22090069653858402,0.0,0.008288140023121598,1.6312200862141773e-14,7.804066853269173e-15,0.0,0.0,
val-math500,2e483202419b799c,answer128,real_base_to_step8,8,1.001,0.09451918684238449,0.0950755496218594,0.4072340864542207,0.008288140023121598,0.0044980396010192965,0.0018075716307534514,0.0013956353336947536,0.0006679239516505007,0.31027635536567755
val-math500,2e483202419b799c,answer128,real_base_to_step8,8,1.05,0.09451918684238449,0.0950755496218594,4.477769124034337e-07,0.008288140023121598,7.1236813861403274e-09,3.943311221333701e-09,7.1236650739549766e-09,3.943307846052507e-09,0.9999977101466971
val-math500,2e483202419b799c,answer128,real_base_to_step8,8,2.0,0.09451918684238449,0.0950755496218594,0.0,0.008288140023121598,1.6312200862141773e-14,7.804066853269173e-15,0.0,0.0,
val-math500,2e483202419b799c,answer128,real_base_to_step8,32,1.001,0.005440422089450672,0.005455847464075403,0.4072340864542207,0.008288140023121598,0.0044980396010192965,0.0018075716307534514,5.62526276723079e-05,1.5748044769635382e-05,0.012506032107756575
val-math500,2e483202419b799c,answer128,real_base_to_step8,32,1.05,0.005440422089450672,0.005455847464075403,4.477769124034337e-07,0.008288140023121598,7.1236813861403274e-09,3.943311221333701e-09,7.1236650739549766e-09,3.943307846052507e-09,0.9999977101466971
val-math500,2e483202419b799c,answer128,real_base_to_step8,32,2.0,0.005440422089450672,0.005455847464075403,0.0,0.008288140023121598,1.6312200862141773e-14,7.804066853269173e-15,0.0,0.0,
val-math500,2e483202419b799c,answer128,real_base_to_step8,128,1.001,0.000856008399902691,0.000855476799869655,0.4072340864542207,0.008288140023121598,0.0044980396010192965,0.0018075716307534514,6.498495561345351e-06,1.5878290798267395e-06,0.001444739517160483
val-math500,2e483202419b799c,answer128,real_base_to_step8,128,1.05,0.000856008399902691,0.000855476799869655,4.477769124034337e-07,0.008288140023121598,7.1236813861403274e-09,3.943311221333701e-09,7.1236650739549766e-09,3.943307846052507e-09,0.9999977101466971
val-math500,2e483202419b799c,answer128,real_base_to_step8,128,2.0,0.000856008399902691,0.000855476799869655,0.0,0.008288140023121598,1.6312200862141773e-14,7.804066853269173e-15,0.0,0.0,
val-math500,2e483202419b799c,answer128,calibrated_0.016,1,1.001,0.6634187837576837,0.659073717929262,0.5320411180843829,0.016000577639592124,0.0071807644995496136,0.003145547721879868,0.005639547495926857,0.00230872894421248,0.785368674363374
val-math500,2e483202419b799c,answer128,calibrated_0.016,1,1.05,0.6634187837576837,0.659073717929262,0.0005453638706801121,0.016000577639592124,1.9906295673604343e-05,7.2423138056607595e-06,1.990629567603953e-05,7.242313806432886e-06,1.0000000001223324
val-math500,2e483202419b799c,answer128,calibrated_0.016,1,2.0,0.6634187837576837,0.659073717929262,0.0,0.016000577639592124,2.4380565661379534e-15,1.1717084501369146e-15,0.0,0.0,
val-math500,2e483202419b799c,answer128,calibrated_0.016,4,1.001,0.22112913587143343,0.221642772754428,0.5320411180843829,0.016000577639592124,0.0071807644995496136,0.003145547721879868,0.004166684717255489,0.0018010026561926082,0.5802564222119844
val-math500,2e483202419b799c,answer128,calibrated_0.016,4,1.05,0.22112913587143343,0.221642772754428,0.0005453638706801121,0.016000577639592124,1.9906295673604343e-05,7.2423138056607595e-06,1.990629567603953e-05,7.242313806432886e-06,1.0000000001223324
val-math500,2e483202419b799c,answer128,calibrated_0.016,4,2.0,0.22112913587143343,0.221642772754428,0.0,0.016000577639592124,2.4380565661379534e-15,1.1717084501369146e-15,0.0,0.0,
val-math500,2e483202419b799c,answer128,calibrated_0.016,8,1.001,0.09451918684238449,0.09422113146382578,0.5320411180843829,0.016000577639592124,0.0071807644995496136,0.003145547721879868,0.0011092851963102337,0.00035530118708773536,0.15448009698407592
val-math500,2e483202419b799c,answer128,calibrated_0.016,8,1.05,0.09451918684238449,0.09422113146382578,0.0005453638706801121,0.016000577639592124,1.9906295673604343e-05,7.2423138056607595e-06,1.990629567603953e-05,7.242313806432886e-06,1.0000000001223324
val-math500,2e483202419b799c,answer128,calibrated_0.016,8,2.0,0.09451918684238449,0.09422113146382578,0.0,0.016000577639592124,2.4380565661379534e-15,1.1717084501369146e-15,0.0,0.0,
val-math500,2e483202419b799c,answer128,calibrated_0.016,32,1.001,0.005440422089450672,0.00543890940807565,0.5320411180843829,0.016000577639592124,0.0071807644995496136,0.003145547721879868,0.0001470843527193499,4.106816938833609e-05,0.02048310492964575
val-math500,2e483202419b799c,answer128,calibrated_0.016,32,1.05,0.005440422089450672,0.00543890940807565,0.0005453638706801121,0.016000577639592124,1.9906295673604343e-05,7.2423138056607595e-06,1.990629567603953e-05,7.242313806432886e-06,1.0000000001223324
val-math500,2e483202419b799c,answer128,calibrated_0.016,32,2.0,0.005440422089450672,0.00543890940807565,0.0,0.016000577639592124,2.4380565661379534e-15,1.1717084501369146e-15,0.0,0.0,
val-math500,2e483202419b799c,answer128,calibrated_0.016,128,1.001,0.000856008399902691,0.0008537423537200394,0.5320411180843829,0.016000577639592124,0.0071807644995496136,0.003145547721879868,1.988686031343023e-05,4.880332487544029e-06,0.002769462821775809
val-math500,2e483202419b799c,answer128,calibrated_0.016,128,1.05,0.000856008399902691,0.0008537423537200394,0.0005453638706801121,0.016000577639592124,1.9906295673604343e-05,7.2423138056607595e-06,1.4373919181218602e-06,3.8930091407952205e-07,0.0722079055636572
val-math500,2e483202419b799c,answer128,calibrated_0.016,128,2.0,0.000856008399902691,0.0008537423537200394,0.0,0.016000577639592124,2.4380565661379534e-15,1.1717084501369146e-15,0.0,0.0,
val-math500,2e483202419b799c,answer128,calibrated_0.05,1,1.001,0.6634187837576837,0.6501221932801056,0.5320703146079516,0.05000025983606532,0.022549808875845546,0.00992911367540475,0.018275164971335574,0.007550479838327247,0.8104354707374571
val-math500,2e483202419b799c,answer128,calibrated_0.05,1,1.05,0.6634187837576837,0.6501221932801056,0.05817990680361428,0.05000025983606532,0.007903520891278479,0.003938071012335864,0.007903520891278479,0.003938071012335864,1.0
val-math500,2e483202419b799c,answer128,calibrated_0.05,1,2.0,0.6634187837576837,0.6501221932801056,0.0,0.05000025983606532,0.0,0.0,0.0,0.0,
val-math500,2e483202419b799c,answer128,calibrated_0.05,4,1.001,0.22112913587143343,0.22302074481498002,0.5320703146079516,0.05000025983606532,0.022549808875845546,0.00992911367540475,0.013050702783283186,0.0056503648704433656,0.5787500397514489
val-math500,2e483202419b799c,answer128,calibrated_0.05,4,1.05,0.22112913587143343,0.22302074481498002,0.05817990680361428,0.05000025983606532,0.007903520891278479,0.003938071012335864,0.007903520891278479,0.003938071012335864,1.0
val-math500,2e483202419b799c,answer128,calibrated_0.05,4,2.0,0.22112913587143343,0.22302074481498002,0.0,0.05000025983606532,0.0,0.0,0.0,0.0,
val-math500,2e483202419b799c,answer128,calibrated_0.05,8,1.001,0.09451918684238449,0.09360923055270692,0.5320703146079516,0.05000025983606532,0.022549808875845546,0.00992911367540475,0.003615095959757044,0.00116457428191932,0.1603160354777725
val-math500,2e483202419b799c,answer128,calibrated_0.05,8,1.05,0.09451918684238449,0.09360923055270692,0.05817990680361428,0.05000025983606532,0.007903520891278479,0.003938071012335864,0.0012805984295663113,0.0004206373684261228,0.1620288536188282
val-math500,2e483202419b799c,answer128,calibrated_0.05,8,2.0,0.09451918684238449,0.09360923055270692,0.0,0.05000025983606532,0.0,0.0,0.0,0.0,
val-math500,2e483202419b799c,answer128,calibrated_0.05,32,1.001,0.005440422089450672,0.0054505117375265,0.5320703146079516,0.05000025983606532,0.022549808875845546,0.00992911367540475,0.0004842527483364574,0.00013503821733522155,0.021474804997357187
val-math500,2e483202419b799c,answer128,calibrated_0.05,32,1.05,0.005440422089450672,0.0054505117375265,0.05817990680361428,0.05000025983606532,0.007903520891278479,0.003938071012335864,0.00028209571879034284,8.47716183567454e-05,0.035692411353228023
val-math500,2e483202419b799c,answer128,calibrated_0.05,32,2.0,0.005440422089450672,0.0054505117375265,0.0,0.05000025983606532,0.0,0.0,0.0,0.0,
val-math500,2e483202419b799c,answer128,calibrated_0.05,128,1.001,0.000856008399902691,0.0008509122411828401,0.5320703146079516,0.05000025983606532,0.022549808875845546,0.00992911367540475,6.562659382732973e-05,1.6163587336079817e-05,0.002910294902659965
val-math500,2e483202419b799c,answer128,calibrated_0.05,128,1.05,0.000856008399902691,0.0008509122411828401,0.05817990680361428,0.05000025983606532,0.007903520891278479,0.003938071012335864,3.5184505124525284e-05,8.780934414974775e-06,0.004451750758747449
val-math500,2e483202419b799c,answer128,calibrated_0.05,128,2.0,0.000856008399902691,0.0008509122411828401,0.0,0.05000025983606532,0.0,0.0,0.0,0.0,
val-math500,2e483202419b799c,answer256,real_base_to_step8,1,1.001,4.468272035949312e-06,4.499922584152542e-06,4.4630105532079245e-06,6.321157252865022e-08,5.4422850693664313e-08,3.590178619922536e-08,1.5103709127983754e-08,9.124169018680718e-09,0.27752513761176545
val-math500,2e483202419b799c,answer256,real_base_to_step8,1,1.05,4.468272035949312e-06,4.499922584152542e-06,0.0,6.321157252865022e-08,1.9428990382422888e-13,1.9428902931024096e-13,0.0,0.0,
val-math500,2e483202419b799c,answer256,real_base_to_step8,1,2.0,4.468272035949312e-06,4.499922584152542e-06,0.0,6.321157252865022e-08,1.9428990382422888e-13,1.9428902931024096e-13,0.0,0.0,
val-math500,2e483202419b799c,answer256,real_base_to_step8,4,1.001,8.946007458370431e-08,8.96701206801871e-08,4.4630105532079245e-06,6.321157252865022e-08,5.4422850693664313e-08,3.590178619922536e-08,1.403046766361266e-10,5.298284305166243e-11,0.0025780471777539634
val-math500,2e483202419b799c,answer256,real_base_to_step8,4,1.05,8.946007458370431e-08,8.96701206801871e-08,0.0,6.321157252865022e-08,1.9428990382422888e-13,1.9428902931024096e-13,0.0,0.0,
val-math500,2e483202419b799c,answer256,real_base_to_step8,4,2.0,8.946007458370431e-08,8.96701206801871e-08,0.0,6.321157252865022e-08,1.9428990382422888e-13,1.9428902931024096e-13,0.0,0.0,
val-math500,2e483202419b799c,answer256,real_base_to_step8,8,1.001,1.917609361161357e-08,1.9246661089193997e-08,4.4630105532079245e-06,6.321157252865022e-08,5.4422850693664313e-08,3.590178619922536e-08,1.0437863165620793e-10,4.2615605013917113e-11,0.0019179192255792522
val-math500,2e483202419b799c,answer256,real_base_to_step8,8,1.05,1.917609361161357e-08,1.9246661089193997e-08,0.0,6.321157252865022e-08,1.9428990382422888e-13,1.9428902931024096e-13,0.0,0.0,
val-math500,2e483202419b799c,answer256,real_base_to_step8,8,2.0,1.917609361161357e-08,1.9246661089193997e-08,0.0,6.321157252865022e-08,1.9428990382422888e-13,1.9428902931024096e-13,0.0,0.0,
val-math500,2e483202419b799c,answer256,real_base_to_step8,32,1.001,2.3580928261160364e-09,2.363760975457102e-09,4.4630105532079245e-06,6.321157252865022e-08,5.4422850693664313e-08,3.590178619922536e-08,1.4745566513076634e-11,6.111262677430948e-12,0.00027094439789779795
val-math500,2e483202419b799c,answer256,real_base_to_step8,32,1.05,2.3580928261160364e-09,2.363760975457102e-09,0.0,6.321157252865022e-08,1.9428990382422888e-13,1.9428902931024096e-13,0.0,0.0,
val-math500,2e483202419b799c,answer256,real_base_to_step8,32,2.0,2.3580928261160364e-09,2.363760975457102e-09,0.0,6.321157252865022e-08,1.9428990382422888e-13,1.9428902931024096e-13,0.0,0.0,
val-math500,2e483202419b799c,answer256,real_base_to_step8,128,1.001,4.5542228932348065e-10,4.561067930698064e-10,4.4630105532079245e-06,6.321157252865022e-08,5.4422850693664313e-08,3.590178619922536e-08,2.766663819544035e-12,1.2817619993475626e-12,5.083643697969902e-05
val-math500,2e483202419b799c,answer256,real_base_to_step8,128,1.05,4.5542228932348065e-10,4.561067930698064e-10,0.0,6.321157252865022e-08,1.9428990382422888e-13,1.9428902931024096e-13,0.0,0.0,
val-math500,2e483202419b799c,answer256,real_base_to_step8,128,2.0,4.5542228932348065e-10,4.561067930698064e-10,0.0,6.321157252865022e-08,1.9428990382422888e-13,1.9428902931024096e-13,0.0,0.0,
val-math500,2e483202419b799c,answer256,calibrated_0.016,1,1.001,4.468272035949312e-06,0.015780758616300142,3.066926307326315e-10,0.01600087982376344,0.03106343982492472,0.021444318249375337,8.803929319274336e-06,6.073357460574995e-06,0.0002834177209251059
val-math500,2e483202419b799c,answer256,calibrated_0.016,1,1.05,4.468272035949312e-06,0.015780758616300142,3.0668476400588963e-10,0.01600087982376344,0.031063439795343574,0.021444318238779257,9.234881228107389e-06,6.370869371013202e-06,0.0002972910047615429
val-math500,2e483202419b799c,answer256,calibrated_0.016,1,2.0,4.468272035949312e-06,0.015780758616300142,3.0598470813936604e-10,0.01600087982376344,0.03106343922265996,0.021444318033631463,1.7590071283212673e-05,1.2138959857322168e-05,0.0005662628389963072
val-math500,2e483202419b799c,answer256,calibrated_0.016,4,1.001,8.946007458370431e-08,0.015780758616191916,3.066926307326315e-10,0.01600087982376344,0.03106343982492472,0.021444318249375337,1.758935171964724e-07,1.1732981469044435e-07,5.662396636940985e-06
val-math500,2e483202419b799c,answer256,calibrated_0.016,4,1.05,8.946007458370431e-08,0.015780758616191916,3.0668476400588963e-10,0.01600087982376344,0.031063439795343574,0.021444318238779257,1.8449402282121396e-07,1.2326414612306347e-07,5.939265710324512e-06
val-math500,2e483202419b799c,answer256,calibrated_0.016,4,2.0,8.946007458370431e-08,0.015780758616191916,3.0598470813936604e-10,0.01600087982376344,0.03106343922265996,0.021444318033631463,3.512385142243702e-07,2.3843447882032943e-07,1.1307135430392104e-05
val-math500,2e483202419b799c,answer256,calibrated_0.016,8,1.001,1.917609361161357e-08,0.015780752379949147,3.066926307326315e-10,0.01600087982376344,0.03106343982492472,0.021444318249375337,3.7595376425636313e-08,2.5855388212758636e-08,1.2102773111260682e-06
val-math500,2e483202419b799c,answer256,calibrated_0.016,8,1.05,1.917609361161357e-08,0.015780752379949147,3.0668476400588963e-10,0.01600087982376344,0.031063439795343574,0.021444318238779257,3.943567825011227e-08,2.7121728083343945e-08,1.2695206490307523e-06
val-math500,2e483202419b799c,answer256,calibrated_0.016,8,2.0,1.917609361161357e-08,0.015780752379949147,3.0598470813936604e-10,0.01600087982376344,0.03106343922265996,0.021444318033631463,7.511498854168927e-08,5.167350326604157e-08,2.418115650468441e-06
val-math500,2e483202419b799c,answer256,calibrated_0.016,32,1.001,2.3580928261160364e-09,0.01569772674497927,3.066926307326315e-10,0.01600087982376344,0.03106343982492472,0.021444318249375337,4.646742472596844e-09,3.199693498333891e-09,1.4958879308879324e-07
val-math500,2e483202419b799c,answer256,calibrated_0.016,32,1.05,2.3580928261160364e-09,0.01569772674497927,3.0668476400588963e-10,0.01600087982376344,0.031063439795343574,0.021444318238779257,4.8741922917837155e-09,3.3566103479495026e-09,1.569108998841255e-07
val-math500,2e483202419b799c,answer256,calibrated_0.016,32,2.0,2.3580928261160364e-09,0.01569772674497927,3.0598470813936604e-10,0.01600087982376344,0.03106343922265996,0.021444318033631463,9.283922851683395e-09,6.399164687882075e-09,2.988697672893547e-07
val-math500,2e483202419b799c,answer256,calibrated_0.016,128,1.001,4.5542228932348065e-10,0.015697726740012203,3.066926307326315e-10,0.01600087982376344,0.03106343982492472,0.021444318249375337,8.972487760805147e-10,6.085513619487329e-10,2.8884398544960213e-08
val-math500,2e483202419b799c,answer256,calibrated_0.016,128,1.05,4.5542228932348065e-10,0.015697726740012203,3.0668476400588963e-10,0.01600087982376344,0.031063439795343574,0.021444318238779257,9.411648040821338e-10,6.384579370879987e-10,3.0298151469471673e-08
val-math500,2e483202419b799c,answer256,calibrated_0.016,128,2.0,4.5542228932348065e-10,0.015697726740012203,3.0598470813936604e-10,0.01600087982376344,0.03106343922265996,0.021444318033631463,1.7925825609843622e-09,1.2185604874901195e-09,5.7707150458624054e-08
val-math500,2e483202419b799c,answer256,calibrated_0.05,1,1.001,4.468272035949312e-06,0.04867626564905682,3.0669191007199747e-10,0.049999794270379885,0.09261376270712317,0.06405427509275345,8.510046782987135e-06,5.881837900686523e-06,9.188749635298647e-05
val-math500,2e483202419b799c,answer256,calibrated_0.05,1,1.05,4.468272035949312e-06,0.04867626564905682,3.066770069302182e-10,0.049999794270379885,0.09261376267853279,0.06405427508287508,8.926595226580432e-06,6.169943303379627e-06,9.638519123302561e-05
val-math500,2e483202419b799c,answer256,calibrated_0.05,1,2.0,4.468272035949312e-06,0.04867626564905682,3.059846385188703e-10,0.049999794270379885,0.09261376212515345,0.06405427489162693,1.70025343944246e-05,1.1755662417426206e-05,0.00018358539815549504
val-math500,2e483202419b799c,answer256,calibrated_0.05,4,1.001,8.946007458370431e-08,0.048676265649006505,3.0669191007199747e-10,0.049999794270379885,0.09261376270712317,0.06405427509275345,1.7049497481950385e-07,1.1410568720366535e-07,1.8409248240854665e-06
val-math500,2e483202419b799c,answer256,calibrated_0.05,4,1.05,8.946007458370431e-08,0.048676265649006505,3.066770069302182e-10,0.049999794270379885,0.09261376267853279,0.06405427508287508,1.7881363055674606e-07,1.1985407278343174e-07,1.9307457702309052e-06
val-math500,2e483202419b799c,answer256,calibrated_0.05,4,2.0,8.946007458370431e-08,0.048676265649006505,3.059846385188703e-10,0.049999794270379885,0.09261376212515345,0.06405427489162693,3.4009365250524963e-07,2.3140256337854527e-07,3.672171874906287e-06
val-math500,2e483202419b799c,answer256,calibrated_0.05,8,1.001,1.917609361161357e-08,0.04867625994336901,3.0669191007199747e-10,0.049999794270379885,0.09261376270712317,0.06405427509275345,3.6443333630861855e-08,2.5048207888417435e-08,3.934980349098688e-07
val-math500,2e483202419b799c,answer256,calibrated_0.05,8,1.05,1.917609361161357e-08,0.04867625994336901,3.066770069302182e-10,0.049999794270379885,0.09261376267853279,0.06405427508287508,3.822719060652822e-08,2.6274896108966258e-08,4.127592865351643e-07
val-math500,2e483202419b799c,answer256,calibrated_0.05,8,2.0,1.917609361161357e-08,0.04867625994336901,3.059846385188703e-10,0.049999794270379885,0.09261376212515345,0.06405427489162693,7.28121301910239e-08,5.005789796564074e-08,7.861912584074639e-07
val-math500,2e483202419b799c,answer256,calibrated_0.05,32,1.001,2.3580928261160364e-09,0.0485307300034,3.0669191007199747e-10,0.049999794270379885,0.09261376270712317,0.06405427509275345,4.493146970266055e-09,3.0964381656343335e-09,4.8514894967338096e-08
val-math500,2e483202419b799c,answer256,calibrated_0.05,32,1.05,2.3580928261160364e-09,0.0485307300034,3.066770069302182e-10,0.049999794270379885,0.09261376267853279,0.06405427508287508,4.713055831724407e-09,3.2482509433780843e-09,5.08893677938955e-08
val-math500,2e483202419b799c,answer256,calibrated_0.05,32,2.0,2.3580928261160364e-09,0.0485307300034,3.059846385188703e-10,0.049999794270379885,0.09261376212515345,0.06405427489162693,8.976550644139958e-09,6.191831184230507e-09,9.692458699614763e-08
val-math500,2e483202419b799c,answer256,calibrated_0.05,128,1.001,4.5542228932348065e-10,0.04853072999908016,3.0669191007199747e-10,0.049999794270379885,0.09261376270712317,0.06405427509275345,8.684506420355074e-10,5.893171981726368e-10,9.377122974496236e-09
val-math500,2e483202419b799c,answer256,calibrated_0.05,128,1.05,4.5542228932348065e-10,0.04853072999908016,3.066770069302182e-10,0.049999794270379885,0.09261376267853279,0.06405427508287508,9.109471342684798e-10,6.182642774113102e-10,9.83598018180543e-09
val-math500,2e483202419b799c,answer256,calibrated_0.05,128,2.0,4.5542228932348065e-10,0.04853072999908016,3.059846385188703e-10,0.049999794270379885,0.09261376212515345,0.06405427489162693,1.7348181235501239e-09,1.1797526972175555e-09,1.8731753075809408e-08
val-math500,b1fef3f21d36ff6d,prompt,real_base_to_step8,1,1.001,0.0012223119098140232,0.0012026237076169758,6.927204506756662e-05,4.1251984895851786e-05,1.4688314228463524e-06,7.403153015776093e-07,1.468831419400976e-06,7.403152981672139e-07,0.9999999976543419
val-math500,b1fef3f21d36ff6d,prompt,real_base_to_step8,1,1.05,0.0012223119098140232,0.0012026237076169758,4.541302481148433e-09,4.1251984895851786e-05,2.8505244555735874e-11,1.747551728664948e-11,2.8501798695822395e-11,1.7472713459030185e-11,0.999879114879834
val-math500,b1fef3f21d36ff6d,prompt,real_base_to_step8,1,2.0,0.0012223119098140232,0.0012026237076169758,0.0,4.1251984895851786e-05,3.4458599469121148e-15,3.4416918427407124e-15,0.0,0.0,
val-math500,b1fef3f21d36ff6d,prompt,real_base_to_step8,4,1.001,0.0005631637574309738,0.0005561393260790672,6.927204506756662e-05,4.1251984895851786e-05,1.4688314228463524e-06,7.403153015776093e-07,1.468831419400976e-06,7.403152981672139e-07,0.9999999976543419
val-math500,b1fef3f21d36ff6d,prompt,real_base_to_step8,4,1.05,0.0005631637574309738,0.0005561393260790672,4.541302481148433e-09,4.1251984895851786e-05,2.8505244555735874e-11,1.747551728664948e-11,2.8501798695822395e-11,1.7472713459030185e-11,0.999879114879834
val-math500,b1fef3f21d36ff6d,prompt,real_base_to_step8,4,2.0,0.0005631637574309738,0.0005561393260790672,0.0,4.1251984895851786e-05,3.4458599469121148e-15,3.4416918427407124e-15,0.0,0.0,
val-math500,b1fef3f21d36ff6d,prompt,real_base_to_step8,8,1.001,0.00047494403156764025,0.0004682643171359544,6.927204506756662e-05,4.1251984895851786e-05,1.4688314228463524e-06,7.403153015776093e-07,1.468831419400976e-06,7.403152981672139e-07,0.9999999976543419
val-math500,b1fef3f21d36ff6d,prompt,real_base_to_step8,8,1.05,0.00047494403156764025,0.0004682643171359544,4.541302481148433e-09,4.1251984895851786e-05,2.8505244555735874e-11,1.747551728664948e-11,2.8501798695822395e-11,1.7472713459030185e-11,0.999879114879834
val-math500,b1fef3f21d36ff6d,prompt,real_base_to_step8,8,2.0,0.00047494403156764025,0.0004682643171359544,0.0,4.1251984895851786e-05,3.4458599469121148e-15,3.4416918427407124e-15,0.0,0.0,
val-math500,b1fef3f21d36ff6d,prompt,real_base_to_step8,32,1.001,0.0003364538798454076,0.0003325548500008698,6.927204506756662e-05,4.1251984895851786e-05,1.4688314228463524e-06,7.403153015776093e-07,1.3233162443255395e-06,6.643968658146117e-07,0.9009313279540081
val-math500,b1fef3f21d36ff6d,prompt,real_base_to_step8,32,1.05,0.0003364538798454076,0.0003325548500008698,4.541302481148433e-09,4.1251984895851786e-05,2.8505244555735874e-11,1.747551728664948e-11,2.8501798695822395e-11,1.7472713459030185e-11,0.999879114879834
val-math500,b1fef3f21d36ff6d,prompt,real_base_to_step8,32,2.0,0.0003364538798454076,0.0003325548500008698,0.0,4.1251984895851786e-05,3.4458599469121148e-15,3.4416918427407124e-15,0.0,0.0,
val-math500,b1fef3f21d36ff6d,prompt,real_base_to_step8,128,1.001,0.0002476635496243785,0.00024509261685352776,6.927204506756662e-05,4.1251984895851786e-05,1.4688314228463524e-06,7.403153015776093e-07,9.277636096570088e-07,4.6422624937514853e-07,0.6316338248395832
val-math500,b1fef3f21d36ff6d,prompt,real_base_to_step8,128,1.05,0.0002476635496243785,0.00024509261685352776,4.541302481148433e-09,4.1251984895851786e-05,2.8505244555735874e-11,1.747551728664948e-11,2.8501798695822395e-11,1.7472713459030185e-11,0.999879114879834
val-math500,b1fef3f21d36ff6d,prompt,real_base_to_step8,128,2.0,0.0002476635496243785,0.00024509261685352776,0.0,4.1251984895851786e-05,3.4458599469121148e-15,3.4416918427407124e-15,0.0,0.0,
val-math500,b1fef3f21d36ff6d,prompt,calibrated_0.016,1,1.001,0.0012223119098140232,0.01524265328802767,0.0007320530415600153,0.016000026494207436,0.028254912193558156,0.016138374477491446,0.0019799618813787084,0.0008040912111044143,0.07007496140193706
val-math500,b1fef3f21d36ff6d,prompt,calibrated_0.016,1,1.05,0.0012223119098140232,0.01524265328802767,0.0007277928386090535,0.016000026494207436,0.02818456750143257,0.01610606973394429,0.0020766643277787635,0.0008462462434967932,0.07368090099921563
val-math500,b1fef3f21d36ff6d,prompt,calibrated_0.016,1,2.0,0.0012223119098140232,0.01524265328802767,0.0006933296149170804,0.016000026494207436,0.026858643999570296,0.015506836160069431,0.003950983844266041,0.001681447992263117,0.14710287847477524
val-math500,b1fef3f21d36ff6d,prompt,calibrated_0.016,4,1.001,0.0005631637574309738,0.014029815143746823,0.0007320530415600153,0.016000026494207436,0.028254912193558156,0.016138374477491446,0.0009215081241333307,0.00038465236723868535,0.03261408557282389
val-math500,b1fef3f21d36ff6d,prompt,calibrated_0.016,4,1.05,0.0005631637574309738,0.014029815143746823,0.0007277928386090535,0.016000026494207436,0.02818456750143257,0.01610606973394429,0.0009665151400987721,0.00040599134605777095,0.03429235307760695
val-math500,b1fef3f21d36ff6d,prompt,calibrated_0.016,4,2.0,0.0005631637574309738,0.014029815143746823,0.0006933296149170804,0.016000026494207436,0.026858643999570296,0.015506836160069431,0.0018385857185990182,0.0008356000662189436,0.06845415273490475
val-math500,b1fef3f21d36ff6d,prompt,calibrated_0.016,8,1.001,0.00047494403156764025,0.006816671495320561,0.0007320530415600153,0.016000026494207436,0.028254912193558156,0.016138374477491446,0.0007750010034483731,0.00033056889081927484,0.027428894421588957
val-math500,b1fef3f21d36ff6d,prompt,calibrated_0.016,8,1.05,0.00047494403156764025,0.006816671495320561,0.0007277928386090535,0.016000026494207436,0.02818456750143257,0.01610606973394429,0.0008128995315835811,0.0003488798636819307,0.02884200836299024
val-math500,b1fef3f21d36ff6d,prompt,calibrated_0.016,8,2.0,0.00047494403156764025,0.006816671495320561,0.0006933296149170804,0.016000026494207436,0.026858643999570296,0.015506836160069431,0.0015474236455510198,0.0007196028585988543,0.05761361763370394
val-math500,b1fef3f21d36ff6d,prompt,calibrated_0.016,32,1.001,0.0003364538798454076,0.002905647425652934,0.0007320530415600153,0.016000026494207436,0.028254912193558156,0.016138374477491446,0.0005231084023026261,0.0001724746518678086,0.018513892335573767
val-math500,b1fef3f21d36ff6d,prompt,calibrated_0.016,32,1.05,0.0003364538798454076,0.002905647425652934,0.0007277928386090535,0.016000026494207436,0.02818456750143257,0.01610606973394429,0.0005487025429344286,0.00018321409387884685,0.01946819098453574
val-math500,b1fef3f21d36ff6d,prompt,calibrated_0.016,32,2.0,0.0003364538798454076,0.002905647425652934,0.0006933296149170804,0.016000026494207436,0.026858643999570296,0.015506836160069431,0.001044835368094011,0.00040636543652675225,0.03890127022461473
val-math500,b1fef3f21d36ff6d,prompt,calibrated_0.016,128,1.001,0.0002476635496243785,0.002393308828980892,0.0007320530415600153,0.016000026494207436,0.028254912193558156,0.016138374477491446,0.00039804059575587075,0.00013118826695400547,0.014087483019912556
val-math500,b1fef3f21d36ff6d,prompt,calibrated_0.016,128,1.05,0.0002476635496243785,0.002393308828980892,0.0007277928386090535,0.016000026494207436,0.02818456750143257,0.01610606973394429,0.00041751735308017844,0.0001393027815555626,0.014813686712026247
val-math500,b1fef3f21d36ff6d,prompt,calibrated_0.016,128,2.0,0.0002476635496243785,0.002393308828980892,0.0006933296149170804,0.016000026494207436,0.026858643999570296,0.015506836160069431,0.0007950760256654561,0.0003082379086912955,0.02960223999685823
val-math500,b1fef3f21d36ff6d,prompt,calibrated_0.05,1,1.001,0.0012223119098140232,0.04781654145955727,0.0007299255412699876,0.04999941423207534,0.08940798675666142,0.051252548512545036,0.002151941490788738,0.0008627902888137317,0.024068783660743883
val-math500,b1fef3f21d36ff6d,prompt,calibrated_0.05,1,1.05,0.0012223119098140232,0.04781654145955727,0.0007276142432136748,0.04999941423207534,0.08934018083812671,0.051222329367174635,0.002256635402084681,0.0009071863946459079,0.025258907928263807
val-math500,b1fef3f21d36ff6d,prompt,calibrated_0.05,1,2.0,0.0012223119098140232,0.04781654145955727,0.0006974492472461997,0.04999941423207534,0.08805599245553386,0.05065226526661759,0.004285028768931572,0.001780329970442392,0.04866254583520148
val-math500,b1fef3f21d36ff6d,prompt,calibrated_0.05,4,1.001,0.0005631637574309738,0.046437987463572056,0.0007299255412699876,0.04999941423207534,0.08940798675666142,0.051252548512545036,0.0009504944080712167,0.0003866764233216236,0.010630978758733757
val-math500,b1fef3f21d36ff6d,prompt,calibrated_0.05,4,1.05,0.0005631637574309738,0.046437987463572056,0.0007276142432136748,0.04999941423207534,0.08934018083812671,0.051222329367174635,0.0009967360828517032,0.0004076063111024857,0.011156638295345125
val-math500,b1fef3f21d36ff6d,prompt,calibrated_0.05,4,2.0,0.0005631637574309738,0.046437987463572056,0.0006974492472461997,0.04999941423207534,0.08805599245553386,0.05065226526661759,0.0018918961696494016,0.0008249449521114029,0.02148514958371247
val-math500,b1fef3f21d36ff6d,prompt,calibrated_0.05,8,1.001,0.00047494403156764025,0.02347818104176635,0.0007299255412699876,0.04999941423207534,0.08940798675666142,0.051252548512545036,0.000825913471045328,0.00034715905463925925,0.009237580455683313
val-math500,b1fef3f21d36ff6d,prompt,calibrated_0.05,8,1.05,0.00047494403156764025,0.02347818104176635,0.0007276142432136748,0.04999941423207534,0.08934018083812671,0.051222329367174635,0.0008662273018034315,0.00036579719709550437,0.009695831077093157
val-math500,b1fef3f21d36ff6d,prompt,calibrated_0.05,8,2.0,0.00047494403156764025,0.02347818104176635,0.0006974492472461997,0.04999941423207534,0.08805599245553386,0.05065226526661759,0.0016471417126370557,0.0007383276382974019,0.018705617490698573
val-math500,b1fef3f21d36ff6d,prompt,calibrated_0.05,32,1.001,0.0003364538798454076,0.009779359064768348,0.0007299255412699876,0.04999941423207534,0.08940798675666142,0.051252548512545036,0.0005722696075859662,0.00018580534235161848,0.00640065421832495
val-math500,b1fef3f21d36ff6d,prompt,calibrated_0.05,32,1.05,0.0003364538798454076,0.009779359064768348,0.0007276142432136748,0.04999941423207534,0.08934018083812671,0.051222329367174635,0.0006002450962608423,0.00019668968117990672,0.006718646533169792
val-math500,b1fef3f21d36ff6d,prompt,calibrated_0.05,32,2.0,0.0003364538798454076,0.009779359064768348,0.0006974492472461997,0.04999941423207534,0.08805599245553386,0.05065226526661759,0.0011424152837550404,0.0004182286183098701,0.01297373695869628
val-math500,b1fef3f21d36ff6d,prompt,calibrated_0.05,128,1.001,0.0002476635496243785,0.008744703633420121,0.0007299255412699876,0.04999941423207534,0.08940798675666142,0.051252548512545036,0.000433795872152597,0.0001419793739635602,0.004851869367478814
val-math500,b1fef3f21d36ff6d,prompt,calibrated_0.05,128,1.05,0.0002476635496243785,0.008744703633420121,0.0007276142432136748,0.04999941423207534,0.08934018083812671,0.051222329367174635,0.0004550062348045608,0.00015020147308091386,0.005092962993090147
val-math500,b1fef3f21d36ff6d,prompt,calibrated_0.05,128,2.0,0.0002476635496243785,0.008744703633420121,0.0006974492472461997,0.04999941423207534,0.08805599245553386,0.05065226526661759,0.0008660625880091222,0.0003185993994684741,0.00983536229458163
val-math500,b1fef3f21d36ff6d,answer16,real_base_to_step8,1,1.001,0.1818026359183437,0.18475646084564065,0.11189676299445564,0.0069105374360954,0.0059568148004476035,0.003827925769450776,0.003174771325764025,0.0018020628850904097,0.5329645846175154
val-math500,b1fef3f21d36ff6d,answer16,real_base_to_step8,1,1.05,0.1818026359183437,0.18475646084564065,0.004960584725822537,0.0069105374360954,2.7623195261354794e-05,1.6941737067415934e-05,2.762319530312523e-05,1.6941737090806037e-05,1.0000000015121508
val-math500,b1fef3f21d36ff6d,answer16,real_base_to_step8,1,2.0,0.1818026359183437,0.18475646084564065,0.0,0.0069105374360954,4.221058258482036e-14,3.480833091467604e-14,0.0,0.0,
val-math500,b1fef3f21d36ff6d,answer16,real_base_to_step8,4,1.001,0.010127975767678196,0.010241418439907675,0.11189676299445564,0.0069105374360954,0.0059568148004476035,0.003827925769450776,0.00018387616644351349,7.1088568503228e-05,0.03086820265583828
val-math500,b1fef3f21d36ff6d,answer16,real_base_to_step8,4,1.05,0.010127975767678196,0.010241418439907675,0.004960584725822537,0.0069105374360954,2.7623195261354794e-05,1.6941737067415934e-05,2.8088176692732085e-06,1.7501394374641268e-06,0.10168330067169241
val-math500,b1fef3f21d36ff6d,answer16,real_base_to_step8,4,2.0,0.010127975767678196,0.010241418439907675,0.0,0.0069105374360954,4.221058258482036e-14,3.480833091467604e-14,0.0,0.0,
val-math500,b1fef3f21d36ff6d,answer16,real_base_to_step8,8,1.001,0.004260772076177612,0.004312653247015297,0.11189676299445564,0.0069105374360954,0.0059568148004476035,0.003827925769450776,0.00013703658013516063,6.215039439656033e-05,0.023005009342386053
val-math500,b1fef3f21d36ff6d,answer16,real_base_to_step8,8,1.05,0.004260772076177612,0.004312653247015297,0.004960584725822537,0.0069105374360954,2.7623195261354794e-05,1.6941737067415934e-05,2.8088176692732085e-06,1.7501394374641268e-06,0.10168330067169241
val-math500,b1fef3f21d36ff6d,answer16,real_base_to_step8,8,2.0,0.004260772076177612,0.004312653247015297,0.0,0.0069105374360954,4.221058258482036e-14,3.480833091467604e-14,0.0,0.0,
val-math500,b1fef3f21d36ff6d,answer16,real_base_to_step8,32,1.001,0.00014674163043204,0.00014867431863239343,0.11189676299445564,0.0069105374360954,0.0059568148004476035,0.003827925769450776,1.7770937860095548e-06,3.546256994713009e-07,0.00029832953441426806
val-math500,b1fef3f21d36ff6d,answer16,real_base_to_step8,32,1.05,0.00014674163043204,0.00014867431863239343,0.004960584725822537,0.0069105374360954,2.7623195261354794e-05,1.6941737067415934e-05,5.855382318918775e-10,3.624518292913707e-10,2.119733891578622e-05
val-math500,b1fef3f21d36ff6d,answer16,real_base_to_step8,32,2.0,0.00014674163043204,0.00014867431863239343,0.0,0.0069105374360954,4.221058258482036e-14,3.480833091467604e-14,0.0,0.0,
val-math500,b1fef3f21d36ff6d,answer16,real_base_to_step8,128,1.001,1.595373569171625e-05,1.621975381240289e-05,0.11189676299445564,0.0069105374360954,0.0059568148004476035,0.003827925769450776,1.5173976515732073e-07,1.8119640985180226e-08,2.5473305825441944e-05
val-math500,b1fef3f21d36ff6d,answer16,real_base_to_step8,128,1.05,1.595373569171625e-05,1.621975381240289e-05,0.004960584725822537,0.0069105374360954,2.7623195261354794e-05,1.6941737067415934e-05,5.855382318918775e-10,3.624518292913707e-10,2.119733891578622e-05
val-math500,b1fef3f21d36ff6d,answer16,real_base_to_step8,128,2.0,1.595373569171625e-05,1.621975381240289e-05,0.0,0.0069105374360954,4.221058258482036e-14,3.480833091467604e-14,0.0,0.0,
val-math500,b1fef3f21d36ff6d,answer16,calibrated_0.016,1,1.001,0.1818026359183437,0.18903203627542234,0.10649008643121687,0.016000541860195203,0.014223074422914666,0.009572028740562694,0.007483844517479798,0.004577239427965873,0.5261762889620154
val-math500,b1fef3f21d36ff6d,answer16,calibrated_0.016,1,1.05,0.1818026359183437,0.18903203627542234,0.10249794185311267,0.016000541860195203,0.00524716644995506,0.0035519660861949875,0.005247166449988023,0.0035519660862147963,1.0000000000062819
val-math500,b1fef3f21d36ff6d,answer16,calibrated_0.016,1,2.0,0.1818026359183437,0.18903203627542234,0.0,0.016000541860195203,4.215916341879432e-14,3.461450065187334e-14,0.0,0.0,
val-math500,b1fef3f21d36ff6d,answer16,calibrated_0.016,4,1.001,0.010127975767678196,0.010126829559578642,0.10649008643121687,0.016000541860195203,0.014223074422914666,0.009572028740562694,0.00030063504670294495,0.00014639714013901624,0.021137135176526572
val-math500,b1fef3f21d36ff6d,answer16,calibrated_0.016,4,1.05,0.010127975767678196,0.010126829559578642,0.10249794185311267,0.016000541860195203,0.00524716644995506,0.0035519660861949875,2.1876940763372323e-05,1.0878554949211533e-05,0.0041692865991624275
val-math500,b1fef3f21d36ff6d,answer16,calibrated_0.016,4,2.0,0.010127975767678196,0.010126829559578642,0.0,0.016000541860195203,4.215916341879432e-14,3.461450065187334e-14,0.0,0.0,
val-math500,b1fef3f21d36ff6d,answer16,calibrated_0.016,8,1.001,0.004260772076177612,0.004300146475872732,0.10649008643121687,0.016000541860195203,0.014223074422914666,0.009572028740562694,0.00010044499827215522,3.658865514058808e-05,0.00706211577648284
val-math500,b1fef3f21d36ff6d,answer16,calibrated_0.016,8,1.05,0.004260772076177612,0.004300146475872732,0.10249794185311267,0.016000541860195203,0.00524716644995506,0.0035519660861949875,1.3282831930603499e-05,6.976846878910025e-06,0.0025314294976705493
val-math500,b1fef3f21d36ff6d,answer16,calibrated_0.016,8,2.0,0.004260772076177612,0.004300146475872732,0.0,0.016000541860195203,4.215916341879432e-14,3.461450065187334e-14,0.0,0.0,
val-math500,b1fef3f21d36ff6d,answer16,calibrated_0.016,32,1.001,0.00014674163043204,0.00015024696822756777,0.10649008643121687,0.016000541860195203,0.014223074422914666,0.009572028740562694,3.899434535196604e-06,7.148037370388794e-07,0.000274162562836222
val-math500,b1fef3f21d36ff6d,answer16,calibrated_0.016,32,1.05,0.00014674163043204,0.00015024696822756777,0.10249794185311267,0.016000541860195203,0.00524716644995506,0.0035519660861949875,1.2836453709540385e-06,5.660239598972092e-07,0.0002446359160123522
val-math500,b1fef3f21d36ff6d,answer16,calibrated_0.016,32,2.0,0.00014674163043204,0.00015024696822756777,0.0,0.016000541860195203,4.215916341879432e-14,3.461450065187334e-14,0.0,0.0,
val-math500,b1fef3f21d36ff6d,answer16,calibrated_0.016,128,1.001,1.595373569171625e-05,1.625640265920381e-05,0.10649008643121687,0.016000541860195203,0.014223074422914666,0.009572028740562694,4.906672520709669e-07,1.108150499427073e-07,3.4497974030175735e-05
val-math500,b1fef3f21d36ff6d,answer16,calibrated_0.016,128,1.05,1.595373569171625e-05,1.625640265920381e-05,0.10249794185311267,0.016000541860195203,0.00524716644995506,0.0035519660861949875,1.6105254749045945e-07,6.732475923471417e-08,3.069324158600663e-05
val-math500,b1fef3f21d36ff6d,answer16,calibrated_0.016,128,2.0,1.595373569171625e-05,1.625640265920381e-05,0.0,0.016000541860195203,4.215916341879432e-14,3.461450065187334e-14,0.0,0.0,
val-math500,b1fef3f21d36ff6d,answer16,calibrated_0.05,1,1.001,0.1818026359183437,0.2051931573598911,0.10649004491782416,0.050000507921918,0.04530703057024911,0.030507576679148087,0.0220453224832394,0.013528062653907037,0.4865761937114341
val-math500,b1fef3f21d36ff6d,answer16,calibrated_0.05,1,1.05,0.1818026359183437,0.2051931573598911,0.10348986943240922,0.050000507921918,0.036476093866245986,0.024580615259352134,0.022191049297948913,0.013214724848259939,0.6083724145277497
val-math500,b1fef3f21d36ff6d,answer16,calibrated_0.05,1,2.0,0.1818026359183437,0.2051931573598911,0.0,0.050000507921918,2.7779658762869296e-14,2.244262976469791e-14,0.0,0.0,
val-math500,b1fef3f21d36ff6d,answer16,calibrated_0.05,4,1.001,0.010127975767678196,0.010145565115030706,0.10649004491782416,0.050000507921918,0.04530703057024911,0.030507576679148087,0.0009358908241074809,0.00044962314601279806,0.020656635677245957
val-math500,b1fef3f21d36ff6d,answer16,calibrated_0.05,4,1.05,0.010127975767678196,0.010145565115030706,0.10348986943240922,0.050000507921918,0.036476093866245986,0.024580615259352134,0.0005409188321117633,0.00027644873336724605,0.014829406736786455
val-math500,b1fef3f21d36ff6d,answer16,calibrated_0.05,4,2.0,0.010127975767678196,0.010145565115030706,0.0,0.050000507921918,2.7779658762869296e-14,2.244262976469791e-14,0.0,0.0,
val-math500,b1fef3f21d36ff6d,answer16,calibrated_0.05,8,1.001,0.004260772076177612,0.004385497015224015,0.10649004491782416,0.050000507921918,0.04530703057024911,0.030507576679148087,0.00029650631788299465,0.00010512026122943568,0.006544377641859754
val-math500,b1fef3f21d36ff6d,answer16,calibrated_0.05,8,1.05,0.004260772076177612,0.004385497015224015,0.10348986943240922,0.050000507921918,0.036476093866245986,0.024580615259352134,0.00021884097637125548,0.00010121676252591982,0.00599957268378907
val-math500,b1fef3f21d36ff6d,answer16,calibrated_0.05,8,2.0,0.004260772076177612,0.004385497015224015,0.0,0.050000507921918,2.7779658762869296e-14,2.244262976469791e-14,0.0,0.0,
val-math500,b1fef3f21d36ff6d,answer16,calibrated_0.05,32,1.001,0.00014674163043204,0.0001577315360079192,0.10649004491782416,0.050000507921918,0.04530703057024911,0.030507576679148087,1.1782299782529358e-05,2.122675329742616e-06,0.0002600545574104831
val-math500,b1fef3f21d36ff6d,answer16,calibrated_0.05,32,1.05,0.00014674163043204,0.0001577315360079192,0.10348986943240922,0.050000507921918,0.036476093866245986,0.024580615259352134,1.2358651406475922e-05,3.854137558828553e-06,0.0003388151004269756
val-math500,b1fef3f21d36ff6d,answer16,calibrated_0.05,32,2.0,0.00014674163043204,0.0001577315360079192,0.0,0.050000507921918,2.7779658762869296e-14,2.244262976469791e-14,0.0,0.0,
val-math500,b1fef3f21d36ff6d,answer16,calibrated_0.05,128,1.001,1.595373569171625e-05,1.692185439378867e-05,0.10649004491782416,0.050000507921918,0.04530703057024911,0.030507576679148087,1.4761915332307975e-06,3.1866824401695836e-07,3.258195283714178e-05
val-math500,b1fef3f21d36ff6d,answer16,calibrated_0.05,128,1.05,1.595373569171625e-05,1.692185439378867e-05,0.10348986943240922,0.050000507921918,0.036476093866245986,0.024580615259352134,1.5484470751790029e-06,5.704790494659291e-07,4.2451011362592606e-05
val-math500,b1fef3f21d36ff6d,answer16,calibrated_0.05,128,2.0,1.595373569171625e-05,1.692185439378867e-05,0.0,0.050000507921918,2.7779658762869296e-14,2.244262976469791e-14,0.0,0.0,
val-math500,b1fef3f21d36ff6d,answer32,real_base_to_step8,1,1.001,5.040995647500518e-07,5.04100573784796e-07,1.3126826578832845e-08,1.4470534663039052e-10,1.1843834706770304e-10,6.75126002176051e-11,1.1860976558462402e-10,6.766279383880911e-11,1.0014473227731133
val-math500,b1fef3f21d36ff6d,answer32,real_base_to_step8,1,1.05,5.040995647500518e-07,5.04100573784796e-07,0.0,1.4470534663039052e-10,1.7141852144641507e-13,1.7141843500214452e-13,0.0,0.0,
val-math500,b1fef3f21d36ff6d,answer32,real_base_to_step8,1,2.0,5.040995647500518e-07,5.04100573784796e-07,0.0,1.4470534663039052e-10,1.7141852144641507e-13,1.7141843500214452e-13,0.0,0.0,
val-math500,b1fef3f21d36ff6d,answer32,real_base_to_step8,4,1.001,7.0447811131477266e-09,7.04960696379422e-09,1.3126826578832845e-08,1.4470534663039052e-10,1.1843834706770304e-10,6.75126002176051e-11,4.0016053477744597e-11,2.2240674168012758e-11,0.3378639981767913
val-math500,b1fef3f21d36ff6d,answer32,real_base_to_step8,4,1.05,7.0447811131477266e-09,7.04960696379422e-09,0.0,1.4470534663039052e-10,1.7141852144641507e-13,1.7141843500214452e-13,0.0,0.0,
val-math500,b1fef3f21d36ff6d,answer32,real_base_to_step8,4,2.0,7.0447811131477266e-09,7.04960696379422e-09,0.0,1.4470534663039052e-10,1.7141852144641507e-13,1.7141843500214452e-13,0.0,0.0,
val-math500,b1fef3f21d36ff6d,answer32,real_base_to_step8,8,1.001,1.6060400736590066e-09,1.609830967975351e-09,1.3126826578832845e-08,1.4470534663039052e-10,1.1843834706770304e-10,6.75126002176051e-11,1.0797344443097478e-11,6.12652858803358e-12,0.09116426149484659
val-math500,b1fef3f21d36ff6d,answer32,real_base_to_step8,8,1.05,1.6060400736590066e-09,1.609830967975351e-09,0.0,1.4470534663039052e-10,1.7141852144641507e-13,1.7141843500214452e-13,0.0,0.0,
val-math500,b1fef3f21d36ff6d,answer32,real_base_to_step8,8,2.0,1.6060400736590066e-09,1.609830967975351e-09,0.0,1.4470534663039052e-10,1.7141852144641507e-13,1.7141843500214452e-13,0.0,0.0,
val-math500,b1fef3f21d36ff6d,answer32,real_base_to_step8,32,1.001,8.827468052636996e-11,8.849972947706613e-11,1.3126826578832845e-08,1.4470534663039052e-10,1.1843834706770304e-10,6.75126002176051e-11,4.133972571091402e-13,1.5933830644370522e-13,0.003490400426416197
val-math500,b1fef3f21d36ff6d,answer32,real_base_to_step8,32,1.05,8.827468052636996e-11,8.849972947706613e-11,0.0,1.4470534663039052e-10,1.7141852144641507e-13,1.7141843500214452e-13,0.0,0.0,
val-math500,b1fef3f21d36ff6d,answer32,real_base_to_step8,32,2.0,8.827468052636996e-11,8.849972947706613e-11,0.0,1.4470534663039052e-10,1.7141852144641507e-13,1.7141843500214452e-13,0.0,0.0,
val-math500,b1fef3f21d36ff6d,answer32,real_base_to_step8,128,1.001,1.551930941072237e-11,1.550603763546141e-11,1.3126826578832845e-08,1.4470534663039052e-10,1.1843834706770304e-10,6.75126002176051e-11,5.809925508085788e-14,2.9110576803105006e-14,0.0004905442917710304
val-math500,b1fef3f21d36ff6d,answer32,real_base_to_step8,128,1.05,1.551930941072237e-11,1.550603763546141e-11,0.0,1.4470534663039052e-10,1.7141852144641507e-13,1.7141843500214452e-13,0.0,0.0,
val-math500,b1fef3f21d36ff6d,answer32,real_base_to_step8,128,2.0,1.551930941072237e-11,1.550603763546141e-11,0.0,1.4470534663039052e-10,1.7141852144641507e-13,1.7141843500214452e-13,0.0,0.0,
val-math500,b1fef3f21d36ff6d,answer32,calibrated_0.016,1,1.001,5.040995647500518e-07,0.015870208497347698,4.986760707718613e-07,0.016000561764350506,0.031235707374647436,0.019872746188492475,9.65074882955681e-07,6.134672711482804e-07,3.0896527214203165e-05
val-math500,b1fef3f21d36ff6d,answer32,calibrated_0.016,1,1.05,5.040995647500518e-07,0.015870208497347698,4.986741843404153e-07,0.016000561764350506,0.031235659280140583,0.019872726749622267,1.01231624833277e-06,6.434971394076558e-07,3.240899253169897e-05
val-math500,b1fef3f21d36ff6d,answer32,calibrated_0.016,1,2.0,5.040995647500518e-07,0.015870208497347698,4.986645920304044e-07,0.016000561764350506,0.03123472684923279,0.01987234988682455,1.9282200505764607e-06,1.2257088787356185e-06,6.17332131599487e-05
val-math500,b1fef3f21d36ff6d,answer32,calibrated_0.016,4,1.001,7.0447811131477266e-09,0.015254187330404366,4.986760707718613e-07,0.016000561764350506,0.031235707374647436,0.019872746188492475,1.3448715614177856e-08,6.652794160859039e-09,4.3055582039078616e-07
val-math500,b1fef3f21d36ff6d,answer32,calibrated_0.016,4,1.05,7.0447811131477266e-09,0.015254187330404366,4.986741843404153e-07,0.016000561764350506,0.031235659280140583,0.019872726749622267,1.4107006945411646e-08,6.978452332883441e-09,4.5163147730903773e-07
val-math500,b1fef3f21d36ff6d,answer32,calibrated_0.016,4,2.0,7.0447811131477266e-09,0.015254187330404366,4.986645920304044e-07,0.016000561764350506,0.03123472684923279,0.01987234988682455,2.686958758368318e-08,1.3292272990986102e-08,8.602472406235616e-07
val-math500,b1fef3f21d36ff6d,answer32,calibrated_0.016,8,1.001,1.6060400736590066e-09,0.014906375755862546,4.986760707718613e-07,0.016000561764350506,0.031235707374647436,0.019872746188492475,3.0256550631998795e-09,1.4549952192740378e-09,9.686526470841708e-08
val-math500,b1fef3f21d36ff6d,answer32,calibrated_0.016,8,1.05,1.6060400736590066e-09,0.014906375755862546,4.986741843404153e-07,0.016000561764350506,0.031235659280140583,0.019872726749622267,3.1737268898484166e-09,1.5262522469305444e-09,1.0160588772545135e-07
val-math500,b1fef3f21d36ff6d,answer32,calibrated_0.016,8,2.0,1.6060400736590066e-09,0.014906375755862546,4.986645920304044e-07,0.016000561764350506,0.03123472684923279,0.01987234988682455,6.044292415734823e-09,2.9082229268318703e-09,1.935119344859354e-07
val-math500,b1fef3f21d36ff6d,answer32,calibrated_0.016,32,1.001,8.827468052636996e-11,0.012366680004097784,4.986760707718613e-07,0.016000561764350506,0.031235707374647436,0.019872746188492475,1.757784316471495e-10,9.056667073949988e-11,5.627483621191196e-09
val-math500,b1fef3f21d36ff6d,answer32,calibrated_0.016,32,1.05,8.827468052636996e-11,0.012366680004097784,4.986741843404153e-07,0.016000561764350506,0.031235659280140583,0.019872726749622267,1.8438011404899384e-10,9.502487796290424e-11,5.902872495674246e-09
val-math500,b1fef3f21d36ff6d,answer32,calibrated_0.016,32,2.0,8.827468052636996e-11,0.012366680004097784,4.986645920304044e-07,0.016000561764350506,0.03123472684923279,0.01987234988682455,3.509687670303423e-10,1.8324524540448724e-10,1.1236492277471705e-08
val-math500,b1fef3f21d36ff6d,answer32,calibrated_0.016,128,1.001,1.551930941072237e-11,0.012362152988594739,4.986760707718613e-07,0.016000561764350506,0.031235707374647436,0.019872746188492475,3.089103070659638e-11,1.5502540961995576e-11,9.889652997475955e-10
val-math500,b1fef3f21d36ff6d,answer32,calibrated_0.016,128,1.05,1.551930941072237e-11,0.012362152988594739,4.986741843404153e-07,0.016000561764350506,0.031235659280140583,0.019872726749622267,3.24021629569642e-11,1.6265107957080667e-11,1.0373452555094705e-09
val-math500,b1fef3f21d36ff6d,answer32,calibrated_0.016,128,2.0,1.551930941072237e-11,0.012362152988594739,4.986645920304044e-07,0.016000561764350506,0.03123472684923279,0.01987234988682455,6.169741512790244e-11,3.1092661586207595e-11,1.975282685381252e-09
val-math500,b1fef3f21d36ff6d,answer32,calibrated_0.05,1,1.001,5.040995647500518e-07,0.048770317486508,4.986741877141504e-07,0.05000291835399698,0.0927825975134751,0.06145374574597627,9.882078690170213e-07,6.494296773317174e-07,1.065078900031335e-05
val-math500,b1fef3f21d36ff6d,answer32,calibrated_0.05,1,1.05,5.040995647500518e-07,0.048770317486508,4.986741629879722e-07,0.05000291835399698,0.09278255102681676,0.06145372858122209,1.0365815042262622e-06,6.812199035582242e-07,1.1172159988645505e-05
val-math500,b1fef3f21d36ff6d,answer32,calibrated_0.05,1,2.0,5.040995647500518e-07,0.048770317486508,4.986645918665948e-07,0.05000291835399698,0.09278164976902385,0.06145339580250471,1.974437046009173e-06,1.2975608853104073e-06,2.1280469262235084e-05
val-math500,b1fef3f21d36ff6d,answer32,calibrated_0.05,4,1.001,7.0447811131477266e-09,0.047966844693863274,4.986741877141504e-07,0.05000291835399698,0.0927825975134751,0.06145374574597627,1.3686420462178226e-08,7.0732015050814e-09,1.47510641316013e-07
val-math500,b1fef3f21d36ff6d,answer32,calibrated_0.05,4,1.05,7.0447811131477266e-09,0.047966844693863274,4.986741629879722e-07,0.05000291835399698,0.09278255102681676,0.06145372858122209,1.435626789277352e-08,7.419405120717227e-09,1.547302562162163e-07
val-math500,b1fef3f21d36ff6d,answer32,calibrated_0.05,4,2.0,7.0447811131477266e-09,0.047966844693863274,4.986645918665948e-07,0.05000291835399698,0.09278164976902385,0.06145339580250471,2.73424630086655e-08,1.4131361306106418e-08,2.946968832385871e-07
val-math500,b1fef3f21d36ff6d,answer32,calibrated_0.05,8,1.001,1.6060400736590066e-09,0.04739964076744855,4.986741877141504e-07,0.05000291835399698,0.0927825975134751,0.06145374574597627,3.041996257798138e-09,1.5443046431605913e-09,3.2786280394406284e-08
val-math500,b1fef3f21d36ff6d,answer32,calibrated_0.05,8,1.05,1.6060400736590066e-09,0.04739964076744855,4.986741629879722e-07,0.05000291835399698,0.09278255102681676,0.06145372858122209,3.1907879648994697e-09,1.6198936737842275e-09,3.4389957266611933e-08
val-math500,b1fef3f21d36ff6d,answer32,calibrated_0.05,8,2.0,1.6060400736590066e-09,0.04739964076744855,4.986645918665948e-07,0.05000291835399698,0.09278164976902385,0.06145339580250471,6.074882697067499e-09,3.085581032649043e-09,6.547504503520548e-08
val-math500,b1fef3f21d36ff6d,answer32,calibrated_0.05,32,1.001,8.827468052636996e-11,0.042393761916913845,4.986741877141504e-07,0.05000291835399698,0.0927825975134751,0.06145374574597627,1.7448711144737624e-10,9.000085141751273e-11,1.8806017089792615e-09
val-math500,b1fef3f21d36ff6d,answer32,calibrated_0.05,32,1.05,8.827468052636996e-11,0.042393761916913845,4.986741629879722e-07,0.05000291835399698,0.09278255102681676,0.06145372858122209,1.8301624402789264e-10,9.443244712331499e-11,1.972528692113626e-09
val-math500,b1fef3f21d36ff6d,answer32,calibrated_0.05,32,2.0,8.827468052636996e-11,0.042393761916913845,4.986645918665948e-07,0.05000291835399698,0.09278164976902385,0.06145339580250471,3.4779571493761643e-10,1.817422374748117e-10,3.748539886965146e-09
val-math500,b1fef3f21d36ff6d,answer32,calibrated_0.05,128,1.001,1.551930941072237e-11,0.04238603819206799,4.986741877141504e-07,0.05000291835399698,0.0927825975134751,0.06145374574597627,3.0797417679592645e-11,1.5478933698704984e-11,3.319309709465705e-10
val-math500,b1fef3f21d36ff6d,answer32,calibrated_0.05,128,1.05,1.551930941072237e-11,0.04238603819206799,4.986741629879722e-07,0.05000291835399698,0.09278255102681676,0.06145372858122209,3.2302269802528813e-11,1.623921657902797e-11,3.4815026581013653e-10
val-math500,b1fef3f21d36ff6d,answer32,calibrated_0.05,128,2.0,1.551930941072237e-11,0.04238603819206799,4.986645918665948e-07,0.05000291835399698,0.09278164976902385,0.06145339580250471,6.145852661518803e-11,3.100932737357503e-11,6.623995883688912e-10
val-math500,b1fef3f21d36ff6d,answer64,real_base_to_step8,1,1.001,6.059014080210977e-05,6.166907760495833e-05,5.964145912546361e-05,2.1526518251786517e-06,2.0430734467627066e-06,1.3622635173117898e-06,7.955174818793906e-08,4.123066424967538e-08,0.038937292398367025
val-math500,b1fef3f21d36ff6d,answer64,real_base_to_step8,1,1.05,6.059014080210977e-05,6.166907760495833e-05,0.0,2.1526518251786517e-06,2.837905038132195e-13,2.8377300548402427e-13,0.0,0.0,
val-math500,b1fef3f21d36ff6d,answer64,real_base_to_step8,1,2.0,6.059014080210977e-05,6.166907760495833e-05,0.0,2.1526518251786517e-06,2.837905038132195e-13,2.8377300548402427e-13,0.0,0.0,
val-math500,b1fef3f21d36ff6d,answer64,real_base_to_step8,4,1.001,1.769218953805781e-06,1.77572971583955e-06,5.964145912546361e-05,2.1526518251786517e-06,2.0430734467627066e-06,1.3622635173117898e-06,1.190563674192733e-08,4.521210757020188e-09,0.005827317055484258
val-math500,b1fef3f21d36ff6d,answer64,real_base_to_step8,4,1.05,1.769218953805781e-06,1.77572971583955e-06,0.0,2.1526518251786517e-06,2.837905038132195e-13,2.8377300548402427e-13,0.0,0.0,
val-math500,b1fef3f21d36ff6d,answer64,real_base_to_step8,4,2.0,1.769218953805781e-06,1.77572971583955e-06,0.0,2.1526518251786517e-06,2.837905038132195e-13,2.8377300548402427e-13,0.0,0.0,
val-math500,b1fef3f21d36ff6d,answer64,real_base_to_step8,8,1.001,6.165762495900951e-07,6.21830633860839e-07,5.964145912546361e-05,2.1526518251786517e-06,2.0430734467627066e-06,1.3622635173117898e-06,3.1827826192241994e-09,1.1226640226449522e-09,0.001557840529065358
val-math500,b1fef3f21d36ff6d,answer64,real_base_to_step8,8,1.05,6.165762495900951e-07,6.21830633860839e-07,0.0,2.1526518251786517e-06,2.837905038132195e-13,2.8377300548402427e-13,0.0,0.0,
val-math500,b1fef3f21d36ff6d,answer64,real_base_to_step8,8,2.0,6.165762495900951e-07,6.21830633860839e-07,0.0,2.1526518251786517e-06,2.837905038132195e-13,2.8377300548402427e-13,0.0,0.0,
val-math500,b1fef3f21d36ff6d,answer64,real_base_to_step8,32,1.001,7.542881926296765e-08,7.59432728570245e-08,5.964145912546361e-05,2.1526518251786517e-06,2.0430734467627066e-06,1.3622635173117898e-06,3.227902879507539e-10,6.478188138215041e-11,0.00015799250313894587
val-math500,b1fef3f21d36ff6d,answer64,real_base_to_step8,32,1.05,7.542881926296765e-08,7.59432728570245e-08,0.0,2.1526518251786517e-06,2.837905038132195e-13,2.8377300548402427e-13,0.0,0.0,
val-math500,b1fef3f21d36ff6d,answer64,real_base_to_step8,32,2.0,7.542881926296765e-08,7.59432728570245e-08,0.0,2.1526518251786517e-06,2.837905038132195e-13,2.8377300548402427e-13,0.0,0.0,
val-math500,b1fef3f21d36ff6d,answer64,real_base_to_step8,128,1.001,3.443554399191939e-09,3.482095534604169e-09,5.964145912546361e-05,2.1526518251786517e-06,2.0430734467627066e-06,1.3622635173117898e-06,1.6852303835733476e-11,1.4601052244746238e-12,8.24850612318236e-06
val-math500,b1fef3f21d36ff6d,answer64,real_base_to_step8,128,1.05,3.443554399191939e-09,3.482095534604169e-09,0.0,2.1526518251786517e-06,2.837905038132195e-13,2.8377300548402427e-13,0.0,0.0,
val-math500,b1fef3f21d36ff6d,answer64,real_base_to_step8,128,2.0,3.443554399191939e-09,3.482095534604169e-09,0.0,2.1526518251786517e-06,2.837905038132195e-13,2.8377300548402427e-13,0.0,0.0,
val-math500,b1fef3f21d36ff6d,answer64,calibrated_0.016,1,1.001,6.059014080210977e-05,0.015683338125087373,6.058842003371873e-05,0.01599989768032592,0.030755344983681408,0.019915657905567624,8.874168965425574e-05,6.0134946808316486e-05,0.0028854070634337387
val-math500,b1fef3f21d36ff6d,answer64,calibrated_0.016,1,1.05,6.059014080210977e-05,0.015683338125087373,6.058841560393e-05,0.01599989768032592,0.030749500441298504,0.01991295830772068,9.308568747911856e-05,6.307861526776829e-05,0.003027226008332111
val-math500,b1fef3f21d36ff6d,answer64,calibrated_0.016,1,2.0,6.059014080210977e-05,0.015683338125087373,6.0578104264617924e-05,0.01599989768032592,0.03063619502223129,0.01986069688013991,0.00017730596293372665,0.00012014971356274549,0.005787466844530262
val-math500,b1fef3f21d36ff6d,answer64,calibrated_0.016,4,1.001,1.769218953805781e-06,0.0008429001199360689,6.058842003371873e-05,0.01599989768032592,0.030755344983681408,0.019915657905567624,1.461485642266131e-06,4.862760233021456e-07,4.751972845830818e-05
val-math500,b1fef3f21d36ff6d,answer64,calibrated_0.016,4,1.05,1.769218953805781e-06,0.0008429001199360689,6.058841560393e-05,0.01599989768032592,0.030749500441298504,0.01991295830772068,1.5330268395561335e-06,5.100797738946353e-07,4.9855341308152845e-05
val-math500,b1fef3f21d36ff6d,answer64,calibrated_0.016,4,2.0,1.769218953805781e-06,0.0008429001199360689,6.0578104264617924e-05,0.01599989768032592,0.03063619502223129,0.01986069688013991,2.920044604698616e-06,9.715675512870765e-07,9.531355321963685e-05
val-math500,b1fef3f21d36ff6d,answer64,calibrated_0.016,8,1.001,6.165762495900951e-07,0.00011998690898472904,6.058842003371873e-05,0.01599989768032592,0.030755344983681408,0.019915657905567624,8.534558223654939e-07,2.530956476414884e-07,2.7749837396339795e-05
val-math500,b1fef3f21d36ff6d,answer64,calibrated_0.016,8,1.05,6.165762495900951e-07,0.00011998690898472904,6.058841560393e-05,0.01599989768032592,0.030749500441298504,0.01991295830772068,8.952333736707215e-07,2.654850341655283e-07,2.911375342112443e-05
val-math500,b1fef3f21d36ff6d,answer64,calibrated_0.016,8,2.0,6.165762495900951e-07,0.00011998690898472904,6.0578104264617924e-05,0.01599989768032592,0.03063619502223129,0.01986069688013991,1.7052056785500616e-06,5.056648304815801e-07,5.56598388707433e-05
val-math500,b1fef3f21d36ff6d,answer64,calibrated_0.016,32,1.001,7.542881926296765e-08,3.5702761332905666e-05,6.058842003371873e-05,0.01599989768032592,0.030755344983681408,0.019915657905567624,1.1080685613369198e-07,4.549165206642306e-08,3.6028487468596237e-06
val-math500,b1fef3f21d36ff6d,answer64,calibrated_0.016,32,1.05,7.542881926296765e-08,3.5702761332905666e-05,6.058841560393e-05,0.01599989768032592,0.030749500441298504,0.01991295830772068,1.1623096672336295e-07,4.771901720199952e-08,3.779930244566103e-06
val-math500,b1fef3f21d36ff6d,answer64,calibrated_0.016,32,2.0,7.542881926296765e-08,3.5702761332905666e-05,6.0578104264617924e-05,0.01599989768032592,0.03063619502223129,0.01986069688013991,2.2139217599061385e-07,9.093486988108071e-08,7.226490620978213e-06
val-math500,b1fef3f21d36ff6d,answer64,calibrated_0.016,128,1.001,3.443554399191939e-09,1.2457590549742833e-06,6.058842003371873e-05,0.01599989768032592,0.030755344983681408,0.019915657905567624,4.798196401537795e-09,5.373638177351512e-10,1.5601178930308497e-07
val-math500,b1fef3f21d36ff6d,answer64,calibrated_0.016,128,1.05,3.443554399191939e-09,1.2457590549742833e-06,6.058841560393e-05,0.01599989768032592,0.030749500441298504,0.01991295830772068,5.033073500858892e-09,5.637703899732082e-10,1.6367984613171663e-07
val-math500,b1fef3f21d36ff6d,answer64,calibrated_0.016,128,2.0,3.443554399191939e-09,1.2457590549742833e-06,6.0578104264617924e-05,0.01599989768032592,0.03063619502223129,0.01986069688013991,9.58680560474467e-09,1.0820200270157736e-09,3.129241603857124e-07
val-math500,b1fef3f21d36ff6d,answer64,calibrated_0.05,1,1.001,6.059014080210977e-05,0.04855107274395706,6.058841586457463e-05,0.04999920049200587,0.09227232215824731,0.0612906477704275,9.588972734705806e-05,6.520512648589038e-05,0.0010392035781066275
val-math500,b1fef3f21d36ff6d,answer64,calibrated_0.05,1,1.05,6.059014080210977e-05,0.04855107274395706,6.058841544777322e-05,0.04999920049200587,0.09226667277354257,0.06128823847819696,0.00010058362732443503,6.839698498867523e-05,0.001090140397403355
val-math500,b1fef3f21d36ff6d,answer64,calibrated_0.05,1,2.0,6.059014080210977e-05,0.04855107274395706,6.0578108103646486e-05,0.04999920049200587,0.09215715018235734,0.06124155648687496,0.00019158759799051334,0.00013027989154623708,0.0020789227706304557
val-math500,b1fef3f21d36ff6d,answer64,calibrated_0.05,4,1.001,1.769218953805781e-06,0.0024816595029422857,6.058841586457463e-05,0.04999920049200587,0.09227232215824731,0.0612906477704275,1.5043965223917951e-06,4.7117688058761733e-07,1.6303876256758237e-05
val-math500,b1fef3f21d36ff6d,answer64,calibrated_0.05,4,1.05,1.769218953805781e-06,0.0024816595029422857,6.058841544777322e-05,0.04999920049200587,0.09226667277354257,0.06128823847819696,1.5780381622791068e-06,4.942414880366967e-07,1.7103013632584447e-05
val-math500,b1fef3f21d36ff6d,answer64,calibrated_0.05,4,2.0,1.769218953805781e-06,0.0024816595029422857,6.0578108103646486e-05,0.04999920049200587,0.09215715018235734,0.06124155648687496,3.0057727974500133e-06,9.414041950365932e-07,3.261573075450245e-05
val-math500,b1fef3f21d36ff6d,answer64,calibrated_0.05,8,1.001,6.165762495900951e-07,0.0003909113613894435,6.058841586457463e-05,0.04999920049200587,0.09227232215824731,0.0612906477704275,9.630228970147186e-07,2.9115446389317194e-07,1.0436747168486032e-05
val-math500,b1fef3f21d36ff6d,answer64,calibrated_0.05,8,1.05,6.165762495900951e-07,0.0003909113613894435,6.058841544777322e-05,0.04999920049200587,0.09226667277354257,0.06128823847819696,1.0101638574675378e-06,3.0540685262701455e-07,1.0948306979128458e-05
val-math500,b1fef3f21d36ff6d,answer64,calibrated_0.05,8,2.0,6.165762495900951e-07,0.0003909113613894435,6.0578108103646486e-05,0.04999920049200587,0.09215715018235734,0.06124155648687496,1.9241196441491337e-06,5.817203118841183e-07,2.0878679954205973e-05
val-math500,b1fef3f21d36ff6d,answer64,calibrated_0.05,32,1.001,7.542881926296765e-08,0.00013301126410371347,6.058841586457463e-05,0.04999920049200587,0.09227232215824731,0.0612906477704275,1.2183685321415868e-07,5.147551976680953e-08,1.3204051915503774e-06
val-math500,b1fef3f21d36ff6d,answer64,calibrated_0.05,32,1.05,7.542881926296765e-08,0.00013301126410371347,6.058841544777322e-05,0.04999920049200587,0.09226667277354257,0.06128823847819696,1.278008868402391e-07,5.399573058099914e-08,1.3851251269666024e-06
val-math500,b1fef3f21d36ff6d,answer64,calibrated_0.05,32,2.0,7.542881926296765e-08,0.00013301126410371347,6.0578108103646486e-05,0.04999920049200587,0.09215715018235734,0.06124155648687496,2.4342973176646834e-07,1.0288061138861711e-07,2.6414633187417156e-06
val-math500,b1fef3f21d36ff6d,answer64,calibrated_0.05,128,1.001,3.443554399191939e-09,4.6218579268270885e-06,6.058841586457463e-05,0.04999920049200587,0.09227232215824731,0.0612906477704275,5.294889402550328e-09,6.652812751627569e-10,5.7383289795932265e-08
val-math500,b1fef3f21d36ff6d,answer64,calibrated_0.05,128,1.05,3.443554399191939e-09,4.6218579268270885e-06,6.058841544777322e-05,0.04999920049200587,0.09226667277354257,0.06128823847819696,5.554080179336237e-09,6.979288392213277e-10,6.019595171669469e-08
val-math500,b1fef3f21d36ff6d,answer64,calibrated_0.05,128,2.0,3.443554399191939e-09,4.6218579268270885e-06,6.0578108103646486e-05,0.04999920049200587,0.09215715018235734,0.06124155648687496,1.0579199978486577e-08,1.3350735740963225e-09,1.147952161883568e-07
val-math500,b1fef3f21d36ff6d,answer128,real_base_to_step8,1,1.001,3.191475308331807e-05,3.2593092581912085e-05,2.9415529306774753e-05,1.3583086527404642e-06,1.3051223318410571e-06,9.172036889985646e-07,1.2915757531876152e-07,7.120054706386503e-08,0.09896204529468647
val-math500,b1fef3f21d36ff6d,answer128,real_base_to_step8,1,1.05,3.191475308331807e-05,3.2593092581912085e-05,0.0,1.3583086527404642e-06,2.899997048956843e-13,2.8999025415642006e-13,0.0,0.0,
val-math500,b1fef3f21d36ff6d,answer128,real_base_to_step8,1,2.0,3.191475308331807e-05,3.2593092581912085e-05,0.0,1.3583086527404642e-06,2.899997048956843e-13,2.8999025415642006e-13,0.0,0.0,
val-math500,b1fef3f21d36ff6d,answer128,real_base_to_step8,4,1.001,1.4924387164239196e-06,1.497726889153764e-06,2.9415529306774753e-05,1.3583086527404642e-06,1.3051223318410571e-06,9.172036889985646e-07,1.2052082435953547e-08,5.241274024888861e-09,0.009234446566363172
val-math500,b1fef3f21d36ff6d,answer128,real_base_to_step8,4,1.05,1.4924387164239196e-06,1.497726889153764e-06,0.0,1.3583086527404642e-06,2.899997048956843e-13,2.8999025415642006e-13,0.0,0.0,
val-math500,b1fef3f21d36ff6d,answer128,real_base_to_step8,4,2.0,1.4924387164239196e-06,1.497726889153764e-06,0.0,1.3583086527404642e-06,2.899997048956843e-13,2.8999025415642006e-13,0.0,0.0,
val-math500,b1fef3f21d36ff6d,answer128,real_base_to_step8,8,1.001,7.103151427976766e-07,7.138083219710005e-07,2.9415529306774753e-05,1.3583086527404642e-06,1.3051223318410571e-06,9.172036889985646e-07,4.5649433463525835e-09,1.4226423762196732e-09,0.0034977129997561945
val-math500,b1fef3f21d36ff6d,answer128,real_base_to_step8,8,1.05,7.103151427976766e-07,7.138083219710005e-07,0.0,1.3583086527404642e-06,2.899997048956843e-13,2.8999025415642006e-13,0.0,0.0,
val-math500,b1fef3f21d36ff6d,answer128,real_base_to_step8,8,2.0,7.103151427976766e-07,7.138083219710005e-07,0.0,1.3583086527404642e-06,2.899997048956843e-13,2.8999025415642006e-13,0.0,0.0,
val-math500,b1fef3f21d36ff6d,answer128,real_base_to_step8,32,1.001,2.602583287371429e-07,2.6164126522528825e-07,2.9415529306774753e-05,1.3583086527404642e-06,1.3051223318410571e-06,9.172036889985646e-07,1.5175435450931317e-09,3.422972819354095e-10,0.001162759618826248
val-math500,b1fef3f21d36ff6d,answer128,real_base_to_step8,32,1.05,2.602583287371429e-07,2.6164126522528825e-07,0.0,1.3583086527404642e-06,2.899997048956843e-13,2.8999025415642006e-13,0.0,0.0,
val-math500,b1fef3f21d36ff6d,answer128,real_base_to_step8,32,2.0,2.602583287371429e-07,2.6164126522528825e-07,0.0,1.3583086527404642e-06,2.899997048956843e-13,2.8999025415642006e-13,0.0,0.0,
val-math500,b1fef3f21d36ff6d,answer128,real_base_to_step8,128,1.001,9.640202298347632e-08,9.69032446514676e-08,2.9415529306774753e-05,1.3583086527404642e-06,1.3051223318410571e-06,9.172036889985646e-07,5.519440609485307e-10,1.2492476534822316e-10,0.0004229059969956507
val-math500,b1fef3f21d36ff6d,answer128,real_base_to_step8,128,1.05,9.640202298347632e-08,9.69032446514676e-08,0.0,1.3583086527404642e-06,2.899997048956843e-13,2.8999025415642006e-13,0.0,0.0,
val-math500,b1fef3f21d36ff6d,answer128,real_base_to_step8,128,2.0,9.640202298347632e-08,9.69032446514676e-08,0.0,1.3583086527404642e-06,2.899997048956843e-13,2.8999025415642006e-13,0.0,0.0,
val-math500,b1fef3f21d36ff6d,answer128,calibrated_0.016,1,1.001,3.191475308331807e-05,0.015849352193351054,3.0326229648226268e-05,0.01600034756042418,0.031135781203980917,0.0213820339804931,6.289003835033326e-05,4.1200438954104204e-05,0.002019863832492899
val-math500,b1fef3f21d36ff6d,answer128,calibrated_0.016,1,1.05,3.191475308331807e-05,0.015849352193351054,3.0326096461302268e-05,0.01600034756042418,0.031132856371462937,0.021380972987580082,6.596796264750248e-05,4.321752497440571e-05,0.0021189177716430213
val-math500,b1fef3f21d36ff6d,answer128,calibrated_0.016,1,2.0,3.191475308331807e-05,0.015849352193351054,3.027449577525279e-05,0.01600034756042418,0.031076232177096423,0.021360459059215194,0.00012564072572792678,8.232630594707347e-05,0.004042984523089179
val-math500,b1fef3f21d36ff6d,answer128,calibrated_0.016,4,1.001,1.4924387164239196e-06,0.015689217341304643,3.0326229648226268e-05,0.01600034756042418,0.031135781203980917,0.0213820339804931,2.740974198208713e-06,1.556038738865682e-06,8.803293484919084e-05
val-math500,b1fef3f21d36ff6d,answer128,calibrated_0.016,4,1.05,1.4924387164239196e-06,0.015689217341304643,3.0326096461302268e-05,0.01600034756042418,0.031132856371462937,0.021380972987580082,2.8748340120127255e-06,1.6369008299467974e-06,9.234083688664885e-05
val-math500,b1fef3f21d36ff6d,answer128,calibrated_0.016,4,2.0,1.4924387164239196e-06,0.015689217341304643,3.027449577525279e-05,0.01600034756042418,0.031076232177096423,0.021360459059215194,5.468804748316659e-06,3.233682109820802e-06,0.00017598030279704363
val-math500,b1fef3f21d36ff6d,answer128,calibrated_0.016,8,1.001,7.103151427976766e-07,0.0008064276725256531,3.0326229648226268e-05,0.01600034756042418,0.031135781203980917,0.0213820339804931,1.337520825559057e-06,5.998550742204541e-07,4.2957676789816534e-05
val-math500,b1fef3f21d36ff6d,answer128,calibrated_0.016,8,1.05,7.103151427976766e-07,0.0008064276725256531,3.0326096461302268e-05,0.01600034756042418,0.031132856371462937,0.021380972987580082,1.4029875917800358e-06,6.315258910597708e-07,4.5064531665203874e-05
val-math500,b1fef3f21d36ff6d,answer128,calibrated_0.016,8,2.0,7.103151427976766e-07,0.0008064276725256531,3.027449577525279e-05,0.01600034756042418,0.031076232177096423,0.021360459059215194,2.6721776771329772e-06,1.272060493794603e-06,8.598782702822017e-05
val-math500,b1fef3f21d36ff6d,answer128,calibrated_0.016,32,1.001,2.602583287371429e-07,0.0007231989345600869,3.0326229648226268e-05,0.01600034756042418,0.031135781203980917,0.0213820339804931,4.977532721994627e-07,2.2354551506254899e-07,1.5986535521254937e-05
val-math500,b1fef3f21d36ff6d,answer128,calibrated_0.016,32,1.05,2.602583287371429e-07,0.0007231989345600869,3.0326096461302268e-05,0.01600034756042418,0.031132856371462937,0.021380972987580082,5.221172144715926e-07,2.3502352489115576e-07,1.6770617133292555e-05
val-math500,b1fef3f21d36ff6d,answer128,calibrated_0.016,32,2.0,2.602583287371429e-07,0.0007231989345600869,3.027449577525279e-05,0.01600034756042418,0.031076232177096423,0.021360459059215194,9.944605961508047e-07,4.648313405702995e-07,3.200068111486613e-05
val-math500,b1fef3f21d36ff6d,answer128,calibrated_0.016,128,1.001,9.640202298347632e-08,0.0007025485388703097,3.0326229648226268e-05,0.01600034756042418,0.031135781203980917,0.0213820339804931,1.8432777734865344e-07,8.169158691349569e-08,5.920126947869415e-06
val-math500,b1fef3f21d36ff6d,answer128,calibrated_0.016,128,1.05,9.640202298347632e-08,0.0007025485388703097,3.0326096461302268e-05,0.01600034756042418,0.031132856371462937,0.021380972987580082,1.9335032131099542e-07,8.58370709771474e-08,6.210490904015624e-06
val-math500,b1fef3f21d36ff6d,answer128,calibrated_0.016,128,2.0,9.640202298347632e-08,0.0007025485388703097,3.027449577525279e-05,0.01600034756042418,0.031076232177096423,0.021360459059215194,3.6827203379941325e-07,1.6800590951251032e-07,1.1850601182946317e-05
val-math500,b1fef3f21d36ff6d,answer128,calibrated_0.05,1,1.001,3.191475308331807e-05,0.04874358541885971,3.0326118323589012e-05,0.04999904820321381,0.09267690038623083,0.06316029648733096,6.32438364161921e-05,4.098663462812431e-05,0.0006824120806007054
val-math500,b1fef3f21d36ff6d,answer128,calibrated_0.05,1,1.05,3.191475308331807e-05,0.04874358541885971,3.032412495778737e-05,0.04999904820321381,0.09267407350054559,0.0631592986765137,6.633799379706314e-05,4.2992840481541255e-05,0.0007158204154765313
val-math500,b1fef3f21d36ff6d,answer128,calibrated_0.05,1,2.0,3.191475308331807e-05,0.04874358541885971,3.0274512052888618e-05,0.04999904820321381,0.0926193473407734,0.06313999003482977,0.00012632277563981285,8.188948192492377e-05,0.001363891878605393
val-math500,b1fef3f21d36ff6d,answer128,calibrated_0.05,4,1.001,1.4924387164239196e-06,0.048561576640792845,3.0326118323589012e-05,0.04999904820321381,0.09267690038623083,0.06316029648733096,2.691787728705946e-06,1.5024409545135719e-06,2.904486142164795e-05
val-math500,b1fef3f21d36ff6d,answer128,calibrated_0.05,4,1.05,1.4924387164239196e-06,0.048561576640792845,3.032412495778737e-05,0.04999904820321381,0.09267407350054559,0.0631592986765137,2.822658546740444e-06,1.5800027924167225e-06,3.0457909533067266e-05
val-math500,b1fef3f21d36ff6d,answer128,calibrated_0.05,4,2.0,1.4924387164239196e-06,0.048561576640792845,3.0274512052888618e-05,0.04999904820321381,0.0926193473407734,0.06313999003482977,5.355987045889779e-06,3.1105851743341343e-06,5.782795063523339e-05
val-math500,b1fef3f21d36ff6d,answer128,calibrated_0.05,8,1.001,7.103151427976766e-07,0.0035309433199638353,3.0326118323589012e-05,0.04999904820321381,0.09267690038623083,0.06316029648733096,1.366742671259905e-06,6.633397716751364e-07,1.474739299182436e-05
val-math500,b1fef3f21d36ff6d,answer128,calibrated_0.05,8,1.05,7.103151427976766e-07,0.0035309433199638353,3.032412495778737e-05,0.04999904820321381,0.09267407350054559,0.0631592986765137,1.433621370421467e-06,6.975833501354901e-07,1.546949773836182e-05
val-math500,b1fef3f21d36ff6d,answer128,calibrated_0.05,8,2.0,7.103151427976766e-07,0.0035309433199638353,3.0274512052888618e-05,0.04999904820321381,0.0926193473407734,0.06313999003482977,2.7299640236912887e-06,1.3842719097622505e-06,2.947509458954575e-05
val-math500,b1fef3f21d36ff6d,answer128,calibrated_0.05,32,1.001,2.602583287371429e-07,0.003350933489440543,3.0326118323589012e-05,0.04999904820321381,0.09267690038623083,0.06316029648733096,5.053490535328666e-07,2.4102180267124624e-07,5.452804867521737e-06
val-math500,b1fef3f21d36ff6d,answer128,calibrated_0.05,32,1.05,2.602583287371429e-07,0.003350933489440543,3.032412495778737e-05,0.04999904820321381,0.09267407350054559,0.0631592986765137,5.300794445349391e-07,2.5325816942099926e-07,5.719824590766677e-06
val-math500,b1fef3f21d36ff6d,answer128,calibrated_0.05,32,2.0,2.602583287371429e-07,0.003350933489440543,3.0274512052888618e-05,0.04999904820321381,0.0926193473407734,0.06313999003482977,1.0094615199649856e-06,4.966334514780919e-07,1.089903512546773e-05
val-math500,b1fef3f21d36ff6d,answer128,calibrated_0.05,128,1.001,9.640202298347632e-08,0.003309207765615787,3.0326118323589012e-05,0.04999904820321381,0.09267690038623083,0.06316029648733096,1.86893202773797e-07,8.753541189841176e-08,2.0166104174278582e-06
val-math500,b1fef3f21d36ff6d,answer128,calibrated_0.05,128,1.05,9.640202298347632e-08,0.003309207765615787,3.032412495778737e-05,0.04999904820321381,0.09267407350054559,0.0631592986765137,1.9603972905862804e-07,9.193684569161884e-08,2.115367563480135e-06
val-math500,b1fef3f21d36ff6d,answer128,calibrated_0.05,128,2.0,9.640202298347632e-08,0.003309207765615787,3.0274512052888618e-05,0.04999904820321381,0.0926193473407734,0.06313999003482977,3.7334649357493486e-07,1.7880787413981323e-07,4.030977374535851e-06
val-math500,b1fef3f21d36ff6d,answer256,real_base_to_step8,1,1.001,0.000250618190522697,0.00025524400309297126,0.0002506124864341403,9.20180076665684e-06,8.74816908456729e-06,5.182880278814683e-06,1.308830404585314e-06,7.215695654967197e-07,0.14961192358458542
val-math500,b1fef3f21d36ff6d,answer256,real_base_to_step8,1,1.05,0.000250618190522697,0.00025524400309297126,5.741697969978641e-06,9.20180076665684e-06,4.961694968163816e-08,3.396101018746515e-08,4.961717477860186e-08,3.3961174538244246e-08,1.0000045366949226
val-math500,b1fef3f21d36ff6d,answer256,real_base_to_step8,1,2.0,0.000250618190522697,0.00025524400309297126,0.0,9.20180076665684e-06,2.2509969021874178e-13,2.2504221131536044e-13,0.0,0.0,
val-math500,b1fef3f21d36ff6d,answer256,real_base_to_step8,4,1.001,1.401634520174158e-05,1.4517627783516171e-05,0.0002506124864341403,9.20180076665684e-06,8.74816908456729e-06,5.182880278814683e-06,1.1824931719498073e-07,3.3677336602480525e-08,0.013517036085137542
val-math500,b1fef3f21d36ff6d,answer256,real_base_to_step8,4,1.05,1.401634520174158e-05,1.4517627783516171e-05,5.741697969978641e-06,9.20180076665684e-06,4.961694968163816e-08,3.396101018746515e-08,3.2724495731575326e-09,1.979743203190025e-09,0.06595426752661852
val-math500,b1fef3f21d36ff6d,answer256,real_base_to_step8,4,2.0,1.401634520174158e-05,1.4517627783516171e-05,0.0,9.20180076665684e-06,2.2509969021874178e-13,2.2504221131536044e-13,0.0,0.0,
val-math500,b1fef3f21d36ff6d,answer256,real_base_to_step8,8,1.001,7.670500241961198e-06,7.903730341919996e-06,0.0002506124864341403,9.20180076665684e-06,8.74816908456729e-06,5.182880278814683e-06,4.883515695399285e-08,1.0685462143948454e-08,0.005582328882982305
val-math500,b1fef3f21d36ff6d,answer256,real_base_to_step8,8,1.05,7.670500241961198e-06,7.903730341919996e-06,5.741697969978641e-06,9.20180076665684e-06,4.961694968163816e-08,3.396101018746515e-08,3.2724495731575326e-09,1.979743203190025e-09,0.06595426752661852
val-math500,b1fef3f21d36ff6d,answer256,real_base_to_step8,8,2.0,7.670500241961198e-06,7.903730341919996e-06,0.0,9.20180076665684e-06,2.2509969021874178e-13,2.2504221131536044e-13,0.0,0.0,
val-math500,b1fef3f21d36ff6d,answer256,real_base_to_step8,32,1.001,1.049550821981609e-06,1.0823973983307417e-06,0.0002506124864341403,9.20180076665684e-06,8.74816908456729e-06,5.182880278814683e-06,9.425494596941985e-09,1.4393842992481083e-09,0.0010774248309362892
val-math500,b1fef3f21d36ff6d,answer256,real_base_to_step8,32,1.05,1.049550821981609e-06,1.0823973983307417e-06,5.741697969978641e-06,9.20180076665684e-06,4.961694968163816e-08,3.396101018746515e-08,1.1015157995149988e-09,6.070078411237819e-10,0.022200393345071734
val-math500,b1fef3f21d36ff6d,answer256,real_base_to_step8,32,2.0,1.049550821981609e-06,1.0823973983307417e-06,0.0,9.20180076665684e-06,2.2509969021874178e-13,2.2504221131536044e-13,0.0,0.0,
val-math500,b1fef3f21d36ff6d,answer256,real_base_to_step8,128,1.001,2.1281770407483767e-07,2.1977634414759414e-07,0.0002506124864341403,9.20180076665684e-06,8.74816908456729e-06,5.182880278814683e-06,1.9134508326175647e-09,1.4098709353633268e-10,0.00021872586299150269
val-math500,b1fef3f21d36ff6d,answer256,real_base_to_step8,128,1.05,2.1281770407483767e-07,2.1977634414759414e-07,5.741697969978641e-06,9.20180076665684e-06,4.961694968163816e-08,3.396101018746515e-08,1.7708317460564974e-10,9.25102419292476e-11,0.003569005667254536
val-math500,b1fef3f21d36ff6d,answer256,real_base_to_step8,128,2.0,2.1281770407483767e-07,2.1977634414759414e-07,0.0,9.20180076665684e-06,2.2509969021874178e-13,2.2504221131536044e-13,0.0,0.0,
val-math500,b1fef3f21d36ff6d,answer256,calibrated_0.016,1,1.001,0.000250618190522697,0.015546456624675098,5.2465295277743906e-05,0.016000244932500855,0.030478452547709204,0.01811711148493509,0.000488907137578651,0.0002453117195574472,0.01604107481550594
val-math500,b1fef3f21d36ff6d,answer256,calibrated_0.016,1,1.05,0.000250618190522697,0.015546456624675098,5.243530285389444e-05,0.016000244932500855,0.030473393372427098,0.018114990602391183,0.0005128181709155362,0.00025779551315568196,0.016828390742316995
val-math500,b1fef3f21d36ff6d,answer256,calibrated_0.016,1,2.0,0.000250618190522697,0.015546456624675098,5.655091181740284e-06,0.016000244932500855,0.030418484206955913,0.018091030267020802,0.000975760975779071,0.0005123143467938042,0.032077896095688424
val-math500,b1fef3f21d36ff6d,answer256,calibrated_0.016,4,1.001,1.401634520174158e-05,0.01546245947077503,5.2465295277743906e-05,0.016000244932500855,0.030478452547709204,0.01811711148493509,2.69655192415491e-05,1.0819614649199214e-05,0.0008847404309434292
val-math500,b1fef3f21d36ff6d,answer256,calibrated_0.016,4,1.05,1.401634520174158e-05,0.01546245947077503,5.243530285389444e-05,0.016000244932500855,0.030473393372427098,0.018114990602391183,2.8282651698662962e-05,1.1391196034842983e-05,0.0009281096907393858
val-math500,b1fef3f21d36ff6d,answer256,calibrated_0.016,4,2.0,1.401634520174158e-05,0.01546245947077503,5.655091181740284e-06,0.016000244932500855,0.030418484206955913,0.018091030267020802,5.381321203999942e-05,2.2655439690222405e-05,0.0017690957798513097
val-math500,b1fef3f21d36ff6d,answer256,calibrated_0.016,8,1.001,7.670500241961198e-06,0.015406680526225808,5.2465295277743906e-05,0.016000244932500855,0.030478452547709204,0.01811711148493509,1.4513480340223165e-05,5.8319705071863965e-06,0.0004761882289628912
val-math500,b1fef3f21d36ff6d,answer256,calibrated_0.016,8,1.05,7.670500241961198e-06,0.015406680526225808,5.243530285389444e-05,0.016000244932500855,0.030473393372427098,0.018114990602391183,1.5222743102520377e-05,6.1361415119190264e-06,0.0004995421060095724
val-math500,b1fef3f21d36ff6d,answer256,calibrated_0.016,8,2.0,7.670500241961198e-06,0.015406680526225808,5.655091181740284e-06,0.016000244932500855,0.030418484206955913,0.018091030267020802,2.8968083308529635e-05,1.214563072272002e-05,0.0009523184361009478
val-math500,b1fef3f21d36ff6d,answer256,calibrated_0.016,32,1.001,1.049550821981609e-06,0.0033745348964643817,5.2465295277743906e-05,0.016000244932500855,0.030478452547709204,0.01811711148493509,1.9659065260481156e-06,8.568380635720862e-07,6.450152031080972e-05
val-math500,b1fef3f21d36ff6d,answer256,calibrated_0.016,32,1.05,1.049550821981609e-06,0.0033745348964643817,5.243530285389444e-05,0.016000244932500855,0.030473393372427098,0.018114990602391183,2.062106895718665e-06,9.00998213401818e-07,6.766909318292391e-05
val-math500,b1fef3f21d36ff6d,answer256,calibrated_0.016,32,2.0,1.049550821981609e-06,0.0033745348964643817,5.655091181740284e-06,0.016000244932500855,0.030418484206955913,0.018091030267020802,3.926769551963083e-06,1.792985939133079e-06,0.00012909155910750914
val-math500,b1fef3f21d36ff6d,answer256,calibrated_0.016,128,1.001,2.1281770407483767e-07,0.0027323687673573905,5.2465295277743906e-05,0.016000244932500855,0.030478452547709204,0.01811711148493509,4.121045979018682e-07,2.0287847149480897e-07,1.3521178519702847e-05
val-math500,b1fef3f21d36ff6d,answer256,calibrated_0.016,128,1.05,2.1281770407483767e-07,0.0027323687673573905,5.243530285389444e-05,0.016000244932500855,0.030473393372427098,0.018114990602391183,4.322713667106763e-07,2.1324955088535048e-07,1.418520613794864e-05
val-math500,b1fef3f21d36ff6d,answer256,calibrated_0.016,128,2.0,2.1281770407483767e-07,0.0027323687673573905,5.655091181740284e-06,0.016000244932500855,0.030418484206955913,0.018091030267020802,8.232300193063907e-07,4.172148549363495e-07,2.7063479353719392e-05
val-math500,b1fef3f21d36ff6d,answer256,calibrated_0.05,1,1.001,0.000250618190522697,0.048402266267116106,5.2435741791369346e-05,0.049998341647637126,0.09199937717506682,0.054330221430591775,0.0004804819077372839,0.0002387593748357617,0.0052226647885123025
val-math500,b1fef3f21d36ff6d,answer256,calibrated_0.05,1,1.05,0.000250618190522697,0.048402266267116106,5.242935535601579e-05,0.049998341647637126,0.09199448815508098,0.054328188759867356,0.000503950563350742,0.000250799650388535,0.00547805171219824
val-math500,b1fef3f21d36ff6d,answer256,calibrated_0.05,1,2.0,0.000250618190522697,0.048402266267116106,5.65531839722758e-06,0.049998341647637126,0.09194481530592401,0.05430456880640419,0.0009570305297400983,0.0004952919651762891,0.010408749275919605
val-math500,b1fef3f21d36ff6d,answer256,calibrated_0.05,4,1.001,1.401634520174158e-05,0.04832069654198816,5.2435741791369346e-05,0.049998341647637126,0.09199937717506682,0.054330221430591775,2.670410326761499e-05,1.0549099254238424e-05,0.00029026395707874636
val-math500,b1fef3f21d36ff6d,answer256,calibrated_0.05,4,1.05,1.401634520174158e-05,0.04832069654198816,5.242935535601579e-05,0.049998341647637126,0.09199448815508098,0.054328188759867356,2.8003191698604557e-05,1.1101976084370415e-05,0.0003044007555256766
val-math500,b1fef3f21d36ff6d,answer256,calibrated_0.05,4,2.0,1.401634520174158e-05,0.04832069654198816,5.65531839722758e-06,0.049998341647637126,0.09194481530592401,0.05430456880640419,5.3175759911379216e-05,2.1960825359877743e-05,0.0005783443007030881
val-math500,b1fef3f21d36ff6d,answer256,calibrated_0.05,8,1.001,7.670500241961198e-06,0.048246776049377785,5.2435741791369346e-05,0.049998341647637126,0.09199937717506682,0.054330221430591775,1.4354804128604825e-05,5.6756369478361e-06,0.00015603153596669336
val-math500,b1fef3f21d36ff6d,answer256,calibrated_0.05,8,1.05,7.670500241961198e-06,0.048246776049377785,5.242935535601579e-05,0.049998341647637126,0.09199448815508098,0.054328188759867356,1.5054120100151773e-05,5.969629377626857e-06,0.00016364154420614942
val-math500,b1fef3f21d36ff6d,answer256,calibrated_0.05,8,2.0,7.670500241961198e-06,0.048246776049377785,5.65531839722758e-06,0.049998341647637126,0.09194481530592401,0.05430456880640419,2.859846530562949e-05,1.175257544939619e-05,0.00031103945568301
val-math500,b1fef3f21d36ff6d,answer256,calibrated_0.05,32,1.001,1.049550821981609e-06,0.013844461271506873,5.2435741791369346e-05,0.049998341647637126,0.09199937717506682,0.054330221430591775,1.9798718211123547e-06,9.415941081667782e-07,2.1520491571859567e-05
val-math500,b1fef3f21d36ff6d,answer256,calibrated_0.05,32,1.05,1.049550821981609e-06,0.013844461271506873,5.242935535601579e-05,0.049998341647637126,0.09199448815508098,0.054328188759867356,2.0766458393325156e-06,9.89660345234692e-07,2.2573589798464678e-05
val-math500,b1fef3f21d36ff6d,answer256,calibrated_0.05,32,2.0,1.049550821981609e-06,0.013844461271506873,5.65531839722758e-06,0.049998341647637126,0.09194481530592401,0.05430456880640419,3.951429437122762e-06,1.9465418398125233e-06,4.2976098477933114e-05
val-math500,b1fef3f21d36ff6d,answer256,calibrated_0.05,128,1.001,2.1281770407483767e-07,0.012262137860818553,5.2435741791369346e-05,0.049998341647637126,0.09199937717506682,0.054330221430591775,4.142751198411321e-07,2.1003641059484185e-07,4.503020917769938e-06
val-math500,b1fef3f21d36ff6d,answer256,calibrated_0.05,128,1.05,2.1281770407483767e-07,0.012262137860818553,5.242935535601579e-05,0.049998341647637126,0.09199448815508098,0.054328188759867356,4.345289783444785e-07,2.206806150746525e-07,4.723424055710439e-06
val-math500,b1fef3f21d36ff6d,answer256,calibrated_0.05,128,2.0,2.1281770407483767e-07,0.012262137860818553,5.65531839722758e-06,0.049998341647637126,0.09194481530592401,0.05430456880640419,8.270828862580236e-07,4.294023636738986e-07,8.995427132091206e-06
val-math500,4d583c75654016e6,prompt,real_base_to_step8,1,1.001,0.000935429734585564,0.0009241049329464519,9.056988209827929e-05,2.425516023887841e-05,1.320491544474427e-06,6.802736468903487e-07,1.3204915388080649e-06,6.802736413995037e-07,0.9999999957088993
val-math500,4d583c75654016e6,prompt,real_base_to_step8,1,1.05,0.000935429734585564,0.0009241049329464519,2.2358013849151546e-10,2.425516023887841e-05,2.181072259233017e-12,1.4778823469196199e-12,2.1754048601229097e-12,1.4737022206464084e-12,0.9974015537146393
val-math500,4d583c75654016e6,prompt,real_base_to_step8,1,2.0,0.000935429734585564,0.0009241049329464519,0.0,2.425516023887841e-05,5.667399112756297e-15,5.662137911438607e-15,0.0,0.0,
val-math500,4d583c75654016e6,prompt,real_base_to_step8,4,1.001,0.00041405198048364043,0.0004100631545456433,9.056988209827929e-05,2.425516023887841e-05,1.320491544474427e-06,6.802736468903487e-07,1.3204915388080649e-06,6.802736413995037e-07,0.9999999957088993
val-math500,4d583c75654016e6,prompt,real_base_to_step8,4,1.05,0.00041405198048364043,0.0004100631545456433,2.2358013849151546e-10,2.425516023887841e-05,2.181072259233017e-12,1.4778823469196199e-12,2.1754048601229097e-12,1.4737022206464084e-12,0.9974015537146393
val-math500,4d583c75654016e6,prompt,real_base_to_step8,4,2.0,0.00041405198048364043,0.0004100631545456433,0.0,2.425516023887841e-05,5.667399112756297e-15,5.662137911438607e-15,0.0,0.0,
val-math500,4d583c75654016e6,prompt,real_base_to_step8,8,1.001,0.0003423175601836496,0.0003391110735839207,9.056988209827929e-05,2.425516023887841e-05,1.320491544474427e-06,6.802736468903487e-07,1.3204915388080649e-06,6.802736413995037e-07,0.9999999957088993
val-math500,4d583c75654016e6,prompt,real_base_to_step8,8,1.05,0.0003423175601836496,0.0003391110735839207,2.2358013849151546e-10,2.425516023887841e-05,2.181072259233017e-12,1.4778823469196199e-12,2.1754048601229097e-12,1.4737022206464084e-12,0.9974015537146393
val-math500,4d583c75654016e6,prompt,real_base_to_step8,8,2.0,0.0003423175601836496,0.0003391110735839207,0.0,2.425516023887841e-05,5.667399112756297e-15,5.662137911438607e-15,0.0,0.0,
val-math500,4d583c75654016e6,prompt,real_base_to_step8,32,1.001,0.00023753612623200786,0.00023536689560121307,9.056988209827929e-05,2.425516023887841e-05,1.320491544474427e-06,6.802736468903487e-07,7.868309663352419e-07,3.951790743386896e-07,0.5958621769504862
val-math500,4d583c75654016e6,prompt,real_base_to_step8,32,1.05,0.00023753612623200786,0.00023536689560121307,2.2358013849151546e-10,2.425516023887841e-05,2.181072259233017e-12,1.4778823469196199e-12,2.1754048601229097e-12,1.4737022206464084e-12,0.9974015537146393
val-math500,4d583c75654016e6,prompt,real_base_to_step8,32,2.0,0.00023753612623200786,0.00023536689560121307,0.0,2.425516023887841e-05,5.667399112756297e-15,5.662137911438607e-15,0.0,0.0,
val-math500,4d583c75654016e6,prompt,real_base_to_step8,128,1.001,0.0001737504204343166,0.00017230807124894699,9.056988209827929e-05,2.425516023887841e-05,1.320491544474427e-06,6.802736468903487e-07,5.708162921340587e-07,2.855959835457185e-07,0.4322756132158733
val-math500,4d583c75654016e6,prompt,real_base_to_step8,128,1.05,0.0001737504204343166,0.00017230807124894699,2.2358013849151546e-10,2.425516023887841e-05,2.181072259233017e-12,1.4778823469196199e-12,2.1754048601229097e-12,1.4737022206464084e-12,0.9974015537146393
val-math500,4d583c75654016e6,prompt,real_base_to_step8,128,2.0,0.0001737504204343166,0.00017230807124894699,0.0,2.425516023887841e-05,5.667399112756297e-15,5.662137911438607e-15,0.0,0.0,
val-math500,4d583c75654016e6,prompt,calibrated_0.016,1,1.001,0.000935429734585564,0.015046295558640569,0.0007099095360909482,0.016000012422580378,0.028107598667349014,0.014546695946771968,0.0012787657412270362,0.00036513271670127927,0.0454953749824422
val-math500,4d583c75654016e6,prompt,calibrated_0.016,1,1.05,0.000935429734585564,0.015046295558640569,0.0007083347592124543,0.016000012422580378,0.028039184513376426,0.014510871885549996,0.0013412815421223496,0.0003843983655132977,0.04783596832077892
val-math500,4d583c75654016e6,prompt,calibrated_0.016,1,2.0,0.000935429734585564,0.015046295558640569,0.0006813151948028779,0.016000012422580378,0.0267491411067974,0.013838114236349166,0.0025528786176330755,0.0007693577030401766,0.0954377790090743
val-math500,4d583c75654016e6,prompt,calibrated_0.016,4,1.001,0.00041405198048364043,0.00942633194838409,0.0007099095360909482,0.016000012422580378,0.028107598667349014,0.014546695946771968,0.0006339839146577459,0.00016268370932410886,0.02255560576913348
val-math500,4d583c75654016e6,prompt,calibrated_0.016,4,1.05,0.00041405198048364043,0.00942633194838409,0.0007083347592124543,0.016000012422580378,0.028039184513376426,0.014510871885549996,0.0006649614848102108,0.00017374677885406735,0.023715435964016107
val-math500,4d583c75654016e6,prompt,calibrated_0.016,4,2.0,0.00041405198048364043,0.00942633194838409,0.0006813151948028779,0.016000012422580378,0.0267491411067974,0.013838114236349166,0.0012652372969096106,0.0004065721197593558,0.04730010925801624
val-math500,4d583c75654016e6,prompt,calibrated_0.016,8,1.001,0.0003423175601836496,0.009402446261613077,0.0007099095360909482,0.016000012422580378,0.028107598667349014,0.014546695946771968,0.0005090410641487739,0.00011499637122203579,0.01811044302194686
val-math500,4d583c75654016e6,prompt,calibrated_0.016,8,1.05,0.0003423175601836496,0.009402446261613077,0.0007083347592124543,0.016000012422580378,0.028039184513376426,0.014510871885549996,0.0005339225886188629,0.00012264348874203312,0.01904201558943873
val-math500,4d583c75654016e6,prompt,calibrated_0.016,8,2.0,0.0003423175601836496,0.009402446261613077,0.0006813151948028779,0.016000012422580378,0.0267491411067974,0.013838114236349166,0.0010160130181113016,0.00028845473176060903,0.03798301463418262
val-math500,4d583c75654016e6,prompt,calibrated_0.016,32,1.001,0.00023753612623200786,0.008288483970180997,0.0007099095360909482,0.016000012422580378,0.028107598667349014,0.014546695946771968,0.0003686989008202348,8.090839700626043e-05,0.013117410177360017
val-math500,4d583c75654016e6,prompt,calibrated_0.016,32,1.05,0.00023753612623200786,0.008288483970180997,0.0007083347592124543,0.016000012422580378,0.028039184513376426,0.014510871885549996,0.0003867233285597583,8.634336255257509e-05,0.01379224593266139
val-math500,4d583c75654016e6,prompt,calibrated_0.016,32,2.0,0.00023753612623200786,0.008288483970180997,0.0006813151948028779,0.016000012422580378,0.0267491411067974,0.013838114236349166,0.0007360210664877672,0.00020190445178773373,0.027515689701929608
val-math500,4d583c75654016e6,prompt,calibrated_0.016,128,1.001,0.0001737504204343166,0.006742912455973608,0.0007099095360909482,0.016000012422580378,0.028107598667349014,0.014546695946771968,0.0002729704720340713,5.8121653361430105e-05,0.009711625502578612
val-math500,4d583c75654016e6,prompt,calibrated_0.016,128,1.05,0.0001737504204343166,0.006742912455973608,0.0007083347592124543,0.016000012422580378,0.028039184513376426,0.014510871885549996,0.0002863191366328005,6.199561223115093e-05,0.010211393148620587
val-math500,4d583c75654016e6,prompt,calibrated_0.016,128,2.0,0.0001737504204343166,0.006742912455973608,0.0006813151948028779,0.016000012422580378,0.0267491411067974,0.013838114236349166,0.0005450151688088586,0.00014545708801598378,0.020375053039380066
val-math500,4d583c75654016e6,prompt,calibrated_0.05,1,1.001,0.000935429734585564,0.04766359942834249,0.0007095148269456362,0.04999994630933726,0.0893281933790054,0.04583969980431879,0.0014968909996298991,0.0004297547808715942,0.016757206689256853
val-math500,4d583c75654016e6,prompt,calibrated_0.05,1,1.05,0.000935429734585564,0.04766359942834249,0.0007078904555362529,0.04999994630933726,0.08926215408991081,0.04580621046015591,0.0015699236398571607,0.0004517857894937469,0.01758778572916612
val-math500,4d583c75654016e6,prompt,calibrated_0.05,1,2.0,0.000935429734585564,0.04766359942834249,0.0006833312397533269,0.04999994630933726,0.08801491261831909,0.04517393841613356,0.002984444985540727,0.0008870753487351123,0.03390840139196543
val-math500,4d583c75654016e6,prompt,calibrated_0.05,4,1.001,0.00041405198048364043,0.03645204032838905,0.0007095148269456362,0.04999994630933726,0.0893281933790054,0.04583969980431879,0.000690669659517066,0.00017963772209725887,0.00773182164993155
val-math500,4d583c75654016e6,prompt,calibrated_0.05,4,1.05,0.00041405198048364043,0.03645204032838905,0.0007078904555362529,0.04999994630933726,0.08926215408991081,0.04580621046015591,0.000724287745423368,0.00019080144969500619,0.008114163867184035
val-math500,4d583c75654016e6,prompt,calibrated_0.05,4,2.0,0.00041405198048364043,0.03645204032838905,0.0006833312397533269,0.04999994630933726,0.08801491261831909,0.04517393841613356,0.0013749476266173653,0.00042252149232613486,0.01562175756033403
val-math500,4d583c75654016e6,prompt,calibrated_0.05,8,1.001,0.0003423175601836496,0.0364328261268681,0.0007095148269456362,0.04999994630933726,0.0893281933790054,0.04583969980431879,0.0005618640645100256,0.0001290361964380047,0.006289885010056402
val-math500,4d583c75654016e6,prompt,calibrated_0.05,8,1.05,0.0003423175601836496,0.0364328261268681,0.0007078904555362529,0.04999994630933726,0.08926215408991081,0.04580621046015591,0.0005892416797812599,0.0001368872956623891,0.006601248712726967
val-math500,4d583c75654016e6,prompt,calibrated_0.05,8,2.0,0.0003423175601836496,0.0364328261268681,0.0006833312397533269,0.04999994630933726,0.08801491261831909,0.04517393841613356,0.0011189235654082818,0.00030349808938962366,0.012712886170330564
val-math500,4d583c75654016e6,prompt,calibrated_0.05,32,1.001,0.00023753612623200786,0.034184796515114524,0.0007095148269456362,0.04999994630933726,0.0893281933790054,0.04583969980431879,0.00039943142831157176,9.136043906109406e-05,0.0044715046079220186
val-math500,4d583c75654016e6,prompt,calibrated_0.05,32,1.05,0.00023753612623200786,0.034184796515114524,0.0007078904555362529,0.04999994630933726,0.08926215408991081,0.04580621046015591,0.00041889650178739965,9.695239559243487e-05,0.004692879149717349
val-math500,4d583c75654016e6,prompt,calibrated_0.05,32,2.0,0.00023753612623200786,0.034184796515114524,0.0006833312397533269,0.04999994630933726,0.08801491261831909,0.04517393841613356,0.0007957310383199966,0.00021313762414226968,0.009040866083350245
val-math500,4d583c75654016e6,prompt,calibrated_0.05,128,1.001,0.0001737504204343166,0.02940861118965453,0.0007095148269456362,0.04999994630933726,0.0893281933790054,0.04583969980431879,0.00029644081407622454,6.74291060865059e-05,0.0033185582609789616
val-math500,4d583c75654016e6,prompt,calibrated_0.05,128,1.05,0.0001737504204343166,0.02940861118965453,0.0007078904555362529,0.04999994630933726,0.08926215408991081,0.04580621046015591,0.00031089949713864856,7.148279692505286e-05,0.0034829934400360738
val-math500,4d583c75654016e6,prompt,calibrated_0.05,128,2.0,0.0001737504204343166,0.02940861118965453,0.0006833312397533269,0.04999994630933726,0.08801491261831909,0.04517393841613356,0.0005908233336825864,0.00015639158200134523,0.006712763963587855
val-math500,4d583c75654016e6,answer16,real_base_to_step8,1,1.001,0.00012419730072316432,0.0001291962089266534,0.0001241972244346472,9.899838100485037e-06,9.7481622501143e-06,6.889222524792235e-06,1.4994392056871983e-09,7.991796528244882e-10,0.0001538176291300052
val-math500,4d583c75654016e6,answer16,real_base_to_step8,1,1.05,0.00012419730072316432,0.0001291962089266534,1.0424187659277766e-14,9.899838100485037e-06,2.927296359536291e-13,2.926547932732824e-13,3.704877867605272e-17,3.008552065540768e-17,
val-math500,4d583c75654016e6,answer16,real_base_to_step8,1,2.0,0.00012419730072316432,0.0001291962089266534,0.0,9.899838100485037e-06,2.9269258717495307e-13,2.926547917268554e-13,0.0,0.0,
val-math500,4d583c75654016e6,answer16,real_base_to_step8,4,1.001,3.154274500684368e-08,3.2400793943459195e-08,0.0001241972244346472,9.899838100485037e-06,9.7481622501143e-06,6.889222524792235e-06,2.2191971211541711e-10,5.943307710214114e-11,2.2765287078886592e-05
val-math500,4d583c75654016e6,answer16,real_base_to_step8,4,1.05,3.154274500684368e-08,3.2400793943459195e-08,1.0424187659277766e-14,9.899838100485037e-06,2.927296359536291e-13,2.926547932732824e-13,3.704877867605272e-17,3.008552065540768e-17,
val-math500,4d583c75654016e6,answer16,real_base_to_step8,4,2.0,3.154274500684368e-08,3.2400793943459195e-08,0.0,9.899838100485037e-06,2.9269258717495307e-13,2.926547917268554e-13,0.0,0.0,
val-math500,4d583c75654016e6,answer16,real_base_to_step8,8,1.001,1.4935113706045674e-08,1.5295738978399214e-08,0.0001241972244346472,9.899838100485037e-06,9.7481622501143e-06,6.889222524792235e-06,1.2841572407425142e-10,3.072639540799918e-11,1.317332649779662e-05
val-math500,4d583c75654016e6,answer16,real_base_to_step8,8,1.05,1.4935113706045674e-08,1.5295738978399214e-08,1.0424187659277766e-14,9.899838100485037e-06,2.927296359536291e-13,2.926547932732824e-13,3.704877867605272e-17,3.008552065540768e-17,
val-math500,4d583c75654016e6,answer16,real_base_to_step8,8,2.0,1.4935113706045674e-08,1.5295738978399214e-08,0.0,9.899838100485037e-06,2.9269258717495307e-13,2.926547917268554e-13,0.0,0.0,
val-math500,4d583c75654016e6,answer16,real_base_to_step8,32,1.001,3.575050514489515e-09,3.63747230719943e-09,0.0001241972244346472,9.899838100485037e-06,9.7481622501143e-06,6.889222524792235e-06,2.7757542200869166e-11,3.938743425632555e-12,2.8474641156638216e-06
val-math500,4d583c75654016e6,answer16,real_base_to_step8,32,1.05,3.575050514489515e-09,3.63747230719943e-09,1.0424187659277766e-14,9.899838100485037e-06,2.927296359536291e-13,2.926547932732824e-13,3.704877867605272e-17,3.008552065540768e-17,
val-math500,4d583c75654016e6,answer16,real_base_to_step8,32,2.0,3.575050514489515e-09,3.63747230719943e-09,0.0,9.899838100485037e-06,2.9269258717495307e-13,2.926547917268554e-13,0.0,0.0,
val-math500,4d583c75654016e6,answer16,real_base_to_step8,128,1.001,8.040960602585431e-10,8.167291282555203e-10,0.0001241972244346472,9.899838100485037e-06,9.7481622501143e-06,6.889222524792235e-06,5.445054529294588e-12,3.353731845599022e-13,5.58572414942185e-07
val-math500,4d583c75654016e6,answer16,real_base_to_step8,128,1.05,8.040960602585431e-10,8.167291282555203e-10,1.0424187659277766e-14,9.899838100485037e-06,2.927296359536291e-13,2.926547932732824e-13,3.704877867605272e-17,3.008552065540768e-17,
val-math500,4d583c75654016e6,answer16,real_base_to_step8,128,2.0,8.040960602585431e-10,8.167291282555203e-10,0.0,9.899838100485037e-06,2.9269258717495307e-13,2.926547917268554e-13,0.0,0.0,
val-math500,4d583c75654016e6,answer16,calibrated_0.016,1,1.001,0.00012419730072316432,0.015680840728896438,9.937941771308916e-08,0.01600010082917247,0.03085159847189086,0.019573281762334683,0.00024487312268982753,0.00014838344926545747,0.007937129186772394
val-math500,4d583c75654016e6,answer16,calibrated_0.016,1,1.05,0.00012419730072316432,0.015680840728896438,9.937747602683076e-08,0.01600010082917247,0.030851588885473305,0.019573278002701817,0.0002568455768802379,0.0001559590500327438,0.008325197701606077
val-math500,4d583c75654016e6,answer16,calibrated_0.016,1,2.0,0.00012419730072316432,0.015680840728896438,1.0080609814527757e-08,0.01600010082917247,0.030851449625500113,0.019573221370956108,0.0004889639233423065,0.0003030445706688571,0.015848977253184102
val-math500,4d583c75654016e6,answer16,calibrated_0.016,4,1.001,3.154274500684368e-08,0.01567134246357033,9.937941771308916e-08,0.01600010082917247,0.03085159847189086,0.019573281762334683,5.428467765917389e-08,2.8804666659443077e-08,1.7595418178618232e-06
val-math500,4d583c75654016e6,answer16,calibrated_0.016,4,1.05,3.154274500684368e-08,0.01567134246357033,9.937747602683076e-08,0.01600010082917247,0.030851588885473305,0.019573278002701817,5.6931845223509466e-08,3.030981411877149e-08,1.8453456460492458e-06
val-math500,4d583c75654016e6,answer16,calibrated_0.016,4,2.0,3.154274500684368e-08,0.01567134246357033,1.0080609814527757e-08,0.01600010082917247,0.030851449625500113,0.019573221370956108,1.0824730567917636e-07,6.020064581765833e-08,3.50866189411421e-06
val-math500,4d583c75654016e6,answer16,calibrated_0.016,8,1.001,1.4935113706045674e-08,0.01358846317708841,9.937941771308916e-08,0.01600010082917247,0.03085159847189086,0.019573281762334683,2.8435423509876795e-08,1.530554240305397e-08,9.216839618791402e-07
val-math500,4d583c75654016e6,answer16,calibrated_0.016,8,1.05,1.4935113706045674e-08,0.01358846317708841,9.937747602683076e-08,0.01600010082917247,0.030851588885473305,0.019573278002701817,2.9826689345642054e-08,1.606636532427598e-08,9.667796837421934e-07
val-math500,4d583c75654016e6,answer16,calibrated_0.016,8,2.0,1.4935113706045674e-08,0.01358846317708841,1.0080609814527757e-08,0.01600010082917247,0.030851449625500113,0.019573221370956108,5.679401633415121e-08,3.092934044598069e-08,1.8408864744951368e-06
val-math500,4d583c75654016e6,answer16,calibrated_0.016,32,1.001,3.575050514489515e-09,0.012622263836328999,9.937941771308916e-08,0.01600010082917247,0.03085159847189086,0.019573281762334683,7.077412309057278e-09,3.740155274284176e-09,2.2940180281114332e-07
val-math500,4d583c75654016e6,answer16,calibrated_0.016,32,1.05,3.575050514489515e-09,0.012622263836328999,9.937747602683076e-08,0.01600010082917247,0.030851588885473305,0.019573278002701817,7.4235589379777066e-09,3.927898409125386e-09,2.406216083565519e-07
val-math500,4d583c75654016e6,answer16,calibrated_0.016,32,2.0,3.575050514489515e-09,0.012622263836328999,1.0080609814527757e-08,0.01600010082917247,0.030851449625500113,0.019573221370956108,1.4133988025843148e-08,7.580819779777455e-09,4.5813043462828957e-07
val-math500,4d583c75654016e6,answer16,calibrated_0.016,128,1.001,8.040960602585431e-10,0.012575968025752933,9.937941771308916e-08,0.01600010082917247,0.03085159847189086,0.019573281762334683,1.5905099537610402e-09,8.503965844626231e-10,5.1553567158284085e-08
val-math500,4d583c75654016e6,answer16,calibrated_0.016,128,1.05,8.040960602585431e-10,0.012575968025752933,9.937747602683076e-08,0.01600010082917247,0.030851588885473305,0.019573278002701817,1.6683168746665005e-09,8.928725580182187e-10,5.4075557692007225e-08
val-math500,4d583c75654016e6,answer16,calibrated_0.016,128,2.0,8.040960602585431e-10,0.012575968025752933,1.0080609814527757e-08,0.01600010082917247,0.030851449625500113,0.019573221370956108,3.1764089707553664e-09,1.7239315327285368e-09,1.0295817568746985e-07
val-math500,4d583c75654016e6,answer16,calibrated_0.05,1,1.001,0.00012419730072316432,0.04856748411636004,9.93782386292986e-08,0.04999941373081244,0.09240304939153461,0.060281591950375475,0.0002372794188125519,0.0001490408598133816,0.0025678743328820266
val-math500,4d583c75654016e6,answer16,calibrated_0.05,1,1.05,0.00012419730072316432,0.04856748411636004,9.937714805638392e-08,0.04999941373081244,0.09240304012929268,0.06028158851473947,0.0002488572984480931,0.00015657762270633246,0.00269317219541571
val-math500,4d583c75654016e6,answer16,calibrated_0.05,1,2.0,0.00012419730072316432,0.04856748411636004,1.0081058124839458e-08,0.04999941373081244,0.09240291641381083,0.06028153693087238,0.0004733243178565782,0.00030285105105225225,0.005122395874789009
val-math500,4d583c75654016e6,answer16,calibrated_0.05,4,1.001,3.154274500684368e-08,0.04855950941801019,9.93782386292986e-08,0.04999941373081244,0.09240304939153461,0.060281591950375475,5.5005416640556446e-08,3.0023906296369464e-08,5.95277071511838e-07
val-math500,4d583c75654016e6,answer16,calibrated_0.05,4,1.05,3.154274500684368e-08,0.04855950941801019,9.937714805638392e-08,0.04999941373081244,0.09240304012929268,0.06028158851473947,5.7670643100354964e-08,3.156835483020863e-08,6.241206243827123e-07
val-math500,4d583c75654016e6,answer16,calibrated_0.05,4,2.0,3.154274500684368e-08,0.04855950941801019,1.0081058124839458e-08,0.04999941373081244,0.09240291641381083,0.06028153693087238,1.0932250129302719e-07,6.212874242993024e-08,1.1831066110883867e-06
val-math500,4d583c75654016e6,answer16,calibrated_0.05,8,1.001,1.4935113706045674e-08,0.04431055338138818,9.93782386292986e-08,0.04999941373081244,0.09240304939153461,0.060281591950375475,2.8112226511560562e-08,1.5369689817188735e-08,3.0423483528603147e-07
val-math500,4d583c75654016e6,answer16,calibrated_0.05,8,1.05,1.4935113706045674e-08,0.04431055338138818,9.937714805638392e-08,0.04999941373081244,0.09240304012929268,0.06028158851473947,2.948632524105214e-08,1.6131371182958183e-08,3.191055748792911e-07
val-math500,4d583c75654016e6,answer16,calibrated_0.05,8,2.0,1.4935113706045674e-08,0.04431055338138818,1.0081058124839458e-08,0.04999941373081244,0.09240291641381083,0.06028153693087238,5.610613646066218e-08,3.10000528112561e-08,6.071901043620781e-07
val-math500,4d583c75654016e6,answer16,calibrated_0.05,32,1.001,3.575050514489515e-09,0.04224011420388895,9.93782386292986e-08,0.04999941373081244,0.09240304939153461,0.060281591950375475,6.994363043897279e-09,3.697443063164962e-09,7.569407167787754e-08
val-math500,4d583c75654016e6,answer16,calibrated_0.05,32,1.05,3.575050514489515e-09,0.04224011420388895,9.937714805638392e-08,0.04999941373081244,0.09240304012929268,0.06028158851473947,7.335806750895576e-09,3.88228494067591e-09,7.938923590209942e-08
val-math500,4d583c75654016e6,answer16,calibrated_0.05,32,2.0,3.575050514489515e-09,0.04224011420388895,1.0081058124839458e-08,0.04999941373081244,0.09240291641381083,0.06028153693087238,1.3953786425999824e-08,7.477177996492435e-09,1.5101023828631285e-07
val-math500,4d583c75654016e6,answer16,calibrated_0.05,128,1.001,8.040960602585431e-10,0.04214277121345337,9.93782386292986e-08,0.04999941373081244,0.09240304939153461,0.060281591950375475,1.5682574102216252e-09,8.38508261115385e-10,1.6971922685976845e-08
val-math500,4d583c75654016e6,answer16,calibrated_0.05,128,1.05,8.040960602585431e-10,0.04214277121345337,9.937714805638392e-08,0.04999941373081244,0.09240304012929268,0.06028158851473947,1.6448663872605443e-09,8.802680414769199e-10,1.7800998592243343e-08
val-math500,4d583c75654016e6,answer16,calibrated_0.05,128,2.0,8.040960602585431e-10,0.04214277121345337,1.0081058124839458e-08,0.04999941373081244,0.09240291641381083,0.06028153693087238,3.1288427450604498e-09,1.6963576279534492e-09,3.386086572255422e-08
val-math500,4d583c75654016e6,answer32,real_base_to_step8,1,1.001,8.15173711587518e-05,8.036027186495834e-05,9.752845841202848e-07,2.326414478456786e-06,1.728218174715021e-09,1.0835616584292354e-09,1.7285057450175722e-09,1.0837909268754762e-09,1.0001663969901247
val-math500,4d583c75654016e6,answer32,real_base_to_step8,1,1.05,8.15173711587518e-05,8.036027186495834e-05,0.0,2.326414478456786e-06,2.875708644909932e-13,2.875477642406305e-13,0.0,0.0,
val-math500,4d583c75654016e6,answer32,real_base_to_step8,1,2.0,8.15173711587518e-05,8.036027186495834e-05,0.0,2.326414478456786e-06,2.875708644909932e-13,2.875477642406305e-13,0.0,0.0,
val-math500,4d583c75654016e6,answer32,real_base_to_step8,4,1.001,2.1065596964423708e-07,2.102224439916054e-07,9.752845841202848e-07,2.326414478456786e-06,1.728218174715021e-09,1.0835616584292354e-09,4.3201660206511236e-10,2.3285004969416175e-10,0.2499780458195626
val-math500,4d583c75654016e6,answer32,real_base_to_step8,4,1.05,2.1065596964423708e-07,2.102224439916054e-07,0.0,2.326414478456786e-06,2.875708644909932e-13,2.875477642406305e-13,0.0,0.0,
val-math500,4d583c75654016e6,answer32,real_base_to_step8,4,2.0,2.1065596964423708e-07,2.102224439916054e-07,0.0,2.326414478456786e-06,2.875708644909932e-13,2.875477642406305e-13,0.0,0.0,
val-math500,4d583c75654016e6,answer32,real_base_to_step8,8,1.001,7.596538964124248e-08,7.599667414941861e-08,9.752845841202848e-07,2.326414478456786e-06,1.728218174715021e-09,1.0835616584292354e-09,2.873420892555925e-10,1.5156648734860632e-10,0.16626493891778132
val-math500,4d583c75654016e6,answer32,real_base_to_step8,8,1.05,7.596538964124248e-08,7.599667414941861e-08,0.0,2.326414478456786e-06,2.875708644909932e-13,2.875477642406305e-13,0.0,0.0,
val-math500,4d583c75654016e6,answer32,real_base_to_step8,8,2.0,7.596538964124248e-08,7.599667414941861e-08,0.0,2.326414478456786e-06,2.875708644909932e-13,2.875477642406305e-13,0.0,0.0,
val-math500,4d583c75654016e6,answer32,real_base_to_step8,32,1.001,6.589583092090115e-09,6.602155063470375e-09,9.752845841202848e-07,2.326414478456786e-06,1.728218174715021e-09,1.0835616584292354e-09,4.8548176291794724e-11,2.2164922663701947e-11,0.028091462641746723
val-math500,4d583c75654016e6,answer32,real_base_to_step8,32,1.05,6.589583092090115e-09,6.602155063470375e-09,0.0,2.326414478456786e-06,2.875708644909932e-13,2.875477642406305e-13,0.0,0.0,
val-math500,4d583c75654016e6,answer32,real_base_to_step8,32,2.0,6.589583092090115e-09,6.602155063470375e-09,0.0,2.326414478456786e-06,2.875708644909932e-13,2.875477642406305e-13,0.0,0.0,
val-math500,4d583c75654016e6,answer32,real_base_to_step8,128,1.001,1.1244292366850101e-09,1.1257655699970935e-09,9.752845841202848e-07,2.326414478456786e-06,1.728218174715021e-09,1.0835616584292354e-09,8.613126856093701e-12,4.230087787950513e-12,0.004983819162481603
val-math500,4d583c75654016e6,answer32,real_base_to_step8,128,1.05,1.1244292366850101e-09,1.1257655699970935e-09,0.0,2.326414478456786e-06,2.875708644909932e-13,2.875477642406305e-13,0.0,0.0,
val-math500,4d583c75654016e6,answer32,real_base_to_step8,128,2.0,1.1244292366850101e-09,1.1257655699970935e-09,0.0,2.326414478456786e-06,2.875708644909932e-13,2.875477642406305e-13,0.0,0.0,
val-math500,4d583c75654016e6,answer32,calibrated_0.016,1,1.001,8.15173711587518e-05,0.014489022007709195,5.795604207676986e-09,0.0160006676461576,0.02855813834797377,0.017473882333407433,0.0001608223367012094,9.839175260333696e-05,0.005631401274888071
val-math500,4d583c75654016e6,answer32,calibrated_0.016,1,1.05,8.15173711587518e-05,0.014489022007709195,5.795503001248078e-09,0.0160006676461576,0.028558137788242142,0.01747388210586218,0.00016869473634212388,0.00010320875086171999,0.005907063604531605
val-math500,4d583c75654016e6,answer32,calibrated_0.016,1,2.0,8.15173711587518e-05,0.014489022007709195,5.77035834584223e-09,0.0160006676461576,0.028558126975766922,0.017473877709931793,0.00032132289208446844,0.00019659954982895346,0.011251539442944837
val-math500,4d583c75654016e6,answer32,calibrated_0.016,4,1.001,2.1065596964423708e-07,0.014489006554662764,5.795604207676986e-09,0.0160006676461576,0.02855813834797377,0.017473882333407433,4.137436851229408e-07,2.4942235234861205e-07,1.4487768077932025e-05
val-math500,4d583c75654016e6,answer32,calibrated_0.016,4,1.05,2.1065596964423708e-07,0.014489006554662764,5.795503001248078e-09,0.0160006676461576,0.028558137788242142,0.01747388210586218,4.3399636001534615e-07,2.616458844764498e-07,1.5196941874621448e-05
val-math500,4d583c75654016e6,answer32,calibrated_0.016,4,2.0,2.1065596964423708e-07,0.014489006554662764,5.77035834584223e-09,0.0160006676461576,0.028558126975766922,0.017473877709931793,8.266496975251395e-07,4.986483214824999e-07,2.8946215493284814e-05
val-math500,4d583c75654016e6,answer32,calibrated_0.016,8,1.001,7.596538964124248e-08,0.014489006521114341,5.795604207676986e-09,0.0160006676461576,0.02855813834797377,0.017473882333407433,1.4926725491078907e-07,8.694817560587306e-08,5.226785201892536e-06
val-math500,4d583c75654016e6,answer32,calibrated_0.016,8,1.05,7.596538964124248e-08,0.014489006521114341,5.795503001248078e-09,0.0160006676461576,0.028558137788242142,0.01747388210586218,1.5657357875494314e-07,9.121684673658972e-08,5.4826256500312525e-06
val-math500,4d583c75654016e6,answer32,calibrated_0.016,8,2.0,7.596538964124248e-08,0.014489006521114341,5.77035834584223e-09,0.0160006676461576,0.028558126975766922,0.017473877709931793,2.9822622736821726e-07,1.7399221164023069e-07,1.0442779655027024e-05
val-math500,4d583c75654016e6,answer32,calibrated_0.016,32,1.001,6.589583092090115e-09,0.014420255940778679,5.795604207676986e-09,0.0160006676461576,0.02855813834797377,0.017473882333407433,1.299386945477481e-08,7.563641072395873e-09,4.549970763656847e-07
val-math500,4d583c75654016e6,answer32,calibrated_0.016,32,1.05,6.589583092090115e-09,0.014420255940778679,5.795503001248078e-09,0.0160006676461576,0.028558137788242142,0.01747388210586218,1.3629882134383793e-08,7.935254691307384e-09,4.77267888944616e-07
val-math500,4d583c75654016e6,answer32,calibrated_0.016,32,2.0,6.589583092090115e-09,0.014420255940778679,5.77035834584223e-09,0.0160006676461576,0.028558126975766922,0.017473877709931793,2.5960177133887112e-08,1.5155190407304465e-08,9.090294036410614e-07
val-math500,4d583c75654016e6,answer32,calibrated_0.016,128,1.001,1.1244292366850101e-09,0.014410346528394218,5.795604207676986e-09,0.0160006676461576,0.02855813834797377,0.017473882333407433,2.2181237641372617e-09,1.2969047524484836e-09,7.767046076708427e-08
val-math500,4d583c75654016e6,answer32,calibrated_0.016,128,1.05,1.1244292366850101e-09,0.014410346528394218,5.795503001248078e-09,0.0160006676461576,0.028558137788242142,0.01747388210586218,2.3266765548288647e-09,1.3611106492886855e-09,8.147157815685013e-08
val-math500,4d583c75654016e6,answer32,calibrated_0.016,128,2.0,1.1244292366850101e-09,0.014410346528394218,5.77035834584223e-09,0.0160006676461576,0.028558126975766922,0.017473877709931793,4.431173562031015e-09,2.6085261881493832e-09,1.5516331185834072e-07
val-math500,4d583c75654016e6,answer32,calibrated_0.05,1,1.001,8.15173711587518e-05,0.04737816247608449,5.795529623674986e-09,0.05000341980093169,0.09026691048380156,0.05553598359003605,0.00015545629422288572,9.563513479237675e-05,0.0017221847229476456
val-math500,4d583c75654016e6,answer32,calibrated_0.05,1,1.05,8.15173711587518e-05,0.04737816247608449,5.795476698689704e-09,0.05000341980093169,0.09026690994276888,0.05553598337557637,0.00016306598433452938,0.00010031704103663807,0.001806486833745795
val-math500,4d583c75654016e6,answer32,calibrated_0.05,1,2.0,8.15173711587518e-05,0.04737816247608449,5.770351336733851e-09,0.05000341980093169,0.09026689949454907,0.05553597923301196,0.00031060079068924375,0.00019108870851866375,0.003440915689233349
val-math500,4d583c75654016e6,answer32,calibrated_0.05,4,1.001,2.1065596964423708e-07,0.04737815016011563,5.795529623674986e-09,0.05000341980093169,0.09026691048380156,0.05553598359003605,4.0141299855368777e-07,2.426164735863816e-07,4.4469562146554414e-06
val-math500,4d583c75654016e6,answer32,calibrated_0.05,4,1.05,2.1065596964423708e-07,0.04737815016011563,5.795476698689704e-09,0.05000341980093169,0.09026690994276888,0.05553598337557637,4.2106115848780676e-07,2.545040541290872e-07,4.66462360077207e-06
val-math500,4d583c75654016e6,answer32,calibrated_0.05,4,2.0,2.1065596964423708e-07,0.04737815016011563,5.770351336733851e-09,0.05000341980093169,0.09026689949454907,0.05553597923301196,8.019929499488127e-07,4.849927737303109e-07,8.884684800736316e-06
val-math500,4d583c75654016e6,answer32,calibrated_0.05,8,1.001,7.596538964124248e-08,0.04737815013593254,5.795529623674986e-09,0.05000341980093169,0.09026691048380156,0.05553598359003605,1.4508099648034173e-07,8.469727495099492e-08,1.6072445118898422e-06
val-math500,4d583c75654016e6,answer32,calibrated_0.05,8,1.05,7.596538964124248e-08,0.04737815013593254,5.795476698689704e-09,0.05000341980093169,0.09026690994276888,0.05553598337557637,1.5218154849841542e-07,8.885341240593994e-08,1.6859062595019784e-06
val-math500,4d583c75654016e6,answer32,calibrated_0.05,8,2.0,7.596538964124248e-08,0.04737815013593254,5.770351336733851e-09,0.05000341980093169,0.09026689949454907,0.05553597923301196,2.898433898609216e-07,1.694465776860553e-07,3.2109598477836757e-06
val-math500,4d583c75654016e6,answer32,calibrated_0.05,32,1.001,6.589583092090115e-09,0.04727920858914202,5.795529623674986e-09,0.05000341980093169,0.09026691048380156,0.05553598359003605,1.260526578163445e-08,7.359410661060597e-09,1.3964436928298848e-07
val-math500,4d583c75654016e6,answer32,calibrated_0.05,32,1.05,6.589583092090115e-09,0.04727920858914202,5.795476698689704e-09,0.05000341980093169,0.09026690994276888,0.05553598337557637,1.322215678001533e-08,7.720819861330204e-09,1.464784469569021e-07
val-math500,4d583c75654016e6,answer32,calibrated_0.05,32,2.0,6.589583092090115e-09,0.04727920858914202,5.770351336733851e-09,0.05000341980093169,0.09026689949454907,0.05553597923301196,2.518036474768449e-08,1.4742548724747161e-08,2.7895457680148917e-07
val-math500,4d583c75654016e6,answer32,calibrated_0.05,128,1.001,1.1244292366850101e-09,0.04726314491854424,5.795529623674986e-09,0.05000341980093169,0.09026691048380156,0.05553598359003605,2.1505728235730063e-09,1.2619519196796646e-09,2.382459765208124e-08
val-math500,4d583c75654016e6,answer32,calibrated_0.05,128,1.05,1.1244292366850101e-09,0.04726314491854424,5.795476698689704e-09,0.05000341980093169,0.09026690994276888,0.05553598337557637,2.255763248958601e-09,1.3243633056072985e-09,2.4989924329843596e-08
val-math500,4d583c75654016e6,answer32,calibrated_0.05,128,2.0,1.1244292366850101e-09,0.04726314491854424,5.770351336733851e-09,0.05000341980093169,0.09026689949454907,0.05553597923301196,4.294842374513538e-09,2.5369181091351752e-09,4.757937182469516e-08
val-math500,4d583c75654016e6,answer64,real_base_to_step8,1,1.001,0.00033237129110014554,0.000328891651364843,1.0983439118326068e-05,8.012649896108126e-06,1.0189590050285314e-06,6.2522882955601e-07,1.0189592816696938e-06,6.252290548405754e-07,1.000000271493908
val-math500,4d583c75654016e6,answer64,real_base_to_step8,1,1.05,0.00033237129110014554,0.000328891651364843,3.283889485545259e-06,8.012649896108126e-06,5.271880878516749e-08,3.7116824439863115e-08,5.271908543077334e-08,3.711702077805341e-08,1.0000052475693633
val-math500,4d583c75654016e6,answer64,real_base_to_step8,1,2.0,0.00033237129110014554,0.000328891651364843,0.0,8.012649896108126e-06,2.766475280930024e-13,2.765565682943315e-13,0.0,0.0,
val-math500,4d583c75654016e6,answer64,real_base_to_step8,4,1.001,4.9392679114982735e-06,5.136609891149451e-06,1.0983439118326068e-05,8.012649896108126e-06,1.0189590050285314e-06,6.2522882955601e-07,1.1517835355090591e-07,6.552450509290653e-08,0.11303531641852545
val-math500,4d583c75654016e6,answer64,real_base_to_step8,4,1.05,4.9392679114982735e-06,5.136609891149451e-06,3.283889485545259e-06,8.012649896108126e-06,5.271880878516749e-08,3.7116824439863115e-08,5.271908543077334e-08,3.711702077805341e-08,1.0000052475693633
val-math500,4d583c75654016e6,answer64,real_base_to_step8,4,2.0,4.9392679114982735e-06,5.136609891149451e-06,0.0,8.012649896108126e-06,2.766475280930024e-13,2.765565682943315e-13,0.0,0.0,
val-math500,4d583c75654016e6,answer64,real_base_to_step8,8,1.001,4.181990688483667e-07,4.247993260090153e-07,1.0983439118326068e-05,8.012649896108126e-06,1.0189590050285314e-06,6.2522882955601e-07,7.52446397357002e-09,2.2772680234274508e-09,0.007384461922841862
val-math500,4d583c75654016e6,answer64,real_base_to_step8,8,1.05,4.181990688483667e-07,4.247993260090153e-07,3.283889485545259e-06,8.012649896108126e-06,5.271880878516749e-08,3.7116824439863115e-08,4.4066648654814844e-10,3.000917101484337e-10,0.008358809629858908
val-math500,4d583c75654016e6,answer64,real_base_to_step8,8,2.0,4.181990688483667e-07,4.247993260090153e-07,0.0,8.012649896108126e-06,2.766475280930024e-13,2.765565682943315e-13,0.0,0.0,
val-math500,4d583c75654016e6,answer64,real_base_to_step8,32,1.001,1.3356943615832495e-07,1.3556169412859427e-07,1.0983439118326068e-05,8.012649896108126e-06,1.0189590050285314e-06,6.2522882955601e-07,1.9598323135387833e-09,3.5180379706453653e-10,0.0019233671853990896
val-math500,4d583c75654016e6,answer64,real_base_to_step8,32,1.05,1.3356943615832495e-07,1.3556169412859427e-07,3.283889485545259e-06,8.012649896108126e-06,5.271880878516749e-08,3.7116824439863115e-08,3.37830695286871e-11,2.0900834032933272e-11,0.0006408162533860593
val-math500,4d583c75654016e6,answer64,real_base_to_step8,32,2.0,1.3356943615832495e-07,1.3556169412859427e-07,0.0,8.012649896108126e-06,2.766475280930024e-13,2.765565682943315e-13,0.0,0.0,
val-math500,4d583c75654016e6,answer64,real_base_to_step8,128,1.001,4.96000828346821e-08,5.018787081015397e-08,1.0983439118326068e-05,8.012649896108126e-06,1.0189590050285314e-06,6.2522882955601e-07,6.591969550263086e-10,1.2667274532347067e-10,0.000646931772302116
val-math500,4d583c75654016e6,answer64,real_base_to_step8,128,1.05,4.96000828346821e-08,5.018787081015397e-08,3.283889485545259e-06,8.012649896108126e-06,5.271880878516749e-08,3.7116824439863115e-08,5.651908134920404e-12,3.0377215287590623e-12,0.00010720857062518787
val-math500,4d583c75654016e6,answer64,real_base_to_step8,128,2.0,4.96000828346821e-08,5.018787081015397e-08,0.0,8.012649896108126e-06,2.766475280930024e-13,2.765565682943315e-13,0.0,0.0,
val-math500,4d583c75654016e6,answer64,calibrated_0.016,1,1.001,0.00033237129110014554,0.015549563212308722,2.3377600891421415e-05,0.016000155106502077,0.03046767381500649,0.019695028332847406,0.0006202570328423483,0.00036334154631273175,0.020357872957693545
val-math500,4d583c75654016e6,answer64,calibrated_0.016,1,1.05,0.00033237129110014554,0.015549563212308722,2.3372848218298387e-05,0.016000155106502077,0.030465418679623088,0.019693777008037285,0.0006505405085110642,0.00038251787007308956,0.021353407788424084
val-math500,4d583c75654016e6,answer64,calibrated_0.016,1,2.0,0.00033237129110014554,0.015549563212308722,2.331638196552952e-05,0.016000155106502077,0.030421743421829864,0.019669536480375397,0.0012376683892766321,0.0007570783956443325,0.04068367720137016
val-math500,4d583c75654016e6,answer64,calibrated_0.016,4,1.001,4.9392679114982735e-06,0.0027637822687521184,2.3377600891421415e-05,0.016000155106502077,0.03046767381500649,0.019695028332847406,8.366850740532692e-06,4.597551804263559e-06,0.00027461403162363184
val-math500,4d583c75654016e6,answer64,calibrated_0.016,4,1.05,4.9392679114982735e-06,0.0027637822687521184,2.3372848218298387e-05,0.016000155106502077,0.030465418679623088,0.019693777008037285,8.77639047570592e-06,4.8229765609522166e-06,0.00028807713322436765
val-math500,4d583c75654016e6,answer64,calibrated_0.016,4,2.0,4.9392679114982735e-06,0.0027637822687521184,2.331638196552952e-05,0.016000155106502077,0.030421743421829864,0.019669536480375397,1.6716332330775157e-05,9.196423298389262e-06,0.0005494863361045885
val-math500,4d583c75654016e6,answer64,calibrated_0.016,8,1.001,4.181990688483667e-07,0.002350868499407518,2.3377600891421415e-05,0.016000155106502077,0.03046767381500649,0.019695028332847406,8.049052722668137e-07,3.962124653211129e-07,2.6418336928314072e-05
val-math500,4d583c75654016e6,answer64,calibrated_0.016,8,1.05,4.181990688483667e-07,0.002350868499407518,2.3372848218298387e-05,0.016000155106502077,0.030465418679623088,0.019693777008037285,8.44299209061303e-07,4.1648465369293047e-07,2.7713363073720557e-05
val-math500,4d583c75654016e6,answer64,calibrated_0.016,8,2.0,4.181990688483667e-07,0.002350868499407518,2.331638196552952e-05,0.016000155106502077,0.030421743421829864,0.019669536480375397,1.6079498529591376e-06,8.22735152975604e-07,5.285528283712083e-05
val-math500,4d583c75654016e6,answer64,calibrated_0.016,32,1.001,1.3356943615832495e-07,0.0023083478905913013,2.3377600891421415e-05,0.016000155106502077,0.03046767381500649,0.019695028332847406,2.548170498202178e-07,1.1680312607581858e-07,8.363521657984624e-06
val-math500,4d583c75654016e6,answer64,calibrated_0.016,32,1.05,1.3356943615832495e-07,0.0023083478905913013,2.3372848218298387e-05,0.016000155106502077,0.030465418679623088,0.019693777008037285,2.672874835147168e-07,1.2284785071287301e-07,8.773471532609957e-06
val-math500,4d583c75654016e6,answer64,calibrated_0.016,32,2.0,1.3356943615832495e-07,0.0023083478905913013,2.331638196552952e-05,0.016000155106502077,0.030421743421829864,0.019669536480375397,5.090357428771774e-07,2.4325806960124125e-07,1.6732628890424026e-05
val-math500,4d583c75654016e6,answer64,calibrated_0.016,128,1.001,4.96000828346821e-08,0.00014235204262974812,2.3377600891421415e-05,0.016000155106502077,0.03046767381500649,0.019695028332847406,9.303863285618054e-08,2.5349171359357317e-08,3.0536835014413036e-06
val-math500,4d583c75654016e6,answer64,calibrated_0.016,128,1.05,4.96000828346821e-08,0.00014235204262974812,2.3372848218298387e-05,0.016000155106502077,0.030465418679623088,0.019693777008037285,9.759290749597223e-08,2.6788859206698274e-08,3.2033995174091474e-06
val-math500,4d583c75654016e6,answer64,calibrated_0.016,128,2.0,4.96000828346821e-08,0.00014235204262974812,2.331638196552952e-05,0.016000155106502077,0.030421743421829864,0.019669536480375397,1.858896346449207e-07,5.6117023369848846e-08,6.110420171104693e-06
val-math500,4d583c75654016e6,answer64,calibrated_0.05,1,1.001,0.00033237129110014554,0.04837208374741273,2.3373043151223383e-05,0.05000020362938983,0.09194808096047886,0.05616019434909305,0.0006079546258562809,0.00033533822582761314,0.006611933816406588
val-math500,4d583c75654016e6,answer64,calibrated_0.05,1,1.05,0.00033237129110014554,0.04837208374741273,2.3372769991708722e-05,0.05000020362938983,0.09194590115149029,0.0561589911215289,0.0006375275661220335,0.00035290870379507184,0.0069337247026557665
val-math500,4d583c75654016e6,answer64,calibrated_0.05,1,2.0,0.00033237129110014554,0.04837208374741273,2.331654103014548e-05,0.05000020362938983,0.09190368257556086,0.05613567765594896,0.0012108787542978844,0.0006951671102615771,0.01317551941732401
val-math500,4d583c75654016e6,answer64,calibrated_0.05,4,1.001,4.9392679114982735e-06,0.01619328616290865,2.3373043151223383e-05,0.05000020362938983,0.09194808096047886,0.05616019434909305,9.278749684831138e-06,4.8718207740530716e-06,0.00010091292377074548
val-math500,4d583c75654016e6,answer64,calibrated_0.05,4,1.05,4.9392679114982735e-06,0.01619328616290865,2.3372769991708722e-05,0.05000020362938983,0.09194590115149029,0.0561589911215289,9.732807510346463e-06,5.1105740325492836e-06,0.0001058536311946159
val-math500,4d583c75654016e6,answer64,calibrated_0.05,4,2.0,4.9392679114982735e-06,0.01619328616290865,2.331654103014548e-05,0.05000020362938983,0.09190368257556086,0.05613567765594896,1.8535418024917278e-05,9.741336893753006e-06,0.00020168308282617436
val-math500,4d583c75654016e6,answer64,calibrated_0.05,8,1.001,4.181990688483667e-07,0.015281100346085631,2.3373043151223383e-05,0.05000020362938983,0.09194808096047886,0.05616019434909305,8.094830910704597e-07,3.8977867111456744e-07,8.80369750640464e-06
val-math500,4d583c75654016e6,answer64,calibrated_0.05,8,1.05,4.181990688483667e-07,0.015281100346085631,2.3372769991708722e-05,0.05000020362938983,0.09194590115149029,0.0561589911215289,8.490637909651419e-07,4.096605587771909e-07,9.234384353536569e-06
val-math500,4d583c75654016e6,answer64,calibrated_0.05,8,2.0,4.181990688483667e-07,0.015281100346085631,2.331654103014548e-05,0.05000020362938983,0.09190368257556086,0.05613567765594896,1.6158995616847224e-06,8.045142052369784e-07,1.758253332619366e-05
val-math500,4d583c75654016e6,answer64,calibrated_0.05,32,1.001,1.3356943615832495e-07,0.015147534979910206,2.3373043151223383e-05,0.05000020362938983,0.09194808096047886,0.05616019434909305,2.5563643123535245e-07,1.1457930884102424e-07,2.78022584664089e-06
val-math500,4d583c75654016e6,answer64,calibrated_0.05,32,1.05,1.3356943615832495e-07,0.015147534979910206,2.3372769991708722e-05,0.05000020362938983,0.09194590115149029,0.0561589911215289,2.6813198290104463e-07,1.2046816459586328e-07,2.9161928867200915e-06
val-math500,4d583c75654016e6,answer64,calibrated_0.05,32,2.0,1.3356943615832495e-07,0.015147534979910206,2.331654103014548e-05,0.05000020362938983,0.09190368257556086,0.05613567765594896,5.102389602031468e-07,2.3744975569658437e-07,5.5518880843935854e-06
val-math500,4d583c75654016e6,answer64,calibrated_0.05,128,1.001,4.96000828346821e-08,0.0012545208353783128,2.3373043151223383e-05,0.05000020362938983,0.09194808096047886,0.05616019434909305,9.545633292954882e-08,2.8412389320895873e-08,1.0381547057037317e-06
val-math500,4d583c75654016e6,answer64,calibrated_0.05,128,1.05,4.96000828346821e-08,0.0012545208353783128,2.3372769991708722e-05,0.05000020362938983,0.09194590115149029,0.0561589911215289,1.0012850716960892e-07,2.995715505347585e-08,1.0889937008136659e-06
val-math500,4d583c75654016e6,answer64,calibrated_0.05,128,2.0,4.96000828346821e-08,0.0012545208353783128,2.331654103014548e-05,0.05000020362938983,0.09190368257556086,0.05613567765594896,1.9070819258420572e-07,6.09767904786535e-08,2.0750876051937343e-06
val-math500,4d583c75654016e6,answer128,real_base_to_step8,1,1.001,1.5459045145044329e-07,1.5778817767219456e-07,1.452649710793422e-07,6.441320377854293e-09,6.187023141149921e-09,4.096416623033263e-09,7.667358853034605e-10,4.1339149778564326e-10,0.12392646153267091
val-math500,4d583c75654016e6,answer128,real_base_to_step8,1,1.05,1.5459045145044329e-07,1.5778817767219456e-07,7.706522952231963e-18,6.441320377854293e-09,3.101963816870567e-13,3.101963130802714e-13,1.9656827292760307e-20,1.6430724939303412e-20,
val-math500,4d583c75654016e6,answer128,real_base_to_step8,1,2.0,1.5459045145044329e-07,1.5778817767219456e-07,0.0,6.441320377854293e-09,3.101963620302294e-13,3.1019631308027096e-13,0.0,0.0,
val-math500,4d583c75654016e6,answer128,real_base_to_step8,4,1.001,2.0270157502999394e-08,2.054573722566737e-08,1.452649710793422e-07,6.441320377854293e-09,6.187023141149921e-09,4.096416623033263e-09,1.0266274027835889e-10,3.135194722123301e-11,0.016593236833970848
val-math500,4d583c75654016e6,answer128,real_base_to_step8,4,1.05,2.0270157502999394e-08,2.054573722566737e-08,7.706522952231963e-18,6.441320377854293e-09,3.101963816870567e-13,3.101963130802714e-13,1.9656827292760307e-20,1.6430724939303412e-20,
val-math500,4d583c75654016e6,answer128,real_base_to_step8,4,2.0,2.0270157502999394e-08,2.054573722566737e-08,0.0,6.441320377854293e-09,3.101963620302294e-13,3.1019631308027096e-13,0.0,0.0,
val-math500,4d583c75654016e6,answer128,real_base_to_step8,8,1.001,9.201347852912376e-09,9.319945794791412e-09,1.452649710793422e-07,6.441320377854293e-09,6.187023141149921e-09,4.096416623033263e-09,5.443802099721481e-11,1.1568684988610801e-11,0.008798742101859498
val-math500,4d583c75654016e6,answer128,real_base_to_step8,8,1.05,9.201347852912376e-09,9.319945794791412e-09,7.706522952231963e-18,6.441320377854293e-09,3.101963816870567e-13,3.101963130802714e-13,1.9656827292760307e-20,1.6430724939303412e-20,
val-math500,4d583c75654016e6,answer128,real_base_to_step8,8,2.0,9.201347852912376e-09,9.319945794791412e-09,0.0,6.441320377854293e-09,3.101963620302294e-13,3.1019631308027096e-13,0.0,0.0,
val-math500,4d583c75654016e6,answer128,real_base_to_step8,32,1.001,2.671366975370718e-09,2.7188017274964483e-09,1.452649710793422e-07,6.441320377854293e-09,6.187023141149921e-09,4.096416623033263e-09,1.511820709776625e-11,1.1862929223502714e-12,0.0024435349202454057
val-math500,4d583c75654016e6,answer128,real_base_to_step8,32,1.05,2.671366975370718e-09,2.7188017274964483e-09,7.706522952231963e-18,6.441320377854293e-09,3.101963816870567e-13,3.101963130802714e-13,1.9656827292760307e-20,1.6430724939303412e-20,
val-math500,4d583c75654016e6,answer128,real_base_to_step8,32,2.0,2.671366975370718e-09,2.7188017274964483e-09,0.0,6.441320377854293e-09,3.101963620302294e-13,3.1019631308027096e-13,0.0,0.0,
val-math500,4d583c75654016e6,answer128,real_base_to_step8,128,1.001,1.5821087992607e-09,1.6123716595087517e-09,1.452649710793422e-07,6.441320377854293e-09,6.187023141149921e-09,4.096416623033263e-09,7.951981753817746e-12,2.637548637563273e-13,0.0012852678214388881
val-math500,4d583c75654016e6,answer128,real_base_to_step8,128,1.05,1.5821087992607e-09,1.6123716595087517e-09,7.706522952231963e-18,6.441320377854293e-09,3.101963816870567e-13,3.101963130802714e-13,1.9656827292760307e-20,1.6430724939303412e-20,
val-math500,4d583c75654016e6,answer128,real_base_to_step8,128,2.0,1.5821087992607e-09,1.6123716595087517e-09,0.0,6.441320377854293e-09,3.101963620302294e-13,3.1019631308027096e-13,0.0,0.0,
val-math500,4d583c75654016e6,answer128,calibrated_0.016,1,1.001,1.5459045145044329e-07,0.01587244506389574,1.465745743083644e-07,0.016000749127085073,0.031240731420765912,0.018116747767915924,2.9084883517459773e-07,1.461938041698716e-07,9.30992399817082e-06
val-math500,4d583c75654016e6,answer128,calibrated_0.016,1,1.05,1.5459045145044329e-07,0.01587244506389574,1.4657144676249657e-07,0.016000749127085073,0.031240717284679916,0.018116741609071802,3.0508550142154556e-07,1.5335114720249097e-07,9.765636897561117e-06
val-math500,4d583c75654016e6,answer128,calibrated_0.016,1,2.0,1.5459045145044329e-07,0.01587244506389574,1.4638554079673862e-07,0.016000749127085073,0.03124044350821061,0.018116622325538952,5.810981334585329e-07,2.921229713689931e-07,1.8600828547962476e-05
val-math500,4d583c75654016e6,answer128,calibrated_0.016,4,1.001,2.0270157502999394e-08,0.015382623615325355,1.465745743083644e-07,0.016000749127085073,0.031240731420765912,0.018116747767915924,3.601670185715569e-08,1.3490444960884995e-08,1.1528763962682116e-06
val-math500,4d583c75654016e6,answer128,calibrated_0.016,4,1.05,2.0270157502999394e-08,0.015382623615325355,1.4657144676249657e-07,0.016000749127085073,0.031240717284679916,0.018116741609071802,3.7779071936185656e-08,1.4162877541646517e-08,1.2092895176485615e-06
val-math500,4d583c75654016e6,answer128,calibrated_0.016,4,2.0,2.0270157502999394e-08,0.015382623615325355,1.4638554079673862e-07,0.016000749127085073,0.03124044350821061,0.018116622325538952,7.194313341391658e-08,2.7281546911363005e-08,2.302884509146245e-06
val-math500,4d583c75654016e6,answer128,calibrated_0.016,8,1.001,9.201347852912376e-09,0.00629576238889765,1.465745743083644e-07,0.016000749127085073,0.031240731420765912,0.018116747767915924,1.7349978982307755e-08,4.632380958465216e-09,5.553640453749144e-07
val-math500,4d583c75654016e6,answer128,calibrated_0.016,8,1.05,9.201347852912376e-09,0.00629576238889765,1.4657144676249657e-07,0.016000749127085073,0.031240717284679916,0.018116741609071802,1.8199075082625454e-08,4.86635652873576e-09,5.825434453628908e-07
val-math500,4d583c75654016e6,answer128,calibrated_0.016,8,2.0,9.201347852912376e-09,0.00629576238889765,1.4638554079673862e-07,0.016000749127085073,0.03124044350821061,0.018116622325538952,3.4659370345605965e-08,9.475356157368757e-09,1.1094391261281804e-06
val-math500,4d583c75654016e6,answer128,calibrated_0.016,32,1.001,2.671366975370718e-09,0.003687099109591769,1.465745743083644e-07,0.016000749127085073,0.031240731420765912,0.018116747767915924,5.013610557942421e-09,8.60378112023243e-10,1.604831362754152e-07
val-math500,4d583c75654016e6,answer128,calibrated_0.016,32,1.05,2.671366975370718e-09,0.003687099109591769,1.4657144676249657e-07,0.016000749127085073,0.031240717284679916,0.018116741609071802,5.25898863690358e-09,9.035680329584687e-10,1.6833764055355178e-07
val-math500,4d583c75654016e6,answer128,calibrated_0.016,32,2.0,2.671366975370718e-09,0.003687099109591769,1.4638554079673862e-07,0.016000749127085073,0.03124044350821061,0.018116622325538952,1.001608875509871e-08,1.7544165810705643e-09,3.206128860643826e-07
val-math500,4d583c75654016e6,answer128,calibrated_0.016,128,1.001,1.5821087992607e-09,0.0026040108497180177,1.465745743083644e-07,0.016000749127085073,0.031240731420765912,0.018116747767915924,2.989616373881899e-09,4.1351176966819204e-10,9.5696106906597e-08
val-math500,4d583c75654016e6,answer128,calibrated_0.016,128,1.05,1.5821087992607e-09,0.0026040108497180177,1.4657144676249657e-07,0.016000749127085073,0.031240717284679916,0.018116741609071802,3.135953189774651e-09,4.3401271140617096e-10,1.0038031973460756e-07
val-math500,4d583c75654016e6,answer128,calibrated_0.016,128,2.0,1.5821087992607e-09,0.0026040108497180177,1.4638554079673862e-07,0.016000749127085073,0.03124044350821061,0.018116622325538952,5.972967682246553e-09,8.373850332873802e-10,1.9119343426340085e-07
val-math500,4d583c75654016e6,answer128,calibrated_0.05,1,1.001,1.5459045145044329e-07,0.04877041382076569,1.4657313132725194e-07,0.05000088823352118,0.09278344128423607,0.0531537465197632,2.958153637089851e-07,1.4421992290936127e-07,3.1882344480280036e-06
val-math500,4d583c75654016e6,answer128,calibrated_0.05,1,1.05,1.5459045145044329e-07,0.04877041382076569,1.4657099537186134e-07,0.05000088823352118,0.0927834276212371,0.05315374058434257,3.102940291937525e-07,1.5128024510858076e-07,3.344282887030675e-06
val-math500,4d583c75654016e6,answer128,calibrated_0.05,1,2.0,1.5459045145044329e-07,0.04877041382076569,1.4638637887669852e-07,0.05000088823352118,0.09278316301901722,0.05315362563034814,5.909889265926518e-07,2.881691638552511e-07,6.369570807491444e-06
val-math500,4d583c75654016e6,answer128,calibrated_0.05,4,1.001,2.0270157502999394e-08,0.04785993015457644,1.4657313132725194e-07,0.05000088823352118,0.09278344128423607,0.0531537465197632,3.5813582187261625e-08,1.2725839313003747e-08,3.8599109594942735e-07
val-math500,4d583c75654016e6,answer128,calibrated_0.05,4,1.05,2.0270157502999394e-08,0.04785993015457644,1.4657099537186134e-07,0.05000088823352118,0.0927834276212371,0.05315374058434257,3.756489654941182e-08,1.3358649810964401e-08,4.048664455764688e-07
val-math500,4d583c75654016e6,answer128,calibrated_0.05,4,2.0,2.0270157502999394e-08,0.04785993015457644,1.4638637887669852e-07,0.05000088823352118,0.09278316301901722,0.05315362563034814,7.150509561599356e-08,2.5707204390183843e-08,7.706688723398832e-07
val-math500,4d583c75654016e6,answer128,calibrated_0.05,8,1.001,9.201347852912376e-09,0.02168710599916599,1.4657313132725194e-07,0.05000088823352118,0.09278344128423607,0.0531537465197632,1.744299663134928e-08,4.3762955704759665e-09,1.8799687088468498e-07
val-math500,4d583c75654016e6,answer128,calibrated_0.05,8,1.05,9.201347852912376e-09,0.02168710599916599,1.4657099537186134e-07,0.05000088823352118,0.0927834276212371,0.05315374058434257,1.8296232752616635e-08,4.5968408439860995e-09,1.9719289556003457e-07
val-math500,4d583c75654016e6,answer128,calibrated_0.05,8,2.0,9.201347852912376e-09,0.02168710599916599,1.4638637887669852e-07,0.05000088823352118,0.09278316301901722,0.05315362563034814,3.4832293376355646e-08,8.944443503637057e-09,3.754161018332203e-07
val-math500,4d583c75654016e6,answer128,calibrated_0.05,32,1.001,2.671366975370718e-09,0.013747325385351453,1.4657313132725194e-07,0.05000088823352118,0.09278344128423607,0.0531537465197632,5.061056031742844e-09,8.656847124838502e-10,5.454697478010786e-08
val-math500,4d583c75654016e6,answer128,calibrated_0.05,32,1.05,2.671366975370718e-09,0.013747325385351453,1.4657099537186134e-07,0.05000088823352118,0.0927834276212371,0.05315374058434257,5.308648443341535e-09,9.09030694429096e-10,5.721548103409842e-08
val-math500,4d583c75654016e6,answer128,calibrated_0.05,32,2.0,2.671366975370718e-09,0.013747325385351453,1.4638637887669852e-07,0.05000088823352118,0.09278316301901722,0.05315362563034814,1.0108011040942417e-08,1.7614457013561252e-09,1.0894229849515516e-07
val-math500,4d583c75654016e6,answer128,calibrated_0.05,128,1.001,1.5821087992607e-09,0.009957262276586717,1.4657313132725194e-07,0.05000088823352118,0.09278344128423607,0.0531537465197632,3.022091095668657e-09,4.310214891653844e-10,3.2571448674884524e-08
val-math500,4d583c75654016e6,answer128,calibrated_0.05,128,1.05,1.5821087992607e-09,0.009957262276586717,1.4657099537186134e-07,0.05000088823352118,0.0927834276212371,0.05315374058434257,3.169995058665968e-09,4.523508047486561e-10,3.416553084896371e-08
val-math500,4d583c75654016e6,answer128,calibrated_0.05,128,2.0,1.5821087992607e-09,0.009957262276586717,1.4638637887669852e-07,0.05000088823352118,0.09278316301901722,0.05315362563034814,6.037063200292055e-09,8.709725366331489e-10,6.506636553287879e-08
val-math500,4d583c75654016e6,answer256,real_base_to_step8,1,1.001,0.2838918684409703,0.2873267591665995,0.2788456146501542,0.006969997212084354,0.004613078058093066,0.003059348659074921,0.00046558829502924297,0.0001667493362458266,0.10092790305432331
val-math500,4d583c75654016e6,answer256,real_base_to_step8,1,1.05,0.2838918684409703,0.2873267591665995,0.00047875631153334377,0.006969997212084354,6.915393493167191e-06,4.331846881141385e-06,6.915393499095582e-06,4.331846883841874e-06,1.0000000008572747
val-math500,4d583c75654016e6,answer256,real_base_to_step8,1,2.0,0.2838918684409703,0.2873267591665995,0.0,0.006969997212084354,5.9344843594188645e-15,4.478342488236385e-15,0.0,0.0,
val-math500,4d583c75654016e6,answer256,real_base_to_step8,4,1.001,0.015447571283261722,0.015618958121896032,0.2788456146501542,0.006969997212084354,0.004613078058093066,0.003059348659074921,0.00023892676635561176,7.284986601335283e-05,0.05179334998167759
val-math500,4d583c75654016e6,answer256,real_base_to_step8,4,1.05,0.015447571283261722,0.015618958121896032,0.00047875631153334377,0.006969997212084354,6.915393493167191e-06,4.331846881141385e-06,6.915393499095582e-06,4.331846883841874e-06,1.0000000008572747
val-math500,4d583c75654016e6,answer256,real_base_to_step8,4,2.0,0.015447571283261722,0.015618958121896032,0.0,0.006969997212084354,5.9344843594188645e-15,4.478342488236385e-15,0.0,0.0,
val-math500,4d583c75654016e6,answer256,real_base_to_step8,8,1.001,0.006825961647427006,0.006937019079168425,0.2788456146501542,0.006969997212084354,0.004613078058093066,0.003059348659074921,9.499162523138919e-05,2.920854529162727e-05,0.020591809641013623
val-math500,4d583c75654016e6,answer256,real_base_to_step8,8,1.05,0.006825961647427006,0.006937019079168425,0.00047875631153334377,0.006969997212084354,6.915393493167191e-06,4.331846881141385e-06,6.915393499095582e-06,4.331846883841874e-06,1.0000000008572747
val-math500,4d583c75654016e6,answer256,real_base_to_step8,8,2.0,0.006825961647427006,0.006937019079168425,0.0,0.006969997212084354,5.9344843594188645e-15,4.478342488236385e-15,0.0,0.0,
val-math500,4d583c75654016e6,answer256,real_base_to_step8,32,1.001,0.0005453474827548931,0.0005541346747808836,0.2788456146501542,0.006969997212084354,0.004613078058093066,0.003059348659074921,8.331980199345302e-06,2.0752256647894084e-06,0.0018061650148598484
val-math500,4d583c75654016e6,answer256,real_base_to_step8,32,1.05,0.0005453474827548931,0.0005541346747808836,0.00047875631153334377,0.006969997212084354,6.915393493167191e-06,4.331846881141385e-06,7.650967693030818e-09,3.904831042490077e-09,0.0011063676565318252
val-math500,4d583c75654016e6,answer256,real_base_to_step8,32,2.0,0.0005453474827548931,0.0005541346747808836,0.0,0.006969997212084354,5.9344843594188645e-15,4.478342488236385e-15,0.0,0.0,
val-math500,4d583c75654016e6,answer256,real_base_to_step8,128,1.001,4.505715228351556e-05,4.578762095966459e-05,0.2788456146501542,0.006969997212084354,0.004613078058093066,0.003059348659074921,3.8692470399826654e-07,3.368616616070342e-08,8.387560304110957e-05
val-math500,4d583c75654016e6,answer256,real_base_to_step8,128,1.05,4.505715228351556e-05,4.578762095966459e-05,0.00047875631153334377,0.006969997212084354,6.915393493167191e-06,4.331846881141385e-06,6.1512567459243495e-09,3.4248640998219152e-09,0.0008895020582707473
val-math500,4d583c75654016e6,answer256,real_base_to_step8,128,2.0,4.505715228351556e-05,4.578762095966459e-05,0.0,0.006969997212084354,5.9344843594188645e-15,4.478342488236385e-15,0.0,0.0,
val-math500,4d583c75654016e6,answer256,calibrated_0.016,1,1.001,0.2838918684409703,0.29114057516885156,0.25962488148868446,0.01599942780706989,0.011392137810193985,0.007547327177602849,0.0023289703322534315,0.0010869648426921113,0.20443663613070126
val-math500,4d583c75654016e6,answer256,calibrated_0.016,1,1.05,0.2838918684409703,0.29114057516885156,0.007471510900102056,0.01599942780706989,0.0002680459402942054,0.00011822450743725314,0.0002680459403134705,0.00011822450744994027,1.0000000000718723
val-math500,4d583c75654016e6,answer256,calibrated_0.016,1,2.0,0.2838918684409703,0.29114057516885156,0.0,0.01599942780706989,1.9576754381670663e-14,1.475333918704849e-14,0.0,0.0,
val-math500,4d583c75654016e6,answer256,calibrated_0.016,4,1.001,0.015447571283261722,0.01603031169374697,0.25962488148868446,0.01599942780706989,0.011392137810193985,0.007547327177602849,0.00044688348988871756,0.00013423364357368364,0.03922735989805482
val-math500,4d583c75654016e6,answer256,calibrated_0.016,4,1.05,0.015447571283261722,0.01603031169374697,0.007471510900102056,0.01599942780706989,0.0002680459402942054,0.00011822450743725314,0.0002680459403134705,0.00011822450744994027,1.0000000000718723
val-math500,4d583c75654016e6,answer256,calibrated_0.016,4,2.0,0.015447571283261722,0.01603031169374697,0.0,0.01599942780706989,1.9576754381670663e-14,1.475333918704849e-14,0.0,0.0,
val-math500,4d583c75654016e6,answer256,calibrated_0.016,8,1.001,0.006825961647427006,0.007134108387044511,0.25962488148868446,0.01599942780706989,0.011392137810193985,0.007547327177602849,0.00020831384700504193,5.789253357936452e-05,0.0182857555338417
val-math500,4d583c75654016e6,answer256,calibrated_0.016,8,1.05,0.006825961647427006,0.007134108387044511,0.007471510900102056,0.01599942780706989,0.0002680459402942054,0.00011822450743725314,0.00018015270072734937,8.089588930913041e-05,0.6720963597867402
val-math500,4d583c75654016e6,answer256,calibrated_0.016,8,2.0,0.006825961647427006,0.007134108387044511,0.0,0.01599942780706989,1.9576754381670663e-14,1.475333918704849e-14,0.0,0.0,
val-math500,4d583c75654016e6,answer256,calibrated_0.016,32,1.001,0.0005453474827548931,0.0005629268145072949,0.25962488148868446,0.01599942780706989,0.011392137810193985,0.007547327177602849,2.468071539995364e-05,6.2502198867344295e-06,0.0021664691747205417
val-math500,4d583c75654016e6,answer256,calibrated_0.016,32,1.05,0.0005453474827548931,0.0005629268145072949,0.007471510900102056,0.01599942780706989,0.0002680459402942054,0.00011822450743725314,1.6507145532305434e-05,6.981136411740052e-06,0.06158327007000107
val-math500,4d583c75654016e6,answer256,calibrated_0.016,32,2.0,0.0005453474827548931,0.0005629268145072949,0.0,0.01599942780706989,1.9576754381670663e-14,1.475333918704849e-14,0.0,0.0,
val-math500,4d583c75654016e6,answer256,calibrated_0.016,128,1.001,4.505715228351556e-05,4.672380929998279e-05,0.25962488148868446,0.01599942780706989,0.011392137810193985,0.007547327177602849,1.790120397616409e-06,2.522499505977773e-07,0.00015713647670365804
val-math500,4d583c75654016e6,answer256,calibrated_0.016,128,1.05,4.505715228351556e-05,4.672380929998279e-05,0.007471510900102056,0.01599942780706989,0.0002680459402942054,0.00011822450743725314,1.3186160637529986e-06,5.05009601139915e-07,0.004919365920281033
val-math500,4d583c75654016e6,answer256,calibrated_0.016,128,2.0,4.505715228351556e-05,4.672380929998279e-05,0.0,0.01599942780706989,1.9576754381670663e-14,1.475333918704849e-14,0.0,0.0,
val-math500,4d583c75654016e6,answer256,calibrated_0.05,1,1.001,0.2838918684409703,0.30687793600265373,0.25962490504285896,0.05000028372628132,0.035881461814587456,0.023743702889040073,0.006702717058103285,0.0030509338922757078,0.1868016719257052
val-math500,4d583c75654016e6,answer256,calibrated_0.05,1,1.05,0.2838918684409703,0.30687793600265373,0.2591950354574994,0.05000028372628132,0.01771274980274686,0.01137477159154494,0.00641571995262194,0.0032948197824330928,0.36220914449020236
val-math500,4d583c75654016e6,answer256,calibrated_0.05,1,2.0,0.2838918684409703,0.30687793600265373,9.860277262675515e-14,0.05000028372628132,2.4206500300050097e-14,1.648935157771025e-14,4.515121626255127e-15,2.8178687514518204e-15,
val-math500,4d583c75654016e6,answer256,calibrated_0.05,4,1.001,0.015447571283261722,0.017377860020636723,0.25962490504285896,0.05000028372628132,0.035881461814587456,0.023743702889040073,0.0013631105798246218,0.00040623752941455293,0.037989271085673966
val-math500,4d583c75654016e6,answer256,calibrated_0.05,4,1.05,0.015447571283261722,0.017377860020636723,0.2591950354574994,0.05000028372628132,0.01771274980274686,0.01137477159154494,0.001426252037057528,0.00044222208030019047,0.08052120946440218
val-math500,4d583c75654016e6,answer256,calibrated_0.05,4,2.0,0.015447571283261722,0.017377860020636723,9.860277262675515e-14,0.05000028372628132,2.4206500300050097e-14,1.648935157771025e-14,4.515121626255127e-15,2.8178687514518204e-15,
val-math500,4d583c75654016e6,answer256,calibrated_0.05,8,1.001,0.006825961647427006,0.007856034787281977,0.25962490504285896,0.05000028372628132,0.035881461814587456,0.023743702889040073,0.0006329764413291308,0.000179409529957118,0.01764076515611181
val-math500,4d583c75654016e6,answer256,calibrated_0.05,8,1.05,0.006825961647427006,0.007856034787281977,0.2591950354574994,0.05000028372628132,0.01771274980274686,0.01137477159154494,0.0006633272665599827,0.00020064890758095778,0.037449141095930526
val-math500,4d583c75654016e6,answer256,calibrated_0.05,8,2.0,0.006825961647427006,0.007856034787281977,9.860277262675515e-14,0.05000028372628132,2.4206500300050097e-14,1.648935157771025e-14,4.515121626255127e-15,2.8178687514518204e-15,
val-math500,4d583c75654016e6,answer256,calibrated_0.05,32,1.001,0.0005453474827548931,0.0006068022775109498,0.25962490504285896,0.05000028372628132,0.035881461814587456,0.023743702889040073,7.544665005795006e-05,1.892170294918289e-05,0.0021026637779645186
val-math500,4d583c75654016e6,answer256,calibrated_0.05,32,1.05,0.0005453474827548931,0.0006068022775109498,0.2591950354574994,0.05000028372628132,0.01771274980274686,0.01137477159154494,7.91334825415541e-05,2.4312887666658054e-05,0.004467600085972096
val-math500,4d583c75654016e6,answer256,calibrated_0.05,32,2.0,0.0005453474827548931,0.0006068022775109498,9.860277262675515e-14,0.05000028372628132,2.4206500300050097e-14,1.648935157771025e-14,4.515121626255127e-15,2.8178687514518204e-15,
val-math500,4d583c75654016e6,answer256,calibrated_0.05,128,1.001,4.505715228351556e-05,5.072509679761711e-05,0.25962490504285896,0.05000028372628132,0.035881461814587456,0.023743702889040073,5.52927811616216e-06,7.498395770085551e-07,0.00015409846300950468
val-math500,4d583c75654016e6,answer256,calibrated_0.05,128,1.05,4.505715228351556e-05,5.072509679761711e-05,0.2591950354574994,0.05000028372628132,0.01771274980274686,0.01137477159154494,5.79990426821466e-06,1.2481061319757174e-06,0.0003274423414096451
val-math500,4d583c75654016e6,answer256,calibrated_0.05,128,2.0,4.505715228351556e-05,5.072509679761711e-05,9.860277262675515e-14,0.05000028372628132,2.4206500300050097e-14,1.648935157771025e-14,4.515121626255127e-15,2.8178687514518204e-15,
val-math500,18e30e5387968366,prompt,real_base_to_step8,1,1.001,0.00047496737438925557,0.00047088296991131044,6.885460251332161e-05,9.577847108760322e-06,1.22381177259429e-06,6.21942605309674e-07,1.2238117741491114e-06,6.219426068382876e-07,1.0000000012704744
val-math500,18e30e5387968366,prompt,real_base_to_step8,1,1.05,0.00047496737438925557,0.00047088296991131044,1.882051181056611e-10,9.577847108760322e-06,1.2425026915671676e-12,7.20061670375987e-13,1.244057728858896e-12,7.214007918631415e-13,1.0012515363566472
val-math500,18e30e5387968366,prompt,real_base_to_step8,1,2.0,0.00047496737438925557,0.00047088296991131044,0.0,9.577847108760322e-06,1.5550372923411108e-15,1.554312244370216e-15,0.0,0.0,
val-math500,18e30e5387968366,prompt,real_base_to_step8,4,1.001,0.0003044975685133241,0.0003019098626134459,6.885460251332161e-05,9.577847108760322e-06,1.22381177259429e-06,6.21942605309674e-07,1.2238117741491114e-06,6.219426068382876e-07,1.0000000012704744
val-math500,18e30e5387968366,prompt,real_base_to_step8,4,1.05,0.0003044975685133241,0.0003019098626134459,1.882051181056611e-10,9.577847108760322e-06,1.2425026915671676e-12,7.20061670375987e-13,1.244057728858896e-12,7.214007918631415e-13,1.0012515363566472
val-math500,18e30e5387968366,prompt,real_base_to_step8,4,2.0,0.0003044975685133241,0.0003019098626134459,0.0,9.577847108760322e-06,1.5550372923411108e-15,1.554312244370216e-15,0.0,0.0,
val-math500,18e30e5387968366,prompt,real_base_to_step8,8,1.001,0.00027322716167367,0.0002711274873553369,6.885460251332161e-05,9.577847108760322e-06,1.22381177259429e-06,6.21942605309674e-07,1.2238117741491114e-06,6.219426068382876e-07,1.0000000012704744
val-math500,18e30e5387968366,prompt,real_base_to_step8,8,1.05,0.00027322716167367,0.0002711274873553369,1.882051181056611e-10,9.577847108760322e-06,1.2425026915671676e-12,7.20061670375987e-13,1.244057728858896e-12,7.214007918631415e-13,1.0012515363566472
val-math500,18e30e5387968366,prompt,real_base_to_step8,8,2.0,0.00027322716167367,0.0002711274873553369,0.0,9.577847108760322e-06,1.5550372923411108e-15,1.554312244370216e-15,0.0,0.0,
val-math500,18e30e5387968366,prompt,real_base_to_step8,32,1.001,0.0002083235979684189,0.00020681254440590188,6.885460251332161e-05,9.577847108760322e-06,1.22381177259429e-06,6.21942605309674e-07,8.764972958740057e-07,4.3891634394456565e-07,0.7162027000410106
val-math500,18e30e5387968366,prompt,real_base_to_step8,32,1.05,0.0002083235979684189,0.00020681254440590188,1.882051181056611e-10,9.577847108760322e-06,1.2425026915671676e-12,7.20061670375987e-13,1.244057728858896e-12,7.214007918631415e-13,1.0012515363566472
val-math500,18e30e5387968366,prompt,real_base_to_step8,32,2.0,0.0002083235979684189,0.00020681254440590188,0.0,9.577847108760322e-06,1.5550372923411108e-15,1.554312244370216e-15,0.0,0.0,
val-math500,18e30e5387968366,prompt,real_base_to_step8,128,1.001,0.0001538098630413365,0.00015280957884513546,6.885460251332161e-05,9.577847108760322e-06,1.22381177259429e-06,6.21942605309674e-07,7.242261837106085e-07,3.6248194038175065e-07,0.5917790627028878
val-math500,18e30e5387968366,prompt,real_base_to_step8,128,1.05,0.0001538098630413365,0.00015280957884513546,1.882051181056611e-10,9.577847108760322e-06,1.2425026915671676e-12,7.20061670375987e-13,1.244057728858896e-12,7.214007918631415e-13,1.0012515363566472
val-math500,18e30e5387968366,prompt,real_base_to_step8,128,2.0,0.0001538098630413365,0.00015280957884513546,0.0,9.577847108760322e-06,1.5550372923411108e-15,1.554312244370216e-15,0.0,0.0,
val-math500,18e30e5387968366,prompt,calibrated_0.016,1,1.001,0.00047496737438925557,0.015596525931647879,0.0003713959158516298,0.016000103121798778,0.029870611676683534,0.01635122676216976,0.0006914008772561009,0.00022966673504307467,0.0231465255797154
val-math500,18e30e5387968366,prompt,calibrated_0.016,1,1.05,0.00047496737438925557,0.015596525931647879,0.00037060952526694576,0.016000103121798778,0.029834839166761752,0.016334802965976777,0.0007251737267532085,0.00024128974355721412,0.024306272364997574
val-math500,18e30e5387968366,prompt,calibrated_0.016,1,2.0,0.00047496737438925557,0.015596525931647879,0.00024146051889456125,0.016000103121798778,0.029327030832600624,0.016099308637194235,0.0013774490535821667,0.00048261790785707686,0.046968582037666136
val-math500,18e30e5387968366,prompt,calibrated_0.016,4,1.001,0.0003044975685133241,0.014010045775347469,0.0003713959158516298,0.016000103121798778,0.029870611676683534,0.01635122676216976,0.00043156162202635047,0.00014494252872471953,0.014447699521440325
val-math500,18e30e5387968366,prompt,calibrated_0.016,4,1.05,0.0003044975685133241,0.014010045775347469,0.00037060952526694576,0.016000103121798778,0.029834839166761752,0.016334802965976777,0.00045265839774138344,0.00015223209925033202,0.015172141375096765
val-math500,18e30e5387968366,prompt,calibrated_0.016,4,2.0,0.0003044975685133241,0.014010045775347469,0.00024146051889456125,0.016000103121798778,0.029327030832600624,0.016099308637194235,0.0008613289546309942,0.00029820076195902695,0.02936979742502676
val-math500,18e30e5387968366,prompt,calibrated_0.016,8,1.001,0.00027322716167367,0.01381048644680318,0.0003713959158516298,0.016000103121798778,0.029870611676683534,0.01635122676216976,0.0003858072497483228,0.00013165069799702493,0.01291594741762443
val-math500,18e30e5387968366,prompt,calibrated_0.016,8,1.05,0.00027322716167367,0.01381048644680318,0.00037060952526694576,0.016000103121798778,0.029834839166761752,0.016334802965976777,0.0004046647302135188,0.00013830998820025847,0.01356349628538791
val-math500,18e30e5387968366,prompt,calibrated_0.016,8,2.0,0.00027322716167367,0.01381048644680318,0.00024146051889456125,0.016000103121798778,0.029327030832600624,0.016099308637194235,0.0007699768034453072,0.0002719626297238916,0.02625485027244499
val-math500,18e30e5387968366,prompt,calibrated_0.016,32,1.001,0.0002083235979684189,0.006012649251210406,0.0003713959158516298,0.016000103121798778,0.029870611676683534,0.01635122676216976,0.000256662907188388,2.1451054551519496e-05,0.008592489165152734
val-math500,18e30e5387968366,prompt,calibrated_0.016,32,1.05,0.0002083235979684189,0.006012649251210406,0.00037060952526694576,0.016000103121798778,0.029834839166761752,0.016334802965976777,0.00026921892289216796,2.3051618512781055e-05,0.009023642506915138
val-math500,18e30e5387968366,prompt,calibrated_0.016,32,2.0,0.0002083235979684189,0.006012649251210406,0.00024146051889456125,0.016000103121798778,0.029327030832600624,0.016099308637194235,0.0005125405487373029,6.491026015075553e-05,0.017476728266932178
val-math500,18e30e5387968366,prompt,calibrated_0.016,128,1.001,0.0001538098630413365,0.004713804110602833,0.0003713959158516298,0.016000103121798778,0.029870611676683534,0.01635122676216976,0.000192391383276104,1.4043598068150265e-05,0.006440825027573214
val-math500,18e30e5387968366,prompt,calibrated_0.016,128,1.05,0.0001538098630413365,0.004713804110602833,0.00037060952526694576,0.016000103121798778,0.029834839166761752,0.016334802965976777,0.0002018047097207856,1.521679750149129e-05,0.00676406226267213
val-math500,18e30e5387968366,prompt,calibrated_0.016,128,2.0,0.0001538098630413365,0.004713804110602833,0.00024146051889456125,0.016000103121798778,0.029327030832600624,0.016099308637194235,0.00038424982334248905,4.5450813655895996e-05,0.01310224091677729
val-math500,18e30e5387968366,prompt,calibrated_0.05,1,1.001,0.00047496737438925557,0.048398146757704846,0.00037101757018708376,0.04999912315043913,0.09131941717893013,0.053089852713153744,0.0007571416037382092,0.0002981522352597117,0.008291134866253859
val-math500,18e30e5387968366,prompt,calibrated_0.05,1,1.05,0.00047496737438925557,0.048398146757704846,0.0003704150988672482,0.04999912315043913,0.09128491869262473,0.053075157281805715,0.0007939977865846609,0.00031299125355730307,0.008698017130937217
val-math500,18e30e5387968366,prompt,calibrated_0.05,1,2.0,0.00047496737438925557,0.048398146757704846,0.00024464790935841915,0.04999912315043913,0.09080023586035693,0.052862177449676515,0.0015006317833128396,0.0006081110914258516,0.01652673882500354
val-math500,18e30e5387968366,prompt,calibrated_0.05,4,1.001,0.0003044975685133241,0.04524943055789725,0.00037101757018708376,0.04999912315043913,0.09131941717893013,0.053089852713153744,0.00048629446199423667,0.00019107143457262356,0.005325203303054348
val-math500,18e30e5387968366,prompt,calibrated_0.05,4,1.05,0.0003044975685133241,0.04524943055789725,0.0003704150988672482,0.04999912315043913,0.09128491869262473,0.053075157281805715,0.000510013430318026,0.00020053796468789595,0.005587050277552934
val-math500,18e30e5387968366,prompt,calibrated_0.05,4,2.0,0.0003044975685133241,0.04524943055789725,0.00024464790935841915,0.04999912315043913,0.09080023586035693,0.052862177449676515,0.0009689000045020091,0.0003866263638836401,0.010670677177448032
val-math500,18e30e5387968366,prompt,calibrated_0.05,8,1.001,0.00027322716167367,0.04496145575534209,0.00037101757018708376,0.04999912315043913,0.09131941717893013,0.053089852713153744,0.00043507286355517084,0.00017226787837876074,0.004764297418835848
val-math500,18e30e5387968366,prompt,calibrated_0.05,8,1.05,0.00027322716167367,0.04496145575534209,0.0003704150988672482,0.04999912315043913,0.09128491869262473,0.053075157281805715,0.00045628554961278027,0.00018082959384358433,0.0049984768146553145
val-math500,18e30e5387968366,prompt,calibrated_0.05,8,2.0,0.00027322716167367,0.04496145575534209,0.00024464790935841915,0.04999912315043913,0.09080023586035693,0.052862177449676515,0.0008666755754465391,0.00034951875208196354,0.009544860398594257
val-math500,18e30e5387968366,prompt,calibrated_0.05,32,1.001,0.0002083235979684189,0.014383173431718434,0.00037101757018708376,0.04999912315043913,0.09131941717893013,0.053089852713153744,0.00028892208846321505,2.5168389198081332e-05,0.0031638625977770387
val-math500,18e30e5387968366,prompt,calibrated_0.05,32,1.05,0.0002083235979684189,0.014383173431718434,0.0003704150988672482,0.04999912315043913,0.09128491869262473,0.053075157281805715,0.0003030468092654587,2.6849583150771016e-05,0.0033197905372067014
val-math500,18e30e5387968366,prompt,calibrated_0.05,32,2.0,0.0002083235979684189,0.014383173431718434,0.00024464790935841915,0.04999912315043913,0.09080023586035693,0.052862177449676515,0.0005766443369247596,6.804333898817996e-05,0.0063506920600029035
val-math500,18e30e5387968366,prompt,calibrated_0.05,128,1.001,0.0001538098630413365,0.011535199081835458,0.00037101757018708376,0.04999912315043913,0.09131941717893013,0.053089852713153744,0.00021655372874283753,1.6461369666547167e-05,0.002371387547497427
val-math500,18e30e5387968366,prompt,calibrated_0.05,128,1.05,0.0001538098630413365,0.011535199081835458,0.0003704150988672482,0.04999912315043913,0.09128491869262473,0.053075157281805715,0.00022714372651529743,1.7662688197183392e-05,0.002488294120961399
val-math500,18e30e5387968366,prompt,calibrated_0.05,128,2.0,0.0001538098630413365,0.011535199081835458,0.00024464790935841915,0.04999912315043913,0.09080023586035693,0.052862177449676515,0.0004323318641300596,4.68770869314217e-05,0.004761351774404522
val-math500,18e30e5387968366,answer16,real_base_to_step8,1,1.001,7.549442199326512e-11,7.511652409982112e-11,2.8928819520137286e-11,1.0054849629864455e-12,1.8293213864506203e-13,1.194198443816514e-13,1.8759507534856238e-13,1.2293582440111128e-13,
val-math500,18e30e5387968366,answer16,real_base_to_step8,1,1.05,7.549442199326512e-11,7.511652409982112e-11,0.0,1.0054849629864455e-12,4.662936703774748e-15,4.6629367034256575e-15,0.0,0.0,
val-math500,18e30e5387968366,answer16,real_base_to_step8,1,2.0,7.549442199326512e-11,7.511652409982112e-11,0.0,1.0054849629864455e-12,4.662936703774748e-15,4.6629367034256575e-15,0.0,0.0,
val-math500,18e30e5387968366,answer16,real_base_to_step8,4,1.001,2.2115217962234225e-11,2.20533167414457e-11,2.8928819520137286e-11,1.0054849629864455e-12,1.8293213864506203e-13,1.194198443816514e-13,3.095719541395746e-14,2.0730081861022703e-14,
val-math500,18e30e5387968366,answer16,real_base_to_step8,4,1.05,2.2115217962234225e-11,2.20533167414457e-11,0.0,1.0054849629864455e-12,4.662936703774748e-15,4.6629367034256575e-15,0.0,0.0,
val-math500,18e30e5387968366,answer16,real_base_to_step8,4,2.0,2.2115217962234225e-11,2.20533167414457e-11,0.0,1.0054849629864455e-12,4.662936703774748e-15,4.6629367034256575e-15,0.0,0.0,
val-math500,18e30e5387968366,answer16,real_base_to_step8,8,1.001,5.668684010893982e-12,5.6266515989299815e-12,2.8928819520137286e-11,1.0054849629864455e-12,1.8293213864506203e-13,1.194198443816514e-13,3.2554997520271905e-15,1.7035376241561333e-15,
val-math500,18e30e5387968366,answer16,real_base_to_step8,8,1.05,5.668684010893982e-12,5.6266515989299815e-12,0.0,1.0054849629864455e-12,4.662936703774748e-15,4.6629367034256575e-15,0.0,0.0,
val-math500,18e30e5387968366,answer16,real_base_to_step8,8,2.0,5.668684010893982e-12,5.6266515989299815e-12,0.0,1.0054849629864455e-12,4.662936703774748e-15,4.6629367034256575e-15,0.0,0.0,
val-math500,18e30e5387968366,answer16,real_base_to_step8,32,1.001,1.0734823444180042e-12,1.0642396670823354e-12,2.8928819520137286e-11,1.0054849629864455e-12,1.8293213864506203e-13,1.194198443816514e-13,1.0232169399698445e-15,4.782366666377134e-16,
val-math500,18e30e5387968366,answer16,real_base_to_step8,32,1.05,1.0734823444180042e-12,1.0642396670823354e-12,0.0,1.0054849629864455e-12,4.662936703774748e-15,4.6629367034256575e-15,0.0,0.0,
val-math500,18e30e5387968366,answer16,real_base_to_step8,32,2.0,1.0734823444180042e-12,1.0642396670823354e-12,0.0,1.0054849629864455e-12,4.662936703774748e-15,4.6629367034256575e-15,0.0,0.0,
val-math500,18e30e5387968366,answer16,real_base_to_step8,128,1.001,1.8874727563084333e-13,1.8653183488870818e-13,2.8928819520137286e-11,1.0054849629864455e-12,1.8293213864506203e-13,1.194198443816514e-13,2.6835161547083175e-17,7.180119238289208e-18,
val-math500,18e30e5387968366,answer16,real_base_to_step8,128,1.05,1.8874727563084333e-13,1.8653183488870818e-13,0.0,1.0054849629864455e-12,4.662936703774748e-15,4.6629367034256575e-15,0.0,0.0,
val-math500,18e30e5387968366,answer16,real_base_to_step8,128,2.0,1.8874727563084333e-13,1.8653183488870818e-13,0.0,1.0054849629864455e-12,4.662936703774748e-15,4.6629367034256575e-15,0.0,0.0,
val-math500,18e30e5387968366,answer16,calibrated_0.016,1,1.001,7.549442199326512e-11,0.015872958471279938,7.51536658105718e-11,0.01600028374785817,0.031242015172767666,0.019249434475010978,1.5074669822058479e-10,6.337164921277056e-11,4.825127232893231e-09
val-math500,18e30e5387968366,answer16,calibrated_0.016,1,1.05,7.549442199326512e-11,0.015872958471279938,7.515339728417231e-11,0.01600028374785817,0.031242015165519724,0.01924943447209362,1.5812549477792082e-10,6.647367553718889e-11,5.0613090717796e-09
val-math500,18e30e5387968366,answer16,calibrated_0.016,1,2.0,7.549442199326512e-11,0.015872958471279938,7.514210123531244e-11,0.01600028374785817,0.031242015025006453,0.0192494344155328,3.0118556194894417e-10,1.2661519135339836e-10,9.64040128998952e-09
val-math500,18e30e5387968366,answer16,calibrated_0.016,4,1.001,2.2115217962234225e-11,0.01584973109044401,7.51536658105718e-11,0.01600028374785817,0.031242015172767666,0.019249434475010978,4.4180945817049064e-11,1.897027267671628e-11,1.4141516023447717e-09
val-math500,18e30e5387968366,answer16,calibrated_0.016,4,1.05,2.2115217962234225e-11,0.01584973109044401,7.515339728417231e-11,0.01600028374785817,0.031242015165519724,0.01924943447209362,4.634346156224278e-11,1.9898815839794372e-11,1.4833697927843585e-09
val-math500,18e30e5387968366,answer16,calibrated_0.016,4,2.0,2.2115217962234225e-11,0.01584973109044401,7.514210123531244e-11,0.01600028374785817,0.031242015025006453,0.0192494344155328,8.826730534422417e-11,3.7901872065509e-11,2.82527568319694e-09
val-math500,18e30e5387968366,answer16,calibrated_0.016,8,1.001,5.668684010893982e-12,0.01584444901837426,7.51536658105718e-11,0.01600028374785817,0.031242015172767666,0.019249434475010978,1.1293647675982962e-11,4.341158524299659e-12,3.6148909132555423e-10
val-math500,18e30e5387968366,answer16,calibrated_0.016,8,1.05,5.668684010893982e-12,0.01584444901837426,7.515339728417231e-11,0.01600028374785817,0.031242015165519724,0.01924943447209362,1.184663207521586e-11,4.5536371286317194e-12,3.791891148010966e-10
val-math500,18e30e5387968366,answer16,calibrated_0.016,8,2.0,5.668684010893982e-12,0.01584444901837426,7.514210123531244e-11,0.01600028374785817,0.031242015025006453,0.0192494344155328,2.255874659719317e-11,8.675974846098516e-12,7.220643924259335e-10
val-math500,18e30e5387968366,answer16,calibrated_0.016,32,1.001,1.0734823444180042e-12,0.015842216868618354,7.51536658105718e-11,0.01600028374785817,0.031242015172767666,0.019249434475010978,2.1135386373226735e-12,7.836920453270685e-13,6.765052208171755e-11
val-math500,18e30e5387968366,answer16,calibrated_0.016,32,1.05,1.0734823444180042e-12,0.015842216868618354,7.515339728417231e-11,0.01600028374785817,0.031242015165519724,0.01924943447209362,2.217044243828663e-12,8.220994289140231e-13,7.096354803244273e-11
val-math500,18e30e5387968366,answer16,calibrated_0.016,32,2.0,1.0734823444180042e-12,0.015842216868618354,7.514210123531244e-11,0.01600028374785817,0.031242015025006453,0.0192494344155328,4.221595522329798e-12,1.5670897584531725e-12,1.3512558389562218e-10
val-math500,18e30e5387968366,answer16,calibrated_0.016,128,1.001,1.8874727563084333e-13,0.009984297142522032,7.51536658105718e-11,0.01600028374785817,0.031242015172767666,0.019249434475010978,3.7578203797232715e-13,1.8754161527387496e-13,1.2028098568362528e-11
val-math500,18e30e5387968366,answer16,calibrated_0.016,128,1.05,1.8874727563084333e-13,0.009984297142522032,7.515339728417231e-11,0.01600028374785817,0.031242015165519724,0.01924943447209362,3.943731423268302e-13,1.9672485824764625e-13,1.2623165958964148e-11
val-math500,18e30e5387968366,answer16,calibrated_0.016,128,2.0,1.8874727563084333e-13,0.009984297142522032,7.514210123531244e-11,0.01600028374785817,0.031242015025006453,0.0192494344155328,7.504602860122675e-13,3.747617170377122e-13,2.4020866945092715e-11
val-math500,18e30e5387968366,answer16,calibrated_0.05,1,1.001,7.549442199326512e-11,0.04876779810362257,7.51533999724818e-11,0.049997080963970694,0.09277899979996589,0.05745771506261623,1.5088050925837072e-10,6.408234363665732e-11,1.6262355660620757e-09
val-math500,18e30e5387968366,answer16,calibrated_0.05,1,1.05,7.549442199326512e-11,0.04876779810362257,7.515271878899441e-11,0.049997080963970694,0.09277899979296014,0.05745771505986494,1.5826531055008165e-10,6.721899165090002e-11,1.7058311784267637e-09
val-math500,18e30e5387968366,answer16,calibrated_0.05,1,2.0,7.549442199326512e-11,0.04876779810362257,7.507536929619874e-11,0.049997080963970694,0.09277899965715555,0.05745771500652564,3.014419383297379e-10,1.2803152693656999e-10,3.2490319947795346e-09
val-math500,18e30e5387968366,answer16,calibrated_0.05,4,1.001,2.2115217962234225e-11,0.04872986002288047,7.51533999724818e-11,0.049997080963970694,0.09277899979996589,0.05745771506261623,4.418726164311187e-11,1.915882966150856e-11,4.762636128690851e-10
val-math500,18e30e5387968366,answer16,calibrated_0.05,4,1.05,2.2115217962234225e-11,0.04872986002288047,7.515271878899441e-11,0.049997080963970694,0.09277899979296014,0.05745771505986494,4.634952731945307e-11,2.0096433032817305e-11,4.995691635271322e-10
val-math500,18e30e5387968366,answer16,calibrated_0.05,4,2.0,2.2115217962234225e-11,0.04872986002288047,7.507536929619874e-11,0.049997080963970694,0.09277899965715555,0.05745771500652564,8.826852165971763e-11,3.8274990944260344e-11,9.51384709749993e-10
val-math500,18e30e5387968366,answer16,calibrated_0.05,8,1.001,5.668684010893982e-12,0.048721000936533754,7.51533999724818e-11,0.049997080963970694,0.09277899979996589,0.05745771506261623,1.1285605774427219e-11,4.391552709989295e-12,1.2163965766778367e-10
val-math500,18e30e5387968366,answer16,calibrated_0.05,8,1.05,5.668684010893982e-12,0.048721000936533754,7.515271878899441e-11,0.049997080963970694,0.09277899979296014,0.05745771505986494,1.1837303576275286e-11,4.606299177493234e-12,1.275860227281031e-10
val-math500,18e30e5387968366,answer16,calibrated_0.05,8,2.0,5.668684010893982e-12,0.048721000936533754,7.507536929619874e-11,0.049997080963970694,0.09277899965715555,0.05745771500652564,2.2530944688986237e-11,8.772311536684485e-12,2.428453073674474e-10
val-math500,18e30e5387968366,answer16,calibrated_0.05,32,1.001,1.0734823444180042e-12,0.048717088779538745,7.51533999724818e-11,0.049997080963970694,0.09277899979996589,0.05745771506261623,2.1139013724625537e-12,7.934218388136892e-13,2.278426558833555e-11
val-math500,18e30e5387968366,answer16,calibrated_0.05,32,1.05,1.0734823444180042e-12,0.048717088779538745,7.515271878899441e-11,0.049997080963970694,0.09277899979296014,0.05745771505986494,2.217332825557171e-12,8.322770476700509e-13,2.3899080939708698e-11
val-math500,18e30e5387968366,answer16,calibrated_0.05,32,2.0,1.0734823444180042e-12,0.048717088779538745,7.507536929619874e-11,0.049997080963970694,0.09277899965715555,0.05745771500652564,4.220157027108487e-12,1.5857597981749168e-12,4.5486123397570054e-11
val-math500,18e30e5387968366,answer16,calibrated_0.05,128,1.001,1.8874727563084333e-13,0.03174818626205067,7.51533999724818e-11,0.049997080963970694,0.09277899979996589,0.05745771506261623,3.758057741134624e-13,1.8755059541835133e-13,4.050547806332361e-12
val-math500,18e30e5387968366,answer16,calibrated_0.05,128,1.05,1.8874727563084333e-13,0.03174818626205067,7.515271878899441e-11,0.049997080963970694,0.09277899979296014,0.05745771505986494,3.942759181959109e-13,1.967322790420777e-13,4.249624581810027e-12
val-math500,18e30e5387968366,answer16,calibrated_0.05,128,2.0,1.8874727563084333e-13,0.03174818626205067,7.507536929619874e-11,0.049997080963970694,0.09277899965715555,0.05745771500652564,7.501268518163302e-13,3.7472454919662576e-13,8.085093120083849e-12
val-math500,18e30e5387968366,answer32,real_base_to_step8,1,1.001,0.059495396890722266,0.06387220377825188,0.05949535786928484,0.00861028265366727,0.008083111861354715,0.005714310868504756,3.6297138155916487e-06,2.142392946290181e-06,0.0004490490640053217
val-math500,18e30e5387968366,answer32,real_base_to_step8,1,1.05,0.059495396890722266,0.06387220377825188,0.05944497195689855,0.00861028265366727,0.002626527914018191,0.0018570269684227139,3.711344500904323e-06,2.073439283040819e-06,0.001413023056445087
val-math500,18e30e5387968366,answer32,real_base_to_step8,1,2.0,0.059495396890722266,0.06387220377825188,0.0,0.00861028265366727,3.1393303609478765e-13,2.945584941765292e-13,0.0,0.0,
val-math500,18e30e5387968366,answer32,real_base_to_step8,4,1.001,8.25418266926114e-06,8.732185299782746e-06,0.05949535786928484,0.00861028265366727,0.008083111861354715,0.005714310868504756,3.8484788077276933e-07,2.0274046509565797e-07,4.761135159006317e-05
val-math500,18e30e5387968366,answer32,real_base_to_step8,4,1.05,8.25418266926114e-06,8.732185299782746e-06,0.05944497195689855,0.00861028265366727,0.002626527914018191,0.0018570269684227139,4.036855503055e-07,2.3861216768433625e-07,0.00015369551115408558
val-math500,18e30e5387968366,answer32,real_base_to_step8,4,2.0,8.25418266926114e-06,8.732185299782746e-06,0.0,0.00861028265366727,3.1393303609478765e-13,2.945584941765292e-13,0.0,0.0,
val-math500,18e30e5387968366,answer32,real_base_to_step8,8,1.001,1.8360537190436625e-06,1.8900114915940572e-06,0.05949535786928484,0.00861028265366727,0.008083111861354715,0.005714310868504756,2.240496812252585e-08,6.8638357719002205e-09,2.771824577814369e-06
val-math500,18e30e5387968366,answer32,real_base_to_step8,8,1.05,1.8360537190436625e-06,1.8900114915940572e-06,0.05944497195689855,0.00861028265366727,0.002626527914018191,0.0018570269684227139,6.114745955898205e-09,3.1308845840193446e-09,2.328071947479731e-06
val-math500,18e30e5387968366,answer32,real_base_to_step8,8,2.0,1.8360537190436625e-06,1.8900114915940572e-06,0.0,0.00861028265366727,3.1393303609478765e-13,2.945584941765292e-13,0.0,0.0,
val-math500,18e30e5387968366,answer32,real_base_to_step8,32,1.001,5.058976484129834e-08,5.279218944201477e-08,0.05949535786928484,0.00861028265366727,0.008083111861354715,0.005714310868504756,8.411751898108998e-10,1.7433518416010148e-10,1.0406576133537762e-07
val-math500,18e30e5387968366,answer32,real_base_to_step8,32,1.05,5.058976484129834e-08,5.279218944201477e-08,0.05944497195689855,0.00861028265366727,0.002626527914018191,0.0018570269684227139,5.950417798788069e-10,2.951643907686565e-10,2.2655071613858574e-07
val-math500,18e30e5387968366,answer32,real_base_to_step8,32,2.0,5.058976484129834e-08,5.279218944201477e-08,0.0,0.00861028265366727,3.1393303609478765e-13,2.945584941765292e-13,0.0,0.0,
val-math500,18e30e5387968366,answer32,real_base_to_step8,128,1.001,4.667450661684862e-09,4.8978488133527176e-09,0.05949535786928484,0.00861028265366727,0.008083111861354715,0.005714310868504756,6.401352172393506e-11,4.586041493810955e-12,7.919415544647245e-09
val-math500,18e30e5387968366,answer32,real_base_to_step8,128,1.05,4.667450661684862e-09,4.8978488133527176e-09,0.05944497195689855,0.00861028265366727,0.002626527914018191,0.0018570269684227139,6.426629169549771e-11,3.0326086183707666e-11,2.4468154841415713e-08
val-math500,18e30e5387968366,answer32,real_base_to_step8,128,2.0,4.667450661684862e-09,4.8978488133527176e-09,0.0,0.00861028265366727,3.1393303609478765e-13,2.945584941765292e-13,0.0,0.0,
val-math500,18e30e5387968366,answer32,calibrated_0.016,1,1.001,0.059495396890722266,0.051775801738205854,0.9405533013452845,0.015999932956298722,0.000703272215094318,0.00048292611280657284,4.334433743536154e-05,2.8905358208779576e-05,0.06163237577862861
val-math500,18e30e5387968366,answer32,calibrated_0.016,1,1.05,0.059495396890722266,0.051775801738205854,4.860022290847275e-05,0.015999932956298722,3.857793919357455e-05,2.5876915056101632e-05,3.85779395137554e-05,2.5876915271363356e-05,1.0000000082995841
val-math500,18e30e5387968366,answer32,calibrated_0.016,1,2.0,0.059495396890722266,0.051775801738205854,4.326342655807923e-13,0.015999932956298722,3.200046008427098e-13,2.702282908881452e-13,7.189303051968258e-14,3.709685114793542e-14,
val-math500,18e30e5387968366,answer32,calibrated_0.016,4,1.001,8.25418266926114e-06,7.601442124597381e-06,0.9405533013452845,0.015999932956298722,0.000703272215094318,0.00048292611280657284,1.230455655311599e-06,6.673448687664826e-07,0.0017496150550275595
val-math500,18e30e5387968366,answer32,calibrated_0.016,4,1.05,8.25418266926114e-06,7.601442124597381e-06,4.860022290847275e-05,0.015999932956298722,3.857793919357455e-05,2.5876915056101632e-05,8.987328252465492e-07,4.8405152289793e-07,0.023296548339115014
val-math500,18e30e5387968366,answer32,calibrated_0.016,4,2.0,8.25418266926114e-06,7.601442124597381e-06,4.326342655807923e-13,0.015999932956298722,3.200046008427098e-13,2.702282908881452e-13,7.189303051968258e-14,3.709685114793542e-14,
val-math500,18e30e5387968366,answer32,calibrated_0.016,8,1.001,1.8360537190436625e-06,2.120491973656161e-06,0.9405533013452845,0.015999932956298722,0.000703272215094318,0.00048292611280657284,2.36100011998983e-07,9.026446037805133e-08,0.0003357163939248174
val-math500,18e30e5387968366,answer32,calibrated_0.016,8,1.05,1.8360537190436625e-06,2.120491973656161e-06,4.860022290847275e-05,0.015999932956298722,3.857793919357455e-05,2.5876915056101632e-05,2.4765732099846693e-07,1.0325362007579586e-07,0.0064196617594263865
val-math500,18e30e5387968366,answer32,calibrated_0.016,8,2.0,1.8360537190436625e-06,2.120491973656161e-06,4.326342655807923e-13,0.015999932956298722,3.200046008427098e-13,2.702282908881452e-13,7.189303051968258e-14,3.709685114793542e-14,
val-math500,18e30e5387968366,answer32,calibrated_0.016,32,1.001,5.058976484129834e-08,4.9633587079238156e-08,0.9405533013452845,0.015999932956298722,0.000703272215094318,0.00048292611280657284,9.932269893565406e-09,4.941632232116542e-09,1.4122938003790407e-05
val-math500,18e30e5387968366,answer32,calibrated_0.016,32,1.05,5.058976484129834e-08,4.9633587079238156e-08,4.860022290847275e-05,0.015999932956298722,3.857793919357455e-05,2.5876915056101632e-05,8.014231574168808e-09,4.005923590475271e-09,0.00020774130867787878
val-math500,18e30e5387968366,answer32,calibrated_0.016,32,2.0,5.058976484129834e-08,4.9633587079238156e-08,4.326342655807923e-13,0.015999932956298722,3.200046008427098e-13,2.702282908881452e-13,7.189303051968258e-14,3.709685114793542e-14,
val-math500,18e30e5387968366,answer32,calibrated_0.016,128,1.001,4.667450661684862e-09,4.363194919474426e-09,0.9405533013452845,0.015999932956298722,0.000703272215094318,0.00048292611280657284,6.504208524454263e-10,3.1166430284015716e-10,9.248493520509641e-07
val-math500,18e30e5387968366,answer32,calibrated_0.016,128,1.05,4.667450661684862e-09,4.363194919474426e-09,4.860022290847275e-05,0.015999932956298722,3.857793919357455e-05,2.5876915056101632e-05,5.164620070021555e-10,2.479594893371404e-10,1.3387496009330023e-05
val-math500,18e30e5387968366,answer32,calibrated_0.016,128,2.0,4.667450661684862e-09,4.363194919474426e-09,4.326342655807923e-13,0.015999932956298722,3.200046008427098e-13,2.702282908881452e-13,7.189303051968258e-14,3.709685114793542e-14,
val-math500,18e30e5387968366,answer32,calibrated_0.05,1,1.001,0.059495396890722266,0.03729142834856118,0.9405533013451581,0.049999979712148035,0.0015876792724290633,0.0010485098904948805,0.0002435315345200262,0.00016497626765444285,0.15338836926896207
val-math500,18e30e5387968366,answer32,calibrated_0.05,1,1.05,0.059495396890722266,0.03729142834856118,4.869780492220866e-05,0.049999979712148035,0.00023875994647703814,0.00016192346874643413,0.00023875994679072035,0.00016192346896116974,1.0000000013137975
val-math500,18e30e5387968366,answer32,calibrated_0.05,1,2.0,0.059495396890722266,0.03729142834856118,4.196778748275348e-05,0.049999979712148035,0.00015062476963899934,0.00010430340247051715,0.0001506247699526886,0.00010430340268081872,1.0000000020825874
val-math500,18e30e5387968366,answer32,calibrated_0.05,4,1.001,8.25418266926114e-06,7.995256216334015e-06,0.9405533013451581,0.049999979712148035,0.0015876792724290633,0.0010485098904948805,5.266596104265428e-06,2.8663717908744117e-06,0.0033171662537407956
val-math500,18e30e5387968366,answer32,calibrated_0.05,4,1.05,8.25418266926114e-06,7.995256216334015e-06,4.869780492220866e-05,0.049999979712148035,0.00023875994647703814,0.00016192346874643413,4.929209660940262e-06,2.6794302111690412e-06,0.02064504425332626
val-math500,18e30e5387968366,answer32,calibrated_0.05,4,2.0,8.25418266926114e-06,7.995256216334015e-06,4.196778748275348e-05,0.049999979712148035,0.00015062476963899934,0.00010430340247051715,7.873486661128126e-07,4.4823434822762113e-07,0.005227219055669543
val-math500,18e30e5387968366,answer32,calibrated_0.05,8,1.001,1.8360537190436625e-06,3.2536277478720653e-06,0.9405533013451581,0.049999979712148035,0.0015876792724290633,0.0010485098904948805,6.806039737127053e-07,2.5056765461802114e-07,0.00042867850297712717
val-math500,18e30e5387968366,answer32,calibrated_0.05,8,1.05,1.8360537190436625e-06,3.2536277478720653e-06,4.869780492220866e-05,0.049999979712148035,0.00023875994647703814,0.00016192346874643413,7.139202185986197e-07,2.6664463286479605e-07,0.002990117183106666
val-math500,18e30e5387968366,answer32,calibrated_0.05,8,2.0,1.8360537190436625e-06,3.2536277478720653e-06,4.196778748275348e-05,0.049999979712148035,0.00015062476963899934,0.00010430340247051715,7.873486661128126e-07,4.4823434822762113e-07,0.005227219055669543
val-math500,18e30e5387968366,answer32,calibrated_0.05,32,1.001,5.058976484129834e-08,6.001837455524194e-08,0.9405533013451581,0.049999979712148035,0.0015876792724290633,0.0010485098904948805,3.476712749017196e-08,1.5369597663831313e-08,2.189807985398722e-05
val-math500,18e30e5387968366,answer32,calibrated_0.05,32,1.05,5.058976484129834e-08,6.001837455524194e-08,4.869780492220866e-05,0.049999979712148035,0.00023875994647703814,0.00016192346874643413,3.64690148384957e-08,1.6805813555338694e-08,0.00015274343698180957
val-math500,18e30e5387968366,answer32,calibrated_0.05,32,2.0,5.058976484129834e-08,6.001837455524194e-08,4.196778748275348e-05,0.049999979712148035,0.00015062476963899934,0.00010430340247051715,1.7787715749755884e-08,9.370942274332873e-09,0.00011809289927803707
val-math500,18e30e5387968366,answer32,calibrated_0.05,128,1.001,4.667450661684862e-09,4.804938752959906e-09,0.9405533013451581,0.049999979712148035,0.0015876792724290633,0.0010485098904948805,3.1552062185287203e-09,1.4940380163340784e-09,1.9873070545925978e-06
val-math500,18e30e5387968366,answer32,calibrated_0.05,128,1.05,4.667450661684862e-09,4.804938752959906e-09,4.869780492220866e-05,0.049999979712148035,0.00023875994647703814,0.00016192346874643413,3.186775001851702e-09,1.5536575638410157e-09,1.3347192646310038e-05
val-math500,18e30e5387968366,answer32,calibrated_0.05,128,2.0,4.667450661684862e-09,4.804938752959906e-09,4.196778748275348e-05,0.049999979712148035,0.00015062476963899934,0.00010430340247051715,1.4459620725154684e-09,7.155138845248206e-10,9.599762880839513e-06
val-math500,18e30e5387968366,answer64,real_base_to_step8,1,1.001,0.007022763800361191,0.0070976483810172245,0.005735205928950707,0.00015912387863403882,0.0001473620341588435,8.884725240468309e-05,4.4580896149713176e-05,2.2001105788850216e-05,0.3025263352544308
val-math500,18e30e5387968366,answer64,real_base_to_step8,1,1.05,0.007022763800361191,0.0070976483810172245,5.727094547502766e-16,0.00015912387863403882,7.828139619841712e-15,7.771613964341405e-15,1.1076911649697222e-18,1.1076911649697222e-18,
val-math500,18e30e5387968366,answer64,real_base_to_step8,1,2.0,0.007022763800361191,0.0070976483810172245,0.0,0.00015912387863403882,7.827031928676751e-15,7.771613885401578e-15,0.0,0.0,
val-math500,18e30e5387968366,answer64,real_base_to_step8,4,1.001,0.0016203459264164265,0.0016377391635853044,0.005735205928950707,0.00015912387863403882,0.0001473620341588435,8.884725240468309e-05,8.744597917389368e-06,3.140650147156771e-06,0.059340914824529696
val-math500,18e30e5387968366,answer64,real_base_to_step8,4,1.05,0.0016203459264164265,0.0016377391635853044,5.727094547502766e-16,0.00015912387863403882,7.828139619841712e-15,7.771613964341405e-15,1.1076911649697222e-18,1.1076911649697222e-18,
val-math500,18e30e5387968366,answer64,real_base_to_step8,4,2.0,0.0016203459264164265,0.0016377391635853044,0.0,0.00015912387863403882,7.827031928676751e-15,7.771613885401578e-15,0.0,0.0,
val-math500,18e30e5387968366,answer64,real_base_to_step8,8,1.001,0.0004963365758398365,0.0005001195562755919,0.005735205928950707,0.00015912387863403882,0.0001473620341588435,8.884725240468309e-05,2.8945544162531976e-06,7.705174833040567e-07,0.019642470550678737
val-math500,18e30e5387968366,answer64,real_base_to_step8,8,1.05,0.0004963365758398365,0.0005001195562755919,5.727094547502766e-16,0.00015912387863403882,7.828139619841712e-15,7.771613964341405e-15,1.1076911649697222e-18,1.1076911649697222e-18,
val-math500,18e30e5387968366,answer64,real_base_to_step8,8,2.0,0.0004963365758398365,0.0005001195562755919,0.0,0.00015912387863403882,7.827031928676751e-15,7.771613885401578e-15,0.0,0.0,
val-math500,18e30e5387968366,answer64,real_base_to_step8,32,1.001,6.79100528283707e-05,6.881325797676425e-05,0.005735205928950707,0.00015912387863403882,0.0001473620341588435,8.884725240468309e-05,5.47783289890759e-07,1.0653962869119249e-07,0.003717262000470868
val-math500,18e30e5387968366,answer64,real_base_to_step8,32,1.05,6.79100528283707e-05,6.881325797676425e-05,5.727094547502766e-16,0.00015912387863403882,7.828139619841712e-15,7.771613964341405e-15,1.1076911649697222e-18,1.1076911649697222e-18,
val-math500,18e30e5387968366,answer64,real_base_to_step8,32,2.0,6.79100528283707e-05,6.881325797676425e-05,0.0,0.00015912387863403882,7.827031928676751e-15,7.771613885401578e-15,0.0,0.0,
val-math500,18e30e5387968366,answer64,real_base_to_step8,128,1.001,5.412187042568016e-06,5.473548308284885e-06,0.005735205928950707,0.00015912387863403882,0.0001473620341588435,8.884725240468309e-05,3.636531127873614e-08,3.533734321036922e-09,0.00024677530740066663
val-math500,18e30e5387968366,answer64,real_base_to_step8,128,1.05,5.412187042568016e-06,5.473548308284885e-06,5.727094547502766e-16,0.00015912387863403882,7.828139619841712e-15,7.771613964341405e-15,1.1076911649697222e-18,1.1076911649697222e-18,
val-math500,18e30e5387968366,answer64,real_base_to_step8,128,2.0,5.412187042568016e-06,5.473548308284885e-06,0.0,0.00015912387863403882,7.827031928676751e-15,7.771613885401578e-15,0.0,0.0,
val-math500,18e30e5387968366,answer64,calibrated_0.016,1,1.001,0.007022763800361191,0.016999458121339406,0.007015056777749626,0.01599999492131123,0.019605474804222908,0.011045296774569372,0.001299925035405906,0.0006437953639911496,0.06630418535571041
val-math500,18e30e5387968366,answer64,calibrated_0.016,1,1.05,0.007022763800361191,0.016999458121339406,0.006936758786325652,0.01599999492131123,0.018933685344280343,0.010670254918631043,0.0013635390248338192,0.000675230766987458,0.07201656730002272
val-math500,18e30e5387968366,answer64,calibrated_0.016,1,2.0,0.007022763800361191,0.016999458121339406,0.006381119299770824,0.01599999492131123,0.006572729034764124,0.003848124293973748,0.002592488264370299,0.0013145378398859923,0.3944310271514693
val-math500,18e30e5387968366,answer64,calibrated_0.016,4,1.001,0.0016203459264164265,0.0034003467964777746,0.007015056777749626,0.01599999492131123,0.019605474804222908,0.011045296774569372,0.0004366055722028,0.00016859755333738534,0.022269574012497656
val-math500,18e30e5387968366,answer64,calibrated_0.016,4,1.05,0.0016203459264164265,0.0034003467964777746,0.006936758786325652,0.01599999492131123,0.018933685344280343,0.010670254918631043,0.00045797135161834246,0.00017658799338690073,0.02418817801663164
val-math500,18e30e5387968366,answer64,calibrated_0.016,4,2.0,0.0016203459264164265,0.0034003467964777746,0.006381119299770824,0.01599999492131123,0.006572729034764124,0.003848124293973748,0.0008706780044316173,0.00045120955577098695,0.13246826391693226
val-math500,18e30e5387968366,answer64,calibrated_0.016,8,1.001,0.0004963365758398365,0.0010425571386714601,0.007015056777749626,0.01599999492131123,0.019605474804222908,0.011045296774569372,0.00020180292871877024,5.79971234810049e-05,0.010293192627770639
val-math500,18e30e5387968366,answer64,calibrated_0.016,8,1.05,0.0004963365758398365,0.0010425571386714601,0.006936758786325652,0.01599999492131123,0.018933685344280343,0.010670254918631043,0.0002116796667488625,6.007184230255669e-05,0.011180056227817719
val-math500,18e30e5387968366,answer64,calibrated_0.016,8,2.0,0.0004963365758398365,0.0010425571386714601,0.006381119299770824,0.01599999492131123,0.006572729034764124,0.003848124293973748,0.0004030008162843191,0.0001896643415029386,0.061314077326600394
val-math500,18e30e5387968366,answer64,calibrated_0.016,32,1.001,6.79100528283707e-05,0.0002028742021256952,0.007015056777749626,0.01599999492131123,0.019605474804222908,0.011045296774569372,2.5912154597393686e-05,4.287376725269589e-06,0.0013216795235080128
val-math500,18e30e5387968366,answer64,calibrated_0.016,32,1.05,6.79100528283707e-05,0.0002028742021256952,0.006936758786325652,0.01599999492131123,0.018933685344280343,0.010670254918631043,2.7180545545983358e-05,4.504759334845315e-06,0.0014355655041132444
val-math500,18e30e5387968366,answer64,calibrated_0.016,32,2.0,6.79100528283707e-05,0.0002028742021256952,0.006381119299770824,0.01599999492131123,0.006572729034764124,0.003848124293973748,5.1770009683129584e-05,1.2795393950070662e-05,0.007876486221980313
val-math500,18e30e5387968366,answer64,calibrated_0.016,128,1.001,5.412187042568016e-06,1.4593923965319142e-05,0.007015056777749626,0.01599999492131123,0.019605474804222908,0.011045296774569372,2.320241710344531e-06,2.1716525101680626e-07,0.00011834662172245703
val-math500,18e30e5387968366,answer64,calibrated_0.016,128,1.05,5.412187042568016e-06,1.4593923965319142e-05,0.006936758786325652,0.01599999492131123,0.018933685344280343,0.010670254918631043,2.4338197170304108e-06,2.2983234714619045e-07,0.00012854442612598085
val-math500,18e30e5387968366,answer64,calibrated_0.016,128,2.0,5.412187042568016e-06,1.4593923965319142e-05,0.006381119299770824,0.01599999492131123,0.006572729034764124,0.003848124293973748,4.635826046216506e-06,1.28890932372175e-06,0.0007053122107570455
val-math500,18e30e5387968366,answer64,calibrated_0.05,1,1.001,0.007022763800361191,0.04433131135117525,0.0070150559454114645,0.049999685301760355,0.07130394391175869,0.040318541560792454,0.0028581000397975894,0.0014773190644912953,0.0400833373723983
val-math500,18e30e5387968366,answer64,calibrated_0.05,1,1.05,0.007022763800361191,0.04433131135117525,0.0070150340074206525,0.049999685301760355,0.07065280777403801,0.03995881992699616,0.002998000981701006,0.0015496348639471857,0.04243286397462391
val-math500,18e30e5387968366,answer64,calibrated_0.05,1,2.0,0.007022763800361191,0.04433131135117525,0.006647269345859797,0.049999685301760355,0.05847530412419965,0.03326096307268051,0.005700718790437577,0.002944367077856422,0.09748933974467983
val-math500,18e30e5387968366,answer64,calibrated_0.05,4,1.001,0.0016203459264164265,0.008018538722231903,0.0070150559454114645,0.049999685301760355,0.07130394391175869,0.040318541560792454,0.0007967005590326677,0.00026220898875959064,0.011173302840283485
val-math500,18e30e5387968366,answer64,calibrated_0.05,4,1.05,0.0016203459264164265,0.008018538722231903,0.0070150340074206525,0.049999685301760355,0.07065280777403801,0.03995881992699616,0.0008356977644182693,0.0002750461110689731,0.01182823147087091
val-math500,18e30e5387968366,answer64,calibrated_0.05,4,2.0,0.0016203459264164265,0.008018538722231903,0.006647269345859797,0.049999685301760355,0.05847530412419965,0.03326096307268051,0.0015883828935075164,0.0004991377777989357,0.027163311372162213
val-math500,18e30e5387968366,answer64,calibrated_0.05,8,1.001,0.0004963365758398365,0.0027462693330004267,0.0070150559454114645,0.049999685301760355,0.07130394391175869,0.040318541560792454,0.00039043152329717204,0.00010473699078866301,0.005475595063582257
val-math500,18e30e5387968366,answer64,calibrated_0.05,8,1.05,0.0004963365758398365,0.0027462693330004267,0.0070150340074206525,0.049999685301760355,0.07065280777403801,0.03995881992699616,0.0004095428559051722,0.00010986921566350523,0.005796554571687699
val-math500,18e30e5387968366,answer64,calibrated_0.05,8,2.0,0.0004963365758398365,0.0027462693330004267,0.006647269345859797,0.049999685301760355,0.05847530412419965,0.03326096307268051,0.0007796180450257238,0.00020354585971408377,0.013332432497825755
val-math500,18e30e5387968366,answer64,calibrated_0.05,32,1.001,6.79100528283707e-05,0.0007378810562266512,0.0070150559454114645,0.049999685301760355,0.07130394391175869,0.040318541560792454,4.523363001983449e-05,7.826091750518183e-06,0.0006343776730753183
val-math500,18e30e5387968366,answer64,calibrated_0.05,32,1.05,6.79100528283707e-05,0.0007378810562266512,0.0070150340074206525,0.049999685301760355,0.07065280777403801,0.03995881992699616,4.744773550083927e-05,8.216330396367113e-06,0.0006715619236617847
val-math500,18e30e5387968366,answer64,calibrated_0.05,32,2.0,6.79100528283707e-05,0.0007378810562266512,0.006647269345859797,0.049999685301760355,0.05847530412419965,0.03326096307268051,9.037124760823968e-05,1.639711036032262e-05,0.0015454600700544297
val-math500,18e30e5387968366,answer64,calibrated_0.05,128,1.001,5.412187042568016e-06,5.277094397714364e-05,0.0070150559454114645,0.049999685301760355,0.07130394391175869,0.040318541560792454,4.438697522252196e-06,4.988444815432704e-07,6.225037885345095e-05
val-math500,18e30e5387968366,answer64,calibrated_0.05,128,1.05,5.412187042568016e-06,5.277094397714364e-05,0.0070150340074206525,0.049999685301760355,0.07065280777403801,0.03995881992699616,4.6559755046178056e-06,5.2460074514566e-07,6.589936976756193e-05
val-math500,18e30e5387968366,answer64,calibrated_0.05,128,2.0,5.412187042568016e-06,5.277094397714364e-05,0.006647269345859797,0.049999685301760355,0.05847530412419965,0.03326096307268051,8.8684813423626e-06,1.2044278769587002e-06,0.00015166199603727128
val-math500,18e30e5387968366,answer128,real_base_to_step8,1,1.001,0.4867421203943226,0.4786676983867326,0.5452897451501731,0.017137284163766364,0.007145034439151401,0.004279966897937121,0.0008629276735837355,0.00041025436005455294,0.12077306007866122
val-math500,18e30e5387968366,answer128,real_base_to_step8,1,1.05,0.4867421203943226,0.4786676983867326,1.8952976633593258e-07,0.017137284163766364,5.99984708085682e-09,3.1610620674897978e-09,5.999829216013554e-09,3.1610556356932505e-09,0.999997022450235
val-math500,18e30e5387968366,answer128,real_base_to_step8,1,2.0,0.4867421203943226,0.4786676983867326,0.0,0.017137284163766364,1.7864850483852456e-14,1.1005938190241254e-14,0.0,0.0,
val-math500,18e30e5387968366,answer128,real_base_to_step8,4,1.001,0.021758254202808282,0.02113988335909607,0.5452897451501731,0.017137284163766364,0.007145034439151401,0.004279966897937121,0.0002915206146847728,0.00013766112633352672,0.04080044920250881
val-math500,18e30e5387968366,answer128,real_base_to_step8,4,1.05,0.021758254202808282,0.02113988335909607,1.8952976633593258e-07,0.017137284163766364,5.99984708085682e-09,3.1610620674897978e-09,5.999829216013554e-09,3.1610556356932505e-09,0.999997022450235
val-math500,18e30e5387968366,answer128,real_base_to_step8,4,2.0,0.021758254202808282,0.02113988335909607,0.0,0.017137284163766364,1.7864850483852456e-14,1.1005938190241254e-14,0.0,0.0,
val-math500,18e30e5387968366,answer128,real_base_to_step8,8,1.001,0.0021744140856672606,0.0022116992206078507,0.5452897451501731,0.017137284163766364,0.007145034439151401,0.004279966897937121,4.0155103004592205e-05,1.5063751746413377e-05,0.005620001323515151
val-math500,18e30e5387968366,answer128,real_base_to_step8,8,1.05,0.0021744140856672606,0.0022116992206078507,1.8952976633593258e-07,0.017137284163766364,5.99984708085682e-09,3.1610620674897978e-09,5.999829216013554e-09,3.1610556356932505e-09,0.999997022450235
val-math500,18e30e5387968366,answer128,real_base_to_step8,8,2.0,0.0021744140856672606,0.0022116992206078507,0.0,0.017137284163766364,1.7864850483852456e-14,1.1005938190241254e-14,0.0,0.0,
val-math500,18e30e5387968366,answer128,real_base_to_step8,32,1.001,0.00013980143411972297,0.0001402049327694261,0.5452897451501731,0.017137284163766364,0.007145034439151401,0.004279966897937121,2.0469296772016953e-06,5.826592489288448e-07,0.0002864828286880594
val-math500,18e30e5387968366,answer128,real_base_to_step8,32,1.05,0.00013980143411972297,0.0001402049327694261,1.8952976633593258e-07,0.017137284163766364,5.99984708085682e-09,3.1610620674897978e-09,5.999829216013554e-09,3.1610556356932505e-09,0.999997022450235
val-math500,18e30e5387968366,answer128,real_base_to_step8,32,2.0,0.00013980143411972297,0.0001402049327694261,0.0,0.017137284163766364,1.7864850483852456e-14,1.1005938190241254e-14,0.0,0.0,
val-math500,18e30e5387968366,answer128,real_base_to_step8,128,1.001,2.1810394519336e-05,2.1942013272494917e-05,0.5452897451501731,0.017137284163766364,0.007145034439151401,0.004279966897937121,2.9744637452742416e-07,6.444721653554263e-08,4.162980277569539e-05
val-math500,18e30e5387968366,answer128,real_base_to_step8,128,1.05,2.1810394519336e-05,2.1942013272494917e-05,1.8952976633593258e-07,0.017137284163766364,5.99984708085682e-09,3.1610620674897978e-09,5.999829216013554e-09,3.1610556356932505e-09,0.999997022450235
val-math500,18e30e5387968366,answer128,real_base_to_step8,128,2.0,2.1810394519336e-05,2.1942013272494917e-05,0.0,0.017137284163766364,1.7864850483852456e-14,1.1005938190241254e-14,0.0,0.0,
val-math500,18e30e5387968366,answer128,calibrated_0.016,1,1.001,0.4867421203943226,0.4923916887781857,0.30985057743329725,0.016000586051154585,0.010530823227897048,0.006615488264346661,0.007154326997998678,0.004171950987975649,0.6793701539919744
val-math500,18e30e5387968366,answer128,calibrated_0.016,1,1.05,0.4867421203943226,0.4923916887781857,4.823294267038625e-08,0.016000586051154585,2.905592363843201e-10,1.1047794671005593e-10,2.9055532846079184e-10,1.1047601854857082e-10,0.9999865503379728
val-math500,18e30e5387968366,answer128,calibrated_0.016,1,2.0,0.4867421203943226,0.4923916887781857,0.0,0.016000586051154585,3.907923926312061e-15,2.3977707820187796e-15,0.0,0.0,
val-math500,18e30e5387968366,answer128,calibrated_0.016,4,1.001,0.021758254202808282,0.021606627311352575,0.30985057743329725,0.016000586051154585,0.010530823227897048,0.006615488264346661,0.00013294201445031558,6.386882631715388e-05,0.012624085655349417
val-math500,18e30e5387968366,answer128,calibrated_0.016,4,1.05,0.021758254202808282,0.021606627311352575,4.823294267038625e-08,0.016000586051154585,2.905592363843201e-10,1.1047794671005593e-10,2.9055532846079184e-10,1.1047601854857082e-10,0.9999865503379728
val-math500,18e30e5387968366,answer128,calibrated_0.016,4,2.0,0.021758254202808282,0.021606627311352575,0.0,0.016000586051154585,3.907923926312061e-15,2.3977707820187796e-15,0.0,0.0,
val-math500,18e30e5387968366,answer128,calibrated_0.016,8,1.001,0.0021744140856672606,0.0021831805333939365,0.30985057743329725,0.016000586051154585,0.010530823227897048,0.006615488264346661,2.9001162864461784e-05,1.1293215783086583e-05,0.002753931220461021
val-math500,18e30e5387968366,answer128,calibrated_0.016,8,1.05,0.0021744140856672606,0.0021831805333939365,4.823294267038625e-08,0.016000586051154585,2.905592363843201e-10,1.1047794671005593e-10,2.9055532846079184e-10,1.1047601854857082e-10,0.9999865503379728
val-math500,18e30e5387968366,answer128,calibrated_0.016,8,2.0,0.0021744140856672606,0.0021831805333939365,0.0,0.016000586051154585,3.907923926312061e-15,2.3977707820187796e-15,0.0,0.0,
val-math500,18e30e5387968366,answer128,calibrated_0.016,32,1.001,0.00013980143411972297,0.00014049421825283636,0.30985057743329725,0.016000586051154585,0.010530823227897048,0.006615488264346661,1.9843261641314856e-06,5.058236701162922e-07,0.00018843029848557673
val-math500,18e30e5387968366,answer128,calibrated_0.016,32,1.05,0.00013980143411972297,0.00014049421825283636,4.823294267038625e-08,0.016000586051154585,2.905592363843201e-10,1.1047794671005593e-10,2.9055532846079184e-10,1.1047601854857082e-10,0.9999865503379728
val-math500,18e30e5387968366,answer128,calibrated_0.016,32,2.0,0.00013980143411972297,0.00014049421825283636,0.0,0.016000586051154585,3.907923926312061e-15,2.3977707820187796e-15,0.0,0.0,
val-math500,18e30e5387968366,answer128,calibrated_0.016,128,1.001,2.1810394519336e-05,2.193127235494513e-05,0.30985057743329725,0.016000586051154585,0.010530823227897048,0.006615488264346661,2.579775764911982e-07,5.4612750956543826e-08,2.4497379825709506e-05
val-math500,18e30e5387968366,answer128,calibrated_0.016,128,1.05,2.1810394519336e-05,2.193127235494513e-05,4.823294267038625e-08,0.016000586051154585,2.905592363843201e-10,1.1047794671005593e-10,2.9055532846079184e-10,1.1047601854857082e-10,0.9999865503379728
val-math500,18e30e5387968366,answer128,calibrated_0.016,128,2.0,2.1810394519336e-05,2.193127235494513e-05,0.0,0.016000586051154585,3.907923926312061e-15,2.3977707820187796e-15,0.0,0.0,
val-math500,18e30e5387968366,answer128,calibrated_0.05,1,1.001,0.4867421203943226,0.5045558790954034,0.30989243070090955,0.04999920805675614,0.03316404892592551,0.020843647367051705,0.02178499594706868,0.012716329116423947,0.6568858945940879
val-math500,18e30e5387968366,answer128,calibrated_0.05,1,1.05,0.4867421203943226,0.5045558790954034,0.3091101514384908,0.04999920805675614,0.013025761973088915,0.008209295284472989,0.013025761973093028,0.008209295284473592,1.0000000000003157
val-math500,18e30e5387968366,answer128,calibrated_0.05,1,2.0,0.4867421203943226,0.5045558790954034,0.0,0.04999920805675614,1.223037127467111e-14,7.455272146641005e-15,0.0,0.0,
val-math500,18e30e5387968366,answer128,calibrated_0.05,4,1.001,0.021758254202808282,0.021280444653378756,0.30989243070090955,0.04999920805675614,0.03316404892592551,0.020843647367051705,0.0004294574206533575,0.00020587698849998723,0.01294948700662528
val-math500,18e30e5387968366,answer128,calibrated_0.05,4,1.05,0.021758254202808282,0.021280444653378756,0.3091101514384908,0.04999920805675614,0.013025761973088915,0.008209295284472989,6.433886588593256e-05,2.926313531052894e-05,0.004939355257593065
val-math500,18e30e5387968366,answer128,calibrated_0.05,4,2.0,0.021758254202808282,0.021280444653378756,0.0,0.04999920805675614,1.223037127467111e-14,7.455272146641005e-15,0.0,0.0,
val-math500,18e30e5387968366,answer128,calibrated_0.05,8,1.001,0.0021744140856672606,0.002201296272696383,0.30989243070090955,0.04999920805675614,0.03316404892592551,0.020843647367051705,8.94530129865142e-05,3.449521163223289e-05,0.0026972886569524273
val-math500,18e30e5387968366,answer128,calibrated_0.05,8,1.05,0.0021744140856672606,0.002201296272696383,0.3091101514384908,0.04999920805675614,0.013025761973088915,0.008209295284472989,2.5471451896496186e-05,1.229261693138655e-05,0.001955467323072534
val-math500,18e30e5387968366,answer128,calibrated_0.05,8,2.0,0.0021744140856672606,0.002201296272696383,0.0,0.04999920805675614,1.223037127467111e-14,7.455272146641005e-15,0.0,0.0,
val-math500,18e30e5387968366,answer128,calibrated_0.05,32,1.001,0.00013980143411972297,0.00014196404274037053,0.30989243070090955,0.04999920805675614,0.03316404892592551,0.020843647367051705,6.158393854245642e-06,1.5129250347778728e-06,0.000185694873023523
val-math500,18e30e5387968366,answer128,calibrated_0.05,32,1.05,0.00013980143411972297,0.00014196404274037053,0.3091101514384908,0.04999920805675614,0.013025761973088915,0.008209295284472989,2.6627976807209803e-06,9.132891920687091e-07,0.00020442548284102624
val-math500,18e30e5387968366,answer128,calibrated_0.05,32,2.0,0.00013980143411972297,0.00014196404274037053,0.0,0.04999920805675614,1.223037127467111e-14,7.455272146641005e-15,0.0,0.0,
val-math500,18e30e5387968366,answer128,calibrated_0.05,128,1.001,2.1810394519336e-05,2.2181513001875212e-05,0.30989243070090955,0.04999920805675614,0.03316404892592551,0.020843647367051705,7.991543088340138e-07,1.6096598345735627e-07,2.4097006689954753e-05
val-math500,18e30e5387968366,answer128,calibrated_0.05,128,1.05,2.1810394519336e-05,2.2181513001875212e-05,0.3091101514384908,0.04999920805675614,0.013025761973088915,0.008209295284472989,2.9854127633476446e-07,9.336777509576741e-08,2.2919294621807733e-05
val-math500,18e30e5387968366,answer128,calibrated_0.05,128,2.0,2.1810394519336e-05,2.2181513001875212e-05,0.0,0.04999920805675614,1.223037127467111e-14,7.455272146641005e-15,0.0,0.0,
val-math500,18e30e5387968366,answer256,real_base_to_step8,1,1.001,0.001082957212125184,0.0010352507425777627,1.7069898862921468e-05,9.691756740335109e-05,3.434925581477264e-07,2.1007717941413608e-07,3.434926713928e-07,2.1007727180884938e-07,1.000000329687124
val-math500,18e30e5387968366,answer256,real_base_to_step8,1,1.05,0.001082957212125184,0.0010352507425777627,0.0,9.691756740335109e-05,1.1324898222322514e-13,1.1313178241908337e-13,0.0,0.0,
val-math500,18e30e5387968366,answer256,real_base_to_step8,1,2.0,0.001082957212125184,0.0010352507425777627,0.0,9.691756740335109e-05,1.1324898222322514e-13,1.1313178241908337e-13,0.0,0.0,
val-math500,18e30e5387968366,answer256,real_base_to_step8,4,1.001,1.9740163261844152e-05,1.976084458616127e-05,1.7069898862921468e-05,9.691756740335109e-05,3.434925581477264e-07,2.1007717941413608e-07,1.4705583052406697e-07,1.0184093111905037e-07,0.4281194076432434
val-math500,18e30e5387968366,answer256,real_base_to_step8,4,1.05,1.9740163261844152e-05,1.976084458616127e-05,0.0,9.691756740335109e-05,1.1324898222322514e-13,1.1313178241908337e-13,0.0,0.0,
val-math500,18e30e5387968366,answer256,real_base_to_step8,4,2.0,1.9740163261844152e-05,1.976084458616127e-05,0.0,9.691756740335109e-05,1.1324898222322514e-13,1.1313178241908337e-13,0.0,0.0,
val-math500,18e30e5387968366,answer256,real_base_to_step8,8,1.001,8.401947707151753e-07,8.300540573384879e-07,1.7069898862921468e-05,9.691756740335109e-05,3.434925581477264e-07,2.1007717941413608e-07,2.227089849186945e-09,1.5631049834615554e-09,0.00648366258994507
val-math500,18e30e5387968366,answer256,real_base_to_step8,8,1.05,8.401947707151753e-07,8.300540573384879e-07,0.0,9.691756740335109e-05,1.1324898222322514e-13,1.1313178241908337e-13,0.0,0.0,
val-math500,18e30e5387968366,answer256,real_base_to_step8,8,2.0,8.401947707151753e-07,8.300540573384879e-07,0.0,9.691756740335109e-05,1.1324898222322514e-13,1.1313178241908337e-13,0.0,0.0,
val-math500,18e30e5387968366,answer256,real_base_to_step8,32,1.001,2.1274050571367876e-08,2.091839839851988e-08,1.7069898862921468e-05,9.691756740335109e-05,3.434925581477264e-07,2.1007717941413608e-07,2.2510358278452502e-11,1.140951153207823e-11,6.553375828530014e-05
val-math500,18e30e5387968366,answer256,real_base_to_step8,32,1.05,2.1274050571367876e-08,2.091839839851988e-08,0.0,9.691756740335109e-05,1.1324898222322514e-13,1.1313178241908337e-13,0.0,0.0,
val-math500,18e30e5387968366,answer256,real_base_to_step8,32,2.0,2.1274050571367876e-08,2.091839839851988e-08,0.0,9.691756740335109e-05,1.1324898222322514e-13,1.1313178241908337e-13,0.0,0.0,
val-math500,18e30e5387968366,answer256,real_base_to_step8,128,1.001,1.1841562187213352e-08,1.1657944583130035e-08,1.7069898862921468e-05,9.691756740335109e-05,3.434925581477264e-07,2.1007717941413608e-07,1.4105021231519766e-11,7.081373155601919e-12,4.106354241728171e-05
val-math500,18e30e5387968366,answer256,real_base_to_step8,128,1.05,1.1841562187213352e-08,1.1657944583130035e-08,0.0,9.691756740335109e-05,1.1324898222322514e-13,1.1313178241908337e-13,0.0,0.0,
val-math500,18e30e5387968366,answer256,real_base_to_step8,128,2.0,1.1841562187213352e-08,1.1657944583130035e-08,0.0,9.691756740335109e-05,1.1324898222322514e-13,1.1313178241908337e-13,0.0,0.0,
val-math500,18e30e5387968366,answer256,calibrated_0.016,1,1.001,0.001082957212125184,0.015206852155490131,0.001063750431821839,0.015999623736412262,0.027840740252174017,0.015028107773744713,0.0014102362386898863,0.0007411426465902494,0.050653690452062035
val-math500,18e30e5387968366,answer256,calibrated_0.016,1,1.05,0.001082957212125184,0.015206852155490131,0.0010637501983422892,0.015999623736412262,0.027738077289662832,0.014967204759951953,0.0014792620932165342,0.0007774262950186429,0.05332965503588858
val-math500,18e30e5387968366,answer256,calibrated_0.016,1,2.0,0.001082957212125184,0.015206852155490131,0.001063746801182655,0.015999623736412262,0.02574767634604065,0.013808099758231093,0.002817518421536831,0.0014809116634907674,0.10942806580563899
val-math500,18e30e5387968366,answer256,calibrated_0.016,4,1.001,1.9740163261844152e-05,0.008948730422953303,0.001063750431821839,0.015999623736412262,0.027840740252174017,0.015028107773744713,3.902398109191841e-05,1.6363099087070996e-05,0.0014016861886016526
val-math500,18e30e5387968366,answer256,calibrated_0.016,4,1.05,1.9740163261844152e-05,0.008948730422953303,0.0010637501983422892,0.015999623736412262,0.027738077289662832,0.014967204759951953,4.092831480748596e-05,1.7286001737748068e-05,0.001475528183878078
val-math500,18e30e5387968366,answer256,calibrated_0.016,4,2.0,1.9740163261844152e-05,0.008948730422953303,0.001063746801182655,0.015999623736412262,0.02574767634604065,0.013808099758231093,7.784903952522431e-05,3.621547742795477e-05,0.0030235365117596545
val-math500,18e30e5387968366,answer256,calibrated_0.016,8,1.001,8.401947707151753e-07,0.008941956039031874,0.001063750431821839,0.015999623736412262,0.027840740252174017,0.015028107773744713,1.652835098284911e-06,6.394818598692728e-07,5.936749825306262e-05
val-math500,18e30e5387968366,answer256,calibrated_0.016,8,1.05,8.401947707151753e-07,0.008941956039031874,0.0010637501983422892,0.015999623736412262,0.027738077289662832,0.014967204759951953,1.7337106810041224e-06,6.714670042529629e-07,6.25029147802622e-05
val-math500,18e30e5387968366,answer256,calibrated_0.016,8,2.0,8.401947707151753e-07,0.008941956039031874,0.001063746801182655,0.015999623736412262,0.02574767634604065,0.013808099758231093,3.301675905202699e-06,1.2930589312361976e-06,0.0001282319950285694
val-math500,18e30e5387968366,answer256,calibrated_0.016,32,1.001,2.1274050571367876e-08,0.00883826206323339,0.001063750431821839,0.015999623736412262,0.027840740252174017,0.015028107773744713,4.136015409640106e-08,1.2021168635950639e-08,1.4855982176397536e-06
val-math500,18e30e5387968366,answer256,calibrated_0.016,32,1.05,2.1274050571367876e-08,0.00883826206323339,0.0010637501983422892,0.015999623736412262,0.027738077289662832,0.014967204759951953,4.338355606329897e-08,1.2651342108328907e-08,1.564043376556123e-06
val-math500,18e30e5387968366,answer256,calibrated_0.016,32,2.0,2.1274050571367876e-08,0.00883826206323339,0.001063746801182655,0.015999623736412262,0.02574767634604065,0.013808099758231093,8.260468443846382e-08,2.5186952331438024e-08,3.208238418422032e-06
val-math500,18e30e5387968366,answer256,calibrated_0.016,128,1.001,1.1841562187213352e-08,0.00872038894317258,0.001063750431821839,0.015999623736412262,0.027840740252174017,0.015028107773744713,2.3170229849289895e-08,6.970138666632584e-09,8.322418742971673e-07
val-math500,18e30e5387968366,answer256,calibrated_0.016,128,1.05,1.1841562187213352e-08,0.00872038894317258,0.0010637501983422892,0.015999623736412262,0.027738077289662832,0.014967204759951953,2.430375960228772e-08,7.335884581039355e-09,8.761876084087854e-07
val-math500,18e30e5387968366,answer256,calibrated_0.016,128,2.0,1.1841562187213352e-08,0.00872038894317258,0.001063746801182655,0.015999623736412262,0.02574767634604065,0.013808099758231093,4.6274983572005545e-08,1.4644292158321276e-08,1.7972489225856485e-06
val-math500,18e30e5387968366,answer256,calibrated_0.05,1,1.001,0.001082957212125184,0.048076889408596245,0.0010637503949211928,0.04999850427340373,0.0894920227316435,0.04924234640375221,0.0018954435021146915,0.0010362642557534747,0.021180027495841608
val-math500,18e30e5387968366,answer256,calibrated_0.05,1,1.05,0.001082957212125184,0.048076889408596245,0.001063750175131489,0.04999850427340373,0.08939278643803243,0.04919340074397093,0.0019882004707188886,0.0010869907462984088,0.02224117347653236
val-math500,18e30e5387968366,answer256,calibrated_0.05,1,2.0,0.001082957212125184,0.048076889408596245,0.0010637468171786851,0.04999850427340373,0.08746882087066928,0.04825531887114973,0.0037865497250369495,0.002070480484433801,0.043290279751635304
val-math500,18e30e5387968366,answer256,calibrated_0.05,4,1.001,1.9740163261844152e-05,0.04102790449028193,0.0010637503949211928,0.04999850427340373,0.0894920227316435,0.04924234640375221,3.8377575301330855e-05,1.686382674880062e-05,0.0004288379470024083
val-math500,18e30e5387968366,answer256,calibrated_0.05,4,1.05,1.9740163261844152e-05,0.04102790449028193,0.001063750175131489,0.04999850427340373,0.08939278643803243,0.04919340074397093,4.023018922905918e-05,1.779291504876318e-05,0.00045003842963265236
val-math500,18e30e5387968366,answer256,calibrated_0.05,4,2.0,1.9740163261844152e-05,0.04102790449028193,0.0010637468171786851,0.04999850427340373,0.08746882087066928,0.04825531887114973,7.614808230696092e-05,3.67190167854656e-05,0.000870574011961964
val-math500,18e30e5387968366,answer256,calibrated_0.05,8,1.001,8.401947707151753e-07,0.041021450325174444,0.0010637503949211928,0.04999850427340373,0.0894920227316435,0.04924234640375221,1.6494290661822248e-06,6.736137702351218e-07,1.8431017825223465e-05
val-math500,18e30e5387968366,answer256,calibrated_0.05,8,1.05,8.401947707151753e-07,0.041021450325174444,0.001063750175131489,0.04999850427340373,0.08939278643803243,0.04919340074397093,1.730041220079592e-06,7.071052378253777e-07,1.9353253086912846e-05
val-math500,18e30e5387968366,answer256,calibrated_0.05,8,2.0,8.401947707151753e-07,0.041021450325174444,0.0010637468171786851,0.04999850427340373,0.08746882087066928,0.04825531887114973,3.292798253596465e-06,1.3575363709471124e-06,3.764539433388694e-05
val-math500,18e30e5387968366,answer256,calibrated_0.05,32,1.001,2.1274050571367876e-08,0.040860542653743136,0.0010637503949211928,0.04999850427340373,0.0894920227316435,0.04924234640375221,4.12723599671012e-08,1.3026589444462786e-08,4.611847928710153e-07
val-math500,18e30e5387968366,answer256,calibrated_0.05,32,1.05,2.1274050571367876e-08,0.040860542653743136,0.001063750175131489,0.04999850427340373,0.08939278643803243,0.04919340074397093,4.32869118151338e-08,1.3700372224867052e-08,4.842327165306624e-07
val-math500,18e30e5387968366,answer256,calibrated_0.05,32,2.0,2.1274050571367876e-08,0.040860542653743136,0.0010637468171786851,0.04999850427340373,0.08746882087066928,0.04825531887114973,8.231800076630557e-08,2.6966714340958704e-08,9.411125009678629e-07
val-math500,18e30e5387968366,answer256,calibrated_0.05,128,1.001,1.1841562187213352e-08,0.04059654598953984,0.0010637503949211928,0.04999850427340373,0.0894920227316435,0.04924234640375221,2.29920091395999e-08,7.475218097992468e-09,2.5691685624924593e-07
val-math500,18e30e5387968366,answer256,calibrated_0.05,128,1.05,1.1841562187213352e-08,0.04059654598953984,0.001063750175131489,0.04999850427340373,0.08939278643803243,0.04919340074397093,2.4114416145398652e-08,7.861769868924526e-09,2.697579648903203e-07
val-math500,18e30e5387968366,answer256,calibrated_0.05,128,2.0,1.1841562187213352e-08,0.04059654598953984,0.0010637468171786851,0.04999850427340373,0.08746882087066928,0.04825531887114973,4.5854018633344435e-08,1.5519383780822722e-08,5.242327286101619e-07
