{
  "variant": "dsp_phase_benefit_penalty_signed",
  "params": {
    "rho": [
      0.007550343494559642,
      0.23332596132133918,
      0.07134664039224255,
      0.2433406564012201,
      0.49430682294739525,
      0.005106897916350252,
      2.0,
      0.6189901294455065,
      0.3003171229201381,
      0.2098348274123374,
      0.19387154102311654,
      1.823425137700317,
      0.10801318062393134,
      0.3320736326102341,
      0.0831980126644987,
      0.1026235749468509,
      0.07012857549090674,
      0.05785520475077348,
      0.8353013084344454,
      0.2319526959234026,
      0.1639307728041585,
      0.09399936374648164,
      0.1491446730458784,
      0.047290841610130877,
      0.9699217091609122,
      0.09268588834144695,
      1.06225312459442,
      0.23881491538330674,
      0.3381770120334418,
      0.010072231084178995,
      0.44930262450280467,
      0.026664348237563154,
      2.0,
      0.0005555279094161454,
      0.18464924059695953,
      0.8532934178867583,
      0.002645389920627959,
      0.16534967357382155,
      1.2062261698353138
    ],
    "tau": [
      5.819096635772955,
      0.46574659573664795,
      1.5917784985429646,
      2.4421826589093256,
      -0.026648267487251905,
      -2.0,
      0.6474847639174252,
      0.8712540821068511,
      2.17184475745326,
      -1.26716951179076,
      0.8096961421343616,
      -1.2264576683834132,
      -1.7903801437742486,
      4.183549308876424,
      -0.9915310411400274,
      1.5800377872350806,
      -1.0313724502895234,
      -1.8714268877065026,
      1.5705630763963223,
      1.1305527716181134,
      -1.4454240365782656,
      4.15142757192373,
      1.324756952994213,
      2.910624923026827,
      1.5318153917517827,
      -1.9318230532537375,
      0.10545430292162125,
      -0.4750440827184868,
      2.0969427782720973,
      4.921998848256147,
      -1.0200218543856456,
      -2.0,
      -1.3914630413602318,
      7.761137378962102,
      7.049506677273278,
      2.784026836231739,
      1.7324151573323054,
      0.43343280335352474,
      6.225643786230417
    ],
    "gamma": 6.658428427910327
  },
  "intercept": 0.8327046867625446,
  "benefit_coef": [
    0.05882192711384563,
    0.002502705153546182,
    0.001611728980907119,
    0.002080042047945565,
    0.0022178174459493495,
    0.3634964837279961,
    -3.732113906625221e-06,
    -0.0007269060190581993,
    0.0008393804757796628,
    0.010117659042216627,
    0.0003834005605430152,
    0.002730771409772449,
    0.0017787471209945627,
    0.0013081991158344047,
    0.0033472021044888525,
    0.005191324851281682,
    0.0011262189755044242,
    0.0335672030213857,
    -0.0002681658555528285,
    0.003305066460479843,
    0.0020892519530520026,
    0.0017532522453878345,
    -0.0014908055392348488,
    0.07101651945634103,
    0.0007343855270265266,
    0.03218427650475641,
    0.0032298811801589234,
    0.0008772817988886094,
    0.02014694028677872,
    -0.005516352964323209,
    0.016806387108662984,
    0.1342750019521871,
    0.006600827140744157,
    -0.09102895180180647,
    0.0049123285387370225,
    0.0009377211319646277,
    0.08372785656375595,
    0.0441854941723482,
    -0.00012787575264216707
  ],
  "penalty_coef": [
    3.571245692775988,
    0.004104208226030265,
    0.005826147596273011,
    0.07193400651953528,
    0.002135368767514581,
    0.0026927991828022313,
    0.007068045935581502,
    0.009552653983033448,
    0.01731848045169804,
    0.0040231814120085365,
    0.008577068585832168,
    0.005610001674159762,
    0.0020837365093335264,
    4.014271422430154,
    0.0021313430798968864,
    0.03280147595214251,
    0.0016390812044569342,
    0.0038427943120624723,
    0.033303341729355916,
    0.007568615279963239,
    0.0006208390658844627,
    0.7309728271878458,
    0.003726045811802364,
    0.9527320606161022,
    0.0064875588529629685,
    0.002691395110925944,
    0.002368973246546368,
    0.0010453254198175212,
    0.04760089120406086,
    0.031708449475984,
    0.014864904941046074,
    0.002622947580348168,
    -0.001528560080557801,
    4.248874057527846,
    7.9200117636484375,
    0.009697841304610665,
    0.0037066757057901104,
    0.03170568523500577,
    10.901558817958596
  ],
  "metrics": {
    "variant": "dsp_phase_benefit_penalty_signed",
    "description": "Tests nonnegative-head assumption by using a signed ridge linear head.",
    "phase_mode": "benefit_gain",
    "penalty_mode": "log_softplus_squared",
    "linear_mode": "signed_ridge",
    "m_dependent_params_per_domain": 4,
    "total_param_count": 158,
    "train_rmse": 0.005763831150384072,
    "train_spearman": 0.9579423049811583,
    "train_pearson": 0.9504772130646404,
    "cv_rmse": 0.008946242551159623,
    "cv_mae": 0.006690025323543714,
    "oof_spearman": 0.8955386464502523,
    "oof_pearson": 0.878006169025636,
    "cv_foldmean_regret_at_1": 0.0058739423751830834,
    "cv_regret_at_1": 0.0,
    "lower_tail_optimism": 0.0035415274212564477,
    "raw_predicted_optimum_value": 0.7284871263867229,
    "raw_nearest_observed_tv": 0.4999999999999999,
    "raw_nearest_observed_run_name": "baseline_stratified",
    "raw_nearest_observed_value": 0.9688005447387696,
    "raw_phase0_support_gt_1e3": 1,
    "raw_phase1_support_gt_1e3": 6,
    "phase0_max_weight": 0.9999999998972877,
    "phase1_max_weight": 0.355368996336646,
    "optimum_success": true,
    "optimum_message": "CONVERGENCE: NORM OF PROJECTED GRADIENT <= PGTOL"
  }
}
