target,path,predictor,fraction,prediction
uncheatable,old_endpoint,official_objective,0.0,1.0372537230410546
uncheatable,old_endpoint,official_objective,0.005,1.0372537230410546
uncheatable,old_endpoint,official_objective,0.01,1.0372537230410546
uncheatable,old_endpoint,official_objective,0.015,1.0372537230410546
uncheatable,old_endpoint,official_objective,0.02,1.0372537230410546
uncheatable,old_endpoint,official_objective,0.025,1.0372537230410546
uncheatable,old_endpoint,official_objective,0.03,1.0372537230410546
uncheatable,old_endpoint,official_objective,0.035,1.0372537230410546
uncheatable,old_endpoint,official_objective,0.04,1.0372537230410546
uncheatable,old_endpoint,official_objective,0.045,1.0371690843913404
uncheatable,old_endpoint,official_objective,0.05,1.0371690843913404
uncheatable,old_endpoint,official_objective,0.055,1.0371690843913404
uncheatable,old_endpoint,official_objective,0.06,1.0371690843913404
uncheatable,old_endpoint,official_objective,0.065,1.0371690843913404
uncheatable,old_endpoint,official_objective,0.07,1.0371690843913404
uncheatable,old_endpoint,official_objective,0.075,1.0371690843913404
uncheatable,old_endpoint,official_objective,0.08,1.0371690843913404
uncheatable,old_endpoint,official_objective,0.085,1.0371690843913404
uncheatable,old_endpoint,official_objective,0.09,1.0371690843913404
uncheatable,old_endpoint,official_objective,0.095,1.0371690843913404
uncheatable,old_endpoint,official_objective,0.1,1.0371690843913404
uncheatable,old_endpoint,official_objective,0.105,1.0371690843913404
uncheatable,old_endpoint,official_objective,0.11,1.0371690843913404
uncheatable,old_endpoint,official_objective,0.115,1.0371690843913404
uncheatable,old_endpoint,official_objective,0.12,1.0371690843913404
uncheatable,old_endpoint,official_objective,0.125,1.0371690843913404
uncheatable,old_endpoint,official_objective,0.13,1.0371690843913404
uncheatable,old_endpoint,official_objective,0.135,1.0371690843913404
uncheatable,old_endpoint,official_objective,0.14,1.0371690843913404
uncheatable,old_endpoint,official_objective,0.145,1.0371690843913404
uncheatable,old_endpoint,official_objective,0.15,1.0371690843913404
uncheatable,old_endpoint,official_objective,0.155,1.036455062459297
uncheatable,old_endpoint,official_objective,0.16,1.036455062459297
uncheatable,old_endpoint,official_objective,0.165,1.036455062459297
uncheatable,old_endpoint,official_objective,0.17,1.036455062459297
uncheatable,old_endpoint,official_objective,0.17500000000000002,1.036455062459297
uncheatable,old_endpoint,official_objective,0.18,1.036455062459297
uncheatable,old_endpoint,official_objective,0.185,1.036455062459297
uncheatable,old_endpoint,official_objective,0.19,1.036455062459297
uncheatable,old_endpoint,official_objective,0.195,1.036455062459297
uncheatable,old_endpoint,official_objective,0.2,1.036455062459297
uncheatable,old_endpoint,official_objective,0.20500000000000002,1.036455062459297
uncheatable,old_endpoint,official_objective,0.21,1.036455062459297
uncheatable,old_endpoint,official_objective,0.215,1.0363338955926125
uncheatable,old_endpoint,official_objective,0.22,1.0363338955926125
uncheatable,old_endpoint,official_objective,0.225,1.0363338955926125
uncheatable,old_endpoint,official_objective,0.23,1.0363338955926125
uncheatable,old_endpoint,official_objective,0.23500000000000001,1.0363338955926125
uncheatable,old_endpoint,official_objective,0.24,1.0363338955926125
uncheatable,old_endpoint,official_objective,0.245,1.0363338955926125
uncheatable,old_endpoint,official_objective,0.25,1.0363338955926125
uncheatable,old_endpoint,official_objective,0.255,1.0357501875481512
uncheatable,old_endpoint,official_objective,0.26,1.0357501875481512
uncheatable,old_endpoint,official_objective,0.265,1.0357501875481512
uncheatable,old_endpoint,official_objective,0.27,1.0357501875481512
uncheatable,old_endpoint,official_objective,0.275,1.0357501875481512
uncheatable,old_endpoint,official_objective,0.28,1.0357501875481512
uncheatable,old_endpoint,official_objective,0.28500000000000003,1.0357501875481512
uncheatable,old_endpoint,official_objective,0.29,1.0357501875481512
uncheatable,old_endpoint,official_objective,0.295,1.0357501875481512
uncheatable,old_endpoint,official_objective,0.3,1.0357501875481512
uncheatable,old_endpoint,official_objective,0.305,1.0357501875481512
uncheatable,old_endpoint,official_objective,0.31,1.0357501875481512
uncheatable,old_endpoint,official_objective,0.315,1.0357501875481512
uncheatable,old_endpoint,official_objective,0.32,1.0357501875481512
uncheatable,old_endpoint,official_objective,0.325,1.0357501875481512
uncheatable,old_endpoint,official_objective,0.33,1.0357501875481512
uncheatable,old_endpoint,official_objective,0.335,1.0357501875481512
uncheatable,old_endpoint,official_objective,0.34,1.0357501875481512
uncheatable,old_endpoint,official_objective,0.34500000000000003,1.0357501875481512
uncheatable,old_endpoint,official_objective,0.35000000000000003,1.0354776096174247
uncheatable,old_endpoint,official_objective,0.355,1.0354776096174247
uncheatable,old_endpoint,official_objective,0.36,1.0354776096174247
uncheatable,old_endpoint,official_objective,0.365,1.0354776096174247
uncheatable,old_endpoint,official_objective,0.37,1.0354776096174247
uncheatable,old_endpoint,official_objective,0.375,1.0354776096174247
uncheatable,old_endpoint,official_objective,0.38,1.0358868545683397
uncheatable,old_endpoint,official_objective,0.385,1.0358868545683397
uncheatable,old_endpoint,official_objective,0.39,1.0358868545683397
uncheatable,old_endpoint,official_objective,0.395,1.0358868545683397
uncheatable,old_endpoint,official_objective,0.4,1.0358868545683397
uncheatable,old_endpoint,official_objective,0.405,1.0358868545683397
uncheatable,old_endpoint,official_objective,0.41000000000000003,1.0358868545683397
uncheatable,old_endpoint,official_objective,0.41500000000000004,1.0358868545683397
uncheatable,old_endpoint,official_objective,0.42,1.0358868545683397
uncheatable,old_endpoint,official_objective,0.425,1.0358868545683397
uncheatable,old_endpoint,official_objective,0.43,1.0358868545683397
uncheatable,old_endpoint,official_objective,0.435,1.0358868545683397
uncheatable,old_endpoint,official_objective,0.44,1.0358868545683397
uncheatable,old_endpoint,official_objective,0.445,1.0358868545683397
uncheatable,old_endpoint,official_objective,0.45,1.0358868545683397
uncheatable,old_endpoint,official_objective,0.455,1.0358868545683397
uncheatable,old_endpoint,official_objective,0.46,1.0358868545683397
uncheatable,old_endpoint,official_objective,0.465,1.0358868545683397
uncheatable,old_endpoint,official_objective,0.47000000000000003,1.0358868545683397
uncheatable,old_endpoint,official_objective,0.47500000000000003,1.0358868545683397
uncheatable,old_endpoint,official_objective,0.48,1.0358868545683397
uncheatable,old_endpoint,official_objective,0.485,1.0358868545683397
uncheatable,old_endpoint,official_objective,0.49,1.0358868545683397
uncheatable,old_endpoint,official_objective,0.495,1.0358868545683397
uncheatable,old_endpoint,official_objective,0.5,1.0358868545683397
uncheatable,old_endpoint,official_objective,0.505,1.0358868545683397
uncheatable,old_endpoint,official_objective,0.51,1.0358868545683397
uncheatable,old_endpoint,official_objective,0.515,1.0358868545683397
uncheatable,old_endpoint,official_objective,0.52,1.0358868545683397
uncheatable,old_endpoint,official_objective,0.525,1.0358868545683397
uncheatable,old_endpoint,official_objective,0.53,1.0358868545683397
uncheatable,old_endpoint,official_objective,0.535,1.0358868545683397
uncheatable,old_endpoint,official_objective,0.54,1.0358868545683397
uncheatable,old_endpoint,official_objective,0.545,1.0358868545683397
uncheatable,old_endpoint,official_objective,0.55,1.0358868545683397
uncheatable,old_endpoint,official_objective,0.555,1.0358868545683397
uncheatable,old_endpoint,official_objective,0.56,1.0358868545683397
uncheatable,old_endpoint,official_objective,0.5650000000000001,1.0358868545683397
uncheatable,old_endpoint,official_objective,0.5700000000000001,1.0358868545683397
uncheatable,old_endpoint,official_objective,0.5750000000000001,1.0358027289674334
uncheatable,old_endpoint,official_objective,0.58,1.0358027289674334
uncheatable,old_endpoint,official_objective,0.585,1.0357909013502296
uncheatable,old_endpoint,official_objective,0.59,1.0357909013502296
uncheatable,old_endpoint,official_objective,0.595,1.0357593952368567
uncheatable,old_endpoint,official_objective,0.6,1.0358047495871001
uncheatable,old_endpoint,official_objective,0.605,1.0358047495871001
uncheatable,old_endpoint,official_objective,0.61,1.0358047495871001
uncheatable,old_endpoint,official_objective,0.615,1.0358047495871001
uncheatable,old_endpoint,official_objective,0.62,1.0358047495871001
uncheatable,old_endpoint,official_objective,0.625,1.0358047495871001
uncheatable,old_endpoint,official_objective,0.63,1.0358439724821595
uncheatable,old_endpoint,official_objective,0.635,1.0357337448928545
uncheatable,old_endpoint,official_objective,0.64,1.035498056873305
uncheatable,old_endpoint,official_objective,0.645,1.035498056873305
uncheatable,old_endpoint,official_objective,0.65,1.035498056873305
uncheatable,old_endpoint,official_objective,0.655,1.035498056873305
uncheatable,old_endpoint,official_objective,0.66,1.035498056873305
uncheatable,old_endpoint,official_objective,0.665,1.035498056873305
uncheatable,old_endpoint,official_objective,0.67,1.035498056873305
uncheatable,old_endpoint,official_objective,0.675,1.035498056873305
uncheatable,old_endpoint,official_objective,0.68,1.035498056873305
uncheatable,old_endpoint,official_objective,0.685,1.0354004773302754
uncheatable,old_endpoint,official_objective,0.6900000000000001,1.0354004773302754
uncheatable,old_endpoint,official_objective,0.6950000000000001,1.0354004773302754
uncheatable,old_endpoint,official_objective,0.7000000000000001,1.0354004773302754
uncheatable,old_endpoint,official_objective,0.705,1.0354004773302754
uncheatable,old_endpoint,official_objective,0.71,1.0354004773302754
uncheatable,old_endpoint,official_objective,0.715,1.0354004773302754
uncheatable,old_endpoint,official_objective,0.72,1.0354004773302754
uncheatable,old_endpoint,official_objective,0.725,1.0354004773302754
uncheatable,old_endpoint,official_objective,0.73,1.0354004773302754
uncheatable,old_endpoint,official_objective,0.735,1.0354004773302754
uncheatable,old_endpoint,official_objective,0.74,1.0354004773302754
uncheatable,old_endpoint,official_objective,0.745,1.0354004773302754
uncheatable,old_endpoint,official_objective,0.75,1.0354004773302754
uncheatable,old_endpoint,official_objective,0.755,1.0351102692863945
uncheatable,old_endpoint,official_objective,0.76,1.0351102692863945
uncheatable,old_endpoint,official_objective,0.765,1.0351102692863945
uncheatable,old_endpoint,official_objective,0.77,1.0351102692863945
uncheatable,old_endpoint,official_objective,0.775,1.0346313362202748
uncheatable,old_endpoint,official_objective,0.78,1.0346313362202748
uncheatable,old_endpoint,official_objective,0.785,1.0346313362202748
uncheatable,old_endpoint,official_objective,0.79,1.0346313362202748
uncheatable,old_endpoint,official_objective,0.795,1.034775032339345
uncheatable,old_endpoint,official_objective,0.8,1.034775032339345
uncheatable,old_endpoint,official_objective,0.805,1.034775032339345
uncheatable,old_endpoint,official_objective,0.81,1.034775032339345
uncheatable,old_endpoint,official_objective,0.8150000000000001,1.034775032339345
uncheatable,old_endpoint,official_objective,0.8200000000000001,1.034775032339345
uncheatable,old_endpoint,official_objective,0.8250000000000001,1.034726944800998
uncheatable,old_endpoint,official_objective,0.8300000000000001,1.034726944800998
uncheatable,old_endpoint,official_objective,0.835,1.034726944800998
uncheatable,old_endpoint,official_objective,0.84,1.034726944800998
uncheatable,old_endpoint,official_objective,0.845,1.034726944800998
uncheatable,old_endpoint,official_objective,0.85,1.0346634383955629
uncheatable,old_endpoint,official_objective,0.855,1.034763137368012
uncheatable,old_endpoint,official_objective,0.86,1.0345770456667687
uncheatable,old_endpoint,official_objective,0.865,1.0345770456667687
uncheatable,old_endpoint,official_objective,0.87,1.0345770456667687
uncheatable,old_endpoint,official_objective,0.875,1.0345770456667687
uncheatable,old_endpoint,official_objective,0.88,1.034595915457256
uncheatable,old_endpoint,official_objective,0.885,1.034595915457256
uncheatable,old_endpoint,official_objective,0.89,1.034595915457256
uncheatable,old_endpoint,official_objective,0.895,1.034595915457256
uncheatable,old_endpoint,official_objective,0.9,1.034595915457256
uncheatable,old_endpoint,official_objective,0.905,1.034595915457256
uncheatable,old_endpoint,official_objective,0.91,1.034595915457256
uncheatable,old_endpoint,official_objective,0.915,1.034595915457256
uncheatable,old_endpoint,official_objective,0.92,1.0343257908717338
uncheatable,old_endpoint,official_objective,0.925,1.0343257908717338
uncheatable,old_endpoint,official_objective,0.93,1.0343257908717338
uncheatable,old_endpoint,official_objective,0.935,1.0343257908717338
uncheatable,old_endpoint,official_objective,0.9400000000000001,1.0344226731925423
uncheatable,old_endpoint,official_objective,0.9450000000000001,1.0344226731925423
uncheatable,old_endpoint,official_objective,0.9500000000000001,1.0344226731925423
uncheatable,old_endpoint,official_objective,0.9550000000000001,1.0344226731925423
uncheatable,old_endpoint,official_objective,0.96,1.0344085796497466
uncheatable,old_endpoint,official_objective,0.965,1.0344044461884434
uncheatable,old_endpoint,official_objective,0.97,1.0344044461884434
uncheatable,old_endpoint,official_objective,0.975,1.034665828029392
uncheatable,old_endpoint,official_objective,0.98,1.0347241364569155
uncheatable,old_endpoint,official_objective,0.985,1.0347241364569155
uncheatable,old_endpoint,official_objective,0.99,1.0347241364569155
uncheatable,old_endpoint,official_objective,0.995,1.034791865826594
uncheatable,old_endpoint,official_objective,1.0,1.034791865826594
uncheatable,old_endpoint,official_components,0.0,1.024110706416276
uncheatable,old_endpoint,official_components,0.005,1.024110706416276
uncheatable,old_endpoint,official_components,0.01,1.024110706416276
uncheatable,old_endpoint,official_components,0.015,1.024110706416276
uncheatable,old_endpoint,official_components,0.02,1.0240172046700708
uncheatable,old_endpoint,official_components,0.025,1.0240172046700708
uncheatable,old_endpoint,official_components,0.03,1.0239749336464148
uncheatable,old_endpoint,official_components,0.035,1.0239749336464148
uncheatable,old_endpoint,official_components,0.04,1.0239083303172951
uncheatable,old_endpoint,official_components,0.045,1.0238654476442732
uncheatable,old_endpoint,official_components,0.05,1.0238654476442732
uncheatable,old_endpoint,official_components,0.055,1.0238654476442732
uncheatable,old_endpoint,official_components,0.06,1.0238573989417055
uncheatable,old_endpoint,official_components,0.065,1.0238573989417055
uncheatable,old_endpoint,official_components,0.07,1.0238201510564318
uncheatable,old_endpoint,official_components,0.075,1.0238201510564318
uncheatable,old_endpoint,official_components,0.08,1.0238201510564318
uncheatable,old_endpoint,official_components,0.085,1.0238201510564318
uncheatable,old_endpoint,official_components,0.09,1.0237461053131984
uncheatable,old_endpoint,official_components,0.095,1.0237461053131984
uncheatable,old_endpoint,official_components,0.1,1.0237461053131984
uncheatable,old_endpoint,official_components,0.105,1.0237461053131984
uncheatable,old_endpoint,official_components,0.11,1.0243784814093246
uncheatable,old_endpoint,official_components,0.115,1.0243784814093246
uncheatable,old_endpoint,official_components,0.12,1.0243784814093246
uncheatable,old_endpoint,official_components,0.125,1.0243784814093246
uncheatable,old_endpoint,official_components,0.13,1.0243784814093246
uncheatable,old_endpoint,official_components,0.135,1.0242214675159647
uncheatable,old_endpoint,official_components,0.14,1.0241525578212378
uncheatable,old_endpoint,official_components,0.145,1.0241525578212378
uncheatable,old_endpoint,official_components,0.15,1.0241525578212378
uncheatable,old_endpoint,official_components,0.155,1.0241563600781418
uncheatable,old_endpoint,official_components,0.16,1.0241563600781418
uncheatable,old_endpoint,official_components,0.165,1.0241563600781418
uncheatable,old_endpoint,official_components,0.17,1.0241563600781418
uncheatable,old_endpoint,official_components,0.17500000000000002,1.0241563600781418
uncheatable,old_endpoint,official_components,0.18,1.0241563600781418
uncheatable,old_endpoint,official_components,0.185,1.0241563600781418
uncheatable,old_endpoint,official_components,0.19,1.0241563600781418
uncheatable,old_endpoint,official_components,0.195,1.024209694786665
uncheatable,old_endpoint,official_components,0.2,1.024209694786665
uncheatable,old_endpoint,official_components,0.20500000000000002,1.0240873009980176
uncheatable,old_endpoint,official_components,0.21,1.0240873009980176
uncheatable,old_endpoint,official_components,0.215,1.0240691151279229
uncheatable,old_endpoint,official_components,0.22,1.0240691151279229
uncheatable,old_endpoint,official_components,0.225,1.0240691151279229
uncheatable,old_endpoint,official_components,0.23,1.0240119337427722
uncheatable,old_endpoint,official_components,0.23500000000000001,1.0240119337427722
uncheatable,old_endpoint,official_components,0.24,1.0240119337427722
uncheatable,old_endpoint,official_components,0.245,1.0239944754402521
uncheatable,old_endpoint,official_components,0.25,1.0239944754402521
uncheatable,old_endpoint,official_components,0.255,1.0240320612263014
uncheatable,old_endpoint,official_components,0.26,1.0240320612263014
uncheatable,old_endpoint,official_components,0.265,1.0240320612263014
uncheatable,old_endpoint,official_components,0.27,1.0240419605107791
uncheatable,old_endpoint,official_components,0.275,1.0240217458024043
uncheatable,old_endpoint,official_components,0.28,1.0240150065694544
uncheatable,old_endpoint,official_components,0.28500000000000003,1.0240150065694544
uncheatable,old_endpoint,official_components,0.29,1.0240150065694544
uncheatable,old_endpoint,official_components,0.295,1.0240150065694544
uncheatable,old_endpoint,official_components,0.3,1.0240039203477118
uncheatable,old_endpoint,official_components,0.305,1.0239105430069626
uncheatable,old_endpoint,official_components,0.31,1.0239105430069626
uncheatable,old_endpoint,official_components,0.315,1.0239105430069626
uncheatable,old_endpoint,official_components,0.32,1.0239105430069626
uncheatable,old_endpoint,official_components,0.325,1.02392490202564
uncheatable,old_endpoint,official_components,0.33,1.0239321668909014
uncheatable,old_endpoint,official_components,0.335,1.0239321668909014
uncheatable,old_endpoint,official_components,0.34,1.0239321668909014
uncheatable,old_endpoint,official_components,0.34500000000000003,1.0239321668909014
uncheatable,old_endpoint,official_components,0.35000000000000003,1.022837539707091
uncheatable,old_endpoint,official_components,0.355,1.022837539707091
uncheatable,old_endpoint,official_components,0.36,1.0228544269685593
uncheatable,old_endpoint,official_components,0.365,1.022785947360383
uncheatable,old_endpoint,official_components,0.37,1.0225046867956111
uncheatable,old_endpoint,official_components,0.375,1.022715516419378
uncheatable,old_endpoint,official_components,0.38,1.0227578623298075
uncheatable,old_endpoint,official_components,0.385,1.0226757899136438
uncheatable,old_endpoint,official_components,0.39,1.0226757899136438
uncheatable,old_endpoint,official_components,0.395,1.0226072412378588
uncheatable,old_endpoint,official_components,0.4,1.0226072412378588
uncheatable,old_endpoint,official_components,0.405,1.022587902912926
uncheatable,old_endpoint,official_components,0.41000000000000003,1.022587902912926
uncheatable,old_endpoint,official_components,0.41500000000000004,1.022578072935055
uncheatable,old_endpoint,official_components,0.42,1.022592797284266
uncheatable,old_endpoint,official_components,0.425,1.022565044492135
uncheatable,old_endpoint,official_components,0.43,1.022565044492135
uncheatable,old_endpoint,official_components,0.435,1.022565044492135
uncheatable,old_endpoint,official_components,0.44,1.022337571273624
uncheatable,old_endpoint,official_components,0.445,1.022337571273624
uncheatable,old_endpoint,official_components,0.45,1.022337571273624
uncheatable,old_endpoint,official_components,0.455,1.022337571273624
uncheatable,old_endpoint,official_components,0.46,1.022337571273624
uncheatable,old_endpoint,official_components,0.465,1.022337571273624
uncheatable,old_endpoint,official_components,0.47000000000000003,1.022337571273624
uncheatable,old_endpoint,official_components,0.47500000000000003,1.022337571273624
uncheatable,old_endpoint,official_components,0.48,1.022320830805532
uncheatable,old_endpoint,official_components,0.485,1.022293358294079
uncheatable,old_endpoint,official_components,0.49,1.022324610979666
uncheatable,old_endpoint,official_components,0.495,1.022324610979666
uncheatable,old_endpoint,official_components,0.5,1.0222844112609997
uncheatable,old_endpoint,official_components,0.505,1.0221405144064466
uncheatable,old_endpoint,official_components,0.51,1.0220228235109097
uncheatable,old_endpoint,official_components,0.515,1.0220228235109097
uncheatable,old_endpoint,official_components,0.52,1.0220228235109097
uncheatable,old_endpoint,official_components,0.525,1.0220228235109097
uncheatable,old_endpoint,official_components,0.53,1.0220375945426055
uncheatable,old_endpoint,official_components,0.535,1.0220375945426055
uncheatable,old_endpoint,official_components,0.54,1.0220313610957061
uncheatable,old_endpoint,official_components,0.545,1.0218705329950741
uncheatable,old_endpoint,official_components,0.55,1.0219285407931795
uncheatable,old_endpoint,official_components,0.555,1.0219285407931795
uncheatable,old_endpoint,official_components,0.56,1.0218580624671454
uncheatable,old_endpoint,official_components,0.5650000000000001,1.0218580624671454
uncheatable,old_endpoint,official_components,0.5700000000000001,1.0218580624671454
uncheatable,old_endpoint,official_components,0.5750000000000001,1.0218416127460017
uncheatable,old_endpoint,official_components,0.58,1.0217868454205583
uncheatable,old_endpoint,official_components,0.585,1.0216730161956686
uncheatable,old_endpoint,official_components,0.59,1.0216898921788866
uncheatable,old_endpoint,official_components,0.595,1.0216727931860865
uncheatable,old_endpoint,official_components,0.6,1.021738231032856
uncheatable,old_endpoint,official_components,0.605,1.0216878010280217
uncheatable,old_endpoint,official_components,0.61,1.0218791153306146
uncheatable,old_endpoint,official_components,0.615,1.0218705285675982
uncheatable,old_endpoint,official_components,0.62,1.0218705285675982
uncheatable,old_endpoint,official_components,0.625,1.0218989112532788
uncheatable,old_endpoint,official_components,0.63,1.0218989112532788
uncheatable,old_endpoint,official_components,0.635,1.0218401969333732
uncheatable,old_endpoint,official_components,0.64,1.021738937472929
uncheatable,old_endpoint,official_components,0.645,1.0217369085000705
uncheatable,old_endpoint,official_components,0.65,1.0214561452705
uncheatable,old_endpoint,official_components,0.655,1.021559431474663
uncheatable,old_endpoint,official_components,0.66,1.0215483072912532
uncheatable,old_endpoint,official_components,0.665,1.0215557428764142
uncheatable,old_endpoint,official_components,0.67,1.0215590746178074
uncheatable,old_endpoint,official_components,0.675,1.0212873625656536
uncheatable,old_endpoint,official_components,0.68,1.0212873625656536
uncheatable,old_endpoint,official_components,0.685,1.021306674291147
uncheatable,old_endpoint,official_components,0.6900000000000001,1.0212787678093103
uncheatable,old_endpoint,official_components,0.6950000000000001,1.0213654730462656
uncheatable,old_endpoint,official_components,0.7000000000000001,1.0213583508032889
uncheatable,old_endpoint,official_components,0.705,1.0213583508032889
uncheatable,old_endpoint,official_components,0.71,1.0214288834604928
uncheatable,old_endpoint,official_components,0.715,1.0214288834604928
uncheatable,old_endpoint,official_components,0.72,1.0213846596881906
uncheatable,old_endpoint,official_components,0.725,1.0213150696886968
uncheatable,old_endpoint,official_components,0.73,1.0213752946404437
uncheatable,old_endpoint,official_components,0.735,1.0213752946404437
uncheatable,old_endpoint,official_components,0.74,1.021353541365456
uncheatable,old_endpoint,official_components,0.745,1.0215664154271933
uncheatable,old_endpoint,official_components,0.75,1.0215664154271933
uncheatable,old_endpoint,official_components,0.755,1.0215675900799945
uncheatable,old_endpoint,official_components,0.76,1.0219809075022577
uncheatable,old_endpoint,official_components,0.765,1.021977372317181
uncheatable,old_endpoint,official_components,0.77,1.0217930898438567
uncheatable,old_endpoint,official_components,0.775,1.0217050116640085
uncheatable,old_endpoint,official_components,0.78,1.0216861186035775
uncheatable,old_endpoint,official_components,0.785,1.0216861186035775
uncheatable,old_endpoint,official_components,0.79,1.021682444667332
uncheatable,old_endpoint,official_components,0.795,1.021687363533123
uncheatable,old_endpoint,official_components,0.8,1.0215447258125876
uncheatable,old_endpoint,official_components,0.805,1.0215447258125876
uncheatable,old_endpoint,official_components,0.81,1.0213514930546777
uncheatable,old_endpoint,official_components,0.8150000000000001,1.0212936208013597
uncheatable,old_endpoint,official_components,0.8200000000000001,1.021186914437757
uncheatable,old_endpoint,official_components,0.8250000000000001,1.0211636181152395
uncheatable,old_endpoint,official_components,0.8300000000000001,1.0210986468621446
uncheatable,old_endpoint,official_components,0.835,1.0210923277629163
uncheatable,old_endpoint,official_components,0.84,1.0209038369414691
uncheatable,old_endpoint,official_components,0.845,1.0208181920100974
uncheatable,old_endpoint,official_components,0.85,1.0207552825506188
uncheatable,old_endpoint,official_components,0.855,1.0195636527526646
uncheatable,old_endpoint,official_components,0.86,1.0195525825167615
uncheatable,old_endpoint,official_components,0.865,1.0195525825167615
uncheatable,old_endpoint,official_components,0.87,1.0195462364484913
uncheatable,old_endpoint,official_components,0.875,1.0195068021307518
uncheatable,old_endpoint,official_components,0.88,1.0195068021307518
uncheatable,old_endpoint,official_components,0.885,1.019535706781534
uncheatable,old_endpoint,official_components,0.89,1.019535706781534
uncheatable,old_endpoint,official_components,0.895,1.019535706781534
uncheatable,old_endpoint,official_components,0.9,1.0198206161206924
uncheatable,old_endpoint,official_components,0.905,1.019788369497125
uncheatable,old_endpoint,official_components,0.91,1.019831665992888
uncheatable,old_endpoint,official_components,0.915,1.0197268296923856
uncheatable,old_endpoint,official_components,0.92,1.0196628851340315
uncheatable,old_endpoint,official_components,0.925,1.0196628851340315
uncheatable,old_endpoint,official_components,0.93,1.0196528486725134
uncheatable,old_endpoint,official_components,0.935,1.0194474172274706
uncheatable,old_endpoint,official_components,0.9400000000000001,1.0194705746842248
uncheatable,old_endpoint,official_components,0.9450000000000001,1.019911430535807
uncheatable,old_endpoint,official_components,0.9500000000000001,1.0200369952897408
uncheatable,old_endpoint,official_components,0.9550000000000001,1.0203083312000116
uncheatable,old_endpoint,official_components,0.96,1.0203932173608892
uncheatable,old_endpoint,official_components,0.965,1.0205589091706382
uncheatable,old_endpoint,official_components,0.97,1.020548696800402
uncheatable,old_endpoint,official_components,0.975,1.0203247756594094
uncheatable,old_endpoint,official_components,0.98,1.0203247756594094
uncheatable,old_endpoint,official_components,0.985,1.0206411646663107
uncheatable,old_endpoint,official_components,0.99,1.0206777764286221
uncheatable,old_endpoint,official_components,0.995,1.0208074807735845
uncheatable,old_endpoint,official_components,1.0,1.0208074807735845
uncheatable,old_endpoint,prior_only,0.0,1.0083559823343018
uncheatable,old_endpoint,prior_only,0.005,1.0083559823343018
uncheatable,old_endpoint,prior_only,0.01,1.0083559823343018
uncheatable,old_endpoint,prior_only,0.015,1.0082878647845144
uncheatable,old_endpoint,prior_only,0.02,1.0082878647845144
uncheatable,old_endpoint,prior_only,0.025,1.0082630059374056
uncheatable,old_endpoint,prior_only,0.03,1.0081794670618043
uncheatable,old_endpoint,prior_only,0.035,1.0081794670618043
uncheatable,old_endpoint,prior_only,0.04,1.0081794670618043
uncheatable,old_endpoint,prior_only,0.045,1.00740367629355
uncheatable,old_endpoint,prior_only,0.05,1.0075233176178477
uncheatable,old_endpoint,prior_only,0.055,1.0075233176178477
uncheatable,old_endpoint,prior_only,0.06,1.0075233176178477
uncheatable,old_endpoint,prior_only,0.065,1.0075233176178477
uncheatable,old_endpoint,prior_only,0.07,1.0071860137367206
uncheatable,old_endpoint,prior_only,0.075,1.0069748093445825
uncheatable,old_endpoint,prior_only,0.08,1.0069748093445825
uncheatable,old_endpoint,prior_only,0.085,1.006958395982458
uncheatable,old_endpoint,prior_only,0.09,1.0068755510546263
uncheatable,old_endpoint,prior_only,0.095,1.0068755510546263
uncheatable,old_endpoint,prior_only,0.1,1.0068755510546263
uncheatable,old_endpoint,prior_only,0.105,1.0068755510546263
uncheatable,old_endpoint,prior_only,0.11,1.0070585043333118
uncheatable,old_endpoint,prior_only,0.115,1.0073148964367902
uncheatable,old_endpoint,prior_only,0.12,1.0073148964367902
uncheatable,old_endpoint,prior_only,0.125,1.0073148964367902
uncheatable,old_endpoint,prior_only,0.13,1.0073148964367902
uncheatable,old_endpoint,prior_only,0.135,1.0073282333565075
uncheatable,old_endpoint,prior_only,0.14,1.0073282333565075
uncheatable,old_endpoint,prior_only,0.145,1.0073282333565075
uncheatable,old_endpoint,prior_only,0.15,1.007387472215616
uncheatable,old_endpoint,prior_only,0.155,1.0073778333502243
uncheatable,old_endpoint,prior_only,0.16,1.0073778333502243
uncheatable,old_endpoint,prior_only,0.165,1.0073778333502243
uncheatable,old_endpoint,prior_only,0.17,1.0073694913319111
uncheatable,old_endpoint,prior_only,0.17500000000000002,1.0073736157453925
uncheatable,old_endpoint,prior_only,0.18,1.0073736157453925
uncheatable,old_endpoint,prior_only,0.185,1.0073824652296135
uncheatable,old_endpoint,prior_only,0.19,1.0073693117869664
uncheatable,old_endpoint,prior_only,0.195,1.00735278508398
uncheatable,old_endpoint,prior_only,0.2,1.0074233985234033
uncheatable,old_endpoint,prior_only,0.20500000000000002,1.007404076593445
uncheatable,old_endpoint,prior_only,0.21,1.0073867441518511
uncheatable,old_endpoint,prior_only,0.215,1.0073867441518511
uncheatable,old_endpoint,prior_only,0.22,1.0073356033496843
uncheatable,old_endpoint,prior_only,0.225,1.0073356033496843
uncheatable,old_endpoint,prior_only,0.23,1.0073356033496843
uncheatable,old_endpoint,prior_only,0.23500000000000001,1.0071150985190631
uncheatable,old_endpoint,prior_only,0.24,1.007080433956737
uncheatable,old_endpoint,prior_only,0.245,1.0070806433730635
uncheatable,old_endpoint,prior_only,0.25,1.0070841832928856
uncheatable,old_endpoint,prior_only,0.255,1.0071183397635595
uncheatable,old_endpoint,prior_only,0.26,1.0071183397635595
uncheatable,old_endpoint,prior_only,0.265,1.0071183397635595
uncheatable,old_endpoint,prior_only,0.27,1.006944783789879
uncheatable,old_endpoint,prior_only,0.275,1.006944783789879
uncheatable,old_endpoint,prior_only,0.28,1.0069434911757233
uncheatable,old_endpoint,prior_only,0.28500000000000003,1.0069589453255674
uncheatable,old_endpoint,prior_only,0.29,1.0069589453255674
uncheatable,old_endpoint,prior_only,0.295,1.0066142464410825
uncheatable,old_endpoint,prior_only,0.3,1.0066142464410825
uncheatable,old_endpoint,prior_only,0.305,1.0064604756737223
uncheatable,old_endpoint,prior_only,0.31,1.0066187523322352
uncheatable,old_endpoint,prior_only,0.315,1.006316123116747
uncheatable,old_endpoint,prior_only,0.32,1.005481372206562
uncheatable,old_endpoint,prior_only,0.325,1.005481372206562
uncheatable,old_endpoint,prior_only,0.33,1.0054949167070761
uncheatable,old_endpoint,prior_only,0.335,1.0054949167070761
uncheatable,old_endpoint,prior_only,0.34,1.004192293907987
uncheatable,old_endpoint,prior_only,0.34500000000000003,1.0040152410667371
uncheatable,old_endpoint,prior_only,0.35000000000000003,1.004012461872434
uncheatable,old_endpoint,prior_only,0.355,1.0039783065918342
uncheatable,old_endpoint,prior_only,0.36,1.0039783065918342
uncheatable,old_endpoint,prior_only,0.365,1.003982709028341
uncheatable,old_endpoint,prior_only,0.37,1.003490720023985
uncheatable,old_endpoint,prior_only,0.375,1.003490720023985
uncheatable,old_endpoint,prior_only,0.38,1.003490720023985
uncheatable,old_endpoint,prior_only,0.385,1.0038638217023843
uncheatable,old_endpoint,prior_only,0.39,1.0036200033421956
uncheatable,old_endpoint,prior_only,0.395,1.003508652027281
uncheatable,old_endpoint,prior_only,0.4,1.003508652027281
uncheatable,old_endpoint,prior_only,0.405,1.0035004169632362
uncheatable,old_endpoint,prior_only,0.41000000000000003,1.0035004169632362
uncheatable,old_endpoint,prior_only,0.41500000000000004,1.0033358012656741
uncheatable,old_endpoint,prior_only,0.42,1.0033358012656741
uncheatable,old_endpoint,prior_only,0.425,1.0033358012656741
uncheatable,old_endpoint,prior_only,0.43,1.0032815891049136
uncheatable,old_endpoint,prior_only,0.435,1.0032815891049136
uncheatable,old_endpoint,prior_only,0.44,1.0032136489576042
uncheatable,old_endpoint,prior_only,0.445,1.003012771853831
uncheatable,old_endpoint,prior_only,0.45,1.003018839013494
uncheatable,old_endpoint,prior_only,0.455,1.0060128069694145
uncheatable,old_endpoint,prior_only,0.46,1.0061345846608618
uncheatable,old_endpoint,prior_only,0.465,1.0061345846608618
uncheatable,old_endpoint,prior_only,0.47000000000000003,1.0061345846608618
uncheatable,old_endpoint,prior_only,0.47500000000000003,1.0060797173316205
uncheatable,old_endpoint,prior_only,0.48,1.0059933357362372
uncheatable,old_endpoint,prior_only,0.485,1.0059933357362372
uncheatable,old_endpoint,prior_only,0.49,1.0059933357362372
uncheatable,old_endpoint,prior_only,0.495,1.0059892579931198
uncheatable,old_endpoint,prior_only,0.5,1.0056689737201707
uncheatable,old_endpoint,prior_only,0.505,1.0056689737201707
uncheatable,old_endpoint,prior_only,0.51,1.0056504917902926
uncheatable,old_endpoint,prior_only,0.515,1.005238832044106
uncheatable,old_endpoint,prior_only,0.52,1.0051955336965201
uncheatable,old_endpoint,prior_only,0.525,1.0051955336965201
uncheatable,old_endpoint,prior_only,0.53,1.0061629665485545
uncheatable,old_endpoint,prior_only,0.535,1.0061629665485545
uncheatable,old_endpoint,prior_only,0.54,1.0061629665485545
uncheatable,old_endpoint,prior_only,0.545,1.006045212821161
uncheatable,old_endpoint,prior_only,0.55,1.0061146534534493
uncheatable,old_endpoint,prior_only,0.555,1.0061146534534493
uncheatable,old_endpoint,prior_only,0.56,1.0061028508606098
uncheatable,old_endpoint,prior_only,0.5650000000000001,1.0061028508606098
uncheatable,old_endpoint,prior_only,0.5700000000000001,1.0060252546909503
uncheatable,old_endpoint,prior_only,0.5750000000000001,1.0060252546909503
uncheatable,old_endpoint,prior_only,0.58,1.0060252546909503
uncheatable,old_endpoint,prior_only,0.585,1.0060252546909503
uncheatable,old_endpoint,prior_only,0.59,1.0060252546909503
uncheatable,old_endpoint,prior_only,0.595,1.0059565468289828
uncheatable,old_endpoint,prior_only,0.6,1.0059565468289828
uncheatable,old_endpoint,prior_only,0.605,1.0059565468289828
uncheatable,old_endpoint,prior_only,0.61,1.0059565468289828
uncheatable,old_endpoint,prior_only,0.615,1.0059450515771438
uncheatable,old_endpoint,prior_only,0.62,1.0059577350203182
uncheatable,old_endpoint,prior_only,0.625,1.0059707054688314
uncheatable,old_endpoint,prior_only,0.63,1.0057925288946659
uncheatable,old_endpoint,prior_only,0.635,1.0058717971553182
uncheatable,old_endpoint,prior_only,0.64,1.0058429755681355
uncheatable,old_endpoint,prior_only,0.645,1.0056176794817433
uncheatable,old_endpoint,prior_only,0.65,1.0062329139017434
uncheatable,old_endpoint,prior_only,0.655,1.006217088287846
uncheatable,old_endpoint,prior_only,0.66,1.006217088287846
uncheatable,old_endpoint,prior_only,0.665,1.006217088287846
uncheatable,old_endpoint,prior_only,0.67,1.0060847471904026
uncheatable,old_endpoint,prior_only,0.675,1.0060847471904026
uncheatable,old_endpoint,prior_only,0.68,1.0060847471904026
uncheatable,old_endpoint,prior_only,0.685,1.0054889514934904
uncheatable,old_endpoint,prior_only,0.6900000000000001,1.0065258558567338
uncheatable,old_endpoint,prior_only,0.6950000000000001,1.00652335368566
uncheatable,old_endpoint,prior_only,0.7000000000000001,1.00652335368566
uncheatable,old_endpoint,prior_only,0.705,1.0065109929032034
uncheatable,old_endpoint,prior_only,0.71,1.0065073520704284
uncheatable,old_endpoint,prior_only,0.715,1.0065073520704284
uncheatable,old_endpoint,prior_only,0.72,1.0065073520704284
uncheatable,old_endpoint,prior_only,0.725,1.0065073520704284
uncheatable,old_endpoint,prior_only,0.73,1.0065107445021944
uncheatable,old_endpoint,prior_only,0.735,1.0065107445021944
uncheatable,old_endpoint,prior_only,0.74,1.0067408317417361
uncheatable,old_endpoint,prior_only,0.745,1.0067408317417361
uncheatable,old_endpoint,prior_only,0.75,1.0067408317417361
uncheatable,old_endpoint,prior_only,0.755,1.006714731847902
uncheatable,old_endpoint,prior_only,0.76,1.0067243830483688
uncheatable,old_endpoint,prior_only,0.765,1.0067243830483688
uncheatable,old_endpoint,prior_only,0.77,1.0073030017714983
uncheatable,old_endpoint,prior_only,0.775,1.0074091041196986
uncheatable,old_endpoint,prior_only,0.78,1.0074091041196986
uncheatable,old_endpoint,prior_only,0.785,1.0071341372289602
uncheatable,old_endpoint,prior_only,0.79,1.0071193367941529
uncheatable,old_endpoint,prior_only,0.795,1.00795298074974
uncheatable,old_endpoint,prior_only,0.8,1.00795298074974
uncheatable,old_endpoint,prior_only,0.805,1.0077629603407476
uncheatable,old_endpoint,prior_only,0.81,1.008268889066929
uncheatable,old_endpoint,prior_only,0.8150000000000001,1.0081991676021245
uncheatable,old_endpoint,prior_only,0.8200000000000001,1.0086046948627136
uncheatable,old_endpoint,prior_only,0.8250000000000001,1.0086046948627136
uncheatable,old_endpoint,prior_only,0.8300000000000001,1.0086539555528118
uncheatable,old_endpoint,prior_only,0.835,1.0086539555528118
uncheatable,old_endpoint,prior_only,0.84,1.008569515550767
uncheatable,old_endpoint,prior_only,0.845,1.008569515550767
uncheatable,old_endpoint,prior_only,0.85,1.008569515550767
uncheatable,old_endpoint,prior_only,0.855,1.008514606645865
uncheatable,old_endpoint,prior_only,0.86,1.008514606645865
uncheatable,old_endpoint,prior_only,0.865,1.008514606645865
uncheatable,old_endpoint,prior_only,0.87,1.0084238051575567
uncheatable,old_endpoint,prior_only,0.875,1.0084238051575567
uncheatable,old_endpoint,prior_only,0.88,1.0081338373490352
uncheatable,old_endpoint,prior_only,0.885,1.008196500372874
uncheatable,old_endpoint,prior_only,0.89,1.0082442297362293
uncheatable,old_endpoint,prior_only,0.895,1.0082442297362293
uncheatable,old_endpoint,prior_only,0.9,1.0083195640412295
uncheatable,old_endpoint,prior_only,0.905,1.0083195640412295
uncheatable,old_endpoint,prior_only,0.91,1.0101970592308107
uncheatable,old_endpoint,prior_only,0.915,1.0102720833035852
uncheatable,old_endpoint,prior_only,0.92,1.0103400563054528
uncheatable,old_endpoint,prior_only,0.925,1.0102263460290604
uncheatable,old_endpoint,prior_only,0.93,1.0102263460290604
uncheatable,old_endpoint,prior_only,0.935,1.0102263460290604
uncheatable,old_endpoint,prior_only,0.9400000000000001,1.0102263460290604
uncheatable,old_endpoint,prior_only,0.9450000000000001,1.0102263460290604
uncheatable,old_endpoint,prior_only,0.9500000000000001,1.0109709955585742
uncheatable,old_endpoint,prior_only,0.9550000000000001,1.010978367332927
uncheatable,old_endpoint,prior_only,0.96,1.0112087476073377
uncheatable,old_endpoint,prior_only,0.965,1.0113692057077692
uncheatable,old_endpoint,prior_only,0.97,1.0113713900613983
uncheatable,old_endpoint,prior_only,0.975,1.0114991289245876
uncheatable,old_endpoint,prior_only,0.98,1.0136449485642425
uncheatable,old_endpoint,prior_only,0.985,1.0136449485642425
uncheatable,old_endpoint,prior_only,0.99,1.0136449485642425
uncheatable,old_endpoint,prior_only,0.995,1.013783948666632
uncheatable,old_endpoint,prior_only,1.0,1.013783948666632
uncheatable,old_endpoint,mariner,0.0,0.981031489746078
uncheatable,old_endpoint,mariner,0.005,0.9810496380048616
uncheatable,old_endpoint,mariner,0.01,0.98106833664184
uncheatable,old_endpoint,mariner,0.015,0.9810875849978083
uncheatable,old_endpoint,mariner,0.02,0.9811073824750774
uncheatable,old_endpoint,mariner,0.025,0.9811277285366634
uncheatable,old_endpoint,mariner,0.03,0.9811486227055083
uncheatable,old_endpoint,mariner,0.035,0.9811700645637305
uncheatable,old_endpoint,mariner,0.04,0.9811920537519023
uncheatable,old_endpoint,mariner,0.045,0.9812145899683575
uncheatable,old_endpoint,mariner,0.05,0.9812376729685248
uncheatable,old_endpoint,mariner,0.055,0.9812613025642861
uncheatable,old_endpoint,mariner,0.06,0.981285478623363
uncheatable,old_endpoint,mariner,0.065,0.9813102010687264
uncheatable,old_endpoint,mariner,0.07,0.9813354698780294
uncheatable,old_endpoint,mariner,0.075,0.9813612850830662
uncheatable,old_endpoint,mariner,0.08,0.9813876467692499
uncheatable,old_endpoint,mariner,0.085,0.9814145550751175
uncheatable,old_endpoint,mariner,0.09,0.9814420101918507
uncheatable,old_endpoint,mariner,0.095,0.981470012362822
uncheatable,old_endpoint,mariner,0.1,0.98149856188316
uncheatable,old_endpoint,mariner,0.105,0.9815276590993333
uncheatable,old_endpoint,mariner,0.11,0.9815573044087559
uncheatable,old_endpoint,mariner,0.115,0.9815874982594095
uncheatable,old_endpoint,mariner,0.12,0.9816182411494863
uncheatable,old_endpoint,mariner,0.125,0.9816495336270482
uncheatable,old_endpoint,mariner,0.13,0.9816813762897042
uncheatable,old_endpoint,mariner,0.135,0.9817137697843049
uncheatable,old_endpoint,mariner,0.14,0.9817467148066544
uncheatable,old_endpoint,mariner,0.145,0.9817802121012374
uncheatable,old_endpoint,mariner,0.15,0.9818142624609638
uncheatable,old_endpoint,mariner,0.155,0.9818488667269275
uncheatable,old_endpoint,mariner,0.16,0.9818840257881821
uncheatable,old_endpoint,mariner,0.165,0.9819197405815306
uncheatable,old_endpoint,mariner,0.17,0.9819560120913307
uncheatable,old_endpoint,mariner,0.17500000000000002,0.9819928413493129
uncheatable,old_endpoint,mariner,0.18,0.9820302294344162
uncheatable,old_endpoint,mariner,0.185,0.9820681774726331
uncheatable,old_endpoint,mariner,0.19,0.982106686636873
uncheatable,old_endpoint,mariner,0.195,0.9821457581468352
uncheatable,old_endpoint,mariner,0.2,0.982185393268898
uncheatable,old_endpoint,mariner,0.20500000000000002,0.9822255933160178
uncheatable,old_endpoint,mariner,0.21,0.9822663596476455
uncheatable,old_endpoint,mariner,0.215,0.9823076936696499
uncheatable,old_endpoint,mariner,0.22,0.9823495968342578
uncheatable,old_endpoint,mariner,0.225,0.9823920706400051
uncheatable,old_endpoint,mariner,0.23,0.9824351166316985
uncheatable,old_endpoint,mariner,0.23500000000000001,0.9824787364003905
uncheatable,old_endpoint,mariner,0.24,0.9825229315833676
uncheatable,old_endpoint,mariner,0.245,0.9825677038641458
uncheatable,old_endpoint,mariner,0.25,0.9826130549724821
uncheatable,old_endpoint,mariner,0.255,0.982658986684394
uncheatable,old_endpoint,mariner,0.26,0.9827055008221923
uncheatable,old_endpoint,mariner,0.265,0.9827525992545236
uncheatable,old_endpoint,mariner,0.27,0.9828002838964252
uncheatable,old_endpoint,mariner,0.275,0.9828485567093886
uncheatable,old_endpoint,mariner,0.28,0.9828974197014368
uncheatable,old_endpoint,mariner,0.28500000000000003,0.9829468749272091
uncheatable,old_endpoint,mariner,0.29,0.9829969244880593
uncheatable,old_endpoint,mariner,0.295,0.9830475705321622
uncheatable,old_endpoint,mariner,0.3,0.9830988152546323
uncheatable,old_endpoint,mariner,0.305,0.9831506608976516
uncheatable,old_endpoint,mariner,0.31,0.9832031097506083
uncheatable,old_endpoint,mariner,0.315,0.9832561641502464
uncheatable,old_endpoint,mariner,0.32,0.9833098264808245
uncheatable,old_endpoint,mariner,0.325,0.9833640991742849
uncheatable,old_endpoint,mariner,0.33,0.9834189847104337
uncheatable,old_endpoint,mariner,0.335,0.9834744856171305
uncheatable,old_endpoint,mariner,0.34,0.9835306044704885
uncheatable,old_endpoint,mariner,0.34500000000000003,0.983587343895084
uncheatable,old_endpoint,mariner,0.35000000000000003,0.9836447065641777
uncheatable,old_endpoint,mariner,0.355,0.9837026951999435
uncheatable,old_endpoint,mariner,0.36,0.9837613125737099
uncheatable,old_endpoint,mariner,0.365,0.9838205615062111
uncheatable,old_endpoint,mariner,0.37,0.9838804448678461
uncheatable,old_endpoint,mariner,0.375,0.9839409655789505
uncheatable,old_endpoint,mariner,0.38,0.9840021266100779
uncheatable,old_endpoint,mariner,0.385,0.9840639309822903
uncheatable,old_endpoint,mariner,0.39,0.9841263817674598
uncheatable,old_endpoint,mariner,0.395,0.9841894820885809
uncheatable,old_endpoint,mariner,0.4,0.9842532351200923
uncheatable,old_endpoint,mariner,0.405,0.9843176440882083
uncheatable,old_endpoint,mariner,0.41000000000000003,0.9843827122712641
uncheatable,old_endpoint,mariner,0.41500000000000004,0.9844484430000662
uncheatable,old_endpoint,mariner,0.42,0.9845148396582591
uncheatable,old_endpoint,mariner,0.425,0.9845819056826982
uncheatable,old_endpoint,mariner,0.43,0.9846496445638355
uncheatable,old_endpoint,mariner,0.435,0.9847180598461158
uncheatable,old_endpoint,mariner,0.44,0.9847871551283836
uncheatable,old_endpoint,mariner,0.445,0.9848569340643006
uncheatable,old_endpoint,mariner,0.45,0.9849274003627756
uncheatable,old_endpoint,mariner,0.455,0.9849985577884033
uncheatable,old_endpoint,mariner,0.46,0.9850704101619171
uncheatable,old_endpoint,mariner,0.465,0.9851429613606505
uncheatable,old_endpoint,mariner,0.47000000000000003,0.985216215319013
uncheatable,old_endpoint,mariner,0.47500000000000003,0.9852901760289742
uncheatable,old_endpoint,mariner,0.48,0.985364847540563
uncheatable,old_endpoint,mariner,0.485,0.9854402339623766
uncheatable,old_endpoint,mariner,0.49,0.985516339462101
uncheatable,old_endpoint,mariner,0.495,0.9855931682670478
uncheatable,old_endpoint,mariner,0.5,0.9856707246646973
uncheatable,old_endpoint,mariner,0.505,0.9857490130032586
uncheatable,old_endpoint,mariner,0.51,0.985828037692241
uncheatable,old_endpoint,mariner,0.515,0.9859078032030378
uncheatable,old_endpoint,mariner,0.52,0.9859883140695243
uncheatable,old_endpoint,mariner,0.525,0.9860695748886671
uncheatable,old_endpoint,mariner,0.53,0.9861515903211496
uncheatable,old_endpoint,mariner,0.535,0.9862343650920079
uncheatable,old_endpoint,mariner,0.54,0.9863179039912837
uncheatable,old_endpoint,mariner,0.545,0.9864022118746889
uncheatable,old_endpoint,mariner,0.55,0.9864872936642854
uncheatable,old_endpoint,mariner,0.555,0.9865731543491798
uncheatable,old_endpoint,mariner,0.56,0.986659798986232
uncheatable,old_endpoint,mariner,0.5650000000000001,0.9867472327007798
uncheatable,old_endpoint,mariner,0.5700000000000001,0.9868354606873776
uncheatable,old_endpoint,mariner,0.5750000000000001,0.9869244882105517
uncheatable,old_endpoint,mariner,0.58,0.9870143206055707
uncheatable,old_endpoint,mariner,0.585,0.987104963279233
uncheatable,old_endpoint,mariner,0.59,0.9871964217106695
uncheatable,old_endpoint,mariner,0.595,0.9872887014521626
uncheatable,old_endpoint,mariner,0.6,0.9873818081299859
uncheatable,old_endpoint,mariner,0.605,0.9874757474452552
uncheatable,old_endpoint,mariner,0.61,0.987570525174803
uncheatable,old_endpoint,mariner,0.615,0.9876661471720679
uncheatable,old_endpoint,mariner,0.62,0.9877626193680021
uncheatable,old_endpoint,mariner,0.625,0.9878599477720003
uncheatable,old_endpoint,mariner,0.63,0.9879581384728444
uncheatable,old_endpoint,mariner,0.635,0.9880571976396716
uncheatable,old_endpoint,mariner,0.64,0.9881571315229579
uncheatable,old_endpoint,mariner,0.645,0.9882579464555268
uncheatable,old_endpoint,mariner,0.65,0.9883596488535754
uncheatable,old_endpoint,mariner,0.655,0.9884622452177226
uncheatable,old_endpoint,mariner,0.66,0.98856574213408
uncheatable,old_endpoint,mariner,0.665,0.9886701462753447
uncheatable,old_endpoint,mariner,0.67,0.9887754644019132
uncheatable,old_endpoint,mariner,0.675,0.9888817033630218
uncheatable,old_endpoint,mariner,0.68,0.9889888700979085
uncheatable,old_endpoint,mariner,0.685,0.9890969716369978
uncheatable,old_endpoint,mariner,0.6900000000000001,0.9892060151031152
uncheatable,old_endpoint,mariner,0.6950000000000001,0.9893160077127222
uncheatable,old_endpoint,mariner,0.7000000000000001,0.989426956777181
uncheatable,old_endpoint,mariner,0.705,0.9895388697040435
uncheatable,old_endpoint,mariner,0.71,0.9896517539983688
uncheatable,old_endpoint,mariner,0.715,0.98976561726407
uncheatable,old_endpoint,mariner,0.72,0.989880467205287
uncheatable,old_endpoint,mariner,0.725,0.9899963116277911
uncheatable,old_endpoint,mariner,0.73,0.9901131584404189
uncheatable,old_endpoint,mariner,0.735,0.9902310156565373
uncheatable,old_endpoint,mariner,0.74,0.9903498913955405
uncheatable,old_endpoint,mariner,0.745,0.9904697938843796
uncheatable,old_endpoint,mariner,0.75,0.9905907314591257
uncheatable,old_endpoint,mariner,0.755,0.9907127125665671
uncheatable,old_endpoint,mariner,0.76,0.9908357457658425
uncheatable,old_endpoint,mariner,0.765,0.9909598397301101
uncheatable,old_endpoint,mariner,0.77,0.9910850032482532
uncheatable,old_endpoint,mariner,0.775,0.9912112452266253
uncheatable,old_endpoint,mariner,0.78,0.9913385746908346
uncheatable,old_endpoint,mariner,0.785,0.9914670007875676
uncheatable,old_endpoint,mariner,0.79,0.9915965327864544
uncheatable,old_endpoint,mariner,0.795,0.9917271800819796
uncheatable,old_endpoint,mariner,0.8,0.9918589521954324
uncheatable,old_endpoint,mariner,0.805,0.9919918587769068
uncheatable,old_endpoint,mariner,0.81,0.9921259096073445
uncheatable,old_endpoint,mariner,0.8150000000000001,0.9922611146006277
uncheatable,old_endpoint,mariner,0.8200000000000001,0.9923974838057217
uncheatable,old_endpoint,mariner,0.8250000000000001,0.9925350274088661
uncheatable,old_endpoint,mariner,0.8300000000000001,0.992673755735822
uncheatable,old_endpoint,mariner,0.835,0.992813679254168
uncheatable,old_endpoint,mariner,0.84,0.9929548085756573
uncheatable,old_endpoint,mariner,0.845,0.9930971544586283
uncheatable,old_endpoint,mariner,0.85,0.9932407278104758
uncheatable,old_endpoint,mariner,0.855,0.9933855396901831
uncheatable,old_endpoint,mariner,0.86,0.9935316013109164
uncheatable,old_endpoint,mariner,0.865,0.9936789240426853
uncheatable,old_endpoint,mariner,0.87,0.9938275194150691
uncheatable,old_endpoint,mariner,0.875,0.993977399120012
uncheatable,old_endpoint,mariner,0.88,0.9941285750146917
uncheatable,old_endpoint,mariner,0.885,0.9942810591244592
uncheatable,old_endpoint,mariner,0.89,0.9944348636458569
uncheatable,old_endpoint,mariner,0.895,0.9945900009497146
uncheatable,old_endpoint,mariner,0.9,0.9947464835843265
uncheatable,old_endpoint,mariner,0.905,0.9949043242787133
uncheatable,old_endpoint,mariner,0.91,0.9950635359459706
uncheatable,old_endpoint,mariner,0.915,0.9952241316867089
uncheatable,old_endpoint,mariner,0.92,0.9953861247925841
uncheatable,old_endpoint,mariner,0.925,0.9955495287499277
uncheatable,old_endpoint,mariner,0.93,0.9957143572434743
uncheatable,old_endpoint,mariner,0.935,0.9958806241601948
uncheatable,old_endpoint,mariner,0.9400000000000001,0.9960483435932352
uncheatable,old_endpoint,mariner,0.9450000000000001,0.9962175298459671
uncheatable,old_endpoint,mariner,0.9500000000000001,0.9963881974361535
uncheatable,old_endpoint,mariner,0.9550000000000001,0.9965603611002353
uncheatable,old_endpoint,mariner,0.96,0.9967340357977378
uncheatable,old_endpoint,mariner,0.965,0.9969092367158109
uncheatable,old_endpoint,mariner,0.97,0.9970859792738992
uncheatable,old_endpoint,mariner,0.975,0.9972642791285512
uncheatable,old_endpoint,mariner,0.98,0.9974441521783725
uncheatable,old_endpoint,mariner,0.985,0.9976256145691299
uncheatable,old_endpoint,mariner,0.99,0.9978086826990071
uncheatable,old_endpoint,mariner,0.995,0.9979933732240253
uncheatable,old_endpoint,mariner,1.0,0.9981797030636297
uncheatable,official_objective_endpoint,official_objective,0.0,1.0372537230410546
uncheatable,official_objective_endpoint,official_objective,0.005,1.0372537230410546
uncheatable,official_objective_endpoint,official_objective,0.01,1.0372537230410546
uncheatable,official_objective_endpoint,official_objective,0.015,1.0372537230410546
uncheatable,official_objective_endpoint,official_objective,0.02,1.0372537230410546
uncheatable,official_objective_endpoint,official_objective,0.025,1.0372537230410546
uncheatable,official_objective_endpoint,official_objective,0.03,1.0372537230410546
uncheatable,official_objective_endpoint,official_objective,0.035,1.0372537230410546
uncheatable,official_objective_endpoint,official_objective,0.04,1.0372537230410546
uncheatable,official_objective_endpoint,official_objective,0.045,1.0372537230410546
uncheatable,official_objective_endpoint,official_objective,0.05,1.0372537230410546
uncheatable,official_objective_endpoint,official_objective,0.055,1.0372537230410546
uncheatable,official_objective_endpoint,official_objective,0.06,1.0372537230410546
uncheatable,official_objective_endpoint,official_objective,0.065,1.0372537230410546
uncheatable,official_objective_endpoint,official_objective,0.07,1.0372537230410546
uncheatable,official_objective_endpoint,official_objective,0.075,1.0372537230410546
uncheatable,official_objective_endpoint,official_objective,0.08,1.0372537230410546
uncheatable,official_objective_endpoint,official_objective,0.085,1.0372537230410546
uncheatable,official_objective_endpoint,official_objective,0.09,1.0372537230410546
uncheatable,official_objective_endpoint,official_objective,0.095,1.0372537230410546
uncheatable,official_objective_endpoint,official_objective,0.1,1.0372537230410546
uncheatable,official_objective_endpoint,official_objective,0.105,1.0372537230410546
uncheatable,official_objective_endpoint,official_objective,0.11,1.0372537230410546
uncheatable,official_objective_endpoint,official_objective,0.115,1.0372537230410546
uncheatable,official_objective_endpoint,official_objective,0.12,1.0372537230410546
uncheatable,official_objective_endpoint,official_objective,0.125,1.0372537230410546
uncheatable,official_objective_endpoint,official_objective,0.13,1.0372537230410546
uncheatable,official_objective_endpoint,official_objective,0.135,1.0372537230410546
uncheatable,official_objective_endpoint,official_objective,0.14,1.0377159483308962
uncheatable,official_objective_endpoint,official_objective,0.145,1.0377159483308962
uncheatable,official_objective_endpoint,official_objective,0.15,1.0377159483308962
uncheatable,official_objective_endpoint,official_objective,0.155,1.0377159483308962
uncheatable,official_objective_endpoint,official_objective,0.16,1.0377159483308962
uncheatable,official_objective_endpoint,official_objective,0.165,1.0377159483308962
uncheatable,official_objective_endpoint,official_objective,0.17,1.0377159483308962
uncheatable,official_objective_endpoint,official_objective,0.17500000000000002,1.0377159483308962
uncheatable,official_objective_endpoint,official_objective,0.18,1.0377159483308962
uncheatable,official_objective_endpoint,official_objective,0.185,1.0377159483308962
uncheatable,official_objective_endpoint,official_objective,0.19,1.0377159483308962
uncheatable,official_objective_endpoint,official_objective,0.195,1.0377159483308962
uncheatable,official_objective_endpoint,official_objective,0.2,1.0377159483308962
uncheatable,official_objective_endpoint,official_objective,0.20500000000000002,1.037520419675004
uncheatable,official_objective_endpoint,official_objective,0.21,1.037520419675004
uncheatable,official_objective_endpoint,official_objective,0.215,1.037520419675004
uncheatable,official_objective_endpoint,official_objective,0.22,1.037520419675004
uncheatable,official_objective_endpoint,official_objective,0.225,1.037520419675004
uncheatable,official_objective_endpoint,official_objective,0.23,1.037520419675004
uncheatable,official_objective_endpoint,official_objective,0.23500000000000001,1.037520419675004
uncheatable,official_objective_endpoint,official_objective,0.24,1.037520419675004
uncheatable,official_objective_endpoint,official_objective,0.245,1.0375686306795273
uncheatable,official_objective_endpoint,official_objective,0.25,1.0375686306795273
uncheatable,official_objective_endpoint,official_objective,0.255,1.0375686306795273
uncheatable,official_objective_endpoint,official_objective,0.26,1.0375686306795273
uncheatable,official_objective_endpoint,official_objective,0.265,1.0375686306795273
uncheatable,official_objective_endpoint,official_objective,0.27,1.0375686306795273
uncheatable,official_objective_endpoint,official_objective,0.275,1.0375686306795273
uncheatable,official_objective_endpoint,official_objective,0.28,1.0375686306795273
uncheatable,official_objective_endpoint,official_objective,0.28500000000000003,1.0375686306795273
uncheatable,official_objective_endpoint,official_objective,0.29,1.0377511496975673
uncheatable,official_objective_endpoint,official_objective,0.295,1.0377511496975673
uncheatable,official_objective_endpoint,official_objective,0.3,1.0377884827931803
uncheatable,official_objective_endpoint,official_objective,0.305,1.0377884827931803
uncheatable,official_objective_endpoint,official_objective,0.31,1.0377884827931803
uncheatable,official_objective_endpoint,official_objective,0.315,1.0377884827931803
uncheatable,official_objective_endpoint,official_objective,0.32,1.0376486511340182
uncheatable,official_objective_endpoint,official_objective,0.325,1.0376486511340182
uncheatable,official_objective_endpoint,official_objective,0.33,1.0376599659843744
uncheatable,official_objective_endpoint,official_objective,0.335,1.0376599659843744
uncheatable,official_objective_endpoint,official_objective,0.34,1.0376599659843744
uncheatable,official_objective_endpoint,official_objective,0.34500000000000003,1.0376599659843744
uncheatable,official_objective_endpoint,official_objective,0.35000000000000003,1.0376599659843744
uncheatable,official_objective_endpoint,official_objective,0.355,1.0376599659843744
uncheatable,official_objective_endpoint,official_objective,0.36,1.0376599659843744
uncheatable,official_objective_endpoint,official_objective,0.365,1.0376599659843744
uncheatable,official_objective_endpoint,official_objective,0.37,1.0376599659843744
uncheatable,official_objective_endpoint,official_objective,0.375,1.0376599659843744
uncheatable,official_objective_endpoint,official_objective,0.38,1.0376599659843744
uncheatable,official_objective_endpoint,official_objective,0.385,1.037484710682812
uncheatable,official_objective_endpoint,official_objective,0.39,1.0364474143473141
uncheatable,official_objective_endpoint,official_objective,0.395,1.0364474143473141
uncheatable,official_objective_endpoint,official_objective,0.4,1.0364474143473141
uncheatable,official_objective_endpoint,official_objective,0.405,1.0364474143473141
uncheatable,official_objective_endpoint,official_objective,0.41000000000000003,1.0373510653702815
uncheatable,official_objective_endpoint,official_objective,0.41500000000000004,1.0373034557607719
uncheatable,official_objective_endpoint,official_objective,0.42,1.0373034557607719
uncheatable,official_objective_endpoint,official_objective,0.425,1.0373034557607719
uncheatable,official_objective_endpoint,official_objective,0.43,1.0373807742762606
uncheatable,official_objective_endpoint,official_objective,0.435,1.0375384122726066
uncheatable,official_objective_endpoint,official_objective,0.44,1.0375384122726066
uncheatable,official_objective_endpoint,official_objective,0.445,1.0375384122726066
uncheatable,official_objective_endpoint,official_objective,0.45,1.0375384122726066
uncheatable,official_objective_endpoint,official_objective,0.455,1.0375384122726066
uncheatable,official_objective_endpoint,official_objective,0.46,1.0372715769820462
uncheatable,official_objective_endpoint,official_objective,0.465,1.0373094611957574
uncheatable,official_objective_endpoint,official_objective,0.47000000000000003,1.034551906443314
uncheatable,official_objective_endpoint,official_objective,0.47500000000000003,1.034551906443314
uncheatable,official_objective_endpoint,official_objective,0.48,1.034551906443314
uncheatable,official_objective_endpoint,official_objective,0.485,1.0345936557193018
uncheatable,official_objective_endpoint,official_objective,0.49,1.0345936557193018
uncheatable,official_objective_endpoint,official_objective,0.495,1.0345936557193018
uncheatable,official_objective_endpoint,official_objective,0.5,1.0345936557193018
uncheatable,official_objective_endpoint,official_objective,0.505,1.0345936557193018
uncheatable,official_objective_endpoint,official_objective,0.51,1.0345936557193018
uncheatable,official_objective_endpoint,official_objective,0.515,1.034445501908764
uncheatable,official_objective_endpoint,official_objective,0.52,1.034445501908764
uncheatable,official_objective_endpoint,official_objective,0.525,1.034445501908764
uncheatable,official_objective_endpoint,official_objective,0.53,1.034445501908764
uncheatable,official_objective_endpoint,official_objective,0.535,1.034445501908764
uncheatable,official_objective_endpoint,official_objective,0.54,1.034445501908764
uncheatable,official_objective_endpoint,official_objective,0.545,1.032584062842475
uncheatable,official_objective_endpoint,official_objective,0.55,1.032584062842475
uncheatable,official_objective_endpoint,official_objective,0.555,1.0328890941858562
uncheatable,official_objective_endpoint,official_objective,0.56,1.0328890941858562
uncheatable,official_objective_endpoint,official_objective,0.5650000000000001,1.0330436542380144
uncheatable,official_objective_endpoint,official_objective,0.5700000000000001,1.0330436542380144
uncheatable,official_objective_endpoint,official_objective,0.5750000000000001,1.0330436542380144
uncheatable,official_objective_endpoint,official_objective,0.58,1.0330436542380144
uncheatable,official_objective_endpoint,official_objective,0.585,1.0330436542380144
uncheatable,official_objective_endpoint,official_objective,0.59,1.0330436542380144
uncheatable,official_objective_endpoint,official_objective,0.595,1.0330436542380144
uncheatable,official_objective_endpoint,official_objective,0.6,1.0331679532007911
uncheatable,official_objective_endpoint,official_objective,0.605,1.0331679532007911
uncheatable,official_objective_endpoint,official_objective,0.61,1.0331679532007911
uncheatable,official_objective_endpoint,official_objective,0.615,1.0331679532007911
uncheatable,official_objective_endpoint,official_objective,0.62,1.0331679532007911
uncheatable,official_objective_endpoint,official_objective,0.625,1.0331679532007911
uncheatable,official_objective_endpoint,official_objective,0.63,1.0331679532007911
uncheatable,official_objective_endpoint,official_objective,0.635,1.0331679532007911
uncheatable,official_objective_endpoint,official_objective,0.64,1.0331152674879
uncheatable,official_objective_endpoint,official_objective,0.645,1.0330048569425347
uncheatable,official_objective_endpoint,official_objective,0.65,1.0330048569425347
uncheatable,official_objective_endpoint,official_objective,0.655,1.0330048569425347
uncheatable,official_objective_endpoint,official_objective,0.66,1.0330048569425347
uncheatable,official_objective_endpoint,official_objective,0.665,1.0330048569425347
uncheatable,official_objective_endpoint,official_objective,0.67,1.0330048569425347
uncheatable,official_objective_endpoint,official_objective,0.675,1.0330916191849446
uncheatable,official_objective_endpoint,official_objective,0.68,1.0330916191849446
uncheatable,official_objective_endpoint,official_objective,0.685,1.0330916191849446
uncheatable,official_objective_endpoint,official_objective,0.6900000000000001,1.0330916191849446
uncheatable,official_objective_endpoint,official_objective,0.6950000000000001,1.0330916191849446
uncheatable,official_objective_endpoint,official_objective,0.7000000000000001,1.0330916191849446
uncheatable,official_objective_endpoint,official_objective,0.705,1.0330916191849446
uncheatable,official_objective_endpoint,official_objective,0.71,1.0330916191849446
uncheatable,official_objective_endpoint,official_objective,0.715,1.0330916191849446
uncheatable,official_objective_endpoint,official_objective,0.72,1.0330916191849446
uncheatable,official_objective_endpoint,official_objective,0.725,1.0330916191849446
uncheatable,official_objective_endpoint,official_objective,0.73,1.0330916191849446
uncheatable,official_objective_endpoint,official_objective,0.735,1.0330916191849446
uncheatable,official_objective_endpoint,official_objective,0.74,1.0330916191849446
uncheatable,official_objective_endpoint,official_objective,0.745,1.0330916191849446
uncheatable,official_objective_endpoint,official_objective,0.75,1.0330916191849446
uncheatable,official_objective_endpoint,official_objective,0.755,1.0330916191849446
uncheatable,official_objective_endpoint,official_objective,0.76,1.0330916191849446
uncheatable,official_objective_endpoint,official_objective,0.765,1.0330916191849446
uncheatable,official_objective_endpoint,official_objective,0.77,1.0330916191849446
uncheatable,official_objective_endpoint,official_objective,0.775,1.0330916191849446
uncheatable,official_objective_endpoint,official_objective,0.78,1.0330916191849446
uncheatable,official_objective_endpoint,official_objective,0.785,1.0334575481071417
uncheatable,official_objective_endpoint,official_objective,0.79,1.0334981646302184
uncheatable,official_objective_endpoint,official_objective,0.795,1.0334981646302184
uncheatable,official_objective_endpoint,official_objective,0.8,1.0334981646302184
uncheatable,official_objective_endpoint,official_objective,0.805,1.0334981646302184
uncheatable,official_objective_endpoint,official_objective,0.81,1.0334981646302184
uncheatable,official_objective_endpoint,official_objective,0.8150000000000001,1.0334981646302184
uncheatable,official_objective_endpoint,official_objective,0.8200000000000001,1.0334981646302184
uncheatable,official_objective_endpoint,official_objective,0.8250000000000001,1.0334981646302184
uncheatable,official_objective_endpoint,official_objective,0.8300000000000001,1.0334981646302184
uncheatable,official_objective_endpoint,official_objective,0.835,1.0334981646302184
uncheatable,official_objective_endpoint,official_objective,0.84,1.0334981646302184
uncheatable,official_objective_endpoint,official_objective,0.845,1.0334981646302184
uncheatable,official_objective_endpoint,official_objective,0.85,1.033590402356033
uncheatable,official_objective_endpoint,official_objective,0.855,1.033590402356033
uncheatable,official_objective_endpoint,official_objective,0.86,1.033590402356033
uncheatable,official_objective_endpoint,official_objective,0.865,1.033873257423205
uncheatable,official_objective_endpoint,official_objective,0.87,1.033873257423205
uncheatable,official_objective_endpoint,official_objective,0.875,1.033873257423205
uncheatable,official_objective_endpoint,official_objective,0.88,1.0339460424621727
uncheatable,official_objective_endpoint,official_objective,0.885,1.034144505647252
uncheatable,official_objective_endpoint,official_objective,0.89,1.034144505647252
uncheatable,official_objective_endpoint,official_objective,0.895,1.034144505647252
uncheatable,official_objective_endpoint,official_objective,0.9,1.034307189081998
uncheatable,official_objective_endpoint,official_objective,0.905,1.034307189081998
uncheatable,official_objective_endpoint,official_objective,0.91,1.034307189081998
uncheatable,official_objective_endpoint,official_objective,0.915,1.034307189081998
uncheatable,official_objective_endpoint,official_objective,0.92,1.034307189081998
uncheatable,official_objective_endpoint,official_objective,0.925,1.034307189081998
uncheatable,official_objective_endpoint,official_objective,0.93,1.034307189081998
uncheatable,official_objective_endpoint,official_objective,0.935,1.034307189081998
uncheatable,official_objective_endpoint,official_objective,0.9400000000000001,1.034307189081998
uncheatable,official_objective_endpoint,official_objective,0.9450000000000001,1.034307189081998
uncheatable,official_objective_endpoint,official_objective,0.9500000000000001,1.0343442887706527
uncheatable,official_objective_endpoint,official_objective,0.9550000000000001,1.0344490315474
uncheatable,official_objective_endpoint,official_objective,0.96,1.0344490315474
uncheatable,official_objective_endpoint,official_objective,0.965,1.0344490315474
uncheatable,official_objective_endpoint,official_objective,0.97,1.0344806507912387
uncheatable,official_objective_endpoint,official_objective,0.975,1.0354661057504595
uncheatable,official_objective_endpoint,official_objective,0.98,1.0354840892290529
uncheatable,official_objective_endpoint,official_objective,0.985,1.0354840892290529
uncheatable,official_objective_endpoint,official_objective,0.99,1.0354840892290529
uncheatable,official_objective_endpoint,official_objective,0.995,1.0354840892290529
uncheatable,official_objective_endpoint,official_objective,1.0,1.0354840892290529
uncheatable,official_objective_endpoint,official_components,0.0,1.024110706416276
uncheatable,official_objective_endpoint,official_components,0.005,1.024110706416276
uncheatable,official_objective_endpoint,official_components,0.01,1.024183288620783
uncheatable,official_objective_endpoint,official_components,0.015,1.0240897868745777
uncheatable,official_objective_endpoint,official_components,0.02,1.024096030533947
uncheatable,official_objective_endpoint,official_components,0.025,1.024096030533947
uncheatable,official_objective_endpoint,official_components,0.03,1.024067929435343
uncheatable,official_objective_endpoint,official_components,0.035,1.024067929435343
uncheatable,official_objective_endpoint,official_components,0.04,1.024067929435343
uncheatable,official_objective_endpoint,official_components,0.045,1.024067929435343
uncheatable,official_objective_endpoint,official_components,0.05,1.024067929435343
uncheatable,official_objective_endpoint,official_components,0.055,1.024067929435343
uncheatable,official_objective_endpoint,official_components,0.06,1.024067929435343
uncheatable,official_objective_endpoint,official_components,0.065,1.024067929435343
uncheatable,official_objective_endpoint,official_components,0.07,1.024067929435343
uncheatable,official_objective_endpoint,official_components,0.075,1.0240866060996883
uncheatable,official_objective_endpoint,official_components,0.08,1.0240866060996883
uncheatable,official_objective_endpoint,official_components,0.085,1.0240866060996883
uncheatable,official_objective_endpoint,official_components,0.09,1.0240866060996883
uncheatable,official_objective_endpoint,official_components,0.095,1.0240866060996883
uncheatable,official_objective_endpoint,official_components,0.1,1.0239393905161718
uncheatable,official_objective_endpoint,official_components,0.105,1.0239393905161718
uncheatable,official_objective_endpoint,official_components,0.11,1.0239393905161718
uncheatable,official_objective_endpoint,official_components,0.115,1.0239393905161718
uncheatable,official_objective_endpoint,official_components,0.12,1.0239393905161718
uncheatable,official_objective_endpoint,official_components,0.125,1.0239393905161718
uncheatable,official_objective_endpoint,official_components,0.13,1.0239393905161718
uncheatable,official_objective_endpoint,official_components,0.135,1.0239393905161718
uncheatable,official_objective_endpoint,official_components,0.14,1.0244477791523663
uncheatable,official_objective_endpoint,official_components,0.145,1.0244477791523663
uncheatable,official_objective_endpoint,official_components,0.15,1.0244477791523663
uncheatable,official_objective_endpoint,official_components,0.155,1.0244477791523663
uncheatable,official_objective_endpoint,official_components,0.16,1.0244477791523663
uncheatable,official_objective_endpoint,official_components,0.165,1.0244477791523663
uncheatable,official_objective_endpoint,official_components,0.17,1.025085668904006
uncheatable,official_objective_endpoint,official_components,0.17500000000000002,1.025085668904006
uncheatable,official_objective_endpoint,official_components,0.18,1.0250748726257974
uncheatable,official_objective_endpoint,official_components,0.185,1.0250748726257974
uncheatable,official_objective_endpoint,official_components,0.19,1.0252247506534882
uncheatable,official_objective_endpoint,official_components,0.195,1.025252162620959
uncheatable,official_objective_endpoint,official_components,0.2,1.0252801091400892
uncheatable,official_objective_endpoint,official_components,0.20500000000000002,1.0252801091400892
uncheatable,official_objective_endpoint,official_components,0.21,1.0252770889665523
uncheatable,official_objective_endpoint,official_components,0.215,1.0254727528859329
uncheatable,official_objective_endpoint,official_components,0.22,1.0253940972018234
uncheatable,official_objective_endpoint,official_components,0.225,1.0253801413999997
uncheatable,official_objective_endpoint,official_components,0.23,1.0253801413999997
uncheatable,official_objective_endpoint,official_components,0.23500000000000001,1.0252363759501324
uncheatable,official_objective_endpoint,official_components,0.24,1.0252363759501324
uncheatable,official_objective_endpoint,official_components,0.245,1.0252363759501324
uncheatable,official_objective_endpoint,official_components,0.25,1.0251804547767231
uncheatable,official_objective_endpoint,official_components,0.255,1.0251804547767231
uncheatable,official_objective_endpoint,official_components,0.26,1.0251804547767231
uncheatable,official_objective_endpoint,official_components,0.265,1.0251022086227946
uncheatable,official_objective_endpoint,official_components,0.27,1.0250833377675677
uncheatable,official_objective_endpoint,official_components,0.275,1.0250833377675677
uncheatable,official_objective_endpoint,official_components,0.28,1.0249859789083628
uncheatable,official_objective_endpoint,official_components,0.28500000000000003,1.0249672705822754
uncheatable,official_objective_endpoint,official_components,0.29,1.0249377820742331
uncheatable,official_objective_endpoint,official_components,0.295,1.0249377820742331
uncheatable,official_objective_endpoint,official_components,0.3,1.0249341603522462
uncheatable,official_objective_endpoint,official_components,0.305,1.0249341603522462
uncheatable,official_objective_endpoint,official_components,0.31,1.0249341603522462
uncheatable,official_objective_endpoint,official_components,0.315,1.0249120289529305
uncheatable,official_objective_endpoint,official_components,0.32,1.0249120289529305
uncheatable,official_objective_endpoint,official_components,0.325,1.0248328519317365
uncheatable,official_objective_endpoint,official_components,0.33,1.0246444456185873
uncheatable,official_objective_endpoint,official_components,0.335,1.0246478483399164
uncheatable,official_objective_endpoint,official_components,0.34,1.024757117697018
uncheatable,official_objective_endpoint,official_components,0.34500000000000003,1.0245235300831161
uncheatable,official_objective_endpoint,official_components,0.35000000000000003,1.0243949791166123
uncheatable,official_objective_endpoint,official_components,0.355,1.0243949791166123
uncheatable,official_objective_endpoint,official_components,0.36,1.0244080310581765
uncheatable,official_objective_endpoint,official_components,0.365,1.0244080310581765
uncheatable,official_objective_endpoint,official_components,0.37,1.0245795273639318
uncheatable,official_objective_endpoint,official_components,0.375,1.0245795273639318
uncheatable,official_objective_endpoint,official_components,0.38,1.0248060116453737
uncheatable,official_objective_endpoint,official_components,0.385,1.0248060116453737
uncheatable,official_objective_endpoint,official_components,0.39,1.0245461749310882
uncheatable,official_objective_endpoint,official_components,0.395,1.0245392823305894
uncheatable,official_objective_endpoint,official_components,0.4,1.0248487930992611
uncheatable,official_objective_endpoint,official_components,0.405,1.0248592593680623
uncheatable,official_objective_endpoint,official_components,0.41000000000000003,1.0253241262682904
uncheatable,official_objective_endpoint,official_components,0.41500000000000004,1.0253241262682904
uncheatable,official_objective_endpoint,official_components,0.42,1.02533247181133
uncheatable,official_objective_endpoint,official_components,0.425,1.02533247181133
uncheatable,official_objective_endpoint,official_components,0.43,1.0239662335401845
uncheatable,official_objective_endpoint,official_components,0.435,1.0239369548615365
uncheatable,official_objective_endpoint,official_components,0.44,1.023929992618516
uncheatable,official_objective_endpoint,official_components,0.445,1.0239217688217073
uncheatable,official_objective_endpoint,official_components,0.45,1.024028700446555
uncheatable,official_objective_endpoint,official_components,0.455,1.024053824336256
uncheatable,official_objective_endpoint,official_components,0.46,1.024053824336256
uncheatable,official_objective_endpoint,official_components,0.465,1.0241410222936245
uncheatable,official_objective_endpoint,official_components,0.47000000000000003,1.0238416486125754
uncheatable,official_objective_endpoint,official_components,0.47500000000000003,1.024183407172429
uncheatable,official_objective_endpoint,official_components,0.48,1.024183407172429
uncheatable,official_objective_endpoint,official_components,0.485,1.024183407172429
uncheatable,official_objective_endpoint,official_components,0.49,1.024190923722361
uncheatable,official_objective_endpoint,official_components,0.495,1.024190923722361
uncheatable,official_objective_endpoint,official_components,0.5,1.0240946306082754
uncheatable,official_objective_endpoint,official_components,0.505,1.0240062943667358
uncheatable,official_objective_endpoint,official_components,0.51,1.0240062943667358
uncheatable,official_objective_endpoint,official_components,0.515,1.0239419563148415
uncheatable,official_objective_endpoint,official_components,0.52,1.0239969162535314
uncheatable,official_objective_endpoint,official_components,0.525,1.0239969162535314
uncheatable,official_objective_endpoint,official_components,0.53,1.0239457140385562
uncheatable,official_objective_endpoint,official_components,0.535,1.0239457140385562
uncheatable,official_objective_endpoint,official_components,0.54,1.0239457140385562
uncheatable,official_objective_endpoint,official_components,0.545,1.0237171943746246
uncheatable,official_objective_endpoint,official_components,0.55,1.0237171943746246
uncheatable,official_objective_endpoint,official_components,0.555,1.0237789926373229
uncheatable,official_objective_endpoint,official_components,0.56,1.0237789926373229
uncheatable,official_objective_endpoint,official_components,0.5650000000000001,1.0238079514590732
uncheatable,official_objective_endpoint,official_components,0.5700000000000001,1.0237264087959836
uncheatable,official_objective_endpoint,official_components,0.5750000000000001,1.0237264087959836
uncheatable,official_objective_endpoint,official_components,0.58,1.0237152478772547
uncheatable,official_objective_endpoint,official_components,0.585,1.0237152478772547
uncheatable,official_objective_endpoint,official_components,0.59,1.0237152478772547
uncheatable,official_objective_endpoint,official_components,0.595,1.024047432985864
uncheatable,official_objective_endpoint,official_components,0.6,1.025564324317307
uncheatable,official_objective_endpoint,official_components,0.605,1.0255385654794562
uncheatable,official_objective_endpoint,official_components,0.61,1.0255385654794562
uncheatable,official_objective_endpoint,official_components,0.615,1.0255385654794562
uncheatable,official_objective_endpoint,official_components,0.62,1.0255059848056016
uncheatable,official_objective_endpoint,official_components,0.625,1.0255059848056016
uncheatable,official_objective_endpoint,official_components,0.63,1.0255263764108296
uncheatable,official_objective_endpoint,official_components,0.635,1.0255263764108296
uncheatable,official_objective_endpoint,official_components,0.64,1.0255109345453528
uncheatable,official_objective_endpoint,official_components,0.645,1.0254732599914984
uncheatable,official_objective_endpoint,official_components,0.65,1.0253901933362282
uncheatable,official_objective_endpoint,official_components,0.655,1.025304589015228
uncheatable,official_objective_endpoint,official_components,0.66,1.025312959295316
uncheatable,official_objective_endpoint,official_components,0.665,1.025312959295316
uncheatable,official_objective_endpoint,official_components,0.67,1.0253036255022916
uncheatable,official_objective_endpoint,official_components,0.675,1.0251532166096315
uncheatable,official_objective_endpoint,official_components,0.68,1.0246166364595322
uncheatable,official_objective_endpoint,official_components,0.685,1.0246166364595322
uncheatable,official_objective_endpoint,official_components,0.6900000000000001,1.0245353624070743
uncheatable,official_objective_endpoint,official_components,0.6950000000000001,1.0245353624070743
uncheatable,official_objective_endpoint,official_components,0.7000000000000001,1.0245353624070743
uncheatable,official_objective_endpoint,official_components,0.705,1.0187037563307049
uncheatable,official_objective_endpoint,official_components,0.71,1.0187037563307049
uncheatable,official_objective_endpoint,official_components,0.715,1.0187037563307049
uncheatable,official_objective_endpoint,official_components,0.72,1.0186465107337535
uncheatable,official_objective_endpoint,official_components,0.725,1.0186552610901778
uncheatable,official_objective_endpoint,official_components,0.73,1.018644334471581
uncheatable,official_objective_endpoint,official_components,0.735,1.019175023929038
uncheatable,official_objective_endpoint,official_components,0.74,1.0191800580836863
uncheatable,official_objective_endpoint,official_components,0.745,1.0191198949640516
uncheatable,official_objective_endpoint,official_components,0.75,1.019176282890251
uncheatable,official_objective_endpoint,official_components,0.755,1.019081213168917
uncheatable,official_objective_endpoint,official_components,0.76,1.0190463368602711
uncheatable,official_objective_endpoint,official_components,0.765,1.0190463368602711
uncheatable,official_objective_endpoint,official_components,0.77,1.0191875191521464
uncheatable,official_objective_endpoint,official_components,0.775,1.0191875191521464
uncheatable,official_objective_endpoint,official_components,0.78,1.0192253337450494
uncheatable,official_objective_endpoint,official_components,0.785,1.0192426144135536
uncheatable,official_objective_endpoint,official_components,0.79,1.0195989396699718
uncheatable,official_objective_endpoint,official_components,0.795,1.0195989396699718
uncheatable,official_objective_endpoint,official_components,0.8,1.0195989396699718
uncheatable,official_objective_endpoint,official_components,0.805,1.019641871871948
uncheatable,official_objective_endpoint,official_components,0.81,1.019641871871948
uncheatable,official_objective_endpoint,official_components,0.8150000000000001,1.019641871871948
uncheatable,official_objective_endpoint,official_components,0.8200000000000001,1.0200894677789138
uncheatable,official_objective_endpoint,official_components,0.8250000000000001,1.0210042836797881
uncheatable,official_objective_endpoint,official_components,0.8300000000000001,1.0210042836797881
uncheatable,official_objective_endpoint,official_components,0.835,1.0210042836797881
uncheatable,official_objective_endpoint,official_components,0.84,1.021041852782914
uncheatable,official_objective_endpoint,official_components,0.845,1.021041852782914
uncheatable,official_objective_endpoint,official_components,0.85,1.0212522380173987
uncheatable,official_objective_endpoint,official_components,0.855,1.021300548838686
uncheatable,official_objective_endpoint,official_components,0.86,1.021365596774902
uncheatable,official_objective_endpoint,official_components,0.865,1.0214328829696373
uncheatable,official_objective_endpoint,official_components,0.87,1.0214328829696373
uncheatable,official_objective_endpoint,official_components,0.875,1.024386962670263
uncheatable,official_objective_endpoint,official_components,0.88,1.0245049357925111
uncheatable,official_objective_endpoint,official_components,0.885,1.0245611604108733
uncheatable,official_objective_endpoint,official_components,0.89,1.0245684640703512
uncheatable,official_objective_endpoint,official_components,0.895,1.0256810946500607
uncheatable,official_objective_endpoint,official_components,0.9,1.0258181821014043
uncheatable,official_objective_endpoint,official_components,0.905,1.0258181821014043
uncheatable,official_objective_endpoint,official_components,0.91,1.0258006944850249
uncheatable,official_objective_endpoint,official_components,0.915,1.0257778307301353
uncheatable,official_objective_endpoint,official_components,0.92,1.0257778307301353
uncheatable,official_objective_endpoint,official_components,0.925,1.0258896180632924
uncheatable,official_objective_endpoint,official_components,0.93,1.0258896180632924
uncheatable,official_objective_endpoint,official_components,0.935,1.0258193336676458
uncheatable,official_objective_endpoint,official_components,0.9400000000000001,1.0260634489124212
uncheatable,official_objective_endpoint,official_components,0.9450000000000001,1.0260634489124212
uncheatable,official_objective_endpoint,official_components,0.9500000000000001,1.0261353011156986
uncheatable,official_objective_endpoint,official_components,0.9550000000000001,1.0261353011156986
uncheatable,official_objective_endpoint,official_components,0.96,1.0261353011156986
uncheatable,official_objective_endpoint,official_components,0.965,1.0265101924511977
uncheatable,official_objective_endpoint,official_components,0.97,1.0265458559195846
uncheatable,official_objective_endpoint,official_components,0.975,1.0265494105629416
uncheatable,official_objective_endpoint,official_components,0.98,1.0269021970402084
uncheatable,official_objective_endpoint,official_components,0.985,1.0269918350010514
uncheatable,official_objective_endpoint,official_components,0.99,1.0269918350010514
uncheatable,official_objective_endpoint,official_components,0.995,1.0270198825602954
uncheatable,official_objective_endpoint,official_components,1.0,1.027376140503895
uncheatable,official_objective_endpoint,prior_only,0.0,1.0083559823343018
uncheatable,official_objective_endpoint,prior_only,0.005,1.0083660469070155
uncheatable,official_objective_endpoint,prior_only,0.01,1.00838870277852
uncheatable,official_objective_endpoint,prior_only,0.015,1.00838870277852
uncheatable,official_objective_endpoint,prior_only,0.02,1.00838870277852
uncheatable,official_objective_endpoint,prior_only,0.025,1.00838870277852
uncheatable,official_objective_endpoint,prior_only,0.03,1.008387707883156
uncheatable,official_objective_endpoint,prior_only,0.035,1.008387707883156
uncheatable,official_objective_endpoint,prior_only,0.04,1.008387707883156
uncheatable,official_objective_endpoint,prior_only,0.045,1.008387707883156
uncheatable,official_objective_endpoint,prior_only,0.05,1.008387707883156
uncheatable,official_objective_endpoint,prior_only,0.055,1.008387707883156
uncheatable,official_objective_endpoint,prior_only,0.06,1.00849760469773
uncheatable,official_objective_endpoint,prior_only,0.065,1.00849760469773
uncheatable,official_objective_endpoint,prior_only,0.07,1.00849760469773
uncheatable,official_objective_endpoint,prior_only,0.075,1.008458825368335
uncheatable,official_objective_endpoint,prior_only,0.08,1.008458825368335
uncheatable,official_objective_endpoint,prior_only,0.085,1.008458825368335
uncheatable,official_objective_endpoint,prior_only,0.09,1.008458825368335
uncheatable,official_objective_endpoint,prior_only,0.095,1.008458825368335
uncheatable,official_objective_endpoint,prior_only,0.1,1.009009410248162
uncheatable,official_objective_endpoint,prior_only,0.105,1.009009410248162
uncheatable,official_objective_endpoint,prior_only,0.11,1.009009410248162
uncheatable,official_objective_endpoint,prior_only,0.115,1.009009410248162
uncheatable,official_objective_endpoint,prior_only,0.12,1.009009410248162
uncheatable,official_objective_endpoint,prior_only,0.125,1.009009410248162
uncheatable,official_objective_endpoint,prior_only,0.13,1.009009410248162
uncheatable,official_objective_endpoint,prior_only,0.135,1.0086532845728846
uncheatable,official_objective_endpoint,prior_only,0.14,1.0086532845728846
uncheatable,official_objective_endpoint,prior_only,0.145,1.00858853852491
uncheatable,official_objective_endpoint,prior_only,0.15,1.00858853852491
uncheatable,official_objective_endpoint,prior_only,0.155,1.0085563798505444
uncheatable,official_objective_endpoint,prior_only,0.16,1.0088541163951756
uncheatable,official_objective_endpoint,prior_only,0.165,1.0088541163951756
uncheatable,official_objective_endpoint,prior_only,0.17,1.0086102980349871
uncheatable,official_objective_endpoint,prior_only,0.17500000000000002,1.0086518563548812
uncheatable,official_objective_endpoint,prior_only,0.18,1.0086518563548812
uncheatable,official_objective_endpoint,prior_only,0.185,1.008504525388087
uncheatable,official_objective_endpoint,prior_only,0.19,1.008504525388087
uncheatable,official_objective_endpoint,prior_only,0.195,1.008504525388087
uncheatable,official_objective_endpoint,prior_only,0.2,1.008504525388087
uncheatable,official_objective_endpoint,prior_only,0.20500000000000002,1.0083981898093848
uncheatable,official_objective_endpoint,prior_only,0.21,1.0083981898093848
uncheatable,official_objective_endpoint,prior_only,0.215,1.008386694557546
uncheatable,official_objective_endpoint,prior_only,0.22,1.0083427525604072
uncheatable,official_objective_endpoint,prior_only,0.225,1.008360799204623
uncheatable,official_objective_endpoint,prior_only,0.23,1.0083049381820328
uncheatable,official_objective_endpoint,prior_only,0.23500000000000001,1.0084147863745367
uncheatable,official_objective_endpoint,prior_only,0.24,1.0084147863745367
uncheatable,official_objective_endpoint,prior_only,0.245,1.0084147863745367
uncheatable,official_objective_endpoint,prior_only,0.25,1.0084226623246417
uncheatable,official_objective_endpoint,prior_only,0.255,1.0084374658391604
uncheatable,official_objective_endpoint,prior_only,0.26,1.0084374658391604
uncheatable,official_objective_endpoint,prior_only,0.265,1.0084374658391604
uncheatable,official_objective_endpoint,prior_only,0.27,1.0084374658391604
uncheatable,official_objective_endpoint,prior_only,0.275,1.0084374658391604
uncheatable,official_objective_endpoint,prior_only,0.28,1.008434686644857
uncheatable,official_objective_endpoint,prior_only,0.28500000000000003,1.0083869613670133
uncheatable,official_objective_endpoint,prior_only,0.29,1.0083869613670133
uncheatable,official_objective_endpoint,prior_only,0.295,1.0087142340707842
uncheatable,official_objective_endpoint,prior_only,0.3,1.0087142340707842
uncheatable,official_objective_endpoint,prior_only,0.305,1.008697289663612
uncheatable,official_objective_endpoint,prior_only,0.31,1.008697289663612
uncheatable,official_objective_endpoint,prior_only,0.315,1.008697289663612
uncheatable,official_objective_endpoint,prior_only,0.32,1.008697289663612
uncheatable,official_objective_endpoint,prior_only,0.325,1.008697289663612
uncheatable,official_objective_endpoint,prior_only,0.33,1.008697289663612
uncheatable,official_objective_endpoint,prior_only,0.335,1.0088237841594143
uncheatable,official_objective_endpoint,prior_only,0.34,1.0088237841594143
uncheatable,official_objective_endpoint,prior_only,0.34500000000000003,1.0088581399024628
uncheatable,official_objective_endpoint,prior_only,0.35000000000000003,1.008842734903612
uncheatable,official_objective_endpoint,prior_only,0.355,1.008721865877058
uncheatable,official_objective_endpoint,prior_only,0.36,1.008721865877058
uncheatable,official_objective_endpoint,prior_only,0.365,1.0087053391740717
uncheatable,official_objective_endpoint,prior_only,0.37,1.0087415448418606
uncheatable,official_objective_endpoint,prior_only,0.375,1.0094895061474387
uncheatable,official_objective_endpoint,prior_only,0.38,1.0094827764351504
uncheatable,official_objective_endpoint,prior_only,0.385,1.0094827764351504
uncheatable,official_objective_endpoint,prior_only,0.39,1.0090712333309173
uncheatable,official_objective_endpoint,prior_only,0.395,1.0090296882058827
uncheatable,official_objective_endpoint,prior_only,0.4,1.0090509819219735
uncheatable,official_objective_endpoint,prior_only,0.405,1.0090509819219735
uncheatable,official_objective_endpoint,prior_only,0.41000000000000003,1.0103268640855796
uncheatable,official_objective_endpoint,prior_only,0.41500000000000004,1.0103293446169452
uncheatable,official_objective_endpoint,prior_only,0.42,1.0103387743688543
uncheatable,official_objective_endpoint,prior_only,0.425,1.0103307751227302
uncheatable,official_objective_endpoint,prior_only,0.43,1.0103307751227302
uncheatable,official_objective_endpoint,prior_only,0.435,1.0115790987284583
uncheatable,official_objective_endpoint,prior_only,0.44,1.0115790987284583
uncheatable,official_objective_endpoint,prior_only,0.445,1.0115790987284583
uncheatable,official_objective_endpoint,prior_only,0.45,1.0115790987284583
uncheatable,official_objective_endpoint,prior_only,0.455,1.0115790987284583
uncheatable,official_objective_endpoint,prior_only,0.46,1.0125722837315791
uncheatable,official_objective_endpoint,prior_only,0.465,1.0125415379866276
uncheatable,official_objective_endpoint,prior_only,0.47000000000000003,1.0126228521642195
uncheatable,official_objective_endpoint,prior_only,0.47500000000000003,1.0126054792669639
uncheatable,official_objective_endpoint,prior_only,0.48,1.0126054792669639
uncheatable,official_objective_endpoint,prior_only,0.485,1.0126054792669639
uncheatable,official_objective_endpoint,prior_only,0.49,1.0126054792669639
uncheatable,official_objective_endpoint,prior_only,0.495,1.0126054792669639
uncheatable,official_objective_endpoint,prior_only,0.5,1.0126054792669639
uncheatable,official_objective_endpoint,prior_only,0.505,1.0125892112437462
uncheatable,official_objective_endpoint,prior_only,0.51,1.0125892112437462
uncheatable,official_objective_endpoint,prior_only,0.515,1.0125892112437462
uncheatable,official_objective_endpoint,prior_only,0.52,1.0125892112437462
uncheatable,official_objective_endpoint,prior_only,0.525,1.0140673480554165
uncheatable,official_objective_endpoint,prior_only,0.53,1.014075823358899
uncheatable,official_objective_endpoint,prior_only,0.535,1.014075823358899
uncheatable,official_objective_endpoint,prior_only,0.54,1.0144746902204314
uncheatable,official_objective_endpoint,prior_only,0.545,1.0144746902204314
uncheatable,official_objective_endpoint,prior_only,0.55,1.005912679711461
uncheatable,official_objective_endpoint,prior_only,0.555,1.0061595538604509
uncheatable,official_objective_endpoint,prior_only,0.56,1.0061595538604509
uncheatable,official_objective_endpoint,prior_only,0.5650000000000001,1.0060819576907916
uncheatable,official_objective_endpoint,prior_only,0.5700000000000001,1.0060819576907916
uncheatable,official_objective_endpoint,prior_only,0.5750000000000001,1.00609085042255
uncheatable,official_objective_endpoint,prior_only,0.58,1.0058722856359743
uncheatable,official_objective_endpoint,prior_only,0.585,1.0063392094006893
uncheatable,official_objective_endpoint,prior_only,0.59,1.0063392094006893
uncheatable,official_objective_endpoint,prior_only,0.595,1.006409020405786
uncheatable,official_objective_endpoint,prior_only,0.6,1.0079659765546647
uncheatable,official_objective_endpoint,prior_only,0.605,1.0079659765546647
uncheatable,official_objective_endpoint,prior_only,0.61,1.0079737030918425
uncheatable,official_objective_endpoint,prior_only,0.615,1.0079737030918425
uncheatable,official_objective_endpoint,prior_only,0.62,1.0085190255795045
uncheatable,official_objective_endpoint,prior_only,0.625,1.0084876543741959
uncheatable,official_objective_endpoint,prior_only,0.63,1.0084876543741959
uncheatable,official_objective_endpoint,prior_only,0.635,1.008357858168406
uncheatable,official_objective_endpoint,prior_only,0.64,1.008357858168406
uncheatable,official_objective_endpoint,prior_only,0.645,1.0090753576005136
uncheatable,official_objective_endpoint,prior_only,0.65,1.0095029935404882
uncheatable,official_objective_endpoint,prior_only,0.655,1.00950283443149
uncheatable,official_objective_endpoint,prior_only,0.66,1.00950283443149
uncheatable,official_objective_endpoint,prior_only,0.665,1.009541892246478
uncheatable,official_objective_endpoint,prior_only,0.67,1.0095420488763027
uncheatable,official_objective_endpoint,prior_only,0.675,1.0093733473031754
uncheatable,official_objective_endpoint,prior_only,0.68,1.0093733473031754
uncheatable,official_objective_endpoint,prior_only,0.685,1.0095479127488458
uncheatable,official_objective_endpoint,prior_only,0.6900000000000001,1.0095479127488458
uncheatable,official_objective_endpoint,prior_only,0.6950000000000001,1.0095479127488458
uncheatable,official_objective_endpoint,prior_only,0.7000000000000001,1.009438188077107
uncheatable,official_objective_endpoint,prior_only,0.705,1.009438188077107
uncheatable,official_objective_endpoint,prior_only,0.71,1.0097106392886896
uncheatable,official_objective_endpoint,prior_only,0.715,1.0099636919360042
uncheatable,official_objective_endpoint,prior_only,0.72,1.0100129526261021
uncheatable,official_objective_endpoint,prior_only,0.725,1.0100129526261021
uncheatable,official_objective_endpoint,prior_only,0.73,1.0101258537032716
uncheatable,official_objective_endpoint,prior_only,0.735,1.0105110115543627
uncheatable,official_objective_endpoint,prior_only,0.74,1.0105110115543627
uncheatable,official_objective_endpoint,prior_only,0.745,1.010581624993786
uncheatable,official_objective_endpoint,prior_only,0.75,1.010581624993786
uncheatable,official_objective_endpoint,prior_only,0.755,1.010709228359655
uncheatable,official_objective_endpoint,prior_only,0.76,1.010715295519318
uncheatable,official_objective_endpoint,prior_only,0.765,1.0109739537360636
uncheatable,official_objective_endpoint,prior_only,0.77,1.0107649497602527
uncheatable,official_objective_endpoint,prior_only,0.775,1.0106482600530202
uncheatable,official_objective_endpoint,prior_only,0.78,1.011064100723655
uncheatable,official_objective_endpoint,prior_only,0.785,1.011064100723655
uncheatable,official_objective_endpoint,prior_only,0.79,1.0114767885778462
uncheatable,official_objective_endpoint,prior_only,0.795,1.0114767885778462
uncheatable,official_objective_endpoint,prior_only,0.8,1.0115542717322874
uncheatable,official_objective_endpoint,prior_only,0.805,1.0114236654732651
uncheatable,official_objective_endpoint,prior_only,0.81,1.0115823223295388
uncheatable,official_objective_endpoint,prior_only,0.8150000000000001,1.0115823223295388
uncheatable,official_objective_endpoint,prior_only,0.8200000000000001,1.0115823223295388
uncheatable,official_objective_endpoint,prior_only,0.8250000000000001,1.0115823223295388
uncheatable,official_objective_endpoint,prior_only,0.8300000000000001,1.0115823223295388
uncheatable,official_objective_endpoint,prior_only,0.835,1.011583116377311
uncheatable,official_objective_endpoint,prior_only,0.84,1.0116435075440446
uncheatable,official_objective_endpoint,prior_only,0.845,1.0116432342467123
uncheatable,official_objective_endpoint,prior_only,0.85,1.0114473065971843
uncheatable,official_objective_endpoint,prior_only,0.855,1.0200787875733432
uncheatable,official_objective_endpoint,prior_only,0.86,1.0200787875733432
uncheatable,official_objective_endpoint,prior_only,0.865,1.019976988808329
uncheatable,official_objective_endpoint,prior_only,0.87,1.019976988808329
uncheatable,official_objective_endpoint,prior_only,0.875,1.0230310647608343
uncheatable,official_objective_endpoint,prior_only,0.88,1.0233803148715728
uncheatable,official_objective_endpoint,prior_only,0.885,1.0232489903361355
uncheatable,official_objective_endpoint,prior_only,0.89,1.0232213637762406
uncheatable,official_objective_endpoint,prior_only,0.895,1.0248497636973835
uncheatable,official_objective_endpoint,prior_only,0.9,1.0248497636973835
uncheatable,official_objective_endpoint,prior_only,0.905,1.0247633331797128
uncheatable,official_objective_endpoint,prior_only,0.91,1.0248296522514706
uncheatable,official_objective_endpoint,prior_only,0.915,1.0248296522514706
uncheatable,official_objective_endpoint,prior_only,0.92,1.0248296522514706
uncheatable,official_objective_endpoint,prior_only,0.925,1.0248296522514706
uncheatable,official_objective_endpoint,prior_only,0.93,1.0248296522514706
uncheatable,official_objective_endpoint,prior_only,0.935,1.024831972627943
uncheatable,official_objective_endpoint,prior_only,0.9400000000000001,1.024831972627943
uncheatable,official_objective_endpoint,prior_only,0.9450000000000001,1.02490061552955
uncheatable,official_objective_endpoint,prior_only,0.9500000000000001,1.02490061552955
uncheatable,official_objective_endpoint,prior_only,0.9550000000000001,1.0249905044038319
uncheatable,official_objective_endpoint,prior_only,0.96,1.0249905044038319
uncheatable,official_objective_endpoint,prior_only,0.965,1.0251442134915159
uncheatable,official_objective_endpoint,prior_only,0.97,1.0251510247630478
uncheatable,official_objective_endpoint,prior_only,0.975,1.0270992257468623
uncheatable,official_objective_endpoint,prior_only,0.98,1.0270992257468623
uncheatable,official_objective_endpoint,prior_only,0.985,1.0270992257468623
uncheatable,official_objective_endpoint,prior_only,0.99,1.0270992257468623
uncheatable,official_objective_endpoint,prior_only,0.995,1.0272804034682426
uncheatable,official_objective_endpoint,prior_only,1.0,1.0281058553846836
uncheatable,official_objective_endpoint,mariner,0.0,0.981031489746078
uncheatable,official_objective_endpoint,mariner,0.005,0.9810449936534682
uncheatable,official_objective_endpoint,mariner,0.01,0.98105957886992
uncheatable,official_objective_endpoint,mariner,0.015,0.9810752462677013
uncheatable,official_objective_endpoint,mariner,0.02,0.9810919969143848
uncheatable,official_objective_endpoint,mariner,0.025,0.9811098320722176
uncheatable,official_objective_endpoint,mariner,0.03,0.9811287531975752
uncheatable,official_objective_endpoint,mariner,0.035,0.9811487619404982
uncheatable,official_objective_endpoint,mariner,0.04,0.9811698601443093
uncheatable,official_objective_endpoint,mariner,0.045,0.981192049845315
uncheatable,official_objective_endpoint,mariner,0.05,0.9812153332725845
uncheatable,official_objective_endpoint,mariner,0.055,0.9812397128478056
uncheatable,official_objective_endpoint,mariner,0.06,0.9812651911852246
uncheatable,official_objective_endpoint,mariner,0.065,0.981291771091658
uncheatable,official_objective_endpoint,mariner,0.07,0.9813194555665842
uncheatable,official_objective_endpoint,mariner,0.075,0.98134824780231
uncheatable,official_objective_endpoint,mariner,0.08,0.9813781511842137
uncheatable,official_objective_endpoint,mariner,0.085,0.9814091692910618
uncheatable,official_objective_endpoint,mariner,0.09,0.9814413058954035
uncheatable,official_objective_endpoint,mariner,0.095,0.981474564964035
uncheatable,official_objective_endpoint,mariner,0.1,0.9815089506585428
uncheatable,official_objective_endpoint,mariner,0.105,0.9815444673359176
uncheatable,official_objective_endpoint,mariner,0.11,0.9815811195492434
uncheatable,official_objective_endpoint,mariner,0.115,0.9816189120484603
uncheatable,official_objective_endpoint,mariner,0.12,0.9816578497811997
uncheatable,official_objective_endpoint,mariner,0.125,0.981697937893695
uncheatable,official_objective_endpoint,mariner,0.13,0.9817391817317642
uncheatable,official_objective_endpoint,mariner,0.135,0.9817815868418677
uncheatable,official_objective_endpoint,mariner,0.14,0.9818251589722387
uncheatable,official_objective_endpoint,mariner,0.145,0.9818699040740901
uncheatable,official_objective_endpoint,mariner,0.15,0.9819158283028934
uncheatable,official_objective_endpoint,mariner,0.155,0.9819629380197337
uncheatable,official_objective_endpoint,mariner,0.16,0.9820112397927402
uncheatable,official_objective_endpoint,mariner,0.165,0.9820607403985917
uncheatable,official_objective_endpoint,mariner,0.17,0.9821114468240996
uncheatable,official_objective_endpoint,mariner,0.17500000000000002,0.9821633662678653
uncheatable,official_objective_endpoint,mariner,0.18,0.9822165061420187
uncheatable,official_objective_endpoint,mariner,0.185,0.9822708740740302
uncheatable,official_objective_endpoint,mariner,0.19,0.9823264779086064
uncheatable,official_objective_endpoint,mariner,0.195,0.982383325709661
uncheatable,official_objective_endpoint,mariner,0.2,0.9824414257623693
uncheatable,official_objective_endpoint,mariner,0.20500000000000002,0.9825007865753026
uncheatable,official_objective_endpoint,mariner,0.21,0.9825614168826449
uncheatable,official_objective_endpoint,mariner,0.215,0.9826233256464935
uncheatable,official_objective_endpoint,mariner,0.22,0.9826865220592432
uncheatable,official_objective_endpoint,mariner,0.225,0.9827510155460571
uncheatable,official_objective_endpoint,mariner,0.23,0.9828168157674224
uncheatable,official_objective_endpoint,mariner,0.23500000000000001,0.9828839326217959
uncheatable,official_objective_endpoint,mariner,0.24,0.9829523762483371
uncheatable,official_objective_endpoint,mariner,0.245,0.9830221570297341
uncheatable,official_objective_endpoint,mariner,0.25,0.9830932855951187
uncheatable,official_objective_endpoint,mariner,0.255,0.9831657728230774
uncheatable,official_objective_endpoint,mariner,0.26,0.9832396298447557
uncheatable,official_objective_endpoint,mariner,0.265,0.9833148680470615
uncheatable,official_objective_endpoint,mariner,0.27,0.9833914990759635
uncheatable,official_objective_endpoint,mariner,0.275,0.9834695348398935
uncheatable,official_objective_endpoint,mariner,0.28,0.9835489875132475
uncheatable,official_objective_endpoint,mariner,0.28500000000000003,0.9836298695399941
uncheatable,official_objective_endpoint,mariner,0.29,0.9837121936373845
uncheatable,official_objective_endpoint,mariner,0.295,0.9837959727997754
uncheatable,official_objective_endpoint,mariner,0.3,0.9838812203025582
uncheatable,official_objective_endpoint,mariner,0.305,0.983967949706203
uncheatable,official_objective_endpoint,mariner,0.31,0.984056174860416
uncheatable,official_objective_endpoint,mariner,0.315,0.9841459099084148
uncheatable,official_objective_endpoint,mariner,0.32,0.9842371692913223
uncheatable,official_objective_endpoint,mariner,0.325,0.9843299677526848
uncheatable,official_objective_endpoint,mariner,0.33,0.9844243203431126
uncheatable,official_objective_endpoint,mariner,0.335,0.9845202424250493
uncheatable,official_objective_endpoint,mariner,0.34,0.9846177496776732
uncheatable,official_objective_endpoint,mariner,0.34500000000000003,0.9847168581019288
uncheatable,official_objective_endpoint,mariner,0.35000000000000003,0.9848175840256977
uncheatable,official_objective_endpoint,mariner,0.355,0.9849199441091089
uncheatable,official_objective_endpoint,mariner,0.36,0.9850239553499902
uncheatable,official_objective_endpoint,mariner,0.365,0.9851296350894686
uncheatable,official_objective_endpoint,mariner,0.37,0.9852370010177198
uncheatable,official_objective_endpoint,mariner,0.375,0.9853460711798705
uncheatable,official_objective_endpoint,mariner,0.38,0.9854568639820592
uncheatable,official_objective_endpoint,mariner,0.385,0.9855693981976588
uncheatable,official_objective_endpoint,mariner,0.39,0.985683692973663
uncheatable,official_objective_endpoint,mariner,0.395,0.9857997678372441
uncheatable,official_objective_endpoint,mariner,0.4,0.985917642702484
uncheatable,official_objective_endpoint,mariner,0.405,0.986037337877284
uncheatable,official_objective_endpoint,mariner,0.41000000000000003,0.9861588740704572
uncheatable,official_objective_endpoint,mariner,0.41500000000000004,0.9862822723990102
uncheatable,official_objective_endpoint,mariner,0.42,0.9864075543956162
uncheatable,official_objective_endpoint,mariner,0.425,0.9865347420162871
uncheatable,official_objective_endpoint,mariner,0.43,0.9866638576482504
uncheatable,official_objective_endpoint,mariner,0.435,0.9867949241180316
uncheatable,official_objective_endpoint,mariner,0.44,0.9869279646997562
uncheatable,official_objective_endpoint,mariner,0.445,0.9870630031236681
uncheatable,official_objective_endpoint,mariner,0.45,0.9872000635848776
uncheatable,official_objective_endpoint,mariner,0.455,0.9873391707523417
uncheatable,official_objective_endpoint,mariner,0.46,0.9874803497780849
uncheatable,official_objective_endpoint,mariner,0.465,0.9876236263066651
uncheatable,official_objective_endpoint,mariner,0.47000000000000003,0.9877690264848962
uncheatable,official_objective_endpoint,mariner,0.47500000000000003,0.9879165769718287
uncheatable,official_objective_endpoint,mariner,0.48,0.988066304949001
uncheatable,official_objective_endpoint,mariner,0.485,0.9882182381309683
uncheatable,official_objective_endpoint,mariner,0.49,0.9883724047761132
uncheatable,official_objective_endpoint,mariner,0.495,0.988528833697753
uncheatable,official_objective_endpoint,mariner,0.5,0.9886875542755459
uncheatable,official_objective_endpoint,mariner,0.505,0.9888485964672133
uncheatable,official_objective_endpoint,mariner,0.51,0.9890119908205772
uncheatable,official_objective_endpoint,mariner,0.515,0.9891777684859326
uncheatable,official_objective_endpoint,mariner,0.52,0.989345961228759
uncheatable,official_objective_endpoint,mariner,0.525,0.9895166014427833
uncheatable,official_objective_endpoint,mariner,0.53,0.9896897221634058
uncheatable,official_objective_endpoint,mariner,0.535,0.9898653570815
uncheatable,official_objective_endpoint,mariner,0.54,0.9900435405575971
uncheatable,official_objective_endpoint,mariner,0.545,0.9902243076364723
uncheatable,official_objective_endpoint,mariner,0.55,0.9904076940621367
uncheatable,official_objective_endpoint,mariner,0.555,0.9905937362932584
uncheatable,official_objective_endpoint,mariner,0.56,0.9907824715190197
uncheatable,official_objective_endpoint,mariner,0.5650000000000001,0.9909739376754273
uncheatable,official_objective_endpoint,mariner,0.5700000000000001,0.991168173462091
uncheatable,official_objective_endpoint,mariner,0.5750000000000001,0.9913652183594854
uncheatable,official_objective_endpoint,mariner,0.58,0.9915651126467112
uncheatable,official_objective_endpoint,mariner,0.585,0.9917678974197744
uncheatable,official_objective_endpoint,mariner,0.59,0.9919736146103987
uncheatable,official_objective_endpoint,mariner,0.595,0.9921823070053917
uncheatable,official_objective_endpoint,mariner,0.6,0.9923940182665841
uncheatable,official_objective_endpoint,mariner,0.605,0.9926087929513597
uncheatable,official_objective_endpoint,mariner,0.61,0.9928266765337989
uncheatable,official_objective_endpoint,mariner,0.615,0.9930477154264592
uncheatable,official_objective_endpoint,mariner,0.62,0.9932719570028113
uncheatable,official_objective_endpoint,mariner,0.625,0.9934994496203587
uncheatable,official_objective_endpoint,mariner,0.63,0.9937302426444632
uncheatable,official_objective_endpoint,mariner,0.635,0.9939643864729028
uncheatable,official_objective_endpoint,mariner,0.64,0.9942019325611916
uncheatable,official_objective_endpoint,mariner,0.645,0.9944429334486863
uncheatable,official_objective_endpoint,mariner,0.65,0.9946874427855109
uncheatable,official_objective_endpoint,mariner,0.655,0.9949355153603331
uncheatable,official_objective_endpoint,mariner,0.66,0.9951872071290205
uncheatable,official_objective_endpoint,mariner,0.665,0.9954425752442153
uncheatable,official_objective_endpoint,mariner,0.67,0.9957016780858599
uncheatable,official_objective_endpoint,mariner,0.675,0.9959645752927136
uncheatable,official_objective_endpoint,mariner,0.68,0.9962313277949002
uncheatable,official_objective_endpoint,mariner,0.685,0.9965019978475237
uncheatable,official_objective_endpoint,mariner,0.6900000000000001,0.9967766490654025
uncheatable,official_objective_endpoint,mariner,0.6950000000000001,0.9970553464589627
uncheatable,official_objective_endpoint,mariner,0.7000000000000001,0.9973381564713392
uncheatable,official_objective_endpoint,mariner,0.705,0.9976251470167401
uncheatable,official_objective_endpoint,mariner,0.71,0.9979163875201208
uncheatable,official_objective_endpoint,mariner,0.715,0.9982119489582305
uncheatable,official_objective_endpoint,mariner,0.72,0.9985119039020847
uncheatable,official_objective_endpoint,mariner,0.725,0.9988163265609317
uncheatable,official_objective_endpoint,mariner,0.73,0.9991252928277756
uncheatable,official_objective_endpoint,mariner,0.735,0.9994388803265257
uncheatable,official_objective_endpoint,mariner,0.74,0.999757168460848
uncheatable,official_objective_endpoint,mariner,0.745,1.000080238464794
uncheatable,official_objective_endpoint,mariner,0.75,1.0004081734552923
uncheatable,official_objective_endpoint,mariner,0.755,1.000741058486586
uncheatable,official_objective_endpoint,mariner,0.76,1.0010789806067126
uncheatable,official_objective_endpoint,mariner,0.765,1.0014220289161224
uncheatable,official_objective_endpoint,mariner,0.77,1.0017702946285372
uncheatable,official_objective_endpoint,mariner,0.775,1.002123871134164
uncheatable,official_objective_endpoint,mariner,0.78,1.0024828540653772
uncheatable,official_objective_endpoint,mariner,0.785,1.0028473413649948
uncheatable,official_objective_endpoint,mariner,0.79,1.003217433357283
uncheatable,official_objective_endpoint,mariner,0.795,1.0035932328218253
uncheatable,official_objective_endpoint,mariner,0.8,1.003974845070415
uncheatable,official_objective_endpoint,mariner,0.805,1.00436237802712
uncheatable,official_objective_endpoint,mariner,0.81,1.0047559423117036
uncheatable,official_objective_endpoint,mariner,0.8150000000000001,1.0051556513265723
uncheatable,official_objective_endpoint,mariner,0.8200000000000001,1.005561621347455
uncheatable,official_objective_endpoint,mariner,0.8250000000000001,1.005973971618019
uncheatable,official_objective_endpoint,mariner,0.8300000000000001,1.0063928244486466
uncheatable,official_objective_endpoint,mariner,0.835,1.0068183053196127
uncheatable,official_objective_endpoint,mariner,0.84,1.0072505429889231
uncheatable,official_objective_endpoint,mariner,0.845,1.007689669605088
uncheatable,official_objective_endpoint,mariner,0.85,1.0081358208251288
uncheatable,official_objective_endpoint,mariner,0.855,1.008589135938139
uncheatable,official_objective_endpoint,mariner,0.86,1.0090497579947444
uncheatable,official_objective_endpoint,mariner,0.865,1.0095178339428323
uncheatable,official_objective_endpoint,mariner,0.87,1.009993514769954
uncheatable,official_objective_endpoint,mariner,0.875,1.010476955652831
uncheatable,official_objective_endpoint,mariner,0.88,1.0109683161144352
uncheatable,official_objective_endpoint,mariner,0.885,1.0114677601891517
uncheatable,official_objective_endpoint,mariner,0.89,1.011975456596571
uncheatable,official_objective_endpoint,mariner,0.895,1.0124915789245101
uncheatable,official_objective_endpoint,mariner,0.9,1.0130163058219057
uncheatable,official_objective_endpoint,mariner,0.905,1.0135498212022924
uncheatable,official_objective_endpoint,mariner,0.91,1.0140923144586205
uncheatable,official_objective_endpoint,mariner,0.915,1.0146439806902585
uncheatable,official_objective_endpoint,mariner,0.92,1.0152050209430856
uncheatable,official_objective_endpoint,mariner,0.925,1.0157756424636706
uncheatable,official_objective_endpoint,mariner,0.93,1.0163560589686222
uncheatable,official_objective_endpoint,mariner,0.935,1.0169464909303074
uncheatable,official_objective_endpoint,mariner,0.9400000000000001,1.0175471658802335
uncheatable,official_objective_endpoint,mariner,0.9450000000000001,1.01815831873153
uncheatable,official_objective_endpoint,mariner,0.9500000000000001,1.0187801921221034
uncheatable,official_objective_endpoint,mariner,0.9550000000000001,1.0194130367801875
uncheatable,official_objective_endpoint,mariner,0.96,1.0200571119142021
uncheatable,official_objective_endpoint,mariner,0.965,1.0207126856290074
uncheatable,official_objective_endpoint,mariner,0.97,1.021380035370885
uncheatable,official_objective_endpoint,mariner,0.975,1.0220594484037917
uncheatable,official_objective_endpoint,mariner,0.98,1.0227512223197326
uncheatable,official_objective_endpoint,mariner,0.985,1.0234556655863865
uncheatable,official_objective_endpoint,mariner,0.99,1.0241730981354744
uncheatable,official_objective_endpoint,mariner,0.995,1.024903851995738
uncheatable,official_objective_endpoint,mariner,1.0,1.0256482719748392
uncheatable,official_components_endpoint,official_objective,0.0,1.0372537230410546
uncheatable,official_components_endpoint,official_objective,0.005,1.0372537230410546
uncheatable,official_components_endpoint,official_objective,0.01,1.0372537230410546
uncheatable,official_components_endpoint,official_objective,0.015,1.0372537230410546
uncheatable,official_components_endpoint,official_objective,0.02,1.0372537230410546
uncheatable,official_components_endpoint,official_objective,0.025,1.0372537230410546
uncheatable,official_components_endpoint,official_objective,0.03,1.0372537230410546
uncheatable,official_components_endpoint,official_objective,0.035,1.0372537230410546
uncheatable,official_components_endpoint,official_objective,0.04,1.0372537230410546
uncheatable,official_components_endpoint,official_objective,0.045,1.0372537230410546
uncheatable,official_components_endpoint,official_objective,0.05,1.0372537230410546
uncheatable,official_components_endpoint,official_objective,0.055,1.0372537230410546
uncheatable,official_components_endpoint,official_objective,0.06,1.0372537230410546
uncheatable,official_components_endpoint,official_objective,0.065,1.0372537230410546
uncheatable,official_components_endpoint,official_objective,0.07,1.0372537230410546
uncheatable,official_components_endpoint,official_objective,0.075,1.0372537230410546
uncheatable,official_components_endpoint,official_objective,0.08,1.0372537230410546
uncheatable,official_components_endpoint,official_objective,0.085,1.0372537230410546
uncheatable,official_components_endpoint,official_objective,0.09,1.0372537230410546
uncheatable,official_components_endpoint,official_objective,0.095,1.0372537230410546
uncheatable,official_components_endpoint,official_objective,0.1,1.0372537230410546
uncheatable,official_components_endpoint,official_objective,0.105,1.0372537230410546
uncheatable,official_components_endpoint,official_objective,0.11,1.0372537230410546
uncheatable,official_components_endpoint,official_objective,0.115,1.0372537230410546
uncheatable,official_components_endpoint,official_objective,0.12,1.0372537230410546
uncheatable,official_components_endpoint,official_objective,0.125,1.0372537230410546
uncheatable,official_components_endpoint,official_objective,0.13,1.0372537230410546
uncheatable,official_components_endpoint,official_objective,0.135,1.0372537230410546
uncheatable,official_components_endpoint,official_objective,0.14,1.0372537230410546
uncheatable,official_components_endpoint,official_objective,0.145,1.0372537230410546
uncheatable,official_components_endpoint,official_objective,0.15,1.0372537230410546
uncheatable,official_components_endpoint,official_objective,0.155,1.0372537230410546
uncheatable,official_components_endpoint,official_objective,0.16,1.0372537230410546
uncheatable,official_components_endpoint,official_objective,0.165,1.0377159483308962
uncheatable,official_components_endpoint,official_objective,0.17,1.0377159483308962
uncheatable,official_components_endpoint,official_objective,0.17500000000000002,1.0377159483308962
uncheatable,official_components_endpoint,official_objective,0.18,1.0377159483308962
uncheatable,official_components_endpoint,official_objective,0.185,1.0377159483308962
uncheatable,official_components_endpoint,official_objective,0.19,1.0377159483308962
uncheatable,official_components_endpoint,official_objective,0.195,1.0377159483308962
uncheatable,official_components_endpoint,official_objective,0.2,1.0377159483308962
uncheatable,official_components_endpoint,official_objective,0.20500000000000002,1.0377159483308962
uncheatable,official_components_endpoint,official_objective,0.21,1.0377159483308962
uncheatable,official_components_endpoint,official_objective,0.215,1.0377159483308962
uncheatable,official_components_endpoint,official_objective,0.22,1.0377159483308962
uncheatable,official_components_endpoint,official_objective,0.225,1.0378984673489362
uncheatable,official_components_endpoint,official_objective,0.23,1.0378984673489362
uncheatable,official_components_endpoint,official_objective,0.23500000000000001,1.0378984673489362
uncheatable,official_components_endpoint,official_objective,0.24,1.0378984673489362
uncheatable,official_components_endpoint,official_objective,0.245,1.0378984673489362
uncheatable,official_components_endpoint,official_objective,0.25,1.0378984673489362
uncheatable,official_components_endpoint,official_objective,0.255,1.0378984673489362
uncheatable,official_components_endpoint,official_objective,0.26,1.0378984673489362
uncheatable,official_components_endpoint,official_objective,0.265,1.0378984673489362
uncheatable,official_components_endpoint,official_objective,0.27,1.0378984673489362
uncheatable,official_components_endpoint,official_objective,0.275,1.0378984673489362
uncheatable,official_components_endpoint,official_objective,0.28,1.0378984673489362
uncheatable,official_components_endpoint,official_objective,0.28500000000000003,1.0378984673489362
uncheatable,official_components_endpoint,official_objective,0.29,1.0378984673489362
uncheatable,official_components_endpoint,official_objective,0.295,1.0378984673489362
uncheatable,official_components_endpoint,official_objective,0.3,1.0379358004445491
uncheatable,official_components_endpoint,official_objective,0.305,1.0379358004445491
uncheatable,official_components_endpoint,official_objective,0.31,1.0379358004445491
uncheatable,official_components_endpoint,official_objective,0.315,1.0379358004445491
uncheatable,official_components_endpoint,official_objective,0.32,1.037795968785387
uncheatable,official_components_endpoint,official_objective,0.325,1.037795968785387
uncheatable,official_components_endpoint,official_objective,0.33,1.037795968785387
uncheatable,official_components_endpoint,official_objective,0.335,1.037795968785387
uncheatable,official_components_endpoint,official_objective,0.34,1.037795968785387
uncheatable,official_components_endpoint,official_objective,0.34500000000000003,1.037795968785387
uncheatable,official_components_endpoint,official_objective,0.35000000000000003,1.037795968785387
uncheatable,official_components_endpoint,official_objective,0.355,1.0378441797899103
uncheatable,official_components_endpoint,official_objective,0.36,1.0378441797899103
uncheatable,official_components_endpoint,official_objective,0.365,1.0378441797899103
uncheatable,official_components_endpoint,official_objective,0.37,1.0378441797899103
uncheatable,official_components_endpoint,official_objective,0.375,1.0377965701804006
uncheatable,official_components_endpoint,official_objective,0.38,1.0377965701804006
uncheatable,official_components_endpoint,official_objective,0.385,1.0377965701804006
uncheatable,official_components_endpoint,official_objective,0.39,1.0377452260747362
uncheatable,official_components_endpoint,official_objective,0.395,1.0377452260747362
uncheatable,official_components_endpoint,official_objective,0.4,1.0377452260747362
uncheatable,official_components_endpoint,official_objective,0.405,1.0377452260747362
uncheatable,official_components_endpoint,official_objective,0.41000000000000003,1.0377452260747362
uncheatable,official_components_endpoint,official_objective,0.41500000000000004,1.0374783907841758
uncheatable,official_components_endpoint,official_objective,0.42,1.0374783907841758
uncheatable,official_components_endpoint,official_objective,0.425,1.0374783907841758
uncheatable,official_components_endpoint,official_objective,0.43,1.0375557092996646
uncheatable,official_components_endpoint,official_objective,0.435,1.0375557092996646
uncheatable,official_components_endpoint,official_objective,0.44,1.0375557092996646
uncheatable,official_components_endpoint,official_objective,0.445,1.0375557092996646
uncheatable,official_components_endpoint,official_objective,0.45,1.0375557092996646
uncheatable,official_components_endpoint,official_objective,0.455,1.0375557092996646
uncheatable,official_components_endpoint,official_objective,0.46,1.0375557092996646
uncheatable,official_components_endpoint,official_objective,0.465,1.0375557092996646
uncheatable,official_components_endpoint,official_objective,0.47000000000000003,1.0375557092996646
uncheatable,official_components_endpoint,official_objective,0.47500000000000003,1.0375557092996646
uncheatable,official_components_endpoint,official_objective,0.48,1.0375557092996646
uncheatable,official_components_endpoint,official_objective,0.485,1.0375557092996646
uncheatable,official_components_endpoint,official_objective,0.49,1.037449129115786
uncheatable,official_components_endpoint,official_objective,0.495,1.037449129115786
uncheatable,official_components_endpoint,official_objective,0.5,1.037449129115786
uncheatable,official_components_endpoint,official_objective,0.505,1.037449129115786
uncheatable,official_components_endpoint,official_objective,0.51,1.037449129115786
uncheatable,official_components_endpoint,official_objective,0.515,1.037449129115786
uncheatable,official_components_endpoint,official_objective,0.52,1.037449129115786
uncheatable,official_components_endpoint,official_objective,0.525,1.037449129115786
uncheatable,official_components_endpoint,official_objective,0.53,1.037449129115786
uncheatable,official_components_endpoint,official_objective,0.535,1.037449129115786
uncheatable,official_components_endpoint,official_objective,0.54,1.037449129115786
uncheatable,official_components_endpoint,official_objective,0.545,1.037487013329497
uncheatable,official_components_endpoint,official_objective,0.55,1.037487013329497
uncheatable,official_components_endpoint,official_objective,0.555,1.037487013329497
uncheatable,official_components_endpoint,official_objective,0.56,1.037487013329497
uncheatable,official_components_endpoint,official_objective,0.5650000000000001,1.037487013329497
uncheatable,official_components_endpoint,official_objective,0.5700000000000001,1.037487013329497
uncheatable,official_components_endpoint,official_objective,0.5750000000000001,1.037487013329497
uncheatable,official_components_endpoint,official_objective,0.58,1.037487013329497
uncheatable,official_components_endpoint,official_objective,0.585,1.037487013329497
uncheatable,official_components_endpoint,official_objective,0.59,1.037487013329497
uncheatable,official_components_endpoint,official_objective,0.595,1.037487013329497
uncheatable,official_components_endpoint,official_objective,0.6,1.037291484673605
uncheatable,official_components_endpoint,official_objective,0.605,1.037291484673605
uncheatable,official_components_endpoint,official_objective,0.61,1.037291484673605
uncheatable,official_components_endpoint,official_objective,0.615,1.037291484673605
uncheatable,official_components_endpoint,official_objective,0.62,1.037291484673605
uncheatable,official_components_endpoint,official_objective,0.625,1.037291484673605
uncheatable,official_components_endpoint,official_objective,0.63,1.037291484673605
uncheatable,official_components_endpoint,official_objective,0.635,1.037291484673605
uncheatable,official_components_endpoint,official_objective,0.64,1.037291484673605
uncheatable,official_components_endpoint,official_objective,0.645,1.037291484673605
uncheatable,official_components_endpoint,official_objective,0.65,1.037291484673605
uncheatable,official_components_endpoint,official_objective,0.655,1.037291484673605
uncheatable,official_components_endpoint,official_objective,0.66,1.037291484673605
uncheatable,official_components_endpoint,official_objective,0.665,1.037291484673605
uncheatable,official_components_endpoint,official_objective,0.67,1.037291484673605
uncheatable,official_components_endpoint,official_objective,0.675,1.037291484673605
uncheatable,official_components_endpoint,official_objective,0.68,1.037291484673605
uncheatable,official_components_endpoint,official_objective,0.685,1.037291484673605
uncheatable,official_components_endpoint,official_objective,0.6900000000000001,1.037291484673605
uncheatable,official_components_endpoint,official_objective,0.6950000000000001,1.037291484673605
uncheatable,official_components_endpoint,official_objective,0.7000000000000001,1.037291484673605
uncheatable,official_components_endpoint,official_objective,0.705,1.037291484673605
uncheatable,official_components_endpoint,official_objective,0.71,1.0381548911945309
uncheatable,official_components_endpoint,official_objective,0.715,1.0381548911945309
uncheatable,official_components_endpoint,official_objective,0.72,1.0381548911945309
uncheatable,official_components_endpoint,official_objective,0.725,1.0381548911945309
uncheatable,official_components_endpoint,official_objective,0.73,1.0381548911945309
uncheatable,official_components_endpoint,official_objective,0.735,1.0381548911945309
uncheatable,official_components_endpoint,official_objective,0.74,1.0381548911945309
uncheatable,official_components_endpoint,official_objective,0.745,1.0381548911945309
uncheatable,official_components_endpoint,official_objective,0.75,1.0381548911945309
uncheatable,official_components_endpoint,official_objective,0.755,1.0381548911945309
uncheatable,official_components_endpoint,official_objective,0.76,1.0381548911945309
uncheatable,official_components_endpoint,official_objective,0.765,1.0381548911945309
uncheatable,official_components_endpoint,official_objective,0.77,1.0381548911945309
uncheatable,official_components_endpoint,official_objective,0.775,1.0381068036561838
uncheatable,official_components_endpoint,official_objective,0.78,1.0381068036561838
uncheatable,official_components_endpoint,official_objective,0.785,1.0381068036561838
uncheatable,official_components_endpoint,official_objective,0.79,1.0381068036561838
uncheatable,official_components_endpoint,official_objective,0.795,1.0381068036561838
uncheatable,official_components_endpoint,official_objective,0.8,1.0381068036561838
uncheatable,official_components_endpoint,official_objective,0.805,1.0381068036561838
uncheatable,official_components_endpoint,official_objective,0.81,1.0381068036561838
uncheatable,official_components_endpoint,official_objective,0.8150000000000001,1.0381068036561838
uncheatable,official_components_endpoint,official_objective,0.8200000000000001,1.0381068036561838
uncheatable,official_components_endpoint,official_objective,0.8250000000000001,1.037923346922502
uncheatable,official_components_endpoint,official_objective,0.8300000000000001,1.037923346922502
uncheatable,official_components_endpoint,official_objective,0.835,1.037923346922502
uncheatable,official_components_endpoint,official_objective,0.84,1.037923346922502
uncheatable,official_components_endpoint,official_objective,0.845,1.037923346922502
uncheatable,official_components_endpoint,official_objective,0.85,1.037923346922502
uncheatable,official_components_endpoint,official_objective,0.855,1.0380196699329591
uncheatable,official_components_endpoint,official_objective,0.86,1.0380196699329591
uncheatable,official_components_endpoint,official_objective,0.865,1.0380196699329591
uncheatable,official_components_endpoint,official_objective,0.87,1.038143968895736
uncheatable,official_components_endpoint,official_objective,0.875,1.038143968895736
uncheatable,official_components_endpoint,official_objective,0.88,1.038143968895736
uncheatable,official_components_endpoint,official_objective,0.885,1.038143968895736
uncheatable,official_components_endpoint,official_objective,0.89,1.038143968895736
uncheatable,official_components_endpoint,official_objective,0.895,1.038143968895736
uncheatable,official_components_endpoint,official_objective,0.9,1.038143968895736
uncheatable,official_components_endpoint,official_objective,0.905,1.038143968895736
uncheatable,official_components_endpoint,official_objective,0.91,1.038143968895736
uncheatable,official_components_endpoint,official_objective,0.915,1.038143968895736
uncheatable,official_components_endpoint,official_objective,0.92,1.0381845854188125
uncheatable,official_components_endpoint,official_objective,0.925,1.038276823144627
uncheatable,official_components_endpoint,official_objective,0.93,1.038276823144627
uncheatable,official_components_endpoint,official_objective,0.935,1.038276823144627
uncheatable,official_components_endpoint,official_objective,0.9400000000000001,1.038276823144627
uncheatable,official_components_endpoint,official_objective,0.9450000000000001,1.038276823144627
uncheatable,official_components_endpoint,official_objective,0.9500000000000001,1.038276823144627
uncheatable,official_components_endpoint,official_objective,0.9550000000000001,1.038276823144627
uncheatable,official_components_endpoint,official_objective,0.96,1.038276823144627
uncheatable,official_components_endpoint,official_objective,0.965,1.038276823144627
uncheatable,official_components_endpoint,official_objective,0.97,1.038276823144627
uncheatable,official_components_endpoint,official_objective,0.975,1.038276823144627
uncheatable,official_components_endpoint,official_objective,0.98,1.038363585387037
uncheatable,official_components_endpoint,official_objective,0.985,1.0383749002373932
uncheatable,official_components_endpoint,official_objective,0.99,1.0383749002373932
uncheatable,official_components_endpoint,official_objective,0.995,1.0383749002373932
uncheatable,official_components_endpoint,official_objective,1.0,1.0383749002373932
uncheatable,official_components_endpoint,official_components,0.0,1.024110706416276
uncheatable,official_components_endpoint,official_components,0.005,1.0240172046700708
uncheatable,official_components_endpoint,official_components,0.01,1.0240897868745777
uncheatable,official_components_endpoint,official_components,0.015,1.0240897868745777
uncheatable,official_components_endpoint,official_components,0.02,1.0240897868745777
uncheatable,official_components_endpoint,official_components,0.025,1.0240897868745777
uncheatable,official_components_endpoint,official_components,0.03,1.024096030533947
uncheatable,official_components_endpoint,official_components,0.035,1.024103603322782
uncheatable,official_components_endpoint,official_components,0.04,1.024067929435343
uncheatable,official_components_endpoint,official_components,0.045,1.024067929435343
uncheatable,official_components_endpoint,official_components,0.05,1.024067929435343
uncheatable,official_components_endpoint,official_components,0.055,1.024067929435343
uncheatable,official_components_endpoint,official_components,0.06,1.024067929435343
uncheatable,official_components_endpoint,official_components,0.065,1.024067929435343
uncheatable,official_components_endpoint,official_components,0.07,1.024067929435343
uncheatable,official_components_endpoint,official_components,0.075,1.024067929435343
uncheatable,official_components_endpoint,official_components,0.08,1.024067929435343
uncheatable,official_components_endpoint,official_components,0.085,1.024067929435343
uncheatable,official_components_endpoint,official_components,0.09,1.0240866060996883
uncheatable,official_components_endpoint,official_components,0.095,1.0240866060996883
uncheatable,official_components_endpoint,official_components,0.1,1.0239393905161718
uncheatable,official_components_endpoint,official_components,0.105,1.0239393905161718
uncheatable,official_components_endpoint,official_components,0.11,1.0239393905161718
uncheatable,official_components_endpoint,official_components,0.115,1.0239393905161718
uncheatable,official_components_endpoint,official_components,0.12,1.0239393905161718
uncheatable,official_components_endpoint,official_components,0.125,1.0239393905161718
uncheatable,official_components_endpoint,official_components,0.13,1.0239393905161718
uncheatable,official_components_endpoint,official_components,0.135,1.0239393905161718
uncheatable,official_components_endpoint,official_components,0.14,1.0239393905161718
uncheatable,official_components_endpoint,official_components,0.145,1.0239393905161718
uncheatable,official_components_endpoint,official_components,0.15,1.0239393905161718
uncheatable,official_components_endpoint,official_components,0.155,1.0239393905161718
uncheatable,official_components_endpoint,official_components,0.16,1.0239393905161718
uncheatable,official_components_endpoint,official_components,0.165,1.025104365444549
uncheatable,official_components_endpoint,official_components,0.17,1.025104365444549
uncheatable,official_components_endpoint,official_components,0.17500000000000002,1.025104365444549
uncheatable,official_components_endpoint,official_components,0.18,1.025104365444549
uncheatable,official_components_endpoint,official_components,0.185,1.025104365444549
uncheatable,official_components_endpoint,official_components,0.19,1.0250935332111062
uncheatable,official_components_endpoint,official_components,0.195,1.0250935332111062
uncheatable,official_components_endpoint,official_components,0.2,1.0250935332111062
uncheatable,official_components_endpoint,official_components,0.20500000000000002,1.0250935332111062
uncheatable,official_components_endpoint,official_components,0.21,1.0250935332111062
uncheatable,official_components_endpoint,official_components,0.215,1.0250935332111062
uncheatable,official_components_endpoint,official_components,0.22,1.0250935332111062
uncheatable,official_components_endpoint,official_components,0.225,1.025249644685696
uncheatable,official_components_endpoint,official_components,0.23,1.025249644685696
uncheatable,official_components_endpoint,official_components,0.23500000000000001,1.025249644685696
uncheatable,official_components_endpoint,official_components,0.24,1.025313052263512
uncheatable,official_components_endpoint,official_components,0.245,1.025313052263512
uncheatable,official_components_endpoint,official_components,0.25,1.025313052263512
uncheatable,official_components_endpoint,official_components,0.255,1.025313052263512
uncheatable,official_components_endpoint,official_components,0.26,1.025313052263512
uncheatable,official_components_endpoint,official_components,0.265,1.0253218026199364
uncheatable,official_components_endpoint,official_components,0.27,1.0253218026199364
uncheatable,official_components_endpoint,official_components,0.275,1.0253218026199364
uncheatable,official_components_endpoint,official_components,0.28,1.0253218026199364
uncheatable,official_components_endpoint,official_components,0.28500000000000003,1.0253448763996669
uncheatable,official_components_endpoint,official_components,0.29,1.0253448763996669
uncheatable,official_components_endpoint,official_components,0.295,1.0253448763996669
uncheatable,official_components_endpoint,official_components,0.3,1.025132972686274
uncheatable,official_components_endpoint,official_components,0.305,1.025132972686274
uncheatable,official_components_endpoint,official_components,0.31,1.0251375846545387
uncheatable,official_components_endpoint,official_components,0.315,1.0250418768269363
uncheatable,official_components_endpoint,official_components,0.32,1.0250607622589154
uncheatable,official_components_endpoint,official_components,0.325,1.0250738142004794
uncheatable,official_components_endpoint,official_components,0.33,1.0250598583986559
uncheatable,official_components_endpoint,official_components,0.335,1.0250598583986559
uncheatable,official_components_endpoint,official_components,0.34,1.0250598583986559
uncheatable,official_components_endpoint,official_components,0.34500000000000003,1.0249253311418314
uncheatable,official_components_endpoint,official_components,0.35000000000000003,1.0249253311418314
uncheatable,official_components_endpoint,official_components,0.355,1.0249603973651342
uncheatable,official_components_endpoint,official_components,0.36,1.0249603973651342
uncheatable,official_components_endpoint,official_components,0.365,1.0249603973651342
uncheatable,official_components_endpoint,official_components,0.37,1.0249687429081737
uncheatable,official_components_endpoint,official_components,0.375,1.0249402942462176
uncheatable,official_components_endpoint,official_components,0.38,1.0249402942462176
uncheatable,official_components_endpoint,official_components,0.385,1.0249402942462176
uncheatable,official_components_endpoint,official_components,0.39,1.0249402942462176
uncheatable,official_components_endpoint,official_components,0.395,1.0249402942462176
uncheatable,official_components_endpoint,official_components,0.4,1.0249402942462176
uncheatable,official_components_endpoint,official_components,0.405,1.0249402942462176
uncheatable,official_components_endpoint,official_components,0.41000000000000003,1.0249402942462176
uncheatable,official_components_endpoint,official_components,0.41500000000000004,1.0249402942462176
uncheatable,official_components_endpoint,official_components,0.42,1.024910805738175
uncheatable,official_components_endpoint,official_components,0.425,1.024917102391924
uncheatable,official_components_endpoint,official_components,0.43,1.023569184551426
uncheatable,official_components_endpoint,official_components,0.435,1.023569184551426
uncheatable,official_components_endpoint,official_components,0.44,1.023569184551426
uncheatable,official_components_endpoint,official_components,0.445,1.023569184551426
uncheatable,official_components_endpoint,official_components,0.45,1.023569184551426
uncheatable,official_components_endpoint,official_components,0.455,1.0235518745767112
uncheatable,official_components_endpoint,official_components,0.46,1.023527198494028
uncheatable,official_components_endpoint,official_components,0.465,1.0235161122722853
uncheatable,official_components_endpoint,official_components,0.47000000000000003,1.0235161122722853
uncheatable,official_components_endpoint,official_components,0.47500000000000003,1.0235161122722853
uncheatable,official_components_endpoint,official_components,0.48,1.023585494816554
uncheatable,official_components_endpoint,official_components,0.485,1.023585494816554
uncheatable,official_components_endpoint,official_components,0.49,1.0236947641736553
uncheatable,official_components_endpoint,official_components,0.495,1.0237052304424568
uncheatable,official_components_endpoint,official_components,0.5,1.0236578327315065
uncheatable,official_components_endpoint,official_components,0.505,1.0236578327315065
uncheatable,official_components_endpoint,official_components,0.51,1.0236578327315065
uncheatable,official_components_endpoint,official_components,0.515,1.023624156517287
uncheatable,official_components_endpoint,official_components,0.52,1.023624156517287
uncheatable,official_components_endpoint,official_components,0.525,1.023624156517287
uncheatable,official_components_endpoint,official_components,0.53,1.0236133602390787
uncheatable,official_components_endpoint,official_components,0.535,1.0236133602390787
uncheatable,official_components_endpoint,official_components,0.54,1.0236133602390787
uncheatable,official_components_endpoint,official_components,0.545,1.0236587764960987
uncheatable,official_components_endpoint,official_components,0.55,1.0236587764960987
uncheatable,official_components_endpoint,official_components,0.555,1.0236587764960987
uncheatable,official_components_endpoint,official_components,0.56,1.0236450164591764
uncheatable,official_components_endpoint,official_components,0.5650000000000001,1.0236450164591764
uncheatable,official_components_endpoint,official_components,0.5700000000000001,1.0236450164591764
uncheatable,official_components_endpoint,official_components,0.5750000000000001,1.0236450164591764
uncheatable,official_components_endpoint,official_components,0.58,1.0239086363596568
uncheatable,official_components_endpoint,official_components,0.585,1.0238204823201995
uncheatable,official_components_endpoint,official_components,0.59,1.0238204823201995
uncheatable,official_components_endpoint,official_components,0.595,1.0238204823201995
uncheatable,official_components_endpoint,official_components,0.6,1.0238204823201995
uncheatable,official_components_endpoint,official_components,0.605,1.0238204823201995
uncheatable,official_components_endpoint,official_components,0.61,1.0238357213608797
uncheatable,official_components_endpoint,official_components,0.615,1.0238357213608797
uncheatable,official_components_endpoint,official_components,0.62,1.0238357213608797
uncheatable,official_components_endpoint,official_components,0.625,1.0238327011873432
uncheatable,official_components_endpoint,official_components,0.63,1.0237526644352963
uncheatable,official_components_endpoint,official_components,0.635,1.0237526644352963
uncheatable,official_components_endpoint,official_components,0.64,1.0239241607410519
uncheatable,official_components_endpoint,official_components,0.645,1.0239241607410519
uncheatable,official_components_endpoint,official_components,0.65,1.023762438401672
uncheatable,official_components_endpoint,official_components,0.655,1.0238478525603774
uncheatable,official_components_endpoint,official_components,0.66,1.0238478525603774
uncheatable,official_components_endpoint,official_components,0.665,1.0240056061562461
uncheatable,official_components_endpoint,official_components,0.67,1.0239728550040823
uncheatable,official_components_endpoint,official_components,0.675,1.0240848476698803
uncheatable,official_components_endpoint,official_components,0.68,1.0240848476698803
uncheatable,official_components_endpoint,official_components,0.685,1.0244518260236604
uncheatable,official_components_endpoint,official_components,0.6900000000000001,1.0243778556306804
uncheatable,official_components_endpoint,official_components,0.6950000000000001,1.0245149430820237
uncheatable,official_components_endpoint,official_components,0.7000000000000001,1.0245149430820237
uncheatable,official_components_endpoint,official_components,0.705,1.0180588708596514
uncheatable,official_components_endpoint,official_components,0.71,1.0184444568689108
uncheatable,official_components_endpoint,official_components,0.715,1.0184444568689108
uncheatable,official_components_endpoint,official_components,0.72,1.0184444568689108
uncheatable,official_components_endpoint,official_components,0.725,1.0186253964390801
uncheatable,official_components_endpoint,official_components,0.73,1.0186144698204833
uncheatable,official_components_endpoint,official_components,0.735,1.0186144698204833
uncheatable,official_components_endpoint,official_components,0.74,1.018629194169694
uncheatable,official_components_endpoint,official_components,0.745,1.018629194169694
uncheatable,official_components_endpoint,official_components,0.75,1.018629194169694
uncheatable,official_components_endpoint,official_components,0.755,1.0185341244483601
uncheatable,official_components_endpoint,official_components,0.76,1.0184992481397142
uncheatable,official_components_endpoint,official_components,0.765,1.0184992481397142
uncheatable,official_components_endpoint,official_components,0.77,1.0186207997647816
uncheatable,official_components_endpoint,official_components,0.775,1.0186841026618474
uncheatable,official_components_endpoint,official_components,0.78,1.0186841026618474
uncheatable,official_components_endpoint,official_components,0.785,1.0186841026618474
uncheatable,official_components_endpoint,official_components,0.79,1.0186841026618474
uncheatable,official_components_endpoint,official_components,0.795,1.0186652318066205
uncheatable,official_components_endpoint,official_components,0.8,1.0186652318066205
uncheatable,official_components_endpoint,official_components,0.805,1.0186652318066205
uncheatable,official_components_endpoint,official_components,0.81,1.0186652318066205
uncheatable,official_components_endpoint,official_components,0.8150000000000001,1.0186652318066205
uncheatable,official_components_endpoint,official_components,0.8200000000000001,1.018702800909746
uncheatable,official_components_endpoint,official_components,0.8250000000000001,1.018702800909746
uncheatable,official_components_endpoint,official_components,0.8300000000000001,1.0186599604330588
uncheatable,official_components_endpoint,official_components,0.835,1.0186599604330588
uncheatable,official_components_endpoint,official_components,0.84,1.0186599604330588
uncheatable,official_components_endpoint,official_components,0.845,1.0186599604330588
uncheatable,official_components_endpoint,official_components,0.85,1.0186324879216058
uncheatable,official_components_endpoint,official_components,0.855,1.0186154730986576
uncheatable,official_components_endpoint,official_components,0.86,1.0186154730986576
uncheatable,official_components_endpoint,official_components,0.865,1.0186154730986576
uncheatable,official_components_endpoint,official_components,0.87,1.0200099001315386
uncheatable,official_components_endpoint,official_components,0.875,1.0200099001315386
uncheatable,official_components_endpoint,official_components,0.88,1.0200099001315386
uncheatable,official_components_endpoint,official_components,0.885,1.0200099001315386
uncheatable,official_components_endpoint,official_components,0.89,1.020019376651262
uncheatable,official_components_endpoint,official_components,0.895,1.020019376651262
uncheatable,official_components_endpoint,official_components,0.9,1.0199606307956424
uncheatable,official_components_endpoint,official_components,0.905,1.0199606307956424
uncheatable,official_components_endpoint,official_components,0.91,1.0200183663517615
uncheatable,official_components_endpoint,official_components,0.915,1.0200183663517615
uncheatable,official_components_endpoint,official_components,0.92,1.0200598995092744
uncheatable,official_components_endpoint,official_components,0.925,1.0202247017247508
uncheatable,official_components_endpoint,official_components,0.93,1.0202247017247508
uncheatable,official_components_endpoint,official_components,0.935,1.0202247017247508
uncheatable,official_components_endpoint,official_components,0.9400000000000001,1.0202247017247508
uncheatable,official_components_endpoint,official_components,0.9450000000000001,1.0202247017247508
uncheatable,official_components_endpoint,official_components,0.9500000000000001,1.0202247017247508
uncheatable,official_components_endpoint,official_components,0.9550000000000001,1.01991725748983
uncheatable,official_components_endpoint,official_components,0.96,1.0200212301340117
uncheatable,official_components_endpoint,official_components,0.965,1.0200166077350095
uncheatable,official_components_endpoint,official_components,0.97,1.0200166077350095
uncheatable,official_components_endpoint,official_components,0.975,1.0200166077350095
uncheatable,official_components_endpoint,official_components,0.98,1.019780458273348
uncheatable,official_components_endpoint,official_components,0.985,1.0197707728722167
uncheatable,official_components_endpoint,official_components,0.99,1.0197707728722167
uncheatable,official_components_endpoint,official_components,0.995,1.0197707728722167
uncheatable,official_components_endpoint,official_components,1.0,1.0197707728722167
uncheatable,official_components_endpoint,prior_only,0.0,1.0083559823343018
uncheatable,official_components_endpoint,prior_only,0.005,1.0083660469070155
uncheatable,official_components_endpoint,prior_only,0.01,1.00838870277852
uncheatable,official_components_endpoint,prior_only,0.015,1.00838870277852
uncheatable,official_components_endpoint,prior_only,0.02,1.00838870277852
uncheatable,official_components_endpoint,prior_only,0.025,1.00838870277852
uncheatable,official_components_endpoint,prior_only,0.03,1.0083098055238513
uncheatable,official_components_endpoint,prior_only,0.035,1.0083098055238513
uncheatable,official_components_endpoint,prior_only,0.04,1.0083098055238513
uncheatable,official_components_endpoint,prior_only,0.045,1.0083098055238513
uncheatable,official_components_endpoint,prior_only,0.05,1.008387707883156
uncheatable,official_components_endpoint,prior_only,0.055,1.008387707883156
uncheatable,official_components_endpoint,prior_only,0.06,1.008387707883156
uncheatable,official_components_endpoint,prior_only,0.065,1.008387707883156
uncheatable,official_components_endpoint,prior_only,0.07,1.008387707883156
uncheatable,official_components_endpoint,prior_only,0.075,1.008387707883156
uncheatable,official_components_endpoint,prior_only,0.08,1.008387707883156
uncheatable,official_components_endpoint,prior_only,0.085,1.008387707883156
uncheatable,official_components_endpoint,prior_only,0.09,1.008387707883156
uncheatable,official_components_endpoint,prior_only,0.095,1.008387707883156
uncheatable,official_components_endpoint,prior_only,0.1,1.008387707883156
uncheatable,official_components_endpoint,prior_only,0.105,1.0084948255034267
uncheatable,official_components_endpoint,prior_only,0.11,1.0084948255034267
uncheatable,official_components_endpoint,prior_only,0.115,1.0090066310538583
uncheatable,official_components_endpoint,prior_only,0.12,1.008650505378581
uncheatable,official_components_endpoint,prior_only,0.125,1.008650505378581
uncheatable,official_components_endpoint,prior_only,0.13,1.008650505378581
uncheatable,official_components_endpoint,prior_only,0.135,1.008650505378581
uncheatable,official_components_endpoint,prior_only,0.14,1.0086183467042154
uncheatable,official_components_endpoint,prior_only,0.145,1.0086183467042154
uncheatable,official_components_endpoint,prior_only,0.15,1.0083745283440269
uncheatable,official_components_endpoint,prior_only,0.155,1.0083745283440269
uncheatable,official_components_endpoint,prior_only,0.16,1.0081289488154912
uncheatable,official_components_endpoint,prior_only,0.165,1.0081289488154912
uncheatable,official_components_endpoint,prior_only,0.17,1.008416086663921
uncheatable,official_components_endpoint,prior_only,0.17500000000000002,1.008416086663921
uncheatable,official_components_endpoint,prior_only,0.18,1.008416086663921
uncheatable,official_components_endpoint,prior_only,0.185,1.0086589558793109
uncheatable,official_components_endpoint,prior_only,0.19,1.0086589558793109
uncheatable,official_components_endpoint,prior_only,0.195,1.0086589558793109
uncheatable,official_components_endpoint,prior_only,0.2,1.0086589558793109
uncheatable,official_components_endpoint,prior_only,0.20500000000000002,1.0086030948567206
uncheatable,official_components_endpoint,prior_only,0.21,1.008538348808746
uncheatable,official_components_endpoint,prior_only,0.215,1.008538348808746
uncheatable,official_components_endpoint,prior_only,0.22,1.008538348808746
uncheatable,official_components_endpoint,prior_only,0.225,1.008538348808746
uncheatable,official_components_endpoint,prior_only,0.23,1.008538348808746
uncheatable,official_components_endpoint,prior_only,0.23500000000000001,1.008538348808746
uncheatable,official_components_endpoint,prior_only,0.24,1.0085704194348868
uncheatable,official_components_endpoint,prior_only,0.245,1.0085704194348868
uncheatable,official_components_endpoint,prior_only,0.25,1.0085704194348868
uncheatable,official_components_endpoint,prior_only,0.255,1.0085704194348868
uncheatable,official_components_endpoint,prior_only,0.26,1.0085704194348868
uncheatable,official_components_endpoint,prior_only,0.265,1.0085704194348868
uncheatable,official_components_endpoint,prior_only,0.27,1.0086124677700228
uncheatable,official_components_endpoint,prior_only,0.275,1.00842196738917
uncheatable,official_components_endpoint,prior_only,0.28,1.0085468052274156
uncheatable,official_components_endpoint,prior_only,0.28500000000000003,1.0085468052274156
uncheatable,official_components_endpoint,prior_only,0.29,1.0085468052274156
uncheatable,official_components_endpoint,prior_only,0.295,1.0085468052274156
uncheatable,official_components_endpoint,prior_only,0.3,1.0086732997232177
uncheatable,official_components_endpoint,prior_only,0.305,1.0086732997232177
uncheatable,official_components_endpoint,prior_only,0.31,1.0086732997232177
uncheatable,official_components_endpoint,prior_only,0.315,1.0086732997232177
uncheatable,official_components_endpoint,prior_only,0.32,1.0085331087667058
uncheatable,official_components_endpoint,prior_only,0.325,1.0085331087667058
uncheatable,official_components_endpoint,prior_only,0.33,1.0085624548007814
uncheatable,official_components_endpoint,prior_only,0.335,1.0085604581945473
uncheatable,official_components_endpoint,prior_only,0.34,1.0085314436454293
uncheatable,official_components_endpoint,prior_only,0.34500000000000003,1.0089043476567734
uncheatable,official_components_endpoint,prior_only,0.35000000000000003,1.0087838628648342
uncheatable,official_components_endpoint,prior_only,0.355,1.0087838628648342
uncheatable,official_components_endpoint,prior_only,0.36,1.0087512625997652
uncheatable,official_components_endpoint,prior_only,0.365,1.008832576777357
uncheatable,official_components_endpoint,prior_only,0.37,1.008832576777357
uncheatable,official_components_endpoint,prior_only,0.375,1.0089022033009505
uncheatable,official_components_endpoint,prior_only,0.38,1.0089022033009505
uncheatable,official_components_endpoint,prior_only,0.385,1.0089022033009505
uncheatable,official_components_endpoint,prior_only,0.39,1.0089022033009505
uncheatable,official_components_endpoint,prior_only,0.395,1.0089022033009505
uncheatable,official_components_endpoint,prior_only,0.4,1.0089022033009505
uncheatable,official_components_endpoint,prior_only,0.405,1.0089022033009505
uncheatable,official_components_endpoint,prior_only,0.41000000000000003,1.0089822535935884
uncheatable,official_components_endpoint,prior_only,0.41500000000000004,1.0089822535935884
uncheatable,official_components_endpoint,prior_only,0.42,1.0089822535935884
uncheatable,official_components_endpoint,prior_only,0.425,1.0089742543474642
uncheatable,official_components_endpoint,prior_only,0.43,1.0089286230398913
uncheatable,official_components_endpoint,prior_only,0.435,1.008972704657785
uncheatable,official_components_endpoint,prior_only,0.44,1.008972704657785
uncheatable,official_components_endpoint,prior_only,0.445,1.009212033801636
uncheatable,official_components_endpoint,prior_only,0.45,1.009212033801636
uncheatable,official_components_endpoint,prior_only,0.455,1.009212033801636
uncheatable,official_components_endpoint,prior_only,0.46,1.009212033801636
uncheatable,official_components_endpoint,prior_only,0.465,1.0092333275177268
uncheatable,official_components_endpoint,prior_only,0.47000000000000003,1.0092333275177268
uncheatable,official_components_endpoint,prior_only,0.47500000000000003,1.0092333275177268
uncheatable,official_components_endpoint,prior_only,0.48,1.0092333275177268
uncheatable,official_components_endpoint,prior_only,0.485,1.0092333275177268
uncheatable,official_components_endpoint,prior_only,0.49,1.0092333275177268
uncheatable,official_components_endpoint,prior_only,0.495,1.0092333275177268
uncheatable,official_components_endpoint,prior_only,0.5,1.0091907192840208
uncheatable,official_components_endpoint,prior_only,0.505,1.0091931998153865
uncheatable,official_components_endpoint,prior_only,0.51,1.0091931998153865
uncheatable,official_components_endpoint,prior_only,0.515,1.0092219514972538
uncheatable,official_components_endpoint,prior_only,0.52,1.0092219514972538
uncheatable,official_components_endpoint,prior_only,0.525,1.0092219514972538
uncheatable,official_components_endpoint,prior_only,0.53,1.0092219514972538
uncheatable,official_components_endpoint,prior_only,0.535,1.0091122268255148
uncheatable,official_components_endpoint,prior_only,0.54,1.0091122268255148
uncheatable,official_components_endpoint,prior_only,0.545,1.00988428212846
uncheatable,official_components_endpoint,prior_only,0.55,1.0013222716194898
uncheatable,official_components_endpoint,prior_only,0.555,1.0013222716194898
uncheatable,official_components_endpoint,prior_only,0.56,1.0013222716194898
uncheatable,official_components_endpoint,prior_only,0.5650000000000001,1.0013222716194898
uncheatable,official_components_endpoint,prior_only,0.5700000000000001,1.0013222716194898
uncheatable,official_components_endpoint,prior_only,0.5750000000000001,1.0014071820371675
uncheatable,official_components_endpoint,prior_only,0.58,1.0014071820371675
uncheatable,official_components_endpoint,prior_only,0.585,1.0014071820371675
uncheatable,official_components_endpoint,prior_only,0.59,1.0014103224393003
uncheatable,official_components_endpoint,prior_only,0.595,1.0014103224393003
uncheatable,official_components_endpoint,prior_only,0.6,1.0014103224393003
uncheatable,official_components_endpoint,prior_only,0.605,1.0014103224393003
uncheatable,official_components_endpoint,prior_only,0.61,1.0014103224393003
uncheatable,official_components_endpoint,prior_only,0.615,1.001332726269641
uncheatable,official_components_endpoint,prior_only,0.62,1.000967545321461
uncheatable,official_components_endpoint,prior_only,0.625,1.000967545321461
uncheatable,official_components_endpoint,prior_only,0.63,1.0022158689271892
uncheatable,official_components_endpoint,prior_only,0.635,1.0020860727213996
uncheatable,official_components_endpoint,prior_only,0.64,1.003038035592676
uncheatable,official_components_endpoint,prior_only,0.645,1.0031132542865324
uncheatable,official_components_endpoint,prior_only,0.65,1.0031444333694801
uncheatable,official_components_endpoint,prior_only,0.655,1.003108995511189
uncheatable,official_components_endpoint,prior_only,0.66,1.003108995511189
uncheatable,official_components_endpoint,prior_only,0.665,1.0030913295387018
uncheatable,official_components_endpoint,prior_only,0.67,1.0030913295387018
uncheatable,official_components_endpoint,prior_only,0.675,1.0030913295387018
uncheatable,official_components_endpoint,prior_only,0.68,1.0030913295387018
uncheatable,official_components_endpoint,prior_only,0.685,1.0031020272493345
uncheatable,official_components_endpoint,prior_only,0.6900000000000001,1.0031020272493345
uncheatable,official_components_endpoint,prior_only,0.6950000000000001,1.0031020272493345
uncheatable,official_components_endpoint,prior_only,0.7000000000000001,1.0031020272493345
uncheatable,official_components_endpoint,prior_only,0.705,1.0037475977722203
uncheatable,official_components_endpoint,prior_only,0.71,1.0037475977722203
uncheatable,official_components_endpoint,prior_only,0.715,1.0056063862114666
uncheatable,official_components_endpoint,prior_only,0.72,1.0056063862114666
uncheatable,official_components_endpoint,prior_only,0.725,1.0055041379864003
uncheatable,official_components_endpoint,prior_only,0.73,1.0055041379864003
uncheatable,official_components_endpoint,prior_only,0.735,1.0055041379864003
uncheatable,official_components_endpoint,prior_only,0.74,1.0055041379864003
uncheatable,official_components_endpoint,prior_only,0.745,1.0055041379864003
uncheatable,official_components_endpoint,prior_only,0.75,1.0055041379864003
uncheatable,official_components_endpoint,prior_only,0.755,1.0060274965686107
uncheatable,official_components_endpoint,prior_only,0.76,1.006260325662079
uncheatable,official_components_endpoint,prior_only,0.765,1.006260325662079
uncheatable,official_components_endpoint,prior_only,0.77,1.006260325662079
uncheatable,official_components_endpoint,prior_only,0.775,1.006295587054029
uncheatable,official_components_endpoint,prior_only,0.78,1.0066368430925625
uncheatable,official_components_endpoint,prior_only,0.785,1.0066369997223872
uncheatable,official_components_endpoint,prior_only,0.79,1.0067527349204846
uncheatable,official_components_endpoint,prior_only,0.795,1.0069068091262066
uncheatable,official_components_endpoint,prior_only,0.8,1.0069657330709116
uncheatable,official_components_endpoint,prior_only,0.805,1.0069657330709116
uncheatable,official_components_endpoint,prior_only,0.81,1.0069657330709116
uncheatable,official_components_endpoint,prior_only,0.8150000000000001,1.0081364213936095
uncheatable,official_components_endpoint,prior_only,0.8200000000000001,1.0081821456449032
uncheatable,official_components_endpoint,prior_only,0.8250000000000001,1.008190609240463
uncheatable,official_components_endpoint,prior_only,0.8300000000000001,1.008190609240463
uncheatable,official_components_endpoint,prior_only,0.835,1.0082748362772218
uncheatable,official_components_endpoint,prior_only,0.84,1.0082748362772218
uncheatable,official_components_endpoint,prior_only,0.845,1.0082748362772218
uncheatable,official_components_endpoint,prior_only,0.85,1.0082768178251826
uncheatable,official_components_endpoint,prior_only,0.855,1.0082768178251826
uncheatable,official_components_endpoint,prior_only,0.86,1.0082768178251826
uncheatable,official_components_endpoint,prior_only,0.865,1.0086210533266127
uncheatable,official_components_endpoint,prior_only,0.87,1.0101780094754913
uncheatable,official_components_endpoint,prior_only,0.875,1.0101780094754913
uncheatable,official_components_endpoint,prior_only,0.88,1.0101780094754913
uncheatable,official_components_endpoint,prior_only,0.885,1.010193064241443
uncheatable,official_components_endpoint,prior_only,0.89,1.010193064241443
uncheatable,official_components_endpoint,prior_only,0.895,1.0103131254086362
uncheatable,official_components_endpoint,prior_only,0.9,1.010104121432825
uncheatable,official_components_endpoint,prior_only,0.905,1.0098426154627824
uncheatable,official_components_endpoint,prior_only,0.91,1.0099531216828712
uncheatable,official_components_endpoint,prior_only,0.915,1.0099531216828712
uncheatable,official_components_endpoint,prior_only,0.92,1.0099531216828712
uncheatable,official_components_endpoint,prior_only,0.925,1.0100807250487402
uncheatable,official_components_endpoint,prior_only,0.93,1.0100807250487402
uncheatable,official_components_endpoint,prior_only,0.935,1.0100807250487402
uncheatable,official_components_endpoint,prior_only,0.9400000000000001,1.0100523670147847
uncheatable,official_components_endpoint,prior_only,0.9450000000000001,1.010062469916257
uncheatable,official_components_endpoint,prior_only,0.9500000000000001,1.010062469916257
uncheatable,official_components_endpoint,prior_only,0.9550000000000001,1.0105699529408039
uncheatable,official_components_endpoint,prior_only,0.96,1.0105699529408039
uncheatable,official_components_endpoint,prior_only,0.965,1.0109522199035528
uncheatable,official_components_endpoint,prior_only,0.97,1.0109522199035528
uncheatable,official_components_endpoint,prior_only,0.975,1.0109522199035528
uncheatable,official_components_endpoint,prior_only,0.98,1.0109156235419978
uncheatable,official_components_endpoint,prior_only,0.985,1.010328909396064
uncheatable,official_components_endpoint,prior_only,0.99,1.0102413224449076
uncheatable,official_components_endpoint,prior_only,0.995,1.0102413224449076
uncheatable,official_components_endpoint,prior_only,1.0,1.0102413224449076
uncheatable,official_components_endpoint,mariner,0.0,0.981031489746078
uncheatable,official_components_endpoint,mariner,0.005,0.9810405127161373
uncheatable,official_components_endpoint,mariner,0.01,0.9810504922735128
uncheatable,official_components_endpoint,mariner,0.015,0.9810614252566415
uncheatable,official_components_endpoint,mariner,0.02,0.9810733086668431
uncheatable,official_components_endpoint,mariner,0.025,0.9810861396665691
uncheatable,official_components_endpoint,mariner,0.03,0.9810999155777149
uncheatable,official_components_endpoint,mariner,0.035,0.9811146338799929
uncheatable,official_components_endpoint,mariner,0.04,0.981130292209364
uncheatable,official_components_endpoint,mariner,0.045,0.9811468883565271
uncheatable,official_components_endpoint,mariner,0.05,0.9811644202654658
uncheatable,official_components_endpoint,mariner,0.055,0.9811828860320524
uncheatable,official_components_endpoint,mariner,0.06,0.981202283902704
uncheatable,official_components_endpoint,mariner,0.065,0.981222612273095
uncheatable,official_components_endpoint,mariner,0.07,0.9812438696869226
uncheatable,official_components_endpoint,mariner,0.075,0.9812660548347234
uncheatable,official_components_endpoint,mariner,0.08,0.9812891665527429
uncheatable,official_components_endpoint,mariner,0.085,0.9813132038218536
uncheatable,official_components_endpoint,mariner,0.09,0.9813381657665263
uncheatable,official_components_endpoint,mariner,0.095,0.9813640516538465
uncheatable,official_components_endpoint,mariner,0.1,0.9813908608925825
uncheatable,official_components_endpoint,mariner,0.105,0.9814185930323003
uncheatable,official_components_endpoint,mariner,0.11,0.9814472477625247
uncheatable,official_components_endpoint,mariner,0.115,0.9814768249119482
uncheatable,official_components_endpoint,mariner,0.12,0.9815073244476857
uncheatable,official_components_endpoint,mariner,0.125,0.9815387464745737
uncheatable,official_components_endpoint,mariner,0.13,0.9815710912345152
uncheatable,official_components_endpoint,mariner,0.135,0.9816043591058705
uncheatable,official_components_endpoint,mariner,0.14,0.9816385506028875
uncheatable,official_components_endpoint,mariner,0.145,0.9816736663751812
uncheatable,official_components_endpoint,mariner,0.15,0.9817097072072521
uncheatable,official_components_endpoint,mariner,0.155,0.9817466740180495
uncheatable,official_components_endpoint,mariner,0.16,0.9817845678605762
uncheatable,official_components_endpoint,mariner,0.165,0.981823389921536
uncheatable,official_components_endpoint,mariner,0.17,0.9818631415210224
uncheatable,official_components_endpoint,mariner,0.17500000000000002,0.9819038241122493
uncheatable,official_components_endpoint,mariner,0.18,0.9819454392813229
uncheatable,official_components_endpoint,mariner,0.185,0.981987988747054
uncheatable,official_components_endpoint,mariner,0.19,0.9820314743608123
uncheatable,official_components_endpoint,mariner,0.195,0.9820758981064204
uncheatable,official_components_endpoint,mariner,0.2,0.9821212621000883
uncheatable,official_components_endpoint,mariner,0.20500000000000002,0.9821675685903899
uncheatable,official_components_endpoint,mariner,0.21,0.9822148199582773
uncheatable,official_components_endpoint,mariner,0.215,0.9822630187171376
uncheatable,official_components_endpoint,mariner,0.22,0.9823121675128882
uncheatable,official_components_endpoint,mariner,0.225,0.9823622691241133
uncheatable,official_components_endpoint,mariner,0.23,0.9824133264622408
uncheatable,official_components_endpoint,mariner,0.23500000000000001,0.9824653425717579
uncheatable,official_components_endpoint,mariner,0.24,0.9825183206304684
uncheatable,official_components_endpoint,mariner,0.245,0.9825722639497902
uncheatable,official_components_endpoint,mariner,0.25,0.9826271759750923
uncheatable,official_components_endpoint,mariner,0.255,0.9826830602860723
uncheatable,official_components_endpoint,mariner,0.26,0.9827399205971767
uncheatable,official_components_endpoint,mariner,0.265,0.9827977607580595
uncheatable,official_components_endpoint,mariner,0.27,0.9828565847540818
uncheatable,official_components_endpoint,mariner,0.275,0.9829163967068568
uncheatable,official_components_endpoint,mariner,0.28,0.98297720087483
uncheatable,official_components_endpoint,mariner,0.28500000000000003,0.9830390016539069
uncheatable,official_components_endpoint,mariner,0.29,0.9831018035781185
uncheatable,official_components_endpoint,mariner,0.295,0.9831656113203333
uncheatable,official_components_endpoint,mariner,0.3,0.9832304296930083
uncheatable,official_components_endpoint,mariner,0.305,0.9832962636489859
uncheatable,official_components_endpoint,mariner,0.31,0.9833631182823335
uncheatable,official_components_endpoint,mariner,0.315,0.9834309988292268
uncheatable,official_components_endpoint,mariner,0.32,0.9834999106688782
uncheatable,official_components_endpoint,mariner,0.325,0.9835698593245106
uncheatable,official_components_endpoint,mariner,0.33,0.9836408504643761
uncheatable,official_components_endpoint,mariner,0.335,0.9837128899028214
uncheatable,official_components_endpoint,mariner,0.34,0.9837859836013997
uncheatable,official_components_endpoint,mariner,0.34500000000000003,0.9838601376700308
uncheatable,official_components_endpoint,mariner,0.35000000000000003,0.9839353583682083
uncheatable,official_components_endpoint,mariner,0.355,0.9840116521062562
uncheatable,official_components_endpoint,mariner,0.36,0.9840890254466359
uncheatable,official_components_endpoint,mariner,0.365,0.9841674851053023
uncheatable,official_components_endpoint,mariner,0.37,0.9842470379531113
uncheatable,official_components_endpoint,mariner,0.375,0.9843276910172819
uncheatable,official_components_endpoint,mariner,0.38,0.984409451482907
uncheatable,official_components_endpoint,mariner,0.385,0.9844923266945221
uncheatable,official_components_endpoint,mariner,0.39,0.9845763241577278
uncheatable,official_components_endpoint,mariner,0.395,0.984661451540867
uncheatable,official_components_endpoint,mariner,0.4,0.9847477166767618
uncheatable,official_components_endpoint,mariner,0.405,0.9848351275645066
uncheatable,official_components_endpoint,mariner,0.41000000000000003,0.9849236923713227
uncheatable,official_components_endpoint,mariner,0.41500000000000004,0.9850134194344717
uncheatable,official_components_endpoint,mariner,0.42,0.9851043172632328
uncheatable,official_components_endpoint,mariner,0.425,0.985196394540943
uncheatable,official_components_endpoint,mariner,0.43,0.9852896601271015
uncheatable,official_components_endpoint,mariner,0.435,0.9853841230595434
uncheatable,official_components_endpoint,mariner,0.44,0.985479792556677
uncheatable,official_components_endpoint,mariner,0.445,0.9855766780197952
uncheatable,official_components_endpoint,mariner,0.45,0.9856747890354564
uncheatable,official_components_endpoint,mariner,0.455,0.9857741353779369
uncheatable,official_components_endpoint,mariner,0.46,0.9858747270117639
uncheatable,official_components_endpoint,mariner,0.465,0.985976574094319
uncheatable,official_components_endpoint,mariner,0.47000000000000003,0.9860796869785253
uncheatable,official_components_endpoint,mariner,0.47500000000000003,0.9861840762156135
uncheatable,official_components_endpoint,mariner,0.48,0.9862897525579742
uncheatable,official_components_endpoint,mariner,0.485,0.986396726962093
uncheatable,official_components_endpoint,mariner,0.49,0.9865050105915748
uncheatable,official_components_endpoint,mariner,0.495,0.986614614820262
uncheatable,official_components_endpoint,mariner,0.5,0.9867255512354408
uncheatable,official_components_endpoint,mariner,0.505,0.9868378316411482
uncheatable,official_components_endpoint,mariner,0.51,0.9869514680615779
uncheatable,official_components_endpoint,mariner,0.515,0.987066472744585
uncheatable,official_components_endpoint,mariner,0.52,0.9871828581653014
uncheatable,official_components_endpoint,mariner,0.525,0.9873006370298558
uncheatable,official_components_endpoint,mariner,0.53,0.9874198222792087
uncheatable,official_components_endpoint,mariner,0.535,0.9875404270931022
uncheatable,official_components_endpoint,mariner,0.54,0.9876624648941311
uncheatable,official_components_endpoint,mariner,0.545,0.9877859493519356
uncheatable,official_components_endpoint,mariner,0.55,0.9879108943875254
uncheatable,official_components_endpoint,mariner,0.555,0.9880373141777341
uncheatable,official_components_endpoint,mariner,0.56,0.9881652231598118
uncheatable,official_components_endpoint,mariner,0.5650000000000001,0.9882946360361603
uncheatable,official_components_endpoint,mariner,0.5700000000000001,0.9884255677792156
uncheatable,official_components_endpoint,mariner,0.5750000000000001,0.988558033636483
uncheatable,official_components_endpoint,mariner,0.58,0.9886920491357302
uncheatable,official_components_endpoint,mariner,0.585,0.9888276300903471
uncheatable,official_components_endpoint,mariner,0.59,0.988964792604874
uncheatable,official_components_endpoint,mariner,0.595,0.9891035530807081
uncheatable,official_components_endpoint,mariner,0.6,0.9892439282219957
uncheatable,official_components_endpoint,mariner,0.605,0.9893859350417138
uncheatable,official_components_endpoint,mariner,0.61,0.989529590867954
uncheatable,official_components_endpoint,mariner,0.615,0.989674913350411
uncheatable,official_components_endpoint,mariner,0.62,0.9898219204670914
uncheatable,official_components_endpoint,mariner,0.625,0.9899706305312437
uncheatable,official_components_endpoint,mariner,0.63,0.9901210621985272
uncheatable,official_components_endpoint,mariner,0.635,0.990273234474423
uncheatable,official_components_endpoint,mariner,0.64,0.9904271667219032
uncheatable,official_components_endpoint,mariner,0.645,0.9905828786693673
uncheatable,official_components_endpoint,mariner,0.65,0.990740390418855
uncheatable,official_components_endpoint,mariner,0.655,0.9908997224545564
uncheatable,official_components_endpoint,mariner,0.66,0.9910608956516228
uncheatable,official_components_endpoint,mariner,0.665,0.9912239312853
uncheatable,official_components_endpoint,mariner,0.67,0.9913888510403963
uncheatable,official_components_endpoint,mariner,0.675,0.9915556770211017
uncheatable,official_components_endpoint,mariner,0.68,0.991724431761174
uncheatable,official_components_endpoint,mariner,0.685,0.9918951382345131
uncheatable,official_components_endpoint,mariner,0.6900000000000001,0.9920678198661413
uncheatable,official_components_endpoint,mariner,0.6950000000000001,0.9922425005436066
uncheatable,official_components_endpoint,mariner,0.7000000000000001,0.9924192046288381
uncheatable,official_components_endpoint,mariner,0.705,0.9925979569704703
uncheatable,official_components_endpoint,mariner,0.71,0.9927787829166641
uncheatable,official_components_endpoint,mariner,0.715,0.9929617083284508
uncheatable,official_components_endpoint,mariner,0.72,0.9931467595936265
uncheatable,official_components_endpoint,mariner,0.725,0.9933339636412276
uncheatable,official_components_endpoint,mariner,0.73,0.9935233479566185
uncheatable,official_components_endpoint,mariner,0.735,0.993714940597229
uncheatable,official_components_endpoint,mariner,0.74,0.9939087702089731
uncheatable,official_components_endpoint,mariner,0.745,0.9941048660433933
uncheatable,official_components_endpoint,mariner,0.75,0.994303257975571
uncheatable,official_components_endpoint,mariner,0.755,0.9945039765228451
uncheatable,official_components_endpoint,mariner,0.76,0.9947070528643936
uncheatable,official_components_endpoint,mariner,0.765,0.994912518861724
uncheatable,official_components_endpoint,mariner,0.77,0.9951204070801323
uncheatable,official_components_endpoint,mariner,0.775,0.995330750811188
uncheatable,official_components_endpoint,mariner,0.78,0.9955435840963118
uncheatable,official_components_endpoint,mariner,0.785,0.9957589417515137
uncheatable,official_components_endpoint,mariner,0.79,0.9959768593933684
uncheatable,official_components_endpoint,mariner,0.795,0.9961973734663048
uncheatable,official_components_endpoint,mariner,0.8,0.9964205212712995
uncheatable,official_components_endpoint,mariner,0.805,0.9966463409960695
uncheatable,official_components_endpoint,mariner,0.81,0.996874871746859
uncheatable,official_components_endpoint,mariner,0.8150000000000001,0.9971061535819364
uncheatable,official_components_endpoint,mariner,0.8200000000000001,0.997340227546917
uncheatable,official_components_endpoint,mariner,0.8250000000000001,0.9975771357120361
uncheatable,official_components_endpoint,mariner,0.8300000000000001,0.9978169212115199
uncheatable,official_components_endpoint,mariner,0.835,0.9980596282851923
uncheatable,official_components_endpoint,mariner,0.84,0.9983053023224923
uncheatable,official_components_endpoint,mariner,0.845,0.9985539899090697
uncheatable,official_components_endpoint,mariner,0.85,0.9988057388761583
uncheatable,official_components_endpoint,mariner,0.855,0.9990605983529284
uncheatable,official_components_endpoint,mariner,0.86,0.9993186188220528
uncheatable,official_components_endpoint,mariner,0.865,0.9995798521787287
uncheatable,official_components_endpoint,mariner,0.87,0.9998443517934272
uncheatable,official_components_endpoint,mariner,0.875,1.000112172578666
uncheatable,official_components_endpoint,mariner,0.88,1.0003833710601198
uncheatable,official_components_endpoint,mariner,0.885,1.0006580054524312
uncheatable,official_components_endpoint,mariner,0.89,1.0009361357400923
uncheatable,official_components_endpoint,mariner,0.895,1.0012178237638245
uncheatable,official_components_endpoint,mariner,0.9,1.0015031333129167
uncheatable,official_components_endpoint,mariner,0.905,1.0017921302240225
uncheatable,official_components_endpoint,mariner,0.91,1.0020848824869693
uncheatable,official_components_endpoint,mariner,0.915,1.0023814603581904
uncheatable,official_components_endpoint,mariner,0.92,1.0026819364824457
uncheatable,official_components_endpoint,mariner,0.925,1.0029863860235635
uncheatable,official_components_endpoint,mariner,0.93,1.0032948868050167
uncheatable,official_components_endpoint,mariner,0.935,1.0036075194612228
uncheatable,official_components_endpoint,mariner,0.9400000000000001,1.0039243676005516
uncheatable,official_components_endpoint,mariner,0.9450000000000001,1.0042455179811285
uncheatable,official_components_endpoint,mariner,0.9500000000000001,1.004571060700636
uncheatable,official_components_endpoint,mariner,0.9550000000000001,1.0049010894014405
uncheatable,official_components_endpoint,mariner,0.96,1.0052357014925213
uncheatable,official_components_endpoint,mariner,0.965,1.0055749983898328
uncheatable,official_components_endpoint,mariner,0.97,1.0059190857769158
uncheatable,official_components_endpoint,mariner,0.975,1.0062680738877714
uncheatable,official_components_endpoint,mariner,0.98,1.0066220778142432
uncheatable,official_components_endpoint,mariner,0.985,1.0069812178404012
uncheatable,official_components_endpoint,mariner,0.99,1.0073456198067148
uncheatable,official_components_endpoint,mariner,0.995,1.0077154155071226
uncheatable,official_components_endpoint,mariner,1.0,1.0080907431224702
table9,old_endpoint,official_objective,0.0,1.1808600414452803
table9,old_endpoint,official_objective,0.005,1.1808600414452803
table9,old_endpoint,official_objective,0.01,1.1808600414452803
table9,old_endpoint,official_objective,0.015,1.1808600414452803
table9,old_endpoint,official_objective,0.02,1.1808600414452803
table9,old_endpoint,official_objective,0.025,1.1808600414452803
table9,old_endpoint,official_objective,0.03,1.1808600414452803
table9,old_endpoint,official_objective,0.035,1.179038391078735
table9,old_endpoint,official_objective,0.04,1.179038391078735
table9,old_endpoint,official_objective,0.045,1.179038391078735
table9,old_endpoint,official_objective,0.05,1.179038391078735
table9,old_endpoint,official_objective,0.055,1.179038391078735
table9,old_endpoint,official_objective,0.06,1.179038391078735
table9,old_endpoint,official_objective,0.065,1.179038391078735
table9,old_endpoint,official_objective,0.07,1.179038391078735
table9,old_endpoint,official_objective,0.075,1.179038391078735
table9,old_endpoint,official_objective,0.08,1.1764155976307777
table9,old_endpoint,official_objective,0.085,1.1764155976307777
table9,old_endpoint,official_objective,0.09,1.1764155976307777
table9,old_endpoint,official_objective,0.095,1.1764155976307777
table9,old_endpoint,official_objective,0.1,1.1764155976307777
table9,old_endpoint,official_objective,0.105,1.1764155976307777
table9,old_endpoint,official_objective,0.11,1.1764155976307777
table9,old_endpoint,official_objective,0.115,1.1764155976307777
table9,old_endpoint,official_objective,0.12,1.1764155976307777
table9,old_endpoint,official_objective,0.125,1.1764155976307777
table9,old_endpoint,official_objective,0.13,1.1764155976307777
table9,old_endpoint,official_objective,0.135,1.1764155976307777
table9,old_endpoint,official_objective,0.14,1.1764155976307777
table9,old_endpoint,official_objective,0.145,1.1764155976307777
table9,old_endpoint,official_objective,0.15,1.1764155976307777
table9,old_endpoint,official_objective,0.155,1.1764155976307777
table9,old_endpoint,official_objective,0.16,1.1764155976307777
table9,old_endpoint,official_objective,0.165,1.1764155976307777
table9,old_endpoint,official_objective,0.17,1.1764155976307777
table9,old_endpoint,official_objective,0.17500000000000002,1.1764155976307777
table9,old_endpoint,official_objective,0.18,1.1764155976307777
table9,old_endpoint,official_objective,0.185,1.1764155976307777
table9,old_endpoint,official_objective,0.19,1.1764155976307777
table9,old_endpoint,official_objective,0.195,1.1764155976307777
table9,old_endpoint,official_objective,0.2,1.1764155976307777
table9,old_endpoint,official_objective,0.20500000000000002,1.1764155976307777
table9,old_endpoint,official_objective,0.21,1.1764155976307777
table9,old_endpoint,official_objective,0.215,1.1764155976307777
table9,old_endpoint,official_objective,0.22,1.1764155976307777
table9,old_endpoint,official_objective,0.225,1.1764155976307777
table9,old_endpoint,official_objective,0.23,1.1764155976307777
table9,old_endpoint,official_objective,0.23500000000000001,1.1764155976307777
table9,old_endpoint,official_objective,0.24,1.1764155976307777
table9,old_endpoint,official_objective,0.245,1.1764155976307777
table9,old_endpoint,official_objective,0.25,1.1764155976307777
table9,old_endpoint,official_objective,0.255,1.1764155976307777
table9,old_endpoint,official_objective,0.26,1.1764155976307777
table9,old_endpoint,official_objective,0.265,1.1764155976307777
table9,old_endpoint,official_objective,0.27,1.1764155976307777
table9,old_endpoint,official_objective,0.275,1.1764155976307777
table9,old_endpoint,official_objective,0.28,1.1764155976307777
table9,old_endpoint,official_objective,0.28500000000000003,1.1764155976307777
table9,old_endpoint,official_objective,0.29,1.1764155976307777
table9,old_endpoint,official_objective,0.295,1.1764155976307777
table9,old_endpoint,official_objective,0.3,1.1764155976307777
table9,old_endpoint,official_objective,0.305,1.1764155976307777
table9,old_endpoint,official_objective,0.31,1.1764155976307777
table9,old_endpoint,official_objective,0.315,1.1764155976307777
table9,old_endpoint,official_objective,0.32,1.1764155976307777
table9,old_endpoint,official_objective,0.325,1.1764155976307777
table9,old_endpoint,official_objective,0.33,1.1764155976307777
table9,old_endpoint,official_objective,0.335,1.1764155976307777
table9,old_endpoint,official_objective,0.34,1.1764155976307777
table9,old_endpoint,official_objective,0.34500000000000003,1.1764155976307777
table9,old_endpoint,official_objective,0.35000000000000003,1.1764155976307777
table9,old_endpoint,official_objective,0.355,1.1764155976307777
table9,old_endpoint,official_objective,0.36,1.1764155976307777
table9,old_endpoint,official_objective,0.365,1.1764155976307777
table9,old_endpoint,official_objective,0.37,1.1764155976307777
table9,old_endpoint,official_objective,0.375,1.1764155976307777
table9,old_endpoint,official_objective,0.38,1.1764155976307777
table9,old_endpoint,official_objective,0.385,1.1764155976307777
table9,old_endpoint,official_objective,0.39,1.1764155976307777
table9,old_endpoint,official_objective,0.395,1.1764155976307777
table9,old_endpoint,official_objective,0.4,1.1764155976307777
table9,old_endpoint,official_objective,0.405,1.1764155976307777
table9,old_endpoint,official_objective,0.41000000000000003,1.1764155976307777
table9,old_endpoint,official_objective,0.41500000000000004,1.1764155976307777
table9,old_endpoint,official_objective,0.42,1.1764155976307777
table9,old_endpoint,official_objective,0.425,1.1764155976307777
table9,old_endpoint,official_objective,0.43,1.1764155976307777
table9,old_endpoint,official_objective,0.435,1.1764155976307777
table9,old_endpoint,official_objective,0.44,1.1764155976307777
table9,old_endpoint,official_objective,0.445,1.1764155976307777
table9,old_endpoint,official_objective,0.45,1.1764155976307777
table9,old_endpoint,official_objective,0.455,1.1764155976307777
table9,old_endpoint,official_objective,0.46,1.1764155976307777
table9,old_endpoint,official_objective,0.465,1.1764155976307777
table9,old_endpoint,official_objective,0.47000000000000003,1.1764155976307777
table9,old_endpoint,official_objective,0.47500000000000003,1.1764155976307777
table9,old_endpoint,official_objective,0.48,1.1764155976307777
table9,old_endpoint,official_objective,0.485,1.1764155976307777
table9,old_endpoint,official_objective,0.49,1.1764155976307777
table9,old_endpoint,official_objective,0.495,1.1764155976307777
table9,old_endpoint,official_objective,0.5,1.1764155976307777
table9,old_endpoint,official_objective,0.505,1.1764155976307777
table9,old_endpoint,official_objective,0.51,1.1764155976307777
table9,old_endpoint,official_objective,0.515,1.1764155976307777
table9,old_endpoint,official_objective,0.52,1.1764155976307777
table9,old_endpoint,official_objective,0.525,1.1764155976307777
table9,old_endpoint,official_objective,0.53,1.1764155976307777
table9,old_endpoint,official_objective,0.535,1.1764155976307777
table9,old_endpoint,official_objective,0.54,1.1764155976307777
table9,old_endpoint,official_objective,0.545,1.1764155976307777
table9,old_endpoint,official_objective,0.55,1.1764155976307777
table9,old_endpoint,official_objective,0.555,1.1764155976307777
table9,old_endpoint,official_objective,0.56,1.1764155976307777
table9,old_endpoint,official_objective,0.5650000000000001,1.1764155976307777
table9,old_endpoint,official_objective,0.5700000000000001,1.1764155976307777
table9,old_endpoint,official_objective,0.5750000000000001,1.1764155976307777
table9,old_endpoint,official_objective,0.58,1.1764155976307777
table9,old_endpoint,official_objective,0.585,1.1764155976307777
table9,old_endpoint,official_objective,0.59,1.1764155976307777
table9,old_endpoint,official_objective,0.595,1.1764155976307777
table9,old_endpoint,official_objective,0.6,1.1764155976307777
table9,old_endpoint,official_objective,0.605,1.1764155976307777
table9,old_endpoint,official_objective,0.61,1.1764155976307777
table9,old_endpoint,official_objective,0.615,1.1764155976307777
table9,old_endpoint,official_objective,0.62,1.1764155976307777
table9,old_endpoint,official_objective,0.625,1.1764155976307777
table9,old_endpoint,official_objective,0.63,1.176503988131928
table9,old_endpoint,official_objective,0.635,1.176503988131928
table9,old_endpoint,official_objective,0.64,1.176503988131928
table9,old_endpoint,official_objective,0.645,1.176503988131928
table9,old_endpoint,official_objective,0.65,1.176503988131928
table9,old_endpoint,official_objective,0.655,1.176503988131928
table9,old_endpoint,official_objective,0.66,1.176503988131928
table9,old_endpoint,official_objective,0.665,1.176503988131928
table9,old_endpoint,official_objective,0.67,1.176503988131928
table9,old_endpoint,official_objective,0.675,1.176503988131928
table9,old_endpoint,official_objective,0.68,1.176503988131928
table9,old_endpoint,official_objective,0.685,1.176503988131928
table9,old_endpoint,official_objective,0.6900000000000001,1.176503988131928
table9,old_endpoint,official_objective,0.6950000000000001,1.176503988131928
table9,old_endpoint,official_objective,0.7000000000000001,1.176503988131928
table9,old_endpoint,official_objective,0.705,1.176503988131928
table9,old_endpoint,official_objective,0.71,1.176503988131928
table9,old_endpoint,official_objective,0.715,1.176503988131928
table9,old_endpoint,official_objective,0.72,1.176503988131928
table9,old_endpoint,official_objective,0.725,1.176503988131928
table9,old_endpoint,official_objective,0.73,1.176503988131928
table9,old_endpoint,official_objective,0.735,1.176503988131928
table9,old_endpoint,official_objective,0.74,1.176503988131928
table9,old_endpoint,official_objective,0.745,1.176503988131928
table9,old_endpoint,official_objective,0.75,1.176503988131928
table9,old_endpoint,official_objective,0.755,1.176503988131928
table9,old_endpoint,official_objective,0.76,1.176503988131928
table9,old_endpoint,official_objective,0.765,1.176503988131928
table9,old_endpoint,official_objective,0.77,1.176503988131928
table9,old_endpoint,official_objective,0.775,1.176503988131928
table9,old_endpoint,official_objective,0.78,1.176503988131928
table9,old_endpoint,official_objective,0.785,1.176503988131928
table9,old_endpoint,official_objective,0.79,1.176503988131928
table9,old_endpoint,official_objective,0.795,1.1767439394061505
table9,old_endpoint,official_objective,0.8,1.1767439394061505
table9,old_endpoint,official_objective,0.805,1.1767439394061505
table9,old_endpoint,official_objective,0.81,1.1767439394061505
table9,old_endpoint,official_objective,0.8150000000000001,1.1767439394061505
table9,old_endpoint,official_objective,0.8200000000000001,1.1759383173711284
table9,old_endpoint,official_objective,0.8250000000000001,1.1759383173711284
table9,old_endpoint,official_objective,0.8300000000000001,1.1759383173711284
table9,old_endpoint,official_objective,0.835,1.1759383173711284
table9,old_endpoint,official_objective,0.84,1.1759383173711284
table9,old_endpoint,official_objective,0.845,1.1759383173711284
table9,old_endpoint,official_objective,0.85,1.1759383173711284
table9,old_endpoint,official_objective,0.855,1.1759383173711284
table9,old_endpoint,official_objective,0.86,1.1759383173711284
table9,old_endpoint,official_objective,0.865,1.1759383173711284
table9,old_endpoint,official_objective,0.87,1.1759383173711284
table9,old_endpoint,official_objective,0.875,1.1759383173711284
table9,old_endpoint,official_objective,0.88,1.1759383173711284
table9,old_endpoint,official_objective,0.885,1.1759383173711284
table9,old_endpoint,official_objective,0.89,1.1759383173711284
table9,old_endpoint,official_objective,0.895,1.1759383173711284
table9,old_endpoint,official_objective,0.9,1.1759383173711284
table9,old_endpoint,official_objective,0.905,1.1759383173711284
table9,old_endpoint,official_objective,0.91,1.1759383173711284
table9,old_endpoint,official_objective,0.915,1.1759383173711284
table9,old_endpoint,official_objective,0.92,1.1759383173711284
table9,old_endpoint,official_objective,0.925,1.1759383173711284
table9,old_endpoint,official_objective,0.93,1.1759383173711284
table9,old_endpoint,official_objective,0.935,1.1759383173711284
table9,old_endpoint,official_objective,0.9400000000000001,1.1759383173711284
table9,old_endpoint,official_objective,0.9450000000000001,1.1759383173711284
table9,old_endpoint,official_objective,0.9500000000000001,1.1759383173711284
table9,old_endpoint,official_objective,0.9550000000000001,1.1759383173711284
table9,old_endpoint,official_objective,0.96,1.1759383173711284
table9,old_endpoint,official_objective,0.965,1.1759383173711284
table9,old_endpoint,official_objective,0.97,1.1759383173711284
table9,old_endpoint,official_objective,0.975,1.1759383173711284
table9,old_endpoint,official_objective,0.98,1.1759383173711284
table9,old_endpoint,official_objective,0.985,1.1759383173711284
table9,old_endpoint,official_objective,0.99,1.1759383173711284
table9,old_endpoint,official_objective,0.995,1.1759383173711284
table9,old_endpoint,official_objective,1.0,1.1759383173711284
table9,old_endpoint,official_components,0.0,1.141792108170192
table9,old_endpoint,official_components,0.005,1.1419246110716057
table9,old_endpoint,official_components,0.01,1.1419246110716057
table9,old_endpoint,official_components,0.015,1.1421216126033744
table9,old_endpoint,official_components,0.02,1.1421434382276965
table9,old_endpoint,official_components,0.025,1.1421647960598356
table9,old_endpoint,official_components,0.03,1.1421647960598356
table9,old_endpoint,official_components,0.035,1.142149603460479
table9,old_endpoint,official_components,0.04,1.1424043504503176
table9,old_endpoint,official_components,0.045,1.1433409547081252
table9,old_endpoint,official_components,0.05,1.1433409547081252
table9,old_endpoint,official_components,0.055,1.1433545731769508
table9,old_endpoint,official_components,0.06,1.1433614869072883
table9,old_endpoint,official_components,0.065,1.1433622209563201
table9,old_endpoint,official_components,0.07,1.1433675975552549
table9,old_endpoint,official_components,0.075,1.1433675975552549
table9,old_endpoint,official_components,0.08,1.1433317135213823
table9,old_endpoint,official_components,0.085,1.1433317135213823
table9,old_endpoint,official_components,0.09,1.1433317135213823
table9,old_endpoint,official_components,0.095,1.143317169841618
table9,old_endpoint,official_components,0.1,1.143277293045814
table9,old_endpoint,official_components,0.105,1.1431267295847802
table9,old_endpoint,official_components,0.11,1.1430935664846524
table9,old_endpoint,official_components,0.115,1.1430935664846524
table9,old_endpoint,official_components,0.12,1.1429667887900763
table9,old_endpoint,official_components,0.125,1.1429421699091196
table9,old_endpoint,official_components,0.13,1.1429421699091196
table9,old_endpoint,official_components,0.135,1.1429421699091196
table9,old_endpoint,official_components,0.14,1.1429421699091196
table9,old_endpoint,official_components,0.145,1.1429421699091196
table9,old_endpoint,official_components,0.15,1.1429421699091196
table9,old_endpoint,official_components,0.155,1.142897775913954
table9,old_endpoint,official_components,0.16,1.142897775913954
table9,old_endpoint,official_components,0.165,1.142897775913954
table9,old_endpoint,official_components,0.17,1.142897775913954
table9,old_endpoint,official_components,0.17500000000000002,1.14293068086547
table9,old_endpoint,official_components,0.18,1.1428719563665304
table9,old_endpoint,official_components,0.185,1.1428442475126537
table9,old_endpoint,official_components,0.19,1.142836537837968
table9,old_endpoint,official_components,0.195,1.1428284620948528
table9,old_endpoint,official_components,0.2,1.1428284620948528
table9,old_endpoint,official_components,0.20500000000000002,1.1428323793601347
table9,old_endpoint,official_components,0.21,1.1428091584571676
table9,old_endpoint,official_components,0.215,1.1428064698928246
table9,old_endpoint,official_components,0.22,1.1428064698928246
table9,old_endpoint,official_components,0.225,1.1426864242310275
table9,old_endpoint,official_components,0.23,1.1427215797928008
table9,old_endpoint,official_components,0.23500000000000001,1.1427215797928008
table9,old_endpoint,official_components,0.24,1.1426915928975094
table9,old_endpoint,official_components,0.245,1.1440253703032592
table9,old_endpoint,official_components,0.25,1.1440374349111067
table9,old_endpoint,official_components,0.255,1.1440760746282486
table9,old_endpoint,official_components,0.26,1.1440739851203905
table9,old_endpoint,official_components,0.265,1.1440739851203905
table9,old_endpoint,official_components,0.27,1.1439971363009636
table9,old_endpoint,official_components,0.275,1.143752874893746
table9,old_endpoint,official_components,0.28,1.1437393625981929
table9,old_endpoint,official_components,0.28500000000000003,1.1437436604223854
table9,old_endpoint,official_components,0.29,1.1437398138157642
table9,old_endpoint,official_components,0.295,1.143705243052394
table9,old_endpoint,official_components,0.3,1.1437577681789612
table9,old_endpoint,official_components,0.305,1.1437577681789612
table9,old_endpoint,official_components,0.31,1.1438334928953675
table9,old_endpoint,official_components,0.315,1.1438334928953675
table9,old_endpoint,official_components,0.32,1.1438334928953675
table9,old_endpoint,official_components,0.325,1.1438328017338932
table9,old_endpoint,official_components,0.33,1.1438308431751079
table9,old_endpoint,official_components,0.335,1.1438433242421815
table9,old_endpoint,official_components,0.34,1.1438433242421815
table9,old_endpoint,official_components,0.34500000000000003,1.1438433242421815
table9,old_endpoint,official_components,0.35000000000000003,1.1439184607200656
table9,old_endpoint,official_components,0.355,1.1438644412250416
table9,old_endpoint,official_components,0.36,1.143465037419968
table9,old_endpoint,official_components,0.365,1.1434165846929423
table9,old_endpoint,official_components,0.37,1.143395838291247
table9,old_endpoint,official_components,0.375,1.1433880895830242
table9,old_endpoint,official_components,0.38,1.1433090519716735
table9,old_endpoint,official_components,0.385,1.14320978862787
table9,old_endpoint,official_components,0.39,1.143227772153066
table9,old_endpoint,official_components,0.395,1.1431787155101252
table9,old_endpoint,official_components,0.4,1.1431787155101252
table9,old_endpoint,official_components,0.405,1.1431788811933847
table9,old_endpoint,official_components,0.41000000000000003,1.1431850888874249
table9,old_endpoint,official_components,0.41500000000000004,1.1431977274949734
table9,old_endpoint,official_components,0.42,1.1432119135489753
table9,old_endpoint,official_components,0.425,1.1432133828489266
table9,old_endpoint,official_components,0.43,1.1432133828489266
table9,old_endpoint,official_components,0.435,1.1432194271202918
table9,old_endpoint,official_components,0.44,1.1432194271202918
table9,old_endpoint,official_components,0.445,1.1431888727623911
table9,old_endpoint,official_components,0.45,1.1432938322962256
table9,old_endpoint,official_components,0.455,1.1432990172032196
table9,old_endpoint,official_components,0.46,1.1433120384121125
table9,old_endpoint,official_components,0.465,1.1433120384121125
table9,old_endpoint,official_components,0.47000000000000003,1.1433120384121125
table9,old_endpoint,official_components,0.47500000000000003,1.1422660403997371
table9,old_endpoint,official_components,0.48,1.1423960515978164
table9,old_endpoint,official_components,0.485,1.1424337453916888
table9,old_endpoint,official_components,0.49,1.1424221405182111
table9,old_endpoint,official_components,0.495,1.1424247532993608
table9,old_endpoint,official_components,0.5,1.1424247532993608
table9,old_endpoint,official_components,0.505,1.1424209019648983
table9,old_endpoint,official_components,0.51,1.14234403351925
table9,old_endpoint,official_components,0.515,1.1423825777934349
table9,old_endpoint,official_components,0.52,1.1424481848024262
table9,old_endpoint,official_components,0.525,1.1424965892341268
table9,old_endpoint,official_components,0.53,1.1424219747172253
table9,old_endpoint,official_components,0.535,1.1424175998583672
table9,old_endpoint,official_components,0.54,1.1424175998583672
table9,old_endpoint,official_components,0.545,1.1423991480813611
table9,old_endpoint,official_components,0.55,1.1429949417512444
table9,old_endpoint,official_components,0.555,1.1426636291346486
table9,old_endpoint,official_components,0.56,1.1427620207505162
table9,old_endpoint,official_components,0.5650000000000001,1.1427620207505162
table9,old_endpoint,official_components,0.5700000000000001,1.1437961049682273
table9,old_endpoint,official_components,0.5750000000000001,1.14369314529229
table9,old_endpoint,official_components,0.58,1.1436881017789842
table9,old_endpoint,official_components,0.585,1.1437887089214276
table9,old_endpoint,official_components,0.59,1.1437887089214276
table9,old_endpoint,official_components,0.595,1.1436235737038296
table9,old_endpoint,official_components,0.6,1.1435767465328914
table9,old_endpoint,official_components,0.605,1.142925004055787
table9,old_endpoint,official_components,0.61,1.1427311776182836
table9,old_endpoint,official_components,0.615,1.1426992684267328
table9,old_endpoint,official_components,0.62,1.1427414358205428
table9,old_endpoint,official_components,0.625,1.1427652757909437
table9,old_endpoint,official_components,0.63,1.1427394315403183
table9,old_endpoint,official_components,0.635,1.1427394315403183
table9,old_endpoint,official_components,0.64,1.1426944792007934
table9,old_endpoint,official_components,0.645,1.1426424270603346
table9,old_endpoint,official_components,0.65,1.142774246887286
table9,old_endpoint,official_components,0.655,1.143080169185337
table9,old_endpoint,official_components,0.66,1.1432219927831624
table9,old_endpoint,official_components,0.665,1.1432375091520566
table9,old_endpoint,official_components,0.67,1.1432851238395085
table9,old_endpoint,official_components,0.675,1.1434100806924814
table9,old_endpoint,official_components,0.68,1.1433975064543738
table9,old_endpoint,official_components,0.685,1.1433482372425379
table9,old_endpoint,official_components,0.6900000000000001,1.1433116878628928
table9,old_endpoint,official_components,0.6950000000000001,1.1433160625499559
table9,old_endpoint,official_components,0.7000000000000001,1.1432060776374269
table9,old_endpoint,official_components,0.705,1.14340325795437
table9,old_endpoint,official_components,0.71,1.143373451148296
table9,old_endpoint,official_components,0.715,1.1431165322857049
table9,old_endpoint,official_components,0.72,1.1431226049588736
table9,old_endpoint,official_components,0.725,1.1431205164912974
table9,old_endpoint,official_components,0.73,1.143122559527741
table9,old_endpoint,official_components,0.735,1.1431675619912007
table9,old_endpoint,official_components,0.74,1.1432620932028716
table9,old_endpoint,official_components,0.745,1.143270234442775
table9,old_endpoint,official_components,0.75,1.143270234442775
table9,old_endpoint,official_components,0.755,1.1433023812282546
table9,old_endpoint,official_components,0.76,1.1434287658487607
table9,old_endpoint,official_components,0.765,1.1434135280327302
table9,old_endpoint,official_components,0.77,1.1434135280327302
table9,old_endpoint,official_components,0.775,1.1433542448463763
table9,old_endpoint,official_components,0.78,1.1433598759007362
table9,old_endpoint,official_components,0.785,1.1431882146171874
table9,old_endpoint,official_components,0.79,1.143206537503108
table9,old_endpoint,official_components,0.795,1.1434103753145721
table9,old_endpoint,official_components,0.8,1.143585537193819
table9,old_endpoint,official_components,0.805,1.1434971538365133
table9,old_endpoint,official_components,0.81,1.1434823281767983
table9,old_endpoint,official_components,0.8150000000000001,1.1438529111624747
table9,old_endpoint,official_components,0.8200000000000001,1.1438143524050597
table9,old_endpoint,official_components,0.8250000000000001,1.1437729413595519
table9,old_endpoint,official_components,0.8300000000000001,1.1440955055153914
table9,old_endpoint,official_components,0.835,1.144021001680441
table9,old_endpoint,official_components,0.84,1.1439763655572999
table9,old_endpoint,official_components,0.845,1.1439873353619054
table9,old_endpoint,official_components,0.85,1.1440089160497968
table9,old_endpoint,official_components,0.855,1.1440494849721268
table9,old_endpoint,official_components,0.86,1.1440466195674157
table9,old_endpoint,official_components,0.865,1.1439940610019916
table9,old_endpoint,official_components,0.87,1.1439971252524468
table9,old_endpoint,official_components,0.875,1.144036705857725
table9,old_endpoint,official_components,0.88,1.1441086819372994
table9,old_endpoint,official_components,0.885,1.1441091012540774
table9,old_endpoint,official_components,0.89,1.1441091012540774
table9,old_endpoint,official_components,0.895,1.1441091012540774
table9,old_endpoint,official_components,0.9,1.1441161385307725
table9,old_endpoint,official_components,0.905,1.1440617900218109
table9,old_endpoint,official_components,0.91,1.1443184269065387
table9,old_endpoint,official_components,0.915,1.1443147582940738
table9,old_endpoint,official_components,0.92,1.144327419010302
table9,old_endpoint,official_components,0.925,1.1445206062764144
table9,old_endpoint,official_components,0.93,1.1450019644682845
table9,old_endpoint,official_components,0.935,1.1450384638767668
table9,old_endpoint,official_components,0.9400000000000001,1.145031349924189
table9,old_endpoint,official_components,0.9450000000000001,1.1450143802336226
table9,old_endpoint,official_components,0.9500000000000001,1.147337464089612
table9,old_endpoint,official_components,0.9550000000000001,1.14732150977397
table9,old_endpoint,official_components,0.96,1.1473262883824207
table9,old_endpoint,official_components,0.965,1.1474158419192113
table9,old_endpoint,official_components,0.97,1.1474063173013669
table9,old_endpoint,official_components,0.975,1.1473969618924547
table9,old_endpoint,official_components,0.98,1.1480924464273548
table9,old_endpoint,official_components,0.985,1.1480787207802159
table9,old_endpoint,official_components,0.99,1.148110072543468
table9,old_endpoint,official_components,0.995,1.148110072543468
table9,old_endpoint,official_components,1.0,1.1481887061104519
table9,old_endpoint,prior_only,0.0,1.1017628635658723
table9,old_endpoint,prior_only,0.005,1.101764690460827
table9,old_endpoint,prior_only,0.01,1.1024876897342812
table9,old_endpoint,prior_only,0.015,1.1025563122546829
table9,old_endpoint,prior_only,0.02,1.1023800289501113
table9,old_endpoint,prior_only,0.025,1.1022148087455599
table9,old_endpoint,prior_only,0.03,1.1020126528881764
table9,old_endpoint,prior_only,0.035,1.1019111213227932
table9,old_endpoint,prior_only,0.04,1.1017634646015475
table9,old_endpoint,prior_only,0.045,1.1020793445705985
table9,old_endpoint,prior_only,0.05,1.1019748051020586
table9,old_endpoint,prior_only,0.055,1.1023192772463641
table9,old_endpoint,prior_only,0.06,1.1022860317163992
table9,old_endpoint,prior_only,0.065,1.1021580243643176
table9,old_endpoint,prior_only,0.07,1.1021838991741792
table9,old_endpoint,prior_only,0.075,1.1022382358161906
table9,old_endpoint,prior_only,0.08,1.1022520547188464
table9,old_endpoint,prior_only,0.085,1.1023259594548311
table9,old_endpoint,prior_only,0.09,1.1023042554778346
table9,old_endpoint,prior_only,0.095,1.1022970302023551
table9,old_endpoint,prior_only,0.1,1.1024772232690574
table9,old_endpoint,prior_only,0.105,1.102476722626415
table9,old_endpoint,prior_only,0.11,1.1027377259851194
table9,old_endpoint,prior_only,0.115,1.102741274697723
table9,old_endpoint,prior_only,0.12,1.1056757646684718
table9,old_endpoint,prior_only,0.125,1.105734427775404
table9,old_endpoint,prior_only,0.13,1.1056055209666555
table9,old_endpoint,prior_only,0.135,1.1056055209666555
table9,old_endpoint,prior_only,0.14,1.105840631092557
table9,old_endpoint,prior_only,0.145,1.1058454102098523
table9,old_endpoint,prior_only,0.15,1.1059507145905896
table9,old_endpoint,prior_only,0.155,1.105893825159066
table9,old_endpoint,prior_only,0.16,1.1061667500510448
table9,old_endpoint,prior_only,0.165,1.1059537815520954
table9,old_endpoint,prior_only,0.17,1.1059472067923828
table9,old_endpoint,prior_only,0.17500000000000002,1.105821090245545
table9,old_endpoint,prior_only,0.18,1.1058234625384944
table9,old_endpoint,prior_only,0.185,1.1058679092003856
table9,old_endpoint,prior_only,0.19,1.1057294726585205
table9,old_endpoint,prior_only,0.195,1.1056932972689602
table9,old_endpoint,prior_only,0.2,1.1056932972689602
table9,old_endpoint,prior_only,0.20500000000000002,1.1055473178940112
table9,old_endpoint,prior_only,0.21,1.1055789974786403
table9,old_endpoint,prior_only,0.215,1.1056246667942375
table9,old_endpoint,prior_only,0.22,1.1056246667942375
table9,old_endpoint,prior_only,0.225,1.1055855839573614
table9,old_endpoint,prior_only,0.23,1.1055008530091999
table9,old_endpoint,prior_only,0.23500000000000001,1.1055162659717082
table9,old_endpoint,prior_only,0.24,1.1056337348097953
table9,old_endpoint,prior_only,0.245,1.1043171270655399
table9,old_endpoint,prior_only,0.25,1.1044381674251658
table9,old_endpoint,prior_only,0.255,1.1044015684078383
table9,old_endpoint,prior_only,0.26,1.1044995752883944
table9,old_endpoint,prior_only,0.265,1.1045043686555869
table9,old_endpoint,prior_only,0.27,1.104435446325386
table9,old_endpoint,prior_only,0.275,1.1045104951410658
table9,old_endpoint,prior_only,0.28,1.104584884100888
table9,old_endpoint,prior_only,0.28500000000000003,1.1045827697927244
table9,old_endpoint,prior_only,0.29,1.104665831247237
table9,old_endpoint,prior_only,0.295,1.1044737009299614
table9,old_endpoint,prior_only,0.3,1.1044382672970956
table9,old_endpoint,prior_only,0.305,1.1044244904189968
table9,old_endpoint,prior_only,0.31,1.104436636065726
table9,old_endpoint,prior_only,0.315,1.104436636065726
table9,old_endpoint,prior_only,0.32,1.104375873217804
table9,old_endpoint,prior_only,0.325,1.1043029983595494
table9,old_endpoint,prior_only,0.33,1.1042930376705278
table9,old_endpoint,prior_only,0.335,1.1042551255252162
table9,old_endpoint,prior_only,0.34,1.104200787532791
table9,old_endpoint,prior_only,0.34500000000000003,1.1042183885715193
table9,old_endpoint,prior_only,0.35000000000000003,1.1041035872931704
table9,old_endpoint,prior_only,0.355,1.1040738506709173
table9,old_endpoint,prior_only,0.36,1.1042310489934795
table9,old_endpoint,prior_only,0.365,1.1041931380996584
table9,old_endpoint,prior_only,0.37,1.103674988444479
table9,old_endpoint,prior_only,0.375,1.103618727194267
table9,old_endpoint,prior_only,0.38,1.1035798223131206
table9,old_endpoint,prior_only,0.385,1.1035286832612234
table9,old_endpoint,prior_only,0.39,1.1032023211297406
table9,old_endpoint,prior_only,0.395,1.1032023211297406
table9,old_endpoint,prior_only,0.4,1.1033897989325219
table9,old_endpoint,prior_only,0.405,1.10339204573557
table9,old_endpoint,prior_only,0.41000000000000003,1.1032968313135543
table9,old_endpoint,prior_only,0.41500000000000004,1.103241099272085
table9,old_endpoint,prior_only,0.42,1.1033228645001314
table9,old_endpoint,prior_only,0.425,1.1033226787839256
table9,old_endpoint,prior_only,0.43,1.1033897358556546
table9,old_endpoint,prior_only,0.435,1.1033695320271968
table9,old_endpoint,prior_only,0.44,1.1033731748898907
table9,old_endpoint,prior_only,0.445,1.1036485205264892
table9,old_endpoint,prior_only,0.45,1.1036469336772161
table9,old_endpoint,prior_only,0.455,1.1037505070937768
table9,old_endpoint,prior_only,0.46,1.1038614372053446
table9,old_endpoint,prior_only,0.465,1.1040635489302204
table9,old_endpoint,prior_only,0.47000000000000003,1.1040357490641404
table9,old_endpoint,prior_only,0.47500000000000003,1.1040868542368516
table9,old_endpoint,prior_only,0.48,1.1040868542368516
table9,old_endpoint,prior_only,0.485,1.1040388173893092
table9,old_endpoint,prior_only,0.49,1.104437441421936
table9,old_endpoint,prior_only,0.495,1.1044076499066156
table9,old_endpoint,prior_only,0.5,1.1044163053920935
table9,old_endpoint,prior_only,0.505,1.1044245591986406
table9,old_endpoint,prior_only,0.51,1.1043716805752664
table9,old_endpoint,prior_only,0.515,1.104403907732681
table9,old_endpoint,prior_only,0.52,1.1044205294274918
table9,old_endpoint,prior_only,0.525,1.1044042881362253
table9,old_endpoint,prior_only,0.53,1.1047321353133528
table9,old_endpoint,prior_only,0.535,1.1047321353133528
table9,old_endpoint,prior_only,0.54,1.1047321353133528
table9,old_endpoint,prior_only,0.545,1.1047642949191303
table9,old_endpoint,prior_only,0.55,1.1046270748148252
table9,old_endpoint,prior_only,0.555,1.104638174315012
table9,old_endpoint,prior_only,0.56,1.1046351424610794
table9,old_endpoint,prior_only,0.5650000000000001,1.1046509165126768
table9,old_endpoint,prior_only,0.5700000000000001,1.1046231442191385
table9,old_endpoint,prior_only,0.5750000000000001,1.1046407121927806
table9,old_endpoint,prior_only,0.58,1.104917883576185
table9,old_endpoint,prior_only,0.585,1.1054488730104945
table9,old_endpoint,prior_only,0.59,1.1054407102905013
table9,old_endpoint,prior_only,0.595,1.1054407102905013
table9,old_endpoint,prior_only,0.6,1.1055473324644365
table9,old_endpoint,prior_only,0.605,1.1055451253969875
table9,old_endpoint,prior_only,0.61,1.1055936251162457
table9,old_endpoint,prior_only,0.615,1.1058020429636333
table9,old_endpoint,prior_only,0.62,1.1057168897974479
table9,old_endpoint,prior_only,0.625,1.1057077650364726
table9,old_endpoint,prior_only,0.63,1.1056332412088006
table9,old_endpoint,prior_only,0.635,1.1056223096959168
table9,old_endpoint,prior_only,0.64,1.1054225590598281
table9,old_endpoint,prior_only,0.645,1.105430764795776
table9,old_endpoint,prior_only,0.65,1.1054445256460301
table9,old_endpoint,prior_only,0.655,1.1054315150378993
table9,old_endpoint,prior_only,0.66,1.1054315150378993
table9,old_endpoint,prior_only,0.665,1.1055307639690102
table9,old_endpoint,prior_only,0.67,1.105562669136255
table9,old_endpoint,prior_only,0.675,1.1055524563826165
table9,old_endpoint,prior_only,0.68,1.105442619509275
table9,old_endpoint,prior_only,0.685,1.1053578218821132
table9,old_endpoint,prior_only,0.6900000000000001,1.1053445344891646
table9,old_endpoint,prior_only,0.6950000000000001,1.1053132199944509
table9,old_endpoint,prior_only,0.7000000000000001,1.1053132199944509
table9,old_endpoint,prior_only,0.705,1.105299221447028
table9,old_endpoint,prior_only,0.71,1.105286921907801
table9,old_endpoint,prior_only,0.715,1.1052899668761198
table9,old_endpoint,prior_only,0.72,1.1046960315213445
table9,old_endpoint,prior_only,0.725,1.104707209305756
table9,old_endpoint,prior_only,0.73,1.1047124193565887
table9,old_endpoint,prior_only,0.735,1.1048235475908534
table9,old_endpoint,prior_only,0.74,1.1049146765617301
table9,old_endpoint,prior_only,0.745,1.1057947165766242
table9,old_endpoint,prior_only,0.75,1.1058328765852639
table9,old_endpoint,prior_only,0.755,1.1058594259783816
table9,old_endpoint,prior_only,0.76,1.1126414100508049
table9,old_endpoint,prior_only,0.765,1.1124939197965515
table9,old_endpoint,prior_only,0.77,1.112510283496199
table9,old_endpoint,prior_only,0.775,1.1131607410358344
table9,old_endpoint,prior_only,0.78,1.1133729277939262
table9,old_endpoint,prior_only,0.785,1.113211507443725
table9,old_endpoint,prior_only,0.79,1.1131557369493743
table9,old_endpoint,prior_only,0.795,1.1132092280861299
table9,old_endpoint,prior_only,0.8,1.1132252310671464
table9,old_endpoint,prior_only,0.805,1.11385551747374
table9,old_endpoint,prior_only,0.81,1.1138506337312206
table9,old_endpoint,prior_only,0.8150000000000001,1.1137460179931675
table9,old_endpoint,prior_only,0.8200000000000001,1.1137800087997332
table9,old_endpoint,prior_only,0.8250000000000001,1.1137959933814394
table9,old_endpoint,prior_only,0.8300000000000001,1.113871785827075
table9,old_endpoint,prior_only,0.835,1.1138375976322012
table9,old_endpoint,prior_only,0.84,1.1138375976322012
table9,old_endpoint,prior_only,0.845,1.1138449221272433
table9,old_endpoint,prior_only,0.85,1.1143906408554305
table9,old_endpoint,prior_only,0.855,1.1145424983030017
table9,old_endpoint,prior_only,0.86,1.1145677364752211
table9,old_endpoint,prior_only,0.865,1.1147028049569583
table9,old_endpoint,prior_only,0.87,1.114703818138432
table9,old_endpoint,prior_only,0.875,1.1147517255068307
table9,old_endpoint,prior_only,0.88,1.114904286204697
table9,old_endpoint,prior_only,0.885,1.114824499293467
table9,old_endpoint,prior_only,0.89,1.1148127277400688
table9,old_endpoint,prior_only,0.895,1.1148682288665783
table9,old_endpoint,prior_only,0.9,1.1155882942811552
table9,old_endpoint,prior_only,0.905,1.1155853631754447
table9,old_endpoint,prior_only,0.91,1.1155853631754447
table9,old_endpoint,prior_only,0.915,1.1153770045515732
table9,old_endpoint,prior_only,0.92,1.1151660748106265
table9,old_endpoint,prior_only,0.925,1.1150227194208615
table9,old_endpoint,prior_only,0.93,1.1150243357522323
table9,old_endpoint,prior_only,0.935,1.1150907987455216
table9,old_endpoint,prior_only,0.9400000000000001,1.1150211868661313
table9,old_endpoint,prior_only,0.9450000000000001,1.1150713613945065
table9,old_endpoint,prior_only,0.9500000000000001,1.1195868250899996
table9,old_endpoint,prior_only,0.9550000000000001,1.1215488197312884
table9,old_endpoint,prior_only,0.96,1.1215884891428605
table9,old_endpoint,prior_only,0.965,1.1218784708726321
table9,old_endpoint,prior_only,0.97,1.1218758007542502
table9,old_endpoint,prior_only,0.975,1.1218924172731173
table9,old_endpoint,prior_only,0.98,1.1219639225372386
table9,old_endpoint,prior_only,0.985,1.1219672640658829
table9,old_endpoint,prior_only,0.99,1.1220410042959497
table9,old_endpoint,prior_only,0.995,1.1220410042959497
table9,old_endpoint,prior_only,1.0,1.1220410042959497
table9,old_endpoint,mariner,0.0,1.0630767461866735
table9,old_endpoint,mariner,0.005,1.0630775863236144
table9,old_endpoint,mariner,0.01,1.0630802955429983
table9,old_endpoint,mariner,0.015,1.0630847792392624
table9,old_endpoint,mariner,0.02,1.0630909568914844
table9,old_endpoint,mariner,0.025,1.0630987591966283
table9,old_endpoint,mariner,0.03,1.063108125949276
table9,old_endpoint,mariner,0.035,1.0631190044285792
table9,old_endpoint,mariner,0.04,1.0631313481435118
table9,old_endpoint,mariner,0.045,1.0631451158393754
table9,old_endpoint,mariner,0.05,1.0631602706997865
table9,old_endpoint,mariner,0.055,1.0631767796980935
table9,old_endpoint,mariner,0.06,1.0631946130650345
table9,old_endpoint,mariner,0.065,1.0632137438481526
table9,old_endpoint,mariner,0.07,1.0632341475445415
table9,old_endpoint,mariner,0.075,1.063255801792778
table9,old_endpoint,mariner,0.08,1.0632786861130794
table9,old_endpoint,mariner,0.085,1.0633027816870142
table9,old_endpoint,mariner,0.09,1.0633280711698967
table9,old_endpoint,mariner,0.095,1.0633545385303236
table9,old_endpoint,mariner,0.1,1.0633821689123757
table9,old_endpoint,mariner,0.105,1.0634109485168286
table9,old_endpoint,mariner,0.11,1.0634408644983717
table9,old_endpoint,mariner,0.115,1.063471904876361
table9,old_endpoint,mariner,0.12,1.0635040584570563
table9,old_endpoint,mariner,0.125,1.0635373147656317
table9,old_endpoint,mariner,0.13,1.063571663986532
table9,old_endpoint,mariner,0.135,1.0636070969109794
table9,old_endpoint,mariner,0.14,1.0636436048906186
table9,old_endpoint,mariner,0.145,1.0636811797964607
table9,old_endpoint,mariner,0.15,1.0637198139823876
table9,old_endpoint,mariner,0.155,1.0637595002526248
table9,old_endpoint,mariner,0.16,1.0638002318326547
table9,old_endpoint,mariner,0.165,1.0638420023431219
table9,old_endpoint,mariner,0.17,1.063884805776365
table9,old_endpoint,mariner,0.17500000000000002,1.0639286364752376
table9,old_endpoint,mariner,0.18,1.0639734891139463
table9,old_endpoint,mariner,0.185,1.064019358680666
table9,old_endpoint,mariner,0.19,1.064066240461721
table9,old_endpoint,mariner,0.195,1.0641141300271566
table9,old_endpoint,mariner,0.2,1.064163023217548
table9,old_endpoint,mariner,0.20500000000000002,1.0642129161319047
table9,old_endpoint,mariner,0.21,1.06426380511656
table9,old_endpoint,mariner,0.215,1.0643156867549406
table9,old_endpoint,mariner,0.22,1.0643685578581248
table9,old_endpoint,mariner,0.225,1.064422415456118
table9,old_endpoint,mariner,0.23,1.0644772567897645
table9,old_endpoint,mariner,0.23500000000000001,1.064533079303247
table9,old_endpoint,mariner,0.24,1.064589880637116
table9,old_endpoint,mariner,0.245,1.064647658621796
table9,old_endpoint,mariner,0.25,1.0647064112715354
table9,old_endpoint,mariner,0.255,1.0647661367787602
table9,old_endpoint,mariner,0.26,1.06482683350879
table9,old_endpoint,mariner,0.265,1.0648884999949002
table9,old_endpoint,mariner,0.27,1.0649511349336953
table9,old_endpoint,mariner,0.275,1.065014737180767
table9,old_endpoint,mariner,0.28,1.065079305746626
table9,old_endpoint,mariner,0.28500000000000003,1.065144839792876
table9,old_endpoint,mariner,0.29,1.0652113386286233
table9,old_endpoint,mariner,0.295,1.0652788017070964
table9,old_endpoint,mariner,0.3,1.0653472286224683
table9,old_endpoint,mariner,0.305,1.0654166191068672
table9,old_endpoint,mariner,0.31,1.0654869730275605
table9,old_endpoint,mariner,0.315,1.0655582903843035
table9,old_endpoint,mariner,0.32,1.0656305713068446
table9,old_endpoint,mariner,0.325,1.065703816052573
table9,old_endpoint,mariner,0.33,1.065778025004308
table9,old_endpoint,mariner,0.335,1.065853198668211
table9,old_endpoint,mariner,0.34,1.0659293376718302
table9,old_endpoint,mariner,0.34500000000000003,1.0660064427622493
table9,old_endpoint,mariner,0.35000000000000003,1.0660845148043572
table9,old_endpoint,mariner,0.355,1.066163554779214
table9,old_endpoint,mariner,0.36,1.0662435637825225
table9,old_endpoint,mariner,0.365,1.066324543023189
table9,old_endpoint,mariner,0.37,1.06640649382198
table9,old_endpoint,mariner,0.375,1.0664894176102588
table9,old_endpoint,mariner,0.38,1.0665733159288115
table9,old_endpoint,mariner,0.385,1.066658190426744
table9,old_endpoint,mariner,0.39,1.066744042860462
table9,old_endpoint,mariner,0.395,1.0668308750927191
table9,old_endpoint,mariner,0.4,1.0669186890917353
table9,old_endpoint,mariner,0.405,1.0670074869303827
table9,old_endpoint,mariner,0.41000000000000003,1.0670972707854383
table9,old_endpoint,mariner,0.41500000000000004,1.0671880429368923
table9,old_endpoint,mariner,0.42,1.0672798057673252
table9,old_endpoint,mariner,0.425,1.0673725617613365
table9,old_endpoint,mariner,0.43,1.0674663135050324
table9,old_endpoint,mariner,0.435,1.067561063685565
table9,old_endpoint,mariner,0.44,1.0676568150907297
table9,old_endpoint,mariner,0.445,1.0677535706086079
table9,old_endpoint,mariner,0.45,1.0678513332272652
table9,old_endpoint,mariner,0.455,1.0679501060344907
table9,old_endpoint,mariner,0.46,1.0680498922175932
table9,old_endpoint,mariner,0.465,1.068150695063233
table9,old_endpoint,mariner,0.47000000000000003,1.068252517957308
table9,old_endpoint,mariner,0.47500000000000003,1.068355364384878
table9,old_endpoint,mariner,0.48,1.0684592379301334
table9,old_endpoint,mariner,0.485,1.0685641422764085
table9,old_endpoint,mariner,0.49,1.0686700812062322
table9,old_endpoint,mariner,0.495,1.068777058601421
table9,old_endpoint,mariner,0.5,1.0688850784432176
table9,old_endpoint,mariner,0.505,1.068994144812456
table9,old_endpoint,mariner,0.51,1.0691042618897804
table9,old_endpoint,mariner,0.515,1.069215433955891
table9,old_endpoint,mariner,0.52,1.069327665391833
table9,old_endpoint,mariner,0.525,1.069440960679324
table9,old_endpoint,mariner,0.53,1.0695553244011116
table9,old_endpoint,mariner,0.535,1.06967076124138
table9,old_endpoint,mariner,0.54,1.0697872759861775
table9,old_endpoint,mariner,0.545,1.0699048735238945
table9,old_endpoint,mariner,0.55,1.0700235588457683
table9,old_endpoint,mariner,0.555,1.0701433370464277
table9,old_endpoint,mariner,0.56,1.0702642133244713
table9,old_endpoint,mariner,0.5650000000000001,1.0703861929830838
table9,old_endpoint,mariner,0.5700000000000001,1.0705092814306858
table9,old_endpoint,mariner,0.5750000000000001,1.0706334841816183
table9,old_endpoint,mariner,0.58,1.0707588068568668
table9,old_endpoint,mariner,0.585,1.070885255184814
table9,old_endpoint,mariner,0.59,1.0710128350020378
table9,old_endpoint,mariner,0.595,1.071141552254133
table9,old_endpoint,mariner,0.6,1.0712714129965788
table9,old_endpoint,mariner,0.605,1.0714024233956398
table9,old_endpoint,mariner,0.61,1.0715345897292985
table9,old_endpoint,mariner,0.615,1.0716679183882287
table9,old_endpoint,mariner,0.62,1.0718024158768054
table9,old_endpoint,mariner,0.625,1.0719380888141496
table9,old_endpoint,mariner,0.63,1.0720749439352109
table9,old_endpoint,mariner,0.635,1.0722129880918891
table9,old_endpoint,mariner,0.64,1.072352228254192
table9,old_endpoint,mariner,0.645,1.07249267151143
table9,old_endpoint,mariner,0.65,1.0726343250734562
table9,old_endpoint,mariner,0.655,1.072777196271935
table9,old_endpoint,mariner,0.66,1.0729212925616616
table9,old_endpoint,mariner,0.665,1.0730666215219116
table9,old_endpoint,mariner,0.67,1.0732131908578397
table9,old_endpoint,mariner,0.675,1.0733610084019143
table9,old_endpoint,mariner,0.68,1.0735100821153958
table9,old_endpoint,mariner,0.685,1.073660420089857
table9,old_endpoint,mariner,0.6900000000000001,1.0738120305487484
table9,old_endpoint,mariner,0.6950000000000001,1.0739649218490062
table9,old_endpoint,mariner,0.7000000000000001,1.074119102482702
table9,old_endpoint,mariner,0.705,1.074274581078744
table9,old_endpoint,mariner,0.71,1.074431366404621
table9,old_endpoint,mariner,0.715,1.0745894673681904
table9,old_endpoint,mariner,0.72,1.0747488930195233
table9,old_endpoint,mariner,0.725,1.0749096525527873
table9,old_endpoint,mariner,0.73,1.0750717553081885
table9,old_endpoint,mariner,0.735,1.075235210773959
table9,old_endpoint,mariner,0.74,1.0754000285883965
table9,old_endpoint,mariner,0.745,1.0755662185419608
table9,old_endpoint,mariner,0.75,1.0757337905794209
table9,old_endpoint,mariner,0.755,1.0759027548020583
table9,old_endpoint,mariner,0.76,1.0760731214699268
table9,old_endpoint,mariner,0.765,1.0762449010041688
table9,old_endpoint,mariner,0.77,1.0764181039893952
table9,old_endpoint,mariner,0.775,1.076592741176119
table9,old_endpoint,mariner,0.78,1.0767688234832566
table9,old_endpoint,mariner,0.785,1.0769463620006903
table9,old_endpoint,mariner,0.79,1.0771253679918937
table9,old_endpoint,mariner,0.795,1.0773058528966257
table9,old_endpoint,mariner,0.8,1.077487828333694
table9,old_endpoint,mariner,0.805,1.0776713061037828
table9,old_endpoint,mariner,0.81,1.0778562981923612
table9,old_endpoint,mariner,0.8150000000000001,1.0780428167726528
table9,old_endpoint,mariner,0.8200000000000001,1.0782308742086935
table9,old_endpoint,mariner,0.8250000000000001,1.0784204830584538
table9,old_endpoint,mariner,0.8300000000000001,1.078611656077054
table9,old_endpoint,mariner,0.835,1.0788044062200477
table9,old_endpoint,mariner,0.84,1.0789987466467965
table9,old_endpoint,mariner,0.845,1.079194690723931
table9,old_endpoint,mariner,0.85,1.0793922520288943
table9,old_endpoint,mariner,0.855,1.079591444353582
table9,old_endpoint,mariner,0.86,1.0797922817080723
table9,old_endpoint,mariner,0.865,1.0799947783244535
table9,old_endpoint,mariner,0.87,1.080198948660749
table9,old_endpoint,mariner,0.875,1.080404807404945
table9,old_endpoint,mariner,0.88,1.080612369479121
table9,old_endpoint,mariner,0.885,1.0808216500436891
table9,old_endpoint,mariner,0.89,1.0810326645017454
table9,old_endpoint,mariner,0.895,1.0812454285035322
table9,old_endpoint,mariner,0.9,1.0814599579510205
table9,old_endpoint,mariner,0.905,1.081676269002611
table9,old_endpoint,mariner,0.91,1.0818943780779655
table9,old_endpoint,mariner,0.915,1.0821143018629598
table9,old_endpoint,mariner,0.92,1.0823360573147736
table9,old_endpoint,mariner,0.925,1.0825596616671185
table9,old_endpoint,mariner,0.93,1.0827851324356041
table9,old_endpoint,mariner,0.935,1.0830124874232536
table9,old_endpoint,mariner,0.9400000000000001,1.0832417447261664
table9,old_endpoint,mariner,0.9450000000000001,1.083472922739341
table9,old_endpoint,mariner,0.9500000000000001,1.0837060401626533
table9,old_endpoint,mariner,0.9550000000000001,1.0839411160070076
table9,old_endpoint,mariner,0.96,1.084178169600653
table9,old_endpoint,mariner,0.965,1.0844172205956826
table9,old_endpoint,mariner,0.97,1.084658288974715
table9,old_endpoint,mariner,0.975,1.0849013950577642
table9,old_endpoint,mariner,0.98,1.085146559509308
table9,old_endpoint,mariner,0.985,1.0853938033455606
table9,old_endpoint,mariner,0.99,1.085643147941957
table9,old_endpoint,mariner,0.995,1.085894615040852
table9,old_endpoint,mariner,1.0,1.0861482267594507
table9,official_objective_endpoint,official_objective,0.0,1.1808600414452803
table9,official_objective_endpoint,official_objective,0.005,1.1808600414452803
table9,official_objective_endpoint,official_objective,0.01,1.1808600414452803
table9,official_objective_endpoint,official_objective,0.015,1.179038391078735
table9,official_objective_endpoint,official_objective,0.02,1.179038391078735
table9,official_objective_endpoint,official_objective,0.025,1.179038391078735
table9,official_objective_endpoint,official_objective,0.03,1.1764155976307777
table9,official_objective_endpoint,official_objective,0.035,1.1764155976307777
table9,official_objective_endpoint,official_objective,0.04,1.1764155976307777
table9,official_objective_endpoint,official_objective,0.045,1.1764155976307777
table9,official_objective_endpoint,official_objective,0.05,1.1764155976307777
table9,official_objective_endpoint,official_objective,0.055,1.1764155976307777
table9,official_objective_endpoint,official_objective,0.06,1.1764155976307777
table9,official_objective_endpoint,official_objective,0.065,1.1764155976307777
table9,official_objective_endpoint,official_objective,0.07,1.1764155976307777
table9,official_objective_endpoint,official_objective,0.075,1.1764155976307777
table9,official_objective_endpoint,official_objective,0.08,1.1764155976307777
table9,official_objective_endpoint,official_objective,0.085,1.1764155976307777
table9,official_objective_endpoint,official_objective,0.09,1.1764155976307777
table9,official_objective_endpoint,official_objective,0.095,1.1764155976307777
table9,official_objective_endpoint,official_objective,0.1,1.1764155976307777
table9,official_objective_endpoint,official_objective,0.105,1.1764155976307777
table9,official_objective_endpoint,official_objective,0.11,1.1764155976307777
table9,official_objective_endpoint,official_objective,0.115,1.1764155976307777
table9,official_objective_endpoint,official_objective,0.12,1.1764155976307777
table9,official_objective_endpoint,official_objective,0.125,1.1764155976307777
table9,official_objective_endpoint,official_objective,0.13,1.1764155976307777
table9,official_objective_endpoint,official_objective,0.135,1.1764155976307777
table9,official_objective_endpoint,official_objective,0.14,1.1764155976307777
table9,official_objective_endpoint,official_objective,0.145,1.1764155976307777
table9,official_objective_endpoint,official_objective,0.15,1.1764155976307777
table9,official_objective_endpoint,official_objective,0.155,1.1764155976307777
table9,official_objective_endpoint,official_objective,0.16,1.1766731530057386
table9,official_objective_endpoint,official_objective,0.165,1.1766731530057386
table9,official_objective_endpoint,official_objective,0.17,1.1766731530057386
table9,official_objective_endpoint,official_objective,0.17500000000000002,1.1766731530057386
table9,official_objective_endpoint,official_objective,0.18,1.1766731530057386
table9,official_objective_endpoint,official_objective,0.185,1.1766731530057386
table9,official_objective_endpoint,official_objective,0.19,1.1766731530057386
table9,official_objective_endpoint,official_objective,0.195,1.1766731530057386
table9,official_objective_endpoint,official_objective,0.2,1.1766731530057386
table9,official_objective_endpoint,official_objective,0.20500000000000002,1.1766731530057386
table9,official_objective_endpoint,official_objective,0.21,1.1766731530057386
table9,official_objective_endpoint,official_objective,0.215,1.1766731530057386
table9,official_objective_endpoint,official_objective,0.22,1.1766731530057386
table9,official_objective_endpoint,official_objective,0.225,1.1766731530057386
table9,official_objective_endpoint,official_objective,0.23,1.1766731530057386
table9,official_objective_endpoint,official_objective,0.23500000000000001,1.1766731530057386
table9,official_objective_endpoint,official_objective,0.24,1.1766731530057386
table9,official_objective_endpoint,official_objective,0.245,1.1766731530057386
table9,official_objective_endpoint,official_objective,0.25,1.181331559934898
table9,official_objective_endpoint,official_objective,0.255,1.181331559934898
table9,official_objective_endpoint,official_objective,0.26,1.181331559934898
table9,official_objective_endpoint,official_objective,0.265,1.181331559934898
table9,official_objective_endpoint,official_objective,0.27,1.181331559934898
table9,official_objective_endpoint,official_objective,0.275,1.181331559934898
table9,official_objective_endpoint,official_objective,0.28,1.181331559934898
table9,official_objective_endpoint,official_objective,0.28500000000000003,1.181331559934898
table9,official_objective_endpoint,official_objective,0.29,1.181331559934898
table9,official_objective_endpoint,official_objective,0.295,1.181331559934898
table9,official_objective_endpoint,official_objective,0.3,1.181331559934898
table9,official_objective_endpoint,official_objective,0.305,1.181331559934898
table9,official_objective_endpoint,official_objective,0.31,1.181331559934898
table9,official_objective_endpoint,official_objective,0.315,1.181331559934898
table9,official_objective_endpoint,official_objective,0.32,1.181331559934898
table9,official_objective_endpoint,official_objective,0.325,1.181331559934898
table9,official_objective_endpoint,official_objective,0.33,1.181331559934898
table9,official_objective_endpoint,official_objective,0.335,1.181331559934898
table9,official_objective_endpoint,official_objective,0.34,1.181331559934898
table9,official_objective_endpoint,official_objective,0.34500000000000003,1.181331559934898
table9,official_objective_endpoint,official_objective,0.35000000000000003,1.181331559934898
table9,official_objective_endpoint,official_objective,0.355,1.181331559934898
table9,official_objective_endpoint,official_objective,0.36,1.1817600292142578
table9,official_objective_endpoint,official_objective,0.365,1.1817600292142578
table9,official_objective_endpoint,official_objective,0.37,1.1817600292142578
table9,official_objective_endpoint,official_objective,0.375,1.1817600292142578
table9,official_objective_endpoint,official_objective,0.38,1.1819571330579046
table9,official_objective_endpoint,official_objective,0.385,1.1819571330579046
table9,official_objective_endpoint,official_objective,0.39,1.1819571330579046
table9,official_objective_endpoint,official_objective,0.395,1.1819571330579046
table9,official_objective_endpoint,official_objective,0.4,1.1819571330579046
table9,official_objective_endpoint,official_objective,0.405,1.1819571330579046
table9,official_objective_endpoint,official_objective,0.41000000000000003,1.1819571330579046
table9,official_objective_endpoint,official_objective,0.41500000000000004,1.1819571330579046
table9,official_objective_endpoint,official_objective,0.42,1.1819571330579046
table9,official_objective_endpoint,official_objective,0.425,1.1819571330579046
table9,official_objective_endpoint,official_objective,0.43,1.1819571330579046
table9,official_objective_endpoint,official_objective,0.435,1.1819571330579046
table9,official_objective_endpoint,official_objective,0.44,1.1819571330579046
table9,official_objective_endpoint,official_objective,0.445,1.1819571330579046
table9,official_objective_endpoint,official_objective,0.45,1.1819571330579046
table9,official_objective_endpoint,official_objective,0.455,1.1819571330579046
table9,official_objective_endpoint,official_objective,0.46,1.1819571330579046
table9,official_objective_endpoint,official_objective,0.465,1.1819571330579046
table9,official_objective_endpoint,official_objective,0.47000000000000003,1.1819571330579046
table9,official_objective_endpoint,official_objective,0.47500000000000003,1.1816911761456277
table9,official_objective_endpoint,official_objective,0.48,1.1816911761456277
table9,official_objective_endpoint,official_objective,0.485,1.1816911761456277
table9,official_objective_endpoint,official_objective,0.49,1.1816911761456277
table9,official_objective_endpoint,official_objective,0.495,1.1816911761456277
table9,official_objective_endpoint,official_objective,0.5,1.1816911761456277
table9,official_objective_endpoint,official_objective,0.505,1.1816911761456277
table9,official_objective_endpoint,official_objective,0.51,1.1816911761456277
table9,official_objective_endpoint,official_objective,0.515,1.1816911761456277
table9,official_objective_endpoint,official_objective,0.52,1.1825197704978616
table9,official_objective_endpoint,official_objective,0.525,1.1825197704978616
table9,official_objective_endpoint,official_objective,0.53,1.1825197704978616
table9,official_objective_endpoint,official_objective,0.535,1.1825197704978616
table9,official_objective_endpoint,official_objective,0.54,1.1825197704978616
table9,official_objective_endpoint,official_objective,0.545,1.1825197704978616
table9,official_objective_endpoint,official_objective,0.55,1.1825197704978616
table9,official_objective_endpoint,official_objective,0.555,1.1825197704978616
table9,official_objective_endpoint,official_objective,0.56,1.1825197704978616
table9,official_objective_endpoint,official_objective,0.5650000000000001,1.1825197704978616
table9,official_objective_endpoint,official_objective,0.5700000000000001,1.1825197704978616
table9,official_objective_endpoint,official_objective,0.5750000000000001,1.1825197704978616
table9,official_objective_endpoint,official_objective,0.58,1.1826403250950361
table9,official_objective_endpoint,official_objective,0.585,1.1826403250950361
table9,official_objective_endpoint,official_objective,0.59,1.1826403250950361
table9,official_objective_endpoint,official_objective,0.595,1.1826403250950361
table9,official_objective_endpoint,official_objective,0.6,1.1826403250950361
table9,official_objective_endpoint,official_objective,0.605,1.1826403250950361
table9,official_objective_endpoint,official_objective,0.61,1.1826403250950361
table9,official_objective_endpoint,official_objective,0.615,1.1838000014316896
table9,official_objective_endpoint,official_objective,0.62,1.1838000014316896
table9,official_objective_endpoint,official_objective,0.625,1.1838000014316896
table9,official_objective_endpoint,official_objective,0.63,1.1838000014316896
table9,official_objective_endpoint,official_objective,0.635,1.1838000014316896
table9,official_objective_endpoint,official_objective,0.64,1.1838000014316896
table9,official_objective_endpoint,official_objective,0.645,1.1838000014316896
table9,official_objective_endpoint,official_objective,0.65,1.1838000014316896
table9,official_objective_endpoint,official_objective,0.655,1.1838000014316896
table9,official_objective_endpoint,official_objective,0.66,1.1838000014316896
table9,official_objective_endpoint,official_objective,0.665,1.1838000014316896
table9,official_objective_endpoint,official_objective,0.67,1.1838000014316896
table9,official_objective_endpoint,official_objective,0.675,1.1838000014316896
table9,official_objective_endpoint,official_objective,0.68,1.1838000014316896
table9,official_objective_endpoint,official_objective,0.685,1.1838000014316896
table9,official_objective_endpoint,official_objective,0.6900000000000001,1.183959189579489
table9,official_objective_endpoint,official_objective,0.6950000000000001,1.183959189579489
table9,official_objective_endpoint,official_objective,0.7000000000000001,1.183959189579489
table9,official_objective_endpoint,official_objective,0.705,1.183959189579489
table9,official_objective_endpoint,official_objective,0.71,1.183959189579489
table9,official_objective_endpoint,official_objective,0.715,1.184264732646008
table9,official_objective_endpoint,official_objective,0.72,1.184264732646008
table9,official_objective_endpoint,official_objective,0.725,1.184264732646008
table9,official_objective_endpoint,official_objective,0.73,1.184264732646008
table9,official_objective_endpoint,official_objective,0.735,1.184264732646008
table9,official_objective_endpoint,official_objective,0.74,1.184264732646008
table9,official_objective_endpoint,official_objective,0.745,1.184264732646008
table9,official_objective_endpoint,official_objective,0.75,1.184264732646008
table9,official_objective_endpoint,official_objective,0.755,1.184264732646008
table9,official_objective_endpoint,official_objective,0.76,1.184264732646008
table9,official_objective_endpoint,official_objective,0.765,1.184264732646008
table9,official_objective_endpoint,official_objective,0.77,1.184264732646008
table9,official_objective_endpoint,official_objective,0.775,1.1844818712726626
table9,official_objective_endpoint,official_objective,0.78,1.1844818712726626
table9,official_objective_endpoint,official_objective,0.785,1.1844818712726626
table9,official_objective_endpoint,official_objective,0.79,1.1844818712726626
table9,official_objective_endpoint,official_objective,0.795,1.1844818712726626
table9,official_objective_endpoint,official_objective,0.8,1.1844818712726626
table9,official_objective_endpoint,official_objective,0.805,1.1844818712726626
table9,official_objective_endpoint,official_objective,0.81,1.1844818712726626
table9,official_objective_endpoint,official_objective,0.8150000000000001,1.1844818712726626
table9,official_objective_endpoint,official_objective,0.8200000000000001,1.1844818712726626
table9,official_objective_endpoint,official_objective,0.8250000000000001,1.1844818712726626
table9,official_objective_endpoint,official_objective,0.8300000000000001,1.1844818712726626
table9,official_objective_endpoint,official_objective,0.835,1.1844818712726626
table9,official_objective_endpoint,official_objective,0.84,1.1844818712726626
table9,official_objective_endpoint,official_objective,0.845,1.1844818712726626
table9,official_objective_endpoint,official_objective,0.85,1.1844818712726626
table9,official_objective_endpoint,official_objective,0.855,1.1844818712726626
table9,official_objective_endpoint,official_objective,0.86,1.1844818712726626
table9,official_objective_endpoint,official_objective,0.865,1.1850157810607953
table9,official_objective_endpoint,official_objective,0.87,1.1850157810607953
table9,official_objective_endpoint,official_objective,0.875,1.1850157810607953
table9,official_objective_endpoint,official_objective,0.88,1.1850157810607953
table9,official_objective_endpoint,official_objective,0.885,1.1850157810607953
table9,official_objective_endpoint,official_objective,0.89,1.1850157810607953
table9,official_objective_endpoint,official_objective,0.895,1.1850157810607953
table9,official_objective_endpoint,official_objective,0.9,1.1872941808111521
table9,official_objective_endpoint,official_objective,0.905,1.1872941808111521
table9,official_objective_endpoint,official_objective,0.91,1.188236276736081
table9,official_objective_endpoint,official_objective,0.915,1.188236276736081
table9,official_objective_endpoint,official_objective,0.92,1.188236276736081
table9,official_objective_endpoint,official_objective,0.925,1.188236276736081
table9,official_objective_endpoint,official_objective,0.93,1.188236276736081
table9,official_objective_endpoint,official_objective,0.935,1.188236276736081
table9,official_objective_endpoint,official_objective,0.9400000000000001,1.188236276736081
table9,official_objective_endpoint,official_objective,0.9450000000000001,1.188236276736081
table9,official_objective_endpoint,official_objective,0.9500000000000001,1.188236276736081
table9,official_objective_endpoint,official_objective,0.9550000000000001,1.188236276736081
table9,official_objective_endpoint,official_objective,0.96,1.188236276736081
table9,official_objective_endpoint,official_objective,0.965,1.188236276736081
table9,official_objective_endpoint,official_objective,0.97,1.188236276736081
table9,official_objective_endpoint,official_objective,0.975,1.188236276736081
table9,official_objective_endpoint,official_objective,0.98,1.188236276736081
table9,official_objective_endpoint,official_objective,0.985,1.188236276736081
table9,official_objective_endpoint,official_objective,0.99,1.188236276736081
table9,official_objective_endpoint,official_objective,0.995,1.188236276736081
table9,official_objective_endpoint,official_objective,1.0,1.1888170067439405
table9,official_objective_endpoint,official_components,0.0,1.141792108170192
table9,official_objective_endpoint,official_components,0.005,1.14194808812838
table9,official_objective_endpoint,official_components,0.01,1.1418283733117187
table9,official_objective_endpoint,official_components,0.015,1.1418303051815122
table9,official_objective_endpoint,official_components,0.02,1.1418902576495575
table9,official_objective_endpoint,official_components,0.025,1.1420032749893845
table9,official_objective_endpoint,official_components,0.03,1.1419965551856364
table9,official_objective_endpoint,official_components,0.035,1.141946133025535
table9,official_objective_endpoint,official_components,0.04,1.1421690736002925
table9,official_objective_endpoint,official_components,0.045,1.1415116225864006
table9,official_objective_endpoint,official_components,0.05,1.1414933999226098
table9,official_objective_endpoint,official_components,0.055,1.1417332749544147
table9,official_objective_endpoint,official_components,0.06,1.1417332749544147
table9,official_objective_endpoint,official_components,0.065,1.1418460498820773
table9,official_objective_endpoint,official_components,0.07,1.141736552161905
table9,official_objective_endpoint,official_components,0.075,1.1415074237077478
table9,official_objective_endpoint,official_components,0.08,1.1413922660751998
table9,official_objective_endpoint,official_components,0.085,1.1414397359230448
table9,official_objective_endpoint,official_components,0.09,1.1415057146054095
table9,official_objective_endpoint,official_components,0.095,1.1415071404824313
table9,official_objective_endpoint,official_components,0.1,1.1415328131883251
table9,official_objective_endpoint,official_components,0.105,1.1416868155689657
table9,official_objective_endpoint,official_components,0.11,1.1417116898824538
table9,official_objective_endpoint,official_components,0.115,1.1411715606333537
table9,official_objective_endpoint,official_components,0.12,1.1411715606333537
table9,official_objective_endpoint,official_components,0.125,1.1411715606333537
table9,official_objective_endpoint,official_components,0.13,1.140843798934486
table9,official_objective_endpoint,official_components,0.135,1.1412329105506007
table9,official_objective_endpoint,official_components,0.14,1.1421972773788063
table9,official_objective_endpoint,official_components,0.145,1.142159586124036
table9,official_objective_endpoint,official_components,0.15,1.142159586124036
table9,official_objective_endpoint,official_components,0.155,1.142159586124036
table9,official_objective_endpoint,official_components,0.16,1.142334234214093
table9,official_objective_endpoint,official_components,0.165,1.1422801948729013
table9,official_objective_endpoint,official_components,0.17,1.1422685266202341
table9,official_objective_endpoint,official_components,0.17500000000000002,1.1422663283071457
table9,official_objective_endpoint,official_components,0.18,1.142304866021076
table9,official_objective_endpoint,official_components,0.185,1.1422994139205551
table9,official_objective_endpoint,official_components,0.19,1.1417149426183517
table9,official_objective_endpoint,official_components,0.195,1.141710287838188
table9,official_objective_endpoint,official_components,0.2,1.1417124425574978
table9,official_objective_endpoint,official_components,0.20500000000000002,1.1421360466943393
table9,official_objective_endpoint,official_components,0.21,1.142160471105946
table9,official_objective_endpoint,official_components,0.215,1.1422549859902156
table9,official_objective_endpoint,official_components,0.22,1.1423873934445778
table9,official_objective_endpoint,official_components,0.225,1.1423814681600613
table9,official_objective_endpoint,official_components,0.23,1.14231253006382
table9,official_objective_endpoint,official_components,0.23500000000000001,1.1422392522215596
table9,official_objective_endpoint,official_components,0.24,1.1422562236181006
table9,official_objective_endpoint,official_components,0.245,1.142582225043667
table9,official_objective_endpoint,official_components,0.25,1.1429528669001117
table9,official_objective_endpoint,official_components,0.255,1.142594787324113
table9,official_objective_endpoint,official_components,0.26,1.1426586493353663
table9,official_objective_endpoint,official_components,0.265,1.142638602879832
table9,official_objective_endpoint,official_components,0.27,1.1426495750516659
table9,official_objective_endpoint,official_components,0.275,1.1426421537154479
table9,official_objective_endpoint,official_components,0.28,1.142621123477784
table9,official_objective_endpoint,official_components,0.28500000000000003,1.142677809843321
table9,official_objective_endpoint,official_components,0.29,1.1426326132782774
table9,official_objective_endpoint,official_components,0.295,1.1427109259557153
table9,official_objective_endpoint,official_components,0.3,1.1426970786333293
table9,official_objective_endpoint,official_components,0.305,1.14275189125058
table9,official_objective_endpoint,official_components,0.31,1.14275189125058
table9,official_objective_endpoint,official_components,0.315,1.1427482303377996
table9,official_objective_endpoint,official_components,0.32,1.1427709988216377
table9,official_objective_endpoint,official_components,0.325,1.1428417608978547
table9,official_objective_endpoint,official_components,0.33,1.1428096921440392
table9,official_objective_endpoint,official_components,0.335,1.1434975166236063
table9,official_objective_endpoint,official_components,0.34,1.1435008998052603
table9,official_objective_endpoint,official_components,0.34500000000000003,1.1434103395562771
table9,official_objective_endpoint,official_components,0.35000000000000003,1.1434103395562771
table9,official_objective_endpoint,official_components,0.355,1.1433677919706025
table9,official_objective_endpoint,official_components,0.36,1.1434583219756846
table9,official_objective_endpoint,official_components,0.365,1.1432544435619763
table9,official_objective_endpoint,official_components,0.37,1.1433503695762894
table9,official_objective_endpoint,official_components,0.375,1.1432420635541019
table9,official_objective_endpoint,official_components,0.38,1.1431883119300144
table9,official_objective_endpoint,official_components,0.385,1.145095322645564
table9,official_objective_endpoint,official_components,0.39,1.1454218036867307
table9,official_objective_endpoint,official_components,0.395,1.145300915673028
table9,official_objective_endpoint,official_components,0.4,1.145296942851703
table9,official_objective_endpoint,official_components,0.405,1.1455649948528386
table9,official_objective_endpoint,official_components,0.41000000000000003,1.1453835543016764
table9,official_objective_endpoint,official_components,0.41500000000000004,1.1454217614719524
table9,official_objective_endpoint,official_components,0.42,1.1453805717115524
table9,official_objective_endpoint,official_components,0.425,1.145770797380063
table9,official_objective_endpoint,official_components,0.43,1.1457842689221969
table9,official_objective_endpoint,official_components,0.435,1.145753465038343
table9,official_objective_endpoint,official_components,0.44,1.1457309605813268
table9,official_objective_endpoint,official_components,0.445,1.1457979962308396
table9,official_objective_endpoint,official_components,0.45,1.145824541930265
table9,official_objective_endpoint,official_components,0.455,1.1457598321173506
table9,official_objective_endpoint,official_components,0.46,1.1460510699115445
table9,official_objective_endpoint,official_components,0.465,1.1462400565618316
table9,official_objective_endpoint,official_components,0.47000000000000003,1.147256304248935
table9,official_objective_endpoint,official_components,0.47500000000000003,1.1472678762230544
table9,official_objective_endpoint,official_components,0.48,1.147267463481778
table9,official_objective_endpoint,official_components,0.485,1.147259158642906
table9,official_objective_endpoint,official_components,0.49,1.1472843385638454
table9,official_objective_endpoint,official_components,0.495,1.1472703991537778
table9,official_objective_endpoint,official_components,0.5,1.1472519662983331
table9,official_objective_endpoint,official_components,0.505,1.1472518915689984
table9,official_objective_endpoint,official_components,0.51,1.1472138496114501
table9,official_objective_endpoint,official_components,0.515,1.1472138496114501
table9,official_objective_endpoint,official_components,0.52,1.147347071628076
table9,official_objective_endpoint,official_components,0.525,1.147369270111752
table9,official_objective_endpoint,official_components,0.53,1.1473909925623427
table9,official_objective_endpoint,official_components,0.535,1.1473909925623427
table9,official_objective_endpoint,official_components,0.54,1.147329589536906
table9,official_objective_endpoint,official_components,0.545,1.1473143027618
table9,official_objective_endpoint,official_components,0.55,1.1472906761210322
table9,official_objective_endpoint,official_components,0.555,1.147282110862631
table9,official_objective_endpoint,official_components,0.56,1.147282110862631
table9,official_objective_endpoint,official_components,0.5650000000000001,1.147298395112427
table9,official_objective_endpoint,official_components,0.5700000000000001,1.1474945462300972
table9,official_objective_endpoint,official_components,0.5750000000000001,1.1478152137410764
table9,official_objective_endpoint,official_components,0.58,1.1479882257367213
table9,official_objective_endpoint,official_components,0.585,1.1485285421230729
table9,official_objective_endpoint,official_components,0.59,1.1487806704841677
table9,official_objective_endpoint,official_components,0.595,1.1487314730776383
table9,official_objective_endpoint,official_components,0.6,1.148882977228579
table9,official_objective_endpoint,official_components,0.605,1.1488926557564874
table9,official_objective_endpoint,official_components,0.61,1.1487101384876135
table9,official_objective_endpoint,official_components,0.615,1.150444659202912
table9,official_objective_endpoint,official_components,0.62,1.1505503996816424
table9,official_objective_endpoint,official_components,0.625,1.150543538444326
table9,official_objective_endpoint,official_components,0.63,1.150570779273715
table9,official_objective_endpoint,official_components,0.635,1.150745939376964
table9,official_objective_endpoint,official_components,0.64,1.1507613018530276
table9,official_objective_endpoint,official_components,0.645,1.1507662297005996
table9,official_objective_endpoint,official_components,0.65,1.1513379110846667
table9,official_objective_endpoint,official_components,0.655,1.1513379110846667
table9,official_objective_endpoint,official_components,0.66,1.1513346653608774
table9,official_objective_endpoint,official_components,0.665,1.151355697869929
table9,official_objective_endpoint,official_components,0.67,1.1513364074791679
table9,official_objective_endpoint,official_components,0.675,1.1512661932756916
table9,official_objective_endpoint,official_components,0.68,1.1513399273694174
table9,official_objective_endpoint,official_components,0.685,1.151409677971414
table9,official_objective_endpoint,official_components,0.6900000000000001,1.1524191809877666
table9,official_objective_endpoint,official_components,0.6950000000000001,1.1524936477255636
table9,official_objective_endpoint,official_components,0.7000000000000001,1.1524936477255636
table9,official_objective_endpoint,official_components,0.705,1.15241394923319
table9,official_objective_endpoint,official_components,0.71,1.1524211258800312
table9,official_objective_endpoint,official_components,0.715,1.152573284796695
table9,official_objective_endpoint,official_components,0.72,1.1524861332149636
table9,official_objective_endpoint,official_components,0.725,1.1530218081617702
table9,official_objective_endpoint,official_components,0.73,1.1530479666903068
table9,official_objective_endpoint,official_components,0.735,1.1550002206529904
table9,official_objective_endpoint,official_components,0.74,1.1550002206529904
table9,official_objective_endpoint,official_components,0.745,1.1550002206529904
table9,official_objective_endpoint,official_components,0.75,1.1550155139236937
table9,official_objective_endpoint,official_components,0.755,1.1550155139236937
table9,official_objective_endpoint,official_components,0.76,1.1559870291586598
table9,official_objective_endpoint,official_components,0.765,1.1561300799755254
table9,official_objective_endpoint,official_components,0.77,1.1561300799755254
table9,official_objective_endpoint,official_components,0.775,1.1563035191504527
table9,official_objective_endpoint,official_components,0.78,1.1581178792257627
table9,official_objective_endpoint,official_components,0.785,1.1597700247071583
table9,official_objective_endpoint,official_components,0.79,1.1597700247071583
table9,official_objective_endpoint,official_components,0.795,1.159764017626649
table9,official_objective_endpoint,official_components,0.8,1.159855229585764
table9,official_objective_endpoint,official_components,0.805,1.1599297335249115
table9,official_objective_endpoint,official_components,0.81,1.1599297335249115
table9,official_objective_endpoint,official_components,0.8150000000000001,1.1599297335249115
table9,official_objective_endpoint,official_components,0.8200000000000001,1.159811746590698
table9,official_objective_endpoint,official_components,0.8250000000000001,1.1598135416533557
table9,official_objective_endpoint,official_components,0.8300000000000001,1.1598135416533557
table9,official_objective_endpoint,official_components,0.835,1.1604430032421789
table9,official_objective_endpoint,official_components,0.84,1.1604430032421789
table9,official_objective_endpoint,official_components,0.845,1.1604430032421789
table9,official_objective_endpoint,official_components,0.85,1.160757068023205
table9,official_objective_endpoint,official_components,0.855,1.160757068023205
table9,official_objective_endpoint,official_components,0.86,1.1606898234530565
table9,official_objective_endpoint,official_components,0.865,1.1607084907530738
table9,official_objective_endpoint,official_components,0.87,1.160685352086496
table9,official_objective_endpoint,official_components,0.875,1.160774371696561
table9,official_objective_endpoint,official_components,0.88,1.1609289797765574
table9,official_objective_endpoint,official_components,0.885,1.1616001425306457
table9,official_objective_endpoint,official_components,0.89,1.1616001425306457
table9,official_objective_endpoint,official_components,0.895,1.1616063638007987
table9,official_objective_endpoint,official_components,0.9,1.1616038731984106
table9,official_objective_endpoint,official_components,0.905,1.1616378158546488
table9,official_objective_endpoint,official_components,0.91,1.1616416824954063
table9,official_objective_endpoint,official_components,0.915,1.1617129388718044
table9,official_objective_endpoint,official_components,0.92,1.1617129388718044
table9,official_objective_endpoint,official_components,0.925,1.161591452384622
table9,official_objective_endpoint,official_components,0.93,1.161591452384622
table9,official_objective_endpoint,official_components,0.935,1.161591452384622
table9,official_objective_endpoint,official_components,0.9400000000000001,1.161589929440612
table9,official_objective_endpoint,official_components,0.9450000000000001,1.161589929440612
table9,official_objective_endpoint,official_components,0.9500000000000001,1.161589929440612
table9,official_objective_endpoint,official_components,0.9550000000000001,1.161589929440612
table9,official_objective_endpoint,official_components,0.96,1.161589929440612
table9,official_objective_endpoint,official_components,0.965,1.161602268995928
table9,official_objective_endpoint,official_components,0.97,1.1617164124485293
table9,official_objective_endpoint,official_components,0.975,1.1617164124485293
table9,official_objective_endpoint,official_components,0.98,1.1618638441966422
table9,official_objective_endpoint,official_components,0.985,1.1618664911316188
table9,official_objective_endpoint,official_components,0.99,1.1618664911316188
table9,official_objective_endpoint,official_components,0.995,1.1618664911316188
table9,official_objective_endpoint,official_components,1.0,1.1624996039473836
table9,official_objective_endpoint,prior_only,0.0,1.1017628635658723
table9,official_objective_endpoint,prior_only,0.005,1.1017943629281062
table9,official_objective_endpoint,prior_only,0.01,1.1016971905791606
table9,official_objective_endpoint,prior_only,0.015,1.1016839314003324
table9,official_objective_endpoint,prior_only,0.02,1.1016449972436329
table9,official_objective_endpoint,prior_only,0.025,1.101733514277579
table9,official_objective_endpoint,prior_only,0.03,1.1017914834194857
table9,official_objective_endpoint,prior_only,0.035,1.10183127602967
table9,official_objective_endpoint,prior_only,0.04,1.1011616152416397
table9,official_objective_endpoint,prior_only,0.045,1.1014997221831164
table9,official_objective_endpoint,prior_only,0.05,1.1016437051494727
table9,official_objective_endpoint,prior_only,0.055,1.1011020588288474
table9,official_objective_endpoint,prior_only,0.06,1.1011415644549751
table9,official_objective_endpoint,prior_only,0.065,1.1011157488646233
table9,official_objective_endpoint,prior_only,0.07,1.1009494135530755
table9,official_objective_endpoint,prior_only,0.075,1.1009564809358063
table9,official_objective_endpoint,prior_only,0.08,1.100992217594655
table9,official_objective_endpoint,prior_only,0.085,1.101106282173411
table9,official_objective_endpoint,prior_only,0.09,1.101268962865393
table9,official_objective_endpoint,prior_only,0.095,1.1012924521815022
table9,official_objective_endpoint,prior_only,0.1,1.1013478086940665
table9,official_objective_endpoint,prior_only,0.105,1.1013349752520718
table9,official_objective_endpoint,prior_only,0.11,1.1011842302697084
table9,official_objective_endpoint,prior_only,0.115,1.101450266743544
table9,official_objective_endpoint,prior_only,0.12,1.1015314007324317
table9,official_objective_endpoint,prior_only,0.125,1.1015591268432088
table9,official_objective_endpoint,prior_only,0.13,1.1018010705214434
table9,official_objective_endpoint,prior_only,0.135,1.10189039931955
table9,official_objective_endpoint,prior_only,0.14,1.102290308920475
table9,official_objective_endpoint,prior_only,0.145,1.1022343130594963
table9,official_objective_endpoint,prior_only,0.15,1.1029605593523408
table9,official_objective_endpoint,prior_only,0.155,1.1029605593523408
table9,official_objective_endpoint,prior_only,0.16,1.103370787216809
table9,official_objective_endpoint,prior_only,0.165,1.1032023831211801
table9,official_objective_endpoint,prior_only,0.17,1.103253091072267
table9,official_objective_endpoint,prior_only,0.17500000000000002,1.103253091072267
table9,official_objective_endpoint,prior_only,0.18,1.103344512275029
table9,official_objective_endpoint,prior_only,0.185,1.1036778848267543
table9,official_objective_endpoint,prior_only,0.19,1.1036778848267543
table9,official_objective_endpoint,prior_only,0.195,1.10400532233984
table9,official_objective_endpoint,prior_only,0.2,1.1041886814527753
table9,official_objective_endpoint,prior_only,0.20500000000000002,1.104389619641819
table9,official_objective_endpoint,prior_only,0.21,1.104408141691699
table9,official_objective_endpoint,prior_only,0.215,1.1044153611558378
table9,official_objective_endpoint,prior_only,0.22,1.105324302338572
table9,official_objective_endpoint,prior_only,0.225,1.1053263409506258
table9,official_objective_endpoint,prior_only,0.23,1.105468385486881
table9,official_objective_endpoint,prior_only,0.23500000000000001,1.1052139313626017
table9,official_objective_endpoint,prior_only,0.24,1.1051754410943728
table9,official_objective_endpoint,prior_only,0.245,1.10545174278748
table9,official_objective_endpoint,prior_only,0.25,1.1066470305294769
table9,official_objective_endpoint,prior_only,0.255,1.1063009782659323
table9,official_objective_endpoint,prior_only,0.26,1.1062831526095964
table9,official_objective_endpoint,prior_only,0.265,1.106883046076796
table9,official_objective_endpoint,prior_only,0.27,1.1067966765655814
table9,official_objective_endpoint,prior_only,0.275,1.1070472201045747
table9,official_objective_endpoint,prior_only,0.28,1.1070491978486392
table9,official_objective_endpoint,prior_only,0.28500000000000003,1.1071686077961131
table9,official_objective_endpoint,prior_only,0.29,1.1072279304020607
table9,official_objective_endpoint,prior_only,0.295,1.107847281947468
table9,official_objective_endpoint,prior_only,0.3,1.1078852886042259
table9,official_objective_endpoint,prior_only,0.305,1.108005173885858
table9,official_objective_endpoint,prior_only,0.31,1.1080156210917211
table9,official_objective_endpoint,prior_only,0.315,1.1079043309936631
table9,official_objective_endpoint,prior_only,0.32,1.1078842034276646
table9,official_objective_endpoint,prior_only,0.325,1.1080467056048682
table9,official_objective_endpoint,prior_only,0.33,1.10806561132331
table9,official_objective_endpoint,prior_only,0.335,1.1084035873289086
table9,official_objective_endpoint,prior_only,0.34,1.108192153246795
table9,official_objective_endpoint,prior_only,0.34500000000000003,1.1083568396103214
table9,official_objective_endpoint,prior_only,0.35000000000000003,1.108342920009685
table9,official_objective_endpoint,prior_only,0.355,1.1085452062443988
table9,official_objective_endpoint,prior_only,0.36,1.108894066479318
table9,official_objective_endpoint,prior_only,0.365,1.1087508672367006
table9,official_objective_endpoint,prior_only,0.37,1.1087478110860596
table9,official_objective_endpoint,prior_only,0.375,1.108908322510652
table9,official_objective_endpoint,prior_only,0.38,1.1089316461429917
table9,official_objective_endpoint,prior_only,0.385,1.1089234827870356
table9,official_objective_endpoint,prior_only,0.39,1.110834738612894
table9,official_objective_endpoint,prior_only,0.395,1.110898030731974
table9,official_objective_endpoint,prior_only,0.4,1.1110979635832248
table9,official_objective_endpoint,prior_only,0.405,1.1111782225565843
table9,official_objective_endpoint,prior_only,0.41000000000000003,1.1113553135370036
table9,official_objective_endpoint,prior_only,0.41500000000000004,1.1115401851060818
table9,official_objective_endpoint,prior_only,0.42,1.1117733898721394
table9,official_objective_endpoint,prior_only,0.425,1.112242684517918
table9,official_objective_endpoint,prior_only,0.43,1.1123870778507008
table9,official_objective_endpoint,prior_only,0.435,1.11243808955395
table9,official_objective_endpoint,prior_only,0.44,1.112396134494524
table9,official_objective_endpoint,prior_only,0.445,1.1127803258163584
table9,official_objective_endpoint,prior_only,0.45,1.1126518420441345
table9,official_objective_endpoint,prior_only,0.455,1.1126082347846262
table9,official_objective_endpoint,prior_only,0.46,1.1144077397461032
table9,official_objective_endpoint,prior_only,0.465,1.1144582244123025
table9,official_objective_endpoint,prior_only,0.47000000000000003,1.1148175886708598
table9,official_objective_endpoint,prior_only,0.47500000000000003,1.1148954948486178
table9,official_objective_endpoint,prior_only,0.48,1.114893731006966
table9,official_objective_endpoint,prior_only,0.485,1.1150104009224069
table9,official_objective_endpoint,prior_only,0.49,1.1151695624920153
table9,official_objective_endpoint,prior_only,0.495,1.1154735653407954
table9,official_objective_endpoint,prior_only,0.5,1.1155611553035816
table9,official_objective_endpoint,prior_only,0.505,1.1161948452986576
table9,official_objective_endpoint,prior_only,0.51,1.1161968561003643
table9,official_objective_endpoint,prior_only,0.515,1.1163241211595296
table9,official_objective_endpoint,prior_only,0.52,1.11636912538155
table9,official_objective_endpoint,prior_only,0.525,1.1165052249948944
table9,official_objective_endpoint,prior_only,0.53,1.1165231137267
table9,official_objective_endpoint,prior_only,0.535,1.1161203646001367
table9,official_objective_endpoint,prior_only,0.54,1.1161174429143923
table9,official_objective_endpoint,prior_only,0.545,1.1159730220095638
table9,official_objective_endpoint,prior_only,0.55,1.115973452155149
table9,official_objective_endpoint,prior_only,0.555,1.1160000559942018
table9,official_objective_endpoint,prior_only,0.56,1.115981132533737
table9,official_objective_endpoint,prior_only,0.5650000000000001,1.116151875060559
table9,official_objective_endpoint,prior_only,0.5700000000000001,1.1161285326548414
table9,official_objective_endpoint,prior_only,0.5750000000000001,1.1161706529974245
table9,official_objective_endpoint,prior_only,0.58,1.1165967724807944
table9,official_objective_endpoint,prior_only,0.585,1.1171444572196538
table9,official_objective_endpoint,prior_only,0.59,1.1176797604652076
table9,official_objective_endpoint,prior_only,0.595,1.1177863540333686
table9,official_objective_endpoint,prior_only,0.6,1.117798901412088
table9,official_objective_endpoint,prior_only,0.605,1.1179395646146735
table9,official_objective_endpoint,prior_only,0.61,1.1189403419866877
table9,official_objective_endpoint,prior_only,0.615,1.118936142666255
table9,official_objective_endpoint,prior_only,0.62,1.1203787844531463
table9,official_objective_endpoint,prior_only,0.625,1.1200316945119364
table9,official_objective_endpoint,prior_only,0.63,1.120337922889509
table9,official_objective_endpoint,prior_only,0.635,1.121011653391402
table9,official_objective_endpoint,prior_only,0.64,1.12102856382151
table9,official_objective_endpoint,prior_only,0.645,1.1210802171361784
table9,official_objective_endpoint,prior_only,0.65,1.1212028531752158
table9,official_objective_endpoint,prior_only,0.655,1.1213425058048747
table9,official_objective_endpoint,prior_only,0.66,1.1214672108769803
table9,official_objective_endpoint,prior_only,0.665,1.1216135995376644
table9,official_objective_endpoint,prior_only,0.67,1.1216135995376644
table9,official_objective_endpoint,prior_only,0.675,1.121830240222004
table9,official_objective_endpoint,prior_only,0.68,1.1218531684833828
table9,official_objective_endpoint,prior_only,0.685,1.1225778800468327
table9,official_objective_endpoint,prior_only,0.6900000000000001,1.1228645943099598
table9,official_objective_endpoint,prior_only,0.6950000000000001,1.1231082577152702
table9,official_objective_endpoint,prior_only,0.7000000000000001,1.123094209997413
table9,official_objective_endpoint,prior_only,0.705,1.1231054798048348
table9,official_objective_endpoint,prior_only,0.71,1.1240867634693474
table9,official_objective_endpoint,prior_only,0.715,1.1240813541141121
table9,official_objective_endpoint,prior_only,0.72,1.1244698747549213
table9,official_objective_endpoint,prior_only,0.725,1.1244323026315954
table9,official_objective_endpoint,prior_only,0.73,1.1244323026315954
table9,official_objective_endpoint,prior_only,0.735,1.1244338934783986
table9,official_objective_endpoint,prior_only,0.74,1.125639526532657
table9,official_objective_endpoint,prior_only,0.745,1.1257212424642304
table9,official_objective_endpoint,prior_only,0.75,1.129238332810068
table9,official_objective_endpoint,prior_only,0.755,1.1301666242707764
table9,official_objective_endpoint,prior_only,0.76,1.130200732720158
table9,official_objective_endpoint,prior_only,0.765,1.1307809378746065
table9,official_objective_endpoint,prior_only,0.77,1.1307872251792463
table9,official_objective_endpoint,prior_only,0.775,1.1307576022886832
table9,official_objective_endpoint,prior_only,0.78,1.1315638241305837
table9,official_objective_endpoint,prior_only,0.785,1.1325645947701615
table9,official_objective_endpoint,prior_only,0.79,1.1325702760437584
table9,official_objective_endpoint,prior_only,0.795,1.1332656116477615
table9,official_objective_endpoint,prior_only,0.8,1.1332219015020961
table9,official_objective_endpoint,prior_only,0.805,1.1336955759231016
table9,official_objective_endpoint,prior_only,0.81,1.1342926420937043
table9,official_objective_endpoint,prior_only,0.8150000000000001,1.1342349284690072
table9,official_objective_endpoint,prior_only,0.8200000000000001,1.134230179113626
table9,official_objective_endpoint,prior_only,0.8250000000000001,1.134213377039856
table9,official_objective_endpoint,prior_only,0.8300000000000001,1.1342833053891102
table9,official_objective_endpoint,prior_only,0.835,1.1339246681211193
table9,official_objective_endpoint,prior_only,0.84,1.1339393024168212
table9,official_objective_endpoint,prior_only,0.845,1.1339730991521568
table9,official_objective_endpoint,prior_only,0.85,1.135556158571191
table9,official_objective_endpoint,prior_only,0.855,1.1355605690090977
table9,official_objective_endpoint,prior_only,0.86,1.135641815075028
table9,official_objective_endpoint,prior_only,0.865,1.1362630419194273
table9,official_objective_endpoint,prior_only,0.87,1.1367244033938273
table9,official_objective_endpoint,prior_only,0.875,1.1374733151140282
table9,official_objective_endpoint,prior_only,0.88,1.137597073066712
table9,official_objective_endpoint,prior_only,0.885,1.137087445342366
table9,official_objective_endpoint,prior_only,0.89,1.1373401067032662
table9,official_objective_endpoint,prior_only,0.895,1.137364531904176
table9,official_objective_endpoint,prior_only,0.9,1.13736488329091
table9,official_objective_endpoint,prior_only,0.905,1.137366518665646
table9,official_objective_endpoint,prior_only,0.91,1.1382467065657769
table9,official_objective_endpoint,prior_only,0.915,1.1382597170520197
table9,official_objective_endpoint,prior_only,0.92,1.1382498141470978
table9,official_objective_endpoint,prior_only,0.925,1.1382018178413162
table9,official_objective_endpoint,prior_only,0.93,1.1383131633779469
table9,official_objective_endpoint,prior_only,0.935,1.1384795782008097
table9,official_objective_endpoint,prior_only,0.9400000000000001,1.138494982390617
table9,official_objective_endpoint,prior_only,0.9450000000000001,1.1385101507024666
table9,official_objective_endpoint,prior_only,0.9500000000000001,1.139454242580468
table9,official_objective_endpoint,prior_only,0.9550000000000001,1.1395475147682108
table9,official_objective_endpoint,prior_only,0.96,1.1396478989472085
table9,official_objective_endpoint,prior_only,0.965,1.1396932129692958
table9,official_objective_endpoint,prior_only,0.97,1.1406209961395006
table9,official_objective_endpoint,prior_only,0.975,1.1406209961395006
table9,official_objective_endpoint,prior_only,0.98,1.1406694930432306
table9,official_objective_endpoint,prior_only,0.985,1.140777823777742
table9,official_objective_endpoint,prior_only,0.99,1.140703151635119
table9,official_objective_endpoint,prior_only,0.995,1.141474941663136
table9,official_objective_endpoint,prior_only,1.0,1.1414232017458024
table9,official_objective_endpoint,mariner,0.0,1.0630767461866735
table9,official_objective_endpoint,mariner,0.005,1.0630781419328996
table9,official_objective_endpoint,mariner,0.01,1.06308117285936
table9,official_objective_endpoint,mariner,0.015,1.063085828421743
table9,official_objective_endpoint,mariner,0.02,1.0630921002334186
table9,official_objective_endpoint,mariner,0.025,1.0630999816683608
table9,official_objective_endpoint,mariner,0.03,1.0631094675669
table9,official_objective_endpoint,mariner,0.035,1.0631205540132298
table9,official_objective_endpoint,mariner,0.04,1.063133238164159
table9,official_objective_endpoint,mariner,0.045,1.0631475181152075
table9,official_objective_endpoint,mariner,0.05,1.0631633927944293
table9,official_objective_endpoint,mariner,0.055,1.0631808618771554
table9,official_objective_endpoint,mariner,0.06,1.0631999257167637
table9,official_objective_endpoint,mariner,0.065,1.0632205852878955
table9,official_objective_endpoint,mariner,0.07,1.063242842139465
table9,official_objective_endpoint,mariner,0.075,1.063266698355455
table9,official_objective_endpoint,mariner,0.08,1.0632921565219786
table9,official_objective_endpoint,mariner,0.085,1.0633192196994357
table9,official_objective_endpoint,mariner,0.09,1.0633478913988426
table9,official_objective_endpoint,mariner,0.095,1.063378175561622
table9,official_objective_endpoint,mariner,0.1,1.0634100765422807
table9,official_objective_endpoint,mariner,0.105,1.0634435990935134
table9,official_objective_endpoint,mariner,0.11,1.0634787483533708
table9,official_objective_endpoint,mariner,0.115,1.0635155298341914
table9,official_objective_endpoint,mariner,0.12,1.0635539494130448
table9,official_objective_endpoint,mariner,0.125,1.0635940133234953
table9,official_objective_endpoint,mariner,0.13,1.063635728148506
table9,official_objective_endpoint,mariner,0.135,1.0636791008143618
table9,official_objective_endpoint,mariner,0.14,1.0637241385854703
table9,official_objective_endpoint,mariner,0.145,1.0637708490599684
table9,official_objective_endpoint,mariner,0.15,1.0638192401660285
table9,official_objective_endpoint,mariner,0.155,1.063869320158813
table9,official_objective_endpoint,mariner,0.16,1.0639210976180025
table9,official_objective_endpoint,mariner,0.165,1.0639745814458514
table9,official_objective_endpoint,mariner,0.17,1.0640297808657326
table9,official_objective_endpoint,mariner,0.17500000000000002,1.064086705421125
table9,official_objective_endpoint,mariner,0.18,1.0641453649750117
table9,official_objective_endpoint,mariner,0.185,1.0642057697096674
table9,official_objective_endpoint,mariner,0.19,1.0642679301268059
table9,official_objective_endpoint,mariner,0.195,1.0643318570480638
table9,official_objective_endpoint,mariner,0.2,1.0643975616158101
table9,official_objective_endpoint,mariner,0.20500000000000002,1.064465055294256
table9,official_objective_endpoint,mariner,0.21,1.0645343498708617
table9,official_objective_endpoint,mariner,0.215,1.0646054574580188
table9,official_objective_endpoint,mariner,0.22,1.0646783904950037
table9,official_objective_endpoint,mariner,0.225,1.0647531617501957
table9,official_objective_endpoint,mariner,0.23,1.064829784323541
table9,official_objective_endpoint,mariner,0.23500000000000001,1.0649082716492722
table9,official_objective_endpoint,mariner,0.24,1.064988637498866
table9,official_objective_endpoint,mariner,0.245,1.0650708959842392
table9,official_objective_endpoint,mariner,0.25,1.0651550615611811
table9,official_objective_endpoint,mariner,0.255,1.065241149033018
table9,official_objective_endpoint,mariner,0.26,1.0653291735545043
table9,official_objective_endpoint,mariner,0.265,1.0654191506359496
table9,official_objective_endpoint,mariner,0.27,1.065511096147569
table9,official_objective_endpoint,mariner,0.275,1.0656050263240657
table9,official_objective_endpoint,mariner,0.28,1.065700957769439
table9,official_objective_endpoint,mariner,0.28500000000000003,1.065798907462027
table9,official_objective_endpoint,mariner,0.29,1.065898892759779
table9,official_objective_endpoint,mariner,0.295,1.0660009314057624
table9,official_objective_endpoint,mariner,0.3,1.0661050415339057
table9,official_objective_endpoint,mariner,0.305,1.0662112416749838
table9,official_objective_endpoint,mariner,0.31,1.0663195507628394
table9,official_objective_endpoint,mariner,0.315,1.0664299881408612
table9,official_objective_endpoint,mariner,0.32,1.0665425735687062
table9,official_objective_endpoint,mariner,0.325,1.0666573272292788
table9,official_objective_endpoint,mariner,0.33,1.0667742697359703
table9,official_objective_endpoint,mariner,0.335,1.0668934221401707
table9,official_objective_endpoint,mariner,0.34,1.067014805939043
table9,official_objective_endpoint,mariner,0.34500000000000003,1.0671384430835849
table9,official_objective_endpoint,mariner,0.35000000000000003,1.0672643559869714
table9,official_objective_endpoint,mariner,0.355,1.0673925675331906
table9,official_objective_endpoint,mariner,0.36,1.0675231010859827
table9,official_objective_endpoint,mariner,0.365,1.0676559804980847
table9,official_objective_endpoint,mariner,0.37,1.067791230120795
table9,official_objective_endpoint,mariner,0.375,1.067928874813861
table9,official_objective_endpoint,mariner,0.38,1.06806893995571
table9,official_objective_endpoint,mariner,0.385,1.0682114514540182
table9,official_objective_endpoint,mariner,0.39,1.068356435756644
table9,official_objective_endpoint,mariner,0.395,1.068503919862926
table9,official_objective_endpoint,mariner,0.4,1.0686539313353647
table9,official_objective_endpoint,mariner,0.405,1.0688064983116954
table9,official_objective_endpoint,mariner,0.41000000000000003,1.0689616495173704
table9,official_objective_endpoint,mariner,0.41500000000000004,1.0691194142784597
table9,official_objective_endpoint,mariner,0.42,1.0692798225349884
table9,official_objective_endpoint,mariner,0.425,1.0694429048547283
table9,official_objective_endpoint,mariner,0.43,1.0696086924474493
table9,official_objective_endpoint,mariner,0.435,1.0697772171796653
table9,official_objective_endpoint,mariner,0.44,1.069948511589879
table9,official_objective_endpoint,mariner,0.445,1.0701226089043432
table9,official_objective_endpoint,mariner,0.45,1.0702995430533735
table9,official_objective_endpoint,mariner,0.455,1.0704793486882223
table9,official_objective_endpoint,mariner,0.46,1.070662061198531
table9,official_objective_endpoint,mariner,0.465,1.0708477167304034
table9,official_objective_endpoint,mariner,0.47000000000000003,1.0710363522051025
table9,official_objective_endpoint,mariner,0.47500000000000003,1.0712280053384156
table9,official_objective_endpoint,mariner,0.48,1.0714227146607036
table9,official_objective_endpoint,mariner,0.485,1.0716205195376665
table9,official_objective_endpoint,mariner,0.49,1.0718214601918608
table9,official_objective_endpoint,mariner,0.495,1.0720255777249947
table9,official_objective_endpoint,mariner,0.5,1.0722329141410387
table9,official_objective_endpoint,mariner,0.505,1.0724435123701905
table9,official_objective_endpoint,mariner,0.51,1.0726574162937268
table9,official_objective_endpoint,mariner,0.515,1.072874670769786
table9,official_objective_endpoint,mariner,0.52,1.0730953216601329
table9,official_objective_endpoint,mariner,0.525,1.0733194158579331
table9,official_objective_endpoint,mariner,0.53,1.0735470013166055
table9,official_objective_endpoint,mariner,0.535,1.0737781270797941
table9,official_objective_endpoint,mariner,0.54,1.074012843312512
table9,official_objective_endpoint,mariner,0.545,1.0742512013335328
table9,official_objective_endpoint,mariner,0.55,1.0744932536490635
table9,official_objective_endpoint,mariner,0.555,1.0747390539877986
table9,official_objective_endpoint,mariner,0.56,1.0749886573373988
table9,official_objective_endpoint,mariner,0.5650000000000001,1.0752421199824884
table9,official_objective_endpoint,mariner,0.5700000000000001,1.0754994995442433
table9,official_objective_endpoint,mariner,0.5750000000000001,1.0757608550216604
table9,official_objective_endpoint,mariner,0.58,1.0760262468346011
table9,official_objective_endpoint,mariner,0.585,1.076295736868707
table9,official_objective_endpoint,mariner,0.59,1.0765693885222953
table9,official_objective_endpoint,mariner,0.595,1.0768472667553564
table9,official_objective_endpoint,mariner,0.6,1.077129438140764
table9,official_objective_endpoint,mariner,0.605,1.0774159709178395
table9,official_objective_endpoint,mariner,0.61,1.077706935048422
table9,official_objective_endpoint,mariner,0.615,1.0780024022755812
table9,official_objective_endpoint,mariner,0.62,1.0783024461851565
table9,official_objective_endpoint,mariner,0.625,1.0786071422703005
table9,official_objective_endpoint,mariner,0.63,1.078916567999221
table9,official_objective_endpoint,mariner,0.635,1.0792308028863402
table9,official_objective_endpoint,mariner,0.64,1.0795499285670997
table9,official_objective_endpoint,mariner,0.645,1.0798740288766748
table9,official_objective_endpoint,mariner,0.65,1.08020318993286
table9,official_objective_endpoint,mariner,0.655,1.080537500223445
table9,official_objective_endpoint,mariner,0.66,1.0808770506983993
table9,official_objective_endpoint,mariner,0.665,1.081221934867238
table9,official_objective_endpoint,mariner,0.67,1.081572248901963
table9,official_objective_endpoint,mariner,0.675,1.0819280917460181
table9,official_objective_endpoint,mariner,0.68,1.0822895652297468
table9,official_objective_endpoint,mariner,0.685,1.0826567741928788
table9,official_objective_endpoint,mariner,0.6900000000000001,1.0830298266146419
table9,official_objective_endpoint,mariner,0.6950000000000001,1.0834088337521546
table9,official_objective_endpoint,mariner,0.7000000000000001,1.0837939102878202
table9,official_objective_endpoint,mariner,0.705,1.0841851744865363
table9,official_objective_endpoint,mariner,0.71,1.084582748363613
table9,official_objective_endpoint,mariner,0.715,1.0849867578644212
table9,official_objective_endpoint,mariner,0.72,1.0853973330568767
table9,official_objective_endpoint,mariner,0.725,1.0858146083380398
table9,official_objective_endpoint,mariner,0.73,1.086238722656237
table9,official_objective_endpoint,mariner,0.735,1.086669819750312
table9,official_objective_endpoint,mariner,0.74,1.0871080484078013
table9,official_objective_endpoint,mariner,0.745,1.0875535627440722
table9,official_objective_endpoint,mariner,0.75,1.0880065225047435
table9,official_objective_endpoint,mariner,0.755,1.088467093393994
table9,official_objective_endpoint,mariner,0.76,1.0889354474317632
table9,official_objective_endpoint,mariner,0.765,1.0894117633432372
table9,official_objective_endpoint,mariner,0.77,1.0898962269845185
table9,official_objective_endpoint,mariner,0.775,1.0903890318089426
table9,official_objective_endpoint,mariner,0.78,1.090890379379168
table9,official_objective_endpoint,mariner,0.785,1.0914004799309425
table9,official_objective_endpoint,mariner,0.79,1.0919195529953543
table9,official_objective_endpoint,mariner,0.795,1.0924478280874594
table9,official_objective_endpoint,mariner,0.8,1.0929855454704325
table9,official_objective_endpoint,mariner,0.805,1.093532957005867
table9,official_objective_endpoint,mariner,0.81,1.0940903271026592
table9,official_objective_endpoint,mariner,0.8150000000000001,1.0946579337789761
table9,official_objective_endpoint,mariner,0.8200000000000001,1.0952360698543462
table9,official_objective_endpoint,mariner,0.8250000000000001,1.0958250442919273
table9,official_objective_endpoint,mariner,0.8300000000000001,1.0964251837146086
table9,official_objective_endpoint,mariner,0.835,1.0970368341230077
table9,official_objective_endpoint,mariner,0.84,1.0976603628487
table9,official_objective_endpoint,mariner,0.845,1.098296160782495
table9,official_objective_endpoint,mariner,0.85,1.0989446449254738
table9,official_objective_endpoint,mariner,0.855,1.0996062613202358
table9,official_objective_endpoint,mariner,0.86,1.1002814884318375
table9,official_objective_endpoint,mariner,0.865,1.1009708410629129
table9,official_objective_endpoint,mariner,0.87,1.1016748749062488
table9,official_objective_endpoint,mariner,0.875,1.1023941918618356
table9,official_objective_endpoint,mariner,0.88,1.1031294462756425
table9,official_objective_endpoint,mariner,0.885,1.1038813522961268
table9,official_objective_endpoint,mariner,0.89,1.1046506925948252
table9,official_objective_endpoint,mariner,0.895,1.1054383287631817
table9,official_objective_endpoint,mariner,0.9,1.1062452137850238
table9,official_objective_endpoint,mariner,0.905,1.1070724071010791
table9,official_objective_endpoint,mariner,0.91,1.107921092941013
table9,official_objective_endpoint,mariner,0.915,1.1087926028181503
table9,official_objective_endpoint,mariner,0.92,1.10968844339053
table9,official_objective_endpoint,mariner,0.925,1.1106103313335947
table9,official_objective_endpoint,mariner,0.93,1.1115602375155234
table9,official_objective_endpoint,mariner,0.935,1.112540443733489
table9,official_objective_endpoint,mariner,0.9400000000000001,1.1135536167581244
table9,official_objective_endpoint,mariner,0.9450000000000001,1.1146029067985732
table9,official_objective_endpoint,mariner,0.9500000000000001,1.115692081395222
table9,official_objective_endpoint,mariner,0.9550000000000001,1.116825712436308
table9,official_objective_endpoint,mariner,0.96,1.1180094460666452
table9,official_objective_endpoint,mariner,0.965,1.1192504083738837
table9,official_objective_endpoint,mariner,0.97,1.1205578473214017
table9,official_objective_endpoint,mariner,0.975,1.1219442185959982
table9,official_objective_endpoint,mariner,0.98,1.1234271944768348
table9,official_objective_endpoint,mariner,0.985,1.1250338807307592
table9,official_objective_endpoint,mariner,0.99,1.1268115545282111
table9,official_objective_endpoint,mariner,0.995,1.128866371034428
table9,official_objective_endpoint,mariner,1.0,1.1320002899681825
table9,official_components_endpoint,official_objective,0.0,1.1808600414452803
table9,official_components_endpoint,official_objective,0.005,1.1808600414452803
table9,official_components_endpoint,official_objective,0.01,1.1808600414452803
table9,official_components_endpoint,official_objective,0.015,1.1808600414452803
table9,official_components_endpoint,official_objective,0.02,1.1808600414452803
table9,official_components_endpoint,official_objective,0.025,1.1808600414452803
table9,official_components_endpoint,official_objective,0.03,1.1808600414452803
table9,official_components_endpoint,official_objective,0.035,1.1808600414452803
table9,official_components_endpoint,official_objective,0.04,1.1808600414452803
table9,official_components_endpoint,official_objective,0.045,1.1808600414452803
table9,official_components_endpoint,official_objective,0.05,1.1808600414452803
table9,official_components_endpoint,official_objective,0.055,1.1808600414452803
table9,official_components_endpoint,official_objective,0.06,1.1808600414452803
table9,official_components_endpoint,official_objective,0.065,1.1808600414452803
table9,official_components_endpoint,official_objective,0.07,1.1808600414452803
table9,official_components_endpoint,official_objective,0.075,1.1808600414452803
table9,official_components_endpoint,official_objective,0.08,1.1808600414452803
table9,official_components_endpoint,official_objective,0.085,1.1808600414452803
table9,official_components_endpoint,official_objective,0.09,1.1808600414452803
table9,official_components_endpoint,official_objective,0.095,1.1808600414452803
table9,official_components_endpoint,official_objective,0.1,1.1808600414452803
table9,official_components_endpoint,official_objective,0.105,1.1808600414452803
table9,official_components_endpoint,official_objective,0.11,1.1808600414452803
table9,official_components_endpoint,official_objective,0.115,1.1808600414452803
table9,official_components_endpoint,official_objective,0.12,1.1808600414452803
table9,official_components_endpoint,official_objective,0.125,1.1808600414452803
table9,official_components_endpoint,official_objective,0.13,1.1808600414452803
table9,official_components_endpoint,official_objective,0.135,1.1808600414452803
table9,official_components_endpoint,official_objective,0.14,1.1808600414452803
table9,official_components_endpoint,official_objective,0.145,1.1808600414452803
table9,official_components_endpoint,official_objective,0.15,1.1808600414452803
table9,official_components_endpoint,official_objective,0.155,1.1808600414452803
table9,official_components_endpoint,official_objective,0.16,1.1808600414452803
table9,official_components_endpoint,official_objective,0.165,1.1808600414452803
table9,official_components_endpoint,official_objective,0.17,1.1808600414452803
table9,official_components_endpoint,official_objective,0.17500000000000002,1.1811175968202412
table9,official_components_endpoint,official_objective,0.18,1.1811175968202412
table9,official_components_endpoint,official_objective,0.185,1.1811175968202412
table9,official_components_endpoint,official_objective,0.19,1.1857760037494005
table9,official_components_endpoint,official_objective,0.195,1.1857760037494005
table9,official_components_endpoint,official_objective,0.2,1.1857760037494005
table9,official_components_endpoint,official_objective,0.20500000000000002,1.1857760037494005
table9,official_components_endpoint,official_objective,0.21,1.1857760037494005
table9,official_components_endpoint,official_objective,0.215,1.1857760037494005
table9,official_components_endpoint,official_objective,0.22,1.1857760037494005
table9,official_components_endpoint,official_objective,0.225,1.1857760037494005
table9,official_components_endpoint,official_objective,0.23,1.1857760037494005
table9,official_components_endpoint,official_objective,0.23500000000000001,1.1857760037494005
table9,official_components_endpoint,official_objective,0.24,1.1857760037494005
table9,official_components_endpoint,official_objective,0.245,1.1857760037494005
table9,official_components_endpoint,official_objective,0.25,1.1857760037494005
table9,official_components_endpoint,official_objective,0.255,1.1857760037494005
table9,official_components_endpoint,official_objective,0.26,1.1857760037494005
table9,official_components_endpoint,official_objective,0.265,1.1857760037494005
table9,official_components_endpoint,official_objective,0.27,1.1857760037494005
table9,official_components_endpoint,official_objective,0.275,1.185816716987402
table9,official_components_endpoint,official_objective,0.28,1.185816716987402
table9,official_components_endpoint,official_objective,0.28500000000000003,1.185816716987402
table9,official_components_endpoint,official_objective,0.29,1.1834618033633604
table9,official_components_endpoint,official_objective,0.295,1.1834618033633604
table9,official_components_endpoint,official_objective,0.3,1.1834618033633604
table9,official_components_endpoint,official_objective,0.305,1.1834618033633604
table9,official_components_endpoint,official_objective,0.31,1.1834618033633604
table9,official_components_endpoint,official_objective,0.315,1.1834618033633604
table9,official_components_endpoint,official_objective,0.32,1.1834618033633604
table9,official_components_endpoint,official_objective,0.325,1.1834618033633604
table9,official_components_endpoint,official_objective,0.33,1.1834618033633604
table9,official_components_endpoint,official_objective,0.335,1.1838495594047187
table9,official_components_endpoint,official_objective,0.34,1.1838495594047187
table9,official_components_endpoint,official_objective,0.34500000000000003,1.1838495594047187
table9,official_components_endpoint,official_objective,0.35000000000000003,1.1838495594047187
table9,official_components_endpoint,official_objective,0.355,1.1838495594047187
table9,official_components_endpoint,official_objective,0.36,1.1838495594047187
table9,official_components_endpoint,official_objective,0.365,1.1838495594047187
table9,official_components_endpoint,official_objective,0.37,1.1838495594047187
table9,official_components_endpoint,official_objective,0.375,1.1838495594047187
table9,official_components_endpoint,official_objective,0.38,1.1840466632483655
table9,official_components_endpoint,official_objective,0.385,1.1840466632483655
table9,official_components_endpoint,official_objective,0.39,1.1840466632483655
table9,official_components_endpoint,official_objective,0.395,1.1848752576005994
table9,official_components_endpoint,official_objective,0.4,1.1848752576005994
table9,official_components_endpoint,official_objective,0.405,1.1848752576005994
table9,official_components_endpoint,official_objective,0.41000000000000003,1.1848752576005994
table9,official_components_endpoint,official_objective,0.41500000000000004,1.1848752576005994
table9,official_components_endpoint,official_objective,0.42,1.1848752576005994
table9,official_components_endpoint,official_objective,0.425,1.1848752576005994
table9,official_components_endpoint,official_objective,0.43,1.1848752576005994
table9,official_components_endpoint,official_objective,0.435,1.1848752576005994
table9,official_components_endpoint,official_objective,0.44,1.1848752576005994
table9,official_components_endpoint,official_objective,0.445,1.184995812197774
table9,official_components_endpoint,official_objective,0.45,1.184995812197774
table9,official_components_endpoint,official_objective,0.455,1.184995812197774
table9,official_components_endpoint,official_objective,0.46,1.184995812197774
table9,official_components_endpoint,official_objective,0.465,1.184995812197774
table9,official_components_endpoint,official_objective,0.47000000000000003,1.1869189508241011
table9,official_components_endpoint,official_objective,0.47500000000000003,1.1869189508241011
table9,official_components_endpoint,official_objective,0.48,1.1869189508241011
table9,official_components_endpoint,official_objective,0.485,1.1869189508241011
table9,official_components_endpoint,official_objective,0.49,1.1869189508241011
table9,official_components_endpoint,official_objective,0.495,1.1869189508241011
table9,official_components_endpoint,official_objective,0.5,1.1869189508241011
table9,official_components_endpoint,official_objective,0.505,1.1880786271607546
table9,official_components_endpoint,official_objective,0.51,1.1880786271607546
table9,official_components_endpoint,official_objective,0.515,1.1880786271607546
table9,official_components_endpoint,official_objective,0.52,1.1880786271607546
table9,official_components_endpoint,official_objective,0.525,1.1880786271607546
table9,official_components_endpoint,official_objective,0.53,1.1880786271607546
table9,official_components_endpoint,official_objective,0.535,1.1880786271607546
table9,official_components_endpoint,official_objective,0.54,1.1880786271607546
table9,official_components_endpoint,official_objective,0.545,1.1880786271607546
table9,official_components_endpoint,official_objective,0.55,1.1880786271607546
table9,official_components_endpoint,official_objective,0.555,1.1880786271607546
table9,official_components_endpoint,official_objective,0.56,1.1880786271607546
table9,official_components_endpoint,official_objective,0.5650000000000001,1.1880786271607546
table9,official_components_endpoint,official_objective,0.5700000000000001,1.1880786271607546
table9,official_components_endpoint,official_objective,0.5750000000000001,1.1880786271607546
table9,official_components_endpoint,official_objective,0.58,1.1880786271607546
table9,official_components_endpoint,official_objective,0.585,1.1883841702272737
table9,official_components_endpoint,official_objective,0.59,1.1886013088539282
table9,official_components_endpoint,official_objective,0.595,1.1886013088539282
table9,official_components_endpoint,official_objective,0.6,1.1886013088539282
table9,official_components_endpoint,official_objective,0.605,1.1886013088539282
table9,official_components_endpoint,official_objective,0.61,1.1886013088539282
table9,official_components_endpoint,official_objective,0.615,1.1886013088539282
table9,official_components_endpoint,official_objective,0.62,1.1886013088539282
table9,official_components_endpoint,official_objective,0.625,1.1886013088539282
table9,official_components_endpoint,official_objective,0.63,1.1886013088539282
table9,official_components_endpoint,official_objective,0.635,1.1886013088539282
table9,official_components_endpoint,official_objective,0.64,1.1886013088539282
table9,official_components_endpoint,official_objective,0.645,1.1886013088539282
table9,official_components_endpoint,official_objective,0.65,1.1886013088539282
table9,official_components_endpoint,official_objective,0.655,1.1886013088539282
table9,official_components_endpoint,official_objective,0.66,1.1886013088539282
table9,official_components_endpoint,official_objective,0.665,1.1886013088539282
table9,official_components_endpoint,official_objective,0.67,1.1886013088539282
table9,official_components_endpoint,official_objective,0.675,1.1886013088539282
table9,official_components_endpoint,official_objective,0.68,1.1886013088539282
table9,official_components_endpoint,official_objective,0.685,1.1886013088539282
table9,official_components_endpoint,official_objective,0.6900000000000001,1.1886013088539282
table9,official_components_endpoint,official_objective,0.6950000000000001,1.1886013088539282
table9,official_components_endpoint,official_objective,0.7000000000000001,1.1886013088539282
table9,official_components_endpoint,official_objective,0.705,1.1886013088539282
table9,official_components_endpoint,official_objective,0.71,1.1886013088539282
table9,official_components_endpoint,official_objective,0.715,1.1886013088539282
table9,official_components_endpoint,official_objective,0.72,1.1886013088539282
table9,official_components_endpoint,official_objective,0.725,1.1886013088539282
table9,official_components_endpoint,official_objective,0.73,1.1886013088539282
table9,official_components_endpoint,official_objective,0.735,1.1886013088539282
table9,official_components_endpoint,official_objective,0.74,1.1886013088539282
table9,official_components_endpoint,official_objective,0.745,1.1886013088539282
table9,official_components_endpoint,official_objective,0.75,1.1886013088539282
table9,official_components_endpoint,official_objective,0.755,1.1886013088539282
table9,official_components_endpoint,official_objective,0.76,1.1886013088539282
table9,official_components_endpoint,official_objective,0.765,1.1891820388617877
table9,official_components_endpoint,official_objective,0.77,1.1891820388617877
table9,official_components_endpoint,official_objective,0.775,1.1891820388617877
table9,official_components_endpoint,official_objective,0.78,1.1891820388617877
table9,official_components_endpoint,official_objective,0.785,1.1891820388617877
table9,official_components_endpoint,official_objective,0.79,1.1891820388617877
table9,official_components_endpoint,official_objective,0.795,1.1891820388617877
table9,official_components_endpoint,official_objective,0.8,1.1891820388617877
table9,official_components_endpoint,official_objective,0.805,1.1891820388617877
table9,official_components_endpoint,official_objective,0.81,1.1891820388617877
table9,official_components_endpoint,official_objective,0.8150000000000001,1.1891820388617877
table9,official_components_endpoint,official_objective,0.8200000000000001,1.1891820388617877
table9,official_components_endpoint,official_objective,0.8250000000000001,1.1891820388617877
table9,official_components_endpoint,official_objective,0.8300000000000001,1.1891820388617877
table9,official_components_endpoint,official_objective,0.835,1.1891820388617877
table9,official_components_endpoint,official_objective,0.84,1.1891820388617877
table9,official_components_endpoint,official_objective,0.845,1.1891820388617877
table9,official_components_endpoint,official_objective,0.85,1.1898751367977198
table9,official_components_endpoint,official_objective,0.855,1.1898751367977198
table9,official_components_endpoint,official_objective,0.86,1.1898751367977198
table9,official_components_endpoint,official_objective,0.865,1.1898751367977198
table9,official_components_endpoint,official_objective,0.87,1.1898751367977198
table9,official_components_endpoint,official_objective,0.875,1.1898751367977198
table9,official_components_endpoint,official_objective,0.88,1.1898751367977198
table9,official_components_endpoint,official_objective,0.885,1.1898751367977198
table9,official_components_endpoint,official_objective,0.89,1.1898751367977198
table9,official_components_endpoint,official_objective,0.895,1.1898751367977198
table9,official_components_endpoint,official_objective,0.9,1.1898751367977198
table9,official_components_endpoint,official_objective,0.905,1.1898751367977198
table9,official_components_endpoint,official_objective,0.91,1.1898751367977198
table9,official_components_endpoint,official_objective,0.915,1.1898751367977198
table9,official_components_endpoint,official_objective,0.92,1.1898751367977198
table9,official_components_endpoint,official_objective,0.925,1.1898751367977198
table9,official_components_endpoint,official_objective,0.93,1.1898751367977198
table9,official_components_endpoint,official_objective,0.935,1.1898751367977198
table9,official_components_endpoint,official_objective,0.9400000000000001,1.1898751367977198
table9,official_components_endpoint,official_objective,0.9450000000000001,1.1898751367977198
table9,official_components_endpoint,official_objective,0.9500000000000001,1.1898751367977198
table9,official_components_endpoint,official_objective,0.9550000000000001,1.1898751367977198
table9,official_components_endpoint,official_objective,0.96,1.1898751367977198
table9,official_components_endpoint,official_objective,0.965,1.1898751367977198
table9,official_components_endpoint,official_objective,0.97,1.1898751367977198
table9,official_components_endpoint,official_objective,0.975,1.1898751367977198
table9,official_components_endpoint,official_objective,0.98,1.1898751367977198
table9,official_components_endpoint,official_objective,0.985,1.1898751367977198
table9,official_components_endpoint,official_objective,0.99,1.1898751367977198
table9,official_components_endpoint,official_objective,0.995,1.1898751367977198
table9,official_components_endpoint,official_objective,1.0,1.1898751367977198
table9,official_components_endpoint,official_components,0.0,1.141792108170192
table9,official_components_endpoint,official_components,0.005,1.14194808812838
table9,official_components_endpoint,official_components,0.01,1.14194808812838
table9,official_components_endpoint,official_components,0.015,1.14194808812838
table9,official_components_endpoint,official_components,0.02,1.1420173975277952
table9,official_components_endpoint,official_components,0.025,1.1420780216323605
table9,official_components_endpoint,official_components,0.03,1.1420591753949763
table9,official_components_endpoint,official_components,0.035,1.1418796814868433
table9,official_components_endpoint,official_components,0.04,1.1418725719385496
table9,official_components_endpoint,official_components,0.045,1.1418646191445676
table9,official_components_endpoint,official_components,0.05,1.1420693370555342
table9,official_components_endpoint,official_components,0.055,1.1420693370555342
table9,official_components_endpoint,official_components,0.06,1.1420693370555342
table9,official_components_endpoint,official_components,0.065,1.1420693370555342
table9,official_components_endpoint,official_components,0.07,1.1420162854631464
table9,official_components_endpoint,official_components,0.075,1.1420162854631464
table9,official_components_endpoint,official_components,0.08,1.1420490335768443
table9,official_components_endpoint,official_components,0.085,1.1420490335768443
table9,official_components_endpoint,official_components,0.09,1.1420490335768443
table9,official_components_endpoint,official_components,0.095,1.1420490335768443
table9,official_components_endpoint,official_components,0.1,1.14230847364081
table9,official_components_endpoint,official_components,0.105,1.1422340188163518
table9,official_components_endpoint,official_components,0.11,1.1421834664476997
table9,official_components_endpoint,official_components,0.115,1.1417069404989648
table9,official_components_endpoint,official_components,0.12,1.1417069404989648
table9,official_components_endpoint,official_components,0.125,1.1417151084412651
table9,official_components_endpoint,official_components,0.13,1.1417151084412651
table9,official_components_endpoint,official_components,0.135,1.1415197093870626
table9,official_components_endpoint,official_components,0.14,1.1417998470669581
table9,official_components_endpoint,official_components,0.145,1.141919809236163
table9,official_components_endpoint,official_components,0.15,1.1419757483328496
table9,official_components_endpoint,official_components,0.155,1.1420209379125694
table9,official_components_endpoint,official_components,0.16,1.1420402990061573
table9,official_components_endpoint,official_components,0.165,1.1420449224043852
table9,official_components_endpoint,official_components,0.17,1.142160626001004
table9,official_components_endpoint,official_components,0.17500000000000002,1.1422657726155214
table9,official_components_endpoint,official_components,0.18,1.142573032251
table9,official_components_endpoint,official_components,0.185,1.1425342260521767
table9,official_components_endpoint,official_components,0.19,1.1422318910161116
table9,official_components_endpoint,official_components,0.195,1.1422037697359881
table9,official_components_endpoint,official_components,0.2,1.1426191185449648
table9,official_components_endpoint,official_components,0.20500000000000002,1.1427345822582557
table9,official_components_endpoint,official_components,0.21,1.1427299274780918
table9,official_components_endpoint,official_components,0.215,1.1428038422035292
table9,official_components_endpoint,official_components,0.22,1.1428038422035292
table9,official_components_endpoint,official_components,0.225,1.142928724129749
table9,official_components_endpoint,official_components,0.23,1.142846848519297
table9,official_components_endpoint,official_components,0.23500000000000001,1.142938842364258
table9,official_components_endpoint,official_components,0.24,1.1429305145394812
table9,official_components_endpoint,official_components,0.245,1.1430669861742242
table9,official_components_endpoint,official_components,0.25,1.1430669861742242
table9,official_components_endpoint,official_components,0.255,1.1430625471652256
table9,official_components_endpoint,official_components,0.26,1.1430551258290076
table9,official_components_endpoint,official_components,0.265,1.1430551258290076
table9,official_components_endpoint,official_components,0.27,1.143200942720381
table9,official_components_endpoint,official_components,0.275,1.1433186932965365
table9,official_components_endpoint,official_components,0.28,1.1433186932965365
table9,official_components_endpoint,official_components,0.28500000000000003,1.1433186932965365
table9,official_components_endpoint,official_components,0.29,1.1432487580571835
table9,official_components_endpoint,official_components,0.295,1.143249069203562
table9,official_components_endpoint,official_components,0.3,1.1433226676183432
table9,official_components_endpoint,official_components,0.305,1.1432982857298173
table9,official_components_endpoint,official_components,0.31,1.1432982857298173
table9,official_components_endpoint,official_components,0.315,1.143312664672417
table9,official_components_endpoint,official_components,0.32,1.1433113812459155
table9,official_components_endpoint,official_components,0.325,1.1437315635224863
table9,official_components_endpoint,official_components,0.33,1.1437315635224863
table9,official_components_endpoint,official_components,0.335,1.1437320009975138
table9,official_components_endpoint,official_components,0.34,1.1437320009975138
table9,official_components_endpoint,official_components,0.34500000000000003,1.143662450205643
table9,official_components_endpoint,official_components,0.35000000000000003,1.143633712929173
table9,official_components_endpoint,official_components,0.355,1.1435638838187887
table9,official_components_endpoint,official_components,0.36,1.1435972791243127
table9,official_components_endpoint,official_components,0.365,1.143531123148839
table9,official_components_endpoint,official_components,0.37,1.143531123148839
table9,official_components_endpoint,official_components,0.375,1.1437137368391113
table9,official_components_endpoint,official_components,0.38,1.1437433933868943
table9,official_components_endpoint,official_components,0.385,1.143696541312576
table9,official_components_endpoint,official_components,0.39,1.143919402835318
table9,official_components_endpoint,official_components,0.395,1.1439436893659434
table9,official_components_endpoint,official_components,0.4,1.1439428824148363
table9,official_components_endpoint,official_components,0.405,1.1440298510231957
table9,official_components_endpoint,official_components,0.41000000000000003,1.1447154418936307
table9,official_components_endpoint,official_components,0.41500000000000004,1.144682153619644
table9,official_components_endpoint,official_components,0.42,1.1446423881299315
table9,official_components_endpoint,official_components,0.425,1.1446423881299315
table9,official_components_endpoint,official_components,0.43,1.144803079380147
table9,official_components_endpoint,official_components,0.435,1.144803079380147
table9,official_components_endpoint,official_components,0.44,1.1448978134517036
table9,official_components_endpoint,official_components,0.445,1.145595765949943
table9,official_components_endpoint,official_components,0.45,1.1455942782992745
table9,official_components_endpoint,official_components,0.455,1.1456339195428678
table9,official_components_endpoint,official_components,0.46,1.1457031754173514
table9,official_components_endpoint,official_components,0.465,1.1456935829012842
table9,official_components_endpoint,official_components,0.47000000000000003,1.1470830369301854
table9,official_components_endpoint,official_components,0.47500000000000003,1.1470553375116548
table9,official_components_endpoint,official_components,0.48,1.1471608351441016
table9,official_components_endpoint,official_components,0.485,1.147168886900081
table9,official_components_endpoint,official_components,0.49,1.1471881446056313
table9,official_components_endpoint,official_components,0.495,1.1472507023497411
table9,official_components_endpoint,official_components,0.5,1.1472507023497411
table9,official_components_endpoint,official_components,0.505,1.1473174241168718
table9,official_components_endpoint,official_components,0.51,1.1473174241168718
table9,official_components_endpoint,official_components,0.515,1.1473496752600987
table9,official_components_endpoint,official_components,0.52,1.1473693406934202
table9,official_components_endpoint,official_components,0.525,1.1473716040123076
table9,official_components_endpoint,official_components,0.53,1.1473790267735018
table9,official_components_endpoint,official_components,0.535,1.1473790267735018
table9,official_components_endpoint,official_components,0.54,1.1472786315647
table9,official_components_endpoint,official_components,0.545,1.1474584449246663
table9,official_components_endpoint,official_components,0.55,1.1474025713462042
table9,official_components_endpoint,official_components,0.555,1.1474025713462042
table9,official_components_endpoint,official_components,0.56,1.1474025713462042
table9,official_components_endpoint,official_components,0.5650000000000001,1.1474025713462042
table9,official_components_endpoint,official_components,0.5700000000000001,1.1476684579958305
table9,official_components_endpoint,official_components,0.5750000000000001,1.1479326575870075
table9,official_components_endpoint,official_components,0.58,1.1479241292581408
table9,official_components_endpoint,official_components,0.585,1.1480184040394494
table9,official_components_endpoint,official_components,0.59,1.1482516615343483
table9,official_components_endpoint,official_components,0.595,1.1482219556678888
table9,official_components_endpoint,official_components,0.6,1.1482519927159016
table9,official_components_endpoint,official_components,0.605,1.1482519927159016
table9,official_components_endpoint,official_components,0.61,1.1484143108845433
table9,official_components_endpoint,official_components,0.615,1.1484143108845433
table9,official_components_endpoint,official_components,0.62,1.148441551713932
table9,official_components_endpoint,official_components,0.625,1.1486269967820308
table9,official_components_endpoint,official_components,0.63,1.1486269967820308
table9,official_components_endpoint,official_components,0.635,1.1488095468991437
table9,official_components_endpoint,official_components,0.64,1.1489422983978808
table9,official_components_endpoint,official_components,0.645,1.148880600537464
table9,official_components_endpoint,official_components,0.65,1.148880600537464
table9,official_components_endpoint,official_components,0.655,1.148880600537464
table9,official_components_endpoint,official_components,0.66,1.1491831585318693
table9,official_components_endpoint,official_components,0.665,1.1491831585318693
table9,official_components_endpoint,official_components,0.67,1.1491638681411083
table9,official_components_endpoint,official_components,0.675,1.1491638681411083
table9,official_components_endpoint,official_components,0.68,1.1491638681411083
table9,official_components_endpoint,official_components,0.685,1.149210416122005
table9,official_components_endpoint,official_components,0.6900000000000001,1.1489744307659975
table9,official_components_endpoint,official_components,0.6950000000000001,1.148980236644397
table9,official_components_endpoint,official_components,0.7000000000000001,1.1489724125104313
table9,official_components_endpoint,official_components,0.705,1.1488998056596893
table9,official_components_endpoint,official_components,0.71,1.1494920187119582
table9,official_components_endpoint,official_components,0.715,1.1493606091232234
table9,official_components_endpoint,official_components,0.72,1.1493155672957873
table9,official_components_endpoint,official_components,0.725,1.1496205281363037
table9,official_components_endpoint,official_components,0.73,1.1496160012391003
table9,official_components_endpoint,official_components,0.735,1.1496160012391003
table9,official_components_endpoint,official_components,0.74,1.149730144691702
table9,official_components_endpoint,official_components,0.745,1.1498510968041875
table9,official_components_endpoint,official_components,0.75,1.1498680342748189
table9,official_components_endpoint,official_components,0.755,1.1498973405007447
table9,official_components_endpoint,official_components,0.76,1.1500728921678878
table9,official_components_endpoint,official_components,0.765,1.1512896572372244
table9,official_components_endpoint,official_components,0.77,1.1512896572372244
table9,official_components_endpoint,official_components,0.775,1.1513744984771606
table9,official_components_endpoint,official_components,0.78,1.151376176338549
table9,official_components_endpoint,official_components,0.785,1.153117334723865
table9,official_components_endpoint,official_components,0.79,1.1530865308400111
table9,official_components_endpoint,official_components,0.795,1.1529807604605002
table9,official_components_endpoint,official_components,0.8,1.1529845013499112
table9,official_components_endpoint,official_components,0.805,1.1530618874549388
table9,official_components_endpoint,official_components,0.81,1.1529860749764467
table9,official_components_endpoint,official_components,0.8150000000000001,1.1528893242021288
table9,official_components_endpoint,official_components,0.8200000000000001,1.1528994230194072
table9,official_components_endpoint,official_components,0.8250000000000001,1.1528994230194072
table9,official_components_endpoint,official_components,0.8300000000000001,1.1527932121293296
table9,official_components_endpoint,official_components,0.835,1.1528529134106766
table9,official_components_endpoint,official_components,0.84,1.1528529134106766
table9,official_components_endpoint,official_components,0.845,1.1528529134106766
table9,official_components_endpoint,official_components,0.85,1.1529093675296744
table9,official_components_endpoint,official_components,0.855,1.1539883833731386
table9,official_components_endpoint,official_components,0.86,1.1539883833731386
table9,official_components_endpoint,official_components,0.865,1.1539521154807257
table9,official_components_endpoint,official_components,0.87,1.154011502620281
table9,official_components_endpoint,official_components,0.875,1.1539506382327764
table9,official_components_endpoint,official_components,0.88,1.1539636121693007
table9,official_components_endpoint,official_components,0.885,1.1539636121693007
table9,official_components_endpoint,official_components,0.89,1.1539636121693007
table9,official_components_endpoint,official_components,0.895,1.153741994571889
table9,official_components_endpoint,official_components,0.9,1.1538789096955744
table9,official_components_endpoint,official_components,0.905,1.1538904757329385
table9,official_components_endpoint,official_components,0.91,1.1538143099763651
table9,official_components_endpoint,official_components,0.915,1.153889083895313
table9,official_components_endpoint,official_components,0.92,1.1538859368648027
table9,official_components_endpoint,official_components,0.925,1.1538859368648027
table9,official_components_endpoint,official_components,0.93,1.1540223822592
table9,official_components_endpoint,official_components,0.935,1.1540223822592
table9,official_components_endpoint,official_components,0.9400000000000001,1.1531087189128142
table9,official_components_endpoint,official_components,0.9450000000000001,1.1531259220237173
table9,official_components_endpoint,official_components,0.9500000000000001,1.1531259220237173
table9,official_components_endpoint,official_components,0.9550000000000001,1.153065054162604
table9,official_components_endpoint,official_components,0.96,1.1550428647530682
table9,official_components_endpoint,official_components,0.965,1.1550428647530682
table9,official_components_endpoint,official_components,0.97,1.1553911839025028
table9,official_components_endpoint,official_components,0.975,1.1553911839025028
table9,official_components_endpoint,official_components,0.98,1.1553297808770662
table9,official_components_endpoint,official_components,0.985,1.1560783301976538
table9,official_components_endpoint,official_components,0.99,1.1560835218796397
table9,official_components_endpoint,official_components,0.995,1.1560835218796397
table9,official_components_endpoint,official_components,1.0,1.1562515921725416
table9,official_components_endpoint,prior_only,0.0,1.1017628635658723
table9,official_components_endpoint,prior_only,0.005,1.1017949078953748
table9,official_components_endpoint,prior_only,0.01,1.1017414913966272
table9,official_components_endpoint,prior_only,0.015,1.101733404969893
table9,official_components_endpoint,prior_only,0.02,1.1017659169596827
table9,official_components_endpoint,prior_only,0.025,1.1017563293139727
table9,official_components_endpoint,prior_only,0.03,1.1018552653415519
table9,official_components_endpoint,prior_only,0.035,1.1018098927658357
table9,official_components_endpoint,prior_only,0.04,1.1019193728338244
table9,official_components_endpoint,prior_only,0.045,1.1021379033329466
table9,official_components_endpoint,prior_only,0.05,1.1014888358445774
table9,official_components_endpoint,prior_only,0.055,1.1014944310571244
table9,official_components_endpoint,prior_only,0.06,1.1014944310571244
table9,official_components_endpoint,prior_only,0.065,1.1014944310571244
table9,official_components_endpoint,prior_only,0.07,1.1016083986292726
table9,official_components_endpoint,prior_only,0.075,1.1015440107195338
table9,official_components_endpoint,prior_only,0.08,1.1015254887494708
table9,official_components_endpoint,prior_only,0.085,1.1020793769653716
table9,official_components_endpoint,prior_only,0.09,1.1020777857380373
table9,official_components_endpoint,prior_only,0.095,1.1020112161016922
table9,official_components_endpoint,prior_only,0.1,1.102022618022704
table9,official_components_endpoint,prior_only,0.105,1.1019763051100109
table9,official_components_endpoint,prior_only,0.11,1.1021477294190474
table9,official_components_endpoint,prior_only,0.115,1.102155420675168
table9,official_components_endpoint,prior_only,0.12,1.1021576562118933
table9,official_components_endpoint,prior_only,0.125,1.1021910273458468
table9,official_components_endpoint,prior_only,0.13,1.102304936656296
table9,official_components_endpoint,prior_only,0.135,1.102198554286932
table9,official_components_endpoint,prior_only,0.14,1.1022433087357255
table9,official_components_endpoint,prior_only,0.145,1.1024866007386858
table9,official_components_endpoint,prior_only,0.15,1.102542279958266
table9,official_components_endpoint,prior_only,0.155,1.1025155889818
table9,official_components_endpoint,prior_only,0.16,1.1024890180889195
table9,official_components_endpoint,prior_only,0.165,1.102645314957504
table9,official_components_endpoint,prior_only,0.17,1.1026752932866521
table9,official_components_endpoint,prior_only,0.17500000000000002,1.102884108565809
table9,official_components_endpoint,prior_only,0.18,1.1028797835212643
table9,official_components_endpoint,prior_only,0.185,1.102882578444953
table9,official_components_endpoint,prior_only,0.19,1.1041698077731255
table9,official_components_endpoint,prior_only,0.195,1.1050075193482607
table9,official_components_endpoint,prior_only,0.2,1.1049535194166311
table9,official_components_endpoint,prior_only,0.20500000000000002,1.1053054029495697
table9,official_components_endpoint,prior_only,0.21,1.1053017518686472
table9,official_components_endpoint,prior_only,0.215,1.105477464008254
table9,official_components_endpoint,prior_only,0.22,1.1054638672833312
table9,official_components_endpoint,prior_only,0.225,1.1067168046290603
table9,official_components_endpoint,prior_only,0.23,1.1065719683146225
table9,official_components_endpoint,prior_only,0.23500000000000001,1.1063459605697514
table9,official_components_endpoint,prior_only,0.24,1.10634226690524
table9,official_components_endpoint,prior_only,0.245,1.1070501162989
table9,official_components_endpoint,prior_only,0.25,1.1073558065779692
table9,official_components_endpoint,prior_only,0.255,1.1073558065779692
table9,official_components_endpoint,prior_only,0.26,1.107195929560874
table9,official_components_endpoint,prior_only,0.265,1.107163385068569
table9,official_components_endpoint,prior_only,0.27,1.1074388594806626
table9,official_components_endpoint,prior_only,0.275,1.1071880746444807
table9,official_components_endpoint,prior_only,0.28,1.1070956899745208
table9,official_components_endpoint,prior_only,0.28500000000000003,1.1075749370580938
table9,official_components_endpoint,prior_only,0.29,1.107587556427306
table9,official_components_endpoint,prior_only,0.295,1.1076001356858391
table9,official_components_endpoint,prior_only,0.3,1.1076140165731336
table9,official_components_endpoint,prior_only,0.305,1.1079523997149439
table9,official_components_endpoint,prior_only,0.31,1.1079523997149439
table9,official_components_endpoint,prior_only,0.315,1.1080137458369863
table9,official_components_endpoint,prior_only,0.32,1.1079920265115373
table9,official_components_endpoint,prior_only,0.325,1.1082788032949293
table9,official_components_endpoint,prior_only,0.33,1.1082346570516313
table9,official_components_endpoint,prior_only,0.335,1.1085203357688072
table9,official_components_endpoint,prior_only,0.34,1.108883815659437
table9,official_components_endpoint,prior_only,0.34500000000000003,1.1088802197583258
table9,official_components_endpoint,prior_only,0.35000000000000003,1.1091413174356837
table9,official_components_endpoint,prior_only,0.355,1.109062641076621
table9,official_components_endpoint,prior_only,0.36,1.1094471669794808
table9,official_components_endpoint,prior_only,0.365,1.1093362437703131
table9,official_components_endpoint,prior_only,0.37,1.1093362437703131
table9,official_components_endpoint,prior_only,0.375,1.1095524724597985
table9,official_components_endpoint,prior_only,0.38,1.109627139405799
table9,official_components_endpoint,prior_only,0.385,1.11038517979996
table9,official_components_endpoint,prior_only,0.39,1.1104763204988664
table9,official_components_endpoint,prior_only,0.395,1.1105217078062595
table9,official_components_endpoint,prior_only,0.4,1.111059449354876
table9,official_components_endpoint,prior_only,0.405,1.1110441391452452
table9,official_components_endpoint,prior_only,0.41000000000000003,1.1117081417007952
table9,official_components_endpoint,prior_only,0.41500000000000004,1.111730648634404
table9,official_components_endpoint,prior_only,0.42,1.111921592351667
table9,official_components_endpoint,prior_only,0.425,1.1120632813813138
table9,official_components_endpoint,prior_only,0.43,1.112045135704813
table9,official_components_endpoint,prior_only,0.435,1.1120203877069526
table9,official_components_endpoint,prior_only,0.44,1.111813989339276
table9,official_components_endpoint,prior_only,0.445,1.1121250535937117
table9,official_components_endpoint,prior_only,0.45,1.1127134336676807
table9,official_components_endpoint,prior_only,0.455,1.112508984900398
table9,official_components_endpoint,prior_only,0.46,1.1124970055529413
table9,official_components_endpoint,prior_only,0.465,1.1127960531523056
table9,official_components_endpoint,prior_only,0.47000000000000003,1.1128614648646615
table9,official_components_endpoint,prior_only,0.47500000000000003,1.1129208203497307
table9,official_components_endpoint,prior_only,0.48,1.1153430062481864
table9,official_components_endpoint,prior_only,0.485,1.115328249695542
table9,official_components_endpoint,prior_only,0.49,1.11552694583226
table9,official_components_endpoint,prior_only,0.495,1.1155407117313718
table9,official_components_endpoint,prior_only,0.5,1.1154316995275015
table9,official_components_endpoint,prior_only,0.505,1.1154316995275015
table9,official_components_endpoint,prior_only,0.51,1.1156284042969338
table9,official_components_endpoint,prior_only,0.515,1.115860501142173
table9,official_components_endpoint,prior_only,0.52,1.1158681361526863
table9,official_components_endpoint,prior_only,0.525,1.1158620413790632
table9,official_components_endpoint,prior_only,0.53,1.115281476782348
table9,official_components_endpoint,prior_only,0.535,1.1152617932002915
table9,official_components_endpoint,prior_only,0.54,1.115262503976814
table9,official_components_endpoint,prior_only,0.545,1.115970112107025
table9,official_components_endpoint,prior_only,0.55,1.1159564561017876
table9,official_components_endpoint,prior_only,0.555,1.116152384819312
table9,official_components_endpoint,prior_only,0.56,1.1161413290176578
table9,official_components_endpoint,prior_only,0.5650000000000001,1.1160940166054603
table9,official_components_endpoint,prior_only,0.5700000000000001,1.1161497361337547
table9,official_components_endpoint,prior_only,0.5750000000000001,1.1161560808248676
table9,official_components_endpoint,prior_only,0.58,1.1161607319257434
table9,official_components_endpoint,prior_only,0.585,1.1161448160340424
table9,official_components_endpoint,prior_only,0.59,1.116370734451667
table9,official_components_endpoint,prior_only,0.595,1.1164745947682833
table9,official_components_endpoint,prior_only,0.6,1.116452674879309
table9,official_components_endpoint,prior_only,0.605,1.1167554560869921
table9,official_components_endpoint,prior_only,0.61,1.117151249456465
table9,official_components_endpoint,prior_only,0.615,1.1175734653778213
table9,official_components_endpoint,prior_only,0.62,1.1175739014805532
table9,official_components_endpoint,prior_only,0.625,1.1184576595555704
table9,official_components_endpoint,prior_only,0.63,1.1184576595555704
table9,official_components_endpoint,prior_only,0.635,1.1184272150437307
table9,official_components_endpoint,prior_only,0.64,1.118563190724098
table9,official_components_endpoint,prior_only,0.645,1.1188187738969697
table9,official_components_endpoint,prior_only,0.65,1.118869794060596
table9,official_components_endpoint,prior_only,0.655,1.118865634533567
table9,official_components_endpoint,prior_only,0.66,1.1188966469004142
table9,official_components_endpoint,prior_only,0.665,1.1190447322218113
table9,official_components_endpoint,prior_only,0.67,1.1190510198840378
table9,official_components_endpoint,prior_only,0.675,1.1190774167788882
table9,official_components_endpoint,prior_only,0.68,1.1190794275805949
table9,official_components_endpoint,prior_only,0.685,1.1189044781185955
table9,official_components_endpoint,prior_only,0.6900000000000001,1.1189000560648987
table9,official_components_endpoint,prior_only,0.6950000000000001,1.1186980368142603
table9,official_components_endpoint,prior_only,0.7000000000000001,1.1189026320761886
table9,official_components_endpoint,prior_only,0.705,1.1189388128043656
table9,official_components_endpoint,prior_only,0.71,1.1197267848213617
table9,official_components_endpoint,prior_only,0.715,1.1205024211850079
table9,official_components_endpoint,prior_only,0.72,1.1205574137182364
table9,official_components_endpoint,prior_only,0.725,1.121666921187119
table9,official_components_endpoint,prior_only,0.73,1.1216697584246949
table9,official_components_endpoint,prior_only,0.735,1.1219035106024395
table9,official_components_endpoint,prior_only,0.74,1.1219257495529122
table9,official_components_endpoint,prior_only,0.745,1.1224444870533965
table9,official_components_endpoint,prior_only,0.75,1.123014882954737
table9,official_components_endpoint,prior_only,0.755,1.123014882954737
table9,official_components_endpoint,prior_only,0.76,1.1235934656112576
table9,official_components_endpoint,prior_only,0.765,1.1236270636266186
table9,official_components_endpoint,prior_only,0.77,1.1236667427018947
table9,official_components_endpoint,prior_only,0.775,1.1240120476481303
table9,official_components_endpoint,prior_only,0.78,1.123991952921047
table9,official_components_endpoint,prior_only,0.785,1.1249522874704474
table9,official_components_endpoint,prior_only,0.79,1.1249522874704474
table9,official_components_endpoint,prior_only,0.795,1.1249952318451983
table9,official_components_endpoint,prior_only,0.8,1.1249341626366585
table9,official_components_endpoint,prior_only,0.805,1.1256167848579748
table9,official_components_endpoint,prior_only,0.81,1.1255836773538643
table9,official_components_endpoint,prior_only,0.8150000000000001,1.125561756836705
table9,official_components_endpoint,prior_only,0.8200000000000001,1.1261124962608937
table9,official_components_endpoint,prior_only,0.8250000000000001,1.1262051596112082
table9,official_components_endpoint,prior_only,0.8300000000000001,1.1262336481537432
table9,official_components_endpoint,prior_only,0.835,1.1272174888199473
table9,official_components_endpoint,prior_only,0.84,1.1273481351064987
table9,official_components_endpoint,prior_only,0.845,1.1275332630714492
table9,official_components_endpoint,prior_only,0.85,1.1277941279280674
table9,official_components_endpoint,prior_only,0.855,1.127882250673986
table9,official_components_endpoint,prior_only,0.86,1.1279381208560568
table9,official_components_endpoint,prior_only,0.865,1.1280201008038797
table9,official_components_endpoint,prior_only,0.87,1.1282351925374003
table9,official_components_endpoint,prior_only,0.875,1.1285079059442527
table9,official_components_endpoint,prior_only,0.88,1.128432735687535
table9,official_components_endpoint,prior_only,0.885,1.1284328699261938
table9,official_components_endpoint,prior_only,0.89,1.1282945600784775
table9,official_components_endpoint,prior_only,0.895,1.1282985760293176
table9,official_components_endpoint,prior_only,0.9,1.128326962798547
table9,official_components_endpoint,prior_only,0.905,1.128318630509793
table9,official_components_endpoint,prior_only,0.91,1.1285910500798046
table9,official_components_endpoint,prior_only,0.915,1.1286364033820182
table9,official_components_endpoint,prior_only,0.92,1.1289755506630348
table9,official_components_endpoint,prior_only,0.925,1.1294314590507963
table9,official_components_endpoint,prior_only,0.93,1.1294635601039955
table9,official_components_endpoint,prior_only,0.935,1.129522484966208
table9,official_components_endpoint,prior_only,0.9400000000000001,1.129522484966208
table9,official_components_endpoint,prior_only,0.9450000000000001,1.1299471160837073
table9,official_components_endpoint,prior_only,0.9500000000000001,1.1299905499660152
table9,official_components_endpoint,prior_only,0.9550000000000001,1.1301046075661332
table9,official_components_endpoint,prior_only,0.96,1.1313095465618632
table9,official_components_endpoint,prior_only,0.965,1.131321738933719
table9,official_components_endpoint,prior_only,0.97,1.130697646630912
table9,official_components_endpoint,prior_only,0.975,1.1306994076873473
table9,official_components_endpoint,prior_only,0.98,1.1317358824627342
table9,official_components_endpoint,prior_only,0.985,1.1315613061339378
table9,official_components_endpoint,prior_only,0.99,1.1315907892850916
table9,official_components_endpoint,prior_only,0.995,1.1316166670293266
table9,official_components_endpoint,prior_only,1.0,1.1317202698223943
table9,official_components_endpoint,mariner,0.0,1.0630767461866735
table9,official_components_endpoint,mariner,0.005,1.063077606047715
table9,official_components_endpoint,mariner,0.01,1.0630797341510394
table9,official_components_endpoint,mariner,0.015,1.0630831203998452
table9,official_components_endpoint,mariner,0.02,1.0630877568606796
table9,official_components_endpoint,mariner,0.025,1.0630936373206976
table9,official_components_endpoint,mariner,0.03,1.0631007569632276
table9,official_components_endpoint,mariner,0.035,1.0631091121250436
table9,official_components_endpoint,mariner,0.04,1.0631187001114322
table9,official_components_endpoint,mariner,0.045,1.063129519053003
table9,official_components_endpoint,mariner,0.05,1.0631415677932288
table9,official_components_endpoint,mariner,0.055,1.0631548457989766
table9,official_components_endpoint,mariner,0.06,1.0631693530885107
table9,official_components_endpoint,mariner,0.065,1.0631850901729565
table9,official_components_endpoint,mariner,0.07,1.0632020580082586
table9,official_components_endpoint,mariner,0.075,1.0632202579554288
table9,official_components_endpoint,mariner,0.08,1.0632396917473965
table9,official_components_endpoint,mariner,0.085,1.0632603614611806
table9,official_components_endpoint,mariner,0.09,1.0632822694943902
table9,official_components_endpoint,mariner,0.095,1.0633054185452673
table9,official_components_endpoint,mariner,0.1,1.0633298115956646
table9,official_components_endpoint,mariner,0.105,1.0633554518964636
table9,official_components_endpoint,mariner,0.11,1.0633823429550395
table9,official_components_endpoint,mariner,0.115,1.0634104885244586
table9,official_components_endpoint,mariner,0.12,1.063439892594148
table9,official_components_endpoint,mariner,0.125,1.063470559381819
table9,official_components_endpoint,mariner,0.13,1.0635024933264838
table9,official_components_endpoint,mariner,0.135,1.0635356990824032
table9,official_components_endpoint,mariner,0.14,1.063570181513856
table9,official_components_endpoint,mariner,0.145,1.063605945690626
table9,official_components_endpoint,mariner,0.15,1.0636429968841161
table9,official_components_endpoint,mariner,0.155,1.0636813405640275
table9,official_components_endpoint,mariner,0.16,1.0637209823955305
table9,official_components_endpoint,mariner,0.165,1.0637619282368833
table9,official_components_endpoint,mariner,0.17,1.0638041841374537
table9,official_components_endpoint,mariner,0.17500000000000002,1.063847756336098
table9,official_components_endpoint,mariner,0.18,1.063892651259874
table9,official_components_endpoint,mariner,0.185,1.0639388755230503
table9,official_components_endpoint,mariner,0.19,1.0639864359263949
table9,official_components_endpoint,mariner,0.195,1.064035339456718
table9,official_components_endpoint,mariner,0.2,1.0640855932866478
table9,official_components_endpoint,mariner,0.20500000000000002,1.0641372047746296
table9,official_components_endpoint,mariner,0.21,1.0641901814651296
table9,official_components_endpoint,mariner,0.215,1.0642445310890318
table9,official_components_endpoint,mariner,0.22,1.0643002615642185
table9,official_components_endpoint,mariner,0.225,1.0643573809963232
table9,official_components_endpoint,mariner,0.23,1.0644158976796527
table9,official_components_endpoint,mariner,0.23500000000000001,1.0644758200982631
table9,official_components_endpoint,mariner,0.24,1.0645371569271918
table9,official_components_endpoint,mariner,0.245,1.0645999170338372
table9,official_components_endpoint,mariner,0.25,1.064664109479479
table9,official_components_endpoint,mariner,0.255,1.0647297435209437
table9,official_components_endpoint,mariner,0.26,1.0647968286123979
table9,official_components_endpoint,mariner,0.265,1.0648653744072838
table9,official_components_endpoint,mariner,0.27,1.0649353907603827
table9,official_components_endpoint,mariner,0.275,1.0650068877300074
table9,official_components_endpoint,mariner,0.28,1.0650798755803301
table9,official_components_endpoint,mariner,0.28500000000000003,1.065154364783831
table9,official_components_endpoint,mariner,0.29,1.0652303660238793
table9,official_components_endpoint,mariner,0.295,1.0653078901974447
table9,official_components_endpoint,mariner,0.3,1.0653869484179304
table9,official_components_endpoint,mariner,0.305,1.065467552018142
table9,official_components_endpoint,mariner,0.31,1.0655497125533837
table9,official_components_endpoint,mariner,0.315,1.0656334418046842
table9,official_components_endpoint,mariner,0.32,1.065718751782159
table9,official_components_endpoint,mariner,0.325,1.0658056547285022
table9,official_components_endpoint,mariner,0.33,1.065894163122622
table9,official_components_endpoint,mariner,0.335,1.065984289683406
table9,official_components_endpoint,mariner,0.34,1.0660760473736355
table9,official_components_endpoint,mariner,0.34500000000000003,1.0661694494040386
table9,official_components_endpoint,mariner,0.35000000000000003,1.0662645092374947
table9,official_components_endpoint,mariner,0.355,1.0663612405933849
table9,official_components_endpoint,mariner,0.36,1.0664596574521
table9,official_components_endpoint,mariner,0.365,1.0665597740597037
table9,official_components_endpoint,mariner,0.37,1.0666616049327582
table9,official_components_endpoint,mariner,0.375,1.066765164863317
table9,official_components_endpoint,mariner,0.38,1.0668704689240887
table9,official_components_endpoint,mariner,0.385,1.0669775324737718
table9,official_components_endpoint,mariner,0.39,1.0670863711625758
table9,official_components_endpoint,mariner,0.395,1.067197000937926
table9,official_components_endpoint,mariner,0.4,1.0673094380503605
table9,official_components_endpoint,mariner,0.405,1.0674236990596275
table9,official_components_endpoint,mariner,0.41000000000000003,1.0675398008409809
table9,official_components_endpoint,mariner,0.41500000000000004,1.067657760591697
table9,official_components_endpoint,mariner,0.42,1.0677775958378009
table9,official_components_endpoint,mariner,0.425,1.0678993244410253
table9,official_components_endpoint,mariner,0.43,1.0680229646060002
table9,official_components_endpoint,mariner,0.435,1.0681485348876867
table9,official_components_endpoint,mariner,0.44,1.068276054199063
table9,official_components_endpoint,mariner,0.445,1.068405541819069
table9,official_components_endpoint,mariner,0.45,1.068537017400825
table9,official_components_endpoint,mariner,0.455,1.0686705009801278
table9,official_components_endpoint,mariner,0.46,1.0688060129842432
table9,official_components_endpoint,mariner,0.465,1.0689435742409972
table9,official_components_endpoint,mariner,0.47000000000000003,1.0690832059881883
table9,official_components_endpoint,mariner,0.47500000000000003,1.0692249298833245
table9,official_components_endpoint,mariner,0.48,1.0693687680137027
table9,official_components_endpoint,mariner,0.485,1.069514742906847
table9,official_components_endpoint,mariner,0.49,1.0696628775413157
table9,official_components_endpoint,mariner,0.495,1.0698131953578962
table9,official_components_endpoint,mariner,0.5,1.069965720271205
table9,official_components_endpoint,mariner,0.505,1.0701204766817072
table9,official_components_endpoint,mariner,0.51,1.0702774894881786
table9,official_components_endpoint,mariner,0.515,1.0704367841006268
table9,official_components_endpoint,mariner,0.52,1.070598386453691
table9,official_components_endpoint,mariner,0.525,1.0707623230205505
table9,official_components_endpoint,mariner,0.53,1.0709286208273552
table9,official_components_endpoint,mariner,0.535,1.071097307468206
table9,official_components_endpoint,mariner,0.54,1.0712684111207214
table9,official_components_endpoint,mariner,0.545,1.0714419605621974
table9,official_components_endpoint,mariner,0.55,1.071617985186414
table9,official_components_endpoint,mariner,0.555,1.0717965150211017
table9,official_components_endpoint,mariner,0.56,1.0719775807461096
table9,official_components_endpoint,mariner,0.5650000000000001,1.0721612137123102
table9,official_components_endpoint,mariner,0.5700000000000001,1.0723474459612783
table9,official_components_endpoint,mariner,0.5750000000000001,1.0725363102457801
table9,official_components_endpoint,mariner,0.58,1.0727278400511249
table9,official_components_endpoint,mariner,0.585,1.0729220696174138
table9,official_components_endpoint,mariner,0.59,1.0731190339627423
table9,official_components_endpoint,mariner,0.595,1.07331876890741
table9,official_components_endpoint,mariner,0.6,1.073521311099182
table9,official_components_endpoint,mariner,0.605,1.0737266980396771
table9,official_components_endpoint,mariner,0.61,1.073934968111935
table9,official_components_endpoint,mariner,0.615,1.0741461606092366
table9,official_components_endpoint,mariner,0.62,1.0743603157652495
table9,official_components_endpoint,mariner,0.625,1.074577474785577
table9,official_components_endpoint,mariner,0.63,1.074797679880798
table9,official_components_endpoint,mariner,0.635,1.0750209743010837
table9,official_components_endpoint,mariner,0.64,1.0752474023724963
table9,official_components_endpoint,mariner,0.645,1.075477009535071
table9,official_components_endpoint,mariner,0.65,1.0757098423827938
table9,official_components_endpoint,mariner,0.655,1.07594594870561
table9,official_components_endpoint,mariner,0.66,1.0761853775335763
table9,official_components_endpoint,mariner,0.665,1.076428179183326
table9,official_components_endpoint,mariner,0.67,1.0766744053069828
table9,official_components_endpoint,mariner,0.675,1.0769241089437063
table9,official_components_endpoint,mariner,0.68,1.0771773445740505
table9,official_components_endpoint,mariner,0.685,1.0774341681773345
table9,official_components_endpoint,mariner,0.6900000000000001,1.0776946372922516
table9,official_components_endpoint,mariner,0.6950000000000001,1.0779588110809455
table9,official_components_endpoint,mariner,0.7000000000000001,1.0782267503968306
table9,official_components_endpoint,mariner,0.705,1.0784985178564273
table9,official_components_endpoint,mariner,0.71,1.0787741779155438
table9,official_components_endpoint,mariner,0.715,1.0790537969501297
table9,official_components_endpoint,mariner,0.72,1.079337443342208
table9,official_components_endpoint,mariner,0.725,1.0796251875712752
table9,official_components_endpoint,mariner,0.73,1.0799171023116616
table9,official_components_endpoint,mariner,0.735,1.0802132625363399
table9,official_components_endpoint,mariner,0.74,1.0805137456277674
table9,official_components_endpoint,mariner,0.745,1.0808186314963852
table9,official_components_endpoint,mariner,0.75,1.0811280027074774
table9,official_components_endpoint,mariner,0.755,1.08144194461718
table9,official_components_endpoint,mariner,0.76,1.0817605455185084
table9,official_components_endpoint,mariner,0.765,1.0820838967983994
table9,official_components_endpoint,mariner,0.77,1.0824120931068628
table9,official_components_endpoint,mariner,0.775,1.0827452325394993
table9,official_components_endpoint,mariner,0.78,1.0830834168347871
table9,official_components_endpoint,mariner,0.785,1.0834267515877418
table9,official_components_endpoint,mariner,0.79,1.0837753464817659
table9,official_components_endpoint,mariner,0.795,1.0841293155407596
table9,official_components_endpoint,mariner,0.8,1.0844887774038734
table9,official_components_endpoint,mariner,0.805,1.0848538556256235
table9,official_components_endpoint,mariner,0.81,1.0852246790045228
table9,official_components_endpoint,mariner,0.8150000000000001,1.0856013819438584
table9,official_components_endpoint,mariner,0.8200000000000001,1.0859841048488588
table9,official_components_endpoint,mariner,0.8250000000000001,1.0863729945651779
table9,official_components_endpoint,mariner,0.8300000000000001,1.086768204864497
table9,official_components_endpoint,mariner,0.835,1.0871698969840595
table9,official_components_endpoint,mariner,0.84,1.0875782402282246
table9,official_components_endpoint,mariner,0.845,1.087993412641648
table9,official_components_endpoint,mariner,0.85,1.0884156017656128
table9,official_components_endpoint,mariner,0.855,1.088845005491372
table9,official_components_endpoint,mariner,0.86,1.089281833027309
table9,official_components_endpoint,mariner,0.865,1.0897263060004234
table9,official_components_endpoint,mariner,0.87,1.090178659717358
table9,official_components_endpoint,mariner,0.875,1.0906391446161772
table9,official_components_endpoint,mariner,0.88,1.091108027947904
table9,official_components_endpoint,mariner,0.885,1.0915855957369358
table9,official_components_endpoint,mariner,0.89,1.0920721550828563
table9,official_components_endpoint,mariner,0.895,1.0925680368839634
table9,official_components_endpoint,mariner,0.9,1.0930735990869396
table9,official_components_endpoint,mariner,0.905,1.0935892306000135
table9,official_components_endpoint,mariner,0.91,1.0941153560527503
table9,official_components_endpoint,mariner,0.915,1.094652441650167
table9,official_components_endpoint,mariner,0.92,1.0952010024616292
table9,official_components_endpoint,mariner,0.925,1.0957616116208686
table9,official_components_endpoint,mariner,0.93,1.0963349121167925
table9,official_components_endpoint,mariner,0.935,1.096921632166709
table9,official_components_endpoint,mariner,0.9400000000000001,1.097522605655363
table9,official_components_endpoint,mariner,0.9450000000000001,1.098138799923058
table9,official_components_endpoint,mariner,0.9500000000000001,1.0987713545349893
table9,official_components_endpoint,mariner,0.9550000000000001,1.0994216370352217
table9,official_components_endpoint,mariner,0.96,1.1000913260681797
table9,official_components_endpoint,mariner,0.965,1.1007825408297596
table9,official_components_endpoint,mariner,0.97,1.1014980538729433
table9,official_components_endpoint,mariner,0.975,1.1022416659242287
table9,official_components_endpoint,mariner,0.98,1.103018929308222
table9,official_components_endpoint,mariner,0.985,1.1038387354133108
table9,official_components_endpoint,mariner,0.99,1.104717554952945
table9,official_components_endpoint,mariner,0.995,1.1056956239628764
table9,official_components_endpoint,mariner,1.0,1.1071733795691545
