dolma3_arxiv,dolma3_cc/art_and_design_high,dolma3_cc/art_and_design_low,dolma3_cc/crime_and_law_high,dolma3_cc/crime_and_law_low,dolma3_cc/education_and_jobs_high,dolma3_cc/education_and_jobs_low,dolma3_cc/electronics_and_hardware_high,dolma3_cc/electronics_and_hardware_low,dolma3_cc/entertainment_high,dolma3_cc/entertainment_low,dolma3_cc/finance_and_business_high,dolma3_cc/finance_and_business_low,dolma3_cc/food_and_dining_high,dolma3_cc/food_and_dining_low,dolma3_cc/games_high,dolma3_cc/games_low,dolma3_cc/health_high,dolma3_cc/health_low,dolma3_cc/history_and_geography_high,dolma3_cc/history_and_geography_low,dolma3_cc/industrial_high,dolma3_cc/industrial_low,dolma3_cc/literature_high,dolma3_cc/literature_low,dolma3_cc/science_math_and_technology_high,dolma3_cc/science_math_and_technology_low,dolma3_finemath_3plus,dolma3_stack_edu,dolma3_wikipedia,dolmino_common_crawl_hq,dolmino_olmocr_pdfs_hq,dolmino_stack_edu_fim,dolmino_stem_heavy_crawl,dolmino_synth_code,dolmino_synth_instruction,dolmino_synth_math,dolmino_synth_qa,dolmino_synth_thinking,candidate_index,prediction
2.886248379456753e-23,4.2069483587037276e-14,5.875049500730389e-36,1.6315797543234366e-23,6.114073443449714e-73,0.00036358890206611693,2.57000310134644e-13,4.5299524511635366e-05,4.024336552039244e-188,0.0021708593661534767,8.727751705698198e-12,2.767054887926615e-06,1.8983589306533066e-20,3.2969038274186433e-10,1.8104372144002152e-29,7.361374264357688e-19,3.121354987504668e-16,2.360913058206061e-08,7.926281956277089e-36,4.672635836265024e-36,6.599569920059212e-20,2.7026177449629244e-19,1.80539544160729e-104,1.0611052120865635e-09,4.689224413477022e-27,0.08280106002797627,1.108069048779983e-06,4.102273027430647e-131,0.16087223296387,1.4466458437479099e-78,0.11598291280225174,0.13878165289262215,0.4203267069926454,0.0,4.708554113876979e-10,1.0632415495655427e-48,0.0,0.0785405748954228,0.00011121102873520507,65967,1.0230990311041184
5.823379367760958e-91,2.2846530062422008e-33,2.2427057722954886e-19,1.2554229733262293e-31,1.975669089291517e-46,1.636198781565235e-08,7.582601866087912e-06,1.4585989033200348e-15,1.0516601514183797e-133,0.0004382559396005675,1.0374610802295721e-11,0.00024646273020601124,8.32917910971523e-09,0.0004496530022857059,1.170533521137639e-07,0.00011720178193602189,8.173113319481756e-32,0.005379381133527601,2.650753755319781e-22,3.470690669342869e-42,1.8014543733222467e-18,0.006423636054677311,0.0,0.00015277626516080103,2.4016263826371057e-107,0.051879898081341504,0.1056712816822461,1.7480716427608405e-69,0.038554849986856425,0.0,0.03229270009944564,0.3053727270110745,0.4530134518748805,0.0,2.759783896373109e-91,4.27222321831863e-113,3.9080480214007296e-59,2.3853380006696667e-22,8.995691407780992e-206,68848,1.0273779273931758
3.516737418244334e-17,0.006673193503144797,1.2420456965455255e-50,6.94013639364329e-15,1.9425391878523784e-65,3.481461594634986e-05,1.4453973647849396e-16,1.1392084169764117e-13,6.250912708518412e-57,0.5405331982345001,6.62876229948858e-17,0.0619687187331703,4.9695110895813904e-37,2.8553194817313694e-13,2.1904591173378167e-79,1.6887329984973599e-21,1.5823714817995842e-59,3.835847770039162e-18,3.0059352138112614e-22,2.7157841472755884e-09,3.7393016719734954e-170,2.2203382399178128e-21,7.454074446758417e-91,1.2738144873466148e-17,1.3031355057084133e-107,0.09398261419796229,9.578063902355602e-49,9.025383330879577e-53,0.08365805365154741,3.508272480592543e-254,0.0418639741588972,6.781050966357647e-08,0.15331562957825431,1.3972253616513756e-87,1.4083249658158962e-65,0.0,3.910618635693034e-258,0.017969732799876747,5.001273369459591e-74,18712,1.0288564275094971
1.155026633863502e-142,9.998553789621274e-54,3.326485988916772e-13,4.760094888066766e-15,5.064812207418711e-44,7.623341311670976e-15,1.0329546421222522e-10,1.4165227780787844e-46,6.32513141373274e-105,1.59396393518175e-10,0.06057081487220446,0.09961005718716746,0.052541121743004904,1.2625166784407203e-07,9.062171796362927e-41,3.3650694448037144e-10,3.0712195266041315e-24,3.4262407261467803e-06,1.7878088023365848e-39,1.3206717805553662e-22,1.2676801492184802e-78,4.0721958562312467e-35,8.541862236130668e-35,0.045081822120237376,6.727601835200549e-15,0.28048635118794407,2.631829087333836e-07,1.9248626838696813e-122,0.09920724584861862,7.23042453316354e-287,0.009193370762813098,1.8055130805611095e-07,0.3532697632553848,0.0,0.0,0.0,8.458522168860766e-103,3.545619645766976e-05,6.1576537764447485e-15,22711,1.0290319743960765
1.5025049312826628e-162,2.0746352478066006e-24,0.0080064644996785,9.680570699851982e-26,1.0338043013456405e-68,0.01192443117829191,4.6698671543291815e-49,1.166278145353409e-08,3.9834034055101546e-38,6.785648051975712e-26,5.038176900902268e-14,5.486330900034555e-05,0.02404549037040262,4.1331567883865077e-48,3.749979304770041e-62,0.027389477437961062,7.06515894006054e-42,3.922142359943825e-11,1.7398808747349053e-15,0.2786975855020927,2.227607497921173e-218,1.7322114456573018e-38,4.69731903000762e-113,2.48825916124224e-16,0.001887352834090334,0.19991363012345673,3.370624869999375e-29,3.525689294942664e-219,0.17504882945886496,0.0,0.041407590047956834,2.2473680574567742e-10,0.23146006010951425,0.0,6.254322151043877e-16,5.01938801303553e-119,0.0,0.00016421320189697906,6.062700647403466e-32,38719,1.0293764835514372
7.777471453115638e-98,9.045065041045409e-20,3.113727251729847e-173,1.3286316623647028e-10,1.7852678089946403e-10,8.115244696068518e-13,6.327331556339644e-33,2.391495110628336e-29,3.1474766545170628e-18,4.3492527179715846e-05,2.255629031438633e-54,0.09659133161038538,0.00032200186004141047,0.002620492667873762,3.413278067659043e-96,0.004383142970470109,4.570777147705374e-27,0.0035030791326811994,1.5760149852836088e-17,6.98598758526948e-10,7.959875698806424e-123,1.3842221185392868e-21,1.8012558948353346e-08,8.690801884131498e-07,3.126636622629325e-88,1.4621752289711329e-06,5.0394608708092416e-42,3.717032116250113e-192,0.35162671292778835,0.0,0.04404863763459541,0.040562185241799054,0.15757309350150212,0.0,3.9177478906973777e-215,1.314308419716925e-172,1.1338985735247327e-08,0.2987234683079213,3.1635711275796234e-60,19517,1.0294636484255781
3.3081533816651435e-82,0.0009272061719584039,1.8594474656459324e-143,9.254585818173375e-11,2.979153497303962e-19,1.0915336995806421e-36,1.8855723329631574e-26,1.885233716802962e-16,0.00025211395072116715,7.558916275504639e-06,1.2580548212964084e-23,0.026887954651837652,5.900426546658134e-06,1.134052373130148e-79,1.320066683472599e-14,5.284801762726853e-23,9.8586881513781e-23,1.85273163246583e-06,0.14058243127707845,4.845782196241357e-12,7.718335490587291e-97,1.8626998162017433e-41,1.3969554093602837e-09,0.03164002477924377,1.7955227525281068e-66,0.0009622620354565009,6.867411065565116e-10,2.542649828107495e-126,0.19472331338213858,1.2996869349277742e-305,0.009743208171317321,0.4104433016391101,0.18216279386850218,0.0,4.531193346133362e-82,4.584019808718007e-113,5.620176386658741e-280,0.0016600758170796763,9.551216247609318e-18,73738,1.030030365755472
0.06478545460977872,2.5648336115826285e-94,1.0465224184813916e-110,2.5160893957657537e-32,2.2252754320523754e-06,5.843293836030448e-09,4.8809723985938065e-08,2.698132422891343e-53,2.1559208821941594e-09,1.3752050724885516e-05,9.74082131827717e-07,0.00021140714413575887,7.106402330637092e-10,6.398185223750497e-07,1.7187669379035167e-48,0.009849783244120773,1.622186066345144e-33,0.0004428841551243879,6.045629015282286e-13,3.219838116531051e-37,4.496806232340643e-121,2.6764685627176808e-05,0.00010445751483327113,0.19454889619997595,0.000327109964797736,8.932362493084987e-07,6.530051297101009e-29,2.663283948550138e-257,0.5825545091491061,8.167974213337119e-236,0.03830192942271156,2.916893921612991e-10,0.10867398641189671,0.0,0.0,2.5378792701019043e-62,6.0392512153402066e-114,0.0001542752229587122,2.4384825323832762e-23,70852,1.0302612632437778
1.8400305840282432e-21,7.970358561897418e-05,5.78678668880354e-42,2.9758830660228993e-28,8.85125216088673e-43,0.2407265366950293,5.430319790930266e-14,3.720081020586744e-08,3.3914738104554537e-16,0.0023466772421094286,0.00126432811873839,3.463114270017611e-05,3.709813720269307e-10,1.9268261763320534e-35,6.868414566288622e-75,1.1329460616995075e-17,4.6104567793161293e-54,1.1540235862559985e-10,1.012410923981071e-23,1.699969301657533e-06,6.943946419528329e-11,7.600680349625321e-23,1.4673992130002727e-35,0.1414817308280717,0.0016714489535765073,0.03942324005101588,3.4621477568323434e-52,7.486521745217227e-80,0.40619863675109824,0.0,0.0009075345798945681,6.699232733994367e-11,0.1658636704410396,2.1585429437606486e-156,4.0806586932180186e-54,9.230102046062597e-176,6.446117596622989e-66,1.2381812525822586e-07,1.4568622279525846e-52,13502,1.0304007825831412
0.0,1.774886288263039e-28,0.0022097979651290955,4.16177896585612e-06,2.6465278903166832e-05,0.14113883728322715,1.9159052206838774e-10,5.401610920893639e-06,1.6459831568946193e-16,2.473011338201499e-09,3.7149807203873614e-19,0.004609620053005742,1.2724171578444944e-05,8.18888529641603e-12,1.935896547404907e-05,2.254096510922983e-16,4.492356374519769e-12,1.451837572076775e-09,2.4812701746367427e-11,3.971004933913291e-09,1.0577592485694106e-09,5.116015810656723e-56,1.2112473107885894e-55,0.348726439900941,3.215300916502487e-50,0.05049562156294116,9.062042993145816e-37,9.37802405791891e-21,0.04675247666015795,0.0,0.20719507444650673,6.702441078085127e-05,0.17519829654617544,0.0,0.0016032231810977873,1.4578578657834184e-08,3.543217583996962e-98,0.021935452422918413,1.1997413763649465e-84,40441,1.0305277878782224
2.2306895664051253e-71,3.2968355508617744e-14,4.1118266823196535e-25,3.0277222944643973e-06,2.6688913707799455e-62,1.0827101106578153e-09,6.362080448782978e-10,1.463158027263523e-34,1.4510071019165963e-74,1.1025571894873152e-05,1.4705639106255533e-19,0.0024937646349287895,1.1181060307290184e-06,1.4508444029373044e-37,5.703805083877312e-13,0.0039345346590540994,3.8882668051514346e-94,0.19180791672831393,4.388527330871739e-29,8.094500313546643e-62,1.0276124226781096e-81,1.1274662189713407e-07,6.040114716067411e-41,4.355849581697045e-16,4.6023250589387334e-35,0.256292926386639,4.927907688642858e-86,4.295714893541841e-69,0.024720347092330137,0.0,0.03169260811011872,0.10345056139024723,0.32619509581347905,0.0,2.1574546431706895e-155,5.340253300788611e-99,2.1948998647743045e-137,0.05939695931851189,1.3254261485504035e-14,80652,1.0305711386034253
1.770168412083472e-42,1.8417627371963847e-11,4.126662489551577e-94,1.2581969918157595e-50,2.0202142934480367e-63,1.4059830548023888e-28,6.688543737837535e-26,9.57278672130335e-36,2.390145594902486e-34,2.8902356448325605e-09,3.662409431777309e-17,1.2592265260540925e-10,2.7786628837932555e-16,4.849714216989583e-05,4.712834650387084e-14,2.3060545825941802e-27,2.43649777304342e-122,0.00178926571607057,1.9781817470372538e-07,0.25773533645674995,1.4220999279579892e-22,4.5200306836015174e-05,0.0,0.004023978135503781,8.525962927806353e-48,0.07757158828303254,4.146685049217653e-40,6.002951176042058e-26,0.14752622907452576,0.0,0.011400505260695836,1.267284267455943e-11,0.43640773952388684,0.0,2.587704179112578e-183,1.029574e-318,1.218018829721625e-151,0.06345145923505775,0.0,40180,1.0307561397731693
2.236971641104185e-46,2.8226694591737137e-67,1.5344526482746094e-46,9.502571407408775e-15,0.0012533890286534342,0.0003603605951808953,6.915531088226045e-16,0.36374828801165615,2.6071654358280643e-165,7.986379509959767e-19,5.165577537403403e-17,7.132511246550278e-07,8.419903229606488e-05,1.5995173158473663e-09,1.1919100147933134e-08,7.504310076179202e-24,6.9429701169419865e-31,6.003664731451872e-17,0.0001385008993401423,3.010439235031537e-19,3.900355623232388e-52,1.138274498861418e-17,1.0482914703346773e-09,0.16740258959097826,1.0668733202079044e-33,0.12592959160546857,1.4381122472216193e-53,1.6639458341602883e-210,0.23169319356977722,0.0,0.08377537901986416,3.111795052670561e-61,6.908471070180296e-10,0.0,0.025613757221849005,1.8847583011208168e-83,0.0,2.291604515066876e-08,3.689714928396966e-24,41219,1.0308545332975272
0.0,6.803495614573205e-28,3.25155736348581e-122,2.9050475078667045e-07,0.020490438674923443,1.087617209624234e-15,3.2446247696519505e-72,0.036504643288072215,6.068681583074802e-128,5.233341666655436e-07,0.0002896124683731985,6.621079477422161e-07,3.5612397006361774e-31,2.4545046029264418e-32,9.793562085371012e-14,0.0047424953248329195,2.0616155204807715e-85,0.0015039838928273196,6.610952423516487e-21,0.01289543682396238,1.2524811779250136e-35,2.4392271995776745e-37,0.0,0.13427248030293742,0.005910148575116099,9.495010861692571e-07,4.317950458420939e-06,4.173070489788055e-221,0.1626495119945333,0.0,5.727964115573216e-11,2.9061228243586745e-49,0.4232601235801655,3.2474429662901944e-256,9.93107607014648e-26,8.788806680040322e-98,1.853616170408476e-120,0.1974743816184678,1.255878639022255e-111,60222,1.0314212982249313
2.726561894924548e-105,2.752659317779811e-29,3.9110289197635285e-35,9.097795851569853e-18,2.2651698346407984e-86,1.0649048628797733e-14,0.00091001757224705,1.9183819617599586e-12,5.240757252748682e-59,0.005769888416783816,3.9901955490876e-06,0.040312838861838646,1.551159423133512e-29,0.10897842232372269,1.419996708037138e-33,2.992306164307383e-48,1.4024951209226127e-53,1.2273376791830954e-20,5.482043269700546e-05,3.5854093388185456e-26,1.4459977418617136e-23,2.3805859159452822e-20,1.4849286567380376e-11,9.516773052963337e-30,3.5962391592765557e-26,5.884927051193947e-07,0.21151809766356305,0.0001406182643197522,0.07509911386379264,0.0,3.161129145387273e-08,9.738604849346178e-25,0.4259821259068058,8.598579391550062e-148,1.3894862082947418e-44,2.211069038080624e-241,0.0,0.1312294463779056,1.4138537407497128e-215,88660,1.0316656091219847
7.855174535920873e-145,4.337462160008656e-91,1.3001614580055252e-24,1.2888943961527381e-17,0.044815172630545075,0.03233915662231861,9.788832825023456e-23,7.54705376211658e-45,2.989480504653433e-68,3.5568209685271e-11,1.8019631288934029e-07,1.400081407793356e-06,0.00011639413872672555,0.007272656873671913,7.328927656845831e-67,3.0863921454026273e-13,4.747207625329066e-10,6.869164243871443e-05,3.426811729024479e-14,1.732734834854312e-54,1.9659210276014116e-29,5.648952819513865e-16,3.001174293141056e-152,0.010542633898852082,5.934465977260553e-95,0.12113858678705426,7.120382044316421e-08,5.57760339864638e-22,0.050398442638248685,5.911792867224545e-163,0.5407454648770702,9.10069544057897e-08,0.09239836424797469,0.0,0.0,2.6833855664623838e-195,4.3391857557779756e-117,0.10016269264397094,8.604523144873878e-23,82734,1.0320639029288683
0.0,4.072622610735069e-12,1.4975089067853708e-90,4.1290614355290876e-14,1.6611302418029175e-28,5.464808409981655e-41,9.242907056087403e-18,0.0030306072472938914,2.822459411932088e-10,3.276399312796147e-11,4.4444266470705754e-15,7.900127849298199e-16,2.5759503742460523e-09,3.3377616615566945e-05,2.0422286630364134e-11,5.093717306024196e-90,4.3358109914571656e-30,5.274995273766336e-09,4.406082307465289e-09,0.12953023126877,5.110985073441339e-136,1.1338336734010006e-35,1.1188742273157488e-19,0.010037489815839708,1.6751681986974885e-92,0.23197914198590316,2.0610347981073182e-36,2.7602787104006198e-127,0.28206532416317387,0.0,0.00013264953260229547,1.4634268462961167e-30,0.3261616723056211,0.0,2.994799907531731e-65,5.466687708915644e-19,2.345438428152036e-21,0.017029493467601162,2.800153799478034e-26,51964,1.0320724887233923
1.690610912052097e-61,7.763855817029279e-27,3.555465500309854e-190,0.0011421254327365427,2.5243346240226506e-215,0.05406224604348716,4.066071639413376e-21,1.3014614403051208e-05,4.0401612983462833e-91,1.088848598611992e-05,6.683618068425411e-05,0.09226891869685512,3.8763998701995304e-05,3.705677512178118e-21,7.366709754051443e-05,7.252222410013595e-36,2.816303864565191e-26,0.033457878280803016,9.986102868483627e-05,2.070981454159582e-51,9.610960635123745e-12,4.798196962130045e-14,1.0757324017607973e-56,0.0375994859810586,3.460127096025874e-22,0.04636305378397788,3.041571290419231e-19,5.601243744489484e-08,0.039984091280012624,0.0,0.02916733324207947,2.407280263269572e-22,0.6656517798307919,0.0,0.0,0.0,1.8320259830809035e-26,1.0049795253471999e-13,7.759959089048719e-270,39031,1.0323044842573208
2.3722840448287024e-64,1.9695723269592466e-35,6.8383233609696e-61,1.2587276882564727e-12,1.527423830251457e-10,2.061930630657062e-43,1.264158396128142e-28,8.01907622339217e-46,7.939098722934269e-39,2.8813090623704608e-15,1.3499132020096315e-27,0.0009307342956517701,0.002759587745010596,0.00021488345146900237,4.0749438969548736e-11,3.3278993794196918e-18,0.0022716489437625046,0.05605966281389113,0.047496403406005486,0.013042822716384577,3.7488342584722245e-93,2.9213891609480503e-56,7.212729845127348e-145,0.05001655928575271,2.9208310630307646e-89,2.2877977766881285e-17,6.200847911623463e-17,9.044912130171649e-77,0.23547985272907718,1.9092611737715976e-285,0.0022458144806047392,7.935873880773931e-17,0.2912160672657051,6.58994314219138e-55,1.9966245670157292e-11,1.2246938379075577e-249,8.418362174882014e-171,0.2982659626519652,1.4463230846816438e-86,10523,1.0323289323091616
6.144659599989467e-297,0.21797633895328267,4.846329211418698e-177,0.01033490292901939,4.0392430276275834e-27,1.6907958921318614e-05,1.2757003196430834e-14,1.1415098536380601e-30,1.0424710161665288e-57,6.2924083594347895e-09,3.076408797076483e-51,5.383876390365659e-08,0.0029453836723293543,2.1784344720741564e-18,8.545334235783732e-12,2.3302978035967236e-16,9.475457992836625e-06,3.143239551186026e-34,7.124926234175324e-12,8.49454498545949e-61,6.426326047186147e-109,4.0224134814340656e-23,8.918857610479859e-13,1.9018145523818136e-26,5.907312252518405e-10,0.2608955261475995,6.481607565780234e-51,1.2729931631249382e-12,0.03172360998808164,1.1885852901450256e-136,0.08511307815332725,0.017711202851795154,0.11007481601432459,0.0,8.260349230263031e-251,1.2429579765379552e-79,3.156689291901678e-57,0.2631986971335746,1.5662500347780422e-277,17337,1.0323332523419557
0.0,7.004346022795797e-35,2.4483373849927497e-100,1.080852971205951e-15,3.122949409116637e-141,2.8907464228458077e-09,0.0027052830283807784,1.9639137018669784e-17,2.472444428337278e-66,0.026789060133043437,1.1290768633786118e-20,0.0004026626388886005,3.607886137110065e-07,0.00033504032486655606,2.5506555180122257e-68,6.150533020389616e-32,1.91508926445457e-51,1.0925833368490792e-12,2.2673609028254157e-86,0.00047935927691532124,5.401450544152863e-111,2.173756923246875e-30,2.3165812154724258e-115,0.0022872424512925794,6.148981543022164e-104,0.3641536498450242,1.553003063314707e-23,0.0,0.15359913419963767,3.0150184556187207e-254,0.0012828244476728293,1.948254331912402e-19,0.19843165330451623,0.0,8.705047040694916e-102,9.017566748216358e-161,2.534214029961941e-31,0.24953372666930798,3.099582613494295e-38,33048,1.0323841748240672
4.261048960719149e-149,4.706204881317923e-45,1.9335809242241725e-16,2.1653855285435407e-19,8.883573628989925e-26,8.092301421482828e-09,2.5744786736509075e-08,1.0751795579864312e-16,7.198386798200524e-95,1.0592733811802253e-07,7.093320662793542e-121,0.037269751375676306,0.1699839548808235,7.49184887966877e-09,4.743694861022739e-38,3.825207138267732e-29,0.03460388142556244,0.002596327151016948,9.757056751225627e-25,8.961068923951767e-19,1.325504710828316e-173,2.2927095252221003e-07,2.5342543705472263e-37,0.3242210844296161,3.3516337499971386e-17,3.7100585489181625e-07,2.8276428849116215e-13,1.1501389197023113e-35,0.11007597316350458,0.0,0.0822141097387297,0.0022381113306929137,0.23679605897096542,1.0270123223358107e-260,2.8139984637273594e-26,0.0,6.888287068751212e-241,4.630914994173517e-14,1.6217318595916472e-159,98500,1.0325865405528716
8.394442052488619e-30,5.616043008077149e-09,1.7517890377818282e-80,0.001193305654513004,1.8308862311001397e-64,8.351043930705913e-28,3.277668559937618e-60,2.53693823207549e-15,4.339388204159165e-22,1.0346876533644235e-06,0.00026456699137932237,0.36641636902285213,5.501977451671483e-25,0.0011123380849127418,5.912419685041567e-57,3.645617734862105e-10,1.7882135864332644e-36,0.00024548500863850325,4.4990597627928415e-09,3.2885440979358024e-27,1.0117863791508589e-33,1.0206922103679482e-46,2.1953303273399076e-65,0.00164873998420804,1.6191238198403764e-33,9.3799219835237e-06,5.969975292109834e-51,1.697293223817199e-64,0.30819418015015154,0.0,6.75518458098505e-05,0.13689941381719117,0.18394762435103962,0.0,1.9650110583720056e-202,0.0,4.5530253491376734e-228,1.5577405911129755e-49,0.0,73807,1.0328047466999624
0.0,4.564489065534995e-62,4.301191930193902e-27,9.786090742259966e-59,5.240310883145063e-18,1.2296972146400158e-05,7.446283648049072e-15,1.4520070462538022e-08,1.3756667357352898e-153,0.11425318704699972,1.0140726349545346e-16,9.936156696581421e-27,4.4659803303676005e-15,1.343741510903086e-10,1.9875530664236043e-18,0.044840736483902695,6.88807180299811e-21,3.6041247280804054e-13,1.2916396590974946e-21,2.7723065055029716e-12,8.346569778205242e-11,1.5288188961181338e-10,1.3495171244393404e-102,3.639665407415346e-29,1.4226082859788773e-106,2.380355991504122e-54,0.07444411092256566,8.997079478357574e-54,0.3014740493597157,0.0,0.41594389443179824,2.1459873346605914e-21,0.04341660904399411,1.8560665578052816e-53,1.370384451845335e-49,0.005578128934260107,4.393096025030749e-48,3.69719106803716e-05,5.4853165895615906e-98,7001,1.0328631759820803
6.445397500211675e-207,3.4292522070195846e-11,3.0805330137581523e-09,3.1642813059827574e-61,5.565671066200518e-07,3.296497943106442e-05,4.8912889285695565e-11,6.817358442914075e-22,4.252614220303441e-87,5.023276700935442e-07,8.07913385865778e-23,0.006922553832970311,2.990418172136821e-14,7.606320154654357e-05,3.2454384578040953e-25,1.1515689176526622e-17,1.855055400331762e-21,1.8570311499866648e-07,9.08539652317566e-12,0.006946762739933038,1.5736570752477518e-45,3.827355059780693e-32,3.374808254335479e-23,0.12979497192981032,1.2290074520596976e-56,2.097859815452252e-12,9.932184190141916e-24,5.328320928460379e-08,0.4981009944298088,1.5259541493086114e-250,0.0003547779617898966,0.31867320855755704,0.039096216716419496,0.0,2.8721485152923615e-264,1.3520779778225817e-07,2.614267574365799e-139,4.938688299305174e-08,3.724350280633231e-213,93252,1.0330047620872465
1.1705688172204856e-73,6.271264223057044e-51,2.776663645747632e-78,1.7565354614704882e-22,2.5275350972037185e-13,0.42227951952048687,0.00030284476179213445,3.254258279422355e-27,4.2207989067891585e-25,0.2902561579618438,1.6348266288463584e-40,4.183849730981703e-09,1.659510322750843e-11,1.735621287682199e-18,1.7925887596892458e-22,0.0001888078983700937,0.0006665984015798468,4.427916202620558e-06,2.944722499017232e-10,1.882287634297215e-10,6.701611238039575e-114,3.095966599245392e-83,1.6332944160203232e-72,0.0006150094500323146,6.097891923407515e-22,8.154648815764433e-15,0.13494296304002837,2.1230907287712965e-85,0.12029443637030454,8.548146978574071e-196,0.01582183186842228,2.35009399722232e-24,1.499864142705744e-27,2.0140870325909442e-132,0.01462739812753017,2.075999338710073e-66,1.9981181798066183e-204,2.2200275986606887e-20,2.834142752118954e-69,38635,1.0333615126914313
1.454292451857387e-65,2.798569618999515e-44,0.012633231308578416,2.027405899488195e-06,5.045525103460564e-14,7.740698770411403e-07,3.694488242617314e-14,7.924350747143137e-19,6.915140554857686e-30,1.112614090750065e-09,4.807018831446292e-07,0.00026561061852315197,1.640277277146469e-07,3.599025132228478e-11,3.501987277385183e-09,1.224793767201336e-11,8.9810960456439e-151,4.992527915396915e-15,7.417847911691193e-52,0.012164802215530165,7.702778937390392e-24,6.7942391149851e-50,1.634293428866517e-33,0.19643234125711487,7.759258695360157e-72,1.3410991329137006e-09,1.0986540238333225e-32,2.4462255222748297e-13,0.4064666459589055,0.0,0.2931548610267652,2.9479059878164388e-05,0.07884957573885387,0.0,2.5422846646860855e-184,2.285410752492862e-206,0.0,6.061874700816393e-10,7.70205486376215e-27,16066,1.0335685499615124
9.40137569960789e-61,0.3136428510237974,2.064292040789268e-32,0.0039019824806584085,2.537757672347983e-50,1.4791275192028953e-08,3.56051146749948e-10,1.2192026881337495e-08,5.84653019563866e-18,0.1276224769045894,5.190136277607537e-23,3.6724755853607335e-15,0.0007824246364908901,1.8743582322631608e-32,1.0942498069781387e-05,9.144514763638999e-20,1.6828243661080568e-16,2.9168035829661667e-06,3.052479725482128e-05,1.762782143129661e-32,4.4061026321985045e-178,9.369023728869918e-82,2.0198910576518533e-76,7.457118996673636e-09,0.07975332895718494,0.07388261651846276,0.004216424125127516,4.273979011788239e-23,0.21205803053897906,0.0,0.06381717371093758,0.06846214843582256,4.1593241498546827e-50,4.20374402537962e-86,4.632734280552526e-13,0.0,2.3194308589531433e-82,0.05181612377210283,1.401931148504603e-26,43912,1.033586619873359
8.429191123359601e-116,5.699505264560172e-14,1.2015579235728005e-09,3.5848758304492153e-13,9.289392986528874e-64,2.6290130787773647e-18,8.599758639364273e-20,8.507611974468179e-19,5.979258929720073e-82,0.005988015308572574,2.8534659515843007e-09,0.0005856630532032567,3.4557876732943213e-29,2.357410977889968e-06,5.5522222093583454e-12,4.51235190643129e-26,2.1240511171385524e-05,0.25774452589474467,3.3307317952504257e-06,0.2045382717131324,1.5064671754789354e-16,1.3342879275812475e-07,1.0702151859156998e-68,2.0292538199870398e-16,6.95511471565763e-62,1.5171410541475225e-56,2.3079744678888906e-10,4.8594941369696746e-23,0.0978473886817079,5.164156573174985e-74,0.13333600080156627,7.578832878495037e-60,0.15096528167463866,0.0,7.149450706274735e-196,9.385888193971442e-47,1.4570079983683993e-157,0.1489677864979075,1.694982255073934e-64,11339,1.0335873424335886
7.465883001743328e-142,5.284836310824504e-07,2.2905404979372056e-43,3.1680417468052196e-16,3.389985862642845e-25,9.892643404895413e-08,1.9099436091053213e-09,1.084768504737977e-08,2.651067632339372e-50,0.00024973211154635366,0.011193808583777267,9.766178982123507e-11,0.0001372781748212307,4.0467930023157503e-10,5.378918381130912e-05,0.08754290372441952,1.0949596223573016e-85,4.802840251714299e-34,2.2601615114884962e-13,2.331414229419887e-20,8.309999810958477e-28,2.1814341203360807e-08,8.025162686173129e-130,0.004070333379146019,1.3270627655851733e-93,9.523503172600098e-06,0.0023843838416154634,3.1466197219505055e-29,0.5333713686650182,7.945493234031185e-151,0.08891836325515745,0.02048172964149453,0.12084579458067786,0.0,3.447139423525802e-134,1.0466056350763458e-133,1.351447819879303e-81,0.13074032887073975,1.164815663772664e-48,42205,1.0337028055119952
1.005906382639005e-52,0.019184023877657684,0.003853767146220503,0.0002337652569206823,2.4469519684961434e-11,0.0005538158105933182,1.5851377529524701e-06,3.324421122884941e-55,1.1444978542183663e-71,0.0005041525159527852,3.891226414210037e-31,1.7870661549954416e-06,3.644140598478868e-21,1.384585223495581e-09,2.556643570096738e-97,0.008326941153470853,2.6261137765628366e-22,0.15803380038530362,7.316813129964616e-54,1.454672986773601e-66,1.0719037254633545e-22,1.6872761106008326e-64,2.1024746198002425e-10,0.13614021353829497,9.306009356913537e-47,2.56393048082072e-12,1.195598318120117e-65,1.223282838760865e-71,0.4086252875256306,2.8840413409155046e-214,0.07495641416534839,2.3932408304378634e-17,0.1886669630285778,5.0303608538602396e-33,8.356158239559368e-207,1.083241804592407e-304,0.00035675719748472543,0.0005607245727698506,2.8168154799786136e-114,96980,1.0337216492340107
1.8565750688025096e-70,5.008604842898313e-19,4.1079976935703296e-66,3.910293743304338e-19,7.449604492492435e-15,0.0011370463795815986,9.734860335989629e-17,0.00048227195072184326,9.960397160095055e-81,0.1357374535749239,1.0524783571680226e-29,0.013776846209665211,1.1834810467365009e-14,9.605872536107952e-54,9.532055091531348e-05,2.800084598766219e-28,3.586298740239478e-87,7.977700814995743e-08,6.575070952972505e-53,1.2937085243803523e-15,4.5027519612965994e-303,9.953032735687156e-63,3.840433886157455e-77,1.3463199962672849e-05,3.185264090785771e-26,0.0006160273543393204,1.0427649284831875e-45,7.977599117736839e-99,0.3532136836685478,5.401625281192407e-12,0.23073617385443834,0.026717622198647997,0.23718901556837274,0.0,5.191145081949719e-169,2.85473626379061e-26,6.714457965573398e-143,0.00028499570745261116,2.0265137693781884e-262,88401,1.0337444580630795
7.630851191696326e-68,2.250591411465608e-46,4.040534860395541e-47,3.204172032422128e-15,9.888054153630702e-35,0.02639321841153879,3.903873128565378e-06,1.786909938745077e-07,2.2058727618560276e-64,0.2062694830184177,4.0901310617311806e-05,2.303542065388518e-17,0.12194069797546292,1.2118428620356948e-30,4.937504719432541e-66,8.192920293235128e-06,2.051081817663135e-43,3.259339715734503e-20,2.493493602448385e-45,3.977040391788738e-28,2.891238133358915e-27,0.02142110587280575,4.912298083781281e-96,1.2173686830807601e-05,0.000933309304993489,0.04286074875866124,0.21583854941247935,1.366577831151225e-51,0.10190568461636235,7.823118752219052e-224,0.004359428864492349,0.18018020186463032,9.795716377532216e-14,1.221158848652719e-249,8.2883454510915e-142,2.8987749758106498e-83,9.314528026525577e-115,0.07783222141819078,1.463338603880241e-120,2853,1.033784960378278
1.3873571703526314e-145,4.552803493387751e-13,1.2136445759920607e-92,4.1622063671686334e-12,1.8432441860203605e-155,0.00044320365122247886,0.00011915694218280002,6.400300163273699e-88,2.5625274730413182e-05,1.553671587541299e-08,2.199037950957982e-47,0.3953235507145547,4.3969807758700385e-10,1.8980543935619344e-67,4.8244839309524105e-34,0.0003029932978813735,1.5122681296749174e-44,0.179443651857245,1.261098044920004e-06,9.276659947816837e-85,0.0,3.879939061021766e-122,4.307627312274079e-07,5.733031101687722e-21,9.887721595560493e-61,0.12414759583096639,3.133790850691475e-43,4.743891174151268e-33,0.0938982392184864,0.0,0.0025289425877807136,1.8285971726293088e-16,0.20304160552299266,6.409841930771659e-292,0.0,2.7829497975373773e-258,0.0,0.00043550390320500906,0.00028822335694430294,71143,1.0338648371723738
1.6930214487542901e-77,4.8798114756080984e-36,3.0626824088429317e-09,4.267521550085317e-06,5.974727123828214e-60,0.0008437030366405759,2.4091876280875535e-10,7.365177347131598e-31,3.826191907909237e-62,3.780983746736699e-05,0.017272381523014715,1.0998683447756244e-07,6.282657708581819e-05,3.9720923049877895e-09,1.3473382706530272e-37,0.006702826352671288,2.0288091073133856e-66,1.206848838244542e-05,2.3339392304427166e-09,1.6718109409774359e-31,0.30750323833985765,5.389546935908633e-21,2.1585847716174414e-09,0.3199103254811195,3.645093246354396e-15,0.00043184529948181227,1.0842359595058858e-82,3.4419052461176306e-165,0.2515226241039221,0.0,4.2609455349149744e-09,0.07756744486443874,1.06390739940025e-11,0.0,0.018128512547727852,0.0,1.1976432308265768e-151,2.9904220055375234e-23,8.648360464317505e-25,89552,1.0339843259690404
2.4937479751928855e-23,0.000196382978152328,2.2266039526889414e-50,1.684264394701422e-05,2.1482492658952645e-114,5.544000020117066e-06,8.623357300969617e-13,8.651430141269932e-09,1.848782604206939e-74,1.0065028118744426e-25,0.0032289793545866034,3.4632059526938047e-09,3.2647964676828844e-13,1.4660490925918553e-51,1.0164907358260919e-22,2.759750479561409e-35,1.0283837671127579e-85,3.3641047689125053e-16,0.04449708477749603,7.526230142996227e-06,1.0088475555240106e-284,3.690340177118321e-18,1.5099545521594771e-24,0.3451459918961924,9.211742722156719e-181,5.0577279466542365e-46,0.009961823090767251,2.335662899829582e-26,0.3955949556958794,0.0,0.07781692591491239,4.441996761197257e-05,0.12348350813947812,0.0,3.1810989137432545e-09,2.894410805369355e-59,2.0706638617016053e-291,1.387600938459352e-11,1.3393743859058747e-14,82619,1.0340272049770656
8.443222894778274e-81,7.530594774691864e-05,1.1344682333209482e-178,2.43638877933671e-09,2.4835599975685583e-60,1.045772748197289e-18,0.00031057984361550407,1.1760635437966016e-16,1.5371457873976945e-57,1.0471797714021328e-05,2.3757953363594165e-08,1.0744462465535454e-09,2.8588699696237902e-21,4.662123732756194e-07,8.426958084780284e-21,0.0053965488749548015,5.37593396692658e-28,0.0035197101253640617,1.9533079410968653e-06,1.1513102960192785e-18,6.286315615632154e-174,9.990883436100036e-21,1.6343913118013466e-48,0.4288299285819952,5.39991699883411e-29,0.00962760084511431,3.8900353376963236e-32,1.3189271025833067e-33,0.20737337708839743,0.0,0.1957699632802383,1.7792581406387858e-11,0.1490830416343113,1.7697207998303278e-23,8.861753784850104e-240,4.300853002726097e-149,3.464367833048076e-141,3.0870382566341747e-10,1.024864948766867e-06,59562,1.0341580452668246
1.1734067018554602e-232,4.946847097302255e-53,1.5569955686266613e-07,0.04839735054478338,8.605385200559482e-19,2.244996213521527e-23,8.040834250486237e-69,0.022058489067048725,2.1570356234365837e-100,1.5002626886382653e-11,7.59321166773496e-07,0.309674873182957,0.0050214877382456485,4.73449895719571e-10,3.008107559361761e-27,1.4920537399571893e-10,1.5052733988813787e-69,0.03255626814183281,5.114973423970927e-47,4.831627035433382e-06,2.5121890557461092e-33,2.824377280882777e-19,7.785720900495384e-52,0.11961035176584517,5.750933484402258e-84,2.0203673290171874e-34,4.7373764195189745e-51,1.2418221325854162e-170,0.36223188590962296,0.0,0.04889290659428042,1.225852990558346e-50,0.0514955767177545,2.1176288338534275e-116,1.2e-322,2.3670010726628747e-305,4.139405447167352e-120,9.069244435373075e-10,5.506214528805888e-05,24766,1.03422793156652
0.0,6.562526326912177e-22,2.98811460410858e-166,6.396378311667521e-32,0.5703884971690825,1.8255955368291122e-14,1.1731694384738597e-16,1.4930721897671967e-127,6.213858197471868e-141,1.4586252622969529e-05,4.494158345254868e-12,0.0542966503092067,5.180238119462491e-26,5.816070990609255e-07,4.224494671330696e-11,0.03737855451475416,4.0121092746830233e-19,3.311801088446276e-27,8.79534745140451e-29,1.2191489850380111e-25,1.1965704540599742e-29,5.789859530860928e-21,6.158619129496924e-20,0.09002880277261477,1.6156826717751552e-14,0.10619030225344629,1.2968775421219255e-07,4.559916142202893e-95,0.017391525956974043,0.0,0.0005524766578132745,2.8854233926646153e-09,0.12375788985276731,0.0,7.483726984081844e-163,4.987287253007278e-72,7.092779678370026e-51,3.366792027234391e-11,2.2110637051203687e-93,29538,1.0343294027366219
3.061801428978615e-59,5.272899594270476e-07,5.418175457888808e-112,9.856619934290067e-28,4.462538566944526e-63,0.0020899691594076972,6.506591873634356e-35,5.062180419580766e-10,9.55744192038437e-41,0.0032612947411185854,4.2539803490149105e-12,6.849530680954496e-09,0.11656117595826986,8.720336783085389e-15,4.166123475083792e-29,0.26895805477727475,7.712439168678487e-14,0.005955036204092115,9.487680571007715e-48,1.0828457817238786e-24,6.604099755825823e-08,5.36954129646358e-14,2.6439068517562028e-14,5.59158435547176e-06,4.059268277140163e-22,0.06917173661368425,3.0166264415668785e-35,3.5220701344568195e-54,0.1218609885713802,0.0,0.009654698119609593,3.4798932740083886e-09,0.4024805503058815,0.0,2.1444018863508663e-29,1.6212824815898325e-31,2.1816554386082055e-301,2.997939071359314e-07,8.567574024238771e-26,75533,1.0344928213143283
3.4395271751311314e-289,3.984536142140232e-28,4.118026204420578e-39,5.26834398658436e-11,0.0,1.5756309659183318e-10,2.973818675705052e-58,4.362623918807022e-23,2.4473616207609846e-50,2.054294367909067e-23,2.0087322118785387e-18,2.761478293979183e-16,1.953249537341479e-25,2.0051153290532063e-23,2.1419395067069048e-62,7.766672671420903e-05,7.069380477821163e-60,3.0035956965938604e-05,1.5018547425462131e-06,6.767898407048539e-07,4.9463689679596225e-31,1.087275678216977e-63,2.2261418550359028e-57,9.24557562898121e-08,6.10620669152335e-103,0.5651073747124183,3.7322123897910306e-07,5.2171915872185104e-155,0.09707557386227941,6.160691526391599e-97,0.005031784730696955,0.01807776419966286,0.3145014343323562,2.2134303634262016e-71,2.177377347470369e-239,2.1247261317386137e-127,4.247884968666518e-38,9.572094708064401e-05,9.686879960893934e-131,76495,1.034570474719652
6.161837045535514e-36,1.4910742149062747e-28,7.999570897030932e-119,8.908399366884017e-09,2.8465115936563074e-07,0.04400127632387897,2.712665608210696e-26,1.9551493931634259e-44,1.3955159192485616e-28,0.0009368821053152019,0.024703491226503834,0.09161493870839431,0.009782728865199156,0.4204619312000336,8.470033316821085e-12,3.9642122589632305e-08,3.114900195924098e-24,3.2119049698038176e-06,0.03251332678332462,6.557877289638746e-52,4.5125619285487326e-285,2.6858734182249366e-136,1.466790137626096e-45,8.565148271658069e-13,3.6667069281369325e-35,1.0269109702187602e-05,1.6133959119587701e-09,5.534110723637155e-48,0.07565137291341752,1.4068824661414857e-126,0.04328240600858147,0.05039456713405823,0.20664318172588095,8.253575106644963e-179,2.294452867698203e-107,1.7572237045172877e-26,0.0,8.11663364617713e-08,1.5134637200488607e-94,85101,1.0346441634689372
2.6695958249291424e-100,9.818829267998634e-23,3.722900488891734e-07,5.745430074127741e-10,0.03184487181828489,1.034150344026188e-12,1.024534055901834e-35,1.1582044509494916e-119,1.5725741147170737e-90,1.2944226320753285e-13,0.000386876579194658,0.00047838723773084715,0.00011510289573755333,2.1892208977640848e-32,1.0058408922559372e-13,4.2510656440633345e-39,2.310234493533092e-50,1.1383939897170207e-13,0.0018252983113591478,2.366098482433157e-05,8.010969143202462e-09,1.6019375259985778e-26,1.9121273700671137e-32,4.5275964186466055e-06,3.2257190171410167e-15,3.014540274198013e-08,4.195020399181496e-12,1.5633587166136955e-31,0.21591560753348987,0.0,2.4304731325038146e-05,0.5066568716331762,0.2333887472912933,0.0,5.933232562319733e-47,1.5249462901505886e-12,6.56348335e-316,0.009335332359100711,1.0692901512015e-31,64429,1.034656636355829
7.915159086374738e-36,0.0008749591636940318,1.8128577515191311e-10,1.9921508045697847e-11,4.7036434163654835e-67,2.3132368895090697e-10,5.087767839611058e-10,6.562838394606463e-06,3.464757399336476e-276,5.51434861456646e-12,5.719909854374686e-19,0.0005128563957198696,0.20701985782742674,3.550272005412263e-25,2.5721966064085766e-05,4.7085970021572136e-11,1.491671915176904e-64,8.583175259377253e-11,5.812384092117724e-17,1.603085947956766e-30,4.4454819509765153e-13,7.284076199677393e-24,1.1826969008595647e-31,1.6193198665167698e-12,5.015283181246492e-05,0.00011315898793307208,0.004130175181885784,1.1758927243639091e-22,0.09151315831256979,0.0,0.00040471291266240257,0.45648423348963324,0.2388597932227554,0.0,2.5441826487666007e-09,1.02759914804e-313,4.207869523203744e-132,4.653243462168057e-06,3.338694823379144e-185,49955,1.034681536537187
1.2112228089125826e-106,3.6907680825489364e-10,0.0001345316201892145,4.701918817309746e-14,2.6557607395017265e-14,0.1653394781403028,3.3990909675235245e-33,1.2325607844551527e-44,7.666081016134107e-27,0.09212206621921591,4.526264716808355e-14,3.451019922968622e-23,1.3421281514822044e-05,1.9229834110448682e-75,9.940162230376782e-52,0.401844678612329,1.3335483544741894e-27,1.5731113671998387e-20,2.131292068210102e-13,1.1176383580992887e-09,1.5132524250207299e-164,1.6066468225559137e-75,0.0007344292171524734,3.0506390067344e-10,1.3093055291594413e-75,2.9168027958053577e-07,0.0012566383429493694,3.275726817170792e-24,0.15286353249807236,0.0,2.760911528664192e-07,4.4895172256282587e-10,0.16104594864078225,5.739455239079752e-182,2.2744957417727455e-166,2.180970988587206e-155,3.4490652033687144e-156,0.024644705414996738,3.705603708535162e-33,95179,1.0349122267454027
2.0625881065171327e-22,5.073933302934882e-92,4.223871002103734e-12,1.7684988771278425e-22,2.962613222792055e-17,4.41745327646501e-31,9.515905831186653e-36,2.6657020410037794e-67,1.74464237738958e-06,0.15557529094283712,0.007081250596887685,0.0006926967971956041,1.4297168920590364e-10,1.4467471987646017e-14,5.558113862481262e-27,6.45877804699481e-37,2.6152768867788386e-13,3.338690752313506e-15,5.427605824313915e-38,4.021951030562838e-63,3.025993824613541e-79,1.1300740184836815e-64,1.0715586038803785e-70,2.1574774232887564e-10,6.083356673225301e-133,1.7610762542708576e-38,2.9017308603811774e-21,1.4652237752623074e-10,0.48051037111718553,0.0,0.0013595670240518214,8.091525989047362e-20,0.1163746241780524,0.0,1.258783549906113e-13,0.0,0.0,0.2384044541915414,9.828195918697664e-20,44731,1.0349171267626696
4.6076656712551315e-90,7.094170261973716e-11,5.677538843732219e-32,1.8816477459186486e-104,5.192973489967907e-16,0.0002726478728169617,1.8821491663895068e-35,4.754258471499013e-25,5.976901981656493e-06,4.197425989142877e-06,4.5335915963352386e-39,0.0010593743017923438,2.3473716328764694e-36,8.568858678760103e-18,1.0630010113397461e-28,1.1342119047658705e-06,5.968121197320704e-28,0.0005104040420397687,1.0694951540038239e-51,2.82754475105445e-26,1.5406422544654052e-18,2.1702110957998436e-07,0.0006723533098326703,0.018999118845333333,3.930810241918817e-37,0.12736647183120636,1.0732112907703228e-22,1.9578574299780944e-73,0.05931614028354842,2.9989736831205143e-213,0.5808390293145466,1.271898217646252e-54,0.20985053520315083,0.0,2.1525563911686218e-213,2.325467343737473e-97,2.7153125804364496e-139,0.001102399363805342,7.902431525441308e-191,12861,1.0349656221945023
1.4759721179464186e-111,3.415615721608363e-34,0.0,5.143080875007512e-18,4.015124731376205e-12,8.77996280242227e-41,1.3450927032445495e-35,0.0022474212939225446,3.258026862607923e-14,8.760666531370742e-11,5.438627979809874e-08,0.00032077005068079724,1.1184881225395832e-15,1.350906144338107e-06,1.715145203758389e-21,6.2896543387881e-20,2.5679971569532428e-30,1.6368448142583198e-10,2.067556014815013e-40,0.01027893251546331,2.9108975846284637e-25,6.698350932298039e-23,3.4959091983005775e-43,0.02160283331042248,9.779682571286177e-43,0.00021216694509544918,3.2202931143228265e-37,6.234963484417778e-10,0.726024707794135,2.4315111980694868e-139,0.07039247213879936,2.444546220716984e-10,0.07156294405221626,8.731282829941207e-33,8.363552977964184e-225,0.0,0.0001388868719943562,0.09721745861155534,1.1445615438736263e-275,31942,1.0349766467088162
4.7685928412065887e-244,1.184156944506382e-34,1.310149818709171e-167,4.19068289609002e-13,4.1266502811019096e-26,0.0003114187368475848,1.0691650692367928e-09,1.0420074927401173e-19,1.9604356289966925e-182,0.653581544898586,2.1614021008188671e-10,1.7106500486662402e-10,0.00018994776269999614,4.460977674361398e-17,6.284344215335783e-05,4.797757353709814e-36,8.137191964070909e-14,2.9174962917877066e-06,5.2461010159439106e-12,5.2523080310446316e-11,5.634350970831733e-44,5.7209060191150626e-08,1.4638260889247297e-71,0.0002502990522796515,2.8880871705733764e-08,0.04361994121156962,9.806390730155975e-11,2.07757126445695e-90,0.0951851782576863,0.0,0.10778033347754692,0.0011338189613115564,2.3761794820618512e-17,0.0,0.002486108833212452,1.2328091934026829e-73,1.93e-321,0.0953955601671792,1.4135638760954248e-63,8093,1.0350023981555048
8.218100295024251e-88,1.707171077433831e-05,2.3265165221086242e-42,3.030074799936554e-11,3.440793921678983e-85,1.6876972901042684e-23,7.250540122939384e-15,2.657103879510644e-12,6.353479248388208e-87,4.04910383658754e-06,1.766262793816939e-24,1.7209700106022391e-15,1.0216920221936733e-08,1.1953404526272466e-25,1.3195896999188179e-49,0.012094269464029452,1.7547903357952752e-31,3.750747073507887e-21,2.830740142941345e-10,4.863168973623268e-58,5.758827058642084e-273,2.631772572439681e-05,2.649653920469214e-72,1.4486635033425428e-07,0.0003729708780847462,0.2686622338984908,4.384780355866099e-17,8.961224807829065e-20,0.06226163519773032,0.0,0.006718036935698645,3.4123320728362682e-06,0.3802532991198437,0.0,2.481539050810186e-33,5.942294087646898e-16,0.0,0.26958654823440215,3.1422160574344208e-248,63881,1.035025261415558
3.4551996401755283e-168,3.950371249025806e-25,2.6262267831672287e-194,0.0012976398811030765,1.086632594570929e-82,1.9340301464890776e-06,0.00011019120480769914,1.5460873993572827e-26,1.2261077561151482e-10,0.38856120216595585,0.000753136621958736,0.05206511490147278,0.001445624205197156,0.01734869224513967,1.0367423208032933e-08,2.4662332683037675e-21,0.016911039728981746,2.397661637275219e-08,0.0001027756099562727,3.117229458827867e-16,9.64869765321631e-16,7.429636372327415e-85,4.667387640854503e-28,0.007077779016421339,1.6317613503653204e-10,0.02049182842697796,2.3748580226234493e-43,1.1425048495495645e-125,0.2511774158516317,0.0,0.0004079650647268703,6.589192186955055e-21,0.2374972364002681,0.0,7.269509736188928e-22,7.363412336506726e-281,2.2495115609128474e-207,0.004750390015427063,2.6232357790644584e-26,51208,1.0351321278531063
2.06699e-318,7.758892994694037e-17,5.343017267090345e-37,0.0006111601782709143,1.4757696964279916e-70,5.566947819428759e-14,0.011639914892131764,6.783461496893483e-05,2.0423501712044945e-50,0.2232665390632395,3.9133194599046694e-33,0.3757251938529294,2.932029399489877e-17,6.850857271959135e-21,2.6583794217836036e-36,4.200827669240417e-33,1.402234831164699e-26,0.0034902126804878413,2.1861813268821143e-42,3.1812165277669977e-42,5.349789908364972e-38,2.8394045777097257e-148,3.4160110797864472e-205,0.18104504686720266,1.409147013744086e-18,1.2548002791525817e-57,9.067789543517986e-07,0.0,0.12809105825684597,0.0,0.025381755542509068,0.008619148771561815,0.04206122849998278,0.0,2.0688633483990365e-16,5.358117201837e-25,3.313027351663148e-82,8.590214989281049e-13,1.55389648806266e-95,97175,1.0351596032587316
4.249810167762556e-28,4.7193877421533526e-30,2.2105883717372125e-49,5.320690393017491e-12,1.280340884183126e-14,1.4673204750173105e-13,3.3112421777088495e-13,2.6224948810947505e-14,4.1881106421083305e-18,0.004036007897988245,3.819222192915194e-21,0.3749918176880662,1.2156220513890363e-07,3.1629485104424493e-09,3.087580156633656e-35,4.260226211538243e-11,1.6147397757907943e-47,3.865151929698959e-05,0.0002987788132591314,4.4315996990974504e-16,3.7810210558042926e-11,2.021713489417282e-54,7.160396229188408e-06,0.0002088083262317695,1.59599090361324e-39,0.18111462587785734,9.170636513534594e-54,1.6444672353763485e-13,0.08467730627456918,9.381787450313032e-16,0.03387387865471022,2.2682922408217965e-11,0.32004295919882625,0.0,1.170417403504193e-154,4.928327647448374e-36,2.76559173286814e-129,1.0384921070563017e-09,0.0007098794802209726,49425,1.035189434863482
2.124648367055493e-117,1.9170982197641346e-35,2.739854922132365e-09,7.168902078818233e-48,3.15260519965724e-107,1.0281810002718633e-05,4.5963589484277946e-52,4.3759415503616765e-08,5.7789340594522e-94,1.9324568781274524e-05,7.370179272322135e-19,0.0071891260564227065,3.909373690880301e-06,2.827368659829075e-26,1.1398110863560353e-06,2.040579073160076e-15,1.6071044533544946e-09,2.465227013222538e-07,1.0143746831051938e-16,2.2701326175673907e-86,8.129818111235353e-114,6.614982513650874e-16,4.582485254881216e-84,1.8052405339723024e-09,1.9426980616724756e-09,0.03666148921195715,3.008862110951062e-55,7.056399461309809e-135,0.40595898407448244,0.0,0.24578257021357924,8.610511207100137e-33,0.3043728762100633,1.0191048577960985e-81,3.2836652921686926e-12,3.1664887589572466e-97,5.83655686302707e-165,2.896324435759632e-10,2.5867550490415077e-21,22748,1.0352179677806157
3.605389925148554e-61,8.864344563519431e-13,1.5482210095395002e-68,7.110692800187994e-13,4.056670435727213e-28,9.946251005464253e-19,1.2749692208223434e-06,6.30210844238599e-23,1.629689536649235e-30,4.6000794627501827e-07,7.711049845438569e-33,0.0006626721861033947,0.0048737068950074815,1.5162576279062957e-23,4.825533922311922e-67,0.0005634920360177091,3.9717896170246047e-07,2.2120950924859976e-11,9.858280327365165e-19,4.564343697226042e-21,4.2648201946716624e-124,2.183574701359467e-11,2.551426770561879e-66,0.5089279643895527,1.3251386530975485e-59,2.4174129980018154e-07,3.9762885566758005e-93,1.3734840944211806e-113,0.11898808809245112,1.1522400664591567e-274,0.12065847223642147,0.22545029178117335,0.019872780384415614,3.07165319517441e-147,2.5663761448036234e-152,2.886830791405095e-206,9.341736211603276e-39,9.479403880255916e-30,1.5805587426214398e-07,30742,1.035235346358504
4.039296301593468e-12,2.2801819152840907e-17,1.1376127030903786e-07,1.7159376626732008e-06,3.4176034894599047e-81,3.4936813232838406e-08,9.040736604298913e-07,4.188084893225226e-68,2.6710086627901717e-48,1.202038644405839e-08,3.3349760451824356e-12,7.841568846113883e-07,0.00010663070776749058,0.0005005307993320893,5.030556312647991e-57,1.5616654774345878e-12,4.8220364656307063e-101,9.312792290896644e-13,5.71403381423273e-19,1.9669447098426303e-45,8.996448871530996e-137,4.4084151973649106e-45,3.006351690765458e-128,3.5005821705869616e-15,8.1503320547046e-74,0.4770823476081785,0.006365894651741501,1.6875443502660904e-28,0.40263793622183885,0.0,0.030274800928408594,1.5145342289168414e-05,0.08301074092670314,0.0,0.0,0.0,2.0484855195483183e-235,2.4079171921476204e-06,2.8872946439961885e-25,4416,1.035325466993438
0.00013117967763041246,7.542265178193288e-11,6.985010546012757e-48,1.540528785476173e-14,1.9761382631321638e-108,0.15534576641531606,1.3761880275799715e-52,1.0474067881298497e-27,2.4174079459688597e-100,0.17465112043235664,1.2932553435843135e-08,0.0014214095940088718,8.093997658200084e-12,0.08657474933541658,7.321876495089542e-23,1.778750446159948e-28,4.80173584571265e-12,0.0005765984739472678,6.720462585079852e-33,3.9449679697065114e-25,2.7742237882264553e-42,1.4721153454166855e-62,1.4552440998974494e-54,2.5682573747336407e-05,2.4037520441875946e-19,8.154890318421552e-20,0.145291562977336,1.0579658464966444e-123,0.20367898210855961,0.0,0.044654123206924176,0.1870604853840925,4.814444577993913e-21,4.3581379809598e-310,1.2246318295373518e-56,0.0,4.962192659268418e-128,0.00010763575037665194,0.00048069104940068937,18860,1.0355256942138782
1.0474872807646794e-191,5.161975081616121e-05,5.249159157810432e-64,3.955786879705603e-44,2.0855500727194556e-32,8.053439836154832e-07,9.239780308966388e-05,5.744384426909607e-19,1.076857906628122e-47,0.006301194341225183,0.011109447174007142,1.3170124760505837e-05,3.3530789518565143e-13,1.6503131169288768e-22,1.7634285335076399e-25,6.0378058468457334e-05,2.0932576615152414e-24,0.008783208751076172,0.034534385482700464,1.188851443907011e-27,0.0749862038118727,0.0007105818428702981,1.1459196877941107e-37,0.003919828677663673,1.1243085550001174e-105,5.851665329772361e-12,2.7419978194476285e-20,3.864936459164472e-69,0.02214986581073373,6.116809818472037e-188,0.22328852617851822,0.17724092278903308,0.08829324019399797,6.078933210430042e-178,9.519269849158662e-148,6.644822642424165e-24,3.466198731430418e-221,0.3484642238589961,1.7565354501179883e-169,48287,1.0355683926188988
6.064468492896891e-136,7.83804166042823e-62,2.414466342825929e-48,1.5588988364631957e-25,1.9780631517127024e-27,1.162762155636122e-06,3.182718785807889e-05,9.509221480379706e-20,5.768348582643947e-15,0.009688037995294517,3.852422185124703e-15,0.0003991445148385097,0.46623662215601036,5.610974156155118e-07,1.3150187063971812e-54,2.901078012736314e-08,0.0009160289831130076,3.498584348862717e-06,3.1212276376887815e-11,0.020420604073300676,1.6132655232215362e-62,1.572484214807348e-06,8.95163204629752e-151,0.10147867589424568,5.2884900145008694e-73,1.6951008902092379e-12,0.0002284244801771972,1.6369632130191466e-213,0.24472589129030703,6.690838710319337e-93,0.009316895000521455,2.036383281472201e-08,1.1253964231426352e-14,0.0,0.007072805839029216,4.920404795413175e-163,9.968026620995646e-45,0.13947819824962818,3.1894474975806424e-60,97841,1.035607621079994
1.5294988118484435e-125,0.040851038006869005,1.2836122879135799e-85,0.013764481321955967,5.610997261414621e-16,0.14071559904155598,3.306800042577219e-45,5.487093781124683e-09,1.1568742511344588e-39,2.0248689069697834e-10,4.815896117073181e-17,0.0003661070419919464,0.14263203344288325,3.652260453477887e-15,2.511296533028082e-05,9.23463066312088e-07,1.5167759195349212e-27,0.0025025950724348817,2.2535781992069394e-40,4.624963733366827e-05,2.395079398937238e-51,7.461247494033331e-50,1.6983641995830044e-10,1.06827308243706e-28,6.88150595548289e-79,3.3290694958584418e-12,0.00015477655591614222,5.80185834309366e-64,0.14984671925076223,0.0,0.0020348862909574535,0.4582170623138805,0.04877706979986204,0.0,3.477471059027498e-33,5.294133537648675e-58,5.693478622788758e-274,6.53399324498895e-05,5.075582502102426e-50,47327,1.035637780032727
1.0897024795785771e-51,3.7410133443539733e-11,6.434467074719223e-36,1.708312477591231e-45,2.4438990790103698e-76,0.0019804026312146123,1.750715955736874e-05,1.9464601209275755e-41,4.9079799337291493e-60,5.446635719360919e-05,4.225199249266849e-06,0.020502124272537586,4.284231901574943e-06,9.029214614017419e-24,1.0306915493323735e-25,1.5875025766181464e-09,1.032526794474988e-11,0.00931197716586578,0.00420382104023468,2.128337201316355e-14,6.485637152329376e-119,2.3998252059043385e-72,2.6433246441138536e-08,0.003202641212022605,1.4087660219155525e-109,0.7521555718217685,1.5953590263457512e-12,3.669445400491013e-130,0.04254763307665182,2.7386777949690128e-145,0.07052422076597196,3.7285054860239295e-19,0.09549100564050614,6.555257671439106e-47,2.1708093731465898e-162,4.776788030162384e-50,7.175564649391944e-12,9.134804782557303e-08,3.9953054765043195e-91,70902,1.0356577231829527
2.5814203364721674e-172,1.2493642193411567e-13,1.0220350840953525e-85,1.5901159946770428e-09,2.5330784397131256e-49,3.702493376163063e-19,1.2836474315640431e-05,1.6054622617873735e-26,3.1169777756756536e-63,0.005079176373962059,1.0743643238544682e-67,1.0096472014253651e-13,0.013987383830496334,3.4459571203417534e-21,1.9402292652193907e-12,0.004038183937868529,0.020224083993390762,1.0707218214727883e-17,2.068229082618323e-41,5.9158732901543775e-06,1.4840535736902818e-11,2.1858066312600498e-39,2.8789351093839693e-25,1.4895377327850783e-15,3.5289090338373024e-25,7.605592298558057e-21,6.4898636073023075e-09,2.9612548587776036e-55,0.09144345083993312,1.4472656951643572e-152,0.0006822973304967506,0.134542609762397,0.7299814393390154,5.356960610270894e-112,2.1645737684236685e-147,5.762527248912618e-39,9.073686105293454e-127,2.6141478465178724e-06,1.550247585719442e-21,51895,1.0357738152473615
5.148231558693834e-52,4.8907368525199815e-30,5.397881511102264e-14,1.6613786011679644e-40,0.001851861550596158,7.555005295776158e-49,3.0460017261919314e-05,0.026439841339723016,2.1602055889608028e-151,1.9107032068368208e-11,0.01643669977124852,0.005819893476972059,3.05723973724844e-16,4.7900609855095605e-59,5.859609328161822e-57,0.3880009313154184,2.9852922048537486e-12,4.829916607698266e-11,1.5036506885545425e-15,1.0059510774026147e-09,9.53589715036121e-78,7.849096874859168e-37,3.307139991135645e-32,1.291667380759069e-16,2.2062461563364355e-05,0.0005655584836295693,2.641690630113283e-10,3.4861345838262323e-149,0.14561614166204442,0.0,0.03609539566620807,4.974687788156389e-19,0.2648340702839254,2.088150007521572e-226,4.78234259369228e-150,2.534050484476562e-29,2.2474025827251207e-09,0.11428708038343897,6.787859717166804e-39,24953,1.0357753578858784
2.100169120402978e-51,2.314409483376703e-43,4.392670115431654e-155,5.718678769770036e-06,1.5983322335918972e-53,0.00019286974938399241,8.003336180300879e-30,1.4012725522362739e-05,4.616262650949254e-15,0.0006096066326497887,0.46120837554287,0.03363958500017944,0.077654390669706,2.3007238461676823e-13,4.4507323128566025e-05,0.0016884106002367574,9.507992209355086e-36,1.0198390235271416e-08,0.0041378201059502845,2.1985697620673457e-38,5.792683441317544e-232,2.5929648689746492e-34,4.8394570809945483e-26,4.630974332574345e-06,1.128572582745839e-28,0.04644074933964984,1.7110589714483596e-27,1.2753658272445354e-85,0.28240018087368235,0.0,0.007530544516050853,9.937029165899257e-19,0.08299021159037565,0.0,4.973334705248341e-13,0.0,9.587452221522696e-232,0.0014383754783894452,2.180377944757098e-52,28521,1.0357925953434228
1.8719373087065482e-22,7.078214850523915e-39,3.2562244956491836e-25,0.2257440140195563,7.630972564926867e-15,1.3261787718535845e-05,2.797993947820344e-05,7.987839847408779e-09,5.000737796793054e-06,0.007182346022111165,4.202954994402917e-53,0.068199021301643,0.007798548005649891,7.310511141756963e-16,3.415191444509637e-08,5.609313323233992e-14,3.3291245325209014e-20,6.772836330952766e-13,2.0166433774842942e-05,3.7646972601922686e-08,1.7531258750046732e-90,9.197691796329832e-35,2.6945558770922557e-73,5.031412180324978e-10,0.0008199505313290842,2.3538298422927584e-07,2.9204100669849147e-80,1.510824573624657e-147,0.1093300059488607,0.0,0.09966523884824252,0.00048298100368955984,0.4806213087233084,5.254374210098415e-87,9.814394928020237e-07,3.491117172381792e-05,4.468988352237e-139,5.396841203066185e-05,6.191355533694908e-41,86262,1.0358140676967635
1.5134236406166782e-38,8.366132116485608e-18,2.936791288784833e-07,0.000508875762101838,1.341311804058518e-41,5.968475401330451e-06,1.9408408500361372e-27,7.695828283700597e-12,1.462376801679359e-07,2.372327203446686e-05,6.369393566267216e-07,0.045593320206605455,8.056994505563614e-28,1.1936195032962314e-11,5.7962593276159966e-39,0.0836564636431325,1.4243658558358667e-07,0.027999483577572086,0.06486902554402109,8.707420483071891e-18,2.310451462810372e-124,1.6669112086198905e-38,0.0,0.04999677605497709,7.174622501141766e-18,9.117559129457943e-08,7.737876761928635e-07,5.243792995637155e-16,0.397777374097786,0.0,0.11917977692754081,1.8540827485386383e-09,2.8560483895754355e-27,0.0,0.002497257147738679,1.1603718214789187e-97,6.771059258283261e-52,0.20788986916135474,1.955881455013741e-148,11107,1.035818572933382
1.4174078839641673e-124,1.4638903480163243e-61,4.0185055928524504e-14,2.080086090833592e-48,3.620886617707505e-54,0.49983336897788766,6.072878289969439e-09,6.680262111822469e-34,2.2364050425059083e-50,0.07675843107657068,1.2030464722731363e-09,0.06255421944959592,1.4858016353138688e-16,1.2523039933515135e-05,2.2180481723159133e-51,1.598691606075157e-22,9.503643751513088e-25,2.2640865361998113e-20,1.010257441640524e-06,1.3843998651033546e-11,6.32772003816068e-15,4.723973910783028e-103,3.1900183832054806e-108,6.611261816359531e-05,6.890373531673076e-20,0.010168527216236308,1.2622300080061115e-76,1.9515517538951974e-72,0.10975291608441094,3.75136973242052e-84,0.18302981274217323,6.603644747217945e-12,0.05709412248026155,0.0,1.96584657392739e-176,8.171769943434757e-118,4.206553187734907e-52,0.0007289487609056935,2.187724589005008e-148,64707,1.0358943983198234
3.3989399987608814e-176,4.842176820694295e-24,5.882042078804625e-10,0.00948115003433113,3.6697212244599844e-23,1.8858719038320006e-05,8.09274562968073e-29,3.875324720520462e-77,0.00035056238287633053,0.2315436284331758,4.236389745798307e-12,0.012701399335093644,6.949504614658492e-16,1.083716396660901e-25,1.8501422034090796e-12,4.0410036276309174e-36,2.6178315877909476e-53,0.03543717988513164,0.006903733317403644,1.1199433796907528e-07,1.9214989908075414e-61,8.83041380975488e-40,7.798217164879645e-77,0.15526080703357806,2.482596233206748e-25,9.874950708223427e-11,7.404954864505469e-05,0.0025371587100247485,0.4943656317673556,0.0,1.1411898001236711e-10,2.2761901894028633e-16,0.05131614091757395,0.0,1.4310511499408606e-212,5.026389244544533e-240,1.3579148872299974e-37,9.587114273939092e-06,2.694360646447343e-46,15288,1.0359109131271698
3.8237247666766476e-170,1.6887332821704662e-10,5.132476475291741e-21,9.740448632514659e-17,0.020447898138935217,7.431497378342364e-26,0.08840678364326024,2.361783074627061e-13,1.5778722169090711e-09,0.00019974297354942498,9.505127770248703e-16,0.21574829493779912,8.018264223180877e-17,2.967961404939221e-10,8.584930298456108e-28,2.393534856227988e-06,4.948717862715066e-10,0.22365533124016007,1.7786873252632753e-22,0.011871813876742224,1.3444816728309352e-116,9.321463118108186e-27,1.4409827840004646e-68,0.028491261880821312,1.1153957047679141e-44,2.8353875346588887e-38,0.031314508757190364,1.6453133514217517e-56,0.025340342399349278,0.0,0.0003895493372098745,0.2867636004366207,0.0620241244232936,0.0,6.893961899429811e-178,1.983976163351923e-64,3.94893334061489e-70,0.005344351881561595,1.7962250602146792e-42,36741,1.0361130906875786
7.090453029266578e-222,5.752982417811482e-17,0.0,0.07553252787572962,2.4530535568378544e-14,0.026027497758556364,1.8146801026143833e-25,1.2305437595203673e-12,5.123258796779147e-19,0.12522432403783607,6.43162005631348e-07,0.1818666481569954,3.5770260034821995e-11,2.7086898576606567e-12,1.5029357026422167e-114,0.00391352333815897,1.3340674099868124e-16,0.026567558231480493,2.0441340538196794e-08,5.6759807689432e-10,1.0491792261907492e-33,7.682520960276828e-10,0.2399393942433932,1.050944066282265e-20,5.593160981442608e-09,7.606326444266675e-30,4.558340395117147e-19,8.245799037694244e-196,0.21175597357474213,1.0663618376575462e-108,0.007828919494089986,0.010133211303575633,0.05004122794313923,0.0,2.607892090976732e-52,8.5071135316406985e-224,1.3626751517105867e-123,0.04116852347021113,8.386894579420724e-105,20262,1.036134439364571
5.883424944771764e-125,1.8003656300412105e-05,1.0394808879122956e-37,2.896121411278291e-62,6.19286391970911e-17,4.775675951375428e-06,9.962090384968786e-05,7.749836616391376e-23,1.4274814183541435e-78,1.3463852066584562e-13,0.015243431178705476,5.636188096688062e-12,9.079202842818489e-12,4.298888704459934e-78,1.6998583170268744e-06,2.2829401406675294e-06,3.320504910800737e-14,0.0007167947474684989,7.312606702379471e-19,4.277917688584705e-06,3.105558149852529e-171,8.009250873667274e-14,1.4492920022000556e-50,0.04716455780424323,0.0,0.3367465562574196,1.674411196271639e-11,2.384430961555384e-206,0.31537113146841883,5.219851548844627e-64,0.2605319575201264,8.016336270721646e-13,0.024060457234978558,0.0,2.9313951472985618e-28,4.414412823582012e-255,5.614337327661092e-136,3.445280388259481e-05,5.638178996870391e-61,51701,1.0362009545371853
1.498491913374572e-98,2.1951588545972723e-55,1.1845361747336757e-55,0.15700424536679108,4.251794813369644e-41,3.329034297540021e-19,2.1553311866999655e-43,8.726577010821886e-38,9.407479872377135e-11,5.087915443050972e-08,8.240496791381824e-10,7.036911878887668e-19,9.243900274102003e-20,2.625857590236954e-11,2.795279514921318e-79,4.950225190560286e-16,9.193746200667245e-10,7.118362393066393e-19,5.625657256402332e-19,7.522407391974328e-10,2.6793354541123414e-140,4.238222519848362e-37,1.483009977441527e-75,0.37505736067557444,1.5199728057801457e-14,1.5532676073038543e-08,3.171825414932428e-21,5.868882881023372e-165,0.2586075336649514,0.0,0.1663590524415092,6.93189370618297e-22,0.04297173248660324,0.0,2.4324629010591887e-149,0.0,3.1002888935723214e-98,6.3367260680584276e-09,4.217456210085476e-46,44915,1.0362324849862592
6.34832804843445e-16,7.959018403557718e-10,9.947320951615913e-52,0.00013560140822494764,4.2281275324285357e-32,3.900703485183279e-05,6.539839521422403e-05,6.732665787677532e-25,2.2138506563586053e-79,2.929902344176613e-10,4.871941590358824e-24,8.233993878592841e-07,4.042559122226419e-05,8.377366110438244e-28,8.33573661164008e-33,2.4752285930178503e-06,5.7766669170815625e-12,2.0012127256747113e-14,0.00021590376478026102,0.291810549597711,7.579735995666675e-14,1.2208485181344436e-22,1.3256228981519048e-05,1.3446019547032265e-20,0.10540952145617785,0.03298367203413821,2.1096696008624074e-72,1.889852427060482e-71,0.11873682417430217,0.0,0.00264103631852974,7.963805743254838e-22,0.4479051533426572,0.0,1.5585073134090887e-74,4.7951547667383195e-15,2.795135887056052e-62,3.509304577785667e-07,3.4797262274718708e-248,21714,1.0362721901413057
1.5904163764965283e-82,0.0001016074567579098,1.0675512678559527e-36,1.6784832354109465e-44,8.106426490784304e-94,4.4191954499288573e-16,2.6892553625515272e-11,4.4627147438559246e-07,2.3830988718605134e-32,4.364098808478637e-27,5.230908417460888e-28,0.07184443452367599,1.7024916792802047e-15,1.5778700323990912e-11,2.7756957323568534e-21,7.28850931698554e-07,6.823669700424407e-66,1.5984593228194426e-13,1.218280987285211e-06,2.301692989821522e-58,2.933391393953016e-89,1.457459522026781e-47,9.421799390994312e-11,0.016059444971663936,1.3903552235541914e-38,8.506951941543356e-29,4.9568231106777995e-107,2.6913502455037935e-80,0.03468935119383828,0.0,0.6185913029366685,0.012985682110964496,0.08285106497402196,3.5824017490186286e-127,2.2742619239167692e-66,2.3947543231728415e-144,3.7558702275331824e-105,0.1628747182919642,4.522716889048231e-32,98920,1.0362787836799945
5.20987107551911e-49,5.933742890813707e-31,1.954876696768106e-58,3.674670190153192e-05,1.693247182957084e-17,1.6795966985103303e-18,4.0987114971804685e-12,1.145319751334096e-06,1.5768147184488694e-28,1.7773980412671921e-09,1.063478567691963e-12,0.030066095330585234,2.0447373787585307e-06,1.1908279601491233e-37,4.1695989968711065e-05,3.849398644596342e-37,1.1482921331194378e-78,0.0068061226463065885,4.8444584240499835e-42,0.0583609081477253,2.4983409288583776e-36,9.709055017097308e-16,2.567454957203406e-99,0.0025768325182254507,2.397429924822584e-14,0.007813256944202674,0.000246741945843981,4.2090082245318706e-30,0.1496016432890075,0.0,0.227727566917209,4.866608040941667e-07,0.5166825059952481,0.0,3.985716581886548e-55,3.2804580419874565e-184,3.3507775771350643e-15,3.510327140451221e-05,1.1018018487423409e-06,84344,1.036295777587637
2.8487321535275506e-29,1.093090711324561e-08,2.253433691139912e-97,0.005392851478578216,3.334783018068486e-71,6.288651229824832e-11,1.1582606247034248e-20,0.0007497211926940614,1.3167039889132833e-131,0.4247156062391074,0.00012551296192049764,0.36253119930670535,3.1428196786204456e-24,7.938905786940189e-05,4.775282249338864e-67,0.001255094736841153,2.224756932750543e-97,4.139894754258283e-11,0.014655555073592898,1.9764918306290787e-07,2.607094783589841e-12,0.00011686199356925193,1.5535032709411946e-35,1.6112196666472775e-06,9.035137356717277e-37,1.2139152463829076e-15,6.31056962733005e-135,4.290472655874114e-26,0.10521048645411936,6.598288012018457e-36,0.0010405771559416474,5.245396776933174e-05,0.0840728704746408,2.1227699563666666e-242,1.015071674886518e-48,0.0,5.076640063797307e-105,4.370959802426068e-20,1.2030427527068906e-48,85496,1.0363585231930352
1.2382948276578924e-09,3.703712474277952e-189,4.582878087214681e-43,0.002473920912971573,1.2653987639765215e-19,0.09811256865818187,8.489006711532826e-59,1.5133949433467973e-06,8.315054830515283e-34,0.00209960360734216,5.487317296239391e-61,2.2645337990373344e-09,0.0036986740565758034,1.3311128427211203e-10,8.805256671982202e-33,1.782056419098778e-14,2.8090736201509245e-36,0.1296534719403028,6.05369809480396e-88,9.22534492533178e-32,6.054347897747843e-88,5.246524318105211e-61,2.0042514986588296e-37,0.009482284963283356,7.870457611626383e-47,0.05108317479115675,2.9030210861441494e-13,1.398398183380165e-172,0.22605024019681047,0.0,0.003414668169090761,0.0006307690112103064,0.4732991066618818,1.1161715799258443e-191,5.213457994394251e-210,1.3067980205129782e-67,3.493319074219887e-150,9.45792145441647e-16,3.4669886058617186e-49,98888,1.0364339691490043
5.758210231360657e-147,1.6405281649954844e-18,7.050242602636817e-05,3.629739015317514e-85,5.045319411771357e-26,1.224685353523888e-12,6.7069775223502174e-15,4.542319003235508e-23,6.201570052618609e-51,0.2285630152852532,2.2838336615869467e-18,0.3748056955960852,4.030585333641838e-15,1.4312870960190214e-12,1.802171124127256e-23,1.0730531011587438e-05,5.489753773863891e-08,2.7313547149653427e-07,4.2355419528751353e-13,7.766823995078255e-13,0.0031886972107436798,4.4115460345863985e-09,9.455870293745606e-78,6.965479910620265e-11,2.264364721034253e-50,1.9730168652689514e-25,8.327900479346417e-58,1.8633249320790394e-21,0.10287816340470061,0.0,0.0016698111679495288,3.647218532138534e-24,0.2888130518600822,0.0,2.3084046424328276e-114,1.268671276934145e-165,0.0,7.049569200040327e-14,4.675982748184109e-49,7339,1.0364950526672472
1.552976236836892e-60,0.061031213553285626,1.02432455708815e-10,0.01931357794501952,0.00043887133339405495,3.4707829431507957e-19,2.431675391847385e-40,1.4999141775618935e-47,7.030862830435358e-91,0.0048727554534411565,2.538654741142924e-31,1.143344389530661e-12,0.0015263458633012522,3.457272207071346e-14,0.00034666339597733614,0.003635391031951872,2.660449483614945e-29,3.9366617589408596e-08,0.003332683611197798,7.7459320064497e-07,6.610554186457751e-185,8.805659599048099e-21,4.7275041000472505e-160,0.3205247394935072,2.974349974532464e-69,0.05093586157001253,8.208613053137391e-19,1.36045497929533e-31,0.17153346588399526,4.453402930275169e-118,0.3126576326477379,0.04911632349854292,4.591524976471086e-28,0.0,2.9737937136574664e-123,6.93641225641839e-98,3.164755870814995e-266,1.116360785149701e-08,0.0007336494915990641,20423,1.0365171365844574
2.0125559216935637e-65,0.01766283331960485,2.012646322077678e-22,6.088736917097753e-11,8.261970037529969e-40,1.9863565894449694e-23,1.5415359207030482e-09,2.742005062974049e-16,0.00013269450966840607,0.14520691721646528,1.124418563578635e-05,0.0012018356235528338,7.700147377609762e-19,0.003088950263128004,0.0020278764731844535,5.6289856275350364e-05,1.1222553431595363e-07,0.014055915081609529,0.03406360171796542,1.1041799383216135e-22,1.279753572733513e-66,1.2171024616067346e-34,4.523431803427968e-89,0.06956848667384266,9.58349633142689e-16,7.42205933916234e-17,5.079460880078917e-16,1.2651116386615227e-140,0.09182146678810439,0.0,0.5071670864085946,0.10390936481403708,6.7401100799494495e-46,0.0,3.2726636709708403e-104,1.1849087189733049e-25,4.5813628512178254e-08,0.010025277426743449,6.186707337966415e-100,16339,1.0365488306820354
9.283562393458684e-68,1.2149153262381885e-19,1.1325970124266258e-82,1.9230231770573223e-11,6.218289351592206e-15,1.8733162047068721e-37,8.56904096067897e-94,1.0057083350010604e-29,4.8958745515868723e-39,1.2930621057285344e-07,8.207016786666042e-21,1.692629574803607e-09,5.513627819046395e-20,5.062845908978232e-06,2.0378090586464368e-35,7.017692412670257e-21,1.136087664822843e-29,0.0001294302326230329,3.830458357194285e-05,1.4611489917194572e-37,8.304535460411586e-44,7.58941717852215e-07,5.5556218818480735e-71,5.397394380723751e-16,2.7460861751522106e-92,0.18603282939184215,0.008138640551018561,2.916661298923588e-106,0.2698609113071771,1.8565985741217533e-147,0.009046318992970738,5.262662370176373e-15,0.5257436204724549,1.007713826768305e-306,0.0,1.7301057557500537e-38,8.12268136447545e-45,0.0010039916626322577,3.291821136674462e-24,63107,1.0365595669926726
2.5012180540842365e-26,0.0004023455381151535,3.648020242876983e-39,9.348926385052723e-06,1.3436377252765968e-31,5.998977504709575e-07,0.0009137511036646933,0.00840843346568828,6.842781577878885e-40,0.0037066051140788557,2.4047193207138226e-27,0.002013270546338805,0.0009911696298883742,1.2048078299527417e-33,2.980740936376872e-63,7.115766083385671e-05,8.825841590585355e-88,2.2612256535884572e-05,1.7558092090190732e-17,4.608803125381656e-70,3.961755911657281e-06,5.863508485114545e-26,2.333422156991122e-35,0.008476997002776496,3.017399886277202e-61,0.6880637728348853,0.0005775258317390507,5.1507411804734476e-67,0.19770281672590184,0.0,0.00027805298764152964,0.00034565196182265254,0.08801192675155595,7.354255374410439e-12,1.0724708360798813e-160,2.1216108830252464e-70,2.9076e-320,1.1316149516480256e-12,2.5835058224383713e-16,28996,1.0366020222978531
3.45546604871239e-49,1.5762341082925164e-14,8.549757864143689e-41,8.767120036126809e-05,5.6281572725547854e-89,0.24953930705619998,8.899083068801104e-40,2.4058735952737196e-82,2.5328027654908934e-11,0.0024593500857350414,0.07381236505909314,0.030628581611750305,2.8649497537621325e-11,0.0006134802417121584,1.6717058345922026e-53,6.890977122615276e-12,6.189523171875912e-60,9.62077915298175e-10,5.467989384020251e-12,9.260094569772693e-05,3.8218482048901773e-90,1.4896160603320138e-12,1.4381450644143992e-26,3.805883724774412e-21,1.3750857366870399e-95,7.5162545971095735e-19,2.11498427791221e-18,8.642987279425147e-75,0.11074728112054875,5.368265257399825e-275,1.8515946964980316e-07,2.822694109932631e-41,0.3861880339098648,1.2892202272297815e-101,1.7472017184105854e-146,3.3480823245954107e-273,6.743367127038793e-124,0.14583015080049652,9.917791508651194e-07,93868,1.0366504290928895
2.160026938363435e-87,0.00017891449471640135,7.151257018359865e-143,1.1637432304929236e-37,1.868942006770584e-57,3.2728390883154174e-12,5.101756862814587e-09,7.390358628229058e-05,1.5902697764504797e-09,0.674623910816296,2.411593701909104e-38,0.12190678981006077,1.7677746219617744e-30,1.942803494295454e-32,3.610377868294285e-45,0.03285830739044776,1.0613798857133082e-40,1.9862403122229072e-10,2.829885437059693e-10,1.880990759117928e-35,2.2242602232121702e-10,1.385544887927607e-15,6.426051314451495e-165,0.0015583768460339822,1.399667147201901e-44,3.4970091402441773e-07,3.8245610676097444e-56,6.139572281316982e-52,0.062084006025482585,3.257377616115974e-227,0.02489222809714013,1.1028761909717905e-23,0.08182248253201521,1.1903302167852802e-34,1.7064101853057156e-190,8.106469315913834e-92,1.2634613174067907e-291,7.233012712642728e-07,5.720554405249571e-66,71815,1.0366626158247056
4.793472293222734e-10,1.2123494085780659e-08,3.4281856113014754e-69,2.7797484410420968e-56,0.20546250013044406,5.252950789240369e-17,1.3229952967730393e-07,5.396506210245952e-13,2.148477377472297e-12,3.6863644256151664e-19,3.2624176527143873e-69,5.929159512409281e-08,0.10431433796107649,5.40931561265015e-41,6.174370759652862e-97,1.910222315707579e-13,8.627575840168693e-48,3.0344248966337078e-18,9.813458222304181e-15,5.249138622520374e-50,5.472987912760492e-97,5.943093088653199e-10,8.212978878816955e-71,0.0005298473425566126,4.964417629548521e-42,1.848640095393209e-07,2.0673886142252256e-22,5.628165930088058e-286,0.3075688072055981,1.8986618328375968e-49,0.12120666947096459,9.485056949727345e-16,0.21482641665139035,2.0444041489323227e-209,4.418341257620893e-198,2.3256973771213287e-151,0.0,0.046091031582794914,2.9653270575363844e-116,8509,1.0367483362892238
0.0,2.8054511121969654e-26,8.883598563303763e-203,3.667817328976534e-91,1.7009308808615323e-42,5.899185459898914e-19,1.0951906182029633e-37,1.9049777751303025e-89,1.4942510083426945e-85,0.00013357739751754827,5.999061003419523e-10,5.460110198773396e-07,0.0010253289258522784,4.802377824484735e-32,4.750122320837477e-23,4.721476522140278e-13,3.3439697792430055e-72,3.0680665633289296e-05,1.7665941072388677e-15,0.0026970658543408214,3.045328556248854e-24,7.107550168094803e-26,5.017746976567896e-10,7.816414288879099e-05,1.5900363977633378e-64,0.375347961686886,2.7420596719223037e-11,1.1799032050551048e-108,0.09661001001941195,0.0,0.4707774520466689,9.140040467415614e-07,0.05329569755415574,0.0,2.0197757618158027e-72,7.978583470309456e-55,3.400140641316781e-14,2.600561968886249e-06,5.031488865366469e-60,75903,1.0367715027567737
0.001144861649171093,2.4946489968304683e-08,5.896355703408074e-129,3.132377894051359e-05,1.6875537027225562e-191,2.674238622386899e-10,7.201445458147326e-34,5.880696097500917e-50,5.165569416516338e-10,0.7412048765991254,8.205469254530468e-06,8.695659738840277e-11,1.2295108985737164e-31,1.0570982795173489e-17,6.999817569075634e-31,2.68879573243536e-18,1.2573273156343658e-85,2.2963006825339387e-06,0.002448061072883179,1.820450801567403e-10,2.469355724195267e-17,2.8022800842176133e-28,2.880434253728728e-23,0.03861396448701756,2.6939788064118646e-71,1.5797408226551158e-12,8.922372487273714e-09,2.7811262474282442e-283,0.05258474403870625,0.0,0.001506585355807324,6.777471874057898e-05,0.14021805742544374,2.3353877095377377e-231,0.0,8.106700618588796e-180,1.0439363161802741e-101,0.02216921418080251,9.577118318264107e-169,97699,1.0367727453946
2.189138470597599e-74,1.567312140476654e-05,1.6285693160300067e-27,1.523313708712528e-23,3.909905569076476e-09,1.1792012915975827e-16,6.159235790649013e-45,1.172282786497893e-22,3.584858290911504e-58,0.028053420554758634,3.137517083557332e-15,2.0616202626423985e-05,2.6173816853946517e-12,5.285829753021913e-27,1.273769439343587e-78,2.7426381238211523e-39,2.68579777646088e-33,1.1435923292478922e-17,5.2648635031021944e-14,0.009293768728255995,0.0,0.0019078885066766119,8.914772856383279e-22,3.573936717893242e-29,1.107904437873292e-140,2.570438242193305e-08,0.043267248154748666,1.475372535425236e-37,0.28018186184525073,0.0,7.999136152156352e-10,3.44181324251978e-52,0.6368933282315423,1.5973859474414888e-76,0.0,9.300977936337244e-105,3.229161998296536e-55,0.00036616423786100144,1.7223173682838623e-80,88878,1.0367746488210696
1.2913731349908337e-35,6.472807129414662e-13,2.2452748539068637e-46,2.8440895917581495e-17,2.6537494663548788e-14,1.924328704385166e-34,1.1218429008389225e-07,2.3025008209613122e-45,3.2735290282004616e-56,0.030449943132962422,1.7132131659354873e-24,1.5245597389371315e-06,2.5782733123670532e-21,1.6678104177832218e-31,2.4789878487369216e-60,0.00011320600184135556,0.025485187621588287,0.034186515074098804,1.0355137045949652e-31,3.3382339441710884e-27,1.2771782936439588e-178,1.3614876958418964e-110,2.684047582449472e-13,2.3199956953168662e-42,3.6228128023141146e-65,0.09712970009371663,6.032209498514397e-11,1.8148533118609906e-05,0.047975538391713216,0.0,0.4265965568827113,0.001292966481635788,0.3275198134990309,0.0,1.6405429187168778e-137,9.74784550399525e-171,1.9265022530828615e-88,0.009230787482289308,1.1697433937078554e-32,6634,1.0367798855700294
4.17557641112768e-184,0.0019123360246778892,7.709734609465855e-29,1.4579901049021103e-07,1.7384613920641749e-60,3.5608522331173067e-07,1.828143304142572e-17,1.2905302501183118e-09,3.243027580956106e-79,8.239959022263502e-07,0.0011272306023250131,0.00037661888076481916,5.190376665688001e-06,7.6798279885921965e-28,3.510526342125679e-56,1.161253992387777e-13,4.1457405495459203e-72,3.130460463662077e-05,6.910523554143995e-15,2.34094761212831e-10,1.83163613082302e-158,3.8447512293374367e-10,3.286757356931355e-35,2.4336809302976472e-08,5.119982132051491e-62,0.1512949318200973,2.842636354060818e-69,4.6106546908923125e-104,0.5112684862278621,8.855195317392473e-27,1.0936762289944057e-11,2.5393194442861686e-11,0.3339824780929047,0.0,1.6764644315515046e-109,4.153495053948918e-36,0.0,7.12075674732869e-08,5.310328331232542e-23,82473,1.0368604367917251
0.0,1.8301936608278938e-07,1.216786782489269e-46,2.490745646307755e-07,1.4262675820757565e-36,9.016920013402521e-54,8.797817375874337e-19,4.565872634622411e-21,2.2005944306786908e-82,0.6411869736513427,1.460993548743591e-34,2.351008339447493e-07,6.613534544608248e-22,5.197634792638944e-12,1.4653892538407517e-12,1.077716364583694e-17,6.982023059925539e-43,1.95281792014822e-07,1.431782017446152e-10,0.0011789600265811537,1.4280384716175016e-13,5.803764701776056e-38,1.1785042547285475e-130,0.04464068342325562,2.258656842952243e-63,4.844878950972466e-13,2.5826445983556926e-13,1.3105353769037187e-126,0.2483309895990692,0.0,0.00023654950063987305,4.8422397866369224e-36,0.06442497885908084,0.0,3.773397366588128e-43,6.5156939087971034e-37,2.8361383395479858e-204,2.310947832836802e-09,1.7991136843494755e-12,85337,1.0368628872436454
6.929467749611505e-13,3.266138546603798e-31,1.0432814569267916e-106,5.104507944090953e-33,9.031169580273813e-103,6.411482467388255e-47,6.448201251881587e-51,8.54580623768075e-23,1.3421254452437196e-28,0.0033211786216886746,0.010612903336896382,3.848875674922819e-22,9.42066484426819e-16,1.7640797405321167e-30,1.5805858704639947e-88,2.8765491657735693e-07,5.237045251982966e-41,0.03310047789009664,2.2947202925065558e-14,1.0426885517773916e-43,1.881316814173076e-05,4.209909012752959e-98,1.140338813667457e-06,2.5934236884587306e-06,2.3716138613907845e-88,1.0250385007395837e-10,1.4396395855565886e-118,8.311521820816952e-263,0.3863678892306646,0.0,0.18010772769462063,5.052863588707262e-35,0.0771991536526641,0.0,2.3036592883254786e-78,0.0,6.695709870267771e-67,0.3092678348845878,8.668929053848094e-75,65623,1.0368672435501927
0.027412600273386566,2.1417211219758177e-05,3.0728186894572547e-52,1.1359684035299634e-06,2.751467432352557e-12,5.77411949179734e-09,1.4617397213986654e-21,4.0270964980753e-15,2.7057613670551736e-24,0.03345696289974239,8.573684363835625e-35,0.011504432407402777,2.8429107226615453e-17,4.228093820179464e-57,0.004237206913370384,1.0266903498960613e-22,1.3666428970166192e-25,0.1882363113633627,0.521141618672409,1.834685582317879e-06,1.869791586525076e-47,2.8493254424189517e-22,9.763900822529237e-81,3.4376834035141997e-07,7.392388632087954e-15,5.341030164729342e-05,7.408320039956869e-13,2.6410369983349037e-127,0.1404040201308261,0.0,0.004895013560275812,0.022339918996529963,0.04629140704737582,0.0,1.448829994465391e-164,7.534237845716885e-34,2.405975665227694e-45,2.3600225019374622e-06,2.6031366041543904e-31,54919,1.036881631810501
1.0578324304348295e-45,0.0035285415268910742,9.349620114673238e-49,2.816809447674644e-08,8.037876507223151e-81,2.893429383274174e-07,7.613278072859409e-20,0.0015018758671216648,4.241064612937243e-60,1.989489463587873e-11,5.551973594852251e-13,0.012106101700097648,0.020444953951296262,0.05998948872477916,1.1949590609866286e-13,8.384915313208762e-54,1.0224817323132207e-07,0.0005894828848390114,1.3321716920224037e-14,1.0171171561578311e-20,1.395414399174394e-40,7.213423793813252e-46,5.830361603776543e-09,1.20880606155452e-05,1.0092121329618475e-46,2.485952854601481e-06,1.2843309357195422e-27,3.656258699369775e-45,0.2931183805926232,0.0,0.17460891082740368,0.39064450582962945,0.041963134121715116,0.0,3.997720655576591e-103,1.2322072733028065e-107,7.030269547638908e-173,0.001489624349982902,4.0102243890951144e-51,23754,1.0368817854505803
2.983505070284701e-08,5.732441394194793e-14,2.885652819482769e-50,0.04718341049067151,1.6672316324116888e-17,0.002918081612714251,1.3251338796984163e-26,0.011740121442130732,2.493954409672488e-50,0.03656375310088302,1.6963454115711404e-05,1.3462570728586207e-08,1.6612235855625476e-11,3.4575871725008723e-32,2.2611631487862845e-22,5.187007544702548e-08,3.9457439975835286e-22,4.556569726505587e-08,9.3114244159347e-10,0.017024736871018208,1.6079281179897283e-78,2.7487657013791066e-106,2.8499275073729353e-18,5.551197976786957e-14,2.322756299826562e-84,0.0019691393963405953,0.02281312901880331,1.460575831526659e-70,0.6524010596131985,3.576679776231959e-285,0.007845207066085751,0.005381004663345547,0.19413451832404263,8.726740498397639e-98,8.144923273730643e-146,3.559218530365808e-64,3.4772169821895947e-26,7.204096327224946e-12,8.733258184476712e-06,17362,1.0368961286114031
1.0922665031789077e-176,0.0005022299479469694,2.9468883929680825e-11,1.5642761221322135e-07,3.641985829614855e-47,0.00018390318008964688,3.1272966662742925e-49,1.9217768037287199e-10,6.956348795880729e-08,0.23956266229706355,7.865562750632768e-16,0.031969485012343896,6.08633055319472e-15,3.9039694131836445e-63,3.338075931134953e-10,0.00546819350592619,0.005972629949257522,1.3671535078317415e-15,0.011653693882791348,1.688188202415071e-14,2.311080578600388e-29,2.101186221966561e-14,7.388163090983989e-38,0.0019110198698231934,8.021537999548716e-18,1.2491869837962632e-07,1.7945418279388408e-31,6.286482256371148e-153,0.15593326371062513,1.5040144517299378e-83,0.015719584088051675,1.2335336908065207e-22,0.531122959895457,0.0,1.2187710181843952e-13,5.343377967681098e-09,2.977477495964001e-65,1.785182507291876e-08,1.6954315593154384e-102,2141,1.0369797232001696
5.9956843217663296e-121,1.3191623785298727e-09,7.468093324764821e-38,0.0003928854908685462,4.6480805386324945e-76,8.990554497574525e-22,4.967325518594696e-17,1.647452459283442e-36,1.6082527808935444e-134,2.662320075612617e-31,1.3615945082347003e-65,2.4662316492574744e-05,4.3898935635143226e-08,0.0010545140631153592,3.153906871959016e-33,2.748323876210587e-21,6.000470775077474e-38,1.3545638501848315e-19,3.614859590606121e-21,8.320084440222557e-05,7.527294601882771e-70,3.212146000116856e-29,2.2804984797754915e-73,5.21395212917041e-05,4.811535560495147e-17,0.14857278359041834,5.783580771910418e-24,4.167723752924481e-58,0.08524425898278058,0.0,0.6807423756606246,1.0485128592897786e-05,0.08382264874211302,0.0,3.7000790571001417e-29,7.491412003186686e-67,5.0772065321631454e-20,4.412023788879988e-10,1.3120926400031866e-116,39568,1.0369801238206935
0.0,0.002902501461323984,2.905954506660062e-106,8.046682030733373e-21,3.6300985625314107e-31,3.684420149008869e-07,1.506752542036941e-12,2.1156273547853007e-13,1.0721391316970276e-94,1.4696321337198291e-05,2.6132023877913084e-25,1.2318427541952935e-06,3.7045751829250975e-32,0.23082014261664352,1.787788131474017e-05,1.111796945097488e-34,3.827136908502567e-08,1.0091650157311174e-08,2.8151743709773534e-07,4.282378688388743e-92,0.021662385324210557,1.6655438140990916e-07,9.551206720540834e-89,0.411284571863852,8.498780272227747e-12,0.05982017733026939,2.5225369581368367e-15,1.0829637015184088e-22,0.03142272700505175,1.9486419131693356e-200,0.013472919081607132,0.00018022409367775288,0.2283996764105743,0.0,1.860830999793378e-139,3.3459541729953114e-21,9.898022542762049e-104,3.880311128604441e-09,3.968651885771505e-54,58510,1.036987195124154
2.514456048256937e-261,0.13603672668739178,8.082192433398966e-10,1.4047475971750423e-44,4.31093681321069e-216,1.6867356291614275e-08,3.7534022015650578e-87,0.006024841902411935,0.045931861637300085,0.19385840679953162,2.7407693621339427e-40,2.3949655184238965e-07,4.3341280237941e-06,2.2473565095738976e-13,7.053683335548447e-43,6.00334331278273e-14,0.003248915058687336,6.664677413071587e-06,4.661159763042993e-11,4.808673852455121e-26,2.8165921954561223e-05,1.796227820963088e-15,3.8986140857405414e-153,0.09244106835576069,1.9561820770470814e-09,4.712331936140839e-06,2.3935072378495643e-51,0.22430192386179443,0.03869138951558531,0.0,0.0368305282889445,1.566805445954581e-13,0.22257660809527313,4.73785254837072e-16,1.3588044834959993e-05,3.490863024218152e-55,1.5636260169671717e-25,5.517274641028654e-09,5.172415103503603e-13,50636,1.0370067551683806
6.169407300314028e-101,4.273746614748328e-39,2.2989341853450602e-69,2.4658660794477373e-07,8.249999806194824e-37,1.4274740636723765e-18,1.8949677602333252e-08,1.1121178439925262e-31,7.475965224968417e-107,5.751412255551589e-05,1.923940402255144e-33,0.01037337600840148,2.5886974244463207e-12,6.693914170986628e-19,1.254141664213581e-08,0.0004202538773244113,8.387044083380997e-30,1.1331175791604533e-13,6.632412144078345e-05,0.2658848952037833,2.4822638406892476e-132,3.837742056290011e-70,2.6112499547626685e-193,1.2730454369279009e-10,1.3066759278944591e-63,3.204885187135123e-49,5.033715378241861e-17,0.002980129414987898,0.5231199467956223,0.0,0.07477309426990353,2.7707516889573337e-15,0.12230667200987172,3.1053446705030466e-80,4.0138535981418084e-26,4.880849810010019e-276,9.372143243329338e-40,1.7515968397422765e-05,9.148252406461895e-118,11758,1.0370254083208847
1.198214060370972e-50,3.535752165752531e-45,1.7767968777985626e-31,5.5069017928191034e-05,6.742675556007491e-08,0.00012030320916028343,4.101988270079634e-69,1.3691501651120403e-78,1.4617246157930747e-70,1.154532262973564e-06,1.147420333746316e-27,0.05684088894295927,3.4377966352487722e-15,1.1605084173031389e-10,1.9139243066379346e-16,4.545077933238887e-11,1.6635900935518145e-58,7.07939575923552e-07,6.3145017817612456e-15,4.839038319802988e-50,5.206738450469534e-37,0.0125454882964152,1.2409244274609793e-99,0.0997924391885871,1.6992617211307046e-05,0.004459303748794045,0.4935360883411711,1.8872464418666127e-120,0.2283845980988274,0.0,0.10043019263549452,3.96164040429902e-49,0.003815790204902385,0.0,1.415407942713182e-17,0.0,4.2158198156554744e-65,9.156384433296079e-07,2.5643117963031813e-96,6658,1.0370753457029025
5.099657508642692e-12,0.00018074472809808355,1.5440515454388575e-21,7.401284838929607e-23,4.666266734103034e-48,1.2513000056622989e-05,2.90879790955202e-32,1.4911145513572802e-22,8.829842981263937e-182,2.037705915198604e-05,5.2068760030499524e-06,0.00106441417877284,0.057500565137454315,8.319479965458031e-07,6.087860533922175e-07,0.01787900314240484,3.661399918231915e-46,0.0048657674919387285,5.1491224257079674e-08,1.3419764802051717e-08,1.1091036083877594e-09,6.885495562641123e-45,7.806796754188514e-57,7.745095463035586e-08,9.789508104432268e-28,0.009407512989370603,0.05205714538476357,6.501968525520876e-80,0.041024670044266145,0.0,0.4001049776018305,1.0401567862295055e-10,0.4158279933970049,0.0,1.1195274340275302e-136,1.1050992314195414e-246,4.7482633668628085e-05,4.2021002775564235e-08,1.8926659754092726e-31,6877,1.037080077534863
0.0,5.752840584643217e-44,1.801167938954073e-33,2.484325157660939e-29,1.604469222825372e-80,2.9675924954542978e-40,5.97895600575976e-26,5.227143065919491e-13,8.042830176696651e-61,0.5419095047750714,5.796175944973798e-22,0.20727316117380973,3.22081175041592e-16,1.121332600408072e-06,1.3102122341187827e-26,2.017353154370273e-11,3.573015079347684e-08,1.6984326153156765e-22,1.8587557873919068e-37,2.4210773760343524e-08,2.0110644517942088e-51,4.248506655982284e-09,2.237651350832841e-161,0.01697476652813678,2.6466774371079725e-26,1.5773539826831787e-14,0.07034986012067557,8.031038187100819e-44,0.08771708091827977,0.0,0.04040071962818413,4.398901705537263e-27,0.035348069852534296,0.0,9.662801650012542e-118,1.0403421040898567e-38,2.7905376118338175e-37,2.565146056474177e-05,5.726823925762115e-104,63120,1.0371811863053204
2.0429888810475846e-119,4.87101894931892e-21,3.0022383237471615e-37,8.479817668628484e-23,3.362302597775094e-146,1.8232252706881885e-08,2.6771007414443868e-08,8.336638543783225e-20,2.1269400658741928e-27,0.20972495678681732,1.697727643927452e-44,0.00781560493187129,1.0596162054351178e-16,2.444628217664025e-07,2.188564000796726e-231,1.9309475696955484e-07,2.217701778748626e-11,3.082086000817857e-06,0.3661476229398809,8.569004283476376e-05,4.911279797209053e-161,5.71647801904071e-17,2.9627282971964525e-79,9.633028424357434e-05,1.2481781817563056e-19,4.864934003095536e-07,1.234182210609791e-30,6.500980808745203e-240,0.10384829708760619,0.0,1.942245596851834e-09,2.7226734423786896e-17,0.3122774448220831,2.004177267492893e-28,4.236158465545564e-108,1.2906005530067198e-144,4.4070598021226205e-201,8.505717201278674e-19,1.1997924086602295e-136,83214,1.0372143173850839
3.1311607814172465e-09,3.981640370095246e-08,3.30215838134549e-34,0.0001285640903267383,4.368798581825999e-91,2.953182122386429e-08,2.4255567660843104e-28,5.251832672658169e-08,5.248076434442843e-07,4.827798295289746e-05,1.3534817425697097e-34,0.14090389750346277,1.6048903820531217e-11,6.107229173713155e-30,7.246737106626439e-86,2.384956858544993e-09,7.43488161252393e-16,0.0011404277372326303,0.009301426103466433,4.486540736200951e-24,6.79868731528423e-06,2.3168943477006852e-38,7.54586536742187e-14,4.302920342754008e-10,5.6943969487642595e-12,1.0770941751400413e-19,1.9377698658338346e-53,8.342217583581229e-182,0.08773422149537283,0.0,0.5223647846732005,0.028515725358350914,0.20985432756595415,6.286313491163699e-72,1.2389582410269394e-275,1.365433057735677e-150,8.798960330958386e-41,8.961599404350659e-07,1.323690282651451e-33,3205,1.0372294768729504
4.7545174002003066e-114,7.493650292574146e-10,1.1319931790228213e-15,1.5097119281475557e-10,5.564282896239843e-44,5.61101230084233e-08,8.765047127196107e-25,6.889319978533824e-07,1.4692583022007586e-42,2.804515085635375e-08,5.549621291735625e-13,0.00045108311495371714,9.574507361920477e-12,1.1137451864284383e-08,2.6372728117635195e-18,7.114879712536e-30,4.3608903806371694e-52,8.027573063583693e-07,0.036846599473609576,2.9310716929303537e-05,3.3569987329600115e-12,1.6456577157545365e-07,9.665684034773997e-09,0.08823342082756581,7.195102752517181e-60,1.4210405091053352e-09,1.1224099350409768e-05,3.518126159990705e-193,0.6513148845119027,0.0,0.027602238819528276,1.8880011772766833e-13,0.026579115974820045,1.7246919430587197e-63,1.1946845865230087e-42,1.5306630750903744e-64,3.145589218479817e-96,0.16893035891280153,2.144434750148363e-46,51523,1.0372647437223312
7.2731904070416276e-09,9.506778885685944e-07,1.5573715242152354e-114,1.9037451115071762e-36,8.391063480750422e-39,3.929336744717163e-12,3.119220202533791e-64,1.9437147249921552e-07,0.0024930776823852262,1.0818687629385822e-07,5.969092537343825e-23,2.6082946701413285e-20,7.489842142540688e-19,5.0721958162410645e-11,4.86977980990711e-17,1.245841941924258e-12,3.683653168852838e-75,1.4704760250020981e-08,0.00028223157635949336,1.7413627705178083e-10,1.3463288435705878e-56,9.631300186818065e-10,6.854357821723303e-67,2.0088993875991005e-11,3.0090627391977304e-05,0.04626658842064139,4.1139851616542314e-24,3.731448055909866e-238,0.026514956860027996,8.050383256589018e-125,0.0013768175303888967,1.9000761998146087e-37,0.9168890926435121,2.269058259e-314,0.006145867927759865,5.70953944364422e-44,6.35713803770939e-57,1.155912012960714e-16,3.0409227092291566e-10,59549,1.0372673197395421
1.5265255644237372e-180,2.9677050497518074e-08,0.002770581853739202,0.07183759418760426,1.6094282583370702e-17,0.00844139780996984,3.5112576971591684e-06,3.5467529055941436e-09,5.893182765381764e-51,1.4649058147100241e-09,1.1566483171063888e-35,0.01678000787826408,0.005326435048585669,6.200757664135266e-15,8.573446753064856e-58,1.37147286386918e-20,1.0253709398851476e-06,1.326921624101489e-07,0.21571799113178175,1.1454687462104435e-34,1.8474312209459378e-71,0.08276699511889898,8.004145063409897e-51,2.377488419240185e-08,1.050933296793487e-06,1.4171256581052342e-24,2.010755401438847e-14,9.038532286413939e-20,0.053112085780396175,2.950548039923372e-215,0.0028190047357759805,1.3438589314705074e-17,0.2567100425367861,8.983064749048067e-165,7.887540293176923e-207,1.4840817941516466e-172,1.4636689109871025e-106,0.28371208520048197,7.311063783171671e-58,32450,1.037278333613175
2.2089189882972906e-281,1.5252982587401589e-43,9.856021903058625e-77,2.07618624737818e-21,1.6574956153022097e-09,1.6327654545456456e-24,5.022482571049074e-41,1.1066826090781123e-59,2.88353095982463e-07,0.5843397055634152,7.919327922233987e-25,0.023871009305763084,3.378414721127005e-05,0.0018306040125754001,8.380724088140028e-08,0.000314213907516517,1.4832752826397625e-58,9.373625521659872e-13,1.163018812587858e-10,1.694041396870876e-24,3.844577263214302e-32,1.1438505638792228e-51,4.537608182836783e-58,2.604128739851071e-11,1.7029266437306507e-53,0.000234499900978085,1.3687638838989847e-13,3.915332524044405e-75,0.19737085664152063,0.0,4.016084399366413e-06,1.358271919074551e-47,0.18826587162600697,1.4740989712224932e-120,1.9258300913320974e-131,3.155279728887192e-59,7.519878550690564e-18,0.003735064849363561,2.0868813646629035e-121,11930,1.037279764458332
4.123948525033711e-33,0.0004662072397680602,3.973527286273706e-12,4.4892046162961186e-23,2.2512575728221046e-40,0.0002824701311439363,2.454144093489042e-06,8.396261546885682e-37,1.1999472379798173e-73,0.19805763728192588,8.205192651077298e-42,6.6864545815125e-07,9.926773340911737e-09,9.777473163948529e-08,2.7772667400058965e-32,1.8275014853039972e-06,8.739196213635321e-08,3.4339337784671185e-12,5.039454696892414e-25,4.129189848324436e-14,4.7215060371480095e-94,7.715640909624714e-56,7.928706326178805e-45,9.939641878777743e-09,4.699521683837107e-87,1.171202638024083e-07,3.9860990878003635e-25,6.578049184330284e-19,0.2092230706048334,1.343639059020277e-122,0.03777025482789844,1.70277666393835e-14,0.5538805912780349,3.3227980560359057e-199,6.288791895388458e-185,8.3371793776986e-95,0.0,0.00031449618451981646,3.1059572442917406e-72,97975,1.0372802199809743
6.71989357737144e-36,3.8797773187614725e-23,2.4085090869354554e-59,0.17044355684079548,2.618958388377045e-41,0.009531526669231549,2.554847453480158e-64,1.1468450372315306e-11,3.4335953892300444e-64,1.2026688216264168e-07,7.8387719005172325e-28,0.6197176760590098,0.0010572207974516535,9.846616307273699e-07,8.654155775372698e-12,6.478741884791376e-19,2.40381510437313e-39,7.919647879105257e-12,0.0029665883841415415,3.2627942501841917e-31,1.6165444225932846e-192,3.3417665517158285e-18,6.2435580737132396e-49,0.06495305729398916,1.479563358699385e-23,5.411107768169146e-13,2.7098523816876417e-14,1.6888744775720211e-44,0.09250684742805691,3.920759119825409e-186,0.0006247997618093962,1.98530817970799e-24,0.03812117553308838,0.0,2.553329831207269e-101,6.326074742600906e-92,0.0,7.644627530276681e-05,7.153471177289344e-32,66706,1.0373046616172314
9.378251673639688e-19,1.0577069503105848e-16,7.298491104823815e-114,0.0027388011766223777,1.2921442563173514e-05,1.0421398979542861e-07,6.748358913975213e-49,4.162109773641068e-06,4.832275057752385e-22,7.679080045029559e-07,7.356656151440695e-20,9.038768094373342e-05,2.408136060733932e-14,9.669530856087024e-10,1.382552964492984e-19,0.39102121762057096,1.6892159700170814e-20,4.805613904295898e-13,5.3916591790777855e-12,0.0012616422282809448,8.820648463721264e-104,4.0281769124201937e-45,1.1869136166995381e-207,5.093781307182718e-17,9.064881222751731e-10,2.2650388488235493e-32,6.0651387304958225e-49,3.0690600205710665e-104,0.1471701410343698,0.0,4.793368906053047e-05,3.1598677548701233e-69,0.01832512328569481,8.891500427955039e-77,0.004554322786753799,3.7236604721232416e-184,0.015238276399208842,0.4195341702720521,2.6272773312531054e-08,8863,1.0373475850310947
5.689119766416347e-156,0.032338049581442166,8.224747341593112e-32,1.1232114478725817e-37,2.1332828827157206e-55,4.822455226230083e-11,2.0532882119193055e-17,1.115583154257243e-32,2.2839603879683451e-41,0.06386069253498314,5.62451270451151e-10,0.09425810731612473,0.023930893578147563,1.2303174973608965e-53,1.1968223130521365e-96,3.757640160529072e-57,1.7350405435463247e-07,8.49480866459907e-18,3.5442692314733084e-30,0.12234959712995454,1.607931458599163e-130,2.251364728416227e-09,1.3317608374327306e-17,2.5007737394712138e-05,1.8877271202557743e-10,0.13043827192086566,2.2094017638124067e-11,8.452677496325594e-35,0.14311024395929076,0.0,0.22429871963076833,3.190985969911816e-21,1.3520649037205531e-64,0.0,1.4740460034380599e-18,1.7360464104345813e-65,1.2537407678950943e-111,0.16539024003397515,9.162714952687059e-14,49405,1.0373617645882218
5.58244744774398e-97,0.00016862242600041902,8.586848587501719e-54,8.48538447855558e-11,1.6667689343952348e-11,0.0001632943662794174,2.4107879284985846e-15,5.976402756716751e-23,1.8833527149252747e-88,3.337397304693545e-08,5.232704699893606e-06,1.668980924131588e-27,5.052960187042034e-07,2.3813076795659057e-21,2.753972550674108e-26,9.358052749530232e-19,1.1948886485802801e-09,0.1959391503457355,2.144844298563967e-11,6.333377301359366e-103,2.657760947474619e-14,0.00019509549036765948,1.3868464213838272e-33,0.00021394230538852863,6.257546175658513e-13,1.068775277746796e-08,0.2566245235216834,1.0248508685900944e-251,0.46272136866679825,0.0,1.648446517639342e-07,0.00032644947813652856,0.06443454393365042,0.0,1.4346364830383186e-145,7.746429807512006e-91,3.494234817973321e-170,1.552950737830278e-07,0.019206905945276243,51832,1.0373994076916684
4.7952046255644054e-206,3.783387211692909e-07,7.592022723554627e-11,2.2110105574852024e-40,1.0217008088923175e-106,4.361463268826614e-07,3.4721759272899934e-44,1.148887485009225e-78,5.121148570231306e-20,2.4996678533679123e-25,0.011746789678255359,1.690520656623124e-05,0.00012935851486506618,1.2884845174549098e-23,0.0588980683540244,1.5991485525023424e-11,1.9780713585880263e-19,5.367384297353095e-09,1.4988858260698312e-12,8.447566770296945e-26,9.426689728285215e-131,1.767179322939543e-11,7.60254709422612e-125,2.4509915862107736e-09,5.061234442932403e-60,1.8599173791499527e-08,1.2463225462121841e-09,3.799747046119251e-26,0.029861292958510276,1.6317130329208493e-28,0.034768324255155754,0.08772014451827728,0.7462648760495206,4.944218845808419e-165,2.1709138418103023e-20,2.3347366609190372e-12,1.2829853614162743e-163,0.030593321568448347,7.663403916513703e-08,71738,1.0374529553124976
1.1068312770988442e-52,7.071044746217457e-11,2.592043645920038e-66,4.5609164727461855e-06,1.9091934192698e-61,1.6470141297232648e-11,3.683706759641164e-43,1.3545474710774897e-46,0.0036690398326647243,3.0163528977057475e-05,4.407980604799274e-22,0.010962025922551672,1.6803503235956534e-14,2.8258111241551534e-07,1.3374484272238336e-33,7.209616563949002e-07,3.029694833102398e-19,0.0857012517916875,0.001831751689360193,1.4214651617823484e-83,9.883137538412972e-143,2.375436558637455e-06,7.618916677168112e-52,4.448161705781233e-08,5.02057434182491e-29,1.2305541782136045e-06,5.4423436090262184e-15,2.938399436914076e-88,0.11617206174887856,0.0,0.01283155066625126,1.1473719672148751e-07,0.1478394225008786,0.0,1.7290119938363866e-187,1.8036645824215602e-12,0.0,0.6209534025609518,6.5796393805048725e-115,77877,1.0374583889712716
1.250936123459577e-66,4.5441688711607355e-15,3.2980878261777748e-15,1.4506796865643482e-42,2.543256149661111e-47,0.01136416377520599,6.263273322395207e-38,1.0453567793822923e-27,1.0208533451186734e-18,8.72651953272336e-06,7.734274157907144e-47,0.1771471644226509,0.37254943453460815,1.6985687660827396e-06,0.0119154020511981,0.017309214465824566,1.0814565394892141e-26,0.000879192054481662,2.5510667477691686e-17,1.333687898743833e-77,1.5038251433882816e-10,4.526764893057227e-31,0.0,1.092086130515879e-19,1.9144891625774894e-28,8.375394437769193e-08,0.20353962555761676,0.0,0.0759725836037691,8.347218269360631e-275,0.008350227458023253,3.306132589311172e-17,0.03506560138574594,0.0,6.196825958543413e-168,0.0,9.370167856581898e-76,0.0858968816982422,1.974799095475971e-77,84737,1.0375320469821518
8.982314066498393e-13,1.6405104246655168e-29,7.35323259482607e-29,7.758570068575991e-05,2.0799202097763438e-39,5.328293407689449e-22,1.5398881940361195e-20,1.6533492377315354e-14,0.008532335254349287,0.401966304936046,1.747594039410647e-24,5.329536211921923e-05,1.574884605941818e-07,1.6244780397258032e-09,6.070280995378412e-24,3.2866058903421117e-12,4.272661558276807e-07,5.199330583360605e-05,0.031721685353432214,4.670257755924412e-34,7.931566355423697e-09,0.0009805187572194253,1.7284414539366177e-175,1.9046027626896144e-14,4.363330677603432e-13,3.0040721642434027e-09,1.0641669338962438e-46,1.901157519370436e-108,0.09513070576302629,0.0,0.023614458776996503,0.002782605779019268,0.4350862978548798,0.0,3.1211946756527254e-168,1.8909066411480236e-183,1.879243554857755e-141,1.6158353770258876e-06,1.6261602955833745e-12,64941,1.0375916040600566
4.1996083066149527e-51,6.37505226024442e-16,5.552700837858992e-74,0.03412966920928712,1.451557163617722e-233,1.834015305944602e-39,0.07087913300351066,7.017504273494387e-29,1.2756908911658356e-12,1.252552781690889e-08,1.5340654135819273e-59,0.3089320268511623,6.347861219666736e-05,1.2693203678635924e-06,4.428481486519364e-208,2.0263709192061757e-31,4.1934989448976215e-62,4.0876721208700775e-08,2.582641042063117e-11,1.0454068325657333e-27,1.7442842378933084e-43,3.602717964592562e-06,5.654956776579157e-66,0.0022739682644496574,1.3948910591365837e-66,1.3489238094865176e-22,1.2186044128778632e-60,3.328353270710601e-199,0.1703108587117447,0.0,0.22918835041238922,0.0018820468071416726,0.18227973655444848,4.651363565102143e-130,2.753523113815755e-207,1.0165164204207126e-06,0.0,5.478958956499311e-05,1.4590996636798592e-132,55199,1.0376076337646556
1.615629268954237e-07,2.3030277170973384e-33,4.937820115642953e-38,0.5092586814055032,6.387915787280122e-21,1.9684713545711886e-15,7.40910713286449e-42,1.2490372612231466e-84,5.501659204285831e-154,0.05627712748358135,6.333731898906429e-19,2.040480544477635e-16,1.6235360770942928e-12,0.0003512575534145853,2.368442768827284e-72,8.485082907060768e-15,3.4651208927187777e-13,0.00015220436627198209,3.964007510228231e-08,3.788015813551625e-10,3.7099023822026376e-129,8.292852582776605e-06,6.184728652781496e-42,0.170828055871232,0.003291982241055403,3.6927128305703464e-27,2.140681057147781e-31,2.370604949053399e-15,0.09268088914027439,0.0,0.0002060246656595553,0.09175147258491625,0.0011980455577865923,0.0,0.0,4.1721142779499344e-107,5.317255086576783e-55,0.0739957646939352,4.733470248936579e-56,45192,1.0376307105132208
1.5547021052436925e-165,1.7547580082742704e-48,2.432038890950796e-42,0.00811040115948654,2.658089783563058e-17,1.2125330743603436e-06,1.220256713999597e-08,3.2343981536435086e-143,1.6991470790784545e-50,5.0131729550596516e-12,2.3205859331092518e-26,0.015346140347007904,4.338852954990014e-09,3.126783952283973e-26,5.494373165696603e-26,3.581414348782284e-13,5.441433266953176e-16,5.315633845873547e-56,5.544032234510637e-50,0.13950605040319589,1.901902177078099e-170,1.08696742129075e-69,2.515821702051067e-82,0.1723667450811812,2.436348380003557e-09,0.00013709231986205168,0.40962697918552576,2.474753024705966e-81,0.20761411729768087,0.0,0.04727664642478119,8.113834570011456e-20,1.4596263437413753e-05,0.0,0.0,1.371415264294584e-102,6.866325474427867e-23,1.626648488136263e-12,1.9467968812640937e-44,46946,1.0376386963203166
2.2193616720073354e-208,8.063364520333778e-18,6.479517649514804e-63,1.5575102357358852e-16,1.20650537721232e-174,0.00018069286409390777,2.3892176352599385e-34,1.3804085635632453e-22,2.530411940561873e-25,4.110801017298444e-09,1.9414044801834528e-10,0.0009317691347146491,9.611537895087065e-05,3.1990277499881307e-22,1.2927520010856401e-09,6.454449917971224e-07,6.475170106197983e-145,2.1625094869356794e-19,2.8266213662868315e-17,0.08132452232283117,3.283195773725015e-23,6.3273331928944336e-18,8.363730669481315e-10,4.6660496746054124e-09,5.0772304208246864e-83,1.5013564183044194e-46,1.2827192202712433e-20,0.0,0.03902666740118855,2.3329039428788896e-58,0.7112817284347059,0.03388369135868547,0.13319820305550856,9.121598494097924e-180,2.1974598122554895e-56,5.511000155192334e-22,2.149945001634596e-89,7.595350421256853e-05,4.6598242108346956e-79,96623,1.037656755711121
1.8715778738669277e-127,1.4107392315065796e-107,0.2738051285926172,0.05898494472261797,9.810083721318083e-18,0.011916318793861803,2.415970574625862e-44,1.3772180680916268e-43,9.295497877333848e-73,1.6262495523420742e-13,1.6079183076778998e-22,3.2219207676657523e-06,1.538660686389551e-35,8.968684885720422e-23,4.96449898996567e-41,2.0109645057855314e-08,1.530905142880666e-41,0.015327678150940363,2.5923205185631844e-06,0.010732730329569421,1.2822699960517662e-232,0.00041415620427298394,3.685238811574266e-11,0.1664317515495986,2.3574750955678134e-43,0.0005692337732612366,6.391463802091563e-25,9.487950657070398e-139,0.21622974812931292,0.0,0.14731793120927109,0.0007816706945305926,0.012567607884797929,3.0981774209091235e-194,3.1323470833231925e-47,5.029976413826423e-128,0.0,0.08491526557740163,8.2517940409038595e-106,39454,1.0376902801518249
5.552500641413056e-51,7.426304560082199e-26,5.113268008666789e-179,0.003705214672981911,2.0347714652072483e-70,0.0026195671839449554,0.00010765851541550187,1.309753159083303e-10,1.832802457372777e-54,2.939282870262211e-11,1.765576735861006e-17,1.4855864094465068e-05,0.01090834937878773,4.207955405829799e-19,0.015739135125120932,1.0363284046026282e-12,3.756696743733349e-13,0.0003225117147081561,0.011320256940693671,2.700838363129678e-23,1.6979448556299273e-90,3.233481274862416e-23,4.225836047818671e-104,5.587676115763248e-07,7.16240822123928e-05,5.203143672523758e-07,1.6583718680978916e-116,1.0602463806107711e-60,0.6768807806087129,8.409892882879129e-29,0.0002524685686856136,0.05740441048608584,0.22057319530077177,1.2207089494566469e-95,0.0,4.718166484537665e-92,6.171138237627635e-79,7.889231402522336e-05,4.992432021717149e-175,40887,1.0376915384425371
6.603219820154048e-20,6.971842487991202e-12,3.2184583850315696e-119,7.302506502585784e-57,6.083149422835627e-48,4.80420383757296e-13,1.5013329422462434e-30,4.970705138346989e-42,2.588837774760725e-18,3.146094231236016e-05,4.2391001790101994e-13,4.445095906800661e-06,8.746824957151613e-27,1.4310503510434017e-20,6.349558755569054e-09,1.4749611143196101e-08,4.795851119925261e-79,1.092908270423499e-25,7.110482139816128e-16,6.048728445514219e-39,5.236360954446707e-36,0.0008744920237547192,1.66418094337464e-24,5.2865358966270665e-05,2.4394298983725487e-14,3.7170547323486764e-20,2.1789542169927034e-05,3.12056954190777e-51,0.06666801452835555,0.0,1.951115776090471e-06,0.522702227162798,0.4096427326407043,4.821828720306771e-10,0.0,4.211542248567741e-102,5.014954870328266e-154,1.9558373358311745e-15,1.427712148022612e-56,16141,1.0377718438679868
1.1322168160740201e-125,6.020924132548642e-25,1.1542630719517166e-37,4.47215439312906e-06,0.00187416005952989,2.176697895662529e-19,1.8751314395072278e-35,3.383126163446234e-11,2.5052207294863175e-26,1.724296607354157e-14,7.730311803182938e-15,0.1063501650115074,2.4344010347164183e-23,1.1282470371790714e-10,8.192607222014786e-273,9.892316630392325e-15,8.668964587551003e-106,2.20630246234965e-09,1.036001681693096e-24,0.2466632226279376,1.3762011934675997e-11,0.0009620353221491437,1.25003233516923e-11,0.007744792754573504,1.2024717277052854e-59,3.100002463363315e-18,6.134338127377411e-31,2.631245262449939e-55,0.3244991565194798,1.7307823960908447e-81,0.007715577173245724,3.775098627995414e-05,0.3041486650116469,0.0,6.604409457260407e-79,2.1916379833218442e-35,1.82948507524697e-25,1.1722077784277793e-15,3.4720841240847995e-136,47777,1.0377983163267026
7.370478147563001e-259,1.4663059292150336e-06,1.440188898864864e-64,5.024146371169816e-31,2.332653569344631e-44,0.004264962596704778,0.006270554242968525,6.058963380065585e-53,1.9389247251896685e-98,0.6091499902563257,1.4098901189006053e-14,1.5352998085079778e-06,8.102026249469248e-21,8.323395608839438e-13,7.261867863088383e-83,2.7857210346330378e-22,8.427721733240661e-26,0.02411995820744953,1.7196843544466682e-10,1.3574910615697823e-06,4.097390692899075e-183,1.8663417312952297e-27,2.4078052616764344e-100,0.04178755952590168,9.91760550679644e-76,0.007008878256156603,1.2197487153395813e-34,9.425506039401989e-51,0.007643658331171063,0.0,7.441908123607179e-06,5.546472668861035e-06,0.26212337430184107,0.0,0.037534496243227175,1.9730235702448877e-84,3.219651570855066e-76,7.92203878471109e-05,4.750995138378313e-300,51478,1.0378020324104613
2.3193171953410937e-53,5.1851664043033276e-08,1.6804430396251298e-34,1.4805408468815517e-26,6.964192897475299e-45,4.39087132156578e-14,8.864719798136202e-53,0.024738207260951155,4.0961548618994796e-38,2.451761430377097e-07,8.360662418643012e-47,8.871651488579997e-05,1.7700713172376593e-06,9.142243932798108e-23,5.33373774194397e-06,3.0419926979396655e-08,3.3513718084221996e-22,1.5411793640996126e-10,1.6490577641972394e-06,2.156945097298624e-27,4.112404343178301e-30,0.0013975719207017425,7.598936671845019e-07,8.014202238969767e-37,2.7124013209482164e-52,0.16688873090645767,0.00013234762563551009,6.392975617741546e-24,0.09756552761397773,1.7241340384649196e-202,0.12108317827938456,0.20729956741726563,0.00010314330502507452,1.281547606672934e-266,6.720812280662408e-111,9.757897735797767e-118,3.31862831327274e-171,0.3806931687933288,1.4520542008099233e-37,85532,1.0378323339262012
