{
  "result": {
    "Baseline": 3.1595587730407715,
    "learning_rate=0.004": 3.1604554653167725,
    "train_batch_size=256": 3.1648709774017334
  },
  "name": {
    "Baseline": "sweep-300m-12B-nadamwd89df2lr0.008-wd0.1-minlr0-warmup2000-b10.9-07cb43",
    "learning_rate=0.004": "sweep-300m-12B-nadamw59ffb0lr0.004-wd0.1-minlr0-warmup2000-b10.9-f2e4bd",
    "train_batch_size=256": "sweep-300m-12B-nadamwf15cf6lr0.008-wd0.1-minlr0-warmup2000-b10.9-3065ca"
  },
  "num_left": 0,
  "best_config": {
    "beta1": 0.95,
    "beta2": 0.98,
    "epsilon": 1e-10,
    "learning_rate": 0.008,
    "max_grad_norm": 1,
    "min_lr_ratio": 0,
    "nesterov": true,
    "train_batch_size": 128,
    "warmup": 2000,
    "weight_decay": 0.1
  },
  "min_loss": 3.1595587730407715,
  "baseline": {
    "loss": 3.1595587730407715,
    "wandb_id": "sweep-300m-12B-nadamwd89df2lr0.008-wd0.1-minlr0-warmup2000-b10.9-07cb43"
  },
  "ablations": [
    {
      "param": "learning_rate",
      "value": 0.004,
      "loss": 3.1604554653167725,
      "wandb_id": "sweep-300m-12B-nadamw59ffb0lr0.004-wd0.1-minlr0-warmup2000-b10.9-f2e4bd"
    },
    {
      "param": "train_batch_size",
      "value": 256,
      "loss": 3.1648709774017334,
      "wandb_id": "sweep-300m-12B-nadamwf15cf6lr0.008-wd0.1-minlr0-warmup2000-b10.9-3065ca"
    }
  ]
}