{
  "result": {
    "Baseline": 3.29641056060791,
    "beta1=0.9": 3.297422409057617,
    "beta1=0.95": 3.2991342544555664,
    "beta1=0.98": 3.2985963821411133,
    "beta2=0.9": 3.3168253898620605,
    "beta2=0.95": 3.304990291595459,
    "decay=0.2": 3.33359956741333,
    "decay=0.4": 3.310148000717163,
    "decay=0.6": 3.3009727001190186,
    "decay=1.0": 3.2971744537353516,
    "epsilon=1e-25": 3.296967029571533,
    "epsilon=1e-20": 3.296255588531494,
    "epsilon=1e-10": 3.2966606616973877,
    "learning_rate=0.016": 3.306040048599243,
    "learning_rate=0.032": 3.346526861190796,
    "learning_rate=0.064": 3.4305078983306885,
    "learning_rate=0.128": 4.806643486022949,
    "max_grad_norm=0": 3.2958407402038574,
    "max_grad_norm=2.0": 3.2958407402038574,
    "momentum=0.8": 3.327340841293335,
    "momentum=0.9": 3.307486057281494,
    "momentum=0.98": 3.2946722507476807,
    "muon_epsilon=1e-25": 3.296346664428711,
    "muon_epsilon=1e-20": 3.296346664428711,
    "muon_epsilon=1e-15": 3.296346664428711,
    "muon_epsilon=1e-10": 3.296501636505127,
    "muon_to_adam_lr=0.1": 3.308778762817383,
    "muon_to_adam_lr=0.2": 3.299966335296631,
    "train_batch_size=256": 3.3078160285949707,
    "train_batch_size=512": 3.345719575881958,
    "train_batch_size=1024": 3.4204301834106445,
    "weight_decay=0": 3.351865768432617,
    "weight_decay=0.2": 3.3163015842437744
  },
  "name": {
    "Baseline": "sweep-130m-10B-muonz43402blr0.008-wd0.1-minlr0-warmup0-b10.8-b20-82a88f",
    "beta1=0.9": "sweep-130m-10B-muonzbb0111lr0.008-wd0.1-minlr0-warmup0-b10.9-b20-e90842",
    "beta1=0.95": "sweep-130m-10B-muonz5e66d9lr0.008-wd0.1-minlr0-warmup0-b10.95-b2-52e19f",
    "beta1=0.98": "sweep-130m-10B-muonz764f0blr0.008-wd0.1-minlr0-warmup0-b10.98-b2-60215f",
    "beta2=0.9": "sweep-130m-10B-muonzdd254blr0.008-wd0.1-minlr0-warmup0-b10.8-b20-13830a",
    "beta2=0.95": "sweep-130m-10B-muonza8c09blr0.008-wd0.1-minlr0-warmup0-b10.8-b20-9004a0",
    "decay=0.2": "sweep-130m-10B-muonz92cf4alr0.008-wd0.1-minlr0-warmup0-b10.8-b20-bdd74a",
    "decay=0.4": "sweep-130m-10B-muonz252576lr0.008-wd0.1-minlr0-warmup0-b10.8-b20-5f8e54",
    "decay=0.6": "sweep-130m-10B-muonzcbcf0elr0.008-wd0.1-minlr0-warmup0-b10.8-b20-b3af8f",
    "decay=1.0": "sweep-130m-10B-muonze94b59lr0.008-wd0.1-minlr0-warmup0-b10.8-b20-fee6f0",
    "epsilon=1e-25": "sweep-130m-10B-muonz9a14ablr0.008-wd0.1-minlr0-warmup0-b10.8-b20-219e6f",
    "epsilon=1e-20": "sweep-130m-10B-muonz32b0f9lr0.008-wd0.1-minlr0-warmup0-b10.8-b20-c69265",
    "epsilon=1e-10": "sweep-130m-10B-muonz0cc0c3lr0.008-wd0.1-minlr0-warmup0-b10.8-b20-afc344",
    "learning_rate=0.016": "sweep-130m-10B-muonz04e7d1lr0.016-wd0.1-minlr0-warmup0-b10.8-b20-0bfb9c",
    "learning_rate=0.032": "sweep-130m-10B-muonz305b82lr0.032-wd0.1-minlr0-warmup0-b10.8-b20-c13c8a",
    "learning_rate=0.064": "sweep-130m-10B-muonj4c9af2lr0.064-wd0.1-minlr0-warmup0-b10.8-b20-a5a6e2",
    "learning_rate=0.128": "sweep-130m-10B-muonzc9fa46lr0.128-wd0.1-minlr0-warmup0-b10.8-b20-d85c56",
    "max_grad_norm=0": "sweep-130m-10B-muonz9a2aablr0.008-wd0.1-minlr0-warmup0-b10.8-b20-abe5ba",
    "max_grad_norm=2.0": "sweep-130m-10B-muonzead85dlr0.008-wd0.1-minlr0-warmup0-b10.8-b20-1fe984",
    "momentum=0.8": "sweep-130m-10B-muonz05d5f6lr0.008-wd0.1-minlr0-warmup0-b10.8-b20-643f83",
    "momentum=0.9": "sweep-130m-10B-muonz7f2e92lr0.008-wd0.1-minlr0-warmup0-b10.8-b20-4ed3f2",
    "momentum=0.98": "sweep-130m-10B-muonzf7964alr0.008-wd0.1-minlr0-warmup0-b10.8-b20-a9a044",
    "muon_epsilon=1e-25": "sweep-130m-10B-muonzecb6c8lr0.008-wd0.1-minlr0-warmup0-b10.8-b20-bc0c88",
    "muon_epsilon=1e-20": "sweep-130m-10B-muonzf140a5lr0.008-wd0.1-minlr0-warmup0-b10.8-b20-21ccc0",
    "muon_epsilon=1e-15": "sweep-130m-10B-muonz9d74d8lr0.008-wd0.1-minlr0-warmup0-b10.8-b20-76b637",
    "muon_epsilon=1e-10": "sweep-130m-10B-muonzb8dbd0lr0.008-wd0.1-minlr0-warmup0-b10.8-b20-bf5bd6",
    "muon_to_adam_lr=0.1": "sweep-130m-10B-muonz2bd448lr0.008-wd0.1-minlr0-warmup0-b10.8-b20-9b764e",
    "muon_to_adam_lr=0.2": "sweep-130m-10B-muonz68f5fdlr0.008-wd0.1-minlr0-warmup0-b10.8-b20-1395fd",
    "train_batch_size=256": "sweep-130m-10B-muonz4d5315lr0.008-wd0.1-minlr0-warmup0-b10.8-b20-64c74e",
    "train_batch_size=512": "sweep-130m-10B-muonze4b457lr0.008-wd0.1-minlr0-warmup0-b10.8-b20-4b4ebe",
    "train_batch_size=1024": "sweep-130m-10B-muonz35bd41lr0.008-wd0.1-minlr0-warmup0-b10.8-b20-57a098",
    "weight_decay=0": "sweep-130m-10B-muonvbf1cfdlr0.008-wd0-minlr0-warmup0-b10.8-b20.9-ea634f",
    "weight_decay=0.2": "sweep-130m-10B-muonzf7d090lr0.008-wd0.2-minlr0-warmup0-b10.8-b20-05f51f"
  },
  "num_left": 0,
  "best_config": {
    "beta1": 0.8,
    "beta2": 0.98,
    "decay": 0.8,
    "epsilon": 1e-15,
    "learning_rate": 0.008,
    "lr_schedule": "linear",
    "max_grad_norm": 1,
    "min_lr_ratio": 0,
    "momentum": 0.95,
    "muon_epsilon": 1e-05,
    "muon_to_adam_lr": 0.3,
    "train_batch_size": 128,
    "warmup": 0,
    "weight_decay": 0.1
  },
  "min_loss": 3.2946722507476807,
  "approximate_best_config_list": [
    {
      "momentum": 0.95,
      "epsilon": 1e-15,
      "beta2": 0.98,
      "warmup": 0,
      "muon_epsilon": 1e-05,
      "learning_rate": 0.016,
      "max_grad_norm": 1,
      "train_batch_size": 128,
      "decay": 1,
      "muon_to_adam_lr": 0.3,
      "beta1": 0.8,
      "weight_decay": 0.1
    },
    {
      "momentum": 0.95,
      "epsilon": 1e-15,
      "beta2": 0.98,
      "warmup": 0,
      "muon_epsilon": 1e-05,
      "learning_rate": 0.008,
      "max_grad_norm": 1,
      "train_batch_size": 128,
      "decay": 0.8,
      "muon_to_adam_lr": 0.3,
      "beta1": 0.8,
      "weight_decay": 0.1
    },
    {
      "momentum": 0.95,
      "epsilon": 1e-15,
      "beta2": 0.98,
      "warmup": 0,
      "muon_epsilon": 1e-05,
      "learning_rate": 0.008,
      "max_grad_norm": 2,
      "train_batch_size": 128,
      "decay": 0.8,
      "muon_to_adam_lr": 0.3,
      "beta1": 0.8,
      "weight_decay": 0.1
    },
    {
      "momentum": 0.95,
      "epsilon": 9.999999999999999e-26,
      "beta2": 0.98,
      "warmup": 0,
      "muon_epsilon": 1e-05,
      "learning_rate": 0.008,
      "max_grad_norm": 1,
      "train_batch_size": 128,
      "decay": 0.8,
      "muon_to_adam_lr": 0.3,
      "beta1": 0.8,
      "weight_decay": 0.1
    },
    {
      "momentum": 0.95,
      "epsilon": 1e-10,
      "beta2": 0.98,
      "warmup": 0,
      "muon_epsilon": 1e-05,
      "learning_rate": 0.008,
      "max_grad_norm": 1,
      "train_batch_size": 128,
      "decay": 0.8,
      "muon_to_adam_lr": 0.3,
      "beta1": 0.8,
      "weight_decay": 0.1
    },
    {
      "momentum": 0.95,
      "epsilon": 1e-15,
      "beta2": 0.98,
      "warmup": 0,
      "muon_epsilon": 1e-05,
      "learning_rate": 0.008,
      "max_grad_norm": 1,
      "train_batch_size": 128,
      "decay": 0.8,
      "muon_to_adam_lr": 0.3,
      "beta1": 0.9,
      "weight_decay": 0.1
    },
    {
      "momentum": 0.95,
      "epsilon": 1e-15,
      "beta2": 0.98,
      "warmup": 0,
      "muon_epsilon": 1e-10,
      "learning_rate": 0.008,
      "max_grad_norm": 1,
      "train_batch_size": 128,
      "decay": 0.8,
      "muon_to_adam_lr": 0.3,
      "beta1": 0.8,
      "weight_decay": 0.1
    },
    {
      "momentum": 0.98,
      "epsilon": 1e-15,
      "beta2": 0.98,
      "warmup": 0,
      "muon_epsilon": 1e-05,
      "learning_rate": 0.008,
      "max_grad_norm": 1,
      "train_batch_size": 128,
      "decay": 0.8,
      "muon_to_adam_lr": 0.3,
      "beta1": 0.8,
      "weight_decay": 0.1
    },
    {
      "momentum": 0.95,
      "epsilon": 1e-15,
      "beta2": 0.98,
      "warmup": 0,
      "muon_epsilon": 1e-05,
      "learning_rate": 0.008,
      "max_grad_norm": 1,
      "train_batch_size": 128,
      "decay": 1,
      "muon_to_adam_lr": 0.3,
      "beta1": 0.8,
      "weight_decay": 0.1
    },
    {
      "momentum": 0.95,
      "epsilon": 1e-15,
      "beta2": 0.98,
      "warmup": 0,